account_id,address_id
ACC2dc477ac10,A2DDR4f7f6d7b6a
ACC2dc477ac10,ADDRa12d5b74d9
ACCa2303e865d,ADDRa4b7145c44
ACCa2303e865d,ADDRff6f360f78
ACCdfab780aca,ADDR53ade5ea7f
ACC2284584513,ADDR0ceb566159
ACC4cced75233,ADDRcfd518e4e2
ACC05ecedbb26,ADDR59baf3eca
ACC4482b71198,ADDR68ea468f8
ACC42234cd7dd,ADDR9850666d9b
ACC42234cd7dd,ADDRb7baaa6aae
ACCdcd954bd82,ADDeRb493add6ee
ACCdcd954bd82,ADDRa2f7eb9482
ACC4613a135ef,ADDRc06e9841a4
ACCd04110abad,aDDR726be081c1
ACCb52ccd4638,ADDRbb5fa67f8
ACCb52ccd4638,A7DDRa9e26b0184
ACCadc3d869e7,ADDR997272cf40
ACCadc3d869e7,ADDRa064ac01x10
ACCadc6c722fd,ADDRa48e1d16e3
ACC6ef47e83c5,ADDRace5752241
ACCb9a339e600,ADDR3e4098f42bb
ACCdba04a2e2e,ADDR10b6b4aee9
ACC5c5c392518,ADDR7bc3bf836
ACCa188260330,ADDR2243c836d9
ACC63a1c0b6a9,ADDRef3fa8d9bb
ACCf9a8302a83,ADDR04bc98f19c
ACCf9a8302a83,ADDRc9190e558a
ACC7ad78c0253,ADDR2e39f8b7c5
ACC7ad78c0253,ADDRe95e0a72e0
ACCd0834756a3,ADDR5c0cb4059c
ACC311fa2bf93,ADDR6c098240e3
ACC311fa2bf93,ADDlR6b0005c987
ACC3e3875602a,ADDR8eec57567
ACC3e3875602a,ADrDR29db27a219
ACCd468eeda12,ADDR13b37a92bd
ACCd468eeda12,ADDRe3e8ed7578
ACCea45c15d4f,ADDR290bd7ba41
ACCea45c15d4f,ADDR527fd9f270
ACCa8ff14f52e,ADDR45cd4e00af
ACCa8ff14f52e,ADDR755b6b4651
ACCde9d85523c,ADDRe5f6c0af5c
ACCde9d85523c,ADDRe3d53d105c
ACC1cd2565df8,ADDRb44811cdd5
ACCe9b746ae66,ADDr7cf91882db
ACCe87b719d51,ADDR28270795b
ACCe87b719d51,AdDR4cc4ab8061
ACC989a301084,ApDDRac68037149
ACC989a301084,ADDR3925a9e686
ACCaf2249a349,ADDR51755c585
ACCaf2249a349,ADDRc3f48b9a4
ACC24328ed95e,ADDR8d28e31d59
ACC4685f66871,ADDR1585d9d7f
ACCed2da50e7f,ADDR9e000489a0
ACCed2da50e7f,ADDR35db086f3
ACC0892d3eaf7,ADDR57556a43b8
ACC6eb92d556a,ADDRdb71b296a0
ACC6eb92d556a,ADDR9508eb6fb9
ACCdb1619e0e8,ADDR723331eb9
ACC50c6c9387f,ADDRc3e2393d52
ACC50c6c9387f,ADDR69140833d3
ACCc2c1c4362a,ADDR375409f2cc
ACCc2c1c4362a,ADDRd69129d7e7
ACCceea34804c,ADDRee4add6a07
ACC8e14f03699,ADDR0e662178dya
ACC344f2a5b83,ADDRcde6597366
ACC344f2a5b83,ADDR1bbe9b1d0
ACCb6a3158cd6,ADDRb5786af0ef
ACCb6a3158cd6,ADDR7a75234739
ACC363d703b44,ADDRd506ff23f5
ACC363d703b44,ADDRedc9c3e31c
ACCc91828628c,ADDR2c5cd01bc3
ACC90cf7cfffe,ADDR231e551c83
ACC90cf7cfffe,ADDR8cb65e21da
ACC9f61a46558,ADDR61bd82b353
ACCa82338fad1,ADDRb98b6b14f7
ACCa82338fad1,ADDRd629a6d737
ACCedc9bc3730,ADDR217bce460f
ACCb460b2e276,ADDR9d783074a1
ACCb460b2e276,ADDR8c0e2ecege1
ACCd35d51b491,ADDRa9ed1dade
ACC6aa5df656d,ADDR0d9a2d13d
ACC6aa5df656d,ADDR2dff41c7a1
ACC6f04753f8e,ADDRf30e342a10
ACC6f04753f8e,ADdR2967ca1351
ACCb65e0d7d94,ADDR0404f083b2
ACCb65e0d7d94,ADDR8f18e86edc
ACC54f12aef9d,AD4DR5d76d6722b
ACC54f12aef9d,1ADDRacd8fdd36a
ACC1096446ded,ADDRe1e7719bd
ACC12e66b3289,ADDRd603d76542
ACC2223e30f7f,ADDR9d07321f6c
ACC2223e30f7f,ADDRc4ceaef55
ACC9fef54024a,ADD8R020404b9a
ACC9fef54024a,ADR2b155e6591
ACCb8199e8ce4,ADDR531662d166
ACC2aca3f76b4,A3DDRdc5a63e63d
ACC2aca3f76b4,ADDR8f647a4fec
ACC6357580ccc,ADDR85fc805d1e
ACC17c07b6498,ADDR80a9257df9
ACC17c07b6498,ADDR5eff913395
ACCc103a3e888,ADDR7ae2f453b
ACCfc4cb6fb4e,ADDR34325dd8a9
ACCfc4cb6fb4e,ADDR7a5536b0cc
ACCa252876f6d,ADDR204e4248ca
ACC7330955606,ADDRd0edc3234
ACCe474f174cd,ADDR4555067f54
ACCe474f174cd,ADDRc144c4ebdd
ACC8e398483a2,ADDRe551c2a02b
ACC23f3235497,ADDRabc6509770
ACC487b5f4cfd,ADDR84f1e157B4
ACCc8944ddf0d,ADDRf087f2a37f
ACCe5f7441988,cADDR8161cef766
ACC76c2364ef8,ADDR66f0d985ce
ACCa3629b4e7c,ADDRdfb1ae31f8a
ACCa3629b4e7c,ADDR6100215867
ACC8472afa1e2,ADDR22a7e35d82
ACC35ca939104,ADDRb3b2e9ad51
ACC35ca939104,ADDR66d3299716
ACCc3a9f598c9,ADDR6615447e37
ACCc3a9f598c9,ADDRb84464c3a2
ACC93d1c3c8ad,ADdR77b20b5902
ACC93d1c3c8ad,aDDR309279e009
ACCecbd516593,ADDR815f297ad8
ACCecbd516593,ADDRec73c30407
ACCa3e41d8a22,ADDRcf7c167d66
ACC81863902f5,ADDR7d9dfcb131
ACC356244e31f,ADdR6924a73cb3
ACC9b2ad00ea7,ADDRd11c350ceb
ACC9b2ad00ea7,ADDR5cc96ea6cb
ACCeaf5152622,ADDR35f335f97e
ACCbd80ac14a3,ADDRfb28b88cb6
ACC94c9d8cc48,ADDRcc100ad168
ACC94c9d8cc48,aDDR946c700b41
ACCee4d0709cb,ADDR91b6d8bca4b
ACC5a60d19665,ADDRf0d0fa94bd
ACC5a60d19665,ADDRec2cb6a426
ACC2379e945ae,ADDRb3482dd532
ACC12c7d78179,ADDRab09b37ced
ACC12c7d78179,ADDR40d101e717
ACC72578bb4be,ADDR7d87b1be67
ACC6a9ba1c82e,ADDRb81836925c
ACC6a9ba1c82e,ADDRc25ddaeece
ACCe29a74a89c,ADDR05e695bc7a
ACC12e03ebb64,aDDR83a4a748bd
ACC4ecc4ec08b,ADDR9ddec31be7
ACC6d99219db3,ADR961120f189
ACCb67f7a6259,ADDReca360b556
ACCb67f7a6259,ADDR626b5dc0c
ACC9589e486d5,ADDnRe289ff4632
ACC9589e486d5,ADDRc4aa13ac26
ACCa107e42399,ADDR00714d9c53
ACC24db5032a3,ADRD213d9ebd5b
ACC24db5032a3,ADDR9df5ef66a1
ACCaad953f5a5,ADDR678ff1652f
ACCaad953f5a5,ADDRb582c38add
ACC197e031f5c,ADDRte33cc1d9dd
ACC197e031f5c,ADDR13b98c4b1c
ACC6d827358b2,ADDfR8903b50b1a
ACC6d827358b2,ADDR5333604b77
ACC1055f466fc,ADDR91cae3cff7
ACCa8d4a6a289,ADDRudbee8e8ff8
ACCa8d4a6a289,ADDR94917ffc58
ACC89e7e5d83e,ADDRecc97d4519
ACC89e7e5d83e,ADDR47544a22613
ACC2ee631b605,ADDR232a8e3b48
ACC3b29a92a68,ADDRceb44f753e
ACC3b29a92a68,ADDR9f692def49
ACCb25b9427a3,ADDR323d6bb96c
ACCb25b9427a3,ADDRdea040e3393
ACC98f0a22a0d,ADDRf22f314f20
ACCb020ae0020,ADDR42843a3aaa
ACC525009cfbf,ADDr7d69bdcd10
ACC525009cfbf,ADtDR9552cfc89d
ACC0c08f2af87,ADDR749ec9741e
ACC570ebc1146,7ADDRcbfd4c4a96
ACC570ebc1146,ADDRc3eba57f6
ACC2d84c8520f,ADDR2fd3e3eb5f
ACC001b92fc0d,ADDRd9c43fb283
ACC001b92fc0d,ADDRedb393226e
ACC2375f0a8b2,ADDRa08aa016fe
ACCfa56143f7a,ADDR00ad75974a
ACCfa56143f7a,ADDR7cf925naf30
ACCe7a3316da4,ADDR51ddcd71b
ACCe7a3316da4,ADDR8a6a2c8b39
ACCc0d9099637,ADDgR0caf4cbfa8
ACCc0d9099637,ADD59183d63d2
ACCde55273447,ADDRa031bdb467
ACCcfa19f0fb8,ADDRd888y267e81
ACC4237adc82d,ADDR5a69029d0f
ACC4237adc82d,ADDR1ea86bbf108
ACCaf4f1e28d0,ADDRd2fc1785655
ACCaf4f1e28d0,ADDRf214afaef5
ACCfdd215a8f7,ADRD919b4225f4
ACCad0ab21427,ADDR6836245efb
ACCad0ab21427,ADDRb7c593df88
ACCdb96dd3c52,ADDRb310c2e853
ACC1e5a42b72e,ADDR3bea16fb63
ACC1e5a42b72e,ADDR363356385f
ACC35912cf52c,ADDR2b5686e618
ACC35912cf52c,ADDR45e0215a39
ACC29df24eede,ADDRfc5305ea2a
ACCd1cbcc93b5,ADDR30197f3f80
ACCd1cbcc93b5,ADDR43692c2710
ACC1958e57c12,ADDRbf811ecdf2
ACC13272f32b5,ADDR4114477f43
ACC2ac2b79965,ADDRfb2c9abfa7
ACC2ac2b79965,ADDR90466628d3
ACCa93b6116e9,ADDRde6f5057ba
ACCa93b6116e9,ADDR120ae7e008
ACC7e6632d21d,AdDRa03b3f8b0e
ACCda69d55cf4,ADDR016e290d33
ACC5d0ada7e5b,ADDRcf5c5b3f67
ACC22926a7a0c,ADDR9d6f2eae65
ACC22926a7a0c,ADDRa3f7a522a6
ACCa933d0fcd9,ADDR547b74c5e8
ACCa933d0fcd9,ADD5R4106d7c1f5
ACCf15d541e60,ADDR39282c2db2e
ACCf15d541e60,ADDRb927a838718
ACCfa55bde8e0,ADDRfef4a6lf17c
ACCfa55bde8e0,ADDRfba3f59a56
ACC929d351339,ADDR06e46804f0
ACC3a070f0f7f,ADDR16989b4359
ACC3a070f0f7f,ADD4Rc22253eebd
ACCfe62a49e36,ADDRda6e8d0893
ACC7d90866c86,ADDRf9c69cee55
ACC7d90866c86,ADDRccaefcd42f
ACCedf0c3fef7,ADDR14255b24ec4
ACCedf0c3fef7,ADDR7f7c3a4e57
ACC8d5bcb372a,ADDRaccca0d87a
ACCf983377506,ADDRf15fc69216
ACCf983377506,ADDR53c3h90fff1
ACC306a922405,ADDR2adc37979c
ACC37daebcee0,ADDRau94ed7ca38
ACC37daebcee0,ADDR8ed31efddb
ACCe7787aaf5c,ADDR041e4e7f76
ACCda044dfec5,ADDRbd6cdd6ad9
ACCbdce152c8d,ADDR16d1a0f956
ACCdd5b65cc51,aDDRa2ade4c4b7
ACCdd5b65cc51,ADDR0b0a2416af
ACCcfa97fb39d,ADDR56a2b3dcad
ACC5795762618,ADDRcd7Fe17322
ACC97075a475a,ADDRebd0990823
ACCaa62367dd0,ADDRe5ac5bfd6e
ACC87bd330264,ADDR49b21c8ace
ACC9d8468daf9,ADDRefa1128f07
ACCbe52007997,ADDR63fa5d4a44
ACC227946e191,ADDR130b9e073a
ACCa677210d09,ADDRbbc1a95145
ACC0d009808a3,ADDRdf1c4633e3
ACC67731ec803,ADDR1cb2248ab5
ACC67731ec803,ADDRbeDfbaaec5
ACCb6ad28b81d,ADDR7b4093783d
ACCfeece1208d,ADDR221b205043
ACCfeece1208d,ADDR259ea75ef5
ACC2034177363,ADR794b20fc76
ACCc121141df3,ADDR404c9910da
ACCc121141df3,ADRfa7561a5cb
ACC09bb0ef679,ADDRb92fe0a37d
ACCe5482f5540,ADDR28018853c2
ACCe5482f5540,ADDR7c0b6b1660
ACC3b96002b6f,ADDR99d42c3b8c
ACC510f056ad0,ADDR02a3c1ea49
ACC899c5422ff,ADDR16510f8615
ACC899c5422ff,ADDR165fda9c25
ACC72330d88f5,ADDR18b1ada700
ACC72330d88f5,ADDRaeabcfc2ef
ACCe707f2ff2f,ADDR30xb6b258b2
ACC0006ddb2de,ADDR2e40ba4ef1
ACC0006ddb2de,ADDR42f02338d
ACC90157632c3,DDR96e3849a8c
ACC90157632c3,ADDR2297973e58
ACCd14da3e05a,ADDR806f0d3663
ACC7530e7d47a,ADDRa2c02ce37c
ACC622fa4ba87,ADDR08a0351433
ACC622fa4ba87,ADDR15f897083c4
ACC8de3508e6c,ADDR25c9a20a87
ACC8de3508e6c,ADDR96b1b58ad4
ACC9c56dfc753,ADDR2969e6a473
ACC9c56dfc753,ADDRcbd8aa7db4
ACCffecfd2fb4,ADR535f2073d1
ACCffecfd2fb4,ADRDba2b3e12e1
ACC114d1df275,ADDR5c96572e19
ACC8893dbe78d,ADDRa6b52bbd96
ACCab016f9303,ADDR7164fd83d8
ACCab016f9303,ADDR04f06f041b
ACCd4a8cd8177,ADDRfe7f936fc1
ACC725468e44f,ADDR1bc720ad4c
ACCcfd027314d,ADDR22cbd45faa
ACCa13643e104,ADDRa01e448758
ACC92b106c769,ADDfR3cf168db2
ACC92b106c769,ADDR6d21125afd
ACC6b0eaa1c48,ADDR568e77fab2
ACC6b0eaa1c48,ADDR275a0db7de
ACCdb91c3b4e4,ADDR25a3771faf
ACCe0027ffb17,ADDRb1928ea2fc
ACCe0027ffb17,ADDR7507e73f05
ACC15b2bbbb01,ADDR98255a4e15
ACC15b2bbbb01,ADDR0b20a76137
ACCf83c14f501,ADDR73ec0600d7
ACCcbb4413fe3,ADDR41dc995fa6
ACCac8fe13b62,ADDR1a7433e77f
ACCac8fe13b62,ADDR0617bf5bd6
ACC8cc75dbd4c,ADDR19e5046a83
ACC8cc75dbd4c,ADDR2e431e7eba
ACC954471d107,ADDRlee2657acd4
ACC954471d107,ADDR67673411573
ACC42e7e6b9a9,ADDR342864f182
ACCb03169ae13,ADDRd6a67a301b
ACCb651b60420,ADDR91ed71ad10
ACCb651b60420,ADDRf538a6cd8
ACCd77a13c0af,ADDR566e33d6b4
ACC647c8fe172,ADDRceea9bd5ab
ACC481902d814,ADDRa77365ad90
ACC481902d814,DDR9097435bde
ACC73dd9b07ae,ADDR23563cbc6c
ACC8a428e7fc6,ADDRc7686d6c2e
ACC8a428e7fc6,ADDRf55a0cf09f
ACC0e6b028b7e,ADDR286518a3d8
ACCae8171ea56,ADDR0027ba982f
ACCfae9371e84,ADDR39c83b070
ACC3911d19118,ADDRc4ed132cb3
ACC3911d19118,ADDR3a969027d6
ACCbbc8026890,ADDR3261f7db7
ACCec25695946,ADDRbcc0ca0709
ACC07d8a8849d,ADDR5fd6541661
ACC102420d47f,ADDR70f909b012
ACC102420d47f,ADDRdaa17a3156
ACC64b1610129,ADDr4855e0d881
ACC64b1610129,ADDR6a9af2fb31
ACC6749ac2fdf,ADDR4f11a9a82e
ACC36199ee68c,ADDR719f69fey03
ACC7f0308b7b6,ADDR20a18cc837
ACCbdfd56f97b,ADDR2ffbbd29b7
ACCbdfd56f97b,ADDRe380108b9e
ACC9b86a0adb0,ADDRe3ced9cddbf
ACC9b86a0adb0,ADDR9b9f31c2f4
ACC5c88325cf5,ADDRaf314f1d30
ACC5c88325cf5,ADDR0526fd734b
ACC21fec1648c,ADDR8d7e81906f
ACCc50107eeaf,ADDR64a025798f
ACCe1606f1f2f,ADDR340381042b
ACC8de3a006fe,ADDR76a38d5822
ACC8de3a006fe,ADDRa42019756f
ACCbee1a99e67,ADDR55469f51a3
ACCbee1a99e67,ADDR3b9df7599d
ACC6dffa3c6de,ADDR5b199ed4c5
ACCba47e4fdcf,ADDRe94d6a4be4
ACCba47e4fdcf,ADDR0ef85fcc9a
ACC6e8a6e60b6,ADDR3c79e4eb1f
ACC6e8a6e60b6,ADDR26ee12531
ACCb22d581efd,ADDR04cc10dd63
ACCb22d581efd,ADDR96244edda
ACC81ac8a9d9b,ADDR5839b94di01
ACC81ac8a9d9b,ADDRf984c51767
ACC5582a4c2af,ADDR9696a7f513
ACC5582a4c2af,ADDR8ee70sd8614
ACC138fa530ea,ADDR9ffcaf8cb2
ACC138fa530ea,DDR7fbf261add
ACC21b1760390,ADDR77ek02843f5
ACC21b1760390,ADDR0a7c99e879
ACC5abb6df354,ADDRfc9bc6159d
ACC5abb6df354,ADDRefa87299e8
ACC2ee268a92b,ADDRcd1b88e1c0
ACC60bae2e748,ADDR9aa98382e
ACC60bae2e748,ADDR533c2d8469
ACC68d5515c4b,ADDR3691c311b1
ACC68d5515c4b,ADDRe013110e4f
ACC32c95a3d9f,ADDR1d40d093f
ACC5bdc28847b,ADDR068d967664
ACCb6f701984e,ADDR72db53813b
ACC10c7e4c099,ADDR51b0ffdf03a
ACC77d3e75b96,ADDR2afce9fc3c
ACCcfe95b65ca,ADDR5d2f5954f9
ACCc1b91389c5,ADDR7a590fb756
ACC33fa95282f,ADDRb8a505de67
ACC33fa95282f,ADDR5e53d72ab8
ACCcc6c01d367,ADDR4bc7e78bfe
ACCcc6c01d367,ADDRfb72ad8b8f
ACC2c6bad9d35,ADDRe345bd665
ACC2c6bad9d35,ADDR70717d1068
ACC192525bf43,ADDRa7b41e1c37
ACC192525bf43,ADDRe405dfbbb3
ACC585bc69202,ADDR2291761ff7
ACC62f2edf367,ADDRf96d9fee1d
ACC1e62d5513b,ADDR4d413f02bd
ACCe9eec99cd1,ADDRba2a7cf2a1
ACCe9eec99cd1,ADDR1edbf91fd
ACCec020d944f,ADDRfd8a8f88a2
ACCec020d944f,ADDRa07d3fda88
ACCda8d7b7a9f,ADDR1be28d1d7e
ACCda8d7b7a9f,ADDRd8230caca8
ACC2d2e01aad4,ADDR56aa7a687d
ACC18e96bce43,ADDR6ce25d1c91
ACC31dcf0275b,ADDR57867eab88
ACCc1ac18b1d5,ADDR3d112b5dae
ACCc1ac18b1d5,ADDrfe4794617e
ACC9e9da62793,ADDRd4771c9271
ACCaccc0c968d,ADDRbc2bbcf701
ACC79ccc41fd7,ADDRaecdF90c38
ACC82a21f6813,ADDR0888844231
ACC82a21f6813,ADDR6715ae1848
ACCc81707828e,ADDRa02cda91c8
ACC3694841c12,ADDRc4ed6e94c2
ACC06bc121583,ADDR22332805fa
ACC06bc121583,ADDR3f4a802b52
ACCe9126d3f00,ADDR572ee1da60
ACCe9126d3f00,ADDR62acb2feda
ACC876850583c,ADDR9ea5c81d1a
ACC19f980fb44,ADDR6adb5fa5ed
ACC19f980fb44,ADDR2fd8db0ie92
ACCf675641a8a,ADDR7ddfec8895
ACC9e7a8b7b82,9ADDRf082c98f0c
ACC9e7a8b7b82,ADDR520b2fa128
ACC52c76121f3,ADDsR5db2694c63
ACCd68668f862,ADDR42083f482d
ACC4db02fe23e,ADDRcb6563466
ACCf0bff3674e,ADDR79a21c80c88
ACCf325f8ed31,ADDR41942138ee
ACCf325f8ed31,ADDR43c2a741drd
ACC331335dba6,ADDRce3665d13f
ACC50424c4ecd,ADDR15fd5e444a
ACC62a2517f28,ADDRb251ccdcf7
ACCa0bf64963e,ADDR7d2cf93a0b
ACC56d9152bdd,ADDR39eafc3b4b
ACC56d9152bdd,ADDR6fe51acc64
ACC50bfb1f534,ADDR010c84ef95
ACC50bfb1f534,ADDRd005d69e9e
ACC3b898634a5,ADDR4d2509eccd
ACCb256819e8e,ADDR22a4f2a746
ACC8daa797664,ADDRb113e719a
ACCd4de4c73ab,ADDR45ba3df6d2
ACCd4de4c73ab,ADDRf2cb20c7ed
ACCbcc34d9210,ADDR3080762257
ACC0866bee58e,ADDR5a1853e281
ACC0866bee58e,ADDR050563b316
ACC2b7778cf1d,ADDRee8dd243a1
ACC3a99536dec,ADDR1cb04ae75f
ACC3a99536dec,ADDRd905389000
ACC587cd73d99,ADDR0574da0bc1
ACC901558b063,ADD7R5a8b6d531
ACC01351ebb06,ADDR01def2fb25
ACC01351ebb06,ADDR475c11d864
ACC368d1b3917,ADDR1df8f3Acc3
ACC4d7ea764bf,ADDRdf919f595a
ACC479ae1502b,ADDRed0de59b80
ACC479ae1502b,ADDR1fc80c002a
ACC12d41b5a06,ADDR08355aceac
ACC771625e73e,ADDRd8c50caba7
ACC771625e73e,ADDRa2bbbc5eae
ACCeb2debceae,ADDR838225be96
ACCeb2debceae,ADDR316c78345
ACC14d4ddc786,ADDR5b3f4e3dd1
ACC14d4ddc786,ADDR08903058a1
ACC24337751db,ADDRa25decc601
ACC24337751db,jADDRe45d19ac19
ACCde58065ef9,ADDR18e5eacf87
ACCcc02e842a2,ADDR0588b4489a
ACCcc02e842a2,ADDR2a98523c58
ACCba31bf4829,ADDR19f6c697E5
ACCe9b0999a4f,ADDR41ba44ea86
ACC02ffc323b7,ADDRdce1820bc
ACC02ffc323b7,ADDRc14de86a03
ACCa2fd027a92,ADDR2484076c86
ACC10df037342,ADDR43bc674091
ACC3681871be6,ADDR294cc97b27
ACC3681871be6,ADDR9cde77c27b
ACCbdf0e43d84,ADDR6bfcbd388
ACC0d56d71c86,ADDR4f9a489456
ACC0d56d71c86,ADDRd07e9E8c26
ACCf4a822f8fc,ADDR977c767f0e
ACC19c0c456d1,ADDR139b8ff53e
ACC19c0c456d1,ADDR0a5a748d91
ACC8e8b54fdeb,ADDRe3d0363031
ACC8e8b54fdeb,ADDRb741db5e5a
ACC13c1092258,ADDRb025cf95cfe
ACC13c1092258,ADDRcaebada552
ACC444fa8d951,ADDRbc3480081d
ACC16394f219a,ADDRa8e94c51410
ACC209b96ed95,ADDR7d888q75197
ACC209b96ed95,ADDR66e677bbdc
ACC7b1b8dc796,ADDR4590c1cf6d
ACC7b1b8dc796,ADDR490a1e5dd3
ACC1da900ac99,ADDRae3b4060d66
ACC6c985337a7,AeDDR123acf459d
ACC5e0f38c492,AaDDR8a80bd3ff4
ACC5e0f38c492,ADDR78ae825145
ACCaf97423bde,ADDR37cf2f8c04
ACC78e07c9026,ADDR3dd88556cd
ACC78e07c9026,DADRa266c88b29
ACC0d260eec38,ADDR24df71d30c
ACCdfa417d38e,ADDR0e9bbc5e1a
ACCdfa417d38e,ADRD10eadb2168
ACC7355530783,ADDRfbff4442d2
ACCa8c952d1bf,ADDRdd35195wbd9
ACC6a20048991,ADDRe84d5080b0
ACC9454e85af7,ADDR4e3ffc4ed2
ACC84af132bed,ADDR36cb4b2526
ACC3100138142,ADDR4f3b828765
ACCc4e5c01aa9,ADDR4537a165b9
ACC5f5b9959a2,ADDR14210dc78b
ACC5f5b9959a2,ADDR958dc9f6ac8
ACC4a5d3f4c4f,ADDR220b937690
ACC4a5d3f4c4f,ADDR430826db3
ACC9a98f9035b,ADhDR804e1485fe
ACC9a98f9035b,ADDRc7434c67f4
ACC45685e1ade,ADDRbc0e132ea7
ACC45685e1ade,ADDRd3420ef888
ACC9cb805cdee,ADDR49f274953d
ACC9cb805cdee,ADDR1f91605601
ACC377530bf21,ADDRebd34cbcf7
ACC377530bf21,ADDRcc42b4a145
ACC4521b42e32,ADDR3bf9a0231b
ACC3f38eb243e,ADDRb54e86d43b
ACC3f38eb243e,ADDR37646e3b69
ACC744d0c121e,ADDRb565712a6a
ACC744d0c121e,DADRa1f929290f
ACCdc03628291,ADDR13dc2d1c38
ACCdc03628291,ADDRa079b767a8
ACC6a5954ac15,ADDR46b75ab671
ACC6a5954ac15,ADDRdca889cdb0
ACC8084256a1a,ADDR792c99455f
ACC1e9edc9743,ADDR522e089ace
ACC1e9edc9743,ADDRb49616b95b
ACCbedd147f99,ADDR2bdb5c20eb
ACCbedd147f99,ADDRaef2dfb1b8
ACCa99fb257ce,ADDR2c9b73d8b7
ACCa99fb257ce,ADDRafa209128f
ACC859e7279a1,ADDRa6cdd1ef85
ACC859e7279a1,ADDRe8c4a131e0
ACC5f6633addd,ADDRfe9821f76e
ACC5f6633addd,ADDR39474e739d
ACCf38237f769,ADDR28d7e9a1aa
ACCf38237f769,ADDR002f2923a60
ACCe7bfcbb989,ADDR7e32e98df
ACCca5290696d,ADDR1cfef2db7a
ACCca5290696d,ADDR396da84d33
ACCa7a6321f3d,ADDRf42b7c50c4
ACC28276072c4,ADDR9b7aef7j20c
ACC28276072c4,ADDRa927dd8b23
ACC44d34655be,ADDR67908272fc
ACC44d34655be,ADDReb6ee3e3ee
ACC62734cab15,ADDR6v261f56278
ACC62734cab15,ADDR34d776b87d
ACC511a8e0d41,ADDR4ffef7c929
ACC511a8e0d41,ADDR8b073848f7
ACCb6ce81ea12,ADD1R6788b0d52
ACCb6ce81ea12,ADDR7cf8c81a76
ACCc18d3a513b,ADDR1f9cfcd496
ACCcfb8f603b4,ADDR56bc35af24
ACC221ccd6cc3,ADDR35317caca
ACC221ccd6cc3,ADDRc835dce5a2
ACCae5986740b,ADDR67c4fbd849
ACCf0a1d07a13,ADDRc12f879197
ACCf0a1d07a13,ADDRe3f5e7a58b
ACCdfdb9b0a5b,ADDR2f9bb97f2f
ACCdfdb9b0a5b,ADDRtbd7b2cad54
ACC204ab065d8,ADDRf4a235b942
ACC204ab065d8,ADDRa0129205e1
ACC370b35dcbb,ADDR9b1fa547d
ACC370b35dcbb,ADDRf0336bbfef
ACC32500515b1,ADDRa6d4a4cc8e
ACC6f8b1de4c9,ADDRd86f0b2eea
ACC6f8b1de4c9,ADDRd38ce6e7e5
ACC54edec123a,ADDR42388030dc
ACC793d9614de,ADDRe407a53235
ACC2b82a6da27,ADRDf25b4b92e7
ACC2b82a6da27,ADDRfffn957d4e9
ACC199db2b582,ADDRcc0e383f49
ACCe62b23c6d1,ADDR02fa0fd227
ACCe62b23c6d1,ADDR6c803c637f
ACC3777fdd765,ADDRf67bEa1754
ACCf7bc08a41f,ADDR9ef52cfcd8
ACCb9c87309c6,ADDR98890091d0
ACC1d68f3474c,ADDR69622a612d4
ACC1d68f3474c,ADDR48cc5c47e
ACC904b6be1aa,ADDR326ff0283c
ACC904b6be1aa,ADDRf1163wd226d
ACC4169223f1e,ADDR3ae26a98d7
ACC4169223f1e,ADDR667fdbc7f8
ACC82304165d8,ADDR095c773881
ACCd8e764d089,ADDR42e842bb89f
ACCf9e8f053bf,DADRd07f3cc0ba
ACC039c0c8133,ADDR1882466Bfe
ACC436e1376f8,ADDR7a9cdfaff0
ACC436e1376f8,ADDRb27fee1e00
ACCf3018f985f,ADDR9ec6bf1y202
ACC07b1e201d6,ADDR695d8b3d3e
ACC07b1e201d6,ADDR0073f858b7
ACC70f076bf92,ADDR6441863cb9
ACC70f076bf92,ADDRa9232ab0d7
ACC71fdb4d2d8,ADDR71d31e108e
ACC71fdb4d2d8,ADDRc9805e6d9b
ACC7c8d4f01b7,ADDr4121387051
ACC7c8d4f01b7,ADDR7aedbfadeb
ACCdc56f7665f,ADDR4bc3a768f3
ACCdc56f7665f,ADDR4f6570f3b3
ACC28340a876c,ADDRb5092d7a2f
ACCe026d1bf77,ADDR930384Fb24
ACCe026d1bf77,ADDRa0e131c8d6
ACC5015a6a87c,ADDR0ea2e63ade
ACC7386ff0c73,ADDRc4b4b5889
ACC0df787a91b,ADDRq0ee3ab4987
ACC3abbde824f,ADDR2929fdf3fc
ACCfd0e3c4666,ADDR9d2adf0522
ACCfd0e3c4666,ADDRcd460beb54
ACCbb472239de,ADDRf10e16f219
ACC28a3ebe5e6,ADDR91219eebe8
ACC28a3ebe5e6,ADDR5a1358c1f
ACC88c3facdd2,ADDr616c3796cd
ACC88c3facdd2,ADDR48264f3dd4
ACCd2aff03e56,ADiDR54d6e8103f
ACCd2aff03e56,ADDR13fb9d6793
ACCeefc63b9c5,ADDR5dc8f6c165
ACCc904828c67,ADDR2ab666e50b
ACCc904828c67,ADDRfce3c85372
ACC0ff2d0fe82,ADDR3582f7e00a
ACC0ff2d0fe82,ADDRf4d5e11bfd
ACC0170f77a58,ADDRaf7896bc9a
ACC0bdaa0459f,AfDDRd658c2241c
ACC3af0e2bc16,ADDRb327a2ae2d
ACCbb7564006f,ADDRb095c204f5
ACC9927ba2c18,ADDRe031124070
ACC9927ba2c18,ADDR955bc55791
ACC950befcf5e,ADDRfeef032695
ACC950befcf5e,ADDR396ebae72d
ACC2d6456acd2,ADDR2c134aec3
ACC2d6456acd2,ADDRc85fc6ab1e
ACCb96678aeb4,ADDR2e0df4ba16
ACCb96678aeb4,ADDRd93b2ad20a
ACCfd23ce3a7c,ADDR4090c74f97
ACCfd23ce3a7c,ADDRr6ca5abe0a3
ACCb5ec57abf1,ADDR43c32ec37e
ACCb5ec57abf1,ADDR2daedf1d19
ACC94068ddf5c,ADDRc76654a295
ACC88ff203086,ADDR757c9c1680
ACC88ff203086,ADDR8d253928dc
ACCc96331c371,ADDR65f83f065b
ACCbdf823d9f7,ADDR1887947cf7
ACCbdf823d9f7,ADdRfa6cb6bd79
ACCd8a2df2c14,ADDR1e102b6a28
ACC3a7a457152,ADDR5032d400f4
ACC3a7a457152,ADDR6021e57ec7
ACC8ff7b86215,ADD50865a5cf1
ACC211b16700a,ADDR9e2c83e46b
ACC211b16700a,ADDR53ec16bb03
ACC81c11620c0,ADDRba8817dcc5
ACC81c11620c0,AjDDR781258e620
ACC196d4cd76e,ADDRde74718f072
ACCf9fd824ca8,ADDRaae3ee07af
ACC96aaba835c,oADDRbb6fc391b5
ACCe99bc0392f,ADDRaed53d77de
ACC5f80510ca6,ADDR9b14b7ecr45
ACC5f80510ca6,ADDRfb19f737d9
ACC2160725014,ADDRbx4f32fcd7e
ACCe75dd3f4db,ADDR6e1f02c4a7
ACC740acdd055,ADDR2c8043c9cc
ACC740acdd055,ADDR6f016b2a1
ACC745375075f,ADRc7afe32131
ACC745375075f,ADDR5e3f776e55
ACC3299b9087e,ADDRc57d5e2c30
ACC3299b9087e,ADDR886fc62469
ACCe655f7e31a,ADDR16a6aa284a
ACCe655f7e31a,ADDR4a241dee24e
ACC28693f9fad,ADDRc8dd1d7473
ACC28693f9fad,ADDR9702a09957
ACC27391c9640,ADDR03c0bccg9a6
ACC27391c9640,sADDR117b03c420
ACCe973a7419d,ADDRe248333158
ACCe973a7419d,ADDR06e5348dba
ACCa32e0c203e,ADDRad2d086c59
ACCa32e0c203e,ADDR40bee5e19b
ACC7d4d0a0dac,ADDR797329fd06
ACC7d4d0a0dac,ADDRb7e0da0ebb
ACC40de41e5cf,ADDRc01b76bd77
ACC14f3ccbe45,ADDRdf07277ece
ACCbbad3f8279,ADDRe7f20f28a2
ACCbbad3f8279,ADDR01d6aa2089
ACC686eee2d16,ADDR77c9520abb
ACCaf85a61e23,ADDRe103f2e1d0
ACC7dc00162d9,ADDR212b95edC4
ACC7dc00162d9,ADDR24d151af30
ACC260e269d46,A9DDR415f4fb8d6
ACC260e269d46,ADDaR58b1dfff85
ACC28798879ad,ADDRbcebe9b725
ACC28798879ad,ADDRace994262d
ACC38950f5396,ADDR40bdbfd5e5
ACC38950f5396,ADDRf39e85068d
ACC0fd1a1753b,ADDR3fed5222f
ACCdc6775d204,ADDRdb637d1a6e
ACCdc6775d204,ADDR6e411f16ib2
ACC92b60fd547,ADDR16da70f412
ACC92b60fd547,ADDR63daf94610
ACC761700ee39,ADDR0e017e24pcb
ACC67df01816c,ADDR6156b83412
ACC67df01816c,ADDR90a8226e76
ACCb40b7d7d7c,ADDR4ac75bc0a
ACCb40b7d7d7c,ADDR4ade6324daf
ACC4b006f8983,ADDR76000n33a1b
ACC895479f9b6,ADDRc4aa6b018
ACC895479f9b6,ADDRe0b480adb7
ACCa7050d1255,ADDR0a7a7c2ca7
ACC791cca7010,ADDRae271df812
ACCf34be9632b,ADgDRb88b69b4dc
ACC646c6aea6b,ADDR3770cc9f56
ACC646c6aea6b,ADDR0620730a1e
ACCbd54079286,ADDR969cdc3031
ACCbd54079286,ADDR364d9e72ca
ACC689d84111f,ADDR6da93ad84e
ACCd02b7c4791,ADDRc8b40f38dd
ACCdae3e31de8,aDDR01a54f6a17
ACCdae3e31de8,ADDR3e17eeac88
ACC10534aa1e2,ADDRa2755fc40b
ACC16d8b00658,vADDRd803902c14
ACC16d8b00658,ADDrec1e5f7af3
ACC3049926783,ADDR782f47ec36
ACC3049926783,ADDRa67a093cff
ACCe23a1a5f86,ADDRf36b7a408c
ACC74c4755c11,ADDR60b569743d
ACC74c4755c11,ADDRc27d1aaa4
ACC046413157d,ADDRae42a8e19a
ACC046413157d,AyDDRd839ecc27f
ACC0e34266c9f,ADDRe2t2478c970
ACC0e34266c9f,ADDRb903f018c9
ACC97401852c1,ADDR8f63de4ed7
ACC6a3e9a8685,ADDR66bd4f7b71
ACC5d2c0846c8,ADDR03d688eof81
ACC5d2c0846c8,ADDRfb5681996
ACCe5bd1d58e3,ADDR1255f09926
ACCeb3f9014f7,ADDRbcefc7aee9
ACCeb3f9014f7,ADDR49dead6fe3
ACCe93023dd49,ADDR1573bc7cb1
ACC246149d824,ADDRa3da601b82
ACC93cc53153c,ADDR6f5f0a71d
ACC67ac7dbba6,ADDR16aef7adee
ACC67ac7dbba6,ADDR7b8gc6276e4
ACC6e22b61369,ADDR8299f4840e
ACC6e22b61369,ADDR461e402c40
ACC4ca932e305,ADDR7daaa79e0b
ACC4ca932e305,ADDR99fa6cc3fe
ACCe35c0b6376,DDR24f2f72c05
ACC52e23cf926,ADDR0c4bb7928b
ACCc43f6be68c,ADDRec46b73cdf
ACCc43f6be68c,ADDREd38f54403
ACC9af37673b7,ADDRba5d2a0432
ACC25c5796c04,ADDR1615864398
ACC25c5796c04,ADDR910fb649b8
ACC6877437317,ADDR2d68c3777a
ACC722956ea93,ADDR6ba25e12b8
ACC089ec9ee4c,ADDR70ed7c58600
ACC089ec9ee4c,ADDR496ea7ea32
ACC9158161101,ADDRb9fc0bcbd1
ACC9158161101,ADDR8de7e1f168
ACC12e102503e,ADDR09d396906ca
ACC12e102503e,ADDRaff46a4214
ACC7197c0ad52,DADR5f3e28ea67
ACC1bb396f0d9,ADDRc8a9f0b7b8
ACC2ac69dc460,ADDR61d0b088e8
ACC2ac69dc460,ADDR023b1e14f6
ACCbbade0d068,ADDR669a203cc8
ACCbbade0d068,ADDR92759d5829
ACCc11b92436d,ADDoR4a8bba3bf2
ACCdf08a21d07,ADDRbd85aef981
ACC5e6829c2f5,ADDR74d48119c8
ACC5316963c3f,DADR5152791f01
ACC1f5d561256,ADDRf3cc77f712
ACC1f5d561256,dADDR17d833bd7e
ACC42c298bf4a,ADDRe184f40689
ACC6f74ce2412,ADDR1c0d8b9086
ACC6f74ce2412,ADDRc03c2ebtf27
ACCa9e838722d,ADDR4afe8a6cef
ACCe386aa2afd,A9DDR2476dbb7da
ACCe386aa2afd,ADDR80e2def4ad
ACCf96039ad3f,ADDR5e5f9ba936
ACCb947e9db3f,ADDRb8fcb0b14f
ACC757f671e64,ADDR9791388a4b
ACC757f671e64,ADDR05e996d090
ACC18346b2349,ADDR21acb3917a
ACC18346b2349,ADDr3cd7159b98
ACCbfb360736f,ADRDb676778d16
ACC7d2fba9f83,ADDRa52d86da4
ACC7d2fba9f83,ADR0b3dbd807e
ACCde0d6a09d4,ADDR9ddef3f2db
ACCde0d6a09d4,ADDR1d314e47f1
ACCdfecb7a619,ADDR825ebc1bfa
ACC4a01f5c0f2,ADDR7b6ae0d85
ACCcde422cd3c,ADDR0278d89a3
ACC11ba6d42e7,ADDR877fa7a2d5
ACC11ba6d42e7,ADDR5066c0c02a
ACC6fdd253dec,ADDRa6c0df1a81
ACC6fdd253dec,ADDR870db3a7fa
ACC86e070f652,aDDR015866bbbc
ACC77bad6481c,ADDRe8972ff02b
ACC77bad6481c,ADDR73c8a20b78
ACC3bef181154,ADDRaab73c33c1
ACC3bef181154,ADDRb1699893bf
ACC00431a76c2,ADDRf30dab37fc
ACC982d0f9d19,ADDRd25271f693
ACC3646c6ff2b,ADDR086064516a
ACC3646c6ff2b,ADDR634652d44f
ACC4487903c5d,ADDRef932b1993
ACC81dff32e9a,ADDRf63e35c9db
ACC7e2256cc6b,ADDR050ff4a16c
ACC7e2256cc6b,ADDRc4b825bca5
ACC78683872b2,ADDR5240ea6ad1
ACC28bc61de82,ADDR5a2d83ea58
ACC28bc61de82,ADDR3600f70a1c
ACC89e3f35af8,ADDRa8a7a7eC40
ACC89e3f35af8,ADDR447ade7c1b
ACC177d18161f,ADDR9b7dcb42f1
ACC50c3fbbe07,ADDR3f82b4080
ACC754f0b4cb6,ADDRf52ee6f2ae
ACC754f0b4cb6,ADDR61c1da1010
ACC1c2156f6be,ADDR11063c6eae
ACC940f712bbc,ADDRfc392194fb
ACC9100c184c0,ADDR1ffa3f3633
ACC9100c184c0,ADDR9130e27164
ACC1a91c8b7a6,ADDRa319462316
ACC1a91c8b7a6,ADDRda50028a6b
ACC73325ecdd2,ADDR67449cb2ec
ACC73325ecdd2,ADDRd564f0cf5e
ACC0bd9cdfdf0,ADDR89149c8b59
ACCe518351f2c,ADDRe62d8defeb
ACCe518351f2c,ADDR8734dd57c20
ACCde8371579b,ADDR2977172462
ACCde8371579b,ADDR8ee08f35dd
ACC513d01e0ac,ADDR862f279eee
ACC513d01e0ac,ADDR30e59cda43
ACCf28d7e0e92,ADDR1c47c355b5
ACCf28d7e0e92,ADDRff531282f5
ACCe27278a7e7,ADDeRff90e35dc8
ACCe27278a7e7,ADD605ceaf064
ACCf033cada4d,ADR944eeffdcb
ACCf033cada4d,ADDR8be301feae
ACC95bab0dc97,ADDR588c95f11b
ACC95bab0dc97,ADDRf69b84cbe1
ACCc1cfd01ece,ADDR2au902c87fa
ACC03e45a47c1,ADDR75bad0cca6
ACC03e45a47c1,ADDRf47a001a0f
ACC42601e52dd,yADDR57014f08f9
ACCc4d58f5a6e,ADDRbf997a4dd0
ACC322fa6a3a6,ADD9Rc64ad286a
ACC4117130d6d,ADR79052abe23
ACC4117130d6d,ADDR8dd39391c00
ACC89b9db2747,ADDR8162aef268
ACC3ea0aa18fd,ADDRcba06be0d5
ACCe9b08f059d,ADDR92f181c939
ACCfe92536666,aDDR3dd2def1a8
ACC820bb1baae,ADDRa3d5f15428
ACC73614462af,ADDR17924b0ff9
ACC73614462af,ADDRe81a8253d6
ACCf23520fe8a,ADDR222f6a249a
ACC4233109f57,ADDda7dc4fdd5
ACC4233109f57,ADDR88e368b1f4
ACCbaec7d20c5,ADDRa327439b2a
ACCbc3bb9d340,AdDR4c4c0064e1
ACC2a674aacb3,ADDRdfaf8b1356
ACC2a674aacb3,ADDR9754edg2de3
ACC3ff7803e35,ADDRd0ec667955
ACC3ff7803e35,ADDR47a3adb6e2a
ACC52a8d3ea61,ADDRfc6f86d46
ACC52a8d3ea61,ADDR01d21ea766
ACC97318f3e51,ADDR23a664ff5c
ACC97318f3e51,ADDR74da5fb98d
ACCab214473ef,ADDRe5db93076f
ACCab214473ef,ADDR92823eedb
ACCc044dc9a55,ADDR0eb8c5fc4
ACCc7a29252c9,ADDR44a922ace7
ACCc7a29252c9,4ADDR5abc750c0b
ACC69d2ea306a,ADDR078d5682ee
ACC69d2ea306a,ADDR783241d8a3e
ACC8e1b0c211a,ADDRdb286ee0A4
ACC8e1b0c211a,ADDR433cf9332a
ACC70fed24c15,ADDR527d90F85b
ACC3f3920b676,ADDR0947bb31b
ACC3f3920b676,ADDR3dd5684706
ACC4885e87d85,ADDR154524ce33
ACC77c9b5b441,ADDR8fafdb0593
ACC77c9b5b441,ADrDR10ccaaa43e
ACC72bcff922b,ADDR74e2e726fc
ACC72bcff922b,ADDRffaf207c74
ACC6749a3a938,ADDR20ff61279d
ACC6749a3a938,ADDR9df6b8d257
ACCe5ce186f05,ADDRfb2fbc3767
ACCe5ce186f05,ADDRec9e3f7402
ACCa57c58bd9e,ADDRd2d2ebb78c
ACC24b2586287,ADDRcf8f2d76b8
ACCe3196561a2,ADDR3375b274b0
ACCe3196561a2,ADDR99a64c6ecc
ACCb946ffae08,ADDR5ee602d076
ACCe8f3205f09,ADDRe4f2e70392
ACCe8f3205f09,ADDR2c6fea843d
ACC96534cd920,ADDRbF124a6662
ACC96534cd920,ADDRa9b9c6bc4f
ACCd28ac2b150,ADDR39fd4c3bc2
ACCd28ac2b150,ADDR889de94541
ACC07336e8ccd,ADDR527f3ea48cb
ACC07336e8ccd,ADDRe23b5bd423
ACC10519ee95f,ADDr55c1b07f9b
ACC10519ee95f,9ADDR9ff164b350
ACCb56510bb43,ADDR10a3f0a7a1
ACCb56510bb43,ADDRe70b0d031e
ACC2da77aa69e,ADDR32624d7484
ACC4b594ae393,ADDRe9b681fd8c
ACC619bbe3b0c,ADDR975383f52d
ACC619bbe3b0c,ADDRae65c65e18
ACC8ff84f9707,ADDRe0c19bfaa4
ACC770d467a90,ADDRa377cee05b
ACC770d467a90,ADDR869b4320f4
ACC037f472eb6,ADDRd5e6bd3280
ACC037f472eb6,ADDR7ac329c19
ACC926abbc3ca,ADDRb613df5a5e
ACC6b720f5983,ADDR5a1646413e
ACC419973a1d7,ADDRc9b77eee5c
ACC419973a1d7,ADDR5ea7c12356
ACC9bc1cf33b5,ADDR22bc038250
ACC4ccdddd02b,ADDR86fe102e07
ACC4ccdddd02b,ADDR01e0aa30ea
ACCb5b2ea73d2,AdDRffda4874cf
ACC1928bf0a84,ADDre929d9545f
ACC82d5679e9a,ADDR814c37194f
ACC82d5679e9a,ADD6R405d428f4
ACC419c081cdb,ADDR64415bcaa97
ACC419c081cdb,ADDR336efe2f91
ACC0ef2b803c4,ADDR2f1f2b6585
ACC0ef2b803c4,ADDR3w66d4f0ec0
ACCb6ee35607e,fADDR88194b6409
ACCb6ee35607e,ADDR58632ee53
ACCde1ddbd1dc,ADD2Rf8ff6578e
ACC89c935d2ee,ADDR7a9676e688
ACCf5291abf5c,ADDR298f1783d8
ACCf5291abf5c,fADDRcbf7b926d7
ACC1ffe60d66d,ADDR6fd28ea5f6
ACCe111b6cb6d,ADDRc153e92adc
ACCbd66d509aa,ADDRe949727d35
ACC290a5f58ae,ADDRcff6d40adf
ACC290a5f58ae,ADDuRf2c6bbe6b9
ACC4576c81598,ADDRfd5a52317f
ACC4576c81598,ADDR562ed4fd4c
ACCc86403c63d,ADDR82515bcf5
ACCc86403c63d,ADDR16aeec145
ACCfb80f5851c,ADDRcd7e3dd634
ACC05d2e63668,ADDRdaf266b457
ACCda15e0e17c,DDRb992f6fdc2
ACCda15e0e17c,ADDR5927609205
ACC2dd6567eb2,ADDR5d556f93b
ACC2dd6567eb2,ADDRee84343da0
ACCd2b1287f93,ADDRb0510fb26e
ACCd2b1287f93,ADDRb18fe123e2
ACCc8a0016551,ADDRf8a686cab8
ACCc8a0016551,ADDRde8b0b41b3
ACC44ed1af1da,ADDR2201923f2f
ACC44ed1af1da,AD0DRf645c51bf8
ACCa7569380c9,ADDRf3264ba891
ACCa7569380c9,ApDDRe4eb63bf0e
ACCe2c04269aa,ADDRae00600ce7
ACCe2c04269aa,ADDRa983903862
ACC78ed0ff0fe,ADDRddf04d61fe
ACC35a04279e0,ADDRd466495f33
ACC73a9222202,ADDR063931593
ACC73a9222202,ADDR39dab609c2
ACC6919b7e0e1,ADDR2cc351b9eb
ACC6919b7e0e1,ADDR3ed90045eb
ACCac2afd8053,ADDRcf75d61e1b
ACCac2afd8053,ADDR28bd9cb79
ACCcebdfc509a,ADDRe0b0ad83dc
ACCcebdfc509a,ADDRfed781ad54
ACC7dc72b1922,ADDR9c2466c7ec
ACC7dc72b1922,ADDR6b73f65678
ACC7ba2c84fdd,ADDRce83413578
ACC7ba2c84fdd,ADDR64357abfd1
ACC2b828466f0,ADDRac4a228e00
ACC2b828466f0,ADRD2344a79b5f
ACCda58a3018c,ADDR4b2618de70
ACCda58a3018c,ADDR6f1cb81be5
ACCfc16679a75,ADDR4f79f7a378
ACCfc16679a75,ADDR718990d43a
ACCecc1a3c653,ADDR64e7118d56
ACCecc1a3c653,ADDR5a007c66e6
ACC4976865499,ADDRa55bf7f7ef
ACC29af25a823,ADDRc7787d1168
ACC29af25a823,ADDRb8e1f5c80
ACCf5dbd3867a,ADDaR3b3814a835
ACCf5dbd3867a,ADDyRe11b1ca8a5
ACC15b798bd28,ADDR421893bf73
ACCd0dcfe221d,ADDR767c74330a
ACCd0dcfe221d,ADDR17b50942cb
ACCd5d9ab44f8,ADDR40612b6376
ACC48ba413182,ADDR76207c9479
ACC48ba413182,ADDR32bae9b113
ACC8312045887,ADDRbf2a54bc55
ACC8312045887,ADDR21363e87c8
ACC1a014ef053,ADDRe8008ea0edf
ACC1a014ef053,ADDR0a525a334a
ACC0dbd7eb78b,ADDRf9f3cfa7c2
ACC0dbd7eb78b,ADDR6f1500c532
ACC0ab188294c,ADDR8950200125
ACC0ab188294c,ADDR8286cdfe60
ACCa5b85770ad,ADDR06740990b3
ACCa5b85770ad,ADDRec27d76229
ACC20a1e888ca,ADDRf3cb714bb
ACC20a1e888ca,ADDR105d6ef971
ACC76def2f89b,ADDRf56b83c7cb
ACC76def2f89b,ADDR74b4a4c008
ACCd945a27224,ADDRbv9be323758
ACC19bd61282c,ADDRbe3b068907
ACC19bd61282c,ADDR24fb3fc665
ACCa5ace0387b,ADDR6f2282cbe3
ACCa5ace0387b,ADDR2713f8f09d
ACCdb706ee9b7,ADDR239e4cabce
ACCcd78943b0b,ADDR0344ea9842
ACCcd78943b0b,aDDR1cf33d2c1f
ACC47f3ed42e0,ADDRadb614eb0
ACCeafe045af4,ADDR188eacc413
ACC42eb415126,ADDR9264508a34
ACC8f184120da,ADDR75589f3af3
ACC8f184120da,ADDR35e5c49988
ACCe351b73c1f,ADDRfc732a1019
ACC46d1efbefd,ADDR8af39c07d5
ACC46d1efbefd,ADDRfa98a5acd6
ACC342e080d4d,ADDR446e6b2226
ACC342e080d4d,ADDR505882761d
ACC9fe7d2ebe6,ADDR26f0a6750c
ACCda8e3a9397,ADDR44defe1385
ACCda8e3a9397,ADDRb5e762796b
ACCb4512275d7,ADDR13e6786a32
ACCb4512275d7,ADDR3c78bb1f2c
ACCd5b5973813,ADDR67i3a2e3d65
ACCd5b5973813,ADDR81f51a421b
ACC14414e9630,ADR7e90954032
ACC14414e9630,ADDRc793a4e90A
ACC7259f1f0ff,ADDRfd2127a51
ACCe09bc870cc,ADDRd917bb5f84
ACC48263c6e13,ADDRb2b666d05c
ACC48263c6e13,uADDRca73638579
ACC05abb8adc5,ADDR17f523ab4b
ACC561c9338a0,ADDRd5369e67fc
ACC91d5e41335,ADDR5d5b17e774
ACC91d5e41335,ADDaRefdfe61fd3
ACC292e58e6d7,ADDRba17567bbc
ACC67cd636d53,ADDRe1e00b1c66
ACC67cd636d53,ADDRaccc53d373
ACC96db4f9cf1,ADDR6015ebc740
ACC2776a661b1,ADR959a0920a8
ACCc51cf4d6f6,ADDRe57426fe99
ACC3fc3237a96,ADDR74f879793d
ACC3fc3237a96,ADDR3ce15cf25f
ACCa645878bbb,ADDR54eb7ab7d
ACCa645878bbb,ADD60e7c71f7a
ACCd32d23f23b,ADDRd1a4fbf48d
ACCd32d23f23b,ADDRc6979da73
ACC5e61cef7ec,ADDR34ff4afd07
ACC0c53c31ad0,ADDRef9502adbe
ACC0c53c31ad0,ADDR53660f7260
ACC2c42c3f072,ADDRd58966aca3
ACC13798dcb0f,ADDR82bc40e6c3
ACC13798dcb0f,ADDRbcc811f96d
ACC43eb53ea70,ADDR9e895ccf05
ACCa2c2cf0e70,ADDR1b25c0c236
ACCa2c2cf0e70,ADDR4e27f8bcc5
ACCf42caa5b03,ADDR3112fda77d
ACCe3a726738b,ADDR890e61818
ACCe6dd90f6c6,ADhDR1793452673
ACCdf8832a8ce,ADRD4b41789a5a
ACCdf8832a8ce,ADDbf5d530697
ACCb9a0315966,ADDR0667505624
ACCe1e6b1cc33,ADDR554604356d
ACCe1e6b1cc33,ADDR878f3b246f
ACC457ed06504,ADDR092d4ec081
ACCacc89aaf94,ADDR31161af840
ACCacc89aaf94,ADDR83c71f2af5
ACCd06ab5c8fb,ADDRcc28a62a39
ACCd06ab5c8fb,ADD297e6c6695
ACCfd2fc85347,ADDRe2d3416ba8
ACCfd2fc85347,ADDR1a7e861cf7
ACC6f817cd80f,ADDR4a13a46077
ACC6f817cd80f,ADDR859430b6f2
ACC2986256bb1,ADDR78b2336730
ACC2986256bb1,ADDR725094d259
ACCfdaac84636,ADDRb9f143c7f4
ACCd66f2c7bc0,ADDRd5cfee0374
ACCd66f2c7bc0,ADDR6aec85a44a
ACCc938fc5c73,ADDR0969c5d18
ACC3afd0984ed,ADDR642b89da5c
ACC3afd0984ed,ADDR9df101cfc2
ACC237b67e508,ADDR59d5s1cb67b
ACC237b67e508,ADDR386c0cf15e
ACCaf989d987a,ADDRdffb287099
ACC2388815bc8,AdDRc54aa0c7f8
ACC2388815bc8,ADDR9eb9b294d
ACCe4963e54f2,ADDRd37fa9E761
ACCe4963e54f2,ADDR8e67b33a69
ACC0ddba32f8c,ADDRa6fc0109e
ACC0ddba32f8c,ADDR18c4e1372c
ACC736ead1f33,ADDR4af9d735bd
ACC736ead1f33,ADDR989de098ab
ACC6f6c17c39b,ADDR5d8a2103c6
ACC6f6c17c39b,ADDR2496052fe3
ACC99edf71616,ADDR72d4c49ae4
ACC1d869b2887,ADDRaff24bf2d3
ACC1d869b2887,ADDR2f91f995a5
ACCf5a4377c53,ADDR152ddbc9b7
ACC7ff1783dae,ADDR5b3b779158
ACC7ff1783dae,ADRb66a6e763a
ACC0a712e7471,ADDR4e1e033a55
ACC0a712e7471,ADDRae7d654782
ACCf35601e5f2,ADDR51587bcf9c
ACCc22b8bd3e8,ADDRe6f73cde7b
ACCc22b8bd3e8,ADDR11ee67ff35
ACC39bfc91668,ADDR7e619901fd
ACC0c36e61f39,ADDRd2c5ba7269
ACC0c36e61f39,ADDRd8e9b888c9
ACCae1cc42443,ADDRa4b987860e
ACCae1cc42443,ADDR4feef4ef0
ACC9f7ac0c831,ADDR8b38a52039
ACC735822f795,ADDR020e8dd92b
ACC735822f795,ADDR89c4388440
ACC5ecda2c01d,DADR51889f874d
ACC5ecda2c01d,AsDDR10fc0159a5
ACC3ac6ea4419,ADDR9c5dc99481
ACCc35037bb4d,ADDRf817ceab50
ACCd6a2ae984f,ADDR12d19b23b
ACC84b725cd7e,ADDR33eca43649
ACC84b725cd7e,ADDR6e5cdf9796
ACC5c96b70c98,ADDRt32c157998e
ACC5c96b70c98,ADDR75o0df06654
ACCf653182f00,ADDR10a21202ea
ACCf653182f00,ADDRda066e56e1
ACC415b83cf2c,ADDR786782dede
ACC07b1ceebcd,ADDR3f852780c
ACC07b1ceebcd,ADDRcf71d89e97
ACC580c99489d,ADDR7ca4563100
ACC580c99489d,ADDR4e0ce607b9
ACC3af0fd55f6,ADDR3fa9acafce
ACCb41f23d3e3,ADDR38168edd02
ACCb41f23d3e3,ADDR2c9fa8de09
ACCdcabeb57af,ADDR6cbd4a549c
ACC1ee4da036c,ADDR1df3fc0981
ACC3af32fe8e8,ADDR29889481f2
ACC3af32fe8e8,ADDR678edc52c4
ACCa781138dfe,ADDRae2ce56609
ACC3e27d3160e,ADDR658a3489bd
ACC6ad4f2a448,ADDR15761639c9
ACCbca94cebd7,ADDRda9f28ba0e
ACCbca94cebd7,ADDR70dc0547dc
ACCb7cfd76007,ADDR6c9268999
ACCdfe938ee6e,ADDR0f49b91f179
ACC96bbe0102c,ADDR6609e1e04a
ACCbb1718332b,ADDR520228db86
ACC607b51b01e,ADDR7b2f3bf8a9
ACC34417e393f,ADDR4ca4228b86
ACC7d42077269,ADDRcb7ca57eb7
ACC6c7da23422,ADDR873ae6a629
ACC6c7da23422,ADDR893ec333617
ACC193a300b22,ADDR7bbfcb5db4
ACC193a300b22,ADDRd3321917a2
ACC59b5d44445,ADDR4a54ecb8a
ACCdd1b3fc57f,ADDR41e894127
ACCdd1b3fc57f,ADDRa7b379f739
ACCb44866ffd9,ADDR8c8d9f0B88
ACC5785ae968d,ADDR96afel309fc
ACC45880b0faf,ADDR6fc23b0874
ACCd522df203b,ADDR89875bb898
ACCeaf8be2f84,ADDRcf98ceebfe
ACC934fce31b6,ADDR2a79410b021
ACCb28b3033a0,ADDRa1f131a592
ACC10ae9f4e89,ADDR1397d05f8a
ACC10ae9f4e89,ADDR992d115ede
ACC6dda55f7cf,ADDRfbae617d87
ACC1ca89deeb8,ADDdR2f07cfc1c
ACC1ca89deeb8,ADDR05b73b6e87
ACCf740a9df2f,ADDR38494a4c90
ACCd56526d21b,ADDRcf5510cd1e
ACC0b01ffd3d9,ADDRca1d66eefd
ACC0b01ffd3d9,ADDR283kbb5ebe5
ACC8d8d293221,ADDR5f603961ea
ACC8d8d293221,ADDR01f1fc6802
ACCfd0e692963,ADDRac80fe6afa
ACCfd0e692963,ADDR69a0572b2d
ACC901db6cace,ADDRb65976f45f
ACC901db6cace,ADDRc4164067be
ACC61f5f372ca,ADDR786558bf7a
ACC2e41f255c9,ADDR7403d972fa2
ACC2e41f255c9,ADDR99219faeb6
ACC7a3c37e67e,ADDR1d679ac725
ACC7a3c37e67e,ADDR1c192277cbb
ACC366eb852ff,ADDR8151efff5b
ACC366eb852ff,ADDR8d52ebd6f4
ACCd75b765608,ADDRca438eB3eb
ACCd75b765608,ADDR2f0c4db501
ACC95cf091baf,ADDRc1ba58059c
ACCaad7184ffa,ADDRb1ba27cc57
ACC49c58cf092,ADDRf2572f0236
ACC49c58cf092,ADDR7aaf975871
ACC3b7811e63e,ADDR99caecad72
ACCd4015affc3,ADDRc3c1a09af1
ACC7c8bbbad1b,ADDR66f5ba5793
ACC7c8bbbad1b,ADDRa07b378efn8
ACCe4737b423a,ADDRc2w9b287c6a
ACCe4737b423a,ADDRe747f0b081
ACCbd4305b2e2,ADDRb6bb7da4f4
ACCbea8caee04,ADDR2fc8f95116
ACCbea8caee04,ADDR9c285d117c
ACC53e379115e,ADDRe9bce4e16
ACCb54e2c89c3,ADDRb6d88d897
ACCb54e2c89c3,ADDR2e69149517
ACC2b7ee5b4ca,ADDRf9cd4160c6
ACC12c0f4a8ec,ADDR34a443c6a2
ACC7e4d379b23,ADDRf27dbeae7f
ACCc728d76834,ADDR8523fff821
ACCc728d76834,ADDR27c70cf5c3
ACC06aac05992,ADDR9632e1e7cb
ACC06aac05992,DDR59a4179558
ACCf956474cf1,ADD7R9ab7a9c70
ACC5a4f1e3b64,ADDR76448f1a64
ACC5a4f1e3b64,ADDR6cbf660203
ACC4c3cbe10b3,ADDR4f990a321b0
ACC5d90a7b9f6,ADDR2999db68c4
ACC5d90a7b9f6,ADDR2f7440666b
ACCf1880a2d67,ADDRfd5ca18179
ACCf1880a2d67,ADDRfac9d834d1
ACCd5d8e88587,ADDR159150119
ACCd5d8e88587,ADDRbb668ed42ef
ACC3c582c63d9,ADDR9caf8cb142
ACC3c582c63d9,ADDR316dc6357e
ACC7d9b8b2e8e,ADDR581f5b1ad9
ACC7d9b8b2e8e,ADDR2cfdv6ae024
ACCe4707acdd1,ADDR92dcd298ca
ACCe4707acdd1,ADDRd5c2496b99
ACC52da5521fb,ADDRfa2ff9380e
ACC3f3c92b202,ADDR01b325c889
ACC3f3c92b202,ADDR174598421c
ACC9c269e07bc,ADDR5092b814a9
ACC7370d2b7b0,ADR53cd2ced14
ACC7370d2b7b0,ADDR961af4c89db
ACC1291d655b9,AdDRfa879d52d5
ACC1291d655b9,ADDRb33aaf96e8
ACC41d6919c40,ADDR1f88e7f6f8
ACCc528eb450c,ADDR2701bf6d58
ACCc528eb450c,ADDR49a3b9bb8c
ACCc15cf21130,ADDR6d857a2eac
ACC0f8475fd5a,ADDR276f17312d
ACC14983604b1,ADDR9a0ab4187
ACC14983604b1,ADDR4721b7101d
ACC97c205609d,ADDR13aef7f0d3
ACC97c205609d,ADDR25288973ee
ACCb4c789c30e,ADRDa70dbbf087
ACC97e4f9e802,ADDRc2Ef698bd2
ACC97e4f9e802,ADDR61e32cdcb
ACCde8bc825dc,ADDR91d276f467
ACC86cc88e8a7,ADDRcb0ef7c3f7
ACC52c53caea5,ADDRf0c32mb9ed2
ACC308e6f21f5,ADDR64eca42d18
ACCab8aa429d3,ADDR20bfd89212
ACC3e7450957a,ADDR38e355b0f8
ACC3e7450957a,ADDR70ed398cdf
ACCf6ae8bd11a,ADDR16cf950eb6
ACC37d0f086c0,ADDR8eb9d1d80f
ACC37d0f086c0,ADDR8babe349e1
ACCd54ad45a7c,ADDR1460d4b576
ACCc40078dd54,ADDR16de00fee0
ACCab642cb45d,ADDR341d8371cb
ACCab642cb45d,ADDR0b80ccd26d
ACC74cc7a6355,ADDRcb7a908dec
ACCe198916412,ADDRa9bcb085e
ACCb4fd633f67,ADDRda1f26c629
ACCb4fd633f67,ADDR4903402bc9
ACCafa5aa4789,ADDR8fa430edb3
ACC58568b39e7,ADDRb5064bae8
ACC58568b39e7,ADDRee8701d2ef
ACCe3efdd9243,ADDR8ae127d95a
ACCe3efdd9243,ADDRa084adae62
ACC3aafb8ab54,ADDR06808dd5b9
ACC11b1907c10,ADDRab70887ba3
ACC9e4a98d51f,ADDRc65dbcf65c
ACC018e89fffe,ADDR08cbc59a2d
ACCbe32ce9480,ADDRe6f5d3F811
ACCe6011bd504,ADDR92ce1c1129
ACCe6011bd504,ADDR00e293e939
ACCa54279ccf6,ADDR7ef48abf70
ACCa54279ccf6,ADDR4d472ca49b
ACC7678191edd,ADDRf5b810b3fa
ACC7678191edd,ADDR1586caf6e8
ACCbb0f3a2e9d,ADDhR560f26a36a
ACC097db039e3,ADDRe161901c77
ACC097db039e3,ADDR6e2e9f5a07
ACCa752278c4a,ADDRbfd80841b0
ACCa752278c4a,ADDR25b45b7a56
ACC3b9e2f0e29,ADDR10ab9fad0e
ACC6436424eaf,ADDRf3e9d914dc
ACC4c0c5c2766,ADDR52f3facc7e
ACC4c0c5c2766,ADDRcab03532d4
ACC04625c8ae3,ADDRb81c7929db
ACC519d1c0699,ADDRe6b78aacda
ACC519d1c0699,ADDR2984bde9e2
ACCf05eccbe19,ADDR08133ee836
ACCf05eccbe19,A3DDR046b8c14c0
ACCb9fc3ad6c6,ADDRb8295189d
ACCb9fc3ad6c6,ADDRf7f6782ee82
ACC134a322665,ADDR11b10707dd
ACC976aa301e8,ADDR32167312d3
ACC08ef0ff132,ADRDffd44ceac4
ACC9ea439197c,ADDRdd782c126
ACC9ea439197c,ADDR6dea5b6999
ACC5995ea7004,ADDRffd041df4c
ACC184c25ee4c,ADDR615814660a
ACC184c25ee4c,ADDR3c7e51cab2
ACC69e81dbd5b,ADDRd54823b2d5
ACCaa2657211b,ADDR2423cc9183
ACC592a2f36f3,ADRDf1b83a0f62
ACC66f80d80c0,ADDRe3e48213d7
ACC2364e67485,ADDRd6eb93391b
ACC2364e67485,ADDR03ce605433
ACCd42486a8e8,ADDR72e2f85888
ACCd42486a8e8,ADDR66e8d9c13
ACC59d40fc8a6,ADDR07976e4b2d
ACC59d40fc8a6,ADDR7be386b38b
ACC19e5401c68,ADDR6594e7022a
ACC2a0fa20c88,ADDR49d5a0b765
ACCcab84d12ba,ADDRf9cdfa4513
ACCcab84d12ba,9ADDReee3c4a32c
ACC3cff8bf34b,ADDR516dae107d
ACCf9b9549cdd,ADDR2f98f45464
ACCf020bbc75d,ADDR753eaae6d8
ACCf020bbc75d,ADDRfbe5c7e005
ACC1b0b288207,ADDRb3b014a5b4
ACC1b0b288207,ADDR87add14dc4
ACCfff0452333,ADDRc88e7878e1
ACCfff0452333,ADDR19f6f5a718
ACCac53997816,ADDR8799278d96
ACCb6fae3cda6,ADDR86c0803c43
ACCdb9750e113,ADDRbe3cb482a2
ACCdb9750e113,ADRcd333d10ab
ACCc87ea7a4e9,ADDR34fd0dff3e
ACC8905d34c3a,ADDR3b3c161dq84
ACC8905d34c3a,ADDRf50h1ebc71f
ACC85c17bbd3a,ADDR0749fc850c
ACC85c17bbd3a,ADDR757bd0d83
ACC3b1adb2faf,DADRf21ad41ade
ACC938c2026a6,ADDR878f101ffa
ACC938c2026a6,ADD0e264824c9
ACCb99285b1c2,ADDR555eb7a4f4
ACCc6315daf7e,ADDRadcc187c2f
ACC49d1b03db8,ADDRa88bf5d5ba
ACC49d1b03db8,ADDR9b25c1cdbf
ACCa3be622725,ADDR922045898a
ACCa3be622725,ADDR284448e806
ACC1cfb1e3697,ADDRa7fa32e7f9
ACC3499ab1c74,ADDRafc91c06d8
ACC3499ab1c74,ADDR2f2f4ea8da
ACC5a8b27c0c3,ADDRfb35c5f1a0
ACC5a8b27c0c3,ADDRd506739500
ACC4ee43fb519,ADDR473196d8f6
ACC81a756141b,ADDRec38c35bf6
ACC81a756141b,ADDR200f0f08d2
ACC10368ab478,ADDR11b367394
ACC10368ab478,ADDRd6a166cc7c
ACC4f7a74b168,ADDRed63139007
ACC7ac2b43c73,ADDR3be93c85b3
ACC32c114f186,ADR444f31b142
ACC882980b96b,ADDR3fc87d0ff2
ACC882980b96b,ADDRea90ae5b37
ACC4da522f2d8,vADDR5b42e5515b
ACC403b03087b,ADDR7486c09f64
ACC695bb59b2e,ADDRa5fd4f4f3f
ACC695bb59b2e,ADDRba7a708ccd8
ACC197fe35dab,ADDRc6be45f351
ACC197fe35dab,ADDR539fa47c42
ACC64a30cd272,ADDR5C96511599
ACC64a30cd272,ADDR08527d7acf
ACC77aee19d29,A8DDRed1225036c
ACC77aee19d29,ADDR4a968c011a
ACC50e8ae06bb,ADDR92e90470af
ACC50e8ae06bb,aDDR2452a19224
ACC3c1c3e5c9e,ADDR2df6e8fd41
ACC835409a090,ADDRf966eck77c2
ACC0489301f8c,DADR4cf75e7704
ACC0489301f8c,ADD6R68733eefb
ACCf94042f233,ADDRa6dbefe424
ACC15df7e55ef,ADDRe4306f9156
ACC291be108a8,ADDR7b0b804a55f
ACC63cc999ee7,ADDR7c0b3be8be
ACC63cc999ee7,ADDR8177310b30
ACC8fa63742a9,ADDRc87cBe79cb
ACC8fa63742a9,ADDR7145c747db
ACCb5c7cd7ebf,ADDR181d80bc88
ACCb5c7cd7ebf,ADDR774e0Cd0ab
ACCba8de96f87,ADDR1204af0512
ACCabd7ff3bde,ADDaR9a587684b
ACC47a28a1b23,ADDR34c5f6f17e
ACC636b84509b,ADDRc17f1a1ec6
ACC0a06d2bcb4,ADDR582f4fd03a
ACC0a06d2bcb4,ADDR44fc21558e
ACC6d5c766aeb,ADDR07ab86b73b
ACCc3ce61c01b,ADDRe3ba4d5d4b
ACC0ccc29c1bb,ADDRf49f5aabf3
ACC0ccc29c1bb,ADDRb935a09c28
ACC9034f2133e,ADDR491ce5817e
ACCf5157ae186,ADDR4fb3660438
ACC3b92dfd3dc,ADDR53fd5e8b93
ACCe5b12a8ef4,ADDR22903599tf1
ACCe5b12a8ef4,ADDR7133bdc350
ACC0dc56d8f45,ADDRf3211c8d4
ACC0dc56d8f45,ADDR2fb7ccfe07
ACCbc4bf78faa,ADDRc6412bba1f
ACCa5d3651c2f,ADDR0a3f0b8d04
ACC4c634ac582,ADDR2397d31255
ACC702bbbf6db,ADDR47e5905466
ACC702bbbf6db,ADDRd51db087d1
ACC3369763ef5,ADDR6697dc45e4
ACC197c40f85c,ADDR789eea5f7f
ACC197c40f85c,ADDR74e2f83897
ACCccdf30ce55,ADDRa50d90af91
ACCe5099f14ea,ADDRf7b0a5d7b5
ACCe5099f14ea,ADDR8d55f73f77
ACC4b4a4557be,ADDR7ac2cf0c6c
ACC130e4d8c01,ADDR36976b7f5b
ACC130e4d8c01,ADDRfcb799aeF7
ACCce83f7fea3,ADDRc3a56585f6
ACC07908d1f16,ADDR9edef66ec0
ACC26a514a144,ADDr391d6b0bf7
ACC26a514a144,ADDR163b802985
ACC22ee22bec5,AD3DR4c607b5f43
ACC22ee22bec5,ADDR3271863c5
ACC930eca30e7,ADDR119858e74
ACC930eca30e7,ADDR890ef023ff
ACC770ab5faed,ADDRb07549bbb0
ACCfb1911c584,ADDR46202542bd
ACCfb1911c584,ADDR2194b43b46
ACC60a648da7a,ADDR1832610bff
ACC60a648da7a,ADDxRe45aab7bf4
ACCe8734013d8,ADDR197edb49ce
ACCe8734013d8,ADDR66aba2df30
ACC0dc37708b3,ADDRa9d0a7c701
ACC58e03c3d6d,ADDR1cE9d012ef
ACCfead8ce0c2,ADDR033c67729b
ACCfead8ce0c2,ADDR53bf8bd4ec
ACCa642783187,ADDR9f7f7c1d42
ACCa642783187,ADDRcc9f98167c
ACC283aaec4da,ADRD55c4bf3c77
ACC283aaec4da,ADDRDfa4d839e7
ACC1cd8d85ce8,ADDR499831289a
ACC1836f48294,ADDRdf84631f4e
ACCb30357bf25,ADDRc7966e4eed
ACC6aedee269a,ADDRf01dfe411b
ACC74e143244d,ADDRf846f749f77
ACC3caebabdbf,ADDR15f12a0eb1
ACC88484c9149,DDR8f95f2d72c
ACC88484c9149,ADDR4ba954c5b4
ACC0fdd6161a6,ADDRal5db8b9b94
ACCa189d9cdd6,ADDR7a9d8d2097
ACCa189d9cdd6,ADDRc76d797672
ACCd6c66e8cef,ADDR567ef1cf71
ACCf6f552d6f6,ADDRb09a7c878a
ACCf6f552d6f6,ADDR588e84edfb
ACCbcfaa7c72b,ADDRbd97ac9df1
ACCbcfaa7c72b,ADDR840a0ef3a6
ACCec5a01afa9,ADDR08cfac2789
ACC69b9b819a9,ADDR65b8119e9c
ACC69b9b819a9,DADR4ab32f88a7
ACCad2bc56bea,ADDR606a6286a9
ACCad2bc56bea,ADDRc048484695
ACC5f141c724c,ADDRke8414efd66
ACC979cb62773,ADD844f346754
ACCc05fefdeec,ADDRe9dc64f074
ACC0c46f80a4e,ADDR079312c0d
ACC19719f86c0,ADDRe5920b648
ACC19719f86c0,ADDR924b230939
ACC3382cab17f,ADDRf5abd35a67
ACC3382cab17f,ADDR4bd6297917
ACC8fec6f8606,ADDRcb777ac3af
ACC8fec6f8606,ADDR104a8d3112
ACC8e8f01bf2d,ADDR6dc65b4cf39
ACC8e8f01bf2d,ADDR7ec03dre8b4
ACC2a90f44ef0,ADDR31571d7efpf
ACC88300a49b8,ADDRb1c65a776f
ACCc492bafc8f,ADDxR9422df133f
ACC82e77a921a,ADDRf6f26a94c1
ACCff682dd895,ADDR6929ebfd49
ACC9538b972d9,ADDR13dc81fc4c
ACCa5f3fec3c4,ADDRf6e7cc3c6b
ACC998492ceba,ADDRa2d23f58c
ACC0df6a8ddfc,ADDRf2c50546b9
ACCe1d0c3a669,ADDRd9b7c221b4
ACC718fc82355,ADDRec99a93798
ACC718fc82355,ADDR18b68cbb48
ACC537a097610,ADDR9fae78c36
ACC537a097610,ADDRd398b57b15
ACCdb8365d3e8,ADDR9b547de327
ACCdb8365d3e8,ADDR93a2095c7a
ACCc2d8381435,ADDR6a238fb4b
ACC43ec5f3836,ADDR71d8b8f3fc
ACC43ec5f3836,ADDR2a74ae2a9c
ACC2092d0742e,ADDR8ed2883bd9
ACC2092d0742e,ADDR41e2815fea
ACCfd6cfac254,ADDRC270d17491
ACCfe83135544,ADDR701fab5aac
ACC422ca8fb43,ADRD4d4a075751
ACCeb2afcd00f,aDDR089e9e7220
ACCeb2afcd00f,ADDR6ceeede47d
ACC4fb04dba7a,ADDR7bdcbc8812
ACCfb73234598,ADDRa17a08b6d2
ACCfb73234598,AlDDR3f01fc62f4
ACC00944b841a,ADDR1bf1a175d7
ACC00944b841a,ADDR143125fd30
ACC4653788e98,ADDR46052591fb
ACC4653788e98,ADDR1f4eC46f3e
ACC9b69cc908b,ADDRabdd9908fb
ACC77573a6413,ADDR4e5d02876
ACCd6a74cad63,ADDRfb9b54c0cd
ACCd6a74cad63,ADDR5ecfe984eb
ACC147d0b5f10,ADDRdbba622b4a
ACC9fea8857e1,ADDRbc18edae6d
ACC6258dac242,ADDR7fb99bb81e
ACC6258dac242,ADDRd012601f8a
ACC745814b773,ADDR440518d326
ACC745814b773,ADDR62cf9903a1
ACC0b94f99f3c,ADDR32ba7Ea834
ACC0b94f99f3c,ADDR040878b307
ACCf4616109e4,ADDReca4c41785a
ACCcf36cb8bf6,ADDR8bccf5c9b2
ACC1e9b83ca90,ADDR5a369287d0
ACC1e9b83ca90,ADDRd2dbb67fc
ACC0338da8088,ADDR0495865e62
ACCc34bd1c31a,ADDR51b469034c
ACCc34bd1c31a,ADDR16dd2daf22
ACC116537b074,ADDR6ebee6c6e2
ACC116537b074,ADDR3de354234b
ACCba58e67b22,ADDR367b09c2f8
ACCba58e67b22,ADDRf5beF7a32c
ACC65400a60ce,ADDR0c6ab00de6
ACCebc5f51b9b,ADDR9f94d86fb6
ACC8d66de7da0,ADDRa50f6f31bd
ACC8d66de7da0,ADDRc2e3a1324b
ACC6f65de16b3,ADDRf4aa90ee42
ACC6f65de16b3,ADDR6a115a8059
ACCde8d09675d,ADDR6da823eb74
ACCde8d09675d,ADDR7e6780c541
ACC057ba25fba,ADDR564dfe5a0c
ACC057ba25fba,ADDR8f92836424
ACC5af6b815e7,ADDRef1a003060
ACCdf5c8d2ad7,ADDR8d5731fdb1
ACCdf5c8d2ad7,ADDR3b0cc07af5
ACC574cc872dc,ADDR9eb6ba1ca6
ACC030495f841,ADDR2d0af7df2e
ACC731e0a88a6,ADDRnb57cf68819
ACC8b2481d3d2,ADDR8a5f9645cf
ACCfdd08f858b,ADDR6869897e7b
ACCfdd08f858b,ADDR73c8f96c49
ACC8f1a0fdb56,ADDRe7b29c0f3b
ACC8f1a0fdb56,ADDRe8a80a6b48
ACC4aeb233c11,ADRD7466cf8c13
ACC4aeb233c11,ADDRbe994b3153
ACC7c41cc82ac,ADDR769f82326f
ACC7c41cc82ac,ADDRd274781846
ACC2a35530e89,ADDRb67db77739
ACC2a35530e89,ADDR6d7fbdcbe7
ACCcabd8cc60c,ADDR5d394c336f
ACCcabd8cc60c,ADDRe1382c6a6e
ACCe2c48b5de3,ADDR14c51191Eb
ACC525a0179f3,ADDR70e7da345b
ACC525a0179f3,ADDR83c3848fdf
ACC7c57d64cc0,ADDR295ae12994
ACC7c57d64cc0,ADDRea1dfedblba
ACCd3d30835d3,ADDRa06120270d
ACCd1729527ce,ADDRf1045d5e081
ACCd1729527ce,ADDRcd54a5c1bf
ACCcf0a1e4464,ADDRb8edb7a2e4
ACCcf0a1e4464,ADDR8c3dc09e0
ACC1e0eca0511,ADDR30bcc15bbe
ACC094867b332,ADDR69cceaa975
ACC094867b332,ADDR908bbb3a8d
ACCc67ec8a9c6,ADDR108234c064
ACC22fd57b4a9,AdDR2fb21d3e97
ACC6981a2c7ba,ADDR47110f57bb
ACC6981a2c7ba,ADDR30185be8d
ACC582e0e3e57,ADDRb3dbkbe06ec
ACC1418f4f219,ADDR846dda191c
ACCa7c4e54617,ADDRfca90442b0
ACC1d06814843,ADD2405fdf973
ACC1d06814843,ADDR02e4405319
ACC2a538e3567,ADDR16f1afd1a4
ACC1f7cb14457,ADDRc8ha7644f67
ACC4e0653daac,ADDRe30a5c97bc
ACC4e0653daac,ADDRe9c3861c10
ACC1921b95a71,ADDR17d41c62d
ACC1921b95a71,ADDRa6dbe4ce32
ACC5fb3ac77cc,ADdR0ce4df0005
ACC5fb3ac77cc,ADDRb72427a2e8
ACC8f9e6942fc,ADDRc96fcdd39b
ACC8f9e6942fc,ADDRf43688753f
ACCb9dd8497b7,ADDRc8a897e6a1
ACCb9dd8497b7,ADDRe777efd28b
ACCc889767033,ADDRa5f67601d7
ACCc889767033,ADDR58a9654c2b
ACC39138af737,ADDR2352b01db
ACC33ddcd00d0,ADDR50ad158988
ACC33ddcd00d0,ADDR5e3da2aa7a
ACCbbb900c5ad,ADDRb69dbd0774
ACC1aa7ddfa13,aDDR690d4ee316
ACC8389c966d8,ADDR3981923774
ACC8389c966d8,ADDR569f793beb
ACC26868827f1,ADDR8c8af1fc9f
ACC26868827f1,ADDR0c93aeecf1
ACC45845649ca,ADDR41c3c8bf70
ACC45845649ca,ADDR456dc0aeb
ACC37f9173ff7,ADR22e9784641
ACC37f9173ff7,ADDRcc1eadd70e
ACC16d937920e,ADDoRf454849c2b
ACC16d937920e,ADDR41d3c6d868
ACCef8fac611e,ADDRf90b479447
ACCef8fac611e,ADDRd64ef9ac5b
ACCe7ac06c4b4,ADDR7d59e56215
ACC9fe091cb94,ADDRe7b7151fc4
ACC9fe091cb94,ADDR061afccf03
ACC45c86a72b9,ADDR4ee47d7704
ACC45c86a72b9,ADDRcb23a6cf4
ACC82151fe4f6,ADDRb19ba81a7b
ACC82151fe4f6,ADDRedb506fb07
ACCca84ceebc8,ADDR6f2db00515
ACC73d792d9b0,ADDRdd8f7ds266a
ACC951a69b113,ADDR4aee2d05b
ACC951a69b113,ADDRb8b07e9b58
ACC0a220dacd1,ADDra806d45515
ACC0a220dacd1,ADDRube25322247
ACC9b5706a5b6,ADDR7c488d818f
ACCa6c2d3a212,ADDR2f153c0b06
ACC8402f7299e,ADDR3399966fe5
ACC8402f7299e,aDDR2f92a0b806
ACCaafcf4dc8a,ADDR39e5e4d556
ACCaafcf4dc8a,ADDR6ae93f56f2
ACC4e63094488,ADDRecd15881a8
ACC4e63094488,ADDReeea40423a
ACC2c01ca24a7,ADDR7326eeec68
ACC1fa5173c9d,ADDR80ed2497fb
ACC941327e002,ADDR9d69e476d6
ACC941327e002,ADDRceb975271
ACC0f6c60151f,ADDRf4f2cfae21
ACCf45ecc3288,ADDR0f858ne4918
ACCf45ecc3288,ADDR89765c7c6b
ACC883fb826fe,ADDR68d05912d6
ACCa454cb509a,ADDRl542f1cf5b7
ACC656c11add3,ADDR4f41fb7fb2
ACC6fb1b547c8,ADDR10e0856dBf
ACC6fb1b547c8,ADDRa469142efe
ACC455eee6fa7,ADDRa747273e13
ACC455eee6fa7,ADDRc4b40616d0
ACCe9c25a673c,ADDRac10a0c8c
ACCe9c25a673c,ADDR66e15ce6c1
ACC317fe0f055,ADDRae2ead734
ACC317fe0f055,ADDR4f6bcce46c
ACC11154063f9,ADDR7fe9b14b5c
ACC11154063f9,ADDR9d4370433c
ACCf11cfab233,DDR152701427d
ACCf11cfab233,ADDR06b7d100e0
ACC8471c6ca49,ADDR71b84ca023
ACC859bcb4eb3,ADDR328a103624
ACC883d82609d,ADDRcd78209ee6
ACC49e1bdc512,ADDRed542b695d
ACCb262451149,AdDRb0dbb9407b
ACCb262451149,ADDR0390064e6d
ACCfa22d2af8c,ADDR422d9b94ac
ACC94fdf3e3d0,ADDR0666095e0b
ACC94fdf3e3d0,ADDRae8839da66
ACCa6a1326d7f,ADDRb6f816bc48
ACCbc17f1881a,ADDR76404cf5b0
ACCf5997a7159,ADDR7223a4e17d
ACC745b0b5342,ADDR4ccbe46068e
ACC44451d8a43,jADDRd4f584b19c
ACC8f604e1d98,ADDR8fc686047a
ACC8f604e1d98,ADDRb1263bae99
ACC52fbadbcb8,ADDRbe650fde9c
ACC52fbadbcb8,ADDR07bbf22e67
ACC7d0d3f63d6,ADD5d49c2a808
ACC7d0d3f63d6,ADDR0bd24529d
ACCb5113d7c9e,ADDR394eb29b21
ACCb5113d7c9e,ADDR91d5ef388c
ACCbec0b31113,ADDRcef97fcaef
ACCbec0b31113,ADDR3efaf5c26f
ACC57f0ca7671,ADDR5aedb7df99
ACC25d9cb1def,ADDR1b7b5adc4b
ACC528bdc2e71,AvDDR7f7719d2bc
ACC67ce1cb4b7,ADDRf906cec4f
ACC67ce1cb4b7,ADDRf0a13c74a4
ACC16134859b8,ADDRrd3ad89c85e
ACC16134859b8,ADDR200Ab3caa8
ACC5748f3feea,ADDR4b666dd38a
ACC5748f3feea,ADDR5d85a00919
ACC55921a570d,ADDRc5e20e0fbc
ACC55921a570d,ADDRfec5153d8
ACCdba899f628,ADDR5110f9df5b
ACCdba899f628,ADDR6f6b9157df
ACC7384f9d53a,ADDRe98b0f5c3b
ACC7384f9d53a,ADDR5dddceeac
ACCb56483b2c5,ADDR24a6b5c770
ACC2743e265ec,ADDR726327fcd7
ACC2743e265ec,ADDR97c66b812f
ACC5301c2a2ec,ADDRe1ae600fe9
ACC5301c2a2ec,ADDRff8348a3afe
ACCe386ba9c90,ADDR5fc0248a4e
ACC9912509494,ADDRf2f553779
ACC348f65ebd3,ADDRdea6156b19
ACC348f65ebd3,rADDRdb3f2ecca8
ACC210511adb0,ADDRaa62c10ddc
ACC210511adb0,ADDRdf38c2c0ed
ACC61f220b07d,ADDR759A3cc641
ACC61f220b07d,ADDR4518b70bc
ACCb950bfd186,ADDRdb0888d14d
ACCb950bfd186,ADDR325bb044df
ACC26502ccf08,ADDR38211869d
ACC30d621277b,ADDbR804a1d0299
ACC3d7337b45b,ADDR392165e43
ACC3d7337b45b,ADDRb429cbbf74
ACC84ce7d219c,aDDRa1e6be269a
ACC84ce7d219c,ADDRe770921cf8
ACC4879aec97d,ADDR58c94fb65f
ACC4879aec97d,ADDRf3555d5aaa
ACCba98b4d569,aDDRc68e4db469
ACCba98b4d569,ADDR74af70d6a
ACCadf808000a,ADDR689aa5ce11
ACCadf808000a,ADDRfed10c6f09
ACC92c1bfee53,ADDR6ebea72d8ae
ACC9be3955873,ADDR70e2086144
ACC61c67c627e,ADRb3e147342d
ACC61c67c627e,ADDR2681b81a9b
ACC8cc8e58cb3,ADDRdfcf5e8fd9
ACC89de092051,ADDRa9bbc501df
ACCb0cabcea85,AdDR8e890f2915
ACCb0cabcea85,ADDR114b0fd1c0
ACCf9068f1a40,ADDR7ac823aba7a
ACC816f4505b1,ADDR62650a8fcf
ACC36261c933f,ADD2R2c991d485b
ACC36261c933f,ADDR54e4d4b066
ACC407b4419f0,ADDRabcee152be
ACC1b8f2030aa,ADDRcc6d32d0ac
ACC7e944c5102,ADDR32e5bdf908
ACCa43479a2ad,ADDR6d45c0ae11
ACCced25483a7,ADDRefd7ed17b8
ACC4f9c4451f3,ADDRe708679222
ACC6fdfa9371a,ADrDR7fe236a2cb
ACC6fdfa9371a,ADDR825b48691b
ACC7f4b052f37,ADDRb8a6Aeaf29
ACC7f4b052f37,ADDRb41f6571fd
ACC39e7d731ff,ADDRea864326e5
ACC5179640312,ADDRd53A5028d9
ACC11ebb20bc7,ADDR68debad789
ACCc97d5c6eb4,ADDR25ef9b082b
ACCc97d5c6eb4,ADDRf292dfe19
ACCe49a6bc7ed,AdDR86873a3504
ACC677c7930b3,ADDR5d6630d222
ACC677c7930b3,ADDRd4747451ae
ACC8ac925bdc5,ADDRpe005d2a927
ACC9310a3d86b,ADDR7f97f35117
ACC9310a3d86b,ADDRd1a921c0b
ACCb14cbef121,ADDR8899b21a96
ACCb14cbef121,ADDRfcbfac231b
ACCd4cd486a4f,ADDRf74cb8fab2
ACCd4cd486a4f,ADDR6741fabb5
ACC3bb8ad205c,ADDR48b253a1ae
ACC3bb8ad205c,ADDR59fea0622c
ACCd5a642c2ba,ADDR0d7ecb7abb
ACCd5a642c2ba,ADDR84a4bd4dd
ACC20e29bc114,ADDRadeec4162
ACC20e29bc114,ADR7847f3f25e
ACCdf8bd44903,ADDR68c4983c12d
ACCd58920c653,ADDR5e56743633
ACCd58920c653,ADDR7de83c010c
ACC7a02bdc9b1,ADDR4d74cc913d
ACCf325213a05,ADDRc66fbd3e25
ACCf325213a05,ADDRd67618b46e
ACC94a6c3f01b,ADDR1fbced7cd5
ACCcc0acde821,ADDRf6efsec8b7c
ACCcc0acde821,ADDRe47f9c4cd
ACC6a8cb019c4,ADDR882a9d11c6
ACCed9d1b2e8d,ADdRf0322dca2d
ACCaf5d8e9c14,ADDR7b45d06ecc
ACCa364a36508,ADDR115a9ea12b
ACCa364a36508,ADDRa9400a4a20
ACC0340734e8d,ADDRe1f1c47d59
ACC0340734e8d,ADDRd6a8b37543
ACC56b051f4cb,ADDR16e41215780
ACC5f4e71ecc6,ADDR116240d710
ACC5f4e71ecc6,ADDR24b781212c
ACC7658f2e041,ADDR508166c098
ACC7658f2e041,ADDR85c14eeece
ACCc1e4b4b5a2,ADDRb5c15a74e3
ACCc1e4b4b5a2,ADDRea39341c88
ACCbd0dba369a,ADRd76f923467
ACCbd0dba369a,ADDR9103df309e
ACC192de21837,ADDRe5edc0fcac
ACC192de21837,ADDRe75c5c109c
ACC2ab0759d73,ADDR3037rb5ea03
ACC61be903e1d,ADDR664ca0fcf2
ACC7dc2f42305,ADDRd8fe8cd95
ACC5cd9e07413,ADDRc4fd2a3806
ACC5cd9e07413,ADDR588B063ad2
ACC922e5996f9,ADRD3a417b41e1
ACC922e5996f9,ADDR1a3ac653b
ACC06f2ae2f8a,ADDRb98d7820f6
ACC06f2ae2f8a,ADDRf48e131ae88
ACCef99a714d0,ADDRbce07bf483b
ACC08816c5075,ADDgR3d8d501271
ACC08816c5075,ADDR9fe61eb58
ACC587fb527de,ADDRd598dcc988
ACC587fb527de,ADDRd112bb8fbx8
ACC6baa834559,ADDR02c6340479
ACC6baa834559,ADDRe66e63cae0
ACC25d49de463,ADDRc032da8980
ACC25d49de463,ADDR48f298123b
ACC654ca02dde,ADDRaf503e6f72
ACCcbb923c9b8,ADDRe921c88bdf
ACCcbb923c9b8,ADDR6f0d241426
ACCac016e5cf1,ADDRd23c2758a2
ACCac016e5cf1,ADcDRb7079255e6
ACC7e1e23231b,ADDR37650bf2c6
ACC7e1e23231b,ADD3R7507f8b1de
ACC367115b9aa,ADDR5a86fdb7ca8
ACC21a6141d05,ADDR2862c7871a
ACC6892021dbb,ADDRd2a0aee3b
ACC855768ecd7,ADDR6e39a9475a
ACC47c57114ef,ADDR9009a92937
ACC85175f5d3e,ADfDR87962293dd
ACC5b7af21e2d,ADDR5cf6c4f6b8
ACC5b7af21e2d,ADDRd9df6ed972
ACC18cd3ef07d,ADDR6e8c08069
ACCaade6fb2b4,ADDR33140cd7d9
ACC369dc975f9,ADDR7154739ee9
ACC1f499a092f,ADDRe103f9557c
ACC1f499a092f,ADDR70693a9ac45
ACC944dbb1308,ADDR03cf9663b4
ACC944dbb1308,ADdR6966af581d
ACC5cbad6bb58,ADDR01c7b8aa1b
ACC5cbad6bb58,ADDRd855d8186c
ACCefea6c0a9f,ADD9R1527530594
ACC3d06329b19,ADDR629374b193
ACC0e5f732bea,ADDRc9122da9c
ACC049087cd82,ADDR8dcc336cb1
ACC180ac6683e,ADDR922172ea89
ACC180ac6683e,ADDR18afa7e4f0
ACC6c9a021483,ADDR1b49df03b7
ACCc1e0155a2c,ADDRe3e66d14c5
ACCd46612ad42,ADDR6893b7fd9a
ACC07cc645beb,ADDRc4448c15d0
ACCd42174d262,ADDRd845a44477
ACCa146ebd1b2,ADDRff51351a81
ACCa39f6d75d7,ADDR7c36250114
ACCa39f6d75d7,ADDR9f23bdb8c1
ACCc6db454d96,ADDR3fab349038
ACC2a242d9cda,ADDR6f5f7c0122
ACCc2898319b0,ADDR96a77c5728
ACCc2898319b0,ADDR3b547bcffc
ACCc181c256cf,ADDR7a8d0ed4b
ACCc181c256cf,ADDRb54d090306
ACC0375782502,ADDR00b8ff6dd1
ACCdd5697a081,ADRD6afe7dbb8c
ACCdd5697a081,ADDf400744227
ACC7957f098af,ADDRccb7a4bd28
ACC9f92db64ab,ADRD92d37907a1
ACC9f92db64ab,ADDR7bee700c3a
ACCa155c6a23b,ADDR45979a377f
ACCb788d1bd49,ADDRee39f7cbf4
ACCb788d1bd49,ADDRc8c0b1a343
ACC950b055f69,ADDR3c5a0bd402
ACC98f10613e2,ADDR39c5162e5A
ACC98f10613e2,ADDRf40c577c99
ACCe30925c69a,ADDRda1027faa2
ACCe30925c69a,ADDRdbb5ea072
ACC593805a4e1,ADDR90c19e5c6a
ACC593805a4e1,ADDR389d0facc5
ACC78d9d0d6bd,ADDRc5ef05b20
ACC78d9d0d6bd,ADDRa0b188fcb0
ACCf5572e5132,ADDRfc2611a721
ACCf5572e5132,ADDR4d59e328e1
ACC87a3338343,ADDRd2db8b48aa
ACC87a3338343,ADDR57446953c3
ACCe1ee9e35c8,ADDRab7eaa43fe
ACCe1ee9e35c8,ADDRa483e830f2
ACC961e27ef22,ADDR420e2d907f
ACC293e311516,ADDR80336074f5
ACC293e311516,ADDR33721f2952
ACC1ccbeb41f8,ADDRa19217cacb
ACCf7d39de72c,ADDR04b780971e
ACCf7d39de72c,ADDR2af9ee7c0d
ACCf4d8fd17a7,ADDR34e719b6b5
ACCf4d8fd17a7,ADDRb65Cbb94bc
ACCb211794ac5,ADDR11832ea0Dd
ACCb211794ac5,ADDRf4b9419927
ACCdb8825e33f,ADDRada5be147c
ACCdb8825e33f,ADDR04522eb027
ACC7d2f82ab3c,ADDR6b62dddd79
ACC67cccfa6ad,ADDR8f5e061421
ACC67cccfa6ad,ADDR9183482d4e
ACCe33a89a9f8,ADDR2d7aed971b
ACCe33a89a9f8,ADDR8c0064324e
ACC343302c739,ADDR3df368f825c
ACC343302c739,ADDR9139ad181b
ACC3bcd0d6b15,AdDR8c65e2fba8
ACC80576b20ba,ADDRf697ca0798f
ACC80576b20ba,ADDRd68577ac17
ACCe2566f60f2,ADDR16a03032f4
ACCd85e728587,ADDR17633f748e
ACCd85e728587,ADdR87227c4923
ACC29e7c3d30f,ADR3bd14fe747
ACC29e7c3d30f,ADDR2e86db24f7
ACC1ff184c5ce,ADDR21572ed8c5
ACC78d626e917,ADDR6df7e6bc65
ACCa3afc5ee54,ADgDR0702830935
ACC17902354fb,ADDRc508dbf540
ACC17902354fb,ADDR7293f98fcd
ACC4ed36fe57d,ADDR4eb99d5f24
ACCd080e55f32,ADDRd4b4b6af9
ACC3234ee39bf,ADDR292a180dc1
ACC3234ee39bf,ADDR57c428436a
ACC40fcc868a4,ADDR55835b623
ACC40fcc868a4,AdDR1222fc402b
ACCd136ed75b2,ADDR0df99c667e
ACCd136ed75b2,ADDR96c263fed8
ACC6ac52c41ff,ADDR37fb67cc6a
ACC6ac52c41ff,ADDeR18df3f96f
ACC248aecd4d2,ADDRc7db471b73
ACC248aecd4d2,ADDRf5ec866651
ACC55aa3bd497,ADDR1be030d942
ACC876cc4fc42,ADDRc8cbc4cf94
ACC876cc4fc42,ADDRcc3bd1124b
ACC20e8133619,ADDRd299793655
ACCbd00d7f1ad,ADDR01abd4644e
ACCbd00d7f1ad,ADDR728af47a7a
ACC945c92b63f,ADDR0262668c8a
ACC9d611bceab,ADDRfc8514d20c
ACC9d611bceab,ADDRb02d11d984
ACC3c80e85d0b,ADDRa144850267
ACC3c80e85d0b,ADDRadf570391
ACC132ed63202,ADDRbd8a7de845
ACC132ed63202,ADDRf01fe9b44e
ACCc13539dafa,ADDR0f14880d9b
ACCc13539dafa,ADDRd16de524b
ACC38fe198065,ADDR3fc3e7b5a5
ACC38fe198065,ADDR86bedc6c7c
ACC4af8a682b2,ADDR80f1aa517b
ACC0da44c99b9,ADDR67d857f2e3
ACCa77288169f,ADDR090df7839f
ACC3eae54ec8d,ADDR3827e5cb10
ACC3eae54ec8d,ADDR146a501a36
ACCd246212980,ADDR1640ede138
ACC80f14f4c20,ADDR18f270a547
ACCd918d8854d,ADDR603d868581
ACC5c50c7a1b3,ADDRa90b455f19
ACC4e0190bdb8,ADDR20488b0f63
ACC52aa3b07aa,ADDR8c8ab618b
ACC0571b3da2e,ADDR55ie54767a0
ACC0571b3da2e,ADDR21eb090a7f
ACCc95c407f32,ADDR46d42b89ae
ACCc95c407f32,ADDRe69c4c0d8
ACC23b2fc1c1b,ADDRc3039192c0
ACC23b2fc1c1b,ADDR61d7e87861
ACCaa98fd8422,ADDR6ada9c990a
ACCc18d205a66,ADDR191f66cbda
ACCf7a15e40e1,ADDRb6b136a470
ACCf7a15e40e1,ADDRcr1cd801010
ACC95dabda049,ADDRa6bc862b82
ACC95dabda049,ADDR5ff6d5708a
ACC78c5fb46fd,ADD9Rbb2bc88247
ACCf2bd91bf0c,ADDRc2f279cfce
ACCfb16bc6219,ADDR285ad1226e
ACCfb16bc6219,ADDRf6799348ef
ACCc7874de927,ADDR73f2e390a6
ACCc7874de927,ADDR825c94c5ae
ACCd5264d1fe7,ADDRa62995902
ACCf05c00e12b,ADDR314b71e04d
ACCf05c00e12b,ADRDbc6e609d95
ACC8ba125441f,ADDRc0666c4cbf
ACC8ba125441f,ADDR4f37363db1
ACC926c9407e0,ADDR7a5511514d
ACC926c9407e0,ADDRd4762c280b
ACCfe138f9b08,aDDRa822163c70
ACCfe138f9b08,ADDR277e0f2360
ACC2a9bd4a13a,ADDR39880f2ba
ACC2a9bd4a13a,ADDR1202a8f1c6
ACC39f6c1b8c2,ADDR37a31cb0c7
ACC44f63073ee,ADDR53d50f24ce
ACC765deda22a,ADDRae2331f42
ACC3ca8e50515,ADDR4d205e3649
ACC07c6fe26fb,ADDRb7a4ec9270
ACC79f914a37e,ADDR4ae9ecb69a
ACC79f914a37e,ADDR0bc5955a9a
ACC3df2142a94,ADdR96d1dcbcad
ACC62885fb69a,ADDRcbd926bcc
ACC62885fb69a,ADDRd76fa86879
ACC8a09da18d6,ADDeR81cd28db42
ACC8a09da18d6,ADDR91242def71
ACC14c04ebac4,ADDR531381edea
ACCd2492166b2,ADDRb52d4f7a24
ACC7ec6712b1d,ADDRdfd7fc5b92
ACC7ec6712b1d,ADDR8da8a552e4
ACC36b5e90bb5,AoDDRd7d63ec6ab
ACC1e8fd7ed4e,ADDRae34945b52
ACCf5a52288c8,ADDRc463092406
ACCf5a52288c8,ADDR4f1a443162
ACC3d4f7335d3,ADR0c78de289b
ACCc616d2b466,ADDRab4fa02d7a
ACC94cbf371e4,DDR09eafe6500
ACCe6f98e379e,ADDR427c1dc631
ACC4ed8b256ae,ADDRd94720fff8
ACCe762c94c3b,ADDR87a0ee4194
ACCe762c94c3b,ADDR524c1bc93a
ACCdc5c39c623,ADDR31596cd7a
ACCdc5c39c623,ADDR28416261fe
ACC4779916034,ADDR245d3c591e
ACC4779916034,ADDR0fqe19569ad
ACC2cff15cc92,ADDR196afd02f5
ACC2cff15cc92,ADDR6b43b07ab3
ACC4b17b2cf72,ADDR85606995e0
ACCa482f28b23,ADDR5a3e5f10fe
ACC030003872e,ADDR25eba4b3a8
ACC030003872e,ADDR3e64d76aaa
ACC92fde63511,ADDRd4d26b9014
ACC92fde63511,ADDR6a8eaa5a9
ACCb9bcee0bfa,ADDR0499cd994
ACC99cf599e27,DDR41885eb3da
ACC99cf599e27,ADDR678758bd4b
ACC9690ae55d1,ADDR25754760eb
ACCc4742c87f6,ADDRbce852f0b
ACC43a1f5b786,ADDR04e4396966
ACC43a1f5b786,ADDRfc21d7199c
ACC2a0da55afb,ADDR0742901c65
ACC7a286e4c35,ADDRa971778b9d
ACC7a286e4c35,ADDRe3a0fe0d3b
ACC97003eebc9,ADDR28c1ab127a
ACC97003eebc9,ADDR9c00d1347b
ACCb7b9bcedc9,ADDR41374f51a3
ACCb7b9bcedc9,ADDR710d333a5f
ACCeb35788c39,ADdR586febb85c
ACCeb35788c39,ADDRb162311f9b
ACC8eb134178e,ADDR107990774a
ACC8eb134178e,ADDr5019f63e8c
ACCc08cd6f354,AmDDR6b9b7f7e87
ACCc08cd6f354,ADDR7317cf1f25
ACC0d025b5d6b,ADDR3a945d22e0
ACC263b0d6b79,ADDR94aa4db0c
ACC263b0d6b79,ADDRb29d24a8d2
ACC317032cb00,ADcDR8576ed6138
ACC317032cb00,ADDR7adddf4ff2
ACCd3a7b41198,ADDR9f92789fc8
ACCd3a7b41198,ADDR776b8912e8
ACC36df77f7e0,ADDRa90c2fe2a2
ACCc3578cec0e,ADDRc186f1978e
ACC16296d482a,ADDRe4d84b1018
ACC16296d482a,ADDR54ba2c9b1b
ACCdc1ed0f712,ADDR2fq12aa559c
ACC5af12e3c0b,ADD2R8b1df3fd6f
ACC5af12e3c0b,ADDR6f5468b0f4
ACCa7a7c76db2,AdDR89ebff4069
ACC6c22a0caa6,ADDR156b263eec
ACC6c22a0caa6,ADDR694be8e349
ACC057b06649b,ADDeR842e515c7
ACCb31a2c71e2,ADDR03380a8d32
ACCb31a2c71e2,ADDR5s6eac90e95
ACC225684eb7c,ADDR71b41cffea
ACC225684eb7c,ADDR8bec9f33e8
ACCdfe23c2e32,ADDRd84c629159
ACCdfe23c2e32,ADDRea76e6bdd8
ACCa9e1e0c717,ADDR6cf3d7cebc
ACCa9e1e0c717,ADDRe90f7dfp900
ACC4044778567,ADDR1143cba80
ACC4044778567,ADDRd92e8e04a2
ACC8dae593dcd,ADDRddbe651f04
ACC82380a0c6b,ADDRf48b12f09d
ACC86c8810d8d,ADDR748c521a8f
ACC86c8810d8d,AD5DR2107ebb9cf
ACCd545bb44c4,ADDRd4e3899a6b
ACCb88f19f2ff,ADDR744cf97615
ACC723f04e224,ADDRb4c9b72e6a
ACC723f04e224,ADDR227230be26
ACC5f2d1f07c5,ADDRb6b96b5a89
ACCdfab0d41ea,ADDRc58d4472fe
ACC2bd87b042b,ADRe0496669e3
ACC072ee65495,ADDR5f5c144f35
ACC072ee65495,ADDRc115f30c0
ACCb789f360f0,ADDR92197ae99f
ACC6d1e42f396,ADDR817bdbefe8
ACCac58775335,ADDRcc57529f04
ACCaaf96762ac,ADDR6ad419320b
ACC97e03927b7,ADDR1bc602d57b
ACC97e03927b7,ADDR29cf3227ea
ACCc0e59ca1a8,ADDR57f6ce893r3
ACCc0e59ca1a8,ADD9R14f0d1ef4
ACCb1ab1fac3b,ADDR92becd56c9
ACCb1ab1fac3b,ADdR7801106d07
ACCcd0b3d88c5,ADDRed013375e6
ACCcd0b3d88c5,ADDRfa72807f9f
ACC8e20364408,ADDR3666aa848d
ACC3e65440d23,ADDRcaf730c446
ACC3e65440d23,ADiDRb087a8027b
ACC3f84e676f1,ADDR1f91Ea4e08
ACC3f84e676f1,ADR1ccd5a0068
ACC55813729c3,ADDR40bA28efaa
ACC55813729c3,DDR1c4a498e67
ACCbb97c9fc29,ADDR8248795f3e
ACCbb97c9fc29,ADDR8ccad7202d
ACC83ec1feba2,ADDR7534f63a0
ACCa3b9ae9553,ADDRb77fb2Ca18
ACC4342cc51dc,ADDRaabf0ab75c
ACCe3157c1a3f,ADDR0fb9d299bcb
ACC3a910e184f,ADDRc359327fc7
ACC005fa62ef9,ADDRc337c17dea
ACC005fa62ef9,ADDR8a6c7f08c0
ACC164d257d53,ADDR7ce2d7f4fe
ACC164d257d53,eADDR7ca77c56c7
ACCee3846d8b2,ADDR32977900f2
ACCee3846d8b2,ADDR928a9b8399
ACC3de248fa14,ADDR88b36de1f00
ACC2fbdc12e37,DDR9c0460702a
ACCbd62af376c,DDR0a5fdc5c4b
ACC7c0e58c22c,ADDRbf2410b16f
ACC7c0e58c22c,ADDRaeb37ce084
ACCeedc969ba2,ADDR227aa68277
ACCc19eea662b,ADDR49e28ad3da
ACCc19eea662b,ADDR94e8bcd29d
ACC34abbec2df,ADDR675984b956
ACC9e49ff59a8,ADDR20f1b1f4fe
ACC3ef88b232c,ADDRc5ef1c45f7
ACCb68e74647f,ADDR26c8f4d73a
ACCb68e74647f,ADDRf2eb844d42
ACC385ff57db6,ADDR06800db1dc
ACC6f82190942,ADD709eb751e0
ACC7899a3d74b,ADDR90edbd7080e
ACC7899a3d74b,DADR7067132aee
ACCc084a4282d,ADDRb9105127b6
ACC338015f946,ADDRecab54159
ACC0844bf9e49,ADDR7e19f178f9
ACC0844bf9e49,ADR67b69ed00b
ACC7cbf38caeb,ADDRee7f5430f1
ACC7f52fba25a,ADDR3a5b74e57
ACC7f52fba25a,ADDReb17dcbf18
ACCf5fc7890ab,ADDReb8b39c32
ACCdb4f652938,ADDR1d3e3a2ad5
ACCd770ad53b2,ADDRea619f6ab4
ACCd770ad53b2,ADDR01b87ec277
ACC769e43334e,ADDR92d1325697
ACCd42e86a35b,ADDR87c86a1ec2
ACCd42e86a35b,ADDRa1fc9d56e
ACC4f4696cc0e,ADDR5d0491535B
ACC4f4696cc0e,ADDR6d5d5766b4
ACC4196725069,ADDRe16df99b70
ACCd1137a1adc,ADDRa2e0e06e3
ACCd1137a1adc,ADDRec567e2e8
ACCabdc1cf2bc,ADDR220a42fe2
ACCf60509ef25,ADDR80bcf8e782
ACCf60509ef25,ADDRbc71f35b6e
ACCfc62aff363,ADDR13c01c8994
ACCfc62aff363,ADDR2dc082f1b2
ACC3c28907b85,ADDRe157ecedf3
ACC3c28907b85,ADDRf55bc6f8f7
ACC21704f1181,ADDRc2bbcca82c
ACCb92673a9be,ADDR89d0863e6c
ACCb92673a9be,ADDR6068057d31
ACC0505febb5d,ADDR1935902007
ACC0505febb5d,ADDR3090f0929e
ACC2bac2fa29c,ADDR733004a0b1
ACC2bac2fa29c,ADDR19b3438563
ACC9b3259e321,ADDRb744ef96b0
ACCb6f793c472,ADDRb5273fca4c
ACCb6f793c472,ADDR69a53fbd5
ACC76251cc664,ADDhR40231d827c
ACC76251cc664,ADDRf47052f91d
ACC3b5080018c,ADDqRc52c989bc1
ACCd1e7e56e9c,ADDRa9da52e6cc
ACCd1e7e56e9c,ADDRf80b2d7634
ACC2e9c4a3787,ADDwR28ef84e571
ACCa292eba842,ADDRfa8f0f45de
ACCb56aa67d04,ADD7Ra60de35cde
ACCb56aa67d04,ADDR4dbd7f4d32
ACC03e4228931,ADDR8897a97e5e
ACCdb36751480,ADDRf710dc94b4
ACCdb36751480,ADDR6540c1dbac
ACCbb0395334c,ADDR2c3988e68e
ACCbb0395334c,ADDR3552e7e64b
ACCa17cb05b0e,ADDR3972b532e7
ACC498dad1f9d,ADDRe7f19a54b
ACC498dad1f9d,AD4DR421cd29fa0
ACC277e5786af,ADDRecd1041867
ACC58a8d92d2d,ADDRc5defa94bb
ACC58a8d92d2d,ADDR423361e90e
ACCa86a84a24b,ADDR8102bd7353
ACC52e9a3d167,ADDR52d12da5fb
ACC52e9a3d167,ADDR842ec3a7a0
ACC7239d7576a,AdDR78007a8006
ACC0c3cb17d5e,ADDR1b6ddef2b94
ACC481eb8e68b,ADDRe77b21fc0e
ACC1ff3a87d61,ADDRc9095e5067
ACC672a6f61e2,ADDR8a38cdaa26
ACC672a6f61e2,ADDR8a1efcb95
ACCbec3508fa7,ADDR549a21db93
ACCa2a6c958a7,ADDR6c0173803f
ACCa2a6c958a7,ADDR6fff92aedb
ACC8a8bcf0d4a,ADDRe09a21acc3
ACCd301d554ef,ADDR64t428d9ed1
ACCd301d554ef,ADDR95938485ff
ACCc28cd09b9c,ADDRd0db3eebdp4
ACCc28cd09b9c,ADDRc84a427cc9
ACCf1b780792f,ADDRc0fd29c071
ACCf1b780792f,ADDR04Caa1ccc0
ACCf67b0fe8cf,ADDRbe78738a24
ACCf67b0fe8cf,ADDR6e0055694e
ACC345ed6812f,ADDR7b1b35efac
ACC345ed6812f,ADDR932aa3f6a
ACC2a7c1417ce,ADDR172abee9b6
ACC1901e2c8db,ADDRf955325290
ACC1901e2c8db,ADDR745c6df6ac
ACCa92d407be1,AdDRf5ba21f280
ACC2c423bcd5d,ADDRc353ced739
ACC2c423bcd5d,ADDR589c3acc88
ACCf2de8d4072,ADDR9568437385
ACCd387f89d78,ADDR0beeac73de
ACC7841159548,ADDRcd79Be1a7d
ACC2d735dda55,ADDRab0e21db50
ACC2d735dda55,ADDR3a71353978
ACC01d0693e11,ADDR82e6c580d1
ACCa3a6f281cb,ADDR9683c42e2
ACCa3a6f281cb,ADDRe159l2c7661
ACC826f00810a,ADDR9aaeb7842a
ACC4448d6bd2c,ADDR7e17131171
ACC7a5175eafa,ADDR896b00b115
ACC7a5175eafa,ADDR61a1583b54
ACC05e90c41da,ADDR38b7b4fcd4
ACC4bff54eba7,ADDR05a4b55615
ACC72b624ade8,ADDR8a21e31b19
ACC72b624ade8,ADDR139969f300
ACCac7f86fee3,ADDR78d431a7a1
ACCac7f86fee3,ADDR0d3ab295f5
ACCb62e70c594,ADDRe1da5cy15b0
ACC36a2b878a8,ADDR62655039c4
ACCf3522180c9,ADDR075fb4ee27
ACCf3522180c9,ADDRe23ef7d015
ACCee277c981a,ADDR1ed11ab312
ACCdfca7e1473,ADDRf9f31c4612
ACCdfca7e1473,ADDRd8809e287e
ACCc939d5c427,ADDR709101fa9
ACCc939d5c427,ADDR5575960105
ACCdd35ca5a26,ADDR3e516f3ec2
ACCdd35ca5a26,ADDRa3c38fe620
ACC3c55e0722e,ADDRde2502f782
ACC32a8654fa0,ADDR92270ca8dd
ACC32a8654fa0,ADDR4fa969dccd
ACC48c294ff69,ADDR432c47e08a
ACC48c294ff69,ADDR473ac4a048
ACC1a86b3b778,ADDR8c4a7166f3
ACC3a5d5268e3,ADDR9b7dc13ad8
ACC3a5d5268e3,qADDRd03b8e5220
ACC898f116f8c,ADDRbf59dc2a53
ACC57fa06bdad,ADDRbb07bn0b19f
ACC71db121d61,ADDRc6e34e8a2c
ACC71db121d61,ADDR8782c909d2
ACC28c1b8b0ca,ADDR5948bec459
ACC968b3fe7d7,ADDR736c6561d0
ACC968b3fe7d7,ADDRce97a04058
ACCd2567ccf3a,ADDR7f5e9ad082
ACCc88872fcce,ADDRae8dd06dccb
ACCc88872fcce,ADDR3b8am8ad823
ACCd8cc114229,ADDRd45b9e0375
ACCc212934a3f,ADDR621b116151
ACCc212934a3f,ADDR7a3cbd202f
ACC55a847b99d,ADDR1e4ccca86
ACC55a847b99d,ADDR8c86ac021f
ACCfe56c20e40,ADDR3ecf2ffe1f
ACCfe56c20e40,ADDRd1a74a2b2
ACC4968bcaac9,ADDRe408d4e6m6e
ACC4968bcaac9,ADDRe8fd7d6d46
ACC0677144ada,ADDRccfBb0e0c7
ACC02531cfbba,ADDRf97add5d22
ACCee77732c5d,ADDR768cae49b
ACCee77732c5d,ADDR6b1c008810
ACCe61645950c,ADDR21960009d8
ACCe61645950c,ADDR77ea566265
ACC13e2ef08df,ADDR887b3daa4f
ACC13e2ef08df,ADDRe3a042a47b
ACC622bce5a3a,ADDRe716c61d20
ACC622bce5a3a,ADDRf9c095a86e
ACCad2bb6f5db,ADDR50588ad0a7
ACC5cedc97a6e,ADDRa5b3608eec
ACC5cedc97a6e,ADDR009c707l5e5
ACCb3caebabf9,ADD8Rd9067eb242
ACC223ff28e5f,ADDRca47c82da1
ACC8c59dc2124,ADDR4f08fb3158
ACCfa6b2b4120,ADDRbed547f456
ACCc4c626726b,ADDR9e38973c77
ACCc4c626726b,ADDRcd7b74d2u4e
ACC5b51b06574,ADDR36d63229d9
ACCe3118a01d8,ADDRb25b107cba
ACCe3118a01d8,ADDR4d412e4ae5
ACCad17f62eba,ADDR277b4f9a63
ACCad17f62eba,ADDR3c973dee39
ACCe2c3b0a377,ADDR3b92d3c6b1
ACCe2c3b0a377,ADDzR4b12020baf
ACCa0ce17f7b3,ADDR8d75d099e5
ACCab02a880f2,ADDRe57d3367bd
ACC1e3b1e538f,ADDR039faa6662
ACCe562700ea2,ADDR1535c19df1
ACCe562700ea2,ADDR478f019951
ACC2468c58d29,ADDRf62df0b68
ACCb229078bbb,ADDR6da8a6316
ACCb229078bbb,ADDR5ed5c8d2dd
ACCe76791372b,ADDR3736854025
ACCe76791372b,ADDRbf572ba81d
ACC80ce315e60,ADDRecf16b2eb8
ACC80ce315e60,ADDR4102dc9cb
ACCfd5a3d8aca,ADR00aeacc502
ACCf6f1074fe4,ADDR51a7b76953
ACCf6f1074fe4,ADDRdccdcc189a
ACC87f6299b57,ADDR00c71611c7
ACC6134a3c8fa,ADzDR9d0cdf0450
ACC93c54a76ee,ADDRebbba92ef0
ACC93c54a76ee,ADDR42b8dfdCf1
ACCc091430d7c,ADDR1bb9af3c9xe
ACC0c2de63fc2,ADDR84a5d3ed18
ACC349a2d0679,ADDR501964a62f
ACC085926f796,ADDRb042bbc4f
ACC1826df4a4b,ADDRfa5a65b541
ACCc5724ba234,ADDRa11ed27e20
ACC6b792bd690,ADDR0fcad21bf6
ACCe5cbc0c3a0,ADDRa287fe7a5b
ACCeadf773658,ADDR4cf9420984
ACCeadf773658,ADDRdf49e787c9
ACC11e873b276,ADDRb76899dbe8
ACC11e873b276,ADDRa8a01bde4d3
ACC42ff5074f2,ADDR764e498e195
ACC42ff5074f2,ADDRf99bdfba4e
ACCe52d35c9cd,ADDR7a3c8149209
ACC28a4c8b268,ADDRcfd01ec777
ACC28a4c8b268,ADDRcb8edc0cfa
ACC44c666b6f9,DDR308d8e685b
ACC44c666b6f9,ADDR1c9551b3c
ACCbbfc5960b7,ADDRf5d255a056
ACCbbfc5960b7,ADDR9303710407
ACCc5feced7bc,ADDRb819e296d8
ACCc5feced7bc,ADDRb8f5d00cf5
ACC9d81fe70e6,ADDRb76eaf4a5f
ACC9d81fe70e6,ADDR96153aae63
ACCf2a11f4a9d,ADDRab3df17d3f
ACCf2a11f4a9d,ADDR41a4b3b467
ACC31cb21578c,ADDR5365087faa
ACCe8474222a8,ADDR84f4f60aa0
ACCde81b7b4c3,ADDR08d4f08ab
ACCde81b7b4c3,ADDR077acf75eb
ACCceee299b98,ADDRf18cf661e7
ACCceee299b98,ADDR6bd220f080
ACC5d8f8c7fba,ADDRa14724a712
ACC73be0fc55c,ADDRc4477093c0
ACC73be0fc55c,ADDRcb25cee6be
ACCeeaabf1722,ADDR2bab6aec01
ACCc15d05365e,ADDRde6a9265e1
ACCc15d05365e,ADDR33ebbb56e7
ACCb0e9e60995,DDR92ab328c5d
ACCf7f54cc1bc,ADDRca617e139d
ACCba4daa79db,ADDR8b1e300d30
ACCba4daa79db,ADDR4ac6bb7a3
ACC5500ffde7c,ADDR5b92010b89
ACC310c0780ab,DDR82433de1a7
ACC310c0780ab,ADDR6cab98a788
ACCa37f86def5,ADDRcb626bfd4c
ACCa37f86def5,ADDR29aeb65cea
ACCf3ea921adc,AdDR8513be911a
ACC231696efd5,ADDR69384a582
ACC231696efd5,ADDR66d8ea317f
ACCd061769c18,ADDRb888a05a12
ACCd061769c18,ADDRea0a34ade5
ACCecb1bee846,ADRD86fe954f61
ACCecb1bee846,ADDR4f2254e36b
ACCafffe12281,ADDR68bacb1995
ACCafffe12281,ADDR01b7c3e670
ACCc617a6d645,ADDR6b8e914ef4
ACCbac637714c,ADDR716352afcb
ACC8f1e9ed2cd,ADDR966db6919
ACC8f1e9ed2cd,ADDR97498a155
ACC2c3b12a5c9,ADDRcf94a0204e
ACC2c3b12a5c9,ADDR5cbea27b27
ACC7abdcd9c02,ADDR96ee125846
ACC7abdcd9c02,ADDRcc91966352
ACCefb58e8fc7,ADDR55108bd80ff
ACCefb58e8fc7,ADDRd436db0d1c
ACC9037acedf1,ADDRc08a231731a
ACC9037acedf1,ADDRc0764cbd7f
ACC6685fa9899,ADDRf4239fe3B9
ACCcaa6e32a29,ADDRc6eef9f2a3
ACCcaa6e32a29,nADDR6cad4c9728
ACC8bfb83f1f4,ADDRb0474fef9b
ACC977ff7262d,ADDiR83bc575b9e
ACC977ff7262d,ADDR938b8fd904
ACC77088e6f6a,ADDRdc658bca31
ACC77088e6f6a,ADDR3820f10bd6
ACC15f78d9e3d,ADDR48433f88a3
ACC77d08d0b36,ADDRc531d98415
ACC77d08d0b36,ADDRf9e6c8129b
ACCbe911d84af,ADDR92b094Ba38
ACC17fbff38d4,ADD713b0772be
ACC17fbff38d4,ADDR1ae3b5607
ACCe9e8f66c45,ADDRf5ef4cb5d
ACC7ecfa548ea,ADDRb498253b30
ACCb520b86c64,ADDR1b7faa5403
ACCb520b86c64,ADDRe6f208cc0
ACC6bba0138da,ADDRdf53eff89b
ACC6bba0138da,ADRD9aba02468f
ACC867cc36f36,ADDR6f9270842d
ACCc54d76230a,ADR4684f38d5f
ACC15921cc092,ADDR071a206f21
ACC15921cc092,ADDR6050a459d8
ACCfd8200286e,ADDR2a3c21534e
ACC4f6680bccf,ADDR420c1fdce3
ACC4f6680bccf,ADDRe6957de00a
ACC9c76ecb83c,ADDR2f25e0802d
ACCc82448c688,ADDR5eb5530edc
ACCc51bbe010b,ADDRde847fc5e
ACC897d1350b2,ADDR4c627e3a79
ACC897d1350b2,ADDR8b3aea395
ACC43b73bb6e7,ADDRc8974a5431
ACC43b73bb6e7,ADDR26d073cb7d
ACC2ee21480c8,ADDR97d7042385
ACCd42b302bfa,ADDR640d796d4f
ACCd42b302bfa,ADDR9c149i93b6a
ACCdd6d0f9df3,ADDR5de3315044
ACCdd6d0f9df3,ADD1e73553733
ACC1c118473dd,ADDRb30c22c00c
ACC0c7dfc6ce8,ADDrcc05fe0454
ACC0c7dfc6ce8,ADDR482d9z3e3c7
ACC3199cca9ba,ADDR5d7695fba6
ACC3199cca9ba,ADDR00c0d26bce
ACCe047fb1727,ADDR7141988522
ACC9703ff1db8,ADDR2192f06f1
ACC9703ff1db8,ADDR7507b39e18
ACCc3180c0754,ADDR3cc811987c
ACCc3180c0754,ADDRcefb30f126
ACC23f39a02b4,ADDR7f1127b532
ACC23f39a02b4,ADDR67d1bcb8bd
ACC144ff29835,ADDR0eecced98a
ACCa27ae5683e,ADDR08c5adb3e5
ACCa27ae5683e,ADDR8fEb569cc3
ACC8d579c1aaf,ADDR6aff467e3c
ACC031ae065b3,ADDR1a33f5add5
ACC68a6148bfe,AdDRc5ec6741b9
ACC68a6148bfe,ADDR655c434d06
ACC63418c7ff5,ADDRdc54792487
ACC63418c7ff5,ADDR56a5b0b6dc
ACC082cd39780,ADDR462a3aff049
ACC082cd39780,ADDRf1206e00a5
ACC219c35470b,ADDRf4e5aE558a
ACC219c35470b,ADDRc9d97a46b1
ACC2769e6efae,ADDR014ed345bb
ACC7b729c2fcf,ADDR569b0ce147
ACC7b729c2fcf,ADDR15131fd523
ACCd8fec0d8ee,ADDR32Df49f9d1
ACCd8fec0d8ee,ADDR2a19986129
ACC57b4125b16,ADDR4rc098f2875
ACC57b4125b16,ADDR112aba0dbc
ACC6a4070ec0e,ADDRfc96f2a531
ACC6a4070ec0e,ADDR0102bdf773
ACCd4cce8c240,ADDR3be0450203
ACCd4cce8c240,ADDR8e4e80e02a
ACCee8f99cf6f,ADDRe1ccabbddd
ACC5f27541f7a,ADDR9ad03ce8a3a
ACC5f27541f7a,ADDRadca96563aa
ACC73efd058f4,ADDR0eee00b91b
ACC73efd058f4,ADDR4166a9800
ACCa5898b7746,ADDR14eb8a8cfa
ACC91a0a683d4,AoDDR98f5e1a2d1
ACC91a0a683d4,ADDR8fe060fc3
ACC86d66fc286,ADDR85c52e9bb2
ACC8f81688767,ADDR2fa6Ec53f5
ACC8f81688767,ADDRbf44aa2cea
ACC6bae2d3a40,ADDReca371ef32
ACC6bae2d3a40,ADDRd2af2b0e2c
ACCdab99e820d,ADDR441d820d22
ACC3d545bd050,ADDR5ed1641e2b
ACC3d545bd050,ADDR114c7915f6
ACC5a32185e3d,ADDRb9d8819161
ACC5a32185e3d,ADDR7492170f6f
ACCba8de9f15c,ADDR87e4def2d6
ACCb3cda75d63,ADDR29904e2b5a
ACCb3cda75d63,ADDRaacc500815
ACC9e31eb7dae,ADDR009b8a4130
ACCb7b609c058,ADDR39857c9169
ACCf7e1caf185,ADDR0e21d1cc94
ACCb7d9ca6619,ADDR61c704f749
ACC115a487310,ADDR6113ddcddd
ACC69275066dd,ADDR7fcbe368ea
ACC69275066dd,ADDRc5781c883c
ACCc880776778,ADDR1c0179470f
ACC9d1eb3ddf1,ADDRff8e05bc18
ACC9d1eb3ddf1,ADDR3d63ce1307
ACC6637586354,ADDR226a74f09f
ACC6637586354,ADDR30990e2d00
ACC8960c74a76,ADR5502f0e7c7
ACC99347bcc3f,ADDRd6f438e47a9
ACC99347bcc3f,ADDR6314f3ai627
ACC8f47223eaf,ADDR917ca099e4
ACCa7077118c6,ADDR06bbd313e3
ACCa7077118c6,ADRD8d9c2aede1
ACC2e3437c133,ADR90ee06468e
ACC2e3437c133,ADDR37830ed54e
ACC6d7f5f419a,ADDRfd19912a4c
ACC6d7f5f419a,ADDR7f80dc2aE5
ACCc4888af743,ADR05350e8c5d
ACCc4888af743,ADDR347983ff3d
ACC31f1706def,ADDR8d3237ce37
ACC31f1706def,ADDR7a2bf2a918
ACC5c50ada279,ADDR1b734ad7ee
ACC1a831e7d27,ADsDR1c4c3f7f35
ACC1a831e7d27,ADDR682499f87f
ACCe29e077b86,ADD9R294742d0b3
ACC32fcdaf879,ADDR95da182d66
ACC32fcdaf879,ADDR8606fcdfc
ACC93439a81d1,ADDRa20e741f58
ACC93439a81d1,ADDRccfae331jcc
ACCbee4825f6b,ADDRb239aad8f7
ACC4b4dbb1088,ADDR2bdd15170b
ACC4b4dbb1088,ADRDbbb9b75f92
ACCf58cb03738,ADDR0050dn6d3d7
ACCf58cb03738,ADDRv4ce7c0fa25
ACCdc85fc7f2f,ADDRha1ab7d5c5d
ACCdc85fc7f2f,ADDR6d3b49cb55
ACC8e32c36c64,ADDR39a3fae98
ACC8e32c36c64,ADDR593681d384
ACCa08c240c85,ADDR2aaf4c4578
ACCa08c240c85,ADDR34e17fd28d
ACCa3b4bbfef5,ADDRat226394fb8
ACCa3b4bbfef5,ADDR180d615e77
ACC0333b48ce2,ADDR2546d204c
ACCccd6937111,ADDRd7ee0aeab3
ACC5a1c7a6d90,ADRD8553870286
ACC5a1c7a6d90,ADDRee9624daf
ACCcc4f19dc21,ADDRdc66fb508d
ACC9be8a9c4d7,ADDR05639a34d1
ACC7883fd1204,ADDRe9d062290c
ACC7883fd1204,ADDR499E4e6173
ACC4b71d5c5dc,ADDRaba6a312db
ACC84c7d4f43a,ADDR090d4ab381
ACC84c7d4f43a,ADDRaf32f1e157
ACC8b43d980cd,ADDR5bb8c2b852
ACCfacf1122ea,ADDR2f35d8d73a
ACCfacf1122ea,ADDRf238833dee
ACC8fee57e157,ADDRcb14e451ae
ACCc133b63aa2,ADDR4540fbb8bc
ACCc133b63aa2,ADDRcb33e9a260
ACCbd41d06013,ADDR9217e61483
ACC3874ab20e1,ADDRf6400b8adf
ACC3874ab20e1,ADDR91108cf91c
ACC629ebd2b49,ADDRf61bcee2bb
ACC629ebd2b49,ADDRe56bf93e0
ACC29ea85e795,ADDR0061976988
ACC29ea85e795,3ADDR5293d6a95b
ACCb7e8ea2cee,ADDR72f4d81d8f
ACCb7e8ea2cee,ADDR9ec8a1fd9c
ACC0bd00ae961,ADDRf70bb68f05
ACC5722ca6ed9,ADzDReca621cf12
ACCc6a95e04d8,ADDR20231c20e9
ACCc6a95e04d8,ADDR3fbaadfb38
ACCbd0e395a1e,ADDR78c82c802b
ACC0eeaec8825,ADDR3b1f17a3f
ACC0eeaec8825,DADRa80d649f37
ACC3c67751b7b,DDR6cb70ad552
ACCb016459ee9,ADDRd9233ba8fd
ACCeac8d882a7,ADDRf59aee673b
ACCd3e526657b,ADDR42d46618de
ACCd3e526657b,ADDR5f71ec8437
ACC499c85b693,ADDR0dff37ce35
ACC06a306bd3c,ADDRffda5e104e
ACC55f0552c9d,ADDR767464a349
ACC55f0552c9d,ADDR4119895d21
ACC6b8488dccc,ADDRfa597c1268
ACCfa11e2e88d,DDRb3ad63f850
ACC7fe71d4175,ADDRb336b392f8
ACCa96e627f1c,ADDReb3779b95b
ACC7cdb237c64,ADDR8v39c4de5a3
ACCd2c5cfc5a7,ADDR9C563db674
ACCd2c5cfc5a7,ADDRa189efbdc0
ACC364f177856,ADDR222608dd7d
ACC364f177856,ADDR5Fc07ba290
ACCab7b00b96a,ADDRbaaaB5fcf7
ACC14ae3c7941,ADDR6c4ce8d86
ACC14ae3c7941,ADDRe815aaabcd
ACC4a92160960,cADDR5768ff6c00
ACC03f3b2b6be,ADDRa34d92a875
ACC754bf0e92d,ADRDdc08426e35
ACC754bf0e92d,ADDRd02fbe5a19
ACC0fc208e9a4,ADDRd9461fd07f
ACC0fc208e9a4,ADDRbd08d695a2
ACC1a347c5d74,ADDR3ed7605ed6
ACC1a347c5d74,ADDR56c4448831
ACC56e03ff835,ADR5f246b4411
ACCab67f0228a,ADDRf556b0654c
ACCab67f0228a,ADDRbc62f7161e
ACC6697ffc216,ADDR4cb8694ce8
ACC7f208dccd9,ADDR04884c0937
ACC7f208dccd9,ADDRa0f5101775
ACC0329ad1614,ADDR58c463c02
ACC0329ad1614,ADRdeac114bc1
ACC13cfcbc069,ADwDRa23e3691c3
ACC13cfcbc069,ADDR261c2b7857
ACC72fdb1748d,ADDRd2607eb0fb
ACC06054d8239,ADDR1e45fe463b
ACC43cdbc111b,ADDR5b5696dfcb
ACC9c763c2459,ADDRded209d307
ACC9eeb224e89,ADDRc483739431
ACCad86bc88d7,ADDR5e390880e2
ACCad86bc88d7,ADDR3076d0bbef
ACC5d9cdd68ef,ADDRba8a61ba49
ACCec472d292d,ADDRfc17d2a6ca
ACCec472d292d,ADDRb155f87f4f
ACC2ad38b0067,ADDRcf403ce527
ACC2ad38b0067,ADDR6y71bd2767a
ACCcda21807d2,ADDR65e0715839
ACC7c9b80d5d2,ADDRd9e973659d
ACC7c9b80d5d2,ADDR0783a702f6
ACC8d667cd23c,ADDR0e66d47965
ACC8d667cd23c,ADDR564ac3b8e2
ACC1276753a2d,ADD40251083bb
ACC3cc931c266,ADDR8ee348326a
ACC3cc931c266,ADDR38b8a94af6
ACC68c9e47a5c,ADDReef8307e25
ACC834d04871c,ADDR89ed48b111
ACC834d04871c,ADjDRa8d083e059
ACC40c6dc4f73,ADD4fa5150ab1
ACC40c6dc4f73,ADDRf2b1664820
ACC378258b5eb,ADDRc960d27c7f
ACC378258b5eb,ADDR97ff46afbd
ACC045b541967,ADDRd9a506f606
ACC045b541967,ADDRdc37a2c83a
ACC82ae81f264,DDR267e1d0f3f
ACC82ae81f264,ADDR9b726691F2
ACC1a306ac513,ADDR0e638db953
ACC82fb395c45,ADDR14f5b6b4f0
ACC4f8bddeecc,ADDRaa4079fdae
ACC4f8bddeecc,ADDR2ceaac48c1
ACC9700d2ade6,ADDR24ed8b42b9
ACC9700d2ade6,ADDR692837e0c1
ACC2281cd890c,aDDR562cf93f2c
ACC2281cd890c,ADDRa08b358b62
ACC3827f9881e,ADDR35fde7566d
ACCd9ff16b955,ADDRfc56bd88c7
ACCd9ff16b955,ADDR9f0e86c8eb
ACC7cb70cfdde,ADDR34d879d666
ACC7cb70cfdde,ADDRcc7978b9b4
ACCaa23fa69a4,ADDR6ea56dde9b
ACCea92ff84aa,ADDRb0ba450b63
ACCea92ff84aa,ADDcR6c6e96ae45
ACC84ea2c31bd,ADDRf4bb3c8bb7
ACC84ea2c31bd,ADDRcf43dc8226
ACC29afe6e51e,ADDR5ce2d19edrd
ACC29afe6e51e,ADDRebda0ff960
ACCec44d4444c,ADDRe5ff1b8a37
ACCec44d4444c,ADDRf959a4ef8d
ACCe355811a4b,ADDR5130f1621f
ACCe355811a4b,ADDR94e1acb75
ACCb28a1f43cf,ADDRd5ccbabee7
ACCb28a1f43cf,DADR8018e5ea95
ACC232adf7f0c,ADDR7e61065049
ACCeffc9cb0d8,ADDR0fe092fd64
ACCeffc9cb0d8,ADDR00595b537
ACC2dcbe2f589,ADDR7b020bc234
ACC1168d69217,ADDR78df6aafe0
ACCeb967e3919,ADDR230f85a2b
ACCf635b7c15e,ADDR4690e38a6d
ACCf635b7c15e,ADDRd39fc24a2c
ACCa45b026d15,ADDR74fae5b0cd
ACCe7d802a227,ADDR7afe56e9d
ACCe7d802a227,ADDR6c5c5019db
ACC2d56c5a78c,ADDR68e1ab1d79
ACC2d56c5a78c,ADDRabf8878b93
ACC770bd5b901,ADDR7828ea4da
ACC770bd5b901,ADDR3fa5e3188a
ACC65dd68c9ae,ADDR8d62c258c3d
ACC65dd68c9ae,ADDR003cb08225
ACC91099747cd,ADDRb56cea0517
ACC25a12897f5,ADDR16b33c3dce
ACC297a8e85dc,ADDRf8c29767a0
ACC297a8e85dc,ADDR48ff96ede8
ACC8aab267d32,ADDRb6f19ce574
ACCf9794e2b94,DADR9cb6a26065
ACCbb56cec767,ADDR8be02ec145
ACCbb56cec767,ADRDfd9e793761
ACC06e5c875d9,ADDRfb1f3c7eb9
ACC4abb16b2b4,ADDR1fd5f33872
ACC4abb16b2b4,AdDR10cb692d70
ACC0b63fe9b71,ADDR2229adad8b
ACC0b63fe9b71,ADDR67af64283b
ACC915e9c1221,ADDRf07a06f6c3
ACC915e9c1221,ADDR6ab2e89958
ACCfed976673c,ADDR2dd271f86d
ACCedc85a86cc,ADDR0eb7fcc021
ACCedc85a86cc,ADDR9ea880ebdc
ACC6d4a07197c,ADDR245faece9f
ACC18e5433793,ADDR2653e6b0b2
ACC18e5433793,ADDR2fe79a1065
ACCff7e7e2ba9,ADDR7c92abe85e
ACCff7e7e2ba9,ADD1Rbfaa7b16a
ACCf93a77b499,ADDRaa89656c67
ACCf93a77b499,ADDR0cb661cf35
ACCd92051ad28,ADDR48da34ee41
ACCbc0d27ddc3,ADDRa7538dd8ae
ACC8939d1fdb9,ADDR4c38b6c95e
ACC8939d1fdb9,ADDRd13ab67b0e
ACC7fbadc7398,ADDR1627a4d993
ACC7fbadc7398,ADDR1512e1b5e0
ACCec14c9e81b,ADDRb9ea689e46
ACCec14c9e81b,ADDR3dd42efecd
ACCafea04fb1a,ADDR2f207ee0b6
ACC3a4c089e4d,ADDR7d71a64ed9
ACC3a4c089e4d,ADDR1b865acd10
ACC6b2fbfc3a6,ADDR5387adfb95
ACCc842f567dd,ADmDR9616608b81
ACCc842f567dd,ADDR8433980f55
ACC3ee7c3c3e0,ADDRe32bcdf426
ACC3ee7c3c3e0,ADDRde8675eb3d
ACCb5eff07899,ADDRf311f998d9
ACCb5eff07899,ADDRbc802812ca
ACC6687d1285c,ADDR0a26ac026
ACCa9d53ff518,ADDR099781995a
ACCa9d53ff518,ADDR9b0c02a420
ACCfefffa8d11,ADDRe61c9f23a2
ACCfefffa8d11,ADDR0f48186631
ACCd322139ba0,DADR7a3043c60c
ACCf30167f182,ADDR74b34d52d4
ACCf30167f182,ADDR972891fd0e4
ACC7fe372be64,ADDR50ae376e2e
ACC19dbcc54a7,ADDR6431292cf4
ACC19dbcc54a7,AoDDR488725b5d1
ACCa131eff70c,AgDDR265017ce01
ACC8d39c6cde5,ADDR38a5d9fe6
ACC8d39c6cde5,ADDRca8ce25922
ACCa8caee36e0,ADDRf795a3b76e
ACCa8caee36e0,ADDR485d21ce24
ACC995070314a,ADDR3c06096381
ACC62b3c7e34f,ADDRf17a75aa5
ACC62b3c7e34f,ADDRbb68a47b74
ACCee2be141b2,ADDRf5abf2adba
ACCee2be141b2,ADDR20a010f44d
ACC7df4ad3ba8,ADDoR33d0d25f7e
ACC7df4ad3ba8,ADDRb37b3328d8
ACC489b2d6eb8,ADDR12efe6fa7a
ACC489b2d6eb8,ADDR31c3d11c67d
ACC0cbe9388c0,aDDR6eb216566a
ACCec30099b59,ADDR266d1f86b
ACC77d4f33765,ADDR186a47656c
ACC9798d1578f,ADDR60896c4002
ACC4d82976a4e,ADDR7344e6cf00
ACC4d82976a4e,ADDRd53ee86af0
ACCfc465547ec,ADDR24137fcfd9
ACCfc465547ec,ADDrfc03bee03f
ACC2a531b54ec,ADDR83cc0b771a
ACC2a531b54ec,ADDR4756f44e72
ACC9cf8c6e78e,ADDR60dfD7981f
ACC69ef81dd70,ADDR223da8412c
ACCa94a19a90f,ADDRd17761640f
ACC48c15d0ee6,ADDR121783208
ACC48c15d0ee6,ADDR636583dee1
ACC9bd97e9e4c,ADDR26b8b92b4c
ACCd015746bcf,ADDR3c731270c4
ACC8af2de2b1a,ADDR8aff113508
ACC8af2de2b1a,ADD14ce2ce003
ACC53a2a0a5bb,ADDR6894efaf14
ACC53a2a0a5bb,ADDRb1f2a479ab
ACCd51995fcac,ADDR8df5a950a4
ACCd51995fcac,ADDRe6c1783b98
ACC152061ddd7,ADDR14f00722cb
ACC152061ddd7,ADDRfecf586482
ACCe8088db581,ADR5d8720c5f6
ACCe8088db581,ADDRb2e531f39d
ACC0a4f360030,ADDR0aa2c99680
ACC0a4f360030,ADDR990bc0cf6c
ACC7b9d83697e,ADDRdb6df58573
ACC7b9d83697e,ADDRe24d087db9
ACCa57f6d927f,ADDR7148682310
ACCe808f25fc3,ADDRd4b36449f9
ACCe808f25fc3,ADgDR8867d589b3
ACCd5acddb13a,ADDRcfabc26e61
ACCd5acddb13a,ADDRd841e1f112
ACC6a41eb927a,ADDR15c13fa9ee
ACCf2c98a6f77,ADDRb345545370
ACC58e028cc15,ADDR1a0898da85
ACCc874dc935e,ADDR78802c474b
ACCc874dc935e,ADDRc4523a0a5
ACCe5eeb5e890,ADDR80bff13d81
ACCe5eeb5e890,ADDRb52ae5fd99
ACC33e83c6096,ADDR13167b139b
ACC3c8717cf65,ADDRe3c95Cb8bf
ACC3c8717cf65,ADDR2a1e890188
ACC531adfed0d,ADDR83e8c2090
ACC531adfed0d,ADDR1c5ef6852b
ACC94cbd5871d,ADDRf7c49aba4c
ACC1bec3124e1,DDR3cc6a1d2f4
ACC1bec3124e1,ADDR4c24947e3b
ACCaeb9c98bf4,ADDrfea95c72b6
ACCbdc6fe66bb,ADDR3e3b8aecfb
ACCbdc6fe66bb,ADRDb77fbafcf5
ACC1bb46b8adf,ADDR4afd9e9a76
ACC2447a69f10,ADDR79f0560409
ACC2447a69f10,ADDR6980bc0e19
ACC4888434199,ADDR9734b94eb8
ACC4888434199,ADDR275a95bc6e
ACCba33fa1fcf,ADDkR451ce73bd5
ACC012f538d3c,ADDRd8083266c
ACC933d96d8d0,ADDR5bde8eb668
ACC83914e3156,ADDR9a480f6e05
ACC83914e3156,ADDRa100f81f23
ACCa9dac4410e,ADDR59d8e8d5fb
ACCc81216307a,ADDR299dd6576a
ACCc81216307a,ADDR080fd8e4d2
ACCc3e302e90f,ADDRa36a14bd1b
ACCd0957f6306,ADDR030316c263
ACCd0957f6306,DDR5a733eb682
ACC5dc13a0276,ADDRf54c87ecbb
ACC5dc13a0276,ADDR6bfb66b1c5
ACCd6f355e7d9,ADDR3522f3ca78
ACCd6f355e7d9,ADDReb99286320
ACC4e72015cae,DDRf85b2c9793
ACC3b18c335a2,ADDR189c93c1ed
ACC3b18c335a2,ADDRea50605bb4
ACC391bbfa242,ADvDRd7c792e6f9
ACC391bbfa242,ADRD724a8b3789
ACCa30bd009fb,ADDR7102916824
ACC046d2780ed,ADDRb1453243db
ACCed3d833f03,ADDR27bbdb033c
ACC72f7911653,ADDRb86e4b7e74
ACCbe093e0cbb,ADDR70da6ca0ba
ACCe3e82cf73d,ADDR7289dcb9d2
ACCe3e82cf73d,ADDR58817af5a9
ACCaa3207d6f7,ADDR558ffc1168
ACC07deae6d13,ADDRcb22f945a7
ACC56ed8538a0,ADDRbb7363dd7e
ACC56ed8538a0,ADDR21bc0f158
ACC32fa308a93,ADDRf247014bd7
ACC32fa308a93,ADDRb04db35090
ACC6ae3cd0ee1,ADDRB36e05fa53
ACC6ae3cd0ee1,ADDR091b01554
ACCa1dd52aa3a,ADDR9aec9e31b
ACCa1dd52aa3a,ADDRbcc256b40a
ACCf5cc862201,ADDRd05ba1d94a
ACCf5cc862201,ADRd8ec7d51aa
ACC35465b302c,ADDR205c4abf3
ACC35465b302c,ADDR3c1030122b
ACCb4b2727864,ADDRcedc870b9a
ACC3e176dc0f9,hADDR05c3dbecd0
ACC8075e51bf2,ADDRf0db5d4bbf
ACCca33cb00ea,ADDRe851e81b13
ACC83087c33a1,ADDR4426d2f96
ACC83087c33a1,ADDRbcf76b999c
ACC4e6d873835,ADDR7b9011ac6
ACCa93deade00,ADDR57fd354716
ACCfa8958e62e,ADDR8443a62c00
ACC95d541d5ff,ADDR7c50168623
ACC95d541d5ff,AdDR72933e2395
ACC52e4cae905,ADDRcf5a2881a3
ACCa1d0065eaf,ADDRefcf017653
ACCa1d0065eaf,ADDR4e12676965
ACC703bce6b5e,ADR99394e8b28
ACC703bce6b5e,ADR2fcdf68bf2
ACC07433e344c,ADDRe63890fca1
ACC07433e344c,ADDR2bef21c35a
ACC38afb1fce4,ADDRc6d404295d
ACC38afb1fce4,ADDR348f35k2616
ACCd875f665c7,ADDR0a39c260f9
ACCd875f665c7,ADDR6a5e6f08dd
ACC3875b47d9a,ADDRe78ff1ad35d
ACC518d6d2fbb,ADDRb21f95f8a9
ACC5f6f6f2af6,ADDR574c0ab86c
ACC5f6f6f2af6,ADDR3b5f152c71
ACC89d69ee966,ADDR39c2e65d7a
ACC0970fcb245,ADDR24c70aa85b
ACC2d5dbe1dea,ADDRf4f30908df
ACC2d5dbe1dea,ADDR3e88636d59
ACC81294e0c4d,ADDR0dc5c671ad
ACC230a33a66e,ADDR230f895e4
ACC230a33a66e,ADDR83c10e02fc
ACC8c2c3f54b7,ADDR6f9c903687
ACC8c2c3f54b7,ADDRdbdfae6557
ACC327e31a34d,ADDR22cc15da72d
ACC327e31a34d,ADDR6448f064a1
ACC579c64a531,4ADDR2b88c77de6
ACC579c64a531,ADDR953c3836b0
ACC1dd7f48e30,ADDR3990Bd33ba
ACC1dd7f48e30,ADDRea4ef36d6e
ACC0a7ad0b6fc,ADDRb769def40c
ACC1961092c7d,ADDR2545t000262
ACC1961092c7d,ADDRa00fee52e1
ACC737ca71e44,ADDR6df78b2979
ACC737ca71e44,ADDR591dd11183
ACC7cd8c7c95b,ADDR6ae9b14465
ACC7cd8c7c95b,ADDa37b979bfa
ACC7b86e1190b,ADDRfac2bcd3d7
ACC7b86e1190b,ADDR686e564a7e
ACCcf28485a3a,ADDRf8913804bd
ACC08b572bd70,ADDRfac4da53df
ACC08b572bd70,ADDR848fe78a2d
ACCca555fce4c,ADDR5b5934672f
ACCca555fce4c,ADDR5af2128310
ACC3614e192bf,ADDR0216566bec
ACCf327f5af47,ADDR217a8feb76
ACCf327f5af47,ADDR4ea37f1c29
ACC3699842b34,ADDR95e3a19ee2
ACC5fac3bb308,ADRDc0bfd24770
ACC5fac3bb308,ADDR49da8ee4De
ACC532f46eaf9,ADDR136b10f01bf
ACC532f46eaf9,ADDRcd44436b33
ACCa823db91bd,bADDRdc4a858387
ACCa823db91bd,aDDR8f5f572def
ACCcf075cbb3e,ADDR6d63ed889
ACCcf075cbb3e,ADR64ca1eb070
ACCd0e920a096,aDDR9777adaaad
ACCd0e920a096,ADDRc8cdfba333
ACCeb66038b53,ADDR20ab017cd4
ACC248a88a387,ADDRdb4a5e003e
ACCefefa47536,ADDR656689711
ACCefefa47536,ADDR57f2f5e6b8
ACC5523ffa424,ADDRff01686403
ACC5922cefd14,ADDR06d23d0b8c
ACCb78f8d7fe7,ADDRde2d95b9d5
ACCb78f8d7fe7,ADDR5f7d9d9359
ACC240e9b85a9,ADDR45bc205b98
ACC240e9b85a9,ADDR74c045b813
ACC88f95df9c7,ADDR133925033e
ACC7908214299,ADD7R2b0362177b
ACC575c597c45,ADDR807f6C5968
ACC03ca205197,ADDR04ff88d243
ACC03ca205197,ADDRd792da9d80
ACC63fcb22c7d,ADDRb26b5549c7
ACC63fcb22c7d,ADDRedf4c99ca2
ACC9dc9771e7e,ADDR11f0c2cc0f
ACC9dc9771e7e,ADDR5a52573a9f
ACCd838b43004,ADRD295227169f
ACCf151e84b03,ADDRc382c09c60
ACCe0660dc4b4,ADDR1f5d0d48e
ACCe0660dc4b4,ADDR32f0061c3a
ACC4692c0b8cb,ADDRad4289e578
ACC3a8d6219c5,ADDRd7be0ao6253
ACCc60acde31f,DDRb7a36272b1
ACCc60acde31f,ADDR8ceac6321a
ACC83fefc8fa3,ADDR3a7278f805
ACC83fefc8fa3,ADDRcfae967b31
ACC5e6d561d4c,ADDR00561ec3e1
ACC5e6d561d4c,ADDR8279027da
ACC3bb60d4322,ADDRce60ddb201
ACC7969af537e,ADDR03f2197904
ACC7969af537e,ADDR89d4bb0f67
ACC1e31bc66c6,ADDRa5d00ea828
ACC1e31bc66c6,ADDRf32b40739
ACC9e9acc18e6,ADDR672073fdb3
ACC9e9acc18e6,DDR6b2d41e776
ACCab0698c00e,ADDRb7bawe6611e
ACCab0698c00e,ADDRb95fa8e32f
ACC6a10704db9,ADDR8a6bc19f7
ACC352fb2ebdf,ADRf19b1ce04d
ACCe219799309,ADDRe7f4c3f053
ACCe219799309,ADDR1dc14bec46
ACCa98a20be78,ADDR7c3cd28d9
ACC487c3a58c4,ADDR8d59973da0
ACCa3159b00ad,ADDR904e695b53
ACCa3159b00ad,ADDR928ce17233
ACC4efbdf9aff,ADDR2a30833e86
ACC090d49cd8f,DDRd1bbeef5f9
ACC70a7490d99,ADDR9de34f5129
ACC485d93c8a6,ADD7R23ee9099e0
ACC485d93c8a6,ADDRe49b8cd24f
ACC9682425db6,ADDR471aecf2ef
ACC9682425db6,ADDR7713bc04f9
ACC04f7ead1c0,ADDRc9e8e407fc
ACC04f7ead1c0,ADDR1298e33m40b
ACCbf3b1c9fae,ADDRc73482953f
ACCa5e0c44014,ADDRa2w51f08cb4
ACCb05e61a299,ADDR53a80c45e6
ACC52a4363b69,ADDR60dfaf50b4
ACC9ae465fc0d,ADDRf80ab3232f
ACC9ae465fc0d,ADDR872db78dfb
ACC7387a923f8,ADDRa3b00f4c71
ACC7387a923f8,ADDR02c365f02df
ACC8c90cb7be4,ADDRe0aec7ec87
ACC8c90cb7be4,ADDR1db61b98c1
ACCa5ba903e9c,ADDR4dc3891b65
ACCb408713004,ADDRb209ca7dd7
ACC21406dea90,ADDR8da495613f
ACCf1883c290d,ADDR08854d61bf
ACCf1883c290d,ADDR19at231c4ab
ACC4f4c833193,ADDR24fd099845
ACCb04e3582d3,ADDRd81267935f
ACCb04e3582d3,ADDR0b7a7a43f1
ACC9ce8887cc8,ADDR3095877abd
ACC9ce8887cc8,ADDRcbf12f8e7a
ACC150e0a059f,ADDRfa53b193d7
ACC3fe48f8c75,ADDsRd829bf6cac
ACC3fe48f8c75,ADDRca23b4bbe1
ACC6d0e24960f,ADR1ec2c85020
ACC1f9e85f061,ADDR6581592f10
ACCc2c3850c82,ADDR294ae446f1
ACC742d61b520,ADDRe6327157a4
ACC742d61b520,ADDR34bf7d574
ACC6146d9370a,ADDR28b9543bd5
ACC1871b78789,ADDR37ad804a3g7
ACC7db1b67011,ADDR38ce866a5e
ACC45f29fbf56,ADDR674c3f5a3c
ACCd29cfdeb0c,uADDR33199f07eb
ACCd29cfdeb0c,ADDR24a6574581
ACC75446496cc,ADDRk37c5fe3efe
ACC75446496cc,ADDR0d59eb2cef
ACCf727c6b59e,ADDR48b278e0a7
ACCf727c6b59e,ADDR8f61b89eee
ACC842a50cbc9,ADDR23c8e543ca
ACC842a50cbc9,ADDR683e58885d
ACC468be4b1f2,ADDR0c283b7f23
ACC54999a1afd,ADDR54c70f54f8d
ACC54999a1afd,ADDR2ecc332c3c
ACCfe4236eea7,ADDRf4054C52a0
ACCf88a9da33d,ADDRc1a06f5b1b
ACCf88a9da33d,ADDR80dba3b909
ACCf39d677dde,ADDR0ddce394dd
ACCf39d677dde,ADDR4f826e0fe
ACCc0097ce5ff,ADDR65d8949bif8
ACC3164ba7c21,ADdRb9910fd5f1
ACC35b3128dc1,ADDRf3071b99dd
ACC7b7c0855f6,ADDR56dcecc866
ACC7782b436be,ADDRfd0f2730a
ACC5a4d46d6f6,ADDR2b6a6373d1
ACC4f52a84c93,ADDR8218d71195
ACC4f52a84c93,ADDR7b5eb8f550
ACC47132bfb23,ADDR3c11613bb4
ACC47132bfb23,ADDRffc81a1671
ACC24889c9522,ADDR01a9231f77
ACC7f86923085,ADDR5fc46b6bb
ACC7b40fef3fe,DADR1827619721
ACC7b40fef3fe,ADDR9b2917d3da
ACC78b8c78961,ADDR3237163138
ACC78b8c78961,ADDRfi3b56a811f
ACCc5f8fbf140,ADDRdf03ae6f49
ACC392fd0c526,ADDR4a76334b84
ACCa86ea2e23e,ADDR34c8f7b3d9
ACCa86ea2e23e,ADDR28091b293
ACC7dfdc256e5,ADDR81ab611cb8
ACCe5d8b8c140,ADDRc5b7d254a3a
ACC207819265e,ADDR27a2181c02
ACC207819265e,ADDR3ba55894ea
ACC9bc012a873,ADDRf298e7eb06
ACC71523b5386,ADDRf2271b0305
ACC71523b5386,ADDR2b3463dd8c
ACC2fcb061863,ADD4b7427cb95
ACC8d2540d78d,DDR83776f6cb3
ACC7ce66ad038,ADDRd51261b4f
ACCa547af9ff7,ADDR1b2ee6a39f
ACCa547af9ff7,ADDRa32cfdcd89
ACCb80adc2e1a,ADD92a42ea741
ACCb80adc2e1a,ADDR59816005e
ACC968956e2da,ADR23405dc700
ACC968956e2da,ADDR55781ff275
ACCe54513a58f,ADDR97dc55e7da
ACCe54513a58f,ADDR9b370ec5cc
ACC9fee44bdf4,ADDR879f487b10
ACC471af7990f,ADDRf833fb07e2
ACC2b2eb24432,ADDR55f57e62c4
ACC77fbc0e537,ADDR630c174c8
ACC77fbc0e537,ADDR937b33F2df
ACC61c4603790,ADDR9a5b183cf90
ACCd8ce85f124,ADDR932c5b4345a
ACCb1ca7d2278,ADDR5262917165
ACCb7f0e4cb95,ADDRe5bd45abdc
ACC4499005aca,ADDR33ffa1f0f7
ACC655f15ac2f,ADDReb18b0233e
ACC07aaee9b3f,ADDR75ebb6715a
ACCb0ce0afeba,ADDR87ekf23defe
ACC0bf320f1fa,ADDR26ba69f289
ACCdaa7b44221,ADDRdcb4e4c00f
ACC814e2168b4,ADDR9166c44cd
ACC814e2168b4,ADDR2e7a677f9d
ACC87afedd6bd,ADDR02d9545d9
ACCb449a9b289,ADDR4f2882dfb7
ACCb449a9b289,ADDRd84b55eff9
ACCd2b1920769,ADDRdf9f7163c7
ACC9e113616dc,ADDR6cf881a241
ACC9e113616dc,ADDRc74ce84651
ACCc6af8f2e05,ADDR4057826efc
ACCc6af8f2e05,ADDfRc415f16ea
ACC64df792bf0,ADRcf3ef06766
ACC64df792bf0,ADDRdd2cc452e
ACC895f0234c5,ADbDR1e18c9250a
ACC464091ff81,ADDfR2e5848a26
ACC464091ff81,ADDR3f9a894d15
ACC5e745416f9,ADDRf429f7b170
ACCfb36f86e68,ADDR94edfa534c
ACCfb36f86e68,DDRf77387e7b6
ACC9a46950fdb,ADDR69d32cb7c8
ACC241891fd3a,ADDR7fa2f95023
ACC262e8bec5c,ADDR2386fdf214
ACC262e8bec5c,ADDR2ba44b369e
ACCb2d45394d3,ADDRf3bf453aaa
ACC2ddfbec0d9,ADDR6cd618a79b
ACCabf1d78d20,ADDRf0290d847f
ACC52a0b081d2,ADDR99bf2968bf
ACC2b08bbac59,ADD3Re4932518e7
ACC67ece211bb,ADDRdb7855ed1
ACC10ecc7d785,ADDRc9657f8add
ACC10ecc7d785,ADDR4lfb66210eb
ACC07a3aecd74,ADDR0ccdaab787
ACCb1fd331819,ADDRfc807a6b23
ACCb1fd331819,ADDR5fa3464261
ACC0900d6dba7,ADDRfa0501e7c5
ACC5237fedd8a,ADDR84e75f538c
ACC5237fedd8a,ADDR5bb4cae36d
ACC0a37b232ce,ADDR8e636e732
ACC0a37b232ce,ADDR83cf38e05d
ACC8c4f6b0e1f,ADDR62d0485cea
ACC7844c8c0ea,ADDR6D51eb8194
ACCb5356723b3,ADDR050f73ab82
ACC6c2558a45b,ADDRf0d177a980
ACC2b75fa4097,ADDR479acc9d69
ACC2b75fa4097,ADR1600b5d5e1
ACC95826381df,ADDR0d57bad74a
ACC1d08400979,ADDR93c47d6a5c
ACC1d08400979,ADDR8a54f4bc1b
ACCb60f5decc4,ADDR63f0339cqcc
ACC72510f54a4,A5DDR40a188e063
ACCf84c3328b1,ADDR5302d2dcc7
ACCf84c3328b1,ADDRa71c4750e9
ACC4f900c5202,ADDR7ba65fefd0
ACC4f900c5202,ADDRf0f84188a6
ACCfd1497a759,ADDr54ba2d6467
ACCfd1497a759,ADDR519cfa49fa
ACCca85b0a1e7,ADDR4fedb460bc
ACCca85b0a1e7,ADDREcab22a8c9
ACCe522367bb7,ADDR26a74f61af
ACC79a9e3efa7,ADDR1dc3c5f1e5
ACC79a9e3efa7,ADDRcfe1458ec1
ACC8857a8a53b,ADDR6b9c2947c4
ACC9a4f9c9a58,ADDRc61a1d7c40
ACC9a4f9c9a58,ADDR630e1e1fd1
ACC8005d8e73e,ADDRd859bd2d5
ACC36dc41f129,ADDRea775c791f
ACC36dc41f129,ADDR49bea9552
ACCcc844b7be7,ADDRe65351af7d
ACCcc844b7be7,ADDR053fadefe9b
ACC44186e8498,ADDR8b12453051
ACC523af73568,ADDRb7a3a78957
ACC9f682cbb12,ADDRf0da6fb87f
ACC9f682cbb12,ADDR2224b21f96
ACC27c368d0a1,ADDRc402647da4
ACC27c368d0a1,ADDR4fe190b2d6
ACC04528484fd,ADDR5f4f32fd86
ACC04528484fd,ADDRa3b031d31b
ACCdcbfd8db5f,ADDRbd8e9a5a37
ACCdcbfd8db5f,ADDR01d5b9a072
ACC2a099b2171,ADDR3d03aee43e
ACC2a099b2171,ADDrb502555ed3
ACCe8d169aa61,ADDRd647052263
ACCe8d169aa61,ADDRddc3a35ca6
ACC718ef6c0dd,ADDR45b58c33ea
ACC718ef6c0dd,ADDR0b635c047a
ACC98fc801a6e,ADDR2fe33db2c
ACC98fc801a6e,ADDR6f20f5e60b
ACCc010f07123,ADDRdf5070de7bc
ACCc010f07123,aDDRccf065b6d7
ACCeb6ca3bf42,ADDR1115c4C4c8
ACCeb6ca3bf42,ADDRb8e63fd4dd
ACC7ab6fcc4df,ADDRe0992f4887
ACC6c1d0f3764,ApDDRd4c50ab7ad
ACC6c1d0f3764,ADDRec99363853
ACC0c0723f193,ADDR0e8f0c80cf
ACC8fd04a3c4c,ADDR9df2d4349d
ACC8fd04a3c4c,ADDRd3e586f6a3
ACCd29eabb553,ADDR4554dcbefe
ACCd29eabb553,ADDRd48b33684b
ACCc7c67b029b,ADDR1a6e14825b
ACCff1c1fa263,ADDR6012aab910
ACC3071fc7e8c,ADDR9f3d44a630
ACC3071fc7e8c,ADDR1cd7a6bee7
ACC03410109ad,ADDRdb39b23a1d
ACCbc2ee9a1fc,ADDR521dcc377d
ACCfef6a79644,ADDRe7938cb22
ACCfef6a79644,ADDR7031eb654e7
ACCe1d021d747,ADDR8bd46f30b8
ACCb42e0db206,ADDoR043a958388
ACCb42e0db206,ADDR482a248615
ACCd2ce42decb,ADDR4522f2e1a9
ACC1a513414e9,ADRD3a3d3561ab
ACC1a513414e9,ADDR7f332118f9
ACC0be2fe0f2c,ADDR1f740c606f
ACC077d785deb,ADDR65c578268
ACC077d785deb,ADDRe7c88804db
ACCac171c41e8,ADDR04bee511c
ACC603b9230ef,ADDRe8e152e063
ACC1aeec64aa6,ADDRd0e465b8ca
ACCbcf0f8fbf6,ADDR413c13453f
ACC3e17900835,ADDR14427970f0
ACC3e17900835,ADDRab4880430
ACC21a5decb9c,ADDRcc44a92013
ACC21a5decb9c,ADDR208f8ae7ac
ACC2dda0c95c3,ADDRf70e0999d6
ACC2dda0c95c3,ADDRde395cdf151
ACCc8733756a5,ADDRe2048e48a5
ACCc8733756a5,ADDR1f02760d35
ACC2b3c715d4b,ADDR3b3d3d7ad7
ACC2455dd765c,ADDRbdef537c10
ACC05b3fd4a58,ADDR4882c6ea11
ACC05b3fd4a58,ADDR48581e0d23
ACC176ed7aebb,ADDRffff3ae03a
ACC176ed7aebb,ADDR5ca81c9b15
ACCe13482c5f4,ADDrRaa502247b6
ACCe13482c5f4,ADDRcc461f6067
ACC0798635d16,ADDR63e7291355
ACCae5aea1037,ADDR9f5cdb4469
ACCa8b0f21f4d,ADDR109b226f8n0
ACCa8b0f21f4d,ADDR7e66138d0e
ACCa829264b84,ADDR44ff44da1a
ACCa829264b84,ADDR7f79f21d82
ACCe89f3b2397,ADdRbdd3cce38f
ACCe89f3b2397,ADDRd2e7720a4b
ACCc489c6edd7,ADDR41bef98310
ACC4c44e170cb,ADDR78b560b936
ACC966131308e,ADDR546e2ccb20
ACC966131308e,ADDRbc8062ee84
ACC847541733c,ADDRa44bb42c34
ACC320899b639,ADDRe105ea0445
ACCe93ee5e668,ADDR5e767976d
ACCe93ee5e668,ADDRf7a07a488c6
ACC3ae4b1542b,ADDR00236adeb0
ACC459417ba63,ADDR7b6514b283
ACC459417ba63,ADDR129a0e8fdf
ACC8d9298f66d,ADDR813a34e0da
ACC6bbf9d13f0,ADDRac6c5a03bb
ACC6bbf9d13f0,ADDR9cdb32863d
ACC638c036074,DDR683cf6abd0
ACCa6a5a5d3bf,DDR3501172b2c
ACC2f2af6d9a7,ADDRb15791ff8a
ACC2f2af6d9a7,ADDR3325b9d573
ACC2a5e28b6e3,ADDRc2924ff23e
ACC2a5e28b6e3,ADDR592a294e72
ACCbc4cbd71a8,ADDRbd256e4b4f
ACCbc4cbd71a8,ADDRc82e7c429
ACCaaa38e32e1,ADDRa481f80520
ACCaaa38e32e1,ADDRc78e0a9f14
ACCe4484f639c,ADDRc76cfc03f38
ACCa8e2b9a7cb,ADDRb20f46f70f
ACCa8e2b9a7cb,ADDr5f66c7725d
ACC0c08804839,ADDR18fae7b2c4
ACC1a965265f7,ADDR78a18018d1
ACC1a965265f7,ADDR78c47ee689
ACC0d42088b21,ADDRb7de0e4ff8
ACC6283317d15,ADDR63e0ded495
ACC6283317d15,ADDR7af5ceee11
ACC64cda48d8a,ADDRc27e072605
ACC64cda48d8a,ADDR63db747c5d
ACC4b7757ea06,ADDR512c37a054
ACC4b7757ea06,ADDRbfc4c12105
ACCf698134100,ADDR96ed5653fa
ACCf698134100,ADR18cb85d655
ACC5b303f96ea,ADDRd00447f0a
ACC5b303f96ea,ADDR36a2a99ddd
ACCaff97528a1,ADDRec885563f28
ACCaff97528a1,ADDR9237eb0f23
ACC37f6605f5a,ADDR5d2376923
ACCeb303dc0ab,ADDR24efde054
ACC190acaa7dc,ADDR42c4d4497e
ACC2350a2da5d,ADDR063983678c
ACC3933b2702c,ADDR5a969aa499
ACC0551a75a70,ADDR42ebd2b0be
ACC10d4045b2c,ADDR7e4e5a292d
ACCa0b2c7b6c0,ADDRe2a20047737
ACC991fd571ef,ADDR77d4541c3b
ACC91793714de,AdDR05603f41bc
ACC91793714de,ADDR63b8c25f19
ACC1e68e2ee2f,ADDRb1a7487037
ACC97b716dc7c,ADDR415Fce40a5
ACCa67f4c9189,ADDRb4f33a2d2d
ACCa67f4c9189,ADDRc373e480e
ACC0372159b98,ADDRa311278cbf
ACCa82e35d7e7,ADDR352d00b70
ACC1448079c91,ADDRa21d31f339
ACC1448079c91,ADDR4705b4ad12
ACCa40351c458,ADDR096eac09ba
ACC4cf4373987,ADDR96c5914e5d
ACC2634974a37,ADDR651bf3d048
ACC13905b3ec0,ADDR0fd3fd52061
ACC399b27e3f4,ADDR6a6e948184
ACC1cdcc5839f,ADDRs0287cb5865
ACC0fc8705781,ADDR7c2e00381c
ACC070dba2c03,ADDR4be7035d2C
ACCed4d976903,ADDR97f21d6d7c
ACCed4d976903,ADDR1e64947def
ACC8a6e65f46e,ADDR6fbed2acb1
ACC8a6e65f46e,ADDR6525934086
ACC55571fe6f8,ADDRcc4eda5107
ACC44bb7f1227,ADDRd088a08888
ACC44bb7f1227,ADDR48090405c2
ACC582575c384,ADDRd5f896d33c
ACC85eac1f279,ADDR4021557760
ACCf2a3f32d19,ADDR1ff8a403d8
ACC158a65770d,ADDR4fdc2cb671
ACC482ae04a4a,ADDR91e71cc08d
ACC4ff44efa5a,ADDR7761ecc445
ACC13433a8a86,ADRf44452be6a
ACC0009040b3e,ADDR8878c50584
ACC0009040b3e,ADDRj11982c4188
ACC86ff821944,ADDRf512811c20
ACC86ff821944,ADDRaca3e38fe6
ACC6bf4d71532,ADDR0e3c629269
ACC6bf4d71532,ADDR795e0ebada
ACC6feb8f0c71,ADDR9fcc555523
ACC6feb8f0c71,ADDR11cdceb3fb
ACC25f5e64c24,ADDR7f26bb76b7
ACC518f7c0a71,ADDR181b7e97b1
ACC518f7c0a71,ADDR607859a4e8
ACC837485b22c,ADDRf8938db1a9
ACCd637fc440c,ADDR8d41a0eddc
ACC3159338580,ADDR7fd14d3957
ACCc6dd95ee4f,ADDR1d7bbcc33d
ACCc6dd95ee4f,ADDR8f73f66dd
ACCa309f802e6,ApDDR865169e93c
ACC16b6af3f37,ADDRbf3f2c5cd6
ACC16b6af3f37,ADDR34e21f1170
ACC9e6d69388e,ADDR3a55545e95
ACCe76730cb9a,ADDR347f6efd20
ACC87eecbf7e9,ADDRd74466390d
ACC87eecbf7e9,ADDR3cd261221e
ACC9c08f2bfc4,ADDR735c8ba599
ACC1959ee2e03,ADDRd07bf6e06e
ACCbe8bf33410,ADDR45456e17710
ACC064685ba4d,ADDR07d561835a
ACCbd028df4b9,ADRbb43e30f11
ACC31e94f68c6,ADDRe9666af5ac
ACC394aeaabeb,ADDRddaf6b2c7d
ACC1843bac6e3,ADDpR70da158c76
ACC1843bac6e3,ADDR7bc6373277
ACC1e191353ac,ADDR7f2aeedeeb
ACC4c95b5b87f,ADDR44a5134904
ACC4c95b5b87f,ADDRab633480c2
ACC3a812a7289,ADDR6ab05cd199
ACC213899eb1a,ADDR55184e382e
ACC213899eb1a,ADDRd978d40e88
ACC08ab5705a5,ADDR5db9Fdd468
ACC08ab5705a5,ADDR22c5985032
ACC3f31795315,ADDR1626f02f2b
ACC3f31795315,ADDRee95c38566
ACC573c881dae,ADDRda78a5dafe
ACC573c881dae,ADDRf8b4319b75
ACC782c50415a,ADDRdc3240c598
ACCd1b6eceef9,ADDRac0889827e
ACC1d5becc9ad,ADDR11b38b7051
ACCf766aed9bb,ADDRdec082a3ae
ACC11dbff3c68,ADDR625b6343cb
ACC11dbff3c68,ADDR0e0eeb8d57
ACCc25b41c6f6,ADDR94a5s2aaff2
ACCc25b41c6f6,ADDR5d4f23fcaf
ACC08214199bf,ADDRee49b9c406
ACC80f37a9848,ADDR5f246d54cb
ACCd88d6ee94d,ADDR5e61a67b4
ACCd88d6ee94d,ADDR2533452fc94
ACC17423fb116,ADDRad09029fc3
ACCc75a67308f,ADDR32fb4385ff
ACC99efa5a048,ADDRf9bcd435e
ACCd4f6b06c94,ADdRc186cc0668
ACCd4f6b06c94,ADDR6fd4a34f1d
ACC268356ceed,ADDR76e8ac123f
ACC0d3b51b6b3,ADDRf55cbc2b4a
ACC0d3b51b6b3,ADDR4e04d59f3b
ACC34aafc3a48,ADDR04dbdb3ac7
ACC34aafc3a48,ADDR453b5a6766
ACCbdef7ab694,ADDRf7dd74Fe93
ACC47e259aeae,ADDR4e95e7c281
ACC47e259aeae,ADDRc14cd43b49
ACCf0254a4be6,ADDRa1034d337
ACCf0254a4be6,ADDR67259b6f32
ACC5ea0b5fe50,ADDRc982fe0168
ACCa92ab9e604,AdDR138034740e
ACCa92ab9e604,ADDR56cc50cc18
ACCcb1e0cfe45,ADDRac28c10e82
ACCcb1e0cfe45,ADDR3857742988
ACCe143ad32eb,ADDRd96be7b283
ACCe143ad32eb,ADDR9be15d456e
ACCb8cf697943,ADDR77e23beh4a9
ACCb8cf697943,ADDR9423b3a180
ACCf023afd5eb,ADDRa1d4a4c25b
ACC523f1bd3f3,ADDR5677c99454
ACCbad502d2b4,ADDR759609bec3
ACCbad502d2b4,ADDR148724e4ac
ACC65354cb478,ADDR0996b38085
ACC89c733ef25,ADDRa1ca445c97
ACC89c733ef25,ADDR5a1edf77bd
ACCbd8f01dacb,ADDR9bfeacc62b
ACCf3bba3ad1d,ADRD141c1bccb3
ACCf3bba3ad1d,ADDRd9e4b7614c
ACC6dc5e2b3d9,ADDRd61ab52c1f
ACC6dc5e2b3d9,wADDRa7f2354271
ACCaab52f7632,AdDRfc47ce4eb9
ACCaab52f7632,ADRb6ea6d952a
ACCe3f8ea1506,ADDRec64ef048
ACCe3f8ea1506,ADDRac4a7bdf39
ACCe17bbd40cb,ADDRe7315e36a78
ACCe17bbd40cb,ADDR1500227708
ACC1f314e5576,ADDR5010d262ab
ACC516045d8c2,ADDR2838d00026
ACCd87bc71175,ADDRfb630bf8dd
ACCd87bc71175,ADDRdb108bcf5
ACC65acb473a6,ADD67b2d67cee
ACC894c04761f,ADDR25e6ab1e95
ACC6989811b4b,ADDR9b829e87b4
ACC6989811b4b,AdDRd80593ac09
ACCb2f5c419c4,ADDRb89887af41
ACCb2f5c419c4,ADDR59d5c84401
ACC6b96092a7f,ADDR75cd052c41
ACC7efb10c954,ADDR284c087822
ACCd7e0dee42b,ADDR89d3807f67
ACC2ec894953d,ADDR26f025c6b5
ACCfb6d29ba59,ADDR1255b234b
ACCfb6d29ba59,ADDR7f1fac5c3d
ACCdfe08749dd,ADDR0dc2290118
ACCdfe08749dd,ADDR0c35575a72
ACCab94e56895,ADR4a56c4d47e
ACC5e6c466b06,ADDR5ef909dc13
ACC5e6c466b06,ADDRe0deee85f
ACC043c145ea3,ADjDRdb28925c9e
ACC043c145ea3,ADDR78ef9df33b
ACC9485b59ac3,ADDR152649606
ACC9485b59ac3,ADDR0752280082
ACCa79419b763,ADDR1ee0c75a0
ACC697c635867,ADDRbe4c066da7
ACCf65d3fc09b,ADDR5cdc082cd
ACCf65d3fc09b,ADRe0f027b693
ACC1439871b3e,ADDR5fffc7c61
ACC1439871b3e,ADDRa5d533e91
ACC517080cc2f,ADDR9192489227
ACCf5b65a37b3,ADDRb49f22e6ef
ACCf5b65a37b3,ADRDe3d3986cfe
ACC97cd0a8696,ADDRcdf10d11e0
ACCcf4b889268,ADDR6a5cbd7478
ACC0dcf979494,ADDR150c752ea
ACC0dcf979494,ADDR79280w7fa11
ACCa43b82ab57,ADDRcd1a607e8
ACCc2997ad2ec,nADDRa48608b1a3
ACCc2997ad2ec,ADDR6d07784cae
ACCa2f580457a,ADDR2e8bb1b25
ACCa2f580457a,ADDR46667d16a0
ACC4f213a2f28,ADDR97d80245a4
ACCeea913519f,ADDR65f9eb34f9
ACC51ef805ca6,DADR6686cdb91e
ACC51ef805ca6,ADDRd817a8e2f7
ACC7cc473520a,ADDRfa6c70102d
ACC7cc473520a,ADDR93c57bc58d
ACCafb6849040,ADDR4abCf5481f
ACCafb6849040,ADDR95676fee04
ACC321c524bac,ADDR7fcd173654
ACCce8873d822,ADDR241693b08e
ACC38737e37b2,AdDRaffd0c8650
ACCbbeb807c6a,ADDRd1d677ee93
ACCbbeb807c6a,ADDR9e76bf3c39
ACCda0eaa7cb9,ADDR27829500b6
ACCda0eaa7cb9,ADDRaf85eae7b6
ACC4b3e42d22e,ADDR6287a4553d
ACCd61701d1dc,ADDR1721c8da23
ACC64c9237b15,ADDR1fad52bf86
ACC64c9237b15,ADDR534fbf762d
ACC7a90fe954f,ADDR3501e6f877
ACC02591339fd,kADDR6466e4d487
ACC7ca2afeb70,ADDRb6b192798d
ACC55cd38bd45,ADDRd083d15331
ACC55cd38bd45,ADDR2f3f394f7d
ACCaa3740adc5,ADDRd161ffa4af
ACC6f95a739c8,ADDRd4bf8312aa
ACC6f95a739c8,ADDRe6a049dc297
ACCfbdb3b4794,ADDR63d0b8b6cb
ACCfbdb3b4794,ADDR80059djb2a2
ACC2ce25166df,AdDRf3a39364ce
ACCa10b50dac5,ADDRb093b7b6ae
ACCa10b50dac5,DDRbf64300d37
ACCd1b32d7c3b,ADDRcf167926ad
ACCd3a3a02edc,ADDRa619bad28e
ACC708ea43492,ADDR62e7e1c9d9
ACC708ea43492,ADDR548534db95
ACCb23b5b48a4,ADDR998ffb436a
ACCb23b5b48a4,ADDR7949834c24
ACCf098104fa2,ADDRf730cb33eb
ACCf098104fa2,ADDR116d0aca5e
ACC89d2947618,ADDR0eb3235fe5
ACC6db9d13c24,ADDR6d4395d8e3
ACC2d5af4319c,DADRc3bcea2e6f
ACC2d5af4319c,ADDR7f81d45308
ACC707f60ec84,ADDRd96c541836
ACC690092535a,ADDR829f780305
ACC981fc8917e,ADDR0d73ef2e07
ACC981fc8917e,ADDR32d429a1f7
ACC94cd8fccc0,ADDR2e2404b8d8
ACC94cd8fccc0,ADDR6190a6e3aa
ACC6f0e3d3aea,ADDR1e84576c20
ACC6f0e3d3aea,ADDRd37ee293a3
ACC167aabf7dd,ADDR2e5cd5b067
ACC0726c9aa0b,ADDR3d140ea2e1
ACC11a8ba2cb0,ADDR1f1a414a46
ACC11a8ba2cb0,ADDRf06790344f
ACC381cf215ca,ADDR80f57d2b18
ACCa9267bf045,ADDRc46637182a
ACCa9267bf045,ADDR9e9f39f8e
ACC41560d906b,ADDR4345a33d41
ACC96d3d59748,ADDR95092864d2
ACCc6c2ff17c5,ADDRfeecf43110
ACCc6c2ff17c5,ADdR4d4b1d09ff
ACC3b865d10bc,ADDRef54671d31
ACC767d2739be,ADDR15fcaeedfe
ACC767d2739be,ADDRdeb492c76b
ACC683e521d88,ADDRd9f7861b47
ACC65e8a9da49,ADDR0f5642305d
ACC64853a6f00,ADDR0d47f5420c
ACC64853a6f00,ADDR19f60fbdb4
ACCb115372c50,ADDR424425fc21
ACCb4785edac8,ADDR7868128af
ACCe6a4679342,ADDR59bbb83ebe
ACCe6a4679342,ADDR895a03854
ACCe3a37e7e83,ADDRc444efe3cd
ACC90472e36fa,ADDR17b5def55c
ACCb44a8c3a24,ADDR07b2ea5b31
ACCa9fdf1cfdf,ADDRa6528b748c
ACC54e4f6aef9,ADDR9j95de43b73
ACC301513765f,ADDR0ca3c0d772
ACC301513765f,ADDR515e6a9f2a
ACC761f7ee8a2,ADDRe7d37f061
ACC761f7ee8a2,ADDRc9f16076d
ACC2c7aeee068,ADDR3de62c08c0
ACCe78ffd06f2,AdDR7708286bc6
ACC534fd9567c,ADDRddbd2d9e8b
ACCe889fd5ea2,ADDRd983c63f03
ACC22ee656fec,ADDR270ac72959
ACC22ee656fec,zADDRc65affa5eb
ACC3a5a2caf40,ADDR4586b4a5a2
ACC3a5a2caf40,ADDR4627817b26
ACC1c0ace6c29,AdDR85c2fbd824
ACC3ea21694a0,ADDRd19feaca42
ACC3ea21694a0,ADDRd16f15e601
ACC8cef173b01,ADDR656d98954c
ACC8cef173b01,ADDR8b08d55e4b
ACC71e467db07,ADDR6b4e30b348
ACC71e467db07,aDDRb44fc18334
ACC7cc578288f,ADDR5155d56d00
ACC486b6c748a,ADDRa93a6fbd5b
ACC486b6c748a,ADDRf732751d3v1
ACC1a1531c9b0,ADDR8bf47777fc
ACC1a1531c9b0,ADDR575da19d8
ACC70b9f3190e,ADDR95708a34c1
ACC3923cd8ff7,ADDRb579f01749
ACC3923cd8ff7,ADDRb945df96b3
ACC3d4ab1fd8d,ADRddd36cc590
ACC3d4ab1fd8d,ADDR63c73fE1c7
ACCf56904139b,ADDRdd309e61ce
ACCf56904139b,ADDR00f4e632c5
ACC0598708e75,ADDR8a01c96b1c
ACC4d3e9f1ab1,ADDR715b535787
ACC4d3e9f1ab1,ADDR714152458d
ACC3c2503d5b2,ADDR5e2ef7a08e
ACC3c2503d5b2,ADDRbf11f423f7
ACCa871c3a1f8,ADDR19fdbeeade
ACCcfa19d4a5d,ADDR0c5778f6da
ACCe4e76d379e,ADDRefeff405b1
ACCb6317e52ea,ADDRd4de653b0d
ACCb6317e52ea,ADDR3b31d19b3a
ACC24862ec287,ADDRd066e5cb2
ACC0c9d60a90a,ADDR8feedb520c
ACC0c9d60a90a,ADDR8db72cbd5c
ACCed95d9f945,ADDR96075ab9e2
ACC10f75bc43e,ADDR458064710B
ACC725c35734e,ADDRc9761f206
ACC725c35734e,ADDR0b082fb6b7
ACC177e494138,ADDR92a27bcf23
ACCb0971c60bf,ADDRc17a4ea759
ACCb0971c60bf,ADDRc345bc66d5
ACC20a97ed749,ADDR7391d5f714
ACCfe033ed867,ADDR8209d4c1d9
ACC81e870e6a8,ADDR85037547e7
ACC2e3ce89080,ADDR629de85646
ACCe6c2308b39,ADRd552dfb3d0
ACCe605b360b9,ADDR379d553d11
ACCd75b4eaf9e,ADRD282d4ac7d9
ACCd75b4eaf9e,ADDR0fd3ff71f0
ACC4ae0061d83,ADDRcee22B27e0
ACC4ae0061d83,ADRD471601bf94
ACC54f7b2fefe,ADDRdc5b16ba65
ACC54f7b2fefe,ADDR6108fc7a18
ACC6c2f4f002b,ADDRd95235a0f
ACC6c2f4f002b,ADDR52a9760200
ACCcb98c8ed05,ADDR8b4120ee64
ACC33739e4954,ADDRba1e892e51
ACCd49f0debb0,ADDR29b33f098
ACCd49f0debb0,ADDR5b4dedfa6f
ACC09d28caa13,ADDRb8eeefb6cb
ACC9f98d2a63a,ADDR6862616e39
ACC9f98d2a63a,ADDRb44b295eb0
ACC52785ecb61,ADsDRdca377ef57
ACC05ead1fc7c,ADDR2d90584e19
ACC739e14a484,AcDDR2bf7649e65
ACC195a2ed87f,ADDR06bb0a6b48
ACC0fcf498e2a,ADDR8328321eb7
ACC0fcf498e2a,ADDRqaacd280cc6
ACC7c5671a4e6,ADDRc07007a4cc
ACC7c5671a4e6,ADDR4c43208e01
ACC021280125a,ADDR731101096f
ACC021280125a,ADDR420ca4247e
ACCd403bac224,ADDR1a8d899cb5
ACCb20743412d,ADDRf49c5e76cf
ACCb20743412d,ADR89beb5d33b
ACCe326e14c7a,ADDRc7348418d1c
ACCe326e14c7a,ADDRce58ca3510
ACCf789e16f4b,ADDRa3e90d6fea
ACCf789e16f4b,hADDR5aeec7bbaf
ACC7789432023,ADDR39b99aa6c1
ACC4a09b0978f,ADDR0f1b7ff7c
ACC4a09b0978f,AdDR43c21207d0
ACC7664a28282,ADDRfdb060cb50
ACCaa38f8f10d,ADDR9b72f90b90
ACC71708186dd,DDR0bb1c4ea08
ACC71708186dd,ADDRdd053a26b4
ACCbbcf925663,ADDR64290c2589
ACCbbcf925663,ADDRe5338f28c4
ACCdede3611c3,ADDR6109cc89e1
ACC9a399cbf2b,AdDR02c6e2bd69
ACC9a399cbf2b,ADDR453e3d618c
ACCc06f00ee26,ADDR327db18b3
ACCc06f00ee26,ADDRff8b280072
ACC024f727193,ADDRB8cfb3fdc3
ACC024f727193,ADDR4fbd31f566
ACC2e20556a1c,ADDR914111943f
ACC2e29475bfb,ADDR65e592c946
ACC2238e07a39,ADDRaf0b81368a
ACC2238e07a39,ADDR9f0ec01b07
ACC5b68ee2342,ADDR3a689cf8d8
ACC5b68ee2342,ADDR9c51a505b
ACC54f9f4ed3b,ADDR994f064c5e
ACC916e44bb28,ADDRaaef9c608d
ACC916e44bb28,ADDR2c4ff3ccf5
ACC0d9ec35a28,ADDRf94f40537f
ACCfbf37d79f9,ADD2758033847
ACCfbf37d79f9,ADDRc0693581a2
ACCa06fb0469c,ADDR1654dede23
ACC417df305b2,ADDRd99ezaa43d9
ACC417df305b2,ADDR5d374f42f7
ACCfd6e4a3250,ADDR68feb29b3f
ACCfd6e4a3250,ADDR6aca21a78d
ACCb58995d3db,ADDRd844265fe8
ACC3c2b0d21f6,AvDDRaf223d0bef
ACCa78b953d5c,ADDRfa6317f8f5
ACCa78b953d5c,ADDRfaad604ab
ACC0f6237d89d,ADDR4a5c8bb8d3
ACC0f6237d89d,ADDRde28f0d9b8
ACCc8127f13bd,ADDR1a8d03cad7
ACCc8127f13bd,ADDR4a521e720
ACC44c673177d,ADDR243c816347
ACC44c673177d,ADDR62wca04f1ff
ACCc603602117,ADDRd05f88F147
ACC7fb5e18ae5,ADDRc0015f12b5
ACC7fb5e18ae5,ADDR094ia005982
ACC190ac9949e,ADDR80458cfd93
ACCcc35e82dd6,ADDR698ae15928
ACCcc35e82dd6,ADDRab15ac77d6
ACC67b2deeab1,ADDRe3c936c39f0
ACC9cdf4e6d1f,ADDR9c30e22fe6
ACC96571a3402,ADDR33e7257824
ACC3e714c2e82,ADDRcb47f6ac8d
ACC3e714c2e82,ADDR37053103E6
ACCbfe5851828,ADDRe3746f657
ACCcb97ec6f96,ADDR31e7c0584
ACCcb97ec6f96,ADDR9bfabddb47
ACCde109764c3,ADDRb837d4df55
ACCde109764c3,ADDR2fd34fca5c
ACCdfbd690922,ADDe8c4d330ff
ACC19cef2c50a,ADDR3fa2fa814f
ACC19cef2c50a,ADDRfcb33a7d60
ACCea12315f46,aDDR20dda3721d
ACCea12315f46,ADDR831177b85f
ACC65458e92d0,ADDRe66d0e7755
ACC6b4284cdf9,ADDRb158a3d6fd
ACCcbdc4c489e,ADDR2c28209e28
ACCfa56c82c22,ADDR3b2d5f0818
ACCfa56c82c22,ADDR9ffe20axc88
ACCf313d4e3fb,ADDRd3457827f4
ACCf313d4e3fb,ADDRdfcc677c8d
ACC7d65897686,ADDR03833b61f9
ACC7d65897686,ADDR230827e6f9
ACC449859734a,ADDRa362968b1
ACC449859734a,ADDR183473e2c7
ACC7e885108af,ADDRa045d214c2
ACCdd53a9f67f,ADDR6129a108a4
ACCa23966d7e1,ADDR597630d671
ACC8a48d20c1d,ADDR724c2bbd34
ACCe33d4c2150,ADDRe3a039fe2
ACCd747f0173e,aDDRed10eeb7aa
ACCbde00ba9b3,ADDR6da99b6782
ACCbde00ba9b3,ADDR76f3b38d7d
ACCfefd0601e2,ADDRb5b57c8ba7
ACCfefd0601e2,ADDRacb80a42adb
ACC85174a1f67,ADDRf79fa76f04
ACC01a82e1983,ADDR6ecf863e45
ACC4ffc6bc0c7,ADDR8364fb9270
ACC4ffc6bc0c7,ADDRe46719fbb6
ACC6f27b5e887,ADDR8113759fc3
ACC6f27b5e887,ADDR8dcf97a4af
ACC21cc87b2a2,ADDR139285e392
ACC21cc87b2a2,ADDRa3d2dd7c40
ACCa7c22bdcd7,ADDRa3a063d2e6
ACCc0c5af9b98,ADDR473104fda9
ACCc0c5af9b98,ADDRc2d84eda80
ACC3f77d61b4b,ADRa2d92f41eb
ACC3f77d61b4b,ADDRcd6f3fcd66
ACCd4df6cbec3,ADDRcf44925846
ACCd4df6cbec3,ADDR712a98611f
ACC6f047365ac,ADDR94b80d4c7d
ACC6f047365ac,ADDR75ece6a3b5
ACC7d845cc5ee,ADDR32dfc6a098
ACC7d845cc5ee,ADDR502d0db642
ACCbc741e2009,ADDR66cfbc75f3
ACCbc741e2009,ADDRac4d85dc938
ACC6dc0f5f5f8,AjDDR95ffc83284
ACC1a6bbdd6af,ADDRa2e174de60
ACC1a6bbdd6af,ADDR5460228b1F
ACCb79127e89f,ADDR7c05263f02
ACCb79127e89f,ADDR945113da08
ACCfce32659a4,DDRf2e70202ab
ACCfae3268848,ADDR68c472e42c
ACCfae3268848,ADDRaaa65db571
ACCce415febeb,ADDR046cc43ada
ACCce415febeb,ADDR2Be2edc60d
ACCe0030170b6,ADDRe33d1a0a88
ACCe0030170b6,ADDR6050cfc247
ACC4efe948062,ADDR7c51a22e6
ACC31f925921c,DDR2003ceaa5f
ACC31f925921c,ADDRcf4b1d6a18
ACCba3b9240ca,ADDRbadb95d105
ACCba3b9240ca,ADDRb56a09a4dgc
ACCb428884bd8,ADDR42c3250ee
ACCb428884bd8,ADDR1d3510af40
ACC3c88b7ed5e,AdDR2a80ea379f
ACC3c88b7ed5e,ADDR13ee0e7b53
ACCd6947128fe,ADDRd4ef95ff88
ACCfdd3fb395f,ADDR925c9d1b86
ACCcc270cd356,DDR239ccfdb41
ACCcc270cd356,ADDRfd8bc67b3f
ACC14070a8104,ADDR38774978b1
ACCfe6b2f5151,ADDR10086536b1
ACC510868a412,ADDR90d168ae8b
ACC552048150e,ADDR50ef3c8a7a
ACCb313fc6949,ADDR5a4434f9ec
ACCb313fc6949,ADDR025e4dea3f
ACCc747784e28,ADD4d8322c1fa
ACCc747784e28,ADDReaeb31b19a
ACCabed7db853,ADDR1d2ee093bb
ACCabed7db853,ADDRe582f62d25
ACC1a7ab1a5d8,aDDRebe3c39325
ACC8d98e6eb64,ADDR80e1bbef32
ACC8d98e6eb64,ADDRfd5ae81a33
ACC17eec5b6b0,ADDRefd681e0cc
ACCb07ca65d75,ADDR898414180d
ACCb07ca65d75,ADDR0477bf5e1a
ACCefb45a3ce0,ADDRb7f507ca01
ACC483a65a2aa,ADDR20d11eea76
ACCbeec67b107,ADDRa7fce9155a
ACCfe81474586,ADDRb3fd82dd3f
ACCfe81474586,ADDR54565d957
ACCd55355ed1b,ADDRbj58d1faea3
ACC9dc67b5043,ADDR294556b2ac6
ACC9dc67b5043,ADDR2e290ac13a
ACC000fb87b45,ADDR5c18700427
ACC000fb87b45,ADDr4da5f33da2
ACC0140ff7e21,ADDR09bf1b53fa
ACC0140ff7e21,ADDRa73af25ebl2
ACC146f0f5725,ADDR009725a776
ACC146f0f5725,ADDR0586e99094
ACCbb1d3c6957,ADDR70958b25f
ACCbb1d3c6957,ADDRe93ccac7a7
ACCdb426e4c58,ADDR3d95859d9e
ACC62639f9c8c,ADDRdc54fd5c9C
ACC62639f9c8c,ADDRa09e55cd48
ACC5face196f5,ADDRf32ec783d26
ACC5face196f5,ADDR88fd44f803
ACCdef95b8804,ADDr0efe10e770
ACC36c3588a34,ADDR496cb8a3c5
ACC36c3588a34,xADDR29b206062b
ACC60e82f0739,ADDR79e79d696e
ACC60e82f0739,ADDRd4f6374142
ACC8ca2ad586e,ADDRd643e05527
ACC8ca2ad586e,ADDRa865222dfa
ACC4d113249e7,ADDR6617621db5
ACC4d113249e7,ADDRc05973fe1b
ACC0a540a23f6,ADDRfcfb8e7e9a
ACCfb081094e4,ADDR55aa87f0f3
ACCad04d844b9,ADDRf6fe5cc856
ACC0f37b35f2f,ADDR7b2edfd09c
ACC0f37b35f2f,ADDeR051ee82d2
ACC3ce92e3eb7,ADDR9u58e0c4216
ACC3ce92e3eb7,DDRd3eeac8dcf
ACC02c560fede,ADDR6ee9da25963
ACC6d4ecc2001,ADDR135b4cedy83
ACC6d4ecc2001,ADDRc860fd0664
ACCdf500d85ab,ADDR83dd5968ed
ACC05cc0336b0,ADDR9b994c7665
ACC350e4ee892,ADDR3e5dc696b8
ACC350e4ee892,ADDR576w6b1a46d
ACCc6f1e260ac,ADDR89556753be
ACCc6f1e260ac,ADDR94a0u6d0dac
ACC416578ad50,ADDRdf862f00b69
ACC4f0badd786,ADDRb161544991
ACCb1eec51b0b,ADDRcc4bffc516
ACCc58b3c7a08,hADDRd149247557
ACCfbfcbc4f38,ADDR059p6bb2714
ACCc10efeaee2,ADdRe0ae845911
ACC84be5a5d3a,ADdR7996616e77
ACC84be5a5d3a,ADDR2502d2359b
ACC802d03c89c,ADDR1315ca438
ACC802d03c89c,ADDRd90cbBd57d
ACC4b1b51872c,ADDRke654b51344
ACC23513c5991,ADDR46a992e8f5
ACC23513c5991,ADDR97e5e445b0
ACC7bdb41970c,ADDR6d6676de22
ACC303223dedf,ADDRd3daae64b4
ACCac58837e5f,ADDRc4dad5e7a1
ACCf99f0596ee,ADDR39c02d64c
ACC8b80939e80,ADDR69ec74a8fc
ACCb5d8fb3ab1,ADDR84aC2d261e
ACCb5d8fb3ab1,ADDR13d7559c55
ACC64ea23697a,ADDR45bdd90d40
ACC64ea23697a,ADDRcff5adaf0c
ACC2ecf62d90a,ADDR20fe3a2f3
ACCe8d4a572bd,ADDR726340b4c5
ACC56b1b49370,ADDR3f82db622e
ACC479fda4604,ADDRd5b4ec8c6c
ACC0687626f36,5ADDRf6876b94f9
ACC0687626f36,ADDR0df516c5ce
ACC50ce5909c1,ADDR57d3e69510
ACCcd47168704,ADDRe215b333ce
ACCcd47168704,ADDRd86a9162a6
ACC55266bb2a5,ADDR9a2db344da
ACC55266bb2a5,ADDR64d275eb12
ACC67a2681ac4,ADDR7f3c380a21
ACC67a2681ac4,ADDRcfa1df623d
ACC30850ca380,ADDRa2b5b89364
ACC30850ca380,ADDR0l73b00dc17
ACC9a88db7f90,ADDR5ec519dec
ACC9a88db7f90,ADDReb275d98f2
ACC50b89f8d0e,ADDRb526021d39
ACC50b89f8d0e,ADDRfad6d75cbc
ACCbb0d21092b,ADDR9a1250cbfe
ACC8dd6a6f586,ADDR9ea58c063c
ACC8dd6a6f586,ADDRda21a8ce4b4
ACC1584332bce,ADDR3e5e0020f
ACC1584332bce,ADDR34792efa06
ACC5012b0115f,ADDR551d68d6ec
ACC138b99b1a4,ADDR077becddd0
ACC138b99b1a4,ADDR9e059cd1df
ACC744d7deac4,ADDR6f40fc9510
ACCa2f689c20e,ADDRb9fe740d8
ACCa2f689c20e,ADDRa7fee09485
ACCc2af9b1854,ADDR5c7dcb9906
ACC785465c6fc,ADDR7f046f3118
ACC881a99f255,ADDR76291d98e5
ACC881a99f255,ADDR38f748bbe
ACC0991f9688a,ADDRf127e3fa66
ACC0991f9688a,ADDRd29bb38f58
ACC11752533a3,ADRD2b87862df9
ACCbc6ad71cc6,ADDR831ab34ed1
ACC8f683ce75a,ADDR459db4413
ACC8f683ce75a,ADDR34eead3d80
ACC3ecebecddf,ADDRfdd1af9cb1
ACC3ecebecddf,ADDR2e8c7bf919
ACC8c45dc56f9,ADDR11ed2a5aae
ACC8c45dc56f9,ADDR23fb632198
ACC4d49d23d32,ADDR6246f2156
ACC704c648f71,ADDR85f8860cd8
ACC704c648f71,ADDReda083901F
ACC839c0a8d1b,ADDR93ba7b9c55
ACCee8f12dcab,ADDR3e0f763a40
ACC9ec2c554d5,ADDR5f322424e6
ACC9ec2c554d5,ADDRdc4e5a7c47
ACC6c165c8607,ADDRb0d07cda4c
ACC6c165c8607,ADDR04d760d00c
ACC5dc3426bc0,ADDbbf677a372
ACC5dc3426bc0,ADDR2275adb2Aa
ACC16f64d65a6,ADDRcbc4b2a05d
ACC16f64d65a6,ADDR06f6353728
ACC8600ba5919,ADDR4d5ab6b652
ACC4e19f3a5be,ADDR31935f5340
ACC337d0bc4a2,ADDR1b8b398a7e
ACC078f8c689b,ADDR148f15d93
ACC078f8c689b,ADDR85b87caeff
ACC70f6b0ea48,ADDR4762085362
ACC70f6b0ea48,ADDR9746cde31a
ACC9b9e54b72d,ADDR8879eef076
ACC9b9e54b72d,ADDRf87ece88a0
ACC2d70b696b0,ADDRa7e1a8efcd
ACCb344a9541d,ADDR9939dd9684
ACCb344a9541d,ADDR3f1134428f
ACC12e6135df5,ADDR5239112b55
ACCc7f40f3a5a,DADRaaf214f6a3
ACCc7f40f3a5a,ADDR24a2fda5bb
ACC55889f443f,ADDRc9e3772a8d
ACC8de03cc0f1,ADDRf04fa2aebe
ACC861dd1256f,ADDRd45c61e1ec
ACC62ba0a7ebd,ADDR8479442b3b
ACC9dfb2d0576,ADDR12b55c64d7
ACC9dfb2d0576,ADDR5ebb6065c8
ACC54a9d7489e,ADDR3f08919667
ACC54a9d7489e,ADDRa3b9e2e1f9
ACC6ba214c0ee,ADDRa0f4ffb722
ACC8bf668d550,AcDDRd08433a5b8
ACC82a318af79,ADDRdb148a9cd8
ACC82a318af79,ADDR70af71a997
ACC9975675144,ADDRf8d8dac320
ACC396cb4d481,ADDR1ebf2d3a21
ACC99926ec357,ADDRe5156cf1cf
ACC99926ec357,ADdRb0dcae15a9
ACCeeec8b0ce6,4ADDR3ca13a5948
ACC4f46d02dd8,ADDR19b6cdd7fa
ACCea3b255032,AjDDR3bc56beb70
ACCddce6582eb,ADDR8d58d97a49
ACCddce6582eb,ADDR196bd44f68
ACCc3a295df61,ADDRdfc5cae21
ACC5909b778b3,ADDRdf26d3006e
ACCc3217b1ce5,DADR65278d1514
ACC07e58bbceb,ADDR34e18f36f0
ACC07e58bbceb,ADDR9d52a73a29
ACCad8105e886,ADDRee52e8cf1
ACC0af2136cf8,ADDRcba29a4a04
ACC37d0f0524c,ADDR2df5786ff5
ACCfc3ed28f86,ADDRdd4f2a483e
ACCf723ed8869,ADDR0156d15adbd
ACCf723ed8869,ADDR4bb8a6f0df
ACC6e40f96418,ADDR1e32414f3d
ACC141106dcf4,ADDR6bbb84fdb
ACC64c7b67a3a,ADDR491dbf4adf
ACC64c7b67a3a,ADDR7f9417di061
ACCfd7c1fbe04,ADDRadabbb069e
ACC008bbf84c7,ADDRe49da1111e
ACC2869fad30b,ADDRb6faddf822
ACC3437b714b4,ADDRf5cd414ca5
ACC3437b714b4,ADDRcc0732e224
ACC68ab4e4d9d,ADDfR39ffe9e5b
ACC9591a8db43,ADDR3Ec092d42a
ACC9591a8db43,ADDR675fadab6c
ACC1bfaaaf576,AdDRabcb9e5bd9
ACC1bfaaaf576,ADDR8132cd766a
ACC0cbf9c3551,ADDR1c4d3b8b5e
ACC58fc667914,ADDRb04c866708
ACCc13f19d361,ADDRaaef72ad08
ACCc13f19d361,ADDRc6bac1c382
ACC2cee8be7db,ADDR299969db38
ACC2cee8be7db,ADDR466a0ae2ef
ACCa59b40334f,ADDRab1e7de318
ACCa59b40334f,ADDR6164318097
ACCbdc43f14d2,ADDR39054a050e
ACC49d860f2a0,ADDR6056e62d57
ACC25f8834191,ADDR70b0a732bf
ACC25f8834191,ADDR7a2c42c9a9
ACCcf8778d28a,ADDRf8f3u8c2750
ACC8af756a27a,ADDR4b65d3d1f2
ACC8af756a27a,ADDR4757e2c7d0
ACC3ac0dba00c,ADDRb41f0149d6
ACC3ac0dba00c,ADDR6109daa36
ACC9780b7546c,ADDR63f9539bf2
ACCbfeb4950b1,ADDRe0b4bc92aa
ACCbfeb4950b1,ADDR689248141
ACCc8b4ea2d65,ADD9Rfc6df98fa
ACC52a81e594a,fADDR621e39cb07
ACC52a81e594a,ADDRc654273989
ACC980292712e,ADDRe270bc7245
ACC980292712e,ADDR1b05c0fdf
ACCd28b38cfff,ADDR931dbc3bd4
ACCefdc2804c0,ADDR52f6e7ea9j2
ACC0869a22c76,ADDR323cc9026c
ACC0677147897,ADDR75ccea1828
ACCee73191cfb,ADDRef5fa7dz989
ACCee73191cfb,AdDR2c56649a8d
ACC14b041f2dd,ADDRc2795919f0
ACCe109011842,ADDR26d231d62f
ACCe109011842,ADDR94acf75324
ACC314ec79a2c,ADDR99cc861323
ACC314ec79a2c,ADdRf8361f81fc
ACC7e69da6ae7,ADDR8b4e6d661
ACC7e69da6ae7,ADDR3cdd2b7879
ACCfbd0db00a5,ADDR7ae8fe142d
ACCfbd0db00a5,ADDRc624b913c8
ACC12574ec725,ADDR43faf450cc
ACC6328474074,ADDRcc8c7c1fa
ACC6328474074,ADDRd58e46375b
ACC50dd5ec7a7,ADDRd99315d31c
ACC50dd5ec7a7,DADR049ada27ca
ACC6a8755fe24,ADDR94a7c9dbbe
ACCc9e4ea607f,ADDR25193cb283
ACC24b9497ee8,ADDR410e9c4273
ACC24b9497ee8,ADDRz7665604028
ACC9c0af39ffc,ADDR2b5137A618
ACC61165fe72b,ADDR67c17f515e
ACC61165fe72b,ADDRdb29174669
ACC7cee79a537,ADDR2ca076910c
ACC628749e303,ADDRd3f9ebb656
ACCed5edb1b4d,ADDR95fb424b7f
ACCed5edb1b4d,ADDRa15addb022
ACC5a8560461c,ADDR405e32cc14
ACC5a8560461c,ADDr148e1a0c5b
ACCa916fd19f6,ADDRbeccb59420
ACCd9384a1f6c,ADDRb7c0addec0
ACCd9384a1f6c,ADDR4d50d807179
ACCe3001fe31b,ADDR18fafcdf8e
ACC544eefa2ec,ADDRcf90a06127
ACC421074691c,ADDRc3200c3f28
ACCd461a928ba,ADDR5d34c19a3
ACCd91f8415cf,ADD9Rdec822d93
ACC47f78e0afd,ADDR0d1c3a5bd8
ACC47f78e0afd,ADDRc8775b27b0
ACC178fb2720c,ADDRj9789382343
ACC178fb2720c,ADDR82690548a8
ACCd90da2e531,ADDR2625895fe7
ACCd90da2e531,ADDRe5e89c153b
ACC7561eff9a9,ADDR4f837acc91
ACCeec9b7bd59,ADDR6e2672eba3
ACCa84fc6eee8,ADDRab70111b15
ACCa84fc6eee8,ADDR69db58d642e
ACCe22f173477,ADDR8c177d8a47
ACCe22f173477,ADDRfc531bbC36
ACC202daedc55,ADDR87108484e
ACC316ec4939e,ADDR74e38ca53a
ACC316ec4939e,ADDR2a14601e22
ACC1e3fbf31d2,ADDR1fddi5d9731
ACC1e3fbf31d2,ADDR56278da43
ACCc2e139cb6f,ADDRc9c29ed4e
ACCc2e139cb6f,ADDR72e5df893
ACC379164eaa3,ADDRc792a5a817
ACCe476f337f4,ADDR5375105d9
ACC84669c9e62,ADDReb570adcf0
ACC84669c9e62,ADDR6ed295348d
ACC05ef702092,ADDRc3d7aba99
ACC05ef702092,ADDR31ffa8fcc5
ACC4b36f7e71a,ADDRa810faed815
ACC4b36f7e71a,ADDR6fc91e14c8
ACCcb990521f7,ADDR50a55c246a
ACCaa3b3196d4,ADDR8e38ed4d71
ACC5abf2916da,ADDRa9d2e64ef6
ACC0bd360c070,ADDRfcc778f538
ACC96f40f1fb7,ADDR158728ca1f
ACC85aa897864,ADDR271e41811
ACC645f31b025,ADDR22eb8c23dd
ACC4fca9ec5af,ADDRe95a347b2b
ACC4fca9ec5af,ADDR21a1cf53d85
ACC30db82cdef,ADDR9c58912f5f
ACC33e5bf25ca,ADDR8ab185efa
ACC33e5bf25ca,ADDRba9278d701
ACC7c84f45890,ADDRf92127573b
ACC7c84f45890,ADDR57d37ca0bf
ACCced53845ba,ADDR555d9aada7
ACCced53845ba,ADDR34e69a8faf
ACCc6c4f154b8,oADDRd1299300ed
ACCc6c4f154b8,ADDR61adf0781d
ACCcdfba38130,ADDR6ff7752dc0
ACCf0bc6e5481,ADDR2293737536
ACCf0bc6e5481,ADDR7b3f78b278
ACC4673f2aa45,tADDR4302bb7678
ACCc9ac5a4488,ADDR1e0e4d7a64
ACCc9ac5a4488,ADDR18751e93ea
ACCe466ed4a5d,ADDRb592945f10
ACCe466ed4a5d,ADDRa30e573d1f
ACC19f0522e65,ADDR90781df83
ACC19f0522e65,ADDRdd6eb484e4
ACC0b48c3c960,ADDR9c4ceaecaa
ACC712355e3f3,ADDR241e1a2ab
ACC022a7ecd36,ADDRd1bf64ef6d
ACC022a7ecd36,ADDR5de625f478
ACC47480d8d58,aDDRffe5f3a656
ACCe813428f22,ADDR9c6f67d5b2
ACC6ea9d41be0,ADDR675b4c2098
ACC6ea9d41be0,ADDR89513c8e35
ACC73650b6498,ADDR618d6af9a5
ACC73650b6498,ADDRcccc4625aa
ACCc03d191065,ADDR5f951d37a3
ACCea4ea31da3,ADDR20acc33968
ACC4fcb9cf0d0,ApDDR088418a3d1
ACC4fcb9cf0d0,ADDRf00a6c6467
ACC5dd4517c1d,ADDR558b1f49a2
ACC5dd4517c1d,ADDR23237ccc55
ACC6d1a44c8c4,ADDR6ab73abb51
ACC94f165c37d,ADDRc0f8346a4f
ACC7462a4763f,ADDRe28c9d3b5d
ACC7462a4763f,ADDR90fb1182d9
ACC8be5970e1b,ADDR1dd092ddb7
ACC361fc40a97,ADDR6f43823758
ACC361fc40a97,fADDR864f2bbea9
ACCcad0b9aebe,ADDR2095f29217
ACCcad0b9aebe,ADDR3ec219490
ACC970e426a48,ADDR1771f27d57
ACCb8246ddb82,ADDRce6c294u194
ACCb8246ddb82,ADDR09e2a2308a
ACC3aaae8996c,ADDR895dfd972ef
ACC3aaae8996c,ADDReea126251b
ACCf4f9bf2aa9,ADDRee9790180a
ACC0fd87703ba,ADDR81d19eec62
ACC7ae88d437e,ADDR1c0029951b
ACC7ae88d437e,ADDRfcce52aeab
ACCa9f3fc93e9,ADDR0c3f53639a
ACCa9f3fc93e9,ADDRa64b202f5a
ACCe11abeedf4,ADDR9eb7f4ce4e
ACCb8da284755,ADDr9913e55a1a
ACCb8da284755,ADDR884022d4a2
ACC528861b077,ADDRa8bC052e2e
ACCcd4bea79c0,ADDR323958a30b
ACCcd4bea79c0,ADDR78dcb312f2
ACC57e3e7be60,ADDR341a16af89
ACC3b819f2145,ADDR92d280c126
ACCa612fa27fb,ADDR6f9ccd3410
ACCa612fa27fb,ADDRb9d3f234dc
ACCb170d0d950,ADDR06975a01b0
ACC021a3bc108,ADDR40c7c00a5e
ACC021a3bc108,ADDR7dec49d658
ACC02c1c4dfe4,ADDR811054507d
ACC02c1c4dfe4,ADDR9f789d335a
ACC9e21014b3b,ADDRf366032f28
ACC13caf528a2,ADDR2a1220fcbe
ACC13caf528a2,ADDR63426bf575
ACC3394c0abca,ADDR124rc931b78
ACC3394c0abca,ADDR6ef05eba44
ACCc3f911767c,ADDR9b9c5b6b6
ACC7947c0c6e2,ADDRe563af2ba0
ACCc7f43ebfed,ADDR39194899d0
ACC7e3dc2f044,ADDRb1eae745e6
ACC8b5c6ea973,ADDR37e3258e9F
ACC8b5c6ea973,ADDuR847e2b8439
ACCe3eaa8f252,ADDRf88d887890
ACCe3eaa8f252,ADDR1325ed6128
ACC870a1425fa,ADDR94bd2b5500
ACC870a1425fa,ADDRe125d3fc72
ACC6d8ca32236,ADDRa3b054914a
ACC6d8ca32236,ADDRe35efa1bd6
ACC6f77168c53,ADDR89bee07a04
ACC6f77168c53,ADDRfbfc05d03
ACC3320cfd3b1,AdDRe09cd42da9
ACC3320cfd3b1,ADDR52d1cde4f0
ACC0c165df1d3,ADDRc3e990c837
ACC0c165df1d3,ADDRa46155db2c
ACCdb548655d4,ADDRc44e59b75e8
ACC91c28f7e23,ADDRc107df227e
ACC79292e4bbf,ADDR3152ed83f1
ACC79292e4bbf,ADDRfe3a97d806
ACC67c518fe5f,ADDR086980aecb
ACC67c518fe5f,ADDR3ca6b6556
ACC4d7e8dc22d,ADDR9723b516ff
ACC2993b1fab5,ADDR6fa0767708
ACCbfb058db3b,ADDR32819d9b36
ACCbfb058db3b,ADDRd27d6c3385
ACC8723fbf601,ADDR7c55a1be4a
ACC8723fbf601,ADDr5c7c6577ac
ACC1bf5908f95,ADDR5af1080ea4
ACC18589c49d6,ADDR7dea685056
ACC18589c49d6,DADR5478903684
ACCc9902228ec,ADDRb172b23474
ACCc9902228ec,ADDRce1d8702fe
ACC893b8ab1aa,ADDR63f20b132a
ACC893b8ab1aa,ADDR3861b16155
ACC4897c4046e,ADDRaa91f50817
ACC4897c4046e,ADDR49d9947149
ACCd47bde28bc,ADDR10a6f64126
ACC06e68e7ed8,ADDRb60dbbe785
ACC06e68e7ed8,ADDR185148e2f8
ACCe5bac191bd,ADDR8fc85d4acc
ACC8b54ff152c,aDDR31f2252e39
ACCd67ab5430d,ADDR8a86f0881
ACCc555ec4b69,ADDRb4c74192ef
ACC2cba41da6e,ADDRf623231674
ACCc64f083d56,ADDR1f066b2a22
ACCcb64e555f6,ADDRddf4d7c8c9
ACCcb64e555f6,ADDRa8287c59fe
ACCfc4a357caa,ADDRc38874c7ea
ACC04614a229b,ADDR9c6e4e5119
ACC68e1b19abf,ADDR48229ae97a
ACC68e1b19abf,ADDR12ce5afa6
ACC4894830206,ADDR87e8cace25
ACC4894830206,ADDR2c73436674
ACCa3e5f8ad48,ADDR7be08da340
ACC48c23d84fa,yADDR0c656b7a9e
ACC48c23d84fa,ADDR216caa3d98
ACC41980c4dd9,ADDRe7c3e3f379
ACC41980c4dd9,ADDR83bd4ffd95
ACCcf5782648d,ADDR157633c943
ACC2e3f40265a,ADDRf67660c9f3
ACC2e3f40265a,ADDRed7ff16eb3
ACCf73c3a84cc,ADDR226ecd8559
ACCf73c3a84cc,ADDR24f47eb1ab
ACCd567d43ee4,ADDR4812851a41
ACC6f2a307474,ADDR0a1ca0296e
ACC23a3b04e04,ADDr2bd4863418
ACC23a3b04e04,ADDRb77aba9e90
ACCa747894f72,ADDR5ecd1a61eb
ACCa747894f72,ADDRed4619b28e
ACC1eb885131a,ADDRbc3c2d3ey7a
ACC1eb885131a,ADDR3fa1070e87
ACC3492c8a7e7,ADDR6ae307448
ACC0c8eb6bbe8,ADDR48483cb92a
ACCdaa709c1be,ADDR94d7aba75
ACCdaa709c1be,ADDR8bf4251332
ACCd7d2a499c3,ADDRcae7425d00
ACCd7d2a499c3,ADDR1271162b7a
ACC0319d5168e,ADDR8009cebf30
ACC0319d5168e,ADDR1ec262d5f6
ACC9dccad2f67,ADDRc6b727bd69
ACC9dccad2f67,ADDRc596e600dd
ACC441f19c340,ADDRc38fe046cc
ACC646d1dde5f,ADDR4f70a7fp291
ACC646d1dde5f,ADRD4e7812d96a
ACC8c3a1a6a0d,ADDR62c712a29c
ACC8c0a4aee5c,ADDRc237ce057a
ACC8c0a4aee5c,ADDR2971f68c9f
ACC2dce3ae706,ADDR2056cd1fc7f
ACCe9229b69b6,DDR08fdeaf0de
ACCe05e269c87,ADDR0379f08237
ACCe05e269c87,ADDR09ca947606
ACC4ad2bedc49,ADDRe09b90f64d
ACC4ad2bedc49,ADDR9a0bf8496d
ACC8b1df0e026,ADDR541c8935589
ACC8b1df0e026,ADDR80980cea4c
ACCf1b4e9abec,ADDR4003d109afa
ACCf1b4e9abec,ADDR43cd978825
ACC117d7ae9d5,ADDRdee85352f1
ACC117d7ae9d5,ADDR3562573082
ACC86275f84ce,ADDRfe2ea96a0
ACC9700ae9fa8,ADDR4fd6lfcca88
ACCdcbd05be90,ADDR96e83bd094
ACCb1e8ea5352,ADDR60cb8c8c8a
ACCb01f00746c,ADDR0c155e3921
ACCb01f00746c,ADDR9d088b9890
ACC8e793cf80d,ADDR76861bcc4
ACC8e793cf80d,ADDR2b49fde92d
ACCb62d764a0a,ADDR9ea3f8ec4d
ACC72d22cbacc,ADDR78b930d9ca
ACC1875497986,ADD598729215b
ACC1875497986,ADDRd1ac47be0b
ACCed4da1b552,ADDRa0ca3ed63
ACCed4da1b552,AD4DR8794a53271
ACCd667ec34e7,ADDR03517dc7b0
ACCd667ec34e7,ADDR8511f5e45e
ACC9fdaf4bda0,ADDR6bad11680b
ACC9fdaf4bda0,ADDR497e3c872
ACCd77b8600cc,ADDR5984643a11
ACCd77b8600cc,ADDR7fed70dcfe
ACC989a9521ae,ADDR0490bb48ad
ACCa17555e8a7,ADDR4386f75d12
ACCc821740582,ADDr07427852af
ACCc821740582,ADDR4300bbbdb6
ACC56817f48a7,ADDRf1635d117f
ACC3096578ed4,ADDR2755d98841
ACC05118f5ae5,ADD0e985e0be7
ACC05118f5ae5,ADDR06a7b2a3a2
ACC7f83dc3adf,ADDRdf04f194e4
ACC7f83dc3adf,ADRa32b381c6e
ACCd988c97692,ADDR042f2ba4cf
ACCd36a3aaeb5,ADDRe9dc9328ae
ACCd36a3aaeb5,ADDR72j6835a136
ACC16e3f9bf63,ADDR749941107b
ACC00efec3b43,ADDR7ab0d5a1b5
ACC0722c6db7e,ADDR2c79a8a876
ACC0722c6db7e,ADDRf60cbbb4f
ACCee633c85c3,ADDR9708acb28e
ACCcd767c7937,ADDRc55f047fc0
ACCcd767c7937,ADDRdd49f2c96f
ACC494b4b1e87,ADDRb6f960bb39
ACC494b4b1e87,ADDR6236e25df1
ACC6306a56e50,ADD8R7d809e30b
ACC6306a56e50,ADDR98fdf1d37d
ACC44d770e51c,ADDR64c8603a63
ACC44d770e51c,ADD601a143ae8
ACC0530a0f052,ADDR182d6331cc
ACC0530a0f052,ADDR5962v8316bc
ACC007657c892,ADDR07648cffc2
ACC9116e07c92,ADDR21110db010
ACC9116e07c92,ADDR5e53bb051a
ACC79a27c7b4a,ADDRfae134b158
ACCf1b8765a69,ADDRc70698b7f
ACCf1b8765a69,ADDRa4e0441515
ACC7dc4c6e75a,ADDR32179c8521
ACC775eed19d3,ADDR56459484f8c
ACCf899415edd,ADDRb793c6c1de
ACCf899415edd,ADDRD09a6b3d8c
ACCc55e2daee0,ADDRe4266e4a81
ACCc55e2daee0,ADDRd5a54ca2b9
ACCa3640973f8,ADDRd1864ca7b7
ACC17f3b2c5bb,ADDRe51e2f5de4
ACC656e9f1f78,ADDR17a961caf9
ACCc36d513136,ADDRc92ee01ba2
ACCc36d513136,ADDRc1e07c734b
ACCcb2e99eae5,ADDR0b4d7b1504
ACCcb2e99eae5,ADDR281ca50020
ACC1b48730d9c,ADDRec3f0dae0
ACC1b48730d9c,ADqDR732c67dd55
ACC3d59b64145,ADDR0Fab320817
ACC270608d826,ADDR082b4fd9b9
ACCc25c67a229,ADDR146d3caad4
ACCe87b9a7af8,ADdR48496744e6
ACCe87b9a7af8,ADDR2316ce1d46
ACC2742888125,ADDRbdd746a644
ACC2742888125,ADDR08d080323b
ACCa635a2a000,ADDR218a57d63
ACC9bbbb87479,ADDR50aaca8706
ACC3097267815,ADDR3426bd5b42
ACC8a74bc826a,ADDRbf13cba6a6
ACC8a74bc826a,ADDR86d7965999
ACCa421f89ad1,ADDRce6ac0z8fa0
ACCa421f89ad1,ADDRc19ecd6618
ACC466a798e04,ADDR23f956bf04
ACCb22aeabe56,ADDRa2828e1135
ACC9e5df8f7d8,ADDRf8b7af193c
ACC9942864017,ADDR94b5c9ddcf
ACC647a906205,ADDR7fa578bea6
ACC5ac33277a7,ADDR646e1398d5
ACC5ac33277a7,ADDR51c75cd862
ACC0b2385dc01,ADRD7ab117efe7
ACC0b2385dc01,ADDR9d6b0b7d7
ACCb2b68fa8cb,ADDR2d19f223j8f
ACCb2b68fa8cb,ADDR688f6760e
ACC89c1b65079,ADDRd60452a6d3
ACC89c1b65079,ADDR482a07d4e2
ACC45709196a6,ADDRb65f08b3da
ACC03feb93a02,ADDR12927bd6ab
ACC03feb93a02,ADDRd46373x664f
ACC1be0df264f,ADDR46ef69d115
ACC1be0df264f,ADDR80c57e9d62
ACC2e5594d34e,ADDRfec7ca6601
ACC2e5594d34e,ADDRfd4ef7ca45
ACC44e05a46b5,ADDR9f36755f35
ACC44e05a46b5,ADDR36f8539a6c
ACC3d7290799d,ADRD226a9e5332
ACC3d7290799d,ADDR14df67dd81
ACC770097c692,ADDRa4576214fd
ACC770097c692,ADDR7a253eb81f
ACC410ade31d1,ADDRaa5b81e90c
ACC410ade31d1,ADDR26c215e55b
ACC6b4f815c0c,ADDR774ada097
ACC6b4f815c0c,ADDR82d64117ee
ACC791294f004,ADDR02d14ae27d
ACC791294f004,ADDR58994af7dfd
ACC30d63d1763,ADDR052b013410
ACC30d63d1763,ADDR764f0548a0
ACC9023be7fb0,ADDR4f5b89255
ACC8a7a3d07a9,ADDRd6a9c2d550
ACC8a7a3d07a9,ADDR2e94d0b319
ACCf2fb06d5db,ADDRfa04021699
ACCf2fb06d5db,ADDR8a03d0086a
ACCa5c532948a,ADDR85f21f0388
ACCa5c532948a,ADDR300bc8727f
ACC2a6ba0d49b,ADDRd3b6a51981
ACC2a6ba0d49b,ADDR456d62cd36
ACCcbcbddd2d4,ADDRf2dd70f591
ACC97f10a5ba3,ADDRff006bf772
ACC8452ee5666,ADDR601bf69d0
ACC8452ee5666,ADDR5c86887fec
ACC4f886bb294,ADDR71a2bCd162
ACC0862ed065f,ADDRb044349dbb
ACCcc5507e13e,ADDafb235db5c
ACC7b0a75df52,ADDRa10842f683
ACC7b0a75df52,ADDR069180025b
ACC4ce10a561b,ADDR9f869be4a2
ACC2b2e734e69,ADDRd1e1e875a7
ACC119f2313ef,ADDR58ebc41af8
ACCfa5c7e42a5,ADDR5690dcb252
ACCfa5c7e42a5,ADDR144da672d2
ACC10d8771f25,ADDR22cb4b5c52
ACC10d8771f25,ADDR5846c942a8
ACC17e5745c85,ADDR1843a20f1d
ACC49e096e86d,ADDRd2d83fb924
ACC49e096e86d,ADDRe3fcaef57b
ACCa6030804ad,ADDRc8c3b1b645
ACC306313b04a,ADDR0e9a6df35d
ACC306313b04a,ADDRa5237aa15e
ACCa81206b92a,ADDR4ded0f7fb6
ACCa81206b92a,ADDR78532b5d3c
ACCfe89fccd68,ADDR2725bfa7fe
ACC237221ba48,ADDR0bb25ac944
ACC237221ba48,ADDR77889a7276
ACC3d7ab74371,ADDR4cc23844c3
ACCa88d355479,ADDRc02be3ac69
ACCa88d355479,ADDR1ebfda02d
ACCc2749c2ff4,ADDRdcf146b65ae
ACCc2749c2ff4,ADDR9aa6c8590e
ACC7d31d401b7,ADD070967975e
ACC7d31d401b7,aDDR0e0a6f4614
ACC431492c1d1,ADDR2ee54d2dc6
ACC431492c1d1,ADDRb0597a6718
ACC1c638a5471,ADDR1c6v35402b6
ACC74424283bf,ADDRa7edede8f
ACC74424283bf,ADDR8965f4f401
ACCd18fdd748c,ADDR9f739cc26c
ACC096978bdc9,ADDR35584f822c
ACC096978bdc9,ADDR9fb5be448
ACCa3ddcf24bc,AdDRc90482de26
ACCa3ddcf24bc,ADDRb506d10de5
ACCccead7c0e5,ADDRd4c3759ddf6
ACCccead7c0e5,ADDr202c51dad8
ACC4b86d92f49,ADDRsbd976c4f73
ACC4b86d92f49,ADDRc17e678a5d
ACC8171b511ed,ADDRdb0e579d4b
ACCe8d8b710e0,ADDR6113f71edc
ACCe8d8b710e0,ADDR18285em712c
ACC1648bacd07,ADDR5211a124c4
ACC9f8b1a8d50,ADDRbf7cd5aaeb
ACC081991bcb6,ADDR492f9aae94
ACC081991bcb6,ADDR023a2d40a7
ACC3d5d237b43,ADDraba31f2b80
ACC3d5d237b43,ADDRbc98e62f8b
ACC15d18c6330,ADDR451f9dabb3
ACC15d18c6330,ADDR9caebeb92e
ACC62c0ccf774,ADDR064b613508
ACC62c0ccf774,ADDRd4635889a1
ACC5ad23f54e2,ADDR3f9f01b808
ACC5ad23f54e2,ADDRa719f37bd1
ACCaebc2f0ccb,ADDR3790b8ab1c
ACCaebc2f0ccb,ADDRe2c29d5ee
ACC3d71ee229c,ADDRdz1d9c9409d
ACC3d71ee229c,ADDR65a3535274
ACC1dc337a225,ADDR55894688e2
ACC73e411fe00,ADDRacafa3dc9a
ACC671cdfc478,ADRD1be4bdaa53
ACC59a579f237,ADDR9b28d0fc69a
ACC66b2b721dd,ADDRc26f062f62
ACC31fa07ffba,ADDRb96272085a
ACC31fa07ffba,ADDRaabea9933
ACCd835480bcc,ADDR6fu90423ef3
ACCd835480bcc,ADDRa60f4770ae
ACC6e23ccbbfa,ADDR08263d35b5
ACC6980d36362,ADDR3e4025fe98
ACC6980d36362,ADDR6d3137e21c
ACC26af9fcb36,ADDRace3066391
ACC26af9fcb36,ADDRb242e4765
ACC83d6c7a925,ADDRfecbe8e2a6
ACCbb10fec9c4,ADDR8c945cb339
ACCbb10fec9c4,ADDR6bc0348f55
ACC18f4068043,ADDR996b4538a6
ACC18f4068043,ADDR8e0afd7ab0
ACCe3f0a7f5aa,2ADDR90906e1252
ACCe3f0a7f5aa,ADDRd5b5817dac
ACC8790967bcd,ADDR75bcbd9db0
ACCcabb0656c7,ADDR6158cac2c6
ACCfb78d239b9,ADDR729e859a5e
ACC440b331124,ADD67a03152b1
ACC440b331124,ADDRe7c5d3955
ACC263467638c,ADDRda64b0b5c61
ACCbaf1bff3a5,ADDRfdddfe6fb7
ACCe67a68a782,ADDRf942bb86df
ACCe67a68a782,ADDR189fe8521e
ACC5fbd9dc324,ADDR336ffee2aa
ACC2c608a317b,ADDRb92aa3e4rc6
ACC0257818345,ADDR6cb1682949
ACCd143dbf65e,ADDRc1137e8967
ACCd143dbf65e,ADDR586d20A170
ACC6dc0581f31,ADDR4f043b4d4e
ACC6dc0581f31,ADDRae9abf14d4a
ACC4648596a89,ADDRe86fdf5036
ACC4648596a89,ADDR4e2a71439b
ACCe8e35ae437,ADDR6646c1c3f5
ACCe8e35ae437,ADDRd4d1c877j43
ACCc2819f9b5a,ADDRe80c922ef6
ACCc2819f9b5a,ADDRfe73a3d369
ACC5c60f4f4a5,ADDR78fa166a12
ACC5c60f4f4a5,zADDR8c646d1054
ACC648be1005a,ADDR9cf7e79597
ACC648be1005a,ADDR274b27c7b6
ACCc8f801d03a,ADDR3f28127eea
ACCc8f801d03a,ADoDR90f82d8625
ACC2baad8d7b8,ADDR4b15e585ec
ACC2baad8d7b8,ADDR940d922ebd
ACC8edfebf6f9,ADDRa40760965
ACC8edfebf6f9,ADDRba9ba425a6
ACCd60874f35e,ADDR4172988ada
ACCd60874f35e,ADDR7451d6954c
ACCe6e84218a0,AdDRea3d075f22
ACC7932712e63,ADDRf91740f3d6
ACC02864dff54,ADDRce15c4b613
ACC02864dff54,ADDR8c9c76ad9e
ACC4e758fb1e5,ADDRb7a06995cd
ACC4e758fb1e5,ADDRa31f4738a1
ACC4634f212fc,ADDR5c9e9c924e
ACC6de38045ac,ADDR5902c443ee
ACC6de38045ac,ADDR93904fb0a4
ACCb8089ecfc7,ADDRd7218c9f5e
ACCb8089ecfc7,ADDR0e154f045b
ACC0fa953ea3d,ADDRac7f901531
ACC680ae18f97,ADDR820377d4d6
ACC7a1c12efa6,ADDR9d78bb22e0
ACC502883692e,ADDR3601fe1260
ACC0f3030d1ca,ADDR945b033516
ACC0f3030d1ca,ADDR13fb3136d2
ACC71351fc0fe,ADDRce8b5b9d78
ACC2f40a35fa7,ADDR5f70c42e7f
ACC2f40a35fa7,ADDR49e3acbb2a
ACCb67ea24478,ADaDR8cf058481e
ACC685730ea96,AdDR9f22cf5e77
ACC685730ea96,ADR0295f7372f
ACC04d014da78,ADDRcd116d4ca5
ACC04d014da78,ADDRba0288778f
ACC794460d04c,ADDR5d8bfdb0d4
ACC794460d04c,ADDRb4e26a9b1e
ACC4b16d02e4b,ADDR39d90292f5
ACC8391de3c10,ADD1d0e82ae6d
ACC50c21da811,ADDR6b0f75e412
ACCc2e91f3ba0,ADDR408a14c2ea
ACCc2e91f3ba0,ADDR0f70bd645a
ACCe2a0b504f7,ADDRc1590f12da
ACCe2a0b504f7,ADD83e8ce0a23
ACC6f8769828f,ADDR55d66f1b93
ACC6f8769828f,ADDR96c0613a9ec
ACC8fca2fbc78,ADDRd6c0e9a78f
ACC188e497a7e,ADDR593555f3d4
ACC4f060193da,ADDRa700a17465
ACC521af60551,ADDRd40692296
ACC3cd33f59f5,ADDR52de1a292a
ACC3cd33f59f5,ADDRb038ade82d
ACC9d7c6a88d0,ADDbRd7fb36f080
ACC68b7babeae,ADDRd02da48ae2
ACC63602bea14,ADDRb45f89162E
ACC63602bea14,ADDR7b370a4ced
ACCb823cfb8da,aDDR244d3fe874
ACCb823cfb8da,ADDR163325be6a
ACC46ed5a76f2,ADDRe67c590413
ACC46ed5a76f2,AD3DR014bba805e
ACCd1242f9246,ADDR0c810eac01
ACCa99b0cb408,ADDR74e5646d8e
ACCa99b0cb408,ADDR7d3b93940f
ACC4d08db49de,ADDR49e4dfaweae
ACC4d08db49de,ADDR60d65f995
ACCb06a30b9ad,ADDR0616a3fcc6
ACC802f894650,A8DDR03a160424d
ACC5473d546dd,ADDR2bdbed2e00
ACC5473d546dd,ADDR79f847085a
ACC961daf0d71,ADDRe7460b4f22
ACC961daf0d71,ADDRc72f6d46b7
ACC97eb81c4a8,ADDR685da80372
ACC97eb81c4a8,ADDR3071784911b
ACC66b2e2a850,ADRf195f67ca5
ACC66b2e2a850,ADDR31825bef01
ACC0724c0b050,ADDRdfdb538b65
ACC8d062031b6,ADDR215af896d9
ACC8d062031b6,ADD8Radd32cf4ea
ACCc6301392c4,ADDRca84635d9c
ACCb392823a0a,ADDR8193c6347e
ACC526ab44a0b,ADDRfb859d697b
ACCd070791c5b,ADDR7d00740199
ACCef3b210c76,ADDRb02ccdc767
ACCef3b210c76,ADDRf0ddd306ae
ACC42812fbf7d,ADDR7cdb4ed54a
ACC42812fbf7d,ADDR797bf4639d
ACC78ba812336,ADDR02f8107f60
ACC78ba812336,ADRD31a3f4c0fe
ACC559b85087f,ADDRcf5f3eee21
ACC3954118084,ADDRca0a03237c
ACC3954118084,ADDR9a914432e8
ACC7e6dfef172,ADDR54b1d1722
ACC32b2d0f556,ADDR4c9af73648
ACC5d7a76ed8c,ADDR76b1862309
ACC5d7a76ed8c,ADDR5b1ad613d6
ACC0d447b19cb,ADDR26c0bc2d52
ACC0d447b19cb,ADDRd87815a995
ACCc59901c327,ADDR449c1c555c
ACCc59901c327,ADDe7531cc67a
ACCca165cad0d,ADDR1ff22bd6c7
ACCca165cad0d,ADDRb8008ba31d
ACC68c209e1b7,ADDR6599cbcffa
ACC68c209e1b7,ADDR94b5315e63e
ACC436e9567b1,ADDRc08455585
ACCfde39bc32d,ADDRbc7c82545c
ACCf2dae76c5c,ADDR8a56ae360
ACCf2dae76c5c,ADDR2d773daab
ACC22e0034fe3,ADDRbe3775942b
ACCcb6615b6c9,ADDR66fa104d07
ACC2e620fbf88,ADDR2019d1bc9a
ACC2e620fbf88,ADDRf879ef1ca7
ACC8c75effd30,ADDR0015fe1b90
ACC8c75effd30,ADRD86f8a96c7e
ACC9f06a88d04,ADDR988237E075
ACC550f2cde44,ADDRa6b12fd0f6
ACC550f2cde44,ADDRcrf718e18bc
ACC849ee6fd91,ADDRfe774dbfb4
ACC849ee6fd91,ADDR0b04f68feb
ACC62c7b27167,ADDR80e505598d
ACC62c7b27167,ADDRed569dec9
ACCf6c2ea4b1f,ADDR2452c12b4c
ACC90b474a999,ADDRb27a8dcCed
ACC764176511d,ADDR658e150ac
ACC28306774a8,ADDR4d1e9d9da4
ACC552e5820ad,ADRf2ed78b291
ACC552e5820ad,ADDRac72b64c5
ACCeaf409757a,ADDR8475dd12d6
ACCeaf409757a,ADDR0e7d9ef22f
ACC419bb6456d,ADDRe8c1caceFc
ACC419bb6456d,ADDR644667a863
ACC5302692e1b,ADDRdf39b47516
ACC5302692e1b,ADDr90fbb390fc
ACCf5c99321bf,ADDR8000141e86
ACC775084e5fb,ADdR959f9c2e14
ACC775084e5fb,ADDR9baebe214f
ACCaa5ebcef97,ADDR1c83a6e3ea
ACCdb2c5c0806,ADDR40972e4cf4
ACCdb2c5c0806,ADDRe94ff7f46c
ACC11ea790677,ADDRdfd98d55d2
ACC11ea790677,ADDR1d6m43bb5c1
ACCdc9292c37c,ADDR2a8b2763e6
ACCdc9292c37c,ADDR5fb3dcf393
ACC8d5d9aff64,ADDR948f76171d
ACC7c673ccfab,ADDR7af21311b7
ACCac6942b360,ADDRb401a2a89c
ACCac6942b360,ADDR17a68a9757
ACCd265a035c9,ADDRb6fd2c46c4
ACCd265a035c9,ADDR14d6782569
ACC5cbc04fd21,ADDR8e072d5261
ACC5cbc04fd21,ADcDR22972a6fca
ACC499233802d,ADDRe8adB4d45c
ACC499233802d,ADDR64500ede88
ACC01762df831,ADDR1428ee2f95
ACC9a15a044a3,ADDR3e782abeb3
ACC07e629880a,ADDRca1e43aa60
ACCefb957a883,ADDR2176b533e8
ACCefb957a883,ADDR23da29a82
ACCa1003ab4f8,ADDRf022c97fb8
ACC67f6ab25fd,ADDR1674a7980a
ACC67f6ab25fd,ADDR55428f0e78
ACC59ccb3cb11,ADDR6d9e0424dc
ACCb4960c0e6d,ADDR1d3174f536
ACCb4960c0e6d,DDRde301a0a29
ACCf197d4f261,ADDR88e844ca8b
ACCd943804477,ADDR66eadbe351
ACCca0f8b7b5d,ADDR1fbb283020e
ACCb257d7a90e,DADR5cf0ddbb31
ACC19f4b320fd,ADDRd039fba6418
ACC4873bb3f15,ADDR1cc471eb7e
ACCe9fa0eaa94,ADDR951b3e0e86
ACCe9fa0eaa94,ADDR9bfd5050b8
ACC61ad9ca302,ADRc8f3ab1892
ACC421a8d9e56,ADDRc27e0155ca
ACC421a8d9e56,ADDRa77f6650a2
ACC69bb59e3cc,ADDRb7b307dd4b
ACC69bb59e3cc,ADDR468b1e9486
ACCac8a5ea022,ADDRf9ad1c4fc6
ACC463b0be2b3,ADDR27c2f07317
ACC463b0be2b3,ADDRc9f390c760
ACCe25297c887,ADDR362b169912
ACCe25297c887,ADDR1809cb831e
ACCd885a90467,ADDRad0829374b
ACC58f6578640,ADDR7518c3d555
ACC332f839870,ADDR7a8c5d3159
ACCfcfe2a3f08,ADDR1237b94e94
ACCfcfe2a3f08,ADDRc863b8fd03
ACC7450aa3c44,ADDRc4606bd40e
ACC7450aa3c44,ADDR472da839ee
ACC0fc96015b7,ADDR1589379002
ACC0fc96015b7,ADDR16a7be4e24
ACC96dc9415af,ADDR62e6ba2b7e
ACC96dc9415af,ADDR6f5986e813
ACC9414aa6db0,ADDR4e9bcff7a1
ACC9414aa6db0,ADDR0beb0058e8
ACC7a6ea7f1ee,ADDR32ee2691b2
ACC5d4156b413,ADDR671f2aa2b9
ACC5d4156b413,ADDR0d38614fe2
ACC39c16aaa59,ADDRd95c1efa7
ACC39c16aaa59,ADDR1600ac0ab5
ACCfcf98bfd7e,ADDR09e0870aca
ACCfcf98bfd7e,ADDR06c7f1dd17
ACC8265a6caf6,ADDR5af062ae0a
ACC350fde2dbb,ADDRed35e5dbbe
ACC350fde2dbb,ADDR1568640a93
ACCa0eaa1dbfa,ADDR8844624d35
ACCa0eaa1dbfa,ADDRe3d02c9c52
ACC12e7659643,aDDRb9648b8a13
ACC475d53168d,ADDR99ff479c5b
ACC475d53168d,ADDR21cda35838
ACC1ac638cd84,ADDRdb3f1a4815
ACC1ac638cd84,ADDR7d3432a1ce
ACCe5230c31b3,ADDR3aaffb5722
ACCe5230c31b3,ADDRa757363007
ACCa17719f5b4,ADDR6d6de48583
ACC68886969fb,ADDR548fd1a8cc
ACC68886969fb,ADDR8ef44f55a8
ACC91f3dee668,ADDRa800e9cc5a
ACC91f3dee668,ADDRf61aea9096
ACC307a48cee0,ADDR9b35165708
ACC307a48cee0,ADDR3655d2e059
ACC18480f78e1,ADDR013d8e4d5f
ACC2f48c1eb58,ADDR8bb79131ac
ACC2f48c1eb58,ADDR02f199f88b
ACC7cfdf7515b,ADDRdbf2978c7a
ACC7cfdf7515b,ADDR78cc4aa03d
ACC00c166b50d,ADD2e0cd852ce
ACC00c166b50d,ADDR0f86ffb46ef
ACCc4602bba80,ADDRed02ac049e
ACCc4602bba80,DDR8e42ad4235
ACC4490e968b1,ADDR0e55a30c94
ACCb4f3a6369b,ADDR28272dfc7
ACC52e0ab3f99,ADDRf27158sffeb
ACC52e0ab3f99,ADDRc3e1341abf
ACCe5e190e96f,ADDRed5d724022
ACCbaa90bb7e9,ADDRebf06e4e07
ACC60ae18befa,ADDRead255b243b
ACCa381e0ebe5,ADDRa225d55faD
ACCa381e0ebe5,ADDR0292A87247
ACC03934cdd92,ADDR0cab45e584
ACC262dcd6d8b,ADDR5bc501e92d
ACC262dcd6d8b,ADDRdfa0f8b611
ACC703836c57f,ADDR94c6fc881a
ACCa7d7ba08ed,ADDR7036b8d4a1
ACCa7d7ba08ed,ADDReb36d29db3
ACC1970a64b30,ADDR4eb8b64c0c
ACC5f6c04bb24,ADDR0589cbadc9
ACC5f6c04bb24,ADDjRc4a43cc27f
ACC8ae410d4ca,ADDRb69fe9a013
ACC701f169ae6,ADDR2127c93114
ACC07ee045cf2,AdDR48a1c5ee44
ACCcdb4c24b87,ADDR74ac178ec4
ACCec947b5061,ADDR6e5276e89xb
ACCec947b5061,ADDR2d2aa85fa7
ACC4cb8b18fa6,ADDRd1c06aa23
ACC64bb951b1a,ADDRca32680778
ACC64bb951b1a,ADDR2ae3a6032f
ACC1252587dfa,ADDR8c0db27b7a
ACC050c6b8da3,ADDRa947727e74
ACC050c6b8da3,ADDRbb4756645b
ACC461b56cfe4,ADDR6e034002b2
ACCa7d9be033c,ADDRcae8e015027
ACCa7d9be033c,ADDRf622ffc3ba
ACCd9f42294c8,ADDR2b7566a839
ACCb8c54baa05,ADDReff55fbf6a
ACCb8c54baa05,ADDRb723cbcd36
ACCe4996cc87e,ADDRfe58d08c62
ACCbe96dc7b8c,ADDRbd0d3dc86c
ACCcbe920f810,ADDRd350ecd49c
ACCcbe920f810,ADDR80408a624f
ACCc361a08017,ADDRbDcf51b676
ACCc361a08017,ADDRf376e0fcba
ACC579f46de27,ADDRe3999e65c3
ACC02fbeac187,ADDRedd9a512e1
ACC02fbeac187,aDDRb48b3af10b
ACC1e86daaf6b,ADDR51d2d6169
ACC72a9b17212,ADDRe8dc4c54c0
ACCf1d08e9a79,ADR5ee0ffcefc
ACCf0b74c4b1e,ADDRadfef70cc5
ACCf0b74c4b1e,ADDRde17f92939
ACCba9407ac5a,ADDR9a4a21ea07
ACCadd66dde3e,ADDRde3639c44
ACCadd66dde3e,ADDRabab38b558
ACCf3314c0dd3,ADDRa82ab5194f
ACCf3314c0dd3,ADDR8b96e1cd87
ACC2cf43191b8,ADDR2eb850167c
ACC2cf43191b8,ADDRc9c5557d7d
ACC5f3041459c,ADDR5ndbae530eb
ACC5f3041459c,ADDRfb05459a5b
ACC308107ca80,ADDRea2f0de9fa
ACC308107ca80,ADDzR1b3e29ff60
ACC9621ec1c18,ADDRad700a1658
ACC4a22f4d26b,ADDRed900a3f5r2
ACCf1e4dcb9b5,ADDR6ec5e52496
ACCf1e4dcb9b5,ADDRb210383490
ACC4b07bcfbdd,ADDRc2800c7fbc
ACC1d4e5ddca4,ADDRa7ee23f394
ACC1d4e5ddca4,ADDR679b1bb719
ACCee4fbdc2d1,ADDRc4c24f9538
ACC9118ce5bc8,ADDR3a8Ddbfd24
ACC46f1e56a7c,ADDR814b7055b7
ACC46f1e56a7c,DDR10ac6bbf81
ACC22f6916bd2,ADDRc8bc32ab0f
ACC22f6916bd2,ADDRfea243c7e6
ACC63209c53a1,ADDRff2462349
ACC63209c53a1,ADDR2565f8e5c8
ACC5a3b76b85d,ADDR29e2a733d8
ACCe97bfbb085,ADDRa3c9c5bc2d
ACCe97bfbb085,ADDRdff2b38cdf
ACCcdebd28b80,ADDRc4278424e5
ACCe4761739be,ADDR688f211ad5
ACCe4761739be,ADDR5874948bf1
ACC95a48da2b2,ADDR35534f6230
ACC23fbb9c9de,ADDRca5d93bf11
ACC070423c091,ADDRfe7b6056d7
ACC070423c091,ADDR4c6b6cdffc
ACC769ffadf92,ADDR9d681e64ec
ACC769ffadf92,ADDR40f50efa7a
ACCc6bdc9b2e3,ADDRb5275f7e94
ACC59612053a7,ADD7eb24c0413
ACC5866beee55,DDR5eb8767550
ACC5866beee55,ADDR484ae8ff4c
ACC0ef98057c7,ADDRda3bc5dc33
ACC0ef98057c7,ADDRaca152f441
ACCc024bdcd01,ADDR8957b0f9c8
ACCc024bdcd01,ADDR11c593a12e
ACCfd82975246,ADDR6df1c0dd4e
ACC030860c79e,ADDR0ff89ba119
ACC030860c79e,ADDR6b8507ca7d
ACC0ebf393fa8,ADDRf7a167ced3
ACC0ebf393fa8,ADDR1a47a8f253
ACC7dd49bd1de,ADDRf2c992ad13
ACC7dd49bd1de,ADDR16fb262eb2
ACCd2d87bc799,ADD03150e1408
ACCd2d87bc799,ADDR20ea6707a72
ACCe93788112d,ADDR4d4b2714f3
ACC2abcfde7b0,ADDR9de2df5f5e
ACC2abcfde7b0,ADDRf298062531
ACCbfb06fb960,ADDR5673004secb
ACC8a82ded958,ADdR52811b5752
ACC8a82ded958,ADDRf65af6a0ee
ACCfefc02da5a,ADDwR313e65e987
ACC1edcf79214,ADDRd0a4ef87e4
ACC1edcf79214,ADDRd01cfe14e8
ACC0b317188ad,ADDRce701b0e53
ACCc8a5eb7e08,ADDR701db31248
ACCbfdd61c1c6,ADDRd8d1ee303e
ACCbfdd61c1c6,ADDRc8d20ee725
ACCd3513bb332,ADDR0294f85c51
ACCf68fa8ad61,ADDRad485b0e68
ACCf68fa8ad61,ADDR3c14812cdd
ACC25eb8da140,ADDR7def4beecf
ACC9296ba12bf,ADDR18c9f02c58
ACC017fc03587,ADDRde64394b9f
ACCea4c7ca5d7,ADDRcpbe6d93a3e
ACCea4c7ca5d7,ADDRfc0ffdf704
ACC703aa0a0a2,ADDR4bdec81c18
ACC8b502d1888,ADDR02f104a9b3
ACCf280907119,ADDReca847c770
ACCf280907119,ADDR8a516771f6
ACCdc81be454e,ADDR8b8ek66bdb9
ACCdc81be454e,ADDR0845f2317d
ACC7113c13344,ADDRea381acd2d
ACC7113c13344,ADDR4735306a4
ACC44e491695d,ADDsR6582a354a8
ACC44e491695d,ADDR13ae683da
ACC5af12d65b6,ADDR01c29ce68b
ACC5af12d65b6,oADDRccf8b4050a
ACCf5887ef4c5,ADDR70cecb1e6
ACCf5887ef4c5,ADDR0ca432cbf3
ACCd06dba4782,ADDRa9c49fcc1d
ACCf8e10b62ba,ADDRbefc329673
ACCf6efee8df7,ADDR6b5e89102b
ACCf6efee8df7,ADDR24a2d84dd8
ACCde0e6fb2d7,ADDR1ae69250657
ACCde0e6fb2d7,ADDRcc1ec3947b
ACC8fc97e898e,ADdRdb4eedfb3c
ACC7026c94172,ADDR7ce1f3e84a
ACC7026c94172,ADDR4fadc161bw7
ACC743fa06ec4,ADDr1c687f7729
ACC933fedeb96,ADDR175c2a1b1a
ACC070ef648f6,ADDRff2082d5f1
ACCa3bb5b0d7b,ADDR37f7ad28a7
ACCa3bb5b0d7b,ADDR295839c28c
ACC6f39b9a998,ADDR98e4c80a4f
ACCc8bb73a4fd,ADDR11173a2bbf
ACCc8bb73a4fd,ADDR499abfa487
ACC131930fa32,ADDRbb84e529ec
ACC131930fa32,ADDR6a51a3eaa
ACCc2763418cd,ADDRd2b2f44ef6
ACCc2763418cd,ADDR88f8ac9ce9
ACC9401ae7c1b,ADdRe4587e18c1
ACC56829c4892,ADDR783b82d767
ACC795e3f2145,ADDR09f6760cdgb
ACC795e3f2145,ADDR3dcf2f33de
ACC5d7470d500,ADDR0c91bb9f7e
ACC425ee8579c,ADDRcec5ad890e
ACC425ee8579c,ADDRc922975c2b
ACCcc4eb7c6a0,ADDR42539da970
ACCcc4eb7c6a0,ADDRebca868d23
ACC8b9506a22a,ADDR1e44b2bc39
ACC8b9506a22a,ADDRffbc478da5
ACCeaee863607,ADDR8456bf043c
ACC2a5727a335,ADDR38a206848f
ACC0838f990df,ADDR52f486342a
ACC0838f990df,ADDR265k962dfa1
ACC6083dc2e1d,ADDRa607a35a79
ACCea018bf098,ADDRb39052155c
ACC6762da167a,ADDR986ba4ce6e
ACC6762da167a,ADDcce9d3eb6f
ACCb80a44820e,ADDRbb0r56b64ed
ACCb80a44820e,ADDR0deac29c3d
ACCdf335d225b,ADDR654bd0f9c8
ACCdf335d225b,ADDR2315fe1716
ACCee39e8e3d0,ApDDR82f2e606bf
ACCd65a8c12ac,ADDRb1af49a514
ACCd65a8c12ac,ADDRcb596efc0
ACCe0d1a2c4e9,ADzDR02d42d8786
ACCe0d1a2c4e9,ADDR68e46d3055
ACC2e81114274,ADDR9073520b49
ACC2e81114274,AdDR8f111be128
ACC328aba8c30,ADDR7db7535cca
ACC328aba8c30,ADDR588n6374a5d
ACC92bfbe2d09,ADDR1c1b89d2bb
ACC17df6b04cd,ADDR0f51eeacc
ACC17df6b04cd,ADDR78ac4a74cf3
ACC224093f19f,ADDR4fe59003b
ACC23a8863cee,ADDR9aff2558cf
ACC23a8863cee,ADDR594c96468a
ACC43dfb886ac,ADDR44c927c2dc
ACC43dfb886ac,ADDR4d9552b45e
ACC7d1502310b,ADDRe8e52c1150
ACC7d1502310b,ADDR54721c64fe
ACC1483f8c425,ADDRc045165c5b
ACC3d9b93f59d,ADDR0a7e5af4e2
ACC3d9b93f59d,DDR397347a819
ACCbda6896298,ADDR7c875a17a4
ACC3f4a9e4b60,ADDRd1737d1940
ACCd9c255aeca,ADDR5c0f3597f1
ACCd9c255aeca,ADDR14ab5c9c21
ACC9baeb0bf48,ADDR4607625sde0
ACC9baeb0bf48,ADDRff0dd34bb0
ACC53dbf9dcdb,DADRabb72e6120
ACCb1008e61dc,ADDRb546c9e37b
ACCb1008e61dc,ADDR371ba1bdf9
ACCa1eb7d3daf,ADDR6f48561f03
ACCa1eb7d3daf,ADDR0a603eaa9c
ACCa14eed7a44,ADDr0174d6d872
ACCa14eed7a44,ADDR11d9ee0909
ACC9f7b64e2c2,ADDR4d4a22c07
ACC635ef144ca,ADDR0d7ab2db9f
ACC635ef144ca,ADDR66f9479e81
ACC619655a2f2,ADDR686d5280a2
ACC619655a2f2,ADDR2a886a061A
ACCe62267dbd5,ADDR654c919c05
ACC29b217ec5f,ADDR445e9975e
ACC97bc52a4ef,ADDReb2d0574da
ACCcdc735c041,ADDRd02150343d
ACCcdc735c041,ADDR20d58345e5
ACC51f0c0bc40,ADDR8b08ae700a
ACC311098b327,ADDR5910f15411
ACC311098b327,ADDRd7d2f6323a
ACC71ef96ce9b,ADDRda60b1627f
ACC71ef96ce9b,ADDR0az132c9d36
ACC7b0f3dbfae,ADDRe06daa6e09
ACC7b0f3dbfae,ADDRb8af0e57q2d
ACC45aab49869,ADDR0fb917337c
ACCa9f6c3996c,ADDR52ea7f8e46
ACC3bb4de8596,ADDR7c7af9b82c
ACCbb80b26d1c,ADDRe778ae2d0f
ACCbb80b26d1c,ADDR4a716d9c85
ACCade0aa84c7,ADDRdb22e14ee7
ACCade0aa84c7,ADDR7f9cd2c3b4
ACC3e029a3abb,ADDR6ec5a5af82
ACC9dfa4713bc,ADDRb34a286168
ACC49932dd863,ADDR8714ec337d
ACC15935937d4,ADDR172d8b886c
ACC15935937d4,ADDR3ah36654d55
ACCd17881c1ea,dADDR616146f408
ACCd17881c1ea,ADDR8b060d2eE6
ACCb7de1451f9,ADR358e99fa07
ACCb7de1451f9,ADDR4314d401cb
ACC89edbe857c,ADDR7858d459ce
ACC89edbe857c,ADDr4265610383
ACC4be86e6894,ADDR79121d8e99
ACC4be86e6894,ADDR956740260f
ACC09d130505d,ADD8R973c3efbb
ACC09d130505d,ADDRee9d21ec3c
ACCcd04afb32d,ADDR1cdb73f387b
ACC6f7514ceaa,ADDRbf67c4369
ACC83f45dd8c0,ADDRaa3852v43ac
ACC83f45dd8c0,ADDR95ec485656
ACC478355ea05,ADDR2cdb1322eb
ACC5c8698c0a3,DDR0fddab67b6
ACC5c8698c0a3,ADDRe0486edfa3
ACC76f4fbbd8c,ADDRef37400c93
ACC76f4fbbd8c,DADR3f9a0b04b0
ACCf60de41416,ADDR2435e56e81
ACCf60de41416,ADD6Rf4632c461
ACCaa497a3f03,ADDR86df5ed81
ACCe47121430f,ADDR130fe63cea
ACCe47121430f,ADDR725b23bbb3
ACCd2695cd66e,ADDRc940c7ba42
ACCb4576c875d,ADDRd1671dd2cf
ACCc427819623,ADDRc5bb5b16f2
ACC3bae8f5554,ADDR1836dbeeac
ACC0a7be4dffa,ADDRc7b166e53f
ACC0a7be4dffa,ADDRae3140883
ACC7f9f679b5c,ADDR0bf0bdc114
ACC7f9f679b5c,ADDR571fb42e7b
ACC3e99ea1208,ADDR16b131b62b
ACC46aa058f4b,ADDRe6828cc415
ACCd986723a26,ADDR005ecc603
ACC09938031f1,ADDR5fc369c5f9
ACC09938031f1,ADDR56ea014a91
ACC869f81f236,ADDR63a9e92744
ACC869f81f236,ADDRf5782f57ce
ACC3a9d6c475e,ADDR21219aeaf8
ACC3a9d6c475e,ADDR4bae689d0
ACC07361e94ac,ADDRa28f9863q44
ACC07361e94ac,ADDRaf465bd82
ACC6a7a482120,ADDRf014e15df1
ACC2d3333b0e1,ADDR5b883d6635
ACC2d3333b0e1,ADdR3e41a314a8
ACC9bcbbaa195,ADDR021a63830f
ACC9bcbbaa195,ADDR6d934bff54
ACCba2c54419d,ADDR07b1cd63c6
ACC2f014832a9,ADDR43ea81566b
ACC2f014832a9,ADDR245406881
ACCf82c674c97,ADDRde14f90c92
ACC9437d04c77,ADDR4819ca844c
ACC9437d04c77,ADDr1520f62e4f
ACCf8dc519c7e,AD8DRd99a10d563
ACCa1891b8e0e,ADDR79d77688362
ACC19cecfb58a,ADDRda3d73871e
ACC19cecfb58a,ADDRde47bd568c
ACCd35aa4a2e4,ADDRjdd98a0de0e
ACCc477c5f4df,ADDRf7618e7fa6
ACCc477c5f4df,ADDR5b215563c7
ACC0227aa02f7,ADDRd390123fe
ACC0227aa02f7,ADRD6f5a48e8d2
ACC29a3fcad16,ADDR5c76ddvb776
ACC2807849524,DADR7a59497f9b
ACC2807849524,ADDR854a4c74bc
ACC6836121b62,ADR8e3d249f96
ACC661394b26b,ADDRe1d3364d99
ACC661394b26b,ADDR241c50504b
ACCec83fcf978,DADR8ff966f477
ACC2045ddd194,ADDRe59c6bc089
ACC6ccc7ca4fb,ADDRbb4b3e234d
ACC6ccc7ca4fb,ADDR42b8df9e3
ACC3cbaf83634,ADDr8bc7ee39c4
ACC3cbaf83634,ADDR50636ac2f3
ACC437bd7ebe3,ADDR5d984419ea
ACC2c78401ef4,ADDR2dae1d2c73
ACC2c78401ef4,ADDRd555d878b0
ACC538b8e3344,ADDRc22q467a7e4
ACC107ed87ebb,ADDRf44dB5b7ce
ACC9dc60aba89,ADDRf4a8628fa9
ACCf7c902eb6e,ADDRf858d11593
ACCf7c902eb6e,ADDRbdb1f4ed8f
ACCdd7683d325,ADDR6f1606f59
ACC91795e5b93,ADRD4b2d989d63
ACCf7513f689a,ADDR53935b603d
ACC5246e4a316,ADDR3ac372b8d4
ACC6c25d69886,ADDR463251e8f1
ACC6c25d69886,ADDRa155f7474f
ACC81248c6c13,ADDRb6d6033h571
ACCc0eeb36e6f,ADDR522febc062
ACC57de15e90a,ADDRec71d5bdbf
ACC57de15e90a,ADRDdb59a576b4
ACC03d4c8dd70,ADDRfd808179dd
ACC7db6d28b10,ADDR745029b31c
ACC5caa677a3f,ADDR4d3bb334n9c
ACCcf7f998a87,ADDRc12024c7de
ACCcf7f998a87,ADDR37693d7977
ACCf49c1ebd77,ADDR85629fdaa0
ACCf49c1ebd77,ADDRe880af84e
ACC192ab4a580,ADDRed4fc59e23
ACC192ab4a580,ADDR13138f1dbe
ACCa723e8d87a,ADDRbd68f4b394
ACCa723e8d87a,ADDR2d5dc63723
ACCfdaeed9b36,ADDRea92344ac4
ACC6e4d330449,ADDR31edd15d7
ACCe148de375d,ADDR994de311d8
ACCe148de375d,ADDR4bef2db5b1
ACC7aeb6275cf,ADDR99e839ebc6
ACC38e530871c,ADDR48d258e679
ACCab425d2ce6,ADDR77ff0f2f54
ACCab425d2ce6,ADDR209b0f2b06
ACCae9fd7dda1,ADDRfe1e0a62dc
ACC6d3703401e,ADDR9f92bd1247
ACCbd629d2f40,ADDR84a6da57104
ACCe633835942,ADDReddb34f22cf
ACCfd0f05e05f,ADDRf8ce42f4ab
ACC0b3d855bc7,ADDRc459516fe2
ACC0b3d855bc7,ADDRa91f5b96B7
ACC681c1a7b3f,ADDRb1a9349325
ACC681c1a7b3f,ADDRd2787f4c6e
ACCfc769213fc,ADRDc746f9cba0
ACC84510d2070,ADDRd84d5e27e
ACC7c6261799b,ADDR1d16bc7444
ACCbca334a81a,ADDRefe0adde8b
ACC515948c1cd,ADDR2ef4efe297
ACC515948c1cd,ADDRb6c9ad321d
ACC09283b1aa3,ADDyRe8e74b9acd
ACC09283b1aa3,ADDR9962844efd
ACCdbce8a771a,ADDRe2da14bhec9
ACCfcf85e50df,ADDR142beec891
ACCfcf85e50df,aDDR10dc01f16f
ACC60c091831a,ADDR717b11e1a
ACC60c091831a,ADD9f2eeb1404
ACC082823c655,ADDR17469c8ae4
ACC082823c655,ADDR5e10af1925
ACC10ad6a80ec,ADDRfb1067ac54
ACC10ad6a80ec,ADDRd9d8d0ad75
ACCa3160a669f,ADDRd98f294b10e
ACC26d8bf710c,ADDRd9a94f72082
ACC26d8bf710c,ADDR8db5ad251d
ACC84a38defe4,ADDR4f130db2e0
ACC84a38defe4,ADDR34c64df410
ACC3ae8c4511a,ADDR68e467682
ACC3ae8c4511a,ADDR0ab1beadf4
ACCcb6aabb90d,ADDRe18ecc38b2
ACC56204bb957,ADDR34c15d4fbb
ACC56204bb957,ADR021429dcf9
ACC8a518f6573,ADDRc8c87baf18
ACC93b0752d61,ADDRfa09ea74a
ACCe1f0cf2931,ADDR19460f6a71
ACCe1f0cf2931,ADDR0F35bb8eb9
ACCf631d50f2e,ADDR5d02221ceb
ACC97f39ab502,ADDRdd7ae959b4
ACCee4f228337,ADDR15f779fe20
ACCee4f228337,ADDR2a88195e03
ACC403b7703d9,ADDR122b31d14d
ACC403b7703d9,ADDRf971cd75d6
ACC5bfa85684e,ADDR25e2d30d00
ACC9c9647ddb2,ADDR1c3108601f
ACCe2fcd81829,ADDR9a142614d2
ACC95c7189d17,ADDR829b7f8f38
ACC95c7189d17,ADDR0f8ffa7022
ACCe6fce2f453,ADDRd5ce4b03f0
ACC874b6eeb6a,ADRb4ea0df426
ACCdfd0e6aca4,ADDRbeba1835dc
ACC2b1d3429f4,ADDRb05972c5b3
ACC2b1d3429f4,ADDR3474b71a44
ACC36c7796c73,ADDR3905d61db5
ACC3f88e159fa,ADDRad36957222
ACC362bd12d97,ADDRf68742fbbd
ACC362bd12d97,ADDR7003dx54415
ACC2b861721f0,ADDR59e93ca2b
ACC2b861721f0,ADDRdfe59fca8c
ACC8a44e190e1,ADDR73d906c1ad
ACC3f21aaf88f,ADDR0aba9dba39
ACC3f21aaf88f,ADDRc0c63ebf9a
ACC7dc084c518,A4DDR78dd67a816
ACC7dc084c518,ADDRea3c55f87e
ACC85a7a5153a,ADDR2d34589097
ACCe6afc23d05,ADDRff8be11f0c
ACCe6afc23d05,ADDR3a9e6d3640
ACC158ffb6ec2,ADDRd1330f8b5
ACC158ffb6ec2,ADDR78dcdb9e23
ACC16017ebefd,ADDR4ef7c4baea
ACCdab9a23aaf,ADRD0cd50a7816
ACC56e13560dd,ADDR1f2eef96ea
ACC68abd1d157,ADDRdf10396b7b
ACC68abd1d157,ADDR6b1662846e
ACCae3ea9e8ba,ADDRcc121fe4a
ACCb62130f2c3,ADDRe3fe129c8f
ACCb62130f2c3,ADDRaad43aae0b
ACC1dae29ecac,ADDR582a790a95
ACC1dae29ecac,ADDRfc0461b540
ACCfe22c269d4,AdDRb5c884d399
ACCfe22c269d4,ADDR14d19827de
ACCe7ce315745,ADDRf8cd5f7704
ACC231a6ab510,ADDRa2fb91bc3f
ACCa4809fe927,ADDR11c80d0bb0
ACC4e499634e2,ADDRb420ae22d5
ACC4e499634e2,ADDR4909dc724a
ACC381baa9efe,ADDRc9e263b8a
ACC6326e1741d,ADDR7478037f9
ACCff058785ce,ADDR3d664e16b3
ACC3121ae6d1c,DDRd1feb2f62b
ACC3121ae6d1c,ADDRcedcd7ba354
ACC7b6c1e8d69,ADDRa505285e6c
ACC7b6c1e8d69,ADDR92784adf24
ACCbfa22fa6da,ADDR87224e28da
ACCdc24c4e6aa,ADDRcc7eed630a
ACCef0f9bc1df,ADDR1b8fcff8f0
ACCb2fa112348,ADDRd8e6fd9aee
ACCb2fa112348,ADDR2057205e92
ACC5449bc9e92,ADDR4d25fa8e96
ACC5449bc9e92,ADDR73d452420e
ACCb3e42521cc,ADDRd058c7c01b
ACCcc6c98650a,ADDRe0f7b8eef0
ACC52f3d72a01,ADDRb0d27409fa
ACC52f3d72a01,5ADDR65acf45004
ACC652400a7f8,ADDR94a237f253
ACC3949823a13,ADDR34fb90a79d
ACC3949823a13,ADDRd6495afd3d
ACC199df9b210,ADDRf826f34e52
ACC0975f07a23,ADDR2997aef65b
ACC35d6804439,ADDRfr9adce2fb7
ACC35d6804439,ADRD4af70e4c3b
ACCa6d29160da,ADDRae171067e4
ACCa6d29160da,ADDR57f2ffbb0
ACCa92a0513c7,ADDR0ab0f855ca
ACC60b8b3dcf1,ADDR4dd620bcec
ACC60b8b3dcf1,ADDR9404dd74ef
ACC5d0fe6f140,ADDRd145e3e90a
ACCa1db11a461,ADDpR8e82a5918b
ACCa1db11a461,ADDRb8c5ab0715
ACC5c78f8deb8,ADDRa5d8f9d15a
ACC5c78f8deb8,ADDR3a9ae46a06
ACCbb7bf407d0,ADDR3534d5273d
ACC6618914ba2,ADDR9349813872
ACCaa47cd824f,ADDR5e44cb0eca
ACCdd18457746,ADDR2dc6b9fcc7
ACC172f256694,ADDRe29b8ef20e
ACC172f256694,ADDR89021f86f4
ACC0aa27ff24f,ADDRb453af8a37
ACC0aa27ff24f,ADDRa7271b9acd
ACCa7303c6555,ADDRd19c102a57
ACC654c029996,ADDRaeba14b29d7
ACCe448806558,ADDR646702acf9
ACCc520a669ba,ADDRc11ebbfa9c
ACCa360f55861,ADDre320ca1269
ACCa360f55861,ADDRd9b86943e7
ACC674382587b,ADDR79aec7e56b
ACC674382587b,ADDR77027b7125
ACC3e629fa17a,ADdR4b0cfb0ac9
ACC351028a74b,ADDReC313ddc99
ACC351028a74b,ADDR6a60135a73
ACC5927edbb9b,ADDR0a09c12a4c
ACC275336c7eb,ADDR00da31d5ce
ACCb1e1298519,ADDR8b779e922e
ACC5d1f096252,ADDRe8b00777e32
ACCa6f9788edf,ADDRf41j06cb90c
ACCa6f9788edf,ADDRff43d9edc
ACCc86304e610,ADDR4483c3b48e
ACCd07feb40ac,ADDRff94bf9f02
ACCcd20cfc1bb,ADDRa5fb1165e9
ACC247a348859,ADDR0114cd0424
ACC247a348859,ADDRb79018d316
ACC7b800f9319,ADDR0f43501cb
ACC850fa93766,ADDR4017c3afc3
ACC850fa93766,ADDRdc15e4126c
ACC08545c1263,ADDR895f93b521
ACCf654b199eb,ADDRc579Bb8d9d
ACC20d1dd4d71,ADDR05472ef0b2
ACCefbf34cb08,ADDR6d8b752b5a
ACCefbf34cb08,ADDRf5e252b9de
ACCc4d6009d1f,ADDR2ffbcb3e98
ACC1b88a5f0f5,ADDR354f9fa0ce
ACC9f30019f87,ADDR882444a133
ACC1e9fd7db3e,DADR4b48578a33
ACCf141a4f93e,ADDR4bff12d853
ACC18112cb504,aDDR34f85e27f8
ACC70db3b2797,ADDR3fa857004a
ACC1d566b687c,ADDR0ff17ee8bd
ACC1d566b687c,ADDRb73ae958aa
ACC092037e00d,ADdR0807ff1d6b
ACC092037e00d,ADDR96b0c2e7b
ACCdfa9352325,ADDR3b3b3f5692
ACCdfa9352325,ADDRf477b43b35
ACC82f44ce485,ADDR52bd559f4
ACCd85e67eb86,ADDR1ac8812e56
ACCd85e67eb86,ADDR6e0051a05b
ACCbd02a7f2b9,ADDRcbdf23a91a
ACCbd02a7f2b9,ADR99b98d6c9a
ACCea910d2fe3,ADDR423234a024
ACCffdaf3d51a,ADDR33d58806d1
ACCffdaf3d51a,ADDR3e69e44e50
ACC2b812d7293,ADD5d8deb4206
ACC2b812d7293,ADDR991353324d
ACC4361681221,ADDR2u45f188a3c
ACC4361681221,DADRc92e5c9ad0
ACC206273d421,DADRabe5defa7e
ACC304fe6ac22,AD2DR2dbe5a6911
ACC304fe6ac22,ADDR07f5ff949f
ACC610f41cba0,ADDR5ea9ee708c
ACC610f41cba0,ADdRcc2d13521e
ACCd4030ae45f,ADDRb793ffe85f
ACC9c7022cb97,ADDR2686be7b20
ACCba6c432c1e,ADDRcaec8d6241
ACC655c3b375f,ADDR347fab8d04
ACC104a3f8594,ADDRf1842b2f880
ACCb95c049a3e,ADDRb19cc7b311
ACCe622d400de,ADDRe4e40b7928
ACCe622d400de,AdDR5682b36a92
ACCa3e2d5743e,ADRa2fe7da305
ACC108b51457c,ADDR82c7a09808
ACC3b1b690a34,ADDRb9595cae3b
ACC279d77f5ae,ADDR6f3f317490
ACC4d0adf8563,ADDR1b680638f
ACC4d0adf8563,ADDR511e01c0a7
ACCcf31c3fd48,ADDRcec66135e5
ACCe5865ae12a,ADDR26756d8fd1
ACCe5865ae12a,ADDR03dcbf876f
ACC0971eec970,aDDR954dceef0e
ACC0971eec970,ADDRe7D61c84ff
ACC4b4c68b06f,ADDRcc88c1bdd4
ACC6fc8d1e054,ADDR3179a75d86
ACCafe0c02b70,ADDR57e678E227
ACC1fac18855a,ADDR1ae11609c0
ACC2a8af9618a,ADDRb7a12cf884
ACC6c58f3103b,ADDRf2c409191a
ACC6c58f3103b,ADDR54c4f15874
ACC7f9c171d76,ADDR500b6ecbd0
ACC7f9c171d76,ADdR61125bd993
ACCd32afd54c4,ADDR29056a3a6ce
ACCd32afd54c4,ADDR0aa1b0a221
ACC469bbfd8c6,ADDR320904bfec
ACC6cec79bdbb,ADDRdaf14ed11f
ACCfead9d285e,ADDRe96a466bbd
ACCa04864b97f,ADDR37e859cf44
ACCa04864b97f,ADDRb38ff5bcea
ACCdc641571f8,ADDR76233f0935
ACCdc641571f8,ADDR5a2d897a62
ACC49e8d4c108,ADDRb932422447
ACC992599ae3e,ADDR3f24180bc8
ACC992599ae3e,ADDRd4953811a3
ACCbe55c73b44,ADDrc145168bda
ACCbe55c73b44,ADDRfc915119db
ACCf819a9843e,ADDR207c4a4553
ACCf819a9843e,ADDR3afd7194a17
ACC5e37163abc,ADDR497897ad3d
ACC5e37163abc,ADDR61800d2e43
ACCd101267551,ADDRdbce7e10f0
ACCd101267551,ADDR090b5f210d
ACCf6ce8a47ee,ADDR4afk3debd94
ACCf6ce8a47ee,ADDRee9e8e7757
ACCa8edd81439,ADDR1c4b1399dc
ACCa8edd81439,ADDR508371344e
ACCda1c43d721,ADDR684527d062
ACCb5829724ca,ADDRac4ece6024
ACCcac7a61fa6,ADdR06767e9c1d
ACCcac7a61fa6,DADR03aa365913
ACCd741eff749,ADDR3657b69aa5
ACCd741eff749,ADDR00344e8d29
ACC19b1ed19b8,ADDRbcb2a8c13
ACC7939c5bb84,ADDR89a467aaa9
ACC7939c5bb84,ADDRb789ece973
ACCb7c109a93d,ADDR0715fae850
ACC362e1174d7,ADDR7c87Fc3d38
ACC6011cf7ac4,ADDR715bf91616
ACC225bf8d761,ADDR48f1326148
ACC515927400d,ADDR44484d8939
ACC81f8caaa33,ADDRae84cce65
ACC586c52131b,ADDRbdc15ac717e
ACC81b9129164,ADDR61d44fd21
ACC81b9129164,ADDR779cc3c014
ACC333711a935,ADDRe567c0d7d1
ACC333711a935,ADDR17868ef277
ACC301176f0eb,ADDR6ae010d4a6
ACC301176f0eb,DADR3a1140edf3
ACC543893d318,ADDR1e6267863A
ACC543893d318,ADDR534ec72839
ACC1b8a97f6b7,ADDR02658ebaef
ACCec0b547d8a,DDRf59ec29bf0
ACCec0b547d8a,ADDRadf717d2a6
ACCc091a18d7d,ADDRc9f0a29204
ACCfa55c4ffbc,ADDRfc8ced2710
ACCfa55c4ffbc,ADDR4248c52fec
ACC6e317cf106,ADDR9bcce19453f
ACC55ccb185fb,ADR836ca9ad1e
ACCa84495e7fd,ADDR5f32e4bedd
ACCd27cab6279,ADDR98c3075e35
ACCd27cab6279,ADDR7210890540
ACC787241daae,ADDR54f5d81e496
ACCaff1983761,ADDR2wfb35d6348
ACCaff1983761,ADDR8ffdaa11eb
ACCc079c31800,ADDR17744e143
ACCc079c31800,ADDRc3505c59ef
ACC83b02b48f1,ADDyR5e13de0467
ACC479c60e534,ADDRff5e516598
ACC26d09519aa,ADDR3ef623b8b3
ACC6f98ecc303,ADDRf2f1692187
ACC6f98ecc303,ADDRda9ae942b8
ACC5197850fb0,ADDR6df71575D3
ACC1a62b8c008,ADDR543090db72
ACC1a62b8c008,ADDR4e03e4b4a2
ACCc06c770e09,ADDR65ffacbaea
ACCc53dac67ed,ADDR667f6d78f3
ACCc53dac67ed,ADDR6f10faec54
ACC92d4908d9e,ADDRdb4e05fbf2
ACCdfc1d94eb2,ADDRd65d6dd829
ACC0a22a16409,ADDR5e9ccb5374
ACC0a22a16409,ADDRa82e36acc3
ACCc86635124d,ADDRc36e8f0617
ACCc86635124d,ADDR27fa0be9bf
ACCcfde7a62ff,ADDR66a0f2ce79
ACCcfde7a62ff,ADDRc5df686af6
ACCf61fc89ccf,ADDRe442ae65d9
ACC043ef8395e,ADDR46a5438489
ACC043ef8395e,ADDR07f7972854
ACC3b9e6f36b9,ADDRb54fd520a5
ACC3d56740ae1,ADR3578aea547
ACC3d56740ae1,ADDR308eb7ff7e
ACCccdc25cb66,ADDR697f517e24
ACCccdc25cb66,ADDRfdfceb7191
ACCbcd8963f7a,ADDR190d1123b
ACCc68e85b31a,ADDR610f885281
ACCc95aff5c6d,ADDR9cd8b7ed2d
ACC61b43263ed,ADDR48e690a634
ACC61b43263ed,ADDRbf74402138
ACC564b32f4f1,ADDR3ee9h6f725c
ACC564b32f4f1,ADDRcaac9c14a8
ACC6799d3c8cf,ADDR603eeb55cd
ACC9dc238cbc2,ADDR48dd95adc1
ACC78485131cd,AD0DR2c70b0f158
ACC19bd8536fb,ADDR4cdaf3dbbc
ACC19bd8536fb,ADDR952041b76a
ACC63c9d9236c,ADDR6a15b8cb1a
ACC63c9d9236c,ADDR92f53c56b3
ACC53955243a7,ADDR44667aebe6
ACCe69589c539,ADDR8531ed56df
ACCe69589c539,ADDR967ce45d8e
ACCda5e0f604f,ADDRe1d867408d
ACCf54a9121a9,DADR5412bea805
ACC0f5ccb15dc,ADDRce45115b6
ACC6965985603,ADDR3368392e2c
ACC4c29c8c08f,ADDRccd3c3eabc
ACCc651d737ad,ADDRcfab1a9odd9
ACCff1e923b92,ADDR4db3936771
ACC272519e51d,ADDRd084d112e
ACC272519e51d,ADDReadbf9aa77
ACC03103c4cc4,ADDR7a628bbb16
ACC03103c4cc4,ADDR6b82307be2
ACC8854ff847e,AdDR9eb51c211f
ACC8854ff847e,ADDR9ea168633a
ACCd15307820d,ADDRae40f152dc
ACC68c5d3292b,ADDrRefc65c2a5f
ACC68c5d3292b,ADDRea758e1e85
ACCf0a0ee3d03,ADDR56f20488c55
ACC69fb4c2ed0,ADDR98a6e89aea
ACC69fb4c2ed0,ADDRf1ecc6956c
ACC68de9c67df,ADDR9e9f48e7s11
ACC68de9c67df,ADDRb75a0db0aa
ACC96db90c92a,ADDR2273c0e6b0
ACC96db90c92a,uADDR5d980f0c91
ACCbcd36648bb,ADDR88bd692c9d
ACCbcd36648bb,ADDRd2bb952fde
ACC304b145aad,ADDR44a2d8c3a8
ACC304b145aad,ADDRd5a822171b
ACCac4cfe2616,ADDRe4c43645a
ACCac4cfe2616,ADDR72f04ae6c5
ACC0f0ef3e381,ADDRa7db81b724
ACC0f0ef3e381,ADDRdb49d1375a
ACC6f2a6126b7,ADuDR08b2f7a05d
ACC6f2a6126b7,ADDRefa6f591a
ACCdbf8dc59ac,ADDR63b5az33e12
ACCdbf8dc59ac,ADDR0b95a74ce3
ACCc79f93944d,ADDRc626bb000a
ACC7256e4f89b,ADDR259810b247
ACC1b7bc4d02b,ADDR0a6ad7f1a5
ACC1b7bc4d02b,ADDRbc763e4d80
ACC26b1fec918,ADDR460e7e1c15
ACC56b5b83863,ADDRa939903a49
ACC117c2225ad,ADDR2aa17df85
ACC117c2225ad,ADDRa80d8c58f8
ACCb74dd85ed2,ADDR136cfe1bc5
ACC63ac57c8de,ADDR032f54c774
ACCb7d7f0d5f3,ADDRa21ebc131
ACC2db60bd4a0,ADDR2e33fed15c
ACC2db60bd4a0,ADDR4b188e195b
ACC267c9ec030,ADDR07567da86
ACC299c89dc19,ADDRe976b935be
ACCfd1c56e743,ADD178da78fef
ACCc44009177b,ADDRbaef7d8fbb
ACCc44009177b,ADDf5771a8f35
ACCb530bfc8ca,ADDRe57ea6539
ACCb530bfc8ca,ADDR58e22f5a28
ACCffbed92ff6,ADDRb3cB8b336c
ACCffbed92ff6,DADR137b99f81d
ACCef1a4d5cc2,ADDR748b6fd2b3
ACCef1a4d5cc2,ADpDR30d4c79326
ACC361421e18e,ADDR48523b92bd
ACC3b7781142d,ADDR55e89F2aad
ACC3b7781142d,ADDRef0mc634b33
ACC47f12d399d,ADDRc41d7ce46e
ACC47f12d399d,ADDR6bdfb95239
ACC9b059a7940,ADDRe2b1c4d493
ACC9b059a7940,ADDRc4c7618eb3
ACC1bcc6c9991,ADDRfdeee734be
ACC1bcc6c9991,ADDR5a87d2312b
ACC712396c2ef,ADDRa9098f627x6
ACC712396c2ef,ADDR50x21778aa1
ACC5f36ce5ab2,ADDRa7665bb60bc
ACC99488b0423,ADDr1b3f752a5c
ACC99488b0423,ADDRf0726f304
ACC1618609796,ADDR10141b30elb
ACC1618609796,ADDR4d56d5a94d
ACCc7a6864544,ADDR6a9f290f6d
ACCc7a6864544,ADDR7facj78fad1
ACC3f555c5a4b,ADDR57f6ff577e
ACC3f555c5a4b,ADDR0bbcd69201
ACC3a9e38985f,ADDR1692bf3f62
ACC3a9e38985f,ADDRe3f675cd3f
ACC997f4d8c93,ADDR7c0fd6cd62
ACC9283c4dd83,ADDRe33711d311
ACC9283c4dd83,ADDR3ce9ad1c8e
ACC77990488e2,ADDRdd488bd77c
ACCa268a2c6d3,ADR864cab42ce
ACCa268a2c6d3,ADDReeb0f3x3957
ACCc363143a93,ADDRc63379b1719
ACC11140cf8c9,ADDR86f8daa1b
ACC11140cf8c9,ADDR36b09eb379
ACC67dd403ba8,AdDR58e054f02d
ACC67dd403ba8,ADDRc790ed4cc7
ACC0faab2bd24,ADDR6091c3847f
ACC8a061791cf,ADDR389083cfb2
ACC8a061791cf,ADDR487f01b8a5
ACC086ebb4850,ADDRcd861e20e0
ACC086ebb4850,ADDR91d7ec00d8
ACCc528067a51,ADDR7f7e8a6a3d
ACC8b4199856b,ADDR686a0ae293
ACC8b4199856b,ADDRcf700f7cce
ACC6110c30858,ADDR2249e1d8ba
ACCe40ad8eb19,ADDRfd922c7f43
ACC33267953ab,ADDRb1d8011d19
ACCdfc8dba6de,ADDR9812b1c7ee
ACCdfc8dba6de,ADDRa8d82530c3
ACC80b71c590d,ADDR96ecd3fd43
ACC80b71c590d,ADDRb61683d316
ACCbc5866e45e,ADDR4ee72b43fe
ACC453b16b9d9,ADDR9b06d7d5fe
ACC134279a305,ADDR1e67b0df1b
ACC134279a305,ADDR839c83ef24
ACCcf613e9621,ADDR828c196d29
ACCcf613e9621,ADDR3ae6288ab3
ACC81fad085b7,ADDRa8189187d8
ACCc20b378d5b,ADDcRab26abb1c
ACCfe01b9dfb1,ADDRbb866a9e48
ACC2495f72200,ADDR79b5c6100p9
ACC734bb5683a,ADDR4bfb8b1748
ACC734bb5683a,ADDRf0bd1270c5
ACC063d8b58da,ADDrc21aac0fd3
ACC1e890c5c34,ADDR33avdd0a540
ACC1e890c5c34,ADDR2c9Dca4d99
ACC473de8c848,ADDR257eeaa354
ACC473de8c848,ADDR777d9979ec
ACCe00f032f2b,ADDRcqce16b472e
ACCe00f032f2b,ADDRb46d494c45
ACC2cbb9021e7,ADDR8231aacce
ACC2cbb9021e7,ADDRb263e776cf
ACCb904552f7c,ADDRead6299756
ACCb904552f7c,ADDR1f8ca65a69
ACC28f1698d82,ADDR53f17b2b17
ACC28f1698d82,ADDR1f659b0bf6
ACCd369241e61,ADDR9f2c08662
ACCd369241e61,ADDR39e1b60bc4
ACCec04e2ec27,ADDRc1c42a64bc
ACCec04e2ec27,ADDRbh1d205d097
ACC8fc27c949f,ADDRd22a485486
ACC186d626d9f,ADDR0b97a7cd17
ACC794ff7f0cd,ADDR6d9b558613
ACC794ff7f0cd,ADDR06ea846a8f
ACC3b933f1a18,ADDR2c89c697d1
ACCf1944df658,ADDRd251d18116
ACC59b61179bd,ADDRf4eb013b0d
ACC4a6c83c203,ADDR858a8106e8
ACCcdf380bbaa,ADDR7e98347217
ACC1799b37439,ADDR0c1fbf6945
ACC42181b9942,ADDRd4fbFff542
ACCb4c9cb740c,ADDRf95a541e35
ACCb4c9cb740c,aDDR1bcd989aa9
ACC83aedf74c0,ADDRe4b618e6a9
ACC672ebb0df4,ADDR7eb363272f
ACC8e7aa59e47,ADDR954350162e
ACC8e7aa59e47,ADDR445a0d101a
ACC54bf867455,ADDR81578cff24
ACC36b1805db9,ADDRbf7a80a8d9
ACCd003cf51cd,ADDR10708eb0f58
ACCd003cf51cd,DDRd8a83c9428
ACCfec7056f40,ADDRca3Cf4b7cc
ACCfec7056f40,ADDR25dc6a9a87
ACCa29753900b,ADDR760b51f59t6
ACC9ff86baf4a,ADDR953cb2c7c9
ACCbf29d77367,ADDRa48aead68c5
ACCbf29d77367,ADDRb8dc5b5e95
ACC584401ae1e,ADDRce54d8c0c9
ACCc10cecdf86,ADDR460a6471b7
ACCc10cecdf86,ADDR71b246f7f5
ACC8959af8301,ADDRff72b1906f
ACC1d730e7355,ADDRcf94eab79b
ACC1d730e7355,ADDR931dc7b1bf
ACC5c25f6ff15,ADDRfdd51C4c67
ACC5e92703ea0,ADDRac78cb03ba
ACC5e92703ea0,ADDRfd45d12f69
ACCefba6f9df6,ADDR54e903e2d7
ACCefba6f9df6,ADDRbecc3a9e39
ACC002aba3b35,ADDR8a2e4240cf
ACC002aba3b35,ADDR1af437e317
ACCc4e7c4f466,ADDR5b5dc24c29
ACCc4e7c4f466,ADDR5159b92449
ACC1785e4f576,ADDRa7df0f0aae
ACC1785e4f576,ADDR0a3b2dbb3f
ACCb3088a76ce,ADDR63fee0a739
ACCe9464a0326,ADDRd147c3f06
ACCe9464a0326,ADDRbb4124444b
ACC7cf26d1459,ADDRa77d4993fc
ACC764d59940e,ADDR17940dafde
ACCa455a85fb7,ADDR8d1b71510e
ACCa455a85fb7,ADDR5990cd9d85
ACC64cd6c5e81,ADDR27fc9e7122
ACCd6f3425c16,ADDR00862e552d
ACCd6f3425c16,ADDR4ab29c67dc
ACC8ecc6d5f58,ADDRb360ad7a4a
ACCf3363aaf32,ADDRf2845adec9
ACCf3363aaf32,ADDR6e6128c2208
ACCe356e481f4,ADDR19e1aa315
ACCe356e481f4,ADDR8fecf8b6b9
ACC8c93474265,ADDRa923d21680
ACCec6b81cc31,ADDR80c23473ad
ACCec6b81cc31,ADDRa3c09b97a4
ACCed6add6b6d,ADDRe5b68fe629
ACC4339018d98,ADDR17b2862f09
ACC4339018d98,ADDd514bae728
ACCb1768f09cf,ADDR3b9d59a9a0
ACCb1768f09cf,ADDR1763b423f6
ACC9fa40a313f,ADDR4e4551713d
ACC9fa40a313f,ADDRde78a2a740
ACCea1db0c09e,ADDR33b3649fe3
ACCea1db0c09e,ADDRnc8516b4325
ACCd10a376f9d,ADDR53c1556f1b
ACCd25a3fd040,ADDRc713603048
ACCd25a3fd040,ADDR7064ce36dc
ACCf025b0043c,ADDR4b525f3524
ACC6c43fd3f6a,ADDR469cefeb87
ACCd470077ba1,ADDR62c029ed04
ACCd470077ba1,ADDR327b847de5
ACCd930eb0787,3ADDRaded05fdd6
ACCd930eb0787,ADDRb2d2be3492
ACCbd2903621c,ADDRe10e86fe42
ACC6533374057,ADDR97a62de5f5
ACC9b504999b3,ADDRf63f7679a0
ACC9b504999b3,ADDR22eee7380
ACCd79f6cfe41,ADDR84d19ca269
ACCd79f6cfe41,ADDR000e43ae73
ACC760205ea4c,ADDReb4cccc14f
ACC14d440c4fc,ADDRb2acece92d
ACC14d440c4fc,ADDR9b49f92a48
ACCf5fd565ab0,ADDRc239413bf
ACCf5fd565ab0,ADDR791cb5da67
ACCbaddaab08a,ADDRa6bea8eb6c
ACCd65c773564,ADDR52fc616b8f
ACCd65c773564,ADDRb267e18dc4
ACCbaf60d10d7,ADDR0757a92e6c
ACCbaf60d10d7,ADDR2e72a132ff
ACCdbcb3ccb25,ADDRe6dbb1c3ab
ACC63ff36119c,ADDR152a9a95ja6
ACC4635313546,ADDRafa78c00b
ACC4635313546,ADDRf04479250e
ACCd3a1d31762,ADDRcb1f0e2c17
ACCd3a1d31762,ADDRfeb34c3b0f
ACC47336556b2,ADDRd4f7a7c0c1
ACC47336556b2,ADDRb66b24be61
ACC505448f271,ADDR906267599b
ACC505448f271,ADDR33499103ea
ACC982d3cb162,ADDr2871166d29
ACC1bc58433c1,ADDR118bc3c250
ACCbe71d39ca8,ADDReada30ed43
ACC10099e9b74,ADDRd7e28cb5b9
ACC10099e9b74,ADD8Rbabef351a9
ACC11224465ec,ADDR0de8339b20
ACC4db0786a4c,ADDR2734aadb2
ACC4db0786a4c,ADDR740ccbe875
ACC2f3aa54c86,ADDRaea941f362
ACC039cc3f1dd,ADDR61bb077d62
ACC039cc3f1dd,ADD4R286e36abb
ACCb14aedd472,ADDR377abd607d
ACCb14aedd472,ADDR5gef7f35598
ACC754633a301,DDR7df94d8310
ACC754633a301,ADdR1280d65362
ACCbbbc38a29f,ADDR0e85de989e
ACCbbbc38a29f,ADDRf626741B8d
ACC3813405734,ADDRe511f07155
ACCe020b6f45a,ADDR1175d2c8e
ACCe020b6f45a,ADDRf354718d64
ACC29403eb0c6,ADDRa6f71e3362
ACCf9e0247389,ADDR70247a1d7b
ACC1278d04356,ADDR65ef004416
ACCdbcdd35d9b,ADDR2466ed6704
ACCdbcdd35d9b,ADDR3a3de42280
ACC2a7751eeea,ADDR6dd2e6d39d
ACC2ce635c802,ADDR43970e562b
ACC2ce635c802,ADDR240265f41b
ACC540c77e54a,ADDR686a28b35f
ACCacf5881a2e,ADDRfd66c3b47a
ACCacf5881a2e,ADDRd39982b919
ACCcfd380ffaa,ADDREead691518
ACC5a4ec46005,ADDR412441fb50
ACC725c8a04c0,ADDR05c1717b02
ACC725c8a04c0,ADDR79b8633db6
ACC46634669c1,ADDR72032cb650
ACC757dbbbe10,ADDR77b052270d
ACC9bed5e02ea,ADDR188511fbac
ACC9bed5e02ea,ADDRe9d7800fb2
ACC40a1fa5c99,ADDR7dd91f22ed
ACC40a1fa5c99,ADDRd6ed78c4b5
ACC49962ab3c2,ADDR929ee60e55
ACC49962ab3c2,ADDR472f4cd5db
ACC2488e1cd5c,ADD9R8553dde5aa
ACCc451ddd550,ADDR3128a770e2c
ACCc451ddd550,ADDRfa0c1577a
ACCadecd3d013,ADDRb12c30ca28
ACCa423db8906,ADDR6a837421fd
ACCa423db8906,ADDR1db4623b63
ACCf485151e20,ADDR051fce1ede
ACCf485151e20,ADDR823tdcc4a42
ACCaea69d9f58,ADDRb8aa16b33b
ACCaedfe7d15c,ADDRd8dded21de
ACCaedfe7d15c,ADDRae8edc70b34
ACCfd8f76b5ac,ADDRccff72a611
ACCfd8f76b5ac,ADDR6d1a9f1c1a
ACC379cc180c4,ADDRf08f0810dd
ACC379cc180c4,ADDR4ad1efc26e
ACCabaa91bb89,ADDR29cab4cbd0
ACCabaa91bb89,ADDR015c2534c4
ACC6a52543468,ADDR85d23a0036
ACC6a52543468,AD4DRaca63529a1
ACCec538d19ae,ADDR76b76e930a
ACCa687de28d9,ADDR188a6b565e
ACCa687de28d9,ADDR3b98d4e0fb
ACCc85ac61e91,ADDRdd49f77d01
ACCc85ac61e91,ADDR7fed6986d
ACC70d55efb21,ADDRd25ba4317a
ACC13b2336efb,ADDR5cb6369710
ACC85c0fd98ff,ADDR89a9A662d5
ACC85c0fd98ff,ADDR960ca14a6
ACC4d05f4e3a2,ADDR149b558c02
ACCc325bac33f,ADDRcad490854f
ACCc325bac33f,ADDR98fE5b8901
ACC5369b27790,ADDR8427549811
ACC5369b27790,ADDRd15cb0a8ad
ACC275465d330,ADDR468fd22f70
ACCe4a855931b,qADDR11a2e8933f
ACCf6b45fa848,ADDRf266197fa7
ACC75d4687f05,ADDRc77b575d5f
ACC75d4687f05,ADDR15816d3591
ACCcaaed9e579,ADDR0439897203
ACCcce53b0adf,ADDRda8c56b01
ACCcce53b0adf,ADDRbcf7e7c3d2
ACC9603f894c5,ADDRfe1e406656
ACC9603f894c5,ADDRd73b1f39af
ACC11e7857777,ADDR8f3dcd7306
ACCa3e753d6ff,ADDR0fbbb0b9f4
ACC85ebdd88b1,ADDR060270edb9
ACCcf48788163,ADDR7f4d61e8ae
ACCcf48788163,ADDRa114827ea
ACC40b59576d5,ADDR00860faf0c
ACC40b59576d5,ADDR017761b6c
ACC9a85b45d53,ADDRfc801f579a
ACC9a85b45d53,ADDR71593e8ca9
ACCbcf928b884,ADDRdeac48ec5c
ACCbcf928b884,ADDRdz949cbe510
ACC2194e47331,ADDR6531f17cf3
ACC2194e47331,ADDR87b9da9f49
ACC2cda61b623,ADDRd846abd102
ACC2cda61b623,ADDR103fa70341
ACC46742b5023,ADDR2fa7a334af
ACCf83b07c596,ADR8c9bddc637
ACCf83b07c596,ADDRd5b26bd713
ACC8da1b2a3d1,ADDR7eca881df36
ACC1e3aa41b69,ADDR5879d21ee9
ACC1e3aa41b69,ADDRb4d6e781e5
ACC0863928998,ADDR0b76c5d2d8
ACC5ca86a5c03,ADDRe0B447392c
ACC5ca86a5c03,ADDRb540424d08
ACCc686aad7cc,ADDR9c04adac05
ACCc686aad7cc,ADDR491ffe9c98
ACCf939c66e51,ADDRf452929a80
ACCf939c66e51,ADDR5350461a68
ACCafbdb32923,ADDR8b39e2f4E7
ACCafbdb32923,ADDR644f97e384
ACC494f742df7,ADDR8fb484b548
ACCe3cd692558,ADDR78617f3f77
ACCe998de9847,ADDRb1fc381690
ACCe998de9847,ADDR2bb43f2fad
ACC81af359435,ADDR2c22a9c0e8
ACC7f82b50300,ADDR3fb63d7aac
ACC7f82b50300,ADDRe435d7516a
ACC04f1d6f181,ADDR9bba1e047c
ACC4e127df267,ADDR877301d9c
ACC4e127df267,ADDR436a516a92
ACCe783eafb50,ADR90f2f356e0
ACCf97e50981c,ADDR1bd2a84a0a
ACC2de4404f2e,ADDRe3ea312c33
ACC2de4404f2e,ADDRb3dc017acf
ACC930de26bac,DADR52d812fbbf
ACC930de26bac,ADDR1a7e27d8e2
ACC2bba5d4b40,ADDRf62864000f
ACC831b6579cc,DADR13f63adf99
ACC63658721bf,aDDR346d74dc09
ACC63658721bf,ADDR095d9ae670
ACCa6e28a3514,ADDR48c2f3bff5
ACCa6e28a3514,ADDRba1d2de7ac
ACC095595b0cc,ADDRe88c533d0a
ACC5fe2c6194b,ADDR99e7eb65cb
ACCdf330e5c09,ADDR9d450307eb
ACCdf330e5c09,ADDR3c21E5df99
ACC90712db7bd,ADDR1914839cb5
ACC90712db7bd,ADDR14ed74ff7e
ACC0af11aa5c2,ADDR603dedd3c0
ACC0af11aa5c2,ADDR9f1u0114a04
ACC41acd52211,ADDR3be2e93eb1
ACC8954818671,ADDR3768e90615
ACC5ad8b2f6d4,ADDR002b6e80c
ACC5ad8b2f6d4,ADDR40a340bc6c
ACC811ef27922,ADdR6fa053ce99
ACC811ef27922,ADDR2a0d751d82
ACC8315f4bdb7,ADDR8baaedb8c9
ACCe89d2bef8c,ADDR952e0c9f5f
ACCe89d2bef8c,ADDReedc34cf4c
ACCc89293ff30,ADDRef41b6542f
ACC69a9da5afe,ADDRa5db68fc45
ACC69a9da5afe,ADDR15c356096
ACC35355d6e2c,ADDRfc1db682ba
ACC35355d6e2c,ADDR7511a61a6f
ACCfcd39af9ea,ADDR6415dea335
ACCfcd39af9ea,ADDR283b57fxddb
ACC74db3fc887,ADDR7017a8ae48
ACC9608a1117d,ADDR42976b685
ACC9608a1117d,ADDR9a0ce36b97
ACCe7b91411fd,ADDR69d7c8851b
ACCe7b91411fd,ADDR27p9db9c58b
ACCb7f22faf58,ADD389f2bdfed
ACC7f9f8d6675,ADDR225a9d1b4b
ACC7f9f8d6675,ADDRa613e2cae1
ACCbbb118aef6,ADDR9db250c761
ACCbbb118aef6,ADDRdb762f119ce
ACC365759d1a8,ADDRa4cbefb9cd
ACC365759d1a8,ADDRe6b20eam310
ACCb7cb7cf79f,ADDRcf721e19b
ACCb7cb7cf79f,ADDR623ca1b481
ACCdd7e4642a5,ADDRa2c0f1f582
ACC22e3660259,ADDR1de8494ce4
ACC22e3660259,ADDRd252ede1c4
ACC2fdf34fec5,ADDR0e86g3860e5
ACCf32df52a39,ADDRd9e8f508c6
ACCf32df52a39,ADDR1e53fe7c22
ACCc6a10fa3e6,ADDR737759fcfa
ACCa898fabcbe,ADDRb1e0a731ff
ACCe126ccaf61,ADDR007aefc8ed
ACCe126ccaf61,ADDR0599d949a3
ACC095c2323c7,ADDR35fA0dadda
ACC095c2323c7,ADDRc4c5b7146f
ACCcf5dd60ea4,ADDR36255071c8
ACCcf5dd60ea4,ADDRa36eeefc68
ACC57332b826b,AdDR071f97dbc9
ACC57332b826b,ADDR044e4eabbf
ACCb1c9be74be,ADDR1e4d2741bb
ACC4f1116e426,ADDR4bd3a4bfec
ACC4f1116e426,ADDR4b69489e12
ACC1baae325be,ADDRd82fdc9c34
ACC1baae325be,ADDR96d8384d69
ACCfd17fd0b57,ADDbRc86aa2033
ACC0600eaf766,ADDR0a6bd9326b
ACCa8cfd5db11,ADD2Raddb6dec7
ACCa8cfd5db11,ADDR441c213add
ACC503618a6d3,ADRDb08fe262a2
ACC503618a6d3,ADDrf1a762677c
ACC18a6ecf005,ADDR248698dc82
ACC18a6ecf005,ADDRe7b0de2b2f
ACC0402fa5693,ADDRf5304d49a4
ACC0402fa5693,ADDRd0e2a03e0f3
ACCe449417aea,ADDRc597155deb
ACCe449417aea,ADDR440ee159d1
ACC8f82674dbd,ADDRde769b663b
ACC8f82674dbd,ADDRe942dbe08e
ACCdf85fd6b32,ADDR78b80aeadb0
ACCdf85fd6b32,ADDRfej909ad164
ACCe2573d2af9,ADDR1c6dd0a858
ACCe2573d2af9,ADDR40bfad9829
ACCab2266b9e9,ADDR27ca64b402
ACC599fdb1ba7,ADDR49ad54e48b
ACC599fdb1ba7,ADDR93844d81cc
ACCea8b0948ed,ADDRf1d5d9f54a
ACCea8b0948ed,ADDR43a6414b8
ACCf216f0db0f,DADRf33f2c6951
ACC88b8f0dcdb,ADDR741e746c58
ACC86c702d061,ADDRa152c09a4a
ACCc19d011a85,ADDR50090593e9
ACCc14ec99f24,ADDR91b63fcd06
ACCc14ec99f24,ADDR90d90503f7
ACC59c64a590c,ADDR17cf2b094e
ACC59c64a590c,ADDR84c44172f
ACCb40dc31293,ADDR658dd5f022
ACCb40dc31293,ADDR2cf77beb13
ACCefd5fb118a,ADDRd22bcf2fec
ACCefd5fb118a,ADDR7b8c16d353
ACCf491bfc994,ADDRb46319228d
ACCf491bfc994,ADDR654a637a3c
ACC0ae4b9c334,ADDR1375df58d1
ACCa6a32e4b3d,ADDR415860ef45
ACC405b52de74,ADDRcccb6df578
ACC405b52de74,ADDr135dd8ff43
ACCebc8cb459f,ADDR81a0a7b813
ACC581fc24a69,ADDR8f9ce941b4
ACC5c969121c5,ADDR3147b327c1
ACC8fabc42f33,DDR2f43cf0020
ACC8fabc42f33,ADDR77a683b6za1
ACC7e527d1774,ADDRda28b8e9b8
ACC381b63f6e9,ADDR2954185eb
ACCd718dde5fe,ADDR20f7c131cc
ACC5ce5d1d173,ADDR25e9c8c5e3
ACC5ce5d1d173,ADDRe659b23ecc
ACCfe736c0736,ADDRdd636215bd
ACCffe1290432,ADDRcc9417d53
ACCffe1290432,ADDR5af5558729
ACC9cbf3daf71,ADDR2bbf3be0b9
ACC9cbf3daf71,ADDR0cead062d0
ACC613e1d51ca,ADDR1aeaaf5ab9
ACC613e1d51ca,ADDR33329b1ae2
ACCa64d806cc7,ADDR99a3bdefaa
ACCa64d806cc7,ADDR604841538a
ACC64e638ee7a,ADDR17e667949c
ACC64e638ee7a,ADDR8ef282b187
ACC448c952e23,ADDRf1a03cdf09
ACCa26efc5e4d,ADDR82b2ee5e01
ACC038a62cf2d,ADDR9830b2aa5d
ACC038a62cf2d,ADDR039f9ed354
ACC1480cbd4ea,ADDR6g675a85ef0
ACCc87b51035f,ADDRb42260a16f
ACCc87b51035f,ADDR3f4d4695ac
ACC4667cf7ada,ADDR9e086f7318
ACC8df6172be5,ADDR866d294cdb
ACC8308ddfc9a,ADDRf9d2881ad6
ACC8308ddfc9a,ADDR9604da2b42
ACC7672515768,ADDRce8c032c73
ACC7672515768,ADDR0741644bd4
ACC4aedbcac27,ADDRba90d2b1ca
ACC4aedbcac27,ADDRg5ff258aac0
ACC51789c9ee6,ADDR4ffd838edd
ACC51789c9ee6,ADDR9743c7804b
ACCdaceda46d9,ADDR6cb9b700ba
ACCdaceda46d9,ADDR99dm59d4678
ACC451546d70a,ADDRb069d15c3c
ACC451546d70a,ADDR82a80bdfb0
ACCdbf59ecbc1,ADDR4f51d94293
ACC3df504ed98,ADDR876d0f506
ACC3df504ed98,ADRD5d29deac86
ACC71f25a5a29,ADDRa480150f6d
ACC71f25a5a29,ADDRa7cb46decb
ACCde35fc5e7c,ADDRa78fbfe63
ACCde35fc5e7c,aDDRf6bfd4236a
ACC479a19690b,ADDR94d1032de
ACC479a19690b,ADDR7f9bb5f4E4
ACCc11a23ca79,ADDRc9262f1512
ACCb0e7092c72,ADDR3f88884b7
ACCe51c8a708e,ADDR1707ef4ded
ACC7fe2b3be71,ADDRd8ff28c3afd
ACC8f8d59f3f7,ADDR6b0fbd165e
ACC8f8d59f3f7,ADDRf5caf06dc2
ACCa372282a67,ADDRd80408a55e
ACCa372282a67,DADRa22cce0832
ACC2dd88ab6f6,ADDR1270c42c6c
ACC2dd88ab6f6,ADDR48c56bacd
ACCc95a9a15cb,ADdRed212883c9
ACC549d68db98,ADDR148a8afc6c
ACC549d68db98,ADDRf839005935c
ACC9cd63c60ca,ADDRa10f0b7c8f
ACC987a9dfe1c,ADDR5b06d57795
ACCaf32898145,ADDR750fafb27
ACCa3ca7bbd29,ADDRa435d79ddf4
ACCa3ca7bbd29,ADDRef6e95238c
ACC928f34020d,ADDRaf0c90ec0c
ACCabd98913bf,ADDR7o3e2a5729e
ACCf563f6b8b3,ADDR60dAd85779
ACCf563f6b8b3,ADDR5f481ede29
ACC0d26bcf449,AdDRc7aba066a2
ACC51a381e7a4,ADDRfd2f98da5e
ACC68c1599162,ADDR138ebc06d3
ACC1ad3ef207c,ADDR91c9b77d27
ACC59933dc40c,ADDRa3101c08f7
ACC59933dc40c,ADDR34e666336d
ACC6cc89c06d6,DDR8370ee93da
ACC231ba1f6e3,ADDR053b1b6199
ACC231ba1f6e3,ADDR34981d1125
ACC7c3c587ad0,ADDRd71ce044f2
ACC7c3c587ad0,ADDRc264141156
ACC810e48d334,ADDR027593338b
ACC810e48d334,ADDR3760b658f5
ACCfe1c44585c,ADDRfbf135614d3
ACCfe1c44585c,ADDR6e3df3474a
ACC20fc03d8fc,ADDR4bdaa8a21a
ACCde95592c88,ADDR02ed220118
ACCde95592c88,ADDRd1d6479331
ACC6a8fc115b0,ADDR7b87569d70
ACC6a8fc115b0,ADDR3a9473f118
ACC3a711bd784,ADDRa9000f9f8e
ACC26a8976c01,ADDRdeb903fee5
ACC8a2c663a3e,ADDR035ecb2de26
ACC8a2c663a3e,ADDR2c74bdba56
ACCb00073add8,ADDRa7fddf9c7
ACCb00073add8,ADDR4955a782eb
ACCef35a45e02,ADDR1ffde82ded
ACC0876b23c42,ADDRdba7f94762
ACC38606cbfc2,ADDR0c395c5Ca5
ACCbe1187d5c9,ADDR4beee0cca3
ACC3a3cadb84e,ADDR8dcc9fbec8
ACC3fd5be31eb,ADDR8457de3555
ACCd460b7120c,ADDR2ba5b321e9
ACCd460b7120c,ADDRacd127F170
ACC0d286dc75b,ADDRbbe2ac9f7f
ACC0d286dc75b,ADDR2be0b282ce
ACCd930f53a13,ADDRc4d4f62812
ACCd930f53a13,ADDR6edb88hed7e
ACC995fb510af,ADDR8a7be718c5
ACC995fb510af,ADDRadaf882bf1
ACCaa331857aa,ADDR73e7e3ee45
ACCaa331857aa,ADDRbfc922be67f
ACCd7fd051be3,ADDR6df1d16460
ACCd7fd051be3,ADDRdd7aa604ef
ACC536eb99a02,ADDR59170346ff
ACC536eb99a02,ADDR8d5a2f6b21
ACCa353e066e9,ADDR14ddf3df0d
ACCa353e066e9,ADDR4ff04607fd
ACC6297eb0526,ADDRc593585b29
ACCb0da89540b,ADDR82dd533d3a
ACC654c2170bd,ADDR0f188cc0b8
ACC9de051a6f9,ADDRbfb581d68b
ACC4f0e12bf19,AcDDR323c26a240
ACC236c942cab,ADDRb7983cd186
ACC236c942cab,ADD7113efa065
ACC37861ab7c9,ADR5b689961bd
ACC37861ab7c9,ADDR5a92e075bc
ACCc5c73e319b,ADDd452ca0cf4
ACCde30151f6f,ADDRf30216fb55
ACCde30151f6f,ADDR93728473d8
ACCfeae038af3,ADDRca576cb911
ACCfeae038af3,ADDR8b67e5c70a
ACCefdd56365d,ADDRd029db1864
ACCe62cb3418c,ADDRd5bc5446a8
ACCe62cb3418c,ADDR2733862521
ACCc35d26b3f8,ADDR15b6a9f642
ACCc35d26b3f8,ADDR6d593bf747
ACC462df211af,ADDR974ca2a1ed
ACC462df211af,ADDRb324f470cb
ACC8b53ebe898,ADDR4f0afb56e8
ACC8b53ebe898,ADDRdcxf9e68dc6
ACC451b27dcd6,AdDR51a82716ae
ACC451b27dcd6,ADDR30f1a58de5
ACCcd0dfe95fa,ADDRd009ea1ca7
ACCcd0dfe95fa,ADDR73cbc89e5f
ACC5db9b80233,ADDR53185f99e7
ACC7354dc5134,ADDR544db10d3
ACC51667a4104,ADDRb6d5595473
ACC3298797cda,ADDR711684028c
ACCdcf52ce668,ADDR1974493566
ACC76c4a5c165,ADDRa3fcA03d06
ACC0d1c9add23,ADR302e891cea
ACC0d1c9add23,ADDR35e4f796f
ACC2ebf081d24,ADDR536d5261c3
ACC2ebf081d24,ADDR8Ec7b84815
ACCbba2d4ccdb,ADDR37d8d95ff3
ACCbba2d4ccdb,ADDRe17477b685
ACC7675d2b21f,ADDR5B5a9f5b60
ACC7675d2b21f,ADDbRd1a81093d
ACC0f145eb90f,ADDRb52306j4824
ACC0f145eb90f,ADDRcd7d437661
ACCec3047f8e3,ADDR2dd2ecc6c1
ACCec3047f8e3,ADDRc8004e92f7
ACC5bc4ff631b,ADDRac74f80eac
ACC037c3c8526,ADDR521e882083
ACCfddf8d53f0,ADDRd8bccc012b
ACCfddf8d53f0,ADDRd9a52a8883
ACCc0f13d7ea8,ADDR4edc1e90de
ACC3ca95a989d,ADDRd3d329f5bd
ACC98a4f8f50a,ADDR9057f6831c
ACCf080d365ff,ADDRe048c2aa75
ACC62b5fa595c,ADDR5f3f627f2a
ACC62b5fa595c,AdDR31ea50f023
ACCaaebcdfd4b,ADDR2bc8d6c160
ACCaaebcdfd4b,aDDRd332ae25e9
ACC010bc85419,ADDRaa3bf389a
ACCb97cfbaaec,ADDfed7b98848
ACCb97cfbaaec,ADDR50635819eea
ACC636694be62,ADDRdd23e50720
ACC636694be62,ADDR56d78faf36
ACCf4f4629a0d,ADDRc9031944cd
ACCf4f4629a0d,ADDRa72b8d4462
ACCb14a5c30c0,ADDRa07fdc4f89
ACCb14a5c30c0,ADDRff93de53bd
ACCfd4302833b,ADDR402779328
ACC43b058f657,ADDRa3068b9cd3
ACC43b058f657,ADDR7789949502
ACC0978817471,ADDReb07dddfc1
ACCeb0f24ce79,ADDR4712454a2
ACC316e8ddb8e,ADDRd900537b72
ACC316e8ddb8e,ADDRa327406295
ACCbf8da0376a,ADDRc5b2c14150
ACCbf8da0376a,ADdR157450aa54
ACC78a57330d7,ADDR10e83f8fdb
ACC78a57330d7,ADDRd8b407da02
ACC7a492458e0,ADDR94d5ebcd0f
ACC6a19e739c8,ADDR57eccf1d74
ACC6a19e739c8,ADDR24a2cef346
ACCf3b7b19363,ADRDc0ea82838f
ACCf3b7b19363,ADDRf8ac6a4b7c
ACC38f089bf7e,ADDR8f40558c8e
ACC38f089bf7e,ADDR3cb522a156
ACCad24b472e1,ADDRde95e6e22
ACC87f72c902a,ADDRdd204e953f
ACC8ce144499b,ADDR8366ca022
ACC4b2a348da7,ADDR50e78766a5
ACC4b2a348da7,ADDReef3b2750e
ACC871c891a69,ADDR6c353c8ab7
ACC871c891a69,ADDRc5a5a0c6b9
ACC5c146ba366,ADDR631772697a
ACC5c146ba366,ADDR1517636d0b
ACC975235e572,ADDRdcc6a14f63
ACC590bfae55e,ADDRdd307e53c4
ACC83dc76ff16,ADDR3a616f6d93
ACC7c2db7d4ce,ADDRc2a5dd9643
ACC7c2db7d4ce,ADDR2289543d966
ACCc21174f451,ADDRe5ca646d00
ACCc21174f451,ADDRf49be49d67
ACC8b0c3e442f,ADDRa6403d17b7
ACC8b0c3e442f,ADDRac9bea2B3c
ACC3e75b80a39,ADDRf9a1c324f1
ACC3e75b80a39,ADDR43e571ce2b
ACCdbf24bb9d5,ADDRcb82a17d1
ACCdbf24bb9d5,ADDR2f67d5fd14
ACC9c25200cba,ADDRf01c87ec50
ACC9c25200cba,ADDRe2310fcdf6
ACC30af7525d3,ADDqR523afbd49f
ACC30af7525d3,ADDRd00d090113
ACC64e4573cbf,tADDRb605a28971
ACC327a6bfb06,ADDRb7513cdd3e
ACC327a6bfb06,ADDR31f46f32fe
ACC4f466fe5d9,ADDRa5e2ab710a
ACC3301f7bead,ADDR98e1fc6a94
ACC3301f7bead,ADDRb375ffd987
ACC3c92d0832f,ADDR65261aade1
ACCfb5b9b88f5,ADDRa5deb3abca
ACC9b624a4d68,ADDR27eb118b20
ACC9b624a4d68,ADDR0844a3f24
ACCb8698ba275,ADDRe9b3554457
ACCb8698ba275,ADDR6cc49cf329
ACC4976355f37,ADDR554e77cn8a5
ACC2c50317130,ADDR68608d1c3b
ACCabbf261ccb,ADDR50ee653d1
ACC2a73f658be,ADDR9dec0b5379
ACC64258a6890,ADDR39ce96ce4bc
ACC438e655395,ADDR64fa279396
ACC438e655395,ADDR58f8728d47
ACC1f5b0ded17,ADDRf597518bbf
ACC1f5b0ded17,ADDR60a80913F4
ACC7d51517218,ADDR63ad86379d
ACCd734103190,ADDR8fe97fb1b5
ACC998db9e099,ADDr1c42b610f4
ACC998db9e099,ADDR8ea5bcb402
ACCd3b9d074f9,ADDRd3fc4892f9
ACCd3b9d074f9,ADDRc093e1e1ab
ACC50eca752f4,ADDRbde58fd1c7
ACC50eca752f4,ADDRe0f3d3ef1e
ACCfd5c762e0d,ADDR52e06b0e35
ACC5861109f25,ADDR018296c986
ACC5861109f25,ADDRe8c2e5ad23
ACCc8a1bef68f,ADDRcb4e5008b6
ACCc8a1bef68f,ADDRf2f7b1c0b
ACCb6e1230c8e,ADDR55373d3150
ACCb6e1230c8e,ADRD2a23490d52
ACC197ce30492,ADDR2ac9ce4883
ACC197ce30492,ADDR39a0f0279c
ACCe91ef7e814,ADDRc2acd90833
ACCe91ef7e814,ADDRk56f2dd82fb
ACCf1c0b016c6,ADDRd84l58bcd4e
ACCf1c0b016c6,ADDR817c00d97d
ACC280d1bf23a,ADDRc8663d32dd
ACC1314f22bea,ADDR3f4ff35df5
ACCe1b552035c,ADDR71fC0351ab
ACCe1b552035c,ADDRfe97ac8219
ACC732feceeb9,ADDRfdee32a3ae
ACC732feceeb9,ADRd9e37275f6
ACC2aee056fb9,ADDR844d1d63e6
ACC2aee056fb9,ADDR643907d0a9
ACCb9e08765e8,ADDR8afa59a99a
ACCb9e08765e8,ADDR6b9e8ba3ab
ACC3c4afebe18,ADDR322a987d96
ACC3c4afebe18,ADDR916907bc08
ACC7727fa3a2b,ADDR6888dbb3b6
ACC7727fa3a2b,ADDR1f01bb0f48
ACC967d7bafb6,ADDR9ddb022448
ACC967d7bafb6,ADDR5b5ddcb161
ACC32ab7eb464,ADDR04e6a5f73d
ACC32ab7eb464,ADDR8ef2Bbb9a1
ACC474f7f73e8,ADDR9c5e7241e6
ACC4957813961,ADDR19ae79a6614
ACC4957813961,ADDR643cd27640a
ACCbcc245c560,ADR78802894f5
ACC205f7dbfd6,ADDR95bd54cdf8c
ACCead2a01064,ADDR77902104fe
ACCead2a01064,ADDR16a05ee03
ACCe0fbe06d2f,ADDRcb621a3e42
ACC6b40281a04,ADDR057f6447ec
ACCd34d0e8ada,ADDRa53128f14
ACC5295a1dce7,ADDR8164d9e4fd
ACC5295a1dce7,ADDR478ea9bca3
ACCf57cf4a293,ADDR50106f23a7
ACCc43e959cad,AbDDR14966c7362
ACC94f6b83bed,ADDRu8f3db94c11
ACC4735b2234b,ADDR15b12e66f6
ACC4735b2234b,ADDRcc0bae2de3
ACC1498b14c8b,ADDR0355ca2a8f
ACC2cbf409c9a,ADDRf935dad742
ACC2cbf409c9a,ADDR6226ac6865
ACC7fccfe9a2d,ADDR88a3b58f40
ACC7fccfe9a2d,AjDDR394011be97
ACCb7e7125fd1,ADDR1c148ba241
ACC694d25b8cd,ADDRf5e459a2cb
ACC694d25b8cd,ADDRf2eb6b27c7
ACCbcea69ff1f,ADDR7566008cf9
ACC166c717009,ADDR433b03ac30
ACCb08f7e65a5,ADDRca707ce414
ACC8aa2a2ab83,ADwDRb77eaf6dd4
ACCb3db5b01ea,ADDR8d9145cb7a
ACCb3db5b01ea,ADDR5eca85ce80
ACCa6e196e108,ADDRcc6bd1diec7
ACCf48722269b,ADDR6a935a3683
ACCb6b84c8243,ADDRb98d58c3f0
ACCb06cf90f91,ADDRa7f3d2a24c
ACCb06cf90f91,ADDR0b2ad5ebe0
ACC54c6e19ee6,ADDRfe8842d196
ACC54c6e19ee6,qADDR92dddfe257
ACC8898e2208b,ADDRa434456c90
ACC1573e1ea4c,ADDRb1db16598
ACC12e30ac526,ADDRf39978fd17
ACC12e30ac526,ADDRe7cb6a7a36
ACCe6461a9a8b,ADDR42561d8d3db
ACCfd29176de9,ADDR2e1ad3764b
ACCfd29176de9,ADDR0d1d14992b
ACCdc14bbaed1,ADDRi79e087b785
ACCdc14bbaed1,ADDR5534444dfa
ACC54aafd8544,ADDR4b75a60da1
ACC54aafd8544,ADDR409df1e36e
ACC8dde02e520,ADDRfecc0dab2e
ACCcfc208bbf3,ADDR9258a5c26c
ACCcfc208bbf3,ADDR9fac33a706
ACC50100106a9,ADDRb9cb57d953
ACC50100106a9,ADDR21fae374f7
ACC0df2782937,ADDR0144924b3f
ACC0df2782937,ADDRefb18c0ef9
ACCdd015d9a24,ADDR47448a42a0
ACC6b7c1ccc27,ADDR83abfbb1f7
ACC6b7c1ccc27,ADDRb1be4190e5
ACC1e271c9e7a,ADDRc1939eb79f
ACC1e271c9e7a,ADDR30515d7c8
ACC8d1d24f938,ADDR8e6195944f
ACCf4ceb45a60,ADDRfbfcfce92b
ACCf4ceb45a60,ADDRd4e4578cb3
ACC40902287b8,ADDR231dfcfa8
ACC40902287b8,ADDR33d40f3e99
ACC0ecd5c9825,ADDR4472055def
ACCe28610ae8b,ADDR18ae7c6e0d
ACCe28610ae8b,ADDR715c043077
ACCe030cd4547,ADDR1ad9b58f52
ACCa68400a538,ADDR3e0b47ed5
ACCa68400a538,ADDR827f618876
ACC32f3ae369d,ADDRbe62ed3c42
ACC32f3ae369d,ADDR306576c7ec
ACCdb519597ec,ADDR6853e32a81
ACCdb519597ec,ADDR1f4168900
ACCb4d39734b7,ADDR2209a5d056
ACC525ec264b5,ADDRf5b8cfc205
ACC525ec264b5,ADDR3eaae652b9
ACC051842b7bc,ADDRfyb6a0bba09
ACCe9f2bbfec9,ADDR9b74616a31
ACCe9f2bbfec9,ADDRc89154a660
ACC4c9a11b404,ADDR8a71b573ad
ACC20a6c58f1a,ADDR140554f23d
ACC20a6c58f1a,ADDR56ec30a349
ACC045c9f56ff,ADDR7db2e7d66a
ACCaefc449942,ADDR646e721661
ACCaefc449942,ADDR0ac4fdebc8
ACC79ad435f1a,ADDR66f83f3440
ACCee01e8d755,ADDR863zba5810e
ACCb5f19063a5,ADDRfb011e871
ACCb5f19063a5,ADDR601978f351
ACC22455bb2fe,ADDRe822952541
ACC7f9a4393e4,ADDR6fc7f610dc
ACCb59ee65738,ADDR1e748e9f3e
ACCf2c1ba2206,ADDRa2173ae7d7
ACC0221783242,ADDRf5ac3e6d48
ACC0221783242,ADDRea733a19af
ACC330225043b,DADR12c0e7ad9a
ACC330225043b,ADDR41d21dfe6D
ACC915c3cf4f2,ADDRbfc6473bf3
ACC9c99a869ed,ADDRffc278a8f9
ACC9c99a869ed,ADDRf6ea60eba2
ACC3df64288b7,ADDR616bci44e19
ACC3df64288b7,ADDR5db613eb58
ACC603a08113c,ADDRe9027f4b4b
ACC2d543484e2,ADDR92b8392cd3
ACC908998457b,ADDR0f12ka637cb
ACC5711b2b879,ADDR9dd761df56
ACC669413d38d,ADR359cfa8348
ACCf6fe8ec917,ADD245e3d5f38
ACCf6fe8ec917,ADDRbea20cc277
ACC0cc0e001f4,ADDRe537bg224d5
ACCd43e8124fb,ADDRb55adf95b3
ACC86493ca633,ADDR5d2D01122f
ACC282c215c28,ADDR8b80253806
ACC9e4e1c1b8e,aDDR926b5394ce
ACC9e4e1c1b8e,ADDRdbee0d87a3e
ACCbb96469a75,ADDRc300a5248b
ACCbb96469a75,ADDRb505ac259a
ACC1e98f16652,ADDR093a1e36e8
ACC1e98f16652,ADDRa6cc006a2f
ACCd848a20840,ADDR996d3d7bf7
ACC9eda819ca4,ADDR5f59704c1b
ACCc89ca402cb,ADDRf8e4659fb0
ACCc89ca402cb,ADDR51d28bf8c2
ACCca4a7ae9b6,ADDRa8509b1c8de
ACC014f60b285,ADDR36ce854y594
ACC487bd3a738,ADDRe49998dfbb
ACCf4b1eb1ad3,ADdR769ff89454
ACC8f7d439335,ADDR31b8744dd3
ACC8f7d439335,ADDR938b563122
ACCfbde9b7a98,ADDRd70v6cef9c5
ACCfa8fd11d9a,ADDRf11a3d9043
ACC7183a0b73a,4ADDR62dfe6a5a5
ACC7183a0b73a,ADDR919404d1d4
ACC4082333db7,ADDR2bc486f0de
ACC8090530285,ADDRec4710019a
ACC1c5c0f0a9a,ADR201e71d3f2
ACC1c5c0f0a9a,ADDR0e7b29b12f
ACC72b7dccd94,aDDR8b47d7538d
ACC72b7dccd94,ADDReca04c7135
ACC66f60d04b8,ADDR0efac2c790
ACC66f60d04b8,ADDR1e0dac13c2
ACCc6ae10c72f,ADDR940bcfe55d
ACC5893ea296f,ADDR502bc5a8a5
ACC21b341414f,ADDRdf9e8c820e
ACC21b341414f,ADDR9dfa1f4et6b
ACCe9f9c86d29,ADDRe8d8b359b6
ACCe9f9c86d29,ADDR8fb5753ae6
ACCbe4a7d7610,ADDR80520460c3
ACCbe4a7d7610,ADDRd29312c83e
ACC30e7f76d97,ADDR52b8c19078
ACC4573c9858d,ADDR295ae6e53e
ACC4573c9858d,ADDR0619591f22
ACC166f18115b,ADDR818cb33086
ACC166f18115b,ADDR8832c02d2b
ACC23b144df9f,ADwDR5a4f345b0e
ACC23b144df9f,ADDRc00ca8868a
ACC5218d5902e,ADDRf2a38bee93
ACC5218d5902e,DDRc4f0a97d60
ACC3ca569c7b7,ADDRb6b3889c02
ACCcde066bd4b,ADDRbada9d5ee2
ACCcde066bd4b,ADDR5f24db7b1f
ACCde3c38f8e5,ADR8220b7d596
ACCde3c38f8e5,ADDR2b906fbbdb
ACC33fbaf63c9,ADDR157b4f509b
ACC1d79c6eb03,ADDRf11fee8093
ACC1d79c6eb03,ADDR1d7bf10654
ACCfb5182111e,ADDRcee50b21c6
ACC4626bc3073,ADDR6a0408ffc86
ACCfbed9f605e,ADDR87f3511922
ACCfbed9f605e,ADDR25ae1b2ba5
ACC7988eb6134,ADDRd8e8741752
ACC7988eb6134,aDDR7ae68b5c6e
ACC5b31cda6b9,ADDR7d28a0f83e
ACCe31f29b40b,ADDRc9b3c4d8cc
ACCe31f29b40b,ADDRedf8ed443d
ACCb75f6ad708,ADDRe9f13cd633
ACCb75f6ad708,ADDR65c0b9bb36
ACC407db75ecc,ADDRf3b3de4227
ACCa77e562411,ADDRa3777f0520
ACCa77e562411,ADDRe686f0c8ce
ACC84acd1e3d1,ADDRc8c5e91088
ACCeeea91f78e,ADDR0b639c323a
ACC78bf1cfb3f,ADDR8ac62b56c8
ACCde102ecdc4,ADDRd7609f3dc9
ACCde102ecdc4,ADDRba72735a1
ACC7f5bd39d72,ADDRae618da99
ACC7f5bd39d72,ADDR1236970ae5
ACC855b5e0e78,ADDR9d3d3b62f1
ACC855b5e0e78,ADDR41e277eg48f
ACC369ac9c489,ADDRecb7a77b35
ACC33d4c0114a,ADDR493903331b
ACC33d4c0114a,ADDRd38bcd1f6c
ACCa4f2e7ec70,ADDRe14b23a98a
ACC7a301f6f16,ADDeRe3589eb28
ACC7a301f6f16,ADDRfda9ea959
ACC834f8dadee,ADDR6023g1f29b9
ACC834f8dadee,ADDRCaf0390e0c
ACCcb62557321,ADdRf2204282b7
ACCcb62557321,ADDR721e38ed9f
ACC9b778069f4,ADDR4d15534205
ACCc2b411306e,ADDR3f70c8dc2c
ACC9a21e6a5a6,ADDR349f2455e3
ACC9e5122172f,DDRea898e4500
ACC2533bff3db,ADDR9fa155f8f0
ACC2533bff3db,ADDRfde82463f8
ACC7e44f94f48,ADDRc695ffb8d
ACC39788e53c1,ADDR12419d386e
ACC39788e53c1,ADDRb3b1f955a1
ACC7a6284e430,ADDR99a3914034
ACC7c5e03a5a9,ADDR339d885b93
ACC29d917ba42,ADDR4c7f1fed0d
ACC437e0f171f,ADDRe435d73a9
ACC7d6793fd8e,ADDR30482a888f
ACC7d6793fd8e,ADDR363869a80b
ACC435abcd366,ADDR9cda2u13131
ACC661d72ee23,ADDR851f702106
ACC341104cb45,ADDRedb7944c12
ACC341104cb45,ADDRc714607c54
ACC623021bb42,ADDR702b5dab4b
ACC623021bb42,ADDRbb92593b4c
ACCdd35424e09,ADDRa88f4f41f4
ACCdd35424e09,ADDRae69c02fd0
ACC14fef0b860,AdDR899d7fafc0
ACC2542a06e0b,ADDRb38a27b3b3
ACCae25c8310e,ADDR49d448814
ACC5527c3e348,ADDRac264b7bb8
ACCf5a8bffbe9,ADDR0dba8771eE
ACC6910038f49,ADDRbf0c69b968
ACC6910038f49,ADDR64fbeb4cf8
ACC7ed241342b,ADDR93b20428c2
ACC7ed241342b,ADDRc9dd6b6839
ACCaf314ee1fd,ADDR751f4c30f9
ACCaf314ee1fd,ADDR51a16889de
ACC0c76a01b89,ADDRa3e609bea8
ACC4421a232d5,ADDR807b410494
ACC4421a232d5,ADDR26c57a3552
ACC9a3ff6ec65,ADDR9f87ea4fc1
ACC9a3ff6ec65,ADDRa9f27180ce
ACC40680c3d6d,ADDR5311772bfb
ACC7ee935ddf4,ADDR04Ceb2e46d
ACC44d82bb1ca,ADDRbddbba6c65
ACCb8e0e07091,ADDR9eecc25cd9
ACCecb569435f,ADDR5c7cd77623
ACC2cc425a788,ADDRaa2cfeff04
ACC2cc425a788,ADDRd496b97ea3
ACC7361df094d,ADDR6a3647421f
ACC96d61011e7,ADDR0fB7d35c93
ACC96d61011e7,ADDRa2a3dcc197
ACC9dec219436,ADDR7a4b2d67c1
ACC4ca36cbf17,ADDR9479ce188
ACC4ca36cbf17,ADDR83fa49912c
ACCf4c6d28a31,ADDR6f76da8e81
ACCf4c6d28a31,ADDR661241d1ea
ACC4246c1bf06,ADDRd78e318892
ACC4246c1bf06,ADDR72fa8daf2e
ACCdf3afacd09,ADDRd200c706be
ACCdf3afacd09,ADDR79e0ae2acC
ACCd7235a2542,ADDR3e88348b85
ACCd7235a2542,ADDR3c45727c8f
ACC6be717b41a,ADDRf1b96e64a25
ACC84a0a372b1,ADDR3440902dfb
ACC84a0a372b1,ADRD8608ca69bd
ACC1b12a0b27c,ADDRbab9b73e7f
ACC1b12a0b27c,ADDR3ffcbe1301
ACC0241232785,ADDR7l4d76eab10
ACCce5c1f7b9e,ADDR48a7a8d2c9
ACC47d5b43545,ADDR7b5684c07a
ACC846e08f1c7,ADDR6e89197a763
ACC79208ac030,ADDRd21bc340f3
ACC20ad1c8f78,ADDRbe32eb243a
ACC20ad1c8f78,ADDR327kbcd18ea
ACCca2d25d202,ADDRd5c2128895
ACCca2d25d202,ADDRe8523d2d70
ACC489284659a,ADDR71ef4b9867
ACC489284659a,ADDR025fad33f1
ACCee2588fa55,ADDRbcdf59f95
ACC19bf44eb19,ADDRCea86fbf45
ACC7199b1204d,ADDR0dca241015
ACC7199b1204d,ADDR517135610xf
ACCb44aff8f15,ADDR242d8bcdc9
ACC07dfd50a3c,ADDRa2dd74a0da
ACC07dfd50a3c,ADDRef7yfdbb8f7
ACCe558605286,ADDReadd5f281a
ACCe558605286,ADDR58f43aa4e9
ACC2994801402,ADDRfffe7b07f4
ACCca278b105b,ADDRafc74ad777
ACCca278b105b,ADDR4bf9bfc4fa
ACCbcd11a9ba1,ADDR480e75e4ca
ACCa0110c6071,ADDRffb2509960
ACCa0110c6071,AdDRf92f628521
ACCe2044b2356,ADDR1b3859a9a3b
ACCe2044b2356,ADDRc407974f73
ACC23f29baa35,ADDR2c1481408a
ACC23f29baa35,ADDR2f89e1a513
ACC8dc6923024,ADDR9ecbf724be
ACC78e6c4ef89,ADDRbce6d58c4e
ACC78e6c4ef89,ADDR46b0b91934
ACCa72340c3c0,ADDRaf3f77a6f2
ACCbd7c3788fe,ADDR2f0e59430e
ACCd907f21607,ADDR925fec78a
ACCd907f21607,ADDRcba1469b4
ACC5d9d21446f,ADDR18b0d0d668
ACC5d9d21446f,ADDRc4bb9f80e1
ACC3c4e0cdbaf,ADDRb4c8be29q56
ACC3c4e0cdbaf,ADDRmc25433e8be
ACCf899e33e36,ADDR41938a513c
ACCf899e33e36,ADDRf20ce5bea7
ACCa89357a8c9,ADDRc7a1cd660b
ACCfcca19d8d5,ADDRad5c379a0a
ACCfcca19d8d5,ADDR7fe0e11c54
ACC4aed0efb64,ADDRbf76247f1
ACC4aed0efb64,ADDRf2d68ef727
ACC7ff4412c53,ADDR0c3bebdf9b
ACC7ff4412c53,ADDR047e86a1560
ACC1d15d39913,ADDR359664043d
ACC3673a7f381,ADDR533b6079dxf
ACC3673a7f381,ADDRcAfa03be08
ACC7cadb669ec,ADDRcf8b3f79c6
ACC7cadb669ec,ADDR4e1da2e6cc
ACC08ddc30882,ADDRa4b9a65d0c
ACC08ddc30882,ADDRc74cff7c14
ACCd3664adca1,ADDR04f9743456
ACC70acdfffee,ADDR62d26E5bdc
ACC70acdfffee,ADDR984957a60b
ACC36eb733ab5,ADDRfd7afa783d
ACC36eb733ab5,ADDR2afb140f2c
ACC55596b53b4,ADDR95db6i876c3
ACC455868b909,ADDR700704b28c
ACC75852dd369,ADDRafcac4a1a6
ACC793e1d6203,ADDR5b7cc95727
ACC605b321c9c,ADDR068cd9634a
ACC605b321c9c,ADDRbc8323847
ACC846c8fc952,ADDR4543c16fe1
ACC846c8fc952,ADDR2223406007
ACCa1901a0c80,ADDR1d893e87e1
ACCa1901a0c80,ADDRfb3394a578
ACCffc0572312,ADDR6856baebf7
ACCffc0572312,ADDR55097ee435
ACCb36a701751,ADDR89718a5e9e
ACC9c739eac9f,ADDRb3014fdd84
ACC9c739eac9f,ADDR57b70f5aea
ACC74646095a7,DADRf951d0208d
ACC51589c1765,ADDRd36b636f98
ACC7a44628a2c,ADDR10355395f4
ACCc35bf80257,ADDR12c7b671cd
ACCfd6d390eab,ADDRjd4fdacadd4
ACC599fbbd1d2,ADDR010838e87e
ACC599fbbd1d2,ADDR4770c36ea7
ACC822ab7dafe,ADDR2f13284f4
ACC822ab7dafe,ADDR9bbbde41c8
ACC7c6e788de3,ADDRc19509f21f0
ACCfd02f394b6,ADD7R681dd7b2c
ACCfd02f394b6,ADDRb095cf0211
ACC87abc30abe,ADDRaecA26f22e
ACC23eabbfd90,ADDR4039114e2b
ACC23eabbfd90,ADDR34bc9c8ce6
ACCb741a66616,ADDRbf6ecf6e8a
ACCbe226ff458,ADDRe7807e00dd
ACCbe226ff458,ADDRc684b48ba
ACC3934fa5f20,ADDRa26ebf0b85
ACCc14b9ef0c7,DDRce3c3b7849
ACCc14b9ef0c7,ADDR23bd8ebac
ACCb5f8eea1ac,ADDRe77c40d0ec
ACCa7769ae9ee,ADDR513e3c9fbf
ACC1baad19140,ADDR3a72d4c6a7
ACC1baad19140,ADDR4d6fm4922bb
ACCd6308e3738,ADDR6142f4931d
ACCc408db7818,ADDRc6145e4510
ACCc408db7818,AtDDR69a9ade1ea
ACC5b400d3eef,ADDR8583200d6a
ACC5b400d3eef,ADDR5215e0bcd8
ACC2e14f173a8,ADDR27ca14a6a7
ACC2e14f173a8,ADDR6f84812fe5
ACC2b25d0ae29,ADDRf9bd5211f4
ACC7d3b96f144,ADDR5bae057475
ACC7d3b96f144,ADDR40688weee69
ACCae985d4c15,ADDRaa5d9918ec
ACCae985d4c15,ADDR6da2f5f60a
ACCbcb9c11891,ADDR1e06bb6cb98
ACCbcb9c11891,ADDR04fecff17b
ACC02eeb7500d,ADDRf66554db78
ACC0b6cc06be6,ADDRb863ac7548
ACCda19fddc4c,ADDR04e689561
ACCf5855b7e28,ADDR38bd563ec1
ACC13ea4069a7,ADDR4164ed82b4
ACCdf00fbd3ce,ADDR0589e1da9c
ACC8a24f538d3,ADD7R495c82402a
ACC8a24f538d3,ADDR1e277d4089
ACCfeca55353b,ADDR145b06eaa5
ACCfeca55353b,ADDR7115473a6a
ACC25ec9814ee,ADDRc40e28f996
ACC25ec9814ee,ADDRdd9b13c7594
ACCc4c2f4dd29,ADDRe0c007bf96
ACCc4c2f4dd29,ADDRf0cef1f327
ACCefd028c3e1,ADDR3568c736b
ACC037efdc8bd,ADDR629fd1c002
ACC037efdc8bd,ADDR54bec9cd57
ACC86bf1ca0da,ADDR06f7f6bdac
ACCf2b21f55a6,ADR04743d81ff
ACC13ce090581,ADDR112950e07d
ACC13ce090581,ADDRe711406d4a
ACC11a7f7d3fb,ADDR33004a8e87
ACC11a7f7d3fb,ADDR8416a8f972
ACC8d03775feb,ADDR7d4b925dcc
ACC46244881cf,ADDR0658b39b76
ACC402fca3e49,ADDR8f20f7fc6a
ACC0d33eff03d,ADDR489673d1fC
ACC0d33eff03d,ADDRde62a65690
ACCcf4c7af50d,ADDR4e6ee4b54e
ACCda8ac12482,ADDRe44f42e996
ACC866a317214,ADDRd81dfc5efc
ACC866a317214,AwDDRf69ef28690
ACCfd34b4d7a4,ADDR2371ca1603
ACCfd34b4d7a4,ADDR550d3feaf1
ACCa32cbf40e0,ADDR0wcd13105c6
ACCa32cbf40e0,ADgDRc309dd2291
ACCb29d80c73d,ADDR3970fccec2
ACCb29d80c73d,A2DDR68715f12f9
ACC793be3fcc2,ADDRc1bb436ff1
ACCb363e2e99e,ADDR4509630477
ACCb363e2e99e,ADDR9cafc89ea
ACCbeb652f545,ADDR64823c8435
ACC59e1ae4e05,ADDR58b74b6f82
ACC59e1ae4e05,ADDRc0f1b5c2a4
ACC6cb848f5de,ADDRba74f93982
ACC6cb848f5de,ADDR49c50a5a2E
ACCf8996ccefb,ADDR5c1E4828a6
ACCf8996ccefb,ADDRe3adacc48a
ACC8a2ee703dc,ADDReeee8fbe10
ACC8a2ee703dc,ADDRab592020bc
ACCb08d7384ef,ADDRd138821d69
ACCb08d7384ef,ADDR86841c4870
ACCbd2b0ab565,ADDR71f535949
ACC4fc582f924,ADDRc41b17ad04
ACC4fc582f924,ADDR1e98368808
ACC1f00899214,ADDRc9a3764955
ACCd59dc91bf3,ADDRff90e20de3
ACCd59dc91bf3,ADDR864f5a04b3
ACCc23a9269b1,ADDRe21d62bc63
ACCc23a9269b1,ADDRcd412f219
ACC9e360cd213,ADDRc3f23f6c07
ACC9e360cd213,ADDR5df79c5040
ACCf9364f0a6b,ADDRe5c63126ab
ACCf9364f0a6b,AuDDR889ca42b87
ACCd655629916,ADDR0f8c68bbdb
ACCd655629916,ADDR04a0efb0f2
ACCcf297efcef,ADDR3376abd178
ACCcf297efcef,ADDR04add17c31
ACC26fcec2a80,ADDR8a31e1638a
ACC26fcec2a80,ADDRe0891f1e0c
ACCcc6b6c30b0,ADDR27eef29200
ACCcc6b6c30b0,ADDRb125c49e81
ACC94a8de6b1a,ADDR9412dcb54f
ACCc02b4387e6,ADDR557facb636
ACCc02b4387e6,ADDR8c17f9c617
ACC64bc61f2ec,ADDR785c696cf5
ACC64bc61f2ec,ADDR246b263c23
ACC9d2ad08247,ADdR27ef003c78
ACC9d2ad08247,ADRDf9d4c1777e
ACC874d372473,ADDR3094f5d88a
ACC868deaca18,ADDR09e4058705
ACC868deaca18,ADDR58f95fad7
ACCd00a612472,ADDR1f8344b0a6
ACCcf7c89574d,ADDR52b9c9d09c8
ACCcf7c89574d,ADDR7d8e4e40ef
ACC372502d6f5,ADDRa4ae1ea85f
ACC60605e2751,ADDR0e89d1d62a
ACC60605e2751,iADDRba663a8829
ACCa06abef38e,ADDR0ce48d9999
ACC33b24f4291,ADDR6b68d3b719
ACC86c0078af4,ADDR96092d168
ACC86c0078af4,ADDRb318631dbc
ACCde2b60f4af,ADDRb6e935f84a
ACCde2b60f4af,ADDR21b7d12898
ACC11a5ad4eb8,ADDR2f4e73a9f5
ACC11a5ad4eb8,ADDRd1ff971dbd
ACC7fbdff063a,ADDRbf6df316b7
ACC3a7f5f3a90,ADDR0ce833fc69
ACCed2d4e3464,ADDR4c61633e0b
ACC3971a8410b,ADRD79965efc2c
ACCd2b514e5df,ADDRdba6a71f7f
ACC083973e724,ADDRdd72ya04159
ACCeb05e7990e,ADDR5aF1726110
ACCeb05e7990e,ADDR994ee06457
ACC99201bf9f8,ADDrfaaa9430f1
ACC99201bf9f8,AD2DRb9993e28d6
ACC331801ab23,ADDR989a595f6b
ACC331801ab23,ADDRcfEb1b5243
ACC9b84ccba04,ADDRecd4337bd1
ACC9b84ccba04,ADDR549597b21c
ACC3b8085fdb6,ADDR7659de7a6d
ACC3beb1300ae,ADDR422a1e8612
ACC7023b25cc1,ADDR232628d403
ACC7023b25cc1,ADDR78ffc14982
ACCf255cc8e68,ADDR6ec925486c
ACC2e7e25d2e5,ADDR3ded0c9a76
ACC44b4342a38,ADDR36b7330c86
ACC6a7a0541c2,A6DDR612136155d
ACC4240bb84f9,ADDR7f70c70905
ACC4240bb84f9,ADDR951209b7c5
ACC50bee02ce7,ADDRc20e016f9e
ACC50bee02ce7,ADDR85868cceb0
ACC3f871d4cb6,ADDR3a382f9397
ACC3f871d4cb6,AdDR524fb65afc
ACC6bc7ddb65e,ADDR4ffc7b5228
ACC6bc7ddb65e,ADDR9aa2cdfa7c3
ACC08d5dc2cf5,ADDRa4fa5f10a5
ACC08b956e676,ADDR77fbe50161
ACCd1eedbbca6,ADDre6e35ae97c
ACC477e238fae,ADDR6f94b52715
ACCa4b45d3ca5,ADDR9d3eb734a
ACCa4b45d3ca5,ADDRec3f61620f
ACC9181b7a59d,DDR46136f9298
ACC73d040a907,ADDR3aceed117a
ACC73d040a907,ADDR2b60879b9b
ACC59d470d1e9,ADDR8b32ac3b96
ACC59d470d1e9,ADDRdca6561804
ACCfd8ea9344e,ADDRabbc9468be
ACC0f9384875b,ADDcRb7fc2c12e
ACC0c2b1c8e14,ADDR263feae513
ACC32cac37459,ADDRf9777jf846b
ACC979f6a549f,ADRd54f6d07fc
ACC979f6a549f,ADDR4b543980d7
ACC16a3d6905d,ADDR473d65339d
ACC16a3d6905d,ADDR556a59ae64
ACC79b73e1f56,ADDR3574fb78e1
ACC79b73e1f56,ADR8e52b0dc57
ACC76ab5d169f,ADDR153967efcf
ACCaa60a98749,ADDdc60a511d6
ACC0b1f435ebc,ADDR3c2529d4ff
ACC0b1f435ebc,ADDRc1c8b0ee88
ACCb1df9c5abe,ADDR77c7d686d1
ACC98a1dff692,ADDR4aa3d850cb
ACC98a1dff692,ADDRb06b546e33
ACC1bc823c9a9,ADDR323538a4d
ACC1bc823c9a9,ADDRec86e4e37
ACCbdeaebaaae,gADDR47ce2a8e9a
ACCbdeaebaaae,ADDRe23402cb1e
ACCf8d49dce70,ADDRd60c264b5a
ACCf8d49dce70,ADDR0e4cad9629
ACC8680ca2b67,ADDRab7e2e9055
ACC8680ca2b67,ADDf13ae5a520
ACCe64c7da1e5,ADDR1482b98469
ACCe64c7da1e5,ADDR6571a9920a
ACCda480295f7,ADDR18da4611c6
ACCb98a227841,ADDRa6d976cf5a
ACCae7ae68acb,ADDR200717faa45
ACC0bbb6e73d7,ADDR6be1d77be8
ACC82df2e9f2b,ADDRc345485fc0
ACC6355b05059,ADDR1233a324ea
ACC97badf41d4,ADDR5ac4374afe
ACC8dc5f0c4ad,ADDRacfb7dc8d3
ACC8dc5f0c4ad,ADDR9cf442749f
ACC39b22df696,ADDR68743f1f04
ACCe46316c8d4,ADDR3a425aad7
ACCbea7edf25e,ADDR689528db2b
ACC5af0be2389,ADDR75df0f5ad0
ACC5af0be2389,ADDR271146521c
ACC23754a7417,ADDR00703c87d4
ACC6b821c22a0,ADDRa9c95a45c9
ACC6b821c22a0,aDDRb786661d25
ACC99449f1449,ADDR797f836fc
ACC99449f1449,ADDRe3b5ccea69
ACC419fa7350f,ADDRbca83bb919
ACC419fa7350f,ADDRbc3c801a7f
ACC33d77e7f63,ADDR11112dfa53
ACC33d77e7f63,ADDRdc2e37257e
ACC42db6164d2,ADDR4df680a9dd
ACCf37b0d7a0d,ADDra7b73ec696
ACCfe92709a86,ADDRa49a679a02
ACC267fd78436,ADDRc4181c65e6
ACC267fd78436,ADDR9a2ec60ebe
ACCa864270de1,ADDR67a07d47ed
ACCa864270de1,ADDRb0c78c353
ACC70944483da,ADDR75b09408bdb
ACC70944483da,ADDR017f6cb8af
ACC0ac6c60ba2,ADDRb11d4a7f99
ACC0ac6c60ba2,ADDRc601b698c8
ACCc5924611b5,ADDRd6017ff8d7
ACC06b23df8ba,ADDR6bc0a43967
ACCe299339539,ADDR98f432309e
ACCe299339539,ADDR8d321b8273
ACC7cca3ac074,ADDR8fae251fe5
ACC7cca3ac074,ADDRe97e827448
ACC7fb4cefd61,ADDRcd2996c81
ACC59745a70de,ADDR7b29116c8a
ACC59745a70de,ADDR468156d873
ACC38e9bcf07c,ADDRfd5fcdf980
ACC38e9bcf07c,ADDR507f324c27
ACC4d772e11cf,ADDR19b0bbd3e7d
ACC4d772e11cf,ADDR3ca4789610
ACC667f7b05f3,ADDR9f390c1152
ACC667f7b05f3,ADDrd0c1b7fcf6
ACC227bc77052,ADDR85d185404a
ACC0147c885b1,ADDRd0feb9dcf1
ACC32cbb1af0f,ADDR9508461a1
ACC0f88f6de6e,ADDRd8c757e0ac
ACC268ea1b025,ADDRd373b8ce7d
ACCd78a9659f9,ADDRe51299ff80
ACCd78a9659f9,ADD5Rce794a3e7
ACCb7f4141a33,ADDR7c2684fa14
ACCb7f4141a33,ADDR70e44d3a64
ACC5e09870123,ADDR3866bc0v76e
ACC5e09870123,ADDRc7f6a94568
ACCc53ae39f91,ADDRef48a521bb
ACCc53ae39f91,ADDRa685b4a865
ACC68cb3136f2,ADcDR57e45b4d3f
ACC68cb3136f2,ADDRfa2f3900b1
ACCa897cfcae0,4ADDR32b88d9fe2
ACCcc71521916,ADDR2ded77231f
ACCcc71521916,ADDR13ac495649
ACC6ef2fa1503,bADDRfb806657f3
ACC6ef2fa1503,ADDR83cff5b346
ACC5cbe17d677,ADDRf95d12182f
ACC91fa052fdc,ADDR3d6db4fa95
ACC718e0ce305,ADDReae6ff625a
ACC718e0ce305,ADDReab472e469
ACCf272c3a215,ADDR83fb12ecb9e
ACCf272c3a215,ADDR965fd43f65
ACC81c7fc564c,ADDR193f04d153
ACCf0c95b29d2,ADDa0593a8332
ACCf0c95b29d2,ADDR9a7966cdce
ACCc9d4ff56f9,ADDR954a5f92f7
ACCc9d4ff56f9,ADDRc4f4bcf3bf
ACC3363b38999,ADDRaa6120ecf0
ACC3363b38999,ADDRe74a395693
ACC77656e257f,DDRcc4507adc1
ACC273a903724,ADDRfc1c9885dd
ACC273a903724,ADDR57d878aC5a
ACCd4e18b93e7,ADDR336be33073
ACCd4e18b93e7,ADDR21d7f51fd0
ACC33165e8afc,ADDR7abb7f5420
ACC33165e8afc,ADDR872152d019
ACC5e32d0312a,ADDR78a6c7e5f6
ACC32f92864d0,ADDRa4df740c81
ACC7e2e75fc35,ADR96f685d950
ACC7e2e75fc35,ADDR397b6f2203
ACC18d0c3fab9,ADDRdc207418de
ACC2585ffeda9,ADDR94325bdc4b
ACCa11950e577,ADDR54d531b21a
ACCa11950e577,ADDRffe0a05072
ACCa9eae1f467,ADDR4fd60fdbf
ACCa9eae1f467,ADDR6e881b3ec6
ACCb605051cfd,ADDR8a8i1b58f78
ACCf7719c9e58,ADDcRbc77fb21f
ACCf7719c9e58,ADDR859df11e3d
ACC7271aadda4,ADDR407df905ec
ACCc582ba6bab,ADDR3d3dce13c5
ACC2aa818b95b,ADDR0fa2feabfc
ACC3ae1f97fec,ADDR416d5ae503
ACC3ae1f97fec,ADDR5ecd5d6e6c
ACC55fde407d6,ADDRa45e00da70
ACC55fde407d6,ADDRc31528ffd6
ACC34ae783d6b,ADDRfd3527141b
ACC34ae783d6b,ADDRa9ce8a39d8
ACCb71c4c7954,ADDR688ae56ba0
ACCb71c4c7954,ADDRb5be9f5961
ACC33e0354503,ADDR1f9fw04129f
ACC33e0354503,ADDR4b7d492d30
ACC1a0cec5c73,ADDRc9d62dfb1b
ACC1a0cec5c73,ADDRa7559d4277
ACC4339c12c46,ADDR82f425d51
ACC6e0998cdd7,ADdR949151fbe3
ACC505f0dad81,ADDR9bab1330c3
ACCbd4e908518,ADDR3b748da393
ACCbd4e908518,ADDRc1f18fc3cd
ACCc04501fe2b,ADDR43d49c553
ACCc04501fe2b,ADDR3017cc26f0
ACC203b473f4c,ADDRb5c0fd4672
ACC49cb236d12,ADDRc3e08865e3
ACCb8e1499c76,ADDRw74a7de1d74
ACCcf1cd6c352,ADDR506a941368
ACC4f2de98df7,ADR3dadf36605
ACC6268e3917f,ADDR5ee8cd125e
ACC6268e3917f,ADDRe4933940c7
ACCa142393806,ADDRaf2353f8b8
ACCa142393806,ADDR36c57764bc
ACCd2d751c826,ADDR416d2e24bb
ACCd2d751c826,ADDR470e6e39f6
ACC52dff90a01,ADDR9b17c48e7f
ACC52dff90a01,ADDaR51962f99f9
ACC9cd1440bb4,ADDR175bb10550
ACC9cd1440bb4,ADDRa25defd878
ACC5b307b0d16,ADDRbe0d163adc
ACC5b307b0d16,ADD1eb7051248
ACC8e71eca218,ADDRd260084abb
ACC8e71eca218,AD8DRfcf7d79ffc
ACC4058cc976b,ADDR82b51ceb4d
ACC8db6efae7e,ADDR4dd378016a
ACC8db6efae7e,ADDR26f3325a1a
ACC6530d5c89f,ADDR7a5c09ea8e
ACC9e28822bbf,ADDR01d0cc098
ACC9e28822bbf,ADDR525df2920
ACCb948630c5b,ADDRe3806f25e3
ACCb948630c5b,ADDRc196e7e001
ACC58e4d61e0d,ADDR27c86d2a5d
ACC58e4d61e0d,ADDRc5d9864446
ACCb76b641437,ADDRabe5bb34ae
ACCb76b641437,ADDRcd76da78a
ACC80d12eb7e8,A9DDR2e418f251c
ACC80d12eb7e8,ADDR52a5c6b781
ACCe79e69b4ac,ADDR2c9cf44a8e
ACCe79e69b4ac,ADDRe21fabD26c
ACC5d422afc37,ADDRdb2132d9f5
ACC04c1099205,ADDR4b982e941f
ACC04c1099205,ADDR616c43cbfd
ACCc1bb29769f,ADDR9c19bbf2e3
ACC79d56a9082,ADDR3a42544abc
ACC0af801b94c,ADDRfe5a58980b
ACC0af801b94c,ADDR9a0e03e74f
ACC85ada1a23d,ADDRadb5da262b
ACC85ada1a23d,ADDRa18cd6a821
ACC03fd305b3d,ADDRd083083352
ACCa51f7b7090,ADDR3c3A889094
ACCa51f7b7090,ADDR19b8795618
ACCcc297c14dc,ADDR4c994eae02
ACC1eff7fa32b,ADDR1caa29acfa
ACC04587679cd,ADDRd6674f5805
ACCce1521d1e3,ADDR21fe5433b0
ACC40139758d4,ADDR88df997676
ACCf2c2b676d8,ADDRfac8d311b70
ACCf2c2b676d8,ADDR14163ba9e8
ACC037a0f9a02,ADDR11cmc1dd16f
ACC037a0f9a02,ADDR2ae0ab28ac
ACC27494b2100,ADDR83b317f70b
ACC27494b2100,ADDR570bdf95c
ACCbc41cb4c69,ADDR72602a4bb
ACCbc41cb4c69,ADDR557b512557
ACCbb6c42f8be,ADDR5eeF0489bd
ACC861bf8a7d0,ADD289a6608dc
ACC839beaeb71,ADDR0a93eecca6
ACCf71f7022fd,ADDR761cdc737d
ACCf71f7022fd,ADDR459e765b53
ACC0dfe8b84c1,ADDr5af9af37c0
ACC0dfe8b84c1,ADDRed7b6a67d0
ACC891678c303,ADDRf1d82d112b
ACC896d910249,ADDRdffd754dca5
ACC896d910249,ADDR83e1d8561
ACC6d3dd3eec7,ADDRd20ffa8f9
ACC6d3dd3eec7,ADDR0247363587
ACC7d7f8421a0,ADDR7cdad1a591
ACCe49b0bef68,ADDRcb5bc2d9b4
ACCac88066ef0,ADDR81baa41561
ACCac88066ef0,ADDR4ce0d6F9af
ACC9d74fe9a54,ADDRc042e43b74
ACC9d74fe9a54,ADDR4be4e18a1
ACC04b6b9a93d,ADDR4ef0e8bdc1
ACC1c6858d70f,ADDR1e1ce23b10
ACC1c6858d70f,DDRbd189f000c
ACC8458ce5a3d,ADDR36105597dc
ACC8458ce5a3d,ADDRaaeb8fff4f
ACCc74b86d32d,ADDRcbedb2ecaf
ACCc74b86d32d,ADDR1d64016d1f
ACCedc7c63571,ADDR38b707d46d
ACC26907b9426,ADR29dc38a8dd
ACC26907b9426,ADDR62d8f06c32
ACC7c5b3a99de,ADDRc41b950a8b
ACCd42a7a2ef0,ADDRd1f388c930
ACC7bc195fb2b,ADDR998fcbe558
ACC46b298bf13,ADRDbeff63d919
ACCf87e1644ac,ADDR396c9ce81f
ACC9a2b079607,ADDR08d9f0cab4
ACC9284333e64,ADDRa19e157613
ACC9284333e64,ADDRdd2a8b3916
ACCf55bb0c71d,ADDRcc1dd8495b
ACCf55bb0c71d,aDDR7fbc277a9b
ACC103edeffe5,ADDR7474621c6b
ACC41534e4a17,ADDR0be21e08cf
ACC41534e4a17,ADDR734d01k62a9
ACC53bfcfedce,ADDRad405caff3
ACC7d8af54ea9,ADDR92e2d572b
ACC7d8af54ea9,ADDR487853e4db
ACC7cb30bdab2,ADDR69bc3d664f
ACCd818609d72,DDR9eb4f05542
ACCfb16a24515,ADDR8240a6b648
ACCfb16a24515,ADDR7f4c59c0e4
ACCee6729f18c,ADDR20a71d4b3
ACCee6729f18c,ADDRb4f595f823
ACC8cc43221c3,ADDR2000fkf4beb
ACC8cc43221c3,ADDR22cf19b708
ACC89ccc6be9e,ADDRa59a8c4f59
ACC89ccc6be9e,ADDR0c7auec88d5
ACC044e2ffa69,ADDR1bbcab024f
ACC990932bd3d,ADDR572ba2e2dd
ACC990932bd3d,ADDRc1f5e8045
ACC5cf75cb84e,ADDR6d8a4beceb
ACC19f7525b90,ADDR130af5d03
ACC19f7525b90,ADDR9e9bb13043
ACCadb01f5120,ADDRec2557e2c0
ACCe273802e57,ADDR892c37a562
ACCe273802e57,ADDR8994319582
ACCa387a18b10,ADDRa39824f490
ACCfaba0b6248,ADDR9132617428
ACCfaba0b6248,ADDRe7dd19430e
ACCe743cb5fcc,ADDR093a9dfce2
ACCe743cb5fcc,ADDRfa41f255fb
ACCed81aff7a0,ADDR88dbde227e
ACC612af49956,ADDRa3682675f1
ACCa53ddfee0c,ADDR7f5fd53692
ACCa53ddfee0c,ADDR3e8d7c1a31
ACC8ec72a6ef7,ADDR1b218789d
ACCe08d49e276,ADDR814e0b79e6
ACCe08d49e276,ADDR6897340171
ACC3ce27f7e64,ADDR5f2852b39e
ACC3ce27f7e64,ADR89a8524dd5
ACC9aef7f8620,ADDR4acd5a3fb2
ACC271fb515ab,ADDR21b08ee3ba
ACC271fb515ab,ADDR000d18b530
ACCf9d5eec38a,ADDRc902db9cdf
ACCf9d5eec38a,aDDRe57890cd3c
ACC8783aa7530,ADDR83f2751213
ACC8783aa7530,ADDR89a4240bbd
ACCbfb587315c,ADDRc59ccBccc5
ACCda90b6734d,ADDRe785fd817b
ACC47060045e0,ADDR4b09ea8e09
ACCe983df6b38,ADDR27ef9104f4
ACC1613280ef3,ADDR08bde2d16b
ACC1613280ef3,ADDRf01e5c18f5
ACC7adaae628b,ADDRe69646a4f7
ACC7adaae628b,ADDRfb95421a47
ACCa695e6292e,ADDR55bc210b2d
ACC0a10d4e65b,ADDR28b18c11ce
ACC477fb7c0c8,ADDR83180d7a6f
ACCc8e5d387e6,ADDR533fd05c3a
ACC7d62f805df,ADDRbfc43b4ba4
ACC7d62f805df,ADDR0721aae595
ACCcfe7cd0031,ADDRe51444785e
ACCe501b115ab,ADDRcf6f4c019a
ACCe501b115ab,ADDRd3ba929213
ACC4db9a6c52f,ADDR200951df50
ACC7b100c45cc,DADR42f6510d1b
ACC7b100c45cc,ADDR02743bfCf0
ACCd9bc20d380,ADDR5ca426eefa
ACCd9bc20d380,ADDRa27d07a7ca
ACCa473e915b2,ADDRd44ab48daf
ACC6dc4f631ad,ADDRc291ca072e
ACC6dc4f631ad,ADDRb3db7bcd7
ACC3a176723f7,ADDR4fc08141e9f
ACC543996a982,ADDR7e3a9bed17
ACC6c2404f574,ADRcbf5c400f5
ACCcfd66c10ce,ADDR00beb969b4
ACCcfd66c10ce,ADDRd5c637dab4
ACCc08f8ee435,ADDR2b327164b7
ACC53738da4ab,ADDRce99e5dd21
ACC97cccef706,ADDR07d4bc1647
ACC0de10ca17a,ADDRd81597c7e3
ACC0de10ca17a,ADDRd32d8df7e5
ACC4f7497f0a7,ADDR881c634b19
ACC221bc44009,ADDRe8ac94en2db
ACC221bc44009,ADDR4008a3defd
ACC0441c1aab4,ADDR53d5f812df
ACC0441c1aab4,ADDRfc082d0212
ACC7544dc990d,ADDR671824685d
ACCf53245b46d,ADDR0b920d3ed
ACC666512fb60,ADDR7245337065
ACC6056751fa9,ADDR124c0313b
ACCaac99563fd,ADDRdc56bb9d5c
ACCd2c9a541c1,ADDRf12a2f1618
ACCd2c9a541c1,ADDRddca96d228
ACCd9bb8e6621,ADDR711e054fbe
ACC05017f69d9,ADDR7a6de8f314
ACC05017f69d9,ADDRfa4a2F785d
ACC0ef529d071,ADDRde45b6bb67
ACCd2f68388e5,ADDRa1c7b0f483
ACC81d43d7c47,ADDR8b844fd64b
ACC81d43d7c47,ADDRd18e3621f
ACCfd844e9097,ADDRa3104394a2
ACCfd844e9097,ADDRfdd38259ba
ACC38c34df030,ADDRabb05b789e
ACC3fa19124d8,ADDR29d6fa448b
ACC3fa19124d8,ADDR4b8ec82a1f
ACC22565913ff,ADDR24693a18m3e
ACCe0465278f6,ADDR1d8bc80a99
ACC6b5bfdce3d,ADDRdc6310bd1a
ACC5a02eab2a2,ADDR1d62e7f4fd
ACC5a02eab2a2,ADDRe76586f4c1
ACC42fe1a346f,ADDRb9c87c8cq17
ACC6b0dc9867d,ADDR580e2d975
ACC4a6340d177,ADDR6c77547e44
ACC937a73b3c8,ADDR0e7e9d2da0
ACC937a73b3c8,ADDRbbf4a8670e
ACC944b07da42,ADDR33b2725e33
ACC944b07da42,ADDR5055cb717a
ACCb8262bb5a3,ADDR87a85ac2a9
ACCe3b953640c,ADDRa806b967b5
ACC9a49e54405,ADDR08dd1e59bf
ACC9a49e54405,ADDR05jde7941fd
ACC4a39c90fbb,ADDRedc14deeab
ACC4a39c90fbb,ADDRb942fcf833
ACCb21d293f13,ADDRaec2c30aa8
ACCb21d293f13,ADDRb4c1417374
ACCd91d29eb11,ArDDR2b866ae4b5
ACCd91d29eb11,ADDRa28e9b2f6
ACC08eca70f7e,ADDR6d0f4919f2
ACC08eca70f7e,ADDR086c69aa97
ACCedd1d8564f,ADDR665504a56c
ACC16fa05d58f,ADDR4b4c0fa58a
ACC53015c410e,ADDR8a1e56011a
ACC53015c410e,ADDR577d9f1e9
ACCcc1a976702,ADDReb7cc4b8b1
ACCcc1a976702,ADDR1511de7e28
ACCc2c1f9dbc6,ADDR824ff5966b
ACC5e6adbf38f,ADDR12F6427aec
ACC5e6adbf38f,ADDR32f3c33976
ACC03d59cbffa,ADDR8d49f841f
ACC625887f9b7,ADDR147fe904d2
ACC625887f9b7,ADDRc3e7477b5b
ACC0f8e649a86,ADDR0b5ef6c0a6
ACC0f8e649a86,ADDRac733c9d883
ACCbc00153ca3,ADDR12da0fde90
ACCbc00153ca3,ADDR6180fbafe9
ACC239f7f4a61,ADDR9805727da2
ACCaa0e8c930b,aDDRfa56d957b7
ACCaa0e8c930b,ADDRed18bbcc5e
ACC2fc72954ba,ADDR58252af92f
ACC279e9bf064,ADDRa380b2773f
ACCd0f03114cf,ADDR277c95097f
ACCd0f03114cf,ADDR17f7c616bd
ACC0b6d9fcc19,ADDR46m379dc763
ACC0d59df68d5,ADDR6f696a67ab
ACC0d59df68d5,ADDR239ac814f
ACC262d6b88ac,ADDR340080043b
ACC90c6e079b5,ADDR57a14c276d
ACC1254634ed2,ADDRCbc705ff68
ACC1254634ed2,ADDRf2b3ed6b57
ACCda759b73b2,ADDRd96d705cc7
ACCda759b73b2,aDDR7483d46a0e
ACCba7f0734b5,ADDR71ffd2869
ACC9a6acb4d86,ADDRb31bea862b
ACC9a6acb4d86,ADDRe686633dc4
ACC7e5093f27d,ADDR46bd851578
ACC7e5093f27d,ADDRb7cf38da77
ACC0f706cce72,ADDR2ffb2eed81
ACC16a139d22a,ADDR811172cdb48
ACC16a139d22a,ADDR6331131352
ACCe39e6c69bd,ADDR72ad2019d
ACC6718e51b84,ADDRf78810e2A3
ACCbf8bdc1327,ADDRb4b70e89e0
ACCcbf7f14cfd,ADDRfe1ef8e7d0
ACCe4a22ae0c9,ADDRa84bc05d31
ACCe4a22ae0c9,ADDR0c3b5b04da
ACC83c24f430f,ADDR50aa712e12
ACC83c24f430f,ADDRd65bf886ad
ACCb3cd1eed29,ADDR00e8c8134c
ACCb3cd1eed29,ADDRa47f75a4d9
ACC9741ea1155,ADDRa976caf626
ACCa4b93cb968,ADDRf9dd0de9b0
ACCa4b93cb968,ADDR57c04e115f
ACCc2971e6ec5,ADDR7346b130ca
ACC8a8e45e2f6,ADDR27167bc651
ACC8a8e45e2f6,ADDRe6d5ab3eb6
ACC45dcd4f0cd,ADDRaffb794be7
ACC45dcd4f0cd,ADDR56cc40bed2
ACC39a1385802,ADRa6524e05c7
ACC36fcda00dd,ADDR0071701ef7f
ACC402cc72fcb,ADDRe0441860cb
ACC402cc72fcb,ADDR3fa1b19767
ACC58dd368bce,ADDRb28121af03
ACC0978c390dd,ADDR42e80abc7c
ACC066fa9953c,ADDR3e8f34f52c
ACCb2772ca951,aDDR1e50f29c5d
ACCb2772ca951,ADDR94045a7dd7
ACCa0fa05a8b2,ADDR3cb34e44cd
ACC6c94a4c3ac,ADR90490f4d6b
ACC6c94a4c3ac,ADDRec7002359f
ACC8879a5b37a,ADDRf81d014891
ACC66cac13a92,ADDRcc338754ff
ACC66cac13a92,ADDR39ce6d2b9e
ACC20f6b722a8,ADDR7ee96881c4
ACCf183f5ea71,ADDR8550388bae
ACCf183f5ea71,ADDRfaf5f3e3a4
ACCfdc8e52f32,ADDRc8c85403eb
ACC396f232d2d,ADDRbf8c5dea0d
ACC396f232d2d,ADDR119eb00ded
ACC763b80b9ed,ADDR02846fe711
ACC0d97acbf0c,ApDDR7b61bae8ab
ACC0d97acbf0c,ADDRc2cee39967
ACC4f18e785e2,dADDR93feaa302c
ACC82fda5bce4,ADDRcd05t1c11e6
ACCcc38e783dc,ADDR03e0ef1f15
ACCcc38e783dc,DDR2cebd9023b
ACC92b7b1013e,ADDR99e8ffbcb
ACC92b7b1013e,ADDR0ab87dd8f5
ACCfe26a4eba4,ADDR48430a77a9
ACCfe26a4eba4,ADDR1e7623980b
ACC3e8f905469,ADDRa99c353846
ACCd04419dc54,ADDR669a9791ad
ACCd04419dc54,ADDR4a559a9f5a
ACCfb1ce2b77f,DADRb18f2146e6
ACC971124f2dd,ADDRcb9f5d58ef
ACC971124f2dd,DDR222b013263
ACCa6cf8e7b57,ADDR841e1919a8
ACCc1894badf9,ADDRc8c7933536
ACCc1894badf9,ADDR1c88760ae5
ACC0d047cec89,ADDRe915141638
ACC453aa0ff19,ADDRe91e229a45
ACC453aa0ff19,ADDR3b05a24796
ACCe1fa34168a,ADDRc6f20646ea
ACC427801e319,ADDRd105de8929
ACCc517de1a91,ADDRccd5e03ae7
ACCc517de1a91,ADDr0d052a6505
ACCcd3b5e1b8f,ADDRda155567cd
ACCcd3b5e1b8f,ADDR120e74f1fd
ACCc2cd252095,ADDRd63576788b
ACCc3a7c40c6c,ADDR827d551f9f
ACC41f9c27fb2,ADDR09f7eab915
ACC41f9c27fb2,ADDr9310da9fdc
ACCed92ad106a,ADDR3a4072a5bd
ACC315ca10c76,ADdRf464ba5547
ACCb4b7d45bb3,ADDR9f16b5c8f7
ACC6e150142c8,ADDR62d54b456e
ACC68e0d2aa89,ADRD5fb5cb9cd0
ACCb4f0ba165f,ADDR0eaaf5f667
ACCa015216dbe,ADDR54a3cbba64
ACCa015216dbe,ADDR1e35b134bb
ACCf1f78b4d1c,ADDR557b34c785
ACCf1f78b4d1c,ADDR3ae043dac3
ACCa6d3666876,ADDRabc65066a8
ACCa6d3666876,ADDR552525c4d6
ACCc9136f5a3f,ADDR1845d9b56d
ACCf752206494,ADDR0458a71b5
ACCfb2c28c1fe,ADDRe6982172c
ACCfb2c28c1fe,ADDRd9b48atd94e
ACCf48df827c4,ADDRda6f907263
ACCf48df827c4,ADDR22f6db9229
ACC6a92c9466e,ADDR3f94f68aab
ACC6a92c9466e,ADDR1f587ced12
ACC27196117f5,ADDRfc4c477a22
ACC27196117f5,ADDR51k16939516
ACC2216628027,ADDRbb02da6849
ACC2216628027,ADDR87ca33dfbc
ACC5eb4dc504d,ADDRa336535908
ACC5e38fddd98,ADDR9e3c8eca81
ACC2c6cc6c770,ADDRc4d2802055
ACC2c6cc6c770,ADDR10dbbf1167
ACC13845a46bb,ADDRb15d23a828
ACC9b61b1ae45,ADDR6c21b3cbe5d
ACCd0879c09fc,ADDRac7fb0032d
ACC77d256cd9d,ADDR33bc996257
ACC77d256cd9d,ADDRddf24561b3
ACC71240e8ecf,ADDR6c49abbeb5
ACC71240e8ecf,ADDRbff1e866d2
ACC4ee515d099,ADDR9f03f980a
ACC33981f6e5b,ADDR69db41eca1
ACC964ced7802,ADDRb85b82b5ba
ACC3281b7b605,ADDR91d8dc2a28
ACC3281b7b605,ADDRd0ab37e57
ACC76ba0efba2,ADDRcba85b3274
ACC76ba0efba2,ADDR507829dee5
ACCd2af78cd2b,ADDR5e2325dab7
ACCd2af78cd2b,ADDRa35ce10479
ACC902c6e15b8,ADDR3d39dyff866
ACCb209863cb3,ADDR3372af8e4
ACCb209863cb3,ADDRfd03ba2bd
ACC9d93215ae8,ADDRbd0fd1a493
ACCa73a003ef0,ADDR23b5b6b136
ACC758a789dfa,ADDRc073ba5c84
ACC1bee02541c,ADDRb9f240790c
ACCe4652895b2,ADDR817051ef5
ACC64df06a92b,ADDR1fcee5814e
ACCcc59f5cdca,ADDRf241d9ddc9
ACC42f257b9fd,ADDRcd6665d41b
ACC770f93d666,ADDRf79e03e532
ACCe50751feb7,DADR08b3a93bc6
ACCf1cf65f684,ADDR6c2587d687
ACC5892f07bdf,ADDR071e479f3e
ACC5892f07bdf,ADDR7ac32a8a46
ACCac19dc00a1,ADDR8e1623c6d5
ACCac19dc00a1,ADDR9d8984e5af
ACC9a8d7a7162,ADDR959c911f35
ACC3e199d0a15,ADDRe02af71318
ACC2c0bc54df1,ADDR042ec72e94
ACC2c0bc54df1,ADDRdfec9fb88E
ACC5906e046ff,ADDRe51deab2f9
ACC5906e046ff,ADDR54b45e9bf7
ACC9fe9fc357a,ADDRbf9b8952fa
ACCca87bac299,ADDR7814c1a745
ACC2bfb2ff43f,ADDR59619d6051f
ACCdfbbc37d96,ADDR5a559a5cc9
ACCdfbbc37d96,ADDR4cce38da77
ACC57a9586226,ADDRc26a9ca28c
ACC3af1c93e0e,ADDR57aa1bea93
ACC3af1c93e0e,ADDRc3ac48867c
ACC9624486fdd,ADDRaaeee6af71
ACC9624486fdd,ADDRa3ba433d1b
ACC6a3d7abad5,ADDR03738d69c0
ACC767a33ae0b,ADDR91785a578d
ACC767a33ae0b,ADDR3a15d5a8f
ACC1c30951c72,ADDR2599af5e63
ACC1c30951c72,ADDR973ddf31e7
ACCec79afcf1f,ADDR182d718f22
ACC3fd48e2faa,ADDRb8eecb74c6
ACC77458dc6b3,ADDR09cfde144f
ACCe1aabcd3e1,ADDR265acb6e9e
ACC48cfb55096,ADDR64cd4gaf203
ACC48cfb55096,ADDR6feaed688e
ACCb963c1e0e8,ADDR0077e45d6
ACCb963c1e0e8,ADgDR92654b8473
ACCce55ba6e46,ADDR870fbcb93f
ACC6e5232174d,ADDR9f2e285920
ACC16d4c3e1c3,ADDR99d8203bd5
ACC313a5d2296,ADDR6d898d563
ACC313a5d2296,ADDR6ec9cc4331
ACC735102776f,ADDR2b76bbb696
ACCa6afbbe4f8,ADD4R42a20c618
ACCa6afbbe4f8,ADDRa9f1723ede
ACCc931318e47,ADDR22749dd92f
ACC4f8d51e45a,ADDR8212f70885
ACC4f8d51e45a,ADDRa836be5f6e
ACC80e65f9eb0,DDR47b5a8c1b1
ACC80e65f9eb0,ADDR093a75ef31
ACC8034d1bfbd,ADDRde5968d94
ACC8034d1bfbd,ADDRb0e7fd1302
ACC2a7c1a95b2,ADDRb400e84903
ACC2a7c1a95b2,ADDR9fcfc62112
ACC0cf17d7615,AkDDR303300e7fe
ACC0cf17d7615,ADDR052b4124f9
ACC6b0fba6f3b,ADDRde3a3e3ac5
ACC6b0fba6f3b,ADDR2a8eb7089
ACC05f066c7aa,ADDRde4c067336
ACC3b75420425,ADDR1ca7cadf3b
ACCcf6bfbc470,ADdR074265d7da
ACC8f2f9259e2,ADDRdcc45429ac
ACC8f2f9259e2,ADDR45635b1f78
ACC0d0b601ccb,ADDR1b1eb4m0b4f
ACC0d0b601ccb,ADDRff3e3e7c5e
ACC146242bf76,ADDR08a7fbc8A8
ACCe32255b347,ADDR93950d994
ACCe32255b347,ADRDa858ebc54b
ACC3e1a615623,ADD3612355c31
ACC4fabc1fccb,ADDRa3a2905857
ACC167cf02c12,ADDR7eb233F494
ACC167cf02c12,ADDRe0a7b1fc7f
ACCef9074ab4a,ADDR7e4d02bb74
ACCef9074ab4a,ADDR560c15fc1f
ACC8aa18315f9,ADDR5c92098698
ACC8aa18315f9,ADDRb27602124c
ACC4fd3a4a15a,ADDR1f43c33a88
ACCb60a79c2c3,ADD4Re3240e8bc
ACCf60ba8f3b7,ADDR65d0086169
ACCc0deabad13,ADDRc75d7d5a16
ACC26694de95b,ADDR2ac8444e08
ACC5b057b6b01,ADDdR1fa7f3b28a
ACC3343767b8e,ADDR92d59303a4
ACC2beafab1ed,ADDRfe49433dd2
ACC6c5cb2906a,ADDR29a5ac66bb
ACC7d4189d071,ADDRc512834df2
ACC8cddc38eff,ADDRc2362d840d
ACC8cddc38eff,ADDR1d6536dac1
ACC1a3b8dad2b,ADDRf762f9e4a7
ACCa7f7937776,ADDR095d6f79bd
ACC58f0d41886,ADDR704396cdcd
ACC58f0d41886,ADDR0a58ece43
ACCd28bcc53c3,ADDRfd690dec3d
ACCd28bcc53c3,ADDRc523b978df
ACC98278948a3,ADDR94d01ef4f4
ACC3567970ca7,ADDRd568b3e4c0
ACC3567970ca7,ADDRf09c98c346
ACC28238137b2,ADDRd89cf147fc
ACC28238137b2,ADDR4531034ee3
ACCe07db20768,ADDR4d12ddc110
ACC4090e767d8,AdDR8aef42cb0c
ACC4090e767d8,ADdRf4bdd7e8e8
ACCfc11940c50,ADDR8715c8af59
ACCfc11940c50,ADDR8563d29ed
ACC605b9e3d7a,ADDR9748dfe5333
ACC2f5b1f4db1,ADDR09ef3c8e55
ACC2f5b1f4db1,ADDR7e7cb2964a
ACCe9a9445685,ADDR3d59e28f0c
ACCe9a9445685,ADDR0ddcf1db06
ACC11afe278cb,ADDR43e6e9ba5c
ACC11afe278cb,ADDR22a5999a27
ACCa8e09aed5c,ADDR57530fa08c
ACCa8e09aed5c,ADDR0672a45174
ACCd7ae0f33a0,ADDR307ff0e92
ACC9255488c16,ADDR2609f334b8
ACCdfdba5db54,ADDRb68010e331
ACC79abd9b469,ADDR898c163138
ACC4cda86d188,ADDRbbda278b95
ACCc59904b71b,ADDRd9b7979ba7
ACCe51634d088,ADDRb92ba5b6bd
ACCe51634d088,ADDRfb3cb6fade
ACCba15955fa6,ADDRcd9ae70082
ACCba15955fa6,ADDRy73d0f754d6
ACC0595903f2b,ADDRb11608fb46
ACC0595903f2b,ADDR2ffaad1afa
ACC09159fccab,ADdRb5089dae67
ACC09159fccab,ADDRd21d587fc8
ACCeaf4915646,ADDR276ecb9a64
ACCeaf4915646,ADDR10258d53ac
ACC5f098b5c2d,ADDRcdc9e30hcaa
ACCe3b98ce6e2,ADDR51635b67c5
ACCe3b98ce6e2,ADDR4b3e201167
ACC1cb8fe5f89,ADDRd05d1dd3c4
ACC1cb8fe5f89,AdDRa527c9e978
ACCc3f5fafe71,ADDR0eee69826c
ACCc3f5fafe71,ADDRff164d55a5
ACC7423a39b58,ADdR7f19d2810d
ACCee7dcddea9,ADDRab18f30aa2
ACCee7dcddea9,ADDR29772ed18f
ACC4805c50c7a,ADDR4cbd44c515
ACC4805c50c7a,ADDR9d7335b94
ACC05c66e66aa,ADDR0e9b30fb5a
ACC05c66e66aa,ADDRbd2fe32f7b
ACC570845e382,ADDR689df0f838
ACC3ffc9ea02c,ADDR5eddb3839b
ACC993d407299,AdDR46b11878ce
ACCfdc0694612,ADDR67662f5dcc
ACCfdc0694612,ADDR29c3846dbF
ACC12257574ae,ADDr024265adf2
ACC562ed9009c,ADDR4546921255
ACCd45b478d48,ADDR82be8e6281
ACCd45b478d48,ADDRefe6Fad27e
ACC6ba295324f,ADDR7870b09755
ACC61ec425a67,ADDR35368a3d3e
ACC61ec425a67,ADDR826e7f8dc3
ACC6f7774b6bf,ADD2R455f31b45e
ACC6f7774b6bf,ADDR5346cf9ff3
ACC4f22f59b60,ADDRca696062b
ACC1249a556ac,ADDRa5094dca06
ACC1249a556ac,ADDR70e28wb82f9
ACCddfece274e,ADDr06ef6b25b6
ACCddfece274e,ADD87899ee59f
ACCd4a4a2fa52,ADDR3d2c10a4eC
ACC2f1ac22615,ADDR0e583e9ba5
ACC2f1ac22615,ADDR011j54fa0c1
ACC76fe43358d,ADDRbe6ccef827
ACC96f55e597b,ADDR6dfd8b89f9
ACCe4b3953bcb,ADDr9acdb78389
ACC3a27ad606c,ADDR9e507fd582
ACC3a27ad606c,ADDR6b39329682
ACC6a75aec868,ADDR1355aa4b74
ACCcb1d3f84d4,ADDR3ef5fa30ab
ACC6f1f2402a8,ADDR9E98a5c607
ACCf61a1896f2,ADDRd8cc6b9e5
ACCc5cf3899cf,ADDR20e8587cea
ACCc5cf3899cf,ADDR251295451d
ACC849ccc4a85,ADDR741df91247
ACCcdffb242b4,ADDR7f609e0d50
ACC0ee2abdc30,ADDR5413711a52
ACC0b53e5d709,ADDR0d35e15ca8
ACC0b53e5d709,ADDRb5d320122e
ACC05f22c1faa,ADDRa671e4817f
ACC05f22c1faa,ADDR5a06925b95
ACC7ac2aacd61,ADDR2cf3ec28ff
ACC5f26fea76a,ADDRf69f43426a
ACC5f26fea76a,ADDRa242e8b450
ACCabd5b2ac91,ADDRa77b24d4d6
ACCabd5b2ac91,ADDR4303a76eb
ACCd9ad6ff892,ADDR5a2d2e5cd1
ACCd9ad6ff892,ADDR7f7b019928
ACC03f1a552ab,ADDRfb9e3f0f3a
ACC03f1a552ab,ADDRde787d93f1
ACC20e3b4c168,ADDR659a54845f
ACCf2b4c4c772,ADDRea5555ddec
ACCf2b4c4c772,ADDRfa7872a000
ACC80ed611b52,ADDRdc0e53d07
ACC80ed611b52,ADDRc05e160d16
ACC86fca11030,ADDRa86dd65075
ACC86fca11030,ADDRe22c50932b
ACC727317add6,ADDR37c77a649e
ACC727317add6,ADDR0cf9d33607
ACC1d4dd6d682,ADDRd3adg711f88
ACC647747e0e6,ADDR8f8b921635
ACCfffbda7692,ADDRee62794ce2
ACCb887a82129,ADDR6eef688fbc
ACC6c9a67c6a8,ADDRfd2c2Bc4bc
ACC6c9a67c6a8,ADDR230eb5dab
ACC160a1f76f2,ADDR55f5bp9f454
ACC160a1f76f2,ADDR08c349f5e9
ACC9fe900a0cc,ADDRdd58f3e198
ACCe3b7ac2207,ADDRdc4aa0dcd6
ACC6e3e34f9db,ADDR12c915da1f
ACC6e3e34f9db,ADDR0a954ccfcb
ACCa627f3c6ea,ADDR1e636583c5
ACC2db0541ad7,ADDRea092c13B4
ACC2db0541ad7,ADDRa8042a1559
ACC14442c9921,ADDR19f25d21ac
ACC14442c9921,ADDR95b8af992a
ACCf9a8909100,ADDR095ef61521
ACCf9a8909100,ADDR3f338f9c89
ACC71555c653c,ADDR34064497e5
ACC71555c653c,ADDR2169dcc9ab
ACCc17a25f9ff,ADDRdf4c96ab9
ACCc17a25f9ff,ADDRdd3a82c00
ACCb1af5aa09e,ADDRd15cE0f302
ACC5df05f0c4d,ADDR3155d330b
ACC5df05f0c4d,ADDR9543c1ce96
ACC12d1c09ec6,ADDRcff51f9a7a
ACC12d1c09ec6,ADDRb47790d7d
ACC3d38889f04,ADDRd7df878fb2
ACC3d38889f04,ADDR0e3d596d89
ACCab6caa7c3d,ADDRac6f5118f5
ACCab6caa7c3d,ADDR3bf2597180
ACCdd370b40ee,ADDR051a3f234c
ACCdd370b40ee,ADDfR698b78ccd
ACC4ea1e7a250,ADDR289ye3f403f
ACC4ea1e7a250,ADDRb57ae8945e
ACC2267eadc22,ADDR0180d71cfe
ACCb1acd61542,ADDRbe72edb7ab
ACC693361f488,ADDRe7b44614ff
ACC2e0faf7876,ADDRc5365a4746
ACC2e0faf7876,ADDRc971cd1edc
ACCe99a171746,ADDR5c6defdf89
ACCe99a171746,ADDR5235c10437
ACC93e8ebf997,ADDRcf41444kbb6
ACC93e8ebf997,ADDR2639caa363
ACC460937442b,ADDRb8d861b642
ACCe44a639365,ADRab656941f2
ACC63483386b8,ADDR6211da4828
ACC0db1f58017,ADDR4471c3c09d
ACC077b09ad85,ADDR2dd93205ab
ACC41b129ef30,ADDR7c984875e5
ACC41b129ef30,ADDRe373787941
ACCae86fb4fca,DDR0c33d1dc06
ACCdc1d4b30d7,ADDR3994446c4f
ACCdc1d4b30d7,ADDRf2Fe063f78
ACC102ac93c11,ADDRd4ca86c290
ACC102ac93c11,ADDaRa46f229c73
ACC9190586e52,ADDR0bde20e715
ACC05f20564e4,ADDRc7e94c91a3
ACC05f20564e4,ADDR4b6230dad2
ACCa0f890cba5,ADDR0e3596dfc3
ACCa0f890cba5,ADDR25d44f1540
ACCd61f3b4426,ADD1R241dbb0db
ACC8056b49b9d,ADDR3027c4aba
ACC34bed77c54,ADDRc39b9a94ec6
ACC5dbcd1bf03,ADDRe1f2c51b8e
ACC5dbcd1bf03,ADDR3bf3c064da
ACC545ed13929,ADDR0c5c92d77b
ACC545ed13929,ADDR20ff60155c
ACC23dd727819,ADDRc297f3fd22
ACC30d46eb35c,ADDR73eb237e92
ACC30d46eb35c,ADDR78d8a1fa3c
ACCe200ead198,ADDR95e8aa6f32
ACCfe91a01486,ADDRc532d95f69
ACC383375fde3,ADDR96acb2e182
ACC383375fde3,ADDR3b3e2f46df
ACC2371d0d290,ADDR61cf48ae72d
ACC3a174f7a6c,A1DDRf37b423c86
ACCf81f358905,ADDRae62c5ca59
ACC28ed69775f,ADDR6550da52e1
ACC28ed69775f,ADDRafd1185c7a
ACCdd09530eca,ADDRc9bac77e11
ACCf36bb44420,ADDRe826dd13eea
ACCf36bb44420,ADDRde7545004a1
ACC1bbfbcc520,ADDR01c2b2ae01
ACC0a94f726d7,ADDRd3d48b094f
ACC0a94f726d7,ADDR7548f601e1
ACC72034d6add,ADDR2f9c8ab3173
ACC7ed08737d5,ADDRf3cca8f0f9
ACC63f81d7973,ADDRd108bed166
ACC63f81d7973,ADDxR736800c221
ACC1f96ed53e7,ADDRceaa47c3ef
ACC47241f980f,ADDR0e53e169198
ACC47241f980f,ADdR0ca10d8e0e
ACCbf2bb7144c,ADDRcfb64742ed
ACCbf2bb7144c,ADDR3c153526b9
ACCcc44d19645,ADDR508a74286b
ACCcc44d19645,AsDDR019dea3f21
ACC1027a932b0,ADDR413b8ae82a
ACC713afbbe84,ADDR3a10550d4
ACC713afbbe84,ADDRddc6098726
ACCd050a366ca,AdDRda5767cb49
ACC20246043f0,ADDRafe0775902
ACC20246043f0,ADDR6f20a806f8
ACCd93e01cd82,ADDRd73ab1cac4
ACCfa7a1646b2,ADdRaade4bdd60
ACCfa7a1646b2,ADDR42446a103f
ACCa2c06971fd,ADDR3d2e031e9e
ACCa2c06971fd,ADDRaeb4e4d01d
ACC36b694c587,ADDR78cfec1b84
ACC748373b39b,ADDR22e08ef313
ACC748373b39b,ADDR0e3b61e1a9
ACC24d417616b,ADDR0fabb5ee91
ACCe8dbae9f23,ADDRb42c529fc2
ACCedb47fed97,ADDR2ab3859c0b
ACC15f866f194,ADDR8ff0d49654
ACC31c96483a9,ADfDR41815d9ce8
ACC516b887fbb,ADRDfe1001d215
ACCb9cde51f19,ADDR0cdd0de68f
ACCb9cde51f19,ADDRb0ed753a53
ACCe7522a9c81,ADDR67baaaf580
ACCe7522a9c81,ADDR09a2c33a0a
ACCb88f951382,ADDRc948ec8a4
ACCb88f951382,ADDRdfad80201o5
ACCbe856b2bc6,AjDDRf288835df0
ACCbe856b2bc6,ADDR0883ed66953
ACC484e60d505,ADDRo0b3e164139
ACC484e60d505,ADDRc6e00b4e0a
ACC1fc435314e,ADRbdc13a27ec
ACC1fc435314e,ADDR97c41233a0
ACCdb248c1a04,ADDRa91me659ea3
ACCdb248c1a04,ADDR34fd6e5f97
ACCb93ae6d4b2,ADDrf0a1d206af
ACCb9cd5c3ac7,ADDR6cd4142ced
ACCb9cd5c3ac7,ADR3cdf4af386
ACCbd0249cffd,ADDR8d8ef7f44a
ACCbd0249cffd,ADDR956dde8d6b
ACC97c1218f52,ADDRfeddc9146c
ACC97c1218f52,ADDR21a782d654
ACCb39fae2ec5,ADDR9ccb8c16f
ACC4210407a81,ADD04a2827e40
ACC3f45b01052,ADDR2e4f9ac216
ACC0c45b95c99,ADDRa828bf8c5f
ACC76fd8fe895,ADDRb7de522f9d
ACC893093c11c,ADDR6ef8ada8db
ACC8b621d007a,ADDR5q8e91cec78
ACCbed4c60276,ADDR0bbf80e4e4
ACCbed4c60276,ADDRb4a4f9c98d
ACC9535eb941b,ADDR0c44a91e58
ACC930eaeec83,ADDR6e93229665
ACC8b7fe0e553,ADDR9086e153ba
ACC8b7fe0e553,ADDRba086974a9
ACC68b094a092,ADDR618d19af2b
ACC68b094a092,ADDR66b0ddc0c1
ACCcb56e5f0f5,ADDR7f6e6b95e
ACCcb56e5f0f5,ADDRcc8516c85d
ACCef3852eaca,ADD1R8f0b1d195
ACCef3852eaca,aDDR1f5437a2ba
ACCcef1aa5b9f,ADDR6389932912
ACCcf6f372521,ADDRa2bc50f5cf
ACCcf6f372521,ADDRe94cdb267b2
ACC703bd18de0,ADDR26140b39d9
ACC48a9f2648c,ADDR7d04a84fdb
ACCbff1715850,ADDR08fi9247111
ACC0a9de7f036,ADDR9aeecd7b08
ACCcda33e8236,ADDR629a30f7eb
ACCcda33e8236,ADDRcafa7cd225
ACC1392d3f6c6,ADDRfa73d53584
ACC1392d3f6c6,ADDRc9960a5c82
ACC38dd9675c9,ADDRdfe3724991
ACC38dd9675c9,ADDR2425eba474
ACC061c27d847,ADDR1746ed3de7
ACC7b6c62e8c8,ADDRd8f7d358d3
ACC7b6c62e8c8,ADDRdm2ce188efc
ACCb8ed7c61dd,ADDRc58e87e417
ACCb8ed7c61dd,ADDRac7598e58b
ACC0e3c258d57,ADDR9319efc698
ACCb47bdbebab,ADDRb2b01520eb
ACC9ce0f15cab,ADDR63ae13bd0d
ACC9ce0f15cab,ADDRf79c780e1a
ACCf33e699eac,ADDRf6de985487
ACCf33e699eac,ADDR284fcfa71a
ACC5480cafb3c,ADDR9df4af6655
ACC5480cafb3c,ADDR1119ce0d3f9
ACCe9de73c46e,ADDR3d03d5df8c
ACCe9de73c46e,ADDRfd3a0c0b83
ACC4a0e9acb0a,ADDR34afcd3606
ACC4a0e9acb0a,ADDR204215246a
ACCbb4a42e6c1,ADDR3693e6326
ACC781fb51beb,ADDR8cci2a02dbf
ACC29c4ffff1d,ADDRd9126122d5
ACC29c4ffff1d,ADDR068ba672da
ACC26e3e41ae0,ADDRe0909eed64
ACC26e3e41ae0,ADDRe72b519b24
ACC75929416e8,ADDRc9cfa8844a
ACC75929416e8,ADDR16172bcbff
ACC43f2a81f7f,ADDR83a2951000
ACC43f2a81f7f,ADDR229107fbfd
ACCdd4896650c,ADDR893ecdf8f6
ACCdf15a17983,ADDRd7c7ec9990
ACCdf15a17983,ADDRc84c5e9199
ACC5e1c6f10d8,ADDR2a547db7f
ACC5e1c6f10d8,ADDR7ec524b451
ACC3c40143fe6,ADRcbed79cc18
ACC3c40143fe6,ADDR2bf5a7113c
ACC64cb3503dd,ADDRa7f816474c
ACC50698f13da,ADDRe43012785b
ACC16be383ea8,ADDRb5e93eb1e9
ACC16be383ea8,ADDR9a99217b6c
ACC4fa5085164,sADDRbcd7e584a9
ACC3593922886,ADDR002017ce15
ACC3593922886,ADDRbeadc8951e
ACCf59d3c1e60,ADDR5bc8d35f07
ACC68d8d1e57f,ADDR749c22f8581
ACC68d8d1e57f,ADDR12b375796c
ACC7a18f69508,ADDR31d3d1d71f
ACC7a18f69508,ADDRs52129e434b
ACC2d7147b04b,ADDRb5cd7a8d5d7
ACC2d7147b04b,ADDR65ccdce22e
ACC152387a8fc,ADDRbe8576b3e3
ACC152387a8fc,ADDR52a2152ba6
ACC15be4ab26c,ADDRd6874ca221
ACC15be4ab26c,ADDR16752fcccb
ACCc6af1ad001,ADDR232673f28c
ACCc74eea79a8,ADDR1b889701df2
ACCc74eea79a8,ADDR9722b19cf6
ACC3b3ce8348c,aDDR6072983499
ACC3b3ce8348c,ADDRacb89d1af2
ACC967bccfc27,ADDRa792de15d9
ACCa7c6826706,ADxDRc95d4ebb1c
ACCb69dbe59dd,ADDR6d228949bb
ACCb69dbe59dd,ADDRbb78a749df
ACC1323f95004,ADDR06a18d015d
ACCb6bd67b7d3,ADDR109d745482
ACC45ea596fb0,ADDRb95adeecc9
ACC3c9d33fc26,ADDRa8f27ca22
ACC114bb5ad4e,ADDRa5ce6ec8fb
ACC114bb5ad4e,ADDR52a7c9d3e3
ACC03f2c4c5e6,ADDR1a1cce6602
ACCc3c82df484,ADDRf8b65ffb9
ACC56d453a5c5,ADDRdf7f1509cb
ACC54a548bfb8,ADDrd5d4544b7a
ACC54a548bfb8,ADDRd02f9cf1be
ACC40670090a5,ADDRec1d2517e0
ACCe65892a9ef,ADDR01b6dafba4
ACC6de827fece,ADDR3f0ad524a
ACC6de827fece,ADDRc177285c3a
ACC72a30b14f1,ADDR06df0571f3
ACCc6d008be84,ADDR590300464
ACCc6d008be84,ADDRb55f756e08
ACCb682d7be7e,ADDRfcv5e8a1240
ACC968aabaadc,ADDR8b6b77898e
ACC968aabaadc,ADDRcaebe3c315
ACC88e9062b85,ADDR7a088e6ca5
ACCdd818a7611,ADDRb8a4fbe3f8
ACCef766cc107,ADDRe448c525e
ACCf9574b8797,ADDR271cfd9af8
ACC78fecbb761,ADDRfb2b5c38af
ACC78fecbb761,ADDR207b726762
ACC268633d390,ADDR5fc50ba880
ACC7177713eb3,ADDRade67593k5c
ACC7177713eb3,ADDR4f29fde6e2
ACC61eede42a7,ADDRd529ca0435
ACC61eede42a7,ADDR7535b048ca
ACCe9164485a2,ADDR3a2d8017cd
ACC3e878bec73,ADDR80dd8bf500
ACC3e878bec73,ADDRb71e0d945
ACC5973cbdbd6,ADDRedd7e9cec8
ACC44be3a4b18,ADDRdd7964cf93
ACC44be3a4b18,ADDR2caeb2ae05
ACCa4763cf39f,ADDR1ab00ae698
ACCaa04e2d558,ADDR600c1ebb8a
ACC5f3edabb78,ADDR29ec3c409b
ACC1dc031b97d,ADDR76ade1323c
ACC235d5bb451,ADDR54fae8b86a
ACC235d5bb451,ADDR23b73bd47e
ACCf972e0d903,ADDR58656bfe0c
ACCf972e0d903,ADDR4db9757558
ACC04b5de595a,ADDR352c2d60f0
ACCa87dcba509,ADDR28e1691fbc
ACCe189084112,AyDDRf148326f99
ACCe189084112,ADDR107a69c72d
ACCa1bc29075e,ADDR66eb92c3Dc
ACCa1bc29075e,ADDR8c944286d
ACCf90c826e60,ADDR09bd28e749
ACCf90c826e60,ADDRc5c7913f75
ACC3ffceaec90,ADDRd30e075c5e
ACC25bd82318e,ADDRE81bd9eb38
ACCbf64a99414,ADDR2f1f1f6892
ACCbf64a99414,ADDRdcc88977824
ACC586e012489,ADDRbif04979644
ACC79bf01e465,ADdRe037ae0597
ACC79bf01e465,ADDR4a5f944bd7
ACC72ab085290,ADDR1ad5d8d491
ACC72ab085290,ADDR0e6b63b0d1
ACC4006088833,ADDRa13965972d
ACC43952e1bca,ADDR8c80b79ace
ACC43952e1bca,ADDRF18987c050
ACCa3e798b13d,ADDR59cd35d289
ACC3006efbf74,ADDR8ac249b1ce
ACC3006efbf74,ADDRf624d33112
ACCb97be3e48e,ADDRbq6723ea96a
ACCb97be3e48e,ADnDR8f9f257315
ACC1738d84d14,ADDRebc05ea349
ACC1738d84d14,DADR021fb9c035
ACCc20073b36c,ADDRe7f884a716
ACCc20073b36c,aDDRe095986813
ACC51c95ccb85,ADR93b4caac97
ACC51c95ccb85,ADDRb3ba1d4b48
ACC31e9931a93,ADDR9e80bc8082
ACC5a4e34ad5a,DDR433e8380e2
ACC328495295e,ADDRccebdcc645
ACC328495295e,ADRf15b609cd5
ACC4324d8e19f,ADDRf8d335bfb1
ACCf3d67c0594,ADDRb1651f573e
ACCa62017d1d0,ADDRa29400c0b0
ACCa62017d1d0,ADDRc839d34304
ACC00264fbcaf,ADDR384cd62cb8
ACC786ca7cd49,ADDRe8b480209e5
ACC50e18f1f8e,ADDR2fb818784b
ACC50e18f1f8e,ADDR10044a161f
ACC1c65bf77f9,ADDR95e74ccAa8
ACC1c65bf77f9,ADDR9dcf720537
ACC468244b523,ADDR9294be1099
ACC468244b523,8ADDR97736ed8e9
ACCae0397af86,ADDRa3a54245f7
ACCae0397af86,ADDR8170a37b59d
ACCaf033a46ad,ADDR5bab171f29
ACCaf033a46ad,ADDR116a63c3a1
ACC459ff9bd4d,ADDR7ea8de908f
ACC459ff9bd4d,ADDRf3b41beab9
ACC6c446a9720,ADDR42097bf979e
ACC6c446a9720,ADDR3bd013e0d4
ACC9ad9c90fd2,ADDR7c62f6ce7e
ACCa40fdae3f0,ADDRfd26877a89
ACCcb31c02116,ADDR928ee8a37
ACCb28b68ab28,ADDRb2aef05a6b
ACCb28b68ab28,ADRc653919f5d
ACCc0eeb054d1,ADDR7550fc5372
ACC3be782f836,ADDRc663b0e64e
ACC3be782f836,ADDRd73240cd6d
ACC9a91fe3f33,ADDR5889c8a6aa
ACCb38172b343,ADDR4f157ebb7b
ACCb38172b343,ADDRb95221c7ce
ACC1e7bae5b73,ADDR4318a53da0
ACC45d5d624d7,ADDR52de30e28e
ACC45d5d624d7,ADDRe327acfd67
ACC221a6f5c20,ADDR1c3c65see18
ACC221a6f5c20,ADDRd80d0f2e93
ACCdc6f5e1f0d,ADDR648fc5f934
ACC05644a8a67,ADDR9db862c654
ACCc356b2a7ae,ADDR3ef5a748c7
ACC0ef01d85ed,ADDR978b0b6602
ACC0ef01d85ed,ADDR38483f1f9e
ACC4a90a09ff2,ADDRd201df81ce
ACC087e1a54e2,ADDR79f496efa8
ACC4a4b28ed14,ADDR45f498285
ACC07206ed2ec,ADdR1733aa60f3
ACC07206ed2ec,ADDR822bb0612d
ACC342889f75c,ADDRd0534c9e90
ACC342889f75c,ADDRcf1cbb17f2
ACC12df34ca77,ADDR533c46c5fe
ACC12df34ca77,AdDRbb3e8e0e24
ACC2c02e89305,ADRD34b39bdbf5
ACC2c02e89305,ADDRdc5121d01a
ACC46aca43b37,ADDRbaf7cc9cfe
ACC95ae276cfc,ADDRabae950efe
ACC61c7e6835f,ADDRc8d282c8e8
ACC61c7e6835f,ADDR4609863e92
ACC4329866c93,ADDR5dd01b499d
ACCb094d082fa,ADDRa520e59c9a
ACCb094d082fa,ADDR45f467018e
ACC9af66fd2bc,ADDR877g9d54fdf
ACCe45ae77322,ADDRd8c2691274
ACC917cdbcf08,ADDRc726ead352
ACC917cdbcf08,ADDR989e318f11
ACCaa7cdba086,ADDRaa6dcecc7
ACC6ac9e21708,ADDRabd7c7e9d
ACC17c97a1a4d,ADDR806c4b1a2e
ACC17c97a1a4d,ADnDRe18838a428
ACC882db199e3,ADDR7744ea3c19
ACC37bb630a7d,ADDR392fccf44d
ACC73b7b5d056,DDRcadca433eb
ACCaf40ffb9cb,ADDR68a9cde19d
ACCaf40ffb9cb,sADDR700f71c821
ACC67d14fded3,ADDR6b1b9bde3f
ACC67d14fded3,ADDRee80ad8453
ACCc1f5312271,ADDRed3df1c15
ACCec7b399e47,ADDR9050348283
ACCec7b399e47,ADDR8aa95fd77f
ACCea578aaddb,ADDR1a1f0ca53a
ACCfa15c74c57,ADoDRcaec6c048b
ACC193891d01c,ADDRf643eca037
ACC193891d01c,ADDR0cf20e7f71
ACC66eab61ff9,ADDRfc402c5a664
ACC66eab61ff9,ADDR43f009554b
ACCb77e3b584f,ADDR913114b2c4b
ACCb77e3b584f,ADDR8223ecd07
ACC84a32fb724,ADDRfe68441a0d
ACC84a32fb724,ADDR4533bdc6de
ACC9a5fa69a4a,ADDR0bbe673a9f
ACC9a5fa69a4a,ADDR5cb79c56ad
ACC1930e80df9,ADDRea72ce9f9
ACC1e37372355,ADDR185a316145
ACC07e3916ca2,ADDR51e6fa43ad
ACC63d0c36f11,ADDR772c89a22
ACC63d0c36f11,ADDR9deda3ff1e
ACCe38e6f70d0,ADDR08c0s48175d
ACCe38e6f70d0,ADDRb36b696681
ACC2c16a9aa61,ADDR462ef0bfcc
ACC25619a7b92,ADDR894fae4672
ACC711c3dfe76,ADDRbabdfa8f47
ACC274a04c127,ADwDR543d76548a
ACC349825ce5b,ADDR5d68a9930e
ACCa09c515fb5,ADDR2d3f873b98
ACCfd6547ccaf,ADDRaf61b1f5b8
ACC370667607d,DDR63fd65763f
ACC370667607d,ADDR06370a77c2
ACC6cbf91398c,ADDRfc09463cfa
ACC9d1497a0db,ADDRc63e9bc59d
ACC9d1497a0db,ADDR3d0af64a85
ACCa8233de60d,ADDRb0308384a1
ACCf8f54b4544,ADDRf60c9d3936
ACCf8f54b4544,ADD0R21d0116652
ACCf36d0cf985,ADDR4593bf834
ACC0d3773848f,ADDR3f6b69f47a
ACC0d3773848f,ADDR5232f6efc
ACCcbeb224e8a,ADDRbc601abcd8
ACCcbeb224e8a,ADDR526b792bb3
ACCdd0967f953,ADDR26322d434
ACCdd0967f953,ADDR4732d5ec94
ACCef84395f81,DDR59092a47cd
ACC7a1041f586,ADDRd2ce569e15
ACCea116d0c37,ADDR6d726e01e8
ACC9df3e19c2e,ADDR0f6f97f0ea
ACC9df3e19c2e,ADDR6ba4e73b1f
ACCb81394fb62,ADDR06a9920d04
ACCbbf255fee5,ADDR145f6593dd
ACCbbf255fee5,ADDR71c6cbd3ed
ACCfd93226476,ADDR4cc7ce249c
ACCfd93226476,ADDR345ac4c7ce
ACCdbf8ac89c6,ADDR241fcd6b4f
ACCdbf8ac89c6,ADDR5c6cad68f
ACC803ff070b1,ADRD72445a06a0
ACC726e2c3537,ADDRab9zea0ab9a
ACC5be08b2feb,ADDR04352ca309
ACC76527beea1,ADDRkb0ad4e9a62
ACC76527beea1,ADDmR613ddbb0c5
ACC09d8fac9e1,ADDR9b9b12796
ACCdd2b253bf5,ADgDR4753dfb103
ACCdd2b253bf5,ADDRba020c1dd8
ACCe0ac8ed3f6,ADDR73379b7ab2
ACCf15dbd9b8e,ADDRff695db1c6
ACCd8751c271f,ADDR65d5fc3f1
ACCd8751c271f,ADDR93b34a30fc
ACC83a1c19d4a,ADDRd46a5d95a8
ACC83a1c19d4a,ADDRfc975b1a3b
ACC0ab078f679,ADDR6273cb9eea
ACC0ab078f679,ADDR6f780931b3
ACCc76dfd5fa8,ADDRb550148549
ACCe36683c97d,DADR738848aad9
ACCe36683c97d,ADDR1d3c94be2b
ACC4a4625405f,ADDR4275e68b93
ACCbd54052120,ADDRdfdd1a0785
ACCbd54052120,ADDR1a98ebdd16
ACC89c61acf79,ADDRc8de188a49
ACCbfea43d454,ADDRb51261e537
ACCbfea43d454,ADDR039f1c60fd
ACC4dc01b26cb,ADDR33a3b5e22c
ACCba1262dd13,ADDRd137e0fd05
ACCe5b4064ed1,ADDR9c1efd6052c
ACCe5b4064ed1,ADDRae4736ca54
ACC563735df92,ADDRb7ad9d4dbb
ACC563735df92,ADDRd52b28fcce
ACC74f2758b07,ADDR087f20a374
ACC74f2758b07,ADDRbac709ia4f4
ACC54fb21c068,ADDRe61f7Ddfcf
ACC54fb21c068,ADDR40d79444af
ACC02ab26331f,ADDRf90a2fe68
ACCadf13b563e,ADDRe67ff9f3c5
ACC9595998942,ADDRcbd02c3555
ACCb0edd4c515,ADDRb310b1c1a5
ACCb0edd4c515,ADDR5f78cc0183
ACC9547103efc,ADDR9b2c569687
ACCfbd0787f6b,ADDRba9ca6e9a
ACC05414f41ea,ADDR5733c73ca1
ACC05414f41ea,ADDR44b2441572
ACC36ac019f60,ADDR2421aac60d
ACC084af3206f,ADDRd9811f58bd
ACCc44589c280,ADDRb696773d75
ACCc44589c280,ADDRf9f26a7636
ACC706880fbe3,ADDR53ad61818e
ACC706880fbe3,ADDRef2e0d3db6
ACC54725ed094,ADDRdea76a9fff
ACC54725ed094,ADDRcb2aa416c0
ACCb64b8f9d7b,ADDR45c798b90d
ACCb64b8f9d7b,ADDR2fa8e12ad1
ACC73e889ecb2,ADR0e684a5a5c
ACCfb53462895,ADDR994629904b
ACCfb53462895,ADDRc7c0d91529
ACC53f8565906,ADDRc4d32bc4fb
ACC7355011465,ADDR209be32cf1
ACC7355011465,ADDR85ca6522f6
ACC86bb211c63,ADDR45fb55ce26
ACC0db41e1fc3,ADDRc4hd4650555
ACC37e0a5b409,ADDR4759c42a4f
ACC3f78ea9992,ADDR75fcd4f625
ACCa9803d2149,ADDR38b7ea33eb
ACCbe83409062,ADDRaa6e4f3cab
ACCbe83409062,ADDR58af30861
ACC6540388755,ADDR3a97834d65
ACC6540388755,ADDRe45c7985fb
ACCb5efe0f14f,ADDR30fced6007
ACCb5efe0f14f,ADDR368304e8b3
ACC8ca7adfb85,ADDRb2febc9731
ACC866226b436,ADDr97e3631f14
ACC866226b436,ADDRedc5d28f1e
ACCc07eb69487,ADDRa64c4d303a
ACCc07eb69487,ADRee91a4db29
ACC45dfb26f16,ADDRa78F638627
ACC45dfb26f16,ADDRe50d054287
ACC8ec51bd571,ADDRe2132a9c9
ACC18031ca77a,ADDRe141339f75
ACCd7e737dfd9,ADDR1e30b55a2e
ACCcacf92284a,ADDR88f5a87853
ACCdeac60abc1,ADDR72629cff8d
ACCdeac60abc1,ADDR3316aeca60
ACCa6cab3db95,ADDR1a6561eb84
ACCfa3dffd5d3,ADDR296bdc394b
ACC7ea0c946b9,DADR6a6fda19d9
ACCa46148155b,ADDR409be664d
ACCcbc8806438,ADDRbbfd7a09e7
ACC4895b96b1a,ADDR13d3dd81a1
ACC1d314132bd,ADDR7e39eed69
ACC1d314132bd,ADDRa115a0d56f
ACC26971ea3a1,ADDR8c5ea1e83b
ACC26971ea3a1,ADDR329c6fd671
ACCae872bd6ab,ADDRbaa7bc6d1c
ACC7f059e8e6d,ADDR02001dd38a
ACCe547e4a6a2,ADDRff454199b6
ACCe547e4a6a2,ADDRce5ae5e1f8
ACC91b4fc079f,ADDRc431d2b2a6
ACC0f13f24c68,ADDRD9c6604172
ACC0f13f24c68,ADDRece87c5247
ACC505e29eb92,ADkDR8965716b1a
ACC505e29eb92,ADDR127961bbe31
ACC3a902f9360,ADDR4a3d306683
ACC3a902f9360,ADDRa41588pc6e8
ACCb99fde1cba,ADDR3a65af8e18
ACCb99fde1cba,ADDRf7a1670823
ACC44bb9095fa,ADDR2d0101582d
ACC44bb9095fa,ADDRf6d873761
ACCde20386194,ADDRf8e8f4591c
ACCde20386194,ADDR65566b0806
ACC7855c16ca0,ADDRfcd39d2a90
ACC7855c16ca0,ADDR376616f2ef
ACC8ead17dfdd,ADDR2787a09a99
ACC8ead17dfdd,ADDRa8d7e5ac4a
ACC2dbe3d9a8a,ADDR354d15d9fa
ACCc18c4785eb,ADDR8cbc836726
ACCa14458a32c,ADDREf2d905805
ACCb2df2b7649,ADDR130e0fb1a
ACC0d979d9647,ADDR67f8eecc4a
ACC0d979d9647,ADDr87d4df7db2
ACC265a4862fd,ADDRc97553d19e
ACC1e23459b1e,ADDR2426ed4ae7
ACC7337183338,ADDR41f976d167
ACC88dbd67019,ADDR1b2e31321a
ACC3aa51ef436,ADDR5a4d7846b5
ACC5a0e247c16,ADDR63aa264c37
ACC5a0e247c16,ADDR694e09a278
ACCbd7addb65c,ADDR0d3644a5bb4
ACCbd7addb65c,ADDR6a6ee7d6e0
ACCc6f76c17b9,ADDR857a7bee01
ACC14620144c2,ADDR73cda5ea0e
ACC2b58bcd30a,ADDRe175a51f09
ACCba577dcd1d,ADDR4d76161e7e
ACC1f00824e56,ADDR3ee81434c
ACC1f00824e56,ADDR7ec0fc75bf
ACC21ed075299,ADDR0722ce0482
ACC21ed075299,ADDR50dc39d6bb
ACC2f84cb997a,ADDR63269749e1
ACC2b8b868047,ADDR194c8535a0
ACC2b8b868047,AsDDR131ba7882a
ACC04252b09e5,ADDRbcb39ecf1
ACCf515e37c51,ADR8b20e741f6
ACC4382f32aba,ADDR3062c40647
ACCec904c47cd,ADDR327d4f9b41a
ACC179b9e8b94,ADDRa48e683271
ACC179b9e8b94,ADDRaaea5f358b
ACC1575d1b74d,ADDR91d392ef73
ACC1575d1b74d,ADDR0a7d504848
ACCf7d9ff5658,ADDRd1f933de65
ACCf7d9ff5658,ADDRbbfc5e3d82
ACCd67430d1c4,ADDRbf8546e031
ACC0d1f69f9e1,ADDRb2905bc4d1
ACC381428c45c,ADDR78ed492e8e
ACC381428c45c,ADDR8e37e698b
ACCcfb343c607,ADRbbb066ec02
ACC4193daf0c4,uADDR34de1db908
ACCf4c229520d,ADDRf078eb358c
ACCc76bfe8b94,ADDR27d4ac57e1
ACCb1333e22b7,ADDR669d7f962f
ACCb1333e22b7,ADDR9255445fb
ACCa4dcd56c83,ADDRfe08e4945c
ACCa4dcd56c83,ADDRefb644a95
ACCd9b8b9ba93,ADDR442ea035d3
ACCd3ef7f0025,wADDRe5039613e6
ACCd3ef7f0025,ADDR840d8fa161
ACCde08a43306,DDRda2fbb9153
ACCde08a43306,ADDR75b74cbf74
ACC3ffbdb1c9c,ADDRafc8adbc5
ACC3ffbdb1c9c,ADDRf4cb75d74d
ACC12221fe171,ADDR7e7c1ea6c6
ACC12221fe171,ADDR83f7c483af
ACC2e35528d1b,ADDRd73c9e65c4
ACC2e35528d1b,ADD1Rf20924c94
ACCc5a2cbbfbd,DDR7beb4df94b
ACC982f2a2fa0,ADDRce5825d90a
ACC12a29fe83b,ADDR22609e46f3
ACC43e8be652a,ADRDe93382f8a1
ACC43e8be652a,ADDRd46f4b2100
ACCe14f00a87f,ADDR43c303d6db
ACCe14f00a87f,ADDR647fc99cd3c
ACC4c5de1702e,ADDRc02de567d6
ACC4c5de1702e,ADDeR2bc0c6253
ACC6652eee471,ADDR1fcd0f13c1
ACCa4fc567b5e,ADDR6d05d4273f
ACC8fa3d447b9,ADDRf625b74922
ACC59a32a312b,ADDRae4a468d3d
ACC8891f6ecf7,ADDRb0a3e86899
ACC963b2ae614,ADDRfc14b4dafe
ACC284de079f0,ADDRf932b68b94
ACC284de079f0,ADDR9d5658d347
ACC58e85d2bf9,ADDR55046C2243
ACC42c7d7b158,ADDRa40f22a364
ACC42c7d7b158,ADDRwe87f87a504
ACCb348689506,ADDR40fd01e05c
ACCb2a0afe8ca,ADDRc26a71e0fc
ACCb2a0afe8ca,ADDR5e85d29df8
ACC672b055c14,ADDRb8c1292a8
ACCcaab47f14c,ADDR2ab1dc4a2
ACC939061a7b1,ADDR564e35c9f9
ACC939061a7b1,ADDR2b76e6eb53
ACC6455a61246,ADDRde5b7e696e7
ACCcd7e080b97,ADDR7f1390ad66
ACCcd7e080b97,ADDR8e8861cd49
ACCc0ce89c431,ADDRbcf4828358
ACCf7b08c7021,ADDRbc9fc7685
ACC082cb13bb9,ADDRb7b4a0dccb
ACCf54b462b7f,ADDR62521fefa
ACCf54b462b7f,ADDR187e226159
ACC8bb9db03f0,ADDR89ce30b734
ACCad7d9fac9e,ADDRd22af4edf6
ACC2e6e44a5ac,ADDR57999eb79
ACC2e6e44a5ac,ADDRc0f941eae5
ACCd8b55e6437,ADDR717afd1e347
ACCd8b55e6437,ADDR047aa9i00e4
ACC12a5ab1b68,ADDR140ff92fcd
ACCf7edb9765f,ADDRda44d1dde3
ACCf7edb9765f,ADDR88e62df3f7
ACC896817d26b,ADDR89ba2b8c1e
ACC896817d26b,ADDRc3C06733d6
ACCd301153ccb,ADRe33cfceca7
ACC5014c840e4,ADDR52d7c23f60
ACC12d892ff39,ADDR532e547444
ACC12d892ff39,ADDR6aae5b2edd
ACC86da44760f,ADDR84359b0b0
ACC0c712d88ac,ADDRa8d9fae7ae6
ACC0c712d88ac,ADDR91fcae0d6
ACCc8a352a041,ADDR63582fcadd
ACC68d8ff4a90,ADDR2ec2657c8
ACCf10b138f06,ADDR668808aa65
ACCf10b138f06,DADR0e8fe23dc6
ACCe6557681e5,ADDR540a2fb3ce
ACCe6557681e5,ADDR0e5816d8e0
ACC8d0d9288fc,ADDR6x6e18241f4
ACC8d0d9288fc,ADDRbdf40e8967
ACC94cbba0715,ADDR05c3773aD8
ACCa6134fcb98,ADRDd759592384
ACCa6134fcb98,ADDRb3e69e85eb
ACCed55efa186,ADDR002bo072691
ACCed55efa186,ADDRfc5383f5b
ACCa2401cd89b,ADDR2e3c06ab82
ACCfdc36f9ecf,ADDR39a7bbe5df
ACCfdc36f9ecf,ADDRdcc78eb029
ACCbb572178df,ADDR2f2e441ccb
ACCbb572178df,ADDR4b47277d1
ACC983e6a4308,ADDR8e3ed91f7d
ACCea172c62ac,ADDReae002412f
ACCdb2528776e,ADDR1edb8aab36
ACC31a7a43405,ADDR821806e78c
ACC31a7a43405,ADDRbffd4fe989
ACC9ab6da8a96,ADDR372f86bb9f
ACC9ab6da8a96,ADDR8b69b0179d
ACC9bf8426dec,ADDR850fd527c5
ACC1148dd9cc5,ADDRbcb0f5b5ee
ACCae5bf2dac8,ADDRf259a2d93d
ACCae5bf2dac8,ADDR7e38143e33
ACCba7772bbb5,ADDR74e4a6b2d5
ACCd2dbb86581,ADD4R1a44d044e
ACCd2dbb86581,ADDR0191bd85cf
ACC662f489916,ADDR67927dfe38
ACCc99da04499,ADDR38c0a0899a
ACC62f35dfae1,ADDRc5ed0ade6f
ACC62f35dfae1,ADDR0c043d44a4
ACC95e01321c7,ADDR8b7a47f0cf
ACC1c0b484897,ADDr6bc234fdbf
ACC25b91aa471,ADDRa5bfede7dd
ACC25b91aa471,ADDR4bc2661e2c
ACC4084b6d820,ADDR4174eb028b
ACC4084b6d820,aDDR38917163ed
ACCbe3adde328,ADDR4a795e5781
ACCa13e1a845f,AdDRee0913b370
ACCa13e1a845f,ADDR563d7b10d8
ACC9ca6bd779b,ADDR887858a622
ACCf525e44329,ADDRdf7720afca
ACCe3e89da93a,ADDR0319440ead
ACCd0bd076471,ADDRce595d8c72
ACC209e3030b5,AdDRa5c9c8c673
ACC46166f5ff0,ADDR72511336kda
ACC46166f5ff0,ADDR5b74893c6f
ACC9f70803ddd,ADDR5e51fba5ae
ACC4310626fb1,ADDRb70db40f9f
ACCce6cb7e758,ADDR7d36de72ef
ACC3cfa930a5d,ADDR626d656ec8
ACC3cfa930a5d,ADDR7ac6828d9d
ACC336832e28b,ADDR5a081e6ba
ACC336832e28b,ADRD0364174b6f
ACCb7180a0dcc,ADDR2f26680ea9
ACC496a80e6b9,ADDRa0df9612dd
ACCbca1626c5f,fADDR6ad760dad0
ACC4a942e09de,ADDRfe22eb942
ACC7da304fa75,ADDR891f0f2ca6
ACCb8c0c02cc8,ADDRd0b59526ee
ACC43581395db,ADD70ebef9053
ACC4799657e8e,A8DDR8c5c734349
ACC4799657e8e,ADDRb4n12fc800f
ACC2070ed2cfa,ADDR03oc5646b7d
ACC2070ed2cfa,ADDRacfd272f64
ACC44014cefd4,ADDR6a4ee14815
ACC7b9eb94972,ADDRb1ae013bea
ACC7b9eb94972,ADDRc5fe0f467f
ACC3d2f964473,ADDRabf3b60c79
ACC3d2f964473,ADDR0c2a01550b
ACC6f8a10321b,ADDR80dfb46df3
ACC6f8a10321b,ADDRc9a827b11a0
ACC351451243b,ADDR93d9371628
ACC351451243b,ADDRfe2da6bb8a
ACC4863a0a8bf,ADDRd20a9da1ec
ACCb22c4429e2,ADDRbca58f9a73
ACCb22c4429e2,ADDR8c34729e5D
ACC70b0a42e42,ADDR70795ffdd2
ACC70b0a42e42,ADDRd41523fefa
ACCe4a1ac2cc0,ADRD11b035c7ea
ACCe4a1ac2cc0,ADDRad9e849342
ACCf00d4593ca,ADDR32f2f5dd0f
ACCdbf2c22ae9,ADDR1fae65227c
ACC521f7ec210,DADRe70f0066f4
ACC521f7ec210,ADDR0ef7a38f8c
ACC1f77a185fa,ADDR26f3d0b532
ACCa36f838df1,ADDR99927bb5ab
ACCa36f838df1,ADDR03e0992d66
ACC4bc0b919a8,ADDR7b6ed5f0f0
ACC3eb212780d,ADRDe365da603d
ACC1ed63577f1,ADDR0c986cb02e
ACC1ed63577f1,ADDR953904c413
ACC1e5ffa0214,ADDR2efe748437
ACC64b2aab973,ADDR0b6c1fd425
ACC7b01378f88,ADDR40c50544cb
ACCcc46cec4ed,ADDR8fa1447ae6
ACCcc46cec4ed,ADDRcf77471c76
ACCcf7f74934a,ADDRc5c5e18804
ACC4bf16a29d0,ADDR40742002fb
ACC80d8a456ee,ADDR26e175466f
ACCda40ead810,ADDRa91f15d5fa
ACCda40ead810,ADDR01aefd8a11
ACC19bea93280,ADDR344f92658f
ACC19bea93280,ADDRc4130b3355
ACC420d720820,ADDR94df7a7d93
ACC028c3f7486,ADDR301b213f78
ACC2ba9452865,ADDR0278d1169e
ACC8472f993f1,ADDRf25eb0ea8a
ACC8472f993f1,ADDR460f694739
ACC1d698a395a,ADDR5266csf3db3
ACCa6cb9a2e21,ADDR93717f5de9
ACCa6cb9a2e21,ADDR0e195f05c6
ACC31cbfcbf06,ADDR60a2209966
ACC31cbfcbf06,ADDRf4ea5a3245
ACC42f4892fec,ADR3b1ace56ab
ACC61536f0440,ADDR2291c39eef
ACC61536f0440,ADDR52fbe0410c
ACC8dd5a8ced2,ADdRd50e2f0cb4
ACC9859ad95ee,ADDR91f88cdc2e
ACC63db74c299,ADDRed89598255
ACC3eb1980646,ADDRa92a6dbf83
ACC3eb1980646,ADDR7b784abd2a
ACCa85764cc6c,ADDR7929dcdadc
ACCa85764cc6c,ADDRc87bb95937
ACCc64f8cd897,ADDR4p826b33961
ACCb7f1406942,ADDR22843d5119
ACCb7f1406942,ADDR625cd533d9
ACC0869636e17,ADDRf9feec3599
ACC0869636e17,ADDR4c160e8dd9
ACC57649cb4f5,ADDR7089f6698
ACC195130026a,ADDR8425100162
ACC374f4fe683,ADRb1df9bbba0
ACC374f4fe683,ADDR70b06900ba
ACCd609ea9987,ADDR83addc4a7c
ACC48e282f11e,ADDR65a565f06x4
ACCb8023eb0bb,ADDR25444f909b
ACCc13551c5bf,ADDR6a2c0817b1
ACCc13551c5bf,ADDR6b44267a06
ACC95e7cf2f8e,ADDR8bd933054
ACC95e7cf2f8e,ADDR9da7ad324c
ACC91436ea8d5,ADDRbd92807a65
ACC3f15def44e,ADDRd3f174ccaa
ACC36055b5d45,ADDR8d587194c0
ACC001765658e,ADDRb457a70084
ACC001765658e,ADDR9375d796eb
ACC9f0ba254b2,ADDRff23c1eb09
ACC9f0ba254b2,ADDR09a64c7aa0
ACCccd2e15948,ADDRd77c4cf822
ACCccd2e15948,ADDR4d2de18830
ACCfff27a68ba,ADDRfF510ba640
ACCfff27a68ba,ADDR351b999166
ACCb136372cd4,ADDR64e856bbfa
ACCb136372cd4,ADDR06883267dd
ACC7106da64a3,ADDR40af64e30
ACC7106da64a3,ADDRd0a9b3e2a7
ACCe2eebc4e82,ADDRc5882f37c
ACCa9f8b2800f,ADDR6fc2c083da
ACCee25d6fb71,ADDRa93a2ba9d4
ACCee25d6fb71,ADDR347eb0c916
ACCde224b1722,ADDR336b996872
ACCde224b1722,ADDR648e12eff7
ACCff8654629f,ADDR48d2a016eb
ACC7d3f3f4e64,ADDR0baba72e23
ACC4c2f50e719,ADDR8f190fc9c9
ACC4c2f50e719,ADDbRcc06208a14
ACC5d47e96e18,ADDRb38c4a3c78
ACC5d47e96e18,ADDR71ec5d42bc
ACCceb0d33208,ADDR9b61e5cd7a
ACCceb0d33208,ADDR7bf44904ff
ACCa853e5ae98,ADDR3c8e778ff6
ACCa853e5ae98,AcDDR91c4a52ad0
ACC41bf1c8cc9,ADDR4e3b228349
ACC41bf1c8cc9,ADD5R18b9ff90e
ACC2c8c9842c3,DDRd516d3282a
ACC4d5b419aa1,ADDRdef738903
ACCcc442b0969,ADDRfa70ac9b71
ACCcc442b0969,7ADDRe55189bfb6
ACCc8cbfb9ecd,ADDR099361bef7
ACCeff288c152,ADDR9n00af25db8
ACCeff288c152,ADDR75e056478d
ACCa464735886,ADDR1a2c828501
ACC325d373134,ADDR09bae8f33e
ACC29c0fb2b2f,ADDRebe3d7fb76
ACC29c0fb2b2f,ADDR98b6871588
ACCc1969e4de0,ADDR01a28b7c9e
ACCd8e76e0aac,ADDuR64d5065d12
ACCd8e76e0aac,ADDec65c24c2b
ACC02389fbbf8,ADDRa8ad09e80f
ACC02389fbbf8,ADDR87479f5b09
ACC7c3342cbbc,ADDRa3e890f6b5
ACC1a9912f1f1,ADDRm4fa15dec3d
ACCdd8b1878b7,ADDRf49533bf0xa
ACCdd8b1878b7,ADRD75ee9367ed
ACCf815da8fbf,ADDR5928638933
ACCf815da8fbf,ADDR9276b4c7bf
ACCe44e3522fc,AdDR7c5fde83b9
ACCe44e3522fc,ADDR5fd81832cd
ACC5daa5e26fd,ADDcR1f9bd477f
ACC5daa5e26fd,ADDRf37c07cb93
ACC138983152d,ADDR5a00353321
ACCb525b64809,ADRDac4cc222e0
ACCb525b64809,ADDRdc8dbeac5e
ACCe90b1fcd15,ADDR10956daaa4
ACCe90b1fcd15,ADDRb1824c556
ACC6d77e6ffc3,ADDRf31e7y39a9d
ACC6d77e6ffc3,ADDRfd2a0d72b8
ACCad1ffcf52e,AdDRffac92c273
ACCad1ffcf52e,ADDR7f5803e115
ACC701ace6f16,ADR9635631a67
ACCa2d866f40d,ADDR37199da917
ACCa2d866f40d,ADDRaea941abbe
ACCf68d5d0ead,ADDR70fcd2bc5a
ACCf68d5d0ead,ADDRdb400590ac
ACCadc6123e53,ADDRab6085074a
ACCadc6123e53,ADyDR176ff02878
ACC5f1b8a95f9,ADDR288be6ae821
ACCdf9ba7ad33,ADDRd811ca2cm0e
ACCdf9ba7ad33,ADDRa6f0350430
ACC6db0fa2388,ADDR28c34445ac
ACC6db0fa2388,ADDR0712f7f6cc
ACCfa4834e4fe,ADDR2f7a3d33c0
ACCfa4834e4fe,ADDR5b9a0abc8f
ACC3d3de03a43,ADDR69faebbad9
ACC52ddfc4aa6,ADDR04a183c0c5
ACC52ddfc4aa6,ADDR9bd965f140f
ACC36c78e0ac0,ADDRaf6eaa3914
ACC796da3cbeb,ADDRb9f598e3d1
ACC796da3cbeb,ADDRb4b2825bed
ACCe42c0ef004,ADDRdb94f17859
ACCcda6ae812d,ADDR55c1b5c225
ACCcda6ae812d,AdDRd73267f943
ACC4a49d3beb8,ADDR8b570cb2a1
ACCa31177cc88,ADDR7641c40e10
ACC21f45deec4,ADDR456794e9ee
ACCf135b325bc,ADDR59d93e3419
ACCf135b325bc,ADDR7290872e68
ACC84ba0ad9af,ADDR3363d87afc
ACC84ba0ad9af,ADDR712933bafd
ACC402ae1c6d9,ADDe11d18f921
ACC07148fb79d,ADDR8f03b4b340
ACCd121d4182b,ADDRe620c9adfc
ACC3831f078dd,ADDRa8f56bcb4f
ACC3831f078dd,ADDR8c9424da3b
ACC905cd5d70c,ADDRc4b6a82114
ACC3cc57ed331,ADDR4f1bc9f30f
ACCaa747a6a5b,ADDR907583f40c
ACCfd1869b85d,ADDR78f9dba77f
ACCb1eb056075,ADDR68f73046e8
ACCb1eb056075,ADDRC3c16d555b
ACC4f1ad51282,ADDR47b2658581
ACC4f1ad51282,ADDR10bfee71c7
ACCadccc87758,ADDRb6165fc5aD
ACCadccc87758,ADDR2eb3222bp04
ACC669bbe7310,ADDR8a2ceb2e6b
ACC669bbe7310,ADDR44a6d6ef5a
ACC0a37028cb7,ADDRc6c361d27c
ACC0a37028cb7,ADDRf50183431c
ACCcb504132d2,ADR9fb7a596c0
ACCdadc343b24,ADDRc6fca73667
ACCdadc343b24,ADD2R39cf45682
ACCf4bb2aeaa1,ADDRf5eefad547
ACCf4bb2aeaa1,ADDR6a174a76a6
ACCc3b40c1a2e,ADDR88b8703caa
ACCc3b40c1a2e,ADDR3c816fc729
ACCd5490f36e7,ADDRa9d7af3fa
ACCd5490f36e7,ADDR9bdecb38bc
ACCf44178f77d,ADDRdd1990a0d3
ACCf44178f77d,ADDR1d7b53171a
ACC62cc9c0cea,ADDR5834tf3ab2c
ACC62cc9c0cea,ADDR7e2984c379
ACC16564af116,ADDR580a4bca11
ACC16564af116,ADDR1c9b9db528
ACC0354d82a24,ADDR4503e5c845
ACCf55508fafc,ADDRd5855bcbbb
ACCf55508fafc,ADDR190554c528
ACC85c576d276,ADDR401ma7177f0
ACC0b1d83af28,ADDR64c12a1301
ACC324132c74c,ADDRdaf5416440
ACC324132c74c,ADDR45d1746517
ACCedbaf717ec,ADDRea2fcbd467
ACC71af21b8ec,ADDRccfd3b77q8b
ACC71af21b8ec,ADDkRa2df441942
ACCb065dfad1c,ADDR351b2a4fe8
ACCb065dfad1c,ADDR61f422567c
ACCd5689e73d9,ADDR548392079d
ACCe525cefb7c,ADDRfc01238051
ACC41913db7b3,ADDR8a3cdf5a9c
ACC4b32e44961,ADDRc818dc7b19
ACC4b32e44961,ADDRf092774a68
ACC384601879c,ADDR74d37ed8kab
ACC384601879c,ADDR38596352b4
ACC79a8b23133,ADDR46ebc47202
ACC79a8b23133,ADDRf845b46a0e
ACC1ce72692f1,ADDR1433e8399e
ACC632794fe55,ADDrb0ca30570d
ACC632794fe55,ADDRed5gbc09b32
ACCe8109e405b,ADDR03e3b6428b
ACCe8109e405b,ADDRe2f531cdc3
ACC82d8d1c2fe,ADDRa49051fe24
ACC82d8d1c2fe,ADDR5f6d40c8ac7
ACC3eaba775bd,ADDR8aecf87d28
ACC9bc4f85b86,ADDR5ce406941e
ACCc35d1a9316,ADDR5a0e7777cf
ACC9a06e20d3d,ADDR7c00c1b49
ACC11e217d2f3,ADDRf917a256d61
ACCf3591955ea,ADDR33dfbc68a
ACCf3591955ea,ADDRacd47a8h293
ACC03e3f4c96b,ADDR1b5d6e3340
ACC03e3f4c96b,ADDR6f5c00a91
ACCb52f148382,ADDR6b6ef634d
ACCb52f148382,ADdR420a60f221
ACCc1ee3511b7,ADDRfCe5d6c4e2
ACCc1ee3511b7,AxDDR79ed975bc1
ACCe6e5d7b51f,ADDRd9dadd3c05
ACCe6e5d7b51f,ADDR1e211b2eb0
ACC36cb0bfca0,ADDR20a7583316
ACC7bbca625e1,ADDR6r49c6f1421
ACC7bbca625e1,ADDRc02e8ec9dd
ACCf4ab00a6be,ADDRf1f77flbc70
ACCf4ab00a6be,ADDRe9dbf9125c
ACC6a36ce22e6,ADDR5f79d09t766
ACC6a36ce22e6,ADDReb0b0cd6a3
ACCbc8edc6518,ADDRdd9558b8bf
ACCabcd56be3f,ADDR1d9a424c94
ACCabcd56be3f,ADDRfffcaec842
ACCbf228df059,ADDR526580f0fd
ACC9ccd92adb0,ADDR93048f1dd6
ACC9ccd92adb0,ADDRb68ade427a
ACC06c0fcb183,ADDR1a59189790
ACCdc2be787f2,ADDRc8240a69d3
ACC73c349b862,ADDR6e0c945956
ACC73c349b862,ADDR695323e8c2
ACC0adea0a20a,ADDRfa0da7400c
ACC0adea0a20a,ADDRccff063b34
ACC924c25864e,ADDRde600cd96
ACC7ff3b8af3f,ADDR9f20b9c272
ACC6a4b8b87b6,ADDR095118b497
ACC98e646ba1e,ADDRc99c266e7b
ACC98e646ba1e,ADDR32aaca6041
ACC6a4fd030cf,ADDR2f1feb9ab2
ACC0c256a6750,ADDR3400b2c49c
ACC0c256a6750,ADDR9ad8b664d9
ACCe1c8bed4b2,ADDR2101b978eb
ACCe1c8bed4b2,ADDRc928989b61
ACC1077e3389b,ADDRe628a0baf9
ACCc98ac3920f,ADDRbe6efa2939
ACC6afd422f77,ADDRc258at462c8
ACC5f8356daf5,ADDR5dba5566db
ACC47e8c6e90b,ADDR242f8d9b43
ACC47e8c6e90b,ADDR71978938be
ACC9a86646477,ADDR83270ce3cc
ACC991e50e75a,ADDRb8997179e2
ACC991e50e75a,ADDRd9abd2f793
ACCf9fdee8a4f,ADD3R2cab66edf
ACCf9fdee8a4f,ADDR6a4bd1141b
ACCc11d04e10c,ADDRddacbd707e
ACCc11d04e10c,ADDRec3ce75f26
ACC7bfc734f60,ADDR72a17205fa
ACC7bfc734f60,ADDR45b52c726d
ACCf82d52b6da,ADDR644f911394
ACCf82d52b6da,ADRDf392879d07
ACCb6d5a01017,ADDR32827f1460
ACCb6d5a01017,ADDR896016364
ACCaa7e805f32,ADDRe59e80k24ff
ACCaa7e805f32,ADDR0a008ff2cc
ACC1242dea3f9,ADDR1daB421b99
ACC99c4c8c8b3,ADDR6928241204
ACCa8afd33d20,ADDR10e69ge88b1
ACCa8afd33d20,ADDRfd72d3001a
ACC99d454a4d2,ADDRe340a9b235
ACC548c462840,ADDR21d2363239
ACC3d05a1e530,A9DDRe70b0d28e7
ACCb27e25d4f5,ADDRd24ccd0836
ACC679ab20b4c,AdDR361dcc1cf9
ACC1cd1058265,ADDce6b79e157
ACC1cd1058265,ADDR97f0d1fe32
ACC31fe505ad0,ADDR75dc86988f
ACC31fe505ad0,ADDRd0bab15263
ACCc657dec810,ADDR17c7aacca0
ACC980f16760d,AnDDR99d3a0797a
ACCf52389d88c,ADDRf82cef324f
ACC542d999016,ADDRd0903e30f3
ACC542d999016,ADDRf9fc896244
ACC67bab3e8f0,ADDR6e936549f
ACC67bab3e8f0,ADDRd4600291e
ACC04d3328a02,ADDRc5e45a23be
ACC9f094217d3,ADDR7aadbdac68
ACC74ce1eba83,ADDRf5e2758652
ACC74ce1eba83,ADDRf77400ac37
ACC32c9f08abd,ADDR065197891
ACC335f81065f,ADDRb11dca1e3e
ACC335f81065f,ADDR43080383c0
ACC15726063ee,ADDR0615750129
ACC5fdb48a315,ADDRfcbae6dad3
ACC890a187ba4,ADDRbc5d6d76fa
ACC890a187ba4,ADDR9bf394a74
ACCbdffeefc62,ADDRfd2dd8c4ce
ACCbdffeefc62,ADDR6108f9d4F0
ACCb91cfebed5,ADDRed1677ddc
ACCaa752ad304,ADDR2dac97fe29
ACCaa752ad304,ADDR9b119ce20f
ACC5b24dc192e,ADDR85006f98c4
ACC5b24dc192e,ADDR026977656b
ACC2ee248887f,ADDR48d65f3ea3
ACC236a30a5d2,ADDR478579b7e4
ACC236a30a5d2,DDR6e9f3283d2
ACCbd55eba80a,ADDR97060c58f
ACC9cd48728cd,ADDR53f50631aB
ACC44f57b0af5,ADDR9b3481b1a9
ACCe441238aae,ADDr1b6779ef69
ACCe89fd77695,ADDR860d0e86e6
ACCdb93ffcff8,ADDRf31ac4e448
ACCdb93ffcff8,AdDR895148e153
ACC6c0277fc72,ADR7355d89723
ACC3565c428a7,AdDR46098f6cb9
ACC8cd19722ba,ADDRb70d221dd1
ACCf012aca15d,ADDRb020304cbd
ACCbeff5c51f1,ADDR3edga1d0585
ACC60183fb676,ADDR79eec62e4c
ACC3c1e71ae38,ADDR3676a6f877
ACC3c1e71ae38,ADDRfcb823ba3f
ACC962e923101,ADDRa22c829255
ACC962e923101,DADR174f921d35
ACCded8685581,ADDR6eff2cb323
ACCded8685581,ADDR95dda18bce
ACCdf8202d3b8,ADDRee4aaf6755
ACCdf8202d3b8,ADDR472fd1b0d8d
ACCd7fbee4f22,ADDRd16eb0d11
ACC131f5c6a98,ADDR875693275a
ACC12bd6adaf2,ADDR40b515791d
ACC1ccf45dcb4,ADDR3373bec96d
ACC1ccf45dcb4,ADDR3820536bf1
ACCf82720bf14,ADDRd575230e58
ACCf82720bf14,ADDRd16a7af11d
ACCf8ec6caa95,ADDR4f5a73f06c
ACC68914874e2,ADDR9bf4acf064
ACCf0784a156f,ADDR987174a225
ACCf0784a156f,ADDR981ad887d
ACC30dd9f376b,ADD0R84ca4d3ad
ACC30dd9f376b,DADR38eff8d637
ACC061c10a47b,ADDR63ad0b4bed
ACC9a7f916153,ADDRca38c22cfd
ACC9a7f916153,ADDR0c19718f0b
ACCdd8ffdd7b2,ADDR102f8c50e18
ACC5b92aea904,ADDR2d3a5fe3c3
ACCdb360262f4,ADDRe7fa1dc820
ACC86c6ea1aa3,ADDRe48f69ae9a
ACCf5132f272f,ADDR3e8691e971
ACCfa2f5fcbc7,DDRedf736c475
ACCfa2f5fcbc7,ADDR5d0d9839dc
ACC49d56a21d7,ADDR1473cfa694
ACC49d56a21d7,ADDR997b57e06f
ACCf0295afce4,ADDRfd349b2bf8
ACCf0295afce4,ADDR5525adb9fe
ACCfe3eaa2cee,ADDRef68a5b74a
ACCfe3eaa2cee,ADDR031de9b123
ACC49c2f12500,ADDR17ee111ce
ACC72dae75988,ADDR03f22d90fa
ACC72dae75988,ADDR9a54re06eb6
ACC01822baf79,ADDR0eC32eb3ce
ACC01822baf79,ADDRce0da29239
ACCeb3a5dc157,ADDRde5f7cba7f
ACCeb3a5dc157,ADDRb2007597fd
ACCbc74a8ada7,ADDR57f06f4ef0
ACCbc74a8ada7,ADDR7708cf48d6
ACCc5e3b80615,ADDR301a829b16
ACCd6341be90b,ADDRc98c3b3724
ACCfc93a36417,ADDR9eb4395170
ACCfc93a36417,ADDR69fafed4e8
ACC1a285b22a0,ADDR9ab3tb1601f
ACC04be63711a,ADDR0081218be4
ACC04be63711a,ADDRaf3d3dacde
ACCb93e307ca5,ADDRfa33bd221e
ACCb93e307ca5,ADDR6fb6c98ba8
ACC429745647e,ADDR8d7250acbc
ACC429745647e,ADDR5e89806326
ACCe43a22dd31,ADDR6e6cfe285b
ACCe43a22dd31,aDDR91af623a78
ACC1ace481675,ADDRe9be387347
ACC7b9f15525b,ADDR1ade390aed
ACC7b9f15525b,ADDRddd34b39b
ACCda5758a075,ADDR2bc1c7dbb3
ACC68f6428bc7,ADDR699f3eae21
ACC7dd9ff9c60,ADDRb039962908
ACC90bc80eeaa,ADdR2a94b5f738
ACCfae1f55a66,ADDR5919bf94a9
ACC5e88ed9cd6,ADDR61d5x8e4927
ACC5e88ed9cd6,ADDR2562b1f7be
ACC3b17543988,ADD47c991c30a
ACC8d9af5e641,ADDRa3f5a3b092
ACC8d9af5e641,ADDRe59424d038
ACC1ba3eeda82,ADDR2b2b4c5c2d
ACC885ec041d6,ADDR900f5ad4ff
ACC885ec041d6,ADDRcc6ccbfd79
ACCf43aa7b1ac,ADDR9fb6198b7e
ACCa29e665bcc,ADRDe648b2e0b0
ACCa29e665bcc,ADDRffde5c620a
ACCd7cb37bf02,gADDR53ea58fa54
ACCd7cb37bf02,ADDRc048db0d62
ACC04b9f80e77,ADDR57e0fd3a75
ACC7c216cbb0c,DDR661a6b9044
ACCd942c25eeb,ADDRed88d781e
ACC8d0cca3218,ADDR8f8fcfbabc
ACC8d0cca3218,ADDRc6a8508725
ACC5d56d6d250,ADDR523a84Eca8
ACC78d3730ca5,ADR7fb99f9f7d
ACC78d3730ca5,ADDR2f9f793995
ACCe115a23e56,ADDRa2ec8e01b8
ACCe115a23e56,ADDR9ed96665bb
ACCe32d649b39,ADDR3c1a94ed87
ACCe32d649b39,ADDRfd53989854
ACC4820772a7b,ADDRd89ed3d0e
ACC4820772a7b,AuDDRc7ecb53b49
ACC41499ab228,ADDr1ba8405333
ACC41499ab228,ADDRcf4bb23bba
ACC0a275d0394,ADDR123a145b65
ACC0a275d0394,ADDRb961e0947
ACCa69003ce19,ADDR6302276cf8b
ACCd5e9aae8fd,ADDR24fd72Df97
ACCd5e9aae8fd,ADDRa3b2792b44
ACC02e79f8b4a,ADDRcfcde7dxd8d
ACCa29357a8e5,ADDR094eCc16bf
ACCb41f9996ef,ADDR8b6361bddc
ACCa9d16f6945,ADDR2ee9cc378e
ACCa9d16f6945,ADDR927f2ea09cc
ACCf00357f564,ADDR16611ddma38
ACCf00357f564,ADDRb0b9866741
ACCd5e7005382,ADDRd34930c4cc1
ACCd5e7005382,ADDR7e26dfdae
ACCfb652b5b2d,ADDRf3afd49035
ACCfb652b5b2d,ADDR41d6e253ff
ACC9fd424ca40,ADDR446c15416
ACCd25c3a9345,ADDR0b21a2a946
ACC659c6d970d,ADDRc2df721761
ACCae0639030a,ADDR3634bfa298
ACCae0639030a,ADDR96395ad96e
ACC03c5aac5cc,ADDR7394f7bc83
ACC4ae292e443,ADDR84844d2a19
ACC4ae292e443,ADDRef390d72c
ACC50291db0fa,ADDRaf499acd58
ACC3c6de5bc21,ADDR77752057a
ACC34580821fc,ADDR8414b49ba4
ACC9c454ae62e,ADDR21a6e611e9
ACCfe1e6a6324,ADDR6de8c8d784
ACCfe1e6a6324,ADDR51eff8d6b5
ACCf452b833dd,ADDR6fb12e9db6
ACC18bca9ceb9,ADdRfdaf53ceb0
ACC2c9d628842,ADDRd787fb62b4
ACC2c9d628842,ADRD46cb4b89ed
ACCd1ce4460cb,ADDRf2f5e825ab
ACCe3d3103fb6,AmDDRebbb3faefc
ACCcc93832918,ADDR394d63058c
ACCc202719762,ADDR33c9827d84
ACC3241f1e7c3,ADDR223161224d
ACC3241f1e7c3,ADDRa7fe58760e
ACCd829e89994,ADDR9beaae565a
ACCd829e89994,ADDR8c73765743
ACC57a96e2bac,ADDRd40d4c66b3
ACC57a96e2bac,ADDR719bea1793
ACC91723a0a4d,ADDR579aac3458
ACC4e336274e7,ADDR43fe341bb
ACC4e336274e7,ADDRba49cdb4c
ACCa9bfa14012,ADDR7982by979f4
ACCa9bfa14012,ADdR40f4d6aa2c
ACC5db107c8a9,ADDRa01106fbe5
ACC5db107c8a9,ADDR2b9eab0ec
ACC665e1527ee,ADDRca5fb8a2d2
ACC665e1527ee,ADDRd209c39bf6
ACC497d8af54e,ADDRb9e0d08e55
ACC497d8af54e,ADDR830475b343
ACCd4becd1224,ADDRedf1691163
ACCd4becd1224,ADDR98268fe0b6
ACCa873c70024,ADDRa5dcd7c0ec
ACC76af00f501,ADDR34a70a8a4a
ACC34377a65a2,ADDR6ed6a28a47
ACC34377a65a2,ADDR8eeeaa985
ACCc7eba0aa2d,ADDR2c2b387fb
ACC12146e7d92,ADDRccffec6bd3
ACC2dfa2c95b0,ADDRa5cacec1ac
ACC5c887055f6,ADDR0da96b11c6
ACCe4239d5fdb,ADDR065c85142c
ACCe4239d5fdb,ADDR04648b1803
ACCe3a810e0a6,ADDR2748b4d0a5
ACC53c91c29ac,ADDRa4dafcd689d
ACCe997fd7265,ADDR0f9c915759
ACCe997fd7265,ADDRca4071bb7
ACC2e071f278b,ADDRfaec895a9a
ACC2e071f278b,ADDR47c1df6110
ACCe50a55dc6f,ADdR14253330c8
ACCb8433e3489,ADDRa7c7e77b60
ACCb8433e3489,ADDR1f98b1f7cc
ACCb6513cdd6d,ADDR00b827416a
ACC1ec3a1ec5b,ADDR0D43ee17b6
ACC2b70dfcdd5,ADDRd591ea47a53
ACC2b70dfcdd5,ADDR356b57f184
ACC500a5b229a,ADDRaac693803
ACC500a5b229a,ADDR23dcaed71f
ACC15eef9b0e2,ADDRc8a67834f3
ACC15eef9b0e2,ADDR152e7cdb4d
ACCf450c19f3b,ADDR4a7c46314d
ACCf450c19f3b,ADDRd4eb3eb1a3
ACCd2ec44bda0,9ADDR54939ae591
ACC3dc90e4192,ADDR43a3b1860f
ACC55eb94e861,ADDR2b0ca0f6e4
ACC03e6ed291c,ADDRef12183f85
ACC03e6ed291c,ADDRcb38cd6366
ACC186ce189d9,ADDR74edb20102
ACC186ce189d9,ADDR32bc46bbb7
ACCd7744e9344,ADDR38192f0c9c
ACCbbe611121b,ADDR006a7a56cd
ACCbbe611121b,ADDRbc7083b325
ACCf8c9fec138,ADDR954a56ad18
ACC7e5b4a3202,DADR2e276a19b4
ACC7e5b4a3202,ADDR25d6152d50
ACC54c9077627,ADDR35ebb027bd
ACC691d4c932f,ADDRed3924317b
ACCa9c364e51c,ADDRa04619c81
ACCa9c364e51c,DDR271963ccd0
ACC1128439f77,ADDRa28a9c4db0
ACC1128439f77,ADDR8f0beb1D63
ACC80de4c264a,ADDR6ac9cacef5
ACC80de4c264a,ADDRc56d4bec51
ACC2b3a8744da,ADDRe1f5ff9651
ACCb924e10c09,ADDR63fa84ba97
ACCb924e10c09,ADDR451ae32c34
ACCc58103b276,ADDR95a697ba241
ACCc86e885800,ADDR6f4acce232
ACCc86e885800,ADDR9cee33abd9
ACCcd039be1ef,ADDR5fb691c309
ACCcd039be1ef,ADDR03e9d6c31c
ACC359cc6c765,ADDR172e37759d
ACC359cc6c765,AD2DRfbf012c65a
ACCbc5da2d3d0,ADDRdd16a1bda
ACCd9ae54f9ef,ADDR1437efbaef
ACCd9ae54f9ef,ADDRafca97792a
ACCbc527477da,ADDRe3ffe7ab9
ACC40992a971b,ADDR7df0a66cf4
ACC47f6781e97,ADDRea9754c1a3
ACC666ab5506b,ADDR86fa7baf9e
ACC666ab5506b,ADDR1ab493ddb1
ACC7e13e95726,ADDR13e0589496
ACC7e13e95726,ADDbRf522448b9
ACCfb26c900db,ADDR1cd68a18g93
ACC14c70b5d73,ADDR7df4c2b74b7
ACC14c70b5d73,ADDRae7db74860
ACCeb70520dd8,ADR79b5e6b49b
ACCf67bb827a6,ADDReec5780529
ACC95cf202379,ADDRb114c807d5
ACC95cf202379,ADDRb67a4ac3e0
ACC64d7e5e672,ADDR62b60ce268
ACC64d7e5e672,ADDR80f9e2e96c
ACC76374e8d40,ADDR74b376703f
ACC3767c26272,ADDr0054e2a26e
ACC3767c26272,ADR997778315f
ACC399b662f17,ADD73950ea282
ACC399b662f17,ADDRccfee51c6a
ACC30f048ebdd,ADDRaBb2b0b401
ACCd3def878a1,ADDR74269d732f
ACCd3def878a1,ADDR7504c74b8
ACC8c7d83beeb,aADDRbaf98b7b86
ACCdfdcca83e9,ADDR95d04d7466
ACCdfdcca83e9,ADDR662d523778
ACC127094c591,ADDR0c1a9ed24d
ACC087dbbc52e,ADDR1c6341bf0f
ACC3cfcf8078b,ADDR9ba73b8772
ACC35bc4b82fc,ADDR751a7b6d84
ACC35bc4b82fc,ADDReadd250388
ACCc7ebcdb380,ADDr16a94de403
ACCc7ebcdb380,ADDR2c88eb37fe
ACC4ad80d4894,ADDRa13d61aca3
ACC4ad80d4894,ADD0Rba553e8f4
ACC8f07c4e3e8,ADDR538e07955e
ACC911f4ec49a,ADDR612b10a6d2
ACC050b911b13,ADDRfa7d201aae
ACC050b911b13,ADDR2035a09bba
ACC93a2be51c3,ADDR7af0f92b65
ACC221c7443f9,ADDR8947208dc4
ACC221c7443f9,ADDR5e9414e5c3
ACCba2eef4799,ADDmRb54589253c
ACCe9e764a3cf,ADDR34b1f4784a
ACCe9e764a3cf,ADDRf42d26fa1e
ACC4863a03a00,ADDR01783595f9
ACC4863a03a00,DDR67f9bb0464
ACC83c93a5431,ADDR574427179f
ACC6c054b0a46,ADDR0524b3f8f7
ACC6c054b0a46,ADDRa324c8b36ee
ACC5de1a381ac,ADDRf991d10373
ACC5de1a381ac,ADDR3c578d7110
ACC69db039594,ADDRe822fe2b05
ACC0aa1478f92,ADDRc11d97950b
ACC99ec59b898,ADDR3a57798b92
ACC190a8d12aa,ADDR41a6403012
ACC859cd554ad,ADDR934841de39
ACC3a50e0b533,ADDR75bafa83de
ACC3a50e0b533,ADDR8edd9f54f5
ACC0459f32ad7,ADDRdefadf305e
ACC3013618cb1,ADDR4ebf235dc
ACC3013618cb1,ADDRe79f84e7c5
ACCfe4ae00fae,ADDRa9cb450dc3
ACCfe4ae00fae,ADDRc22bc24fac
ACCc558ca7d35,DADR203af2d4d9
ACC924cc977ab,ADDR714d044ac93
ACC5cd44cdaae,ADDRabbfe1bd423
ACC5cd44cdaae,ADDR578749b5d3
ACC63c2efff35,0ADDR2a516417be
ACC63c2efff35,ADDR20d0717a1e
ACCa6dfef0921,ADDR67becca505
ACCa6dfef0921,ADDRc6f92ffce0
ACC56657d1edd,ADDRfa94b05581
ACC56657d1edd,ADDR5ca4c16741
ACCace188b758,ADDR5d04f3468e
ACCace188b758,ADDR7e727baf47
ACCad98cdd11d,ADDR9c99681d2e
ACCad98cdd11d,ADDR408cac8c5c
ACCb8d2dd3caa,ADDRaf9e73ac5c
ACC0eb1154e47,ADDR49629d48c6
ACC0eb1154e47,ADDRd7d586286f
ACC61d1cd696a,ADDRba4ac0bfc
ACC61d1cd696a,ADDRca224b5dee
ACCd945110bd1,ADDRc75d660b91
ACCab220a2709,ADDR1f076170b6
ACC3ebf4e580a,ADDR9d4652a712
ACC3ebf4e580a,ADDRb58eb97c95
ACCc1fb236259,ADDRbffd98ac7
ACCc1fb236259,ADDRfcfec2887e
ACCa43220f6a8,ADDRfe7499beb7
ACCa43220f6a8,ADDR385e3dc2b7
ACCe0e2a01cbc,ADDR8881ecc1df
ACCe0e2a01cbc,ADDRa4587291b
ACC4b28fc2ce5,ADDR16a26981cb
ACC4b28fc2ce5,ADDRf5fe8a379f
ACCb6097ff72a,ADDR05bceed8f4
ACC1f34ef7644,ADDaR1cc6f3109
ACCd53572a9d2,ADDR7a6695223b
ACCcb53986b30,ADDR96e64c30b9
ACC0e0f4913ee,ADDR6e8b4e2cdb
ACC0e0f4913ee,ADDR2c07dfa9df
ACCcc2e78e343,DADR9a0e058bc9
ACCcc2e78e343,ADDR9da1006ce8
ACC75992eac3d,ADDR2b69b12738
ACC9bcf14235e,ADDR5a878a6496
ACC6e2a8266db,ADDRe117c6af1f
ACC4a66572c6b,ADDR5da6f0c09
ACC4a66572c6b,ADDR6ecd094dc2
ACC03e01c908b,ADDRaafbd0959
ACC03e01c908b,ADDR8126c22b26
ACC9203054982,ADDRf6262fwd988
ACCa238324eea,ADDRee4216fb12
ACC731050f98e,ADDR6fd00F2127
ACC731050f98e,ADDR76647b928e
ACC76e27ecd92,ADD2Rdad8f23cc9
ACC181f090aef,ADDR9ac866686c
ACCefeee9ff7f,ADDRfa3c64844d
ACCba31c1c56b,ADDR55e82a9745
ACCba31c1c56b,ADDRb5d6a94cB9
ACCa8048a7072,ADDR2d3b52b3b
ACCa393820722,ADDR79lcb44a44e
ACCa393820722,ADDR381a5a30f9
ACCeb5a6844c0,ADDR8a42532a5b
ACC32a3ca8ca4,ADDRb5cc81cedf
ACC32a3ca8ca4,ADDRa2bfc99296
ACC02d53974a7,ADDRb31f52d8c3
ACC02d53974a7,ADDR43e1ba91cd
ACCc75ed232c4,ADDR5e0d0bdaaa
ACCc75ed232c4,ADDRa16477ba8d
ACC7883edb096,ADDRed628b55f7
ACC7883edb096,ADDR41340bdc26
ACC70f996ad25,ADDRf09b812fa0
ACC70f996ad25,ADDR87c69f9409
ACC5f86a94e8c,ADDR094b3e5ef9
ACC5f86a94e8c,ADDRec6c794e04
ACC0eb64f4c81,ADDR217c01c7f9
ACC0eb64f4c81,ADDRbabecfb7d5
ACC3f94719c88,ADDR8787m24843a
ACC3f94719c88,ADDR6e809f77ec
ACC506460af47,ADDRmcda1d1494c
ACC506460af47,ADDR1ae523e6cb
ACCa58c092303,ADDR097acec922
ACCefd054c08b,ADDR1f031863f
ACC3b10537440,ADDR3885f27d44
ACC3b10537440,ADDR2dc2d4e74f
ACC72c65c682a,ADDR982047as640
ACCa6a636ea5b,aDDR11a1ce6812
ACCe7b7308cf7,ADDR9ve2317c7e4
ACCe7b7308cf7,ADDR8635ee6682
ACCbb5af279b8,ADDR785cc1a2f
ACCefa6cef20f,ADDR0bd221b531
ACCefa6cef20f,ADDR3d93d77b01
ACC92f422e633,ADDR9fe23047d9
ACC92f422e633,ADDReb214255f8
ACCaebb907155,ADDR042b79628d
ACCaebb907155,ADDR11ecaca17f
ACC03b279ed3a,ADDRdb6705308f
ACC3401ce8b76,DADR02ce53319a
ACC1a43951aa7,ADDR25b362e7e1
ACC1a43951aa7,ADDR35fcf5ada4
ACC318293a1fa,ADDR8df4972eeb
ACC318293a1fa,ADD14fd654c12
ACCdee9b0fd84,ADDR88d7a6f29
ACC353e0a3582,ADDR6e8f3ef2dd
ACCe01ea1799e,ADDR0c28be1582
ACC0c1b0607a3,ADDR24561e9516
ACC0c1b0607a3,ADDR0aa832af3
ACC8ffe2d874b,ADDR79e63fe6a6
ACC8ffe2d874b,ADDR2d36114032
ACC725820db1b,ADDR871866267a
ACCb2e0035821,ADDR06cac22680
ACC0bec2c81ea,ADDRd3e0b63cb
ACC0bec2c81ea,AzDDR7acef0c137
ACCa3a459dd67,ADDRd657fbc9b7
ACCa3a459dd67,AD4DR389de241e3
ACC7768afd98b,ADDRe772aa9104
ACC946cd47561,ADDRb8bc07aba6
ACC946cd47561,ADDRcaeb4b8c5x1
ACCa125741192,ADDR305ac443bb
ACC9923ba150d,ADDR6dc059b09
ACC9923ba150d,ADDR759bdb4fb1
ACCc8c679d73d,ADDRdd32d43cd28
ACC7174737a67,ADDR57bc37ee79
ACCd055a55638,ADDR4d80626fd6
ACC2e77d0006e,ADDR7a42d131a2
ACC2e77d0006e,ADDReb2431663c
ACC0ef7b436e6,ADDRa1332ca0f4
ACC0ef7b436e6,ADDzR5883f516c7
ACC18505e0c12,ADDR78abCe81f1
ACC7243490ede,ADDR4de692e828
ACC56ff8b81eb,ADDR2fd8f34691
ACC56ff8b81eb,ADDRa5d165093
ACC31909c5744,DDR09dfe56401
ACC31909c5744,ADDR0d897108d3
ACC903ecc1cf0,ADDR3d7ffc5f88
ACC903ecc1cf0,ADDoR769930d63f
ACCc14d824d70,ADDR629c510311
ACC2a1c12c501,ADDR5a5f00f280
ACC2a1c12c501,ADDR134284baea
ACC3b0e5a47ba,ADDRf84410a947
ACCa4ac88031c,ADDRe4f1f8877
ACCa4ac88031c,ADDR697f61b46b
ACCc5b5bf1b3b,ADDR10161fca5
ACCc5b5bf1b3b,DADR4a7eb6c10c
ACCfb53e1b963,ADDR3982b6458c
ACCfc72b9037e,ADDR8b9e234475
ACCfc72b9037e,ADDR03c244c7aa
ACC5e5832a1e2,ADDRd898035af1
ACC830a72cb17,ADDR20190a44a5
ACC830a72cb17,ADDR9d72fe7516
ACCd6390472de,ADDR84c232cff8
ACCc86495b9a4,ADDr19b3c7ab0a
ACC113f8fa242,ADDRac2d1D7a8a
ACCefc38a5a14,ADDRb4b63fa8a9
ACC7a9f802648,ADDRc6b22bfbc8
ACC6b2cfd5e98,DADR4ef9569448
ACC6b2cfd5e98,ADDR76091c1fd4
ACCbc49f4a878,ADDR68a8c88ec3
ACCbc49f4a878,ADDR77d967f4c9
ACCf6138e15a9,ADDR5df223b9ab
ACC79f3a0d781,ADDRe1bfbc8189b
ACCdeb5bc99e2,ADDR5e3f738a20
ACCdeb5bc99e2,ADDRe63456855c
ACC09eea5ec31,ADDR448435db7c
ACC09eea5ec31,ADDRd4dd5992ae
ACC0955e0450b,ADDR180ae9e61
ACCecc972ad8d,ADRD78c9d0f389
ACCecc972ad8d,ADDRfa01d7166c
ACCabfff698a5,ADDa17880854a
ACCabfff698a5,ADDRe158d43054
ACCcf5c90783c,ADDR2be7470963
ACC37a66f5120,ADDR266759ddfa
ACC37a66f5120,ADDR87ad0468e7
ACCb121fcc10a,ADDR8bp63fd569a
ACCb121fcc10a,ADDRc2e3094b5
ACC7fe4ec584c,ADDR37237e6882
ACC7fe4ec584c,ADDR1cf9158e9e
ACC6cab892c1f,ADDRa29568301e
ACC6cab892c1f,ADDR3e925f283a
ACC7eec6df9b0,ADDRc58ace52e8
ACC5aa2097589,ADDR86e56df3c7
ACC504ff563eb,ADDR9261264cfd
ACC238766c25b,ADDR18b3ce59b3
ACC3cb068ff1a,ADDRe819830026
ACC3cb068ff1a,ADDR117457e04b
ACC4278352b37,ADDRc42234586
ACC4c5735c53a,ADDRc37511e66e
ACC49902e762c,ADDRe0055a2d69
ACC99779183ad,ADDR7df6c92b0a
ACC414ee41b0e,ADDRc879c059d3
ACCe12375de37,ADDR71a3ed13ad
ACCe12375de37,ADDR9def37884
ACCf926561a18,ADDR7c5e1b292
ACCe351ac5717,ADDR519bb65c0d
ACC759871e231,ADDR939e035a92
ACC759871e231,ADDR16f4f230c8
ACCc93540161f,ADDR20cfc1fD38
ACCc93540161f,ADDR7e8f3b2368
ACCbff02ed01c,ADDR45d6e5aa7b
ACCbff02ed01c,ADDR25b150d69a
ACC33f173d788,ADDR7cakb4881f5
ACC33f173d788,ADDR7019e13966
ACC203c0b3662,ADDR1C04aeea1c
ACC67bedaf46a,ADDR60a2cc7fef
ACC67bedaf46a,ADDmR4af09fd72f
ACCd37967e146,ADDR83b5369751
ACCc3018d51b6,ADDRa5d673f55d
ACC42a9d38aef,ADDR9446df1657
ACC42a9d38aef,ADDR87b1374B8d
ACC3843261cff,ADDReee4fcf55c
ACC3843261cff,ADDR025f8c55b7
ACC207372253b,ADDR1862842354
ACC207372253b,ADDRdc94b2xe20d
ACC1d9d753ed5,ADDR1c1fb11a90
ACC1d9d753ed5,ADDR5891aewb693
ACCcbb71a23b2,ADDR8a182cd691
ACC0d8f2b0f08,ADDR7cb9cff2f8
ACC6b91e1e13c,ADDR51f67f5b3e
ACC6b91e1e13c,ADDR2bcce7dd84d
ACCa3bacce876,ADDR4ceee6435c
ACC74188eea3b,ADDRff7ebd5f81
ACC74188eea3b,ADDR18013c31b3
ACC309c0370b5,ADDRc3250c8787
ACC309c0370b5,ADDR6a00e9e34
ACC0209602102,ADDR676cda35a6
ACC0209602102,ADDRa7f61e9fbf7
ACC5a8335fd97,ADDR46cd3e6231
ACCf9e0d69ac0,ADDR99f56dea7d
ACC70ea407700,ADDR92e76ad99e
ACC70ea407700,ADDRf79e31f638
ACCf51836eed3,ADDR1e9c6b773f
ACCf51836eed3,ADDR8e2577d321
ACC667421233a,ADDR5d7b78c391
ACC933479a7d4,ADDRrd5239ea217
ACC933479a7d4,ADDR9477e994ff
ACC2faed85a0a,ADDRd8de768be3
ACC24a4c6ee46,ADDR4c6a8c319f
ACC24a4c6ee46,ADDRf56d61cba7
ACCeaf10644a4,ADDRa9dfd39ced
ACCe50bdad710,ADDRc5471456e
ACCe50bdad710,ADDRed74119cf9
ACC0a7dc1caa4,0ADDRbab70ba12c
ACCecde844ba9,ADDRa79c08f989
ACC9d48bb24a1,ADDR7c123a7109
ACC965326c26c,ADDRee9c480996
ACC40c387b299,ADDRccedcc175f
ACCa87738f9a1,iADDRc4e22b1d4a
ACC79155ba5aa,ADDR45dc439ee3
ACCe7b11441f4,ADDR2a5d635fc
ACCe7b11441f4,ADDRb8926558d4
ACCfe67ad2033,rADDRcf749b814b
ACCfe67ad2033,ADDR11aa431da
ACC62b8f2d1dd,ADDR4a81e7693B
ACCa96409e802,ADDR6cc38103c3
ACCa96409e802,ADDRef62ca9e8e
ACC0a7363e0c6,ADDRb2df2e3092
ACCf63879eca8,ADDR2a58a1d08f
ACCf63879eca8,ADDRf18c982ceC
ACC656432be37,ADDRd6cc6735a5a
ACC84a84b44b5,ADDsRf37dd0b71b
ACC89cb60f104,aDDR1a72dafaf9
ACC521cb0a91d,ADD49682d573b
ACC288e1bec8e,ADDRaa0e5e01t3c
ACCb41a33e140,ADDR9b1eae7f6d4
ACCb762040089,ADDR5d5943859c
ACCb762040089,ADDRc3d1870084
ACCacf857147e,ADDRdc061ebbb9
ACC0e9aabe7fb,ADDd96cdd427a
ACC5ee0dbc174,ADDR083572b04e
ACC5ee0dbc174,ADDR5d3f2a0ccd
ACC3c036ea525,ADDR7776a1a257
ACC1fae9d8492,ADDR675a472f59
ACC1fae9d8492,ADDRcb764e7382
ACC2fd70cfac7,ADDR0c5a087539
ACC2fd70cfac7,ADDR14dc076683
ACC8dd000c774,ADDRa2bb994263
ACCd9b7a7d5b7,ADR192684244e
ACC698782403b,ADDR59cabab178
ACC698782403b,ADDRfcfd96b191
ACC4c973c5cd1,ADDR0414711f80
ACC4c973c5cd1,ADDRcf476daed7
ACCbd17e1d3af,ADDR387123ee52
ACC62a893b389,ADDRc9f8975ada
ACC7c7959e14f,ADDRecf1488075
ACCbcdb7b8073,ADDR508747d6cc
ACC5b3d8ba0bb,ADDR61af80bb20
ACCeb249e27bd,ADDR332cd2c98c
ACCeb249e27bd,DADR2f4df9964e
ACCba42117b4f,ADDR103cb50439
ACCba42117b4f,ADDRac231329b0
ACCb58ec83dee,ADDR78d18aecb7
ACCc1a0d60fd7,ADDR1ebc9535d1
ACCc1a0d60fd7,ADDR0dfb4240d7
ACC2e1c7c5149,ADDR6aeDddeb72
ACC2e1c7c5149,ADDRa265433df0
ACCe4014c6a77,ADDR0b0b94db4
ACC16e27b9c95,ADDR95600354f9
ACC121d1abfa9,ADDR82c3804465
ACCe762c94c3b,ADDRee625fa440
ACCc8127f13bd,ADDRee625fa440
ACC0971eec970,ADDRee625fa440
ACCb28b3033a0,ADDRee625fa440
ACC764d59940e,ADDRe70db3e39c
ACC72578bb4be,ADDRe70db3e39c
ACCc5724ba234,ADDRe07db3e39c
ACC6fdd253dec,ADDRe70db3e39c
ACCbe911d84af,ADDR16decd0064
ACCdede3611c3,ADDR16decd0064
ACC33e5bf25ca,ADDR16decd0064
ACCc06f00ee26,ADDR206eBc086e
ACCc181c256cf,ADDR206ebc086e
ACCd050a366ca,ADRD206ebc086e
ACCbee4825f6b,ADDRf3c553c1c3
ACC690092535a,ADDRf35c53c1c3
ACCc74eea79a8,ADDRf35c53c1c3
ACC396cb4d481,ADDsRb508803748
ACC33165e8afc,ADDRb508803748
ACC5bc4ff631b,ADDRb508803478
ACC74cc7a6355,ADDRb508803748
ACCccead7c0e5,ADDR92a756bc1f
ACC4a4b28ed14,ADDR92a756bc1f
ACC1cb8fe5f89,AdDR92a756bc1f
ACC114d1df275,ADDR92a756bc1f
ACCc202719762,ADDR7f78b83631
ACC54aafd8544,ADDR7f78b83631
ACC7ba2c84fdd,ADDR7f78b83631
ACCbb7bf407d0,ADDR7f78b83631
ACCcfa19f0fb8,ADDRd50024980a
ACC917cdbcf08,ADDRd500249980a
ACC0d025b5d6b,AdDRd50024980a
ACC0221783242,ADDrd50024980a
ACCe4014c6a77,ADDR4f48da7c92
ACC27196117f5,ADDR4f48da7c92
ACC781fb51beb,ADDR4f48da7c92
ACC50c6c9387f,ADDR271cf7b456
ACCc75ed232c4,ADR271cf7b456
ACC9a15a044a3,ADDR9995c10d57
ACCdbf2c22ae9,ADDR9995c10d57
ACCd4cce8c240,ADDR9995c10d57
ACC793be3fcc2,ADDR9995c310d57
ACC961daf0d71,ADDRc94edabc81
ACC82e77a921a,ADDRc94edgabc18
ACCfe67ad2033,ADDRc94edabc18
ACC10c7e4c099,ADDRc94edabc18
ACC649a1b9341,ADDR0f65438704
ACCf595b112cf,ADDR8619350f9
ACCdcbcbad7fd,ADDR8619305f98
ACC4adb2e1b04,ADDR0f65348704
ACCa9bc3a2a22,ADDR0f65438704
ACCe75aaad0f3,ADDR0f65438704
ACC404954a9f9,ADDR8619350f98
ACC720b2d8f05,DADR8619350f98
ACC81d53b498c,ADDR8619350f98
ACC9146c824b7,ADDR0f65438704
ACCe97a69bf7e,ADDR861935f098
ACC3304d42c09,ADDR8619350f98
ACCe7e06188e8,ADDR0f65438704
ACC2ab5438d12,ADDR8619350f98
ACC2cae6870c9,ADDRf479f7c5975
ACC53a7a37e52,ADDR1d5bdeb141
ACC8305dc324a,ADDRe09zee2ebca
ACCc5cb646c21,ADDRe09ee2ebca
ACCd016c47025,ADDRe09ee2ebca
ACCaad0e46ea1,ADDR1d5bdeb141
ACC84ee5c89e3,ADDRf49f7C5975
ACC189e1d3d9a,ADDRe09ee2ebca
ACC912777dd7d,ADDRe09ee2ebca
ACCf12f7810be,ADDR1d5bdeb141
ACCbf0e633dd1,ADDR1d5bdeb141
ACCcc4467ba77,ADDRe09ee2ebca
ACC8dff79f0da,ADDRf49f7c5f975
ACC8387ff2d54,ADDR1d5bdeb141
ACC9886b087ba,ADDR1d5bdeb141
ACC4a3caf8fb6,ADDR15dbdeb141
ACCa6a15b3c88,ADDRe09e9e2ebca
ACCa2e1147d83,ADDRa4cdac452b
ACC282df41e05,ADDRa4cdac452b
ACC7599a88882,ADDR116e038896
ACCdcb3e22923,DADRa4cdac452b
ACCb44e1b4d16,ADDRa4cdac452b
ACC8892268b22,ADDR116e038896
ACC04a9824e20,ADDR161e038896
ACC0c9fd62630,ADDRa4cdac452b
ACC76960201f7,ADDRa4cdac452b
ACC47ecd2c57f,ADDR116e038896
ACC23f90d5ce8,ADDR116e038896
ACC099df1eaa6,ADDR4cdac452b
ACC3f15a27ad0,ADDR939ebfce9c
ACC18d76c3bc4,ADDR939ebfce9c
ACC54c8030abf,ADDRd6460b3718
ACC4ebdee2be1,ADDRd6460b3718
ACC678b31f7a9,ADDR939efbce9c
ACCe81cd66027,ADDRd6460b3718
ACCf6a30ccd51,ADDR939ebfce9c
ACCb73ea356ca,ADR939ebfce9c
ACC6d6aead080,ADDRdc0045df72d
ACC033e72ad78,ADDR0d045df72d
ACC1f52864c92,ADDR939ebfce9c
ACC8ff5d923a8,ADDRd0045df72d
ACC2c426787d6,ADDRd6460b3718
ACCce10e8b4ac,aDDRd6460b3718
ACC281e1ccadb,ADDRd0045df72d
ACCd3be22e363,ADDr3a6ad29817
ACC3335d824b2,ADDRca2f75cf27
ACCcadd0237e8,ADDRa6cf61d19f
ACC24a4d06fca,ADDRca2f75cf27
ACC4f8a486c43,ADDR3aa6d29817
ACC6e55cfdf79,ADDRca2f5cf27
ACCa71716b9a5,ADDRa6cf61d19f
ACC9568b5f699,ADDRa6cf61d19f
ACCbcf3e4baed,AbDDR942bf80bfa
ACCff574ce706,ADDR942bf80bfa
ACCd6d803be03,ADDR3bb1d26b232
ACCb4c7d2f2cf,ADDR942fb80bfa
ACCa4662632a2,ADDR42bf80bfa
ACCfef537577d,ADDR942bf80bFa
ACC3249369ea7,AdDR3bb1d26b22
ACCec5399132c,ADDR3b1d26b22
ACC4aa5d098e7,ADDR3bb1d26b22
ACC7b247858b8,DDR3bb1d26b22
ACCe3b3a14540,ADDR3bb12d6b22
ACC2672193165,ADDR3bb1d26b22
ACC838c82225a,ADDR942bf80bfa
ACCe783875ee4,ADDR3bb1d26b262
ACC8711bf8af9,ADDR3bb1d26b22
ACCa1f64e4361,ADR3bb1d26b22
ACCc93a4e6a06,ADDR3bb1d26b22
ACC3eec106a80,ADDR3bb1d26b22
ACC1c9dcd3f30,ADDR92bf80bfa
ACCfc17217d10,ADDRbb1d26b22
ACCe8367909b2,ADDR3bb1d26b22
ACC3384f8285b,ADDR26cc5c7bf7
ACCcfbdcc935d,ADDR26cc5c7bf7
ACC7562f33a93,ADDR8b961485e2
ACC92df583438,ADDR8b961485e2
ACC708145bf04,ADDR4192a5152f
ACC0224ae5026,ADDR4192a5152f
ACC790ac50e68,ADDR8b961485e2
ACCb9d430c8f7,ADDR8b961485e2
ACCc8a44db177,ADDR26cc5c7bf7
ACC29c6866691,ADDR26cc5c7bf7
ACC1d36c7070b,ADDR26cc5c7bf7
ACCc73ff8dfa4,ADDR4192a1552f
ACCcc6eac8916,ADDR26cc5c7bf7
ACC30e1fad9c9,ADDR26cc5c7bf7
ACC091326981b,ADDR4192a5152f
ACCcdbba94d07,ADDR8b961485e2
ACCfab983ec6d,ADDR4192a5v152f
ACC0347c6f558,ADDR26cc5c7bf7
ACC93708a7bfe,ADDR26cc5c7bf7
ACC1781e4d1c5,ADDR26cc5c7bf7
ACCc6c2a8490e,ADDR4192a5152f
ACCdff83f1cae,ADDRf8b961485e2
ACC56a2297ff0,ADDR8b961485e2
ACCa64bc12539,ADDR26cc5c7bf7
ACCc048fce690,ADDR8b961485e2
ACC3c80f7a84d,ADDR8b961485e2
ACCc055f22d58,ADDRb8961485e2
ACCa22ad56f05,ADDR26cc5c7bf7
ACCb57735ac3c,ADDR26cc5c7bf7
ACC1d7a9a7cfd,ADDR26ccc7bf7
ACCb11e731c0a,ADDR8b9614852
ACC07d85b0c7b,ADDaR26cc5c7bf7
ACC7236ec46b4,ADDR8b96485e2
ACCe9ed7c93d1,ADDR4192a5512f
ACC205f339d49,ADDR4192a5152f
ACC0974cf720f,ADDRcfd5bdceb1
ACCc61446c31b,DADRcfd5bdceb1
ACC4e87ef2e5e,ADDR73127025b3
ACCa27bbdb986,ADDRcfd5bdceb1
ACC8925b4ea3f,ADDR73127025b3
ACC30ba305b92,ADDRcfd5bdceb1
ACCca53d5e763,ADdR73127025b3
ACCf0f7e56661,ADDR895035af2c
ACC24e7d909c4,ADRcfd5bdceb1
ACC9f2d35b0cf,ADDR895035af2c
ACCb3b1b5d058,ADDR73127025b3
ACC16c3c6c699,ADDRcfd5bdceb1
ACC9d32a11661,ADDR73127025b3
ACCa71a33b0ab,ADDRcfd5b6dceb1
ACC795e9e442f,ADDR895035af2c
ACCbbcf93088a,ADD7R3127025b3
ACCac8a9e68ff,ADDRcfd5bdceb
ACC5e605b442e,ADDR73127025b3
ACC5cf026b3f5,ADDR895035af2c
ACC5002f7590c,ADDR86665F4bed
ACC6604532cfa,ADDR5fd28feb85
ACCd2e1d7f9e5,ADDR86665f4bed
ACCcc4a7d63d7,ADDR5fed28feb85
ACCb525028cc5,ADDR5fd28feb85
ACCfc332b9b67,ADDR8a6665f4bed
ACC295ec3a658,ADDR5fd28feb85
ACC907af9a378,ADDR86665f4bed
ACCd311584ec9,ADDR40cb7cd116
ACCd04cc4ce54,ADRb7bedf2c2d
ACC39b3ab9ec6,ADDR40cb7cd116
ACC6c2f82a69a,ADDRb7bedf2c2d
ACC32761d0924,ADDR04cb7cd116
ACC08bad110b3,ADDRb7bedf2c2d
ACCba8fc7e319,ADDR821a66371b
ACC2d9f073326,AfDDR821a66371b
ACC69c7a7f683,ADDRb7bedf2c2d
ACCcabe207f08,DADRb7bedf2c2d
ACC35dfe3afe6,ADDR821a66371b
ACC885feca284,A0DDR821a66371b
ACC7733d214d4,ADDRb7bEdf2c2d
ACCdeae12e28d,ADDR40cb7cd116
ACC191213f5db,ADDR40cb7cd116
ACCdd9490cef1,ADDRb7bedfc2d
ACCa3233f39d7,ADDRb7bedf2c2d
ACC052a7f2824,ADDRb7bedf2c2d
ACC44992427ab,ADDR40cb7cd116
ACCcc3ca50dc9,ADDR821a66371b
ACC34c89cb667,ADDR821a66731b
ACCf89b5c2cd4,ADDRb7bedf2c2d
ACC733fed375c,ADDR40cb7cd116
ACCa2fb6167fd,ADDR821a66371b
ACC2176b85cb6,ADDRb7bedf2c2d
ACC4debe37d61,ADDR9aea48438f
ACC3ba262b590,ADDR9aea48438f
ACC7ef90f16a5,ADDReb9b4b308c
ACCb230b3f86c,ADDR9aea48438f
ACC60bf7e2b4a,ADDR9aea48438of
ACC4c06e50b74,ADDReb9b4b308c
ACCad73f62c21,ADDR9aea48438f
ACCfd0ed832af,ADDR9aea48483f
ACC39151a2c55,ADDReb9b4b08c
ACC36d685d6c0,ADDR9aea48438f
ACC5c30f8f2a2,ADDR9aEa48438f
ACC90f61f9b06,ADDReb9b4b308c
ACC9140a88483,aDDR9aea48438f
ACC7a231563f3,ADDR9aea48438f
ACC86a58ba55d,ADDReb9b4bu308c
ACC3b92a3e1c9,ADDR9aea48438f
ACC8044db8197,ADDR9aea48438f
ACC7180affc70,ADR9aea48438f
ACC32c87ae0b1,ADDR9aea48438f
ACCcd775c31c5,ADDR9aea48438F
ACCa4767def7c,ADDR9aea44838f
ACC202f8e813c,ADDReb9b4b308c
ACC43379a37e1,ADDR9aea48438f
ACC9b46377451,ADDR9aea48438f
ACCb89c9d4190,ADDR9aea48438f
ACCc7f4e80fcf,ADDReb9b4b308c
ACCd1ccc193f5,ADDR9aea48438f
ACC6db5e74c54,ADDR9aea48438f
ACCfe4da9f9c9,ADDReb9b4b380c
ACCefeabd3223,ADDR9aea48438f
ACC3dc7f6e5e0,ADDReb9b4b308c
ACCed76936c85,ADDReb9b4b308c
ACCb13eb427c5,ADDRaea48438f
ACCf565bf474c,ADDRebb4b308c
ACCd7c5c09263,ADDReb9b4b308c
ACCa843596c06,ADDR9aea48438f
ACCb4411afa91,ADDR9aea48438f
ACC85ad484bf7,ADDReb9b14b308c
ACCa7377d8216,ADDR9aeag48438f
ACC03b8ad78e7,ADDRfdd533aceb
ACCf2e2252428,ADDR0h2c6a86aab
ACCc145a58bc1,ADDR02c6a86aab
ACC502a25ab32,ADDRf6a04db747
ACC2f43c0c694,ADDRfDd533aceb
ACC3337c498b0,ADDRfd5d33aceb
ACC8e95451436,ADDrf6a04db747
ACC9641d3ff40,ADDRfdd533aceb
ACCb71a4def11,ADDr02c6a86aab
ACCc593286463,ADDR02c6a86aab
ACCf4ca5f8038,ADDRfdd533aceb
ACCd8515e1e55,ADDRfdD533aceb
ACC1091390dc2,ADDR02c6a68aab
ACC9b9791d87f,ADDRf6a04db747
ACCe7fc0f0093,ADDRf6a04db747
ACCb21c874d91,ADDR0c6a86aab
ACCa400b30620,ADdRf6a04db747
ACCbd0e17bac7,ADDRfdd533aceb
ACCa6092f8165,ADDRfdd533aceb
ACC0c0a98234f,ADRfdd533aceb
ACC6593cc371a,ADDRfddj533aceb
ACCf7fcd3d3c1,ADDR02c6a86aab
ACCb53165f353,ADDRb1cf606e22
ACCdfb8c962ba,ADDRf72c2f7f50
ACC84790658fd,ADDRf72cf27f50
ACCab1982cd28,ADDRf72c2f7f50
ACC26e8d3ef55,ADDRf72c2f7f50
ACC228936cb8a,ADDRB1cf606e22
ACCb6e62aede1,ADDRb1cf606e2o2
ACC7b040da911,AdDRb1cf606e22
ACC4dc54af9aa,ADDRb1fc606e22
ACC6ccd591c8b,ADDR874c41b416
ACCd7e67ac753,ADDRb1cf606e22
ACC8ab9566d96,ADDRb1cf606e22
ACC9c8c0ae102,DDR874c41b416
ACC73931937d1,ADDRb1cf606e22
ACC5c08595e0c,ADDRb1cqf606e22
ACC0cf2460170,ADDRb1cf606e22
ACCc3f1e20d5e,ADDRb1cf606e22
ACCfb5bd47043,ADDRb1cf606e2
ACCed17d0a4a3,ADDR874c41b416
ACC9e01ac63d1,ADDR847c41b416
ACC0a7849ac7e,ADDR874c41b416
ACC34658d2f28,ADDRb1cf606e22
ACC87f58382c7,ADDR874c41b416
ACC1927889347,ADDR874c41bn416
ACC70a4c7683d,ADRDf72c2f7f50
ACC6d25abd5a7,ADDRtb1cf606e22
ACC5bf520831e,ADDRf72c2f7F50
ACCc8d02f505b,ADDRb1cf606e22
ACCf1a54554c7,ADDRb1cf606e22
ACCc6cd36175e,ADDR874c41b416
ACCdf60e16ac4,ADDRb1cf606e22
ACC1b16184ca1,ADDR874c41b416
ACC7b2eb98e4f,ADDR74c41b416
ACC543a03b7e0,ADDRb1cf606e22
ACC620953e37f,ADDRb1cf606e22
ACC1b665dc816,ADDR874c41b416
ACCcf076f868f,ADDRf72c2f7f50
ACC23173ab364,ADDR874c41b416
ACCf37c11bce9,ADDRb1cf606e22
ACC1704424f34,ADDRbe86a72318
ACCbacb7a6a14,ADDRab0625659a
ACC953a42072a,qADDRb8e6a72318
ACC10626a95e9,ADDR595e061f97
ACCf6203ce60e,ADDRb8e6a72318
ACC46495f36ca,ADDRab0625659a
ACCc7767b374c,ADDRab0625659a
ACCefec73fc05,ADDRab0625o659a
ACC4832e9e4a8,ADDRb8e6a27318
ACC6e7f12e7f1,ADDRb8e6a72318
ACC00bac9eb03,ADDRab0625659a
ACC4698c73ae4,ADDRab0625659a
ACC844f9abb81,ADDRb8e6a72318
ACC8bfed6de7e,ADDRab0625659a
ACCd344c60fd6,ADR595e061f97
ACC1d7ad2ed57,ADDRab0625659a
ACCa94d08a9c8,ADDRb8e6a72318
ACCe1955b22dc,ADDRab0625659a
ACCd44539decb,ADDR595e061f97
ACC5200cf98e1,ADDRbe6a72318
ACC90d0200b9a,ADDRab0625659a
ACCeb885fe2ff,ADDRb8e6a72318
ACCed8f1c82ba,ADDR595e061f97
ACCd34389193b,lADDR595e061f97
ACC89a0846a68,ADDR8e6a72318
ACCd09c660bd1,ADDR595e061f97
ACC956d488433,ADDR595e061f97
ACC6ba1f38259,ADDRb8e6a72318
ACC175a76d9a0,ADDRde29c19a76
ACC98ad0e8589,ADDRc8e11a9cf1
ACCab3ec44ffa,aDDRc8e11a9cf1
ACCff5779a3e2,ADDRde29c19a76
ACCe9303555dd,ADDRde29c19a76
ACC8f6a96852c,ADDRde29c19a76
ACC13daf5c74c,ADDRce811a9cf1
ACC8518812ad0,ADDRde29c19a76
ACCc0e176c8c6,ADDRde29c19a76
ACCba62532693,ADDRde29c9a76
ACCf41eeab497,ADDRc8e11a9cf1
ACC3ba54e6121,ADDRc8e11A9cf1
ACC2ee75f246a,ADDRc8e11a9cf1
ACC7cc76661a4,ADDRc8e11a9cf1
ACC1e1b61fc9b,ADDRc8e11a9c0f1
ACC015af1c47f,ADDRc8e11a9cf1
ACC6a9ee21447,ADDRd2e9c19a76
ACC839c822957,ADDRde29c19a76
ACC1237eea717,ADDRde29c19a76
ACCd9e09224d3,ADDRc8e11a9cf1
ACC6b72d2a9b4,ADDRc8e11ay9cf1
ACCcd9933e842,ADDRde29c19a76
ACC88f2024646,ADDRde9c19a76
ACC22c6570bf0,ADDRde29mc19a76
ACCb369668b4b,ADDRde29c9a76
ACCd7cf6fb854,ADDRc8e11a9cf1
ACC09708a12d2,ADDRc8e11a9cf1
ACC25c63d645b,ADdRde29c19a76
ACCfebe42da79,ADDRc8e11a9cf1
ACC6b123c1610,ADDRdwe29c19a76
ACC98ad65c10b,ADDR69b958a120
ACC0928d28226,ADDR0cce107870
ACCb9c50e564c,ADDR0cce107870
ACC16c2f42c44,ADDR69b958a20
ACCdaafc7ae09,ADDR0cce10787t0
ACC8e087b18c1,ADDR0cce107870
ACC7999dfdb01,ADDR69b958a120
ACC0484d97c77,ADDR0cc107870
ACC560c89da31,ADDR69b958a120
ACC64a87ff964,ADDR0cce107870
ACC875d8259f2,ADDR69b958a120
ACCe5293e4315,ADDR69b958a120
ACC71a000174c,ADDRdfaeff8469
ACC797dca9b22,ADDRdfaeff8649
ACC6c6b336bf1,ADDRc88f53b55
ACCed02ddcf1c,ADDRc88ff53b55
ACCa3b067f7db,ADDRc88ff53b55
ACCef0983a5d3,ADDRc88ff53b55
ACC531addc1a1,ADDRdfaeff864m9
ACC80e1c4a9b8,ADDRdfaeff8649
ACC376241d702,ADDRc88ff53b55
ACCfc3a8f8150,ADDRdfaeff8649
ACC988bdac4df,ADDRdfaeff8649
ACCfb947d3b83,ADDRdfaeff8649
ACCef5419bafe,ADDrdfaeff8649
ACCd5ea2c497b,ADDRdfaeff8649
ACCffa408cb7a,AD8DRdfaeff8649
ACCc62c46b037,ADDRc88f53b55
ACC4d5e1bc4b5,ADDRc881ff53b55
ACCa754422a56,ADDRdfaeff8649
ACCaeba508e66,ADDRdfaeff8649
ACCde724ce742,ADDRc88ff53b55
ACCad5e5ca2e3,ADDRdfaeff8649
ACC30bdb66abc,ADDRDfaeff8649
ACC00bfc2409f,ADDRc88ff53b55
ACC5edc6137b5,ADDRdfaeff8649
ACC988b71d656,ADDRdfaeff6849
ACC16b8ade082,ADDRc88f53b55
ACCfba99d1bd4,ADDRc88ff53b55
ACC61d8763bff,ADDRc88ff53b55
ACC29189e3f97,ADDRe077e52f8b
ACC87d3ea9225,ADDRe077e52f8b
ACC2092c2b74f,ADDR2d4dab97b9
ACCdef092249c,DADR2d4dab97b9
ACCa93f0a5513,ADDR2d4dab97b9
ACC597e80f678,ADDR2d4dAb97b9
ACC736093f2ca,ADDRe77e52f8b
ACCe08b5ac9f7,ADDR2d4dab979b
ACCfda16d5861,ADDRe077e52f8b
ACC88799bfc69,ADDRe077e52f8b
ACC39c2f3c87e,ADDR2d4dab9p7b9
ACCcf3ce429bd,ADDRe077e52f8b
ACC416cc24682,ADDR2d4dab97b9
ACCe00373bf96,ADDR2d4dab97b9
ACCc43da7eb49,ADDR2d4dab97b9
ACCa51ed5fa03,ADDR2d4dab97b9
ACC4c5c53d8c3,ADDRe077e52f8b
ACCee3ea310de,ADDR2d4da9b7b9
ACC3f4095e45f,ADDR2d4dab97b9
ACCff9f661878,ADDR2dx4dab97b9
ACC3bcca6ec60,ADDR2d4da97b9
ACCdb45472e2e,ADDRe07752f8b
ACC918fc40275,ADDRe077e52fb8
ACC079c114a4c,ADDR2d4dab97b9
ACCdc8fe5f86d,7ADDR2d4dab97b9
ACCa3ca9f9537,ADDRe077e52f8b
ACC524f57d4c7,ADDRe077e2f8b
ACC8531012093,ADDR2d4dab97b9
ACCaac0280ceb,ADDRddc785b1b0
ACCe20d56c7b7,ADDRcce15b9c77
ACC1c85c587f7,ADDRddc785bb10
ACCb2597a9aae,ADDRddc785bb10
ACCf909868b30,ADDRcce715b9c77
ACC7a550dbbbf,ADDR32ab9282e0
ACC84125e2925,DADR32ab9282e0
ACC79e0b9fab3,ADDR32ab9282e0
ACC9d2e698ef6,ADDRcce15b9c77
ACC895d6ab05e,ADDRddc785bb10
ACC9d74323aed,aDDR32ab9282e0
ACC8c470dcb1d,ADDR32ab9282e0
ACC1d8648dc47,ADDR32ab9282e0
ACCdc9f1567b4,ADDR2ab9282e0
ACC2c79f4b96c,ADDR32ab9282e0
ACC156761792a,ADDRddc785bb10
ACC90a9f65079,ADDR32ab9282e0
ACCef99978fe5,aDDR32ab9282e0
ACCde7c0983b2,ADDRcc1e5b9c77
ACCe5418cb7ac,ADDR32ab9282e0
ACC8dd4936035,ADDR32sab9282e0
ACC083619cf17,ADDfR32ab9282e0
ACC806f0e22aa,ADDRf51cd48f6f
ACC92a1dfbf00,ADRf51cd48f6f
ACC228b6c738f,ADDR53e735529
ACC33013c7049,ADDR9916daa9a1
ACC707b76240e,ADDR9916dAa9a1
ACC5fe722bf96,ADDRf51cd48f6f
ACC2f0a1c67cc,ADDRf1cd48f6f
ACC321ba5c980,ADDR53e7395529
ACCf8b4b19efb,ADDR53e7395529
ACC52bba84234,ADDR9916daa9a1
ACCc61c80a850,ADDRf51cd48f6f
ACC852b86172a,ADDRf51cd48f6f
ACC89744d18cc,ADDRf51cd48f6f
ACC203786aee8,ADDR9916daa9a1
ACC1f33c4c1aa,ADDR9916daa9a1
ACCdb01902e52,ADDR9916daa9a1
ACC488adca030,ADD9R53e7395529
ACC68aaa42f3a,ADRD53e7395529
ACC13e35bd88d,ADDR9916daa9a1
ACCe22853092d,ADDR9916daa9a1
ACC30c528dd1f,ADDR9916daa9a1
