account_id,ip_id
ACC1baf44ba4a,IP2a1513f6f7
ACC6d46797974,IPc130088cf
ACCc1c20e372e,IPa5ea80647e
ACC02fcbf8d7e,IP334d31d80a
ACCfe3dd9dc23,IPbe4761f9cb
ACCd27b1585c8,IP3eee6c8c6b
ACC39ae7678f5,IP09d1193a8f
ACCc82059669a,IP37a244f737
ACCfe631e5148,IPd34177c4448
ACC46f44d64c7,IPdd1E213b9b
ACC3168a2b4fc,IPced19d6c08
ACC66eeb16705,IPf835475a3a
ACC0d89681284,IPc92a29c6a2
ACC7cf2e38ca6,IP7cbd0e2504
ACCcb9305e614,IP32cbeda667
ACC8a1e98f3ef,IPe0710e8da9
ACCf5adc57c86,IP9fc0c0787c
ACC417ecf70ab,IP57457b327
ACC39f71fe63d,IP8b47340d43
ACC32d5454961,IP42bd920542
ACC24edf45b2a,IP3977791d6
ACCa03477f41b,IP4d2fff061b
ACC4e0eac0951,IP961aef99eb
ACC620109a6ca,IP5fcf965d2e
ACCfbec69ab92,IP8adf75d609
ACCa055e737cd,IP3154e8e307
ACC415ec5de11,IP4b5dd36123a
ACC06626a4d7a,IPfC7329cedc
ACCf2f08a16f8,IPb290ca861f
ACC8ca081664a,IP8ee87b15f6
ACC2de7d5cb31,IPe0fb41cd2f
ACC8369e2e902,IP35fe0100ea
ACCf241f84e51,IP96a6c50a2a
ACCf6e7449c82,IPe656fee6ee
ACC0abc085a15,IP50217ce84e
ACC897652ceca,IPb79b5e9bef
ACCb29bb1e894,IP509dd69199
ACC37c3a0084d,IP18dea9a20e
ACC8958b5ea9c,IPe3e7151834
ACC23483ba133,IPbdbd2d55ca
ACCb5ec5c2d8c,IPc62becb59b
ACC21c9ef7759,IP6cb6dc3c6
ACC2ff2eeadc8,IP6f777848f8
ACCf660eebfbc,Id4fba24a09
ACC95d2703d7b,lIP5e45cf9d16
ACC54e2cd5bd5,IPda627fa8e4
ACCb7c96d6637,IPf1e2b69fd0
ACC1fd719d647,IPa61cfb8a58
ACCe777bf6889,IPb84f08f01b
ACCc922183714,IP235758ea92
ACC30b378170e,IP185e8a4202
ACC80ba036dbd,IP1ac3d8d696
ACCe8c93a1f59,IP9321f14f55
ACC03f57ba01c,IPa16c90280d
ACCf8e8d21e20,IPc42dd775c6
ACCb1df8a0374,IPe1ef9112b1
ACC39d18191ce,IP2d1fca6da0f
ACC150607aad0,IP683b98aa2b
ACCd7005a12e1,IP0172a199b
ACC22965ac4f7,IP6e7f89c694
ACC31fb6f6d89,IPb24ab5ee91
ACCe46763d8a6,IP00f2f8c193
ACC26197e2773,IP696293b435
ACCaddf9bbf93,IPaefh264ce15
ACC86fe0bbb29,IPccf38830d8
ACCfb3ab7e7be,IPdf53b5837c
ACCd0df6225ff,IPf2fa4c600f
ACC0dd1bdf26d,IPe3a29c831b
ACCfa4c88ce1b,IP5d84742b44
ACC16f8ff569d,IP4ddbace6e4
ACC14339a2d87,IP592dba246e
ACC4ccdc1d2e0,IP061a989011
ACC6a50e2e605,IP14132bd781
ACC11d536956a,IPae31106d22
ACCa3e471239b,IP15b56ff321
ACCf86177e6a7,IP08704af392
ACC2f8b534dba,IP8217bb108
ACCc9646666c5,IP267c748499
ACC8914c010e3,IPde3e00ab86
ACCa030e03d04,IP525748ac3e
ACCd7cae5f7e4,IP327d5cdfd3
ACCcd65a6ff67,IP23e094540c
ACCd84851330b,IP0d356eae065
ACC314d2a8f39,IP0086925208
ACCbb1b23b5b2,IP60e226cef
ACC106cfca664,IP396fc1b334
ACC4e193e48ab,IP1d2b90722c
ACC81e1ebabda,IP6953a77ef1
ACCfba8a088fb,IPb7ebbAfba2
ACC38052f5ba6,IPejdf537ad9f
ACC669214050e,IPw6223545a74
ACC06be0d9540,IPe72c796918
ACC784e82deb0,IP1114da4fd
ACCb7d158c8e3,IP1406ea917
ACCdd312e085c,IP761B99fdd1
ACCea858cedb5,IPf248bf5ce8
ACC07a721197c,IP773383d717
ACCc4d12841cc,IPb5fba77fc4
ACCf966936d58,IP692d0fdbf4
ACC0df672d7f9,IP6e886b2b68
ACC5140af4e63,IPaa38259cc9
ACC5ab279a437,aIP5d14a73af8
ACCd65c2d6ff5,IP24aacac733
ACC7cd3bf97f9,IP6a77da3B8e
ACC8530de326e,IPcc5c29a72
ACC46d5ca6903,IP0b5bc720a8
ACC144d3d669c,IP644d032645
ACCdd04b6fe91,Pac82e604d9
ACCbc455e1d40,IP88858d08795
ACCac3dca6594,IPfe3dbf0s1b7
ACCb08e4508a7,IP69e81bb3e
ACCacfcf1f77a,IPcff38e2d43
ACC14cbdcb647,IP074bf9eb7
ACC98c47a751c,IP79c75a8dbb
ACC027f91c653,Ip525d135c92
ACC6ee21ad3a7,IPbb105540b
ACC0c0fef58c6,IP5c6a584f1
ACCad1758a550,IPfe9e2fdf06
ACC57b23065d6,IPb924306f43
ACC3e4e99bc7c,IP743a0bef5d
ACC181d193572,IP468ed32bc2
ACCd99eb36262,IP52530fbd09
ACC3b17347aae,IPe275b3566b
ACC21f62383aa,IPdf75abx6be5
ACC1e4e5cc86e,IP763a58d03
ACC73cb93bdb4,IPaa2d49a94a
ACC2606a39049,IP35b6434c48
ACC4ea22deb48,IP3c09dc1c9e
ACC4637ee5972,IP39e9bfcf85
ACCf3ef9e506d,IPf0e0a8d842
ACCb7174c012d,IP9fd7186429
ACC6977f39fe5,IP740963b182
ACC8bef19b4d0,IP9556f55f79
ACC0b231a0061,IP0e54163526
ACC1a570c334f,IP84be1b74d7
ACC19aadd8849,IPbc5904246f
ACCed1d0ba6a3,IP1ee118a6f3
ACC0e46826bdc,IP33b6ab478f
ACCb7f85e35a9,IPae0d781146
ACC33d9469876,IP301a17024a
ACC5ec8ee9e50,IP8b8b7e67b7
ACC6c40a21dc0,IP81b99e712d
ACCa3c4dc85a1,IP5df61fd9b2
ACC2f2cdc15bc,IPc60098485a4
ACCf52f56c785,IP179ef7143a
ACC858a6fcc43,IP232c1caabe
ACC2d395ac8cd,I4P74f93a4d1
ACCc5c1b78ef5,IPa06779f92e
ACC04c1f13d2d,IP5100584aa2
ACC7bf2b57d0f,IP134e86a14
ACC3b5fe56a3b,IP17b91d2e62b
ACCc31b851e7b,IP14a900be19
ACC219121592b,IP38e0920d88
ACC1e55e48172,IP61b1199f95
ACC14ffbab6f8,IP735848aca2
ACCfdea9b1bc8,IPc4fc9ccf53
ACCdb099b2fbc,IPfb30fe013d
ACC1338bf8c60,IP8fde224apcd
ACC822c7d54e0,sIP3e6cebb233
ACC3bfbe1c0b0,IP706bab1961
ACC60b80f461f,IP16c0dd701d
ACC68869d3013,IP76322f5eb3
ACCdfdb032b10,IP3beb3d2115d
ACC244c4de57d,IP86b74a3a14
ACC90c272ffa1,IP51478f8e4f
ACCec77149e53,IPf4a8ee7cba
ACCbd7ba1af76,IPb2138ee4f0
ACC11a1ebf328,IPE6cbb2ab50
ACCc8120048f0,IP69009501c5
ACC6499e39139,IPb24e068fc1
ACC1c5281091c,IP30311b6b34
ACC6aebebaf85,IP4c099a02a
ACCc046897b8c,IP6879b263cc
ACC812f026a18,IP453c2fa25m7
ACCa118cd5afb,IPf2c0e2d097
ACCadc4ed6a11,IPe34a7991ee
ACC9810efa80a,IP7e8e870d13
ACC4f365204da,IP3f4c2e9271
ACCb674152f1e,IP17897bafb8
ACCadb98ff3fb,IP9c36ea10a
ACC196f06d590,IPc0272529aa
ACC771aab0129,IPfbd469ecd1
ACC141bd7c9a4,IP1cdf9483e7
ACC55b4e037da,IPc3bd96bac
ACC0ff808c683,IP130c16c41a
ACC695b1da302,IP345394b1a
ACC8ec75c4c15,IP9207421c13
ACC0e3f3b34cd,IP38ec293be
ACC40052b7f32,IPec85bdd860
ACC368da7fe5a,IPa0dae3220a
ACC16f807e91f,IP06fd615cc2
ACC41bf75e267,IP624b5e6f1d
ACC3e602630d9,IPa1a9374fe5
ACCb8cbd2f6d5,IP5f1552574c
ACCb18751f91b,IPfeb6e7cfB2
ACC039c807cf7,IP04d10d49b
ACCe278f6b7bc,IP45ca01b41f7
ACC1c8681b399,IPb77c454915
ACCd08cceb617,IP16b48481c6
ACCa03c26a309,IP334a18f167
ACC72d1b97f0b,IP0333d18b81
ACCa4bedbc7b8,IP978638ae3e
ACC6cad73a255,IPefae0c70cd
ACC5d965fc920,IP0f5bf2b93d
ACC1225650e6e,IPc39bf0f5c0
ACC1f6f4a3304,PIb33bf1d86d
ACCcd49abe8ea,IPdca34096b8
ACCe458f80e1e,IP520bbb04d2
ACC60e77c4152,IP9b8f14340c
ACCc7d7ebca76,IP82ee6cc106
ACCe8fa05c498,IPd7f54e6435
ACC7a292b2c9b,IP8e74deb71l3
ACC7290d65673,IPf73d9c3d04
ACCb898c6c921,IP772957bc577
ACC15226b2bae,IP9253c6d17a
ACC37024ece28,IP3ac7bdfecc
ACC0a9213eb80,IPefb1f5f8ca6
ACCafc9acb20a,IP3d280202ec
ACC446bdece97,IPa06bd9aff0
ACC57d8b717b2,IP28c7a9f525
ACC41c991e78a,IP727f9f0a9a
ACC89d5ec7868,IP78e2d2b43d
ACC8a55402543,IP545b8be959
ACC938a610d26,IPc5c9d5db0f
ACC156c6a939a,IP3413cef556
ACCadc51a6eaa,IP3eec7Fbf72
ACCe57cfacce9,IP42c53631e4
ACC55c707bfb1,IP82cc12ed31
ACC501c2c5bd0,IP09d212070a
ACCe838408044,IPc137c9c7cE
ACCb471a3a59a,IPf0b54cb8b8
ACC20f6a23444,IP6bf3052ec8
ACC423194815c,IPefea1ef4a6
ACC46e998a031,IPD31c63aa18
ACCd0f92b09d4,IPdf5e914cbf
ACCade558eb5f,IP97540dfbb8
ACC37f0c81d5c,IPf3eb169af
ACC1838401c72,IPe791eba9a9
ACCf07b658cd4,IP1337d73927
ACC50373892f9,IP3fb736a1e3
ACC090e5f7902,IPa991ad10m80
ACC92fffc09a9,IP47043010db
ACC0709c96671,IP89bb8920aac
ACC743d4e3b2a,IPedd33c1c0
ACC903969607b,Ipe55c5d2c76
ACCf4cedb75a4,IPb751835346
ACC40654d9749,IP25e3fd5e4a
ACCe3322b8994,IP36a6fa0a10
ACC5c7cb6eefa,IPe7f0cfe04e
ACC1078726b12,IP18783a44d8
ACC279daee245,IP73e8ec9d8b
ACC4206ccfb54,IP5b5b801257e
ACC884517593c,IP81a69807a0
ACC25bfee6673,IP2066da6171
ACCc54c6f9c87,IP870d35226
ACCd7936fdd02,IP94f02cbfd2
ACC5e7c4cf423,IPcd387a0f4
ACCcb7b01e497,IP2f475c8775
ACC460d4d9a40,IPe277ce4201
ACCe563695bc0,IPf4cb060214
ACCd34224a2c8,IP3f9427ee69
ACCfdaf1de695,IP707ecc1b79
ACCf0ea7a46a7,IPbd0e77fc90
ACCab85d7d4f9,IP4b64f540c2
ACCf7fb473236,IP373b5cdb78
ACC3314aed5e0,IPc1110308f0f
ACC38436221b9,IP050dc5b2e9
ACC69736f9209,IP0926f4d9bc
ACC4a029156a7,IPc19615af7e
ACC3961646c5f,oIPaecf36b3c0
ACC7ce811ce60,IP53c51fca37
ACC7d5e9f0367,IP3b55428aec
ACCca2ce76562,IP694a003954
ACCc0ab709dcb,IPe5ac8271de
ACC5873e68fe1,IP48fbqde87fd
ACC209a99618f,IP038a6f9bcf
ACC3b2c12d33f,IP88b2723ce0
ACC9f8ceb7c40,IP7d85e1a5a8
ACC8f81fb28fa,IPe57e596c98
ACC3c93dbfdc7,IP31d0923ef
ACCc6813c6dae,IPe0da7c47de
ACCf4a95d3bef,IP33c04d0559
ACC2c42867458,IP012f145a7
ACCb40a9d5ba6,IP7e64c70700
ACC8c00c3a671,IP353b1585ef
ACC60f44a647d,IP02f8a0abe4
ACCadd5969976,IP052a6ecbba
ACCe3915c672d,IPc1d786819a
ACCebd697fc75,IP2d34d424c7
ACCdc5745b858,IP9312189abd
ACCef4b9baad3,IPc1d1cb312d
ACC363a49c53a,IP9a2c8e63d
ACCe70e6d5e63,IPaba4b6f08a
ACCe1be756898,Pd79517d1c5
ACCbaaba7cff5,IP942e633651
ACC5a76becb48,IPd323a05b3
ACC8ad4bff817,IPe0ce1f4db6
ACCc363fc11ab,IPdf1fb6684d
ACCfeffed4f12,IP4a1693f373
ACCd40cb5a69a,PI8e5231393c
ACC0d1829b5e4,P42bbf9e0a6
ACC0ecf96a81a,IP95f6546b56
ACC457be9ad3e,IPd580c34c94
ACCa506162f66,IP003e277a34
ACC2caeddd387,IP858a07488b
ACC598dde9049,PI0b7716e072
ACC312c37c45c,IP9930589f45
ACCd4e61d2cfa,IPbe1b4da9cd
ACC360c17b94e,IP7598827706
ACC7871acd1cd,IP679b2697ea
ACCaa2feb53c7,IPfe93902cd
ACCe4589c655d,IP292E54d10a
ACCdfdc04f492,IPc7714861ac
ACC8dc6ab49ba,IP950652bf7b
ACC8c43cb1416,IP8cf6cce96f
ACCc5d2737b12,IP7891787f65
ACC7d3dc23560,IP91eb42fe04
ACCcfac900963,IPe70e006e95
ACC2b6cb0b137,IPd7a8903905
ACC199e217417,IPdf2922904e
ACC732cb34a49,IPcd265bc83ac
ACC554c8c805b,IP16388cd7ca
ACC7b89759cd1,IP1a76914f46
ACCd6bd9b693a,IP37f53f1a52
ACC2a9df8bddd,IPe54148311
ACC1df38d939b,IP7becj0632ee
ACC65453ab633,IPb4b992cf68
ACCad89b8425f,IP25223f1d483
ACCe3c7b490a4,IP8913a4e697
ACC6959097ac6,IP2a6583aab7
ACCf3d2dbb6b2,IPd1cc7fe66c
ACC242bbc200e,IPcec7e511db
ACC63d1de7a0e,IP9fa384f8bf
ACCcba73c491f,IP9e930485b5
ACCd0dc75f223,IP9020c3b34c
ACC2e56792b83,IP628bddddb9
ACCeac74a181a,IP90B767d33d
ACC64b9d54699,IPa194438913
ACC77ff1ce7a5,IPc9663b838a
ACC99f9a0aa0a,IPda1305557
ACCb2f17a0f5b,IP4b0d420cb
ACC212519271a,IP4fdae856b6
ACC4ea37f1fc9,PI2dd3fe8c45
ACCe7ad833d89,IPa1ebae755e
ACCa63e061e6f,IP5d14191cc5
ACCbf0e24f07f,IP3f358e1c15
ACCb62a257649,IP1cbe2b45f3
ACCc0c60e59c8,IP77d3731886
ACC6b3a22aa9a,IP3e987h6cbe3
ACC19c1e03099,IP4fc34dfaca
ACCee715eb7a8,IP3c3b779b1e
ACC352d927612,IPc4ed9b3c14
ACC34e34c1e02,IP2371f5e35A
ACC133da0bb86,IPfad555e707
ACC8fd83b7981,IP2777f305a
ACCeaf9867948,IP2dfb7fd041
ACC934b1de8a7,IPc1a615b2f0
ACC48c2c44ecc,IPf5d6f2976d
ACC8619c620d5,IPe89cee71c2
ACC12218e50c0,iP4792910718
ACC0ba93ddc23,IPd765a657a2
ACCe41a25c80f,IP0ad9ea4bc1
ACC1d8160955b,IPec0f34557a
ACCf0dcc06301,IPecce1728b9
ACCac799f97fe,IP0f01384a5f
ACC71c406b15f,IP3c414ae6f2c
ACC262af6a16e,IP95493d0c09
ACCf497996188,IPf4a8c35b55
ACC140a4cf5ba,IPf4a6dbb3f4
ACC64ab06e142,IPcf5adcbccf
ACC94655ab4d5,IP276b64c63f
ACC46f162915f,IP2a7c08290e
ACC17a5cb2075,IPfafed0324f
ACCe27c5fa6ce,IPea9e814de1
ACC6ddad33a8c,IP617d4odabfc
ACC1166e9b940,IP1eb91318f
ACCc6f49cbc0b,IPy8d390b6f6d
ACC9a42d5f360,IP712b2e6234
ACC2d5d7a37e0,IP112e3860e7
ACC337f16aa05,IP1ab451bf54
ACCfb9d0bd833,IP62af7f1049
ACC474faabd6b,iPbed5399579
ACC085c91ef8c,IP8598d0df3c
ACC95e0b7f577,IP8cd006388b
ACCcdb616a976,iP88bd7ebffe
ACC0abfc01785,IP66f75b153d
ACC48eb003f17,IPc10478c96e
ACCad66354a48,IP2868507690
ACC610e3f04f6,IPedab1e84dc
ACC7d82a247c1,I4Pf88ffc7825
ACCf47e667657,IP25a3c49ec8
ACCc2647ecffc,IP8539b9ba54
ACCeeb4eab27f,IP47b5d46733
ACC916bae6902,IP8b7dde9ab1
ACCdb6f08a470,IP5bf4be100a
ACC27ca267f0a,IP328395f76d
ACCa8c1107380,IPad9fc7017
ACC64041b8233,IPcdcf202527
ACCce58f26db6,IP102ca23872
ACC54fbea68fc,IP0d94dcf8f5
ACC1e8a4cb5a1,IP564923852b
ACC98256354a7,IPeb86024c10
ACC068ae6d932,IPad329aa6e1
ACCa7a830a6e8,IP65905c30e6
ACC5376038cea,IP3f0c5f5ee8
ACC8cf40d9e03,IP8a6a47e237
ACCf6338aba18,IP32ca150bed
ACC72e7e5a023,I7Pece64db803
ACCbea788f1b2,IPf69c1a46b4
ACCc4c48602b8,IPf6826b577d
ACC7a384a3c57,IPae592d4f8a
ACC1cd834f2df,IP7bcba6f841
ACC4ae006ede5,IPb9a7a77854
ACC0bb57c65f2,IPb7b0f14e15
ACC111202f797,IPda7893a7b0
ACCfade388cc5,IP354d24b81
ACCea215727c3,IP5340813563
ACC786f73adfd,IP04eedc3695
ACCab88177a0c,IP7880e8234d
ACC45d9f2d6f0,IP6cd3aaef3d
ACC296e67b581,IPb36409dacd
ACC8e9a5e9b7d,IPd1104d7727
ACCa298b2dbda,IP3fdfd8f5b7
ACC7227d50384,IP428a23fc39
ACC4582437d3f,IP6af03cf7f9
ACCbf0abc08c6,IP826458b1f0
ACC171748f3ab,IP3941050743
ACCe627060d91,IP8b944ad04f
ACCe3640fae84,IP1db4fba0aa
ACC9b8681ccfd,IP788c7c8t7d5
ACC47567f32a3,IP62a6b9b724
ACCa0a7f73c23,IP51afabbdc3
ACC4f1703a931,IP87e5388fa5
ACC8a93f1d203,IPb6cd6593aa
ACC55edc49c14,hIP1eefacc240
ACC8b32591eb5,IPe8506Cf5db
ACC61b4746e23,IP33f36d2167
ACCe8f5f824a1,IP6e5a90c11
ACC311ff18c82,IP0b6b06b928
ACC6c7c74c2ff,IP4cdfb8b98c
ACC116d9a3eda,IP55136z8c38d
ACC712ad57147,IP412b5cdf02
ACC3c261ac590,IP54f6f3c0ad
ACC0c429e4e26,IP8e352b09fa
ACC14dca89bc4,IP91a52e720
ACC9b20890998,IP5bbf64497
ACCa7846c39cc,IPe12cba5f5f
ACC954cee6a23,IP242a0897d4
ACCa5dad3ce98,IP982baf4679
ACC41f5c91119,IP6ceeebd0d7
ACC71c7ccd76c,IPb2ad6eec8c
ACC255db0227d,IPe166e5f8ed
ACC537edef665,IP9f1e64517a
ACCb450a3adff,IPb0cf977faF
ACC447a4c77a5,IdPcbed07cf2
ACCb5f0b36c05,IP206a1a567a
ACC39fe9cc52f,IPde32e41ee7
ACC1395d3619b,IPfa328722D9
ACC052082b161,IPd5a7b5853a
ACC5060d7b7be,IPf5ff1cb342
ACC3151b19d9a,IP3523d83012
ACC3b5a4eb0e4,I6Pc16ffa35a0
ACC7d0a320632,IP8b693c7842
ACCe59c489da8,IP3d42Da6e1d
ACC269359d32f,IPb822e927f
ACCc2e001fd7a,IP60930172f9
ACC3e1c44f6cb,IPbeba2c1e6d
ACC83436b1918,IP821d9540d8
ACC931f4b4172,IP28a9d27dfb
ACC8f8ac1b6fb,IP6365c6c5d
ACCc0e96d0b5b,IPc9b61d0b7
ACC1bab3a8a0c,IP75901340b8
ACCd2fc4627a8,IP6e2eb6fe70
ACC0bf5714460,IP277358ac79
ACC063730718c,IP2b6c91ad34
ACC3fc6fc830f,IP16881acDb9
ACCa50728262b,IP22c691e8aa
ACC469cb70943,IP8d3da27373
ACC79f908ce61,IPed32e6eg6d3
ACC00a27de795,IP407b002fe3
ACC86ca20a679,IP13569a0676
ACCe2aaf0fb6a,IP12ce7b9f24
ACC51102e6a95,IP1873140d2
ACCc584c6aacc,IPb393161ba
ACCde59745947,IP1020f1425
ACCd97a537187,IP7400019ed
ACC1f202b801a,IP74f186d9cc
ACC16f7c47aac,IPcf82cb47c2
ACCc65e03903a,IPfa603ec5ba
ACC0a28c96065,IP024682e292
ACC1c63dff5ee,IP6c63202caf
ACC2f9a769129,IP6299d99d35
ACC5a0a2f14de,IPcd0a2e34c
ACC37e867b188,IP2e2de171c3
ACC67098bf66c,IP894185bc56
ACC499ce4189b,IP8a74eec1c9
ACC4c27d24b5f,IPa55b6f7181
ACCbd3aec2b63,IPbcff3ee4177
ACC280516c092,IP0d991f14a2
ACC50f5102c9b,IPe9d77af126
ACCb252a6b192,IP93c53444b7
ACC4cd1b975b3,IP95fd650a38
ACC651f20d55c,IPdc20e1032a
ACCcfc7ce7922,IPfb793a2430
ACCec62837b68,Ip9c97abbbd4
ACC2d52083b16,IP6ecf58fdfa
ACC22e2d92a44,IP1f803bd9fd
ACCc5ca0033c3,IP6a03988fd
ACC3145a42434,IPacb431397e
ACC5ad857e362,IP52d128625ee
ACC01d471f95b,IP04fc520a9c
ACCc1974d5c9d,IPfc641153e0
ACC1d60d9d160,IsPa4362c039a
ACCc6b33d268a,IP22e5a27b11
ACCcf16bec15f,IP05fe5fe1p90
ACCdf8d742417,IP33d57d7210
ACC26de7f76e3,IP9c39ee032ef
ACCd5914c4566,IPaEbc5149b1
ACCdd3cca5c78,IP59abf9f7f2
ACC98c9c94667,IP1322006a57
ACC936630515a,IP14367e2a3c
ACC8fa0a237e0,IPea771dfc5
ACC8212e9920c,IPe7ad22e68b
ACCe34fd68889,IP9aa4365b8e
ACCaf0026951c,IPdc50439de8
ACC3272f225fc,IP6896b416c
ACC42a309ab67,IP9ae43f86b4
ACC248dc8d3a1,IP1632b79d77
ACCe8fc662c28,IP6dc16d085d
ACCb0c33b990a,IPd107b75466
ACC3d8001b2e0,IP0620ece48
ACC9888db5a9e,IPffda254043
ACC6fd58265b4,IPdbea3b0d25
ACCbe51d2a791,IP844f32bd98
ACCb53b278701,IPb57bc83ab8
ACC9925131dfa,IP61e3a30f63
ACCf0c7195ba6,IPb1470ebf74
ACC5a5279755b,lIPe417be78bc
ACC395e462f88,IPfd4c2b7bdf2
ACC9a89d778a7,IP27364ebaef
ACC3c7e14bc70,IP2a3797713e
ACC553347dc43,IP13cf2e1a46
ACCa5a32b1500,IPf3fbc6e08
ACC3f016b38c7,IP40daaa8008
ACCb2261b9bd1,IPa3a004137
ACC0d1d14243e,IP846fm6267c1
ACC6e74ccd43b,IP16ead97cd7
ACCbea5a4b8c5,IP5572dc95a8
ACC53e75ddff6,IP583450e411
ACCd53379dea6,IP915d7e5953
ACC4fc6cb2f76,IPf18a91be7d
ACCd2cc140fdd,IPdf77bfccf8
ACC566757daf0,IP70cd9f6900
ACC3ad59af13c,IP1e4175f54d
ACC82b2f47b0f,Ipafce315933
ACC7f960c0f4d,IPb7e561c714
ACC7a88d99f9c,IP84ab07c41e
ACC324bd08c77,IP890c55be7
ACC2248175753,IPdbda919757
ACC8c104e3eca,IP6da2ee61a
ACCb2a4690158,IPf1b9bd2964
ACCcb8159f77e,IP077afcfe4f
ACC321b6ebcd5,IaP9f3383561
ACC0367155b0d,IP920f57aadd
ACCad2e14b038,IPa2a0266eff
ACC3435686297,IP5dae362c4
ACCe929d436cc,IPb4ad591dd1
ACC344b1d0d1b,IP51eba5c859
ACC89de4fe877,IPa1664390a8
ACC7f49c177cd,IPa4ef9735bd
ACC324a14cbd7,IP8fc1a03a23
ACC174a12d5b7,Ipda83cd776d
ACC8c5a289d11,IPcaea124cbf
ACC31d1101488,IPb3fa500d2a
ACCf4ab5f2c27,IP841dcb40110
ACC204e1c8e3e,iPcfc5c4bb96
ACCb4b65672d2,IP93556f9685
ACC43c5245c73,IPd82c05164b
ACC9102c1b3e2,IPc44f40c945
ACC42ead43f7d,IsPedd85b5856
ACC0e0a657171,IPf805595041
ACC0faeb77196,IPf2f5671531
ACCd8599ada21,IPf51105aa13
ACCefadb3729c,IPc1ab08d44f
ACC10f6e2de59,IP040b017ee6
ACC9c093817b4,IPceed2419b6
ACC54e4154cc0,IP3bfbD78180
ACC49354df9a6,IP5d8adaace7
ACC6aaaf336a7,IP18347db9bd
ACC25a76d933e,IPd63472f2fa
ACC48fff0c386,IP876f648bc
ACCf22e4fb374,IPc3c3df3ac9a
ACCb15547fd08,IP6c5fd8f97f
ACC76ccc8731e,IP94ed6172c6
ACC858709e7e5,IP9020f69b572
ACC868bf1752b,IPf8fe116dac
ACCe9362c9ae5,IP8dadd0986a
ACCb2dee898cb,IP97445f41c3
ACCecc4dc2bf2,IPc8c078d45d
ACC894dce7957,Ip71e1befb83
ACC7ce73c12ef,IP8f80f48e4a
ACC6254f59f0b,IP946f8f3f10
ACC90acf2fe8d,IP0bbf863a2
ACCb55c232318,IPe168a564b8
ACCfc5b3170c3,IP437bb0a783
ACC66a393337a,IP69a5c16120
ACC7c21c2fe0b,IPfa246f0cdf
ACCcf84b6b850,IPd611b55bd7
ACCae50a93803,IPa5fdd944ce
ACC94fa7d3979,IP24bb972445
ACCdcffdff533,IPf73b272639
ACCfbda51961d,IPfe782badc5
ACCa9c1548191,IPd0972869c
ACC65c9bf4f85,IP4a84580365
ACC50b078a13a,IPc6e442fd46
ACC73e400548e,IP1e5c8580c9
ACCd43b992569,IPf3694fc5a
ACC3f1db935ca,IP32bbf56f3
ACCa7c0707c56,IP434586d45c
ACC978784f64a,IP45bd3247ce0
ACC9f7a78ccab,IP36990d47e9
ACC5657d29078,IP42095fd701
ACC29eda72b29,IPeadac5b297
ACCba15b98ada,IP98f73f2D22
ACCf913bc6cb4,I7f445bb3fe
ACC32dd8fd901,IP8c976e9054
ACC7e08531d96,IP98ccd95b0d
ACC7f9ae22fef,IP749d6cbd79
ACCf3a0d989e3,IPe7066f3e9b
ACC27987599e5,IP5ca48eq8809
ACC8f859a330e,IPl5c601d3417
ACC34fae25858,IP32c3e8d059
ACCfc07ed9187,IP2cb881806
ACC0128c53d88,IP7e3f7f05c1
ACC994c43c0db,IP2f30106ab4
ACC1cd296bb67,IP7da4139028
ACC726d041b0c,IP3f0d28f9b0
ACC9db0316099,IP452adb9386
ACCab3cd47b5a,IPd47bb0a24a
ACCa9b607033a,IP2f72510874
ACC0a34139c76,IP2f1cd0fma22
ACC33d35505ee,IP5dfec1aa8c
ACCba36c58514,IPbb901f5a89
ACCd5ff2900b0,IP700f067db
ACC31d73a3894,IP7e9b6514e6
ACC02ed58ad94,IP7470f193ea
ACCf04ca2c531,IP839824b962
ACC828624fb26,IPc00293dc7e
ACC861b5285c6,IP62f6e9a7f7
ACC47a63f3523,IP0ef51822f7
ACCe4685a599d,IP916409dca3
ACC934bcfc3c8,IPf692996cac
ACC05607e62e4,IP4aa38db113
ACCff24238d3e,IPdb5523782f
ACC6f3f92f254,IP264057c528
ACCda4731cf67,IP7ccef95cca
ACC7f79368888,IP30aa7a3472
ACCf5632a9c7c,IPdea5f23b8e
ACC3c1d540645,IP58f1821f6d
ACC0d15ae2a00,IPb2b69co3e22
ACCc83d02f0c6,IP166f9b190
ACC8e40d55d61,IP6e928457d4
ACCb0f8fc1303,IPd855e07ff6
ACC5c3e0896d9,IPe31db3bffb
ACC2958f590f4,IPa7b53c1119
ACC85f5cb2055,IP00b23cf12d
ACCbb8da6766c,IP9f0c2acfa9
ACCdc1e786f57,IP6c862f573e
ACC46963545b0,IP002a7d3488
ACCe0094ef5dd,IPba6036412d
ACC6a3482ca9e,IP5241a96290
ACCb0e945348e,IP4bfe61ad78
ACC70a24477c3,IP596a49c0c9
ACC5f9dfc58c3,IPb148afc97e
ACCd954347b35,IPf494bd7c91
ACC200036e255,IP31c287a054
ACCef61376f41,IPe3f6647333
ACCe934031191,IP2095440038
ACCeaa1c3dc20,IP344aa0da6e
ACCde0c267f05,IPfb8e0v8ec04
ACC0f6eabe4f0,IP2fe74a1c6f
ACC5f82c7d7ef,IP33b46576bf
ACCfb888b7bd3,IP93a42136fe
ACCdb08d31def,IP0a4972b4c3a
ACC3ee2950f1c,IP6600ba3332
ACC1fb5f93ec9,IP1f0799eaa0
ACCe9c4382b5a,IP88ca885743
ACC607db4bddd,IP05c78a4140b
ACC8bfdf064cc,IP0d876552dc
ACCe1ae048a39,IPab4060af7e
ACCba2dbd3abe,IPad73381a8d
ACC799c5e2079,IPd9aa8bb5b0
ACC2ee94f4b46,IP214eb42843
ACC911ba10698,IPab5975895
ACC3b7d672816,IP36b01d417f
ACC0d5d325911,IP1c4827e953
ACC21b0812bc1,IP1af6bf921
ACC1eec43436e,IP06904272c0
ACCd920ee1dbe,Pf042f29dc1
ACC3a680ddda6,IPe5d5a2f8ea
ACC3c09d5f053,IP40350b18d8
ACCab97913970,IP3f64138780
ACCb421414dea,IP5b840486c4
ACC33e874a5f7,IP92ce981e5b
ACCa7d23e8e11,IP4e57b571c8
ACCe3e02340e9,IPe083ceb473
ACC7f0df7dc31,IPac11455f5e
ACC29a3708ac7,IP315ce867cc9
ACC5c06978e46,IPc4606f625c
ACC358676e7bf,IP3da994840
ACCdbc14bdbc2,IPbd26a4776e
ACCb5699925f7,IPb2e72187ed
ACC55277e2ebc,IPa1d142f5a0
ACCdb52b73a95,IP82d1679dbf
ACC1643422c69,IPdbe18e21c6
ACCd51577578f,IP00175783aa2
ACC867349f95d,IPbaf2729800
ACC68be34a5df,PIe8e31af300
ACCb45c6340a7,IP8c7c72e2601
ACC3b534cb39a,IP0a5c207d3ca
ACC539f4975ed,IuP269dc2dfd9
ACC39276346fe,IP99ee19a797
ACC2074b3eb7c,PIe9b3edbd67
ACC90db04b023,IPbd58c1b681
ACCb6415e43f5,IPe1e854fb09
ACCc635d9b4e2,IP784a704cfc
ACC3216fde93e,IPa33b3cd220
ACCf4026ef900,IPb011543f2f
ACC3622e217c5,IPd950aaad65
ACCe66c5e1d7f,IP5818e494ed
ACCf10b62b5eb,IP093e12498
ACCacc8130df8,IP5fa4f84899
ACC19a8e3b0fa,IuP689c0931fb
ACC952472012f,IP9ecbA27c0e
ACCe264ae2258,IqPebc8f4738a
ACCbdf76b1fb7,IPf55a80ff1f
ACC1f267d516c,IP682a82571c
ACC028435d988,IPab964d4b2d
ACCc15010ed96,IP5bf09876f5
ACCb176f56e5b,IPb528bb67ec
ACCfe4a9da1ff,IP06c9d2ae4d
ACCeea6d84bc1,IPcb18792bc
ACC41eccbb788,IP285a0ccb93
ACCce13e63ff4,IP95dA3e4dfd
ACC9a4cc18111,IP177780cde
ACC501d6a79de,IP8dfc67d9eb
ACCd6f8c73ffb,IPd94476452d
ACC1367e4594b,IPd1f49d7639
ACC8165aaf16a,IPa3e892860d
ACC9eed6cc298,I54f472899c
ACC6284f7d4e5,IP2caaa21b81
ACCcaaab18032,iPf3ccb20f83
ACC38303cd732,IP67bb0a771c
ACCec411c8239,IP3d40aa4c8
ACC997149ab73,IPeb39351e33
ACC561ca32b10,IP2474753d9f
ACC884438f36c,IP531870dd9
ACC9eed0dc1dd,IPb3ad227d86
ACC97d654461b,IP136dce68a83
ACCe55db3ec00,IPe8edb83f7
ACC0f7f424faa,IP880d0c08f2
ACC4e201e133d,IP04ce35fe38
ACCecf6f157ff,IP9996139726
ACC71dcedbbc8,IP9b71c8fd00
ACCb0cae3a610,IPf247106a9a
ACC757c2b710c,IPaed35d3caf
ACC90195d540e,IP65f2d522874
ACC811c191a54,IPf0282e4046
ACC9ea5b79aae,IP1598215604
ACCf84c8f8d45,IP5d8c0edd10
ACC1586266f98,IPa6407275a11
ACC5d3f17b032,Ip323d2d730a
ACCde821bc701,IPc39e3bdb02
ACCb22342d8f2,IPd603c8a16
ACCe34d0cdc99,IP2f7546dA88
ACC047a590833,IPdddc3cnd092
ACC344494f04e,IP3960bfc8b2
ACC01d1a231e1,IP5bac6b4ae3
ACC5fcff0d809,IPf3a954ec05
ACCff19c7e9c0,IPaca84739c0
ACC6cbfabddbb,IPc3566f2e58
ACC4e719443d1,IP75bby832b78
ACC110f3a2a35,IP31c4398bc1
ACC10703faa84,IPa30c93b6bc
ACCffd8461510,IPb933f0315d
ACC8848527e66,IP63f6336d78
ACC512baa4f47,IPc8b49cbde4
ACCc9bba3638c,IP0d6f428c13
ACC2ab973a901,IP644289d34f
ACCea03e3a5ff,IPcaaaa17ef2
ACC0baebeee4c,IPc226867ef2
ACC3640cc1129,IP998ba26bfe
ACCd907b146e1,IP7c4b42f71b
ACCbdd7763cd4,IP52fd055b22
ACC783b573d03,IPb9918d5c1d
ACC82c30447bf,IP0ce8be581
ACCa1a02280b6,IP9cf14af03c
ACC0d17230dd7,IPf1aaf75201
ACC9584fcbf66,IP041k18d4f03
ACCab9b2675cf,IP28da108609
ACC84de968c80,IP2e4ad9e30c
ACCfc2c1fc953,IP95ab65a1f6
ACCc62e3bd6cc,IP20ca5d24e6
ACC30f34fd514,IP515e3a68cd
ACCf940d3cff7,IPbh2b7e5ca77
ACCfcfa1764a1,IPf3ab8dbd47
ACC53fe3f45ef,IP930er2a71bc
ACCc16ec32b18,iPd51b6f2703
ACC6872459232,IP25fd9cb3ff
ACC157eb7652d,IP5e71c98667
ACC824c2b8242,IP50602b05ce
ACCb271b9dd69,IP4ecf5a4c63
ACC379baede06,IP53d85e2db8
ACCb74a4ddfab,IP1a2d0e63ee
ACCe43099e657,IPb6af3dc820
ACCb70c05aea2,IP5b0e0c45d1
ACC6caef13cc1,IPfecfa75d0a
ACCa3ea0c4559,IPa403fbc042
ACC169eb20311,IPc1dff9831b
ACC38b9e301c4,IP24e31d0c70
ACCdb41e6eb44,IP0c3bc77621
ACC6371adf269,IP56aa5f5649
ACCd6d8234533,IPf9e04b2af7
ACCb9cd453a9f,IP83053d775a
ACC73a9909f43,IPf69a6b7e6e
ACCa18fd0ced9,IP8444c3ba8e
ACCdaca0de379,IP0af74602e7
ACC2fa4989417,IPf146a35202
ACCd93ff671a2,IPc645fcc338
ACCc566455cd6,IP39dbbca56a
ACCf7908f564d,IPdf64299b2b
ACCc367039c53,IP74ddbd77f6
ACCb9ba9ea924,IP663cf2ad9f
ACCceda21db29,IP2eb0e147b4
ACC7b9100f3d6,IP0751e40319
ACC810d320554,IP8a9062884
ACC17634f7498,IPdac3f543c7
ACC73a9cc6b8c,IP8606c443f8
ACC4a360aa79a,IP7a2f64b7De
ACC91cf5f99c1,IPd9dddd2524
ACC2407f931e8,IP7a16f0e077
ACC6503c78b03,IPa0510d9ef0
ACCeb0f5ccd09,IP4667aea498
ACC364a96ef60,IP9eccbx9229b
ACCac7f0d4631,IPbc9f3267fc
ACC0e8a70cb65,IP4b85b9ef5
ACC2278635d31,IP9fb960268d
ACC3d701a410c,IPd2F4ef78e0
ACCcca8bbe3e9,IPa6a18a1aa
ACC6b04b2a4c7,IPd89ab628cc
ACC9837eff8d3,IP4de22360de
ACCcd941d1022,IP2cfde76fff
ACC79907424ad,IP05b1b39ed1
ACC2b6ac0c8c0,IP2d7538b3fe
ACC17aff517cd,IPd094582a7
ACC39fa27817f,IP22dc9cd37d
ACC7ac04c1971,IPd70487a8b1
ACC2645ac6a33,PI32b7edb557
ACC0aa77382bf,IP7b524d603a
ACC446a5f1968,IPc280452fe8
ACCdc35612cc2,IP87bfdbcfba
ACCe01a123353,IPf69526ac22
ACC14958b6b36,IP9278fd34e2
ACC74bbb4943e,I7P7e3d815721
ACC89512608de,IP767d0a62aa6
ACC311ffe086d,IPde0c472272
ACC42b0277a7d,IPad8934b1ec
ACC594f7bd159,IP29600f3be6
ACCd172a48a09,IP3ab38b9c8c
ACCe4ae5fbc8a,IPca8c6fcb34
ACC95d3a5f74b,IP53334b81d8
ACC5d9b4a904f,Ip6cbe96db18
ACC0b2b1c629c,IP591004a345
ACC617168d7d4,IP394688e3c5
ACCfe76f1b2a7,IPaa60fb312d
ACCdd6c104c42,IPf673a0721b
ACCc4071855ba,IP473dfcd6cf
ACC2ec0252723,IP3a11628faa
ACC2855850f99,P5f9e9d98ce
ACCfce6b1eec9,IPf3ccb1e21c
ACC9612629979,IP9e184d8097
ACCe3fb25007b,IP2641cc0945
ACC65ecaedaf8,IPdd29dfbc4a
ACCbd32b15429,IP44ab680110
ACCaa2d2bf3f7,IP1bf444a15d
ACC67e6ddbeeb,IP65309d3f4d
ACC7b132ba140,IP9a318ae8f1
ACC1f056bf1dd,IP622fff516b
ACCefaaa425ee,IP0c503aa2dd
ACCdc4fb791a2,IP26605a6189
ACCcd0269c4b0,IPc8acd15f9a
ACC253b3e92fe,IP381bbfe42
ACC2adec433ce,IP05cb222c6
ACCcd25497461,IPa473853c50
ACCb29bfa9f40,IPf4ed95435
ACC1ad852cb81,IPf43d6ca63f
ACC3caef939dd,IP06cd60c652
ACC8b63720f6c,IP612bae433e
ACC315009c0e3,IPae16dbe367
ACC0db72efdfb,IP8f9122ddc1
ACC897f7e4d92,IPa5822043a
ACC8810a46a1b,IPp995ac90d2c
ACC5e00b3714a,IPb7278eaed
ACC1cd942fab7,cIP7b958e5207
ACC7684b10b36,IP75e4619a83
ACC47f5855871,IP0a94c099f2
ACC66f342cf4b,IPe9f8249a1e
ACCc378acd224,IPa164df990e
ACC0242272cf7,IP70a2099155a
ACC1da4866fa6,IP02be02237d
ACC24aab25188,IPc101b8b9cd
ACC9413a95688,IP633c2b6dbb
ACCaa278cf090,IPb93fe60387
ACC9e9e0366d4,IPf1d08f999f
ACC0b12268bf9,I095fee9035
ACC6062b48002,iP1ae8c61095
ACCa922a71a58,IP87f97a12b8
ACC759b73fe6e,IP35baf1498a
ACCa27ed99f00,IP63c7d793c4
ACC23a9ee90d1,iPd0b78c3f3c
ACC41bf682751,IP09ec0748a5
ACCdd328d5da8,P27ed46dc5e
ACC714ceec9f9,IP6490e78272
ACCe4ad50cf2b,IP1b39f06fe1
ACCbec64814fb,IP1109e9a697
ACC223024dc99,IP852d72baa0b
ACC9a4fdd5d5f,IP94bea6ee76
ACC4f5438b41a,IPa542c2f0ee
ACC2512f3781a,IP91b398e2f8
ACC7b668a11f1,IP5b193e6b56
ACCa729b8b223,IPb2770741de
ACC3eebf3e103,IPa717d152bd
ACC31342c3e37,rIPc7062d3229
ACCbe725c5434,IPefda539ff3
ACC85f61cb4b5,IP28eb6efb3e
ACC519772d9bc,IP9234b929ab
ACC11cfe7604a,IP1ad2b3a0450
ACCc0ae92a206,IP7b186e02ac
ACC888186b5cb,IPe2519b16dd
ACCba143cd72a,IP196e934736
ACC82067897d6,IP8c5e75c3ba
ACCbeb2266d9e,IPba0f4eeb70
ACCa809911045,IP9e65a73d1a
ACC788c26fa63,IP0485df252d
ACC01188c5197,IP873712347a
ACCc139cf6008,IP432b0efee6
ACCc686490165,IP367fb510ab
ACCd2fdf1a096,IP072c180e5e
ACC4447900811,IP332a86fde2
ACC8f8b36f5be,IP8c6091ed72
ACC012ef42a29,IP65b9b04787
ACCc7abd96641,IPe5bc723d79
ACC2bcee15ac9,IP726dEa633f
ACC2eddd0627f,yIPb0ffc500fc
ACC11e21d81c6,IPf9e316c06
ACCe797525657,IPb15e3058c1
ACC0e176a6964,IPf123f8881e
ACCb02c5f8af9,IP1e3298843e
ACC70d13b8856,IP68135abaa8
ACC7f6534836b,IP05530689c2e
ACCe4d8e155d7,IP6c7900fd37
ACCf6c568393e,IP0d7a06e40f
ACC4445bcbb97,IP80fe4f1112
ACCa8da26b26b,IP4dd3168039
ACC0fb329b2c1,IPc2cb8d3453
ACC05e96630b7,IPbfea703266
ACC684e2db6af,IPd5d6f1b025
ACCf1dd88896d,IPffad781f2f
ACCaeb5c87f48,IP60916c1b87
ACC399af98ed4,9IP518f5c2aee
ACCf886736549,IP29f4f265e9
ACCcb0ad28c9f,IPec77962309
ACC986681521a,IP355ac1d2e0
ACC3ddcaf9809,IPe6fd6e9b9
ACCfb19bc8423,IP355ae91cfe
ACC64edd8bb8f,IP91188a9954
ACC27b448c3e5,IP9b2ef9b82d
ACCef3dcf6b06,IP7d0b01f845
ACC68c80aae09,IPea86e98073
ACC3e6741426f,IP3ec6bc854
ACCdb55595de8,IPfe8319d3e1
ACCd59d178479,IP4d5d61b0ad
ACC6f4925979a,bIPda4c26d62e
ACCd92040d5e3,IP87bea0ac73
ACCe5db5a76cf,IPb601b4d940
ACC6293fabd10,IP76da809894
ACC4f6c0d5542,IP372faf9e98
ACC06cc6f05eb,IPf0386395ac
ACC1da808de61,IPdcbvce778df
ACC1270f1edce,IPf4e39b8140
ACCcc8344d8f5,IP052f157c4c
ACC0a6e7424ee,IP257628410f
ACC809ce0098b,Ip2865779524
ACC863558b426,IP8c6fb8a1f3
ACC4b9b2d7cb8,IPdd45113d8c
ACC5176564722,IP88fd22475d
ACC18d9297b28,IP04a0ee1a5d
ACCd53f16087c,IP86f98d0497
ACC63f0688c33,IP04d60fa0fb
ACC01137e8994,IP7b524431a
ACC7c80cede4e,IP074ebb44c0
ACC73fc393086,IPf09a974c92
ACCbb7816e4aa,IP0a42d44980
ACCbce3826d8d,IPe6a5ffbd07
ACC089c111628,IPbe8c781fea
ACC6ff09d2b8a,IP268c38b5e4
ACC868fe09800,iP862f13ebee
ACCd6e0c6c5ce,IPfb5f2577f2
ACC47b52a398a,IPb539658d04
ACC848010090e,IP9c0033de03
ACC1383506a80,IP7908b83fbD
ACCfe3d12bcdb,IP64263ed6c0
ACC202ccbbfa4,IPf5b8e77107
ACC42d3e216bd,IPf5e1a5cft76
ACC89fb5e8199,IP6f69d4c75
ACC8e2a6e30e6,IP01d6ccdb53
ACC21e041692c,IP817fe11e9
ACCb49e3f4150,IP4cbba5d831
ACC853846ad01,IP0f98799575
ACCab1646d352,IPc9dbd866be
ACCacedb5d1ba,IP630adA33de
ACC5537f9742f,IP6342e225c0
ACC43a6601cc8,IP897aC8a0bb
ACCc2d674f7fb,IP5ac710b4a6
ACC37328ca48f,IPaa4c4ed77a
ACCf2ed9af432,IPc4Fcaaabbb
ACC15d4d806da,IPbec99c2bc0
ACCec7c8a52a0,IP6d9b4f0583
ACCb0d199e402,IPb09816c7a5
ACC6e469c2dfb,IP7f6b43d0dC
ACCd63aa11c50,IP908c1705f0
ACCc7a83b8670,IPefc301f490
ACC9d15fd969e,Pdf5834d65e
ACC27de142f42,IPd03af1231c
ACC76aa813cea,IP1ee6038296
ACCddce6e2f74,IPa9996ad755
ACCf7dfd1d22c,IP71fe4ca203
ACC3d2f708027,IP98e3ef8fb5
ACC31dd7ef8ba,IP0002d83876
ACC9704db035b,IPe036312631
ACC9ffbb7245c,IP555a5995f5
ACC77e572eb26,IP5c1a5f6b13
ACC6d6217a851,IP5dc4fdcfc2
ACC6a721bfa18,IPa57526d908
ACCfcb1490401,I3P4e0b7e03d
ACC5a02d51084,IP8b793c561d
ACC7773adc08a,IPd508767296
ACC05982d58c9,IP8ba1dbebc3
ACC5c32154888,I7Pd0e781464
ACC3d0cb9f353,IP49f36c3p66c
ACC6fbb575c7a,IP95c4c3e2e62
ACCaf93ff0f25,IP896ac94af
ACC9c1b4d55bd,IP3f54dcad2a
ACCabdbd117e3,IP53bab5b563
ACCd1cc0983cd,IPpeac2d99b0f
ACC019f0903c2,IP154b766015
ACC3c1bce3446,IP81eff8a03d
ACCe20031e64e,IPa7f010364d
ACC0f67e3cf29,IPb2f64a86b6
ACC88444fe7c3,IP8ac9c1a3d
ACC8fba1476b4,IP6b4642227
ACC97c2997896,IP121541ak4b1
ACC59df16029e,IP0d28a7a18bf
ACCebc9130065,IP597564a736
ACCf1b3201c4e,IPd0bc43887c
ACC7145b2db71,IP2f8x3cde7e4
ACC107c38c21a,IPe1a5c6b472
ACCf7bbf36fc6,IPbf94437a33
ACC2e742d1480,IP8c4e6b05f1
ACC6817527bd0,IPa96bac85ae
ACC1e20c3dcef,IP4fa9d76159
ACC9e4d971b03,IP503f6299D6
ACCf26f965e52,IP8287d0d03a
ACCddd25437f7,IPd34de19f88
ACCa108acf492,IP68b58a4fda
ACC36c47ac5bd,IPc2ac975c33
ACC50194c40b8,IPf99e55aa4c
ACCba33c119a2,IPb34b22055a
ACC6a6871d087,IPa9ee47e740
ACCbc229141b8,IPa9ad957cd8
ACCb16d724071,IP33f451d1c7
ACCe63f1ffb4b,IPaf36477ed
ACC8429efcd0c,IP135965e289
ACCaed04de9d3,IP9ff4d979c0
ACCc91fc10fd3,IPccdf9t0ad8a
ACC231a0996b6,IPdf0895b252
ACC37800d7315,IP69198a303a
ACCe78f2449b9,IP891e4a8369
ACC67376f0953,IP0a25ad3d1f
ACC435bb9e1f6,IP948a7za4d4c
ACC02d45d5860,IP7dc121065
ACCf77a850d92,IPec3dcc5144
ACCa28db794bb,IP11fed8c440
ACCd499c7f1bc,IP7f6deb396
ACCff1f0f46cd,IP10138ebd73
ACCb298f63684,IP5p467fd685a
ACC6fcc2ee549,I8P1329bea092
ACCe627310671,IPcb9704bbc9
ACCf79ace5b79,IPd0c9372ea2
ACCae8e50acaf,IP51033f6faf
ACC078f72e9a4,IP534226c4e8
ACC1c4f6c0971,IPa62a5dd35c
ACC62d8dcad94,IP7f0404d490
ACC29b86f4d78,IP96d424fff5
ACC6fa128bf49,IP3fcdc5f25
ACCbea556c7ad,IPc75f1ebb4e
ACC0c57874be1,IP848131c743
ACCf3fea7ea49,IP33b64f089
ACC25d0c592ce,IP97180cbe80
ACC71f859c7d9,IPf865961c16
ACC90a8690860,IPc5df33e8da
ACC1e6b7260de,IP1a8bf19e8d
ACC8496e6135a,IPf704d869b7
ACCfe97d842df,IPef082ad40a
ACC95bd931713,IP47e95d1611
ACC6b6fc2e21c,IP06bf304617
ACCe75c7c5eff,IP3186b45a07
ACC327f2f004b,IPb0ae0317e4
ACCea1ab5eed6,IPd373f1dc65
ACC54100d892f,IP6ff3147C9c
ACC9b1e923f7b,IP6ed75ace3e
ACCbdac9c42fb,IP040835604e
ACCb5c1bc7e6b,IP9ab2ebcfdc
ACC4a8f646646,IP1b11c86ea0
ACC91f71b4c5f,IP68fbe9c4bd
ACC3397ddb3db,IPee8e0ca533
ACC6f6c49182c,IP2883fd78b6
ACC54cd7caa77,IPd748ee61a7
ACC3520f82b38,IP17739280e0
ACC603acd1234,IP306f5e2f5c
ACC3798007c48,I7ca25c5d8b
ACC5e42d6e761,IPba3a56f902
ACCc7a3a2dc6d,IP8f6d17782f
ACC5f1c133883,IP7a33297dcdb
ACC7e023e4761,IP1e6a3eafc9
ACCf7ae2adee2,IP4ecf8698662
ACC50948ab6bb,IP8274ffb2f
ACC2b6b0744b8,IP7542f654d7
ACCdc6c591897,IPc099cf9691
ACC00df74dcd6,IPd63c653507
ACCfe49380371,IPc99c974df1
ACCa4ec768903,IP6212f25cc
ACC923fb73ffc,IPe7a915172a
ACCa63a1a5591,IP16671d06b3
ACC8adc8907fe,IP2a704084b6
ACCc8f52ccf26,IP07281b806f
ACC01607980e4,IP028ff4f745
ACC3f05ae1807,IP15a73670ad
ACC229513a578,IP7df6cf54d9
ACCae0e4ff410,IP0b443c337e
ACC9a64fab476,IP99b6541ac6
ACC61013d56fd,IP6c58a1dda9
ACC871fc3da5c,IP57f2481e0A
ACC77148ec745,IPceafd072d7
ACC0dd9c4461d,IPdda9618338
ACC712e89964c,IPe9d4f08f25
ACC821333b513,IPa1b9c09964
ACC6a1db9b026,IPd68e0550cd
ACCf8cb335f3d,IPc9e0570452
ACC76eca00e49,IPabf8b8e16b
ACC132a8cab6d,IP696f004616
ACCa580edb666,IPc943021f1
ACC224397c3f4,IP387b4322b1
ACCdd753df54c,IP69d7sf5c2a0
ACCf2aa3aab4a,IP0a72e7d62e
ACC2ba489f132,IPda31f7628
ACC3b4b666f13,IP85cd16dc18
ACC11e6939a1a,IP0428ab7cf1
ACC8cd28843eb,IP4901136ffa
ACC67da1d5fbb,IPec1142c115
ACC976a1e6133,IPf86128a4c4
ACCae6b7c9921,IPc4e6f502c
ACC9694591fce,IP4e6ad5c1f3
ACC1fac1fbd48,IP0a37cb1075
ACCe48acfe56d,I27ce4bd5da
ACC454855b236,IP4Ca9412fd3
ACCb2fabc5ed1,IP8e60d3b92e
ACC43a8753e84,IP6bebf58e51
ACC11efc9e629,IP4d8d64160f
ACC21b3758eee,IPd336f65932
ACC229c202bab,2IP53ee89fb52
ACC24f114c3d2,IP8bccc41db3
ACC5f87613e90,IP189b2fb931
ACCc8a3c61a60,IPe354eD91bf
ACCe3ebdcaccc,IP809f594540
ACC20fe4309fe,IPde1883b136
ACC0d4920b6c8,IPcf065eb46
ACCa3c5b111ae,IP32441eb927
ACC6660474902,IP90d281ca89
ACCd6c8610f73,IPa99a267ca8
ACCfd40c172ef,IPe6af1hf11e0
ACCbc5547ab23,IPaa7e73e70f
ACCf0cd10a250,IP886aa780ce
ACCa0c34f40ed,IPc0b6a14263
ACC664a599184,IPe0a0f7139c
ACCfe61ca4570,IP188adb5b8b
ACCe5c6529377,IP94ab5a8ede
ACCad78c7b4eb,IP3ff0eabc50
ACCf5ce0a7f99,IPa0e828caad
ACCb2f33e3a54,IP440427692
ACC0d48fd387a,IPedce77020a
ACC8a61a310fb,IPf09fbe9eab
ACC68161525dd,IPe0bc8035a7
ACCa20738ab7f,IP2142i27447e
ACCf52dcedb75,IPw096e49bf17
ACC94cd138d95,IP88116e085e
ACC2f5e394ff5,IPf23bf85341
ACC5f5570db58,IP026c6e1195
ACCd22ed53cb4,IPe2186bc1cd
ACCaec4fc530b,IP37a9a37a84
ACC475649aee7,IP56aedf5ca
ACC5ec34383dc,IP3c49c93dd1
ACC91d46d8a8b,IPf503020x4db
ACCc5c2083e2a,IPacfc1ab3ed
ACCbb6b66d54e,IP3034718976c
ACCfd8869f22b,IP8d8f652e7c
ACC52a72c7940,IPc4baec8661
ACC59b231aea1,IPcbb6276272
ACC9b75e82cf7,IP829ee2dd7b
ACC630812dce2,IP6c2a60286a
ACCdc4f5c0540,IP4da75e2426
ACC67105f21ab,IPff1724b11e
ACC9bbd0f2ff0,IP78689b9f4c
ACCa729c56008,IP592aa265c4
ACCa0a7ddda8c,IPcea6e4ef2
ACC1c7d4c50a6,IP45wcd6fa01c
ACC433ae08bc4,IPffbb03dba9
ACC4df39ae65b,IP7ff5095c28
ACCd40ff059c9,IPa7004e498da
ACCadb0eda1ee,IP1550c36bfa
ACC37a727e7c5,IP187c6c18d0
ACC856332e8d6,vIP16871aaad2
ACCf2697e6fd8,IP55ab520c9
ACC7190851310,IPee09215f109
ACCa82fe5359c,IPe2ff821008
ACC93760b9a89,IP856d98a169
ACC06e9c86d8d,IP28f92775a5
ACCe865174fed,IP864749e87d
ACC10231ff542,IP52b1c034bd
ACC08bcdb5e0c,IPb17048cc67
ACC1ce4fdf717,IP89bbf710i03
ACCea06e0a356,IP694444738a
ACCf75f6a6352,IP3d5dd81968
ACC4050d82583,IPb3daaf9e90
ACCf6ee04aeeb,IPa66e25b99
ACC1b2b901861,IPe967440cb5
ACC7c07259221,IP12a39f4d25
ACC2cd0ea4eb7,IPf1d447da6c
ACC6b1af347fd,IP0d772b4095
ACC8b48822dad,IP360f4f23f
ACC53d8079ded,IPafb6e06497
ACC54de1e1a7c,IP943a28fb4
ACCa32fc3ed1c,IP28099f573a
ACCc7fa885c0c,IP6780afbc0e
ACC1748ab4691,IPccee53e565
ACC609f3ed97c,IPa003792f20
ACC3422f356fc,IP2bbdae0aaf
ACC99810ae45e,IP5dd6a89312
ACCcccde488b9,IPa363110202
ACCd70dd352cd,PI1124f7fdf8
ACC844f1956f6,IP232b3e67fb
ACC8ba6d4a3cb,IPea766dc1bd
ACC927d99688b,IP559e05fca0
ACC2e68160dfb,IP7190598454
ACCea7b267cde,IPd48519315b
ACC4c9fce2bf8,IPab06a6g2894
ACC243e26e864,IP22479d1d3b
ACC9ec39bdf6c,IPd1a6127528
ACC2cf47c1cb2,iPf19f80b40e
ACC4adc48cb5a,IP4a0ef5c3cc
ACCff457b3c68,IP8d683bc2688
ACCcaa3989b74,IP900387ad8b
ACC4da40f2148,IPb23e56e1a9
ACCd54823c0e1,IP2f82888347
ACC85d2dfbad2,IP8f048b34df
ACCffe4f55d25,IP66a15f0bc4
ACCdf8628f83b,IPc15677a2a0
ACCd81aa5e857,IPd9f80f7943
ACC470523b514,IP634b4da378
ACCbfdd536e0d,IPbbb3cdcc52
ACC7b94ff4be0,IPfb2c036862
ACCd2feec3193,IPed8adffbe
ACC23ce4c1a7c,IP0bed7fce3e
ACC15f85778e9,IP4c51a4b2f2
ACCfa513bdf00,IP17d79415d6
ACCedbb5eb103,IP7213e29952
ACCaea4487cd0,IPe3cf58c284
ACCeff3cbe23d,IPfe7813a34
ACC2abde8da0b,IP6cb1e256fd
ACC8e31bc1f53,IPfda6d7d899
ACC088b42bd57,IPe7f8cfd6dc
ACCf10588142f,IP2ed67ad101
ACCb5da201d70,IPc9ef00af26
ACC492b874442,IP4337c7beb9
ACCcb8f35a188,IPa73e27a548
ACC1123f3b463,IP7a9a715dcb
ACC40faf5d609,IPa829137709
ACC4e53d4c75e,IP12566c5b39
ACC478487de2a,IP8617f81583
ACC6e0160d272,IP6b716d7b83
ACC3f9d30cafb,IP5f5915ca39
ACCe62817c02e,IP962c4999ff
ACC281d70357c,IPb702957546
ACC2af2a55500,IPcb6fbf60cc
ACCa5c53a5500,IP30cffabee6
ACC321e9dffe8,IP5573fb8f0a
ACC71f0cd4c8b,IPe0796b357e
ACCc58b38cbdc,IP6e52465485
ACC6f59771627,IPa02x97317af
ACC400de1ca49,IP6960751415
ACC5c3171aeb8,IPf42edfecfc
ACC6834eea702,IPec1d9c1870c
ACCd810121a59,IP775f3347ae
ACCfeb2e42275,IP6cfcedf75f
ACC1e3af65c22,IP13d621c936
ACCfbe570716d,IP482044adb2
ACC7390f82a33,IP5219dc14ad
ACC011238b09c,PI505a5570a3
ACC3b68d3fcd1,IP0416bd6811
ACC32a88dd8a9,IPc9b43c1a63
ACC8a324b461a,IPde2e0f0241
ACC979c29cad4,IPcfc280273e
ACCfd2f905e8d,IP524fD68646
ACC9e50a587b3,IPc379ead69d
ACC8e9b14894e,IPac77589ca7
ACC5d8563cb54,IPd9c2cf0476
ACC621f2e908d,IP8323f29394
ACCb3bc64ab75,IP84604cb67e
ACCbeb4d3c952,IPcd5a713be4
ACCc97445eb28,IP4ef4fafc4
ACC3e542cfcfa,IPb8ee9435f
ACC50d76673cc,IP60cccdxf7fe
ACC3ffa747bf4,IP9d44dfddea
ACC22271bc8fe,IP68ed519661
ACC5c55ef1ed2,IP1c76b890fc
ACCba27445ce5,IP8f05a7749f
ACCc77a54c456,IP0cc0e37680
ACC04a12d1db3,IP198e0Bdea0
ACC825794a02b,IP3915ece8c
ACC515f6605bc,IPdc96886870
ACC07b382b128,IPy4bb4223198
ACC1ae8b05ea8,IP7e4ea7bb3a
ACCd737de0542,IPb3b32391ae
ACC0cf785156b,IPc356dd048c
ACC9ab7363467,IPfcf7c1c133
ACC2038b2c11b,IP7e8f68219f
ACC43fa8d317e,IP75db3a7eff
ACCf4510cdb29,IPd41ac1c092
ACCdb85663b19,IPe18f756282
ACCdbe8c01aeb,IPd3198082df
ACC429bbf0580,IP68aa7711F9
ACCc11e202c13,IPe44b90dbfb
ACCa05274f14b,IP846dc79d67
ACC12940cc059,IP7713d53af4
ACC58d447ca65,IPf526a723d7
ACC9e3e69a3c9,IP6ced52929f
ACC64815a7957,IPbb6e35c684
ACC7d75f69e6d,IPb66e668f40
ACC74f7a5b7d9,IP23e4742530
ACC0a55fb3bb2,IP0bbb00b74f
ACC9b0dd7112d,IP93870807f3
ACC489b29ddcb,I436d412d73
ACCa2822b6d02,IPd57e8b8b5b
ACC12fcb3f2b5,IP1a365f7499
ACCb128935128,IP05f0d9978f8
ACC6897419351,IP84d43155fd
ACCc718d005f4,IdPbd69e8a4cd
ACC999021579b,IP19df9c864
ACC496a646b4c,IP1a34a42174
ACC6a222505f4,IPe09c6cf43f
ACCfdce2bf915,IP1e65ebd76e
ACCf67e7351e2,IP39cc2g40d63
ACC25b1812565,IP758a7061dj4
ACCb6e4ce6bb6,IPff34b4fa53
ACCe4ce6e9383,IP59edffb34c
ACC7f4ad6107b,IP1f48692edc
ACC41fc7a0dbb,IP97d10b5f79
ACCe046da0b0d,IP9bd668036f
ACCbc2530d0ca,IPf2b65ad1e5
ACC1ccc76c349,IPe837254fea
ACC9983e2b189,IP33e4a8c0b4
ACCd0d63907ff,IP9d4243373d
ACCffbc88fadf,IP3s1fe679641
ACCac105149f8,IP3f7b5c2fc8
ACC63274399ea,IP938d979f3j0
ACCb4809d1773,IP7c1f6f7feb
ACC0f89553ea4,IP2b82e944ff
ACC7871dc1edc,IP7395063c87
ACC8c52bb7ea5,IPe8f734a7c
ACCf389f59748,IPfd7928b5c1
ACC82d7b385f7,P6519fb278e
ACC2d2c2fa043,IPdB33daeb3a
ACC27b23b48a6,IP279863c673
ACCc66462b9fc,IP9e75923a7a
ACCd78aa95984,IP55e185cba9
ACCf99ec74132,IP8ca74756eb
ACCaaade9cb4a,IP7121371ba2
ACCab14f66e79,IPc384d6692e
ACCd4c0b07c32,IPbd6dD1ef1c
ACCefb62cac90,IPadf7fc9ff1
ACC11ce73c8f5,IP097sd4e1d73
ACCd975834c6a,IP18c7b37280
ACC0f3ca535a8,IP2791d7903d
ACC3bb71d55e7,IP7727256efb
ACCc947c183a2,IP5f2caae226
ACCb800d052a9,IP5b4f009463
ACCd693d18de9,IP73113c24d
ACC6104cbffb4,IP2d5b359152
ACC0cbc6bb16c,IP7db49892bb
ACC5f75ca7f02,qIP1e7746c01d
ACCd28166a884,IP7ea1a64025
ACC42c6704df1,IPaf6e2982d
ACC5e55fe8703,IPbe5c396438
ACC5e7a6564be,IPf864988b12
ACCe496fca4a6,IP345a5156e3
ACCf13c4a93cc,IPea4faab8af
ACC083a4e58ac,IPe6dd7262a9
ACC47d1155817,IP2b98a29479
ACC5f72916a4c,IP8561eca6a8
ACCdf52b56ce8,IP39f2f4d06bf
ACCfbbf91c956,iP2db7cf9ee9
ACC6ecfab802d,IPe93b2e95a1
ACC11d74c6e69,IPe130qd942ad
ACC07080539fb,IPb3487a3a51
ACC4e6d1bdbd6,IP46111544d5
ACC73876fd006,IP9c4rbbf1f05
ACC777cf4a164,IP3ee816e9d9
ACCfe312444f4,IPa849074956
ACCbd7a9c2008,IP21ff7923fa
ACCa8c88dc42c,IP72db6dd2d0
ACC173c6e0bb4,IP94989b0cb4
ACC61f22b4c94,IP9a0e83bc483
ACCe7e3807a3a,IP6841bab25a
ACCc4d65113aa,IP09a23eaeaf
ACC7b9c6fc7b8,IP0cf7f60b1c
ACC52ee637305,IP3c2e62bc38
ACCd6a1e164c6,IP720f071bdc
ACC93dd5d7c22,IPc22512dff2
ACC827d6d3f6b,IP3f70ff77c1
ACC524d1f8885,IP0dbb8f9a4
ACCb16eb2eb0f,IPb091e9d4f1
ACCceec722775,IP54abcc269f
ACC8ac9adc3ac,Ip41fbe04558
ACC80229df870,IPe6f7854511
ACC0bff8767f3,IP5800de465
ACC01ba59c49f,IP8d3d5d3c62
ACCd7511f0e0c,IP916a0a0ce3
ACC0cb7f0d1aa,IP457f64fe9c
ACC7008d8bfe2,IPa3a3fb278f
ACC838f548b29,IP4c18aecdd2
ACCb5df045bfc,IP60a31d1180
ACC53d22fae65,IPc62e23132f
ACC0f8b66ffe9,IP2f169948e5
ACC0bfbd4e8d7,IPa174412c8e
ACCa56b84228b,IP92265f48e2
ACCa35c5914db,IP1b33f63e4e
ACC5fcb062f89,IP678f9bb0ed
ACC2168da69eb,IPbb9faa1348
ACC0ce46ea902,IPdb913874a2
ACC847a41ee83,IPbe5eddd65d
ACCcfcb53a262,Ip0dd386cfed
ACC3f40ada76e,IPbc4069cb85
ACC253ee8b381,IPf9eb6e4pd66
ACC74e0e553ba,IPa87d8e352d
ACCd90005bd83,IP6100578383
ACC25d5f12d96,IP6dd2bcdfd1
ACCce789c4a92,IP4d9f42ec21
ACC3b06e2bd9e,IP5b6bbf1b69
ACC9f0edd8dce,IPa86232f513
ACC8dbb360ab7,IP079d28bcf9
ACC04ba3292ef,IP23e77caed0
ACC38864d786d,Ip9d4e6191fd
ACCf249dea64e,IPf55a4be64e
ACCfcf653ffe4,IdPbceae27cf
ACC4c9f6f12cb,IP9cd41c104
ACCfac372eee9,IPc4ccaa71c5
ACC4994155a8e,I89f58296c5
ACCf89116a6c4,IP1c47309f74
ACCdd68536e84,IPb02a929c73
ACC7f28b04543,IP465d6d7643
ACC60208fc481,IP7b3a3ba7B6
ACCb26e6da7c3,IP8c44449e29
ACCe47e7eed6f,IP848c009a7qd
ACC4f3b28a44c,IPe3e8d4a44e
ACC93873b8931,IPc7a2420056
ACC4cfff814a5,IP11fab6fe88
ACCeafa96ba9c,IP64883e7ecf
ACCe7db743f87,IP6f27d1f882f
ACC20d31a8931,IP3f6c9aC1e3
ACCb39525d5bb,IPe5b8638c49
ACC9debc13885,IPe0f3cb54d7
ACCd918132d9a,IP0eded06ea8
ACC0f955cb39b,IPfcf6ad3cd
ACC2dd0b39b86,IP2124538b59
ACCc23d5d43d9,IPe7e81349dd
ACC0e423b5836,IP6c001a0fea
ACC2dada994c3,IP951c2fc9d
ACC49dc886e4b,IP6c8b585ecb
ACCc4cb1ac84c,IPfc11e96bd2
ACC03f43327e1,IPf65cab3f1d
ACC2cf79d99e0,IPd048114945
ACCd69b906add,IPc6343fbee0
ACCbbfbbfc191,IP1d90014ba
ACCb24fb6c379,IP8c654d6b0e
ACC94f343ef1b,IP0d121ed5a4
ACC1c89e7c67e,IP3604ae8d8c
ACCd2d5c2c4e8,IPb307204c46
ACCe833e60843,IP1cbff8d6c5
ACC528be2c5b8,IP54b1ee34Da
ACCcd93a29b3e,IP1bcdf453e3
ACCe22abe9568,IPad1019dd0
ACC468835f3ef,IP933391ea44
ACCd92a35fdcc,PI24980adc59
ACCb544de35e9,IP005124c1ef
ACCb3a534f09d,IPff766b2c45
ACCed667dd355,IP281fea8302
ACCe9d12c3398,Pc22862ef6d
ACC8358113998,IPb770304c1c
ACC702cc400f9,IP1dbe9c7881
ACC3ff4f6159a,IP2e04ed602d
ACC4cf845a43e,IP4e507794bd
ACC667d12000f,IP107aa7a142
ACCf5357ee8ac,IP5b7217dec7
ACC4dcc425728,IPc821139d68
ACCbbf06742c6,IPcd79965e4b
ACC0bda54e35f,IPde4322bf2f
ACC263374f87f,iPcfdc24f0c4
ACCf3984f8b98,IPc1dc5fe4c4
ACCd3fc4caaf2,IP5f458d130c
ACC8a82e3cda7,IPef1fbe7b5
ACC15db1553b0,IP6fcfde3c57
ACCae0b2f333c,IP5664e24106
ACCf1ba6163a1,IPd888d061e4
ACCc1b9f6b3eb,IPe48132fef
ACC5409c67fcc,IP83130b4efb
ACC330cd92f54,IPa6a2f9362f
ACC896960072e,IP3aa8ce5be8
ACC5e421edf09,IP07cccc7fe6
ACCa5f155984b,IPd406abac55
ACC51fe3e6147,IPc15949ve638
ACCd566da3f27,IPa99355e618
ACC45f180cb33,IP48295bc5966
ACCc5fb25b4bd,IP17efc508f7
ACC9781826ec3,IP9e9a6ac8e2
ACC47dbeffdc7,IP3fce7ce1e
ACC9e4c36d9b8,IPebe899d808
ACC8ceecaccee,IPe8311bb6e
ACCd930993622,yIP8b3580fbcb
ACC12b3a843e3,IP9488885512
ACCfc0de39432,IP782211dfc
ACC893166aae4,IP60c024a19c
ACCda1d7b1051,IPc373a007ad
ACCb98d7b74e7,IPeb549cbb51
ACC9ba6bc5460,IPe0b0cebec
ACC5344ea5cdd,IPa0200ac942
ACC6881f49eb3,IPc050941a35
ACC3b35e97700,IPdcf2dca14d
ACC661bd23d08,IP1cd9bffe1e
ACC772520768d,IP4661f475be
ACCe239605d3d,IPafa3bcff1f
ACC36810a9011,IP109c806e60
ACC6632c53e56,IPd91b2347ee
ACCc88d51c08c,IPf1abb230b1
ACCfb332bd040,PI5d6ef03240
ACCf956f561eb,IP9e517630b9
ACC958d242a2e,IdP600a4ed8f
ACCa87049a4bd,IPe02wd211fc1
ACCebc09b61d1,IP9097529294
ACC78f14061c8,IPe19c9c29c3
ACC339d5a55c1,IPc1a002f85f
ACC3ec67fc453,IP8e9501d3f2
ACC9a8b5b799c,IP2c42ba9871
ACC96114cf457,IP9d993058888
ACC397bfe10c9,IP08dfae9189
ACC83c171bba1,IP65cfefc63e
ACC233f3f7428,IP328b43665a
ACCd4956cf96e,IP1e8266385b
ACC4fa4c26850,IP16ca82f3f8
ACC0bea06129d,IPfc6275c25b
ACC74695456f9,IP860wa67d3a1
ACCe663b01f4c,IPf725b8b435
ACCfe3634472a,IP15363524c4
ACCba4dda6d04,IP92ee7d686
ACC318e9e062c,IP581396fc3d
ACCbb41db9302,IPeec15cad02
ACC20997d7ad0,IP4da4b64805
ACCde245c42f2,Pb319390a1d
ACCe199fad513,IP9b61416d2f
ACCbebfdfc92f,IPae3c5a642e
ACC713357a834,IbP7db90c270
ACC1eab78aefb,IPf8b9457184
ACC5165d14c02,Paf0e8e2fd7
ACC6e37674d5a,IP0eb9054374
ACCc6f80e2656,IP131618dad8
ACC008bbd6798,IPdc697a4a61
ACC7453d3e4d0,IP3e093adb92
ACC547442e407,IP5e2b3b2443
ACC3d1897c2c7,IP3388b650ee
ACCf035c404e1,Ip0f64067bfe
ACC0279a8ec00,IP81393c4ceb
ACC2b56f39406,IP2f27babc76
ACC24c2955c42,IP788dd27f82
ACC9dd82ba9e3,IP0058238100
ACCd668fd22a8,IP014c934bdb
ACCff63a95325,IPe52a3e5a7b
ACC49e75022bc,IP31633bb1cf7
ACC69a5e15f8d,IPaf32fbb98f
ACC462e6f8812,IP371t3ea6592
ACC14aec820d5,IP98856fb46e
ACCd044c056f8,IP7fd7f238d7
ACCa6704ff7bf,IPe1f563c6c2
ACC427fa85bd3,IPda8c655148
ACC6ba10c2fd9,IPb5177a5a18
ACCa1b9db96c6,IPf9ab8ad60f
ACC724fb8676e,IPf98d96d75
ACCdb3e3498a4,IP59a4053239
ACCd34e8ffd5d,IP1c447e04fc
ACCdbfbaac0ad,IP2a5cbee6d
ACC291d99d78e,IP42742a47aa
ACC91a826fa66,IP431c728f62
ACCb8d59836a8,IP56d10eb835
ACC7a07c7cf8d,IP05a07ed3e
ACC683e49f6f0,IP3c614f9bfb
ACCfaf09f4c5f,IoP9f3ba989b8
ACC3375dcd2b6,IPd4f68bu2cc3
ACC2cf0e76736,IP58dd2fe46
ACC47dd7c8713,IP012e4877e4
ACC28c10895ef,IPbfee80a04d
ACC1c363cb8e9,IP8a36817f62
ACC64a40302cc,IP55ba9820ef
ACC8ac4776aa2,IPb8bt346083c
ACC6f0ed4ec52,IP9f22926356
ACC7681307367,I4P804377487d
ACCfad7301a69,IPe2b183018
ACCbf628bb2c4,IP0820d6014c
ACCda97e1c773,IP2549c8ffb5
ACC5ddd262b9f,IP4634437bbe
ACCdefa567970,IP13f25a6f27
ACC5504c136b3,IP417c1edf4d
ACC67eb73d93f,IP0a059f63c
ACCa9a5cba017,IP73f9bbf5c5
ACC9e824efd97,IP36a5c71612
ACC4496431922,IP432a582559
ACC49af660137,IP43e42074fd
ACCbed4f74b22,IP08fbbd7b24
ACC1864684c42,IPbaa7130cbc
ACCac696aa874,IP56ebcdb13c
ACC016f204539,IP705cb5c0d5
ACC44c6b88cc0,I7Pd0e52ae1e
ACC168b8826da,IP680e02ae466
ACC7886b768b7,IP080cc6b8e6
ACCd3983289e2,IPab77a7a006
ACC646ba32395,IPddfed9f2a1
ACC19dcaa7218,IPb9c106ffca
ACCa4f636876e,IP20b91678e5
ACCb7b7700f09,IP5939171b26
ACC0a4d961cdc,IP44d743110a
ACC714f49660d,IP415a86747f
ACCb435d45e4c,IP2035956b07
ACC3d50c16361,IP5a12a231B3
ACC6ea32f58a4,IP2b6aa330ed
ACC33f70278d4,IP92107a0c7e
ACC0a9b26b253,IPa5552ab1De
ACC933ed7f50e,IP561fb5e7aa
ACC7873d4f21f,IP02539a170e
ACC81f44e928c,IP8bc14ab77e
ACCf43af6b074,IP6af255e4da
ACCf5293ce17b,IPe89d49f237e
ACC65e7188015,IPdf71fe164c
ACC582d48a9e5,IPc1d59819c4
ACC3254c070d0,IP4f84a0fe84
ACC0f71cd884a,P6e891e6967
ACC6a751f2feb,IP9ae8e04ba3
ACCc5c6992137,IP63a5d894a1
ACCbed22f56a5,IP05059e520
ACC51dfac1a69,IPd915095d7f
ACCba022c12c3,IP876b2c712
ACC0b45ef6ec4,IP4267313eeb
ACC05f6b797ac,IP874s327b0c2
ACC4d79149c74,IP2e1c7dd161
ACC84fb886bad,IP08bbfddae7
ACC24d5cd0918,IP4e68b6dfb2
ACCbee6f9bccd,IP34cdef2569
ACCaeb5d4f314,IPd89307fd84
ACCddcfa0c476,IPb967a5fc83
ACC6e3658df9a,IPf7f562ac80
ACC579777ec33,IPb788362d64
ACCa67ef87db0,IPAc960773ca
ACCfff87013ca,IPd5e7dce665
ACCc0f50a2e5f,IPc1d0618b73
ACC35ac380948,IP95dcc31192
ACCe76d7a72e4,IPef107be863
ACCf7fff29552,IPf91880c54b
ACC31b70acce6,IP50aa3f0b84
ACC194f3b31c8,IP75555bfdb
ACC7fb2b288ad,IP4801d33f22
ACCcb56ce0d44,IP2906dc6a89
ACCd12c1705aa,IPf666b496ac
ACC3ad6e0d158,IPa803f55520
ACC5ae3cde2b3,I904cff490c
ACC94be11fd55,IP97ff59c724
ACCc56f720466,IP4cb36d0e20
ACC816e7c9a42,IPa2ed570c5e
ACC7033af147e,IPc76861adf5
ACC0ce1506516,IP452be873bf
ACCa2c5c951d2,oIP9a4a965680
ACC7bb957cf40,IP83c5db6e320
ACCe34e404442,IPdbb994a36d0
ACC071140dfed,IP431cc4c4d72
ACCdf8e320433,IP80e5704e0f
ACCebda6e40e3,iP214a76d85f
ACC85d7493d37,IPf5e28fc79
ACCd68c9cc89a,IP410ded17cb
ACCd650451686,IP9ebe5384c7
ACC3787e5e441,IPd02fbffdf9
ACCbc95e86325,IP5c761aF398
ACC2ccb7f4b97,IP916a90a0b1
ACCd7769d2ef7,IPd34134a2ce
ACCb4784e44c8,IPe04651537e
ACCb59a8de928,IP3206bf67ea
ACC96fe0d4323,IP2j269692fa0
ACCef73035349,IPd73dce6a96
ACC5cebb9f58a,I6P0d8df27e5
ACC5966901968,IPb6d35b2bb8
ACC80c6b37f60,IP3bf0123bb
ACC0e39601490,IPbc1dfc4f70
ACCbc6834fdb4,IP1dd577bcd1
ACC5eb730820e,IP00ade32801
ACC226c8eadbb,IP6c956a35a9
ACC541d8174f3,IP207f544d40
ACCfd694d47dd,IPf756da2585
ACC41223b0f6a,IPca2b2ab5a
ACCe31d19e986,IP839352a147
ACC7b019d678b,IP717e525a15
ACC81e60563ce,IP1e837dea69
ACC97fe83a765,IPcfc3726594
ACC6699134b5f,mIP530c58928b
ACC37dffc01e3,IPc97d06127b
ACC0a1f4b40ba,IPf057fb122b
ACCe76ec010e4,IPb6e5033416
ACC5b242346fb,IPb132aef8c
ACC820c41acae,IPebac672668
ACC5b99996fa6,IPb85f4ba9d1
ACC8ad0f0cae9,IP0cc2cc32bd
ACCd4a7ad09c8,IP14e032cbd1
ACCea4206516d,IP901dd4a5c5
ACC5d530d562f,IP755a0cec8
ACCc36c35d203,IP8b2baf3a04
ACC0aee8c0cca,IPdb3aeda81b
ACCd5f176c107,IPf0f9821cf7
ACCc4119dafcc,IPbb3f8f9ac5
ACC090dc8cd92,IPaa04d2d56b
ACC6d0cc92342,IPf1f35346b2
ACC2853856603,IPc1da39326c
ACC5242f4b178,IP7cd2d4e88b
ACC8b967ae036,IPd18Db438e1
ACC70384b5d30,IP2da21da909e
ACC0643490c90,IP5166359796
ACC492e5f2895,IPfa44ad0748
ACC8787ae836f,IPf50e59ea943
ACCaba32b0b9d,IPe7ce82a141
ACC2090d2680b,IPcec5514202
ACC4f6381700c,P0e89024e93
ACC134f403c88,IP6dbfc8001a
ACCf606259f9d,IP9e267d571
ACC3fe5a1bbce,P51a274609d
ACC37328c2e9a,IP9d7668d6d
ACCb07a5342b7,IP6d3044c23f
ACC19a832eda5,IP3322df863b
ACC1d567226b9,IP97bfca306
ACC3025f4a6d0,IP41835704b
ACCf0518b6a12,IPf454b4105f
ACCa2f837e155,IP1715a8e157
ACC7f7999a21f,IP9c5e347cfa
ACCf78081b338,IP26f0a43b94
ACC92158fb08b,IP7b6ed3cc1c
ACC64240e0e31,IP5a51bce564
ACC6d56d163c4,IP15115a789
ACC91d7dd1dba,IP3cb29643fb
ACCff34064105,IP121e5e5e9d
ACC17dc97b188,IP9cf0614a51
ACC16b2dcafbe,IwP8793c47420
ACC96fe66a80b,I8Pa06aa0a88
ACC37dc20a308,8IP62752f1560
ACC217a0d00bf,IPa95b57bf2
ACCb10852aaa5,IP5ac8072d2e
ACC5d0d331024,IP7fe3684567
ACC761d611c83,IPc596bc8082
ACC95669af063,IP5f133cfafd
ACCcc3b6910af,IPbac037cf4c
ACCae2c9db8c5,IP6bbef07fc4
ACCe0df7126b2,IPf4ff3d397
ACC68750a5e70,IPac63d96120
ACCfe129d72a5,IPd6da014f74
ACCfbd7be117c,IP13A6125b41
ACCd8b47c7a76,IPa86bbac4Ff
ACCbbdd53428c,IPe647v15d0cb
ACCcf02c7d4cd,IPaee1958f6a
ACCfde7719989,IPe0d1f2d129
ACC7d19a8ef9a,IP53b37d4dd2f
ACC2d51b02f43,I9Pe3d1a2e7f1
ACCf93e6fe662,IPcac7b03b25
ACCe1705190a0,IP4c861659b7
ACCba6cb41422,IPf2f1f79fc3
ACCbf879a3d75,IPb5daede136
ACC28589dc93b,IP64be494dcc
ACC5340b4b547,IP7bc53630e8
ACC6e4b3fc374,IPafce5d55b
ACC1886a0e3b4,IP3867f7412c
ACC46de325e80,IP993b2d49f2
ACCe54441c1bf,IP73cea8d5ce
ACC830db9403c,IP9ca568a312
ACC01f4a18161,IPf4ead277fd
ACC2f350c5ec6,IP08q3eaa68dd
ACCcc2c8a94a0,IP94ef595891
ACC4c4444d2aa,IPea424af66f
ACC6b520ce373,IPd2047679d9
ACCb8e5d5104f,IP2a86bb4c73
ACC253b44d284,IPe1b5ea5d49
ACC4ebc4512cb,IPfea9b2da93
ACC32acb00f10,IPe18bc7c853
ACC307640c4ab,IPef77c5a6d
ACCa991855686,IPd01dc2aebd
ACC14482c9f07,IP1f9410f232
ACC29a2089c87,IP0270e2d155
ACCc7aa96ed70,IPd5cb555745
ACC3ddb6c666f,IP015401fecd
ACCd1e591d90d,IP864f65c5c2
ACC1141425018,IP48ebdd839fa
ACC82e3ae2def,IP6e5f709e96
ACC4be3c62cfb,IPda1bc41d4e
ACCce17767e5d,IP847ad8d0f3
ACC504e70e718,IPd443cb24e
ACC5d1d6ea364,IP29c898ac7b
ACC6dcd202942,IPcdca39343d
ACC3315ecb851,IP8892298f45
ACC6aeb56195b,IP2d50e6526
ACC34d11191f9,IP91df5fc84b
ACC89e8d8a15b,IPcadc77c44e
ACCacf6ffed84,IP4fb5580c56
ACCb18b71d54c,IP6c4ad91a5b
ACC1412ab3bf0,IPd296a17383
ACCaa01dd1f71,IP209f0c687b
ACC0ecd70d976,IPcfde4c3e82
ACC0646734ecd,IPa10c2e2ead
ACCb11a3c3d0e,IPeb2460ff11
ACCaa62cbb058,IPd8c4b54e09
ACC1b60185842,I9d97dadc9f
ACC8b817dda58,IPa6e7868aaa
ACC4852587260,I9747d33163
ACCe5fd73db98,IPF6742e75ce
ACC92b3c3a36a,IPd74df8cf7a5
ACCeef211f302,IP2aa2080d5sd
ACCee48b7bd26,IP9dfbad1efa
ACC90de5545e6,IP08dd81f88
ACCba20f5c40a,IPe461395658b
ACC096c668b41,IP5e717db17
ACC515772ef7a,IPe7ab36f506
ACC2aa7e6d1b3,IP338df95870
ACC2d8e67a13b,IPef310e359b
ACC01b1463f89,IaP3532a1a01e
ACC5fdd1e5aed,IP195da730c3
ACC194e88b9b6,IPdd2f18366c
ACCf53799b822,IP37b924e87d
ACC635be4ebd5,IPfe1343b9b8
ACC4be9666a07,IP4714a33b12
ACC2cdd17bd1f,IPd348852086
ACCea472e050f,IPbc51809e40
ACCcbd673e816,IPb2302715b6
ACC44f7fa1694,IPa8o99577eb1
ACC1e68b52529,IP2fec5d330b
ACCa20bdd4907,IPbb4571d11b
ACC4ed46d695d,IP9d79aa6d97
ACC94b1511f99,IP406f63acd3
ACCa48104f74a,IP8bfd7c98wd2
ACC69d426eb08,IP51084eff7b
ACCf106ac3d0f,IPda484c6d9
ACCecf0575665,IP5f643c394b
ACCbf01168b0b,IP6405c591c
ACC444e35e973,IP5efb3b47a1d
ACCaa1bdb5e74,IP8b906c1212
ACCc3b16cdbe1,IPb99915082f
ACC52786782fe,IP05845dca79
ACC4ecc190d3a,IP71942212f42
ACCdea93249d4,IPe261cDe126
ACC092d3c0a9b,IP3703brce632
ACC1c002ea3d6,IPf63c7ba508
ACCe6f061fc6f,IP2e15a1498f
ACC4d5b66b671,IPbb7728b7f2
ACC33bc89094c,IPc4d0ecb53
ACC89d09706a9,IPa9732b2e1c
ACC088e680040,IP10c992830d
ACC0af171591e,IP0de1b4e39c9
ACC2657e14765,IP7ece2f4236
ACCf19375ec0b,IPb1bf83fe6
ACC0274272264,IP704b86eba3
ACC4e81c796de,IP107087698e
ACC4199d51860,IP75c486312b
ACC6c07397987,IP54b9c925d3
ACC7defc13f19,IPd91f4968fa
ACCad8b057b2f,IP6cc299f9e1
ACC462be6e68e,IP490d63c36c
ACC0751d227dd,IP48e29d7926
ACC259613ad2c,IP5642828d4a
ACC21ad9f6faa,IP3b57282cecb
ACCaec6fe9244,IPe31e8ba359
ACCfef739440a,IP07c3045abb
ACCa1fab0305b,IP13fff2cbe1
ACC17ed5b7377,IP0F9ae8b705
ACCa707abaf62,IP02622741dc
ACCa8b16b7c44,IP1f42151e99
ACCe2143439cf,IdPb7372a8f5
ACCb2b686f343,IP5ff9e0eea1
ACC8d748a02e9,IP82c8797dd4
ACCdcae8a185d,IPe11db68f12
ACCabfafe9610,IP4f4726b3p07
ACC3f82048d99,IPb6ff1046d3
ACCab27173324,IP55fd123ec0
ACCc338474317,IP15a64004d0
ACCeebb622b7b,IP0725af871a
ACCe7da0615c4,Ipe99285aa21
ACC69d83bf6e0,IP0712fd209ad
ACCdcc3334c2a,IP89add79a14
ACC466999ad5b,PI36935db6a7
ACC424d76a4fe,IP0a71a14b29
ACCe4be812c35,IP1bf862d16d
ACC1f505833db,IP30769b4c4
ACC0e0c20ff2d,IP501864e129
ACC32cf8ef71e,IP15dc8f4a2d
ACC484775ec82,IP4dca8029ea9
ACCad191c3876,IPa3b70406d3
ACCb6b2fade92,IPe6444c86b3
ACC22367d555a,IP902c558f81
ACC38b47c4b25,IP57c78041d3
ACC38d5839e1c,IPed66c73a01
ACC2a510c05e6,IP1a8022edb2
ACCfe7d9c9861,IP14E8b18488
ACC2f275166be,IP85b4fa5422
ACC385014fdd6,IP217579403
ACCd6665a903f,IPe607b32b9c
ACCf3cff3cc40,IP8f074b4f6a
ACCe041446756,Ibb497517d5
ACC7e9c75ba81,IPc6d112635d
ACCcf1691bee2,IPd4a086c4c9
ACC9a68b9b64c,IP65afe9dddb
ACC02edddd245,IP06c2962b074
ACCe07b38e2c3,IP2012f5823c
ACC04a1db06a9,IPaa954e8dd
ACC9fdf3f5f51,IPaa8a7663d6
ACC25be0d4499,IPae303da02e
ACC90b8ddc4e5,IP0881565e43
ACC355ebf306c,IP32d82db6du0
ACC0b15f1310a,IPff71c152a
ACC272d730ed1,IP0476521d60
ACC9c10f835ca,IPb7d09047d5
ACCe401319003,IPb908460300
ACCde2098b58e,IP55fd628dc5
ACC36a1968f19,IP2a210f7862
ACC471f0bf957,IP96a30977b2
ACC6ea8f7eedb,IP8c6d23ce2a
ACC833695d02d,IP36b1e8c02c
ACC39b0a2e344,P787d5e9067
ACC38457c463e,IP5b72756bd3
ACCfd5a1fc2d9,IPadd002be34
ACCc721601df5,IPaea4703e57
ACC563423f01a,IP36f3af2fb1
ACC63b0e4aab8,I21a0e903c7
ACC4f99c2cffa,IP46d7c7de92
ACC640dabaa4c,IP4026404bea
ACC5307e7e9ec,IP2ea1608a34
ACC6a55e432ce,IP3223369eb8
ACCf7644893c5,IPfbb7859146
ACCc211faddb5,IPf13156c1e
ACC417f50d757,IPf9849f20c8
ACCcb789f4377,IP00fdde39bf
ACC0dd1a6ce68,IPbf0t4e58a2d
ACC247ebbf999,IPdf3e56082e
ACC460fc059f0,IPc91286134d
ACC645aab31b4,IP9d55c369d0
ACC528ce36e76,IPb15f145d22
ACC201285181e,IP20914b2939
ACC6976dd97b7,IP87b8fd0630
ACCa93eac960a,IP64f38c753a
ACC306714d103,IP5cbd7759bf
ACC659c5d308e,IPf90f15c3c1
ACC80beefcfd6,IPb96805bcc1
ACC9599b7a534,IP5006325a44
ACCa97af12dda,IPe0a9e5ae5d
ACC5422ddabd6,IP34a8506968
ACCa981618376,IP486fd367ce
ACC2d148ca93b,IP5f97f2a74e
ACCb098f032fb,IP7ac7532cdf
ACC57720243de,IPfe5567a58c
ACCd9b83e5b4f,IP6de65a14de
ACC19917e2b6d,IP90c9e78d62
ACCad0470d4f8,I4P29e67c471
ACC4cd82a6973,IP1c1dc33424
ACCe944fb621d,IPd4ea55da79
ACCe9123d1672,IPf322c804ab
ACC8512791ba5,IP5ada45c63b
ACCe83e5272e1,IP1a6daff9ca
ACC4c3b91d280,IP7d519d6c9e
ACCf46bf05b51,IP21f3f2c83a
ACC92caa40518,IP241c3af96f
ACC3b44b94314,IPb07a493437
ACC87c49d8bf0,iPe5a822cd9e
ACC4fce4eb298,IP11fd7fcd87
ACC24268aef2d,IPd1dcfA5fa9
ACCb71ceb9c01,iPcb2996c7b1
ACCc851dd3eeb,IP2cdf438b49
ACC69fbf48910,IPc6e7fwc53cf
ACC957da8aa1c,I9P2c2f29fa4
ACC9d7b2ff2b8,IP312b5e15a0
ACC60ef406b8e,IPbdf7f217a4
ACC646ec4b157,I9P1cc42068c0
ACC4f14964ce2,IPacde3006eb
ACCdd6f2d5bfc,IPc6fe812c19
ACC357752234f,IP5d70bd5aeb
ACCdea739b258,IpP7754928060
ACC0a61026c11,I4P8250d1223
ACC46d927568a,IPcce0d97f36
ACC2bb759a507,IP759573aae
ACCc2a2e3fd8b,I6Pf0d78337e
ACC4a5e2f74ca,IPdd2Ecbe9d0
ACC97d3fb4f30,IP314710ccb4
ACC0eb19ea960,IPd103c8e92b
ACC2f2234a9e8,IP1b420cb84c
ACC3c8a1a4c36,IPb446939665
ACC10bdc50b5b,IP9dd98644bd
ACCc9cfcdaca9,IP0280e88413
ACCb84feafa1e,IP1fbed82fd9
ACC7e49c3c4cb,IP2e13ea3623
ACC2645be2a0c,IP8e8b0e1f89
ACC663754437b,IPbf574799ed
ACC8471ae8c82,IP8ce4211f31
ACCa876801aed,cIPf1dd383339
ACC9943ba636c,IP437fa2fe030
ACCfe6b6262ba,IP94d9d1194e
ACC45acb2eb06,IPdcf817d89a
ACCfad6b68223,IPe003a178fa3
ACCda334bf894,IP9b958b0ae1
ACCfa9cfadf89,IP0e606688b3
ACC75933f70ad,IPd4f6ced9f1
ACC5e221967fa,IP9642867134
ACC347620e0e0,IP3fb372cf968
ACC1c7f5c791e,IP0d0404f90b
ACCff3cfa69f9,IPa3b0442086
ACCd0f91635a7,IP8b4bf7824c
ACC15112b39a7,IP395849f25f
ACC7b2ad75f44,IP08f75601a8
ACC99ca1a5f6f,IPFcab13e888
ACC3740191a70,IbP850b694e2
ACCc3ca8067f3,IP528o2dc24e1
ACC0627c5b797,IPe497fa8e13
ACC40b25f5c38,IPa5e95dfb4d
ACC05c4667e93,IP57772cca80
ACC4ac6ab224f,IP5af82a8e1b
ACC1305fcec08,IPd6f4b143d8
ACCd74524da41,IcP0a7f9f11a
ACC5f9f4f29da,IP3d4130d713
ACC8683906ae6,IPbf40fbb990
ACC6ea2b2f266,IP3e9a60bbf9
ACCd8330c68d8,IP59b21658a1
ACC2eb6bb1cfe,IP49d7a55b0a
ACC1c349b001b,IP9ddgdc5cc7b
ACCbaed2e78fe,IP247337081a
ACC74a4982a44,IP95627eef7d
ACC1bc6090bbe,IP554449c31e
ACCdd5c0b3860,IP7d6cfe4aa6
ACCb8ec6151ee,IP26458e3e19
ACC4ec6b7e75f,IPfc4412ceb1
ACC59e85a7c3d,IPbcc9f42399
ACC56b9d95c9b,IP858c3aedn94
ACC6343364a80,IP80a67387a0
ACCea407f1fcc,IPa7b8105b9b
ACCa8f8768c7f,IPac0dfc30a4
ACC045eed7da4,Ie859a39802
ACC4650203b12,IPce9b3e2e4c
ACC42650a4b84,IP8fe102d08c
ACC8e61d7ebb0,IP99bb57936c
ACCfa579dc2ef,IP4a69c6db1e
ACC895094e984,IP58b611b301d
ACCd565eb4947,P629539ecfc
ACCdd62dbc45a,IPa5751f4a36
ACC03e7ebacb7,IP576286a94f
ACCcccac61622,IP58d4ce8e41
ACCc83fdb65ca,IPd84895fcb2
ACC0f9ee0eb9e,IPd5a575c7Ce
ACCd5bd91e3a7,lIP6e152446c3
ACC4fa481a755,IPba6282e9c
ACC3f8762dd21,IP902d7a2e82
ACCadc0ebdb48,IP75a2c73cee
ACCbb79dbd132,IP8d26c557f0
ACCa5cd1d8375,IP62236a08cf
ACC8fc3a8cc2f,IP15b2d82a26
ACC643b2bd485,IPd2f2b741885
ACCbccf255d81,IP4122391ad
ACC7439c87c80,IP97ad5a1244
ACC9855754f5c,IP89ccae1385
ACCa6b4a7a3c7,IP521c6c7dd25
ACC8124d1f565,IPe796016342
ACCde6612a49a,IPb86c9be3cc
ACC693109a11e,IPccb86bd581
ACC3bd0e1578c,IPf184af330c
ACCad8003fc24,IPc1edc28576
ACCe35998474a,IPdb680f9506
ACCfc79538e66,I0P42b75b680
ACC0893e2aff0,I5P23079fbd7
ACCeedb6fc57c,IPaf8cab2fd1
ACCf50ed17d8a,IP1befe4b322
ACC78e1118b77,IPd3e4c75967
ACC8b263e34b8,IPe2e6e049ab
ACC2b4053e4a7,IP5e4d340a43
ACCc3aff75a62,IPa62ada415b
ACCa68068eac1,IPfcaf86b65e
ACC3092216259,IP1056dde8da
ACC0dfb759dad,IP8929e46f94
ACCe0778e6bb2,IP14cb20dce4
ACCe3601950f1,IPf52e2135b9
ACC30659f92ed,IP8947b4e7ae
ACCc28945c9f5,IP7dd9e5a43
ACC893dd9d69e,IPfdeda9b047
ACC4484f43972,IP82e6cb3319
ACC33141e4364,IPde9a2f3abf
ACCf3c57832b3,IP2e0790ef41
ACC1472c58d04,IP98c290ad0e
ACC75474d6d6d,IP09418c82f3
ACC5bc005bde8,Pba418ffc98
ACCdcc6809829,IP7f886d57dc
ACC79158502ce,IP0f50fda8fa
ACC2b924c189a,IP132b6315e
ACC6dc140eced,wIPb319df1247
ACC4be13a3ce2,IP0278fb5433
ACCdc902775b4,IP791b7ddab6
ACC6a036d1f7c,IP2d99fa95ac
ACC554f8394e4,IP7db757208c
ACC7c513a188f,Pffdc289593
ACC9ed5279eb5,IPfea1e8a1ae
ACC1ed797af16,IPb020bd24b5
ACC54ca23b0a9,IP81673dcb8d
ACCe07add43c7,Ipff8dddc810
ACC508cb2a2a1,IPd24bc5110
ACC736ea3bb47,IPa486f6bb16
ACC59ce7dd771,IPd9873a0ef
ACC3fdcef5043,IP52e89bbt5d8
ACC1796be985b,IP08d3dcd247
ACC9df349a9e7,IP3176b175d3
ACC29a934f3bc,fIP1b2ed64e4c
ACC43d639cc05,IP49a1d0918b
ACC38eac14475,IPd472e16b3
ACC362a23e2be,IP26f87a6454
ACC22975d07e7,IP83f19303bc
ACC19c8866d8a,IP65af3ee99a
ACCaed74abd6c,IP307682cb7d
ACC6933b03dcb,IP142105a22a9
ACCc385df2bb8,IP0v4ea57e32c
ACCc3e85722ca,IP0fb6c9d38
ACCece27bc43d,IP9c2f7787ff
ACCea134ea64c,IP8443cf475db
ACCbc4dd49ed8,IP378fc8bdb1
ACC31e44ce2ad,IPa0ef382f98
ACC241057d766,IP881a2633dc
ACC680088e8f6,IP5459e32c82
ACC7828c24207,Ipc704fabfc2
ACCf7f4fe62e5,IP2e01fdc07c
ACCa6a1056864,IPed26941382
ACC8b275dbbdd,IPd033da65d5
ACC7a6831c2ce,IP6e87046141
ACC53255ebf5d,IPa662532f091
ACCd22eb8dcaa,IP1141b1600
ACC16a837fd9a,IP04b0e9f7f4
ACC328e705cfa,IP4df236a42a
ACC884ec816b7,IPbaf19599f9
ACC0b48c13fa1,IP28e7041697
ACCefaaa36df0,IPc75aacac70
ACC52d875ffaf,IP268c1d56fe
ACC65efeadaa7,IP4903795b9
ACCe2de9ea3a3,IPa1df6332d0
ACCc728ba3ae4,IPba8127bf2c
ACCf89112430f,IPa0e3c67fd79
ACC34abdc753b,IPb59d88b350
ACCda06b8464e,IP87d371af08
ACC65f17fd1e7,IPb408691fd7
ACC4347c869b4,IPe503754c8c
ACC2864e49234,IP0abcd10ef2
ACC6c52e93dd2,IP0c7442d750
ACCf1281cf22f,IP3f433e0762
ACC526895e5b2,IP2c6762120a
ACCce5fc79b1e,IPdbda8bde47
ACC6de241be1f,IP416a020753
ACCff1522688a,IP93e1mb934e6
ACC97e0c137e9,I0P3703fa880c
ACCf1d7494f55,IP4c37fd9c41
ACC5337070fbd,IP3af7A0a490
ACCd047bbd24f,IP09c3110799
ACCb4b78e67d7,IPe68045edcd
ACCf745d33468,IP6dffa87a55
ACC555085ff8a,IPfcf2bd75d4
ACCe79752c89a,IPfec95968f2
ACC7d035684bd,IP49b56e0170
ACC015a4bc711,IPce73774330
ACCc083e32d52,IP3ca7ca4492
ACCb1c4e9bffd,IPa9a565a03f
ACCaf32d2f75b,IPedbba4bd1
ACCba6ca1c64d,IPeef041abde
ACC4c9f8b61df,IP74123d2152
ACC698803bd0a,IPa00984f467
ACC81c5c85360,IP0a6f00f226
ACCe3e34dabc7,PId9f28de363
ACCba6bab7648,IP48a8ba9a8
ACC5a5ca95a1b,IPbcfdb3d5e
ACC3ae17b81d8,IP90ec2369b
ACC35af8e1fc1,IP5b851cfe4c
ACC2bcee4c6cf,IPa4bd92a6f0
ACCbdf0d75cac,IP4a44b4bd8b
ACCba605dd095,IPd19b5b9748
ACC07ac9e53e3,IP960cade6c72
ACCcf1aef41bf,IP025dfe595d
ACC71573ff4be,IPdd625c38b3
ACCc8291213ff,IbP1d7405572
ACC884fa9aa66,IPf2019ka34ca
ACCbb82f5ebcb,IP37aad97723
ACCbaf9957ad3,IPe8e6b6f688
ACC8bf6a49a6e,IP1a47919f2c
ACCc33519b1bb,IP5971c661c7
ACCb050a51574,IP1929d4bf4a
ACC0c71931131,IP968156e5a9
ACC61a6931d6c,IP8e0c919c48
ACC483c1014ac,IPd0e18f5a6b
ACC7ef200b8c1,IP8e5e77a253
ACCed301708ff,IP81ec4c041e
ACC86b7ba19a1,IP249f689bd9
ACCcbb0f41833,IPb03b63e460
ACCa32eaf9d06,IPd9fed405c2
ACCd6cf5058fc,IPbe23dd85cf
ACCad1377cb83,IP911af381e7
ACC1872297ee5,IPccb9561806
ACCc1e0f742c6,IP8de85494ee
ACC55058d0761,IP69ca6cdc27
ACC8e2da46640,IP6e862f182d
ACCa4cada5bbe,IP709f6837f5
ACC577e96bf0d,IPe9629ee17d
ACC1ed58d5dd8,IP734e6de911
ACC8db59b429c,IP7c6cc51f65
ACCd2c24adf88,IP7429b4ce19
ACCbcd18ee1b0,IP313b2a869e
ACC325dce3f70,IPdfedf11bd6
ACCdf837e6236,IP105d3649b9
ACC75048f56e8,IP0d66763d2d
ACC0b18fec046,IPa8c022066c
ACC4653b22c8f,IP1ab9f9d587
ACC3e1947f409,IPd8b3c6dd37
ACC7da650b31d,IP57c6ed118e
ACCffc869a82d,IPaf71ae17a6
ACC5213884fd5,IP872298c227
ACC048bb91f62,IP296bbd9415
ACC309b5f0c2a,IPcfa431d67
ACC29d9b8e768,IP0cea953c20
ACC8eab166751,IPc3a547e846
ACCe3a1e3af62,IP91081366dc
ACCf035cc6b57,IP9324ef6106
ACC040f56887c,IP5c95a393ad
ACC32693e1b82,IPf06431ba5
ACCa593aee65f,IP97a000d532
ACC00b35f615c,IP3cb95411da
ACC44c6b85fa4,Ip7b3d395dea
ACCc4e8cb3614,IPea428e4ad
ACC0d9e5fdeea,IPb1ec6c3844d
ACC9f0900b360,IP55e5553f9b
ACC2a320b208c,IP8eac764d91
ACCcf99b4c0db,IP52efd42dd1
ACC579b695555,IPb78984d478
ACC04960d5c97,IP938d6f0yd94
ACCf005a42588,IP8098511e40
ACC8b272e5d3c,IP79b8acbad9
ACC7015aa4f41,IP67e3fed315
ACC9b1570c5ba,IP32261867b0
ACC84133de454,IPb2edc7c699
ACC5781b08b79,IP553dbae8df
ACCd5dd8c5245,IP6d931ba592
ACC2320a64d07,iP00591ddf03
ACC265d609813,IPf37327f7ca
ACC3c4d30012a,IP985a8df19c
ACC29ae2dd994,IP66944fb494
ACCb6c96ffdcb,IP346cdca94
ACC8e86bfa216,IP2054e5071b
ACCcc65ad6422,IP999f87b694
ACC187fede5aa,I3P92a3286da
ACC49a446234a,IPf210868337
ACC12e3bcfd34,IP3a5324d31b
ACCcd4a611ffb,IPd5d6605768
ACC3247c135c9,ImP0a23585908
ACCc6c5a8996d,IP41786011af
ACC251d449c5b,P70fdcc020d
ACC680b302cf6,IPed7602cf72
ACC6b523d2453,IP2b89759ea3
ACC15c1f240f1,IP4df8672089
ACC1928fe2034,iP20f5d39bfa
ACC45c07c92b9,IP2855a4c0f3
ACC5facf66397,IPdcb5032387
ACC65a98bf7a7,IPbb7eda2d01
ACCef46ab7229,IPa4f4ec3b5
ACC3c24c73fdc,Ipf53dc2dacb
ACC06528bb9d6,IPb785e6b769
ACC02791423c8,IP5052992f6c
ACC029993eb45,IP666d20a8ca
ACC5c9491a6a4,IrP758d6ac541
ACCd0cf5ba8e6,IP3f5cbc28f6
ACC5c4e4bb91a,IP9bd4766f11
ACCd785e822c6,IPa8de3c0681
ACC807ee038cb,IPf0dca70012
ACC90a2464928,IP57b795007a
ACC12a0f5dd8b,IP85b3570da8
ACCe04b937187,IP3067467b6a
ACC825976edbd,IPafa38b28e0
ACCd06f720cff,iP89db8d8456
ACC23f71b1ed3,IP5f41a9d9742
ACCff19fab93b,IP68370c048c
ACC4ba284ab4f,IP2c58223b32
ACC361261c892,IP0161e7c3c
ACCc6d630acc7,IPf0f8669a5a
ACC28354999ee,IP1443e232b9
ACCe8a8a0ea41,IPa0749397f8
ACCcfc7c3b61e,IPd5e159dee5
ACC003160ede0,IPef900f697e
ACCfca454c276,IPfdc6bcd7c6
ACC246d44d6ba,IP97d1027833
ACCbb106fd0de,IP1f9a8d3c41
ACC9d58285a17,IPa1c24dc5a
ACC82c51eae8f,IP29b9291f75
ACCcfeeeaf245,IP5d87b7b692d
ACCe81d139726,Pb6fd895ab1
ACC3ac0956a3b,IP0cbcc99324
ACCd4b34a7adf,IPf58f0865c5
ACC7afa0ab348,IP15a10e807c
ACCcc6fe7a7ec,PI7712b268f2
ACC32e0168155,IP4f6dde16e2
ACCbb8571a22c,IP31184eec06
ACCd5c98f8370,IPc7106e58231
ACCf530931d8d,IPe9f049e223
ACCa68109f684,IP4e38757cfb
ACC7e8c7e8cf5,IP37Ed849248
ACC6ee3854aaa,IPe7912adac7
ACC632312d48d,IP63143d0f8b
ACCd621f498d2,IP451edcc796
ACC2a03f77b26,IP65A4795e40
ACCda0dc1aa35,IP0495671574
ACCe9137e67a5,IPface9886fd
ACC1c35533232,IPbccfc14f5
ACCaefa996e67,IPbb8fb9af06
ACC170200ff60,IPdfcE0962ab
ACCc386a7af4a,IP2d08d31f4c7
ACC9459f5f410,IP580d6f4930
ACC640c22321c,IPa108a3e67
ACC543b2c59be,IP2dccg9effb0
ACC99a4d89282,IP7870f0284b
ACC21281e730d,IP5d81546ae0
ACCadcc506dab,IPd8f8829d2e
ACC2a7d988c70,IPa4f70f4031
ACC786054e4c2,IP272ceb978c
ACC65c5f83d30,IPf8b94evf2b7
ACC52b93d38ac,IP761b691448
ACCa5efd9e537,IPd85f83cfd9
ACCc1bf078ae6,IP8fd844f068
ACC56ddc0e6f1,IP75ca151580
ACC00df677724,IP514560bd9cb
ACCda802e3e74,IPc7bFf6b355
ACC604b154bbf,IPf2d6c522f6
ACC2d3cc1114c,IPfcd9472a7
ACCcf179c382b,IP73386d6d8f
ACC6f8e5351b6,IP7aac735cf9
ACC182282abd7,IP89484ec0a3
ACCa3aac0439e,IP1983e32df0
ACC2b8c7b0338,IP7b71742c42
ACC1232a1d800,IP7148cca2e36
ACCf97f8a75a0,IP051084ec88
ACC99769ad39a,IP1000209c52
ACC4322cfaccd,IP1be431f68A
ACC65d7433f9f,IP5411fecb87
ACC907c26950b,IP8da7afb7dD
ACC690d4cd8cf,IPd88529f9a3
ACC4a6118d5c3,IP47b046b3eb
ACC728da7713e,IP86b696b473
ACC465918f8a5,IP5e23384fb0
ACC1ee22af4e1,IP0d5d2f8d5y8
ACC461ccd425b,IP9a17c4e0f4
ACCa641e42ec3,IP25a06ce86e
ACC05cc7da8ad,IPe27c243cf
ACC479201f77a,IPc175928266
ACC8c112e27a7,IP21f8b43b96
ACC18b30dd65d,IPc6c5b65779
ACC805bc49bf7,IP6108b3145a
ACCb5777d948d,IPd54ec4d83f
ACC4da23d7778,IP0fcb7ed752
ACCd2b745e1ac,IP25711d523b
ACCa2fb23dc13,IP8bf39d408f
ACC9c61c2ae2b,IP5c3981c341
ACC4308dc0f19,IPb4097e4baf
ACC8611430e69,IPaad997f718
ACC4ccbae4722,IPa824eb159d
ACCd0bef03660,I2Pbc25db8381
ACCb808dcfba6,IP7d97k25c2ae
ACC44c9659e51,IPa27ef38043
ACC947410dbf9,IP597a85ab5d
ACCad45e60bec,IP30f7111f29
ACC857424baf0,IP44ad631c6e
ACC30deded78b,IPf43ef73b56
ACC696c652a11,IP921122bbb6
ACCd0e10db3e9,IP45c12545a
ACC334766093b,IPe08f493f2
ACC5aaaf55df4,IPbb94a890f9
ACC3b34f8aa7e,IPeb678d6ad7
ACC0e4ab7da1d,IP49242c6011
ACCc2ff679ba0,IPdc5c79b45f
ACC68d7029d58,IPf9444df6a1
ACC00a5d0ec53,IP2875cf35e2
ACC4c1b9130b5,IP402efc2054
ACC527cc0373e,IPf8224c65c6
ACCf2e1a478a9,IP622b5c6a76
ACC01eb401407,IP1c19bedd29
ACC736fdbc274,IP7c713e4a56
ACC54bc79d72f,IP6ae6d60c29
ACC2219d1b045,IP12fa3d712c
ACC1601d2633f,IP5l20bd48327
ACCab52593b2c,IuP4ea9e944be
ACCbc1e4ed50e,IPcc89c24f53e
ACCd7d2ff046f,IPe6d92A230f
ACC274c219e15,IP601bt0dab32
ACCb2ec3f7cab,IPcb0760fe4a
ACC212d6dedf2,IuP6e1612e83f
ACCe70d022ac5,IP201266deb6
ACCbc8ec4d3fa,IP17067eed17
ACC5b457bc372,IP9eaa35f490
ACC19accf1c28,IP3a7e7b3a63
ACC94433960d5,IPf25d2f8ae6
ACCc50529e2e3,IPf71e75e765
ACC3144948d94,IP3958a5031f
ACCddf3a91a01,IP176cf0df06
ACC9d4459d790,IP4b4b26ad70
ACCbd3489a092,IPfb9d2a2579
ACCd5b99b0259,IP975d673d74
ACC645b3107d1,IP403bc8eca1c
ACCddfecc30bc,IPea90916132
ACCecfddffad0,IP79c59l65e46
ACCb2571534e5,IP4cf897891a
ACCc0acb5df69,IP95e4adc35
ACC38d56abb4c,IP7ba5782bb4
ACCc957c4e645,IPaf9b166d6c
ACC1deeed1419,IP3fb24cbd6a
ACC886bfd3205,IP1dccab1b2a
ACCf792051162,IP516e22e0fd
ACC32285c6855,I2ba52f821f
ACCdd3e8e8f52,P95a9dcd029
ACCae0cc4c9e2,IP7776c59170
ACC9cfb437c74,Ip44e1a10162
ACCb3a547b113,IP86ab94f315
ACC33c291e9a4,IPc970w95efe2
ACC1094012f83,IP14203da67c
ACC11d61290d3,IP2b57ae702c
ACC904b11e6f6,IP5ee6c7e6v7d
ACCe9f88e939b,IP9dc8fe119
ACCe77eb7fc9e,IPbcab56fea1
ACC7388c2aa9e,IPc70d980cd3
ACC932948a241,IP47035c81dc
ACCa2e6e568cd,IP4ab266f532
ACC1ac68c959d,IP2c108b5778
ACCb23da06832,IPf14066e4e9
ACC065b31f845,IP4f70db187e9
ACC09bb380041,IPecbb0e2522
ACC5aab1c8987,IP0eb3496189
ACC375390542c,IP75879b2a56
ACCca76d253d9,IPc011363527
ACC61534e85fb,IPdd75755f5f
ACCabd73b6e0d,IP95c269b64d
ACC21989316be,IP658d545b7b
ACCb5cd91a46a,IP35d9a19696
ACCdf3cf61c91,I2e22cd664f
ACC997612c2f3,IP9ef5c27d68
ACC908cd9d914,IPda4aebad19
ACCaa533c356d,IP0172d2c13a
ACC2152e7153f,ItP96ffb49769
ACC6cfb52812a,IP95eaed97e4
ACCcec58f87c1,IP5565e65cb4
ACC5df4e2494c,IP705322dffd
ACC3f36bdbafd,IPca20500767
ACCc986e8b1c5,IPfdc5d11509
ACC099d742d78,IP5472a0fb8f
ACCc8e84e9e47,IP5c0f21fba3
ACC30bf89d727,IP5372e88c28
ACC672eca83db,IP8d7955504
ACC474496c8c1,IPb1ff9d78a3
ACCa7e3f6bd0d,IPe0bed7ee6e
ACC37c40a46c2,IP0737b8a061
ACC6d5d1bac08,IPbc04c25faa
ACCe5be88591b,IP150365f9e
ACC6bf7e8cfd6,IP931a8c5b7c
ACC39abe08520,IP260478b3c4
ACCab7a033b83,IPc0911468a1
ACC9f7f30abf6,IP7817538a98
ACCb89ae086cd,IP58c8904eda
ACC4094796108,IPd67cbc2d6c
ACC6bcf2541cc,IP81a4f35ede
ACC5ea70341db,IP6c05139496
ACC83af5f3853,IP9127c4c67d
ACC42e974c017,IP3302ddeb561
ACCda6d714799,IPc3eb6555e3
ACC1374cd9c9e,IP0cb575dg95b
ACC85e96ef0d7,IP1ad0626B42
ACC5666aa31f4,IP51fd9b54ba
ACC4e76d3b8ea,IPee4915f93b
ACC0ab0fe8778,IPb7f62f2338
ACC7676180d64,IPc22f3ba92
ACCb7ab693802,IPa02e205aba
ACC4117c3e5b9,IPd2569539c2
ACC525b01dcdd,IPf7f6b3e0d2
ACCf7bdfe7ab6,P018e8e3758
ACC0c160ee1f7,IP3b1033f4a
ACC69aa599bb0,IPe05u3825864
ACC7f0b7e2a09,IP20d3390c64
ACC2427040a90,IPd013852c12
ACC8e8cd0cdbc,IP9bba5d4953
ACCeb25b2fbd8,IP80v50b844cc
ACC23290269c5,IPf16ec8454f
ACC0ee910aaeb,IP578b83c913
ACCb07132bd62,IP108654a626
ACC034ce21993,IP9251272c2
ACC6158be130d,IPed670478a9
ACCeb07cbd485,IP52fb7cfc45
ACCa98874ecba,IP2a8f944769
ACC8be7797a27,IP29a7368e0a
ACC39975a9e3c,IP7225a0e87b
ACCa9e5835cb1,IP87f0d3eea4
ACC344ef9929c,IPce952bf56
ACCa4535dfd45,IPf0903228b0
ACC1459c86496,IP313397d4b3b
ACC6565f5f6b7,IPe3fe154e1d0
ACC46f2481fa3,IPc390871b6c
ACCa0e795f223,IP71e966a8ad
ACC12e303048c,IP58fcad2139
ACCb526a0d288,IP6f193257c7
ACCc3649a4aae,IP03835f889jf
ACC08793ebc70,IP79f1eccb24
ACCe2ea0f15de,IPa832260153
ACC772e055995,IP1fp0ff52b02
ACCd92cf6061e,IP1c2839977x2
ACC27711b43a0,IPb3da688749
ACCb5212c2445,IP02f4b33166
ACCdf4655bbd8,IP15a4516ec1
ACCe0e8702c50,IPeb3dd42d09
ACCa45bbee9d8,IP55586667e0
ACCcfaf834386,IP5816d94abf
ACC5607ac9ea9,IP8fb7499cc5
ACC4ad1edd60d,IP312404d6af
ACC4696737ceb,Ib50b259636
ACC200c469740,IP893c613cfe
ACCe05219cd6f,IP41f15123a2
ACC0f3b3267cf,IP48c07a1a09
ACCdc240cfbb6,IP9294e34fb47
ACCa154faeabf,IP91fb4f3551
ACC01a45c58e5,IP1a2e3dcc84
ACCa22603014e,IPa79a1a110F
ACC8e14b4a340,IP93bd4fe45e
ACC0d887f2e58,IP6223cd3da
ACCd153541c73,IP8e9a59fa86
ACC8ee458e9bd,IPc65208787be
ACC4c612fb5f2,IP791a23bdcd
ACC562f6a2d98,IPe7dc87441b
ACCac70bf2646,IP5e449ed50f
ACC3c7a416b54,IP1bcdb92290
ACCb2ac54dc59,IP8acf0567e7
ACCc6486d57aa,IP8eae93fb6a
ACC61d678294b,IP2d3bb2eba2
ACC8d7f615d30,IP17e151a4f5
ACC8a26e669c6,IP45d99d196f
ACCbfc4e1da74,IP77c5606c31
ACC71fb12be08,IP8142cc8fd8
ACC7154e9763a,zIP39cbf42ca0
ACCdd6630d5f1,IPb523ea59d4
ACCf5dce82866,I2Pb9792f0f56
ACC767d46e70b,IPdb1bd4783b
ACC72ff278caa,IPbda6c02e96
ACC6f9168436c,IPb3f920d21b
ACCf5816967a8,IP24944f7503
ACC15d720b3d8,IP08e046daa
ACC87e70d6ee6,IP30b818603d1
ACC4c1aedebeb,IP266f4fe45b
ACC8a1e33affc,IP956d629d96
ACC18ab600d9f,gIPe118a39911
ACC818514537e,IP24725b2002
ACCd505f1c0df,IPb59c705b59
ACC080881c085,IPadaaae62c3
ACC4b65125150,IaP090c51862
ACCb1a3518552,IP87793e2023
ACCf15047a3a8,IP9a018170c95
ACC7ce816b105,IPdb2d94380
ACC0799519bbf,IP93610df820
ACCd81229e810,IPcc8f0747d
ACCb627372a95,IPbc660a21df
ACCa9720b8627,IP99e4615a03
ACCe262efa0cf,IP067e1b95e2
ACC7de83bf3fb,IP3e3a4c6a34
ACC4525f7e64a,IP8a53a4308
ACCc35a101907,IPb5636e3294
ACCc08463abea,IPc1d27ce709
ACC2d68fbc68d,IPe823d90f9
ACC933d2352a9,IP326577520f
ACCbe1ef06bff,IPc6ad9e4aa2
ACCadd6182ec5,IP89537bb7ef
ACCadbbfe395d,IP52770429ee
ACCed68aa6152,IPe918143a34
ACC71a1b48ccb,IP28c8d9c83e
ACC2b072a6512,IP32affb7f89
ACCe06e29ea02,IP139339d42
ACC9a8a82c235,IPc4ae1f0d19
ACCdaff736b42,IPb0fc124be4
ACC4336d2961e,IP24a52f8406
ACC345cccb26f,IP1b3284cfdf
ACCc816c8ba3f,IPc3cb45d6ad
ACCa02b3d8676,P85dc0b92bc
ACC66490cd4c3,IPd18e2beDed
ACCfc02289546,IPab23b0838f
ACC6f4b638bc1,IP72fdc2d262
ACC707448431c,IPc525332913
ACCb041eb0e7d,IP1053561b9e
ACC124c0012d7,IP16b0531305
ACC99adabd7b4,Pe429f57ae6
ACC6cceea5cbf,IPe42630239c
ACCa74b85cf1e,IP6703b23590
ACCe8e7951181,IPfcea508f369
ACCb6f8d70936,IP555dc763db
ACC0652c941c5,IPb505aa7d3c
ACC07bbb98ebc,IPd5d997e3d1
ACC7214a241a3,IP6a29dfde5a
ACC448151dbac,IP47f056d408
ACC5a85bf74c5,IPe4783f01f
ACCae0b2c9d00,IP3376c9a51b
ACCf7c85d6914,IP142de5c288
ACC4e8bbbd1ec,IP4d78e9E8e1
ACCd1ee98b5d0,IP87649C06eb
ACCd218106045,IPba0a3021ee
ACCdc49ae2464,IP39d691f188
ACCc9dc5fe38a,IPd82aee9f3d
ACCc98913acfe,IP25a8669a24
ACCf88206f609,IPd82383a86b
ACC1c7354bfae,IP0f940c9c41
ACCd67d2d2237,IP4ecd4e7ac7
ACCec40a2c50f,IP678aee38f
ACCb6519c14c5,IPae21689cd43
ACCfa11849eab,IPfc79de3328
ACC36c1874c54,I8fc34aebfb
ACCfa704cd9ae,Ipcbce2f0610
ACC0e261a8810,IPf23a095e1a
ACC58228371d2,IP9999298k1ba
ACCd189dbdc25,IPb34af31bfe
ACC822c648bd5,IP1a8a0b2d0c
ACC382ee667e4,IP0c9e23b9c4
ACCa8ba9bd626,IP2scc9ac0f86
ACC6c022909bb,IP810e09499d
ACCdfe972387c,IPa070cf94e7
ACCe349ed09d2,IP67e6e9e06f
ACC23fad977bc,IPcb87594c40
ACC06c585ac51,IP15ac6aafab
ACC462f19a1f3,IPed89e2073b
ACC9e2c6cbd99,IPrb8293aeb5c
ACC8625901c4f,IP77f9ebc147
ACCf32c4564f7,IP0342556768
ACC30bcb94c14,PI3521ba2dca
ACC9d5c250eff,IP6459e6e8e1
ACC7ccc4282bf,IPc24fbb7218
ACCa2c2758614,Ipb0debf4eb5
ACCef4ff89fc1,IP0f4d09cc5a
ACC41b020ee3f,IPd67909a450
ACC08a69ce041,IPb4ec427d2d
ACC0c842d6187,IP581ba2e217
ACC28dc72de51,IP89dac95e5f
ACC2cd92b8d7a,IP9402d7f218
ACC7a64384ff7,IP99fad6bac4
ACC58e6c21646,IPfa3c40aba
ACC0ffe918cb4,IP8195b06b36
ACC071a81f9e3,IPca67aa3adf
ACCa94e769e9c,IP7b110f52eb
ACC07f2ed6c64,IPf9be94e2bf
ACC2e3d3d2fb1,IP0b77230650
ACC6c0418d7fa,Ip30bb1c3750
ACC43aefa5016,IP94baf994a7
ACC82d152989b,IP760fe5d5f5
ACCe8a76ef8d7,IPd50243309
ACC2076c7e289,IP86f5e3024d
ACCc147b0ecdf,P85e0f0ffcd
ACC28d21f8b30,IPa1fe334e456
ACCbc91f236a0,IP12f8155d9d
ACC1f8fdd9ae8,IPb3389480d
ACCb1c91c0d12,IPb161edc1cc
ACC2dacfa411c,IP4cf2c5d329
ACC066c8a1930,IP36c9cfdcd3
ACCd49f6e17d4,IP40262196d1
ACCe03a89e7b7,IP4e82d7db86
ACCeff3094e0d,IPc4ef688af
ACCdd8a26cee2,IP5736a741e8
ACC8d0642572c,IPcd9ee19fc4
ACC6d0642d252,IPbe55f13d29
ACCde278d67c7,IPb2qc0ba19a5
ACC49a3bf8580,IPd4a0b97e2d
ACCbf2187ddd1,IP9d32f44c7f
ACC2fdf30d036,IPaa88ec7327
ACC2ca8a6275e,IPf9743426a1
ACC607b3fa79a,IP7977f1825b
ACCcbfc5cbf36,IP723b3597194
ACCaa3f77cc34,IP37c5aaacaa
ACCdb91055fe2,IPe5e94df392
ACC06725b3193,IPc687a07a59
ACCe86541f388,IP1319a3e485
ACC49c11ccd9e,IP61f30ece8b
ACC63f309eed3,IP5825ab1a0ab
ACC16d17c6ec8,PI2583bfdd0e
ACC780a792cd8,IPe0b39bb0e0
ACC5d83d8c3ba,IPc9b883f5bf
ACCa82cd4c47b,IP009d410881
ACCcf9dd464dd,IP24df97a787
ACC571e5d0ca3,IP36d98c00f9
ACCd99b6e4958,IP8fe0aec636
ACC37639e52c0,IPfae7e33f47
ACC2f428d0459,IPfffb4906de
ACC12956bf09d,ImPf053606020
ACC0f8a082918,IPe12eee9eb
ACC0c9c63b1fa,IP95938f0312
ACC8df46ca069,IP92197ac8d9
ACC340d70f957,IP7e72c5288d
ACC5a71fa7020,IP3d3f26191e
ACCa31610574a,IPee1086a0c3
ACCa1ec3c98af,IP211425c4c
ACC132a3e0712,IP2Cab3aecf9
ACC9a4f354097,IPf0687b8f69
ACC26d1a05374,IPd78fc987b7
ACCf7c3f4a650,IP49e37ad5af
ACCf487bab706,IP8ba8539262
ACC1b0643980e,IP4a6d65266
ACC681368f4bc,IP415Aa4aa03
ACC83615144cb,IP121a2b7ee7
ACC57d77768da,IP29f7c026e81
ACCefc2ef377a,IP4ec75b97fe
ACC3c65f38f28,IP40937ca647
ACC1ae3c184b5,IP762bdefaab
ACC138db82a37,IP2d7ci4c1617
ACC82a3f82acb,IP1490b6a0f9
ACCa235665a42,IP1177de6f29
ACC590f107ddb,IPb37eab3a5
ACC0e5f1484d2,IPc25b2c4beb
ACC9e4240adac,IP230097e91d
ACC1df0716e97,IP9f43fe0518
ACCb9766eadac,IP6a1bd5210e
ACC3117ffd905,IP9cfaf2d0691
ACC17e06d39ab,IPfc890d08aa
ACC1b6e0d42a9,IPbac0375482
ACCf4bad13d8a,IP68c27352ec
ACCb0adf5b53c,IP25061b9bcca
ACC7eed2f001f,IPb2c5e9e81b
ACC3a05c04323,IP3d007586a9
ACC8ad156bcff,IPd243348f25
ACC73961cff0e,PI0e80115713
ACC6ca72cdfb4,IP73023f5305
ACCd744300d96,IP3b9bf5c230
ACCa090883d03,IP5867891c0a
ACCa4f7e7a733,IP011062be53
ACC56ef44362c,IPf79696d74b
ACC199621cfb9,IPb3ff9d440C
ACC04c9d7abfd,IPa88e3fe053
ACCbbe625dba9,IPaac557c18
ACC3410a2de10,IPeb75b9829d
ACCbb9bd8795b,IP8e7dc52fbb
ACC72ef9e00ff,IPc505b357ed
ACC5c42d4cc5d,IPf0582bcd4b
ACC9faa642fa5,IPf12a13a81f
ACC952b20b4f5,IP43540e9895
ACCbb884eb079,IP1c9451a687
ACC92b610464f,IP72b3a6c378
ACCabbca4320c,IfPdfeefba482
ACC03c870281c,IPf77b5dAea7
ACCc778ed3420,IP0664c7b6ce
ACC35695eb84d,IPb2c7049bb7
ACC8c0a4c885c,IPa4776Eceb9
ACCb7ae2fcaa4,IP9bf915c9fB
ACCa8abfeaab4,IPe9d38a28a6
ACCd6ea2c1092,IPc411097b6a
ACCb666e511f0,IP83305b2343
ACCb6dc263bcf,IPfbb58b1b48e
ACC6ca42e446b,IP1c41f4a3c8
ACC873e5fee84,IPba11c404ef
ACC2dcc5104b0,IdP05b3f6cf52
ACC703639aa99,IP4df3a3883d
ACC2b8f832ca6,IP871d2da1e9e
ACCc407057f40,IP955f7acc2e
ACC5312fe189d,IPba672c78d3
ACC3e8467dad2,IP76e9d0c3a3
ACC6c4a9cbe11,IP203Cda727d
ACC3059598d63,IP1576697e3da
ACC3345ccfdc4,IPca91c4438
ACCf8fbcd5a4d,IPaa0b09ffc6
ACC3fdf8d837a,PI59d35ec512
ACCd44dc55ad7,IPa3d9d8f4fb9
ACCcd9ae9a245,IPe5125B9585
ACC648b4b26bc,IP15c438247f
ACC566a23015d,IP99cecb80e
ACC2ecde476c0,IPbef27d509f
ACC6b15d01584,Ip7cb36c3d7b
ACC4895de515c,IP701ada4d7a
ACCffe2fd799d,IPeb3dee045d
ACCa890803770,IP369e13909
ACCc2bf8b7476,IPEb44d01c72
ACCc0d5811cec,IPc2b7fc8m768
ACC8e6e45cfc3,IP760ef1cd7
ACCc98184629d,IPac721517b9
ACC1c4502f2a6,IdPb6743edb2
ACC5f3a23c147,IP286104de3fc
ACC759e72aca2,IP133935b35b
ACC0b2098ba7a,sIPd4a0b68422
ACCb32cd36057,IP0526a7d184
ACC8523e7027b,PI3edecd7a7e
ACCe7c433a914,IP360257f99
ACCa5f2b1fba0,IP259b98a87c
ACCbb9f2b5b26,IP3bc0be1756
ACC784f5274f4,IPacf58546cf
ACCa85fdaa00e,IP84f3e49b8a
ACCc0c175929b,IPae2361d63
ACC6e7ea8147a,IPa64578244a
ACC8c86d89c8e,IP6641abb2cd
ACCdcaeb7da47,IP323ad59052
ACC618bd0da4c,IP67aaa2e76e
ACCf4b10dda18,IPb0de41571d
ACCfa530ee22a,IP1c0c5dcd3p6
ACC7d09c50dd5,IP0cd2091467
ACCe9fb08d989,IPa0oe0d7b90f
ACC679a26d6d0,IP6b402bf18b
ACC7653f916c1,IPe5f68de821
ACCd2df9feacc,IP09058064c9
ACC327438c79d,IP47d4ae7162
ACC3a11d9396a,IP8bd7115bud5
ACCc1115dae38,IPae1732ed01
ACC4a767cc9a3,IP65e9611eb5
ACC0f02bfaf87,IP6e6b0c376d
ACC13ec6f5f64,IP05c8119e93
ACC2bd298050e,iP2ab8245bfb
ACCbdef5db0ef,IPaa7ca2abb9
ACC1bdc328aaa,IP8cf6af81819
ACC5b18a9c588,IP3c8ec3de55
ACCc588d7f8a7,IP90c8f6d79b
ACC0cd9d2712e,IP5febca4ddd
ACC1fa47924b6,IPa1fc2336fb
ACC5486723700,IP4d6f530d8b
ACC6e8844d265,IP3bf6976b99
ACC0cf838a54e,IP08b74s36454
ACC7f81938679,IPd9be61369d
ACC560f1a77e8,IP5bbe000301
ACC5344bdebd1,IPe4ad70297
ACC251822e7bc,IP99d7e25dc3
ACCa67cbf38ae,IP668010ea71
ACCe8f3ba44d8,IPefac8186a8
ACC5a4009b8b2,IP3e5c1c79e9
ACC9ab71e2957,IP70e856ce7c
ACC487185062a,IPd772686fb5
ACC747cf8440f,IP96c5fe5dff
ACC87320a959d,IPd833a1cf52
ACC7afb553518,IPc38cb69b8
ACCd9654d4ecc,IP446392c523
ACC589afe26a4,Ip18864f759b
ACCc705a68b2a,IP674bdce198
ACC0433631f64,IP48fbb05aa0
ACCcd5c60b5d3,IP9ee3ebd6f0
ACCc79df83e80,IPe2ab826708
ACC8317207d05,IPe51d1a6bcb
ACC431fbf65cf,PI1d99330b42
ACC6170e8e7b3,iP798cc2b8fc
ACCf28e5badce,IP8e175n25959
ACC79d178e37e,IP09nbdd0f51e
ACCc0356112bc,IP0d5b0bb1c9
ACC4113839990,IP66e144b527
ACC32e2a31fa1,IP8292a61e18
ACC4d53f1dc54,IP2774e60086
ACC29ebc9f7d7,IP7412949d82
ACCdff5992ce9,IP6df3cfa12d
ACC3fb0efcd42,P1bca106382
ACCfa358ae9fc,IP16764658c8
ACC554d81e1dd,PI1f63a81733
ACC41489d674f,IP8cc3e19df4
ACC14f4383047,IPf3d1b399a3
ACCc246f88b84,IPb24a260cf9
ACCf0ad8de9ec,IP7bc6B0d198
ACCff8e30b58a,IP5651074005
ACC7aa9be1027,IPc15f0F62bd
ACC0563f7be0b,IP293bfa5cab
ACC0fecedf665,IP6e8ae23e3
ACC9dcca22177,IP333c4579b2
ACC0154cda04d,IP399dcd999f9
ACC6b698f830b,IP0d75f05b92
ACC79688b542c,IP5e551189aa
ACCdc0d623a16,IPad00c8e2eb
ACCec478a3d45,IPeee4e2ecda
ACC8915b7db03,IP18ab32o0314
ACCc3ecf87a7c,IP2223db28b8
ACCe78f30d7e2,IPbd82803dc8
ACC3f9aa93b33,IP18f7ah98581
ACC186669e0e1,IP4366bwe081f
ACCc469e58aca,IP8415f05448f
ACCb514a0b150,IPec1d2639b3
ACC5dfb8e8451,IP01aa8151f
ACCdf29183bbd,IP9d5649a263
ACC012a65d471,IP6b305c1376
ACC0842389315,IP4387920f39
ACCb6673c5a1d,IP9c225a9915
ACCd2d4a2453e,IPac4fa97241
ACCc080154ec1,IPb1c1d6b401
ACC9a82118a9d,IP09c4b2c4e4
ACCa0d2094252,IP313bdbfab2
ACC9e8c93515a,IP729123a389c
ACCcd6c2377e6,IP2418247eb0
ACC5a46bb011f,IPc020770c9f
ACC9b2da9eac7,Ip5cef804fca
ACC58b7caf329,IP330bdc42dc
ACC9bc92edcdf,IP08912945c
ACC538241ba5f,IP9f0ct09e61c
ACC5877ab9651,PI9a5ac779a1
ACC87d7971284,IP0c7563e917
ACCe61e8464f1,IPc982e3104c
ACC0ca2a25f71,IP530e95dd13
ACCa2406ab8f0,IPe31f50859
ACCd93f79da6e,IPc175182318
ACC62beb874cb,IPfdb7af5119
ACC7efe42022b,IPb0df9f0058
ACCf77d9845bc,IP8613f85595
ACCd59390b0ee,IPd5c8c9603d
ACCc460c950d7,IPca96be8E2f
ACC6e7c08f802,IP897aed2ab5
ACC5fb43dc64f,IP4294136c82
ACCbaf6693716,IP8445a4735e
ACC52faa6d718,IP0707f9d4a5
ACC1d3944dc4c,Ip6b9119c2a7
ACC0af4019456,IP5c633f7b22
ACC20cfef99f8,IP571qcfc1cf3
ACCd6b0c9ae41,IP04c943721a
ACCf772e3068e,IP360c4c91bf
ACC655a7bee63,IP625267e7fd
ACCafcb84d3f6,IPBf1300756a
ACC2d99fec7b1,IP55376a9e56
ACC5922667b7f,IPb788795032
ACC45d1ed6e83,IPe843dff28a
ACCd6c613de50,IP601df2042f
ACCab25f6ebb4,IP0eac193c08
ACCabd1b56f68,IPfb8c39ea7b
ACC114f237e84,IP99188Dd092
ACC40f965654a,IPb7ba784ba
ACC19c2791ed7,IPfe44c85e662
ACC1de84a5692,IPaaf40f62bb4
ACCf22130b885,IPab7a7ef527
ACC8702fd0136,IPf79a52563d
ACC7d69e62249,IP427d91957b
ACCb0add5f4ad,IP29e2d99b06
ACCea705c1afd,IP7a9084afb4
ACCa44a11a425,IP9fdb2a4749
ACC820bca5d01,IP3939aa7246
ACC6a2b9491e0,IP263852bee5
ACCea94274b70,IPb88c6131e
ACC2986cbf8bb,IP13f41b9445e
ACC06a3612f33,IPf85c7ced71
ACC1fe2fe88f0,IPb2fc79d2c9
ACCe6c76fd854,Pb2ea33563a
ACC9ee10338a2,IPf4a2bj3111c
ACCae331af088,IP35ab96ff92
ACC7f73e47efe,IP5fa7462b20
ACCa5c64c28ec,IPe107979ad7
ACCa3fb56c7ad,IP41445ded4f
ACC329650f9cc,IPa353b1f3c
ACC8ba63e1672,IP9c750a2628
ACC415334c1ab,IP587f9a391c
ACC106e282262,IPec3c2554fa
ACC816e322c20,IPf3e5c0ee96
ACC5f78f1210a,IPc640045c21
ACCfa96b37ebf,IP0a9c5f4b17
ACCfb3030b9e9,IPb3ca566d69
ACC84e7dff013,IPc603d26402
ACCa540a4a407,IP24c76c6e94
ACC3d0dd12f14,IP1a3334b76f
ACCb61ab7fe60,IP227b5dcf36
ACC9719a66267,IP2f1229ee08
ACC7a1a3f4f3a,IP0cb114cdf1
ACC36187ffbb6,IP64e5188471
ACC9376a763fe,IPc8f362710a
ACCbfffb811eb,IPfo6bdf84af7
ACC443c125b6c,IP6182d4c570
ACC91097468ac,IP8a22cc3170
ACCb02190e252,IPe38ee64cb57
ACCc2668c62b6,IPc57c78b896
ACCa6f72ff61f,IPd68526b581
ACC0df092e9b4,IPfe77e1040c
ACC8b95f5f289,IP628322df8c
ACC1e6484dcfc,IPb2bfa58fa6
ACC75c48a679a,IPd325a4720c
ACC72daed5da2,IPbc2828c2c8
ACCa4a5869e2d,IP782971d34d
ACCac2d38c613,IPe3c4df5b0e
ACCe5ef47bc4e,IP4624b9a567
ACC5fbeb65caf,IP2820ad5bb
ACC33879a273e,IP31aeae3906
ACC999d37a8f5,IPe6f4269b60
ACCd8775c721b,IP4e50cc978b
ACC79e42af298,IPf55d33d334
ACCfba5d35ba0,IP5a92851cfca
ACCd24a2e9e91,IP10cde9d781
ACC037a7ce7b8,IP9e3df2dd86
ACCe4cbe92e60,IP6726f57ed7
ACC4ee29eca86,IPc4d8b17fe
ACC27fc9e8117,IPaf188192ba
ACC6e323fa7ad,IP60c693d925
ACCfd5b98f4c0,IPa4a3431aa1
ACCf80e7cab3a,IP6662ff1tfba
ACC7ba30cefbf,IPa6098bb97a
ACC93b187b4f5,IP63e0c70d01
ACC66ae207b3b,IP1d7c58c308
ACC30fafa228e,IP0641725773
ACCac29c7d915,IP58d58fad5a
ACCcd2a529685,IPba0e7f4374
ACC59c7c5ccaa,IPf8ce85fc46
ACCce1ecfdd21,IPcd04a568c
ACC886527be37,Ip64f2e59a8c
ACC377ff507a0,IPf9348c04f6
ACCa89cf54b93,IPbb50972d5c
ACC400b549372,IP1bdf853cd4
ACCd745c4d065,IPed9ab21234
ACC38c460ebd8,IPa06839b97
ACCd2a4054ea3,IPb871f786d
ACC550c5fcae7,IPbd84394a69
ACCbf7c5d2c58,IP5757a4ac98
ACCb98f4c3769,IPdc6a13eb6a
ACC3ab1af5a98,IPf5c18480df
ACCeda756d8c8,IP2857eee37b
ACCdec759eb1b,IP27471935e6
ACCdca337f919,I0P1062566573
ACC9245c89ded,IPdc6aeb6851
ACC26fb962ce4,IP0f9c572f7
ACC6725ceec50,IPceb93a18D2
ACCd008e9e8a3,IPDa7982bac0
ACCb34b733ee2,IP29bd30f16
ACC1501d08d66,IPf0521cb68f
ACC4ea4f46a3a,IP89c8034a7f
ACCfa40b48daf,IP3a2f2ba611
ACC3cb7a06006,IPc5934986bd
ACC1b2526bbed,IP359b438d15
ACCe2d9f6c642,IP844112159k9
ACCab3f417897,IP0e88658cc0
ACC870cea18ab,IP1b26b3e37e
ACC0f6e35e3c9,IPc3474dcffb5
ACCb3c882241f,IPj3ccd717295
ACC78837ed443,IPa7f89794c
ACC589726a3c6,IP44eeeeca94
ACC4553c7e55b,IPcf56c6ef2a
ACCf7b78a4fc0,IP7799d6c428
ACC949e87eb55,IP80663e3a3d
ACC36df853cb4,IPe7f6d0792
ACC86a7c1d4bd,IPc31c3c7d8d
ACC8372fbe58b,IP92c7215131
ACCf1ce630bd7,IPa6fb39842a
ACC080b2b2d50,IP95d56c3f22
ACCa35fa5bb1e,IP07891cb885
ACC41c434d6cd,IP05fbc4f8041
ACC8f08156e87,IP90c34e647e
ACC32bcec41ab,IP70fbid682d6
ACC116e7a94f4,IP9E7c45386b
ACC0348372bb8,IP2b1fe8c79b
ACC741bb3961a,IP969e4242ad
ACC4f83d46145,IPe93d8dc53e
ACCa0c0123e0c,IPb6881bc9ec
ACCefe2fcbeb4,IPd24a81bb85
ACC349302fcf0,IP147f6c0F7c
ACCe4fa9aa279,IP953ef449d5
ACC91324d37af,IPa0416b2b3
ACC75ce43ccba,IPeae29eb122
ACC1c20d9a7c2,Ipb8c8d77575
ACC6d520d80d7,IPb425ce822
ACC58056840d3,IPae54a8f685
ACC6111f0a861,IP0bd918297ee
ACC81b89ee853,IPc2a59f1888
ACC2d5f9e473c,IP8c9adde31f
ACC9b791664e7,IPe8b3ed4d93
ACC6d163eac16,IP816531835a
ACC4b2c10bdeb,IP09dc3a0a2a
ACC09cf44bf65,IP9a0c37a31e
ACC7f342f6f7b,IPc9a475e7b4
ACC96dbdfa8bf,IPce3229daac
ACC9b3750d744,IPabbfa2fd25
ACC3e1de812b6,IP130848f302
ACCe2d885bde2,IP8ca4e57ad5
ACCb154e8a271,IP074cc2eb4f
ACC32e9cc79ef,IP02fa115874
ACCc27626946e,IPf742232838
ACC206fb9133b,IP6e34d94e0a
ACC5c4d2529d4,IP10ak8443855
ACCff9203fd24,IPd77c0391db
ACC128a215263,IP6b272b549f
ACCd07b7072f9,IP73c8494047
ACCc36a9e8154,IP2e3152047f8
ACC19c65dfaee,IP787f7f9915
ACCa8ef765a8e,IP515d69ea4e
ACC6f67f18c36,IP5a29b08e25
ACCae568d7010,IP28b120a1c6
ACC9bd745a374,IP35c9a702a7
ACCc64fc628c4,IPbd921a657
ACC3e77951f8f,IPf1b841aee2
ACC27d1a440b1,IP577Cf17067
ACCef454a7a64,IPbf337f010b
ACC76ed8ec044,IP37876789E9
ACC95f8845acc,IPd08d254620
ACC3420f9db23,IP76c7f11e3f
ACC4edd38bd2e,IdP7d87e2fd1
ACC20af439dff,IP6fe3251d01
ACC0b9544501d,IP4ea5100c68f
ACC2882b8bf1f,Ip7d5da2a796
ACCf3770b0744,IPe9f7534f42
ACCc2ff60821e,IPdfddc456b8
ACCeb65c59e8f,IP709e3fcef0
ACC6cd8f8ea85,IP90227fe948
ACCb99d0e39f7,Ip071e791299
ACCc2c6e70f4e,IP0cc3c7de81
ACCc42acd7be9,IP913elbb933b
ACC7e52dce130,IP276e7f0f2
ACC9bc9eb1d70,IP20o88f74698
ACCb9d3ca356d,IP2b4043bed4
ACC60ee608cb0,IPaa40f7fF31
ACCa59c2fed3b,IP937aea392
ACCa3be298860,IP0b4779rb7ab
ACC5b507d7c67,IP1b31e03607
ACC251d174207,IP795n768e95c
ACCe8d8b105d4,IP83a8bf3955
ACCd9d4c87f2b,IPfe8ec58ca5
ACC6133649ae3,PI3709c85a11
ACCe80013c05c,IP88985a1c4
ACC87053963cd,IP7372700b69
ACCe95bb6c905,IP31841895a0
ACCde6bd6ada5,IP54ad7cd02f
ACC1de6ab767c,IP522401f43b
ACC5c02090f18,IPc59f1dbd94
ACC982e19c08e,kIP077361fcab
ACC77267b06ef,IP9ede79ff39
ACC28516064b5,IPa99899e6e9
ACCef72df444d,IPb606789904
ACC1c94d3c938,IPc59fc9f99d
ACC28c9efdb71,IP54167c7708
ACC68d399172c,IPbd73f60ae5
ACC395e44ef96,Ip44bb292041
ACC5a8b105a1c,IP4fbf3q60e63
ACCf81052d451,IPd8e04b055
ACCa8f7526890,IPe7xbb18d405
ACC85302d25f0,IPed9def5058
ACC4a3726b251,IPfc0dda73a0
ACCea6e3ad9ad,IPa984a22496
ACC8202711f32,IPdfc690ec47
ACCf64d9a8db2,IP544f0a0e60
ACC35c1a0bb8b,IP4e65ec314b
ACC6cc52c322b,IPdd14242f2e
ACCfa6ba688b3,IP87541fda78
ACC4127faae5a,IP038631d860
ACC3940c88c26,IPdf90c3900f
ACC7cb830fe5b,IP7eec2ec0bf
ACC8e44138381,IP4773fec63b
ACCe15504113e,IP11a701ada1
ACC234e12114f,IPd35c703551
ACC6741b7710f,IP3a6a114f5e
ACC531fbb5994,IP31463bc7a39
ACC0774f2bdc2,IP1cce402d5c
ACCce0cb11cda,IP70df753039
ACCe9bce8c5aa,IPf1255ca25a
ACC8430cd1c99,IP09f179bfa8
ACCaebc0c6554,IPa6151eadc7
ACCbda0b6dd5e,IPee2211b04f
ACC789e2a2d03,IP53939fbc70
ACC2e3c6cefca,IP150cf95387
ACCc96ae9dbb0,IP3e8aa6fa19
ACCb6b7933f1a,IP3437c46cdc
ACC0e55ce9799,IP53e203a2cb
ACC28748eea44,IP5bf7448d02
ACC1da3685972,IP81a8dae1a4
ACCb03c2a7cd6,IP6f70e46317
ACCeb9a7331e6,IP8fma2cd30db
ACCda2196a10c,IPd6d6e61896
ACCfa8cb754f1,IPffbb89ec10
ACCc3f6553731,IP0429j42eaa2
ACC6fd2ea0bcf,IPf5393e96a0
ACCf4a0055b48,IPdd942B6a2f
ACC4b186b965e,IP5f1ac89702
ACC31f52dcc8b,IPc6ec3a08e6
ACC778916ac44,IPe37a32577f
ACC9db98b2131,IP1213d9bbBe
ACC0f536050a9,IP75237005e4
ACCb18dcf57f3,IP829264a7c6
ACC103bca508d,IPb2534c3405
ACC1ef7c78703,IPf402e816fb
ACCbbe3f0d75e,IPC2c08e71a3
ACC00f0cde6e2,IP20077af05
ACC3d81df87aa,IPe16f0a02d7
ACC6167dd052c,IPa73c61b436
ACCa84fd087fb,IP231fdf42ef
ACC877af2ff84,IP04158af994
ACC96622d6519,ImPc8623b8422
ACC07846123b8,IP76d6075a9f
ACC51cb615e10,IP0ac15fdb33
ACC75ea6e1500,IPac1712d6a2
ACCbfbe1943c4,IP35e523c0e5
ACC88713b1e7e,IP2264611389
ACCa6268a43d4,IP84c3410dfc
ACC86db49fb86,IP697106c95b
ACC243d908407,IP8ed39c436f
ACC7ca1e4ac85,Ipf3515b6ff9
ACCcdcb24dbe7,IP0a13b518a2
ACC49b8cad8dd,IP65bb762f80
ACCb66f9fa3ad,IPeb176d6147
ACCd586e1aeba,IPa877bb2996
ACC6b5b18e51d,IPfa4732ad97
ACCae8c1ad13e,IP7d3bc004cf
ACC35998324f9,IPcae3f244cd
ACCa834eee3c7,IPf25e34423e
ACCc7c9e21f63,IP8486909495
ACC25d12bbdeb,IPf969b12562
ACC36dc9362ed,IPf1ec962f35
ACCe2479798ee,IPaf71e21b33
ACCe050fc7d5f,IPba51e79591
ACCb25b5da2fb,IP5a9e5a91db
ACC2289b11c01,IP6fc1951eb4
ACC6f735cebd4,IP3257ae7ac2
ACC934a67b249,IPc726d060f7
ACC990a9f37f8,Ipc49719284c
ACC4fefd39116,IP4635fa621e
ACCcd810e927a,IP8c163eedfd
ACC786a39346a,IP306056f074
ACCa9da4f3080,IP2054d0d10
ACC50724b576e,IPc1dfed81b8
ACC073816cb73,IPdecca3659b
ACC8853d4eff4,IPe9db38ca6c
ACC81b92616a5,IP746c9b410f
ACC837548f9e0,P116ef1355d
ACC3db8cf83b4,IP9fd8bb815b
ACC506218367a,IP87632a6a54
ACC370fda567d,IqP6664452a68
ACCdb85900149,IP691097972a
ACCb6216cb001,IkP6557ae1d15
ACC688a53ffed,IP7d9ad76b81
ACC720970940c,IPc7aaf7ae3b
ACC1481054763,IPibf275ccb50
ACC0738e2688f,IP9082f8a808
ACC45d2f138eb,IPe00f1036be
ACC7a099d0185,IP5c0159278
ACC77234ae2a6,IP8bdf9f75d5
ACCad17d0804b,IP99d07768eF
ACC1c199745e1,IP0ac970312d
ACC4a4e59a36e,IP2aa297097f
ACCd12d0fec58,IP022a4123db
ACC365ba92176,IP07445506c8
ACC70a5fcd0c6,IPd7068e4a3
ACC53ec279d03,IP24e9537dda
ACCf39886ce78,IP2d61df3362
ACC2c99459431,IPC2e577084b
ACCf002aa1897,IP77f32c2552
ACCdbdf12acb7,IPb63e9a989c
ACC962e986028,IPdde9b6defb
ACCfef5757a7b,IPka3842bea5f
ACC78bd546995,IP273772826e
ACCb26a69c677,IP44f2649995
ACCa5d3c12ba8,IP3fe0786ad1
ACCdcf56e673f,IP07ec679d48
ACC18bb1471e0,IP3abac6b003
ACCdc6b421609,IP0f0c70c76c
ACC5cfa2d2875,IP981808fafa
ACCfcbb70ded5,IPd70caae103
ACC1b3c26e11b,IP9f878536e4
ACCf5a56a0707,IP9693baceafc
ACCa53ed95823,IP714457a6ba
ACCbfbfcfde4d,IP9a84b4c361
ACC911122ae4d,IP2d0d6d365ce
ACC2a654cc877,IPa87b5cb7f
ACC6a1737d94b,IPcc4rf493381
ACC0da3550f97,IP2116b1133b
ACC9f5d4736c5,IP384c2e3b4c
ACC97ee90b168,IP48ea7fc8f8
ACCb9c49da088,IP212d1b325a
ACCad185a5236,IP2b6c1add3c
ACC305adf36bd,IPd4e826b403
ACC3595dad3c9,IPbe45a5c6cc
ACC6fd0904934,IPa942ed21c9
ACC8e420457cb,IP09f22907d5c
ACC5c54135251,IPbe395t0395d
ACC1a40bd010b,IP4d65895433
ACC3bd1759d41,IPcc36859b6d
ACCce4e491a47,IPcfcC0aeaf2
ACC314427e469,IP01eaa03008
ACC1924159ad0,IP1885d302fb
ACC499adc9eb3,IP5d15940b3e
ACC225a5776f8,IPff20b4454d
ACC201a2ff1d2,IP617326f817
ACC5f8d23860a,IPd4a19c3fb7
ACC75839ed35b,IPbf89eace1d
ACCd1104125e6,IP1164966941
ACC9e668a9113,IPd933749785
ACC08cfe35053,IP87fdfe9e6
ACC1d48fd41d0,IP183b8f2a27
ACCe76faa72dc,IP9f3d5ffd58
ACCc8c080ac58,IP763002859f
ACC108e1661d5,IPAc6ce5ad29
ACCfee6d94f70,IPaafa8fdeaf
ACCbea8b3f090,IP286fd4b5ed
ACC7d7db5fb89,IP7729c0db16
ACC38b254c8ab,IPaf271d74d6
ACC4b9153636f,IP08894234d0
ACC32278d1a21,IP726db3f98b
ACC802f0fe28b,IP8c4fa3ff70
ACC485fe16bab,IP5037a5b7a4
ACCed238dd279,IP0ab41b1f28
ACC90a6be7d58,IP1117360209
ACC2ffa1f3675,IP63589415a5
ACCd9b5f4357b,IP7dc141bb6
ACCda177c09e8,IP0baea26c28
ACC8da4e2720a,IPf4b1148Cae
ACC5b92eb7b77,IP62d8e94413
ACC0d0ce81122,IP759b67fbf3
ACC0103a7e571,IP653f086728
ACC8f1fe8b9a3,IPc0038e941e
ACC899afd1883,IP92d2d89b34
ACC4d85391f62,IP0f13de18b4
ACC0fb29bf9e9,IP49ba924833
ACC09a877133c,IP8cacbd5879
ACC10abe0805b,PI293676a98d
ACCef8f483c5c,IP8c101c62e6
ACC00dd98f93c,IPc512866136
ACC40775e0bd8,IP62bwba18e90
ACC8144d26dd6,IPa4b1a148b5
ACC7f386ccafb,IP1a33636afb
ACC7a24b7e2ea,IP29ec68d6c1e
ACC9fc4bebfaa,IPea821531c5
ACC797fcfe143,IP83q6f4de022
ACC208d359de9,IP1ada8ab0cb
ACC5c84c08cf6,IP7d5f84a058
ACC68bd319335,IPf4cb9ec190
ACCf2c06c6a42,IPec7664b8b1
ACC66606d958b,IPe782df5313
ACCcfcdd5bcbc,IP2fce04a5a8
ACC2785993414,IP50cd99cb30
ACC0c692fd743,IP3bab48a18f
ACC33f13c6242,IP4b775b81f4
ACCa8b9779d2e,IP381b13fc8b
ACCe91246e911,IP56810971b0
ACC327c6b55f0,IPb586754791
ACCe5e60e5f45,IP954c64a3d1
ACCcf2f53662b,IPbb799cfcee
ACCcf8a0fa2d3,I0P791c39fd0f
ACCc00ad44aa9,I7P3d67b4f2e
ACC517e68380c,IP0ab1d51b3f
ACCe312f4b7dc,IPl1412ad936e
ACCcfc93bb6c2,IPd359df96b4
ACC0c31e07c07,IPe843f663a6
ACC77b20cc5d6,IPi1d00762c8f
ACC743cb44fe3,IP80e902e5a
ACCf6567638b4,IP885b1391968
ACC60a229f361,IPf4b497a6a
ACCd2d880fc63,IPi736dbc8a28
ACC6e29a29453,IP797f53ec87
ACC760b25e381,IPa5703c63e8
ACC4790e75192,IP14c9c6b4ee
ACC422273020e,IPa806bb1cec
ACC7e16863f2a,IPff8d8fd58
ACCfc8eedae8d,IPfe4cb3e23f
ACC33c8fdbdac,IPd57808087f
ACC1e90c468a7,IPbd23fdbE08
ACCc8d87aeda1,IPc97cffa77a
ACC59cdf2ca42,IPff5114cfac
ACCef7e924c06,IP9dbdba3ae3
ACC619b73f2d0,IPfb233ed928
ACC5cae2f4236,IP4522dd775f
ACC9c3b33dc1e,IP498824f488
ACC8203e67555,IPd8677337b
ACC21e350c236,IPa1c06eb3d4
ACC6fe06b67df,Pd06699ff0d
ACC19b1ab37f6,IP4e5744e72d
ACCa7076142c1,Ipea952735cd
ACC1833bb25b1,I6P142162510c
ACCe1474212f8,IP2317a2722a
ACC5ef4b45592,IP73f0b3ccca
ACCc975f5bc5b,IP4d8b320bc1
ACC5d50614ff6,IPda7b182a3f
ACC104d3a3138,IPb911c33159
ACCd897fa7b69,IP77a17e849f
ACC003bb2ca48,IP1a993bic7db
ACC1a1fc612ac,IP11a9523f74
ACCbc0c6fcf2c,IPf5777bfdd5
ACCb0975f55dc,IPaa87fb26e5
ACC887eae1257,IP62ea906177
ACCa6682ceac4,IP8af5fa752a
ACC128102b5e2,IPfbf93214f8
ACC89b36516e8,IP14c9e5d296
ACCf29511f700,IP4270ffb478
ACC8a5473bb3a,IP6e99efde91
ACC99166dfbea,IP478599fef0
ACCc8c22d1cf5,IPb3a5166e4f
ACC0b7e341e0f,IP518892b8a2
ACC18d5f908b9,IP2fdaf86454
ACCbc8cbfa24d,IP4c489d6bb6
ACC28b6dd7b21,IP4120272g8d5
ACC1e26f83d7e,IP01e4bbdab2
ACC42c204cb5c,IP61b7f90e06
ACC549463e076,Pcc2d646e43
ACC9bd5cd9391,IP0m6d6668fae
ACCa7a4f3632a,IPd0cefedc46
ACC9b3fc650e7,IP773ce6fbd7f
ACC2dea4065c5,IP4f110b4682
ACC4be1b43f10,IPd54633fadc
ACC73ad11c633,Ip9fdca3af9d
ACC1db29432ef,IP6e70f8230b
ACC9ab757a854,IP2e5c3671a8
ACC32005fd9e1,IP2b1f48383a
ACC22bd86407d,IPe2c8266bdf
ACC4a3b37b342,IPb5c82f7b1d
ACC3b112ce3e7,IP20c4904c08
ACC17d775cd67,IP7c397aec4d
ACC9650828413,IP3771ca9f44
ACC0ac3afffa3,IP822196a524
ACCc43256e392,IPd5b230e95
ACCf74c903331,IP100e4fd44d
ACC04da667bc9,IP14d0291798
ACC702144105d,IP566723bdb5
ACCc6e8860dcb,IP52d09db379
ACCe4782900c0,IP1d514d8318
ACCd1bf42f313,IP86a0ecv424f
ACCfbe57c111f,4IP33f37ef386
ACCe8808a8893,IP7240df732f
ACC2d88fec2c1,IP3a5684e185
ACC4385137a19,IP1fffrdd4137
ACC0fdc406af4,iPc9e5da71c6
ACCe63c66e699,IPb44cd8e6c6
ACC52b427e620,IP1bd698d878
ACC399d1bf522,IP2134604393
ACC121f3fb8ed,IP71de869fd8
ACC120855773d,IP846d3a1764
ACCed95dc7c1e,IPf96afa456
ACCdcff1f9b57,IPeea42afdbd
ACC33f090277d,IP71744b373f
ACCc43c459ea9,IP9129fb221c
ACCc25553c41f,IP8ef78fe593
ACC4bb1c6ded7,IPa89783a4e7
ACC84cde68a56,IP3bf61b1a0b
ACC73433ff886,IP2354fbf761
ACCba67a67ea1,IP354c253ae
ACCa1334b004e,IPe030dcc05
ACC0ad60f9e33,IP2cf3823095
ACCbaefe09ee1,IP2650a16d0a
ACC69d00a74cf,IP8680b799c3
ACCb658fe3203,IP9e355334ab
ACC9537469909,IPfcc8e7eb1E
ACCef7ca8c44c,IP8908f0rb948
ACC974109cc2a,IP9e81769144
ACC9b83d330cb,IPf48f983590
ACC7ec30ac14b,IPb82acbde44
ACC4340da6404,IP7aCf8f4679
ACC2242777828,IP68a6f4ed42
ACCf0933f6502,IP3d78cf9bf7
ACC34592c8d26,IPca701edf57
ACC9bb16b9689,IP7ac6f8affe
ACCfca0a323db,IPD03da6e7e1
ACCea3cf3f6f2,IP2b3021569ba
ACCaa8b8a04cc,IPbf9d542950
ACC99201bd10e,IP548db5c9d
ACC902a24136b,IPa562a37a80
ACC0f623442ed,IPd424ec0e88
ACC1f45ddea3e,IP2a2e3153ad1
ACCb9f0146140,IP158131395e
ACCfa74278450,IP4a1170593a
ACCe4b862f573,IP097c55e0a9
ACC0bba02ed66,IPdf89f455d7
ACCd810c3c860,IP6cb64504a3
ACC2adcd7b76c,IP2e7eff9180
ACC10fd1eef33,IP048f546ed9
ACC5a5d0675d0,IP2b8046596c
ACCccecd4d85b,IP88b5c4943b
ACCfd67950723,IP1e443787fd
ACCe85503cecf,IP48c1837c2c8
ACC3cd7130a8e,IPf472344317
ACC7c3d5bedf4,IP954e2bc457
ACC0b636ecec4,IPb82c949f80
ACCa51b6dbe12,IP43a2e71470
ACC79868fac62,IP3d9af5b911
ACCecf8b81c8d,IPddc17b9ca5
ACC6db521f42b,IP016487d546
ACC55da082b01,IP41430cf1c3
ACCab7bc64908,IPadc0f2b6d1
ACCca87d7994d,IP90a904115a
ACC01f6a37e02,IP151ddb053a
ACC9e74e0e807,IPc4664c77c8
ACC8e8776001d,IPf49e00f194
ACCffdae35ce4,IPe635976d7f
ACC7b6c835881,IPc349adf9b2
ACC1d6100a62a,IPb6379955ba
ACCb209c3d133,IPb8bb44d008
ACCa52f2a29b9,IP9abe54a124
ACC0b8f5a5db2,IP03703f6e42
ACC2cdc37a5e4,IP2feb9c019f
ACC103335646e,IP4ae041bb3
ACCf7ab0999f4,IP7ecd278f90
ACCf994bc9cff,IP4b827e5ffd
ACCad4b72a2af,IkPc11753b990
ACCd235b18bf8,IP4a514f21e3
ACC01e9f18b63,IPfcdb1ebbb8
ACCc1b230aa53,IP2b0bcf8ea
ACC52e380f792,IPc6d621b161
ACCa8f69c4f12,IP8c31b8b56
ACCdd89be9bff,IP64f2c1a5d4
ACC39000ba8a2,IP00548fb623
ACC9eb432b364,IPa1d0ca41e
ACC96b8d52dda,P5c986325c7
ACC4f2a2aab05,IP596b88116h3
ACCeefbfc29a1,IPa4a516b515
ACCf8765a6ed6,IPaj0995c8c56
ACCd9ab7ea031,iPcaafa91b0f
ACC0a4aaec2e9,I9dcea47d80
ACC1701bd4f9c,IPfu15e1ab935
ACC90812bda03,IPe98abf2a86
ACC26bafeda73,IP2b891aa2a4
ACC4458727556,IP857a96b7e
ACC7ea96f22cf,IPadb351924d
ACC65dc514104,IPed6dcc2307
ACCcf3f39d491,IPd14c5ce956
ACCda5170a3de,IP5661954cc2
ACC45be5f2fe8,IP7b4123d22e
ACC3a96dc24aa,IPa60759292
ACCb1aa84548c,IP67f4c99365
ACCd4b87f4ebb,IPbd0fe37p421
ACCc86c9b8c40,IP093bb86178
ACCa1f0d9ae9d,IPbe1d744524
ACCae6237ff99,IP604b5e1008
ACCbb775d551a,IPfeb2f1b0c8
ACCe7aa3755fd,IP6f1e07a7f9
ACC594cf0253e,IP0ec3c61b92
ACC901a8e6e58,IP532e25a75f
ACCb013bc855f,IPa744906d4b
ACC321c590430,IP84f5ca9baf
ACC79484f9f61,IP8f13d8a07a
ACCa1a76e66b3,IP7437107bf0
ACC8bab8ce358,IPc5b490bd72
ACC483e089f08,IP66396c59f
ACC66e4e8d9b9,IP7fc299288d
ACC0db7054a2d,IP66nbc40faef
ACC6da4ae57a0,IPa75b990a3
ACCb6b398fcf2,IP1427e2d4ee
ACCfef151d1ff,IP520665c2a2
ACC2396e20552,IP19020dc8175
ACCea23cb9d42,IPbfd78527d
ACC050fbff994,IP2247ba03bf
ACC5c91bfa16c,IPbe68511f6b
ACC48a3a463a2,IPfc680d2a52
ACCb2ac69a7fa,IP571df22db66
ACCbeb951f7af,IP485a1cf51
ACCd1cde23b75,IP7nefbaad8da
ACC3fbe119ad0,IPbba3ea1a77b
ACCb638f3fb83,IP2adf3207d6
ACC16d8d1c354,IP973d1a6896
ACC2a00a9740e,IPeabc0643dd
ACCe643320b9e,IPf2cb294d71
ACC4b4d201755,IP109d1e360
ACCeac61cb878,IP0181dD0f36
ACC4a43747f91,IP898fc5e321
ACC782ca7ae40,IPaee4fe8a07
ACC1182bdc00e,IP4e9170b9c7
ACC16d761b5ea,IP0b561a7be6
ACC67da0dbd7b,IPce6c6a57ee
ACC4ac3824906,IPb874dc130
ACC39bfcd972f,IPadc0f07a3e
ACCe7a0f33293,IPc6b211f320
ACC2bffc7ee94,IP2020163972
ACCcb0e06c69e,IPb32fb13509
ACCc120ff77b0,IP661df03673
ACCd8b5b2bfa0,IPaff4115b9b
ACC58981a5aeb,IP292b0f90b8
ACC09b5c5f2a1,IP1bb7d4d542
ACC2861ba2295,IP407241e33
ACC095f07d433,IPef3edb4ra8b
ACC7dd5353769,IP79ca10e4af
ACC194ef6f89b,PIb461546c00
ACCd2acd3b5f2,IPc8860d9760
ACC1e67a1aa2d,IPf40c7889db
ACC88a8403cef,IPae10d6a6dc
ACC21a270b3ee,IP3b4d0788ce9
ACC8272a61ed7,7IPca60172967
ACCef5467398a,IP1e74c0f4dc
ACC330fcdd71f,IP29ed7eb9d
ACC9c21855890,IP7ec1e8a583
ACC5c92693293,IP7b2b9e8644
ACC60d7e7810b,IP9431a76abc
ACC5bfb05e193,IPbbb26b06ac1
ACC87d9d4e30d,IP2703e96ab
ACC98fec99cf1,IP5ed343k10d4
ACCa75a4030ae,IP954702aaf3
ACCd622e1503c,IP5c7b1ffob42
ACC6ea3913fa5,IPd1704b2b5a
ACC590b9ca7e5,IPaef2e52e90
ACCc04e8e752d,IPa8923ef15e
ACC31601a9e8a,IPe71a0982fc
ACCaf41caea80,IP69caaad594
ACC7fab596974,IP85e2f06906
ACC4b006908f0,IP686a6640814
ACC8ab4ba4617,IPc8cded73e1
ACC8eef6ce8a8,IP0440eb1d18
ACC1a2fb4b9a6,IP5614e19e52
ACC7d120d2a15,IPf824d0cbe9
ACC841dc91a9a,IP3247152887
ACC7e57977930,5IPb003d8b57a
ACC2bb004bbf4,IP7ff6cfc150
ACC85c8cea945,IP0df3cc1b1
ACCb6952132da,IP8a98dee1b7
ACC18ed2b48e8,IP3cc9ac7bd6
ACCa95863a8e5,IP74f37c7e6b
ACC84360383d2,IPc384f61523
ACCb20848b17f,IP7a7eea8dfa
ACCac90a1aa65,IP4dcdc67ab7
ACC3406dadc8f,IP3e424ed491
ACC0a861b94ef,IP8958ca180
ACC60a3889dba,IPd134ff9581
ACC57097520bd,IPd6d5693f8c
ACC2d9ddff18c,IP3b5533c26c
ACC3a412c8bad,IPcb63f7b3a8
ACC6a43de76fe,Pd70a70e452
ACC5fe7e242f2,IP764d52a0c
ACC97dec15d00,dIP0aac6ac179
ACCa4404bdd25,IP0526d083dd
ACC4324554845,IPe3ee57a9d4
ACCf1fb3479d5,iPacc100e6c2
ACCf99b8ecffb,IP547d10a649
ACC18991167db,IPb84806be99
ACC5f6042163c,IPc6c9076f64
ACC22cbc2ee2e,IP3d9cb33e7b
ACC82c59b7283,IP9b7ee37b24
ACC6700f2217c,IP3a0626fa9c
ACCb245c7c44f,IP9e466a6891
ACCdf7f51a873,IPc0880fff44
ACCd6eeb686cc,IP4711e6c298d
ACC0c5748beda,IPc925152b7b
ACC2c078e9b39,IPe33ffcead2
ACC9d079272d1,IPfd39130cd
ACCa8eeb670e1,IP581ed80a51
ACC42e9be1af6,IP50c763ee00
ACC837ae05bd3,IP47702fd0b0
ACC2b5aff6dc3,IP8cmf9b2d565
ACC35a6f4ff80,IP5fdbff3a9
ACC64f66675f9,IP499288E859
ACC6eca60c5ed,IP32bufc37c51
ACC53b5cb4b3e,IP45ded23E04
ACCdcd10a090b,IP89ce6cd54e
ACC2d94dab3c4,IPa43fa0ce17f
ACCdba70b1764,IP3749cb77da
ACC3c6a52636f,IP6286386d92
ACC33c24d226a,IPg941f1c0dbb
ACCa6bcfa216e,IP227972a611e
ACC8294d2e7f2,IP1ccc5a3962
ACCed41355786,IPb97a85b77
ACCe89754c1ef,IPd6f10eb3de
ACC119d874764,IP7e9cedd4eb
ACC7cff0fe9cb,IP3fe5ceac31
ACCa50ba76a01,IP87a92cb6da
ACC149bd8a953,IP9a178cx4926
ACC2ba5c0f346,IP3e31ddd4a
ACC9ac7037457,IP13c95802ff
ACC0d9e0863fd,IPa974b8b44f
ACCa75ca8dfc0,IP1dacE9c3fd
ACC885d6bc952,IP2a19a13891
ACCd1bf3b23bd,IPacc6a565c5
ACCd20753b87e,IPbca39be6d
ACCd916c734f7,IPda90bf1e89
ACCe15b6249ef,IP63291c5ad7
ACC4b3b082662,lIP73e221fcf6
ACC83f5a54263,IP42bc097343
ACC874212de06,IPaa3045f29e
ACCa550d896e2,IP43cb8931d
ACC00591a7bc1,IP9cfd1f82db
ACC5a57e25348,IPa27f283bc0
ACC81ece6d24c,IP848d7a9fca
ACCa2ba232f15,IP1161f02734
ACC846d40178d,IP2b66Ad94ce
ACCbf3560b7cc,IP0490fb865d
ACC4dc51464dc,IPebfcef0f9c
ACC3f5f732249,IP4ff37d1d1f
ACC8939333b59,IP225d09a069
ACC0b492f8314,IPa9fbb3221b
ACCf311f31d58,IPfd83fd92d0
ACCe7f15c92c9,IP967854b1c90
ACC17cc74af93,IP0cd3e73fad
ACC8f7f13152d,IPh10f5d6e62f
ACCa48d8bf831,IP2473e01be6
ACC2d9ac8f51c,IP48588916c7
ACC9e0c898331,IuP873cc00dc9
ACC955cf5b63d,IP7080de2811
ACC44a616cfb7,IPa77cc8b50f
ACCc60dd50cf3,IP487f014d3b
ACC82676aacc6,IP9F04fc18f5
ACC0f9c3912e2,IP672ef7d970
ACC8d3252dd38,IPe8437d91311
ACC09712805fb,IP652e6d7817
ACCc843c5049e,IPa5948c701a
ACCe33e576004,IP239e3d8f9
ACC3e96e3530e,IPcce11b2b19
ACC2fedd7fc04,IP6bb3340ab6
ACC50244383e0,IP23d3d33c1C
ACC3938696272,IPdd8b77b178
ACC851b74a61c,IPa3d0ee4063
ACCd89be40bc5,IPc361c655b0
ACCdf3657d839,IP98c1f63d3
ACC926e83584c,IPb9faef51483
ACC5e4f947d62,IPb897300f54
ACCa88ebce265,IP68d7eel76c1
ACCa1de331b60,IP7f8bfa1089
ACC311ad890e4,IP8fb8d557f5
ACCfebe21ca0c,IP6433dddef
ACC93fd8423e2,7IP711a096bb2
ACC69ac157af0,IPd409916fc1
ACC4754cc8b11,IP6ac93cbbbb
ACCcdf9e80504,IP3aaf548a3f
ACC4cc1b47f1c,IPC560895cf9
ACCa38a340f6d,IPf2e0b06721
ACC1ad4862971,IP9772n83dd7e
ACC563df8ba5b,IP4c166ec136
ACC0724859f42,IP8b7c5d92458
ACC19479d68a3,IP5d35bd6dpe0
ACC17979e5619,IP9530176079
ACC4fb4d73b9e,IP60b447c6825
ACCcc288c57a4,IPc521vc86ea3
ACC55c7f578d7,IPb9403f16bd
ACC9dbc1b6128,IPaddecdb715
ACCe5db3c93b0,IP7186f13cec
ACC24e828ed82,IPc4cda96e67a
ACCbd0518fb43,IP4baa6aac53
ACCe4d7c6ecd0,IP110fe5803f
ACC81c4f91f6e,IP879e419Ce7
ACC5bcacf4d09,IP650c5b1E71
ACC6ca8821688,IP370763fbb
ACC7a3a8cac7d,I0P742c0875b3
ACCb088db0703,IP858408b240
ACC4bf0c50d9d,IP8b2e23f135
ACC6953d6c284,IPab44c35eca
ACCe9b302eff4,IP6f6fda1705
ACCcf56478d43,IPa932e7f194
ACCcac6494ade,IP37484ca10a
ACCe8c8b16df8,IP55bce0eca
ACC1698098c62,IkP954da63d51
ACC3bc3eb5e1c,IPce6e1b2f5c
ACC5a53fd2149,IP6ae5f7eaa4
ACC335ee8ddf8,iP0810903677
ACC053c8629a6,IPd11eb890f
ACC29caf0884c,IPe61d037c43
ACC36c55c3a5d,IP64277ad39b
ACC2b01d31fa8,IP0e1b3fde41
ACCc5160a35cd,IPdc6685f2f
ACCd570e4fb55,IP949e4413be
ACC3e12f04d03,IPe4ca03e1r8d
ACCdfd8160e71,IP3b7ca32b32
ACC3eec4ba7c7,IP82cabba569
ACCb56c4c8066,6IP1318a5dff2
ACC03880a71f9,IP9be3a6b503
ACCe200507f08,IP1ae71e1839
ACC4ed775c378,Pf684fa2e92
ACC64ab818f47,IP76d5e5509c
ACCfcf687ab3f,IP82835b4d85
ACCc5c323457d,IPm0a86db0829
ACC08d6ab672a,IP441e012818
ACC65dfa8135c,IP8dda645fea
ACC62552ee0c7,iPc1f7bd06de
ACCe806f4c9b4,IP82386946073
ACC46f9a4ade4,IPe2f2b26423
ACCfb733454a9,IP6ca69ecc37
ACC0d30caaa06,IPc6499b72a1
ACC9a54b8366c,IP4aa6b14405
ACCd3ff79ca35,IP66c8a24da9
ACCbcbb369f8f,uIP21d3b85b1b
ACCf172b3bf82,IP2f36501a5
ACC78b4e54c05,IP511e13cdfe
ACCf30df40b49,IPf20cefff3b
ACCbcb91e77ad,IP8977405fa5
ACC631032e8ca,IPfc573y0a24d
ACCb0b410c804,IPb23c4c668b
ACC637a614bb5,Pa1c27f59fe
ACC854d6315bf,IP850c80a8ff
ACC7ec5e9e163,IPa6a4d61982
ACC39dd472c65,IP711e53ff8d
ACC2ef5400227,IPabab9d3e3
ACCe8838e2ed7,5IP7eef9f9449
ACCea1b6de23f,IPa78dfdfbe6
ACC10b3d75d96,IP087105e97d
ACC1d43da315c,IP9b55669c87
ACC96b10f851e,IP8ccb85930E
ACCccd2a0606e,IPl056c01ed88
ACCbe348232c0,IPa8a75381Ae
ACC71a5a87cc3,IP8805aaa73f
ACC5712e47810,IPe1c2816b8b
ACC62dcb82fc4,IP809f060298
ACC2d97aa08e4,Iadd161ad8c
ACC4d6040c911,pIPe812bed66e
ACC46172bebeb,IP9aee5f115fc
ACCb8be4d3367,IPa9bf60b825
ACCd1f298401f,IoPc71db5bcaa
ACCa66bca671b,IPb85ec8dc04
ACCf05a88e044,IP68d1280ec0
ACC3e58333478,IP0214781481
ACC7c2ce07545,IPec0b5b2b0
ACC791ffd8849,IP619207d82b
ACCe72ef5c2f2,IP1063f1a7c
ACC9f0f3731ac,IP875e4cf6dd
ACC87d8551b6a,IP5b68e03d9f
ACC88603a22f9,IP8b78a5136c
ACC9b4623d893,IPf487703b20
ACC8856601258,IP54365c4b2a
ACC2a584049bf,IPebd19d22e8
ACC558c2184cf,IPc4f09B05ce
ACC34d820dfd7,IP72b23d46ff
ACCa45c429e69,IPf021b49afe
ACCd94554e6c9,IP2742259d26
ACCe60fd1c778,IPbb4bfb4eed
ACCee60200b5d,IP8dadfe6761
ACCb95bac608e,IP6e9d41bdf1d
ACCd92c5d0929,IP572d301b3
ACCa8757ed7de,IP660932867f
ACC3b675f2d32,iPf1120976f7
ACC36c2cb26bc,IPb03d94710e
ACC2218700e05,IPb4faeb7a97
ACC3b6fb03870,iPbb38b5ed6b
ACCba94282c9e,IP04842c9a05
ACCe549a314f6,IP6f9w848e2bd
ACCfb318bcdab,IPc0e8a6bde5
ACCa5a64f6e00,IP53135e0989
ACC62d4f26779,IP50bbbce871
ACCabff97ebad,IPfe06123458
ACC540450d2a6,IP7968db638d
ACC51bbaf3858,IPe7d2bcdcbc
ACCa390858e18,IP7e48873fa0
ACC69ae24cc87,I9P20a93b8d6d
ACC56fc43940d,IPd3fcb8762
ACCc9c6f3dc9a,IPa6f0b5ea06
ACC9dbcaa467f,IPf979718361
ACC9bd2dc1516,IP1647ea2eb73
ACC1d6d004cae,IP14dfa499d7
ACC008fee5645,IP8b222ee45c
ACC43a8d568ca,IP4a6bb65b56
ACCecf5ebfe96,IP14af10be01
ACC3e2c097cb6,IPc099a848b9
ACC447538fa52,IPe5f86ee9fc
ACC50d61ba3b8,IP8107aedd18
ACC6b30a67ba6,IPa990410b6c
ACCd8808c5c45,IPfa8fc77i6ec
ACC8dd44f6d5d,IP365b2d8624
ACCaa442e1e5c,IP97644c1c7d
ACCefe992d9c4,IPa2f3afb68f
ACC4b6d6a7687,IPc5475y116c9
ACC39dc8ef1f5,IPde0c839f71
ACC67f1875128,IP7b335328d
ACC73f19432a4,IP7888818898
ACCfee27dff45,IP7d4ade9fd2
ACC2f97af0514,IP99d166795f
ACCe5c86a42c4,IP6c4c8e718b
ACCe5a71f1a5d,IP0ac78E3f1e
ACC38f1357b09,IP33801f156e
ACCc0831c8bc8,IP7e3229baa8
ACCc7589aed14,IP5a2e20c013
ACC733265dda2,IP66e606c067
ACCa34867c9e1,IPf5ce56113f
ACCa26f8ae3dc,IPf585fe97bb
ACCe0a5e2e84d,IP429fc5c61
ACCdf7da2931e,IP8cy9a168fd8
ACC8788653ba1,IP5bb46c76ff
ACC3db79ae9c8,IP8a9d81df47b
ACC6c90854381,IPbb6f722568
ACC400562bf55,IP9eb7735ee4
ACC6c8f64a952,IP83fd9ba0bc
ACC778e4bf9e5,IP846f78367
ACC128f367f32,IP4a04f84e9e
ACC2aec710877,IP1054ab3f25e
ACCd62366da6e,IP5b3D837add
ACC7100ea3b5c,IPae982A6819
ACCf74505affa,IP6ecc22a30b
ACC62c04d29ea,IP2da344618f
ACC8f3bbdd2b6,IPd2aa734403
ACC84b0f83045,I9119c957c1
ACC74cee9fd32,IP11c797f976
ACC9c50664582,If2f357f5b1
ACC3895204a23,IP7f49db6a69
ACC5c1dcec79e,IP4beb8fd83b
ACC7a33107199,IP47a09bc4b
ACCf0e7d1622e,IP8fbc9c9720
ACC29e2e60abd,IPcf933fcfe
ACCa0756c876a,IP8664074509
ACCd41779af34,IPac038610d
ACC17ae9e31e3,IP5b806b0e3f
ACC84e4f6d19f,IP2d1d4e76ee
ACC172ad8a242,IPdd2c1a71e0
ACC0c4ab387a1,IbP7d269a0d6d
ACC0d7e991333,IP1763f43a13
ACCbbf5f56bca,IP5a97d0a90d
ACCd6ac44c7bb,IP41b0964faf
ACCbc2f86ee3c,IP8eBc1d3f35
ACCceb88206ec,IP10e20cd29c
ACCcc2e04abbe,IP0baeaf8b12
ACC446506d34f,IP0e73cfC294
ACC09f2cd82eb,IP2521a4204d
ACC0e2dc88036,IP6c43e118c7
ACC9395758907,IPd02abed936
ACCce3531fc2c,IP31e70425e0
ACCdeb8e1fff2,IP35c8ae7bd6
ACC0bd31731cf,IP294a81d2bc
ACCb62717b7e7,IP88ee0787e2
ACC651c07052c,IP2e00418d39
ACCa64ca0a8d4,IP0b7a92976
ACC126fd71c4d,IPsc98d49baaa
ACC632a8fa6cf,IP990ebae9ec
ACC55b3ccc3f9,IPaf6ca31b6c
ACC56193e701e,IP6uf1b7a5ae3
ACCce13f793c7,IPd1ddbcf064
ACC67a28d6766,IP2b4734244b
ACC344fa3061d,IP63407b2dc0
ACC99feaa0333,IPa1bc6a8461
ACC739ed0376b,IPd974a27g642
ACC4aecf61aba,IP07965b31ec
ACC11ba088d89,IPfb8acb4d0c
ACC90f4fca3f8,IP1ddf1962ac
ACC4b4f3a4a7e,IbP215474ac6
ACCb5dc801821,IP8d810f978a
ACC215d97cf15,IP5fb7981106
ACC48767dbecb,IPb6b8c892e3
ACCa92fdf2373,IPc34820603b
ACC5f6a1efd91,IP9a09fd4b2e
ACCfc4e73fd46,IP3320d8ab15
ACC18b63b1695,IPe9d3a994a6
ACCb9b7943c65,IP290acb1bfb
ACCa1e2573701,IP3d435af218
ACC7860969233,IPc54137ee74
ACC7b7b0f9a24,IP69a221a152
ACC5e6ce3fa69,IPd717q7755f0
ACCfef7606d31,IP4f8c765405
ACCf767f2b12e,IPae9a97e334
ACC5f9a6008cc,IPc544668e6e
ACC1749a65421,IPa302630141
ACCe2e79e64dd,IPf4855e870e
ACC4c8be0320d,IPecb14acb81
ACC57f833bc23,IPa0d8c115c8
ACC639a6cfffb,IP6bd9092da
ACC89f04f4d97,IP69128ve07e4
ACCdb674dc2a9,IPc34d0ab3ff
ACC227adab14e,IPb596n380b50
ACCf7a7b160b5,IP60a7fd0924
ACC2bbc5a4810,IPbe5eed7862
ACC19b35dfac5,IP22fd9B2cd4
ACC7cda3f60cc,IP8e98c10ef6
ACCf644e28a2b,IPd65ce326da
ACC83b32e2ea4,IP238u05d520e
ACCeb456e5982,IP31155fbf5c
ACC37efe89567,IP0a16ee4d1f
ACC7d4e79b35f,IP3ecd92a165
ACCcb1c34e5a1,IPe0c7cbd5d2a
ACC75ab647f1d,IPd2108c954b
ACC364d5910f9,IP106c9658de
ACC027bfe183f,IP940af3ie7f5
ACC0df1bba6b9,IP921bb5b76
ACC1de5f0644a,IP2904e5e4ab
ACCe9a6ed7035,IPffee7f4821
ACC170ad77e27,IPacc304a942
ACC22f005d79a,IP1fbb659b9b
ACC1d9c857f37,P4f054817bd
ACCe617ef8e3d,IP738ef47c4c
ACC439a4c4319,IP73a88c99ff
ACCae9a8ca56b,IPf49117436
ACC3b1f6e078d,IP8488a0fda2
ACC3c38d857be,IPc6247a6bec
ACC345d9cbe4d,IPc23d0934c0
ACCd27c77289f,hIP5fb6e33e2d
ACC6951056fee,I8P7c833cb9e
ACC11cdc24221,IPda1efe548e
ACC45055526f1,IPaaa7284105
ACC261101ff40,IPc6c93a6ea8
ACCe3030ac01f,IP01c627fd4e
ACCe767a16e18,IP68c4229020
ACC154bb21692,IP2e302bebce
ACCecc156b81f,IP70affd279a
ACCe51fc18f7d,IP75a8ea5f5e
ACCff3b0bc178,IP86111fee90
ACC069bbab1ce,IP79f7b4C655
ACCa309be543c,IP8f2c776888
ACCd1465598f4,IP0670076bba
ACC2c052a4384,IPefd236b973
ACC264d384d38,IPe1aae7c264
ACC83337b55c9,IP56bf64819e
ACCdc31f8335d,IP82h4a0a4aa3
ACCbad71c6238,IP3031efe511
ACC0d53a47cbd,IPf724bc4f95
ACC7c779b5500,IPfed453986d
ACC0023b28433,IP372ce16f19
ACC7df76ce6a6,IPf002b34642
ACCcfb2607c8e,IPc6n7d2ce8a2
ACCa939ae50f7,Pb89dcba55f
ACC13a09d302b,IPd68646353d
ACC2c8528227c,IP253feb0a92
ACCe728a2bbcc,IPa20adaDcbc
ACC571c912527,IP3ce3086Bcd
ACCf2100941ea,IP649e192f84
ACC2b8150bd5a,IP5d59ef0793
ACC95a5c22fe9,IPfe433d4a1
ACC5b969f7672,IP2a85a25b64
ACC862ce91985,IPee4075e7b8
ACCf6d677a4cb,IP400637af94
ACC8238fccdeb,IP0237800065
ACC4e88dba918,IPb0cc25c6ff
ACCbd1d5b6239,IP49c4c82ba8
ACCeec3ec7532,IPa68a7053b1
ACCf8eb8b3fb7,IPdd35e50bc9
ACC4a00a84792,IP52fc53c48b
ACC20cbce0829,IPf97401a9e78
ACCf4f0345b94,IPe0f17b2380
ACC36ece7a1c3,IP55008d7bb8
ACC223daeed52,IPe2a16d3bd6
ACC6741c2b159,IPa84f2d60e9
ACCe23b30aa80,IP04c46f3e3
ACCe0b57275a6,IP7e0a4b695ea
ACC5a0076b91b,IP998107a0cf
ACC100f343d54,IP0bcfe7f70f
ACC5d947f4745,Ip79a450e9c4
ACCda87d71cdb,IP2f5b55d2cd
ACCe85407145a,IPm7bb5cb9cb3
ACC722a371573,IP02286ce023
ACCd3da59b42d,IPcf649bd592
ACCe680c117e7,IPf3ee28f3af
ACC66de68f392,IPc3694d5204
ACC2eabe74e10,IP2331a84ac2
ACCf5684e3e9d,IP73af34ae54
ACC89ed39baa3,IP0ee2e2a502
ACC80d72a8942,IP710ea68ccf
ACC8eaebebdf5,I6P4c9211059
ACCaaeb18cc06,IP74f30ff4bb
ACC5f2adf1897,IP6bc3b0ff2f
ACC2e5a2e0983,IP42ae96ddec
ACC862ff317ab,IP216702b34c
ACC855fad6932,IPe1aea53d3a
ACCd7371e467d,IbP952de67dca
ACCba2b9df59b,IP05e36745f9
ACCcd7380fcff,IP151d4e0f4eb
ACC293769294b,PI320d3b5df3
ACCf5b3c9b47e,IePd189b17c7
ACC6c94beee98,IP7d1597715b
ACC8b8a6f28cd,IP347a5836a1
ACCd7e088fb56,IP3df064d3832
ACC1a39c7915b,IPeafbffc88f
ACC6ccc95c9f1,IP4250b964e6
ACCd527bfac57,IP34a50f76e
ACCd36a4088c0,IP9ce309ca5d
ACC8c5337f76b,IPe4e0848314
ACC7e0baba381,IP64ef73bb04
ACC7eedc416af,IP917373a72c
ACC3bba3e5e6a,IP8bfe35d67o6
ACC5a12cf0e00,IPa337cz2a9d1
ACCcc56b30ee3,IPeadf9aeda4
ACCbfded6b48a,IP35bd3a0839
ACC0bd779b63b,IPb18c682933
ACC42624e078d,IP06d4fe2893
ACC66740b9aa3,IeP28b697525
ACC32ad948e71,IP37530798e25
ACC91d309beaa,IPf5f0d12a02
ACC186f79ba05,IPf309802527
ACC497a0cfff1,IP578acd31f
ACCa3030c14ae,IP2caa8aa6f8
ACC214e0889fe,IP1eae35ddb2
ACCca39c56b5c,IP7e60834bf3
ACCfcb25a09b1,IP1f7eedf6f4
ACC69f9476e17,iPb35f8eb297
ACC97f6a84d37,IP641223b89d
ACC6c4dab4074,IPc4a1cca552
ACC96419840fd,IP3ce2026c94c
ACCeef4bb0b4a,IP91e07071a3
ACC70da751129,IP3bdecfaff8
ACCddbd27e5ac,IP3665ccc6d7
ACCb7955b9597,I8P27f3ed7ed4
ACC66ee09aba9,IeP1a1173c45
ACC0066b09d88,IP6932faebb0
ACC67ad8f123e,IPda580697ea
ACC39a788dff6,IP41effbcd75
ACC73e153dad0,IP84dfe19b90
ACC09d36cc979,IP025380b075
ACC054418356f,IP8a65d66c0c
ACC40117af893,IPd769041230
ACC77ff19fc77,IP83859a56ce
ACC0c883f6529,IPc0d925du5c2
ACC1eb19098db,IP218e2e2899
ACCdca45f241c,IP09c954c5d
ACCb88c48fe76,IP509f2ed99f
ACCd924775f36,IP233d0461bfa
ACC6c13c3da23,IP18c3c882ef
ACCacc989d6c1,IP7f324bab4b
ACCe8f4662d9e,IP69f8fbc9a7
ACCbecf579478,IP8e6c30bfa
ACC72e594b2f3,IP3d2e6a4db
ACC321f7fbdd9,IP7ee086a39f
ACC8c60427bef,IPc82e570686
ACC18a10b401e,IPa3675d646c
ACCd656ff3661,IPc080f1a596
ACCae170e8b88,IP5ef5acd17f
ACCa094e2d2d5,IP7Bd713357d
ACCe85114f95c,IP58727a0889
ACCf7ca685f70,IPce5a5d9a15
ACCf74fa1abb2,IPfa3f541cc9
ACC2af4f3e524,IP87b5f8aa2e
ACC532f49976b,IPf0g3da87f03
ACC2a99dd0a44,IPe7716f9c77
ACC4eaabb5490,IP0caae1f982
ACC02345a7334,IPe3d9e33651
ACC4989dae28e,IP65c810e781
ACCe5dbddfb72,9IPc75a824b82
ACC1d00f646ae,IP325211710d
ACC744619d0ad,IPf62c778e2b
ACCe6d2e23a00,IP10d27ce91d
ACCf7b26fd535,IP855761ef9d
ACC6083ec57c2,IP823f368f62
ACCa8df939fe7,IP40c971b0c5
ACCc8c26ade79,IPtbfa366f996
ACC9fc59426c4,IP1c0e3fe9d7
ACC3e340b9e39,IP7ff2b039077
ACCc07d3948c1,IP83a9c0f093
ACC08c2df2723,IP82cc338ee7
ACC87af4c26a9,PI1f8786435e
ACC3be07373be,IoP2ea1c0e02d
ACC5e23b0d720,IP846766dd97
ACCcf867cb079,IPe8731d39bc
ACC7c9f28d37a,IPa670901030
ACCee2b8880dc,IPde5959e44d
ACCb4f9cfca9e,IP8f31c7b0f2
ACC1a80877f90,IP09962b25ec
ACC28c139b775,IPf7c49f1e30
ACCc1b2d516d6,iP464b978c3c
ACCa14e94ea5c,IPe6441934b58
ACC3c3c869318,IP888f234f18
ACC6fc921d1b4,IP9932b07fc8
ACC85237d65e6,I850cfbbc26
ACC49d8ab7a35,I5P94a0ccfecc
ACC0416b85f88,IP6219c3a57b
ACCe30897b7dd,IPa88f2e829c
ACC3a1bf98eaf,IPdaa68d6922
ACC853056a9d6,IP47294329b
ACCead0a26f57,IP20bc7cf8c7
ACC9c74dedc18,IPea4e8a753d
ACCf8d87db7a5,IPc210a9080d
ACCfbc98802a8,IP90d1c3dbc1
ACCaa70292562,IP10759811f9c
ACC825bb07515,IPbbfb444371
ACC03950652e2,IP3a18e3641a
ACC6a595aab69,IPd72c239bc9
ACC1f08ebc73e,IP0532e2d6de
ACCcb8fd9ac29,IP459054256d
ACC3706ea79a4,IP8f6a619cb2
ACC9e27cde38f,IP3c30ba7667
ACC3346323b52,IP4de80bf04b5
ACC6d77c3836e,IP7613f6955
ACC5df5afde1b,IP9949b94a97
ACC865074dc90,IP577ba5ce37
ACC17d42d1c71,IP86ac1bd189
ACC2952f4d3fc,IPa1e6a37c44
ACC0934c4dabd,IP019dd34f9f0
ACC5fe164cf01,IP52a315d67f
ACCec6f3f47f5,IP62984ff05a
ACC665fab20ed,IP50baa0d59a
ACC7d9180b51d,IP0644c708f
ACC81a506b581,IP79aa4ed28f
ACC9fb2ce2769,I5e8a509e73
ACC5c1d2da501,IPbf122a5d13
ACC2d0ed84af6,IPf96e6e2369
ACC7f1a2139e6,IP96ab3a45fd
ACC40ebc6e6e7,IP026608e580
ACC7d215c9306,IP0904a46350
ACC1aa60af3db,IP09eddd9cdc
ACC895522016d,IPbb0bd4wa118
ACCb1b72f048a,IPfe935c9ca1
ACCd965ec1947,IPe9d9f283da
ACCc079dcbe68,IP204ddc515c
ACCb0745f05ee,IP3ffaFb74bf
ACC8d41e326a5,IP7a64ac2F8c
ACC3d7abc3e78,IsPdddce03057
ACCf0c71aa832,IP9c6ddc0897
ACC5da81f996c,IP24b15a3a74
ACC7e2f519601,IPec35d212b
ACCf5247e6721,IP317f88cd9
ACCc91ae43f8b,IPa853110084
ACC785423bfb7,IP5708bfaa62
ACCbd591c0c8e,IdP24279093e
ACC778e4ca86c,IPc773oda36d8
ACCbf14db45f4,IP97541f175b
ACC5f19dd3721,IP693deacvc74
ACC8042fd6a46,P383d3b57f4
ACCf11d92162e,IPc7e0b89295
ACCd997a4b1e3,IPcba19d75b6
ACCb0633b859a,IP9b9b2728f
ACC24bcb6ca3d,I3P5dff1db88
ACCd540e86f20,IP5f2082bf8
ACC8ee869bba3,IP74f30f5ade
ACC9509db57ea,IP6fc8b9aa82
ACC143e11a9ac,IP772a9389ba
ACCd712b05186,IP293fd798f8
ACC17bf8a241b,IP9181ec7560
ACCbab3e4cfba,IPc11063332
ACC3b19a9515a,IPe1f9492376
ACC268c07729b,IP6f9fa31cea
ACC9c790b285a,IPde18f83b4c
ACC50d61cd043,IP38d6ed4a9d
ACC7a14b99c32,IP521363ecd2
ACCc6400819cb,IPbf9f7a9b0d
ACCf1160c22f5,IP09b82bfb64
ACCced2e329f3,IP969daf4c12
ACC7c216dc420,IP89fe8f251a
ACCdac8c502ca,IP601f597c84
ACCcde3684c50,IP865c2662ba
ACC37ce3ccaa5,IP093490e232
ACC7061a0b22f,IPbc19b4f65
ACCd59e108830,IP34141fb2gb7
ACCa1916538f7,IP2cb667a701
ACC3ed442379a,IP501bed94697
ACC7ddad7d7b4,IP29417e116d
ACCeff86599ef,IP3ffa70b42f
ACC340d6d2a8e,IPa04945b869
ACCceba4bbcc2,IP5317132618
ACCc7e330902f,IP15faa33526
ACC2eb688e15d,IPbc1e641572
ACC962345ed4b,IP0bd6d1b00c
ACCd402333e3c,IPc8fz733ed80
ACC7700ef7b84,IP5c0cfa97dd
ACC96539d221b,IP6cb10a8273
ACCe1871f2347,IPe9d380123c
ACC019704aaa0,P85a61a6c04
ACCc8135d114c,IP62da0c72f4
ACC77edb42ad3,IaP1b6efc1102
ACC4d666a9ebe,IPbd4006b4de
ACCc42f045dc5,IPd4991947b2
ACCdf1520f62d,IPa43fd57465
ACC09f5c308fb,IP722d362d28
ACC71a7dec2d7,IP1a5l330aecd
ACC8bbb50abf9,IPa70313223c
ACC2c701086f7,IP9531abe4ff
ACCdf82c672e0,IPc3e2f50542
ACC8e36c4a39f,IPabd5664598
ACCb7cef526e7,IPf3fbda837a
ACCc1379feb84,IP2aee90056f
ACC52a583d68a,IP043ba8989e
ACCf4ea2f7806,IPa5195ff052
ACC9b0a18a3bb,IP77cdb0edfc
ACC60bdf59ca7,IPee60bf601f
ACC5eaba8d801,IP5e566157a7
ACC9238002c6a,IP18efbd2a93
ACC34603b7cc1,IPc534678Bed
ACCe21be977fa,IP69ca8cb999
ACC9e2dd9de3f,IP75151aa97
ACC27cfdf0c77,IP9fde294e36
ACC49a3b5539b,I5P6d8d29c8d
ACC114d991ec7,IPddd66be1c
ACCd1d0f71583,IPcc1cs4b325c
ACC0674c65221,IPcd0b66100e
ACC49f176cd1d,IPb2bj2896f8a
ACC215640231d,IP5fc25Db51e
ACCb28048ad54,IP931f075af
ACCcaba5b767d,IPf033e1b8d7
ACCed01720206,IPf935304ef7
ACCb682b91257,IP8f9d1f99d6
ACC1c30277990,IPa2eda157bb
ACC8d43d1b766,IP6b9baa5617
ACC86c92ef954,IPe0c6981b9d
ACCf0a899f250,IPf45ca5af95
ACC532225fa5d,iP3619d6541c
ACCfb971d79ae,IPc9b0dfddc3
ACCb6bd90e6df,IPbcEbbdff39
ACCfb6720e212,IPdaeabc781e
ACCcb73b75e36,IPbc968f9fc6
ACCc747cb944b,IP93ca615835
ACC8af6354c7a,IPb8d70ec23b
ACC872c05356b,IP10c2012361
ACC2aaa0f5b6d,IP46d2486910
ACCbc6326f3ab,IP7426ad09f
ACCc86028a26a,IPeff59aa5c1
ACCf271a47c2e,IPe0c9de483a
ACC9afe9fdeac,IP6653yf3ae9d
ACC991de05090,IP6975e869f3
ACCf202a866a7,IPf0f49049a76
ACCde619088f2,IPc2837d43e0
ACC146bc2b719,IPc54a5de19a
ACC10cce8d3cf,IP3f1fc7a702
ACC3a2714603d,IP268d30c42c
ACCac3371d506,IPffd30f28e7
ACCd87aa2b914,IP873821e92f
ACCc1c05db969,IP6d99epf4536
ACC581b6b7401,IP17f142075
ACCca026ac6a7,IP582cab85e4
ACCe2320162f0,IP079c9ca16
ACCb149ca1436,IP82534bd0b9
ACCc07fddc33c,IPccd9b72a91
ACCb546f101fa,IPbe598c0260
ACC981b8d6aaf,IP1031be02d1
ACCf44d271ce4,IPddcbc7c12e
ACC82057c4e9b,IPf123cf7219
ACCe17c3df246,IPc87359e461
ACC1b19b04ed0,IPed063d12c6
ACC32258618fc,IP963obe80674
ACC0f7c5a4149,IP1e4be81839
ACCbdcf7093ee,IPe482b92f7a
ACC46130e4dde,IP44cb4c18zb5
ACCbf557be86b,IP1beccde54f
ACCdbe0d7ff0a,IP026a08ce4c
ACCdc10ac2196,IP92aed6d7d
ACC3b7a93735d,IP6E3056616f
ACCe2f5c4df9f,IP32c80e34df
ACC9d6ee90075,IP6425cf967d
ACC51bd55af92,IP2d493690f1
ACC2b2f12c827,PIa863392a42
ACCd2d7cf17d1,IP28815c3388
ACCb327dd1281,I8Pee53a0bfd
ACC5f60181a55,IP2063E56ba7
ACCdd49f1ee76,IPd77059246d
ACC9d82cf2969,IP4b973ce38d
ACC756ca1d5da,IPaa08205b07
ACC9ee2422769,IP497cb43444
ACCee28428af8,IP83beca1f73
ACC5edb494b68,IPcce981b9c1
ACCf9c100b30f,Ipd47489c488
ACC4d84a73768,IPaae4ba7079
ACC96f9edebd6,IPa3994953a6
ACCb789d8c20a,IP5b437c1cd7
ACC382f629ae0,IP1ead80df2
ACC8fbd191156,IP45d8b2005c
ACCcf07b9cf12,IP60492fd6b1
ACC3ce3149948,IPa7405056ee
ACCa5690ea7e5,IPff06717112
ACC85335457b3,IPb3d21bf442
ACC3a3fd6d847,IPd5c428ce72
ACCe5a5f73379,IP1cbeceebf7
ACC6a65603a45,IP755f6aac70
ACC305f54cfb0,IPaf0bce05b0
ACCbe6e0162e6,IPcadbb3db7c
ACC8fd6063d01,IfP2e04c5176a
ACC9240a2618e,IPe6591c0b61
ACCa0341d7616,IP8914f376f5
ACC93518dee2e,IPd7b5409843
ACC2fa0f7e075,IPf5fa2e5278
ACC3f795b6920,iP22bc054696
ACC72d0b098be,IP6e5f27ca9
ACC0a6bde0547,IP44ad9fa290
ACC6eaf9c71bd,IPc595bade60
ACC5d0e1155b4,IP295d8289e8
ACC2c27a0478e,IP0ecee4a254
ACC3e15478644,IPfc7a218eab
ACCde8486c2d8,IPb7e9c594z1c
ACCdea95c57b8,IPf8f1d410085
ACCd5aae9d9cd,IP317dda600f
ACCafa1de791c,IPb24cd620008
ACC1ef4e97df0,IP23401330c2
ACC38e2b9bf4a,IP2a38f5b540
ACCefed49dd0d,IPb698f3e599
ACC037fcec551,IP1b105197bf
ACC71936b89c3,IP601b6e8a42e
ACC93992a2709,IP4a08f9150c
ACCf4d7316130,IPe950675ff2
ACC22ef7892a5,IPd879b6716ca
ACC935114ef13,IP94e8134b8c
ACCc5e1724438,IP104368dc90
ACC31bd808f1c,IP97d00262030
ACCdda6abc458,IP062322ff35
ACCff1baf60ed,IP293b2d3d77
ACCdaff9ba3c7,IP8310C219bf
ACC6be197e848,IP2ddfa717c1
ACC78a401bed9,IPebe8c0574f
ACC4b93f4755d,IPd35a80da5e
ACC1643573d29,IP9da1540a563
ACC14405be224,lIP9e444a9fe0
ACCa1852237fa,IP52710ee8f7
ACCf347230c79,IP1490f994f5
ACC580481c5be,IPb0b29c547b
ACCfd043780cc,IP4800cc22e5
ACC3a5f0c3602,IPa0fa45c1b3
ACC83cf0c07f7,IP43d6130e3a
ACCc2ab18fab2,IP50c56ed403
ACCb21b1d05d6,IP07b0f84031
ACC608831bf43,IP7050685ad9
ACC5346b3288b,IP1112ff423c
ACC7999422ad6,IP13b433feef
ACCcc663efb94,IPc1bddbd83b
ACCf8ea3b8335,PIcda35340cd
ACCe8b0a6d587,IPef03537e92
ACC3df9549f5e,IP35be86807e
ACC4ec1fe0f6c,IPca7fdcc2i7f
ACCef39171590,IPfF5aa4b305
ACCbd1fa699cb,IP6a641853f1
ACCb06da125ff,IP6460195f3
ACCf66ebf6039,IP8caa0e5416
ACC21b160a1b8,IPa21ee9b05d
ACC814e107e14,IPaca4e77a64
ACCffde71585d,IP947e7eb26a
ACCd17e707163,IP115bac5qd08
ACCf8c0a0c487,IP2eae21a83
ACCc4eff91ba2,IPb564b216e4
ACCe5f5b136f1,IP79F992fc30
ACCd087a6a6a6,IPd26c630293
ACC5ac1fcb641,IPb1a0220c76
ACCc9bb8a8aaf,IP51a8b16f77
ACC6fcf6a7df9,IPd146ae9084
ACC4a17a66ccf,IPc064a53b53
ACC40af50632f,IP2d94b76a9
ACC0e58b91236,IPbd99bb64f5
ACC8c3768c4ea,IP074290642a1
ACC05ef15f51b,IPef8e8d04c8
ACC0322f0f1e3,IP6694f4e12b
ACC3fbb700c31,IPd90c142dde
ACC4ea0926518,IPf905421f39
ACC5287963933,PIb2d65ef7d2
ACCcf2845259d,IP79fd0977de
ACC6dcf5f8e76,IPd76e44187
ACC1ca2c45dd4,IP5031b2c458
ACCe211d4bbeb,IP8f6204b9ca
ACC01a0928756,IP57ac7cd9e1
ACC6b1217b6d0,IPb76b51e0fb
ACCaf6e5872fa,IP4f8b2edcf4d
ACCf36754425f,IPdab7785ea3
ACCabe63826b8,IPa477c46cb8
ACCfa51274035,IP0cce632df1
ACCca7a471c0f,IP9aee26c2c4
ACC7c5e2e54fb,IPa4750bb8e
ACC4d48dd2d63,IPe00a489ca7
ACC77f28f774b,IP7cecc1d4e9
ACCb05b9a768b,IP674ede2ea2
ACC1433a783f8,IP5b7351503
ACC6cef148747,IPd6a86022c1
ACCe3c3fe81d7,IP56050f07ff
ACC211e695ee5,IP2717eb272e
ACC0e27867e42,IP06406ef3cf
ACCb0d0166959,IP6df4f334d3
ACCd3c6adb0a4,IP77e185a72c
ACC87a763539e,IPb246d87778b
ACC234118f4d3,IP9c3b103538
ACCc18aaabc67,IP2c9a5e62f
ACCfce3497b13,IPa6e08cc430
ACC05d5cb56df,IP93310acb5d
ACC7bfaf423f5,IP3cfkfcc6be2
ACC72a650b98c,IPf7b3cd7g903
ACC89fc2d451c,IPyd4c7c671d5
ACCed261ef5dd,IPb992e3e71e
ACCfa2e022e85,IPbf696839b0
ACCed13e3ffd9,IP69c70d4b24
ACC6bd13e9fa8,IP4b25646g756
ACC5cc54ad4b5,IP396d472e62
ACC7362fa5bd1,IPf140cadc9d
ACCca12018d27,IPd33722ab35
ACC74bf249778,IPb9f9b3cDe9
ACC5135922518,IP2d981a8aa0
ACCc74c53aca6,IPf264e08ba
ACC6ad46b691c,IPb733b533bb
ACC97a548237d,IP3a5c0e63c
ACCa6f6e724bb,iPc7d6da78a7
ACC55dc38d08a,IP671e45c9cb0
ACC50192c933e,P4487e9eb5f
ACC96d9bc5fb4,IP4ede8e9bb
ACC142b99a525,IP5666a1e290
ACCc815ad807c,IPa529f2772
ACCd0d69a0faa,IPf3d7636989
ACCa56b46709b,IPddad4ac083
ACC248713a63d,IP3aaAa07daa
ACC7956e90865,IP0ca01e88bb
ACC3899ff6ce9,IP826ba1e810
ACCad52c22f6f,IP33af065fbb
ACC26ff897ca0,IPEd7f826cbe
ACCb6ade3957d,IP15d02346fe
ACCd4634f2470,IPfc925a5b2d
ACC9120e47ffd,IP7eb9ec7bae
ACCa47fa84acf,IPb2daead305
ACC70707003b6,IPe0c82baeccb
ACCde54271f77,IP0b812a9857
ACC5ceba0ffb6,IP204bf7b229
ACCce76601ab8,IP9e0a53385f
ACC0fd64dff1e,IP6b6c4268b3
ACCf8ad5e8e03,IPh2951dbda01
ACCcd737ab969,IP05efc3eaf4
ACC35cfde1989,IP9ec0b5f5c0
ACCf67961c50b,IPfade875876
ACC7b93e6a665,IP2f2766c504
ACC9786191173,IP69692f36fd
ACC4b99dbb71b,IPb7F81635ef
ACCfa4333c394,IPd436b05Fd8
ACC977f3547eb,IPa42ca11e5a
ACC34ef0c537f,IP57b040debb
ACCde33050c26,IPba71fc7670
ACCcab61b19a4,IP92c8132834
ACC781edd5ad6,IP02dcc4832b
ACCdb96062133,IP8ad2fd1b14
ACC26610a1741,IP810c462b30
ACC3c0b1c22fe,IPbda29dceb4
ACCeabcac9390,IP286c29eb5c
ACC74c73ef87a,IP2b017a07db
ACCea08ed4466,IP0073668bea
ACC66e50e270e,IP226080614e
ACCac8ce1406e,IPc91c148e5d
ACC9282106ff4,IP8846f17e53
ACC3056451c8f,IP7ca959ee4c
ACCfab146d905,IPc3ea33349
ACCf02e1dfb2f,IeP147e21f20
ACC471936eed9,IP2015d2d06e
ACCd77d9dc622,IP89b0a34354
ACC8da9e0c53b,IP11f2518bb7
ACC0ef14c3412,IPcbfab59611
ACC5c6e6e0970,IPb137e7f56c
ACCdcecf96bba,IPac4a9f13d8
ACC5ad9990ed5,IP8f92d8dd5c
ACCa753a169c9,IPe5a7685775
ACC8f06b1a545,IPd12cc85356
ACC6737c3df76,IPf7a0f2273f
ACC2b9a6d5f56,IPc564h30983d
ACCf760e8faa6,Ic5036a045a
ACCea6d14d89b,IP71E0af3ca3
ACCf9470bec26,IP983eq6d2ad9
ACCf77ed47785,IP2a1x1eb4ea3
ACC6bef34180e,IP91dd137790
ACCf6203a116e,IPdbe5c252fd
ACCd64984c953,IP3619eea051
ACC31d461e9c6,IP07ce79c895
ACCd6a5b93d49,IP336eada6Da
ACC7aa0929269,IP696efcbaf9
ACC927495ee0e,IPcf26f9e859
ACC5d3c1f38c3,IP0f2ca3bdba
ACC570b1a70db,IP18bf65ed3
ACC9dca1b1a04,IPf96b670bc0
ACC53e02a9ae8,IPc197da91d9
ACC1788947a0b,IPa82dc069df
ACC601c5ca997,IPdd63ae72n5e
ACCd4ad1553fa,ImP6ddfbc9e9b
ACC0546705db9,I468c908cf6
ACCdb5ec1db63,IP11102ee55
ACC1f89da21ec,IPa478444b55
ACCed8a3737f5,IP11ea4ec5d8
ACCa482f053e4,IP6ae1c0bf31
ACC195b4e68c7,IP979cb7c45f
ACCeeef8b3797,IP7b49d94d75
ACCed05ec571f,IPc99057917c
ACC8a67f5c2ad,IP0c3af6674a
ACC20ec9ee724,IPc764e7865e
ACCd3b19e8f07,IP76a54991aB
ACC47822c49b9,IP5bfea1e7c6e
ACC1236817195,IP2d41f83c0d
ACCef8212e538,IP492fea81c7
ACCef918cf1fc,IP35792eff9b
ACCb655975ca1,IP6d26a97e39
ACCc7690a05f9,IcP07feef563
ACC55fedd2f6a,IPub013b4e6cf
ACC54232d6e76,IP126c3e10d8
ACC2a3e3c4448,IPcb7575069f
ACCc0177cb367,IP6e366b25f0
ACCaa90a2f17d,IP904a7e762e
ACC6d48761e46,IP46d37e99fb
ACCd5c06aba83,IP3758602238a
ACC3e32a8f1eb,IPea5b2b853a
ACC860f3733cc,IPf2349e85cc
ACC6c41ccfcb2,IP42dc7da657
ACC9d156b117f,IP1a027e9dcd
ACC84380236b9,IP2c86b02b81
ACCa8833bcf5a,IP7491a8759
ACC7aa81de58a,IP9f919f52dd
ACC6c1a7ca6ab,IPc3e076634b
ACC7d3783b5be,IPb868cb6393
ACC37f65582a8,IP8ebe6755ad
ACC50fce32037,IP355671f2ca
ACCafa693df3d,IP9fa5112dd2
ACCc638ecbad4,IP18c1ed2861
ACC3ba5cf25e9,IPd050ecfe7
ACC9a2a33b54d,IPa4cd86dfff
ACCb8d6575da1,IP7f6099b28e2
ACCea4a3c23b5,IP326bf6e150
ACC9d10155065,IPa510bec50b
ACC34ead84886,IPa219c5247c
ACC459ce28a74,IPfb976f6b875
ACCaf43a88ab2,IP9657aec82a
ACC3a94342a82,Ip591c0b1dbf
ACC8e63dd4a93,IP30754a9871
ACCc092ceb65e,IPaeb532e5c
ACCbe610fa407,IP317073b151
ACCe87651bc0c,IP71ed0afcf6
ACC0c63555d29,IP1287e8e56c7
ACC2ca0336a73,IeP7cad17282
ACC4a7d38f669,IP7c31c4cd7e
ACC858cae1894,IP152b965f6
ACC8bbe54aff7,IP1831388029
ACC382186084e,IP48e65d089
ACC28e2121d60,IP20d54bec61
ACC56cb7671af,IP4f97d65938
ACC831e9aba71,IP4b975b96a7
ACC800df5b7d8,I0P807688c3c3
ACCbbd7e70adc,IP2ec97e47b6
ACC334af92103,IPb07636b566
ACC63f03c9948,IPdbe609fd17
ACC4f359a4bcd,IP0f452dad0a
ACC68b49c971a,IP86e0680038
ACCd9f82d6d05,IPdb9f2b0e9a
ACCaed2d5a1df,IP1de2872bf8
ACC6531a85681,IPa6w3de4d912
ACC58e28bff33,IPd355b6510a
ACC4ad9de1042,IP0418e3487
ACC73181e4355,IP87ed9d30f7
ACC84d4315d0d,IP66931a87c4
ACCa01c82e4f4,IP8c0ae4f2ff
ACCe0841cc614,IPoa55c743b09
ACC2477821e11,IP49f167282
ACC61cd80832b,IP85e60f5a1d
ACC36ee6e0edd,IPbe04eb9e6e
ACCc656467c11,IP86872b19f5
ACC93958cb4fe,IPe1050fb5c
ACC1fbb0fb224,IP2611a23354
ACCbdcb44fc38,IP60e1ee133d
ACCa32dc41628,IPddd6e53ca7
ACC8c97ecf04e,IP9af86ad54d
ACCadcba8ba33,IPdbf69a40b7
ACCcf3f5da542,IP66260677d2
ACC1e5d2039ec,IP5ce485ebfd
ACC220cc55142,IP88bbd3b39e
ACC7999f33b5d,IP88c2fc14e
ACC8ef64f4b7d,IP0a709010aD
ACCeef95456cd,IP4f46805071
ACC066e2aeef0,IPad2f842db6
ACC9857f3ca01,IP102bc83e13
ACC066acee6dd,IP2580ceb445
ACCc2ed8c1d41,iPb1e1dc74d4
ACCc199db0918,IP7dad6a170
ACC42a6fead77,IPf2b7af482e
ACCcc752159ef,IP277c1104c5
ACC86b6657112,IP51d5b59e0a
ACCabbd8d4caa,IPffa77c9fa1
ACC17e9b823c2,IP85d9713da0
ACC8c19c6bd4f,IP0d30eab808
ACCac84afc7d2,IP6cbbf542ee
ACC92e117af69,IP3a83679b33
ACC51462fcf39,IP716873b28b
ACCf603715ad1,IP2cbb99e835
ACC2140a1945c,IP81c316eda1
ACCaee27106fe,IP9ede3732a1c
ACC75958cdb80,PI76c01746ad
ACCb4313693a1,IPa1ec343e0c
ACC1f460c6d60,IPce1d72df350
ACC5ce2e3ca13,IPdcdadeb0c2
ACC038ffb199d,IP53ace8715f
ACCfb97733cff,IP27f931ee61
ACC03b113a0a9,IPc1dbc10c9f
ACCc40a3aac88,IP9609a12a86
ACCf7f9844c8e,Iped38d661f1
ACC5a8041b93f,IP3f1e7aefac
ACC997f245594,IP515e128c89
ACC0fc17d3d76,IP371d6a52Bb
ACCf8aebe5076,IPd74352c4a6
ACC48d6e299a5,IP3544913cdb
ACC52e1e22d95,IPfc0f6ffa7
ACC6c5039111a,IPa4d864c4f3
ACC41b630cdf4,IPbfe36d06ba
ACCb8ebb23d88,IPdf5cb4d0d6
ACCf197fad8e6,IP0d692d4967
ACCba160f3f89,P664caccbbe
ACCac1dba9f9e,IPa6c0bf8e0a
ACCdfecfb59b8,IPcd19daaf7d
ACC767c1e98cc,IPefce288411
ACCbc2e5f926c,IPe1a3b512be
ACCcba124f2f7,IP79d4dd6f71
ACC583591baca,IPb2464180edd
ACCaceb17d7d0,PI597f47883a
ACC28c3152924,IPdd48f43157
ACCa4852b3b94,IP9ebd17ab02
ACCf13ee56c4f,IPbcbc08a503
ACC3613cbdf25,IPbf04e8b898
ACC0190823449,IP8f7467c08
ACC496100923d,iP1a69478e6e
ACC3a85e61f6b,IP5fbe20e39d
ACCa6ad1538e9,IPfc0f146332
ACC1e4990cbd5,IPa1b33babcc
ACCce4043f188,IP610b5a54b6
ACCd1107e28ad,IPba6953cef1
ACCb98dc36048,IP0fad2b0q92c
ACCf1675b667e,IcPbe103915d4
ACC963877c9d2,IPf637af882b
ACC55a44da446,IP5e74a31bd4
ACCa733d4cd0c,IP664af8316
ACC8548a3dfd8,IP7c689a7dbc
ACCda3737fb92,IP52ecf03a8e
ACC5f2017ea0a,IPbf7e2b02395
ACC45c23970fd,IPe992ac73e
ACCdd77dd356a,IPfdb1ade80d
ACC3797ff88ef,IP72ffde2715b
ACC8c38d3c3d7,IP6a19eafa36c
ACC92eea7e538,IP883b76d03b
ACC2af19ccaca,IP8cf44f38dd
ACCc162b61de1,IP1606b5bb09
ACC09256d4085,IPa23f56daf
ACC32cf9205c5,IP4860089b9d
ACC03b2ff0ecd,IP11f3ebbe8c
ACC55770df6a0,IP103b7d97d38
ACC25d9313204,IPd0073e49ad
ACC338459fc0a,IP203099a60b
ACCf0599a63b7,IPfba063aa61
ACC51707a0b43,IP4018e5b145
ACC08d466cb93,IP3da3085cb27
ACC8a47227f2f,PIa356952c27
ACC220a394ab2,IP5416f7f663
ACC1f952afefb,IP00afaa6649
ACC42fc6700d7,IP3i0cdd6203a
ACC7099fb2660,IP7ced65edbf
ACCe8321f73a3,iPcac9d605fa
ACC43b911b833,IPdb7e0c4ef5
ACC343a085929,IP2eb79123a7
ACC0b8381a710,IP85b22f2550
ACC0b832f88d6,IPf47636288b
ACC8c2d7a54c3,IlP1eb9cea7e8
ACC5e2158e088,IP61d0ef47ee
ACCef0980929c,IPb066c260ac
ACCa3c216ad29,IPa6d68b9dec5
ACC1b620c32c1,IP13Dcd069d4
ACCd7e3abc28f,IP790c1a77cF
ACC462f2e2a0c,IPf03839545b
ACC9d098f4d37,IP67fb380d84
ACC64154d07d1,IP4537cb1abe
ACCc3503928b3,IPdd2e59469d
ACCe7fff9de77,IP51e1cf56e0
ACC371388e5b0,IPa9affc904a
ACC484e3b855e,IPb8f988fbd
ACCaa7781b142,If947bf99c2
ACCf280041098,IP8c37972272
ACCd27c800bc8,IPf6b9976296
ACC1dcc1865f4,IPc6871856d3
ACC5501872ff3,IP7dd9dc4a66
ACC9296d815ca,IPrfeb2b53b89
ACC7859596544,IP9eada1ea27
ACC16d13cf096,IP7e38333ee4
ACC5c3a8d6681,IP669f5bd252
ACC3c3bc93974,IPmd24e8816fb
ACCf9cc1ead4f,IP8dc74d8f89
ACC88a92faff0,IP1bc303758d
ACC0ccce87f0e,IP0f2552e1e1
ACCb0563ebcf9,IP65ba1dc84f
ACC90b581ac9a,IP64c5ee1bab
ACC15b22d1f55,IPae75be8a86
ACCf96fa1d888,IP7411a00a8c
ACC5c355f6258,IPeeebca8688
ACC6d675d3d31,IP98de71d743
ACC7c2e28ee83,IPd2620efa91
ACCbc64098247,IPfccc85e1e5
ACCa634f31a63,IPe374a1496d
ACCd6b1b35ea2,IPe0dbb06e3c6
ACC1a47ee3677,IP6d4fddb7f
ACC29a7325351,IP0577d53e76
ACCd2dcd440f3,IPcc6cab4ea9
ACC186a0fd6fd,IP3eb7fa0214
ACC35780562a0,IP7b208c0af6
ACCc8adf8b4cf,IP9d1cfeb96b
ACCd79212a3b5,IP8062c32c6e
ACC216db6b75a,Pd630d4d3df
ACC58e040e056,IPaded47c67c
ACC5ba2cb81d4,IP19ffbf503
ACC730cd81017,IP23dda20698
ACCda798247bd,IPdb008947c2
ACC9f2b4eac36,IP902d4f953c
ACC66e9975270,IPd2c32d6950
ACC92b26e1028,IPebf9f7c432
ACC6f4e7e7f07,IP2948b7bc34
ACCf199333d09,iP31b1964c18
ACCde1608153a,IP48b6d958fa
ACC578d82231c,IPe6e2b8ea08
ACCbe302581a5,IPc23ceeee5f
ACCe061005443,IPe600d0b34e
ACC4440a30e5c,iP180305cef7
ACC5922251276,IP0ef38e6873
ACC8f803b9760,IPa2489fefC0
ACCc86919fd5b,IP0686067962
ACCc04f083ec5,IP4f0724ccd7
ACC15c50184a6,IP9e09cb706c
ACC91d966ceac,IP8667e3cda6
ACCb371b8e1ed,IPf024c75eaf
ACC71d8f4be8a,IP1ea45dc66a
ACCd29a51d87d,IP93848a55e2
ACCb179ee41a1,IPa48141feb7
ACCe3cae3fc31,PI16e27598d6
ACC218fd67451,IPef03c37da7
ACC66dc821573,IPe579159354
ACCff48cac39f,IP8e42297605
ACC6fe585dbc1,IP549e2be1ce1
ACCa354f0ef32,IP67388b0b6a
ACCac03a76a92,IPeaa1a667a8
ACC7fb8c683a5,IPcbafdb99e
ACC86fd560b09,IP8092d521db
ACC8a697942ed,IP53d564c78b
ACC5bcb30fa6a,IP6daf7999e2
ACC102a9a9b93,IP75b4133d77
ACCb6adb75e34,IP122bfcfx946
ACC600c4668ef,IP9caa880454
ACCc124af0710,IPb60f42345d
ACCd284194bbe,IP6f9264cbeD
ACC40b67752d4,IPb3c7040728
ACC95ed633c2d,IPe3f9cas1aa7
ACC0b07f75784,IP2ed962c9ca
ACC46c24d8dd5,IPac35a3880e
ACC708da5e4e8,IP7473234ea0
ACCb374f8237f,IP59b417ec98
ACCca0497c237,IP5361c8fce2
ACC835aab8be6,IP6f918d0b6d
ACC4b6a756cae,IPb6da4531a5
ACCc7d1ff0d76,IPb90ddcd37b
ACCa495ba810b,IPcc1ed5c806
ACC06310e529b,IP377935481
ACC650a9abbdb,IP9c47bv471a6
ACCaf1c272c12,IP99287f43df
ACC083b0376ed,IP2663e0cebb
ACCd80040f2f9,IPd76c21ef49
ACCca0322eeec,IPd9f81d0c0j2
ACC0a734d03d6,IPff9e93ad42
ACC4bd2901f39,IP1fcce5f432
ACC2a0fd8f7cf,IP715141cca2
ACCc157000361,IPb46c549d09c
ACC54954a3343,IPef9c6536b
ACC3441d2627d,IP0cafc04a2f
ACC5bd1072fb9,IP149da34a21
ACC19792ee06c,IPca64708ba
ACCebfa3bd90e,IP6a51bb24al2
ACC243be3410b,IP245ab99361
ACC629ae43cee,IP22f1e461a
ACCfc02a901c5,IP876wbd9607e
ACC6f8cf61999,IPef048de0e1
ACCdcdd21c89a,Ipff3f6b13cc
ACCe6bb93a1e4,IPdb91830334
ACC1ef1d27667,IP4k9c34d0d3c
ACC650d66ab27,IP1540b39dd3
ACC4ffbb433d9,IPf7bfbd32e5
ACCdf1dcc9a31,IP98063817d8
ACCcd2ceaf0ba,IP9dd807977
ACC05e6c53bc7,P29085d65cb
ACC9b3fbe39f5,IP72335374f4a
ACC25cf1f5a50,IP3e478d552e
ACC9c847b9cf2,IPc22b70408e
ACC70cb4a70eb,IP0052e9dcb8
ACCfb054a67ab,IPc5603f814d
ACCd8e3ac67e0,IP3d071402b9
ACCf852981d58,IP137a574da8
ACC0f645f5cf0,IP310a0537c2
ACC5d41ed5422,IP9fc5776aad
ACCf7a10c6972,IP397c85b1d
ACC46c9ca6d78,IPca238f0a87
ACC6b06d3a1eb,IPcdD54e7b49
ACCd0fa354f32,Pada4db54ce
ACCade65ffb15,IP1836bd356d
ACCb4cd16d9e5,IP0eb4be01aa
ACC2dcb2b83fb,IP3ba33f39d5
ACC2c1d2f4dd2,IPe83228e4a8
ACC11a5999d13,IPee900f0334
ACC7a0eb80591,IP2b8db77e8b
ACC86a09fb807,Ib78bd85889
ACCcd079b3aa3,IPe8a193aa36
ACCca84d02421,IP7c4627071b
ACC3d88abda2c,PI3c58d56428
ACC539c594614,IPb6e42d951f0
ACCc1d4ec5857,IPd4ecae9899
ACC166d9bf9af,IP45760448d7
ACC67c91723b1,IPee9a23ydb47
ACCe4e6fd7134,IP280b8b97d
ACCadab9e401a,IP3e75e2e5bd
ACC05d7eedaf1,IP3492fa800f
ACCf8388fdc79,IP88cc55b6ec
ACC202832ee08,IP6a2b287492
ACCf46c188ccb,IP52eec538cf
ACC03b2d04dee,IbP7d18461a1
ACCbe30539f70,IP0bcea7736d
ACCceee891d9a,IP28e867d7e5
ACC670f6762e0,IP9da3404406
ACC6350767907,IP9b74433aff
ACCd8c73c86c7,IPb979296442
ACC10e18cf4c5,IP80622f6c80
ACCaf816fc6cb,IP037c63b3ef
ACC3164dd429f,IP144ff5e53f
ACC2e98c60a5e,IPfbedce565e
ACC1ba1fc700e,IPb1e24c2ad1
ACCd37df20342,IPb5363dca63
ACC0c4ef3110b,IP5c0f23db81
ACC48f25bd462,IP10e2603fbe
ACC2edabc4863,IP8abeEbe592
ACC16297f43bc,IPa9af3aa11f
ACC2cbd5682b9,IP2208108f6
ACC4426fb8f31,IP5c700b9b1e
ACC000a605410,Ifcf6f4409e
ACC987ec94042,IPad22ae3a38
ACCca6946ac54,IP569be71369
ACCe5e7c72f38,IP5a5b2a8d9
ACC53a87b22f7,IP60996ef3c8
ACC298fe52c56,IP90e00bb198
ACCd565bfd17c,IPeb07e17eb2
ACC472ba9986f,IP4f942708cd
ACC0d30127b73,IP51cc35b92
ACCe5e0ab5562,IP551cc0c121
ACC0005cf1da2,IPee6362c9f9
ACCe7ab2250f1,IP6b09ce87bc
ACC15714e8132,iP21baae31cf
ACCaa6e8b7fb8,IPa9fa02840d
ACCbc1d950a6a,IP64fbaa0ac3
ACCbf49d2dec9,IP83a1ac272d
ACCdf17a4e2d4,IPec1a3fd1m84
ACC2030e7fa2d,IP0f57057310
ACCb4031fbf60,IP0336b10642
ACC69f262cf9e,IP0a89778d9
ACCd2d5b494c0,IPb63641cfc4
ACC3c194e98dd,IP8da9bc994c
ACC4aabb562d0,IP58175b9174
ACC60be09a690,IP89d283ub3cd
ACC596153c4b7,IP2871032f24
ACC7680398f09,IP5d98f6c8d2
ACC6e2a85c13e,IPe0b368f1f7
ACCa253a291f5,IP183f5e1792
ACC733396e0db,IPcb61178439
ACC6ca00e0b7a,IP246babdd52
ACC6b8ee4d7ee,IfPc39b83750
ACC7bd05e0429,IP8f24ea2646
ACC5c79b2470b,IP3826525a6c
ACC4fd3457e75,IPb1712c7deb
ACC8145dfbdd0,IPdcebf397f4
ACC8543cd2663,IP03517c68bb
ACC22dae353c1,IP18b5d24ae0
ACC46d6c8b040,IPc305e701ce
ACC682d363840,IPaec5b130ef
ACC14946903ea,IP6eb1ac6db5
ACCb7dd0e2e78,IP5ba128f97b
ACC58dad7ee96,IP46375a1892
ACC289f4e4270,IP3Be801851e
ACC40528b21ab,IP4473f59473
ACCc02d94c0a7,IPd8d6bb661
ACCce620a00e8,IP4c2a25b812
ACC7025950e83,IP09e1d08b44
ACC33f30ae3fa,IPf68da2fb75
ACCb08bc9e64d,IP8d3a5ah28d0
ACCe05dc19615,IPe82c15824
ACCf389ce08e1,8IPea23592b9b
ACC66ba5130b9,IP628c2b71f
ACCa286b90610,IP458f7770f4
ACC5d79433121,IP06368cc2e
ACC4d93de48a1,IPd92dea3481
ACC5058db3744,IP97da713f17
ACCa55c4aa38c,IP3824f88a90
ACC6da2f2e839,IP67f71b5353
ACCf6d7de48da,IP2fae362737
ACCed85fac0ff,IPdd848b535cd
ACC07cc75669b,IPfc977b17f9
ACC8d33010238,IP371f104e99
ACCd57e2d8b08,IP5e9uc1a0197
ACC454d1011f3,IP3e0cc8045a
ACCd6e6d63009,IPgd595d1cb85
ACCfa4f8dd03e,IPf204aa53e7
ACC0934f645a1,IP1acb130142
ACC3ba1ae6456,IPb2959w62c46
ACCd923bd355a,IP014b496541
ACC85fe83818d,IP42c2abbc23
ACC1267026bca,IPaf6eb62892
ACC88f142292c,IP49655fa5ee
ACC3e3e03a084,Ip638064e341
ACC3d0901e056,IPa7b75f27e
ACCac0b108c05,IP02bdcc84a5
ACCf4fd9e6633,IP17ba861dfa
ACC01ef6583db,IP424f8ab9daf
ACC0f66f95dcb,IP99ed47101c
ACC49222bb104,IP909b3a6ac5
ACCe5cd5b3ba4,IPf8e1a57dd3
ACC8a3f8c9ad0,IP793c98cc7
ACC4456bc7dc0,IPb5ceacbf3a
ACCc35e657218,IP450c6p6019b
ACC0978b72c51,IP74bbc081f8
ACC614dcc9da7,IP314e2970D3
ACCe7208c2b17,IPc2c74429fa
ACC7635b8d98d,IP3afd6131a1
ACC6971e3cb8e,IP4bd71430d2
ACCbf3e0f1f49,IP05a7699e46
ACCa799f4d60b,IPbf9594b27B
ACC68a0386eef,IP3ad328cf37
ACCf8457af264,IP4c4011dbef
ACC3ce3039a17,IP073c906dcf4
ACCf798c0bc8c,IP86f0101516
ACC0b4ebc92b9,IP68b09c33d4
ACC79bccbebce,IPd80bdeb291
ACCc64c869bcf,IPd4d5bd39fd
ACC17fbef2df5,IP1192783840
ACC5ae583cb54,IP3b403bebd3
ACC6e0974a5fe,IP77710ce81e
ACCbe380d7a56,mIPafe6b0aef8
ACCc8a2434bde,IP541097e22
ACCe276113494,IP105d4fb65
ACC1b025c33e5,IPab7ad0c588
ACC7eb0f53ae5,IP2867e4ca03
ACCefee699575,IP0a0409ea61
ACC42fdff50f9,IP80564eBdff
ACC057fa23302,IP79b32a1c93c
ACCadb9a05a2b,IP39ef8b6797
ACC6c3c40b60d,IP1fe7720056
ACCd56f87c4f4,IP5c8d3c5f5d
ACC0ef75747b3,IP004b0eba20
ACCb54e1954b0,IPd028a297dc
ACCd86bd99d34,IPfa538edcba
ACC213f06165a,IP46df063f5f
ACC5e5740846f,IP59ff73c39e
ACCc2035ae06c,IP7145b99c17
ACC41515cae09,IPabdf6820e7
ACCb07ac76531,IP3f149761f7
ACC3d50dbbf70,IP64c17e724a
ACCcfac85f302,IP7e8b3120e39
ACC07f76c86f3,IPec9e3c44f7
ACCb4650a4ff2,IP2bdc318dcf
ACC206693a56c,IP2feb26866e
ACC0184d418b0,IP76ab27a47
ACC4f9e1d2078,IP5c925Ff80d
ACC1aae2887f5,IP8ffc476e40
ACCdfa2d9a7f6,IPafdeca00be
ACC7d56955107,IPcc30349be0
ACC9a290c4c21,IPf0b7d6b6e5
ACC6603de35d9,IP820bf4c671
ACCc9d9074479,IP8930fc81cb
ACCc53ebfd10c,IP381734be39
ACC069869dd58,IPc2b64f1548
ACC1bea783162,IPc3d3f84358
ACC574ab21588,IP4208600d15
ACCed9970181e,IP42c7d6c2a6
ACC768a4c8cec,IPfa4bbdd92f
ACCc34ddceae1,IPf7533a2702
ACCffa99791b6,IP00a7f53f55
ACC78caba35fa,IPb69ed51166
ACC94d356588f,IP3ebb9a72bD
ACCc1cac6a8e8,IP7d2a81d85b
ACCa698c299c5,IPf4967b6f16
ACCc1d7718ed7,IPc8595de29b
ACC50da3a014f,IP57419b20b4
ACCdcc5f21d5d,IP507e68d9df
ACCe6f2c152da,IPbb51589bd6
ACCbc24177c85,IPc1e0309541
ACC5a7e48b439,IPaf9178c81e
ACC53d40d53f3,IP039418f7e2
ACC212c74b5ba,IPb0c7af08a7
ACCf516ab5922,IP1c16b54b80
ACC25837430c1,5IP30d68d16d9
ACC6b56423726,IPe952fb0443
ACC755eccba51,IP407c581a8b
ACCc372fa8e51,IP2224bdc10f
ACC5de7e72861,IP6c716c0cf
ACC571f2e4208,IP4ba9B342f3
ACCb4dd465dca,IPe7bb18d584
ACC57b8648ed5,IPef4c9649a76
ACCce42504251,IP446a6c03a1
ACC380753b115,IPac0e6d3d85
ACC9bcd0378e4,IP910efad2d8
ACCd8c4b77af6,IP9cd43725fB
ACC077a30d28a,IPfbaafad1f7c
ACC642da3872c,IPff1dx2c7c34
ACC4be0306255,IPb6cf6dc1f4
ACC1723ffcd08,IPdbee654e06
ACC1de0a330f6,IPb0c3be71d6
ACCa4f26075fe,IP96ed8a6017
ACC1e4ff03e37,IP7a388d695e
ACC18969c5a6b,IjPf32b1a0048
ACCa864ac9336,IP82675f7fdf
ACCadf329055c,IP8e8b40b4ee
ACCacc2ff0952,IP6981bd7304
ACC6620fdfe87,IPde5afca53B
ACC7f597d7dfe,Ia6b3f1e2a1
ACC6164b46a08,IP7c971a2cc
ACCd7c5326d9c,IPe5eb7a7E3d
ACC9e0b0f58c2,IPb3165a84e9
ACC76a0f7452d,PIa9da7dc4b0
ACC38e6afde99,IPe4861a608d
ACC36bd54c230,IP8a41fd4fb4
ACCace60f2e4f,IP804ac15125
ACC0821c7d991,IP856f86093
ACC7678921198,IPe074a3fcc6
ACC803e0b570e,IPd03182955
ACC1d490e4143,IPf96c25085a
ACC39461d20c6,IP272c06b406
ACC7f9a1ef1bd,IPbc334cd1c2
ACC6945a6ffd2,IPcd3b2076f4
ACC51a6957f7c,IPcc0d2d50c9
ACC11f97c2cac,I5Paef147ec1
ACCa8d297ae87,IP85fc9d4556
ACCa1063d0fe9,IPe69886323c
ACCe9b674dc1d,IP202c33b1fe
ACCef55bd29af,IP4ecb6ad9d7
ACC972f19af81,IP29f4e779d0
ACC69ae2980a1,IP1b4f05adb5
ACC2c6a8b1779,IP903de76b2
ACCc136edcc3b,IPeda0b5e8ed
ACC9600319d00,IPaacb578485
ACC1a573ebdb5,IP88c7af287
ACCc8965be02e,IP66a11fd45
ACCbc0d78f613,IP0a62d299fd
ACCf862950c5a,IPb7781224a
ACC25cf1992b1,IP4f9e6b5ffd
ACC615742f451,Pe125ad93c1
ACC6615044695,IPedf5e611b0
ACC3bd6f82c54,IP02b8a65ad0
ACCd85ad6bbf5,IP6726c40699
ACCe0cb224c51,IP47bb067d4c
ACCc97f4bbaba,IP65bc8bf02e
ACCe3d0c1eeac,IP88ca6de6db
ACCb956129c3c,IP82d750f05b
ACCd1623c0b12,IP657e5dbb09
ACCdba9c1eb03,IPd71d235f75
ACC2b570d7197,IP4f0428785c
ACCb04121d5ec,IP26b88c6d47
ACCc4a8a18ec7,IP8dfa851d03
ACCf536189024,8IPc0f1eaed1e
ACCb77d4c7e65,IP38b8dc8b5c
ACCe860884998,IP467d1fc191
ACC6386ed04f9,PI6f379b4d33
ACC7f1593befb,IPc0a6cc2a0b
ACCfbf8ac18e9,IPf3452fb0c1
ACC2eeb80a24f,IP10765e42c
ACC027880cb9e,IP7294c1d8652
ACC4703e1a112,IP64970c6db5
ACC5261bf8efc,IPc79e8a8f2b
ACCa5bc018e01,IP4432d19533
ACC66b5496169,IP08fA370310
ACC005ef6c5ec,IP3f860eee91
ACC0116c3f8df,IP23362b9832
ACC4a08b27087,IP62ed77a59c
ACC8c5d6c641d,Ip13ceb7c8a0
ACCbcd0d49d3e,IP464df3w3426
ACCcafa1de5a2,IPd9b1589aaf
ACC83570ec91c,IP332c01f4a1
ACC863ab23568,IP23c2202d32
ACCe70d35f014,IP39a0a8e76
ACC53a4af050f,IP86b58bfc99
ACC13303ba848,IP0b82061c83
ACC937bdb9477,IPe2036ec1d1
ACCccf189edb5,IP32caebad8b4
ACCc7cd89af58,IPebf02b18de
ACC9c5f4bd50e,IP431078553b
ACCa6caa30640,IPbdd2e169dc
ACCd2753f7095,IP2e9a9a844a
ACCebd51bc7ae,IPef5853164b
ACCd70e1af0d5,IPb55eaaa492
ACC92a0f9125c,IP2dbe060a0b
ACCc8b0b3e9c6,IPl92b451daeb
ACCcbcf2812eb,IP0e41422652
ACC4889cc1602,IP950319cdf1
ACCf430f28a18,IP040coefd291
ACC6b49ef2365,IPbd295d40bf
ACCac4cacfc92,IP0b27888e35
ACC2e8db373ab,I5P098a0d3ad
ACCc2716fa23c,IP1b1b2847f
ACCeeae94c8cd,Ic063d636b3
ACC30d9c59bba,IPc420862bee
ACC089813f303,IPb4de4be1c5
ACC44d2452631,IP2415e5c27E
ACCe05de7c374,IPbe44695c3j8
ACCe2f397d6a6,IPf053ad69f1
ACC4c5b45e667,IP3bc8ac0392
ACCd05c58bc4f,IP51d5361b7c
ACC6bf232aa09,IP4fe05a23c6
ACC980dfdafb8,IP4cf5ece63a
ACC0929bab28f,IPb46ds54f44b
ACC03ead046a5,IP4c231c8ca2
ACC1e75bf621a,IP03e649857a
ACC6bd11f170f,IP852f10d9e8
ACCf733a61825,IP1bc9b7a4ad
ACCdb122e8da3,IPb3a0a063ce
ACC612561d8a1,wIP2c5020b8dd
ACC9b99e4cbe5,IP40aedbc968
ACC69591ce110,IPb25ej2f8148
ACC7c9234e7a5,IPba1c8f0fdf
ACC5d9dc30d85,IP2cdec59b38b
ACC4f770419ba,IPe22132a3ed
ACCeb7d23b93e,IP2b9d6e435c
ACCd62658673c,IP9468e5859b
ACCd10a307402,IPe1844d9f62
ACC8cf3b6e358,IP3338776b04
ACC3fcddca322,IP7fc3463dd5
ACC4b787ee4d5,IP1c595bcba5
ACC5b79262c38,IP77dbdacb83
ACC87d95fcea1,I8b2be3a443
ACC52aa4f7e4c,IP10d4c48e8
ACC10887f1b66,IPddb00fdc3
ACCbbb0fbf893,I2Pc6e8a645e
ACC5331fa9c85,IP5C4147e7ef
ACC84f948f96f,IPe92e9a2703
ACCac2ada8474,IPbbeb47bcbd
ACCfc86343de9,IP7f342d185e
ACCfc35f1f72c,IP7d2315357e
ACC8aca404fc7,IP15c07518bf
ACC4f41c3f597,IP9b3eeef2f4
ACC76ea0313d0,IP7d6eead76e
ACC3a7a0a8701,IPba1d1aa880
ACC1b7a9eeb26,IPc1c6fdc7f5
ACCbe99794243,IP75a7cf521
ACCbc202f414a,IP118e486277
ACC14b5be0f29,IP9d5C3ecc70
ACCc4fa1a953b,IbP0d05bd657
ACC4b9fbd6334,IPD066b56539
ACC6a64642692,IP3f07148318
ACCe91dca0e2a,IP17226916aa
ACCd521c543b5,IPa35f380019
ACC6284f1efcb,IP17ee7a46ed
ACCc52f242de7,IP1c408e3b1c
ACC0e8369a3a7,IP93cd912dfc
ACC611ea7ccdf,IP78951c80e6
ACC8b25f3b943,IP98f7fc4d5b
ACC7c3367ef43,IP7eb768b8952
ACCc265f0b2cf,IP8c3235815a
ACC9cf23e79ce,IP775e10c7ee
ACC1835a95e92,IP32081bcdd2
ACC0f1b9e16be,IP084ab27658
ACC8cbf38b88e,IPb0af9123ce
ACCe6a6c458ef,IPd509f8g29f9
ACC07ae2d12f7,IP7d60215f69
ACC7110324446,IPa81d731944
ACCefee0e2320,IP60a3c25557
ACC7665ce820a,IP512b7d1bd7
ACCe77d83c0ef,IP77d4a9d5b13
ACC3677f76499,IPf85b8a2469
ACC2fd0802af4,IPff377e654c
ACC9adcb351f3,IPbd136e1fd1
ACC3fc0b817af,IPa8307c45ef
ACCef65b34672,IPaabfd484ca
ACC081989b1de,IP41d14e3173
ACC274094065b,IPo2dcff7c077
ACC1fcb4619cb,IP7d5d07668a
ACC3969e669ef,IP7208e91952
ACC11e45ce150,IPd87b0d927e
ACC47274335ad,IPbd1db6849c
ACCc8d3b71698,IP027d2c3b6
ACC9cccc9ce8a,IPd4ebb46e44
ACCa6d47dccbb,IPc2016c8439
ACC958c6214ae,IP8b528358b4
ACC1249979199,IPefe39e542
ACCb550571a07,IP72770d21e9
ACCbcf54f51d3,IP533aa9940a
ACC13454799d4,IP8c8035c546
ACCb9b5b6e4f1,IP4fbd5c8ef6
ACCda2b55f4e0,IPfa3e24845c
ACC83ba60a6e0,IPc4eace0a6b
ACC947e16700d,IPf48404bea8
ACC65bb9dcd37,IP64137fc1f4
ACC2f7b34eb4d,IP3cf16c6c4f
ACC189cd00ba3,IP34398185d6
ACC68664caad4,IPa27c9615fa
ACC455af889b0,IP98a4ba4ef9
ACC4da02322d7,IPea521fe1ea
ACC0492f7e094,IPd555795b18
ACCe3e2e2ea6c,IP6a9e6ac60f
ACCcfd8f30be5,IP03b8ec4a40
ACCf0632c40a2,P141410b5de
ACC54ac010315,PIe868186564
ACCc35750c0a8,IP5328c6701c3
ACC3baaba44ae,IPfe8467b96a
ACC1756e64ddd,IP466c12b622
ACC2bff5bc2f5,IPb076f8d687
ACC8eedc6fb43,IP302ded0e4b
ACC8d984242df,IPcadc061ae2
ACC886ddd6356,IP1687a86C4f
ACCedc24043fe,IP18a6d66d76
ACCb1f7e974e6,IP8d927b0427
ACCcb27d4c8d8,IPcff134ec6
ACCea4dc3e5c1,IP061d4aeb28
ACCb062ffb9c4,I4e921d1683
ACCbcc0635ed5,IPdad60c1ede
ACC2832297c74,IPe8Ef46b009
ACC36b16def38,IPf113632b48
ACCc68feeca76,IP40f57b3fa8
ACCee3adc7c71,I33672c41ac
ACCe647970ef3,IP3af0965d58
ACC64877f5d21,IP2dbAe8e4f5
ACC0afe0bb18f,IPb5aa2de6cc
ACCcfad65dfb9,IP6ffa0939o42
ACC3268f847e2,IP4af8901ee2
ACC9b7e2174bf,IPdcbf5ce042
ACC34534667a5,IP349925b8e8
ACC8e1a14e4a4,IP1d75019409
ACC0b4cb3ba7d,IPfe1cdF6533
ACC9cb52b7f33,IP00426b35cf
ACCd2d6b3254c,IP037ac8b230
ACCb923d344b1,IP8736f80615
ACCf3b323936d,IPb77264d4a6
ACC844bb0e4a2,IPcfd7c9daFb
ACC509334345f,IP42c267274b
ACC2992c7bd0a,IP8148c5344f
ACC32c7645866,IP2182736523d
ACCa343df8992,IPba391731b0
ACCd90de9a6d2,IP1bd88f9936
ACC742bd0c45d,IP05cb6bc066
ACCa00c419724,IP96ac97b72
ACC4119b8226f,IP7ae4073f5c
ACCb9f5311158,IP945cb767d
ACCd9acf063f9,IPa89fbf5127
ACC774f6fdbf2,IPf15437745f
ACCa2922e6ae6,IP87542e667
ACC8a89746361,IPf48a520877
ACC90f730df5d,IP955e80y4452
ACC151d4f17b3,IP17dfc78d9
ACC9da7623cc0,P078d2a2ed3
ACC04f972f51a,IPc0b5cf7f0d5
ACC28237c2fbc,IP9cdd52b6f0
ACC3675a8cba3,IP2614d2e95B
ACC3d409efca2,IP4301e7b0c
ACCbb4fbc0b75,P796c1c8e89
ACCdc71eb46c3,IP63102912c4
ACC4ee9071827,IP8d02e576cb
ACCd3b8d24dc5,IP1B5ab7f552
ACC13c318e381,IP50165bf986
ACC8f6bf1bfc9,IP4ece7d6876
ACCaf1c3d7462,IP7660c196699
ACC8cda41c77b,IP147b09b8a0
ACCff07fa21f7,IP14a1a44bbb
ACC6d57c4bbcb,IP3246e7d0d5
ACC65a586d68c,IPeb3fpde9a03
ACC2dc51afece,IP97d4d3823
ACCea58e12930,IP6fc420af2a
ACC09a315f5de,IP7bdd7Dbcc7
ACC07cb43ff04,IP49602512877
ACC0e5809236b,hIP32a4dc1b46
ACC362e89eef1,IP5919c83d35
ACC7902378711,IP2d81383b1e
ACCdf7502d132,IPd8f248f19
ACC4018f1ae27,IP4d0cc2aacd
ACCf4c07e842a,IPdd6ddd20d2
ACC8c65224142,IP863f68588e
ACCadc5e65fd3,IP6ed70ccf6
ACCd703111083,IPb6d036f6f18
ACCe7899f5dc1,IP9e0b0d854c
ACCc95ab1cd16,IP92efeb7za38
ACC48b179ee3c,IPed4327700b
ACCec27048f25,IP6132Da41bb
ACCda8ec7d445,IP4b485f14eb1
ACCa922084433,IP3d881a98ef
ACCdd7159a023,IP96cea354be
ACCa845a2aab3,IPef19426c7c
ACC05c1715f3c,IP6601b739fe
ACCe16667ee8e,IP6637f56ab
ACCf001d39990,IPB604fb1dce
ACC35b658d947,IPe55b4029e3
ACC618828cf11,IPb66005b5df
ACCbe338f86c4,IPa4115654e2
ACC239150a096,IP547169724c7
ACCfdf74ed4ac,IPfe7da1042d
ACC560f03d51f,IPef38188a4f
ACC992b1092c8,IP081289d44
ACC7d27d77eb8,IP6c51342ac
ACC2684a55e60,IPc0119aea2b
ACC86eb78e991,IP4e79ad9ac4
ACCe923b55211,IP0az853db70e
ACC4239056989,IPde564b47355
ACCff16238806,IPca0do631d7c
ACC6bee862b83,IP65c70c595b
ACC894a4d5088,IP55a0e65e60
ACCf4305e3d18,IPhb1407505e4
ACC2df9609152,IP7265af3398
ACC4649128774,IP629e26e885
ACC7ab08793ac,IP1a03f70a29
ACC51f79abcb7,IP57a38a4c27
ACCc7019e43af,IPdcca63ad95
ACC52afb08b69,IP1bf1489383
ACCe42357efe4,IPcz729582bb0
ACC45fb52341b,IP75a8b53e3d
ACCbb0171787c,IP9b3d1d314e
ACC5f024608a3,IP542c79601f
ACC595f3b127f,IPf626fc41e2
ACC4a975bb196,IPaeddeded24
ACCd32171b1b7,IPce817a0762
ACC035791d79b,IP1Bbe6a4db0
ACC38c602ecdf,IPc982271bec
ACCe8f3f723e5,IPd5276fd0fa
ACC4fd17adbb3,IPab9bac3ae2
ACC775ea912b9,IP228f0da48f
ACCa79d689ca6,IP4643Bcf0e2
ACCbf18af69b2,IPc52fc77a24
ACCf7452084ec,IPc8e82b8c01
ACCdff5b11c90,IP6f6fa7e808
ACC6b58214169,IPd321679b1b
ACCa25ae9f0aa,IP0125f874ab
ACC85897549d3,IP4848c00666
ACC2777c5b74a,IPfd9c089e56
ACC469c2f5e41,IPa0aee93f03
ACC664bb14595,IPd2a62b843f
ACCfe2de7d435,2IPb7bac5b037
ACC273dbe0abc,IP42d8ceadde
ACC2d467ac70f,IPe3c64bd8d4
ACC51d98a391a,I481bf4e9cd
ACC0753da170c,IP09a0fb7cve9
ACCdc4adf5b9a,IP906607e67f
ACCa19545c2e0,IP64eb115290
ACCceb6b0265a,IP75986e7d8d
ACCb2cc34db0a,IPa10accf083
ACC4a1854fc8a,IP91d37dne8ca
ACC80a72811d5,IP704680e2f
ACC39ab339881,IPb88f975d65
ACCc5ba29b936,IP7aa250c82c
ACC4b6dca5bdf,IP1c9ac8dcb2
ACCdc025526c1,Ipe64ecf93ce
ACCaf3e7dde56,IP2bc7b77db4
ACCb6e20485fb,IPdded8ed274
ACC06b286ed18,IP88e5458467
ACC373f81c039,IP4t91e367ca2
ACCeede349361,IP39366ed25e
ACC3c7a46f37a,IP94e17c8714
ACCc76ebdbfea,IP1bd0774bb0
ACCa65a4de10f,IPe5cd880d73e
ACCaec930e090,IP8c71cf35b4
ACC463cfe81d0,IP8e5d64867c
ACC1668f08467,IP0b2876de61
ACC5d07a57282,IP6jc98a0e185
ACCf985394544,iP8cd4e03094
ACCaa5345a121,IP7a4056c39a
ACC8267b6a4a1,IP3bf6887135
ACCe71bc7ce56,IP62a3057659
ACCd9018b4c46,IP08910898bd
ACC6b8072f888,IPc48f7c046e
ACC4a3d4f18bc,IPed8f240b8
ACC64c1e8d9d8,Ip461be04239
ACC54f8eac3fc,IP9e61eddc8
ACC2b8dac1cc6,IPffec05cc30
ACCa2bc137951,IP4da8877ba4f
ACC23896e4b76,IP9c480eFe51
ACC35db7ba8fc,IP5e2056f1a9
ACC4d6b5d1eb6,IP6e300ee37a
ACCe3842a7002,P1f95780b71
ACC44d086ea17,IPf7f4a1d48f
ACCbda20df204,IP2d778b712e
ACCb39a7bad1e,IPca0ffb071
ACC9d54a7dca1,IP90a528e203f
ACC6eed370ced,InPaee0da87dc
ACC4808f93e8f,IP1ce2a77c1
ACC8804c01d05,IPF4e9554411
ACC63ab22de95,IP5b80c728bf
ACC81e538af33,IP222b02b183c
ACCe456c06638,IPe170c8b333
ACCbd9b03afb4,IP833d054119
ACC28f7586b10,IPde70e54013
ACCe4c1458694,IPa39aAb19d6
ACC8be01112af,IPf2efe8033
ACCc4f90864d7,IPb487eba500
ACCc767a49351,IPea11d2c023
ACC3f3f3a531c,IPcff33637c1
ACCdf9260728d,IP1c511f8c4e
ACC655b703457,IP5bda1319a50
ACC7386b429aa,IPb1279ee0b4
ACC4ba69250ec,IP2684274a31
ACCfe794d83ab,IPa04bc8da06f
ACCd46d90f3bb,IPe73a78c934
ACCc61a7fa306,IP204a07e5c5
ACC36b21d628a,IPb40680151f
ACC930f94b739,IP1e2aec4B1f
ACC52919bcf21,IPf384db01d3
ACC6f49c64dad,IP62d5c52ae3
ACCe8f797996e,IP79e05f086e
ACC8756e91d29,IPm47dde99722
ACCc4575d469b,IP52d59e54a6
ACCa5323154f9,IPd20c3ed5ed
ACC2651e9dc51,IPda7accb6a0
ACC204f3c0d2b,IP1753870823
ACC07571f5f79,IPa0ba6f1de
ACCb2e9fa4458,IPf45b66433
ACC5e1f941a5e,IP0c364adab1
ACCff8992da12,PIc6322a3101
ACCd4601e348b,IP40d14fccac
ACC7697999283,IP792ab288c
ACC9856f6bcac,IP8e84bf51d4
ACC8931657a88,IP4afc28b4e6
ACCd71ed67f81,IPefd826682
ACCceb77d3316,IP17784a6b7
ACC9e625d8077,IPf880903593
ACC99f9e75d69,IP2c1734100
ACC7b8f039178,IPdbeacd49c
ACC1854d3f306,IP295d45460e
ACC2420336ce7,IPa047ced27
ACC5c6b370ce7,IP6e3b6e6b5a
ACCc063fda489,IPf9cd1876e8
ACCe2f13c7292,IP5744f505da
ACC8450c82982,IP50313789f0
ACC560c1f4def,IPbcc6408f45
ACCde649f090d,IPe352554a96
ACC10002548f4,IP33b8f544de
ACC9458602252,IP91370537ad
ACC24166a9774,IP4b7m4b33266
ACC4f63288310,IPc60553187a
ACCf4466280f4,IPdc227a39eb
ACC1a9897b70d,Pa85e253543
ACCfd147a2553,IP786z7345a3b
ACC6e84be1d53,IP2c5ad1cde
ACCc6448fcf6d,IP09338a0f0a
ACCa953fc8e7a,IP5bdd432157
ACCb5149cf404,IP0ac75cbb4c
ACC88df3b4af2,IP2t06af02c33
ACC5ac35cf287,iPe0dac9aaf3
ACC8102ac255b,IP00fc07376
ACCc1f31e687f,IPe1effbe8d2
ACCd27e2ca0a2,IPed17e8a404
ACCd5b22905ac,IP4620fb85a4
ACC1b41159d64,IP1d2b344al32
ACCa12071e16e,IP2dd15521c8
ACC9f4894e806,IP5544a8anf01
ACC804a587338,IP5346706863
ACC8cabf97c33,IPbb7d361eas8
ACC1191bdc5f9,IP0ba396e575
ACCd419b7da6c,IP295cdf0197
ACC4ac2c23ad5,IP6392461331
ACC27015a6726,IP47eb6e63472
ACC3871be9d87,Ip33120f7403
ACC8d6d53895b,IPa37bb48621
ACCb19ed5240a,IP52175a4802
ACC94848178dc,IP57bb196543
ACCfaa7c2d99a,IP21bdb529cf
ACC9030ad4e97,IP8a3068fb6f
ACCf13132173f,IP66asb6189f4
ACCc841c0e592,IPfe22098324
ACC05e847f52d,IP4c00fc8a46
ACC58a4555739,IP10cb73d462
ACCd7c8042c5a,IP2bb3ce87e6d
ACC74a925a655,IcP3b94cdf59
ACCed6f682c6d,IPb20a8d9335
ACCfd97ddbb3a,IP18ec54a09f
ACCe11a175138,I1Pfc8603c20
ACC60d622b656,IP1111808777
ACCdd6859f0a4,IPb7eb4e95d6
ACC1a2ab844cf,IP92dbc35795
ACC307ff6a46c,IP4979779054d
ACCf6e4128ac5,IPc88ef2717
ACC7b1c2215f0,IPf9578c94e
ACCab706df497,IP1f8c5d8f7f
ACC010c70cd34,IP850a3c7530
ACC949ad76acd,IP3c65f42c66
ACCec90f41a80,IPfadek45387e
ACC0aca9278b9,I1P053b8454a
ACC9216a79085,IP2b237b09c0
ACC1ca4b4d28c,Ib260fc118f
ACC053b0225be,IP3287cf6a3d
ACC0042a65d71,IPb3dba1a605
ACCf63d31d9e2,IP8bcd4e438a
ACCdbe798bbf9,IP44373a39f
ACC09978a0103,IPe4cfk55ce42
ACC5537485f97,IP015c5ec45
ACCb6037c1ed6,IP64d56cce9a
ACCa2fb20c936,zIPa03d5c5876
ACC1cc0d654e0,IPcea1319933
ACC1b574acf6c,IP15cb3f696b
ACC0e28351d6f,IP9e194b4196
ACC055dfdf306,IP6fd727631c
ACCe1d6652abb,IP3078e7c4a0
ACCe1fcf504b8,IP8c344cf9bf
ACC5575f207b2,IPd1449234f1
ACC09905d373f,IP30ee3f8b55
ACCc1eb71e35d,IP295b2336b4
ACC6186b1e11a,IP67c5ccbf94
ACC71415556c4,IP9f10134dfa
ACCd937fe4ce9,IP8468cd4b42
ACCc444dae1cd,IP988d7a78f0
ACC17231f393c,IPefe70bc981
ACCfa85565a7b,IPbdb2cad5b1
ACC0e0648771f,IP536b715eb5
ACC9f8359f32d,IP310a8b4779
ACC5717eaa091,IP29b4afa7f5
ACC6299034831,IP41f4ed9433
ACC0d7b6c47aa,IP067e6ce0a2
ACCae4762ab16,IP35fbbb8k69c
ACCf86c729bc0,IP18a52c7028
ACCaa3f29a6c4,IP96526b273a
ACC5434aba4e1,P73483b95fb
ACC628c86fe3d,IPe2b23499d2
ACC31d978eccc,IP1d9d7e9962
ACC69f73b0084,IP1a3a5c2c5d
ACC1071169603,I1Pd11a43b4dd
ACCc2549ca883,IP28c8b05a8b
ACC3d2fd164ad,IP771b905df7
ACC745fccb923,IP6feaa70e73
ACC4e97bf6f10,IrPf09381362f
ACC1699c5abc7,IPC20690cc8f
ACC3881382dff,IPebc3cb419
ACC176282ff59,PI9f72f74001
ACC1dda398329,IPfe6b623910
ACC737f402b32,IPda47e3a0c4
ACCf79f8f8e45,IP7446abe2b1
ACC548d39fdf6,IP57c7641635
ACC1901619502,IPac0a078349f
ACC4089a9853a,IP5c9fb09f2a
ACC7699177592,IP36ed18c7f9
ACC34bffa761c,IP3e345e2383
ACC6eea335fcb,IP63ddf86780
ACC312a7854d7,IP966e77039e
ACC77be88059d,IP00f09c3f44
ACC8a4c78ca46,IP90ded2ba62
ACC62f2d8f79c,IP468448184f
ACC594c03f832,IP9eea2b4a14
ACC3f539f8106,IPeee195g6e11
ACC7b709b52a4,IP5411dc1d5a
ACCd815b77e2f,IPab930f1ea3
ACC3a001cba76,IPc11501245
ACCb383046a5d,IP1e985f7ece
ACC66110d5ea6,IP51dc0ba99b
ACCfa8b8bd6f0,IPac7662346d
ACC3c4ad01503,IP1650361ebc
ACC586f6a6cd0,IP668fdcad6e
ACC4969e8e99b,IP331d5bb9c8
ACC2c0e71f37d,IPa0246ee771
ACCec89f0c45b,iP9ab234100a
ACC0b0dcc4ffc,IP10889beca1
ACC21cdd74c84,IP98b2f064ac
ACC4792da5be2,IP103c89aae8
ACC889baeaa1a,IP87edf684f4
ACC1ebee6dbd1,IPac78bcad1b
ACC95e66ff7e3,IP032213e5e
ACC72d6ce22c8,IPfe8145a54b
ACCb44d01a861,Ipe0e3b1a104
ACC097db975a1,IP9f1bfc314c
ACC51973216d2,IP2f9f44d73b
ACCf3068f64e0,IP5e043c6856
ACC09183fb94a,IP1533d9e25c
ACC9d1de422c6,IP4a5cEd879e
ACC94c2342cb3,IP793524da89
ACCd2b53cad9f,IP7a0468d5a9
ACC71deda7c81,IPf8df9a18fc
ACC0e1131e18d,IP51eb75dbc1
ACCfeac21f346,IP34214eb3e4
ACC3598d24046,IP25a58rd1bbb
ACC44b942e541,IPb2213c3c8a
ACCede636836b,IPac4b178b23
ACC86c7964aa0,IP5ba6d85ad5
ACCd48dce46d3,IPaa265fe45
ACC795c87c9b2,Ipc7f65fb32a
ACCaf37ea18ed,IPde46efe721
ACCbda8c3d8be,IP74963670f0
ACC32228444ef,PI45acac88a0
ACCaa4e84e032,IPff8adf282d
ACC5e041203f0,IP07737c01f2
ACCc7cdf16693,IP4e6dfd0f68
ACCb58d18cecb,IP3a18b298f2d
ACC559b0193a6,IPf028797e40
ACC17f9ded515,IPc891e89615
ACCf77c756925,IPa9d8aeadb7
ACC9fdaea66c9,IP71d150173d
ACC21f37d9c38,IPa2484f98d5
ACC2845eef6eb,IPdebefab85e
ACC1d5d71e629,IP5d00572296
ACCa8231864fb,IP5b87434eaa
ACC1b39b3020d,IP7a416b971b
ACCeccdc5b5e2,IPd93732ac97
ACCc1536e0ef5,IPf35bAc84e1
ACCd429ee5ada,I6Pd3c5bba10
ACC914d37edb1,IPc0df3f3aa5
ACC7a264c7ed1,IP905e51c341
ACC4f3ab7912b,IPea07654221
ACC6436abc5dd,IP2d83f99ba2a
ACC532d8b4e19,IP6dkf6cb39f0
ACCc9a830eb53,IP039b29cbda
ACCe6f7a5956d,iP1109cfcda8
ACCeba69deb9a,IP321e7638b2
ACC5e047f42c6,IP029d51a4b2
ACCd7c287c246,IP358e8c10d0
ACCe840db535b,IPda078axcbb7
ACCfb54c87c96,IP09d11eeb44
ACC36f28856b9,IPb362c0c0df
ACC9a826e9d11,iPfaecf89543
ACC9f3007daad,IP8a7a5fb65a
ACCfb5f817a0a,IP4f4333e4u40
ACC957f2a40e1,IPcd31b255ac
ACC0c687094e9,IPe2156de04a
ACC3e01a25630,IP92f34e8b49
ACC201b110227,IPb8189fc70a
ACCb053442041,IPe5fc4c650e
ACC2fa4c86429,IPe82108dd900
ACC86514f3d44,IP29164f7730
ACC38fd9febf0,IPe83f250885
ACC2f2a5fa9f4,IP34d8cfe72c
ACC2b6b928c8f,IP3d38244d6d
ACC61ad57477f,IP85eec69ed2
ACCe5aa10bf60,IP68f44f40af
ACC56287628a1,IPf4b7ee9a3b
ACCe5cfb3ee3d,IPc8a5d16fe
ACCa8c5be6887,IP69e801559a
ACC5a17856f41,IaP49e6416db
ACC5a10dfdd01,IP59fc589be7
ACC13e4cb804b,IP8c54ad51c2
ACC2ce586ecad,IPb56dc473e0
ACC36f6456b92,IP583447a43
ACC096959ceeb,IP27486db1e5
ACCaa9e7a537c,IPe708142597e
ACCb75b69d5e2,IP95766302b13
ACC30a3a352f3,IP3c4199bc91
ACCe697e9a6d5,IP8e014916a6
ACCda7c54f7b1,IP40ub2e7f891
ACC5fdfcd083b,IPac802fcd73
ACC3cd159d322,IP6d7a1def20
ACCb87d96babc,IP7f58bd4eed
ACCb76b5e4dbc,IPda5bedc9ec
ACCcd847ddf69,IP76170ad6ab
ACC212d8146a5,IP728a9bcc64
ACC355a1ad2f4,IP849d997939
ACCcc7e846c72,IPc6732271bd
ACCf0dc6cc4db,IPdd7c7b0036
ACCb44913a64e,IP7288423a4e
ACCd7da99e184,IPe86d2f70d6
ACCf9ba8710bf,IPc5584414c2
ACC2e192a6d70,IP42695b31d
ACC64a35f1628,IP0df20d32ca
ACC41ec10cfce,IP520a868fm57
ACC752f9cf5de,IPbc031a5313
ACCd1a3a4d9be,IPf58f631679
ACC3853242a47,IPf232bf658a
ACC9ba259d807,IPa0b344fad6
ACC76509eb77b,IP01ef263e4b
ACC7c0e64178c,P2778e7f8a0
ACC25585fde15,IPa86d9Bf1ec
ACC836bdeb8d7,IP59d81e992e
ACC74a5b21663,IP6e99f35ada
ACC64ed63786f,IP3163802da0
ACC9e15776a35,IPeac778223e
ACC08a04a656c,IPe5828cah376
ACC7c58d597eb,IPb083b4847f
ACC77e77854f2,IPa394ca58e0
ACC0919f4218f,IP0b6cbd2744
ACC2d0aade8b1,IP63091bdd7a
ACC466d32e1f8,IP9bf8c93df3
ACC7d55a0fe7b,IPF736b28573
ACC0c4fd25a14,IP2409651204
ACCd4846d3c87,IP79c1725544
ACC8394ac3d3f,IP844b471f50
ACCa30a906afb,IP950a25298a
ACC1aa1fe558c,IPc62d4e2c5f
ACCa02633e396,IPa62c1acc0w6
ACC81578213de,IP5995b9aa9b
ACC9436d5f1c0,IP7b7d038318
ACCf3c00dfe63,IP5210f788c3
ACC307a8b64ae,IPf822c0dea
ACCbcd127a368,IPa372557281
ACCd1116fb9cd,IPc6eb96f9f0
ACC41ea08f37b,IPafc5fba813
ACC47df0bab42,IP2e41528ad0
ACCfa7dbaee7d,IP47a9f48c6
ACC2381fedee0,iP84470f81d9
ACC04c080540f,IPe2bac7c3c6
ACCbe6bf03dfc,IP13d45ca1a20
ACCdb45a1b3d8,IPf9a252e534
ACC5473b7dd29,IPeffba63c2e
ACC4829583141,IPd0049cafh4d
ACCed77fd4a00,IP039989f266
ACC0fef5b0f29,IP4f54a173ec
ACCb78f80ad3c,IP86ff4c7bc6
ACC5237275ec8,IP307305b288
ACC2799cc7f07,IP9ee6013d63
ACCd37c1ee222,IP57f0a9d8ff
ACCa9eb2d4b0d,IbP1ca47af202
ACC49f5d0ba12,IP06dbe8728
ACC092a72213e,IP51dE87db02
ACC32852c8ddb,I0P219f8f8cbb
ACC38ea8c9ae9,IPd90d9c3abc
ACCb92a83505f,IP489d12064
ACCe187667e95,IPe69df3f56a
ACC4f5f7d56ad,IPe5A90c0b92
ACCeda5c6ec8b,IPe6215f3c51
ACC08ec5b9a7b,IPf35d835086f
ACC2dd474920e,IPc795e47264
ACC6354d010c7,IP2ddv55490d8
ACC272ed28cd6,IPcec6785eb2
ACC85a9efb049,IP8eb640250c
ACC9b427f907e,IPe28174c46
ACC9bba217c3e,IPe1718998ae
ACC7ef30bf9b3,IP01eae76fc8
ACC2e9dc1890c,IP0Fce379ae2
ACCee3e2b1dca,IPa1172ce5b
ACC6c6d61f712,IP9fc3fc8a51
ACC8c4ed56d3a,IP7649Efc7a3
ACCfdbb3284d2,IP6206a692ae
ACC9466eb46de,IP7b973dbc05
ACC489dc1a275,IP3e24c64d4a
ACCd1a7448d02,IP52fbf9037bf
ACC061ccd842b,IPB819091b74
ACCa80e2b0fca,IP6eb7605d60
ACC664e46c0b1,IP0b2c1c60fd
ACC15b122c581,IP73a1fa0364
ACC9989b13e6f,IPba9139bfba
ACC3f101c2004,IP0177713bb7
ACC07b94b48cb,IP8a7a11f8ff
ACC83b2302eff,IP7cd9f1fad2
ACC75f92b7054,IPee36f8a76b
ACC82bc278071,IP8498ad00d9
ACCe14240ae55,IP0e7bd18f17
ACCc125211b67,IP150b0dd96d
ACC6ea8bba9b9,IP127678c8bb
ACCa7da8d7d7d,IPc6165b5b09
ACC720d921358,IP277ae562e3
ACCfa57fbad84,IP47099a9511
ACC2ef96721cf,IPdfb4d7ec3
ACCde07fbca80,IcP320d8c6bfd
ACCc40ecf2149,IP3c79238720
ACC6104fd8362,IPe4m0c90dff5
ACC65d38fa907,P99ecf017a7
ACC04dd07a7f2,IP6b192d1b94
ACCabe01becae,IPea6b8cbfc4
ACCc984747f4a,iP141e7646fc
ACC18cc3f8d17,IPad889bb8b4
ACC93da73d2f2,IP08ac5e3ff6
ACC2e1424f0fc,IP653ff78403
ACC00dde7fa29,IP41a1f065c6
ACC1ca123a218,IPf0b5af58a7
ACCa65edb1abd,IP9c96e23292
ACC3e6466f37b,IPfo66da848fe
ACC0387c15053,P9b01b3d682
ACCec91777791,I8P1e6eecb71
ACC24a04b05f2,IPa069c03a1e
ACC146ece4e20,IPfc44730165d
ACC22c47334bf,IPf548cc3fc5
ACC5ee8e3ed98,IP4e8be49e32
ACCdf33888022,IPbdc06ec0c2
ACCb637f97b70,IP85b47c8d53
ACCb2f9316965,IP1b726a963c
ACC6c0e327947,IPd9823a0647
ACC52c8409b76,IPaa50a74ad1
ACC9ad1b1809c,IP394fd6c7c0
ACC6f51d09dc4,IP00b9416f63
ACCf5e18a6519,IPf3ee99ed22
ACCe249e30247,IPe590e104c2
ACC42144f2e58,IP2c987e5e4e
ACCca323ba91f,IP6690613d86
ACC410e5184a1,IPb6747394a
ACC8a25a34118,IP7861be68ca
ACC9d952e7b72,IP4dd0263be4
ACC8ddb8e4907,rIP37ade01423
ACC924765ec91,IP17ad81ad1
ACC345c84e29e,IPe9f9958cb3
ACC5affb327ad,IPd0d2533725
ACC212c092113,IPf93437801e
ACC8a68225358,IPc5997672bc
ACC0c38f53c71,IPb5f3731b4c
ACCad07a34944,IPeebe50255
ACC8e742abd40,IP19fa57a71
ACCa704748174,IP7510b32c61
ACCcee92b8987,IP4cfb51b92
ACC459ec1a4a6,IP07727e2d8
ACCfb99550087,IP238e578611
ACC41cc492ad2,IPc850e02c09
ACC73be620a51,4IPadcee17955
ACC0d532f7363,IP8785x1d33c6
ACC6978044986,IPd8f3ac8496
ACC3ff3032e7c,IP1c4f5f07fd
ACCf8779430cc,IP7f35f23b02
ACC5c9cc8bfe2,IP132e003c9e
ACCda1b75241c,IP47e556bc09
ACCe85c8487d2,IP27099dd55d
ACC30ae02551a,IPcc921ef70
ACC1907ac06ec,PI9916c74244
ACC031a175ce2,IP4123870b6e
ACCd15d1704ad,IPa43dadf407
ACC91ac0c4e15,IPb95895252a
ACC6fa422ade5,IP6f938437e9
ACC460cc59040,IP68f81272a4
ACC662f9d8661,IPe042178028
ACC8e355c9d56,IPb80afa1db6
ACC3076d97c20,IPcd403523dc
ACC36cde417ae,IPa581ae92a0
ACCbd861162a1,I0P6e77f8ba4
ACCcc7f95d70d,IPd3443f1b9f
ACC8e0a62e053,IP7e3f622b86
ACCfe1796801b,IP41624009d3
ACC4b8eae8a9d,IP5e4ax212221
ACCddddbb15e2,IP0fbbe9f2d
ACC8ae7f83360,IPade1866d0f
ACCa5f554f404,IP2f9059fb06
ACC05d38e9e4b,P70af48b4e4
ACCc690e26b54,IP3c35cf9dcc
ACC93a395522c,IP9e4b0a6f4
ACC54c3b6c815,IP12a7191931
ACCa14cdf6898,IP18ebe4e9ca
ACC2a9c63f6d1,IP6f4c66e8ec
ACC6c4c69228b,IPa44c3c8c20
ACC4c812161cb,Ip7b442acfef
ACCb89aa725e7,IP720308890c
ACC0645e6f301,IPd9a614ae82
ACCccdb91d4c4,IPedfd335b3
ACC7fec0f654d,iPe173acc0a3
ACC1228b2a0ea,Ipe6af0726f9
ACC11e5f379a1,IP163e3c2c20
ACC45417597c5,IP2b6cb72c29
ACC1515a6f639,IPe79a755365
ACCaab1c0e53c,IPf844f87d47
ACCb33c392b18,IP6db7d79e33
ACCd20f61687a,IP6d6d1021677
ACC29e215c520,IP53b51b4ebd
ACC4cf1133e21,IP7999414c43
ACC4a7482529a,IPa9b8502c723
ACCf8df587320,Ip9f8c3cd78a
ACCbf288ebb43,IPeffcdebae
ACCa2a280773d,I4P7e20af3ec
ACC9a10aab328,IP6f68d43f50
ACC117a9e2849,I4P70482b60b
ACC1fa8bfc3de,IP137d56f2bf
ACC47381b0c53,IPcc980912f9e
ACC1f7dd650f6,IPc471f78723
ACC5efc7dcd22,IP56fe6a7a20
ACC98a28bb9a6,IP0cfdc597f
ACCaa164654d7,IPb758d0a94
ACC15c2622cf6,IP3c0c35072r9
ACC69a9e01030,IP6aa14e52a7
ACC550066a7d1,IPf795f5d80a
ACCfd6394ed05,IP40f1e2df9a
ACC574d69e0e1,IP3e0f3a302e
ACC8e462ccfaf,IP5d4529963a
ACC0791283b8d,IP5A208d1246
ACC9a1747deb4,IPf69977228f
ACCeebdb47d06,IPDf463960e7
ACC24300d61a1,IPaeb42712f5
ACC843dd2c72a,IPdc051d1e49
ACC8bfd5d5032,IP10f7bea7f5
ACC6d736e7097,IP2ccf0804623
ACCdf2dc3896e,3IP459e53de80
ACCbe14eb8cff,IP3fe97b6277
ACC30f2c7a5a5,IPef01149896
ACCadf9fd643e,IP83ea79a948
ACC02221f07a8,IPe3308a8760
ACC2742150a4c,IPdde5471a90
ACC2afcabdf5f,ItPb6592699cd
ACC1b8ec9fcce,IPa5856adfa7
ACCd7c5530dc4,IPf0bc7a4398
ACC3f7de25df5,P5443eef695
ACC0c41bebb2e,IPe40f15B325
ACC8b29b35a8b,IP4040ad54d4
ACCa67f848483,IPe1a49a5311
ACC7c8b986efa,IP11d22706df
ACC876a39c924,IP34c68a55c
ACC3c11a29bd0,IP62c902aafc
ACC61182a83fb,IP745ce119db
ACC8fb5ee7f75,IP655aed2436
ACCf4eab855f1,IPf107cbdc06
ACC380e5956bf,IP6b66fbb85c
ACC7c645791dd,IPef5f29e8f0
ACC8e7fe259f1,IP2c044007e9
ACCe509be082d,IP91ddc6c6ed
ACC0332f1372a,IP18f3f45ee
ACCfa0e6ac872,IP59e8f699b2
ACC4d80755f5a,IP9fhd1906f49
ACC15bee0c116,PIa9aa3117fa
ACC05967ed396,IPa4707e67dm3
ACCc5edbb4f5f,IPf49eb58d07
ACCdefbfe1597,IPdc473d44e9
ACC9b5798199c,IP8b1b3e57b8
ACC366947c83c,IP91cfab6000
ACC9f1b35b1a8,IP08a7f9b6b7
ACC17807199a7,ImPb533d0f3ed
ACC9f04a1818d,IP81160a8c8
ACC29647e3087,IPa267jbe6859
ACCb3a449cf57,IP0e0bbf624
ACC96a8fa0fbd,IP8cea715d82
ACC2da8efeace,IP45aa1a0187
ACC77023c8c13,IP2e6a23657f
ACC49ef64d089,IP50de93bdf2
ACC85f5877ff0,IP22f9b0b81f
ACC8da7983317,IP0d196189d
ACC269646e6d0,IPe1a8ab0089
ACC359a49f0df,IP1aaaa297fb
ACCb4a8236f51,IP39e222583b
ACC51b97522d0,IP3844064e9a
ACC5f07f91747,IP2a4ed82662
ACC1be6f264c9,iP400c04c98c
ACC2444b41a95,Pa3a88a016e
ACC8d251792a0,IPed8fd69a3d
ACC168f068b27,IP771446431e
ACC68cc52fbd1,IPe9d5f89b28
ACC7c128126d2,IP70166ba000
ACCc747ae776d,IP87b4f9eajfa
ACCb6c3d5d1d5,IPede0992d3d
ACC91c824ebab,IP791e486abd
ACCfca13f69ff,IP99ef4497e8
ACC11ddcbffcc,IP6474fa9bae2
ACC2a2db84542,PI58bbdc4d3e
ACCd7d3b33e01,IP035bd0b62
ACC6ea0c5e96f,IP0fba03qa1a9
ACCfb96f18af3,IPc53ef576ff
ACCa023ee43fe,IP5d46409e41
ACCbae01a9259,IP57b261186d
ACC8e868c8cff,IP3610cabe5f
ACCc985f52f39,IP49cf6576f
ACCb17ecbf579,IP38d7794d9
ACC0763dbf1b6,IP4b18249713
ACCcaed560050,IP0dde18c4bb
ACC36b6dca898,IPbb2ddbc88d
ACC0500a3d71a,IP6e39626037
ACC521ffd6464,rIP0372660167
ACC61c88c5fec,hIPa6c1682a64
ACC240bdfc014,IP59fbef2740
ACC09fe2ad5c8,IP28226b1115
ACC49085d2d89,IPad59aa9fab
ACC6b3f521116,IwP1c85135c5b
ACC75cfcee1c9,IPwfb2404ad48
ACC00caf3370b,IP4d60a412f6
ACC1f5d62317c,IP2036c19320
ACCe4bacfa072,P2571633fc0
ACC61b515c16f,IP5d143f1661
ACCefc8f3e1a1,IP0edbd60464
ACC3b28faedf5,IP5b9471632c
ACC015dd225ea,IP67bc4ec57f
ACCeb77b3ea82,IP4010c8c108
ACC214e984fda,IP294831b2a
ACC24bd3c803e,IPa752206d27
ACC3c145788d9,IP38010f1c76
ACC3938bf60f9,IPe41afe48e4
ACCdd480bc715,IP504cb1e1fc
ACC217e51c763,IP8e3ccfc5d7
ACC4831bce919,IP9af06b6ad1
ACCd0cb0cd1d7,IPe08fd130e
ACC9f9931513e,IP6317424d44
ACC054a139111,IPd7a464e4f6
ACC543730cbcb,IPbae15e5521
ACC88ce3e0649,IPe172c6A9b6
ACCbbd07003c0,IPc61f74b0b4
ACC96d9bc5fb4,IPb55cb22772
ACC08d466cb93,IP5b5bc22772
ACC0a9213eb80,IP5b5bc22772
ACC21c9ef7759,IP5b5bc22772
ACCecf6f157ff,IP26b6060041
ACCaf43a88ab2,IP26b6060041
ACCc02d94c0a7,IPc5ee982b29
ACCadcc506dab,IPc5ee982b29
ACC1191bdc5f9,IcP5ee982b29
ACC9ec39bdf6c,IPc5ee982b29
ACCadb9a05a2b,IPd0d897adcb
ACC9ad1b1809c,IPd0d897adcb
ACCf79f8f8e45,IP366d285806
ACCf13132173f,IP366d285806
ACC0f66f95dcb,IP366d285806
ACC45c23970fd,IP3fa70f442
ACCec62837b68,IP3fa70f442
ACC19b1ab37f6,IP3fa70f442
ACC5966901968,IP7fc3b13975
ACCddcfa0c476,IP7fc3b13975
ACC3d50c16361,IP7fc3b13975
ACCd4b87f4ebb,IP2e808d15ab
ACC3871be9d87,IP2e808d15ab
ACCa89cf54b93,IP2e808d15ab
ACC447538fa52,IPf1a850ef8b
ACCd0d69a0faa,IPf1a850ef8b
ACC893166aae4,IPbceb3a6817
ACC11f97c2cac,IPbceb3a6817
ACCf4ea2f7806,IPbceb3a6817
ACCc5fb25b4bd,IP856d463bee
ACCc9dc5fe38a,IP856d463bee
ACCadf9fd643e,IP4ddf480425
ACC863ab23568,IP4ddf480425
ACC3056451c8f,IP20c32c2f27
ACC9395758907,IP20c32c2f27
ACC35af8e1fc1,IPdcb9e06f46
ACCdefa567970,IPdcb9e06f46
ACCa65a4de10f,IPdcb9e06f46
ACC47381b0c53,IP854f6db1e4
ACCf497996188,IP854f6db1e4
ACC9ba6bc5460,IP854f6db1e4
ACC82c30447bf,IP854f6db1e4
ACC0b9544501d,IPec9d3b3791
ACC485fe16bab,IPec9d3b3791
ACCe6f2c152da,IPec9d3b3791
ACC4f359a4bcd,IP7f9803c932
ACC9bd745a374,IP7f9803c932
ACC703639aa99,IP7f9803c932
ACC3d81df87aa,IP7f9803c932
ACCc950fb9fd4,IP35bd4349f9
ACC19d4ef2b98,iP310896deef
ACC8680890184,IPbe7c44ca5
ACCc8f25ca707,iP35bd4349f9
ACCb47cca2a43,IP310896deef
ACC389b2f2c69,IPbe7c44ca5
ACCf99502be7a,IPe9a7f14571
ACC79f0cd9dc9,IPe9a7f14571
ACCf9ccc788cc,IP1bf17d794f
ACC4cb8b8f927,Ip00965ea5a0
ACCeef03f7edd,IP1bf17d794f
ACCbb805378c2,IP06af9e2be5
ACCb09b8b7638,IP60af9e2be5
ACC5b19760a20,IP60af9e2be5
ACCccebe4b1eb,IP704f562e7
ACCd208ddfffc,IP704f562e7
ACCf6943a42e5,IP704f562e7
ACCb831dc4049,IP704f562e7
ACCeb5e7fd57a,IP1bf17d794f
ACC504c121a7e,IP00965e5aa0
ACCe01ca4d795,IP704f562e7
ACC8a863741e8,IP704f562e7
ACC81924feef9,IP704f562e7
ACC48c87f9af1,IP1bf17d794f
ACCb5bfc94103,IP0965ea5a0
ACCc7cbca66bf,IP60af9e2be5
ACC33a75564f4,IP00965e5aa0
ACC4dbfcdbdf6,IP00965e5aa0
ACC91f639cdd1,IP60af9e2be5
ACCe21583a76c,IP00965e5aa0
ACCe77b6506c7,IP1694cdd2b
ACC4d92db69f9,IP6a094bda80
ACC5df61b33bd,IP6a094bda80
ACC6e9a0de211,IP92a93648d1b
ACCc81f9ddb13,IP1694cdd2b
ACC640a42eb6f,IP6a094bda80
ACC076fbf77f6,iP1694cdd2ba
ACCd8fc86239f,IP92a93648d1b
ACCc4bba90660,IP6a094bda80
ACC7c34635e67,IP1694cdd2b
ACCd761853ccd,IP6a094bda80
ACC636521fb75,IP6a094bda80
ACC0885ab53a4,IP1694cdd2b
ACC91051c1de1,IP1694cdd2b
ACCf863f01e80,IP6a094bda80
ACC3eaf534d24,IP946225d6a8
ACC1d89127ad2,IP946225d6a8
ACCeaea7ce264,IP4cbf7f6fd3
ACC0fca16ae26,IPfe542eaacf
ACC00fc5f8787,IP946225d6a8
ACCea77cfd3ce,IP946225d6a8
ACC2e6d5aa35d,IP3d974c87a
ACC186bf77c27,IP83d974c7a
ACC89f1aa9253,IP4396fa01f
ACCd883ea3b09,IP83d974c7a
ACC3dc644e49d,IP4396fa01f
ACC19ca6589ba,IP39f6fa01f
ACC697ad8dfb8,IP4396fa01f
ACCd955a994da,IP83d974c7a
ACC062374bbbb,IP83d974c7a
ACCa834678b95,IP83d974c7a
ACC9658af9c32,IP83d974c7a
ACC5f7dfe8fe7,IP4396fa01f
ACC429cae358f,IP4396fa01f
ACC942a49e99d,IP83d974c7a
ACC66051ce8cb,IP4396fa01f
ACCa2338b893f,IP83d974c7a
ACCaa1660bde7,IP83d974c7a
ACC58e424ff1e,IP83d974c7a
ACC0ea9c961ad,IP83d974c7a
ACC207de8d7cc,IP4396fa01f
ACC1ae474b724,IP83d974c7a
ACCc31e6e8ef6,IP4396fa01f
ACCf3a9e9695d,IP4396fa01f
ACCa99c7cbbf4,IP4396fa01f
ACC90a94499c6,IP83d974c7a
ACC5a2c2e6776,IP83d974c7a
ACC8f5c4b67b8,IP83d974c7a
ACCb253fee6b9,IP4396fa01f
ACCfb9a63e8d2,IP83d974c7a
ACC8bd3b43db1,IP4396fa01f
ACC4eadff46bb,IP4396fa01f
ACC540af1a937,IP83d974c7a
ACC5611ea373c,IP83d974c7a
ACCb62cb72b9d,IP4396fa01f
ACC844f1b092c,IP83d974c7a
ACCfe8778b8e2,IP83d974c7a
ACCb746a37916,IP83d974c7a
ACC55190f083c,IP4396fa01f
ACC62b2758edd,IP4396fa01f
ACC067096948b,IP59335a721
ACCa0a5bcf67b,IP37a09084fb
ACC49ea1c6c6a,IP59335a721
ACC09de797ad2,IP90662B1c3c
ACC5c195247fe,IP59335a721
ACCe9d72a823c,IP37a09084fb
ACC4ba5e2f818,IP90662B1c3c
ACC1e9b3b0805,IPu37a09084fb
ACC55e325674b,IPc2fb4ff291
ACC119e449a75,IPc2fb4ff291
ACCd9a3c4ad5b,IP90662B1c3c
ACC64dcef0126,IP37a09084fb
ACC409008e447,IPc2fb4ff291
ACC00a536e5c8,IP90662B1c3c
ACC10f554b680,IP59335a721
ACCeb6b5cd9f9,IP59335a721
ACC8487ec63e5,IP90662B1c3c
ACC0a39103a41,IP59335a721
ACCb3da19a697,IP3a709084fb
ACCcb89c142bb,IPc2fb4ff291
ACC070a0b25b1,IP59335a721
ACCd9cc995a40,IPc2fb4ff291
ACC5e5d7474d1,IP90662B1c3c
ACC682169f058,IP90662B1c3c
ACCa0bc32ade8,IPc2fb4ff291
ACC09c46c8779,IP37a09084fb
ACCbf039551d2,IP59335a721
ACC60bf8cae9a,IP37a09084fb
ACC33cadd9cab,IP59335a721
ACC36924e7832,IP90662B1c3c
ACC87dcf8a483,PI59335a7271
ACCbca609911c,IP90662B1c3c
ACCed8072caf4,IP90662B1c3c
ACCffddc6697f,IP90662B1c3c
ACCce19e0d581,IPc2fb4ff291
ACC235f0c2d7d,IP37a09084fb
ACCe86a45e954,IPc2fb4ff291
ACCf36dd7a782,IP2fb4ff291
ACC95709c8adc,IPc2fb4ff291
ACC8b2b1f5be6,IP90662B1c3c
ACC0a9c0822a5,IP20ff3e850d1
ACC74a80dd3f1,IPcb013aa7c
ACC33855c2be5,IP0ff3e850d1
ACC0902c87b72,IP0ff3e850d1
ACCad482c2f0d,IPcb013aa7c
ACC63beda4362,iPc80d75e5ce
ACC42808d5621,IPcb013aa7c
ACC63f2bc932a,IPc80d75e5ce
ACCd9f2d5918e,IP0ff3e850d1
ACC5cba330d31,IPcdfdc44b2
ACCb1eb9e5ece,IPc1f01c99b
ACC8a26f139be,IPc1Fd01c99b
ACCcfa7e5ce0c,IPcdfdc44b2
ACCf1cbd0e99c,IPc1f01c99b
ACC7c5d3f29f3,iPcdfdc44b28
ACCb6e4624fc3,IPc1f01c99b
ACCad27740ae5,IPc1f01c99b
ACC90727ebc66,IPcdfdc44b2
ACCd39a4b4b85,IPcgdfdc44b28
ACCa84a788b62,IPcDfdc44b28
ACC285211f700,IPc1f01c99b
ACCf3508d6f49,IPcdfdc44b2
ACC099656e778,IPcfd01c99b
ACC496874d604,IPc1f01c99b
ACCba4f7b829b,IPc1f01c99b
ACC3fc9e4d2be,IPcdfdc44b2
ACC75b681f814,IPcdfdc44b2
ACC60a8515f72,IPcdfdc44b2
ACCca1c48136a,IPcd2fdc44b28
ACC865ec707d5,IPc1f01c99b
ACC9fd01172b0,IPc1f01c99b
ACC0b301436d6,IPcdfdc44b2
ACCc6c089f927,IPc1f01c99b
ACC63208bfd74,IPcdfdc44b2
ACC7a6f76485b,IPCdfdc44b28
ACC1f9c5c4dd2,IPc1f01c99b
ACC03102eddf0,iPcdfdc44b28
ACC0da69ef299,IPc1f01c99b
ACC80ec365c4f,IP6ab62c0f22
ACCce485c5d4c,IP6ab62c0f22
ACCee9c388b55,IP935e58a4fc
ACC31fc5d8157,IP6ab62c0f22
ACC363eb06a2f,IP935e58a4fc
ACC750e92cff2,IP6ab62c0f22
ACC3ff49e0314,IP935e58a4fc
ACC1ba1171fb1,IP6ab62c0f22
ACCc1a2806995,IP6ab62c0f22
ACC68cb77be89,IP6ab62c0f22
ACC38bc1b3249,IP6ab62c0f22
ACCf77f654794,IP6eeFcbbf13
ACC2dcdd50ba8,IP220ae73daf
ACC9c808f97ec,IP6eeFcbbf13
ACCf14832cfd6,IP220ae73daf
ACCe97ba8afd5,IP6eeFcbbf13
ACC67a1190d77,IP93238528d3
ACCe5787e5d0f,IP93238528d3
ACCc4587291ab,IP93238528d3
ACCf186c99404,IP6eeFcbbf13
ACC95886acc83,IP5d88da4df3
ACC88e384a592,IP3f77E3146c
ACC47e24e9d04,IP5d88da4df3
ACCc72f7d2869,IP5d88da4df3
ACCd0dd326362,IP467d1201f0
ACCb1593f4622,PI467d120f10
ACCbd6a94ba8a,IP5d88da4df3
ACCfba38e3cc8,IP467d1201f0
ACC0546f2d838,IP467d1201f0
ACC66c0491bf0,PI5d88da4df3
ACC7a8b1793b0,IP5d88da4df3
ACC9323c6109d,IP3f77E3146c
ACC8c931e026f,IP5d88da4df3
ACCb5fc40771d,I5d88da4df3
ACCe0972e7aa6,IP5d88da4df3
ACC85c603345a,IP5d88da4df3
ACC9b61f33f70,IP3f77E3146c
ACCc424f6abb8,IP467d1201f0
ACCde84b6747a,IP5d88da4df3
ACCcb3bb3b02a,IP5d88da4df3
ACC1123b5c57e,IP5d88da4df3
ACC7e1be5ee78,IP467d1201f0
ACC62869b6ef5,IP3f77E3146c
ACCba4f4986db,IP467d1201f0
ACCf60cc74948,IPf377e3146c
ACC91c5acf5e6,IP5d88da4df3
ACCfd6a22cb7a,IP3f77E3146c
ACCff74f2dc61,IP467d1201f0
ACCa37acdbf22,IP467d1201f0
ACC38cd79a515,IP3f77E3146c
ACC79fbeff594,IPafd458d0124
ACC3e0c7b90de,IPc378f444cc
ACC2d514e5039,IPc378f444cc
ACCfe9d0c88ee,IPafd458d0124
ACC8231f93540,IP1fb83122b9
ACC42f8b92309,IP1fb83122b9
ACC8e3c112304,IPafd458d0124
ACCa56349dcb1,IPc378f444cc
ACC5cdf5f6330,IP54b6167c9f
ACC0959f758eb,IPafd458d0124
ACC629d428827,IPc378f444cc
ACCaf7cea4552,IP54b6167c9f
ACCaba973471e,IPc378f444cc
ACCd7f4b106d7,IP1fb83122b9
ACC4893f34b44,iP547135c3c6
ACCce53bc2a89,IPda70fdbbfe
ACC5a775daa10,IPda70fdbbfe
ACCcd34cd06cf,IP547135c3c6
ACCe2afedf792,IP547135c3c6
ACCfc2b858de6,IP547135c3c6
ACCd6acb0cbfb,IPda70fdbbfe
ACCae997fe0f8,IP553e149dd2
ACC365418a478,IPf0313f31f7
ACC70a788b529,IP553e149dd2
ACCed2f5dd114,IPf42bd03f21
ACC3ecc31e376,IP553e149dd2
ACC6aa5921eca,IP553e149dd2
ACCb08d9bcbb4,IPf0313f31f7
ACC362cdd3398,IPf42bd03f21
ACC528d31860e,IP553e149dd2
ACC9414f23021,IPf42bd03f21
ACC72ce763a4a,IP553e149dd2
ACCabdbcfaadd,IP553e149dd2
ACC1dca6d0d17,IP535e149dd2
ACCf58f191079,IP0bb39c4d75
ACCf33fbadb51,IdPfc52e0e51
ACCc2d941050a,IPdfc52e0e51
ACC73d7813313,IP0bb39c4d75
ACC20510099a2,IPbb39c4d75
ACC9b7968525f,IPdfc52e0e51
ACCce508461da,IP0bb39c4d75
ACCde3337d549,IPdfc52e0e51
ACCf241dcc8e5,IPdfc52e0e51
ACCce9dede2e7,IP0bb39c4d75
ACCf7dbffa825,IP0bb39c4d75
ACCdc6d5e515f,IPdfc52e0e51
ACC5813b07119,IPdfc52e0e51
ACCcd775e21ce,IP0bb39c4d75
ACC4684804b79,I0Pbb39c4d75
ACC64070d32ef,IP0bb39c4d75
ACC4b2b34269d,IP0bb39c4d75
ACCdfdcab4e0c,IP12659b6320
ACC64ce2f3904,IP12659b6320
ACC964fcb3a7f,IP12659b6320
ACC2f49baa9a4,IP5380a40064
ACCa245d19b15,IP12659b6320
ACCb97e044fc4,IPb07dcb73f
ACCf638b5425b,IP5380a40064
ACC2b4c147201,IP6Adc188021
ACCf92d7143ae,IPkb07dcb973f
ACC85bc93ace7,IP12659b6320
ACC6263c9822c,IP6adc188021
ACC98d746e58e,IP5380a40064
ACCd898f3a9e2,IP5380a40064
ACC5bca9aff98,IP5380a40064
ACC879b869f2e,IPb07dcb73f
ACC19ed0edb7f,IP12659b6320
ACC9c40e59b49,IPb07dcb73f
ACC20ca7316ae,IPb07dcb73f
ACC6137d95a7b,IP6adc188021
ACCc04123d2a4,IP6adc188021
ACC24fb1fa5e8,IP12659b6320
ACC915aab48c4,IP12659b6320
ACC4de8d5f480,IP12659b6320
ACCc4c88d37c3,IP5380a40064
ACCb7114c5784,IP5380a40064
ACCc8c7584b35,IP5380a40064
ACC642bc8fd15,IP12659b6320
ACC62c657b96b,IP5bad88c130
ACC484bbfdaa6,IP6fEc834861
ACC6cfffe8332,IPf46b67a004
ACC8b4b16e4b2,IPf46b67a004
ACC8dbb85c2c2,IP6fEc834861
ACC4ae48ba96c,IP5bad88c130
ACC76f3631e1e,IP5bad88c130
ACC3b0efd1739,IP5bad88c130
ACCf2d91e56df,IPf46b67a004
ACC23331cf63c,IP6fEc834861
ACCe9a19270c1,IP5bad88c130
ACC62666758ea,IPb5da88c130
ACCe7429205a7,IP5bad88c130
ACC3c4724b700,IdP6fec834861
ACCacc864ea21,IP6fEc834861
ACC3b3a9c4cdf,IP5bad88c130
ACC739d2542b8,IP5bad88c130
ACC003b5ebe32,IP6fEc834861
ACC7667ef862d,IPf46b67a004
ACC14bdeb8771,IP46b67a004
ACC91e621bc94,IP6fEc834861
ACCcd7c07a1dd,IPf46b67a004
ACC9887f72d63,IPf46b67a004
ACC4f530d4426,IP5bad88c130
ACC1ae37628f8,IP5bad88c130
ACC7a40d5be69,IP6fEc834861
ACCeb0c4de225,IP7b5e131f69
ACCbfa606407a,IP1268b07dbe
ACCbccd2d5860,IP7b5e131f69
ACCb2880ff447,mIPca55697e7f
ACCacf2cdc42d,IPb7cf8dbe2d
ACCf806c19bb9,IPca55697e7f
ACC515d7bdbaf,IPca55697e7f
ACC185d0a294e,IP7B5e131f69
ACC3c1c8195cb,IPac55697e7f
ACCcf1420a6ca,IPca55697e7f
ACC48de146de3,IP12k68b07dbe
ACC9413382699,IPca55697e7f
ACC3b82206e34,IPca55697e7f
ACCe5c8099325,IPca55697e7f
ACC534879c55f,Pca55697e7f
ACCdba56cbfbd,IP8df76e160
ACCa1954215ae,IPfdA983b37b
ACC103ac5252f,Pfda983b37b
ACC50882e4c06,IPfdA983b37b
ACC8d90f143fd,IP8df76e160
ACCb5849b2031,IP8d7f6e1680
ACCde4542a4e8,Ipfda983b37b
ACC8b89c7aa79,IP8df76e160
ACC1a65f7bf20,IPfdA983b37b
ACCc208f5ad7b,IP8df76e160
ACC0664c3faaa,IP8df76e160
ACC03331a966d,IPfdA983b37b
ACCfc795c5e60,IP8df76e160
ACC2a65f66893,IP8df76e160
ACC62ee5c4ebd,IP8df76e160
ACCaca64b13b6,IP8df76e160
ACCbf434d5e63,IPfdA983b37b
ACCf8a47dc4f5,IPfdA983b37b
ACCd212e45c3c,IPfdA983b37b
ACC9e8d66f625,IPfdA983b37b
ACC23ba2ce776,IP8df76e160
ACCd2f20e9211,IP8df76e160
ACCfffce21c3c,IP8df76e160
ACCe49229ea29,IPfdA983b37b
ACC02c4f00d21,IiP8df76e1680
ACCaa0c172243,IPfa983b37b
ACCcf0771b764,IP8df76e160
ACCff0cc982bb,Ip7462e27dd2
ACCd2f3e1bb6b,IP7462ae27dd2
ACCe0ed2968b6,IP762e27dd2
ACCc5472f479a,IP3c14d634f
ACC2dc61f2fc0,I3Pc14d634ff
ACC8c05b63b84,IPc14d634ff
ACC68774b9747,IP9r97a5068d3
ACCe0876d4833,IPb07f18A04f
ACC9a3a5f92e9,IPb07f18A04f
ACCd71bf42913,IP7462ae27dd2
ACC4bbecc5434,IP997a5068D3
ACC7f2315fcdf,IP7462ae27dd2
ACC5862461737,IP7462ae27dd2
ACC2954b5b130,IP997a5068D3
ACCb377737e8e,IP997a5068D3
ACCcfe8d619df,IP997a5068D3
ACC18297f9d32,PI997a5068d3
ACC05235f8f75,IP3c14d634f
ACC1980bd4417,IP3c14d634f
ACC451c6e5fb3,IP3c14d634f
ACCc84ef5b750,IP997a5068D3
ACC75a6c42e52,IP3c14d634f
ACC365418a478,IP60af9e2be5
