account_id,creation_date,name,email_domain
ACC000001,2026-06-17,Allison Hill,gmail.com
ACC000002,2025-05-09,Noah Rhodes,yahoo.com
ACC000003,2026-07-25,Angie Henderson,gmail.com
ACC000004,2024-10-01,Daniel Wagner,gmail.com
ACC000005,2026-01-31,Cristian Santos,gmail.com
ACC000006,2025-04-14,Connie Lawrence,icloud.com
ACC000007,2025-02-11,Abigail Shaffer,icloud.com
ACC000008,2025-02-07,Gina Moore,yahoo.com
ACC000009,2024-12-04,Gabrielle Davis,icloud.com
ACC000010,2025-08-19,Ryan Munoz,outlook.com
ACC000011,2026-03-04,Monica Herrera,gmail.com
ACC000012,2026-03-20,Jamie Arnold,outlook.com
ACC000013,2026-08-23,Lisa Hensley,gmail.com
ACC000014,2025-06-24,Michele Williams,gmail.com
ACC000015,2025-09-25,Dylan Miller,outlook.com
ACC000016,2025-02-14,Brian Ramirez,outlook.com
ACC000017,2026-07-19,Holly Wood,outlook.com
ACC000018,2026-03-01,Derek Zuniga,yahoo.com
ACC000019,2025-09-24,Lisa Jackson,outlook.com
ACC000020,2024-10-28,Carla Gray,yahoo.com
ACC000021,2025-10-16,Margaret Hawkins DDS,outlook.com
ACC000022,2026-04-04,Patty Perez,outlook.com
ACC000023,2025-10-11,Ethan Adams,icloud.com
ACC000024,2025-01-21,Tommy Walter,yahoo.com
ACC000025,2026-04-21,Matthew Foster,icloud.com
ACC000026,2025-01-20,Judy Baker,icloud.com
ACC000027,2024-12-22,Justin Baker,yahoo.com
ACC000028,2026-05-04,Stephanie Ross,gmail.com
ACC000029,2026-05-04,Zachary Hicks,icloud.com
ACC000030,2026-07-29,Anthony Rodriguez,gmail.com
ACC000031,2024-12-24,Rebecca Henderson,outlook.com
ACC000032,2025-12-09,James Ferrell,gmail.com
ACC000033,2026-02-02,Tricia Valencia,gmail.com
ACC000034,2025-02-04,Nathan Maldonado,outlook.com
ACC000035,2026-05-07,Debra Davidson,outlook.com
ACC000036,2024-12-24,Jeffrey Chavez,outlook.com
ACC000037,2024-10-30,Sherri Baker,yahoo.com
ACC000038,2026-01-11,Cassandra Gaines,gmail.com
ACC000039,2026-07-08,Elizabeth Fowler,icloud.com
ACC000040,2026-02-23,Brittany Farmer,icloud.com
ACC000041,2025-07-17,Paula Moreno,icloud.com
ACC000042,2026-02-12,Fred Smith,icloud.com
ACC000043,2025-04-19,Sherry Decker,gmail.com
ACC000044,2026-04-26,Anthony Humphrey,yahoo.com
ACC000045,2024-11-12,Angelica Tucker,gmail.com
ACC000046,2024-10-03,Philip Cannon,outlook.com
ACC000047,2025-06-13,John Pierce,icloud.com
ACC000048,2026-04-08,Shane Henderson,icloud.com
ACC000049,2025-10-22,Joshua Blair,yahoo.com
ACC000050,2026-07-07,Eric Carney,icloud.com
ACC000051,2025-10-26,Jessica Holmes,icloud.com
ACC000052,2024-11-02,Danny Morgan,icloud.com
ACC000053,2025-05-13,Crystal Robinson,yahoo.com
ACC000054,2025-01-22,Mark Perez,icloud.com
ACC000055,2025-12-18,Shannon Jones,yahoo.com
ACC000056,2026-03-18,Michael Lewis,gmail.com
ACC000057,2024-12-05,Timothy Duncan,yahoo.com
ACC000058,2026-01-11,Richard Aguirre,icloud.com
ACC000059,2024-10-31,Brent Jordan,yahoo.com
ACC000060,2025-10-05,John Daniel,outlook.com
ACC000061,2025-11-08,Victoria Garcia,icloud.com
ACC000062,2025-07-01,Gerald Hensley,yahoo.com
ACC000063,2025-07-19,Connor West,gmail.com
ACC000064,2026-01-28,Donald Wright,yahoo.com
ACC000065,2025-03-10,Jessica Callahan,gmail.com
ACC000066,2025-10-19,Amber Kidd,gmail.com
ACC000067,2026-05-28,Tracy House,gmail.com
ACC000068,2025-05-26,Carol Tucker,yahoo.com
ACC000069,2025-05-30,James Brown,icloud.com
ACC000070,2025-12-13,William Baker,outlook.com
ACC000071,2025-12-14,Jordan Henderson,gmail.com
ACC000072,2026-02-01,Whitney Peters,outlook.com
ACC000073,2024-11-10,Brittney Phillips,yahoo.com
ACC000074,2025-02-09,Lauren Daniels,icloud.com
ACC000075,2026-07-16,Amy Silva,outlook.com
ACC000076,2025-05-29,Sarah Moore,gmail.com
ACC000077,2025-06-06,Angela Lopez,outlook.com
ACC000078,2025-03-28,Megan Young,outlook.com
ACC000079,2024-10-23,Steve Sanchez,gmail.com
ACC000080,2024-10-16,Lisa Barnes,gmail.com
ACC000081,2026-06-15,Kelly Donovan,outlook.com
ACC000082,2026-03-19,Mike Allen,icloud.com
ACC000083,2024-11-17,Michael Evans,yahoo.com
ACC000084,2026-04-20,Paul Jones,yahoo.com
ACC000085,2024-10-13,Zachary Ferrell,outlook.com
ACC000086,2025-09-02,Daniel Baker,yahoo.com
ACC000087,2025-08-29,Shirley Suarez,icloud.com
ACC000088,2025-02-14,Christopher Bass,yahoo.com
ACC000089,2025-03-03,Lisa Archer,outlook.com
ACC000090,2025-06-01,Aimee Montoya,yahoo.com
ACC000091,2024-10-10,Matthew Mcmillan,icloud.com
ACC000092,2025-12-16,Brian Rodriguez,outlook.com
ACC000093,2025-04-17,Denise Jacobs,gmail.com
ACC000094,2025-08-03,Christina Walters,outlook.com
ACC000095,2025-08-26,John Whitehead,icloud.com
ACC000096,2024-12-28,Anna Henderson,outlook.com
ACC000097,2024-10-10,Aaron Wise,gmail.com
ACC000098,2025-07-19,Deborah Figueroa,icloud.com
ACC000099,2026-04-14,Jessica Smith,yahoo.com
ACC000100,2026-08-27,Stephen Mckee,icloud.com
ACC000101,2025-09-08,Sandra Aguilar,icloud.com
ACC000102,2026-06-01,Cameron Parker,outlook.com
ACC000103,2026-02-02,Rebecca Valencia,outlook.com
ACC000104,2025-10-18,Christine Wright,outlook.com
ACC000105,2025-11-05,Richard Henson,icloud.com
ACC000106,2025-10-21,Marc Moore,gmail.com
ACC000107,2025-04-04,Sharon Cherry,icloud.com
ACC000108,2025-11-27,Sierra Johnson,icloud.com
ACC000109,2025-02-21,Evelyn Galvan,gmail.com
ACC000110,2024-12-05,Sharon Cochran,yahoo.com
ACC000111,2025-03-23,Richard Rodriguez,yahoo.com
ACC000112,2025-05-09,Shannon Walker,icloud.com
ACC000113,2025-10-30,Julia Torres,yahoo.com
ACC000114,2025-10-15,Crystal Johnson,yahoo.com
ACC000115,2024-12-19,Garrett Lin,icloud.com
ACC000116,2026-08-14,Diana May,icloud.com
ACC000117,2025-01-03,William Herrera,icloud.com
ACC000118,2026-07-16,Ashley Waller,outlook.com
ACC000119,2026-03-16,Victor Baker,icloud.com
ACC000120,2025-12-05,Jeffrey Chandler,outlook.com
ACC000121,2026-02-16,Larry Dixon,icloud.com
ACC000122,2025-11-25,Kenneth Scott,gmail.com
ACC000123,2025-06-06,April Frost,outlook.com
ACC000124,2025-01-20,Michelle Harmon,yahoo.com
ACC000125,2026-08-12,Helen Jones,yahoo.com
ACC000126,2025-10-30,Erin Edwards,icloud.com
ACC000127,2025-10-31,Michelle Evans,gmail.com
ACC000128,2025-10-04,Jason Powell,gmail.com
ACC000129,2024-09-07,Cameron Fisher,outlook.com
ACC000130,2025-11-04,Megan Orr,yahoo.com
ACC000131,2025-06-07,Elizabeth Kelley,icloud.com
ACC000132,2025-10-04,Dustin Jordan,outlook.com
ACC000133,2025-12-23,Mary Marshall,yahoo.com
ACC000134,2026-04-30,Daniel Kennedy,gmail.com
ACC000135,2025-01-17,Rebecca Jackson,icloud.com
ACC000136,2025-05-25,Jose Schultz,icloud.com
ACC000137,2025-12-10,Robert Potter,outlook.com
ACC000138,2025-06-12,Courtney Gonzalez,icloud.com
ACC000139,2025-12-26,David Alvarez,gmail.com
ACC000140,2025-04-18,Angel Perry,gmail.com
ACC000141,2025-05-12,Cheyenne Horton,yahoo.com
ACC000142,2025-05-03,David Douglas Jr.,yahoo.com
ACC000143,2026-04-01,Patricia Rodriguez,yahoo.com
ACC000144,2025-09-13,Christopher Rubio,yahoo.com
ACC000145,2025-07-16,Amber Wright,gmail.com
ACC000146,2026-04-13,Joyce Solis,icloud.com
ACC000147,2024-11-17,Victoria Larson,yahoo.com
ACC000148,2026-08-02,Stephanie Salazar,gmail.com
ACC000149,2026-02-28,Kathy Rivas,icloud.com
ACC000150,2026-02-01,Stephanie Manning,outlook.com
ACC000151,2026-01-15,David Wright,gmail.com
ACC000152,2026-06-13,Pamela Boyd,icloud.com
ACC000153,2025-02-28,Denise Jones,outlook.com
ACC000154,2025-11-21,Devon Flores,outlook.com
ACC000155,2024-11-28,Brenda Hall,outlook.com
ACC000156,2025-12-20,Michelle Brown,icloud.com
ACC000157,2026-01-20,Joshua Perry,outlook.com
ACC000158,2025-04-06,Jason Stein,outlook.com
ACC000159,2025-06-14,Melissa Gates,outlook.com
ACC000160,2024-11-27,Jamie Smith,yahoo.com
ACC000161,2026-03-23,Paul Castaneda,yahoo.com
ACC000162,2025-12-03,Jennifer Adkins,gmail.com
ACC000163,2025-04-15,Lindsey Walker,icloud.com
ACC000164,2026-07-12,Jeffrey Johnson,outlook.com
ACC000165,2025-11-10,Michael Powell,outlook.com
ACC000166,2025-06-05,John Anderson,outlook.com
ACC000167,2025-01-02,Alyssa Long,yahoo.com
ACC000168,2026-03-03,Alyssa Day,yahoo.com
ACC000169,2026-01-09,Joel Williams,outlook.com
ACC000170,2025-03-18,Daniel Murphy,outlook.com
ACC000171,2025-03-03,Jamie Walton,outlook.com
ACC000172,2025-06-08,Darlene Miller,gmail.com
ACC000173,2026-08-16,Joshua Cooke,yahoo.com
ACC000174,2024-09-13,Matthew Harrington,outlook.com
ACC000175,2025-11-26,Nicole Herring,outlook.com
ACC000176,2025-05-17,Alex Hernandez,icloud.com
ACC000177,2025-10-16,Michael Elliott,icloud.com
ACC000178,2025-02-03,Michael Wang,yahoo.com
ACC000179,2025-05-13,Lawrence Adkins,gmail.com
ACC000180,2026-02-18,Robert Oconnell,icloud.com
ACC000181,2025-07-02,Alexander Collins,icloud.com
ACC000182,2026-05-18,Tina Sanders,gmail.com
ACC000183,2025-05-29,Angela Vaughn,gmail.com
ACC000184,2025-02-25,Ashley Barton,gmail.com
ACC000185,2025-10-24,Lindsay Martinez,icloud.com
ACC000186,2024-10-04,Dr. Hannah Patterson,yahoo.com
ACC000187,2026-08-21,Jonathan Peterson,icloud.com
ACC000188,2025-05-29,Samantha Garcia,yahoo.com
ACC000189,2026-03-12,Madison Poole,yahoo.com
ACC000190,2025-01-24,Jessica Gross,gmail.com
ACC000191,2025-07-12,Debra Morton,outlook.com
ACC000192,2025-12-24,Karen Graham,outlook.com
ACC000193,2026-01-26,Debra Christian,icloud.com
ACC000194,2026-05-06,Angelica Keith,gmail.com
ACC000195,2026-05-12,John Bishop,outlook.com
ACC000196,2025-04-23,Allen Rosales,gmail.com
ACC000197,2025-02-27,Daniel Salinas,icloud.com
ACC000198,2025-03-05,Spencer Haynes,icloud.com
ACC000199,2025-12-26,Adam Vaughan,outlook.com
ACC000200,2025-07-26,Nathan Freeman,gmail.com
ACC000201,2025-10-27,Melissa Brewer,icloud.com
ACC000202,2026-03-18,Ricky Davis II,gmail.com
ACC000203,2025-07-20,Elizabeth Perkins,outlook.com
ACC000204,2025-10-19,Joseph Coleman,gmail.com
ACC000205,2024-10-26,Erin Warner,yahoo.com
ACC000206,2026-06-03,David Martinez,icloud.com
ACC000207,2025-06-01,Bryan Herrera,yahoo.com
ACC000208,2026-08-17,Cathy Robinson,icloud.com
ACC000209,2026-06-08,Dr. William Warren,yahoo.com
ACC000210,2026-03-19,Brian Lee,gmail.com
ACC000211,2025-04-19,Christopher Smith,gmail.com
ACC000212,2026-06-26,Denise Mccann,yahoo.com
ACC000213,2026-02-04,Melissa Martinez,outlook.com
ACC000214,2025-12-28,Katherine Salas,yahoo.com
ACC000215,2025-09-28,Julie Alexander,yahoo.com
ACC000216,2025-06-10,Anthony Everett,icloud.com
ACC000217,2024-09-03,Rodney Morales,outlook.com
ACC000218,2025-01-31,Mark Brown,icloud.com
ACC000219,2025-08-07,Justin Torres,icloud.com
ACC000220,2025-03-13,Bailey Duran DDS,yahoo.com
ACC000221,2025-10-26,Courtney Mills,gmail.com
ACC000222,2026-08-24,Jeremy Dalton,icloud.com
ACC000223,2026-01-21,Elizabeth Oliver DDS,gmail.com
ACC000224,2024-12-12,Theresa Clark,icloud.com
ACC000225,2024-09-16,Matthew Moore,yahoo.com
ACC000226,2024-11-16,Benjamin Smith,icloud.com
ACC000227,2026-06-01,Kirk Carter,icloud.com
ACC000228,2026-07-23,Michael Warner,icloud.com
ACC000229,2026-03-09,Michael Bradshaw,gmail.com
ACC000230,2026-06-09,Lori Guerrero,outlook.com
ACC000231,2025-11-19,Jessica Stephens,gmail.com
ACC000232,2025-02-18,Susan Serrano,outlook.com
ACC000233,2025-07-30,Christopher Parker,gmail.com
ACC000234,2025-09-19,Laura Roberts,icloud.com
ACC000235,2026-02-26,Michael Lyons,icloud.com
ACC000236,2025-02-27,Kathryn Snyder,gmail.com
ACC000237,2026-01-23,Andrew Reynolds,yahoo.com
ACC000238,2026-06-16,David Davis,outlook.com
ACC000239,2026-07-15,Sara Johnston,gmail.com
ACC000240,2026-07-26,Yvonne Chambers,yahoo.com
ACC000241,2025-08-20,Andrew Avila,outlook.com
ACC000242,2025-12-12,Matthew Moon,outlook.com
ACC000243,2026-01-08,Kevin Walters,gmail.com
ACC000244,2026-04-09,Brandon Bailey MD,outlook.com
ACC000245,2024-09-23,Shannon Rivera,icloud.com
ACC000246,2026-04-03,Donna Landry,gmail.com
ACC000247,2025-04-24,Krista Gibson,outlook.com
ACC000248,2026-05-29,Frank Cordova,outlook.com
ACC000249,2026-06-05,Jose Travis,gmail.com
ACC000250,2024-10-05,Kimberly Gutierrez,outlook.com
ACC000251,2025-06-30,Isaiah Avila,outlook.com
ACC000252,2025-03-25,Olivia Harris,yahoo.com
ACC000253,2025-02-16,Tanya Kim,outlook.com
ACC000254,2025-08-13,Barbara Dudley,gmail.com
ACC000255,2025-01-23,Cynthia Moore,yahoo.com
ACC000256,2024-12-02,Kristen Davis,icloud.com
ACC000257,2026-03-04,Susan Murray MD,gmail.com
ACC000258,2026-07-21,Kathleen Moran,outlook.com
ACC000259,2024-12-20,Denise Davenport,yahoo.com
ACC000260,2026-05-28,Mrs. Kristen Reyes,outlook.com
ACC000261,2026-06-13,Katie Suarez,icloud.com
ACC000262,2024-12-29,Desiree Tyler,yahoo.com
ACC000263,2025-07-09,Timothy Romero,icloud.com
ACC000264,2025-04-29,Diane Evans,yahoo.com
ACC000265,2025-09-15,Yvonne Burns,icloud.com
ACC000266,2026-07-03,Joshua Reed,gmail.com
ACC000267,2025-06-14,Kimberly Gibson,gmail.com
ACC000268,2025-11-29,Colin Terry,icloud.com
ACC000269,2024-12-11,Cynthia Rowe,outlook.com
ACC000270,2025-10-13,Patrick Thornton,outlook.com
ACC000271,2025-12-10,Jasmin Alvarado,gmail.com
ACC000272,2024-10-22,Veronica Simpson,outlook.com
ACC000273,2026-04-02,Jonathan Lawrence,yahoo.com
ACC000274,2026-04-24,Shelly Alexander,yahoo.com
ACC000275,2025-01-30,Joyce Bowen,gmail.com
ACC000276,2025-01-12,Matthew Moore,outlook.com
ACC000277,2026-07-09,Wayne Morgan,gmail.com
ACC000278,2025-09-02,Marie Christian,yahoo.com
ACC000279,2025-02-26,Shannon James,outlook.com
ACC000280,2025-11-06,Nathan Malone,gmail.com
ACC000281,2025-12-04,Amanda Jones,outlook.com
ACC000282,2026-01-29,Tammie Bright,yahoo.com
ACC000283,2025-12-14,Jessica Garcia,gmail.com
ACC000284,2025-10-17,Shelia Wallace,icloud.com
ACC000285,2025-11-29,Stephanie Williams,gmail.com
ACC000286,2026-05-16,Elaine Brooks,yahoo.com
ACC000287,2025-06-09,Joseph Knight,outlook.com
ACC000288,2025-12-09,Carolyn Miller,icloud.com
ACC000289,2026-07-03,Lisa Allen,yahoo.com
ACC000290,2025-04-22,Briana Murray,icloud.com
ACC000291,2025-10-14,David Smith,icloud.com
ACC000292,2025-11-12,Stephanie Byrd,outlook.com
ACC000293,2025-02-04,Jeremy Reed,icloud.com
ACC000294,2024-11-27,Margaret Coleman,gmail.com
ACC000295,2025-09-17,Ryan Gonzalez,yahoo.com
ACC000296,2026-07-19,John Young,gmail.com
ACC000297,2026-07-14,Laura Haney,icloud.com
ACC000298,2026-05-08,William Barrett,outlook.com
ACC000299,2026-04-15,Keith Jennings,yahoo.com
ACC000300,2025-04-18,Amber Obrien,gmail.com
ACC000301,2024-12-27,Tanner Mitchell DDS,outlook.com
ACC000302,2026-03-29,Heather Fields,gmail.com
ACC000303,2025-03-04,Megan Le,outlook.com
ACC000304,2025-08-26,Sara Fuller,gmail.com
ACC000305,2026-04-03,Maria Parker,icloud.com
ACC000306,2026-06-11,Kevin Oconnor,gmail.com
ACC000307,2025-09-21,Edward Burgess,icloud.com
ACC000308,2025-02-09,Carlos Ryan,outlook.com
ACC000309,2026-04-05,Kiara Mcintyre,gmail.com
ACC000310,2025-02-09,Dawn Summers,gmail.com
ACC000311,2025-11-28,Dr. Paul Morgan,icloud.com
ACC000312,2025-10-30,Victor Taylor,outlook.com
ACC000313,2025-08-20,Shannon Ramsey,icloud.com
ACC000314,2026-07-27,Tracy Ballard,icloud.com
ACC000315,2025-04-14,Richard Smith,icloud.com
ACC000316,2025-03-29,Jordan Chambers,outlook.com
ACC000317,2025-05-20,Lauren Carson,outlook.com
ACC000318,2024-09-08,Ashley Hall,icloud.com
ACC000319,2025-01-11,Stephen Hoffman,icloud.com
ACC000320,2024-11-13,Connie Brown,icloud.com
ACC000321,2024-09-20,Susan Turner,icloud.com
ACC000322,2026-04-13,Charles Shah,icloud.com
ACC000323,2025-06-24,Johnathan Davis,gmail.com
ACC000324,2025-07-30,Brandy Chavez,yahoo.com
ACC000325,2024-11-30,Natalie Bautista,icloud.com
ACC000326,2025-11-21,Patrick Moore,icloud.com
ACC000327,2025-07-15,Brett Burns,outlook.com
ACC000328,2025-02-20,Trevor Johnson,gmail.com
ACC000329,2025-08-24,Jeremy Sampson,outlook.com
ACC000330,2024-12-15,Ariana Jennings,yahoo.com
ACC000331,2025-02-25,Vanessa Howard,yahoo.com
ACC000332,2026-06-06,Colton Martinez,icloud.com
ACC000333,2026-07-30,Jordan Bates,outlook.com
ACC000334,2025-11-25,Linda Smith,gmail.com
ACC000335,2026-06-09,Dana Martinez,outlook.com
ACC000336,2025-08-27,Andrea Hubbard,gmail.com
ACC000337,2025-12-07,Daniel Kane,gmail.com
ACC000338,2025-06-21,Charles Lester,gmail.com
ACC000339,2025-12-18,Scott Thomas,gmail.com
ACC000340,2025-07-27,David Thompson,icloud.com
ACC000341,2025-12-06,Allison Smith,gmail.com
ACC000342,2026-01-30,Cynthia Morris,yahoo.com
ACC000343,2026-08-26,Anthony Harmon,icloud.com
ACC000344,2025-09-08,Nichole Alvarez,outlook.com
ACC000345,2025-10-24,Kayla Rodriguez,outlook.com
ACC000346,2024-11-07,Theresa Williams,outlook.com
ACC000347,2025-06-18,Sharon Boyd,outlook.com
ACC000348,2024-11-23,Victor Brown,yahoo.com
ACC000349,2026-07-04,James Parks,icloud.com
ACC000350,2025-07-15,Theodore Jones Jr.,icloud.com
ACC000351,2026-07-19,Ana Hill,gmail.com
ACC000352,2024-09-19,Kimberly Nguyen,outlook.com
ACC000353,2025-04-08,Kerry Chavez DDS,outlook.com
ACC000354,2025-04-20,Michael Farrell,yahoo.com
ACC000355,2025-06-30,Patricia Le,gmail.com
ACC000356,2026-05-26,Jesse Perez,yahoo.com
ACC000357,2025-02-14,Jesse Perry,yahoo.com
ACC000358,2024-10-15,Jeffery Ortega,icloud.com
ACC000359,2025-11-29,Christian Leblanc,outlook.com
ACC000360,2026-03-01,Ronald Davis,yahoo.com
ACC000361,2025-03-18,Parker Cain,outlook.com
ACC000362,2025-06-16,Laurie Hoffman,icloud.com
ACC000363,2025-03-24,Bryan Gomez,yahoo.com
ACC000364,2026-06-19,Nicole Parrish,icloud.com
ACC000365,2026-02-11,Tracy Burke,gmail.com
ACC000366,2025-02-12,Kenneth Lewis,outlook.com
ACC000367,2025-11-22,Courtney Rodriguez,gmail.com
ACC000368,2025-08-24,Holly Farmer,gmail.com
ACC000369,2025-10-11,Renee Bruce,outlook.com
ACC000370,2024-11-23,Sabrina Austin,outlook.com
ACC000371,2025-07-24,Allison Hickman,gmail.com
ACC000372,2025-01-19,Debra White,gmail.com
ACC000373,2026-08-14,Ellen Morgan,yahoo.com
ACC000374,2026-05-24,Sergio Knight,gmail.com
ACC000375,2025-05-21,Charles Schultz,yahoo.com
ACC000376,2024-12-23,Paul Lewis,outlook.com
ACC000377,2025-01-03,Glen Wood,gmail.com
ACC000378,2026-06-17,Paula Bradley,icloud.com
ACC000379,2026-01-25,Anthony Moore,gmail.com
ACC000380,2025-06-26,Megan Nelson,icloud.com
ACC000381,2025-05-05,Karla Ramos,icloud.com
ACC000382,2026-02-19,Paul Wilson,outlook.com
ACC000383,2025-10-05,Douglas Gregory,icloud.com
ACC000384,2025-09-18,Mr. Andrew Foster,outlook.com
ACC000385,2024-11-09,Aimee Turner,outlook.com
ACC000386,2026-04-19,Chad Scott,outlook.com
ACC000387,2025-08-27,Adam Burgess,outlook.com
ACC000388,2026-08-14,James Padilla,icloud.com
ACC000389,2024-11-04,Sandra Drake,icloud.com
ACC000390,2025-03-26,Scott Williams,gmail.com
ACC000391,2025-07-21,Thomas Atkins,outlook.com
ACC000392,2025-05-18,Laura Mckinney,gmail.com
ACC000393,2025-09-01,Brian Smith,gmail.com
ACC000394,2025-01-06,Robert Montgomery,outlook.com
ACC000395,2025-11-25,Tamara Davis,icloud.com
ACC000396,2026-01-22,Dana Chapman,icloud.com
ACC000397,2024-11-24,Jennifer Collins,icloud.com
ACC000398,2026-05-10,Gary Jackson,yahoo.com
ACC000399,2024-12-15,Ashley Hicks,gmail.com
ACC000400,2025-07-11,Hannah Luna,icloud.com
ACC000401,2026-08-08,Robin Young,icloud.com
ACC000402,2024-10-14,Craig Morrison,outlook.com
ACC000403,2026-06-17,Mary Thompson,gmail.com
ACC000404,2025-09-08,Kathleen Webster,yahoo.com
ACC000405,2026-05-16,Joann Glass,icloud.com
ACC000406,2024-11-08,Madison Weber,yahoo.com
ACC000407,2025-09-28,Lori Hernandez,gmail.com
ACC000408,2025-09-15,Jeremy Turner,outlook.com
ACC000409,2026-04-11,Anthony Romero,yahoo.com
ACC000410,2025-07-19,Jesse Brown,outlook.com
ACC000411,2024-09-27,Angela Lin,yahoo.com
ACC000412,2026-03-30,Lisa Hunter,gmail.com
ACC000413,2026-08-22,Julian Conner,icloud.com
ACC000414,2026-08-12,Joanna Pacheco,icloud.com
ACC000415,2025-01-17,Erica Alvarez,gmail.com
ACC000416,2025-11-30,Antonio Garcia,gmail.com
ACC000417,2026-08-28,Gwendolyn Klein,gmail.com
ACC000418,2025-02-09,Carrie Wright,yahoo.com
ACC000419,2025-01-03,Jeffrey Mills,yahoo.com
ACC000420,2026-01-19,Jake Campbell,gmail.com
ACC000421,2025-12-23,George Harper,yahoo.com
ACC000422,2025-07-14,Maria Jones,icloud.com
ACC000423,2025-10-25,Michael Mitchell,gmail.com
ACC000424,2026-06-20,Mary Escobar,gmail.com
ACC000425,2026-07-29,Felicia Aguilar,outlook.com
ACC000426,2025-01-11,Gregory Ponce,icloud.com
ACC000427,2026-02-13,Jenna Larson,yahoo.com
ACC000428,2025-02-13,Emily Bennett,outlook.com
ACC000429,2026-02-14,Robin Santiago,outlook.com
ACC000430,2025-03-21,Nancy Jennings,outlook.com
ACC000431,2026-05-23,Maria Henderson,gmail.com
ACC000432,2025-02-23,Jack White,outlook.com
ACC000433,2024-11-23,Travis Tucker,gmail.com
ACC000434,2026-04-09,Chad Jones,icloud.com
ACC000435,2026-06-05,Ashley Wise,outlook.com
ACC000436,2025-05-09,Sophia Johnson,icloud.com
ACC000437,2024-11-14,Ralph Anderson,gmail.com
ACC000438,2025-10-31,Christopher Guerra,icloud.com
ACC000439,2025-08-15,Rhonda Martin,yahoo.com
ACC000440,2025-08-20,Jason Rhodes,icloud.com
ACC000441,2026-02-10,Jeremy Mitchell,gmail.com
ACC000442,2025-12-22,Joann Ferguson,gmail.com
ACC000443,2025-05-12,Robert Harrison,yahoo.com
ACC000444,2025-06-25,Holly Valentine,icloud.com
ACC000445,2025-02-11,Mrs. Diane Reyes,outlook.com
ACC000446,2025-02-11,Tracy Montoya,icloud.com
ACC000447,2025-07-13,Brenda Wright,icloud.com
ACC000448,2025-10-08,Shelly Spencer,icloud.com
ACC000449,2026-04-21,Ryan Rosales,outlook.com
ACC000450,2025-06-16,Phillip Nelson,icloud.com
ACC000451,2026-03-04,Brittany Kim,gmail.com
ACC000452,2025-01-16,Courtney Hayes,outlook.com
ACC000453,2025-09-10,Alexander Brown,gmail.com
ACC000454,2026-04-07,Cynthia Vang,yahoo.com
ACC000455,2024-11-15,Alfred Galvan,icloud.com
ACC000456,2026-06-01,Marie Moody,gmail.com
ACC000457,2025-10-09,Dustin Gallegos,outlook.com
ACC000458,2025-01-26,Brenda Thornton,yahoo.com
ACC000459,2024-10-17,Aaron Miller,gmail.com
ACC000460,2025-12-30,Ruben Dunn,icloud.com
ACC000461,2025-08-02,Kelsey Rodriguez,outlook.com
ACC000462,2026-05-25,Eric Williams,outlook.com
ACC000463,2026-08-27,Riley Bryant,outlook.com
ACC000464,2025-09-13,Taylor Carlson,outlook.com
ACC000465,2026-04-21,Jose Allen,outlook.com
ACC000466,2025-05-30,Jeffrey Mendez,yahoo.com
ACC000467,2025-02-22,Jason Beck,icloud.com
ACC000468,2024-10-03,William Jones,gmail.com
ACC000469,2025-11-26,Katie Mcneil,outlook.com
ACC000470,2025-10-28,Jeanette Harrison,yahoo.com
ACC000471,2024-11-03,Veronica King,yahoo.com
ACC000472,2026-07-11,Richard Cooper,icloud.com
ACC000473,2025-02-25,Lori Ingram,icloud.com
ACC000474,2026-07-25,Evelyn Williams,outlook.com
ACC000475,2025-05-11,Robin Thompson,outlook.com
ACC000476,2025-07-02,Julie Dominguez,outlook.com
ACC000477,2025-07-22,Robin Brown,icloud.com
ACC000478,2025-06-22,Judith Carter,gmail.com
ACC000479,2025-08-20,Curtis Williams,yahoo.com
ACC000480,2025-06-22,Kaylee Hays,gmail.com
ACC000481,2026-07-04,Dawn Mullins,outlook.com
ACC000482,2025-03-26,Howard Norman,outlook.com
ACC000483,2024-12-21,Evelyn Martinez,yahoo.com
ACC000484,2026-07-18,Steve Paul,yahoo.com
ACC000485,2024-12-12,Jasmine Beltran,icloud.com
ACC000486,2024-12-12,Jonathan Glass MD,yahoo.com
ACC000487,2025-10-22,Monica Miller,icloud.com
ACC000488,2025-06-22,Samantha Gardner,outlook.com
ACC000489,2024-12-01,Bobby Guerrero,yahoo.com
ACC000490,2025-11-02,Lance Simmons,yahoo.com
ACC000491,2026-01-21,Heather Williams,yahoo.com
ACC000492,2024-09-10,Heather Bolton,outlook.com
ACC000493,2025-06-19,William Gould,icloud.com
ACC000494,2026-01-30,Mark Cox,icloud.com
ACC000495,2024-12-25,Meghan Cisneros,outlook.com
ACC000496,2026-06-26,Lawrence Harrington,outlook.com
ACC000497,2025-08-12,Austin Osborne,outlook.com
ACC000498,2026-05-19,James Bradley,icloud.com
ACC000499,2024-11-28,Meghan Rush,icloud.com
ACC000500,2025-01-22,Phillip Berry,icloud.com
ACC000501,2024-09-07,Jennifer Banks,outlook.com
ACC000502,2025-12-02,Brian Fitzgerald,outlook.com
ACC000503,2026-04-20,Mr. Justin Green III,gmail.com
ACC000504,2026-08-11,Zachary Mitchell,yahoo.com
ACC000505,2025-12-21,Katherine Martinez,outlook.com
ACC000506,2026-08-04,Jodi Roach,outlook.com
ACC000507,2025-09-12,Brandon Fleming,yahoo.com
ACC000508,2026-01-03,Emma Reed,yahoo.com
ACC000509,2025-10-31,Joshua Vance,icloud.com
ACC000510,2026-07-29,Michelle Ho,gmail.com
ACC000511,2024-11-19,Rebecca Hicks,gmail.com
ACC000512,2026-04-10,Curtis Taylor,yahoo.com
ACC000513,2026-02-15,Allison Spencer,icloud.com
ACC000514,2026-04-21,Robert Arnold,icloud.com
ACC000515,2024-10-27,Angelica Parker,icloud.com
ACC000516,2025-12-12,Dr. Kelly Hammond DVM,gmail.com
ACC000517,2024-09-23,William Day,icloud.com
ACC000518,2025-04-12,Michael Cooper,gmail.com
ACC000519,2025-08-19,Penny Bowman,gmail.com
ACC000520,2025-12-28,Vincent Reynolds,gmail.com
ACC000521,2025-03-04,Amy Martinez,yahoo.com
ACC000522,2025-09-27,Christopher Morris,icloud.com
ACC000523,2024-11-22,Hannah Everett,yahoo.com
ACC000524,2025-03-02,Sarah King,icloud.com
ACC000525,2024-09-04,Krista Martinez,gmail.com
ACC000526,2026-07-22,Joseph Shaw,icloud.com
ACC000527,2025-05-12,Todd Moore,icloud.com
ACC000528,2025-06-10,Michelle Jacobs,yahoo.com
ACC000529,2026-07-09,Kristy Bryan,icloud.com
ACC000530,2025-03-31,Angel May,gmail.com
ACC000531,2025-12-02,Marilyn Wang,gmail.com
ACC000532,2025-10-17,Mark Jimenez,icloud.com
ACC000533,2024-10-28,Donna Frye,yahoo.com
ACC000534,2026-04-13,Dr. Michael Evans,outlook.com
ACC000535,2025-07-07,Anthony Gonzales,yahoo.com
ACC000536,2025-07-05,Mr. Lawrence Edwards,outlook.com
ACC000537,2026-06-04,Morgan Valencia,icloud.com
ACC000538,2025-08-19,Bianca Wood,icloud.com
ACC000539,2025-10-24,Emma Owens,yahoo.com
ACC000540,2025-03-08,David Davis,icloud.com
ACC000541,2025-07-05,James Gilbert,yahoo.com
ACC000542,2026-03-30,Sean Moore,icloud.com
ACC000543,2025-10-03,Kenneth Edwards,yahoo.com
ACC000544,2025-08-05,Kathleen Robertson,gmail.com
ACC000545,2024-12-04,Mr. Alexander Landry MD,yahoo.com
ACC000546,2025-09-22,Cindy Gomez,gmail.com
ACC000547,2026-04-25,Johnny Khan,yahoo.com
ACC000548,2025-08-07,Julie Herrera,outlook.com
ACC000549,2025-03-14,Jessica Khan,gmail.com
ACC000550,2026-08-14,Pamela Diaz,yahoo.com
ACC000551,2026-03-20,Kelly Lee,outlook.com
ACC000552,2025-12-22,Angel Gordon,outlook.com
ACC000553,2025-09-04,Diana Hays,icloud.com
ACC000554,2025-12-25,Barbara Hester,outlook.com
ACC000555,2025-07-18,Robert Morgan,icloud.com
ACC000556,2025-01-28,Nicole Gonzalez,gmail.com
ACC000557,2025-06-30,Kathryn Williams,yahoo.com
ACC000558,2025-04-24,Gary Wells,icloud.com
ACC000559,2026-03-18,Larry Robertson,outlook.com
ACC000560,2026-06-20,Louis Martin,icloud.com
ACC000561,2025-08-27,Nancy Evans MD,yahoo.com
ACC000562,2025-03-08,Kim Erickson,gmail.com
ACC000563,2026-07-17,Robert Richardson,gmail.com
ACC000564,2025-01-19,Veronica Silva,yahoo.com
ACC000565,2024-09-10,Molly Watts,yahoo.com
ACC000566,2024-11-01,John Coffey,icloud.com
ACC000567,2024-09-07,Paula Lane,icloud.com
ACC000568,2026-02-25,Lauren Jackson,outlook.com
ACC000569,2026-01-28,Lisa Randall,icloud.com
ACC000570,2024-12-08,Michael Johnson,yahoo.com
ACC000571,2026-05-28,Ashley Smith,outlook.com
ACC000572,2025-10-12,Christian Vaughn,gmail.com
ACC000573,2025-12-15,Reginald Knapp,yahoo.com
ACC000574,2026-08-02,Nancy Brown,gmail.com
ACC000575,2025-10-21,Daniel Nguyen,icloud.com
ACC000576,2024-10-28,Kelly Edwards,gmail.com
ACC000577,2026-01-25,Thomas Peterson,icloud.com
ACC000578,2026-02-23,Raymond Le,gmail.com
ACC000579,2026-08-10,Melissa Bishop,icloud.com
ACC000580,2024-11-16,David Grant,outlook.com
ACC000581,2025-07-20,William Evans,gmail.com
ACC000582,2025-10-13,Daniel Bush,gmail.com
ACC000583,2026-04-01,Gregory Peck,yahoo.com
ACC000584,2025-09-29,Denise Martinez,yahoo.com
ACC000585,2024-10-25,Jamie Baird,gmail.com
ACC000586,2024-11-17,Tina Ballard,outlook.com
ACC000587,2024-10-01,Dwayne Klein,outlook.com
ACC000588,2025-04-22,Jeremy Scott,outlook.com
ACC000589,2025-03-10,Dale Ryan,icloud.com
ACC000590,2025-05-11,Melissa Taylor,gmail.com
ACC000591,2025-02-05,Laurie Sanchez,icloud.com
ACC000592,2025-07-22,Kiara Little,outlook.com
ACC000593,2024-09-06,Jason Love,outlook.com
ACC000594,2025-06-04,Randy Smith,gmail.com
ACC000595,2025-03-11,Tanya Russell,icloud.com
ACC000596,2024-12-15,Sherry Woods,gmail.com
ACC000597,2026-03-22,Victor Morris,gmail.com
ACC000598,2024-09-13,Susan Davis,outlook.com
ACC000599,2024-11-26,Kimberly Sharp,yahoo.com
ACC000600,2025-02-21,Susan Thompson,yahoo.com
ACC000601,2025-06-02,Casey Gillespie,icloud.com
ACC000602,2025-02-19,Jennifer Simpson DVM,icloud.com
ACC000603,2025-07-04,Tammy Mcdowell,icloud.com
ACC000604,2025-05-16,Keith Rodriguez,yahoo.com
ACC000605,2025-12-13,Mrs. Virginia Daniels,gmail.com
ACC000606,2024-09-07,Todd Rosales MD,icloud.com
ACC000607,2025-08-04,Brian Martin,icloud.com
ACC000608,2026-06-29,David Lopez,yahoo.com
ACC000609,2026-05-11,Rachel Bradley,yahoo.com
ACC000610,2025-03-01,Casey Chase,icloud.com
ACC000611,2026-08-13,Samantha Robertson,icloud.com
ACC000612,2025-09-21,Michael Lopez,outlook.com
ACC000613,2024-12-26,Franklin Wright,yahoo.com
ACC000614,2025-12-17,David Molina,yahoo.com
ACC000615,2026-08-11,Elizabeth Sharp,gmail.com
ACC000616,2025-01-21,Matthew Schwartz,outlook.com
ACC000617,2026-07-07,Bryan Parker,yahoo.com
ACC000618,2024-11-15,Jonathan Jacobson,icloud.com
ACC000619,2026-03-02,Emily Wilson,icloud.com
ACC000620,2026-08-20,Elizabeth Mendez,gmail.com
ACC000621,2026-07-06,Casey Hernandez,outlook.com
ACC000622,2026-03-31,Lisa Perry,icloud.com
ACC000623,2024-12-18,Kaitlin Medina,gmail.com
ACC000624,2025-04-16,Colleen Wright,yahoo.com
ACC000625,2025-10-06,Shelley Miller,icloud.com
ACC000626,2024-09-26,Michael Miller,icloud.com
ACC000627,2025-10-31,Amy Kelley,gmail.com
ACC000628,2025-08-23,Laura Hernandez,outlook.com
ACC000629,2025-03-31,Joseph Wilson,icloud.com
ACC000630,2024-12-09,Kevin Davis,icloud.com
ACC000631,2024-11-08,Rhonda Chavez,outlook.com
ACC000632,2024-09-24,Joyce Brown,outlook.com
ACC000633,2025-05-08,Robert Cummings,yahoo.com
ACC000634,2026-03-28,Robert Reese,icloud.com
ACC000635,2025-10-20,Amber Cooper,yahoo.com
ACC000636,2025-10-11,Zachary Michael,gmail.com
ACC000637,2026-04-30,Timothy Johnson,icloud.com
ACC000638,2026-08-23,Randy Cannon,yahoo.com
ACC000639,2026-08-22,Maria Fisher,gmail.com
ACC000640,2025-09-10,Janet Kane DVM,outlook.com
ACC000641,2024-12-26,Michael Stanley,outlook.com
ACC000642,2026-05-05,Martha Bailey,icloud.com
ACC000643,2025-08-23,Joshua Rice,outlook.com
ACC000644,2026-07-22,Courtney Smith,outlook.com
ACC000645,2025-07-18,Edwin Nunez,gmail.com
ACC000646,2024-12-29,Kim Morrow,yahoo.com
ACC000647,2026-02-06,Gregory Hill,icloud.com
ACC000648,2026-04-12,Molly Rodriguez,icloud.com
ACC000649,2026-01-12,Jennifer Miranda,yahoo.com
ACC000650,2025-06-23,Alexis Harris,yahoo.com
ACC000651,2025-12-06,Andrew Harper,gmail.com
ACC000652,2026-01-10,Amber Yang,yahoo.com
ACC000653,2026-03-30,David Robinson,icloud.com
ACC000654,2025-10-31,Amy Gordon,icloud.com
ACC000655,2024-11-24,Robert Dennis,gmail.com
ACC000656,2024-10-04,Kyle Chambers,outlook.com
ACC000657,2025-02-20,Eric Thomas,icloud.com
ACC000658,2026-04-10,Connie Turner,gmail.com
ACC000659,2026-03-10,Travis Hobbs,gmail.com
ACC000660,2025-11-10,Lori Simmons,gmail.com
ACC000661,2024-10-04,William David DDS,icloud.com
ACC000662,2024-11-29,Emma Butler,icloud.com
ACC000663,2025-04-03,James Webster,outlook.com
ACC000664,2026-05-24,Samuel Turner,yahoo.com
ACC000665,2024-10-31,Renee Melendez,outlook.com
ACC000666,2025-07-29,Tracy Grant,outlook.com
ACC000667,2026-02-09,David Harris,gmail.com
ACC000668,2024-10-31,Tammy Boone,outlook.com
ACC000669,2025-05-14,Nathaniel Lee,yahoo.com
ACC000670,2026-07-25,Michael Morrison,icloud.com
ACC000671,2026-04-15,Chelsea Gill,outlook.com
ACC000672,2025-12-07,Kristin Mendoza,gmail.com
ACC000673,2026-02-10,Felicia Krueger,outlook.com
ACC000674,2026-01-13,Timothy Hayden,outlook.com
ACC000675,2025-12-14,Zachary Mendoza,outlook.com
ACC000676,2025-04-12,Larry Harris,icloud.com
ACC000677,2025-06-02,Kristen Rowe,outlook.com
ACC000678,2026-03-15,Joseph Howard,yahoo.com
ACC000679,2026-07-31,Jose Crawford,gmail.com
ACC000680,2026-06-04,William Harrison,icloud.com
ACC000681,2025-02-09,Suzanne Wood,icloud.com
ACC000682,2025-11-13,Justin Walker,yahoo.com
ACC000683,2025-02-10,Dean Donovan,outlook.com
ACC000684,2025-05-15,Jennifer Hernandez,gmail.com
ACC000685,2024-10-24,James Whitaker,icloud.com
ACC000686,2025-11-14,Mr. Michael Scott PhD,gmail.com
ACC000687,2025-04-07,Maria Henry,icloud.com
ACC000688,2026-05-01,Robert Jackson,yahoo.com
ACC000689,2024-09-09,Katherine Stark,outlook.com
ACC000690,2026-08-12,Maria Brown,yahoo.com
ACC000691,2025-04-23,Ryan Landry,icloud.com
ACC000692,2024-12-15,Pamela Gutierrez,outlook.com
ACC000693,2025-01-19,Crystal Mann,icloud.com
ACC000694,2024-11-10,Jonathan Brooks,gmail.com
ACC000695,2025-08-26,Mary Jensen,yahoo.com
ACC000696,2026-05-24,Mr. Aaron Arnold,icloud.com
ACC000697,2024-12-12,Joseph Hill,yahoo.com
ACC000698,2025-08-26,Alicia Li,icloud.com
ACC000699,2025-05-12,Renee Browning,outlook.com
ACC000700,2026-03-21,Brent Hernandez,outlook.com
ACC000701,2025-03-30,Joseph Ochoa,yahoo.com
ACC000702,2026-06-24,James Watson,gmail.com
ACC000703,2025-10-01,Karl Branch,gmail.com
ACC000704,2026-06-16,Michael Abbott,gmail.com
ACC000705,2025-07-22,Shannon Malone,yahoo.com
ACC000706,2025-09-10,James Tran,yahoo.com
ACC000707,2024-09-18,Adam Jackson,gmail.com
ACC000708,2025-04-09,Mr. Richard Knight PhD,gmail.com
ACC000709,2026-02-01,Joseph Williams,outlook.com
ACC000710,2026-08-20,Sean Clay,icloud.com
ACC000711,2025-06-12,Anthony Jones,gmail.com
ACC000712,2026-02-06,Stephanie Elliott,yahoo.com
ACC000713,2025-10-06,Timothy Edwards,gmail.com
ACC000714,2025-05-03,Laurie Goodwin,gmail.com
ACC000715,2025-11-19,Jennifer Jones,gmail.com
ACC000716,2025-07-14,David Davenport,yahoo.com
ACC000717,2026-08-26,Steven Rivera,yahoo.com
ACC000718,2026-01-22,Brenda Hinton,outlook.com
ACC000719,2025-09-16,Kathryn Mccann,yahoo.com
ACC000720,2024-10-01,Jeffrey Roberson,outlook.com
ACC000721,2026-02-19,Randy Friedman,gmail.com
ACC000722,2026-01-22,Raymond Johnson,icloud.com
ACC000723,2026-01-25,Willie Henry,yahoo.com
ACC000724,2025-05-20,Todd Reynolds,gmail.com
ACC000725,2026-02-04,Mary Miller,gmail.com
ACC000726,2025-05-09,Rebecca Marquez,gmail.com
ACC000727,2025-09-28,Christian Dawson,yahoo.com
ACC000728,2026-03-21,Nancy Stewart,icloud.com
ACC000729,2025-05-13,Aaron Parker,icloud.com
ACC000730,2024-11-19,Derrick Anderson,outlook.com
ACC000731,2025-03-03,Jerry Peters,yahoo.com
ACC000732,2024-11-10,Alexander Gomez,icloud.com
ACC000733,2025-08-02,Kyle Nguyen,gmail.com
ACC000734,2025-09-13,Edgar Hughes,yahoo.com
ACC000735,2026-05-31,Steven Stein,yahoo.com
ACC000736,2026-04-29,Laura Jackson,icloud.com
ACC000737,2025-02-02,Charles Turner,gmail.com
ACC000738,2025-04-27,Arthur Hamilton MD,outlook.com
ACC000739,2024-09-02,Mr. David Wright,icloud.com
ACC000740,2025-03-30,Linda Gonzalez,yahoo.com
ACC000741,2024-11-01,Eric Rush,yahoo.com
ACC000742,2024-10-15,Manuel Brock,yahoo.com
ACC000743,2025-12-14,George Ochoa,gmail.com
ACC000744,2026-06-15,Valerie Taylor,icloud.com
ACC000745,2025-11-20,Travis Harris,yahoo.com
ACC000746,2025-05-26,Vincent Novak,outlook.com
ACC000747,2025-07-23,Michael Henry,icloud.com
ACC000748,2024-11-16,Dana Bennett,yahoo.com
ACC000749,2025-02-07,Jenna Wilson,gmail.com
ACC000750,2025-12-22,Leslie Gardner,outlook.com
ACC000751,2026-03-03,Krista Benton,outlook.com
ACC000752,2025-07-13,Michael Gonzales,icloud.com
ACC000753,2024-12-02,Michael Fuentes,yahoo.com
ACC000754,2025-04-09,Jennifer Porter,outlook.com
ACC000755,2025-05-13,Dana Hopkins,outlook.com
ACC000756,2026-07-26,Rachel Jones,outlook.com
ACC000757,2024-10-02,Karen Morales DDS,icloud.com
ACC000758,2024-12-06,Melissa Stephens,icloud.com
ACC000759,2025-01-03,Heather Woodard,gmail.com
ACC000760,2025-01-12,Margaret Miller,yahoo.com
ACC000761,2026-08-04,Mary Kelly,gmail.com
ACC000762,2024-09-23,Amanda Terrell,gmail.com
ACC000763,2025-01-10,Jennifer Goodwin,gmail.com
ACC000764,2024-10-14,Jessica Smith,icloud.com
ACC000765,2026-04-11,Jorge Stone,icloud.com
ACC000766,2024-10-01,Laura Griffin,icloud.com
ACC000767,2025-08-29,Raymond Chapman,yahoo.com
ACC000768,2025-06-14,Haley Johnson,icloud.com
ACC000769,2026-05-22,Jason Nixon,yahoo.com
ACC000770,2025-10-27,Todd Thomas,icloud.com
ACC000771,2025-06-14,Jesse Clark,icloud.com
ACC000772,2025-03-24,Mr. Jeffrey Horton,yahoo.com
ACC000773,2025-09-03,Eric Patrick,icloud.com
ACC000774,2026-04-03,Samuel Wong,outlook.com
ACC000775,2025-03-04,Carly Riggs,gmail.com
ACC000776,2024-10-01,Christopher Moore,outlook.com
ACC000777,2026-02-25,Tina Hall,outlook.com
ACC000778,2024-12-12,Cody Davidson,yahoo.com
ACC000779,2026-03-01,Allen Mendez,gmail.com
ACC000780,2025-08-30,Kevin Price,yahoo.com
ACC000781,2026-04-30,Christine Goodwin,outlook.com
ACC000782,2026-08-22,Amy Garcia,outlook.com
ACC000783,2026-01-18,Chelsea Nguyen,outlook.com
ACC000784,2024-10-09,Dennis Huffman,gmail.com
ACC000785,2026-05-10,Margaret Harper,yahoo.com
ACC000786,2024-09-01,Laurie Bailey,outlook.com
ACC000787,2025-08-15,Lisa Cervantes,yahoo.com
ACC000788,2024-09-23,Elizabeth Mendez,yahoo.com
ACC000789,2026-02-21,Cesar Wilson,outlook.com
ACC000790,2026-08-23,Clayton Steele,icloud.com
ACC000791,2025-07-07,Jennifer Taylor,outlook.com
ACC000792,2025-11-22,Cody Reid,icloud.com
ACC000793,2026-08-26,Maria Cooke,outlook.com
ACC000794,2025-09-23,Katherine Taylor,outlook.com
ACC000795,2025-03-01,Jerry Brown,gmail.com
ACC000796,2025-03-06,Adam Taylor,outlook.com
ACC000797,2026-01-22,Tracey Wagner,yahoo.com
ACC000798,2025-05-02,Michael Perry PhD,outlook.com
ACC000799,2026-06-14,Bradley Johnson DDS,gmail.com
ACC000800,2024-09-12,Donald Medina,outlook.com
ACC000801,2026-08-11,Jim Newton,gmail.com
ACC000802,2024-12-20,Krista Wilson,gmail.com
ACC000803,2025-11-23,Reginald Morrow,icloud.com
ACC000804,2026-01-18,Rodney Williams,icloud.com
ACC000805,2024-12-13,Kimberly Fritz,icloud.com
ACC000806,2025-12-07,Ronald Potter,gmail.com
ACC000807,2024-09-21,Zachary Cole,outlook.com
ACC000808,2024-11-15,Robert Gonzales,outlook.com
ACC000809,2025-02-12,Patricia Young PhD,gmail.com
ACC000810,2026-05-02,Heather Page,icloud.com
ACC000811,2026-07-02,Carol Taylor,yahoo.com
ACC000812,2024-10-25,Daniel Brown,gmail.com
ACC000813,2025-03-14,Douglas Ryan,icloud.com
ACC000814,2025-07-02,Michael Roberts,yahoo.com
ACC000815,2025-10-08,Scott Duke,icloud.com
ACC000816,2025-09-05,Anna Estes,gmail.com
ACC000817,2025-06-29,Tamara Riddle,icloud.com
ACC000818,2024-09-27,Beth Cline,yahoo.com
ACC000819,2024-11-23,Michael Poole,icloud.com
ACC000820,2025-10-13,Megan Burns,icloud.com
ACC000821,2024-12-03,Debra Perry,icloud.com
ACC000822,2025-09-26,Mark Beard,outlook.com
ACC000823,2024-10-16,Jose Ramirez,outlook.com
ACC000824,2025-05-28,Jackie Clements,yahoo.com
ACC000825,2025-02-02,Aaron Schroeder,gmail.com
ACC000826,2026-03-09,Monica Ellis,icloud.com
ACC000827,2025-10-02,Heather Brown,icloud.com
ACC000828,2026-01-01,Claudia Jordan,outlook.com
ACC000829,2024-10-06,Derrick Clayton,yahoo.com
ACC000830,2025-02-25,Kenneth Knight,yahoo.com
ACC000831,2025-01-08,Mr. Michael Williams,gmail.com
ACC000832,2026-08-01,Richard Stevens,icloud.com
ACC000833,2026-05-03,Scott Alexander,outlook.com
ACC000834,2024-11-29,Tyler Harris,icloud.com
ACC000835,2025-06-10,Bonnie Santos,icloud.com
ACC000836,2024-12-25,Timothy Hill,icloud.com
ACC000837,2026-04-04,Danielle Watson,gmail.com
ACC000838,2025-06-20,Carol Sanders,outlook.com
ACC000839,2025-09-28,Michael Young,icloud.com
ACC000840,2025-02-24,Michele Smith,outlook.com
ACC000841,2026-05-27,Casey Perez,icloud.com
ACC000842,2025-08-06,Alexandra Dominguez,yahoo.com
ACC000843,2025-06-03,Virginia Henderson,outlook.com
ACC000844,2025-07-08,Benjamin Reyes,outlook.com
ACC000845,2026-08-14,Ashley Edwards,gmail.com
ACC000846,2025-07-05,Breanna Ayala,icloud.com
ACC000847,2025-11-01,Brandi Haney,gmail.com
ACC000848,2025-04-05,Joseph Smith,icloud.com
ACC000849,2024-10-28,Jessica Bowen,yahoo.com
ACC000850,2026-08-28,Brittany Jenkins,icloud.com
ACC000851,2025-02-25,Shannon Miller,yahoo.com
ACC000852,2025-05-14,Paul Lawrence,gmail.com
ACC000853,2025-09-05,Victor Edwards,yahoo.com
ACC000854,2025-12-20,Donald Miller,icloud.com
ACC000855,2025-05-06,Lindsay Lawson,outlook.com
ACC000856,2025-03-01,Melissa Abbott,icloud.com
ACC000857,2025-02-15,Elizabeth Holmes,outlook.com
ACC000858,2024-09-29,Nicole Phillips,icloud.com
ACC000859,2026-04-09,Steven Blevins,yahoo.com
ACC000860,2026-07-26,Brian Porter MD,yahoo.com
ACC000861,2026-02-08,Vanessa Hatfield,gmail.com
ACC000862,2025-01-14,Bonnie Valencia,yahoo.com
ACC000863,2025-05-17,Holly Vega,outlook.com
ACC000864,2025-09-21,Tiffany Townsend,outlook.com
ACC000865,2025-04-12,Austin Baker,icloud.com
ACC000866,2026-04-22,Antonio Mccormick,gmail.com
ACC000867,2026-03-29,Lori Mason,outlook.com
ACC000868,2026-01-07,Michael Miller,gmail.com
ACC000869,2026-06-18,Lisa Ramirez,outlook.com
ACC000870,2026-07-04,Jorge Harris,outlook.com
ACC000871,2026-02-12,Kimberly Myers,yahoo.com
ACC000872,2026-07-09,Sandra Becker,outlook.com
ACC000873,2026-07-04,Michael Blair,icloud.com
ACC000874,2025-11-03,Amy Miller,icloud.com
ACC000875,2026-04-21,Jesse Lynch,yahoo.com
ACC000876,2026-08-04,Patrick Yang,icloud.com
ACC000877,2025-02-22,Michael Miles,yahoo.com
ACC000878,2025-12-27,Troy Mills,yahoo.com
ACC000879,2026-07-29,Michelle Jackson,outlook.com
ACC000880,2025-08-30,Richard Adams,yahoo.com
ACC000881,2025-08-06,Patricia Johnson,outlook.com
ACC000882,2025-12-19,Denise Brown,gmail.com
ACC000883,2026-06-12,Laura Jones,gmail.com
ACC000884,2026-01-26,Ian Porter,gmail.com
ACC000885,2025-10-29,Holly Scott,gmail.com
ACC000886,2025-03-25,Kenneth Sharp,outlook.com
ACC000887,2025-01-25,Jordan Williams,outlook.com
ACC000888,2026-01-13,Dana Ruiz,outlook.com
ACC000889,2026-06-12,Chris Velazquez,gmail.com
ACC000890,2025-06-08,Kristen Sloan,yahoo.com
ACC000891,2026-01-15,Jennifer Morris,gmail.com
ACC000892,2026-06-11,Nathan Nelson,icloud.com
ACC000893,2026-01-02,Jake Shaw,icloud.com
ACC000894,2026-03-01,Cassie Brock,yahoo.com
ACC000895,2025-07-27,Dr. Andrea Marshall,yahoo.com
ACC000896,2026-06-04,Ryan Murphy,yahoo.com
ACC000897,2025-07-17,Aimee Gonzalez,yahoo.com
ACC000898,2026-01-29,Elizabeth Dean,outlook.com
ACC000899,2024-10-17,Kevin Snyder,outlook.com
ACC000900,2026-02-15,Christie Mccullough,outlook.com
ACC000901,2025-08-17,Danielle Smith,icloud.com
ACC000902,2025-02-16,David Reed,icloud.com
ACC000903,2025-04-18,Sherry Tapia,yahoo.com
ACC000904,2026-04-27,Matthew Sweeney,yahoo.com
ACC000905,2026-06-29,Ashley Moreno,gmail.com
ACC000906,2026-03-02,Johnathan Brown,gmail.com
ACC000907,2026-07-02,Michelle Davis DVM,gmail.com
ACC000908,2025-11-01,Kelly Haynes,icloud.com
ACC000909,2026-03-15,William Miller,outlook.com
ACC000910,2025-03-30,Casey Wilkins,gmail.com
ACC000911,2026-07-10,Keith Graham,gmail.com
ACC000912,2025-11-03,Cynthia Green,gmail.com
ACC000913,2024-12-26,Robert Haynes,gmail.com
ACC000914,2026-05-17,Emily Nelson,yahoo.com
ACC000915,2025-09-02,Dale Chan,icloud.com
ACC000916,2024-10-11,Brittney Martin,icloud.com
ACC000917,2025-08-05,Jason Herrera,yahoo.com
ACC000918,2026-07-20,Christine Parker,gmail.com
ACC000919,2025-01-31,Bryan Moore,gmail.com
ACC000920,2025-05-21,Samantha Terry,yahoo.com
ACC000921,2025-05-29,Russell Murphy,icloud.com
ACC000922,2025-02-26,David Kelly,gmail.com
ACC000923,2026-07-26,Megan Green,outlook.com
ACC000924,2024-12-07,Amanda Sullivan MD,gmail.com
ACC000925,2026-07-12,Danielle Murray,yahoo.com
ACC000926,2025-11-23,Brenda Smith,outlook.com
ACC000927,2025-08-17,Vickie Anderson,yahoo.com
ACC000928,2025-10-15,Jacqueline Mccoy,icloud.com
ACC000929,2026-08-08,Lauren Green,icloud.com
ACC000930,2024-12-25,Alison Brown,yahoo.com
ACC000931,2024-12-16,Jill Anderson,icloud.com
ACC000932,2025-03-05,Sandra Rivera,icloud.com
ACC000933,2026-08-02,Joel Jackson,yahoo.com
ACC000934,2024-12-25,Samantha Foster,icloud.com
ACC000935,2024-11-04,Michael Thompson,outlook.com
ACC000936,2026-08-23,Cody Ramirez,yahoo.com
ACC000937,2025-11-18,Amanda Harvey,yahoo.com
ACC000938,2026-07-12,Edward Jenkins,icloud.com
ACC000939,2024-09-12,Amy Ramirez,yahoo.com
ACC000940,2025-02-17,Curtis Wilkerson,gmail.com
ACC000941,2025-05-05,Lydia Pham,outlook.com
ACC000942,2026-02-02,Virginia Casey,yahoo.com
ACC000943,2025-04-29,Joshua Washington,gmail.com
ACC000944,2026-04-10,Kathryn Price,icloud.com
ACC000945,2025-12-02,Francis Robinson,outlook.com
ACC000946,2026-07-02,Paula Brown,gmail.com
ACC000947,2025-10-28,Kendra Wang DVM,gmail.com
ACC000948,2026-05-12,Ariel Sandoval,outlook.com
ACC000949,2025-08-16,Robert Stark,outlook.com
ACC000950,2025-12-10,Zachary Robinson,outlook.com
ACC000951,2025-12-08,Rebecca Kelly,gmail.com
ACC000952,2024-09-03,Sarah Thompson,outlook.com
ACC000953,2026-03-15,Renee Wolfe,outlook.com
ACC000954,2025-02-16,Alyssa Haynes,icloud.com
ACC000955,2024-12-19,Kristy Hart,outlook.com
ACC000956,2025-01-02,William Keith,icloud.com
ACC000957,2025-03-15,Eric Henry Jr.,outlook.com
ACC000958,2024-10-18,Daniel Fox,gmail.com
ACC000959,2026-07-07,Thomas Harris,yahoo.com
ACC000960,2026-02-26,Mitchell Sellers,gmail.com
ACC000961,2026-02-03,Erica Johnson,yahoo.com
ACC000962,2024-12-16,Sylvia Schroeder,icloud.com
ACC000963,2025-11-03,Shannon Yu,yahoo.com
ACC000964,2025-08-18,Tom Foster,outlook.com
ACC000965,2025-01-20,Eric Taylor,icloud.com
ACC000966,2026-03-21,Travis Conner,yahoo.com
ACC000967,2026-06-02,Marie Thompson,outlook.com
ACC000968,2026-08-29,Melissa Mcfarland,yahoo.com
ACC000969,2025-08-27,Courtney Chapman,icloud.com
ACC000970,2025-11-07,Eric Barker,gmail.com
ACC000971,2025-09-26,Nicholas Rush,yahoo.com
ACC000972,2025-03-24,Jenna Gamble,outlook.com
ACC000973,2026-08-01,Amanda Guzman,outlook.com
ACC000974,2026-08-09,Tracy Walker,outlook.com
ACC000975,2025-09-03,Taylor Taylor,icloud.com
ACC000976,2026-06-25,Cynthia Haas,icloud.com
ACC000977,2026-08-11,Stephen Davis,gmail.com
ACC000978,2025-11-01,Margaret Tanner,outlook.com
ACC000979,2025-05-16,Derek Wright,yahoo.com
ACC000980,2026-06-11,David Rodriguez,outlook.com
ACC000981,2025-06-29,James Oconnor,icloud.com
ACC000982,2025-03-11,Stacey Snyder,yahoo.com
ACC000983,2024-10-12,Joshua Garcia,icloud.com
ACC000984,2025-01-12,Sean Curtis,yahoo.com
ACC000985,2025-08-05,Carla Jones,icloud.com
ACC000986,2025-02-05,Elizabeth Flores,outlook.com
ACC000987,2026-01-16,Angela Jackson,outlook.com
ACC000988,2026-02-21,Nicholas Payne,yahoo.com
ACC000989,2026-01-31,Anna Wheeler,yahoo.com
ACC000990,2024-12-04,Karen Johnson,outlook.com
ACC000991,2026-07-12,Carmen Preston,outlook.com
ACC000992,2025-06-28,Brian Harris,yahoo.com
ACC000993,2024-12-27,Michael Bowen,outlook.com
ACC000994,2026-06-20,Deborah Campbell,yahoo.com
ACC000995,2025-09-26,Anthony Armstrong,gmail.com
ACC000996,2026-03-08,Brittany Ward,outlook.com
ACC000997,2026-02-09,Edward Stanley,icloud.com
ACC000998,2025-07-01,Christina Johnson,yahoo.com
ACC000999,2024-12-08,Edgar Miller,yahoo.com
ACC001000,2025-04-04,Elizabeth Sanders,yahoo.com
ACC001001,2025-03-30,Matthew Davis MD,icloud.com
ACC001002,2024-09-25,Stephen Wood,icloud.com
ACC001003,2024-11-29,Dennis Marshall,gmail.com
ACC001004,2025-05-16,Derrick Brown,gmail.com
ACC001005,2025-10-23,Mary Miller,icloud.com
ACC001006,2025-11-18,Joshua Arellano,outlook.com
ACC001007,2026-07-22,Kristen Randall,gmail.com
ACC001008,2026-04-23,Jennifer Nichols,gmail.com
ACC001009,2026-01-28,Karen Keith,gmail.com
ACC001010,2026-05-15,Blake Orr,gmail.com
ACC001011,2025-09-26,Kathryn Lester,icloud.com
ACC001012,2025-02-08,Megan Oliver,yahoo.com
ACC001013,2026-03-13,Peter Thompson,outlook.com
ACC001014,2026-07-26,Dr. Rhonda Martinez,outlook.com
ACC001015,2025-01-05,William Graham,gmail.com
ACC001016,2026-03-05,Lori Flowers MD,gmail.com
ACC001017,2025-08-19,Suzanne Jones,yahoo.com
ACC001018,2025-02-12,James Nguyen,yahoo.com
ACC001019,2025-03-18,Jimmy Marks,gmail.com
ACC001020,2026-03-17,Lisa Mills,icloud.com
ACC001021,2026-07-20,Jason Hernandez,gmail.com
ACC001022,2025-03-22,Olivia Ayers,icloud.com
ACC001023,2025-01-10,Kristine Garcia,yahoo.com
ACC001024,2026-05-28,Joseph Cooper,gmail.com
ACC001025,2026-01-11,James Washington,icloud.com
ACC001026,2026-08-12,Amanda Hill,yahoo.com
ACC001027,2025-11-13,Lee Steele,yahoo.com
ACC001028,2025-05-11,Steve Rivera,yahoo.com
ACC001029,2025-09-04,Patrick Mccall,yahoo.com
ACC001030,2025-12-18,Alicia Roth,icloud.com
ACC001031,2026-01-12,Douglas Vasquez,gmail.com
ACC001032,2025-06-15,Annette Melton,yahoo.com
ACC001033,2026-06-04,William Ramos,gmail.com
ACC001034,2026-02-02,Debra Butler,gmail.com
ACC001035,2024-10-08,Chelsea Lewis,outlook.com
ACC001036,2025-09-10,Natalie Malone,icloud.com
ACC001037,2025-01-16,Samantha Robertson,icloud.com
ACC001038,2025-09-08,Eric Hunter,gmail.com
ACC001039,2026-02-09,Samuel Suarez,yahoo.com
ACC001040,2025-03-03,Corey Whitaker,yahoo.com
ACC001041,2024-10-12,Danielle Bryant,yahoo.com
ACC001042,2024-11-04,Michele Hill,outlook.com
ACC001043,2024-10-14,Kathy Reid,yahoo.com
ACC001044,2025-12-25,Andre Watson,icloud.com
ACC001045,2026-06-27,Cassandra Harrell,outlook.com
ACC001046,2025-05-28,Hannah Martin,yahoo.com
ACC001047,2025-09-10,Nicole Barker,gmail.com
ACC001048,2025-04-17,James Martin,icloud.com
ACC001049,2026-01-12,Traci Vincent,icloud.com
ACC001050,2025-11-25,Megan Adams,yahoo.com
ACC001051,2026-02-09,Alejandro Deleon,outlook.com
ACC001052,2025-03-11,Alexa Buck,yahoo.com
ACC001053,2026-07-09,Lindsay Smith,yahoo.com
ACC001054,2024-12-26,Robert Torres,icloud.com
ACC001055,2025-04-04,Maria Coleman,yahoo.com
ACC001056,2025-05-08,Gregory King,gmail.com
ACC001057,2025-01-16,Michael Holloway,gmail.com
ACC001058,2025-02-18,Brian Hunt,outlook.com
ACC001059,2026-05-07,Sarah Brooks,gmail.com
ACC001060,2025-04-10,Lisa Evans,icloud.com
ACC001061,2025-02-22,Arthur Mcneil,yahoo.com
ACC001062,2026-04-20,Shannon Green,yahoo.com
ACC001063,2026-08-04,Stephanie Evans,outlook.com
ACC001064,2025-04-24,Ralph Yoder,icloud.com
ACC001065,2024-12-21,Rebekah Greene,gmail.com
ACC001066,2025-02-01,Melanie Griffith,gmail.com
ACC001067,2026-05-23,Yolanda Green,gmail.com
ACC001068,2026-01-07,James Johnson,yahoo.com
ACC001069,2026-02-17,Laura Lee,icloud.com
ACC001070,2026-08-16,Courtney Nichols,icloud.com
ACC001071,2025-09-26,Susan Powers,outlook.com
ACC001072,2025-01-16,Sarah Pittman,outlook.com
ACC001073,2024-11-25,Catherine Davis,outlook.com
ACC001074,2025-03-13,David Stokes,gmail.com
ACC001075,2026-02-15,Catherine Frazier,gmail.com
ACC001076,2026-08-06,Brandon Kelly,outlook.com
ACC001077,2024-12-19,Elizabeth French,yahoo.com
ACC001078,2025-05-26,David Carter,icloud.com
ACC001079,2026-07-29,Julie Delacruz,icloud.com
ACC001080,2026-03-20,Terry Jones,icloud.com
ACC001081,2026-03-27,Kathryn Dillon,icloud.com
ACC001082,2026-04-15,Edwin Brown,outlook.com
ACC001083,2026-07-08,Brenda Gonzalez,gmail.com
ACC001084,2026-08-18,Keith Knox,yahoo.com
ACC001085,2026-02-03,Eugene Baldwin,icloud.com
ACC001086,2025-02-12,Katherine Welch,icloud.com
ACC001087,2025-01-27,Mark Smith,icloud.com
ACC001088,2024-11-05,Philip Jackson,outlook.com
ACC001089,2024-11-21,Katherine Gallagher,gmail.com
ACC001090,2026-05-22,Lucas Schultz,outlook.com
ACC001091,2026-06-18,Vincent Reyes,icloud.com
ACC001092,2025-03-26,Curtis Watson,outlook.com
ACC001093,2026-05-07,Frank Whitaker,yahoo.com
ACC001094,2025-09-04,Michael Sims,yahoo.com
ACC001095,2024-11-28,Michael Cooper,outlook.com
ACC001096,2026-07-18,James Chapman,icloud.com
ACC001097,2026-02-13,Rodney Evans,gmail.com
ACC001098,2026-03-17,Nicholas Carlson,outlook.com
ACC001099,2025-06-11,Stephen Cowan,yahoo.com
ACC001100,2025-10-19,Steven Howard,gmail.com
ACC001101,2025-10-22,Travis Hull,gmail.com
ACC001102,2025-08-15,Darryl Acosta,gmail.com
ACC001103,2026-08-12,Nicholas Lawrence,icloud.com
ACC001104,2025-05-08,Jacob Santos,outlook.com
ACC001105,2026-04-24,Shawn Scott,gmail.com
ACC001106,2025-05-23,Amber Vang,gmail.com
ACC001107,2026-07-26,Martha Smith,yahoo.com
ACC001108,2025-08-28,Jennifer James,gmail.com
ACC001109,2025-06-22,Kara Hernandez,gmail.com
ACC001110,2024-11-17,Lorraine Turner,yahoo.com
ACC001111,2025-08-29,Mary Nelson,yahoo.com
ACC001112,2026-08-01,Breanna Rivas,yahoo.com
ACC001113,2025-04-29,Nathan Wilson,yahoo.com
ACC001114,2025-04-23,Brian Gonzalez,yahoo.com
ACC001115,2025-02-07,Dennis Mills,gmail.com
ACC001116,2026-07-25,Michael Phillips,icloud.com
ACC001117,2026-01-07,Jon Clark,outlook.com
ACC001118,2026-04-12,Erin Smith,outlook.com
ACC001119,2026-02-06,Susan Conley,outlook.com
ACC001120,2026-04-14,Brittany Davis,yahoo.com
ACC001121,2026-01-03,Misty Garcia,gmail.com
ACC001122,2026-08-04,David Hinton,yahoo.com
ACC001123,2026-08-17,John Garcia,icloud.com
ACC001124,2024-09-13,Andrew Roberts,yahoo.com
ACC001125,2025-07-31,Emily Rodgers,outlook.com
ACC001126,2026-03-16,Peter Williams,outlook.com
ACC001127,2025-12-27,Mary Jackson,outlook.com
ACC001128,2026-01-24,Jeffrey Howell,icloud.com
ACC001129,2026-08-19,Anna Briggs,outlook.com
ACC001130,2025-06-14,James Rivers,icloud.com
ACC001131,2026-04-13,James Jefferson,yahoo.com
ACC001132,2025-04-30,Mariah Robles,icloud.com
ACC001133,2025-01-28,Michael Brown,yahoo.com
ACC001134,2025-02-28,Caitlin Perry,icloud.com
ACC001135,2026-06-08,Rebekah Gregory,outlook.com
ACC001136,2025-05-15,James Howard,gmail.com
ACC001137,2026-08-09,Michael Roberson,yahoo.com
ACC001138,2025-05-19,Bianca Knapp,icloud.com
ACC001139,2025-08-09,Jason Williams,outlook.com
ACC001140,2026-03-28,Ernest Bush,outlook.com
ACC001141,2025-10-27,Patricia Ray,gmail.com
ACC001142,2026-04-14,Vanessa Santiago,yahoo.com
ACC001143,2025-07-30,Joseph Haynes,icloud.com
ACC001144,2025-09-26,Matthew Wright,outlook.com
ACC001145,2025-02-19,Michael Cruz,outlook.com
ACC001146,2024-11-13,Kristin Huerta,gmail.com
ACC001147,2025-04-22,Mason Moore,outlook.com
ACC001148,2026-08-29,Sarah Booth,outlook.com
ACC001149,2025-11-30,John Allen,outlook.com
ACC001150,2025-02-19,Amber Walker,yahoo.com
ACC001151,2025-04-29,Jennifer Young,outlook.com
ACC001152,2025-02-18,Robert West,icloud.com
ACC001153,2024-11-05,Jillian Wilson,icloud.com
ACC001154,2025-10-12,Matthew Garcia MD,gmail.com
ACC001155,2026-05-26,April Davis,yahoo.com
ACC001156,2025-07-14,Lisa Torres,yahoo.com
ACC001157,2025-11-28,Christine Powers,yahoo.com
ACC001158,2024-09-30,Heidi Brown,gmail.com
ACC001159,2026-01-01,Jesse Castro,icloud.com
ACC001160,2025-01-17,Kara Sandoval,yahoo.com
ACC001161,2026-02-19,Ashley Malone,outlook.com
ACC001162,2026-03-07,Glenn Gallegos,yahoo.com
ACC001163,2025-07-13,Dorothy Boyd,outlook.com
ACC001164,2025-02-07,Amber Martin,outlook.com
ACC001165,2026-02-18,Mitchell Griffith,yahoo.com
ACC001166,2025-12-25,Levi Lopez,gmail.com
ACC001167,2025-07-04,Jenna Bryant,gmail.com
ACC001168,2026-05-05,Michelle Rodriguez,yahoo.com
ACC001169,2025-03-13,Timothy Monroe,icloud.com
ACC001170,2025-05-14,Patricia Hayes,yahoo.com
ACC001171,2025-04-14,Tina Taylor,outlook.com
ACC001172,2026-06-03,Mr. Anthony Mcconnell PhD,yahoo.com
ACC001173,2026-06-27,Mr. Thomas Thompson,outlook.com
ACC001174,2024-11-10,Monica Anderson,yahoo.com
ACC001175,2024-12-23,Kyle Andrade,icloud.com
ACC001176,2026-08-19,Janice Petty,icloud.com
ACC001177,2024-09-20,Pamela Hill,yahoo.com
ACC001178,2025-03-10,Tracy Chavez,gmail.com
ACC001179,2025-01-07,Jason Graves,icloud.com
ACC001180,2024-12-02,Elizabeth Miles,yahoo.com
ACC001181,2025-04-11,Michelle Walls,outlook.com
ACC001182,2026-01-24,Christina Weber,outlook.com
ACC001183,2025-08-05,Gregory Chambers,gmail.com
ACC001184,2025-05-31,Miss Tina Gordon,icloud.com
ACC001185,2025-03-05,Erica Wilson,yahoo.com
ACC001186,2024-09-13,John Duncan,gmail.com
ACC001187,2025-11-28,Jennifer Adkins,yahoo.com
ACC001188,2025-12-16,Donna Boone,gmail.com
ACC001189,2025-10-04,Kelly Johnson,outlook.com
ACC001190,2026-06-07,Michael Gonzalez,gmail.com
ACC001191,2026-01-06,Candace Mitchell,outlook.com
ACC001192,2024-10-24,Ryan Vaughn,yahoo.com
ACC001193,2026-06-11,Paul Johnson,icloud.com
ACC001194,2025-02-19,Ashley Parrish,outlook.com
ACC001195,2025-05-07,Sharon Newton,gmail.com
ACC001196,2026-08-06,Cynthia Mueller,yahoo.com
ACC001197,2025-05-13,Donna Beck,yahoo.com
ACC001198,2026-08-04,Jasmine Frye,outlook.com
ACC001199,2025-08-31,Emily Arnold,yahoo.com
ACC001200,2026-01-13,David Oliver,yahoo.com
ACC001201,2025-11-24,Sheila Greer,yahoo.com
ACC001202,2025-09-02,Michele Holland,yahoo.com
ACC001203,2026-01-10,Kimberly Morrison,icloud.com
ACC001204,2025-03-14,Tracey Phillips,yahoo.com
ACC001205,2025-12-24,Michael Lopez,outlook.com
ACC001206,2026-02-26,Jose Bennett,yahoo.com
ACC001207,2025-05-28,Justin Anderson,outlook.com
ACC001208,2026-06-16,Dawn Rivera,icloud.com
ACC001209,2026-05-28,Brittney Hernandez,outlook.com
ACC001210,2024-11-04,Anthony Randolph,icloud.com
ACC001211,2026-03-19,Mary Henry,yahoo.com
ACC001212,2025-10-25,Heather Bowers,outlook.com
ACC001213,2026-02-18,Daniel White,gmail.com
ACC001214,2025-03-02,Jonathan Perry,gmail.com
ACC001215,2026-01-11,Anna Walker,yahoo.com
ACC001216,2026-04-08,Gary Ward,icloud.com
ACC001217,2024-10-21,Paul Moreno,outlook.com
ACC001218,2024-09-14,Samantha Zavala MD,yahoo.com
ACC001219,2025-12-24,Jill Conway,gmail.com
ACC001220,2025-09-13,Lisa Haley,gmail.com
ACC001221,2024-11-12,Erica Moon,outlook.com
ACC001222,2026-02-14,Janice Fernandez,gmail.com
ACC001223,2026-02-27,Thomas Short,icloud.com
ACC001224,2026-02-21,Robert Griffin,yahoo.com
ACC001225,2024-12-18,Steven Lee,outlook.com
ACC001226,2024-12-16,Tiffany Jackson,yahoo.com
ACC001227,2026-01-30,Kimberly Smith,outlook.com
ACC001228,2025-08-27,Michael Ayala,outlook.com
ACC001229,2025-10-28,Jessica Garcia,icloud.com
ACC001230,2026-03-31,Michele Cherry,yahoo.com
ACC001231,2025-09-04,Maria Case,icloud.com
ACC001232,2024-09-01,Brittany Stevens,gmail.com
ACC001233,2026-02-13,Brandon Brown,yahoo.com
ACC001234,2025-07-05,Kristin Andrews,yahoo.com
ACC001235,2024-09-23,David Hughes,outlook.com
ACC001236,2024-10-09,Jessica Smith,icloud.com
ACC001237,2025-01-20,Kimberly May,outlook.com
ACC001238,2025-04-27,Nicole Richards,outlook.com
ACC001239,2026-04-08,Angel Reilly,icloud.com
ACC001240,2025-07-30,Richard Turner,icloud.com
ACC001241,2026-08-08,Preston Kim,gmail.com
ACC001242,2026-04-14,Matthew Wells,icloud.com
ACC001243,2025-08-09,Brandy Myers,outlook.com
ACC001244,2025-01-02,Kimberly Choi,yahoo.com
ACC001245,2024-10-26,Michael Sloan,outlook.com
ACC001246,2026-03-07,Monica Brooks,yahoo.com
ACC001247,2025-02-04,Kristen Peters,gmail.com
ACC001248,2026-05-03,Aaron Carlson,gmail.com
ACC001249,2025-06-24,Theresa Torres,icloud.com
ACC001250,2025-08-11,Stephanie Cooper,gmail.com
ACC001251,2026-03-16,Matthew Hunt,icloud.com
ACC001252,2025-10-14,Daniel Davenport,icloud.com
ACC001253,2026-01-06,Christopher Marsh,yahoo.com
ACC001254,2026-06-30,Sarah Randolph,yahoo.com
ACC001255,2024-11-13,Julia Dunn MD,outlook.com
ACC001256,2026-08-03,Brett Swanson,gmail.com
ACC001257,2025-11-08,Mr. Carl Rios,outlook.com
ACC001258,2025-07-26,Manuel Mccullough,outlook.com
ACC001259,2025-02-21,Jerry Jensen,outlook.com
ACC001260,2025-11-26,Kevin Cunningham,gmail.com
ACC001261,2026-08-03,Eugene Patterson,outlook.com
ACC001262,2024-12-25,David Walker,gmail.com
ACC001263,2025-06-22,Jessica Larsen,gmail.com
ACC001264,2025-07-10,Nicholas Humphrey,icloud.com
ACC001265,2025-08-06,Ian Torres,yahoo.com
ACC001266,2026-03-14,Casey Obrien,outlook.com
ACC001267,2026-08-13,Shannon Taylor,gmail.com
ACC001268,2025-05-20,Deborah Mercado,yahoo.com
ACC001269,2025-03-25,Bernard Smith,outlook.com
ACC001270,2026-07-03,Amanda Perkins,gmail.com
ACC001271,2026-07-09,Kevin Escobar,outlook.com
ACC001272,2024-09-20,Kimberly Lutz,outlook.com
ACC001273,2025-09-25,Reginald Diaz,gmail.com
ACC001274,2026-05-05,Raymond Quinn,gmail.com
ACC001275,2026-01-26,John Dixon,icloud.com
ACC001276,2025-05-12,Jonathan Bates,outlook.com
ACC001277,2025-10-08,Renee Mendez,yahoo.com
ACC001278,2026-08-02,Jose Griffin,outlook.com
ACC001279,2025-04-30,Travis Hopkins,outlook.com
ACC001280,2025-10-02,Nancy Webb,gmail.com
ACC001281,2025-02-03,Daniel Freeman,outlook.com
ACC001282,2024-11-29,Jacob Williams,icloud.com
ACC001283,2025-05-05,Terry Ward,yahoo.com
ACC001284,2026-05-13,Jesse Williams,outlook.com
ACC001285,2025-03-31,Mrs. Michele Boyd,yahoo.com
ACC001286,2025-07-14,Sandy Baker,yahoo.com
ACC001287,2026-07-04,Carrie Valdez,yahoo.com
ACC001288,2026-03-25,Matthew Houston,gmail.com
ACC001289,2025-01-28,Jamie Solomon,gmail.com
ACC001290,2025-10-27,Heather Parrish,outlook.com
ACC001291,2025-02-03,Mr. Larry Shaw,yahoo.com
ACC001292,2025-03-09,Christopher Jones,gmail.com
ACC001293,2026-05-04,Christine Lopez,yahoo.com
ACC001294,2025-09-03,Mitchell Wilson,gmail.com
ACC001295,2026-01-28,Robert Cortez,icloud.com
ACC001296,2025-10-02,Mr. Daniel Martin,icloud.com
ACC001297,2025-02-15,Alison Williams,yahoo.com
ACC001298,2025-10-24,Candace Soto,gmail.com
ACC001299,2025-04-16,Kenneth Brown,yahoo.com
ACC001300,2025-03-01,Christopher Mullen,icloud.com
ACC001301,2025-12-13,Kristy Smith,yahoo.com
ACC001302,2024-10-13,Mary Campbell,icloud.com
ACC001303,2026-05-20,Jerry Haney,gmail.com
ACC001304,2025-12-12,Carolyn Greer,gmail.com
ACC001305,2024-10-11,Rebecca Hoover,icloud.com
ACC001306,2025-06-26,Matthew Baker,icloud.com
ACC001307,2025-06-20,Grace Chavez,icloud.com
ACC001308,2025-06-29,Crystal Cruz,gmail.com
ACC001309,2026-06-24,Dale Heath,icloud.com
ACC001310,2025-03-04,Jennifer Hernandez,yahoo.com
ACC001311,2025-07-29,John Mendez,icloud.com
ACC001312,2025-12-09,Richard Gordon,yahoo.com
ACC001313,2025-05-15,John Anderson,outlook.com
ACC001314,2024-12-03,Samantha Prince,gmail.com
ACC001315,2024-11-27,Marie Boyd,icloud.com
ACC001316,2026-03-18,Andrew Moreno,icloud.com
ACC001317,2025-08-10,Robert Clarke,yahoo.com
ACC001318,2025-03-03,Kevin Figueroa,gmail.com
ACC001319,2025-07-14,Melissa Davis,icloud.com
ACC001320,2024-12-30,John Hall,yahoo.com
ACC001321,2026-05-31,Diane Mcdowell,outlook.com
ACC001322,2026-01-23,Colin Fletcher,icloud.com
ACC001323,2025-05-02,Laura Wilson,yahoo.com
ACC001324,2025-10-25,Matthew Watts,icloud.com
ACC001325,2025-05-09,Jack Moore,outlook.com
ACC001326,2025-03-09,Dawn Wyatt,yahoo.com
ACC001327,2024-10-08,Jacob Hill,yahoo.com
ACC001328,2025-08-06,Nicole Gutierrez,gmail.com
ACC001329,2025-11-01,Karen Wood,yahoo.com
ACC001330,2026-05-19,Dawn Parker,yahoo.com
ACC001331,2024-10-07,Michael Fitzgerald,gmail.com
ACC001332,2025-09-13,Mary Adkins,icloud.com
ACC001333,2026-03-18,Michael Martin,gmail.com
ACC001334,2025-01-16,James Morgan,gmail.com
ACC001335,2026-02-22,Melissa Mann,icloud.com
ACC001336,2026-05-20,Vincent Smith,gmail.com
ACC001337,2026-01-09,Charles Frost,outlook.com
ACC001338,2025-05-24,Austin Walker,outlook.com
ACC001339,2026-02-15,Andrew Cruz,icloud.com
ACC001340,2026-05-18,Miss Kelly Dawson,yahoo.com
ACC001341,2024-09-02,Theresa Wilkins,gmail.com
ACC001342,2026-06-03,Jessica Harris,gmail.com
ACC001343,2025-10-29,Regina Mitchell,gmail.com
ACC001344,2026-03-28,Kyle Black,yahoo.com
ACC001345,2026-08-08,Christopher Johnson,outlook.com
ACC001346,2025-07-13,Aaron Moore,outlook.com
ACC001347,2024-12-26,Penny Gomez MD,outlook.com
ACC001348,2026-04-06,Kelly Mclaughlin,gmail.com
ACC001349,2025-08-05,Brandon Mitchell,outlook.com
ACC001350,2024-10-07,Suzanne Bailey,yahoo.com
ACC001351,2026-06-05,Destiny Obrien,icloud.com
ACC001352,2025-10-29,Timothy Andrews,gmail.com
ACC001353,2026-03-23,Jason Rodriguez,gmail.com
ACC001354,2025-08-29,Edward Arroyo,gmail.com
ACC001355,2024-10-02,Tina Walter,outlook.com
ACC001356,2026-04-08,Laura Benson,icloud.com
ACC001357,2025-07-13,Kristine Carrillo,outlook.com
ACC001358,2025-10-29,Tonya Ellis,gmail.com
ACC001359,2025-09-16,Kevin Johnson,icloud.com
ACC001360,2026-02-20,Austin Schultz,outlook.com
ACC001361,2025-09-19,Megan Hall MD,gmail.com
ACC001362,2025-11-29,Kelli Smith,gmail.com
ACC001363,2025-03-14,Danielle Davis,outlook.com
ACC001364,2025-08-02,Samantha Jones,yahoo.com
ACC001365,2025-03-30,Karen Gomez,gmail.com
ACC001366,2026-02-17,Debra Valentine,gmail.com
ACC001367,2024-10-16,Susan Porter,gmail.com
ACC001368,2024-10-18,Nicolas Salas,gmail.com
ACC001369,2026-04-15,Dale Wright,outlook.com
ACC001370,2025-03-25,Brittney Rodriguez,yahoo.com
ACC001371,2026-02-28,Megan Alvarado,outlook.com
ACC001372,2025-06-07,Pamela Weaver,yahoo.com
ACC001373,2024-12-27,John Oliver,gmail.com
ACC001374,2026-03-10,William Prince PhD,outlook.com
ACC001375,2025-01-23,William Moon IV,outlook.com
ACC001376,2024-11-12,Kenneth Brown,outlook.com
ACC001377,2024-10-22,Karen Fernandez,yahoo.com
ACC001378,2026-07-24,Jennifer Parks,gmail.com
ACC001379,2024-10-26,William Wolfe,gmail.com
ACC001380,2025-03-03,Michael Smith,icloud.com
ACC001381,2025-08-07,Kevin Nguyen,yahoo.com
ACC001382,2026-04-05,Debbie Dunn,yahoo.com
ACC001383,2024-12-09,John Austin,icloud.com
ACC001384,2025-12-26,Jonathan Clark,yahoo.com
ACC001385,2026-05-25,Jacqueline Dickerson,outlook.com
ACC001386,2025-03-07,Christopher Anderson,outlook.com
ACC001387,2026-01-13,Crystal Garcia,gmail.com
ACC001388,2024-12-25,David Reynolds,outlook.com
ACC001389,2025-02-22,Charles Haley,outlook.com
ACC001390,2026-02-03,Robert Thompson,gmail.com
ACC001391,2025-07-31,Dr. Samuel Holmes DDS,gmail.com
ACC001392,2025-10-16,Elizabeth Hart,icloud.com
ACC001393,2026-03-16,Jennifer Vaughn,yahoo.com
ACC001394,2024-11-07,Robert Woods,outlook.com
ACC001395,2025-11-20,Joanna Cook,outlook.com
ACC001396,2026-07-11,Justin Frederick,gmail.com
ACC001397,2026-04-30,Alejandro Martinez,icloud.com
ACC001398,2025-11-30,Tracey Gonzalez,yahoo.com
ACC001399,2024-11-11,Mariah Thompson,gmail.com
ACC001400,2026-01-20,Heather Nunez,gmail.com
ACC001401,2025-01-21,Dr. Steve James,gmail.com
ACC001402,2025-12-08,Mark Thomas,outlook.com
ACC001403,2025-03-20,Robert Rogers,yahoo.com
ACC001404,2026-04-07,Laura Sweeney,outlook.com
ACC001405,2024-12-01,Christopher Perez,gmail.com
ACC001406,2025-06-29,Eddie Adams,gmail.com
ACC001407,2024-09-01,Denise Wallace,outlook.com
ACC001408,2024-10-02,Heidi Matthews,yahoo.com
ACC001409,2026-06-03,Jennifer White,outlook.com
ACC001410,2025-09-26,Nicholas Stanley,icloud.com
ACC001411,2025-12-31,Mercedes Miller,yahoo.com
ACC001412,2025-09-04,Brian Brown,icloud.com
ACC001413,2026-07-19,Kimberly Johnson,yahoo.com
ACC001414,2024-11-13,Phillip Miller,gmail.com
ACC001415,2026-07-06,Christopher Pena,icloud.com
ACC001416,2025-01-19,Ellen Wright,icloud.com
ACC001417,2026-06-01,Mark Anderson,yahoo.com
ACC001418,2026-03-20,Alyssa Alvarado,icloud.com
ACC001419,2025-04-20,Erika Alvarez,yahoo.com
ACC001420,2026-04-15,Kimberly Nelson,icloud.com
ACC001421,2025-10-26,Wayne Wolfe,outlook.com
ACC001422,2026-04-05,Kyle Welch,icloud.com
ACC001423,2026-04-18,Kristy Mills,icloud.com
ACC001424,2026-02-22,Emily Reed,outlook.com
ACC001425,2026-02-18,Regina Ramos,gmail.com
ACC001426,2026-06-08,David Torres,gmail.com
ACC001427,2025-08-18,Robert Charles,gmail.com
ACC001428,2026-02-07,John Smith,icloud.com
ACC001429,2025-08-28,Theresa Woods,outlook.com
ACC001430,2024-10-07,Jeffrey Carter,outlook.com
ACC001431,2026-06-07,Adam Brooks,icloud.com
ACC001432,2026-07-05,Justin Foster,outlook.com
ACC001433,2026-01-10,Omar Price,gmail.com
ACC001434,2025-06-12,Dennis Henderson,outlook.com
ACC001435,2025-06-09,Phillip Kent,outlook.com
ACC001436,2026-05-12,Melinda Mitchell,yahoo.com
ACC001437,2025-09-14,Rhonda Gutierrez,yahoo.com
ACC001438,2026-01-10,Catherine Roberts,yahoo.com
ACC001439,2024-11-26,Lisa Nelson,yahoo.com
ACC001440,2025-10-28,Chelsea Smith,icloud.com
ACC001441,2026-06-15,Joseph Lopez,yahoo.com
ACC001442,2024-10-26,Derrick Espinoza,outlook.com
ACC001443,2025-02-19,Crystal Hernandez,icloud.com
ACC001444,2025-07-06,Glenn Collins DDS,icloud.com
ACC001445,2026-08-01,Mrs. Raven Rivera DVM,icloud.com
ACC001446,2025-01-27,Amy Rowe,icloud.com
ACC001447,2025-12-04,John Lee,icloud.com
ACC001448,2024-12-09,Ruth Clayton,outlook.com
ACC001449,2025-08-10,Randy Wright,outlook.com
ACC001450,2025-05-20,Jessica Rojas,icloud.com
ACC001451,2026-07-21,Joel Wise,yahoo.com
ACC001452,2025-07-18,Vickie Kennedy,gmail.com
ACC001453,2024-09-13,Emily Morris,icloud.com
ACC001454,2026-08-03,Amanda Pineda,icloud.com
ACC001455,2025-06-18,Dawn Little,outlook.com
ACC001456,2024-09-25,Stephen Boyer,gmail.com
ACC001457,2026-05-07,Brian Chen,gmail.com
ACC001458,2026-05-13,Christopher Hill,yahoo.com
ACC001459,2024-12-23,Richard Smith,yahoo.com
ACC001460,2025-12-23,Richard Alvarez,gmail.com
ACC001461,2025-11-12,Jacqueline Davis,outlook.com
ACC001462,2024-11-15,Brandon Montgomery,outlook.com
ACC001463,2025-10-03,Yolanda Garrett,outlook.com
ACC001464,2025-05-30,Matthew Miles,yahoo.com
ACC001465,2026-01-17,Beth Hall,yahoo.com
ACC001466,2026-06-23,Dr. Nicole Trujillo,icloud.com
ACC001467,2026-03-08,Corey Norris,icloud.com
ACC001468,2025-11-27,Chad Roach,outlook.com
ACC001469,2024-11-14,Mr. Edward Terry,gmail.com
ACC001470,2024-09-20,Cody Bailey,icloud.com
ACC001471,2024-10-09,Denise Guerra,icloud.com
ACC001472,2026-08-18,Kristen Jones,outlook.com
ACC001473,2026-02-10,Edward Baker,icloud.com
ACC001474,2025-10-19,Aaron Little,gmail.com
ACC001475,2025-09-29,Cody Smith,icloud.com
ACC001476,2025-08-08,Patty Allen,outlook.com
ACC001477,2026-06-10,Mary Ryan,gmail.com
ACC001478,2024-11-22,Joseph Jimenez,icloud.com
ACC001479,2025-02-28,Lisa Morris,gmail.com
ACC001480,2025-07-04,Ashley Mills,icloud.com
ACC001481,2026-01-12,Russell Anderson,gmail.com
ACC001482,2025-01-22,Christina Washington,gmail.com
ACC001483,2026-05-01,Kenneth Huff,yahoo.com
ACC001484,2024-11-04,Kelly Miles,outlook.com
ACC001485,2024-09-17,Jacob Obrien,gmail.com
ACC001486,2025-08-12,Timothy Clark,gmail.com
ACC001487,2025-04-05,Steve Miller PhD,icloud.com
ACC001488,2024-11-13,Justin Hurley,gmail.com
ACC001489,2026-07-02,Jacob Erickson,gmail.com
ACC001490,2025-05-07,Deborah Williams,yahoo.com
ACC001491,2026-06-10,Eric Blackburn,gmail.com
ACC001492,2025-12-12,Anne Hardy,yahoo.com
ACC001493,2024-12-26,Chelsey Fox,icloud.com
ACC001494,2025-03-27,Mario White,icloud.com
ACC001495,2025-07-30,Jennifer Garcia,gmail.com
ACC001496,2025-04-07,Heather Ellis,gmail.com
ACC001497,2024-11-04,Sonya Jackson,gmail.com
ACC001498,2025-10-31,James Morgan,yahoo.com
ACC001499,2025-11-24,Zachary Ramos,yahoo.com
ACC001500,2024-12-12,Ethan Frey,icloud.com
ACC001501,2026-01-12,Jacob Duran,gmail.com
ACC001502,2025-03-03,Nicholas Franklin,gmail.com
ACC001503,2026-08-12,Cindy Cannon,icloud.com
ACC001504,2025-01-25,Dawn Nixon,outlook.com
ACC001505,2025-05-03,James Barber,yahoo.com
ACC001506,2026-01-25,Ms. Kelly Holder,gmail.com
ACC001507,2025-11-03,Eric Walker,gmail.com
ACC001508,2024-12-30,Alison Short,gmail.com
ACC001509,2025-12-20,Desiree Spencer,yahoo.com
ACC001510,2025-03-18,Tammy Moore,gmail.com
ACC001511,2026-01-23,Henry Taylor,yahoo.com
ACC001512,2024-10-26,Kevin Hall,outlook.com
ACC001513,2025-11-20,Anna Ross,outlook.com
ACC001514,2024-10-15,Morgan Cummings,gmail.com
ACC001515,2025-02-09,Carrie Petersen,gmail.com
ACC001516,2024-11-12,Laura Velez,yahoo.com
ACC001517,2025-11-04,Elizabeth Cross,yahoo.com
ACC001518,2024-12-22,Angela Brown,outlook.com
ACC001519,2025-05-01,Hannah Montoya,icloud.com
ACC001520,2025-04-14,Sean Kane,gmail.com
ACC001521,2024-10-26,Matthew Guzman,icloud.com
ACC001522,2026-05-18,Richard Reyes,icloud.com
ACC001523,2025-09-18,Andrew Fernandez,yahoo.com
ACC001524,2026-06-10,Jonathan Walker,outlook.com
ACC001525,2025-08-10,Nicholas Long,yahoo.com
ACC001526,2025-06-15,Kurt Wagner,yahoo.com
ACC001527,2025-12-14,Dylan Foster,icloud.com
ACC001528,2025-04-14,Bradley Duncan,outlook.com
ACC001529,2026-04-15,James Miller,yahoo.com
ACC001530,2026-02-17,Patricia Anderson,icloud.com
ACC001531,2025-12-18,Justin Freeman,outlook.com
ACC001532,2025-05-11,Christina Gilbert,yahoo.com
ACC001533,2026-04-17,Danielle Jones,yahoo.com
ACC001534,2025-11-02,Erica Glass,gmail.com
ACC001535,2026-01-30,Michael Henderson,gmail.com
ACC001536,2026-01-04,Frank Wheeler,gmail.com
ACC001537,2025-05-05,Eric Huerta,gmail.com
ACC001538,2025-04-12,Wanda Ramos,yahoo.com
ACC001539,2025-05-03,Andrew Meyers,gmail.com
ACC001540,2026-07-18,James Todd,outlook.com
ACC001541,2026-04-08,Ashley Brown,gmail.com
ACC001542,2025-01-20,Tammy Melton,icloud.com
ACC001543,2026-06-04,Alexis Benson,icloud.com
ACC001544,2025-09-30,Jerry Johnson,outlook.com
ACC001545,2025-11-11,Joshua Harris,outlook.com
ACC001546,2026-05-29,Deanna Webb,outlook.com
ACC001547,2024-10-23,Brenda Hale,gmail.com
ACC001548,2025-12-21,Kevin Alvarado,gmail.com
ACC001549,2025-02-27,Christopher Campbell,gmail.com
ACC001550,2025-08-09,Lisa Brown,yahoo.com
ACC001551,2026-04-18,Alejandra Price,yahoo.com
ACC001552,2025-08-28,Samuel Keller,outlook.com
ACC001553,2024-10-26,Alicia Dillon,gmail.com
ACC001554,2025-12-08,Crystal James,icloud.com
ACC001555,2026-08-28,Ariana Stewart,outlook.com
ACC001556,2026-07-22,Kim Lopez,gmail.com
ACC001557,2024-11-29,Judith House,gmail.com
ACC001558,2025-06-23,David Moreno,gmail.com
ACC001559,2025-06-10,James Moore,gmail.com
ACC001560,2025-02-02,Harold Garrett,yahoo.com
ACC001561,2025-11-01,William Mason,yahoo.com
ACC001562,2025-11-05,Lori Johns,icloud.com
ACC001563,2025-03-13,Robin Johnson,gmail.com
ACC001564,2026-02-15,Diana Hernandez,outlook.com
ACC001565,2026-07-04,Mary Miller,outlook.com
ACC001566,2025-12-13,Tyler Salazar,outlook.com
ACC001567,2025-02-23,Crystal Allen,outlook.com
ACC001568,2025-09-16,Wesley Browning,outlook.com
ACC001569,2025-08-28,Joshua Clark,outlook.com
ACC001570,2026-05-27,Joshua Mcbride,yahoo.com
ACC001571,2025-02-27,Ellen Thornton,yahoo.com
ACC001572,2024-12-29,Brandy Forbes,gmail.com
ACC001573,2025-11-26,Brianna Fitzpatrick,outlook.com
ACC001574,2025-03-30,Emily Grant,gmail.com
ACC001575,2025-01-30,Bailey Stewart,outlook.com
ACC001576,2026-03-01,Monica Cannon,outlook.com
ACC001577,2025-10-20,Jennifer Jenkins,icloud.com
ACC001578,2025-07-25,Timothy Shannon,yahoo.com
ACC001579,2026-06-25,Denise Maxwell,outlook.com
ACC001580,2026-04-11,Cody Farmer,yahoo.com
ACC001581,2026-08-07,Debra Bradley,gmail.com
ACC001582,2025-01-21,David Mcdaniel,gmail.com
ACC001583,2025-10-17,Michael Woods,yahoo.com
ACC001584,2024-12-04,Lisa Joseph,outlook.com
ACC001585,2026-04-21,Samuel Henry,yahoo.com
ACC001586,2024-09-24,Corey Johnson,gmail.com
ACC001587,2026-02-07,Alexis Nelson,icloud.com
ACC001588,2025-07-23,Patrick Mcneil,gmail.com
ACC001589,2025-01-30,Andrea Ho,icloud.com
ACC001590,2025-09-17,Dr. Katherine Nguyen,gmail.com
ACC001591,2025-08-26,David Sullivan,outlook.com
ACC001592,2025-04-09,Nicolas James,icloud.com
ACC001593,2025-06-23,Logan Newton,yahoo.com
ACC001594,2025-01-21,Kelly Liu,gmail.com
ACC001595,2025-07-08,Kelly Hayes,icloud.com
ACC001596,2026-04-28,Amanda Forbes,icloud.com
ACC001597,2025-10-25,Jennifer Moss,outlook.com
ACC001598,2026-03-24,Kelli Mccoy,icloud.com
ACC001599,2025-03-10,Eddie Sanders,icloud.com
ACC001600,2024-10-14,Ronald Murray,outlook.com
ACC001601,2026-03-27,Louis Brown,icloud.com
ACC001602,2024-09-03,Brenda Gallegos,yahoo.com
ACC001603,2026-06-18,Nathan Wilson,icloud.com
ACC001604,2025-11-02,Teresa Horton,yahoo.com
ACC001605,2024-09-30,Jason Hayes,gmail.com
ACC001606,2024-11-08,Kevin Marquez,outlook.com
ACC001607,2025-05-23,Jesse Wright,icloud.com
ACC001608,2026-02-07,Susan Hogan,gmail.com
ACC001609,2026-04-19,Becky Wilson,gmail.com
ACC001610,2025-12-17,Jack Mills,yahoo.com
ACC001611,2024-10-25,Richard Hunt,outlook.com
ACC001612,2026-06-14,Jamie James,outlook.com
ACC001613,2025-06-26,Susan Cunningham,gmail.com
ACC001614,2024-12-06,Brittany Melton,yahoo.com
ACC001615,2026-08-03,Michael Barnes,outlook.com
ACC001616,2024-12-08,Randy Griffin,outlook.com
ACC001617,2025-01-19,Autumn Anderson,outlook.com
ACC001618,2025-10-27,Marcus King,outlook.com
ACC001619,2025-04-12,Scott Stephens,yahoo.com
ACC001620,2026-03-27,Stephen Young,gmail.com
ACC001621,2024-11-18,Karen Ortiz,gmail.com
ACC001622,2026-01-05,Kyle Sanchez,outlook.com
ACC001623,2025-01-21,Lisa Grant,icloud.com
ACC001624,2026-08-28,Amber Hernandez,outlook.com
ACC001625,2025-04-16,Amanda Nash,yahoo.com
ACC001626,2025-07-12,Sara Evans,yahoo.com
ACC001627,2024-11-20,Amber Butler,icloud.com
ACC001628,2024-09-20,Michael Carr,icloud.com
ACC001629,2025-03-21,Linda Cobb,gmail.com
ACC001630,2025-12-25,Jesse Riley,gmail.com
ACC001631,2024-11-07,Anna Evans,outlook.com
ACC001632,2025-01-05,James Jones,yahoo.com
ACC001633,2026-07-19,Joshua Carter,outlook.com
ACC001634,2025-01-28,Michael Hill,outlook.com
ACC001635,2025-02-12,Kelly Dominguez,yahoo.com
ACC001636,2026-04-16,Ashley Blair,gmail.com
ACC001637,2025-06-16,Victoria Webb,yahoo.com
ACC001638,2025-04-08,Taylor Andersen,icloud.com
ACC001639,2025-11-25,Lee Stewart,gmail.com
ACC001640,2025-09-24,Whitney Gomez,icloud.com
ACC001641,2025-10-23,Justin Stone,gmail.com
ACC001642,2025-12-22,Katherine White,gmail.com
ACC001643,2025-09-05,Michelle Krause,outlook.com
ACC001644,2025-08-02,Alexander Garrett,icloud.com
ACC001645,2025-06-18,Ryan Marsh,icloud.com
ACC001646,2025-04-20,Mrs. Felicia Castro DDS,icloud.com
ACC001647,2025-03-13,Curtis Campbell,gmail.com
ACC001648,2025-03-03,Elizabeth Hunter,gmail.com
ACC001649,2025-10-11,Aaron Jennings,icloud.com
ACC001650,2025-01-25,Nathaniel Gilbert,icloud.com
ACC001651,2025-02-20,Christopher Rivera,gmail.com
ACC001652,2025-08-13,Michael Hendricks,yahoo.com
ACC001653,2025-04-27,Maria Olson,icloud.com
ACC001654,2026-04-19,Stephanie Herrera,outlook.com
ACC001655,2026-01-01,Richard Gutierrez,icloud.com
ACC001656,2025-01-29,Sandy Evans,icloud.com
ACC001657,2025-05-15,Emily Herrera,icloud.com
ACC001658,2026-06-06,Michael Marsh,yahoo.com
ACC001659,2024-10-25,Heather Montes,gmail.com
ACC001660,2025-03-03,Andre Terrell,icloud.com
ACC001661,2025-07-08,Sarah Duncan,gmail.com
ACC001662,2025-12-22,Kurt Hancock,yahoo.com
ACC001663,2026-01-16,Michele Edwards,outlook.com
ACC001664,2024-10-03,Jason Crawford,icloud.com
ACC001665,2025-12-05,Jesse Sampson,outlook.com
ACC001666,2025-12-15,Eric Rodriguez,gmail.com
ACC001667,2026-03-25,Paula Gentry,outlook.com
ACC001668,2025-11-16,Alexander Webb,yahoo.com
ACC001669,2026-01-13,Cheryl Mclean,gmail.com
ACC001670,2026-01-01,Kelly Rowe,yahoo.com
ACC001671,2025-05-28,Shane Short,icloud.com
ACC001672,2025-06-19,Megan Anderson,outlook.com
ACC001673,2026-04-28,Julia Reeves,gmail.com
ACC001674,2025-08-24,April Randolph,gmail.com
ACC001675,2024-12-09,Linda Miller,icloud.com
ACC001676,2025-10-27,Angel Meyer,outlook.com
ACC001677,2025-05-12,Emily Lane,yahoo.com
ACC001678,2026-08-06,Steven Flores,gmail.com
ACC001679,2025-08-12,Donald Flores,yahoo.com
ACC001680,2024-10-09,Bruce Hernandez,icloud.com
ACC001681,2025-06-01,Adrian Dean,gmail.com
ACC001682,2025-07-22,Christine Bell,icloud.com
ACC001683,2026-04-10,Charles Bush,gmail.com
ACC001684,2026-08-09,David Jones,yahoo.com
ACC001685,2026-01-28,Gina Wallace,outlook.com
ACC001686,2025-09-08,John Lowe,icloud.com
ACC001687,2026-06-13,Anthony Simmons,gmail.com
ACC001688,2025-05-30,Kyle Watkins,gmail.com
ACC001689,2025-04-20,Melissa Jensen,gmail.com
ACC001690,2025-06-07,Robert Marquez,gmail.com
ACC001691,2025-04-03,Kim Beltran,outlook.com
ACC001692,2026-01-30,Julie Anderson,outlook.com
ACC001693,2025-03-24,Tamara Mcdonald,icloud.com
ACC001694,2026-06-02,Michael Mckinney,icloud.com
ACC001695,2026-06-05,David Walker,yahoo.com
ACC001696,2026-07-09,Lisa Durham,icloud.com
ACC001697,2026-04-03,Michael Ortega,gmail.com
ACC001698,2025-12-18,Sonya Chavez,yahoo.com
ACC001699,2026-08-03,John Bell,outlook.com
ACC001700,2025-07-24,Christopher Tate,gmail.com
ACC001701,2025-06-01,Bethany Garcia,outlook.com
ACC001702,2026-08-05,Rebecca Nguyen,yahoo.com
ACC001703,2024-12-26,Rebecca Patel,yahoo.com
ACC001704,2025-05-10,Jason Oliver,outlook.com
ACC001705,2026-03-28,Valerie Reyes,icloud.com
ACC001706,2025-03-26,Robert Garza,yahoo.com
ACC001707,2024-09-30,Jessica Cobb,outlook.com
ACC001708,2026-06-22,Cynthia Bates,gmail.com
ACC001709,2024-10-27,Timothy Andrews,gmail.com
ACC001710,2024-11-05,Mr. Joel Peters,icloud.com
ACC001711,2025-10-12,Casey Blanchard,yahoo.com
ACC001712,2026-04-08,Brian Cervantes,gmail.com
ACC001713,2024-12-02,Jamie Snyder,yahoo.com
ACC001714,2025-08-04,Ann Montoya,icloud.com
ACC001715,2025-04-12,Stephanie Fields,yahoo.com
ACC001716,2025-04-08,Charles Hernandez,outlook.com
ACC001717,2025-05-19,Jean Lane,gmail.com
ACC001718,2026-08-18,Michael Stewart,gmail.com
ACC001719,2025-12-31,Susan Torres,yahoo.com
ACC001720,2025-09-07,Jessica Haas,icloud.com
ACC001721,2024-09-22,Brandon Smith,gmail.com
ACC001722,2025-05-18,Mrs. Bethany Phillips,icloud.com
ACC001723,2026-08-03,Joshua Brown,gmail.com
ACC001724,2025-10-03,Samantha Howard,gmail.com
ACC001725,2025-07-06,Sharon Young,gmail.com
ACC001726,2025-04-04,Jennifer Flores,yahoo.com
ACC001727,2026-06-22,James Gardner,icloud.com
ACC001728,2024-11-22,Karen Lopez,icloud.com
ACC001729,2025-08-07,Tim Larsen,icloud.com
ACC001730,2026-08-17,Zachary Santiago,outlook.com
ACC001731,2025-11-05,Benjamin Smith,outlook.com
ACC001732,2024-10-24,Katelyn Kim,yahoo.com
ACC001733,2024-09-04,Angela May MD,icloud.com
ACC001734,2025-07-19,Richard Munoz,gmail.com
ACC001735,2025-05-14,Christopher Hicks,yahoo.com
ACC001736,2025-12-07,Joanna Kelly,icloud.com
ACC001737,2025-02-25,Larry Lane,outlook.com
ACC001738,2024-11-26,Cynthia Shaw,icloud.com
ACC001739,2025-10-08,Joshua Richardson,icloud.com
ACC001740,2024-09-24,Laura Bush,yahoo.com
ACC001741,2025-03-23,John Vaughn,outlook.com
ACC001742,2025-10-16,Nicholas Terrell,icloud.com
ACC001743,2024-12-01,Dr. Julie Miller,outlook.com
ACC001744,2024-09-15,Ann Kennedy,icloud.com
ACC001745,2024-12-31,Toni Miller,yahoo.com
ACC001746,2025-05-31,Rebecca Edwards,outlook.com
ACC001747,2025-01-12,Greg Osborne,icloud.com
ACC001748,2025-06-17,Jose Harrison,yahoo.com
ACC001749,2025-10-24,Jennifer Yu,yahoo.com
ACC001750,2025-05-27,Donna Johnson,yahoo.com
ACC001751,2025-09-14,Nicole Acosta,icloud.com
ACC001752,2025-12-25,Amy Kennedy,yahoo.com
ACC001753,2026-08-05,Anthony Mooney,yahoo.com
ACC001754,2026-05-05,Lori Mitchell,outlook.com
ACC001755,2026-03-25,Jonathan York,gmail.com
ACC001756,2025-04-29,Casey Campbell,icloud.com
ACC001757,2024-09-06,Alexis Rodriguez,outlook.com
ACC001758,2025-10-10,Kevin Hernandez,outlook.com
ACC001759,2026-04-18,Robert Green,yahoo.com
ACC001760,2026-01-29,Kari Lloyd,icloud.com
ACC001761,2025-01-14,Grace Miller,gmail.com
ACC001762,2025-01-24,Timothy Moore,outlook.com
ACC001763,2024-10-16,Wyatt Townsend II,yahoo.com
ACC001764,2025-09-05,Mark Clark,icloud.com
ACC001765,2026-05-21,Haley May,outlook.com
ACC001766,2025-02-16,Audrey Jackson,outlook.com
ACC001767,2026-03-24,Eric Reese,icloud.com
ACC001768,2025-01-31,Kim James,gmail.com
ACC001769,2024-10-07,Karen Thomas,icloud.com
ACC001770,2026-08-24,Alexandra Ho,icloud.com
ACC001771,2026-01-20,Michael Nixon,gmail.com
ACC001772,2026-08-28,Amanda Hardin,icloud.com
ACC001773,2024-12-25,Tina Reynolds,yahoo.com
ACC001774,2024-12-05,Shannon Rogers,yahoo.com
ACC001775,2025-02-20,Brett Pena,outlook.com
ACC001776,2026-02-21,Raymond Curry,yahoo.com
ACC001777,2025-05-11,Leah Lee,icloud.com
ACC001778,2024-09-27,Michael White,outlook.com
ACC001779,2025-09-18,Megan Decker,gmail.com
ACC001780,2024-09-30,Brent Garcia,gmail.com
ACC001781,2025-12-09,Daniel Campbell,outlook.com
ACC001782,2024-10-15,Alexander Davis,icloud.com
ACC001783,2025-04-05,Mary Houston,gmail.com
ACC001784,2024-10-27,Margaret Erickson,gmail.com
ACC001785,2025-10-14,Scott Anderson,outlook.com
ACC001786,2025-10-14,Stephanie Knight,gmail.com
ACC001787,2025-02-14,Stephanie Dominguez,icloud.com
ACC001788,2026-06-25,John Mayer,yahoo.com
ACC001789,2026-01-16,Tammy Hill,icloud.com
ACC001790,2025-09-03,Steven Carrillo,gmail.com
ACC001791,2026-01-15,Christopher Jones,icloud.com
ACC001792,2025-06-02,Janet Cook,icloud.com
ACC001793,2025-09-13,Tyler Baker,yahoo.com
ACC001794,2024-12-05,John Mcfarland,gmail.com
ACC001795,2026-07-25,Cassandra Vasquez,yahoo.com
ACC001796,2026-02-22,Randy Robinson,gmail.com
ACC001797,2025-11-22,Susan Baldwin,gmail.com
ACC001798,2025-01-31,Benjamin Duncan,yahoo.com
ACC001799,2026-02-18,Jeremy Mosley,icloud.com
ACC001800,2026-03-19,Martin Fitzpatrick,gmail.com
ACC001801,2026-02-05,Deborah Graves,icloud.com
ACC001802,2025-12-20,Laura Robertson,outlook.com
ACC001803,2026-04-23,Katherine Graham,gmail.com
ACC001804,2026-07-10,Priscilla Floyd,icloud.com
ACC001805,2025-10-08,April Finley,gmail.com
ACC001806,2026-08-23,Karen Bradley,outlook.com
ACC001807,2026-07-19,Heather Maldonado,icloud.com
ACC001808,2025-03-11,Mark Benjamin,yahoo.com
ACC001809,2026-05-12,Joseph Woodward,outlook.com
ACC001810,2026-03-02,Joe Miranda,gmail.com
ACC001811,2024-12-29,Cassandra Williams,gmail.com
ACC001812,2025-12-16,Connor Dominguez,icloud.com
ACC001813,2026-05-27,Lydia Howard,outlook.com
ACC001814,2024-11-29,Mark Moss,yahoo.com
ACC001815,2025-03-15,Corey Cortez,gmail.com
ACC001816,2024-09-28,Katherine Brown,yahoo.com
ACC001817,2026-06-28,Elizabeth Ferguson,yahoo.com
ACC001818,2024-11-28,Joann Forbes,outlook.com
ACC001819,2025-12-30,Anthony French,icloud.com
ACC001820,2025-02-18,Bruce Roman,yahoo.com
ACC001821,2025-12-27,Judy Gregory,gmail.com
ACC001822,2025-03-26,Brittany Riley,outlook.com
ACC001823,2025-08-08,Amanda Thomas,gmail.com
ACC001824,2025-10-31,Kaitlin Hardin,icloud.com
ACC001825,2026-01-13,Michael Anderson,icloud.com
ACC001826,2025-04-26,Anthony Parker,gmail.com
ACC001827,2026-04-14,Joy Jackson,outlook.com
ACC001828,2026-06-26,Sabrina Rodriguez,icloud.com
ACC001829,2026-01-20,Robert Walker PhD,outlook.com
ACC001830,2024-09-22,Robert Hendrix,yahoo.com
ACC001831,2025-12-25,Erika Daugherty,outlook.com
ACC001832,2026-02-02,Brenda Copeland,yahoo.com
ACC001833,2025-01-13,Pamela Watkins,outlook.com
ACC001834,2026-07-22,Bryan Thomas,outlook.com
ACC001835,2026-05-30,Michael Tran,yahoo.com
ACC001836,2026-07-16,Timothy Williams,icloud.com
ACC001837,2025-03-24,Ryan Salazar,yahoo.com
ACC001838,2025-10-31,Alexis Tucker,icloud.com
ACC001839,2025-04-03,Christopher Davis,gmail.com
ACC001840,2025-05-26,Stacie Butler,outlook.com
ACC001841,2026-01-29,Patricia Schwartz,gmail.com
ACC001842,2025-11-15,Mark Mills,gmail.com
ACC001843,2026-03-30,Todd Bishop,yahoo.com
ACC001844,2025-08-15,Christopher Porter,outlook.com
ACC001845,2025-02-02,Lori Patton,gmail.com
ACC001846,2025-12-13,Aaron Young,gmail.com
ACC001847,2026-03-30,Joseph Davis,gmail.com
ACC001848,2026-06-08,Philip Fernandez,gmail.com
ACC001849,2025-02-08,Randy Hopkins,outlook.com
ACC001850,2024-12-11,Cory Hogan,yahoo.com
ACC001851,2025-01-20,Tracy Wells,gmail.com
ACC001852,2025-10-31,Michael Williams,gmail.com
ACC001853,2025-08-16,Dominique Hamilton,outlook.com
ACC001854,2025-05-31,Robert Chang,outlook.com
ACC001855,2026-06-07,Patrick Buckley,yahoo.com
ACC001856,2025-04-22,Richard Washington,yahoo.com
ACC001857,2025-10-25,Steven Griffith,icloud.com
ACC001858,2025-11-28,Erika Gonzalez,yahoo.com
ACC001859,2024-11-26,Erika Maxwell,outlook.com
ACC001860,2025-02-16,Brent Rojas,icloud.com
ACC001861,2024-10-08,Jaime Walker,yahoo.com
ACC001862,2025-11-04,John Zamora,icloud.com
ACC001863,2025-08-19,Timothy Gibson,gmail.com
ACC001864,2026-08-19,Chad Cortez,icloud.com
ACC001865,2026-03-12,Vanessa Harris,icloud.com
ACC001866,2025-03-22,Michael Brown,outlook.com
ACC001867,2026-03-05,Samuel Ellis,outlook.com
ACC001868,2026-02-15,Greg Tanner,outlook.com
ACC001869,2026-02-06,Rachel Little,outlook.com
ACC001870,2024-09-24,Carolyn Cordova,gmail.com
ACC001871,2025-07-09,Angelica Vincent,icloud.com
ACC001872,2025-09-17,Zachary Vargas PhD,outlook.com
ACC001873,2024-10-19,Nicholas Fitzgerald,gmail.com
ACC001874,2026-04-10,Garrett Riley,gmail.com
ACC001875,2025-04-30,Leslie Hernandez,yahoo.com
ACC001876,2025-06-19,Abigail Baird,yahoo.com
ACC001877,2024-12-17,John Mack,outlook.com
ACC001878,2025-12-10,Joseph Mendoza,gmail.com
ACC001879,2025-10-27,Samantha Chavez,gmail.com
ACC001880,2025-11-10,Justin Smith,yahoo.com
ACC001881,2025-12-01,Tiffany Anderson,gmail.com
ACC001882,2026-04-26,Matthew Davis,icloud.com
ACC001883,2026-06-14,Eric Warner,icloud.com
ACC001884,2025-11-01,Nicole Johnson,yahoo.com
ACC001885,2026-01-10,Raymond Sawyer,icloud.com
ACC001886,2026-08-13,Richard Wood,yahoo.com
ACC001887,2024-10-04,Mark Dalton,yahoo.com
ACC001888,2026-05-10,Steven Cook,icloud.com
ACC001889,2025-09-14,Jeffery Nelson,outlook.com
ACC001890,2024-12-30,Kimberly Norton,outlook.com
ACC001891,2025-07-08,Angela Gilmore,outlook.com
ACC001892,2025-01-25,Amy Dougherty,yahoo.com
ACC001893,2025-07-10,Stacy Rodriguez,outlook.com
ACC001894,2026-01-14,Manuel Diaz,gmail.com
ACC001895,2024-11-09,Justin Jones,gmail.com
ACC001896,2026-04-10,Christine Zavala,outlook.com
ACC001897,2025-09-22,Brian Mendoza,icloud.com
ACC001898,2026-01-30,Lauren Haley,icloud.com
ACC001899,2025-01-31,Patrick Perez,outlook.com
ACC001900,2025-10-02,Derek Frazier,yahoo.com
ACC001901,2026-03-08,Arthur Reed,gmail.com
ACC001902,2026-06-24,Mr. Bryan Mckinney,gmail.com
ACC001903,2026-04-09,Kim Carter,outlook.com
ACC001904,2025-03-17,Rebecca Dougherty,gmail.com
ACC001905,2026-01-28,Teresa Jones,gmail.com
ACC001906,2024-09-20,Judith Miller,outlook.com
ACC001907,2026-08-24,Donna Frye,icloud.com
ACC001908,2025-10-17,Donald Terry,gmail.com
ACC001909,2025-08-15,Shaun Meyer DDS,icloud.com
ACC001910,2024-09-25,Wayne Weaver,outlook.com
ACC001911,2024-12-03,Gregory Wallace,gmail.com
ACC001912,2025-06-20,Dorothy Brown,yahoo.com
ACC001913,2024-12-01,Crystal Meza,yahoo.com
ACC001914,2026-07-27,Jennifer Cooper,yahoo.com
ACC001915,2025-03-05,Erin Watkins,gmail.com
ACC001916,2025-10-05,Sarah Wallace,gmail.com
ACC001917,2025-10-28,Carlos Clarke,outlook.com
ACC001918,2025-01-02,David Washington,gmail.com
ACC001919,2026-05-05,Patricia Williams,yahoo.com
ACC001920,2024-12-27,Jesus Jackson,outlook.com
ACC001921,2025-12-20,Michelle Mitchell,icloud.com
ACC001922,2024-09-30,Sara Schwartz,icloud.com
ACC001923,2025-06-03,Brittany Young,gmail.com
ACC001924,2025-07-09,Eugene Martinez,icloud.com
ACC001925,2026-06-14,Cody Hart,yahoo.com
ACC001926,2026-03-08,Evan Cooper,yahoo.com
ACC001927,2026-03-23,Joshua Martin,icloud.com
ACC001928,2025-12-20,Thomas Sullivan,outlook.com
ACC001929,2024-11-01,Mr. Jimmy Flores Jr.,icloud.com
ACC001930,2026-07-29,Vanessa Rivera,icloud.com
ACC001931,2026-04-23,Kara Roberts,outlook.com
ACC001932,2026-03-01,Veronica Berry,gmail.com
ACC001933,2025-10-10,Keith Meadows,gmail.com
ACC001934,2025-11-17,Michael Dennis,yahoo.com
ACC001935,2026-06-13,Brenda Pierce,outlook.com
ACC001936,2025-05-10,James Randall,outlook.com
ACC001937,2025-12-15,Brandon Brown,outlook.com
ACC001938,2026-06-24,Lauren Walker,gmail.com
ACC001939,2024-09-10,Diana Johnson,yahoo.com
ACC001940,2025-10-08,Jill Powers,gmail.com
ACC001941,2026-07-20,Jorge Lee,icloud.com
ACC001942,2025-09-21,Larry Harding,outlook.com
ACC001943,2026-08-15,Heather Hernandez,gmail.com
ACC001944,2025-09-15,Jaclyn Watson,yahoo.com
ACC001945,2025-04-15,Gregory Madden,gmail.com
ACC001946,2025-03-16,Anita Luna,gmail.com
ACC001947,2025-04-28,Willie Lara,icloud.com
ACC001948,2025-06-15,Robert Waller,icloud.com
ACC001949,2025-03-20,Steven Taylor,icloud.com
ACC001950,2026-04-06,Angelica Clark,icloud.com
ACC001951,2026-07-08,Sean Hatfield,yahoo.com
ACC001952,2024-11-06,Tyler Avila,yahoo.com
ACC001953,2026-02-18,Jason Rocha,outlook.com
ACC001954,2026-08-11,Justin Page,outlook.com
ACC001955,2025-11-12,Breanna Lopez,gmail.com
ACC001956,2025-10-22,Julian Williams,outlook.com
ACC001957,2026-01-21,Sandra Torres,outlook.com
ACC001958,2024-10-19,Julie Johnson,outlook.com
ACC001959,2025-07-21,Dennis Blanchard,gmail.com
ACC001960,2025-08-09,Kaitlyn Valdez,gmail.com
ACC001961,2026-08-08,Jennifer Vasquez,icloud.com
ACC001962,2025-03-21,Danielle Wilson,yahoo.com
ACC001963,2024-11-04,Zachary Jones,gmail.com
ACC001964,2025-11-17,Lauren Cunningham,gmail.com
ACC001965,2025-05-12,Lori Alvarez,gmail.com
ACC001966,2025-08-15,Barbara Hunt,gmail.com
ACC001967,2024-11-14,Sarah Martin,icloud.com
ACC001968,2026-04-16,Francisco Johns,gmail.com
ACC001969,2024-10-05,Christopher Nelson,icloud.com
ACC001970,2025-01-09,Thomas Kelly,gmail.com
ACC001971,2025-07-06,Joseph Mayer,icloud.com
ACC001972,2026-07-26,Pamela White,gmail.com
ACC001973,2025-09-26,Paul Stephens,icloud.com
ACC001974,2025-04-27,Samantha Cohen,gmail.com
ACC001975,2025-12-20,Michael Barker,icloud.com
ACC001976,2026-06-29,Kevin Morrow,gmail.com
ACC001977,2026-04-25,Joseph Watson,yahoo.com
ACC001978,2024-09-13,Mr. Thomas Garcia,gmail.com
ACC001979,2026-06-15,Daniel Lopez,outlook.com
ACC001980,2026-01-06,Lisa Guerra,icloud.com
ACC001981,2025-01-19,Kim Arnold,gmail.com
ACC001982,2025-07-17,Ashley Stevens,icloud.com
ACC001983,2026-04-21,Robert Mclean,yahoo.com
ACC001984,2025-07-14,Eric Cox,outlook.com
ACC001985,2024-09-09,Stacy Harper,yahoo.com
ACC001986,2026-02-02,Gloria Mckinney,gmail.com
ACC001987,2025-03-20,Robert Walker,yahoo.com
ACC001988,2025-08-16,Brenda Perez,yahoo.com
ACC001989,2026-05-08,Carlos Miller,outlook.com
ACC001990,2025-11-03,Rachel Jones,outlook.com
ACC001991,2025-12-10,Nicole Williams,gmail.com
ACC001992,2024-09-04,Ricky Palmer,yahoo.com
ACC001993,2026-06-01,Bryan King,yahoo.com
ACC001994,2025-08-06,Michael Webster,icloud.com
ACC001995,2025-03-08,Tamara Harris,gmail.com
ACC001996,2024-11-15,Cathy Bell,outlook.com
ACC001997,2025-01-24,Ryan Mcmahon,outlook.com
ACC001998,2026-06-09,Hannah Martin,outlook.com
ACC001999,2025-03-23,Monica Allen,yahoo.com
ACC002000,2025-04-13,Annette Lane,outlook.com
ACC002001,2026-03-22,Daniel Lee,yahoo.com
ACC002002,2024-09-23,Steven Medina,yahoo.com
ACC002003,2024-09-22,Annette Lewis,yahoo.com
ACC002004,2025-08-13,Michelle Richardson,yahoo.com
ACC002005,2025-05-04,Jessica Rosario,outlook.com
ACC002006,2026-02-22,Henry Gray,icloud.com
ACC002007,2025-01-26,Darren Rodriguez,yahoo.com
ACC002008,2026-02-28,Mrs. Ashley Taylor,icloud.com
ACC002009,2026-05-07,Michele Hawkins,icloud.com
ACC002010,2026-05-24,Garrett Wilson,yahoo.com
ACC002011,2025-08-02,Kyle Collins,yahoo.com
ACC002012,2025-01-08,Jill Spencer,icloud.com
ACC002013,2025-12-26,Scott Lopez,gmail.com
ACC002014,2026-06-23,Ryan Alvarez,outlook.com
ACC002015,2025-03-03,Cassie Lutz,outlook.com
ACC002016,2026-01-20,Brian Kim DDS,icloud.com
ACC002017,2026-06-16,Charles Morales,gmail.com
ACC002018,2025-03-27,Ashley Schaefer,icloud.com
ACC002019,2025-04-12,Amy Hester,outlook.com
ACC002020,2026-04-09,Kurt Ewing,yahoo.com
ACC002021,2026-03-18,Ryan Hardy,gmail.com
ACC002022,2025-06-30,Micheal Perkins,icloud.com
ACC002023,2026-04-21,Richard Schneider,gmail.com
ACC002024,2025-11-11,John Morrison,icloud.com
ACC002025,2025-10-24,John Ramirez,outlook.com
ACC002026,2025-06-07,Ashley King,icloud.com
ACC002027,2025-11-27,Mark Taylor Jr.,yahoo.com
ACC002028,2025-09-03,Barry Gregory,gmail.com
ACC002029,2025-06-11,Janet Shelton,yahoo.com
ACC002030,2024-11-13,Marco Davis,outlook.com
ACC002031,2025-08-08,Paul Saunders,yahoo.com
ACC002032,2025-07-07,Christina Bates,outlook.com
ACC002033,2026-03-11,Dennis Cooper PhD,outlook.com
ACC002034,2025-06-16,Tiffany Johnson,outlook.com
ACC002035,2026-04-17,Thomas Reyes,gmail.com
ACC002036,2025-10-13,James Stevens,yahoo.com
ACC002037,2025-12-30,Justin Dalton,yahoo.com
ACC002038,2025-08-15,Michael Henry,gmail.com
ACC002039,2025-11-14,Mike Freeman,icloud.com
ACC002040,2025-12-05,Michael Keller,gmail.com
ACC002041,2026-04-15,Laura Alvarez,yahoo.com
ACC002042,2026-01-25,Katie Myers,outlook.com
ACC002043,2025-11-04,Wesley Jensen MD,icloud.com
ACC002044,2025-07-31,Erica Johnson,gmail.com
ACC002045,2025-02-05,Russell Bailey,outlook.com
ACC002046,2025-03-29,Alyssa Vance,icloud.com
ACC002047,2025-03-12,Brent Reed,icloud.com
ACC002048,2026-04-07,Gregory Stanley,icloud.com
ACC002049,2025-02-23,Matthew Watkins,gmail.com
ACC002050,2026-08-07,Ana Torres,icloud.com
ACC002051,2025-03-23,Alejandro Nguyen,gmail.com
ACC002052,2025-03-30,Scott Bradley,yahoo.com
ACC002053,2025-12-10,Deborah Dominguez,gmail.com
ACC002054,2025-02-23,Victoria Gray,outlook.com
ACC002055,2025-02-08,Kenneth Stokes,gmail.com
ACC002056,2026-01-03,Michael Rogers,gmail.com
ACC002057,2025-01-12,Pamela Morgan,yahoo.com
ACC002058,2026-08-28,Heidi Graham,icloud.com
ACC002059,2026-04-25,Ryan Cobb PhD,yahoo.com
ACC002060,2025-03-26,Donna Williams,gmail.com
ACC002061,2024-11-05,Jennifer Perez PhD,icloud.com
ACC002062,2026-04-06,Ryan Davis,icloud.com
ACC002063,2026-04-13,Austin Solis,gmail.com
ACC002064,2026-06-24,Daniel Flynn,icloud.com
ACC002065,2025-10-06,Elizabeth Brock,yahoo.com
ACC002066,2025-03-03,Joshua Gonzalez,icloud.com
ACC002067,2026-07-07,Mario Chavez,yahoo.com
ACC002068,2026-08-17,Catherine Smith,gmail.com
ACC002069,2025-06-08,Shari Ray,outlook.com
ACC002070,2026-01-19,Victor Harmon,icloud.com
ACC002071,2024-11-18,Timothy Patel,gmail.com
ACC002072,2025-12-06,Patricia Hamilton,yahoo.com
ACC002073,2026-02-01,Lori Boyd,gmail.com
ACC002074,2024-11-14,Charles Hernandez,icloud.com
ACC002075,2025-10-14,Elizabeth Graham,yahoo.com
ACC002076,2024-09-11,Ronald Brown,outlook.com
ACC002077,2025-08-01,Jason Colon,icloud.com
ACC002078,2024-11-09,Dawn Burke,gmail.com
ACC002079,2025-01-22,Brian Lee,icloud.com
ACC002080,2025-02-22,Ronald Marshall,gmail.com
ACC002081,2025-06-29,Jessica Lucas,gmail.com
ACC002082,2024-11-19,Christopher Taylor,gmail.com
ACC002083,2025-11-26,Robert Hopkins,outlook.com
ACC002084,2024-10-06,Samuel Stuart,yahoo.com
ACC002085,2026-06-13,Mr. Scott Miller,gmail.com
ACC002086,2025-11-29,Sharon Lester,gmail.com
ACC002087,2025-09-22,Jack Sandoval,yahoo.com
ACC002088,2025-05-03,Tony Ramsey,yahoo.com
ACC002089,2025-11-06,Brian Navarro,gmail.com
ACC002090,2025-03-16,Kelly Calderon,gmail.com
ACC002091,2026-07-13,Tara King,yahoo.com
ACC002092,2025-10-31,Cynthia Martinez,gmail.com
ACC002093,2026-03-30,Erin Silva,yahoo.com
ACC002094,2025-11-13,Paul Young,gmail.com
ACC002095,2024-12-18,Charles Thompson,outlook.com
ACC002096,2024-09-16,Jessica King,icloud.com
ACC002097,2025-10-04,Katherine Brooks,yahoo.com
ACC002098,2024-11-07,Emily Coleman,outlook.com
ACC002099,2024-11-08,Tracey Suarez,yahoo.com
ACC002100,2026-05-07,Heidi Baldwin,icloud.com
ACC002101,2025-05-16,Alisha Rasmussen,gmail.com
ACC002102,2026-07-27,Sarah Bates,yahoo.com
ACC002103,2026-06-13,Melissa Mccormick,outlook.com
ACC002104,2025-08-10,Juan Parker,gmail.com
ACC002105,2026-02-06,Heidi Burnett,yahoo.com
ACC002106,2024-09-22,Sean Mathews,gmail.com
ACC002107,2025-11-13,Theodore Long,yahoo.com
ACC002108,2025-01-19,Dawn Davis,outlook.com
ACC002109,2025-03-26,Cynthia Clark,yahoo.com
ACC002110,2026-06-20,Sydney Welch,gmail.com
ACC002111,2025-08-03,Pamela Sullivan,yahoo.com
ACC002112,2026-06-22,Sean Morrow,gmail.com
ACC002113,2024-09-25,Kaitlin Gutierrez,yahoo.com
ACC002114,2025-05-07,Michelle Mcdowell,yahoo.com
ACC002115,2026-08-05,Samantha Hale,yahoo.com
ACC002116,2025-03-07,Heather Guzman,icloud.com
ACC002117,2026-01-17,Nancy Chavez,gmail.com
ACC002118,2026-06-12,Anthony May,yahoo.com
ACC002119,2024-12-03,Rachel Taylor,yahoo.com
ACC002120,2026-02-02,Mark Edwards,gmail.com
ACC002121,2025-07-16,Christopher Black,yahoo.com
ACC002122,2025-11-09,Sandra Hines,yahoo.com
ACC002123,2025-06-20,Melissa Sparks,icloud.com
ACC002124,2026-01-06,John Moss,gmail.com
ACC002125,2025-09-22,Michael Serrano,yahoo.com
ACC002126,2025-11-07,Christina Perry,icloud.com
ACC002127,2024-09-21,Shawn Duffy,icloud.com
ACC002128,2025-07-05,Courtney Vaughan,yahoo.com
ACC002129,2025-09-25,Maria Sims,icloud.com
ACC002130,2025-06-18,Valerie Gonzalez,icloud.com
ACC002131,2025-08-08,Caroline Morales,yahoo.com
ACC002132,2025-02-06,David Davis,yahoo.com
ACC002133,2026-01-26,Travis Wilson,outlook.com
ACC002134,2025-10-31,Jessica Mora,icloud.com
ACC002135,2026-01-15,Michael Wilson,outlook.com
ACC002136,2024-10-10,Cheryl Atkins,gmail.com
ACC002137,2025-03-18,Donna Snyder,icloud.com
ACC002138,2026-02-04,Scott Greene,icloud.com
ACC002139,2026-06-29,Diane Byrd MD,icloud.com
ACC002140,2025-05-07,Charles Roberts,icloud.com
ACC002141,2026-06-09,Luke Solomon,gmail.com
ACC002142,2026-05-13,Michael Ellis,icloud.com
ACC002143,2025-05-12,Casey Morris,yahoo.com
ACC002144,2024-12-04,Melissa Reeves,icloud.com
ACC002145,2026-02-13,Nancy Scott,yahoo.com
ACC002146,2025-11-12,Anthony Cook,outlook.com
ACC002147,2026-04-24,Terry Barajas,outlook.com
ACC002148,2024-12-21,Tracy George,outlook.com
ACC002149,2025-04-03,Amber King,icloud.com
ACC002150,2025-02-20,Elizabeth Foster,icloud.com
ACC002151,2024-11-11,Walter Hansen,icloud.com
ACC002152,2025-11-16,Debbie Gordon,yahoo.com
ACC002153,2025-03-10,Sherry Anderson,yahoo.com
ACC002154,2025-03-06,Joseph Thomas,gmail.com
ACC002155,2025-03-10,Andrew Anderson,yahoo.com
ACC002156,2025-03-16,Sandy Adkins,outlook.com
ACC002157,2026-06-04,Diane Mcdowell,gmail.com
ACC002158,2025-06-28,Pam Baker,gmail.com
ACC002159,2025-06-11,Steven Stewart,gmail.com
ACC002160,2026-04-23,Pamela Hernandez DVM,yahoo.com
ACC002161,2026-07-21,Rebecca Brown,gmail.com
ACC002162,2025-05-31,David Johnson,gmail.com
ACC002163,2025-04-05,Michael Graham,gmail.com
ACC002164,2026-01-11,Tammy Williams MD,icloud.com
ACC002165,2025-08-11,Karina Vasquez,outlook.com
ACC002166,2025-05-04,Sharon Martinez,outlook.com
ACC002167,2026-05-19,Sean White,gmail.com
ACC002168,2024-12-12,Jordan Nelson,gmail.com
ACC002169,2025-01-21,Laurie Silva,gmail.com
ACC002170,2026-08-18,Kelly Duncan,yahoo.com
ACC002171,2026-05-27,Billy Tate,icloud.com
ACC002172,2024-09-04,Stacy Johnson,outlook.com
ACC002173,2024-10-17,Melanie Long,outlook.com
ACC002174,2026-05-15,Tiffany Hood,icloud.com
ACC002175,2025-08-23,Brad Rivas,icloud.com
ACC002176,2025-09-30,Jordan Moses,outlook.com
ACC002177,2026-02-15,Abigail Booker,gmail.com
ACC002178,2024-11-29,Tiffany Nguyen,outlook.com
ACC002179,2025-12-01,Morgan Bernard,gmail.com
ACC002180,2025-05-08,Christine Williams,yahoo.com
ACC002181,2024-12-18,Erica Brown,icloud.com
ACC002182,2025-08-01,Trevor James,icloud.com
ACC002183,2025-05-22,Christopher Hanna,icloud.com
ACC002184,2026-03-02,Ann Phelps,icloud.com
ACC002185,2025-04-18,Richard Mitchell,gmail.com
ACC002186,2025-09-26,Martha Martinez,icloud.com
ACC002187,2025-05-24,Jeffrey Drake MD,gmail.com
ACC002188,2024-12-24,Bonnie Wade,gmail.com
ACC002189,2024-12-28,Kayla Burns,outlook.com
ACC002190,2025-09-25,Karen Hart,gmail.com
ACC002191,2026-04-28,Peter Shepherd,yahoo.com
ACC002192,2025-07-25,Jessica Simmons,outlook.com
ACC002193,2024-12-19,Glenn Ford,icloud.com
ACC002194,2025-07-21,Michael Moore,yahoo.com
ACC002195,2026-01-25,Mark Warren IV,icloud.com
ACC002196,2025-01-28,Terry Woods,gmail.com
ACC002197,2026-01-28,Carl Leach,gmail.com
ACC002198,2026-06-09,Kelly Phillips,yahoo.com
ACC002199,2026-08-23,Billy Williams,icloud.com
ACC002200,2025-02-04,Jeffery Davis,yahoo.com
ACC002201,2025-03-03,Laura King,icloud.com
ACC002202,2026-07-08,Brad Gordon,yahoo.com
ACC002203,2025-08-12,Matthew White,icloud.com
ACC002204,2025-10-06,James Miller,icloud.com
ACC002205,2025-06-17,Elizabeth Matthews,yahoo.com
ACC002206,2025-01-13,Michael Hanson,outlook.com
ACC002207,2025-12-13,Vincent Savage,yahoo.com
ACC002208,2026-08-14,Cody Burgess,icloud.com
ACC002209,2025-04-03,Shelby Rodriguez,yahoo.com
ACC002210,2025-09-06,Abigail Wilson,gmail.com
ACC002211,2025-11-12,John Holt,yahoo.com
ACC002212,2025-08-31,Tracy Guzman,icloud.com
ACC002213,2024-12-30,Mr. William Ward,outlook.com
ACC002214,2026-06-05,Melissa Foster,icloud.com
ACC002215,2024-12-31,Calvin Smith,yahoo.com
ACC002216,2025-07-07,Alan Waller,yahoo.com
ACC002217,2025-12-19,Christine Wong,icloud.com
ACC002218,2025-09-12,Jessica Garrett,gmail.com
ACC002219,2024-11-24,Cheryl Turner,gmail.com
ACC002220,2024-09-24,John Johnson,icloud.com
ACC002221,2026-05-01,Christian Park,yahoo.com
ACC002222,2026-06-23,Kaitlyn Heath,icloud.com
ACC002223,2024-12-11,Christina Hudson,outlook.com
ACC002224,2025-10-21,Amber Smith,gmail.com
ACC002225,2024-11-05,Michelle Petty,gmail.com
ACC002226,2025-03-05,Nancy Larson,yahoo.com
ACC002227,2025-07-19,Donna Freeman,gmail.com
ACC002228,2026-04-12,Mr. Logan Gregory,yahoo.com
ACC002229,2026-03-30,Katherine Klein,outlook.com
ACC002230,2025-01-06,Jennifer Stewart,outlook.com
ACC002231,2025-11-08,Steven Butler,gmail.com
ACC002232,2024-10-18,Johnny Mcmillan,outlook.com
ACC002233,2026-04-14,Michael Smith,icloud.com
ACC002234,2026-05-14,Corey Cooper,yahoo.com
ACC002235,2025-05-01,Daniel Stout,gmail.com
ACC002236,2025-07-04,Lance Kirby,yahoo.com
ACC002237,2026-04-29,Bonnie Carter,outlook.com
ACC002238,2026-05-31,Toni Whitaker,icloud.com
ACC002239,2025-05-25,Morgan Flynn,icloud.com
ACC002240,2025-12-12,Sarah Howell,gmail.com
ACC002241,2026-08-13,Paul Estrada,yahoo.com
ACC002242,2026-06-07,Curtis Obrien,outlook.com
ACC002243,2026-04-01,Jason Chaney,yahoo.com
ACC002244,2025-07-21,Daniel Williams,icloud.com
ACC002245,2026-05-12,Stanley Kelly,yahoo.com
ACC002246,2025-01-06,Ronald Kline,gmail.com
ACC002247,2025-08-04,Arthur Jordan,gmail.com
ACC002248,2025-06-07,Barbara Walker,yahoo.com
ACC002249,2024-09-11,Gerald Kelly,gmail.com
ACC002250,2025-09-23,Shawn Adams,gmail.com
ACC002251,2026-02-22,Michael Robertson,outlook.com
ACC002252,2026-02-24,Michelle House,outlook.com
ACC002253,2026-05-16,Jim Skinner,gmail.com
ACC002254,2025-07-23,Brian Bishop,icloud.com
ACC002255,2026-07-27,Theresa Colon,icloud.com
ACC002256,2025-05-24,Brian Soto,gmail.com
ACC002257,2025-01-25,Susan Moore,icloud.com
ACC002258,2026-06-17,Jeremy Hunter,outlook.com
ACC002259,2026-08-25,Annette Holland,icloud.com
ACC002260,2025-08-29,Chad Allison,icloud.com
ACC002261,2025-11-13,Jason Mack,yahoo.com
ACC002262,2025-07-10,Robert Peterson,icloud.com
ACC002263,2026-06-12,Angela Watson,gmail.com
ACC002264,2024-12-05,Heather Ortega,yahoo.com
ACC002265,2025-06-20,Paul Fisher,icloud.com
ACC002266,2026-07-26,Robert Gutierrez,yahoo.com
ACC002267,2026-02-10,Jimmy Phelps,gmail.com
ACC002268,2026-05-25,Heidi Johnson,yahoo.com
ACC002269,2026-08-21,Adam Drake,outlook.com
ACC002270,2026-05-15,Angela Edwards,icloud.com
ACC002271,2025-02-27,Mrs. Amy Malone,gmail.com
ACC002272,2026-02-09,Margaret Orr,outlook.com
ACC002273,2026-01-21,Mark Reeves,icloud.com
ACC002274,2024-12-25,Kelly Phillips,outlook.com
ACC002275,2025-06-25,Michael Spencer,outlook.com
ACC002276,2025-05-30,Patrick Blankenship,yahoo.com
ACC002277,2025-04-11,Douglas Rose,outlook.com
ACC002278,2026-05-26,Melody Griffin,icloud.com
ACC002279,2024-09-07,Joshua Kramer,icloud.com
ACC002280,2025-08-29,Melissa Barron,gmail.com
ACC002281,2025-03-10,Jennifer Gonzalez,icloud.com
ACC002282,2024-12-13,Andrew Cook,icloud.com
ACC002283,2024-11-26,Natalie Martinez,yahoo.com
ACC002284,2026-01-13,Diane Davis DDS,gmail.com
ACC002285,2025-04-20,Nicole Moore,icloud.com
ACC002286,2025-07-04,Robert Vargas,outlook.com
ACC002287,2026-03-04,Raymond Barber,outlook.com
ACC002288,2026-07-05,Mrs. Amy Watson,icloud.com
ACC002289,2025-08-29,Heather Williams,icloud.com
ACC002290,2026-08-28,Belinda Evans,yahoo.com
ACC002291,2025-06-19,Jody Bird,gmail.com
ACC002292,2025-11-06,Virginia Cunningham,outlook.com
ACC002293,2026-07-15,Lori Ferguson,yahoo.com
ACC002294,2024-12-31,Hayley Mitchell,icloud.com
ACC002295,2026-07-31,Michelle Chambers,yahoo.com
ACC002296,2026-01-27,Kelly Wright,icloud.com
ACC002297,2024-12-20,Kevin Carson,gmail.com
ACC002298,2025-08-19,Brent Dawson,gmail.com
ACC002299,2026-07-27,Angela Brown,outlook.com
ACC002300,2025-11-19,Karen Griffin,icloud.com
ACC002301,2026-01-11,Joseph Chapman,gmail.com
ACC002302,2026-05-26,Jennifer Baker,yahoo.com
ACC002303,2025-06-15,Mr. Jeremiah Galvan MD,gmail.com
ACC002304,2026-07-15,Samantha Thomas,icloud.com
ACC002305,2026-08-25,Michael Anderson,gmail.com
ACC002306,2026-04-29,Sharon Wilson,yahoo.com
ACC002307,2025-01-14,John Francis,icloud.com
ACC002308,2025-03-16,Jaclyn Crane,yahoo.com
ACC002309,2026-05-25,Jennifer Martinez,yahoo.com
ACC002310,2025-09-25,Amanda Hernandez,icloud.com
ACC002311,2025-04-16,William Turner,outlook.com
ACC002312,2024-11-02,Dr. Charles Lawrence,icloud.com
ACC002313,2024-12-22,Steven Small,outlook.com
ACC002314,2025-08-26,Robert Burns,icloud.com
ACC002315,2024-10-19,Gregory Harrell,yahoo.com
ACC002316,2024-10-24,Kenneth Knight,outlook.com
ACC002317,2025-12-28,Rachael Alvarez,outlook.com
ACC002318,2025-03-09,Lisa Gill,outlook.com
ACC002319,2025-08-09,Julia Cole,outlook.com
ACC002320,2026-07-18,Sean Nguyen,gmail.com
ACC002321,2025-09-05,Mary Ortiz,outlook.com
ACC002322,2026-06-28,James Weaver,outlook.com
ACC002323,2024-11-29,Stacy Fitzgerald,gmail.com
ACC002324,2024-10-13,Sharon Mann,yahoo.com
ACC002325,2024-12-11,Rebecca Zimmerman,gmail.com
ACC002326,2025-12-30,Becky Hansen,yahoo.com
ACC002327,2025-01-09,Luke Ray,yahoo.com
ACC002328,2026-03-28,Kelly Lopez,outlook.com
ACC002329,2026-06-07,Steven Martinez,gmail.com
ACC002330,2026-01-08,Catherine Smith,icloud.com
ACC002331,2026-05-07,Danielle Thornton,outlook.com
ACC002332,2024-10-17,Jill Roman,gmail.com
ACC002333,2026-01-20,Jennifer Williams,gmail.com
ACC002334,2026-02-04,Allison Kim,icloud.com
ACC002335,2026-05-15,Scott Stewart,outlook.com
ACC002336,2024-09-04,Brian Garcia,yahoo.com
ACC002337,2026-02-08,Charles Scott,icloud.com
ACC002338,2025-04-14,Eric Russell,outlook.com
ACC002339,2025-02-23,Lucas Nguyen,yahoo.com
ACC002340,2025-06-26,Anthony Price,gmail.com
ACC002341,2025-01-15,Jason Nguyen,outlook.com
ACC002342,2025-04-04,Ronald Martinez,gmail.com
ACC002343,2026-06-10,Paul Willis,outlook.com
ACC002344,2026-08-24,Paul Cruz Jr.,outlook.com
ACC002345,2026-05-20,John Russell,outlook.com
ACC002346,2026-06-03,Mr. David Mercado,gmail.com
ACC002347,2025-06-14,Victor Leonard,yahoo.com
ACC002348,2026-03-05,Justin Glover,gmail.com
ACC002349,2026-06-04,Jason Miller,yahoo.com
ACC002350,2025-07-30,Christina Faulkner,outlook.com
ACC002351,2025-02-07,William Casey,icloud.com
ACC002352,2025-09-13,Jessica Buck,yahoo.com
ACC002353,2026-01-21,Aaron Marshall,yahoo.com
ACC002354,2025-02-28,Donna Stanton,yahoo.com
ACC002355,2026-06-26,Timothy Olson,outlook.com
ACC002356,2025-02-14,Sara James,yahoo.com
ACC002357,2024-11-11,Mark Richards,yahoo.com
ACC002358,2025-05-10,Amber Stevenson,icloud.com
ACC002359,2026-02-22,Elizabeth Foster,yahoo.com
ACC002360,2025-09-22,Charles Hawkins,icloud.com
ACC002361,2024-09-14,Jeffrey Bishop,gmail.com
ACC002362,2024-11-25,Emily Fleming,outlook.com
ACC002363,2024-09-10,Dean Mullins,gmail.com
ACC002364,2025-03-27,David Bird,yahoo.com
ACC002365,2025-02-15,Joe Greene,outlook.com
ACC002366,2025-02-06,Michael Lucas,yahoo.com
ACC002367,2026-06-05,John Valenzuela,gmail.com
ACC002368,2024-12-15,Jennifer Woodard,outlook.com
ACC002369,2025-01-24,Pamela Medina,gmail.com
ACC002370,2025-04-21,Mariah Jones,icloud.com
ACC002371,2025-08-28,Ronnie Powers,outlook.com
ACC002372,2026-08-05,Heather Hess,gmail.com
ACC002373,2024-12-22,Heather Thompson,yahoo.com
ACC002374,2025-09-01,Melissa Smith,gmail.com
ACC002375,2025-09-05,Timothy Wallace,gmail.com
ACC002376,2025-03-02,Alejandro Campbell,icloud.com
ACC002377,2026-07-28,Heather Davis,icloud.com
ACC002378,2026-06-02,Elizabeth Robbins,outlook.com
ACC002379,2025-06-05,Johnny Cox,icloud.com
ACC002380,2024-11-18,Tanner Mann,gmail.com
ACC002381,2025-07-25,Craig Nicholson,yahoo.com
ACC002382,2026-01-03,Sergio Carroll,gmail.com
ACC002383,2025-06-13,Juan Keller MD,yahoo.com
ACC002384,2025-01-09,Krystal Jones,yahoo.com
ACC002385,2025-07-24,Austin Green,icloud.com
ACC002386,2026-08-12,Crystal Mills,icloud.com
ACC002387,2026-07-02,Cheryl Gregory,yahoo.com
ACC002388,2026-03-17,Melissa Patel MD,icloud.com
ACC002389,2025-09-29,Jordan Pace,gmail.com
ACC002390,2026-08-21,Terri Williams,gmail.com
ACC002391,2024-09-03,Jessica Carney,yahoo.com
ACC002392,2026-03-26,Michael Owens,icloud.com
ACC002393,2024-11-01,Peter Stephenson,outlook.com
ACC002394,2025-06-29,Donald Fisher,icloud.com
ACC002395,2025-05-07,Aaron Lee,yahoo.com
ACC002396,2025-01-20,Kenneth Johnson,gmail.com
ACC002397,2024-09-27,Vanessa Coleman,icloud.com
ACC002398,2026-08-20,David Martin,gmail.com
ACC002399,2026-05-02,Mark Davis,yahoo.com
ACC002400,2025-09-10,Robert Watkins,yahoo.com
ACC002401,2024-11-18,Felicia Wright,gmail.com
ACC002402,2025-03-06,David Peterson,icloud.com
ACC002403,2025-12-26,Gavin Bauer,icloud.com
ACC002404,2026-06-23,Patricia Harvey,gmail.com
ACC002405,2025-02-07,Lori Riley,gmail.com
ACC002406,2026-01-29,Antonio Johnson,yahoo.com
ACC002407,2025-11-08,Ryan Brown,icloud.com
ACC002408,2026-08-28,Thomas Ramos,yahoo.com
ACC002409,2025-06-06,Mark Jones,gmail.com
ACC002410,2025-04-05,Kristin Phillips,icloud.com
ACC002411,2025-10-07,Brendan Walton,yahoo.com
ACC002412,2026-01-02,Kyle Keller,outlook.com
ACC002413,2025-02-16,James Pope,gmail.com
ACC002414,2025-03-19,Lisa Morgan,outlook.com
ACC002415,2024-11-19,Rachel Gibson,outlook.com
ACC002416,2025-05-04,Corey Garcia,outlook.com
ACC002417,2024-11-06,Andrea Clarke,yahoo.com
ACC002418,2025-03-12,Kenneth Walsh,yahoo.com
ACC002419,2025-06-03,Jason Hardy,gmail.com
ACC002420,2024-10-17,David Robles,gmail.com
ACC002421,2025-07-14,Eric Graham,gmail.com
ACC002422,2025-10-13,Nicole Collins,yahoo.com
ACC002423,2025-08-31,Patricia Hernandez,yahoo.com
ACC002424,2025-10-23,Grant Wood,gmail.com
ACC002425,2026-04-25,Kevin Gregory,icloud.com
ACC002426,2025-06-25,Jonathon Conley,yahoo.com
ACC002427,2024-11-20,Jennifer Gonzalez,gmail.com
ACC002428,2026-07-30,Terry Glover,yahoo.com
ACC002429,2025-12-03,Michael Neal,yahoo.com
ACC002430,2025-09-04,Ms. Erin Lane,icloud.com
ACC002431,2025-05-03,Lisa Barnes,yahoo.com
ACC002432,2026-04-04,Jesse Mccormick,icloud.com
ACC002433,2025-01-25,Daniel Smith,outlook.com
ACC002434,2024-12-06,David Hanson,icloud.com
ACC002435,2025-06-30,Nicholas Cisneros,yahoo.com
ACC002436,2026-04-14,Patrick Harris,outlook.com
ACC002437,2024-11-12,William Cox,yahoo.com
ACC002438,2025-12-29,Alvin Wilson,outlook.com
ACC002439,2025-01-05,Cory Willis,icloud.com
ACC002440,2025-06-21,Amanda Johnson,icloud.com
ACC002441,2025-11-26,Christopher Mcclure,outlook.com
ACC002442,2024-11-25,Gina Spencer,icloud.com
ACC002443,2026-07-31,Alex Cameron,gmail.com
ACC002444,2026-08-18,Alisha Byrd,gmail.com
ACC002445,2025-06-25,Richard Rodriguez,icloud.com
ACC002446,2024-11-14,Elizabeth Allen,yahoo.com
ACC002447,2026-07-18,Mary Pugh,gmail.com
ACC002448,2025-12-24,Yolanda Keith,icloud.com
ACC002449,2025-03-04,Ana Thomas,gmail.com
ACC002450,2025-03-24,Rebecca Lee,icloud.com
ACC002451,2025-07-22,James Greene,outlook.com
ACC002452,2026-08-21,Dana Williams,icloud.com
ACC002453,2025-12-10,Chelsea Nichols,gmail.com
ACC002454,2025-01-28,Erin Brown,yahoo.com
ACC002455,2026-05-09,Shelley York,icloud.com
ACC002456,2025-11-15,Stacey Clark,icloud.com
ACC002457,2025-04-05,John Alvarado,gmail.com
ACC002458,2025-05-17,Jordan Potter,yahoo.com
ACC002459,2024-11-10,Katrina Jimenez,outlook.com
ACC002460,2025-07-03,Frank Brooks,icloud.com
ACC002461,2026-07-18,Michelle Simpson,outlook.com
ACC002462,2024-12-04,James Morse,icloud.com
ACC002463,2025-02-16,Amanda Robinson,yahoo.com
ACC002464,2026-01-07,Scott Foster,icloud.com
ACC002465,2025-08-30,Stephen Duncan,icloud.com
ACC002466,2024-11-19,Jacqueline Pierce,yahoo.com
ACC002467,2024-09-15,Bradley Wallace,yahoo.com
ACC002468,2026-01-25,Kevin Marshall,outlook.com
ACC002469,2025-05-28,Jessica Mcdonald,gmail.com
ACC002470,2026-06-12,Robert Stewart,icloud.com
ACC002471,2025-04-12,Christopher Hall,yahoo.com
ACC002472,2026-05-09,Heather Miller,icloud.com
ACC002473,2025-04-03,Kayla Schneider,yahoo.com
ACC002474,2025-09-08,Tammy Garcia,gmail.com
ACC002475,2026-01-28,Andrew Gonzalez,gmail.com
ACC002476,2025-10-29,Gary Turner,icloud.com
ACC002477,2026-03-10,Melinda Hill,icloud.com
ACC002478,2025-02-28,Yolanda Murillo,icloud.com
ACC002479,2025-03-01,Nancy Gaines,yahoo.com
ACC002480,2025-06-19,Elijah Short,icloud.com
ACC002481,2024-11-29,Jennifer Sullivan,gmail.com
ACC002482,2026-05-25,Mary Kennedy,icloud.com
ACC002483,2026-06-01,Paige Hernandez,gmail.com
ACC002484,2026-07-16,Darrell Curry,outlook.com
ACC002485,2025-04-17,Jose Hartman,icloud.com
ACC002486,2025-03-20,Miranda Murray,icloud.com
ACC002487,2025-12-20,Emily Lopez,icloud.com
ACC002488,2025-09-19,Melissa Clark,yahoo.com
ACC002489,2026-07-07,Justin Brooks,outlook.com
ACC002490,2026-07-22,Bethany Harding,yahoo.com
ACC002491,2024-10-04,Robert Flowers,gmail.com
ACC002492,2025-09-19,Jason Jennings,outlook.com
ACC002493,2026-04-09,Richard Medina,icloud.com
ACC002494,2025-03-17,Alexander Floyd,icloud.com
ACC002495,2025-01-10,Brittany Cisneros,icloud.com
ACC002496,2025-07-23,Mark Morrison,yahoo.com
ACC002497,2024-12-11,Sharon Baird,yahoo.com
ACC002498,2026-06-05,James Ferguson,outlook.com
ACC002499,2025-03-28,Brian Hudson,gmail.com
ACC002500,2025-11-22,Steven Davis,gmail.com
ACC002501,2026-05-26,Juan Johnson,gmail.com
ACC002502,2025-01-12,Katherine Lopez,icloud.com
ACC002503,2025-05-04,Victor Campbell,yahoo.com
ACC002504,2026-03-03,Matthew Jones,yahoo.com
ACC002505,2026-07-08,Joseph Jackson,gmail.com
ACC002506,2025-01-26,Jennifer Moore,gmail.com
ACC002507,2025-12-15,Joshua Mendoza,gmail.com
ACC002508,2025-06-17,Troy Glenn,outlook.com
ACC002509,2024-11-19,Daniel Reynolds,icloud.com
ACC002510,2025-10-06,Karen Munoz,gmail.com
ACC002511,2025-10-29,Laurie Shaw,gmail.com
ACC002512,2025-04-04,Desiree Smith,icloud.com
ACC002513,2026-06-11,Austin Ross,icloud.com
ACC002514,2025-07-03,Kelly Kent,gmail.com
ACC002515,2024-12-30,Julia Johnston,outlook.com
ACC002516,2026-05-22,Donna Ibarra,gmail.com
ACC002517,2025-01-03,Michael Dawson,yahoo.com
ACC002518,2026-02-13,Louis Patrick,yahoo.com
ACC002519,2024-12-27,David Yoder,yahoo.com
ACC002520,2025-01-20,Judith Bartlett,yahoo.com
ACC002521,2025-06-02,Keith Long,outlook.com
ACC002522,2024-12-04,Cynthia Harrell,outlook.com
ACC002523,2026-01-21,Mark Carter,icloud.com
ACC002524,2025-05-15,Melissa Bowen,yahoo.com
ACC002525,2025-10-08,Johnny Riddle,gmail.com
ACC002526,2025-03-30,Whitney Jones,icloud.com
ACC002527,2025-11-08,Randall Nguyen,outlook.com
ACC002528,2026-05-15,David Hunter,icloud.com
ACC002529,2026-04-04,Benjamin Neal,outlook.com
ACC002530,2025-12-05,Jane Reese,yahoo.com
ACC002531,2026-04-24,Jennifer Smith,icloud.com
ACC002532,2025-10-13,Thomas Murphy,gmail.com
ACC002533,2025-07-28,Kari Jones,icloud.com
ACC002534,2025-05-10,Dana Dodson,gmail.com
ACC002535,2025-09-16,Robert Skinner,yahoo.com
ACC002536,2024-09-10,Albert Garcia,outlook.com
ACC002537,2025-04-07,Joseph Myers,icloud.com
ACC002538,2026-03-30,Phillip Byrd,gmail.com
ACC002539,2026-05-10,Hunter Robinson,yahoo.com
ACC002540,2026-03-29,Michael Robinson,outlook.com
ACC002541,2026-07-31,Sara Cain,icloud.com
ACC002542,2025-03-22,Michelle Prince,yahoo.com
ACC002543,2026-01-24,Eric Williams,gmail.com
ACC002544,2025-01-01,Raymond Wang,gmail.com
ACC002545,2026-05-09,Jade Allen,outlook.com
ACC002546,2026-04-14,Javier Hays,gmail.com
ACC002547,2026-06-22,Corey Caldwell,gmail.com
ACC002548,2025-01-13,Stephen Robles,icloud.com
ACC002549,2025-08-12,Carol Jackson,gmail.com
ACC002550,2024-12-07,Brian Murphy,icloud.com
ACC002551,2025-07-22,Chelsey Clark,outlook.com
ACC002552,2026-03-24,Teresa Martinez,outlook.com
ACC002553,2025-10-08,Howard Thompson,outlook.com
ACC002554,2026-06-19,Eugene Price,gmail.com
ACC002555,2024-09-30,Austin Briggs,yahoo.com
ACC002556,2025-01-21,Jackie Jones,gmail.com
ACC002557,2025-04-20,Eric George,yahoo.com
ACC002558,2025-09-13,Mrs. Kimberly Mooney,gmail.com
ACC002559,2024-10-15,Carolyn Haley,gmail.com
ACC002560,2024-11-16,Vicki Horton,outlook.com
ACC002561,2025-06-04,Valerie Benson,yahoo.com
ACC002562,2025-01-01,Mark Henson,yahoo.com
ACC002563,2026-04-22,Samuel Olson,icloud.com
ACC002564,2026-02-17,Lee Richards,yahoo.com
ACC002565,2025-06-15,Martin Hall,outlook.com
ACC002566,2024-12-04,Virginia Hall,outlook.com
ACC002567,2025-08-28,Stephanie Parker,yahoo.com
ACC002568,2024-11-16,Nicole Harvey,icloud.com
ACC002569,2024-09-14,James Phillips,yahoo.com
ACC002570,2025-03-12,Dan Johnson,icloud.com
ACC002571,2025-04-02,Linda Bautista,outlook.com
ACC002572,2026-07-04,Erin Ramirez,yahoo.com
ACC002573,2025-04-13,Paige Meyer,outlook.com
ACC002574,2026-05-29,Maria Roberts,yahoo.com
ACC002575,2024-11-10,Ryan Rivera,outlook.com
ACC002576,2026-08-04,Joshua Knox,outlook.com
ACC002577,2025-12-17,Danielle Mcdaniel,gmail.com
ACC002578,2024-09-17,Lisa James,icloud.com
ACC002579,2024-09-30,Jeremy Smith,icloud.com
ACC002580,2025-05-30,Andrea Lee,gmail.com
ACC002581,2025-11-16,Brenda Harris,yahoo.com
ACC002582,2026-01-28,Kevin Guerra,icloud.com
ACC002583,2025-11-26,Cynthia Miller,outlook.com
ACC002584,2024-10-21,Emily Griffith,icloud.com
ACC002585,2025-06-29,Christopher Wright,yahoo.com
ACC002586,2026-05-02,Jerome Reid,outlook.com
ACC002587,2024-12-21,Richard Miller,gmail.com
ACC002588,2025-04-13,Jennifer Jackson,gmail.com
ACC002589,2026-04-13,Jonathan Moss,outlook.com
ACC002590,2026-02-27,Sally Leon,gmail.com
ACC002591,2026-05-29,James Dickerson,icloud.com
ACC002592,2024-12-13,Tammy Larson,yahoo.com
ACC002593,2025-03-30,Nicholas Scott,yahoo.com
ACC002594,2026-06-15,Jesse Brooks,outlook.com
ACC002595,2024-12-06,Andrea Taylor,yahoo.com
ACC002596,2026-08-06,Christopher Lopez,yahoo.com
ACC002597,2026-07-30,Jonathan Swanson,gmail.com
ACC002598,2025-08-07,Timothy Bentley DVM,icloud.com
ACC002599,2026-07-15,John Davidson,icloud.com
ACC002600,2024-09-22,Jennifer Williams,yahoo.com
ACC002601,2025-02-22,Janice Cunningham,gmail.com
ACC002602,2026-04-21,Jeffrey Scott,gmail.com
ACC002603,2025-12-28,Miranda Hicks,gmail.com
ACC002604,2026-04-04,Michael Horton DDS,outlook.com
ACC002605,2025-01-29,Nancy Allen,gmail.com
ACC002606,2025-08-10,Robert Mccoy,icloud.com
ACC002607,2026-03-13,Melissa Brewer,outlook.com
ACC002608,2025-09-09,Jesus Becker,icloud.com
ACC002609,2025-07-06,Lance Lynn,outlook.com
ACC002610,2025-06-04,Alexandria Wise,gmail.com
ACC002611,2025-04-14,Sydney Sanders,yahoo.com
ACC002612,2024-10-02,Stephanie Stone,yahoo.com
ACC002613,2025-03-31,Jay Gallegos,gmail.com
ACC002614,2026-06-17,Eric Ponce,gmail.com
ACC002615,2026-02-22,Janet Parker,yahoo.com
ACC002616,2025-08-06,Shawn Luna,icloud.com
ACC002617,2025-07-14,Mark Frank,yahoo.com
ACC002618,2026-05-21,Charles Goodman,gmail.com
ACC002619,2026-04-04,Jennifer Parker,outlook.com
ACC002620,2024-09-09,Dr. April Jones,icloud.com
ACC002621,2026-07-30,Kelly Pena,yahoo.com
ACC002622,2025-07-08,Carolyn Brooks,icloud.com
ACC002623,2025-06-29,Christina White,gmail.com
ACC002624,2025-04-11,Joanne Olsen,outlook.com
ACC002625,2026-01-14,Anthony White,outlook.com
ACC002626,2025-08-27,Deanna Barrera,gmail.com
ACC002627,2025-01-20,Mark Weber,outlook.com
ACC002628,2024-11-28,Carol Carter,outlook.com
ACC002629,2025-11-17,Donald Peterson,gmail.com
ACC002630,2024-10-03,Karen Chambers,icloud.com
ACC002631,2026-07-27,Antonio Walton,icloud.com
ACC002632,2024-12-10,Kevin Huerta,outlook.com
ACC002633,2025-02-25,Joseph Smith,icloud.com
ACC002634,2026-08-01,Victoria Juarez,yahoo.com
ACC002635,2025-11-01,Kara Rogers,yahoo.com
ACC002636,2024-11-27,Jacob Wu,outlook.com
ACC002637,2025-09-20,Dr. Teresa Ortega MD,icloud.com
ACC002638,2026-02-22,Henry Rivera,icloud.com
ACC002639,2025-12-24,Jesus Hale,outlook.com
ACC002640,2025-11-05,Stacy Taylor,icloud.com
ACC002641,2026-03-27,Sheila Ramirez,gmail.com
ACC002642,2025-01-22,Robin Richardson,outlook.com
ACC002643,2025-01-09,Mary Alvarez,outlook.com
ACC002644,2025-01-07,Cole Andersen,icloud.com
ACC002645,2026-02-13,Robin Smith,icloud.com
ACC002646,2024-10-27,Angel Aguirre,outlook.com
ACC002647,2026-05-02,Jeremy Lawson,gmail.com
ACC002648,2026-08-09,Lonnie Miller,outlook.com
ACC002649,2026-04-22,Timothy Galvan,gmail.com
ACC002650,2026-03-30,Dr. Susan Navarro,icloud.com
ACC002651,2026-07-24,Cory Thomas,yahoo.com
ACC002652,2024-09-07,Laura Vincent,icloud.com
ACC002653,2024-11-08,Bethany Robles,gmail.com
ACC002654,2026-02-15,Michael Dunn,gmail.com
ACC002655,2024-12-16,Carol Griffin,icloud.com
ACC002656,2025-10-06,Matthew Allen,gmail.com
ACC002657,2025-10-20,Paul Keller,icloud.com
ACC002658,2026-03-14,Jeffrey Baldwin,outlook.com
ACC002659,2025-11-17,Timothy Orr,yahoo.com
ACC002660,2025-01-24,Connie Scott,yahoo.com
ACC002661,2026-01-01,Steven Martinez,icloud.com
ACC002662,2026-07-16,Joseph Swanson,gmail.com
ACC002663,2026-07-16,Michael Wiggins,outlook.com
ACC002664,2026-08-16,Pamela Burke,gmail.com
ACC002665,2025-11-10,Jamie Love,yahoo.com
ACC002666,2025-12-13,Jane May,gmail.com
ACC002667,2026-04-18,Savannah Stokes,outlook.com
ACC002668,2024-10-14,Brian Miller,outlook.com
ACC002669,2025-12-14,Patrick Pineda,outlook.com
ACC002670,2025-09-02,Audrey Richardson,yahoo.com
ACC002671,2026-02-08,Tiffany Ray,gmail.com
ACC002672,2025-08-27,Antonio Nichols,outlook.com
ACC002673,2025-06-13,Veronica Flores,outlook.com
ACC002674,2026-06-23,Michael Hogan,icloud.com
ACC002675,2026-05-14,Lindsay Walker,yahoo.com
ACC002676,2026-08-16,Joshua Murray,outlook.com
ACC002677,2024-11-09,Tommy Hood,gmail.com
ACC002678,2025-04-26,Mr. Kyle Thomas DDS,gmail.com
ACC002679,2026-07-28,Michele George,icloud.com
ACC002680,2025-05-01,William Martinez,gmail.com
ACC002681,2025-11-05,Michelle Mendoza DVM,gmail.com
ACC002682,2024-12-27,Michael Bennett DVM,gmail.com
ACC002683,2025-09-19,Ronald Clark,gmail.com
ACC002684,2024-12-20,Rita Graves,icloud.com
ACC002685,2026-06-15,Sean White,yahoo.com
ACC002686,2026-01-16,Mr. William Hopkins,icloud.com
ACC002687,2025-03-26,Wendy Kelley,yahoo.com
ACC002688,2024-11-28,Michael Mooney,gmail.com
ACC002689,2024-10-05,Jeanne Rose,yahoo.com
ACC002690,2025-10-23,Michael Lee,gmail.com
ACC002691,2026-07-31,Jennifer Anderson,icloud.com
ACC002692,2026-04-08,Lauren Trujillo,icloud.com
ACC002693,2026-05-27,Michelle Ellis,yahoo.com
ACC002694,2025-11-12,Chad Dominguez,icloud.com
ACC002695,2025-01-09,Charles Robinson,outlook.com
ACC002696,2026-01-24,Nancy Smith,yahoo.com
ACC002697,2024-09-24,Laura Gregory,yahoo.com
ACC002698,2025-10-05,Brittany Clements MD,outlook.com
ACC002699,2025-06-22,Tammy Davis,gmail.com
ACC002700,2025-10-14,Catherine Williams,gmail.com
ACC002701,2025-05-28,Miss Leslie Booker,gmail.com
ACC002702,2025-11-06,Jennifer Johnson,outlook.com
ACC002703,2024-10-31,John Watts,yahoo.com
ACC002704,2026-07-12,Marissa Bennett,gmail.com
ACC002705,2024-11-14,Rebecca Barrett,gmail.com
ACC002706,2025-11-01,Sharon Santos,gmail.com
ACC002707,2025-06-05,Matthew Richardson,gmail.com
ACC002708,2026-01-22,Bradley Burns,yahoo.com
ACC002709,2026-01-03,Katrina Johnson,outlook.com
ACC002710,2024-10-27,Laura Hill,gmail.com
ACC002711,2026-07-31,Rebecca White,gmail.com
ACC002712,2025-10-02,Mr. Jeffrey Duncan,icloud.com
ACC002713,2026-08-20,Arthur Stout,icloud.com
ACC002714,2025-11-23,Cathy Hess,gmail.com
ACC002715,2025-03-18,Justin Herrera,outlook.com
ACC002716,2025-05-02,Katherine Stone,yahoo.com
ACC002717,2025-04-21,Michelle Tyler,icloud.com
ACC002718,2025-05-14,Paul Sheppard,gmail.com
ACC002719,2025-01-08,Catherine George,icloud.com
ACC002720,2024-10-15,Justin Mcbride,outlook.com
ACC002721,2025-06-27,Carl Harris,yahoo.com
ACC002722,2026-07-06,Justin York,gmail.com
ACC002723,2025-05-15,William Hunter,yahoo.com
ACC002724,2025-04-14,Joshua Henderson,icloud.com
ACC002725,2026-03-19,April Turner,outlook.com
ACC002726,2025-07-24,Kelly Patton,gmail.com
ACC002727,2025-10-26,Jill Ray,icloud.com
ACC002728,2025-03-28,Kelly Andersen,yahoo.com
ACC002729,2026-03-21,Joshua Clark,yahoo.com
ACC002730,2025-01-24,Robert Young,gmail.com
ACC002731,2026-06-28,Elijah Wall,icloud.com
ACC002732,2026-01-24,Lindsey Robinson,gmail.com
ACC002733,2026-04-26,Carl Dean,icloud.com
ACC002734,2024-11-01,David James,outlook.com
ACC002735,2024-09-20,Jennifer Miller,icloud.com
ACC002736,2024-10-16,Jeffery Neal,yahoo.com
ACC002737,2025-03-08,Andrea Oconnor,icloud.com
ACC002738,2024-10-03,Melissa Lee MD,outlook.com
ACC002739,2025-05-27,Samantha Jacobs,yahoo.com
ACC002740,2026-05-30,Christian Riddle,icloud.com
ACC002741,2024-12-21,Alexander Munoz,icloud.com
ACC002742,2025-11-09,Caleb Rodriguez,outlook.com
ACC002743,2025-12-23,Andrea Bowman,yahoo.com
ACC002744,2025-06-15,Gavin Nelson,outlook.com
ACC002745,2026-03-10,Courtney Smith,outlook.com
ACC002746,2024-10-10,Wayne Gray,outlook.com
ACC002747,2026-07-08,Timothy Thompson,outlook.com
ACC002748,2025-07-12,Elizabeth Nicholson,outlook.com
ACC002749,2025-11-29,Joseph Graves PhD,icloud.com
ACC002750,2024-09-10,Lisa Mosley,icloud.com
ACC002751,2026-01-05,Travis Price,yahoo.com
ACC002752,2026-04-17,Patrick Faulkner,gmail.com
ACC002753,2024-11-05,Linda Atkinson,icloud.com
ACC002754,2025-06-10,Cameron Smith,outlook.com
ACC002755,2025-04-21,Brittney Martinez,yahoo.com
ACC002756,2025-04-27,Nicolas Brown,gmail.com
ACC002757,2026-08-02,Vanessa Zimmerman,icloud.com
ACC002758,2026-03-21,Lee Mann,yahoo.com
ACC002759,2025-05-22,William Lindsey,gmail.com
ACC002760,2026-05-08,Desiree Patterson,yahoo.com
ACC002761,2024-11-19,Sierra Cervantes,icloud.com
ACC002762,2025-05-01,Scott Meza,yahoo.com
ACC002763,2026-07-30,Erik Davis,icloud.com
ACC002764,2025-06-17,Nicholas Duffy,yahoo.com
ACC002765,2026-05-15,Anthony Paul,outlook.com
ACC002766,2026-06-30,Katherine Baxter,outlook.com
ACC002767,2026-05-30,Jessica Romero,gmail.com
ACC002768,2024-10-16,Karen Robertson,outlook.com
ACC002769,2024-12-18,Dr. Melissa Sullivan DDS,yahoo.com
ACC002770,2025-04-09,Nichole Klein,icloud.com
ACC002771,2025-09-26,Nicole Sanchez,gmail.com
ACC002772,2026-04-02,Tiffany Morrow,icloud.com
ACC002773,2026-05-15,Kelsey Lynch,icloud.com
ACC002774,2025-06-03,Traci Craig,yahoo.com
ACC002775,2025-08-03,Kelly Walker,yahoo.com
ACC002776,2025-12-11,Ryan Palmer,outlook.com
ACC002777,2025-11-30,Jenny Gray,icloud.com
ACC002778,2025-08-27,Brian Sloan,gmail.com
ACC002779,2026-05-13,Joshua Miranda,yahoo.com
ACC002780,2025-04-24,Edwin Carter,yahoo.com
ACC002781,2026-07-23,Oscar Carroll,yahoo.com
ACC002782,2025-08-16,Eric Fitzpatrick,outlook.com
ACC002783,2025-10-24,Samantha Johnson,icloud.com
ACC002784,2026-06-10,Luke Freeman,yahoo.com
ACC002785,2024-09-16,Luis Murphy,yahoo.com
ACC002786,2025-05-28,Aaron Zamora,icloud.com
ACC002787,2024-10-05,Henry Garcia,icloud.com
ACC002788,2024-11-14,Bradley Robertson Jr.,yahoo.com
ACC002789,2025-08-29,John Moore,yahoo.com
ACC002790,2025-06-28,Courtney Foster,gmail.com
ACC002791,2026-04-29,Jeffrey White,gmail.com
ACC002792,2025-08-30,Ashley Gonzales,icloud.com
ACC002793,2025-11-21,Candice Gomez,outlook.com
ACC002794,2025-03-07,Ian Harrell,gmail.com
ACC002795,2026-05-01,Colton Williams,outlook.com
ACC002796,2025-07-26,Patrick Santana,icloud.com
ACC002797,2024-12-09,Cristian Mendoza,yahoo.com
ACC002798,2025-08-16,Deborah Fisher,gmail.com
ACC002799,2025-07-28,Rebecca Klein,icloud.com
ACC002800,2025-01-25,Phillip Macias,gmail.com
ACC002801,2026-02-14,Tammy Cameron,outlook.com
ACC002802,2025-08-22,Brian Rodriguez,outlook.com
ACC002803,2025-06-22,Christopher Porter,outlook.com
ACC002804,2025-04-18,Cynthia Gregory,yahoo.com
ACC002805,2026-05-14,William Mclaughlin,gmail.com
ACC002806,2025-01-23,Dylan Tucker,gmail.com
ACC002807,2024-09-29,Danielle Hernandez,gmail.com
ACC002808,2026-01-14,Danielle Wang,gmail.com
ACC002809,2025-06-16,Wendy Wright,icloud.com
ACC002810,2025-12-09,Christina Mccarthy,outlook.com
ACC002811,2025-11-30,Meredith Shaw,icloud.com
ACC002812,2024-11-28,Willie Garza,yahoo.com
ACC002813,2025-08-29,Crystal Anderson,gmail.com
ACC002814,2025-08-01,William Hickman,yahoo.com
ACC002815,2025-12-09,Luis Davis,gmail.com
ACC002816,2025-11-18,Jason Torres,gmail.com
ACC002817,2026-03-26,Crystal Rogers,gmail.com
ACC002818,2025-01-19,Jordan Schneider,icloud.com
ACC002819,2025-05-30,Derrick Ramirez,icloud.com
ACC002820,2025-03-11,Jason Flores,icloud.com
ACC002821,2025-03-23,Andrew Williams,gmail.com
ACC002822,2025-11-19,Christy Kennedy,gmail.com
ACC002823,2026-08-29,Ashlee Lopez,yahoo.com
ACC002824,2026-08-06,Heidi Torres,outlook.com
ACC002825,2026-06-16,Adam Arnold,outlook.com
ACC002826,2025-07-05,Erin Figueroa,yahoo.com
ACC002827,2026-01-15,Richard Rice,icloud.com
ACC002828,2025-06-30,Matthew Clark,gmail.com
ACC002829,2025-06-22,Stephen Anderson,icloud.com
ACC002830,2025-05-12,Barbara Willis,icloud.com
ACC002831,2025-12-20,Martha Lee,outlook.com
ACC002832,2026-08-15,Tammy Jones,icloud.com
ACC002833,2026-01-14,Grace Swanson,icloud.com
ACC002834,2025-06-25,Christina Le MD,outlook.com
ACC002835,2024-11-02,Joshua King,outlook.com
ACC002836,2025-10-27,Sarah Meadows,icloud.com
ACC002837,2025-10-14,Stephanie West,outlook.com
ACC002838,2026-01-11,Susan Jones,yahoo.com
ACC002839,2025-07-13,Timothy Gordon,icloud.com
ACC002840,2026-04-10,Kyle Horton,yahoo.com
ACC002841,2026-05-22,Angel Knight,outlook.com
ACC002842,2024-09-22,Melissa Yang,icloud.com
ACC002843,2025-08-28,Michael Berg,gmail.com
ACC002844,2025-09-06,Carol Christensen,yahoo.com
ACC002845,2025-04-23,Richard Morales,outlook.com
ACC002846,2025-08-06,Clinton Moore,icloud.com
ACC002847,2024-09-14,Michael Suarez,gmail.com
ACC002848,2026-01-27,Joy Zimmerman,icloud.com
ACC002849,2025-02-08,Elizabeth Robinson,outlook.com
ACC002850,2025-04-24,Kristen Jackson,yahoo.com
ACC002851,2025-01-05,David Williams,icloud.com
ACC002852,2025-06-04,Stephen Ho,gmail.com
ACC002853,2026-01-30,Richard Day,icloud.com
ACC002854,2026-03-09,Rodney Nichols,yahoo.com
ACC002855,2025-03-18,Gregory Jacobs,outlook.com
ACC002856,2026-02-07,Bradley Thornton,gmail.com
ACC002857,2025-12-14,Miranda Ortiz,yahoo.com
ACC002858,2026-07-04,Erika Brown,icloud.com
ACC002859,2025-11-14,Samantha Robinson,gmail.com
ACC002860,2026-03-29,Cassandra Bonilla,outlook.com
ACC002861,2026-08-21,Veronica Osborne,yahoo.com
ACC002862,2026-01-22,Ashley Reese,icloud.com
ACC002863,2025-12-08,Matthew Berg,yahoo.com
ACC002864,2025-04-26,Kristen Montoya,icloud.com
ACC002865,2026-03-31,Derrick Perkins,gmail.com
ACC002866,2025-01-26,Nicole Moore,gmail.com
ACC002867,2025-04-01,Nicholas Richardson,icloud.com
ACC002868,2025-01-23,Anna White,icloud.com
ACC002869,2024-10-31,Scott Lopez,icloud.com
ACC002870,2025-07-16,Nicholas Holland Jr.,outlook.com
ACC002871,2025-07-27,Christopher Long,icloud.com
ACC002872,2026-08-08,Andrea Jones,yahoo.com
ACC002873,2025-07-18,Terry Waller,yahoo.com
ACC002874,2026-08-27,Joseph Acosta,icloud.com
ACC002875,2025-11-10,Lindsey Gray,gmail.com
ACC002876,2024-09-14,Ronald Hines,yahoo.com
ACC002877,2025-03-22,Amanda Wright,icloud.com
ACC002878,2025-11-09,Charles Burton,icloud.com
ACC002879,2025-01-22,Vincent Rosario,icloud.com
ACC002880,2025-07-01,Noah Morgan,gmail.com
ACC002881,2026-07-25,Christina Castillo,outlook.com
ACC002882,2026-04-01,Jill Martin,yahoo.com
ACC002883,2026-02-18,Christopher Brown,yahoo.com
ACC002884,2025-12-28,Lori Martinez,icloud.com
ACC002885,2025-01-17,Ashley Phillips,yahoo.com
ACC002886,2025-07-23,Sara Thomas,icloud.com
ACC002887,2025-12-26,Allison Simmons,gmail.com
ACC002888,2026-08-20,Matthew Perez,yahoo.com
ACC002889,2026-03-05,Janice Henson,icloud.com
ACC002890,2024-11-02,Ashley Jackson,icloud.com
ACC002891,2025-08-25,Brian Sosa,yahoo.com
ACC002892,2025-03-17,Luis Wilson,outlook.com
ACC002893,2026-04-22,Tamara Huang,outlook.com
ACC002894,2025-05-19,Cassandra Moreno,yahoo.com
ACC002895,2024-12-15,Meghan Hernandez,yahoo.com
ACC002896,2025-05-28,Elizabeth Roth,gmail.com
ACC002897,2025-08-05,Brian Hendricks,outlook.com
ACC002898,2025-02-20,Tasha Cochran,gmail.com
ACC002899,2024-12-03,Angela Smith,yahoo.com
ACC002900,2025-12-31,Brittany Rios,gmail.com
ACC002901,2024-10-24,James Griffith,yahoo.com
ACC002902,2026-07-13,Karen Jones,icloud.com
ACC002903,2026-01-26,Tina Ramirez,gmail.com
ACC002904,2025-09-22,Zachary White,icloud.com
ACC002905,2025-07-17,Francisco Coleman,outlook.com
ACC002906,2025-02-18,Jennifer Leon,outlook.com
ACC002907,2026-03-28,Robert Valdez,icloud.com
ACC002908,2026-08-03,Jason Crawford,gmail.com
ACC002909,2025-03-02,Kim Underwood,gmail.com
ACC002910,2026-07-19,Kevin Fisher,outlook.com
ACC002911,2026-05-25,Melissa Goodman,yahoo.com
ACC002912,2025-03-03,Cynthia Smith,gmail.com
ACC002913,2025-09-05,Alicia Grant DVM,yahoo.com
ACC002914,2025-08-03,Amy Bailey,gmail.com
ACC002915,2026-01-28,Sharon Fuentes,gmail.com
ACC002916,2026-06-25,Charles Castaneda,outlook.com
ACC002917,2024-10-15,Susan Sanchez,outlook.com
ACC002918,2026-04-09,Amy Taylor,gmail.com
ACC002919,2026-01-16,Michele Bennett,yahoo.com
ACC002920,2024-10-10,Vincent Watson,outlook.com
ACC002921,2026-08-24,Mary Jones,yahoo.com
ACC002922,2025-11-04,Sheila Johnson,gmail.com
ACC002923,2026-06-15,Bob Jones,gmail.com
ACC002924,2026-03-12,Robin Hernandez,outlook.com
ACC002925,2025-08-07,Patrick Adkins,outlook.com
ACC002926,2026-02-11,Elizabeth Jenkins,gmail.com
ACC002927,2026-07-16,Richard Dominguez,gmail.com
ACC002928,2026-01-27,Christopher Ibarra,yahoo.com
ACC002929,2025-02-24,Paul Gordon,icloud.com
ACC002930,2026-05-17,Ronnie Frazier,yahoo.com
ACC002931,2026-06-13,Kristen Gallegos,gmail.com
ACC002932,2026-03-29,Kathryn Fletcher,outlook.com
ACC002933,2025-12-22,Christopher Dudley,gmail.com
ACC002934,2024-12-29,Vanessa Martinez,gmail.com
ACC002935,2025-03-10,Manuel Robinson,outlook.com
ACC002936,2024-09-11,Paul Hansen,yahoo.com
ACC002937,2024-11-23,Rose Mcdonald,yahoo.com
ACC002938,2025-01-14,Martin Wilcox,outlook.com
ACC002939,2026-08-24,Robert Lucas,outlook.com
ACC002940,2025-01-22,Brian Miller,outlook.com
ACC002941,2025-03-12,Sarah Johnson,outlook.com
ACC002942,2025-06-30,Joshua Jones,outlook.com
ACC002943,2024-12-04,Nicole Parker,icloud.com
ACC002944,2025-08-24,Margaret Johnson,icloud.com
ACC002945,2026-04-23,William Cunningham,icloud.com
ACC002946,2026-08-21,Rachel Williams,icloud.com
ACC002947,2025-04-01,Tony Smith,outlook.com
ACC002948,2026-02-08,Douglas Sanders,yahoo.com
ACC002949,2025-12-23,Paul Swanson,outlook.com
ACC002950,2026-02-12,Michele Davis,yahoo.com
ACC002951,2025-12-23,Patrick Garcia,outlook.com
ACC002952,2026-07-07,Brittany Matthews,gmail.com
ACC002953,2026-06-07,Kevin Christian,outlook.com
ACC002954,2025-11-06,Christian Ford,icloud.com
ACC002955,2026-06-26,Anna Higgins,gmail.com
ACC002956,2025-07-11,Rhonda Pena,yahoo.com
ACC002957,2024-09-23,Candace Stuart,icloud.com
ACC002958,2025-10-14,Monica Curtis,icloud.com
ACC002959,2025-09-18,Gloria Floyd,outlook.com
ACC002960,2025-07-05,Isaac Chase,gmail.com
ACC002961,2025-11-06,Steven Schroeder,icloud.com
ACC002962,2026-05-01,Daniel Bishop,gmail.com
ACC002963,2025-07-05,Christian Burton,yahoo.com
ACC002964,2026-07-12,Robert Thomas PhD,outlook.com
ACC002965,2025-07-14,Tracy Harrington,yahoo.com
ACC002966,2025-10-11,Brandon Edwards,yahoo.com
ACC002967,2026-07-07,Candice Ramirez,yahoo.com
ACC002968,2025-07-06,Brandon White,outlook.com
ACC002969,2025-04-30,Deanna Kennedy,yahoo.com
ACC002970,2025-05-09,Shawn Santos,yahoo.com
ACC002971,2026-01-02,Caleb Carroll,yahoo.com
ACC002972,2025-12-27,Scott Morales,icloud.com
ACC002973,2026-07-17,Sylvia Anderson,icloud.com
ACC002974,2024-12-08,Ryan Crane,icloud.com
ACC002975,2025-01-15,Michael Hunter,icloud.com
ACC002976,2026-07-23,Shawn Fleming,icloud.com
ACC002977,2025-08-22,Maria Figueroa,icloud.com
ACC002978,2026-05-17,Roberto Smith,yahoo.com
ACC002979,2025-09-06,Donna Moore,outlook.com
ACC002980,2024-11-19,Benjamin Price,yahoo.com
ACC002981,2025-03-12,Brandon Owens,gmail.com
ACC002982,2025-11-20,Stephanie Marshall,gmail.com
ACC002983,2026-07-02,Nicholas Lowery,yahoo.com
ACC002984,2025-06-19,Patricia Gonzalez,outlook.com
ACC002985,2024-10-06,Evan Davies,outlook.com
ACC002986,2025-02-15,Dr. John Ramirez,icloud.com
ACC002987,2024-11-24,Christopher Harrison,outlook.com
ACC002988,2024-09-13,Erica Johnson,yahoo.com
ACC002989,2026-04-12,Jamie Mayer,icloud.com
ACC002990,2026-01-11,Jeffrey Kennedy,icloud.com
ACC002991,2025-07-08,Sean Cisneros,icloud.com
ACC002992,2026-05-12,Debra Reid,icloud.com
ACC002993,2025-08-10,Benjamin Sullivan,outlook.com
ACC002994,2025-11-09,Michael Savage,icloud.com
ACC002995,2024-09-08,Mckenzie Green,outlook.com
ACC002996,2026-02-10,Anna Valenzuela,icloud.com
ACC002997,2025-12-20,Paul Martin,outlook.com
ACC002998,2026-01-15,Jason Alvarez,icloud.com
ACC002999,2026-05-07,Caitlyn Horton,outlook.com
ACC003000,2025-08-12,Michael Price,outlook.com
ACC003001,2025-03-03,Richard Harper,outlook.com
ACC003002,2024-09-18,Michael Jensen,icloud.com
ACC003003,2026-06-14,William Mcmillan,gmail.com
ACC003004,2024-10-08,Nancy Stewart,icloud.com
ACC003005,2024-11-26,Jimmy Hernandez,gmail.com
ACC003006,2026-06-11,Ashley Cordova,icloud.com
ACC003007,2025-08-20,Joseph Smith,icloud.com
ACC003008,2024-10-12,Ronnie Martinez,gmail.com
ACC003009,2024-10-10,Wayne Davis,yahoo.com
ACC003010,2026-02-07,William Fisher,gmail.com
ACC003011,2025-11-07,Carol Gray,icloud.com
ACC003012,2025-05-22,Tristan Bonilla,gmail.com
ACC003013,2025-03-16,Alexis Cervantes,outlook.com
ACC003014,2026-08-12,Steven Shaw,gmail.com
ACC003015,2025-04-09,Melissa Banks,icloud.com
ACC003016,2025-06-11,Jason Bell,gmail.com
ACC003017,2026-07-27,Kelly Hubbard,outlook.com
ACC003018,2025-10-22,Christopher Patterson,yahoo.com
ACC003019,2026-07-05,Kurt Daniels,yahoo.com
ACC003020,2025-12-18,Ryan Barker,outlook.com
ACC003021,2025-04-19,Douglas Oliver,gmail.com
ACC003022,2024-11-05,Shannon Cowan,outlook.com
ACC003023,2026-06-13,Ashley Banks,outlook.com
ACC003024,2026-03-26,Jennifer Crawford,gmail.com
ACC003025,2025-07-25,Tammy Garcia,outlook.com
ACC003026,2025-12-18,Kevin Johnson,icloud.com
ACC003027,2026-07-22,Jason Walker,icloud.com
ACC003028,2024-10-04,James Gonzalez,gmail.com
ACC003029,2024-11-25,Caleb Ponce,yahoo.com
ACC003030,2025-06-26,Jennifer Hoover,outlook.com
ACC003031,2024-10-01,Natalie Smith,yahoo.com
ACC003032,2026-04-02,Danny Campbell,icloud.com
ACC003033,2025-06-18,Deborah Roberson,icloud.com
ACC003034,2026-03-05,Jennifer Allen,yahoo.com
ACC003035,2024-12-09,Jennifer Smith,icloud.com
ACC003036,2024-12-23,James Montoya,outlook.com
ACC003037,2025-10-16,Lindsay Rogers,icloud.com
ACC003038,2025-11-03,Wendy Allen,outlook.com
ACC003039,2026-06-08,Cheryl Newman,gmail.com
ACC003040,2025-04-19,Rebecca Lane,icloud.com
ACC003041,2025-06-21,Mark Madden,icloud.com
ACC003042,2025-10-15,Tanner Holmes,outlook.com
ACC003043,2025-12-20,Brett Owen,yahoo.com
ACC003044,2026-04-18,Lynn Mueller,icloud.com
ACC003045,2025-03-13,Lori Green,gmail.com
ACC003046,2026-05-18,Tiffany Harris,gmail.com
ACC003047,2025-07-30,Jeffrey Fuller,yahoo.com
ACC003048,2026-08-02,Alyssa Zimmerman,gmail.com
ACC003049,2026-05-09,Angela Reyes,icloud.com
ACC003050,2025-12-13,Bianca Chavez,outlook.com
ACC003051,2025-12-28,Heather Allen,yahoo.com
ACC003052,2025-06-28,Elizabeth Nichols,gmail.com
ACC003053,2026-04-15,Richard Hartman,icloud.com
ACC003054,2026-08-02,Mary Hill,icloud.com
ACC003055,2025-12-17,Lori Little,gmail.com
ACC003056,2025-05-09,Ashley Stevens,icloud.com
ACC003057,2024-10-04,Ashley Campbell,icloud.com
ACC003058,2024-11-12,Anna Snyder,icloud.com
ACC003059,2026-05-15,Ryan Myers,gmail.com
ACC003060,2024-11-01,Alex Jones DVM,outlook.com
ACC003061,2025-09-08,Michael Brooks,icloud.com
ACC003062,2025-01-06,Terry Stokes,gmail.com
ACC003063,2026-04-17,Adam White,gmail.com
ACC003064,2025-10-28,Lisa Johnson,outlook.com
ACC003065,2026-01-08,Wendy Webb,yahoo.com
ACC003066,2025-08-04,Kimberly Moore,gmail.com
ACC003067,2025-05-09,Tammy Lee,outlook.com
ACC003068,2026-08-07,Alexander Hunt,icloud.com
ACC003069,2026-08-18,Sean Wilson,outlook.com
ACC003070,2025-01-22,Garrett Robinson,yahoo.com
ACC003071,2025-04-15,Teresa Adams,outlook.com
ACC003072,2025-07-12,Dr. Gregory Arnold,yahoo.com
ACC003073,2025-11-25,Patrick Simpson,outlook.com
ACC003074,2025-01-29,Jennifer Lee,outlook.com
ACC003075,2026-06-15,Michael Clay,yahoo.com
ACC003076,2026-04-21,James Silva,outlook.com
ACC003077,2025-05-24,Emily Bauer,outlook.com
ACC003078,2026-05-27,Katherine Andrade,yahoo.com
ACC003079,2026-04-25,Paul Cabrera,outlook.com
ACC003080,2026-01-10,Lisa Patterson,yahoo.com
ACC003081,2026-01-09,Jacqueline Chen,icloud.com
ACC003082,2025-08-17,Christopher Johnson,yahoo.com
ACC003083,2025-04-18,Laurie Carter,yahoo.com
ACC003084,2026-06-28,Maria Sanford,yahoo.com
ACC003085,2025-12-15,Allen White,gmail.com
ACC003086,2025-09-08,Richard Howard,gmail.com
ACC003087,2025-08-04,Matthew Watson,gmail.com
ACC003088,2024-10-28,Barbara Flores,icloud.com
ACC003089,2025-05-21,Gary Marshall,yahoo.com
ACC003090,2026-08-08,Stephanie Hoffman,icloud.com
ACC003091,2026-05-17,Lance Rose,outlook.com
ACC003092,2025-03-14,Donald Franklin,gmail.com
ACC003093,2024-11-02,Shannon Jones,yahoo.com
ACC003094,2026-04-23,Jennifer Avila,icloud.com
ACC003095,2026-03-04,Francisco Gonzalez,gmail.com
ACC003096,2025-03-21,Kathleen Mooney,icloud.com
ACC003097,2024-11-25,Caleb Jackson,icloud.com
ACC003098,2026-03-10,James Ray,yahoo.com
ACC003099,2026-04-06,Mason Chase,gmail.com
ACC003100,2025-11-28,Susan Mitchell DVM,yahoo.com
ACC003101,2025-05-16,Steven Hull,icloud.com
ACC003102,2026-06-09,Matthew Jones,yahoo.com
ACC003103,2026-02-09,Robert Cummings,outlook.com
ACC003104,2026-02-27,Paul Ross,yahoo.com
ACC003105,2026-07-27,Emily Salazar,outlook.com
ACC003106,2025-03-06,Michael Gibson,icloud.com
ACC003107,2026-02-04,Tracy Martinez,icloud.com
ACC003108,2025-03-03,Luke Johnson,gmail.com
ACC003109,2024-12-06,Adam Garcia,icloud.com
ACC003110,2025-03-18,Michael Graham,gmail.com
ACC003111,2025-07-12,Corey Barrera,outlook.com
ACC003112,2024-12-15,Steven Mayo,outlook.com
ACC003113,2025-07-29,Shawna Green,yahoo.com
ACC003114,2025-02-23,Ashley Valentine,yahoo.com
ACC003115,2026-02-11,Gary Salazar,icloud.com
ACC003116,2025-04-23,Debra Jackson,outlook.com
ACC003117,2025-09-15,Joe Martinez,yahoo.com
ACC003118,2025-08-29,Nicole Barron,outlook.com
ACC003119,2025-11-10,Jennifer Griffin,icloud.com
ACC003120,2025-10-19,Joseph Lane,gmail.com
ACC003121,2026-06-24,Vanessa Morris,yahoo.com
ACC003122,2024-09-20,Courtney Baker,yahoo.com
ACC003123,2025-06-29,Bradley Hansen,outlook.com
ACC003124,2025-11-12,Mary Moss,icloud.com
ACC003125,2025-04-09,Blake Bonilla,icloud.com
ACC003126,2024-11-16,Adam Robinson,yahoo.com
ACC003127,2026-01-05,Chelsea Garcia,icloud.com
ACC003128,2026-08-06,Kevin Rose,icloud.com
ACC003129,2026-05-15,Paige Collins,icloud.com
ACC003130,2024-10-28,Christian Wagner,outlook.com
ACC003131,2025-11-23,Colleen Cox,outlook.com
ACC003132,2025-01-16,Shawna Palmer,gmail.com
ACC003133,2025-02-03,Chelsea Ramirez,yahoo.com
ACC003134,2026-03-30,Eric Kane,gmail.com
ACC003135,2025-08-02,Bridget Walter,outlook.com
ACC003136,2025-01-22,Cynthia Shannon,gmail.com
ACC003137,2025-12-01,Allen Stanley,yahoo.com
ACC003138,2025-12-24,Derek Mcintosh,yahoo.com
ACC003139,2025-08-08,Jeffrey Hernandez,yahoo.com
ACC003140,2026-05-12,Katie Brown,gmail.com
ACC003141,2026-06-20,Brent Wong,icloud.com
ACC003142,2026-01-12,Jenny Carter,gmail.com
ACC003143,2024-09-17,Kirk Moreno,icloud.com
ACC003144,2026-03-06,Jeffrey Maldonado DDS,icloud.com
ACC003145,2026-06-12,Colleen Brown,gmail.com
ACC003146,2026-03-26,Derek Jones,gmail.com
ACC003147,2026-04-11,Darrell Oliver,icloud.com
ACC003148,2026-08-02,Jenna Garcia,icloud.com
ACC003149,2025-12-07,Sherry Adams,yahoo.com
ACC003150,2025-03-06,Richard Bailey,outlook.com
ACC003151,2024-09-22,Kyle Gross,icloud.com
ACC003152,2026-06-01,Jonathan Graves,icloud.com
ACC003153,2025-04-19,Eric Knox,outlook.com
ACC003154,2025-05-24,Ethan Jones,yahoo.com
ACC003155,2026-07-02,Steven Thomas,yahoo.com
ACC003156,2025-03-13,John Cook,yahoo.com
ACC003157,2025-03-05,Dennis Jones,gmail.com
ACC003158,2025-01-09,Sarah Wheeler,outlook.com
ACC003159,2025-07-20,Lauren Freeman,yahoo.com
ACC003160,2025-07-08,Brian Fuentes,yahoo.com
ACC003161,2025-04-27,Wanda Conley,yahoo.com
ACC003162,2025-01-19,Carol Thomas,icloud.com
ACC003163,2024-09-27,Eric Fitzgerald,icloud.com
ACC003164,2024-10-21,Nicholas Fritz,icloud.com
ACC003165,2025-03-23,John Diaz,yahoo.com
ACC003166,2024-12-05,Harold Mckinney,yahoo.com
ACC003167,2025-04-03,Patricia Vincent,gmail.com
ACC003168,2025-07-22,Linda Rodriguez,icloud.com
ACC003169,2024-12-02,Monica Smith,outlook.com
ACC003170,2026-02-03,Selena Hopkins,gmail.com
ACC003171,2024-09-08,Jonathan Sanchez,icloud.com
ACC003172,2024-12-12,Valerie Howard,outlook.com
ACC003173,2024-11-06,Cheryl Blevins,icloud.com
ACC003174,2026-08-20,Tracie Wiley,gmail.com
ACC003175,2024-09-17,Stephanie Cole,outlook.com
ACC003176,2025-01-23,Kelsey Baker,yahoo.com
ACC003177,2025-01-10,Stacy Myers,yahoo.com
ACC003178,2024-10-10,Xavier Parker,gmail.com
ACC003179,2025-09-16,Joseph Cooper,icloud.com
ACC003180,2025-02-24,Jessica Gibson,yahoo.com
ACC003181,2025-09-09,Rebecca Roberts,gmail.com
ACC003182,2026-01-23,Kathryn Jennings,yahoo.com
ACC003183,2026-06-03,Chris Levy,outlook.com
ACC003184,2024-09-30,Mary Torres,gmail.com
ACC003185,2025-12-26,Robert Smith,gmail.com
ACC003186,2024-10-18,Douglas Watkins,icloud.com
ACC003187,2024-12-12,Eric Jordan,gmail.com
ACC003188,2024-12-04,April King,icloud.com
ACC003189,2026-01-01,Douglas Trevino,icloud.com
ACC003190,2025-01-16,Patricia Moore,gmail.com
ACC003191,2025-12-25,Devin Ferrell,outlook.com
ACC003192,2026-07-05,Kevin Miller,outlook.com
ACC003193,2026-01-18,John Gomez,yahoo.com
ACC003194,2026-02-10,Mandy Henderson,yahoo.com
ACC003195,2026-07-08,Annette Green,gmail.com
ACC003196,2025-06-17,Eric Elliott,gmail.com
ACC003197,2025-05-15,Erica Lane,yahoo.com
ACC003198,2026-08-29,Christina Taylor,icloud.com
ACC003199,2025-08-02,Elizabeth Miller,icloud.com
ACC003200,2026-04-17,Lori Gardner,gmail.com
ACC003201,2025-03-22,Shawn Kim,yahoo.com
ACC003202,2026-06-12,Jeremy Edwards,gmail.com
ACC003203,2025-10-12,Michelle Mcdonald,outlook.com
ACC003204,2026-01-09,Jason Jenkins,outlook.com
ACC003205,2025-12-07,Justin Bernard,yahoo.com
ACC003206,2026-03-13,Peter Gilbert,icloud.com
ACC003207,2026-07-04,David Hunt,outlook.com
ACC003208,2025-05-20,Joshua Cunningham,outlook.com
ACC003209,2026-07-12,Pedro Long,gmail.com
ACC003210,2024-11-04,Aaron Aguirre,outlook.com
ACC003211,2026-03-11,Julia Brown,yahoo.com
ACC003212,2025-12-13,Ronald Santos,gmail.com
ACC003213,2025-01-08,Brent Roberts,outlook.com
ACC003214,2025-11-21,Mr. Antonio Yang,gmail.com
ACC003215,2026-02-06,Nancy Brown,yahoo.com
ACC003216,2024-09-18,Charles Yang,yahoo.com
ACC003217,2026-03-31,Danny Lowe PhD,gmail.com
ACC003218,2026-08-12,Eric Hays,yahoo.com
ACC003219,2024-12-12,John Watts,yahoo.com
ACC003220,2026-03-08,Aaron Munoz,icloud.com
ACC003221,2024-10-21,Brent Harris,icloud.com
ACC003222,2026-02-17,Ross Wallace,icloud.com
ACC003223,2025-07-27,Bryan Sullivan,yahoo.com
ACC003224,2024-11-16,Dr. Sarah Payne,outlook.com
ACC003225,2026-05-21,Melanie Villarreal,gmail.com
ACC003226,2025-01-22,Jessica Fields,yahoo.com
ACC003227,2025-05-07,Robert Sandoval,icloud.com
ACC003228,2025-10-06,Patrick Payne,yahoo.com
ACC003229,2024-11-12,Dylan Contreras,yahoo.com
ACC003230,2025-10-17,Katherine Contreras,gmail.com
ACC003231,2025-11-29,Michael Rodriguez,yahoo.com
ACC003232,2024-09-12,Jeffery Johnson,gmail.com
ACC003233,2026-06-06,Justin Smith,icloud.com
ACC003234,2025-07-03,Matthew Barry,gmail.com
ACC003235,2024-11-12,Amanda Meadows,outlook.com
ACC003236,2025-09-26,Julie Sharp,outlook.com
ACC003237,2025-11-11,William Howard,yahoo.com
ACC003238,2025-04-19,Kathy Bailey,gmail.com
ACC003239,2025-05-06,Jeanette Brown,icloud.com
ACC003240,2024-10-29,Heather Ball,gmail.com
ACC003241,2025-05-16,Mike Buchanan,outlook.com
ACC003242,2025-09-01,Phillip Turner,gmail.com
ACC003243,2026-01-11,Thomas Brewer,yahoo.com
ACC003244,2026-04-29,John Hopkins,icloud.com
ACC003245,2026-08-27,Tammy Rowe,icloud.com
ACC003246,2024-10-14,Beverly Nguyen,gmail.com
ACC003247,2024-12-30,Hannah Williamson,yahoo.com
ACC003248,2025-10-09,Andrew Christian,gmail.com
ACC003249,2025-12-16,Brent Rodriguez,gmail.com
ACC003250,2026-07-18,Karen Wolf,gmail.com
ACC003251,2024-09-25,Dr. Morgan Young,outlook.com
ACC003252,2025-10-28,Carrie Stafford,gmail.com
ACC003253,2025-09-03,Jennifer Brown,outlook.com
ACC003254,2025-06-11,Ashley Bradford,icloud.com
ACC003255,2025-12-14,Phillip Obrien,outlook.com
ACC003256,2026-03-26,Tammy Morris,outlook.com
ACC003257,2025-02-24,Jamie Zhang,icloud.com
ACC003258,2025-08-27,Christina King,yahoo.com
ACC003259,2024-12-13,Dustin Harris,gmail.com
ACC003260,2026-05-30,Robert Stokes,icloud.com
ACC003261,2025-03-27,Kevin Soto,outlook.com
ACC003262,2025-08-12,Christina Patrick,icloud.com
ACC003263,2025-02-20,Heather Russell,outlook.com
ACC003264,2025-03-14,Andrea Lopez,outlook.com
ACC003265,2025-10-13,Susan May,gmail.com
ACC003266,2024-12-02,Ronnie Hudson MD,icloud.com
ACC003267,2025-08-15,Luke Hansen,outlook.com
ACC003268,2025-09-30,Austin Patterson,gmail.com
ACC003269,2025-07-29,Benjamin Miller,yahoo.com
ACC003270,2025-05-10,Elizabeth Wilson,yahoo.com
ACC003271,2026-01-20,Kyle Rivera,yahoo.com
ACC003272,2025-04-20,Todd Nielsen,icloud.com
ACC003273,2024-09-13,Michael Jones,outlook.com
ACC003274,2026-05-20,Tracy Jones,icloud.com
ACC003275,2026-03-24,Sarah Frederick,yahoo.com
ACC003276,2026-02-14,Jennifer Brown,icloud.com
ACC003277,2026-08-25,Ashley Ruiz,outlook.com
ACC003278,2025-09-15,Deborah Johnson,outlook.com
ACC003279,2026-03-08,Dean Cook,outlook.com
ACC003280,2025-07-27,Brenda Payne,yahoo.com
ACC003281,2026-02-02,Tammy Alvarado,icloud.com
ACC003282,2026-05-12,Cynthia Jones,yahoo.com
ACC003283,2025-12-21,Sue Warner,outlook.com
ACC003284,2026-05-27,Amanda Zavala,icloud.com
ACC003285,2024-11-06,Linda Salazar,yahoo.com
ACC003286,2026-03-27,Juan Potts,gmail.com
ACC003287,2026-08-25,Andrew Johnson,yahoo.com
ACC003288,2024-11-06,Marie Reynolds,outlook.com
ACC003289,2026-05-06,Samuel Mata,icloud.com
ACC003290,2025-10-11,Anthony Ayala,yahoo.com
ACC003291,2026-03-06,Kimberly Dalton,outlook.com
ACC003292,2026-04-07,Nancy Tran,icloud.com
ACC003293,2024-09-07,Ralph Dominguez,gmail.com
ACC003294,2024-11-12,Jeffery Taylor,gmail.com
ACC003295,2025-03-19,Steven Haas,yahoo.com
ACC003296,2024-10-01,Cory Kim,icloud.com
ACC003297,2024-12-01,David Chapman,gmail.com
ACC003298,2025-10-23,Paul Beasley,icloud.com
ACC003299,2025-08-18,Laura Ritter,yahoo.com
ACC003300,2025-08-30,Nathan Hess,yahoo.com
ACC003301,2026-01-25,Cameron White,gmail.com
ACC003302,2025-10-17,Gregory Rios,yahoo.com
ACC003303,2026-06-25,Eduardo Obrien,gmail.com
ACC003304,2024-12-06,Bryan Jones,outlook.com
ACC003305,2026-03-25,Joshua Simpson,gmail.com
ACC003306,2025-02-20,Heather Herman,gmail.com
ACC003307,2025-08-01,Micheal Pugh,icloud.com
ACC003308,2026-04-05,Eileen Valdez,outlook.com
ACC003309,2025-03-13,Debra Wolfe,icloud.com
ACC003310,2025-08-20,Amy Mccullough,gmail.com
ACC003311,2026-04-11,Lisa Ramirez,yahoo.com
ACC003312,2026-02-02,Chad Daugherty,yahoo.com
ACC003313,2026-05-31,Patrick Clark,gmail.com
ACC003314,2025-06-26,Robert Thomas,gmail.com
ACC003315,2026-04-28,Melissa Santos,yahoo.com
ACC003316,2025-03-17,Brian Porter,yahoo.com
ACC003317,2026-07-07,Donald Cruz,icloud.com
ACC003318,2026-07-17,Angela Ramirez,gmail.com
ACC003319,2025-09-10,Kathleen Roy,yahoo.com
ACC003320,2025-03-12,Andrew Harris,icloud.com
ACC003321,2024-10-31,Jeffrey Williams,icloud.com
ACC003322,2026-07-12,Joshua Bailey,outlook.com
ACC003323,2025-06-17,Lee Barry,outlook.com
ACC003324,2025-03-22,Susan Patrick,outlook.com
ACC003325,2025-11-20,Nicole Peterson,icloud.com
ACC003326,2024-09-25,Jessica Patterson,icloud.com
ACC003327,2026-03-29,Nancy Brown,icloud.com
ACC003328,2026-01-23,James Griffith,outlook.com
ACC003329,2025-03-12,Shannon Hurley,gmail.com
ACC003330,2026-06-19,Kenneth Carroll,outlook.com
ACC003331,2024-10-19,Carla James,outlook.com
ACC003332,2025-08-27,Tammy Anderson,gmail.com
ACC003333,2026-02-03,Robert Tapia,outlook.com
ACC003334,2024-12-11,David Daniels,icloud.com
ACC003335,2025-07-25,James Gilbert,gmail.com
ACC003336,2025-03-31,Matthew Patton,gmail.com
ACC003337,2025-03-30,Lisa Martinez,gmail.com
ACC003338,2025-05-05,Erica Baker,outlook.com
ACC003339,2025-04-22,Joel Gonzales,outlook.com
ACC003340,2025-02-07,Vincent Castillo,yahoo.com
ACC003341,2025-11-07,Claudia Brown,outlook.com
ACC003342,2025-10-25,Destiny Bishop,gmail.com
ACC003343,2025-09-22,Austin White,outlook.com
ACC003344,2025-05-18,Desiree Booth,gmail.com
ACC003345,2026-08-14,Mark Thomas,icloud.com
ACC003346,2024-11-12,Amber Wilson,gmail.com
ACC003347,2026-01-14,Michael Valencia,gmail.com
ACC003348,2025-02-19,Amanda Love,outlook.com
ACC003349,2026-03-04,Miguel Green,outlook.com
ACC003350,2024-12-21,Michael Mathews,gmail.com
ACC003351,2024-11-28,Nathan Burke,icloud.com
ACC003352,2026-02-13,Billy Wallace,gmail.com
ACC003353,2024-12-21,Cynthia Nguyen,gmail.com
ACC003354,2025-10-03,Rodney Perry,yahoo.com
ACC003355,2025-05-06,Sherri Thomas,icloud.com
ACC003356,2025-01-25,Richard Rogers,icloud.com
ACC003357,2025-04-04,Matthew Ruiz,outlook.com
ACC003358,2025-02-04,Lisa Martin,outlook.com
ACC003359,2025-08-25,Timothy Buck,icloud.com
ACC003360,2025-10-06,Lee Morton,icloud.com
ACC003361,2026-01-31,Priscilla Romero,gmail.com
ACC003362,2026-06-05,Hailey Lewis,yahoo.com
ACC003363,2024-09-26,Amanda Barber,icloud.com
ACC003364,2026-05-10,Zachary Miller,outlook.com
ACC003365,2026-03-15,Timothy Walker,outlook.com
ACC003366,2026-08-03,Laura Kelley,gmail.com
ACC003367,2026-05-27,Nicholas Abbott,yahoo.com
ACC003368,2024-10-10,Amber Kennedy,yahoo.com
ACC003369,2024-09-07,Jessica Adams,icloud.com
ACC003370,2025-10-02,Eileen Sanchez,gmail.com
ACC003371,2026-04-01,Randall Cox,gmail.com
ACC003372,2026-04-09,Paul Wilson,icloud.com
ACC003373,2025-12-05,Nicholas Beard,yahoo.com
ACC003374,2025-08-20,Harold Wagner,icloud.com
ACC003375,2025-12-10,Martha Jacobs,outlook.com
ACC003376,2025-06-21,Jason Hudson,yahoo.com
ACC003377,2025-02-12,Beth Medina,outlook.com
ACC003378,2025-07-05,Jennifer Richards,yahoo.com
ACC003379,2025-10-26,David Mitchell,yahoo.com
ACC003380,2026-06-04,Brad Fisher,outlook.com
ACC003381,2025-11-06,Ms. Mackenzie Barton,icloud.com
ACC003382,2025-11-29,Sherri Smith,icloud.com
ACC003383,2025-08-12,Dennis Spencer,outlook.com
ACC003384,2026-02-25,Natalie Martinez,yahoo.com
ACC003385,2025-03-15,Jeffrey Vaughn,yahoo.com
ACC003386,2026-03-16,Brandi Camacho DVM,icloud.com
ACC003387,2025-04-07,Heather Morales,icloud.com
ACC003388,2024-12-21,Michelle Wilson,icloud.com
ACC003389,2024-10-23,Stephanie Vargas,yahoo.com
ACC003390,2026-03-19,Wendy Williams,yahoo.com
ACC003391,2025-03-04,Heather Cole,icloud.com
ACC003392,2025-10-01,Jerry Davenport,yahoo.com
ACC003393,2026-06-19,John Taylor,icloud.com
ACC003394,2025-10-27,Ralph Hendricks,outlook.com
ACC003395,2025-01-12,Angela Huang,icloud.com
ACC003396,2026-07-25,Jacqueline Banks,gmail.com
ACC003397,2024-09-22,Jeffrey Romero,gmail.com
ACC003398,2024-12-02,Theresa Davis,outlook.com
ACC003399,2025-02-02,Glenn Elliott,yahoo.com
ACC003400,2025-09-07,Lauren Anthony,outlook.com
ACC003401,2025-08-13,Frank Flores,yahoo.com
ACC003402,2024-12-13,Charles Cervantes,yahoo.com
ACC003403,2025-10-31,Virginia Clark,gmail.com
ACC003404,2026-03-30,Laura Gilbert,icloud.com
ACC003405,2024-12-26,Dustin Wilson,yahoo.com
ACC003406,2024-10-11,Jeffrey Mcclure,yahoo.com
ACC003407,2025-09-24,Thomas Zhang,icloud.com
ACC003408,2026-04-24,Tammy Estrada,outlook.com
ACC003409,2025-12-03,Daniel Roberson,gmail.com
ACC003410,2025-08-14,Alyssa Orr,gmail.com
ACC003411,2025-03-01,Kimberly Lloyd,yahoo.com
ACC003412,2025-02-01,Ronnie Johnson,gmail.com
ACC003413,2025-06-27,Tom Duncan,gmail.com
ACC003414,2024-09-17,Kelly Guerra,icloud.com
ACC003415,2025-05-17,Brian Mccarthy,yahoo.com
ACC003416,2026-01-15,Jill Reynolds,outlook.com
ACC003417,2026-06-27,Sean Kaiser,yahoo.com
ACC003418,2025-12-04,Audrey Gomez,icloud.com
ACC003419,2025-06-07,Ricky Luna,icloud.com
ACC003420,2026-03-19,Jonathon Hill,gmail.com
ACC003421,2026-04-11,Kayla Waters,gmail.com
ACC003422,2025-03-24,Emily Middleton,icloud.com
ACC003423,2024-10-07,Timothy Bauer,outlook.com
ACC003424,2025-09-11,Ryan Guerrero,icloud.com
ACC003425,2025-01-14,Amanda Walters,outlook.com
ACC003426,2026-01-14,Chad Bennett,outlook.com
ACC003427,2025-12-05,Megan Baker,gmail.com
ACC003428,2024-09-24,Robert Gross,yahoo.com
ACC003429,2024-11-16,Craig Liu,yahoo.com
ACC003430,2025-02-05,Shannon Curry,yahoo.com
ACC003431,2024-09-10,Austin Grant,gmail.com
ACC003432,2025-02-07,Christopher Barnes,icloud.com
ACC003433,2026-05-21,James Silva,gmail.com
ACC003434,2025-03-24,Kari Sandoval,gmail.com
ACC003435,2024-12-03,Eric Hall,gmail.com
ACC003436,2025-04-04,John Robles,gmail.com
ACC003437,2025-07-26,Howard Castillo,yahoo.com
ACC003438,2026-08-27,Brian Ibarra,icloud.com
ACC003439,2025-06-22,Donna Montes,gmail.com
ACC003440,2026-02-02,Matthew Wilson,gmail.com
ACC003441,2025-03-22,Francis Wilson,outlook.com
ACC003442,2026-08-18,Michele Ayala,gmail.com
ACC003443,2025-03-11,Dr. John Jenkins,outlook.com
ACC003444,2025-10-10,Earl Romero,outlook.com
ACC003445,2025-04-12,Rachel Brown,icloud.com
ACC003446,2025-05-05,Deborah Stewart,gmail.com
ACC003447,2025-02-13,Jeremy Ross,gmail.com
ACC003448,2026-01-19,Debra Chandler,outlook.com
ACC003449,2024-11-21,Robert Parker,icloud.com
ACC003450,2025-07-24,Kenneth Jackson,outlook.com
ACC003451,2025-07-24,Mario Gould,icloud.com
ACC003452,2025-09-15,Erin Jacobs,icloud.com
ACC003453,2025-07-18,Nathan Lang,yahoo.com
ACC003454,2024-10-14,Michael Barr,outlook.com
ACC003455,2025-12-17,Kristen Pena,outlook.com
ACC003456,2025-12-20,Heidi Gonzalez,icloud.com
ACC003457,2025-09-30,Joseph Heath,icloud.com
ACC003458,2025-07-22,Robert Lozano,icloud.com
ACC003459,2025-09-10,Daniel Quinn,gmail.com
ACC003460,2025-02-02,Amanda Smith,yahoo.com
ACC003461,2024-09-17,Ashley Sanders,icloud.com
ACC003462,2025-06-05,Mr. Eric Hall,outlook.com
ACC003463,2026-01-23,Danielle Nelson,icloud.com
ACC003464,2026-03-17,Richard Rios,outlook.com
ACC003465,2026-01-12,Patrick Nelson,icloud.com
ACC003466,2025-02-11,Benjamin Bowen,icloud.com
ACC003467,2024-12-18,Jennifer Smith,gmail.com
ACC003468,2026-05-16,Lisa Hernandez,outlook.com
ACC003469,2026-02-14,Rebecca Lee,icloud.com
ACC003470,2026-01-16,Emily Morris,gmail.com
ACC003471,2025-08-13,Allison Hill,outlook.com
ACC003472,2026-05-07,Dennis Douglas,yahoo.com
ACC003473,2025-09-18,Eddie Davis,yahoo.com
ACC003474,2024-11-04,Kristina Webb,gmail.com
ACC003475,2025-11-02,Kim Sanchez,yahoo.com
ACC003476,2026-08-06,Jonathan Long,yahoo.com
ACC003477,2025-06-15,Joshua Rodriguez,outlook.com
ACC003478,2025-01-09,William Sanders,outlook.com
ACC003479,2025-05-14,Jacob Hart,icloud.com
ACC003480,2025-07-18,Evelyn Pacheco,gmail.com
ACC003481,2026-06-01,Anna Jackson,outlook.com
ACC003482,2025-12-18,Katherine Wright,outlook.com
ACC003483,2025-10-04,Luis Wells,yahoo.com
ACC003484,2025-09-08,Lacey Hall,gmail.com
ACC003485,2025-04-17,Darlene Collins,gmail.com
ACC003486,2026-05-29,Chris Morris,icloud.com
ACC003487,2025-07-25,Jennifer Smith,icloud.com
ACC003488,2026-06-24,Nicole Norton,yahoo.com
ACC003489,2024-11-02,Emily Pearson,yahoo.com
ACC003490,2025-09-21,Michael Robertson,icloud.com
ACC003491,2025-05-26,Wendy Miller,yahoo.com
ACC003492,2024-09-26,Michael Bennett,gmail.com
ACC003493,2025-09-13,Carla Goodman,icloud.com
ACC003494,2026-06-03,Jeffrey Stanton,icloud.com
ACC003495,2025-07-19,Jeff Jackson,gmail.com
ACC003496,2025-06-10,Katelyn Curry,yahoo.com
ACC003497,2025-02-14,Jennifer Phillips,yahoo.com
ACC003498,2025-01-05,Edward Weeks,gmail.com
ACC003499,2025-09-13,Kelly Gilbert,yahoo.com
ACC003500,2026-03-18,Matthew Thomas,gmail.com
ACC003501,2025-10-11,Christine Mendez,yahoo.com
ACC003502,2026-06-22,Kelly King,outlook.com
ACC003503,2026-02-06,Timothy Ho,gmail.com
ACC003504,2024-11-05,Sarah Taylor,gmail.com
ACC003505,2024-12-14,Sandra Smith,yahoo.com
ACC003506,2025-09-04,Chris Jones,outlook.com
ACC003507,2025-10-28,Emily Lopez,outlook.com
ACC003508,2025-10-16,Kimberly Rivera,gmail.com
ACC003509,2026-08-13,John Moore,yahoo.com
ACC003510,2025-12-04,Justin Perez,yahoo.com
ACC003511,2025-04-21,Tanya Hill,yahoo.com
ACC003512,2024-10-24,Shawna Silva,yahoo.com
ACC003513,2024-10-14,Marcus Powell,yahoo.com
ACC003514,2025-01-19,Joshua Hopkins,outlook.com
ACC003515,2026-06-12,Christian Cross,icloud.com
ACC003516,2026-01-18,Dennis Garcia,gmail.com
ACC003517,2024-10-12,Laurie Miranda,yahoo.com
ACC003518,2025-04-24,Raymond Vargas,icloud.com
ACC003519,2026-08-20,Robert Savage,gmail.com
ACC003520,2025-10-12,Kara Jackson,yahoo.com
ACC003521,2026-06-05,Virginia Davis,outlook.com
ACC003522,2026-02-06,Brianna Martin,icloud.com
ACC003523,2026-05-16,Erica Huang,outlook.com
ACC003524,2025-08-01,Jorge Gonzales,outlook.com
ACC003525,2026-06-29,Erin Mason,outlook.com
ACC003526,2025-12-01,Justin Bennett,icloud.com
ACC003527,2024-12-25,John Collins,gmail.com
ACC003528,2025-03-30,Kerry Ware,yahoo.com
ACC003529,2026-05-01,Tina Dougherty,outlook.com
ACC003530,2024-10-26,Michelle Larsen,yahoo.com
ACC003531,2026-02-06,Katherine Mccormick,gmail.com
ACC003532,2025-04-10,Kristin Graham,yahoo.com
ACC003533,2026-01-25,Alexander Diaz,icloud.com
ACC003534,2025-10-06,Michael Chandler,yahoo.com
ACC003535,2026-03-29,Justin Cuevas,outlook.com
ACC003536,2026-05-25,Janet White,gmail.com
ACC003537,2026-05-28,Alexandra Ramos,gmail.com
ACC003538,2024-09-01,Abigail Collins,outlook.com
ACC003539,2026-04-05,Jacob King,yahoo.com
ACC003540,2025-09-12,Lisa Johnson,yahoo.com
ACC003541,2025-09-17,John Williams,gmail.com
ACC003542,2026-07-02,Dawn Garrett,gmail.com
ACC003543,2025-01-01,Samantha Roy,outlook.com
ACC003544,2025-12-12,Yolanda Chen,yahoo.com
ACC003545,2026-01-01,John Golden DDS,yahoo.com
ACC003546,2024-11-28,Amanda Johnson,yahoo.com
ACC003547,2025-06-04,Brittany Fitzgerald,gmail.com
ACC003548,2026-08-10,Bonnie Barnes,yahoo.com
ACC003549,2025-10-13,Amy Walsh,icloud.com
ACC003550,2026-01-23,Brent Stephens,icloud.com
ACC003551,2025-02-27,Mrs. Lisa Smith,gmail.com
ACC003552,2025-06-15,Sarah Stewart,outlook.com
ACC003553,2025-06-01,Susan Matthews,gmail.com
ACC003554,2025-04-29,Kelli Shepard,icloud.com
ACC003555,2026-03-31,Ryan Caldwell,icloud.com
ACC003556,2024-10-19,Roger Mason,outlook.com
ACC003557,2026-05-06,Angela Ramos,outlook.com
ACC003558,2026-03-12,Craig Wagner,yahoo.com
ACC003559,2026-03-19,Paul Massey,yahoo.com
ACC003560,2025-10-22,Donald Bell,yahoo.com
ACC003561,2025-12-23,Keith Horton,outlook.com
ACC003562,2026-07-21,Julie Wilson,icloud.com
ACC003563,2025-11-17,Nicholas Lopez,gmail.com
ACC003564,2025-08-07,Tracy Wang,outlook.com
ACC003565,2026-03-07,Claudia Brooks,yahoo.com
ACC003566,2026-02-01,Nathaniel Wright,yahoo.com
ACC003567,2026-04-11,Maria Valenzuela,yahoo.com
ACC003568,2024-11-23,Peter Anderson,icloud.com
ACC003569,2026-02-15,Michael Thompson,gmail.com
ACC003570,2026-03-18,Ethan Perez,yahoo.com
ACC003571,2026-01-14,Stephen Thompson,gmail.com
ACC003572,2026-03-16,Michael Baker,icloud.com
ACC003573,2026-04-14,Kenneth Bailey DDS,outlook.com
ACC003574,2025-04-20,Mark Decker,icloud.com
ACC003575,2024-09-01,Ruben Cruz,gmail.com
ACC003576,2024-11-13,Christine Park,outlook.com
ACC003577,2025-07-08,Robert Hogan,yahoo.com
ACC003578,2024-09-25,Michael Gordon,gmail.com
ACC003579,2025-01-02,Rebecca Davis,yahoo.com
ACC003580,2024-11-08,Deanna Mcdonald,outlook.com
ACC003581,2025-11-07,Brian Barrett,outlook.com
ACC003582,2026-08-16,Charles Willis,outlook.com
ACC003583,2025-09-19,James Chapman,yahoo.com
ACC003584,2026-05-28,Michael Soto,icloud.com
ACC003585,2024-10-03,Aimee Fisher,icloud.com
ACC003586,2024-10-02,Matthew Garcia,outlook.com
ACC003587,2026-03-06,Elizabeth Owens,gmail.com
ACC003588,2026-08-03,Alex Lamb,icloud.com
ACC003589,2024-10-10,Kenneth Graham,icloud.com
ACC003590,2025-05-17,Roy King,gmail.com
ACC003591,2026-06-09,George Gregory,gmail.com
ACC003592,2025-08-12,Wesley Rich,yahoo.com
ACC003593,2025-07-28,Stephanie Hunter,outlook.com
ACC003594,2026-05-22,Raymond Finley,icloud.com
ACC003595,2026-08-02,Allen Hunt,yahoo.com
ACC003596,2024-11-10,Stacie Sanford,yahoo.com
ACC003597,2026-08-15,Christina Compton,icloud.com
ACC003598,2026-04-23,Beverly Cook,gmail.com
ACC003599,2025-12-07,Tracy Parker,outlook.com
ACC003600,2025-06-25,Rebecca Ellis,outlook.com
ACC003601,2026-08-05,Aaron Hernandez,yahoo.com
ACC003602,2026-01-07,Elizabeth Miller,icloud.com
ACC003603,2025-10-02,Dalton Davis,yahoo.com
ACC003604,2025-07-07,Michael Singleton,yahoo.com
ACC003605,2026-08-01,John Cooper,icloud.com
ACC003606,2026-08-19,Michael Hale,gmail.com
ACC003607,2025-01-21,Mary Guerra,yahoo.com
ACC003608,2026-01-22,Pamela Davis,outlook.com
ACC003609,2026-08-27,Phillip Anderson,outlook.com
ACC003610,2025-12-30,Stephanie Weiss,gmail.com
ACC003611,2026-03-25,Jessica Long,icloud.com
ACC003612,2024-11-29,John Yang,outlook.com
ACC003613,2025-10-16,Connie Franklin,yahoo.com
ACC003614,2024-09-25,Jackie Morgan,yahoo.com
ACC003615,2026-07-13,Lisa Walton,yahoo.com
ACC003616,2026-03-25,Maria Taylor,outlook.com
ACC003617,2026-07-05,Daniel Graham,yahoo.com
ACC003618,2026-03-28,Matthew Simmons,gmail.com
ACC003619,2025-01-29,James Nicholson,outlook.com
ACC003620,2024-09-12,Tyler Fisher,outlook.com
ACC003621,2024-12-25,Michael Flowers,outlook.com
ACC003622,2025-01-19,Bradley Parks,outlook.com
ACC003623,2025-04-07,Scott Lara,yahoo.com
ACC003624,2026-01-04,Francis Andrews,yahoo.com
ACC003625,2025-10-03,Jesse Tucker,gmail.com
ACC003626,2026-02-05,Jennifer Wise,yahoo.com
ACC003627,2026-02-08,David Walters,gmail.com
ACC003628,2026-06-04,Rebekah Cole,icloud.com
ACC003629,2025-05-27,John Rogers,icloud.com
ACC003630,2024-10-14,Holly Floyd,outlook.com
ACC003631,2025-03-17,Ms. Janet Leonard,outlook.com
ACC003632,2026-05-14,George Villa,yahoo.com
ACC003633,2026-05-23,Christina Hess,icloud.com
ACC003634,2026-05-07,Jordan Williams,outlook.com
ACC003635,2025-11-18,Bryan Burns,gmail.com
ACC003636,2026-03-30,Stephen Parks,gmail.com
ACC003637,2025-09-14,George Phillips,outlook.com
ACC003638,2025-12-20,Kimberly White,outlook.com
ACC003639,2025-07-13,Alan Nguyen,icloud.com
ACC003640,2026-08-06,Linda Howard,yahoo.com
ACC003641,2024-12-03,Parker Wright,icloud.com
ACC003642,2025-05-16,Brandon Acosta,outlook.com
ACC003643,2026-05-02,Jessica Hill,yahoo.com
ACC003644,2025-05-04,Melissa Sanchez,yahoo.com
ACC003645,2025-03-16,Sandy Oconnor,outlook.com
ACC003646,2025-05-29,Judy Jones,icloud.com
ACC003647,2026-08-06,Charles Davila,outlook.com
ACC003648,2026-03-10,Sonia Reyes,outlook.com
ACC003649,2026-04-19,Mrs. Tammy Curry,yahoo.com
ACC003650,2026-06-16,Alex Clements,yahoo.com
ACC003651,2025-03-07,Matthew Andrade,icloud.com
ACC003652,2025-10-07,Jessica Wilson,icloud.com
ACC003653,2026-03-05,Dean Turner,outlook.com
ACC003654,2026-05-14,Sarah Sanchez,gmail.com
ACC003655,2025-09-21,Jacqueline Kennedy,icloud.com
ACC003656,2025-03-13,Jessica Burgess,outlook.com
ACC003657,2026-03-18,Destiny Powers,outlook.com
ACC003658,2025-05-31,Susan Gregory,gmail.com
ACC003659,2026-05-03,Jason Smith,gmail.com
ACC003660,2025-10-02,Carlos Adams,outlook.com
ACC003661,2025-03-05,Vanessa Flores,gmail.com
ACC003662,2024-10-13,Albert Nguyen,gmail.com
ACC003663,2026-03-16,Dwayne Joseph,outlook.com
ACC003664,2026-08-05,Leah Walters,icloud.com
ACC003665,2026-07-09,James Spears,gmail.com
ACC003666,2025-08-12,Gilbert Reed,outlook.com
ACC003667,2025-05-05,Joel Newton,yahoo.com
ACC003668,2026-03-20,Michael Chambers,outlook.com
ACC003669,2024-09-24,Andrew Phelps,outlook.com
ACC003670,2025-09-28,Lynn Hoffman,yahoo.com
ACC003671,2024-12-03,Daniel Mercer,outlook.com
ACC003672,2024-12-07,Edgar Stewart,yahoo.com
ACC003673,2025-05-06,Alyssa Weber,icloud.com
ACC003674,2025-04-14,Guy Reynolds,outlook.com
ACC003675,2025-05-03,Allison Mcpherson DDS,outlook.com
ACC003676,2025-12-01,David Morse Jr.,yahoo.com
ACC003677,2024-11-23,Sarah Davis,icloud.com
ACC003678,2025-02-01,Willie Duncan,icloud.com
ACC003679,2026-03-09,Christopher Waters,outlook.com
ACC003680,2025-11-22,Jennifer Ortiz,outlook.com
ACC003681,2026-01-25,Jennifer Greene,icloud.com
ACC003682,2025-09-17,Jack Garcia,yahoo.com
ACC003683,2025-02-20,Toni Gill,icloud.com
ACC003684,2025-07-19,Joseph Myers,outlook.com
ACC003685,2025-05-13,Kathleen Marshall,outlook.com
ACC003686,2026-05-08,Joanna Bradshaw,icloud.com
ACC003687,2026-06-23,Dylan Patel,gmail.com
ACC003688,2025-10-04,John Jackson,outlook.com
ACC003689,2024-09-21,Janet Delgado,icloud.com
ACC003690,2025-11-09,Jennifer Fields,gmail.com
ACC003691,2025-08-23,Brenda Harvey,yahoo.com
ACC003692,2025-05-25,Ms. Monique Dougherty MD,icloud.com
ACC003693,2025-04-13,Keith Kennedy,yahoo.com
ACC003694,2025-09-09,Jacob Paul,gmail.com
ACC003695,2026-08-26,Martha Arnold,yahoo.com
ACC003696,2025-05-15,Sarah Martin,gmail.com
ACC003697,2025-01-31,Shaun Thompson,outlook.com
ACC003698,2025-06-13,Tammy Morris,yahoo.com
ACC003699,2025-07-17,Steven Clark,yahoo.com
ACC003700,2024-12-04,David Morrison,gmail.com
ACC003701,2026-03-16,Rebecca Kaufman DDS,icloud.com
ACC003702,2025-04-30,Larry Rivera,gmail.com
ACC003703,2024-11-08,Caitlin Ford,gmail.com
ACC003704,2026-03-01,Adriana Johnson,gmail.com
ACC003705,2025-03-03,Sharon Cowan,yahoo.com
ACC003706,2024-09-09,Andrea Butler,outlook.com
ACC003707,2026-02-08,Mike Martinez,gmail.com
ACC003708,2025-01-17,Maria Ferguson,yahoo.com
ACC003709,2025-02-07,John Barber,yahoo.com
ACC003710,2026-04-11,James Short,outlook.com
ACC003711,2025-12-10,Heidi Moran,yahoo.com
ACC003712,2025-02-13,Marie Patterson,gmail.com
ACC003713,2025-01-18,Charles Baker,gmail.com
ACC003714,2026-02-24,Nicole Rodriguez,icloud.com
ACC003715,2026-02-20,Jason Morgan,icloud.com
ACC003716,2025-05-16,Rebecca Clark,icloud.com
ACC003717,2025-01-08,Martin Jones,gmail.com
ACC003718,2026-05-08,Katherine Sanchez,outlook.com
ACC003719,2026-05-12,Edward Wallace,icloud.com
ACC003720,2025-07-04,Melissa Carroll,outlook.com
ACC003721,2026-01-12,Pam Hernandez,yahoo.com
ACC003722,2025-11-20,Daniel Wood,yahoo.com
ACC003723,2026-06-27,Eddie Duffy,outlook.com
ACC003724,2025-01-24,Mark Alvarez,gmail.com
ACC003725,2025-05-17,Edward Manning,icloud.com
ACC003726,2025-12-21,Bridget Carter,outlook.com
ACC003727,2025-01-12,Mark Johnson,icloud.com
ACC003728,2025-01-28,Eric Silva,gmail.com
ACC003729,2024-10-25,Nathan Mcgee,outlook.com
ACC003730,2026-07-02,Jennifer Montgomery MD,icloud.com
ACC003731,2025-08-30,Christopher Farrell,icloud.com
ACC003732,2024-11-09,James Grimes,outlook.com
ACC003733,2025-07-15,Mr. Joseph Thompson,yahoo.com
ACC003734,2025-01-28,Alexis Arroyo,outlook.com
ACC003735,2026-02-04,Eric Walker,yahoo.com
ACC003736,2025-12-04,Richard Mccormick,icloud.com
ACC003737,2025-08-22,Heather Stevens,outlook.com
ACC003738,2024-10-23,Susan Larsen,gmail.com
ACC003739,2025-11-18,Rachel Warren,gmail.com
ACC003740,2025-09-22,Dale Beck,outlook.com
ACC003741,2025-01-26,Brett Rivera,yahoo.com
ACC003742,2026-05-25,Juan Nichols,icloud.com
ACC003743,2025-04-14,Shelia Waller,gmail.com
ACC003744,2024-09-13,Keith Wright,yahoo.com
ACC003745,2026-04-06,Patrick Norris,yahoo.com
ACC003746,2025-11-12,Danielle Norris,outlook.com
ACC003747,2024-11-07,Andrew Lynch,yahoo.com
ACC003748,2026-01-08,Anna Lee,gmail.com
ACC003749,2025-02-17,Amy Leach,icloud.com
ACC003750,2026-07-18,Amy Perez,icloud.com
ACC003751,2025-12-25,Lauren Marshall,outlook.com
ACC003752,2026-02-22,Rachael Flores,yahoo.com
ACC003753,2025-04-20,Christina Wilson,gmail.com
ACC003754,2025-06-06,Craig Daniels,outlook.com
ACC003755,2025-10-20,John Hudson,gmail.com
ACC003756,2024-12-19,Shannon Rodriguez,yahoo.com
ACC003757,2025-05-13,Paula Lee,icloud.com
ACC003758,2026-08-16,Lisa Bryant,outlook.com
ACC003759,2025-11-04,Paul Guzman,outlook.com
ACC003760,2025-05-07,Christopher Hunter MD,yahoo.com
ACC003761,2025-07-19,Elizabeth Camacho,gmail.com
ACC003762,2025-11-17,Donald Hoffman,yahoo.com
ACC003763,2024-10-02,Jeremiah Rowland,outlook.com
ACC003764,2025-07-13,Katherine Flores,yahoo.com
ACC003765,2025-10-11,Julie Martin,yahoo.com
ACC003766,2025-04-29,Jeffrey Torres,outlook.com
ACC003767,2025-08-11,Jessica Little,yahoo.com
ACC003768,2024-11-24,Catherine Maxwell,gmail.com
ACC003769,2024-09-09,Cindy Shaw,yahoo.com
ACC003770,2024-12-04,Joseph Garcia,yahoo.com
ACC003771,2025-12-27,Leon Duncan,yahoo.com
ACC003772,2025-06-26,Christopher Miranda,outlook.com
ACC003773,2024-10-12,Sarah Bishop,yahoo.com
ACC003774,2024-12-12,Tyler Zavala,gmail.com
ACC003775,2026-05-23,Rachel Chan,gmail.com
ACC003776,2025-10-06,Timothy Kennedy,icloud.com
ACC003777,2026-05-01,Elizabeth Thomas,outlook.com
ACC003778,2025-01-20,Hector Mcgee,gmail.com
ACC003779,2025-02-09,Jeffery Long,gmail.com
ACC003780,2026-08-07,Philip Powell,outlook.com
ACC003781,2025-08-13,Heather Trujillo,yahoo.com
ACC003782,2025-09-03,Pamela Smith,outlook.com
ACC003783,2025-11-03,Christine Moran,yahoo.com
ACC003784,2025-04-04,James Morris,yahoo.com
ACC003785,2026-08-22,Erika Castro,yahoo.com
ACC003786,2024-10-31,Daniel Shaw,gmail.com
ACC003787,2025-12-04,Ashley Sanchez,yahoo.com
ACC003788,2025-06-17,John Griffith,outlook.com
ACC003789,2026-01-07,Wesley Williams,icloud.com
ACC003790,2026-06-22,Melissa Stout,outlook.com
ACC003791,2026-07-04,Mr. Lawrence Brooks,gmail.com
ACC003792,2025-10-06,Mark Hill,yahoo.com
ACC003793,2024-10-21,Thomas Rodriguez,gmail.com
ACC003794,2025-03-11,Paul Nguyen,icloud.com
ACC003795,2026-08-28,Jennifer Hernandez,outlook.com
ACC003796,2025-08-01,Edwin Gonzalez,icloud.com
ACC003797,2024-09-08,David Armstrong,yahoo.com
ACC003798,2024-12-05,Debbie Schmidt,icloud.com
ACC003799,2024-10-14,Alex Barton,yahoo.com
ACC003800,2025-06-12,Richard Dawson,yahoo.com
ACC003801,2024-10-10,Scott Stein,gmail.com
ACC003802,2026-05-23,Stephen Lopez,outlook.com
ACC003803,2024-12-17,Joel Cook,icloud.com
ACC003804,2025-01-30,Michele Scott,outlook.com
ACC003805,2026-02-24,Allison Wilson,yahoo.com
ACC003806,2025-12-10,James Tucker,outlook.com
ACC003807,2025-06-19,Joseph Durham,outlook.com
ACC003808,2026-04-27,Alexis Kim,gmail.com
ACC003809,2025-12-19,Jonathan Yates,yahoo.com
ACC003810,2025-12-05,Katherine Andrews,outlook.com
ACC003811,2025-04-23,Morgan Cunningham,outlook.com
ACC003812,2024-09-05,Phyllis Schmidt,yahoo.com
ACC003813,2025-12-05,Sarah Miller,yahoo.com
ACC003814,2025-11-15,Lisa Kaiser,gmail.com
ACC003815,2026-03-03,Pamela Jordan,icloud.com
ACC003816,2026-05-08,Jerry Gilmore,gmail.com
ACC003817,2026-03-01,Marie Jones,outlook.com
ACC003818,2025-10-04,Gina Rose,outlook.com
ACC003819,2024-09-15,Samantha Reynolds,icloud.com
ACC003820,2026-06-25,Kenneth Smith,yahoo.com
ACC003821,2024-12-11,Alicia Perez,yahoo.com
ACC003822,2026-07-06,David Walker,outlook.com
ACC003823,2025-02-13,Erin Ellis,icloud.com
ACC003824,2025-09-06,Patricia Andrews,gmail.com
ACC003825,2026-03-10,Spencer Camacho,gmail.com
ACC003826,2025-01-03,Raymond Harris,gmail.com
ACC003827,2025-06-04,Alexander Guzman,yahoo.com
ACC003828,2025-08-12,Penny Fernandez,gmail.com
ACC003829,2026-01-06,Erin Stewart,outlook.com
ACC003830,2024-12-04,Daniel Turner,outlook.com
ACC003831,2025-03-13,Devin Mayer,outlook.com
ACC003832,2024-11-04,Henry Taylor,yahoo.com
ACC003833,2025-02-12,Jessica Flowers,yahoo.com
ACC003834,2024-10-01,Jeremy Manning,outlook.com
ACC003835,2024-12-16,Jamie Griffin,icloud.com
ACC003836,2025-03-14,Daniel James,icloud.com
ACC003837,2026-07-05,Anna Thompson,icloud.com
ACC003838,2025-07-27,Misty Martinez,outlook.com
ACC003839,2024-10-08,Barbara Burns,icloud.com
ACC003840,2026-04-08,Nicole Stewart,outlook.com
ACC003841,2026-06-27,William Marsh,outlook.com
ACC003842,2025-07-20,David Rodriguez,icloud.com
ACC003843,2024-12-08,Adam Lara,gmail.com
ACC003844,2026-01-20,Scott Gomez,outlook.com
ACC003845,2026-06-16,Sara Hamilton,outlook.com
ACC003846,2026-03-04,Elizabeth Key,icloud.com
ACC003847,2024-12-19,Mason Price,gmail.com
ACC003848,2026-08-14,Trevor Hill,outlook.com
ACC003849,2025-06-15,Erica Taylor,outlook.com
ACC003850,2026-02-26,Justin Anderson,outlook.com
ACC003851,2025-07-13,Michael Farmer,outlook.com
ACC003852,2024-09-27,Robert Cline,outlook.com
ACC003853,2024-12-05,Jacqueline Perry,yahoo.com
ACC003854,2024-12-26,Christopher Mayer,gmail.com
ACC003855,2025-07-23,Natalie Patrick,gmail.com
ACC003856,2026-04-20,Shawn Rodriguez,gmail.com
ACC003857,2025-06-11,Jonathan Torres,outlook.com
ACC003858,2026-03-20,Susan Baker,outlook.com
ACC003859,2024-10-12,Richard Rivera,outlook.com
ACC003860,2026-07-06,Amanda Wiggins,outlook.com
ACC003861,2025-01-19,Amber Bennett,gmail.com
ACC003862,2024-12-19,Kelly Moore,icloud.com
ACC003863,2025-09-05,Steven Davis,icloud.com
ACC003864,2025-02-10,Ashley Alvarez DVM,yahoo.com
ACC003865,2025-02-20,Kimberly Taylor,yahoo.com
ACC003866,2025-12-26,Mallory Collins,yahoo.com
ACC003867,2026-07-31,Steven Anderson,yahoo.com
ACC003868,2026-07-30,Holly Austin,outlook.com
ACC003869,2026-03-15,Karen Goodman,yahoo.com
ACC003870,2025-04-05,Christina Robinson,icloud.com
ACC003871,2025-08-19,Tom Perez,yahoo.com
ACC003872,2026-04-16,Brandon Powell,outlook.com
ACC003873,2026-05-25,Ashley Perez,gmail.com
ACC003874,2026-06-26,Matthew Murphy,icloud.com
ACC003875,2025-10-21,Mary Meyer,yahoo.com
ACC003876,2026-04-14,Sophia Wolf,yahoo.com
ACC003877,2025-01-14,Javier Stanley,gmail.com
ACC003878,2024-10-18,Taylor Johnson,gmail.com
ACC003879,2025-04-12,Janice Williams,outlook.com
ACC003880,2026-06-30,Christopher Thomas,yahoo.com
ACC003881,2025-10-29,Robert Martin,gmail.com
ACC003882,2025-12-02,Kenneth Webb,yahoo.com
ACC003883,2025-09-13,Mark Montoya,outlook.com
ACC003884,2026-07-08,Jodi Lewis,outlook.com
ACC003885,2026-06-13,Kimberly Wilson,yahoo.com
ACC003886,2025-08-28,Randy Bradshaw,yahoo.com
ACC003887,2026-01-14,Steven Scott,outlook.com
ACC003888,2025-05-17,Katherine Dunn,gmail.com
ACC003889,2025-02-10,Mary Peterson,gmail.com
ACC003890,2026-02-19,Amy Diaz,outlook.com
ACC003891,2024-12-23,Traci Martinez,outlook.com
ACC003892,2025-06-14,Jim Rodriguez,yahoo.com
ACC003893,2025-12-29,Elizabeth Marks,gmail.com
ACC003894,2025-07-08,Jeffrey Joyce,yahoo.com
ACC003895,2026-08-06,Sean Wagner,outlook.com
ACC003896,2025-06-04,Todd Lutz,yahoo.com
ACC003897,2025-11-23,Ryan Walker,yahoo.com
ACC003898,2026-06-23,Nicholas Gomez,icloud.com
ACC003899,2026-03-19,Brittany Heath,yahoo.com
ACC003900,2025-09-15,Rebecca Cox,outlook.com
ACC003901,2026-07-07,Travis Schmidt,outlook.com
ACC003902,2024-11-04,Brett Martin,gmail.com
ACC003903,2025-05-17,Lisa Bridges,yahoo.com
ACC003904,2026-02-24,Brittany Dunlap,gmail.com
ACC003905,2025-08-02,Shannon Ramirez,icloud.com
ACC003906,2026-01-06,Tiffany Phillips,yahoo.com
ACC003907,2025-07-11,Valerie English,icloud.com
ACC003908,2026-04-24,Chad Hurley,yahoo.com
ACC003909,2024-12-08,David Peters,icloud.com
ACC003910,2025-05-09,Thomas Austin,outlook.com
ACC003911,2025-09-01,Amy Jenkins,icloud.com
ACC003912,2026-01-18,Rodney Duran,yahoo.com
ACC003913,2026-08-08,Tiffany Sanchez,gmail.com
ACC003914,2025-04-25,Maria Myers,icloud.com
ACC003915,2025-12-23,Ruben Jones,icloud.com
ACC003916,2026-07-30,Desiree Stafford,icloud.com
ACC003917,2025-04-08,Patrick Blackburn,yahoo.com
ACC003918,2024-10-08,Jeremy Chambers,outlook.com
ACC003919,2025-01-02,Alexandra Wilson,outlook.com
ACC003920,2024-12-05,Brian Fuller,outlook.com
ACC003921,2024-12-05,Matthew Evans,outlook.com
ACC003922,2026-01-01,Patrick Gibson,outlook.com
ACC003923,2026-01-15,William Lozano,yahoo.com
ACC003924,2024-12-12,Dillon Travis,gmail.com
ACC003925,2024-09-01,Steven Rodriguez,icloud.com
ACC003926,2025-12-08,Kevin Walter,yahoo.com
ACC003927,2026-06-05,Rebecca Blake,gmail.com
ACC003928,2025-02-24,Brian Bright,yahoo.com
ACC003929,2025-03-03,Linda Cox,yahoo.com
ACC003930,2025-01-14,Mary Copeland,outlook.com
ACC003931,2026-07-10,Jennifer Little,icloud.com
ACC003932,2024-10-03,Diana Ramsey,gmail.com
ACC003933,2026-06-05,David Romero,outlook.com
ACC003934,2026-08-06,Russell Bird,gmail.com
ACC003935,2025-09-23,Brian Shaffer,gmail.com
ACC003936,2024-10-06,Jon Garza,yahoo.com
ACC003937,2024-11-26,Ashley Norman,yahoo.com
ACC003938,2025-02-05,Kristina Monroe,icloud.com
ACC003939,2025-04-23,Joseph Schaefer,yahoo.com
ACC003940,2025-12-08,Kyle Garza,yahoo.com
ACC003941,2025-11-10,Tiffany Johnston,yahoo.com
ACC003942,2025-07-21,Phillip Ward,outlook.com
ACC003943,2025-03-20,Stephanie Fisher,icloud.com
ACC003944,2026-03-03,Patrick Reed,icloud.com
ACC003945,2026-08-13,Sarah Berry,yahoo.com
ACC003946,2026-08-19,Teresa Li,gmail.com
ACC003947,2026-06-28,Paula Caldwell,yahoo.com
ACC003948,2026-03-06,Keith Johnson,yahoo.com
ACC003949,2024-10-22,Annette Knapp,gmail.com
ACC003950,2025-08-14,Monica Atkinson,gmail.com
ACC003951,2025-08-07,Robert Cooper,yahoo.com
ACC003952,2025-11-12,Danielle Griffin,icloud.com
ACC003953,2025-04-14,Jimmy Ritter,gmail.com
ACC003954,2024-11-13,Riley Clark,icloud.com
ACC003955,2025-12-16,Kimberly Morris,yahoo.com
ACC003956,2024-10-01,Gregory Ochoa,gmail.com
ACC003957,2026-07-13,Shannon Cook,gmail.com
ACC003958,2025-07-28,Natalie Huff,yahoo.com
ACC003959,2026-08-06,Ronald Garcia,yahoo.com
ACC003960,2025-11-24,Margaret Edwards,outlook.com
ACC003961,2025-02-01,Cody Reyes III,outlook.com
ACC003962,2026-07-21,Heather Shaffer,gmail.com
ACC003963,2025-05-26,Nicole Chung,yahoo.com
ACC003964,2026-05-08,Brian Perkins,icloud.com
ACC003965,2026-02-17,Melody Castro,gmail.com
ACC003966,2025-06-23,Kimberly Sanders,gmail.com
ACC003967,2025-12-25,Christina Davis,gmail.com
ACC003968,2024-09-27,Sherri Sullivan,gmail.com
ACC003969,2026-07-10,Mike Patel,outlook.com
ACC003970,2025-08-20,Thomas Garcia,outlook.com
ACC003971,2026-02-11,Robin Clay,outlook.com
ACC003972,2025-09-22,Kelly Miller,gmail.com
ACC003973,2025-01-31,Mrs. Amanda Kelley DDS,outlook.com
ACC003974,2025-09-14,Johnny Whitaker,gmail.com
ACC003975,2025-02-22,Mrs. Courtney Wong,icloud.com
ACC003976,2026-06-03,Adam Sanchez,icloud.com
ACC003977,2025-04-01,Logan Massey,yahoo.com
ACC003978,2026-05-26,Juan Carroll,outlook.com
ACC003979,2025-01-07,Ryan Carpenter,gmail.com
ACC003980,2024-10-19,Stacy Werner,gmail.com
ACC003981,2026-02-24,Michelle Holden,gmail.com
ACC003982,2026-06-03,Deborah Wood,outlook.com
ACC003983,2026-01-24,Taylor Flores,yahoo.com
ACC003984,2025-03-12,Tyler Taylor,gmail.com
ACC003985,2025-05-07,Victoria Wright,yahoo.com
ACC003986,2026-08-15,Betty Pollard,icloud.com
ACC003987,2026-02-17,Katie Alvarez,outlook.com
ACC003988,2025-02-10,Robert Munoz,gmail.com
ACC003989,2025-01-12,Michelle Newman,outlook.com
ACC003990,2024-12-16,Victoria Marshall,outlook.com
ACC003991,2025-12-18,Amy Montgomery,gmail.com
ACC003992,2026-06-09,Jeffrey Benton Jr.,icloud.com
ACC003993,2025-09-18,Kristin Brown,outlook.com
ACC003994,2025-10-18,Sean Hernandez,yahoo.com
ACC003995,2026-03-11,Ana Higgins,yahoo.com
ACC003996,2024-09-24,Theresa Luna,gmail.com
ACC003997,2025-07-13,Katherine Padilla,icloud.com
ACC003998,2026-02-08,Victoria Lewis,gmail.com
ACC003999,2025-09-13,Joshua Leonard,yahoo.com
ACC004000,2025-08-06,Kelly Liu,yahoo.com
ACC004001,2026-07-22,Brianna Ryan,outlook.com
ACC004002,2026-08-05,Emily Smith,gmail.com
ACC004003,2025-03-29,Michelle Howard,yahoo.com
ACC004004,2025-03-18,William Austin,outlook.com
ACC004005,2025-10-10,Monica Oconnor,yahoo.com
ACC004006,2024-12-02,Kyle Blake,gmail.com
ACC004007,2025-01-05,Christopher Banks,gmail.com
ACC004008,2026-05-01,Bryan Davis DVM,gmail.com
ACC004009,2025-04-10,Tiffany Hughes,yahoo.com
ACC004010,2025-04-20,Michael Taylor,gmail.com
ACC004011,2024-11-18,Brendan Kelly,gmail.com
ACC004012,2025-10-04,Sherry Porter,gmail.com
ACC004013,2026-03-20,James Perez,gmail.com
ACC004014,2025-04-02,Miss Gina Walton,gmail.com
ACC004015,2025-08-09,Alicia Obrien,icloud.com
ACC004016,2026-05-05,Mrs. Jacqueline Jackson,gmail.com
ACC004017,2025-08-08,Kendra Smith,icloud.com
ACC004018,2025-06-18,Alexander Stein,gmail.com
ACC004019,2026-05-29,Shannon Sosa,yahoo.com
ACC004020,2026-05-18,Marc White,outlook.com
ACC004021,2024-11-18,Gregory Wiggins,outlook.com
ACC004022,2026-02-21,Linda Berry,outlook.com
ACC004023,2025-04-20,Michelle Hobbs,yahoo.com
ACC004024,2025-08-18,Charles Fuentes,gmail.com
ACC004025,2025-03-19,Andrew Medina,yahoo.com
ACC004026,2026-05-15,Teresa Aguirre,yahoo.com
ACC004027,2025-12-07,Eddie Bailey,outlook.com
ACC004028,2025-11-03,Joseph Mccullough,gmail.com
ACC004029,2024-10-08,Mr. Zachary Mora DVM,outlook.com
ACC004030,2024-10-14,Kimberly Price,outlook.com
ACC004031,2025-05-02,Bruce Spencer,icloud.com
ACC004032,2025-11-20,Jacob Allen,gmail.com
ACC004033,2025-01-10,Chelsea Powell,icloud.com
ACC004034,2025-03-17,Thomas Morse,gmail.com
ACC004035,2025-10-05,Susan Zimmerman,icloud.com
ACC004036,2025-10-01,Annette Meyer,yahoo.com
ACC004037,2025-07-26,Erica Rose,yahoo.com
ACC004038,2025-04-12,Kim Long,outlook.com
ACC004039,2024-10-24,Christina Flores,icloud.com
ACC004040,2026-04-09,Craig Raymond,gmail.com
ACC004041,2025-11-09,Jeffrey Miller,yahoo.com
ACC004042,2025-06-25,Brian Hoffman,gmail.com
ACC004043,2025-07-09,Elizabeth Gay,gmail.com
ACC004044,2025-08-17,Patricia Hale,outlook.com
ACC004045,2026-07-16,Amanda Arroyo,yahoo.com
ACC004046,2025-04-06,Kevin Mccullough,yahoo.com
ACC004047,2024-10-25,Margaret Stevenson,gmail.com
ACC004048,2026-08-09,Amber Turner,gmail.com
ACC004049,2026-04-02,Victor Williams,gmail.com
ACC004050,2026-04-11,Shelly Rodgers,yahoo.com
ACC004051,2025-05-20,Cassandra Wood,yahoo.com
ACC004052,2026-06-02,Susan Garcia,icloud.com
ACC004053,2024-12-01,Stephanie Joseph,outlook.com
ACC004054,2026-04-17,Dalton Clark,icloud.com
ACC004055,2025-08-05,Alexis Weeks,gmail.com
ACC004056,2026-01-26,Michael Glass,outlook.com
ACC004057,2025-03-14,David Cervantes,gmail.com
ACC004058,2025-06-29,Victoria Benitez,yahoo.com
ACC004059,2026-04-01,Jacqueline Monroe,gmail.com
ACC004060,2026-03-26,Charles Sanchez,icloud.com
ACC004061,2026-06-18,Sonia Henderson,gmail.com
ACC004062,2024-10-02,Sharon Sims,icloud.com
ACC004063,2025-07-14,Shawn Doyle,yahoo.com
ACC004064,2026-07-19,Michael Perry,outlook.com
ACC004065,2026-07-06,Donald Santana,gmail.com
ACC004066,2025-08-19,Katherine Greene,icloud.com
ACC004067,2026-08-13,Jennifer Dominguez,icloud.com
ACC004068,2026-03-17,Matthew Walker,yahoo.com
ACC004069,2026-03-12,Ashley Barrera,yahoo.com
ACC004070,2024-12-05,Clifford Murphy DVM,icloud.com
ACC004071,2025-10-22,Michael Arias,gmail.com
ACC004072,2026-03-30,Joshua Mitchell,icloud.com
ACC004073,2026-07-21,Ashley Wilson,yahoo.com
ACC004074,2026-04-09,Stacey Clements,outlook.com
ACC004075,2025-03-16,Kathleen Martinez,outlook.com
ACC004076,2025-05-05,Julie Rodriguez MD,outlook.com
ACC004077,2024-10-01,Cathy Farmer,yahoo.com
ACC004078,2024-09-02,Dana Gilbert,gmail.com
ACC004079,2025-10-04,Charles Harper,gmail.com
ACC004080,2025-10-02,Timothy Wang,yahoo.com
ACC004081,2026-07-17,Daniel Stewart,yahoo.com
ACC004082,2024-10-20,Tiffany Peterson,gmail.com
ACC004083,2026-05-20,Tammy Bell,outlook.com
ACC004084,2026-06-07,Mathew Myers,gmail.com
ACC004085,2025-12-09,Edgar Brown,icloud.com
ACC004086,2026-04-20,Cory Barrett,icloud.com
ACC004087,2024-10-22,Seth Jones,outlook.com
ACC004088,2025-06-04,Joseph Hawkins,gmail.com
ACC004089,2025-11-28,Victor Brown,outlook.com
ACC004090,2024-10-30,Jennifer Ferguson,icloud.com
ACC004091,2025-10-27,Carolyn Cantu,yahoo.com
ACC004092,2024-09-20,Charles Garcia,gmail.com
ACC004093,2025-09-29,James Hart,gmail.com
ACC004094,2025-05-28,Patricia Wilson,gmail.com
ACC004095,2024-11-08,Mark Elliott,yahoo.com
ACC004096,2025-12-09,Matthew Bartlett,yahoo.com
ACC004097,2025-07-19,Maria Campbell,outlook.com
ACC004098,2025-08-20,Joanna Adkins,icloud.com
ACC004099,2026-03-12,Lisa Reed,gmail.com
ACC004100,2025-03-29,Jordan Calhoun MD,yahoo.com
ACC004101,2026-05-11,Heather Thomas,yahoo.com
ACC004102,2024-12-25,Carrie Coffey,yahoo.com
ACC004103,2026-02-08,Dr. Isabel Smith PhD,outlook.com
ACC004104,2026-01-21,Joe Page,outlook.com
ACC004105,2025-03-14,Crystal Morales,yahoo.com
ACC004106,2026-07-16,Heather Mcmahon,outlook.com
ACC004107,2026-04-30,Jason Quinn,gmail.com
ACC004108,2024-10-19,James Cox,yahoo.com
ACC004109,2026-02-05,James Cummings,gmail.com
ACC004110,2025-06-10,Daniel Lee,outlook.com
ACC004111,2025-12-07,Shane Hopkins,yahoo.com
ACC004112,2025-10-13,Stephanie Kelley,icloud.com
ACC004113,2025-12-19,Jennifer Schneider,icloud.com
ACC004114,2024-11-16,Charles Rodriguez,gmail.com
ACC004115,2026-01-17,Elizabeth Wall,yahoo.com
ACC004116,2025-05-26,Loretta Williams,icloud.com
ACC004117,2026-01-17,Juan Moore,icloud.com
ACC004118,2025-04-26,Joseph White,yahoo.com
ACC004119,2026-03-11,Michael Cruz,outlook.com
ACC004120,2025-08-13,Denise Reese,yahoo.com
ACC004121,2026-01-18,Brittney Morales,icloud.com
ACC004122,2025-12-09,Christina Jenkins,icloud.com
ACC004123,2026-01-22,Sean Anderson,yahoo.com
ACC004124,2024-09-16,Emily Fitzpatrick,outlook.com
ACC004125,2026-03-08,Nancy Liu,yahoo.com
ACC004126,2025-03-04,Rachel Miller,yahoo.com
ACC004127,2026-07-23,Scott Brown,yahoo.com
ACC004128,2026-07-28,Emily Winters,outlook.com
ACC004129,2026-03-07,Chris Lewis,icloud.com
ACC004130,2025-10-20,Heidi Blankenship,yahoo.com
ACC004131,2024-11-14,Sandra Alvarez,yahoo.com
ACC004132,2025-12-12,Donna Garcia,gmail.com
ACC004133,2025-11-15,Stephanie Hernandez,outlook.com
ACC004134,2025-01-08,Joseph Montgomery,gmail.com
ACC004135,2026-05-13,Juan Harrison,yahoo.com
ACC004136,2026-02-02,Miss Stephanie Cherry,outlook.com
ACC004137,2026-05-14,Bridget Wallace,outlook.com
ACC004138,2025-06-18,Brandy James,outlook.com
ACC004139,2024-10-07,Christopher Smith,icloud.com
ACC004140,2025-03-03,Sabrina Galvan,yahoo.com
ACC004141,2025-10-05,Catherine Shannon,icloud.com
ACC004142,2024-09-27,Theresa Knight,icloud.com
ACC004143,2024-11-19,Victoria Tanner,gmail.com
ACC004144,2026-05-19,Chad Evans,icloud.com
ACC004145,2026-06-01,Chase Haney,icloud.com
ACC004146,2025-01-11,Maureen Nixon,outlook.com
ACC004147,2024-10-10,Michael Rush,outlook.com
ACC004148,2026-06-21,Larry Lloyd,yahoo.com
ACC004149,2024-10-24,Steven Butler,outlook.com
ACC004150,2025-10-05,Samuel Lee,icloud.com
ACC004151,2026-04-06,Joseph Moon,gmail.com
ACC004152,2025-02-19,Taylor Williams II,outlook.com
ACC004153,2025-09-19,Jerry Hamilton,outlook.com
ACC004154,2026-02-19,Paul Wolf,icloud.com
ACC004155,2025-03-20,Bobby Arnold,yahoo.com
ACC004156,2025-03-10,William Weber,yahoo.com
ACC004157,2025-10-06,Alicia James,yahoo.com
ACC004158,2025-08-15,Jamie Johnson,icloud.com
ACC004159,2024-11-21,Melissa Rogers,outlook.com
ACC004160,2026-01-08,Sarah Mueller,yahoo.com
ACC004161,2025-02-19,Gordon Hahn,yahoo.com
ACC004162,2026-08-13,Kristen Burns,yahoo.com
ACC004163,2024-12-14,Thomas Sellers,yahoo.com
ACC004164,2025-09-14,Melvin Flores,outlook.com
ACC004165,2026-02-14,Ashley Cochran,outlook.com
ACC004166,2024-09-17,Ashley Jones,outlook.com
ACC004167,2025-05-26,Christian Solis,yahoo.com
ACC004168,2025-07-11,Sharon Smith,gmail.com
ACC004169,2026-01-06,Robert Berg,icloud.com
ACC004170,2025-03-23,Brooke Sims,outlook.com
ACC004171,2024-10-09,Julia Marks,gmail.com
ACC004172,2025-10-09,Ashley Martinez,outlook.com
ACC004173,2025-06-28,Christina Reese,icloud.com
ACC004174,2025-08-02,Brandon Bean,yahoo.com
ACC004175,2025-02-25,Rickey Hall,outlook.com
ACC004176,2026-01-01,Bobby Flores,gmail.com
ACC004177,2025-12-03,Karen Gonzalez,outlook.com
ACC004178,2026-05-29,Lisa Lopez MD,outlook.com
ACC004179,2025-06-18,Sharon Brown,gmail.com
ACC004180,2025-03-01,Aaron Thompson,icloud.com
ACC004181,2026-08-14,Charles Weaver,icloud.com
ACC004182,2026-01-03,Melissa Warner,gmail.com
ACC004183,2025-01-11,Cody Morris,yahoo.com
ACC004184,2025-02-14,Carla Reid DDS,yahoo.com
ACC004185,2025-11-01,Katie Mitchell,gmail.com
ACC004186,2025-12-05,Roger Moss,icloud.com
ACC004187,2025-02-19,Mary Donaldson,yahoo.com
ACC004188,2026-02-05,Paul Brown,outlook.com
ACC004189,2026-04-26,Gregory Quinn,icloud.com
ACC004190,2026-05-22,Sabrina Miller,outlook.com
ACC004191,2025-07-09,Michelle Smith,gmail.com
ACC004192,2025-08-07,Anita Chapman,gmail.com
ACC004193,2024-10-11,Heather Becker,gmail.com
ACC004194,2025-09-17,Andrea Baker,yahoo.com
ACC004195,2025-05-01,Joanne Harmon,yahoo.com
ACC004196,2025-07-22,Mr. Phillip Edwards,gmail.com
ACC004197,2025-07-29,Mrs. Laurie Williams MD,outlook.com
ACC004198,2026-02-17,Joel Mclean,yahoo.com
ACC004199,2026-07-31,Valerie Ford,gmail.com
ACC004200,2025-06-19,Jodi Thomas,icloud.com
ACC004201,2025-01-26,Jennifer Johnson,icloud.com
ACC004202,2025-12-04,Eugene Fritz,icloud.com
ACC004203,2025-02-01,Jennifer Smith,gmail.com
ACC004204,2026-02-10,Mary Thompson,yahoo.com
ACC004205,2025-04-03,Catherine Davis,gmail.com
ACC004206,2026-08-26,Chris Rogers,gmail.com
ACC004207,2024-11-04,James Torres,yahoo.com
ACC004208,2026-06-23,Kirsten Perez,gmail.com
ACC004209,2024-10-31,Dr. Jeffrey Valentine,icloud.com
ACC004210,2026-02-15,Wayne Brown,yahoo.com
ACC004211,2026-01-15,Andrea Morris,yahoo.com
ACC004212,2025-08-20,Dylan Young,gmail.com
ACC004213,2025-10-19,Regina Butler,gmail.com
ACC004214,2025-03-05,Eric Moore,outlook.com
ACC004215,2025-07-26,Melinda Patterson,outlook.com
ACC004216,2026-01-09,Carl Campbell,yahoo.com
ACC004217,2026-04-08,Renee Shields,gmail.com
ACC004218,2026-05-27,Wesley Brown,gmail.com
ACC004219,2026-07-06,Jason Clark,yahoo.com
ACC004220,2024-10-25,David Wiggins,yahoo.com
ACC004221,2026-06-23,Thomas Kaufman,icloud.com
ACC004222,2025-12-13,Kristen Ray,yahoo.com
ACC004223,2025-04-11,Cory Martinez,yahoo.com
ACC004224,2025-03-06,Mark Maddox,yahoo.com
ACC004225,2025-10-27,Kevin Young,yahoo.com
ACC004226,2025-08-01,Katherine Harrison,gmail.com
ACC004227,2026-03-21,Jorge Davis,yahoo.com
ACC004228,2025-07-30,Loretta Miller,outlook.com
ACC004229,2025-07-25,Lance Macdonald DVM,outlook.com
ACC004230,2025-01-04,Jerry Waters,icloud.com
ACC004231,2025-04-13,Desiree Thomas,yahoo.com
ACC004232,2025-05-12,Amy Wright,gmail.com
ACC004233,2025-05-18,Erin Summers,icloud.com
ACC004234,2025-12-02,Mr. Don Flores,icloud.com
ACC004235,2026-04-08,Miss Kimberly Holloway,yahoo.com
ACC004236,2025-02-13,Tina Harper,gmail.com
ACC004237,2026-07-15,Nicholas Moss,icloud.com
ACC004238,2025-04-08,Robert Campbell,icloud.com
ACC004239,2026-04-17,Jenny Cardenas,yahoo.com
ACC004240,2024-09-29,Dean Thomas,gmail.com
ACC004241,2025-10-12,Matthew Farmer,gmail.com
ACC004242,2024-10-09,John Browning,gmail.com
ACC004243,2026-05-15,Mario Peters,icloud.com
ACC004244,2026-08-02,Olivia Rodriguez,yahoo.com
ACC004245,2025-03-09,Donald Mccarthy,yahoo.com
ACC004246,2024-10-12,Christopher Anderson,yahoo.com
ACC004247,2025-07-07,Becky Parrish,yahoo.com
ACC004248,2026-04-10,Jackie Stewart,outlook.com
ACC004249,2024-11-08,Krista Fuller,outlook.com
ACC004250,2026-04-08,Jennifer Nguyen,gmail.com
ACC004251,2026-06-21,Amanda Campbell,yahoo.com
ACC004252,2024-12-04,Laura Ware,outlook.com
ACC004253,2025-06-11,Mitchell Anderson,yahoo.com
ACC004254,2024-09-06,Barry Hernandez,icloud.com
ACC004255,2025-04-04,Teresa Young,icloud.com
ACC004256,2025-01-27,Valerie Morgan,icloud.com
ACC004257,2025-02-03,Paul Vasquez,gmail.com
ACC004258,2024-12-30,Kelly May,icloud.com
ACC004259,2026-07-09,Christopher Carson,yahoo.com
ACC004260,2026-05-14,Joan Wilson,gmail.com
ACC004261,2025-09-27,Debbie Allen,icloud.com
ACC004262,2025-03-05,Kristin Williams,gmail.com
ACC004263,2025-12-02,Courtney Williams,yahoo.com
ACC004264,2025-05-13,David Hernandez,yahoo.com
ACC004265,2025-06-28,Kathryn Morris,yahoo.com
ACC004266,2025-08-12,Meagan Smith,yahoo.com
ACC004267,2025-12-11,Katherine Caldwell,outlook.com
ACC004268,2025-06-16,Krista Williams,yahoo.com
ACC004269,2025-06-19,Christine Aguilar,gmail.com
ACC004270,2025-08-12,Michael Perkins,gmail.com
ACC004271,2025-02-01,Steven Martin,outlook.com
ACC004272,2024-09-18,Joshua Herman,yahoo.com
ACC004273,2025-09-25,Diana Hawkins,gmail.com
ACC004274,2026-07-15,Caitlin Harris,outlook.com
ACC004275,2024-09-18,Felicia Murphy,gmail.com
ACC004276,2024-12-31,Bryan Mitchell,yahoo.com
ACC004277,2025-11-09,Larry Curtis,outlook.com
ACC004278,2025-10-02,Jennifer Lopez,outlook.com
ACC004279,2024-09-28,Robert Newton,outlook.com
ACC004280,2024-09-27,Christina Hudson,yahoo.com
ACC004281,2025-11-07,Sandra Craig,gmail.com
ACC004282,2026-01-04,Sabrina Ward,yahoo.com
ACC004283,2024-11-01,Mark Knight,yahoo.com
ACC004284,2024-11-27,Darlene Dixon,icloud.com
ACC004285,2025-10-28,Daniel White,yahoo.com
ACC004286,2025-06-16,Jonathan Cortez,gmail.com
ACC004287,2025-05-26,Judith Myers,yahoo.com
ACC004288,2026-08-20,Tammie Castillo,outlook.com
ACC004289,2024-10-31,Rebecca Estrada,gmail.com
ACC004290,2025-10-21,Angela Rodriguez,icloud.com
ACC004291,2025-11-08,Andre Williams,outlook.com
ACC004292,2025-11-28,Donald Smith,outlook.com
ACC004293,2025-11-10,Nicholas Ali,yahoo.com
ACC004294,2026-01-05,Jacob Brewer,gmail.com
ACC004295,2025-12-17,Natalie Watson,icloud.com
ACC004296,2024-10-16,Matthew Evans,gmail.com
ACC004297,2024-10-10,Bryan Thomas,yahoo.com
ACC004298,2026-03-22,Timothy Lucero,yahoo.com
ACC004299,2025-10-14,Barbara Fields,outlook.com
ACC004300,2025-02-13,Rebecca Beard,icloud.com
ACC004301,2026-02-12,Carrie Rodriguez,gmail.com
ACC004302,2024-12-19,Jordan Tanner,yahoo.com
ACC004303,2025-08-17,Denise Johnson,gmail.com
ACC004304,2025-03-20,Amy Holt,gmail.com
ACC004305,2024-12-14,James Bennett,yahoo.com
ACC004306,2025-04-23,Jeffrey Owens,outlook.com
ACC004307,2025-06-22,Adam Merritt,outlook.com
ACC004308,2025-07-05,Tina Walter,yahoo.com
ACC004309,2024-12-26,Michelle Harris,yahoo.com
ACC004310,2026-04-02,Michael Richmond,icloud.com
ACC004311,2026-02-27,Michael Patrick,outlook.com
ACC004312,2026-08-22,Amanda Hart DVM,icloud.com
ACC004313,2024-10-01,Michele Conner,yahoo.com
ACC004314,2025-08-08,Natalie Mitchell,yahoo.com
ACC004315,2025-02-08,Jacob Hoover,icloud.com
ACC004316,2025-10-09,Jacqueline Winters,icloud.com
ACC004317,2025-08-28,Kimberly Flores,gmail.com
ACC004318,2026-08-18,Jennifer Carpenter,icloud.com
ACC004319,2024-10-29,William Saunders,outlook.com
ACC004320,2025-11-10,Michael Preston,gmail.com
ACC004321,2026-06-04,Jennifer Ali,gmail.com
ACC004322,2024-10-22,David Taylor,icloud.com
ACC004323,2025-01-06,Maria Hayes,outlook.com
ACC004324,2026-07-03,Melanie Preston,outlook.com
ACC004325,2026-03-31,Thomas Mcgrath,outlook.com
ACC004326,2025-05-14,Glenn Chen,gmail.com
ACC004327,2024-10-14,Sarah Berry,outlook.com
ACC004328,2026-06-25,Rebecca Summers,icloud.com
ACC004329,2026-06-17,Rodney Gilmore,yahoo.com
ACC004330,2025-12-19,Kimberly Stone DDS,icloud.com
ACC004331,2025-09-27,Joshua Dunlap,outlook.com
ACC004332,2025-09-27,Melinda French,gmail.com
ACC004333,2026-01-10,Gabriel Copeland MD,outlook.com
ACC004334,2026-01-05,Kelly Weiss,outlook.com
ACC004335,2025-02-26,Gregory Russell,outlook.com
ACC004336,2025-04-04,Ashley Bowman,outlook.com
ACC004337,2024-09-16,Ruben Woodard,gmail.com
ACC004338,2025-11-16,Aaron Leon,yahoo.com
ACC004339,2025-12-23,Ashley Thomas,gmail.com
ACC004340,2024-12-18,Travis Allen,gmail.com
ACC004341,2025-02-10,Roger Weaver,gmail.com
ACC004342,2026-03-13,Robert Johnson,gmail.com
ACC004343,2026-08-02,Bryan Lopez,icloud.com
ACC004344,2024-11-25,Andrea King,icloud.com
ACC004345,2026-07-10,Jennifer Howard,gmail.com
ACC004346,2025-05-25,Michael Evans,outlook.com
ACC004347,2025-01-02,Daniel Patterson,icloud.com
ACC004348,2026-04-08,Karen Mendez,icloud.com
ACC004349,2024-09-12,John Johnson,yahoo.com
ACC004350,2025-05-24,Andre Haynes,gmail.com
ACC004351,2025-07-25,Janet Ryan,icloud.com
ACC004352,2025-03-13,Michael Oliver,icloud.com
ACC004353,2026-05-03,Wesley Henry,icloud.com
ACC004354,2025-02-09,Andrew Freeman,icloud.com
ACC004355,2026-05-08,Karen Stephens,icloud.com
ACC004356,2025-10-07,Nathaniel Baldwin,icloud.com
ACC004357,2024-10-15,Jordan Curry,outlook.com
ACC004358,2025-05-23,William Johnson,gmail.com
ACC004359,2025-08-30,Richard Bond,icloud.com
ACC004360,2026-03-20,Jason Smith,yahoo.com
ACC004361,2025-06-18,Scott Norman,yahoo.com
ACC004362,2025-08-29,Jill Shaw,gmail.com
ACC004363,2025-03-06,Michael Price,outlook.com
ACC004364,2026-08-20,Martha Williams,outlook.com
ACC004365,2026-03-14,Melissa Henry,yahoo.com
ACC004366,2024-09-27,Elaine Martin,outlook.com
ACC004367,2025-02-03,Gary Rodriguez,gmail.com
ACC004368,2025-02-04,Ryan Gonzalez,outlook.com
ACC004369,2025-01-24,Mr. Reginald Roman,yahoo.com
ACC004370,2026-06-08,Patricia Williams,icloud.com
ACC004371,2024-09-01,Gerald Vega,yahoo.com
ACC004372,2026-02-28,Crystal Wallace,yahoo.com
ACC004373,2025-01-19,Susan Garcia,outlook.com
ACC004374,2025-02-02,Patrick Potts,icloud.com
ACC004375,2024-09-23,Jessica Richardson,gmail.com
ACC004376,2024-11-15,Alicia Warren,yahoo.com
ACC004377,2025-09-02,Madison Rodriguez,yahoo.com
ACC004378,2024-12-20,Douglas Grant,yahoo.com
ACC004379,2025-10-23,Austin Baker,gmail.com
ACC004380,2025-05-13,Heather Morales,gmail.com
ACC004381,2026-03-24,Susan Hutchinson,gmail.com
ACC004382,2026-08-19,Christopher Hudson,gmail.com
ACC004383,2025-06-13,Jill Barajas,outlook.com
ACC004384,2025-05-27,Dennis Jones,gmail.com
ACC004385,2025-07-23,Charlene Gutierrez,gmail.com
ACC004386,2025-06-08,Crystal Hernandez,gmail.com
ACC004387,2024-11-04,Michael Smith,icloud.com
ACC004388,2026-02-11,Richard Rodriguez,yahoo.com
ACC004389,2026-03-14,Lauren Smith,gmail.com
ACC004390,2026-03-19,Breanna Mccall,yahoo.com
ACC004391,2024-11-21,Rebecca Lopez,icloud.com
ACC004392,2026-02-12,John Garcia,gmail.com
ACC004393,2026-05-31,Mark Weaver,yahoo.com
ACC004394,2025-05-30,Brianna Martinez,icloud.com
ACC004395,2026-08-15,Shannon Jones,icloud.com
ACC004396,2026-04-04,Victoria Knight,outlook.com
ACC004397,2025-08-15,Paul Franco,outlook.com
ACC004398,2024-12-23,Darin Baker,gmail.com
ACC004399,2024-10-30,Jeffrey Harrell,icloud.com
ACC004400,2026-08-15,Alyssa Powers,icloud.com
ACC004401,2024-12-26,Jeanette Obrien,gmail.com
ACC004402,2025-11-07,Nicole Anderson,gmail.com
ACC004403,2025-04-01,Rachel Oneal,icloud.com
ACC004404,2025-10-26,Nicole Moore,yahoo.com
ACC004405,2025-08-02,Donna Mejia,outlook.com
ACC004406,2026-01-11,Andre Jones,gmail.com
ACC004407,2026-05-02,Steven Thomas,outlook.com
ACC004408,2026-02-26,Jaclyn Long,outlook.com
ACC004409,2025-06-28,Robert Stark,icloud.com
ACC004410,2026-03-25,Joseph Murphy,icloud.com
ACC004411,2025-10-26,Travis Dixon,gmail.com
ACC004412,2025-05-27,Seth Barker,yahoo.com
ACC004413,2025-07-20,Tammy Jacobs,icloud.com
ACC004414,2025-11-28,Laura Harrison,outlook.com
ACC004415,2025-07-13,John Peterson,outlook.com
ACC004416,2026-02-01,Lynn King,gmail.com
ACC004417,2025-05-07,Devon Roberts,outlook.com
ACC004418,2025-09-26,Emily Bullock,yahoo.com
ACC004419,2025-08-11,Kylie Bailey,outlook.com
ACC004420,2025-10-12,Roger Holmes,outlook.com
ACC004421,2024-10-25,Dennis Coleman,gmail.com
ACC004422,2025-03-11,Patricia Zamora,gmail.com
ACC004423,2025-06-29,Randy Phillips,yahoo.com
ACC004424,2026-01-03,Heather Daniels,icloud.com
ACC004425,2025-01-16,Robert Perkins,outlook.com
ACC004426,2024-09-29,Nathaniel Walter,gmail.com
ACC004427,2025-06-15,Christine Tyler,gmail.com
ACC004428,2026-01-29,Catherine Holland,outlook.com
ACC004429,2024-09-07,David Washington III,gmail.com
ACC004430,2026-04-26,Kimberly Thomas,icloud.com
ACC004431,2026-03-27,Dawn Levy,yahoo.com
ACC004432,2025-02-25,Victoria Smith,outlook.com
ACC004433,2025-06-07,Timothy Reilly,icloud.com
ACC004434,2025-05-28,William Silva,yahoo.com
ACC004435,2025-01-29,Keith Gonzalez,gmail.com
ACC004436,2025-03-28,Jeffrey Holden,outlook.com
ACC004437,2025-08-17,Karen Hughes,yahoo.com
ACC004438,2026-08-15,Christopher Ward,icloud.com
ACC004439,2026-03-22,Amy Boone,outlook.com
ACC004440,2025-05-30,Joshua Adams,yahoo.com
ACC004441,2025-01-05,Tammy Mcdaniel,yahoo.com
ACC004442,2025-09-06,Steven Knight,outlook.com
ACC004443,2026-07-25,George Weber,icloud.com
ACC004444,2026-07-01,Jeffrey Hall,outlook.com
ACC004445,2025-08-13,Laura Adams,yahoo.com
ACC004446,2024-12-24,Sara Hernandez,yahoo.com
ACC004447,2025-12-03,Emily Robinson,outlook.com
ACC004448,2025-12-06,Samantha Harris,icloud.com
ACC004449,2025-05-07,Tiffany Davis,outlook.com
ACC004450,2025-02-21,Veronica Nelson,gmail.com
ACC004451,2026-08-03,Mr. Ryan Walker,yahoo.com
ACC004452,2025-08-29,Christopher Thompson,gmail.com
ACC004453,2026-05-15,Brian Allen,icloud.com
ACC004454,2025-05-20,Kevin Greene,outlook.com
ACC004455,2025-10-01,Daniel Garcia,yahoo.com
ACC004456,2025-06-01,Micheal Ramos,yahoo.com
ACC004457,2025-07-10,Janice Gilbert,gmail.com
ACC004458,2026-02-10,Joshua Nelson,gmail.com
ACC004459,2025-12-30,Katherine Clarke,outlook.com
ACC004460,2025-08-20,Erica Porter,yahoo.com
ACC004461,2025-05-19,Sara Obrien,outlook.com
ACC004462,2025-11-12,Michael Burke,gmail.com
ACC004463,2026-08-06,Jamie French,gmail.com
ACC004464,2025-12-06,Ernest Sullivan,gmail.com
ACC004465,2025-05-05,Earl Hall,gmail.com
ACC004466,2026-01-28,Julie Johnson,outlook.com
ACC004467,2026-04-24,Dana Wolfe,yahoo.com
ACC004468,2025-07-20,Robert Price,icloud.com
ACC004469,2024-12-17,James Henry,outlook.com
ACC004470,2025-05-18,Susan Davis,icloud.com
ACC004471,2024-12-01,Darryl Richardson,icloud.com
ACC004472,2025-06-02,Karen Jackson DVM,yahoo.com
ACC004473,2026-04-30,Linda Patrick,icloud.com
ACC004474,2025-05-02,Veronica Diaz,gmail.com
ACC004475,2026-06-24,Ann Moon,icloud.com
ACC004476,2025-02-08,Michael Williams,yahoo.com
ACC004477,2026-04-15,Timothy Chavez,yahoo.com
ACC004478,2025-01-03,Scott Ramirez,gmail.com
ACC004479,2025-03-09,Crystal Collins,yahoo.com
ACC004480,2024-09-17,Crystal Davis,gmail.com
ACC004481,2025-11-19,Matthew Mueller,icloud.com
ACC004482,2024-10-01,Teresa Thompson,icloud.com
ACC004483,2024-09-12,Teresa Jacobson,gmail.com
ACC004484,2025-09-17,Robert Gonzalez,icloud.com
ACC004485,2024-11-03,Andrea Garcia,yahoo.com
ACC004486,2026-06-28,Cassandra Martinez,yahoo.com
ACC004487,2026-01-08,Philip Cummings,outlook.com
ACC004488,2025-03-19,Timothy Sanchez,outlook.com
ACC004489,2026-04-26,Scott Miranda,outlook.com
ACC004490,2024-09-04,Alicia Wagner,yahoo.com
ACC004491,2025-10-19,Chad Williams,yahoo.com
ACC004492,2025-06-13,Carlos Hensley,outlook.com
ACC004493,2024-11-16,Laura Ramirez,outlook.com
ACC004494,2025-11-21,Christopher Rodriguez,icloud.com
ACC004495,2025-06-03,Mark Webster,gmail.com
ACC004496,2026-06-25,James Smith,icloud.com
ACC004497,2024-11-28,Robert Byrd,gmail.com
ACC004498,2024-09-02,Joshua Powell,icloud.com
ACC004499,2025-10-14,Tonya Harding,outlook.com
ACC004500,2026-02-18,Larry Higgins,gmail.com
ACC004501,2025-11-15,Nicole Mills,icloud.com
ACC004502,2026-03-22,Jonathan Porter,yahoo.com
ACC004503,2025-02-11,Christine Greene,icloud.com
ACC004504,2026-02-23,Edwin Munoz,yahoo.com
ACC004505,2025-12-28,James Brooks,icloud.com
ACC004506,2024-10-02,Craig Smith,outlook.com
ACC004507,2025-09-07,Mark Thomas,icloud.com
ACC004508,2025-09-22,Rachel Curry,gmail.com
ACC004509,2024-09-23,Elizabeth Sanchez,gmail.com
ACC004510,2026-08-20,Darren Gonzales,outlook.com
ACC004511,2025-09-25,Mr. John Khan,gmail.com
ACC004512,2026-03-21,Jason Williams,gmail.com
ACC004513,2024-11-14,Stephanie Livingston,icloud.com
ACC004514,2026-02-05,Anthony Marshall,outlook.com
ACC004515,2026-01-12,Matthew Hamilton,icloud.com
ACC004516,2026-07-20,Heather Hunt,yahoo.com
ACC004517,2025-09-30,Timothy Melton,yahoo.com
ACC004518,2026-03-09,Harold Lee,yahoo.com
ACC004519,2026-05-17,Carol Gay,icloud.com
ACC004520,2025-05-31,Michael Nelson,yahoo.com
ACC004521,2026-05-11,Daniel Meyer,icloud.com
ACC004522,2025-12-05,Jamie Lindsey,gmail.com
ACC004523,2025-05-31,Marc Mitchell,yahoo.com
ACC004524,2026-07-30,Jose Martinez,outlook.com
ACC004525,2024-10-17,John Gallagher,outlook.com
ACC004526,2024-09-03,Richard Chandler,yahoo.com
ACC004527,2026-01-22,Andrea Donaldson,gmail.com
ACC004528,2024-11-04,Jamie Guerrero,icloud.com
ACC004529,2025-10-25,Nathan Adams,outlook.com
ACC004530,2025-02-23,Thomas Davis,yahoo.com
ACC004531,2025-12-26,James Williams,yahoo.com
ACC004532,2025-06-14,Troy Lee,gmail.com
ACC004533,2026-01-11,Jennifer Mckenzie,yahoo.com
ACC004534,2025-12-08,Joshua Scott,yahoo.com
ACC004535,2025-11-04,April Jones,gmail.com
ACC004536,2024-09-07,Deborah Webb,icloud.com
ACC004537,2025-08-26,John Zavala,gmail.com
ACC004538,2026-04-12,Katherine Miller,outlook.com
ACC004539,2025-12-19,Steven Jensen,gmail.com
ACC004540,2025-03-10,Sarah Sosa,icloud.com
ACC004541,2025-09-07,Justin Small,yahoo.com
ACC004542,2026-04-07,Erin Ortega,yahoo.com
ACC004543,2024-10-04,Mary Conley,icloud.com
ACC004544,2026-05-01,Melanie Drake,outlook.com
ACC004545,2026-01-09,Danielle Briggs,outlook.com
ACC004546,2026-03-30,Dillon Case,outlook.com
ACC004547,2026-06-24,William Esparza,yahoo.com
ACC004548,2026-05-01,Kevin Solis,yahoo.com
ACC004549,2025-01-13,Roger Peters,outlook.com
ACC004550,2024-12-28,Colleen Blanchard,icloud.com
ACC004551,2025-12-30,Christian Garcia,yahoo.com
ACC004552,2025-04-07,Heidi Newton,gmail.com
ACC004553,2025-08-07,Gary Miller,gmail.com
ACC004554,2026-03-29,John Hebert,icloud.com
ACC004555,2024-11-10,Erik Small,icloud.com
ACC004556,2025-09-04,Robert Moore,icloud.com
ACC004557,2025-08-12,Andre Pace,yahoo.com
ACC004558,2025-10-21,David Koch,outlook.com
ACC004559,2025-11-14,Tyler Chapman MD,icloud.com
ACC004560,2025-05-16,Donna Bishop,outlook.com
ACC004561,2025-03-01,Christopher Murphy,outlook.com
ACC004562,2026-06-08,Bradley Miller,outlook.com
ACC004563,2026-03-08,Alejandra Fernandez,gmail.com
ACC004564,2024-10-25,Brandon Cordova PhD,icloud.com
ACC004565,2026-08-23,Wendy Smith,gmail.com
ACC004566,2025-12-04,Casey Terrell,outlook.com
ACC004567,2025-09-08,Michael Serrano,icloud.com
ACC004568,2026-04-02,Kenneth Williams,yahoo.com
ACC004569,2026-03-08,Erin Williams,outlook.com
ACC004570,2024-10-14,Virginia Mendez,icloud.com
ACC004571,2026-07-15,Cheryl Jackson,gmail.com
ACC004572,2024-11-25,Wyatt Rodriguez,gmail.com
ACC004573,2024-12-07,Lisa Fox,gmail.com
ACC004574,2025-06-30,Diane Brown,icloud.com
ACC004575,2026-08-05,Debbie Schneider,yahoo.com
ACC004576,2025-10-21,Anne Obrien,outlook.com
ACC004577,2025-06-02,Amanda Phelps,gmail.com
ACC004578,2024-11-24,Melissa Patrick,yahoo.com
ACC004579,2025-07-19,Jordan Carter,outlook.com
ACC004580,2025-02-09,Jennifer Roman,icloud.com
ACC004581,2025-07-25,William Parker,gmail.com
ACC004582,2025-03-07,David Hernandez,outlook.com
ACC004583,2026-06-11,Bobby Matthews,outlook.com
ACC004584,2025-06-17,Brian Cole,gmail.com
ACC004585,2025-11-28,Benjamin Townsend,yahoo.com
ACC004586,2026-05-03,Lauren Higgins,gmail.com
ACC004587,2026-06-22,Bryan Newman,gmail.com
ACC004588,2024-10-20,Kristen Matthews,gmail.com
ACC004589,2026-07-26,Christine Kennedy,yahoo.com
ACC004590,2025-03-28,Christopher Lee,gmail.com
ACC004591,2025-08-23,Andre Farrell,yahoo.com
ACC004592,2025-11-13,Cody Jimenez,gmail.com
ACC004593,2024-11-13,Jennifer Fletcher,outlook.com
ACC004594,2026-07-02,Casey Murphy,outlook.com
ACC004595,2025-08-21,Jennifer Edwards,yahoo.com
ACC004596,2025-01-29,Lacey Graves,gmail.com
ACC004597,2024-11-12,Richard Best,gmail.com
ACC004598,2026-01-12,John Mcneil,gmail.com
ACC004599,2026-04-08,Stephen Allen,icloud.com
ACC004600,2026-03-14,Tina Solomon,icloud.com
ACC004601,2025-05-28,Jennifer Townsend,gmail.com
ACC004602,2026-01-26,Michelle Mcbride,outlook.com
ACC004603,2026-07-11,Aaron Webb,yahoo.com
ACC004604,2026-04-18,Kathryn Clark,outlook.com
ACC004605,2024-09-03,Matthew Doyle,icloud.com
ACC004606,2025-09-22,Kiara Preston,yahoo.com
ACC004607,2024-09-09,Lisa Salazar MD,yahoo.com
ACC004608,2024-09-12,Rebecca Gibson,gmail.com
ACC004609,2025-09-24,Kimberly Ryan,outlook.com
ACC004610,2025-10-06,Amanda Cook,yahoo.com
ACC004611,2025-12-15,Mark Conner,outlook.com
ACC004612,2026-06-05,Shawn Hickman,yahoo.com
ACC004613,2025-04-15,Lisa Hall,outlook.com
ACC004614,2024-11-11,Kevin Cole,gmail.com
ACC004615,2026-06-21,Matthew Williams,icloud.com
ACC004616,2025-05-09,Tanner King,gmail.com
ACC004617,2025-05-07,Joseph Williams,gmail.com
ACC004618,2024-11-30,Joann Sanders,icloud.com
ACC004619,2025-04-14,Tyler Lang,yahoo.com
ACC004620,2026-07-27,Robert Payne,outlook.com
ACC004621,2026-03-31,Jonathan Cisneros,icloud.com
ACC004622,2024-11-29,Margaret Torres,yahoo.com
ACC004623,2025-02-19,Amber Zhang,icloud.com
ACC004624,2025-05-05,Matthew Roberts,icloud.com
ACC004625,2026-08-12,David Hays,yahoo.com
ACC004626,2025-08-29,Erin Gardner,yahoo.com
ACC004627,2025-12-18,Michael Miller,icloud.com
ACC004628,2024-09-02,Theresa Smith,icloud.com
ACC004629,2025-08-19,Paul Scott,yahoo.com
ACC004630,2025-03-05,Megan Perry,yahoo.com
ACC004631,2024-12-11,Christina Martin,yahoo.com
ACC004632,2026-02-20,Timothy Collins,gmail.com
ACC004633,2026-08-04,Kimberly Jones,outlook.com
ACC004634,2024-12-18,Dr. Sarah Smith,gmail.com
ACC004635,2026-03-03,Richard Bauer,outlook.com
ACC004636,2026-04-26,Traci Wilson,outlook.com
ACC004637,2025-02-19,Bryan Miranda,gmail.com
ACC004638,2026-08-27,Julie Martinez,gmail.com
ACC004639,2026-01-04,Diana Miller,yahoo.com
ACC004640,2026-05-17,Heather Hughes,yahoo.com
ACC004641,2026-02-04,Tony Swanson,outlook.com
ACC004642,2024-10-25,Lisa Montes,gmail.com
ACC004643,2026-01-02,Wendy Martin,yahoo.com
ACC004644,2025-03-01,Joseph Norris,yahoo.com
ACC004645,2026-06-03,William Todd,yahoo.com
ACC004646,2024-10-31,Gerald Price,outlook.com
ACC004647,2025-06-13,Ashley Hunt,icloud.com
ACC004648,2025-01-13,Christy Lee,gmail.com
ACC004649,2025-09-04,Patricia Adkins,yahoo.com
ACC004650,2026-06-05,Willie Perez,gmail.com
ACC004651,2026-06-12,Susan Snyder,yahoo.com
ACC004652,2026-08-14,Jasmine Day,yahoo.com
ACC004653,2025-01-12,Andrew Chavez,icloud.com
ACC004654,2025-01-09,Henry Huerta,gmail.com
ACC004655,2025-03-18,Mariah Perry,gmail.com
ACC004656,2025-11-02,Tracy Atkins,outlook.com
ACC004657,2025-05-18,Ryan Wheeler,icloud.com
ACC004658,2026-07-31,Audrey Taylor,gmail.com
ACC004659,2025-11-25,Zachary Swanson MD,icloud.com
ACC004660,2025-10-13,Amanda Conley,gmail.com
ACC004661,2024-11-12,Eric Short,gmail.com
ACC004662,2025-10-31,Scott Brown,gmail.com
ACC004663,2025-09-23,Victor Taylor,gmail.com
ACC004664,2025-01-01,James Hernandez,gmail.com
ACC004665,2026-03-09,Jason Jones,outlook.com
ACC004666,2025-10-07,Angela Parker,yahoo.com
ACC004667,2025-03-27,Alexander Zavala,gmail.com
ACC004668,2024-09-15,Michael Kane,gmail.com
ACC004669,2026-03-25,Lindsey York,outlook.com
ACC004670,2025-12-16,Brandon Baker,gmail.com
ACC004671,2026-08-19,Stephen White,icloud.com
ACC004672,2026-04-08,Robert Hall,icloud.com
ACC004673,2024-11-01,Ryan Pierce,outlook.com
ACC004674,2025-07-05,Shannon Cain,gmail.com
ACC004675,2025-10-06,Laura Vaughn,yahoo.com
ACC004676,2025-04-19,Juan Evans,icloud.com
ACC004677,2025-07-07,Nicole Williams,icloud.com
ACC004678,2025-03-14,Jennifer Barrett,yahoo.com
ACC004679,2025-01-16,Anthony Jones,icloud.com
ACC004680,2025-06-30,Leah Rodriguez,yahoo.com
ACC004681,2025-10-26,John Ward,yahoo.com
ACC004682,2025-05-31,Deborah Garza,yahoo.com
ACC004683,2026-03-01,Rebecca Miller,icloud.com
ACC004684,2025-01-30,Matthew Carroll,yahoo.com
ACC004685,2026-07-06,Lynn Smith,icloud.com
ACC004686,2025-03-25,Michael Jackson,outlook.com
ACC004687,2025-06-16,Sharon Hicks,icloud.com
ACC004688,2026-07-15,Abigail Mills MD,gmail.com
ACC004689,2025-04-19,Paula Lopez,yahoo.com
ACC004690,2024-10-06,Amy Clark,yahoo.com
ACC004691,2026-08-25,Cheryl Rose,outlook.com
ACC004692,2024-09-29,Jared Garza,outlook.com
ACC004693,2025-12-23,Donna Wright,icloud.com
ACC004694,2025-08-05,Belinda Fisher,icloud.com
ACC004695,2026-06-13,Kathleen Levine,outlook.com
ACC004696,2025-05-04,Corey King,icloud.com
ACC004697,2025-06-05,Cody Davidson,icloud.com
ACC004698,2024-11-05,Michael Anderson,icloud.com
ACC004699,2025-01-08,Zachary Mcgee,gmail.com
ACC004700,2025-06-20,Melinda Anderson,outlook.com
ACC004701,2026-04-10,Tyler Andrews,outlook.com
ACC004702,2025-08-16,Michelle Greer,yahoo.com
ACC004703,2025-07-28,Brian Clark,outlook.com
ACC004704,2025-07-07,Nathaniel Floyd,icloud.com
ACC004705,2025-05-04,Erika Jenkins,gmail.com
ACC004706,2025-01-18,Melanie Ramos,yahoo.com
ACC004707,2025-05-31,Mark Clark,yahoo.com
ACC004708,2025-06-20,Sergio Hodge,gmail.com
ACC004709,2025-05-12,Katherine Avery,yahoo.com
ACC004710,2025-07-06,David Hamilton,outlook.com
ACC004711,2024-10-28,Richard Bass,icloud.com
ACC004712,2026-07-06,Kelly Harris,icloud.com
ACC004713,2026-07-30,Dustin Campbell,gmail.com
ACC004714,2026-01-21,Randy Kennedy,outlook.com
ACC004715,2025-01-02,Ana Gibson,gmail.com
ACC004716,2024-12-04,Danny Harris,outlook.com
ACC004717,2025-04-03,Sara Stuart,outlook.com
ACC004718,2025-11-18,John Kim,icloud.com
ACC004719,2026-07-29,Richard Brewer,icloud.com
ACC004720,2026-01-23,William Arnold,yahoo.com
ACC004721,2026-08-10,Brianna Adams,icloud.com
ACC004722,2025-04-16,David Garcia,icloud.com
ACC004723,2025-01-14,Kelli Collins,icloud.com
ACC004724,2025-10-22,Arthur Krueger,yahoo.com
ACC004725,2024-09-04,Steven King,gmail.com
ACC004726,2026-06-24,Tyler Velazquez,gmail.com
ACC004727,2025-11-24,Laura Middleton,gmail.com
ACC004728,2025-07-31,Lori Madden,gmail.com
ACC004729,2025-02-03,Tyler Murphy,icloud.com
ACC004730,2024-11-07,Kristen Bradley,outlook.com
ACC004731,2025-12-19,Corey Rodriguez,yahoo.com
ACC004732,2024-09-28,Phillip King,outlook.com
ACC004733,2025-04-11,Laurie Fuller,icloud.com
ACC004734,2025-02-16,Toni Cunningham,gmail.com
ACC004735,2025-03-22,James Weber,icloud.com
ACC004736,2026-08-28,Erika Hodge,yahoo.com
ACC004737,2024-09-28,Peter Patel,yahoo.com
ACC004738,2025-08-19,Jeffrey Hart DDS,yahoo.com
ACC004739,2026-07-08,Steven Hall,yahoo.com
ACC004740,2025-02-21,Christine Gutierrez,yahoo.com
ACC004741,2026-08-18,Angel Becker DVM,yahoo.com
ACC004742,2025-06-22,Chad Rojas,outlook.com
ACC004743,2025-08-29,Brent Scott,yahoo.com
ACC004744,2025-11-08,Jennifer Esparza,icloud.com
ACC004745,2024-10-06,Stacy Orozco,icloud.com
ACC004746,2024-10-21,Thomas Carr,icloud.com
ACC004747,2025-10-04,David George,icloud.com
ACC004748,2025-03-24,Teresa Allen,icloud.com
ACC004749,2024-09-15,Donald Jackson,icloud.com
ACC004750,2025-10-11,Monica Howe,gmail.com
ACC004751,2026-03-26,Willie Flynn PhD,yahoo.com
ACC004752,2026-07-15,Jonathan Perez,icloud.com
ACC004753,2025-10-18,April Horton,icloud.com
ACC004754,2025-11-28,Nicole Hawkins,outlook.com
ACC004755,2025-04-03,Patrick Hooper,yahoo.com
ACC004756,2025-02-13,Mary Lee,gmail.com
ACC004757,2025-05-18,Cynthia Williams,yahoo.com
ACC004758,2026-07-13,Ronald Gonzalez,yahoo.com
ACC004759,2025-10-20,Antonio Cole,gmail.com
ACC004760,2026-05-26,Amanda Swanson,outlook.com
ACC004761,2026-07-04,Holly Sherman,gmail.com
ACC004762,2026-06-13,Sandy Reynolds,icloud.com
ACC004763,2026-06-26,Sandra Moore,gmail.com
ACC004764,2025-10-12,Christopher Johnson,icloud.com
ACC004765,2025-04-30,Ryan Fisher,gmail.com
ACC004766,2025-04-23,Christopher Jones,outlook.com
ACC004767,2025-01-31,Jeffrey Lyons,gmail.com
ACC004768,2025-09-30,Miguel Reeves,yahoo.com
ACC004769,2026-02-03,Kiara Santana,outlook.com
ACC004770,2026-04-08,Tonya Richards,icloud.com
ACC004771,2024-11-04,Jesse Poole,outlook.com
ACC004772,2024-10-17,Mary Lewis,outlook.com
ACC004773,2026-04-06,Christopher Copeland,gmail.com
ACC004774,2025-09-13,Ethan Obrien,gmail.com
ACC004775,2024-11-13,Rebecca Houston,gmail.com
ACC004776,2025-11-13,Edward Barton,outlook.com
ACC004777,2026-04-14,Brandon Perkins,icloud.com
ACC004778,2025-12-06,Beth Brown,icloud.com
ACC004779,2024-11-01,Kim Vincent,icloud.com
ACC004780,2024-09-19,Jennifer Banks,outlook.com
ACC004781,2025-02-10,Ruth Brown,gmail.com
ACC004782,2024-12-08,Shawn Lindsey,yahoo.com
ACC004783,2025-07-12,Anthony Garrison,gmail.com
ACC004784,2025-11-15,Angela Ryan,icloud.com
ACC004785,2025-10-21,Joseph Davis,gmail.com
ACC004786,2024-11-15,Joshua Clayton,yahoo.com
ACC004787,2026-01-09,John Massey,yahoo.com
ACC004788,2025-01-14,Richard Hale,icloud.com
ACC004789,2025-12-16,Charles Ramos,outlook.com
ACC004790,2025-08-27,Mark Miller,yahoo.com
ACC004791,2025-03-27,Julia Maldonado,gmail.com
ACC004792,2025-08-03,Gail Johnson MD,outlook.com
ACC004793,2026-02-07,Maurice Johnson,outlook.com
ACC004794,2025-01-06,Amanda Morris,yahoo.com
ACC004795,2025-01-02,Rhonda Willis,gmail.com
ACC004796,2025-08-24,Connor Benton,icloud.com
ACC004797,2025-06-17,Richard Ryan,icloud.com
ACC004798,2024-09-08,Richard Goodman,gmail.com
ACC004799,2025-11-05,Michelle Mcneil,icloud.com
ACC004800,2025-07-14,Michael Norton,icloud.com
ACC004801,2025-07-02,Donna Carter,icloud.com
ACC004802,2024-12-01,Joshua Hernandez,icloud.com
ACC004803,2025-08-22,Kimberly Mitchell,icloud.com
ACC004804,2025-08-05,Patricia Hernandez,gmail.com
ACC004805,2025-05-09,Donna Howell,outlook.com
ACC004806,2025-12-26,James Williams,yahoo.com
ACC004807,2025-06-06,Alexander Greene,icloud.com
ACC004808,2025-11-26,Dean Sanchez,gmail.com
ACC004809,2025-01-19,Glenn Ward,icloud.com
ACC004810,2025-03-30,Kendra Sullivan,gmail.com
ACC004811,2024-09-09,Cynthia Hernandez,yahoo.com
ACC004812,2024-12-22,Darren Morris,yahoo.com
ACC004813,2025-10-29,Holly Underwood,yahoo.com
ACC004814,2025-04-29,Jaime Williams,gmail.com
ACC004815,2026-02-20,Lori Brown,outlook.com
ACC004816,2025-06-16,Jason Chase,icloud.com
ACC004817,2025-07-03,Lisa Buchanan,outlook.com
ACC004818,2025-04-15,Marcus Fields,outlook.com
ACC004819,2025-07-10,Tammy Lopez,gmail.com
ACC004820,2026-05-16,Derek Williams,yahoo.com
ACC004821,2026-04-16,James Davenport,icloud.com
ACC004822,2026-04-12,Justin Moreno,outlook.com
ACC004823,2024-09-18,Mario Green,yahoo.com
ACC004824,2024-10-19,Cassandra Fry,outlook.com
ACC004825,2026-05-13,Dr. Jose Gray DDS,icloud.com
ACC004826,2024-12-12,Amy Adams,yahoo.com
ACC004827,2024-09-09,Austin Horton,icloud.com
ACC004828,2026-08-09,Elizabeth Jackson,yahoo.com
ACC004829,2024-10-15,Maureen Cross,icloud.com
ACC004830,2026-02-14,Christopher Sanchez,outlook.com
ACC004831,2026-06-08,Mitchell Richardson,icloud.com
ACC004832,2025-12-28,Kelsey Lewis,yahoo.com
ACC004833,2025-05-09,Richard Miller,gmail.com
ACC004834,2025-06-12,Samantha Carter,icloud.com
ACC004835,2024-11-05,Mrs. Heather Christensen,yahoo.com
ACC004836,2024-09-29,Sharon Williams,yahoo.com
ACC004837,2025-01-18,Daryl Lowe,gmail.com
ACC004838,2025-08-08,Michael Carter,icloud.com
ACC004839,2025-03-14,Susan Johnson,outlook.com
ACC004840,2024-09-03,James Jenkins,icloud.com
ACC004841,2024-11-10,Dylan Johnston,outlook.com
ACC004842,2025-03-13,Kathy Hull,outlook.com
ACC004843,2025-10-03,Monica Richardson,yahoo.com
ACC004844,2025-04-17,Kathryn White,outlook.com
ACC004845,2025-07-01,Mrs. Valerie Owens,yahoo.com
ACC004846,2025-02-09,Amy Watts,yahoo.com
ACC004847,2025-03-19,Michael Brown,outlook.com
ACC004848,2025-03-07,Cynthia Hendricks,outlook.com
ACC004849,2026-07-04,Phillip Kelly,gmail.com
ACC004850,2025-04-26,Deanna Edwards,icloud.com
ACC004851,2026-03-08,Jennifer Walker,gmail.com
ACC004852,2026-08-29,Brian Davis,yahoo.com
ACC004853,2026-04-20,Kelsey Griffith,gmail.com
ACC004854,2026-06-25,Kimberly Obrien,icloud.com
ACC004855,2024-11-05,Kevin Mccoy,icloud.com
ACC004856,2024-10-09,Daniel Sullivan,outlook.com
ACC004857,2024-10-30,Darius Khan,yahoo.com
ACC004858,2024-10-19,Miranda Huber,yahoo.com
ACC004859,2025-11-07,Lisa Wagner,icloud.com
ACC004860,2025-12-04,Erin Price,outlook.com
ACC004861,2025-03-25,Jonathan Russell,yahoo.com
ACC004862,2024-09-10,Sharon Snow,yahoo.com
ACC004863,2025-08-05,Cody Hoover,icloud.com
ACC004864,2025-03-29,Alyssa Rodriguez PhD,gmail.com
ACC004865,2025-04-13,Carl Harper,yahoo.com
ACC004866,2025-12-24,Dana Bennett,icloud.com
ACC004867,2026-07-19,Michael Baker,icloud.com
ACC004868,2024-09-11,William Wilson,icloud.com
ACC004869,2026-01-03,Jennifer Smith,outlook.com
ACC004870,2024-10-29,Cindy Richardson,yahoo.com
ACC004871,2025-04-04,Brandi Brown,gmail.com
ACC004872,2025-04-25,Benjamin Martinez,outlook.com
ACC004873,2025-04-29,Patricia Mitchell,gmail.com
ACC004874,2025-01-13,Courtney Sanders,gmail.com
ACC004875,2025-12-14,Ryan Willis,gmail.com
ACC004876,2025-12-10,Jennifer Jackson,yahoo.com
ACC004877,2025-06-27,Teresa Obrien,gmail.com
ACC004878,2025-11-24,Angel Hayes,icloud.com
ACC004879,2024-12-14,Jason Davis,icloud.com
ACC004880,2025-05-25,Melissa Mathews,icloud.com
ACC004881,2025-05-29,Joseph Russell,gmail.com
ACC004882,2026-06-18,Sandra Mccoy,yahoo.com
ACC004883,2026-07-26,Gail Vasquez,icloud.com
ACC004884,2026-01-31,Jeffrey Gibbs,gmail.com
ACC004885,2025-07-22,Michael Wilson,gmail.com
ACC004886,2025-10-09,Richard Smith,outlook.com
ACC004887,2025-05-12,Corey Mooney,icloud.com
ACC004888,2025-12-07,Christina Myers,gmail.com
ACC004889,2025-01-12,Anita Pitts,gmail.com
ACC004890,2025-01-01,Christian Bryant,icloud.com
ACC004891,2026-08-15,Patrick Garcia,outlook.com
ACC004892,2026-07-18,Daniel Merritt,gmail.com
ACC004893,2026-01-10,Robert Hicks,outlook.com
ACC004894,2026-05-06,Kenneth Washington,yahoo.com
ACC004895,2026-04-25,Jessica Hoffman,outlook.com
ACC004896,2026-05-06,Lisa Riggs,outlook.com
ACC004897,2024-12-14,Donna Mccarty,yahoo.com
ACC004898,2026-01-18,Eric Spencer,icloud.com
ACC004899,2025-04-14,Victoria Deleon,icloud.com
ACC004900,2024-09-22,David Roy,outlook.com
ACC004901,2025-01-26,Nancy Rice,gmail.com
ACC004902,2025-09-21,Daniel Brewer,outlook.com
ACC004903,2025-03-16,Becky Garcia,yahoo.com
ACC004904,2025-03-27,Michael Smith,outlook.com
ACC004905,2025-11-28,Katie Kaiser,gmail.com
ACC004906,2026-02-03,Amy Roberts,outlook.com
ACC004907,2025-12-20,Taylor Espinoza,gmail.com
ACC004908,2025-09-19,David Aguirre,icloud.com
ACC004909,2026-05-20,Kyle Armstrong,outlook.com
ACC004910,2026-01-22,Jennifer Weber,outlook.com
ACC004911,2025-11-12,Sheila Douglas,yahoo.com
ACC004912,2025-10-30,Maria Malone,yahoo.com
ACC004913,2025-12-08,Megan Juarez,icloud.com
ACC004914,2025-02-22,Ann Boyd,yahoo.com
ACC004915,2024-09-18,Richard Riley,icloud.com
ACC004916,2025-08-24,Laura Thomas,gmail.com
ACC004917,2024-09-29,Elizabeth Barton,outlook.com
ACC004918,2026-04-30,Laura Sparks,outlook.com
ACC004919,2025-07-28,Tiffany Zamora,icloud.com
ACC004920,2025-02-03,Ryan Roman,outlook.com
ACC004921,2025-04-27,Richard Parsons,icloud.com
ACC004922,2026-07-17,Justin Yu,yahoo.com
ACC004923,2026-05-31,Marcus Johnson,outlook.com
ACC004924,2025-11-16,Brittney Bowman,icloud.com
ACC004925,2026-07-12,Jason Snow,outlook.com
ACC004926,2024-12-09,Carrie Lewis,yahoo.com
ACC004927,2025-04-17,Wendy Perez,gmail.com
ACC004928,2026-04-11,Erika Bates,yahoo.com
ACC004929,2026-06-20,Marie Roach,gmail.com
ACC004930,2024-12-06,Mary Hoffman,yahoo.com
ACC004931,2025-07-01,Robert Mitchell,gmail.com
ACC004932,2025-11-20,Gregory Russell,icloud.com
ACC004933,2025-07-03,Vicki Barrera,gmail.com
ACC004934,2026-02-26,Jessica Johnson,outlook.com
ACC004935,2025-10-04,Rachel Sullivan,outlook.com
ACC004936,2026-07-22,Kimberly Thomas,gmail.com
ACC004937,2025-03-01,Anna Pierce,icloud.com
ACC004938,2025-05-09,Haley Mccoy,outlook.com
ACC004939,2026-06-16,Claire Hoffman,icloud.com
ACC004940,2025-07-16,Annette Rivas,gmail.com
ACC004941,2025-04-11,Pamela Aguirre,outlook.com
ACC004942,2026-05-19,George Bradshaw,yahoo.com
ACC004943,2025-03-03,Ryan Waters,gmail.com
ACC004944,2024-09-18,Chase Matthews,outlook.com
ACC004945,2025-06-19,Sarah Nelson,yahoo.com
ACC004946,2024-12-25,Sarah Wall,outlook.com
ACC004947,2024-12-02,Paul Smith,icloud.com
ACC004948,2025-10-22,Kayla Burke,outlook.com
ACC004949,2026-02-09,Jean Murillo,yahoo.com
ACC004950,2024-10-29,William Hughes,yahoo.com
ACC004951,2025-10-25,Brad Lee,gmail.com
ACC004952,2024-11-03,Samantha Morrow,gmail.com
ACC004953,2025-02-13,Tony Brooks,outlook.com
ACC004954,2025-03-13,Matthew Miller,gmail.com
ACC004955,2026-06-09,Angel Rojas,gmail.com
ACC004956,2025-06-04,Jason Thompson,yahoo.com
ACC004957,2025-08-30,Christina Aguilar,yahoo.com
ACC004958,2026-07-08,Jason Thomas,gmail.com
ACC004959,2025-10-13,Connie Ramirez,icloud.com
ACC004960,2025-11-21,Jon Ramos,yahoo.com
ACC004961,2026-03-24,Christopher Klein,yahoo.com
ACC004962,2025-04-08,Charles Powell,icloud.com
ACC004963,2026-01-31,Megan Carlson,outlook.com
ACC004964,2025-03-01,Justin Davis,icloud.com
ACC004965,2025-05-12,Molly Mckenzie,icloud.com
ACC004966,2024-09-01,Tammy Hendrix,gmail.com
ACC004967,2026-07-12,Tara Jones,yahoo.com
ACC004968,2026-05-17,Alison Zuniga,yahoo.com
ACC004969,2025-08-24,Deborah Waller,yahoo.com
ACC004970,2026-02-24,Jesse Davis,icloud.com
ACC004971,2025-10-21,Timothy Howard,icloud.com
ACC004972,2024-12-07,Christina Moon,gmail.com
ACC004973,2026-04-19,John Ho,yahoo.com
ACC004974,2026-07-02,Daniel Ferrell,outlook.com
ACC004975,2026-05-30,Megan Miller,yahoo.com
ACC004976,2025-10-25,James Robinson,gmail.com
ACC004977,2025-08-27,Roger Petty,icloud.com
ACC004978,2025-08-25,John Payne,icloud.com
ACC004979,2025-02-02,Jamie Lee,icloud.com
ACC004980,2026-08-14,Steven Gardner,icloud.com
ACC004981,2026-05-20,Kevin Barber,outlook.com
ACC004982,2025-07-29,Kenneth Williams,icloud.com
ACC004983,2026-05-25,Elizabeth Williams,yahoo.com
ACC004984,2025-04-17,Jessica Mitchell,outlook.com
ACC004985,2025-11-30,Jesse Fleming,outlook.com
ACC004986,2025-11-30,Jennifer Ferguson,outlook.com
ACC004987,2026-05-26,Susan Figueroa,icloud.com
ACC004988,2024-11-04,Mr. Thomas Jones PhD,icloud.com
ACC004989,2024-09-23,Sherry Shannon,gmail.com
ACC004990,2026-08-04,Samantha Garcia,icloud.com
ACC004991,2026-08-04,Joseph Beltran,outlook.com
ACC004992,2024-11-17,Joshua Navarro,yahoo.com
ACC004993,2025-10-26,Nicholas Obrien II,icloud.com
ACC004994,2025-12-14,Ronald Baxter,outlook.com
ACC004995,2026-04-19,Sherri Charles,gmail.com
ACC004996,2026-04-22,Michael Flores,gmail.com
ACC004997,2025-07-21,Darryl Christensen,gmail.com
ACC004998,2024-09-11,Allison Floyd,outlook.com
ACC004999,2024-10-03,Michelle Patterson,yahoo.com
ACC005000,2025-12-14,Wendy Chavez,gmail.com
ACC005001,2025-06-24,Jennifer Hurley,gmail.com
ACC005002,2025-06-05,Jared Chan,outlook.com
ACC005003,2025-04-15,Ricky Diaz,gmail.com
ACC005004,2025-08-04,Joshua Miller,icloud.com
ACC005005,2026-05-27,Catherine Soto,icloud.com
ACC005006,2026-03-21,Christopher Gay,outlook.com
ACC005007,2024-09-15,Mary Smith,yahoo.com
ACC005008,2024-09-14,William Giles,gmail.com
ACC005009,2024-10-18,Jennifer Hernandez,outlook.com
ACC005010,2024-12-14,Matthew Giles,outlook.com
ACC005011,2025-09-02,Kenneth Murphy,icloud.com
ACC005012,2026-03-26,Jesus Wheeler,outlook.com
ACC005013,2026-03-09,Kevin Barton,outlook.com
ACC005014,2026-04-07,Jeffrey Lynch,gmail.com
ACC005015,2026-07-02,Joshua Smith,gmail.com
ACC005016,2025-10-30,Steven Johnson,gmail.com
ACC005017,2026-06-09,Andrew Jacobs,yahoo.com
ACC005018,2026-08-06,Mary Daniels,gmail.com
ACC005019,2025-06-05,Linda Holt,outlook.com
ACC005020,2025-01-13,Dorothy Anderson,gmail.com
ACC005021,2025-06-08,Gail Moss,outlook.com
ACC005022,2025-09-19,Lori Holland,yahoo.com
ACC005023,2025-09-22,Jesse Gardner,yahoo.com
ACC005024,2025-07-29,Robert Durham,outlook.com
ACC005025,2025-01-19,Jessica Kelly,outlook.com
ACC005026,2025-03-08,Steven Morales,yahoo.com
ACC005027,2025-08-06,Craig Hammond,yahoo.com
ACC005028,2025-11-25,Allison Gilbert,gmail.com
ACC005029,2025-07-12,Richard Stuart,icloud.com
ACC005030,2026-03-09,Mark Mcpherson,outlook.com
ACC005031,2026-05-05,Joseph Cruz Jr.,yahoo.com
ACC005032,2025-02-22,Suzanne Wagner,gmail.com
ACC005033,2025-07-18,Brittany Flowers,gmail.com
ACC005034,2025-01-19,Kenneth Snyder,outlook.com
ACC005035,2025-04-12,Rachel Patel,gmail.com
ACC005036,2024-09-04,April Schneider,yahoo.com
ACC005037,2026-07-07,Rebecca Wood,yahoo.com
ACC005038,2025-12-28,Sonya Alvarado,yahoo.com
ACC005039,2026-01-20,Nicole Price,yahoo.com
ACC005040,2026-03-03,Evelyn Bryant,yahoo.com
ACC005041,2026-07-24,Michael Jackson,outlook.com
ACC005042,2025-03-05,Casey Francis,outlook.com
ACC005043,2025-01-22,Debra White,outlook.com
ACC005044,2024-12-28,Julia Long,outlook.com
ACC005045,2026-05-23,Ronald Carr,gmail.com
ACC005046,2024-10-27,David Lynn,outlook.com
ACC005047,2025-09-07,Nancy Bradford,outlook.com
ACC005048,2025-12-03,Sandra Walker,icloud.com
ACC005049,2025-12-27,Kimberly Valenzuela,yahoo.com
ACC005050,2025-09-01,Ashley Sullivan,yahoo.com
ACC005051,2026-02-24,Michael Moon,outlook.com
ACC005052,2024-12-31,Philip Bowen,outlook.com
ACC005053,2025-03-24,Cassandra Landry,outlook.com
ACC005054,2024-10-08,Wayne Jackson,outlook.com
ACC005055,2026-02-05,Connie Neal,gmail.com
ACC005056,2025-01-06,Lawrence Parks,yahoo.com
ACC005057,2024-11-10,Scott Ayers,yahoo.com
ACC005058,2025-11-12,Michael Wood,gmail.com
ACC005059,2026-03-25,Matthew Stone,gmail.com
ACC005060,2026-01-05,Tiffany Hansen,icloud.com
ACC005061,2025-06-20,Frank Freeman,icloud.com
ACC005062,2026-08-02,Samantha Walker,gmail.com
ACC005063,2025-01-04,Mark Wilson,icloud.com
ACC005064,2025-08-01,Kayla Ray,yahoo.com
ACC005065,2026-01-08,Ashley Olson,gmail.com
ACC005066,2025-08-31,Mr. Joseph Bush,icloud.com
ACC005067,2025-06-27,Debra Johnson,outlook.com
ACC005068,2024-11-29,Christine Parker,icloud.com
ACC005069,2025-02-14,Jesse Murphy,icloud.com
ACC005070,2025-04-18,Brian Daniel,yahoo.com
ACC005071,2026-04-25,Stephen Roth,outlook.com
ACC005072,2025-05-27,Ryan Warren,outlook.com
ACC005073,2026-08-08,Jeffery York,gmail.com
ACC005074,2026-02-28,Tyler Baker,outlook.com
ACC005075,2026-04-15,Melissa Schneider,gmail.com
ACC005076,2025-02-15,Trevor Sparks,gmail.com
ACC005077,2026-07-12,Hector Bryant,outlook.com
ACC005078,2026-06-29,Theresa Martinez,outlook.com
ACC005079,2026-02-09,Kaitlyn Brown,outlook.com
ACC005080,2025-11-23,Bonnie Woods,yahoo.com
ACC005081,2025-08-03,Carlos Kirk,outlook.com
ACC005082,2026-04-30,Selena Bailey,gmail.com
ACC005083,2024-11-13,Chad Rivera,icloud.com
ACC005084,2025-01-19,Rhonda Patterson,outlook.com
ACC005085,2024-11-23,Frederick Mejia,icloud.com
ACC005086,2026-04-18,Rebecca Cole,outlook.com
ACC005087,2024-12-11,Edwin Jackson,outlook.com
ACC005088,2026-01-22,George Rogers DDS,yahoo.com
ACC005089,2024-11-24,Kimberly Morgan,yahoo.com
ACC005090,2025-04-03,Tracey Hogan,outlook.com
ACC005091,2024-11-23,Micheal Austin,yahoo.com
ACC005092,2025-06-09,Carl Rubio,outlook.com
ACC005093,2026-05-26,Tracy Burnett,yahoo.com
ACC005094,2025-12-24,Gary Taylor,gmail.com
ACC005095,2025-01-30,Sonya Williams,icloud.com
ACC005096,2025-04-15,Jacqueline Hall,outlook.com
ACC005097,2026-01-30,Crystal Mullen,gmail.com
ACC005098,2026-07-17,Shawn Ware,outlook.com
ACC005099,2026-07-22,Rebecca Oneill,icloud.com
ACC005100,2025-01-03,Aaron Morgan,yahoo.com
ACC005101,2025-05-13,Damon Schultz,yahoo.com
ACC005102,2025-01-16,Catherine Garcia,outlook.com
ACC005103,2025-05-08,Samuel Warren,icloud.com
ACC005104,2026-08-08,Kevin Carney,outlook.com
ACC005105,2024-10-14,Jonathan Jefferson DVM,outlook.com
ACC005106,2025-01-17,Jerry Walsh,outlook.com
ACC005107,2025-03-31,Travis Day,icloud.com
ACC005108,2026-08-15,Aaron Diaz,icloud.com
ACC005109,2025-10-17,Nancy Jackson,yahoo.com
ACC005110,2025-04-11,Daniel Benjamin,outlook.com
ACC005111,2025-04-03,Renee Thompson,outlook.com
ACC005112,2026-08-23,Rose Mclaughlin,gmail.com
ACC005113,2025-11-15,Arthur Gonzalez,gmail.com
ACC005114,2025-12-06,Ryan Smith,yahoo.com
ACC005115,2025-10-01,Brandon Bennett,icloud.com
ACC005116,2026-04-05,Brandon Sanchez,yahoo.com
ACC005117,2024-12-28,Christopher Robbins,gmail.com
ACC005118,2025-05-11,Alexander Martin,icloud.com
ACC005119,2026-02-03,Joseph Miller,yahoo.com
ACC005120,2025-03-06,Richard Yoder,icloud.com
ACC005121,2026-03-12,Frank Francis,icloud.com
ACC005122,2024-09-05,Mark Webb,outlook.com
ACC005123,2025-03-01,Scott Mcmahon,gmail.com
ACC005124,2025-05-21,Luke Dixon,gmail.com
ACC005125,2024-10-06,Mckenzie Chavez,gmail.com
ACC005126,2026-06-12,Kristen Blair,yahoo.com
ACC005127,2025-10-25,Joshua White,outlook.com
ACC005128,2025-01-06,Bryan Harrison,gmail.com
ACC005129,2025-01-17,Michael Gonzalez,icloud.com
ACC005130,2025-05-29,Monica Frost,yahoo.com
ACC005131,2025-04-02,Tracy Frye,icloud.com
ACC005132,2025-05-28,Erika Thompson,outlook.com
ACC005133,2024-12-28,Latasha Mendez,yahoo.com
ACC005134,2024-09-23,Sierra Moses,icloud.com
ACC005135,2026-01-21,Rebecca Sandoval,icloud.com
ACC005136,2026-04-07,Margaret Young,yahoo.com
ACC005137,2026-05-22,Cynthia Jackson,icloud.com
ACC005138,2025-08-26,Michaela Sanchez,gmail.com
ACC005139,2026-03-05,Stephanie Harris,icloud.com
ACC005140,2025-01-05,Elizabeth Butler,icloud.com
ACC005141,2024-09-22,Matthew Mclaughlin PhD,icloud.com
ACC005142,2025-09-28,Robert Roberts,outlook.com
ACC005143,2025-07-10,Laura Green,yahoo.com
ACC005144,2025-03-30,Robert Hampton,icloud.com
ACC005145,2026-02-07,Molly White,yahoo.com
ACC005146,2025-10-20,Roger Valencia,outlook.com
ACC005147,2024-09-15,Cody Thompson,outlook.com
ACC005148,2024-09-09,Anthony Wright,gmail.com
ACC005149,2025-03-17,Julie Rose,icloud.com
ACC005150,2026-03-13,Mr. John Woodard MD,yahoo.com
ACC005151,2025-08-24,Kristin Herman,outlook.com
ACC005152,2025-05-27,Chase Burnett,gmail.com
ACC005153,2024-11-27,Annette Mcguire,gmail.com
ACC005154,2025-12-17,Richard Roy,yahoo.com
ACC005155,2025-06-14,Carrie Ware,gmail.com
ACC005156,2026-08-26,Julian Obrien,icloud.com
ACC005157,2026-04-02,Stacey Stone,yahoo.com
ACC005158,2025-09-16,Laura Bailey,yahoo.com
ACC005159,2026-05-30,Patrick Bush,icloud.com
ACC005160,2026-06-12,Jose Lopez,yahoo.com
ACC005161,2026-03-12,Jennifer Brown,icloud.com
ACC005162,2025-02-02,Nicole Bright,icloud.com
ACC005163,2025-03-29,Christina Ramirez,yahoo.com
ACC005164,2024-11-20,Thomas Brewer,icloud.com
ACC005165,2025-03-09,Sarah Berry,outlook.com
ACC005166,2026-08-12,Austin Conley,yahoo.com
ACC005167,2024-12-12,Daniel Luna,gmail.com
ACC005168,2025-03-17,Sharon Johnson,outlook.com
ACC005169,2024-12-11,Kenneth Maxwell,icloud.com
ACC005170,2025-12-31,Laurie Bailey,gmail.com
ACC005171,2025-12-04,Eric Woods,yahoo.com
ACC005172,2024-10-06,Nancy Lee,gmail.com
ACC005173,2025-10-06,Christina Smith,icloud.com
ACC005174,2026-04-08,John Clark,outlook.com
ACC005175,2026-03-11,Anna Ponce,gmail.com
ACC005176,2025-12-21,Anthony Hernandez,icloud.com
ACC005177,2024-11-01,Daniel Wilson,gmail.com
ACC005178,2025-01-18,Melody Stevens,outlook.com
ACC005179,2025-12-17,Matthew Brown,yahoo.com
ACC005180,2025-03-14,Nichole Davis,gmail.com
ACC005181,2025-02-12,James Anderson,gmail.com
ACC005182,2026-03-08,Bryan Griffith,icloud.com
ACC005183,2024-11-17,Nathan Stanley,icloud.com
ACC005184,2025-03-10,Olivia Randolph,gmail.com
ACC005185,2025-07-21,Marcus Blair,outlook.com
ACC005186,2026-01-21,Kenneth Reynolds,gmail.com
ACC005187,2025-12-30,Joshua Guerrero,gmail.com
ACC005188,2025-07-11,Shawn Shepherd,yahoo.com
ACC005189,2025-01-27,Ashley Duran,yahoo.com
ACC005190,2025-01-13,Brian Mitchell,yahoo.com
ACC005191,2024-12-05,Melanie Garrett,icloud.com
ACC005192,2025-08-17,George Smith,yahoo.com
ACC005193,2024-11-24,Vicki Hernandez,yahoo.com
ACC005194,2025-07-10,Carl Larsen,icloud.com
ACC005195,2025-09-20,Mercedes Richardson,gmail.com
ACC005196,2025-11-05,Mikayla Franco,outlook.com
ACC005197,2025-04-19,Patrick Rios,yahoo.com
ACC005198,2024-11-20,Cindy Estrada,icloud.com
ACC005199,2026-07-26,Bethany Neal,yahoo.com
ACC005200,2026-08-10,Alan Davis DVM,outlook.com
ACC005201,2025-09-27,Donald Coleman,gmail.com
ACC005202,2024-12-18,Gabriel Richardson,gmail.com
ACC005203,2025-02-22,Thomas Lewis,icloud.com
ACC005204,2026-05-15,Todd Beasley,icloud.com
ACC005205,2026-03-24,Allison Branch,icloud.com
ACC005206,2025-04-08,Jenny Cox,icloud.com
ACC005207,2024-09-10,David Simpson,outlook.com
ACC005208,2025-05-24,Kyle Brown,gmail.com
ACC005209,2026-07-06,Tracey Reynolds,gmail.com
ACC005210,2026-01-16,Alison Perez,outlook.com
ACC005211,2025-11-22,Douglas Santos,outlook.com
ACC005212,2025-10-19,Grace Green,yahoo.com
ACC005213,2025-03-22,Samantha Cohen,outlook.com
ACC005214,2026-03-08,Courtney Page,outlook.com
ACC005215,2025-12-04,David Martinez,gmail.com
ACC005216,2025-04-18,Susan Sullivan,icloud.com
ACC005217,2025-11-17,Thomas Bowman MD,yahoo.com
ACC005218,2025-02-20,Elizabeth Brown,gmail.com
ACC005219,2026-01-17,Michael Bolton,yahoo.com
ACC005220,2025-08-03,Jeffery Thompson,gmail.com
ACC005221,2024-09-03,John Rodriguez,gmail.com
ACC005222,2026-03-16,Danielle Hamilton,icloud.com
ACC005223,2025-10-18,Justin Hammond,icloud.com
ACC005224,2026-05-20,Kayla Williams,gmail.com
ACC005225,2025-01-03,Thomas Sparks,outlook.com
ACC005226,2024-09-03,Ashlee Ross,gmail.com
ACC005227,2026-04-05,Ann Martin,yahoo.com
ACC005228,2026-08-03,Kimberly Black,icloud.com
ACC005229,2026-04-19,Meagan West,icloud.com
ACC005230,2024-09-10,Andre Cortez,outlook.com
ACC005231,2026-03-15,Michele Ford,icloud.com
ACC005232,2025-10-03,Andrew Chavez,yahoo.com
ACC005233,2024-09-24,Joel Perez,outlook.com
ACC005234,2025-11-19,Anthony Berg,gmail.com
ACC005235,2025-12-01,Joseph Hill,gmail.com
ACC005236,2025-07-23,Robert Thompson,gmail.com
ACC005237,2025-08-04,Allison Cunningham,yahoo.com
ACC005238,2024-09-19,Joseph Rice,yahoo.com
ACC005239,2024-11-10,Jeffery Jordan,outlook.com
ACC005240,2025-05-03,Allen Martinez,outlook.com
ACC005241,2024-10-01,Cristian Lambert,icloud.com
ACC005242,2026-04-12,Christina Powell,outlook.com
ACC005243,2025-10-20,Tamara Gonzales,icloud.com
ACC005244,2024-10-25,Jeffrey Long,gmail.com
ACC005245,2025-06-01,Angela Richards,gmail.com
ACC005246,2026-08-07,Sandra Lyons,yahoo.com
ACC005247,2026-02-08,Andrew Whitney,icloud.com
ACC005248,2025-01-31,Jeffery Collins,icloud.com
ACC005249,2026-02-26,Kevin Fischer,outlook.com
ACC005250,2025-05-27,Amber Chapman,outlook.com
ACC005251,2025-04-21,Becky King,outlook.com
ACC005252,2025-07-17,Matthew Richards,yahoo.com
ACC005253,2025-12-10,Teresa Jones,gmail.com
ACC005254,2024-11-29,Nicole Hodge,yahoo.com
ACC005255,2026-03-19,Debra Smith,outlook.com
ACC005256,2026-08-05,Zachary Jones,icloud.com
ACC005257,2026-06-09,Amanda Bishop,outlook.com
ACC005258,2025-06-21,Rhonda Evans,icloud.com
ACC005259,2024-11-02,Samantha Noble,icloud.com
ACC005260,2024-10-27,Larry Fritz,outlook.com
ACC005261,2024-09-25,Maria Gonzalez,gmail.com
ACC005262,2026-03-30,Melinda Cervantes,yahoo.com
ACC005263,2024-11-28,Justin Carter,gmail.com
ACC005264,2025-03-25,James Garcia,yahoo.com
ACC005265,2025-08-26,Dustin Williams,gmail.com
ACC005266,2026-07-03,Derek Hall,outlook.com
ACC005267,2026-01-23,Frank White,icloud.com
ACC005268,2025-04-18,Tracy Santiago,outlook.com
ACC005269,2024-10-18,Lauren Barr,outlook.com
ACC005270,2025-11-25,Jill Smith DDS,icloud.com
ACC005271,2025-09-28,Carmen Jordan,gmail.com
ACC005272,2025-08-07,Mary Johnson DDS,yahoo.com
ACC005273,2026-01-25,Sally Fernandez,yahoo.com
ACC005274,2025-01-31,Brandon Brown,outlook.com
ACC005275,2026-03-26,Maurice Johnson,icloud.com
ACC005276,2025-10-25,Lori Davis,yahoo.com
ACC005277,2024-12-13,Taylor Acevedo,yahoo.com
ACC005278,2025-10-09,Cynthia Cohen,icloud.com
ACC005279,2025-11-03,Laura Larson,icloud.com
ACC005280,2025-02-04,Penny West,yahoo.com
ACC005281,2026-05-30,Brian Daugherty,icloud.com
ACC005282,2026-02-05,Monica Medina,outlook.com
ACC005283,2025-12-23,Tracey Reilly,gmail.com
ACC005284,2026-06-17,Robin York,yahoo.com
ACC005285,2024-10-08,Tanya Shannon,icloud.com
ACC005286,2026-01-26,Charles Chang,icloud.com
ACC005287,2025-01-07,Spencer Kelly,yahoo.com
ACC005288,2025-04-03,Tammy Duncan,outlook.com
ACC005289,2025-11-04,Jonathon Kim,icloud.com
ACC005290,2025-02-02,Christopher Cain,gmail.com
ACC005291,2025-05-17,Anthony Wells,outlook.com
ACC005292,2025-05-21,Brandon Kirby,yahoo.com
ACC005293,2026-07-08,Jamie Miller,outlook.com
ACC005294,2025-01-05,Anna Wong,gmail.com
ACC005295,2026-03-14,Christopher Macdonald,gmail.com
ACC005296,2025-05-14,Leslie Moody,gmail.com
ACC005297,2025-07-12,Jessica Mckee,yahoo.com
ACC005298,2026-01-26,Nicholas Myers,yahoo.com
ACC005299,2026-04-24,Meagan Charles,icloud.com
ACC005300,2025-10-20,Amber Williams,outlook.com
ACC005301,2024-12-10,Micheal Green,gmail.com
ACC005302,2024-12-03,Rachel Henderson,yahoo.com
ACC005303,2025-03-20,Andrew Lam,outlook.com
ACC005304,2025-05-12,Cassandra Mitchell,gmail.com
ACC005305,2024-10-23,Melissa Grant,outlook.com
ACC005306,2025-05-04,James Rodriguez,icloud.com
ACC005307,2026-06-20,Lauren Trevino,icloud.com
ACC005308,2025-03-27,Margaret White,yahoo.com
ACC005309,2024-12-17,Stacey Howe,icloud.com
ACC005310,2024-12-01,Diane Bishop,outlook.com
ACC005311,2025-04-03,David Baker,outlook.com
ACC005312,2025-05-05,Allison Chavez,gmail.com
ACC005313,2026-04-27,Austin Smith,icloud.com
ACC005314,2024-12-17,Ashley Thomas,icloud.com
ACC005315,2026-08-02,Mrs. Olivia Petersen,gmail.com
ACC005316,2026-04-19,Joshua Martinez,outlook.com
ACC005317,2025-09-09,Laura Clarke,gmail.com
ACC005318,2025-03-30,Joseph Patel,icloud.com
ACC005319,2025-08-12,Lisa Beard,yahoo.com
ACC005320,2025-12-28,David Mendoza,yahoo.com
ACC005321,2025-12-27,Nicole Wallace DDS,yahoo.com
ACC005322,2025-04-21,Marcus Brown,icloud.com
ACC005323,2024-12-18,Daniel Gallegos,icloud.com
ACC005324,2026-05-24,Nicole Hardy,icloud.com
ACC005325,2025-03-27,Pedro Greene,icloud.com
ACC005326,2026-01-16,Yvette Marks,gmail.com
ACC005327,2025-08-13,Ashley Lewis,yahoo.com
ACC005328,2025-11-04,Stephanie Peterson,gmail.com
ACC005329,2025-06-21,Mrs. Dawn Hawkins,gmail.com
ACC005330,2025-12-21,Gary Greer,gmail.com
ACC005331,2026-06-29,Christopher Knox,outlook.com
ACC005332,2025-01-17,Eric Thomas,yahoo.com
ACC005333,2025-02-14,Brent Stewart,gmail.com
ACC005334,2025-09-29,Corey Roberts,icloud.com
ACC005335,2025-05-24,Keith Morales,icloud.com
ACC005336,2025-10-04,Perry Washington,icloud.com
ACC005337,2025-11-22,Nicole Barton,gmail.com
ACC005338,2026-08-15,David Medina,yahoo.com
ACC005339,2024-10-27,Lydia Payne,gmail.com
ACC005340,2025-01-27,Monica Cline,icloud.com
ACC005341,2026-01-05,Juan Davis,gmail.com
ACC005342,2025-09-08,Devin Black,gmail.com
ACC005343,2025-06-16,Rachel Franco DDS,yahoo.com
ACC005344,2026-04-15,Lori Valentine,yahoo.com
ACC005345,2026-01-29,Lisa Ryan,gmail.com
ACC005346,2024-09-11,Danielle Hester,outlook.com
ACC005347,2026-05-09,Luke Alexander,gmail.com
ACC005348,2025-04-23,Jane Edwards,gmail.com
ACC005349,2025-09-13,Ann Peterson,gmail.com
ACC005350,2025-09-09,Erik Keller,icloud.com
ACC005351,2025-05-09,Louis Bowen,yahoo.com
ACC005352,2025-07-15,Amy Mcdaniel,gmail.com
ACC005353,2025-07-31,Isaiah Terry,gmail.com
ACC005354,2026-01-24,Michael Bell,icloud.com
ACC005355,2026-01-16,Blake Vega,icloud.com
ACC005356,2025-12-28,Ronnie Medina,yahoo.com
ACC005357,2024-12-23,Rhonda Clark,yahoo.com
ACC005358,2026-01-18,Jason Fletcher,outlook.com
ACC005359,2025-04-28,Jose Green,outlook.com
ACC005360,2025-08-16,Anthony Washington,outlook.com
ACC005361,2025-09-21,Kristopher Curtis,gmail.com
ACC005362,2025-04-21,Chad Moreno,icloud.com
ACC005363,2025-06-30,Cassidy Carter,outlook.com
ACC005364,2025-06-14,James Grimes,icloud.com
ACC005365,2025-01-23,Natalie Hawkins,gmail.com
ACC005366,2025-11-27,Jonathan Williams,gmail.com
ACC005367,2025-03-28,Deborah Smith,gmail.com
ACC005368,2025-09-06,Emily Henderson,icloud.com
ACC005369,2026-02-27,Peter Morgan,yahoo.com
ACC005370,2025-04-10,Laura Patton,gmail.com
ACC005371,2025-07-12,Francis Walker,yahoo.com
ACC005372,2025-11-27,Renee Johnson,outlook.com
ACC005373,2026-01-29,Scott Wood,outlook.com
ACC005374,2025-09-28,Sherri Logan,gmail.com
ACC005375,2025-08-07,Cathy Barnes,outlook.com
ACC005376,2025-01-30,Amy Sanders,icloud.com
ACC005377,2024-10-17,Lee Perez,icloud.com
ACC005378,2025-05-15,Michael Leonard,yahoo.com
ACC005379,2026-07-01,Cody Thompson,icloud.com
ACC005380,2026-01-03,Victor Yates,gmail.com
ACC005381,2025-04-02,Stanley Benson,icloud.com
ACC005382,2026-08-10,James Gallagher,yahoo.com
ACC005383,2025-04-12,Jeanette Garcia,icloud.com
ACC005384,2025-10-22,Michael Garcia,gmail.com
ACC005385,2026-04-29,William Gordon,yahoo.com
ACC005386,2026-08-12,Kim Holmes,outlook.com
ACC005387,2025-05-24,Anthony Hodges,gmail.com
ACC005388,2026-08-05,Alexis Wells,yahoo.com
ACC005389,2026-04-15,Jennifer Dawson,icloud.com
ACC005390,2026-05-04,Bethany Baxter MD,icloud.com
ACC005391,2024-09-10,Teresa Wallace,outlook.com
ACC005392,2025-10-27,Alexis Pham,icloud.com
ACC005393,2026-01-26,Zachary Ortiz,icloud.com
ACC005394,2025-08-19,Christopher Burnett,outlook.com
ACC005395,2024-11-18,Nicholas Calhoun,gmail.com
ACC005396,2025-01-29,Joseph Perez,yahoo.com
ACC005397,2025-10-18,Karen Perez,yahoo.com
ACC005398,2025-03-04,Kevin Cruz,gmail.com
ACC005399,2026-06-21,Amber Spencer,yahoo.com
ACC005400,2024-12-18,Madison Richardson,gmail.com
ACC005401,2026-06-29,Jose Collins,icloud.com
ACC005402,2026-01-17,Justin Potter,gmail.com
ACC005403,2024-10-29,Sherry Cox,outlook.com
ACC005404,2024-12-26,Tiffany Williams,outlook.com
ACC005405,2026-04-14,Jessica Torres,yahoo.com
ACC005406,2025-02-27,Matthew Morgan,gmail.com
ACC005407,2025-04-01,Craig Beard,yahoo.com
ACC005408,2025-03-04,Tony Moore,icloud.com
ACC005409,2025-05-31,Jillian Carrillo,yahoo.com
ACC005410,2026-01-21,Nancy Rowland,gmail.com
ACC005411,2026-03-14,Lisa Ochoa,gmail.com
ACC005412,2025-12-20,Jeffrey Ayala,gmail.com
ACC005413,2025-10-15,Dana Carter,yahoo.com
ACC005414,2025-08-17,Natalie Burns,gmail.com
ACC005415,2026-04-21,Sean Peters,yahoo.com
ACC005416,2025-10-29,Christopher Jones,icloud.com
ACC005417,2025-06-14,Miguel Pena,icloud.com
ACC005418,2025-11-26,Ryan Lawson,yahoo.com
ACC005419,2025-11-18,David Williams,yahoo.com
ACC005420,2026-03-31,Mark Johnson,gmail.com
ACC005421,2025-05-25,Rebecca Perez,gmail.com
ACC005422,2026-05-24,Kathryn Thomas,outlook.com
ACC005423,2026-05-13,Crystal Abbott,yahoo.com
ACC005424,2026-08-19,Alexandra Hodge,yahoo.com
ACC005425,2026-03-08,Rachel Yang,gmail.com
ACC005426,2025-10-02,Michelle Sanders,yahoo.com
ACC005427,2025-07-03,Dustin Stein,icloud.com
ACC005428,2025-11-15,Haley Jackson,icloud.com
ACC005429,2026-06-24,Thomas Moses,outlook.com
ACC005430,2025-02-18,Jeffrey Petersen,outlook.com
ACC005431,2026-04-26,Joseph Ward,icloud.com
ACC005432,2024-09-24,Lance Robinson,icloud.com
ACC005433,2025-07-06,Kristen Smith,gmail.com
ACC005434,2025-09-08,Nicole Mcbride,icloud.com
ACC005435,2024-10-16,Daisy Larson,gmail.com
ACC005436,2026-05-03,Jesus Shaw,gmail.com
ACC005437,2024-11-19,Shelly Moss,outlook.com
ACC005438,2026-05-28,Laura Coleman,gmail.com
ACC005439,2026-03-10,Kayla Moore,gmail.com
ACC005440,2025-02-08,Melissa Brown,outlook.com
ACC005441,2025-03-31,Emily Riley MD,yahoo.com
ACC005442,2025-05-09,Donald Cole,outlook.com
ACC005443,2025-02-05,James Johnson,outlook.com
ACC005444,2024-10-31,Nicholas George,gmail.com
ACC005445,2025-06-18,Jane King,outlook.com
ACC005446,2025-10-20,Tanner Decker,outlook.com
ACC005447,2025-05-10,Leslie Martin,yahoo.com
ACC005448,2025-05-11,Keith Garcia,icloud.com
ACC005449,2025-01-14,Victoria Keller,gmail.com
ACC005450,2026-04-01,Mr. Robert Acevedo MD,yahoo.com
ACC005451,2025-06-03,Ms. Kayla Williams,outlook.com
ACC005452,2026-04-17,Tammy Jackson,gmail.com
ACC005453,2026-05-06,Robert Smith,icloud.com
ACC005454,2024-10-28,Stephen Smith,gmail.com
ACC005455,2026-01-22,Jasmin Hamilton,icloud.com
ACC005456,2026-01-06,Thomas Romero,icloud.com
ACC005457,2025-06-12,Megan Grant,yahoo.com
ACC005458,2025-09-29,Karen Hughes,yahoo.com
ACC005459,2026-04-03,Bradley Phillips,yahoo.com
ACC005460,2026-05-31,Robert Roberts,gmail.com
ACC005461,2025-10-11,Cynthia Tran,icloud.com
ACC005462,2024-12-12,Marie Davidson,icloud.com
ACC005463,2025-10-16,Jordan Williams,yahoo.com
ACC005464,2025-12-29,Mr. Paul Chase,outlook.com
ACC005465,2025-05-16,Chloe Parker,icloud.com
ACC005466,2026-08-20,Leah Collier,gmail.com
ACC005467,2025-12-04,Amanda Gonzalez,yahoo.com
ACC005468,2026-04-08,Alice Conley,yahoo.com
ACC005469,2025-01-19,Clarence Wood,outlook.com
ACC005470,2025-02-18,Terri Cisneros,gmail.com
ACC005471,2026-08-09,Jessica Jones,yahoo.com
ACC005472,2024-09-11,Michael Graham,outlook.com
ACC005473,2025-04-03,Mary Henderson,yahoo.com
ACC005474,2025-07-04,Adam Holland,yahoo.com
ACC005475,2026-01-10,Elizabeth Miller,icloud.com
ACC005476,2025-12-22,Ryan Kaiser,yahoo.com
ACC005477,2025-01-13,Douglas Morton,yahoo.com
ACC005478,2026-08-27,Ashlee Mendez,outlook.com
ACC005479,2026-04-28,Leslie Barton,yahoo.com
ACC005480,2026-03-10,Joseph Smith,icloud.com
ACC005481,2025-11-16,Paige Jordan,icloud.com
ACC005482,2025-04-02,Elizabeth Taylor,yahoo.com
ACC005483,2025-08-29,Latoya Howell,gmail.com
ACC005484,2025-02-17,Lawrence Glover,outlook.com
ACC005485,2025-11-18,Kimberly Grant,outlook.com
ACC005486,2026-06-14,Madison Wilson,outlook.com
ACC005487,2025-07-26,Melanie Davidson,icloud.com
ACC005488,2025-10-20,Angel Johnson,yahoo.com
ACC005489,2025-10-13,Jessica Cox,icloud.com
ACC005490,2025-09-07,Laura Mosley,outlook.com
ACC005491,2025-09-18,Kurt Martinez,gmail.com
ACC005492,2026-03-23,Brandi Ibarra,yahoo.com
ACC005493,2025-08-25,Heather Sweeney,gmail.com
ACC005494,2025-08-28,Laura Guerra,icloud.com
ACC005495,2025-12-02,Adrian Levine,yahoo.com
ACC005496,2026-04-27,Abigail Acevedo,outlook.com
ACC005497,2024-12-02,Isabella Taylor,yahoo.com
ACC005498,2025-06-08,Joel Rogers,gmail.com
ACC005499,2026-05-02,Tyler Murray,gmail.com
ACC005500,2025-10-09,Michael Lambert,yahoo.com
ACC005501,2025-01-16,Edward Guzman,icloud.com
ACC005502,2025-05-27,Anne Chambers,outlook.com
ACC005503,2025-11-15,Kristen Ramirez,yahoo.com
ACC005504,2026-01-02,Leslie Case,outlook.com
ACC005505,2025-04-26,Christopher Thomas,gmail.com
ACC005506,2026-04-12,Felicia Matthews,yahoo.com
ACC005507,2025-03-25,Robert Keith,yahoo.com
ACC005508,2025-07-03,Deborah Simon,icloud.com
ACC005509,2026-04-30,Carlos Morrow,yahoo.com
ACC005510,2026-08-13,Edward Tucker,gmail.com
ACC005511,2026-02-24,Emma Chan,yahoo.com
ACC005512,2026-07-07,Ryan Thomas,gmail.com
ACC005513,2025-06-15,Holly Rivas,icloud.com
ACC005514,2024-10-27,Alicia Navarro,icloud.com
ACC005515,2025-10-06,James Schaefer,outlook.com
ACC005516,2024-09-11,Jennifer Sampson,gmail.com
ACC005517,2025-12-19,Daniel Taylor,yahoo.com
ACC005518,2025-11-08,Julie Thompson,gmail.com
ACC005519,2026-07-07,Justin Murphy,yahoo.com
ACC005520,2025-03-30,Rachel Smith,yahoo.com
ACC005521,2024-09-13,Joseph Dougherty,outlook.com
ACC005522,2025-11-20,Catherine Barker,outlook.com
ACC005523,2024-12-11,Cynthia Taylor,icloud.com
ACC005524,2025-06-22,James Peck,gmail.com
ACC005525,2025-03-02,Rebecca Brooks,icloud.com
ACC005526,2026-02-18,Mr. Gregory Hart,outlook.com
ACC005527,2024-10-03,Tiffany Davis,icloud.com
ACC005528,2026-05-12,Vanessa Bishop,outlook.com
ACC005529,2025-06-12,Stacey Rodriguez,icloud.com
ACC005530,2025-08-02,Angelica Lopez,outlook.com
ACC005531,2024-09-21,Spencer Manning,gmail.com
ACC005532,2025-02-24,Robert Bauer,outlook.com
ACC005533,2025-02-20,Keith Gonzalez,outlook.com
ACC005534,2025-07-13,Benjamin Jordan,outlook.com
ACC005535,2026-01-22,Adrian Krueger,yahoo.com
ACC005536,2025-08-20,Michael Travis,icloud.com
ACC005537,2026-01-27,Jonathan Glover,icloud.com
ACC005538,2026-04-07,Erin Carter,gmail.com
ACC005539,2025-06-28,Brenda Bradley,outlook.com
ACC005540,2025-01-19,Kevin Berry,icloud.com
ACC005541,2026-08-06,Jennifer Anderson,icloud.com
ACC005542,2026-02-11,Tyler Miranda,icloud.com
ACC005543,2026-07-01,Nicholas Chung,gmail.com
ACC005544,2025-04-21,Kayla Thomas,outlook.com
ACC005545,2025-06-02,Robert Shepherd,yahoo.com
ACC005546,2025-06-13,Steven Swanson,yahoo.com
ACC005547,2024-10-04,David Williams,yahoo.com
ACC005548,2025-05-27,Justin Bishop,icloud.com
ACC005549,2026-01-14,Clifford Mcdonald,icloud.com
ACC005550,2025-04-16,Wesley Bowers,icloud.com
ACC005551,2025-04-06,Jessica Warren,icloud.com
ACC005552,2025-09-20,Dana Savage,gmail.com
ACC005553,2025-10-31,Joseph Sullivan,outlook.com
ACC005554,2025-01-13,Joshua Williams,icloud.com
ACC005555,2026-03-21,Cory Kelley,gmail.com
ACC005556,2026-08-12,Whitney Macdonald DVM,gmail.com
ACC005557,2024-11-01,Kimberly Ponce,yahoo.com
ACC005558,2026-08-14,Darren Morse,yahoo.com
ACC005559,2026-02-12,Lydia Horn,outlook.com
ACC005560,2026-08-16,Chad Williams,icloud.com
ACC005561,2025-06-25,Jeremy Wallace,yahoo.com
ACC005562,2025-11-13,Anthony Ward,gmail.com
ACC005563,2025-04-22,Heather Diaz,yahoo.com
ACC005564,2025-11-10,Daniel White,yahoo.com
ACC005565,2025-10-11,Linda Fernandez,icloud.com
ACC005566,2024-09-23,Ralph Rodriguez,icloud.com
ACC005567,2026-03-16,Michael Cross DDS,yahoo.com
ACC005568,2025-11-05,Stacy Garcia,icloud.com
ACC005569,2024-11-23,Brett Maxwell,gmail.com
ACC005570,2025-08-03,Anna Andersen,yahoo.com
ACC005571,2025-10-02,Gary Phillips,icloud.com
ACC005572,2025-03-29,Melanie Brown,outlook.com
ACC005573,2025-10-15,Carol Johnson,gmail.com
ACC005574,2024-09-23,Jacqueline Hall,outlook.com
ACC005575,2024-12-30,Tara Hale,icloud.com
ACC005576,2026-06-26,Christopher Smith,icloud.com
ACC005577,2026-08-01,Chad Kim,icloud.com
ACC005578,2025-10-06,Riley Knight,yahoo.com
ACC005579,2024-11-11,Amy Moore,icloud.com
ACC005580,2025-12-30,Robert Ellison,yahoo.com
ACC005581,2026-07-22,Brian Lewis,yahoo.com
ACC005582,2026-03-30,Catherine Johns,yahoo.com
ACC005583,2025-03-28,Mary Parks,yahoo.com
ACC005584,2025-12-13,Mark Williamson,gmail.com
ACC005585,2026-05-19,Douglas Blanchard,outlook.com
ACC005586,2026-04-25,Phillip Padilla PhD,outlook.com
ACC005587,2025-03-31,Juan Galvan,yahoo.com
ACC005588,2025-08-01,Leslie Diaz,outlook.com
ACC005589,2025-06-17,David Potter,outlook.com
ACC005590,2024-09-28,Adam Long,icloud.com
ACC005591,2026-05-25,Lisa Booker,outlook.com
ACC005592,2024-09-03,Alexandria Vaughn,outlook.com
ACC005593,2025-06-06,April Bailey,yahoo.com
ACC005594,2024-10-26,Sherry Patterson,yahoo.com
ACC005595,2026-03-06,Melissa Wolf,gmail.com
ACC005596,2026-01-28,Joshua Sims,gmail.com
ACC005597,2026-06-19,Tina Mooney,outlook.com
ACC005598,2025-08-18,Luis Mcclain,gmail.com
ACC005599,2026-06-29,Heather Wolf,outlook.com
ACC005600,2025-08-03,James Bradley,gmail.com
ACC005601,2024-10-18,Isaiah Jones,gmail.com
ACC005602,2026-05-07,Victor Hudson,yahoo.com
ACC005603,2024-10-14,Maria Sanders,icloud.com
ACC005604,2024-10-02,Thomas Holloway,gmail.com
ACC005605,2025-02-11,Joshua Love,icloud.com
ACC005606,2026-05-09,Andrew Dominguez,icloud.com
ACC005607,2025-07-04,John Adams,outlook.com
ACC005608,2025-12-13,Michelle Huber,yahoo.com
ACC005609,2026-06-19,Laura Roberts,icloud.com
ACC005610,2024-11-17,Tracey Brooks,icloud.com
ACC005611,2026-04-30,Aaron Henry,gmail.com
ACC005612,2025-02-23,Ryan Moore,icloud.com
ACC005613,2025-01-14,Daniel Chen,gmail.com
ACC005614,2024-09-18,Angel Lewis,yahoo.com
ACC005615,2024-10-29,David Nolan,yahoo.com
ACC005616,2026-07-21,Brian Medina,outlook.com
ACC005617,2025-04-12,Antonio Lopez,outlook.com
ACC005618,2026-06-20,Michaela Hernandez,outlook.com
ACC005619,2024-09-07,Elizabeth Chase,gmail.com
ACC005620,2025-06-30,Omar Johnson,yahoo.com
ACC005621,2026-07-06,Steven Fisher,outlook.com
ACC005622,2026-05-04,Heather Smith,gmail.com
ACC005623,2025-04-17,Kimberly Mcintyre,icloud.com
ACC005624,2024-09-10,Dana Hernandez,yahoo.com
ACC005625,2025-10-20,Anita Long,gmail.com
ACC005626,2026-06-27,Chad Pennington,icloud.com
ACC005627,2025-06-28,Michael Rosario,yahoo.com
ACC005628,2025-01-15,Joyce Webster,outlook.com
ACC005629,2025-08-30,Kristie Hendrix MD,yahoo.com
ACC005630,2026-01-27,Shannon Miller,gmail.com
ACC005631,2025-06-13,Linda Henderson,gmail.com
ACC005632,2026-08-20,Anthony Ashley,outlook.com
ACC005633,2025-08-27,Michael Khan,icloud.com
ACC005634,2026-02-13,Stacey Thomas,outlook.com
ACC005635,2025-10-26,Joseph Jones,yahoo.com
ACC005636,2025-04-25,John Johnson,icloud.com
ACC005637,2025-10-18,April Wallace,icloud.com
ACC005638,2026-04-23,Gregory Martin,gmail.com
ACC005639,2026-04-19,Krista White,outlook.com
ACC005640,2025-01-17,Tyler Garcia,gmail.com
ACC005641,2026-05-13,Molly Jackson,icloud.com
ACC005642,2025-10-26,Thomas Floyd,yahoo.com
ACC005643,2025-11-01,Susan Sharp,icloud.com
ACC005644,2026-04-06,Krystal Hamilton,icloud.com
ACC005645,2025-08-20,Kathy Lewis,icloud.com
ACC005646,2025-04-09,Joshua Miller,outlook.com
ACC005647,2026-03-24,Emily Brady,icloud.com
ACC005648,2026-05-19,Julie Padilla,yahoo.com
ACC005649,2024-09-13,Justin Williams,outlook.com
ACC005650,2025-05-19,Willie Morgan,yahoo.com
ACC005651,2026-05-16,Joseph Stokes,yahoo.com
ACC005652,2025-03-24,Cindy Kelley,yahoo.com
ACC005653,2025-01-08,Tommy Romero,icloud.com
ACC005654,2024-09-05,Stephanie Lara,gmail.com
ACC005655,2024-10-21,Tyrone Collins,icloud.com
ACC005656,2026-05-25,Brendan Palmer,gmail.com
ACC005657,2024-10-05,Paul Martin,outlook.com
ACC005658,2025-07-05,Juan Gilbert,gmail.com
ACC005659,2026-02-11,Lori Roberson,icloud.com
ACC005660,2026-06-13,Matthew Moore,icloud.com
ACC005661,2026-04-29,Donald Freeman,icloud.com
ACC005662,2025-07-02,Daniel Anderson,yahoo.com
ACC005663,2024-09-12,Kelly Rodriguez,outlook.com
ACC005664,2026-02-14,Troy Ward,yahoo.com
ACC005665,2025-04-26,Christina Smith,gmail.com
ACC005666,2025-11-13,Mark Smith,gmail.com
ACC005667,2025-01-07,Daniel Williams,gmail.com
ACC005668,2026-03-01,Melissa Robinson,yahoo.com
ACC005669,2025-12-30,Mitchell Jimenez,outlook.com
ACC005670,2025-12-04,Bethany Liu,icloud.com
ACC005671,2026-02-21,Mitchell Williams,icloud.com
ACC005672,2025-02-04,Bianca Davis,outlook.com
ACC005673,2025-05-12,Anthony King,outlook.com
ACC005674,2025-01-02,Michael Summers,yahoo.com
ACC005675,2024-11-14,Ricky Hall,yahoo.com
ACC005676,2025-10-20,Joyce Kelly,gmail.com
ACC005677,2026-01-22,Anne Medina,icloud.com
ACC005678,2026-06-20,Benjamin Johnson,yahoo.com
ACC005679,2025-08-25,Kyle Perry,gmail.com
ACC005680,2024-11-28,Melissa Newton,yahoo.com
ACC005681,2026-08-13,James Franklin,outlook.com
ACC005682,2026-02-11,Caitlin Curry,icloud.com
ACC005683,2025-12-15,Barbara Glover,gmail.com
ACC005684,2025-03-08,Ryan Harmon,outlook.com
ACC005685,2025-12-04,Andrea Hughes,outlook.com
ACC005686,2026-01-19,Keith Solis,icloud.com
ACC005687,2026-03-02,Bryan Tucker,icloud.com
ACC005688,2025-07-20,Holly Grant,gmail.com
ACC005689,2025-10-29,Ryan Skinner,outlook.com
ACC005690,2025-12-27,Julia Mullins,gmail.com
ACC005691,2026-01-08,Janet Graves,yahoo.com
ACC005692,2024-11-20,Angela Hunt,outlook.com
ACC005693,2025-03-17,Isaiah Turner,outlook.com
ACC005694,2026-03-26,Phillip Scott,outlook.com
ACC005695,2025-08-21,Jessica Reynolds,gmail.com
ACC005696,2025-12-07,Melinda Jacobs,outlook.com
ACC005697,2026-07-18,Danny Butler,outlook.com
ACC005698,2025-10-13,Matthew Bennett,gmail.com
ACC005699,2024-09-03,Carl Jackson,gmail.com
ACC005700,2026-04-25,Stephen Wilson,yahoo.com
ACC005701,2025-07-24,Charles Robinson,outlook.com
ACC005702,2024-09-19,Chad Poole,yahoo.com
ACC005703,2024-11-23,Matthew Dominguez,gmail.com
ACC005704,2025-10-09,Christian Shelton,yahoo.com
ACC005705,2026-02-09,Makayla Friedman,outlook.com
ACC005706,2026-06-06,Katherine Downs,gmail.com
ACC005707,2025-02-03,Lisa Singh,icloud.com
ACC005708,2026-05-16,Brittany Allen,outlook.com
ACC005709,2025-06-17,Robert Miller,icloud.com
ACC005710,2025-05-01,Melanie Baker,outlook.com
ACC005711,2025-03-24,Gerald Allen,gmail.com
ACC005712,2025-07-05,Vincent Hays,outlook.com
ACC005713,2025-11-17,Valerie Lopez,icloud.com
ACC005714,2024-10-14,Anthony Schmidt,yahoo.com
ACC005715,2026-05-07,Dean Harris,gmail.com
ACC005716,2024-11-20,Rhonda Allen,gmail.com
ACC005717,2025-10-05,Ruben Charles,icloud.com
ACC005718,2025-08-10,Jennifer Brooks,outlook.com
ACC005719,2025-08-18,Jacqueline Owens,yahoo.com
ACC005720,2025-03-10,Sydney Elliott,gmail.com
ACC005721,2024-10-04,Gary Chavez,outlook.com
ACC005722,2025-01-29,Stephanie Salinas,gmail.com
ACC005723,2026-05-09,Raymond Valenzuela,icloud.com
ACC005724,2026-01-02,Theresa Ward,outlook.com
ACC005725,2025-07-01,Jacob Kennedy,icloud.com
ACC005726,2026-06-18,Jenna Velazquez,yahoo.com
ACC005727,2024-11-05,Kathryn Rivers,outlook.com
ACC005728,2026-05-26,Daniel Ramirez,outlook.com
ACC005729,2025-11-06,Greg Wood,icloud.com
ACC005730,2025-01-14,Susan Armstrong,icloud.com
ACC005731,2025-08-01,Taylor Stark,icloud.com
ACC005732,2025-04-26,Brandon Peterson,gmail.com
ACC005733,2024-11-15,Linda Morris,outlook.com
ACC005734,2025-09-18,Laura Sanders,icloud.com
ACC005735,2025-04-10,Catherine Castaneda,icloud.com
ACC005736,2025-08-05,Jesse Pollard,gmail.com
ACC005737,2024-10-13,Jacob Love,icloud.com
ACC005738,2025-11-19,Mrs. Janice Fitzpatrick,gmail.com
ACC005739,2025-01-11,Zachary Mckay,gmail.com
ACC005740,2024-09-09,Lauren Wright,gmail.com
ACC005741,2026-04-24,Teresa Velasquez,gmail.com
ACC005742,2024-10-31,Eugene Parker,yahoo.com
ACC005743,2025-09-09,Amy Knight,yahoo.com
ACC005744,2025-08-14,Randy Perez,yahoo.com
ACC005745,2025-09-15,Melanie Smith,icloud.com
ACC005746,2024-12-24,Melissa Martinez,yahoo.com
ACC005747,2024-10-21,Samantha Gillespie,icloud.com
ACC005748,2025-12-19,Bryan Richardson,outlook.com
ACC005749,2026-07-10,Anna Cantu,outlook.com
ACC005750,2026-06-08,Christopher Cox,yahoo.com
ACC005751,2025-06-20,Diana Kemp,outlook.com
ACC005752,2025-04-19,Taylor Salinas,gmail.com
ACC005753,2026-06-08,Ryan Santos,gmail.com
ACC005754,2026-06-07,Amber Crawford,outlook.com
ACC005755,2025-06-17,Carla Wong,outlook.com
ACC005756,2025-02-08,Allison Rice,yahoo.com
ACC005757,2025-01-05,Sheri Hoover,icloud.com
ACC005758,2025-07-20,Jeremy Chavez,icloud.com
ACC005759,2025-04-29,Jennifer Nguyen,icloud.com
ACC005760,2025-01-21,John Rodriguez,outlook.com
ACC005761,2025-12-03,Maria Williams,gmail.com
ACC005762,2026-06-18,Melody Ochoa,yahoo.com
ACC005763,2024-09-17,Tara Brown,yahoo.com
ACC005764,2024-11-04,Holly Banks,outlook.com
ACC005765,2024-11-12,Amber Johnson,outlook.com
ACC005766,2024-11-09,Scott Thompson,icloud.com
ACC005767,2025-11-08,Eric Flores,icloud.com
ACC005768,2025-11-08,Theresa Wilson,gmail.com
ACC005769,2026-04-09,Eric Ponce,gmail.com
ACC005770,2025-03-03,Becky Sellers,outlook.com
ACC005771,2025-04-03,Kendra Burton,yahoo.com
ACC005772,2025-11-27,Wyatt Kerr,outlook.com
ACC005773,2025-05-29,Craig Dean,outlook.com
ACC005774,2026-07-29,Christian Rowe,outlook.com
ACC005775,2025-07-24,Nathan Burke,icloud.com
ACC005776,2026-06-21,Nicholas Chase,icloud.com
ACC005777,2025-10-20,Hailey Ball,yahoo.com
ACC005778,2025-10-03,Heather Barry,gmail.com
ACC005779,2025-07-28,Cindy Young,icloud.com
ACC005780,2025-10-11,Mark Townsend,gmail.com
ACC005781,2024-10-21,Michael Lee,yahoo.com
ACC005782,2025-12-30,Lisa Smith,gmail.com
ACC005783,2024-09-07,John Steele,gmail.com
ACC005784,2024-09-27,Sandra Casey,outlook.com
ACC005785,2025-05-06,Darrell Simmons,yahoo.com
ACC005786,2026-08-08,Valerie Harrison,icloud.com
ACC005787,2025-04-04,Anthony Cherry,icloud.com
ACC005788,2024-10-11,Cody Lawson,yahoo.com
ACC005789,2025-05-04,Barbara Wagner,yahoo.com
ACC005790,2025-09-21,Scott James,yahoo.com
ACC005791,2025-11-24,John Moore,icloud.com
ACC005792,2025-04-18,Matthew Farley,outlook.com
ACC005793,2025-01-18,Mrs. Tonya Byrd,yahoo.com
ACC005794,2026-04-13,Catherine Davis,gmail.com
ACC005795,2024-11-06,Mary Wilkinson,icloud.com
ACC005796,2025-02-27,Michael Baker,outlook.com
ACC005797,2025-04-06,Peggy Mendoza,outlook.com
ACC005798,2026-05-13,Paul Anderson,yahoo.com
ACC005799,2025-08-06,Wayne Robinson,outlook.com
ACC005800,2025-06-03,Brittany Farley,outlook.com
ACC005801,2024-10-29,Katie Walters,icloud.com
ACC005802,2026-04-06,Dorothy Osborn,gmail.com
ACC005803,2025-01-06,William Hodge,gmail.com
ACC005804,2025-06-19,Michelle Ortega,yahoo.com
ACC005805,2025-03-08,Shannon White,icloud.com
ACC005806,2026-01-18,Jennifer Bennett,icloud.com
ACC005807,2025-04-12,Lisa Kaiser,yahoo.com
ACC005808,2026-02-01,Matthew Mccullough,gmail.com
ACC005809,2025-07-03,Steven Tyler,icloud.com
ACC005810,2024-09-04,Robert Jones,yahoo.com
ACC005811,2025-05-02,Kim Nelson,icloud.com
ACC005812,2026-05-23,Katherine Garcia,outlook.com
ACC005813,2025-01-17,John Stewart,outlook.com
ACC005814,2026-06-18,Tiffany Barton,icloud.com
ACC005815,2025-01-14,Erica Smith,icloud.com
ACC005816,2026-07-24,Colleen Cruz,icloud.com
ACC005817,2026-02-01,Anthony Mueller,yahoo.com
ACC005818,2025-11-05,Crystal Clayton,yahoo.com
ACC005819,2025-11-15,Jacob Brown,yahoo.com
ACC005820,2025-05-09,Rachel Williams,icloud.com
ACC005821,2026-06-12,Keith Lloyd,icloud.com
ACC005822,2024-11-12,Mary Richardson,outlook.com
ACC005823,2025-07-20,Nathan Jones,icloud.com
ACC005824,2026-02-18,Tamara Peterson,yahoo.com
ACC005825,2026-05-06,Alan Mahoney,gmail.com
ACC005826,2024-10-06,Nathan Vargas,outlook.com
ACC005827,2025-06-16,Frank Payne,yahoo.com
ACC005828,2025-11-21,Cody Woods,outlook.com
ACC005829,2025-01-13,Chad King,yahoo.com
ACC005830,2024-12-13,Christopher Smith,yahoo.com
ACC005831,2026-03-16,Marissa Davis,gmail.com
ACC005832,2026-05-24,Ann Parker,outlook.com
ACC005833,2025-05-16,Laura Walton,gmail.com
ACC005834,2025-03-06,Travis Powell,icloud.com
ACC005835,2025-01-19,Maria Sullivan,yahoo.com
ACC005836,2025-07-05,Kelly Lewis,yahoo.com
ACC005837,2025-10-13,John Webb,icloud.com
ACC005838,2026-02-08,Lance Townsend,yahoo.com
ACC005839,2025-12-06,Matthew Leonard,icloud.com
ACC005840,2026-07-06,Tyler Dominguez,outlook.com
ACC005841,2026-02-17,Kimberly Alvarez,gmail.com
ACC005842,2025-03-24,Heather Pittman,outlook.com
ACC005843,2025-07-11,Teresa Cohen,icloud.com
ACC005844,2024-09-26,Melissa Parker,outlook.com
ACC005845,2026-06-01,Brandon Carrillo,outlook.com
ACC005846,2026-07-27,Colin Mckay,yahoo.com
ACC005847,2025-02-05,Rachel Walsh,yahoo.com
ACC005848,2024-10-22,Caleb Williams,gmail.com
ACC005849,2024-11-25,Benjamin Wilkinson,icloud.com
ACC005850,2024-09-08,Katelyn Gray,gmail.com
ACC005851,2025-08-31,Kristine Bryant DVM,outlook.com
ACC005852,2025-06-12,Michael Smith,outlook.com
ACC005853,2025-07-28,Justin Foster,outlook.com
ACC005854,2025-08-27,Maurice Graham,gmail.com
ACC005855,2025-12-26,Kenneth Watkins,icloud.com
ACC005856,2024-09-08,Stacey Davis,gmail.com
ACC005857,2025-08-12,Janice Bailey,icloud.com
ACC005858,2026-08-01,Amanda Hodge,gmail.com
ACC005859,2025-10-30,Jason Gomez,icloud.com
ACC005860,2025-07-30,Julie Johnson,gmail.com
ACC005861,2025-05-21,Vanessa Cunningham,outlook.com
ACC005862,2026-02-07,Tonya Alexander,icloud.com
ACC005863,2025-01-26,Mark Santos,yahoo.com
ACC005864,2026-03-02,Michael Walker,icloud.com
ACC005865,2025-07-23,Michael Watkins,icloud.com
ACC005866,2025-12-08,Cassidy Bailey,gmail.com
ACC005867,2025-03-18,Christopher Gutierrez,gmail.com
ACC005868,2025-02-05,Elijah Archer,yahoo.com
ACC005869,2025-02-25,Lisa Hendricks,gmail.com
ACC005870,2026-03-08,Kristin Hudson,yahoo.com
ACC005871,2024-11-10,James Livingston,yahoo.com
ACC005872,2026-04-21,Jeffrey Evans,icloud.com
ACC005873,2026-05-04,Dennis Santana,icloud.com
ACC005874,2025-06-07,Nichole Parker,outlook.com
ACC005875,2024-12-22,Benjamin Mosley,yahoo.com
ACC005876,2026-05-18,Jennifer Reilly,outlook.com
ACC005877,2025-07-23,Nicole Sanchez,gmail.com
ACC005878,2025-08-29,Shannon Hill,icloud.com
ACC005879,2026-02-04,Darrell Ibarra,gmail.com
ACC005880,2026-06-18,Deborah Fox,yahoo.com
ACC005881,2025-08-11,Mary Hoffman,gmail.com
ACC005882,2024-09-02,Anthony Murphy,yahoo.com
ACC005883,2025-01-29,Larry Woods,gmail.com
ACC005884,2025-08-29,Virginia Caldwell,yahoo.com
ACC005885,2026-05-19,Patricia Boyd,gmail.com
ACC005886,2025-07-17,Debra Wright,yahoo.com
ACC005887,2024-12-08,Adam Shannon,icloud.com
ACC005888,2025-06-20,Betty Vazquez,icloud.com
ACC005889,2026-05-18,John Williams,outlook.com
ACC005890,2024-11-08,Steven Stone,icloud.com
ACC005891,2025-03-26,Mark Mueller,gmail.com
ACC005892,2026-06-19,John Richards,icloud.com
ACC005893,2026-04-08,Beth Sanchez,icloud.com
ACC005894,2026-06-25,Donald Reynolds,yahoo.com
ACC005895,2024-10-02,Timothy Hernandez,outlook.com
ACC005896,2025-02-17,Lacey Morrow,icloud.com
ACC005897,2025-06-27,Omar Kelly,yahoo.com
ACC005898,2025-03-17,Brian Gross,gmail.com
ACC005899,2025-03-06,Scott Lin,yahoo.com
ACC005900,2024-12-04,Linda Lee,gmail.com
ACC005901,2025-06-29,Lori Franco,yahoo.com
ACC005902,2025-08-15,Kristi Jordan,outlook.com
ACC005903,2025-11-05,Tammy Lynch,yahoo.com
ACC005904,2025-12-16,Debbie Ward,yahoo.com
ACC005905,2024-12-31,David Murphy,icloud.com
ACC005906,2025-02-23,Bradley Walker,yahoo.com
ACC005907,2024-10-07,Jacqueline Dyer,icloud.com
ACC005908,2026-03-10,Clifford Poole,icloud.com
ACC005909,2025-12-22,Michael Taylor,icloud.com
ACC005910,2024-11-12,Chloe Ellis,icloud.com
ACC005911,2025-07-19,Jason Douglas,outlook.com
ACC005912,2026-03-12,David Hayes,gmail.com
ACC005913,2025-12-18,Kathy Steele,gmail.com
ACC005914,2025-07-26,Jennifer Underwood,icloud.com
ACC005915,2025-09-14,Amanda Moody,icloud.com
ACC005916,2026-03-18,Marilyn Page DVM,yahoo.com
ACC005917,2025-10-26,Diana Mullins,yahoo.com
ACC005918,2024-09-18,Brittany Ballard,icloud.com
ACC005919,2025-02-02,Matthew Freeman,yahoo.com
ACC005920,2025-03-04,Amy Baker,gmail.com
ACC005921,2024-11-30,Elizabeth Skinner MD,gmail.com
ACC005922,2026-07-04,Riley Davenport,gmail.com
ACC005923,2026-06-27,Carla Briggs,icloud.com
ACC005924,2025-10-03,Diana Myers,gmail.com
ACC005925,2025-12-10,Paul Blair,yahoo.com
ACC005926,2025-01-29,Olivia Gonzalez,yahoo.com
ACC005927,2025-04-18,Xavier Hanson,outlook.com
ACC005928,2026-05-16,Chad Taylor,icloud.com
ACC005929,2025-07-21,William Lewis,gmail.com
ACC005930,2025-08-02,Crystal Robinson,icloud.com
ACC005931,2025-03-15,John Jones,outlook.com
ACC005932,2024-09-14,Meagan Patterson,icloud.com
ACC005933,2024-12-13,Timothy Smith,yahoo.com
ACC005934,2025-07-28,Brenda Mendoza,outlook.com
ACC005935,2026-07-30,Nicole Edwards,outlook.com
ACC005936,2025-09-02,Amy Ramirez,yahoo.com
ACC005937,2026-05-26,Anthony David,yahoo.com
ACC005938,2025-05-28,David Perkins,gmail.com
ACC005939,2026-02-04,Rose Jackson,yahoo.com
ACC005940,2025-07-16,Devin Hardin,gmail.com
ACC005941,2024-10-23,Amber Fernandez,gmail.com
ACC005942,2026-06-26,Travis Marsh,outlook.com
ACC005943,2025-10-16,Rebecca Lowery,icloud.com
ACC005944,2026-06-05,Jesse Martin,icloud.com
ACC005945,2026-04-20,Robert Carter,icloud.com
ACC005946,2026-03-05,Amy Olsen,gmail.com
ACC005947,2026-06-17,Sydney Green,outlook.com
ACC005948,2025-11-11,Julia Parsons,outlook.com
ACC005949,2025-12-29,Thomas May,outlook.com
ACC005950,2025-11-08,Erica Green,icloud.com
ACC005951,2024-11-07,Richard Burke,icloud.com
ACC005952,2026-05-21,Tammy Williams,outlook.com
ACC005953,2026-01-24,Joshua Herrera,yahoo.com
ACC005954,2026-04-20,Brittany Byrd,icloud.com
ACC005955,2026-08-25,Gina Brennan,yahoo.com
ACC005956,2025-04-28,Christopher George,gmail.com
ACC005957,2026-08-29,Lauren Watts,gmail.com
ACC005958,2025-08-06,Peter Campbell,outlook.com
ACC005959,2025-04-21,Jonathon Stevenson,yahoo.com
ACC005960,2024-12-02,Karla Burton,icloud.com
ACC005961,2026-03-18,Randy Jones,outlook.com
ACC005962,2026-04-21,Carlos Miller,icloud.com
ACC005963,2025-12-22,Joseph Church,yahoo.com
ACC005964,2025-09-29,Michael Haas,icloud.com
ACC005965,2025-02-28,Renee Newton,gmail.com
ACC005966,2026-03-12,Thomas Daugherty,outlook.com
ACC005967,2025-06-02,Scott Roy,gmail.com
ACC005968,2025-11-27,Mr. Robert Cantu,gmail.com
ACC005969,2025-02-13,Heather Matthews,yahoo.com
ACC005970,2025-10-20,Darlene Kelly,gmail.com
ACC005971,2025-04-22,Nancy Merritt,outlook.com
ACC005972,2025-10-01,Brian Thompson,gmail.com
ACC005973,2026-08-12,Theresa Goodman,icloud.com
ACC005974,2024-09-27,Justin White,yahoo.com
ACC005975,2025-06-23,Scott Hernandez,yahoo.com
ACC005976,2025-02-03,Christopher Shelton,icloud.com
ACC005977,2026-04-12,Debbie Koch,icloud.com
ACC005978,2026-03-26,Tyler Stout,yahoo.com
ACC005979,2025-12-08,April Ryan,icloud.com
ACC005980,2025-10-31,William Phillips,icloud.com
ACC005981,2024-09-02,Taylor Smith,yahoo.com
ACC005982,2025-05-05,Kelly Romero,outlook.com
ACC005983,2025-01-16,Erin Nelson,yahoo.com
ACC005984,2025-06-03,Christopher Dalton,gmail.com
ACC005985,2025-11-23,Jamie Romero,icloud.com
ACC005986,2026-01-13,Logan Golden,outlook.com
ACC005987,2025-12-30,Michael Crawford,icloud.com
ACC005988,2025-02-01,Stephanie Sanders,outlook.com
ACC005989,2025-01-02,Christine Meza,outlook.com
ACC005990,2026-05-25,Emily Hall,yahoo.com
ACC005991,2025-08-25,Thomas Wells,gmail.com
ACC005992,2025-10-10,Caitlin Howard,outlook.com
ACC005993,2025-01-22,Jason Blackwell,icloud.com
ACC005994,2026-03-17,Bradley Pacheco,icloud.com
ACC005995,2025-01-10,Matthew Armstrong,icloud.com
ACC005996,2026-04-05,Brittany Mitchell,outlook.com
ACC005997,2025-08-31,Thomas Friedman,yahoo.com
ACC005998,2026-08-03,Colleen Hernandez,icloud.com
ACC005999,2024-12-04,Peter Haynes,outlook.com
ACC006000,2025-04-10,Jeffrey Ford,outlook.com
ACC006001,2024-10-23,Brittany Ortiz,yahoo.com
ACC006002,2024-10-27,Miranda Beck,gmail.com
ACC006003,2024-10-27,Amanda Bennett,gmail.com
ACC006004,2024-10-20,David Robertson,outlook.com
ACC006005,2024-10-24,Kristen Davis,outlook.com
ACC006006,2024-10-29,Brian Pena,yahoo.com
ACC006007,2024-10-25,Amanda Nelson,yahoo.com
ACC006008,2025-08-22,Sarah Bush,yahoo.com
ACC006009,2025-08-24,Robert Miller,icloud.com
ACC006010,2025-08-22,Anna Poole,icloud.com
ACC006011,2025-08-21,Jacqueline Phillips,yahoo.com
ACC006012,2025-08-20,Sophia Dawson,icloud.com
ACC006013,2025-08-25,Sheila Stephens,outlook.com
ACC006014,2025-08-20,Wendy Evans,gmail.com
ACC006015,2025-08-20,Phillip Rodriguez,outlook.com
ACC006016,2025-08-24,Justin Brown,outlook.com
ACC006017,2025-08-22,Eric Anderson,yahoo.com
ACC006018,2025-08-24,April Norton,gmail.com
ACC006019,2025-08-22,Timothy Sexton,icloud.com
ACC006020,2025-08-23,Mr. John Decker MD,gmail.com
ACC006021,2025-08-25,Tina Little,gmail.com
ACC006022,2025-08-24,Seth Curry,icloud.com
ACC006023,2025-08-23,Barbara Graham,gmail.com
ACC006024,2025-08-23,Edward White,yahoo.com
ACC006025,2025-08-23,Michelle Graham,yahoo.com
ACC006026,2025-08-25,Benjamin White,gmail.com
ACC006027,2025-08-21,Austin Mitchell,outlook.com
ACC006028,2025-08-24,Kim Flynn,yahoo.com
ACC006029,2025-08-23,Nicholas Pace,icloud.com
ACC006030,2025-08-22,Laura Atkins,outlook.com
ACC006031,2025-08-23,Ann Huffman,icloud.com
ACC006032,2025-08-24,Roger Sullivan,icloud.com
ACC006033,2025-08-20,Vanessa Ramirez,gmail.com
ACC006034,2025-08-22,Anne Martin,outlook.com
ACC006035,2025-08-21,Ashley Dunn,gmail.com
ACC006036,2025-08-24,Shaun Henderson,yahoo.com
ACC006037,2025-08-24,Michael Jackson,outlook.com
ACC006038,2025-08-23,Aaron Mayer,icloud.com
ACC006039,2025-08-20,Kimberly Lee,icloud.com
ACC006040,2025-08-24,Shane Smith,yahoo.com
ACC006041,2025-08-24,Erin White,icloud.com
ACC006042,2025-08-21,Joseph Young,outlook.com
ACC006043,2025-08-22,Taylor Tran,outlook.com
ACC006044,2025-08-22,Jason Patrick,outlook.com
ACC006045,2025-08-24,Richard Saunders,icloud.com
ACC006046,2025-10-07,Jerry Ferguson,yahoo.com
ACC006047,2025-10-17,Rodney Avila,gmail.com
ACC006048,2025-10-11,Shannon Thompson,yahoo.com
ACC006049,2025-10-16,Stacy Macias,yahoo.com
ACC006050,2025-10-08,Stephanie Nunez,icloud.com
ACC006051,2025-10-12,Christina Olsen,outlook.com
ACC006052,2025-10-18,Paul Wagner,yahoo.com
ACC006053,2025-10-09,Sophia Richmond,yahoo.com
ACC006054,2025-10-17,Nicole Tate,icloud.com
ACC006055,2025-10-10,Jesse Wright,gmail.com
ACC006056,2025-10-07,Traci Rodriguez,outlook.com
ACC006057,2025-10-09,Cheryl Beck,outlook.com
ACC006058,2025-10-11,Christina Perez,gmail.com
ACC006059,2025-11-21,Annette Fernandez,gmail.com
ACC006060,2025-11-19,Tricia Bailey,outlook.com
ACC006061,2025-11-20,Omar Chandler,icloud.com
ACC006062,2025-11-19,John Erickson,icloud.com
ACC006063,2025-11-18,Teresa Smith,yahoo.com
ACC006064,2025-11-21,Karen Cruz,yahoo.com
ACC006065,2025-11-21,Jenny Soto,gmail.com
ACC006066,2025-11-16,Kevin Smith,outlook.com
ACC006067,2025-11-22,Kimberly Garcia,gmail.com
ACC006068,2025-11-19,Deborah Townsend,gmail.com
ACC006069,2025-11-21,Julie Wallace,icloud.com
ACC006070,2025-11-19,Joe Gordon,gmail.com
ACC006071,2025-11-17,Wayne Barnes,outlook.com
ACC006072,2025-11-17,Maria Weaver,outlook.com
ACC006073,2025-11-22,Matthew Thompson,yahoo.com
ACC006074,2025-11-17,Wanda Short,outlook.com
ACC006075,2025-11-22,James Richardson,gmail.com
ACC006076,2025-11-21,Jennifer Cruz,gmail.com
ACC006077,2025-11-16,Sergio Andrews,yahoo.com
ACC006078,2025-11-22,Franklin Harris,gmail.com
ACC006079,2025-11-18,Leslie Vance,icloud.com
ACC006080,2025-11-22,Gabriel Guzman,icloud.com
ACC006081,2025-11-22,Lori Smith,icloud.com
ACC006082,2025-11-16,Edward Taylor,outlook.com
ACC006083,2025-11-18,Alison Adams,icloud.com
ACC006084,2025-11-18,Phillip Jenkins,icloud.com
ACC006085,2025-12-09,Yolanda Brown,icloud.com
ACC006086,2025-12-14,Malik Washington,gmail.com
ACC006087,2025-12-07,Kristen Larson,icloud.com
ACC006088,2025-12-05,Michael Scott,yahoo.com
ACC006089,2025-12-08,Luke Duncan,gmail.com
ACC006090,2025-12-06,Bernard Hicks,gmail.com
ACC006091,2025-12-15,Rebecca Boone,outlook.com
ACC006092,2025-12-10,Joel Roberts,yahoo.com
ACC006093,2025-12-05,Tony Cooper,gmail.com
ACC006094,2025-12-14,Kevin Stokes,outlook.com
ACC006095,2025-12-13,James Frank,gmail.com
ACC006096,2025-12-11,Deborah Stewart,gmail.com
ACC006097,2025-12-05,Carol Bowman,gmail.com
ACC006098,2025-12-10,Sheri Murphy,outlook.com
ACC006099,2025-12-13,Russell Downs,gmail.com
ACC006100,2025-12-06,Charles Ellis,icloud.com
ACC006101,2025-12-07,Dylan Guzman,gmail.com
ACC006102,2025-12-17,Ryan White,outlook.com
ACC006103,2025-12-09,Dawn Meyer,yahoo.com
ACC006104,2025-12-15,April Wiley,icloud.com
ACC006105,2025-12-14,Cheryl Wade,gmail.com
ACC006106,2025-12-16,John Estrada,yahoo.com
ACC006107,2026-06-15,Cynthia Larson,yahoo.com
ACC006108,2026-06-19,Roy Paul,icloud.com
ACC006109,2026-06-10,Gregory Joyce,outlook.com
ACC006110,2026-06-20,Chase Choi,icloud.com
ACC006111,2026-06-21,Suzanne Williams,outlook.com
ACC006112,2026-06-11,Michael Cortez,yahoo.com
ACC006113,2026-06-18,Jennifer Vargas,gmail.com
ACC006114,2026-06-10,Linda Newman,gmail.com
ACC006115,2025-09-28,Walter Howard,gmail.com
ACC006116,2025-09-27,Justin Saunders,yahoo.com
ACC006117,2025-09-12,Jeffrey Weaver,outlook.com
ACC006118,2025-09-16,Wanda Reynolds,icloud.com
ACC006119,2025-09-11,Kathryn Castillo,outlook.com
ACC006120,2025-09-23,Alicia Wilson,gmail.com
ACC006121,2025-09-29,Jason Day,yahoo.com
ACC006122,2025-09-10,Brian Christensen,gmail.com
ACC006123,2025-09-18,Stephen Martinez,gmail.com
ACC006124,2025-09-09,Thomas Turner,gmail.com
ACC006125,2025-09-19,Bonnie Larson,gmail.com
ACC006126,2025-09-14,John Ortega,gmail.com
ACC006127,2025-09-07,Kristin Hickman,yahoo.com
ACC006128,2025-09-18,Jacqueline Turner,gmail.com
ACC006129,2025-09-21,Charles Strickland,yahoo.com
ACC006130,2025-09-07,Thomas Carr,outlook.com
ACC006131,2025-09-21,John Stewart,icloud.com
ACC006132,2025-09-17,Christopher Mcmillan,outlook.com
ACC006133,2025-09-10,Lee Rivera,gmail.com
ACC006134,2025-09-19,Mark Keller,yahoo.com
ACC006135,2025-09-09,Allen Porter,icloud.com
ACC006136,2025-09-06,Mr. Joshua Cohen,yahoo.com
ACC006137,2025-09-13,Kyle Burke,icloud.com
ACC006138,2025-09-19,Brent Holloway,icloud.com
ACC006139,2025-09-10,Danny Smith,yahoo.com
ACC006140,2025-09-11,Tracy Roberts,outlook.com
ACC006141,2025-09-18,Colleen Martin,icloud.com
ACC006142,2025-09-20,Stephanie Brown,outlook.com
ACC006143,2025-09-11,Jennifer Barrett,yahoo.com
ACC006144,2025-09-14,Tara Jones,outlook.com
ACC006145,2025-09-19,Kaitlyn Leblanc,icloud.com
ACC006146,2025-09-08,Madeline Ford,outlook.com
ACC006147,2025-09-14,Raymond Herrera,gmail.com
ACC006148,2025-09-21,Danielle Reed,icloud.com
ACC006149,2025-09-07,Michael Spencer,icloud.com
ACC006150,2025-09-07,Kevin Torres,yahoo.com
ACC006151,2025-09-06,Hannah Marquez,outlook.com
ACC006152,2025-09-09,Jared Madden,icloud.com
ACC006153,2025-09-06,Jacob Miller,yahoo.com
ACC006154,2025-09-08,George Williams,gmail.com
ACC006155,2025-09-20,Amber Parker,yahoo.com
ACC006156,2025-09-17,Jerome Parker,icloud.com
ACC006157,2025-09-10,Phillip Fowler,outlook.com
ACC006158,2025-09-08,Charles Gonzales,gmail.com
ACC006159,2025-09-06,Natalie Oconnor,yahoo.com
ACC006160,2025-09-18,Richard Murray,icloud.com
ACC006161,2025-03-30,Eric Shaffer,gmail.com
ACC006162,2025-04-10,Christina Roberts,yahoo.com
ACC006163,2025-04-07,Christina Cook,icloud.com
ACC006164,2025-03-30,Joseph Walker Jr.,icloud.com
ACC006165,2025-04-02,Bradley Cobb,icloud.com
ACC006166,2025-04-01,Cynthia Newman,yahoo.com
ACC006167,2025-04-08,Veronica Simmons,icloud.com
ACC006168,2025-04-03,John Nichols,gmail.com
ACC006169,2025-04-08,Thomas Jones,icloud.com
ACC006170,2025-04-01,Karen Alvarez,outlook.com
ACC006171,2025-03-30,Ronald Graham,outlook.com
ACC006172,2025-04-08,Arthur White,outlook.com
ACC006173,2025-04-01,Eric Murphy,yahoo.com
ACC006174,2025-03-30,Tammy Daniel,icloud.com
ACC006175,2025-03-30,Dr. Jose Garcia,yahoo.com
ACC006176,2025-04-09,Ashley Coleman,outlook.com
ACC006177,2025-04-02,Eduardo Booth,icloud.com
ACC006178,2025-04-05,Nicholas Ramos MD,yahoo.com
ACC006179,2025-04-10,Robert Chapman,icloud.com
ACC006180,2025-04-08,Eric Clark,icloud.com
ACC006181,2025-04-02,Kevin Johnston,yahoo.com
ACC006182,2025-04-03,Lori Jordan,gmail.com
ACC006183,2025-04-03,Gloria Lynch,icloud.com
ACC006184,2025-04-03,Rachel Norris,outlook.com
ACC006185,2025-04-06,Joseph Spencer,icloud.com
ACC006186,2025-04-10,Kenneth Schmidt,yahoo.com
ACC006187,2025-03-31,Timothy Fletcher,outlook.com
ACC006188,2025-04-08,Michael Fernandez,icloud.com
ACC006189,2025-02-22,Joseph Conway,yahoo.com
ACC006190,2025-02-16,Edward Hill,yahoo.com
ACC006191,2025-02-14,Paula Evans,outlook.com
ACC006192,2025-02-15,Stephanie Santiago,icloud.com
ACC006193,2025-02-22,Lauren Kim,yahoo.com
ACC006194,2025-02-12,Sherri Colon,gmail.com
ACC006195,2025-02-19,Erin Mckinney,icloud.com
ACC006196,2025-02-19,Joseph Dougherty,yahoo.com
ACC006197,2025-02-18,Sarah Williams,outlook.com
ACC006198,2025-02-16,Jeremy Silva,gmail.com
ACC006199,2025-02-17,Lisa Prince,gmail.com
ACC006200,2025-02-20,Sara Wilkins,yahoo.com
ACC006201,2025-02-23,Joshua Fowler,outlook.com
ACC006202,2025-02-16,Jodi Miller,outlook.com
ACC006203,2025-02-20,Garrett Carpenter,gmail.com
ACC006204,2025-02-23,Vincent Schaefer,yahoo.com
ACC006205,2025-02-17,Rachel Norton,yahoo.com
ACC006206,2025-02-12,Jon Russo,gmail.com
ACC006207,2025-02-16,Jeanne Mills,icloud.com
ACC006208,2025-02-21,Nicholas Little,yahoo.com
ACC006209,2025-02-14,Jonathan Walton,icloud.com
ACC006210,2025-02-14,Ashley Miller,outlook.com
ACC006211,2025-02-13,William Vasquez,yahoo.com
ACC006212,2025-02-17,Denise Hendricks,gmail.com
ACC006213,2025-02-20,Stacy Johnson,icloud.com
ACC006214,2025-02-22,Mary Delacruz,icloud.com
ACC006215,2025-02-08,Laura Singleton,icloud.com
ACC006216,2025-02-15,Jill Ray,icloud.com
ACC006217,2025-02-15,Charles Hensley,gmail.com
ACC006218,2025-02-06,Lauren Walker,outlook.com
ACC006219,2025-02-18,Ann Calderon,outlook.com
ACC006220,2025-02-11,Jonathan Potter,icloud.com
ACC006221,2025-02-17,Julie Curry,outlook.com
ACC006222,2025-02-08,Maureen Lee,gmail.com
ACC006223,2025-02-05,Alicia Garner,yahoo.com
ACC006224,2025-02-16,David Silva,outlook.com
ACC006225,2025-02-15,Tyler Patel,icloud.com
ACC006226,2025-02-13,Victoria Parker,yahoo.com
ACC006227,2025-01-30,Emily Martinez,icloud.com
ACC006228,2025-02-18,Amanda Brown,gmail.com
ACC006229,2025-01-29,Samantha Salinas,icloud.com
ACC006230,2025-02-09,Michelle Williams,gmail.com
ACC006231,2025-02-17,Shawn Evans,gmail.com
ACC006232,2025-02-15,Christine Jones,yahoo.com
ACC006233,2025-02-13,Michael Buchanan,outlook.com
ACC006234,2025-02-10,James Morales DVM,outlook.com
ACC006235,2025-01-29,Michael Hicks,yahoo.com
ACC006236,2025-02-18,Laura Clark,icloud.com
ACC006237,2025-02-04,Luke Bush,outlook.com
ACC006238,2025-02-11,Kimberly Cantrell,yahoo.com
ACC006239,2025-02-01,Sarah Jordan,yahoo.com
ACC006240,2025-01-30,Tyler Cole,outlook.com
ACC006241,2025-02-15,Matthew Valencia,yahoo.com
ACC006242,2025-02-11,Cynthia Freeman,gmail.com
ACC006243,2025-01-31,Gregory Wiley,icloud.com
ACC006244,2025-02-06,Dylan Long,outlook.com
ACC006245,2025-01-31,Amanda Anderson,yahoo.com
ACC006246,2025-02-16,Cynthia Tucker,gmail.com
ACC006247,2025-02-10,Scott Stephens,outlook.com
ACC006248,2025-02-01,Ralph Gray,yahoo.com
ACC006249,2025-02-04,Thomas Phillips,gmail.com
ACC006250,2025-02-14,Jamie Scott,outlook.com
ACC006251,2025-02-08,Michael Gutierrez,outlook.com
ACC006252,2025-02-10,Brian Kidd,yahoo.com
ACC006253,2025-04-30,Travis Walters,icloud.com
ACC006254,2025-05-04,Joseph Meyers,icloud.com
ACC006255,2025-05-18,Jennifer Baker,yahoo.com
ACC006256,2025-05-09,Tracey Johnson,gmail.com
ACC006257,2025-04-27,Kimberly Taylor,icloud.com
ACC006258,2025-05-08,Alejandra Thomas,gmail.com
ACC006259,2025-05-16,Jay Peck,icloud.com
ACC006260,2025-05-17,Ashley Schultz,gmail.com
ACC006261,2025-05-14,Jody Rice,yahoo.com
ACC006262,2025-05-09,Leslie Bauer,icloud.com
ACC006263,2025-05-19,Laura Andrews,gmail.com
ACC006264,2025-05-14,Jon Green,gmail.com
ACC006265,2025-04-29,Sylvia Dalton,gmail.com
ACC006266,2025-04-28,Melissa Smith,yahoo.com
ACC006267,2025-05-13,Jonathan Gallagher,yahoo.com
ACC006268,2025-05-10,Louis Gibson,outlook.com
ACC006269,2025-05-05,Francisco Woodward,outlook.com
ACC006270,2025-05-21,Michael Guerra,yahoo.com
ACC006271,2025-04-30,Kimberly Orozco,yahoo.com
ACC006272,2025-05-14,John Chavez,gmail.com
ACC006273,2025-05-07,Alison Faulkner,outlook.com
ACC006274,2025-05-09,Toni Galloway,gmail.com
ACC006275,2025-05-04,Nina Combs,icloud.com
ACC006276,2025-05-01,Patricia Cannon,outlook.com
ACC006277,2025-05-18,Eric Clark,outlook.com
ACC006278,2025-04-26,Kelly Brown,icloud.com
ACC006279,2025-05-09,Joshua Ramos DDS,outlook.com
ACC006280,2025-04-28,Courtney Young,yahoo.com
ACC006281,2025-04-30,Philip Cole,icloud.com
ACC006282,2025-05-08,Anna Love,gmail.com
ACC006283,2025-04-26,Lisa Rodriguez,gmail.com
ACC006284,2025-04-28,Cheryl Petersen,icloud.com
ACC006285,2025-05-13,Tracy Lopez,gmail.com
ACC006286,2025-05-08,Casey Baker,outlook.com
ACC006287,2025-05-16,Andrew Green,gmail.com
ACC006288,2025-04-29,Carolyn Kane,yahoo.com
ACC006289,2025-10-14,Lisa Ramsey,gmail.com
ACC006290,2025-10-18,Joel Smith,icloud.com
ACC006291,2025-10-14,Andrea Brown,icloud.com
ACC006292,2025-10-15,Melissa Combs,gmail.com
ACC006293,2025-10-17,Karl Moore,outlook.com
ACC006294,2025-10-17,Richard Larsen,outlook.com
ACC006295,2025-10-19,Amy Webb,yahoo.com
ACC006296,2025-10-19,Annette Walters,gmail.com
ACC006297,2025-10-18,Paul Stephens,gmail.com
ACC006298,2025-10-17,Kevin Moss,outlook.com
ACC006299,2025-10-14,Patrick Bird,yahoo.com
ACC006300,2025-10-15,Laura Harris,yahoo.com
ACC006301,2025-10-14,Blake Crawford,gmail.com
ACC006302,2025-10-16,Charles Roberts,icloud.com
ACC006303,2025-10-19,Steve Brewer,yahoo.com
ACC006304,2025-10-19,Jason Rodriguez,outlook.com
ACC006305,2025-10-15,Amber Lee,icloud.com
ACC006306,2025-10-19,Jeffrey Watts,yahoo.com
ACC006307,2025-10-16,John Hernandez,gmail.com
ACC006308,2025-10-16,Michael Jackson,gmail.com
ACC006309,2025-11-22,Brittany Johnson,icloud.com
ACC006310,2025-11-20,Peggy Young,gmail.com
ACC006311,2025-11-22,Jennifer Taylor,outlook.com
ACC006312,2025-11-17,Christina Mullen,icloud.com
ACC006313,2025-11-09,Alexandra Marshall,gmail.com
ACC006314,2025-11-20,Amanda Davis,yahoo.com
ACC006315,2025-11-16,Gavin Yates,outlook.com
ACC006316,2025-11-25,Allison Murray,icloud.com
ACC006317,2025-11-15,Ann Goodwin,outlook.com
ACC006318,2025-11-11,Jerry Martin,gmail.com
ACC006319,2025-11-10,Joshua James,outlook.com
ACC006320,2025-11-15,Jordan Wilkerson,yahoo.com
ACC006321,2025-11-21,Kathleen Lopez,gmail.com
ACC006322,2025-11-22,Rodney Stewart,yahoo.com
ACC006323,2025-11-08,Patricia Paul,gmail.com
ACC006324,2025-11-16,Yvonne Rodriguez,yahoo.com
ACC006325,2025-11-12,Robert Brandt,gmail.com
ACC006326,2025-11-13,Aaron Scott,icloud.com
ACC006327,2025-11-17,Anthony Good,icloud.com
ACC006328,2025-11-25,Olivia Carter,outlook.com
ACC006329,2025-01-02,Stephanie White,outlook.com
ACC006330,2024-12-24,Matthew Smith,icloud.com
ACC006331,2025-01-02,Daniel Matthews,gmail.com
ACC006332,2024-12-21,Brenda Oconnor,icloud.com
ACC006333,2025-01-01,Monica Aguilar,icloud.com
ACC006334,2024-12-24,Rodney Salinas,outlook.com
ACC006335,2024-12-23,Christopher Jensen,outlook.com
ACC006336,2024-12-20,Clayton May,yahoo.com
ACC006337,2024-12-26,Brandon Leblanc,icloud.com
ACC006338,2024-12-18,Blake Owens,yahoo.com
ACC006339,2025-01-04,Michelle Johnson,gmail.com
ACC006340,2025-01-01,Brandi Gould,outlook.com
ACC006341,2024-12-27,Heather Fernandez,icloud.com
ACC006342,2024-12-29,Andrew Rodriguez,icloud.com
ACC006343,2024-12-30,Ashley Friedman,gmail.com
ACC006344,2024-12-16,Tammy Davis,outlook.com
ACC006345,2026-06-16,Kimberly Sullivan,yahoo.com
ACC006346,2026-06-23,Donna Obrien,yahoo.com
ACC006347,2026-06-23,Jennifer Mendoza,yahoo.com
ACC006348,2026-06-19,Shawn Hooper,yahoo.com
ACC006349,2026-06-23,Beth Ford,gmail.com
ACC006350,2026-06-21,Dr. Kathryn Adams DDS,yahoo.com
ACC006351,2026-06-19,Paul Gonzales,gmail.com
ACC006352,2026-06-22,Vanessa Davila,outlook.com
ACC006353,2026-06-18,Andrew Carter,outlook.com
ACC006354,2026-06-23,Bianca Kim,yahoo.com
ACC006355,2026-06-27,Jamie Mclaughlin,icloud.com
ACC006356,2026-06-17,Taylor Mack,icloud.com
ACC006357,2026-06-27,Christina Franklin,yahoo.com
ACC006358,2026-07-28,Bethany Gonzalez,yahoo.com
ACC006359,2026-07-21,David Fernandez,yahoo.com
ACC006360,2026-07-24,Debra Blackburn,icloud.com
ACC006361,2026-07-29,Christopher Walker,icloud.com
ACC006362,2026-07-20,Jennifer Hill,icloud.com
ACC006363,2026-07-29,Miguel Smith,yahoo.com
ACC006364,2026-07-25,Christopher Paul,yahoo.com
ACC006365,2026-07-24,Todd Hernandez Jr.,yahoo.com
ACC006366,2026-07-30,April Clark,outlook.com
ACC006367,2026-07-20,Antonio Smith,yahoo.com
ACC006368,2026-07-28,Danielle Carter,gmail.com
ACC006369,2026-07-23,Jennifer Allen,outlook.com
ACC006370,2026-07-30,Aaron Black,icloud.com
ACC006371,2026-07-26,Paula Kidd,outlook.com
ACC006372,2025-08-16,Bryan Yates,outlook.com
ACC006373,2025-08-20,Troy Jefferson,gmail.com
ACC006374,2025-08-21,Paul Burton,gmail.com
ACC006375,2025-08-18,Brenda Simpson,icloud.com
ACC006376,2025-08-06,Natalie Perkins,outlook.com
ACC006377,2025-08-21,Patricia Acosta,yahoo.com
ACC006378,2025-08-08,Lisa Price,yahoo.com
ACC006379,2025-08-20,Morgan Evans,icloud.com
ACC006380,2025-08-11,Tiffany Bender DVM,yahoo.com
ACC006381,2025-08-11,Karen Scott,icloud.com
ACC006382,2025-08-06,Anthony Morse,outlook.com
ACC006383,2025-08-07,Valerie Robertson,yahoo.com
ACC006384,2025-08-13,Danielle Wilson,icloud.com
ACC006385,2025-08-13,Ruben Benton,yahoo.com
ACC006386,2025-08-08,Brendan Khan,gmail.com
ACC006387,2025-04-03,Matthew Peters,icloud.com
ACC006388,2025-04-05,David Mason,icloud.com
ACC006389,2025-04-01,Tonya Parker,icloud.com
ACC006390,2025-04-02,Chelsea Green,icloud.com
ACC006391,2025-04-01,Alexandria Cox,outlook.com
ACC006392,2025-04-01,David Gutierrez,yahoo.com
ACC006393,2025-03-24,Frank Harding,icloud.com
ACC006394,2025-03-24,Danielle Perkins,yahoo.com
ACC006395,2025-03-26,Sharon Reynolds,outlook.com
ACC006396,2025-03-27,Anthony Brown,gmail.com
ACC006397,2025-03-27,Stanley Le,gmail.com
ACC006398,2025-03-31,Michelle Ryan,outlook.com
ACC006399,2025-03-23,Jonathon Knapp,yahoo.com
ACC006400,2025-04-05,Kayla Carlson,yahoo.com
ACC006401,2025-03-31,Tracy Hernandez,gmail.com
ACC006402,2025-03-29,Brenda Schmidt,yahoo.com
ACC006403,2025-03-31,Andrea Baker,gmail.com
ACC006404,2025-03-31,Chad Perez,gmail.com
ACC006405,2026-07-13,Mandy Lee,icloud.com
ACC006406,2026-07-08,Trevor Walker,outlook.com
ACC006407,2026-07-10,Alicia Phillips MD,yahoo.com
ACC006408,2026-07-09,Raymond Clements,gmail.com
ACC006409,2026-07-11,Evelyn Dunn,outlook.com
ACC006410,2026-07-17,Teresa Fuller,icloud.com
ACC006411,2026-07-14,Vanessa Reed,gmail.com
ACC006412,2026-07-09,Max Mcclain,gmail.com
ACC006413,2026-07-17,Andres Marshall,gmail.com
ACC006414,2026-07-09,Anthony Simmons,outlook.com
