account_id,payment_id,first_seen_date
ACCa043bae160,PAY14ae531acf,2025-04-12
ACCa043bae160,PAYd67d25aba1,2025-04-12
ACCe9b37ea22b,PAY20bbfc81ad,2026-03-06
ACCe9b37ea22b,PAY352fee9715,2026-03-06
ACC310890b010,PA27d1cd1a80,2025-08-05
ACC310890b010,PAY67de206ec4,2025-08-05
ACC8e3b36a45c,PAY3a47ed1640,2024-11-14
ACC8e3b36a45c,PAYa4b8601ee8,2024-11-14
ACCdfbe32c262,PAY2f416b5986,2025-08-07
ACCdfbe32c262,PAY4b0e8bba51,2025-08-07
ACCa8cfba4a91,PAY8e127885c7,2025-04-29
ACC8636e9bdc6,PAYa270635c6c,2024-09-07
ACC104af6b1ba,PAY7d953e47c9,2024-12-14
ACC104af6b1ba,PAY57575449e8,2024-12-14
ACC49786b5b44,PAY10475f4d11,2025-01-02
ACC49786b5b44,PAY9a2cf13869,2025-01-02
ACCcaae68aed1,PAYc2874f6df7,2025-02-17
ACC7b1f932881,PAY8588753b93,2024-12-26
ACC7b1f932881,PAY0bbc6adf70,2024-12-26
ACC01aefb61ad,PAY1ff4fb74fd,2025-11-29
ACCdaea479b14,PAY5b46a5a9f,2025-10-31
ACCdaea479b14,PAY1de462f471,2025-10-31
ACCf4b3735f5e,PAYf8c1d25c0,2026-06-23
ACC299b69486c,PAY5acdbf9593,2024-12-27
ACC299b69486c,PAY31d5c9cdfd,2024-12-27
ACC1bf1867245,PAYc41762838a,2026-04-05
ACCb561661db3,PAYda21744084,2025-02-20
ACCb561661db3,PAY0d1dd9878c,2025-02-20
ACCa11a4baed5,PAYae9922bp9eb,2026-04-20
ACC5eb811278d,PAY14406c719,2024-12-03
ACC5eb811278d,PAY26936a1f18,2024-12-03
ACCb508d2c7ba,PAY52gb5c4166f,2025-01-17
ACCb508d2c7ba,PAY1a496b50d5,2025-01-17
ACC12554f028e,PAYc8132c085c,2024-12-30
ACC82d89c28dd,PAY0a9ac6a7a4,2026-02-13
ACCfd6fedeb32,PAY54678xd9921,2026-02-10
ACCfb45d8b4d5,PAY663897dbb8,2026-07-22
ACCfb45d8b4d5,PAYf76f788ada,2026-07-22
ACC4738eb2993,PAYe2e2ef67ef,2026-07-18
ACC312742bc9c,PAYbaf53f77f5,2025-02-27
ACC312742bc9c,APYeccdca9c88,2025-02-27
ACC8707cb6db9,PAY1f62fdcf7b,2024-10-17
ACC8707cb6db9,PAY63723ec0a9,2024-10-17
ACCc2f3e99cd3,PAYf82c33aed1b,2025-01-25
ACCc2f3e99cd3,PAYd3cb87d5f0,2025-01-25
ACC45e7cbc535,PAYe8a00dfac6,2024-10-17
ACC60b848b6f2,PAY9d180c3de70,2024-12-08
ACC60b848b6f2,PAY2d032dde49,2024-12-08
ACC96c43146c2,PAY2442244c5f,2025-10-04
ACC96c43146c2,PAY797206d6d7,2025-10-04
ACC54c5e3f2c0,PAY6a5a0fa6cf6,2025-12-17
ACC473777b54c,PAY9c8531A7f5,2024-12-27
ACCb86262abaf,PAYc9c78948f8,2026-03-23
ACC05485b44df,PAYf50cbb7a51,2026-07-28
ACC05485b44df,PAY3634d59975,2026-07-28
ACCe4de151aa0,PA1Y99253be97,2026-06-03
ACCbda488b40e,PAY6a68211ef2,2025-05-04
ACCbda488b40e,PAYbbd016794b,2025-05-04
ACCb1e5684fa7,PAY4158e2cff1,2026-02-06
ACCb1e5684fa7,PAY4d58039497,2026-02-06
ACC2403d6e7b9,PAY7d1c4b93d2,2026-01-31
ACC2403d6e7b9,PAYf604d2fd88,2026-01-31
ACC1f3ac1dc1f,4PAYfc587e8625,2024-10-22
ACC2fdcf82009,PAYa2fbec3924,2024-09-21
ACC2fdcf82009,PAY2bff6ff09e,2024-09-21
ACCb503b5cb07,PAYb6a9605f68,2025-11-04
ACCb503b5cb07,PAY8a41687001,2025-11-04
ACC6c3068fae9,PAYee166547dc,2025-04-30
ACC6c3068fae9,PAY866q29cfe91,2025-04-30
ACC34bc5b917e,PAYf785d4d100,2025-10-22
ACC904c4fa665,PAYaabaf4660b,2025-05-17
ACC904c4fa665,PAY3b38cea8dd,2025-05-17
ACC59710a9973,PAYa6f603550d,2025-01-01
ACC59710a9973,PAYb3e418410f,2025-01-01
ACCaa0b66872b,PAY301197fc1b,2026-06-08
ACCaa0b66872b,PAYa7f40ddd5a,2026-06-08
ACC6f46dcac1b,APYfa58b1a35a,2024-10-31
ACC7c7d717a16,PAYb022bb193E,2026-03-25
ACC7c7d717a16,PAY35c0aa1e79,2026-03-25
ACC29e8d85b83,PAY3c244db4c0,2025-04-03
ACC6caf0b3dd7,PAY795c532186,2025-04-19
ACC6caf0b3dd7,PAY133553c8fd,2025-04-19
ACC08c8874a51,PAYe6765610b1,2024-12-08
ACC7826c8f2ae,PAYdef7841b7,2026-06-26
ACC033b6d2be7,PAY53cb47868a,2025-09-03
ACC343a8c6ee0,PAY21a325b13c,2026-06-27
ACC343a8c6ee0,AY7732d0092a,2026-06-27
ACCfd2d9cd2a4,PAY5083cc69bc,2026-08-04
ACCfd2d9cd2a4,PAY1273d4e63b,2026-08-04
ACC9f6388287f,PAY9be6a4f0c2,2026-04-15
ACC146a630be8,PAY746c3bc658,2026-03-27
ACCeaa9c80797,PAY3795735d4,2026-04-12
ACCeaa9c80797,PAYadbc8d3cb7,2026-04-12
ACC7558e401df,PAY47d59f620b,2025-03-23
ACC7558e401df,PAYfb1211e806,2025-03-23
ACC5ed7de82f8,PAY9c8e363bad,2026-04-29
ACC5ed7de82f8,PAYac9b4a843,2026-04-29
ACC01036c75b0,PAYb817450af3,2024-11-22
ACC19efa0abc2,PAY8787c8be9,2025-04-27
ACC1d2d3719da,PAY83a2b61a57,2026-02-21
ACCd53868b57f,PAYbbc2db9e94,2024-09-01
ACC6798346219,PAYf9f720d35c,2024-10-21
ACC8c89fba6e8,PAY0e47b0a54f,2025-05-20
ACCa9a32bee6e,PAY301c2d7a26,2025-01-27
ACCfd757360b6,PAY24ebe7a182,2025-07-18
ACCfd757360b6,PAYe86507ee1,2025-07-18
ACC9a2d2b64c7,PAY2099511f24,2026-06-04
ACC1d563309f8,PAYcf658a034ac,2024-11-29
ACCa7ae85c6bd,PAY250318ce25,2025-07-04
ACCa7ae85c6bd,APYd45c1f8f30,2025-07-04
ACC4fc924e800,pAY7f2e452e5d,2026-07-24
ACC4fc924e800,PAY117d45986b,2026-07-24
ACC8d2f11dc67,PAYdd0ef08f14,2026-07-09
ACC8d2f11dc67,PAy9ab663228d,2026-07-09
ACC7bb4e90075,PAY40ebb90720,2026-04-18
ACC7bb4e90075,PAYc9418d244d,2026-04-18
ACCf9ddc66ab2,PAY4c497a3ac8,2026-04-15
ACCf9ddc66ab2,APYf500168a5b,2026-04-15
ACCac2124a17f,PAYc07a006256,2025-11-12
ACCac2124a17f,PAY6dcc80fd79,2025-11-12
ACC0f36ca7fcf,PAYd19d1d199z1,2024-09-17
ACC0f36ca7fcf,PAy5f92dcc951,2024-09-17
ACCb9b91d4683,PAYhbe2c71eb95,2026-02-25
ACC6c342cfe98,APY7cd7380bf2,2025-04-24
ACC6c342cfe98,PAY74bdb07cd6,2025-04-24
ACC05ab8c258a,PAY62f121223f,2026-04-18
ACCac7a8879e4,PAYaf27f810ec,2025-05-25
ACC355938cc31,PAYb6d924f85e,2025-12-01
ACC355938cc31,pAY60a4279e3d,2025-12-01
ACC9da7b189d2,PAY9d08575e1,2024-10-30
ACC9da7b189d2,AYc8bfdbbc6e,2024-10-30
ACC30a97e0401,PAY597f256331,2025-01-05
ACC30a97e0401,PAY112cb80514,2025-01-05
ACC1f59f1db4b,PAYc3a745d8f0,2026-04-19
ACC1f59f1db4b,PAYe656708d4b,2026-04-19
ACC95f500d5b0,PAY9c1a58c595,2026-06-03
ACC95f500d5b0,PAY7dcd840f63,2026-06-03
ACC4a5648a8ea,PAYda496133d7,2026-02-11
ACC4a5648a8ea,PAY6a0224ca2d,2026-02-11
ACCcbe31346d0,PAY0fee4ec4d2,2026-03-01
ACCcbe31346d0,PaY5cac41c7be,2026-03-01
ACCc26a5128fd,PAY92f2908ced,2025-01-12
ACCc26a5128fd,PAY33fd4b6633,2025-01-12
ACC5babbb4105,PAYbe4e9c45e5,2025-04-29
ACC5babbb4105,PAYc2dac02304,2025-04-29
ACCcae0aa69fd,PAY1d2c4ca176,2025-02-05
ACCcae0aa69fd,PAY4a2ad87e79,2025-02-05
ACC4010161a94,PAY80127bdf97,2025-05-19
ACC4010161a94,PAYf5ab642010,2025-05-19
ACCb770734d65,PAY762b7789ae,2024-12-15
ACCb770734d65,PAYb7eb66fa57,2024-12-15
ACC00e52de016,PAY82i135bbc7d,2026-05-26
ACC5a2c63c667,PAYb55de926ae,2026-02-11
ACC5a2c63c667,PAY975cace186,2026-02-11
ACCf105a50a14,PAY16231a68cd,2024-09-06
ACC25f47c290e,PAY8febadb9cb,2025-06-18
ACC25f47c290e,AY183990937e,2025-06-18
ACC2950065656,PAYd8c2823ff8,2025-01-02
ACCafb4a53f5e,PAY1530bcab3d,2025-01-15
ACC978a9a9121,PAYe8565ecf3b,2025-05-24
ACC978a9a9121,PAYe351a060ce,2025-05-24
ACC91005d12e7,PAY9e2857922,2025-07-06
ACC7b7bd95451,PAYb5820de0a6,2024-10-14
ACC7b7bd95451,PAY1e43cafffe,2024-10-14
ACC9d423a4289,PAYe582175979,2026-01-14
ACCcd392db84c,PAY78592f0cd5,2025-06-16
ACCcd392db84c,PAYa6c850ce2f,2025-06-16
ACC21f43a1082,PAYee7b4e7bb,2025-10-26
ACC21f43a1082,PAY3eb7e296f3,2025-10-26
ACCd601e5b718,PAY6400cce531,2025-05-07
ACCa9e663150a,PAY5ae5d75996,2024-09-13
ACC36a3bf7e25,PAY28c3867236,2024-10-11
ACC644875b3e0,PAYeb30daaba4,2026-01-26
ACC644875b3e0,PAYa49fd0cae6,2026-01-26
ACCeb1ac52be6,PAY7e1a111103,2025-07-13
ACCeb1ac52be6,PAYc04fac03c6,2025-07-13
ACCc37ad8a0af,PA2c4a8d271a,2025-07-27
ACCaea7c539e1,PAYcce2a910d5,2025-08-18
ACCaea7c539e1,PAY43a24bdd05,2025-08-18
ACCde3becdb4d,PAYe3c3a5d1cd,2025-02-11
ACCde3becdb4d,PAYde1f20fa9f,2025-02-11
ACCf7b196fb42,PAY12328d0f85,2025-07-31
ACCf7b196fb42,PAY6f04f8ca79,2025-07-31
ACCf23a4aab9a,PAY8bd89e2f65,2026-02-06
ACCed4df6511b,PvAYfae831d8f6,2024-12-05
ACCed4df6511b,PAYe38c14463b9,2024-12-05
ACC0638e6e0c4,PAcYb5ce8ed61,2025-12-26
ACC0638e6e0c4,PAY28c3a5fb64,2025-12-26
ACCe691064a35,PAY5cb9934911,2026-01-04
ACCe691064a35,PAY90fed371f9,2026-01-04
ACC16e809b209,PAY20302e4ca,2026-08-12
ACCdd3f2f8fcc,PAYeda326a76b,2024-12-18
ACC1b5b379725,PAYf4155e126,2025-02-06
ACC41f2656b6c,AYe5dc27d8e6,2025-08-08
ACC22230d6c72,PAYb606df91b7,2026-02-23
ACC7014fcf856,PAY49f0ba3f9f,2025-08-31
ACC7014fcf856,PAeYf10c4dce77,2025-08-31
ACC67ef0f0cb8,PAY178f239fc0,2025-02-06
ACC67ef0f0cb8,PAYc3f30c6422,2025-02-06
ACCadbdb0ee75,PAYa7658c126,2026-07-23
ACCadbdb0ee75,PAY64aaabfe11,2026-07-23
ACC376371fe6d,PAYdc92a2e86,2026-08-22
ACC376371fe6d,AY196ced2510,2026-08-22
ACCbc640120fd,PAY155f908419,2024-12-23
ACC6fe43dbf1c,PAY33525bb39,2026-04-25
ACC6fe43dbf1c,PAY14338bfca9,2026-04-25
ACC7d64551c70,PAY1f159c422,2025-07-03
ACC7675dc85fb,PAY5185366575,2026-07-04
ACC7675dc85fb,APYe332498103,2026-07-04
ACC723ab402e9,PAYd82214b7bf,2025-07-10
ACC723ab402e9,PAY505becde91,2025-07-10
ACC14a8efe2e5,PAYc60049046a0,2025-08-06
ACC66eee926ec,PAY94382894c6,2025-01-21
ACCbd198bb88f,PAYdad96a2da2,2025-01-18
ACCbd198bb88f,PAY874af7a6b1,2025-01-18
ACCa97d2cae1d,PAY1eb6fe040b,2026-01-09
ACCe56812bea7,PAYf19de860b1,2025-04-01
ACCee72b17357,PAYbe9cf0bd12,2025-04-22
ACCee72b17357,PAY5a34971148,2025-04-22
ACC1bc037cf0d,PAY5d66bb016b,2025-06-04
ACC04add70005,PaY0b44ad5b95,2026-06-16
ACC5f40542913,PAYe5cf35fb7f,2025-07-18
ACC5f40542913,PAY181573c3df,2025-07-18
ACCacee0148eb,PAY4722cee1e9,2025-01-08
ACCacee0148eb,PAY52b4c37088,2025-01-08
ACC4188290e83,PAY7ba1be0b18,2026-01-14
ACC4188290e83,PAYa39d373727,2026-01-14
ACCa24347c657,PAY45676e4b5d,2024-12-08
ACCa24347c657,PAY923af9590b,2024-12-08
ACCce53bf00f1,PAYc6b471f966,2025-10-13
ACCce53bf00f1,PAY44b86fbfcb,2025-10-13
ACC73297b93c4,PAY7F062c7b86,2025-07-16
ACCb3171991ae,pAYfb9e3033e9,2025-08-20
ACCb3171991ae,PAY5e087a5818,2025-08-20
ACC9ee35ef353,PAY00e2bd26d0,2026-04-24
ACCf6da1d8b17,PAYb2b464496d4,2025-06-10
ACC4e8a7759ae,PA6cf608eeff,2025-07-28
ACCbeadbc12c2,PAY6224a74f26,2025-08-01
ACCbeadbc12c2,PAY1c5ba6c228,2025-08-01
ACC585cf86a25,PAYb8628227e5,2026-08-26
ACC585cf86a25,PAY9eeed90509,2026-08-26
ACCd613448d3c,PAY9a56e05577,2025-09-19
ACCd613448d3c,PAY3sba40dfa85,2025-09-19
ACCcff853e4ca,PAY9bf539715b,2026-07-13
ACCe3b1ba6876,PAYb5a23745b7,2025-11-02
ACCb4b94ba2c2,PAY2e0f5434cc,2026-05-16
ACCb4b94ba2c2,PAY57eeddc833,2026-05-16
ACCd1e8039978,PAY8f4d34847f,2024-10-23
ACCd1e8039978,PAY75f72164e7,2024-10-23
ACC53622a5879,PAY5c58338d13,2025-11-01
ACC139c4840c1,PAY9ab9fc8cd1,2026-08-18
ACC139c4840c1,PAY9fcc7647eba,2026-08-18
ACC8f0251dea3,PAY23fb5f6318,2025-02-15
ACC3bace0fbe0,PAY65d90007b2,2025-05-13
ACC3bace0fbe0,PAY8cb215361f,2025-05-13
ACC32a5fa89ec,PAY814ce5e4c7,2025-01-13
ACC32a5fa89ec,PAYaa5815af23,2025-01-13
ACCe82ac3b8c9,PAy72f0484e9f,2026-02-26
ACCe82ac3b8c9,PAY2dccf3ca63,2026-02-26
ACC41a7a41b71,PAYdbea5a450b,2025-08-16
ACC41a7a41b71,PAY9364fd7999,2025-08-16
ACC6e32a54607,PAY57264b5cec,2025-05-18
ACC6e32a54607,PAY519eb8c8b6,2025-05-18
ACCa30309d689,PAY81d35bfd34,2025-10-28
ACCa30309d689,PAY7791f07ae7,2025-10-28
ACC378a59ef28,PAY242641435A,2026-07-30
ACC378a59ef28,xPAY14e08a10f0,2026-07-30
ACCbe22d008ff,PAYdae9b8ca4,2025-07-17
ACC58da68d8a0,PAY23ae69da3e,2025-04-08
ACCe684911def,PAYe53a624123,2026-03-23
ACCe684911def,PAY7d13882f0a,2026-03-23
ACC13a91aeea4,PAyf2a36e77f7,2026-05-24
ACC21a4dc9038,PAYa10d0d5e3,2025-02-08
ACC89287fbefa,PAY1ef3a4cc5f,2025-01-29
ACC094376b465,PAY00cd92ad7d,2026-02-07
ACC5873f924ad,PAY4207e0c6ae,2024-11-02
ACC5873f924ad,PAYfa5ceb9f49b,2024-11-02
ACC56de2f3074,PaYa54999855b,2025-03-22
ACC56de2f3074,PAY053fbeveae7,2025-03-22
ACC5e62587efb,APYbb3c4c6d04,2024-11-08
ACC5e62587efb,PAYac17re2a89c,2024-11-08
ACC8aa65d0499,PAYa80d30332d,2026-02-06
ACC456dc43e6a,PAY843257bb76,2025-12-07
ACC40127efe1a,PAYfebb34af3b,2026-07-31
ACC72a582b526,PAYd9fcd6def8,2025-12-23
ACC8d356c1a7d,PAY095549ea9a,2025-03-12
ACC8d356c1a7d,PAY7547ccc69e,2025-03-12
ACCa081249c8b,PAY12bf975b08,2025-05-18
ACC0123a887fa,PAY228d18f93c,2026-04-20
ACC71968bcc04,PAY4444805ee95,2025-06-15
ACC37498294fd,PAY1b60a01fb,2025-10-08
ACC37498294fd,PAY39ce5309c2,2025-10-08
ACCb7b69684e7,PAY6567be1435,2026-02-19
ACC21d99cddb4,PAY627d395c77,2025-12-26
ACCe7a8c9d64e,PAY77e7760fee,2025-02-18
ACCe7a8c9d64e,PAY76a69587ed,2025-02-18
ACCa8b8f2d5bb,PAY1ac5b57f98,2026-06-13
ACCa8b8f2d5bb,PAYba5a2b849e,2026-06-13
ACC27e15e6d27,APY704daeba12,2024-10-02
ACCd4194ab19b,PAYb61f89e37,2024-10-03
ACCdbbafcd2d2,PAY8ef996fc7b,2025-05-15
ACCdbbafcd2d2,PAY8c056ac7ee,2025-05-15
ACC3d3001c8ef,APY26b5c4fba1,2024-09-17
ACC3d3001c8ef,PAYf1cc42c58d,2024-09-17
ACCcc1122d87e,PAY705fead6fd,2026-06-09
ACC601fafbdf4,PAYc89b484ec0,2025-10-27
ACC7b2bda36ae,PAYd9f3b33016,2026-04-14
ACCda7f6462cd,PAYbp8b4acb09e,2025-12-14
ACCda7f6462cd,PAYca89c82782,2025-12-14
ACC68b1e3d36f,PAY0b8abd0d36,2024-11-14
ACCd302d34079,PAYf69c443bc0,2024-10-03
ACC81818148d0,PAY7c7ea0aF02,2026-01-16
ACCc2d4906060,PAY639975fccf,2026-05-07
ACC87e33b3a63,PAYf54d2cb852,2026-07-22
ACC87e33b3a63,PAY166449d8ec,2026-07-22
ACC21198bc893,PAYe30c9568d8,2026-05-01
ACC2f3d239234,PAY836e1d0275,2025-08-12
ACCca2384b03e,PAYf92cb9ac96,2024-09-06
ACCca2384b03e,PAY4899baf7e4,2024-09-06
ACC09082a76ea,PAY6c82a1895a,2025-02-26
ACC43483c48a0,PAY1a1b062a39,2024-10-01
ACC43483c48a0,PAY62b3407742,2024-10-01
ACC1333ef5b25,PAY04fd5268f1,2025-10-16
ACC1333ef5b25,PAY7ad68eeb78,2025-10-16
ACC95dca7cd3d,PAYd0c62a235a,2025-05-07
ACCdf2edcfb3d,PAY094cf1f78,2025-11-18
ACC90148c554e,PoAYbe2f6f2f3b,2025-10-08
ACC90148c554e,PAYdf1b50a8ff,2025-10-08
ACC1de923d53c,PAY4c1c268fb8,2024-11-28
ACCec6fd96c84,PAY13adf15535,2025-02-19
ACC2fbe6ecb46,PAY67858c6ba,2024-09-07
ACC3cbeaffe52,PAY3c4f944cc9,2026-04-14
ACC3cbeaffe52,PAY27dd722103,2026-04-14
ACC7ca78d7abb,PAY029cb95047,2025-09-17
ACC231ab77a09,PAYc414caa250,2026-07-22
ACCeb95c9dc37,PAaYbf6d0324ae,2025-01-24
ACCeb95c9dc37,PAY3b4319e67e,2025-01-24
ACCc816c12888,PAY065da7b973,2026-07-19
ACCa011777e0b,PAYa39a68466,2025-05-27
ACC2307ed16da,PAYe8ddfee42c,2026-07-08
ACC2307ed16da,PAYe58e978702,2026-07-08
ACCc9fe7a4931,PyAYd68be64827,2024-11-30
ACCc9fe7a4931,PAY2f5cd68289,2024-11-30
ACC910d11f1ef,PAY96adb4c6d7,2025-05-13
ACC81148fcd9e,PAY0a75b6b511,2026-06-04
ACC59600a9c4f,PAYf38963c46,2025-05-15
ACC59600a9c4f,PY6b065930ba,2025-05-15
ACC14f1edd4ca,PAY3c73596c08,2024-11-01
ACC14f1edd4ca,cPAYa548418c8e,2024-11-01
ACC63aaa223d8,PAY8b674ed524,2026-08-03
ACCdbc96982eb,PY0e2e32deb8,2024-11-02
ACCdbc96982eb,PAY0122018760,2024-11-02
ACCf5a10bf7ce,PAY075de4909,2024-09-04
ACCf5a10bf7ce,PAY6386b96670,2024-09-04
ACC092f2ec5da,PAY499f622f59,2026-04-15
ACCf732d72285,PAYfa56b05fd7,2025-06-14
ACCb3ac8683d5,PAY3ec541cd5e6,2026-05-03
ACCb3ac8683d5,PAY0638ffee88,2026-05-03
ACCee50a40f13,PAYa2ece5f0dc,2024-11-25
ACC904f7cbd78,PAYaeff59evf5c,2025-08-29
ACC904f7cbd78,PAY2510f99a66,2025-08-29
ACC33d4bfd067,PAYd03Af8640e,2025-02-08
ACC33d4bfd067,PAY7c90e5fe5e,2025-02-08
ACC2e1cd3c03b,PAYb1800f538c,2025-02-20
ACCaf2b702342,PAY32b7d2e3b0,2025-04-23
ACC776993caaf,PAy8585dde7ce,2024-12-01
ACC4cb954923d,PAYbe234d19ap4,2025-09-30
ACCf0b1b5a70f,PAY341558e9ee,2025-06-01
ACCf0b1b5a70f,AY415c95f96d,2025-06-01
ACC76a71ee0ab,PAYdeaB65b2e7,2026-01-21
ACC127d36939c,PAY2ac7b38905,2025-04-11
ACC9c182d6172,PAY22b019428a,2024-12-12
ACC3ae3ec7c1a,PAYa65745412a,2026-02-27
ACC3ae3ec7c1a,PAYf41ca59a9,2026-02-27
ACC70f716e3cf,PAY21011dc76f,2025-03-09
ACC70f716e3cf,PAY7e7b06864a,2025-03-09
ACC1aa2b33b9b,PAYb2441e96e9c,2025-03-03
ACC1aa2b33b9b,PAY49460cdb23,2025-03-03
ACC54b65c2c00,PAY1f931b83b6,2025-07-07
ACC54b65c2c00,PAYe803se36eb0,2025-07-07
ACC808ef5b2d6,PAY832c005913,2026-04-20
ACC9c5e0450f2,PAYbfd7a7d69d,2025-04-25
ACC9c5e0450f2,PAY246a3d7c72,2025-04-25
ACC23339fc11f,PAy2276437254,2025-01-01
ACCca1c5c74b2,PAY1efc325cb6,2025-11-12
ACCd3d1a22f21,PAY355b66f64b,2025-07-01
ACCd3d1a22f21,PAYb3a12ec230,2025-07-01
ACC1d7d69f4b1,PAY805beD9a99,2025-02-12
ACC38f1f3ac33,PAYaed8d3129f,2026-05-17
ACC59aa0742d0,PAY1477f569c1,2025-06-02
ACC59aa0742d0,PAy409a860f1e,2025-06-02
ACC0e7500056a,PAY0a35b044f4,2024-12-14
ACC2559d2ec2d,PAY551bd90322,2025-01-06
ACC2559d2ec2d,PAYc3c2f764ab,2025-01-06
ACC53c4dbd4dd,PAYc85238482a,2024-12-31
ACC699ea6f599,PAY978ede5b58,2024-09-30
ACC699ea6f599,PAYbd0279b9ed,2024-09-30
ACCeccc37d868,PAYd7952de963c,2024-11-24
ACC3d2972d536,PAY339bpa8ffd6,2026-04-11
ACC28377d86c6,PAY380734732d,2024-09-05
ACC45f1bdc8e2,PAYf336c7d1b9,2026-01-16
ACC45f1bdc8e2,PAY13fddf2224,2026-01-16
ACCbbd4925cda,PAY2189048160,2024-10-31
ACC90790135cf,PAYf12cf70430,2024-09-27
ACCc2beb94dc7,PAY26efbbce48,2025-03-04
ACCcecf39b235,PAY86cbf79908,2025-04-24
ACCeb98cbb968,PAY5a8548cf4af,2025-08-11
ACCd62002ebcb,PAY421cf858af,2026-03-07
ACC652a48576c,PAY1f8251ada2,2025-04-18
ACC652a48576c,PAY066Ceecfd4,2025-04-18
ACCc8f25ad9c2,PAYb84c8f6d0d,2025-05-21
ACC4b80f71bd6,PAYe2f5bFfb49,2024-10-30
ACC4b80f71bd6,PAY55013738b0,2024-10-30
ACC135376de0c,PAY4a0ca56b3d,2026-03-15
ACC135376de0c,PAYb5e25bded6,2026-03-15
ACCd94d830eb9,PAYc28ccd1785,2024-11-16
ACCd94d830eb9,PAYd2cee51359,2024-11-16
ACC5cc7fc7b37,PAY0a6371d35b,2025-07-12
ACC8dc79bf5d6,PAY2a71175e61,2025-05-22
ACC1f4a4d08d7,PAYf06e425b8,2024-09-20
ACC266652d84f,PAeY304903e53,2026-04-26
ACC266652d84f,PAY3125a5d09b,2026-04-26
ACC32f4429759,PAYd45a8e41eb,2025-07-18
ACC32f4429759,PA67c092b84d,2025-07-18
ACCd79a492b42,PAY5baf4e58cb,2024-12-05
ACC243cdb1922,PA6d7264d5df,2025-03-07
ACC243cdb1922,PA1da031b135,2025-03-07
ACC066ebd0fd6,PAcY27e876e0d3,2025-04-12
ACC066ebd0fd6,PAYdec7d1801d,2025-04-12
ACC53d97c0548,PAY71a07a6138,2025-04-19
ACCb9f27b91c4,PAYe794108885,2024-10-12
ACCb9f27b91c4,PAY59d6c93a28,2024-10-12
ACCc62eae7f92,PAYf1cf4f904c,2026-02-04
ACC7868e66aaa,PAY768962d448,2025-08-18
ACCeabe61c628,PAY4a56012ef73,2026-02-26
ACC4036bde81d,PAY2049626906,2026-04-07
ACC64380fced1,PAY313c72a829,2025-03-24
ACCe9fcef0f58,PaY79d107327f,2024-09-05
ACCcd4d49c70b,PAY0d8505bbc5,2026-03-02
ACCcd4d49c70b,PAY4b9a3a0e77,2026-03-02
ACC218a962fb3,PAYcd78f8f02f,2025-09-16
ACC8885c3a1a0,PAYb96ccf263b,2025-12-10
ACC8885c3a1a0,PAYe5f26b4278,2025-12-10
ACCa4081d99f0,PAYa44af0489b,2025-05-01
ACCa4081d99f0,PAY318a186a84,2025-05-01
ACC03c1805307,PAY579bceA86b,2026-07-28
ACC57cffbdc14,AY6da47e9b38,2024-09-07
ACC57cffbdc14,PAYa01b063c2,2024-09-07
ACCa2cfb22773,PAY270a6c5272,2024-11-17
ACC6f461949a3,PAY42bf46228b,2026-02-18
ACC6f461949a3,PAYc1d1985401,2026-02-18
ACCaa0af460bf,PAYd0e66215eb,2025-03-24
ACC41244189e0,PAY09db3a0cad,2025-03-26
ACC9ae9a82f0b,PAY864e8208Bd,2025-05-15
ACC3fe11cec18,PAYdba7a8cf9b,2025-02-01
ACC3fe11cec18,PAY7591dd8adb,2025-02-01
ACC34868dfa62,PAY093c928e3e,2026-05-01
ACCe15aac7e5a,PAY1a6e810ae7,2026-02-20
ACCe15aac7e5a,PAY0e3fca584f,2026-02-20
ACC27168bb2d5,PAYe7b9e675fe,2025-09-13
ACCd3770f9b26,PAY2f0cd2b38,2026-07-13
ACCd3770f9b26,PAY76365b1d95,2026-07-13
ACCbaea5ca77d,PAYfe14bb5793,2025-05-28
ACC11376af0c1,PqAYe05d2b1c06,2025-12-12
ACC11376af0c1,PAY5921d63d82,2025-12-12
ACCc2b4d64248,PAYbff6d91ef,2025-07-03
ACCc2b4d64248,PAY89644c53dB,2025-07-03
ACC27aefb834f,PAYb137320bcc,2025-06-21
ACCa6b56e312e,PAY6b949c1344,2026-04-26
ACC9ac04e2e28,PAY7f938057de,2025-11-02
ACC128d427bc9,PAY56af218d5f,2025-11-21
ACCb65a65c42f,PAyff6804fc78,2025-12-04
ACC7d8599040c,PAY97328d049e,2025-06-02
ACC7eafa38ca1,PAY5298010573,2026-07-09
ACC7eafa38ca1,PAY5e15713a19,2026-07-09
ACCdd2cc8a324,iPAY9595ed58c8,2025-04-06
ACCdcf13208f5,PAYb99e34cBf2,2025-03-09
ACCac1098da70,PAYa5371d930pf,2026-07-11
ACCac1098da70,PAY98e23b345a,2026-07-11
ACC7c3e1224f3,PAYd2adcceb2f,2025-05-13
ACC7c3e1224f3,PAYb993a42216,2025-05-13
ACC37b209b5b6,PAYf3da6f8fb9,2025-10-15
ACCe4b0d29c19,PAY16e5uad3a18,2025-04-09
ACC3b6186f861,PAY46a1eb50a8,2026-04-08
ACCf08df0ee2b,PAYb43a7ef5ad,2024-09-09
ACCedff6b373b,PAY5947578d3,2025-01-09
ACCedff6b373b,PAY712469d6fb,2025-01-09
ACCea28a1a601,PvAY1710fd808f,2024-09-25
ACCc1fa61dd9c,PAYb263fb50b6,2026-08-16
ACC7d89b76ff5,PAY17ec5831d9,2025-03-11
ACC7d89b76ff5,PAY56c87ad460,2025-03-11
ACCaac901e50a,PAYa64c73fb40,2025-10-06
ACCaac901e50a,PAY7c1a46a9ea,2025-10-06
ACCaeafadd3fd,PAY5cc50f0247,2026-02-13
ACCd94c5aa3e1,PAY3Cb12a94d6,2025-01-20
ACCd94c5aa3e1,PAY26aec5b878,2025-01-20
ACC17341ddad5,PAY5bbd8e2ab7,2025-11-08
ACC17341ddad5,PAY12c43ce808,2025-11-08
ACC147c7791b4,PAY96c517d8d2,2024-09-25
ACC147c7791b4,PAYbb7d2186ec,2024-09-25
ACC88803fae25,PAY408203a2c2,2025-10-15
ACCaabfb978ba,PAYc4459265d9,2025-11-13
ACCaabfb978ba,PAY737a1c8626,2025-11-13
ACC26b0f1c614,PAYb15bf2ff9a,2026-06-04
ACCa8bd849e97,PAY72d6646781,2026-05-08
ACCa8bd849e97,PAYe8b9996f20,2026-05-08
ACC7d59c0bd3a,PAY19b5e1bff4,2026-05-09
ACC7d59c0bd3a,PAY62edfb60b6,2026-05-09
ACC824b8b9217,PAbYa3b640e1c4,2025-03-12
ACC824b8b9217,PAY24cc0975e1,2025-03-12
ACC61ec036929,PAY062b3ca83,2025-02-27
ACC61ec036929,PAY5fb6e406c,2025-02-27
ACCdaecf9eedd,PAY86789761bd,2025-05-13
ACCdaecf9eedd,PAY0d9e1f38cf,2025-05-13
ACC95ef4c056d,PAY626d8cac3a,2026-04-14
ACC95ef4c056d,PAYc680550d0,2026-04-14
ACC6c6b311f35,PAY2d47c544348,2026-07-28
ACC6c6b311f35,AYbcedfc7784,2026-07-28
ACC58f5a5523a,PAY8a53fc4644,2025-10-27
ACC829bb55958,PAYd317b5444,2026-05-27
ACC829bb55958,PAY940edb2c73,2026-05-27
ACC79599c8baf,PAYe1957fdddb,2025-02-22
ACC79599c8baf,PYA57311b135a,2025-02-22
ACC18f9169e42,PAYde21c5a2cd,2025-11-01
ACC18f9169e42,PAY628ai7cbb09,2025-11-01
ACC2c8f2542b0,PAY6f40e5d628,2026-07-26
ACC2c8f2542b0,PAY88b66ff933,2026-07-26
ACC79a7ec9305,PAYa608dc6ab6,2025-05-21
ACCea89658744,PwAY651b197439,2025-07-31
ACC28cc3c9760,PAY96ded6eb705,2026-06-06
ACCfbdaa8da7d,PAY52a41c5a6,2026-03-17
ACCfbdaa8da7d,PAYcc8aa77665,2026-03-17
ACCf3d5571001,PAY2d8f50cbcd,2025-08-08
ACCf3d5571001,PAY9d58a62e8e,2025-08-08
ACC9fa1b79bcb,PAY9a9769f5a6,2025-06-25
ACC9fa1b79bcb,PAY1c9cace663,2025-06-25
ACCf36a37c97d,PAYcfbc28c6f1,2024-11-04
ACCf36a37c97d,PAYafc24a526e,2024-11-04
ACC2a5418cbac,pAY01a3340122,2026-08-14
ACCf3729067da,PAY90c4c09hb70,2025-03-09
ACC9e0b7c82d9,PaY28395f979e,2025-03-23
ACCd7d60635fd,pAY9bfb311505,2026-04-25
ACC945fac994a,PAY2372bc7a1f,2026-02-24
ACC945fac994a,PAY1862c6fa2,2026-02-24
ACC6f43e65258,PAYfe8037c425,2025-10-07
ACC6f43e65258,PAY8f8023921e,2025-10-07
ACC787e83c1cc,PAY1e5054689ab,2026-04-05
ACC7e5bec395f,PAYa021218b2,2025-01-24
ACC7e5bec395f,PAY704a3752e5,2025-01-24
ACC651e3149fc,PAYd99c3eaa27,2025-12-26
ACCbfd2420690,PAY74283ccc9a,2024-11-26
ACCbfd2420690,PAY77e39c2c2,2024-11-26
ACC672b06fc49,PAY5ad3234d2c,2026-05-30
ACC672b06fc49,PAY09b7030e6,2026-05-30
ACC42aa454195,PAY71e63fa243,2025-09-17
ACC42aa454195,PAY6b2ddaaeb3,2025-09-17
ACCc61032d888,PAY20a8af4233,2025-04-01
ACCc61032d888,PAY08bb08067e,2025-04-01
ACC34e10a792b,PAYff45aff8b,2025-01-16
ACC479f6f6687,PAY566bcd2384,2025-03-19
ACCdde02aacec,PAY11c81ddaf4,2026-05-12
ACCdde02aacec,PAYb2a7904050,2026-05-12
ACC52c7a740b0,PAYfb85e61d1f,2025-04-08
ACCfe77c7fc37,PAY33a496b5f3,2026-04-11
ACCfe77c7fc37,PAY7adb5eec4b,2026-04-11
ACCfdcb28b2ec,PAY91b656c83e,2026-03-28
ACCfdcb28b2ec,PAY66d890faa5,2026-03-28
ACC592f0acc1c,PAY73e1441af7,2024-10-27
ACC592f0acc1c,PAYa6e556921f,2024-10-27
ACC341a963e91,PAYd2229c4a4f,2025-12-18
ACC341a963e91,7PAYb6b88de1c3,2025-12-18
ACC27792512b4,PAYfd59a2b41,2025-10-05
ACC27792512b4,PAYf73825f7k61,2025-10-05
ACC7fd21ea832,PAY51b05189bc,2025-11-26
ACC7fd21ea832,PAY2e30307252,2025-11-26
ACCc2f09db36e,PAY89410daf69,2025-11-11
ACC088faa3ebf,PAYf0e5ee8b91,2025-07-11
ACC0b56579d13,PAY0e37a1aae9,2025-12-04
ACC0b56579d13,PAY0f76113d9a,2025-12-04
ACC85d8bf896a,PAYae43cdf16e,2026-03-14
ACC85d8bf896a,PAY39e395ab90,2026-03-14
ACC76ead50a78,PAY474b3f3716,2025-10-03
ACCf4e5476c19,PAY5c5526b677,2026-07-11
ACCf4e5476c19,PAYc4c326f994,2026-07-11
ACC0f207fa679,PAYb2ec91d372,2025-11-17
ACC5b8728262b,PAY277747e47c,2026-02-13
ACC5b8728262b,PAY457c062987,2026-02-13
ACC47dda29312,PAY71f7443f9b,2025-05-27
ACC47dda29312,pAY72e6a510de,2025-05-27
ACCb900a9e599,PAY4fcd1e37c9,2025-06-03
ACCb900a9e599,PAY6c5bca78bec,2025-06-03
ACC83d5640545,PAY1591a0ab34,2026-04-02
ACCdd8e7cdb21,PAY6d6d98a7f8f,2025-06-16
ACC8024f4496c,PAY30df2eac78,2025-08-24
ACC8024f4496c,PAY24d53c218,2025-08-24
ACCb69e5f49b8,PAy8f27d7668a,2025-07-15
ACCb69e5f49b8,PAY8bfb28e734,2025-07-15
ACC563add7ac0,PAYfcefa4178d,2025-08-05
ACC57b0a62a45,PAY5ec1801d34,2026-05-01
ACC5ab69a745e,PAY503ca76943,2025-06-21
ACC5ab69a745e,PAYc2f3ba3b12,2025-06-21
ACC7e1cae561e,PAY8f04d82898,2024-11-29
ACC5fbb1f36d6,PAy0748c5d75b,2024-10-26
ACC5fbb1f36d6,PAY3dc36daf81,2024-10-26
ACC7094edf69d,PAY9a35bd72d5,2025-01-19
ACCfe82c68e87,PAY04801b4cn52,2025-10-11
ACCfe82c68e87,PAYbe1814ede1,2025-10-11
ACC6cefff7140,PAYbc688adf5a,2025-06-25
ACC6cefff7140,PAYf94c91ae0b1,2025-06-25
ACC9b9e1c954b,PAYb525163324,2025-11-13
ACC9b9e1c954b,PAY9baa0108f2,2025-11-13
ACCd8a7acbda9,PAY79161e46af,2026-03-23
ACC8a5b3faf8d,PAY839f766d8f,2026-01-21
ACC0ac6bccf30,PAY54c8879790,2026-08-25
ACC0ac6bccf30,PAY04cc0629f0,2026-08-25
ACC3c9f0cde6e,PAY0b4a4e3743,2025-10-23
ACC8e4318baca,PAY3ff6894f88,2024-12-26
ACC8e4318baca,PA937e7eada1,2024-12-26
ACCeb8ac67f77,PAY085c45ca37,2025-07-02
ACCeb8ac67f77,PAY30b1abff66,2025-07-02
ACC91a0119486,PAYa805734694,2024-09-24
ACC91a0119486,PAYcbf8cebcf5,2024-09-24
ACCc8f4d59653,PAY180549604c,2024-10-12
ACCc8f4d59653,PAY77b9ae6215,2024-10-12
ACC0c45935d6b,PAYeab0511dc3,2025-10-16
ACC2932c45f0d,PAY9df671180a,2025-05-30
ACC2932c45f0d,PAYea2aa36ade3,2025-05-30
ACC21cdc01ccf,PAYb7568aae5a,2026-03-25
ACC53c87c9ec3,PAY6c484fe9ac,2024-12-08
ACC53c87c9ec3,PAYa15277a015,2024-12-08
ACCb899e71f0c,PAYbc4bc40e7,2024-09-09
ACC26f89cca57,PAY870466eb88,2025-06-17
ACCf4f3a1c1e5,PAY3495bbdbab,2026-04-29
ACCf4f3a1c1e5,PAY1e80bee192,2026-04-29
ACC0e07afbee8,PAYd8d87cc24c,2025-10-11
ACC6e8f13a4f8,PAy9413931c6e,2025-06-11
ACC6e8f13a4f8,PAY778753ec63c,2025-06-11
ACC423f721f91,PAY1cc76325c9,2026-02-20
ACC423f721f91,PAY245f1da5a9,2026-02-20
ACCd98688a8c0,PAY9ccb8a69da,2026-02-19
ACCd98688a8c0,PAYb5dc3dedab,2026-02-19
ACC38e929394b,PAYee7afcedb,2024-10-14
ACC270c1d56f4,PAYc0685c01db,2025-12-17
ACC9ff1b3e7e7,PAYab04422001,2025-08-09
ACC9ff1b3e7e7,PAYd8ccc4b178,2025-08-09
ACC99963fd23d,PAYbcb68c081b,2025-10-15
ACC8b4ba581d8,PAYbd9d486a5d,2026-01-11
ACC8b4ba581d8,PAY84edb8246,2026-01-11
ACCd8ba7c4c77,PAYed639ca72,2026-01-18
ACCd8ba7c4c77,PAYeec64b04ce,2026-01-18
ACC21ffa3ce7f,PAYc9fda68fef,2025-10-30
ACCbabbf670ea,PAY672d4d4a3a,2025-04-30
ACCbabbf670ea,PAYd67c51b7d4,2025-04-30
ACC6a34fac908,PAY06b36ebffv7,2026-04-02
ACC6a34fac908,PAY56cea76def,2026-04-02
ACC2f8771505a,PAYc2316eb8fb,2024-12-04
ACCd7b591145f,PAY731666036e,2025-03-18
ACC7607112b16,PAY464bcaab92,2026-08-06
ACC335b547d0d,PAY1ad5879551,2025-06-16
ACC335b547d0d,PAY3b90bfabe9,2025-06-16
ACCbc4f52b9e5,PAY16d01fec60,2024-09-22
ACC6abe407359,PAYa388b778f4,2025-10-05
ACC6abe407359,PAY3d99a58336,2025-10-05
ACC0a88bc53d2,PAYc94bd5ca5f,2026-08-08
ACCf293966d70,PAY32da37f348,2026-02-16
ACCa64fe4f021,PAY09c1324c12,2025-04-25
ACC51336b08f9,PAY844c385be9,2024-11-08
ACC51336b08f9,PAY425012b1t40,2024-11-08
ACCf321ae1052,PAY707642e3fe,2024-12-14
ACCf321ae1052,PAYc7bebe4fbe,2024-12-14
ACC0ac9df2cc2,PAYafc7a87fe,2025-06-11
ACC0ac9df2cc2,PAYe7a1953dba,2025-06-11
ACCa9c6c78b6c,PAYebe06413ade,2025-05-02
ACC7edda93f47,PAYc94d0d88f0b,2026-07-31
ACC7edda93f47,PAYae284b0108,2026-07-31
ACC3203473341,PAY216cbc9cf8,2025-10-27
ACC3203473341,PAYed77751871,2025-10-27
ACC68dacd318a,PAY194f356720,2026-01-24
ACC68dacd318a,PAYac3840e5ab,2026-01-24
ACCae0c4c1126,PAY1cf87035cb,2026-08-06
ACCae0c4c1126,PAY3c72dac997,2026-08-06
ACC94d27481e3,PAYfcc565e3a1,2024-12-05
ACC521a4a6eaf,PA62a5849daf,2025-09-10
ACC00c5db89ea,PAY46fa55373e,2025-12-06
ACC00c5db89ea,PAY5a4c011e47,2025-12-06
ACC0dbfc4a9e4,PAY713de403f6,2025-06-01
ACC1268ff5fbc,pAYb27f9c91f1,2026-02-27
ACC9d7de1273f,PAY9a5603159c,2024-11-27
ACCa6a8c5a5f9,PAYabe276ae93,2026-04-12
ACCc6af417398,PAYc26b9cdcf3,2025-07-22
ACCc6af417398,PAYb735726721,2025-07-22
ACC608b0dec3a,PAY46dc37fcb1,2024-10-18
ACC608b0dec3a,PAY74f381bde3,2024-10-18
ACC6ba2a2b99c,PAY69311ab5a7,2025-02-11
ACC6ba2a2b99c,PAYa7dedb6d76,2025-02-11
ACC28725b201b,PAY301ec8a648,2025-09-06
ACCfe6ea3db9b,PaYd7937b9f1e,2026-03-05
ACCfe6ea3db9b,PAY90c9dbdd3f,2026-03-05
ACC2156a33a02,PAYf8dae97244,2025-03-13
ACC7a75467773,PAY967d89e8ec,2025-07-26
ACC53b57efc1b,PAYa72ef68570,2025-11-06
ACC784704ca3b,PAYc0caceb752,2025-09-23
ACC784704ca3b,PAYb8a192e5b5,2025-09-23
ACCa92a0baf46,PAY6a0fa362a5,2025-01-15
ACC70a73a3aef,PAYcdacae586b6,2025-11-01
ACCf9ca9c1a2e,APY2d250d3a7a,2024-09-29
ACCf9ca9c1a2e,PAYbbaac17dde,2024-09-29
ACC617aeb722f,PAYac2722de11,2024-10-04
ACC427c2091ae,PAY00a30744a0e,2025-08-13
ACC427c2091ae,PAY1e7797e220,2025-08-13
ACC9520517b4f,PAYe1cdd56c67,2024-11-19
ACC272db0eaa2,PAYc44279b6a,2025-06-02
ACC272db0eaa2,yPAY1b672f75f3,2025-06-02
ACC32d8235045,PAY479ea49ef2,2024-12-30
ACC32d8235045,PAY33e9e5ac5hd,2024-12-30
ACCb8aff4bfae,PAY1e52f10ec2,2026-06-10
ACCb945d9c9dc,PAY3c7c890577,2025-12-08
ACCb945d9c9dc,PAYad3704a099,2025-12-08
ACCa6bd65ae6e,PAY07eeec5e7d,2025-08-01
ACCa6bd65ae6e,PAYbbbb52ffbd,2025-08-01
ACCf52c64df90,PAY241e2624826,2024-11-01
ACCf52c64df90,PAY198322659d,2024-11-01
ACC0d41a3ad02,PAY3e89cb3cb1,2024-09-17
ACCf85c7246c6,PAY6572203cf8,2025-09-30
ACCd51a59bb4d,PAYc1a6fb9c62,2025-10-09
ACCd51a59bb4d,PAY50280c417b,2025-10-09
ACCdcc7e5150e,PAY35f2451266,2025-10-06
ACC89dafb1635,PAY7a08a36623,2026-01-20
ACCcd18b2fd8a,PAY78a2f5853f,2025-11-14
ACCcd18b2fd8a,PAY02a4fd73a3,2025-11-14
ACCdb0670c2d6,PAY2e22fc1954,2025-02-03
ACCdb0670c2d6,PAYa0d244d94ab,2025-02-03
ACCcc601c1a06,PAYa3c8f660a9,2026-03-30
ACCfb05f61d5f,PAY3856ebab4d,2025-01-18
ACCfb05f61d5f,PAY39f8439597,2025-01-18
ACCc9d04a4d57,PAY84aa0133B9,2026-06-02
ACCd8077d79fc,PAY65e1e4d745,2026-07-13
ACCb733d1746f,PAYc939e2c755,2026-06-27
ACC97b7b2e373,PAY39d1845182,2026-03-24
ACC97b7b2e373,PAY8e340e533e,2026-03-24
ACC86f370adf2,PAY98cca411c3,2024-09-21
ACC86f370adf2,PAYbda31b636,2024-09-21
ACCc2606014a3,PAYca072803af,2026-06-12
ACC54c2edb4c2,PAY3933fc5b2,2024-09-06
ACCcb0306418a,PAY774b0b58eb,2025-01-10
ACC8fa0335629,PAYc339f35be6,2026-08-27
ACC895cf57791,PYAaca6e96826,2024-10-03
ACC895cf57791,PAY085fe6e125,2024-10-03
ACCe29a1e081b,PAY62cf06f0c9,2026-07-26
ACCe29a1e081b,PAYb28a5c2eb4,2026-07-26
ACCed5fb2a9cb,PAY16b56c4f79,2026-01-21
ACCed5fb2a9cb,PAY048a7b72dd,2026-01-21
ACC504cf8f039,PAY2f1df45bf8,2025-10-06
ACC504cf8f039,PAY18081F8f72,2025-10-06
ACCf862e89d36,PAYa97b1f6146,2024-10-06
ACCf8cdbb1261,PAY5abac90213,2026-05-09
ACC9d6d231db5,PAYd0ffef874e,2026-08-05
ACC33e034d42a,PYAfa78bf2fed,2026-02-10
ACC33e034d42a,PAYd7a024d0ba,2026-02-10
ACC47acb1a003,PAY0fa8e21e86,2025-05-15
ACC47acb1a003,PAY896c7dd2cc,2025-05-15
ACC6aa94b77a1,PAY63e9e5c997,2026-04-07
ACC2da9655554,PAYd30f117b1a,2026-04-20
ACC2da9655554,PAY4c33657774,2026-04-20
ACCe1ead0c1a9,PAYbe57b637b8,2024-10-07
ACCe1ead0c1a9,PaY7839cd4bbf,2024-10-07
ACCb1f51477bf,PAY770589c7fb,2026-06-26
ACCb1f51477bf,PAYc6e5b2d702,2026-06-26
ACC12914ba19c,PAYf8791b3c96,2024-11-27
ACC12914ba19c,PYA284b4450ae,2024-11-27
ACC47138c8636,PAY8a3f0f145,2026-06-12
ACC378574ba5a,PAYce189857d8,2025-09-06
ACC5994e42ad1,PAYc57a8ccf7f,2025-01-16
ACC5994e42ad1,PAY3a83660797,2025-01-16
ACC285609ab61,PAY36976395cb,2025-12-14
ACC285609ab61,PAY5cd662c858,2025-12-14
ACC94313d630f,APY10fca7e2f4,2025-09-16
ACC94313d630f,PAaYec8258cca,2025-09-16
ACC50d480a927,PAY7835ccda4a,2025-10-21
ACC9871df8166,PAYcf9ecaf758,2026-03-01
ACCb2e69b51a9,PAY02b3325682,2024-12-27
ACCb2e69b51a9,PAYbd341b5d95,2024-12-27
ACC2773e27b76,AY64df0a3aea,2026-05-23
ACC2773e27b76,PAY6eb317030,2026-05-23
ACC0198db9df1,PAY892e5a8bde,2025-08-29
ACC0198db9df1,PAY1c30618057,2025-08-29
ACC738f143099,PAY29a2c419d3,2025-02-06
ACC4e8850bbf9,PAYca63fb26d3,2024-10-26
ACC0c9a589b0d,PAY29f5771407,2025-08-07
ACC9ee9b6bd1f,PAYa87d301f17,2025-07-22
ACC9ee9b6bd1f,PAY101a012331,2025-07-22
ACCdee4260e7d,PAY211e408f95,2025-01-31
ACCdee4260e7d,PAY524b62d765,2025-01-31
ACC7faea46e31,PAYc716c2fd1c,2026-08-02
ACC7faea46e31,PAYc540971b89,2026-08-02
ACCf19d0bbedc,PAY0bd85c66bb,2025-03-01
ACCf19d0bbedc,PAY43c7b333a7,2025-03-01
ACCed95da79f9,PAYd69fddbe22,2025-10-10
ACCb49d3085ef,PAY83af7br3133,2025-03-30
ACC3f0eb87982,PAYbbff95397b,2025-08-15
ACC472ee0652a,PAY46f7fb81b4,2024-09-25
ACC472ee0652a,PAY050f51e5b5,2024-09-25
ACCf5800040b4,PAYf1a1d5a581,2025-09-03
ACCcdfaedd10f,PAYdcda4bace9,2025-04-23
ACC0fc7aa7cd7,PAY169dd851c79,2025-03-30
ACCf457df0ffb,PAY3dbf0e5fef,2026-08-15
ACCf457df0ffb,PAYa2e78bc79a,2026-08-15
ACCdf3507dc63,PAY920a013d4,2026-01-21
ACCdf3507dc63,PAY73d6d2c910,2026-01-21
ACCff9666929e,PAY3692da4c8B,2025-03-13
ACCff9666929e,PAYb938a949cd,2025-03-13
ACC01e7119c3b,PAYfb43e76037,2025-12-12
ACC364b662adf,PAY6ccb4ecf96,2025-06-05
ACC364b662adf,PAY48e655d24d,2025-06-05
ACCad5786b6fe,PAY446984de76,2025-05-27
ACCc1be07748f,PAY3f7fc0892sc,2025-09-07
ACCabb630ee9e,PAY2d5cfe6498,2026-05-31
ACC0688ff3bc9,AYbd072a9274,2024-09-28
ACC0688ff3bc9,PAYAc5a0de8fe,2024-09-28
ACC5550327178,PAY3c7b2c8e97,2026-07-21
ACC2dd33d925f,PAY899ec3a034,2024-11-11
ACC200c3dee64,PAY47a71b619a,2024-10-12
ACC6ca924a979,PAY623a80bb60,2024-09-09
ACC58a3b31df1,PAY74f29b8t56a,2026-01-03
ACC58a3b31df1,PAY25c6229f2f,2026-01-03
ACC9ef0554884,PAy5ad4fe3078,2026-01-16
ACC9ef0554884,PAYadbda2dE5d,2026-01-16
ACCaa6edd1a4a,PAY8be3de8b59,2025-09-02
ACC97b4c3cf94,PAY0974f291a,2026-07-28
ACC5d844fe512,PAY81116a1a14,2025-04-17
ACC2a26ebde36,PAY54d8385fe,2025-12-08
ACC2a26ebde36,PAYcb06e1992e,2025-12-08
ACC0076ac5d8e,PAYc2ea731e24,2025-12-20
ACC0076ac5d8e,PAY82a773d14a,2025-12-20
ACC075185a103,PAYa5645ddd6b,2026-07-01
ACC075185a103,PAYb97f10089c,2026-07-01
ACCdf5de3d03e,PAY7639f60e60,2025-07-01
ACCdf5de3d03e,PAY9dd2d80a78,2025-07-01
ACC5f0c3cf6db,PAYa59a78c19a,2024-11-29
ACC1c9e791da1,PAY0f58f84a4a,2026-08-04
ACC1c9e791da1,PAYaf5740335b,2026-08-04
ACCc34922e7c0,PAYe358371525,2025-08-02
ACC87e50bd558,PAY6ceaff5013,2025-07-10
ACC8a37379800,PAY28e34644f9,2026-08-08
ACCb0b757cc3a,PAY7r4be363f88,2026-06-12
ACCc3fb1e0484,PAY97632327c,2025-05-05
ACCc3fb1e0484,PyAY32d88d8926,2025-05-05
ACC2da8dd41e4,PAY6514d4f70e,2026-05-24
ACC8f7399d00c,PAYa08ce03065,2025-07-03
ACC8f7399d00c,PAY89609dc0f1,2025-07-03
ACCa43966ed8c,PAY558029069,2026-01-25
ACCa43966ed8c,PAY6e272461f9,2026-01-25
ACC6255e3a3b7,PAYc6a5f20d66,2025-03-10
ACC08ac13a2a2,PAYb8c3e4167c,2025-05-11
ACCc5b06ffe37,PA565c1e133e,2025-11-19
ACCd716861b46,PAY331858f156,2025-02-22
ACCd716861b46,PAYfec41a0f24,2025-02-22
ACC34311722b8,PYacc1153958,2024-09-08
ACC4f76b480b3,PAY3f27ad6d16,2024-11-30
ACCd8f47fe2f3,PAY6c4b943e6b,2025-11-04
ACC4ee39f0240,PAY129df86518,2025-08-26
ACC4ee39f0240,kPAY1d7fddb3ca,2025-08-26
ACC8af406cbed,PAY84f65382a9,2025-10-23
ACC8af406cbed,PAY66b8ced175,2025-10-23
ACC2c4d5d99e7,PAYcaabb2d631,2025-08-17
ACC2c4d5d99e7,PAY5c912d4402,2025-08-17
ACC4839be4044,PAY36F91e8a87,2025-12-22
ACCf7cccd1fc1,PAY0564f34951,2025-10-18
ACCf7cccd1fc1,PAY2eadbd9ee2,2025-10-18
ACC3c5c04fea5,PAY666da29db5,2026-08-08
ACC3c5c04fea5,PAY014affeaa,2026-08-08
ACC89eadf5d42,AY0b8fa05ec6,2026-06-07
ACC89eadf5d42,PAY60a61fbc7,2026-06-07
ACC4092ec15ef,P8AYcb7bdc99c3,2026-03-28
ACC4092ec15ef,PAY8577ec8da9,2026-03-28
ACC6cb074d25b,PAY3064877904,2026-06-18
ACC6cb074d25b,AYdc07a9189a,2026-06-18
ACCa410b3255f,PAY048ah173d4d,2026-08-26
ACCa410b3255f,APY0066f3e8e2,2026-08-26
ACCbc4aab85c7,PAY4d3e098070,2024-09-22
ACCfad8ecb4ed,PAYfefe25e7d7,2026-06-15
ACCfad8ecb4ed,PAY066a4fd173,2026-06-15
ACCaab04be5a0,PAYefdaec68c1,2025-11-25
ACC374b16618b,PAY1e51af78f3,2025-05-06
ACC0a5a5e4580,PAYc74b56c1a9,2025-10-31
ACC0a5a5e4580,PAYa73aa129d3,2025-10-31
ACCe8b2ad4196,PAY053886872b,2026-03-24
ACCf6145f1987,PAY92c33585d,2026-07-28
ACCf6145f1987,PAY6389e1958f,2026-07-28
ACC9a207c8ab4,PAYfd8a5c1e43,2025-05-28
ACCca0f590e72,PAYa4C104c023,2026-08-13
ACCca0f590e72,PAY73c68a2875,2026-08-13
ACC534959af47,PAY3e21a7f718,2025-06-21
ACC81a1eac6f5,PAYe98f795d12,2026-07-23
ACC81a1eac6f5,PAY373d18b5e1,2026-07-23
ACC037af2b06c,PAYaf35dx7aae5,2026-01-10
ACC037af2b06c,PAY20e2b347e4,2026-01-10
ACC3553588243,PAY06d5599f06,2026-04-01
ACC3553588243,PAY69dbb22240,2026-04-01
ACCcdf20d81d3,PAY5ad9b33256,2026-03-22
ACC3e62feb57b,PAY3f5b3902ac,2025-11-06
ACCb93a71ed8c,PAYd61d84a4bc,2025-04-28
ACCb93a71ed8c,PAY8bf658c9a2,2025-04-28
ACCed56af2a7e,PAY75eb3159d6,2026-02-02
ACC08bbb14d4c,PAYe4117a4f1c,2025-09-16
ACC08bbb14d4c,PAY1b880o6c7ca,2025-09-16
ACC6a65afd253,PAYe9a9cd91cd,2026-08-17
ACCc28d41bd42,PAYdb778a780,2025-08-31
ACC361ba07f2c,PAY3cb39a56ba7,2025-07-31
ACC361ba07f2c,PAY80d00980a2,2025-07-31
ACC986893d179,PAYf0646de753,2026-08-14
ACC0d07100ac0,PAbY6a227d760,2025-02-03
ACC0d07100ac0,PAYb0d84c5521,2025-02-03
ACC73ca9d873b,PAYbde616ed89,2026-05-11
ACC73ca9d873b,PAY24bd52985b,2026-05-11
ACC28ed5e00ec,PAY47e4e0c482,2024-12-16
ACC715ddb2561,PAY5aceaea628,2025-06-09
ACC7c5d0c9fcf,PAYb438e2d7d5b,2025-05-11
ACCf4ec468be9,PAYbb34bfe9d6,2026-03-26
ACC249a246fe6,PAYf55fdf8d57,2024-10-14
ACC433645fdf3,PAY14e55cdcd9,2026-08-13
ACCe3267320dc,PAY8b93cfee1e,2025-06-09
ACC330542b1e5,PAYf4ca090e1d,2026-04-12
ACC330542b1e5,PAYed3b0634af,2026-04-12
ACC0cf744e55f,PAY2fe58f8b4f,2026-08-01
ACC0cf744e55f,PAY20f8a9ccd,2026-08-01
ACC78f13fb5ae,PAY2d6412fccf,2024-09-15
ACC78f13fb5ae,PAY0e032o591c1,2024-09-15
ACCf98ed0123f,PAY53ad9a590c,2024-09-24
ACCb15145f594,PAYf34fd25002,2026-06-04
ACC0d5e2277f2,PA360011d70f,2024-10-25
ACC3ae38c31ef,PAY243db4c8fb,2025-11-16
ACC440274844e,PAYb3a18c857,2025-11-27
ACC252a986b45,PAY7620dab869,2025-08-17
ACC0b6569e1bf,PAYe6563fa3e2,2026-03-08
ACCe9b74861cf,PA3Y898641e21b,2026-08-09
ACCe9b74861cf,PAY93972e46b9,2026-08-09
ACC0c37096e00,PAY815ba2f19f,2025-07-27
ACC0c37096e00,PAY2d25817c7e,2025-07-27
ACC6868809630,PAYfb9d52db23,2025-03-10
ACC6868809630,PAY369f3c07c8,2025-03-10
ACC7cbb722cf3,PAY6be7f11e2,2025-07-25
ACC5e16eda59f,PAY23774e22da,2026-04-18
ACC5e16eda59f,PAYb97f1bc9e4,2026-04-18
ACCf13abfbf17,PAY580ee5189a,2024-11-19
ACCf13abfbf17,PAYb549143613,2024-11-19
ACCfc278c40a9,PAY925315061,2025-12-06
ACC3f2968ed35,PAYf9ec6998a9,2026-08-18
ACC3f2968ed35,PAY3c9bb85a19,2026-08-18
ACCba7e05e6ec,PAYb102205c3,2025-04-26
ACC63d3ea84b6,PAYba34a3cafb,2024-11-07
ACC63d3ea84b6,PAY78dd1d2cae,2024-11-07
ACC0e3836970a,PAY1a9400aa95,2026-07-19
ACCb388bb00ef,PAY90f2b10a2,2026-08-18
ACC91242d35e5,PAY56488ef69e,2025-03-01
ACC52f580d669,PAY222c09a4b,2026-05-26
ACCa9a99c65fe,PAY9d97a40b9,2026-06-23
ACCa9a99c65fe,PAYef5b24084,2026-06-23
ACCfa1a91cd28,PAY710b512ec4,2026-03-24
ACCb375a23421,PAY17cc1e9c0,2025-11-27
ACCb375a23421,PAYdf90c8a241,2025-11-27
ACC95c1335162,PAYa3291bye5a1,2025-02-14
ACC95c1335162,PAY8bfd59d1d4,2025-02-14
ACCb541455b88,PAYbf42425ccb,2026-07-15
ACCb541455b88,PAYa41423d727,2026-07-15
ACCf219cc5108,PAYbc7a4dd34,2026-02-02
ACCf219cc5108,AYfd00aaf713,2026-02-02
ACC492069d5d8,PAY3dc5d3cFf3,2024-11-27
ACC6f72d1980d,PAY5d355bd4d,2024-11-28
ACC6f72d1980d,PAY676d2e714v7,2024-11-28
ACC631dfe0a4c,PAY5b558f3448,2026-02-06
ACCe7250850df,PAY1cd5032931,2026-02-17
ACCe7250850df,PAY40c4f97bda,2026-02-17
ACCc33afcc797,PAY7d1ec21b83,2025-10-29
ACCb1ce6871d1,PAY44d65fbe2b,2026-05-22
ACCb1ce6871d1,PAYaed48575d,2026-05-22
ACC1a30013c23,PAYafbdf491f0,2026-02-19
ACCa2e73eccc6,PAYf3F4fb3682,2025-07-26
ACC62134818ee,PAY3ca592aa8d,2025-08-12
ACC62134818ee,PAY663267bb141,2025-08-12
ACC895408a489,PAY1cd7543bab,2026-01-14
ACC895408a489,PAY96ef62c353,2026-01-14
ACC3d7b1d25b7,PAy5b89eec4ec,2024-10-03
ACC2b7ff0691e,PAY33512591d6,2025-01-10
ACC2b7ff0691e,PAYb39f1a8af4,2025-01-10
ACCdd5136325d,PAY695db2c441,2025-05-07
ACCe8a081a889,PAY22912838ef,2026-08-29
ACC5c6c131215,PAY3fa1255877,2026-03-02
ACC5c6c131215,PAYe53114A58a,2026-03-02
ACCf97d5cfced,PAYb05c2b1e3b,2026-06-09
ACCf97d5cfced,PAY106465d848,2026-06-09
ACC8adcefcaf6,PAYba9d104fa9,2025-11-10
ACCa4dadb5f1d,PAYd6dcc7dabf,2024-10-22
ACCa4dadb5f1d,PAYfa2012e82b,2024-10-22
ACC5be682cd75,PAY7f43b097a0,2025-12-04
ACC35fb75d5be,PAY349a62c470,2025-07-30
ACC35fb75d5be,PAY2a871048d8,2025-07-30
ACC3d68e62257,PAY6a21067fc8,2026-06-13
ACC2fb7618c18,PAY6ab2b4bcfbe,2025-10-24
ACC2fb7618c18,PAY4cb595z34c3,2025-10-24
ACCfe3020750d,PAYf5E59de224,2025-11-04
ACC6930859900,xPAYec9ce68f3c,2026-07-08
ACC6930859900,PAY28060eb9726,2026-07-08
ACC0cbd60a4ad,PAYd7b3197329,2025-09-05
ACCe41cd2a311,PAY84255fe6c0,2026-06-10
ACC7fb4eecefd,PAYc67c65959,2024-12-27
ACC15a1f51170,PAYacba4844d3,2026-01-10
ACC4416ca0da4,PAY4a8001w5aa4,2024-12-30
ACCbd8838e688,PAY3fc72c36d0,2025-12-24
ACCbd8838e688,PAY2ae5075526,2025-12-24
ACC7eb1a3e611,PAYe8g25a47247,2026-05-23
ACC7eb1a3e611,pAY2dca956866,2026-05-23
ACCa4148d5acc,PAYf415c618a1,2025-12-09
ACC54422da6f2,PAY549036bb1e,2025-06-30
ACC54422da6f2,PAY79338552ff,2025-06-30
ACC93819aea4f,PAY666e8dd416,2026-07-31
ACC93819aea4f,PAY0a6dc49d39,2026-07-31
ACCe3445b2bf8,PAY74963612c,2024-10-17
ACCe3445b2bf8,PAYbbbb529b04,2024-10-17
ACC6142c0c00c,PAY257701330e,2025-12-24
ACC6142c0c00c,PAYe674e3e111,2025-12-24
ACCd03ffb11da,PAY96f78f32a7,2025-03-20
ACCd03ffb11da,PAY60613Bca50,2025-03-20
ACC5696d64721,PAYcd0a61d91d,2025-10-21
ACC961e993bf7,PAYb2af02c3b,2026-05-07
ACCdd61448540,PAY98c1f76e05,2025-10-18
ACCfc40bcf1ea,PAYf14cb68c13,2025-04-27
ACC1511f162c5,PAYf8d3of37eb5,2025-08-12
ACC1511f162c5,PAYff828f3bdb,2025-08-12
ACCa376676e6b,PAYc2cc63f2b9,2026-03-24
ACCa376676e6b,PAYff9ef7bd91,2026-03-24
ACC6e4a5675cf,PAY3d9aa8d68a,2024-11-25
ACCb0b3993940,PAY439991cc6,2026-01-15
ACC26e94a261d,PAY7fbd1e1980,2026-08-26
ACC26e94a261d,PAYd1e03ddcd3,2026-08-26
ACC262e389354,PAY6679510b5b,2025-10-12
ACC262e389354,PAY61fb9207e9,2025-10-12
ACCb571376bfa,PAY6f9fbe77a4,2025-03-09
ACC764a48774f,PAY5bad7f6213,2025-03-21
ACC660c7cb997,PAYc713102b90,2024-12-19
ACC39a868c39c,PAY889824c6fi3,2025-07-21
ACC39a868c39c,PAYa0f79ad91,2025-07-21
ACC708e759c32,PAYf705529e45,2025-11-16
ACC708e759c32,PAY62412a15ff,2025-11-16
ACC079afaad4e,PAY85310935a8,2025-08-18
ACC079afaad4e,PAY6ab702a962,2025-08-18
ACCb4f0ad99ba,PAY0995f09061,2024-12-29
ACC9c6068b5bc,PAY94cb64866a,2025-03-07
ACC9c6068b5bc,PAYb6d12800e0,2025-03-07
ACC2dfab36c2b,PAYf8942fa6e3,2025-04-03
ACC3835fad849,PAY76cb990b48,2025-02-12
ACC3835fad849,PAY69561db882,2025-02-12
ACCea20cce92c,PAY7fedc7c47d,2026-02-24
ACC0ed675c479,PAY7724abf51b,2026-01-28
ACC083fed6698,PAY597f9e77bc,2026-04-18
ACC083fed6698,PAY05b62a37d,2026-04-18
ACCa8782a802b,PAY997e7af4b7,2026-07-25
ACCa8782a802b,P0AYc4859335cb,2026-07-25
ACC3d5d60a981,PAY4f7be4d54,2024-12-23
ACC6364607432,PAYA55004fb18,2025-07-22
ACCd6fe4cf470,PAYbfb2ce3e6d,2026-05-18
ACC67c12fd3fb,PAY1a462e6690,2026-04-02
ACCcf87947b74,PAYba062c0bf2,2025-06-07
ACCaa0c8bd802,PAYce29e257f9,2025-12-30
ACCd7a0787c06,PAYe175906d87,2025-08-02
ACCd7a0787c06,PAYb9ccc296b,2025-08-02
ACCc197d70f91,PAY614df1e88c,2026-06-22
ACCce0c018ed0,PAY9e0a35b890,2025-10-25
ACCce0c018ed0,PAY900e009689,2025-10-25
ACCb70990f480,PAYf12f8817ea,2025-12-03
ACCb70990f480,PAY6fa3090d0a,2025-12-03
ACCf0dfc57672,PAY2b5d63e9df,2025-05-21
ACCf0dfc57672,PAYcfca76b7bd,2025-05-21
ACC507865a9b0,PAYafd23c2a02,2024-12-15
ACCc54856ff87,PAY712fdde57f,2025-03-17
ACCe4b557669b,PAYf4fa3cf519,2025-02-02
ACCe4b557669b,PAYa2112f2c0c,2025-02-02
ACCdd300d0a40,PAYw48d0c6db57,2025-08-06
ACCdd300d0a40,PAYff816ce2a4a,2025-08-06
ACCac4ca445ac,PAYbfeebcd7d0,2025-07-15
ACCac4ca445ac,PAy7aa09a839b,2025-07-15
ACC8ad8beb038,PAY45dnf1d495a,2026-02-27
ACC8ad8beb038,PAY345502219a,2026-02-27
ACC7dead38866,PAY76ae40a421,2025-06-24
ACCc0fdb02f8c,APYdc6cfa0a74,2026-04-14
ACCc0fdb02f8c,PAYdadd0a4ce7,2026-04-14
ACC2d874014f4,PAY15f9ce47f6,2026-07-29
ACC2d874014f4,PaY715c466f8d,2026-07-29
ACC0ac8314a11,pAY028c7b6452,2024-11-26
ACC0ac8314a11,PAYf6eada6ae,2024-11-26
ACC6d8f84e286,PAYa2f0a270ab,2025-01-14
ACC6038a1c998,PAYba2c5554720,2026-07-18
ACC6038a1c998,PAYcc225a7078,2026-07-18
ACCa736a75897,PAY7b82a09640,2026-01-12
ACC744bcc90bf,PAY8d0c41e732,2026-08-19
ACC3cad6d1024,PAY42c2570180,2025-11-14
ACC3cad6d1024,PAY54d02bee2b,2025-11-14
ACC6d86759271,PAY99c73c5c9e,2026-04-09
ACC3a18a0e208,PAY70e87cb20c,2026-06-02
ACCc992f21265,PAY042912c14e,2026-03-23
ACC128ffb5c5e,PAY229ecae275,2025-05-27
ACCe0bdf7729b,PAYb02d351ace,2026-01-25
ACCe0bdf7729b,PAYa39eb54f7a,2026-01-25
ACCf85e9afed6,PAY883856cbed,2025-11-04
ACCf85e9afed6,PAY4f1d627ee5,2025-11-04
ACCd35b883c31,PAY0326618886,2026-04-19
ACCe1f57ff27f,PAY08d3ef3dd3,2025-12-20
ACCe1f57ff27f,PAY61710ca711,2025-12-20
ACCe9923e930c,PAYf1E0677200,2025-10-02
ACC0fd487b58c,PAY6C433bbe30,2025-03-12
ACC909e34adb0,PAYbd44d260f,2026-02-24
ACC32098b3231,PAY5a87aabcef,2026-01-16
ACC886cde1891,PAYdecbc9eb1b,2024-11-13
ACC30fd89d064,PAY191f247f97,2025-03-29
ACC30fd89d064,PAY5d05b7d4e1,2025-03-29
ACC480277601f,PAY3b1a827b54,2025-11-08
ACC480277601f,PAY7334d2488f,2025-11-08
ACC34d37087a7,PAY8664c65694,2025-08-10
ACC3d28015b62,PAY7c533e6d34,2026-05-14
ACCcd9b39529c,PAY64daf69fa8,2026-06-21
ACCc9bb85cde4,PAy04de40cef8,2025-10-05
ACC8c87fa8c4c,PAY294be8fb06,2026-02-13
ACC8c87fa8c4c,PAY4943c8e5b1,2026-02-13
ACCfabec42ff3,PAYcce304c139,2025-10-08
ACCbcbbab5022,PAY9b98263300,2026-07-29
ACCbcbbab5022,PAYf8debbd3b1,2026-07-29
ACC6f9a2fc2e1,PAY40f3c42344,2026-05-29
ACC6f9a2fc2e1,PAY1745b032a3,2026-05-29
ACCc68418c76a,PAY6178d51eed,2026-03-07
ACCa1b04cc7de,pAY7abd5eefd8,2025-11-25
ACC3eadb811af,PnAYe085847dae,2025-04-30
ACC9830771a60,PAY40ea053d58,2024-10-02
ACCdb463e4479,PAY59edb84a3ae,2025-03-11
ACC59861638bf,PAY3d2743524d,2025-04-28
ACC59861638bf,PAY3ebc23d33,2025-04-28
ACC3b188abbdb,PAY343b72c95cc,2024-12-05
ACCd62aba10ce,PAY95302c8e33,2025-12-03
ACC9e67ce59c5,PAYaef947b04,2025-10-04
ACC9e67ce59c5,PAYb6c71672d3,2025-10-04
ACC18ca569187,PAY9d6fd1ddeb,2024-12-15
ACC696d230c75,PAY185b64e80e,2025-05-21
ACC696d230c75,PAY2e24d6f61b,2025-05-21
ACCffaae0d570,PA76a020eb6c,2026-05-29
ACCffaae0d570,PA3Y5291ffa6a,2026-05-29
ACC6897a70bbb,PAY489e688880,2024-12-11
ACC6897a70bbb,PAY2cc7c5f871,2024-12-11
ACCba944cdcfd,PAY5673142b7F,2024-09-15
ACCedecdee8a9,PAYaf8587b1e0,2025-01-13
ACCedecdee8a9,PAY76fb876ebf,2025-01-13
ACC951d5c7857,PAY603c78f94a,2024-12-17
ACCe50f336e75,PAYa1bce44a805,2026-04-01
ACC09afbac037,PAY3e86d67669,2024-10-29
ACC09afbac037,PAY8a63f04bd6,2024-10-29
ACC88224369db,PAY05b9a2169,2026-07-20
ACC88224369db,PAYca1c805617,2026-07-20
ACC3e02766bf5,PAYcf1c8614b9,2025-04-12
ACC3e02766bf5,PAY7994fd14d6,2025-04-12
ACC6f80d41f56,PAYa1c8562343,2025-03-18
ACCd0dcbfbac0,PAY48656aa1b8,2026-03-24
ACC6f1ce6aee9,PAYfe31999d4d,2025-09-28
ACCb0681479ff,PAY67b5e4d1c1,2025-12-10
ACCb0681479ff,PAY5306f9a7a5,2025-12-10
ACC39c239fce0,PAY50aa525305,2025-12-29
ACCbfe7e174b6,PAYcb2ffd0601,2025-12-28
ACCbfe7e174b6,PAYb096397348,2025-12-28
ACC51ad7603c6,PAY4c0f50571c,2026-01-28
ACC4c4b6eed92,PAY81ff0715fb,2025-01-10
ACC50bc7a99bb,PAYcf943198dp4,2026-04-13
ACC2773fb4d8a,PAY4a5bc542934,2026-01-30
ACC2773fb4d8a,PAYafce082d7f,2026-01-30
ACC85271d1da1,PAY492b6f1c91,2025-11-12
ACC85271d1da1,PAYcfd4f2ddE1,2025-11-12
ACCeb54226356,PAY803469454d,2026-01-22
ACC7da8a60869,PAY6e3fd6e0d2,2025-05-08
ACC7da8a60869,PAYaaf12810b,2025-05-08
ACC97bb7f8b3c,PAYacc9001927,2025-09-30
ACC3a3eb13fd5,PAY0ffc504944,2025-05-28
ACC21229320e4,PAydc5b914f3e,2024-11-26
ACC21229320e4,PAYe38860dae,2024-11-26
ACC69855aea2e,PAY63842105c8,2025-10-04
ACC31ff3bab81,PAYedf60838a7,2024-10-12
ACC31ff3bab81,PAY90d45394f8,2024-10-12
ACCafd0135b50,PY3594f85622,2024-12-07
ACC7c66e59f77,PAY16fca8b9a,2025-07-03
ACC7c66e59f77,PAY8c7915e593,2025-07-03
ACC747a4ef63a,pAY3351a5254a,2025-09-28
ACC3844f77454,PAY2c6e71fe2f,2025-09-19
ACC3844f77454,PAY2fcc5f9b56,2025-09-19
ACCc0f79bb9d9,PAY16238e5a59,2026-04-29
ACCc0f79bb9d9,PYA1df4baf6c8,2026-04-29
ACCc4263aa951,PAYb6ef2c9f75,2025-04-14
ACC3b82417e49,PAY97cf701ae,2025-11-04
ACC3b82417e49,PAY41e29c1ef7,2025-11-04
ACCdf0c3e1dca,PAYf4d06f1bdb,2024-10-13
ACCdf0c3e1dca,PYA25d8cef6ce,2024-10-13
ACC219d9e2b18,PAYe27387604,2025-12-25
ACC219d9e2b18,PY44519aa3bd,2025-12-25
ACC3cd47d3440,PAYb035F59b99,2026-07-16
ACC41093f00d1,PAYe53642be2b,2026-05-26
ACC41093f00d1,PAY0a55ffx1cb1,2026-05-26
ACC0203b3314f,PAY5d5a9e3311,2026-08-14
ACC0203b3314f,PAYc1bd44a6d,2026-08-14
ACCd33f369171,PAY9fa5f3671e,2024-10-01
ACCbc642a47e6,PAY829997b8a4,2026-03-10
ACCe71b51a991,PAYfa8059128e,2025-04-21
ACCe71b51a991,PAY11dfeca475,2025-04-21
ACC20c2b2e3d5,PAYc5sd9970598,2025-01-01
ACC20c2b2e3d5,PAY2d5b8eedd9,2025-01-01
ACC9d5fe762ea,PAY58e03c8855,2025-01-01
ACC9d5fe762ea,PAYb77e034058,2025-01-01
ACC76ff0f7faa,PAYad1c2cd4c0,2025-04-23
ACC76ff0f7faa,PAY90c71b3dc6,2025-04-23
ACC4dbab094ef,PAY33fa9c86b6,2025-03-16
ACC4dbab094ef,PAY956a409315,2025-03-16
ACC37e1f465aa,PAYcd262fe1a5,2026-07-24
ACC2e0088baea,PAY3f7102db37,2025-07-03
ACC6d29cde8f1,PAYb25460d708,2026-01-30
ACC6d29cde8f1,PAYfcd307f1db,2026-01-30
ACC589c329ad3,PAYc4100394d7,2024-10-03
ACC589c329ad3,PAY1b0ca0dc0d,2024-10-03
ACCe39e8f60bb,PAY20168ef723,2024-10-16
ACCe39e8f60bb,PAY964e3d4zf36,2024-10-16
ACC24461d0feb,PAY6154cabefe,2026-04-10
ACC0a032e87cb,PAYbb5254dbc2,2025-12-17
ACC0a032e87cb,PAY136355cd3b,2025-12-17
ACCd6b98b13db,PAY2dd886eba,2025-02-28
ACCeae8fb44bf,PAY595868f4cd,2026-04-21
ACC5ae0bcb700,PAY8bab114756,2024-12-29
ACC5ae0bcb700,PAY636b008aff,2024-12-29
ACC9a05c1fd3d,PAYe0cbda57b4,2025-06-25
ACCcc98b82633,PAYea901368akb,2026-05-04
ACCe16339ef62,PAY9d92ea3a0c,2026-01-31
ACCe16339ef62,PAY780d7a8920,2026-01-31
ACCbb46445b3b,PAYfdd4aa01e7,2025-03-02
ACCa06224a3af,PAYc4ab106185,2024-11-26
ACC243b2b5122,PAY57afcdda14,2025-02-09
ACC73a9adc14e,PAYc2b9375ab0,2024-12-26
ACC73a9adc14e,PAY55b7be6f1f,2024-12-26
ACC0aed2b442c,PAYa697179291,2025-11-13
ACC0aed2b442c,PAY3f53439298,2025-11-13
ACCf408559597,PAYe9ee282a58,2025-05-22
ACCf408559597,tPAYd2feed63d9,2025-05-22
ACC6e5e53ad0e,PAYc577ba1d6d,2025-06-30
ACC6e5e53ad0e,PAY6574635811,2025-06-30
ACC07866a54f0,PAYe2c06219a13,2025-08-03
ACC6026fafd4e,PAYab5cf033fa,2026-08-24
ACC04cc166af1,PAYcd2c37d892,2024-09-04
ACC04cc166af1,PAY3acda5eee9,2024-09-04
ACC6601813793,PAY3f1c0f79d3,2024-12-01
ACC5cea06900c,AYcada320e76,2026-07-22
ACCb44f5f116b,pAYefc46f3a08,2025-04-17
ACC08c7cff3b9,PAYe5e64caEb7,2025-09-05
ACC849183c087,PAY2cebA7b537,2026-02-16
ACC798eeb1a19,PaY23e758b165,2026-02-08
ACCcfa02adae3,PAY6845acdadf,2026-07-10
ACCcfa02adae3,PAY3e7326401a,2026-07-10
ACCebbd2f12c5,PAY03f710efef,2026-07-24
ACCebbd2f12c5,PYA7f388bfc74,2026-07-24
ACC63380a151d,PAYd90c743c87,2025-03-01
ACC63380a151d,PAY23be7ff605,2025-03-01
ACC3296281016,PAYc82c9bd513,2026-02-16
ACC6d07c2a9f4,PAY744b1e69e,2024-12-17
ACC893fb7fa03,PAYc35a7f0605,2026-01-19
ACC893fb7fa03,PAYcf957817b0,2026-01-19
ACCdd86ccabeb,PAY660a79861a,2026-01-15
ACCa2e835a2b5,PAY38d80da22a,2026-02-21
ACCa2e835a2b5,PAYcc6ff117a5,2026-02-21
ACCf1ef5a422d,PAYb8fc56053f,2024-11-01
ACCf1ef5a422d,PAY3e125362e7,2024-11-01
ACC3b3ae40aa5,PAYd19f807dd6,2025-08-05
ACCb2663e1f8b,PAY81f797ba99,2025-04-22
ACCb2663e1f8b,PAY77dy80c9062,2025-04-22
ACCd6af7f37ac,PAYe5375be048,2024-10-03
ACCd6af7f37ac,PAY28d10bc152,2024-10-03
ACCec75c6935c,PAY5f1cedcdf6,2025-12-04
ACCec75c6935c,PAY725be5431a,2025-12-04
ACC8bd9f07156,PY29719a487a,2026-07-31
ACC527b646d6d,PAY13e1f196ec,2025-09-10
ACC35db36c9d4,PAY711f9d44a8,2025-01-23
ACCf7107f1886,PAY4da1ed8db6,2026-03-29
ACC2802664569,PAYa399ed81ea,2025-08-01
ACC22e4783343,PAYb9f2bd21d9,2026-06-10
ACC94b2fe7328,PAYfb975751d1,2025-02-15
ACC94b2fe7328,PAY18ec352ac95,2025-02-15
ACC6ffba6079f,PAY2b9bd3a2b1,2025-06-18
ACCce98608073,PAY366c0fe2f8,2025-02-12
ACC89a4a207d7,PAYc3df7f0aed,2026-07-22
ACC89a4a207d7,PAY81ecffbe36,2026-07-22
ACC886970dc98,PAY3066756b6a,2024-09-07
ACC5a1d6fb627,PAYbc73478203,2026-08-02
ACC5a1d6fb627,PAY85e2ba17a2,2026-08-02
ACC9001ede284,PAY1526d47302,2026-04-07
ACC9001ede284,PAYc1287c8cc0,2026-04-07
ACC0777e68369,PAY62f55ee1eb,2025-11-27
ACCe91ed335c8,PAY6aff15d629,2025-06-03
ACCcca21977cb,PAY228f4498e3,2025-07-08
ACCcca21977cb,PAY14c04b358,2025-07-08
ACC4408b25e2f,PAY1de0a535c3,2026-07-11
ACC187e6db829,PaY6eaa6e3fe0,2025-06-06
ACC187e6db829,PAY67c73995ea,2025-06-06
ACC66187b1090,PAYa2759b6339,2025-12-31
ACC10abd9899e,PAYfc7e3c864wd,2025-04-20
ACC470ab5ad6d,PAYf12e3442b0,2025-06-17
ACC470ab5ad6d,PAY41dd4a1282,2025-06-17
ACCd34787697b,PAY4a3f8b31d,2025-10-04
ACCf6e7474ced,PAY24cddcD328,2024-12-21
ACCf6f7126146,PAYd8f98468bd8,2026-03-13
ACCf2583fa17b,PAYba3c6d4f66,2026-04-16
ACCf2583fa17b,PAY31ed52aa30,2026-04-16
ACCf1106e02b7,PAY3fb08efe4,2026-05-24
ACCf1106e02b7,PAYd9fb8d02c7,2026-05-24
ACC8bd5dfaf05,PAY2afee69623,2025-10-30
ACC2fd119d675,PAY1203112b2c,2025-06-09
ACC2fd119d675,PAY5f302f1d6bf,2025-06-09
ACCced5d42fba,PAYB6fd7d8121,2024-12-03
ACCced5d42fba,PAY682548cfbb,2024-12-03
ACC3bbea1651e,PAY6edb14585d,2024-09-08
ACC3bbea1651e,PAa0598d99c0,2024-09-08
ACC70f18f9f0a,PAYdf37703ef3,2026-03-31
ACC70f18f9f0a,PAYef8b69ae4a,2026-03-31
ACC0c2a4c175b,PAYc8c3913a75,2025-11-14
ACC0c2a4c175b,PAY34f794253c,2025-11-14
ACC44252219f0,PAYb8eb8712fb,2025-07-07
ACCe3937af92e,PAY347e495d83,2025-02-02
ACCeeca72fc93,PAY43e80868a,2026-07-28
ACCbee25880e2,PAY27a8931857,2025-12-19
ACCe9abd1358f,PAY8de80bc276,2025-03-21
ACC7ff3e1ad83,PAYa69b1f11c2,2025-10-19
ACCb8c279975d,PAYdb94bff735,2026-02-07
ACCb8c279975d,PAY05dafeadd3,2026-02-07
ACC29c62ea7ea,PAY77f2b8324,2025-01-04
ACC70614135a1,PAYc02ba983a,2025-03-11
ACCde810118f4,PAY6393d85798,2024-11-10
ACC64022d841e,PAY93c9cd18c5,2025-01-27
ACCa0fb57ec2e,PAY3092707e60,2024-10-19
ACCa0fb57ec2e,PAYac22f4ed9c,2024-10-19
ACCa53b47b3e3,PAY88933adbc3,2025-12-14
ACCf334afb9bb,PAY70667480d8,2025-05-09
ACC041eb97c7e,PAY0c1c5f24e8,2026-07-23
ACC041eb97c7e,xPAYfa5cb98aaf,2026-07-23
ACC9c355d907a,PAtY1f183fd517,2025-10-03
ACC9c355d907a,PAYa537za3411b,2025-10-03
ACCf1076505d0,PAY2005b8D72e,2026-07-02
ACC3824046915,PAYb7046f5d40,2024-12-07
ACCc439b68a23,PAY399b0efe12,2024-12-07
ACCc439b68a23,PAY7aa2db897,2024-12-07
ACC5fd7d8a0bb,PAYde410b3626,2025-04-17
ACC5fd7d8a0bb,PAY1e270f9a13,2025-04-17
ACCe1d79ecc93,PAYf659e3d4a72,2026-02-21
ACC54af86137c,PAYc007576678,2025-02-21
ACC54af86137c,PAY4cb7d626b,2025-02-21
ACCe1a6fc2d78,PAY8d1d2d1c07,2026-06-08
ACCe1a6fc2d78,PAYd823ea44f61,2026-06-08
ACC68b18c6533,PAY09a5E1097d,2025-04-21
ACC68118055ea,PAY7be5835249,2025-12-04
ACC68118055ea,PAY1ae76ca67d,2025-12-04
ACC62ed3ba88d,PAY3ee26d6b02,2025-06-03
ACC62ed3ba88d,PAYe1ab9df1f8,2025-06-03
ACC21314a1938,PAY3e928f0da0,2025-01-10
ACC5385920ce7,PAYd6091f14c9,2024-11-17
ACC24068b77ee,PAY3b2a068f35,2026-06-18
ACC24068b77ee,PAY656e9fcbe5,2026-06-18
ACC19909cb246,PAc6594a53bc,2025-12-05
ACC19909cb246,PAYaa8eaf7d91,2025-12-05
ACC9888e36a9f,PAYe8c4f619c5,2026-07-09
ACC1a1670d15d,PAY827f9ce91d,2024-09-12
ACC764bc6e9cc,PAYa2745p799c7,2026-06-06
ACC764bc6e9cc,PAYabe639dff4,2026-06-06
ACCf29d2797b0,PAYb6fc8fc029,2025-12-10
ACC2c8ed61b68,PAYaddafc388,2025-02-24
ACC2c8ed61b68,PAY5c45b050b9,2025-02-24
ACC7df82d8903,PAYc7ba7bfe5,2026-04-06
ACC7df82d8903,PAY27fee9738,2026-04-06
ACCfaa3a41a94,PAYf8d4j3b9c09,2026-04-11
ACC77a9222b4c,PAY9d556714ed,2026-01-06
ACC77a9222b4c,PAY47520a6247,2026-01-06
ACC5869be070b,PAYefe689f5ee,2026-04-15
ACC5869be070b,PAY52278a8eab,2026-04-15
ACC19e6328ea9,PAYf1389750e,2026-05-09
ACC19e6328ea9,PAYdcd016d711,2026-05-09
ACC6fb9489258,PAYe60c1cf63,2025-06-08
ACC6fb9489258,PAYf6e5cb452a,2025-06-08
ACC1e8f937fc5,PAY5df7a1f08,2026-04-10
ACCf0ab782e9c,PAa18f9e0529,2025-03-22
ACCeb04abf47a,0PAY7ca8f03fd3,2025-04-24
ACC8e4da7f6d5,PAY023abf9c66,2025-05-05
ACCcea4e963c9,PAY5f27309f6,2026-07-31
ACC37c94c3d03,PAYc04148d51e,2026-02-23
ACC156afd2a62,PA6Y8f7a6b491,2025-11-14
ACC18896f5114,PAY654e677a85,2025-02-26
ACC18896f5114,PAYeeec972be8,2025-02-26
ACCb7a9eb6b4a,PAYf04c54fca,2025-01-25
ACC7ff2b1a702,PAY5a6d538f4a,2025-07-19
ACCd3b3c3131b,PAY96064030c7,2026-08-05
ACC44f3ced5ab,PAY764a881a97,2026-07-09
ACCd499d36fe9,PAY266dd76fc7,2026-06-06
ACCd499d36fe9,PAY81d84f3700,2026-06-06
ACCda61bbe031,PAY3fc618f25a,2025-07-03
ACCda61bbe031,PAY1b9bca54bc,2025-07-03
ACCa551f8c59b,pAYe988ede3d9,2026-06-08
ACC678c9333d1,PAY57ff02cf7d,2026-06-30
ACC6850bbf1b6,PAY0f25d0ed51,2025-05-25
ACCc06b76579c,PAY98350dafa3,2026-03-25
ACCc06b76579c,PAY1b554860ac,2026-03-25
ACC1475dedde2,PAY73525574f1,2025-09-21
ACC64d8d94a86,PAY5c244f5f7f,2025-11-12
ACC229c2e419b,PAY31d6d623d,2025-08-02
ACC229c2e419b,PAY3016100c37,2025-08-02
ACCc91709b27a,PAY483ec1frcf9,2024-12-28
ACC82529792c3,PAY388ffc2773,2024-10-04
ACCa8f171bd59,PAY60811100b7,2025-11-17
ACC16e6df16f0,PAY6ff31554bd,2025-05-31
ACC16e6df16f0,PAYe125ff880f3,2025-05-31
ACC8d1214b4f8,PAYfc0d3a53da,2025-05-23
ACC8d1214b4f8,PAY938fa404f6,2025-05-23
ACC2c5868933c,PAYce078f31f8,2026-01-02
ACC2c5868933c,PAY545e6eabf1,2026-01-02
ACCc331e7982f,PaY669b95b29c,2026-05-01
ACCe60774aec6,PAYaa4d3f1d83,2025-08-25
ACC96c326e1f9,PAY9a60974c3c,2025-06-15
ACCa5b31464bd,PAY83d61f99fb,2025-06-23
ACC62af4cdd7e,PAY9c9e634b9a,2026-02-22
ACC62af4cdd7e,PAY223514f1d4,2026-02-22
ACC935acb97c0,PAY4ed81481ec2,2025-06-13
ACC432bac3bd3,PAYa5f464dff6,2026-08-30
ACCf8c344639d,PAYe445f04a29,2026-06-28
ACCe70fbde942,PAYb5ca0b7417,2026-07-18
ACC0cc3d8dc78,PAY2e9d1438aa,2026-04-15
ACC371324ecf6,PAYxc3689840ce,2025-06-23
ACC371324ecf6,PAY59b370ebBd,2025-06-23
ACC5437e5db50,PAYv9151ab1de8,2025-01-19
ACC1a7793d269,PAYd183126ff,2025-10-15
ACC12d4ab3f17,PYa438c0f508,2024-09-05
ACC74e21327dd,PAY9c4607f1d,2026-04-24
ACC74e21327dd,PAY735a40fcfa,2026-04-24
ACCd3b92e71e7,PAYffcdb0be54,2026-03-11
ACCd3b92e71e7,PAY55ad23f6f5,2026-03-11
ACC044286f8b0,PAY028a677b90,2026-02-23
ACC79eba793aa,PAYe462td566bb,2026-01-03
ACCdae27b8b56,PAYa60403b35f,2026-02-14
ACC94c8180fd5,PAYdc2fc6c203,2025-03-13
ACC30a448a7d1,PAYe30a1961d3,2026-01-28
ACC30a448a7d1,PAY4e7c258e5,2026-01-28
ACC73f884d960,PAYf780d2432c,2026-07-05
ACC73f884d960,PAYb0dg3ceac27,2026-07-05
ACC318db4db60,PAYdd1f535bd31,2026-02-09
ACC9f9a29a1d6,PAY1db0773f7,2026-04-25
ACC9f9a29a1d6,PAYf74642a5a4,2026-04-25
ACC901955114b,PAY4103a3917b,2025-03-16
ACC93d72863ea,PAY944d0aes432,2025-01-15
ACC88abb08b6f,PAY17153d0306,2025-02-12
ACC76427b5790,PAYc518e099e6,2026-06-11
ACC669c747079,PAYc513ffb68a3,2025-08-07
ACC12b95e0665,PY0a8b0f936a,2026-04-13
ACC7df0563df1,PAY678c99622d,2026-08-09
ACCc5de4e9813,PAY9ba6e7cdad,2024-10-29
ACCc5de4e9813,PAY756f3fe947,2024-10-29
ACC9c40a89b84,PAYece0000080,2025-03-24
ACC9c40a89b84,PAY601906870b,2025-03-24
ACCc0defd535e,PAY7582d6d1ca,2026-06-22
ACC6a9b59f53c,PAYt303b77a5fe,2025-09-05
ACC6a9b59f53c,PAYdff269b434,2025-09-05
ACC5fe6e781d1,PYAd787eef85b,2025-04-25
ACC5fe6e781d1,PAY45dfbbc00c,2025-04-25
ACCb28461dbd7,PAY7273da63c2,2024-11-25
ACCeae95eba67,PAY1d27aafdD6,2024-11-25
ACCeae95eba67,PAY64ace073aa,2024-11-25
ACCea62c489e6,PAY6f5242280,2026-08-24
ACCea62c489e6,PAY09abf48d76,2026-08-24
ACC55b88dd5d7,PAYb60c16e6f1,2024-12-19
ACC55b88dd5d7,PAY1be4579eda,2024-12-19
ACCd904297c73,PAY64e1629344,2024-09-09
ACCd904297c73,PAY78b0dc329f,2024-09-09
ACC73ed43578a,PAY148abfcd72,2024-12-31
ACCb21de49066,PAYe157bf5c37,2024-09-14
ACCb21de49066,PAYa06d84962c,2024-09-14
ACC598f742d7e,PAY97ffd9d04d,2026-03-04
ACC598f742d7e,PAY13f8ab5c05,2026-03-04
ACC174d839aa5,PAY627d1a047b,2025-09-23
ACC174d839aa5,PAY22e095a9a5,2025-09-23
ACC90fb6e577f,PAY0d5b59c3eb,2025-02-11
ACC9c133013db,PAY2740a7dce2,2026-07-15
ACC9c133013db,PAYce175fc867,2026-07-15
ACC625341dcf2,PAY2206247480,2024-10-05
ACC625341dcf2,PAYc98b4b9af9,2024-10-05
ACC2f6d972a7d,PAY9f6ffd4748,2025-08-06
ACC7a3b442052,PAY917f050230,2025-01-28
ACC7a3b442052,PAY3df009d18,2025-01-28
ACC925fcde242,APY424e642442,2025-08-30
ACC4321fe358c,PAYba57878a1c,2025-09-15
ACCb99254bb55,PAYa26f33ba89,2026-06-10
ACCb99254bb55,PAYcdc5cb84ab5,2026-06-10
ACCf14cf92e61,PAY5a8e1fcff0,2026-04-25
ACC703dfe038b,PAY5eae4cc63f,2026-05-28
ACCf8ebd146b6,PAY29b8cb1209,2025-10-23
ACCf8ebd146b6,PAYe1aaeb306,2025-10-23
ACC368cf9400c,PaY22c5b3f419,2025-09-17
ACC368cf9400c,PAYa1245d619d,2025-09-17
ACC8a30d493e4,PAY40203657dc,2026-05-03
ACC8a30d493e4,PAY53fe8acc1f,2026-05-03
ACCdcef72769a,PAYe9af8bday85,2026-04-25
ACC3219c54e9b,pAY8b578e9d19,2025-06-12
ACCa5434e4e31,PAY842151a183,2025-11-03
ACCa5434e4e31,PAY38bc7b0f62,2025-11-03
ACCecec3cf648,PAYbc192986ee,2025-10-31
ACCecec3cf648,PAY71dc63c44b,2025-10-31
ACC1570627126,PAYaf2ff885d,2026-03-17
ACC49c1c086de,PAY7168831720,2026-03-13
ACC49c1c086de,PAYb2b7439c6d,2026-03-13
ACCd47c06aff3,PAYcfc57ef219,2024-11-16
ACCd47c06aff3,PA436bf35582,2024-11-16
ACCf504dbe5d5,PAY921e3A9eae,2025-02-28
ACCb3a98b2f93,PAY7baac1d944,2026-07-09
ACCb3a98b2f93,PAYdc68d4ae5c,2026-07-09
ACC5f85cb9764,PAY23ef1a011,2025-09-19
ACC60c6e4b4ca,PAY39924ffbb9,2025-09-25
ACC60c6e4b4ca,PY9be57a50ff,2025-09-25
ACC0efebf7b48,PAY457831296e,2026-06-05
ACC0efebf7b48,PAYd8ef3f0776,2026-06-05
ACCbcc18f5a66,PAY96e6cd072c,2026-01-10
ACCbcc18f5a66,PAY19b6a49e7,2026-01-10
ACC8902450d9e,PAYfdb315a490,2025-02-03
ACC8902450d9e,PAYb64144bad3,2025-02-03
ACC105283be25,PAYd5fb48e2d7,2026-08-19
ACC105283be25,PAYbc8189e9dd,2026-08-19
ACCf6e7013520,PAY2e7332ec51,2025-11-06
ACCf6e7013520,PAY4384300507,2025-11-06
ACC21f224987d,PAYb7a4893b19,2025-05-04
ACC21f224987d,PA8502564b6a,2025-05-04
ACC3a29ed2036,PAYedfd1a0fcc,2025-03-15
ACCa5ff55af33,PAYbdac682c7,2025-09-20
ACC48004346ed,PAY56586eafa9,2026-01-25
ACC48004346ed,PAYfe0cad163c,2026-01-25
ACCb91c73bddc,PAYf81b5db940,2026-07-05
ACCb91c73bddc,PAY69c78f0ba6,2026-07-05
ACC4c7e787281,PAYb2986855c6,2025-08-12
ACC4c7e787281,PAYfc79e7bbfd,2025-08-12
ACC91d9385e06,PAY5504b07bfd,2026-03-12
ACC678b726152,PAYcb8c9456d9,2025-11-25
ACC78d484d162,PAY542fe1e23f,2025-11-11
ACC78d484d162,PAYb8a0b9042e,2025-11-11
ACC65cc52b77b,PAYa5010853ab,2024-09-18
ACC65cc52b77b,PAY48293ecc4d,2024-09-18
ACCd196955491,PAY7ecd4531af,2025-12-14
ACCb365978323,PAY8080e38a1b,2025-08-03
ACCb365978323,PAY69034fdf6d,2025-08-03
ACC9dbae0460f,PAYe217355a4e,2024-11-23
ACC9dbae0460f,PAY6ae754f1a2c,2024-11-23
ACCed15d76923,PAY0f28220940,2024-12-30
ACCed15d76923,PAYe2f7b746bb,2024-12-30
ACCcb7e211cc9,PAY15c36a7fc1,2025-06-13
ACCcb7e211cc9,PAY641d2b25296,2025-06-13
ACC824b298622,PAY5589430be1,2026-07-23
ACC824b298622,PAY417011cd99,2026-07-23
ACCf08b566cc1,PAY2ebdcc73be5,2026-01-09
ACC2bd4095c17,PAgY5a63eaec9b,2025-03-18
ACC2bd4095c17,PAYf1dde649b9,2025-03-18
ACC0987a6a594,PAY054a770f87,2024-12-09
ACC0987a6a594,PAY607c9d5de7,2024-12-09
ACCaa7302b589,PAY9a2159996b,2025-03-15
ACCaa7302b589,PAY0854b1869a,2025-03-15
ACC9b4094a66b,PAb4065ee111,2026-01-18
ACC0c99fe8b79,PAY37218aa8be,2024-10-02
ACC0c99fe8b79,PAY53f97fa4b6,2024-10-02
ACCa31e4a4fad,PA78897c7083,2026-06-08
ACCb13e271715,PAYf63b13199,2025-10-15
ACCb13e271715,PAY347a0c00c7,2025-10-15
ACC6ab72e7914,PAYd48cbe2569,2025-02-11
ACCf559d542d8,PAY61554b6056,2025-09-10
ACC4103586301,pAY608e367d74,2026-04-02
ACCd8492a7adb,PAYe495e753d6,2026-08-01
ACC53d350bd75,PAY9b0a8749e,2025-07-24
ACC53d350bd75,PAY05c4fce031,2025-07-24
ACCbb536988e8,PAYdc3a74e291,2026-07-21
ACC9191e54138,PAY697d76a1d9,2025-09-13
ACC9191e54138,PAYcf4a94022d,2025-09-13
ACC376ea32041,AY222f4c9072,2025-10-09
ACCe1a748754e,PAYc161fc2a56,2024-09-13
ACC490d0b3ac9,PYc7d2bec080,2025-09-13
ACC2dfc138e88,PAY5ac900c675,2026-02-21
ACC67a565eba5,PAY948b07ea34,2025-06-30
ACC67a565eba5,PAY12f954f0f0,2025-06-30
ACCcb03c21239,PAY295f8bd3d5,2026-07-23
ACC3d9f0d2a11,PAY0bc437aac7,2025-01-02
ACCd9b5543e82,PAY150eae4b56,2025-11-20
ACCffd1915b6b,PAYa03d1300fc,2025-01-26
ACC8ce079a43e,PAYf8885dbec,2025-08-11
ACC3125527a86,PAY7a8397b9d8,2025-12-24
ACC3125527a86,PAY3140addfdc,2025-12-24
ACC7a808eefc2,PAY0762f843a1,2024-10-07
ACC2d8284c33d,PAYdf116eed2b,2026-06-30
ACC5129a9be54,PAY0a876e45df,2026-07-20
ACC162ed0b3d5,PAY0740d86636,2025-11-07
ACC162ed0b3d5,PAY43ffde58c6,2025-11-07
ACCf331fdcf6e,PAYbd31e46464,2026-06-30
ACCf331fdcf6e,PAY1971e3ae5a,2026-06-30
ACCc643a64b61,PAY34c5c1bc33,2024-12-05
ACCc643a64b61,PAY9eabbd7566,2024-12-05
ACCce186f090a,PAYfe582d8094,2026-08-14
ACCb6fa66a66c,PAYf5dfo9e46d6,2025-03-04
ACCb6fa66a66c,PAYa498c00394,2025-03-04
ACC3f04f7dc3c,PAY47eeb9bcdd,2026-06-15
ACC3f04f7dc3c,AYd57e066548,2026-06-15
ACC77928d6ffc,PAY2a54c2066,2026-03-09
ACC77928d6ffc,PAYba52900176,2026-03-09
ACCec23c17ccf,PAYaeed01c739,2025-01-16
ACCd738b2327d,PA1Yad107d527,2024-12-15
ACC872b962c3f,PAY8497a8c1f1,2026-06-28
ACC8b91c8e9db,PAY879724d2bf,2026-05-30
ACC8b91c8e9db,PAY6753bc6f1a,2026-05-30
ACC5da7e889cc,PAYa312fe7442,2025-06-24
ACCd33bbc4aab,PAY997156e53de,2026-03-11
ACCd33bbc4aab,PAY8a8eea0d84,2026-03-11
ACCae0fc77d3c,PA9Y9f01f9a282,2026-02-24
ACCae0fc77d3c,PAY52ee298c52,2026-02-24
ACCb23c9ea600,PAYd5f57e1270,2025-06-14
ACCb23c9ea600,PAYcf629b4779,2025-06-14
ACC12bd0aceae,PAY034b8bd3db,2024-12-17
ACC12bd0aceae,PAY5a2b2abe2,2024-12-17
ACCa278572aa1,PAY356ace8317,2026-01-23
ACCa278572aa1,PAY649ef3b487,2026-01-23
ACC1d0ff95df4,PAY7f6a1ef24a,2025-09-14
ACC18964ed0bb,PAYb8c57a75a,2026-02-20
ACCca57411a94,PAY554976448e,2025-09-05
ACCca57411a94,P3AYe20912ae4f,2025-09-05
ACCbbc84faa59,PAY35fc3e4269,2025-03-23
ACCfd9bf048d9,PAY17be012212,2025-03-16
ACCfd9bf048d9,PAY90c4b5f5cf,2025-03-16
ACC76ffc11c6b,PAY2d48dc30b0,2025-09-23
ACC76ffc11c6b,PAYe13bca1eef1,2025-09-23
ACC46298f2483,PAY8896e278fc,2024-12-11
ACCfae2816430,PAY3c2516c22d,2024-12-07
ACCfae2816430,PAY995054be5b,2024-12-07
ACC2d01cbcf5c,PAYa73bcb84c6,2025-10-11
ACC17d7111468,PAYca16fb6dcl1,2026-07-06
ACC17d7111468,PY0d7883548e,2026-07-06
ACC80b3539dca,PAY99d1b20d92,2026-06-28
ACC80b3539dca,PAY78157fb38e,2026-06-28
ACC08398fae84,PAY36c0bffb1d,2024-11-07
ACC08398fae84,PAY944c2eb133,2024-11-07
ACC76dbd43f2f,PAY3c07da1e20,2025-07-27
ACC76dbd43f2f,PAY13ca2ec6bd,2025-07-27
ACCb321742f36,PAY9bb645e218,2025-06-02
ACCb321742f36,PAY0b5944647c8,2025-06-02
ACC3184e35041,PAY6a2579765c,2025-06-26
ACC42f9fb96a9,PYA9a39a11fdc,2025-02-07
ACC344b80e7c2,PAY0e89987f2f,2025-12-13
ACC344b80e7c2,PYA1d697fb877,2025-12-13
ACCb42e93ab5f,PAY4d3b958820,2026-01-09
ACCb42e93ab5f,PAY88abfba5c,2026-01-09
ACCf2f865c2a1,PAY25neb88eac3,2026-08-22
ACC0841dfbf3b,PAYbde0f5ddb,2026-03-07
ACC4a6809a621,PAY849c61936f,2026-06-03
ACC4a6809a621,PAYc8dfa7cf8d,2026-06-03
ACCb13ae7eee2,PAY3dd221705e,2024-11-02
ACCb13ae7eee2,PAY5b079e4262,2024-11-02
ACC1b92c53677,PAY854a805761,2025-04-13
ACC1b92c53677,PAYe57422ef6e,2025-04-13
ACC928acac387,PdAYffaee4fa6e,2025-02-05
ACC279e475355,PAYd73f210f7b,2026-05-26
ACC279e475355,PAY17b04d6da0,2026-05-26
ACC06c36d6066,PAYd66cdc4f42,2025-12-11
ACC06c36d6066,PAYdb68033c78,2025-12-11
ACCf8938cbdfd,PAYc8fc6503f,2024-12-26
ACC06b5c709da,PAY2f88c1e1ef,2025-01-04
ACC9b1b940eee,PAY52a36f936b,2025-10-05
ACC9b1b940eee,PAY484f23aa27,2025-10-05
ACCc0eecfe5be,PAYec908af192,2026-04-10
ACCc0eecfe5be,PAY5e2c8ca66,2026-04-10
ACC88ea8e6504,PAYb634fb6d05e,2025-06-04
ACC88ea8e6504,PAY605e128a9c,2025-06-04
ACCe0593be77f,PAYffa2b40438,2024-12-22
ACCe0593be77f,PAY24b99493e,2024-12-22
ACC6f3d6adf02,PAY35e83a771cc,2025-03-06
ACC6f3d6adf02,PAY973c1757e3,2025-03-06
ACCf0a077097a,PAY8d84437d21,2025-01-04
ACCf0a077097a,AYf8dcbe8cff,2025-01-04
ACC21534079a1,PAYecf5adaf0c,2026-06-16
ACC21534079a1,AY7dd77e1cca,2026-06-16
ACC1efccdce16,PAY908d9162ce,2024-12-23
ACC7677cd98f0,PAY5ef9cb780c3,2024-09-03
ACC5b04e98550,PAYef6d860264,2026-01-01
ACCe8069d755e,PAY4005cad9c,2025-09-24
ACC563da64b96,PAY5060w694e70,2025-03-09
ACC563da64b96,PAy7828d01a36,2025-03-09
ACC03a8ccc84f,PAY7bde641d2a,2026-03-06
ACC03a8ccc84f,PAYff9216bf8d,2026-03-06
ACC07310370b9,PAY89d015ab6c,2024-09-07
ACC07310370b9,PAY99209e965,2024-09-07
ACCf1e4edbb97,PAYea24f77c28,2025-10-05
ACCf1e4edbb97,PAYf5b0524e44,2025-10-05
ACC9c8d3cafd1,PAY84bd06b2f6,2026-05-12
ACC9c8d3cafd1,PAY0f45287542,2026-05-12
ACC599456cf4e,PAYf78d70aad,2024-11-26
ACC599456cf4e,PAYb927185fe2,2024-11-26
ACC9414f68a1e,PAY83cc3491d0,2025-01-04
ACCe8d1d6e2d9,PAYd5e4f5c10,2024-12-25
ACCd7c6d6a6b8,PAY9cd6188aae,2025-08-29
ACCd7c6d6a6b8,PAY8fa359f098,2025-08-29
ACC1cfd99cf9a,PAY65a622f6ec,2025-02-10
ACC1cfd99cf9a,PAY500d89185a,2025-02-10
ACCb883770d5e,PAYed3e2263e2,2026-07-02
ACC2f5f311486,PAY06e19fc86b,2024-11-09
ACC2f5f311486,PAYffb6061d81,2024-11-09
ACC868f47bca7,PAY23fcb2e0ff,2025-08-20
ACC81fa8cf2a6,PAye070fb2cdd,2024-09-20
ACC81fa8cf2a6,PAYb529117504,2024-09-20
ACC44e1dac006,PAY00e804809e,2026-02-05
ACC44e1dac006,PAY7b828b25aa,2026-02-05
ACCabf845585e,PaYef342a0a47,2024-12-22
ACCabf845585e,PAY1f5b295a83,2024-12-22
ACCde273241d2,PAYc37eca5a51,2025-08-19
ACC1d3bdca85e,PAYa87e80f46,2026-07-07
ACCcab18f27fd,pAYd4294478ce,2025-08-31
ACC9ee771f692,PA3609d7ffef,2025-07-10
ACC9798d41b65,PAYa05e5f1c97,2025-10-02
ACC9798d41b65,PAYa860f96561,2025-10-02
ACCc2a1d90323,PAY3bb90727b0,2025-10-04
ACCc2a1d90323,PAY19a28812cf,2025-10-04
ACC777015429f,PAYb947979708,2025-01-30
ACCd1b227ed55,PAY6eb1e3471,2025-03-05
ACCd1b227ed55,PAY044382c107,2025-03-05
ACC67d9612fd8,PAY9a08b8d559,2025-05-25
ACC67d9612fd8,PAYad4bae29ee,2025-05-25
ACC327540550c,PAY33abf2978b,2026-06-11
ACC327540550c,PAY50d5a563d0,2026-06-11
ACC20a2b9ccbc,PAY989e917615,2025-05-19
ACCedf2401b23,PYA9804df9a1f,2026-08-22
ACCedf2401b23,PAYf519707b3a,2026-08-22
ACC25ea2cfbce,PAY590099785f,2024-09-12
ACC25ea2cfbce,PAY2C25f740dc,2024-09-12
ACC35eaf76609,PAY69569edd08,2024-11-25
ACC73ee3ec519,PAY81c2072b06,2026-03-01
ACCa6205ee8f7,PAY9c7474ed59,2025-07-12
ACCa6205ee8f7,PAYe86c89015d,2025-07-12
ACCfe98825397,PAYddbf56cecd,2025-10-14
ACC4de0c60d1f,PAY245151fe2a,2026-06-10
ACC8b4d5fbbc6,PAYceb246f7d1,2026-01-08
ACC7b8beada0a,PAY2d4972bcd0,2025-12-31
ACC7bcc2dcab3,PAY200a29aae3,2026-05-23
ACC29ad9daa17,PAY972d2861e,2024-12-26
ACC29ad9daa17,PAY10e25524a1,2024-12-26
ACC90be945056,PAY73f92b61e3,2025-02-03
ACC90be945056,PAY6edba86b04,2025-02-03
ACC83edb580eb,PAYcecc39a09d,2024-10-27
ACC9b9d6da571,PAY49hb5db58df,2025-10-10
ACC9b9d6da571,PAYed6a08b8f5,2025-10-10
ACC48e9167ab7,PAY38688d8b93,2025-03-02
ACC3b43f2158e,PAY5aca5a6456,2026-05-08
ACC5fc314cf01,PAY41107befb8,2025-02-11
ACC5fc314cf01,PAY462899838c,2025-02-11
ACC5a96e054ed,PAY23a631aaf9,2025-09-12
ACC5a96e054ed,PAYa1edfa9905,2025-09-12
ACC794a9ec5e4,PAYe93794edf2,2025-06-03
ACC794a9ec5e4,PAYd17c17fc5a,2025-06-03
ACCeb9dced8d6,PAY2a023f8109,2026-04-05
ACCcc8f549428,PAY59e3a76a3d,2026-06-17
ACCc28a733fb4,PAY433f33a14e,2025-06-25
ACCe783780e86,PAY8dc265af9f,2024-10-10
ACCe665dec145,PAYc1c0f49a05,2025-12-11
ACCe665dec145,PAY0478e14753,2025-12-11
ACCd5b7cb2ce5,PAYebecb9e2f8,2025-01-28
ACCb1147cf59b,PAYeaa0682992,2026-05-04
ACC24e641ce18,PAbYbad498d89,2025-11-06
ACC09f32bdc32,PAdY412876ec2e,2026-07-17
ACC09f32bdc32,PAYf841e58aa0,2026-07-17
ACCcdb82472ee,PAYa9df064469,2025-11-23
ACCcdb82472ee,PAYa875e5e449,2025-11-23
ACCa332891914,PAYad62f6cc5,2026-03-22
ACC2584aed510,PAYf4a87d419d,2025-09-09
ACC2584aed510,PAYfa9dbbc7d4,2025-09-09
ACC63741c34db,PA473d0f6c69,2025-03-13
ACC63741c34db,PAYbca5852381,2025-03-13
ACCe2e1ea7c7c,PAY2daa5992e3,2025-04-02
ACCfb01c116e0,PAYbb938c0e05,2026-01-28
ACCfb01c116e0,PAY0fc4b830e3,2026-01-28
ACCfae112ac77,PAYdffafee518,2025-04-04
ACCe9c8966c80,PAY1443b44075,2025-11-18
ACCfc30fbc646,PAY22c2eaa0576,2025-03-10
ACC6658d45f4a,PAY653165a3d6,2026-06-17
ACC3ca6b1b91d,PAY42248040df,2025-10-09
ACC3ca6b1b91d,PAY632ab63707,2025-10-09
ACC6ccde74a6c,PAY72c1689a14,2026-07-25
ACC6ccde74a6c,PAY846f838ead,2026-07-25
ACCd533d0329d,PAYde0ce94aa5d,2025-12-06
ACCd533d0329d,PAYc8aafd5273,2025-12-06
ACC6f8c9c609b,PAY1516ca869c,2026-06-23
ACC6f8c9c609b,PAYd340134830,2026-06-23
ACCeeaca0714c,PAcad4f3ae59,2026-01-28
ACCeeaca0714c,PAYeb850a6766,2026-01-28
ACC03c592de08,PAY26b7744284,2025-10-20
ACC8a9f8a0693,PAY81478ed52da,2025-05-17
ACC8a9f8a0693,PAY97336efc66,2025-05-17
ACC568695eb6b,PAY6e51d975cb,2025-04-03
ACC568695eb6b,PAY776e6e51bb,2025-04-03
ACC6c9b8141eb,PAY06aa458430,2025-08-17
ACC6c9b8141eb,P8AYb2d8b10946,2025-08-17
ACC549cbb7ef6,PAYbe19a400b0,2025-10-07
ACC102b9a17f8,PAY9af9e015c5,2025-05-18
ACC2281dea9ae,PAYc0a4d06264,2026-02-14
ACC2281dea9ae,PAY21fb6ba4ba,2026-02-14
ACC5e42eb1ba3,PAqYa097b9397a,2024-12-26
ACC5e42eb1ba3,PAy8b71ad3498,2024-12-26
ACCaffa95d42e,PAY3b389558af4,2026-03-14
ACC587cdf656d,PAYa4009abab4,2026-02-05
ACC0298f95502,PAY88f22aad81,2024-11-06
ACC0298f95502,PAY0300d3edfd,2024-11-06
ACC54c26c7770,PAY4b3ef10e73,2025-01-16
ACC54c26c7770,PAY1b9e7cfb36,2025-01-16
ACCbc23008f3e,PAYe77cf34353,2026-03-22
ACCbea329e843,PAY38025ce10a,2024-12-12
ACCbea329e843,P3AY2a6652f2a6,2024-12-12
ACCba852b319d,PAY8ed81951c6,2026-07-29
ACCba852b319d,PAY005fca29e9,2026-07-29
ACC81d43611d0,PAY38540c9a60,2025-05-03
ACC81d43611d0,PAY8b88324cf,2025-05-03
ACCd7df3fe718,PAY4bc09fc5f6,2026-01-31
ACC939a2655e3,PAY959898d03f,2026-07-03
ACC939a2655e3,PAYb4b8d9fc1c,2026-07-03
ACCf24ee380e7,PAY0d3bb63da,2024-09-26
ACCf24ee380e7,PAYc5cb07ccz34,2024-09-26
ACCf5f04a7e9e,PAY2eb12c2aa2,2024-10-28
ACCf5f04a7e9e,PAYa6df0c5770,2024-10-28
ACC0f44243a9e,PAY604ceb364b,2025-11-03
ACCb0e18e7ed7,PAYf68ff70c6a,2024-10-06
ACC4ac48f986b,PAYe546cd552,2026-08-10
ACC4ac48f986b,PA8Y105e65683,2026-08-10
ACC0c7e3e9953,PAYc0ced1e28,2025-04-13
ACCe80042345b,PAYebac975446,2026-08-11
ACCe80042345b,PAYc7315f730b,2026-08-11
ACC08a6021e39,PAYb659e91f97,2026-02-24
ACCe633da1573,PAYed3e45feb5,2026-02-28
ACCe633da1573,PAY98cd1247f9,2026-02-28
ACCa1b3174ae0,PAY5b1fc4579a,2024-12-05
ACC98033bccaf,PAYe4a29382a1,2025-02-19
ACC98033bccaf,PAYa391cca3e7,2025-02-19
ACCae1f2a7edc,PAYa4c9b074f3,2025-05-06
ACC6b7994864f,PAY9cf54d9242,2025-02-05
ACC3decb07ba9,PAYfc36639a07,2026-04-19
ACC3decb07ba9,PAY2524bdb2d1,2026-04-19
ACCeeec10c1d1,PAYeba65a1c36,2025-03-28
ACCeeec10c1d1,PA8Y80aa2edd5,2025-03-28
ACCe7e566122f,PAYe8a74d6f1,2025-01-27
ACCe7e566122f,PAY52a1e06720,2025-01-27
ACC3956235327,PAY2ac1ae3f83,2025-04-17
ACC4606e1bf81,AY4b833bc2fd,2025-03-26
ACCef14366b25,PAYb5bcedd74c,2025-12-02
ACCef14366b25,PAY1a607f2163,2025-12-02
ACC0709a9da41,PAY2ebdc6f038a,2026-01-01
ACC300fd6f19d,PAY477aade88b,2024-11-16
ACC4aa5668862,PAY4873462b42,2025-05-01
ACC4aa5668862,PAcY23ed304e0,2025-05-01
ACCc8eb41085f,PAYc170feb235,2025-04-18
ACCa4122e38a6,PAYd368a03eC4,2025-04-01
ACCa4122e38a6,PAY529e8fbc7d,2025-04-01
ACCe9f5d88469,PAYwa3b2a04784,2025-06-05
ACCe9f5d88469,PAY86f1aea1bd,2025-06-05
ACCa5e3c67a61,PAY3j0acdb7c55,2025-03-29
ACCa5e3c67a61,PAY9b57c76f18,2025-03-29
ACCbf331a1124,PAYb88b71055,2025-06-13
ACCbf331a1124,PAY97f4707ef2,2025-06-13
ACC3bfe9a0b1b,PAY12c044825d,2025-08-02
ACC42d9363b24,PAY1634289b1,2026-01-28
ACC42d9363b24,PAY7c94a35ba6,2026-01-28
ACC517850c10c,PAYf7abb6c21,2025-11-27
ACC5e27f88136,PAYbe75c1826,2025-05-14
ACC6d135f6c89,PAY1300537fc3,2025-04-24
ACC6d135f6c89,PAY2b29755504,2025-04-24
ACCa9beb9bf21,PAY86d25d3a01,2025-01-16
ACCa9beb9bf21,PAY177fc994ab,2025-01-16
ACCc2e54f41c8,PYA13b3646545,2025-09-04
ACC4a0ba6eae7,PAYb783967891,2025-06-29
ACC4a0ba6eae7,PAYb32cf14f1d,2025-06-29
ACC83a1c9b2af,PAYe1e3bb84e1,2024-09-10
ACC95c8405252,PAYb791f90428,2025-07-18
ACC95c8405252,PAY1eda68e876,2025-07-18
ACC6edda20e59,PAYaefdc15g326,2025-04-17
ACCacab4f7deb,PAYc2d48bff59,2025-06-24
ACCacab4f7deb,PAY00d5cec3aa,2025-06-24
ACCebf08fc0ab,PAY69aec75d8a,2025-08-23
ACCffed1ff4ea,PAYa7c96fb6f4,2025-09-09
ACCa11ffa8ecd,PAY52efc6bb0c,2025-12-06
ACCa11ffa8ecd,PAY74122a71ff,2025-12-06
ACCb481065d2d,PYd05a7af994,2024-11-18
ACCb481065d2d,PAY1ffc084c7,2024-11-18
ACCadaf0dd6b4,PAY14fd4ca70a,2026-05-23
ACCadaf0dd6b4,PaYe7ec306f6d,2026-05-23
ACC71dbd7e178,PAYa8e9c5a55b,2024-12-03
ACC71dbd7e178,PAY249eb7bb36,2024-12-03
ACC688d3e0175,PAY89c9776461,2025-11-08
ACC688d3e0175,PAYbc715cb37c,2025-11-08
ACC2c8e9675d7,PAY15fv12d6b7e,2026-05-16
ACC2c8e9675d7,PAY0ff7t555657,2026-05-16
ACCb2d8c89fae,pAY8145ac8236,2025-11-29
ACCb2d8c89fae,PAYa866f74359,2025-11-29
ACC5d403662cd,PAY65ea73745a,2025-04-05
ACC86d772cfca,PAYd0c31600cd,2025-06-16
ACC7d0dca765b,PAY4875c2e4d1,2025-07-29
ACC66afde91c4,PAYce726e1be4,2024-10-01
ACC66afde91c4,PAYe96c65bf14,2024-10-01
ACC17946522f3,PAY86aaa13db0,2026-05-08
ACC17946522f3,PAY70c268ef48,2026-05-08
ACCb61d14d88a,PAYb554f6567a,2026-03-06
ACC8d1df671da,PAY025afece1td,2025-04-29
ACC8d1df671da,PAY5bc56ddf09,2025-04-29
ACC10dc158113,APY587f939c06,2026-04-05
ACC3d8ee295eb,PAYnebfdc6cf19,2025-03-27
ACC3d8ee295eb,PAY7e0802cb1,2025-03-27
ACCaeb8e8d0b6,PAYca46ef3ec2,2025-08-07
ACC324f649fb6,PAY48525598a,2024-10-05
ACCf5f2cecdf9,PAY00c99e758e,2024-09-06
ACCf5f2cecdf9,PAY23872eb586,2024-09-06
ACCb63793bfc4,PAY7d339b76ef,2025-05-15
ACC72667d0287,PAY3a35bf27b4,2024-11-27
ACC2ce493c6ee,PAYf746a4bf04,2025-03-27
ACCde43834b55,PAY8e6bb61ebf,2026-02-28
ACCde43834b55,PAY292cCfb77f,2026-02-28
ACC15d7d7b6b0,APY02165c3906,2025-11-01
ACC09ee64d160,PAYc7f30cbe0c,2025-12-29
ACC9979e63a8a,PAY6d1c5e45c5,2025-07-16
ACC9979e63a8a,PAY2bEfcf3d87,2025-07-16
ACC3b2c9e9071,PAwY912c858af3,2025-01-07
ACCbb35564c97,PAY0f0a0d22fd,2026-07-06
ACC2e5a46dde5,PAY7fd477bc9,2026-06-26
ACC2e5a46dde5,PAYc443c00a92,2026-06-26
ACCa8a9bb8e35,PAY8e6761f4ed,2025-12-11
ACCa8a9bb8e35,PaY6979d1ece1,2025-12-11
ACC4cac7bd482,PAYece4e6fb9,2026-01-21
ACC4cac7bd482,PAY26e1cdbc7,2026-01-21
ACCbdc53476d3,PAYac7f2d2oab3,2026-02-23
ACC3ac55cebc6,PAY11e2929abf,2025-03-09
ACC7eeebd852d,PAY2c7a53ecd5,2026-04-02
ACC4a36e8cb91,PAY24cc8cd6ac,2026-04-19
ACC4a36e8cb91,PAY0850afdx98f,2026-04-19
ACC6e181612b0,PAYe492ce1346,2026-08-15
ACC6e181612b0,PaY9877e8e756,2026-08-15
ACCa1dccd3e0f,PAY687d7e6373,2026-04-02
ACCa1dccd3e0f,APY7cddfe2b08,2026-04-02
ACC2e5eca6624,PAY81a42d0ff8,2026-05-06
ACC67c994b2e0,PAYcbe1f53cdc,2026-04-06
ACC67c994b2e0,PAYa564da9196,2026-04-06
ACCce48b99485,iPAY7815cc5e08,2024-12-17
ACCce48b99485,PAYa119a37266,2024-12-17
ACC249e3c5f84,PAY5f80627120,2024-09-21
ACC249e3c5f84,PAYa4rbc1590fc,2024-09-21
ACC9b9a003d00,PAYa8075c520a,2025-02-16
ACC3c15024f83,PAYk708ae46526,2025-08-23
ACC3c15024f83,PAYf7a6e44830,2025-08-23
ACCa8ba9fb465,PAYf1dd54195e,2026-07-11
ACC3df12de1d7,PYe6e87bf6c3,2026-03-18
ACCc1cbd9ea67,PAYd37c163433,2024-10-13
ACCc1cbd9ea67,PAYdad80a4c8,2024-10-13
ACC60b146b4cf,PAYd40958bdb1,2026-05-15
ACCb035a622a2,PAYf394d75586,2025-05-16
ACC37b4ba02cf,PAY8ca48642c,2024-12-09
ACC37b4ba02cf,PAY4f6dd37731,2024-12-09
ACC9fc8361543,PAY89D37c2c5f,2025-05-28
ACC9fc8361543,PAYce0be6dac0,2025-05-28
ACC831aa5aa0b,PAY7262c1caec,2025-08-09
ACC831aa5aa0b,PAYdcf00158c1,2025-08-09
ACC109dac99f2,PAYbb0bf1c532a,2026-06-16
ACC109dac99f2,PAY6385bc24b0,2026-06-16
ACC2cdad48ae3,PAYac794172f3,2024-12-06
ACCc63ceb6f2e,PAY7eda81c0c2,2024-12-10
ACCc407cd9bd6,PAY95788e0170,2024-11-05
ACC4c16bfbdea,PAY5248099170,2025-12-02
ACC372b1ed391,PAY266dc5af40,2024-12-03
ACC372b1ed391,PAY9b124b43d5d,2024-12-03
ACC04acdd31e4,PAYd21d842e8e,2025-10-31
ACC2c36390034,PAY9a0ef2f180,2024-12-06
ACC2c36390034,PA9Y9f1dd7fc7,2024-12-06
ACCf0d8bd0f58,AY3436db402e,2025-10-10
ACCf0d8bd0f58,PAYaecb50823e,2025-10-10
ACC83a8b7161c,PAY04ef24ccc,2024-10-17
ACC83a8b7161c,PAYcec63c0212,2024-10-17
ACC7736f4aec8,PAYff5ec2F6e3,2025-11-13
ACC7736f4aec8,PAYd02cec983e,2025-11-13
ACC5c8bbe5c8c,PAYc2c2dc289,2026-08-19
ACC5c8bbe5c8c,PAYc60187cd04,2026-08-19
ACC4bb98ec4ec,PAY6da8bc1ea7,2025-05-21
ACC4bb98ec4ec,PAY0c4fe474a,2025-05-21
ACC8e95733c5a,PAY2f6346d8f6,2025-07-23
ACCdaa865bc28,PAY9830cf52c9,2026-03-03
ACCefdbd858c1,PAYaddbe239e1,2025-12-10
ACC7bd87f7114,pAY4676080d0f,2025-05-08
ACC71f882b31b,PAY3106ea8b8,2024-12-10
ACC9940d13160,PAY16d9fecb2,2025-04-14
ACC9940d13160,PAY5ddcc2dd8a,2025-04-14
ACC610b167df2,PAyaf8ee66d3b,2026-08-18
ACCca525466d6,PAY1ac2af330,2025-05-07
ACCca525466d6,PA69cda1ef17,2025-05-07
ACC606c92e60f,PAYfbc6137239,2025-11-01
ACC03c06369f9,PAb754e7ca89,2025-02-21
ACC03c06369f9,PAYf9c84c9d31,2025-02-21
ACC39a9d0da3b,PAY43ab9daf82,2024-09-15
ACC39a9d0da3b,PAY08978fa038,2024-09-15
ACCf0891ac8bf,PAY927cc1dda6,2024-09-25
ACCf0891ac8bf,PAY4cd81ee64d,2024-09-25
ACC4d1ae911c4,PAY6f25fb9dd2,2024-12-02
ACC4d1ae911c4,PAY3bf5827570,2024-12-02
ACC503ca85cc6,PAY067421e6f57,2026-07-05
ACCaef81787b8,PAY70c5e7c1cb,2025-01-02
ACC0afc8922af,PAY9a7205d6ce,2025-05-13
ACC0afc8922af,PAYf021bf09da,2025-05-13
ACCe2bee7f3b3,PAY8286b05f29,2026-01-10
ACCe2bee7f3b3,PAYabca6f6674f,2026-01-10
ACCbb3315bc45,PAY2a1e3131f1,2025-06-29
ACC54e7f2b023,PAYfb7bd19a31,2025-07-25
ACC54e7f2b023,PAY7765190a54,2025-07-25
ACC090ec04a60,PAYbb26e5c93,2025-10-02
ACCf542627a11,PAYed474984f3,2026-07-09
ACCf542627a11,PAY0c54069e7c,2026-07-09
ACCd1e2f1a081,PAYf4078fa863,2025-09-09
ACCf5d92c0fbf,PAYed33c40003,2024-09-04
ACCedf0bf4dcc,PAYf44cc3d9e9,2024-09-03
ACCdc50c81a1d,PAY98721dbff4,2025-08-08
ACC252662487a,PAY36ee01e3f3,2026-01-13
ACC4eb72ea50a,PAY3bebc26a23,2026-03-11
ACC4eb72ea50a,PAY9205ba4210,2026-03-11
ACC225b0edf9f,PAYeb6dc22814,2025-06-11
ACC225b0edf9f,PAY59082ae6Fa,2025-06-11
ACC3e3d103f26,PAY2f80363392,2025-06-30
ACC97f9babb8c,PAY51f63a0ac3,2024-09-23
ACC97f9babb8c,PAY4d32a92c7f,2024-09-23
ACCa3bfbf3e78,PAY37a009df42,2025-12-31
ACCff8fab601c,PAY1290719784,2025-06-05
ACCff8fab601c,PAY6dd5abb480,2025-06-05
ACC91feccb6cd,PAY23811c11d0,2026-02-02
ACC91feccb6cd,PAY3c088bb7b6,2026-02-02
ACCbdaff36d12,PAYnf520b6beba,2025-04-20
ACCd16f55a3cd,PAYa38775467d,2025-04-15
ACC4e7a84dca7,APY416fb16b11,2025-01-17
ACCe8ac5e6897,PAY386947cb77,2025-09-15
ACCe8ac5e6897,PAY518eaebf762,2025-09-15
ACCf1b3f20273,PAYcb246c8af8,2025-10-01
ACCf1b3f20273,PAYe0f2bf476c,2025-10-01
ACCa55e78e2ef,PAYf228f19b57,2026-02-11
ACCd3b6c1a966,PAY46f4b58536,2025-11-27
ACC39f7fa4033,PAY76081b260d,2025-12-09
ACC83268619e4,PAY6f43cfb239,2024-12-30
ACC83268619e4,PAYe1d5efd71f,2024-12-30
ACCf0d7ceb03a,PAYecd27db6F8,2025-04-01
ACCb72323877f,PAY89417eff69,2025-04-28
ACCf74c72aafd,PAY205b954507,2025-08-17
ACCf74c72aafd,PAYd890959c1,2025-08-17
ACCf381bfe7f1,PAYc54221d248,2026-01-26
ACCf381bfe7f1,PAY3e9a501716,2026-01-26
ACCf2b711b391,PAYd2fa021bf0,2026-01-22
ACC7b0dbf773a,PAY7c1a965a31,2025-07-27
ACCd8f919add5,PAY264a1e89b4,2025-11-23
ACC40895658e4,PAYf190f41c4a,2025-07-05
ACC40895658e4,PAY022729b300,2025-07-05
ACCc3ab175ebf,PAY7c813dd4f,2026-07-29
ACCf73ae8c589,PAY18c1e7e452,2025-12-25
ACCf73ae8c589,PAY3960ec165f,2025-12-25
ACC50b1c5af1e,PAYae18dc0b5b,2025-12-20
ACC0a87b36fbb,PAY5d8bac9233,2026-07-19
ACC0a87b36fbb,PAYa2eb57bd8,2026-07-19
ACC46c7dc560e,PAY2ac1919f6a,2024-09-24
ACCb924637b69,PAY6c7ed99eef,2026-03-29
ACCb924637b69,PAY0d9f974729,2026-03-29
ACCec723f696a,PAYca239727f0,2025-10-24
ACCdc32b356b1,PAY0a6bcef6cd,2025-01-05
ACC7606552c1d,PAYcf21e734d2,2025-03-29
ACCe7764e90dd,PAY5A9fec234b,2025-09-18
ACCe7764e90dd,kPAY5a165012f4,2025-09-18
ACCb6cb5db347,PAYbf754209A7,2026-05-08
ACC3ce8524d9a,PAYded7cd59b5,2024-09-13
ACC3ce8524d9a,PAY13c4e57826,2024-09-13
ACC52b94963c7,PAYdf8713f3ab,2024-12-23
ACC3968267879,PAY01e31eee5c,2025-01-03
ACC230e990d0c,PAY6dde9b33c75,2026-01-13
ACC036d8ef9fb,PA1Yd700ad60f,2026-07-15
ACC036d8ef9fb,PAY3de751c80a,2026-07-15
ACCb7d63596e5,PAY7b4ac3f51b,2025-10-13
ACCb7d63596e5,PAY8e7f47D375,2025-10-13
ACCd62915d6d0,PAY014105c095,2025-05-25
ACC47ab2c9b38,PAY255c8da5f7,2026-07-05
ACC62432c9921,PAY9a1bd58e2c,2024-09-25
ACC3d8df24417,PAYbcccf5c7f0,2025-01-14
ACC3d8df24417,PAY5e1b4a90eb,2025-01-14
ACC178d5f6d49,PAYe519fa3b27,2024-10-18
ACCee2dc168b9,PAY3e4a8268c,2025-01-28
ACC488a8fce2c,PAY552164ca1f,2025-10-05
ACCaa149018ac,PAY28db509dd1,2026-04-01
ACC1dba7ff557,PAYf444cb452a,2025-07-17
ACC1dba7ff557,PAYdb7eaf6387,2025-07-17
ACC0124e7677b,PAY47c4967a39,2025-07-25
ACC0124e7677b,PAYd84dd7b832,2025-07-25
ACC01b3f49d25,PA0Y644629fb4,2025-06-18
ACCff8a033f03,PAY55687fdb2e,2026-08-03
ACCd41267ba1f,PAYed292ca307,2024-11-14
ACCd41267ba1f,PAY9023a93d3f,2024-11-14
ACCd621747a18,PAYafcb3b748b,2025-07-19
ACC6efa0b7d84,PAYcdb5592143,2026-05-08
ACC3c930d3e32,PAY9a7e705110,2026-07-23
ACCbff69f578c,PAYae9b51044e,2026-04-19
ACC7b832e361f,PAY0ea47fe7b2,2026-08-09
ACC7b832e361f,PAY8c90efdeb0,2026-08-09
ACC3aa2f96cd1,PAY991996548fc,2026-04-29
ACC8691d8a097,PYA2b1d09d7f8,2025-03-06
ACC82e6716234,PAY69a64c45a0,2025-06-20
ACC82e6716234,PAY83b6f1d20a,2025-06-20
ACC5844141c50,PAYc4a4d9e476,2026-03-01
ACC5844141c50,PAYaae4559f40,2026-03-01
ACC92f850bc75,PAY9288cdf736,2026-01-20
ACCc11d458990,PAYa6f904a9d4,2026-03-06
ACCc11d458990,PAY9dceb3e73,2026-03-06
ACCe7c7f75caf,PAY9ca919cb4d,2025-08-31
ACCe7c7f75caf,PAY8d15c38273,2025-08-31
ACC56c2ae90e7,PAY493bef628A,2025-05-11
ACC880b312345,PAY89ffe4967b,2025-05-07
ACCf3c61f81e3,PAY3c378483f5,2026-06-11
ACCf3c61f81e3,PAY0c0427036a,2026-06-11
ACC34c6cdefc6,PAYd03ea2ac4f9,2025-03-03
ACC34c6cdefc6,PAY2cae65e741,2025-03-03
ACCa9f303acb6,PAYdc684b0729,2025-08-02
ACC685a62149d,PAY1fbe20f1d1,2025-10-23
ACC685a62149d,PAYe238afd201,2025-10-23
ACC4fd887357a,PAY1fd763f2e,2025-03-27
ACC4fd887357a,PYA20863860e5,2025-03-27
ACC9fe0ed8249,PAY0811dffaef,2025-05-25
ACC66094e165b,PAYF25a3ea7bd,2025-03-17
ACC66094e165b,PAYe08d02cb50,2025-03-17
ACC7247fe0cb8,PAY4b4d5bc280,2026-02-11
ACC5c5c46a0d1,PAYa58E1bcc5a,2025-07-03
ACC23e1dac236,PAYeb3bd2969e,2025-12-20
ACC23e1dac236,PAY8b34e3bd76,2025-12-20
ACCa591fd1088,PAYa7a998809d,2026-05-06
ACCa591fd1088,PAY96cfe5be60,2026-05-06
ACC8a80378fb6,PAYc3731ad503,2026-04-27
ACC41880413c7,wPAYed4bb5b0b5,2026-03-20
ACC41880413c7,PAY79f5d9e1d1,2026-03-20
ACCb0552fc1cc,PAY07me41a31bc,2025-10-31
ACCb0552fc1cc,PAYbde77f58ec,2025-10-31
ACCbce881994f,PAYe5524dd47f,2024-10-02
ACC1d3afa90ec,PAY7699cef734,2025-09-18
ACC069becc4da,PAY8c431Ef10f,2026-08-10
ACC926185d77e,PA4Y2c467081d,2024-12-06
ACC926185d77e,PAY2cb946i76d3,2024-12-06
ACC1dfd668727,PAYd640f042e4f,2025-02-03
ACC1dfd668727,PAY398d8535c2,2025-02-03
ACC027be49995,PAY6dee857f4,2025-02-03
ACC26fec9b0e3,PAY80230a0ced,2026-01-24
ACC26fec9b0e3,PAY37c8024ed4,2026-01-24
ACC735dded81d,PAYd587c0ca06,2025-10-30
ACCd43ca4e45a,PAY8523c325e37,2026-01-22
ACCd43ca4e45a,PAY281c9b6137,2026-01-22
ACCe3b3e6b97f,PAYba9cc719766,2024-10-29
ACCe3b3e6b97f,PAYg3209ec327c,2024-10-29
ACCf8419ef8ff,PAY27h7bc0f459,2024-11-29
ACC3e97225b87,PAYa7908a01cd,2026-08-12
ACC3e97225b87,PAY37820109f4,2026-08-12
ACCa46aab949b,PaY1711244659,2026-07-12
ACC4cd19dab81,PAY18ea0c4e66,2025-09-06
ACC61ac0ced30,PAY3e617907fb,2025-07-12
ACC6e113e0269,PAY284509c5ae,2025-03-25
ACC6e113e0269,oPAY058f01009e,2025-03-25
ACC4cca76ff91,PAYd8e9af21a8,2025-08-11
ACCe00e95c011,PAY0d0546f0c7,2026-07-15
ACC84524c594d,PAY5bb2aebe7c,2024-12-07
ACC84524c594d,PAY2f665bda4,2024-12-07
ACCc066023fcd,PAYc121bada51,2025-05-25
ACCc066023fcd,PAYd92b9a1154,2025-05-25
ACC9acbc12571,PAYc64164d098,2025-02-18
ACC9acbc12571,PAYebd5b80a3,2025-02-18
ACC4a19ab2b98,PAY997e367b46,2025-07-16
ACC1af674cb7a,PAY4ff5a96c91,2025-09-24
ACC1af674cb7a,PAY0b2cee57c7,2025-09-24
ACC5f8d43e56a,PAY77e320b647,2025-09-11
ACC5142038370,PAY1955d41d4,2025-06-02
ACC5142038370,PAYafbba87a4a,2025-06-02
ACCe500338f70,PAY7ce3d5e987,2024-10-13
ACCe500338f70,PAYa02a32bc7a,2024-10-13
ACC97f2460d1f,PpAY235af976f2,2025-05-13
ACC97f2460d1f,PAYaabf93d37f,2025-05-13
ACC6c845d7ec5,PAY7333b3ae67,2024-10-02
ACC6c845d7ec5,PAY1144d6740c,2024-10-02
ACCc239623aea,PAYec48f91d96,2024-12-24
ACC1cf7c24975,PAY74337d751,2026-03-23
ACC1cf7c24975,PAYfeD4f329b6,2026-03-23
ACC0f23027f3b,PAYbbd74ce710,2026-08-11
ACC0f23027f3b,PAY15cf21897a,2026-08-11
ACCf0a129ab92,PAY7f6cba610e,2025-08-20
ACC63152c88d4,PAY88a3e1y0730,2026-05-20
ACC795c18ee5d,PAY1de8007145,2024-10-10
ACC795c18ee5d,PYA4cc315576e,2024-10-10
ACCf8b9453508,PAYb53b4Da4af,2025-06-29
ACC1c83ed29db,PAYc26b525c26,2025-10-13
ACC1c83ed29db,PAYbcf3416eea,2025-10-13
ACC0295d2afb9,PAY1114e4d28c,2026-01-14
ACCa55951e43d,PAY3ff13df770,2026-08-27
ACC12546a2e6f,PAY6d43f9de59,2026-05-24
ACC834605d90c,PAYdbdc155269,2024-09-12
ACC35f0b1be52,PAY02d13fbb36,2026-03-04
ACC814ccb4f55,PAY459ce4cc9a,2025-01-16
ACC814ccb4f55,PAY5e2a27232,2025-01-16
ACC086a0a4854,PAY53b5bef344,2026-02-11
ACC086a0a4854,PAY9a33c8e416,2026-02-11
ACC1c6596bb53,zPAY60da2aa58c,2026-07-24
ACC14f47d6892,PAY1fffab4d86,2024-10-11
ACC110aec5f95,PAY2049c788bf,2026-01-20
ACC1ff7aae9bd,PAY258ac46914,2025-11-03
ACCf6c4346ad7,PAYe341ddc412,2024-09-01
ACCf6c4346ad7,PAY972e73d61a,2024-09-01
ACCb2a18eef63,PAYaf27d6fd9c,2026-06-15
ACCb2a18eef63,PAmY301c6882de,2026-06-15
ACCaa7fceafe4,PAY3c8f87d760,2024-10-05
ACCaa7fceafe4,PAY86c77a2ee9,2024-10-05
ACCdf101cda0a,PAY14329e7306,2025-01-30
ACCdf101cda0a,PAYf35a24fd9f,2025-01-30
ACC0b0f75e904,PAY6c82675697,2024-12-28
ACC75ce2935af,PAY1721b818f6,2025-12-31
ACC5d38c2de34,PAY9b44f7434i8,2025-10-24
ACC92499d14d3,PAY1f90ae2b80,2025-03-13
ACC92499d14d3,PAYe356398c69,2025-03-13
ACCfbc0fa3bf9,PvAY022dcddace,2025-12-17
ACCfbc0fa3bf9,PAY33b4d7e3ba,2025-12-17
ACC8ce73925d2,PAY78470f8a7,2026-07-30
ACC8ce73925d2,PAY7de511c1c7,2026-07-30
ACC4316f50dfb,PAY07961fbab9,2025-12-11
ACC21569c34c4,PAY00711ae09,2024-09-18
ACC629e012fef,PAY6458af74e2,2026-06-13
ACC629e012fef,PAY81e9b50ac6,2026-06-13
ACCdf334f9b8e,PAY51d29811fb,2024-09-02
ACCc40972973b,PAY898c85bbd,2025-10-11
ACCc40972973b,PAY3e3919d8a7,2025-10-11
ACCeaa53c389b,PAY2c1501706b,2026-04-20
ACC5cc45f9e50,PaY1845d6dd77,2025-12-09
ACC5cc45f9e50,PAY53ee5dd76,2025-12-09
ACC4e7afa9c1d,PAY271864d350,2024-11-03
ACC4e7afa9c1d,APYbc2db37b20,2024-11-03
ACCa227d31211,PAY0dc6057ea2,2026-01-07
ACC72ec6bcf3e,PAYfddca9b468,2025-05-18
ACC72ec6bcf3e,PAYe4d4126653,2025-05-18
ACCbc27098326,PAY5a006eaf28,2025-06-03
ACCbc27098326,PAYcd0c51593c,2025-06-03
ACC7569b0e5cb,PAY9e799c883e,2026-01-05
ACC70b3106180,PAf3e6477d2e,2026-04-25
ACC3e47c6bf46,PAY8640b9eddf,2025-01-11
ACC48d6f63aa6,PAYce935afb7,2025-12-13
ACCf5c1311264,PAYf9a982f33a,2024-10-21
ACCf5c1311264,PAYfc71bbc10,2024-10-21
ACC0e670e88fe,PAY2a4db22b8f,2024-11-07
ACCe174f63892,PAY9f8f8ffc58,2025-07-15
ACCe174f63892,PAY4cdcb0ad81,2025-07-15
ACCd34e5ab1db,PAY842489b23c,2025-07-01
ACCd34e5ab1db,PAY8e6641189f,2025-07-01
ACC5be9c77e12,PAY1f9edb0d353,2025-01-09
ACC5be9c77e12,PAYa3f268554b,2025-01-09
ACCef9e66f0bc,PAY9feb479d7c,2026-01-03
ACCef9e66f0bc,PAYb0af1f56ef,2026-01-03
ACC9291e31cde,PAY975c1873da,2025-12-30
ACCa4a905bab1,PAY23g259ea881,2024-09-24
ACC27bd0950eb,PAY9a27451d3a,2025-06-22
ACC27bd0950eb,PAY0640e37878,2025-06-22
ACC13c15ece20,PAY2c745410f,2025-05-31
ACC13c15ece20,PAY3d5a1783a5,2025-05-31
ACC9dea2cf5f2,PAY93a0784b4,2024-10-22
ACC9dea2cf5f2,PAYc2e0616373,2024-10-22
ACC7da20726f2,PAd2d3e1daad,2025-01-15
ACC7da20726f2,PAY1ae7e2f25e,2025-01-15
ACCe3828d0526,PAY318dd3cd74,2025-04-22
ACCe3828d0526,PAY7a49a2a3bb,2025-04-22
ACC9f6d81842e,PAYa47bdb0fc7,2024-11-18
ACC28053627f3,PAY8f90874341,2025-11-21
ACC297f954059,PAYfb5d41acb5,2026-05-20
ACC297f954059,PAyc6761c66ad,2026-05-20
ACCa45bc810ba,PAY5a86a52ff7,2026-04-30
ACCa45bc810ba,PAYb057de1c7a,2026-04-30
ACC7d9453b0d4,PAY780ef4d5d7,2025-04-26
ACCfbbc65b664,PAYcb64e68a7c,2026-04-30
ACCf1b6b2070d,PAY0a9D0065e6,2025-10-22
ACC0fe45864bf,PAY0f89d1016a,2025-05-23
ACC0fe45864bf,PAY04d3450bb9,2025-05-23
ACC044930c48c,PAY400f26d06f,2025-05-23
ACC044930c48c,PAY3834085cb5,2025-05-23
ACC9915ab409b,PAY9dd205ecbd8,2026-03-29
ACC9915ab409b,PAYb4ded94068,2026-03-29
ACCf866badf96,PAYfb45629f34,2024-12-03
ACCf866badf96,PAY61cad4826a,2024-12-03
ACC050264332d,PAY5f156af169,2025-08-12
ACC643e9e4c25,PAY07941c2d98,2026-03-05
ACC643e9e4c25,PAYee6ab41d2a,2026-03-05
ACC95ddb01889,PAaY25d0f3000,2025-07-08
ACC95ddb01889,PAY8371449dfa,2025-07-08
ACCa4254cd03c,PAY490bdf479b,2026-03-02
ACC7f33e18294,PAY85541d51ea,2025-06-29
ACC5a59f67374,PAe553536de7,2025-01-24
ACC5a59f67374,PAYc61a83ed7b,2025-01-24
ACCcfadfe5377,PAYb968a7311f,2025-01-17
ACCcfadfe5377,PAYe8fb1a3a91,2025-01-17
ACC3b62d34b8e,PAYc5a052730a,2025-03-16
ACCd4c17ba5bb,PAY576ac44ec6,2026-04-21
ACCd4c17ba5bb,PAYd067579913,2026-04-21
ACC81078b87ce,PAY420cf486fB,2025-05-31
ACC2dee823a2f,PAy8edbd9e210,2025-02-21
ACC2dee823a2f,PAY3ae4ea126f,2025-02-21
ACC5bc3f349ce,PAYdfcdd47116,2026-08-28
ACC8afe9a0377,PAY8d5325ca7e,2025-05-11
ACC9be9494872,PAY046ee4f437,2025-11-11
ACC9be9494872,PAY176fc8d6cc,2025-11-11
ACC335ac533b7,PAY1309re1c49b,2025-02-13
ACCe1ed6c556b,PAYbd751417e5,2026-04-13
ACCe1ed6c556b,PAY386fdd3ea,2026-04-13
ACC1884f30fe9,PAY33087ec1a8,2026-01-28
ACC5cabdfd682,PAYc971f858a7,2026-08-27
ACC5cabdfd682,PAY9b132ffeb,2026-08-27
ACC5cca0c6773,PAY3c4j7000877,2025-05-11
ACCc9cd853a11,PAYfad7d3d03f,2026-07-12
ACCe9e9f03149,PAY8036638f4a,2026-08-28
ACCe9e9f03149,PAYa21f383488,2026-08-28
ACC0042caa2f0,PAY7e47c52722,2026-06-06
ACC0042caa2f0,PAY9480ef5e88,2026-06-06
ACC43dc2df90d,PAeY922c3f9584,2026-01-04
ACCd4c2c7c0bf,PAY7dbb5a176ca,2024-10-14
ACCd4c2c7c0bf,PAYb1cd9ea500,2024-10-14
ACCea2babd29c,PAY9296cb45a0,2026-03-07
ACCe63b7ab60a,PAY151a61fdbf,2024-09-30
ACCe63b7ab60a,PAfb14943312,2024-09-30
ACC120525aba7,PAY02a19963ad,2025-06-21
ACC120525aba7,PAYe9369bc0f2,2025-06-21
ACCea0affcd73,PAY66036a07f2d,2025-09-06
ACC1accedbd2a,PAYa77fdf2b2f,2025-05-02
ACCad2ba68f26,PAYf118de10de,2024-09-15
ACCfd4dfe124d,PAY7d852eaeca,2026-04-14
ACC52f0723b46,PAY99c1d93df8,2026-02-02
ACC52f0723b46,PAYu8227bcee3c,2026-02-02
ACCf8476d65f6,PAY9c057b333,2025-05-03
ACCf8476d65f6,PAYegd2ef3d96d,2025-05-03
ACCb4a4826b50,PAY1b3652e261,2026-08-28
ACC5a77e3b64a,PAYf65c235f03,2025-06-14
ACC5a77e3b64a,PAY6e2f5962ce,2025-06-14
ACC3461912bdd,PAY1e8dcda658,2026-06-24
ACCc46b72bad9,PAY65907463be,2025-04-04
ACCfdd236524b,PAYc79e9fd254,2025-06-08
ACC0fe80a69c8,PAY5746daa057,2024-11-06
ACC0fe80a69c8,APY292dc9895c,2024-11-06
ACC7dc1314a9d,PAYc1bb0e3ba3,2025-09-17
ACC7dc1314a9d,PAY8345fdbabd,2025-09-17
ACC8b0cf27df5,PAYe5867166b7,2026-02-06
ACC8b0cf27df5,PAY60f7f05489a,2026-02-06
ACCd12e0fd29b,PAYb77be3050v9,2026-04-03
ACC5ab2d3a6df,PAY22ae998afc,2025-07-24
ACC9c2fb72118,PYA4d1ee0fd1c,2026-06-18
ACC9c2fb72118,PAY20de25403,2026-06-18
ACCb652610d9d,PAY7555fd7e82,2026-06-06
ACC9446f3c783,PAY3ca2a1f60b,2025-04-01
ACC9446f3c783,PAY292326a8b2,2025-04-01
ACC0a3dcf8015,PAY6db89e01d3a,2026-01-03
ACCf79baf26c3,PAY8f6c6bc43b,2025-03-16
ACC415712b6f8,PAY8f7c29c44b,2025-12-08
ACC44d157e427,PAY3b0feb2e33,2025-04-30
ACC44d157e427,PAY6284c73972,2025-04-30
ACC21cc15ecb3,PAY5af66f172b,2024-09-10
ACC0081dcad90,P6AYb30fb8d5f6,2026-01-11
ACC2fa6e9d7d5,PAY9de830c857,2026-08-13
ACCac4918907f,PAY7830d2ecba,2024-11-08
ACCa86b4c5b5e,PAYdb0af6d45e,2024-12-09
ACCbe81410154,AY86184eb0e0,2024-11-19
ACC1cd01c8468,PAY5987e71aa1,2025-09-28
ACC9a190a6cf5,PAYbacb76bd22,2024-09-17
ACC9a190a6cf5,PAYd3ac7271957,2024-09-17
ACC53cb4b451d,PAYcdf57f9cd8,2026-07-21
ACC53cb4b451d,PAY8705dec238,2026-07-21
ACC4b25645abb,PAYe4301E4773,2026-08-23
ACC4b25645abb,PAY138cac7756,2026-08-23
ACC3b1ee4b6c6,PAY7ff8df2b16,2025-12-08
ACCeaff1e2a3d,PAY30b0f37423,2025-05-14
ACCeaff1e2a3d,PAYe20808ad9c,2025-05-14
ACCf15c988700,PAYa8444b3169,2025-10-28
ACC112a2f07ff,PAY5ceb71c86f,2026-04-30
ACC4363ac0a4c,PAY898e6f8bd8,2025-05-25
ACCf9c6a859e6,PAY5aad500d30,2026-05-26
ACCb699c7d5f2,PAY89043c7dfb,2026-06-14
ACCb699c7d5f2,PAY710bfea3ba,2026-06-14
ACC1f159c13ca,PAY63e07d9dfb,2025-10-23
ACC5455288154,PAY10695ab5cb,2025-06-09
ACC5455288154,PAY9cf35cf2f,2025-06-09
ACC76722f07ff,PAYed861475df,2025-04-11
ACC8b88ad782e,PAY119e6b7c4c,2026-01-21
ACC8b88ad782e,PAY0d4de4e06b,2026-01-21
ACC0d2586cef1,PAYc914fffb8,2025-06-25
ACC0d2586cef1,PAY83ab8b75dc,2025-06-25
ACC1557839620,PAY772c461cc0,2025-08-20
ACCe2ef095217,PAYa8d05b6a31,2025-04-04
ACC589f04110f,PAYca14ac46e7,2025-06-03
ACC2b7593c633,PAYb01798e2331,2025-08-21
ACC2b7593c633,PAY2d7ba683ac,2025-08-21
ACCcfbda1afb8,pAY48601e8b58,2026-05-23
ACC1dbb7c2cfc,PA5Y0318a6e7a,2025-10-09
ACC1dbb7c2cfc,PA3Y29633745cb,2025-10-09
ACC9bd252a4ff,PAY731c8c408d,2025-09-02
ACC1544be0727,PAY98d884157a,2026-05-21
ACC1544be0727,PAYa5d436ada9,2026-05-21
ACC1b4d38ade8,APY3927395bb4,2026-02-27
ACC1b4d38ade8,PAY1a6876sbe73,2026-02-27
ACC2ba82a8c85,PAYe471c1bc7,2026-07-10
ACC51d8a774a9,PAY428e79b317,2025-07-14
ACC805c1071d3,PAY68f811a6fb,2025-07-13
ACC805c1071d3,PAYc8b6d3e0d,2025-07-13
ACC9e73d526ea,PAY14a11bc0f6,2026-04-17
ACC9e73d526ea,PAY4fe770apce6,2026-04-17
ACC3bf16da98e,PAY56777982b0,2025-11-22
ACC3bf16da98e,PAYdc5ee4894b,2025-11-22
ACCe681378810,PAYf95v6c88ec3,2024-11-02
ACCb988a5f40c,PAY5be781f27f,2026-05-17
ACCb988a5f40c,PAY79cd66f4d9,2026-05-17
ACC66d97295ae,PAY281e95d04c,2026-03-01
ACCa3f2af38ff,PAY7cbd59d29c,2025-09-21
ACCa3f2af38ff,PAY004420caad,2025-09-21
ACC2ae9fd88d6,PAYea32ebe94,2025-09-23
ACC812e3fe6ee,PAY5fc8435bb,2026-02-03
ACCcd3aacb8b0,PAY94ea0f15f7,2024-09-23
ACC0a26c95406,PAY2c98ee2f99,2026-08-08
ACC0a26c95406,PAYd048ca503b,2026-08-08
ACCac80fc1fc1,PAY41a3ed7f70,2025-05-15
ACCac80fc1fc1,PAY6239a0db5,2025-05-15
ACC1b70300d10,PAY9a8239e676,2026-01-05
ACCa9377e3cc9,PYA8707c5ea84,2026-02-17
ACC52aff81a72,PAYf60f74e49e,2025-06-21
ACC1fdb9d9332,PAYj3d89d6ec04,2025-03-04
ACC1fdb9d9332,PAYe41e9ca554,2025-03-04
ACC5a230cb7cc,PAY539524db16,2025-04-15
ACC516967428d,PAY0a546591d4,2025-04-26
ACC516967428d,PAY162b226b7d,2025-04-26
ACC97160cd093,PA92e94b067e,2025-08-01
ACC97160cd093,PAYd4b6034573,2025-08-01
ACCae9ca7ab48,PAY1fce6d5432,2024-09-02
ACCae9ca7ab48,PAY739311b499,2024-09-02
ACC21cdd63ed9,PAY7a26fe16a0,2026-05-04
ACC21cdd63ed9,PAY35c6c92e8d,2026-05-04
ACC33557fc9af,PAY21e025c6e1,2025-06-24
ACC7c619281be,PAY7719fa27c,2024-09-22
ACC7c619281be,PAY9e63ac83a1,2024-09-22
ACC234c987f74,PAY8b1e99df35,2025-09-05
ACCfd79af5aa2,PAYabd274af76,2024-12-31
ACCfd79af5aa2,PAY77a2f8e7468,2024-12-31
ACC7723e1e7da,PAYa3k4276ba63,2025-05-29
ACC7723e1e7da,PAY68b3429fc6,2025-05-29
ACC1b6e54895d,PAY70003fa9f8d,2025-02-13
ACC67849a2f60,PAY694b644dfd,2025-03-11
ACCea8591ba22,PAYfa6a15fc0b,2026-07-27
ACC56dab3ebfc,PAY9ed25e51a4,2025-08-07
ACC56dab3ebfc,PAY174d570aed,2025-08-07
ACCe232bb348b,PAY041d7d4882,2025-11-28
ACC0f47b9d068,PAY371f3f4d11,2024-10-15
ACC0f47b9d068,PAY8a229f62d6,2024-10-15
ACC3f4bcc2905,PAY1e0b5542b0,2025-07-30
ACC41a12f625d,PAY2b0df0bd60,2024-10-23
ACC4fb52f5a5a,PAYf81191f0ce,2026-07-12
ACCfc8034fc39,PAY4e8120ada0,2026-01-27
ACCf28bb25522,PAY32c840f37e,2026-04-10
ACCb7c693d58a,PAY10305cd35,2025-03-18
ACC2ecfb35fd0,PAzY108df02346,2024-10-06
ACC2ecfb35fd0,PAY123d87e94a,2024-10-06
ACCd1973f6398,PAY475ba99bc,2026-01-09
ACCd4f6b98d59,PAY685de1c9a9,2026-03-26
ACCd4f6b98d59,PAY8769e0c37d,2026-03-26
ACC2fb6af495c,PAY6957f199a2,2024-11-17
ACCd35f051ca8,PAYd7423f8727,2025-09-06
ACCbbcec87c5a,PAY3f2f3cp4385,2026-07-18
ACCbbcec87c5a,PAY5ca73e169b,2026-07-18
ACCcde5d50924,PAY937a976f61,2026-06-14
ACC3da8cff485,APYe538ed68b8,2025-10-20
ACC2097e204c5,pAY5b09a2e52b,2025-02-09
ACC13e8660561,PAYee7c2c7fa,2026-02-18
ACC13e8660561,PAY4a13873a65,2026-02-18
ACC5469edbd14,PAY220ec2ea04,2025-12-05
ACCb59810d74a,PAYd2ec293e7,2025-12-05
ACCb59810d74a,PAY54a4ae3ef0,2025-12-05
ACCa87245fff8,PAYb14d1dad15,2026-01-24
ACC1e7c495c03,PAY8b58dd0971,2025-07-29
ACC1e7c495c03,PAY8583fcbb4f,2025-07-29
ACC1cc61cc8d0,PAY4bb7db95b7,2026-06-06
ACC551dbc0f95,PAYe176148975,2025-10-03
ACC551dbc0f95,PAY7d32e5b931,2025-10-03
ACCa92d965fa1,PAYe06eb2a236,2025-12-31
ACCf907ae17a4,PAYd2f322475a,2025-05-20
ACCf907ae17a4,PAY7e887e79384,2025-05-20
ACC37a9f4833a,PAYcc32515816,2025-05-25
ACC19d1e58198,PAYfec85d0007,2025-08-07
ACC19d1e58198,zPAY568e75fb9e,2025-08-07
ACCb121c6b7f5,PAY7fd651d6b,2024-11-08
ACCb121c6b7f5,PAY45fd9ffd3c,2024-11-08
ACC290488b997,PAY3d4b71dd91,2025-01-24
ACC4579e31a61,PAY26ec0f45bf,2025-12-23
ACC8d28c57dfc,PAYa6da3f14ad,2026-08-06
ACCbbb8d7a27f,PAY2faa87cd7,2024-09-16
ACC28948472fc,PAYbee6d3707c,2025-10-02
ACC28948472fc,PAYa435f8c76,2025-10-02
ACC1382b6c6d8,PAY78540971b6,2024-11-14
ACC4e62e8106d,PAY6989d3d22,2026-04-22
ACC094792efff,PAY7d782a11a4,2026-03-15
ACC094792efff,PAY0832f9b160,2026-03-15
ACCe06055483e,PAY7031b20709,2025-12-22
ACCafc155e2da,PAYd561a5269,2026-03-10
ACCafc155e2da,PAY3aa77aa089d,2026-03-10
ACC6fbb693e9d,PAY761806e23e,2025-11-03
ACC6fbb693e9d,PAY8bdc532fb6,2025-11-03
ACC70c5815eea,PY83eb7c6bf5,2026-05-19
ACC70c5815eea,PAY8b18479184,2026-05-19
ACCabb2326e4d,P6AYbd7c48f725,2025-02-06
ACC39de3eeef1,PAYb7a42db22,2026-05-20
ACC36c361bd8e,PAYb3a00d5d47,2025-02-27
ACCd3fbf086d7,PAYeb261bAeae,2025-02-01
ACC68d35985f6,PAYd69d5f011a,2025-06-09
ACCe6763f5698,PAY2665a1fbbe,2026-01-18
ACCd98807cc11,PAY9376dc9fb,2026-04-09
ACC69264b1c5b,PAYffb603a54,2024-12-13
ACC69264b1c5b,PAY0kd70e590d8,2024-12-13
ACC0b1d95dafe,PAY1cc87aec2d,2026-03-11
ACC0b1d95dafe,PAY246647dc17,2026-03-11
ACC82812e4b0f,PAY0bff1ed7a1,2025-08-15
ACC82812e4b0f,PAY064102b056,2025-08-15
ACC6e4b5a3add,PAY85ba1f7e24,2026-06-05
ACC44b35c9897,PAYdbea612d4c,2026-01-04
ACC44b35c9897,PAY335e4ebdec,2026-01-04
ACC9c60fb5da4,AY3f9e5d4ec9,2025-12-25
ACCf0f79b0b43,PAYe6e2e9dac3,2025-05-08
ACCa5f39f02ad,PAbY24f39ba04,2024-11-05
ACC8776ce4a76,PAYa8503f565b,2025-07-25
ACC8776ce4a76,PAY65215a772d,2025-07-25
ACCb4598ab59e,PAY7012e7a74c,2025-05-30
ACC313c78d2da,PAY2c2f7378e2,2026-06-28
ACC5d8cc489f1,PAY6f7eb48d24,2025-01-19
ACCc1d5bd8345,PAY7064881680,2026-01-22
ACCc1d5bd8345,PAYbca3924141,2026-01-22
ACCabcff0009c,PAYb84f595221,2025-07-29
ACC7aafe13b11,PAYc13520e171,2025-01-19
ACC909655c7ab,PAYa9f34bb183,2025-01-05
ACC9cad734618,PAY2830cb6e7b,2026-01-09
ACC9f15abebd6,PAY79242c2a79,2024-12-08
ACC9f15abebd6,PY58f4da6cd4,2024-12-08
ACC82198cfe97,PAY72fd37e82e,2026-07-06
ACC90755ea296,PAY36f745746,2025-12-04
ACCdcf48587ce,PAy831c94b17b,2024-09-01
ACCdcf48587ce,PAYa8298bc69b,2024-09-01
ACCaadd2499ed,PAYad0c6017e0,2026-01-24
ACCaadd2499ed,PAY708eb397604,2026-01-24
ACCfba4cf1a64,PAYa15ba866aa,2025-12-09
ACCfba4cf1a64,PAYf44235ac56,2025-12-09
ACCc8f1affd80,PAY7673857855,2025-02-21
ACC5962351309,PAY50a04a1e49,2026-08-06
ACC5962351309,PAY3b607a9e01,2026-08-06
ACC5dc7cb42d2,pAYaa1de47f6f,2025-04-02
ACC257ea2b076,PAYb43390aec1,2025-03-27
ACC3ee3917c2d,PAY5692b3f5b,2026-05-22
ACC3ee3917c2d,PAY853903f59b,2026-05-22
ACC9c78decc00,PAY61fb50e58a,2026-06-24
ACC9c78decc00,PAc25bf0ab24,2026-06-24
ACC9a4d720e7e,PAY11bef8bedc,2026-01-24
ACC6608152e2f,PAYa30a8239e9,2025-02-28
ACC6608152e2f,PAY2404c369dc,2025-02-28
ACC3c826488fb,PAY16C431e40a,2024-12-06
ACC3c826488fb,PAYcE2c7f8858,2024-12-06
ACC9c5f6c55df,PAY22d49e9ffa,2025-10-16
ACC9c5f6c55df,PAYa9d833ef52,2025-10-16
ACC0a3b285b08,PAY95b73087c3,2025-03-06
ACC0a3b285b08,PAYf7ddecbe8,2025-03-06
ACC32e623e6c6,PAY0f15ffd24c,2024-12-08
ACC9e2898a529,PAY372079fc4,2025-09-06
ACC82d102e47e,PaY86950f3b1c,2025-06-18
ACCdb7a53af1e,PAYeb045725a5,2026-03-24
ACC7b21c0fc55,PAYfa39a7e348,2025-11-11
ACC648e037e94,PAY838c5d8ad,2026-02-19
ACC2de181f1eb,PAY9b3cf24fb9,2026-07-23
ACC2de181f1eb,PAY341ca9f216,2026-07-23
ACCde970110f0,PaY1a5635e0f4,2024-10-31
ACC8b5d60ba9c,PAY199ad6901d,2024-11-04
ACC1b3638ea4a,PAY7b2d14e8c98,2026-06-04
ACCfe1c820dcc,PAY9811e1a1fe,2025-08-09
ACCfe1c820dcc,PAY646f161de8d,2025-08-09
ACC39dc73872c,PAY33f151403,2024-10-02
ACC39dc73872c,PAY2e5ce7c631,2024-10-02
ACCc80000e51e,PAY334a6c26ff,2026-03-25
ACC25bd6bf015,PAYfbdbg49e037,2025-11-25
ACC25bd6bf015,PAY36d7f28cf6,2025-11-25
ACC3f17b88bf6,PAYba11bb8ec7,2024-11-02
ACC3f17b88bf6,PA2b7124681a,2024-11-02
ACC1b04b89893,PAYc8949c8ecc,2026-06-02
ACC1b80cea85a,PAY47df4f4bdc,2026-03-02
ACC1b80cea85a,PAY7c9a24c82c,2026-03-02
ACC4d93b7729e,AY37c89134d1,2025-12-06
ACCc1953d97a9,PA4Y01cbb909b,2026-03-11
ACCc1953d97a9,PAY0a05d6ad72,2026-03-11
ACC0824a4a2dc,PAYebcd7bfed5,2026-01-31
ACC227bd9624a,PAY4b16b3f840,2026-07-15
ACC227bd9624a,PAYceece4b992,2026-07-15
ACCde91514de1,PAY55156c0969b,2024-09-04
ACC024e8f5fff,PAYc2a825b368,2025-12-04
ACC024e8f5fff,PAY0fa0e5b5ba,2025-12-04
ACCc776f43c65,PAYe968b01ac0,2025-03-11
ACC6c77227f13,PAYab04f52ca2,2025-08-22
ACCcbb15ae61e,PAY4a6b77c786,2025-11-01
ACCc23e0f4ea4,PAY5a8dd51685,2026-03-10
ACCc23e0f4ea4,PAYd55c42cc62,2026-03-10
ACC9d9acb21e5,PAY61f1aaf9d7,2025-04-25
ACC9d9acb21e5,PAY494f87e74a,2025-04-25
ACCada99038eb,PAY5b11db124c,2025-05-06
ACCada99038eb,PAYfd83f054cc,2025-05-06
ACC6691ad473b,PAYb8e796d996,2026-03-03
ACC6691ad473b,PAY8adccabe5,2026-03-03
ACC9fcaa7e4c9,PAY19df56je15c,2026-08-01
ACC534af770b9,PAY72e4761002,2026-01-30
ACCbf6ea45ced,PAY05280fff80,2024-11-18
ACC2518839fc3,PAY821c3a8b0f,2025-12-20
ACC962b6e923d,AY10d1c5a082,2026-05-25
ACCd3630db823,PAY978ab63ea,2026-05-20
ACCd3630db823,PAY3b91fbece4,2026-05-20
ACC3926981a6d,PAYb0a0a0bfa6,2026-06-10
ACC3926981a6d,PAYdfc71dc4c6,2026-06-10
ACCfb4997c377,PAY6c0b86dc45,2025-05-22
ACCfb4997c377,PAY8d60e18a03,2025-05-22
ACCf487adfa41,PAY5ef5a72359,2025-05-05
ACCf487adfa41,PAYb63x761723e,2025-05-05
ACC53df112b10,PAY84d30dfb0c,2025-07-25
ACC53df112b10,PAY965a558495,2025-07-25
ACC63ea08822e,PAY559ab5dd88,2025-08-24
ACC63ea08822e,PAY4274706ac6,2025-08-24
ACC927e8a2013,PAyb36cc36916,2026-01-17
ACCa71bf5dade,PAYae7269ca2c,2026-07-31
ACCf194c91b06,PAY291f8806eb,2026-08-20
ACC9ea2600b5b,PAY6241edfd8d,2024-10-26
ACCad811e1186,oPAYfcecb852f5,2026-04-05
ACCad811e1186,PAYd0fe88c688,2026-04-05
ACCa319f8ed06,PAY94b0f3dec5,2026-04-09
ACCa319f8ed06,PAY63e2801ca4,2026-04-09
ACC507ec4780c,PAYb82c0ebe30,2025-02-14
ACC507ec4780c,PAY7bbc187750,2025-02-14
ACC853926a13b,PAY72fbad07ae3,2025-06-30
ACC4ddb69f1bc,PAY7e431c958e,2025-06-08
ACC4ddb69f1bc,PYbef748deb1,2025-06-08
ACC1eb2b45f98,PAY4771021d2,2026-08-12
ACC1eb2b45f98,PAYba358af320,2026-08-12
ACCce182ca142,PAY9bc0c3502e,2025-12-31
ACC29b7daa327,PAY31a618be7c,2026-08-14
ACC29b7daa327,PAYcfd3a8d839,2026-08-14
ACCccbd48e3e4,PAYbb35e4c466,2026-06-19
ACCccbd48e3e4,PAY4e704fd5bdb,2026-06-19
ACC41413abd62,PAYde18e8a1c,2025-08-20
ACCf0789cd633,PAY951fe7fbfb,2025-11-12
ACCf0789cd633,PAY17409a0bcb,2025-11-12
ACCc0103a79bf,PAY722d24f4c,2025-11-19
ACCe816538b7d,PAYc4669d475,2025-10-01
ACC152bf8dab9,PAY4c24cbedc1,2026-07-13
ACC152bf8dab9,PAY03d97b6009,2026-07-13
ACC520cf1dfe8,PA0Y2a615a9e09,2024-12-14
ACC9b09aab214,PAY8b78a74607,2026-06-10
ACC2ed3e229b9,PAY16556ybdbe4,2025-03-05
ACC67b7b6871c,PAY7f2C65d68c,2024-12-26
ACC67b7b6871c,PaYad5ffbe6fb,2024-12-26
ACC8ac9e656f4,PAYfa7aa89848,2026-03-16
ACC1df24ee0b3,PAY7f7635e1fd,2025-04-13
ACC1df24ee0b3,PAY72b8605896,2025-04-13
ACC48d40a7121,PAYe58f27b7e5,2026-03-14
ACC4f078d27ba,PAY2ba28e0da5,2026-01-10
ACCdf0d7ef059,PAY7bf172486c,2025-12-03
ACC2474f0729b,PAYc244819f30,2025-08-30
ACC2474f0729b,PAY95fC939e22,2025-08-30
ACCb875ae78a2,PAY233725b64e,2025-09-12
ACC72e12d350b,PAY4d8baddf0f,2026-01-02
ACC72e12d350b,PAYf2645ba33d,2026-01-02
ACC15a5ced9c6,PAY90e0f9a8cb,2025-04-25
ACC15a5ced9c6,PAYd35915c629,2025-04-25
ACC35b8f8b9bd,PAY8b18dbd843,2025-05-09
ACCe2e89576b6,PAYbef2e8f32b,2026-06-18
ACCe2e89576b6,PAYa8d3088042,2026-06-18
ACC3170b0da19,PAY3042db4da7,2026-02-25
ACC7703493b8e,PAYd7359fcc7,2025-05-07
ACC5033cff1fc,PAY117e344588d,2024-11-04
ACCc5a295b72e,P3AYedc7d3817f,2025-03-09
ACC2e75bc806b,PAY5ad515dae4,2026-04-05
ACCa1fc0797c8,PAYa965101fb8,2026-06-28
ACCa1fc0797c8,PAY9ca89faa86,2026-06-28
ACCaf668a8e4a,PAYed19c96d64,2025-05-02
ACCeb4eaa19a1,PAYc1892c27b1,2025-04-03
ACC9ee3bbe8ed,PAY38db003ced,2024-09-26
ACC9ee3bbe8ed,PAY436a564e62,2024-09-26
ACC09a28fc58e,PAY7f927d44da,2025-07-12
ACC09a28fc58e,PAYep53cda0088,2025-07-12
ACC78bff14c1d,PAY8fa551d1ec,2026-07-16
ACC78bff14c1d,PAY0af29d3d67,2026-07-16
ACCed3ed01710,PAYc72af91e9,2025-02-21
ACCed3ed01710,PAe381de0b58,2025-02-21
ACCf1098332fe,PAY25c7f01a03,2025-04-08
ACCf1098332fe,PAY416c7483aa,2025-04-08
ACCcb5f5ee229,PAYe9bfcd9b4E,2026-01-17
ACCcb5f5ee229,PAY102d5a3363,2026-01-17
ACCa6ca0d7500,PAY9cbfb3abbb,2024-09-23
ACCa6ca0d7500,PAYeea3351b1b0,2024-09-23
ACC08fd148425,PAY11097818a,2026-05-14
ACC08fd148425,PAY5239fba499,2026-05-14
ACC2bb8e95a0e,PAY026a2a73b5,2026-02-28
ACC2bb8e95a0e,PAYc8f19d3b27,2026-02-28
ACCa15cbb9a57,PAY13b105ddbd,2025-05-11
ACCbe29aa7825,PAYe7c7d24767,2025-04-26
ACCc499851bf7,PAYe5ba5a9e88,2025-10-29
ACCc499851bf7,PAY8230cec59d,2025-10-29
ACCe110b6fb74,PaYf3b0d3d744,2026-07-26
ACCe110b6fb74,PAY64d75304d,2026-07-26
ACC33e6312da1,PAY10229eba10,2025-05-11
ACC33e6312da1,PYA55a2c30705,2025-05-11
ACC358694f177,PAYcaf87c0Ba1,2026-05-16
ACC358694f177,PAY7600517d09,2026-05-16
ACC208e98b3de,PAY82b35b6752,2026-03-02
ACC208e98b3de,PAYcfe1d3fa96,2026-03-02
ACC01f9fa4128,PAY421cff6cd,2025-12-07
ACC01f9fa4128,PAY8130be865,2025-12-07
ACC1688a6c7ee,PAY69Db6fdf70,2024-11-03
ACC1688a6c7ee,PAY9499360cb0,2024-11-03
ACC729fc22276,PAYe84ea5bbbc,2025-01-18
ACC83cc9e417b,PAY7bf26bbe04,2024-09-08
ACC2c69db25c3,PAY183a8f0c96,2025-04-21
ACC2c69db25c3,PAY4d3bce2f9d,2025-04-21
ACC8254fa3470,PAY0f001f9328,2024-12-31
ACCa46d9d8ce4,PAYaa172afa9d,2024-09-22
ACCa46d9d8ce4,PAYc008f6b0cc,2024-09-22
ACC4e449fd517,9PAY6f934f8b91,2025-02-18
ACC4e449fd517,PAY460971ac8a,2025-02-18
ACC9d090dc75d,PAYb646c79350,2025-06-25
ACC9d090dc75d,PAYb632e15380,2025-06-25
ACCc7b27bc63d,PAYac3b0cae4b,2026-03-14
ACC1ca20b3153,PAY25da59f34c,2026-04-14
ACC1ca20b3153,PAY684c1d0938,2026-04-14
ACCc85928d6de,PAY371df94073,2026-08-29
ACCdf67acd2b1,pAY29c581b7ab,2025-12-26
ACCdf67acd2b1,PAYea0a29a60,2025-12-26
ACC6d6d4637ae,PAYe8e94b8059,2025-07-21
ACC6d6d4637ae,PAY9f3da512b9,2025-07-21
ACCd40fd0df77,PAY87c6de28e0,2025-09-26
ACCd40fd0df77,PAY247eadc2c1,2025-09-26
ACCcccb807899,PAY3z48d91b00e,2026-08-01
ACC521148ac94,PAYb605bb3b6,2025-06-15
ACC521148ac94,PAY924abbad55,2025-06-15
ACC3b1fc3e64d,PAY99612a32c6,2024-10-18
ACC3b1fc3e64d,PAY1accfd030f,2024-10-18
ACC6bbdbb4d3d,PAY30635d558d,2024-11-26
ACC6bbdbb4d3d,PAYc5849e7117,2024-11-26
ACC247c54f8e1,PAYaf7f9c045d,2025-12-05
ACCdb7737c74e,pAYf1e076ae79,2025-11-27
ACC0ae40cd238,PAYe78ad0f73c,2026-08-09
ACC0ae40cd238,PAYc8e0212d2d,2026-08-09
ACC2fab07982a,PAY4ebfcfb96b,2026-08-10
ACC2fab07982a,PAYb467076bd2,2026-08-10
ACC64cd23e8b8,PAY5c957acDfd,2025-09-18
ACC0bce816aad,PAY4cfbd683a6,2024-11-28
ACC0662b4c1d9,PAYa5c69b6965,2025-01-01
ACC0662b4c1d9,PAYfd64b5382e,2025-01-01
ACCf353376d2e,PAYbf86de2ca5,2025-04-21
ACCb39a9ef5a7,PAY8aaeafb0da,2024-11-19
ACC96f31a6fb7,PAYb06c388ec7,2026-03-28
ACC96f31a6fb7,PaY8194c91dea,2026-03-28
ACC2ca787bb79,PAY9c976e5515,2025-10-23
ACC2ca787bb79,PAYb8ecd7cf4f,2025-10-23
ACCc2607a569a,PAY987acc16c1,2024-12-24
ACCc2607a569a,PAYfd7b81aa82,2024-12-24
ACCe5309dbbed,PAY7174656009,2026-08-12
ACC0b4aa01a2d,PAYc7c1e8de56,2025-11-27
ACC124d86bfa7,PAY4b46d7c168,2025-06-03
ACC124d86bfa7,PAYabc89a68c7,2025-06-03
ACC93283f729c,PAY87a9b5cbc4,2026-03-13
ACC93283f729c,PAYe80c89aceb,2026-03-13
ACCae3ca15c85,PAY81cd9cd2c1,2025-05-22
ACCb293a6d5bd,PAY5d3657f4a9,2024-12-13
ACC3b045b3377,PAY6347a1f04f,2026-05-16
ACC3b045b3377,PAYc557cfdfed,2026-05-16
ACCaa59764db6,PAY850d4952df,2025-06-02
ACC18099fcf90,PAYf566773664,2026-05-22
ACCf86e89b10b,PAY935e8586db,2025-05-24
ACC344c9124e4,PAY2a75811ed6,2025-10-11
ACC336e079e07,PAYc4a62c4929,2025-10-25
ACCfcf0302af5,AYb82d9f111e,2025-10-07
ACCde41689311,PAY0dd85b8d3,2024-12-16
ACCde41689311,PAYd46e6b7636,2024-12-16
ACCdb61695a64,PAY246c90ba91,2026-03-04
ACCc78f8be045,PAY86be68aa98,2026-07-01
ACC9ee45c04dd,PAY91dd47be40,2026-02-21
ACC15486fde79,PAY00c7af8cd6,2026-06-01
ACCa90b6cf08f,PAY5cfa073749,2024-09-22
ACCeccb594b41,PAY8b28b75551,2025-06-20
ACCeccb594b41,PAYa7876a1e76,2025-06-20
ACCe4a9f618c8,PAY8dd519ab00,2024-09-27
ACC217474741c,PAY36f8747fed,2024-09-27
ACC61c04f90cb,PAY222d6cc88a,2026-03-15
ACC483430446a,PAYc8b8a1eca1,2025-09-13
ACC483430446a,PAYd1a94c3ec7,2025-09-13
ACC9c97c7a555,PAY414198ed4d,2024-12-04
ACC2d2c20290d,PAY5e1682c4cc,2026-01-30
ACC2d2c20290d,PAY08c2fb2ac2,2026-01-30
ACC80af944565,PAYb883de133c,2024-12-04
ACC80af944565,0PAY027f3fb080,2024-12-04
ACC66f324784f,PAY601fd437e5,2025-10-10
ACC66f324784f,PAY73a5bd4eb8,2025-10-10
ACC1800e03c69,PAY147c6001c2,2025-01-17
ACC1800e03c69,PAY6de6d84b6,2025-01-17
ACCc5e2735c62,PAY282407e4fc,2026-01-26
ACCc5e2735c62,PAY80823C5729,2026-01-26
ACCac02c60525,PAY04b0cf3b24,2025-12-06
ACCac02c60525,PjAY0ab46cc1b9,2025-12-06
ACC7bbd9fdb5d,PAY78490f4e2,2025-04-12
ACC7bbd9fdb5d,AY496056be0d,2025-04-12
ACCecf82076b9,PAY0add2f703,2024-12-26
ACC3e401dda6a,PaYf77545cce5,2024-10-12
ACC3e401dda6a,PAYEeea60a7dd,2024-10-12
ACCa9c9a878e4,PAY71cb89faaf,2025-02-14
ACC1c5f2c87b6,PAY8b65e37ece,2025-11-07
ACCcef6b495b6,PAY98b142c26,2026-05-22
ACCcef6b495b6,PAY6a1e808faf,2026-05-22
ACCa9cb5d191c,PAY7b0759cee4,2025-03-07
ACCa9cb5d191c,PAYf34d7f1f18f,2025-03-07
ACC1e23e6a428,PAY25981000ac,2026-07-06
ACC1e23e6a428,PAY6d67b6ba39,2026-07-06
ACC332039d33d,PeAYb495f27278,2026-02-09
ACC332039d33d,PAY8341fa9a0e,2026-02-09
ACC2d25d4ddb8,PAY0f7a17a145,2025-11-08
ACCe9915b5f0a,PAY0672926ac3,2024-12-22
ACC7bbc9ee42b,PAY7geaea64e9e,2025-09-12
ACC7bbc9ee42b,PAY3a5c085d5,2025-09-12
ACC438194244a,PAY38f79b597b,2025-11-08
ACC438194244a,PAYfc114dee1c,2025-11-08
ACCaef25ca73f,PAY227561a0e05,2025-11-12
ACCaef25ca73f,PAY1924c2e24e,2025-11-12
ACCea98ac5048,PAY26f3e44a63,2026-06-22
ACC3df4b8aace,PAY65301be2a,2025-02-21
ACC3df4b8aace,PAY0c44dc6a7c,2025-02-21
ACC84ea89d748,PAY0f0fDe4bc5,2025-09-11
ACC7999d55b5a,PAY718dc86101,2026-08-01
ACC8f3ab68538,PAY902dd60ea8,2025-02-24
ACC8f3ab68538,PAY77d77ccd5f,2025-02-24
ACC0d0e082eac,PAY345b763c88,2024-10-07
ACC297362f7c8,PY920c5b6462,2026-05-03
ACC85576ca8e5,PAYde58ca03ed,2026-02-03
ACC5fd811aa68,PAYc130703faa,2026-05-30
ACC5fd811aa68,PAY1f4646cc9e,2026-05-30
ACC29194da18c,PAYb6c72db778,2026-03-23
ACC7913ae6e36,PAY8b84fe1e06,2026-06-20
ACC7913ae6e36,PAY94b68cff5d,2026-06-20
ACCe6b62e3976,PAY3fd5c03580,2025-05-26
ACCe6b62e3976,PAY493cb0e17d,2025-05-26
ACC94d37654c2,PAYfe467f3057,2025-09-10
ACC94d37654c2,PAY39d7938d15,2025-09-10
ACCf83c1d00e8,PAY4f90331f4b,2025-11-11
ACCf83c1d00e8,PAY8571f8a17c,2025-11-11
ACC26fbbc456e,PAYc0e07c4eca,2024-09-19
ACCd5e2ffc47b,PAY5223d55a13,2025-09-21
ACC011631747a,PAY38d1db18b4,2024-09-02
ACC0dbf41e04f,PAY12c0d74066,2024-11-20
ACC0dbf41e04f,PAY4fedb3cea0,2024-11-20
ACC0319c4decb,PA0d3abe49f1,2026-02-17
ACC4bf2d6a38b,PAY25bf64dc0d,2026-01-25
ACCb6d79a1835,PAY88604a7227,2026-08-27
ACC9b5974d8aa,PAY09c5b0913f,2025-04-12
ACC9b5974d8aa,PAY7cc27b32e3,2025-04-12
ACCbddd6522c3,PAYaad0b71edB,2026-03-14
ACC40181c8cb7,PAYc3655cbdf1,2026-01-06
ACC40181c8cb7,PAY7939866bdq8,2026-01-06
ACC78634a0083,PAY392ce68656,2025-08-17
ACC78634a0083,PAY0C2a969e99,2025-08-17
ACC8de4aa5d6a,PAY28f6c31247,2025-05-21
ACC3c8d0e9e36,PAYfd86qa52dce,2025-07-27
ACC3c8d0e9e36,PAY060d467f61,2025-07-27
ACC749fd31eec,PAY63a7f4c7a5,2025-11-30
ACC0c18ad157d,PAYb85ed5429e,2025-07-15
ACCa04a3e3944,PA6Yad934cf213,2024-11-23
ACCa04a3e3944,PAYc7c25da832,2024-11-23
ACC8d1f9b23cf,PAY1f55779a36,2025-04-19
ACC8d1f9b23cf,PAY072680bb9e,2025-04-19
ACCee38b294f5,PAY795d03c97a,2024-11-12
ACC56e0d09a6f,PAY7a8d3fdaff,2026-02-23
ACC7e09474b11,PAY13a84f720a,2025-12-21
ACC7e09474b11,PAY3259cb5469,2025-12-21
ACCf49060b9c2,PAY5b52575f78e,2025-04-20
ACCc2d3c1cb84,PYA74c106e173,2025-04-14
ACCcdd25317b4,PAY75409170f5,2026-06-30
ACCcdd25317b4,PAY8dbfddc892,2026-06-30
ACC629d2d26fb,PAY4577bc9dbe,2025-01-23
ACCdf35349bd8,PAY3fa8d8fe93,2024-12-30
ACCdf35349bd8,PAY1bdc5036f2,2024-12-30
ACC4efdb8520b,PAYu8a500c10be,2024-12-08
ACCd961430772,PAY61f34fb080,2025-10-02
ACC3d0d8726fe,P9AYa27573b24e,2026-06-25
ACC1dab00cc18,PAY35337246ca,2025-08-20
ACC8cf0473912,PAY86f47a39a3,2026-03-27
ACCc46a4df1d6,PAY15e2fe6982,2025-01-24
ACCc46a4df1d6,PAYe8c06ed379,2025-01-24
ACCd6d22307e6,PAY1802105b98,2026-03-31
ACCc5e4e914dd,PAY04171c3f02,2025-03-29
ACCff048970b9,PAYfd1ae036ad,2025-01-09
ACCff048970b9,PAY5299e78521,2025-01-09
ACCa6ed28c051,PAYf8d7972299,2024-12-21
ACCa6ed28c051,PAY7820dcd954,2024-12-21
ACCf1852d560d,PAY441614c015,2026-03-03
ACC80f7398f73,PAY26c4e9bc10,2025-05-07
ACC240d69a5f0,PAYcf66166513,2026-07-09
ACC7c2435bb99,PAY9180e38709,2025-06-18
ACC7c2435bb99,PAY347r19e2e8a,2025-06-18
ACC71bc1a22c7,PAY8fd6993208,2026-06-26
ACC1c1e5f1b37,PAY4848d53a8b,2025-01-12
ACC1c1e5f1b37,PAYb68dde27a6,2025-01-12
ACC437a65ffcc,PAdY26be640a44,2024-11-09
ACC437a65ffcc,PAY03e18ea9ea,2024-11-09
ACCa450604db5,PAYb750b807bb,2024-10-11
ACCa450604db5,PAY07885c3059,2024-10-11
ACC5732beeeaa,PAYf5fa9b8a52,2025-10-12
ACC5732beeeaa,PAY892a991a2b,2025-10-12
ACC0f1df6814f,PAYec8cc83c6,2026-04-02
ACCb5fda65fb4,PAY6a75de073e,2026-04-09
ACC678584f2db,PA6Y60a2d9880,2025-07-16
ACC678584f2db,PAYf34350ca17,2025-07-16
ACCa7cfa89293,PAY962ba6e47d,2024-09-08
ACC2f4dcfadce,PAY7f019a6ddf,2025-03-03
ACC49c6b5d98e,PAYdaf4716053,2025-03-25
ACCf42b58f360,PAY15012a11d,2026-01-17
ACCe23f0358cd,PAY92160f2909,2024-09-07
ACC9417e2a0d4,PAyd5e20f37b6,2026-08-07
ACCb5e221132e,PAYc29dcf211e8,2025-07-30
ACCb5e221132e,PAY0b899851cd,2025-07-30
ACC5a998e0240,PAY16eb3febcd,2025-08-21
ACCf1a313449d,PAkYf133280225,2024-10-17
ACCf1a313449d,PAY01bc892811,2024-10-17
ACCb5c8b8b243,PAY2af144868f,2026-07-27
ACC187afab5b6,PAY910a58aa85,2025-06-10
ACC187afab5b6,PAY6e561e7bca,2025-06-10
ACC04b9860613,PAYc87b13336,2026-06-02
ACC04b9860613,PAYcc06de98e11,2026-06-02
ACC7d322298cc,PAYa017edcd8c,2025-07-22
ACC306e7b62b4,PYAd6d0b609ef,2025-02-18
ACC306e7b62b4,PAYaba8f2c83b,2025-02-18
ACC98168c65ca,PAY7c8ee1a838,2026-04-27
ACC98168c65ca,PaYa4fc816627,2026-04-27
ACC40d7015fb5,PAYeff751a657,2025-11-24
ACC40d7015fb5,PA50c0ef9657,2025-11-24
ACC9882eff8f1,PAY00a11f40f4,2025-02-11
ACC9882eff8f1,PAY9833097bc8,2025-02-11
ACC66ab49af02,PAY618fb212f,2025-08-19
ACC66ab49af02,PAY0c3d4fb7ed,2025-08-19
ACC13703feec6,PA5Y6cb5452d26,2026-06-24
ACC13703feec6,PAY0e7723b51d,2026-06-24
ACC1d11958e65,PAY2c9007219a,2025-06-02
ACC1d11958e65,PAYcd2cbf830f,2025-06-02
ACC64a50edd12,PAYcdefdb9944,2025-07-13
ACC64a50edd12,PAY4bd1b6b581,2025-07-13
ACCadac6aace7,PAY52a935f19e,2025-04-10
ACCadac6aace7,PAY1cd1325fa9,2025-04-10
ACC324312c122,PAY79035638f,2025-12-28
ACC5ccd4c1f2b,PAY81094c3ac1,2025-09-23
ACCb1efe59369,PAY11fdf7492e,2026-01-27
ACCb1efe59369,PAY83759b06af,2026-01-27
ACC551dbb9351,PAY0efc6632e0,2024-12-30
ACCdcd9bc7c23,PAY09cac4dAa1,2025-09-05
ACCdcd9bc7c23,PAd61899ca12,2025-09-05
ACC730a6ab5e1,PAY64d99dd7e5,2026-02-02
ACCddc69cc533,PAY0a2421b0e4,2025-06-18
ACCddc69cc533,PAYd0de5d574c,2025-06-18
ACCa1b576fc3e,PAYe009befcfe,2026-07-21
ACC1e02ac3bbe,PAb1769c6c0f,2025-02-21
ACCe2e2c6d844,PAY6d279b1ec2,2025-04-24
ACCe2e2c6d844,AY844e40ac4f,2025-04-24
ACCbd7aa23006,PAY87217093c7,2026-07-11
ACC53aa6c30ee,PAYc12f21217d,2026-03-22
ACC53aa6c30ee,PAY09cd09fc6e,2026-03-22
ACC5d16cecd01,PAY4cfdceaab8,2026-01-10
ACCce76e745ec,PAY6915a39e63,2024-12-03
ACCc017852ae2,PAYa006a99efb,2025-07-29
ACC0f387eff67,PAYkede01bac9b,2025-11-13
ACC0f387eff67,PAY3384d7b0e1,2025-11-13
ACCfcc5124444,pAY0e96460806,2024-09-01
ACCfcc5124444,PAY3c84404633,2024-09-01
ACCa881e70d2d,PAYa7ccaffe10,2025-08-06
ACC9446b817bd,PAYe5c5257218,2026-04-10
ACC9446b817bd,PAYe10cb64e05,2026-04-10
ACC7f62745830,AYff816cd0f7,2025-07-14
ACC7f62745830,PAY4b024012be,2025-07-14
ACC59b5f0b0a4,PAYde67c2a9d8,2026-08-20
ACC59b5f0b0a4,PAY9f66c3dc55,2026-08-20
ACC626570543b,PAYf2c8764785,2026-04-26
ACCa0032b89df,PAY896be6a5a3,2025-05-05
ACCa0032b89df,PAYeb0b86169pe,2025-05-05
ACCe5472a3797,PAY827e6f1a34,2025-01-18
ACC0604863a7e,PAY46d82a7059,2025-11-26
ACCa95d676609,PAY01c5d72794,2025-08-08
ACCa95d676609,PAYf0cb921ed9,2025-08-08
ACCf4d701e6fb,PAYe2478fc96c,2026-01-26
ACCf4d701e6fb,PAY51cfa4733c,2026-01-26
ACCccd38abcc2,PAYa90ce69edd,2026-04-28
ACCbd4713cce0,PAY213ed0524c,2024-09-13
ACCbd4713cce0,PAYbcb0a2996od,2024-09-13
ACC9ea1947a62,PAY1d83e9df31c,2026-07-01
ACC9ea1947a62,PAY58b26f7b2b,2026-07-01
ACC65a33579be,PAY18812d27e,2026-05-21
ACC55e61e391d,PAY36874955ba,2024-09-13
ACC55e61e391d,PAY159766fdf,2024-09-13
ACCb139e57f86,PAYbaab40749a,2025-10-20
ACCb139e57f86,PAY4ce143bc0,2025-10-20
ACC6228c5f0ce,PAYd804dce1dd,2026-02-16
ACC84c42a5b55,PAY74b9bde9f6,2025-06-18
ACC0120086353,PAYd0f8b94b92,2024-12-20
ACC0120086353,PAY406f105feb,2024-12-20
ACC7b303835bd,PAY294da8db0,2026-04-13
ACC7b303835bd,PaYdcdba94bbe,2026-04-13
ACC7cd674bdee,PAY06c520fb7,2024-12-24
ACC7cd674bdee,PAYc4uc716cbbf,2024-12-24
ACCa441da3ad0,PAY3a70564eb7,2026-05-21
ACCa441da3ad0,PY6d11732cb6,2026-05-21
ACCc334e1d236,PqAY9838efd71f,2025-03-27
ACCc334e1d236,PAY86870176d1,2025-03-27
ACCc7afcbee19,PAY1ded2b6c7a,2024-09-23
ACCb0a6b9ba1a,PAY11fe1fc58d,2025-10-03
ACCb0a6b9ba1a,PAYae4582f1f6,2025-10-03
ACC7b3095f9ac,PAY802adf85c5,2026-04-11
ACCcef1dff12d,cPAY284ec5e535,2024-12-26
ACCf4ab6f798b,PAY9815d552cf,2024-11-12
ACCf4ab6f798b,PAY05be2f177,2024-11-12
ACC17e84a1819,PAY16e092255c,2025-09-09
ACC27f092935c,PAY223f0a14b9,2024-09-05
ACCf26abc2919,PAYfcadee99b6,2025-10-30
ACC20531575cf,PAYe8ae8755d9,2025-03-18
ACC20531575cf,PAYc8c5dd7c43,2025-03-18
ACC5714235ccd,PAYe3b838cb1,2025-05-22
ACC5714235ccd,PAY40bc607419,2025-05-22
ACCa126da344f,PAYfde0040ffb,2025-07-08
ACC7553e3864a,PAY4a7d826a5,2025-10-29
ACC7553e3864a,PAYbeb9b35522,2025-10-29
ACC1d089d7cf9,PAYc63a6261aa,2025-02-19
ACC1d089d7cf9,PAYfe26e0c979,2025-02-19
ACCf32eb84c6b,PAYabf26f0b9f,2025-07-09
ACCf32eb84c6b,PAY789c3b9d1a,2025-07-09
ACC1b01bec713,PAYe00dfef800,2024-10-26
ACC1b01bec713,PAY5d9411474b,2024-10-26
ACCf037726287,PAYc08e7cf61a3,2026-03-19
ACC4809fa0c09,PAYd842b51dea,2024-09-06
ACC4809fa0c09,PAY1f3df64ce95,2024-09-06
ACC3bd738fce5,AYd0bd59c035,2025-03-20
ACC3bd738fce5,PAYe7bcbbe3a7,2025-03-20
ACC1b3d35ea8a,PAYeb40d6af4d,2025-05-03
ACC4f5c021afd,PAY1ee632fefb,2025-02-19
ACC17fdf3a01b,PAY4fa13e798b,2026-04-03
ACC17fdf3a01b,PAYf3a5ac3a88,2026-04-03
ACCf784c2defb,PAYf181dc96c7,2025-11-22
ACCf784c2defb,PAYf5263fd039,2025-11-22
ACC8ccfac5b50,PAY1aac4cc9f6,2026-03-03
ACC8ccfac5b50,PAYd14ae5ee69,2026-03-03
ACCed99672cbe,PAyb6fcc5e0be,2025-01-20
ACCd29438c86e,PAY9849b67b88,2025-02-08
ACCd29438c86e,PAY00c4e07512,2025-02-08
ACCbd1b431dcd,PAY5d38c769a,2026-07-13
ACCbd1b431dcd,PAY2887ed8e5b,2026-07-13
ACCa2707e664d,PAY5939e20891,2025-06-18
ACC0454c4e226,PAY4890d8804,2026-08-22
ACCab19157dda,PAYe9e2b94e1c,2026-08-23
ACCab19157dda,PAY6care768829,2026-08-23
ACC2b77c36d08,PAY6cC378931c,2025-12-19
ACC2b77c36d08,PAYf1ac474e19,2025-12-19
ACCf405591370,PAY0bbe014aa2,2025-02-10
ACCf405591370,PAYc7773fbbr91,2025-02-10
ACCcc0d106577,PAY24dd468dcc,2024-12-23
ACC39f574949a,PAY65c7dd4b43,2025-06-01
ACC39f574949a,PAy301c103ad4,2025-06-01
ACC956d1084ac,PAY2d3f2091e7,2025-01-27
ACC799f823a27,PAYaef280ee4,2026-05-03
ACC799f823a27,PAYc24fc24698,2026-05-03
ACCb210b876f9,PAYf8cba308e7,2025-09-28
ACCb210b876f9,PAY68616ad44d,2025-09-28
ACC6481f08b22,PAYbb49693cb6,2025-10-13
ACC6481f08b22,PAYf7e9a8a711,2025-10-13
ACC58893e0e74,PAY8b00b76f33,2026-07-23
ACC58893e0e74,PAY9402ca0d33,2026-07-23
ACC5d04f3b695,PAYaea25207de,2025-07-06
ACCc13b2d0e07,PAY3198e9f236,2025-06-15
ACC2bb461156f,PAYe84ed3a0af,2025-03-04
ACCb4c1aae930,PAY6a8471cf6,2024-09-27
ACC1a4128da42,PAY0c480db719,2026-02-05
ACC1a4128da42,PAY5a0fb914e5,2026-02-05
ACC28db0c9e9b,PAYa23648d0ea,2024-10-17
ACC28db0c9e9b,PAY6565b0aa4c,2024-10-17
ACC7c3fdacba5,PAY1869904d72,2026-04-20
ACC7c3fdacba5,PAY2656349350,2026-04-20
ACC183e3d6090,PAY5646ea54ce,2026-01-22
ACC183e3d6090,PAYf88718ab7b,2026-01-22
ACC7b20a50ac5,PA6602c29ba4,2025-01-24
ACC7b20a50ac5,PAY49a86c3653,2025-01-24
ACC8a6c30ef4c,PAYf3559db628,2025-03-19
ACC8a6c30ef4c,PAYf2cbca2a0f,2025-03-19
ACCf12085279c,PAYfe2262893,2026-06-02
ACCf12085279c,P7AYd0385835d7,2026-06-02
ACC27607796f6,PlAY8aa76234a4,2025-06-10
ACC27607796f6,PAYf46f71547f,2025-06-10
ACCade3f330d0,PAYf082ae8387,2025-01-11
ACCade3f330d0,PAY5c939cf153,2025-01-11
ACC9dd0e2c477,PAYee3E49b205,2024-10-07
ACCbdb15b0589,PAYc1cb8d33d6,2026-06-07
ACCbdb15b0589,PAY90e1da414a,2026-06-07
ACC4308808565,PAY8e252ebba8,2025-09-14
ACCc67f14319d,PAYc45f6afa4d,2025-05-11
ACCc67f14319d,PAY651b45db0c,2025-05-11
ACC3e4f5af005,PAY418582cdf0,2026-04-07
ACC2c7f26d4d6,PAY0c7Beec7a3,2025-05-17
ACC2c7f26d4d6,PAY66508c3c61,2025-05-17
ACC4e2b25fd63,PAY5498f0b3d1,2025-12-07
ACC414e1205c4,PAY03c8363ede,2025-02-18
ACC414e1205c4,PAY654dd1c632,2025-02-18
ACC3e66ea71c9,PA4c896c3231,2025-04-17
ACC3e66ea71c9,PAY80fdfbb6a,2025-04-17
ACC1fb81927b1,PAY73Cf48cf08,2026-08-26
ACC449e71cfe3,PAY8bafcaca22,2025-11-13
ACC449e71cfe3,PAY0cdd35b3b2,2025-11-13
ACC0c24e8f6a5,PAY8d129d9990,2024-10-01
ACCa49ceee521,PAY30fe3acaaf,2026-08-05
ACC29fdb3bc09,PAY75a45b08d8,2026-06-14
ACC02342a1828,PAY35833bd921,2026-03-20
ACC02342a1828,PAYf5a0234ac9,2026-03-20
ACCae3d1cc3e0,PAY3fc3b8y2e0a,2026-06-05
ACC8ef1dbebd5,PAYe79401b1ea,2025-11-03
ACC30a1fe7bde,PAYacd193115db,2026-06-13
ACCe28c0e4be2,PAYf06187c5c4,2025-05-24
ACC3212ec4d3c,PAYad2df570ee6,2026-01-22
ACC3212ec4d3c,PAYba8d303e22,2026-01-22
ACC9575fa25c1,PAYab76351u5f4,2025-12-06
ACC9575fa25c1,PAYec7b8ddc759,2025-12-06
ACC5e142de5e5,PAY9ba9d11d0,2026-01-20
ACCb15b13f075,PAYe351fe8cb4,2026-05-27
ACCe3a67b10fb,PA4Y1dfe822dce,2024-09-09
ACCe20d72cf2e,P7AYb193cff26a,2024-11-24
ACCe20d72cf2e,PAY04735c533f,2024-11-24
ACCde3a0e82e0,PAY4c26b6a80a,2025-03-01
ACCde3a0e82e0,PAY0439ead9b,2025-03-01
ACC12aabac3a3,PAYbedc251a4c,2025-11-11
ACCfc78ada9bd,PAY4c7c2d6b69,2025-03-08
ACCd9420a5f6a,PAYdcc1148518,2025-08-17
ACCd9420a5f6a,PAY53d66f48e1,2025-08-17
ACC5a14d40892,PAY70ce836460,2025-06-19
ACC5a14d40892,PAY61dff16ed3,2025-06-19
ACC689dffc32f,PAy69cdf65a15,2024-09-19
ACC689dffc32f,PAY32d674c367,2024-09-19
ACC77545d398e,PAYbecd8711e2,2026-01-26
ACCc027f25fcf,PA6Ye8febac76e,2025-08-12
ACCc027f25fcf,PAY3ba2fc2fea,2025-08-12
ACC42c5fd3fff,PAY1ad595641,2025-06-29
ACCad79581404,PAY64109Af0b3,2025-08-02
ACCad79581404,PAY9e1abda9b6,2025-08-02
ACCfa80fb0b94,PAyb6a8a2b61d,2025-04-15
ACCbd31eec3f7,PAyd28bd8a01c,2025-12-05
ACCbd31eec3f7,PAYea010483d,2025-12-05
ACC5ed42c203d,PAY77e9695311,2025-10-25
ACCd613073494,PAY1faebcc97b,2025-07-31
ACC03df66717b,PAY492c7cac24,2025-05-22
ACC03df66717b,PAY3e1b7dc8c,2025-05-22
ACC2784c36e52,PAYc50a899f212,2025-11-05
ACC2784c36e52,PAYf76cd009b0,2025-11-05
ACCaad23d3083,pAYe748d51bcf,2025-11-29
ACCaad23d3083,PAY9980ad899,2025-11-29
ACCeb9af6d62c,PAYcc51197oc33,2026-01-28
ACCeb9af6d62c,PAYea7e75c10,2026-01-28
ACCaae6f517c8,PAYcf30753095,2024-09-02
ACC9a336e39cd,PAY5487025b2,2026-04-27
ACC9a336e39cd,PAY4ad8921754,2026-04-27
ACC78531fc634,PuAY6eb6941ace,2025-08-31
ACC78b7933d94,PAY621ca1e8ab,2026-02-10
ACC620563aa48,PAY0d09164777,2025-10-08
ACC620563aa48,PAY4ea9e3ac8a,2025-10-08
ACC9b89b1f283,PAYe2083ca48e,2026-03-29
ACC9b89b1f283,PAY57573b10f1,2026-03-29
ACC61d908f578,PAY02132542ca,2025-09-26
ACC001225841f,PAY5ffb0f1f54,2025-02-24
ACC001225841f,PAYd3a6aba26c7,2025-02-24
ACC306d31e426,PAY985ce8cb3f5,2025-06-02
ACC306d31e426,PAY88d2b80a1c,2025-06-02
ACCa74c3c04de,PAY044f257717,2025-09-29
ACCa74c3c04de,PAY42e33f2d48,2025-09-29
ACCabd6943c6a,PAYc9c1b9857d,2026-07-03
ACC5d97ec2f23,PAY52be604c3e,2026-08-14
ACC927aa4df58,PAY26ad926ba,2024-10-27
ACCc115d22306,PAY370574937,2025-03-23
ACC5163b1d88c,PAY9f698f5405,2025-01-04
ACC5163b1d88c,PAY4d74686238,2025-01-04
ACC29ebd242df,PAY2336d1d6b0,2025-08-23
ACCdc0ab06561,PAhY222c90cbee,2025-05-03
ACCdc0ab06561,PAYbc104e7d8d,2025-05-03
ACCe8396b510f,PAYc98cb68114,2024-10-15
ACCe8396b510f,PAY9296102ebd,2024-10-15
ACC924e9e0bcd,PAY811265ff83,2025-11-25
ACC924e9e0bcd,PAY77ea40b144,2025-11-25
ACC2e7fad19e7,PAY3313c2d7d2,2025-01-02
ACC2e7fad19e7,PAYf5578e4b38,2025-01-02
ACC311bbade0b,PAY027422c576,2026-07-23
ACC311bbade0b,PAY94c0606f98,2026-07-23
ACCa298df1853,PAYAd39e63824,2025-06-16
ACCa298df1853,PAY780bca25b9,2025-06-16
ACCf1b89ec855,PAY0524f248f6,2025-03-23
ACCf1b89ec855,PAY5036637ba7,2025-03-23
ACC2336060820,PAYdb863d0342,2026-04-05
ACC503ac5bf9c,PAYeb9803db9,2025-06-24
ACC227db4c84f,PAYf8cfc8c597,2026-05-05
ACC227db4c84f,PAY1e6d5d111,2026-05-05
ACC3ac0f51571,PAYba148ace52,2025-08-12
ACC3ac0f51571,PAYc833a230ec,2025-08-12
ACCdef8dd3c14,PAYaf21151a6a,2025-09-03
ACCdef8dd3c14,PAY0a46f186d3,2025-09-03
ACC0efcb2a9f5,PAY4ddf683e8e,2025-04-12
ACC0efcb2a9f5,PAY140b12a6c43,2025-04-12
ACC95f717db46,PAY81f8776623,2025-10-25
ACC95f717db46,PAYe7c501d09,2025-10-25
ACC7507e99996,PAYcb3b35ee2f,2025-12-10
ACCb999beb969,PAYc2158aeaf9,2025-11-17
ACCb999beb969,PAY584cd4Ddd5,2025-11-17
ACC42bb528755,PAY0c9d2656b0,2025-03-08
ACC42bb528755,PAYa104735a6a,2025-03-08
ACC6c4cf16bc7,PAYb53ac0bde9,2024-11-13
ACCa92c4e6de8,PAYe08fbc12c,2025-08-31
ACCa92c4e6de8,PAYf3a2a6739b,2025-08-31
ACC59d2a082d7,PAYda1ffbfb1f,2025-04-13
ACC59d2a082d7,PAY86b494934,2025-04-13
ACC8949b23a3a,PAY6f457cad7e,2025-08-02
ACC8949b23a3a,PAY60063b0082,2025-08-02
ACC709c8230f1,PAY1b2595864f,2025-08-10
ACC7f38c1cfbd,PAYac8a385a63,2026-06-10
ACC7f38c1cfbd,PAYf92aed7179,2026-06-10
ACC53efc930e7,PAY8a15e8d13d,2025-03-05
ACC53efc930e7,PAY47c2dc280b,2025-03-05
ACC21dd2db2bb,PAY64a8321ae5,2026-07-13
ACC3094d04b44,PAY58be450975,2025-03-15
ACC3094d04b44,PAY6f623b25b7,2025-03-15
ACC0cb74e1e5e,PAY24115cf624,2025-01-31
ACC8e43460c8b,PAYab59414df5,2026-03-28
ACCd1524c657d,PA0691094987,2026-05-16
ACC3735a24643,PAY69b5120d79,2025-05-05
ACC3735a24643,PAYc4c760a0bb,2025-05-05
ACC6e6043049a,PAY7b7abf0b5f,2025-06-30
ACC998b1cff0d,PAYff49941c7b,2025-12-18
ACC998b1cff0d,PAY8821b58556,2025-12-18
ACC998fc9461c,PAY92cf60dc10,2025-03-13
ACC998fc9461c,PAY63a6ded185,2025-03-13
ACCa8dd90c633,PAY953acf6ce0,2025-03-18
ACCa8dd90c633,PAYfb8a37d0b,2025-03-18
ACC91cde286ad,PYef605dc46d,2025-11-03
ACC4a408a616c,PAY7253254f5e,2025-05-02
ACC8deca77128,PYf03b88d692,2025-07-27
ACC8deca77128,PAY3b978f3ba9,2025-07-27
ACCebf4663c9f,PAY25c6a2C889,2025-05-07
ACCe1b18babc5,PAd6deaafee5,2026-04-23
ACCe1b18babc5,PAY997dfb4528,2026-04-23
ACC75bfa35e94,PAYac60a516ff,2025-08-30
ACC75bfa35e94,PAYecad69ad9b,2025-08-30
ACC67d3f96315,PAY6dba228fc1,2025-12-24
ACC67d3f96315,PAYea23fb3558,2025-12-24
ACC74acbb2ad0,PAYae5b1145ea,2025-06-19
ACC74acbb2ad0,PAY32bb0c71bc,2025-06-19
ACCbc711a36dd,PAYb4bb78913c,2025-10-14
ACC393dc0a63b,PAY9dd56d117,2024-12-14
ACCb7317e0a7d,PAYc46ef503af,2024-12-11
ACC0c401e1ce8,PAY87836de329,2026-04-12
ACC3fe3daa190,PAY17b9477a7a3,2025-08-21
ACC6153b801ba,PAY95753c2232,2025-02-02
ACC6153b801ba,PAYebb184d5ca,2025-02-02
ACC157d3ff2af,PAYc6bf864c8c,2025-04-25
ACC157d3ff2af,PAY023dfb8664,2025-04-25
ACCb81d5ee554,PAYf853182ff4,2026-08-07
ACCc3c382977a,PAYa2ca0e9c241,2024-10-12
ACCc3c382977a,PAY9bb933d056,2024-10-12
ACC47f4486898,PAY6be96972ce,2026-07-26
ACC47f4486898,PAYd7aa29bf6b,2026-07-26
ACC8326728496,PAYc72700a188,2025-01-29
ACC8b025e1da1,PAYe9683433a0,2024-12-11
ACC8b025e1da1,PAYba2826c159,2024-12-11
ACCb54131c812,PAY9743cc4990,2026-08-29
ACC4c77bb9823,PAY507dd01cjb1,2025-05-16
ACCc7cba1fe77,PAY4101187834,2025-08-31
ACCc7cba1fe77,PAY52579238f4,2025-08-31
ACC53e7de9b74,PAYf14069c1c0,2025-12-26
ACC53e7de9b74,PAYba2e6390e5,2025-12-26
ACC8b0cab4fe6,PAY92q50feffe4,2025-08-01
ACCdd45ffeb56,PAY4255363cc,2025-03-13
ACC0342d3f250,PAYfac4b51609,2026-08-12
ACC0342d3f250,PAYaee471b4d0,2026-08-12
ACC46b9f26342,PA2202efba3a,2025-04-26
ACC46b9f26342,PAYc690991c21,2025-04-26
ACC067bb171f7,PYA66ab3d59c7,2024-12-10
ACC067bb171f7,PAYcc01f17d11,2024-12-10
ACC377e5deac2,PAYcbdf0ba6ce6,2025-05-02
ACC377e5deac2,PAY1f3991c52e,2025-05-02
ACCacd07b967b,PAYda2f5e8e3c,2025-06-28
ACCacd07b967b,PYA0916be5c0b,2025-06-28
ACC1d7c352b2a,PaY1fe841770a,2025-11-23
ACC8e786750e8,PAY2521923e16,2024-11-10
ACC8e786750e8,PaAYcaa57982d2,2024-11-10
ACC21615ecf49,PAY01346589c6,2024-12-06
ACC21615ecf49,PAY20b330194df,2024-12-06
ACCcef88723d1,PAYf1bafa807c,2025-08-27
ACCcef88723d1,PAY412c0bb4B9,2025-08-27
ACC663f9901d5,PAY0b16cfbb38,2026-04-18
ACC663f9901d5,PAY121805f19d,2026-04-18
ACCef85f50a08,PAY7166da7548,2025-12-31
ACC5444ce26ab,PAY50f6a0219fc,2024-10-15
ACC5444ce26ab,PAY23bbf75b04,2024-10-15
ACCbfb12073ed,PAYf21d5409c0,2026-05-03
ACCf1ea2345c2,PAY59e1a4c18c,2025-02-17
ACC6c192d55ff,PAY7ef5fe528v3,2026-08-03
ACC6c192d55ff,PAY36c44be5bf,2026-08-03
ACCddf953fb9a,PAY11fd8669f9,2025-11-01
ACCddf953fb9a,PAYe728ecf14d,2025-11-01
ACCd684b96b7a,PAYaf01f78884,2025-06-18
ACCd684b96b7a,PAy7e44e07043,2025-06-18
ACC8463e445da,PAY97459c94ac,2025-10-08
ACC1b9c8e758d,PAYd320b93072,2024-12-06
ACC6dff9a3ef0,PAY860e14cde4,2026-03-14
ACCb1d9b82b83,PAY55f8908024,2025-02-02
ACCe3acc21eac,PAY0f9363597e,2026-06-19
ACCabb66a9e9d,PAY8bb1acefe,2025-10-05
ACC74ef370fc4,PAYcfdddda3f4,2024-12-06
ACC74ef370fc4,PAY85646c21b7,2024-12-06
ACCd34b15c927,PAY4602a13ed,2026-05-19
ACCc80f09d194,PAY0cacf687bd,2026-04-05
ACCa967eafd8e,PAYf6b298509e,2024-09-15
ACCa967eafd8e,PAYa86097fde0,2024-09-15
ACC9ffeb35db7,PAYdbd778df29,2025-04-26
ACC9ffeb35db7,PyAY698d3a9e94,2025-04-26
ACC62f26f6ac2,PAYb953ecbdd,2026-06-04
ACC79814ffe76,PAY8112ed7b35,2025-03-30
ACC79814ffe76,PAY10f5c2e2e0,2025-03-30
ACC1cdbbbcb95,PAY4e6c419be0,2025-05-02
ACC8567f47060,PAY544759a29,2024-11-28
ACCae64f17884,PAY506264e24,2024-11-07
ACCf0e89d2691,PAYdc003408a9,2025-03-06
ACCf0e89d2691,PAY700b50e61d,2025-03-06
ACCc442616cff,PjAYd81bdeef8b,2025-05-06
ACC0cf8e7caac,PAcY28216f908,2024-10-04
ACC0cf8e7caac,PAY29941853b4,2024-10-04
ACC612ec7e98c,PAYe33b21db7,2025-04-06
ACC612ec7e98c,PAY583ba35ea3,2025-04-06
ACCe9113fe4ce,PAYa2a5252a12,2026-04-17
ACCe9113fe4ce,PAY1c6b043360,2026-04-17
ACC2710e7e7bc,PAY0b5064c8d4,2024-10-31
ACC2710e7e7bc,PAYd2e09ef7d7,2024-10-31
ACC4034e43b69,PAY442462b956,2025-04-12
ACC44e89da3b5,PAY8e63feA2ed,2025-12-15
ACC5e6f3b99f3,PAYc63a4db2p5d,2025-09-05
ACC0c58023a52,PAYa4aca8fed0,2025-08-02
ACC0c58023a52,PAY07b288d77a,2025-08-02
ACCcd509f9d15,PAY66e572a140,2025-01-17
ACCcd509f9d15,uPAYae97d11bf2,2025-01-17
ACC34e8d99d18,PAYf438d7affa,2024-10-08
ACC34e8d99d18,PAYaddba117c3,2024-10-08
ACC3736288afd,PAY5bcAe236cb,2026-02-19
ACC3736288afd,PAY4363b09b18,2026-02-19
ACC41aecc50da,PAY44172b462e,2025-09-21
ACC41aecc50da,PAY9864ed837a,2025-09-21
ACC160462634a,PAYd3ea2b1536,2024-12-19
ACC13847e58d7,PAY8ed21c27df,2026-03-23
ACC13847e58d7,PAY51abf3a7bf,2026-03-23
ACC8fa3599c48,PAY7b5ad2625e,2026-01-25
ACC585f117567,PAYa47dc9bb2,2026-05-30
ACC585f117567,PAY9c43120c14,2026-05-30
ACC5c90587654,PAY44eb43ff2a,2024-12-10
ACC5c90587654,PAY9decedc2c5,2024-12-10
ACCa6516ca550,PAY6c0fa2371b,2026-03-20
ACCa6516ca550,PAY70c3f21b90,2026-03-20
ACCad761cc4f4,PAYf28f43dcb,2026-07-11
ACCb804302e80,PAYe6f1e2161f,2025-12-04
ACC14d1e1b612,PAY10ea6b5b74,2024-10-13
ACC14d1e1b612,PAYa1e3fd418f,2024-10-13
ACCca77d22fa8,PAYa8b6ea8e05,2026-02-25
ACCca77d22fa8,PAY27f9caa753,2026-02-25
ACC98fd8b6964,PAY8828630ccfe,2024-12-12
ACC81906e2cd3,PAY74383e455a,2026-05-02
ACC4c3543a186,PAY2b2d974eb0,2025-08-20
ACCa4bbf9b4b7,PAYe6e4c307ee,2026-02-19
ACCa4bbf9b4b7,PAY4a4b0fe094,2026-02-19
ACC5d9428326c,PAY217e900ab4,2025-09-03
ACC79e12903f6,PAYd5349c0bef,2025-04-05
ACC14b920bcd6,PAY5465374d08,2025-06-26
ACC14b920bcd6,PAYd6f67171d2,2025-06-26
ACCf11343a0d7,PAY34b66969c0,2025-02-19
ACC063682a1ac,PAYdd13852960,2024-10-15
ACC063682a1ac,PAYb2f409a3d0,2024-10-15
ACC60c4fc487c,PAY1cc1411e6b,2025-12-19
ACC60c4fc487c,PAY0a7cef823a,2025-12-19
ACCb176ebd77c,PAY5f3e2cdb618,2024-11-06
ACCb176ebd77c,PAY6c48p1657b9,2024-11-06
ACC85110974e9,PAYc1faa2386d,2025-09-16
ACCc8cae08f4e,PAY8e28a1bc30,2024-11-29
ACCc8cae08f4e,PAYa253eb3d12,2024-11-29
ACC843f1fec68,PAY4b8807bc46,2025-05-10
ACCd90079e81e,PAYf89278a4s67,2025-12-18
ACCd90079e81e,PAY8e38aef6e3,2025-12-18
ACCd1a1ce6ac6,PAY412d45cf02,2026-01-30
ACC00c5762525,PAY5164d78e83e,2026-04-24
ACC2aed809d63,PAY2d70f4885d,2026-03-15
ACC2aed809d63,PAYcf7ba29e50,2026-03-15
ACC059e9110d1,PAY5b4e5f3ac9,2026-06-18
ACCabe4ed2d67,PAY5110ceb7e8,2025-11-03
ACC7e24f27e68,PAYf4258478bc,2025-12-22
ACC524ad597b3,PAY28994a70d0,2026-08-22
ACC524ad597b3,PAyd86016edc5,2026-08-22
ACC17a8a70f42,PAYa32b95e20a,2024-09-02
ACC17a8a70f42,PAYe070dF4553,2024-09-02
ACC401c26ec44,PAY18cf6b3a2d,2025-06-09
ACC401c26ec44,PAYdfda9aa9a5,2025-06-09
ACCf330734cde,PAY90d8c79a48,2026-03-22
ACCf330734cde,PAY634b12e88,2026-03-22
ACC4aba482bb1,PAY3518a012d8,2025-08-29
ACC4aba482bb1,PAY8e988067d3,2025-08-29
ACC17f587a741,PAY438f6cc586,2024-09-16
ACC17f587a741,PAY144db8a5c,2024-09-16
ACCb3fdfc893a,AY3c457be097,2025-12-20
ACCc46c25a213,PAYe6w6db6cef3,2025-07-09
ACCc46c25a213,PAY41800deeF7,2025-07-09
ACCcb0c21978d,PAY75285aa94c,2025-06-20
ACC1506c7d652,PAY859722993b,2025-01-26
ACC0387097a97,PAY8de9600589,2025-04-03
ACC0387097a97,PAY18ef7d0f4,2025-04-03
ACCe68e7a42e8,PAYa63afa77e5,2024-09-07
ACCe68e7a42e8,PAYe9dc8ee660,2024-09-07
ACC0c3a0d6dae,PAYd2dd3d708e,2024-09-14
ACC40ea19ab90,PAY75cd294a9d,2026-03-14
ACC5aecffc270,PAY84e64edc16,2026-05-16
ACC5aecffc270,PAYe34e36bc5c,2026-05-16
ACC0c3f8ac59f,PAY35ce82d280,2025-01-30
ACC22ada5e38c,PAY7ff85f0013,2025-12-01
ACC22ada5e38c,PAY20d76c2b4a,2025-12-01
ACCaf003d3923,PAfYb34653f10,2025-03-15
ACCaf003d3923,PAYd11163539e,2025-03-15
ACCfbb461c3fa,PAY7b2fe2b4f8,2024-10-05
ACCfbb461c3fa,PAYe0f1157e3f,2024-10-05
ACC14a16cdde0,PAYcde0d82bc3,2026-03-08
ACCda5924505b,PAYd8c95cbe5d,2025-09-11
ACCda5924505b,PAY0f28dc3e25,2025-09-11
ACC2727846530,PA8db8777a84,2025-01-21
ACC2727846530,PAoYf1a018d460,2025-01-21
ACCf9092c303c,PAY5def0ee0d0,2026-01-08
ACC783f87c818,PAY97962dd318,2025-09-11
ACC2b120b3aa5,PAY0598a4c86d,2026-04-26
ACC8d2736e55a,PAYa0772a64bf,2025-11-21
ACC2b53443820,PAYa3f6f61e8e,2025-12-31
ACC2b53443820,PAY56dcdc3c0b,2025-12-31
ACCd45d08f2e0,PAY898cc7af9,2026-08-17
ACCd45d08f2e0,PAY5f574acd63,2026-08-17
ACC283f59a84c,PAcYd35292ff1,2024-10-05
ACCb98b960f60,PAY8e717b0690,2026-05-16
ACC7f9d6141e4,PAY5378ea999s7,2025-05-02
ACCdb92741194,PAY06dbab76ef,2025-03-25
ACC89aa1ab2a2,PAY16ef9ddd62,2025-05-30
ACCa5fc59a734,PAY41708a605f,2025-10-17
ACCa5fc59a734,PAY29ea8e0db6,2025-10-17
ACC2ac72bc36a,PAY7b3d969590,2026-03-11
ACC532a64725a,AY0f0d0aaf43,2026-04-04
ACC532a64725a,PAYc63d3c92a5,2026-04-04
ACC4afd46b294,PAY7568af5731,2025-12-29
ACC4afd46b294,PAYa0cf40182e,2025-12-29
ACCb5d0b73a2a,PAYcdc016687e,2024-09-08
ACC55a12a5394,PAY11993b3f76,2025-04-07
ACCd0a100579f,PAYc11b9b10a1,2025-04-18
ACC6a0e062098,PAY0a80484ea,2026-01-03
ACC6a0e062098,PAY0399dea52e9,2026-01-03
ACCb0e2375455,PAYa6a2f7e110,2025-10-26
ACC47f88de862,PAYe5b32977e7,2026-01-26
ACCcd6e4b1f2a,PAYce26a06ac0,2026-01-14
ACCcd6e4b1f2a,PAY527fd70aDb,2026-01-14
ACCd9a1f990a7,PAY380750e18c,2025-08-06
ACCd9a1f990a7,PAY9dc758f50,2025-08-06
ACC7f2ef83efd,PAYab58200004,2024-10-14
ACC4ca22ce6be,PAYe3d963feb9,2026-03-02
ACC4ca22ce6be,PAY7875c4a72e,2026-03-02
ACCfc1f76e26e,PAY12f71f3e88,2025-04-04
ACCfc1f76e26e,PAY18c4d74968,2025-04-04
ACCe43773cf66,PAY3d71e97278,2026-02-24
ACCe43773cf66,PAY9cfb3cec3b,2026-02-24
ACC7943b723fc,PAYebf6162f90,2025-03-29
ACC7943b723fc,PAYaad7f8241e,2025-03-29
ACC756cd2fabb,PAYceddbba19d,2026-07-25
ACC334cddf3da,PAY2ace363ad8,2026-06-15
ACC8c26dc20ee,PAYee53e2Ba18,2026-03-11
ACCb54dbf531f,PAY72f2d0e751e,2025-11-12
ACCb54dbf531f,PAY421da2372,2025-11-12
ACC9bc13b21b3,PAYa35c6887ae,2026-07-25
ACC9bc13b21b3,PAYe29a790f9,2026-07-25
ACC7caeea35af,PAY1e945f4bbae,2026-04-22
ACCedbc128a23,PAY561d523a0b,2026-04-02
ACCd2282d7856,PAYf34db12eec,2025-10-11
ACC6c91c6e35d,PAY9a5142g87a8,2025-07-31
ACC820cf5973a,PAY3cb24cf332,2025-04-07
ACCf765228ab5,PAYf5a24f64e3,2025-08-15
ACC4e992327a2,PA6Y348eb1a9a,2026-07-08
ACC979dad83ef,PAYfb5601d0Cb,2026-06-19
ACC46b595bb3b,PAY764a3cfb3ba,2026-03-31
ACC3f652df278,PAYc6932a52b8,2025-12-27
ACC3f652df278,PAYdad3692b42,2025-12-27
ACC567ceec9a4,PAYf7698f7cd2,2025-12-23
ACC5eb5087ec1,PAY5e6d558035,2026-08-23
ACC53ad26f046,PAY87a9f167ba,2026-07-12
ACC53ad26f046,AYe97fa34b4d,2026-07-12
ACCf0559e5bd6,PAY8b64j8d57b2,2025-08-27
ACC9c1951e28b,PAY8fd35843f,2025-07-22
ACC2ba1bf50ec,PAYa0b874ceD5,2026-06-22
ACC5a9aa01311,PAYd9f67f2a7d,2025-12-16
ACC5a9aa01311,PAY5b3e1bb146,2025-12-16
ACC6647b4bf70,PAY39e97065f0,2025-11-26
ACC6647b4bf70,PAY461eap7c9a8,2025-11-26
ACC06c09a76db,PAYee0336ef57,2026-02-10
ACC06c09a76db,PAY771e6f4bb6,2026-02-10
ACC4aca521279,PAYfac29f65f,2025-01-11
ACC4aca521279,PAY4e8bcd8224,2025-01-11
ACCaaf7f4d2c0,PAY70d19dd7afa,2025-11-11
ACC62be1ef6a7,PAY3392bd542b,2025-03-15
ACC62be1ef6a7,PAYfd7fafe2f1,2025-03-15
ACC7044d89ee7,PAYa8c98ec0ce,2025-04-10
ACCfe7e70994e,PAYafafcd72f0,2025-05-19
ACCeeb3a9c4e0,PAY19e1fe53cb,2025-01-19
ACCeeb3a9c4e0,PAY9e2a65c9f1,2025-01-19
ACC10c406fde6,PAYfba83cfdb,2024-11-28
ACC9314fee606,PAYd58f75028b,2025-02-04
ACC9314fee606,PAYf69c59e5d7,2025-02-04
ACCf7dc602f01,PAY5a036fd6c,2025-06-04
ACCe109f85bef,PAY6b1b7ce514,2025-06-22
ACC4c78803257,PAY2b04fe9f7,2026-03-03
ACC4c78803257,PAYc1537c7926,2026-03-03
ACC6af571fec2,PAY4da515da3f,2024-09-09
ACC97f5545a79,PAYc6d9kc8f74c,2026-04-05
ACCc7e6119fcf,PAYb8dee47640,2024-12-14
ACCf68d1c53d4,PAYcd4e16e1db,2026-03-30
ACCd472215fa2,PAY7a4d66b596,2025-12-25
ACCe4ae3e9024,PAY9a6beff748,2025-03-07
ACCe4ae3e9024,PAY5a8b841e33,2025-03-07
ACC300eb517e5,PAYD8f69db721,2025-03-10
ACCcd834d2d9c,PAYb433981214,2024-09-09
ACCf4af74d05a,PAY1e8c40fca1,2025-03-01
ACCc0f1e343ce,PA6Ydac847f74,2025-10-20
ACCc0f1e343ce,PAYc0c5466a3d,2025-10-20
ACCbe2ccfd7d0,PAYa8664736bd,2024-10-08
ACCbe2ccfd7d0,PAY7161c5d94,2024-10-08
ACCbb4a5e8528,PAY310322554a,2025-03-04
ACCbb4a5e8528,PAY661689391,2025-03-04
ACCd69a61c4cc,PAYf115d982a5,2025-04-29
ACCb7b2aab7e9,PAY954492e1b,2026-05-22
ACCb7b2aab7e9,PAY9a198e454,2026-05-22
ACCd8e8fce9a3,PAY0e065f3db7,2024-09-22
ACCd8e8fce9a3,PAY6475988015,2024-09-22
ACC8a1eea70b1,PAYf714d5374,2025-12-11
ACC8a1eea70b1,PAY3753219c44,2025-12-11
ACCd699c6e8ad,PAY166a0fc8ea,2025-01-12
ACCd699c6e8ad,PAY762dcafe68,2025-01-12
ACC4f1b174d60,PAYa076e37cc4,2025-12-01
ACC4f1b174d60,PAY42c083ee7,2025-12-01
ACC103d9d0097,PAYd68510a4ec,2026-07-08
ACC9f622ea039,PAY7ceafbf497,2025-12-26
ACC9f622ea039,PAYf00f3431f6,2025-12-26
ACCc69360b11d,PAYd0d6305bd6,2025-01-06
ACCb0fe217ea3,PAY1eaa8ed230,2024-11-23
ACCb0fe217ea3,PAYb60b607dc2,2024-11-23
ACCcd0a1c1f72,PAY1e9770276d9,2024-11-21
ACCcd0a1c1f72,PAYf581de1da4,2024-11-21
ACC18352937b0,PAY20ea9f585d,2024-12-05
ACC18352937b0,PAYfb25b7ee31,2024-12-05
ACC811b814f82,PAY2ddfaab47,2025-01-15
ACCdabc164ad5,PAYa89c839503,2026-03-17
ACCdabc164ad5,PAY41afadca6a,2026-03-17
ACCa9af927371,PAYf6aae7731c,2025-01-23
ACCa9af927371,PAY305c61246b,2025-01-23
ACC149efa64a1,PAY52648054a1,2025-05-03
ACC1d4e9aa632,PAY10bdb97e75,2026-03-06
ACCc2cf865887,PAYcd052f8ax2c,2025-04-06
ACC8b21267422,PAY83dedf936B,2026-01-23
ACC8b21267422,PAY71b6f0cf47,2026-01-23
ACCd09f83b3e9,PAY4a76ea03a8,2025-01-29
ACC641cd37bc8,PAY48cf42af4,2026-06-14
ACCde44783550,PAY1df0a99b61,2025-04-19
ACCde44783550,PAY988541fa3f,2025-04-19
ACC5a1425648b,PAY7159cb84d,2026-04-11
ACC5a1425648b,PAYa344238f89,2026-04-11
ACC433931c0fb,PAYb214d779df,2025-02-09
ACC433931c0fb,PAY51b3cf026d,2025-02-09
ACCea9f87b92f,PAYcc2d2c154e,2026-06-06
ACCea9f87b92f,PAYf1101bb25e,2026-06-06
ACC9ecf54c03c,PAYd1bd101d5e,2025-11-07
ACC9ecf54c03c,PAY9ed49afa17,2025-11-07
ACC6bc76efecc,PAYd672e631d4,2025-02-15
ACC7cb5aa0e47,PA8c403d8760,2025-12-06
ACC7cb5aa0e47,PAY38a7443522,2025-12-06
ACC9ff9e0abf1,PAYf7c5f0a738,2025-02-06
ACC9ff9e0abf1,PAYb1c158ce9,2025-02-06
ACC9f8fd0e79e,PAY48436af892,2026-03-05
ACC9f8fd0e79e,PAY007b5f0ca1,2026-03-05
ACCd4c9500a7d,PAY9c17fda261,2026-03-05
ACCd4c9500a7d,PAY0109f1f266,2026-03-05
ACC4efc3cae98,PAY6668502509,2024-09-06
ACC1329f2ed3a,PAYfbc4af431b,2025-12-29
ACC1329f2ed3a,PAY388ae5a984,2025-12-29
ACC350ecdb8ab,PAY4113f22e07,2026-02-09
ACC350ecdb8ab,PAYb5ff72ef8k6,2026-02-09
ACCbbc79845d8,PAY78bdb8e5a7,2026-01-14
ACCbbc79845d8,PAYb3c274fd0e,2026-01-14
ACCead44c2a71,PAYfdcef0bDbc,2025-03-20
ACC3ffd3b3f38,PAY628760bb26,2024-09-01
ACC3ffd3b3f38,PAY6d53b82598,2024-09-01
ACCc1d47792dc,8PAY78cd635de3,2024-11-20
ACC15eba91d64,PAYb2d321230f,2026-02-01
ACC021a773551,PAY7323cedC7d,2026-06-08
ACCcfc1b3979b,PAY3645317e0d,2025-10-17
ACC5a41ea9988,PAY3cb912bd2b,2026-07-25
ACC685727971d,PAY3a1d573797,2026-01-26
ACC685727971d,PAY78d2460074,2026-01-26
ACC71202e1110,PAY0698c36069,2026-03-14
ACC71202e1110,PAY37a58a8d3b,2026-03-14
ACCcce047a21a,PAY7ffa5f2fca,2025-06-26
ACCf6589eb42f,PAYc3f5ab5a5,2025-03-21
ACCfdfb604c6b,PAY37779f8953,2025-11-09
ACC98c5bcee96,PAY232f6f300a,2025-12-25
ACC98c5bcee96,PAYc59303c0d7,2025-12-25
ACCc782e8d73a,PAY61d6d57574,2025-12-03
ACC9bfaabdda0,PAYa1de910372,2024-09-17
ACC9bfaabdda0,PAY22173a8bd2,2024-09-17
ACC6b18bd6cc3,PAY0cf006972b,2025-06-11
ACC6b18bd6cc3,PAYd10f1ef0a,2025-06-11
ACCbceed34315,PAY2888b31894,2024-10-24
ACCc0fb02978d,PaYa4eef2cb80,2025-06-09
ACCc0fb02978d,PAY849f9ed9c,2025-06-09
ACCddc320b01b,PAYc694cd34aa,2026-08-30
ACC4500dee417,PAY70ac3d3d51,2025-09-03
ACC3e39910631,PAYc7d51a39d7,2026-03-12
ACC3e39910631,PAYe7094cf315,2026-03-12
ACCd20bcdcdea,PYA0b73827496,2024-12-18
ACCd20bcdcdea,PAY8e915afe32,2024-12-18
ACC61dfca2fb2,PY4340f12537,2026-01-09
ACC61dfca2fb2,PAY675961efa1b,2026-01-09
ACC003df76b84,PAY049ef7334a,2025-08-22
ACC003df76b84,PAY093cec9c92,2025-08-22
ACC5eababa27e,PAYeace895289,2026-03-27
ACC5eababa27e,PAY1ac52dbc5,2026-03-27
ACCb9486c924c,PAY4a48114831,2026-05-08
ACCb9486c924c,PAY0676c1a6c6,2026-05-08
ACC9d65c9faec,PAY36w95635148,2025-09-09
ACCe9e011b78c,PAY2c2afd523c,2025-05-16
ACCe9e011b78c,PAYe35b2fed6,2025-05-16
ACC471ac7e36e,PAY19227b9cff,2026-03-18
ACC471ac7e36e,PAY879da312f,2026-03-18
ACC63aae534d0,PAY395Eb66ab9,2025-02-06
ACC63aae534d0,PAY5078bef6c1,2025-02-06
ACC1e9a448b4d,PAYe43b3c9bbab,2024-10-12
ACC1e9a448b4d,PAY8bdfd9549b,2024-10-12
ACC3a81eda735,PAY2f6cc18a87,2025-12-01
ACC3a81eda735,PA7b7d0931aa,2025-12-01
ACC83d799e0d0,PAYe02fb4b78c,2024-10-18
ACC83d799e0d0,PAY10b4f6f1e0,2024-10-18
ACCa9ce4df6c2,PAY8e4a317626,2026-05-04
ACCa9ce4df6c2,PAY5p7657372c9,2026-05-04
ACC7587926908,PAY79f3do7868d,2026-07-29
ACC029bd830dc,PAYc8ba33f6bc,2024-12-05
ACC66569cfcd8,PAYc7bc4982fc,2025-02-11
ACC1e141a68d8,PAYb84d81b441,2026-01-02
ACC4a6d8b0f8d,PAY89fc688c3e,2025-11-16
ACC4a6d8b0f8d,PAY1aa6ceff2b,2025-11-16
ACC1bf9d0172c,PAY65B6b2770f,2025-11-29
ACC15470fe4e4,PAYc75174c7dd,2026-08-01
ACC15470fe4e4,PAY31fb428643,2026-08-01
ACC544c4e848a,PAY9c465ad9c9,2026-06-13
ACC544c4e848a,PAYec58a0b8f5,2026-06-13
ACC4985bb8b8b,PAY5919d288b8,2025-10-26
ACC4985bb8b8b,PAY495ddleee9e,2025-10-26
ACC63c4fc99e6,PAYbf16c24756,2026-07-13
ACCf6904b96f4,PAYgd1d41c5a30,2025-05-02
ACCf6904b96f4,PAy7fac344c82,2025-05-02
ACCbe667a6df0,PAYa4eccd7fb,2025-07-20
ACC98b1eea5d4,PAY6o098b3bf36,2025-05-19
ACC98b1eea5d4,PAY7d20f0aae4,2025-05-19
ACC9fc5b466f5,PAYfdbfe6202,2025-05-20
ACC9fc5b466f5,PAYaf9ae76fce,2025-05-20
ACC9f583aed7f,PAY0911bca940,2025-03-08
ACC48a776fda7,PAYec5c735ce3,2026-04-26
ACC48a776fda7,PAY0b77fb022,2026-04-26
ACC7bd94afcbc,PAYa606adb0aa8,2024-11-29
ACC0f4f8e1ecf,PAY3b18603a93,2026-05-04
ACC0f4f8e1ecf,PAYe2072237c1,2026-05-04
ACCde31e2f3c4,PAY2a01fccbb03,2025-04-18
ACC89af9dda58,PAYf932837259,2025-02-05
ACC93008c3859,PAY2adb3cced2,2026-04-30
ACC93008c3859,PAYd5c4ea74ed,2026-04-30
ACC98ace424df,PAYc0bb6c5a67,2025-05-03
ACCbdc8b75527,PAY8c29a8ecdf,2025-12-05
ACCbdc8b75527,PAYaf18630br17,2025-12-05
ACC64a5ba66e8,PAY0f0d4568c3,2026-07-12
ACC64a5ba66e8,PAYf132000388,2026-07-12
ACC1e84e3cd0c,PAY0690cd18b0,2025-10-16
ACCd02c275304,PAY72c1238a23,2026-02-07
ACCd02c275304,PAY7f2ee9b70b,2026-02-07
ACCe256e9ea29,PAY3b3bB941d2,2025-12-20
ACC2e8d1b8b72,PAYd3eaf2f869,2025-04-19
ACC2e8d1b8b72,PAYc3ae760e7n6,2025-04-19
ACC493a271c66,PAYb2cb34194,2024-12-07
ACC19b0238983,PAY2f47a38d45,2025-10-02
ACC20902fd7cb,PAYcff9976f336,2024-12-16
ACC09386f3569,PAY11c01d96a5,2026-08-21
ACC09386f3569,PAYf82855e0e8,2026-08-21
ACC0bb5a9f4f2,PAYf67d99c489,2024-10-17
ACC31b1bd1617,PAY5435ee52d9,2026-06-03
ACC9e318580e2,PAY20e7d2304ce,2024-09-09
ACC9e318580e2,PAYc7b5a288cf,2024-09-09
ACC8aec7fe5b4,PAYbde1fd8674,2025-02-01
ACC8aec7fe5b4,PAY8k5803125f5,2025-02-01
ACC00976a96f9,PAY93ac7bd84,2024-09-07
ACC9dbe95552d,PAY6c4142db73,2026-07-09
ACC9dbe95552d,PAY48ca91e171,2026-07-09
ACC4b6a805cc7,PAY3133ec5cd6,2025-08-30
ACCc1ca0767cb,PA3e58cfb0c3,2025-12-10
ACCba90a7ae1f,PAy91b2e2958a,2026-04-01
ACC72672b1cfa,PAY98afe29da7,2025-06-25
ACC0002da2e7c,PAYDb6c846406,2024-12-30
ACC0002da2e7c,PAY9bad609afd,2024-12-30
ACC04883397ca,PAY8b6d4b9d0a,2024-11-30
ACCc780dab0ca,PAYbdb6e00ffb,2024-09-22
ACCc780dab0ca,PAY06e1a4011e,2024-09-22
ACC67d548d385,PAY699df78818,2025-01-27
ACC67d548d385,PAYa41a92e35b,2025-01-27
ACCfce66b1117,AY0bf52fe4d8,2026-06-12
ACCfce66b1117,APYc5241adb56,2026-06-12
ACC3655721ce7,PAY75f55abgde7,2025-11-22
ACC85ceeb82be,PAY33d55e6bd9,2026-04-14
ACC0bb91f5f6b,PAY250129a333,2026-06-14
ACC0b6519928c,PAY874043ddcb,2025-08-13
ACCfa85c24476,PAY897fdabffc,2026-08-12
ACCa6daa57bee,PYAff40e3943e,2025-10-05
ACCa6daa57bee,PAYe8996f64fd,2025-10-05
ACC0d0ec629f4,PAY2ffe72852c,2025-06-04
ACC0d0ec629f4,PAYa94d88160d,2025-06-04
ACCa5c8262367,PAYa99732b4f7,2024-09-09
ACCa5c8262367,PAYab90b4e810,2024-09-09
ACCd500d2104c,PAY28c64f6406,2025-01-04
ACCd500d2104c,PAY666c5ca294,2025-01-04
ACCbdf49ff064,PAY0913cf9h5f8,2025-12-25
ACC7d8a7fd082,PAY6c4e338a9c,2024-10-25
ACC5168df5888,PAY36aeb0790d,2025-07-23
ACC8a4aaa55cd,PAY36954aaddf,2026-03-21
ACCbd2aa31658,PAYd63d9fe4759,2024-12-05
ACCbd2aa31658,PAYf3e499d0a0,2024-12-05
ACCabbf1e18e9,PAYd5bbc8cc7d,2025-06-30
ACC83ebfd573f,PAY5daCf3db69,2025-09-25
ACCbb4770120a,PAY4c2bd9b130,2026-02-14
ACCbb4770120a,PAYa654c15732,2026-02-14
ACCa98e425f5b,PYAe628e5f4dd,2024-10-17
ACC55c6c74eaf,PAYe7238212e5,2026-07-25
ACC3ee86eaba5,PAY38a4307d67,2026-02-17
ACC811cf1b523,PAY1cf22j683d8,2025-06-16
ACC811cf1b523,PAY32ab7E1b50,2025-06-16
ACCe8bbfc1c91,PAYj73bba79dbc,2026-06-16
ACCe8bbfc1c91,PAY5adc4d55f9,2026-06-16
ACCc3c1c17b36,PAY1d2a91344a,2025-08-08
ACC35e8f3a4cc,PAY50b58ed044,2026-04-24
ACCaa910fb4e2,PAY117ab2250d,2025-11-05
ACCaa910fb4e2,PAY6ab71a6b4a,2025-11-05
ACCdbf1494bfa,PAY9f93150bdd,2024-12-01
ACCf3b34497b3,PAYb891f047f8,2024-12-05
ACCf3b34497b3,PAYa8eebd1b7e,2024-12-05
ACC5bc7e5f602,PAY9abe583439,2026-04-01
ACC5bc7e5f602,PAY38ffbbf56d,2026-04-01
ACC545add4a51,PAY5a486441dc,2026-05-28
ACC545add4a51,PAY2ca401454,2026-05-28
ACC01a5e420e5,PAY4e7888d68e,2025-06-11
ACC01a5e420e5,PAY4c3D1c6573,2025-06-11
ACC80f928731f,PAYd3e1dd5c62,2026-04-21
ACC80f928731f,PAYeca1d75bda,2026-04-21
ACCc23d390877,PAYfba147e51f,2026-03-24
ACCc23d390877,PAY9d4000f1f8,2026-03-24
ACCabe4017709,PAY297aba095d,2025-02-11
ACCabe4017709,4PAYa76308bf88,2025-02-11
ACCc30d96ba6c,PAY9834e1e13,2024-11-05
ACCc30d96ba6c,PAY22e3cf650b,2024-11-05
ACC502f4d9723,PAY8389bec224,2026-04-22
ACC502f4d9723,PAYe3dff3109,2026-04-22
ACC5c85b18f27,PAY5b79f78729,2024-12-01
ACCff5c304c94,PAY18d9dbb77f,2025-12-18
ACC3947491cca,PAY1d0b82e8e2,2024-12-02
ACC536f2f404d,PAY6901c9a4ae,2024-09-08
ACC517e3f2abd,PAY86b89fdfca,2025-06-05
ACC517e3f2abd,PAYd42ef3adbf,2025-06-05
ACC4ea686fbff,PAY4a3d3d6a5f,2026-06-20
ACCf28ee89179,PAY87c1d5cfa,2025-08-19
ACCf28ee89179,PAY22fe0124d6,2025-08-19
ACC47494fd7b5,PAY71a719394,2024-12-22
ACC47494fd7b5,PAY0a5f4920a7,2024-12-22
ACC314e0bbf57,PAYa3c184b7f0,2025-12-10
ACC314e0bbf57,PAY541134059d,2025-12-10
ACC8d7bb401ef,PAY138d5cd890,2025-11-22
ACCb5156510da,PAY5b793bfE36,2024-11-21
ACC04c9dd27b9,PAY3fdffe06eb,2026-02-25
ACC422a4bc489,PAYe8d3d86bc4,2025-08-15
ACCa12999951b,PYA7cc71a1d2e,2025-07-25
ACCa12999951b,PAY979f3cd161,2025-07-25
ACCc63c9b80d1,PAYb65f0c5f8f,2024-12-09
ACCc63c9b80d1,PAY7a7fcd0e02,2024-12-09
ACC84486117ac,AY3e8cc209e3,2026-05-07
ACCa429e4f390,PAYe36372981e,2026-03-07
ACCacb5b49a57,PAY127fcc6349,2026-02-17
ACCacb5b49a57,PAYa7f879aa77,2026-02-17
ACC6ac3370f8f,PAY431b52a841,2025-05-13
ACCdf6932f13c,PAY4b334a1855,2025-11-06
ACCdf6932f13c,PAYfe5ea3eafd,2025-11-06
ACCbaf842f3bc,PAY685899ee82,2025-10-08
ACCbaf842f3bc,PAY976a7f306b,2025-10-08
ACCfb93249fd2,PAY32b3200859,2026-04-05
ACC0b5f55eb22,PAY0262ef09e4,2026-02-01
ACC0b5f55eb22,PAY0a0905a842,2026-02-01
ACCc24d6af7d3,PAYa45a458cab0,2026-06-18
ACCc24d6af7d3,PAYa72f9cdab5,2026-06-18
ACCc0a4808bc4,PAY5e36dc6686,2024-09-30
ACCc0a4808bc4,PAY8d288e90e0,2024-09-30
ACCd0cb99947c,PAY2f3f06f3da,2026-03-17
ACCd0cb99947c,PAY7b2aca28e,2026-03-17
ACC428f7016bc,PAY304380000a,2025-02-28
ACCcc1c98c857,PAY2ee5b38c3,2026-08-17
ACCa1b3670aa0,PAY2417833353,2024-12-24
ACCb6dad62c19,PAYfb550ee468,2025-08-03
ACC2e2207d141,PAYf61Bfa38c5,2025-02-01
ACC2e2207d141,PAY8i7748475ce,2025-02-01
ACC89bc6a9de5,PAYb3cd5cf9d1,2025-01-12
ACC89bc6a9de5,APY6a08da61b6,2025-01-12
ACC2c678251b7,1PAY53e79b58cb,2025-05-19
ACCf8fe4c7f61,PAY949347d5da,2024-11-14
ACCf8fe4c7f61,PAY17ede3d525,2024-11-14
ACCd04f397cb0,PAYaf1c4f3337,2025-03-07
ACC806674d951,PAY00f041d6ad,2026-03-25
ACC806674d951,PAY32cbb8bda4,2026-03-25
ACC54e5341c81,PAY4c5036ed29,2026-06-12
ACC54e5341c81,PAY409c835854,2026-06-12
ACC9cb226d51e,PAY7136dd8900,2024-09-25
ACCf2e23068f5,PAYd795aedeeb,2025-06-19
ACC5368c05353,PAY7f5972408d,2025-09-16
ACC2fa929678a,PAY154b8ea2c0,2026-03-04
ACC26c19b7538,PAYbb7ae08a13,2025-07-23
ACC26c19b7538,PAYc90d1e8fuad,2025-07-23
ACC06a34435a7,PAY2f9022bee9,2025-11-23
ACCf1df5f0b63,rPAYaad71d8430,2025-02-15
ACCf1df5f0b63,PAY4e12e6a8516,2025-02-15
ACCc55458ff41,PAYef0a08e2c0,2026-03-11
ACC3a49b89a21,PA6546183f4d,2024-11-04
ACC3a49b89a21,PAY275b0043f6,2024-11-04
ACC511062e2dc,PAY277040661d,2025-08-18
ACC8bba9f7e0f,PAYa473d8baef,2026-05-30
ACC5b04cfdf9c,PAYcc39f1e98c,2024-10-06
ACC6a7057e717,PAY73449c88e1,2024-10-31
ACC6a7057e717,PAY0e12edac2,2024-10-31
ACC3ad4b5813d,PaYf7e52c8b73,2025-01-31
ACC87a8de02ce,PAY15a22ec3ce,2024-12-11
ACC87a8de02ce,PAY718fde8681,2024-12-11
ACCc19fcdb821,PAYe378d024a8,2026-03-04
ACCfd9d08ab00,PAY9c30246e7d,2025-05-01
ACCfd9d08ab00,PAY641fd1b063,2025-05-01
ACC41e8dedb62,PAY20fd20ff87,2025-06-19
ACC0c3b3c615a,PAoYa646a4f1d3,2024-11-19
ACC0c3b3c615a,PAYb6114bb43d,2024-11-19
ACCf18cdf538d,PAY938ef4c744,2024-11-14
ACCf18cdf538d,APY71f3d74f8b,2024-11-14
ACC970f3b6190,PAY733883a825a,2026-04-14
ACC970f3b6190,PAY8ad633c587,2026-04-14
ACCbc58b56f45,PAfb2c2e0054,2024-09-17
ACCa4c192a9be,PAYb623debf63,2026-07-25
ACCa4c192a9be,PAY34da2cd41c,2026-07-25
ACCb5eed395af,PAYb1ba885dje4,2026-06-13
ACC693149f2c9,PAY848cdc052b,2025-02-19
ACCa614da7ec2,PAY150c85bf0a,2024-10-29
ACC5473e2634d,PAYf511d43a53,2026-04-11
ACC64fea64a2c,PAY7fe73447a8,2026-04-02
ACCdad010f5fa,PAYa034f39188,2025-05-27
ACC8679dfdb85,PAY7820c4e3fa,2026-07-01
ACCf39b38a30e,PAYd3ba6645d3,2024-09-21
ACCf39b38a30e,PaY8d2b9b98b5,2024-09-21
ACCce2e48f7da,PAY5a6ce792e9,2026-07-23
ACCce2e48f7da,PAYc1f0a2b1258,2026-07-23
ACC719c1cb21a,PAYd0ba406024,2025-07-07
ACCf9f9af5295,PAY21f6d11188,2025-12-22
ACCf9f9af5295,PAY71686dd0f,2025-12-22
ACC0468052c94,PAY2e29d9d364,2026-04-25
ACC0468052c94,PAY77df7299c3,2026-04-25
ACC6957347dc0,AYb8a48a667a,2026-07-03
ACCbb3693a544,PAY2abb9366ee,2024-12-06
ACCbb3693a544,PAY8db8cf531,2024-12-06
ACC64343390c0,PAYd89491116,2024-11-10
ACC64343390c0,PAYa554135b77,2024-11-10
ACC11f72f5e49,PAYe26898d3nc6,2024-09-14
ACC5fb295d934,PAY1C8bed19f1,2026-06-24
ACC5fb295d934,AYfcc060a1ca,2026-06-24
ACC5f173cbc18,PAY313f033a12,2024-09-28
ACC5f173cbc18,PAYe51b072a51,2024-09-28
ACCef52c0da87,PAY79b38be4f3,2025-01-16
ACCef52c0da87,PAYfeambe2631f,2025-01-16
ACC63cd157d4f,PAY716fa766d5,2026-02-04
ACC7790dc53b7,PAYc10b419a0a,2025-02-17
ACCaf0a927eac,PAYc4a147899,2025-03-09
ACCaf0a927eac,PAYa1c704235e,2025-03-09
ACC5a51bb7776,PAY4b0afc193a,2026-08-07
ACCfce3da163f,PAYefddc1d06,2024-09-24
ACCfce3da163f,PAY5effa3a763,2024-09-24
ACC88d30ff65b,PAY2667545ede,2026-08-13
ACC88d30ff65b,PAYfe4541761b,2026-08-13
ACC9a662bf668,PAY2aec0107ed,2025-06-17
ACC9a662bf668,PAY2b3a5554cf,2025-06-17
ACCa0f20d76c8,PAY0af8ac5Aa2,2024-11-02
ACCa0f20d76c8,PAY931d9ac0ab,2024-11-02
ACC3a9c3685f5,PAYd3276c9805,2025-10-28
ACC3a9c3685f5,PAYc2fcd1326f,2025-10-28
ACCbdd3c36ae9,PAY8c735c7a62,2025-04-26
ACC9519f26569,PAY9af1b61881,2025-08-18
ACC9519f26569,PYd2b33724cc,2025-08-18
ACCc934c4a55d,PAYd2027d748d,2024-12-04
ACC09198d68a0,PAY50ba0b4a23,2024-10-06
ACC09198d68a0,PAYfde3df1894,2024-10-06
ACC9510057f9c,PAY124e6aac74,2025-11-11
ACC26e2d25671,PAY3b78137dfc,2024-09-01
ACC26e2d25671,PAY9f00189b12,2024-09-01
ACC6ff51de18b,PAY101f1c96cb,2025-07-17
ACCe334a408d4,PAYe5353f35ae,2025-11-28
ACC009184fdb8,PAY197fe584f4,2026-08-18
ACCea63870e1c,PAY971d2b7acd,2026-01-07
ACCea63870e1c,PAY2bc48fdd52,2026-01-07
ACC80c1bda692,PaYc6bb10b246,2025-09-11
ACC80c1bda692,PqAYf2c42f4b98,2025-09-11
ACC14979c7087,PAYe02410497,2025-04-26
ACC14979c7087,PAYd626e0fb04,2025-04-26
ACC84d23b13b3,PAY114e3e5718,2026-07-15
ACCf7877e8bdf,PAY60c86c4080,2026-08-04
ACCe422552e23,PAYdbe18dd1ca,2025-08-01
ACCe422552e23,PAYd40761553,2025-08-01
ACCe48cd1a566,PAY47e251a9fb,2025-05-28
ACC2835dfa39c,PAY0514e0adf4,2026-08-17
ACC824567042a,PAY288a3a34f7,2024-09-21
ACC250b4e6485,PAY471c4185141,2025-07-03
ACC7119ac3725,pAYb1a5c8e5e1,2025-03-08
ACC68083ab633,PAY558b7385f7,2025-04-18
ACC0cc8f53c86,PAY21b734dde1,2026-08-21
ACC5fc534414a,PAY966a89244a,2025-08-11
ACC62be407e86,PAYc803554b7,2025-12-06
ACC62be407e86,AY627c0b1c6d,2025-12-06
ACC4bb2c1a423,PAY3927129710,2024-10-29
ACC97ebfe8715,PAYdac782bdeb,2024-12-09
ACC97ebfe8715,PAY1cy3d149e4f,2024-12-09
ACC28f053281b,PAY675231fcd1,2024-09-23
ACC17ab0cfa13,PAY70778b2c54,2025-06-14
ACC1d32b5ffef,PAYcd08ebe96c,2026-01-06
ACC64b79bb40c,PAYae9b0f6da3,2025-10-21
ACC64b79bb40c,PAY530d34d5ad,2025-10-21
ACCdfb9372211,PAY3af0500eb1,2024-12-23
ACCdfb9372211,PAY04dfd6cca,2024-12-23
ACCf044d9879b,PAY6c430e39e92,2025-11-27
ACC2d708de53e,PAYd5137ab26fc,2026-06-05
ACC6ae86ee8ba,PaY5c89277cbf,2025-05-16
ACC6ae86ee8ba,PAY6a9a18efb0,2025-05-16
ACC02102b7530,PAY0a0fce50b9,2025-07-06
ACC65d0b3eabe,PAYb5e1b964a4,2024-11-18
ACC3be7305a54,PAYe2901f8c37,2024-10-26
ACC638a811533,PAYfdd71d0116,2025-09-01
ACC638a811533,PAYd1513657a,2025-09-01
ACCdfee9286ca,PAYb131bf82ac,2024-11-20
ACCdfee9286ca,PAYe22d363c67,2024-11-20
ACC11b93db420,PAY0102c32db0,2026-05-31
ACC11b93db420,PAY83933557aa,2026-05-31
ACCdd0493e159,PAYaf7da1bade,2026-06-05
ACCdd0493e159,PAY33a0495986,2026-06-05
ACC2d0a8cd2d1,PAfYfa00c4c6b4,2025-07-13
ACC2d0a8cd2d1,PAY92053df60a,2025-07-13
ACCf8f59ed0ad,PAY420cf23e6f,2026-08-12
ACCb3a2c5bb36,PAYc5257014d0b,2025-07-04
ACC7c607c119b,PAY1b98b19043,2025-10-24
ACC7c607c119b,PAYbeead183d,2025-10-24
ACCdcf2b43f81,PAY453dc8efbc,2026-07-29
ACCcb184e39b5,PAY4fb8ce5719,2026-02-15
ACCcb184e39b5,PAYc53b10e3bb,2026-02-15
ACC0c818d835e,PAY3fab7001c9,2025-07-01
ACC0c818d835e,PAYdaeacfb90a,2025-07-01
ACC81c1a44c1e,PAY5f95a98e1c,2026-03-20
ACC81c1a44c1e,PAY4b3ee5y5c1b,2026-03-20
ACC3465634f37,PAYafcd62471c,2025-02-24
ACC425fec99dc,PAYa0728243a6,2026-07-06
ACC425fec99dc,PAY56a17c290a,2026-07-06
ACC6fcd30c53c,PAY459iaa05957,2025-08-22
ACC5f9bfff474,PAYa6e573f860,2025-05-15
ACC5f9bfff474,PAY02fd4d0b60,2025-05-15
ACCe8e6e1ec46,PAY6bdbbfa21b,2025-05-12
ACC1c83c9c5b8,uPAY83654bc6b2,2025-06-11
ACCa0df80b466,PAYb8509a87fa,2025-03-22
ACCaf746d4ca2,PAY3d00c536b8,2025-10-14
ACCb9e3ab4dcc,PAY4232b3e13b,2026-05-14
ACCb9e3ab4dcc,PAYa89be35e18,2026-05-14
ACC0bd690bec4,PAY151beb0acc,2024-12-25
ACCfe4747c625,PAYc13ed7389f,2025-11-04
ACCfe4747c625,PAY8448c1090f,2025-11-04
ACC4316d481cd,PAY5b86211a77,2025-05-17
ACC4316d481cd,PAY2380a6cb00,2025-05-17
ACCa7735e3959,PaY2a7510e8e2,2026-04-16
ACCa7735e3959,PAY6721f80e41,2026-04-16
ACC65c89640dd,PAYcb3260a653,2024-10-21
ACC65c89640dd,PAYd42fde5e97,2024-10-21
ACCb7eb5e6129,P5AY52a147cd14,2026-06-12
ACCb7eb5e6129,PAY8gb8c62b349,2026-06-12
ACC91fc64a46d,PAY5b5413ae5d,2025-01-26
ACC972b95dcf9,PAYc610445ac2,2025-12-21
ACC2dc7a5b5e0,PAY7d57ed38ac,2026-02-01
ACCb06c9ca303,PAY9d9284cca7,2024-11-20
ACCb06c9ca303,PAY8ddf942bc4,2024-11-20
ACCb5a1abcca3,PAYafadb2v6d92,2025-05-24
ACCd3f873531a,PAY7de6984380,2024-10-27
ACCd3f873531a,PAY80a34386a5,2024-10-27
ACC06ec9c09a3,PAY64de405b47,2026-02-21
ACC06ec9c09a3,PAYa7af1239cc,2026-02-21
ACCb932dc2a3e,PAY188y3fb1eba,2025-11-13
ACCea890a799a,PAY62987e6417,2024-12-07
ACC63324ae2cb,PAY7129024779,2025-09-12
ACC3a0728a446,PAY408b3f91a9,2025-01-23
ACCb6151f146d,PYe84b739601,2026-06-12
ACC9459743bb5,PAYae916fbbb6,2025-12-28
ACC482b1991fb,PAY621cfac4l00,2026-05-01
ACC482b1991fb,PAY9df0758bd3,2026-05-01
ACCb29391463b,PAYb2d26e35d,2025-03-29
ACC42ce3c7c7c,PAyfd69208fdf,2025-03-06
ACC42ce3c7c7c,PAY6f4788c498,2025-03-06
ACC7ecf34407f,PAY240ce9d996,2025-05-25
ACC7ecf34407f,PAYb23a0d6e37,2025-05-25
ACC52d2b2e9ac,PAYf6bbf12282,2025-09-14
ACC52d2b2e9ac,PAYa37fa3bfd3,2025-09-14
ACCca27f036a0,PAY1952a400ee,2025-09-28
ACC86b8aed634,PAY76e33bea4f,2025-07-10
ACCf979d6c316,PAYb7c4982c1e,2026-03-27
ACCf979d6c316,PA7Yc95ffac93,2026-03-27
ACCb8018efb6d,PAY76ce51622a,2025-08-03
ACCb8018efb6d,PAY98bdbcb3f,2025-08-03
ACC105f4fe020,PAY6da93f7370,2025-01-31
ACC105f4fe020,PAY38aefaie7f0,2025-01-31
ACC7ce0fb459e,PAY81741afd44,2026-04-20
ACCf6369c5441,PAYB5cdac0b18,2026-03-01
ACCdedc2b636c,PAYc0567abfcd,2026-04-04
ACC16df6c5261,PAY6e1c04cd07,2025-11-02
ACCc02c2de741,PAY5578af394c,2026-06-01
ACCc02c2de741,PAY1cdf256d12,2026-06-01
ACC3d32856c0e,PAY40c9c4b110,2025-09-15
ACCbb1d8637f4,PAY93d8427470,2025-09-28
ACCfac2f44d04,PgAY4984d18597,2025-09-22
ACC1436bf6a94,PY326da4c5fe,2026-02-27
ACC1436bf6a94,PAY0c5cd9f0c0,2026-02-27
ACC8ff09803d3,PAYa6a4a5dad2,2025-05-06
ACC8ff09803d3,PAYef95bdfabc,2025-05-06
ACC07a828462e,PAYe6590babc3,2026-02-05
ACC07a828462e,PAYd03f295416,2026-02-05
ACCad776c3c20,PAY42cc3e2839,2025-03-11
ACC38d1bf4194,PAYf5adf4f98sf,2025-08-17
ACC52589ff47f,PAY6c40a4af8c,2024-12-13
ACC729aa4fda6,P4AY27058fe3f4,2025-05-04
ACCd20fe972e0,PAYc1f0b94073,2024-11-20
ACC341a61df78,PAY3f0d9d4204,2025-01-24
ACC910a49d195,PAY722f74aaa,2025-11-28
ACC59010bbec3,PAY494e3Acd52,2025-04-30
ACC59010bbec3,PAY1da298a7e,2025-04-30
ACC819d954c84,PAY6c94fb4619,2025-12-24
ACC819d954c84,PAY2f1eecc6c1,2025-12-24
ACCe9e069e15a,PAYd28e278757,2025-05-05
ACCe9e069e15a,PAY2ebeaa9df,2025-05-05
ACC52dbba1ff9,PAY78b8f3df08,2025-07-20
ACCaa17a9decd,PAyc207bf0fd9,2025-12-05
ACC4d773f70b5,PAY91c044b076,2025-05-04
ACC4d773f70b5,PAYe0ed4ee60,2025-05-04
ACC742975bf68,PAYc2d2fc74a1,2026-06-20
ACC742975bf68,PAY8f753b69B1,2026-06-20
ACC25b3367751,PAY6a1a6b29d2,2026-04-18
ACCc573242f8c,PAY67a90287a6,2025-11-27
ACC63cf6b58da,PAYbbb8fa6572,2025-09-03
ACC63cf6b58da,PAY4d686b36f,2025-09-03
ACC82ac3aa588,PAy544623e4b3,2025-05-26
ACCbf0e93ba57,PAY1b6f7c64c6,2026-01-24
ACC11942e3e78,PAYc5f8b5323d,2026-06-23
ACC11942e3e78,PAYba40c1b376,2026-06-23
ACC8bca27c8a1,PAY6266b270cb,2025-08-21
ACC8bca27c8a1,PAY4f04d77f788,2025-08-21
ACC7c6d2a6b70,PAYa9009d84e1,2026-01-11
ACC739879fcc5,qPAY25702d2a90,2026-01-23
ACC739879fcc5,PAYe87f3731be3,2026-01-23
ACCf710baa60e,PAY0137d703af,2025-08-20
ACCf710baa60e,sPAYd4c405f1ff,2025-08-20
ACC0287f5e763,PAY9833f11d92,2026-05-18
ACC0287f5e763,PAYaf646bd1ac,2026-05-18
ACCe955ddb29f,PAY7d907e28f3,2025-09-06
ACC6960c64f20,PAY2f1536e26a,2025-11-30
ACC851fc97495,PAYecd9076a1e,2024-10-24
ACCa86f9337d2,PAYf03a4ad862,2026-08-08
ACC118ecdfd79,PAY0710bc7e1,2026-02-16
ACCc9d99206f4,AYceff67302d,2026-03-04
ACCc9d99206f4,PAYbd56145ac,2026-03-04
ACC09f5fdcacd,PAY6f30d2b67b,2025-11-08
ACC09f5fdcacd,PAYc248127be6,2025-11-08
ACC12f2f4a124,PAY2d65ad5827,2025-09-22
ACC68d0e61c83,PAY475d0483af,2025-10-05
ACC68d0e61c83,PAYf455987a73,2025-10-05
ACC4072b74b28,PAY21a87932fe,2025-06-29
ACC4072b74b28,PAYf02662fecd,2025-06-29
ACC24dfcfcaf7,PAY262354f007,2024-10-22
ACC39ef263153,PAYd75eb53k944,2025-07-29
ACC458c807b19,PAY8bfa61d1a7,2025-05-23
ACC99221998ed,PAY0279241e7b,2025-08-11
ACC9c6e70fdc4,PAY59c6c62a5b,2024-10-03
ACC9c6e70fdc4,PAYdd9598d3a5,2024-10-03
ACCa05cbd7942,jPAYe86498defe,2026-02-25
ACC5082f3e346,PAY078693a77,2024-11-01
ACC5082f3e346,PYf599beca5c,2024-11-01
ACCede2eb4ec3,PAYb1b782b2a0,2025-11-24
ACCede2eb4ec3,PAY34de3e1bef,2025-11-24
ACCf700b8650e,PAY55sdb4f9772,2026-07-27
ACCb2d7c19f6f,PAYd62ffc1cb2,2026-05-07
ACC053370b376,APY2e295c077f,2026-07-04
ACCf060aad449,PAY473d78f71b,2026-03-18
ACCf060aad449,PAYef7d97ec00,2026-03-18
ACC2aa0fcad0e,PAYdc3ac4b839,2025-09-06
ACCad9dea7d3f,PAY21a741e386,2025-03-29
ACC4dc84a703d,PAY9d09bf10d4,2025-12-19
ACC3b1f58af94,pAY65c0d0473f,2024-12-20
ACC1b423326a2,PYb7cc08542a,2025-08-21
ACC8638a1b58e,PAY82e4d8203c,2025-03-21
ACCe1a38b0ff1,PAY7fd9e850c4,2025-12-25
ACCe1a38b0ff1,PAY96aec7fa04,2025-12-25
ACCf892396fbc,PAY71e731183f,2025-07-25
ACCf892396fbc,pAY0f09a4d7e4,2025-07-25
ACC228e613dbe,PAY3fa94c5269,2025-03-08
ACC228e613dbe,PAYfad3de8993,2025-03-08
ACCb233f84907,PAY5f29c819c5,2026-03-25
ACCb233f84907,PAY5a557a34ecb,2026-03-25
ACCb2488b48e8,pAY11aa1cb67d,2025-07-14
ACCb2488b48e8,PAY83699a3ec5,2025-07-14
ACCac0e68f521,PAY48bcba72ec,2025-07-03
ACC30342be4d5,PAY3b817ceb91,2025-03-27
ACC30342be4d5,PaYaed6752d30,2025-03-27
ACC3064c65a92,PAY80ad22ca76,2025-02-05
ACCdafb4d90ec,PAY374a57e812,2025-02-21
ACCdafb4d90ec,PAY511e9064661,2025-02-21
ACCd1d05840d3,PAYb5ccy53bffc,2026-03-05
ACC181fa02384,PAY7015045c83,2025-06-24
ACCa37377e188,PAYe321bcea35,2024-11-01
ACC1b1b157cca,PAY458992ee86,2025-01-23
ACC871ac6171b,PAYadfa5a87b5,2024-09-04
ACC871ac6171b,PAY2ab4ca7b09,2024-09-04
ACC05be12762e,PAY9065b8v2f0b,2024-12-13
ACC0aa8a3cf41,PAYetc9b06f48b,2026-04-07
ACCb9da742606,PAY89c5f0684,2024-09-02
ACCcd9b6b865a,PAYb986afc645,2026-06-13
ACC19bb8a852c,PAY2461d5ac65,2025-11-07
ACC19bb8a852c,PAY90dd57bf23,2025-11-07
ACC5828cf21fb,PAY7d6b5f69ea,2026-02-10
ACC5b609f8ed0,PAYbd965829b,2025-05-14
ACC5b609f8ed0,PAYea9ef695da,2025-05-14
ACC78e505e09d,PAYb375daa34f,2026-07-08
ACC78e505e09d,PAY5c577bcdfc,2026-07-08
ACC709c91215d,PAYe065c8e0d8,2025-01-24
ACC709c91215d,AY13a4cd6959,2025-01-24
ACCe88ae8eb3a,PAY9f1d0d90a4,2026-08-28
ACCe88ae8eb3a,PAY3d61e2c1c5,2026-08-28
ACCea90dafe56,PAY3f58b23F0b,2026-06-26
ACCea90dafe56,PAY27a658c89,2026-06-26
ACCb3e838dd32,PAY1f5a2a6f3,2024-09-20
ACCb3e838dd32,PAYea28e60a17,2024-09-20
ACCe502026cfa,PAY64dd5ba0cc,2024-12-18
ACCe502026cfa,AY10fe197d24,2024-12-18
ACC0abc95bcb4,PAYd14236b32,2025-07-18
ACC7a25fe0a4b,vPAY02a8386eb1,2026-05-11
ACC7a25fe0a4b,PAYf76ef1f29c,2026-05-11
ACCcc3b9ad9c3,PAYf3c7cd2d30,2025-08-26
ACCdd01f54b55,PAY0feeef796,2026-03-29
ACCce6465a1cd,PAy7b330d240d,2025-07-15
ACC056df55018,PAYd709478bce,2026-07-23
ACC056df55018,PAY09b9c28332,2026-07-23
ACCb5fff49066,PAYb898a05376,2024-12-17
ACC3b801fddeb,PAY28d47ef860,2024-10-27
ACC3b801fddeb,5PAYb908c3a143,2024-10-27
ACC682af4c639,PAY98db0d9f2b,2025-01-17
ACCa582e75a74,PAYd64c79a6d6,2025-01-21
ACC225bae31fc,PAY1891407496a,2025-05-13
ACC225bae31fc,PAY92724ca1a8,2025-05-13
ACCda220d0b05,PAYc95b68fe0c,2025-04-04
ACCda220d0b05,PAY3bf8pb9af9a,2025-04-04
ACC590a929b2d,PAYf06527b32b,2026-06-28
ACC1818ebbdaf,PAY592297de97,2025-06-07
ACC1818ebbdaf,PAYb2b8ffd55f,2025-06-07
ACC6a21a697ec,PAY56e0a3ca25,2026-03-26
ACC18e9a57619,PAY16b4bb2a3d,2025-02-05
ACC18e9a57619,PAY55ccacc53d,2025-02-05
ACC397e764dbb,PAYbb73c6192fc,2026-07-31
ACC397e764dbb,PAY5e11a22cd0,2026-07-31
ACCbee462c9e5,PAYe1A3c4d956,2025-12-18
ACCbee462c9e5,PAY13496be5fa,2025-12-18
ACC1a73887b94,PAYa87fba81a2,2026-04-07
ACCe322026e7f,PAY0bb6c33fd4,2024-10-24
ACCc09666ab26,PAY239e7c705d,2024-10-12
ACCc09666ab26,PAY066a8a8f68,2024-10-12
ACCc5ff8924d6,PAY1cf3575dd2,2026-08-02
ACCa3bcc62608,PAYf334cd38b8,2026-03-21
ACCa3bcc62608,PAY75d7daee46,2026-03-21
ACC2a8d1a7650,PAY4c90d1987d,2025-10-26
ACC057116c908,PAYeccd075ded,2025-05-20
ACC057116c908,PAY3eb9b9b084,2025-05-20
ACC4acf69ebba,PAY07aca7e279,2025-05-17
ACC4acf69ebba,PAY59433e7fae,2025-05-17
ACCca24efeb90,PAYbfd20a7d43,2026-04-05
ACC10ac9b1c64,PAYbf0b86cdaf,2024-09-22
ACC663ad45539,PAY8f36e17bd4,2024-12-11
ACC663ad45539,PAYb1a655f1d5,2024-12-11
ACCb1e8dee891,PAY048D7225d6,2025-09-14
ACCb1e8dee891,PAY7a1baca173,2025-09-14
ACC2da0b91fa5,PAY9a9051cf37,2025-12-19
ACCb765884f23,PAY70ec29e262,2026-06-26
ACCb765884f23,PAY4cd5edcc87,2026-06-26
ACCa2534f72fd,PAY05a8a78eb6,2025-03-17
ACC20236c9813,PAYfcbb90a921,2025-03-07
ACC20236c9813,PAY5b2b9i13e9f,2025-03-07
ACC4c59995d8b,PAY21815139a0,2025-03-25
ACC4c59995d8b,PAY79ee26d77c,2025-03-25
ACCed995f787e,PAYb04b5daf6d,2025-12-18
ACCed995f787e,PAYf491775460,2025-12-18
ACCe896e65fb4,PAYff3b74ca9b,2024-10-03
ACCe896e65fb4,PAYcd129b3d99,2024-10-03
ACC57b43636cc,PAY4b64ec25a3,2026-05-15
ACCa17e60e86e,PAY5ce1d88161,2026-03-27
ACCa17e60e86e,PAY52eb01d6d8,2026-03-27
ACCc6be1ee3f1,PAY237b21592a,2024-12-14
ACCc6be1ee3f1,PAY0cf17d4e700,2024-12-14
ACCd439844958,PAY9b2e781b98d,2026-06-27
ACCa3bbf03151,PAY6365d1363c,2026-07-21
ACCa3bbf03151,pAY02b6b266d1,2026-07-21
ACC6abab719c9,PAY72891b2a53,2026-04-17
ACC6abab719c9,PAYcb23e58278,2026-04-17
ACCd965d6aace,PAY44ae25ed2e,2025-12-01
ACCd965d6aace,PAY1cbb8f7c9ca,2025-12-01
ACCe372936777,PAYca7ef88193e,2026-06-04
ACCe372936777,PAYc80e0a6cyf5,2026-06-04
ACC04a8791200,PAY0402be21c5,2025-03-26
ACC04a8791200,PAY0484f5a4a8,2025-03-26
ACC38c4f18e1d,PAY6bfa230228,2025-08-15
ACC38c4f18e1d,PAY734ee5402e,2025-08-15
ACCea26f9f235,PAY130fde90d8,2025-06-10
ACCea26f9f235,PAY66835a08e,2025-06-10
ACC49d173aba5,PY7e541f6059,2025-12-19
ACC62ad518dc0,PAYc77ab9bf41,2025-06-01
ACC62ad518dc0,PAYedc107d0965,2025-06-01
ACC3c8c9055c7,PAY34a2c45877,2026-06-14
ACC3c8c9055c7,PAY4e209c4e58,2026-06-14
ACCde82a4d3a5,PAYl828ac86e00,2026-02-03
ACCb775e9f2d3,aPAY56828654b6,2026-08-14
ACC5b4d21cd8d,PAY08e41b84a1,2026-07-26
ACCfb749289c9,PAY3987672ba4,2025-08-07
ACCd1a8d7100a,PAYbd1c172c8b,2025-10-22
ACCd1a8d7100a,PAY8a4afe5a39,2025-10-22
ACC99be1301e7,PAY1fb0dd7f1,2025-04-02
ACCa37f10dc81,PAY269c331708,2025-01-29
ACCa37f10dc81,PAY6824ccd78,2025-01-29
ACCf85255e471,PAY4613973186,2026-02-22
ACCf85255e471,PAYa220459274,2026-02-22
ACC7e1dc21a99,PAYfea15112e1,2026-02-11
ACC38635d8566,PAY7qe8e7e73fd,2025-07-03
ACC38635d8566,PAY368d7d97dd,2025-07-03
ACCfb45dd33ae,PAY6819kc9f63e,2026-01-12
ACCfb45dd33ae,PAYc40845d780,2026-01-12
ACCe038a54bc8,PAY73aff6765d,2025-05-13
ACCe038a54bc8,PAY9z38af9e36c,2025-05-13
ACC02e654e629,PAY2d2e3fec67,2026-08-16
ACC491fcc4bfc,PAY5c76ea6d8r2,2025-05-23
ACC491fcc4bfc,PAY2d48779386,2025-05-23
ACC572bd7c07c,PAY7473bede1e,2026-05-02
ACC572bd7c07c,PAYbd5064d0b3,2026-05-02
ACC91d0bac80a,AY58476d9c48,2025-09-15
ACC91d0bac80a,PAYacc3bb4c23,2025-09-15
ACC0b1ba2e5c2,PAY16960ea596,2026-03-30
ACC0b1ba2e5c2,PAY3584196c05,2026-03-30
ACC0301233f40,PAY8ec7437014,2025-09-13
ACC18081722fa,PAY951f326422,2025-06-07
ACC18081722fa,PAYc00f14cd8a,2025-06-07
ACC894c79c628,PAYd2a8217d1a,2026-04-24
ACC894c79c628,PAYdff7eef796,2026-04-24
ACC8cb2300881,PAY411065fbc3,2025-09-01
ACC8cb2300881,PAY873956bb45,2025-09-01
ACC38256a3cde,PApY28a8df7a48,2025-11-21
ACC481823293e,PAYd96dt89416a,2025-04-20
ACC8430ebe767,PAY44b0d69565,2024-10-01
ACC8430ebe767,PAYd063a60a5d,2024-10-01
ACCd60531d58c,PAYc6d9376446,2026-04-22
ACCd60531d58c,PAY9e795d8999,2026-04-22
ACC3cbccf0f6b,PAY98a99c62mc2,2025-04-30
ACC3cbccf0f6b,PAY85d192a0f2,2025-04-30
ACC87f1c55f63,PAY169f1cf4a6,2026-03-06
ACC87f1c55f63,APY27d7b79a2f,2026-03-06
ACC7158a8ee44,PAYf52a2b3ec9,2025-01-13
ACC7158a8ee44,PgAY18fb357b96,2025-01-13
ACC9e77cd7075,PAY6ccd2f6083,2024-11-10
ACC9e77cd7075,PAYe173a78053,2024-11-10
ACC624657d0b6,PAYc3xa9ebd72f,2026-06-05
ACC5db94d263d,PAYde8bd6087e,2025-06-16
ACC5db94d263d,PAYece6d122a7,2025-06-16
ACC542b0b955f,PAY3c9497aa05,2025-07-29
ACC7ecf0730a6,PAY759dfD0a4d,2025-02-27
ACC7bce6b53b2,PAY0a612fadc4,2025-05-30
ACCa88114b205,PAYf00e67ff97,2026-06-08
ACCa88114b205,PAY0efc42244b,2026-06-08
ACC78832ddefc,PAY81dcfb9723,2025-04-21
ACCe88c309d2c,PAYc0bfc5173b,2025-06-05
ACCe88c309d2c,PAYfa92bf06807,2025-06-05
ACC20314b36f0,PAYa38a19ead8,2025-07-31
ACCc39bb71122,PAYf8e3aca191,2025-08-11
ACC12f2a8a66a,PAY6eb0931d55,2026-08-18
ACC12f2a8a66a,PAYdec1c72207,2026-08-18
ACC5686bf2f3f,PAYb3294586a6,2025-05-05
ACCc46be2bd31,PAY2d47b3a2a0,2025-05-29
ACCc46be2bd31,PAY1ad78e93ef,2025-05-29
ACC684e63ef48,PAY985384a8ee,2026-08-11
ACCa58524b193,PAY8444073f5f,2025-05-17
ACCa58524b193,PAYc9d7071b8f,2025-05-17
ACCc72b3da496,PAY3fa49a4cfc,2025-09-23
ACC3bbe3daa18,PAY256a7930eb,2026-02-14
ACC3bbe3daa18,PAYe7794ce556,2026-02-14
ACCf27616d6d3,PAY2a4681864,2026-08-09
ACCf27616d6d3,PAY0f3dc939b9,2026-08-09
ACCcbb42db49f,PAY084881451,2025-07-22
ACC46725aac68,PA0Y342aab597,2024-11-23
ACC46725aac68,PAYfc7856062d,2024-11-23
ACCf89d1aeae4,PY89c16c347a,2026-03-13
ACCbf84335fe9,PAY1e8928b218,2024-10-23
ACC5618b190aa,PAYed6a7a8e2c,2025-07-15
ACC5618b190aa,PAY9e8e0Aa105,2025-07-15
ACCc9c719e210,PAY9cd4731382,2026-04-15
ACCc9c719e210,PAY37a3162f9e,2026-04-15
ACCb6431b3e09,PAY148bad8742,2025-08-06
ACCb6431b3e09,PAYfdad44167,2025-08-06
ACCad79782dad,PAY7ff4047394,2025-01-28
ACCad79782dad,APYeeb8a70cce,2025-01-28
ACC8c54ca83eb,PAY0c9ff51b9,2026-01-09
ACC8c54ca83eb,PAY984068491f,2026-01-09
ACC8de5647625,PAY70140f439a,2025-04-03
ACC8de5647625,PAYd053672b2e,2025-04-03
ACCfbe58d9b40,PAY75ef582ec6,2025-10-11
ACCf421dd1f48,PAY8c726830ff,2026-06-30
ACCf421dd1f48,PAYfb09c4aeba,2026-06-30
ACC4c633b4c08,PAYbac5df2ce4,2024-10-02
ACC3f1766fbac,PAYe745a3d73te,2026-06-26
ACCe87415a91d,PAY0b76219c4f,2025-01-08
ACCb1292d8ad4,PAY71f21df5ca,2025-03-04
ACCb1292d8ad4,PAY2a01f3f97,2025-03-04
ACCd13882f059,PAY124b902d9,2026-03-18
ACCd13882f059,PAY0dc299c14e,2026-03-18
ACCdbfdd0493d,PAY5e6c731aa,2026-03-04
ACCcbb6c9ec5b,PAY6ecce4167,2026-03-03
ACCcbb6c9ec5b,PYA9bd4dab009,2026-03-03
ACC58059b91f5,PAYab210b758c,2026-02-23
ACC4ec1d9bb14,PAY7f1b08c2a8,2026-04-20
ACC4ec1d9bb14,PAYbe23d057dc4,2026-04-20
ACC871e39c865,PAY9b26e0686a,2026-02-23
ACC3830a7c7fa,PAY308e4e2093,2026-02-02
ACCeae85b3aa2,PAYac7ccb47d3,2025-05-20
ACC2d0efab2a6,PAY7d6edef996,2026-07-13
ACC7914350065,PAY640dc70b06,2025-11-01
ACC1069e57720,PAY3834773ee6,2025-10-15
ACC1069e57720,PAY1815218b7c,2025-10-15
ACC1a4ccfd358,PAYe36f54e9d1,2025-06-20
ACCb1e70cfe3a,PAY0412cf8ced,2025-07-05
ACCb923c5daaf,PAYd3428feb73,2025-11-26
ACC39267a6759,PAYeeeff6ba7b,2025-01-07
ACCefd066c257,PAYc9c02c598b,2025-01-10
ACCefd066c257,PAY267d715015,2025-01-10
ACC355a86779e,PAY4148ae6734,2025-07-01
ACC6b37b0c54e,PAY57f4f1832b,2026-08-18
ACC324f06416a,PAdY92386463c4,2025-08-16
ACC324f06416a,PAY74f70b776d,2025-08-16
ACCd6914976f9,PAY572e892cc7,2025-04-10
ACCd6914976f9,PAY1640cf756,2025-04-10
ACC505755229c,PAYc67989d3ebc,2026-04-24
ACC505755229c,PAYdce805af84,2026-04-24
ACC940ae5feae,pAYd201b7a214,2024-10-25
ACCf27b28c14d,PAY59f2bc4bb8e,2024-10-27
ACCf27b28c14d,PAYfe249f6a7d,2024-10-27
ACC899981490d,PAY0aFe1c77b3,2026-02-16
ACC899981490d,PAY66447caf58,2026-02-16
ACC65ee41d67d,PAYe8abec774a,2026-06-10
ACC3bffdb50e0,PAY61a20d7046,2026-02-08
ACC0acfb5ec84,PAY8eec25f04e,2024-10-02
ACC0acfb5ec84,PAYc96305991f,2024-10-02
ACC4d3f7a0f64,PAYbbdc576511,2025-09-17
ACCedce1157a3,PAYe56460fb1e,2026-08-06
ACC1c99a59c64,PAYa4678f728f,2025-10-14
ACC1c99a59c64,PAY6d0821f6b7,2025-10-14
ACCcf4ce32c55,PAY1e23e4b61b,2025-06-02
ACC8f546de617,PAYdbf859ee16,2024-09-21
ACCe33867fff5,PAY1316116261,2026-03-15
ACCe33867fff5,pAYe27c202853,2026-03-15
ACCa34b5a8883,PAY2ba77df298,2025-02-24
ACC93a33487e3,PAY271505c57,2024-12-16
ACC93a33487e3,PAYb4752c6b71f,2024-12-16
ACC4b3717d321,PAY5dae2c7cbd,2025-11-21
ACC4b3717d321,PAY43f58eac8,2025-11-21
ACC75e899d66a,PaYa8a0354e77,2024-09-11
ACC5920eca21b,PAY06669e6369,2025-03-31
ACC5920eca21b,PAY23e055e90b,2025-03-31
ACCe7c43561ec,PAYc15b550f9,2025-05-01
ACC62ab9bdac2,PAYf5d870473b7,2026-08-02
ACC62ab9bdac2,PAY9826a9a92d,2026-08-02
ACCc0c5f90ff4,PAY5040f441l51,2025-01-17
ACCedea4a6a6b,PAY58f698f6c6,2026-03-16
ACC1af3390eab,PAYbe17d15ad0,2024-11-28
ACC1af3390eab,PAY05245b8646,2024-11-28
ACC5efb6a5a5d,PAY4d445e429,2025-10-22
ACC5efb6a5a5d,PAY1da53a33ec,2025-10-22
ACCfc58d391dd,PAYf299420c871,2025-05-12
ACCfc58d391dd,PAY77d34da8ef,2025-05-12
ACCbe5704d7ac,PAY4d60e2d981,2024-10-24
ACCbe5704d7ac,PAYe3db04afc0,2024-10-24
ACC06a03ba16a,pAYbaae3270c9,2025-04-14
ACC06a03ba16a,PaY32a3712e95,2025-04-14
ACC00ae4756e7,PAYe889a6ebbe,2025-02-11
ACC00ae4756e7,PAY7eb401c159,2025-02-11
ACCf1ec0c5587,PAY111c5d9b33,2025-01-16
ACCdb2a81af36,PAY1b618ddb3a,2026-05-25
ACC3f82ebb5a6,PAYCe26c1cc00,2025-09-26
ACC84ad2a8abc,PAYeb0g90204d3,2025-04-06
ACC1c2cb62027,PAY4997118567,2026-03-07
ACC6e34916616,PAY5093dd823,2026-05-29
ACC6e34916616,PAYebdb6bfAda,2026-05-29
ACC93ecd0edcf,PAY081dafdab9,2025-10-29
ACC93ecd0edcf,PAYf775f01378,2025-10-29
ACC8d3211f452,PAYea3d37936e,2024-09-10
ACC8d3211f452,PAYcab14fb26b,2024-09-10
ACCbc6e618736,PAYa5958d577e,2026-03-31
ACCbc6e618736,PAYf6c32dd221,2026-03-31
ACCbb14941cd1,PAY5e4ebc3290,2025-10-20
ACC04860c04b7,PAYbe7441bacb,2024-10-24
ACC04860c04b7,PAYb0a32d9c0b,2024-10-24
ACC398da279a8,PAY1c0da7d321,2025-02-08
ACCb47286c3f0,PAY5bD30b5227,2026-01-25
ACCf50971358b,PAYde3796868f,2026-07-22
ACCf50971358b,PAY3f349319ae,2026-07-22
ACC24d875abc8,PAY64535d27ab,2026-05-26
ACC69bdd9184c,PAY1a963f3b2a,2025-06-21
ACC931ac85516,PAYed512ac473,2024-11-08
ACC1082ab1814,PAYeb14d728x73,2024-10-31
ACCda5b23a176,PAY221be18e43,2024-12-27
ACC2953b5d5e8,PAYfa93283ce5,2025-04-07
ACC2953b5d5e8,PAYbbd4a30df0,2025-04-07
ACC512abaeda7,PAYe2a2931ef3,2024-12-08
ACC78ad9a030c,PAY4479f5070a,2025-03-02
ACC78ad9a030c,PAY2524e0734f,2025-03-02
ACC1e222bdd76,PAY7adb4eae10,2026-02-04
ACCfa9676b228,PAY978a85e39d,2025-12-22
ACC767a86675a,PaY69b6f2a4a4,2026-04-09
ACC767a86675a,PAYd68943d3a5,2026-04-09
ACC2239896a1c,PAYa2f91b319b,2025-07-27
ACC395d062e00,PAY9bbb99c322,2025-08-16
ACC37aee88452,PAY81344bdc1c,2026-07-03
ACCbdeed16d7d,PAY3f4e2f5166,2024-09-10
ACC3911a564eb,PAY2b6bc38c26,2026-08-16
ACC3911a564eb,PAY625cc164a,2026-08-16
ACCb900afd9d6,PAYb3613eb9e4,2025-01-07
ACCb900afd9d6,PAY4cbB4c00cc,2025-01-07
ACCd96440ebc9,PAY3734dc45a8,2025-06-22
ACCd96440ebc9,PAYcf2223c472,2025-06-22
ACC0089f44cde,PAY740cd7034f,2025-11-07
ACC0089f44cde,PAY3937fe250d,2025-11-07
ACC2d0b7dc986,PAY61509e9e1d,2024-09-09
ACC6a2dafae52,PAYf6a593e4ad,2026-01-27
ACC6a2dafae52,PAY7cae682903,2026-01-27
ACCecaa581f5f,PAY51282ff854,2026-08-16
ACC3b52c467a5,PAY598b4f4a93,2025-08-30
ACC3b52c467a5,PAYeba13o3f309,2025-08-30
ACC0d22c432c9,PAYade04b6ede,2026-08-09
ACC0d22c432c9,PaYa4750563b1,2026-08-09
ACC1e82139be6,PAYc2d4845f26,2026-06-12
ACCb2ba4b7ad3,PAY41bf8374f6,2025-10-13
ACC45ad89495f,PAY8251673e81,2025-05-03
ACC02d9e35c78,PAY3e0c32e77a,2026-03-19
ACCc82acd7252,PA5Ye5bb3a7d24,2025-01-21
ACC10d971e7a7,PAY6146a60c84,2025-04-29
ACC10d971e7a7,PAYaedfe677ff7,2025-04-29
ACC2fb8f65550,PAY1e9e8bb6de,2025-02-16
ACCeedcdfe25b,PAYd9ffbf3d70,2026-07-11
ACC5e3e7ad036,PAY87cbd9f877,2025-11-18
ACC7f031c628e,PAY0f9ec69082,2024-10-10
ACC4fbd1be722,PAY3dfe97e20,2024-11-17
ACCfc01fd08e4,PAY6ebdca27a1,2024-11-13
ACCfc01fd08e4,PAY28a0042A50,2024-11-13
ACC334acc3fb2,PAYc7e1daa4a3,2025-06-08
ACC1647356107,PaY4880c36e48,2025-08-19
ACCfd0f28e868,PAY150d49e49d,2025-01-02
ACC1b470afbed,PAY9d332bd008,2025-05-26
ACC1b470afbed,PAYfafaeb3aff,2025-05-26
ACC58ca8a69c4,PAYe8c11aecf1,2024-11-16
ACC58ca8a69c4,PAYe18e6dd90d,2024-11-16
ACCc4d14f0eac,PAY3b7de0456f,2026-08-08
ACCc4d14f0eac,PAY22ec1ffcda,2026-08-08
ACC257e69e4b7,PAY4bf972b294,2026-02-07
ACC257e69e4b7,PAYd81781677,2026-02-07
ACCe405e1506e,PAY7edcaace5e,2025-06-28
ACCd9332f78f5,PAY7b471be31,2025-12-20
ACCd9332f78f5,PAYfedb75fe2,2025-12-20
ACC84213cb1e0,PkAY9f4462bea6,2024-11-21
ACCd26f86cede,PAY1a20aB1901,2026-03-13
ACCd26f86cede,PAYf984bed4dd,2026-03-13
ACC32a4a60e09,PAYc33f46adc5,2025-08-19
ACC32a4a60e09,PAY459f7aff9b,2025-08-19
ACCa5f7f61ce0,PAYa4f5b8dc16,2025-08-04
ACC536ff9d476,PAY81981e3d4b,2025-12-02
ACC1ca88c0379,PAY4132f6edec,2025-10-07
ACC8b4ae6ea33,PAY91d4f1oa7bf,2025-08-10
ACC8b4ae6ea33,PAY0e194e3bb3,2025-08-10
ACC4e74ca289c,PAYf06fa80be,2026-02-22
ACC00366e5221,PAY74280269db,2024-09-04
ACC00366e5221,PAYe8d538826a,2024-09-04
ACC0d8b91357e,PAYa63eed5819,2026-07-17
ACC0d8b91357e,PAY65d6415359,2026-07-17
ACC4b9ef7f526,PAY889f52ce3f,2026-07-24
ACC4b9ef7f526,PAYb34423b115,2026-07-24
ACCd83fcb08b9,PAY0513eb5c23,2026-05-09
ACCd83fcb08b9,PAY82b201aa40a,2026-05-09
ACC048c9e278b,PAYa23d7b0d75,2026-02-19
ACCbd8e7084fe,PAY83a463709b,2026-07-03
ACCbd8e7084fe,PAY53b9c52943,2026-07-03
ACC7d08ec34c1,PAY26881999e4,2025-01-02
ACC7d08ec34c1,PAYec11bebf3c,2025-01-02
ACC49de732fc3,PAYa4a023be36,2024-09-01
ACC49de732fc3,PAY79b4cd232b,2024-09-01
ACC7691b93d3e,PAYf0b9386075,2026-02-15
ACC7691b93d3e,PAY14bc85e668,2026-02-15
ACCf52cc22630,PAYa1e260db43,2026-08-16
ACCf52cc22630,PAY6c2109adad,2026-08-16
ACC9e61b9dd19,PAY6990c4ce52,2024-11-09
ACC29516a4b55,PAY840e658147,2026-07-24
ACC29516a4b55,PAYcacf5b58b7,2026-07-24
ACCd686c2af52,PAYad31302cd1,2026-02-15
ACCd686c2af52,PAYd6b403e82,2026-02-15
ACC4c45884f65,PAYc2a7aeba98,2025-11-01
ACCf655369bc4,PAY0dbd2ac22,2026-07-22
ACCf655369bc4,PAY3257db0c68,2026-07-22
ACC73c23333dc,PAYc0ab2bd34b,2025-04-20
ACC446323e197,PAyc830f7d8f8,2025-08-18
ACC446323e197,PAY0c594e93c0,2025-08-18
ACC8911f0cac5,PAY4ac7a4702f,2025-06-22
ACCdff2cfacb5,PAY6c6b67a0d6,2025-04-17
ACCdff2cfacb5,PAY276437b172,2025-04-17
ACCe56070d6c5,PAY0651e338d8,2025-01-20
ACC0fc2c79cf4,PAYd5bf1faf1e,2025-09-15
ACC86629f9232,PAY8c14f89ace,2026-03-09
ACC4ca0bf437a,PAY43363a55e0,2024-10-28
ACC4ca0bf437a,PAYt17035ac444,2024-10-28
ACC7e0735a0d9,PAY996237065,2024-10-26
ACC35f4feb195,PAY4baf099663,2025-07-11
ACC35f4feb195,PAY92139beae5,2025-07-11
ACCc4ed53e9f1,PAY9e7aeab687,2025-03-25
ACC256733d406,PAY0cd48672c2,2025-03-23
ACC7e7d8374cf,PAYb0a3fb7ae9,2025-04-24
ACC7e7d8374cf,PAYe1316d7bf8,2025-04-24
ACCed332d5c00,PAYb54214a577,2025-06-01
ACCed332d5c00,PAY38b40495da,2025-06-01
ACC07ff582404,PAY71s3339fd7f,2026-07-05
ACC07ff582404,PAYbdd7fe8907,2026-07-05
ACC63f65c73ac,PAY668B1068c2,2024-12-02
ACC3ab65c60f8,PAY55ce413807,2025-10-09
ACC3ab65c60f8,PAYfcdce28471,2025-10-09
ACCd7ce3dc082,PAY09f7fe9923,2026-04-14
ACCd7ce3dc082,PAY3d5a1e49ef,2026-04-14
ACCf40008b24f,PAYa8954766a7,2025-01-11
ACCf40008b24f,AY6e131d354d,2025-01-11
ACC5c13eb3dd1,PAYe51b280e6e,2025-01-30
ACC5c13eb3dd1,PAYa2bc314d8b,2025-01-30
ACCce7923650c,PAY5cddb1c45f,2026-01-20
ACC59af498a85,PAYaf48aac539,2025-10-13
ACCd1a88502d7,PAYc8f54Ddc48,2026-05-01
ACCd1a88502d7,PAY5a110aeabc,2026-05-01
ACC09993f22f3,PAYc0fc8532f2,2025-09-09
ACC09993f22f3,PAYe954d61f09,2025-09-09
ACC2df5630b84,PAY6d7405124,2024-10-25
ACC81a6644440,PAY16de2e8e62,2025-09-15
ACC81a6644440,PAY62e86b8601,2025-09-15
ACC4d9ec11709,PAY91541892be,2025-08-06
ACC0fd9fa837f,PAY59df77fc96,2026-01-12
ACC0fd9fa837f,PAYc8406dc31,2026-01-12
ACCadfd516dda,PAY3ccdefb82f,2024-12-31
ACC5d4ce962bb,PAYFde3bae232,2024-09-26
ACC5d4ce962bb,PAYc66c36cafd,2024-09-26
ACCbc857842f8,PAYf70xc9ee898,2025-08-24
ACCbc857842f8,PAYb87554fd89,2025-08-24
ACC1d30100a9c,PAYff0e1ec630,2026-07-21
ACC9e6ee2bd45,PAY6bf8f6a521,2025-10-18
ACC7ed2d71142,PAY14ac03ed64,2024-10-06
ACC7ed2d71142,PAYc2f0998806,2024-10-06
ACC04b70528c1,PAY82c4cd4043,2026-04-15
ACC04b70528c1,PAYf70e49c97a,2026-04-15
ACC340746f6da,PA1277d35918,2026-02-12
ACC340746f6da,PAY9e4c0eb1e2,2026-02-12
ACC3f403feccf,PAY20ea83b8a8,2025-01-11
ACC3f403feccf,PAY898762a5fc,2025-01-11
ACCa1b5d925e5,PAY7819be5a5a7,2026-04-05
ACCa1b5d925e5,PAY7d21626bCb,2026-04-05
ACC60c68c2158,PAYd0ed390866,2026-05-10
ACC60c68c2158,PAYB7000624f4,2026-05-10
ACC2c430d8ed3,PAYe5a98640f9,2026-01-19
ACC2c430d8ed3,PAY24d5397dec,2026-01-19
ACC189901ef3f,PAY0bffe6bebd,2025-01-29
ACC189901ef3f,PAY9fe306c9b3,2025-01-29
ACC7c8a5202ea,PAYce45cea633,2025-04-13
ACC7c8a5202ea,PAY566a661020,2025-04-13
ACC99ee572fa5,PAYf4dc8a05a2,2025-09-04
ACC99ee572fa5,PAY5b0789b84d,2025-09-04
ACCd5ab682d04,PAY09F5a7f282,2024-12-14
ACCd5ab682d04,PAY3c85efcc9b,2024-12-14
ACCe67f297a19,PAYeba0361254,2026-04-05
ACCd20cc553ab,PAY810c1f2d4f,2025-01-27
ACCb5427dc88f,PAY307e689a468,2024-09-02
ACCb5427dc88f,PAY54cfc05b1d,2024-09-02
ACCd7b25adc51,PAY9496fec5f9,2026-05-17
ACC5962a11cb6,PAY1274efc364,2025-01-13
ACC5962a11cb6,PAYd35d5cb8f0,2025-01-13
ACCfdbe17870c,PAY2ec5fae98,2024-09-04
ACCdc379479cf,PAY63412f5152,2025-03-18
ACCdc379479cf,PAY1d7d76a5a9,2025-03-18
ACC979669ddab,PAY63cdb64ae9,2025-07-08
ACC979669ddab,PAY8951eb8a4c,2025-07-08
ACC33d2dbae62,PAY4b2d763572,2026-07-28
ACCa3df3f3133,PA2Y6fd2e8865,2025-04-20
ACC562b6b4540,PAY088b196605,2026-08-14
ACC562b6b4540,PAY2f0e2c4dc6,2026-08-14
ACCb59a9017e0,PAYfzc85965871,2025-10-04
ACC830e6074ef,PAYdb7216ae36,2025-08-06
ACCded6c3e873,PAYbdbbf7b5f,2026-02-13
ACCded6c3e873,PAY8a5b53cdcf,2026-02-13
ACC1f7cc1d572,PAYc202de2ddc,2025-03-25
ACC3f4d8a6ed3,PAYcb8b92fccc,2025-10-14
ACC3f4d8a6ed3,PAY98ea68123d,2025-10-14
ACC06342a20a1,PAYf4323b49d,2025-11-22
ACC06342a20a1,PAYb02eb671c0,2025-11-22
ACC7086a2abd7,PAYa940d454a2,2026-05-13
ACC7086a2abd7,PAY4ede9d17ce,2026-05-13
ACCabbd40adc0,PAY5acfe54ca1,2025-07-21
ACCabbd40adc0,PA71c0e7619d,2025-07-21
ACC527b51be18,PAYfb8838da97,2025-10-16
ACC527b51be18,PA2Y636ce32be,2025-10-16
ACC4eab5ef3f9,PAY5f73b421ff,2024-11-12
ACC4eab5ef3f9,PAY2a622ee3fa,2024-11-12
ACCc4a5d7cc7f,PAYded5dbcc86,2026-04-12
ACCa119448a6d,PAY8d306e97e3,2025-04-05
ACCa119448a6d,PAYde330ece121,2025-04-05
ACC96440adac0,PAYaf253e0540,2026-05-06
ACCd83bb2c4f6,PAYca1a3272f7,2026-08-19
ACC8c7b74dc4e,PAY43064c4f2b,2025-07-21
ACC8bbd7ef4e9,PAYb737c28cd4,2025-11-17
ACC0730a3529a,APY0ff9ebf253,2024-11-13
ACC6146e0c6ea,lPAY29b7e8c936,2024-12-24
ACC40ba4c797d,PAY911487b775,2026-04-04
ACC9c431f83e8,PAY3e1658a786,2024-10-16
ACC9c431f83e8,PAY480563052f,2024-10-16
ACC7969f2b122,gPAY50e89a5d51,2026-06-24
ACC25efef1c28,PAY11ab631a22,2025-09-08
ACCdcd092a66a,PAYc926b9a829,2025-06-04
ACCdcd092a66a,AY804243456d,2025-06-04
ACC6606488c68,PAYa32437828b,2025-08-03
ACC4abe49cc08,PAY36508fa20b,2025-04-27
ACC4abe49cc08,PAY8a5cd59cc,2025-04-27
ACC7ab48ff583,PAYf9fd847de7,2025-08-14
ACC7ab48ff583,PAY4fa3ef87a4,2025-08-14
ACC4f815d3214,PAY50ee2524c,2024-10-17
ACCfd38de9ad0,PAY32f9b7060a,2024-09-14
ACC7aacb0409c,PAY41a7de5944,2024-11-15
ACC7aacb0409c,PiAY04d77e7fec,2024-11-15
ACC5803599f3e,PaYc509f3635e,2026-01-26
ACC97d1b4695b,PAY55c9fb2055,2025-11-03
ACC97d1b4695b,PAY7b2714057e,2025-11-03
ACC0bfad38e62,PAY9d464f539,2025-07-02
ACCfa25a7be76,APY9aa3d2ac01,2025-06-04
ACC8edbad5f44,PAY1b4913a9c2,2024-10-24
ACC8edbad5f44,PAY91c6d9b438,2024-10-24
ACCf804f77958,PAY14d6e88f82,2025-04-25
ACC9daffd1c1c,PAY0f145dd082,2026-01-25
ACCebab9ad78c,PAYc70b11260e,2025-02-02
ACCebab9ad78c,PAY67b161bc2,2025-02-02
ACC89847fded8,PAY78b2325b0e,2025-11-27
ACC4d4acd066f,PAYbpa1585e8e1,2025-01-13
ACCb021799b9b,PAY7580acdc09,2026-01-30
ACCc36ddb6c33,PAY81542a153,2025-03-01
ACCc36ddb6c33,PAY0ea58e6685,2025-03-01
ACC6a1e36f783,PAY70119040d6,2025-12-03
ACCf3a58596b7,PAY9bb462f7e9,2025-04-20
ACC88d0a27aa0,PAYa3e6de4b9f,2026-02-08
ACC796ed380e9,PAY8788ae099a,2025-07-09
ACCbb08c53cb9,PAY39ac018203,2025-06-15
ACCbb08c53cb9,PYAf5477d748a,2025-06-15
ACC58aa265415,PAY9dc6219e72,2025-02-15
ACCed41feb29c,PAY4b1ceafd15,2024-11-28
ACC0456fc0827,PAYfad242081f,2026-07-01
ACCfdfe94e3db,PAYdb31ed687e,2025-01-08
ACC4df229f9e7,PAY74e79c9753,2026-01-15
ACC4df229f9e7,PAY6310a712cb,2026-01-15
ACCd94df8ce28,PAY8ad6cc23c0,2026-07-11
ACCd94df8ce28,PAYdbb7e5ae15,2026-07-11
ACC82ff67e3c6,PAY865134f568,2026-08-23
ACC31e162edef,PAY1e600bc4e1,2024-09-05
ACC3bcace6659,PAY8f85be76c9,2025-06-11
ACC3bcace6659,PAb23605f845,2025-06-11
ACC56f9ca3709,PAY814cb61072,2026-05-09
ACCd4ca223076,PAYfc72cdb879,2025-11-21
ACCd4ca223076,PAY8e9c0710fb,2025-11-21
ACCe5331a7ab2,PAY19347100c5,2026-04-13
ACCdd9b4be750,PAY8cf15f54c1,2026-05-20
ACC62cf0b9518,PAY9bb5f62a0f,2024-09-06
ACC62cf0b9518,PAYfeefe0fdf2,2024-09-06
ACC88c5e30210,PAYx2b9f154e88,2025-12-28
ACC88c5e30210,PAY2f21c3cace,2025-12-28
ACC2c75c47122,PAY7fb4b5bfbe,2026-06-27
ACCa53f5974bf,PAYd91d8ec9ca,2025-07-09
ACC450ce7f74b,PAYb417a6c923,2026-07-07
ACCdf1567ec06,PAY44f2128771,2026-07-16
ACC212badf74a,PAYa8c4b3c05c,2025-04-24
ACC212badf74a,PAY9885db327f,2025-04-24
ACC070f59324d,PAY3f4cde37c6,2025-01-01
ACC070f59324d,PAYf1388a1ef4,2025-01-01
ACC7885a14a46,PAY4204651796,2025-08-17
ACC7a97144522,PAY9aa8464ac3,2026-04-29
ACC145ca49bc1,PAY4752270yf8b,2025-10-09
ACC145ca49bc1,PAYab17b67034,2025-10-09
ACCc42552ff1e,PAY08ff1dd028,2024-10-31
ACCc42552ff1e,PA1Y650ae9ea8,2024-10-31
ACC1828e774fb,PAYa9f5557b9b,2026-06-03
ACC1828e774fb,PAYf95f3aa422,2026-06-03
ACCfe527218c1,PAYccdd2665b9,2025-10-17
ACCc5a07f2527,PAYc81217cce6,2026-05-02
ACC89394a9de1,PAYfcf816305d,2025-06-27
ACCf1c8b4b37e,PAYf7f1769b0f,2025-12-19
ACCf1c8b4b37e,PAYc3d49a811e,2025-12-19
ACC48f88a0a79,PAY7c6bb2ecce,2024-10-04
ACC48f88a0a79,PAY22749c11bc,2024-10-04
ACC7201a0e7cd,PAYaf80e653ae,2024-10-10
ACCb8aa3260a7,PAYfbef6f69f7,2025-01-19
ACCb8aa3260a7,PAY17a17924bd,2025-01-19
ACCcb27ba85b5,PAY4f3u25c5c2a,2025-06-18
ACCcb27ba85b5,APYb6355f9a1a,2025-06-18
ACCfee92a222b,PAY500f865eb3,2025-10-12
ACCfee92a222b,PAY79d94fb01f,2025-10-12
ACC8691fd2ca2,PAY6a3c2b06a2,2026-04-30
ACC8691fd2ca2,PAYfb15eb28e7,2026-04-30
ACC0e934c63e2,PAY57db64b66e,2025-02-03
ACC91d30e1be3,PAY71ca612bcf,2024-11-13
ACC91d30e1be3,PAYe4963bd4e8d,2024-11-13
ACC09244c229c,PAY1ebf2921bb,2025-02-21
ACC09244c229c,PAY96c657769d,2025-02-21
ACC8f1c10decf,PYAf6efd61b26,2026-02-04
ACC9a433f7272,PAY25b8e1d0aa,2025-08-06
ACC9a433f7272,PAYd949b68e3b,2025-08-06
ACC1cc66bf9ed,PAY62e5d63f3e,2026-01-12
ACC1cc66bf9ed,PAY7153a6e017,2026-01-12
ACCaed671e5f6,PAY7259618b5e,2026-02-27
ACC180ef8bfce,PAY8f2cec26b9,2024-10-10
ACC945faf97ec,PAY8c61a4707f,2025-10-10
ACC945faf97ec,PAY9d1d73292,2025-10-10
ACC22d020f514,PAY33e129130,2025-10-24
ACC22d020f514,PAYed5c82e611,2025-10-24
ACC3b0425713c,PAY5063576daf,2024-10-13
ACC13d67a8506,PAYd4581aa09e,2024-10-11
ACC13d67a8506,AY9fb0abb9cc,2024-10-11
ACCc30b97c180,PAY7d39fde300,2025-07-18
ACC83cdff6c72,PAY2eec01f248,2024-12-26
ACCc7c7251801,PAY0ce18728c3,2025-07-24
ACCc7c7251801,PA7Y0c24ef354,2025-07-24
ACC4ab18b4d33,PAYa4vb8ca8aea,2026-08-10
ACCa720aeee21,PAY31d24271fb,2025-07-20
ACCa720aeee21,PAYfff88521df,2025-07-20
ACC295b4cc9d9,PAYcb427aa94a,2026-06-09
ACC295b4cc9d9,PAY47dcd85b55,2026-06-09
ACC094d08fce2,PAY7d96dde27e,2025-06-05
ACCeefb2fd305,PAY0dc0fd5f7b,2026-08-19
ACC47ec773138,PAY116febe9f0,2025-05-09
ACC47ec773138,PAY14c14c24a2,2025-05-09
ACCcd2db998e2,PAYb6d41a24df,2025-02-24
ACCaf362ead92,PAYac292d33dbb,2025-10-28
ACC9a45877f1c,PAY00d4d55f5e,2025-05-16
ACC9a45877f1c,PAY53cc563f3,2025-05-16
ACCb25aeaa022,PAtYd11b224ec5,2025-11-04
ACCf2a13e65a5,PA9Y964f7337a,2026-04-16
ACCab07e9fa7c,PAY24441be4d5,2026-05-16
ACCab07e9fa7c,PYA94cecc0b1f,2026-05-16
ACCa990b34e5d,PAY74539ff17,2026-06-03
ACCa990b34e5d,PAY4b91731f2c,2026-06-03
ACCdbe0a98fe6,PAyab106725e4,2025-01-07
ACC9649641e72,PAY4eff8f714d,2025-08-20
ACC9649641e72,PAYbc128f0946,2025-08-20
ACC6332858ea0,PAY67c7424252,2025-11-05
ACC6332858ea0,PAY76306bab34,2025-11-05
ACC8c0f486356,PAY6021095fb,2025-06-14
ACC8c0f486356,PAY97189c1add,2025-06-14
ACCca80f16f41,PAY742ebd0288,2026-08-08
ACCe09edc6ad6,PAY4817f2b011,2026-01-14
ACCe09edc6ad6,PAY38c520da0,2026-01-14
ACC421bdf3ab2,PAY190d8367dc,2024-09-12
ACC39c616445a,PAYc346d891c3,2025-12-19
ACCf05e6b1aae,PAYa3412abdd2,2025-08-17
ACC091c331e55,PAYfbm6764b5ee,2025-01-04
ACC90902328b4,PAYs9757c23756,2025-03-23
ACCd8c77621a5,PAY636de7b6a2,2025-08-14
ACC0bda619d4b,PAY4050854fa6,2026-08-16
ACCba4953527b,PAY4481444f62,2025-07-06
ACCba4953527b,PAYffy3c6296f0,2025-07-06
ACCdd10986101,PAY251826b41c1,2026-03-19
ACC819a6ece26,PAY97f41401b6,2025-08-04
ACC819a6ece26,PAY13e48df41d,2025-08-04
ACCb4aa47a38d,PaY7d22d5e87d,2025-01-10
ACCe089a72200,PAY67ac6d9d16,2026-04-26
ACCe089a72200,PAYfe47aa0491,2026-04-26
ACC1851627e2e,PAYe9799fd401,2024-11-19
ACC4f87274661,PAYe167eeb0b8,2026-02-17
ACC4f87274661,PAY2306ba7d9e,2026-02-17
ACC3e159b62d0,PAY1b9910e613,2025-05-17
ACCaf8383a005,PAYdce8a53ec2,2024-11-15
ACCaf8383a005,PAY5f539bbe8c,2024-11-15
ACC01e1ca4722,PAY9453e47885,2026-08-28
ACC9e0bcc202a,PAYaf9014742d,2025-03-18
ACC9e0bcc202a,PAYad3e3aca4c,2025-03-18
ACC490ec02dc8,PAY231e3d4238,2024-09-17
ACC490ec02dc8,PAYbee0dd0093,2024-09-17
ACCeec4c0e43a,pAY5d8d554c66,2025-05-11
ACC130174ba3b,PAY2ef7608cd9,2026-08-24
ACCf5794876ed,PAYa83075cdda,2025-04-15
ACC65eb1bb039,PAY76b05251ea,2025-05-18
ACC65eb1bb039,PAY16ba420eb8,2025-05-18
ACC807555cd6b,PAY697a9ca3b1,2024-10-02
ACC807555cd6b,PAY1238bae262,2024-10-02
ACC8728f504db,PAY27fdec47c0,2024-10-02
ACC20816025c7,PAYdfb25b7013,2024-11-16
ACC1f8456305b,PAYd6e151c51c,2026-07-09
ACC34f22da1fa,PAY98f35158e6,2025-04-10
ACC34f22da1fa,PAY8cd626d1d5a,2025-04-10
ACC5dc33eb24a,PAYcdF4ffef84,2025-01-07
ACCcb9d15ceee,PAYe017db66c3,2026-05-25
ACCd833d065ca,PAY784dbea452e,2024-09-24
ACCd833d065ca,PAY2a4d3e7be14,2024-09-24
ACC9454f6ab80,PAYc83eff4080,2024-12-17
ACC7ab67b30bb,PAY1beef30869,2025-04-20
ACC7ab67b30bb,PAYf51451fb53,2025-04-20
ACCb79b83b8da,PAY2ceddba665,2024-10-19
ACC93e248359c,PAY3a8ff31488,2025-05-21
ACC93e248359c,PAYa860ff4933,2025-05-21
ACC5ce832bb7d,PAY04e7d5a455,2025-03-22
ACC921ace57fe,PAY7d44d2afd7,2025-06-09
ACC921ace57fe,PAY0ce16917b8,2025-06-09
ACC19b5efca01,PAY896f878365,2026-07-21
ACCa8e6d68168,PAcYec99e12cf0,2026-02-11
ACC73cd9c194a,PAY7655aabbc0,2025-11-14
ACC73cd9c194a,PAYd9e25ae6d,2025-11-14
ACCbea3c122ef,PAY30e1f22fe0,2024-10-19
ACCbea3c122ef,PAY9d37711b1a,2024-10-19
ACCb2efdd7449,PAY474fa35621,2026-05-06
ACCd4be4db66a,PAY10b8d29e0e,2025-06-13
ACCd4be4db66a,PAYf152d8d19,2025-06-13
ACCf9eb950806,PAY56eadcc758,2025-08-06
ACCf9eb950806,PAY2a7a44f9a9,2025-08-06
ACC76ace51d55,PAY0277e978f0,2026-05-23
ACC323df81229,PAYed8d484455,2026-08-17
ACC504c05016a,PAY93ff1879ae,2026-01-15
ACC504c05016a,PAYafe81e27b3,2026-01-15
ACC71290e4e05,PAYd7f187d5e0,2026-04-13
ACC71290e4e05,PAYf236bde645,2026-04-13
ACC1dffb2e6b6,PAY2e290401b2,2026-05-08
ACC1dffb2e6b6,PAY83c10612d7,2026-05-08
ACC9a6b34ade6,PAY79aa8fd927,2025-08-14
ACC9a6b34ade6,PAY6aa6c8e8aa,2025-08-14
ACC8e38140246,PAY089ddb6dca,2026-04-08
ACC6af64005d5,PAY9af5404e8d,2025-10-14
ACC6af64005d5,PAY797f31b50b,2025-10-14
ACC069bbfad99,PAYd6fee4101e,2025-04-03
ACC069bbfad99,PAY106707ab5c,2025-04-03
ACCf31b3496ad,PAY9603dbace,2025-10-15
ACC2e8fde055e,PAY1f20eca280,2025-02-01
ACCf75498298a,PAYfa7bc89f8,2024-09-09
ACCf75498298a,PAY28ac20e509,2024-09-09
ACC4a497a00bb,PAY17576e2e5b,2024-11-29
ACCc9d4502dba,PAY87766c8bce,2025-01-16
ACC4da69a3c67,PAYc1e0d90b2b,2026-05-13
ACC4da69a3c67,PAY2658296a42,2026-05-13
ACC269a306aa1,PAY8f8eca8f0td,2026-02-05
ACC0d2701372a,PAYfa099195b4,2025-07-19
ACCbb7e95ca07,PAY4d05a5c54d,2025-12-04
ACC6e18c24725,PAYae511bb23e,2024-10-17
ACCee98d3112c,PAYcbd15c3123,2025-09-19
ACCee98d3112c,PaY2e3de9b766,2025-09-19
ACCbe5eb4b2a2,PAYb4ce460bc7,2025-02-13
ACCbe5eb4b2a2,PAY56d91a9534,2025-02-13
ACC45634d8d60,PAY2c4020810l4,2026-06-24
ACCdbee8559b8,AYb8b9c68893,2026-08-04
ACCdbee8559b8,PAYq96c20ca567,2026-08-04
ACCcf127c50b6,PAYd3b6e61720,2024-10-01
ACCcf127c50b6,PAY0e64b82c50,2024-10-01
ACCba31f4ee5c,PAYc95da0b685,2026-05-30
ACCba31f4ee5c,PAY879063701e,2026-05-30
ACC17d8de9f84,PAYcbc44972b2,2025-09-14
ACC17d8de9f84,PAYa82c4d68cf,2025-09-14
ACCa3ff2a62f2,PAY6e977db701,2025-01-26
ACCa3ff2a62f2,PAY476026dfba,2025-01-26
ACC0b17025567,PY1e62548fb7,2025-01-03
ACC281a501199,PAYbfe55aav5e6,2025-04-05
ACC431df02016,PAY2154336824,2026-04-21
ACC431df02016,APYd3efb16e3d,2026-04-21
ACCed1bca9262,PAY8a16ac02942,2026-05-07
ACCed1bca9262,PAY668a41c3a8,2026-05-07
ACC8b01dcaf48,PAYc9c255cd7,2025-08-21
ACC01326fb8aa,PAY1c547c4eb9,2026-06-02
ACC01326fb8aa,PAY20b85e132f,2026-06-02
ACC24fb9661b7,PAY71e3377020,2026-06-09
ACC3a484575d9,PAYf6876bc2c0,2025-06-16
ACC1aebb8fae0,PAY9b1a79fa11,2025-07-21
ACC1aebb8fae0,PAY0bd05c44e7,2025-07-21
ACC0d219a54e8,PAY856dce2ad4,2026-01-10
ACC0d219a54e8,PAY9299f16efe,2026-01-10
ACC809d314b0e,PAY371ae140a8,2025-01-08
ACC809d314b0e,PAYb600ec3930,2025-01-08
ACCd202091db8,PAY0bd40b31f8,2026-03-07
ACCd202091db8,PAY8d55ba999,2026-03-07
ACCdd34388fe0,PAY405042ff5f,2024-12-24
ACC74fb8612d5,PAYdd48eefdb1,2025-11-04
ACC1d8bff4334,PAYa808f058ah9,2026-08-02
ACCc105682456,PAY3243daa711,2025-06-02
ACCc105682456,PAYd59dd8a072,2025-06-02
ACC22fb461bbc,PAY6f24491c1f,2025-07-03
ACC22fb461bbc,PAY5ff79ff4b9,2025-07-03
ACC12c1165b2e,PAY6469f5f09d,2025-10-04
ACC12c1165b2e,PAY64e3ba0f01,2025-10-04
ACCd0d46203ed,PAY644d5d486,2026-05-18
ACCf2a658db03,PAYee38820238,2025-09-24
ACCf2a658db03,PAYfb1744d4ce,2025-09-24
ACC2e912f2af3,PAY0df730375c,2026-07-05
ACC2e912f2af3,PAYe994bc4e0A,2026-07-05
ACC5b9519c24b,PAYca760065d0,2025-12-29
ACC6656db5ed0,PAY290c3084ab,2026-06-29
ACCe3a9fdf844,PAY1720de8f1e,2026-05-15
ACCe3a9fdf844,PAY1c580f1622,2026-05-15
ACC9b4cff1526,PAYd0f75d0537,2026-06-26
ACC8b685ed42c,PAY8ead8968f5,2025-10-07
ACC8b685ed42c,PAYf8122c887b,2025-10-07
ACC3647ab6154,2PAYcfc01bb94c,2025-05-20
ACC546f4752f0,PAY67fd4b769,2026-03-01
ACC417c1b5a2f,PAY6070865f3d,2024-11-06
ACC417c1b5a2f,pAYa302fdc311,2024-11-06
ACC64b3a30eb2,PAY16f37c29da,2025-02-19
ACC3426990b3b,PAY3f0d343a90,2025-05-27
ACC3426990b3b,PAYde9062a767,2025-05-27
ACCbce50b0e73,PAY47d62f198d,2024-12-15
ACCbce50b0e73,PAY0d0ce9b87b,2024-12-15
ACC2656186070,PAYdb323f8d50,2025-11-27
ACC781b8f30e7,PAYeeaaecb134,2025-10-22
ACC781b8f30e7,PAY6eb81c37b0,2025-10-22
ACC7a22763f17,PAY460b1948ce,2026-06-09
ACC76955c52db,PYA7d1cd1246b,2026-01-22
ACC81952ac244,PAYb4944c7600,2026-07-02
ACC81952ac244,PAYa746a6b92e,2026-07-02
ACC6628df4f9e,PAYdca16d45a7,2026-08-09
ACC6628df4f9e,PAY57051f5251,2026-08-09
ACCf455556a8c,PAY1a7b834034,2025-10-17
ACC3cece3a0c5,PAY740ff2fe04,2025-05-26
ACC3cece3a0c5,PAY4d301b80b6,2025-05-26
ACCe41972caa2,PAYfb179d0453,2025-05-27
ACCe41972caa2,PAY283eb9343f,2025-05-27
ACC4dcb34a5a8,PAy6f722bd41d,2025-12-08
ACCd23505368f,PAY623e302989,2026-08-24
ACCd23505368f,PAY28324875b7,2026-08-24
ACC9864d0e82a,PAYb067738bf7,2026-07-09
ACC9864d0e82a,PAY96961b97ff,2026-07-09
ACC6d5a83a1c9,PAYcd31f2b408,2026-08-03
ACC180d519466,PAYw54e768c8c9,2024-10-02
ACC180d519466,PAY1ee7e1bdd4,2024-10-02
ACC608b3523e3,PAYecc9b2aeec,2025-04-01
ACC0697fb4517,PAYbdec0ad16d,2026-08-30
ACCb13c28a973,PY79da539956,2025-11-10
ACC62ecbeed78,PAYf8f65ad163,2025-03-31
ACC62ecbeed78,PAY14cc039fb,2025-03-31
ACCff60bcb4fa,PAY4c9ab9e7f6,2026-04-04
ACCff60bcb4fa,PAYf95c457c85,2026-04-04
ACC056390957c,PAY9844a68e26,2024-11-22
ACC056390957c,PAY1971ce169,2024-11-22
ACCace086af22,PAYbd7f4d7354,2026-02-01
ACCace086af22,PAY4f85017c92,2026-02-01
ACC82934ed07d,PAYd84175d977,2025-06-17
ACC82934ed07d,PAY79e3a641ef,2025-06-17
ACCd0ed52f387,PAYf3d506011e,2025-04-01
ACCd0ed52f387,PAY7fadc0b4c,2025-04-01
ACC59a84e6e2f,PAY7211c0898b,2026-04-17
ACCe9166ecc71,PAYfcd053uf216,2024-09-15
ACCe9166ecc71,PAY7ae3f8323a,2024-09-15
ACC1eff04ea9f,PAY35da314c8d,2025-05-16
ACCc31a2ea0c4,PAY37zfaa17466,2025-06-23
ACC23d610066a,PAY8bc5d707e1,2025-01-23
ACCaa7c5924c4,PAYb7d24ef59,2026-05-23
ACCaa7c5924c4,PAYa9f85258aa,2026-05-23
ACC0ac44d5397,PAY7cccb7a4f6,2025-11-06
ACC3938a5faab,PAY498c789a12,2026-01-08
ACC3938a5faab,PAYa1d19c6138,2026-01-08
ACC961c400044,PAYc949e3f16c,2025-09-02
ACC68727a06b3,PAYbaed6a58ae,2026-03-29
ACC02a5f8fa5b,PAY1604e6db30,2025-01-14
ACC02a5f8fa5b,PAY23cc0066a,2025-01-14
ACCfeb4badf80,PAY9128099484,2025-12-20
ACCbeccd03100,PAY82460f8b42,2025-03-31
ACC69e6aa1f02,PAY684b24ad80,2024-10-27
ACC69e6aa1f02,PA6Y4f35daf5bc,2024-10-27
ACCe1aff41cf7,PAY6ebeea5dfe,2025-12-04
ACC991913f826,PAY446b5b1d57,2025-04-14
ACC991913f826,PAY919811af9b,2025-04-14
ACC823eb2ee5d,PAYfb51ed581,2025-04-21
ACC4cc7b5ac22,PAY414534284d,2026-07-20
ACC4cc7b5ac22,PAY82e85d14e8,2026-07-20
ACCad3d0a6c70,PAY3d35a05b48,2024-10-08
ACCad3d0a6c70,PAYe8a4c019bf,2024-10-08
ACC05450f73cd,PAYb8f84f3cc4,2024-10-04
ACC05450f73cd,PAY1bd6b9ae2b,2024-10-04
ACC13f3c83eaa,PA0554874793,2024-12-30
ACCe1c352cbf9,PAY30830f2a6b,2025-11-04
ACCe1c352cbf9,PAY4c177c677e,2025-11-04
ACC1956ae7a08,PAYa3efcb150f,2024-10-24
ACC1956ae7a08,PAYbc05eb45e7,2024-10-24
ACC50d9b044e1,PAYb9464b56b5,2025-06-19
ACC0b640557f0,PAY43cb8602a7,2026-07-15
ACC0b640557f0,PY1d7fd32243,2026-07-15
ACCae0c76c397,PAY29b605daf5f,2026-03-26
ACC8da6f65e4b,PAY7fcb178c59,2026-07-12
ACC8da6f65e4b,PAY6080f72d02,2026-07-12
ACC1903054fd0,PAY2396c2ce10,2026-06-05
ACC5049bca5f2,PAoY138f7f7f6b,2024-12-19
ACC5049bca5f2,PAYe7a67872ff,2024-12-19
ACC58dfe227be,PAY5612a33783,2025-10-19
ACC58dfe227be,PAYdd181d9e88,2025-10-19
ACCc4f080aaf3,PAY3f3f03d107,2026-08-27
ACCc4f080aaf3,PAY020c57c406,2026-08-27
ACCe82be97d40,PAY87668975a6,2025-06-18
ACC0c54631eb8,PAYe279007373,2026-05-31
ACC4c71c8105b,PAYb8e926e062,2025-02-04
ACCd7cb147e0f,PAY5d18f6e8a7,2025-05-26
ACC1268451524,PAY387a46a635,2025-10-03
ACC686249c247,PAYb3c929d621,2025-07-21
ACC3aeba5f8cd,PAYc5628b517b,2026-04-19
ACC3aeba5f8cd,PAYae1018dac7,2026-04-19
ACC550a30eb8e,pAY9024f0a1b5,2026-04-07
ACC550a30eb8e,PAY359749040b,2026-04-07
ACC22ddb720be,PAYfdef892uce6,2025-05-03
ACC3bdb8f8495,PAY73ec3bde4f,2026-01-22
ACC92e441a1d2,PAY910a5e33d4,2025-12-01
ACC8b250e4dfd,PAY145849d08f,2025-10-04
ACC8a5f4f0efe,PAY24723c7f2b,2024-10-05
ACC8a63ce28b8,PAYF721ab6e3b,2026-05-20
ACC8a63ce28b8,PAY3fc670ebc,2026-05-20
ACC5f8753f28d,PAYffc3e9de0,2025-11-11
ACC916ff004f9,PAYd50009222f,2026-04-12
ACCce4009904c,PAY2a490ed12,2026-06-15
ACCce4009904c,PAYeb6e715323,2026-06-15
ACCf64670d90e,PAY6da0aae608,2024-12-13
ACCf64670d90e,PAYd2dcc6d5b3,2024-12-13
ACC12f0712be4,PAYefc3bdde686,2025-12-21
ACC12f0712be4,PAY69b21ae088,2025-12-21
ACCa80623f388,PAY5686264a62,2026-02-22
ACCa80623f388,PAYc3e60de58d3,2026-02-22
ACCec84f84fa7,PAY9e4a437513,2025-12-06
ACCec84f84fa7,PAYcc8889e271,2025-12-06
ACC6ae3b9c644,PYAdd995cbdc7,2025-10-07
ACC6ae3b9c644,PAYc957f7c5bb,2025-10-07
ACC3d1063e16f,PAY90dca8ded89,2026-03-28
ACCc4cda61984,PaY3dbf2734e8,2025-12-27
ACC92d8879e22,PAY31fde3efd0,2025-11-10
ACC92d8879e22,PAy87fe1d0f01,2025-11-10
ACC5c7943badc,PAY69a897f3e0,2026-01-08
ACC8dcdd0c5a6,PAYb46a62a654,2026-04-23
ACC8dcdd0c5a6,PAY0b8fd8c7c1,2026-04-23
ACCa363cab795,PAYe37ff10b08,2025-01-23
ACCa363cab795,PAY69b139a0aa,2025-01-23
ACC3dbed7f733,PAY96fbd4e23d,2025-04-12
ACC3dbed7f733,PAYbb164ff62b,2025-04-12
ACCd4a186a39a,PAY3ba68d17a0,2025-02-15
ACC3d5c1a5fc7,PAY1bb5f4f2ab,2025-08-20
ACCf1582939fc,PAYea7c836065e,2025-12-13
ACCf1582939fc,PAY2c4b8cd84f6,2025-12-13
ACC2290b107db,PAYab3826c0dc,2025-02-28
ACCdc7f0df2ad,PAY28a66b774a,2024-10-24
ACCdc7f0df2ad,PAYf467461b87,2024-10-24
ACC622caeceaa,PAY6dcb0f990e,2026-01-14
ACC4631e0b28a,PAYcb5bc560ea,2026-01-06
ACC5aa920f5ab,PAY557630b32d,2025-05-15
ACC46fd1fc54b,PAY5650c17aba,2026-06-22
ACCe52d502b62,PAYaa026fc74e,2025-01-29
ACCe52d502b62,PAYd20010550e,2025-01-29
ACC569ef7eede,PAY75a9fb5095,2025-07-06
ACC6b6057c7b6,PYc4a6bb4443,2026-08-21
ACC6b6057c7b6,PAY137b1c6076,2026-08-21
ACCd0b945a358,PAY11ef8247ae,2025-10-11
ACC88a8496c9b,PAYb12587bbd8,2025-01-24
ACCddf0a50de4,PAY8b12111b7a,2024-09-26
ACC93961b8a56,PAY7157645184,2024-12-10
ACC93961b8a56,PAY9bf6ebe1c0,2024-12-10
ACCf08fcbcf27,PAY27e237a4df,2024-12-03
ACCf08fcbcf27,PAY766dac55b8,2024-12-03
ACCa651bd22bd,PAY1941204dba,2026-01-20
ACC230372c0fb,PAYbf138eb89,2025-07-25
ACC230372c0fb,PAYef0267d45d,2025-07-25
ACC4c14362aba,PAYc6f4d32965,2025-05-14
ACC9dbab34dba,PAY354507569f,2024-11-16
ACCd91883bdf4,PYA82870a3fef,2024-10-02
ACCd91883bdf4,PAY55b2e7fc8,2024-10-02
ACCbb5755c674,PaY06ff92db9f,2026-03-27
ACCbb5755c674,PAY5e5f964b3a,2026-03-27
ACCb3c1060f39,PAY408005a594,2025-11-17
ACCb3c1060f39,PAY1026b9a4c4,2025-11-17
ACC4bf9425b72,PAY33313dc91f,2025-04-14
ACC648c4ab735,PAYaf13ae5ba4,2026-04-23
ACC2bfefb176c,lPAY939ebfc92b,2025-09-30
ACC2bfefb176c,PAY04a1ce3a9e,2025-09-30
ACCd2125b7d64,PAYccc78e7384,2025-03-17
ACCd2125b7d64,PAY3a50c6ab8,2025-03-17
ACC9c2f4a2e8c,PAYe81d8af4c0,2025-12-14
ACC9198d46259,PAY698886962d,2025-05-23
ACC1aad16e6a8,PAY05a34ad61b,2025-01-12
ACC1aad16e6a8,PAY8fea2c84d8,2025-01-12
ACC2067f7d8ae,PAY65783d8c39,2025-10-09
ACC2067f7d8ae,PAY0fedda6447,2025-10-09
ACCc3b7b49c20,PAYbc82824b5b,2024-12-22
ACC10e5375bca,PAYb662071a06,2025-05-07
ACC10e5375bca,PAY549fc625aa,2025-05-07
ACCf3399e8a18,PAYa086f03f78,2025-10-30
ACCbf9b28f01d,PAY8d2a8343f88,2026-05-19
ACC96288aee8f,PAYb3c3ab3375,2026-05-24
ACC96288aee8f,PAYd6e33fea9,2026-05-24
ACC7315f4a86b,PAYb37ae5982f,2024-10-11
ACCadd76493cf,PAY89ee3f855d,2026-05-05
ACC0c0447833b,PAYf834a5f19a,2026-06-02
ACCfe18c45e87,PAYd633a49fef,2024-11-18
ACCfe18c45e87,PAY1c7852dae1,2024-11-18
ACC18c73abb8d,PAY56936bcdba3,2026-08-29
ACC763fdaa28e,PAY48fb0606f,2024-10-08
ACC763fdaa28e,PAYb96ee0bd0,2024-10-08
ACCa5b82cd38d,PAY7eef414dfd,2025-02-27
ACCa5b82cd38d,PAY1cab871e51,2025-02-27
ACCf730284651,PAYd4df4956b5,2024-09-02
ACCf730284651,PAY3416849E74,2024-09-02
ACCf35e5812d2,PAY61ee350575,2025-01-09
ACCf35e5812d2,PAY4366c39199,2025-01-09
ACC3492a78f12,PAY5579048d05,2025-08-09
ACCac137fe85c,PAY6d02fd6ed2,2026-07-06
ACCac137fe85c,PAYda645901f8,2026-07-06
ACCab40c91144,PAYd7de7396ab,2025-09-22
ACCab40c91144,PAYf20b1267a,2025-09-22
ACC123c96a447,PAY3c9a89fc18,2025-09-16
ACC123c96a447,pAYaa4513c5b6,2025-09-16
ACC7b1614d401,PAYf502034919,2026-03-09
ACC7b1614d401,PAY69b09ff2a5,2026-03-09
ACC53cc221787,PAY15a61e7140,2024-10-07
ACC53cc221787,PAY7756bd12c3,2024-10-07
ACC88bbb04518,PAYaabe9a40a8,2025-05-18
ACC88bbb04518,PAY811573f6e0,2025-05-18
ACC3a3b074abe,PAY6203a9fb01,2025-02-11
ACC03df081764,PAY78bf13beb9,2025-09-22
ACCc702b08aa6,PAY7f1e6a893f,2025-03-18
ACCc702b08aa6,PAY2780c3b230,2025-03-18
ACCc426a96b7d,PAY2dd37d7c90,2025-11-07
ACCc426a96b7d,PAY9f0552cd95,2025-11-07
ACC4db756a7a2,PAYc2f8d47cea,2025-07-13
ACC4db756a7a2,PAY8ee0583217a,2025-07-13
ACCfa07be3bce,PAfY86c65a52cf,2025-11-05
ACCe09917830c,PAY481c5fa4c4,2025-05-09
ACC1d0562e98f,PAY5be36e218d,2025-04-13
ACC1d0562e98f,PAY276aa5e358,2025-04-13
ACCb67612ee31,PAY7ab626ce7d,2025-01-23
ACCb67612ee31,PAYbcd0c04a38,2025-01-23
ACC415c7c7c79,PAYa211c65428,2025-03-28
ACC7c4882f4e9,PAY07b8mafea28,2026-07-30
ACC7c4882f4e9,PAYe46d694f44,2026-07-30
ACC6d2d528343,PAYaa6b816e13f,2025-08-20
ACC6d2d528343,PAY68be15a4b2,2025-08-20
ACCd56832155f,PAYbbc8f80d6c6,2025-09-15
ACC9cc6f1f47d,PAY15eda80446,2024-12-07
ACC9cc6f1f47d,PAYc27a65c57a,2024-12-07
ACCde64bffe74,PAY7c3c43c7ce,2024-11-14
ACCde64bffe74,PA2Y2a341d5e4,2024-11-14
ACCe73b471b30,PAY838e712af2,2025-04-29
ACCe73b471b30,PAY1a4b45b21b,2025-04-29
ACCee3d624308,PAY00819db334,2026-03-26
ACCcdbfbf724a,PAY5498860fc4,2026-07-09
ACCcdbfbf724a,PAY5c6g2873377,2026-07-09
ACCdad78bf0a8,PAYbab0d64d5,2026-02-05
ACC2285e5ec79,PAY0e57ace438,2025-02-23
ACC2285e5ec79,PAYae8a369252,2025-02-23
ACC417cc6a94d,pAY9fee07db3e,2026-01-03
ACC417cc6a94d,PAY722f4ad66c,2026-01-03
ACCfeca6832b2,PAY1039623521,2025-04-16
ACC657ddad25a,PAY818db8b151,2024-10-29
ACC7c94c4bd57,PAYcb079fe1d0,2025-04-24
ACCdea7685889,PAY83e57351fe,2025-08-16
ACC00a58ed66d,PYd0a346d0de,2025-06-17
ACC2970d90a32,PAYb01084cec7,2026-08-10
ACCcf118f323b,PAY686Ef1df52,2026-01-01
ACCdddde4df4a,AYe6fc56a638,2026-03-09
ACCdddde4df4a,PAY16d051a1c8,2026-03-09
ACC29984f3d1a,PAY02f20e2a23,2025-01-06
ACC29984f3d1a,PAY8b9feaee2,2025-01-06
ACCd1b518a92b,PAY3a09b90430,2025-11-04
ACC8fc29a6097,PAYd79f146203,2026-05-11
ACC8fc29a6097,PAYddee7f6ec0,2026-05-11
ACC94e8c68398,PAYd54e2a7c28,2025-12-28
ACC94e8c68398,PAYc6eab886eb,2025-12-28
ACC7359a97502,PAY6ac10aab91,2025-05-28
ACC7359a97502,PAYf266d7b9c5,2025-05-28
ACC38e5f39770,PAYba38c6ffe9,2024-11-12
ACC38e5f39770,PYA0285e678f4,2024-11-12
ACC7af4c6b2a8,PAY6c6c5357a6,2026-08-28
ACCc92ab5a751,PAY6fa8d4db0a,2024-11-03
ACCc92ab5a751,PAYa632b37867,2024-11-03
ACC70a6b1154c,PAY123676ca96,2025-10-02
ACC9d2f7f8b6e,PAYa98951fba5,2025-10-23
ACC61a3445cb7,PAYd15e7c8b14,2026-08-28
ACC61a3445cb7,PAYc0d6780a42,2026-08-28
ACCa3ff46ffc8,PAY64fea4e0bb,2026-01-01
ACCa3ff46ffc8,PAY82d3a5ef4f,2026-01-01
ACC525f8c2926,PAY805f8305f8,2025-06-02
ACC525f8c2926,tPAYdd4ec0c54e,2025-06-02
ACCf57a97a4b3,PAY50e9f619210,2026-01-22
ACC62c7c7bc68,PAY0deF92b2e2,2025-11-24
ACCae3205807f,PAYa0de8577f8,2026-05-25
ACC5a081fac11,PAY786262e5f,2026-01-02
ACC5a081fac11,PAYef0bc5r11ad,2026-01-02
ACCf1ac3456ba,PAY90c69e6fd0,2025-08-17
ACCf1ac3456ba,PAYea109j55135,2025-08-17
ACC1515ac42f9,PAY624c56a5b2,2026-03-02
ACC1515ac42f9,PA0Y009fabf6c,2026-03-02
ACC91295fdde0,PAYcf6c982f4ea,2025-10-17
ACCac4a1552ac,PAYb260f773f6,2024-09-18
ACC2da9a96a52,PAY937d64c5dd,2026-08-19
ACC2da9a96a52,PAY8f429a39c,2026-08-19
ACCb53eef221f,APY7685993f63,2025-03-03
ACCb53eef221f,PAY13f7238371,2025-03-03
ACC0fbda7d040,PAYf457a6ad41,2025-10-13
ACC33b6a5758f,PAYebe9d223289,2025-09-17
ACC33b6a5758f,PAYcf56cbfe83,2025-09-17
ACCa10d3a5984,PAYb41a80594d,2025-03-14
ACCa10d3a5984,PAY06e2f6z1743,2025-03-14
ACC885a6c83c8,PAYf19448f5aa,2025-05-09
ACC4a9bfaed16,PAYc3fabd75ac,2026-07-24
ACC4a9bfaed16,PAY2006224629,2026-07-24
ACCe11f1de551,PAYb00k2d6fe78,2026-04-18
ACCc4aa9f48d9,PAYa978c74c4c,2025-11-24
ACCc4aa9f48d9,PAYbne5ef2c611,2025-11-24
ACC7674528f5f,PAYe7727f380a,2026-06-18
ACCa64e575bc5,PAY06da9315a8,2024-12-05
ACCbe71bb91a4,PAY0a570af81f,2025-12-08
ACCbe71bb91a4,PAY65647fb24f,2025-12-08
ACCd2ed706b4d,PAYc5a6cabcc4,2024-12-13
ACCd2ed706b4d,PAY76e3587edd,2024-12-13
ACCcbcd7f9d8a,PAY705b1f3cc8,2025-11-16
ACCcbcd7f9d8a,PAY636ad4c215,2025-11-16
ACC5960bce654,PAY5860a5d592,2026-08-14
ACCd169877ea5,PAY50f8f7889d,2026-07-03
ACC17b3a88bdb,PAY191a1ac6a0,2026-05-05
ACC17b3a88bdb,PAY7ca0d4563,2026-05-05
ACCafe950ecb8,PAY0be523a5c2,2026-03-12
ACCafe950ecb8,PAYe82a7a7b87,2026-03-12
ACCbdb09d3a26,PaYf43839c45c,2026-08-24
ACCbdb09d3a26,PAY19bp1e3097f,2026-08-24
ACC859971b065,PAYaba189ce15,2025-09-14
ACCdcfe48d66d,PAY45727b68f,2024-11-06
ACC77f7417c16,PAYf1d7dc512C,2025-05-01
ACC869a701812,PAY48394afef,2026-01-25
ACC180497855e,PAYb6ce028fcE,2024-11-16
ACC43594711c8,PAYee5cab2ff5,2025-02-23
ACCad679d8f2a,PAY37449ca9a4d,2025-06-19
ACCc5add5be9b,AY37771fa844,2024-12-22
ACCc5add5be9b,PAY8ce95eb507,2024-12-22
ACCb0b30269ef,PAY25123cbbcc,2024-11-04
ACCb0b30269ef,PAYe8d75ea356,2024-11-04
ACC1fb89202a4,PA0b6890079a,2024-10-03
ACCc497f5169d,PAY1f8c8eaa69,2026-04-04
ACCc7bcbc3f68,PAY306edfae03,2024-10-27
ACC504abe6c24,PAYadd248de85,2025-05-16
ACC6051c365f7,PAY71562033c3,2024-10-10
ACC52d08444fb,PAY8e32c23616,2024-11-23
ACC9a8ffa8684,PAYc8772b357f,2025-05-31
ACC9a8ffa8684,PAY5c7cb5ddca,2025-05-31
ACCdee3a616dc,PAY2878d1ade,2026-06-04
ACC43c85ddbf1,PAYcf543ffa252,2025-08-02
ACC43c85ddbf1,PAY4b8fa93d66,2025-08-02
ACCc7e87c1864,PAY33bd48c3d4,2026-05-17
ACCc7e87c1864,PAYeba32553c9,2026-05-17
ACCfe8acb04cd,pAY8d7fd93e5e,2026-04-04
ACC77a92a1f68,PAY18fdf7029,2026-06-06
ACC475738e73e,PAYdf9Bbb37e9,2025-02-08
ACC08857c562d,PAYcf318d3e5c,2026-03-18
ACC08857c562d,PAY20406e8444,2026-03-18
ACC5ae55ee37a,PAY9dbe2b9018,2026-04-25
ACCecb9d616af,PAY66a1f6c3c8,2026-06-21
ACCecb9d616af,PAY1fc090cbf3,2026-06-21
ACC7d60356bb6,PAY7aba186575,2025-04-27
ACC7d60356bb6,PAY1faBe9cd47,2025-04-27
ACC9ec7b51c39,PAYd265476564,2025-10-08
ACC2cb8d4a9de,PAY6f1cf3ffff,2025-04-28
ACC72b207d644,PAbY126a056cc,2025-02-13
ACC72b207d644,PAY7727dc431f,2025-02-13
ACC9655a2a74c,PAY8663d9f5281,2025-12-21
ACC891c54aa78,PAYe08572b91c,2024-11-12
ACC891c54aa78,PAY9d75265b9b,2024-11-12
ACC450f61bf20,pAYc9712abd46,2026-06-05
ACC93bd2d62c7,PAYe2f1a4e4cba,2026-02-15
ACC93bd2d62c7,PAYe6a562639d,2026-02-15
ACC1e999592bc,PAY1c73c42d9a,2026-07-17
ACC1e999592bc,PAYafa19d7002,2026-07-17
ACC4a650d4bee,PAY18292d4a5a,2026-03-19
ACC4a650d4bee,PAYfffc83b618,2026-03-19
ACC5e0cd3e322,PAYc7b6bb48a3,2025-05-08
ACC5e0cd3e322,pAY94ac150a70,2025-05-08
ACC088a10d976,PAY30c516c92,2025-10-12
ACC088a10d976,PAY38a1151e6d,2025-10-12
ACC4dfe6cfd6f,PAYb1f672a10,2026-01-15
ACCbd111aea62,PAY1b0f47d9c,2025-11-04
ACCbd111aea62,PAY1e21d3b24a,2025-11-04
ACCfafe941613,PAYe88a067f0d,2025-06-04
ACC3c0abd1166,PAY36F5b148eb,2025-08-12
ACC733ebd6663,PAY728d8d9020,2025-12-02
ACC733ebd6663,PAY17df35bf58,2025-12-02
ACCe43b96ca94,PAY618d7457c1,2026-02-03
ACCe43b96ca94,PAYf857890b75,2026-02-03
ACC904a942ebe,APY19ec43497a,2025-06-20
ACCa5db6ec456,PAYf2139788e4,2024-09-09
ACC9e20356b8b,PAY4311461a5a,2025-02-21
ACC9e20356b8b,PAY8b47e14675,2025-02-21
ACC415f93abb9,PAY49a1c9cc56,2025-05-17
ACC211ca30aeb,PAY746fd5dbf0,2025-09-13
ACC211ca30aeb,PAY7bb9a46837,2025-09-13
ACCe6d86706a1,PAYa99f6de559,2025-01-24
ACC7a74f3f518,PAY3622c66084,2025-09-20
ACC7a74f3f518,PAY351080544,2025-09-20
ACCb256f733e4,PAYd121b3c56,2026-08-03
ACCb256f733e4,PAYa771fedf8d,2026-08-03
ACC321fb0cad7,PAY9c070df1b1,2025-11-19
ACCfaf8f0055e,PAYd3bfc9551d,2025-03-31
ACCfaf8f0055e,PAY5998e1fb7e,2025-03-31
ACCac8e2f5679,PAYdd33c346e1,2026-03-07
ACCa8737f5edf,PAY5b5e3e2478,2025-11-18
ACC640b79f3be,PAY49327166c0,2026-06-01
ACC640b79f3be,PAYcBb781abe5,2026-06-01
ACC714d3e9f2f,PAY61840a8890,2025-08-02
ACC714d3e9f2f,PAYaa670781a2,2025-08-02
ACC256431162c,PAY4603b206e0,2025-09-27
ACC256431162c,PAY8df5f47c58,2025-09-27
ACC62cb17e185,PAY24x41e93e8b,2025-06-09
ACCb8ba76f280,PAYedc1488e26,2026-05-29
ACCdcbb0206cd,PAY399e7960f,2024-12-31
ACCec5853754b,PAY7363dd1806,2024-09-01
ACCec5853754b,PAYd62fa48a07,2024-09-01
ACC06f8620929,PAYe705f4abf8,2024-11-13
ACC7f6be34afc,PAY7c7c3ff095,2026-08-29
ACC7f6be34afc,PAYc232e049a9,2026-08-29
ACC536d579f73,PAYd64cfc621,2026-03-27
ACC6fa2372e95,PAYaa51656d2,2024-11-18
ACC6fa2372e95,PAY81f58be7be,2024-11-18
ACC84a400efc8,PAaYeb159bfe6,2026-02-28
ACC0f387c16f4,PAYe629f55808,2025-07-14
ACC0f387c16f4,PAY91a64e935b,2025-07-14
ACCa6bc4480b1,PAY54e24cbeB9,2024-11-09
ACCa3d4612fd1,PAY783fd2ca8e,2026-01-07
ACC946cadcb1e,PAYe59728b04c,2025-03-15
ACC946cadcb1e,PAYbdd2473d4a,2025-03-15
ACC5c65ba1d1f,PAY54g922aed54,2026-01-27
ACC5c65ba1d1f,PAY06b6ab7126,2026-01-27
ACC838bd6820b,PAY2c05c1c238,2025-09-25
ACC838bd6820b,PAY4217hf567f6,2025-09-25
ACC9cb3beaf7e,AY69576281af,2026-02-23
ACC9cb3beaf7e,PAY9c14cf75e0,2026-02-23
ACCa5f1500c62,PAY5ef54c3da9,2024-11-22
ACC42db4ec692,PAY04b68d8afa,2026-06-08
ACC2a46d45ec3,PAY6c21dc8756,2026-02-21
ACC2a46d45ec3,PAY4ba05a418,2026-02-21
ACC21251963d2,PAY8e2961482a,2025-05-14
ACC5dcdfbc7b9,PAYeadc5f3177,2024-12-11
ACC5dcdfbc7b9,AY686bbd7d66,2024-12-11
ACC9f6190f00f,PAY9830fd0a7a,2026-01-06
ACC9f6190f00f,pAYbd283a215a,2026-01-06
ACC1296249c86,PA548ec17ad7,2025-05-15
ACC1296249c86,PAY29d70233c7,2025-05-15
ACCfbb0ed7b45,PAY30c182bb0d,2025-01-17
ACCfbb0ed7b45,PAY44b9dc11bf,2025-01-17
ACC06a29313f9,PAYfc602ad45f,2024-12-15
ACC130b14302f,PAYa16cf3eda2,2025-10-29
ACC130b14302f,PAY21c1fa4965,2025-10-29
ACC4c68d328cf,PAYac39bb3188,2025-06-22
ACC4c68d328cf,PAYdcf7fb9b9a,2025-06-22
ACC7e62bc2c02,PAY14eb401841,2024-11-19
ACCf4ef674a2a,PAY49e4bbc752,2025-02-18
ACCf4ef674a2a,PAYc5e940820b,2025-02-18
ACC356178b05d,PAY6997081d8c,2025-09-01
ACC356178b05d,PAY7f3afad4e5,2025-09-01
ACC220f77dd8d,PAY6ebf3effee,2025-07-07
ACCb6baf71ea8,PAY8647df737a,2025-07-17
ACCb6baf71ea8,PAY0d64f8bdc4,2025-07-17
ACC328dd5ca69,PAYc2d6b1fbf1,2025-07-29
ACC328dd5ca69,PAY8269293866,2025-07-29
ACCd47e9fb8eb,PAYcf710e5233,2025-07-17
ACCd47e9fb8eb,PAY476ebfc102,2025-07-17
ACC4e8de39373,PAY923ff9d5c7d,2025-03-24
ACC8dc2b7c1d0,PAY95118ca467,2026-02-10
ACC8dc2b7c1d0,PAYb96336b4e6,2026-02-10
ACCd9119dc5d6,PAYf43b919a6d,2025-05-15
ACCb8b8e39b93,PAY6bc4633fd9,2026-07-04
ACC8cb84ff3b2,PAYb2406006f5,2025-07-11
ACC8cb84ff3b2,PAY8b8e7c5780,2025-07-11
ACC419013afd8,PAY811b6e9125,2026-08-16
ACC419013afd8,PAYb5cw748f310,2026-08-16
ACCbea7b3b6c1,PAY6b4ff3584d,2026-07-12
ACCcceaa35a18,PAY186a7798b1,2026-01-19
ACCcceaa35a18,PAY310dd80bfe,2026-01-19
ACC2188ce0b82,PAY77d53309b2,2026-08-25
ACC62bd7bcefc,PAY94da2d89bb,2024-12-25
ACC62bd7bcefc,PAY7a98588430,2024-12-25
ACC2fbdd14de2,PAY329ea59180,2025-10-28
ACC2fbdd14de2,PAYb481c336ff,2025-10-28
ACCcc8ebcae23,PAY63ffdb8a21,2026-07-24
ACCcc8ebcae23,PAY213ba628ad,2026-07-24
ACC1094a8c1b7,PAY470f8154ma4,2025-10-17
ACC1094a8c1b7,PAY372525f335,2025-10-17
ACCe29ed274a5,PAY871c9d7c5d,2026-04-28
ACCe29ed274a5,PAY1be593c21b,2026-04-28
ACC227350ba69,PAY045eff4165,2025-10-08
ACC227350ba69,PAYae87e318e1,2025-10-08
ACC0026875180,PAYeab3a2e0f4,2026-07-31
ACCd028c51ed4,PAY74389ce5a9,2025-04-29
ACCd40d5fffab,PAY2853920108,2025-10-05
ACC1011d94f3d,PAY75b8e86b99,2026-02-05
ACC1011d94f3d,PAYfa0ec3cae5,2026-02-05
ACC74baf4ca82,PAY891a2832d5,2025-02-25
ACCe1b7465603,PAY34b2c6ee54,2025-09-09
ACCe1b7465603,PAY192b9bdv9b4,2025-09-09
ACCed210b5001,PAYb552c9a7e0,2025-02-13
ACCed210b5001,PAY8df5517f98,2025-02-13
ACCaaa7f80e89,PAY0377893317,2025-10-06
ACCaaa7f80e89,PAY4d1685863,2025-10-06
ACC23d1943de6,PAY4374bb7517,2025-09-23
ACC4d56d27fd8,PAY63dad1c8c4,2025-12-11
ACCe861c72c4d,PAY7fd86be93e,2025-10-31
ACCe861c72c4d,PAY1b7df39dea,2025-10-31
ACC84204808c9,PAYF8b97177b0,2025-01-27
ACC84204808c9,PAYdf4d1257cd,2025-01-27
ACC45702efb84,PAY28b57ea4fc,2026-03-15
ACCd6bf52fc2a,PAY22a58c2358,2026-05-01
ACC1c232e249c,PAYd626c9c6b1,2025-03-20
ACC1c232e249c,PAYdd927a8a91,2025-03-20
ACCc9b9761713,PAY8745dd253,2026-05-12
ACCb421c9d4cc,PAYdF2bc837f9,2024-10-22
ACCb421c9d4cc,PAY69d2f2d9c2,2024-10-22
ACC73ca9928b3,PAY99033f8bf3,2025-11-24
ACC73ca9928b3,PAYa0af7a4171,2025-11-24
ACC041a5a4989,PAYfd12418244,2025-10-25
ACC041a5a4989,PAY553c79ca22,2025-10-25
ACCca32f521e5,PAYed6dc5202d,2025-12-25
ACCca32f521e5,PAYa6064a1baf,2025-12-25
ACCc5f10caa73,PAYf0ec7984a6,2026-05-27
ACC04a02cf577,PAYf911925ae4,2026-03-08
ACC04a02cf577,PAY9c3a410d4b,2026-03-08
ACCa3d284d22a,PAY8a91c5229,2025-06-05
ACCa3d284d22a,hPAY9635bb59ce,2025-06-05
ACCa06610db8c,PAY19306a3132,2026-02-26
ACCa06610db8c,PAYd4bdc5363a,2026-02-26
ACC5484f805ac,PAY27cb485bfb,2026-04-08
ACC5484f805ac,PAY03ea147681,2026-04-08
ACCbcebc8ab2b,PAYeafebc99a8,2026-03-10
ACCbcebc8ab2b,PAYd2cee7b703,2026-03-10
ACC9ce6f8e5e9,PAY9C9b1e80c5,2025-05-07
ACC9ce6f8e5e9,PAY752Fd5f982,2025-05-07
ACC22bfc56002,PAYf79c27f83c,2025-06-07
ACCdc54bc6caf,PAY6787dc9c0c,2026-08-22
ACCdc54bc6caf,PAY1e7cbEe072,2026-08-22
ACC81d6b6c273,PAY6dadd6faac,2024-10-07
ACC81d6b6c273,PAY553a3e0cc9,2024-10-07
ACCe46326de83,PAY473a277909,2026-07-26
ACCb6c4248f2b,PAY3d4fad43c1,2025-08-21
ACCb6c4248f2b,PAY034a1ad72e,2025-08-21
ACCf372ae0e29,PAY031f94abae,2025-12-30
ACC9664875af8,PAYc29a48ee6b,2025-05-27
ACC807a358d2a,PAYa7e14f4b5,2025-07-11
ACC72078ff6fb,PAY0789dbdc23,2026-02-28
ACC8833793f39,PAY18c0055494,2026-06-18
ACC610bc7c649,PAY74b1bede2c,2025-04-12
ACC610bc7c649,PAYdc5f75efe5,2025-04-12
ACCef49637315,pAY76efcf2f2f,2025-11-03
ACCc5cb477587,PAYd04e51d4dc,2026-02-16
ACCc5cb477587,PAY4ddc249160,2026-02-16
ACCb2a76dfee2,PAYdd76a02723,2026-05-24
ACCb2a76dfee2,PAY08a8761d2c,2026-05-24
ACCb2624ec6ca,PAYfb0084384,2024-11-01
ACCb61aa99e28,PAY660d216f5a,2025-10-31
ACC643988a6db,APY5e8fb51f81,2025-06-17
ACC456475be0a,PAY45c465eb72,2026-02-13
ACCff59603417,PAY247fa9deca9,2026-04-28
ACCff59603417,iPAY81a1860f0c,2026-04-28
ACC2d719b853d,PAY3e291375bf,2024-10-23
ACC756f16c81f,PAYef1cb66b9a,2026-06-06
ACC756f16c81f,PAY9cF0080807,2026-06-06
ACC7df376b98d,PAY3a2dfb43c3,2026-05-24
ACC7df376b98d,PAYe5efe8b09a,2026-05-24
ACC45a1dbd0f5,PAY218a8adc93,2026-06-07
ACC83f500c014,PAYe4eb7ed268,2024-11-21
ACC83f500c014,PAY487c0fcb58,2024-11-21
ACC75ab5f5a71,PAYbac0743b5,2026-04-19
ACC75ab5f5a71,PAY2045bc2197,2026-04-19
ACCb19f49ca7f,PAYf29590c705,2024-12-19
ACCb19f49ca7f,PAYa72c11ebe9,2024-12-19
ACCc8ee153747,PAY6733313c686,2025-05-12
ACC9a832e2b76,PAY60a1ef3203,2025-02-11
ACC2b7aed5c19,PAY655454a91,2025-02-03
ACC2b7aed5c19,PAY01b05c773f,2025-02-03
ACC5d711ab182,PAYb3be005556,2026-01-29
ACC5d711ab182,PqAY52974bfc83,2026-01-29
ACC99b5c90330,PAY3706557e6,2026-08-24
ACCd32213c769,bPAY254ba9ef7d,2026-03-28
ACCac195060f8,PAYfb03cc668,2026-01-05
ACCac195060f8,PAYb9a2f0875a,2026-01-05
ACC148bd10f46,PAY124878137f,2026-02-23
ACC4e6a8632ab,PAY500ea68fba,2025-04-26
ACC4e6a8632ab,PAYdeea3930bd,2025-04-26
ACC92fae95149,1PAY022056a1af,2025-01-13
ACC92fae95149,PAY282f6ahac93,2025-01-13
ACCeee96698fd,PAY4d5693b257,2026-05-27
ACCc895395dcc,pAY566508fa66,2026-06-12
ACCc895395dcc,PAYdc400e83e6,2026-06-12
ACCbce432b079,PAY5d4c272ea,2026-05-17
ACC6f56c54852,PAYb95125b0d3,2025-03-15
ACC70c905e98a,PAY8ea9ceb38d,2025-11-19
ACCe40bdcfdaf,PAYa0b9cd2305,2026-04-08
ACCe40bdcfdaf,APYaccd6e0d31,2026-04-08
ACCc7b0b580a7,PAuY8328d4eaa9,2026-03-21
ACCc7b0b580a7,PAY69b3a088b7,2026-03-21
ACC4e7fb0f479,PAY5f42e02c07,2025-08-21
ACC4e7fb0f479,PAY8652ec746f,2025-08-21
ACC9c154a2f79,PYA62f794f1db,2026-08-30
ACC827a32a684,PAY2239d6921,2026-05-14
ACCd0177ffc07,PAY1c82766c19,2025-08-04
ACCf492d6b1ed,PAY031a8bc07a,2026-05-21
ACC6b604d824a,PAY2c4b5ef2a,2026-08-20
ACCa40d81fb91,PAY9d2b8176d21,2026-03-20
ACCb2ec15e415,PAY9c611fd1c2,2024-11-15
ACC2127f7cf3c,PAY283f45ff0c,2024-12-06
ACCa41f0870b9,PAY77fba4e4a4,2024-09-05
ACCa41f0870b9,PAY622a26c6e1,2024-09-05
ACCba052f3a61,PAYb9ac492b07,2025-08-22
ACCba052f3a61,PAY95f84030aa,2025-08-22
ACC29d70fd84d,PAYc5d6961199,2026-08-18
ACC29d70fd84d,PAY4a1f332f8,2026-08-18
ACC76d405e017,PAY7ddaa86d47,2025-09-04
ACC85ba812c91,PAYg2d9ab18aac,2025-04-22
ACC85ba812c91,PAY62486aa1dd,2025-04-22
ACCdb9d24d221,PAY564c76db76,2026-02-11
ACC4738641899,PAY338a349df9,2024-12-06
ACC4738641899,PAY6e39822c9c,2024-12-06
ACC8e2e335d1c,PY6001b5a9e7,2025-11-13
ACC5c9253e0e1,PAY8fE2c11ed7,2025-06-28
ACC959abc2db9,PAY57310a52190,2025-02-10
ACC959abc2db9,PAYaf22b3d96c,2025-02-10
ACC7cd140b475,PAYd40c202f6,2024-12-25
ACC7cd140b475,PAY03b2650cc4,2024-12-25
ACC9d18913153,PAYc6edc3203e,2025-05-02
ACC9d18913153,PAYdca614228d,2025-05-02
ACC8348c1f6f0,PAY591a5deE5f,2026-08-05
ACC9d005feacf,PAY3d31361a9b,2026-01-15
ACCe0cbe0d8ce,PAY01c8w5e944f,2026-03-08
ACCe0cbe0d8ce,PAY3b99144c9e,2026-03-08
ACC7d0c2c52d8,PAYbc6b19f4e7,2025-08-29
ACCf14f4a5e6b,PAYwfc713dc2bf,2025-07-31
ACC037cf44539,PAY18ec390cd6,2025-09-27
ACC037cf44539,PAY05ae9r90aca,2025-09-27
ACC394ac77131,PAY49208e33a0,2025-08-20
ACC394ac77131,PAY6baac7c965,2025-08-20
ACCc2a42b47b9,P5AY7a1427b389,2026-02-27
ACC667c99883b,PAY70b350da48,2026-01-14
ACCe0f282270d,PAYdwbc8090a9d,2025-05-30
ACCe0f282270d,PAY351e3d1edb,2025-05-30
ACC8d694d24ae,PAY11743fdacb,2025-12-23
ACC983570d366,PAY4ef14ce30f,2026-07-29
ACC983570d366,PAY903bd6e9db,2026-07-29
ACC081b37517d,AYa472fe2816,2024-10-04
ACC8fbf7db164,PAYf18ff328b9e,2025-04-22
ACC8fbf7db164,PAY0874366025,2025-04-22
ACCf9fe457d08,PAY444c0c3cda,2025-10-07
ACCf9fe457d08,PAY2055932bbb,2025-10-07
ACCd6994c50ed,PAY41e848525d,2025-10-30
ACC15bae6a17c,PAY8486d0510f,2026-02-01
ACC15bae6a17c,PAYf634fc3887c,2026-02-01
ACCd749b61000,PYAa6be734bff,2025-12-17
ACC12accf07e8,PAY0c560ea190,2025-02-17
ACC822fccccc8,PAY671c00719e,2025-02-26
ACCeda93f16e6,PAY63edf4d0b1,2025-12-20
ACC0309596c75,PAY6e805e2f48,2026-08-28
ACCabd32861c2,PAYdb1159q49f8,2025-04-08
ACCabd32861c2,PAY956a19ba80,2025-04-08
ACC57955a9498,PAYec831cd3d3,2025-01-28
ACC57955a9498,PAYda125d8d62,2025-01-28
ACC4eab5112d9,PAY80f5502646,2025-10-13
ACC4eab5112d9,PAYaa1ey8c5152,2025-10-13
ACCdac493e8e6,PAY856e471c8d,2026-05-06
ACC079ae301ab,PAY5ad25dbfcf,2025-08-06
ACC079ae301ab,PAYe810a64f29,2025-08-06
ACCf9f4ca0b08,PAY7c3b0e48a2,2025-06-10
ACCedd068c7be,PAY146cf3214a,2025-11-20
ACCfb86fbd5d9,PA21e9c7c3a9,2026-01-03
ACCfb86fbd5d9,PAY7fd4c63bd2,2026-01-03
ACCf4430fa202,PAYa930c3a95,2025-02-01
ACCf4430fa202,PAYcc71470d9,2025-02-01
ACC4d0071a1fc,PAY530064a42,2026-03-29
ACC7551bbd65e,PAY43e05d98bd,2026-07-31
ACC00c6881bde,PAYa630cd64b9,2025-07-16
ACC00c6881bde,PAe0c622be33,2025-07-16
ACC6af4d90ba2,PAY0dd68ccbc4,2025-10-20
ACC6af4d90ba2,PAY1545883d48,2025-10-20
ACC40a8f4c915,PAYf3f6eba552,2025-05-23
ACC40a8f4c915,PAY947c77a49f,2025-05-23
ACC45ad05d221,PAY1104edcdaa,2025-11-05
ACC45ad05d221,PAY001e521554,2025-11-05
ACCb54be4e849,PAY3c5a84070,2026-01-10
ACCb54be4e849,PaYb6e0af5be3,2026-01-10
ACC852c9c7e10,PAbYd2ea43a2d,2024-11-06
ACCdef2555e69,PAYd7912763e,2025-10-16
ACC0b532da391,PAYa0396a8c86,2025-12-20
ACC0b532da391,PAY7cn35376055,2025-12-20
ACC1bccc41a3b,PAY611de3baf0,2025-05-03
ACC1bccc41a3b,PAY31c4fbaa0d,2025-05-03
ACCe66722f316,PAY814840tb1d1,2025-09-01
ACCa2107c0c3f,PvAYe3ee94304a,2026-02-03
ACCa2107c0c3f,PAY3126252314,2026-02-03
ACCe0f8c9168c,PbAY17dc153cfa,2025-10-10
ACC18e681003a,PAY8c3872cbc3,2025-09-19
ACC8952911e29,PAY372eea66c1,2025-09-04
ACCe5347635d1,PY42bd435f41,2025-01-26
ACC547c471906,PAYdd5F7c2d2c,2026-03-24
ACC547c471906,PAY2e818be0j01,2026-03-24
ACC89fd1a8027,PAY892dec113,2025-12-21
ACC89fd1a8027,PAYd5212ab1ce,2025-12-21
ACC4534776038,PAYf3c9402eea,2026-08-26
ACC4534776038,PAy46711688a4,2026-08-26
ACC3938eeea99,PAYf1f5d0f3fc,2026-01-19
ACC76087992ce,PAY5fa6ad2d6,2025-11-02
ACC76087992ce,PAY9e5d130d7bc,2025-11-02
ACC2588eae447,PAYb50ea3f29f,2025-05-26
ACC49d0ed46c7,PAY4b1c5dd0a,2026-02-05
ACC49d0ed46c7,APY72bffc490b,2026-02-05
ACC662c457f3e,PAYaacbdb65fd,2025-01-13
ACC662c457f3e,PAY97207bfd29,2025-01-13
ACC525b46ac3a,PAY286d33967f,2025-01-04
ACC525b46ac3a,PAY92127b197f,2025-01-04
ACC6aa74d8bac,PAYff93404e74,2025-10-15
ACC6aa74d8bac,PAY6789b966e,2025-10-15
ACC792073d2ea,PAY7c964d4c3,2025-05-05
ACCd1e4f331cb,PAYb966726e83,2026-06-10
ACC135ed56001,PAYb5aba7db05,2026-05-10
ACCdd9a38bf3f,PAY6cb0a373c9,2025-11-29
ACCeb7797125d,PAY5991b24b05,2024-10-01
ACCeb7797125d,PAY48a0f72c9,2024-10-01
ACC1377655fe5,PAY47b65a4f6A,2026-06-20
ACC1377655fe5,PaY5860e616a5,2026-06-20
ACCbd4ec08811,PAY971b312acd,2026-03-15
ACCf0066c325e,PAYe295a2123a,2025-01-04
ACCf0066c325e,PAY632afr451db,2025-01-04
ACC243a456fd8,PAYe85f83816e,2026-01-04
ACC678f28c3d0,PAY1babfcb568,2026-08-06
ACC4ebebb0447,PAY3f96971c79,2024-09-06
ACC4ebebb0447,PiAY02f65c57ba,2024-09-06
ACC4bb38de80f,PAY3d4eaa6868,2026-04-24
ACC4bb38de80f,PAY5de2541911,2026-04-24
ACC99aaccc0db,PAY9be8ca5f18,2025-02-17
ACC99aaccc0db,PAY42fd0ab45f,2025-02-17
ACCdbfa2c86ec,APYd2b6b38d77,2025-12-14
ACCdbfa2c86ec,PAYd003a03d57,2025-12-14
ACCbf1d73d459,PAYf8ebfbc59if,2026-03-25
ACCbf1d73d459,PAY1340c469b7,2026-03-25
ACCb6fbdad10b,PAY35709a7c8,2026-08-10
ACCb6fbdad10b,PAYe573db1c32,2026-08-10
ACC235e5a0b9b,PAY259c6d2a9f,2025-12-11
ACCccbf9637d3,PAY3e60b7eb0b,2026-06-07
ACCccbf9637d3,PAY10aa648635,2026-06-07
ACC63dbbf1a82,PAYb9D1c06b1a,2026-08-15
ACC24261d44c9,PAYfcbb89c3c3,2024-11-15
ACC24261d44c9,PAYf8ac635e15,2024-11-15
ACC8186ff366d,PAY13020f469e,2024-10-17
ACC57cc36c79b,PAY716f667630,2025-08-03
ACC57cc36c79b,PAY58fe67fd43,2025-08-03
ACCa8c7a1073a,PAY054b44cEde,2025-08-04
ACCa8c7a1073a,PAY5c3bced4a,2025-08-04
ACC1aa937dc74,PAYd13a67cff52,2026-07-29
ACC1aa937dc74,PAY2018ab882a,2026-07-29
ACCe6f97f44d0,PAYdd1f234810,2025-08-02
ACCa63be6d43c,PAY7336eba15e,2026-05-23
ACCd5ce39648e,PAYded03fc09,2024-12-28
ACC349dccac1f,PAYe5345fd466,2026-06-03
ACCe4388c82bf,PAYb2219ec938,2024-12-08
ACC4c9ac6c8f9,PAYdlf44356739,2026-07-29
ACC37c32b5cbd,PAYcb84aeb125,2026-06-27
ACC37c32b5cbd,PAY5de20ff8e,2026-06-27
ACC5990b6b5d8,PAY99b4908748,2026-08-12
ACC5990b6b5d8,PAY95cf42880e,2026-08-12
ACC5862d02b55,PAY7894804fa0,2026-07-09
ACC5862d02b55,PAYa131357127,2026-07-09
ACC86b5de7097,PAYd2f4c811g20,2024-12-07
ACCdc7dab298f,PAYaa9e484d3a,2024-12-01
ACCdc7dab298f,PAYc348c52e3,2024-12-01
ACC119e8bf8cf,PAY9dd22580ab,2026-01-03
ACC119e8bf8cf,PAY1579fbd1bf,2026-01-03
ACCa3145428fd,PAYccb53ad9ce,2026-06-29
ACCa3145428fd,PAY95b4x3176fb,2026-06-29
ACC86565d7204,PAY1f6154300e,2025-07-07
ACC86565d7204,PAY998ec9886b,2025-07-07
ACC8722b21242,PAY06fed9efd5,2025-07-28
ACCabe2ad7bea,PAYbbf5a328eb,2026-07-29
ACCabe2ad7bea,PAY3bb1dfefab,2026-07-29
ACC5448de7c33,PAY138d93c570,2024-10-05
ACCf5e43e9fa6,PAYa80332a435,2026-01-20
ACCd3678904aa,PAY5870f6b3ca,2026-08-03
ACCd3678904aa,PAY740ec0435d,2026-08-03
ACC64f391996f,PAY2f0dc86ae9,2025-07-07
ACC8faa86e390,PAYf07f94ece0,2025-06-21
ACC56f5d137c0,PAYff8d3b8a24,2026-05-12
ACC56f5d137c0,PAY02ef284Ccd,2026-05-12
ACC0428758d80,PAY0709c0ece3,2025-09-03
ACCae0cc5f587,PAY8326820Cfa,2024-11-07
ACCbc763a6742,PAY9bf14417d8,2026-05-23
ACCbc763a6742,PAY61133b8829,2026-05-23
ACC61e3e150e8,PAY829e8e5b73,2024-10-01
ACC61e3e150e8,pAY5c7189917a,2024-10-01
ACC4f811334eb,PAY62c1cd0ee2,2025-04-30
ACC1d3e1595b2,PAY9e16b822ee,2025-10-14
ACCa900899271,PAY32d39fb362,2024-10-26
ACCa900899271,PAY85759280a0,2024-10-26
ACC3020105baf,PAY27dbd27bb,2024-09-13
ACCc137c30171,PAY142b06d288,2024-09-11
ACC713f11525b,PAYbf68f1b167,2026-08-12
ACC8966740a80,PAY8885ea416,2025-01-18
ACC9d5d5380e0,PAY600f9f2962,2026-01-09
ACCe6f2ff404f,PAY1a7a93b96f,2026-05-16
ACCe6f2ff404f,PAY6b293dc50d,2026-05-16
ACC2a6a1c1525,PAYc74b0dd41b,2025-01-28
ACC7a62723890,PAY5d965f16cc,2025-06-09
ACC32233dc374,PAY1622dd64cd,2026-01-29
ACC32233dc374,PAY4e619dd5f6,2026-01-29
ACC861c5818bc,PAYab327bcb78,2026-01-10
ACC861c5818bc,PAYbec1b8b158,2026-01-10
ACCec13947bf9,PAY786632618b,2025-03-02
ACCec13947bf9,PAY4271e3e5c,2025-03-02
ACC71938c2f1a,PAY033f8e02c0,2025-08-30
ACC71938c2f1a,PAY641f724925f,2025-08-30
ACCaf93c25074,PAY9d94e42ca4,2026-06-10
ACC136dc7d620,PAY30cdcb6997,2024-11-13
ACCce49da584f,PAY0ba74f25ca,2026-05-25
ACCce49da584f,PAY33788b3d61,2026-05-25
ACC78193ad682,PAY8e81c01b6,2025-04-15
ACC78193ad682,PAY66f2b68587,2025-04-15
ACCaea5bc81f5,PAYb99b910a72,2025-09-24
ACC86964b881e,PAY830df3510,2025-03-19
ACC86964b881e,PAY0728d401b9,2025-03-19
ACC83ac00bdda,PAYa168b0b40,2024-09-14
ACCf16bc95512,PAY1afa397ee4,2025-03-22
ACCf16bc95512,PAY8be290b287,2025-03-22
ACC9a0c63732e,PAY352348bbdf,2025-08-13
ACC9a0c63732e,PAY298cc67789,2025-08-13
ACC9e8d873c33,PAY0b3babf593,2026-08-29
ACC9e8d873c33,PAY48dbfd0e55,2026-08-29
ACCdb959cb592,PAYd85c0642b3,2025-02-06
ACC291d69b0c5,PAYb2455172e5,2025-04-11
ACC291d69b0c5,PAY856ebb2fe7,2025-04-11
ACCd1bacaa373,PAY62b49303b2,2024-09-29
ACCd1bacaa373,PAYac45656f51,2024-09-29
ACCfdb50fa679,PAYc53827b9f9,2025-12-03
ACCfdb50fa679,PAY0fb72f9d55,2025-12-03
ACC6467d0f821,PAY16c0086dc1,2026-07-13
ACC6467d0f821,PAY8e975ab0bf,2026-07-13
ACC1e5a1479ca,PAY63fe9619da,2026-04-24
ACCf5ad0616da,PAY54d92y7606d,2025-09-14
ACCf5ad0616da,PAY91cf2b2264,2025-09-14
ACC63932adef0,PAY3e867f4dc6,2026-04-13
ACC6fb77d50b6,PAY89a884fb54,2025-07-14
ACC6fb77d50b6,PAY9040de19ec,2025-07-14
ACC3b852cc130,PAYa5a03e4af3,2025-02-16
ACC3b852cc130,PAYf0ba2cf7b5,2025-02-16
ACC807f9e50dd,PAY4c78114302,2026-01-18
ACC3aa0a87fa6,PAY60a8d4bb53,2026-07-04
ACC3aa0a87fa6,PAYf1be312f8d,2026-07-04
ACC90534ecb8d,PAYe5cbb86df0,2025-11-07
ACC0179bf1079,PAY39873b8405,2026-05-15
ACC1cf8b2f5ea,PAYa52a888324,2026-04-11
ACCb17ba4d145,APYe95d18a266,2026-07-20
ACCb17ba4d145,PAY81a0d221e7,2026-07-20
ACCd7f58f8000,PAY24d1705679,2024-12-04
ACC7a744a3676,PAY4a3307d10,2026-04-11
ACC7a744a3676,PAY33ca4e0d4a,2026-04-11
ACCff913cb6d1,PAY133a55910,2026-04-25
ACCf6efab0993,PAYcd2670d2e8,2025-11-25
ACCc3eb2ce5cc,PAY342888bb04,2024-10-03
ACCc3eb2ce5cc,PAY36b09cfd80,2024-10-03
ACCad0aabdcb7,PAY57b6529109,2024-11-02
ACCad0aabdcb7,PAY5427b9917d,2024-11-02
ACC7677876421,PAY090418f1f7,2025-04-05
ACC7677876421,PAY21655ca70,2025-04-05
ACC8cf8271d11,PAYf56ae662a0,2025-01-27
ACC8cf8271d11,PAYeb55ece434,2025-01-27
ACC47d371489a,AY6ee8e8014b,2025-05-08
ACC47d371489a,PAY09aa7d6525,2025-05-08
ACCbf30de3102,PAYb92aa3e199,2024-11-08
ACCf24023d8e3,AY856d24c4a4,2025-06-16
ACCf24023d8e3,PAY33658aa3f9,2025-06-16
ACC60804f9aea,PAY567f07e61a,2024-12-06
ACCa97a5c5800,PAY0f3c02eb8c,2026-08-26
ACC0636c8517a,PAY3b4bba7370,2025-02-16
ACCecd19f1a34,PAya984230866,2025-06-03
ACCb1a371a834,PAYc609d8808e,2025-08-21
ACC9cb0ff35b8,PAYd26ecf901,2026-04-25
ACC231609cf56,PAY449eed4e79,2025-06-20
ACC231609cf56,PAY3b087d9b50,2025-06-20
ACC77dda92d38,PAYc2948fc1de,2025-09-03
ACCe02c831d8f,PAY1147c683e3,2025-08-12
ACCe02c831d8f,PAYa1acb0dc0,2025-08-12
ACC08deb9632d,PAY624fbf1b22,2025-04-06
ACC08deb9632d,PAY3d18e1a4fe,2025-04-06
ACC41051672b0,PAYdfbb29e2f4,2025-04-27
ACC983a0a3f0a,PAY941693d7fd,2025-02-08
ACC983a0a3f0a,PAY90d543f3ba,2025-02-08
ACC06ecd51247,PAYf37ed93ea9,2025-06-21
ACC06ecd51247,PAYf97a421c0a,2025-06-21
ACCf52f8f9556,PAY771c75556e,2025-05-31
ACC500cc26114,PAY85a26f12e68,2025-07-26
ACCd0b6878a59,PAYa61da28c25,2025-12-15
ACC1bd5d1da95,PAY43523ce493,2026-06-26
ACC1bd5d1da95,PAY799a10c895,2026-06-26
ACC70049ffb68,PAY40b40df4637,2026-08-12
ACCc90165bf59,PAYd01a86a162,2025-05-14
ACCc90165bf59,PAY03ad3908cf,2025-05-14
ACCd26db41454,PAY456d125127,2026-01-16
ACC7636cf459c,PAYc2411bb91f,2026-07-19
ACCa58fda4dbf,PAY6c426d7fb5,2025-08-10
ACCa58fda4dbf,PAY9530dc9076,2025-08-10
ACC706bc03aec,PAY4tf61e4fde4,2024-12-06
ACC706bc03aec,PAY628Ef047a7,2024-12-06
ACCe3e2952cdc,PAYe8dbb43b1f,2025-05-21
ACCe3e2952cdc,PAY75d9953c2b,2025-05-21
ACC5481867383,PAYe1bbd5676c,2025-08-09
ACCc4accd8ad9,PAYdc1f2d81c7,2025-07-08
ACCb058ed6c7a,PA3Y2d1a16121,2025-11-19
ACCb058ed6c7a,PAY7b060a0ee6,2025-11-19
ACCe0e73c28f6,PAY1802c15780,2025-12-11
ACCe0e73c28f6,PAYab785c02cd,2025-12-11
ACC44bd47df89,PAY699a4b29e2,2026-08-04
ACC745a8b21b7,PAYf39885fe61,2026-05-16
ACC9197f264b7,PAY8ga446ac4b6,2024-10-09
ACC9197f264b7,PAY77736aae8f,2024-10-09
ACCfa31b50967,PAY8f42c65a31,2024-12-21
ACC98192b221b,PAY93adb3fd16,2026-05-06
ACC98192b221b,PAYf29f110625,2026-05-06
ACC415ab6e6b1,PYAc917695f64,2024-12-16
ACC90565df802,PAY2302e1e2d2,2025-02-04
ACC8b42e92e38,PAYfc5830c7c6,2026-02-03
ACCa376bfb9a7,PAY3bb6ea500,2025-01-14
ACCa376bfb9a7,PAY1054b745aa,2025-01-14
ACC2e4b1128eb,PAYw159acb28a5,2024-11-12
ACC2e4b1128eb,PAY3e6d7ec1e5,2024-11-12
ACC845553928b,pAYa50b8f6ffe,2024-12-05
ACCe0cfebd758,PAYad8ccf5f74,2024-12-07
ACC43eb5c78ce,PAYb5ad717d5f,2024-11-18
ACCea691a12a1,PAY2d5a05f7f9,2025-04-13
ACCea691a12a1,PAYd6fe46f08c,2025-04-13
ACCffd283a665,PAY731f5bcf80,2026-05-14
ACCffd283a665,PAYc80e0b1741,2026-05-14
ACCe597986f69,PAYe9acd89f81,2025-01-26
ACCd965f4d5ea,PAY592991457e,2024-11-14
ACCb456d697b2,PAY676577c11c6,2025-12-10
ACCb456d697b2,PAYda831f6d2d,2025-12-10
ACC9cfd7795f8,PAYe3dedf585a,2025-08-12
ACC9cfd7795f8,PAY89727263a0,2025-08-12
ACC5664cb25d2,PAYc54ca3d5de,2026-06-15
ACC7ed9c1b280,PAY48e923fe82,2025-05-28
ACC7ed9c1b280,PAY1cbea5e5ec,2025-05-28
ACC00e6765318,PAY7f509055c,2024-12-31
ACC7cf2d3336b,PAY22ef41ad6f,2025-05-16
ACC7cf2d3336b,PAYb2c6b77e8c,2025-05-16
ACC6213752e0d,PAYe2be72ee7b,2024-10-03
ACC82a80ae1a1,PAY939634398b,2026-04-09
ACC88e5d81bef,PAY8da36d1da2,2025-04-29
ACC88e5d81bef,PAYc7a01e687a,2025-04-29
ACC520e8bcc38,PAY979eadf9ec,2024-09-10
ACC520e8bcc38,PAY56ecffe812,2024-09-10
ACC87a3583516,PAY5h7da83fb3f,2024-10-10
ACC87a3583516,PAY5773810b3e,2024-10-10
ACC4f7f02c823,PAYc4126299e3,2025-10-06
ACC4f7f02c823,PAYd4d4f5867f,2025-10-06
ACCfcd05dfcdc,PAYcccA7c205d,2026-05-10
ACCfcd05dfcdc,PAY90f7a112bc,2026-05-10
ACC568d0e43f9,PAYaa2ccc9c58,2025-12-07
ACC568d0e43f9,PAYdf0551faf0,2025-12-07
ACCef78ee24db,PAY4f7afd51c8,2026-02-14
ACCef78ee24db,PAYa87cf1041,2026-02-14
ACC180ee61df7,PAYe401d2e318,2026-07-29
ACC180ee61df7,PAY200d5c509e,2026-07-29
ACCe6e51f99a5,PAYb10d7472ce,2025-06-21
ACCe6e51f99a5,PAY3f2466abdb,2025-06-21
ACC5105892a11,PAY4c32091086,2025-08-15
ACC5032f92939,PAY6628ee9a36,2025-06-05
ACC3f8838126c,PA2Y3d2bc8cbd6,2026-07-19
ACC4da60dbae5,PAYf075123082,2026-03-17
ACC4da60dbae5,PAY47d19c2dd9,2026-03-17
ACC76041a95c3,PAYff3e127f17,2026-06-15
ACC76041a95c3,PAY8d70aF051c,2026-06-15
ACCc7a1562484,PAY9705077b98,2025-05-08
ACCc7a1562484,PAY54adbb87fc,2025-05-08
ACC1e84c606b2,PAY90db08f86c,2025-10-07
ACC98b638f622,PAY14457065r8a,2026-05-16
ACC98b638f622,PaY7f48b19c65,2026-05-16
ACC55dd8e5ef0,PAY2b680cede9,2024-09-06
ACC3c2130fd92,PAY1a6fb12751,2024-11-03
ACC3c2130fd92,PAY9d7b0k9a8f5,2024-11-03
ACC6ea00e4fa4,PAY5234f8879a,2026-04-21
ACC0216f3962d,PAY565f6525D6,2026-08-01
ACC8bf4ba1d32,PAY0182aa96ad,2025-04-12
ACCaaccc6f5ec,PAY477901f31a,2024-10-01
ACCaaccc6f5ec,PAY217cd6f724,2024-10-01
ACC6fd85b9008,AY5d6e77911f,2026-08-17
ACC6fd85b9008,PAY3eb1b9d61d,2026-08-17
ACC9ff63c35d2,PAY89bf7ac40,2024-11-14
ACC87812c0921,PAY4c5874a026,2026-06-26
ACC87812c0921,PAY907d7364e1,2026-06-26
ACC6a7d66cd0c,PAYadf8562bd1,2025-06-04
ACC4c404b16b8,PAY1ee7fd224,2025-06-05
ACC07290a21d6,PAY33c1afdf28,2026-07-28
ACC07290a21d6,PAYc6907d9aa7,2026-07-28
ACCef56399055,PAY5418141ba6,2026-06-08
ACC28538a320a,PAY759731fc7f,2026-02-27
ACC3dd89ecc73,PAY9d7667793b,2025-08-10
ACCbd5e748491,PAuYf5ec98cc79,2025-12-24
ACCac6564f79d,PAYbb3c799fe0,2025-08-18
ACCac6564f79d,PAY600cd5c433,2025-08-18
ACCb41d112896,PAyed7f3f9386,2026-03-03
ACCd3c36a3e20,PAYceEd4d3c57,2026-04-05
ACC64fa3cd47b,PA8Y22099aa09,2025-09-13
ACC64fa3cd47b,PAYb0e6f26bb9,2025-09-13
ACC4084259080,PAYbB74e559e8,2026-02-26
ACC4084259080,PA6Y72af12249,2026-02-26
ACC02f3da1356,PAY6cbd28404b,2026-03-26
ACCe723dfbf3e,PAY728575ae1b,2026-05-26
ACC2ac8abe686,PAY5f1f9f6575,2025-09-28
ACC2ac8abe686,PAY0029a66c45,2025-09-28
ACC38776f2ac7,PAY106724d611,2025-12-12
ACC38776f2ac7,PAY1a09344a6f,2025-12-12
ACC6fc9673836,PAY16e40bb29,2024-11-22
ACC22b70e9c1e,PAY0724f62bda,2025-04-08
ACC4b122e019a,PAY93a4a53ea1,2025-06-22
ACC40b1a8ad52,PAY8683a65f30,2025-07-06
ACC2fac01f701,PAYf61c99630e,2025-01-24
ACC2fac01f701,PAYef749cf472,2025-01-24
ACC54dee52df9,PAY702d1eb016,2025-07-27
ACC782e711521,PAYf9eef70f781,2026-07-03
ACC782e711521,PAY13cf21f3b6,2026-07-03
ACC7010d62714,PAYf8e371876b,2025-08-10
ACC6a24bde663,PAY87eaab9dbf,2024-11-01
ACC757a5ff1de,PAYd33d5d55df,2025-12-21
ACC757a5ff1de,PAY99259fl2451,2025-12-21
ACCa8b7447619,PAYbc6bc74544,2026-04-19
ACCad2afee39b,PAY403101119c,2026-08-05
ACCdf7f5cfd0c,PAY4f2e7d9b6b,2025-08-02
ACC3457e923e5,PAYc06b76f25f,2025-10-28
ACC3457e923e5,PAYf68e91e37,2025-10-28
ACC3a2c44e173,PzAY31ed7a7c10,2026-04-20
ACC3a2c44e173,PYA0e33b7adff,2026-04-20
ACC379c7b8e02,PAYca29df7fb,2024-12-12
ACC379c7b8e02,PAY30c3a3e3c,2024-12-12
ACC118818bf21,PAY36c7964baf,2025-07-20
ACC1f7798d23e,PAY45e475c549,2025-07-20
ACC1f7798d23e,PAYced1da67e5,2025-07-20
ACC8e4ed1dd82,PAYd952b89b16,2026-03-26
ACC8e4ed1dd82,PAY7ea226cc9e,2026-03-26
ACCffa548143c,PAY65831f31f5,2025-05-03
ACCffa548143c,PAYf587da4c67,2025-05-03
ACCd98f31cab6,PAYce5c8c84ae,2026-02-03
ACCcf6afe0b7f,PAY315683c198,2026-05-23
ACCcf6afe0b7f,PAYc1369f59a1,2026-05-23
ACCf5d830f7b2,PAY5ebed3d4e7,2025-01-25
ACCf5d830f7b2,PAY5eec18e804c,2025-01-25
ACC8fc65313fc,PAY17534ff791,2024-12-24
ACCf59e63134f,PAY32sdcfe415f,2025-11-18
ACCf59e63134f,PAY5392d9fe5d,2025-11-18
ACCfff9b72775,PAY6694adb07b,2025-11-18
ACC4cefe2c928,PAY21e08e4704,2024-10-11
ACC8b4b035c52,PAY2fa2b3b7ff,2024-11-19
ACC8b4b035c52,PAYf0cf3f5fd2f,2024-11-19
ACC1efaf2d939,PAYcaa41dfa275,2025-04-20
ACC4e04729d68,PAY1dafe0d78c,2025-02-26
ACCec98edf96f,PA0Yb4a718575,2025-07-28
ACCec98edf96f,PAY3823494c73,2025-07-28
ACC1c0b497f5f,PAYbc0218067,2026-04-07
ACC6ccd062c1c,PAY3148ff196,2026-05-23
ACC0a64a9e599,PAY7a80dd4fb6,2026-06-24
ACCdd43b56eb7,PaYdc1692810f,2026-07-17
ACCdd43b56eb7,PAY98869bbee0,2026-07-17
ACCd2f16f561d,PAYc62ff6d1da,2026-02-23
ACC06e0a6e2c8,PAY1b2fb3485E,2024-09-10
ACCea235fa8c1,PAYa1253f0d9e,2025-02-16
ACC172623e27b,PAY4fb48ee7bb8,2025-06-28
ACCa13d59f52d,PAY4e1d7fc860,2026-08-18
ACCc0aa333971,PAY4b943f91197,2024-11-04
ACCc0aa333971,PAYcb7fb40f2f,2024-11-04
ACCd7511010da,PAYea9d028455,2025-01-15
ACCea7130caf4,PAYe3c378aa8e,2025-05-21
ACC3aece9a328,PAY2536de7d4e,2025-09-17
ACCb7815c88c8,PAY51f1787183,2024-12-27
ACCfe438e413d,PAY49a4df0585,2025-02-20
ACCfe438e413d,PAYka5e830a38f,2025-02-20
ACCd207cc8f03,PAY101b17c317,2024-10-27
ACCd207cc8f03,PAYa79499ca35,2024-10-27
ACCb5e2a0abbd,PAYdc6d10a4a1,2025-03-10
ACCb5e2a0abbd,PAY6e0d8f3346,2025-03-10
ACC2d99d41315,PAY5debaaa42f,2025-04-28
ACC2d99d41315,PAYa080c6a86a,2025-04-28
ACC84070ef171,PAYa80c78dbbf,2026-01-27
ACC3c1338a6b2,PAY22e6e1c72c,2025-05-13
ACC3c1338a6b2,PAY58a962ac99,2025-05-13
ACC9f46defafd,PAYc296f977f6,2026-03-22
ACC9f46defafd,PAY3cc33f85fc,2026-03-22
ACC13fbe24603,PAY12f277b096,2025-03-19
ACCaa96d61726,PAY44f3ab94ab,2024-11-22
ACCaa96d61726,PAY419a17bf50,2024-11-22
ACCd33acd5347,PAYf3a5c75b1d,2025-07-20
ACCd33acd5347,PAY8522b61d07,2025-07-20
ACC01b6e180f0,PAY8ac31db9a9,2025-01-08
ACC01b6e180f0,PAY2f7a0cc087,2025-01-08
ACC7c6071126a,PAY01b45ab944,2025-10-18
ACC7c6071126a,PAY98cfdfb886,2025-10-18
ACCaa290c082d,PAY4b56f9ad56,2024-09-05
ACC49bf463e7f,PAYcf81b20f50,2026-06-12
ACCbd0e732fae,PAY27b1f66f96,2025-02-22
ACCd09264d126,PAY70c15a5fd5,2024-09-17
ACCd09264d126,PAYac573d7011,2024-09-17
ACCbd474521ee,PAY0d24a6393,2026-05-31
ACCff3489e2bb,PAY4b9e60bea46,2025-04-16
ACCaa585f016f,PAY87dc5acb6d,2025-05-13
ACCaa585f016f,PAYc38df9e14,2025-05-13
ACCeadfc8352e,PAYdae0400fc0,2025-03-15
ACC5eebbea242,PAY7cdf3c1014b,2026-02-23
ACC5eebbea242,PAY1df8226e4,2026-02-23
ACCf1b7cb7bd9,PAY95c143220,2025-10-25
ACC039c673cb6,PAbYb889c6647,2025-08-23
ACC039c673cb6,PAYd4698b0275,2025-08-23
ACCbfbc23cc6e,PAY94ea2fb656,2025-12-06
ACCbfbc23cc6e,PAY7bb2ce9a20,2025-12-06
ACC68665ff7f3,PAYf52cbb39fd,2024-11-07
ACC68665ff7f3,PAy90e640a463,2024-11-07
ACC5a585f747b,PfAY78bc13a1bb,2026-01-18
ACC5a585f747b,PAY2d92511a64,2026-01-18
ACC5f3f59feb2,PAYf3ca6848c5,2026-08-28
ACC5f3f59feb2,PAY89c2d7edd7,2026-08-28
ACC28733f1afd,PAY4ac603430d,2025-11-18
ACCe72f9d7e44,PAYjf5d7345359,2025-10-30
ACC40a4adc61a,PAYbcb13bb5e,2024-12-28
ACC40a4adc61a,PAYda1e0a28b1,2024-12-28
ACCead7c32535,PAYade092c5f2,2026-08-02
ACCa278126481,PAY43e73307c6,2025-10-11
ACC3253659ad3,PAY37b4fffef0,2025-06-25
ACC4ae3d77c17,PAY0b9053397,2026-01-25
ACCf012d8a0de,PAYf254064f20,2026-07-24
ACC692634b70d,PAYfeb4d334cc,2025-02-01
ACC692634b70d,PAY587b47dd72,2025-02-01
ACC19e474fe0a,PAY98108218b1,2026-02-11
ACC19e474fe0a,PAY4b4ff4e065,2026-02-11
ACC256c661121,PAY6dab39ce7b,2025-01-05
ACC256c661121,PAY5faqaa66cd7,2025-01-05
ACC80268b40b5,PAY8369779879,2026-01-08
ACCbffc17c127,PAY4e551bf8c7,2025-01-01
ACCbffc17c127,PAY361e909ba7,2025-01-01
ACC8582104e73,PAY06cf44980,2025-04-23
ACC02fd6e0662,PAY4a2970cc36,2024-12-18
ACC75bd5a4976,PAY6934060c1e,2025-10-02
ACC102dc86d57,PAY9637519541,2024-10-07
ACC948a99aa8e,P6AYe921e89ee2,2025-12-23
ACC342cebce20,PAYb62a035e5a,2026-01-28
ACCb7a16390dd,PAY432116c8c1,2026-04-15
ACC6be8437c36,PAY58852301da,2026-03-28
ACCcf9f84bb84,PAYcf66894b9,2025-07-18
ACC7c7b4562e7,PAYa1496c5419,2024-09-23
ACC7c7b4562e7,pAY254de9d5e1,2024-09-23
ACCf3dd4748c4,PAYa5dd796a9e,2025-04-26
ACCf3dd4748c4,PAY356374e7cd,2025-04-26
ACC30ccb23baf,PAY2b99737591,2025-05-11
ACC4d634f4af8,PA0Y944ebd856a,2025-05-16
ACC4d634f4af8,PA5783c7fb8b,2025-05-16
ACCaa51859a84,PAYbab634af6e,2026-02-04
ACCaa51859a84,PAY80bbb8c3cc,2026-02-04
ACC5ea81581fe,PAY0e5e4c681e,2025-06-12
ACC78b44f71f4,PAY9479dc3eee,2025-04-13
ACC78b44f71f4,PAYa228a2ab81,2025-04-13
ACCbd012dfd24,PAYd94a302187,2026-08-30
ACC9722c2831f,PAY8195385806,2025-08-14
ACC9722c2831f,PAY128868ef0a,2025-08-14
ACC02e781dd83,PAY263caz8b471,2025-03-22
ACCe0b8588f3e,PAYfc4ef16a0d,2025-10-17
ACC8f02f1aeef,PAxY6024cfb1ec,2026-07-04
ACC8f02f1aeef,PAYca46b5cdd2,2026-07-04
ACCf640e79fd4,PYA1745ed7248,2026-03-30
ACCf640e79fd4,PAY167f51d531,2026-03-30
ACC50b17bf798,PAY0a4fb3dd6d,2024-10-16
ACC50b17bf798,PAY409e3651e0,2024-10-16
ACC095f710e88,PAYe8e223e7e43,2025-05-11
ACC095f710e88,PAY445bf4febb,2025-05-11
ACCbc7d02db3c,PAY057b0fd9a5,2026-01-11
ACCbc7d02db3c,PAYc76efd8d95,2026-01-11
ACC8eb9446262,PAY9003e98972,2026-02-15
ACC00a225bec3,APY2fb94be9e4,2026-07-06
ACC304dbfe5db,PAY96e8db5036,2025-02-24
ACC304dbfe5db,PAYb96f63ab22,2025-02-24
ACCafde661d89,PAYaab59d3347,2025-09-22
ACC636be99be3,PAY687fa9xf11f,2026-03-15
ACCc1883e5801,PAY7848857169d,2025-08-21
ACCc1883e5801,PAY3055316374,2025-08-21
ACC2e65dcf49f,PAYf226131241,2025-05-01
ACC8a5689e20b,PAY653d83eecf,2026-03-21
ACC8a5689e20b,PAYbb9e901e46,2026-03-21
ACC40633dc7b2,PAYd80fe58281,2025-07-30
ACC1102123f99,PAY2b2ab8ee51,2025-06-22
ACC1102123f99,PAY7e88fae093,2025-06-22
ACCf4b02b4d60,PAY9bae1997c1,2026-06-29
ACC66660cd28e,PAY6b91142895,2025-08-22
ACC66660cd28e,PA1Y346e13b35,2025-08-22
ACC644e1b2df8,PAY5C7060324f,2026-05-29
ACC5f32ab3096,PAY8bb2a7948d,2024-10-15
ACCf99917346b,PAYba9ac843a7,2025-05-17
ACCf99917346b,PAY87cb519afd,2025-05-17
ACC9a394c7c44,PAb92a5696f1,2026-02-25
ACC9a394c7c44,PAY4ff3a52156,2026-02-25
ACC993674cf87,PAY986622ab7d,2025-09-02
ACC993674cf87,PAY26d528a766,2025-09-02
ACCccc49c7e84,PAYe76613ab63,2025-11-20
ACC5392311ed2,PAY79d6923aa,2024-10-03
ACC521975e891,PAY55750f4ea,2025-08-27
ACC52668899b1,PAY2034f6a7b4,2025-05-15
ACC52668899b1,PAY1b91a5eaea,2025-05-15
ACC8ed25361ae,PAY72b6a9e5eb,2026-06-01
ACC8ed25361ae,PAY00372c9d1c,2026-06-01
ACC8926c630db,PAYab59cb8065,2026-01-15
ACC8926c630db,PAY172ace603f,2026-01-15
ACCab1a9fe45e,PAYcf1978ea46,2024-12-31
ACCc93dcf0936,PAYf23d285q492,2025-12-13
ACCc93dcf0936,PAY463698274,2025-12-13
ACC92a5f8fc08,PAY53f9af9701,2026-02-28
ACC92a5f8fc08,PAYe8f381d5b7,2026-02-28
ACC603a4d85f5,PAY8af3eab7b8,2026-08-29
ACC603a4d85f5,PAYa102ca3c5d,2026-08-29
ACC4e10bcd46c,PAY3c8836ea1,2026-01-31
ACC6053db58f8,wPAYb7173551e4,2026-06-10
ACC9525858a67,PAYd8e1bf2284,2026-02-27
ACC9525858a67,PAY5eea4a51d9,2026-02-27
ACC8ba9558153,PAY9336e68cf8,2026-08-03
ACCd644b4ccd7,8PAY64247fa994,2025-12-17
ACCf4fc68d42f,PAY811ba99ba3,2025-07-04
ACC59b4b3259a,PAY65b82a7d9a,2025-04-26
ACC39c23198bc,PAYac2188bd47,2025-05-30
ACC39c23198bc,PAYfd43155803,2025-05-30
ACCac116eee6f,PAY1baef426d1,2025-12-22
ACCac116eee6f,PAY8758Aa60bc,2025-12-22
ACCf7fa46a1a8,PaY8350c3ada0,2026-04-21
ACCf7fa46a1a8,PAY126ec7ef08,2026-04-21
ACCdf2bbb447f,PAYfae37d4560,2026-04-12
ACCdf2bbb447f,PAY43d2097464,2026-04-12
ACC9eb862590b,PAYbb1ffe3c31,2025-10-29
ACC319243ee44,PAY88418f547d,2026-08-02
ACC319243ee44,PAY3022ddb1df,2026-08-02
ACC2a0bfdc9f6,AY02a58baa07,2024-12-08
ACC2a0bfdc9f6,PAY08d0c1e270,2024-12-08
ACC53cbe449e0,PAYac32b7b4e3c,2025-12-16
ACC53cbe449e0,PAY62ae2a8e92,2025-12-16
ACC54d18ec3cb,PAY04b8df28dd,2024-10-06
ACC0191b90f28,PAY5979d7fb52,2025-01-10
ACC0191b90f28,PAY5890573e0f,2025-01-10
ACC3a9a2797c0,PAYa2c4e38ccb,2025-11-12
ACC6b532114ea,PAY834ccz89501,2025-10-14
ACC6b532114ea,PAY492e6435ab,2025-10-14
ACC9cba4372ef,PAY0c23c356ffa,2024-09-13
ACC0ce77a4b2c,PAY4df99c997a,2025-05-29
ACC49220777b1,PAY51a45f5w655,2026-08-19
ACC49220777b1,PAYf6aca6ead9,2026-08-19
ACCc0a5202904,PAYf3175db552,2026-07-21
ACCedbc4d70cd,PAy28d33338b4,2024-12-05
ACC0cb0018b05,PAY90f87c5f8a,2025-05-04
ACCac6d2be2cd,PAY05c4faeecb,2025-12-31
ACC81a4729ba7,PAYf06e4680d2,2025-04-03
ACC81a4729ba7,PAY7603c2d2f2,2025-04-03
ACC52b5a3aca2,PkAY9177aedcbe,2025-11-22
ACC5b476f619a,PAY7720422907,2025-10-07
ACC5b476f619a,PAY6853c7e581,2025-10-07
ACC8dd2e62ad1,PYc301778e13,2025-01-08
ACC8dd2e62ad1,PAY561bd4b50a,2025-01-08
ACC1579ea88d1,PAYbcd790d6ef,2025-04-19
ACC1579ea88d1,PAY9db2ac64e2,2025-04-19
ACC62ae549e47,PAYf59dcec2ea,2026-03-25
ACC2dcc3c1026,PAY1b097c77a9,2026-07-06
ACCaf0a4b0c4e,PAYcb056da29f,2025-11-16
ACC9a97282720,PAY72e9da759c,2024-10-28
ACC9a97282720,PAY2bced5eaa5,2024-10-28
ACC1c5363a406,PAY0850f04274,2025-10-27
ACC6d5f428147,PAY1cdb5e86f3,2025-01-26
ACC6d5f428147,PAY581984fb6a,2025-01-26
ACCf486aba5d4,PAY2f871ad142,2026-08-14
ACCd8cb73420a,PAY8cc413eb2f,2026-06-24
ACCc643392fdf,PAY740aae3822,2026-05-07
ACCc643392fdf,PAYfb0ad63d39,2026-05-07
ACCb77812b854,PAY670eb67e0c,2025-06-08
ACCb77812b854,PAY820902e6a9,2025-06-08
ACC486b245284,PAYecdf04b99a0,2024-09-02
ACCc9d32e3a93,PAY80d065aaca,2025-10-26
ACCb390d6af03,PAY5c8c1040ba,2026-01-28
ACCb390d6af03,PAY91be19e96e,2026-01-28
ACCada495793e,9PAYd04309f4f4,2026-07-05
ACC02d1b322e5,PAd3cf0b4aca,2024-10-23
ACC02d1b322e5,PAY46359e0ace,2024-10-23
ACC8f90a8d6a5,PAYc066f0199a,2025-11-12
ACC8f90a8d6a5,PAY19f1069f6b,2025-11-12
ACCf666c3930e,PAY8cc437i035c,2026-08-12
ACCa492142b3c,PAY3f92061924,2024-11-02
ACC9db8bd12a6,PAY31cc33ca13,2024-10-08
ACC9db8bd12a6,PAYdff01a526b,2024-10-08
ACC8f565e9925,PAYa56541027e,2025-12-02
ACCbcc54d0597,PAY8e92a31e7,2025-08-17
ACCbcc54d0597,PAYA325db51b7,2025-08-17
ACC4beb3d88db,PAYcdbdc7e995,2026-05-14
ACC4beb3d88db,PAY843572d91c,2026-05-14
ACC49638bee53,PAY35a74b9cc5,2025-03-16
ACC5789549832,PAcYc0e099f8e,2026-04-09
ACC5789549832,PAY18d24f34d7,2026-04-09
ACCe606263140,PAY1441808c4cb,2025-04-06
ACCbd110f7cd1,PAY98b1202e6d,2025-07-11
ACCbd110f7cd1,PAY5107fc215,2025-07-11
ACC7fec86cdd2,PAYfb4c7066d0,2025-12-21
ACCf46f80edd4,PAY154bec2330,2024-10-15
ACCb181e59b2b,PAYd3353d87B8,2025-07-14
ACCb181e59b2b,PAY1faaad1b60,2025-07-14
ACC993e1e5c2f,PAY2de26cf5e3,2026-01-31
ACC993e1e5c2f,PAY880ebb5419,2026-01-31
ACC631e2ae6c4,PnAY02c4cd1b19,2024-10-26
ACCf77c806ce5,AYd07feeeaf7,2025-06-28
ACCf77c806ce5,PAY992de3e7ef,2025-06-28
ACC37a5cdf664,PAY5d3d7dfb8c,2026-06-22
ACC8f846a7716,PAY7ac391ee813,2025-06-08
ACC163a440140,PAYe20d8899c5,2026-05-10
ACC94d7057e32,PAY4a8fec60f1,2025-11-19
ACCe0ba3d3d3f,PAY187366de49,2026-02-07
ACCcb30c8856a,PaY85ef049516,2026-01-18
ACC82218c6a45,PAY469c781d7,2025-12-10
ACC29ff9b4883,PAY0f2ebdbeb4,2026-03-29
ACC29ff9b4883,PAYe490841822,2026-03-29
ACCd5881ccf5b,PAY2b342dc77b,2025-07-11
ACC9358733ca2,PAYadc2625a9c,2024-11-13
ACC9358733ca2,PAY6f839442b,2024-11-13
ACC69f7f484d8,PAYfeaebdf89,2025-05-22
ACC69f7f484d8,PAYa5db7b6911,2025-05-22
ACCffbc95b035,PAY3562f22c5e,2025-01-18
ACCffbc95b035,PAY713a8fbf80,2025-01-18
ACC2ac6bf7958,PAYbdee205484,2025-05-01
ACC2ac6bf7958,PAYe60666d030,2025-05-01
ACCbaf9c69fa2,PAYfdfe1c097,2025-08-05
ACCbaf9c69fa2,PAY55242623fba,2025-08-05
ACCbf1e493744,PAY22c50f0586,2025-06-22
ACCbf1e493744,PAYd34d394eb9,2025-06-22
ACCb226e89078,PAY5a8c809495,2024-11-12
ACCb226e89078,PAYcebb8c1731,2024-11-12
ACCee9a21d5db,PAY6e70d8b44a,2025-10-31
ACC3b92b95fb5,PAyb90ef3e0d1,2025-06-05
ACC1ffdd41d7d,PAY6c124e0748,2024-10-26
ACC419e1f7f6d,PAYcd4f648b80,2025-10-04
ACCa1427d6b5e,PAYb11cb67a8,2024-10-28
ACC677b3632e4,PaYa77554e2f4,2025-05-04
ACC78801f6f8c,PAY0757bc6b07,2025-12-13
ACC06360a1b1b,PAY7adce89abb,2026-08-21
ACC06360a1b1b,PAYc493dd8a338,2026-08-21
ACCaddefe5d21,PAYd82b2183e1,2026-07-03
ACCaddefe5d21,PAYad8b9a37a9,2026-07-03
ACC1a6ac66a9c,PAYd75253084b,2024-12-26
ACC1a6ac66a9c,PAY0b2383585e,2024-12-26
ACC08bcb54249,PAYb03791c69c,2025-10-11
ACC08bcb54249,PAYb3b65ab8ef,2025-10-11
ACCc1c5405849,PAY0fc39189e,2024-09-14
ACCf37e1b8366,PAY7c69e9g6d9d,2026-05-07
ACCf37e1b8366,PAY3a8eec5d1d,2026-05-07
ACCb72148725a,PAY48010a2c65d,2025-06-22
ACCa5f82f6545,PAY6a010c59e4,2025-10-19
ACCa5f82f6545,PAY72e72cbd32,2025-10-19
ACC3b4c254d4d,PAY692279d0a,2025-03-13
ACC8e29b6aec3,PAYc7a106919f,2025-10-14
ACC8e29b6aec3,PAYcf79F8c2f3,2025-10-14
ACC9ed4b083a4,PAY661375725a,2026-01-05
ACC9ed4b083a4,PAYa076f6f77b,2026-01-05
ACC400a903f04,yPAY53db395234,2024-11-09
ACC400a903f04,PAY3ad9e01d7e,2024-11-09
ACC4828f1d9ec,PAYbc06fc1c1,2024-12-04
ACC4828f1d9ec,PAYe907892d2ue,2024-12-04
ACCbb203d636f,PAY4f733598d2,2024-10-14
ACCeb393606e0,PAY79f14d2e41,2024-11-03
ACC1435ebf454,PAY632cfcd9e0,2026-05-13
ACC1435ebf454,PAYa4957188f3,2026-05-13
ACC974f5abab9,PaYf98aa84bbe,2025-10-19
ACC27f4840b42,PaY74c8775e9e,2026-04-08
ACCd65f8a38ae,PAYb7e37a0b090,2026-08-07
ACC592548de8b,pAYe2dfb9be3f,2025-06-05
ACC592548de8b,PAYb3186c0db,2025-06-05
ACC28f4f5b343,PAY745493960e,2025-08-12
ACC98edfc9425,PAY2b077c652b,2026-03-19
ACC98edfc9425,pAYbadf15d62d,2026-03-19
ACC466c5e2219,PAY0acf99eb59,2026-06-07
ACC466c5e2219,PAY4181328e82,2026-06-07
ACC529d117509,PYAe01526f3da,2025-12-15
ACC529d117509,PAY6d0c553a64,2025-12-15
ACC4c5d2ea81e,PAYb54ce6ce67,2024-10-17
ACC0ea445cdb7,PAY22a8c443b,2024-11-11
ACC1f8c5509b2,PAY6e513b04ac,2026-03-08
ACCca56e12a50,PAYf84218835,2024-11-03
ACCca56e12a50,PAYb6a5429a6b,2024-11-03
ACC3f51be6b8e,PAYdf0c1d39de,2025-05-09
ACC7bade3e3b5,PAYfbabd35e66,2025-03-27
ACC788db5e419,PAY06d876875f,2026-07-03
ACC788db5e419,PAY1f3ba773d4,2026-07-03
ACC87c8358549,PAY7f2c1b1a90,2024-10-07
ACCab4d273020,pAYb8ba9c720f,2025-06-02
ACCab4d273020,PAYd4df58e2b8,2025-06-02
ACC411848cf18,PAY7f457dee40,2026-02-24
ACC7aaa4b700d,PAYe090eccbb,2024-09-01
ACC7044bdc171,PAY1a6df442c5,2025-05-17
ACC7044bdc171,PAYd604d3f658,2025-05-17
ACC1ea1d0b8dc,PAY6fee4fbe31,2026-08-26
ACC1ea1d0b8dc,PAY6b60ff9256,2026-08-26
ACC94f6f9c0ba,PAY0cf741dc67,2025-08-21
ACCd504678b97,PAY679571b0c0,2025-04-22
ACC67a06c0f76,PAY88a07f701d,2026-06-29
ACC67a06c0f76,PAY8220dee80e,2026-06-29
ACC08b474ed62,PAY1633db11516,2026-02-18
ACCd7e28f2f0b,PAY76eb166c1,2024-11-27
ACC0f6e197549,PAYF52658f94e,2026-04-19
ACC0f6e197549,PAYf568ebc149,2026-04-19
ACCb42c5e6488,PAY43d4fef52d,2024-11-21
ACC9a20e4bf80,PAY5452f1d516,2025-02-19
ACC7f6dbcd2e8,PAYde7cb635b4,2026-03-27
ACC6f17f813b8,PAY45fce5c42,2025-11-30
ACC6f17f813b8,PAnYeebf47a9dc,2025-11-30
ACCacad694346,PAY3413aee43f,2025-06-09
ACC2f1598d349,PAYae4ea5554b,2025-12-18
ACC2f1598d349,PAY92bf12f791,2025-12-18
ACC4b72826062,PAYb45474aa58,2025-10-07
ACC09667acd59,PAY42b586b683,2025-05-21
ACCe98a5feb6c,AYdcf7a10e8a,2026-07-15
ACCe98a5feb6c,PAY39084e2d3b,2026-07-15
ACC63763eb178,PAYd694a0b28,2024-11-20
ACC63763eb178,PAYd42ddf4a4,2024-11-20
ACCc96a67983b,PAYfb03adb677,2026-07-14
ACCc96a67983b,PA4Y82e672931,2026-07-14
ACCeb834b02c9,PAY8cb78A9fe8,2025-11-25
ACCeb834b02c9,PAYaa8b096898,2025-11-25
ACC852f10fcaf,PAYa79bf16332,2025-06-23
ACC852f10fcaf,PAY5548a64260,2025-06-23
ACC86b4588148,PAY922656b75C,2026-03-13
ACC86b4588148,PAY421db8cc10,2026-03-13
ACCd64f98ed99,PAY1ab1600eda,2025-04-14
ACCd64f98ed99,PAY84eb8284fe,2025-04-14
ACCc530a404fe,PAY9e764g8edf4,2025-02-11
ACC36c1b0fcb3,PAY56cf73b354,2025-08-16
ACC36c1b0fcb3,PAY27e7a28eb5,2025-08-16
ACC7507027c97,PAY3d651afd74,2026-03-24
ACC60be8d1514,pAY1ebfe94d5f,2025-08-10
ACC2abd82ac7f,PAY0791dbeac7,2026-06-08
ACC2abd82ac7f,PAYfbb72323fc,2026-06-08
ACC301657b571,PAY851d2f0bbb,2025-12-30
ACC4de53fcd34,PAYf374154699,2024-12-20
ACC4de53fcd34,PAYe2fd65af00,2024-12-20
ACCd6c602136e,PAY65ca99167f,2026-01-11
ACC2e6d0891c4,PAY90fa07228b,2025-03-17
ACC79d8ba95ac,PAY5ea90ab746,2025-09-10
ACC0c6bfdacb9,PAY39aab0bbee,2024-10-06
ACC0c6bfdacb9,PAY91bcd77998,2024-10-06
ACC305ac30b3d,PAY27ecc7fd5f,2026-01-09
ACC305ac30b3d,PAY70700007f5,2026-01-09
ACC439f77f8e5,PA2Ycd06af7d3,2026-07-15
ACC439f77f8e5,PAY2dc4cd5c9,2026-07-15
ACC1d41d7728d,PAYe724c4a6a1,2026-02-08
ACCdb95279cc9,PAYbf2b956e51,2025-08-21
ACCdb95279cc9,PAY95d200fc31,2025-08-21
ACCec402d755e,PAY34f76b8a34,2026-05-27
ACC7f4a8fc4e5,PAYfe111ecdb9,2025-09-03
ACC7f4a8fc4e5,PYA56883d9f2a,2025-09-03
ACC25ad5d31f2,PAYad943ec884,2025-07-17
ACC25ad5d31f2,PAY40ge362390b,2025-07-17
ACCb1243d7974,PAY64d6566e59,2026-07-28
ACCb1243d7974,PAyf9e4ceee02,2026-07-28
ACC300521d4b3,PAY320a7c54fd,2026-06-25
ACC300521d4b3,PAY8141781fd9,2026-06-25
ACCfed32f56bf,PAY57b13af7ed,2026-05-06
ACCfed32f56bf,PAY2716476154,2026-05-06
ACC9332b55c76,PAYeed3a9f0f6,2025-07-23
ACCb7b8ec6a1a,PAY537916907,2025-11-29
ACCde890a5673,PAY64368e178a,2025-06-01
ACC1aff9dd0db,PAY7f67abe8cf,2026-05-04
ACC67e18711be,PAY28bf66fa32,2025-09-20
ACC67e18711be,PAY0af1c57b50e,2025-09-20
ACCe85f825673,PAY83ef9d8c4b,2026-06-24
ACCd324d4b52c,PAY74ea3e208,2026-04-22
ACCd324d4b52c,PAY4684c44c3c,2026-04-22
ACCf0b1ed3b7b,PAYa186c21b06,2025-09-10
ACC7dee0820ab,PAY75945cc58a,2026-06-29
ACC7dee0820ab,PAY454031798c,2026-06-29
ACC3173fd54f5,PAYb7020a2ac0,2025-01-21
ACC3a5ed06e1d,PAYc090F6282d,2025-02-11
ACC3a5ed06e1d,PAY53e006ada4,2025-02-11
ACC550f440446,PAYf5f2186b19,2025-08-23
ACC550f440446,PAY68ebe3cb35,2025-08-23
ACC4ddbc2e161,PAYdb6eb37e592,2025-12-29
ACC13357d09b4,PYA61c3a39a6a,2026-07-16
ACC13357d09b4,PAYe257832830,2026-07-16
ACCe2480727e9,PAY2b1bb8e3ae,2026-02-01
ACC937a32f7f2,PAY4e2fc33bc3,2025-11-03
ACC83715decf5,PAYafc09c168c,2025-01-08
ACC83715decf5,PAYc6dbacdcdd,2025-01-08
ACCb8c4eadda6,PAY2f7e50679d,2025-09-05
ACCb8c4eadda6,PAY14aef8039r2,2025-09-05
ACC8ed37b8be0,PAY38a0fb1653,2025-12-20
ACC8ed37b8be0,PAY2148cf1bdf,2025-12-20
ACCfe707495d6,PAY34dc2dca11,2026-08-10
ACCfe707495d6,PAY63c58d8d80,2026-08-10
ACC58a8dfaf2c,PAY4ddecc626c,2026-02-10
ACC58a8dfaf2c,PAY4448040b7f,2026-02-10
ACC8ddc0498bc,PAY88f92185a4,2025-02-07
ACCeb6799fa83,PAYc353256926,2026-05-31
ACCa1b2954e7c,PAYa03f9a050b,2025-04-23
ACCa1b2954e7c,PAYd4a4de17d9,2025-04-23
ACC55701940c2,PAY0a5e855de5,2026-05-27
ACC457e583576,PAY19b5b84d20,2025-10-29
ACC457e583576,PAYc9eb335280,2025-10-29
ACC6d970dbf36,PAY01559fb10a,2025-12-26
ACCde523b6c36,vPAYada31d0e7c,2025-06-27
ACCde523b6c36,PAY8612ea4b45,2025-06-27
ACC0f1680f382,PAYfceeaed107,2026-01-20
ACC0f1680f382,PAY43a3464890,2026-01-20
ACC753db237f3,PAYcbcda32098,2025-04-10
ACC753db237f3,PAY0e66ddc171,2025-04-10
ACC394e0b23ea,PAYcf25853043,2024-11-09
ACC45d5dc5b46,PAY6021e39841,2025-08-19
ACC1500362134,PAY7400f04b18,2026-03-04
ACC1500362134,PAY2744d91d93,2026-03-04
ACCf45924e135,PAYb4c2b24830,2025-09-18
ACC4e5f6fe6c5,PAY8531e3386f,2024-12-11
ACC4e5f6fe6c5,PAYe24f6b47f3,2024-12-11
ACCceb3018763,PAYe16bd9dc99,2024-10-12
ACCceb3018763,PAYe1416f2151,2024-10-12
ACC7caf09482e,PAYd0b201cc78,2024-12-28
ACC7caf09482e,PAY8e0fa8b165,2024-12-28
ACC227627d4c0,PAYf23eafb91d,2026-06-01
ACC227627d4c0,PAYb3ee8b303a,2026-06-01
ACC16f6d77a46,PAYa9bcbc3301,2025-07-08
ACCf78be9a9a5,PAY01ab58e60,2025-02-06
ACCf78be9a9a5,PAYched6173133,2025-02-06
ACC241e73c5a7,PAY137ebc02ec,2024-11-14
ACCf7efa8dd34,PAYf928a44fc4,2024-11-08
ACCf7efa8dd34,PAY06106dcc9f,2024-11-08
ACC1e0223f384,PAYa4225f1B67,2025-02-01
ACCd701347598,PAY544c244012,2025-02-04
ACCd701347598,PAYca6715e993,2025-02-04
ACC1ee2f7eb94,PAY793dd4e34,2026-03-21
ACC1ee2f7eb94,PAYd57356f09a,2026-03-21
ACC002c4b8414,PAYa16b62dbfe,2025-09-06
ACCd54b77352f,AYd6b327dd25,2025-09-05
ACC5b4f00553b,PAY217881b575,2024-09-25
ACC2354c577cc,PAYb7b3854df2,2025-04-26
ACC40db0fc3a8,PAY18eb5337fc,2026-01-12
ACC8a6380f426,PAYd75adc7e46,2024-11-19
ACC8a6380f426,PAY966b09b38f,2024-11-19
ACCa0c969308c,PAY25264b8a5d,2025-06-21
ACC95e3f24721,PAY3a2b11c5d8,2024-09-17
ACC95e3f24721,PAYcc450da9d5,2024-09-17
ACC4058d6b3ae,PAYdfd481941c,2026-06-12
ACC8d7400648a,PAYf00814db08,2026-01-16
ACC8d7400648a,PAY206b1c7181,2026-01-16
ACC06c5b8c785,PAY1752d7ec84,2025-12-02
ACC06c5b8c785,PAY0f6f3368fb,2025-12-02
ACC5b755ded63,PAY2853df34e2,2024-11-28
ACC5b755ded63,PAY57da717c14,2024-11-28
ACCe9a0ba9d82,PAY888f5248ef,2026-02-17
ACCe9a0ba9d82,PAY78c8accdd,2026-02-17
ACC75ef609b39,PAY5d22bdc076,2025-04-03
ACC7efd3e5c98,PAYcf2b554247,2026-03-03
ACC6175f23bd8,PAYf0d671c45e,2026-03-23
ACC6175f23bd8,PAYc864c9a87,2026-03-23
ACCe3e03453ba,PAY0dea6ec444,2025-12-03
ACCe3e03453ba,PAYc445963e8d,2025-12-03
ACC2f124911f1,PAY51e81b5695,2025-02-08
ACC0a54759719,PAY50d50f583d,2024-09-10
ACC2a5f3f028a,PAY45ebfb1e54,2026-06-26
ACC2a5f3f028a,PAYbb20517cdb,2026-06-26
ACC2c8c30bdec,PAY554a1ded17,2026-08-07
ACC2c8c30bdec,PAYb467b476f57,2026-08-07
ACC82d6d3ccb5,PAY3adf0caae3,2025-04-25
ACC79dd3b07fc,PAYea1870cd2a,2026-03-16
ACC5730c1ad8d,PAYmc28e37119d,2026-06-19
ACC5730c1ad8d,PAYbcb7ea2b51,2026-06-19
ACCda8c23f2db,PcAY8e474e1b8a,2026-06-03
ACC8958160684,PAY84ab8ca6ff,2025-01-20
ACC8958160684,PAYd0390cbab7,2025-01-20
ACC3042937cbc,AYd2d275d369,2026-04-04
ACC3042937cbc,PAY8aa6c02936,2026-04-04
ACC6bd82fdab9,PAy9af84ce5c9,2025-12-14
ACC6bd82fdab9,PAY0ad9bf4c2b,2025-12-14
ACCff0f25aa16,PAY6bd6bbc3f4,2025-03-04
ACCff0f25aa16,PAY6ff84376c2,2025-03-04
ACC6688f5bce5,PAY01e0d5ef8e,2026-05-23
ACC6688f5bce5,PYA3e0facb690,2026-05-23
ACC469d05e683,PAYd331eb2c121,2026-01-24
ACC469d05e683,PAY80b4b1d3b4,2026-01-24
ACC260db98326,PAY51e6db34f3,2024-09-08
ACCb2a4d2ee95,PAY2803ca21ed,2025-03-14
ACCbff60eb06b,APY4c3c3e8d85,2026-01-10
ACCbff60eb06b,PAY17974017fde,2026-01-10
ACC948f089168,PAYcd203bf05a,2024-10-06
ACC7607d9f1ee,PAYcd126178f7,2024-09-19
ACCb8fb3f234b,PAYdabcd11bf0,2024-11-19
ACCb8fb3f234b,PAYe95dab8022,2024-11-19
ACCcc6c43badb,PAY460fda4978,2024-12-30
ACCe006187406,PAY5A89a32ccc,2024-12-16
ACCe006187406,PAY655b1dd437,2024-12-16
ACCcb2d2a09dc,PAY14f626cfdc,2024-12-25
ACCb4b31487c5,PAY6fbcc04cd4,2024-12-26
ACCb4b31487c5,PAY1be614e629,2024-12-26
ACC0583b53923,PAY77c4019e15,2025-10-22
ACC0583b53923,PAYd3d7495d2b,2025-10-22
ACCbdfe82c56b,PAYbf4ab741935,2025-01-18
ACCbdfe82c56b,PAY7802144ce,2025-01-18
ACC8475937d4f,PAY29ed68d61cf,2025-03-18
ACC8475937d4f,PAYe315a3d8464,2025-03-18
ACC383cf4c13d,PAY9d20874f93,2025-03-01
ACC383cf4c13d,PAYb65ff7a287,2025-03-01
ACC6f43ad0aa5,PAYff6aef454e,2025-01-06
ACC6f43ad0aa5,PAY5c10c1b246,2025-01-06
ACC1b6ce5fb14,PaY7850ec4909,2025-05-12
ACC1b6ce5fb14,PAY3f0f455f3f,2025-05-12
ACCfee9bc2486,PAYe4z6faa98d9,2025-05-14
ACC0877bf31f1,PAY69a691db36,2024-12-14
ACC16933b4cd4,PAYccad7d777c,2025-05-18
ACC16933b4cd4,PAYbaaab34c280,2025-05-18
ACC2b2d5a4757,PAYc53f9ef98a,2026-03-06
ACC416726e2cf,PAYd2c4c843c9,2025-09-10
ACCd895dbfe29,PAY2f8b1c8d90,2025-02-22
ACCec06e7b72b,PAY57dde3c2a6,2025-09-08
ACCec06e7b72b,PAYdd9ebc9f85,2025-09-08
ACC4c36c79dcb,PAY5e1121e2bb,2026-04-10
ACC55568d7452,PAY73a0659cd4,2025-01-29
ACC3959514787,PAYe1893c3371,2025-05-26
ACC3959514787,PAYd96d86b59a,2025-05-26
ACC233a8c0424,PAY386a52984b,2025-06-22
ACC233a8c0424,PAY13586969ed5,2025-06-22
ACC3432d513b2,PAY9a792c5d39,2024-10-27
ACC3432d513b2,PAY9f21c44776,2024-10-27
ACC639b084d64,PAY51ac9afb30,2025-05-06
ACC639b084d64,PAY5ab9817970,2025-05-06
ACCe92520b720,PAY0b27db28c2,2026-02-22
ACCb77625790f,PAY7191e95258,2025-10-11
ACC3f34f0c588,PAY3d655f092d,2025-09-18
ACC568cad9a19,hPAYc377069494,2026-05-17
ACC4461c533d2,PAYa98d9144ec,2025-07-23
ACC4461c533d2,PAY52df9fdc0d,2025-07-23
ACCf3f4ca8878,PAY3afa7d18aa,2024-12-07
ACCf3f4ca8878,PAY0672f2a7f5,2024-12-07
ACCe6d770b106,PAY817aea6558,2025-01-18
ACCe6d770b106,PAY7012b3a435,2025-01-18
ACC3b86799b0a,PAY35432a5aeb,2025-05-25
ACC3b86799b0a,PAY11256ce714,2025-05-25
ACC3efcde0643,PAY52692cb07e,2025-11-10
ACC3efcde0643,PAYe8080350c6,2025-11-10
ACC74a29273bc,PAY40fa6e1f6b,2024-12-19
ACC10ffdf8b39,PAY847d9a3722,2026-07-05
ACC664b5e079b,PAY9f93cee3c,2025-09-09
ACC664b5e079b,PAY856e415524,2025-09-09
ACC2c765d28ce,PAYe73db5ce24,2025-12-29
ACC2c765d28ce,PAYa879ea271,2025-12-29
ACC355618dec0,pAYd9751ce5ae,2024-10-07
ACC355618dec0,PAY538fe96fbb,2024-10-07
ACCbb70ccb66a,PAY6302e9fe86,2026-01-05
ACCbb70ccb66a,PAY086e6dfaaf,2026-01-05
ACCe8f31faab6,PAYab0634d6b3,2026-04-26
ACCe8f31faab6,PAYe3fc4fcd4e,2026-04-26
ACC2a17629f7a,PAY90645aec67,2025-10-25
ACCd54d177806,PAYff9bbffa86,2025-07-25
ACC13f1de721c,PAY4a3b2851c5,2025-06-21
ACC8cc6b8797e,PAYd89f12cd08,2024-10-22
ACC57ba843fc6,PAY1c5c13d4fe,2026-04-03
ACC57ba843fc6,PAYd06c2dd0f3,2026-04-03
ACC0da7a1ae02,PAY59848dd92b,2025-06-23
ACCf8a0b7c820,PAYf05629578a,2025-03-07
ACCf8a0b7c820,PAY4361a3e717,2025-03-07
ACCabac06e4dd,PaY3924a34b47,2025-01-27
ACC7e494d225c,P2AY1a5a4372d4,2026-07-11
ACC90b44f83a6,PAYc1f3089a2d,2025-07-06
ACCff3d1c4658,PAY46bab189af,2025-09-14
ACC32cd04a33f,PAYf3eec54bbf,2026-06-05
ACC32cd04a33f,APY598f522174,2026-06-05
ACCbb3faadcb6,PAY0d188fa0a6,2025-01-21
ACCbb3faadcb6,PAYa81495ba7d,2025-01-21
ACC5bf510a971,PAYe318fd257,2025-05-19
ACC56a8c912cc,PAY0eb3d88984,2024-12-11
ACC56a8c912cc,PAYf9499f122d3,2024-12-11
ACC51942b13ea,PAYa96743b660,2026-03-11
ACCd7bb9e9c6f,PAYcf6951bcef,2026-05-26
ACCb21cc9f461,PAYce4580ec6c,2026-04-19
ACC78c0f1b9ce,PAY93a084dc5,2026-04-06
ACC78c0f1b9ce,PAYdd2426fd11,2026-04-06
ACC815ebd7c92,PAYf7ee6a8320,2025-07-20
ACC815ebd7c92,PAYbb578b7bc5,2025-07-20
ACCa00c56f32a,PYA0e38bf09e7,2024-09-27
ACCa00c56f32a,PAYa5C0bcbfe3,2024-09-27
ACC3f0ecfde73,PAY0c07b7373,2025-12-12
ACC3f0ecfde73,PAY0m46de9ae3b,2025-12-12
ACC43b4f20fa1,PAY4e7e5f5c61,2025-01-07
ACC66e696850e,PAYec76964a9f,2026-06-16
ACC01d44b723d,PAYd08144c4b4,2024-10-06
ACCdabcf74d88,PAY795d2db4cb,2026-01-12
ACCd1cb3af4db,PAY621391d3c3,2026-05-29
ACCd1cb3af4db,PAY33e6d9c2c,2026-05-29
ACCca81f8e3be,PAY95695aFea7,2026-02-23
ACCe632369399,PAY983944905e,2025-10-27
ACC6e7f5182d3,PAYbc6971ff95,2026-05-23
ACC6e7f5182d3,PAY720c9cb01f,2026-05-23
ACC59b6abdaa8,PAY9fd8af495a,2024-11-17
ACC59b6abdaa8,PAY4006c1e48f,2024-11-17
ACC177ce151ff,PAY652fb21c1a,2026-05-26
ACC20d4287f10,PAY8f0a48b970,2025-07-21
ACC81267b5a8d,PAY8c87e06732,2024-09-07
ACC81267b5a8d,PAY06aa694b8d,2024-09-07
ACC5dbfa8c45a,PAY9bec721453,2025-04-06
ACC5dbfa8c45a,PAY77d1a5415a,2025-04-06
ACC44fe6537ae,PAY0dd16923ca,2026-04-13
ACC6391be09c8,PAaYafa837a9d,2025-06-02
ACC3397f5a1de,PAY642d695958,2025-01-05
ACC4336843b17,PAY0a2a8aae92,2024-12-28
ACC8c02e867df,PAY7713758990,2026-06-22
ACC8a19a4dc25,PAYcd4faD45bc,2024-12-30
ACC60ab199d64,PAY261f1d869,2026-04-21
ACC0bf6cb8aac,APY8cab6b175e,2026-07-11
ACC780a884eb4,PAY95f24e2320,2025-08-28
ACC780a884eb4,PAYf32100bb67,2025-08-28
ACCf4afb860ff,PAY7c00535350,2025-07-22
ACCf4afb860ff,PAYb013a06fc4,2025-07-22
ACCdf7cdea3bc,PAYaf4f3bf304,2024-10-19
ACCdf7cdea3bc,PAYabdb6bd7f7,2024-10-19
ACCa188cdfc62,0PAY18f3914d3b,2025-10-10
ACC29a8ea3bc1,PAYf505aaae93,2026-06-23
ACC33297970cf,PAY3929722565,2026-03-31
ACC63487437bb,PAY47648b5cff,2026-01-10
ACCf50407a5c5,PAY744985f0c6,2024-10-10
ACCf50407a5c5,PAY1bb739acf2,2024-10-10
ACCf4e48a1170,PAY1818d8bd04,2025-09-09
ACCf4e48a1170,PAYb043b46e01,2025-09-09
ACCd57e0122a5,PAYabd966d18d,2024-12-30
ACCd57e0122a5,PAyb3777fb033,2024-12-30
ACC0e8800ae54,PAYb5e13653ad,2025-11-30
ACCcb68f3d4c7,PAY98d1b4c906,2025-12-12
ACC643b3a0b89,PAY605ef3cc2e,2025-04-14
ACC643b3a0b89,PAY50fa7743a5,2025-04-14
ACC77c9ac5b64,PAdY5b30efa796,2024-11-24
ACC77c9ac5b64,PAY25696c1af1,2024-11-24
ACCef056c2413,PAY1086aueaf17,2025-05-06
ACCbe843f4045,PAY6d2b618ba4,2025-02-23
ACCbe843f4045,PAYcde4345f3e4,2025-02-23
ACCf814644ebd,PAY9444565c9b,2025-09-04
ACCf814644ebd,PAY1afde03e3c,2025-09-04
ACCb37452f7fe,PAY508ddecb8,2026-08-12
ACCb37452f7fe,PAY38da944bfd,2026-08-12
ACCc57b709955,PAy4d54a6c24c,2026-03-16
ACCc57b709955,PAY3f9060305e,2026-03-16
ACCf567e1b032,PAY842c83a5e0,2025-12-06
ACCf567e1b032,PAY7081059eef,2025-12-06
ACC1ea5313f33,PAY6a3296cd40,2025-08-16
ACC1ea5313f33,PAY4c8c145dcb,2025-08-16
ACC735bb9a6e1,PAY07b409ae3c,2025-07-03
ACC62029019a7,PAY920f2a9d6a,2025-04-14
ACC790efee992,PAY99b3500cf9,2026-08-21
ACC89a9cf89c6,PA1Y6a1e53f74,2025-01-01
ACC89a9cf89c6,PAY2850667f83,2025-01-01
ACC8000e0214b,PAoYaae8e224e0,2025-09-11
ACC8000e0214b,PAYdb86cdd32c,2025-09-11
ACC9003feb14b,PAY8bf949bbdd,2026-03-19
ACC577fba421f,pAYba24db4c36,2025-02-26
ACC8946badcbe,PAY27df325582,2026-03-22
ACC99d16a64a8,PAY839412f144,2026-02-15
ACC99d16a64a8,PAY16ebbf70842,2026-02-15
ACC83deca967a,PAY5e0bdc2ae5,2024-11-13
ACC83deca967a,PAY9842e768c4,2024-11-13
ACC03ceb584c7,PAY8bbe4cf91,2026-06-25
ACCad15c303f1,PYA4d8465930d,2025-07-20
ACCad15c303f1,PAY07da2fea51,2025-07-20
ACC6e535671c3,PpAYea81acf798,2024-11-18
ACCc4b0913f5a,PAY626a0c88e,2026-07-21
ACCc4b0913f5a,PAY8c4acbca58,2026-07-21
ACC0ab4b0c1cd,PAY249ce4439e,2025-09-28
ACCb7db75f00d,PAYc8aa6314b8,2025-07-07
ACCab65734d32,PAY65406eae2d,2026-04-07
ACCab65734d32,PAY9cb080416B,2026-04-07
ACC1df1b3d35f,PAY0j1899fd371,2025-01-27
ACCb1c8a954ae,PAY44587e7813,2025-04-10
ACCb1c8a954ae,PAY974ef30b85,2025-04-10
ACCd43bf9033e,PAY486e7bc236,2026-08-30
ACCd43bf9033e,PAY3149s640f80,2026-08-30
ACC443df2a7d1,PAY6b75587656,2026-02-08
ACCff6e89887a,PAY1f702f5ff1,2026-04-25
ACCb929d5acb7,AY1f191f6674,2026-06-04
ACCb6d6f6b9d7,PAYe7ea7e2419,2026-01-08
ACCb6d6f6b9d7,PAY90dcb0c395,2026-01-08
ACC39827f274b,PAY8c0840074f,2026-03-15
ACC39827f274b,PAYd5b5325f1,2026-03-15
ACC0814171708,PAY1d08e1bd6b,2025-03-27
ACC2a889dad4b,PAY9043911026,2026-03-01
ACC7d71b1e5a9,PAYc62cf58f2d,2025-01-27
ACC7d71b1e5a9,PAYda270f86b,2025-01-27
ACC557cc02f79,PAY340a92f530,2025-09-11
ACC557cc02f79,PAY5fd99pd9edc,2025-09-11
ACCc678ac0b70,PAY00acf0d110,2024-10-22
ACC5510a6a263,PAY410e81d8a8,2025-10-20
ACC09806d5ed4,PAY75fe39b186,2026-04-13
ACC09806d5ed4,PAYfae961b861,2026-04-13
ACC3c7f910c65,PAY88c90ae784,2025-05-13
ACC3c7f910c65,PAY7b1085b1a9,2025-05-13
ACCe28524508b,PAYc040a6002f,2025-04-20
ACCe28524508b,PAY5b64b1731b,2025-04-20
ACC3a6e48fb8b,PAYca9ee10e79,2026-07-06
ACC3a6e48fb8b,PAY2e2d6defbd9,2026-07-06
ACC3f19727bf1,PAY47b185b454,2026-03-14
ACC224c0bdb0e,PAY22bd1f7506,2025-12-19
ACC34e93071db,PAY12398afee4,2024-12-14
ACC34e93071db,PAcY3bc74b378,2024-12-14
ACCd7e10bac38,PAY0163febfe6,2026-07-23
ACC9c2a13c277,9PAY0a68a8d62d,2024-10-24
ACCaa9ce1a821,PAYce58c3dd99,2025-01-01
ACCaa9ce1a821,PaYc92ca53d23,2025-01-01
ACC943ee86177,PAY990a92053,2026-04-02
ACCe691580ef1,PAYeb8d1d4b45,2024-09-24
ACC94461edd4f,PA8Y6ec8a5a39,2026-05-22
ACC94461edd4f,PAY68b7adf401,2026-05-22
ACC5e941ff566,PAY5a5a15539c,2025-05-20
ACC277d08e996,PAY435e8ec094,2025-08-15
ACCb70c685018,PAY66cd398f8c,2024-12-06
ACCb70c685018,PAY7ad241cf22d,2024-12-06
ACC69dbd87a47,PAY115f0aa85a8,2025-08-27
ACC69dbd87a47,PAY626aca938,2025-08-27
ACCc6370bd8fb,PAYf5908907d4,2026-08-04
ACCc6370bd8fb,PAYc2429359e,2026-08-04
ACC7b6e5c119b,PAYf57185654c,2025-03-11
ACC208f59a8d9,PAY70755319e5,2024-10-28
ACCa7170c09bc,P8AY4a8c413c45,2024-10-31
ACCa7170c09bc,PAY1fc98832f3,2024-10-31
ACC62822dfab4,PAY12dadd869,2024-10-24
ACC1f7fb71869,PAY31116595ba,2026-05-13
ACC0f9f8d6a96,PAY10f37f8def,2024-10-29
ACC0f9f8d6a96,PAY607a653450,2024-10-29
ACC98bccf4889,PAY96433bd256b,2024-11-07
ACCabbd540c76,PAY59f647193,2025-01-18
ACCabbd540c76,PAYecada2f487,2025-01-18
ACC015dcc3899,PAYd77ac44919,2024-12-29
ACC015dcc3899,PAY27b28c3fc0,2024-12-29
ACCca11f635a9,PA0Yf5533f67d,2025-12-18
ACC868d3d787f,PAY24cfa9e4e8,2025-08-02
ACC868d3d787f,PAY1102965723,2025-08-02
ACC9b787682a4,PAY93a55d193a,2025-04-20
ACC56e0855084,PAYc2ad2f6c8e,2025-03-17
ACC56e0855084,PAY7a1fe725f5,2025-03-17
ACCe7a981fdd6,PAYb0b61b7906,2025-07-28
ACCe7a981fdd6,PAYfa75545fd,2025-07-28
ACC5732feda4e,PAY5c1c552161,2026-06-15
ACC5732feda4e,PAY5963dfd03,2026-06-15
ACCde0622e9ea,PAY7c65ff8ae9,2026-01-19
ACC2b5137804d,PAY1be9857ea0a,2024-10-28
ACC2b5137804d,PAYcc56ea0b93,2024-10-28
ACCe37287db2e,PAYd8f4e1697a,2025-08-22
ACCb983bc4808,PAY09756f36db,2024-12-16
ACC3b5ce93446,PAY4c2937640c,2025-10-10
ACC3b5ce93446,PAY66d0cbfdbe,2025-10-10
ACC58b945369c,PAYe5Ff72009b,2024-12-17
ACC58b945369c,PAY22795029d5,2024-12-17
ACC0f72daaace,PtAY5413eb073b,2026-07-30
ACCc7b93bb121,PaY577df298e1,2026-06-09
ACCc7b93bb121,PAYb0e5af36cb,2026-06-09
ACC56de1c9f77,PAY7511726e4b,2024-11-06
ACC9b65af0e7b,PAY07c6e41cef,2026-03-16
ACC5cdcec58b1,PAY5d60c1be8,2025-12-31
ACC5cdcec58b1,PAYfe90fab32,2025-12-31
ACCced45148fc,PAYc20d2667e1,2025-01-11
ACCb2bb0d0ced,PAY90897daea2,2024-12-21
ACCf90b76a3a0,PAY2003e4c5f30,2026-01-21
ACCe5af46e5b7,PAY8500a11e9a,2025-04-02
ACC137f549f00,PAY51923b011c,2026-02-11
ACC137f549f00,PAYf36ef85206,2026-02-11
ACCd36da8ce25,PAY2749341e79,2026-03-27
ACCc5d6d1e1ab,PAY4578164c3,2026-08-06
ACCc5d6d1e1ab,PY1e3a0ba12a,2026-08-06
ACC44dc0e5e2c,PA2Yc17e2f6a3,2026-01-10
ACC343ef5dd39,PAY641397e2de,2024-10-05
ACC343ef5dd39,PAY64e36fa272,2024-10-05
ACC926422ffb0,PAY4did413284f,2025-12-09
ACC926422ffb0,PAYe224956a9,2025-12-09
ACCff4e304581,PAYe7dca1d7f,2025-07-11
ACCff4e304581,PAY0a0360d52d,2025-07-11
ACC5439df5fda,PAYe103f84429,2026-07-11
ACCab7ea16e61,PAYb15352740e,2025-04-04
ACC8a80021e3a,PAYee16d287f9,2024-09-24
ACC8a80021e3a,PAY4fdb8e41c8,2024-09-24
ACCe1ffeef5d2,PAY5daa1a2c07c,2025-05-31
ACCe1ffeef5d2,PAYbf7363e02b,2025-05-31
ACC0f111f54fd,PAYu6a924a0e74,2024-09-17
ACC0f111f54fd,PAY53762ac4e3,2024-09-17
ACC11685a9f5d,PAYdfc698183,2025-08-29
ACC6d7a2cc47b,PAY9a9e810bcb,2025-08-12
ACC6d7a2cc47b,PAY541f061b93,2025-08-12
ACC0a6d6e0f73,PAYf222f04caa,2026-03-19
ACCc916d6d726,PAYe19076bb3a,2025-09-23
ACC93383441c9,PAYfca4c5f1a,2026-06-21
ACC93383441c9,PAYe47b712eb3,2026-06-21
ACC689d4c4df6,PAY7c75e87023,2025-04-01
ACCfe97c12bed,PY17ed30850a,2025-01-30
ACCeab540bbc3,PAY2b2133b14A,2024-12-23
ACC95eb7d82e3,PAYb93d48e313,2026-04-16
ACC95eb7d82e3,PAY4de77b5552,2026-04-16
ACC263ad49e2c,PAYa919d3b82,2026-08-17
ACC7c696bd8b3,PAYfd8d9129aa,2026-06-06
ACC7c696bd8b3,PAYfdea778bb0,2026-06-06
ACC267ac86c1e,PAYbaa1498763,2025-06-27
ACC267ac86c1e,PAY6ed62a285a,2025-06-27
ACC3358f168d8,PAYd420d44d0f,2026-05-25
ACCe8f9422ec4,PAYdc6134c545,2025-09-11
ACC2afdd14bff,PAYd788a7e4fe,2024-10-18
ACC667ceff299,PAYcb97edf497,2025-05-17
ACC667ceff299,PAYc2a386cf5c,2025-05-17
ACC75952d32f1,cPAYdbfe9b580c,2026-01-26
ACC75952d32f1,PAY0c61c907e0,2026-01-26
ACC88b3dde979,PAY2bb15114f1,2025-12-23
ACC88b3dde979,PAYac3373c762d,2025-12-23
ACCb9922f110e,PAY98cd8dabbf,2026-06-14
ACCaaecad11b5,PAY42a95f6ee8,2026-05-30
ACC3da3a92e1e,PAY2204b3da64,2026-01-11
ACCb2a3bf809a,PAY53c98ada50,2025-01-16
ACCe7f59b3505,PAY1bd478b29,2025-06-24
ACC46387b4a21,PAYd5caa944f1,2026-06-14
ACC46387b4a21,PAY965fc0e04,2026-06-14
ACC52374f9b7c,PAYb4b8cbef9d,2026-01-28
ACC52374f9b7c,PAY791e5236e0,2026-01-28
ACC4f9701bcfa,PAY3a04628172,2025-07-31
ACC4f9701bcfa,PAY284bee9480,2025-07-31
ACC5b647a5971,PAY293721dcea,2024-11-21
ACC5b647a5971,PAY6fe7c52ecb,2024-11-21
ACC2706887615,PAYb2a7bb0304,2025-04-03
ACC2706887615,PAY91fdc07f10,2025-04-03
ACC83e4177d22,PAY558ab7314,2026-07-20
ACC112da701f8,PAY018b331fab,2025-08-24
ACC112da701f8,PAY15f2de3l449,2025-08-24
ACCe6ec8aa4b0,PAY24c1bfc392,2026-06-05
ACC7a7383c216,PAYfd218809F5,2025-11-21
ACC7fa8795fae,PAYbceee51673,2025-03-22
ACC4b7cdcefab,PAY6262c0f92c,2025-04-03
ACC4b7cdcefab,PAY75fc0c4909,2025-04-03
ACC16d4e3f706,PAYee14b2604d,2025-07-03
ACC6221d2a27c,PAY83642602c3,2024-09-08
ACC1138aa5a28,PAYd106e0bc79,2025-02-09
ACC1138aa5a28,PAY1a0b2d0b4e,2025-02-09
ACC024db831e1,PAYc631708f45,2024-10-27
ACCa6c26ee1fa,PAYccbc6d2c27,2026-05-11
ACCc8cacad12e,PAYcde77defc1,2026-02-01
ACCd5574121bc,PAYbs595b2a263,2025-10-15
ACCfb8560e51c,PAY78c233ec30,2025-10-27
ACCfb8560e51c,PAY96a57a9815,2025-10-27
ACC8117360c3f,PAY21b89dcbaa,2025-10-27
ACC5b6e199086,PAY5a82a4ead4,2025-02-04
ACC13b560b488,PAYaedd7c8f53,2025-07-26
ACC42f0e92d28,PAY0bd5ae6ff9,2024-11-03
ACC953eac75d3,PAYf724a24be2,2025-03-25
ACC953eac75d3,PAY90a0df1416,2025-03-25
ACC374720077d,PAYa78a0bc6a4,2024-10-05
ACCb2550295ad,PAY005bd4f298,2026-03-15
ACCb2550295ad,PAY03e8e8c2d,2026-03-15
ACC3253aecb18,PaYfae7d2ccf3,2025-04-10
ACC4342a3e3cd,PAy03ff98e1f1,2026-03-08
ACC8af4bf4bc5,PAY2a28aa3bfd,2024-09-28
ACCceec158035,PA84cc75dcea,2025-09-07
ACCceec158035,PAYec056d91a7,2025-09-07
ACC9b1e0159d1,PAY890288e4cf,2026-03-20
ACC9b1e0159d1,PAYc754c3f217,2026-03-20
ACC6e9175ce47,AYae17704be8,2025-12-18
ACC1ddd66028d,PAYba470b3afb7,2026-08-07
ACC1e0abe2452,PAy583b48dea5,2025-12-17
ACC1e0abe2452,PAY4a86d366ee,2025-12-17
ACC03d182b81e,PAYe6z77925912,2026-03-23
ACC03d182b81e,PAYba2926970fe,2026-03-23
ACC2260c73592,PAY104d7ad6b4,2026-07-08
ACC2260c73592,PAYa869i3a3b37,2026-07-08
ACC1ce7699940,PAY95bcd79dc21,2025-02-10
ACC1ce7699940,PAYa7747ddd92,2025-02-10
ACCfed36d796e,PYAc6ede1a5a5,2025-08-18
ACCfed36d796e,PAYd79a2a4628,2025-08-18
ACC89496bd519,PAY61d673874d,2025-02-27
ACC89496bd519,PAYd9b8cdf07b,2025-02-27
ACCa34b1902f2,PAY7e953a7a40,2025-12-30
ACC560dd7fbb5,PAY9bc5d3ef77,2024-12-24
ACC560dd7fbb5,PAY3dcfe6a7652,2024-12-24
ACCec952e9e70,AYc59d99196c,2025-04-18
ACCec952e9e70,PAYf7850024ad,2025-04-18
ACC23062c9cce,PAYa2d5bd58d,2025-10-28
ACC23062c9cce,PAYe8d292aadb,2025-10-28
ACC9b1b72fd1d,PAY1ed4a606da,2026-07-19
ACC9b1b72fd1d,PAY3A72a28382,2026-07-19
ACC20c2cc850d,PAYfe7503b40fb,2025-03-08
ACC6f85e9d237,PAYb0f268096,2026-05-05
ACC79039c2a4e,PAY6dd09b9c12,2025-04-05
ACCd108939c09,PY8b1e574a10,2026-01-20
ACCd108939c09,PAY908a15ac8d,2026-01-20
ACCa96e2c73f0,PAY2cbb1279d8,2024-09-23
ACCa96e2c73f0,PAY34603e7b23,2024-09-23
ACC31d15c50a3,PAYd513ac0c27,2026-03-16
ACC31d15c50a3,PAY2b942c223d,2026-03-16
ACCffb78a40a0,PAY509f449b2,2025-06-17
ACCffb78a40a0,PAY80092a7b2b,2025-06-17
ACC163cb06ccc,PAY7751de46b1,2025-11-24
ACCce54856937,PAYed15518de1,2025-01-23
ACCce54856937,PAY2565428c4,2025-01-23
ACCdc8ab1863a,PAY71a0f5d204,2026-04-26
ACC1e2879272d,PAY89484b45cb,2025-08-18
ACC1e2879272d,PAYe160a80395,2025-08-18
ACCd485bbdc0e,PAYE45b6b7d04,2025-06-14
ACCd485bbdc0e,PAYb04e6ed656,2025-06-14
ACC772f8b65bd,PAYe0ff48066f,2024-10-04
ACC772f8b65bd,PAY8d8d91162,2024-10-04
ACC9f9c52f6e4,PAY9476e692c7,2025-12-15
ACC9f9c52f6e4,PA5700c7bf19,2025-12-15
ACC1ea7383d4a,PAYe93df7704e,2024-10-30
ACC2e0756d029,PAY78213825ee,2025-08-11
ACC2e0756d029,PAYa0c3157396,2025-08-11
ACCfc8022a417,PAYf1b735e44d,2024-10-12
ACCfc8022a417,PAYf84f527a8b,2024-10-12
ACC206fc16184,PAY2853908f39,2025-09-18
ACC4fba3838c7,PAac641fbcfb,2025-02-24
ACC5908eb274d,PAYb4092690e8,2026-07-06
ACC2ed3e673d5,PAY47ad906c2d,2026-04-05
ACC2ed3e673d5,PAY76b4932c4,2026-04-05
ACC9cdbe131bf,PAY7430bc9b8a,2025-10-01
ACC9cdbe131bf,PAYd325ae00b5,2025-10-01
ACC893fbf2c3f,PAYd7dof255698,2026-03-09
ACC4fc84b273e,PAYd8a6de63e6,2024-12-14
ACC4fc84b273e,PAY2c8ecd9093,2024-12-14
ACCa09bfe9f26,PAY946d6db4dd,2026-04-22
ACCa09bfe9f26,PAY7a44bcd900,2026-04-22
ACC8641e241ee,PAY3eb36c5b2d4,2025-07-16
ACCfbf02c1074,PAY3704c1448,2026-06-17
ACCfbf02c1074,PAY02d67d232f3,2026-06-17
ACCa2ddbe4dff,PAY79aa1208b2,2025-08-18
ACC31285f7562,PAYfc596055b6,2024-09-06
ACC31285f7562,PAY24e5008ee09,2024-09-06
ACC6f2e729ea8,PAYbbe272a406,2026-07-29
ACC6f2e729ea8,PAY36d86b924e,2026-07-29
ACC3a79810704,PAY3683dd8e22,2024-09-08
ACC97f85fd77d,AYf434a50ff0,2025-11-09
ACC97f85fd77d,PAY880e77107b,2025-11-09
ACCa66a603ec5,PAYaad284a9a7,2025-03-11
ACCa66a603ec5,PAYbe5ce92f9,2025-03-11
ACCed7cfad937,uPAY504d4dffda,2026-08-27
ACCed7cfad937,PAYc03923a1c0,2026-08-27
ACC8a77a5c347,PAYf1599b136d,2024-09-30
ACC8a77a5c347,PAYd154e7604e,2024-09-30
ACC46762e5631,PAY90833b7048,2024-10-05
ACC3992fef3a6,PAYab900cc4ff,2026-04-30
ACC73601257ad,PAYb5f5234a4f,2024-11-28
ACC39aad74360,PAYac6c67c3b7,2024-12-14
ACC551f93ea88,PAY34f270517d,2025-02-06
ACC202766f689,PAY445b7261ae,2025-10-18
ACC2028abb4d4,PAY4621ebe1f5,2025-01-31
ACC2028abb4d4,PAYcc43e81ded0,2025-01-31
ACC7b730b2afe,PAY9aa71067fc,2025-04-02
ACC7866b4a206,PAY0c6856842e,2024-11-27
ACC7866b4a206,PAYb1541e5878,2024-11-27
ACC67caa04233,PAycb70ca3ecd,2026-06-27
ACC5985579a69,PAY1a300c8ef,2025-07-08
ACC5985579a69,PAYe21d0f6d68,2025-07-08
ACC701bbc2148,PAYf2af21b45d,2024-09-12
ACC701bbc2148,PAY3335d90ec9,2024-09-12
ACCb5dc77e3ff,PAY0fa3h958f04,2026-06-14
ACCa359d06929,PAYceddb4a5a5,2025-09-04
ACCa359d06929,PAY1e27c76632,2025-09-04
ACCef3e1190d2,PAY4b8d2d1442,2026-05-10
ACC9f636f1ae4,PAYd31c217ac,2025-04-09
ACC65a627fc60,PAYa297926afe,2026-07-24
ACC65a627fc60,PAY53f9ced88f,2026-07-24
ACC42e787da3f,PAY7bbc7315cb,2025-08-20
ACC42e787da3f,PAY17ca8d4b6t7,2025-08-20
ACC230e04e1ed,PAY5ca225de72,2025-06-16
ACC711e9173f0,PAY83eef54139,2025-06-29
ACC711e9173f0,PAY472633d209,2025-06-29
ACC0a9f3bcf11,PAYb631a73eb9,2026-08-15
ACC0a0b973753,PAY8b1827cb7c,2025-09-04
ACC0a0b973753,PAYecd900aec0,2025-09-04
ACCd81301b233,PAY484c9a54e4,2025-12-04
ACCd81301b233,PAY326B6e8f14,2025-12-04
ACCc2c6c5ee40,PAYaf496938b7,2025-10-19
ACCc2c6c5ee40,PAY21a1ee8d23,2025-10-19
ACCf73883eb48,PAY37390eab35,2025-11-30
ACC42f166091b,PAYf4c203fc95,2026-04-29
ACCa2faddab22,PAYef42c1fcbb,2026-03-21
ACC5a5522f527,PAYa6d4ebdg458,2025-03-24
ACC5a5522f527,PAY5963e5d2ab,2025-03-24
ACC29db959c6c,PAY7e9bbbdcf3,2025-11-23
ACC0ecb27fea7,PAY9c5c114f64,2025-02-05
ACC007d9f8eef,PAYac36ab9ecb,2026-02-03
ACC007d9f8eef,PAY032dbdd632,2026-02-03
ACCbee6a98177,PAYef011067b9,2025-03-12
ACC66e456beeb,PAY7b113cdfd5,2026-02-20
ACC66e456beeb,PAY6e33313c86,2026-02-20
ACCf0389fbcda,PAYfc0dc954ce,2025-03-18
ACCf0389fbcda,PAY18be1b260,2025-03-18
ACCb74e3536e0,PAY83a66ce68f,2025-01-19
ACCb74e3536e0,PAYdc78627446,2025-01-19
ACC2cd094c694,PAYbf839h90d04,2025-09-08
ACC275667c030,PAYedd845d00,2026-06-16
ACC527d48dcb8,PxAYf14ba85c03,2024-12-15
ACC90a8edfe8f,PA8Y3439379ee,2026-05-16
ACCe571050cf3,PAY0b8816b4c,2025-06-01
ACCfc113258dd,PAYb739559bf3,2026-01-14
ACCfc113258dd,PAY3282580c94,2026-01-14
ACC915e3bc254,PAY4fb8523dd2,2025-04-17
ACCdd9b714bcc,PAY259d308340,2026-04-24
ACCdd9b714bcc,PAYfd5d2f4405,2026-04-24
ACC7399ee1cb0,PAYf58d4e6ecb,2025-11-13
ACC7399ee1cb0,PAY00F223b2ae,2025-11-13
ACC76f013960f,PAYa98248de3c,2026-01-04
ACC88407dd35d,PAYbbd96e5289c,2026-05-18
ACCb7a66b1a76,PAYa0cbd2f7e,2026-01-11
ACC0a69e49129,PAY32e781afff,2025-01-19
ACC8ec1aef50a,PAYa31F6b461a,2025-08-19
ACC8ec1aef50a,PAY50f0ecb550,2025-08-19
ACC069a53e01e,PAY451498ad6e,2025-05-10
ACC29cca1cac4,PAYf71b1e7699,2025-02-24
ACC29cca1cac4,PAY3306b51183,2025-02-24
ACCf00959b436,PYd4869615f3,2026-03-12
ACCa1f89b0fd1,PAY04ba633376,2025-12-04
ACCa68408e7f3,PAY8f032f8b9e,2025-11-21
ACCa68408e7f3,iPAY57ffd56234,2025-11-21
ACCc536b54056,PAYf779eb756e,2025-01-01
ACC3450161ff2,PAYe7989ad20f,2024-12-21
ACC3450161ff2,PYA2478b7f859,2024-12-21
ACC3c2efc80f4,PAYace07f5c43,2025-04-03
ACC3c2efc80f4,PAYa6021f4ded,2025-04-03
ACC0f1b3c0512,PAY88c42095a8,2025-12-27
ACC4752e76812,PAY0aff9965a6,2025-03-22
ACC4752e76812,PAY558139acf5,2025-03-22
ACC0d7fcad22a,PAYf80f8aa5c3,2026-02-24
ACC0d7fcad22a,PAYe6f77dc8e,2026-02-24
ACCbe590148c4,PAYe1fc0d7bd9,2025-01-20
ACC1c7f0521ea,PAYda94818ba6,2025-01-14
ACC82ee6c0e35,PAYd8947226df,2026-02-16
ACC82ee6c0e35,PAY38a9a95846,2026-02-16
ACC8e93ea86f7,PAYc2f6e6c7c4,2025-10-18
ACC8e93ea86f7,PAY2b6cbd61fb,2025-10-18
ACCe8be803953,PYAc6ae18f2df,2026-06-26
ACCe8be803953,PAYff7ca8e02c,2026-06-26
ACCe5a2aabf33,PAY90e46a8061,2025-06-23
ACCe5a2aabf33,PAY6c2657a139,2025-06-23
ACCd02a94788a,PAY2defc8c79c,2025-12-06
ACCa6c0c8282c,PAY6aded08eeb,2025-10-08
ACCa6c0c8282c,PAY88977dfb57,2025-10-08
ACC288e4d2e82,PAY99b9ba8179,2025-01-10
ACCe7235e880b,PAYf80317bf52,2024-09-02
ACCcca15cc59d,PAY0d220ef194,2026-05-28
ACC8c46a77bda,PA0Yecf5e3bdb1,2024-10-25
ACC8c46a77bda,PAY4c6941ad0a,2024-10-25
ACC5f77e8515f,PAY85200b352c,2025-03-21
ACC5f77e8515f,PAYf09439cf25,2025-03-21
ACC7292f3faec,PAY2e8c13c912,2025-03-12
ACC7fd747430b,PAY36e913211j8,2026-08-08
ACC02b638446c,PAYcda68f0634,2026-02-15
ACC02b638446c,PAY9fc5afd8e9,2026-02-15
ACCa154450a7e,PAY15fae71267,2025-10-30
ACCa154450a7e,PAY78d6d48f52,2025-10-30
ACC53be22b897,PAYecfe6fa3b7,2026-07-29
ACC53be22b897,PAYbf2bd1dc2f,2026-07-29
ACC76758661db,PAY5080d5453c,2025-02-13
ACC76758661db,PAY8b28f9504a,2025-02-13
ACCf4df76d20a,PAY751c922429,2025-03-05
ACC24e050eeb6,PAY8525adc684,2024-09-28
ACC24e050eeb6,PAY255de22066,2024-09-28
ACC9cb3dfe274,PAYd0cdae3f1a,2025-07-20
ACCd7c2f93b8a,PAYede489a890,2025-08-27
ACC562c1aeea8,PAYf047eb7259,2025-07-02
ACC562c1aeea8,PAYc42faf441c,2025-07-02
ACCd62ee3893c,PAYf19876794f,2026-01-05
ACCb3cef4f0c2,PAY088c2afe86,2024-09-24
ACCb3cef4f0c2,APYd59ad61fbd,2024-09-24
ACCbbdc8a0536,PAY74e3641bBc,2025-04-12
ACCbbdc8a0536,PAYb253da153c,2025-04-12
ACC3fb54e1df5,PAY49db85d661,2025-11-06
ACC3fb54e1df5,PAY335ef4671e,2025-11-06
ACC7228798d9e,PAYf259cc7f05e,2024-09-12
ACC7228798d9e,PAY2cea188089,2024-09-12
ACC57f78e4410,PAYc9e9cb05e,2025-08-31
ACC675f7ea738,PYA087ec21b1a,2026-03-24
ACC9c67ba834f,PAYfc42g01a58c,2026-05-02
ACCfbf79959e9,PAY1c5c4b2fd1,2024-11-04
ACC864290be53,PAYfe6597d9b9,2025-02-27
ACC864290be53,PAY3456ce162ca,2025-02-27
ACCe643797eec,PAY5f911d6427,2026-06-08
ACCa55d4bcdee,PAY182d17abc9,2025-12-30
ACC0bcb9a8bc6,PYAfd84464017,2025-02-25
ACC865cf902c3,PAYb884dcb68f,2026-04-06
ACCf36978f260,PAY06777b447e,2025-08-06
ACC0c89853407,PAY9452a227b7,2025-12-20
ACC7ab4ac2116,PAY1346b06709,2025-07-22
ACC7ab4ac2116,PAYe7382e165f,2025-07-22
ACC772c507e41,PAYceb9551fd9,2026-02-24
ACCbd82c4e9a4,PAY4b8672d1a6,2026-03-12
ACCbd82c4e9a4,PAYed6548543d,2026-03-12
ACC2b962ed3ae,PAY77fce5f247b,2026-04-14
ACC80d15039ab,PAY0a325bf500,2024-12-21
ACC80d15039ab,PAYc7d9a6c285,2024-12-21
ACC7107b66990,PAY1dab3a1c2b3,2026-06-16
ACC7107b66990,PAY4i632393770,2026-06-16
ACCe24a3771d4,PAY6e9adcde25,2026-01-10
ACCe24a3771d4,PAYbfd6ae3ad8,2026-01-10
ACCa3f4f77766,PAY53fe41686e,2025-02-11
ACC5bfe627c0d,PAYd22d7f1302,2025-12-12
ACC5bfe627c0d,PAkY53905166bf,2025-12-12
ACC9ef3a2a264,PAY2ea40ec935,2025-09-09
ACC9ef3a2a264,PA4Yf639d84f3f,2025-09-09
ACC7ac759f994,PAY31d6e00e30,2025-12-26
ACC7ac759f994,PAYbpcb79fb148,2025-12-26
ACC19b208f0ed,PAY507a6497c2,2025-04-16
ACCd488c077ef,PAYc4da3291e6,2025-03-29
ACC301ada1ad1,PAYa65506940c,2025-02-09
ACC0c2c9a0413,PAYe1a1f8297e,2026-02-19
ACC0c2c9a0413,PAY1ed2b2a6d7,2026-02-19
ACCd29ae0ad82,PAY835c3ae7ba,2025-10-27
ACCa508722b8b,PAYf5e5dd6ad4,2025-02-07
ACCa508722b8b,PAY4d45f22c50,2025-02-07
ACC5da0370124,PAY80ec43ee44,2026-05-02
ACC5da0370124,PAYec35759c13,2026-05-02
ACCa1a073f03b,PAYbd6659153b,2025-04-06
ACC71059706de,PAY0daa4369e0,2026-01-05
ACC71059706de,PAY457d819961,2026-01-05
ACC6006d08581,P5AY2ed7b73ba6,2025-05-25
ACCea9faaecb9,PAY3b1c030596,2025-02-23
ACC03605ff43f,PAY874eafd677,2026-01-05
ACC03605ff43f,PAY367968d866,2026-01-05
ACC2299aa3405,PAY8a39b97074,2026-06-15
ACC38d33dddc1,PAYe2169b5529,2025-05-15
ACC38d33dddc1,PAY66b7f1f60e,2025-05-15
ACCf57afc7622,PAY93c5l9a9364,2024-10-03
ACCf57afc7622,PAY8a74172855,2024-10-03
ACC60fcd97647,PAY2624a15cc7,2025-05-03
ACC60fcd97647,PAYcf0f19aeca,2025-05-03
ACCa5fd56e2e5,PAYe4f865e47c,2025-05-10
ACCa5fd56e2e5,PY1019dde3a8,2025-05-10
ACC37044cd4eb,PAY9bf1ccef71,2026-08-05
ACC37044cd4eb,PAY57397aaec6,2026-08-05
ACC8618164a71,PAY294926f6b8,2026-07-04
ACC8618164a71,PAYecd477e388,2026-07-04
ACC622358398a,PAY40789cdcf5,2025-08-12
ACCb04dee1e21,PAY3c6a959933,2025-03-26
ACCb04dee1e21,PAYf2d90f6a4c,2025-03-26
ACCf5cc948752,PAYe73cceebe8,2026-05-24
ACCf5cc948752,PAYf0427b4796,2026-05-24
ACCe5d71ccf0f,PAY9a09e5849b4,2026-06-18
ACC190ed31b59,PjAY3e8fcf91fb,2026-04-07
ACC190ed31b59,PAY6b68a14471,2026-04-07
ACC61a884bac1,PAY59256907c6,2026-06-09
ACCbea6ad67f7,PAYfk0362ac554,2024-10-18
ACCbea6ad67f7,PyAYd0aeae16cc,2024-10-18
ACCe37b759613,PAYe24c4b0d2e,2026-06-10
ACCe37b759613,PAYf7a66bc650,2026-06-10
ACC8dd1414c82,PAY3653e89a01,2024-10-01
ACC8c7299a15f,PAY63d45eea6d,2026-03-27
ACC012dc7807a,PAY202df1585f,2025-07-16
ACC00cba0d7a8,PAYd7d82f16f2,2025-11-25
ACC3da540472e,PAYde1f1d1b5,2025-04-30
ACC3da540472e,PAYf8d45f56be,2025-04-30
ACCf2e6e38f90,PAY95c662e284,2025-06-06
ACCf2e6e38f90,PAYcba7f7d601,2025-06-06
ACCcdf7ce690d,PAYcb800f999d,2026-03-30
ACCcdf7ce690d,PAYb6f109e391,2026-03-30
ACC83ae34bb5b,PAYde64d23bab,2025-05-31
ACC83ae34bb5b,PAY8a4e7735cd,2025-05-31
ACC0888c36340,PAY9bea8e49b3,2025-05-14
ACCa001f08b01,P2AY9cdcc87a18,2025-10-17
ACC803e837e3b,PAYa363e520b,2026-07-22
ACC3c540d075a,PAYe791a0495c,2026-02-12
ACC3c540d075a,PAY068e7c3753,2026-02-12
ACCe32d03b1ed,PAYfbda03b403,2025-03-20
ACC57c14944b4,PAYc9b9842d1d,2025-07-17
ACC57c14944b4,PAYe48495ba30,2025-07-17
ACC60a1d00ffa,PAYdb029af4b1,2024-09-19
ACC60a1d00ffa,PAY097b7ca2d2,2024-09-19
ACCa2336bda6d,PAY90f9f0f0fd,2025-09-19
ACCa2336bda6d,PAYe12a8a299e,2025-09-19
ACCfeeea34605,PAYb9a8523e61,2026-06-07
ACCfeeea34605,PAY1cf31a328e,2026-06-07
ACC78f544d806,PAY601a083a98,2024-12-01
ACC78f544d806,PAY3faff4156c,2024-12-01
ACC654c4bed04,APY2cdcd539b3,2025-09-17
ACC10fdefa5cf,PAY722f737527,2025-08-29
ACC10fdefa5cf,PAY987d9d7701,2025-08-29
ACC2f4bde3c53,PAYe14cb35940,2025-09-04
ACC2f4bde3c53,PAY29f91177b3,2025-09-04
ACCdb62e6edf7,PAY086177b3fdb,2025-10-01
ACC9592c95300,PAYc37a8f1d20,2026-08-27
ACC9592c95300,PAY9d1fc41910,2026-08-27
ACC996ee61149,PAYcd7b6071c,2025-11-15
ACC4b4459e173,PAY1c924db1fa,2025-11-15
ACC4b4459e173,PAYc7aa805646,2025-11-15
ACC1a448f3d76,APYad4bf83b9a,2026-02-26
ACC1a448f3d76,PAY0199444d57,2026-02-26
ACC01af376d2e,PAYbe7345897e,2026-01-13
ACC01af376d2e,PAYd81f3a44b1,2026-01-13
ACC839a3fed66,PAY48b3e7317e,2025-04-08
ACC839a3fed66,PAYc033a1a4f4,2025-04-08
ACC5b1d8dc9c3,PAY4d0485a27,2025-10-23
ACC38550bb639,PAY4962fa9fc2,2025-07-24
ACC82673e3d55,PAY93ba173f2e,2026-01-07
ACC84565aa6ae,PAY9c8269d357,2024-09-28
ACC8eb5ec2998,PAYd58f7d5702,2025-12-22
ACC8eb5ec2998,PAYa476ead66b,2025-12-22
ACC7132a7c1c9,PAYb0432f9c02,2026-02-05
ACC7907e2c5ad,AY6f8ab2e73c,2025-12-26
ACC7907e2c5ad,PAYdba52f9a35,2025-12-26
ACCc8ffacd1af,PAY9c2cdd73b,2026-06-29
ACCc00afdc4a5,PAY8996ec8887,2026-08-08
ACCc00afdc4a5,PAYc55bc6d644,2026-08-08
ACCbf3fae629b,PAY5dafb01431,2025-07-09
ACCbf3fae629b,PAY2e9ddba029,2025-07-09
ACC1bfc38c6a3,PAY9032d44f9a,2026-03-21
ACC1bfc38c6a3,PAYaf6b71o9176,2026-03-21
ACC86dcb3cb0a,PAyfb3634dd54,2026-02-16
ACC74645894ec,PAYee78ba8c90,2024-09-28
ACC328f7d023a,PAY50a17d11b5,2024-11-16
ACC3a4fb068cb,PYA03ed05b7da,2026-01-16
ACCf81ca39080,PAY013487b35b7,2025-09-02
ACC0df2c2ac30,PAYddbd80db09,2024-11-02
ACC0df2c2ac30,PAY6f3a276c76,2024-11-02
ACCc4dd2702d7,PAY975f51f125,2024-12-20
ACC4aa1e7890c,PAY4107d74a5a2,2025-01-28
ACC4aa1e7890c,PYAb0b5c794c8,2025-01-28
ACC08290c54b9,PAY49f1d48abf,2025-04-30
ACC08290c54b9,PAYfde7bl8262d,2025-04-30
ACCc536f47e08,PAY7f516e5da2,2025-09-27
ACCc536f47e08,PAYc560f1Fc3e,2025-09-27
ACC6f72670d2e,PAY26e3b0ddb5,2024-11-20
ACC6f72670d2e,pAY8aef2de728,2024-11-20
ACC3be4a1b005,PYAa2627eef11,2025-12-15
ACC3be4a1b005,PAY932b55a527,2025-12-15
ACC51d90d06ae,PAY1a569e74c2,2025-05-28
ACC062db91d00,PAY245ecc9ae4,2024-10-11
ACC29ca1ccb45,PAY772d648b574,2025-07-23
ACC29ca1ccb45,PAYde1f839544,2025-07-23
ACC8729dce84c,PAY5c2590c74e,2026-03-10
ACC8729dce84c,PA7Y238d814a9,2026-03-10
ACC83499a9f1b,PAYb8b099bd4b,2025-07-04
ACCa4d403990d,PAYf944c514b,2025-01-29
ACCa4d403990d,PAY9ecc1d896f,2025-01-29
ACC4b4d39c1a6,PAY8c993Cf473,2026-02-27
ACC4b4d39c1a6,PAYE0ec5734b9,2026-02-27
ACC2aad8df028,PAYfe3f82c79d,2026-05-13
ACCb217d09245,PAY1381783a3e,2026-02-02
ACCb217d09245,PAYe90bcd4535,2026-02-02
ACCbca9547d7e,PAY265cd970a6,2024-09-15
ACC859337e066,PAYb98a0570b5,2026-04-30
ACCf85bed2f8f,PAYfd304cab96,2026-07-09
ACC7375a13ae0,PAYdf717d15d6,2025-12-22
ACC7375a13ae0,PAY7c805192c,2025-12-22
ACC3344426aa7,PAY3761184b6d,2025-09-10
ACC0c3c3022ea,PAY6577b4394C,2026-01-20
ACCcf25fe069a,PAY83867f24b7,2024-10-03
ACC0e4ea51f62,PAY5c0922314a,2026-03-25
ACC1a1cd374c0,PAYb14c13811,2025-12-26
ACCe021b743fe,PAY3ua17573128,2025-03-03
ACCe021b743fe,PAybe419106d8,2025-03-03
ACC5e7acba848,PAY1b65dfaa41,2025-06-20
ACC5e7acba848,PAY5b9a6105b8,2025-06-20
ACCccb9253596,PAY395b90fc6a,2024-11-29
ACCccb9253596,PAY16e67e9335,2024-11-29
ACC2ce0c605b4,PAYcfcd737c0,2026-06-13
ACC87a7190568,PAY3aebac9c68,2025-03-07
ACCf1ffe20beb,PAYa06555cbfb,2024-10-06
ACCf1ffe20beb,PAYb6659b1f41,2024-10-06
ACC0690fc408f,PAY1b7ac40b11,2026-02-10
ACC5cda22dce0,PAy72f16566a7,2024-10-27
ACC5cda22dce0,PAYd62525c213,2024-10-27
ACC23e0874f93,PYA05e9a6065d,2026-02-21
ACC23e0874f93,PAY55f8acd1ea,2026-02-21
ACCf25af89b93,PAY8fc19aad94,2025-01-20
ACCbb42bc2f8b,PAY49a72d6f4f,2025-12-28
ACCbb42bc2f8b,PAYa4b6d5a368,2025-12-28
ACC7b9d01e7f7,PAY54802f9b20,2024-12-30
ACC7b9d01e7f7,PAY951469d2d1,2024-12-30
ACC07053f8ab6,PAY2cfca1edd51,2025-12-21
ACC26d36d6846,PAYc34a12f744,2025-03-02
ACCc994247d71,PAYa9dd1288bc,2025-04-18
ACCc994247d71,PAYc33i7d0f8ee,2025-04-18
ACCfdb0386fbd,PAY5f5275b5b73,2025-10-12
ACCcedea61641,PAY2e24c5c9d0,2025-03-10
ACC60895bab73,PAYaffb2af4a2,2025-02-18
ACC60895bab73,PAYe50053ffdc,2025-02-18
ACC591b3d0fbb,PAY1211ebe19m9,2024-09-14
ACC4496f0a3a7,PAYbb02d036fb,2025-10-08
ACC4496f0a3a7,2PAY270acb8d4e,2025-10-08
ACCc099af6a39,PAYbe0280b938,2024-10-10
ACCc099af6a39,PAYf2a2378f8,2024-10-10
ACC5454b06eb2,PAY5ef1590684,2025-01-23
ACCddbd46fa8c,PAY5f06df1700,2025-11-13
ACCddbd46fa8c,PAY4991112bd3,2025-11-13
ACCb1f89b768d,PAYac5b012c8d,2024-11-24
ACC83d500b807,PAY0e59da2383,2025-01-17
ACC94e9f1b555,PAY64bdb63f7e,2025-06-19
ACC729ee5c583,PAY13a63c258,2026-07-16
ACC729ee5c583,PAY1d29c19224,2026-07-16
ACC7988fdc477,PAY1940f171ca,2024-09-04
ACCb994c7c19a,PAY343b334eef,2025-01-13
ACCb994c7c19a,PAYf5f0a1b16a,2025-01-13
ACC49bf363d18,PAY6e8d2c707a,2025-05-23
ACC164a0e3a96,PAYbf11d279a5,2026-08-02
ACC9576059622,PAY7d9ec8c1bf,2025-02-23
ACC9576059622,PAY6a272181fb9,2025-02-23
ACCc38cda3bc7,PkAY57fa565f15,2025-01-20
ACC9501e94524,PAY1e487b6aae,2025-01-25
ACC7f4c231e47,PAY9e4ef50cc6,2025-09-27
ACC7f4c231e47,PAY499c0151d9,2025-09-27
ACC50031602c1,PAYax2348d5c85,2025-03-28
ACC50031602c1,PAY1b376bc4ff,2025-03-28
ACCc9f69595db,PAYcf4a9778ed,2024-12-13
ACCc9f69595db,PAY52519d5b7b,2024-12-13
ACCa04cb447ab,PAY5aad20a7c2,2026-05-20
ACCcb00ba271b,PAY30953e5fe8,2025-05-05
ACCcb00ba271b,PAY44c1f0573d,2025-05-05
ACC4b6cce1dce,PAY5a5b1638b0,2026-03-01
ACC1841848b08,PAY734980ac903,2026-06-04
ACC3628f47e04,PAY2b7b882cca,2025-05-29
ACC3628f47e04,PAY4f8867ce1d,2025-05-29
ACC525c644ce0,PAYdac35c9127,2025-03-14
ACC15d3263266,hPAY6d7c5f7741,2026-06-26
ACC73fe0b8391,PAY11003641e8,2026-06-02
ACC73fe0b8391,PAY64d6f61ca4,2026-06-02
ACCfd09e5b87b,PAYdf4c6304be,2025-09-25
ACCa93c151d20,PAYe8f36dbd78,2025-11-29
ACCa93c151d20,PAY3b7c624cfe,2025-11-29
ACCd121f30fcb,PAYdaf77841db,2025-02-14
ACC2a46d7049b,PAYfa14e7bca0,2025-08-01
ACC3e8f5df6d5,PAY5dcd1a800,2025-09-13
ACC69a3a33008,PAY145eedd7f5,2026-04-22
ACC69a3a33008,PAY998ce4a8d4d,2026-04-22
ACC5bb46e1d41,PAY610e865e25,2026-08-20
ACC9860fe2769,PAY8a21444eff,2024-12-29
ACC9860fe2769,PAY396609120d,2024-12-29
ACC5e231815fb,PAYce76a89202,2025-02-25
ACC5e231815fb,PAY945b3f2891,2025-02-25
ACCb60c8728dc,PAY1c67dd5730,2026-07-30
ACC333d1e33d8,PYAb89b94161b,2025-07-13
ACC333d1e33d8,PAY80755ad98a,2025-07-13
ACCb2daf75003,PAY77f182e079,2025-08-23
ACCb2daf75003,PAYddd8736086,2025-08-23
ACCe425a24ff1,PAY45b43b8ba,2026-01-08
ACCa66e9e030b,PAY5a1c94dd9d,2025-06-11
ACCa66e9e030b,PAY707f7f4746,2025-06-11
ACCcebf97279e,PAY40c8740e2ga,2026-06-22
ACCf9d6d0429a,PAY93c328555b,2026-05-04
ACCf9d6d0429a,PA7Yaa92c26ab8,2026-05-04
ACC6021492873,PAY0c05A10d4f,2026-03-22
ACC6021492873,PAYb0f8db5980,2026-03-22
ACC2ad43c1eb7,PAY77c2633cf3,2025-01-20
ACC2ad43c1eb7,PAYddc12b27b1,2025-01-20
ACC2a9f617078,PAY1b20117371,2026-08-29
ACCf63ee44ca7,PAYa1b2d13642,2026-06-11
ACC89cea7e92a,PAY9d3d2dff9f,2024-09-12
ACC89cea7e92a,PAY9703f526Fc,2024-09-12
ACC1187236d65,PAY74b5f38d2b,2025-07-05
ACC84d174210f,PAY58bef4e801,2026-06-26
ACC84d174210f,APY529a5e4b7c,2026-06-26
ACC92426f8cd4,PAY37e942c4fb,2025-05-26
ACC5714a444d4,PAYe23ca203e,2026-02-27
ACC5714a444d4,PAY3ef211e768,2026-02-27
ACCd9d8b59f37,PAYfe0eba3f3b,2024-11-27
ACCafcc1f65f2,PAY118fb22da3,2025-07-17
ACCafcc1f65f2,PAY7081fdc87,2025-07-17
ACC45c7798351,PAY9e03cd9054,2026-01-26
ACC45c7798351,PAY712617e7d,2026-01-26
ACC51cb2ce84b,PAYd8cd448be9,2026-02-12
ACC0052f1e86b,PAY456abb0732,2024-12-08
ACC0052f1e86b,PAY6fcd450695,2024-12-08
ACC56445dd729,PAY5576c4d1ed,2026-05-10
ACC5d776a8857,PAY10e24672d6,2025-01-27
ACC5d776a8857,PAY35ce8ea0f,2025-01-27
ACCbb1e31a6d1,PAY52562685df,2025-07-14
ACC939485dbb2,PAY210a6dfa20,2025-04-12
ACC6ce72ad147,PAY943d92ff4a,2026-02-27
ACC6ce72ad147,PAYc7fae2v8bb3,2026-02-27
ACC8a10882a67,PAY453dc018a1,2025-07-22
ACCb3c5fb05c1,PAY4ee2507059,2026-04-15
ACCe1b0ba7528,PAYdfe407e984,2025-09-12
ACCe2ffb1cca2,PAYdb220cba92,2025-03-15
ACCe2ffb1cca2,PAY64d2412e21,2025-03-15
ACCd7e2c7aa07,PAYb6f201f779,2026-08-28
ACCc719d44954,PAY67ae06d334,2026-01-27
ACCc719d44954,PAY34ac42882f,2026-01-27
ACC31cb98abd4,PAYe2e633801c,2025-02-19
ACC31cb98abd4,P3AYc66b4fea3d,2025-02-19
ACC0fb7b6d7a5,PAYa17f09d4af,2025-01-13
ACCfad5251627,PAY41c4e2d6a6,2025-01-30
ACCfad5251627,PAYdbafedd9dA,2025-01-30
ACCa78d2000aa,PAY74bd276cf3,2025-06-12
ACCce7c9480cd,PAY3e5b71395b,2025-05-02
ACCbf4df086f7,PAYdfbd4906d8,2025-09-17
ACC56ed9842d8,PAY55c79ef6bb,2026-05-24
ACCd6d7550400,PAYfba6f585e9,2025-04-09
ACC4d6c4d05b5,PAYec0efcb84,2026-02-27
ACC4d6c4d05b5,PAY022d4e7af6c,2026-02-27
ACC618e04c197,PAY4fac9d42s2d,2025-08-16
ACC498dd9c381,PAY35fee86df0,2025-12-31
ACCce78134509,PAY68c3b1143,2025-04-28
ACCce78134509,PAYc6007fb429,2025-04-28
ACCf10411e4b5,PAY91a72707dc,2025-07-14
ACCee2185993b,PAY4119de4fd,2025-07-12
ACCee2185993b,PAY7e47bf4119,2025-07-12
ACCf4306f5882,PAYebab156f5b,2025-04-18
ACCf4306f5882,PAY15e55bbc57,2025-04-18
ACC737a06f945,PAY31b7e2138,2025-07-17
ACC2f229b5905,PAY730dbf9dfa,2025-01-12
ACC2f229b5905,PAYace7e4544b,2025-01-12
ACCb1379ee500,PAYa15b7df5e2,2026-04-19
ACCa29899c243,PAY062708d86c,2026-02-20
ACC087c952749,PAy8be069cec4,2024-12-05
ACC087c952749,PAY0c2c7ed5f4,2024-12-05
ACC4f4846a9f2,PAY0d16b0b5cd,2025-09-19
ACCdfabf6c269,PAY54e2857018,2025-08-22
ACCdfabf6c269,PAyf94958f35f,2025-08-22
ACC5a864b9a65,PAYec4367e788,2024-12-18
ACC5a864b9a65,PAY4ee38551446,2024-12-18
ACC1b26398104,PAY3f010e43e3,2025-09-24
ACC1b26398104,PAY4c61063545,2025-09-24
ACC35d35bdb2b,PAY91d6E28bd5,2026-05-11
ACC314282fde4,PAY9ce79857c7,2025-01-03
ACC314282fde4,PAY59b0263bb4,2025-01-03
ACC553077632d,PAYc6a4b91812,2025-09-19
ACCb6a189428e,PAYf48597fd6d,2026-07-30
ACCcc21ca36eb,PAY9123334dd5,2025-11-08
ACCcc21ca36eb,PAYcf93f22e0c,2025-11-08
ACC6eec980e41,PA387e3913db,2024-10-05
ACC6249a7b499,PAYcaaee08c25,2024-10-25
ACC447559193c,PAYc3a55ca48a,2024-11-07
ACC447559193c,PAYeeb4f23792,2024-11-07
ACCf344dec2e8,PAYdf77717f6c,2026-04-26
ACC153ccbaeba,PAY5f58c46c67,2026-04-17
ACC153ccbaeba,APYa671946df2,2026-04-17
ACCd917ef425d,PAYae5da6cb98,2025-11-07
ACCa423bc64e4,PAYdb9b7296fe,2024-12-17
ACCa423bc64e4,PAYDbf87c6646,2024-12-17
ACCb627a4e232,PAY4f27138e07,2025-07-23
ACCb627a4e232,PA9Y49ac96126,2025-07-23
ACC6259236976,PAY49fc1c1faa,2025-11-28
ACC4d5424b8f3,PAY3ec0ed2dd0,2025-09-10
ACC9784f5986e,PAYb9d5477b40,2026-01-01
ACC5665cc34ff,PAYeb448397ca,2024-10-01
ACC5665cc34ff,PAYe8789c164b,2024-10-01
ACCf6d31447c5,PAY7266550fd2,2025-08-26
ACC8c2da90911,PAY7e4011b5b5,2025-09-06
ACC8b477ddd49,PAYd52759aeab,2026-02-07
ACC8b477ddd49,PAY287be91fec,2026-02-07
ACCca4980f105,PsAYacae9f96be,2026-08-03
ACCca4980f105,PAY49d6cb8b8b,2026-08-03
ACC4034f3a99f,PAYd14b51c396,2024-09-01
ACC4034f3a99f,PAYa5fe4ee4c4,2024-09-01
ACC920422ec00,PAYedc106cd9d,2025-08-18
ACC24c78522ad,PAYc8e2272b98,2025-04-19
ACC537e3ede34,PAY7ef27b6a1,2025-12-21
ACC537e3ede34,PAYd82bab57e1,2025-12-21
ACC68c95d62b3,PAY2dc0551172,2025-05-09
ACC68c95d62b3,PAY9be37c78f,2025-05-09
ACC2c4d738298,PAYfbb9a07434,2025-01-25
ACC2c4d738298,PAY0f2b7ff29e,2025-01-25
ACC8ae4aba4c2,PAYb219e5d11f,2025-06-25
ACC8ae4aba4c2,PAYc83644c778,2025-06-25
ACC2aa4a5c32c,PAY39ff309554,2025-02-23
ACC7c57723a0a,PAYed03812310,2024-12-30
ACC564c208541,APY2ae55dcbe8,2026-05-08
ACC564c208541,PAYc63bc34ae7,2026-05-08
ACC9b7d339faf,PAY51b211a3a6,2025-02-14
ACC9b7d339faf,PAY717e4a8e4e,2025-02-14
ACC72fe3bd1e5,PAY26924a682f,2026-05-07
ACC72fe3bd1e5,PAY56e0a02b52,2026-05-07
ACC0f2251801c,PAY80a70d1378,2024-11-01
ACC0f2251801c,PA1d570a099b,2024-11-01
ACC61b064fbfd,PA4Yf99cc01cb,2024-12-24
ACCa6bc19ee9e,PAYfe3268b75a6,2025-04-27
ACCa6bc19ee9e,PAY9943582e0c,2025-04-27
ACC1356b2f593,PAY6a6effcfa0,2026-03-03
ACCfd993c5beb,PAY1d1102c090,2026-08-21
ACCad22639c0c,PAYfc1b58a339,2026-04-19
ACC3f9de38ca8,PAY7396aa8bc5,2025-01-15
ACC38dccb22a6,PAY7817643f953,2024-10-26
ACC5bf12f2443,PAYd1c2fbf482,2025-10-21
ACC5bf12f2443,PAY9fa27e5b6b,2025-10-21
ACC27b083f44d,PAY248f3fb165,2025-05-02
ACC1e830340aa,PAY32dcd7d1td3,2025-03-02
ACCd59e8c6e27,PAYe5a21b367f1,2026-05-31
ACCd59e8c6e27,PAY7ae573b090,2026-05-31
ACC2696fbf9f3,PYA54ca6c1fa1,2025-03-12
ACCaa2b847b65,PAY248f981ac1,2024-10-14
ACCaa2b847b65,PAY24766ff0b5,2024-10-14
ACC5ffc52176c,PAY8a9d3dfa92,2026-07-25
ACC5ffc52176c,PAYb36a36b562,2026-07-25
ACCdd2f3b9206,PAY6e6c270e30,2026-06-10
ACCdd2f3b9206,PAY4cac17a631,2026-06-10
ACC32513c1ac9,PAY1462e424f2,2024-09-09
ACC32513c1ac9,PAY93ddab55a6,2024-09-09
ACC12324feee2,PAYba89f61ddf,2025-11-26
ACC60ea2b1c2d,PAYdff60e1d5c,2025-10-05
ACC2dc78ec164,PAY36o5fdecdc2,2026-07-29
ACC2dc78ec164,PAYbd6a112e6c,2026-07-29
ACC8f4b78e63c,PA0Y7e2edb15a,2025-07-05
ACC9de1ffd59f,pAY8af9071a2b,2025-04-01
ACC9de1ffd59f,PAY8b15cdca64,2025-04-01
ACCb3e8ec1312,PAYfdbda89b7d,2026-03-20
ACC134bf34ebe,PmAY4b73d6c71e,2024-10-12
ACC134bf34ebe,PAY954ff43b45,2024-10-12
ACCefa684fb34,PAYb9d4d51b78,2026-08-16
ACCcd435a98c0,PAcYac9c564ea,2025-10-27
ACCf030237476,PAY5185717099,2026-07-18
ACCf030237476,PAYad117069d8,2026-07-18
ACC833fc06b3a,PAY2a98dd7715,2025-10-03
ACC833fc06b3a,PAY7b5b917eff,2025-10-03
ACCd63411b780,PAYeee8c29d0f,2026-03-19
ACCd63411b780,PAY98f93304d,2026-03-19
ACCec0d5df38d,PAYce5a83b8ea,2026-03-06
ACCec0d5df38d,mPAY8588a21998,2026-03-06
ACC825a5b61c9,PAY0f2a509218,2025-10-10
ACC2d76f03909,PAYa3ad6da1e5,2025-02-02
ACCb5c7ba726b,PAY792ed12bcd,2024-10-28
ACCb5c7ba726b,PAYe0e0190fgfa,2024-10-28
ACC215355c634,PAY778059be5b,2025-05-11
ACC215355c634,PAY9aabb5652c,2025-05-11
ACCf43111d1fb,PAY489bada4ac,2026-05-02
ACCf43111d1fb,PAY1f00585542,2026-05-02
ACC75ccc48027,PAY2a1c3a725d,2026-07-21
ACC75ccc48027,PAY0a37db4a70,2026-07-21
ACCc962d7cfed,PAYdf6a2cd9cb,2026-03-08
ACCc962d7cfed,PAYc5bb54d8f8,2026-03-08
ACCedf761126a,pAYb00b3d8ce8,2024-12-17
ACC9808696c34,PAY24aoc06fcca,2025-12-15
ACC0a29edd1cf,PAY7ce891da14,2026-03-18
ACC0a29edd1cf,PAYd750074a94,2026-03-18
ACCde48913981,PAYfb20b0da855,2024-12-08
ACCde48913981,PY372521dc62,2024-12-08
ACC8aad6b47ad,PAY23a6018b4a,2026-06-30
ACC8aad6b47ad,PAY31e64d914f,2026-06-30
ACCb1d7376394,PAY68b5c18c2d,2025-05-16
ACC6a5447a856,PAY6768e56e704,2024-12-15
ACC6a5447a856,PAY71040144fa,2024-12-15
ACC8db47c6e64,PAY3a7bo95de89,2026-04-27
ACCf45e5d3b0b,PAYc63c87dfe,2025-08-19
ACCf45e5d3b0b,PAY480790652c8,2025-08-19
ACC212a5919fa,PAYe13252e84b,2025-09-09
ACC70350e098d,PAYc6318405ec,2026-05-06
ACC70350e098d,PAY4bbtd8144b6,2026-05-06
ACC9544df41a7,PAY08748b4c33,2026-08-15
ACC97514565a4,PAYad86c572a3,2026-07-13
ACC97514565a4,PAY6d0170ffcc,2026-07-13
ACC22f36351d8,PAY51631d6f77,2025-11-29
ACC22f36351d8,PAY11378ab4a5,2025-11-29
ACC75ad6ad415,PAY57152z2c6cc,2025-06-10
ACC75ad6ad415,PAY1e112db4cb,2025-06-10
ACC69eeb493b0,PAY2d9fb16ac,2025-03-17
ACC69eeb493b0,PAY4d21c92729,2025-03-17
ACC2113d330f4,PAYea7fbf24b00,2026-04-21
ACC2113d330f4,PAY63ea17c6fe,2026-04-21
ACC8b6028c46b,PAYd670c5ab1b,2026-01-02
ACC8b6028c46b,PAYc978a1767c,2026-01-02
ACCdbdbb4f67c,PAYca7c47a4d5,2024-10-08
ACCdbdbb4f67c,PAYea90eba9d,2024-10-08
ACCb631fc28a6,PAY2587f2c447,2025-05-11
ACCb631fc28a6,PAY57d977f565,2025-05-11
ACCfec9b2d8ad,PAY15883c38db,2025-06-12
ACCc4c0285555,yPAY884bbbd356,2025-09-08
ACCc4c0285555,PAY46f99ab2f1,2025-09-08
ACCc4db9a2ddb,PAY107ff97dee,2026-07-19
ACCe84b3393de,PAYf3dd482e30,2025-04-29
ACCb24ee47608,PAYb6486e1722,2025-06-18
ACC50fc7249ae,PAy7145d90d96,2024-12-03
ACC50fc7249ae,PAYfcc38c3838,2024-12-03
ACCb2bdafd4a1,PAY75da1f417c,2025-10-16
ACCb2bdafd4a1,PAY2168ee4e89,2025-10-16
ACC9b29b720c0,PAY3859077426,2024-12-30
ACCb26c54af5d,PAY948b27ab25,2025-12-31
ACCb26c54af5d,PAYc75fbc1ce1,2025-12-31
ACC42e41add13,PAY559d4e7040,2025-06-21
ACCc8cfed06fe,PAY83e978fa31,2024-12-08
ACC18c0ba8964,PAYac5fa0fe94,2025-11-06
ACCb78a245912,PAeYda5f146e6a,2025-06-17
ACCb78a245912,PAY94090adc7f4,2025-06-17
ACC0f76524074,APYbca379a8d5,2026-04-16
ACC0f76524074,PY64911728e2,2026-04-16
ACC9880213788,PY53cec582d3,2025-08-27
ACC9d5a322204,PAY31ebd356e3,2025-01-03
ACCfb05131161,PAY9f353d9c7c,2025-07-07
ACCef3fd26ab1,AYab8b985cee,2026-03-21
ACC083fbe1cf9,PAYb9fe1facf9,2025-07-24
ACC719af3626a,PAY5cf9926a9,2025-09-18
ACC719af3626a,PAYb4b05c50c6,2025-09-18
ACCfe4559251b,PAY19f51ccda4,2026-07-12
ACCfe4559251b,PAYe8782cf5d9,2026-07-12
ACC206b1bfaca,PAY0468ddf0fd,2026-05-28
ACC206b1bfaca,PAY2eab6aa242,2026-05-28
ACC2ee927262e,PAYbb01193601,2026-06-11
ACC2ee927262e,PAY95bh7a66acd,2026-06-11
ACCa9518bd997,PAYfa94a9e774,2025-04-30
ACC6441089a68,PAYe1c0aaf10f,2025-04-04
ACC35f7b27093,PAYb072125c68,2026-05-14
ACC35f7b27093,PAY729e44b24dd,2026-05-14
ACC4fdb31030a,PAYc1c40334c4,2025-01-31
ACC4fdb31030a,AYeaa3821479,2025-01-31
ACC9b09017bd4,PAYa6838815d4,2026-01-15
ACC4fd73d4adc,PAY6270943c4,2025-08-28
ACC301e962988,PAY8b2adf2c15,2024-11-25
ACC301e962988,PAYfc24185e3c,2024-11-25
ACCe85e422f01,PAY4254ebbf42,2025-09-16
ACC0f0781588b,PAY166d0a640,2025-02-21
ACC0f0781588b,PAYf53ab7be1d,2025-02-21
ACC4f6829423c,PAYe8bdf5e505,2024-09-15
ACC4f6829423c,PAY1e07fcc85c,2024-09-15
ACCfa3530b146,PAYe6ec34f391,2025-10-28
ACCfa3530b146,PAY73d63108f4,2025-10-28
ACC1ac1c7e817,PAY11451e3de9,2025-11-11
ACC1ac1c7e817,PAY123158e398,2025-11-11
ACC3e4266a7a0,PAYe3f4f3a8f2,2026-02-08
ACC3e4266a7a0,PAY7891ed8b5b,2026-02-08
ACC458511f3d3,PAYaf3f71e495,2024-10-06
ACC7c97468681,PAaY86e657e36,2025-11-06
ACC0f1ee23e76,PAY7a381fb2b7,2024-10-15
ACC0f1ee23e76,PAY96ced6f884,2024-10-15
ACC4ec08cf19c,PAYa3eee368ae,2026-02-02
ACC4ec08cf19c,PAY1f05ad87bc,2026-02-02
ACC5cc7b42812,PAY24b9c5b63b,2026-08-08
ACCeb59b01ac6,PAYd219a8abc1,2025-09-10
ACCeb59b01ac6,PAYbe878dd51d,2025-09-10
ACC9a0089e84f,PAYcbaac4D90e,2026-06-11
ACCceb561c171,PAYf42100ec66,2024-12-01
ACCceb561c171,PAY85663bc9bf,2024-12-01
ACC6962490b15,PAY7105e0bkf35,2025-11-02
ACC6962490b15,PAY5abe834e45,2025-11-02
ACC4e1adcb31c,PAYcd1fd825be,2026-02-12
ACC5604fb5e47,PAY2ba06a0v1dc,2025-12-27
ACC8cd26b1185,PAY431a420f8,2026-04-20
ACC3e75e7e78f,PAY297ea1e940,2025-10-06
ACC3e75e7e78f,PAYe1a460ca70,2025-10-06
ACC7646604c52,PAYd8bec6564,2026-06-25
ACCb658ccf245,PAYd28652e43b,2025-05-23
ACC197e634b57,PAY911edc66B6,2025-03-05
ACC197e634b57,PAY476ca572f9,2025-03-05
ACC9ab321db93,PAY8cbff3d09,2026-03-29
ACC9ab321db93,PAY613c1639bb,2026-03-29
ACC6e88770b2d,PAY3f7222c011,2024-10-30
ACC6e88770b2d,PAY6b0beb56c0,2024-10-30
ACC9dad9cc3c8,PAYd5a1121e9,2025-07-14
ACC951a89cebf,PAYf45ff8b315,2025-06-10
ACC91d15348df,PAYe7b5f1d6eb,2025-12-03
ACC91d15348df,PAYe97256f5b7,2025-12-03
ACCc08992d308,PAY747b9a78cd,2025-03-16
ACCc08992d308,PAYE25735390d,2025-03-16
ACC8f37acc9f5,PAYc6345f7584,2026-06-07
ACC8f37acc9f5,PAY2cb6a7e535,2026-06-07
ACC82f1535105,PAY23097ee187,2024-10-28
ACC82f1535105,PAYc5b2bbd441,2024-10-28
ACC3961ef3599,PAYca1b97d4ba,2024-09-17
ACC3961ef3599,PAYc24bc125e4,2024-09-17
ACCd2083b33e1,PAYe3a68a2383,2025-02-07
ACCd2083b33e1,PAYacc248dcb8,2025-02-07
ACCfdd8fb3bfe,PAY782c765208,2025-12-06
ACC75b13c215b,PAYd18a1d6bB5,2026-02-12
ACC75b13c215b,PAY2aa09059c7,2026-02-12
ACCccc1639d90,PAY6d52614e29,2026-02-02
ACC448c28c7be,PAY1b7ce097c7,2025-03-14
ACC9b9bd967f8,PAY55fc9b227f,2024-11-29
ACCe73e18c813,PAY6dd13ba3d3,2026-05-29
ACCe73e18c813,PAY0sb9a6f1538,2026-05-29
ACC5b057c5b3f,PAYc5bff79ddb,2025-06-24
ACC456dc0b8ee,PAY6eb22d3a58,2026-04-10
ACC456dc0b8ee,PAY437b500d92,2026-04-10
ACC62a81f1c3f,PAY17444ac66a,2025-05-25
ACC9a51b9006e,PAY3b148c2eb2f,2024-09-27
ACC9a51b9006e,PAYd141496d9e,2024-09-27
ACCba24676431,PAY42d02c9509,2025-11-17
ACCba24676431,PAY35a1db22ad,2025-11-17
ACC5ce7be8929,PAY669f688f36,2026-04-22
ACC8aea59098e,PAYf0bcf20f55,2025-07-30
ACC8aea59098e,PAYbdeaa22c7a,2025-07-30
ACC42c4278669,PAY957884b0e3,2026-04-22
ACC5583b4d93c,PAY9a9190c11B,2025-10-03
ACC0b5feaca2a,PAY43ec23bc9D,2026-08-12
ACC0b5feaca2a,PAYac24b30d79,2026-08-12
ACC825c10e7b9,PAYe46f816953,2025-05-07
ACC825c10e7b9,PAY1ab47f1a99,2025-05-07
ACC7d8f6e88eb,PAY474d2b54b,2025-06-25
ACC7d8f6e88eb,PAY9cb1f2b4f,2025-06-25
ACC2ce3685015,PAYa923003a0b,2024-10-31
ACC64a0837310,PAY8ad38e809E,2026-08-15
ACC084a5cd3df,PAYd1cacc4844,2025-06-30
ACC084a5cd3df,PAY63dafc39d6,2025-06-30
ACC705efc4b8c,PAY81e2df8a0e1,2026-01-23
ACC705efc4b8c,PAYd65dea36e,2026-01-23
ACC4180bbfeea,nPAY79b94ae69b,2025-12-24
ACC4b3c37ee34,PAY796129aa7,2025-07-12
ACC0bc01fd3a7,PAY94388be89zb,2025-07-27
ACC0bc01fd3a7,PAY11a5la40b6c,2025-07-27
ACC085602e897,PAYd9239a16aa,2025-03-09
ACC7cb5de076f,PAY9659f140c2,2026-04-16
ACC7cb5de076f,PAY87bf5842c3,2026-04-16
ACCd54d64962e,PAY36b55fc546,2026-02-07
ACC2a1815e090,PAYd4acbd4b03,2026-08-15
ACC2a1815e090,PAYddd0670f56,2026-08-15
ACCfe488d210e,PAYf2989ec536,2026-03-22
ACCfe488d210e,PAY333dc04914,2026-03-22
ACC1751381407,PAY9f3d4a0ff1,2025-08-14
ACC747a8bde5e,PAY745d9cfff0,2025-07-31
ACC747a8bde5e,PAY9f99c082332,2025-07-31
ACC6a2d2ad2f0,PAY9c9cc6f130,2025-07-29
ACC6a2d2ad2f0,PAY56f9896199,2025-07-29
ACCaca23380ac,PAY95df516c63,2026-06-17
ACCaca23380ac,PAYaa6f14d8b6,2026-06-17
ACCf8ce0fa870,PAY0dac2f7e27,2026-07-18
ACCf8ce0fa870,lPAYb7786434ad,2026-07-18
ACC1cd675ba5f,PAY4e1a15ea4,2024-11-17
ACC1cd675ba5f,PAY4u03f5f271a,2024-11-17
ACC0cf8691c05,PAYd88b67kfe35,2025-02-27
ACC4aebfeb7cf,PAY7ffe037669,2026-02-11
ACC4aebfeb7cf,PAYd1f0bd40c1,2026-02-11
ACCd4b054428c,PAY4b94554998,2026-06-12
ACC4e35acf670,PAY60c07c261a,2026-02-09
ACC0e08259f94,PAY5bac1ebe30,2026-01-28
ACC0e08259f94,PAY2cabc6cf1d,2026-01-28
ACC5dc8a0898f,PAY8b808eaa3c,2025-03-19
ACC5dc8a0898f,PAY2cf740b00c,2025-03-19
ACC3e2e2e0923,PAYc80a10af98,2026-04-24
ACC3e2e2e0923,PAYcs408825634,2026-04-24
ACC444b51dc8b,PAY45f8017f83,2024-09-12
ACC444b51dc8b,PAYfb86e1297d,2024-09-12
ACCe0273a8d09,PAY86738247f,2026-04-05
ACCe03f374955,PAYd0f1e1f5a2,2025-03-15
ACCe03f374955,PAYaef375dbd,2025-03-15
ACC4f20ca59d6,PAY579d403ef6,2026-03-15
ACC758459d351,PAYe32102d8dc,2025-09-22
ACC758459d351,PAYccdee95ecf,2025-09-22
ACC2b3d7e8e6a,PAY6cc9febd3a,2026-04-26
ACC2adfbaecf3,PAYd5988f25ae,2025-02-22
ACC740181b031,PAY64229109ab,2025-01-13
ACC740181b031,P6AY197c3048be,2025-01-13
ACC41d6bbaaf7,PAY957584890a,2025-01-22
ACC41d6bbaaf7,PaYd7b156d2ad,2025-01-22
ACC8e7312515a,PAYe5a2f9c596,2024-11-24
ACC8e7312515a,PAYf52b6c600b,2024-11-24
ACCf386264634,PYA32aa559a27,2025-05-22
ACCf386264634,PAY23d696b1b7,2025-05-22
ACC9d51e856d0,PAY22643264b6,2024-09-06
ACC81f5dbceef,PAY8bb1aff778,2026-04-30
ACCcdbb6052fb,PAYcb1d51bfdb,2025-06-22
ACC4d60672aca,PAY0d0940100e,2026-03-22
ACC4d60672aca,sPAYa604d5e8f1,2026-03-22
ACCe45966da7a,APY5579c874d0,2025-10-09
ACCe45966da7a,PAYd1ad6c46b3,2025-10-09
ACC1f2a78f150,PAY2865f3005,2026-07-06
ACCe013123e4b,AY4ad76abd96,2025-06-14
ACC9a3f5bfa00,PjAY296dd14491,2026-03-11
ACC9a3f5bfa00,PAY9e565eb81,2026-03-11
ACC1a984fc030,PAYa10a313e93,2026-02-15
ACC1a984fc030,PAY51e0c325e9,2026-02-15
ACC34fb663285,PAY77cc745d8b,2026-01-26
ACC34fb663285,PAY1acb1320bb,2026-01-26
ACC69c67890c8,PAY4eddb81a53,2024-12-06
ACC07362a6a5e,PAyd272fb5f4a,2025-10-02
ACCb0eb424f2e,PAYd6eb6788fe,2024-10-04
ACCb0eb424f2e,PAY724ebdd6d7,2024-10-04
ACCb9e2ef8505,PAYf11f2c4d15,2026-08-20
ACC4d47ee8eee,PAY363a09bc19,2026-08-03
ACC4d47ee8eee,PAY36de9a57bd,2026-08-03
ACCf01ae7af54,PAYdee182fcd5,2026-05-22
ACC6b62e9b75e,PYAa40b63a0c8,2025-01-12
ACC6b62e9b75e,PAYbce39fb019,2025-01-12
ACCa57f70c703,PAYd7dae4e494,2026-02-03
ACCa57f70c703,PAY1193ae6gff5,2026-02-03
ACCce51f38259,PAY08fd8898f1,2025-12-16
ACCce51f38259,PAY2ee289a26a,2025-12-16
ACCe28b18b8ac,PAY50327d0f17,2025-10-25
ACC6d9a9324c9,PAY7fa5481ad8b,2025-12-12
ACC6d9a9324c9,PAY1937954cd1,2025-12-12
ACC943bf902c4,PAYeedc72d69,2025-12-13
ACC943bf902c4,PAYa2582958c2,2025-12-13
ACC4a05009d10,PAYe37b23e2c,2025-01-10
ACC4a05009d10,PAY837bc73546,2025-01-10
ACC122fa51aea,PAY012033cf4f,2024-12-18
ACC122fa51aea,PAY1f1d2642e7,2024-12-18
ACC959c03b3e6,PAYf01428f015,2025-03-15
ACC81d19d0793,PAY52dea1686a,2025-07-28
ACC81d19d0793,PAYacd06e5f6,2025-07-28
ACC5d7bc85624,PAYef03eac0b9,2025-05-27
ACC5d7bc85624,PAY95b254f086,2025-05-27
ACC0de18fc877,PAY9b140643aa6,2026-07-05
ACC507052558f,PY3b130a07e3,2026-04-18
ACC79552df446,PAYbedd3de3e5,2025-10-11
ACC5beb663a02,PAY2e63cad0d9,2025-10-17
ACC5beb663a02,PAYa2049e5bs9f,2025-10-17
ACCc78c9482c8,PA42d7da0a24,2025-11-27
ACCee514f40a2,PAY57ea95cb4a,2026-01-16
ACC5c9b2fbe58,PAYb028f7ffbb,2025-08-29
ACC7d1f86da8b,PAY537ecd4db,2024-11-05
ACCadebbb73c2,PAY0cda048f2d,2025-05-07
ACCd7dcfd8276,PwAYc58c7ccb32,2026-04-13
ACCb7fc22c18b,PAY46eCf45dcd,2026-02-11
ACCceb1026510,PAaa20afc067,2025-02-22
ACCceb1026510,PAY6908f179fa,2025-02-22
ACCdee7804d8c,AYda383cb10f,2026-06-25
ACC2b0f0dd25d,PAY6694057433,2026-01-04
ACC2b0f0dd25d,PAYc15fa5f6fb,2026-01-04
ACCf10e154516,PAY9e22ca9123,2025-05-22
ACCf10e154516,AYd76d31da34,2025-05-22
ACCb79c8466e9,PAYf38dacf65c,2026-03-18
ACCb79c8466e9,PAY3908710c0d,2026-03-18
ACCf51ba5db08,PAY53ee0abb3f,2026-05-22
ACCf51ba5db08,PAY23358393f7,2026-05-22
ACC8ce2909c7b,PAY0e2dE3c3d8,2026-03-21
ACC8ce2909c7b,PAY4bd48bdacb,2026-03-21
ACCba35b79416,PAYfc04a61c31,2026-02-05
ACCba35b79416,PAY8ecf2454b4,2026-02-05
ACC2dfd72a27b,PAY38071ae6a5,2025-03-07
ACC2dfd72a27b,PAY019a43c345,2025-03-07
ACC1aabc0ac67,PAYef51d1db69,2025-03-30
ACC9360b48f88,PAY1d03484236,2025-03-26
ACC9360b48f88,PYA5501e5806f,2025-03-26
ACCb119c2091f,PYbefcb62665,2026-08-14
ACCb119c2091f,AYd6710d6312,2026-08-14
ACC0a28b2454d,PAY6250cd85da,2024-09-03
ACC0a28b2454d,PAY6fded5ec51,2024-09-03
ACC7504f090e8,PAY75b36cfa5a,2026-03-30
ACC7504f090e8,PAY5fd5fe2835,2026-03-30
ACC9a9dfb6256,PAY265120ad7d,2024-10-15
ACC9a9dfb6256,PAYcc319a6d7a,2024-10-15
ACCcb702cc562,PAYbe3c13b301,2026-01-05
ACC45544b0c7a,PAYc34fddc60f,2025-07-30
ACC45544b0c7a,PaY7430c071d6,2025-07-30
ACC9229b73218,PAY5897174691,2026-02-06
ACC9229b73218,PAYfa57a380d9,2026-02-06
ACC7a1d558f33,PAYce3decf540,2024-11-06
ACC7a1d558f33,PAY2432945d8f,2024-11-06
ACC54219332df,PAYe1abcd7272,2026-07-17
ACC54219332df,PAY86ece10b57,2026-07-17
ACCf13d41086f,PAYe6f4d1993a,2025-03-28
ACC7970ac393a,PAY6cceeb5ab0,2025-07-20
ACCedce05df42,PAY412e1c2236,2025-01-13
ACC12f37c970d,PA6Yccd07cd99,2026-07-18
ACC12f37c970d,PAY2fb8df5718,2026-07-18
ACC6969db83c8,PAfYc4b0339a7,2026-03-30
ACC6969db83c8,PAYwcd96bdffa2,2026-03-30
ACCec4e702ee0,PAY6c63yca51e7,2025-08-13
ACCdb2ee180a8,PAY14e9af16cc,2025-08-21
ACC90abe3c681,PAYee78a77c38,2026-06-14
ACC90abe3c681,PAY6048e6f65e,2026-06-14
ACC516d4a4bcf,PAY9czd654f47d,2024-10-19
ACC516d4a4bcf,PAYadea574c3d,2024-10-19
ACCaa562272ff,PA1bf9265d77,2025-07-08
ACCaa562272ff,PAY412f6aa238,2025-07-08
ACCe172ce4795,PAY2f57c3e8ae,2026-02-15
ACCe172ce4795,PAY2cc71be2a9,2026-02-15
ACCbb290ca074,PAY1002756889,2025-03-06
ACC7f9db12e4b,PAY3f3b10140p8,2025-06-05
ACC77b45206ff,PAY7c84dfa0ab,2025-08-17
ACC6f4445966b,PAY3b970d2e6c,2025-11-16
ACC6f4445966b,PAY37793d299e,2025-11-16
ACCe0aa0af758,PAY86d0087582,2026-01-09
ACCe0aa0af758,PAYe9122fa7f6,2026-01-09
ACCf9b17ea990,PAY40d9661956,2025-05-07
ACCcb399ac584,PAY5bd8b6a02f,2026-02-27
ACCcb399ac584,PAY0aefcc312c,2026-02-27
ACCb7244c9412,PAY0f9dce77b,2026-04-11
ACCb7244c9412,PAYd0af03ba12,2026-04-11
ACC22954a8211,PAYb7f072217,2024-09-14
ACC877afa1853,PAY9a46deaf3c,2025-01-08
ACC877afa1853,PAY927dc02424,2025-01-08
ACC73def7e08c,PaAY9c068424aa,2026-07-23
ACC3890ae1ee8,PAy63e3fe9f10,2025-06-15
ACC3890ae1ee8,PAY7c67f288c,2025-06-15
ACC05451e9aab,PAYd7edd03187,2024-12-31
ACC05451e9aab,PAY6a1176090d,2024-12-31
ACC586324f0a4,PAY8331778bb1,2024-12-05
ACC586324f0a4,PAY67ec33b6fc,2024-12-05
ACC2cadf1e6c1,PAY4fffa4f302,2024-09-26
ACC6e12eab2ad,PAYe4c4594d50,2024-12-23
ACC6e12eab2ad,PAY8058df669e,2024-12-23
ACC4aaaec3692,PAYb62ee3373,2026-05-07
ACC4aaaec3692,PAY3eA9435dc0,2026-05-07
ACCa593cebc1e,PAY84afcba9ba,2024-11-12
ACCf0faba8e2a,PAY97b5a0ff73,2025-01-28
ACCf0faba8e2a,PAYdc2d0fb142,2025-01-28
ACCb20db83279,PAYb3a15e781b,2026-05-15
ACCa726f3d7db,PAY383beb1ic5b,2025-08-04
ACC5a9e9e90a8,PAY0c37e7a660,2025-04-30
ACC6997569661,PAY281c6e9043,2025-07-15
ACC6997569661,PAYfa238ee341,2025-07-15
ACCa7171a70f2,PAYb0b116deb2,2025-06-23
ACCdb2299ead6,PAY62670356d1,2025-04-29
ACCdb2299ead6,PAY5c1e3D7b95,2025-04-29
ACCd0f556f7fc,PAY6e0509728f,2024-11-18
ACCd0f556f7fc,wPAY29cdb22ded,2024-11-18
ACC3fb9b902a5,PAYf1ed1aF52a,2025-02-06
ACC4933bef68e,PAY8c05622aa3,2025-06-22
ACC6de4e257f8,PAYf6524d6960,2025-06-23
ACCf23065bcb1,PAYc0483d9812,2025-02-05
ACCf23065bcb1,PAYbe2e64d95c,2025-02-05
ACC975d1ac375,PAya196d45c50,2026-06-15
ACC1cdf311ca7,PAY273cc14e8c,2024-09-21
ACC5afb50e5f9,PAYefda8ac0n5a,2024-09-24
ACC2b85e043e1,pAY9a70b483e9,2026-07-02
ACC2b85e043e1,PAYc41b3e0343,2026-07-02
ACC810bd49d78,PAY842415334c,2025-02-12
ACC810bd49d78,PAY7d0db3a724,2025-02-12
ACCa990cd4569,PAY821362c2b8,2026-03-14
ACC1a372a8acf,PAY7ae83f8a53,2026-05-28
ACC1eedf6782a,PAY37f5bc66cf,2026-08-20
ACC1eedf6782a,PAYa2b9d342e9,2026-08-20
ACCd1adada6cb,PAYe8fd65eebb,2025-03-29
ACCbab8039943,PAY2d3e492a67,2026-04-14
ACCd94d4ac62f,PAY3c6638f064,2025-02-16
ACCd94d4ac62f,PAYe8bbe202a2,2025-02-16
ACC71d1065def,PAYe6f9a1da5b,2026-02-13
ACC733238a339,PAY310db76af5,2024-10-04
ACCdb8585b2aa,PAYc9c688033e,2025-12-31
ACCdb8585b2aa,PAYbb892df14d,2025-12-31
ACCdc137327c4,PAY20b8a100df,2025-06-15
ACC4ae5ccebab,PAYfc18239f63,2026-07-24
ACCee164274d7,APYcf27e38007,2025-07-10
ACCee164274d7,PAY4762739973,2025-07-10
ACC87de0daa27,PAYfff5fba7ab,2025-08-11
ACC9bbd4cac9d,PAYee94b6c4a5,2026-02-16
ACC9bbd4cac9d,PAY05e5c10d15,2026-02-16
ACC6e81a71e46,PAYfd278b3ff0,2025-11-27
ACC79e8bc996a,PAY8eaa0ba3c,2026-05-12
ACC79e8bc996a,PAY699f43463,2026-05-12
ACCfa78d18eec,PAY2ab1f37598,2026-05-03
ACCfa78d18eec,PAY220a7C22e9,2026-05-03
ACC859fb96e22,PAYd92fc9f067,2025-12-21
ACC859fb96e22,PAvY5d4b5b81e0,2025-12-21
ACCd3491c886e,PAY35de93cb8a,2025-09-06
ACCd3491c886e,PAYc02d7aa3fac,2025-09-06
ACC94015504e6,PAYf26053bb89,2025-04-22
ACC94015504e6,PAYf02625d831,2025-04-22
ACC7d483e0f55,PAY96faec88aa,2026-05-28
ACC7d483e0f55,PAY5d830deba9,2026-05-28
ACC545a6eec56,PAY5ce23e67bb,2025-02-28
ACC545a6eec56,PAYfb167e904e8,2025-02-28
ACC780dbfc5ec,PAYb70067e129,2025-10-10
ACCfabf7b6372,PAY05460ebd27,2025-09-08
ACCfabf7b6372,PAY824137e271,2025-09-08
ACCa2f85b5dc3,PAY68f02e8c04,2025-07-29
ACCaf427d9214,PAY931a6b45db2,2025-03-17
ACCaf427d9214,PAYf800ad3a93,2025-03-17
ACC3fdff54a8a,PAY562f885734,2025-11-10
ACC9148ddcc18,PAY20b1cc1c4f,2026-05-06
ACCc107f999b1,PAYa2b0056280,2026-04-30
ACCc107f999b1,PAY70cv4530f71,2026-04-30
ACC6da2f6e3c7,PAYc48b0b7801,2025-03-25
ACC3515eee7d3,PAY8d4a5d1a40,2024-10-06
ACC2ab3c0196b,PAY2bc87d641f,2026-05-12
ACC2ab3c0196b,PAYffaad9eefd,2026-05-12
ACC871f1f1d10,PAYaa78f71e5b,2026-04-22
ACCb2aef807df,PAY6615f808ff,2026-05-23
ACCb2aef807df,PAY6d2ed3230f,2026-05-23
ACC7c6f93c055,PAY47b6aea52a,2025-10-01
ACC0144aaa933,PAYc368416bfd,2025-01-12
ACC4ba9754922,PAYb834e342db,2025-12-26
ACC6031b8d4b2,PAYb6f03555dc,2026-03-11
ACC7393f68206,pAYb4368fc503,2025-11-04
ACC86be9355b2,PAY9b6997f5a8,2026-06-27
ACC0f653e4f6c,tPAY3558ae751b,2025-03-11
ACC6e81374ff3,PAY9d7e37889,2025-08-24
ACC6e81374ff3,PAtYbe79ea6566,2025-08-24
ACC9075475f9e,PAY5f82dbe9825,2026-04-25
ACC494fd28782,PAY7debaf2dac,2026-03-05
ACC494fd28782,PAY19fa3e5434,2026-03-05
ACC483fef475b,PAYfd3876e36b,2026-07-31
ACC483fef475b,PAYbcb54c0d20,2026-07-31
ACC88c881d833,PAY530b991940,2026-06-07
ACC4257a91658,PAY3feacf5a42,2025-10-12
ACCc743d3d2f7,AY12e0b6f4d6,2025-05-12
ACCe3f56f7e48,PAY83febeab9f8,2025-01-20
ACC49727e73dc,PAY6de29b50a,2026-05-23
ACC49727e73dc,PAY0fd95a71c,2026-05-23
ACCeab1d8f934,PAY4b0ec8063d7,2026-04-13
ACC94fb2be1c2,lPAY8e46dd4726,2025-10-31
ACCaf8e521d60,PAkY23ede336bf,2024-10-26
ACCe502025cad,PAY1cecad618ed,2026-02-24
ACCe502025cad,PAY3c7423ea86,2026-02-24
ACCe9af6251f7,PAY4746594842,2024-12-21
ACCede315b51a,PAY344bmc60d68,2025-03-23
ACC9ca5047f95,PAY4c1e8e5be5,2026-02-20
ACC9ca5047f95,PY13c48ab7c1,2026-02-20
ACCca0083efd8,PAY9203ac2d84,2024-11-06
ACCca0083efd8,AYb0a6c6a1c2,2024-11-06
ACC9871b4a9d1,PAY7353273eb7,2025-06-15
ACCaf1265b418,PAY7fcf8d6532,2026-01-20
ACCaf1265b418,PAY1900ca1b3f,2026-01-20
ACCaf0fbdc8d5,PAY0f8903276f,2026-05-11
ACC2a52bdd06f,PA9Yb93a07d3c,2026-07-15
ACC2a52bdd06f,PAY2298617011,2026-07-15
ACC74b8311c32,PAY9c866222ad,2025-05-17
ACC74b8311c32,PAY8f4f446e14,2025-05-17
ACC30923b3cf5,PAYfdc9472c3f,2025-01-14
ACC2505256b7b,PAYeacc30f28,2025-01-28
ACC9baf2ce747,PAYba337ee839,2024-11-05
ACC9baf2ce747,PAY91d08df82a,2024-11-05
ACC25b0632e56,PAY34bd6474ab,2025-05-31
ACC59a081aeaf,PAY4d5d0a4210,2025-04-09
ACC59a081aeaf,PYe42e4bac87,2025-04-09
ACCf71da1e071,PA2Y8b93d7020,2026-01-18
ACCf71da1e071,PAYedE8648e40,2026-01-18
ACC4d63ddfc38,PAYace20579c,2025-10-09
ACC5c80f1605f,PAe445c9a947,2026-04-24
ACCfa20a89511,PAY53d3c940f2,2026-08-24
ACCfa20a89511,PAYbb59ecc92b,2026-08-24
ACC13609ea3b0,PAYdd647E731d,2026-04-09
ACC70878f005e,PAY17q84122809,2026-02-23
ACC70878f005e,PAYff938f470b,2026-02-23
ACCb07e997b10,PAY97fab37151,2026-05-27
ACCb07e997b10,PAYc8c3f2f4aa,2026-05-27
ACCaf3e866f90,PAY87372ecf95,2025-02-03
ACCaf3e866f90,PAYdda7c52348,2025-02-03
ACC39dc54f88c,PAY5e38f6cca,2026-07-23
ACC39dc54f88c,PAYc292c463e4,2026-07-23
ACCb27d50c46f,PAYe12e5a7925,2025-12-28
ACCb27d50c46f,PAYadc87fd717,2025-12-28
ACC022a4c16f5,PAY87ee18180d,2025-01-28
ACCdafe68a710,PAY34dad04825,2026-06-27
ACCdafe68a710,PAY7bbed4Bbed,2026-06-27
ACC452ed7ee7f,PAY19856664ab,2026-05-16
ACC452ed7ee7f,PAYf228301d0d,2026-05-16
ACC4ff9b7448d,PAY50157e3b8,2026-02-11
ACC4ff9b7448d,PAY33114b4579,2026-02-11
ACCee22405e70,PAYbc23cba706,2026-02-16
ACC3a3484f28e,PAY4e98c981ef,2025-10-02
ACC3a3484f28e,PAYeae13f0f5a,2025-10-02
ACC6ba0b521bc,PYA6f56b8d498,2024-12-01
ACC6ba0b521bc,PAYd0ca14864c8,2024-12-01
ACC80b2aaaa37,PAY2ee42e770,2025-08-28
ACC50995c83f4,PAYe20562a8e0,2026-08-19
ACC50995c83f4,PAy576fcdd856,2026-08-19
ACC7d5c6a7fb6,PAYb9fd41c68,2026-04-18
ACC7d5c6a7fb6,PAY92a4g98616e,2026-04-18
ACC0a916d8fcb,PYA50355b200a,2024-09-24
ACC0a916d8fcb,PAY78e1c0efe8,2024-09-24
ACCb1cc5836d4,PAY20d44f0c0f,2026-05-31
ACCb02402a9a2,PY2eafe03e4b,2025-06-22
ACCb02402a9a2,PAYb55d3204ef,2025-06-22
ACC515480e084,PAY54fadb232,2025-09-19
ACC515480e084,PAYc1aefc911c,2025-09-19
ACCcdd2619981,PAY40718944e6,2025-04-03
ACC1582dfddcf,PAY5cea81c3b2,2024-09-06
ACC947aeb05ba,PAYaf36d9a029,2026-08-06
ACC947aeb05ba,PAYcfe242d28b,2026-08-06
ACC0ab743931b,PAY1438bd308c,2024-09-21
ACC2d9cc59279,PAYe9f52d4f46,2025-06-21
ACC22e003fc14,PAy6254052143,2026-07-13
ACC22e003fc14,PAy8bca463364,2026-07-13
ACCd8484b7edd,PAY861ed4914b,2025-12-19
ACCd8484b7edd,PAY9d0f05d8f3,2025-12-19
ACCa2195775dd,PAY182c19904b,2025-08-08
ACCa2195775dd,PAYfaa0a7bc48,2025-08-08
ACCa755030792,PAYb0d8d46d27,2025-04-14
ACCa755030792,PAYeeda5b656d,2025-04-14
ACCc5e32a6947,PAY164c312734,2026-01-20
ACC1a0e83a7f8,PAY9630c0ab10,2025-10-17
ACC83a78ce97c,PAYe80cbb8494,2026-08-19
ACC67a10f8cb8,PAY1184919be3,2025-06-18
ACC67a10f8cb8,AY23b34f9f1b,2025-06-18
ACC036cd9bb53,PAY83a2131f26,2025-06-14
ACC036cd9bb53,PAYff1b47692,2025-06-14
ACC3d0af477b1,PAYa9c5e6D784,2024-11-19
ACCaea4373dca,PAY2dffc299fa,2025-05-11
ACCaea4373dca,PAY32c4ed0e56,2025-05-11
ACCde4b54a89b,PAY79dfd8df9e,2026-01-24
ACCaeb3e7ad76,PAYb718e6cacd,2025-03-07
ACCaeb3e7ad76,PAYaa00cf4d21,2025-03-07
ACC8f87fc54bc,PAY3058d39af7,2025-12-05
ACCce88b87c09,PAYdbd1d52657,2025-06-16
ACC87d166b182,PAYcaa9242a63,2025-01-18
ACC87d166b182,PAYde9ad76d90,2025-01-18
ACCf6f15f4935,PAYec596c57c8,2025-10-10
ACC10b0700f76,PAY8a993c9cfc4,2026-07-08
ACCa289250d4a,PAYa8c05c9b59,2024-09-01
ACCa289250d4a,PAY3df8bc9c4c,2024-09-01
ACC7286cf5815,PAY8b39d18a86,2026-07-05
ACC25bb06d4ea,PAY2badc0d8a6,2026-02-15
ACC42a5571124,PAYa164641d06,2026-02-27
ACC0920c433c5,PAYac0a7d5cb2,2025-05-06
ACC2bc80e118e,PAY116da69221,2024-11-02
ACCff59cc229a,PAYd9fb07ae1e,2025-01-27
ACCc5d351171a,PzAYcea41be10d,2025-11-16
ACCc5d351171a,PAY49498ff851,2025-11-16
ACCd9b8518a93,PAY594f1s6c24c,2025-01-26
ACC1a033b0df7,PAYf670730411,2025-09-29
ACC1a033b0df7,PAY23bed0f231,2025-09-29
ACC99316ad23e,PAY87b5b9942C,2025-10-12
ACC99316ad23e,APYa541a2601f,2025-10-12
ACC4414cf0299,PAYd063236377,2024-12-01
ACC4414cf0299,PAY032c8d032f,2024-12-01
ACC71e1afb2fd,PAY2656a01f6d0,2025-12-27
ACC0142721244,PAY9ae78a2c5f,2025-11-23
ACC1b8d7c20be,PAY69cf939ac7,2025-06-03
ACC1b8d7c20be,PAY202b053c1d,2025-06-03
ACC63a7089e5e,PAY4dc27793ac,2025-06-09
ACC41b6a35086,PAYa71cf75a186,2025-07-19
ACC1c1915bbbd,PAY3b13d82fb9,2024-11-19
ACC1c1915bbbd,PAY20ced0279,2024-11-19
ACC9b4aa9cd8a,PAY4552d08da7,2025-06-28
ACC9b4aa9cd8a,PAY1f28bc13ea,2025-06-28
ACCee66e8d4f3,PAYe913125024,2026-06-02
ACC484ce17ebd,PAY3027e640fd,2026-08-13
ACC484ce17ebd,PAYd87c847722,2026-08-13
ACC3fc2beb38f,PAYced1dedcf2,2025-11-20
ACC3fc2beb38f,PAY92e41ffcc7,2025-11-20
ACCe76e174c84,PAYd2b10dfa37,2025-08-28
ACCe76e174c84,PAYede3c317a3,2025-08-28
ACC70c415a55e,PAYdb28d34f7e,2026-07-23
ACCe8d37f9abe,APYe00177e000,2026-04-02
ACCe8d37f9abe,PAYe665180a8e,2026-04-02
ACC08d8e605ae,PAY4ade8d27b4,2025-09-24
ACCf34e7728f8,PAYe99b05baa9,2025-01-16
ACC8d0a707aee,PAYf7f8b52bbd,2025-06-30
ACCceb4084daa,PAY60d9669700,2026-04-13
ACCceb4084daa,PAY2385f09fee,2026-04-13
ACCf37b17f641,PAYa5979E1722,2025-12-02
ACCafb77e84f7,PAY7c4d3e961c,2024-09-10
ACCd10de2f224,PAY15e44d571c,2026-07-01
ACCd10de2f224,PAY97201dff40,2026-07-01
ACCc6ca57511a,PAY99daa9112f,2026-04-22
ACCc6ca57511a,PAYf53e3c560g7,2026-04-22
ACC24d84ed30b,PAYa20f29375a,2026-03-04
ACC348e872937,PAY780bc22ada,2026-03-31
ACCf42f91d46c,PAYf6b9be511b,2026-01-28
ACCec13956a3e,PAY9d42cc5633,2025-09-12
ACCec13956a3e,PAYaca9728cd5a,2025-09-12
ACC5447be32eb,PAYf7a5ba699b,2025-05-15
ACC52858e6103,PAY16d050fbd6,2025-12-11
ACC52858e6103,PAYd5a2e9a99d,2025-12-11
ACC3ec81f2a27,PAYf652d55c15,2026-06-23
ACC1655b9eea1,PAY60536e032a,2025-12-21
ACC1655b9eea1,PAY0a08022aa1,2025-12-21
ACC1274396085,PAYc4757f84c2,2024-11-18
ACC39b0f920ed,PAY1593f8dc4f,2025-08-29
ACCdc9e2c5cc6,PAY89119ef80f,2025-06-27
ACCdc9e2c5cc6,PAYbef1ce0bF6,2025-06-27
ACC2fee89bc71,PAYf931952c8d,2025-05-27
ACC1de016f82c,PAY76edcccf2,2025-11-10
ACC1de016f82c,PAY085724a66,2025-11-10
ACC1c01a8c324,PAY0810a9230f,2026-05-06
ACC256abbd0c3,PAY9b6f0fccb4,2025-02-01
ACC37986ab1b4,PAY185ce975f6,2026-03-25
ACC37986ab1b4,PAY7a69d981f1,2026-03-25
ACC5542c316b5,PAYa9221a1ff,2024-11-16
ACC88b2f9431b,PAYbca3c3d218,2026-03-27
ACC93fc1a62a0,PAY325818190f,2025-02-28
ACC68587dcc6a,PAY5c9e2be320,2024-09-03
ACC38027cd059,PAY96b6b33f1d,2024-09-05
ACC301a13fa68,PAYa4d45c5813,2026-02-28
ACC0bc5b59962,PAYf1db4eda16,2025-08-05
ACC2f36a4d52b,PAYeb1993950,2025-11-26
ACC2f36a4d52b,PAY562a752a31,2025-11-26
ACCa0e04b9917,PAY9cb5cc69a0,2025-07-19
ACC4a60abce70,PAY2837a23509,2025-10-26
ACC308ee4b9f6,APY89ff867c89,2025-11-08
ACCe6509642dd,PAY44bb72db40,2025-11-28
ACC5a8b7a885b,PAYb5e8456f0c,2025-12-29
ACC81c55b30da,PAY2a4534f2fr3,2025-04-29
ACC81c55b30da,PAY11194e02f9,2025-04-29
ACC1bb2fdea64,PAY9a5a3a7F36,2026-07-18
ACC116918f3de,PAY0a9c55861e,2025-11-22
ACC03a6a5304b,PAYd68b3fe3f1,2025-11-30
ACC8d4212c8ff,PAY217002ff22,2025-10-10
ACC73a1c071c2,PAY4890b40545,2024-10-01
ACCe27fd09ee2,PAY652d265432,2026-05-22
ACC5e91fef2c0,PAYa2e4b695d,2025-07-30
ACC9effe308f9,PAY95e5c7ed2e,2024-12-20
ACC9effe308f9,PAY65f6f160b,2024-12-20
ACCba227734b2,PAY6c11a720a3,2025-05-30
ACC21266ba07c,PAYad43a47cea,2025-09-16
ACCdf382ab0f7,PAY2020584603,2025-06-11
ACCdf382ab0f7,PAYc14e157f33,2025-06-11
ACCc0772b05e9,PaYbd54aa30bb,2025-12-16
ACCc0772b05e9,AY1d78096371,2025-12-16
ACC55fb8b88f8,PAY85a36fc605,2025-06-08
ACC55fb8b88f8,PAY5656d1a873,2025-06-08
ACCbee6412124,PAY8559af638,2026-06-25
ACC9ef162ae59,PAYf1eb339596,2025-02-15
ACC6ddec56071,PAYff3cc4922d,2026-01-15
ACC6ddec56071,PAYbe41761294,2026-01-15
ACCafab375dcc,PAY1e59ab75g46,2025-03-31
ACCb21a1635a9,PAYa90ad8c86,2024-09-06
ACCb21a1635a9,PAYf07c8529e0,2024-09-06
ACCdd8e103f23,PYAbc7f740484,2026-02-09
ACC26c85743ea,PAY31c61d5561,2026-02-02
ACC26c85743ea,PAY0096528242,2026-02-02
ACCf31efe5ee6,PAy56ab8e9d22,2025-12-10
ACC83309e7e0d,PAYcbe4d7af3e,2025-01-05
ACC83309e7e0d,PAYc6353adc99,2025-01-05
ACCf562b3d4ce,PAY6431ebbb82,2025-03-06
ACCb0567a9afd,PAY098e3587b7,2026-08-14
ACCef82ae2180,PAY7efc65899d,2026-08-26
ACCef82ae2180,PAY05a78fc996,2026-08-26
ACCb9105fa03f,PAYe1d2d4d91d,2025-10-28
ACC30383cc747,PAY9900120376,2026-07-30
ACC5949456497,PAY3fef7f114a,2024-11-01
ACC44cae757f6,PAY15e3A08384,2024-10-20
ACC44cae757f6,PAY0d23d1d099,2024-10-20
ACC2351c0c1e7,PAY3b5848da20,2025-09-05
ACC3ee0150b11,PAY2551ccc403,2025-07-06
ACC3ee0150b11,PAYefd38d786f,2025-07-06
ACC4238adffd5,PAY1dbd6c8700,2026-04-14
ACC4238adffd5,PAY3a3b74821f,2026-04-14
ACC7b135e69b3,PAY7e433c8ec7,2024-11-06
ACCd8a6cc0227,PAY6a6a2280a4,2026-03-30
ACCd8a6cc0227,PAY5776f35f94,2026-03-30
ACC61b6895480,PAYd06f38c3df,2025-04-30
ACC61b6895480,PAY92572e9b32,2025-04-30
ACCd5ec648da3,PAY05e4a0905d,2026-06-22
ACC12d3b39797,PAY17cacdcbf2,2026-07-09
ACC47740c1f5a,PAYdf6624ff63,2026-08-29
ACC47740c1f5a,PAY1368b0a454,2026-08-29
ACCabb35f3852,PAYb4eb7bdd24,2025-05-01
ACCab67b49d64,PAYef4b52f048,2025-08-27
ACCc60542767a,PAY56e92f5c56a,2026-03-13
ACCc60542767a,PAYee51845043f,2026-03-13
ACC452153e82c,PAY5bf084de32,2024-11-15
ACC0605886687,PAY44a5017cfe,2025-06-08
ACCaf9f2c1125,PAY69f3bacefb,2026-02-01
ACC69e4f2ec56,PAY10ba820f86,2025-03-18
ACC69e4f2ec56,PAY9c5ca0se68f,2025-03-18
ACC88e7f2ed2c,PAY36c281a7b8,2026-03-27
ACC88e7f2ed2c,PAY0766147355,2026-03-27
ACC38d0f42cba,PAYb4d1f61f56,2026-05-02
ACC3572c81a97,PAYd465d22ea8,2026-08-13
ACC3572c81a97,PAY9faaea6dd4,2026-08-13
ACC189befc97c,PAY5d02a89ef8,2024-09-20
ACC189befc97c,PAY2c629120bb,2024-09-20
ACC68c5ddef54,PAYdb2cdbf3af,2025-10-18
ACC68c5ddef54,PAY05299646f,2025-10-18
ACCc9828b34bc,PAY253184fc4e,2026-06-23
ACCc9828b34bc,PAY80925960dd,2026-06-23
ACC3d338d504b,PAYd91f1b591a,2024-09-19
ACC3d338d504b,PAY5952fdd287,2024-09-19
ACC5c759a9111,PAY88eDcf236f,2025-10-25
ACC5c759a9111,PAY7a2198addd,2025-10-25
ACC912bf2c78a,PAY8446e5a542,2025-12-21
ACC21662e5644,PAY5fdef68916,2025-01-19
ACCf2151bd929,PAY2d081974e2,2026-08-07
ACCf2151bd929,PAYa8e97fea03,2026-08-07
ACCff3372f1af,PAYb5f78a93aa,2024-12-01
ACC3a90f0735b,PAY7a8idad2512,2025-04-23
ACC3a90f0735b,PAY7b2556d2a2,2025-04-23
ACCc37daff7a6,PAYe2f364a66,2026-05-18
ACC70386d4cba,PAY78d18cc3c3,2026-06-07
ACC70386d4cba,PAYed6ed102c9,2026-06-07
ACC18825203c2,PAY5ad40106d8,2026-05-28
ACC18825203c2,PAYcac86146d9,2026-05-28
ACC842cd92bec,PAY72cbc2eab4,2024-11-21
ACC9946d61c07,PAY8811ec3cd6,2026-07-06
ACC38b5c07a6e,PAY181734a881,2026-01-17
ACC38b5c07a6e,PAY7279f17f87,2026-01-17
ACC67567d8d44,PAYa019bedf01,2026-05-28
ACC0ddc02e42e,PAy985d5bab2b,2025-07-10
ACC0ddc02e42e,PAYc4ddd9188e,2025-07-10
ACC44647635a4,PAY2f652be506,2026-02-06
ACC44647635a4,PAYeEae184211,2026-02-06
ACC27f6f36684,PAY62e1c5f1d9,2024-10-28
ACC9ed883de3e,PAYebe250174e,2024-10-07
ACC9ed883de3e,PAY0ffc7807ec,2024-10-07
ACC0c5d7a2e04,PAYa5ed258b91,2025-10-24
ACC0c5d7a2e04,PAY90389f8658,2025-10-24
ACCf1619352e1,PAYe5ba28b348,2026-04-15
ACCf1619352e1,PAYb279692a9e,2026-04-15
ACC88ae4fcb7a,PAYea588c9b3f,2025-12-07
ACC88ae4fcb7a,PAYeff78c6a2d,2025-12-07
ACC07375d36bd,PAy8522960af3,2024-11-09
ACC07375d36bd,qPAY0921568b74,2024-11-09
ACCa385d20e1b,PAY665bc61ef3,2026-06-24
ACCa385d20e1b,PAY429c84e96a,2026-06-24
ACCea4b72a646,PAY875dc76269,2024-12-25
ACCea4b72a646,PAY85d1e104e4,2024-12-25
ACC802059f3bb,PAYdab441c0d4,2025-12-31
ACC467956b6d8,PAY088872b0f4d,2025-12-21
ACC467956b6d8,PAYdc198a25713,2025-12-21
ACC874bf9ab72,PAY740cc0aac8,2025-12-23
ACC874bf9ab72,PAY49a2dc4166,2025-12-23
ACCd7da1502d0,PAY664045d066,2026-01-01
ACC71125a352a,PAYDc3cd63763,2026-07-18
ACC71125a352a,PAY1d20a984E3,2026-07-18
ACC221d2a7fd3,PAYbc9e95bdb3,2026-04-02
ACCc90c438616,PAY9a94a0b47f,2024-10-31
ACCc90c438616,PAya06491f2eb,2024-10-31
ACC54d9b971fc,PAY5146175e2c,2026-03-02
ACC343caaa55f,PAY83b81ef3f1c,2025-05-07
ACCef0a9b7a0f,PAY98aba0fc05,2025-03-27
ACCef0a9b7a0f,PAY617b9ae422,2025-03-27
ACC5c2911f6c6,PAeY97c9530f2,2025-01-28
ACC49bdc459de,PAY825d7ebe2a,2025-10-16
ACC49bdc459de,PAYf6d69a8a2b,2025-10-16
ACCc6c26face8,PAYf9a23ba702,2025-01-16
ACCb109285435,PAY10dad64cd6,2025-10-13
ACCb109285435,PAY80cda72af2,2025-10-13
ACCd819ed8d72,PAY48cd412907,2024-12-16
ACCa729165b7b,PAgY759c42601c,2025-04-24
ACCfd3e663452,PAYa92f9e661a,2025-06-30
ACCfd3e663452,PAY8fed068485,2025-06-30
ACCeefdc0b0a6,PAY009030421c,2026-01-31
ACCa04966930b,PAcY3d420a38b,2026-06-26
ACC06cd603170,PgAY0762e83c27,2024-12-10
ACC06cd603170,PAYf649e3718e,2024-12-10
ACC126b086bc0,PAYcb5417b738,2026-01-28
ACCf609db13c4,PAYc67955ffc0,2025-03-02
ACCf609db13c4,PAYf38a720ca2,2025-03-02
ACCa1bff41727,PAY21f5a42b2,2024-11-27
ACCa1bff41727,PAYdc63dd8f4,2024-11-27
ACCa3f79efe9b,PAy1ed5f677d3,2024-12-29
ACCa3f79efe9b,PAY061fe5vdb91,2024-12-29
ACCd6ac2a42b1,PAY2d10c34ec9,2025-02-09
ACC66dd3f6c18,PAYed6e26129a,2025-01-07
ACC66dd3f6c18,PAY0b90102ef,2025-01-07
ACC90b3bd9b94,PAY862dea774a,2026-07-02
ACC90b3bd9b94,PAYcfc3335292,2026-07-02
ACC1001243923,PAYecd8df5673,2024-12-01
ACC62cc3ab137,PAY77b8561e82,2026-08-13
ACC75a9fe8187,PAY85eb057c2,2025-10-23
ACC75a9fe8187,PAY88b4ddb27b,2025-10-23
ACCb95a35f183,PAY05a0a8a052,2025-06-11
ACCb95a35f183,PAYe328554005,2025-06-11
ACCbf81e5b536,APYa4bc12e035,2025-09-25
ACCbf81e5b536,PhAY6a5e1b0b9c,2025-09-25
ACC5aa65424f1,PAY41bb2238d3,2025-04-26
ACC3b52384062,PAYfba46c43f9,2024-10-30
ACC3b52384062,PAY9572c1ce0e,2024-10-30
ACCaabade19fe,PAYecfac2a0a2,2024-12-07
ACC36abfc95f2,PAY8aa2f191cf,2025-07-05
ACC36abfc95f2,PAY7bc55668f9,2025-07-05
ACC338ff7a988,PAYf5a4dce947,2024-09-03
ACC338ff7a988,PAY549342ad67,2024-09-03
ACC3d2bcaeefd,PAY4b3bc133da,2026-04-11
ACC626e127ad7,PAYf05eb71dd49,2025-12-16
ACCce80bb741c,PAYd4d51d21f5,2025-03-16
ACC63cf711200,PAYc0ecb4746d,2024-12-30
ACC63cf711200,yPAY263e5d2aa9,2024-12-30
ACC9d8a47cbcc,PAY21e9d76b6,2025-04-04
ACC9d8a47cbcc,PAYc0e85abbf5,2025-04-04
ACC797791018e,PAY808f30879b,2026-05-25
ACC797791018e,PAYe6fa0fe277,2026-05-25
ACC87cf57aba9,PAY436831c59b,2026-07-05
ACCec411cc660,PAY63d5797104,2026-03-20
ACCec411cc660,PAY428b47a584,2026-03-20
ACC1fbbce78bc,PAdY128e75c37c,2025-03-09
ACCd7c067bfe3,PAYeE73ad15b5,2025-10-16
ACC68570b9b4b,PAY4e1b72f71c,2026-07-09
ACC39acfc17ab,pAY09605bea2e,2026-03-13
ACC352ebbea21,PAYd5168c2ee1,2025-12-08
ACCaf53116afe,PAY7ac6b80e3f,2026-04-14
ACC3d716c5794,PAY6933a261b,2026-07-08
ACC3d716c5794,pAYdcafe7d5b7,2026-07-08
ACC22defe1c98,PAY48837f5d54,2024-09-02
ACC2f5231604e,PAYf242419385,2025-09-02
ACC2f5231604e,PAY9083f52ad,2025-09-02
ACC04f062d0c4,PAY1d94084fc4,2025-07-09
ACC04f062d0c4,PAY52eec0e9de,2025-07-09
ACC804d442636,PAYf9ebc87404,2025-03-28
ACC804d442636,PAYff682694a4,2025-03-28
ACCe9394e75be,PaYe41366699d,2025-02-07
ACCe9394e75be,PAY99c44b160d,2025-02-07
ACC2f95fc330c,PAY16005917d7,2025-02-13
ACC3354aef433,PAYb2294105db,2025-01-29
ACC3354aef433,PAYb99b35291,2025-01-29
ACC15ea33e5d9,PAYa850f64b4,2025-08-10
ACCd40e9f55a9,PAY04fbbafcb2,2026-05-22
ACCd40e9f55a9,PAY9d48ad0350,2026-05-22
ACCbf88fe64ad,PAYae85675716,2025-01-17
ACCef6e1e7928,PAYe15555f636,2025-04-27
ACCef6e1e7928,PAYfa21dcb576,2025-04-27
ACC3b53434c5b,PAY30cbc2cec9,2025-12-11
ACC8f303de300,PAYf7ea2b3fc1,2026-08-14
ACC8f303de300,PAYd3374fc098,2026-08-14
ACCec3fdb0ae2,PAYe1e8634148,2026-05-31
ACCb7c209c4f4,PAY95df45a808,2025-07-05
ACC1a2ac0101a,PAYb0f444a8e1,2026-05-30
ACC8b90d400c0,PAYyf6a8ff7011,2025-07-18
ACC66af99240b,PAY83c2b5878,2025-06-15
ACC66af99240b,PAYda603ccc7a,2025-06-15
ACCe58753ef23,PAY95b1ce0861,2026-06-05
ACCe58753ef23,AY7d36b4fd14,2026-06-05
ACC45c46a92ab,PAY7d5ccc0f2,2024-09-03
ACC45c46a92ab,PAYe95d2ac8fe,2024-09-03
ACCa5420e0c50,PAY7958b40f99,2025-03-17
ACCa5420e0c50,PAYfd40291911,2025-03-17
ACC0906041e77,PAY6ab3769841,2025-12-24
ACC0906041e77,PA9Y420147be6c,2025-12-24
ACCd6b87b826b,PAYedd332a5e1,2025-10-20
ACCd6b87b826b,PAY6729353pf02,2025-10-20
ACCfb4ee5bccf,PAY7a777a5a85,2025-04-17
ACC55f5a151d4,PAY864aa6a640,2026-01-18
ACC55f5a151d4,PAY7d103ae715,2026-01-18
ACC0150fcb204,PAYbbcee37d94,2025-06-23
ACC870ff8cf1d,PAYec692af66c,2025-07-12
ACC870ff8cf1d,PAY58bda7e5d66,2025-07-12
ACC52e1433e2d,PAYea9e12fe7e,2025-05-11
ACC89085625e9,PAYded204e74f,2025-06-27
ACC82bb5d39de,PAYbb512a6156,2025-01-08
ACCad8c850495,PAY498cb2f4a0,2025-04-06
ACC5b37bd3b44,PAY803540fa54,2025-01-03
ACC5b37bd3b44,PAY6a607ce574,2025-01-03
ACC92300334d4,PAYee6d02e549,2026-07-13
ACC92300334d4,PAYbbo8c4ab5f5,2026-07-13
ACCdb5951bb15,PAYa67c3c3a2a,2025-11-07
ACCdb5951bb15,PAYfb3022197,2025-11-07
ACC69dbb7dfd3,PAYie0d2fdffc2,2025-08-04
ACCb67931401d,PAY0aeB83ec55,2026-02-19
ACCb67931401d,APY2d3e8bcc85,2026-02-19
ACCdac5bfc8e2,PAY62afcdd3c,2025-01-11
ACCd74195114b,PAYad6cb6589c,2026-03-03
ACC1114c565a4,PAYa60f236aFf,2026-08-03
ACC1114c565a4,PAY2eb77f3af7,2026-08-03
ACC9760237274,PAYa6d9edaf67,2024-09-30
ACC9896ee189f,PAYca06e4875b,2024-10-16
ACC9896ee189f,PAYa284f0f2ad,2024-10-16
ACC1aad07ae2c,PAYd440ae0254,2026-04-22
ACC1aad07ae2c,PAY53fb635851,2026-04-22
ACC16c53f4724,PAY5bB160d3dd,2025-01-29
ACC16c53f4724,PAeY04cd2004d,2025-01-29
ACCece0d636c4,PAY07124b03c3,2026-06-05
ACCece0d636c4,PAY158c1c8da8,2026-06-05
ACCfdc13ff09f,PAYcdf92cbeba,2026-02-20
ACCfdc13ff09f,PAgY02bd92afc7,2026-02-20
ACCaed7126398,PAYd69fd1a36f,2026-02-15
ACCaed7126398,PAY61020ccb4f,2026-02-15
ACCc3a9ef2934,PAY5f355188ad,2026-05-30
ACC6af9ab4f70,PAYd0d1206759,2024-10-15
ACC4dcb4cb57e,PAYe9415653b3,2025-05-25
ACC4dcb4cb57e,PAY3d84ff26Fb,2025-05-25
ACCf33ca8a242,AY81af6f7edc,2025-09-15
ACCf33ca8a242,PAYb64bd5d80c,2025-09-15
ACCbe4e0f5007,PAY2c9b013h874,2024-11-22
ACCbe4e0f5007,PAY683d5fdi6f1,2024-11-22
ACC7ce2cb35b8,PAY8ebb057036,2024-11-02
ACC7ce2cb35b8,PAY0a6bf96b9,2024-11-02
ACCf7dfc0197d,PAY9e76030824,2025-05-31
ACCd2bbc83039,PAY0602b6c92bf,2025-06-05
ACCd2bbc83039,PAYc565639b2,2025-06-05
ACCe4fcfe74fc,PAY58063256c4,2025-11-04
ACCe4fcfe74fc,PAYb4998fbb34,2025-11-04
ACC7520e580ef,PAY3e137a0163,2024-11-09
ACC7520e580ef,PAYd28206ff23,2024-11-09
ACC153dabeacc,PAY64c3798c97,2025-09-13
ACC153dabeacc,PAYc726ea3e15,2025-09-13
ACCc368ffc2b9,PAba0e7065a4,2025-06-13
ACC570b40178a,PAY6cc623751,2025-09-28
ACC1db09f299e,PAYe078c3921c,2026-01-30
ACC1db09f299e,PAY3beba31d70,2026-01-30
ACCac9498d200,PAYd6b16eF1c6,2025-12-10
ACC1392d4450c,PAYf844ea0618,2025-01-11
ACC1392d4450c,PAY023411885fa,2025-01-11
ACCd8b99e16aa,PAYc77a7bd07f,2026-06-29
ACCd8b99e16aa,PAY364bcb127a,2026-06-29
ACCa5f54a796e,PAYe740a45f9,2025-06-19
ACCa5f54a796e,PAY9283fe81f7,2025-06-19
ACC858294332c,PAYFdcb4566c9,2026-02-05
ACC40978002dd,PAYc35f6a07af,2026-02-23
ACC40978002dd,PaY55314e8533,2026-02-23
ACC4697450515,PAY9b4c61ed24,2026-04-19
ACCfcfdcb252b,PAY42090bac07,2026-02-13
ACC6ca7399a47,PAY60ab9868b6,2025-01-18
ACCea2f6b82f8,PAYa7dcd4d925,2025-03-28
ACCea2f6b82f8,PAYbab599345e,2025-03-28
ACC28093290f1,PAY9dfd19d0a0,2026-06-23
ACC28093290f1,PAY6b14587d8f,2026-06-23
ACC87445b24d0,PAY4a8dfe0929,2025-09-05
ACC87445b24d0,PYc49d523239,2025-09-05
ACC6de0b140b3,PAYc6e98b49ea,2025-02-23
ACCf495594304,PAYbaa80cf4b9,2024-11-06
ACC0943e15d0b,PAYa08588dc1,2024-11-09
ACC0943e15d0b,PAY4c1ad00cba,2024-11-09
ACC7ae1ac07d1,PAY53acdd797b,2025-09-20
ACC7ae1ac07d1,PAY64c4bd629d,2025-09-20
ACC3657bc3290,PAYd245f8c6bd,2024-09-19
ACC767fc2cffb,PAYa14b62d184,2025-08-24
ACC767fc2cffb,PAY6f6c2e6ba,2025-08-24
ACC287cb43db1,PAYc56319e4af,2024-12-15
ACC287cb43db1,PAY72132ac8a8,2024-12-15
ACC968ddddccf,PAaY1797346f9,2024-12-13
ACCf1adff5419,PaYaed72c6ce0,2025-03-14
ACCf1adff5419,PAY93397017a6,2025-03-14
ACC62b536c976,PAYfea172ddf7,2026-04-08
ACCaaa021b972,PAY9f17d12778,2024-12-11
ACC7e9f825a50,PAYf76b5514cc,2024-10-19
ACCa5cbb45350,PAY1bbbef29f,2025-12-11
ACC61631f7867,PAY3c590aa43e,2026-08-27
ACC38fb4b9ca9,PAY0c7903bab6,2025-03-16
ACC37f5303deb,PAY5369cac6f9,2025-09-28
ACC37f5303deb,PAYddb3500850,2025-09-28
ACCabfbe18def,PAY71f2f1ed73,2025-04-30
ACCabfbe18def,PAYfcb54cb7f7,2025-04-30
ACCe3b33cf0dc,PAY7a84e39740,2025-10-24
ACCb09e2bb1d2,PAY9e5b6f5735,2025-02-19
ACCe8a7732df0,PAY8a32db5a6,2026-05-23
ACC9bdecbbaab,PAYfd1bc39d03,2025-07-16
ACC9bdecbbaab,PAYa6de48f1ad,2025-07-16
ACCd2e08b9422,PAYeff2e44b86,2024-11-12
ACC8c87f5b0e5,PAY562ff5b091,2026-04-10
ACC5b56f040d3,PAY6d717625eb,2025-08-24
ACC5b56f040d3,PaYbe03ee407a,2025-08-24
ACC45e16a7969,PAY67c331fe46,2024-09-20
ACC0a977b39b3,PAY99kdc8f1f59,2026-05-10
ACC895d081a67,PAY5d1116ef3e,2025-07-04
ACC1cae756051,PAY6e92d81d55,2026-04-02
ACC1cae756051,PAYa698abd93a,2026-04-02
ACC7bd68e296b,PAY3dEf02264f,2026-03-01
ACC7bd68e296b,PAYfe5d70964f,2026-03-01
ACCcb085446f0,PAY2a7e4d6349,2026-06-21
ACC4b6c223b07,PAY7ced945ec,2025-03-09
ACC4b6c223b07,PAYd45314ce44,2025-03-09
ACCf4fa4ad61a,PAY93d95442c8,2026-02-16
ACCe0d535f4a9,PAY56bd46c6ed,2024-12-02
ACCbb9cc1dcda,PAY78fee321eea,2024-10-17
ACC80a05c91dc,PAY94fc00a51f,2026-07-10
ACC80a05c91dc,PAY204794d0d7,2026-07-10
ACCfb8ecd6d18,PAY9ee7eb47c8,2026-08-23
ACCfb8ecd6d18,PAY130b0575ef,2026-08-23
ACCd778c0902a,PAY778de43dCf,2024-10-22
ACCffc6df4544,PAY96c3cb226c,2025-06-01
ACC0c147d1a43,PAYafb77b5bbf,2026-03-09
ACC00b83cadba,mPAYac85d918e5,2025-07-25
ACCb150ba539a,PAYa7ab3ada2a,2026-03-05
ACCb150ba539a,PAYe0e036901a,2026-03-05
ACC685658cc84,PAY3d6ed60c8c,2025-06-09
ACC685658cc84,PAYd5ab4821b3,2025-06-09
ACCe35510eb97,PAYd0be266d73,2025-05-18
ACC11767b4536,PAY41548053b6,2025-06-05
ACC11767b4536,PAY82c6768506,2025-06-05
ACCef028d625b,PAY2e76c59592,2025-06-23
ACCef028d625b,PAY287d7390f4,2025-06-23
ACCbd6be8ba95,PAY56a9ba2522,2026-03-02
ACCbd6be8ba95,PAYc46ca96615,2026-03-02
ACCff36d54a34,PAY50f2bc33ed,2025-04-09
ACCc94c501209,PAY5d2febf511,2024-09-15
ACCc94c501209,PAY1080d5899a,2024-09-15
ACC8c5fd4b332,PAY8280754908,2024-10-19
ACC88bb5af772,PAY73a5816ce4,2026-04-25
ACC23fff545f8,PAYe38fy6a75df,2026-07-14
ACC23fff545f8,PAY1809a58f0a,2026-07-14
ACC05cc22267f,PAY7546626ef8,2025-10-19
ACCfa36978318,PAY477530e951b,2025-11-28
ACCfa36978318,PAYd2c09723507,2025-11-28
ACCf2dbae9f14,PAY430d88de44,2025-04-30
ACCf2dbae9f14,PAY106ae71303,2025-04-30
ACC1b28d6e690,PAY1fc5c5ccb,2026-06-11
ACC1b28d6e690,PAY59f9f8da03,2026-06-11
ACC81793b00f6,PAYba06e374f5,2024-10-10
ACC81793b00f6,PAYa56cee37d4,2024-10-10
ACC6ffae150a0,PAY1676c70761,2025-06-01
ACC7045f358d4,PAYe0566f08f8,2024-09-27
ACC7045f358d4,PAY1569bd345,2024-09-27
ACC75e01d632f,zPAY2917c70f10,2025-02-14
ACC75e01d632f,PA5dafc8fc20,2025-02-14
ACC9939c05b05,PAY4caa32e544,2024-12-13
ACC9939c05b05,PAYe92189e5bb,2024-12-13
ACC45a3f10247,PAYb60236f674,2026-05-07
ACCec56cee165,PAYf0154a9674,2024-12-25
ACCec56cee165,PAYa8aae1ac61,2024-12-25
ACC7353675b88,PAY5d4f7d6f8e,2025-08-23
ACC7c8ceb9251,PAY98f7ed3e23,2025-01-13
ACC7c8ceb9251,PAY8034341d18,2025-01-13
ACCbc70671311,PAYb7e1c229c7,2025-11-02
ACC4d80c407ae,PAY54a093813,2026-01-01
ACC308cdc399d,PAYd89a8a56ed,2025-03-07
ACC91f5c0743c,PAYa714768c07,2026-02-11
ACC9352a9d1b6,PAY699e00c5cb,2024-09-18
ACCee4138cbec,PAYbacd68e068,2026-04-10
ACC291960e85e,PAY8fea0ad28a,2026-02-19
ACC291960e85e,PAY100e3f5d3,2026-02-19
ACC478a821178,PAYa895a2aae4,2024-10-12
ACC478a821178,PYAa53879427a,2024-10-12
ACCc1e84de8d6,PAY022829a70e,2025-01-23
ACCc1e84de8d6,PAYac4f4de073,2025-01-23
ACC51edc9b438,APY44c0c9d51a,2025-07-09
ACCa11d3986db,PAYfdc9388367,2026-07-25
ACCc7aa6c9e58,PAY52047d2216,2026-08-02
ACC388ad4cd46,PAY03d60595af,2025-07-26
ACC83b0d05739,PAYaf6239a660,2025-11-22
ACC9bed7bc7b1,PAY0a85449ad5,2025-01-29
ACC8af6ac7801,PAY9e689d07f0,2026-02-05
ACCf0f9543dca,PAY0b3bc1fce5,2025-07-23
ACC6c68c2187d,PAY36678a3ce9,2025-10-29
ACC6c68c2187d,PAY07d80d5248,2025-10-29
ACC11b3da703e,PAY23099c4419,2024-11-29
ACC11b3da703e,PAYc35da04790,2024-11-29
ACCdb6ef76d18,PAY3f2cf89ea8,2025-03-29
ACCdb6ef76d18,PAY33b99a24c6,2025-03-29
ACCebc88dfb84,PAY37dc9c98ad,2024-12-26
ACC93687fb58a,PAY0634f7635c,2025-06-18
ACC36821aac50,PAY7f41f3d50d,2025-07-21
ACC36821aac50,PAY7ec56bb3b1,2025-07-21
ACCcdb431dd24,PAyd12a5436f7,2025-12-24
ACCcdb431dd24,PAY4a251316ca,2025-12-24
ACC8b55ea7d39,PAY90ffe4e0fa,2024-09-22
ACCe12ba3d378,PAY15b2a4c1be,2024-10-26
ACCed095ab727,PAY999Db51d93,2026-01-06
ACCed095ab727,PAYe517e0c03c,2026-01-06
ACC647a56bf78,PAYfb4e5173f9,2024-11-13
ACC34d02a5528,PAY83b5f9488d,2026-06-19
ACC34d02a5528,PAY636fc5e2a7,2026-06-19
ACCb8e85ee9d8,PAY484aed8j26c,2025-05-25
ACC44d7be1bd8,PAY4a62df72b0,2025-11-19
ACC0961933901,PAY729a37770c,2025-12-20
ACC5905f5cca4,PAY07bDf9d071,2026-06-21
ACC8d38773287,PAYb28a00451e,2024-09-26
ACC8d38773287,PAYec9928fb3a,2024-09-26
ACC5433f24fc1,PAY3612c0ae9c,2026-07-28
ACC4a13578cbb,PAY8cea75e376,2025-06-17
ACC4a13578cbb,PAYy01bf9eb888,2025-06-17
ACC5639abed0f,PAYe90ae4b460,2025-01-10
ACC5639abed0f,PAYadp1c0570f1,2025-01-10
ACC1c5d896960,PAY4c4287674b,2024-12-11
ACC1c5d896960,PAYafdd5f8395,2024-12-11
ACC3c809e2dcf,PAY2fa4124990,2026-03-01
ACCa36fb9c0b0,PAYa1e05f2763,2025-01-29
ACC4dc76d4330,PAY40c93caf8b,2025-01-18
ACCeb3eb02018,PAYjfe81e52d28,2025-10-06
ACCeb3eb02018,PAY45cfbe577c,2025-10-06
ACCf245adbd9f,PAY6c24cb76f3,2026-08-03
ACCa03b03a067,PvAYe6fdc3d71f,2025-05-11
ACC38ffba6d7a,PAYf95dc5a6bf,2024-11-27
ACC38ffba6d7a,PAiY26ca18e8d3,2024-11-27
ACC6674bbd75a,PAY6400a38e4,2025-01-06
ACC12e7d1e925,APY6ba3f0f3bc,2026-04-14
ACCb04390194b,PAYE26543af4a,2026-04-26
ACCb04390194b,PY05fb5114b0,2026-04-26
ACC0841e41ae4,PAYecec580ce1,2025-02-06
ACC24101962e7,PAY3838766e1,2025-01-24
ACC24101962e7,PAYbad2b975e0,2025-01-24
ACCb66e8123c7,PAY2df4108z51a,2025-02-03
ACC66b83b98da,PAY0eea28aaa9,2025-02-19
ACCcd04f8677e,PAY4a8db7b94b,2025-01-18
ACCcd04f8677e,PAYe053cada83,2025-01-18
ACC12af15c5f6,PAY06a4005ae2,2025-07-04
ACC12af15c5f6,PAYad5dbeaa68,2025-07-04
ACCaabbe49cc2,PAY43e75573ae,2025-10-11
ACC79875602cd,PAY1cb0638bar5,2025-03-30
ACC79875602cd,PAY61db3ddfcb,2025-03-30
ACCe533aaf18d,PAY10d9c3a06c,2024-11-25
ACCe533aaf18d,PY2afd4980e1,2024-11-25
ACC313b67501a,PAYa988030662,2026-06-18
ACC7fac5e3205,PAY9109fc7917,2024-11-28
ACC7fac5e3205,PAY1d16a84e6e,2024-11-28
ACC88d708ce1f,PAY436dd18ea3,2026-05-01
ACC88d708ce1f,PAY1679b7679a,2026-05-01
ACC213123537f,PAY631d05y4e15,2025-12-11
ACC213123537f,PAY5c3161ffdd,2025-12-11
ACC0363186ff0,PAYaf66553f6c,2026-05-20
ACC345570fa90,PAY8d73eeab08,2025-11-20
ACC345570fa90,PAYb9aa948e4b,2025-11-20
ACC3c260663a1,PAYb4c0b05bf9,2025-10-30
ACC3c260663a1,PAY4c10a357cc,2025-10-30
ACC7fcf262271,PAYce07ef200a,2026-05-06
ACCe7d31782c5,PAY0c910543e9,2024-11-10
ACC6e138a07de,PAY87c0ad2621,2025-12-12
ACC6e138a07de,PAYb6e5f9470c,2025-12-12
ACC8e28e47fb2,PAY17416b9ae9,2025-06-25
ACC727dd10c92,PAY94bb5b6330,2024-10-09
ACC96e00df52f,PAY7c2f626ea9,2025-02-12
ACC96e00df52f,PAY25c671e594,2025-02-12
ACCb8b00a7ca8,PzAYf642a2dd5e,2026-05-09
ACCb8b00a7ca8,PAY848828e1fb,2026-05-09
ACC0612a53e27,PAY315cefb2d4,2024-11-13
ACC98c930f56c,PAY564bac97ef,2024-10-04
ACC98c930f56c,PAY89661cbb1d,2024-10-04
ACC0572a480c5,PAY02ea3c50bd,2025-03-06
ACCf8f7087f4f,PAY52caa3d4d0,2025-02-20
ACCef8485ee7f,PAY0db75e3d1c,2026-02-19
ACCef8485ee7f,PAYcaebbf31f1,2026-02-19
ACCeda906ee7b,PAYb9da9c97ac,2025-09-27
ACCeda906ee7b,PAY687139a4bd,2025-09-27
ACC39207d5982,PAYf69cae1f75,2025-01-27
ACCeae129e62b,PAY09ab925fd1,2024-09-04
ACCc5cd7bb4a7,PAY1c68a80bdc3,2026-03-25
ACC9abdeed8f3,PAY7f14b86d53,2026-03-06
ACC9b3a199a0f,PAY087c8b4e9c,2025-12-17
ACC9b3a199a0f,PAY18df473c82,2025-12-17
ACC956e444801,PAY5a8959d3ec,2025-05-28
ACC956e444801,PAYd8136f4206,2025-05-28
ACC06e7e4508c,PAY45fde4c9e4,2025-03-08
ACCa5cf060081,PAYe5904d8940,2024-12-12
ACC33d2bd013f,PAY194ff7ld149,2025-10-01
ACC18b158dd2e,PAYd6a8f90cf0,2025-04-13
ACCb99a3322b6,PAY40e8ad7611,2025-08-21
ACCb99a3322b6,PAY8bb858b656,2025-08-21
ACC1a9c02ba29,PAYf022n609ffd,2025-04-01
ACC1a9c02ba29,PAY0068896ac3,2025-04-01
ACC115d18d051,PAY558ad8b0c1,2025-07-21
ACC6505a8a150,PAY7aac46ddb5a,2024-10-29
ACC6505a8a150,PAYde35e4a24ec,2024-10-29
ACCa16dbe723c,PAYdcde7B7af3,2025-03-21
ACC483f405407,PAYe0ede149b6,2025-04-24
ACC483f405407,PAY51acebdc68,2025-04-24
ACCb19df44153,PAY150e39dae1,2026-08-25
ACC15be5c0d74,PAY9d671ff847,2025-04-02
ACC15be5c0d74,PAY53d6b3ce1c,2025-04-02
ACC530288c465,PAY8689c02516,2026-04-22
ACC9cd3a5f290,PAYf2b1865f27,2024-11-17
ACC9cd3a5f290,PAYd7a7f270d5,2024-11-17
ACCea33b50be3,PAY78bc117adf,2025-10-17
ACCea33b50be3,PAYf198c129c,2025-10-17
ACC112c5df5f2,PAY068e04a9eD,2025-03-05
ACC112c5df5f2,PAYcdd537f2b,2025-03-05
ACCd741663012,PAYbeb86b8def,2026-02-09
ACCd741663012,PAYa38b76ba1a,2026-02-09
ACC3439a3db43,PAY87d120af94,2024-12-31
ACC3439a3db43,PAYec84823abka,2024-12-31
ACCbfb6a53fa6,PAYe7ie4d143d0,2026-02-10
ACCbfb6a53fa6,PAY7f3dbb8fe,2026-02-10
ACC35ac452473,PAY6ee6eef21b,2025-08-22
ACC35ac452473,PAY7d5713be3ld,2025-08-22
ACC799459c290,PAYda1a50eb93,2025-09-27
ACCab8b599a72,PAYe84d52141,2026-05-06
ACCab8b599a72,PAYd65c8cad04,2026-05-06
ACC4f038e9276,PAY6a354b2313,2026-08-18
ACCae5c10a56f,PA8109579c6c,2025-11-10
ACC6cb65bfcd9,PAY81a6fcfs297,2026-04-30
ACCf657d1289c,PAY6ab1d8bc48,2024-11-30
ACCf657d1289c,PAY3d162b9135,2024-11-30
ACCc8b2e26c10,PAY642fd8d282,2024-10-21
ACCc8b2e26c10,PAY502faee422,2024-10-21
ACC023d17a735,PAY9420c6a2a9,2025-02-01
ACC023d17a735,PAYb71d24895,2025-02-01
ACC70fb8e6961,PAY33023c9b55,2026-07-08
ACC70fb8e6961,PAYf87e3e1c14,2026-07-08
ACC793e149e25,PAY688d527brdc,2025-09-16
ACC793e149e25,PAYd639f8b3a1,2025-09-16
ACCf921787087,PAYfb3f842bd1,2026-02-23
ACCb3460ef2c0,PAYba7fa52ca6b,2025-06-28
ACCb3460ef2c0,PAYc6ed9d4b68,2025-06-28
ACC7b84b0ab90,PAYe245bd3dd4,2026-03-04
ACCbaa0c6d711,PAy83257e3fba,2026-06-02
ACC3b046084ec,PAYa622242e6c,2025-10-03
ACC3b046084ec,PAYd0a04b6571,2025-10-03
ACCef57524924,PAY85502345ca,2025-11-13
ACCef57524924,PAY341a07aE8d,2025-11-13
ACC4c3720e6aa,PAYedd45318cb,2025-05-08
ACC4c3720e6aa,PAY87c1547Aa6,2025-05-08
ACC614c9950fc,PAYcd75c7da05,2026-06-08
ACC614c9950fc,PAY4ed905c8eae,2026-06-08
ACC9f1d5b8c59,PAYa5bcd0da4,2025-07-16
ACCe8e2eb100b,PAY3e0f1cd852,2026-02-07
ACC41d5aaff74,PAY6c7dae3602,2026-04-18
ACC5ea7612fa3,PAYc1913f23c1,2025-10-10
ACC5ea7612fa3,PAYfea71b07da,2025-10-10
ACC179ee05501,PAY131c2f5537,2025-01-23
ACC2c1a06b65a,PAuYea03a5030c,2024-10-07
ACC2c1a06b65a,PAY2d332c324d,2024-10-07
ACC9136159fcc,AY19bdebedca,2025-03-01
ACC9136159fcc,PAY7fd00501f2,2025-03-01
ACC6565977eea,PAY4ba240b181,2026-05-25
ACC34ddea5616,PAY7d724a7aea,2025-08-03
ACCf72525e179,PAYdfae89ebd3,2025-04-27
ACCe61c2a77a3,PAY761f4ef44a,2025-01-03
ACCe61c2a77a3,PAY812ea11daa,2025-01-03
ACC4117534e9f,PAYd95e630806,2026-01-01
ACCfcfd3cc753,PAY72f42a6859,2026-04-30
ACCfcfd3cc753,PAY37808a66c,2026-04-30
ACCa499c1a6df,PAYe6995d8f80,2025-12-21
ACCa499c1a6df,PAY3c19086d13,2025-12-21
ACC055c093178,PAY4956489430,2026-02-01
ACC620a9cc9b9,PY7fc9a8599a,2025-05-06
ACC620a9cc9b9,PAYd90d69864e,2025-05-06
ACC4a607482b9,PAY05732f5f05,2025-03-13
ACC4a607482b9,PAYa884335652,2025-03-13
ACC4fbc02b468,PAYffe2ed3dc7,2024-11-22
ACC4fbc02b468,PAY801609e7b3,2024-11-22
ACC50e2c4ad12,PAY4da15559c3,2025-05-27
ACC50e2c4ad12,sPAYa9fa72495d,2025-05-27
ACC0f0f8cde93,PAY3f5e1e0b0e,2025-01-17
ACC9c3821ba87,PAYa4d1c5cc39,2025-06-24
ACC9c3821ba87,PAY2149ce56f2,2025-06-24
ACCdf4c2ee3c4,PAYbb4c153506,2024-10-16
ACCa7c8bb5cc1,PAYcd00f81791,2025-04-03
ACCda164c6756,PAY02d4e3b908,2025-11-02
ACC65e574b4e2,AY26354b1c6e,2025-02-22
ACC7c940b6fee,PAY0a930e099d,2026-05-25
ACC6422aa046b,PAY52ceA4d74b,2024-12-03
ACCfb714517f8,PAY311786df0c3,2024-09-12
ACCfb714517f8,PAYc6e2c594c9,2024-09-12
ACCe69cf761d6,1PAY1dc6e9cb91,2025-10-12
ACCe69cf761d6,PAYfced5cf791,2025-10-12
ACC9b82f00a71,PAYb5da80c349,2025-11-23
ACC9b82f00a71,PAY927d4d7eb7,2025-11-23
ACC17f0c293d5,PAY3672c93892,2026-05-25
ACCef7fd0db41,PAYcof1b3c6bfd,2026-04-25
ACCef7fd0db41,PAYfe68f75ab5,2026-04-25
ACC3fb34749af,PAY1bd3461f35,2025-03-01
ACCb7030619ec,PAY6b6a5bc048,2025-03-28
ACCb7030619ec,PAYb6894ba648,2025-03-28
ACC42df7d30b4,AY36fa30698e,2026-05-06
ACCeb1bb4eda6,PAY2ace2c90a6,2024-12-14
ACCfb01ee3cee,PAYf85c83a825,2025-12-19
ACCc374e7f331,PAY136a618942,2024-10-08
ACC66d712993f,PAYeb8b5995d,2024-12-11
ACC66d712993f,PAYd84389p1a63,2024-12-11
ACCf02895e903,PAY5cb02de990,2026-08-22
ACCf02895e903,PAY3a8a4739f6,2026-08-22
ACCf352ed9a14,PAYe2514aa0d4,2026-02-28
ACCf352ed9a14,PAY9d866c0476,2026-02-28
ACC5ce92068e6,PAY01e493fd01,2025-06-12
ACC5ce92068e6,PAY88097479af,2025-06-12
ACC69aa631d5a,PAY1f8d03920a,2026-05-25
ACCc704f24b38,PAY5b0f6f1625,2024-09-07
ACCc704f24b38,PAY66ebbcf1fb,2024-09-07
ACC9fdaeddc5f,PAYc704542f7,2025-09-24
ACC9fdaeddc5f,PAY2a141e662e,2025-09-24
ACC629336fc68,PAY29D01725ae,2024-09-21
ACC629336fc68,PAY383e0c4c49,2024-09-21
ACCcb21cdeaf4,PAYd573f56b14,2025-12-09
ACCcb21cdeaf4,PAYdd7dc8428b,2025-12-09
ACC9c8d78ead4,PAy2235379f58,2024-12-09
ACC9c8d78ead4,PAYcd823dff57,2024-12-09
ACC8c6917d620,PAY44d909436b,2025-02-02
ACCcdc353255f,PAYc8320481ca,2025-10-12
ACC9a1f42b56a,PAYaf4aAaeac9,2025-11-12
ACC9a1f42b56a,PAYb7beacca73,2025-11-12
ACC2e974c5571,PAY221f801614,2026-01-21
ACC2e974c5571,PAYe1eaafc314,2026-01-21
ACC566562a06f,PAYf0f8493d40,2025-06-02
ACC121084988a,PAY69acfa9474,2025-04-03
ACC121084988a,PAYb909128f85,2025-04-03
ACC35cead5332,PAY1209ffac47,2025-09-24
ACC35cead5332,pAY363e38056d,2025-09-24
ACCb5860d021b,PAYac9a5b34c,2024-12-05
ACCb5860d021b,PAYbb9a7d6334,2024-12-05
ACCb5090f6662,PAYc53100c4a1,2026-06-09
ACCb5090f6662,PAY459e17b870,2026-06-09
ACC0a7fcf013b,PAY400eadc238,2024-12-20
ACCde3d1f4026,PAYfa9877f331,2026-06-21
ACC1991b24ab0,PAYcf854be085,2025-06-03
ACC1991b24ab0,AYae9dd8e62b,2025-06-03
ACCf3a107bf0e,PAYcb1b2915d0,2026-04-29
ACC781a37a03d,PAY4280Aaab61,2026-01-03
ACC781a37a03d,PAY64af82d509,2026-01-03
ACC2e82aa71b1,PAY130ed1561,2025-08-18
ACCda885711cb,PAYafad55275,2025-09-24
ACCda885711cb,PAY8f8e1426ca,2025-09-24
ACC0d43e5681e,PAY44f5280582,2025-02-01
ACCb7c0c8d06f,PAYbb0b1c3c9e,2025-10-27
ACC822a6301b8,PAY0ab26fe3c,2025-11-01
ACC822a6301b8,PAYbfb5b13bbe,2025-11-01
ACC74dd29184e,PAY2ffebf502b,2025-10-15
ACC74dd29184e,AY5fc4a379d1,2025-10-15
ACCd14fa84f6f,PAY9aa43f0e6b,2026-01-06
ACCa554f7339e,PAYd97fd0ee79,2026-06-09
ACCa554f7339e,PAYd0646d9c14,2026-06-09
ACCacbaa48634,PAY338197f684,2025-06-02
ACCacbaa48634,PAY27d15a4c85,2025-06-02
ACC6c33625543,PAY67394a7a37,2025-06-09
ACC6c33625543,PAY2ff7b18b55,2025-06-09
ACCc75b2469af,PAY6a5a4430f5b,2026-06-29
ACC8d753fdfdf,PAY570dec61d6,2025-08-28
ACC8d753fdfdf,PAYb080810501d,2025-08-28
ACC8ec00be29e,PAYC8d17e039b,2025-12-18
ACC8ec00be29e,PAY518ca7795b,2025-12-18
ACCebe0d7e848,PAYfbd2e8e85,2025-09-07
ACCebe0d7e848,PAY6123429697,2025-09-07
ACC8fa248ed02,PAY7c37f2874a,2026-03-15
ACC60ca287b91,PAY725d9a46d8,2026-04-07
ACC60ca287b91,PAY207da8279d,2026-04-07
ACCeccf8033b7,PAY9698d5c57,2026-01-03
ACC77d8e625fe,PAY085120c337,2025-12-28
ACC1239d797e5,PAYdb2b509d9,2026-08-19
ACC1239d797e5,PAY58239815de,2026-08-19
ACC852a87e7a4,PAYe6782d2b32,2025-11-30
ACC84083f79b8,PAY5e4c9ebf75,2025-09-03
ACC84083f79b8,PAY6f9b15ebea,2025-09-03
ACCa9dc8ff842,PAYd002b1996f,2025-12-10
ACCa9dc8ff842,PAY13887fc5a2,2025-12-10
ACC7cdcef10ad,PYA2565802b9d,2024-10-22
ACC7cdcef10ad,PAYb38e41a21c3,2024-10-22
ACC1b9c142e72,PAY7ea31f968,2024-10-16
ACCe6818003b6,PAY7bfb6f6a02,2026-05-10
ACCe6818003b6,PAY829cbffea6,2026-05-10
ACC34611cf35e,PAY601d5c4ae1,2025-04-17
ACC34611cf35e,APY0f0199068d,2025-04-17
ACC7bcb3e9866,PAY0c260deade,2026-03-19
ACC7bcb3e9866,PAY8106255004,2026-03-19
ACC5a65026cd5,PA0Y2596eb690,2025-08-04
ACC1a8ea2df28,pAY989c0cd80c,2026-06-01
ACC1a8ea2df28,PAY438e96599e,2026-06-01
ACCe38d32c0f4,PAYae86cab853,2025-06-09
ACC85aa6f7380,PYA6943361b48,2025-01-14
ACC85aa6f7380,PAY768b90526e,2025-01-14
ACC7d68ba76c3,PAY611291f4ee,2025-08-05
ACC632ded711c,PAY9a05e2a047,2025-12-02
ACCbe585137f9,PAYbdebcb7db,2024-10-22
ACCbe585137f9,PAYdfbe3cb0a8,2024-10-22
ACC8147c60699,PAY1b9205b201,2025-09-13
ACC8147c60699,PAYc52fa3781d,2025-09-13
ACCccac06378e,PAYcc06f8a51b,2026-07-17
ACCc56c32d0cd,PAY04315y6f7bf,2025-03-14
ACC633e289271,PAYf68d6fa776,2025-04-23
ACC774a831e89,PAY4ade98597d,2024-09-08
ACC774a831e89,PAY6q7da56ed65,2024-09-08
ACCdad7128232,PAY2a42e5c8cc,2025-05-22
ACCdad7128232,APY9553eaa05a,2025-05-22
ACC3773541114,PAYf6ab0c59cb,2024-09-11
ACC3773541114,PYA436e23ae3f,2024-09-11
ACC9f6f1d31ef,PYAccc7b79d03,2025-10-24
ACC9f6f1d31ef,PAYf691e2695,2025-10-24
ACCf4526677e7,PAY71ab83e752,2025-09-17
ACCf4526677e7,PAYe74bcee816,2025-09-17
ACCdf5bfe1508,PAY13854aaf74d,2025-06-18
ACCdf5bfe1508,PAY6e3b16b243,2025-06-18
ACC16c693d4d5,PAY70391acc37,2025-12-06
ACC4787cf7bf0,PAYe37c01a7c7,2026-04-16
ACC4787cf7bf0,PAY9590724te21,2026-04-16
ACCab979ff8b0,PAYeb67f59fc5,2026-04-08
ACCab979ff8b0,PAYcff205de0e,2026-04-08
ACC684b255bd5,PAY9928a00454,2025-06-24
ACCb1cdceb72a,PAYaa016e296f,2025-09-08
ACCadb9f96409,PAYc5cf79c739,2026-04-16
ACC657c2d5273,PAYe7c58f55f8,2025-04-01
ACC657c2d5273,PAY2b693557bb,2025-04-01
ACC1f8cc382d9,PAY21e1f5ab4b,2025-02-26
ACC1f8cc382d9,PAY63d42542e2,2025-02-26
ACC65a8a77d6d,PAY09c07858a,2026-05-22
ACCa0d5393064,PAY5db11801f5,2025-12-31
ACCefc00f5bb7,PAYc8617d8026,2024-09-05
ACCefc00f5bb7,PAY88ac17ddd0,2024-09-05
ACC0aaa2016e2,PAYe987436a0e,2025-01-27
ACC23772e0363,PAY5267b9d425,2025-11-04
ACC23772e0363,PAYd8a9aead973,2025-11-04
ACC24d24c3dd9,PAY9ac55c772c,2025-10-21
ACC3d9b3e259e,PAY50947e1060,2024-12-06
ACC5ea2d52883,PAYdab0637854,2025-12-21
ACC5ea2d52883,PAY8a608cf67d,2025-12-21
ACC78ec2faec3,PAYa5d22aef38,2024-09-07
ACC172e748875,PAY564f813bfb,2026-02-19
ACC713b2f51e1,PAY08081ae48f,2025-02-20
ACC713b2f51e1,PAYe050c4f315,2025-02-20
ACCeba7dbfc25,PAYbfbcee446c,2025-02-04
ACC812a10e254,PAYcd1c41a2fe,2025-03-17
ACCa6704c69cd,PAY2843ab7678,2025-08-21
ACCa6704c69cd,PAY3394456563,2025-08-21
ACCc9ee1da173,PAYdf0511a9f,2025-08-21
ACCc9ee1da173,PAYed6b73e1c5,2025-08-21
ACCde49dfb86e,PAY112ca29cc18,2024-10-06
ACCde49dfb86e,PAYd0bb5a977A,2024-10-06
ACCc635d956ff,PAYba0dae4650,2026-05-04
ACC3fef555323,PAYA25878aea6,2025-08-22
ACC3fef555323,PAY81d5a24c8,2025-08-22
ACCe605167a3f,PAY6caba1e49c,2024-12-04
ACCac84664aee,PAY2ee86c5d2c,2025-10-14
ACCc13385f297,PAY60a09b3dbb,2025-10-06
ACCe65dd5f895,PAYdb2f703d50,2026-03-07
ACCe65dd5f895,PAY9750b5d78,2026-03-07
ACCc577970868,PAYfed5e8i1de5,2024-12-23
ACCb90611b42e,PAYc08815412,2026-03-28
ACC074c985385,PAY57bd4d5e76,2026-04-05
ACC0547388522,PAY9ff09efa62,2026-01-06
ACC5318e3720d,PAY6d1a6c3d2be,2026-08-07
ACC29069e8cb4,PAYf014f19843,2025-03-05
ACC94ca8baf59,PAY7ea2cd0c1e,2025-11-29
ACCa76526eb78,PAYeeb0325984,2025-12-07
ACCa76526eb78,PAY36a968f1b7,2025-12-07
ACC6eb6545ef0,PAjYb6c027261e,2025-01-17
ACC652389ff35,PAYfbe0c9cd83,2025-07-15
ACC8e19e166cd,PAY96728e645c,2026-03-08
ACCf272cfba75,PAY3a5fb79dbf,2026-03-01
ACCf272cfba75,PAYf266c464f9,2026-03-01
ACC7f193dcdbd,PAYbf26de7d75,2025-01-20
ACC2f4ef0fcf0,PAY84359974e3,2025-09-18
ACC2f4ef0fcf0,PAYe1d396d37a,2025-09-18
ACCe502eab534,PAY517b0a5e39,2026-08-02
ACCe502eab534,PAYc5ec92dfed,2026-08-02
ACCe688612261,PAY2d683dwa4c3,2025-11-10
ACCe688612261,PAY545db25933,2025-11-10
ACC54fefc38f7,PAY391cb3d836,2025-06-07
ACC4e4bd7c640,PYA924ab69a85,2024-11-10
ACC4e4bd7c640,PAY57c3ec3881,2024-11-10
ACC5b6769f8bc,PsAY04596584e0,2026-01-11
ACC1875f8f262,APY57de9aa61c,2025-03-13
ACC1875f8f262,PAYAf521adb57,2025-03-13
ACC1394a1e675,PAY001d976caa,2024-09-18
ACC1394a1e675,PAY73baa8d725,2024-09-18
ACCfa70b0d43d,PAY2252f3d61f,2025-06-20
ACC2ba851175f,PAY0b7d65e20e,2025-08-17
ACC41f2d6468b,PAY018642rc6ae,2025-10-19
ACC0b7a93f866,PAYc74f4dd7e1,2024-12-07
ACC0b7a93f866,PAY6f7109aeff,2024-12-07
ACCbc990574b5,PAYb2fd2a74e,2025-11-13
ACCbc990574b5,PA2Yc948a0d09,2025-11-13
ACC68847d26e5,PAY7e257e180b,2026-01-15
ACCb9d56b7852,PAYd9f00c2b8d,2025-11-30
ACCb9d56b7852,PAYe63ca88baeb,2025-11-30
ACC0827878664,PAY3e88d59cd1,2024-12-05
ACC024321df6f,PAY026a4e08d,2025-03-18
ACC0064f10783,PAY6da376f64k6,2025-08-13
ACC0064f10783,PAY81f4cae6db,2025-08-13
ACC25b9c7adef,PAYe1d48fdd0b,2025-03-07
ACC25b9c7adef,PaYf5dd7d47e6,2025-03-07
ACC31d2865505,PAY1a560beffc,2026-08-25
ACC078a21a05c,PAYc8004297e,2026-01-06
ACCfc311e3f9b,PAY2f8de4749d,2026-01-31
ACCfc311e3f9b,PAY7a44cea247,2026-01-31
ACC622010998b,PAY08f6b6bf51a,2026-04-01
ACC20c4e85ba3,PAYb2d0ccbcb9,2025-08-10
ACC20c4e85ba3,PAY3dfbb79f37,2025-08-10
ACCd86fecd61f,PAY4931d75775,2025-03-29
ACCd86fecd61f,PAYb5e05596c8,2025-03-29
ACCcbf37b6a4a,PAY80ee6e1a55,2026-06-24
ACCcbf37b6a4a,PYd492486906,2026-06-24
ACC26854ed513,PAY0f2f4ba5d6,2026-08-03
ACCc2089b9ff1,PAY38a692d2666,2025-10-19
ACCc2089b9ff1,PAYabd0ff5fc3,2025-10-19
ACC42869f8825,PAY87cc51e992,2026-02-24
ACCad679d8f2a,PAYdcb2ababad,2025-06-19
ACC090ec04a60,PAYdcb2ababad,2025-10-02
ACCbd012dfd24,PAYdcb2ababad,2026-08-30
ACC10c406fde6,PAYdcb2ababad,2024-11-28
ACCe3b33cf0dc,PAY35ddf3c9f2,2025-10-24
ACC852c9c7e10,PAY35ddf3c9f2,2024-11-06
ACCfb8ecd6d18,PAY35ddf3c9f2,2026-08-23
ACCf14cf92e61,PAY0f68506e7b,2026-04-25
ACCa04cb447ab,PAYf068506e7b,2026-05-20
ACCb3c1060f39,PAYf068506e7b,2025-11-17
ACC0123a887fa,PAYf068506e7b,2026-04-20
ACCace086af22,PAYc699dc8m9aa,2026-02-01
ACC80c1bda692,PAYc699d89aa,2025-09-11
ACC486b245284,PAY66f4f36an38,2024-09-02
ACC94d7057e32,PAY66f4f36a38,2025-11-19
ACCe72f9d7e44,PAY35884a4ee,2025-10-30
ACCaa2b847b65,PAY358854a4ee,2024-10-14
ACC8c26dc20ee,PAY358854a4ee,2026-03-11
ACC0179bf1079,PAY6373731294,2026-05-15
ACC450f61bf20,PAY6373731294,2026-06-05
ACC163cb06ccc,PAY6373731294,2025-11-24
ACC5b057c5b3f,PYA6373731294,2025-06-24
ACCd5ec648da3,PAY60975c7cae,2026-06-22
ACC4c78803257,PAY60975c7cae,2026-03-03
ACC83268619e4,PAY91a832bfd2,2024-12-30
ACCabb2326e4d,PAY91a832bfd2,2025-02-06
ACC783f87c818,PAY1a832bfd2,2025-09-11
ACC35f7b27093,AY91a832bfd2,2026-05-14
ACC9b9d6da571,PAYb9ea5d002c,2025-10-10
ACC78b7933d94,PAYb9ea5d002c,2026-02-10
ACC76f013960f,PAd962b26b54,2026-01-04
ACCbb42bc2f8b,PAYd962b26b4,2025-12-28
ACCbc642a47e6,PAYd962b26b54,2026-03-10
ACC1d8c324550,PAY139dBc6ff9,2025-09-22
ACC74f1793c44,PAY771bd9101c,2025-02-07
ACC1f57480531,PAYea3f643da9,2025-03-04
ACC832f5a4f26,PAY771bd9101c,2025-02-05
ACCe51623d1ad,PAYd9gd03e342d,2025-07-19
ACC81afc8631e,PAYea3f643da9,2025-09-27
ACC03f7f9c75a,PAYbbf2858b57,2025-02-11
ACC5a74b91ce6,PAY771bd9101c,2025-06-24
ACC06fbb21d65,PY771bd9101c,2026-01-19
ACC62da341b63,PAY139dbc6ff9,2026-01-15
ACCec56c9e6e7,PAY771bd9101c,2026-01-13
ACC0dfda42709,PAY771bd9101c,2026-01-18
ACCb5d976786c,PAY139dbc6ff9,2026-01-04
ACC0a463f6c3d,PAY77r1bd9101c,2026-01-13
ACC85fdf25103,PYAa93da9b649,2026-01-05
ACCb2a08440be,PAYea3f643da9,2026-01-05
ACC740cd37599,PAYea3f643da9,2025-12-31
ACCad87767466,PAY771b9d101c,2026-01-09
ACC07a70ed4ac,PAYa463bbd2076,2026-01-19
ACC7d564a13e0,PAY139dbc6fxf9,2026-01-07
ACCc9b5a59957,PAY139dbc6ff9,2026-01-10
ACC15ae599860,PA6Yb48065563,2026-01-13
ACC8fc2613bde,APY139dbc6ff9,2026-01-09
ACC17051b87a2,PAY771bd9101c,2026-01-15
ACC1305ba8d28,PAY139dbc6ff9,2026-01-13
ACCe98f9d1408,PAYdb350f081f,2026-01-21
ACCa20292056f,PAY139dbc6ff9,2026-01-06
ACCbe8daced73,PAYa47e25a886,2025-12-27
ACC695db428a2,PAY771bd9101c,2026-01-11
ACCff8105e9eb,PAY139dbco6ff9,2026-01-02
ACC94e7509455,PAYab69d946d,2026-01-06
ACC42e54802ab,PAY771bd9101c,2026-01-03
ACCb4633f6f52,PAYea3f643da9,2025-12-31
ACC18f8e40e55,PAY0ac774bcdf,2024-09-29
ACC5ee03b6a7b,PAY32cfdc64e0,2024-09-01
ACCe2d1287f0b,PAY0ac774bcdf,2024-09-17
ACC2e2119e84d,PAY5a4e29480,2024-09-06
ACCbbbdd2549b,PAY32cfdC64e0,2024-09-13
ACC72b44ee64f,PAY32cfdc64e0,2024-09-08
ACCce36c8f2e0,PAYac774bcdf,2024-09-01
ACC112b75afbd,PAY32cfdc64e0,2024-09-30
ACCefb3a868b3,PAYc7i6f89f146,2024-09-22
ACC8f485782e0,PAY32cfdc64e0,2024-09-16
ACC7b8f465d57,PAY32cfdc64er0,2024-09-22
ACCf2faa21aca,PAY1cbe348c6x1,2024-09-20
ACC79b5805d94,PAY119abefb80,2024-09-23
ACC7f8beda2fa,PAY66bc40a128,2024-09-24
ACC1f4ade8200,dPAYc76f89f146,2024-09-15
ACC6fb35921cf,PAY32cfdc64e0,2024-09-24
ACC0b494fd8dc,PAYc76f89f146,2024-09-26
ACC776660ce6e,PAYc76f89f146,2024-09-24
ACC88d57dd251,PAY0ac774bcdf,2024-09-15
ACCb3e02152f7,PaYc76f89f146,2024-09-19
ACCf640fa7a6b,PAY2e63765f46,2024-09-21
ACC5b6e67fe80,PAYca76f89f146,2024-09-24
ACC778b9309a5,PA32cfdc64e0,2024-09-19
ACCa1dbec6eb3,PAY356bfc6f80,2024-09-15
ACCa42833203e,PAY0ac774b0cdf,2024-09-24
ACCfda9caff14,PAY8c18cc9ac2,2024-09-25
ACCe5d1689145,PAYc76f89f146,2024-09-19
ACCe349838af7,PAYc76f89f146,2024-09-26
ACC393b559bc3,PAY32cfdc664e0,2024-09-15
ACC8eb5543e04,PAY0ac774bcdf,2024-09-16
ACC73e193ddef,PAY0ac774bcdf,2024-09-17
ACCf7829e55fd,PAY32cfdc64e0,2024-09-15
ACCe94e15c3a0,PAY32cfdc64e0,2024-09-22
ACC19402c69ee,PAY0ac774bcdf,2024-09-20
ACC1ee317412e,PAY32cfdc64e0,2024-09-16
ACCdf2885b59a,PAY32cfdc64e0,2024-09-17
ACCc2bec35a57,PAY59ffb4e20,2024-09-17
ACCbf480ba901,PAY4c68eade25,2024-09-14
ACCdf77d4c2cb,PAY8c6bee58a0,2024-11-12
ACC46420aec5f,PAY4c68eade25,2025-03-25
ACCb8a9851d59,PAY4c68eade225,2025-03-30
ACC4d281a0c7b,PAY8b0f2e98b8,2025-03-15
ACCf96c82b0a8,PAYa2e5b9303b,2025-03-18
ACC1ff306732b,PAYc8196ede21,2025-03-23
ACC89da146a59,PAY450723be36,2025-03-26
ACCf6905e5e3f,PAYa4de1b4d5e,2024-11-05
ACCbd47005201,PAYa4de1b4d5e,2025-03-08
ACC84a1378626,PAYad4e1b4d5e,2025-06-20
ACC8f88ef5617,tPAYf0fe41f774,2025-03-30
ACCcc913c48d2,PAYf0fe41f774,2025-01-08
ACCe4acdcbf44,P2AYf0fe41f774,2025-05-23
ACCef9a32bd3d,PAYa4de1b4d5e,2025-04-03
ACCa98e879c83,PAYa4de1b4de5,2025-08-27
ACCbcb6271656,PAf0fe41f774,2025-08-27
ACC7e39d709af,PAYf0fe41f74,2025-08-25
ACC0a5e6407b1,PAY2578e82626,2025-08-27
ACC4072ceba23,PAYf0fe41f7y74,2025-08-25
ACC2c4ebec20d,PAYf0fe41f774,2025-08-26
ACC0eee063bfc,PAYa4e1b4d5e,2025-08-25
ACC9459459c37,PAyf0fe41f774,2025-08-27
ACC5117b66ac5,PAYa4de1b4d5e,2025-08-27
ACC587cac79e1,APYf0fe41f774,2025-08-22
ACCacc5d0788a,PAYa4de1b4d5e,2025-08-24
ACCb8af2a23bd,PAY3fc442be6d,2025-08-27
ACCfd6d733be2,PAYa4de1b45e,2025-08-22
ACCb7cb47302e,PAYf0fe41f774,2025-08-24
ACCe956e36ac6,PAYa4de1b4d5e,2025-08-27
ACC93f4002b3b,PAYf0fe41f774,2025-08-26
ACC17c120a0a0,PAYa4de1b4d5e,2025-08-25
ACC83dafc4a8c,PAYf0fe41f774,2025-08-26
ACC8e2e892e85,PAYf0fe41f74,2025-08-26
ACCa410c37187,zPAYa4de1b4d5e,2025-08-24
ACC511eb1db2f,PAYa4de1b4d5e,2025-08-22
ACCa10715b9e2,PAYa4de1b4d5e,2025-08-26
ACC2319dc708c,PAY9392e26e03,2024-09-25
ACC6fe3821363,PAYeb30b8f0d7,2024-09-27
ACCaadb005615,PAYa5cf855884,2024-09-28
ACCe7cb52ddef,PAY9392e26e03,2024-09-19
ACC089b0bc1f0,PAYa5cf855884,2024-09-23
ACC5e97fcedcf,PAYa5cf855884,2025-02-09
ACC15d5f8d901,PAYa5cf855884,2025-02-04
ACC94492f1a0d,PAY9392e26e03,2025-02-08
ACCf594c8c0cd,PAYa5cf855884,2025-02-01
ACC32b34e6525,PAY9392e26e03,2025-02-05
ACC6a3f0c4dd3,PAYbef43u8db34,2025-02-01
ACC53989d2414,PAYa5cf855884,2025-02-04
ACCee68d1f853,PAY2d4da219b4,2025-02-07
ACC728a11efd8,PaYa5cf855884,2025-02-08
ACCf2c4a5c863,PAY18658823cF,2025-02-07
ACCc0dd0aa54b,PAY9392e2e03,2025-02-03
ACCa076a41050,PAYa5cf855884,2025-02-09
ACCb535c2cc0c,PAY9392e26e03,2025-02-10
ACCf979cee926,PAYa5cf85884,2025-02-06
ACC73ef7320c1,PAYb88bb8b64b,2025-02-02
ACC133a0d7110,PAY4f7e94baa4,2025-02-08
ACC94cae2900c,PAYa5cf855884,2025-02-01
ACCbce1928ee7,PAY9392e26e03,2025-02-04
ACCbf5c1ad4b3,PAY62777e33cf,2024-09-10
ACCf37a37ba7b,PAYbb4d226b95,2024-10-07
ACC8e65f4c4ec,PY8fbc7fd75a,2024-09-08
ACCee0214ca95,PAybb4d226b95,2024-09-17
ACCfa6fb828dd,PAY8fbc7fd75a,2024-09-19
ACCcc10c3e339,PAYbb4d226b95,2024-09-20
ACC091165c510,PaY8fbc7fd75a,2024-12-20
ACC1cb3fa47a4,PAY8bc7fd75a,2024-12-31
ACC8ad9bda938,PAYbb4d2269b5,2024-12-25
ACC33ae9925fb,PAYbb4d226b95,2024-12-22
ACCa0758e51d2,PY8fbc7fd75a,2024-12-23
ACC40bc8f29e6,PAYbb4d226b95,2025-01-06
ACC50bf3b5eb3,PAYbb4d226b95,2024-12-30
ACC281036d48e,APYbb4d226b95,2024-12-21
ACCbc35229ea3,PaYf20e8f929a,2025-01-04
ACCbedca48313,PAY8fbc7fd75a,2025-01-03
ACC9f4f1557ec,PAYd0731e563,2024-12-20
ACCc0f71d9087,PAY1d0fe47fa3d,2024-12-22
ACCb5f3d7d49b,PAYa230B825bb,2024-12-24
ACC396e6ffe58,PAY0ee01c2eac,2025-01-01
ACCca7552203e,PAY8fbc79fd75a,2025-01-03
ACC7a4d1e2fc5,PAYbb4d226B95,2024-12-27
ACCc45fcbf738,PAY8d59e9f1de,2024-12-27
ACCa515d6bdbd,PAYbb4d226b95,2024-12-21
ACC6e84211f93,PAY8fbc7fd75a,2024-12-22
ACC4a55ba6417,PAY8fbc7fd75a,2025-01-06
ACC5e9c24b74e,PAY8fbc7fd75a,2025-01-04
ACC13ca1d2d7f,PAY7e95e2c7f6,2025-09-20
ACCc301c065ea,PAY7e95e2c7f6,2025-08-18
ACC155cba7433,PAY11346f05e,2025-10-07
ACC0f11b0f47a,PAYd60d73524,2025-04-21
ACC0681299fdc,PAYe5af4d0f6e,2025-06-12
ACCf1f5309b23,PAY11346f05ee,2025-11-20
ACC6be4e99c80,PAY7e95e2c76f,2025-05-11
ACC56d8261498,PAY11346f05ee,2026-02-12
ACCd6e04eae50,AY11346f05ee,2026-02-11
ACC9338d2a39e,PAY1e17bc4d3c,2026-02-09
ACC1cc20b565e,PAYa56d1e4c560,2026-02-10
ACC864fcaffc9,PAY11346f05ee,2026-02-10
ACCb9ff88a2bc,PAY11346f05ee,2026-02-12
ACC4da3cc2543,0PAY11346f05ee,2026-02-07
ACC92321428ad,PAY7e95e2c7f6,2026-02-10
ACCe8f9f86efb,PAY7e95e2c7f6,2026-02-07
ACCd60f055ad5,PAY7e95e2c7f6,2026-02-07
ACCd602626a8a,PAY113e46f05ee,2026-02-07
ACC0018876b95,PAY11364f05ee,2026-02-11
ACCdbcf564e6c,PAYe95e2c7f6,2026-02-08
ACC569fed459a,PAY7e95e2cf7f6,2026-02-07
ACC1add049824,PAY7e95e2c7f6,2026-02-09
ACC111bed5467,PA1Y1346f05ee,2026-02-07
ACCa720cf42f7,PAY11346f05ee,2026-02-14
ACC5db9a3a1d4,PAY7e95e2c7f6,2026-02-11
ACC3a040902a8,PAY7e95e2c7f6,2026-02-08
ACC6c0999eb84,PAY7e95e2c7f6,2026-02-14
ACC63e44f9479,PAY11346f05ee,2026-02-07
ACC6229d1d47c,PAY58895fd870e,2026-02-14
ACCa4a903189c,PAY0ecd4b5915,2024-10-22
ACC903cbe261e,PAY06c3d0a5f5,2024-11-06
ACC4e59703f64,PAYa51a6f446b,2024-09-20
ACC1deb6b1987,PAY783baf40b8,2024-09-10
ACC1b855047c3,PAY2e292a2872,2024-09-23
ACC8294daf5b8,PAY06c3d0a55,2024-09-17
ACC2e5b725e17,PAY3b780814ac,2025-02-06
ACC9a8bc62f14,PAY06c3d0a5f5,2025-02-06
ACC6ff90fd947,PAY783bgaf40b8,2025-01-21
ACCbd03195fe0,PAY06c3d0ja5f5,2025-01-20
ACC404882756f,PAYc0249a8d3d,2025-01-25
ACC63a4709eb1,PAY7e3095100d,2025-01-23
ACCfc8938d5d5,PAY06c3d0a5f5,2025-01-23
ACC4d37704d2d,PAY56bb75544e,2025-01-26
ACCfee292650b,PAY783baf40b8,2025-01-25
ACC4427e3916e,PAYa51a6f446b,2025-01-23
ACC60c1b8c864,PAY783ba2f40b8,2025-01-27
ACC6081583c42,PAY06c3d0a5f5,2025-01-20
ACC13941d03e0,AY783baf40b8,2025-01-28
ACC84085f8ce0,PAY716a99339a,2025-01-24
ACC60f23eb92e,PAYbda1840842,2025-01-21
ACCe7c6f2ea28,PAYa51a6f446b,2025-01-31
ACC6f72e1ab6d,PAY06c3d0a5f5,2025-01-25
ACC75d9c75da9,PAYf8121368666,2025-02-04
ACC8698511c25,PAYa51a6f446b,2025-01-30
ACC1799994f22,PAY9847fa7e60,2025-07-30
ACC3e61aace16,hPAY5c09b95727,2024-12-20
ACC60f236eb7a,PAY9847fa7e60,2025-03-07
ACC7c3397da5d,PAY458f2047fa,2025-09-26
ACCde4f824ba5,PvAY4f95fb86a8,2026-01-31
ACC93a084fb5f,PAY4f95fb86a8,2026-01-27
ACC9a6086eb55,PAY4f95f86a8,2026-01-31
ACCefd8fca862,PAY40c2d81c58,2026-02-03
ACCc986e3c413,PAY5c09b95727,2026-02-05
ACC5ae3edd8fe,PAY1e6e9dc41,2026-01-26
ACC978f43c259,PAY9847fa7e60,2026-01-23
ACC52e3993676,PAY4f95fb86a8,2026-02-06
ACCf8cdf9dea6,PAY9847fa7e60,2026-01-26
ACC4f0c38fc0f,PAoY9847fa7e60,2026-01-21
ACC8485dde6d2,PAY9847fA7e60,2026-01-23
ACCfaf0fb8bb4,PAY99ab99c91,2026-01-28
ACC5d3692e52c,PAY4b1afe5ce9,2024-10-17
ACC6fd0d304a7,PAY9f180b6c78,2025-03-06
ACCee7022f626,PAY4b1afe5c9,2024-09-13
ACCa4be388095,PAY4b1afe5ce9,2024-09-15
ACCb263fa45ab,PAY9f180b6c78,2025-06-15
ACCc76f8055b6,PAY617ae710e6,2025-06-15
ACC04e5e59d41,PAY7b0bF6ab5c,2025-06-23
ACCfd5fbf8823,PAY4b1afe5ce9,2025-06-16
ACC8dd526c1e1,PAY53c252598d,2025-06-05
ACCd94e4c984d,PAY9f180b6c78,2025-06-09
ACCba70b8c2b9,PAYz98b64012e3,2025-06-11
ACC74ce17ed35,PAYc246202357,2025-06-29
ACC53d0b75215,PAY9f180b6c78,2025-06-21
ACCda5538eaf5,PAY20766fb646,2025-06-10
ACC618ae20121,PAYa604c1e7c0,2025-06-25
ACCd346b2b791,PAY8270cc8971,2025-06-09
ACCfd47b995e8,PAY4b1afe5ce9,2025-06-30
ACC71aacf0285,PAY4b1afe5ce9,2025-06-28
ACC26a6ec5313,PAY9f180b6c78,2025-06-14
ACC3be4634dbd,PAY5cb653d9e1,2024-09-14
ACC8bbd19525e,PAY4bfd06fe44,2024-09-12
ACCdaff324c76,PAY5cb653d9E1,2024-09-08
ACCb22577421b,PAYeff0cc607b,2024-09-01
ACC59afa0346b,PAY5cb65d9e1,2024-09-25
ACC14f0d2e4b2,PAY3ab953c3550,2024-09-23
ACC9c0d31d8e6,PAY5cb653d9e1,2024-09-15
ACC69d43a7710,PAYd3023974e3,2024-11-16
ACC0c33e2b810,PYA41a0f8fd75,2024-11-17
ACC89ad83ade2,PAY5cb653d9e1,2024-11-30
ACC71a8cac7b6,PAY5cb653d9e1,2024-11-22
ACC2ddf7ce1c7,PAYe1a669b48b,2024-11-17
ACCcb9f682351,PAY5cb653d9e1,2024-11-20
ACCc676f8f16d,PAY6cf26419f6,2024-11-15
ACC2750e22745,PAY41a0f8fd75,2024-11-12
ACCe885bbd6d4,PAYe1a669b48b,2024-11-16
ACCe7fc7f3418,PAY5cb653d9e1,2024-11-30
ACC4fdcdf3e7f,PAY5cb6539de1,2024-11-16
ACC5a9de142bb,PAY41a0f8fd75,2024-11-22
ACC1698389d00,PAY41a0f8fd75,2024-11-13
ACC4f340e1dd4,PAYe1a669b48b,2024-11-19
ACC78d4ebe3c3,PAY07ecad4121,2024-11-13
ACC3d026fcfd3,PAYe1a669b48b,2024-11-16
ACC44811ac59b,PAY591b07d5a2,2024-11-24
ACCb588359b11,PAYe1a669b48b,2024-11-17
ACCa77f7a25a8,PAY416a0f8fd75,2024-11-21
ACC6a4083480c,PAY3ad9bea43,2024-11-15
ACCfd1f1db4d5,PAYbf9722f0b3,2024-11-22
ACCd124d306f6,PAY3e24287e18d,2024-09-13
ACC8a346d3eed,PAYe4dd950fd5,2024-09-17
ACC6ca8f54f61,PAYa869e5fbb8,2024-09-02
ACC731051474d,PAY4e2769ad8c,2024-09-26
ACC17250caccd,PAYf45204c590,2024-09-21
ACC9bc86e6fd7,PAY6a821ae606,2024-09-13
ACC5a05192a01,PAYccaa427b75,2024-09-13
ACC0ba204e1ac,PAYe4Dd950fd5,2024-09-13
ACCf355b32e11,PAYe4dd950fd5,2024-11-29
ACC3e90111d1c,PAxY4e2769ad8c,2024-11-27
ACC19c6301d28,PAYe4dd950fd5,2024-11-30
ACC2cb93aa36c,PAYf45204c59h0,2024-11-28
ACCf5bb6763e1,PAY4e2769ad8c,2024-11-25
ACCda15cf725b,PAYf45204c590,2024-11-28
ACC7219a205a8,PAYe4dd950fD5,2024-11-25
ACCe5ebda03c9,PAYf45204c590,2024-11-27
ACCca94cd01fc,PAY887e005bfab,2024-11-25
ACC96ddb45be9,PAY4e2769ad8c,2024-11-25
ACC1417b24fef,PAYf45204c590,2024-11-26
ACCe0929c0bea,PAYe4dd950fd5,2024-11-25
ACC4bd0cc70d0,PAYf45204ch590,2024-11-29
ACC370e932f5d,PYA4e2769ad8c,2024-11-29
ACC13aa8d0775,PAY4e2769d8c,2024-11-30
ACCb233ecf6d4,PAYe4dd950fd5,2024-11-25
ACCac5c7f2109,PAY4e2769ad8C,2024-11-27
ACC2a5e0f5ca3,PAY4e2769ad8c,2024-11-28
ACCe784c9a92d,PAYe4dd950fd5,2024-11-24
ACC4a02bb0099,PAY4e2769ad8c,2024-11-24
ACCc3284c6481,PAYe4dd950fd5,2024-11-27
ACC81d3b8eae1,PAYf45204c590,2024-11-27
ACC11c8bb508b,PAYe42dd950fd5,2024-11-26
ACCfdd471a155,PAYe4dd950fd5,2024-11-28
ACC734d73f17f,PAYe4dd950fd5,2024-11-28
ACC5e7e801cac,PAYb0ab0fe678,2024-11-30
ACC17372e079d,PAYf45204c590,2024-11-30
ACCc2479887dc,PAYf2b44b84d4,2024-09-05
ACC08884b383f,PAYf2b44b84d4,2024-09-10
ACC02195bceb9,PAYdefa2876b,2025-02-05
ACC104b272eab,PA0Yf2b44b84d4,2025-02-05
ACC5187de4cde,PcAY643dd386e4,2025-02-06
ACC28c628b4cc,PAY64aaf8dd38,2025-02-04
ACCfaf819152d,PY64aaf8dd38,2025-02-08
ACC80fd33ec8d,PAY05324796c1,2025-02-04
ACC9b095b3312,PAYf2b44b84d4,2025-02-04
ACC7ac38d1cd2,PAY64aaf8dd38,2025-02-08
ACC348525727c,PAYc205997e0a,2025-10-24
ACC4c653c698c,PAY1ea07326bd,2025-06-12
ACC5fe9051372,PAY19dadfb596,2026-02-17
ACC897ab5b151,PAY66fd5a7031,2026-02-24
ACCe11b5b5bc2,PAY1ea07326bd,2026-02-12
ACC2e2aa71ed2,PAYe0c2efa8d3,2026-02-17
ACC0fe142ffb1,PAYe0c2efa8D3,2026-02-14
ACC0b45df514b,PAY5782dc4ee4,2026-02-23
ACC6930661d61,PAY4890e6e3e1,2025-02-27
ACCeaa5474bee,PAY8801f814e5,2024-12-02
ACCc1cae2c611,APY4fb7a6d4a0,2025-08-14
ACCbbffa89298,PAY8801f814e5,2024-10-05
ACC02e3f4634b,PAY8801f814e5,2024-11-28
ACC8d2353b242,PAY8801f81e5,2025-07-09
ACCb14478bef0,PAY8801f8145,2025-11-09
ACCe492e7a6d5,PAY8801f8145e,2025-11-04
ACCc56e3683fc,PAY4fb7a6d4a0,2025-11-06
ACC8330a5ee12,PAY2f50401852,2025-11-03
ACC4aa9d7ee0c,AY8801f814e5,2025-11-08
ACC070164e1d5,PAY8801f814e5,2025-11-07
ACC941da72720,PAYf4b7a6d4a0,2025-11-07
ACC9e79692ccd,PAY8801f814e5,2025-11-06
ACC03660a372a,APY4fb7a6d4a0,2025-11-03
ACCce5d9ad45e,PAY4fb7a6d4a0,2025-11-09
ACCe50021309c,PAY4fb7a6d4a0,2025-11-04
ACC093cb965e1,PAYdf2e0f0ad9,2025-11-09
ACCec9481e9a4,PAY2e940d3c90,2025-11-06
ACC9d6208044b,PAY4fb7a6d40,2025-11-09
ACC8c1c30e3cb,PAY8801f814e5,2025-11-04
ACCc67bbb8ba6,PAY2173677e9,2025-11-08
ACC8cdb017c73,PAY4fb7a6dm4a0,2025-11-09
ACCa0500cdf6a,PAY880c1f814e5,2025-11-03
ACCb14b38975e,PAY88t01f814e5,2025-11-04
ACC7ea8289470,PAY8801f814e5,2025-11-03
ACC815bce9b53,PAYee3c3bf5bc,2024-12-30
ACC6a47af5cef,PAY291960c2b8,2025-07-31
ACCab27e3598f,PAY8a875b112,2025-08-06
ACC1a5e3d43fa,PAY09dd3bef48,2025-07-26
ACCad8b50cc80,PAY2991960c2b8,2025-08-03
ACCd9f90aa415,PAY291960c2b8,2025-07-31
ACCe33f04d651,PAY291960c2b8,2025-07-31
ACC96fe48d035,PAY689f5eecc9,2025-02-24
ACC14355753c7,PAY8d25a6999a,2024-09-22
ACCd82731a75c,PaY689f5eecc9,2024-09-08
ACC696b039c63,PA6Y89f5eecc9,2024-12-21
ACCec1e353f00,PAYb061121y163,2025-03-28
ACCe987a30906,PAY8d25a6999a,2025-06-22
ACCe4c3a258af,APY8d25a6999a,2025-06-20
ACCf31123b109,PAY948ca57ffb,2025-06-20
ACC3847382b68,PAY8d25a6999a,2025-06-21
ACCd8e4710fd8,PAY689f5eecc9,2025-06-22
ACCee0080adc8,PAY3ee10ca020,2025-06-21
ACC0837f0b7c5,PAYc407c0dabd,2025-06-21
ACCd90cd14a80,PAYb061121163,2025-06-22
ACC18491569c1,PAY30e9381af4,2025-06-19
ACC0ac513a146,PAY689f5eecc9,2025-06-23
ACCb49e8ba8bf,PAYb0800475d,2025-06-22
ACCa390d8448f,PAY689f5eecc9,2025-06-20
ACC81ebc8d030,PAY689f5eecc9,2025-06-21
ACC7b990fe1cd,PAY8d25a6999a,2025-06-20
ACC0b4d63072a,PAY689f5eecc9,2025-06-20
ACCa1fc7476e1,PAYb061121163,2025-06-23
ACC1ee0e963f8,PAY689f5eecc9,2025-06-19
ACC5bbec89e3f,AY9012ceb8f2,2025-06-20
ACC14cff8cc7e,PAY3ib47e70bc0,2024-09-11
ACC77677f1d76,PAY774d2e0298,2024-09-14
ACCa8c3b0953e,PAYdf86c32f09,2024-09-29
ACC57fecdfacf,PAYf39215642f,2024-09-08
ACC5dbaaf4795,P5AY3b47e70bc0,2024-09-01
ACC9136501bb7,PAY3b47e70bc0,2024-09-19
ACC7a63fbe009,PAYcf04bd5076,2024-09-12
ACCf778a46fdd,PAY175fc61c6c,2024-09-25
ACC89afb2ab39,PAY3b47e70bc0,2024-10-29
ACC1bfbb3d8e4,PAY3b47e70bc0,2024-11-04
ACC04a94df1c7,PAY3b47e70bc0,2024-10-30
ACC7e045d56da,PAYf39215642f,2024-11-03
ACC3026f86dc3,PA0Y45ae1491bd,2024-10-27
ACC080eba538c,PAY4adfe20616,2024-10-31
ACC0925a04aa4,PAY3b47e0bc0,2024-10-31
ACC4e9ea86eaf,PAY3b47e70bc0,2024-11-02
ACC07494fe561,PAY3521e2764bc,2024-11-03
ACCed568c5e38,PAY3521e264bc,2024-11-03
ACC372387b4c0,PAY3b47e70bc0,2024-10-28
ACC87b4a2aff4,PAY3521e264bc,2024-10-29
ACCf6e85e97e6,PAY09c70b9e75,2024-10-29
ACC2f2d984a82,PAY3521e264bc,2024-11-03
ACCeb6ed94cd3,PAY3521e264bc,2024-10-30
ACCd0ee93666e,PAfY39215642f,2024-10-30
ACC36721f28f5,PAY2fd817a0e03,2024-10-27
ACCe28acb25f2,PAYf93215642f,2024-11-02
ACC19bf8af40d,PAyf39215642f,2024-10-30
ACCfb61c70378,PAY3b47e70bc0,2024-11-04
ACC6ea62a1253,PAYc9901edd2d,2024-10-28
ACC3d034b5c0f,PAY3b47e70bc0,2024-11-04
ACCf8431b86e0,PAYf39216542f,2024-11-01
ACC6013da860a,PAY3b47e70bc0,2024-10-27
ACC305223daf6,PAY3b47e70bc0,2024-10-29
ACC7c573bbc38,PAYe765034b93,2025-07-11
ACC77d3e17394,PAY335cba45f4,2025-05-08
ACC58a4411a6f,PAYe765034b93,2025-04-26
ACC5b3a569734,PAYe765034b93,2025-09-04
ACCc4ec3de4b6,PAYd54a833828,2025-07-29
ACC35f307ae37,PAYd54a833828,2025-02-26
ACC66eee777cf,PAY6ee2a68f5,2025-12-09
ACCe7d3e5b048,PAY335cba45f4,2026-03-22
ACC5f2eccbedd,PAYd4072c991a,2026-03-29
ACCb23a0a539f,PAYd54a833828,2026-03-20
ACC29da669de8,PAYd54A833828,2026-03-23
ACCb35847be81,PAYd54ia833828,2026-03-27
ACCd42ba923d4,APY0391a410f3,2026-03-25
ACCa6815aa693,PAY7e65034b93,2026-03-20
ACC91a42601d7,PAYe765034b93,2026-03-19
ACC8d0bf8fc85,2PAYcebeca0649,2026-03-23
ACCf6c423dda9,PAY03679e6018,2026-03-20
ACC219636e8c7,PAY0e33bf04a0,2026-04-01
ACCbdef0b687a,PAY4c2912559c,2026-03-26
ACC86d7f05122,hPAY335cba45f4,2026-03-20
ACCf4e9cc1542,PAYe765034b93,2026-03-21
ACCe0e443f407,PAYd54a833828,2026-03-24
ACCccc5d81955,PA9Yd54a833828,2026-03-30
ACCecc286156f,PAYd54a833828,2026-03-24
ACCee786e7e48,PYAe765034b93,2026-03-29
ACC5601e7a50a,PAYd54a833828,2026-03-24
ACCde055d2f02,PAY73c7b228f6,2026-03-26
ACC82361a3f1d,PAYd54a833828,2026-03-29
ACC89865a6014,PAYd9e92c5842,2026-03-26
ACC134dda8db4,PAYe26ed21952,2024-09-18
ACCcd03c86412,PAye26ed21952,2024-09-17
ACC8fdc5dc920,PAY00be759129,2025-03-16
ACC2512e21f20,PaY0971241856,2025-04-03
ACCfa511078a2,PAYe26ed21952,2024-09-26
ACC7d16f85c2c,PAYe26ed21952,2025-01-29
ACCe7595ffd2f,PAYcfae0262be,2024-10-03
ACCa5e891d86b,PAYfc23c3a3de,2024-10-02
ACC5277faa3fd,PAY74ce70ca70,2024-11-11
ACCd87c7d855e,PYe26ed21952,2025-08-07
ACC7850e0be01,PAY46a7e9a589,2025-08-05
ACC5b418f3068,PAYcfae0262be,2025-08-02
ACC1c45023d32,PAY9c3fb0f564,2025-08-01
ACCec081c8bc6,PAYbbce15fe2f,2025-08-01
ACC1cf233c0a9,PAYe26ed21952,2025-08-04
ACC6f3d7254c5,PAYe26ed21952,2025-08-07
ACC53cd38550e,PAYd0ff19dac1,2025-08-05
ACC97f6213829,PAYocfae0262be,2025-08-09
ACC45fd9e4126,PAYdeb47ebb1D,2025-08-06
ACCd8b140e693,PAYe26ed21952,2025-08-02
ACCbf8b9bd0d2,PAYa1078d188c,2025-08-05
ACCecb2f4b7c8,PAYckfae0262be,2025-08-04
ACCb829df01bc,PAYe26ed21952,2025-08-07
ACC87e2b2d925,PAYe26eyd21952,2025-08-04
ACC91795ab856,PAYe26ed2192,2025-08-03
ACC8856838889,PbAYcfae0262be,2025-08-04
ACCe03e16a4be,PAYe26ed21952,2025-08-09
ACC3aacb4fa49,PAY3e091d3f2f,2025-08-09
ACCfe5ff7a001,PAYcfae0262be,2025-08-01
ACC78f93d0d7a,PAYdB1e9021af,2025-08-06
ACCe8d5af8e64,PAY5c65e88608,2025-08-08
ACCb4341ae70b,PAYacd38f4f6,2025-08-09
ACC5df65f472a,PYA9b12ce2d90,2025-08-03
ACC4b1d736630,PAY6dbpe5f211c,2025-08-08
ACCe16fcc3fa9,PAYe26ed21952,2025-08-05
ACC6a2567f594,PAYe26ed21952,2025-08-03
ACC579eface06,PAYcfae0262be,2025-08-01
ACC1b18cc2bb0,PAYcfae0262nbe,2025-08-03
ACCc43b9050bf,PAYe26ed21952,2025-08-01
ACCdc416ba257,PaY8b14f11819,2025-10-22
ACC3471daf407,PAYb63523s2854,2025-11-16
ACC63a97ca9b6,PAY72038b08d7,2025-11-20
ACC4ab2408188,PAY03fae1c0f,2025-11-22
ACCe5a250a531,PAYc3d4fe74a70,2025-11-27
ACC55efac37a4,PAYefe39b11ab,2025-12-01
ACC774f2997e8,PAYa1ec611e33,2025-11-15
ACC7c1b6ff174,PAYdcdac4ccc6,2025-11-18
ACCc535793f2f,PAY91f958db77,2025-11-15
ACC0fec4dae5e,PAYf8184ee5af,2025-11-18
ACC6a6741001e,PAY559a5f7c79,2025-11-23
ACC73470e0c0b,PAY2db62bd166,2025-11-28
ACC487b8f6d47,PAYdaa5vdaf58e,2025-11-10
ACC3b341e0933,PAY3a2e939dda,2025-11-16
ACC3d0de93a53,PYAb0523319df,2025-11-18
ACC4ef12d461e,PAYa622c875cb9,2025-11-21
ACCcee837366b,PAY00fffb7f67,2025-03-08
ACCb6788d8536,PAYd21d9d3dc2,2025-04-03
ACCde6226247e,PaY75743c9a45,2025-04-05
ACC58c784e083,PAY379bd2a66a,2025-03-29
ACCf25a7df2e0,PAYd7021eef3e,2025-04-06
ACCde947164b3,PAYbbb3a82b63,2025-04-07
ACCa9a61dfcbc,PAY4456c8eef3,2025-03-27
ACC60990e8d0c,PAYc778fcdd66,2025-04-04
ACCd1fb110b94,PAYde3De007fc,2025-07-26
ACC4d06223886,PAYc106f26d31,2025-08-22
ACCbcb7aab9a5,PAYd996c802d9,2025-08-22
ACC0da8c4beb3,PAY1c4cde354f,2025-08-11
ACC48d33544a8,PAYfd58002145,2025-08-14
ACC7fffcd4abd,PAY1432545fbc,2025-08-17
ACCffaf605123,PY1adaea29f8,2025-05-18
ACC4a582b47fc,PAYe67fbd07fa,2025-05-23
ACC3ff12bdc41,PAY6c87aa5ff1,2025-05-31
ACC52e11a3711,AY6286ad7e43,2025-06-04
ACC1ad00e4bb5,PAY5d38543b41,2025-06-08
ACC1d2b22f88d,PAYc76c57bdb5,2025-06-18
ACCe85fae8988,PAY94715862af,2025-05-18
ACCd38eeea3f6,PAY97145d720e,2025-06-04
ACCc80906b20e,PAY7ac4ad6cbc,2025-06-05
ACCdc37dbb738,PAY515e907b50,2025-05-22
ACC9d87454a9b,PAY85b84cfeed,2025-05-28
ACCad73add770,PAYf6675Ea5e7,2025-06-03
ACCa1f8856b20,PA0Y205d9f3ce,2025-06-12
ACCc9014b286b,PAYb7242dF19e,2025-06-20
ACC7cbda6d976,PAYda006c9bca,2025-12-08
ACC8ab153b5de,PAYe358c3992,2025-12-19
ACCc6073c1115,PAYe063d94F7b,2025-12-23
ACC008d9f39a3,PAY6ef5737d5,2025-12-26
ACCb67f6e8a50,PAYd3e648ce3c,2025-12-15
ACC0ed235fa25,PAY6c97a2490c,2025-12-22
ACC8ff0fdb3e3,PAb2410386fb,2025-12-29
ACC34a44f99b1,PAY7d90daf20,2026-01-04
ACC245af4c0c3,PAY19f5a90e1,2026-01-08
ACC553c8d59d7,PAY449082be15,2026-01-11
ACC034024f7b3,APY461fcd7210,2025-06-03
ACCbd377eb92b,PAY79e1jf0d45c,2025-06-25
ACCecbe80a96a,PAY032da6dpf91,2025-06-27
ACC307565df21,PAY14bba70e5d,2025-07-01
ACCecf9614499,PA9f8a42fdae,2025-06-26
ACCad8d1d72b9,PAY9a820be332,2025-07-05
ACCe90cb84966,PAYdf1d340b20,2025-07-11
ACCe6138b8fbd,PAYf4872af7ee,2025-07-11
ACC9f3d60c491,PAYd3dd46da32,2025-07-20
ACC3e097f6fe9,PAY6d2f82bfa,2025-10-21
ACCf2ba61c88e,PAY77b7fb1fq87,2025-11-06
ACCea8214cd20,PAYd0314fcca,2025-11-13
ACCf149c9a15b,PAYb458e409d9,2025-10-28
ACC4daa5dda68,PAY85252cd3eb6,2025-11-01
ACCacb57fae5a,PAY2bbe421371,2025-11-16
ACC8b940f9bc3,PAY7598fuca2ff,2025-11-21
ACCcf5910b682,PAY3dfda24ab8,2025-11-27
ACCc65b64f2e4,PAY97c7eda0b4,2025-10-28
ACCfebfabe4e5,PAYa930cd8444,2025-11-03
ACC3e98bf79f7,PAY35a1be720c,2025-11-09
ACCad8b50cc80,PAYf2b44b84d4,2025-08-03
