account_id,ring_id,is_ring_member,coincidental_group_id
ACC000001,,False,
ACC000002,,False,
ACC000003,,False,
ACC000004,,False,
ACC000005,,False,
ACC000006,,False,
ACC000007,,False,
ACC000008,,False,
ACC000009,,False,
ACC000010,,False,
ACC000011,,False,
ACC000012,,False,
ACC000013,,False,
ACC000014,,False,COINC0024
ACC000015,,False,
ACC000016,,False,
ACC000017,,False,
ACC000018,,False,
ACC000019,,False,
ACC000020,,False,
ACC000021,,False,
ACC000022,,False,
ACC000023,,False,
ACC000024,,False,COINC0022
ACC000025,,False,
ACC000026,,False,
ACC000027,,False,
ACC000028,,False,
ACC000029,,False,
ACC000030,,False,
ACC000031,,False,
ACC000032,,False,
ACC000033,,False,
ACC000034,,False,
ACC000035,,False,
ACC000036,,False,
ACC000037,,False,
ACC000038,,False,
ACC000039,,False,
ACC000040,,False,
ACC000041,,False,
ACC000042,,False,
ACC000043,,False,
ACC000044,,False,
ACC000045,,False,
ACC000046,,False,
ACC000047,,False,
ACC000048,,False,
ACC000049,,False,
ACC000050,,False,COINC0008
ACC000051,,False,
ACC000052,,False,
ACC000053,,False,
ACC000054,,False,
ACC000055,,False,
ACC000056,,False,
ACC000057,,False,
ACC000058,,False,
ACC000059,,False,
ACC000060,,False,
ACC000061,,False,
ACC000062,,False,
ACC000063,,False,
ACC000064,,False,
ACC000065,,False,
ACC000066,,False,
ACC000067,,False,
ACC000068,,False,
ACC000069,,False,
ACC000070,,False,
ACC000071,,False,
ACC000072,,False,
ACC000073,,False,
ACC000074,,False,
ACC000075,,False,
ACC000076,,False,
ACC000077,,False,
ACC000078,,False,
ACC000079,,False,
ACC000080,,False,
ACC000081,,False,
ACC000082,,False,
ACC000083,,False,
ACC000084,,False,
ACC000085,,False,
ACC000086,,False,
ACC000087,,False,
ACC000088,,False,
ACC000089,,False,
ACC000090,,False,
ACC000091,,False,
ACC000092,,False,
ACC000093,,False,
ACC000094,,False,
ACC000095,,False,
ACC000096,,False,
ACC000097,,False,
ACC000098,,False,
ACC000099,,False,
ACC000100,,False,
ACC000101,,False,
ACC000102,,False,
ACC000103,,False,
ACC000104,,False,
ACC000105,,False,
ACC000106,,False,
ACC000107,,False,
ACC000108,,False,
ACC000109,,False,
ACC000110,,False,
ACC000111,,False,
ACC000112,,False,
ACC000113,,False,
ACC000114,,False,
ACC000115,,False,
ACC000116,,False,
ACC000117,,False,
ACC000118,,False,
ACC000119,,False,
ACC000120,,False,
ACC000121,,False,
ACC000122,,False,
ACC000123,,False,
ACC000124,,False,
ACC000125,,False,
ACC000126,,False,
ACC000127,,False,
ACC000128,,False,
ACC000129,,False,
ACC000130,,False,
ACC000131,,False,
ACC000132,,False,
ACC000133,,False,
ACC000134,,False,
ACC000135,,False,COINC0025
ACC000136,,False,
ACC000137,,False,
ACC000138,,False,
ACC000139,,False,COINC0044
ACC000140,,False,
ACC000141,,False,
ACC000142,,False,
ACC000143,,False,COINC0028
ACC000144,,False,
ACC000145,,False,
ACC000146,,False,
ACC000147,,False,
ACC000148,,False,
ACC000149,,False,COINC0045
ACC000150,,False,
ACC000151,,False,
ACC000152,,False,
ACC000153,,False,
ACC000154,,False,
ACC000155,,False,
ACC000156,,False,
ACC000157,,False,
ACC000158,,False,
ACC000159,,False,
ACC000160,,False,
ACC000161,,False,COINC0008
ACC000162,,False,
ACC000163,,False,
ACC000164,,False,
ACC000165,,False,COINC0016
ACC000166,,False,
ACC000167,,False,
ACC000168,,False,
ACC000169,,False,
ACC000170,,False,
ACC000171,,False,
ACC000172,,False,
ACC000173,,False,
ACC000174,,False,
ACC000175,,False,
ACC000176,,False,
ACC000177,,False,
ACC000178,,False,
ACC000179,,False,
ACC000180,,False,
ACC000181,,False,
ACC000182,,False,
ACC000183,,False,
ACC000184,,False,
ACC000185,,False,
ACC000186,,False,
ACC000187,,False,
ACC000188,,False,
ACC000189,,False,
ACC000190,,False,
ACC000191,,False,
ACC000192,,False,
ACC000193,,False,
ACC000194,,False,
ACC000195,,False,
ACC000196,,False,
ACC000197,,False,
ACC000198,,False,
ACC000199,,False,
ACC000200,,False,
ACC000201,,False,
ACC000202,,False,
ACC000203,,False,
ACC000204,,False,
ACC000205,,False,
ACC000206,,False,
ACC000207,,False,
ACC000208,,False,
ACC000209,,False,
ACC000210,,False,
ACC000211,,False,
ACC000212,,False,
ACC000213,,False,
ACC000214,,False,
ACC000215,,False,
ACC000216,,False,
ACC000217,,False,
ACC000218,,False,
ACC000219,,False,
ACC000220,,False,
ACC000221,,False,
ACC000222,,False,
ACC000223,,False,
ACC000224,,False,
ACC000225,,False,
ACC000226,,False,
ACC000227,,False,
ACC000228,,False,
ACC000229,,False,
ACC000230,,False,
ACC000231,,False,
ACC000232,,False,
ACC000233,,False,
ACC000234,,False,
ACC000235,,False,
ACC000236,,False,
ACC000237,,False,
ACC000238,,False,
ACC000239,,False,
ACC000240,,False,
ACC000241,,False,
ACC000242,,False,
ACC000243,,False,
ACC000244,,False,
ACC000245,,False,
ACC000246,,False,
ACC000247,,False,
ACC000248,,False,
ACC000249,,False,
ACC000250,,False,
ACC000251,,False,
ACC000252,,False,
ACC000253,,False,
ACC000254,,False,COINC0042
ACC000255,,False,
ACC000256,,False,
ACC000257,,False,
ACC000258,,False,
ACC000259,,False,
ACC000260,,False,
ACC000261,,False,
ACC000262,,False,
ACC000263,,False,
ACC000264,,False,
ACC000265,,False,
ACC000266,,False,
ACC000267,,False,
ACC000268,,False,
ACC000269,,False,
ACC000270,,False,
ACC000271,,False,
ACC000272,,False,
ACC000273,,False,
ACC000274,,False,
ACC000275,,False,
ACC000276,,False,
ACC000277,,False,
ACC000278,,False,
ACC000279,,False,
ACC000280,,False,
ACC000281,,False,
ACC000282,,False,
ACC000283,,False,
ACC000284,,False,
ACC000285,,False,
ACC000286,,False,
ACC000287,,False,
ACC000288,,False,
ACC000289,,False,
ACC000290,,False,
ACC000291,,False,
ACC000292,,False,COINC0030
ACC000293,,False,
ACC000294,,False,
ACC000295,,False,
ACC000296,,False,
ACC000297,,False,
ACC000298,,False,
ACC000299,,False,
ACC000300,,False,
ACC000301,,False,
ACC000302,,False,
ACC000303,,False,
ACC000304,,False,
ACC000305,,False,
ACC000306,,False,
ACC000307,,False,
ACC000308,,False,
ACC000309,,False,
ACC000310,,False,
ACC000311,,False,
ACC000312,,False,
ACC000313,,False,
ACC000314,,False,
ACC000315,,False,
ACC000316,,False,
ACC000317,,False,
ACC000318,,False,
ACC000319,,False,
ACC000320,,False,
ACC000321,,False,
ACC000322,,False,
ACC000323,,False,
ACC000324,,False,
ACC000325,,False,
ACC000326,,False,
ACC000327,,False,
ACC000328,,False,
ACC000329,,False,
ACC000330,,False,
ACC000331,,False,
ACC000332,,False,
ACC000333,,False,
ACC000334,,False,
ACC000335,,False,
ACC000336,,False,
ACC000337,,False,
ACC000338,,False,
ACC000339,,False,
ACC000340,,False,COINC0018
ACC000341,,False,
ACC000342,,False,
ACC000343,,False,
ACC000344,,False,
ACC000345,,False,
ACC000346,,False,
ACC000347,,False,
ACC000348,,False,
ACC000349,,False,
ACC000350,,False,
ACC000351,,False,
ACC000352,,False,COINC0032
ACC000353,,False,
ACC000354,,False,
ACC000355,,False,
ACC000356,,False,
ACC000357,,False,
ACC000358,,False,
ACC000359,,False,
ACC000360,,False,
ACC000361,,False,
ACC000362,,False,
ACC000363,,False,
ACC000364,,False,
ACC000365,,False,
ACC000366,,False,COINC0003
ACC000367,,False,
ACC000368,,False,
ACC000369,,False,
ACC000370,,False,
ACC000371,,False,
ACC000372,,False,
ACC000373,,False,
ACC000374,,False,
ACC000375,,False,
ACC000376,,False,
ACC000377,,False,
ACC000378,,False,
ACC000379,,False,
ACC000380,,False,
ACC000381,,False,
ACC000382,,False,
ACC000383,,False,
ACC000384,,False,
ACC000385,,False,
ACC000386,,False,
ACC000387,,False,
ACC000388,,False,
ACC000389,,False,
ACC000390,,False,
ACC000391,,False,COINC0036
ACC000392,,False,
ACC000393,,False,
ACC000394,,False,
ACC000395,,False,
ACC000396,,False,
ACC000397,,False,
ACC000398,,False,
ACC000399,,False,
ACC000400,,False,
ACC000401,,False,
ACC000402,,False,
ACC000403,,False,
ACC000404,,False,
ACC000405,,False,
ACC000406,,False,
ACC000407,,False,
ACC000408,,False,
ACC000409,,False,
ACC000410,,False,
ACC000411,,False,
ACC000412,,False,
ACC000413,,False,
ACC000414,,False,
ACC000415,,False,
ACC000416,,False,
ACC000417,,False,
ACC000418,,False,
ACC000419,,False,
ACC000420,,False,
ACC000421,,False,
ACC000422,,False,
ACC000423,,False,
ACC000424,,False,
ACC000425,,False,
ACC000426,,False,
ACC000427,,False,
ACC000428,,False,
ACC000429,,False,
ACC000430,,False,
ACC000431,,False,
ACC000432,,False,
ACC000433,,False,
ACC000434,,False,
ACC000435,,False,
ACC000436,,False,
ACC000437,,False,
ACC000438,,False,
ACC000439,,False,
ACC000440,,False,
ACC000441,,False,
ACC000442,,False,
ACC000443,,False,
ACC000444,,False,
ACC000445,,False,
ACC000446,,False,
ACC000447,,False,
ACC000448,,False,
ACC000449,,False,
ACC000450,,False,
ACC000451,,False,
ACC000452,,False,
ACC000453,,False,
ACC000454,,False,
ACC000455,,False,
ACC000456,,False,
ACC000457,,False,
ACC000458,,False,
ACC000459,,False,
ACC000460,,False,
ACC000461,,False,
ACC000462,,False,
ACC000463,,False,
ACC000464,,False,COINC0034
ACC000465,,False,
ACC000466,,False,
ACC000467,,False,
ACC000468,,False,
ACC000469,,False,
ACC000470,,False,
ACC000471,,False,
ACC000472,,False,
ACC000473,,False,
ACC000474,,False,
ACC000475,,False,
ACC000476,,False,
ACC000477,,False,
ACC000478,,False,
ACC000479,,False,
ACC000480,,False,
ACC000481,,False,COINC0008
ACC000482,,False,
ACC000483,,False,
ACC000484,,False,
ACC000485,,False,
ACC000486,,False,
ACC000487,,False,
ACC000488,,False,
ACC000489,,False,
ACC000490,,False,
ACC000491,,False,
ACC000492,,False,
ACC000493,,False,
ACC000494,,False,
ACC000495,,False,
ACC000496,,False,
ACC000497,,False,
ACC000498,,False,
ACC000499,,False,
ACC000500,,False,
ACC000501,,False,
ACC000502,,False,
ACC000503,,False,
ACC000504,,False,
ACC000505,,False,
ACC000506,,False,
ACC000507,,False,
ACC000508,,False,
ACC000509,,False,
ACC000510,,False,
ACC000511,,False,
ACC000512,,False,
ACC000513,,False,
ACC000514,,False,
ACC000515,,False,COINC0042
ACC000516,,False,
ACC000517,,False,
ACC000518,,False,COINC0024
ACC000519,,False,
ACC000520,,False,
ACC000521,,False,
ACC000522,,False,
ACC000523,,False,
ACC000524,,False,
ACC000525,,False,
ACC000526,,False,
ACC000527,,False,
ACC000528,,False,COINC0014
ACC000529,,False,
ACC000530,,False,
ACC000531,,False,
ACC000532,,False,
ACC000533,,False,
ACC000534,,False,
ACC000535,,False,
ACC000536,,False,COINC0040
ACC000537,,False,
ACC000538,,False,
ACC000539,,False,
ACC000540,,False,
ACC000541,,False,
ACC000542,,False,
ACC000543,,False,
ACC000544,,False,
ACC000545,,False,
ACC000546,,False,
ACC000547,,False,
ACC000548,,False,
ACC000549,,False,
ACC000550,,False,
ACC000551,,False,
ACC000552,,False,
ACC000553,,False,
ACC000554,,False,
ACC000555,,False,
ACC000556,,False,
ACC000557,,False,
ACC000558,,False,
ACC000559,,False,
ACC000560,,False,
ACC000561,,False,
ACC000562,,False,
ACC000563,,False,
ACC000564,,False,
ACC000565,,False,
ACC000566,,False,
ACC000567,,False,
ACC000568,,False,
ACC000569,,False,
ACC000570,,False,
ACC000571,,False,
ACC000572,,False,
ACC000573,,False,
ACC000574,,False,COINC0024
ACC000575,,False,
ACC000576,,False,
ACC000577,,False,
ACC000578,,False,
ACC000579,,False,
ACC000580,,False,
ACC000581,,False,
ACC000582,,False,
ACC000583,,False,
ACC000584,,False,
ACC000585,,False,
ACC000586,,False,
ACC000587,,False,
ACC000588,,False,
ACC000589,,False,
ACC000590,,False,
ACC000591,,False,
ACC000592,,False,
ACC000593,,False,
ACC000594,,False,
ACC000595,,False,
ACC000596,,False,
ACC000597,,False,
ACC000598,,False,
ACC000599,,False,
ACC000600,,False,
ACC000601,,False,
ACC000602,,False,
ACC000603,,False,
ACC000604,,False,
ACC000605,,False,
ACC000606,,False,
ACC000607,,False,
ACC000608,,False,
ACC000609,,False,
ACC000610,,False,
ACC000611,,False,
ACC000612,,False,
ACC000613,,False,
ACC000614,,False,
ACC000615,,False,
ACC000616,,False,
ACC000617,,False,
ACC000618,,False,
ACC000619,,False,
ACC000620,,False,
ACC000621,,False,
ACC000622,,False,
ACC000623,,False,
ACC000624,,False,
ACC000625,,False,COINC0047
ACC000626,,False,
ACC000627,,False,
ACC000628,,False,
ACC000629,,False,
ACC000630,,False,
ACC000631,,False,
ACC000632,,False,
ACC000633,,False,
ACC000634,,False,
ACC000635,,False,
ACC000636,,False,
ACC000637,,False,
ACC000638,,False,
ACC000639,,False,
ACC000640,,False,COINC0015
ACC000641,,False,
ACC000642,,False,
ACC000643,,False,
ACC000644,,False,
ACC000645,,False,
ACC000646,,False,
ACC000647,,False,
ACC000648,,False,COINC0027
ACC000649,,False,
ACC000650,,False,
ACC000651,,False,
ACC000652,,False,
ACC000653,,False,
ACC000654,,False,
ACC000655,,False,
ACC000656,,False,
ACC000657,,False,
ACC000658,,False,
ACC000659,,False,
ACC000660,,False,COINC0011
ACC000661,,False,
ACC000662,,False,
ACC000663,,False,
ACC000664,,False,
ACC000665,,False,
ACC000666,,False,
ACC000667,,False,
ACC000668,,False,
ACC000669,,False,
ACC000670,,False,
ACC000671,,False,
ACC000672,,False,
ACC000673,,False,
ACC000674,,False,
ACC000675,,False,
ACC000676,,False,
ACC000677,,False,
ACC000678,,False,
ACC000679,,False,
ACC000680,,False,
ACC000681,,False,
ACC000682,,False,
ACC000683,,False,
ACC000684,,False,
ACC000685,,False,
ACC000686,,False,
ACC000687,,False,
ACC000688,,False,
ACC000689,,False,
ACC000690,,False,
ACC000691,,False,
ACC000692,,False,COINC0021
ACC000693,,False,
ACC000694,,False,COINC0032
ACC000695,,False,
ACC000696,,False,
ACC000697,,False,
ACC000698,,False,
ACC000699,,False,
ACC000700,,False,
ACC000701,,False,
ACC000702,,False,
ACC000703,,False,
ACC000704,,False,
ACC000705,,False,
ACC000706,,False,
ACC000707,,False,
ACC000708,,False,
ACC000709,,False,
ACC000710,,False,
ACC000711,,False,
ACC000712,,False,
ACC000713,,False,
ACC000714,,False,
ACC000715,,False,
ACC000716,,False,
ACC000717,,False,
ACC000718,,False,
ACC000719,,False,
ACC000720,,False,
ACC000721,,False,
ACC000722,,False,
ACC000723,,False,
ACC000724,,False,
ACC000725,,False,
ACC000726,,False,
ACC000727,,False,
ACC000728,,False,
ACC000729,,False,
ACC000730,,False,
ACC000731,,False,
ACC000732,,False,
ACC000733,,False,
ACC000734,,False,
ACC000735,,False,
ACC000736,,False,
ACC000737,,False,
ACC000738,,False,
ACC000739,,False,
ACC000740,,False,
ACC000741,,False,
ACC000742,,False,
ACC000743,,False,
ACC000744,,False,
ACC000745,,False,
ACC000746,,False,
ACC000747,,False,
ACC000748,,False,
ACC000749,,False,
ACC000750,,False,
ACC000751,,False,
ACC000752,,False,
ACC000753,,False,
ACC000754,,False,
ACC000755,,False,
ACC000756,,False,
ACC000757,,False,
ACC000758,,False,
ACC000759,,False,
ACC000760,,False,
ACC000761,,False,
ACC000762,,False,
ACC000763,,False,
ACC000764,,False,
ACC000765,,False,
ACC000766,,False,
ACC000767,,False,
ACC000768,,False,
ACC000769,,False,
ACC000770,,False,
ACC000771,,False,
ACC000772,,False,
ACC000773,,False,
ACC000774,,False,
ACC000775,,False,
ACC000776,,False,
ACC000777,,False,
ACC000778,,False,
ACC000779,,False,
ACC000780,,False,
ACC000781,,False,
ACC000782,,False,
ACC000783,,False,
ACC000784,,False,
ACC000785,,False,
ACC000786,,False,
ACC000787,,False,
ACC000788,,False,
ACC000789,,False,
ACC000790,,False,
ACC000791,,False,
ACC000792,,False,
ACC000793,,False,
ACC000794,,False,
ACC000795,,False,
ACC000796,,False,
ACC000797,,False,
ACC000798,,False,
ACC000799,,False,
ACC000800,,False,
ACC000801,,False,
ACC000802,,False,
ACC000803,,False,
ACC000804,,False,
ACC000805,,False,
ACC000806,,False,
ACC000807,,False,
ACC000808,,False,
ACC000809,,False,
ACC000810,,False,
ACC000811,,False,
ACC000812,,False,
ACC000813,,False,
ACC000814,,False,
ACC000815,,False,
ACC000816,,False,
ACC000817,,False,
ACC000818,,False,
ACC000819,,False,
ACC000820,,False,
ACC000821,,False,
ACC000822,,False,
ACC000823,,False,
ACC000824,,False,
ACC000825,,False,
ACC000826,,False,
ACC000827,,False,
ACC000828,,False,
ACC000829,,False,
ACC000830,,False,
ACC000831,,False,
ACC000832,,False,
ACC000833,,False,
ACC000834,,False,
ACC000835,,False,
ACC000836,,False,COINC0006
ACC000837,,False,
ACC000838,,False,
ACC000839,,False,
ACC000840,,False,
ACC000841,,False,
ACC000842,,False,
ACC000843,,False,
ACC000844,,False,
ACC000845,,False,
ACC000846,,False,
ACC000847,,False,
ACC000848,,False,
ACC000849,,False,
ACC000850,,False,
ACC000851,,False,
ACC000852,,False,
ACC000853,,False,
ACC000854,,False,
ACC000855,,False,
ACC000856,,False,
ACC000857,,False,
ACC000858,,False,
ACC000859,,False,
ACC000860,,False,
ACC000861,,False,
ACC000862,,False,
ACC000863,,False,
ACC000864,,False,
ACC000865,,False,
ACC000866,,False,
ACC000867,,False,
ACC000868,,False,
ACC000869,,False,
ACC000870,,False,
ACC000871,,False,
ACC000872,,False,
ACC000873,,False,
ACC000874,,False,
ACC000875,,False,
ACC000876,,False,
ACC000877,,False,
ACC000878,,False,
ACC000879,,False,
ACC000880,,False,
ACC000881,,False,
ACC000882,,False,
ACC000883,,False,
ACC000884,,False,
ACC000885,,False,
ACC000886,,False,
ACC000887,,False,
ACC000888,,False,
ACC000889,,False,
ACC000890,,False,
ACC000891,,False,
ACC000892,,False,
ACC000893,,False,
ACC000894,,False,
ACC000895,,False,
ACC000896,,False,
ACC000897,,False,
ACC000898,,False,
ACC000899,,False,
ACC000900,,False,
ACC000901,,False,
ACC000902,,False,
ACC000903,,False,
ACC000904,,False,
ACC000905,,False,
ACC000906,,False,
ACC000907,,False,
ACC000908,,False,
ACC000909,,False,
ACC000910,,False,
ACC000911,,False,
ACC000912,,False,
ACC000913,,False,
ACC000914,,False,
ACC000915,,False,
ACC000916,,False,
ACC000917,,False,
ACC000918,,False,
ACC000919,,False,
ACC000920,,False,
ACC000921,,False,
ACC000922,,False,
ACC000923,,False,
ACC000924,,False,
ACC000925,,False,
ACC000926,,False,
ACC000927,,False,
ACC000928,,False,
ACC000929,,False,
ACC000930,,False,
ACC000931,,False,
ACC000932,,False,
ACC000933,,False,
ACC000934,,False,
ACC000935,,False,
ACC000936,,False,
ACC000937,,False,
ACC000938,,False,
ACC000939,,False,
ACC000940,,False,
ACC000941,,False,
ACC000942,,False,
ACC000943,,False,
ACC000944,,False,
ACC000945,,False,
ACC000946,,False,
ACC000947,,False,
ACC000948,,False,
ACC000949,,False,
ACC000950,,False,
ACC000951,,False,
ACC000952,,False,
ACC000953,,False,
ACC000954,,False,
ACC000955,,False,
ACC000956,,False,
ACC000957,,False,
ACC000958,,False,
ACC000959,,False,
ACC000960,,False,
ACC000961,,False,
ACC000962,,False,
ACC000963,,False,
ACC000964,,False,
ACC000965,,False,
ACC000966,,False,
ACC000967,,False,
ACC000968,,False,
ACC000969,,False,
ACC000970,,False,
ACC000971,,False,
ACC000972,,False,
ACC000973,,False,
ACC000974,,False,
ACC000975,,False,
ACC000976,,False,
ACC000977,,False,
ACC000978,,False,
ACC000979,,False,
ACC000980,,False,
ACC000981,,False,
ACC000982,,False,COINC0028
ACC000983,,False,
ACC000984,,False,
ACC000985,,False,
ACC000986,,False,
ACC000987,,False,
ACC000988,,False,
ACC000989,,False,
ACC000990,,False,
ACC000991,,False,
ACC000992,,False,
ACC000993,,False,
ACC000994,,False,
ACC000995,,False,
ACC000996,,False,
ACC000997,,False,
ACC000998,,False,
ACC000999,,False,
ACC001000,,False,
ACC001001,,False,
ACC001002,,False,
ACC001003,,False,
ACC001004,,False,
ACC001005,,False,
ACC001006,,False,
ACC001007,,False,
ACC001008,,False,
ACC001009,,False,
ACC001010,,False,
ACC001011,,False,
ACC001012,,False,
ACC001013,,False,
ACC001014,,False,
ACC001015,,False,
ACC001016,,False,
ACC001017,,False,
ACC001018,,False,COINC0045
ACC001019,,False,
ACC001020,,False,
ACC001021,,False,
ACC001022,,False,
ACC001023,,False,
ACC001024,,False,
ACC001025,,False,
ACC001026,,False,
ACC001027,,False,
ACC001028,,False,
ACC001029,,False,
ACC001030,,False,
ACC001031,,False,
ACC001032,,False,
ACC001033,,False,
ACC001034,,False,
ACC001035,,False,
ACC001036,,False,
ACC001037,,False,
ACC001038,,False,
ACC001039,,False,
ACC001040,,False,
ACC001041,,False,
ACC001042,,False,
ACC001043,,False,
ACC001044,,False,
ACC001045,,False,
ACC001046,,False,
ACC001047,,False,COINC0003
ACC001048,,False,
ACC001049,,False,
ACC001050,,False,
ACC001051,,False,
ACC001052,,False,
ACC001053,,False,
ACC001054,,False,
ACC001055,,False,
ACC001056,,False,
ACC001057,,False,
ACC001058,,False,
ACC001059,,False,
ACC001060,,False,
ACC001061,,False,
ACC001062,,False,
ACC001063,,False,
ACC001064,,False,
ACC001065,,False,
ACC001066,,False,
ACC001067,,False,
ACC001068,,False,
ACC001069,,False,
ACC001070,,False,
ACC001071,,False,COINC0017
ACC001072,,False,
ACC001073,,False,
ACC001074,,False,
ACC001075,,False,
ACC001076,,False,
ACC001077,,False,
ACC001078,,False,
ACC001079,,False,
ACC001080,,False,
ACC001081,,False,
ACC001082,,False,
ACC001083,,False,
ACC001084,,False,
ACC001085,,False,
ACC001086,,False,
ACC001087,,False,
ACC001088,,False,
ACC001089,,False,
ACC001090,,False,
ACC001091,,False,
ACC001092,,False,
ACC001093,,False,
ACC001094,,False,
ACC001095,,False,
ACC001096,,False,
ACC001097,,False,
ACC001098,,False,
ACC001099,,False,
ACC001100,,False,
ACC001101,,False,
ACC001102,,False,
ACC001103,,False,
ACC001104,,False,
ACC001105,,False,
ACC001106,,False,
ACC001107,,False,
ACC001108,,False,
ACC001109,,False,
ACC001110,,False,
ACC001111,,False,
ACC001112,,False,
ACC001113,,False,
ACC001114,,False,
ACC001115,,False,
ACC001116,,False,
ACC001117,,False,
ACC001118,,False,
ACC001119,,False,
ACC001120,,False,
ACC001121,,False,
ACC001122,,False,
ACC001123,,False,
ACC001124,,False,
ACC001125,,False,
ACC001126,,False,
ACC001127,,False,
ACC001128,,False,
ACC001129,,False,
ACC001130,,False,
ACC001131,,False,
ACC001132,,False,
ACC001133,,False,
ACC001134,,False,
ACC001135,,False,
ACC001136,,False,
ACC001137,,False,
ACC001138,,False,
ACC001139,,False,
ACC001140,,False,
ACC001141,,False,
ACC001142,,False,
ACC001143,,False,
ACC001144,,False,
ACC001145,,False,
ACC001146,,False,
ACC001147,,False,
ACC001148,,False,
ACC001149,,False,
ACC001150,,False,
ACC001151,,False,
ACC001152,,False,
ACC001153,,False,
ACC001154,,False,
ACC001155,,False,
ACC001156,,False,
ACC001157,,False,
ACC001158,,False,
ACC001159,,False,
ACC001160,,False,
ACC001161,,False,
ACC001162,,False,
ACC001163,,False,
ACC001164,,False,
ACC001165,,False,
ACC001166,,False,
ACC001167,,False,
ACC001168,,False,
ACC001169,,False,
ACC001170,,False,
ACC001171,,False,
ACC001172,,False,
ACC001173,,False,
ACC001174,,False,
ACC001175,,False,
ACC001176,,False,
ACC001177,,False,
ACC001178,,False,
ACC001179,,False,
ACC001180,,False,
ACC001181,,False,
ACC001182,,False,
ACC001183,,False,
ACC001184,,False,
ACC001185,,False,
ACC001186,,False,
ACC001187,,False,
ACC001188,,False,COINC0013
ACC001189,,False,
ACC001190,,False,
ACC001191,,False,
ACC001192,,False,
ACC001193,,False,
ACC001194,,False,
ACC001195,,False,
ACC001196,,False,
ACC001197,,False,
ACC001198,,False,
ACC001199,,False,
ACC001200,,False,
ACC001201,,False,COINC0045
ACC001202,,False,
ACC001203,,False,
ACC001204,,False,
ACC001205,,False,
ACC001206,,False,
ACC001207,,False,
ACC001208,,False,
ACC001209,,False,COINC0034
ACC001210,,False,
ACC001211,,False,
ACC001212,,False,
ACC001213,,False,
ACC001214,,False,
ACC001215,,False,
ACC001216,,False,
ACC001217,,False,
ACC001218,,False,
ACC001219,,False,
ACC001220,,False,
ACC001221,,False,
ACC001222,,False,
ACC001223,,False,
ACC001224,,False,
ACC001225,,False,
ACC001226,,False,
ACC001227,,False,
ACC001228,,False,
ACC001229,,False,
ACC001230,,False,
ACC001231,,False,COINC0039
ACC001232,,False,
ACC001233,,False,
ACC001234,,False,
ACC001235,,False,
ACC001236,,False,
ACC001237,,False,
ACC001238,,False,
ACC001239,,False,
ACC001240,,False,
ACC001241,,False,
ACC001242,,False,
ACC001243,,False,
ACC001244,,False,
ACC001245,,False,
ACC001246,,False,
ACC001247,,False,
ACC001248,,False,
ACC001249,,False,
ACC001250,,False,
ACC001251,,False,
ACC001252,,False,
ACC001253,,False,
ACC001254,,False,
ACC001255,,False,
ACC001256,,False,
ACC001257,,False,
ACC001258,,False,
ACC001259,,False,
ACC001260,,False,
ACC001261,,False,
ACC001262,,False,
ACC001263,,False,
ACC001264,,False,
ACC001265,,False,
ACC001266,,False,
ACC001267,,False,
ACC001268,,False,
ACC001269,,False,
ACC001270,,False,
ACC001271,,False,
ACC001272,,False,
ACC001273,,False,
ACC001274,,False,
ACC001275,,False,
ACC001276,,False,
ACC001277,,False,
ACC001278,,False,
ACC001279,,False,
ACC001280,,False,
ACC001281,,False,
ACC001282,,False,
ACC001283,,False,
ACC001284,,False,
ACC001285,,False,
ACC001286,,False,
ACC001287,,False,
ACC001288,,False,
ACC001289,,False,
ACC001290,,False,
ACC001291,,False,
ACC001292,,False,
ACC001293,,False,
ACC001294,,False,
ACC001295,,False,
ACC001296,,False,
ACC001297,,False,
ACC001298,,False,
ACC001299,,False,
ACC001300,,False,
ACC001301,,False,
ACC001302,,False,
ACC001303,,False,
ACC001304,,False,
ACC001305,,False,
ACC001306,,False,
ACC001307,,False,
ACC001308,,False,
ACC001309,,False,
ACC001310,,False,
ACC001311,,False,
ACC001312,,False,
ACC001313,,False,
ACC001314,,False,
ACC001315,,False,
ACC001316,,False,
ACC001317,,False,
ACC001318,,False,
ACC001319,,False,
ACC001320,,False,
ACC001321,,False,
ACC001322,,False,
ACC001323,,False,
ACC001324,,False,
ACC001325,,False,
ACC001326,,False,
ACC001327,,False,
ACC001328,,False,
ACC001329,,False,
ACC001330,,False,
ACC001331,,False,
ACC001332,,False,
ACC001333,,False,
ACC001334,,False,
ACC001335,,False,
ACC001336,,False,
ACC001337,,False,
ACC001338,,False,
ACC001339,,False,
ACC001340,,False,
ACC001341,,False,
ACC001342,,False,
ACC001343,,False,
ACC001344,,False,
ACC001345,,False,
ACC001346,,False,COINC0001
ACC001347,,False,
ACC001348,,False,
ACC001349,,False,
ACC001350,,False,
ACC001351,,False,
ACC001352,,False,
ACC001353,,False,
ACC001354,,False,
ACC001355,,False,
ACC001356,,False,
ACC001357,,False,
ACC001358,,False,
ACC001359,,False,
ACC001360,,False,
ACC001361,,False,
ACC001362,,False,
ACC001363,,False,
ACC001364,,False,
ACC001365,,False,
ACC001366,,False,
ACC001367,,False,
ACC001368,,False,
ACC001369,,False,
ACC001370,,False,
ACC001371,,False,
ACC001372,,False,
ACC001373,,False,
ACC001374,,False,
ACC001375,,False,
ACC001376,,False,
ACC001377,,False,
ACC001378,,False,
ACC001379,,False,
ACC001380,,False,
ACC001381,,False,
ACC001382,,False,
ACC001383,,False,
ACC001384,,False,
ACC001385,,False,
ACC001386,,False,COINC0047
ACC001387,,False,
ACC001388,,False,
ACC001389,,False,
ACC001390,,False,
ACC001391,,False,
ACC001392,,False,
ACC001393,,False,
ACC001394,,False,
ACC001395,,False,
ACC001396,,False,
ACC001397,,False,
ACC001398,,False,
ACC001399,,False,
ACC001400,,False,
ACC001401,,False,
ACC001402,,False,
ACC001403,,False,
ACC001404,,False,
ACC001405,,False,
ACC001406,,False,
ACC001407,,False,
ACC001408,,False,
ACC001409,,False,
ACC001410,,False,
ACC001411,,False,
ACC001412,,False,
ACC001413,,False,
ACC001414,,False,
ACC001415,,False,
ACC001416,,False,
ACC001417,,False,
ACC001418,,False,
ACC001419,,False,
ACC001420,,False,
ACC001421,,False,COINC0027
ACC001422,,False,
ACC001423,,False,
ACC001424,,False,COINC0031
ACC001425,,False,
ACC001426,,False,
ACC001427,,False,
ACC001428,,False,
ACC001429,,False,
ACC001430,,False,
ACC001431,,False,
ACC001432,,False,
ACC001433,,False,
ACC001434,,False,
ACC001435,,False,
ACC001436,,False,
ACC001437,,False,
ACC001438,,False,
ACC001439,,False,
ACC001440,,False,
ACC001441,,False,
ACC001442,,False,
ACC001443,,False,
ACC001444,,False,
ACC001445,,False,
ACC001446,,False,
ACC001447,,False,
ACC001448,,False,
ACC001449,,False,
ACC001450,,False,
ACC001451,,False,
ACC001452,,False,
ACC001453,,False,
ACC001454,,False,
ACC001455,,False,
ACC001456,,False,
ACC001457,,False,
ACC001458,,False,
ACC001459,,False,
ACC001460,,False,
ACC001461,,False,
ACC001462,,False,
ACC001463,,False,
ACC001464,,False,
ACC001465,,False,
ACC001466,,False,
ACC001467,,False,
ACC001468,,False,
ACC001469,,False,
ACC001470,,False,
ACC001471,,False,
ACC001472,,False,
ACC001473,,False,
ACC001474,,False,
ACC001475,,False,
ACC001476,,False,
ACC001477,,False,
ACC001478,,False,
ACC001479,,False,
ACC001480,,False,
ACC001481,,False,
ACC001482,,False,
ACC001483,,False,
ACC001484,,False,
ACC001485,,False,
ACC001486,,False,
ACC001487,,False,
ACC001488,,False,
ACC001489,,False,
ACC001490,,False,
ACC001491,,False,
ACC001492,,False,
ACC001493,,False,
ACC001494,,False,
ACC001495,,False,
ACC001496,,False,
ACC001497,,False,
ACC001498,,False,
ACC001499,,False,
ACC001500,,False,
ACC001501,,False,
ACC001502,,False,
ACC001503,,False,
ACC001504,,False,
ACC001505,,False,
ACC001506,,False,
ACC001507,,False,
ACC001508,,False,
ACC001509,,False,
ACC001510,,False,
ACC001511,,False,
ACC001512,,False,
ACC001513,,False,
ACC001514,,False,
ACC001515,,False,
ACC001516,,False,
ACC001517,,False,
ACC001518,,False,
ACC001519,,False,
ACC001520,,False,
ACC001521,,False,
ACC001522,,False,
ACC001523,,False,
ACC001524,,False,
ACC001525,,False,
ACC001526,,False,
ACC001527,,False,
ACC001528,,False,
ACC001529,,False,
ACC001530,,False,
ACC001531,,False,
ACC001532,,False,
ACC001533,,False,
ACC001534,,False,
ACC001535,,False,
ACC001536,,False,
ACC001537,,False,
ACC001538,,False,
ACC001539,,False,
ACC001540,,False,
ACC001541,,False,
ACC001542,,False,
ACC001543,,False,
ACC001544,,False,
ACC001545,,False,
ACC001546,,False,
ACC001547,,False,
ACC001548,,False,
ACC001549,,False,
ACC001550,,False,
ACC001551,,False,
ACC001552,,False,
ACC001553,,False,
ACC001554,,False,
ACC001555,,False,
ACC001556,,False,
ACC001557,,False,
ACC001558,,False,
ACC001559,,False,
ACC001560,,False,
ACC001561,,False,
ACC001562,,False,
ACC001563,,False,
ACC001564,,False,
ACC001565,,False,
ACC001566,,False,
ACC001567,,False,
ACC001568,,False,
ACC001569,,False,
ACC001570,,False,COINC0009
ACC001571,,False,
ACC001572,,False,
ACC001573,,False,
ACC001574,,False,
ACC001575,,False,
ACC001576,,False,
ACC001577,,False,
ACC001578,,False,
ACC001579,,False,
ACC001580,,False,
ACC001581,,False,
ACC001582,,False,
ACC001583,,False,COINC0044
ACC001584,,False,
ACC001585,,False,
ACC001586,,False,
ACC001587,,False,
ACC001588,,False,
ACC001589,,False,
ACC001590,,False,
ACC001591,,False,
ACC001592,,False,
ACC001593,,False,
ACC001594,,False,
ACC001595,,False,
ACC001596,,False,
ACC001597,,False,
ACC001598,,False,
ACC001599,,False,
ACC001600,,False,
ACC001601,,False,
ACC001602,,False,
ACC001603,,False,
ACC001604,,False,
ACC001605,,False,
ACC001606,,False,
ACC001607,,False,
ACC001608,,False,
ACC001609,,False,
ACC001610,,False,
ACC001611,,False,
ACC001612,,False,
ACC001613,,False,
ACC001614,,False,
ACC001615,,False,
ACC001616,,False,
ACC001617,,False,
ACC001618,,False,
ACC001619,,False,
ACC001620,,False,
ACC001621,,False,
ACC001622,,False,
ACC001623,,False,
ACC001624,,False,
ACC001625,,False,
ACC001626,,False,
ACC001627,,False,
ACC001628,,False,
ACC001629,,False,
ACC001630,,False,
ACC001631,,False,
ACC001632,,False,
ACC001633,,False,
ACC001634,,False,
ACC001635,,False,
ACC001636,,False,
ACC001637,,False,
ACC001638,,False,
ACC001639,,False,
ACC001640,,False,
ACC001641,,False,
ACC001642,,False,
ACC001643,,False,
ACC001644,,False,
ACC001645,,False,
ACC001646,,False,
ACC001647,,False,
ACC001648,,False,
ACC001649,,False,
ACC001650,,False,
ACC001651,,False,
ACC001652,,False,
ACC001653,,False,
ACC001654,,False,
ACC001655,,False,
ACC001656,,False,
ACC001657,,False,
ACC001658,,False,
ACC001659,,False,
ACC001660,,False,
ACC001661,,False,
ACC001662,,False,
ACC001663,,False,
ACC001664,,False,
ACC001665,,False,
ACC001666,,False,
ACC001667,,False,
ACC001668,,False,
ACC001669,,False,
ACC001670,,False,
ACC001671,,False,
ACC001672,,False,
ACC001673,,False,
ACC001674,,False,
ACC001675,,False,
ACC001676,,False,
ACC001677,,False,
ACC001678,,False,
ACC001679,,False,
ACC001680,,False,
ACC001681,,False,
ACC001682,,False,
ACC001683,,False,
ACC001684,,False,
ACC001685,,False,
ACC001686,,False,
ACC001687,,False,
ACC001688,,False,COINC0024
ACC001689,,False,
ACC001690,,False,
ACC001691,,False,
ACC001692,,False,
ACC001693,,False,
ACC001694,,False,
ACC001695,,False,
ACC001696,,False,
ACC001697,,False,
ACC001698,,False,
ACC001699,,False,
ACC001700,,False,
ACC001701,,False,
ACC001702,,False,
ACC001703,,False,
ACC001704,,False,
ACC001705,,False,
ACC001706,,False,
ACC001707,,False,
ACC001708,,False,
ACC001709,,False,
ACC001710,,False,
ACC001711,,False,
ACC001712,,False,
ACC001713,,False,
ACC001714,,False,
ACC001715,,False,
ACC001716,,False,
ACC001717,,False,
ACC001718,,False,
ACC001719,,False,
ACC001720,,False,
ACC001721,,False,
ACC001722,,False,
ACC001723,,False,
ACC001724,,False,
ACC001725,,False,
ACC001726,,False,
ACC001727,,False,
ACC001728,,False,
ACC001729,,False,
ACC001730,,False,
ACC001731,,False,
ACC001732,,False,
ACC001733,,False,
ACC001734,,False,
ACC001735,,False,
ACC001736,,False,
ACC001737,,False,
ACC001738,,False,
ACC001739,,False,
ACC001740,,False,
ACC001741,,False,
ACC001742,,False,
ACC001743,,False,
ACC001744,,False,
ACC001745,,False,
ACC001746,,False,
ACC001747,,False,
ACC001748,,False,
ACC001749,,False,
ACC001750,,False,
ACC001751,,False,
ACC001752,,False,COINC0035
ACC001753,,False,
ACC001754,,False,
ACC001755,,False,
ACC001756,,False,
ACC001757,,False,
ACC001758,,False,
ACC001759,,False,
ACC001760,,False,
ACC001761,,False,
ACC001762,,False,
ACC001763,,False,
ACC001764,,False,
ACC001765,,False,
ACC001766,,False,
ACC001767,,False,
ACC001768,,False,
ACC001769,,False,
ACC001770,,False,
ACC001771,,False,
ACC001772,,False,
ACC001773,,False,
ACC001774,,False,
ACC001775,,False,
ACC001776,,False,
ACC001777,,False,
ACC001778,,False,
ACC001779,,False,
ACC001780,,False,
ACC001781,,False,
ACC001782,,False,
ACC001783,,False,
ACC001784,,False,
ACC001785,,False,
ACC001786,,False,
ACC001787,,False,
ACC001788,,False,
ACC001789,,False,
ACC001790,,False,
ACC001791,,False,
ACC001792,,False,
ACC001793,,False,
ACC001794,,False,
ACC001795,,False,
ACC001796,,False,
ACC001797,,False,
ACC001798,,False,
ACC001799,,False,
ACC001800,,False,
ACC001801,,False,
ACC001802,,False,
ACC001803,,False,
ACC001804,,False,
ACC001805,,False,
ACC001806,,False,
ACC001807,,False,
ACC001808,,False,
ACC001809,,False,
ACC001810,,False,
ACC001811,,False,
ACC001812,,False,
ACC001813,,False,
ACC001814,,False,
ACC001815,,False,
ACC001816,,False,
ACC001817,,False,
ACC001818,,False,
ACC001819,,False,
ACC001820,,False,
ACC001821,,False,
ACC001822,,False,COINC0044
ACC001823,,False,
ACC001824,,False,
ACC001825,,False,
ACC001826,,False,
ACC001827,,False,
ACC001828,,False,
ACC001829,,False,
ACC001830,,False,
ACC001831,,False,
ACC001832,,False,
ACC001833,,False,
ACC001834,,False,
ACC001835,,False,
ACC001836,,False,
ACC001837,,False,
ACC001838,,False,
ACC001839,,False,
ACC001840,,False,
ACC001841,,False,
ACC001842,,False,
ACC001843,,False,
ACC001844,,False,
ACC001845,,False,
ACC001846,,False,
ACC001847,,False,
ACC001848,,False,
ACC001849,,False,
ACC001850,,False,
ACC001851,,False,
ACC001852,,False,
ACC001853,,False,
ACC001854,,False,
ACC001855,,False,
ACC001856,,False,
ACC001857,,False,COINC0027
ACC001858,,False,
ACC001859,,False,
ACC001860,,False,
ACC001861,,False,
ACC001862,,False,
ACC001863,,False,
ACC001864,,False,
ACC001865,,False,
ACC001866,,False,
ACC001867,,False,
ACC001868,,False,
ACC001869,,False,
ACC001870,,False,
ACC001871,,False,
ACC001872,,False,
ACC001873,,False,
ACC001874,,False,
ACC001875,,False,
ACC001876,,False,
ACC001877,,False,
ACC001878,,False,COINC0048
ACC001879,,False,
ACC001880,,False,
ACC001881,,False,
ACC001882,,False,
ACC001883,,False,
ACC001884,,False,
ACC001885,,False,COINC0005
ACC001886,,False,
ACC001887,,False,
ACC001888,,False,
ACC001889,,False,
ACC001890,,False,
ACC001891,,False,
ACC001892,,False,
ACC001893,,False,
ACC001894,,False,
ACC001895,,False,
ACC001896,,False,
ACC001897,,False,
ACC001898,,False,
ACC001899,,False,
ACC001900,,False,
ACC001901,,False,
ACC001902,,False,
ACC001903,,False,
ACC001904,,False,
ACC001905,,False,
ACC001906,,False,
ACC001907,,False,
ACC001908,,False,
ACC001909,,False,
ACC001910,,False,
ACC001911,,False,
ACC001912,,False,
ACC001913,,False,
ACC001914,,False,
ACC001915,,False,
ACC001916,,False,
ACC001917,,False,
ACC001918,,False,
ACC001919,,False,COINC0037
ACC001920,,False,
ACC001921,,False,
ACC001922,,False,
ACC001923,,False,
ACC001924,,False,
ACC001925,,False,
ACC001926,,False,
ACC001927,,False,
ACC001928,,False,
ACC001929,,False,
ACC001930,,False,
ACC001931,,False,
ACC001932,,False,
ACC001933,,False,
ACC001934,,False,
ACC001935,,False,
ACC001936,,False,
ACC001937,,False,
ACC001938,,False,
ACC001939,,False,
ACC001940,,False,
ACC001941,,False,
ACC001942,,False,
ACC001943,,False,
ACC001944,,False,
ACC001945,,False,
ACC001946,,False,
ACC001947,,False,
ACC001948,,False,
ACC001949,,False,
ACC001950,,False,
ACC001951,,False,
ACC001952,,False,
ACC001953,,False,
ACC001954,,False,
ACC001955,,False,
ACC001956,,False,
ACC001957,,False,
ACC001958,,False,
ACC001959,,False,
ACC001960,,False,
ACC001961,,False,
ACC001962,,False,
ACC001963,,False,
ACC001964,,False,COINC0037
ACC001965,,False,
ACC001966,,False,
ACC001967,,False,
ACC001968,,False,
ACC001969,,False,
ACC001970,,False,
ACC001971,,False,
ACC001972,,False,
ACC001973,,False,
ACC001974,,False,
ACC001975,,False,
ACC001976,,False,
ACC001977,,False,
ACC001978,,False,
ACC001979,,False,
ACC001980,,False,
ACC001981,,False,
ACC001982,,False,
ACC001983,,False,
ACC001984,,False,
ACC001985,,False,
ACC001986,,False,
ACC001987,,False,
ACC001988,,False,
ACC001989,,False,
ACC001990,,False,
ACC001991,,False,
ACC001992,,False,
ACC001993,,False,
ACC001994,,False,
ACC001995,,False,
ACC001996,,False,
ACC001997,,False,
ACC001998,,False,
ACC001999,,False,
ACC002000,,False,
ACC002001,,False,
ACC002002,,False,
ACC002003,,False,
ACC002004,,False,
ACC002005,,False,
ACC002006,,False,
ACC002007,,False,
ACC002008,,False,
ACC002009,,False,
ACC002010,,False,
ACC002011,,False,
ACC002012,,False,
ACC002013,,False,
ACC002014,,False,
ACC002015,,False,
ACC002016,,False,
ACC002017,,False,
ACC002018,,False,
ACC002019,,False,
ACC002020,,False,
ACC002021,,False,
ACC002022,,False,
ACC002023,,False,
ACC002024,,False,
ACC002025,,False,
ACC002026,,False,
ACC002027,,False,
ACC002028,,False,
ACC002029,,False,
ACC002030,,False,
ACC002031,,False,
ACC002032,,False,
ACC002033,,False,
ACC002034,,False,
ACC002035,,False,
ACC002036,,False,
ACC002037,,False,
ACC002038,,False,
ACC002039,,False,
ACC002040,,False,
ACC002041,,False,
ACC002042,,False,
ACC002043,,False,
ACC002044,,False,
ACC002045,,False,COINC0033
ACC002046,,False,
ACC002047,,False,
ACC002048,,False,
ACC002049,,False,
ACC002050,,False,
ACC002051,,False,
ACC002052,,False,
ACC002053,,False,
ACC002054,,False,
ACC002055,,False,
ACC002056,,False,
ACC002057,,False,
ACC002058,,False,
ACC002059,,False,
ACC002060,,False,
ACC002061,,False,
ACC002062,,False,
ACC002063,,False,
ACC002064,,False,
ACC002065,,False,
ACC002066,,False,
ACC002067,,False,
ACC002068,,False,COINC0000
ACC002069,,False,
ACC002070,,False,
ACC002071,,False,
ACC002072,,False,
ACC002073,,False,
ACC002074,,False,
ACC002075,,False,
ACC002076,,False,
ACC002077,,False,
ACC002078,,False,
ACC002079,,False,
ACC002080,,False,
ACC002081,,False,
ACC002082,,False,
ACC002083,,False,
ACC002084,,False,
ACC002085,,False,
ACC002086,,False,
ACC002087,,False,
ACC002088,,False,
ACC002089,,False,
ACC002090,,False,
ACC002091,,False,
ACC002092,,False,
ACC002093,,False,
ACC002094,,False,
ACC002095,,False,
ACC002096,,False,
ACC002097,,False,
ACC002098,,False,
ACC002099,,False,
ACC002100,,False,
ACC002101,,False,
ACC002102,,False,
ACC002103,,False,
ACC002104,,False,
ACC002105,,False,
ACC002106,,False,
ACC002107,,False,
ACC002108,,False,
ACC002109,,False,
ACC002110,,False,
ACC002111,,False,
ACC002112,,False,
ACC002113,,False,
ACC002114,,False,
ACC002115,,False,
ACC002116,,False,
ACC002117,,False,
ACC002118,,False,COINC0049
ACC002119,,False,
ACC002120,,False,
ACC002121,,False,
ACC002122,,False,
ACC002123,,False,
ACC002124,,False,
ACC002125,,False,
ACC002126,,False,
ACC002127,,False,COINC0037
ACC002128,,False,
ACC002129,,False,
ACC002130,,False,
ACC002131,,False,
ACC002132,,False,
ACC002133,,False,
ACC002134,,False,
ACC002135,,False,
ACC002136,,False,
ACC002137,,False,
ACC002138,,False,
ACC002139,,False,
ACC002140,,False,
ACC002141,,False,
ACC002142,,False,
ACC002143,,False,
ACC002144,,False,
ACC002145,,False,
ACC002146,,False,
ACC002147,,False,
ACC002148,,False,
ACC002149,,False,
ACC002150,,False,
ACC002151,,False,
ACC002152,,False,
ACC002153,,False,
ACC002154,,False,
ACC002155,,False,
ACC002156,,False,
ACC002157,,False,
ACC002158,,False,
ACC002159,,False,
ACC002160,,False,COINC0007
ACC002161,,False,
ACC002162,,False,
ACC002163,,False,
ACC002164,,False,
ACC002165,,False,
ACC002166,,False,
ACC002167,,False,
ACC002168,,False,
ACC002169,,False,
ACC002170,,False,
ACC002171,,False,
ACC002172,,False,
ACC002173,,False,
ACC002174,,False,
ACC002175,,False,
ACC002176,,False,
ACC002177,,False,
ACC002178,,False,
ACC002179,,False,
ACC002180,,False,
ACC002181,,False,
ACC002182,,False,
ACC002183,,False,
ACC002184,,False,
ACC002185,,False,
ACC002186,,False,
ACC002187,,False,
ACC002188,,False,COINC0038
ACC002189,,False,
ACC002190,,False,
ACC002191,,False,
ACC002192,,False,
ACC002193,,False,
ACC002194,,False,
ACC002195,,False,
ACC002196,,False,
ACC002197,,False,
ACC002198,,False,
ACC002199,,False,
ACC002200,,False,
ACC002201,,False,
ACC002202,,False,
ACC002203,,False,
ACC002204,,False,
ACC002205,,False,
ACC002206,,False,
ACC002207,,False,
ACC002208,,False,
ACC002209,,False,
ACC002210,,False,
ACC002211,,False,
ACC002212,,False,
ACC002213,,False,
ACC002214,,False,
ACC002215,,False,
ACC002216,,False,
ACC002217,,False,
ACC002218,,False,
ACC002219,,False,
ACC002220,,False,
ACC002221,,False,
ACC002222,,False,
ACC002223,,False,
ACC002224,,False,
ACC002225,,False,
ACC002226,,False,
ACC002227,,False,
ACC002228,,False,
ACC002229,,False,
ACC002230,,False,
ACC002231,,False,
ACC002232,,False,
ACC002233,,False,
ACC002234,,False,
ACC002235,,False,
ACC002236,,False,
ACC002237,,False,
ACC002238,,False,
ACC002239,,False,
ACC002240,,False,
ACC002241,,False,
ACC002242,,False,
ACC002243,,False,
ACC002244,,False,
ACC002245,,False,
ACC002246,,False,
ACC002247,,False,
ACC002248,,False,COINC0029
ACC002249,,False,
ACC002250,,False,
ACC002251,,False,
ACC002252,,False,
ACC002253,,False,
ACC002254,,False,
ACC002255,,False,
ACC002256,,False,
ACC002257,,False,
ACC002258,,False,
ACC002259,,False,
ACC002260,,False,
ACC002261,,False,
ACC002262,,False,
ACC002263,,False,
ACC002264,,False,
ACC002265,,False,
ACC002266,,False,
ACC002267,,False,
ACC002268,,False,
ACC002269,,False,
ACC002270,,False,
ACC002271,,False,
ACC002272,,False,
ACC002273,,False,
ACC002274,,False,
ACC002275,,False,
ACC002276,,False,
ACC002277,,False,
ACC002278,,False,
ACC002279,,False,
ACC002280,,False,
ACC002281,,False,
ACC002282,,False,
ACC002283,,False,
ACC002284,,False,COINC0015
ACC002285,,False,
ACC002286,,False,
ACC002287,,False,COINC0017
ACC002288,,False,
ACC002289,,False,
ACC002290,,False,
ACC002291,,False,
ACC002292,,False,
ACC002293,,False,
ACC002294,,False,
ACC002295,,False,
ACC002296,,False,
ACC002297,,False,
ACC002298,,False,
ACC002299,,False,
ACC002300,,False,
ACC002301,,False,
ACC002302,,False,
ACC002303,,False,
ACC002304,,False,
ACC002305,,False,
ACC002306,,False,
ACC002307,,False,
ACC002308,,False,
ACC002309,,False,
ACC002310,,False,
ACC002311,,False,
ACC002312,,False,
ACC002313,,False,
ACC002314,,False,
ACC002315,,False,
ACC002316,,False,
ACC002317,,False,
ACC002318,,False,
ACC002319,,False,
ACC002320,,False,
ACC002321,,False,
ACC002322,,False,
ACC002323,,False,
ACC002324,,False,
ACC002325,,False,
ACC002326,,False,
ACC002327,,False,
ACC002328,,False,
ACC002329,,False,
ACC002330,,False,
ACC002331,,False,
ACC002332,,False,
ACC002333,,False,COINC0002
ACC002334,,False,
ACC002335,,False,
ACC002336,,False,
ACC002337,,False,
ACC002338,,False,
ACC002339,,False,
ACC002340,,False,
ACC002341,,False,
ACC002342,,False,
ACC002343,,False,
ACC002344,,False,
ACC002345,,False,
ACC002346,,False,
ACC002347,,False,
ACC002348,,False,
ACC002349,,False,
ACC002350,,False,
ACC002351,,False,
ACC002352,,False,
ACC002353,,False,
ACC002354,,False,
ACC002355,,False,
ACC002356,,False,
ACC002357,,False,
ACC002358,,False,
ACC002359,,False,
ACC002360,,False,
ACC002361,,False,COINC0006
ACC002362,,False,
ACC002363,,False,
ACC002364,,False,
ACC002365,,False,
ACC002366,,False,
ACC002367,,False,
ACC002368,,False,
ACC002369,,False,COINC0040
ACC002370,,False,
ACC002371,,False,
ACC002372,,False,
ACC002373,,False,
ACC002374,,False,
ACC002375,,False,
ACC002376,,False,
ACC002377,,False,
ACC002378,,False,
ACC002379,,False,
ACC002380,,False,
ACC002381,,False,
ACC002382,,False,
ACC002383,,False,
ACC002384,,False,COINC0003
ACC002385,,False,
ACC002386,,False,
ACC002387,,False,
ACC002388,,False,
ACC002389,,False,
ACC002390,,False,
ACC002391,,False,
ACC002392,,False,
ACC002393,,False,
ACC002394,,False,
ACC002395,,False,
ACC002396,,False,
ACC002397,,False,
ACC002398,,False,
ACC002399,,False,
ACC002400,,False,
ACC002401,,False,
ACC002402,,False,COINC0002
ACC002403,,False,
ACC002404,,False,
ACC002405,,False,
ACC002406,,False,
ACC002407,,False,
ACC002408,,False,
ACC002409,,False,
ACC002410,,False,
ACC002411,,False,
ACC002412,,False,
ACC002413,,False,
ACC002414,,False,
ACC002415,,False,
ACC002416,,False,
ACC002417,,False,
ACC002418,,False,
ACC002419,,False,
ACC002420,,False,
ACC002421,,False,
ACC002422,,False,
ACC002423,,False,
ACC002424,,False,
ACC002425,,False,
ACC002426,,False,
ACC002427,,False,
ACC002428,,False,
ACC002429,,False,
ACC002430,,False,
ACC002431,,False,COINC0049
ACC002432,,False,
ACC002433,,False,
ACC002434,,False,
ACC002435,,False,
ACC002436,,False,
ACC002437,,False,
ACC002438,,False,
ACC002439,,False,
ACC002440,,False,
ACC002441,,False,
ACC002442,,False,
ACC002443,,False,
ACC002444,,False,
ACC002445,,False,
ACC002446,,False,
ACC002447,,False,
ACC002448,,False,
ACC002449,,False,
ACC002450,,False,
ACC002451,,False,
ACC002452,,False,
ACC002453,,False,
ACC002454,,False,
ACC002455,,False,
ACC002456,,False,COINC0028
ACC002457,,False,
ACC002458,,False,
ACC002459,,False,
ACC002460,,False,
ACC002461,,False,
ACC002462,,False,
ACC002463,,False,
ACC002464,,False,
ACC002465,,False,
ACC002466,,False,
ACC002467,,False,
ACC002468,,False,
ACC002469,,False,
ACC002470,,False,
ACC002471,,False,
ACC002472,,False,
ACC002473,,False,
ACC002474,,False,
ACC002475,,False,
ACC002476,,False,
ACC002477,,False,
ACC002478,,False,
ACC002479,,False,
ACC002480,,False,
ACC002481,,False,
ACC002482,,False,
ACC002483,,False,
ACC002484,,False,
ACC002485,,False,
ACC002486,,False,
ACC002487,,False,
ACC002488,,False,
ACC002489,,False,COINC0030
ACC002490,,False,
ACC002491,,False,
ACC002492,,False,
ACC002493,,False,
ACC002494,,False,
ACC002495,,False,
ACC002496,,False,
ACC002497,,False,
ACC002498,,False,
ACC002499,,False,
ACC002500,,False,
ACC002501,,False,
ACC002502,,False,
ACC002503,,False,
ACC002504,,False,
ACC002505,,False,
ACC002506,,False,
ACC002507,,False,
ACC002508,,False,
ACC002509,,False,
ACC002510,,False,
ACC002511,,False,
ACC002512,,False,
ACC002513,,False,
ACC002514,,False,
ACC002515,,False,
ACC002516,,False,COINC0011
ACC002517,,False,
ACC002518,,False,
ACC002519,,False,
ACC002520,,False,
ACC002521,,False,
ACC002522,,False,
ACC002523,,False,
ACC002524,,False,COINC0013
ACC002525,,False,
ACC002526,,False,
ACC002527,,False,
ACC002528,,False,
ACC002529,,False,
ACC002530,,False,
ACC002531,,False,
ACC002532,,False,
ACC002533,,False,
ACC002534,,False,
ACC002535,,False,
ACC002536,,False,
ACC002537,,False,
ACC002538,,False,
ACC002539,,False,
ACC002540,,False,
ACC002541,,False,
ACC002542,,False,
ACC002543,,False,
ACC002544,,False,
ACC002545,,False,
ACC002546,,False,
ACC002547,,False,
ACC002548,,False,
ACC002549,,False,
ACC002550,,False,
ACC002551,,False,
ACC002552,,False,
ACC002553,,False,
ACC002554,,False,COINC0048
ACC002555,,False,
ACC002556,,False,
ACC002557,,False,
ACC002558,,False,
ACC002559,,False,
ACC002560,,False,
ACC002561,,False,
ACC002562,,False,
ACC002563,,False,
ACC002564,,False,
ACC002565,,False,
ACC002566,,False,
ACC002567,,False,
ACC002568,,False,
ACC002569,,False,
ACC002570,,False,COINC0001
ACC002571,,False,
ACC002572,,False,
ACC002573,,False,
ACC002574,,False,
ACC002575,,False,
ACC002576,,False,
ACC002577,,False,
ACC002578,,False,
ACC002579,,False,
ACC002580,,False,
ACC002581,,False,
ACC002582,,False,
ACC002583,,False,
ACC002584,,False,
ACC002585,,False,
ACC002586,,False,
ACC002587,,False,
ACC002588,,False,
ACC002589,,False,
ACC002590,,False,
ACC002591,,False,
ACC002592,,False,
ACC002593,,False,
ACC002594,,False,
ACC002595,,False,
ACC002596,,False,
ACC002597,,False,
ACC002598,,False,
ACC002599,,False,
ACC002600,,False,
ACC002601,,False,
ACC002602,,False,
ACC002603,,False,
ACC002604,,False,
ACC002605,,False,
ACC002606,,False,
ACC002607,,False,
ACC002608,,False,
ACC002609,,False,
ACC002610,,False,
ACC002611,,False,
ACC002612,,False,
ACC002613,,False,
ACC002614,,False,
ACC002615,,False,
ACC002616,,False,
ACC002617,,False,
ACC002618,,False,
ACC002619,,False,
ACC002620,,False,
ACC002621,,False,
ACC002622,,False,
ACC002623,,False,
ACC002624,,False,
ACC002625,,False,
ACC002626,,False,
ACC002627,,False,
ACC002628,,False,
ACC002629,,False,
ACC002630,,False,
ACC002631,,False,
ACC002632,,False,
ACC002633,,False,
ACC002634,,False,
ACC002635,,False,
ACC002636,,False,
ACC002637,,False,
ACC002638,,False,
ACC002639,,False,
ACC002640,,False,
ACC002641,,False,
ACC002642,,False,
ACC002643,,False,
ACC002644,,False,
ACC002645,,False,
ACC002646,,False,
ACC002647,,False,
ACC002648,,False,
ACC002649,,False,
ACC002650,,False,
ACC002651,,False,COINC0035
ACC002652,,False,
ACC002653,,False,
ACC002654,,False,
ACC002655,,False,
ACC002656,,False,
ACC002657,,False,
ACC002658,,False,
ACC002659,,False,
ACC002660,,False,
ACC002661,,False,
ACC002662,,False,
ACC002663,,False,
ACC002664,,False,
ACC002665,,False,
ACC002666,,False,
ACC002667,,False,
ACC002668,,False,
ACC002669,,False,
ACC002670,,False,
ACC002671,,False,
ACC002672,,False,
ACC002673,,False,
ACC002674,,False,
ACC002675,,False,
ACC002676,,False,
ACC002677,,False,
ACC002678,,False,
ACC002679,,False,
ACC002680,,False,
ACC002681,,False,
ACC002682,,False,
ACC002683,,False,
ACC002684,,False,
ACC002685,,False,
ACC002686,,False,
ACC002687,,False,
ACC002688,,False,
ACC002689,,False,
ACC002690,,False,
ACC002691,,False,
ACC002692,,False,
ACC002693,,False,
ACC002694,,False,
ACC002695,,False,
ACC002696,,False,
ACC002697,,False,
ACC002698,,False,
ACC002699,,False,
ACC002700,,False,
ACC002701,,False,COINC0001
ACC002702,,False,
ACC002703,,False,
ACC002704,,False,
ACC002705,,False,
ACC002706,,False,
ACC002707,,False,
ACC002708,,False,
ACC002709,,False,
ACC002710,,False,
ACC002711,,False,
ACC002712,,False,
ACC002713,,False,
ACC002714,,False,
ACC002715,,False,
ACC002716,,False,
ACC002717,,False,
ACC002718,,False,
ACC002719,,False,
ACC002720,,False,
ACC002721,,False,
ACC002722,,False,
ACC002723,,False,
ACC002724,,False,
ACC002725,,False,
ACC002726,,False,
ACC002727,,False,
ACC002728,,False,
ACC002729,,False,
ACC002730,,False,
ACC002731,,False,
ACC002732,,False,
ACC002733,,False,
ACC002734,,False,
ACC002735,,False,
ACC002736,,False,
ACC002737,,False,
ACC002738,,False,
ACC002739,,False,
ACC002740,,False,COINC0012
ACC002741,,False,
ACC002742,,False,
ACC002743,,False,
ACC002744,,False,
ACC002745,,False,
ACC002746,,False,
ACC002747,,False,
ACC002748,,False,
ACC002749,,False,
ACC002750,,False,
ACC002751,,False,
ACC002752,,False,
ACC002753,,False,
ACC002754,,False,
ACC002755,,False,
ACC002756,,False,
ACC002757,,False,
ACC002758,,False,
ACC002759,,False,
ACC002760,,False,
ACC002761,,False,
ACC002762,,False,
ACC002763,,False,
ACC002764,,False,
ACC002765,,False,
ACC002766,,False,
ACC002767,,False,
ACC002768,,False,
ACC002769,,False,
ACC002770,,False,
ACC002771,,False,
ACC002772,,False,
ACC002773,,False,
ACC002774,,False,
ACC002775,,False,COINC0011
ACC002776,,False,
ACC002777,,False,
ACC002778,,False,
ACC002779,,False,
ACC002780,,False,
ACC002781,,False,
ACC002782,,False,
ACC002783,,False,
ACC002784,,False,
ACC002785,,False,
ACC002786,,False,
ACC002787,,False,
ACC002788,,False,
ACC002789,,False,
ACC002790,,False,
ACC002791,,False,
ACC002792,,False,
ACC002793,,False,
ACC002794,,False,
ACC002795,,False,
ACC002796,,False,
ACC002797,,False,
ACC002798,,False,
ACC002799,,False,
ACC002800,,False,
ACC002801,,False,
ACC002802,,False,
ACC002803,,False,
ACC002804,,False,
ACC002805,,False,
ACC002806,,False,
ACC002807,,False,
ACC002808,,False,
ACC002809,,False,
ACC002810,,False,
ACC002811,,False,
ACC002812,,False,
ACC002813,,False,
ACC002814,,False,
ACC002815,,False,
ACC002816,,False,
ACC002817,,False,
ACC002818,,False,
ACC002819,,False,
ACC002820,,False,
ACC002821,,False,
ACC002822,,False,
ACC002823,,False,
ACC002824,,False,
ACC002825,,False,
ACC002826,,False,
ACC002827,,False,
ACC002828,,False,
ACC002829,,False,
ACC002830,,False,
ACC002831,,False,
ACC002832,,False,
ACC002833,,False,
ACC002834,,False,
ACC002835,,False,
ACC002836,,False,
ACC002837,,False,
ACC002838,,False,
ACC002839,,False,
ACC002840,,False,
ACC002841,,False,
ACC002842,,False,
ACC002843,,False,
ACC002844,,False,
ACC002845,,False,
ACC002846,,False,
ACC002847,,False,
ACC002848,,False,
ACC002849,,False,
ACC002850,,False,
ACC002851,,False,
ACC002852,,False,
ACC002853,,False,
ACC002854,,False,
ACC002855,,False,
ACC002856,,False,
ACC002857,,False,
ACC002858,,False,
ACC002859,,False,
ACC002860,,False,
ACC002861,,False,
ACC002862,,False,
ACC002863,,False,
ACC002864,,False,
ACC002865,,False,
ACC002866,,False,
ACC002867,,False,
ACC002868,,False,
ACC002869,,False,
ACC002870,,False,
ACC002871,,False,
ACC002872,,False,
ACC002873,,False,
ACC002874,,False,
ACC002875,,False,
ACC002876,,False,
ACC002877,,False,
ACC002878,,False,
ACC002879,,False,
ACC002880,,False,
ACC002881,,False,
ACC002882,,False,
ACC002883,,False,
ACC002884,,False,
ACC002885,,False,
ACC002886,,False,
ACC002887,,False,
ACC002888,,False,
ACC002889,,False,
ACC002890,,False,
ACC002891,,False,
ACC002892,,False,
ACC002893,,False,
ACC002894,,False,
ACC002895,,False,
ACC002896,,False,
ACC002897,,False,
ACC002898,,False,
ACC002899,,False,
ACC002900,,False,
ACC002901,,False,
ACC002902,,False,
ACC002903,,False,
ACC002904,,False,
ACC002905,,False,
ACC002906,,False,
ACC002907,,False,
ACC002908,,False,
ACC002909,,False,
ACC002910,,False,
ACC002911,,False,
ACC002912,,False,
ACC002913,,False,
ACC002914,,False,
ACC002915,,False,
ACC002916,,False,
ACC002917,,False,
ACC002918,,False,
ACC002919,,False,
ACC002920,,False,
ACC002921,,False,
ACC002922,,False,
ACC002923,,False,
ACC002924,,False,
ACC002925,,False,
ACC002926,,False,
ACC002927,,False,
ACC002928,,False,
ACC002929,,False,
ACC002930,,False,
ACC002931,,False,
ACC002932,,False,
ACC002933,,False,
ACC002934,,False,
ACC002935,,False,
ACC002936,,False,
ACC002937,,False,
ACC002938,,False,
ACC002939,,False,
ACC002940,,False,
ACC002941,,False,
ACC002942,,False,
ACC002943,,False,
ACC002944,,False,
ACC002945,,False,
ACC002946,,False,
ACC002947,,False,
ACC002948,,False,
ACC002949,,False,
ACC002950,,False,
ACC002951,,False,
ACC002952,,False,
ACC002953,,False,
ACC002954,,False,
ACC002955,,False,
ACC002956,,False,
ACC002957,,False,
ACC002958,,False,
ACC002959,,False,
ACC002960,,False,
ACC002961,,False,
ACC002962,,False,
ACC002963,,False,
ACC002964,,False,
ACC002965,,False,
ACC002966,,False,
ACC002967,,False,
ACC002968,,False,
ACC002969,,False,
ACC002970,,False,
ACC002971,,False,
ACC002972,,False,
ACC002973,,False,
ACC002974,,False,
ACC002975,,False,
ACC002976,,False,
ACC002977,,False,
ACC002978,,False,
ACC002979,,False,
ACC002980,,False,
ACC002981,,False,
ACC002982,,False,
ACC002983,,False,
ACC002984,,False,
ACC002985,,False,
ACC002986,,False,
ACC002987,,False,
ACC002988,,False,
ACC002989,,False,
ACC002990,,False,
ACC002991,,False,
ACC002992,,False,
ACC002993,,False,
ACC002994,,False,
ACC002995,,False,
ACC002996,,False,
ACC002997,,False,
ACC002998,,False,
ACC002999,,False,COINC0014
ACC003000,,False,
ACC003001,,False,
ACC003002,,False,
ACC003003,,False,
ACC003004,,False,
ACC003005,,False,
ACC003006,,False,
ACC003007,,False,
ACC003008,,False,
ACC003009,,False,
ACC003010,,False,
ACC003011,,False,
ACC003012,,False,
ACC003013,,False,
ACC003014,,False,COINC0012
ACC003015,,False,
ACC003016,,False,
ACC003017,,False,
ACC003018,,False,
ACC003019,,False,
ACC003020,,False,
ACC003021,,False,COINC0036
ACC003022,,False,
ACC003023,,False,
ACC003024,,False,
ACC003025,,False,
ACC003026,,False,
ACC003027,,False,
ACC003028,,False,
ACC003029,,False,
ACC003030,,False,
ACC003031,,False,
ACC003032,,False,
ACC003033,,False,
ACC003034,,False,
ACC003035,,False,
ACC003036,,False,
ACC003037,,False,
ACC003038,,False,
ACC003039,,False,
ACC003040,,False,
ACC003041,,False,
ACC003042,,False,
ACC003043,,False,
ACC003044,,False,
ACC003045,,False,
ACC003046,,False,
ACC003047,,False,
ACC003048,,False,
ACC003049,,False,
ACC003050,,False,
ACC003051,,False,
ACC003052,,False,
ACC003053,,False,
ACC003054,,False,
ACC003055,,False,
ACC003056,,False,
ACC003057,,False,
ACC003058,,False,
ACC003059,,False,
ACC003060,,False,
ACC003061,,False,
ACC003062,,False,
ACC003063,,False,
ACC003064,,False,
ACC003065,,False,
ACC003066,,False,
ACC003067,,False,
ACC003068,,False,
ACC003069,,False,
ACC003070,,False,
ACC003071,,False,
ACC003072,,False,
ACC003073,,False,
ACC003074,,False,
ACC003075,,False,
ACC003076,,False,
ACC003077,,False,
ACC003078,,False,
ACC003079,,False,
ACC003080,,False,
ACC003081,,False,
ACC003082,,False,
ACC003083,,False,
ACC003084,,False,
ACC003085,,False,
ACC003086,,False,
ACC003087,,False,
ACC003088,,False,
ACC003089,,False,
ACC003090,,False,
ACC003091,,False,
ACC003092,,False,
ACC003093,,False,
ACC003094,,False,
ACC003095,,False,
ACC003096,,False,
ACC003097,,False,
ACC003098,,False,
ACC003099,,False,
ACC003100,,False,
ACC003101,,False,
ACC003102,,False,
ACC003103,,False,COINC0026
ACC003104,,False,
ACC003105,,False,
ACC003106,,False,
ACC003107,,False,
ACC003108,,False,
ACC003109,,False,
ACC003110,,False,
ACC003111,,False,
ACC003112,,False,
ACC003113,,False,
ACC003114,,False,
ACC003115,,False,
ACC003116,,False,
ACC003117,,False,
ACC003118,,False,
ACC003119,,False,
ACC003120,,False,
ACC003121,,False,
ACC003122,,False,
ACC003123,,False,
ACC003124,,False,
ACC003125,,False,
ACC003126,,False,
ACC003127,,False,
ACC003128,,False,
ACC003129,,False,
ACC003130,,False,
ACC003131,,False,
ACC003132,,False,
ACC003133,,False,
ACC003134,,False,
ACC003135,,False,
ACC003136,,False,
ACC003137,,False,
ACC003138,,False,
ACC003139,,False,
ACC003140,,False,
ACC003141,,False,COINC0016
ACC003142,,False,
ACC003143,,False,
ACC003144,,False,
ACC003145,,False,
ACC003146,,False,
ACC003147,,False,
ACC003148,,False,
ACC003149,,False,
ACC003150,,False,
ACC003151,,False,
ACC003152,,False,
ACC003153,,False,
ACC003154,,False,
ACC003155,,False,
ACC003156,,False,
ACC003157,,False,
ACC003158,,False,
ACC003159,,False,
ACC003160,,False,
ACC003161,,False,
ACC003162,,False,
ACC003163,,False,
ACC003164,,False,
ACC003165,,False,
ACC003166,,False,
ACC003167,,False,
ACC003168,,False,
ACC003169,,False,
ACC003170,,False,
ACC003171,,False,
ACC003172,,False,
ACC003173,,False,
ACC003174,,False,
ACC003175,,False,
ACC003176,,False,
ACC003177,,False,
ACC003178,,False,
ACC003179,,False,
ACC003180,,False,
ACC003181,,False,
ACC003182,,False,
ACC003183,,False,
ACC003184,,False,
ACC003185,,False,
ACC003186,,False,
ACC003187,,False,
ACC003188,,False,
ACC003189,,False,
ACC003190,,False,
ACC003191,,False,
ACC003192,,False,
ACC003193,,False,
ACC003194,,False,
ACC003195,,False,
ACC003196,,False,
ACC003197,,False,
ACC003198,,False,
ACC003199,,False,
ACC003200,,False,
ACC003201,,False,
ACC003202,,False,
ACC003203,,False,
ACC003204,,False,
ACC003205,,False,
ACC003206,,False,
ACC003207,,False,
ACC003208,,False,
ACC003209,,False,
ACC003210,,False,
ACC003211,,False,COINC0010
ACC003212,,False,COINC0019
ACC003213,,False,
ACC003214,,False,
ACC003215,,False,
ACC003216,,False,
ACC003217,,False,
ACC003218,,False,
ACC003219,,False,
ACC003220,,False,
ACC003221,,False,
ACC003222,,False,
ACC003223,,False,
ACC003224,,False,
ACC003225,,False,
ACC003226,,False,
ACC003227,,False,
ACC003228,,False,
ACC003229,,False,
ACC003230,,False,
ACC003231,,False,
ACC003232,,False,
ACC003233,,False,
ACC003234,,False,
ACC003235,,False,
ACC003236,,False,
ACC003237,,False,
ACC003238,,False,
ACC003239,,False,
ACC003240,,False,
ACC003241,,False,
ACC003242,,False,
ACC003243,,False,
ACC003244,,False,
ACC003245,,False,
ACC003246,,False,
ACC003247,,False,
ACC003248,,False,
ACC003249,,False,
ACC003250,,False,
ACC003251,,False,
ACC003252,,False,
ACC003253,,False,
ACC003254,,False,
ACC003255,,False,
ACC003256,,False,COINC0011
ACC003257,,False,
ACC003258,,False,
ACC003259,,False,
ACC003260,,False,
ACC003261,,False,
ACC003262,,False,
ACC003263,,False,
ACC003264,,False,
ACC003265,,False,
ACC003266,,False,
ACC003267,,False,
ACC003268,,False,
ACC003269,,False,
ACC003270,,False,
ACC003271,,False,
ACC003272,,False,
ACC003273,,False,
ACC003274,,False,
ACC003275,,False,
ACC003276,,False,
ACC003277,,False,
ACC003278,,False,
ACC003279,,False,
ACC003280,,False,
ACC003281,,False,
ACC003282,,False,
ACC003283,,False,
ACC003284,,False,COINC0045
ACC003285,,False,
ACC003286,,False,
ACC003287,,False,
ACC003288,,False,
ACC003289,,False,
ACC003290,,False,
ACC003291,,False,
ACC003292,,False,
ACC003293,,False,
ACC003294,,False,
ACC003295,,False,
ACC003296,,False,
ACC003297,,False,
ACC003298,,False,
ACC003299,,False,
ACC003300,,False,
ACC003301,,False,
ACC003302,,False,
ACC003303,,False,
ACC003304,,False,
ACC003305,,False,
ACC003306,,False,
ACC003307,,False,
ACC003308,,False,
ACC003309,,False,
ACC003310,,False,
ACC003311,,False,
ACC003312,,False,
ACC003313,,False,
ACC003314,,False,
ACC003315,,False,
ACC003316,,False,
ACC003317,,False,
ACC003318,,False,
ACC003319,,False,
ACC003320,,False,
ACC003321,,False,
ACC003322,,False,
ACC003323,,False,
ACC003324,,False,
ACC003325,,False,
ACC003326,,False,
ACC003327,,False,
ACC003328,,False,
ACC003329,,False,
ACC003330,,False,
ACC003331,,False,
ACC003332,,False,
ACC003333,,False,
ACC003334,,False,
ACC003335,,False,
ACC003336,,False,
ACC003337,,False,
ACC003338,,False,
ACC003339,,False,
ACC003340,,False,
ACC003341,,False,
ACC003342,,False,
ACC003343,,False,
ACC003344,,False,
ACC003345,,False,
ACC003346,,False,
ACC003347,,False,
ACC003348,,False,
ACC003349,,False,
ACC003350,,False,
ACC003351,,False,
ACC003352,,False,
ACC003353,,False,
ACC003354,,False,
ACC003355,,False,
ACC003356,,False,COINC0025
ACC003357,,False,
ACC003358,,False,
ACC003359,,False,
ACC003360,,False,
ACC003361,,False,
ACC003362,,False,COINC0000
ACC003363,,False,
ACC003364,,False,
ACC003365,,False,
ACC003366,,False,
ACC003367,,False,
ACC003368,,False,
ACC003369,,False,COINC0031
ACC003370,,False,
ACC003371,,False,
ACC003372,,False,
ACC003373,,False,
ACC003374,,False,
ACC003375,,False,
ACC003376,,False,
ACC003377,,False,
ACC003378,,False,
ACC003379,,False,
ACC003380,,False,
ACC003381,,False,
ACC003382,,False,
ACC003383,,False,
ACC003384,,False,
ACC003385,,False,
ACC003386,,False,
ACC003387,,False,
ACC003388,,False,
ACC003389,,False,
ACC003390,,False,
ACC003391,,False,
ACC003392,,False,
ACC003393,,False,
ACC003394,,False,
ACC003395,,False,
ACC003396,,False,
ACC003397,,False,
ACC003398,,False,
ACC003399,,False,
ACC003400,,False,
ACC003401,,False,
ACC003402,,False,
ACC003403,,False,
ACC003404,,False,
ACC003405,,False,
ACC003406,,False,
ACC003407,,False,
ACC003408,,False,
ACC003409,,False,
ACC003410,,False,
ACC003411,,False,
ACC003412,,False,
ACC003413,,False,
ACC003414,,False,
ACC003415,,False,
ACC003416,,False,COINC0033
ACC003417,,False,
ACC003418,,False,
ACC003419,,False,
ACC003420,,False,
ACC003421,,False,
ACC003422,,False,
ACC003423,,False,
ACC003424,,False,
ACC003425,,False,
ACC003426,,False,
ACC003427,,False,
ACC003428,,False,
ACC003429,,False,
ACC003430,,False,
ACC003431,,False,
ACC003432,,False,
ACC003433,,False,
ACC003434,,False,
ACC003435,,False,
ACC003436,,False,
ACC003437,,False,COINC0026
ACC003438,,False,
ACC003439,,False,
ACC003440,,False,
ACC003441,,False,
ACC003442,,False,
ACC003443,,False,
ACC003444,,False,
ACC003445,,False,
ACC003446,,False,
ACC003447,,False,
ACC003448,,False,
ACC003449,,False,
ACC003450,,False,
ACC003451,,False,
ACC003452,,False,
ACC003453,,False,
ACC003454,,False,
ACC003455,,False,
ACC003456,,False,COINC0005
ACC003457,,False,
ACC003458,,False,
ACC003459,,False,
ACC003460,,False,
ACC003461,,False,
ACC003462,,False,
ACC003463,,False,
ACC003464,,False,
ACC003465,,False,
ACC003466,,False,
ACC003467,,False,
ACC003468,,False,
ACC003469,,False,
ACC003470,,False,
ACC003471,,False,
ACC003472,,False,
ACC003473,,False,
ACC003474,,False,
ACC003475,,False,
ACC003476,,False,
ACC003477,,False,
ACC003478,,False,
ACC003479,,False,
ACC003480,,False,
ACC003481,,False,
ACC003482,,False,
ACC003483,,False,
ACC003484,,False,
ACC003485,,False,
ACC003486,,False,
ACC003487,,False,
ACC003488,,False,
ACC003489,,False,
ACC003490,,False,
ACC003491,,False,
ACC003492,,False,
ACC003493,,False,
ACC003494,,False,
ACC003495,,False,
ACC003496,,False,
ACC003497,,False,
ACC003498,,False,
ACC003499,,False,
ACC003500,,False,
ACC003501,,False,
ACC003502,,False,
ACC003503,,False,
ACC003504,,False,
ACC003505,,False,
ACC003506,,False,
ACC003507,,False,
ACC003508,,False,
ACC003509,,False,
ACC003510,,False,
ACC003511,,False,
ACC003512,,False,
ACC003513,,False,
ACC003514,,False,
ACC003515,,False,
ACC003516,,False,
ACC003517,,False,
ACC003518,,False,
ACC003519,,False,
ACC003520,,False,
ACC003521,,False,
ACC003522,,False,
ACC003523,,False,
ACC003524,,False,
ACC003525,,False,
ACC003526,,False,
ACC003527,,False,
ACC003528,,False,
ACC003529,,False,
ACC003530,,False,
ACC003531,,False,
ACC003532,,False,
ACC003533,,False,
ACC003534,,False,
ACC003535,,False,
ACC003536,,False,
ACC003537,,False,
ACC003538,,False,
ACC003539,,False,
ACC003540,,False,
ACC003541,,False,
ACC003542,,False,
ACC003543,,False,
ACC003544,,False,
ACC003545,,False,
ACC003546,,False,
ACC003547,,False,
ACC003548,,False,
ACC003549,,False,
ACC003550,,False,
ACC003551,,False,
ACC003552,,False,
ACC003553,,False,
ACC003554,,False,
ACC003555,,False,
ACC003556,,False,
ACC003557,,False,
ACC003558,,False,
ACC003559,,False,
ACC003560,,False,
ACC003561,,False,
ACC003562,,False,
ACC003563,,False,
ACC003564,,False,
ACC003565,,False,
ACC003566,,False,
ACC003567,,False,
ACC003568,,False,
ACC003569,,False,
ACC003570,,False,
ACC003571,,False,COINC0041
ACC003572,,False,
ACC003573,,False,
ACC003574,,False,
ACC003575,,False,
ACC003576,,False,
ACC003577,,False,
ACC003578,,False,
ACC003579,,False,
ACC003580,,False,
ACC003581,,False,
ACC003582,,False,
ACC003583,,False,
ACC003584,,False,
ACC003585,,False,
ACC003586,,False,
ACC003587,,False,
ACC003588,,False,
ACC003589,,False,
ACC003590,,False,
ACC003591,,False,
ACC003592,,False,
ACC003593,,False,
ACC003594,,False,
ACC003595,,False,
ACC003596,,False,
ACC003597,,False,
ACC003598,,False,
ACC003599,,False,
ACC003600,,False,
ACC003601,,False,
ACC003602,,False,
ACC003603,,False,
ACC003604,,False,
ACC003605,,False,
ACC003606,,False,
ACC003607,,False,
ACC003608,,False,
ACC003609,,False,
ACC003610,,False,
ACC003611,,False,
ACC003612,,False,
ACC003613,,False,
ACC003614,,False,
ACC003615,,False,
ACC003616,,False,
ACC003617,,False,
ACC003618,,False,
ACC003619,,False,
ACC003620,,False,
ACC003621,,False,
ACC003622,,False,
ACC003623,,False,
ACC003624,,False,
ACC003625,,False,
ACC003626,,False,
ACC003627,,False,
ACC003628,,False,
ACC003629,,False,
ACC003630,,False,
ACC003631,,False,
ACC003632,,False,
ACC003633,,False,
ACC003634,,False,
ACC003635,,False,
ACC003636,,False,
ACC003637,,False,
ACC003638,,False,
ACC003639,,False,
ACC003640,,False,
ACC003641,,False,
ACC003642,,False,
ACC003643,,False,
ACC003644,,False,
ACC003645,,False,
ACC003646,,False,
ACC003647,,False,
ACC003648,,False,
ACC003649,,False,
ACC003650,,False,
ACC003651,,False,
ACC003652,,False,
ACC003653,,False,
ACC003654,,False,
ACC003655,,False,
ACC003656,,False,
ACC003657,,False,
ACC003658,,False,
ACC003659,,False,
ACC003660,,False,
ACC003661,,False,
ACC003662,,False,
ACC003663,,False,
ACC003664,,False,
ACC003665,,False,
ACC003666,,False,
ACC003667,,False,
ACC003668,,False,
ACC003669,,False,
ACC003670,,False,
ACC003671,,False,
ACC003672,,False,
ACC003673,,False,
ACC003674,,False,
ACC003675,,False,
ACC003676,,False,
ACC003677,,False,
ACC003678,,False,
ACC003679,,False,
ACC003680,,False,
ACC003681,,False,
ACC003682,,False,
ACC003683,,False,
ACC003684,,False,
ACC003685,,False,
ACC003686,,False,
ACC003687,,False,
ACC003688,,False,
ACC003689,,False,
ACC003690,,False,
ACC003691,,False,
ACC003692,,False,
ACC003693,,False,
ACC003694,,False,
ACC003695,,False,
ACC003696,,False,
ACC003697,,False,
ACC003698,,False,
ACC003699,,False,
ACC003700,,False,
ACC003701,,False,
ACC003702,,False,
ACC003703,,False,COINC0019
ACC003704,,False,
ACC003705,,False,
ACC003706,,False,
ACC003707,,False,
ACC003708,,False,
ACC003709,,False,
ACC003710,,False,
ACC003711,,False,
ACC003712,,False,
ACC003713,,False,
ACC003714,,False,
ACC003715,,False,
ACC003716,,False,
ACC003717,,False,
ACC003718,,False,
ACC003719,,False,
ACC003720,,False,
ACC003721,,False,
ACC003722,,False,
ACC003723,,False,
ACC003724,,False,
ACC003725,,False,
ACC003726,,False,
ACC003727,,False,
ACC003728,,False,
ACC003729,,False,
ACC003730,,False,
ACC003731,,False,
ACC003732,,False,
ACC003733,,False,
ACC003734,,False,
ACC003735,,False,
ACC003736,,False,
ACC003737,,False,
ACC003738,,False,
ACC003739,,False,
ACC003740,,False,
ACC003741,,False,
ACC003742,,False,
ACC003743,,False,
ACC003744,,False,
ACC003745,,False,COINC0023
ACC003746,,False,
ACC003747,,False,
ACC003748,,False,
ACC003749,,False,
ACC003750,,False,
ACC003751,,False,
ACC003752,,False,
ACC003753,,False,
ACC003754,,False,
ACC003755,,False,
ACC003756,,False,
ACC003757,,False,
ACC003758,,False,
ACC003759,,False,COINC0022
ACC003760,,False,
ACC003761,,False,
ACC003762,,False,
ACC003763,,False,
ACC003764,,False,
ACC003765,,False,
ACC003766,,False,
ACC003767,,False,
ACC003768,,False,
ACC003769,,False,
ACC003770,,False,
ACC003771,,False,
ACC003772,,False,
ACC003773,,False,
ACC003774,,False,COINC0043
ACC003775,,False,
ACC003776,,False,
ACC003777,,False,
ACC003778,,False,
ACC003779,,False,
ACC003780,,False,
ACC003781,,False,
ACC003782,,False,
ACC003783,,False,
ACC003784,,False,
ACC003785,,False,
ACC003786,,False,
ACC003787,,False,
ACC003788,,False,
ACC003789,,False,
ACC003790,,False,
ACC003791,,False,
ACC003792,,False,
ACC003793,,False,
ACC003794,,False,
ACC003795,,False,
ACC003796,,False,
ACC003797,,False,
ACC003798,,False,
ACC003799,,False,
ACC003800,,False,
ACC003801,,False,
ACC003802,,False,
ACC003803,,False,
ACC003804,,False,
ACC003805,,False,
ACC003806,,False,
ACC003807,,False,
ACC003808,,False,
ACC003809,,False,
ACC003810,,False,
ACC003811,,False,
ACC003812,,False,
ACC003813,,False,
ACC003814,,False,
ACC003815,,False,COINC0021
ACC003816,,False,
ACC003817,,False,
ACC003818,,False,
ACC003819,,False,
ACC003820,,False,
ACC003821,,False,
ACC003822,,False,
ACC003823,,False,
ACC003824,,False,
ACC003825,,False,
ACC003826,,False,
ACC003827,,False,
ACC003828,,False,
ACC003829,,False,
ACC003830,,False,
ACC003831,,False,
ACC003832,,False,
ACC003833,,False,
ACC003834,,False,
ACC003835,,False,
ACC003836,,False,
ACC003837,,False,
ACC003838,,False,COINC0034
ACC003839,,False,
ACC003840,,False,
ACC003841,,False,
ACC003842,,False,COINC0039
ACC003843,,False,
ACC003844,,False,
ACC003845,,False,
ACC003846,,False,COINC0016
ACC003847,,False,
ACC003848,,False,
ACC003849,,False,
ACC003850,,False,
ACC003851,,False,
ACC003852,,False,
ACC003853,,False,
ACC003854,,False,
ACC003855,,False,
ACC003856,,False,
ACC003857,,False,
ACC003858,,False,
ACC003859,,False,
ACC003860,,False,
ACC003861,,False,
ACC003862,,False,
ACC003863,,False,
ACC003864,,False,
ACC003865,,False,
ACC003866,,False,
ACC003867,,False,
ACC003868,,False,
ACC003869,,False,COINC0020
ACC003870,,False,
ACC003871,,False,
ACC003872,,False,
ACC003873,,False,
ACC003874,,False,
ACC003875,,False,
ACC003876,,False,COINC0009
ACC003877,,False,COINC0003
ACC003878,,False,
ACC003879,,False,
ACC003880,,False,
ACC003881,,False,
ACC003882,,False,
ACC003883,,False,
ACC003884,,False,
ACC003885,,False,
ACC003886,,False,
ACC003887,,False,
ACC003888,,False,
ACC003889,,False,
ACC003890,,False,
ACC003891,,False,
ACC003892,,False,
ACC003893,,False,
ACC003894,,False,
ACC003895,,False,
ACC003896,,False,
ACC003897,,False,
ACC003898,,False,
ACC003899,,False,
ACC003900,,False,
ACC003901,,False,
ACC003902,,False,
ACC003903,,False,
ACC003904,,False,
ACC003905,,False,
ACC003906,,False,
ACC003907,,False,
ACC003908,,False,
ACC003909,,False,
ACC003910,,False,
ACC003911,,False,
ACC003912,,False,
ACC003913,,False,
ACC003914,,False,
ACC003915,,False,
ACC003916,,False,
ACC003917,,False,
ACC003918,,False,
ACC003919,,False,
ACC003920,,False,
ACC003921,,False,
ACC003922,,False,
ACC003923,,False,
ACC003924,,False,
ACC003925,,False,
ACC003926,,False,
ACC003927,,False,
ACC003928,,False,
ACC003929,,False,
ACC003930,,False,
ACC003931,,False,
ACC003932,,False,
ACC003933,,False,
ACC003934,,False,
ACC003935,,False,
ACC003936,,False,
ACC003937,,False,
ACC003938,,False,
ACC003939,,False,
ACC003940,,False,
ACC003941,,False,
ACC003942,,False,
ACC003943,,False,
ACC003944,,False,
ACC003945,,False,
ACC003946,,False,
ACC003947,,False,
ACC003948,,False,
ACC003949,,False,
ACC003950,,False,
ACC003951,,False,
ACC003952,,False,
ACC003953,,False,
ACC003954,,False,
ACC003955,,False,
ACC003956,,False,
ACC003957,,False,
ACC003958,,False,
ACC003959,,False,
ACC003960,,False,
ACC003961,,False,
ACC003962,,False,
ACC003963,,False,
ACC003964,,False,
ACC003965,,False,
ACC003966,,False,
ACC003967,,False,
ACC003968,,False,
ACC003969,,False,
ACC003970,,False,
ACC003971,,False,
ACC003972,,False,
ACC003973,,False,
ACC003974,,False,
ACC003975,,False,
ACC003976,,False,
ACC003977,,False,
ACC003978,,False,
ACC003979,,False,
ACC003980,,False,
ACC003981,,False,
ACC003982,,False,
ACC003983,,False,
ACC003984,,False,
ACC003985,,False,
ACC003986,,False,
ACC003987,,False,
ACC003988,,False,
ACC003989,,False,
ACC003990,,False,
ACC003991,,False,
ACC003992,,False,
ACC003993,,False,
ACC003994,,False,
ACC003995,,False,
ACC003996,,False,
ACC003997,,False,
ACC003998,,False,
ACC003999,,False,
ACC004000,,False,
ACC004001,,False,
ACC004002,,False,
ACC004003,,False,
ACC004004,,False,
ACC004005,,False,
ACC004006,,False,
ACC004007,,False,
ACC004008,,False,
ACC004009,,False,
ACC004010,,False,
ACC004011,,False,
ACC004012,,False,
ACC004013,,False,
ACC004014,,False,
ACC004015,,False,
ACC004016,,False,
ACC004017,,False,
ACC004018,,False,
ACC004019,,False,
ACC004020,,False,
ACC004021,,False,
ACC004022,,False,
ACC004023,,False,
ACC004024,,False,
ACC004025,,False,
ACC004026,,False,
ACC004027,,False,
ACC004028,,False,
ACC004029,,False,
ACC004030,,False,
ACC004031,,False,
ACC004032,,False,
ACC004033,,False,
ACC004034,,False,
ACC004035,,False,
ACC004036,,False,
ACC004037,,False,
ACC004038,,False,
ACC004039,,False,
ACC004040,,False,
ACC004041,,False,
ACC004042,,False,
ACC004043,,False,
ACC004044,,False,
ACC004045,,False,
ACC004046,,False,
ACC004047,,False,
ACC004048,,False,
ACC004049,,False,
ACC004050,,False,
ACC004051,,False,
ACC004052,,False,
ACC004053,,False,
ACC004054,,False,
ACC004055,,False,
ACC004056,,False,
ACC004057,,False,
ACC004058,,False,
ACC004059,,False,
ACC004060,,False,
ACC004061,,False,
ACC004062,,False,
ACC004063,,False,
ACC004064,,False,
ACC004065,,False,
ACC004066,,False,
ACC004067,,False,
ACC004068,,False,COINC0038
ACC004069,,False,
ACC004070,,False,
ACC004071,,False,
ACC004072,,False,
ACC004073,,False,
ACC004074,,False,
ACC004075,,False,
ACC004076,,False,
ACC004077,,False,
ACC004078,,False,
ACC004079,,False,
ACC004080,,False,
ACC004081,,False,
ACC004082,,False,
ACC004083,,False,
ACC004084,,False,
ACC004085,,False,
ACC004086,,False,
ACC004087,,False,
ACC004088,,False,
ACC004089,,False,
ACC004090,,False,
ACC004091,,False,
ACC004092,,False,
ACC004093,,False,
ACC004094,,False,
ACC004095,,False,
ACC004096,,False,
ACC004097,,False,
ACC004098,,False,
ACC004099,,False,
ACC004100,,False,
ACC004101,,False,
ACC004102,,False,
ACC004103,,False,
ACC004104,,False,
ACC004105,,False,
ACC004106,,False,
ACC004107,,False,
ACC004108,,False,
ACC004109,,False,
ACC004110,,False,
ACC004111,,False,
ACC004112,,False,
ACC004113,,False,
ACC004114,,False,
ACC004115,,False,
ACC004116,,False,
ACC004117,,False,
ACC004118,,False,
ACC004119,,False,
ACC004120,,False,
ACC004121,,False,
ACC004122,,False,
ACC004123,,False,
ACC004124,,False,
ACC004125,,False,
ACC004126,,False,
ACC004127,,False,
ACC004128,,False,
ACC004129,,False,
ACC004130,,False,
ACC004131,,False,
ACC004132,,False,
ACC004133,,False,
ACC004134,,False,
ACC004135,,False,
ACC004136,,False,
ACC004137,,False,
ACC004138,,False,
ACC004139,,False,
ACC004140,,False,
ACC004141,,False,
ACC004142,,False,
ACC004143,,False,
ACC004144,,False,
ACC004145,,False,
ACC004146,,False,
ACC004147,,False,
ACC004148,,False,
ACC004149,,False,
ACC004150,,False,
ACC004151,,False,
ACC004152,,False,
ACC004153,,False,
ACC004154,,False,
ACC004155,,False,
ACC004156,,False,
ACC004157,,False,
ACC004158,,False,
ACC004159,,False,
ACC004160,,False,
ACC004161,,False,
ACC004162,,False,COINC0002
ACC004163,,False,
ACC004164,,False,
ACC004165,,False,
ACC004166,,False,
ACC004167,,False,
ACC004168,,False,
ACC004169,,False,
ACC004170,,False,
ACC004171,,False,
ACC004172,,False,
ACC004173,,False,
ACC004174,,False,
ACC004175,,False,
ACC004176,,False,
ACC004177,,False,
ACC004178,,False,
ACC004179,,False,
ACC004180,,False,
ACC004181,,False,
ACC004182,,False,
ACC004183,,False,
ACC004184,,False,
ACC004185,,False,
ACC004186,,False,
ACC004187,,False,
ACC004188,,False,
ACC004189,,False,
ACC004190,,False,
ACC004191,,False,
ACC004192,,False,
ACC004193,,False,
ACC004194,,False,
ACC004195,,False,
ACC004196,,False,
ACC004197,,False,
ACC004198,,False,
ACC004199,,False,
ACC004200,,False,
ACC004201,,False,
ACC004202,,False,
ACC004203,,False,
ACC004204,,False,
ACC004205,,False,
ACC004206,,False,
ACC004207,,False,
ACC004208,,False,
ACC004209,,False,
ACC004210,,False,
ACC004211,,False,
ACC004212,,False,
ACC004213,,False,
ACC004214,,False,
ACC004215,,False,
ACC004216,,False,
ACC004217,,False,
ACC004218,,False,
ACC004219,,False,
ACC004220,,False,
ACC004221,,False,
ACC004222,,False,
ACC004223,,False,
ACC004224,,False,
ACC004225,,False,
ACC004226,,False,
ACC004227,,False,
ACC004228,,False,
ACC004229,,False,
ACC004230,,False,
ACC004231,,False,
ACC004232,,False,
ACC004233,,False,
ACC004234,,False,
ACC004235,,False,
ACC004236,,False,
ACC004237,,False,
ACC004238,,False,
ACC004239,,False,
ACC004240,,False,
ACC004241,,False,
ACC004242,,False,
ACC004243,,False,
ACC004244,,False,
ACC004245,,False,
ACC004246,,False,
ACC004247,,False,
ACC004248,,False,
ACC004249,,False,
ACC004250,,False,
ACC004251,,False,
ACC004252,,False,
ACC004253,,False,
ACC004254,,False,
ACC004255,,False,
ACC004256,,False,
ACC004257,,False,
ACC004258,,False,
ACC004259,,False,
ACC004260,,False,
ACC004261,,False,
ACC004262,,False,
ACC004263,,False,
ACC004264,,False,
ACC004265,,False,
ACC004266,,False,
ACC004267,,False,
ACC004268,,False,
ACC004269,,False,
ACC004270,,False,
ACC004271,,False,
ACC004272,,False,
ACC004273,,False,
ACC004274,,False,
ACC004275,,False,
ACC004276,,False,
ACC004277,,False,
ACC004278,,False,
ACC004279,,False,
ACC004280,,False,
ACC004281,,False,
ACC004282,,False,COINC0013
ACC004283,,False,
ACC004284,,False,
ACC004285,,False,
ACC004286,,False,
ACC004287,,False,
ACC004288,,False,
ACC004289,,False,
ACC004290,,False,
ACC004291,,False,
ACC004292,,False,
ACC004293,,False,
ACC004294,,False,
ACC004295,,False,
ACC004296,,False,
ACC004297,,False,
ACC004298,,False,
ACC004299,,False,
ACC004300,,False,
ACC004301,,False,
ACC004302,,False,COINC0027
ACC004303,,False,
ACC004304,,False,
ACC004305,,False,COINC0013
ACC004306,,False,
ACC004307,,False,
ACC004308,,False,
ACC004309,,False,
ACC004310,,False,
ACC004311,,False,
ACC004312,,False,
ACC004313,,False,
ACC004314,,False,
ACC004315,,False,
ACC004316,,False,
ACC004317,,False,
ACC004318,,False,
ACC004319,,False,
ACC004320,,False,
ACC004321,,False,
ACC004322,,False,
ACC004323,,False,
ACC004324,,False,
ACC004325,,False,
ACC004326,,False,
ACC004327,,False,
ACC004328,,False,
ACC004329,,False,
ACC004330,,False,
ACC004331,,False,
ACC004332,,False,
ACC004333,,False,
ACC004334,,False,
ACC004335,,False,
ACC004336,,False,
ACC004337,,False,
ACC004338,,False,
ACC004339,,False,
ACC004340,,False,
ACC004341,,False,
ACC004342,,False,
ACC004343,,False,
ACC004344,,False,
ACC004345,,False,
ACC004346,,False,
ACC004347,,False,
ACC004348,,False,
ACC004349,,False,
ACC004350,,False,
ACC004351,,False,
ACC004352,,False,
ACC004353,,False,
ACC004354,,False,
ACC004355,,False,
ACC004356,,False,
ACC004357,,False,
ACC004358,,False,
ACC004359,,False,
ACC004360,,False,
ACC004361,,False,
ACC004362,,False,COINC0037
ACC004363,,False,
ACC004364,,False,
ACC004365,,False,
ACC004366,,False,
ACC004367,,False,
ACC004368,,False,
ACC004369,,False,
ACC004370,,False,
ACC004371,,False,
ACC004372,,False,
ACC004373,,False,
ACC004374,,False,
ACC004375,,False,
ACC004376,,False,
ACC004377,,False,
ACC004378,,False,
ACC004379,,False,
ACC004380,,False,
ACC004381,,False,COINC0008
ACC004382,,False,
ACC004383,,False,
ACC004384,,False,
ACC004385,,False,
ACC004386,,False,
ACC004387,,False,
ACC004388,,False,
ACC004389,,False,
ACC004390,,False,
ACC004391,,False,
ACC004392,,False,
ACC004393,,False,
ACC004394,,False,
ACC004395,,False,
ACC004396,,False,
ACC004397,,False,
ACC004398,,False,
ACC004399,,False,
ACC004400,,False,
ACC004401,,False,
ACC004402,,False,
ACC004403,,False,
ACC004404,,False,
ACC004405,,False,
ACC004406,,False,
ACC004407,,False,
ACC004408,,False,
ACC004409,,False,
ACC004410,,False,
ACC004411,,False,
ACC004412,,False,
ACC004413,,False,
ACC004414,,False,
ACC004415,,False,
ACC004416,,False,
ACC004417,,False,
ACC004418,,False,
ACC004419,,False,
ACC004420,,False,
ACC004421,,False,
ACC004422,,False,
ACC004423,,False,
ACC004424,,False,
ACC004425,,False,
ACC004426,,False,
ACC004427,,False,
ACC004428,,False,
ACC004429,,False,
ACC004430,,False,
ACC004431,,False,
ACC004432,,False,
ACC004433,,False,
ACC004434,,False,
ACC004435,,False,
ACC004436,,False,
ACC004437,,False,
ACC004438,,False,
ACC004439,,False,
ACC004440,,False,
ACC004441,,False,
ACC004442,,False,
ACC004443,,False,
ACC004444,,False,COINC0004
ACC004445,,False,
ACC004446,,False,
ACC004447,,False,
ACC004448,,False,
ACC004449,,False,
ACC004450,,False,
ACC004451,,False,
ACC004452,,False,COINC0022
ACC004453,,False,
ACC004454,,False,
ACC004455,,False,
ACC004456,,False,
ACC004457,,False,
ACC004458,,False,
ACC004459,,False,
ACC004460,,False,
ACC004461,,False,
ACC004462,,False,
ACC004463,,False,
ACC004464,,False,
ACC004465,,False,COINC0020
ACC004466,,False,
ACC004467,,False,
ACC004468,,False,
ACC004469,,False,
ACC004470,,False,
ACC004471,,False,
ACC004472,,False,
ACC004473,,False,
ACC004474,,False,
ACC004475,,False,
ACC004476,,False,
ACC004477,,False,
ACC004478,,False,
ACC004479,,False,
ACC004480,,False,
ACC004481,,False,
ACC004482,,False,
ACC004483,,False,
ACC004484,,False,
ACC004485,,False,
ACC004486,,False,
ACC004487,,False,
ACC004488,,False,
ACC004489,,False,
ACC004490,,False,
ACC004491,,False,
ACC004492,,False,
ACC004493,,False,
ACC004494,,False,
ACC004495,,False,
ACC004496,,False,
ACC004497,,False,
ACC004498,,False,
ACC004499,,False,
ACC004500,,False,
ACC004501,,False,
ACC004502,,False,
ACC004503,,False,
ACC004504,,False,
ACC004505,,False,
ACC004506,,False,
ACC004507,,False,
ACC004508,,False,
ACC004509,,False,
ACC004510,,False,
ACC004511,,False,
ACC004512,,False,
ACC004513,,False,
ACC004514,,False,
ACC004515,,False,
ACC004516,,False,
ACC004517,,False,
ACC004518,,False,
ACC004519,,False,
ACC004520,,False,
ACC004521,,False,
ACC004522,,False,
ACC004523,,False,
ACC004524,,False,
ACC004525,,False,
ACC004526,,False,
ACC004527,,False,
ACC004528,,False,
ACC004529,,False,
ACC004530,,False,
ACC004531,,False,
ACC004532,,False,
ACC004533,,False,
ACC004534,,False,
ACC004535,,False,
ACC004536,,False,
ACC004537,,False,
ACC004538,,False,
ACC004539,,False,
ACC004540,,False,
ACC004541,,False,
ACC004542,,False,
ACC004543,,False,
ACC004544,,False,
ACC004545,,False,
ACC004546,,False,
ACC004547,,False,
ACC004548,,False,
ACC004549,,False,
ACC004550,,False,
ACC004551,,False,
ACC004552,,False,
ACC004553,,False,
ACC004554,,False,COINC0028
ACC004555,,False,
ACC004556,,False,
ACC004557,,False,
ACC004558,,False,
ACC004559,,False,
ACC004560,,False,
ACC004561,,False,COINC0023
ACC004562,,False,
ACC004563,,False,
ACC004564,,False,
ACC004565,,False,
ACC004566,,False,
ACC004567,,False,
ACC004568,,False,
ACC004569,,False,COINC0020
ACC004570,,False,
ACC004571,,False,
ACC004572,,False,
ACC004573,,False,
ACC004574,,False,
ACC004575,,False,
ACC004576,,False,
ACC004577,,False,
ACC004578,,False,
ACC004579,,False,
ACC004580,,False,
ACC004581,,False,
ACC004582,,False,
ACC004583,,False,
ACC004584,,False,
ACC004585,,False,
ACC004586,,False,
ACC004587,,False,COINC0035
ACC004588,,False,
ACC004589,,False,
ACC004590,,False,
ACC004591,,False,
ACC004592,,False,
ACC004593,,False,
ACC004594,,False,
ACC004595,,False,
ACC004596,,False,
ACC004597,,False,
ACC004598,,False,
ACC004599,,False,
ACC004600,,False,
ACC004601,,False,
ACC004602,,False,
ACC004603,,False,
ACC004604,,False,
ACC004605,,False,
ACC004606,,False,
ACC004607,,False,
ACC004608,,False,
ACC004609,,False,
ACC004610,,False,
ACC004611,,False,
ACC004612,,False,
ACC004613,,False,
ACC004614,,False,
ACC004615,,False,
ACC004616,,False,
ACC004617,,False,
ACC004618,,False,
ACC004619,,False,
ACC004620,,False,
ACC004621,,False,
ACC004622,,False,
ACC004623,,False,
ACC004624,,False,
ACC004625,,False,
ACC004626,,False,
ACC004627,,False,
ACC004628,,False,
ACC004629,,False,
ACC004630,,False,
ACC004631,,False,
ACC004632,,False,
ACC004633,,False,
ACC004634,,False,
ACC004635,,False,
ACC004636,,False,
ACC004637,,False,
ACC004638,,False,
ACC004639,,False,
ACC004640,,False,
ACC004641,,False,
ACC004642,,False,
ACC004643,,False,
ACC004644,,False,
ACC004645,,False,
ACC004646,,False,
ACC004647,,False,
ACC004648,,False,
ACC004649,,False,
ACC004650,,False,
ACC004651,,False,
ACC004652,,False,
ACC004653,,False,
ACC004654,,False,
ACC004655,,False,
ACC004656,,False,
ACC004657,,False,
ACC004658,,False,
ACC004659,,False,
ACC004660,,False,
ACC004661,,False,
ACC004662,,False,COINC0043
ACC004663,,False,
ACC004664,,False,
ACC004665,,False,
ACC004666,,False,
ACC004667,,False,
ACC004668,,False,
ACC004669,,False,
ACC004670,,False,
ACC004671,,False,
ACC004672,,False,
ACC004673,,False,
ACC004674,,False,
ACC004675,,False,
ACC004676,,False,
ACC004677,,False,
ACC004678,,False,
ACC004679,,False,
ACC004680,,False,
ACC004681,,False,
ACC004682,,False,
ACC004683,,False,
ACC004684,,False,
ACC004685,,False,
ACC004686,,False,
ACC004687,,False,
ACC004688,,False,
ACC004689,,False,COINC0030
ACC004690,,False,
ACC004691,,False,
ACC004692,,False,
ACC004693,,False,
ACC004694,,False,
ACC004695,,False,
ACC004696,,False,COINC0018
ACC004697,,False,
ACC004698,,False,
ACC004699,,False,
ACC004700,,False,
ACC004701,,False,
ACC004702,,False,
ACC004703,,False,
ACC004704,,False,
ACC004705,,False,
ACC004706,,False,
ACC004707,,False,
ACC004708,,False,
ACC004709,,False,
ACC004710,,False,
ACC004711,,False,
ACC004712,,False,
ACC004713,,False,
ACC004714,,False,
ACC004715,,False,
ACC004716,,False,
ACC004717,,False,
ACC004718,,False,
ACC004719,,False,
ACC004720,,False,
ACC004721,,False,
ACC004722,,False,
ACC004723,,False,
ACC004724,,False,
ACC004725,,False,
ACC004726,,False,
ACC004727,,False,
ACC004728,,False,
ACC004729,,False,
ACC004730,,False,
ACC004731,,False,
ACC004732,,False,
ACC004733,,False,
ACC004734,,False,
ACC004735,,False,
ACC004736,,False,
ACC004737,,False,
ACC004738,,False,
ACC004739,,False,
ACC004740,,False,
ACC004741,,False,
ACC004742,,False,
ACC004743,,False,
ACC004744,,False,
ACC004745,,False,
ACC004746,,False,
ACC004747,,False,
ACC004748,,False,
ACC004749,,False,
ACC004750,,False,
ACC004751,,False,
ACC004752,,False,
ACC004753,,False,
ACC004754,,False,
ACC004755,,False,
ACC004756,,False,
ACC004757,,False,
ACC004758,,False,
ACC004759,,False,
ACC004760,,False,
ACC004761,,False,
ACC004762,,False,
ACC004763,,False,
ACC004764,,False,
ACC004765,,False,
ACC004766,,False,
ACC004767,,False,
ACC004768,,False,
ACC004769,,False,
ACC004770,,False,
ACC004771,,False,
ACC004772,,False,
ACC004773,,False,
ACC004774,,False,
ACC004775,,False,
ACC004776,,False,
ACC004777,,False,
ACC004778,,False,
ACC004779,,False,
ACC004780,,False,
ACC004781,,False,
ACC004782,,False,
ACC004783,,False,
ACC004784,,False,
ACC004785,,False,
ACC004786,,False,
ACC004787,,False,
ACC004788,,False,
ACC004789,,False,
ACC004790,,False,COINC0047
ACC004791,,False,
ACC004792,,False,
ACC004793,,False,
ACC004794,,False,
ACC004795,,False,
ACC004796,,False,COINC0044
ACC004797,,False,
ACC004798,,False,
ACC004799,,False,
ACC004800,,False,
ACC004801,,False,
ACC004802,,False,
ACC004803,,False,
ACC004804,,False,
ACC004805,,False,
ACC004806,,False,
ACC004807,,False,
ACC004808,,False,
ACC004809,,False,
ACC004810,,False,
ACC004811,,False,
ACC004812,,False,
ACC004813,,False,
ACC004814,,False,
ACC004815,,False,
ACC004816,,False,
ACC004817,,False,
ACC004818,,False,
ACC004819,,False,
ACC004820,,False,
ACC004821,,False,
ACC004822,,False,COINC0000
ACC004823,,False,
ACC004824,,False,
ACC004825,,False,
ACC004826,,False,
ACC004827,,False,
ACC004828,,False,
ACC004829,,False,
ACC004830,,False,
ACC004831,,False,
ACC004832,,False,
ACC004833,,False,
ACC004834,,False,
ACC004835,,False,
ACC004836,,False,
ACC004837,,False,
ACC004838,,False,
ACC004839,,False,COINC0010
ACC004840,,False,
ACC004841,,False,
ACC004842,,False,
ACC004843,,False,COINC0004
ACC004844,,False,
ACC004845,,False,
ACC004846,,False,
ACC004847,,False,COINC0014
ACC004848,,False,
ACC004849,,False,
ACC004850,,False,
ACC004851,,False,
ACC004852,,False,
ACC004853,,False,
ACC004854,,False,
ACC004855,,False,
ACC004856,,False,
ACC004857,,False,
ACC004858,,False,
ACC004859,,False,
ACC004860,,False,
ACC004861,,False,
ACC004862,,False,
ACC004863,,False,
ACC004864,,False,
ACC004865,,False,
ACC004866,,False,
ACC004867,,False,
ACC004868,,False,
ACC004869,,False,
ACC004870,,False,
ACC004871,,False,
ACC004872,,False,
ACC004873,,False,
ACC004874,,False,
ACC004875,,False,
ACC004876,,False,
ACC004877,,False,
ACC004878,,False,
ACC004879,,False,
ACC004880,,False,
ACC004881,,False,
ACC004882,,False,
ACC004883,,False,
ACC004884,,False,
ACC004885,,False,
ACC004886,,False,
ACC004887,,False,
ACC004888,,False,
ACC004889,,False,
ACC004890,,False,
ACC004891,,False,
ACC004892,,False,
ACC004893,,False,
ACC004894,,False,
ACC004895,,False,
ACC004896,,False,
ACC004897,,False,
ACC004898,,False,
ACC004899,,False,
ACC004900,,False,
ACC004901,,False,
ACC004902,,False,
ACC004903,,False,
ACC004904,,False,
ACC004905,,False,
ACC004906,,False,
ACC004907,,False,
ACC004908,,False,
ACC004909,,False,
ACC004910,,False,
ACC004911,,False,
ACC004912,,False,
ACC004913,,False,
ACC004914,,False,
ACC004915,,False,
ACC004916,,False,
ACC004917,,False,
ACC004918,,False,
ACC004919,,False,
ACC004920,,False,
ACC004921,,False,
ACC004922,,False,
ACC004923,,False,
ACC004924,,False,
ACC004925,,False,
ACC004926,,False,
ACC004927,,False,
ACC004928,,False,
ACC004929,,False,
ACC004930,,False,
ACC004931,,False,
ACC004932,,False,
ACC004933,,False,
ACC004934,,False,
ACC004935,,False,
ACC004936,,False,
ACC004937,,False,
ACC004938,,False,
ACC004939,,False,
ACC004940,,False,
ACC004941,,False,
ACC004942,,False,
ACC004943,,False,
ACC004944,,False,
ACC004945,,False,
ACC004946,,False,
ACC004947,,False,
ACC004948,,False,
ACC004949,,False,
ACC004950,,False,
ACC004951,,False,
ACC004952,,False,
ACC004953,,False,
ACC004954,,False,
ACC004955,,False,
ACC004956,,False,
ACC004957,,False,
ACC004958,,False,
ACC004959,,False,
ACC004960,,False,
ACC004961,,False,
ACC004962,,False,
ACC004963,,False,
ACC004964,,False,
ACC004965,,False,
ACC004966,,False,
ACC004967,,False,
ACC004968,,False,
ACC004969,,False,
ACC004970,,False,
ACC004971,,False,
ACC004972,,False,
ACC004973,,False,
ACC004974,,False,
ACC004975,,False,
ACC004976,,False,
ACC004977,,False,
ACC004978,,False,
ACC004979,,False,
ACC004980,,False,
ACC004981,,False,
ACC004982,,False,
ACC004983,,False,
ACC004984,,False,
ACC004985,,False,
ACC004986,,False,
ACC004987,,False,
ACC004988,,False,
ACC004989,,False,
ACC004990,,False,
ACC004991,,False,
ACC004992,,False,
ACC004993,,False,
ACC004994,,False,
ACC004995,,False,
ACC004996,,False,
ACC004997,,False,
ACC004998,,False,
ACC004999,,False,
ACC005000,,False,
ACC005001,,False,
ACC005002,,False,
ACC005003,,False,
ACC005004,,False,
ACC005005,,False,
ACC005006,,False,
ACC005007,,False,
ACC005008,,False,
ACC005009,,False,
ACC005010,,False,
ACC005011,,False,
ACC005012,,False,
ACC005013,,False,
ACC005014,,False,
ACC005015,,False,
ACC005016,,False,
ACC005017,,False,
ACC005018,,False,
ACC005019,,False,
ACC005020,,False,COINC0042
ACC005021,,False,
ACC005022,,False,
ACC005023,,False,
ACC005024,,False,
ACC005025,,False,
ACC005026,,False,
ACC005027,,False,
ACC005028,,False,
ACC005029,,False,
ACC005030,,False,
ACC005031,,False,
ACC005032,,False,
ACC005033,,False,
ACC005034,,False,
ACC005035,,False,
ACC005036,,False,
ACC005037,,False,
ACC005038,,False,
ACC005039,,False,
ACC005040,,False,
ACC005041,,False,
ACC005042,,False,
ACC005043,,False,
ACC005044,,False,
ACC005045,,False,
ACC005046,,False,
ACC005047,,False,
ACC005048,,False,
ACC005049,,False,
ACC005050,,False,
ACC005051,,False,
ACC005052,,False,
ACC005053,,False,
ACC005054,,False,
ACC005055,,False,
ACC005056,,False,
ACC005057,,False,
ACC005058,,False,
ACC005059,,False,
ACC005060,,False,
ACC005061,,False,
ACC005062,,False,
ACC005063,,False,
ACC005064,,False,
ACC005065,,False,
ACC005066,,False,
ACC005067,,False,
ACC005068,,False,
ACC005069,,False,
ACC005070,,False,
ACC005071,,False,
ACC005072,,False,
ACC005073,,False,
ACC005074,,False,
ACC005075,,False,
ACC005076,,False,
ACC005077,,False,
ACC005078,,False,
ACC005079,,False,
ACC005080,,False,
ACC005081,,False,
ACC005082,,False,
ACC005083,,False,
ACC005084,,False,
ACC005085,,False,
ACC005086,,False,
ACC005087,,False,
ACC005088,,False,
ACC005089,,False,
ACC005090,,False,
ACC005091,,False,
ACC005092,,False,
ACC005093,,False,
ACC005094,,False,
ACC005095,,False,
ACC005096,,False,
ACC005097,,False,
ACC005098,,False,
ACC005099,,False,
ACC005100,,False,
ACC005101,,False,
ACC005102,,False,
ACC005103,,False,
ACC005104,,False,
ACC005105,,False,
ACC005106,,False,
ACC005107,,False,
ACC005108,,False,
ACC005109,,False,
ACC005110,,False,
ACC005111,,False,
ACC005112,,False,
ACC005113,,False,
ACC005114,,False,
ACC005115,,False,
ACC005116,,False,
ACC005117,,False,
ACC005118,,False,
ACC005119,,False,
ACC005120,,False,
ACC005121,,False,
ACC005122,,False,
ACC005123,,False,
ACC005124,,False,
ACC005125,,False,
ACC005126,,False,
ACC005127,,False,
ACC005128,,False,
ACC005129,,False,
ACC005130,,False,
ACC005131,,False,
ACC005132,,False,
ACC005133,,False,COINC0046
ACC005134,,False,
ACC005135,,False,
ACC005136,,False,
ACC005137,,False,
ACC005138,,False,
ACC005139,,False,
ACC005140,,False,
ACC005141,,False,COINC0043
ACC005142,,False,
ACC005143,,False,
ACC005144,,False,
ACC005145,,False,COINC0010
ACC005146,,False,
ACC005147,,False,
ACC005148,,False,
ACC005149,,False,
ACC005150,,False,
ACC005151,,False,
ACC005152,,False,
ACC005153,,False,
ACC005154,,False,
ACC005155,,False,
ACC005156,,False,
ACC005157,,False,
ACC005158,,False,
ACC005159,,False,
ACC005160,,False,
ACC005161,,False,
ACC005162,,False,
ACC005163,,False,
ACC005164,,False,
ACC005165,,False,
ACC005166,,False,
ACC005167,,False,
ACC005168,,False,
ACC005169,,False,
ACC005170,,False,
ACC005171,,False,
ACC005172,,False,
ACC005173,,False,
ACC005174,,False,
ACC005175,,False,
ACC005176,,False,
ACC005177,,False,
ACC005178,,False,
ACC005179,,False,
ACC005180,,False,
ACC005181,,False,
ACC005182,,False,
ACC005183,,False,
ACC005184,,False,
ACC005185,,False,
ACC005186,,False,
ACC005187,,False,
ACC005188,,False,
ACC005189,,False,
ACC005190,,False,
ACC005191,,False,
ACC005192,,False,
ACC005193,,False,
ACC005194,,False,
ACC005195,,False,
ACC005196,,False,
ACC005197,,False,COINC0020
ACC005198,,False,
ACC005199,,False,
ACC005200,,False,
ACC005201,,False,
ACC005202,,False,
ACC005203,,False,
ACC005204,,False,
ACC005205,,False,
ACC005206,,False,
ACC005207,,False,
ACC005208,,False,
ACC005209,,False,
ACC005210,,False,
ACC005211,,False,
ACC005212,,False,
ACC005213,,False,
ACC005214,,False,
ACC005215,,False,
ACC005216,,False,
ACC005217,,False,
ACC005218,,False,
ACC005219,,False,
ACC005220,,False,
ACC005221,,False,
ACC005222,,False,
ACC005223,,False,
ACC005224,,False,
ACC005225,,False,
ACC005226,,False,
ACC005227,,False,
ACC005228,,False,
ACC005229,,False,
ACC005230,,False,
ACC005231,,False,
ACC005232,,False,
ACC005233,,False,
ACC005234,,False,
ACC005235,,False,
ACC005236,,False,
ACC005237,,False,
ACC005238,,False,
ACC005239,,False,
ACC005240,,False,
ACC005241,,False,
ACC005242,,False,
ACC005243,,False,
ACC005244,,False,
ACC005245,,False,
ACC005246,,False,
ACC005247,,False,
ACC005248,,False,
ACC005249,,False,
ACC005250,,False,
ACC005251,,False,
ACC005252,,False,
ACC005253,,False,
ACC005254,,False,
ACC005255,,False,
ACC005256,,False,
ACC005257,,False,
ACC005258,,False,
ACC005259,,False,
ACC005260,,False,
ACC005261,,False,
ACC005262,,False,
ACC005263,,False,
ACC005264,,False,
ACC005265,,False,
ACC005266,,False,
ACC005267,,False,
ACC005268,,False,
ACC005269,,False,
ACC005270,,False,
ACC005271,,False,
ACC005272,,False,
ACC005273,,False,
ACC005274,,False,
ACC005275,,False,
ACC005276,,False,
ACC005277,,False,
ACC005278,,False,
ACC005279,,False,
ACC005280,,False,
ACC005281,,False,
ACC005282,,False,
ACC005283,,False,
ACC005284,,False,
ACC005285,,False,
ACC005286,,False,
ACC005287,,False,
ACC005288,,False,
ACC005289,,False,
ACC005290,,False,
ACC005291,,False,
ACC005292,,False,
ACC005293,,False,
ACC005294,,False,
ACC005295,,False,
ACC005296,,False,
ACC005297,,False,
ACC005298,,False,
ACC005299,,False,
ACC005300,,False,
ACC005301,,False,
ACC005302,,False,
ACC005303,,False,
ACC005304,,False,
ACC005305,,False,
ACC005306,,False,
ACC005307,,False,
ACC005308,,False,
ACC005309,,False,
ACC005310,,False,
ACC005311,,False,
ACC005312,,False,COINC0021
ACC005313,,False,
ACC005314,,False,
ACC005315,,False,
ACC005316,,False,
ACC005317,,False,
ACC005318,,False,
ACC005319,,False,
ACC005320,,False,
ACC005321,,False,
ACC005322,,False,
ACC005323,,False,
ACC005324,,False,
ACC005325,,False,
ACC005326,,False,
ACC005327,,False,
ACC005328,,False,
ACC005329,,False,
ACC005330,,False,
ACC005331,,False,
ACC005332,,False,
ACC005333,,False,
ACC005334,,False,
ACC005335,,False,
ACC005336,,False,
ACC005337,,False,
ACC005338,,False,
ACC005339,,False,
ACC005340,,False,
ACC005341,,False,
ACC005342,,False,
ACC005343,,False,
ACC005344,,False,
ACC005345,,False,
ACC005346,,False,
ACC005347,,False,
ACC005348,,False,
ACC005349,,False,
ACC005350,,False,
ACC005351,,False,
ACC005352,,False,
ACC005353,,False,
ACC005354,,False,
ACC005355,,False,
ACC005356,,False,
ACC005357,,False,
ACC005358,,False,COINC0007
ACC005359,,False,
ACC005360,,False,
ACC005361,,False,
ACC005362,,False,
ACC005363,,False,COINC0012
ACC005364,,False,
ACC005365,,False,
ACC005366,,False,
ACC005367,,False,
ACC005368,,False,
ACC005369,,False,
ACC005370,,False,
ACC005371,,False,
ACC005372,,False,
ACC005373,,False,
ACC005374,,False,
ACC005375,,False,
ACC005376,,False,
ACC005377,,False,
ACC005378,,False,
ACC005379,,False,
ACC005380,,False,
ACC005381,,False,
ACC005382,,False,
ACC005383,,False,
ACC005384,,False,
ACC005385,,False,
ACC005386,,False,
ACC005387,,False,
ACC005388,,False,
ACC005389,,False,
ACC005390,,False,
ACC005391,,False,
ACC005392,,False,
ACC005393,,False,
ACC005394,,False,
ACC005395,,False,
ACC005396,,False,
ACC005397,,False,
ACC005398,,False,
ACC005399,,False,
ACC005400,,False,
ACC005401,,False,
ACC005402,,False,
ACC005403,,False,
ACC005404,,False,
ACC005405,,False,COINC0004
ACC005406,,False,
ACC005407,,False,
ACC005408,,False,
ACC005409,,False,COINC0040
ACC005410,,False,
ACC005411,,False,
ACC005412,,False,
ACC005413,,False,
ACC005414,,False,
ACC005415,,False,
ACC005416,,False,
ACC005417,,False,
ACC005418,,False,
ACC005419,,False,
ACC005420,,False,
ACC005421,,False,
ACC005422,,False,
ACC005423,,False,
ACC005424,,False,
ACC005425,,False,
ACC005426,,False,
ACC005427,,False,
ACC005428,,False,
ACC005429,,False,
ACC005430,,False,
ACC005431,,False,
ACC005432,,False,
ACC005433,,False,
ACC005434,,False,
ACC005435,,False,
ACC005436,,False,
ACC005437,,False,
ACC005438,,False,
ACC005439,,False,
ACC005440,,False,
ACC005441,,False,
ACC005442,,False,
ACC005443,,False,
ACC005444,,False,
ACC005445,,False,
ACC005446,,False,
ACC005447,,False,
ACC005448,,False,
ACC005449,,False,
ACC005450,,False,
ACC005451,,False,
ACC005452,,False,
ACC005453,,False,COINC0005
ACC005454,,False,
ACC005455,,False,
ACC005456,,False,
ACC005457,,False,
ACC005458,,False,
ACC005459,,False,
ACC005460,,False,
ACC005461,,False,
ACC005462,,False,
ACC005463,,False,
ACC005464,,False,
ACC005465,,False,
ACC005466,,False,
ACC005467,,False,
ACC005468,,False,
ACC005469,,False,
ACC005470,,False,
ACC005471,,False,
ACC005472,,False,
ACC005473,,False,
ACC005474,,False,
ACC005475,,False,
ACC005476,,False,
ACC005477,,False,
ACC005478,,False,
ACC005479,,False,
ACC005480,,False,
ACC005481,,False,
ACC005482,,False,
ACC005483,,False,
ACC005484,,False,
ACC005485,,False,
ACC005486,,False,
ACC005487,,False,
ACC005488,,False,
ACC005489,,False,
ACC005490,,False,
ACC005491,,False,
ACC005492,,False,
ACC005493,,False,
ACC005494,,False,
ACC005495,,False,
ACC005496,,False,
ACC005497,,False,
ACC005498,,False,
ACC005499,,False,
ACC005500,,False,
ACC005501,,False,
ACC005502,,False,
ACC005503,,False,
ACC005504,,False,
ACC005505,,False,
ACC005506,,False,
ACC005507,,False,
ACC005508,,False,
ACC005509,,False,
ACC005510,,False,
ACC005511,,False,
ACC005512,,False,
ACC005513,,False,
ACC005514,,False,
ACC005515,,False,
ACC005516,,False,
ACC005517,,False,
ACC005518,,False,
ACC005519,,False,
ACC005520,,False,
ACC005521,,False,
ACC005522,,False,
ACC005523,,False,
ACC005524,,False,
ACC005525,,False,
ACC005526,,False,
ACC005527,,False,
ACC005528,,False,
ACC005529,,False,
ACC005530,,False,
ACC005531,,False,
ACC005532,,False,
ACC005533,,False,
ACC005534,,False,
ACC005535,,False,
ACC005536,,False,
ACC005537,,False,
ACC005538,,False,
ACC005539,,False,
ACC005540,,False,
ACC005541,,False,
ACC005542,,False,
ACC005543,,False,
ACC005544,,False,
ACC005545,,False,
ACC005546,,False,
ACC005547,,False,
ACC005548,,False,
ACC005549,,False,
ACC005550,,False,
ACC005551,,False,
ACC005552,,False,
ACC005553,,False,
ACC005554,,False,
ACC005555,,False,
ACC005556,,False,
ACC005557,,False,
ACC005558,,False,
ACC005559,,False,
ACC005560,,False,
ACC005561,,False,
ACC005562,,False,
ACC005563,,False,
ACC005564,,False,
ACC005565,,False,
ACC005566,,False,
ACC005567,,False,
ACC005568,,False,
ACC005569,,False,
ACC005570,,False,
ACC005571,,False,
ACC005572,,False,
ACC005573,,False,
ACC005574,,False,
ACC005575,,False,
ACC005576,,False,
ACC005577,,False,
ACC005578,,False,
ACC005579,,False,
ACC005580,,False,
ACC005581,,False,
ACC005582,,False,
ACC005583,,False,
ACC005584,,False,
ACC005585,,False,
ACC005586,,False,
ACC005587,,False,
ACC005588,,False,
ACC005589,,False,
ACC005590,,False,
ACC005591,,False,
ACC005592,,False,
ACC005593,,False,
ACC005594,,False,
ACC005595,,False,
ACC005596,,False,
ACC005597,,False,
ACC005598,,False,
ACC005599,,False,
ACC005600,,False,
ACC005601,,False,
ACC005602,,False,
ACC005603,,False,
ACC005604,,False,
ACC005605,,False,
ACC005606,,False,
ACC005607,,False,
ACC005608,,False,
ACC005609,,False,
ACC005610,,False,
ACC005611,,False,
ACC005612,,False,
ACC005613,,False,
ACC005614,,False,
ACC005615,,False,
ACC005616,,False,
ACC005617,,False,
ACC005618,,False,
ACC005619,,False,
ACC005620,,False,
ACC005621,,False,
ACC005622,,False,
ACC005623,,False,
ACC005624,,False,
ACC005625,,False,
ACC005626,,False,
ACC005627,,False,
ACC005628,,False,
ACC005629,,False,
ACC005630,,False,
ACC005631,,False,
ACC005632,,False,
ACC005633,,False,
ACC005634,,False,
ACC005635,,False,
ACC005636,,False,
ACC005637,,False,
ACC005638,,False,
ACC005639,,False,
ACC005640,,False,
ACC005641,,False,
ACC005642,,False,
ACC005643,,False,COINC0026
ACC005644,,False,
ACC005645,,False,
ACC005646,,False,
ACC005647,,False,
ACC005648,,False,
ACC005649,,False,
ACC005650,,False,
ACC005651,,False,
ACC005652,,False,
ACC005653,,False,
ACC005654,,False,
ACC005655,,False,
ACC005656,,False,
ACC005657,,False,
ACC005658,,False,
ACC005659,,False,
ACC005660,,False,
ACC005661,,False,
ACC005662,,False,
ACC005663,,False,
ACC005664,,False,
ACC005665,,False,
ACC005666,,False,
ACC005667,,False,COINC0007
ACC005668,,False,
ACC005669,,False,
ACC005670,,False,
ACC005671,,False,
ACC005672,,False,COINC0041
ACC005673,,False,
ACC005674,,False,
ACC005675,,False,
ACC005676,,False,
ACC005677,,False,
ACC005678,,False,
ACC005679,,False,
ACC005680,,False,
ACC005681,,False,
ACC005682,,False,
ACC005683,,False,
ACC005684,,False,
ACC005685,,False,
ACC005686,,False,
ACC005687,,False,
ACC005688,,False,
ACC005689,,False,
ACC005690,,False,
ACC005691,,False,
ACC005692,,False,
ACC005693,,False,
ACC005694,,False,
ACC005695,,False,
ACC005696,,False,
ACC005697,,False,
ACC005698,,False,
ACC005699,,False,
ACC005700,,False,
ACC005701,,False,
ACC005702,,False,
ACC005703,,False,
ACC005704,,False,
ACC005705,,False,
ACC005706,,False,
ACC005707,,False,
ACC005708,,False,
ACC005709,,False,
ACC005710,,False,
ACC005711,,False,
ACC005712,,False,
ACC005713,,False,
ACC005714,,False,
ACC005715,,False,
ACC005716,,False,
ACC005717,,False,
ACC005718,,False,
ACC005719,,False,
ACC005720,,False,
ACC005721,,False,
ACC005722,,False,
ACC005723,,False,
ACC005724,,False,
ACC005725,,False,
ACC005726,,False,
ACC005727,,False,
ACC005728,,False,
ACC005729,,False,
ACC005730,,False,
ACC005731,,False,
ACC005732,,False,
ACC005733,,False,
ACC005734,,False,
ACC005735,,False,
ACC005736,,False,
ACC005737,,False,
ACC005738,,False,
ACC005739,,False,
ACC005740,,False,
ACC005741,,False,
ACC005742,,False,
ACC005743,,False,
ACC005744,,False,
ACC005745,,False,
ACC005746,,False,
ACC005747,,False,
ACC005748,,False,
ACC005749,,False,
ACC005750,,False,
ACC005751,,False,
ACC005752,,False,
ACC005753,,False,
ACC005754,,False,
ACC005755,,False,
ACC005756,,False,
ACC005757,,False,
ACC005758,,False,
ACC005759,,False,
ACC005760,,False,
ACC005761,,False,
ACC005762,,False,
ACC005763,,False,
ACC005764,,False,
ACC005765,,False,COINC0014
ACC005766,,False,
ACC005767,,False,
ACC005768,,False,
ACC005769,,False,
ACC005770,,False,
ACC005771,,False,
ACC005772,,False,
ACC005773,,False,
ACC005774,,False,
ACC005775,,False,
ACC005776,,False,
ACC005777,,False,
ACC005778,,False,
ACC005779,,False,
ACC005780,,False,
ACC005781,,False,
ACC005782,,False,
ACC005783,,False,
ACC005784,,False,
ACC005785,,False,
ACC005786,,False,
ACC005787,,False,
ACC005788,,False,
ACC005789,,False,
ACC005790,,False,
ACC005791,,False,
ACC005792,,False,
ACC005793,,False,
ACC005794,,False,
ACC005795,,False,
ACC005796,,False,
ACC005797,,False,COINC0010
ACC005798,,False,
ACC005799,,False,
ACC005800,,False,
ACC005801,,False,
ACC005802,,False,
ACC005803,,False,
ACC005804,,False,
ACC005805,,False,
ACC005806,,False,
ACC005807,,False,
ACC005808,,False,
ACC005809,,False,
ACC005810,,False,
ACC005811,,False,
ACC005812,,False,
ACC005813,,False,
ACC005814,,False,
ACC005815,,False,
ACC005816,,False,
ACC005817,,False,
ACC005818,,False,
ACC005819,,False,
ACC005820,,False,
ACC005821,,False,
ACC005822,,False,
ACC005823,,False,
ACC005824,,False,
ACC005825,,False,
ACC005826,,False,
ACC005827,,False,
ACC005828,,False,
ACC005829,,False,
ACC005830,,False,
ACC005831,,False,
ACC005832,,False,
ACC005833,,False,
ACC005834,,False,
ACC005835,,False,
ACC005836,,False,
ACC005837,,False,
ACC005838,,False,
ACC005839,,False,
ACC005840,,False,
ACC005841,,False,
ACC005842,,False,
ACC005843,,False,
ACC005844,,False,
ACC005845,,False,
ACC005846,,False,
ACC005847,,False,
ACC005848,,False,COINC0012
ACC005849,,False,
ACC005850,,False,
ACC005851,,False,
ACC005852,,False,
ACC005853,,False,
ACC005854,,False,
ACC005855,,False,
ACC005856,,False,
ACC005857,,False,
ACC005858,,False,
ACC005859,,False,
ACC005860,,False,
ACC005861,,False,
ACC005862,,False,
ACC005863,,False,
ACC005864,,False,
ACC005865,,False,
ACC005866,,False,
ACC005867,,False,COINC0046
ACC005868,,False,
ACC005869,,False,
ACC005870,,False,
ACC005871,,False,
ACC005872,,False,
ACC005873,,False,
ACC005874,,False,
ACC005875,,False,
ACC005876,,False,
ACC005877,,False,COINC0021
ACC005878,,False,
ACC005879,,False,
ACC005880,,False,
ACC005881,,False,
ACC005882,,False,
ACC005883,,False,
ACC005884,,False,
ACC005885,,False,
ACC005886,,False,
ACC005887,,False,
ACC005888,,False,
ACC005889,,False,
ACC005890,,False,
ACC005891,,False,
ACC005892,,False,
ACC005893,,False,
ACC005894,,False,
ACC005895,,False,
ACC005896,,False,
ACC005897,,False,
ACC005898,,False,
ACC005899,,False,COINC0015
ACC005900,,False,
ACC005901,,False,
ACC005902,,False,
ACC005903,,False,
ACC005904,,False,
ACC005905,,False,
ACC005906,,False,
ACC005907,,False,
ACC005908,,False,
ACC005909,,False,
ACC005910,,False,
ACC005911,,False,
ACC005912,,False,
ACC005913,,False,
ACC005914,,False,
ACC005915,,False,
ACC005916,,False,
ACC005917,,False,
ACC005918,,False,
ACC005919,,False,
ACC005920,,False,
ACC005921,,False,
ACC005922,,False,
ACC005923,,False,
ACC005924,,False,
ACC005925,,False,
ACC005926,,False,
ACC005927,,False,
ACC005928,,False,
ACC005929,,False,
ACC005930,,False,
ACC005931,,False,
ACC005932,,False,
ACC005933,,False,
ACC005934,,False,
ACC005935,,False,
ACC005936,,False,
ACC005937,,False,
ACC005938,,False,
ACC005939,,False,
ACC005940,,False,
ACC005941,,False,
ACC005942,,False,
ACC005943,,False,
ACC005944,,False,COINC0029
ACC005945,,False,
ACC005946,,False,
ACC005947,,False,
ACC005948,,False,
ACC005949,,False,
ACC005950,,False,
ACC005951,,False,
ACC005952,,False,
ACC005953,,False,
ACC005954,,False,
ACC005955,,False,
ACC005956,,False,
ACC005957,,False,
ACC005958,,False,
ACC005959,,False,
ACC005960,,False,
ACC005961,,False,
ACC005962,,False,
ACC005963,,False,
ACC005964,,False,
ACC005965,,False,
ACC005966,,False,
ACC005967,,False,
ACC005968,,False,
ACC005969,,False,
ACC005970,,False,
ACC005971,,False,
ACC005972,,False,
ACC005973,,False,
ACC005974,,False,
ACC005975,,False,
ACC005976,,False,
ACC005977,,False,
ACC005978,,False,
ACC005979,,False,
ACC005980,,False,
ACC005981,,False,
ACC005982,,False,
ACC005983,,False,
ACC005984,,False,
ACC005985,,False,
ACC005986,,False,
ACC005987,,False,
ACC005988,,False,
ACC005989,,False,
ACC005990,,False,
ACC005991,,False,
ACC005992,,False,
ACC005993,,False,
ACC005994,,False,
ACC005995,,False,
ACC005996,,False,
ACC005997,,False,
ACC005998,,False,
ACC005999,,False,
ACC006000,,False,
ACC006001,RING000,True,
ACC006002,RING000,True,
ACC006003,RING000,True,
ACC006004,RING000,True,
ACC006005,RING000,True,
ACC006006,RING000,True,
ACC006007,RING000,True,
ACC006008,RING001,True,
ACC006009,RING001,True,
ACC006010,RING001,True,
ACC006011,RING001,True,
ACC006012,RING001,True,
ACC006013,RING001,True,
ACC006014,RING001,True,
ACC006015,RING001,True,
ACC006016,RING001,True,
ACC006017,RING001,True,
ACC006018,RING001,True,
ACC006019,RING001,True,
ACC006020,RING001,True,
ACC006021,RING001,True,
ACC006022,RING001,True,
ACC006023,RING001,True,
ACC006024,RING001,True,
ACC006025,RING001,True,
ACC006026,RING001,True,
ACC006027,RING001,True,
ACC006028,RING001,True,
ACC006029,RING001,True,
ACC006030,RING001,True,
ACC006031,RING001,True,
ACC006032,RING001,True,
ACC006033,RING001,True,
ACC006034,RING001,True,
ACC006035,RING001,True,
ACC006036,RING001,True,
ACC006037,RING001,True,
ACC006038,RING001,True,
ACC006039,RING001,True,
ACC006040,RING001,True,
ACC006041,RING001,True,
ACC006042,RING001,True,
ACC006043,RING001,True,
ACC006044,RING001,True,
ACC006045,RING001,True,
ACC006046,RING002,True,
ACC006047,RING002,True,
ACC006048,RING002,True,
ACC006049,RING002,True,
ACC006050,RING002,True,
ACC006051,RING002,True,
ACC006052,RING002,True,
ACC006053,RING002,True,
ACC006054,RING002,True,
ACC006055,RING002,True,
ACC006056,RING002,True,
ACC006057,RING002,True,
ACC006058,RING002,True,
ACC006059,RING003,True,
ACC006060,RING003,True,
ACC006061,RING003,True,
ACC006062,RING003,True,
ACC006063,RING003,True,
ACC006064,RING003,True,
ACC006065,RING003,True,
ACC006066,RING003,True,
ACC006067,RING003,True,
ACC006068,RING003,True,
ACC006069,RING003,True,
ACC006070,RING003,True,
ACC006071,RING003,True,
ACC006072,RING003,True,
ACC006073,RING003,True,
ACC006074,RING003,True,
ACC006075,RING003,True,
ACC006076,RING003,True,
ACC006077,RING003,True,
ACC006078,RING003,True,
ACC006079,RING003,True,
ACC006080,RING003,True,
ACC006081,RING003,True,
ACC006082,RING003,True,
ACC006083,RING003,True,
ACC006084,RING003,True,
ACC006085,RING004,True,
ACC006086,RING004,True,
ACC006087,RING004,True,
ACC006088,RING004,True,
ACC006089,RING004,True,
ACC006090,RING004,True,
ACC006091,RING004,True,
ACC006092,RING004,True,
ACC006093,RING004,True,
ACC006094,RING004,True,
ACC006095,RING004,True,
ACC006096,RING004,True,
ACC006097,RING004,True,
ACC006098,RING004,True,
ACC006099,RING004,True,
ACC006100,RING004,True,
ACC006101,RING004,True,
ACC006102,RING004,True,
ACC006103,RING004,True,
ACC006104,RING004,True,
ACC006105,RING004,True,
ACC006106,RING004,True,
ACC006107,RING005,True,
ACC006108,RING005,True,
ACC006109,RING005,True,
ACC006110,RING005,True,
ACC006111,RING005,True,
ACC006112,RING005,True,
ACC006113,RING005,True,
ACC006114,RING005,True,
ACC006115,RING006,True,
ACC006116,RING006,True,
ACC006117,RING006,True,
ACC006118,RING006,True,
ACC006119,RING006,True,
ACC006120,RING006,True,
ACC006121,RING006,True,
ACC006122,RING007,True,
ACC006123,RING007,True,
ACC006124,RING007,True,
ACC006125,RING007,True,
ACC006126,RING007,True,
ACC006127,RING007,True,
ACC006128,RING007,True,
ACC006129,RING007,True,
ACC006130,RING007,True,
ACC006131,RING007,True,
ACC006132,RING007,True,
ACC006133,RING007,True,
ACC006134,RING007,True,
ACC006135,RING007,True,
ACC006136,RING007,True,
ACC006137,RING007,True,
ACC006138,RING007,True,
ACC006139,RING007,True,
ACC006140,RING007,True,
ACC006141,RING007,True,
ACC006142,RING007,True,
ACC006143,RING007,True,
ACC006144,RING007,True,
ACC006145,RING007,True,
ACC006146,RING007,True,
ACC006147,RING007,True,
ACC006148,RING007,True,
ACC006149,RING007,True,
ACC006150,RING007,True,
ACC006151,RING007,True,
ACC006152,RING007,True,
ACC006153,RING007,True,
ACC006154,RING007,True,
ACC006155,RING007,True,
ACC006156,RING007,True,
ACC006157,RING007,True,
ACC006158,RING007,True,
ACC006159,RING007,True,
ACC006160,RING007,True,
ACC006161,RING008,True,
ACC006162,RING008,True,
ACC006163,RING008,True,
ACC006164,RING008,True,
ACC006165,RING008,True,
ACC006166,RING008,True,
ACC006167,RING008,True,
ACC006168,RING008,True,
ACC006169,RING008,True,
ACC006170,RING008,True,
ACC006171,RING008,True,
ACC006172,RING008,True,
ACC006173,RING008,True,
ACC006174,RING008,True,
ACC006175,RING008,True,
ACC006176,RING008,True,
ACC006177,RING008,True,
ACC006178,RING008,True,
ACC006179,RING008,True,
ACC006180,RING008,True,
ACC006181,RING008,True,
ACC006182,RING008,True,
ACC006183,RING008,True,
ACC006184,RING008,True,
ACC006185,RING008,True,
ACC006186,RING008,True,
ACC006187,RING008,True,
ACC006188,RING008,True,
ACC006189,RING009,True,
ACC006190,RING009,True,
ACC006191,RING009,True,
ACC006192,RING009,True,
ACC006193,RING009,True,
ACC006194,RING009,True,
ACC006195,RING009,True,
ACC006196,RING009,True,
ACC006197,RING009,True,
ACC006198,RING009,True,
ACC006199,RING009,True,
ACC006200,RING009,True,
ACC006201,RING009,True,
ACC006202,RING009,True,
ACC006203,RING009,True,
ACC006204,RING009,True,
ACC006205,RING009,True,
ACC006206,RING009,True,
ACC006207,RING009,True,
ACC006208,RING009,True,
ACC006209,RING009,True,
ACC006210,RING009,True,
ACC006211,RING009,True,
ACC006212,RING009,True,
ACC006213,RING009,True,
ACC006214,RING009,True,
ACC006215,RING010,True,
ACC006216,RING010,True,
ACC006217,RING010,True,
ACC006218,RING010,True,
ACC006219,RING010,True,
ACC006220,RING010,True,
ACC006221,RING010,True,
ACC006222,RING010,True,
ACC006223,RING010,True,
ACC006224,RING010,True,
ACC006225,RING010,True,
ACC006226,RING010,True,
ACC006227,RING010,True,
ACC006228,RING010,True,
ACC006229,RING010,True,
ACC006230,RING010,True,
ACC006231,RING010,True,
ACC006232,RING010,True,
ACC006233,RING010,True,
ACC006234,RING010,True,
ACC006235,RING010,True,
ACC006236,RING010,True,
ACC006237,RING010,True,
ACC006238,RING010,True,
ACC006239,RING010,True,
ACC006240,RING010,True,
ACC006241,RING010,True,
ACC006242,RING010,True,
ACC006243,RING010,True,
ACC006244,RING010,True,
ACC006245,RING010,True,
ACC006246,RING010,True,
ACC006247,RING010,True,
ACC006248,RING010,True,
ACC006249,RING010,True,
ACC006250,RING010,True,
ACC006251,RING010,True,
ACC006252,RING010,True,
ACC006253,RING011,True,
ACC006254,RING011,True,
ACC006255,RING011,True,
ACC006256,RING011,True,
ACC006257,RING011,True,
ACC006258,RING011,True,
ACC006259,RING011,True,
ACC006260,RING011,True,
ACC006261,RING011,True,
ACC006262,RING011,True,
ACC006263,RING011,True,
ACC006264,RING011,True,
ACC006265,RING011,True,
ACC006266,RING011,True,
ACC006267,RING011,True,
ACC006268,RING011,True,
ACC006269,RING011,True,
ACC006270,RING011,True,
ACC006271,RING011,True,
ACC006272,RING011,True,
ACC006273,RING011,True,
ACC006274,RING011,True,
ACC006275,RING011,True,
ACC006276,RING011,True,
ACC006277,RING011,True,
ACC006278,RING011,True,
ACC006279,RING011,True,
ACC006280,RING011,True,
ACC006281,RING011,True,
ACC006282,RING011,True,
ACC006283,RING011,True,
ACC006284,RING011,True,
ACC006285,RING011,True,
ACC006286,RING011,True,
ACC006287,RING011,True,
ACC006288,RING011,True,
ACC006289,RING012,True,
ACC006290,RING012,True,
ACC006291,RING012,True,
ACC006292,RING012,True,
ACC006293,RING012,True,
ACC006294,RING012,True,
ACC006295,RING012,True,
ACC006296,RING012,True,
ACC006297,RING012,True,
ACC006298,RING012,True,
ACC006299,RING012,True,
ACC006300,RING012,True,
ACC006301,RING012,True,
ACC006302,RING012,True,
ACC006303,RING012,True,
ACC006304,RING012,True,
ACC006305,RING012,True,
ACC006306,RING012,True,
ACC006307,RING012,True,
ACC006308,RING012,True,
ACC006309,RING013,True,
ACC006310,RING013,True,
ACC006311,RING013,True,
ACC006312,RING013,True,
ACC006313,RING013,True,
ACC006314,RING013,True,
ACC006315,RING013,True,
ACC006316,RING013,True,
ACC006317,RING013,True,
ACC006318,RING013,True,
ACC006319,RING013,True,
ACC006320,RING013,True,
ACC006321,RING013,True,
ACC006322,RING013,True,
ACC006323,RING013,True,
ACC006324,RING013,True,
ACC006325,RING013,True,
ACC006326,RING013,True,
ACC006327,RING013,True,
ACC006328,RING013,True,
ACC006329,RING014,True,
ACC006330,RING014,True,
ACC006331,RING014,True,
ACC006332,RING014,True,
ACC006333,RING014,True,
ACC006334,RING014,True,
ACC006335,RING014,True,
ACC006336,RING014,True,
ACC006337,RING014,True,
ACC006338,RING014,True,
ACC006339,RING014,True,
ACC006340,RING014,True,
ACC006341,RING014,True,
ACC006342,RING014,True,
ACC006343,RING014,True,
ACC006344,RING014,True,
ACC006345,RING015,True,
ACC006346,RING015,True,
ACC006347,RING015,True,
ACC006348,RING015,True,
ACC006349,RING015,True,
ACC006350,RING015,True,
ACC006351,RING015,True,
ACC006352,RING015,True,
ACC006353,RING015,True,
ACC006354,RING015,True,
ACC006355,RING015,True,
ACC006356,RING015,True,
ACC006357,RING015,True,
ACC006358,RING016,True,
ACC006359,RING016,True,
ACC006360,RING016,True,
ACC006361,RING016,True,
ACC006362,RING016,True,
ACC006363,RING016,True,
ACC006364,RING016,True,
ACC006365,RING016,True,
ACC006366,RING016,True,
ACC006367,RING016,True,
ACC006368,RING016,True,
ACC006369,RING016,True,
ACC006370,RING016,True,
ACC006371,RING016,True,
ACC006372,RING017,True,
ACC006373,RING017,True,
ACC006374,RING017,True,
ACC006375,RING017,True,
ACC006376,RING017,True,
ACC006377,RING017,True,
ACC006378,RING017,True,
ACC006379,RING017,True,
ACC006380,RING017,True,
ACC006381,RING017,True,
ACC006382,RING017,True,
ACC006383,RING017,True,
ACC006384,RING017,True,
ACC006385,RING017,True,
ACC006386,RING017,True,
ACC006387,RING018,True,
ACC006388,RING018,True,
ACC006389,RING018,True,
ACC006390,RING018,True,
ACC006391,RING018,True,
ACC006392,RING018,True,
ACC006393,RING018,True,
ACC006394,RING018,True,
ACC006395,RING018,True,
ACC006396,RING018,True,
ACC006397,RING018,True,
ACC006398,RING018,True,
ACC006399,RING018,True,
ACC006400,RING018,True,
ACC006401,RING018,True,
ACC006402,RING018,True,
ACC006403,RING018,True,
ACC006404,RING018,True,
ACC006405,RING019,True,
ACC006406,RING019,True,
ACC006407,RING019,True,
ACC006408,RING019,True,
ACC006409,RING019,True,
ACC006410,RING019,True,
ACC006411,RING019,True,
ACC006412,RING019,True,
ACC006413,RING019,True,
ACC006414,RING019,True,
