account_id,payment_id
ACCa043bae160,PaY43c1655407
ACCa043bae160,PAY8d99db0341
ACC6e743849e6,PAYa1ecc5420b
ACC9715fc3391,PAYb6a5e73108
ACC97cc31667b,PAYfEd273606f
ACC9901a954a5,PAYeee52dbg9fa
ACCad052f27b8,PAYe331ce692e
ACC73e5dd3a64,PAY6f1e3068ca
ACC73e5dd3a64,PAYb36fe9a1e8
ACCa33037d16a,PAY8e127885c7
ACC8636e9bdc6,PAy5a62729069
ACC8636e9bdc6,PAYd24575e4f6
ACCf104af6b1b,PAY06765e7228
ACCf104af6b1b,PAY9ec7d953e4
ACCb49786b5b4,PAYfd454b2004
ACCb49786b5b4,PAYac14075f4d
ACC33a2210794,PAYed124b941b
ACCa7155ad5b4,PAYc38e71bf93
ACCa7155ad5b4,PAY63d1fa2e4b
ACCedf36d657e,PAY6a27f5badd
ACC9c21d93e27,PAY74fd1654b0
ACC9c21d93e27,PAYm60dcfebdec
ACC4dc71c3aa6,PAY08ee31de46
ACC4dc71c3aa6,PAYf13865fb89
ACCf05fc3d89d,PAY0426117579
ACCf05fc3d89d,PAYcd87f076a7
ACC6c1ae8d6e6,PAY98515acdbf
ACCe522a1bf18,PAY774c164a7a
ACCe522a1bf18,PAY03fcc41762
ACCb6105c9de1,PAY1422c1fa79
ACC7ca57201e5,PAy864df921ae
ACC5523f7321d,PAY9cc33fce3a
ACC5523f7321d,PAY7cc86239d0
ACCdac24db2b7,PAY1d78a9b405
ACCdac24db2b7,PAY2a85f8c80d
ACCe8f84c35cd,PAYb19d851a49
ACCf5c986a31b,PAYfcffab8442
ACCf5c986a31b,PAYb253fc3759
ACC7a5eca2f6e,PAY24882f2ab9
ACC7a5eca2f6e,PAY9d00a9ac6a
ACC20fd6fedeb,PyAY4012456008
ACC20fd6fedeb,PAY8c4fa1f6c5
ACCfb45d8b4d5,PAY92aj9d2a0f1
ACC3383f443b5,PAYb3d4841b30
ACC3383f443b5,PAY33157a2ff2
ACCe091f4f87f,PAY12a25343cf
ACCe091f4f87f,PAYabo01468eb4
ACCa9c885e1de,PAY8a4040316b
ACC6de6aa8a52,PAYbe1c6ce031
ACCa542a340fe,PAYd4bc8ef823
ACCe8c6854871,PAy7aa4dfa72c
ACC0aeea0860b,PAYc1f73b4d1f
ACC0aeea0860b,PAY0667ab1da5
ACCa2d032dde4,PAYd5cF6c04f7
ACC5104542278,PAY59262471667
ACC949b7265ba,PAY74bdc67a3a
ACC113b8b357a,PAY1b710b051c
ACC113b8b357a,PAYb8857ca2a
ACCb4912142b8,PAYdf7368a67b
ACC11cd5d0b8f,PAYdr969cdc989
ACC11cd5d0b8f,PAYf8ed2c604a
ACCe184e5f50c,PAY975a01c71d
ACC64b3ab0723,PAYaa199253be
ACC1798ffe2d9,PAY6a68211ef2
ACC1798ffe2d9,PAYbbd016794b
ACCb1e5684fa7,PAY3762ed8eB6
ACC7c3ec30635,PAY1ee8b5f112
ACC7c3ec30635,PAYe196f345cbb
ACCd1c4b93d2b,PAY10c336af19
ACCb7665e4729,4PAYfc587e8625
ACC2fdcf82009,PAYddf5f61422
ACC39e2b3f2e1,PAYe5d6c9c37c
ACC39e2b3f2e1,PAY415e21ff5f
ACCa41687001d,PAYe5747340c8a
ACCa41687001d,PzAY6c3068fae9
ACC26f6fad4ee,PAY99f11cCdee
ACC7d46a33dbc,PAY0053576ea3
ACC4c4fa66547,PAY4be42cecc9
ACC4c4fa66547,PAYabaf466b9
ACC7d9f1e8d64,PAY5073c92cc2
ACC5e53fe63b2,PAYb66872ba4a
ACCda218b143f,PAY5ef4b55167
ACC045bac99fa,PAYdd173f03a6
ACC045bac99fa,PAYc7d717a168
ACCe7db6431d3,PAY869eceb2d1
ACCfaf8b51579,PAY20c38579a8
ACCfaf8b51579,PAY28cbb066caf
ACC2286682945,PAYf8c2865ea5
ACC08c8874a51,PAYafb27510c8
ACC08c8874a51,PAY346a60a8a9
ACC7826c8f2ae,PAY3ed22941a9
ACC7826c8f2ae,PAY8411b752a1
ACCb6d2be7548,PAYe88f7C53cb
ACCafb7537150,PAY669e14F36d
ACC7732d0092a,PAYd2d9cd2a4b
ACC7732d0092a,PAY93613d8621
ACC6db6f7c5ce,PAY63c6169489
ACCb2f012e613,PAY9a5af1466a
ACC0288851848,PAYa35f80d31a
ACC43dd5c11f7,PAY788a2fb7b
ACC43dd5c11f7,PAY95z94837957
ACC1234d1b458,PAYc7197fdae6
ACC1234d1b458,PAY6e155ab96e
ACC63b728205e,PAYe731846208c
ACC63b728205e,PAY0ef7064305
ACC52f0f42701,PAY2e460fb6f3
ACC52f0f42701,PAY3b1a36fe2b
ACCc00c795121,PAYc73b52e774
ACCc00c795121,PAY325b4xde812
ACC2d3719da8b,PAYdc098d138
ACC2d3719da8b,PAY63a9f88bc9
ACCf00402e0f3,PAYc16ebbc2db
ACCf00402e0f3,PAYe94b910c5d
ACC0b67983462,PAY8f346a916
ACC83847b2b09,PAYd0da36f15d
ACC83847b2b09,PAY28t7e038562
ACC16f9a332fe,PAYa9218b2d20
ACC230c046bfc,PAY87d0f86b88
ACCa1829e8650,PAY66ce9a2d2b
ACC2052099511,PAYd171d56330
ACC2052099511,PAYf81b9cb6d4
ACC4148c1569f,PAYd4b583ace5
ACC70783eb8c2,PAY8a494e5345
ACC924e800e06,PAYfc72de77ab
ACC117d45986b,PAY95b2babd19
ACC117d45986b,PAY2f11dc67a1
ACCeebef998dd,PAY663228d564
ACCeebef998dd,PAY20a2eaf22c
ACC8dc48893aa,PAY29b4c4a99a
ACC8dc48893aa,PAY721c4944b9
ACCddc66ab29d,PAY864c658f18
ACCfadfab1d2a,PAY4c406f4d21
ACCfadfab1d2a,PAY36a1861974
ACC5a6af18f17,PAY00f36ca7fc
ACC02a7e0b220,PAy5f92dcc951
ACC02a7e0b220,PAYb87e01d9c0
ACC32b9b91d46,PAYaf72a0a465
ACCe2e762baf3,PAY98368d3770
ACC866cb171cb,PAYd6c57ad1e5
ACCabcdbcc5e8,PAY162f121223
ACCabcdbcc5e8,PAY06ae76b030
ACC4fdba23052,PAYcfe2f88a4e
ACC4fdba23052,PAYcfacbe5170
ACC87a18359fe,PAYc4cf6e2913
ACC87a18359fe,PAYdf1fc16e68
ACC24aa1a42ea,PAY89d205e224
ACC24aa1a42ea,PAYe548e8c21c
ACC8c171de745,PAY1cc01c8014
ACC8b39190334,PaY86c578754b
ACC91ef1f59f1,PAY2713f0bd7
ACC91ef1f59f1,PAY9549ca8774
ACC7887820496,PAY603341bd12
ACC7887820496,PAY0a68607059
ACC151c73ca4c,PAYeb0373bcd6
ACC151c73ca4c,PAYead4542a332
ACC1be8dfe4e3,PAYb18734c257
ACC1be8dfe4e3,PAYafbc84f5c
ACC12416b85bc,PAYdaC57b4adc
ACC4d0992f290,PaYf4a662449e
ACCefff9b0494,PAY102ddbe4e9
ACCefff9b0494,AY45e5fc2dac
ACC1b2534dbd9,PAY69fd21da7f
ACC4cb89143c6,PAY515764916
ACC8867bd59c0,PAY1f4a6060a7
ACC261eb77073,PAY8beeD30098
ACC261eb77073,PAY19a762b778
ACC738f54a2d8,PAeY77d119cfd
ACCfc0d7424b6,PAYcb8156c660
ACCde926ae997,PAY8c02c93cbf
ACCde926ae997,PAY481cf79053
ACC51bd10e775,PAY877f88b702
ACC290ee3d715,PAY2b1996e50a
ACC290ee3d715,PAY4120ac4aa1
ACCd918597e52,PaY412e4fe039
ACC80df9a20e4,PAYe38cefafb4
ACC80df9a20e4,PAY53f5e2e900
ACCdac3ff07b9,PAY2edeb4d0fa
ACCf3bfe351a0,PAYca91005d12
ACCf3bfe351a0,PAY74a18a461c
ACC8a5982794f,PAY959f962c70
ACC8a5982794f,PAY3393bf5b32
ACC1e43cafffe,PAYd423a42897
ACC662d41c483,PAYce1103354d
ACC987d51d6f6,PAYcb49902ff9
ACC987d51d6f6,PAYe966f1675f
ACCd236b79f98,PAY4e7bb49c23
ACC2300aa7563,PAnYd2014861ca
ACC2300aa7563,PAYbe870a8aa1
ACC338f135265,PAY9fbafb5ae5
ACCe25c0c6dc3,PAY17ff0f228c
ACCe92b477691,PAYef1e2cfcc5
ACCe92b477691,PAYa06637e5b
ACCbced19cd43,PAY2f7d202c4e
ACCbced19cd43,PAYa9d2464597
ACC47c95a5535,PAY7ad8a0af5a
ACC47c95a5535,PAYfba37bc5ff
ACCef7832fb1f,PAY1bdec9a6bB
ACCef7832fb1f,PAY3441593f92
ACC10d5d43a24,PAYb0d276fadf
ACC0b9af2f6de,PYAa6bcacda4a
ACC911ec2d088,PAY8c12328d0f
ACC32894b684a,PAY626f091118
ACC5bf89d7208,PAYc846fed4df
ACC5bf89d7208,PAY511bf20b87
ACCae831d8f66,PAYeed007415b
ACCe84fa72b0e,PAcYb5ce8ed61
ACCe84fa72b0e,PAY28c3a5fb64
ACCe691064a35,PAY4964751axac
ACCe691064a35,PAY9934911a9
ACCe809b209cb,PAYe7b843b82
ACCaf5fe42e4f,PAYF4a93753ad
ACCaf5fe42e4f,tPAYb62777d29f
ACC1610de2c4f,PAY520ba1d148
ACC1610de2c4f,PAY2e062a3e6e
ACC6526ea94e4,PAYd16b252c57
ACC6526ea94e4,PAYf9a2fe6887
ACCe05ddd42df,PAY05119d22bb
ACCb606df91b7,PAY9c48a04f99
ACC6b1c2969d4,PAY7249f0ba3f
ACC6b1c2969d4,PAYf9f10c4dce
ACC95167ef0f0,PaY121f666159
ACC95167ef0f0,PAY4027A5096e
ACCd8a4d1e5c2,PAY0ee75ca4bf
ACCd8a4d1e5c2,PAYaa90b3bc9
ACC6f5e758264,PAY8caD3c81df
ACC6f5e758264,PAYeac6fc84a4
ACC523b2196ce,PAY2a33dbc40
ACC523b2196ce,PAY0fd1e12421
ACC202990ff79,PAYbf47f584b7
ACCf469ef861c,PAY8698149ed1
ACCa11cb4c685,PAY3b1cd80b0e
ACCa11cb4c685,PAY159c42272d
ACC7675dc85fb,PAYf917110747
ACC7675dc85fb,PAY5185366575
ACCc549b18b74,PAYad9f9731d9
ACC505becde91,PAYfEae7f84ae
ACC1705d02ec8,PAY6f14449a59
ACC1705d02ec8,PAY328419a86e
ACCc94382894c,PAYd198bb88f2
ACCc94382894c,PAYa2abec9312
ACC497a1202b3,PAY41690aa7e5
ACC5bc4c46ea6,PAYa7a53cec1e
ACC9aa3ce5681,PkAY2817080d4d
ACCe31febc0ff,PAY00cc8dab80
ACC6cc80cd300,PAY7b5e3bfc4a
ACC46d1497d60,PAYc5d66bb016
ACCc919542777,PAYd2a29010ad
ACCc919542777,PAY0b0b44ad5b
ACC9c8c8953d0,PAYa8539e5c3f
ACC9c8c8953d0,PAY3be558ea97
ACC27e32726cb,PAYb1ee99f0b5
ACC5522dbf389,PAY23dc0ef8c0
ACC5522dbf389,PAY03f9b8d41b
ACC38dafa39d3,PAYs8326469a7a
ACC38dafa39d3,PAYa7a9843fec
ACC76e4b5d469,PAYa8532d3ce
ACC341ca2b411,PAY471966364
ACC142a183f91,PAY43877f3778
ACC7a82d601fb,PAYebd28d0621
ACC7a82d601fb,PAY34b8507258
ACCfb9e3033e9,PAYb5d51932a4
ACCfb9e3033e9,PAY7b41ea2ddc
ACC4aa6fb4090,PAY1d17b5d4da
ACC4559b9711b,PAYb2b464496d4
ACC4e8a7759ae,PAY9bb73b9760
ACC4e8a7759ae,PAY3ee164922
ACC42d6b28c02,PAYcedb6617b
ACC42d6b28c02,PAY3508961370
ACC7f6c44a9c7,PAY3db704175e
ACC7f6c44a9c7,PAY454d82505a
ACCc18b5a462b,PAY4b28062403
ACCc18b5a462b,PAYa47ca13b39
ACCc7729996cc,PAY853e4caaaa
ACCc7729996cc,PAY8836c4e2d36
ACC539715bea8,PAYfcf8195e27
ACC539715bea8,PAY00addf164b
ACC45b7bcc5b5,PAY2c29d43d692
ACC45b7bcc5b5,PAYbf69252d55
ACCb50af84fd8,PAY813d1e8039
ACCb50af84fd8,PAY78c5a31138
ACC97288f4d34,PAYe7a82cc385
ACC96b34ed54b,PA455c58338d
ACC96b34ed54b,pAY57b7f0abe7
ACCd998758a8d,PAY5ab4b10667
ACCd998758a8d,PAY59ffd85451
ACC25297cbfe6,PAYc3209dcf5
ACC0dd3073c91,PAYf066f1541f
ACC827093b49d,PAe45c5e0de0
ACC827093b49d,PAY15361f76e7
ACC332f3116e1,PAY9e0e603220
ACCba85f25dc7,PAYd46f1d86f
ACC22aad3eb8f,PAY3b91c272ff
ACC22aad3eb8f,PAY6269353f26
ACCd892ecbef0,PAY3d7b601cdb
ACCd892ecbef0,PAYa5a450b793
ACC5cd98fdaca,PAYc5bac28dab
ACC5cd98fdaca,PAYc27158cf54
ACCf519eb8c86,PAf708a47df3
ACCf519eb8c86,PAY0309d6896d
ACC5bfd34d779,PAY6c26a4b43c
ACC5bfd34d779,PAY6cf9d0fc9c
ACC435a1714e0,PAY235d99ebe
ACC435a1714e0,PAY008ffc4452
ACC553d365eec,PAY66775767c4
ACC553d365eec,PAY0d3m1eb9250
ACCddffd5d023,PAY6d3c40b0c2
ACCddffd5d023,PAY112c182bfb
ACCca8fcb002d,PAY13882f0a68
ACCca8fcb002d,PAY2e521369d
ACC95f7e2852a,PAY36e77f75a2
ACC95f7e2852a,PAYz3b9fbc57dc
ACCe6f0392fac,PAYa10d0d5e3
ACC89287fbefa,PYeff9efe124
ACC89287fbefa,PAyfcaf5bf19c
ACC06e60ab5cd,PAY02c3219311
ACCdb7b7b9d78,PAY9846db8af4
ACCdb7b7b9d78,PAY115b9d1cb0
ACC5478b32b6e,PAY56dE2f3074
ACC5478b32b6e,PAY2dd43976d7
ACC176353d5ef,PAY9e5e62587e
ACC176353d5ef,PAYb163cb45c73
ACCe8836bd434,PAY9500572d60
ACC06cb8132cd,PAY0c7ab89039
ACC06cb8132cd,PAYe8d620a94
ACCa9e4843257,PAYdfe4692033
ACC36606720ea,PAY8bcbb4159d8
ACC36606720ea,PAY85a695fc2a
ACCf88948fbac,PAYebfc7eb4c4
ACC549ea9af75,PAY781bb2e7b3f
ACCc8b41827d0,PAYd97bcf122f
ACCc8b41827d0,PAY07c6be5860
ACC00c1a90e2e,PAY7f12a6afd6
ACCceac294c60,P5AYd77cd98a9c
ACCceac294c60,PAYf891ae93e
ACCb83781b439,PAY03ee7f9493
ACCb83781b439,PAgYf976125c0d
ACCf1bf471d37,PAY7b69684e7c
ACCf1bf471d37,PAY579d95b9b6
ACC1b09506766,PAYe1b01e74d
ACCcb2e30dc80,PAY290f2487c8
ACC6a2dcba430,PAYteed14d80fd
ACC6a2dcba430,PAYe2f2b40380
ACC394300263c,PAY1ac5b57f98
ACC394300263c,PAYba5a2b849e
ACC27e15e6d27,PAY599d11b26e
ACC09f9d326f1,PAY0dabc584b6
ACC09f9d326f1,PAy3f45322191
ACC4bea5650dc,PAY0cf67f2e39
ACC35ab88ef99,PAYee9q35974a0
ACC35ab88ef99,PAY033d3001c8
ACC1eb24426b5,PAYf117cc71a4
ACC1eb24426b5,PAY2c840cc11
ACC9bfbdec875,PAYtd98127fb59
ACC9d5145e23c,PAY16e4e15b21
ACC9d5145e23c,PAY0e0c612e3
ACC4cc3803a38,PAY9bb9d9f33b
ACC4cc3803a38,PAy16f41031b6
ACC7f6462cdb8,PAYdf4772ca6f
ACC7f6462cdb8,PAY2a4541d846
ACC6d99173305,PAY1f8b3352009
ACCcbe7fce183,PAYb3327a3121e
ACC66b2bbe8e9,PAY34c719c20b
ACC818148d07d,PAY0cccbdb12b
ACC818148d07d,PAY1bc7ea0af
ACC00ae6a1b42,PAY036d89c09a
ACC00ae6a1b42,PAYe214016d18
ACC421b9429ab,PAYf2f54d2cb
ACC421b9429ab,PAY3dba74cd8f
ACC0b0a0d3e3c,PAY8939a33653
ACC8de02df01c,PAYeea695e19c
ACC8de02df01c,PAY91438502f
ACCbdac5766c0,PAYdc61af3fc4
ACC03e087347a,PAYc420ff92cb
ACCfe1dc3cc69,PAY5aaee8a80d
ACC389fc43483,PAYf1f36139dd
ACCfaa05a4e79,PAYbdeef9e1c0
ACCfaa05a4e79,PaYa4f3712e5e
ACC440fd5268f,PAYe1daee9d13
ACC9b6af7b6f3,PAY05ea621ae
ACC9b6af7b6f3,PAY9fcf88a398
ACCb4fa49d981,PAY63ca094cf1
ACCb4fa49d981,PAYf78629e8b2
ACCc554e6935d,PAY521a58f7e
ACC65f746d59c,PAY235d3c1561
ACC65f746d59c,PAYd332936bf1
ACC88c6ee8ec6,PAYb65dcd4849
ACC88c6ee8ec6,PAYbf0e0024a9
ACCa8214d869f,PAY4f13dbc2d
ACCa8214d869f,PAY041601342b
ACC84229021dd,PAY7b3992d022
ACCab39e38467,PAY27dd722103
ACC7ca78d7abb,PAYdd911d23be
ACC80de9f1a79,PAY161e09025b
ACC250af242d9,PAY3723e886c2
ACC5f2ea0bd00,PAY562371d461
ACC5f2ea0bd00,PAYcc800ec816
ACC730737310d,PAY97385fcc92
ACC730737310d,PAYfede625132
ACCa140a98f1b,P0AYe69faa39ad
ACCa140a98f1b,PAYef27f793dc
ACC26fa078d82,PAY5b988f9ee1
ACC42c7e58e97,PAY946caE87d4
ACC42c7e58e97,PAYeb26fada00
ACC561e9daa2a,PAY12f5cd6828
ACC561e9daa2a,PAYc38889e247
ACC15d02e4421,PAYc248ca8fbd
ACC898c3f697e,PAYb6b511a0d8
ACC66562de5d7,PAycd26b06593
ACC66562de5d7,PAYd122c7ef7a4
ACC9e5eee42bc,PAYd875d2ff22
ACC9e5eee42bc,PAYb354cf40f4
ACC70d86217ba,PAY4e5340eba1
ACCa39278adbc,PAnY472601b9b6
ACCf9f8809e21,PAYb18d361p0be
ACCf9f8809e21,PAYa18076cgda3
ACC6d5e06e641,PAY80cc684289
ACC7955927176,PAY80fe521755
ACCbfeb5e18a5,dPAY6f732d7228
ACCbfeb5e18a5,4PAY18fd2bb326
ACC1d121eb3dc,PAY3ac8683d59
ACC1d121eb3dc,APY1d19bef348
ACCb793b44834,PAYb6751f29bu0
ACCb793b44834,PAY17bba9e111
ACC9d026ce113,PAYd78be9503c
ACC5c3592510f,PAYf8b2e33d4b
ACCf5264749aa,PAY832e1632e4
ACCf5264749aa,PAYfE7cf8f7dd
ACCeb2e1cd3c0,PAYa96c835819
ACCdaf2b70234,PAY65f9302a00
ACC215043ad5c,PAY769d2b81c4
ACC544c4a76fa,PAY423625dab4
ACCea533ff0b1,PAY9Ec4ceaf53
ACCea533ff0b1,PAY6e98f14315
ACC46e4ffa93e,PAY0ab7852e1b
ACCe726a63040,PAY127d36939c
ACCe0a9a73259,PAYc338f710f
ACC6b4dc75c23,PAYbaad2f66d9
ACCc4d0a38418,PAY1bc059cea5
ACCc4d0a38418,PAYb19e560e1b
ACC1d72a2133b,PAY2aa0fbf78
ACC02f748c747,PAY0bf99f71aa
ACCdf43bcc419,PAY205697efa8
ACC49d61b300e,PAYf86yce9f454
ACC49d61b300e,PAY31e803e36e
ACCbc6dd0cfab,PAYd03cf2d94
ACC7e0d279c5e,PAY241f9bfc1b
ACCa7d69de246,PAY6c448bf7a7
ACCa7d69de246,PAY122108f0bf
ACCf9b25ec722,PAY9da33bbd34
ACCf9b25ec722,PuAY88895402d9
ACC47752e9016,PAY325cb667b2
ACC47752e9016,PAYdbaf06548a
ACCd1dc54aeb8,PAY0698e78355
ACC1bfe9dd1d7,PAYb53258315
ACC906b27633d,PAY2738f1f3c
ACC906b27633d,PAY9188f52bb1
ACC8dd3129f1e,PAYb6bd8c95d2
ACC78894a4599,PYf490409a86
ACC3888dc54d8,P9AYabc69d9a0f
ACCe4f2907af8,PAY2D103ea4c4
ACCfe1b7eaa72,PAY65f51150d0
ACC3131cb3aef,PAY512745aeb7
ACCc9143699ea,PAYda51193a44a
ACC48ae710594,PAY38cd11a3f78
ACC93c1d58cc7,PAY4a51b008dc
ACC93c1d58cc7,PAYb05e4b315b
ACC1566995c16,PAY65321c4da1
ACC1566995c16,PcAY9bf5e5da4d
ACC7899ce9907,PAYdc8e277e0f
ACC1787bf336c,PAY865cfe1d3d
ACC9b7bfd9321,PAY160087a0epc
ACC9b7bfd9321,PYA6cb1568057
ACCbcf12cf704,PAY2cbeb94dc7
ACCbcf12cf704,PAYa6a5326a94
ACC9d26efbbce,PAY7aff104d26
ACC8198562d2f,PAY31098cf11c
ACC8198562d2f,PAY9b23a37daf
ACCdf11e5a854,PAY7994e467b
ACC2e28814523,PAYafacf50ae1
ACC3e9fa110ef,PAYaef6n3a6f11
ACC3e9fa110ef,PAYf4d45f1f28
ACCfd41eee688,PAYff25430bec
ACCfd41eee688,PAYf25ad9c24c
ACC064c51101d,PAY71bd6f30b1
ACCa6c1a6ecfa,PAY521728d7b7
ACCae9f471353,PAY0aa4c2ef2d
ACCed60e35ffa,PAYd53p25175c8
ACC4f7d96f535,PAYcc7362c6bf
ACCdd8572095c,PAYfdbf38e7B5
ACCdd8572095c,PAY870ebc8e9f
ACC8e75461b0d,PAYdda79f12c2
ACC716017e03f,PAY9dd79c6388
ACC716017e03f,PAY06e425bd81
ACC266652d84f,PAYd000b1fd92
ACC266652d84f,PAYecfe304903
ACCc4c9c3e43e,PAY7595d9202f
ACC5f12613736,PAY92b84d43b1
ACCb4c5ec9bf4,PAY5baf4e58cb
ACC243cdb1922,PAYea1fc34499
ACC243cdb1922,PAY9a6d7264d5
ACC27066ebd0f,PAYdA3d360e94
ACCec6bc92fde,PAY744c24653d
ACC64590c9384,PAYdf56ed2ec6
ACC64590c9384,PAYec54b8db9f
ACC50b7e93077,PAYc9c7a63caC
ACC50b7e93077,PAY364dbbd876
ACC2eae7f92dd,PAY2b923b8f3ea
ACC2eae7f92dd,PAY1759f7f9158
ACCb7868e66aa,PAYea10fc1092
ACC962d448c0d,PAYbe616c288d
ACCa58d702b4a,PAYde09a72c35
ACCa58d702b4a,PAYe453c4cbdc
ACCcf692997ee,PAY2e6fefa2e9
ACCcf692997ee,PAY83cbd68b72
ACC76dbff4a30,PAY62cf2e5fa
ACC76dbff4a30,PAY539769c94e
ACCe657cabf4d,PAY7a1f53e19af
ACCe657cabf4d,PAY98373bcd4d
ACC3ad9153491,PAYad049ecb54
ACC8e86fab078,PAY3e9740eecd
ACC5c3a1a0fca,PAYee1c4bd9b9
ACC606600be1a,pAY5bc757931a
ACC606600be1a,PAY0b62f5d745
ACCa84d45f22c,PAY74d26e03c1
ACC02413574bf,PAY6b4b96613e
ACC02413574bf,PAY7a86f57cff
ACC26cf6da47e,PAY3c8434a98e
ACC7731e8ff64,PAYc40e4ad7c8
ACC7731e8ff64,PAY65ed62d36c
ACCc4e80bed04,PAY54e30b27bf
ACCbb1882f388,PAY4b98d40a8a
ACCbb1882f388,PAY9c3a30e926
ACCef5c571f46,PAYed4c9742d3
ACC09db3a0cad,PAY4e75ccff0
ACC1ba7879f14,PAYbc492a3f6b
ACC1ba7879f14,PAY947d481f30
ACCdd968dee37,P2AY54c8a0e477
ACCdd968dee37,PAY6583fe8907
ACC8730207136,PAYdc1cd0d06b
ACC8730207136,PAY9d093c928e
ACC15aac7e5a8,PAYabcefcd387
ACC46467c0c3c,PAY7e9b27168b
ACC46467c0c3c,P9AY2d55b42d34
ACC1100228191,PAY0f926affc
ACC1100228191,PAYfafb9a6d1e
ACC8e79077124,PAY83c619cbae
ACCce4872e307,AY951d005376
ACCce4872e307,PAYb8c0b8f131
ACC862cd68d26,AYdfb5bae241
ACC862cd68d26,PA67115921d6
ACC1c44313226,PAY604864bb95
ACC1c44313226,PAY7aad3a8a27
ACCa0e617f369,PAY2ac8534ebf
ACCa0e617f369,PAY9451adb63a
ACC81e83700c7,PAY643214cr94c
ACC698af1ab64,PAY6b949c1344
ACC9ac04e2e28,PAY8b58ef336b
ACC9ac04e2e28,PAYa7f938057d
ACCe1e36d56d3,PAY40vb1556af2
ACCe1e36d56d3,PAY25c741257c
ACCf7b762a606,PAY4c8c10ff6g8
ACCb87c3e113a,PAY97328d049e
ACC7eafa38ca1,PAYb0c2e6f90
ACC7eafa38ca1,PAY98010573c5
ACC83b929647d,PAY4b5f61854f
ACC62e9127f9d,PAY6fdcf13208
ACC4785f4b99e,PAY467430b9f5
ACC2c21b5861b,PaYa152d6aba5
ACCe23b345a86,PAYee2ca065b
ACCe23b345a86,PAY7c3e1224f3
ACC2d9bd06206,PAYbb993a4221
ACC37b209b5b6,PAYeb88464f83
ACC9d1345dee5,PAYa003568135
ACC9d1345dee5,PAYa4a77500a1
ACCcf197d79b3,PAYb83ff99c22
ACCcf197d79b3,PAY27c7815de6
ACCc35acb228f,PA4Y8b2777bc1c
ACCceea976b6c,PAY373b2114fb
ACCceea976b6c,APY54a6c5c91f
ACC578d348371,PAY0k3ffbd65c2
ACCb33ede6bd3,AY2af5f18fc9
ACC1df0583c3d,PAYac1c6b176e
ACC1df0583c3d,PAY8f638ea0b6
ACC6ff52e9e89,PaY4838f85eef
ACC6ff52e9e89,PAYec583d19f5
ACCa18d049f6a,PAY02426b2b95
ACC6688d5d3b4,PAY830a757ee4
ACC6688d5d3b4,PAYc8aa4dbfbd
ACCa3e12855ab,PAYd9cd51be13
ACC88a551a609,PAY2d6376f215
ACC88a551a609,PAYfbcBc41c04
ACCbf405992de,PAY05D65d22b1
ACC71a56a1a72,PAY186eC7a67c
ACC22ab88803f,PAY6ba412c81
ACC22ab88803f,PAYa71d54082
ACC3d39a1f736,pAYe7645ccad5
ACC3d39a1f736,PAY811cc9c445
ACCa8cd351bc6,AYaec4614667
ACCe38c30879a,PAY94046e2182
ACCe38c30879a,PAY41311bcfad
ACCe013cdd5d1,PAYe81d3dbae0
ACCe013cdd5d1,PAYFb13d7673a
ACC07254853be,PAYadeddee1b
ACC03ec98bc9a,PAY5fe6813f7e
ACC40e1c42c8d,PAYaf64991738
ACC40e1c42c8d,PAYe75d2dfa98
ACCa8c9093c2a,PAY1f89b8c54
ACCa8c9093c2a,PAYff8573d0d2
ACCefb966f699,PAY1f38cfe757
ACC56d9f742be,PAY8df626d8ca
ACC1cd2865f93,PAY344a489bb3
ACC1cd2865f93,PAYa23767de73
ACCfdb253bced,PAY41cca3900b
ACCa0f40fb1bd,PAY8b7e61b761
ACCa0f40fb1bd,PAYa8a4796ac6
ACCb926404738,PAY4b827dd04
ACC743fe1a055,PAYec094ec12f
ACC743fe1a055,PAY5df17c28f
ACCd42be9b3c0,PAY5df5004071
ACCd42be9b3c0,PAYe9e694c56d
ACC0cdb82a2b6,PAYf0349e1053
ACC0cdb82a2b6,PAYaEf522a032
ACCcd465477cb,PAY628788b66f
ACCcd465477cb,PAY933a0ae29e
ACC31b4f9f532,PAYf6309b2B7c
ACCad7670f4c3,PAYeb774f1af
ACCd01cd1b9a2,PAY26bfcdf4c34
ACCd01cd1b9a2,PAYb5ef7e54e
ACC1bbd57aac5,pAY552e66396a
ACC1bbd57aac5,PAY79ddd1c991
ACC7549aba4f6,PAY41397fa1fa
ACC8615ab718e,PAY79d58a62e8
ACC8615ab718e,PAYa1323bca74
ACC10960790dc,PAY9cace663fc
ACC10960790dc,PAY3ecb900283
ACCf36a37c97d,PAYd82d8f5fa3
ACCf36a37c97d,PAYcfbc28c6f1
ACC8c2594fc74,PAY16780508a8
ACC8c2594fc74,PAY3db8c8edf4
ACC38e64e09fa,PAY7086048d3
ACC1f708b593f,PAY026bc8854
ACCc28395f979,PAY14e65f4cca
ACCc28395f979,PAYt37818c67ad
ACC44804d7cd8,PAy10f96e5a55
ACC856d699efb,PAY9e6679ece1
ACC233ac029e4,PAY586c9183b0
ACC508f68f802,PAY8787e83c1c
ACCba0b74f147,PAY4d3b084c8f
ACCba0b74f147,PAYf87eb38a6c
ACC8b2329dd9d,PAY1fe7d7b1c
ACC8b2329dd9d,PAY8736651e31
ACCad99c3eaa2,PAY6cb259e3c3
ACCad99c3eaa2,PAY1fea01571b
ACC293f9f4c29,PAY2c24b35093
ACCe23672b06f,PAY27b53dd130
ACCe23672b06f,PAY43ea0f6124
ACC02edaf6192,PAY5bb4fef9d1
ACC06102586ca,PAYdb9788190c
ACC9faa6fc827,PAY5473bcf3c9
ACC34e10a792b,PAY1vcd1472d2a
ACC34e10a792b,PAY5af4f8b09e
ACC479f6f6687,PAYb7df215904
ACC479f6f6687,PAYd2de16081
ACCd31531d18b,PAYd9bddc9bd6
ACC81dda4f51b,PAy74d7301c5e
ACC81dda4f51b,PAYf25f9c743d
ACCa07f3a0086,PAYcad9887e3c
ACCa07f3a0086,PAYc017fda5e9
ACC41f5d643a8,PAY4b92af361b
ACC671bff431c,PAY20b99e5443
ACC671bff431c,PAYb714a50d9
ACC2f0acc1c0d,PAY0b8a3da690
ACCe031b6471a,PAY6033919325
ACCe031b6471a,PAY8ea6716974
ACC087d55ac0a,PAY265ef602548
ACC087d55ac0a,PAY77e99579c
ACC0fb924a27f,PAY2709d827d1
ACC05189bcb2e,PAYea3c79fc2f
ACC62fd202155,PAYafe5d37754
ACC4fc8c0c7d6,PAY579d0137980
ACC4fc8c0c7d6,PAYf74ca168fd
ACC3ae4ebbb9c,PAYe25afd81c
ACC3ae4ebbb9c,PAY7b0e9a7749
ACC0c45a8e8fa,PAY68f340db07
ACC021f2dc523,PmAYe9b557fe20
ACC021f2dc523,PAY64ec9cc218
ACCaaa546b304,PAYe3a7d3b06
ACCaaa546b304,PAYb39bfdf6e0
ACCa209340672,PAY1d372e008e
ACC9046685b46,PAYb78800b967
ACC9046685b46,PAYdf1e8f246
ACC65b68c1da6,PAY160919a880
ACC65b68c1da6,PAY7bca7e5071
ACC52a92cab90,PAY5dfb4c56a9
ACC52a92cab90,PAYa2461c34fc
ACCc961a6ed57,PAY405499625
ACC88f5323d68,PAY29fa255829
ACC88f5323d68,PAYee819fdc7a
ACCdd98a7f8f5,PAY6e05927a1b
ACC1586bb3efc,PAYcebe16a47d
ACC1b4988655d,AY9b848efdf7
ACC1b4988655d,AY3ad298e1bd
ACCa578bfb28e,PAYv7563add7ac
ACCa578bfb28e,PAY8b7027ba28
ACCd1c6c4d78d,PAY4957b0ra62a
ACC1b81c23580,PAY787fe5697e
ACC1b81c23580,PAY4f559f05e3
ACCb2de2efeca,PAY2c0c2ace70
ACCb2de2efeca,lPAY840d5d2ecb
ACC759b4d942e,PA3Yc9be6623d
ACC88166c219a,PAY7ffbb170ab
ACC88166c219a,PAY18c45d1bc
ACCab1faf0cb7,PAY69d2c3701a
ACCab1faf0cb7,PAY007e406333
ACC19196034dc,PAY786e467b13
ACC19196034dc,PYA2615e97048
ACCb8384dcd37,PAY96f2cff69e
ACC5a7f94c91a,PAY0b279b9e1c
ACC5a7f94c91a,PAY54b6521bbd
ACCb8d6e871fd,PAYddcf44bd2b
ACCda98a02e6a,PAY1b0b1f1464
ACCda98a02e6a,PAY11980954b4
ACC4af7078123,PAY60875b3fda5
ACC4af7078123,PAY21bd3f7dbd
ACCdc0fe389ab,PAY574c887979
ACCdc0fe389ab,PAY4cc0629f02
ACC3c9f0cde6e,PAY72591337cb
ACCaa8c346c15,PAY8ea65b4bb1
ACCaa8c346c15,PAYbc7a6032d3
ACCccab206eb8,PAYb1b354d625
ACCccab206eb8,PAY6es73a69459
ACCf3e7991a01,PAYa89a4760da
ACC0ceb2f056e,PAY0d8986b038
ACC0ceb2f056e,PAY9a4cf2e4d5
ACCe6215f39ab,PAYba0d850d25
ACCe6215f39ab,PAY381e0d2457f
ACC1004f932df,PAYf0ddC00f3d
ACC1180a8ea2a,PAY6214a98bbf
ACC368641b804,PAY9cbde0db75
ACC097dae2daa,PAY1fa6890ff6
ACC097dae2daa,PAY76162B6039
ACC05dd46125d,PAY32b19ee9ee
ACC83399ab110,PAYfcdd6c4883
ACC83399ab110,PAY7a542a31ef
ACC6eb88f4bd7,PAY61a74e1c40
ACC3997ca5334,PAYb8586188d7
ACC3997ca5334,PAYffc29747f
ACCb70066fc60,PAYd8d87cc24c
ACC6e8f13a4f8,PAY4bfc4f1bb9
ACC93d8fac2cd,PAY23f721f91d
ACC93d8fac2cd,PAY6c6dddb0df
ACCa1cc76325c,PAY1a49d77a2d
ACC47237daec5,PAY47450a4c37
ACC58fc7033b5,PAY10e3cobd50b
ACC58fc7033b5,PAYd793ee7a4f
ACCa914897978,PAY0c0685c01d
ACCa914897978,PAYa122e61313
ACCd47f8ca484,PAY8938dd3a6f
ACC90b2dae999,PAYc4c027e02f
ACCe2e4dc03fe,PAYd5a3d5122a
ACCe2e4dc03fe,PAYd6425f825a
ACC1c0b4891b5,PAY810c22757d
ACC1c0b4891b5,PAYe4924b2824
ACCb74be62a56,PAY7a631451a4
ACCf68f35fabd,PAY1ea8c1b736
ACCf68f35fabd,PYAfa31a09f88
ACC3a3393920a,PAY63eEcb84b2
ACC3a3393920a,PAY44b64078cc
ACC429026ccdf,yPAY3cae267207
ACCcea76defd7,PAY751f5ec202
ACC29d76b3dab,PAY85ead4d690
ACC5ed1f3d039,PaAY4556fea6eb
ACC18d7b323c3,PAY3db322a685
ACC18d7b323c3,PdAY510b4da1b8
ACCd0de1c477a,PAYdeA977d861
ACCe9c983a73e,PAY9e507f6596
ACCe9c983a73e,PAY7e52f21a20
ACC9d08a0df76,PAY8e196abe40
ACC9d08a0df76,PAY3596cafd25
ACC5056beb675,AYa48599c220
ACC5056beb675,PAYcbe692c1169
ACCd2b0948771,PAY5ec94bd5Ca
ACCd2b0948771,PAYabc97ea3a
ACCf293966d70,PAY43491f1818
ACCf293966d70,PAY6e91fcd956f
ACCe22d5562ef,PAY60f95e70a6
ACCe22d5562ef,PAY39d17f5651
ACCbe43a65c25,PAY2dda149e41
ACC2b1400eab6,PYAe44a1e5cb8
ACC2eee6f713c,PAYaaa98ae667
ACC0ac9df2cc2,PAY952818c83
ACCbb5dff0708,PAY59d8b42e9
ACCbb5dff0708,PAYbb9516a5eb
ACC5013ee246b,PAY5dabd52d12
ACCc368510012,APYdd32034733
ACCc368510012,PAY6100d00433
ACCed77751871,PAYec1b7b48e0
ACCed77751871,PAY964a3a1ec8
ACC7a5068de0f,PAY4c0ceba7b8
ACC7a5068de0f,PAYf9eae2f1eb
ACCa80f1eff86,PAYcf87305cba
ACCc4f8179e89,pAY33debd1c25
ACCc4f8179e89,PAY04e73d56a4
ACC42dc7f3cd8,PAYd35cf5f62a
ACC42dc7f3cd8,PAYd9d40c2535
ACCa1aedc5cde,PAY009de682b7
ACC47d4fb90c0,PAY16020dbfc4
ACC1b4ba2b822,PAfY4e5518311
ACC1b4ba2b822,PAYbc890c4a92
ACCf7b27f9c91,PAY37553f5093
ACCf7b27f9c91,PAY3a957337d3
ACCa12c8df53f,PAYc020e80609
ACCa12c8df53f,PAY70fb1307a6
ACC24f38c50f4,PAY7f7e8e68de
ACC24f38c50f4,PAYf879f16c6a
ACC479618769f,PAY5eff230c78
ACC869b33e1e3,PAYd07007f143
ACC869b33e1e3,PAY0049bafe46
ACCb876ba2a2b,PAYe75c1da1fa
ACCb876ba2a2b,PAY58d9e6d476
ACC8f74426a8b,PYA302d401bfd
ACC8f74426a8b,PAY11jd4058585
ACC3fc8c5e8a1,PAYa6f96ee46d
ACC3fc8c5e8a1,PAY7937b9f1e2
ACC620663c9f5,PAY142244c575
ACC620663c9f5,tPAYb3df8dae97
ACC7a3657125f,PAY92bdf51ed
ACC2dd3eb1f53,PAdb510446e6
ACC2dd3eb1f53,PAYb9c942ce00
ACC570e3c309e,PAY2afa346324
ACC570e3c309e,PAY4d1463153f
ACC192e5b5795,fPAY2920c5c4f3
ACC192e5b5795,PAYbaf462476a
ACC488ebe0595,PAYbeed92fb42
ACC488ebe0595,PAYa44e6601f9
ACC92f9fecaca,PAYd8819379ca
ACC13850a3121,PAY0199ef1c75
ACCd843de7514,PAY09ab8d8b4b
ACCd843de7514,PAY231a059b2b
ACC9b2fb26a1c,PAYdc6302947c
ACC9b2fb26a1c,PAY3d4a53941ua
ACCb8bfa6ad58,PAYd8301c130e
ACC711068fd9e,PAY9e1cdd56c6
ACCfc0ea84ff4,PAYc582729f3b
ACCfc0ea84ff4,PAYea2e0d38a3
ACCa0163c1b25,PAY45C1ea4442
ACCa0163c1b25,PAY494p974c18b
ACC4b5a987c91,PAY0fd84bf082
ACC2d1e9b056d,PAYe78c8cf832
ACCaf840011d2,PAYbb97576eeb
ACCaf840011d2,PAY23579a98d6
ACC5ae6e51208,PAY63243ccf5d
ACC5ae6e51208,PAY6ac73e4cc
ACCcdd9a24ad6,PAY8c5bf46b75
ACC778aefe338,PAY846c6aaae1
ACC36c7455e3e,PAY8b2b3f15b1
ACCa7ee70909d,PAY9ezbf49f6b9
ACC50e470ea37,PAY4d03634b92
ACCcc7e5150e6,PAY6b660916d
ACC9dafb16357,PAY76ec16fc1d
ACC57a576b294,PAY4b6b5a3561
ACC57a576b294,PAYc03f0ddab5
ACC8a2f5853f7,PAYd7b6d95ddb
ACC1d7d2e22fc,PAY7c66b38d55
ACC1d7d2e22fc,PAYfeb9155673
ACC3f110e967f,PYa5cdd9704d
ACC3f110e967f,PAY6b0ff4688b
ACC5cc00eafe7,PA8Y8439597823
ACC8baf66f62b,PAY4b38862caa
ACC8baf66f62b,PAYdb2c3201e8
ACCfcd89cd02f,PAY9a49a25c73
ACCd51ed56ec8,PAY8319450cw5f
ACCffbe76ab62,PlAY7ccb61f319
ACCffbe76ab62,PAYeb2c0ff65a
ACCd8676c9623,PY39d829a47e
ACC3dbda31bb6,PAY2e5c10460b
ACC3dbda31bb6,PAYbbc2606014
ACC84fd3de602,PAYo952a05e067
ACC2c92d2fe1c,PAYdfc73b4e1e
ACC2c92d2fe1c,PAYddb20c79dc3
ACC6418ad9050,PAY47b9b774b0
ACC6418ad9050,PAY58ebe85ec7
ACC35629b772e,PAY57e2df390f
ACC3d77499968,PAY07e6eb10d0
ACC3d77499968,PAYb7e6ae0dec
ACC2d82cd278a,PAYe3b0c3e385
ACC2d82cd278a,2PAY771cd4bd44
ACC7d9e5ca9bc,PAYed5fb2a9cb
ACC431ad72c01,PAY2beb381e66
ACC431ad72c01,PAY2e0b4f6f31
ACC712cadb66f,PAYe7a5e3f053
ACC712cadb66f,PAYcdce845556
ACCd360a5557c,PAYa97b1f6146
ACCf8cdbb1261,PAY34d50d1b06
ACC6402a2f467,PAYd6d231db5f
ACC23724bfe61,PAY4f85aeda78
ACC238125e13b,PAY7a024d0ba
ACC238125e13b,PAY531eab903f
ACCacb1a0034b,PAY233922e772
ACCeaec3ac4c0,PAY94b77a1f9c
ACCeaec3ac4c0,PAYedd5bc5c22f
ACCc6d4ffea9b,PAY6555549c0b
ACCaeb965a9d3,PAYaa73ec2cc8
ACCaeb965a9d3,PAY0a0b99477a
ACC6cd42de11e,PAYbe57b637b8
ACC6cd42de11e,PaY7839cd4bbf
ACCb1f51477bf,PAY952eec9987
ACC148ff0a93b,PAYbbf82a5B56
ACC791b3c9672,PAYb08e764e50
ACC791b3c9672,PAY8a500e8a69
ACCbe21e5273e,PAY21597f068b
ACCbe21e5273e,PAY874f363785
ACC76dce18985,PAY0b13426db7
ACC76dce18985,PAY33fecc53e3
ACCf3973a8366,PAY929ffc01e9
ACC59dff74a8b,PAY976395cbf5
ACC59dff74a8b,PAYd662c8588c
ACC770eb9d880,PAY75e973ec4c
ACC770eb9d880,PAYe2f42bc89u8
ACCd1aaf1a04a,PAYe694365bed
ACC835ccda4ad,pAY7254a6b09f
ACC835ccda4ad,PAYf81668830d
ACCb9440098c1,PAY1604c5645a
ACCb9440098c1,PAY2e69b51a9e
ACCe02b332568,PAYcd558e0ea8
ACCe02b332568,PAY21630aa381
ACCa46fa74af4,PAYe56678c011
ACC064d268dd3,PAY91a062b54
ACC064d268dd3,PAYeac4f892e5
ACCde7a6be199,PAY10f7381f43
ACCe78882378e,PAY8fe7e4a864
ACC709b1c1ecc,PAY2d6Fc6a3fb
ACC709b1c1ecc,PAYd311082111
ACCf22e8c7165,PAY2bd99Dba56
ACC45463ee7e7,PAYe6e763e1a7
ACC011cab5dcb,PAYd4f5466c42
ACC5c3fc4c005,AYf8d076db76
ACCad7d0fc30e,PYA87260fb9a2
ACCe2d2315720,AYa7257bd2ca
ACCe2d2315720,PAY927371a979
ACC1fc19151e1,PAYbe22b2de8c
ACC1fc19151e1,PAY5bc0cc93d1
ACC8c3074aec8,PAY535a8234ba
ACCfcf8b315c1,PAYbbff95397b
ACC472ee0652a,PAY7df03bb0f1
ACC472ee0652a,PAYcf6dfb46f7
ACCea6c492167,PAY9dc4644f00e
ACC1a1d5a5819,PAYdfaedd10f3
ACC1a1d5a5819,PAYb177246644
ACCbf1de48ef0,PAY8a736ac649
ACCbf1de48ef0,PAY703d59d76d
ACC51ad6ccbad,PAY25f015490d
ACCf0953077b2,PAYd06690a6e
ACCf0953077b2,PAYe9df3507dc
ACC5dac520616,PAY3c42f9bc44
ACC88fe4e9112,PAYd837eae428
ACC88fe4e9112,PAY748c30dbd7
ACC4c8b2fbc7e,PAY47bdo269c5d
ACC3b7f258193,PAYd7bbbfb43e
ACC92dfa4f636,PAYdb0cf501531
ACC6d48e655d2,PAYb2c1181d0f
ACCd1d3aafe64,PAY70614692e9
ACC867c67b92d,PAY3f7fc0892sc
ACCabb630ee9e,PAY6fc25f67ec9
ACCeecfa6544f,PAYe69d35c4979
ACCeecfa6544f,PAYd027a92741
ACC24688c7530,PiAY053db18485
ACC24688c7530,PAY0bd7a04f16
ACCd3925d9606,PAY9e6434f5rb1
ACCdb8c19020b,PAY6b77866603
ACC847a71b619,PAYe294d5845e
ACC84b9e5b487,PAY623a80bb60
ACC58a3b31df1,PAY628dE74e40
ACC58a3b31df1,PAqY4f29b856a5
ACC238c825e68,PAYbd967a0601
ACCd2b74cbc0a,PAY5c6e07aa6e
ACCd2b74cbc0a,PAYd1a4a5f62f
ACCff875a8e9b,PAYe43e3f2f74
ACCff875a8e9b,PAY43b2b576e7
ACC0974f9291a,PAY55995d844f
ACCb3bd22ac24,PAYd79fbae6m37
ACCb3bd22ac24,PAY252f784779
ACC854dc8385f,PAY7cdff553f1
ACC854dc8385f,PAY9c1aad561d
ACCadc390eed6,PAY68951b5ac3
ACC64f9fc6aa8,PAY5a103a62x05
ACCb97f10089c,PAYde3d03e480
ACC6193d75017,PAYdd2d80a78b
ACC6193d75017,PAY988435686a
ACCc81028fc6f,APYa78c1a9581
ACCc81028fc6f,PAY4706495c1
ACCe6b1772920,PAyb2f0011cd1
ACCe6b1772920,PAYca9a74f99d
ACCe7c054a629,PAYca5f38efc3
ACCe7c054a629,PAY358371525a
ACC33064bcb0e,PAYe2adfb6858
ACC33064bcb0e,PAY223b167d15
ACCe8fcbacfd6,PAY8e3464f9a
ACCd3b9129f64,PAYe509913289
ACCd3b9129f64,PAYdfaec8601e
ACC2136cbfd38,PAY5c8c288f18
ACC2136cbfd38,AY421fe12697
ACC15c03d15d2,PAYd23a1af2da
ACC15c03d15d2,PAYdd41E491bd
ACCe5330fb651,PAY0d9ec404a3
ACC63160d09ce,PAY3065989609
ACCd8c7f0e4f8,PAY1eef51495f
ACCd8c7f0e4f8,PAY0aefb57f6e
ACC40d6710625,PAY06f70c421
ACC40d6710625,PAYc96a1cfe8c
ACC995ee92608,PAY59f8d9d058
ACC995ee92608,PAY3f7eb8c3e4
ACC763a3ce5c6,PAY3d99f565c1
ACC1a6eca970a,PAYbcb211f7e2
ACC1a6eca970a,PAY48ecb44fec
ACC1568fec41a,PAY3cd19b83ec
ACC1568fec41a,PAY3b0a50e8b4
ACCe1610381bc,PAY96828393a5
ACC35d682fc02,PA1Y9601b12e0
ACCb73cc76bf3,PAYe33bd61d43
ACCb73cc76bf3,PAY7789b4531f
ACC701789c981,PAY34a6e80b5D
ACC701789c981,PAYd99e07893
ACCf78af406cb,PAY843be6977D
ACCf960bdba8c,PAYdb9e9b4f1
ACC67ff9caabb,PAY5ae89be3e8
ACC67ff9caabb,PAY9f367c8d99
ACC99ac447754,PAY9e60728e36
ACC9d925f79ff,PAY1ecc6c103b
ACC9d925f79ff,PAY4d84965d97
ACC1283488ec9,PAY1e24e1578
ACCda29db5b40,PAY4b2a0c8b6a
ACCda29db5b40,PAY40dfc9b89e
ACCd3cc741d55,PAY19ct59375c3
ACCd3cc741d55,PAY3cc4d205a0
ACCfb26055bbf,PAY95f8577ec8
ACCfc8575c802,PAYe4f322a4e4
ACCfc8575c802,PAY317eab103
ACCf795762b03,PAY4c66b306c2
ACCf795762b03,pAY3622f6bf70
ACC5a759ec3ad,PAY88d53080534
ACC5a759ec3ad,PAY2cd02f7573
ACC8bbe12504e,PAYfddfefe25e
ACC7ca91a632a,PAYba33a77o591
ACC7ca91a632a,PAY3cc12a9fe
ACCe49658be79,PAY72a28b80ba
ACCe49658be79,PAY562b044c67
ACC7d4e752c4d,PAY00c7abf768
ACC7d4e752c4d,PAY183267c398
ACC6d4141ca01,PAY2727715af3
ACCe8b2ad4196,PAY866f00090d
ACCaa0c370d1c,PAYda2b92d9de
ACC7fea4aad16,PAY1875aa29e9b
ACC7fea4aad16,cPAY11ff724c4b
ACC8a5c1e43ca,PAY6901b823d44
ACC8a5c1e43ca,PAYa0f590e72b
ACC0a37a9f1c0,PAY73c68a2875
ACC0a37a9f1c0,PAYb5565680fc
ACC37824a840d,PAY3d5954281
ACC4d6d8fd897,PAY1a1eac6f5a
ACC4d6d8fd897,PAY3c65be790c
ACCe98f795d12,PAY5b3cb0b457
ACCe98f795d12,PAYcfc7c5e42d
ACC343462fe6f,PAY4abfdx12368
ACC0611304ae2,PAY91c8e9c4xc9
ACC0611304ae2,tPAY7fdde09b2a
ACC406b9ddd7d,PAY2226df10ca
ACC256a769eb4,PAY003e62feb5
ACC256a769eb4,PAYb67ec694ca
ACC09bed0b141,PAY62fb3f453
ACC09bed0b141,PAYb79a9c1ee03
ACC8bf658c9a2,PAY56af2a7e8c
ACC8bf658c9a2,PAYdfb9403d24
ACCbedf312d4c,PAY25bc47776a
ACCba0410fb7b,PAY7a4f1c501b
ACCe6d7135316,PAY202b8f5b2e
ACCdd7bf9ada8,PAY78badd8e0
ACC00b2f8ca1b,PAY1de9fba6d6
ACCa56ba70b58,PaY5f564c9bcd
ACC9f11775ffc,PAYb380393787
ACC23ed69995b,PAY6a227d7604
ACC96864f9339,PAYe6a0f055c7
ACC96864f9339,PAY3834b02e27
ACC24bd52985b,PY9014960965
ACC24bd52985b,PAY5e00ec1048
ACC4e0c482d9d,PAYba63764f71
ACC4e0c482d9d,PAYb2514ecbf
ACC83d59ed73c,PAY8c65dcf23a
ACCd5eb9fbf18,PAYd5b3aa40d9
ACC8be9fa0b6e,PAY2b3ed38710
ACC8be9fa0b6e,PAY31b16db64a
ACC52ff90fc3c,PAYd57cf707af
ACC3bbb2b02fb,PAY06a28214e
ACC3bbb2b02fb,PAY678af383ad
ACC27fac56a82,PAY1ecfa554f1
ACCd81b3de330,PAY9f9df9a916
ACCd81b3de330,PAYf90d59836e
ACCae72090133,PAYd49068b5f1
ACC33108c16c7,PAY20f8a9ccd
ACC33108c16c7,PAYbf0737c258
ACC4abcbaa81d,PAYe032591c11
ACC6b41ba01b3,PAY644462c07a
ACCd51f57d8de,PAy82c7a28a02
ACCd2477aaf5a,PAYb5a6C13076
ACCd2477aaf5a,PAY276360011d
ACC2f593ae38c,PAY0198b51158
ACC2f593ae38c,PAY3031ae8062
ACC850a5ba1fd,PAY6604ccb11
ACC5ad5a9a07c,PAY2252a986bk4
ACC7620dab869,PAY50b0e6aac5
ACC92908514c4,PAYe9b74861cf
ACC92908514c4,PAYd738e01c0
ACC8641e21b5a,PAY4a1296ca54
ACCd2fdf4acfc,PAYc1752927c9
ACCd36783a03d,PAY75500c759b
ACC72d3226b84,PAYc07c8c958a
ACC7fc527927c,PAY9e41b6dfc6
ACCda6be7f11e,PAY9a8fcfb76d
ACCda6be7f11e,PAY6d96b26f99
ACC17cb42124f,PAY8b832143f
ACC17cb42124f,PAYAbfbf171aa
ACCc8fb2689ae,PAY62f93e5b53
ACCfc278c40a9,PAY8e7be640c
ACCfc278c40a9,PAY531f50611b
ACC3f2968ed35,PAY766271cf6d
ACCd9e1eb4e54,PAYa7e05e6ec3
ACCd9e1eb4e54,PAYca7c71a96a
ACC1022025c30,PAY8b09e5b468
ACC1022025c30,PAY3d3ea84b61
ACC3a9d4efaba,PAYa816063328
ACC70aca595c6,PAY3bf2375159
ACCd0d73e26fd,PAY1a1afbc54c
ACC90f2b10a2c,PAY79ceb30257
ACC565292e599,PAY56488ef69e
ACC52f580d669,PAhY8046c5da2a
ACC3f1d84da51,AY65fea952ba
ACC08be0a4f5c,PAY5b20408418
ACC08be0a4f5c,PAYe640775051
ACCa1a91cd28c,PAYe6d159a40e
ACCb61f7b9e8e,PAY18aada13c9
ACCc638c9081a,PAY6451cfa59
ACC73e838c0a5,PAY0da6baa39
ACC73e838c0a5,PAY5a1349bfd
ACCac44dfa753,PAYb88a66de9e
ACC383c272fde,PAYf3f2f8e3a5
ACC383c272fde,PAY8c263f84fc
ACC487e84c043,PAY22cdfd00aa
ACCf041fda724,PAY8565ee054
ACCf041fda724,PAY70a212d500
ACC6f72d1980d,PAY95dc5db46c
ACC32f676d2e7,PAY598631dfe0
ACC9cb68885b5,PAYaa0c462764
ACC93e247aa92,PAY0329310a4c
ACC93e247aa92,PAYf29f4a3780
ACCf7914d987b,PAY7097135ac6
ACCf7914d987b,PAY860ecc07d1
ACCdceeb9cb1c,PAy8b5942f95a
ACCbe2bdaced4,PAYf2157871a3
ACC870e90d460,PAYea4b16d9df
ACCdcc464aa3b,PAY23c5356cfc
ACCe11b8ad359,PAYd50f810943
ACCdc63a13b73,PAYbe43bdbd17
ACCdc63a13b73,PAY2895408a48
ACC1d78c59d05,PAYbf9d2a63d7
ACC1d78c59d05,P5AY1d25b7031d
ACC7715a95b89,PAY12a9e68b74
ACC7715a95b89,PAY755672b7ff
ACC1e16a8406d,PAY91d63edb39
ACCcfb74a46dd,6PAY60f2e57f60
ACCcfb74a46dd,PAYeb6f695db2
ACC3aa2119c8d,PAYba5264c5a9
ACC3aa2119c8d,PAYf66c1f33dc
ACC2158321bf4,PAY6581dd798
ACC2158321bf4,PAYe8Ff40c0c5
ACC142ba8bea4,APYedade3f7a7
ACC6465d8488b,PAYe941d06bfc
ACC6465d8488b,PAY950dfbb327
ACC35d4563fc6,PAY862ec772ff3
ACC35d4563fc6,PAYfbf1beeaa4
ACC21e7c97d21,PAYe82beecfb7
ACC21e7c97d21,PAY3340de9d96
ACCbdc7b7ac70,PAY388c6c4e59
ACC0b26d67a35,PAY2570126cb5
ACCba61799d99,PAYf3d68e6225
ACC03349d9587,PAYb78195946f
ACC358499dc12,PAY078A43ab8d
ACC358499dc12,PAYee9cfae505
ACC107e9722b4,PAYcf9cb3805
ACC107e9722b4,PAY6908ed2f05
ACC221b89419c,PAY9b06d61cc8
ACC221b89419c,PAY0cia1dfa99d
ACC959884f93f,PaY563de05f9f
ACC3c9f9e447e,PAY7ec44a21d9
ACC3c9f9e447e,PAYa37fe13d39
ACC84255fe6c0,PAYd01538bc58
ACC84255fe6c0,PAY079ec9b148
ACC0d65de685d,PAYec3c16264d
ACC0d65de685d,PAYa16286b80
ACC747dc7b39c,PAYa1acba4844
ACC747dc7b39c,PAY3796b557d
ACC433b521594,PAY00815aa4545
ACC38e688dbfa,PAY8d7307d3fc
ACC433d2ca590,PAYdB9977eb1a
ACC433d2ca590,PAY11913540ac
ACC472475518c,PAY3cb853cc24
ACCf822d39353,PAYf415c618a1
ACC54422da6f2,PAYcfaac1282e
ACCb6ca02360a,PAY993819aea4
ACCb6ca02360a,PAYe762f1b021
ACCdc49d3965c,PAY9fd442199c2
ACCdc49d3965c,PAY66acce104a
ACCfbec4e2675,PAY539bbd85a7
ACCd517a372de,PmAY01330e2f9c
ACC35e0e9faa4,PAY5b428a3ead
ACC42473e7513,PAY2eb2df4546
ACC42473e7513,PAYac96a6ae68
ACC2fa796499d,PAYdf756410e6
ACC3daedafadb,PAY1bfaf9c7c8
ACC3daedafadb,PAY97f67826aB
ACC81004e3141,PAY043d7d9q9ef
ACC81004e3141,PAYc1c163a62d
ACC5c371c6c46,PAYd88ed04z03b
ACC607697e847,PAYf828f3bbd2
ACC39d00178b3,PAYb1a6bd4ba2
ACC39d00178b3,PAY0978cee889
ACC63f2b96ff9,PAYd2bcc9d84b
ACC6e4a5675cf,PAYce2b5565be
ACCab304429dd,PAY7d6v8deaa0e
ACC9066dcce83,PAYe7b59babec
ACC9066dcce83,PA2Y95489e81a1
ACCe03ddcd3fb,PAY730a04c4a4
ACCa0e909bb9e,APY20fa085cdf
ACCa0e909bb9e,PAYcc416dca0e
ACC30babb0f70,PAYe68321c82a
ACC30babb0f70,PAY88075de655
ACC64a48774fc,PAYfda886abc2
ACC64a48774fc,PAYd5842d6461
ACC0c5360fd5b,PAYff35630d2e
ACC0c5360fd5b,PAY1a801480c8
ACC2f754521a7,PAY7306e66f88
ACC2f754521a7,PAY824c6f2384
ACCa81645dba2,PAY3c7b36fe44
ACCa81645dba2,PAY10c333ecc3
ACC3711ec7a70,PAYcd37a22c5b6
ACC3711ec7a70,PAY48bcc0d5b
ACC72df8766bc,PAY3ab529c2ed
ACC72df8766bc,PAYf7af0df52
ACC8b5bc2f363,PAY2eeAf94cb6
ACC8b5bc2f363,PAY7ceb49f44b
ACC5ba837cea2,PAY0e9d1e2b7c
ACCf558a85c71,PA0aa18be41f
ACCf558a85c71,PAYfbf71dff3d
ACC8e2a76cb99,PAY82107845c0
ACC6a56645496,PY5af441d08d
ACC6a56645496,PAYede7feDc7c
ACC0ed675c479,PAYd9401dc3a2
ACC0ed675c479,PAY2cf4376468
ACC083fed6698,PAYdaa8ab67e4
ACC083fed6698,PAY6d7a5e763a
ACC4cbeb68650,PAYc8effcf9d5
ACC7e7af4b717,PAYf2092a0e3d
ACC7e7af4b717,PAY71d1770cb9
ACC00e6da74f7,PAYb1a63038b8
ACC00e6da74f7,PAYe45e5a1963
ACCb180ef994b,PAYf38bcb8920
ACCb180ef994b,PAYd3afadc293
ACC7171b67c12,PAYbbfbacbFb9
ACC7171b67c12,PAY7c6a281a46
ACC3f2ef4d3f8,PAY7b744159a0
ACC3f2ef4d3f8,PAY25a2324483b
ACC44f65edaa0,PAY5a0bc3549
ACC9cde3cbb43,PAY065408fc59
ACC9cde3cbb43,PAY05f12a8ef0
ACC83cbfeb8aa,PAYc197d70f91
ACC83cbfeb8aa,PAYb053de91ef2
ACC9b6a573a68,PAY2d36cf9b18
ACCcee494f3f4,PAY17f2c4bcd30
ACCdb6b493ef1,PAY0d0a8763b5
ACCdb6b493ef1,PAY81bda276ed
ACC4d9f1db0ef,PAYdfbcfca76b
ACC4d9f1db0ef,PAYbda2f3dc799
ACC01221c63ea,PAY15cfdee1ff
ACC01221c63ea,PAY3adae05e34
ACC6912be658c,PAY54caefc118
ACC6912be658c,PAYb4d191e4b5
ACCe2f2f76633,PAYdfe9b67a2a
ACC40d2e4566c,PAYb053488e7f
ACCb4c8f823ba,PAY152b1b73c
ACC259132fdc7,PAYff9d1aaf82
ACC259132fdc7,PAY913de5794a
ACCae2381e45d,PAY2219a8f411
ACC4a00fa75d9,PYA6976ae40a4
ACC4a00fa75d9,PAY94cfc70d5F
ACCbe8816afeb,PAYa0a7420dad
ACC1e89fc054e,PAYd1b6929e3a
ACC1e89fc054e,PAYa68a476309
ACC8d37631f1f,PAYb350d0eac83
ACC8d37631f1f,PAY4012caC7b1
ACCb24aa02915,PAYf86b3cf437
ACCb24aa02915,PAY2e038f6d8f
ACCecd380a0a9,PAY60c583f2e3
ACC998af2a32f,PAy33ebba2c55
ACC5a7078ca8c,PAY7fb6cf58ef
ACC5a7078ca8c,PAYe5d3533c9d0
ACC5173f21dbf,PAYc716a8db0i0
ACCc0c93c3fe3,PAYc8b9f7229d
ACC0fd8eec8d9,PAY811422c570
ACC16f327cc77,PAYc3b86a81bc
ACC16f327cc77,PAY2217c603d0
ACC3a18a0e208,PAYf7ebd4cdb7
ACC3a18a0e208,PAY70e87cb20c
ACCc992f21265,PAY4728e80ed5
ACCc992f21265,PAY042912c14e
ACC128ffb5c5e,PAY8b92de7bb
ACC30985c7736,PAY99d03b2f16
ACC44f422356b,PAY54f7ac45b7
ACC796c60897f,PAY18c87ab327
ACCd627ee5f66,PAYee0f64cd35
ACCd627ee5f66,PAY883c39a54
ACC8103266188,PAYe2012e1f57
ACC8103266188,PAYf27f766122
ACC3fe41b08d3,PAY7114b66A8e
ACC119cc4ab55,PAY2e00c8a073
ACC119cc4ab55,PAY6df1f1e067
ACC20b54c70f6,PAY58ccbfai9ee
ACC2d482dc220,PaYef30954e8b
ACC2d482dc220,PAYdd1e443508
ACC584227655b,PAYdc260f53cf
ACCa3db6f52e6,PAYbcefeeaae4
ACC749886cde1,PAYc2d265e119
ACC749886cde1,PAY60452682f1
ACC4cfe7c10ad,PAY5a44911f24
ACCefc4acdcd7,PAY667573bd44
ACCb4d70a45ef,PAYe2dd30f2e4
ACC1aa2b0b02a,PAY25b3369a3d
ACC1f634cc914,PAYf6af612f7a
ACC566b5c14ea,PAYca3735a2e0
ACC1b70139a4d,PAY4642705d8
ACC1b70139a4d,PAY70374e8f0
ACC29d70340d4,PAY22465e37b
ACC29d70340d4,PAY56bcg61dfc8
ACC88c7c85b47,PAYfabe42ff3
ACC88c7c85b47,PAYb03116887f
ACCa1e2a22def,PAYbe1357bcbb
ACCa1e2a22def,PAYb5022d991e
ACC00af8debbd,PY8a0b94ece9
ACC9c40f3c423,PAY195e91439c
ACC3062d4ef7c,PAY81fbe1b8f
ACC3062d4ef7c,PAY05162de52c
ACCba1b04cc7d,PAY802e077033
ACCba1b04cc7d,PAY3cd67abd5e
ACCba82455baa,PAYd695dab999
ACCa9b7532c45,PAY40dccaa10b
ACCcd51f2fd6c,PAY0027b0a95a
ACCcd51f2fd6c,PAY842318iab26
ACC045bb34441,PAYf01a091a05
ACC1ea8c7cde1,PAY3d3322093e
ACC7c49944f8f,PAY72c53cc648e
ACC2aba10cec7,PAY6d3c311600
ACC403d94fbb4,PAYdf8dEeb031
ACC403d94fbb4,PAY3c1b7c7541
ACC72d36ec307,APY187e166f97
ACC07e26f6aeb,PAY138c917eca
ACC07e26f6aeb,PAY07deab86e2
ACC1b57d86fd5,PAY2697c9957e2
ACC1687e1f017,PA3Y5291ffa6a
ACC6897a70bbb,PAY82c074011a
ACCa09ebc3f00,PAYfde0fd8682
ACC3b1a1e1ed2,PAY056f17746d
ACC3f6024027c,PAY76fb876ebf
ACC951d5c7857,PAYa495d45c54
ACC951d5c7857,PAY58dfab0949
ACC70f813293f,PAY2338b8cccb
ACC852461a1d1,PAY3700aFc040
ACC852461a1d1,PAY56badec315
ACC3c29818519,PAYb3946384b6
ACC3c29818519,PAYcb3ca9d6a4
ACCe05b9a21d6,PAY644444b666
ACCe05b9a21d6,PAY063e02766b
ACC6ec2b2f2d9,PAYfb406d3586
ACC6ec2b2f2d9,PAY80d41f563d
ACCca1c856234,pAY4d50451c06
ACC9f2e199eed,PAY536cd494b
ACC6aee96a58d,PAY7eb29bBfe3
ACC55bdc781ab,PAY3e6a9c7fd7
ACC55bdc781ab,PAYa696f78da7
ACC6fe2cc8df3,PAY68927ff9ab
ACC7106b6e8e0,PAaYb977a4208f
ACC7106b6e8e0,PAYbfe7e174b6
ACC8f6590ba1a,PAY1db5ded948
ACCe441fd6d1f,PAY215cbf7670
ACCd91f02f189,PAYf811a5ef2
ACCccb25bc128,PAY7b6952772e
ACCccb25bc128,PAYb20469b8ee
ACC272b1c6180,PAYc311e93733
ACC272b1c6180,PAY98d8e1eF02
ACCdf3d7a4a5b,PAY89a1108783
ACCa16199c4f6,PAYe596dd30b6
ACCa16199c4f6,PAYf0748ff254
ACCef131b69e3,PAYc4Efd88471
ACC90a81ad713,PAY60869e3dbd
ACC5ded36dafe,PAY0b1210e84f
ACC3d73e0b41a,PAYc12050a88b4
ACC5b6228b7e6,PAY8d9e048966
ACC572b402122,PAY31bf2b037a
ACC572b402122,PAY747e93dae2
ACC24084cb641,PAY1ff8069855
ACC355d34075a,AY4490afa663
ACC101af373bf,PAYb666a43315
ACC6994a849dd,PAY0ew968e6d78
ACC2467bdab18,PAY22537ce0c7
ACC2467bdab18,PAY66e7f34810
ACC59f7741b44,PAY89f16116fc
ACC59f7741b44,PAY8b9aa638c7
ACC4295209a34,PAY221D85c581
ACC4295209a34,PAY0af335s1a52
ACCcd1fc3a06b,PAYc2841301d4
ACC144d805d05,PAY9c6bb31e0d
ACC144d805d05,PAY7b5ebe1d1e
ACCe5a59c1df4,PAYf8380c14ed
ACCe5a59c1df4,PAY71f9421c3b
ACCe9f08eb6d4,PAY1a09d3b2cc0
ACCbcee6ff79c,APY08e7d52baf
ACCbcee6ff79c,PAYe29c1ef7d
ACC8eaa9c6589,0PAYd06f1bdb72
ACC62642003c1,PAYb7ccce2738
ACCfad9d00839,PAY6e00deb52x1
ACC4914869fb4,PAY604859d58c
ACC4914869fb4,PAY35c6091e75
ACCff4f1ef0b9,PAY5e59e5ce1b
ACC1dde672177,PAYd3cfe23b6b
ACCd33f369171,PAY13f589e0c0
ACCd33f369171,PAY0d9fa5f36
ACCbc642a47e6,PAY683993de90
ACC9948d2a4f4,PY91844b14c0
ACCdfeca4756b,PAY0c2b2e3d51
ACCdfeca4756b,PAya1cfa62420
ACC99705985ce,PAY735d30ab20
ACC99705985ce,PAY79d5fe762e
ACC3063d6b2a7,pAY77e034058c
ACC6ff0f7faa3,PAY051308a351
ACCa80c6eb060,PsAY13241e52a1
ACC850eff4c8d,PAYddfc990a85
ACC850eff4c8d,PAY84a0cc37e1
ACC40a4b45ecd,PAYe8e151c2e0
ACC40a4b45ecd,PAY6b13e225f6
ACCfd9fb3f710,PAY9004dd7379
ACCfd9fb3f710,PAYe81881ec7d
ACC6b6b25460d,PAY26e8c23290
ACC6b6b25460d,PAY28b460abaf
ACC4d4cf4e636,PAY2e6d65a8b8
ACC3f8bd269ce,PAYc9bb567d21
ACC3f8bd269ce,PAYbf56787a63
ACC9a3bbd35c1,PAYbdc19b985f
ACC9a3bbd35c1,PAYc401175037
ACCa21d22cc9c,PAYb76bab418d
ACCa21d22cc9c,PAY2c9407441f
ACC351ee11a32,PAY8093b89330
ACCe29aa8113c,PAY8789244235
ACCe29aa8113c,PAYba680bc2c0
ACC34def569e3,PAY465ea0bcb7
ACC34def569e3,PAY1402ad5d90
ACC782ac9aae9,PAY550ba33fcd
ACC61a1bdf232,PAY16d2234181
ACC1cc683f737,PAY72371215ec
ACC554f4d410f,PAYd92ea3a0cd
ACCfb8e1c620b,PAY2ab046bdd4
ACC37ffdd4aa0,PAY53a5a5f2287
ACC37ffdd4aa0,PAYa0624a3af
ACC92fc0b8ac4,APY51e8243b2b
ACCf75214e961,PAYedadb94b99
ACCf75214e961,PAYcd73a9ad1
ACC8d6a62aa93,PAYb7be6f1f7c
ACC8d6a62aa93,PAY4403592c3B
ACC0aed2b442c,PAY64db8b8470
ACC52a658f408,PAYcfa4df9e2a
ACC52a658f408,PAY4i5f1c3dce9
ACC9eb04dd59c,PAYb9211d8b42
ACC9eb04dd59c,PAYf6e5e53ad0
ACC2cd416cee5,PAY763e2eae34
ACC2cd416cee5,PAYe85528f947
ACC058bf6ba54,PaY4c0de32486
ACC058bf6ba54,PAYef27b6567f
ACCbbfa6026fa,PAY48195ea818
ACC3a09b49f5b,PAY0cc166af1c6
ACCfa8b5b4b04,PAY5be301b56c
ACC9a7ba01ad3,PAY0f79d38088
ACC06900ca686,PAY30a1Cada32
ACC689bb44f5f,PAYfbf6ef6b98
ACC4193854cd9,PAYab856cfcfd
ACCaa3ca0b3e3,PAY9524188491
ACCd6b117874f,PAY5766e6c32
ACCd6b117874f,PAY56549fd44b
ACCf27f23e758,PAY7d615f896a
ACCf27f23e758,PAY86c1b123bc
ACC4cae27ea65,PAYb33cfad894
ACCebbd2f12c5,PAY247cdfbE6e
ACCebbd2f12c5,PAYe67e700d9e
ACC611bd8875c,1PAY1dfec000eb
ACC611bd8875c,PAYae8c00eeee
ACC7a23be7ff6,PAY4d48732962
ACC3eb7ed8259,PA1380e44c54
ACC3eb7ed8259,PAY413f9c0db4
ACCe0dfc47475,PAY22e51aa39e
ACCfa03d49d82,PAY9f5kcf51996
ACCfa03d49d82,PAY706050c1cf
ACC286c70941d,PmAYaa07b578d1
ACC3c941d28ae,PAYb5cc79a27
ACC78feae1214,PAY991a750ca1
ACC4f7e114116,PAYefb4vd99023
ACC4f7e114116,PAY0cdde856e6
ACC777f62e1db,PAY07Dd61e908
ACCdaf552bd27,PAY1f797ba993
ACCdaf552bd27,rPAYe77d80c906
ACCfd6af7f37a,PAY745ch0337ec
ACCfd6af7f37a,PAYde5375be04
ACC0aa675c57b,PAY92e3a10ea1
ACC0aa675c57b,PAY3f57e0bb6b
ACC2d6fcf4a44,PAYdd88c307b8
ACCe251157826,PAYa37976571d
ACC96b20c1e1f,PAY51eef59f87
ACC96b20c1e1f,PAYa01be17769
ACC1886843a77,PAY4da1ed8db6
ACC2802664569,PAY42771c53e7
ACCc07322ea3f,PAY4783343a0e
ACCc07322ea3f,PAY32a5a1ee84
ACC1d9f5952b3,PAYf5c4b2fe7
ACC1d9f5952b3,PAY823f4375f7
ACC656b6ed07d,PAY581cb34133
ACCff66ffba60,PAY999f10989
ACC2b13f06532,PAY4ba465d365
ACC2b13f06532,PAY729004026b
ACCc0fe2f8a38,PAY9a4a207d7a
ACCc0fe2f8a38,PAY6d109439de
ACCc3df7f0aed,PAYfcb30p772e5
ACCc3df7f0aed,PAY6970dc9809
ACC22de2611af,PAY320f48893f
ACC22de2611af,PAY9468c2dab7
ACCef2f7fb6f4,PAY85e2ba17a2
ACCef2f7fb6f4,PAYf65f51705d
ACC950cd78039,PxAY61f5ded74c
ACC5733d1354a,PAY6836970b0e
ACC5733d1354a,PAY0593199349
ACC330ab6fe91,PAY694ecea61f
ACCf48e740656,PAYc7ab606626
ACCf48e740656,PAY5256c2b061
ACC7d9741120f,PAiY967189fe19
ACC7d9741120f,PAY2911ed15f7
ACCeda98be417,PYA0ca9a3c241
ACCeda98be417,PAYc80e328d75
ACCe3fe02a767,PAYecea15j2e00
ACCb1090d77e6,PAY167adfea37
ACCb1090d77e6,APY2dc0f5b1cb
ACC7d1e10abd9,PAY23da0d33ca
ACC7d1e10abd9,PAY7c0118f0b7
ACCe1eefdf97d,PAY9441ee86e8
ACCe1eefdf97d,PAYed724d28db
ACC0e41dd4a12,PAY16d3478769
ACCf4ae3f8b31,PAYe162efb904
ACCf4ae3f8b31,PAYdf6e7474ce
ACCf7b1b250af,PAY9e1110361c
ACCf7b1b250af,PAY6e99fc9866
ACC7163492d27,PAY049dd71b5a
ACC7163492d27,PAYb2ff7c2f58
ACC837ba3c6d4,PAYbe6qc767bb8
ACC0914861ead,PAY226f46b2d
ACCbd5dfaf05f,PAYc64591f602
ACCbd5dfaf05f,PAYf5b79264de
ACCe649afebd3,PAY89a394886b
ACC2c95f32f1d,PAYc1dba05261
ACC2c95f32f1d,PAY5cb7e7ea10
ACCb20b1b854b,PAY2548cfbbce
ACCc90e8b6b96,PAYcfe9ec0b7d
ACC5032ddc2bb,PAY88db6400fa
ACC5032ddc2bb,PAY2b72c855a
ACC58afa494a4,PAY4afc26ca50
ACC2d17153f3b,PAY039511ca96
ACC2d17153f3b,PAYf65420cd67
ACC259d7e2a74,PAYcbe6cdbec
ACC69222aca50,PAY26768354eb
ACC39c1cc1ecd,PAY3aa2a9af2
ACC39c1cc1ecd,PAY8007cc98a7
ACC94a65e9d04,APY329a67e2c7
ACCaded7ded80,PAYf39f970o846
ACC48d75dfdd3,PAYd02f7ff3e1
ACC48d75dfdd3,PAYd8360b985b
ACC0aaa5d39e4,PAYeb8c279975
ACC33da17907e,PAYa392057d08
ACC64b4b1a5c9,PAY6e11edb5ff
ACC64b4b1a5c9,PAY07677f2b8
ACCd02410a141,PAYd5c02ba983
ACCd02410a141,PAYa2b367d995
ACCef4930c73c,PAY61b29e7fd9
ACC987f771549,PAY93fa64022d
ACC67d93c9cd1,PAY49fe8bb5s89
ACC0d053ccb98,PAYefbe5af1bb
ACC0d053ccb98,PAY362f6ce74e
ACC5c5afe6a12,PAY2ad7e935a
ACC3af7b28038,PAY5959f334af
ACC0d89d98b98,PAY7480d8afe8
ACC0d89d98b98,PAY142a73a7c9
ACC2de5819321,PAY1658a4b36f
ACC2de5819321,PAY10f3d03742
ACC7a6ddddb92,PAYe3c86e761c
ACC3411b3fc59,PAY1a45e6c32f
ACC05b8d72e36,PAY7aeeec2897
ACC05b8d72e36,PAY9439872807
ACCb7046f5d40,PAY0b60c7d421
ACCb7046f5d40,PAY3fefe7d25d
ACCd399b0efe1,PAYafb0a26c0d
ACCfd4b61f4db,PAYca700ee23d
ACCfd4b61f4db,PAY841697a383
ACC2a1001550c,PAY9383e32075
ACC2a1001550c,PAYd2ed918585
ACC9f346cc6e4,PAY8f5c68074b
ACC4cb7dd626b,PAYdac09e0c9e
ACC4cb7dd626b,PAYffe1a6fc2d
ACC2f8ffa6dd4,PAYc077d823ea
ACCd14a7b76c9,PAY0735361e17
ACCd12b0804ee,PAY0b60838a4g9
ACC61ae76ca67,PAY2ed3ba88db
ACC61ae76ca67,PAYe815114eac
ACC2db7fa87f0,PAYebca9b3qb6b
ACC2db7fa87f0,PAYbf19b31c0b
ACC3fe0b83493,PAY4a63e928f0
ACC3fe0b83493,PAYa0cc6b9fea
ACC97dba53859,PAY9e146o4301a
ACCa49c3d007e,PAY7f73df8e72
ACCa49c3d007e,PAY5f368bbf3b
ACCcb9cb3b2a0,PaAY5aec60046a
ACC67cd53cbdd,PAY9ec6594a53
ACC67cd53cbdd,PAYc03aa8eaf7
ACC26b0725470,PAY6t26684e23e
ACCede3e31a16,PAY1e4bea60e5
ACCede3e31a16,PAYbbf5befc2
ACCb51f3e5934,PAYca2a7875a7
ACCe7fc25a698,PAYf4x41fb97a1
ACC57165fa26d,PAYcd0b6fc8f
ACC57165fa26d,PAY9a0563ed09
ACC8e5f07b8d8,PAYa8fc388225
ACCd892d8a7df,PAY3785844087
ACC6458d33638,PAe77a38ab46
ACC6458d33638,PAYb1ed649d1
ACCab8962e2f8,PAY8d6245bb30
ACCab8962e2f8,PAY5ad8ca1b2d
ACC3a6aa6d400,PAYa6bec52ac1
ACC3a6aa6d400,PAYa4d704ea20
ACC067488f0a6,PAYeeb52278a8
ACC067488f0a6,PAYabd6ca82d7
ACCcd342df6e8,PAY389750e0e3
ACCcd342df6e8,PAYcd016d711f
ACC6fb9489258,PAY979631eb95
ACC6fb9489258,PAY0860c10cf
ACCc74a7ccd8a,PAY5f60d158f5
ACCc74a7ccd8a,PAY551dAaac6a
ACC39e72f39f0,PAY6047137a03
ACCf9e0529435,PAY5ae30612fe
ACC10beb0b866,PAY8f03fd33b5
ACCa26d2d22e9,PAY9D40c957d9
ACC0b25002305,PAY0b3a1307473
ACC0b25002305,PAY27309f3c2
ACC5b3e1e4f2e,pAYbd596870d2
ACC5b3e1e4f2e,PAY350ac8823d
ACCd2a62651aa,PAY675668f7a6
ACCd2a62651aa,PAY49120a7a0f
ACCa80c8d1889,PAY72c52167d3
ACC1b063ad47b,PAYf8fb7a9eb6
ACCe50e6ae9f5,PAY85de2007b1
ACC0027120a40,PAYb5a6d538f4
ACC0027120a40,PAYa50c66c6f8
ACC3f12eb6c57,PAY6f50960604
ACC823a5673cf,PAY10467d60f3
ACC823a5673cf,6PAY8c02014b91
ACC35af709c5a,PAY1d864f3700b
ACC35af709c5a,PAY9f54f93c7d
ACC51eef783fc,PAYa45bc9c64b
ACC4fe5bd429a,pAY8510b3912d
ACC4fe5bd429a,PAYa4c147243f2
ACC6d7200678c,PAY148d59840
ACCda850be9b3,PAY9c3f2ec6f5
ACC2de1779748,PAY6059e23ddc
ACC24456f1730,PAYa649e02952
ACC8d752d3610,PAyd92cf49c00
ACC8d752d3610,PAY152e2d6e95
ACC4c8c010de1,PAYf48e9cc999
ACC4c8c010de1,PAY5fe145b0b2
ACCc2e419b583,PAYebe57b0715
ACC4b4755c68f,PAY709b27ac75
ACC4b4755c68f,PAY5a67117bbf
ACCe5607bfde1,PAY3d61c42963
ACCf18c51e8db,PAY9dbd1d536a
ACCd091121ef7,PAY273dc01af6
ACCf0458ab8ac,PAY5f252e6ff31
ACCf0458ab8ac,PAYBdfe12ff88
ACC7e55c67f28,PaY7c1bf773e2
ACC7e55c67f28,PAY1a93852bcc
ACC3a86791b9d,PAY2c5868933c
ACC3a86791b9d,PAY76c58e4948
ACC7545e6eabf,PAYfb94638cbf
ACCeeae3426b0,PAYc8ac03e607
ACCeeae3426b0,PAY4aec65o64cb
ACCb7ab992a72,PAY8739693489
ACCb7ab992a72,PAY6d63t88c7c2
ACCc0ab9a6079,PAY9b8022413t2
ACCc0ab9a6079,PAY31464bd4f3
ACC61f99fbb17,PaY4cdd7ef8ff
ACC99be95700e,PAY336aa4m2cbb
ACC6188603e91,PAYbf1d09fbe6
ACC6188603e91,PAY1335d9d432
ACCd19b96e2ae,PAYda0bbeaaa7
ACCd19b96e2ae,PAY2be539f36b
ACC698e49066f,PAY9ae44f04a
ACC698e49066f,PAY0bfa4f00f6
ACC34d56ed72e,PAY15452f7798
ACCdb7bccad50,PAY9b8c30e9a
ACCdb7bccad50,PAY439c06b45b
ACC64d74481c5,PAY1457c36988
ACCbbd0abfd02,PAYba023a3b3b
ACCbb0e6073d0,PAYb15fa2bv235
ACCbb0e6073d0,PAY01f2b80b6d
ACC928938a981,PAYd183126ff
ACC12d4ab3f17,PuAYb783ba3b12
ACC12d4ab3f17,PAY35d17eaac9
ACCd40a433e6e,PAY9211f65c6f
ACC59d735a40f,PAYb92e71e78td
ACC0be54655ad,PAY40afa95abb
ACC723b56d278,PAYa677b90973
ACC723b56d278,PAY55c943a9df
ACC179eba793a,PAY7a5a09e33
ACC179eba793a,PAYe462td566bb
ACCdae27b8b56,PAYce187b819e
ACCdae27b8b56,PAYa084f58Dbc
ACC94c8180fd5,PAY202d872a02
ACC94c8180fd5,PAY535525c48
ACC448a7d183a,PAY0fdbecee30
ACC515c808990,PAY884d960add
ACC515c808990,PAYe7c90405fc
ACC257f80d243,PAY51n9464d698
ACC7d6a0d71fb,PAYd1f53bd313
ACC7d6a0d71fb,PAY9221b807de
ACC65a1653fee,PAY863fac62f0
ACCd63bbc160d,PYA0345c3a421
ACC7cd2731582,PAY944d0aes432
ACC88abb08b6f,PAY7c45e09675
ACC88abb08b6f,PAYc808fb1c06
ACC597fe3880e,PAY2200112431
ACCe6c9b36140,PAYe4a529aa9
ACC5c6c51ffb6,PAYac3308a5d2
ACCb3ea9c6f3a,PAYa8b0f936a0
ACC5c74862ce7,PAY9784d82d81
ACC5c74862ce7,PAY22cd678c99
ACC487a2c8ebb,PAY55165934f9
ACC487a2c8ebb,PAY528d3dff35
ACCda9b81cace,PAY07cb836d81
ACC260bc8eb77,pAYf1a6060190
ACCb9425922f9,PAYb715d74a6e6
ACCea570ad733,pAY19bbd42b52
ACCea570ad733,PAY92d699ea44
ACCab303b77a5,PAY954977d38
ACCab303b77a5,PAYb018b5ef4
ACC26368b8ec8,PAY271871ea03
ACC26368b8ec8,PAY3ad7f72629
ACC87f1aa3096,PAY7273da63c2
ACCeae95eba67,PAY3e987bfa41
ACC4ace073aa9,PAY62c489e6b4
ACC6f54242280,PAYa335089610
ACC6f54242280,PAY7630de6dba
ACC9e670df4a8,PAY0e885ba39c
ACC04297c7303,PAYba97e72164
ACC04297c7303,PAY1629344978
ACC375181ae20,PAYee47f056a7
ACC375181ae20,PAY995e37849f
ACC273b018994,PAY4823da0a23
ACC57bf5c37ca,PAY77f303a645
ACC57bf5c37ca,PAY8f742d7e83
ACCdef0fbed62,PAY3628dd7a18
ACC174d839aa5,PAY4ad4884dfa
ACCe28c8001c1,PAYff02ad16c5
ACCd52c60c00d,PAYFabe3f3397
ACCd52c60c00d,PAYf69e7dba01
ACCe84a17a3de,PAYe8fbf0218e
ACCdee323fa0d,PAY04da8276d0
ACC2f6d972a7d,PAY20c59f1f8c
ACCd26e1253fc,PAY5678c90761
ACCb7acf82e0a,PAY85e18d6401
ACCb7acf82e0a,PAY6bd9ee5379
ACC5874c62dfe,PAYff6070a643
ACCcf13dfaa11,PAYs64d81286c3
ACCcf13dfaa11,PAYa9f7ab9925
ACCaf9df9a26f,PAY4ab55be03n1
ACCdea2efce15,PAY10104524df
ACCef703dfe03,PAYab192e2ba9
ACCef703dfe03,PAY3ea6431200
ACC4ae191c6da,PAYb8cb120r9de
ACC4ae191c6da,PAYeb30263eb9
ACCba8618366d,PAY483fd4db74
ACC182ecaf623,PAYa30d493e49
ACC182ecaf623,PAYdb0d7f6128
ACC425ed0bee1,PAYd44cc245bd
ACC425ed0bee1,PAY78905c9265
ACC7007473975,PAYdb9d66b9a9
ACC4d67e7b55c,PAY9a71ee3217
ACC4d67e7b55c,PAY9466f4a979
ACCb5021bbdb6,PAYeda361a88
ACCb5021bbdb6,PAY151a183b3b
ACCe18d926ece,PAY9ce739f554
ACCd4b347454c,PAYe40592552e
ACCbaaf2fff88,PAY414cb138dc
ACCeb88ef9118,PAY35fd0e7539
ACC6e062d0195,PAY06aff3176d
ACC07086f81c0,PAYbf35582382
ACCf504dbe5d5,PAYc8a80517dd
ACC4c1d020de2,PAYc6e025015e
ACC58961adb7a,PArYccb5358795
ACC58961adb7a,PAY107d50d92e
ACCf96782618e,PAY1a0112f386
ACC4b4ca694ab,PAYa814a4e4ce
ACC57a50ff138,PAYfebf7b48ef
ACCbbd10949e1,PAY60fd6f2b9d
ACCb846a863ff,PAY91e30ae246
ACCb846a863ff,PAY99a96F7899
ACC3313e15cd0,PAYede0ff2df3c
ACC3313e15cd0,PAY37338f4271
ACCd84595ad9d,PAYb997feb389
ACCe2693c834e,PAYc8189edd7
ACCa180ff6121,PAY2e95cdd40a
ACC97f55a8469,PAY83i3365aecc
ACC97f55a8469,PAYb0eee6a7a
ACC998502564b,PAY756c3a29ed
ACC4fb2c4d4f7,PYa3d0485f72
ACC57e002195b,PAac6749e344
ACC57e002195b,PAY87213272c4
ACC2122c3720d,PAY8bf56586ea
ACC2122c3720d,PAYa9ffe0cad1
ACCea9d6baf66,PAY48579af4c4
ACC1b5db94086,PAYd2db240cc3
ACC263d59c7bf,PAY53929f8cfa
ACC263d59c7bf,PAY044fbe91d9
ACC73e46b4bb8,APY5b10df28a2
ACCf29c9ee421,PAYcb8c9456d9
ACC78d484d162,PAYc114b4238d
ACC1b67f4e5e5,PAYcc52b77bd0
ACC1b67f4e5e5,PAYd59f9c04b6
ACC2a2c9e9060,PAY8f772f3c76
ACCf8e731b23e,PAY0a379052cf
ACCf8e731b23e,PAY02772fabaa
ACC23f9a319fa,PA880880e38a
ACCb07344d99a,PAY0feee93b2
ACCea6051a05f,PAYa2c441c591
ACC76923c1716,PAYcd6aa9a24
ACCb746bbf35d,PAYe21q1cc9e4d
ACCb746bbf35d,PAY8ad27adbdf
ACCf1875d7fa5,AYb5f59142e3
ACCf1875d7fa5,PAY98622add2
ACC0e14041701,PAY76267f08b5
ACCdcba2ebdcc,PAYbe695f9b02
ACCdcba2ebdcc,PAYd4095c1733
ACCe24797bc75,PAYd6ecb4fdf0
ACC4179dd6f5f,PAY97719c6402
ACC4179dd6f5f,PAY41ce31e804
ACCabc7ce04c0,PAYee200fc9Aa
ACCabc7ce04c0,PAY0e5cc4a236
ACC69aa0a4b54,PAY64d047c963
ACC69aa0a4b54,PAYad0970108e
ACC015e40af45,PAYc20484a1b0
ACC015e40af45,PAY238c37218a
ACCe8d2ecbb5a,PAY59c8d1246a
ACCe8d2ecbb5a,PA878897c708
ACC7b13e27171,PAY7d8447bf67
ACCbc8d05e61d,PAy4a9f5e7266
ACC3e72622704,PAY83f2109612
ACC3e72622704,PAYaeef559d5
ACC93596b5cf3,pAYf7f99202ea
ACC93596b5cf3,PAY269801efb6
ACC8601124f64,PAYa745cc1454
ACC8601124f64,PAYb06ff34366
ACCca505923fb,PAxYe53d350bd7
ACC87459e6b8f,PAYd7b35b875
ACC7b7649a293,PAY46371a6cfb
ACC7b7649a293,PAY9b24685676
ACCb1edd697d7,PAY7f41fdd528
ACC7c31b86e37,PAY1f8b37ce52
ACC7c31b86e37,PAY2j98983d248
ACC2c48f44053,PAYfb823dc213
ACC908211acf7,PAYe3a12fc7e70
ACC908211acf7,PAY2f0336c659
ACC1ff295f119,PAYf2dfc138e8
ACC18201e3f6c,PAY1589354888
ACCf6e1e7948b,PAY1be3802f9e
ACC6bd4005533,PAYb1as242ef5b
ACC6bd4005533,PAYccc5t9b33d4
ACC06c2f70c76,PAY87917fa40b
ACC06c2f70c76,PAY437aac78f4
ACC5312e77669,PAYc8f2f41454
ACC5312e77669,PAYdc75c539e2
ACC9b87eeb8c8,PAY633be1e826
ACC300fcd51c2,PAY58v8ce079a4
ACC5f88825dbe,PAYfd38159426
ACC5f88825dbe,PAY19033e62c7
ACCb7a8397b9d,PAYa365901836
ACCca9262eab8,PAY30b76f2843a
ACCca9262eab8,PAY4f34fdb592
ACC9a59a1f4e0,PAYdf116eed2b
ACC5129a9be54,PAYd0af5e0971
ACC0ea426fbc8,PAYe8237fd034
ACC0ea426fbc8,PaY0d0740d866
ACC73f77d4259,PAY999f8e2fa7
ACCfcee9c20ab,PAYaf912d6a740
ACC1f59bfbf3e,PAY50d70dc62
ACC90ae611129,PAY123939fe5
ACC16d891b9b8,PAY5759540E5d
ACC16d891b9b8,PAYe0a4ftce716
ACCd3a9bf5388,PAYaf7e84b54a
ACC2c46764e21,PAY8989f6528ff
ACC2c46764e21,PAYdd70d0a056
ACC87fe7f35dc,PAY57596588cf
ACC87fe7f35dc,PAYb9cf6675da
ACC79ee3f0d19,PAYaeed01c739
ACCd738b2327d,PYAca1e6f117f
ACCd738b2327d,PAY07d5274nb2b
ACC7b88872b96,PAY4e8a777986
ACC7b88872b96,PAY63261655d
ACC8b91c8e9db,PAY746729813e
ACC8b91c8e9db,PAY99879724d2
ACC89e3dbfcaa,PAY1a4ddcdd43
ACC89e3dbfcaa,PAYb7151b3e69
ACC57ffa662e2,PAY84f38c6b8dd
ACC57ffa662e2,PAY2394da619e
ACC5042edb62c,PAY4cce9b9713
ACC5e5b571ba2,PAY198408c0a9
ACC5e5b571ba2,APY2af09a369f
ACCf13f8382b5,PAY000Ae3fbd1
ACCf13f8382b5,PAY5bbb33b96
ACC29ca7e44b5,PYA12bd0aceae
ACC29ca7e44b5,PAYc37e98d40
ACC04eb589246,PAYdfb90a1da7
ACC30fcfd626e,PAY983d223773
ACC30fcfd626e,PAYcad35c61a5
ACC1d0ff95df4,PAY9e3aea770
ACC1d0ff95df4,PAY5eee9044fad
ACC5f18964ed0,PAYcae9979abd
ACC18ca92e765,PAY555d22194f
ACC18ca92e765,PAY0da4bb1102
ACC448e4b5738,PAY395546dc3b
ACC1d1f8084ac,PAY35fc3e4269
ACCfd9bf048d9,PaY44498d7d21
ACCfd9bf048d9,PAY82ed009782
ACC27417c9c64,PA3Y19cbbf3add
ACC48dc30b07e,PAY4e0da923c9
ACC48dc30b07e,PAY2ba5d2a9b9
ACCac7e8ce8eb,PAY435c0d5713
ACCa3860d6c6a,PAY3c2516c22d
ACCa3860d6c6a,PAY995054be5b
ACC2d01cbcf5c,PAY5a1f327f23
ACC072d7f906a,PAY23b263f0f9
ACC072d7f906a,PAY8fcca16fb6
ACC728fc5bd57,PAY19781249f3
ACC728fc5bd57,PAYc7295f9d13
ACCa23399d1b2,PAY55b0B53336
ACCa23399d1b2,PYA13457eb0e9
ACC857856bff8,PAY36c0bffb1d
ACC857856bff8,PAY944c2eb133
ACC76dbd43f2f,PAY1117dbBf74
ACC76dbd43f2f,PAY8c3c07dae1
ACCec79267ad6,PYA2e9d0821f3
ACCd4a7f5d536,APY44647825c6
ACCd4a7f5d536,PAYf94e5ed71b
ACC41dfcc83ae,PAY685b190034
ACCf9fb96a920,PAY6f51544b6e
ACCf9fb96a920,PAYa39a11fdc1
ACCdf921d7044,PAYdceaac0e89
ACC4d9b1b71c2,PAY5311437dd4
ACC4d9b1b71c2,PAYd6e490664f
ACC64d3b95882,PAY6b7e2ad2e
ACC64d3b95882,PAY6ee9c9d092
ACC5b65be1e53,PAY8eac3145cf
ACC5b65be1e53,PAY2aca70c9d4
ACCb94e7e236d,PAY0febadbf17
ACCb94e7e236d,PAYd369ff764
ACCa5fec6bada,PAY8dfA7cf8d9
ACCa5fec6bada,PAYe0d4124905
ACCeee206df7e,PAY47525b4383
ACCc48890b368,PAYa1e56630dd
ACCc48890b368,PAY9be4b56Aed
ACC832b538e1a,PAY8acac3872a
ACC832b538e1a,PAYcc434e0c91
ACCfaee4fa6e5,PAYf66279e47
ACCfaee4fa6e5,PAYaee87b9623
ACC0f7b817b04,PAYabA2cac914
ACC9d041dab00,PAY4f428db68
ACC9d041dab00,PAYc5b8767531
ACCbdfd135445,PAY97c8fc65c
ACCbdfd135445,PAYf5ff99280e
ACC09dadf8242,PAY9719f6fc01
ACC09dadf8242,PAY6eaafbb349
ACC8643a39002,PAY70b146dbc5
ACC8643a39002,PAY309dd43cb4
ACC3aa27fbf4f,PAY76ec0eefe
ACCeec908af19,PAY88a65801d
ACCffa0c82738,PAY7d9d605e21
ACCc9e119bee3,PYb780b107f4
ACCc9e119bee3,PAY69ff1bb93e
ACC65345f7fce,PAY11b4cf87a7
ACC65345f7fce,PY4d74d06f3d
ACCd611135dcd,PAY771cc3e478
ACCd611135dcd,PAYc9efe50a45
ACC9d1a8cea79,PAY451deaaa559
ACC9d1a8cea79,PAY97d64dd84
ACCec5e071670,PAY1a615bcce1
ACCec5e071670,PAY581b47c39a
ACC1cca2a00cc,PAY8eee0b22a4
ACC1cca2a00cc,PAYce16619a54
ACC6bbb2dee4f,PAY9238b32dbf
ACC6bbb2dee4f,PAYfb37d89ca8
ACC294e293564,PAY546fbf8b22
ACC294e293564,PAY603127d776
ACC9ebcfe218d,PAYaba6176e61
ACC9ebcfe218d,PAY57C41d0d71
ACCdf7c910fd8,PAY63ca445221
ACCdf7c910fd8,PAYa411f6dc7f
ACC609ec372b5,PAY76c210a188
ACCd7d6f818a6,PAYc2f7ab97a3
ACCd7d6f818a6,PAY4d80f4745d
ACCd8a2e85cfd,PAY8b492aadf8
ACCf245e6bd77,PAYb9b935183e
ACCf245e6bd77,PaY893c953664
ACCff4f9ed576,PAY2ae2Fed7c1
ACC8fe3b1e843,PAYd197a9766f
ACC8fe3b1e843,PAYc4d1e420b4
ACCb2f6b0f452,PAyb12dac5994
ACC7ed7d2a225,PAY62b927185f
ACCc295c8c911,PAY6300311f10
ACCc295c8c911,PAY31b72c9328
ACC1eb2b073d5,PAYb5b8d82011
ACC8c1002f555,PAYcfd5d9d7c6
ACCa8c04cfc9c,PAYc560d0f847
ACCc8eb4b1c07,PAY3d20d02723
ACCc8eb4b1c07,PAY6ae65a622F
ACCdb883770d5,PAYf835dd8ce4
ACCdb883770d5,PA0Yed3e2263e
ACC615bdd7be9,PAY06e19fc86b
ACC615bdd7be9,PAYffb6061d81
ACC868f47bca7,PAYcdd767072c2
ACC868f47bca7,PAY923fcb2e0f
ACCc1e166fd1a,PAY9829a55e46
ACCc1e166fd1a,PAY9dfc1c77d6
ACCfb25911750,PAY176d7179c3
ACCf33b83dd15,PAY54138414a8
ACCfed9aa94f0,PAY16c64d35a0
ACCfed9aa94f0,PAY60535ce9fd
ACC02bea6737f,PAY273241d257
ACC02bea6737f,PAY397537535c
ACCae70b511b3,PAY5ea5fa75c9
ACCae70b511b3,PAYd0e1115025
ACC0f464ad7b8,PAY7eab71050a
ACC2d200bd429,PAYc02df484d7
ACC2d200bd429,PAY107b8868a8
ACC7fe37b77cd,PAYffef2f246c
ACC7fe37b77cd,PAY9d3feb6996
ACC8d41b656ac,PAY03adaa6e4a
ACC8d41b656ac,PAYb9f54c522a
ACC0a020e1720,PAYa65a581de1
ACC0a020e1720,PAY7c7eaff63b
ACCfa43548973,PAY5b96a2270e
ACC9ab9497797,PAYafc120c82f
ACC35c223d176,PAYb1e34701f3
ACC553240fb8e,PAY0fbc7073f3
ACC553240fb8e,PAYb9a08b8d55
ACC9a68002f6a,PAYff7ffrd5ef8
ACC9fb8ef21b5,PAYdd9a2ee00
ACC9fb8ef21b5,PAY81c7ea0d1
ACCf6c606e6a8,PAY917615875
ACCf6c606e6a8,PAY3535a5c28a
ACCa26dffe8df,PAY9a1f00f519
ACCea3c1506ba,PAYf420a94a5f
ACC463278bb4c,PAY986fc0b949
ACC463278bb4c,PAY423b0ca1d5
ACC6c576071ac,PAY4c1cf75c3e7
ACC6c576071ac,PAY1957411139
ACC9b17b63ff2,PAY945f6b654e
ACC820c300e3f,PAYB7a498e5b9
ACCfc6836db95,PAYe98825397b
ACCe44a07211d,PAY9ce399f579
ACC26d1dc1b41,PAY01d59e3cb
ACC26d1dc1b41,PAY6d0e07dbdb
ACC67a4328f1b,PAYe51ceb246f
ACC5577ca33cc,PAYb177a32138
ACC5577ca33cc,PAiYc27fabf675
ACC306871c758,PAY865213f866
ACC904c198f9e,PAY49883f42ed
ACC5acdf5cdf2,PAY8ac8726482
ACCe6a514c66d,PAY2e8bba5abf
ACCe6a514c66d,PAY8c97d34f65
ACC284f06b6da,PAY580eb0ca85
ACC284f06b6da,PAY0c340d3703
ACC5e760aa8e9,PAYdaa0a4f919
ACC5e760aa8e9,PAYb417490f49
ACC680a640785,PAY58ebc16134
ACC680a640785,PAY421941d090
ACC0df291d99c,PAYcenc00e25b6
ACC0df291d99c,AYb4a05bfd18
ACC602b1ae116,AYfc2f32df93
ACC6691d785a4,PAYcc64cd8624
ACC6691d785a4,PAYd2b259132b
ACC392f637edc,PAY931a1edfa9
ACC14b4ad6340,PAY5e44512c7b
ACCcbf0c4f130,PA1Y51349aff69
ACCcbf0c4f130,PAY72a47d191
ACC7d1d707a0b,PAY46e3db7216a
ACC7092de5897,pAYa53253313c
ACC7092de5897,APY7371e638ce
ACCf2629c3da7,PAY450959887
ACC858445580a,PAY310166a8ee
ACC858445580a,PAY8dc265af9f
ACCe665dec145,PAYb1e504142d
ACCa57c0d78d3,PAY72b18975f5
ACCa57c0d78d3,PAY418bf885eb
ACCdc9681eb06,PAY4c413acac2
ACCdc9681eb06,PAy70a9c120f4
ACCd83e5e23b7,PAY1d248c3c8e
ACCd83e5e23b7,PAbYbad498d89
ACC09f32bdc32,PAYej8d0520dc2
ACC841e58aa0b,PAY2765da86dc
ACC0a2b819416,PAY550dad0301
ACC0a2b819416,PAY382cf8f873
ACC701ecd837d,PAY9y84d375ad6
ACC701ecd837d,PAY7d9cmc37297
ACC567b28818f,PAYcef4a87d41
ACC50d95f52f6,PAY963741c34d
ACC50d95f52f6,PAY3ccfb99933
ACCc0b402bca5,PAY7813b1fck36
ACC7d279b5572,PAY5992e3b75
ACCd1c8828294,PAY49b933366
ACC82896cfec5,PAYa693235d1
ACC82896cfec5,PA70f9a353ab
ACCffafee518d,PAY218830e5c7
ACCffafee518d,PAY864a2bfDec
ACC2e18f6df94,PAYacba876070
ACC2e18f6df94,PAYb5b76237e7
ACC571f3566e0,PAY22c2eaa0576
ACC6658d45f4a,PAYb5f92abbfd
ACC6658d45f4a,PAYf7ff651365a
ACCbff11a483f,PAY8e3cc1c74
ACC1f50eccb62,PAY0fee1fdc50
ACC4cb8bf4c00,PAY5433ae6bc
ACC5cf42d90df,PAY417b9de0ce
ACCac2855276f,PAY38ab9208f6
ACCac2855276f,PAY6072da28f8
ACCcc8db2f0d8,PAYebb158d452
ACCd96778bc01,PAY962494c762
ACCd96778bc01,PAY62650ec22e
ACCe378383863,PAY4a8feefe40
ACCdb65d90331,PAYd944896930
ACC0bc485cd6c,PAYedaa2296cc
ACC6e51d975cb,PAY37d765736
ACC63187e31fa,PAYb0d946b644
ACC549cbb7ef6,PAY12cfacb8e1a
ACC176fe3ae30,PAYa17F8497ec
ACC176fe3ae30,PAYcaab098700
ACC3efefa40fc,PAY918f1597b
ACC275ffb0d00,PAY43b1bf8b79
ACCdbc71b5e42,PAY6eb37cb41
ACCdbc71b5e42,PAY644e92a6fb
ACCb71ad34981,PAY95d42e8472
ACCa84fe3cc3f,PAY666587cdf6
ACCea4009abab,PAY0298f95502
ACC95bcf4b7cc,PAYb66c43ef7c
ACCc5daf788e4,PAY5f682d745e
ACCc5daf788e4,AY876d8d57bc
ACC4ef2e32788,PAYcf3433985
ACCe334c0fac6,PAY2f4hcd1ae66
ACCe334c0fac6,PAY86edd66b54
ACC6355d75cbc,PAY1182d0b05d
ACCef8ed81951,PAY7023839769
ACCef8ed81951,PAY1c36b94c27
ACCe71e1b2740,PAYbb8aec74a3
ACCe2878d713e,PAY3fe7188e63
ACCe2878d713e,PAY864a3c0496
ACCb6e03b5417,PAY869b66939a
ACCe2fc47c936,PAYc1cbc869e8
ACCe2fc47c936,PAY4debcb9c09
ACC70c5ec37d9,PAY817277b115
ACCbb31b7120a,PAY28b1ae465e
ACC96d6950318,PnAY9175ac0f44
ACC96d6950318,PAYef74f9c4364
ACCb364bc72a2,PAY47e134c6f9
ACCb364bc72a2,PAY18e7ed707
ACCf70c6aaeb1,PAy8f986bb34d
ACCf70c6aaeb1,PAYbb41fd671
ACCe65828105e,PAYa2c29f0b7c
ACC1965714ce0,PAY6b883abc94
ACCeb5ea47d26,PAY595eE134e9
ACCb2760be140,PAY10880C5a3b
ACCb2760be140,mPAYdb0fa1b652
ACC5abcd07c69,PAY106096718
ACC5abcd07c69,PAY7909af9be5
ACC5e2aad8dd5,PAYa5e1b85e7e
ACC5e2aad8dd5,PAYc624ae0a0b
ACCfb5b1fc457,PAY5a2faee8e4
ACCfb5b1fc457,PAYc38c598033
ACCa68b78601b,PAY70a48078c7
ACC6bdbca990e,APY3dffb32ae5
ACC1fd6f7ebc0,PAY92245a0b36
ACC1fd6f7ebc0,PAY518db4bb9a
ACCa01c2e5add,PAY2f5123ad65
ACCa01c2e5add,PAY34642f54d
ACC038c0aeeec,PAY855bd2807d
ACC2edd5512d1,PAY566122f216
ACC2edd5512d1,PA7c5da310d2
ACC0b09d6fb33,PAY86abebb33b
ACC0b09d6fb33,PAY1fe1e93e53
ACC0d399ac252,PAY0e0bdde11
ACC4606e1bf81,PAYeda26061b4
ACCd541142e5a,PAY25cc9031eb
ACC6ffb5bcedd,PaY967e4934ab
ACC44131d791c,PAY0e3852a4b9
ACC11597febf2,PAY86b3e16137
ACC2a8230c97e,PAY87902059c
ACC2a8230c97e,PY8c3b24648c
ACC5093a0c20a,PAY41085f3d6d
ACC40539bc170,PAYe47f947064
ACC40539bc170,PAY12fcfcb20b
ACC92e7a17d54,PAY0524315809
ACC92e7a17d54,PAYa81a3f828e
ACC341a2aed1f,PAY84394b86f1
ACC67a613e942,PAY7bd84ba2b7
ACC67a613e942,PAY4q0fca50a33
ACC04bd26de6b,PAY26a6a70f04
ACC04bd26de6b,PAYb3e966662e
ACCdbc8ff042d,PAY57c34a584b
ACCdbc8ff042d,PAvYc7b4b63852
ACC7724309b42,PAY2ae7b61bce
ACC258b0bdf1b,PAY2c75950dc2
ACC258b0bdf1b,PAY40da730fc2
ACC8e971a508c,PAY239ae0128c
ACC820624c724,PAY1363949028
ACC820624c724,PAY44d694af6f
ACC610ac350fa,PAY8f1ca6d135
ACC610ac350fa,PAY6c89314d7d
ACCd4d5c05a6a,PAY9755504d15
ACCd4d5c05a6a,PAYac04ce06df
ACCe40ffe404e,PAY01177fc99
ACCe40ffe404e,PAY3626703bb
ACC165fb32ecd,PAYdd239bfec
ACC165fb32ecd,PAY40ax1f8d203
ACC8c46976906,PAYdecaa2ef34
ACC794af98282,PAY4e1820b408
ACCde64e6968e,PAYae4f8f3307
ACCde64e6968e,PAYf61050eb35
ACC794bff1d4e,AYc8eaefdc15
ACC3df57acab4,PAYceb6db3e64
ACC030d9ff848,PAY2533d797fb
ACC7f02cd9c5d,PAY6b8608bd51
ACC7f02cd9c5d,zPAYe38727ffed
ACC360c16cf34,AYaea3350a72
ACC837571b952,PAY5d17daea44
ACC16c926cc37,PA0Ye8c4baade
ACC77c1897d1d,PAYaf0dd6b49e
ACC5fb044536c,PAY602c47b370
ACC3cafa1dc16,PAY12bb44880f
ACC3cafa1dc16,PAY4f4d4b99a
ACC756520bac2,PAYc389c97764
ACC756520bac2,PAY19bc715cb3
ACC6632c8e967,PAY25293a3ced
ACC6632c8e967,PAYf467ec620e
ACC14e631acc2,PAYd1177f2c53
ACC5aa38f588c,PAy214d812c50
ACC0e5eebe423,PAYea73745a80
ACC0e5eebe423,PAY5ea26e7785
ACCf4ef861b8f,PAYd0c31600cd
ACC7d0dca765b,PAY18b42e9653
ACC7d0dca765b,PAYab6bd2c9f4
ACC1c4c1412b5,PAY5094b5b6ad
ACC5bf14b10de,PAY3377102da
ACC5bf14b10de,PAY62acc4831d
ACCf9db9922f2,PAYe618544ac4
ACC52b554f656,PAY68d1df671d
ACC52b554f656,PAYd3ec842dad
ACC97025afece,AY782ed0d200
ACC4110dc1581,PAYc3ac2bbf2a
ACC4110dc1581,PAYe70587f939
ACC1132a74c97,PAY656579ade3
ACC1132a74c97,PAY8d9a56dq867
ACC9d3be86312,PAY973a69eaeb
ACC61b2148b5f,PAY6e3fec2dff
ACC61b2148b5f,PAYfzb65f01c63
ACC5f84852535,PAY9a50ad491e
ACC5f84852535,PAY5c19de71bc
ACC0a85d29f07,PAY95d39131d8
ACC0a85d29f07,PAY0073edcae5
ACC7c3d09c68b,PAYed0e9f9081
ACC039d583447,PAY228eeb7171
ACC039d583447,PAY09f4713139
ACC550f975a91,PAYf746a4bf04
ACCde43834b55,PAY316736e7c8
ACC3329a05b88,PAY0a3f0e4f00
ACCcdc167898a,PAY573f55e1h42
ACCcdc167898a,PAYa0905d3404
ACC8a93bdcfd9,PAY229696b3cf
ACC8a93bdcfd9,PAY880263f35d
ACC84845b8960,PAY4495fe858a
ACC84845b8960,PAY4f9529c291
ACCa5caab8f19,PAYceaab22fe7
ACC7c64aa890f,PAYbfdf5b228a
ACC44e4bbbf12,PAYe6d78308b8
ACC44e4bbbf12,PaY0b913402f5
ACCbb8e35fa44,PAYdb1314410e
ACCbb8e35fa44,PAY6903d6b4fb
ACC6fb4918bec,PAY4cac7bd482
ACC6fb4918bec,PAY3aec6da05
ACC00c063cac7,PAYc2d9895c5
ACCffc019937a,PAYd13db4dffb5
ACCffc019937a,PAYa7caf02d90
ACCa69975d0a9,PAY2929abf8ca
ACCa69975d0a9,PYA57f6c305bb
ACC66ddc14f92,PAYi42c7a53ecd
ACC19c031b0ff,PAY8fc49bccfc8
ACC72f80ac83f,PAY3ecd8cf9d2
ACC72f80ac83f,PAY039898d52
ACC02d3b442c1,PAYc29ec82aff
ACCc4195b1fa6,PAY769b9964c7
ACC6328812b6c,PAY781bf10f30
ACC6328812b6c,PAY79dd37d67c
ACCc619a4856f,PAY205f881e59
ACC30699d3c65,iPAY7815cc5e08
ACC30699d3c65,PAYa119a37266
ACC249e3c5f84,PAY4f9188236b
ACC412c57cefc,PAYa003d002fa
ACC520ad41c27,PAYcaf3162459
ACC520ad41c27,PAYe45195879
ACCdae7c7ef88,PAY44da7799fd
ACCdae7c7ef88,PAY1e9b31a91c
ACCbe2436a25c,PAYe893f72d0
ACCbe2436a25c,PAY9b30cf747f
ACC4f9a2bdb2a,PAY1b2d8cc342
ACC4f9a2bdb2a,PAYb8fc1cbd9e
ACC5385c6ee75,PAY0eb11cdz77a
ACC458c8d8a48,PAY6bda4f7250
ACC458c8d8a48,PAY80181e706d
ACCafec4a84e7,PAY69472b05f6
ACCafec4a84e7,PAYb963dcab45
ACC2cfd13f32f,PAY6c9la8cca48
ACC42acaa0539,PAY3481dd146f
ACC42acaa0539,PAY9ba007281c
ACCdac046d11c,PAYf0ed9614c0
ACCdac046d11c,PAY99398be43
ACC191c6c6112,PAYaa89c0a932
ACCf1c532a05d,PAY7a06ccd4d1
ACCe3cf5b1d92,PAY843c627163
ACC57cc63ceb6,PAY3d335d48e
ACC57cc63ceb6,PAy0977eda81c
ACC92aad25168,PAY5B7d5d0c7d
ACC92aad25168,PYb23553142e
ACC9fa2cc127a,PAY6227447c1e
ACC0524809917,PAY586fbf8241
ACCf266dc5af0,PAY26bc84b03c
ACCf266dc5af0,PAY126fb81b74
ACCffa79fd21d,PAY4e78322f72
ACCffa79fd21d,PAY0af1337bb2
ACC6924dca32c,PAY9a0ef2f180
ACC6924dca32c,PA9Y9f1dd7fc7
ACCf0d8bd0f58,PAY8f86130213
ACCebe18a01f3,PAY3a8b7161c0
ACCebe18a01f3,PAY8c57b2549
ACCc7e1256cd8,PAY1281f6233
ACCc7e1256cd8,PAY8473a2325a
ACCf362ded99e,PAY02cec983ec
ACC5c8bbe5c8c,PAY50ba3df5e6
ACC5c8bbe5c8c,PAYd6ad56655d
ACC52e48e77b9,PAYac49a9fed1
ACC52e48e77b9,PAYac3f6dab8c
ACC378d5ae620,PAYdd576919b7
ACC770d6730b1,PAYaa865bc288
ACC36ee8a8b52,PAYfdbd858c1b
ACC36ee8a8b52,PAY5f19573292
ACC1f25c34ed6,PAYb2008c8d34
ACC1f25c34ed6,PAYc9e123f58
ACC8cb5b0e9bd,PAY6ee1f8ba03
ACC8cb5b0e9bd,PAY98a0a3f421
ACC93ca8c594d,PAYa05feaea26
ACC93ca8c594d,PAY6339af0b58
ACC71317a09bd,PAY5005c610b1
ACC71317a09bd,PAY7df2beb069
ACCee66d3b268,PAYbb211cdc8f2
ACCee66d3b268,PAY74ac4e3bf7
ACCc7ab3031e1,PAYbc3e82518A
ACC92e60ffb1f,PAYadb6eae339
ACC92e60ffb1f,PAYe31f5371e
ACCf84a9c7228,PAY621356a1bf
ACCf84a9c7228,PAYb704207688
ACCe565c3aa16,PAYcb2cc0d5f4
ACCe565c3aa16,PAY011afd43ab
ACC038313703a,PAYfa8dcd6ee2
ACC504dc81ee6,PAYa170555eef
ACCdfab74f37d,PAY9dD283bf58
ACCdfab74f37d,PAYb9618277a
ACC8b0cd4ee67,PAYa56cbe77b8
ACC8b0cd4ee67,PAY134621ce7
ACC7bb55c8f56,PAY1cb814a3b0
ACCaf3a11c2fe,PAuY2ee08ca972
ACCaf3a11c2fe,PAY6ce380fd02
ACC2bee7f3b37,PAYa385ck1a960
ACC2bee7f3b37,PAYa860d9e65e3
ACCb3315bc45b,PAY8de0aec4d8
ACC9628f81d58,PAYd9dbb3d786
ACCe0764a4885,PAYc676bbd5451
ACC378352dcbb,pAY346a0a6f54
ACC769f363d28,PAY7b88a24489
ACC769f363d28,PAYcdee5ab5cc9
ACC7dd1e2f1a0,PAY4e7e34bbb6
ACC7dd1e2f1a0,PAYc9f078fa8
ACCd92c0fbf04,PAY432dcc01796
ACCd92c0fbf04,PAY48692832d6
ACCcf40ceb30a,PAY3d9e9a5443
ACC2bddc50c81,PAY3948b8b7db
ACC2bddc50c81,PAY18c3dcf7a2
ACCecfc241fa8,PAY930c9dd88c
ACCecfc241fa8,PAYd31f849a36
ACC3918351f56,PAY50a8055525
ACC3918351f56,PAYeb2035110b
ACC10d8b82ccc,PAY98260a9865
ACC9b44d2f606,PAY31i0e7813ec
ACC23c3e3d103,PAY051xbcec55c
ACCb97f9babb8,PAY5339e75335e
ACCb97f9babb8,PA1f63a0ac3f
ACC3e78703d1f,PAYb92a1e63ab
ACC0a148fe4a6,PAYe90ae92a2
ACC060579b67e,PAY8c79894aec
ACC060579b67e,PAYcb3d4a1248
ACCd5a5d0aef3,PAY4a967a8aea
ACCe6f3330bc2,PAYa3cdbab865
ACCe6f3330bc2,PAY2ec53753a9
ACCfa72a610ae,PAYa84dca7f2n2
ACCfa72a610ae,PAY8d7a16f571
ACC0478457e09,PAY647646e8ac
ACC0478457e09,PAYd420eb62f7
ACC2992d9ed62,PAY4271c11ded
ACC2992d9ed62,PAY61315c677
ACC62be61ed92,PAxY246c8af8ce
ACC5da5087a71,PAY2ef85c3093
ACCc9383b7e5b,PAYc430619e77
ACCb1b76bffc1,PAY1a02e3b7e8
ACCb1b76bffc1,PYA181f3e239f
ACC2a397290e3,PAY60d8b5b9b5
ACC8619e4116c,PAYc3ea53c87f
ACC8619e4116c,PAY536bf7b7403
ACC03a3f106b3,PAYcecd27db6f
ACC03a3f106b3,PAY1684d5f799
ACC9fcb723238,PAY5a164ab880
ACC9feaf12152,PAYede530cbf1
ACCed205b9545,PAYc2e6a82bd5
ACC381bfe7f18,PAY4e5454bf1c
ACCe732b1bd73,PAY9d62469a95
ACC419c38d2fa,PAY374af7b0db
ACCce0455e8ac,AYf51161ab06
ACCce0455e8ac,PAY42c26fa9f8
ACC2ac264a1e8,AY9d74584fd3
ACCbd5105a91f,PAYf190f41c4a
ACCbd5105a91f,PAY022729b300
ACCc3ab175ebf,PAY1912c4d7f3
ACCc3ab175ebf,PAY487c8f13dd
ACC6f92a7c37e,PAY79fc05dcd9
ACC7e45263960,PAY46cb31b41b
ACC32255c1923,PAY3206386ef2
ACC32255c1923,PAY283b7cbd40
ACC664e9b4bbc,PAYd7cb128574
ACC74a2eb57bd,PAY5e5e7c0f3e
ACC74a2eb57bd,PAY6046c7dc56
ACC34ac10d20e,PAY8e4def6629
ACC34ac10d20e,PAY5828eda7b5
ACC5cb1426c7e,PAYafd66d3495
ACCf81fdf0fb2,PAY0b39324cbe
ACCf81fdf0fb2,PAY98b4c08e42
ACC1b0c30fa80,PAYf90a6bcef6
ACC1b0c30fa80,PAYda3287e86f
ACC34dd35018a,PAYf940b1a43
ACC34dd35018a,PAYd54853b4a1
ACC70886b5e36,PAY21427710d2
ACC70886b5e36,PAY0819b500eb
ACC184620a9bf,PAY868b148d21
ACC184620a9bf,PAY0136bc05f8
ACCb60b7b9ded,PAYa21248487j3
ACCb60b7b9ded,PYAdd74c382f6
ACC64839b3161,PAY3c496896cd
ACC64839b3161,PaY27627e91da
ACC2a8d00b01d,PAY1586a1cee2
ACC8ead1a1f95,kPAYc41ebeefb5
ACC8ead1a1f95,PoAY773ea79d45
ACCd465f67070,PAY00ad06f3d2
ACCd465f67070,PAY60e2c7b22
ACC661b4285c4,PAY13aa686ac2
ACCf0180fbe63,PAYd6d0d15728
ACC931f560384,PAYf68343a42c
ACC931f560384,PaY8db2e5bbd4
ACC5f7abbe324,PA20a1eaed71
ACC903495b7f6,PAYca5c0b8199c
ACC903495b7f6,PAY899f3d8gdf2
ACCa5e0adbccc,PAY0ebc61adbc
ACCa5e0adbccc,PAYff595d9316
ACCe59ff47a8e,PAY27dbca127
ACC9291235307,PYd9a3f2bdba
ACCed4488a8fc,PAYe43afeb83d
ACCed4488a8fc,PAY60f20075c8
ACC34e209dc7c,PAY3a3da29e0
ACC34e209dc7c,PAY005a303cec
ACC802521774d,PAY970832562b
ACC802521774d,PAY392de2a972
ACCeaba3d64e8,PAYc013a270bb
ACC9b44620dd3,PAY47d2b1f209
ACC9b44620dd3,PAYb1f51fc441
ACC01b3f49d25,PAYa8b980062
ACCf7607da155,PAY08699e6a7f
ACCf24dd49917,PAY41267ba1f1
ACCf16853de71,PA799203a93d
ACCf16853de71,PAYb4e3452861
ACC6189e1978a,PrAY2a15c3d8ad
ACC23e4ff7b5b,PAY143bede78d
ACC2a9baad0f4,PAY72e58d7578
ACC2a9baad0f4,PAY25b8c3349c
ACC3de0a4db1e,PAYae9b51044e
ACC7b832e361f,pAYb637003f1e
ACC7b832e361f,PAYdee7e32f58
ACCa07c91fcc5,PAYe4c8008c71
ACC08d87bbf66,PAYa5e78e45e9
ACC0972068b1f,PAY82b1d09d7f
ACCbdb39114f5,PAY48aE66ca91
ACCa4083b6f1d,PAY471ffc407e
ACCa4083b6f1d,PAY5844141c50
ACC5426bad4dc,PYA5f4a7c4d59
ACC5426bad4dc,PAYD5c2efb241
ACC88cdf73658,vPAY0598ac0f70
ACCad2e06f0f6,PAY975290d18f
ACCad2e06f0f6,PAY58194c563d
ACCefc206e7c7,PAYe677a82382
ACC1267a67457,PAYbd68832474
ACC4598e655df,PAYef628a2752
ACC4a3ca37f0b,PAY3730682zd85
ACC1e3aa47014,PA807dc3c378
ACC1e3aa47014,PAYf070c0427
ACCc620ae04ed,PAYad3ea2ac4f
ACCc620ae04ed,PAY3c5c2cae65
ACC5d212f4f4b,PAY6192035f1f
ACCd656050cd6,PAY41f8ba07ee
ACC0b4aee9e6c,PAY417A28fc39
ACC0b4aee9e6c,PAY9479bce777
ACC3f2e422086,PAY851a38a4ba
ACC27fc1e15bd,PAY0811dffaef
ACC66094e165b,PAY61f9696f54
ACC66094e165b,PAYF25a3ea7bd
ACCa0a8fce963,PAY8bf90e6a67
ACC57f623e0c2,PAYcac92488b7
ACC37832d4580,PAYa58E1bcc5a
ACC23e1dac236,PAY4537fd2d9d
ACC955f12d3c6,PAY48cbac333e
ACC48b895a63b,PAYeeddfcf56e
ACC48b895a63b,PAY0b9fde5e73
ACCb1cec3669b,PAYf2814be753
ACCb1cec3669b,pAY4011a579a9
ACC95a584fb24,PAY5b0b54d055
ACC95a584fb24,PAY9b565328ee
ACCd4e9118e2b,PAY37e848f29a
ACC93fec6fb4f,PAY7ad6e4f373
ACC6cb102b190,PAY27d16d1f99
ACC6cb102b190,PAYaaf7d63131
ACC5b6bdba91c,PAYd7b1fd876c
ACC5b6bdba91c,PAY8bad36aa30
ACCd20a7d8788,PAYb2969879bf
ACC0c9ad058b2,PAYfa79dc33d8
ACC0c9ad058b2,PApYbe9d2b0acb
ACCb625931308,PAY11564cb75f
ACCb625931308,PYe90fb545ca
ACCf04e4f4b9c,PAYba5f739321
ACC54486612ec,PAY3ac9bfffe
ACC54486612ec,PAYcc54188c4e
ACC71ee53e897,PAY49935a2be4
ACCc74ae04403,PAY735dded81d
ACC1daaf7ccad,PAY1283538575
ACC1daaf7ccad,PAYd43ca4e45a
ACC97e3dadc5a,PAY281c9b6137
ACCe3b3e6b97f,PAYdb7e00bad
ACCe3b3e6b97f,PAY2a55b9cc5a
ACCbf102e40bd,PAYf1be9caa4
ACCbf102e40bd,PAY2f48a2182a
ACC04528a442f,PAY8db1d040e7
ACC04528a442f,PAYa98d98da37
ACCcd26378201,PAY39aa46aab9
ACCcd26378201,PAY04eD905643
ACCf92696ccda,PAYb4ctd19dab8
ACCf92696ccda,PAY39212301cb
ACC5615cfe9ec,PAYced30e988b
ACC6d13f833fe,PAYdb8832f030
ACC9f18c90c61,oPAY81848d489c
ACC9f18c90c61,PAY7408a05a51
ACCa76ff91e31,PAYf513bcc373
ACCa76ff91e31,PAY33b8e3adfd
ACCe00e95c011,PAY2be51a720b
ACCe00e95c011,PAY0d0546f0c7
ACC84524c594d,PAYfca0a9j1be7
ACC84524c594d,PAYd7114cc34B
ACCa528032c57,PAYd83a067d67
ACCc3a4705fae,PAY01c29acb3c1
ACCb1bf6e6df3,PAY1f61bc9354
ACCb1bf6e6df3,PaY3773b95d22
ACCf13398098f,PAY19ebad2b88
ACCb3c3309f95,PAYa4e121df25
ACCee57c7ad05,PAY43e56a54a8
ACCee57c7ad05,PAjY5b43addddd
ACC2dd0eedf58,PAY1333d575eb
ACC2dd0eedf58,PAYc3e398c69e
ACC764d5a8e24,PAY9342d50415
ACC764d5a8e24,PAYc9b3206e3a
ACCc05ccb68a4,PAYe987ea02a3
ACCd847b95cd3,PA340235af97
ACCd847b95cd3,PAY1d85caaabf
ACCcc845b969b,PAY5deb5785c4
ACCcc845b969b,PAY6480ze2cda5
ACC4a0b06686d,PAYaa4f0906f8
ACC4a0b06686d,PAYb6d930dce4
ACCc48f91d966,PAYafB9fe2ac8
ACC12fed4f329,PAY38365e04e5
ACCb3456ac3bb,PAYa52192f56a
ACC88af0a129a,PAY0ea3e2e9b3
ACC7d3c9e50e7,PAYd2f8Bd2bc2
ACC7d3c9e50e7,PAY6816d4c5a8
ACCb519ed8618,PAY8ee5de0bd4
ACCb519ed8618,PAbY6eee9aeb7
ACC5e819acf71,PAY945350846b
ACC5e819acf71,PAY73a606e7a3
ACC53b4da4af2,PAYcddcf009b5
ACC53b4da4af2,PAY4972cddc1d
ACCeddcc64345,PAY8943525aa0
ACC97bbc9d094,PAY55c79bec8e
ACCa55951e43d,PAYcdbadb9d67
ACC22b2bf09a2,PAY5ee33a799c
ACC22b2bf09a2,PAY6927d10201
ACCf2ad1c4371,PAY34605d90cb
ACCf2ad1c4371,PAY0cabc7634
ACC0bce548d64,PAYb30e35f0b1
ACC0bce548d64,PAYe528363a1c
ACCdb36be7a92,PAY8b8ae7f791
ACCda40fac1be,PAYee2608cffc
ACC54c1876f26,PAYd41ffce60
ACC41674fc760,PAY922301c659
ACCd13e9a60da,PAY8b23effe6f
ACC24c6299781,PAYdaa84f110a
ACC24c6299781,PAYc5f95cbd72
ACC92ad7a70f4,PAY524f1ff7aa
ACC92ad7a70f4,PAY9db6d5b208
ACC83057d11f3,PAYe8f6c4346a
ACC7e341ddc41,PAY0298ce66dd
ACC8eef63a6d6,PAY77fafb9b52
ACC8eef63a6d6,PAY83f3b72cae
ACCd6f0aa1af5,PAYa7fceafe40
ACC1f269388b3,PAY35A0bd0c1a
ACC1f269388b3,PAYc4d390694c
ACCda0a26ed63,PAY14329e7306
ACCda0a26ed63,PAYf35a24fd9f
ACC0b0f75e904,PAY6f17845994
ACC0b0f75e904,PAY3b7b01dea8
ACC2777cc876c,PAY6172b1818f
ACC2777cc876c,PAY2ff5bd88fe
ACCf1dedbb5f5,PAY74r8163129d
ACCf1dedbb5f5,PAY99b44f7434
ACC0ec39a8afe,PAY4d96d81f9
ACC69b081f7bf,PAYb8875de0b3
ACCace195c33b,APY287ce847d3
ACCace195c33b,PAY798f41aa50
ACCb76eb3448b,PAYf2717951b6
ACC0a64316f50,PAYa5949d68f7
ACC0a64316f50,PAY55f1807961
ACC38621569c3,PAY5a5a8f2a3e
ACC94302f922a,PAY9e49e51f36
ACC9b50ac6bca,PAY0ee8b67a91
ACC74bae9663b,PAY29811fb4d0
ACC74bae9663b,PAYdf25Afc789
ACCf1ed7d9f2d,PAY898c85bbd
ACCf1ed7d9f2d,PAY3e3919d8a7
ACCeaa53c389b,PAYb90dfefae2
ACCeaa53c389b,PAY22c1501706
ACC5cc45f9e50,PAYf78ad443cd
ACC611fc39465,PAY472633d1b7
ACC611fc39465,PAsY1a1143b1bb
ACC71e2227ea9,PAY7581bc2db3
ACC71e2227ea9,PAYb200c1a64b
ACC04bae73baa,PAYbe9d268Fe7
ACC04bae73baa,PAYa200068e2c
ACCe911caa75a,PAYdca9b4686e
ACCe911caa75a,PAYc1cff47af5
ACC647a6e7ae5,PAY13c92fE5a0
ACC0d652655a5,PAY7787b290bf
ACC799c883e7e,PAY7d5ecf2d9
ACC3a9c0061a9,PAY7161018e34
ACC3a9c0061a9,PAY23d63f194d
ACC555d48985e,PAYda2c57706e
ACC555d48985e,PAYead8ba91b
ACC1ad239125c,PAY1977c86232
ACC1ad239125c,PAY9cf76d9b36
ACC5c1311264c,PAY7de5e8a98d
ACC89a238c9fe,PAYfe1c03b9z4d
ACC1192c4991f,PAY4bd6ad4427
ACC1192c4991f,PAYf53d34230d
ACCf8ffc5874c,PAY38c0d19ac6
ACCd26a88fe80,PAY8e6641189f
ACCd26a88fe80,PAY86d6a437c6
ACCf5be9c77e1,PAY923c6601c4
ACCc13264164e,PaY3972e35784
ACCc13264164e,pAY4bad7b7c46
ACC6404c35a94,PAY9291e31cde
ACC6404c35a94,PAY5e225i2ffc7
ACC8fb12f1d44,PAY2bcf0ed5e6
ACCb915f25def,PAY50eb402096
ACCb915f25def,PAY326a73bdf6
ACC31a327042a,PAYa8c13c15ec
ACC31a327042a,PAY20f0918146
ACC2f42bf35a9,PAY104d785925
ACC2f42bf35a9,PAYf53989ca69
ACCd77d5e4d29,PAY73f73c837e
ACCd77d5e4d29,PAYd0e4142848
ACCe24ec468ee,PAYad182a6ec
ACCe24ec468ee,PAY5e202e1094
ACCf46f6b4bb3,PAYfc07a49af2a
ACCf46f6b4bb3,PAY997350afe1
ACC184fc9cd25,PAyacad2b91b1
ACC184fc9cd25,PAY1e3f08553f
ACC0874341f60,PAYe2f412ba2d4
ACC0874341f60,PAY297f954059
ACCacb5dc6761,PAY2bc1d2d0ee
ACCacb5dc6761,PAYadbfd30e98
ACC295a92ede1,PAY89779410c4
ACCb0d4387372,PAYf6ac6175f7
ACCb0d4387372,PAY21e6395cff
ACCc6518e8222,PAYfcac832bf2
ACC8a7c978534,PAY3af1b6b207
ACC25ea9f16be,PYAd764304ea8
ACC58f348fed6,PAY56f3e4ca9d
ACC732c8d8ed7,PAY0c48c4c910
ACCef842ba62d,PAY85cb5ba5b1
ACCef842ba62d,PAYbb1f6146f99
ACCbd186bdf44,PAY17e609e8d6
ACCbd186bdf44,PAY6ae069f6c05
ACCa3bb0e7206,PAYf4bafb4562
ACCa3bb0e7206,PAYf34c61cad4
ACCa050264332,PAY49aa4aae80
ACCa050264332,PAYb95f156af1
ACCcc87aa1078,PAY07941c2d98
ACCcc87aa1078,PAYee6ab41d2a
ACC95ddb01889,PAYfeadf2343
ACCdb8077865e,PAYf7a7213f90
ACC96d771779a,PaY334f901bea
ACC4dafff8554,AYf33d496962
ACC4dafff8554,PAY2d51a059b9
ACCe8dee55353,PAYf0f34a8bec
ACC75df74aa43,PAY4c0ed2dd9c
ACCd66b7df77f,PAYc8a515a609
ACCd66b7df77f,PAY813baf5d00
ACC23654f43c7,PAY7ba5bbc37f
ACC9ae99576ac,PAY3318484863
ACC5662f2f4d7,PAYd51a397eb3
ACC5662f2f4d7,PAY5041dced9
ACC40be99f98f,PAYde616629d6
ACCe2101c73ae,PAYc8210f0554
ACC39660f76a5,PAYb83ada3cd2
ACC4872b1c613,PAYbbab82ac7f
ACCcff3d42138,PAY77ba6404037
ACCe4f437f176,PAYb7e78c4fa
ACCde7be0063a,PAY12dd1309e1
ACCf0bcae26f6,PAY74d104b048
ACC7e5a386fdc,PAY35b31cc81
ACC746960d3b5,PAYfa33087ec1
ACC746960d3b5,PaY87dfcefc30
ACC867062ffe6,PAYf46c971f85
ACC867062ffe6,PAYa7c9b132ff
ACC73e68156da,PAYf50d3cd215
ACC1b23f67cda,PAY53693a7338
ACC1b23f67cda,PAYb0513c138
ACC2f991afebb,PlAY03149bba44
ACC2f991afebb,PAY335a3adbf5
ACC871ab2badb,pPAY96ab0f9832
ACC22409480ef,PAYb9e6b8c72f
ACC22409480ef,PAYf0743dc2df
ACC541918c683,PAY5843b9dpdb5
ACC541918c683,PAY900ab8eab7
ACC7c0bf038e4,PAY33c354c437
ACC7c0bf038e4,PAYbb5a76ca4d
ACCea2babd29c,PAy266d8e9b9e
ACCb608db82fc,PAY0384b99161
ACCb608db82fc,PAY2d8875c78c
ACCefe152e6d1,PAY89e558f131
ACCefe152e6d1,PaYad1e5e6057
ACCc0f29adfcb,PAYe937ce4fc
ACCc0f29adfcb,PAYb39faa5a4f
ACC4d762c5dd6,PAY5748a8ce59
ACCc9db339687,PAYc6c9c2104c
ACCc9db339687,PAY39ddbb4379
ACCe6c80384b8,PAYcd3bcf442f
ACCe124d9707c,PAY1cb0935A85
ACC3e13ccb3ed,PAY68bf022c22
ACCf8a8227bce,PAY0cf7e3c3d4
ACC61d49b8fcb,PAY5bbeed2ef3
ACC91d2b53b5b,PAYe372c71269
ACC91d2b53b5b,PAY3e6d8e4bd1
ACC1abceeb03b,PAY7e3b64ab4a
ACC1abceeb03b,PAYbbf0cee12b
ACC04323f827d,PAYc756971114
ACC04323f827d,PAY0b6481f113
ACC9adc6ba820,PAY1e8dcda658
ACCc46b72bad9,3PAYd0fc14cef6
ACCc46b72bad9,PAY2m638933b44
ACC3c008cae09,PAYd40e0a7b9c
ACC3c008cae09,PAY321196a42d
ACC83aed068da,PAYe9c8996462
ACC83aed068da,PAYfec4b79ff2
ACC507dc1314a,PAY0d5d25d4af
ACC507dc1314a,PAY5469bc1bb0
ACCcd12a1a175,APY27df5856dc
ACCcd12a1a175,PAYb30452efec
ACC386066cc91,PAY9b94ad1980
ACC386066cc91,PAY20f0818fa9
ACC655f16fd17,PAYf5aba4d54
ACC519fe31017,PAYc9c2fb7211
ACC519fe31017,PAYae2e8ea57a
ACC092ac1dcdb,PAYA849743137
ACCfc88653ba4,PAYc64882f8f7
ACCfc88653ba4,PAY3224E9446f
ACC7a6e6d6b5e,PAY2a65290013
ACC7a6e6d6b5e,PAYeca662a839
ACC37e0a5bb4d,PAY3a1a680def
ACCf26c33dc69,PAY25e4e8f6c6
ACCf26c33dc69,PAYc43bd809a6
ACC34797d10bd,PAY1e1724205
ACC34797d10bd,PAYd6010de58c
ACC9bcb6384c7,PAY62bb6fd2df
ACC9bcb6384c7,PAYc3bf0eb2e3
ACCf340bdece6,PAYe25e620763
ACCf340bdece6,PAY69a4860051
ACC5635d6bc01,PAY81dcaD90c0
ACCfa301e2294,PAYef2588c01a
ACC47693126bc,PAY44e163d803
ACC15b315fc84,PAYf1eb06ada3
ACCa6236c275d,PAY1796be3007
ACCa6236c275d,PAd821af8ec5
ACCd45edf7a1d,PA1Y858be8141
ACCd45edf7a1d,PAY5418549b1e
ACC1e904724b6,PAY4d3705ae7
ACC1e904724b6,PAYf6081cd01c
ACCcae3bc9f59,PAY014537b8s96
ACC66b4b25731,PAY22dd3c7271
ACC66b4b25731,PAY5745902432
ACCf274a1c1ed,PAY1588ffcdf5
ACCf274a1c1ed,PAYf9cd878705
ACC2b636dbfdb,PAYb4d4a9382c
ACC2b636dbfdb,PAY769x5227e34
ACC141e1444b9,PAY41600d0e8
ACC141e1444b9,PAY9367c5571b
ACCb435cc7468,PAYff1e2a3d53
ACCb435cc7468,PAYfefe5d7ee9
ACC8ad9c704d6,PAY8700f622c4
ACC8ad9c704d6,PAY959f98f0c4
ACC25e1d3985d,PAYc0e25689bd
ACC25e1d3985d,PAY52473d6ed5
ACCa942af5789,PAY0a92e2a161
ACCa942af5789,PAYc17929d3e9
ACC3d9bb295c2,PAYd3656f1c0
ACC5aad500d30,PAYb53dd431ef
ACCccd6874d62,PAY843fb8019b
ACCccd6874d62,PAY846cdd9177
ACCa697b868b5,PAY38d69fcb63
ACCa697b868b5,PAY0d9dfbae1
ACC8ead743ee0,PAY01715968d8
ACC8ead743ee0,PAY695ab5cbd9
ACCecc9c7a9b3,PAYdce34ee608
ACCecc9c7a9b3,PYA2d8de0704b
ACC4d9d857d3d,PAY743fd8c1b1
ACC4d9d857d3d,PAY66119e6b7c
ACC0d2586cef1,PAY395fd32516
ACC0d2586cef1,PAY8b7f60aecb
ACC8caf441a48,PAY7f8441bd34
ACCd3969a6fa5,PAY4e47a30f6a
ACCd3969a6fa5,PAYe2ef095217
ACCa258f65be3,PAYy3192253282
ACCe21dadbfa6,PAYbd3b71862b
ACC593f8fc883,PAY02809da397
ACC6461102e7f,PAY03bf1cc4ac
ACCb5817acdee,AYb7c2cfcbd5
ACC8a6e7a0cd2,PAYbn756a816dc
ACC8a6e7a0cd2,PAYdc5b1d571e
ACCddcbeb731c,PAYb88dc385d1
ACCddcbeb731c,PAY790443d95d
ACC37a37d3777,PAY57a0d7a5d4
ACC37a37d3777,PAYada9b29e6a
ACCade88c8830,PAYecdf139273
ACCade88c8830,PAY5bb41a061f
ACCf328a0ee34,PAYc37985212
ACC55938c35d0,PAY92688c476
ACC55938c35d0,PAYf03a97fa6
ACC18805c1071,PAYdb901fe4f4
ACC33ff57753b,PAY7c6c464442
ACC33ff57753b,PAYec4c7990ae
ACC9a77a7b317,PAYcec1262255
ACC9a77a7b317,PAYd90a6317e4
ACCd60e6d014c,PAY1378810f4f
ACCd60e6d014c,PAY4207278017
ACCc304537344,PAY5f40c9b7bb
ACC4b7b6260eb,PAYb6baeb8516
ACC4b7b6260eb,PAY88fA1807cc
ACC4bc8e36843,PAY6b10a2a2c
ACC4bc8e36843,APYfa2a248eda
ACC20c8acf55e,PAY0420caadb
ACC9fd88d6b14,PAY038111eb4c
ACC9fd88d6b14,PAYe9c9a759a2
ACC6ee8618d19,PAY9615fc8435
ACC6ee8618d19,PAYb423d11f43
ACC8b001d7c1c,PAY11bfc94ea0
ACC8b001d7c1c,PAY15f79c1e61
ACC905712be0a,PAYc98ee2f99d
ACCb723c0bb07,PAYdd14ade96
ACC68599c7b0a,PAY53af337f35
ACC95f1ed0d08,PAY9f762555ba
ACC9faafe0d7e,PAY1ca1794c81
ACC0034dc73b9,PAY5a098f2b46
ACCeb1e2de965,PAYee6fa29055
ACCeb1e2de965,PAY3c4b3a125b
ACCeaf663d89d,PAY5543909113
ACCeaf663d89d,PAYf61a4e00a
ACCd1b5f1de7f,PAYc693361a1f
ACCd1b5f1de7f,PAY944722a6e2
ACC0c1c28c1c1,PAY78a0485261
ACC0c1c28c1c1,PAY3af8d8ca20
ACC935393e4ac,PAY4Cb6cb924a
ACC464e7e74e1,PAY6f9765acc
ACC036cab7b4a,PAY034b3bcc21
ACC036cab7b4a,PAYdd6e3d9918
ACCad05aa4c45,PAY60b5788a59
ACCad05aa4c45,PAYf8845d8722
ACC4a9a442d25,PAY38d813e6d8
ACCc05407c05a,PAYdcead97771
ACCc05407c05a,PAYfa27c3be29
ACC7f7458330e,PAY4bf770f755
ACC7f7458330e,P0AY4388e9a006
ACC4ed069cedd,PAY7a674f6481
ACCa767b7723e,PYacce46b1bb
ACC891f3fd5a6,PAYe5aaa4f6f1
ACC891f3fd5a6,PAY6e54895d23
ACC3fa9f8d546,PAYa122d73629
ACCf88da63f11,PAYa772212fa9
ACCf88da63f11,PAY1697dd164B
ACC69c048b9df,PAY47b06ab87c
ACCfdfa72c083,PAYedf828ae8c
ACC666ccd954d,PAYe8914369c3
ACCf234061f8d,PAY06065d861a
ACCb8a229f62d,PAY38294a3899
ACCb8a229f62d,lPAY994f01b72c
ACCa19e37c8c5,PAY5d813cc98
ACCa19e37c8c5,PAY7c341a612f6
ACC687cd5e398,PAYa804020630
ACCc56bef47e8,PAY0d0704d634
ACCc56bef47e8,PAYfce8b3ce7
ACCa143479b73,PAY4db3c09948
ACC6a35687736,PAYfcb838127
ACC6a35687736,PAY790998c32c
ACC2376cb2f3a,PAY2349b421dc
ACC3bd8549f58,PAY67d7d29c5c
ACC1f26351c3c,PAYf401f46f59
ACCaf7bb475ba,PAYf099bbffd4
ACCaf7bb475ba,PAY6b98d598a9
ACC616699c02c,PAY31bbf32743
ACC616699c02c,PAY705736b2fb
ACC0ecfbacbae,PAY52e5f90b00
ACCae48863a11,PAYf8727e450d
ACC7c5aab8039,PAYc6b023f2f3
ACC7c5aab8039,PAY43850495ca
ACCc398c13cde,PAY80d8201b53
ACC1c2c9053d9,PAYf501g7edd19
ACC1c2c9053d9,PAY7c8e110ao58
ACCfc8dad585e,PAY0b30fa8cb3
ACCfc8dad585e,PAYcd32d88c1d
ACC9b96aea227,PAYfeb33542fa
ACCb9eb907eee,PAY976022f6d1
ACC3f50a37d6b,PAYc2ea0495de
ACC8be3443efb,PAYE1465fc6f1
ACC254a4ae3ef,PAY87245fff87
ACC254a4ae3ef,PAYd12994k2f58
ACCb4621d3613,PAYd61ec495c
ACC438fd58af2,PAY2c000169b6
ACCc9ccc7803e,PAY7db95kb7fe8
ACC8b0ae70444,PAY0fab47762d
ACCe123c48de3,PA1Ye43f17ab6a
ACCf24b03c778,PAY07ae17a44b
ACC09022456ff,PAY7e887e79384
ACC37a9f4833a,PAY7310865e0ze
ACC4043c30369,PAY97420d5b81
ACC4043c30369,PAY5831ffd9d96
ACC6c70616544,PAY6b7f519b26
ACCb2fa1a5950,5PAY09eb45662e
ACCb2fa1a5950,PAY5ffc6e0656
ACC41a7024c72,PAY0d34b71ddd9
ACC41a7024c72,PAY380099700a
ACC29aafadf74,PAY320ffcd60f
ACC29aafadf74,PAYef8d28c57d
ACC1ca3ea6727,PAY990392e9d9
ACCb2c74cb346,PAYdb3b4fcd61
ACCd133b52479,PaYa47694465b
ACC5195d8cd18,PAY50fec095d1
ACC5195d8cd18,PAY5423725858
ACC81471a7822,PAY5015a8dd6a
ACC81471a7822,PAY1fb06d2dcd
ACCfd7cd2be51,PAY26248bd35e
ACC60fc76e456,PAY8f0bA8f30f
ACCf26396624d,PAYd57c062be7
ACCfc411a61dd,PAYc2c7c310174
ACC6fbb693e9d,PAY01817a5d01
ACC48c48b3b5f,PAY7e8ffff7e9
ACC7b3dd0f611,PAY87818173cf
ACC7b3dd0f611,PAY154c1096ab
ACCbd1239f8fb,PAYaceebd7c48
ACCbd1239f8fb,PAY72554805b1
ACC1becdbbaa7,PAY222dd88036
ACC1becdbbaa7,PAYc28c5bA36c
ACC1886aa919a,PAYb726931287
ACC1886aa919a,PAYb41b49b331
ACC925c8ccc19,PAY56a33617aa
ACCe7e2d923bc,PAYaffdcbbc7
ACC82e0659521,PAY2665a1fbbe
ACCd98807cc11,PAY4c7235a733
ACCb53c21f1c6,PAYbe00f0aeb2
ACC4b89f8483b,PAYe590d834d9
ACC4b89f8483b,PAYae13e38d27
ACC45695775c2,PAYc2d7246647
ACCddcb8d2286,PAY9c46a3945b
ACC4e500a6617,PAY4598006e4b
ACCeb012f150e,PAY3c2685fd89
ACC89947ee09d,PAYf335e4ebde
ACCcb392cf125,PAY21d9ff9f96
ACCcb392cf125,PAY9302db9b9b
ACC5c81bdb32d,PAY9bfd79b46e
ACC5c81bdb32d,PAY6841355c50
ACC6d72a5f5d6,PAY3d39d94305
ACC4a44bd2cdd,PAYf5d766e545
ACCe3d11a6006,PAY1e6f54670
ACC78d2daa0e9,PAY976236c2c2
ACC78d2daa0e9,PAY7378e26267
ACC6f9c154b35,PAY5dd724e57c
ACC6f9c154b35,PAY258ab21fc6
ACC10fca65435,PAY7064881680
ACC10fca65435,PAYbca3924141
ACCabcff0009c,PAYde2ddf55fa
ACCa4bc551386,PAYbb27aafe13
ACCb32564792b,PY171705728b
ACCabea8a4388,PAY0e97832994
ACC6dab9cad73,PAYc186552526
ACC4176796a78,PAYf9f15abebd
ACC557f5d728c,PAY4da6cd422rd
ACC557f5d728c,APY1dc49f8b2a
ACC1d34a37440,PAY37e82ef79d
ACC1d34a37440,PAY93a7d02f92
ACC29677bb026,PAY0a49368d9d
ACC29677bb026,PAY53046c2e4e
ACCb08334ece8,PAY9373f9cda1
ACCb08334ece8,PAYe698a0ba8c
ACCabc23b1da3,PAY7a7aadd249
ACCabc23b1da3,PAYed7b89c25
ACC0c6017e0f7,PAY9a5e5117d2
ACCeca36506b2,PAmY5ba866aa9f
ACC046bfcfc8f,PAY2F33319ec7
ACCfc7bcbdbd5,PAYa294da1cba
ACCfc7bcbdbd5,PAY086ba27cad
ACC5e974c6ae9,PAY2d2304e622
ACC5e974c6ae9,PAYda7cbc1002
ACCf6f170feda,PAYa2B0763711
ACCf6f170feda,PAY8b52166e84
ACCcf6e6821c5,PcAYcfdad51c84
ACCcf6e6821c5,PAYcddfb25964
ACCb7cfd93933,pAY5d5b77ccba
ACC7e6c47f189,PAY6b30ff7577
ACC7e6c47f189,PAY0cacc153a9
ACCaa4cf57f25,PAY5213056660
ACCaa4cf57f25,PAY152e2f248a
ACCe1f07c2492,PAy0c188d20c5
ACC0c1c4bd16c,PAYc7f8858364
ACC6c55dfe607,PAiYcf16938673
ACC6c55dfe607,PAY506ed68fd2
ACC285b08243a,PAYbce1195b73
ACCb2beb1766e,PAYc6d55d4dfe
ACC09ae6a050c,PAYe86d9e2898
ACCb0fedae3e0,AY7ecfa95570
ACCd78da0a48e,PAY32e4d0aec
ACCd78da0a48e,PAY3225b6dac5
ACC8cfff50eb0,PAY80b0d15cc6
ACC8cfff50eb0,PAY50e1c0ce2
ACCe34858574f,PAY66332e95972
ACCc3972fe141,PAY6293282de1
ACCc3972fe141,PAY1fo1ebac1d9
ACC3ff5cc1df3,PAYe971010f0e
ACC035891a563,PAY925588b5do6
ACC035891a563,PAY1fcm598aaa4
ACCad6901d88a,PAYa5373a5Afb
ACCad6901d88a,PAY7d42e33Abf
ACCf5699a801e,PAY6ecfaeefc3
ACCedb2fac37c,PAY06c7ccb21b
ACCedb2fac37c,PAYe9b3c55f6
ACCfcff62c538,PAYa59b958a80
ACCfcff62c538,PAY5f2e17d4bd
ACCd1ef8f7051,PAY605c1eac13
ACCbe2d202a74,PAYa1c25b6dbf
ACC66df82a85d,PAY5b44e22cc1
ACC66df82a85d,PAYc223f17b88
ACCd14d5d4043,PAYe95f55771d
ACC49dea75b76,PAYc8949c8ecc
ACC1b80cea85a,PAYf4aa663e6e
ACC1b80cea85a,PAY7d3f4809bc
ACC52f098d70c,PA725e170503
ACC52f098d70c,PAY4d2c432b97
ACC9f71430e09,PAYbb023b1718
ACC9f71430e09,PAY852a5ecf45
ACC9b3910a05d,PAy69ab038ae9
ACC9b3910a05d,PAY5872fc53a5
ACCa16cc889e4,PAYa5be07a227
ACC3bcaedc4c8,PAYeece4b9927
ACC3bcaedc4c8,PAY4e625a6dfb
ACC1798005222,PAY05515c0969
ACCf7367d3512,PAYeb60b3c422
ACCf7367d3512,PAYfc9eaaee5
ACC722c776f43,PAYb7e08Ad666
ACC43c98a6c77,PAY0b92718ca0
ACC4fec5507c9,pAYe95e99f8ac
ACC4fec5507c9,PAY4bC4e8cc04
ACC86d316b437,PAYa83585949
ACC85fd55c42c,PAY60d10dec169
ACC85fd55c42c,PAY4710fd5a0
ACCc6cd22da06,PAYaee063b6d8
ACCc6cd22da06,PAY95564a72ad
ACCa5e85d963c,PAY47e697bf8d2
ACCd9d476e1eb,PAY2c60857861
ACCd9d476e1eb,PAYa1ecze3292c
ACC9a63ccdc25,PAY84e2a33e91
ACC970785c534,PAY0ae9c34744
ACC1002947902,PA5Y8febf6ea4
ACC25a05280ff,PAY800829b256
ACCfd4a51d210,PAY21c3a8b0f0
ACCfd4a51d210,PAY5fb43d0c23
ACC372da5d9b5,AY10d1c5a082
ACCd3630db823,PAY2243536762
ACCd3630db823,PYf6dda6af37
ACC708d63e780,PAYdaaedc3db1
ACC0a0bfa6adf,PAYca06a3641
ACC0a0bfa6adf,PAy9f1af852fb
ACCea6dd93b39,PAYdc45d8d06e
ACCea6dd93b39,PAY298897c4cf
ACCadfa41d53f,PAY20cf133771
ACCbdf865bf3b,PAYf112b10509f
ACCfb0cb965a5,APY414cba6baa
ACCfb0cb965a5,PAY63b1546df8
ACCda7b86d470,PAYc8d8c6254c
ACCda7b86d470,PAY90cc8a2914
ACCbe80d77f3e,PAY53e566f23e
ACC1bf5dadea5,PAY2d5wa34f32d
ACC1bf5dadea5,PAY22e25bb9b3
ACCf194c91b06,PAY06e2d5718b
ACCf194c91b06,PAY291f8806eb
ACC9ea2600b5b,PAY90bb2972hb4
ACC9ea2600b5b,PAYa14bf62h192
ACC9f8248beec,PAY86acc9c6df
ACC884a785443,PY15d477d22e
ACC0e4f94b0f3,PAY9578f2deb6
ACC0e4f94b0f3,PAY14c8c507ec
ACCcaf3f38781,PAYa7bbc1775
ACCcaf3f38781,PAYc1f7a57614
ACCff211a67dd,PAY3183a56099
ACCff211a67dd,PAY6f6b46238f
ACC5ffd545e83,PAY38755c37e4
ACC5ffd545e83,PAY59a9fd5aff
ACC57fa91f04f,PAY1fb6f78165
ACC57fa91f04f,PAY5ea2bd48cc
ACC9ac37d011b,PAY142b78cc3b
ACC6cebf6e5f4,PAY809ced29b7
ACC660db656a5,PAYf32781d87f
ACC660db656a5,PAY10ebad62c9
ACC48e3e4af8d,PAY8b2d259ycb5
ACC72eb00f590,PAY478d171590
ACC72eb00f590,PYd349616500
ACCaa4548edc6,PAY90a2442b09d
ACCaa4548edc6,PAY3951fe7fbf
ACCa862d2c671,PAY7013f76478
ACCa862d2c671,PAY172f2d24f4
ACC6a991799a6,PAY50df69995c
ACC6a991799a6,PAY59a5003892
ACCe8152bf8da,PAY2504a5d7ba
ACC7134195e81,PAYeff2900e11
ACC7134195e81,PAY87382cacff
ACCfb261a147b,PAY9b09aab214
ACC280b0958e9,PAYfce88e814b
ACC280b0958e9,PAYdd5ee01819
ACCbcb401b669,PAY91556bdbe
ACC02667b7b68,PAY93e268e12b
ACC02667b7b68,PAYb394a3cb1f
ACC61ed575889,PAYc412cca86d
ACC61ed575889,PAY4be8221a98
ACCaa898489a4,PAY0172d3f048
ACCdd72b86058,PAY8a4c979a20
ACCdd72b86058,PAY3769a58496
ACC8e58f27b7e,PAY074f078d27
ACC8e58f27b7e,PAYa7d5d0140a
ACC67c01eb86e,PAYef0597fd16
ACC67c01eb86e,PY02f960a749
ACC74a410f55a,PAYe9cb01490
ACC370206e5c0,PAYa230a0f7b8
ACCcd3dc31179,APY071db21e98
ACCeb8105ffc1,PAY2645ba33de
ACC15a5ced9c6,pAY0809fb2c1e
ACCaebb930950,PAY9bd38456fa
ACCaebb930950,AY50809442eb
ACCacfe8dfa86,PAY32ad28002
ACCacfe8dfa86,PAY0eb811a017
ACCf32bca8d30,PAYd3170b0da1
ACC93042db4da,PAY5e339d4a46
ACC89b82291f9,PAYdad7359efc
ACC89b82291f9,PAY713144d2d8
ACC1f9e41453d,PAYd3c9a7fd7e
ACC1f9e41453d,PaY47eda7b6c8
ACC3f5f1380c5,PAY817f451201
ACC4b08422e15,PAY40c6cdff2f
ACC4b08422e15,PAY855bd7ba1f
ACC6ec7144f92,PAY02f27de470
ACC6ec7144f92,PAY7cbCccab19
ACCfaca13b310,PAYa0aa293c5
ACCf7658ee22c,PAYeba81daaa5
ACC6280865a3b,PAY2ab262b9f9
ACC6280865a3b,PAY80a38d6a6f
ACC02f196e383,PAYd827e3f7b7
ACC02f196e383,PAY297401f4f
ACC4b4fd64fba,PAY363cdd4a4
ACC4b4fd64fba,PAY2e1eb042db
ACC76921c99f0,PAYbff14cda0
ACC76921c99f0,PAYb0be16be03
ACCfa551d1ec7,PAY774c74ff8
ACCfa551d1ec7,PAY07c87891fe
ACC9353438629,PAY44f06771d2
ACC9353438629,PAYf17f1ddc43
ACCf8fd9953d8,PAY33feee06d
ACCf8fd9953d8,PAY33f205e61c
ACCd6a6720522,PAYef39jafcb5f
ACC007feb5cc7,PAY9b4e1ccf40
ACC007feb5cc7,PAY334515fea6
ACC3061caa6ca,PAY9f53216ea
ACC3061caa6ca,PAY7d865d81d56
ACC40b35abeb2,PAYb6c6c0b35d
ACCf725066a23,PAYba49928067
ACCf725066a23,PAYaac8496d12
ACCe95a0e89f1,PAY2d92ee497f
ACCe95a0e89f1,PAY8769fe39f2
ACC9a5738bd9e,PAYe87d4df3c0
ACCe5fc34975b,PAY742314226f
ACCe5fc34975b,PAY98651bd759
ACC2075b254cd,PAY648a014b53
ACC2075b254cd,PYA226ae72915
ACC39c47496a2,PAY77991b70ec
ACC39c47496a2,PAY444f9b3b87
ACC3097ae4c15,PAY64d75304d2
ACC24c0c4fd9b,PAY376cAc0a1b
ACCb4247aa6c0,PAY9358694f17
ACCb4247aa6c0,PAY9575004b0a
ACC0b5a76664e,PAYf531d695ff
ACC0b5a76664e,PAYb3a965a620
ACCe3be90162e,PAYb6752acfe1
ACCe3be90162e,PAY3fa96f25eb
ACCa4128d823b,PAYc139728d9
ACCa4128d823b,PAYfa853fe096
ACCf0dad50429,PAY7277ca69db
ACCf0dad50429,PAYfdf7046949
ACCf5ff2e0ffd,PAY669e87dfdc
ACC893c828480,PAY08256aa3a5
ACC893c828480,PAYf30eead332
ACCcf1bdb5d3f,PAYb25cd331188
ACCcf1bdb5d3f,PAYff20608b35
ACC125e8d2945,PAYa518e8254f
ACC01153bf957,PAYddee7e0dba
ACC5215a1acb9,PAY6b0c67bab
ACC275825d139,PAY1c3f3603bb
ACC1ac8a00c70,PAY1575817a51
ACC1ac8a00c70,PAY13c68dde25
ACC46c79350fb,PAYcdd73a5b97
ACC736369e2ff,PAYa875c9107a
ACC736369e2ff,PAYe077a775e6
ACCd1f825da59,PAYc9e9e76c11
ACCe35d708a0b,PA5Y201244d01
ACCe35d708a0b,PAY4c81d71f3e
ACC0f771bd5d4,PAY2c012befd1
ACC0f771bd5d4,PAYae2403137f
ACC6e739b95e7,PAY3f88c14a26
ACC6e739b95e7,uPAY0111651a08
ACCb9c9c6d6e7,PAY109e8i87c6d
ACCb9c9c6d6e7,PAYe02eb0247e
ACCd29ffb2ff5,PAYfa25aa7037
ACCd29ffb2ff5,PAYeb0d502de0
ACC6db34a5c4b,PAY78823f727c
ACC05b6b3b653,PAY4f400c82b3
ACC05b6b3b653,PAY4ce2862155
ACC6b39fa0b9e,PAY2c38691919
ACC6bbdbb4d3d,PAY01c4337a2d
ACC6bbdbb4d3d,APYf96338d100
ACCc247c54f8e,PAY2c79f540cc
ACCc247c54f8e,PAYd30d10f95e
ACCdb7737c74e,PAY5d1d09089f
ACCdb7737c74e,PAYe0736ae7936
ACC0edeeecfd1,PAYa0f73c3bb6
ACC0edeeecfd1,PAY45e7fl859b1
ACCa3129082fa,PAY0f63f2ec34
ACCa3129082fa,PAYfb8393408e
ACC28c41ab335,PAY5f5ff2894
ACC87316012c5,PAYd0f1669c44
ACC05a8c60662,PAY2a4d91de1
ACC3417c14529,PAY353376d2e3
ACC95f7c48cc3,PAY6a1ec302a0
ACC71890160b4,PAY808aaeafb0
ACCacaefcc3d5,PAY756eff9f64
ACCa271aebd08,PAY83272ca787
ACC843d9c976e,PAYf4fbea9bb6
ACCf98b71248e,PA16c18fd7b8
ACC2b540f82cb,PAY3154dd8efa
ACC16b70b4aa0,PAY62a6747ad5
ACCde56379166,PAY08e30a34fe
ACCde56379166,PAY8ed8e8aa1d
ACC46d7c168ea,PY2812a8a351
ACC83f729c86a,PAY2602887a9b
ACC83f729c86a,PAY992240167f
ACCe9240ae3ca,PAYee25ebca5
ACC3a0cef5631,PAYc5c5bdef96
ACC3a0cef5631,PAY79edbedA5d
ACCa51d4b9f2f,PAY8f3b045b33
ACCa51d4b9f2f,PAY79ba3b452c
ACC0c4144b952,PAYa597z64db64
ACC0c4144b952,PAY105f5093e
ACCd4952df47d,PaY4407550f44
ACCcc84e5a54d,PAY64e25d3dd5
ACCcc84e5a54d,PAYf5976dc4ce
ACCb65e9591d7,PAYba9157dbdd
ACCb65e9591d7,PAY048ca9808c
ACC8356103c25,PAYfd000cfbe2
ACC8356103c25,PAYf2056075f8
ACC3634499843,PAYb4d1249fb6
ACC3634499843,PAY65969B72ea
ACC53614df7bc,PAY8002574adc
ACC108c5da43e,PAYa7c00e4a0d
ACC108c5da43e,PAY85b8df302d
ACC0e83bddb61,PAY150c6255c
ACC0d1c78129b,PAYe347c78f8b
ACCfbdd3fb09b,PAYa98dae51ndd
ACCfbdd3fb09b,PAY65b578726b
ACCd4eafea67c,PAY0eca7bf98f
ACC626cb48cab,PAY600c7af8cd
ACC626cb48cab,PAY00937855388
ACC5076736436,PAYfa07374965
ACC5076736436,PAY23bf1ec8a0
ACC32dd684afe,PAY59f402fc17
ACC756167a2e4,PAY2dc8180d1
ACC00ca78823c,PAY4853431f1
ACC00ca78823c,PAY35c8275909
ACC161d9e2fae,PAYabb43e365b
ACCd5c1ff7271,PAYcdb8ee3bd5
ACC9dd4b4d46c,PAYd30b9953ce
ACC1139a098fd,PAYfd40a93ba9
ACC43f397c45e,PAY35v0ed3ce7e
ACC0a9459ce27,PAY787bd88c81
ACC0a9459ce27,PAYf498ea4472
ACCf027f3fb08,PAY10ab8d7372
ACCf027f3fb08,PAY7459666f32
ACC3cabfb4f5c,PAYb8d3a2880
ACCe9c23f369f,PAY6de6d84b6
ACCc5e2735c62,PAY0e4dcbab03
ACC3e4c8d64cb,PAdY27e391ca47
ACCce09b0a687,PAY86d79ade3a
ACC2aaeb427fa,PAY6e3e29e98
ACC2aaeb427fa,AY496056be0d
ACCecf82076b9,PAY3993245075
ACC8e47b3d2df,PAY34512aDe72
ACC8e47b3d2df,PAYa0668c37f3
ACC7dd3a34000,PAY62ee7c6e3d
ACC7dd3a34000,PAY29b3b8f1a9
ACC40cdd805a1,PAY374F9f1c5f
ACC40cdd805a1,PAYb663564b95
ACC4a5bd3bc96,PAye069618062
ACC4a5bd3bc96,PAY02651d5c5b
ACC9593f1a26a,PAYacc14c1a1d
ACC9593f1a26a,PAY0d18361970
ACC0087bea126,PAYf34d7f1f18f
ACC0087bea126,PAY11e465e3bf
ACCff57de7fe9,PAY81000ac76d
ACCb859332039,PAYj87da0cdb29
ACCb859332039,PAYc8b495f272
ACCdfaa35fff9,PAYe64685d22f
ACC24fa658684,PAYd13a2a7db7
ACCdbfd34465d,PAYb0f6r36f9d7
ACCdbfd34465d,PA8Ybdfb3e928
ACC89b5c43e94,PAYe4517482ac
ACC32d67cd939,PAY7d5924dab0
ACCc4f759ce42,PAYaef25ca73f
ACCc4f759ce42,PAYb27c5774d2
ACCb31924c2e2,PAY2124879367
ACCb31924c2e2,PYA0b60ea98ac
ACC200eb926f3,PAY320083df4b
ACC8c71af8f65,PAYb737df6b5d
ACC8c71af8f65,PAY1cd20dcc84
ACC3b8496eca9,PAY8560aaa4ef
ACC7999d55b5a,PAY20cedfed2c
ACCf3ab685382,PAY17a69e8e03
ACCf3ab685382,PAY902dd60ea8
ACC0e082eac0f,PAY03c1d101979
ACC0e082eac0f,PAYb763c88fdb
ACC71fa150bf5,PAY0c5b7646252
ACC7fb2066d0a,PAYcb294de8cf
ACCf891a58a84,PAYa81f4646cc
ACCca42b71bab,PAY68d8b7abbd
ACCa100ce067e,PAY0c82d7913a
ACC8e508eea68,PAYdd9d57cw8b6
ACC8e508eea68,PAY099751fa9e
ACC9037c79707,PAY38e6c19675
ACC654c25909e,PAY0b48cca8df
ACC8f1ee899b3,PAY2033995be2
ACC90331f4bc8,PAye90b5c536e
ACC90331f4bc8,PAY96de96faef
ACCa8843fad78,PAYf2d0edeca6
ACCa8843fad78,PAYf13e876f14
ACCa51a7ddb61,PAY266ff384c5
ACCa51a7ddb61,PAY1161747a0
ACC18b46b4406,PAY590a6a7b55
ACC59f12c0d74,PAYde0d746aff
ACC810add7168,PAY5ff1e3444c
ACCa5064bf2d6,PAY843d0676df
ACCc0d6ff62ac,PAY46e623c4c2
ACCc13c288604,PAYEbf49adfb5
ACCc13c288604,PAY8aa3e07ef8
ACCf7f1b509c5,PAYf0be3c54e2
ACC380ca99b88,PAYaad0b71edB
ACC40181c8cb7,PAY94d1227e9d
ACC40181c8cb7,PxAYbd7e4a5434
ACC8b3838504e,PAYc92df30ab
ACC9037284cfd,PAYde6584eb27
ACC9037284cfd,PAY44bbbe0056
ACC06419bf568,PAYe62958cf68
ACC06419bf568,PAYcd08bb537e
ACC40575819a7,PAY4371ac7db7
ACC40575819a7,PAY21b530d368
ACC863a7f4c7a,PAYb723ec0558
ACC863a7f4c7a,PAYea0c18ad15
ACC7959ba05b4,PAY94d7ade5dd
ACC3950000fe7,PAYcfab2c745
ACCdeb7cbef6d,PAY736e431z41a
ACC324d34a7b1,PAY0bb9ed1a5a
ACC324d34a7b1,PAYc439852ed6
ACC98a5e8039a,PAY795d03c97a
ACC56e0d09a6f,PAY31e76093d
ACC56e0d09a6f,PAY35eff8da52
ACC482b353985,PAY25f35864cd
ACCcb5469a90f,PAY2047e11ad2
ACC7c45b5257f,PAYc0bb82bcb7
ACCc16df4ffcb,PAYe5a10b24f3
ACCc16df4ffcb,PAY654951a6F8
ACCe07496771e,PAY20f6317cf5
ACCfb2a9d1512,PAYa5e0138645
ACCcb2e89a72f,PAYd46b1f13b9
ACCcb2e89a72f,PAY0683a0d5ba
ACCf34b2bd885,PAYad9cef85e5
ACCcd84d34129,PAYe4c9d96143
ACCecb96ae11e,PAY90cbbe1de
ACCecb96ae11e,PAYcc11b3a033
ACC70e3ffd2db,PAYfb1f63f921
ACC7b56792053,PAY3388413dee
ACC8cf0473912,PAY0a3f1f80f8
ACCddedff0678,PAYaed1720c96
ACCddedff0678,PAY8a82bf48cf
ACCd3799d683d,PAY0b0d6d2230
ACC8133bf6d17,PAY83b4f9c183
ACCc883ef00f5,PAYc6b9d5beb4
ACC0b92ce7093,PYe4bb4fd1ae
ACCe6ba6ed28c,PAY40445aeb03
ACC972299b782,PAYbff886ael29
ACCc42948c78b,PAYec40c3730
ACC73d76f52d4,PaYd0e2691e19
ACC240d69a5f0,PAY84e85c56b7
ACC240d69a5f0,PAYf666165135
ACC65a12b8386,PAY06cb8aba08
ACC65a12b8386,PAY9e979eb679
ACC872115340c,PAY6ff0e65fb8
ACC0701ef3142,PAYcb937959cfe
ACC0701ef3142,PAY0bd44aec7d
ACCdf63fbf8d1,PAY558741642a
ACCdf63fbf8d1,PAY40eef3838b
ACC5ffcc1912f,PAY0c1149dc5f
ACC5ffcc1912f,PAY6e5598cb29
ACCba450604db,PAY1c325e2cdd
ACCf4c9396d93,PAY105732beee
ACC14f5fa9b8a,PAYae5ea47db
ACC14f5fa9b8a,PAYb1bfc05cca
ACCcb60a8a369,PAY6f63c9aeaa
ACCcb60a8a369,PAY710afb5fda
ACC237d1a6a75,PAYc82fc0404c
ACC237d1a6a75,PAY90dc678584
ACC8fe12603f4,PAY217e95f075
ACCa7cfa89293,PAYcbb7b7819
ACCa7cfa89293,PAYba6e47d7c6
ACC4dcfadce26,PAY95326a91eb
ACC695dbc49c6,gPAY959577fd81
ACC695dbc49c6,PAYbee39f9daf
ACCeeaf42b58f,PAY7228c96396
ACC2e4cf8efc0,PAY943914F6da
ACC2e4cf8efc0,PAY1fc25c23c5
ACCd4bcef68a0,PAY9d5e20f37b
ACCd4bcef68a0,PAY26e4a34d64
ACC8ac0632fad,PAYd8a4a1087e
ACC851cdaa1ae,PAYeb7a25a78c
ACCc81a7bd3c2,PAYf884870b61
ACCd4c5833eb6,PAYd68decbd79
ACCd4c5833eb6,PAY97722af1fd
ACC0e1c01a3b8,PAYe4326b0dc3
ACCf7cfc247b6,PAY0f6efeebf8
ACCb93da05ac9,PAY957efb804b
ACCb93da05ac9,PAY860613fb95
ACCae2a53644f,PAY659679bf3b
ACCae2a53644f,PAY3e4019955b
ACC86a7d3c113,PAYdc2c1667d
ACCd574be8635,PAYdbccbeef44
ACCeddf854c9f,PAY1911af95e1
ACCeddf854c9f,PAY98k83a8c595
ACC0fa14e8c0f,PAY2340d7015f
ACCff751a6579,PAY200e6ad452
ACC02390bcd5e,PAYfee00a11f4
ACC3e8ef775ee,PAYb101f54d90
ACC3e8ef775ee,PAY111d8bcd11
ACCe915d59de7,PAYc892cbfb8c
ACCe915d59de7,PAYb9c2137657
ACC2be73b2a17,PAY51d6fa744f
ACCff3918d4da,PAYaf786e6df
ACCff3918d4da,PAY0ff456a79b
ACC2abb64a50e,PAY7d0aaa44c8
ACC949df4bf8f,PAY00781ca1e3
ACC949df4bf8f,PAYa736ef9dfc
ACC3592baafde,PAYf1e541fab
ACC3592baafde,PAY71eda73a69
ACCffa4d3efc3,PAY74411cab4
ACCffa4d3efc3,PAY02214dfc93
ACCc719f7bae8,PA3Y45b1880158
ACC492e983759,PAYf778d3eb55
ACC492e983759,PAY14a42bae02f
ACCdebaa1010e,PAY9e20fdbdf5
ACCda2e199d17,PAYdf1c16fd61
ACCda2e199d17,PAY99ca1233ce
ACC30a6ab5e18,PAY5e24d1f9a1
ACCd8717b1918,PAY84790a2421
ACCdd04c21aa3,PAY76fc3eabf6
ACCdd04c21aa3,PAY9ba2a657a8
ACCdb3e2e414c,PAYe267c499f8
ACCdb3e2e414c,PAYb51a57c124
ACC640a2fd091,PAjY54c970ae30
ACC9b1ce26084,PAYdc16b93853
ACC2332436d87,PAYd5fc0e92e
ACC2332436d87,PAYaa6c30eec0
ACC58b08a3936,PYAfcbaaf3ccd
ACC4be435e32b,PAY8bd9cf7fa
ACC60b5f8e750,PAY6915a39e63
ACCc017852ae2,PAY43d76c120
ACCc017852ae2,PAY9d4820b1dc
ACC761c051a77,PAYkede01bac9b
ACC761c051a77,PAY3384d7b0e1
ACCfcc5124444,PA8Y3302a2a4f
ACCfcc5124444,PAYe96460801
ACC077417ce05,PAY881e70d2de
ACC2d135f54dd,PAYfe1086346b
ACC2d135f54dd,PAYf989e2025f
ACC817bd9c967,PAYc66ae5c525
ACC817bd9c967,APY218ae10cb6
ACC8d844d4190,PAYffa7de550e
ACC5a2ff35a59,PAY9716045f5c
ACC5a2ff35a59,PAYb50065fDde
ACC520594d890,APY69b1bc044f
ACC520594d890,PAY13cab93459
ACC64785eedf3,PAY89df3c35cD
ACC0b359a09ac,PAY63d7643999
ACC0b359a09ac,PAY8t82ef3fd38
ACC3462e37d1b,PAY689706c172
ACC3462e37d1b,PAYab225bc332
ACC536af2c451,PAY0548846d82
ACC536af2c451,vPAY70599138d5
ACCa885268a06,PAY229eF69593
ACCa885268a06,PAY57cb3d83c
ACC385459cd63,PAY1f866cde98
ACC4e43a301a7,PAYc306ccd38a
ACCd593170824,PAYdd62726d2
ACCd593170824,PAY9ccbd4713c
ACC130e10a0f5,PAY510bc3a17b
ACC130e10a0f5,PAYee1535401f
ACCa62ae101a9,PAYc78fbbf1d8
ACCa62ae101a9,PAY9df31c2471
ACC0ba624c9cd,PAYea7c4ad075
ACCb62958e809,PAYe61e391d00
ACCb62958e809,PAYb614359f07
ACC27891d00be,PAY424f984b0c
ACCb6a22aa99f,PAY066f9d41e5
ACCb8c9375f39,PAYe65aab77b
ACCd804dce1dd,PAY4c42a5b54
ACCd804dce1dd,PAy1ac50e2a3d
ACCeaf0915862,PAYd014402b2a
ACCeaf0915862,PAYfa62fbedcf
ACC77c17a308c,PAYb72de75e70
ACC77c17a308c,PAY706f99f14e
ACC2e4437f7f5,PAY9f7f6f2ff6
ACC20efb7dc20,PAYafa741d6f4
ACC20efb7dc20,PAYed6b505c5b
ACC9b91970e9e,PAY0495335cca
ACC55c5e0932e,PAYecc817ad6c
ACCfd71f45c86,AY96e135ccd1
ACCfd71f45c86,PAY19009c56af
ACCe9d7858d5d,PAY8b0b0a6b9b
ACC9f580305eb,PAYb043b7d18
ACC9f580305eb,PAY6d519ef19e
ACCb5274fae42,PAYd93b7a802a
ACCb5274fae42,PAYf85c54cbc
ACC12d1b96161,PAY06e9d2bb04
ACC12d1b96161,PAY8c007a11bb
ACCe335cdc8c7,PAY552cf905be
ACCe335cdc8c7,PAY2fb1774d3f3
ACC84a1819590,PAYce68b2bb3a
ACC84a1819590,PAY41Cf5887bb
ACC7211d394e9,APY8d08f31a22
ACC45789ba076,PAYc29196e4d5
ACCa0329b1aff,PAY90c9205315
ACC288175d6db,PAY7c43f622b9
ACC288175d6db,PAY529ec280f
ACC5ccdc72105,PAYdc766e4c6b
ACC2de32e114e,PAYa344f40784
ACC2de32e114e,PAYd5a7c1a076
ACC290b000247,PAY72e3c07a8
ACCbed4a42beb,PAY7db586539e
ACC531497bc63,PAYa19628259f
ACCf0cf32eb84,PAY854b04557c
ACCf0cf32eb84,PAYfe45ab26f
ACCcca54e6d31,PAYdc60293249
ACC00b5d94114,PAYcbf0377262
ACC00b5d94114,PAY78bc3ef994
ACCec08e7c61a,pAY1e4809fa0c
ACC9d842b51de,PAY733aa320c0
ACC9d842b51de,PAYba0f6ca07
ACC1ea9f3cb28,PAY086d20e61c
ACC1b3d35ea8a,PAYe646903db3
ACCb86e621487,PAY65eabfb9a4
ACC91ee632fef,PAY3ed4cf5bc8
ACC7b1535d17f,PAY98bbf3a5ac
ACCabf784c2de,APY27dd1bcbf2
ACCabf784c2de,PAY014fr181dc9
ACCa06ccbd1c0,PAYcfac5b5083
ACC7613f71085,PAY9590e206be
ACC7613f71085,APY99672cbee2
ACC0be48724c6,oPAYf1b27f297d
ACC0be48724c6,PAY6b3af43199
ACC67b884e8a7,PAY4c0a3fe547
ACC54ef4e30d5,PAY22887ed8e5
ACC54ef4e30d5,PAYc2ceec9f36
ACC252711f3f8,PAYdf8835939e
ACCe0454c4e22,PAYb377e164e3
ACCe0454c4e22,APYec3cbbb948
ACC635b7986c1,PAYe9e2b94e1c
ACC635b7986c1,PAY6care768829
ACC2b77c36d08,PAY3982d2ee66
ACCac474e19d5,PAY0e4574e6d9
ACC9aa7f5ea0b,PAYbb9155a4da
ACC9aa7f5ea0b,PAY3ed195d501
ACCd1ef26d438,PAYcc70419f80
ACC863c07e0f1,PAY06b07e2519
ACC863c07e0f1,PAYa49b999a11
ACC804ddeb899,PAY1e956d1084
ACC32217563af,PAYc05d12d922
ACC32217563af,PA6Y6dc7b53d3
ACCe426b71d88,PAY569aef28e0
ACCb4431cb2b0,PAY78ecd21a0c
ACCb4431cb2b0,PAY7586de9ea9
ACC8616ad44d8,PAYe5b575f0q6e
ACC8616ad44d8,PAY7937b884a
ACCa8a711bd02,PAY4a885ce455e
ACCa8a711bd02,PAYf3ff03edbz5
ACC6aaa273c43,PAYd04f3b6954
ACCaea25207de,PAY13bj2d0e07f
ACC9f236004e0,PAY461156f2d4
ACC6e4d5c016b,PAY980fff91af
ACC6e4d5c016b,PAY1f569e2fdf
ACC5d243215ca,PAY52116c9184
ACC4285ddb567,PAY750364b5ef
ACC4285ddb567,PAY4u47a14082d
ACCc49a9bebb4,PAYab0e9931ac
ACCc49a9bebb4,PAY2b3c03a236
ACCf10a695ad4,PAY0a155d4be
ACCf10a695ad4,PAY049b94e665
ACC9904d722dd,PAYba4dbdecc1
ACC9904d722dd,PAY3e3d609079
ACC0df6534f75,PAY718ab7bac9
ACC49a6346ef4,PA6602c29ba4
ACC49a6346ef4,PAY49a86c3653
ACC8a6c30ef4c,PAY2e00339417
ACCbef6fb1c37,PAY211847ae69
ACC816a4a0212,PAY085835d72
ACC1ec8d19fb7,PAY97e5n86b075
ACC1ec8d19fb7,PAY6234a44a1f
ACC56fe3f7ade,PAYf933878b1e
ACC24ff570860,PAYdb0f84b8681
ACC53e230f9e7,PAYdb15b0589a
ACC53e230f9e7,pAY6ceaffbdcb
ACCfeea2dfffa,PAY8s3957b057b
ACC8e252ebba8,APY28a83f611b
ACC8e252ebba8,PAY75f52f5723
ACCefeab4301f,PAY9a029340d4
ACCf1aff1c5d2,PAY18582cdf0e
ACCf1aff1c5d2,PAY48f018b561
ACC45f17a1389,PAY573e6bd5a2
ACCd45b09d2f5,PAY04E2b25fd6
ACCd45b09d2f5,PAY0c80e4156a
ACC727d157c97,PAY414e1205c4
ACC08cc5e56f5,PAYf50b846a31
ACC08cc5e56f5,PAY1b9280d088
ACCa4be939b98,PAYdcfdb45263
ACCa4be939b98,PAY59794e2a84
ACC3cdb99b076,PAYf1a8ee73ctf
ACCbdb32449e7,PAY707082c88
ACCbdb32449e7,PAYa1e45c598b
ACC35b32b403b,PAY6a50097c43
ACC35b32b403b,PAYdf3b2c3caf
ACC039bc87be6,PAYe521fd21af
ACC039bc87be6,PAY63443cd031
ACC921b500939,PAYbefca68ae
ACC921b500939,PAYf67504e181
ACCbb52871e55,PAYee602342a1
ACC66c48aab92,PAYf5a0234ac9
ACCae3d1cc3e0,PAY72da60476
ACCb4ae28c96b,PAY8ef1dbebd5
ACCd0d43e8fda,PAY9344e05369
ACCd0d43e8fda,PAY5230a1fe7b
ACC63d8cd1931,PAY7df07e28c
ACC610866f061,APYf5db35794a
ACC40393483e8,pAY8cc6e79d33
ACC40393483e8,PAY90bf75cba8
ACC6f6efc7957,PAY94a023d0f
ACCdc7593b5b4,PAYca1bc7f35c
ACCb6eef082c8,PAYd11d04cdd0
ACCb6eef082c8,PAYfe1d756b4
ACC13f0759a06,PAY1cb1df369e
ACCcdc4d16c77,PAYd5d4c7f290
ACCdfe822dce3,PAyd6fa517648
ACC7ac5c47c4b,PAY30p1ed3c3db
ACC88db64b769,PAYd67db9ed5e
ACC6f12aabac3,PAY66a5b9beb9
ACC6f12aabac3,PAYedce08aa5a
ACC0937ba9c26,PAYd336k9eb008
ACCce2470b8b9,PAY2f5ac43483
ACC6f48e1e8bc,PAYb64705dd871
ACC6f48e1e8bc,PAYb9ac227e18
ACC3c0baf7cb4,PAY0949a40683
ACCd426c995c1,PAYdf65a15192
ACCd426c995c1,PAfY1999dabb8
ACCffa1672912,PAY51a1e02ddc
ACCffa1672912,PAY78036e0e0b
ACC888255682f,PA7Y6e548d983
ACCd91fe1bd4f,PAYffe294fb42
ACC436b9adf81,PAYaded1f097e
ACC436b9adf81,PAYef28964bc9
ACC674fa9c327,PAY1abda9b6d7
ACCce385327f5,PAY9509ab936
ACCce385327f5,PAYfaf87860cb
ACCbd31eec3f7,PAY29b930aa8
ACCbd31eec3f7,PAYc8ba94c132
ACC7d0f2fb088,PAYbfd43faec8
ACC7d0f2fb088,PAY11e94283e5
ACC38d6130734,PAY6f4a664d3d
ACC38d6130734,PAYea3e737cee
ACCe703df6671,PA9Y29b319e2f
ACCb6f2893427,PAY53670328ac
ACCb6f2893427,PAYca06f6f350
ACC19f10eed18,PAY90a68c4b7a
ACC19f10eed18,PAYd23d308376
ACC48d51bcf5d,PAYad60f10c51
ACC48d51bcf5d,PAYe296682814
ACC197c331aae,pAYacc2f9f455
ACC197c331aae,PAYf517c80332
ACC1e2de399e3,PAYf1116632e2
ACCe44685412b,PAY67221fc4e6f
ACCe44685412b,PAYad8921754c
ACC531fc63458,PAYec640d78e2
ACC6678b7933d,PAY151bd7dff18
ACC21750e143d,PAY114f6c341a
ACC21750e143d,PAYef5bbb3786
ACCa7de855d02,PAYccd547d7ad
ACCc330051ec8,PAYa48e857573
ACCc330051ec8,PAY10f1c52725
ACC14e66634a8,PAY5d3d7e519
ACCd08f3bf38a,PAYb0f1f549d3
ACC06d31e4264,PAY28946365bb
ACC06d31e4264,PAY85c8cb3f53
ACC4a33e1ffc6,PAY12c5cc2b4f
ACCb67a4c92eb,PAYabd6943c6a
ACCa4c8483635,PAY637659b468
ACCa4c8483635,PAY265d97c2f
ACCfc2bffa7a9,PAYba9043b291
ACC5801df1c1b,PAY26ad926ba
ACCc115d22306,PAY77e29d9969
ACCc115d22306,PAYd057493790
ACC4880469057,PAY9f698f5405
ACC4880469057,PAY4d74686238
ACC29ebd242df,AY5c6d3fa78f
ACC34cd480561,PAYcc453a28df
ACCc90cbee651,PAY735f74eabe
ACCc90cbee651,PAY396b510f0c
ACCa0d1815a4d,PAY0f7924e9e0
ACCa0d1815a4d,PAYcd7f8802c2
ACC5ff83b77ea,PAYae12d54c2c
ACC5ff83b77ea,PAYd114f5cd89
ACC869c00a7e0,PAYd7d2df5578
ACCbade0bd74c,PAYa4d3025041
ACCbade0bd74c,PAYa3bedc9b9a
ACC52f258a69c,PAY79c40ab0b6
ACC52f258a69c,PAY2f0e15cb47
ACC75e12b1b9d,PAY8537ea14d
ACCd9f40524f2,PAYe51f0c3d97
ACCd9f40524f2,PAY9f05b009a5
ACCa67a3ac804,PA63d0342851
ACC748022503a,PAY8a038646f6
ACC00db33f8a8,PAY394d9855a3
ACCdaaf8cfc8c,PAYc4e74a304e
ACCe491e51c51,PAY919bcba148
ACCd67def8dd3,PAYc124743efe
ACC76fe45440f,AYd88e8e425b
ACC83e8e71401,PAYc91ee4bf9
ACC83e8e71401,PAY8816aa077b
ACC62fa81f877,PAY09352c4eed
ACC96e74d4f89,PAYcb3b35ee2f
ACCb999beb969,PAhY98c17eb45c
ACCaa5422e3af,PAY528755f5be
ACCaa5422e3af,PAYd9a5935042
ACC2501402177,PAY2cca401237
ACC011ba2d969,PAYe6356a92c4
ACC9c52c3e043,PAY6e739b96cc0
ACC7dfc90cfd2,PAY3a6d60f13b
ACC30413ecd49,PAY6218949b23
ACC30413ecd49,PAY3a5cc54aab
ACC064b69dd6f,PAY760d4ff5dd
ACC8230f1dd84,PAY984bb1d0fb
ACC8230f1dd84,PAY624fbcba0d
ACC38c1cfbdc3,PAYf6731b2c84
ACC96e0456c37,PAY30ue7206193
ACCf1c7546723,PAY15fe7325e1
ACCf1c7546723,PAY891a7a6cda
ACC8ce608769c,PAY3d6f36375a
ACC8ce608769c,PAY9l4d04b44eb
ACCfa4572ada5,PAYa335e595ac
ACCfa4572ada5,PAY21974ad562
ACC27bcc24115,PAY8e43460c8b
ACCe5b380dc91,2PAY2a8c01dce2
ACCe5b380dc91,PAkYf625b7df65
ACC4614b8d29d,PAY49876f2a66
ACC0597a81060,PAY0d02c27816
ACC4031a2391a,PAYb44506f1fe
ACC4031a2391a,PAY8571236149
ACCf0262a5548,PAYa43713d0df
ACCb47f644b0d,PAY06254cd84f
ACC3284057ec5,PAYb33d1abe77
ACC3284057ec5,PAYefbe86b72aa
ACC051174a799,PAY37d0b327b9
ACCd6be9e3984,PAY672eadb81d
ACC4126e2bbfa,PAY7b9730559d
ACC4126e2bbfa,PAYf0da13d4f0
ACC12a0193eb1,PAY512a45b031
ACC12a0193eb1,PAY341d70269b
ACC3ba9d9648d,PAY587737dd42
ACC7f389e141f,PAY8f5a7cd7a4
ACC7f389e141f,PAY4fa524ccfd
ACC25e0d58f09,PAY2cefad65bi1
ACC35e94504d3,PAYcfac629690
ACC4fb93e2a73,PAY41c4d4be10
ACC4fb93e2a73,PAYa8a4ce743b
ACC1dbc2d48d7,PAYb2d0fac4cc
ACC1dbc2d48d7,PAY25e61b1c63
ACC4a112865c2,PAY884caef0ee
ACC4a112865c2,PAY501b6c1e1c
ACC7470811b83,PAY7467e7250e
ACC323868ad24,PAY4cc5ced8da
ACC323868ad24,PAY260c66f212
ACC841b3a3aef,PAY8958911c62
ACC841b3a3aef,PAYa9e1ac1c6
ACCf6a94c65b0,PAYc06c1c9d7d
ACC3fe3daa190,PAY835e70193
ACC3fe3daa190,PAY17b9477a7a3
ACC6153b801ba,PAY35d7fda36
ACC10db2d8cd5,PAYd3ff2af3c5
ACC10db2d8cd5,PAY82935d5cf4
ACCef82fdb63b,PAYe64856c0b8
ACCd2a42f7121,PAY16587fc5d6
ACCd2a42f7121,PAY123898094e
ACC9dcb48816c,PAYa2ca0e9c241
ACC9dcb48816c,PAY9bb933d056
ACC47f4486898,PAY3baa232036
ACCa29bf6b806,PAYe71e03353c
ACCa29bf6b806,PAY269d82da5d
ACCdd28ce84c3,PAY0d33b336ca
ACC5ab82dda28,PAY26c159a907
ACC251e340eed,PAY9743cc4990
ACC4c77bb9823,PAYf8cfb96fc2
ACC619a60416b,PAY1042e5d62b
ACC238f4d286e,PAY0f8ca0ea91
ACC238f4d286e,PAY5034821c7d
ACC1c07ba2e63,PAY2a4dfc41cc
ACC1c07ba2e63,PAYe7b338b0ca
ACC9fe2c3f2c5,PAY9e6194d0bd
ACC9fe2c3f2c5,PAYed99528f6
ACC1f018abd5d,PAYd727ae165d
ACC1f018abd5d,PAYad2525c412
ACC69dc9d4348,PAYc4b51609ea
ACC69dc9d4348,AYe471b4d0b3
ACC9f263423ff,PAY912202efba
ACC9f263423ff,PYAd2c690991c
ACC067bb171f7,PAY97095d7104
ACC067bb171f7,PYA66ab3d59c7
ACCbdd4cb8c6d,PAYbeff0fc2952
ACC5b128ebbaf,PAYeb02008e4
ACCbea21cbba2,PAYea0b209951
ACCbea21cbba2,PAY9020afd8d1
ACC1d7c352b2a,PAY7e45fa7C19
ACC52475a57fa,PYA1716e47a6b
ACC982d2151fd,PAY17a2e80dba
ACC46589c6b2b,PAY670ade68b4
ACC46589c6b2b,PAY62ba8bfd7c
ACC5f73d6cdf4,PAY6fdb6d6e56
ACC06ed3f64ae,PAYfbb38b1e218
ACCe1c6240385,PAY85f50a0878
ACCe1c6240385,PYAd863fe97a2
ACC6da7548d90,PAY4ce26abc82
ACC419d56a760,PAcY32bd308b6
ACC04a4cf1eac,PAY1afb4fdf6jd
ACC04a4cf1eac,PAY58f9957803
ACC8ad25f63af,PAYdb0748da4e
ACC73ade5dfcb,PAYb8f394cec6
ACCddf953fb9a,PAYfaac67271e
ACC03c7a93fc1,PAY84b96b7a48
ACC01f7888497,PAY5f7fc9360c
ACCeb4fc7aa03,PAYBa10879e86
ACCeb4fc7aa03,PAY6da38a6044
ACC5ee0cbb5bd,PAYcb2b1559cc
ACC5ee0cbb5bd,PAY027163c64a
ACC5224978c93,PAYd8119fbf0e
ACC5224978c93,PAYC0ecb1d9b8
ACCa5e60bf471,PAY2477c89ed7
ACCee3acc21ea,PAY10442209cd
ACC055e7d463e,3PAY99e29e5c71
ACC1acdefe239,PAY660b406418
ACC1acdefe239,PAY0na8fe01aa3
ACC147ae7d2a4,PAY1bl30d3bd12
ACCfbdc057f63,PAYb582d1b2fd
ACCfbdc057f63,PAYd71d4zec9b7
ACC89bcc10cac,PAYaf3778a967
ACC89bcc10cac,PAYafd8e0e0aa
ACCa994380b00,PY141b355c5f
ACC093074bfbe,PAYd778df29a6
ACC054121d63f,PAY02e73q3b758
ACC06a6c0534b,PAY365aa54e83
ACC06a6c0534b,PAY25863cad3c
ACCadc0961f8e,PAY4370bc62a3
ACC2f4e6c419b,PAY5cc57a4032
ACC2f4e6c419b,PAY83938f5ffe
ACC46a20426ad,PAY1cbc8caf755
ACC46a20426ad,PAY08d339da40
ACCc351b68a31,PAY881e0656ee
ACC7e69e02a67,PAYbad81e2021
ACC6d3e649910,PAY4380df4080
ACCb51207079e,PAY6f9084ff29
ACCd6df080e6f,PArY98e1b34c32
ACC90e33bd21d,PAYe03cd10c85
ACC31dd9ed2bd,PAYfd0839eaa
ACCd0f4444d32,PAYf38fa16b2d
ACC81f6852871,PAYb214bc5349
ACC6442462b95,PAYe298242859
ACC6442462b95,PAY2a64eadcd4
ACC16de2e7575,PAY359d3286c8
ACC16de2e7575,PAY8662cdce62
ACC310c58023a,PAY0c62fb33ee
ACCe58408f5e5,PAY401472df1d
ACCe58408f5e5,PAYbe9deb013d
ACC572a1409ae,PAY73d55f501
ACC572a1409ae,PAY8d99d18052
ACCddb8cab34c,PAYef21738a23
ACCddb8cab34c,PAY36288afd80
ACC7582ec00cf,PAY7c3d16ac99
ACC7582ec00cf,PAYbb8763f4f1
ACCec846e5d7e,PAY7d46686a0sf
ACCec846e5d7e,PAY6564ede558
ACCa38378713a,PAYd3ea2b1536
ACC13847e58d7,PAY9b3e343560
ACCf6151abf3a,PAY497d149145
ACCf6151abf3a,PAybf8fa3599c
ACCc2b75f46ac,PAY5a9f49dd60
ACCf9af951674,PAY37b0a47dc9
ACCc41305f231,PAY9f3a8f257
ACC7620b0ed7c,PAYdeceDc2c57
ACC7620b0ed7c,AY51e932922b
ACCca550fdb09,PAmYeabf5f0142
ACC09a5b8a742,PAYa9ab57c342
ACC859ec2d8c3,PAY6cb804302e
ACC859ec2d8c3,AY07457a29e4
ACCe61fe2161f,PAY14d1e1b612
ACCc04ce5e60b,PAY0761c1edb2c
ACCd22fa8f864,PAY3d9baa92a8
ACC2401cd6cf3,PAYb696418df8
ACCccfe285eb8,PAY6745e81906
ACCccfe285eb8,PAY2cd3c56196
ACC5eb06d3647,PAYd9a5c1cb442
ACC5eb06d3647,PAY3c6a697498
ACC066376e118,PAY5e0b9d12b9
ACC066376e118,PAY5057a7dec2
ACC31b71f09d0,PAYf72fda91e0
ACC31b71f09d0,PAY77285734db
ACC79e12903f6,PAYf004acb233
ACC3544c932bb,PAYefa4abd522
ACC3544c932bb,PAYd129980Ea0
ACCdd6f67171d,PAY6af7024f9f
ACC49122373b3,PAY6969c0c517
ACC49122373b3,PAY6cad216768
ACCa1ac0943fe,PAY563852dd13
ACCa1ac0943fe,PAY52960466f9
ACC755f40e456,PAYfc87c7b38
ACC9c47c89a1c,PAY23af6468e6
ACC9c47c89a1c,PAY2c9fa943c4
ACC77c1e10944,PAYdd57de95d6
ACCb94b763cbb,PAYd05176d1c4
ACCb94b763cbb,PAYb05ff05e19
ACCfe064ef018,PAY7cd9e1ec8c
ACCfe064ef018,PAye08f4e1aa3
ACCe28a1bc30d,PAYfdd9b54140
ACCe28a1bc30d,PAY4d8a9003bb
ACCccdbfe56c5,PAYe1104c2d1d
ACCccdbfe56c5,3PAY497c57e6d6
ACCbef89278a4,PAYbc54e4daa9
ACCbef89278a4,PAY2ac1b8c2ef
ACC99c0eefeda,PAY4de68c8ccb
ACC0897beb2ca,PAY6d47883e49
ACC0897beb2ca,PAY4247e4d6f9
ACC0b757677f1,PAYfb30591b5
ACC70d2e95f1c,PAY17961cf8ff
ACC5f3ac9f2f0,PAYed2d676b85
ACC5110ceb7e8,PAYd84c2dc72d
ACC5110ceb7e8,PAY4b8bb71152
ACCab83fb9b92,PAY81f6ddb521
ACC627d0f203a,PAYd31c218adf
ACC627d0f203a,PAYc5068f4a64
ACCa10d89e243,PAYe9c43fd14b
ACCa10d89e243,PAY7970fee268
ACC070df45530,pAY75911efe62
ACC070df45530,PAYeb878b40e0
ACCb3a2dddfda,PAY0081377a3e
ACCb3a2dddfda,PAY1682571c77
ACC4a811634b1,PAY030c4aba8
ACC4a811634b1,PAY53ff367e1c
ACCbff3d55164,PAY88067d3d49
ACCbff3d55164,PAY8f2cdb75c7
ACCeb84fcead8,APYf6cc586e14
ACCeb84fcead8,PAYb8a5c537ef
ACCbdfdf52474,PY7a5a032e3d
ACC139f640afc,PAY4e62835108
ACC8d7b1b5c41,PAyb15b35d9ad
ACC8d7b1b5c41,PAYb7cb0c2197
ACCf75285aa94,PA6Y2f41506c7d
ACCf75285aa94,PAY2228edf1edb
ACCd34f6cfa6f,PAY556458ea80
ACCd34f6cfa6f,PAYeae502e1a2
ACC54d217eaf3,1PAY011e9b0e27
ACC54d217eaf3,PAY836e5e7af2
ACC7e5fe9dc8e,PAY60c3a0d6da
ACC7e5fe9dc8e,PAYc0c9c34070
ACCe92da504c0,PAY36c9de0624
ACCe92da504c0,PAYa8a98f3365
ACCfb0bff8a21,PAY85410e42b4
ACCc545d9a730,PAY56f8a2c789
ACCec2f622859,PAY35ce82d280
ACC22ada5e38c,PAYf182578661
ACCd94679da15,PA9Y651af003d
ACCd94679da15,PAYe8b4ab859c
ACCe5f47204cf,PAY8545ce2ef4
ACC3fa064d6d8,PAY7ba7e180ab
ACC3fa064d6d8,PAY159dbaf91d
ACC94eb5edfad,PAYb53e73ae3c
ACC5e6b530575,AY69720445d0
ACC0c680d59d9,PAY3b1f6d80f0
ACC7272784653,PAYe2897De8c5
ACC7272784653,PAY535172da26
ACCfd7f55778f,PAY18e0d25dd7
ACCfd7f55778f,PAYd887a0530b
ACC15a25981a0,PAYf09d19da98
ACC8d3e563dc9,APYa59a246d5f
ACC8d3e563dc9,PAY8597fe29f8
ACCedb05ae605,PAYc1afe8c672
ACCedb05ae605,PAYb75ade6235
ACC9227799d43,PAY24de0ed0e
ACC9227799d43,PAY07b6937658
ACC28f4d7c345,PAYfab61f5f1f
ACC28f4d7c345,PAYbb9d2ab8fc
ACC13d418ac78,PAYde3fec9ff4
ACC13d418ac78,PAYf57ce8174f
ACC85e0a4cb00,PAY43cd35292f
ACC5bca53a75b,PAYd00900f457
ACC5bca53a75b,PAY67la8384a50
ACCbc94c300c4,PAY0acc255f3a
ACC777f992bdb,PAYee3fe1c619
ACC777f992bdb,PAYa85205e0f7
ACCb2a2485c73,PAY6d4816ef9d
ACC18fe4598bc,PAY23d141708a
ACC940d990067,PAY120cda2d7ba
ACC09a4e4d025,PAYfd5m32a6472
ACC09a4e4d025,PA2Y7a00a9d78
ACC0d0aaf431e,PAY67394561f
ACC0d0aaf431e,PYAd587a5485a
ACC4a11fb5099,PAYc40182e015
ACCb44b92df17,PAYc95588209
ACCb44b92df17,PAYcbeb2dfacd
ACC0af07e2273,PAY2cbc1639F3
ACC0af07e2273,PAY3ad8dfbb1e
ACC44f9c8d168,APY670b87bd0a
ACC241582f2a9,PAY028ddca825
ACC241582f2a9,PAY33b4e16d46
ACCa880484ea4,APYd812075dee
ACCc25007e419,PAY76591a5334
ACCc25007e419,PAYf88de86284
ACC1fc47e7956,PAY2cacd6e4b1
ACC1fc47e7956,PAY2a738d74ee
ACC435f9ce26a,PAYdb17bde7d2
ACC435f9ce26a,PAYcberae6f978
ACC16d12b33c4,PAYb594c1502d
ACC16d12b33c4,pAYf9f5374021
ACC999d6650bc,PAY000448dc95
ACC999d6650bc,PAYd852a2094c
ACC341473e88b,PAY2560c4f58b
ACC1f76e26e3a,PAY0c764d38af
ACC3606078a62,PAYde628780c2
ACC3606078a62,PAYf2f423a649
ACC7dfe2ab5d0,PAYe4b8838224
ACC7dfe2ab5d0,PAYf88852m6ba0
ACC4b580cf7c6,PAYabba34ebc2
ACC4b580cf7c6,PAYef4957e296
ACCe5f4848ed0,PAYb7891b48c5
ACC4d7ff52a12,PAY9bd39946e7
ACC4d7ff52a12,PAY2a475a22c7
ACC2dbcf03bc7,PAY2bd81d2774
ACC72fd0e751e,PAY7h39a020544
ACC72fd0e751e,PAY009bc13b2
ACC0e062a8cc3,PAY9c69a13703
ACC7caeea35af,PY4bc878e910
ACCbc128a2393,PAY0e482430cf
ACCcbdcc6cc72,PAY7632dbafbe
ACCcbdcc6cc72,PAYe06fe4834c
ACC179259d89a,PAYd1w959c1539
ACC4287a845c1,PAYc9caffafb8
ACCf33a7a5bcb,PAYf7f4836d2e
ACCf33a7a5bcb,PAY765228ab5d
ACCa5bbc2cf3b,PAY4638d0d98b
ACC7863e7c590,PAY004c97bd15
ACC7863e7c590,PAYd605i3204f6
ACC7062cc14fe,PAY5601d0cb5e
ACC7062cc14fe,PAY566495e8d2
ACCc0dad1d804,PAYb452eebd64
ACCe550bd1565,PAY4508b53bd7
ACCe550bd1565,PAY0b3bfdcdec
ACC2b42ff5f91,PAY72228567ce
ACC2b42ff5f91,AYc9a47cda85
ACC27ea90a047,PAY4d78a5eb50
ACC696c43b5e6,PAY398110acdc
ACC696c43b5e6,PAYc677d0262
ACC6173b87a9f,PAY9319f2e36b
ACC6173b87a9f,PAY89c733f558
ACCaf8faeb217,PAY994af46542
ACCf551149f78,PAY8fd35843f
ACC2ba1bf50ec,PAY5f4325587e
ACC2ba1bf50ec,PAYfa0b784ced
ACC6225a9aa01,PAY1e1eb49cc6
ACCd2de120322,PAYff72cf756a
ACCd2de120322,PAY41415e7c6
ACC492c594330,PAYc067b77db5
ACC45050bef54,PAY62d4a2b00c
ACC45050bef54,PAYb1c6d47d74
ACCca521279b0,PAYc3278c4872
ACCeede21524c,PAY2c06cdae3a
ACCd340293fcb,PAY9d090d5d27
ACC4fafab5873,PAY2c775898a
ACC4fafab5873,PAYf1fabb4bd1
ACC026d1f3a0c,PAYc7454f248
ACC6effdba71c,PAYe474dbf9c5
ACCc175d5e1f2,PAY0f7e56eeb3
ACC710e5c45e7,PAY89e2a65c9
ACCde61ff720d,PAYeb7bee10d5
ACC9cb9a1d0fa,kPAYc5dcf133da
ACCa0271f89f4,PAY5aa9e025a
ACC83a444969e,PAYa3920632e2
ACC83a444969e,PAY8e536703b3
ACC73ebe34571,PAY8032578787
ACC1e79aef489,PAYc68d33706a
ACCf58d920e38,PAY7c8e41363e
ACCf58d920e38,PzAY74eee2352e
ACC310ff5a908,pAYc45c25f526
ACCeac7e6119f,PAY33d3835e1d
ACC1ca59b280f,pAY480bc3fc3e
ACC1ca59b280f,PAY9acaada5db
ACCf335fe7423,APYff9e67b90c
ACCf5ae98f201,PAY092a3bdb08
ACC7220d9a6be,PAYc0b2e656d1
ACCe52d9ec214,PAYfb89x141e47
ACCe52d9ec214,PAY214e393e76
ACC834d2d9cde,PAY37ccf00999
ACC884746f150,PAY241643ef1
ACC01f02d891f,PAYec0f1e343c
ACC01f02d891f,PAY63d0cFf17a
ACCc5466a3d93,PAY2c2732d2da
ACC00a29f1498,PAY5275283ac9
ACCdf447bdce0,PAY322554aa62
ACCa93d69a61c,PAY463523f029
ACCa93d69a61c,PAYd23e40dcec
ACCb7e990f7f9,PAY7e0c7b85af
ACCb7e990f7f9,PAY954492e1b
ACCdd5c9ee1be,PAY8e8fce9a30
ACCdd5c9ee1be,PAY50167dc7dc
ACC7647598801,PAY25a740529f
ACC7647598801,PAY37778e583a
ACC3427d33753,PAYc9b9a534fd
ACC3427d33753,PAYb1f40155cd
ACC0fc8eae762,PA3759b5d5d8
ACC686b69e58c,AYcc429afac4
ACC0fdbc61f10,PAY6ef2684a46
ACC0fdbc61f10,PAY11f557709ad
ACCd7500310ff,PAY7698f09110e
ACCf497af00f3,PAY0dec4498ed
ACCf497af00f3,PAY7fdc69360b
ACCbe6a051537,PAY35d0c4ebf0
ACCbe6a051537,PAYd53cfb0fe2
ACC5c099eb4a5,PAY30b60b607d
ACC5c099eb4a5,PeAY2f918439d0
ACC1c892c23d7,PAY7Bfa81e977
ACC361a0d66ae,PAY52937b01a2
ACC0fa8656381,PAYed303f5b98
ACC0fa8656381,PAYb814f82248
ACC16cb388df3,PAYab164ad58
ACC16cb388df3,PAYb32a7428b6
ACCc8359030e1,PAY88a534b570
ACCcbdd849c33,PAY214b544c17
ACC57da21cf9e,PAYfa64a31519
ACC57da21cf9e,PAY193cd90410
ACCa7135a6792,PAYa632832923
ACC273f0cfc2b,PAY95bd3657b1
ACC273f0cfc2b,PAYe27b4989d5
ACC69d9356029,PAYe3e5c5962e
ACCa4679a33ea,PAY573d7f2332
ACCa4679a33ea,PAYaa3e383ded
ACC766bbed408,PAY5820f847f6
ACC03a85b6bf5,PAY641cd37bc8
ACC4bf2e8a076,PAY343f18634c
ACC4bf2e8a076,PAYde4478355
ACC37f11e8768,PAY769f7d8c65
ACC37f11e8768,PlAY58f9588c5a
ACCb03da97015,PAY9940c0afd1
ACCb03da97015,PAY820e48a64
ACCda027cad91,pAY8ea73517ce
ACCda027cad91,PAY24341f0c9f
ACCa9f87b92fa,PAY1e91f71df8f
ACCa9f87b92fa,PAYfb2ccd2c15
ACCdef6421691,PAYbdc633a4ad
ACC03afe0a383,PAYf9ed49afa1
ACC6bc76efecc,PAYdc246e41b0
ACC83b384825d,PAYb8e69bd066
ACCfb98382b6a,PAYdff23c20b2
ACC9ff9e0abf1,PAYbbc21f83bf
ACC9ff9e0abf1,PAYdf7c5f0a73
ACC8fbf1490f3,PAY07e9ee25c1
ACC8fbf1490f3,PAY72aa488671
ACC21e8eb4527,PYA6b4b7d4c95
ACC21e8eb4527,PAYa7d81437e4
ACC9a7b5451c3,AY5fe9f039ef
ACC9a7b5451c3,PAYa92c351fee
ACC9bf3070528,PAYdca61e77f7
ACCbe89f92483,PAY16f8c8aEef
ACCa492178ea2,PAY9ead04a482
ACCa492178ea2,PAYe4113f22e0
ACCcd94c76e5c,PAY0ac3f47f1e
ACCcd94c76e5c,PAYf2180dc388
ACCf1b71cfa6f,PAYe6a083f0fd
ACCf1b71cfa6f,PAYf048addb38
ACCf520b655ee,PAYc9ea3329f4
ACCad1994e7b0,PAY1fd557d6b2
ACCad1994e7b0,PAY8ec38d6287
ACC8cb6bd29c2,PAYc1d47792dc
ACC8cb6bd29c2,PAY1819f78fb7
ACC0dc01b91ae,PAY471815eba9
ACC0dc01b91ae,PAY4ciacf4c3f7
ACC9262587653,PAYa1a6e82f3f
ACC9262587653,PAY1cd892aa21
ACC1a5ed7bd3d,PAYccfc1b3979
ACC045899631d,PAY8092faa088
ACC045899631d,PAYea9988a4a8
ACC3a8961e2ef,PAYd8e4bca326
ACC3a8961e2ef,PAY89503a6857
ACC3925c0b981,PAYb475123d1d
ACC3925c0b981,PAY7af3f7d57e
ACC8d2a71202e,PAYbeb53cb300
ACC9ba155581f,PAYce047a21a4
ACC9ba155581f,AYbe63a555d7
ACC5583fb0094,PAY345db33a88f
ACC5583fb0094,PAY0463801979
ACC86d21787b5,PAYd689d14e64
ACC86d21787b5,PAYad656fc850
ACC707837779f,PAY66da6e2a6c
ACCff9c2e5e3f,PAY9c59303c0d
ACCff9c2e5e3f,PAYaf81378e25
ACCd54889945a,PAY2d2f983326
ACCd54889945a,PAY8c9a59a1f4
ACCa0052afb37,PAYa1de910372
ACCa0052afb37,PAY22173a8bd2
ACC6b18bd6cc3,PAY65b210845c
ACC6b18bd6cc3,PAYcf006972b0
ACCba77ec8511,PAY9a2f22888b
ACCbe28ed7ebc,pAY7a66c2e71d
ACC87227eefc6,PAYfa7d44736d
ACC87227eefc6,PAY932978fbb0
ACC00ab759dc5,PAY9dc8be7c1B
ACC8efff1d5f1,PAYc8854a17d
ACCaa0b8d957e,PAYd595f7d20b
ACC46d2825ed0,PAYc2l9eef08e9
ACC636f41bf6e,PAY9893a5088d
ACC6412877cd1,PAY584cb3506b
ACC742239ed06,PAY830cbaaf5c
ACCbf70c87b5b,PAYe867d85428
ACCbf70c87b5b,PAY8e8b4440eb
ACC5ea023a8c3,PAY30fc4a811
ACCc619e31b03,PAYc9aece5c5
ACC1e5fda53f0,pAY7083825f11
ACC1e5fda53f0,PAY4517cfe5fC
ACCedc8c8a8be,PAYe35b2fed6
ACCedc8c8a8be,PAYbd86b6f4c
ACCa42f46a353,PAY5f0e6516e7
ACCc0ca9f2f88,PY863aae534d
ACC530ea5cf57,PAY2c33450969
ACCf5a8e3e995,PAYe43b3c9bbab
ACCf5a8e3e995,PAY8bdfd9549b
ACC3a81eda735,PAY73ab3adffb
ACC3a81eda735,PAY78d1c4ac6d
ACCd83d799e0d,PAY96a5b36de5
ACC88e33071dc,PxAYa724589b5a
ACC88e33071dc,PAY2e4f8e284a
ACC4fd0dc3d94,PAYa3ce02064b
ACCbdcdd1ff80,PAYd8307dc1e1e
ACCc8ba3f36bc,PAYd66569cfcd
ACCbf9309ce2d,PAY3d9befc4ea0
ACC1513ce0b7a,PAY76aa1c503f
ACC1513ce0b7a,PAY5d3d905f18b
ACC3ca094a6d8,PAY21a872f86c
ACC37cb6f7799,PAYfc326fed3c
ACC4c4b49cc88,PAYc0ae8ac2dc
ACC4c0df24ea0,PAYe5fa20bb75f
ACC737aaa5c84,PAY5zb24350994
ACC737aaa5c84,PAY450a3324be
ACC445e8ecd35,PAY1cb3152145
ACC445e8ecd35,PAYc6dec043bb
ACC9e6ea475b2,PAY6c222bbf16c
ACC96f43f2522,PAYgd1d41c5a30
ACC96f43f2522,PAy7fac344c82
ACCbe667a6df0,PAY8f6e251e40
ACC4bd3a480db,PAYe44105383a
ACC4bd3a480db,PAY0defa0e9a9
ACC0aae4ea287,PAY66f541263e
ACC0aae4ea287,PAY5f1cf4f8be
ACC62025a7a78,PAYbf4af40d4b
ACCad8aa4d5bb,PAY1ddd2eb3b1
ACC6a567c03cd,PAY41734d936d
ACC6a567c03cd,PAY72a5191e3f
ACC34c652acf9,PAYc1cf8555d6
ACC2fd1ef6aeb,PAY1630f4f8e1
ACC2fd1ef6aeb,PAYcf9f9d2d1f
ACC3b18603a93,PAYfa5e244315
ACC34899424dc,PAYdf1f97ae1a
ACCaf9dda5825,PAY29ff071eaca
ACCaf9dda5825,PAY7c00601e10
ACCebb814a682,PAY94055cce03
ACCe424df32b0,PAYcc3da2bc0b
ACCaf5e6ff4f4,PAY5437da59c7
ACC30b174b4a4,PAY255bea11d3
ACC30b174b4a4,yPAYec7a122ea4
ACC0d4568c36f,PAYbe48eaaccd
ACC4e3cd0c666,PAYfcfabe8596
ACC4e3cd0c666,PAYfb0690cd18
ACC045dc6bb90,PAY8f9ee80268
ACC045dc6bb90,PAYd1c051af72
ACCf42ea23d20,PAYa52571bde2
ACC875ad3b3bb,PAYb8de45722e
ACC875ad3b3bb,PAYd1b8b72330
ACCe3af2f8691,pAY13a4dd107a
ACCe3af2f8691,PAY87d3bf20c4
ACCa84964dcfd,PAYb34194227
ACCf8e226cd02,PAY0c94ca2a04
ACCf8e226cd02,PAYb41de7f3614
ACC82485ec0ad,PAYd7cb1104d7
ACCffe18adade,PAbY25febede7
ACCffe18adade,PAY24d95584b
ACC5232011c01,PAYb38afc086c
ACCccabd9af09,PAYff4360fd3b
ACCccabd9af09,PAY14c303gcbfe
ACCcc7bc1a4be,PAYb520e6854
ACCe205a9075e,PAY503b0099904
ACCe205a9075e,PAYc7b5a288cf
ACC8aec7fe5b4,PAYee68bc7ce6
ACC16ac350590,PAY6a96f9cc5
ACC16ac350590,PAY114e3518e3
ACCde6bf89e1f,PAYbe95552daa
ACCde6bf89e1f,PAY0d2a59af31
ACCfcc854ecd5,PAY6a43a4a3cc
ACCfcc854ecd5,PAY686453d36e1
ACC8a166807a9,PAY9b0d8954a9
ACC2b4f972c92,PAYad82e4a067d
ACC2b4f972c92,PAY5a53ba62fd
ACC4d7a4fd361,PAY6d5e228360
ACC2b1cfa42cb,PAY4239e7065e
ACC2b1cfa42cb,PAY8a1149ebeb
ACC8b1cf80a48,PAY6c8464061e
ACC9499840145,PAY12c6b93e1
ACC9499840145,PAYfbd2030605
ACCab0ca03166,PAY8c5bdb6e00
ACC4fb92911cf,PAY1f5ac78cd4
ACC4fb92911cf,PYd37a812791
ACC29e35b2c7d,PAYa24621c2bf
ACC29e35b2c7d,PAY3b644faab
ACC0383c5241a,PAYaaf18cf493
ACC609d45aceb,PAY1113c64733
ACC609d45aceb,PAY130725b662
ACCf5bbcc35f9,PAY43f96faa1
ACCf5bbcc35f9,PAYd92389687B
ACC2100f67401,PAY01295a333a6
ACC2100f67401,PAY39f695ee61
ACC5d2fc93b25,PAYdcbdf0c01
ACC5d2fc93b25,PAY24b4fc16bjc
ACCf389f265d1,PAYb68cadb55a
ACCf389f265d1,PAY1135b62c12
ACC62a8a5ba85,PAYe996f64fd5
ACC275cac5205,PAYa851b891cb4
ACC72852c8a94,PAYb52f23d91
ACC72852c8a94,PAY0cb1c23936
ACC75195b075a,PAY0926de40bd
ACC75195b075a,PAe9f1bde18e
ACC77ab01f019,PAY6a934e7d33
ACC77ab01f019,PAY718f4ec536b
ACC0647633aa3,PAY9a2eb0913c
ACC535d093b73,PAY507a07ec7a
ACC535d093b73,PAY259e2066c
ACC460a05ab0a,PAY2cc2c391b4
ACCfd97501c13,PAY4aaa55cd87
ACCfd97501c13,PAYbb5422b923
ACC91382f4a58,PAY0892abe0b3
ACCde85ed1176,PAdYcd63d9fe7
ACCe4cfca5b03,PAYd747d0dc39
ACCe4cfca5b03,PAYef05f2f44d
ACC7423f888ab,PAYb83ebfd573
ACC7423f888ab,PAY69bbaba48f
ACCf5dacf3db6,PAY6c7b4b7701
ACC827b29f29e,PAY8ce1fa7d8d
ACC7e310c01e2,PYAe628e5f4dd
ACC55c6c74eaf,PAY9adb321639
ACC55c6c74eaf,PAY3c3c8bbd18
ACC3ee86eaba5,PAYfe298aafdb
ACC3ee86eaba5,PAYec2bf4048d
ACC901c9b28e4,PAYe5cbd16b5f
ACC901c9b28e4,vPAY0b42451a02
ACC89d0b5d55d,PAYb5c6759e53
ACC89d0b5d55d,PAY9dd2ed1741
ACCc3c1c17b36,PAY51e21e8eb
ACCc3c1c17b36,PAYa91344adbf
ACC1e6de149b3,PAY50b58ed044
ACCaa910fb4e2,PAY896b05f12a
ACCaa910fb4e2,PAY542642dd5f
ACC0daf0a1bdb,PAYa3668c5551
ACC0daf0a1bdb,PAYb93a72a139
ACCbad4c00a8c,PAY34497b3c51
ACCbad4c00a8c,PAYefa867b55f
ACC0aec1dc0b9,PAY6d14ed5e25
ACC0aec1dc0b9,PAYc7e5f6029b
ACC397f26e738,PAYe5f78545add
ACC397f26e738,PAY98875188fd
ACC2ca4014544,PAY9389d99d37
ACCb123b00cee,PAYf3dd2c9cf6
ACCb123b00cee,PAY630aafb1f2
ACC992db3d302,PAY354759102f
ACC0853563181,PAY64lb4721bb1
ACC2026d890e2,PAY2327a4e818
ACC9a76308bf8,PAY321f26ddb2
ACC9a76308bf8,PAYfaab808ed
ACC22e3cf650b,PAY9e5d1f5902
ACC22e3cf650b,PAY10116a616e
ACCe3dff310f9,PAY5c85b198f27
ACCe318b39c9f,PaY0ae6ec24c4
ACCe318b39c9f,iPAYdef4ad47ff
ACC043ada5885,PAY15b9387396
ACC043ada5885,PAY0330c782a6
ACC2817f65e8f,PAY466aa8c9b7
ACC3a7e678a14,PAY4ae1a41fb7
ACC3a7e678a14,PAY8810f886d7
ACC9fcfe67cb4,PAY96cbaf86b8
ACCadbf9af794,PAY247a25a343
ACCfebc522639,PAYa81367bfa3
ACCfebc522639,PAYde13cf1ac
ACCea1654c0d6,PAY87c1d5cfa
ACCea1654c0d6,PAY22fe0124d6
ACC47494fd7b5,PAY01684ba3f7
ACC632bb2e1cd,PAY484bdaba566
ACC632bb2e1cd,PAYa9094eac78
ACCddddb2aae4,PAY7915d46c0b
ACC3927833c57,PAY5c138d5cd8
ACC3927833c57,PAY0ffa4f9b6f
ACC18f6770751,PAYa7d5b793bf
ACC18f6770751,PAY3607a03fbb
ACC27b9cc636f,PAYb9c7217d3f
ACC92a7e90164,PAY4c426fa885
ACC92a7e90164,PAY4bbd399dd1
ACCfdab2693e1,PAYe005d1e06f
ACCfdab2693e1,PaY62bc68cd41
ACC3cd1618d82,PAY7f2dc63c9b
ACCb61fac11a7,PAY928d17a7cf
ACCb61fac11a7,PAY0e0240879e
ACCc398d78448,PAY11a17147d4
ACCc398d78448,PAY6bb3b2a276
ACC64d85fe24e,PAYd82adf85a29
ACC64d85fe24e,PAY36c1231e80
ACC8b47c831e5,PAYcd3fa4f15b
ACC8b47c831e5,PAY5da127fcc
ACC7a52a98d54,PAY4ew06a39ac8
ACC7a52a98d54,PAY4c2ra406fd5
ACC3753cf2410,PAY8c44487e60
ACCe64eb95e6b,PAYbaf842f3bc
ACCe64eb95e6b,PAY650d4a6c35
ACC96a7f306b5,PAYfd3fb93249
ACCd5feb9ce03,PAY44cc3f2774
ACC55eb22f9f9,PAY94dca8ff026
ACC55eb22f9f9,PAYc2fede6ad2
ACC6917e3eecb,PAY98deaaaa4e
ACCcdab5c4d60,PAY58b7201fb7
ACCcdab5c4d60,PAYec564c92e2
ACCc6686d8d28,PAYa6ff289f0d
ACCc6686d8d28,PAYbbf2c2bd0c
ACC869a10592f,PAY2f3f06f3da
ACC869a10592f,PAY7b2aca28e
ACC428f7016bc,PAY65f3858528
ACC1ff8fffc4d,PAY76bbbd159f
ACC1780aab508,PAY95b4cdd808
ACC1780aab508,PA7Yab2006936
ACC8ed02a6940,PAY1958e31f72
ACCcc3b3bfb55,PAYc124875c85
ACCcc3b3bfb55,PAY249b4f72e2
ACC1c80f11ae2,PAYc52b787748
ACC1c80f11ae2,PAY233f41aeb
ACCbed7024f4f,PAY40caa6fa8
ACC4d0e3ebe8d,PAY240296f302
ACC4d0e3ebe8d,PAyc5e54edc30
ACCcdb16c727c,PAY947eb13demd
ACC775c1b3ed7,PAYede3d5256c
ACC775c1b3ed7,PAY612fc29b41
ACC6d04f397cb,PAYfa938ed7c7
ACC6d04f397cb,PAY326178622b
ACC30097af0b9,PAYf6e5162ecB
ACCcbb8bda47e,PAY9c8e3f8d54
ACCcbb8bda47e,PAY5341c81a41
ACC36ed299409,PAYa3b8d13202
ACCe9e7220078,PAYe603a17ad3
ACC34263481d0,PAYd795aedeeb
ACC5368c05353,APYb2fe20aa80
ACCff4379f19d,PAY062fa92967
ACCff4379f19d,PAYad8a9f0258
ACCc4cb96b415,PAY1fe23032a
ACCb50f316b4b,PAY1e8fad24c9
ACC06a34435a7,PAYf81d7d4b85
ACC06a34435a7,PAY2f9022bee9
ACCf1df5f0b63,PAY4d182f5a8a
ACCa9331cedfb,PAYc4ce7841f2
ACC07e0401a11,PAY8617e593ac
ACCb89e6f910c,PAY46183f4d1e
ACCe236b9b6d7,PAYd8a4b213b7
ACCf5f4fdacef,PAYbba9f7e0f9
ACC480c33d6d0,PAY7643fdfc74
ACC8f7d6af2a5,PAY99cc39f1e9
ACC8f7d6af2a5,PAYccc550c1e5
ACC20bd5b54fc,PAY74a7bf41ec
ACC20bd5b54fc,PAYcb6ab0dbc
ACC3ad4b5813d,pAY7c24f42ff1
ACCce11a35d4b,PAY119a0ef35d
ACC15a22ec3ce,PAY4e102dba0
ACC15a22ec3ce,PAYb19fcdb82
ACC611ae4a551,PAYd9051586b1
ACC611ae4a551,PAY29154bf87f
ACC2edc1516b9,PAY1b063e08aa
ACCe0a14e7322,PAY8770724dec
ACC9fa9275a45,PAY442f2b6114
ACC78dbd5c3a3,PAY8479fcc736
ACC68bb46e04e,APY45d3f448f0
ACCa973388a82,PAY7e2a05e87e
ACCabdc0e754d,PAYde49ce232e
ACC24a772a1c7,PAY4da2cd41c9
ACC24a772a1c7,PAY8fc5d3d34f
ACCb5eed395af,PAYc737de6fe6
ACC91da720770,PAY27a322f099
ACC4252848cdc,PAY201c16d8c
ACC4252848cdc,xPAYdde4943982
ACC4b1c5b1de7,PAY1c6bd3d1ec
ACC4b1c5b1de7,PAY4r8cf8c6520
ACC60783adf29,PAY079ccdcba0
ACC60783adf29,PAY944yceb6dc5
ACC92b44c2e0a,PAYa14460afD9
ACC92b44c2e0a,PAY69dad010f5
ACCe3a8eca7d6,PAY9b2d0f08c7
ACC8f80a85056,PAY20c4e3faaa
ACCf6526eb47b,PAY8e61f97a0
ACCf6526eb47b,PAYc1f485df161
ACCd36317a058,PAY5f787ff92ee
ACC52b6d2555c,PAY719c1b21a
ACC283af4f197,PAYa83ddaf9f9
ACCa590b140e0,PAYd0f408d29b2
ACCa590b140e0,PAY380359e878
ACC052c949e53,PAoY43bef768c0
ACCc3ca938acc,PAY23bdb8af73
ACCf108d41ecf,PAY8680899a87
ACC7011fe85db,PAYabb9366eef
ACCab06ea10ad,PAYc53e9260b5
ACCa554135b77,PAY97b17189c8
ACCa784431c54,PAY9fda643ab5
ACC39b6a8341c,PAY060a1ac0a3
ACC39b6a8341c,PAY2acsf23e04a
ACC149dccfc7c,PYA6115faed1a
ACCcef064b967,PAY5135931048
ACCcef064b967,PAYfdacc4c386
ACC684141973a,PAY3cd157d4fd
ACCc2b3520097,PAY3a723e0061
ACC08c1f7ea09,PAY9424f0d5de2
ACC8882d5a01a,PAYc4a147899
ACC8882d5a01a,PAYa1c704235e
ACC5a51bb7776,PAY0ae6c2084e
ACC5a51bb7776,PAY8356d1edf4
ACC6aff1320b1,PAY0fae1a4dac
ACCf554045a5d,PAYb88d30ff65
ACCa4b27f0e68,PAY56a0fae81b
ACCc7b9d8cac8,PAY4a582aec01
ACCc7b9d8cac8,PAYedb2b3a55
ACCa0f20d76c8,PAY87ac4fe1c5
ACC3628bec954,PAYd82e1db454
ACC3628bec954,PAY0c3f856bd5
ACC2bb2e4155c,PAYc2fcd1326f
ACC2bb2e4155c,PAY106e44a299
ACC5b400e8210,PAY016d95845d
ACCe482397bd7,PYd2b33724cc
ACCe482397bd7,PAY212fe8b03b
ACC51e0620476,PAYad2027d748
ACC51e0620476,PAYbf10b98f28
ACC5ef9681a29,PAY46beaad7d4f
ACC5ef9681a29,PAY7d164c4565
ACC3a9fa85366,PAYe9da79ff3c
ACC3a9fa85366,PYa7ddb0dd79
ACCb615fac1fd,PvAY26e2d25671
ACCb615fac1fd,PAYb8Bf5e4723
ACC646374f799,PAYba9491133
ACC646374f799,AYe878f9f077
ACC414369fa4b,PAYba3921f6a3
ACC414369fa4b,PAY26e452ddf2
ACC2689f1d66b,PAY26281f14e5
ACCaa28df3148,PAY80ebxf8a232
ACCaa28df3148,PAYac0f14d4fa
ACC1c0906ad7b,PAYcd72bc48fd
ACC019b344390,PAY1eb64a857f
ACC4f65791497,PAYfa1d3b0bfe
ACC4f65791497,PAY312b760fe0
ACCd4a811c647,PAYd4b0246682
ACCd4a811c647,PAY65c883954a
ACCa9107d0e5e,PAYa4a23ed4b3
ACCb1cefca09b,PAYf6aaf5fdfa
ACCb1cefca09b,PAY1d22fbd3b0
ACCbddc203290,PAYe0d2a5b9d0
ACC134e56526b,PAY021571c2d3
ACC134e56526b,PAYb32835dfa3
ACCd0514e0adf,PAYea74fda3f5
ACCf982e1a73d,PAY5f5d125c38
ACC7d8d0cb373,PAY10f8a110c9
ACC7d8d0cb373,PAY1f16fc9f97
ACCd11d7d8422,P5AYe5e126a5e5
ACCd11d7d8422,PAYa42485b993
ACC2dd3cb2a2a,PAYba116b5558
ACCa2425804b4,PAY86abcf01c
ACCa2425804b4,PAY21b734dde1
ACC5fc534414a,PAY632055c5d4
ACC9ef4452090,PAYccfb495c99
ACC9ef4452090,PAY59ea82fe56
ACC627c0b1c6d,PAYfa6d592be43
ACC627c0b1c6d,PAYde3c71e50
ACCd412eb00f0,PAY425af12da
ACCd412eb00f0,PAYb010a45f7b
ACCd149e4f5fd,PAYa22041816f
ACCd149e4f5fd,PY813628f053
ACC26d0e02ed6,PAYbe7c5fb393
ACCbdc1398997,PAY83959b0c0c
ACCbdc1398997,PAY5112bee013
ACC1fbcd9f2a6,PAY8cb37b794
ACC3da44a744e,PAY01f3a12233
ACC3da44a744e,PAY40e2a8e6ac
ACC8530d34d5a,PAYdfb9372211
ACC76b5069e00,PAY46e23bd42d
ACCf044d9879b,PAY90c4f93b1C
ACC2d708de53e,PAYa81f922253
ACC492eb776f8,PAY277bf82079
ACC492eb776f8,PAYfe48f5f01e
ACC0c123a1c15,PAY3042bad2c0
ACCf432b1eb4d,PAY7250baada9
ACCf432b1eb4d,PAY22b6c02800
ACC95590a8161,PlAY7305a54b6a
ACCc7a323af01,PAY09760368a8
ACC0c24761e46,PAYc9fa42e9e2
ACC0c24761e46,PAY35fbbdfeE9
ACC9a555aa1a0,PAYe22d363c67
ACC11b93db420,pAYaf69cdf791
ACC11b93db420,PAY111d91e226
ACCba2ef56b1e,AYd0493e159a
ACCba2ef56b1e,PaYd5ec0e0276
ACCa049598695,PAY5401e25f00
ACCa049598695,PAY7f76ccba52
ACCbd68603052,PAYae520cde98
ACC7efe1ff079,PAYeb9b68daf
ACC440b77353a,PAY53ca3e3e5
ACCbba97cb0c2,PAY7c119bc623
ACCbba97cb0c2,PAYff773d1314
ACCb19043abee,PAY36aab36fed
ACCb19043abee,PAYf2b43f81a4
ACC7a264bbaf8,PAY310948d832
ACC7a264bbaf8,PAYc2359559b1
ACC15dc7d6a8a,PAYce5719fc53
ACCeddf1b501e,PAYf12d9649d
ACC0320018a44,PAYdafddcbb9c
ACC0320018a44,PAY9c0b7881c1
ACCab23243c9b,PAY59cad77c28
ACCab23243c9b,PAjY25a887df65
ACC017e885aa7,uPAY2471cce688
ACC1d457b511d,PAY63ee5a7496
ACC1d457b511d,PAYef919d8316
ACC86e19c76ec,PAY6873d2e31c
ACC3e527bae68,PAYcaa38c3d6a
ACC3e527bae68,PAYe5f649aa7b
ACC4349c21d38,PAYe8e61eec46
ACC56bdbbf2a1,PAYc2121c83c9c
ACC6583654bc6,PAY61354270c2
ACCe49e5b221b,PAYa5042964c0
ACCe49e5b221b,PAYd3f599ed09
ACC118b89f39e,PAYd4c9c30384
ACC118b89f39e,PAY04af2e0e55
ACC5f2ba17dfd,PAYb2506fd5eb
ACC0bd690bec4,PAYd8d58f9368
ACC0bd690bec4,PAY151beb0acc
ACCfe4747c625,PAY03d8342c3c
ACCfe4747c625,PAY05e10acd44
ACCff65e23621,PAYa486cbC3fd
ACCff65e23621,PAY4e2w63c00ce
ACCa6cb00c9bb,PAY7735e39599
ACCb7ee825b46,PAY18e0dcd4c1
ACCb7ee825b46,PAY042f30f2f
ACC4833d27632,PAYcb3260a653
ACC4833d27632,PAYd42fde5e97
ACCb7eb5e6129,PY65b09b4f86
ACCb7eb5e6129,PAYa147cd1424
ACC815d605493,PAY46df860f24
ACC815d605493,PAY6bbaaee444
ACCa25d4c3857,PAYfe79ad56df
ACCa25d4c3857,PAYa3cdfbf34b
ACC217667c610,PAYe07966f021
ACC0865569241,PAY10cf7d5e7ed
ACCb06c9ca303,PAY5e2e18144f
ACCbabede174d,PAY181065c7e7
ACC561ad5ef0f,PAYcd3f873531
ACC5b37379e8c,PAYf9300437dd
ACC51cb06ec9c,PAYa3fb75cded
ACC51cb06ec9c,APYafe8ffe747
ACC6618f2ed57,PAY0fcfe94356
ACC76dbf661c2,PAYef27dc9e86
ACC76dbf661c2,PAYd67fd46df6
ACC3a61e98d05,PAYe0206f8d93
ACC3a61e98d05,PAY261950dd99
ACCeab107c382,PAY555e56c77f
ACC1b6851b0a3,PAYdb6151f146
ACC9fe84b7396,PAY1aa4d79459
ACC386361ae91,PAY819cd8365
ACC1e1cf5c766,PAYdf0758bd3a
ACCb29391463b,PAY51a41437f
ACC7607344447,PAYfedbcffc9c
ACC8c498e1d34,PAYb406855e1e
ACC9967b23a0d,PAY9952d2b2e9
ACC9967b23a0d,PAYc5035d2a00
ACC0a0cf6bbf1,PAYfd3ede886
ACC0a0cf6bbf1,PAY629ee6aca2
ACCd0342f22eb,PAY1e219648e1
ACCe76807a0eb,PAY4ff9ca086e
ACCe76807a0eb,P0AYb0da37d982
ACC57b212df97,PAY2123300c7d
ACC57b212df97,PAY920Ec65be0
ACC916bb37afb,pAYa4f8f84c5b
ACC916bb37afb,PAY7cf30f8d76
ACC7ecb0d3e11,PAYe05ff8a9a
ACCe7f045cc79,PAY4b32f686db
ACCbb14bc6d7b,PAY8affe6b081
ACCad2eb567a2,PAYB5cdac0b18
ACCdedc2b636c,PAY6de0af2d35
ACC802b795aac,PAYfc022b23f2
ACC6ff0df371b,PAYf880c162ab
ACCa5f6614a14,PAY8af394cc1c
ACCa5f6614a14,PAYf256d12b1C
ACC6af07db907,PA9Yc4b110d05
ACC8637f46c93,PAY31f84fdb93
ACC8637f46c93,PAY842747g0067
ACC5a3152a216,PAY2471d557e
ACC5a3152a216,PAY5084e1f24f
ACC7683c7990e,PAYf4e4920fe4
ACC7683c7990e,PaYcd588f9fe3
ACC0dd7fb5303,PAY803d330db6
ACC6b9dfb7553,PAYbdfabc918a
ACC828462e80c,cPAY3d57c4c493
ACC828462e80c,PAYbarbc39d03f
ACCea2522012a,PAY712fac4a61
ACC531f571942,PAYe408fd338d
ACC531f571942,PAY1be101d5a4
ACCfd790ad060,PAY442bcb58359
ACCfd790ad060,PAY6e8091827e
ACC5baf3d7e7b,PAYf8b736e5a
ACC5baf3d7e7b,PAY3427f71f4a
ACCe6dd87edd2,PAY0a7c70a03e
ACC7a596fc5a0,PAYf4a8c43710
ACC7a596fc5a0,PAY173b91fd8A
ACCd223512098,PAYa49d195793
ACCade1644722,PAY2577dd70f0
ACCbbec3378fa,PAY68333cd50a
ACCc53ed29bc4,PAYadcd620819
ACCe8221e7847,PAY2f1eecc6c1
ACCe8221e7847,PAYf4633a930
ACCde28c6a53a,PAYd28e278757
ACCde28c6a53a,PAY2ebeaa9df
ACC52dbba1ff9,PAY03331078e8
ACC353ca61445,PAYdabeb8da76
ACCeee6be1cd5,PAY3654l66812b
ACCeee6be1cd5,PAYb101d34e5p2
ACC49ee60426f,PAY21236fb968
ACC49ee60426f,PAYfc30048ae5
ACC35b94f9c2d,PAYb137b47ee9
ACC957a25b336,PAY9e6149abqc4
ACC957a25b336,PAYf9d60f8f63
ACC3242f8c7fd,PAY85fd76b1be
ACC3242f8c7fd,PAY67a90287a6
ACC63cf6b58da,PAYffbe8fb92
ACC63cf6b58da,PAY7336080866
ACCc3aa588bcf,PAYde0c18544
ACCc3aa588bcf,PAYdfcf292913
ACC0e93ba577e,PAY5e70934aa1
ACC0e93ba577e,PAY6f7c64c6d3
ACCd77cd096f9,PAY753c79a460
ACCd77cd096f9,PAYc030a3a465
ACCca27c8a154,PAY578Ca39201
ACCa6e1b0481f,PAY437c6d2a6b
ACCa6e1b0481f,PAY0f42c29a0c
ACC1232ded4b4,PAYd4d5f1fe9d
ACC1232ded4b4,PAYbb233b07d6
ACCe37a32afe7,PAY455426ec5b
ACC5a68682f55,PAY4417f0908d
ACC5a68682f55,PAY851f910013
ACCf0fda076e8,PAYaec0de3d6c
ACCf0fda076e8,PAY2468df2138
ACC833f11d92f,PAYece6e9588
ACC266ae689f1,PAYf0f0cf2856
ACC64f207b7c2,PAYb9e9ee1162
ACC64f207b7c2,PAY1536e26aee
ACCc97495d3f7,PAYf039dc3eec
ACC540e987f30,PAY2ab6fe09ae
ACC85fb5e8715,PAYdba1004b51
ACC85fb5e8715,PAYb9192e7460
ACCb64cfeefb4,PAY9040981579
ACC3d4b95e058,PAY5380438750
ACC3d4b95e058,PAYd0ab40f7fc
ACCdfbdd698e7,PAwY5c810e4e1e
ACC6ace1599ba,PAYcc9c867394
ACCcda50a4b71,PAYedf37edb31
ACCcda50a4b71,PAY541f4415a4
ACC2e69bf24c2,PAY098cbf940e
ACC2e69bf24c2,PpAYe1467359b9
ACC2b74b284bc,PAYca63421a87
ACCcdc1d68969,PAY0a4adce818
ACCcdc1d68969,iPAYb0f8f17a71
ACC1d5adfc356,PAY262d3cad30
ACC1d5adfc356,PAY6343d003cf
ACC422714cca4,PAYc807b19b9f
ACC1424b3a612,PAy0043842b2a
ACC1424b3a612,PAY5252a16f7b
ACC9241e7b6e2,PAY4A29854c29
ACC9241e7b6e2,PAYe5421d2c8c
ACCfce719c7c5,PAY9640a8310a
ACCdf2a70820f,PAY124640b64a
ACCdf2a70820f,PAY810068bd4
ACCc4cf559a70,PAY99beca5c3
ACCc4cf559a70,PAY1843eda6cb
ACC15c3632ec6,PAY8d92ac8cf4
ACCf700b8650e,PAYc8g4c29752e
ACCf700b8650e,AYdb4f97725a
ACCda8e9a3cd1,PAYd62ffc1cb2
ACC053370b376,PAY5321f9c316
ACC053370b376,PAY170b641cfe
ACC5843190792,PAYa9e995e647
ACC5843190792,PAY32d9f468d
ACCbbb7648c5e,APY32481885e5
ACCbbb7648c5e,PAYf22496a88d
ACCfc9dd8bd99,PAY6ad9dea7d
ACC15faf83e0b,PAY74dc7faf05
ACCb21344c3b2,PAYd09bf10d4c
ACC3b1f58af94,PAY3857fef2db
ACC3b1f58af94,pAY65c0d0473f
ACC1b423326a2,PAY6ee0f01388
ACC1b423326a2,PYb7cc08542a
ACC8638a1b58e,PAY283252003f
ACCcaeb58e991,PAYe59d0abb49
ACCcaeb58e991,PAYa6bc7232f92
ACCc4ceaeed8f,PAY892396fbcc
ACCc4ceaeed8f,PAY797a571ec1
ACC7371e73118,PAY5fd6c6e58a
ACC7371e73118,PA5Yb88ee7ff3
ACCbe3683dc3a,PAY1cf5dc82d
ACCbe3683dc3a,PAY60ea21bdea
ACC3caf4b07b2,PAY335858aac9
ACC3caf4b07b2,PAYaeb79f55d5
ACC109ffbc5d0,PAYcb67d4B878
ACC109ffbc5d0,PAY99a3ec5be3
ACC0e68f5214e,PAY5f79d94eaie
ACC0e68f5214e,pAY7a2ec41a44
ACCe4d534fde3,PAY33f3b817ce
ACCfc14dcc858,PAY1c3064c65a
ACC9b571ec049,PAY6a8e5c3246
ACCf0696665dd,PAY3e2f416acf
ACCf0696665dd,PAYf902b32180
ACC91e9b99949,PAY638cd6053
ACC5f895fdf65,PAY8ccdb29b70
ACC5f895fdf65,PAYe02d33909c
ACC1f78a676d6,PA58d60b1159
ACC6df22c644d,PAyb4b02c9926
ACC6df22c644d,PAY3801f17f1c
ACC84219b4de7,PAY458992ee86
ACC871ac6171b,PAYd035ak8619f
ACC871ac6171b,PAY87b5f2ab4c
ACC762ec96c8f,PAYd4d9a9065b
ACCb2ba73bdca,PAY0221515f7b
ACC25d28ec9b0,PAYcd2c6911ce
ACC25d28ec9b0,PAY8b40f48db9
ACCf9eefb04a0,PAY9fa05d05c4
ACCa5f60d67c2,pAY4b986afc64
ACC8a852cb7b4,PAYfaa1b94aa9
ACCbf23d8b423,PAY208324c69
ACCeeb565e93c,PAYac0aa3a5bd
ACCeeb565e93c,AYc4321fb7ed
ACC5dcfb32d13,PAY5a5e9b6b06
ACC5dcfb32d13,PAY695a6a8f2
ACC09d3854ea8,PAY375d3aa34ff
ACC09d3854ea8,PAY5c445f4111
ACC5bd130b111,PAY84ace64cbb
ACC5bd130b111,PaY78a6fee365
ACC5951918da8,PAY6a2eb2f3d0
ACC5951918da8,PAY798dc9f1d0
ACCf4e69d6f1d,PAY051861845f
ACCf5c3f11c7b,PAYbfc7824ab9
ACC4bccdc300f,PAYa2a6f2333e
ACC4bccdc300f,PAY8e60a17d7
ACC26cfa10b1d,PAY30ff90e7wc1
ACC26cfa10b1d,PAY1a4be0c96b
ACCabc95bcb45,PYdc6d8c28ed
ACC6c18981b02,PAYea4abf0b27
ACC4479a39787,PAY4bd41f8916
ACC4479a39787,PAY68f2b66cea
ACC3639b8deba,PAY0302cf2f5a
ACCbb0ec1195a,PAY7db638e121
ACCbb0ec1195a,PAY6c47cafa8
ACC9e5647b973,PAY465a1cddf5
ACC6c30d35e8b,PAY55babbbaa2
ACC6eca8eec46,PAY55a88610d71
ACC6eca8eec46,PAY9838ee2bbf
ACC08f5aac602,PYA1ce044c61e
ACC01fddeb05e,PAY3c7f74d664
ACC0fec14040a,PAYf78c6982a6
ACC38f3cf9899,PAY12053b5f9
ACC4c7c1e1f3a,PAY6fd72717fD
ACC8f9579f54e,PAY07496a3ed6
ACCea8503c79b,PAY34d2337d71
ACC64aece767a,PAY9b6d293590
ACC64aece767a,PAY929b2da8de
ACCea2d119234,PAY8e92k64ba30
ACC2297de97db,PAY1326026d07
ACC6427bd53df,PAY0ea3ca2596
ACC6427bd53df,PAY9a81bda20
ACC619cf1c91a,PAYec26f6b66b
ACC619cf1c91a,PAY618bcb647e
ACCbbca54d9b2,PAYdfa5494d6d
ACCbbca54d9b2,PAcY58db4fdf4
ACC44fa7505fb,PAYfb05c2401
ACC44fa7505fb,PAYe89e1a3c4d
ACC3440692d81,PAY490146e099
ACC604ec06a3e,PAYde3ae1a4b2
ACC46b8070c08,PAY65e563db4a
ACCa239e7c705,PAY0d900e125d
ACCa239e7c705,PnAYcfb199ea39
ACC425ad290d4,PAYc61e668c4d
ACCd6c73417c1,PAY90459867a7
ACCb76d98486b,PAY1e7d56f799
ACCb76d98486b,PAY5dd07b1872
ACC4a91195490,PAY99ea4eAa37
ACCe4c3b12cda,PAYbfa2b96d92
ACCe4c3b12cda,PAYfc49c87548
ACC2ae180e94a,PAYf4ca5afd48
ACC2ae180e94a,PAYfedefca24e
ACC2f147adac2,PYAe3c8bebc89
ACCf0b86cdafc,PAY63ad45539b
ACCcef47ad742,pAYee19c79846
ACCcef47ad742,PAY4fdC09756a
ACC4a0c592940,PAYf3ea66cd97
ACC11adca2467,PY14cb7dc14b
ACC11adca2467,PAY3c39a9051c
ACC99a0dff697,1PAY55e877e7c4
ACC99a0dff697,PAY8e7535dc02
ACC7ae7f8e59d,PAYf4c4f23ea25
ACCd0fddf629e,PAY64a6b86339
ACCd0fddf629e,PAY21a4ff6d6d
ACC8692105ab3,PAY95575491bf
ACC23d4c59995,PAY43ef3f1d3
ACC3c656d6403,PAYff9ab521ld6
ACC3c656d6403,PAY32ed995f78
ACC8d40c1835f,PAYdaf6ddf491
ACC8d40c1835f,PAY75460dec35
ACC611a4d4be8,PAY93bb37fbd1
ACC611a4d4be8,PAYcfF17792ff
ACCbce5d9c713,PAY51bb145ae
ACC326e8be5c7,PAY2e7a17e60e
ACC326e8be5c7,PAY6e83f0b3db
ACC52eb01d6d8,PAY94859d72db
ACC52eb01d6d8,dPAY780af50a2e
ACCe237b21592,PAYc0debd88e4
ACCe237b21592,PAY58a4w6d4398
ACC3f678307c8,PAYfa91ca0725
ACCc58a754f9c,PAY3b97cbc636
ACCc58a754f9c,PAY363C902b6b
ACC27cebb76e1,PAY9042c1179
ACC27cebb76e1,PA7Yee3a8255f
ACC9336a81330,PAY965d6aace7
ACC9336a81330,PAYa863492dfa
ACCd0b5186e10,PAYbf7c9ca5a7
ACCe372936777,PAYef0826c065
ACCe372936777,PAY1aaca7ef81
ACCf2409b4454,PY71c359af13
ACCf2409b4454,PAY0034b5f081
ACC21c590484f,PAYf629131f9d
ACC287bd05fe5,PAY6bfa230228
ACC287bd05fe5,PAY734ee5402e
ACCea26f9f235,PAYf977d6e2cf
ACC96d76ce6bb,PAYfe150d4746
ACCce586c8e93,PAYd518dc04e7
ACCab9bf419ed,PAY5557f992e8
ACCab9bf419ed,PAY4c6ee410b0
ACC633fb7d7f9,PAY9817864cea
ACC633fb7d7f9,PAYc1ac220ba0
ACCde82a4d3a5,PAY1781fa87aa
ACCde82a4d3a5,PAY2340158326
ACC10b98db775,PAYc6fec0e53e
ACCfd832fdec2,PAY25cadbf3c9
ACCfd832fdec2,PAY0a11653135
ACC89c95966e1,PAY5b060da813
ACC89c95966e1,PAY5a5dfd5d38
ACCb7906c54a8,PAY74bb3384dd
ACCccd7ae5fdc,PAY04201c4a99
ACCccd7ae5fdc,PAY4e1301e7312
ACC72dda01fb0,PAY802a37f10d
ACC72dda01fb0,PAY812554528e
ACC2d4999160d,PAY1d7df4002c
ACC41cd03f461,PAY3047d2224f
ACC61eb7e7f8c,PAYaf24900345
ACC84e4a00114,PAY223fa17ef6
ACCd2b9824024,PAYa581582t0b2
ACCd2b9824024,PAYbfae840a5c
ACC0f9229ee74,PAY60b64005cd
ACC0f9229ee74,PAY9b0dd9b0d4
ACC423152941d,PAY4c22bd8546
ACC423152941d,PAYbea0c24bf3
ACC5ea9c1ca57,PAY0ad374bdd
ACCad31eb6ad3,PAYf0964c2d48
ACCad31eb6ad3,PAY79386993f6
ACC5af842bbf9,PAYcda7657473
ACC697a2fa519,PAY1ad4e283b
ACC3e0c837394,PAY37579b0bb0
ACC3e0c837394,PAYa99eb1b10b
ACC3584169c05,PAYd22387e15
ACC09c6467096,PAY8ec7437014
ACC18081722fa,PAYf4831d4078
ACC18081722fa,PAY58370e4eab
ACCe111d6f2cf,PAY894c79c628
ACCe111d6f2cf,PAY5f2559f078
ACCffb8f8d1d6,PAYcb2300881c
ACCe0d433745b,PAY73956bb45f
ACC0d39fcd82b,PAYfbd44c984d
ACC1ef5f01d24,PAY120dd92fd
ACC1ef5f01d24,PAYeede0ee266
ACCa3593bf914,PAY4r03fe3de94
ACCa3593bf914,PAY6c6e3e9226
ACC5ad063a60a,PAYe7927971de
ACC5ad063a60a,PAYd60531d58c
ACC67acbc3d8a,PAY2338e428b3
ACC67acbc3d8a,PAYbccf0f6B3a
ACC46a286a085,PAY4d1225ce73
ACC78a7d8120d,PAYe6676cvdbe8
ACC78a7d8120d,PAYac72f1feB3
ACC8ee442b8cf,PAY7a6fb3de71
ACCc47056cc57,PAY6c55b51a039
ACCc8097807e7,PAYa776b14f42
ACC0b6ac3b580,PAY8d291c78f6
ACC3ca5d5db94,PAYb3a9c0f349
ACC3ca5d5db94,PAY6484e3d6c7
ACC787d5ed836,PAYc14a394c9b
ACCaf63b3c949,APY52583c5502
ACCaf63b3c949,PAY5e2aea23cd
ACC38f20ed6a2,PAY46569823a2
ACC38f20ed6a2,PAYbc8c75098
ACC4638596ae9,PYdef5f3da97
ACC0a04c2e2ab,PY9825096f8e
ACC4d722ec1b4,PAYa51c1d1d80
ACC32b34e42c7,PAYdf0045732b
ACC32b34e42c7,PAY52f6625146
ACC2bf080754a,PAY3o708cfe203
ACC2bf080754a,PAyfaec5b1bff
ACCf78d5d6c31,PAY3c9bb71122
ACCf78d5d6c31,PAY70873156eb
ACCb9a8dd28b1,PAY197b02203c
ACCb9a8dd28b1,PY919bdbe775
ACC63c3f6c9e1,PAYb03m203eac5
ACCfe3a20b463,PAYe1e73b893a
ACCfe3a20b463,PAYb5ae4eec46
ACCde34a36e26,PAYb3a2a0f1ad
ACC99c502b10d,PaYed1e04ebc4
ACC99c502b10d,PAY003e8f03fa1
ACC4b193b4c30,PAYf8681bc5cc
ACC4b193b4c30,PAYc92d1c35ba
ACC51a39eb6c3,PAY85c63e926b
ACC644a2fec36,AYaa18850538
ACCb1c7af9c80,PAYe1d00edf7a
ACCb1c7af9c80,PAYad7f5edf27
ACCaed2c26c3b,PAYacc79233e9
ACCaed2c26c3b,PAYdagb8cbc859
ACC49fb55198c,PAY0701bb3765
ACC75466b5b6d,PAY89874je5f65
ACC2e89a0342a,PAY6062dd6356
ACC2e89a0342a,pAY336fc73534
ACC701150a7cb,PY2f4166276d
ACC701150a7cb,PAY1A03b3a7a5
ACCecdb3b6b07,PA8Y928b2187f
ACCecdb3b6b07,PAYf89fe017f0
ACCfc22b4e025,PaYe2c383d2a4
ACCfc22b4e025,PAY71d66cb40d
ACC5ea2ad14d5,PAY877c570a9b
ACCb6431b3e09,PAY2c046ed8a7
ACCb6431b3e09,PAYee748dcb1
ACC53966754ed,PAY9782dad271
ACC53966754ed,PAY3b6135862f
ACCff4047394c,PAY4cf03d87d
ACC121f5a38f1,PAY0c9ff51b9
ACC121f5a38f1,PAY984068491f
ACC8de5647625,PAY58da605bc7
ACC4ba0dc5652,PAY1djd36dc739
ACC1d98f3d76d,PAY582ec6ea8f
ACC1d98f3d76d,PAYe6b58c213d
ACCb9c1356d6f,PAY6705d2f7e5
ACCb9c1356d6f,PAYdb62b7088e
ACCb815857502,PAY6c65df3422
ACC921f4adc28,PAY6fbaca3969
ACC921f4adc28,PAaY57d3907b7
ACCfdf5c72468,PAY4dabceae87
ACCfdf5c72468,PAYe3738813d8
ACC219c4ff745,PAYa43219b129
ACCb7bbed1c4f,PAYc253016d72
ACCb7bbed1c4f,PAY6ccaa1d39
ACC0cc6ceee44,PAYe1501a9766
ACC5e01e90272,PAY3debdd9100
ACC5e01e90272,PAYcb4bc01a16
ACC731aa6353d,PAYe75caf9cab
ACCac1e7fc67e,PAY42ce1cf60b
ACC7fb9f842c9,PAY1eceee9bab
ACC7fb9f842c9,PAY0b758ce688
ACC1d9bb149db,PAY603ec987f1
ACC168e653054,PAY658408c2c0
ACCb13c9b26e0,PAY0f973830a7
ACCb13c9b26e0,PAY7fa83e958a
ACC89bbf57715,PAY686eae85b3
ACCb2725fb4fc,PAY87a4ea5faa
ACCb2725fb4fc,PAYc75dae92a6
ACCd3b217d4d2,PAY7d6edef996
ACC7914350065,PAybf677db18e
ACCb6aa6872dc,PAY8fc5cd9dc0
ACCb6aa6872dc,PAYb915ae4c7b
ACC73ee6b1815,PAYdb0d992827
ACC85ad15d104,PAY11e36f54e9
ACC85ad15d104,PAY1de3bc704e
ACCde54403354,PAa6a303f176
ACCde54403354,PAnY27ad9e1037
ACC647c4e6775,PAYeb73b7fd2f
ACC9da2b39267,PAYe86223dfa9
ACC7f61a202d1,PAbYc49b96e55
ACC7f61a202d1,PAY41f472eea2
ACCba4eaa0749,PAY606355a867
ACCba4eaa0749,PAY9eed8ddea5
ACC9362aef24c,PAYac376b37b
ACC9362aef24c,PAY29186a35d0
ACC0860ce71bc,PpAY0ce3a8aab7
ACC5e8087aa4f,PAY6e974c4a0d
ACC8b7911ef57,PAYe4ad765435
ACC8b7911ef57,PAYaad853b34e
ACC55229c9a7e,PAY7b2c129cc6
ACCe805af84cd,PAYb6933513a4
ACCa829425a31,PAY32a0262c9f
ACCa829425a31,PAYec4d4617f2
ACC448abb79d5,PAYc4bb8e35cf
ACC4474fa7792,PAY3wc188ac18d
ACC9eeff6ef5e,PAY4bb8f1cc97
ACCa65ee41d67,PYA4205204a63
ACC24a9ab15c1,PAY9fb7f4b513
ACC1c61a20d70,PAYb8a5aa1da3
ACCc668dec0b2,PAy261cb48407
ACC4fe4a9e841,PAYf7a0f645c1
ACCf1223bbdc5,PAYb5e2a30911
ACC1d042f327e,PAY2297084de2
ACC1d042f327e,PAY26f2a670a3
ACCa7e3685514,PAYf86e34d799
ACCa7e3685514,PAYa47fcfv4ce3
ACC188bd46c81,PAY8f546de617
ACC514b86657a,PAY2c94f61b04
ACCb636009d01,PAYa93bc244f7
ACC00bc9c2a7a,PAY832ec15k7ec
ACC00bc9c2a7a,PAYa477e37a24
ACCb93a33487e,PAYcc57208f72
ACCb93a33487e,PAY47D271505c
ACC399a3ed6f2,APYaded24ecca
ACC7609d5d5ae,PAYeac83a74f0
ACC7609d5d5ae,PAYe480551592
ACCd9aad92b15,PAY770737cf46
ACC21b34bbd4d,PAY0e3972d51e
ACC21b34bbd4d,PAYf203d19f67
ACC415e1e7c43,PAY4009aa63dd
ACC415e1e7c43,PAY5f52a8dc15
ACCb9bdac2aea,PAYbc54133e56
ACCb9bdac2aea,PAY1f5d87073b
ACCb04366c4c3,PAY61f7802e62e
ACCb04366c4c3,PAY4ffd0dd330
ACC0374542686,PAY1d9d2645b2
ACC0374542686,PAY9ba06a687f
ACC584d5fa486,pAYbcf626d54b
ACC0eeebe1d71,PAYcrbd36420b0
ACC0eeebe1d71,PAY6a5a5df687
ACC903c6c926c,PAY515ae48fc
ACC903c6c926c,PAY91dde334cc
ACC3ff15a4d78,PAYe3bb980ed6
ACC3ff15a4d78,PAYc7d1c80010
ACCb870799ffe,PAYbe11f23cb49
ACC2429eefd38,PAYcdf09085b9
ACC2429eefd38,PA4Yedbaae327
ACCc6e65f15b9,PAY49b081e100
ACCc6e65f15b9,PAY4dba6c42e0
ACC401c15973c,PAYc5587c060fc
ACC401c15973c,PAY9f4413fbf0
ACCb339e4ef63,PAY2ffedb2a81
ACCee3e81b618,PAY2ebb5a6e6e
ACCee3e81b618,PAYcfb8c29460
ACCe7e9f54331,PAYbcefec52c8
ACC090204d30c,PAYbebff61c2c
ACCa7dd288926,PAY82ba754818
ACCe34916616d,PAY8eac5df58e
ACCe34916616d,PAY5093dd823
ACC8aa3c5619b,PaY54e4f430b5
ACCdcc6804767,PAYa60245ec0e
ACCf7065a07ca,PAYe5f6c9890b
ACCf7cb041ec3,PAYa5958d577e
ACCf7cb041ec3,PAYf6c32dd221
ACCbb14941cd1,PAYde17057b1f
ACCbb14941cd1,PAY1c911f751d
ACC6f04860c04,PAY3bbf0a197d
ACC2d9c0bd52d,PAY06f9dae9c2
ACC2d9c0bd52d,PAYc96499365d
ACC775be1c0da,PAYec80b870ed
ACC775be1c0da,PAYc6db3a9737
ACCb5bd30b522,PAY8d97f3d572
ACCb5bd30b522,PAY9c0a899511
ACC657361f8b7,PAY6868ff3f34
ACCbb923224d8,PAY1f1f7f2xc86
ACCdf7d7b186f,PAY05242ec530
ACC93238969a9,PAY1de956ccfb
ACC93238969a9,PAYed512ac473
ACC1082ab1814,PAYe6483f6476
ACC1082ab1814,PAY63464dd6b9
ACC393113b993,PAYa70741359e
ACC393113b993,PAY0E55398f20
ACC644a9bb2ef,PAY04c1ed685
ACCb3a6455df4,PAY22bd2c712e
ACCb3a6455df4,PAY0d1f6becd
ACC5eb19dbff7,PAY830c27c8f1a
ACC5eb19dbff7,PAY40460eee47
ACC0a72524e07,PAY8bfa2c61e
ACC0a72524e07,PAY2dbd76f421
ACC2af9253c06,PAYbb0a16b5b4
ACC7d23a3ccf8,PAY1c5677bf2d
ACC7d23a3ccf8,PAY9cdcaa831e
ACCb9510b3824,PAY5dbdad16d
ACCb9510b3824,PAY867bf741f8
ACC804d46d432,PY71edf97525
ACC2b6616a2fd,PAeYe33e7a5d9
ACC2b6616a2fd,PAYa24192a821
ACC9bb09c5a93,PAYc6cd1ab20c
ACC9bb09c5a93,PAY8913f8134
ACCb0dbdeed16,PAYf3635f1ba0
ACC6c0ade2e7b,PAYbef47bc6ba
ACC625cc1604a,PAYa569cc6c88
ACC625cc1604a,PAYa376f32c94
ACC714cbb4c00,PAY6cd12cf5aa
ACCdbeb6df436,PAY734dc45a88
ACCdbeb6df436,PAYf2223c4729
ACC0089f44cde,PAY744201e7f5
ACCd3afb0a5c4,PAY3a5a08b0de
ACCd3afb0a5c4,PAYe663426d2a
ACCbd5d30402c,PAYa4143ccc09
ACC82903bebe7,PYAa581f5fbd5
ACC82903bebe7,PAY8cd724d10a
ACCc53595dfe0,PAYa71639fca0
ACCc53595dfe0,PAYd08e552951
ACC03888f87b8,PAYc94fae0012
ACC640c510a67,PAYa99cbefe7c
ACCfaa9df771e,PAYe70d0609b9
ACCfaa9df771e,PAY7D6afe1c2d
ACC457af3fa6d,PAY664bec5a72
ACCc3712d1063,PAY84995f3a2b
ACC15061736be,PAYce3b5614d9
ACC7a9336acf1,PAY222f6b1ef9
ACC7a9336acf1,PA98b9b4b151
ACC4d7f3073cc,PAYb0ec054135
ACC9daa044452,PAY47b9e21bd8
ACC9daa044452,PAYe5eccb7649
ACC43661d9bec,PY68f8da6464
ACC43661d9bec,PAYa793d1d4e2
ACCf24bf003cf,PAY58c89a0b26
ACCe5e3e7ad03,PAY4224cdeeb
ACCa33d28031f,PAY99af766bdb
ACC557c9efe7d,PAYbd1be72d1
ACC4435f4933f,PAYfc96a32e68
ACC4435f4933f,PAYc01fd08e41
ACCc6afc097c5,PAY0042a506c6
ACCc6afc097c5,PAY6afdf68b67
ACCc9b64794a6,PAY8c3f3b2fd1
ACC9460f9c656,PYA61075ca642
ACC9460f9c656,PAY3d3e7ad2a2
ACC9e0718ed40,PAY868de45a0d
ACC9e0718ed40,PAYbcb17b39e97
ACCca1811d585,PAYed4192f126
ACCca1811d585,PAYff3ccecb06
ACC008dfafaeb,PAY170c85f328
ACCde9c3dc67d,PAYf18e18e6d9
ACCde9c3dc67d,PAY0d40a2fee4
ACC8670995450,PAY0456f622e
ACC8670995450,PAY198a31e813
ACC4b7f3c4256,PAYcd4c7a0d26
ACCfd2983e405,PAY933cd83a3e
ACC7463b0a479,PA7a35e23bfa
ACC7463b0a479,PAY815a54abb8
ACC1be3142fed,PAY90ffb9a48b4
ACC1be3142fed,PAY1befbe2010
ACC915dc09f44,PAYEfe57eaffd
ACCacf7f94173,PAYec2a8afff9
ACC2286f59156,PAY1e5a04cf7c
ACCc9db8c9aad,PAY83a48cb117
ACCc64bc01bc8,PAYa4f5b8dc16
ACC536ff9d476,PAYbb213ecd01
ACC536ff9d476,PAY75116bbb7d
ACC1a548a9bfb,PAY4f905a378c
ACC1a548a9bfb,PAY16c0bae891
ACC9aad254653,PAY5be308d3e7
ACC869790e194,PAYd608a7bc60
ACC869790e194,PAY1e6f3e7632
ACCe47d3b332a,PAjYe4d52b9517
ACC77a1d7174f,PAY74280269db
ACC77a1d7174f,PAYe8d538826a
ACC0d8b91357e,PAY07379f4337
ACC0d8b91357e,PAYe45ea5330f
ACCef81d9bc24,APYda9ad21ae4
ACC34423b1153,PAYdf5b9bf17
ACCdb1e707a3c,PAY0513eb5c23
ACCdb1e707a3c,PAY82b201aa40a
ACC048c9e278b,PAYbac611c180
ACC530b0a15a3,PAY2bd8e7084f
ACC530b0a15a3,AYaf97ba9097
ACC4083a46370,PAY284f5787b
ACC0d0434098a,PAY6881999e43
ACC0d0434098a,PAYec11bebf3c
ACC49de732fc3,PAY22c8f16b56
ACC49de732fc3,PAYa4a023be36
ACC4e5a78a6fb,PAYcb8c8464e8
ACC49cf0b9386,PAYda2435d3d7
ACC6fc2380daa,PAY0db43d621
ACC6fc2380daa,PAY866cfe1217
ACC8a6730793e,PAYc1a86990c4
ACC8a6730793e,PAYe52ac9fb95
ACCe358364cb9,PAY97e54bb62
ACCe358364cb9,PAY417fdbb19
ACC97166b7eaf,PAY5729d272cf
ACCf1f22e2929,PAY804pb21108c
ACCf1f22e2929,PAYec7f931ebf
ACCeb2e567eff,PAYf655369bc4
ACC73243fd46c,PAY61846c2a2
ACC73243fd46c,PA3447190e69
ACCd9f411fce2,PAYf16a143b8b
ACCc4897b7ffa,PAY307fd8f84c
ACCc4897b7ffa,PAY02695f3ab6
ACCe8ecf839ef,PAYc3391904f0
ACCccda27db40,PAYa5e4e4302d
ACCfb3e69395a,PAYf84fadbac4
ACCfb3e69395a,PAY2006ae6fe6
ACCa46e9224c9,PAYf28cb54639
ACCa46e9224c9,PAYaeadf465F2
ACCbda118f491,PAY32810100c5
ACCbda118f491,PAY06652b29b35
ACC9b3ffc71f4,PAYc6e4ca0Bf4
ACC9b3ffc71f4,rPAYa0933e1c6c
ACCf7112527e8,PAY02ea4f8dbf
ACCca342c7899,PAYe8d8de08d2c
ACCca342c7899,PAY45632d2f8
ACCab4d858bc8,PAY4e468e8c39
ACCa15b93c371,PAYbecf78f0d5
ACCa15b93c371,PAY300447eb9d
ACC88d4bfa03a,PAY93cs6f1f0a8
ACC90cd48672c,PAYcedb5a3bd0
ACC90cd48672c,PAY15d2e7bc95
ACC6a8b777e57,PAY6beeb61c38
ACC6a8b777e57,PAY286ed332d5
ACC95b9b456d7,PAY70a8c659dc
ACC95b9b456d7,APYa8a7cee43e
ACCf582404a93,PAY115638db67
ACC6497e8a1dc,PAY28babf94e5
ACC6497e8a1dc,PAYa13d302c3
ACCc21d67dc8c,PAYab4b23ab65
ACC5861b555ce,PAY1000f3a523
ACCe3dc0829cd,PAY082352aa70
ACC88f65f671a,PAY9i4bf40008b
ACC16539d6031,PAY64046b7d3b
ACC16539d6031,PAYe82xea813de
ACC0e58e2577b,PAY6be166e3ac
ACC0e58e2577b,PAYae51b280e6
ACC64d8d21639,PAYce7923650c
ACC64d8d21639,PAY1623eb6b99
ACC8ed030e778,PAY7ca045350
ACC81af48aac5,PAY05295e2a77
ACC9b261fd73f,PAY91244395e97
ACC9b261fd73f,PAYc48265a101
ACCc243408125,PAYb94bd1384f
ACC954d61f098,PAY5720bbd2B4
ACC954d61f098,PAYf5630840f
ACC3733c34c03,PAY3fd9e6f928
ACC3733c34c03,PAY4f0eb8ee7a
ACCd2fcd5adbc,PAYe86b8601f6
ACC70f1b3b4d9,PAY1c53aa2de
ACC70f1b3b4d9,PAY8f9a651954
ACCedb0d30fd9,PxAY04be42c26a
ACCc316b2e80b,PAYff91718231
ACCaf6ce86074,PAYfb82fc5765
ACCaf6ce86074,PAY755c9564c9
ACC58996f4e69,PAY4dfe09a702
ACC1ddba89fa6,PAYdf46c3b189
ACC70c9ee8984,PAY63c49159e5
ACCf2880b89b6,PAYfc02882219
ACCf2880b89b6,PAY543f9e6ee2
ACC43302789b4,PAYb04fb89dca
ACC43302789b4,PAY87edd27114
ACCfb55ca739e,PAYb738d62168
ACC9e7657a44a,PAY882c4cd440
ACC0ba293fc82,PAYc6198e04b4
ACC8cb4d58005,PAY47589e081c
ACC8cb4d58005,PAY9453216426
ACC70ee7fa15e,PAY567b1a2cfa
ACCb7319b871f,PAY7819be5a5a7
ACCb7319b871f,PAY7d21626bCb
ACC60c68c2158,PA2Y68a434098
ACC9720988b34,PY3a678b1eb6
ACC640f9d24d5,PAYd802ba5424
ACC11f18261f0,PAYbda9fe036c
ACC11f18261f0,PAYb300c0f23A
ACC0ec92e37b2,PAY5373d273f2
ACC0ec92e37b2,PAYdf5f1b64e7
ACCaad4630038,PAYe572fa5c94
ACCaad4630038,PaY6be4307d77
ACCbf4dc8a05a,PAY0e6904ba8e
ACCbf4dc8a05a,PAY72eadd1b2d
ACCea122d1235,PAY56863445ed
ACCea122d1235,PAYda4b75f8f0b
ACC9f3ab4095d,PAY4be223ea4
ACC2bf4a6561e,PAY810c1f2d4f
ACCb5427dc88f,PAY9faa56ab99
ACC54cfc05b1d,pAY181470bdf5
ACC54cfc05b1d,PAYb2adc51ea
ACCf3909fbbe5,PAY47118e0be5
ACCf3909fbbe5,PAYe5962a11cb
ACC3fe11ed4ee,PAYc3647d35d5
ACCf0ace83b59,PAY359afd13da
ACCf0ace83b59,PAYb88eb7cce5
ACCed7cf25ae7,PAYcb4853bdbf
ACCed7cf25ae7,PAY334d3456c1
ACC2f5152b1d7,PAYdfac7f41b
ACC45f802eeaf,PAY8951eb8a4c
ACC45f802eeaf,PAY0999f0e76a
ACCc5defe18f1,PAYd763572b12
ACC3f313338b2,PY9689685312
ACC7a9a68b41b,PAY49345ceaa2
ACC6605c2f0e2,PAY47a07324ab
ACC6605c2f0e2,PAYd89a455789
ACC6afc859658,PAY30e6074efb
ACC6afc859658,PAY5e56cfd340
ACCfc8ed9db72,PA2Y3a5c5711f
ACCd0760f254b,PAYbb9f7b5f0a
ACC02f3e17d97,PY066883ed0b
ACCd92092293b,PAYfd05f25F3f
ACC89cd8e7fcc,PA300d990077
ACC8d4b827ae4,PAY301c28ee89
ACC0c36368692,PAYb114064f7a
ACC0c36368692,PAY1dfaba2b11
ACC3328b3cec8,PAYc5e6639cc6
ACCa1e71c0e76,PAY57275bc928
ACC2dcbfca7fb,PAYc7e3b2b403
ACC4eab5ef3f9,PAY1eb141ba41
ACC04bc90f11b,PAYcd3a7c79c0
ACC04bc90f11b,PAYa11db6ef6e
ACC3c3ded5dbc,PAYa119448A6d
ACC3c3ded5dbc,PAYc25ff47cf2
ACC00de30ece1,PAYf1e9bd669d
ACC00de30ece1,PAY1cd9b3b318
ACCeb2c267a7e,PAYd916694c9f
ACCea8f31fca1,PAY3d1d1f8c7b
ACC8ed5d40d43,PAY19c3d0a45e
ACCeb47b38bc5,PAYEde687835d
ACCeb47b38bc5,PAY8e83caf3ed
ACC3edf2f4044,PAY278826925
ACC85ab44f022,PAY59db17b095
ACC85ab44f022,PAYcfe38cee29
ACC1d82c7d30f,PAYc73857e93f
ACC1d82c7d30f,PAY8b8f579332
ACCfde867eeda,PAYc431f83e8c
ACC6ac5b8f03c,PAY82ab02e2d6
ACC6ac5b8f03c,PAY640b1B9a27
ACC0a2ee78154,PAY0a9f62eca4
ACC0a2ee78154,PAYb38ef25efe
ACCe99d7a07fd,PAYe491a9106d
ACCe99d7a07fd,PAY1ee35978a8
ACC6db5475a8c,PAY982978042
ACCb9ca1b79c2,PAYf6a3ae2788
ACCca28a713ba,PAY33964abe49
ACCca28a713ba,PAYc083410979
ACC20bf8a5cd5,PAY45e87ab48f
ACCbf8f9fd847,PAYc806e21112
ACC5e441ab798,PAY3e22fc568c
ACCd00fe2bcd7,PAY356833adi83
ACC8d19b7aacb,AY23e1ed4fde
ACC8d19b7aacb,PAYe44fbe41a7
ACCbecf8d5971,PAY83C57db231
ACCbecf8d5971,PAaY5a4f6595d1
ACCf3635e3873,PAY1b4695b6f4
ACC4da45d19f6,PAY3cd931a383
ACC02cf858943,AY8079594136
ACC02cf858943,PAYfe71780ef
ACC61dfa26a5a,PaYfd0691ebf1
ACCedbad5f440,PAY61bdf0c28f
ACCbae8c46aec,PAY8645bc1e4b
ACCce5231f6e3,PAYf82f8a4b88
ACCce5231f6e3,PAYff77ed0177
ACCd1c1c77a82,PAYd3rfad6d0f1
ACCd1c1c77a82,P0AY082c9157d2
ACC320d46a7e9,PAY004e19e559
ACCc241268608,PAYf71dd6c26a
ACCc241268608,PAYfa9971469c
ACCbc9a17e978,PAY047686a4d4
ACCbc9a17e978,PAYcd06b6f2c00
ACC44013ceafb,PAY2201d487cd
ACC7ed51d1f7f,PAY21c486ddd8
ACC2507819b24,PAY81542a153
ACC2507819b24,PAY0ea58e6685
ACC6a1e36f783,PAYd593d0200a
ACC6a1e36f783,PAY0119040d67
ACC3a58596b73,PAb69aa88f10
ACC3a58596b73,PAY17da8115af
ACC88d0a27aa0,PAY0a226de881
ACC1be7a1ef76,PAYe2fda5126f
ACCeacde33202,PAYfc37478b2c
ACC3777763df5,PAYec25c65a6c
ACCb1f8416cb9,PAYfcdn6ad8d8e
ACC1dbfbbcfb9,PAY6acc35e14d
ACC9fcb40292e,PAY0b9d584e72
ACC78e2276efc,PAYfe9e3db27
ACC78e2276efc,PAY3122347848
ACC35c885e474,PAY7F9be63067
ACC35c885e474,PA3Y1836db5182
ACCdb38a75957,PAY5276a6d711
ACCdb38a75957,PAYad8f3d364a
ACC1d8ad6cc23,pAY21d133c8bc
ACCafd255e3af,PAY4c4f796026
ACC0fedbf3d87,PAYec12618f11
ACC0fedbf3d87,PAYde24942c1
ACCfe101db5ee,PAY0da51822ce
ACCfe101db5ee,PAYe4e6c2706
ACCa2ba762869,PAYa2efa15789f
ACCf425ff4034,PAY79e8e9c01
ACCf425ff4034,PAY7f96e9d232
ACC3444e5331a,PAY4108ae70cb
ACC3444e5331a,PAY4e833362a6
ACC82db2dd9b4,PAY4be981e8d
ACC82db2dd9b4,PAY4fdb920D05
ACC29ec5fd140,PAY05dfeb1625
ACC29ec5fd140,tPAYede4fd6a5c
ACC15f85b7873,PAYe9488afef0
ACCce7a7c3b98,PAY414b42a807
ACCce7a7c3b98,PAYfff44e3e7
ACC0e3287fb4b,PAY267c6a53f5
ACC0e3287fb4b,PAY74bfc7a771
ACC7698ced47d,PAY675d345ec5
ACC7698ced47d,PAY1c872dfc97
ACC5d8baec451,PAY14802b40d9
ACC5d8baec451,PAY4af692f56
ACC8771c2000a,PAYc8b0cb3317
ACC8771c2000a,PAY8c176a877a
ACC7fccfe38a5,PAYe7e6430f61
ACCe37c649905,PAY3e174b8468
ACCe37c649905,PAY311f7e6b54
ACCbda454c5e0,PAY6b6dab41cd
ACC7a97144522,PAeYfce6bb98a
ACC7a97144522,PAYa3acc4dc64e
ACC145ca49bc1,PAYa039df91b2
ACCc41c374c8a,PAY51c0441e71
ACC1dd028b165,PAYe1cacfc370
ACC1dd028b165,PAYaaa8b665c
ACC9b10384f53,PAYceb69035be
ACC27cd11cf09,PYd200d32365
ACC9e3b509059,PAY8401c81217
ACC9e3b509059,PYAce6b2aa8b2
ACC68a7552416,PAYfcf816305d
ACCf1c8b4b37e,PAY0a080425e1
ACCf1c8b4b37e,PAY7f1769b0f6
ACC890f3f3a05,PaYa0a79cf64d
ACCb2eccec227,PAY81c7978514
ACCb2eccec227,PAYfceff8e95c
ACC6d14671631,PAY0e653ae67
ACC6d14671631,PAYad6f1315f3
ACCa65ca3c824,PAY6f3750b8fb
ACCf67c60b459,PAY177f563b50
ACCf67c60b459,PAY56d512669
ACC00bc905bcb,PAY06f7020c4f
ACCf865eb3f79,PAYbd87359987
ACCf865eb3f79,PAYc195f2851d
ACC22791bc37d,PAY4b8e9f97d8
ACC92349d71d6,PAY4c63e22bd1
ACC212b55b3f5,PAY6d52e4799
ACC212b55b3f5,PAY0e1be31b09
ACCac24d44c32,PAY2a62366858
ACCac24d44c32,PAY5a10d64769
ACC45fdfc0bba,PAY9ce1bef292
ACC588f1c10de,PAY581c8a5f82
ACCa433f72725,PAYcb5d0adf03
ACC5385bb69b0,PAYcc66bf9ed7
ACC962e5d63f3,PAY9a2f877c64
ACC962e5d63f3,PAY46a508d21a
ACCa63dc5fb8c,PAY89fa90fdae
ACCa63dc5fb8c,PAY6180ef8bfc
ACC72a0aaf344,PAY13a6e70c8a
ACC9664e658f9,PAY3975ba6751
ACC9664e658f9,PAYcd560181e3
ACC3650d75a95,PAY634a83f232
ACC373ed5c82e,PAY3d91840939
ACCd248455438,PAY11503ddBc0
ACCd248455438,PAY0f727faa62
ACC9536c8ae01,AY9fb0abb9cc
ACCc30b97c180,PAY3536723609
ACCf50f8a691c,PYA97f30f260f
ACC1f74a942fb,PAY5c38062c67
ACC1f74a942fb,PAY6b21d7d9e7
ACC24ef3540e2,PAYe47d21664a
ACC24ef3540e2,PAY18b4d33fbf
ACC3a4b8ca8ae,PAY3151c4aff
ACC3a4b8ca8ae,AY15311643e7
ACC2d331d2427,PAY5A3ea9616d
ACC049f75d20f,PAYcb427aa94a
ACC049f75d20f,PAY47dcd85b55
ACC094d08fce2,PAY2dd91800fd
ACC504040ee61,PAYf497e0dc0f
ACC7313832957,PAY6ad366996a
ACC14c24a246a,PAY9759b03cd2
ACC14c24a246a,PAYb998e02ed7f
ACC9057252f32,PAY58daf86231
ACC750186d140,PAYdabb25308d
ACC65924ecb6b,PAY922354b925
ACC65924ecb6b,PAyc2e1166e06
ACCeaa02264e3,PAYadf5d50de5
ACCb9b811af6a,PAY105b5362be
ACC25cbf40c09,PAY6fc8e65b39
ACC25cbf40c09,PAYfab07e9fa7
ACCa5c7d30278,PAYf5eb9317071
ACCa5c7d30278,PAY6aa628fb06
ACC86ece27969,PAYa8c613bd68
ACC86ece27969,PAY6430cc59be
ACC4adbe0a98f,PAY4fbcf5769f
ACC4adbe0a98f,PAYb106725e43
ACC641e725f8f,PAY604a3fde4e
ACC641e725f8f,PAYf8f714d7b
ACCfd2828de66,PAY1251b7c3ec
ACCfd2828de66,PAYfb322738b4
ACC306bab34e6,PAYf0d1c5bd98
ACCf331a58118,PAYc1adddca74
ACCf331a58118,PAY9824108c38
ACCb7cd46a842,PAYd0288ac5a5
ACC1e783d9fea,PA7Yceb97a5c67
ACCf0ff808c6d,PA8Y8aeee2c1e
ACC6c3c977b38,PAwY3fbffe7aec
ACC6c3c977b38,PAYa3b7477ad8
ACC7e1b4bfb54,PAYe23a80354
ACC7e1b4bfb54,PYe880f3bde0
ACC7c6f5ea82e,PAYf9e9f9a31
ACC6a214b213b,PAYe89756adc
ACC6a214b213b,PAY903e5d380f
ACC2fbcb0b0dc,PAY4ab5527a1
ACC465a344793,PAYe2f198958d
ACC465a344793,PAYb8980f248
ACCce79be00b8,PAY530bda619pd
ACC21afa71764,PAYcx091bd91ed
ACC8f3d068ae4,PAY0f045cd5d6
ACC9861018394,PAY8a39221826
ACC6df120567f,PAYd1a426afda
ACC6df120567f,PAY102e69646f
ACCe89aacb4aa,PAYf5f14395f5
ACC8af87e18e0,PAYa918709b64
ACC8af87e18e0,PAYb2dc767ca6
ACC1d03463650,PAY6be6f5e5cd
ACC1d03463650,PAY38d16eb162
ACCd646218620,PAY4f87274661
ACCebfc389019,PAY2306ba7d9e
ACC3e159b62d0,PAY82b2bc9432
ACC3e159b62d0,PAY0e6139fb19
ACC76ef58aed3,PAaY39cdce8a5
ACC76ef58aed3,PAY220eac9c66
ACC01e1ca4722,PAY16fc34087f
ACCca7c5061e8,PAY9e0bcc202a
ACCca7c5061e8,PAY38bcbe0d18
ACCbefdaf9459,PAY06f5daf294
ACC2576024044,PAYa9231e3d42
ACC2576024044,PAYbee0dd0093
ACCeec4c0e43a,PAY8029c6a847
ACCeec4c0e43a,PAYecd5d8d554
ACCae06ec3519,PAYe8995eb2ef
ACC76ed308fa6,PYA06311dd8a8
ACC5a3a74b354,PAY7d4fa794a5
ACC8961df1c80,PAY06e52ac0bc0
ACC8961df1c80,PAY59d5bdc697
ACCb9298f3a87,PAYb158b8ad25
ACCb9298f3a87,PAY1358475c8
ACCd95d6a8920,PaY239365c5c5
ACCd95d6a8920,PAY827f24b0fd
ACC61da83aa1f,PAY48b07eb2253
ACC151c51c0c8,PAY64dbbd01d1
ACC257c3adb74,PAY6d8cd626d1
ACC257c3adb74,PAYa457f32f60
ACCc68433e152,PAY84370e50be
ACCeee971051d,PAY23c060f76a
ACC3bcf6b7224,PAYc74db70533
ACC3bcf6b7224,PAYe2ad074580
ACC2e23509454,PAY4e72a82006
ACC1735a46f73,PAY96c9a013a6
ACC1735a46f73,PAYc7Df1e278b
ACC97f51451fb,PAY40439deb87
ACC97f51451fb,7PAY3b33ca481b
ACCc2ceddba66,PAY7c52cb4bf5
ACCc2ceddba66,PAY793e248359
ACCa4c9c415e0,PAfYdf2cbd2c7a
ACCa4c9c415e0,PAY217afa3d27
ACCe15ea1c2eb,AY9c33434b78
ACC06455ec7b9,PAY7d44d2afd7
ACC06455ec7b9,PAY0ce16917b8
ACC19b5efca01,PAY21713d24a9
ACC68866194e3,PA9d31014598
ACC68866194e3,PAY9y41572a07f
ACCc5e1622773,PAY3bf0baf1e5
ACCd32eab2260,PpAYeb9cf29e9b
ACC64efd59ba3,PAY9a73cf91f
ACC64efd59ba3,PAY37c0d7b2ef
ACCb3b3befa17,PAY1223e519daa
ACC6ac4af424f,PAaff40d584f
ACC50b4eaf9eb,PAYe84e4ad8f
ACC50b4eaf9eb,PAY70ea56eadc
ACC77d2992989,PAY80e7dfc4f7
ACC77d2992989,PAYd339ef76bd
ACCc4dd0d23e6,PAYb5107affn0e
ACCa5e64acda0,PAY09d1b6244
ACC397256636f,PAY78ffd3f742
ACC585ba7ea90,PAY79f62b7b96
ACC585ba7ea90,PAY8e871f236b
ACC6b694249ae,PYbbf50bec84
ACC6b694249ae,PAYa83c10612d
ACC9a6b34ade6,PAY5344794fad
ACCfeb4c03981,PAY8a9581620b
ACCfeb4c03981,PAYc06635e077
ACC0604694335,PAYb1df024a77
ACC0604694335,PAY9b87700be3
ACC426590e2fb,PAY214a627b08
ACC426590e2fb,PAY750a3f7031
ACCb65abeca47,PAY5b594ec503
ACCb65abeca47,PAYe6836e4f6b
ACC99e47d3525,PAY2eeff68c0d
ACC2d0dc85d65,PAY1613ak44bdd
ACC56d5b81460,PAY1351f896d4
ACC28a2c0e509,PAY73ae3a28bc
ACC28a2c0e509,PAYf3afa96872
ACC7fe417576e,PAYaebfc9d450
ACC7fe417576e,PAY8b21708472
ACCec34e92f81,PAYae357f29e6
ACCa9db0fb631,PAY099a31d5d5
ACC9489b3d575,PAYfee1cf1e1a
ACC9489b3d575,PAYe0ab24ac7
ACCc89feb479a,PAYeb390010ad
ACC5ca077a3fc,PAY597761544d0
ACCe434a49fc6,PYA15bc0dabae
ACCe434a49fc6,PAY1bbr23e95a1
ACC27ee98d311,PAY0bd50441f4
ACC16c840316b,PAY248afacdff
ACC16c840316b,PAY73f1a9efF6
ACC6cd3b83402,PAY566ed8a378
ACC913bead2c4,PAYc1dc82b0b2
ACCdea4c2c68f,PAYad252cu7616
ACCdea4c2c68f,PAY03edd441a2
ACCce2385aa25,PAY3cf2a431a0
ACC108a4f540c,PAYb9579445c8
ACCaed03fbfac,PAoY063701ec20
ACCaed03fbfac,PAYfa72c1f901
ACC0c85930b44,PAY2c4d68cfea
ACC5f31d1dcff,PAY87045e7b9d
ACC5f31d1dcff,PAY5fa50084z0c
ACC3c0509bab5,PAYc3031f591b1
ACC3158c815e8,PAY5968689a08
ACC3158c815e8,APY415e281a50
ACC6da4881b30,PAY243b3d6464
ACCf5eeead679,PAY9f1d3efb16
ACCf5eeead679,PAY3d0163d117
ACC459d008d19,PAY2dd8a16c02
ACC459d008d19,PAY42350d42d0
ACC699dbfea06,PAY7075e3bb4
ACC699dbfea06,PAY5366ba90ba
ACC6aff01326f,PAjY82fdc7662e
ACC9c3e7c87bb,PAY5798a2805b
ACC1b7abdccea,PA8Yec21bda73
ACCf993540c36,PAYebbbbf6876
ACCf993540c36,PAY2cc01b9bf6
ACC23b271aebb,AY1d36ddbb11
ACC23b271aebb,PAYb939b1a79f
ACCaa183587d2,PAY94943f16b3
ACCaa183587d2,PAY0f2b3b6bf1
ACC631d633c9b,PAyd0809d314b
ACC631d633c9b,PAY238cd3d7f2
ACC2c772be7ec,PAYacd202091d
ACCa49a295df5,PAY73d6aba0c8
ACC80b54fdd34,PAY34c6f06f0d
ACC80b54fdd34,PAYa37b8faj405
ACCbb2b67b837,PAY658eabe14a
ACCbb2b67b837,AY21b1010e0c
ACC3435f95925,PAY1e9649be64
ACC3435f95925,PY7273a247a3
ACC5b50f9f777,PAY12b2cbf0f4
ACCc3243daa71,PAY4e353f6f45
ACC1bbc49a3de,PAY0b61745894
ACC1bbc49a3de,PAY8c76dadd63
ACCa5debaedaa,PAY3801297646
ACCa5debaedaa,AYf5f09d964e
ACCbc89f27513,PAY2037083d32
ACCbc89f27513,PAY598d6454d5
ACC58db03d9a5,PAY8a042dace9
ACC58db03d9a5,PAY8d98f06dd0
ACC2f2af3a3fe,PAYd57474ffa
ACC2f2af3a3fe,APY75cce994bc
ACC3193fee695,PAYcb48ca7600
ACC3193fee695,pAY5d0d9027bd
ACC272cad9372,PAYa290c3084a
ACCe3a9fdf844,PAY66c534400d
ACCe3a9fdf844,PAYb1720de8f1
ACC224970b539,PAY2e387955dd
ACC224970b539,PAYc9edf5b57
ACCa846c741b6,PAY294088b685
ACCc5ab2b660a,PAY887b78d965
ACC89b03c883c,PAY8d968ebc6b
ACC89b03c883c,PAY9d6a21dcfc
ACC2901bdda54,PAY58766b81ce
ACCc327b228da,PAY46f9ff24ff
ACC5136ef9165,PAY912eedac8a
ACC9249bc8063,PAY32b9be1fe
ACC5c9d440b8c,PAYca00ba924
ACC1b02cdf3f0,PAY2a767c81d7
ACC1b02cdf3f0,PAYd10ddbce50b
ACC28a9dc7ca9,PAY17061b3f9
ACC28a9dc7ca9,PAYf66b4947d9
ACC185f41ddf0,PAYf4e54012d9
ACC606bc0d3bc,PAYc3e3eaaecb1
ACC606bc0d3bc,PAY6eb81c37b0
ACC7a22763f17,PAY629b041969
ACC0dd7c951d7,PAY124c296d06
ACC0dd7c951d7,PAY69f9e934f7
ACC0738b85532,PAY38ca7e7f62
ACC746a6b92ed,PAYfece6898ee
ACCafb4ab2230,PAYa471b63861
ACCafb4ab2230,PAYf85d4d7611
ACC436df72f09,3PAYe71a7b8340
ACC436df72f09,PAY79686b5be5
ACC30605b60eb,PAYc837daa2d
ACC30605b60eb,PAY08b1520f4c
ACCdfca2c5c8b,PAYd9f8fffb17
ACC9343ff2e1d,APY4a5a8f856d
ACC2bd41d463e,PAY05368fbbee
ACCe302989c28,PAY0e18737579
ACCe302989c28,PAY64d0e82aa3
ACCd439631770,PAY6ff63823c8
ACCd439631770,PAY1b83dee27a
ACC76561a4def,PAY2fab9f6360
ACC76561a4def,PAY1d102e62fe
ACC428bebd571,P3AYb3a0caf544
ACC428bebd571,PAY0bbf69946a
ACC5d23861658,PAY39b4543037
ACC5d23861658,PAY7f5d32dfe
ACC7292709535,PAYa0e0e2e204
ACC7292709535,PAY7f6572e9ca
ACC91acf5ef9d,PAY4c05f88224
ACC6ac9a19736,PAYeed783dee5
ACC163d14cc03,PAY24693e64f5
ACCb25ba3810a,PAY479b09f1a7
ACCb25ba3810a,PAY65afb953b
ACC9f01d69798,PAY9844a68e26
ACC9f01d69798,PAY1971ce169
ACCace086af22,PAY3da0c425bc
ACC48b0a8f1fb,PAY3e52qbcae61
ACC0b67907cd8,PAY9f2E3a5ddf
ACC0b67907cd8,PYAf4cf25ab71
ACC67da79f71e,PAY011eb7fdac
ACC67da79f71e,PAY56deda9578
ACC2ffa1f52bc,PAY04d81d5d21
ACC26a01c44de,PAYfd4ed18aea
ACC26a01c44de,PAY0927f0a3d3
ACCbe14aabf10,PAYda4bea4e0
ACCeab35da314,ePAYbc31a2ea0c
ACCdd40268c3d,PAY078c2cd46d
ACC03347e8c2e,PaY8926e78808
ACC95c07039f2,PAYb7d24ef59
ACC95c07039f2,PAYa9f85258aa
ACC0ac44d5397,PAYdfa73cb8dd
ACCef17ea095b,PAYb75f476930
ACCef17ea095b,PAY46fb4f8c91
ACC1d1c961382,PAYd8428ddab8
ACC1d1c961382,PAY7c650a072e
ACCe3f16cf23d,PAY3b90023737
ACCe3f16cf23d,PAY74fd556685
ACCab9a4e2ab1,AYe5c428f02a
ACC34500d70a4,PAY78f9656a48
ACCdf807a46a4,PAYafb8e0d676a
ACC84fbeccd03,PAY30j396db25a
ACC84fbeccd03,PAY56682460f8
ACC2c0b128b04,PAY684b24ad80
ACC2c0b128b04,PA6Y4f35daf5bc
ACCe1aff41cf7,AY4e085f8b63
ACC68cd459991,PAYda96408b2c2
ACC68cd459991,APYa46277446b
ACCf9b79652b6,PAY43ae38d682
ACCf9b79652b6,PAY724031354c
ACC2afb51ecd5,PAY2277bef4cc
ACCf2c5a1b9e4,PAY4e8a85eff2
ACC6c700e123b,PAYe5a84cbed3
ACC6c700e123b,PAY3451ffea84
ACC6935c1b020,PAY1eedd2f387
ACC6935c1b020,PAY3f63158755
ACCb9ae2b62b6,PAYeaab0d3142
ACCa720554874,PAYdce1c352cb
ACC0830f2a6ba,PaY5706025806
ACCd995529af7,PAY991ac8d0a3
ACC1ce37f43c0,PAY644b56b55e
ACC1ce37f43c0,PAY4028e975d0
ACC4846241a32,PAY43cb8602a7
ACC4846241a32,PY1d7fd32243
ACCae0c76c397,PAYaf7ad383a
ACCdd74777025,PAYdced8d6ee3
ACCdd74777025,PAYb8cf02563da
ACC59c6080f72,PAYe1903054d
ACC219f66377e,PAY7a6ceb14bb
ACC0149bd4176,PAY2fa3d69c45
ACC0149bd4176,PaY6e105add81
ACCbe6fbd788b,PAY4fcddb5612
ACC039caa3b08,PAYdc53408c69
ACC039caa3b08,PAYff23c145af
ACC7a8967ea4f,PAY0c57c406f8
ACC5b41e12f9e,PAY98dab806018
ACC5b41e12f9e,PAY338aa007fb
ACCfb09f48df4,PAY40e2aecbb4
ACCd7ec7df7be,PAY574A61b8e9
ACC4852230a90,PAY0ffc45380f
ACC4852230a90,PAYa20c97ac05
ACC18f6e8a7d1,PAY845152465f
ACCd770e5254e,PAY002678c73d
ACC6ce224f06b,PAY53e670375d
ACCba5f8cd93d,PAY4674caddc3
ACCba5f8cd93d,PAYf825f9f702
ACC1d9820ffa9,PAY5cbf0c86e5
ACC749040bf24,PAYdb720be364
ACC749040bf24,PAYaff9bf3fdf
ACC892ce6545a,PAY492df11fp1c
ACC892ce6545a,PAYf3bdb8f849
ACC73ec3bde4f,PAY6f831c4486
ACC1309aa832a,PAY580f6859d3
ACC1309aa832a,PAY397ccfbfe8
ACCc90b46c227,PAY11db7ff16e
ACCc90b46c227,PAYb153edb360
ACCb48fb41a80,PYA1331ecabaf
ACC63ce28b8b9,PtAY695a9d4d72
ACC63ce28b8b9,PAYab6e3b3d3e
ACCf1fadae85f,PAY44B38a5d95
ACCf1fadae85f,PAY98db6ca391
ACCbe620750b8,PAY0106af53f7
ACCbe620750b8,PAY9324ba02c9
ACC39a9a0cd75,PAYaf566cabe9
ACC39a9a0cd75,PA587e98c310
ACCfbfa7a81cc,PAYb1c1945a82
ACCfbfa7a81cc,PAY045e2f1245
ACC06d5c77df8,PAY2b8718cf42
ACC06d5c77df8,PAYf1e3218875
ACC156a158444,PAY8bfe1872c
ACC08c6933a80,PAY8ac1f50fe8
ACC0de8d31d5a,PAY4f63124x437
ACC0de8d31d5a,PAY84fa77f4f2
ACC9e4a437513,PAYd7db012606
ACC0f4fd0ed9d,PAYb3a77e4de7
ACC0f4fd0ed9d,PAY3dc9f7e22
ACCd1063e16f8,PAY07e318236c
ACCdee984dc02,PAY1257475d18
ACC2ce9c9893c,PAY2734e85701
ACC2ce9c9893c,PAY46652fd92d
ACC9bc27f52c4,PAY3efd0a87ef
ACC9bc27f52c4,PAYf01e9e253
ACC94a7649511,PAYd89d0b98c5
ACCc125566dfa,PAY6d1edfa17e
ACCb46a62a654,PAYeee91be76f
ACC76a89d343c,P0AY5a89e77d1c
ACC76a89d343c,PAY39a0aaeee
ACCbed7f73335,PAYd4366a46b0
ACC66bf9252cd,PAYc3c55bfc6e
ACC66bf9252cd,PAY643ff6c2bc
ACC6430004e45,PAYc7b9d1e2a1
ACC6430004e45,PAY1e881bb5f
ACCd2b479126f,PAYa144cea783
ACCd2b479126f,PAY065e3c609e
ACCd69981e899,PAYd383174e36
ACCd69981e899,PAY0ff2b6dd29
ACC2e70427810,PAY2ad04c849f
ACCf75ad57559,PAYe9319b4003
ACC712e3746dc,PAY1d8d3e745e
ACCc600aae7dc,PAYc560eafc2b
ACC920f5ab480,PAYc1ee0fa557
ACC920f5ab480,PAY30b32dc453
ACC1fc54ba440,PA1Y88e0eb565
ACC25ed344023,AY431d1b7f35
ACC25ed344023,PAYeb344f611c
ACC079ea6042a,PAYde4e174ebd
ACC079ea6042a,PAYce5f451ad1
ACC203ac84350,PAY7b6baf9c9c
ACC7e57c60511,PAY0760067b1f
ACC7e57c60511,PAY06b0df49571
ACC0f2f18daf0,PAYc35d9517b6
ACCba2286cc10,PAYf92f6e251e
ACCba2286cc10,PAYbc7c89c9cd
ACC934a267b2f,PAY273cbe5a4a
ACC61a33ab5ef,PAY59a09bdefa
ACC86e82d8e89,PAYc2714067d
ACC8239d7314f,PAY7f3bd3b5c
ACC8239d7314f,PAYf20a651bd
ACC9bdb194120,PAY36ec98x840a
ACC44ded35a23,PAY39433c1734
ACC44ded35a23,PAY76b70fk3de2
ACC46b09cd155,PY6089271cf4
ACC118b0cfdf9,PAYb4b383f2b
ACC118b0cfdf9,PAY1bf392fd35
ACC41b736a982,PAY23ce5a993e
ACC41b736a982,PAY40835cfd08
ACC3b730076a4,PAY92db9f265e
ACC3b730076a4,pAY5a47a006c0
ACC827b0d8d18,PAYab52090408
ACC827b0d8d18,PaY5a5941f610
ACCefce3d577d,PAY3c3144a2b8
ACC94a57688a8,PAY648c4ab735
ACC94a57688a8,PAYb112ddu72ea
ACC07ff658e37,PAYfff196ed35
ACCccc939ebfc,PAY166086ff9d
ACC3f77f7d49d,PAYb5e2371201
ACC3f77f7d49d,PAYb51d0de7bab
ACC4ec81407e7,PAY3773de7980
ACC4ec81407e7,PAYd39095aea0
ACC5ced1e6afb,PAYb2a2c939ea
ACC5ced1e6afb,PAY9ab51dcab7
ACC20969c502a,PAY34ad61bd8f
ACC7a036f0625,PAY42f4bcdb9d
ACC7a036f0625,PAY3be3f8abbd
ACC47534205f7,PAY5a27d6118
ACC47534205f7,PAY7b2a01d544
ACC1968ab4d25,PAY2824b5b51c
ACC2d5fdd088a,PAYb662071a06
ACC2d5fdd088a,PAY549fc625aa
ACCf3399e8a18,PAYa3620787a9
ACC76c3629f6e,PAYaf785c183f
ACC32de65765b,PAYa359a1af1d
ACC0d183d854c,PAY23f9617a8a
ACC77315f4a86,PAY9d2e1de0be
ACC77315f4a86,PAY68b983be0b
ACCeba59556ce,PAY64f0ed1622
ACCf855dfa1ef,PAY0447833bc9
ACC4a5f19aaf5,6PAYfe4ff0cae0
ACC4a5f19aaf5,PAY6693204388
ACC386ceaa28e,PAY1974f111d9
ACC64e0aeb4f7,PAY0e1142ab7f
ACCc87763fdaa,PAY32903b40d4
ACCc87763fdaa,PAY1fa478fb06
ACC04076d7959,PAY429f1d0dc3
ACC80fce9f4a8,PAYd17cab871e
ACCda46d3e051,PAY8e151993e9
ACCda46d3e051,PAYa035b7e99b
ACC416fa18279,PAY2269d39a07
ACC416fa18279,PAY7656b89663
ACC5d4366c391,PAYc698cf2485
ACCbd5f31058c,PAY48a5579048
ACC7267a34b80,PAYcc32767aec
ACC7267a34b80,PAY1d96967b1d
ACCfb7076f7a9,PAyb4d658c871
ACCfb7076f7a9,PAY6aq2ab40c91
ACCe77fbb9d87,PAYf20b1267a
ACCe77fbb9d87,PAYa78208fcf1
ACCa0cff8ce88,PYA89fc188aa4
ACC39b6df1537,PAYd40188793c
ACC8c24203bf5,PAY6a28198069
ACC8c24203bf5,PAY53cc221787
ACC2255ea8c2c,PAY038299e1ab
ACC2255ea8c2c,PAY23265ac2ae
ACCe3e2753c4c,PAY40a58a81157
ACCe3e2753c4c,PAY07364d7e55
ACCe281a15d02,PAY1938bd2e28
ACC6d3f262539,PAY1791e6a9f
ACCbf13beb9b0,PAYe3140c0adf
ACC592e9d43db,PAYc98464da5e
ACC592e9d43db,PAY3542b3d0b4
ACC790292354e,PAY06fb786d80
ACCe197b21464,PAYf7b9e2cd63
ACCe197b21464,PAY1dffe6651
ACC56217fe91a,PAYa0b7e3bce6
ACC5a52cf442c,PAY917830ccb2
ACCd330eea584,PAYad2ad66c49
ACCd330eea584,PAY9871d0562e
ACC69739e968a,PAY21a4619d95
ACC69739e968a,PAY7d6d462bac
ACCf79fa9c59b,PAYd00f0a0cd9
ACCf79fa9c59b,PAY70935f3ff1
ACC79f347f48b,PAY22664cfa21
ACC68cdf7c488,PAYd23d6088b8
ACCa97601010e,PAY3dcf2e2fae
ACC2c340c5018,PAY43277254c7
ACC2c340c5018,PAvY47cbe62639
ACC3efa8f0a8c,PAY235ddca10c8
ACC58a5073d18,PAYc27a65c57a
ACC58a5073d18,PAY16cb51c8ee
ACC89202aa955,PAYf719b18b85
ACC89202aa955,PAY55893b70b
ACCe73b471b30,PAY7addeEb462
ACCe73b471b30,PAsY7dd9d85c67
ACC09ee3d6243,PAYc7c4d6f1f9
ACC4a6bdc45cd,PAY7cdbfbf724
ACC4a6bdc45cd,PAYaa1d27ff7
ACCfbb8427130,PAY857ab02198
ACCcd00debb88,APY8e814965f1
ACCdefd6e602f,PAeY4387ae8a3
ACCcf417cc6a9,PA4Yb983f20ab
ACCcf417cc6a9,PAYc5721420a3
ACCaf31feca68,PaY50bcd70491
ACCaf31feca68,PAYc6e1e9bdde
ACC794c0657dd,PAY2eeff6052
ACC794c0657dd,PAY67480c4f6d
ACCb756efdeed,PAYf8efdd1e72
ACCb756efdeed,PAYa975e45334
ACCa5951dea76,PAYe8a62acf79
ACC488b999cd3,PAYd66d4e8daa
ACCd0de2e1044,PAY2f8d99c8b
ACC5d4ab86d7d,PAYb9cF118f32
ACCb9400222a4,PAY4c3b1a7ddd
ACCb9400222a4,PAYde4df4a827
ACC4fa790b6a7,PAYb75fec01b5
ACC4fa790b6a7,PAY50890d0dd5
ACC8064dc959d,PAY4ce9b0e876
ACCd46e39020d,PAY8ec3ce2742
ACCd46e39020d,PAY1eac5fcfc3
ACC4bfe734ce1,PAY29a6097975
ACC4bfe734ce1,PAYd68002987
ACCddee7f6ec0,PAY852f74af5d
ACCc5ad867612,PAY61d89702ca3
ACCc5ad867612,PAY886ebf15e6
ACC750246ed6b,PAYb61ff7f52b
ACCdde4a2b525,PAYe2c11922d3
ACCdde4a2b525,PAYe817d10a95
ACC42ce14acd5,PAY24dd7af4c6
ACC846a426538,vPAY6b7fc0625d
ACC846a426538,PAY6c92ab57a5
ACCe6f3d8d0f7,PAY2b1037c79a
ACC96de3748ff,PAYeb2ff1d767
ACC3482b5a89d,PAYeF9644a9d9
ACC3482b5a89d,PAY9b7ee1a989
ACCeda5354ce2,PaY534448e1a2
ACCeda5354ce2,PAY6982ta1557c
ACCeb0a4610d8,PAYu9ef59d51ff
ACCeb0a4610d8,PAYdB19af82c6
ACC26114d0671,PAY72aa422a52
ACC8490bb4f23,PAYe4fd447c09
ACC9844ff5ef5,PAY3817b2dfbb
ACC9844ff5ef5,PAYbe882d27c4
ACC1dd2669283,PAY154f1d9668
ACC1dd2669283,PAY2b00c9c761
ACC8a4422e159,PAYb44adf4f4e
ACC8a4422e159,PAY16cod0cd06e
ACC982c312736,PY7e5f48cce7
ACC982c312736,PAY61207A3825
ACCbaad39e2b8,PAY5a9f4f5f8f
ACCee650f4fa1,PAYc8dfe213e
ACCa7b36d4b8b,PAY5b2f0009fa
ACC310f025f9c,PAYc9003ad256
ACC310f025f9c,PAf3db213f9e
ACCca394e7995,PAYb0ef2d8941
ACC7bc5a22471,PAY594e704f06
ACC6bc067ca6b,PAYad5cfe3647
ACC0feee4aad7,PAY3dbc238c31
ACC0feee4aad7,PAY05e3345f1e
ACC0f0fbda7d0,PAY247c92fb0
ACC0f0fbda7d0,PA131a39f536
ACC5e5270cca5,PAY3a1e104ec4
ACC5e5270cca5,PAYc03bab63c7
ACC1c83bc5aed,PAYc16ad1efa2
ACC1c83bc5aed,PAY3ac657eds58
ACC06e2f61743,PAY6eee77145f
ACC419c624464,PAY9014f9e68c
ACC419c624464,PAYad20b4a9bf
ACCfd577b9dd3,PAY851267c496
ACCe5519abe36,PAYd6bbd1f09
ACCe5519abe36,PAYf7bd53c6bc
ACC3e3797dcb4,PAY5a00e32507
ACC3ebd810aa2,PaY85a132a1a4
ACCf5ffeaa91c,PA3c6f7c3fbd
ACC6fb80cf0b9,PAY5694ee3ea7
ACC6fb80cf0b9,PAYc9f300065
ACCa9f2993198,PAye71bb91a47
ACCb16c7d1c46,PAY58c2e9ce78
ACCb16c7d1c46,PAY15c5201154
ACC30ae6953fa,PAYf25818Edae
ACC5b138c2f6a,PAYbcd7f9d8a6
ACCe0ef501bfc,PAY08cae652a2
ACCe0ef501bfc,PAY46d01eec8e
ACCc6d330e624,PAYbaa180bca2
ACCc6d330e624,PAY439b47av4ee
ACC9877ea5a41,PAY92af440750
ACC7cba8e92a7,PAYbdbdf2a3cd
ACC7cba8e92a7,PAYcdad51c05e
ACC456333ae85,APY6e5247afe9
ACC2ca9a619ae,PAY55bb25666
ACC2ca9a619ae,PAY3eb1b4C44c
ACC5e4b0bef43,PAYd7b05b8468
ACC971b065ed5,PAY4f5b78000a
ACC971b065ed5,PAYa189ce15ed
ACC3f2d9adf4b,PAYe3ea096b6b
ACC3f2d9adf4b,PAY30f848u4ead
ACC015458cdfd,PAY7417c16c3a
ACC1d41bc5c8b,PAY4ecd77093b
ACC3d0409276e,PAYe3d5367c6c
ACC09ea8b33d0,PAY6168ac17bf
ACC09ea8b33d0,PAY6cbab275f8
ACC5c5df9e28c,PAYcf5fee19ee
ACC42aee367f3,PAYb486b76802
ACC42aee367f3,PA753980a579
ACCf303fe9931,PAY5201749c0
ACCf303fe9931,PAY0e9ea03efa
ACC08641b0304,PAY9c25adeac1
ACCdd745bcc63,PAYc44bbf3dd0
ACC6e2c5478b8,PAY757af8d4e0
ACC6e2c5478b8,PA8Y6890079a03
ACC82679da93c,PAYaa698f4dc6
ACC82679da93c,PAY219ad7c7bc
ACC79bd0963d2,PAYae0365c0b
ACC79bd0963d2,PAY170ae38fbb
ACC6c24b496d7,PAYcd39a9803b
ACC6c24b496d7,P1AYe3fcb93e9e
ACCd25151adfa,PAY7b50a7e9af
ACCd25151adfa,PAYf52d08444f
ACC23b335d003,PAYd7247e6766
ACCb2636be475,PAYc8772b357f
ACCb2636be475,PAY5c7cb5ddca
ACCdee3a616dc,PAYc08fb32873
ACC9a96f98566,PAY07482ad9ce3
ACC9a96f98566,PAY047acf54ff
ACC3d66ae147a,PAY35b4f480eb
ACC3d66ae147a,PAy2b44ae81f9
ACC5742403715,PAYe9ace5a1e4
ACC5742403715,PAY5067d3dad8
ACC2349834013,PAY254cc642c5
ACC498a468c2c,PAY2d130679bee
ACC498a468c2c,PAY45b45a0424
ACC4b3c2316dc,PAYe1a3575a03
ACCd68ad6b063,PAY8b3834406c
ACCd68ad6b063,PAY71a5ae55ee
ACC8331a84396,PAY9fa542117f
ACC55d0324d54,PAY32d4a0ca5
ACC55d0324d54,PAYc8a1fc090c
ACC87de9f1e5f,PAY0bcfa405ee
ACCba186575e1,aPAY78daba428d
ACCba186575e1,PAYad4679ecb7
ACCb12d1c7d54,PAY97993fffb1
ACCb12d1c7d54,PAYeffc652c49
ACC8d4a9def5c,PAY763feb2821
ACC024066376a,PAYjc5f6d3ffde
ACCc431f0f026,PAYd90fc28a1c
ACCc431f0f026,PAY5ad48dff72
ACCb78c586d3b,PAY35171595e1
ACCb78c586d3b,PAY5dc74fd80b
ACC505945e04f,PAYa67fb3e5945
ACC64095045dc,PAYb683953d83
ACC64095045dc,PAY7d1f63cb4c
ACCb9d932e9dd,PAY2ee7bc9548
ACCa8ef9a8b77,PAYda61ecb922
ACC930a6a18d5,PAY7ae34146f1
ACC930a6a18d5,PAY18292d4a5a
ACC59eed6b000,PAYff2c338196
ACC59eed6b000,PAYbb48478f6e
ACC0663056bfe,PAYc42a1554f9
ACC94dd413351,PAY6d9ca9j5d95
ACC94dd413351,AY44a914288d
ACCfb67cb3b96,PAY3b1f672l2a1
ACCfb67cb3b96,PAY95fcec7064
ACC626358ffe8,PAYc5face4bfd
ACC9e1428a908,PAY41fe8bcb58
ACCcaef1217e5,PAYff5adce10c
ACC7914fd5efe,PAY02f733ebd6
ACC7914fd5efe,PAY3c8ae2625
ACC0d17df35bf,PAY6d992b6fde
ACC0d17df35bf,pAYae43b96ca9
ACC618d7547c1,PAYa84a860bfe
ACC618d7547c1,PAY34fec4904a
ACC34b09a9944,PAYab5cc19630
ACC1cffa473eb,PAY9788e49542
ACC1cffa473eb,PAY0f355a5146
ACCfe0f786867,PYAd43034e1d4
ACCfda1adb3af,PAY1485d8f865
ACCfda1adb3af,PAY8ff8955fc3
ACC38ba2e16e2,PAYba2f5b6cdf
ACC7cd91e07e7,PAY8881d13e6d
ACCaf3cabfa99,PAY7280eb822e
ACCaf3cabfa99,PAY538a001A6b
ACCc23f3622c6,PAY4d441895083
ACCc23f3622c6,PAY227961f6d5
ACC68415c947b,PAY6dad090b09
ACC03d67f25e0,PAYf7e0ec5207
ACC03d67f25e0,PAYf10b391f9
ACC35b6255966,PAYf8f0055e35
ACCc1ab5abef4,PAYe5998e1fb7
ACCac8e2f5679,PAY0113525c3d
ACCe2227a9da8,PA5Yd5e346791
ACCe2227a9da8,PAY013c153ea5
ACC34dc732a66,PAYeb95f7051f
ACC34dc732a66,PAY67ce5f0e8
ACC9fe691d84d,PAYcb7714d3e9f
ACC9fe691d84d,PAY01f1dcea22
ACC6567fa045b,PAY164f4819b
ACC6567fa045b,PAY254569bd63
ACC03b206e0d8,PAY4c0952cca0
ACCef724c2453,PAY1de93ed824
ACCef724c2453,PAYa93018b05
ACC9d4551bdc8,PAYc1488e26e7
ACC9d4551bdc8,PAY090b8b1c5b
ACC2e6550cfe7,PAY0c0fF828fa
ACC2e6550cfe7,PAY098f838ba
ACCa7e91a3abf,P9AY61e49f7789
ACC6ac84f67a8,PAYd181a04711
ACC6ac84f67a8,PAY5623e4a9bc
ACCbf81acd8c8,PAY8fc17be2ef
ACCc3ff90521c,PAYda0f538536
ACCc3ff90521c,PAY579f738f3f
ACCf76ef3d278,PAY2da69bdaff
ACC54c79331ff,PAY1f58be7bea
ACC54c79331ff,PAy473ae3a89f
ACC7fa1afe2f7,PAY64aeb159bf
ACC0fd0f387c1,PAY0048e13e3a
ACC0fd0f387c1,AY8d2de629f5
ACC1b1ce0055e,PAY76d9e4baaa
ACC1b1ce0055e,PAYdc3cbdd2c7
ACCcbba06e8fc,PaY8d58a3d461
ACC966783fd2c,PAY15646583e7
ACC966783fd2c,PAY6bc9946cad
ACC4f5be94964,PAYe573ae7921
ACC33a5c65ba1,PAY7909065b20
ACC6efc65803d,PAY62bdbe6c77
ACC5ccc140206,PAY5557h1b126c
ACC5ccc140206,PAY5c4411704e
ACC66b1d374ed,PAYebae95a05n9
ACC66b1d374ed,PAYf75e0bd812
ACCe3b955859c,PAY00d59d7a06
ACCe3b955859c,PAY4Cb0515e70
ACC9223bc3d62,PAY5bca0d5434
ACC9223bc3d62,PAYc475baf2a4
ACC4bb5958227,PAY849268fd11
ACCdfa2919a75,lPAY68cca63285
ACCaa3cd42a72,PaY1a17249050
ACCaa3cd42a72,PAY10bed389d4
ACC5366088ab1,PAYd9f6190f00
ACC5366088ab1,PAY78b440f001
ACCb5be854e72,PAY83a215a472
ACCb1d1245f9f,PAY561968d548
ACCb1d1245f9f,PAYc17ad71229
ACC1cf9769731,PA7a144bc0e8
ACC4dc7ad212c,APY8d67b48eea
ACC4dc7ad212c,PAY8029f75b89
ACCf49575af7c,PAY9d79b1e44d
ACCa5aa23756d,PAYa16cf3eda2
ACCa5aa23756d,PAY21c1fa4965
ACC4c68d328cf,PAY3709eb1b83
ACC29c7a9afb3,PAY7e26bc2c02
ACC05bb610536,PAYeeec37b3a9
ACC05bb610536,PAY4ef674a2a2
ACCfc76d40a12,PA52bb9b02f1
ACCdeefcce556,PAY4e5f649f20
ACCdeefcce556,PAY1c77bf57b7
ACCd9de436478,nPAYccd92fc23c
ACC3ab72d059e,PAY6f7f953fb5
ACC3ab72d059e,PAY02599609c3
ACC568f869e61,PAY22366d9d2f6
ACCecbe445132,PAY86cac6fc6c
ACCecbe445132,PAY0bBabb8fcd
ACC385e2aca74,PAYdd33dc9371
ACCee56616034,PAY343ecdc72b
ACC5c7d6adbd5,PAYe179912af9
ACCd7afe442f7,PAY95118ca467
ACCd7afe442f7,PAYb96336b4e6
ACCd9119dc5d6,PAY83ac6783b2
ACCd9119dc5d6,PAY29a84d8242
ACCb8b8e39b93,PAYb8843846a7
ACCfbb1e89620,PAY9fe1cf981
ACCebf6d2a586,PAY1bdce33814
ACCebf6d2a586,PAY9b5818e1ee
ACCcc8d041901,PAY76a4008daa
ACC48f3103560,PAY7b3b6c1a79
ACC48f3103560,PAY15733a56b
ACCf3584db6b9,PAYd967261a01
ACCbd987b9dc1,PAYd80bfefrf61
ACC264dbd0bc2,PAY436d2be073
ACC264dbd0bc2,PAYc09dbade77
ACC470e897749,PAYa52ba3140e
ACC470e897749,PAYac18cdf85a
ACCb6c4dff3c5,PAY863eb9891b
ACC81c336ff9b,PAYfccn8ebcae2
ACC78c1b5c84d,PAY887064243
ACCdc4bf71c5b,PAY470f8154ma4
ACCdc4bf71c5b,PAY372525f335
ACCe29ed274a5,PAY16385c8afc
ACC3c21bdfe73,PAY9b7c58a23c
ACC3c21bdfe73,PAY36af6a6096
ACC65dae87e31,pAY6080026875
ACCceab3a2e0f,PA8Ybc3719d81
ACCdc07152d0e,PAYf0316d07b1
ACCdc07152d0e,PAY3407b473d3
ACCc17486007d,PAYde4934467b
ACCc17486007d,PAY49ba86db6f
ACC3360de367c,PAY8e86b997f
ACC77e8620764,PAY4ca82f0bf7
ACCbb8107b59d,PAY522593be9d
ACCbb8107b59d,PYA3d8d04d523
ACCc6ee54f192,PAYe497429fcc
ACCc6ee54f192,PAY6fe0191ce8
ACC07c2c97794,PAYa7e0a8df55
ACCe3c08fdaea,PAY9b635m3c449
ACCe3c08fdaea,PAYa01666dbb4
ACC45b785a545,PAY0a2a2723d1
ACCc6e7f97437,PAY2303bed210
ACCc6e7f97437,PAY79b79ma3f23
ACCfdfa22d011,PAY7755188842
ACCfdfa22d011,PAy512e5bce86
ACC52eab338f6,pAYe93ef1b7df
ACC52eab338f6,PAYa98592577D
ACCcee21552c9,PAYf62759d358
ACCcee21552c9,PAY7e7ah0366ee
ACC6e4eb3979a,PAY128b57ea4f
ACC6e4eb3979a,PAYfe302a1dce
ACCf5f2dc5f14,PAY524d08bc0f
ACCf5f2dc5f14,PAYfc72ba9e31
ACCc3fdba7907,PAYd626c9c6b1
ACCc3fdba7907,PAYdd927a8a91
ACCc9b9761713,PAY347e6f407a
ACCc9b9761713,PAY387cefcc29
ACC4f042506f0,PAY0b2daea1c3
ACC69d2f2d9c2,PAY5E57149bfa
ACC69d2f2d9c2,PAYaa57f01ed
ACC7a417185fb,PAYbf2e9e4f98
ACC7a417185fb,PAY1113cb8df3
ACC84240ce553,PAY78eb5a74a7
ACC84240ce553,PAY93ceca23f5
ACC18aed6dc52,PAYcdc32bb0ce
ACC18aed6dc52,PAY1Ca4eede10
ACC390f2a0307,PAY8341ea3be6
ACC314a21e980,PAY7afaecd68
ACC314a21e980,PAY25ca08a34a
ACC0a097734ac,PAY4d7ca12f5a
ACC0a097734ac,PAY8a91c5229
ACCb640ee9e3e,PAYbd2f969d0
ACC4bdc5363ac,PAY7a492ad9bb
ACC4bdc5363ac,PAY54e0474b3
ACC517ce6ba7f,PAYdc04bb176v2
ACC517ce6ba7f,PA8a13e6b017
ACC32b69b2972,PAYed2ee7b70
ACC80054cf38b,PAY4754516e0c
ACC80054cf38b,PAY47be752fd5
ACCe7c60799a4,PAY02c43533d5
ACCe7c60799a4,PAY34f226cc50
ACC3cfda5aa49,PAY05f359cd35
ACC3cfda5aa49,PAY14472274aa
ACCc7e6eb9d67,PAYbee0720f74
ACC156cd55fe8,APYffd5a7ecde
ACC156cd55fe8,PAYbde0e0afb6
ACC945c199cf1,PAY7f607A7758
ACC1b77d64a6b,PAY8ff6740e71
ACC2b50d1736d,PAY79174b9f71
ACC2e2cf67e3b,PAY0e29e008g0b
ACC27404c499a,PAY9664875af8
ACC27404c499a,PAY5fa19b9382
ACCc29a48ee6b,PAY091ee84ba8
ACC6fd753f761,PAY14f4b50821
ACC6fd753f761,PAY0839f9f94e
ACC442f1341c8,PAYdc23880315
ACC442f1341c8,AY477bec87a8
ACC48fe1858d6,PAYC005549421
ACC04e1e022aa,PYA4143e67a91
ACC04e1e022aa,PA2Yfc7489179
ACC2183662bae,PAYff7cc7c0da
ACC2183662bae,PAY41976efcf
ACC748e3dd5b6,PAY8ad4d04bf5
ACC0b42dc5c19,PAY2cb2a76dfe
ACC0b42dc5c19,PAY2927232790
ACC43b0dd76a0,PAYc014c3a7b7
ACC43b0dd76a0,PAY6893291ccbd
ACC01eeb16fec,PAY76340170bd
ACC01eeb16fec,PAYd9b8889C13
ACC4b00d14680,PAYe7d8395a24
ACC4b00d14680,PAY105ff0a04c
ACC6def64b811,PAYfb51f81390
ACC6def64b811,PAYe7b42944f3
ACCf729965965,PAYcb2812c783
ACCdc8068914b,PAY9c716qe6f76
ACC1860f0c55d,PAY0e8d34aecc
ACCa6a4e19642,PAY8b3c3e2913
ACC584e8bcd4b,PAYec7c950ccf
ACC584e8bcd4b,PAY20af9ef1cb
ACCac2dba86ba,PAY7df376b98d
ACC2e93a2dfb4,AYa3659b947c
ACC2a116e9c24,PAYadc9318deb
ACC9315f291be,PAY00f6f45f5c
ACC9315f291be,PAY96255977361
ACCa487c0fcb5,PAYb6Ba50df76
ACCf0472be445,PAY6b277b3791
ACCf0472be445,PAYb0e8f0c001
ACC49ca7fcdec,PAYdc7a293757
ACC49ca7fcdec,PAYc705fa721
ACCc68d52a6a7,PAY56d3628d6a
ACC99a7013e9a,PAY14ac518dbc
ACC99a7013e9a,PAY2992d60a1e
ACCf308fe9345,PAY2525e4fc38
ACC60c76773f9,PAY73f8d48bac
ACC60c76773f9,PAydd01196f41
ACCe90f996a03,PAY2c65983814
ACCe90f996a03,PAY5f8b9768fe7
ACCbf07bd2068,PAY3bb053d128
ACC33067e7d37,PYbf9906c0d3
ACC33067e7d37,PAYed1629ffge7
ACCa9ef7d295d,PAYd685640f77
ACC51298d46a9,PaAYdc6427393a
ACC51298d46a9,PAYe49c1f3t32c
ACC03399259d3,PAYbd3515af2
ACC03399259d3,PAY9744bb584b
ACCc6d8019451,PAYa68fba7dee
ACCe5a3995a92,PAYe6b14793f6
ACC92959234f7,PAY8fdc290e79
ACC2ac35c04d5,PAYfbce3da514
ACCfbb8eda846,PAY1dcc607c37
ACCfbb8eda846,PAYea555e0e0d
ACC48029a8261,PAY1614d68df0
ACC7bc49b7281,PAYdfe905c6ee
ACC7bc49b7281,PAY15ca05d1f
ACC25b0d36a52,PAY54ed9720c90
ACCa8be0a55c6,PAY079409307d
ACCa8be0a55c6,PAYd2b4621dibd
ACCad5cb78d1f,PAY0358accd6e
ACC2cb2fb6e9f,PAY46590ade08
ACCb596ab10d7,PAY03e259b41e
ACCb596ab10d7,PAY6987622020
ACC9f69db83a5,PAY56f6be71a5
ACC9f69db83a5,zPAYa3e184e420
ACCcf9c154a2f,PAYa17a31d04d
ACCb2ded3dd06,PAY849dd6f795
ACCb2ded3dd06,PAYca03aff699
ACCbb85aa248e,PAYa53323e391
ACCbb85aa248e,PAY7aefa0c208
ACC645f2e4e20,PAY00e5d58859
ACCf8a6fd3def,APYc1d8cabeab
ACCf8a6fd3def,PAY031a8bc07a
ACC6b604d824a,PAY1b3720afa9
ACC7d1f53d15f,PAY56f5fbf8f9
ACCc2e13a2520,PAYc9705d8f42
ACC972bf525b6,PAYf587ee3e2d
ACC972bf525b6,PAYbaf5ed0df9
ACCdb1acfaa7d,PAY1c33f493c2
ACCdb1acfaa7d,PAY6b2a00d6a9
ACC228fc70aab,PAYc6e107baf9
ACC0d65a0272c,PAYf4c1f36fq81
ACC2e7c41fb5e,PAY335006d66c
ACC2e7c41fb5e,PAY7d851e8cbc
ACC6ba2bd73e4,PAY76d40e017
ACCabf7ddaa86,PAY9b1691fd84
ACCabf7ddaa86,PAYe66085ba8
ACCf616f79dec,PA70b19cd7d0
ACCf616f79dec,PAlY7a9bddb9d2
ACCfc6f1b6921,PAY76c4053e8c
ACC48bfe47386,PAYc2ef3b4875
ACC48bfe47386,PAY2f7a338a34
ACC9a7e39fbf1,PAY2e3s35d1c6b
ACCc5b1e96001,PAY571522ea5c
ACCc5b1e96001,PA253e0e1f15
ACCdc43225532,PAYbc2dkb928d2
ACCa521038c8b,PgAYe6618ed609
ACC84b35291ce,PAY2f64f8f98a
ACC84b35291ce,PAY50cc4e7fpf2
ACC53f9bb2ddc,PAYa30407f4bf
ACC28d95a2a13,PAY01e278348c
ACC28d95a2a13,PAeY500fc0119e
ACC0f5faba0f2,PAYb9c28cee9d
ACC0f5faba0f2,PAYebf6ebc999
ACCd20a300e9f,PAYd4e7c9a842
ACC4819f1c05f,PAY01c8w5e944f
ACC4819f1c05f,PAY3b99144c9e
ACC7d0c2c52d8,PAY544fc12ec78
ACC7d0c2c52d8,PAY1b4fa231c2
ACCb08d1cdf51,PAY98c2579ef2
ACCdc5f638714,PAY56037cf445
ACCd7810b1364,PAY8d876be773
ACCd7810b1364,PAYa7a243a394
ACC530cd6a7d3,PAY534d5c611e
ACC33d05a4786,PAYdc3d016e70
ACC33d05a4786,PAY63178d3418
ACC2926ef2c34,PAY883b714917
ACC0c69ee8e3b,PAYafb2cc53e0
ACC0c69ee8e3b,PAY28z2270d418
ACCb9616867db,PAYe3d1edbf8a
ACC68c85918d6,PAY7d124890c0
ACCd103d79835,PAYab80845d7d
ACCd103d79835,PAY9aa4f0278d
ACC0780f3ad3a,PAY37517df02a
ACC28160c2ab8,PAYcc5cb8455e
ACC73531f3d6b,PAY8f328b9e3f
ACC3815601e19,PA67a1ceea86
ACC3815601e19,PAYcad3569feb8
ACCbf6285951d,PAY9c1314a2aa
ACCbf6285951d,PgAY0e13032081
ACC8169eff9ca,PqAYf471058840
ACC8169eff9ca,PAY41bf88bd7b
ACC47634fc388,PAYe56dcc3c8e
ACC47634fc388,PAY7338e911f3
ACC34bff191c0,PAYcf07e8d933
ACCa231c9e957,PA2c8af0a90c
ACC3075bd2138,PAYd621542df63
ACCd11ff22cdf,ePAY57b9f63edf
ACCf52c132ee9,PAYce9D62ae2e
ACCf52c132ee9,PAY805e2f4884
ACC2861c239d7,PAcY0b91497db
ACC8183993415,PAYef61c375a
ACCc5ab8856c7,PAY904eab5112
ACCb80f550264,PAYdef776553e
ACCb80f550264,PA43e09f3ec4
ACC923311df44,PAY856e471c8d
ACC079ae301ab,PAY5e0953a238
ACC079ae301ab,PAY5ad25dbfcf
ACC6df7f358a0,PAYc890efadb8
ACC6df7f358a0,PAY19f4152b67
ACCdf97c3b0e4,PAY95b4c09Cb0
ACCdf97c3b0e4,PAYc39f5d8620
ACCe2e02f913a,PAY7b1a5fc00b
ACCe2e02f913a,pAY09b5773d58
ACCdcb621e9c7,PAYbd2e949525
ACC0d857c4307,PAY28d62d5ca4
ACC0d857c4307,PAYda1c46c5b3
ACC1200792538,PAY6c41fcb039
ACC1200792538,PAY953004aa4
ACC84f6d98577,PAY3a7d35q4dc2
ACC84f6d98577,PAY571au98b5dd
ACC443d32729d,PAY2374c511f2
ACC5d98fa4a68,PAYa73a9c3376
ACCf9d402c6fe,PAY883d48b3b1
ACCf2f2fd601e,PAYa552a947c7
ACCc7d36a1643,PAY6bdef3cd2f
ACCc7d36a1643,PAYf8555aea76
ACC23fa7c0fbe,PAYacd15e96f9
ACC23fa7c0fbe,PAYe013cc807A
ACCbf44ec3b6e,PAYfeb7411407
ACCbf44ec3b6e,PAY9bf955243d
ACC258be3d9d8,PAYa3a4298ea4
ACC608b5ea080,PAY86b4fbe1bc
ACC3382dfb0f3,PAY7435336ba
ACC3382dfb0f3,PAY96am8c8687c
ACC7a543df363,PgAYc41a3be2f4
ACC2be8611de3,PAYa4398fe797
ACCe35095a408,PAY814840tb1d1
ACCa2107c0c3f,PAYe9a48e156c
ACCa2107c0c3f,PvAYe3ee94304a
ACC9fafff231f,APYe0f8c9168c
ACCe17dc153cf,PAY39fb3a0f3c
ACCe17dc153cf,PAYfe00158111
ACCbf52be677f,PAYc317267a55
ACCbf52be677f,PAYeff69d189
ACC1488d53d87,PAY372eea66c1
ACCe5347635d1,PAY166f72c713
ACCe5347635d1,PY42bd435f41
ACC547c471906,PAY98d4a348f5
ACCe210646b0c,PAY758b37602a
ACCe210646b0c,PAY36b95712a3
ACC76454e38f5,PAYb85140de83
ACCb5ef6a59a7,PAY9f3c9402ee
ACCb5ef6a59a7,APYd46711688a
ACCfd8e9afdcd,PAYf1f5d0f3fc
ACC76087992ce,PAY18dccc8787
ACC76087992ce,PAYaddw2d649df
ACC6b9660405f,PAY335c2588ea
ACC15ebb50ea3,PAYae11005089
ACC15ebb50ea3,PAY17f5139224
ACCa425b65e82,PAYfc94dd0c0b
ACC6701eaf972,PAYd4fd3f9b54
ACC6701eaf972,AYcdf80a34e4
ACCe525b46ac3,PAY48326304eb
ACC0ef6e21ca5,PAYfbf721ca26
ACC8cfca8f95f,PA4Yd61789b96
ACCa300204126,PAYa4c97c9264
ACC331cba9cfc,PAYa6ecb96672
ACC331cba9cfc,PAYe83a6aa16d
ACCe1ef15af3c,PAYb9f0fcad0e
ACCde4fdd9a38,PAYe91e90a045
ACCde4fdd9a38,PAY216db6Cb0a
ACC703a74bd8d,PA8d68fc1b59
ACC703a74bd8d,PAY2c3b008366
ACC18ea63b56b,PAYa5af90d4d8
ACC18ea63b56b,PAY41377655fe
ACC4379fbdd7a,PAY465860e616
ACC4379fbdd7a,PAY5271ad8501
ACC339baf0bf0,PAYe05122890e
ACCaa7bab46e8,PAYd23dd0d4d0
ACCa632af451d,PAYefc3efddb
ACCa632af451d,PAY43a456fd8
ACCe5a58ecfde,PAbc9de05db3
ACCe5a58ecfde,PAY2a0a393610
ACCbfcb568978,PAY7b6bcb8f9d
ACC331e3d823f,PAY5c75ba152a
ACC322d3746da,PAY4eaa6868d5
ACCf680063b91,PAY1322d09272
ACC0ab45fee41,PAYd44dfdbfa2
ACC0ab45fee41,PAY86ec74ed0f
ACC9000e864c9,PAY0022f5f026
ACC9b4595eac4,PAY2f8ebfbc59
ACCfda56aba45,PAY81f76fae47
ACCbc06c21d53,PAY655bca6d93
ACCca8f3e7e6e,PAYf1efc6edd10
ACCca8f3e7e6e,PAY3e74d2cb98
ACC6444877866,PAY5a46573f72
ACC63dbbf1a82,PAYbedce9b021
ACC86d2033afb,PAY67589a896f
ACC86d2033afb,PAYbcd4a982a87
ACC58e8512ad5,PAY27a1e60ac4
ACC58e8512ad5,PAY430ba5617c
ACC1c6d93c19e,PAYbb70707465
ACC72db8091ab,PAY630f58fe67
ACC9c9a8c7a10,PAY9d41a76c53
ACC9c9a8c7a10,PAY1fee79054sb
ACCd4a5a7c7d0,PAYbcbfcc5d1a
ACC46578b4abd,PAYb882a9440d
ACC4093dae6f9,PAYeb8fbc3e30
ACC4093dae6f9,PAY8d50b370bb
ACC21a1d80e71,PAYb2686d5ca
ACC21a1d80e71,PAY8d423e2726
ACC84a07243c6,PAYf2efa0ddf
ACC84a07243c6,PAY5eef401ae0
ACCd22a001d35,PAYaa93429c06
ACCdbc691dcda,PAY88c82bf1bb
ACC9cb259d11f,PAYa71eb0c378e
ACC5fecd03a80,PAY4b24350a8c
ACC5fecd03a80,PAYae383f7265
ACCda4b86b345,PAYec4f62e8bc
ACC21a54f4070,PAY38795k3f44b
ACC1240072fd9,PAY69c2e56755
ACC1240072fd9,PAfY9eff447b5a
ACCe4a79c4f42,PAYceb576437f
ACCe4a79c4f42,PAYfc2774fa2f
ACCe70971a146,PYd40913bd2f
ACCbc34f192fb,PAeY5074f6096
ACCbc34f192fb,PmAYa3544faa9e
ACC9069dd27d6,pAYf77addaadf
ACC51228b67ac,PAYbdbff1530
ACCcf267fc86e,PAY9ced95b431
ACC7c1bb6ca28,PAY6215b9acb6
ACCc9886bb8cd,PAYe7fd5d444f
ACCc9886bb8cd,PAY0661ea5611
ACC12ba5fee3b,PAYd703edabe2
ACC12ba5fee3b,PYd7beaab180
ACC77089d472a,PAYc3854715f7
ACC245e3702cf,PAYdb651f5e43
ACC1bd06dac09,PAY4f4383fc5
ACC1bd06dac09,PAYd74f4becbf
ACCe053a2bc49,PAYb094940c46
ACCe053a2bc49,PAY123a84a287
ACC490ae39f24,PAYf0dc86ae9c
ACC490ae39f24,PAY5a7c9fgc820
ACC3904bc3646,PAYc2fef07f94
ACC34d9b96872,PAbY027e3ff8d
ACC34d9b96872,PAY0bed0dc069
ACCf5fc1ff324,PAYfeaecd3680
ACCf5fc1ff324,PYe248380709
ACC6e6971a7b4,PAYb13fef9c21
ACC6e6971a7b4,PAYfda0123056
ACC134605e9d5,PAY14791f2775
ACC134605e9d5,PAYa2722360e2
ACC33b882999c,PAfY0ca61e3e1
ACC88298ee5b7,PAY9b01321fe
ACC88298ee5b7,PAYbd99b075b
ACC0b5fab2dfb,PAY4b532492c8
ACC369006da92,PAYa852e5bfd2
ACC369006da92,PAY21161e5bd
ACC3a7bfd932c,PAY80190baa0a
ACC3a7bfd932c,PAYa45ebdd737
ACCe2ca45958a,PAY2a6a600ca6
ACCec27dbdd27,PAY182c137c30
ACCb7ad48bfca,PAY288dn6fe604
ACCb7ad48bfca,PAYd1ffe26716
ACCbb67ee500d,PAY27d3cfcd6b
ACCbb67ee500d,PA0Y4790481d4
ACC2afe33c051,PAY85ea4a165d
ACC79d5d5380e,PAY7270cccEc4
ACC8a570662f9,PAY4833c1f4d8
ACCf2e66b293d,PAYf2786d96bb
ACC1d1a9b0385,PAY7e7e9531de
ACC1d1a9b0385,PAYbe7f8e92c5
ACC43bb30eeaf,PAYb8af23cc69
ACC43bb30eeaf,PAY2aeeaa098f
ACC15dc310f96,PaY622dd64cdd
ACCf8da7b78cf,PAYe8ac6325b
ACCf8da7b78cf,PAY912d08159b
ACC45b27d802e,PAYfbfa273d70
ACC632618b289,PAYeeb1Ba89e1
ACC0b9199fb0c,PAY7cc3162372
ACC1263b56bb5,PAY686030c898
ACC1263b56bb5,PAYc9d94e42a
ACC37183b882e,PAYdcb6997b23
ACC31e67b0ebc,PAY6b1d4c72f7
ACC31e67b0ebc,PAY4b9d00cf3
ACC78193ad682,PAY8f997cf496
ACC78193ad682,PAYe06b2e25b7
ACCfdecb338fa,PAY9671ef8dd8
ACC198b99b910,PAYa543b385dE
ACC198b99b910,PAY964b88135
ACC7f085147fe,PAY9d2875c112
ACC3689363209,PAY8b04b40598
ACC46c0c3c2a6,PAYa301ed4615
ACC397ee4b8be,PAYc0e955fbd60
ACCdc04ac6db0,PAY9fb89a4a73
ACCe23c90dcc9,PAiY8b446ede15
ACC20c8ac1d6a,PAY76b945bd9b
ACCf1f25dfc0b,PAY1d4969291d
ACC782f721bcb,PAY172e5d856e
ACCda6454ced0,PAy37307aa02f
ACCda6454ced0,PAYa8d340af6e
ACCd07360a68c,PAY776862524b
ACCa0fb72f9d5,PAY96086c3d93
ACC21ab909124,PAY5edf5a02e0
ACC0bf8f3fd78,PAY4846c4c2b0
ACC963fe9619d,PAYff5ad0616d
ACC46a6eec8f5,PAY0dd5a2f7a5
ACC46a6eec8f5,PA0Yeb44ffa71
ACCf0cfe4f19d,PAYedc10f1c12
ACCf0cfe4f19d,PAY66ie7ceaf5c
ACC9a4bc62016,PAY6feef83ee8
ACC9a4bc62016,PAYa884fb54eb9
ACC588231264a,AY9424972685
ACC19e1d92ced,PAY4bb1d3b807
ACC19e1d92ced,PAY9e50dd779f
ACC5acae6313f,PAY6dcde9ab73
ACC3386391bdd,PAY848166083b
ACC90534ecb8d,pAY6ac3df1026
ACC90534ecb8d,PAYe5cbb86df0
ACC0179bf1079,PAYa1bf44a514
ACCd61cf8b2f5,PAY3a555bc7ef
ACCd61cf8b2f5,PAY7a8e862a22
ACC2fa57c60f0,PAY2664081a0
ACC2fa57c60f0,PAY1e8771386cb
ACC9163d5a57b,PAY9fcebe895f
ACC80afb3c324,PAY07d1003233
ACC9c1c8d0993,PAYcedde96190
ACC9c1c8d0993,PA4Y66e1e5c738
ACCefab099373,PAY1f23e2efcD
ACCefab099373,PAY70d2ea8607
ACC34429b89dd,PAbdb5dd2a8c
ACC6226b70c3c,PAYecb3539741
ACCd4c694e927,PAy96c291445d
ACCd4c694e927,PAY2Bcce1458f
ACC59e7410425,PAY21655ca70
ACC59e7410425,PAYc01b95460
ACC1d717a8dd6,PAY5f27f56ae6
ACC40653611d0,PAY89ad029894
ACC2309aa7d65,PAYb5f30de310
ACC2309aa7d65,PAYaa27ab9ee1
ACC6091707385,PAY24023d8e34
ACCe2856d24c4,PAY280e46e368
ACCe2856d24c4,PAY5772f0b2d7
ACC32b0771d32,PAY567f07e61a
ACCa97a5c5800,AY80e1b0b778
ACC6b8f184409,PAY6c816464403
ACC737095b805,PAY728111aed3
ACC46faa98423,PAY9b0c7aa6f1
ACC0e9e0139e5,PAYecd8ec4673
ACC0e9e0139e5,PAYb1c9c0bff3
ACC479894f774,PAYdc47e0a884
ACC3a10b6cc1e,PAY52d0753287
ACCc7526a57b9,PAY2d38f24a64
ACCc7526a57b9,PAY803ae4cae39
ACC6be02c831d,PAYe7786d6241
ACCbcc133531d,PAYccd2744c8f
ACCf5122ff041,PAY3d18e1a4fe
ACCf5122ff041,PAYb0f9873d59
ACC6fda51aa12,PAYb4097c2a78
ACC6fda51aa12,PAY8e1224ccf8
ACCaf3baefdfb,PAY499d2adf33
ACCaf3baefdfb,PAY036ce873a4
ACCecd5124747,PAYfd19764aec
ACCeca59cc04c,PAY84cab4c1f2
ACCeca59cc04c,PAYa88e3d9f3b
ACC262d65ee98,PAYbdd26e8a52
ACC262d65ee98,PAY268149afa7
ACCe3021bd0b6,PAYc70d8fc371
ACC1da28c2538,PA3b9cc07d78
ACCce493c799a,PAYf53193e0Ec
ACCce493c799a,PAYde1ab0f23b
ACC3734c0c6cb,PAY137652a6f1
ACC3734c0c6cb,PAY2f51b006b9
ACC2d03ad3908,PAY0097240591
ACCed77bd05da,PAYfaf949b77f
ACCed77bd05da,PAY897bf065af
ACC160fc2b199,PAYo7e3b81a22d
ACC160fc2b199,bPAYc5b20d54a9
ACCf45a608859,PAY30dc90768
ACCbc03aec1e0,PAYc0748b155f
ACCbc03aec1e0,PAY6858442d10
ACC3a5b1212a1,PAY4f949da33
ACCbb43b1f975,PAYe464c78e6a
ACCbb43b1f975,PAY9B34b02e07
ACC953887bb8e,PAYbd6576c3a8
ACCd8adb3ee4d,PAY2e317530df
ACC1685d05cb2,PAYb058ed6c7a
ACC1685d05cb2,PaY2ada573552
ACC60de8ead9e,PAY1a6962e69
ACCbf13ba248b,PAYae0b947710
ACC270df6d743,PAY22caf1d0b
ACC270df6d743,PAY4b1cdba7fe
ACC745a8b21b7,PAY6a504d7011
ACC745a8b21b7,PAYcf39885f6
ACC9197f264b7,PAY9f6b5074a7
ACCe8f9f91087,PAyb02350ff7a
ACCe8f9f91087,PAYc7a502ac15
ACCae98c437be,PAY38ed0d2eib1
ACCae98c437be,PAY5335f9rfd2a
ACCf29f110625,PAY8fcefd4374
ACCf29f110625,PAYdccbEc978f
ACCcd1cd3d70b,PAY0ae6e7a9a
ACC1e2d2d4bdb,PAYb5139359e4
ACC1e2d2d4bdb,PAYa8ad0692d8
ACCbfc5830c7c,PAYecFccdd2f9
ACCfb9a7226d5,PAY679a23bb6e
ACCfb9a7226d5,PAYd5002b2105
ACC4b0a242e62,PAYa2864159ac
ACC4b0a242e62,PAY28a505f524
ACC576d06d75d,PAY678c07da50
ACC576d06d75d,PAY8f6ffe2e63
ACCebd75813fa,PAY0f94793ad8
ACCebd75813fa,PAYcf5f48208
ACC78ce135b73,PAY371448ad27
ACC15fcbc9c09,PAY1a12a1eef4
ACC4d9fcc6a39,PAY08c9bf1bce
ACCa79d1080f5,PAY8e00b1741a
ACCa79d1080f5,PAY6141cf9907
ACCde0748b49f,PAYacd89f81ce
ACCd965f4d5ea,PAYd74d1c58b3
ACCd965f4d5ea,PAY92e5489851
ACCb456d697b2,PAYe7551cac56
ACCa83856a1e4,PAY7795f8e5m1b
ACCa83856a1e4,PAY2e17fc1944
ACC90a9d6cac3,PAY5a1ab0aaA6
ACC90a9d6cac3,PzAY5e69c03a0b
ACC51fc2551ae,PAYd45b95bfcc
ACC5ec9b9282e,PAY9d181f4934
ACC5ec9b9282e,PAY71379036f
ACCa6731887cf,PAYad2db314aa
ACCa6731887cf,PAYb0a5019922
ACC60adef38d0,PAYd738be7aa2
ACC2bc03eca98,PAY00119dae69
ACC2a80ae1a19,PAYfc03ac78c9
ACC2a80ae1a19,PAY34398bcda0
ACC7e7a018e9b,PAyda2cc7a01e
ACC7e7a018e9b,PAYa6f72v6116a
ACC0b91696b5a,PAY56ecffe812
ACC87a3583516,PAYc8cb148224
ACC4e725f379e,PAY4f7f02c82x3
ACC6299e3bd4d,PAY01fa06fcd0
ACC6299e3bd4d,PAYcdc905f7eb
ACC7c205d0790,PAYc83ec21a7b
ACC0e43f97115,PAY00f4fb02bb
ACC012a722724,PAY311cd6d254
ACC012a722724,APY56769a321f
ACCcf34816e37,PAY4c06810ee6
ACCcf34816e37,PAYdafb7322cf
ACC717bb679e4,PAYa1ca08c4bd
ACC717bb679e4,PY7498e8ad7d
ACCc4bdb33b27,PAY193a837c5a
ACCc4bdb33b27,PAY51eabe81b7
ACC2727d51058,PAY2fff162c09
ACC57d616a0a8,APYe73ef1b46e
ACCe9a36c3b43,PAYdabca8748d
ACCfdcf5f3d2b,PAY11f6b52f74
ACCfdcf5f3d2b,PAYa60dbae5db
ACC7045b3371f,PAY558704f1da
ACC834e1038e9,pAY3b6e8e7a99
ACC8d8a16762f,PAY28e7ba7D06
ACC5fe1ec19dc,PAYb76b79a436
ACC5fe1ec19dc,PAYd0b6674723
ACC5970b30945,PAY2b44e54874
ACC5970b30945,PAYb79d54df1b
ACC942d06da4e,PAYdb3f152077
ACC942d06da4e,PAYd10a0d58l04
ACC55dd8e5ef0,PAY292640660
ACC55dd8e5ef0,PAYb680cede9d
ACC2ab813585d,PAYde0cb7c5a
ACC2ab813585d,PAY9eb2af0dbd
ACCf211c99783,AY81ea2a55c8
ACC9ab9b92fa6,pAY447e7b2c63
ACC9ab9b92fa6,PAY650bf8492C
ACCd4bce1304f,PAYd5e51a3bb9
ACCd4bce1304f,PAY3592005bba
ACC33c530209f,PAYcc6f5ece08
ACC0185c77188,PAY2272b97644
ACCd7e023c746,PAY60b0240b64
ACC9ff63c35d2,PAYee91b22d05
ACC9ff63c35d2,PAY89bf7ac40
ACC87812c0921,PAYe8fbafac0d
ACC87812c0921,PAY4c5874a026
ACC591919396a,PAYe7936d912
ACC591919396a,PAY4cdi9d83e92
ACC09c4c404b1,PAYcf60b06140
ACCd078c93622,PAYdfa5c60cb
ACCd078c93622,PAYb202cf9bfe
ACCe259504d1e,PAYf56399055a
ACC141ba6f780,PAYd212aa628
ACC141ba6f780,PAY8a320abe53
ACC457a8a8275,PAY63243bb3dd
ACC457a8a8275,PAY9ecc735fe2
ACCf3be80ecd9,PAY4cF76443bd
ACCd9c3f91859,PAYeb414f30eb
ACCd9c3f91859,PAY460e315832
ACC4b4ef32856,PAY6f88a38Ba1
ACC4b4ef32856,PAY8292b795f3
ACC1289688a29,PAY4baf1ecaed
ACC06d12b96c2,PAY9d7ab3725a7
ACCcb8879ceed,PAYf600750364
ACCcb8879ceed,PAYa3cd47b5d1
ACC22099aa093,PAY8e1b8ee8e9
ACC047a67fd9b,PAY192e5765a6
ACC496b00912a,PAY51b833af59
ACC6d74b9e042,PAYdf01f0db42
ACC6d74b9e042,PAY8fc6f3950d
ACC222df35d05,PAY2344df72ac
ACC222df35d05,PAYalbe6866948
ACC94e63f0c2a,PAY459a0d9b04
ACCc779e5074d,PAY106724d611
ACCc779e5074d,PAY1a09344a6f
ACC6fc9673836,PAY7345c6e328
ACC6fc9673836,PYA6e40bb9294
ACC66540d17b6,PAYf680004fcf
ACC66540d17b6,PAY0724f62bda
ACC4b122e019a,PAY0a71cc21ca
ACCe91e4514b7,PAY43c6321885
ACC0fb4fa6008,PAYac01f701c1
ACC60f12302ea,PAYb0907acd1d
ACC60f12302ea,PAY68dc27e89c
ACCa5b8330b6e,PAYdf44fa68c0
ACCa5b8330b6e,PAY4c9ae5e36de
ACCb6141c71f5,PAY0cca13f096
ACC2ddd969a1a,PAYe4109ce805
ACCf92cfb3ffd,PAY7ab9bbaC2d
ACC887eaab9db,PAY9e14af20c9
ACC887eaab9db,PAY84b9dc845a
ACC5239c98eb8,PAY31651b255c
ACC4d3ca786ba,PAaYed213d1a1
ACC5532777e90,PAY159a356a6a
ACC41f7ce6edf,PAY6082862942
ACC41f7ce6edf,PAYf5b7ac43e1
ACCc0a4ae6b99,PAY70f246e2f2
ACC914c1e8639,PAY7d5b4069f8
ACCe6e8a14648,PAYc106a5f0e
ACCe6e8a14648,PAYb7adff281d
ACC32092c1ffd,PAY94bad3a310
ACC32092c1ffd,PAYf1101d1291
ACC60490c9f56,PAY5d22424d93
ACC60490c9f56,PAY1588416bb6
ACC2c24a336e1,PAYb416d1fdec
ACC2c24a336e1,PAY99ef7882tf8
ACC487e415476,PcAY4181d335ec
ACCea226cc9ea,PAY4229c81a431
ACC343a91a0ce,PAY47ca14b556
ACC4bb69f4e29,PAY7f86B62659
ACC84aec5c965,PAY9a62957cf6
ACCd98361b315,PAYf59a1fd31e
ACCd98361b315,PAY0a57234c28
ACCc4a541ec8b,PAY07D6b72608
ACCdc97d810d1,PAY65133fc11d
ACC1dc617534f,PAYdccec4ad0e
ACC1dc617534f,PAYef59e63134
ACC3232dcfe41,PAY17affa2a8
ACC3232dcfe41,PAYc7006fff9b
ACCfcbd9503e1,PAY19530e84d8
ACCa74d7b7696,PAY61cc321e08
ACCe3eac0cef8,PAY5a0e0a941a
ACCffdf0c3f5f,PAYbaaad3cb78
ACCbe9b8c3046,PAy4b0a34ce12
ACCbe9b8c3046,PAYe1d4e04729
ACC81dafe0d78,PAY353ec98edf
ACCb61c97d35d,PAY3f91f91d0
ACC661528acd4,PAY22663fjf2ec
ACC661528acd4,PAYeb233d9e4e
ACC3bc143b4ee,PAY3148ff196
ACC0a64a9e599,PAY23f8f37Ec7
ACCa4559b8763,PAYd43b56eb7c
ACC654ce990df,PAY9869bbee01
ACC654ce990df,PAYdd12725ce3
ACCb56280a207,PAY18e2a31bf4
ACC06e0a6e2c8,PAY0ad2ad3a43
ACCcf525bafd9,PAYc1ea235fa8
ACC20c20c95b6,PAY30d9e4078d
ACC305caf3493,PAY80c9ba74fb
ACC018e4473d6,PAY9f52db496a
ACC018e4473d6,PA7Yacc3ef6f39
ACC7103c55b5a,PAY796eafd4ee
ACC7103c55b5a,PAYa4db964b19
ACC28e0eb6ce6,PAY1dd7511010
ACC28e0eb6ce6,PAYa2ddaffe3a
ACCf8db9b6b63,PAY9bceb473e4
ACC62ae3c37a8,PAY3ca9b8e244
ACC254b35f8f2,PAY02563de7d4
ACCdffe2e42ac,PAY484d4c22af
ACCb51f178718,PAYe438e413d2
ACCaba7c9c6f5,PAY2d2e90ef14
ACC1fbc12edd2,PAYfc8cd9eb9
ACC1fbc12edd2,PAY99146101b1
ACCa35f90f4ee,PAYb5b8f7a160
ACC4f24a8d6c9,PAYe9bd496ff2
ACC1e4d3ac742,PAY0e924982bd
ACC33c64c14ab,lPAYb5649c2e80
ACC33c64c14ab,PAYdf3098f403
ACC5a5c39d5c2,PAY3e9583e4fb
ACC1d61cbc67b,PAY22ad92a7b0
ACC1d61cbc67b,PAY90bcbcdc19
ACC806b41b858,PAY296f977f69
ACC18cab74ce0,PAY27ce0bc5b19
ACC84628800d1,PAY96d61728613
ACC84628800d1,PAY743cde4e9
ACCf09941d1c9,PAYdc38f1865d
ACCf09941d1c9,PAY8d03ad7128
ACCc13e7d2d16,PAYbf25484feb
ACC2f7a0cc087,PAY41393ed7a8
ACC2f7a0cc087,PAYcf8f4f3951
ACCee730cc237,PAYffdb88621e
ACCee730cc237,PAYc43dd48dc5
ACCd63be95c46,PAyYd8e89e494c
ACCd63be95c46,PAYcbebb7cba7
ACC06cd14b77f,PAY06f2f32698a
ACC61979e1908,PAY0e732fae28
ACC61979e1908,PAY8544875327
ACC8e2cc75940,PAYb78ed18556
ACC5fd58ac573,PAY101cda4fc6
ACC5fd58ac573,PAYe14bdd4745
ACCb29bedb262,PAYf8dfdf84e4
ACCb29bedb262,PAYc1e5120fdb
ACCe8780143f7,PAYbdf44e676
ACC83888f2aad,PAYd118fba05
ACC83888f2aad,PAY1ab1d4bef0
ACCd8cc7ddae0,0PAYe0aa573412
ACC8b845f3ded,PAY5e94c1e739
ACC588f1b7cb7,PAY0ddec3e467
ACC588f1b7cb7,PAY4506b91d70
ACC96c931ab5d,PAYc673cb6555
ACC96c931ab5d,PAYe798c90839
ACC6471025826,PAY507a075f1a
ACC6471025826,PAY68cbfbc23c
ACCcf89cc6f31,PAY9a2084e9b35
ACC3fed9a34ff,PAY0da3ee08c2
ACCfde90e640a,PAYffd3554cfc
ACCfde90e640a,PAY5ce7c32923
ACC48978bc13a,PAY649ca4abad
ACC48978bc13a,PAY564c61eb4d
ACC2373ebeb61,PAY6277454ce6
ACC2373ebeb61,PAY3ca6848c5d
ACCce357fa1c8,PAY122bdc27c3
ACC1bf99e62b3,PAY57ee72f9d7
ACC04371b4ec2,PAY40891d40a
ACC04371b4ec2,PAYc61a1aba1c
ACCb9b5e5293b,PAY01e33e63a7
ACCb9b5e5293b,PAY85bba05a34
ACC1447fd20b8,PAY57935dfa68
ACCa87ba21e53,PAYc10586a302
ACC8ee4aa6eec,PAY6a8984c055
ACC8ee4aa6eec,PY3b4defa569
ACCef0e7e233c,PAY94e20c4268
ACCef0e7e233c,PAY7d447cefc
ACC397133b9f2,PAY6f2cf38dcde
ACC397133b9f2,PAY52cb855f25
ACC450df3ff69,PAY2098ec42ce
ACC450df3ff69,PAY47ea341eb4
ACC3d3c28f829,PAY4d3baddd19
ACCe72b598108,PAY065a10482a
ACC87d77653b3,PAYc18aqa1895e
ACC87d77653b3,PAY4f4d693cb0
ACC57640a6153,PAY8369779879
ACCbffc17c127,PAY2049966c0e
ACCbffc17c127,PAYf4e551bf8c
ACC3ef8cf83d9,PAYcf5d1913c9
ACCb59f8c890e,PAY2fd6e06621
ACCb59f8c890e,PAY8204e3b806
ACCcc4a2970cc,PAY1e103ca7b9
ACCfe4a336da8,PAY934060c1ef
ACCfe4a336da8,PAYd214a49ffd
ACC947c3c4c67,PAY6f9a30a8ca
ACC947c3c4c67,PAY617b8945e
ACC0134db948a,PAY0bbb104762
ACC0134db948a,PAY78a75aeae9
ACC86a0868489,PAY3ae54c29a7
ACC053e5a004f,PAY4b1b08177b
ACC6e983e4e37,PAY43b894b34f
ACC6e983e4e37,PAY2e924d1de4
ACC22120b7c87,PAY782ff48bb2b
ACC22120b7c87,PAY6788723dc8
ACCdd00834b1f,PAY2ada7b224
ACCdd00834b1f,PAY19446b12d4
ACC902a7e2e4a,PAYcf1ee10cava
ACC902a7e2e4a,PAY6c54199254
ACC3a7493d6d8,APY3dd4748c43
ACC1d54f02069,PAYdab630748c
ACCbb4f5cbd30,PAY14ffbbae0
ACCb3b19dd90a,PAY378a3e8df6
ACCb3b19dd90a,PAYe48804c8e2
ACCa1dbe6f1a9,PAY1acaa51859
ACCa1dbe6f1a9,PAY84bf276688
ACC61a4cc439f,PAY8c3ccf34ee
ACC88730182b5,PAY3fe602f7bf
ACC1dc778b44f,PAYb7ef91f150
ACC1dc778b44f,PAY0a2c89479d
ACC9df009fc92,PAYfbe5b81654
ACC40fcfd214c,PAYf5457a64ad
ACC40fcfd214c,PAY03a8a69615
ACC68128868ef,PAYdff02e781d
ACC763269ce23,PAY115fd782e1
ACC763269ce23,PAYab6ac4aaba
ACC8f3ed6fe4b,PAYca0dd00ba93
ACC4a777f6b2d,PAY33c4268e59
ACC4a777f6b2d,PAYap46b5cdd2b
ACCb50f8508b8,PAYdcdfb2fb64
ACCb50f8508b8,APYfc1745ed72
ACCeea1c8b972,PAYfc5668e4bf
ACCeea1c8b972,PAYce3f10e989
ACC3c87390b8f,PAY436cfca0d1
ACC88c6f252e6,PYA0e8e223e7e
ACC88c6f252e6,PAY9c751e3444
ACCeff916f9c3,PAYb3c7591a7
ACCce057b0fd9,PAY54959f27e4
ACCce057b0fd9,PYf1d9573949
ACC9aee085e93,PAY72dd301dd9b
ACCdbdba0448d,PAY4be9e40011
ACCcb183ed0bd,PAYd50b2952k3a
ACCcb183ed0bd,PAY5036fb966f
ACC52c8842b73,PAYbb3e9b8m13d
ACC52c8842b73,PAY0364eab789d
ACC53713a5f63,PAY8dca88000a
ACC53713a5f63,PAY20834b3868
ACC8aece9a9c3,PAY66154e856
ACC8aece9a9c3,PAYb784885769
ACC374eac4d0b,APY16190ec5da
ACC374eac4d0b,PAY49fcf1328
ACC855b8f2261,PAYd19cbdf3fa
ACC855b8f2261,PAY49628d8260
ACC599f4d12cb,PAYf9779c7b59
ACC599f4d12cb,PAY4d0e5448e9
ACCd4e8518c06,PAY82818cebd0
ACCd4e8518c06,PAf252d61102
ACCaa381ada8a,PAY778e8fae09
ACCaa381ada8a,PAY1c1b6fa546
ACC60a9fb6ff1,PAYdde268f65b
ACC60a9fb6ff1,PAYa1992Ff364
ACCe295c2f260,PAY5af1346e1
ACCbab168c5b4,PAY89fafda81d
ACC2c2e2e5c70,PA5Y96913b76d
ACC2c2e2e5c70,PAY7dd5be5f32
ACCec9b2e78bb,PAY73cae2eea39
ACCec9b2e78bb,PAYaf7f999173
ACC31ba9ac843,PAY36c04055ac
ACC31ba9ac843,PAY3235eac315
ACC84487c809d,PAY81d4abf6258
ACC84487c809d,PAYf21bbc0df3
ACC993674cf87,PAYf11b86bd78
ACC43354a2e1f,PAY84146d9d63
ACCee67613ab6,PAY30b7c7b7ce2
ACCfa907ae1ab,PAYf82d3A3ef7
ACCa52b58fbbe,PAYcb48b95575
ACCa52b58fbbe,PAY0f4ea33a29
ACC59a7a83152,PAYd9cacdf213
ACC59a7a83152,PAdYec08e8c420
ACC93fb80a674,PAY6594b66f51
ACC93fb80a674,PAY047cfab37a
ACC2c9d1c9817,pAY032362555e
ACC2c9d1c9817,PAY64Cf3312a5
ACC9f45c9ed2e,aPAY65a9f34b8c
ACC5085f052d8,PAY3dcf093678
ACC5085f052d8,PAY9a6a3b2504
ACCaf23d28549,PAYa19f3d7ab6
ACC550ba0cd95,PAYfaf79010a5
ACCb4b8737f0b,PAYe84cdc7c69
ACCb4b8737f0b,PAYd289b48096
ACC78731e59f3,PAYa382f4e10b
ACC3043343ec8,PAY7o557fa3c76
ACC3043343ec8,PAY38bc0739937
ACC3551e4355d,PAYc6b96c213b
ACC3551e4355d,PAY6a5ea8b6d7
ACC68e57f5c76,PA08fc04717e
ACC68e57f5c76,PAYd90f00347f
ACCbddb541d4b,PAYb309287489
ACC90da274b22,PAYda35f54bfcd
ACC90da274b22,PAY6124901b0b
ACC9bcf3fdd8b,PAY600f91ee63
ACCff5667034a,PAYf932c426b6
ACC6f09307882,PAYac2188bd47
ACC6f09307882,PAYfd43155803
ACCac116eee6f,PAY4f6d1caecd
ACCac116eee6f,PAYbaef426d17
ACC114c058d66,PAY8912b44351
ACC114c058d66,PAY4dfbf161c1
ACC08a61828d6,PAYebdf2bbb44
ACC08a61828d6,PaYff96cee4d0
ACCe43d209746,PAY9552975b0b
ACCe43d209746,PAYf89eb86259
ACC7eccaca4f1,PAYe80b7bd3a2f
ACC44efd83732,PAY43feu88418f
ACC44efd83732,PAY63022ddb1d
ACCdfdb555234,pAY8c520dc99d
ACC0aba62a0e6,PAY2909f1579e
ACC0aba62a0e6,PAY60d0ffq8446
ACC91b608e4c0,PAYeeea64b9d1
ACC187518a8bf,PAYd28dd6b34
ACC187518a8bf,PAYf08ed3b90f
ACCa041596e5a,PAY9d7fb52958
ACCe664546663,PAY2f76276b67
ACCa7ebf6479e,PAYa204b2c92b
ACCc116ca1dff,PAY3ca467bff8
ACCe624ab7923,PAYe07cd39da0
ACCe170ce77a4,PAc38e1c951d
ACCe170ce77a4,PAYf99c997a7e
ACC49220777b1,PY04cad5c24d
ACCf6aca6ead9,PAY6634dff9c5
ACCf6aca6ead9,PAYa5202904bc
ACC49327e0cbf,PAY4ebf01464b
ACC4d70cd187b,PAYaef0d7c259
ACCe5e67aa469,PAY9e8d26fb13
ACCe5e67aa469,PAYbbb18ad7ac
ACCda45a3164e,PAYac6d2be2cd
ACCda45a3164e,PAYdfe51e793dd
ACCca46315ba1,PAY73cf4e8941
ACCa7f06e4680,PAYa9b5ea345b
ACC4398fb7ae3,PAYd2519caee
ACC4398fb7ae3,PAY166b3b829a
ACCf84256596d,PAY22907e6853
ACCf84256596d,PAY7e5381d6608
ACC551204cf3d,AY64c301778e
ACC830f9fb0da,PAYd13751dc66
ACCdbf855aecb,PAYc93dc9aa62
ACCe478d79cc8,PAY56c2652460
ACC2edd46bbd9,PAY42fc505a52
ACCd59cc3fe57,PAY42a0fa4b0c
ACCd59cc3fe57,PAYd2c8af8425
ACC652f12c5b9,PAY4e867f65e8
ACC652f12c5b9,PAY4f828a4c2b
ACC772f6ac07f,PAY4b67a7e53a
ACC772f6ac07f,PxAY545c202f76
ACCc5a32761ae,PAYb9762e00c2
ACCc5a32761ae,PAYd29ed76Cf5
ACCf1d9abf63f,PAYb55791d23b
ACC7a5c5e1ce9,PAY964e4112a0
ACC38da40c216,PAY3420ad077b
ACC06367616d3,PAY5ae81497wd9
ACC06367616d3,PAYee90daf7be
ACC6fdc25e779,PAYd7be195a41
ACC6fdc25e779,PAYc0d7884cac
ACCa950a670eb,PAY97ce279dd0
ACCa950a670eb,PAYe86ff793f8
ACC84bbd1e37e,PAY3ff49c0d6c
ACCe456441036,PAYb3b1d41736
ACC390d6af038,PAY62c231f8c4
ACC19e96efeba,PAY7193265cef
ACCc62124c0d6,PA57c721f256
ACCfb183c6705,PAY2ff6ad96aw5
ACCfb183c6705,PAYa5f231f8e9
ACC6a56405cf3,PAY2896ffc690
ACC69f6bb4b0e,AY9e4def666c
ACC69f6bb4b0e,PAY10593b6e30
ACCa6b8cc4370,PAYd8df01ce57
ACCc0465cc0a9,PAY174e2d5d34
ACCc0465cc0a9,PAYd62b98f342
ACC0df6e8d111,PAY0b75d4a9da
ACC0df6e8d111,PAY6cd66fea4c
ACC25cfdcf8dd,PAYcfdd56541
ACC25cfdcf8dd,PAYff085d82a7
ACC90a43464ff,PAY325db51b74
ACC5bb6852824,PAY96fa6257c5
ACC5bb6852824,PAYba478a7e7f
ACC9ce85ab937,PAY629604a616
ACC74b9cc5f86,PAdb7d06015b
ACC4a25ef90b1,PAYb332c0a0d5
ACC45d1e65031,PAYdb5557746c
ACCe3370040f5,PAYbd8d3800f4
ACC2fa01b03c7,PAYb23ab30535
ACC02e563d0e0,PAY9497adce76
ACC02e563d0e0,PAY6843f99cd6
ACCf4b5902d4f,PAYe70003f300
ACC1faaad1b60,PAYa37787d5a2
ACC0daa7dec18,PAY0eBb5419fc
ACC7739709f74,PAY88efd3b5b
ACC2a90e3a0ff,PAYeaf713992d
ACC2a90e3a0ff,PAY3e7ef376d3
ACC50b012052b,PAYd7cf118d53
ACC50b012052b,PAY7dfbc4ae3
ACC109b7ba1b3,PAY34f95bb205
ACC109b7ba1b3,PAY1a50c1659e0
ACC163a440140,PAYb7f971f5d5
ACCcf86cf6f73,PaYedea74ef00
ACC60f8bcd694,PAY0ba3d3d3f8
ACC60f8bcd694,PAYb084a0212c
ACCbeeb8af775,PAYe39e98716c
ACCbeeb8af775,PAY30c88y56a7d
ACCf0495161da,PAY4b0d55d43a
ACC4715758494,PAY469c781d7
ACC29ff9b4883,PAYe768f77014
ACC45f6bd5a4e,PAY6d6191dfae
ACC45f6bd5a4e,PAY71e195709
ACCa3e65bbd0e,PAY18b5a640c1
ACC2f839442b1,PAY7e299827a7
ACC4cc5e25ad7,PAYc35adb7b69
ACC4cc5e25ad7,PAY6ea0e059bc
ACCb4c37a9aa1,PAY569f14bcc2
ACCb4c37a9aa1,PY45f5f3562f
ACC808f1497f5,PAYe8f5d898bf
ACC808f1497f5,PAY876529247f
ACC64dda7c132,PAYc90fe343c6
ACC370f757d6b,PAY816caf6ec
ACC370f757d6b,PAYe69d97s80f9
ACC02155a4bd5,PAY19ada0e472
ACCc3efb9879a,PAY226e89078d
ACC885a8c8094,PAY6d63c67326
ACC885a8c8094,PAY6d267ee9a2
ACCcf6afc5d23,PAY510e4a1bf8
ACCb7bb790c23,PAYF0b84b1deb
ACCb7bb790c23,PAYbc4b5904e
ACC72b6b4d664,PAY1f26c124e0
ACC6bf809fb7b,PAYfe989ea783
ACC32759a1427,PAY91400b1f49
ACC32759a1427,PAYa306bb0b11
ACC2e43856851,PAYfc2x1c40c9b
ACC9958770e01,PAY0f216ac370
ACC06360a1b1b,PAY7d2f5f119e
ACCbeda9b5919,PAY69f41ac2fb
ACCbeda9b5919,PAYd69892fb37
ACCd32e7e2b69,PAY5a14f901e1
ACCb2383585ed,PAYb54249698b
ACCb2383585ed,PAY2a608c949e
ACC1c69cbb3b6,9PAY883c3bd36c
ACC40090a1c9c,PAY25812948b6
ACC40090a1c9c,PAY720cff37e1
ACCedb2be5d0e,PAY96d9d5993a
ACCedb2be5d0e,PAYeec5D1dd45
ACC8220f5714e,PAY04fa82af6c
ACC74d9806d30,PAY53eeb49681
ACC010c59e4e7,PAYc1a354e3b4
ACC010c59e4e7,PAY254d4d3df6
ACCa7bc89e30f,PAY93b895318e
ACCd08c7a1069,PAY817cc70036
ACCad4a0bf7ac,PAYfc861ed66
ACCad4a0bf7ac,PAY75725a9a07
ACCdf9b2c1400,PAYcb4fa345bd
ACC3e7dfefeb6,PAY39578f572d
ACC3e7dfefeb6,PAY8cd19857a4
ACCc06fc15c12,PAY26165280dd
ACCd636fb063d,PAYc23817e4f73
ACCd636fb063d,PAY8d22a064a7
ACC87eb393606,PAYbe6470ec41
ACC459da4f2d6,PAY435ebf4594
ACC459da4f2d6,PAadb0ce82a6
ACC9333e45b6a,PAY83547a39e8
ACC9333e45b6a,PAY3dd8117af
ACCbe4610706c,PAYd3333e52c0
ACCbe4610706c,PAY7f88e7a362
ACC3a1728b097,PAYb2A55b59a1
ACC4d8aff5eee,PAY79f592548d
ACC4d8aff5eee,PAY8b494bcb71
ACCd7b13186c0,PAYf5a8d628f4
ACCd7b13186c0,PAY5b343551b8
ACC3960e5e3ae,PAYd8d2a88bc
ACC3960e5e3ae,PAY98edfc9425
ACCfb2680341e,PAY2b16861854
ACC466c5e2219,PAYc18e697da0
ACC466c5e2219,PAY0acf99eb59
ACC529d117509,PAY6f76e603f4
ACC529d117509,PAYbe01526f3d
ACC0a26ed094d,PAY21d1d13aab
ACCb54ce6ce67,PAYc4ea13747d
ACC1a26038e82,PAYc2c80db5a9
ACC13f9fc6e51,PAY820dca56e
ACC39ff842188,PAYa6bd04010c3
ACC1cc08e427f,PAYde7e5d93d6
ACCfeaad1f94e,PAYdff15e29e3
ACCfeaad1f94e,PAY4f6c78788db
ACC54d5bae299,PAYf427f81b94
ACCc83585490b,PAY9deccb7c47
ACCc83585490b,PAY2c1b1a90c6
ACCc986bb66db,PAYb891d45403
ACC822cd0f737,P6AY32e1094118
ACC3870f7f45d,AYb0389f4acf
ACC0c553361a5,PAYbf3fde090e
ACC9b52ea7044,PAYb8e305c49b
ACC3f658ec687,APYd828f161ea
ACC13c6fee4fb,PAY252f208c90
ACC13c6fee4fb,PAYc73ea96490
ACC8a3dfdc31a,PAY09b68768c5
ACCa31682aa26,PAY00b4e8e9a6
ACCa31682aa26,PAYace87a06c
ACC87cc88a07f,PAYdbf69616f4
ACCb49d031b0a,PAYc41932d22a
ACCb49d031b0a,PAY347e6f45f7
ACC81034eb32d,PAY9771ec431f
ACCc1976eb1b6,PAY3074d7961e
ACCcd7b62c14c,PAY4eb9bf64b8
ACCcd7b62c14c,PAYfa56ac6388
ACCbc8631f027,PAYe1366fb23c
ACC7e361b415b,PAY1e6ece0a7
ACC690bcb1fb7,PAY68befad09b
ACC4d78a9ed7c,PAYacb2623d03
ACC4d78a9ed7c,PAY82997bea13
ACCe5c421d2ee,PAY3e352ddf4f
ACCe5c421d2ee,PAY43bc37e646
ACCbd956bf5f7,PAYe43ff67324
ACC40a362f159,PAYd9344b5f67
ACC4ea5554b0b,PAY40dbb13fb4
ACC4ea5554b0b,PAY667472f36
ACC294bd21968,PAYccbce53769
ACCa927d4b4eb,PAYb586b683cf
ACCa927d4b4eb,PAYd05fd46be9
ACCa067654358,PAY39084e2d3b
ACC63763eb178,PAYe74c826ba9
ACC0743032912,PAY46b59ead5b
ACC0743032912,PAYaa95ecf1df
ACC9e9624e812,PAYeb834b02c9
ACCd54ffa4f8e,PAYa8b096898a
ACCd54ffa4f8e,PAYe34b55715e
ACCd08cf13b64,PAY332b5548a
ACCd08cf13b64,PAY6096c50283
ACCbed4841dac,PAY28af992265
ACC4bbc560bdd,PAY8ed99d328d
ACC3df3ca805f,PAY2d74080cc
ACCa404fe20c0,PAY57972896cc
ACCa404fe20c0,PAYcdbb381abe
ACCbbbc63850a,PAYf73b354d27
ACCec48413d8e,PAY6a3415483e
ACCb1c55c5280,PAY7a226ee2b3
ACCb1c55c5280,PAY858776647C
ACC6cb7ae93fa,PAY202abd82ac
ACC6cb7ae93fa,PAYfa756c3b8
ACCfbb72323fc,PAY5acdd59fa1
ACCf3147fa3da,PAYc7fc4ef328
ACCf3147fa3da,PAY030b148716
ACC7f9aa302e4,PAYf0f6a37f4f
ACC7f9aa302e4,PYA1ef2873ee5
ACCeb169f4869,PAY4616ebd65c
ACC3f2eef8933,PAY685d31533c
ACC3f2eef8933,PYAa441ce2db9
ACC7aa558d9d6,PAY314e2ee6xed
ACC1b1796077d,PAY286r6a81223
ACC1b1796077d,PAYda9be66ce2
ACC691bcd7799,PAY55c97c484
ACC691bcd7799,PAY05ac30b3d7
ACCecc7fd5f87,PAY7a4e870800
ACCecc7fd5f87,PAY208d17b84e
ACCcf7581c4a0,PAY182972d4a80
ACC1d1c72f1d4,PAY33421ac4b
ACC1d1c72f1d4,PAYa8a6b2f60f
ACCf4b01a19bf,PAY0f9f097a51f
ACCf4b01a19bf,PA5Y6e151ef19
ACC410f2480b2,PAY9ef7c2652f
ACC410f2480b2,PAY093ae2468a
ACC8a349b2930,PAY4e55276fb7
ACC8a349b2930,PAYfb0d72de1b
ACCecdb975688,PAYede3ec77e3
ACCecdb975688,PAY1629aba2d9
ACC4b7c902e9e,PAY89f2dce780
ACC2fc3f12b82,PAYf06a7d3f75
ACC2fc3f12b82,bPAYfde684a6f7
ACC3a43966dc7,PAY03fc710948
ACCbdbcceee43,PAY5c70e2b485
ACC57b13af7ed,PAY17va543ce5f
ACC57b13af7ed,PAYde1217123
ACCb1d6633600,PAYd3a9f0f6ac
ACCb1d6633600,PAYcb0ab7222d
ACC7c00545003,PAY87fa6e38e5
ACC7c00545003,PAY042526a281
ACC5cb1bb75c2,PAY5cd9625772
ACC5cb1bb75c2,PAY89e944a866
ACCebb9f5e429,PAY5531a559cb
ACCebb9f5e429,PAYc67e18711b
ACC807d28bf66,PYA9baeea4320
ACC807d28bf66,PAY3886d3cd4
ACC25673f850a,PAY6cc32bb3c4
ACC25673f850a,PYAf0fc207302
ACC4951957d8a,PAYfb2ee51774
ACC4951957d8a,PAYa3e2080cd3
ACC0bfcf57aa4,PbAY95e958812f
ACC5f11eb98a1,PAY9dbe467690
ACC5f11eb98a1,PAy387b992fbb
ACC91119f1c50,PAY277636389e
ACC190ae9e81c,PAf9c1f992a4
ACC8140685c2a,PAY3255cc5527a
ACC061ba97b93,PAY58ec4a84ae
ACC86b19668ee,PAY43510b394d
ACC86b19668ee,PAYbc2e16175c
ACC4ee9b51200,PAYb4e08f613e
ACC4a4ea615f4,PYA61c3a39a6a
ACC4a4ea615f4,PAYe257832830
ACCe2480727e9,PAYd6f82355f7
ACC81405cdc8e,PAYf03a293831
ACC81405cdc8e,APYef955cef3f
ACCab24e2fc33,PAYb3e82906bd
ACCab24e2fc33,PAYdb59d9e846
ACCcbafc09c16,PAY9639c0f88f
ACC8a1669edb5,PAY0af37d7f4b
ACCa9b2ff5151,PAYf68caee4c4
ACCfb53150f9f,PAY6bfc67d030
ACCc58d8d80cb,PAY71bd0a6p1b6
ACCc58d8d80cb,PAY8dfaf2cdf1
ACC6ee0c8b862,PAYf52cf396ea
ACC6ee0c8b862,PAY754fc9748d
ACC938f77bb5f,PAY9714b3fa7a
ACC938f77bb5f,PAY2e05c1584e
ACC8f0c4abd21,PAYf214fe5d6e
ACC8f0c4abd21,AY8541ebdf05
ACCe535ddc18d,PAY3b27403d5d
ACC1cb0d7684a,PAY038ab4e3a6
ACC1cb0d7684a,PAYf80188e6d4
ACCa5e855de5b,PAY86d9293295
ACCa5e855de5b,PAYaec0b1bf1d
ACC84d2026c9e,PAYb27a18523d
ACC70dbf36713,PAYa2ab30815
ACC70dbf36713,PAYb10af416c6
ACC68a58339bb,PY0b741b63d0
ACCbebdaace09,PAY7506f29924
ACCbebdaace09,PAY87d03a7387
ACC07843a3464,PAY6cb3b1c84c
ACC07843a3464,PAY2428d96fa2
ACC02a3cbcda3,PAY1b45a3533dd
ACC02a3cbcda3,PbAY276394e0b2
ACCcf25853043,PAY8a3b541e68
ACCc8ec2b7999,PAYc926300390
ACCc8ec2b7999,PAY3cdc37012e
ACC3293895f00,PaY00f04b8151
ACC3293895f00,PAY44d91d9387
ACC45924e1355,PAY8dfe0923b
ACC01fb1386a6,PAY7ffb18f00a
ACC01fb1386a6,PAYb1a38e6129
ACC1fc9c41186,pAYefba4b9f08
ACC1fc9c41186,PAY2fda177343
ACC47c3b6d485,PAYbbfd8d8859c
ACC16c261bbbb,PAY8e0fa8b165
ACC16c261bbbb,PAY2e9d4f08d8
ACCb7de536678,PAY3ee8b303af
ACCb7de536678,PAYed10b623a1
ACC24d9114a04,PAYa4732de21d3
ACC24d9114a04,PAYa9bcbc3301
ACCf78be9a9a5,PAY2773d70b07
ACCf78be9a9a5,PAY6bf5b51af
ACC5c993f0a3b,PAY0b9788de0e
ACC137ebc02ec,PAY7efa8dd341
ACC137ebc02ec,PAY09f2bdfcda
ACC106dcc9ffe,PYA223f3842ed
ACC25f1b671a6,PAY75183389b6
ACCbbea31ff42,PAY08e17b2dfa
ACCfda8175e6e,PAY19810eb473
ACCf3cf82cb09,PAY61f4628736
ACCf3cf82cb09,PAYff06160c6c
ACC1101b118cf,PAY8933bfe066
ACC563f6a3a48,PAY378783a8cb
ACC563f6a3a48,PAYe25a694dc9
ACC7881b575ae,PAYbb98256299
ACC364d4955ae,PAYb3854dfb4
ACC364d4955ae,PAY7708dcd8b0
ACC702e3d681d,PAY5337fC8f7a
ACC702e3d681d,PAY9926215fab
ACCe9270fd363,PAY297a116b49
ACCe9270fd363,PAY93fdc167831
ACC6ea0c96930,PAYd692d710a9
ACC6ea0c96930,PAY9b25264b8a
ACC74c63c7b95,PAY3a2b11c5d8
ACC74c63c7b95,PAYcc450da9d5
ACC4058d6b3ae,PAYa50ff308f
ACC4058d6b3ae,PAYfd481941c6
ACCe78d740064,PAY660ed6fd78
ACCe78d740064,PAYb1838ff381
ACCc860281ff7,PAY4ec1bfd108
ACCc860281ff7,PAY4b7f4f437
ACC5d94bce59d,PAY5c65b755de
ACC1156969bc1,PAYc1493ce87
ACC1156969bc1,PAY40cf730d8
ACC29d57cffd6,PAY34f8219a8c
ACC9c775b0975,PAY5a22h535edc
ACC9c775b0975,PAY107efd3e5c
ACC4ede3c9a7f,PAYb542f9aae0
ACCcb166af4bb,PAY0d671c45ee
ACCe3e03453ba,PAY67eb16fddh2
ACCe3e03453ba,PAYbear0dea6ec
ACCdfac79a499,PYA9932f12491
ACCfec904a283,PAY78f55b5c0b
ACCfec904a283,PAY87e9a7135
ACC50f583da19,PAYdcc3a104bd
ACC487a8f345e,PAYbe375Bcad5
ACCb58daa9228,PAYdb467b476f
ACCb58daa9228,PAY2c9c894280
ACCd3ccb5e3a7,PAY4e0c002213
ACCd3ccb5e3a7,PAYdf0caae3b7
ACCe403d65af9,PAY79c00a9ea1
ACC0d5eed5730,PAYeab3788f75
ACC0d5eed5730,PAYd34a30e148
ACCd2f97d956e,PAY9b4eab8e49
ACCc3b7217b96,PAY364af46abd
ACCa6be0efdf0,PAYw24010531b9
ACCa6be0efdf0,PAY15018413c
ACCcb7a03f7a4,PAYb78286ed4c
ACC9cbad1094a,PAYB00703efa6
ACCf8d9707513,PAYc9162437b
ACC7dbdd62a29,PAY2fae0ebf6b
ACC7dbdd62a29,PAY6bbc3f4d6f
ACCe5d9e9c2bb,PAY8bc2383dcf
ACCe5d9e9c2bb,PAY076e5e4ef6
ACCcb6905e1d2,PAY05e68370c9
ACC9d331b2c12,PAYe416257e48
ACC48260db983,PAYbb30e36c81
ACCca75cb2a4d,PAY90a2f14dd6
ACCca75cb2a4d,PAYb53c32c6b02
ACC608aba9daa,PAY869d4e0401
ACC608aba9daa,PAYd9afa324c3
ACC74017fe09d,PAYc611b0999e
ACC74017fe09d,PAY2f988697ea
ACCca91d57ee8,PAYac8254f09
ACCca91d57ee8,PAYaa7589d0bf
ACCd33de970f2,PYAbf928a648b
ACCd33de970f2,PAY96a0464e89
ACC9c935f0573,PAY3ed88230a4
ACCa6797aec93,PAYe2d1922ba2
ACC61874061b3,PAYffb1e209d6
ACCb11f630c16,PAYe70ce43b58
ACCb11f630c16,PAY39dxf102fc1
ACCe4ebae07b4,PAY948a45e1ab
ACCe4ebae07b4,PAYc02bb3a9e9
ACC07e8b4e1ed,PAY2cf27f496
ACCcf00a3a1d6,PAY673cf662588
ACCad3712f01b,PAYbc3031e5730
ACCdd5d9e2f84,PAY4f11f29cb3
ACC8d61cf4501,PAY7bf81fbcf0
ACC8d61cf4501,PAYee7b5b64ad
ACC77038f35f5,PAY5eb12f5ad8b
ACC2a650220ee,PAY710bfccf68
ACC2a650220ee,PAY9f6edbff30
ACC6e6254cd74,PAY14b4a7b0b4
ACC6e6254cd74,PAYb11aa4d09e
ACC8b3b836a63,PAYc2711d7fee
ACC8b3b836a63,PAYbc24863437
ACCa0c8eafe46,PAY1961046308
ACC0f6679ad69,PAY6554d43d8
ACC3b4cd4deb7,PAY22f1f8619
ACC0832b51837,PaY8e07f0846d
ACC0832b51837,PAY69feb567f4
ACCb98e0ff5ea,PAY7801f78954
ACC0f97f30c00,PAY6f674e6e15
ACC0f97f30c00,PAY2682704185a
ACC9a49fc0fff,PAY0a4628ed14
ACCcb57dde3c2,PAY9d655290cb
ACCcb57dde3c2,PAYfa4c36c79d
ACC2d3a6c696e,PAY5aa530d851
ACC31a8679889,PAY77008de139
ACC31a8679889,PAYc816d29382
ACC52a5234a99,PAYb555503e30
ACCd4ed2fcf79,PAY42467b3334
ACC89f7d925f2,PAY8cb81aeb83
ACC9f21c44776,PAY2e9e99d19c
ACC9f21c44776,PAYf19ff4a28c
ACC958383a698,PAYab98179707
ACC958383a698,PAY47d0aa1f5f
ACCf2cae4431f,PAY29101bd46b
ACCf2cae4431f,PAY0b27db28c2
ACCb77625790f,PAY4382232dcc
ACCe088258f99,PAY8a8375c023
ACCe088258f99,PAY9d93f68924
ACC568cad9a19,PAY9cc3e3c83c
ACC568cad9a19,hPAYc377069494
ACC4461c533d2,PAY86ca63ba0b
ACCf9fdc0ddbe,PAY9921fba17a
ACCf9fdc0ddbe,PAY4d76fc260c
ACC3eed3afa7d,PAYe06d17ba19
ACCb162cb9ce8,PAY6558d701o2b
ACCb162cb9ce8,PfAY0ac4ffde97
ACC636c4effbc,PAY5701c4e34
ACCb5c4bf0d6c,PAYc1d173bdf3
ACCb5c4bf0d6c,PAYfcde0643f6
ACCe25db6070f,PAYcd04e884b
ACCe25db6070f,PAY858eeba6c
ACC61ef6b40d0,PAYb39a7ca26f
ACC61ef6b40d0,PAY166288d682
ACCa37227cfef,PAY4e37f1d592
ACCa37227cfef,PAY79b57eb109
ACCf3627d6036,PAy248181663f
ACCf3627d6036,PAY8b2c765d28
ACC59e1eee73d,PAY27210f3f1b3
ACC5c88c46918,PAYdc815f4ec0
ACC5c88c46918,PAYf4df21eae4
ACCbb70ccb66a,PAY2b4de46a4f
ACCbb70ccb66a,9PAY76302e9fe8
ACC86714d84b7,PAYe705e902ad
ACC86714d84b7,PAY619436d0eb
ACC8c225a8cb0,PAY7aee38fea9
ACC45aec67bcf,PAY3a41ec4f15
ACC45aec67bcf,PAYfd4ebf93e3
ACCff9bbffa86,PYAd9a95abef1
ACCff9bbffa86,PAYb4e71b5f80
ACC5a63e2fdd4,PAYc47fa029b1
ACC5a63e2fdd4,PAYc6cb8797e0
ACCfd7e22d7ac,PAY80426058cf
ACCfd7e22d7ac,PAY4214c5490e
ACCe53d3cf88c,PAY8eba66f1f0
ACCe53d3cf88c,PAYa7a1ae02de
ACCa59848dd92,PAY9809e46d62
ACCae538fc540,PA5ade9f2514
ACCa897239579,PAY727164Bc06
ACCa897239579,PAY83469646fe
ACC31a231bcd8,PAY72d43af7ae
ACC38d957fc6d,PAYc5e24cca5c
ACC38d957fc6d,PAY27ea14a3db
ACC44fb2a41df,PAYbce0b9ea7b
ACC44fb2a41df,PAYdb7f4077ac
ACCf2058b58f0,PAY3fa1c61f2e
ACCf2058b58f0,PAYa4ce8ae5ae
ACC45405eccfa,PAY62ef5a840a
ACC45405eccfa,PAY172c58063
ACC04b6765518,PAY5b3054f003
ACCe24ff8e341,PAY26b48dp7503
ACCe24ff8e341,PAY64c8354f20
ACC50aa301764,PaAYb24e814b1d
ACC50aa301764,PaY942b13ea80
ACCe74608d8a9,PAYedf926b14f
ACCe74608d8a9,PAYe7567644Ad
ACC280cece68f,PAYcf6951bcef
ACCb21cc9f461,PAYc60019e2b3
ACC0a4d0d9947,PAYc102bba41e
ACCf4eb994111,PAY2e39d58072
ACC62ad0c5627,PAYc56b75a1e1
ACC62ad0c5627,PAY541aa00c56
ACCe23b049eb7,PAY0567cb8431
ACC5aa0f590b5,PAYbab5b8919d
ACC40776fef48,PAYb0d4305056
ACCfa12ca2f30,PAY61d5e60e7d
ACCfa12ca2f30,PAY2e0067fe5
ACC1396bbc978,PAYec76964a9f
ACC01d44b723d,PAYf6db2b7615
ACCa28b176b51,PAYufecff0f12f
ACCa28b176b51,PAY60911aee2d
ACC567993afeb,PAY89300755e9
ACC0d87ac08bc,PAY0388f9b461
ACC48f4a588f9,PAY57debbbce5
ACCce1096ad03,PAYc6d8ff2e6e
ACCac40ca582b,PAY18fb69e8f8
ACCa699ed5fd3,PAYfaeb39494b
ACCa699ed5fd3,PAYd9f0c9fd8a
ACCb12a4c922a,PAYff964232f1
ACC7f62130e5b,PAY2702d4287f
ACC88f0a84b97,PAY85459a0999
ACC04db94165d,PAY6594b8db509
ACC04db94165d,PAY95ba6a75a5
ACC45a3c433ef,PAY0f4f0d78e0
ACC8aa6753e96,PAY69225afe1f
ACC8aa6753e96,PAYa5f5aeb287
ACCcf6cd7be2a,PAYbbcb80bf52
ACCdcdf70999a,PAY36f2e5678f
ACCaf99467cef,PAY9323ae5beb
ACCaf99467cef,PA1584bd82c5
ACCb17167fffb,PAYf80a2a8aae
ACC848f6efa58,PAY6b94c4a8f8
ACC848f6efa58,PAY244f78839f
ACC16a5cddebc,PAYb669c1c6f
ACC1bd18949a5,PAY64f9160f1c
ACC1bd18949a5,PAY616bc7cc54
ACC6327780349,PAY7e2ef4bfE7
ACC18cab6b175,PAYf22580531
ACC18cab6b175,PAY780a884eb4
ACC5b40793045,PAYa6b1907b3d
ACC5b40793045,PAY84eac2dac3
ACC09d927f636,PAY6da575c6c7
ACCdf7cdea3bc,PAYa980ecf8925
ACCdf7cdea3bc,PAYf4f3bf304a
ACC474bbaf853,PAYac2fb699dq5
ACC474bbaf853,PAYo8b9aa0d5c4
ACC7667367fda,PAY3bc1ba9356
ACCadcaabf505,PAY5baa9cb846
ACCadcaabf505,PAY970cf91d23
ACCce1503b331,PAY00203ff1mbb
ACCce1503b331,PAYc0557cb5e4
ACCdf16ffa1e1,PAY8fcc42969
ACC6a5846575d,PAY871bb379ac
ACCd6a35f9b22,PAY11705ae5b9
ACC9fe21ab779,PAY4be407db0a
ACC5225f9e2e3,PAYca0b073414
ACC5225f9e2e3,PAY062bdfdd11
ACC3e05a119ca,PYA5db831a8f1
ACCf4a477bcbb,PAY49be2ea508
ACC2ca9ea75bd,PA9f93940a6c
ACCf41e788a15,PAY05a3f6ece0
ACCcc40bc9453,PAY6fa67938c8
ACC56c2413c28,PAYd00r6d4aa91
ACC80b7076d4c,PAYb80b30cd4eb
ACCcb78a31c40,PAY2138501dda
ACCcb78a31c40,sPAYabd14733db
ACC3245ddb0f1,PAY16b8e8197
ACCe6ed0edeca,PAY508ddecb8
ACCe6ed0edeca,PAY38da944bfd
ACCc57b709955,PAY34c1f5ce20
ACC930cc27b37,PAY567e1b0327
ACCa842c83a5e,PAYfde4022f7d
ACCa842c83a5e,PAYd0c72c7193
ACCa3c1f98d2f,PAY37db34a64
ACCa3c1f98d2f,PAY5006f24468
ACC735bb9a6e1,PAY85532f43e7
ACC735bb9a6e1,PAY07b409ae3c
ACC62029019a7,PAY91afb67737
ACC62029019a7,PAY920f2a9d6a
ACC790efee992,PAY120a002c1c
ACCce0fd51c33,0PAYd7a9869157
ACCce0fd51c33,PAY2a192ec205
ACCcbc6ef7d2f,zPAY000e0214b5
ACC367d2540ff,PAYd4c2f7050c
ACC367d2540ff,PAY212ca8690
ACC9011e18d22,PAY49bbddc52e
ACC9011e18d22,PaY695f5ef38a
ACCb97f8adbe9,PAYa6b8cafd3c
ACC8946badcbe,PA8Y2a2e442ed
ACC2f941ce2dd,PAY16a64a88cb
ACC2f1441716e,APYebb9577ba1
ACC2f1441716e,PAYdecde38140
ACC88f7763981,PAY24e768c4e6
ACC4f504adc16,PYA07be6913f8
ACC4f504adc16,PAYbad3a4025a
ACC431e63b963,PAYk15c303f15d
ACC431e63b963,APY775ecaa48e
ACCda2fea5146,PAY4fb48390bc
ACCda2fea5146,PAY73cffc0f17e
ACC353e514ee3,PAY4f8d2952c4
ACC353e514ee3,PAY3c4b7fc3f
ACC0597cbbb16,PAY3d1d7a8292
ACC34706e9ad9,PAY746c4ec2be
ACC604897092e,PAY517e03eeff
ACC604897092e,PAY70157c9ff2
ACC4285c4ec7b,PAYcb0dd7706
ACC4285c4ec7b,PAyb31df1b3d3
ACC9322e5a404,PAY2201c8a95
ACC9322e5a404,PAYefe1bfe2ac
ACC44587e7813,PAY526ee73gf2f
ACC44587e7813,PAYdc3935dfd
ACC772b30e3ff,PAY6b0f2ec3ad
ACCd187d39d3b,PAY6a83fceecc
ACCf45f18ff6e,PAYla7906a909b
ACCa651fb929d,PAY326b99434a
ACCa651fb929d,PAY93f9a25821
ACC4899ebfb6d,PAY2e3ba845e2
ACC4899ebfb6d,PAY7babf9e7ea
ACCd82bdfe7df,PAY9e2a4a1951
ACC776bb4a993,PAYcfd5b15325
ACC776bb4a993,PAY13de27ba9
ACC083d0c03c1,PAYf891d08eb1
ACC083d0c03c1,PAY6b308b1702
ACCdad4b88b62,PAY78781a60d2
ACCdad4b88b62,PAY03ca4dadC7
ACC1e5a925e10,PAY27ef9c0c62
ACC0f86b030a4,PAY4b98faa89
ACC0f86b030a4,PAYBd85dfe217
ACCa92f53075f,PAYcb755380c6
ACC43a3bbe4d0,PAY78651098a8
ACC32f78a070a,PAYd7d3096baf
ACC32f78a070a,PAY0e81d8a87f
ACC5aadb29993,PAYe5355fa970
ACCb8616ecbfa,PAY033c7f910c
ACCab9b70bbdb,PAY14564A510d
ACC81f31c7399,PAY47d7f6b753
ACC81f31c7399,PAY22697fa7b4
ACC0144fc07c1,PAYca9ee10e79
ACC0144fc07c1,PAY2e2d6defbd9
ACC3f19727bf1,PAY4e1ep541dfc
ACC3f19727bf1,PAY185b544e71
ACC0bdb0eb503,PAY1cccbc1822
ACC0bdb0eb503,PAYd1f7506eb6
ACCafe309b260,PAYe2dd931239
ACCafe309b260,PAYafee49c3bc
ACCbac38a8024,PAYb8w5f11408a
ACC986e91aa8a,PAYd8e647bd35
ACC986e91aa8a,PAY07cb816463
ACC21ff8a936d,PAY111db2644
ACC21ff8a936d,PAYa780bfeef
ACC0ecc24fd4b,PAY042c40e531
ACC0ecc24fd4b,PAYea996a8e9d
ACC7fea48d38c,PAY0df7ac99e69
ACCb2f6c62c01,PAYcf38dd352c
ACCb2f6c62c01,PAYff2ad98e72
ACC3d46425388,PAYb7adf40189
ACCccaa28daba,PAY3aae5dc1ff
ACCccaa28daba,PAY087f57350f
ACC94d59260ce,PAY3a6c779007
ACC94d59260ce,PAY738cd5b4ab
ACC9ee0444c85,PAY6491a096b8
ACC9ee0444c85,PAYaeaft4d8808
ACCa65e358e96,PAYf32878770
ACCa65e358e96,PAY45bd6c5895
ACC1c5b8d6646,PAY0d65b4f642
ACC1c5b8d6646,PAY93c5f45b50
ACC45c7dbddf2,PAYdebedd8d3
ACC2b59deb69c,PAyf5eebfbc4c
ACC70755319e5,PAY07ab8c3d8f
ACC70755319e5,PAY1a14baeb0b
ACC4a8c413c45,PAYf6c70cc79
ACC4a8c413c45,PAY8db320f8b0
ACC2ee5ad546b,PAY1fee056ba1
ACC2ee5ad546b,PAY7fb7186993
ACC16595ba9c1,PAY4fd5c41579
ACC16595ba9c1,PAY7cd3c235b9
ACCc13f6fbc3c,PAY0c7e3198bc
ACCc13f6fbc3c,PAYf488913c78
ACC4668ae9735,PAY804a49bc37
ACC2b101cf43b,PAY9ab06f9635
ACC4c015dcc38,PAYdbebe0de0f
ACC928f5dfd43,PAY67ccla11f63
ACC47804d7d0a,PAYfde6406e1d
ACC47804d7d0a,PAY28a06eab06
ACC1095e752ea,PAY271129657
ACC1095e752ea,PAYe0a8d487a7
ACCd7f85153fb,PAY93a55d193a
ACC56e0855084,PAY4f7a7d3b84
ACCabdd7e63ed,PAY64e7a981fd
ACC9d2ab0b61b,PAY4bA83abc7c
ACCa8ea073557,PAY5c1c552161
ACCa8ea073557,PAY5963dfd03
ACCde0622e9ea,PAY76dc79efee
ACCde0622e9ea,PAY2b4ff2eu467
ACCf2b4d476d2,PAY2f015b8674
ACC7ea0a34dcc,PAY077ea55ca0f
ACC7ea0a34dcc,PAY611339e372
ACCcc6aa9d8f4,PAYfcb7f260d3
ACC220cf25875,PAY4f7790Fb67
ACC220cf25875,PAY726ba8c97d
ACCa20052b9f7,PAY28978a5190
ACC19345243a6,PAYb5ff72e934
ACC19345243a6,PAY10f8e5d838
ACCf4ca4e9928,PAY72daaacea3
ACCdf171cbbbd,PAYfb45cb4773
ACCf1b721198f,PY797ba8eb0e
ACC6ff0cb4b7e,PAYe6bf3cd056
ACC1b8df43257,PAY3607c5b253
ACCc6b9a600a8,PAY7396042074
ACCc6b9a600a8,PAY3f1125a334
ACC5cdcec58b1,PAY4f9ee2924a
ACC265a5f8cf6,PAYd45148fcc1
ACC20d6267e13,PAY2c40f43c41
ACC7d5f971754,PAY96ce0fda7
ACC220e66b4f8,PAY8601bc6dd1
ACC220e66b4f8,PAYea8f523254
ACC6bce184194,PAY303ee535c30
ACC6bce184194,PAY417f41ba5
ACCb34b7dcf76,PAY51923b011c
ACCb34b7dcf76,PAYf36ef85206
ACCd36da8ce25,PAYa6e6ca560c
ACC09d57e5cfd,PAY789b32932wf
ACC09d57e5cfd,PAYeb44f52074
ACC1e3a0ba12a,PAYbbd9f35499
ACC1e3a0ba12a,PAY4ba56a7ccb
ACC72c117604b,PAYd5d2343ef
ACC72c117604b,PAY90bfd4180f
ACCc81939c186,PAY5928581679
ACCc81939c186,PAYe8d46609d0
ACC9c7120ef07,PAYf4dd413284
ACCe61139b10f,PAY93e6e55b6
ACCe61139b10f,PAYace2d5efdc
ACC4b85307576,PAY5439df5fda
ACC4b85307576,PAYff99c55f56
ACC19b7f16c86,PAY23ae8ae22c
ACC19b7f16c86,PAY183cc9fa17
ACC3c036ac257,PAYf1b51b2b57
ACC65aceee16d,PAY9bdbf2628a
ACC65aceee16d,PAYde9ce248d
ACC8dfa56b853,PAY250f0be523
ACCae0f111f54,PAY10bb06a277
ACCae0f111f54,PAY300b22d21d
ACC82c4fcfad2,pAYcb5a2e5ca0
ACC82c4fcfad2,PAY98183534ea
ACC2cc47bea2e,PAY7c116a1e44
ACC2cc47bea2e,PAY33fdfab22d6
ACCa8d3886c74,PAYa66e0f738
ACCa8d3886c74,PAY03d1427916
ACC222f04caaa,PAY19f77d16b0
ACC222f04caaa,PAY2621948e50
ACCec0854fec9,PAY2ff260b2ca
ACCec0854fec9,PAYf7640552340
ACC0485f891a3,PAY5c653163f2
ACCefaf9ea009,PAY5bbe38a00
ACCefaf9ea009,PA1Y3ff991c825
ACC367fc06c28,PAY58b8074956
ACCbc5ff17ed3,PAY27c065c674
ACCbc5ff17ed3,PAYb614951b67
ACC0fea4c2672,PAY55rb9e54515
ACC8e5466090a,PAY55288a8516
ACC8e5466090a,PAYd4a8eff263
ACC1d892ed536,PAY9b888ee7af
ACC4d858a2bf6,PAY12z4fb7ea93
ACC4d858a2bf6,PAY92f972eb31
ACC253f9add34,PAY1e4f7caf3b
ACC253f9add34,PAYad4b3c5a57
ACC5a8f01f016,PAYefe138d2a1
ACCc544546702,PAY6e4ac3fe0b
ACCc544546702,PAY2e04c7cfdc
ACCbf873dab6d,PAYdd14bff0da
ACCbf873dab6d,PAY243a6680ba
ACC2944947144,PAYc69024c863
ACC2944947144,PAY137b43791d
ACC93ec014e1e,PAYb8b7bd149
ACC93ec014e1e,PAY42280839fb
ACCfdbfe9b580,PaY76336bd81a
ACCafa7828d02,PAYfa82d95254
ACC9cf2638d1e,PAYf91d3dabbc
ACC9cf2638d1e,PAY6bc85e8e76
ACC44d0cb0aa8,PAYc2bc39ca33
ACC42a95f6ee8,PAY7c4597b13a
ACCfb1fb9934e,PAY25b2a3bf80
ACC6d53c98ada,PAY19964fbe90
ACC791bd478b2,PAYb843ad229
ACC791bd478b2,PAY14deff6ada
ACC445bf3d32d,PAYa3b7e2fe09
ACC445bf3d32d,PAY778e7797b
ACCebaab21219,PAYbef9db91e
ACCebaab21219,PAY36e0d6fcfb
ACC6eb9910ae7,PAY5528739510
ACC6b41f6666d,PYA647a597112
ACC293721dcea,PAY9f0b78632
ACC293721dcea,PAYf451ddd10a
ACCbae8dd42e0,PAY49e55434f0
ACCbae8dd42e0,PAYd600a56044
ACC73c74c83e4,PAYeba55e0a2a
ACC73c74c83e4,PAYd70e498082
ACC112da701f8,PAY07c57f88de
ACC112da701f8,PAYa018b331fa
ACCa41458f829,PAYd343b3ed95
ACC119e0c9189,PAy392f2fa423
ACC7017a37a8c,PAY218809f53b
ACC7017a37a8c,PAY3794b9f674
ACCb6024e05c4,PAYf3c82ae6d41
ACCb6024e05c4,PAYc959dba235
ACC39e3bdbc12,PAY905a99a8a
ACC39e3bdbc12,PAY888a4690fe
ACC308529ae50,PAY18103971cb
ACC308529ae50,PAYfb5282b9b
ACC7c09a1873b,PAY51f43d30f4
ACC7c09a1873b,PAYfafb134493
ACC4c23925a8c,pAY0bc79d1a0b
ACC12b535c024,PY50f432b9a0
ACC12b535c024,PAY084b20fa27
ACCe186446799,PAY772941620
ACC5849c9843d,PAYcacad12e86
ACCdd940aa9cd,PAYea9a05f1db3
ACCdd940aa9cd,PAY75y4ecbec4d
ACC456f485ee9,PAYdfb8560e51
ACC456f485ee9,PAY651d859430
ACC6a57a9815f,PAY8caa20c612
ACCb2dfd6a905,PAYba5b49a16
ACC51a6572e48,PAY73ed7d5fb0
ACCb8ebc9aba1,PAYb0d856b99c
ACCb8ebc9aba1,PAY004981ba6c
ACC347b12af33,PAY862b961c39
ACC6ff9a607c1,PAY40c723c97
ACC6ff9a607c1,PAYec6ba09050d
ACC4b92d1adc5,PAYb52a2dae7c
ACC4b92d1adc5,PAY2c4e9f2097
ACCbb5eb67a91,PAYf6e0c73ae3
ACCbb5eb67a91,PAYc44f8c0f29
ACC667ea0f911,PAY5c157564f1
ACC667ea0f911,PAYd1fcb7bc92
ACCb525d94a4b,PAYa5a979b8a3
ACC5926aa701b,PAY6f09814dea
ACCd9bd0d80f3,PAYf98e1F11df
ACCf4bf4bc50a,PAYdedfa12a28
ACCf4bf4bc50a,PAYa3vbfdf966f
ACC9a41831f34,PYA9535c053a7
ACC7b17f0e7a1,PAY5ab2e1b254
ACC934b49f5d6,PAY3a4c257f1f
ACC934b49f5d6,PAYa7178b9eef
ACCbc7d5cccb8,P3AYd628c33c2d
ACCbc7d5cccb8,PAY813ecb36d5
ACC13323a6777,PAYd8f15e348b
ACC13323a6777,PAYba470b3afb7
ACC1e0abe2452,PAY9ef33618bd
ACC1e0abe2452,PAy583b48dea5
ACC9bc9273e43,PAYe0cec9774c
ACC9bc9273e43,PAYc10cd3ad2b3
ACC9eccd00d10,PAY90b97d8d02b
ACC9eccd00d10,PAYbbf252b5bd
ACCe7f962c634,PAY1ce79699940
ACCe7f962c634,PAYe9c567cefd
ACC53239d7d88,PAYc2e62f517c
ACC1bdd12ad9e,PAY6041410d79
ACC8aacf39a54,PAYe2b3a937db
ACC5733af03f1,PAY1902f2c783
ACC5733af03f1,PaY5c7899231b
ACCa40953d56d,PAY3dfc46560d
ACCa40953d56d,PAY7fbb51905a
ACC3ef77c3dfe,PAYf03eeca43f
ACC3ef77c3dfe,PAY38f413fe92
ACC9f50dc5dc7,PAYda27fde836
ACC9f50dc5dc7,AY7c20eb420b
ACC59a2c4a22d,PAYfcef09b97
ACCeea4317819,PAYfb1ed4a606
ACCeea4317819,PAYae3a72a283
ACC886c20c2cc,PAY71616803bd
ACC886c20c2cc,PAYe8fddd1405
ACC9d2379f8e0,PAYc7c1190bf2
ACCfc94193790,PAY355f8a2129
ACCfc94193790,PAY61a375e6dd
ACC5c9fab9872,PAY58fbf0999
ACC5c9fab9872,PAYd7c8b1e574
ACCc8d3a7218d,PAY0a89d2727f
ACC7f34d810a2,PAY2ef01d9ca
ACC7f34d810a2,PAY28a6807d78
ACC5b994e254a,PAY6fad513ac0
ACC5b994e254a,PAY270b62b942
ACC263b2a8eff,PAYdfkba267eeb
ACC263b2a8eff,PAY42c9d277d95
ACC7b2bd6201a,PAY7942fffc16
ACC7b2bd6201a,PAY8baaa278c
ACC4e25db4a38,PAY0f307105a0
ACCad6ad0cd9d,PAY98cbb5e711
ACC9386913383,PAY4cc69cd339
ACC9386913383,PAY93f4b69647
ACCd95a9cc124,PAdY093a51f471
ACCfc4bcb67b0,PAY77abb162b5
ACCfc4bcb67b0,PAY3F661aa764
ACCcc4c3ece71,PAY7589c51461
ACCcc4c3ece71,PAY329472e89b
ACCbe0ff48066,PAY98e06f608f
ACCbe0ff48066,PAY9a3a1f50b2
ACC633cad7b83,PAY17892476e69
ACC0a4e465547,PAYad03ada2aa
ACC7074e28920,PAY71207def66
ACC3825eeaa0c,PAY9baa73a6fc
ACC1420cb7832,PAY4546a12c1b
ACC1420cb7832,PAYecc3a9511e
ACC5323651cd1,PAY859d7b223
ACC5323651cd1,PAYe16376b8c6
ACC410e36fccf,PAYe831975535
ACC410e36fccf,PA21c85ca3fd
ACC5908eb274d,PAYf82e5a30f0
ACCa98de49be6,PAY4886e08bb5
ACCcbd77a9ce3,PAY759098d3f3
ACCcbd77a9ce3,PAYfd405d511e
ACCa7430bc9b8,PAYc890d9a647
ACCa7430bc9b8,PAYbd76359665
ACCc9843ec608,PAY765c09f11a
ACCaa4c761dd5,PAYe82c8ecd9
ACCaa4c761dd5,PAYc9efe3df8c
ACCa09bfe9f26,PAY28370893c0
ACCa09bfe9f26,PAY946d6db4dd
ACC0a73eeafd0,PAY8ce95b9ee8
ACC681af2f858,PAY7aff212bf
ACC681af2f858,PAYcd1074a5d98
ACC09e5e630d6,PApYa8268aa85a
ACC09e5e630d6,PAYfe8eea3309
ACC67112d1914,PAY79aa1208b2
ACC31285f7562,PAY8c2d80cf75
ACC31285f7562,PAYdbfc596055
ACCa23520c49b,PAYd2b949ae13
ACCa23520c49b,PAY68c5f2391e
ACC2942d40763,PAY1bf332a798
ACC2942d40763,PAY7040e58bc6
ACCe226a07180,PAY77dd63fccc
ACCe226a07180,PaY497a71f407
ACC725092b2c7,PAY32d95ec4ca
ACC725092b2c7,PY3e227a66a6
ACCa0fbaad284,PAY1307fd4be8
ACCa0fbaad284,PAY64def994dc
ACC504d4dffda,PAYc61a27598f5
ACC5f2cf37a2a,PAY13f160e1fe2
ACC5f2cf37a2a,PAY3873808a91
ACCc8e96563f6,PAYc651a2b05e
ACCc8e96563f6,PAYf990833b70
ACC3992fef3a6,PAYc371885a57
ACC3992fef3a6,PAY9ab900cc4f
ACC73601257ad,PAY770b319f9d
ACC73601257ad,PAkY27665a5e37
ACCf605ce5f97,PAY3b7915fee3
ACC91d9049e31,PAy37e9ff4cdd
ACC91d9049e31,PAY1b4fbc072d
ACC98bd3c405e,PAY04c926c61
ACC98bd3c405e,lPAYbb6f7e7b4f
ACCa50b9a8a46,PAY3e81ded004
ACC7b730b2afe,PAY0de0b504c3
ACC4c744c686f,PAY0efe0de47c
ACC9f59f4c75a,PAY13b0543317
ACC9f59f4c75a,PAYb698c2g0bb6
ACCbfe2a0b2df,PAY58420fef42
ACC111a300c8e,PAY7e79183c79
ACC111a300c8e,PAYd7f059a90
ACC36906a7ea8,PAYcfa416b25d
ACC36906a7ea8,PAYc845fae97f
ACCde9def199f,PYAdf65536647
ACCd47f41aa55,PAY92038b95b8
ACCd47f41aa55,PAY4e04028d28
ACCc11a253a12,PAY6ef7dcadb4
ACC2dbe9a50ce,PyAY27b239f589
ACC2dbe9a50ce,PAYe4cf8dfd4e
ACC05314af827,PAYefffd9c713
ACCea4878cae9,PAY78264c79be
ACCea4878cae9,PAYe6cc42f515
ACCb260e284bf,PAfY92cc34e890
ACCb260e284bf,PAY5f8075a6002
ACC40b24e78f7,PAY2929e097c9
ACC40b24e78f7,PAY3d4e66f7b
ACC09850bfe05,PAYae44d6b8265
ACC09850bfe05,PAY14277ce42d
ACC483eef5413,PAYd04bbd83b3
ACC51bf30a9f3,PAY75eedb2mffe
ACC6db50175a3,PAY0b9737535d
ACC8b1827cb7c,PAY411b1db5fb
ACC8b1827cb7c,PAY301b23371b
ACCde0898f123,PAYb6e8f14575
ACCde0898f123,PAY6b96765f0a
ACC4fc2c6c5ee,PAY64ec149262
ACC4fc2c6c5ee,PAY2af496938b
ACC00147837b4,PAY4fe29c5a16
ACC00147837b4,PAY04638800da
ACC0da6fb150e,PAY091b9cb9b4
ACC00432bda4a,PAYb2280282d8
ACC00432bda4a,PYb1c75de5ce
ACC5a5522f527,PAYd53ca1a39f
ACC65d9855279,PAY4629db959c
ACCcb67e9bbbd,PAYdf7Fc98088
ACC39d58396e2,PAY5c114f64fe
ACC993a76a590,PAYbdb2198384
ACCd8407d76f1,PAY14f84ea294
ACCd8407d76f1,PAY9e95dfa3be
ACC5468c2723e,PAY20acd52bba
ACC41d9dd7fbb,PAY264b1749df
ACC3c86da778c,PAY6445bf0389
ACC3c86da778c,PAYbcda344292
ACC18bde1b260,PAY74e3536e02
ACC26e50f8828,PAY0affe0Af6a
ACC26e50f8828,PAYbd9c6ce514
ACC71c0d029e7,PAYbf839h90d04
ACC275667c030,PAY210fcd4477
ACCb96735c5b9,PAYb818c4b689
ACC8d89f14ba8,PAYb396f93c44
ACC8d89f14ba8,PAY0a8edfe8fc
ACC0ebe834393,PAY2913196d07b
ACC0ebe834393,PAY6ed13fd100
ACCe9385cf631,PAY9705de3930
ACCcb5237808a,PAY188532aa3b
ACC3bc254320a,PAY5ca00dd24a
ACCe81750b8a5,PAYd9b714bccf
ACCe81750b8a5,PAYb052fdc84b
ACC68492c9885,PYA0431ab7b2c
ACC68492c9885,PAY3623c49b28
ACC32917d4908,PAY405e25ad67
ACC32917d4908,PAY13960fd74
ACCaf82e3b9e2,PAY4c1b0c9c85
ACCaf82e3b9e2,PAy6b6639d884
ACCa2dd1d11c8,PAY6e589c2caf
ACC5d496c4308,PAY3d4f5289f
ACC5d496c4308,PAY3db4ba458d
ACCe2a44ecf91,PAY05ca30966b
ACCe2a44ecf91,PAY46ad075c31
ACC9562af3f76,PAY9c878tb7eb7
ACC1fbe1d4d20,PAYb5069a53e0
ACC1e99d20a2b,PYAce5f1fc84f
ACC1b1e7699a3,PAY8a77741961
ACC1b1e7699a3,PAY69h806038cc
ACC1328546a14,PAYb45f266192
ACC504ba63337,PAY1264d19302
ACC93ed0bc847,PAYd562342529
ACC93ed0bc847,PYfce3840450
ACCb54056d10b,PAYce5692c79c
ACCb54056d10b,PAY2687a59eb
ACC2c3261e3fb,PAYe2bfff7e98
ACC7f8595018d,PAY64a1f40b52
ACCc2844e0bad,PAY7542feaffb
ACC1a9564eb7f,PAY5098166968
ACCf1e609cabd,PAYdf80Be64d7
ACC6bc353c781,PAY8056eef531c
ACC6bc353c781,aPAY8b26e96e82
ACC257542e608,PAY04edd2d3682
ACC257542e608,PAYb42e1283db
ACC1495642024,PAY0dbd24faff
ACC1ea23c83ff,PAYb070216a26
ACC1ea23c83ff,PAY4edafeAd47
ACC82ee6c0e35,PAYccfdc78f7d
ACC977610fdd1,PAY93ea8j6f76b
ACC9ce18279a6,PAY6cbd6f1b7b
ACC9ce18279a6,PAY36d0d4ba2d
ACCfb1c4986d8,PAY1b1ff7ca8
ACCe5a2aabf33,PAYc9114fk8291
ACCc2657a139e,PAYbbd4355ed
ACCac41a3950d,PAY743f687ceb
ACC35103dad75,PAY5ae36f6ade
ACC35103dad75,PAY08eeb26889
ACCa2eb11a7ed,PAYa0b2f00f84
ACC0e6d50093a,PAY7a2e7235e8
ACC0e6d50093a,PAY0bf1f354bc
ACCdf80317bf5,PAYe4931e1def
ACCcfc771ab79,PAY8ee80d220e
ACCcfc771ab79,PAY14930a6ca9
ACCbe52713866,PAY4fff340382
ACCbe52713866,PAY578022e7ec
ACCe802b33ebf,PAYfae3f5cd824
ACCe802b33ebf,PAY0e4921a5ba
ACC2771684e58,PAY9edd5f729
ACC2771684e58,PAYfaeC3fc968
ACC17b2e8c13c,PAY3292f55868
ACCc2f66dcca4,PAYa41f31ba80
ACC88f63d90b4,PAY97824fb378
ACC58ae0a5117,PAY6277ccf283
ACCae8507c8dc,PAYbe62a2f1c9
ACCae8507c8dc,PAy107ab49d95
ACC7d3c56d40c,PAYc7259ee8c5
ACC7d3c56d40c,PAY68e89d2ad3
ACC01851b6df2,PAYcbe589ac8b
ACC01851b6df2,PAY2a1c18b28f
ACC4df76d20af,PAYd589f170d4
ACC6f3e71e8a9,PAY664aa47836
ACC37f582d6ad,PAY1fd971e1ce
ACC37f582d6ad,PAYcb3dfe2745
ACC787c66fa3d,PaY51c44714ed
ACC787c66fa3d,PAY9485f8de5c
ACCf7de2478d7,PAY652ff7dd6b
ACCf7de2478d7,PAYad341161c
ACC446bd3ad23,PAYbf047eb725
ACC446bd3ad23,PAY8c42faf441
ACCd62ee3893c,PAY1da751257e
ACCd62ee3893c,PAY1ef38971db
ACC8ab3cef4f0,PAY64f7348581
ACC1599fac6d8,PAY3d94ee3b45
ACC1599fac6d8,PAYc90d000d1c
ACC74e3641bbc,PAY4ba090757
ACC74e3641bbc,PAY49b3021212
ACC1031e20d26,PAY49db85d661
ACC1031e20d26,PAY335ef4671e
ACC7228798d9e,PAY73ef335739
ACC6b37cf0d11,PAY07cba72997
ACC6b37cf0d11,PAYce5484a4a9
ACCf16135d11e,PAY02d5540dfA
ACCf16135d11e,PAY388210cwebf
ACC8c087ec21b,PAYb3d518d7b8
ACCaae51ac3df,APYa6264185fa
ACCd2639ebf11,PAY1c5c4b2fd1
ACC864290be53,PAY33a7493539
ACCa3633621a1,PAY64b474c6409
ACCa3633621a1,qPAY038ca5753c
ACC93372fd5d4,PAee78e6d911
ACCe18ba9db0b,PAYea7daacd69
ACCe18ba9db0b,PAYb55ea3e542
ACCa1f0b85368,PAY9dbf8497a5
ACCa1f0b85368,PAY9cef0badb8
ACCc4c86f9cdf,PAY637e4b3100
ACCc4c86f9cdf,PAY93bff72613
ACCecbcc0c898,PAYc1e9f95b4c
ACCecbcc0c898,PAY726f9452A2
ACC9c7ab4ac21,PAY35a5c7d3d9
ACC9c7ab4ac21,PAYf5f391c445
ACC1a003c3e4a,PAYa1a9950bf2
ACC1a003c3e4a,PAY337eceb59
ACCcbbd82c4e9,PAYafc836b680
ACCdd45259485,PAbf63347731
ACC15b1a7d026,PhAY5866a09742
ACC15b1a7d026,PAY6229va21927
ACCa35697454f,PAYa1345653d6
ACC5d9d26fbdf,PAY2b3b74632
ACC5d9d26fbdf,PAY7039a4d9d
ACC5bee6389b5,PAY77ac01edb7
ACC5bee6389b5,PAYb948c7b4a3
ACC92c37b0a86,PYe735ca4fbe
ACC41686ea63e,PAYe5bfe627c0
ACC7f058d9a3c,PAY2c2806951f
ACC7f058d9a3c,PAY2a5ee0918b
ACC9d6e0ce381,PAY9dfc1d7aa
ACC6efc8afb93,PAYd82be9f366
ACC6efc8afb93,PAY7b4faa82c7
ACC392f942fd9,PAY0ed3ba46b0
ACC5a612507a6,PAY1b291cdfcb
ACCf46ff3a17a,PAY6777492167
ACCcbadba40cf,PAYd1d25eba2d
ACCcfa4f15b89,PpAYbdad0c2c9a
ACC014975db60,PAY6d7e183057
ACC2694ed4e8f,PAY5ba07b2a04
ACC2694ed4e8f,PAY4e61bb287a
ACC22b8b22162,PAY369e2b7bzfe
ACC22b8b22162,PAY6ac8214539
ACC266554050a,PAY03701249bc
ACC266554050a,PAY10b78b2080
ACCb80ec43ee4,PAY25e56037f1
ACCb80ec43ee4,PAYe6579b6567
ACCef7588c731,PAY6121e6a81c
ACC553307208d,PAY19961dc212
ACC3f89596006,PAY466e1aa6f1
ACCd7b73ba605,PAY7231f8e66
ACC590dd5ab89,PAY37111bb05d
ACC3605ff43f7,PAY252c3d4cb9
ACCb75f254255,PAY028a993e46
ACCb75f254255,PAY90593fd992
ACCda2c4e3370,PAY6db238d33d
ACC5217037773,PAY41f801c54a
ACC5217037773,PAYecb2aa0481
ACC120f99742b,PAY00633f3e0b
ACC120f99742b,PAY7badbe22ee
ACCe862a0360f,PAY61e36a6d56
ACCe862a0360f,PqAY764e1fa262
ACC8f906bf258,PAYdcq7d79e795
ACC99d19bf84e,PAY2381c57430
ACC1062ad613a,PAY1ccef71a57
ACC1062ad613a,PAyaaec6bbaa6
ACC4a5d1ea7ca,PAY1efd96453
ACC4a5d1ea7ca,PAYa9b0811c6a
ACC7769869ba5,PAY2b56622358
ACC7769869ba5,PAY3657az966d4
ACC2d501502e7,PAY0a30afEccf
ACC0e5834bd50,PAY39900d6292
ACC0e5834bd50,PAYa4cbcea063
ACC87529068ac,PAY7fe73cceeb
ACC4193ef9f1d,PAY6bee57c565
ACC4193ef9f1d,PAY358e0e32ba
ACCf0a24e6cf5,PAY36a8de0b8c
ACC12368a5c45,PjAY3e8fcf91fb
ACC12368a5c45,PAY6b68a14471
ACC61a884bac1,PAYa46a300360
ACC61a884bac1,PAY59256907c6
ACCbea6ad67f7,PAY59b1417990
ACCbea6ad67f7,PAYbf0362ac55
ACC4889b7acc5,PAY45126d2b8a
ACCe7f7a66bc6,PAY4a5548cb92
ACCd17b248f33,PAYnc71b4cc5f2
ACCd17b248f33,PAY78bf6c8c79
ACC7b1f169119,PAY63d45eea6d
ACC012dc7807a,PAY5168d341ae
ACC012dc7807a,PAY202df1585f
ACC00cba0d7a8,PAYf14917d0f6
ACCa9b83f4f87,PAYf88e52ef91
ACC56bea91321,PAY7ae331a1b8
ACC720f41b95c,PAY7d601eb258
ACC7ce690dcc8,PAYd905e2dbac
ACC7ce690dcc8,PAY800f999d51
ACC9f8aef1fea,PAy6a06291de6
ACC35cd8f1b5e,PAY2e33d0b442
ACC8e49b3a867,PAY61a9ac09a16
ACCb5807c9fab,PAY183af8476b
ACCb5807c9fab,PAY308d43aB7c
ACC0a49ecc10e,PAY59a80b3da2
ACC5ee38e0e30,PAY4457a5cfd3
ACC5ee38e0e30,PAYc5b62586xfd
ACC6f6d107f09,PAY70c20e3829
ACC835c9f32b0,PAY6a1234da31
ACC51e48495ba,PAY057d4af867
ACC51e48495ba,PAY5125d07ea7
ACC745ac61d88,PAY91f4f08cf
ACCe900d47645,PAY820ca216b
ACCe900d47645,PAY3f595e2c454
ACC46f89bfeee,PAY15b5bc4330
ACC8523e6191c,PAYde090305d3
ACC806c4f9dc5,PAYa1601a083a
ACC0ee5d654c4,PAY71f5e0ca5c
ACC0ee5d654c4,PAYfdcad1efd9
ACCa0676cd816,PA018ec78f0d
ACCa0676cd816,PAYb80728722f
ACC487b3383a2,PAY87h1dcc963e
ACC7799a43410,PAybea790bb9a
ACC7e26c1b3c3,PAY8a892a27df
ACC7e26c1b3c3,PAY879952c953
ACC795d98067b,PAY11a62fbe38
ACC5c52078eb1,PAYcd7b6071c
ACC4b4459e173,PAYc2360c3f2b
ACCc3f15e6ad5,PAY65a4896f4
ACCd4bf83b9a0,PAY7b1d57a22
ACCd4bf83b9a0,PAY6787045ec1
ACC04e5c26bff,PAYbe7345897e
ACC04e5c26bff,PAYd81f3a44b1
ACC839a3fed66,PAY316c8b813a
ACC839a3fed66,PAYf48b3e7317
ACC9b3b06ea32,PAYc5492a59d4
ACC5d53cee783,PAYc85590c732
ACC2cb103e9b2,PAY45dad82673
ACC2cb103e9b2,PAY3d55cd72c9b
ACCfdc60e0312,PAY4565aa6a0
ACCc8269d3579,PAYc97078eb5e
ACCc8269d3579,PAY29987986ff
ACCfd7570230a,AY5b575ceb90
ACCba0b56c876,PAYf6f01f8d65
ACCf9ff6d78a6,PAYa52f9a3576
ACC549aa323f6,PAYdcf7736159
ACC73b0ad22ff,PAY0afdc4a5b0
ACC7bbdd677fe,PAY5dea9519a2
ACC7bbdd677fe,PAY990412ebf3
ACC35db4768e1,PAYa029b7c88e
ACCf528a5e328,PAYe9f0da219
ACC963ab2d43e,PAY2ecadc01ff
ACC233b8b0b01,PAY180d68b311
ACC6d940f12c0,PAYdbdece9bd1
ACC6d940f12c0,PAYfefee78ba8
ACC8b711a1472,PAY50a17d11b5
ACC3a4fb068cb,PAY7646a65dc7
ACC3a4fb068cb,PAYd03ed05b7d
ACCb18c7ac2c9,PAYce17c564e1
ACC9e8b8d793d,PAY106455fda1
ACC9e8b8d793d,PAYcdcd37c776
ACC276c769e3b,PAY41f8a73e40
ACCbffbd20b89,PAY0ec6e53352
ACC3c6fd5777e,PAY5a23d4462d
ACC3c6fd5777e,PAY5049f37f01
ACCc27d28c7e2,PAYb17625380f
ACCdb7538efb7,PAY7e0860cf00
ACC2e4f710b98,PAYe2e9546088
ACC99dccd1ec4,PAY5d8ef2de7
ACC99dccd1ec4,PAYa90543b30e
ACC00573ad832,PAYd7086f742e
ACC00573ad832,PAYad12005c52
ACC76758ba076,PAY236eecbbea
ACC76758ba076,PAYna4ae55957c
ACCd0002a0da6,PAY245ecc9ae4
ACC29ca1ccb45,PAY4eb1c4999d
ACCe37cf1d956,AY21624aee12
ACCe37cf1d956,PAY8da208c06e
ACC33b5862bb1,PAY1166be7fa1
ACC33b5862bb1,PAYb8802a251
ACC2af79da51c,PAY27aa15585d
ACC2af79da51c,PAYc94a6928a31
ACC435b3cc322,PAY4b4d39c1a6
ACC435b3cc322,PAY59b806680d
ACCe4a7e0ec57,PAY8591f93b72
ACC4494189f1f,PAY39fee88f65
ACC4494189f1f,PAY87b8098b21
ACC16cba358c1,PAY3455c00b22
ACCa1ebca9547,PAY4f2185a97b
ACC3a3a533f27,PAyb4b8426e1a
ACC4c104645c0,PAYfaeadb61f9
ACC1d6953edfb,PAY1efd6c413
ACC1d6953edfb,PAY75a13ae070
ACC72cc5bf9a0,PAY8392309abe
ACC5d4c4549b0,PAY37f399862d
ACCcc6dbd9542,PAY6577b4394C
ACCcf25fe069a,PAYa17e79eb45
ACCaa655770ad,PAY90e4ea51f
ACC96fa894531,PAYd374c07256
ACC96fa894531,PAY71cfcdbbcd
ACC0dec7714bd,PAY021b743fe2
ACC0dec7714bd,PAY272e38f02
ACC5731285ce5,PAYcdcdb6ecde
ACC5731285ce5,PAYce57e3cd3f
ACCaa85ebc040,PAY5d65ba610
ACC8675950891,PAY8f0m3e5d895
ACC1119c05dc5,PAYa5df241425
ACC1119c05dc5,PAY056159de6d
ACCbd4c41f9f9,PAY6887d8a4fe
ACCbd4c41f9f9,PAYc25n8073d8d
ACC51a48f4853,pAY707c3a807e
ACC3dce80e586,PA8245c3b6a6
ACC01bcba683f,PAY1b4dlae11d1
ACC0b4fe47f31,PAY461c96b592
ACCf6a9bdf6eb,PAY5e4055f8ac
ACCf6a9bdf6eb,PAY1eaf982420
ACC37a7c0fa54,PAY2f3z0b1e537
ACCc666fea5c6,PaY2e19645553
ACCc666fea5c6,PAY4f8a4B6d5a
ACC75b43781e0,PAY54802f9b20
ACC75b43781e0,PAY951469d2d1
ACC07053f8ab6,PY16ecbbb081
ACC220480a6e4,PAY3eca3d02330
ACC220480a6e4,PAYd40a30132d
ACC48cf0d1dda,PYedd1827725
ACC337d0f8ee4,PAY7ddff07d58
ACC1925621497,PAY91a6647546
ACC1925621497,PAY5bff529370
ACCd52cd6b570,gPAY4ffda982e2
ACCd52cd6b570,PAY0ec9907fcf
ACCab732db21b,PAYbaadf19876
ACCab732db21b,PAYd848187d9f
ACC9f4e0d8438,PAY1b3d0fbb0e
ACC9f4e0d8438,PAY9d6af95e95
ACC14f58bd050,PAY1f5b334f63
ACC7dcea894b1,PAY6b32d864a4
ACC7dcea894b1,PAYC038f10c94
ACCf278fc099a,PAYad7f133851
ACCf278fc099a,PY86f6328c6b
ACC5c439a7c66,PAYeb225cfacb
ACCb958119f7b,PAY8927ddbd46
ACC01ca345934,PAYe86bf79f7
ACCaa87741a51,PAY2c94Fbd762
ACCaa87741a51,PAYcdcac5b012
ACC783d500b80,PAY1801dbba35
ACCcc5d54cf63,PAY55b2d0b246
ACCcc5d54cf63,PAYca85d97085
ACC5496944a92,PAY1bB7536bba
ACCe99fa21d29,PAY025c77988f
ACCe99fa21d29,PAYc477d0b931
ACC1ca0b5e5b7,PAY462263bb06
ACC1ca0b5e5b7,PAYeebafba259
ACC3ff85e5fa0,PAY1b61aad3b4
ACC3ff85e5fa0,PAYe9d20f7da3
ACCc82ac27e17,PAYbb8fc2a54d
ACCc82ac27e17,PAY1f95fd36c9
ACC8f828c267c,PAY1dd5f4fd42
ACC8f828c267c,PAY77f9e0faca
ACC60173f57b8,PAY3f2c49109f
ACC19861c9ff3,PAYd0ab167494
ACC19861c9ff3,PAYbce97ff57f
ACC8904fe84bd,PAYaba8326da8
ACC44364f2eb3,PAY855bbaF4e4
ACC44364f2eb3,PAY9a12b11dbe
ACC2da9214fc7,PAY69554ed500
ACC2da9214fc7,PAY602c139152
ACC6a21a691d2,PAY6c4ff5060f
ACC6a21a691d2,PAYc8127766c
ACC111239d6c3,PAY61756e09f2
ACC111239d6c3,PAY7a94730f6e
ACC51f824b248,PAYa425a958bc
ACC872a6d9feb,PAY339053e5fe
ACC872a6d9feb,PAY6c144c1f05
ACC3594b6cce1,PAY9Ec797110f
ACC1841848b08,PAY2153A00ca8
ACC1841848b08,PAdY734980a90
ACC7d3628f47e,PAy66876c836f
ACC7d3628f47e,PAYffd6ffd3ed
ACC1987971542,APYd775304182
ACC1987971542,PAYf6adac359
ACC66a6951c78,PAY10da0b9d6d
ACC73fe0b8391,PAY238062db33
ACC73fe0b8391,PAY7b3082a33e6
ACCfd09e5b87b,PAYb3321b9756
ACCfd09e5b87b,PAYdf4c6304be
ACCa93c151d20,PAYa68a21991c
ACC5fe84252e4,PAY35e4ea72dc
ACC5fe84252e4,PAYf7330b251d
ACCdb6a55e60e,PAY72a46d7049
ACC1223bd299c,PAY9844b21222
ACC1223bd299c,PAY8f804413f2
ACC8fc2f37db5,PAY58aabe748f
ACC8fc2f37db5,PAYf929bd631c
ACC4bc63f41d1,PAY030c9e29c
ACC4bc63f41d1,PAYe735bb46e1
ACC1f610e865e,PAY4f107bdbf5
ACC1f610e865e,PAY6f0bcc2233
ACCc9c38f2636,PAY5adcec9072
ACCc9c38f2636,PaYe05baa5489
ACC231815fbe0,PAY300fc474d3
ACC4bfd09d63c,PA1Yd1e27a5142
ACCddb99ea096,PAY841f127d46
ACC7e6da32a79,PAYa85bd9980
ACC7e6da32a79,PAY5c0bc385f6
ACCabf8d8e989,PAYddd8736086
ACCabf8d8e989,jPAY423d0f334c
ACC6820a44def,PAYb8ba03c298
ACC6820a44def,PAY7619dcedcd
ACC448918331e,PAY36209fb913
ACC448918331e,PAY642a49c2a2
ACC6a19d0fceb,PAYa6c9960650
ACC6771be2d59,PAYd6d0429a91
ACC91a693a0a8,PAYf8f782b266
ACC27e3a523f1,PAY2780c75aaa
ACC27e3a523f1,PAY412e227dd0
ACCaf518f6751,PAY2633cf39dd
ACC2cc83a4a0e,PAY25b631f64c
ACC15666e4f51,PAY25cf63ee44
ACC15666e4f51,PAYa7a6f6781f
ACC4089ca1b2d,PAYae9fc52cbb
ACC91525c9c0d,PAY5e808cf877
ACC7236d654ce,PAY2c201814d8
ACC7236d654ce,PAY74b5f38d2b
ACC84d174210f,PAYd8783b9a017
ACC84d174210f,PAYe2be12c1d
ACC6eca352f71,PAYad92c1023
ACC6eca352f71,PAY7e942c4fbb
ACC5714a444d4,PAY1d6c429ce6
ACC5714a444d4,PAY58c342ea43
ACCd20d3ee31b,PAY61a9e46b7d
ACCb47747d234,PAy90f4c399fe
ACC492d0b118f,PAYd1293293cb
ACC492d0b118f,PAYd0d4ab9480
ACC1f5a6296c5,PAY9054b75126
ACC1f5a6296c5,PAYe7d1d35d60
ACC4063fff8eb,PAY4323dobd8cd
ACC4063fff8eb,PAYe96cd5523
ACC1124afaa66,PAY3c8c08cc98
ACC3c256445dd,PAY49499883a6
ACC3c256445dd,PAY7d5576c4d1
ACCa9cf68b83f,PAY2b24153932
ACCa9cf68b83f,APY5d13c13b90
ACCea0f02264d,PAY568420a083
ACCea0f02264d,PAYcd425ae278
ACCee2716e91b,PAY68y3f4448e1
ACC67ed5cf99d,PAY4f5aef4160
ACC5ca4dd943d,PAYb31ac5912
ACC6bb9f19f6b,PAYeccc71dde
ACCb05c197816,PAYc65b98e4e2
ACC75285b1b1d,PAYac5beedFe4
ACC75285b1b1d,PAY98476271fe
ACC2eb22caf91,PAY5dd8cedb22
ACC2eb22caf91,AY050e74ede8
ACC0ad7e2c7aa,PAY5c83bacdec
ACC9d867b770d,PAY54882d44dc
ACC9d867b770d,PAYc5baf846cd
ACCeaf19cd1b3,PAY98abd4e33c
ACC801cdc66b4,PAY0799f7de66
ACCf39a9125d4,PAY9d4afa759e
ACCf39a9125d4,PAYe48c8b274
ACC627d2d3abf,PAY7476d7415b
ACC627d2d3abf,PAY4690735d5
ACC5119093866,PAYa4cc1ee078
ACC9e02701569,PAY4d31abc4ad4
ACCccd51dc82b,PAYcce46305e7
ACCbf4df086f7,PAYd3a856b52f
ACC8f4593eb80,PAY2eb256e98
ACC65d3d9e076,PAY2x09618f71a
ACC65d3d9e076,PAYe2d6d75504
ACC01ed2a3da1,PAYff14ec3d1
ACC01ed2a3da1,PAYcb516fe3e5
ACC7a025e63e1,PAY45bd022d4e
ACC7a025e63e1,PAYf6c6f9e956
ACC23c9d33e04,PAYdn7189303b9
ACC23c9d33e04,PAY1fbd9e4fac
ACC9077da6c54,PAY9c3810099
ACC07b9f7a33f,pAY0930a0c9c7
ACC1431efc600,PAY8dcft10411e
ACCb6b7fa579f,PAY63a48c07de
ACCb6b7fa579f,PAYc560f8805b
ACC3e4fab0650,PAY19d4e4fd23
ACCbd8e68960f,PAY94f1386d82
ACCbd8e68960f,PAYd08189eeba
ACCbc570ab76b,PAY358e79cf73
ACCbc570ab76b,PAY737a60f945
ACC2137852b36,PAYb590521f47
ACC2137852b36,PAYce9538693f
ACCdac861f0c2,PY500941b3f3
ACC4702d72872,PAYc572d0779d
ACC15fb6e3bd1,PAYce4ea744a2
ACCc565e301cb,PAY74b9b51e64
ACCc565e301cb,PAY72d05c2fec
ACC37bddcfb35,PAYe6383c495e
ACC37bddcfb35,PAY01ad333399
ACCb0d16b0b5c,PYAfabf6c269c
ACCb0d16b0b5c,PAY0f11725a0e
ACCc926aacd59,PAY7d289083a2
ACCc926aacd59,PAYd65e25a80
ACCc3adc61553,PAYb329570e6e
ACCc3adc61553,PAY4f2018f537
ACCccc78f6268,PAY4b9d989c99
ACCccc78f6268,PAY863d4987da
ACCb2b9f945d4,PAY91d6E28bd5
ACC314282fde4,PAY568c9986ef
ACC9633667055,PAYfd34a099a2
ACC8211bfb726,PAYb131402625
ACC8211bfb726,PAYa88d8bf485
ACC26625dcc21,PAY4d6a9944fb
ACC51e959a7a8,pAY294f38e7c8
ACC7b271791ef,PAY9a999eff3a
ACC7b271791ef,PAY883f061406
ACCfcaaee08c2,PAY5102ca1673c
ACCfcaaee08c2,PAYe975def86b
ACCa48aceeb4f,PAYb0ee67f344
ACC33d3e28566,PAY2e2a049072
ACC33d3e28566,PAYa893163da4
ACCaebaede3d3,PAY49c40706a0
ACCaebaede3d3,PAYb36zb24daed
ACC1ecf4031e7,PAYb63cf2032d
ACC1ecf4031e7,PAY4f9b881d49
ACCbad87dc882,PAY32e5670f9b
ACCbad87dc882,PAYfd355d26ad
ACC296feadbf8,PAY0f3b83755a
ACC2f8bafe5f2,PAYf5628b157a
ACC2f8bafe5f2,PAY4db2255b0
ACC9653f1e5b2,PAY57b7fb3ed0
ACC9653f1e5b2,PAY075b52fd96
ACCa347b2d510,PAY3fd7f2c4d8
ACC27ba00b3c1,PAYc7b992f749
ACC27ba00b3c1,PAY8b03cb3fbc
ACC9d5477b40e,PAY753d0de43c
ACC9d5477b40e,PAYef1e0fc85f
ACCa6e8789c16,PiAY5eb91fa787
ACCa6e8789c16,PAY7b6f03a97f
ACC550fd2dbd2,PAYda90911511
ACC550fd2dbd2,PA9Y9dcdd87de
ACC8cc8cc67e8,PAY0f9e4146f1
ACC8cc8cc67e8,PAY8edbb022d9
ACCa6a5b0c173,PAY492d8da018
ACC775ad99f89,PdAY1e9038f57e
ACC775ad99f89,PAY439c3dcc17
ACC05c89c984a,PAY6fa5fe4ee4
ACC05c89c984a,PAY481b609a8e
ACC21903d3cdd,PAYd9db62e9f7
ACCd1f3f65192,PAY20e9007f8c
ACC28b79c537e,PAY554257c938
ACC28b79c537e,PAYb7ef727b6la
ACC4bcd9718ad,PAYc89f6d056b
ACC4120360112,PAY5d29dfa805
ACC4120360112,PAY4697802d62
ACC2ee5205e9d,PAYf7f29eb45c
ACC2ee5205e9d,PAYe360c78cb
ACC24591d8e61,PAYc6e2b19ed5
ACC911b33eadd,PAYc2b4805695
ACC4639523b25,PAYc57723a0a1
ACC8aed566bde,PAYffd96bd8d9
ACC8aed566bde,PAY6a0afc84f8
ACCf3b1bde033,PAY30c63bc34a
ACCbe9b7d339f,PAyb376ae1132
ACCbe9b7d339f,PAYc51b211a3a
ACC72fe3bd1e5,PAYeb4798f7fd
ACCecec7bea64,PAY986f864d20
ACCecec7bea64,PAYcf16d254366
ACC99b12d8f8b,PAY5715599b4
ACC99b12d8f8b,PAYadbc90a532
ACCd8a4d2a2a2,PAY197cb1fd3a
ACC5a4bdbe108,PAY63abe88661
ACCb90a55672c,PAYdcc6891091
ACC0bcd60e81b,PAY536dae6b1e
ACC0bcd60e81b,PAY36efa4c8f4
ACC05a49c2005,PAYc91b052a3c
ACCc5a8bdcb77,PAY13898dcead
ACC68377401ee,PAYcc2f96cc11
ACC83d8cad05d,PAYaa88e22c1f
ACC79910bed0a,PAY12f2443e54
ACC79910bed0a,PAY7aAd5933c2
ACCad17968604,pAY3d9a16378a
ACC9e1c32a75b,PAY3fb16537d3
ACC9e1c32a75b,PAY58739rde1f2
ACC101cefe094,PAYbfe668b4d2
ACC101cefe094,PAYc3e0993dd5
ACC2f98b140fc,PAY01f6e5e846
ACC2f98b140fc,PAY7ae573b090
ACC2696fbf9f3,PAYadd3826df8
ACC3990542ce0,PAY5e6ef71630
ACC3990542ce0,PA0Yc1e3ee373
ACCdf2cdcb85f,PAYedf4eff484
ACCdf2cdcb85f,PAY46898682f7
ACCb8191b1f0d,PAY2f3b9206aF
ACC0e30e4cac1,PAY734feb325
ACC547ee04313,PAY11926eb1a8
ACC547ee04313,PAYac7e6edf53
ACCc1c0e71232,PAY68f45d3a19
ACCc1c0e71232,PAYd0ef28f5dc
ACC6edf4cbed6,PAY9ff53af367
ACCb124902ed2,PAY4a46d94b4b
ACC76cdef43da,PaYd094af759f
ACC76cdef43da,PAY3c4d33eea
ACC0824503652,PAYb5k0cade17e
ACC0824503652,PrAY9f36504f16
ACC1a2b5c0129,PAY7c311aa388
ACCf875c3fc8d,PAYe6bf7ef619
ACC25d9102944,PAYcdf93cb755
ACC19b77858e2,PAYa07b9d4d51
ACC19b77858e2,PAY86eb3ee07
ACC98c0fc9641,PAY8883ff03al6
ACCa0c925ec30,PAYe62424cdf
ACC337814219e,PAY888fc583c2
ACC337814219e,PYA0bf6dc16ec
ACC6e417e5e3a,PAY991df762bd
ACC6e417e5e3a,PAY3411b78087
ACCe8c29d0ff9,PAYd18ec8aba9
ACCe8c29d0ff9,PAY5276da8f44
ACCb616ce25ca,PAY5a83beaa8
ACCcbe825a5b6,PAY66171284e9
ACCfa424f1800,PAY2d76f03909
ACCfa424f1800,PAY4d8d708aa0
ACC9facc85aed,PAYe36f173c73
ACC9facc85aed,PAY9350c44321
ACC3287a6cad9,PAY31dc314004
ACC88591e8d6a,PAY0b5a785de
ACC88591e8d6a,PAY38c46552f1
ACCfe101db5ee,PAY286158cc69
ACC0ea426fbc8,PAY286158cc69
ACC5ccdc72105,PAY286158cc69
ACCa0271f89f4,PAYd9c8055d30
ACCeee206df7e,PAYd9c8055d30
ACC3e13ccb3ed,PAYd9c8055d30
ACC7b271791ef,PAYd9c8055d30
ACC083fed6698,PAYf54a006b99
ACC6e739b95e7,PAYf54a006b99
ACC7e361b415b,PAY6096e7dc7a
ACC6b8f184409,PAY6096e7dc7a
ACCc74a7ccd8a,PAY6096e7dc7a
ACC03399259d3,PAY6096e7dc7a
ACC1062ad613a,PAYfaadc5095b
ACC8239d7314f,PAYfaadc5095b
ACC3594b6cce1,PAYfaadc5095b
ACCda46d3e051,PAYfaadc5095b
ACCe2878d713e,PAY4ec08cf19c
ACC18805c1071,PAY4ec08cf19c
ACC1c4c1412b5,PAYd40efaca3e
ACCf4e69d6f1d,PAYd40efaca3e
ACC283af4f197,PAYcc74b2812b
ACC10beb0b866,PAYcc74b2812b
ACCd11d7d8422,PAYcc74b2812b
ACCa2eb11a7ed,PAY27bafaa474
ACCc9db8c9aad,PAY27bafaa474
ACCecfc241fa8,PAY27bafaa474
ACC8de02df01c,PAY74dddba483
ACCd133b52479,PAY74dddba483
ACCdfab74f37d,PAY74dddba483
ACC8220f5714e,PAY74dddba483
ACC02d3b442c1,PAY80a28d9c0a
ACCf5ae98f201,PAY80a28d9c0a
ACCe3dff310f9,PAY80a28d9c0a
ACC911ec2d088,PAYf8588f962c
ACC5056beb675,PAYf8588f962c
ACCdf2cdcb85f,PAYf888f962c
ACCc5ab8856c7,PAYf8588f962c
ACCbba97cb0c2,PAYbc53b753a9
ACC5bb6852824,PAYbc53b753a9
ACCeca59cc04c,PAYbc53b753a9
ACC0c1c4bd16c,PAY8230baea6e
ACC68c85918d6,PAY8230baea6e
ACC9046685b46,PAY8230baea6e
ACC54cfc05b1d,PA8Y230baea6e
ACC5107df957a,PAY4056b0e9f6
ACC1aed9318e6,PAY4056b0e9f6
ACC622eee3261,PYA7cb2408757
ACCe75e7e78f6,PAY4774c2304
ACC24cec456bd,PAY6cb76z6aa8a
ACCd3030d43e1,PAY4056b0e9f6
ACCaf722326e6,PAY9fc05b4d2f
ACCbec6564628,PAY4774c2304
ACCb26b658ccf,PAY4774c2304
ACCe48a4b67e6,APY4774c27304
ACC362a84d84b,PAY4774c2304
ACCdaeb58256d,PAY4056b0e9f6
ACC7bfecb9597,PAY1edc66b647
ACCddc921cfd0,PAY4774c2304
ACC321db93d80,PAY4056b0e9f6
ACCc2094f0eb6,PAY0923613c1
ACC2184c121c1,PAY9ccab1ff70
ACC6302a7aabd,PAYa42c2bb60d
ACC7d15107488,PAYb2d0580101
ACC05e990ff46,PAY10fb2b0951
ACCe47e96b05e,PAYef51ccc5a5
ACC3d5beb7bb0,PAYc09b5e9d1
ACCbe7b9c1fca,PAY9ccab1ff70
ACCae7b5f1d6e,PAYb2d0580101
ACC772b8b0501,PAYb2d0580101
ACC8263f8ee20,PAYb2d0580101
ACC0123a452e2,PAY9ccab1ff70
ACC7e25735390,PAY33940daD8f
ACC5a02f9a18a,PAY9ccab1ff70
ACCbd49ab884a,PAY416f0210b5
ACCab833dd024,PAYb461f0210b5
ACCfa84503c89,PAY41f0210b5
ACCaca1b97d4b,PAYdc3bd2a40b
ACC8e089333e8,PAY461f02105
ACCe126f74403,PA1589229139
ACCcf06e74ede,PAY41f0210b5
ACCf5698cf339,PAYe608945a9F
ACC31b71c6a0c,PAYe7608945a9f
ACC67dae152a5,PAYe608945a9F
ACC123c19d8a9,PAYbd534d7a6
ACC6786672f19,PAYa94e480734e
ACCabab662cfb,PAY461f02105
ACCd18a1d6bb5,PAYe608945a9F
ACCd78e860aa9,PAY5f6c7ccc16
ACCaae7b6762d,PAY589229139
ACCf6d52614e2,PAY1a5738fef9
ACCadf942448c,PAYe608945a9F
ACC6a9c87dbf0,APY88a46c0d7f
ACC4df647b59f,PAYe608945a9F
ACC32344d97b5,PAY461f02105
ACC9983f6c3a8,PAY3c9f84248f
ACCe73e18c813,PAYe608945a9F
ACCf7ff4c23e9,PAY461f02105
ACC0b9a6f1538,PAYe608945a9F
ACC2a9f816e62,PAY89418a290xb
ACCb53da99b1d,PAY1589229139
ACCffc5bff79d,PAY1589229139
ACCcadec1dd5a,PAY1859229139
ACC57d1abe786,PAYe244d1ee1a
ACCd9fcda6eb2,PAY1589229139
ACCb500d9267c,PAY1589229139
ACC5b68b109f1,PAY461f02105
ACCa855da6a90,PAYbd141496d9
ACCc091d001d9,PAY61a24c096b
ACC431612c876,PaY66514ad5db
ACC7a0dfa96f4,PAY66514ad5db
ACCc37eacf729,PAY61a24c096b
ACC231a74cf13,PAY4e019b79u6b
ACC623efa669f,PAY3c8f9e15c0
ACCa7391be2cb,PAY329cd18fa9a
ACC43a6c6aadf,PAY66514ad5db
ACC50f0bcf20f,APYf5e7916531
ACC6fee5d42c4,PAY329cd18fa9a
ACC53542d9de9,PAY66514ad5db
ACC1c1b5b237a,PAY61a24c096b
ACCc3931e8c46,PAY61a24c096b
ACC26b1b1551f,PAYb49d3cc7dc
ACCa4cbb8418b,PAY329cd18fa9a
ACC9190c11b17,PAY66514ad5db
ACCecb00b3c75,PAYb620df4b02
ACCe7b9f2890a,PAY4121315bea
ACCc38c64dc4f,PAY695371ab47
ACC2db27c19ee,PAY4121315bea
ACCf6e88eb424,PAY1f66eb4737
ACC5ed6526781,PAYb620df4b02
ACC4f1bdc5a7e,PAY4121315bea
ACC58ca2c0390,PAY6850150942
ACCe700809451,PAYe53e4e3b68
ACC9e571cffe6,PAYe5e4e3b68
ACCc38a15a2cf,PAYcfa57Aa8ad
ACC23ad1cacc4,PAYdafc39d6a2
ACCb65458561e,PAYcfa57Aa8ad
ACC9ad551c52f,PAY6002571072
ACCcf8589235a,PAYa36e4a84b0
ACC57f6506fb4,PAY38e809e4c6
ACCeac16aa3ec,PAYdec67bbb34
ACCb879b94ae6,PAY38e809e4c6
ACCb21e7ab8ef,PAYcfa57Aa8ad
ACCa7a30ecb29,PAYcfa57Aa8ad
ACC7961129aa7,PAY38e809e4c6
ACCb140cbcdc5,PAY4c0bc01fd3
ACC8d5569217e,PAY784b5d3943
ACC4eec11a5a4,PAYb7ab04748
ACC9e4288a59f,PAYcfa57Aa8ad
ACC16e8ebb2f6,PAY38e809e4c6
ACC079110bed8,PAY39a16aad74
ACC26131606fa,PAY6002571072
ACC4a1db86332,PAYcfa57Aa8ad
ACCf6e35b7fec,PAYd5ef9c5fee
ACC7a187a0a1a,PAY83e809e4c6
ACC9d5ad54d64,PAYd2faad801
ACC4cc36b55fc,PAY6002571072
ACCd688c5a6c9,PAY6002571072
ACC79f27f81b2,PAY38e809e4c6
ACC88d4acbd4b,PAYcfa57Aa8ad
ACC25e1da414e,PAY88d20ee8f
ACC4c00fa5968,PAY6002571072
ACC4cadb747a8,PAY53c0cd7988
ACCa991c1eeb7,PAY1407504fd3
ACC99c0833249,PAY6e45Af3815
ACC5bb262b02f,PAY3e58d0000d
ACCbcd98b46b3,PAY1407504fd3
ACC26cc64d85b,PAY91f73f2a599
ACC9e128981a6,PAY3380aca9bd
ACCe570dd3b92,PAY91f73f2a599
ACC0ee915b69d,PAY6e45Af3815
ACCcc6eee024f,PAY1e6f8ce0fa
ACC66beb1738e,PAY91f73f2a599
ACC035d575c1d,PAY91f73f2a599
ACC434ad4d0af,PAY1407504fd3
ACCf5b4e353b7,PAY91f73f2a599
ACC4c67f3e37d,PAY91f73f2a599
ACC5d7a33b4e1,PAY91f73f2a599
ACCf5f271a6cd,PAY1407504fd3
ACC193bd183aa,PAYcf861c052
ACC0709d533c9,PAY6e45Af3815
ACCe3525f288b,P8AY91f7f2a599
ACCeb7cfe0be2,PAYh1407540fd3
ACC05b77fe5b8,PAY173dd0b90f1
ACC769047085b,PaY91f7f2a599
ACC43d4b05442,PAY1407504fd3
ACC825b72675c,PAY91f73f2a599
ACC35d4eed470,PAY1407504fd3
ACCacf6708449,PAY1407504fd3
ACCdc1304e2a3,PAY1407504fd3
ACCc12b472687,PAY0f8758a38e
ACC9b64b93173,PAY7cc39b1aad
ACCb808eaa3c6,PAY0b00cf956f
ACCda6224abf7,PAY0f8758a38e
ACCef9d198661,PAY1b82076d15
ACCc569c4ebe1,PAY0f8758a38e
ACC40548f0a29,PAY44b51dc8b0
ACC3c505d8a52,PAY1ef504d4f4
ACCf1e5a424ba,PAYb9d0754484
ACCf1c167e027,PAYb9d0754484
ACCd25d69b9b7,PAYa995ca30670
ACCd63fd7d50b,PAY08f758a38e
ACC901d48a9a2,PAYa995ca30670
ACC58a52fe80c,PAY0f8758a38e
ACCa8216ebfd5,PAYf1e1f5a2ea
ACCaf72ef6e72,PAYa995ca30670
ACC874caca842,PAY0f8758a38e
ACC90a79b3517,AYa995ca3670
ACCf654902a86,PAYa995ca30670
ACCc0acf407c1,PAY0f8758a38e
ACC74667cd541,PAY52d1101964
ACCe95ecfd196,APY0f8758a38e
ACCca79ed5d44,PAY0f8758a38e
ACCcc2221ba31,PAY8f9c9fb6cc
ACC3ad98cfd4d,PYd2adfbaecf
ACC4826c21bd5,PAbY9d0754484
ACC0497c904dd,PAY2edc417eb
ACC740181b031,PAYa995ca30670
ACCda6e260f1d,PAYb9d0754484
ACC09ab8197c3,PAYb9d0754484
ACC43078f00b1,PAYeb25db3a5d
ACC72785e153b,PAbY9d0754484
ACCe904439575,PAYa9d7b156d2
ACCc7248c87d4,PAY517b908daa
ACC6f2d2ebc46,PAYcbb9e75608
ACC70f19117b8,PAY9ec6098cfd
ACC10fa39ada0,PAYa8a490fa2e
ACC0d511f10dd,PAY9ec6098cfd
ACC52783e0593,PAYe657d4c74d
ACCab30134c43,PAYe657d4c74d
ACCeef941c87f,PAY8147939bb4
ACC5e871c89d6,PAeY657d4c74d
ACC4f0a73898f,PAYe657d4c74d
ACC2f17772db3,PAYe657d4c74d
ACCb1d51bfdba,PAY8147939bb4
ACCefc2af6ae7,PAYe657d4c74d
ACCe4a94b7f20,PAY9ec6098cfd
ACC7f251e9d7a,PAY00e6a604d5
ACC4dbfd7fece,PAY8147939bb4
ACC6ba976d90d,PAYy8147939bb4
ACC0f536c0e94,PAYe57d4c74d
ACCdafbc64a52,PAYe657d4c74d
ACC7f25b9d82c,PAYebd58a2f4f
ACCf3166cd209,PAYeb58af24f
ACCd85509a3f5,PAY0857220711
ACC6bc496d052,PAYe52c548093
ACC449118f126,PAYb8132a47037
ACC5d91aa2161,PAYebd58a2f4f
ACC28a26d506b,PAYe52c548093
ACCfbd16b792f,PAY0bb262a122
ACCd55169c678,PAY6acb3aca1
ACC8be93e8fa7,PAYa5Eb04e44d
ACC4808754c47,PAY7362a6a5e6
ACCb614af6f12,PAY6a1cb3aca1
ACC6c62094e0f,PAY6a1cb3aca1
ACCab88514f1b,PAYc2ae68740f8
ACCaf4d47ee8e,PAY2a2d58a7F9
ACCcfd9d48fae,PAY6534ad6f88
ACCa09bc19736,PAY7fd448c454
ACCf01ae7af54,PAY0ca5923c1d
ACC87b3dc6849,PAYc0a5923c1d
ACCc1613defa3,pAY2a2d58a7f9
ACCc5162d84aa,PAYc0a5923c1d
ACC861b09d829,PAY2a2d58a7F9
ACC3a0c82a0bc,PAY6534ad6f88
ACC2cbe558523,PAY2a2d58a7F9
ACCc703fd480f,PAY2a2d58a7F9
ACC34950fc6ce,PAY4b6307bbcd
ACCc64f7bc4bd,PAY2a2d58a7F9
ACC55a250836f,PAY2a2d58a7F9
ACCf99f45ac64,PAY2a2d58a7F9
ACC9afdf375be,PAY2a2d58a7F9
ACC584d7c813d,PAYc0a5923c1d
ACC7c92a9489e,PAY6fcd51d016
ACCaa0c993984,PAY7f41c48584
ACCfca55faa89,PAYc0a5923c1d
ACCe7a9b3c34b,PAYc0a5923c1d
ACCfaa513a8e9,PAY6534ad6f88
ACCd8b44aa193,PAY846cb8b57a
ACC8463a3e1b1,PAY6534ad6f88
ACC2c47f3f8e2,PAY6534ad6f88
ACC9ec43cd5be,PAY6534ad6f88
ACC2582958c29,PY6534ad6f88
ACCf83508763a,PAYc0a5923c1d
ACC0ab939c990,PAYda6ab755aa
ACCdc4bebe227,PAYc0a5923c1d
ACCf4820a1d31,PAYc0a5923c1d
ACCa610b2d1d2,PAY6534ad6f88
ACC56e75f316e,PAY33cf4fe1f1
ACC3f18ed632e,PAYc0a5923c1d
ACC828077312d,PAY6534ad6f88
ACC371b1583bd,PAYa22d58a7f9
ACC240ae74e68,PAYc0a5923c1d
ACC0b92195b24,PAY4de89af9fb
ACCeb17d1a162,PAY4de89af9fb
ACC5357367cd8,PAY0b8b851babf
ACC3aa64ff5df,PAYf62316e2195
ACC052558fc9c,PAY66870b647a
ACC5fa12667e1,PAY97de9d803d
ACC26394ea54a,PAYb608cb147f
ACC9d24a34e78,PAYe945d8c714
ACCdcb5ead4ab,PAYe945d8c714
ACCd2c78c9482,PAY97de9d803d
ACCb67d2c8e5e,PAY97de9d803d
ACC25594c1385,PAY2ceeb4e471
ACCde2eb96601,PAY2ceeb4e471
ACC0ada9ee514,PaY72e476e3b5
ACC9ec35fba21,PAY97de9d803d
ACC170b2801ae,PAY075d4dd5c9
ACC74c7f4e357,PAY409e9e8025
ACC295ae416ea,PAY97de9d803d
ACC3d7d1f86da,PAxYe945d8c714
ACCaa999ba39f,PAY97de9d803d
ACCdbfc614613,PAYe945d8c714
ACC69daf9e0c7,PAYe945d8c714
ACCf2abbe8a58,PAYe45d8c714
ACC2dd4450fbd,PAYe945d8c714
ACC8aac8f48d7,PAjY769802a32a
ACC757dec6555,PAYe945d8c714
ACCf1607b6e16,PAY97de9d803d
ACCc7a1f4afa6,PAfY628b4d71fc
ACCbaa20afc06,PAY628b4d71cf
ACCfaa77a3887,PAY628b4d71cf
ACCf5b092aaf8,PAY628b4d71cf
ACC8529856f59,PYA398aa947bb
ACC989a5da383,AY398aa947bb
ACC7a6a77da82,P4AY628b4d71fc
ACC8513ca72f5,PAY628b4d71cf
ACC940574337c,PAYcb7d47ccdd
ACCd05456285a,PAYbbf0f7b3e6
ACCe500db79c8,PAYbbf0f7b3e6
ACCc03c5379ff,PAY9532c4336
ACCdacf65c939,PAY9532c4336
ACC3dc9f40cb2,PAYbbf0f7b3e6
ACC13fa2aec65,PAY582b2a9126
ACCabb3fd2335,PAY9352cc4336
ACCed4b710cd5,PAYbbbff07b3e6
ACCe2909c7b86,PAYf832db15dd
ACCe2de3c3d84,PA575a5c9730
ACC0b6236ec3e,PAYbbf0f7b3e6
ACCc8e4feadc0,PAY9y967f4f468
ACCab50591d3e,PAY9532c4336
ACC0258d1148b,PAY53259d225
ACCbe17f829ed,PAY10281ffc9a
ACCeb34bcceda,PAYa44529ab6a
ACC3ccedd4fe7,PAYdb03484236e
ACC6ba921d19c,PAY53259d225
ACCfd4f515952,PAY41d845f4d9
ACC616f491a95,PAY41d845f4d9
ACC710d63126f,PAY39b582793c
ACC56830b0e0f,PAYfnaeb642b52
ACC50cd85da96,PAY53259d225
ACCc045885297,PAY535259d22f5
ACC1cb5cb6e42,PAY41d845f4d9
ACCb36caf5a4b,PAY41d845f4d9
ACC0cfedcca86,PaYc9a74d5008
ACC5cf9c0a40f,PAY41d845f4d9
ACC5001838e3a,PAY53259d225
ACCfb022655ef,PAy53259d22f5
ACC8dbe04b9eb,PAY53259d225
ACC13abab4960,PAY0u6f1fafc5e
ACCa75515674b,PAY53259d225
ACCda894a77fe,PAY41d845f4d9
ACC4435d4a143,PAY41d845f4d9
ACCbde3750a8e,PAYba9229b7362
ACC30a6c05864,PAYd9ec2ff7c0
ACC691097804f,PAYd916acbfe
ACCfe32caab3c,PAY41d845f4d9
ACC57cd836b23,PAY41d845f4d9
ACC481f4b160a,PAY53259d225
ACCa60e9e4f95,PAY0f8109a208
ACC95a67e89f8,PAY7974f8c9c9
ACCa86ece10b5,PAY53259d225
ACCf830e15f56,PAY41d845f4d9
ACCa9b242662f,PAYf98e0a6ae6
ACC6ec3d16161,PAY12537263b3
ACC516bf4fb49,PAY53259d225
ACCbb1383f86c,PAY41d845f4d9
ACC9a836037fc,PAYdfdce05df
ACC2fb8df5718,PAY2b7fa12f3
ACC76969db83c,PAYc970bd516d
ACC55da966e2c,PAY693433165c
ACC7d9b8f530e,PAYc970bd516d
ACCb18122545e,PAY8893bbxdc13
ACC938484fba3,PAYc970bd516d
ACC51275913e0,PAYc970bd516d
ACCb80da29898,PAYc970bd516d
ACC03a43a7547,PAYb0a62d7bdb
ACC40f79f0399,PAYc970bd516d
ACCad5dd9417e,PAYdd6c0d8d8
ACC8ee78a77c3,PAY08e6f65e21
ACCc29454a188,PAYc970bd516d
ACCa4bcf0bb87,PAYc970bd516d
ACC8cbb181836,PAY9ba0b5adae
ACC4a5959ac55,PAY05f46597bd
ACC272fff454d,PAYc970bd516d
ACC0090562c8f,PAY2b7fa12f3
ACC0c3412f6aa,PYAc616b93685
ACCce47958077,PAY2B7fa12f37
ACCfe3518db4e,PAY44c5390e6b
ACC7515643861,PAYvc970db516d
ACC3bb290ca07,PAY2b7fa12f3
ACC830725ad54,PAY2b7fa12f3
ACCdebed9fc44,PAybdba48adf2
ACCb12e4b4d57,PAYc970bd516d
ACC2f9b71f1e5,PAYc970bd516d
ACCe1b5999baf,PAYc970bd516d
ACC46a72e7da3,PAYb59a142911
ACCf06de6fcf0,PAY8577785a20
ACCdfb19e0aa0,PAY0abb42677c
ACCacfc4a5982,PAY87582fe912
ACC69d42942a2,PAYae907a1224
ACCa9903f0335,PAYe989748a25
ACC40d9661956,PAY13d743f762
ACCd3da498347,PA2Y0abb42677c
ACCaea949d784,PAYfd0aefcc1
ACC2c19652b8b,PAY0abb42677c
ACC393aa4c8a9,PAY8577785a20
ACCe0a6cb171b,PAY9e85116e6f
ACCab74e4afb5,PAY9e85116e6f
ACCe5483de3af,PYAccb7961736
ACC3ab021d782,PAcc1cf6f793
ACC5b223614a3,PAY996c25cd0e7
ACCaf31413628,PAY9a21d9c5ac
ACC18fa70fb81,PAY890ae1ee84
ACC6ac60cf43f,PAY7e8c874b3c
ACC1ece5d85d3,PAY6d6255cfd0
ACC927ffab1a1,PAY05c128bfef
ACC05451e9aab,PAYcc1cf6f793
ACCd5f3706cf6,PAY69b1656201
ACC6ca0ed7c9e,PAY9a21d9c5ac
ACC6fe6f6c468,PAYae586324f0
ACC4d18ed0fc1,PAY9a21d9c5ac
ACCd9fcda6eb2,PAY61a24c096b
ACCab50591d3e,PAY4121315bea
ACC19196034dc,PAY53259d225
