account_id,ring_id,is_ring_member,coincidental_group_id
ACCf0b2f0eadf,,False,
ACCd5e571ec71,,False,
ACC15b87e6c0c,,False,
ACC72147baf76,,False,
ACC133f346aaa,,False,
ACCab8628eff0,,False,
ACCc0cc679abc,,False,
ACC684f35ad6a,,False,
ACC1c823b6e09,,False,
ACC62e1c5bec0,,False,
ACCaf51ce83a4,,False,
ACC343720ff0e,,False,
ACC40cfa45d53,,False,
ACCeb16a25942,,False,
ACCfa54da9d61,,False,
ACC74ac098384,,False,
ACC4ddeeb9c9f,,False,
ACC6546ca46ff,,False,
ACC5361f2e61e,,False,
ACCbe3ca06afe,,False,
ACCa62b5d0eda,,False,
ACCe5c0e3ac9d,,False,
ACCf48adf35d8,,False,
ACC2c765db08e,,False,
ACC05e9c20f0d,,False,
ACCe619355378,,False,
ACC96923e1116,,False,
ACC6612cf6f19,,False,
ACCe5707d2983,,False,
ACC0cc1692176,,False,
ACC5e6407807e,,False,
ACCadc2b9a0dd,,False,
ACCa257a465e5,,False,
ACC112669c2bc,,False,
ACCae0bf99ddc,,False,
ACC2e235758cf,,False,
ACC0b90a46843,,False,
ACC0a0ec66424,,False,
ACCf6a9ef18a8,,False,COINC0012
ACC5df4de57dd,,False,
ACC5c4f98ecf1,,False,
ACC19410bdd99,,False,
ACC2b7132cbc4,,False,
ACC3dbf0fe9d2,,False,
ACC1008e99eca,,False,
ACCd14f109fda,,False,
ACCd59039e700,,False,
ACCc1dba6d884,,False,
ACC02f33407ee,,False,
ACC89363458e9,,False,
ACC9265994b0d,,False,
ACCb4e1ec01c1,,False,
ACCe8645c09c1,,False,
ACC240dd86afa,,False,
ACC368d5fe75c,,False,
ACC866ebb1ab6,,False,
ACCa1f686b231,,False,
ACC5cb886baa3,,False,
ACC1f1ced1bca,,False,
ACCfc489feb22,,False,COINC0029
ACCc1621b53b2,,False,
ACCeb2e3f35a6,,False,
ACCe885db529c,,False,
ACC1b0e72594f,,False,
ACC71dd0659e8,,False,
ACCceb8987b06,,False,
ACCb89f8828da,,False,
ACCdafef26d55,,False,
ACCd8b7bcc4d9,,False,
ACCb646d220d0,,False,
ACCe947d1d969,,False,
ACCd2a55c0ebe,,False,
ACC18b3384582,,False,
ACC31b7ae4971,,False,
ACCfb956d6e6b,,False,
ACC30ae0b99e4,,False,
ACCb7d70116ac,,False,
ACC43fdb62ac6,,False,
ACC8b2c2372e5,,False,
ACCcde8d23231,,False,
ACC7f94079f8c,,False,
ACC81578ef0a6,,False,
ACC9b0b7b7110,,False,
ACC444f162d2b,,False,
ACCfb3b61a9ef,,False,
ACC406044f77e,,False,
ACC79ebf9ab01,,False,
ACCfffa44dda4,,False,
ACCb48d630d77,,False,
ACC6f66238cd1,,False,
ACC72a4debfe7,,False,
ACCdf51e1c989,,False,
ACC3db0f51011,,False,
ACCe96bfef0ca,,False,COINC0023
ACCf0a1cbcff5,,False,
ACC0d05ce59db,,False,
ACC5d0730475b,,False,
ACC4816573bd7,,False,
ACC099cafc1bb,,False,
ACC9b1a92d7cb,,False,
ACC3f04249204,,False,
ACCd19dc4444c,,False,
ACCf539c70236,,False,
ACC1ca4b1101f,,False,
ACC69d4a55f0e,,False,
ACC1016d57889,,False,
ACCb0a6a17e9f,,False,
ACC81e195f1e2,,False,
ACCb1a794c319,,False,
ACC9de0b43ba3,,False,
ACCf992271286,,False,
ACCd707170796,,False,
ACC67611aa530,,False,
ACC09f081a266,,False,COINC0017
ACC5926e04514,,False,
ACC77c3c82b56,,False,
ACC0a8ce8eef7,,False,
ACCf6c3fd70eb,,False,
ACC6f88f3422a,,False,
ACCb4016cc253,,False,
ACC517cb78208,,False,
ACCb840720d42,,False,
ACCf141723272,,False,COINC0039
ACC9006f5aa4e,,False,
ACC980b690791,,False,
ACCba1bf8502c,,False,
ACCd851bd15f0,,False,
ACC1a194bf752,,False,
ACCf4d6da67de,,False,
ACC613fb9606b,,False,
ACC9375ab556a,,False,
ACCd059d2ea7c,,False,
ACCce189e8202,,False,
ACC3593dce2c0,,False,
ACC26819e1def,,False,
ACCfbab76d3b3,,False,
ACC2caba93dcc,,False,
ACCdbfd26b1e0,,False,
ACCa1cd81cfc1,,False,
ACC2e9d248607,,False,
ACC48426db468,,False,
ACC7d0b565af7,,False,
ACC3040b53e8c,,False,
ACC54a23ff39e,,False,
ACC95106bc805,,False,
ACC3627457f8b,,False,
ACC8d126e7613,,False,
ACC2c15f0d71f,,False,
ACCe00f8a8a1b,,False,
ACCcb26ef2a0f,,False,
ACCcd41543c6b,,False,
ACCc27b360f07,,False,
ACC5dab3e94e5,,False,
ACCd2c539c524,,False,
ACC00423e3001,,False,
ACCc095599759,,False,
ACCc7184b2af6,,False,
ACC1319ed6d38,,False,
ACCea92611f8f,,False,
ACCd83a1de196,,False,
ACCddf1abb834,,False,
ACCb54ce9a4fe,,False,
ACC968cdb8301,,False,
ACC1528a7d61a,,False,
ACCbcd7d2c638,,False,
ACC8147453178,,False,
ACC1301e00b76,,False,
ACC956f95327c,,False,
ACC183d191c9f,,False,
ACCbde2992ec1,,False,
ACCd1b8d4a0b6,,False,
ACC1568f25ee1,,False,
ACC394d80d903,,False,
ACCc2cbcd2298,,False,
ACC6e5e473857,,False,
ACCef762ecca8,,False,
ACC40b2b6537e,,False,
ACC0e696eae24,,False,
ACC53e9a5e3a3,,False,
ACCeb8f345bad,,False,
ACCb1662afd70,,False,
ACCecc98cfc55,,False,
ACC7695ace2a1,,False,
ACCd2eb3ff297,,False,
ACC04b95563cf,,False,
ACCf8e615c4ee,,False,
ACCaa59fa89e9,,False,
ACC77de6b0689,,False,
ACCc682838bf6,,False,
ACC0881ef3e95,,False,
ACC023b32103e,,False,
ACC1858ceece0,,False,
ACC1ff33f6dfc,,False,
ACCd5fefad958,,False,
ACC786238d95b,,False,
ACC426c806157,,False,
ACC121d65a03d,,False,
ACC4d6b1bbcd6,,False,
ACC26a8fb66c8,,False,
ACCfedc5f7b3b,,False,
ACC44f09bd9f2,,False,
ACC071f5461a5,,False,
ACCab0e67d118,,False,
ACC670c924bfa,,False,
ACC110cf0b515,,False,
ACC4182dc5f6c,,False,
ACCbb9c7f8a97,,False,
ACC92595a1689,,False,
ACC6bfb9d36f3,,False,
ACC0d6af638d7,,False,
ACC8aa6571f3e,,False,
ACC40e486057b,,False,
ACC53d8e4643d,,False,
ACCdb921c75b3,,False,
ACC1019416cf3,,False,
ACC61304b6e37,,False,
ACC4d9769ba44,,False,
ACCe2870488e8,,False,
ACC60efc79db1,,False,
ACC93d36b27a9,,False,
ACC31931c9a25,,False,
ACCe849e1b17e,,False,
ACC3b80077a4f,,False,
ACC6786b7f4b8,,False,
ACCd7bdbfdfd1,,False,
ACC4b7b268e0b,,False,
ACC64c2b36c92,,False,
ACC02db649358,,False,
ACC5b08defb36,,False,
ACC8ba193fc8f,,False,
ACC7ba1d63eab,,False,
ACCa2d630aae5,,False,
ACC63ca56a164,,False,
ACC709e5381bd,,False,
ACCba8f2b2a19,,False,
ACC139367cdbd,,False,COINC0041
ACCe81f2612e9,,False,
ACCf4ac96c7a6,,False,
ACC7a161a8d9b,,False,
ACC313a383040,,False,
ACC83e4ad1d41,,False,
ACC61dee9f304,,False,
ACC31f2549209,,False,
ACC2088c3b283,,False,
ACCff3d9ef8f7,,False,
ACC465680e413,,False,
ACC1fd987e232,,False,
ACC57378b77cb,,False,
ACC71ac05b75b,,False,
ACCb02932d4f2,,False,
ACC044f75d1ca,,False,
ACCd6cbfa37a9,,False,
ACC228703e1d0,,False,
ACC1b72992b94,,False,
ACC5f406fdaa0,,False,
ACC4ecf0b3eba,,False,
ACCe56f5fd34b,,False,COINC0045
ACC0927978ead,,False,
ACC4336793043,,False,
ACC9991e21fd2,,False,
ACC2b76c4d025,,False,
ACCf909cf9552,,False,
ACCa3f190a0fd,,False,COINC0049
ACCb5dca12171,,False,
ACC6e789caa42,,False,
ACCd89510d292,,False,
ACCb35d4611e1,,False,
ACCc27f0a4f40,,False,
ACC5907de4884,,False,
ACCdeede38f19,,False,
ACC7d4739d907,,False,
ACC8ea9fd1a53,,False,
ACC0fe412acbc,,False,
ACC32b2f451fb,,False,
ACC3ca240b3dc,,False,
ACC4628c49bf8,,False,
ACCa2967e35b2,,False,
ACCd75c0b8a55,,False,
ACCd638961c03,,False,
ACCe9f0a22984,,False,
ACC75fdb0164c,,False,
ACC326acd9bcf,,False,
ACC332bb7c33c,,False,
ACCd0dce2b425,,False,
ACC4c76e4ab86,,False,
ACC5f09a77a04,,False,
ACC34dcb5b1f4,,False,
ACC0b55557a32,,False,
ACC83948e4763,,False,
ACC1639b064ad,,False,
ACCaa6fa5f7ce,,False,
ACCf1d92b9c0a,,False,
ACCb491c1b271,,False,
ACCc99372287b,,False,
ACCb0085327b2,,False,
ACCc4262f2da7,,False,
ACCf31ffc2125,,False,
ACC4da96ab79c,,False,
ACC4074d082a9,,False,
ACC6493047003,,False,
ACC8251cf8370,,False,
ACC60def46960,,False,
ACCc0d301e43c,,False,
ACCca50d77353,,False,
ACC2dc70ddcaf,,False,
ACC25cb120832,,False,
ACC7e7e620dce,,False,
ACC9790bde816,,False,
ACC5297fea556,,False,
ACC2876086c28,,False,
ACC7fe2a349f5,,False,
ACC96ee21d2d2,,False,
ACC56be9af10d,,False,
ACC09ef195994,,False,
ACC28f8c9fe21,,False,
ACC388eb3b344,,False,
ACC5f65865567,,False,
ACC01ccd7e7ff,,False,
ACC28c882a261,,False,
ACC1b907ad3fc,,False,
ACC284e6e9de0,,False,
ACC2f0e2f5623,,False,
ACCab16c62f85,,False,
ACC3c97e3fee2,,False,
ACCf0597f7fb1,,False,
ACC0e162ada8e,,False,
ACC0068779e5b,,False,
ACC7b0fa03b96,,False,
ACC4900e543df,,False,
ACC789f156f22,,False,
ACC0a78198a06,,False,
ACC90df7c772e,,False,
ACCb8abd26ebe,,False,
ACC9dbcb47fb4,,False,
ACC6f0d9234e7,,False,
ACCdbce1dec46,,False,
ACC1f38b816d3,,False,
ACC49b9f43947,,False,
ACCc7209fb967,,False,
ACC0f07be06d7,,False,
ACCcdb295e841,,False,
ACC44beb9b716,,False,
ACCe3374082d2,,False,
ACC5528885d71,,False,
ACC228e7ebc4e,,False,
ACCfafd6df70c,,False,
ACC967da819e4,,False,
ACC11870d8d52,,False,
ACCbe6c90a408,,False,
ACC905f089459,,False,
ACCd12dd88f42,,False,
ACCa857c05dd7,,False,
ACC5db2db11ae,,False,
ACC620714374a,,False,
ACC9c1db95def,,False,
ACC5a0931ce5b,,False,
ACCf905dcf8ee,,False,
ACC70e1a10351,,False,
ACC25c8275070,,False,
ACCb137316eec,,False,
ACC7e3eb5c84a,,False,
ACC1c9e5b01b3,,False,
ACC2215f86ca0,,False,
ACC262ba3def2,,False,
ACCbb00c93ef8,,False,
ACCa197d74d28,,False,
ACCca91a23323,,False,
ACC7c17314a5a,,False,
ACCf4d3d88e1d,,False,
ACC3a4a9d9587,,False,
ACC05dce3b371,,False,
ACCc1ca41a7ab,,False,
ACCb3ef133098,,False,
ACC1c0e60d5f6,,False,
ACCf9ca58f90d,,False,
ACCfe051d0a11,,False,
ACC890039c27b,,False,
ACC7c9c17ae96,,False,
ACCb9583ffb10,,False,
ACCfa3ef1fc0d,,False,
ACCdfaf6d792d,,False,COINC0018
ACC7b60c34180,,False,
ACCe51876499c,,False,
ACC1287238bb4,,False,
ACC116c0fddfd,,False,
ACCb670e20cd8,,False,
ACCe323328d53,,False,
ACCd69375fb7b,,False,
ACCce6c859069,,False,
ACCdf897e2c05,,False,
ACCd7101f80c8,,False,
ACCd7777cc331,,False,
ACCc067847041,,False,
ACC3a810bb2c3,,False,
ACC15e1950e47,,False,
ACC9305131643,,False,
ACC3505022b9c,,False,
ACCea4edd1422,,False,
ACC52f4078ed3,,False,
ACC9a5eb0fbeb,,False,
ACC8dc2b3c156,,False,
ACC783cc800fe,,False,
ACC19e3aa6787,,False,
ACC231cde3259,,False,
ACCd80030ce04,,False,
ACC07397e02ed,,False,
ACCe2492eefff,,False,
ACC6cbecaa55a,,False,
ACC107da4bf8f,,False,
ACC07e983bcfc,,False,
ACC1871d406aa,,False,
ACC05bf8bdce7,,False,
ACC43f0e41a54,,False,
ACC814e197754,,False,
ACC6c3e2f87e8,,False,
ACCa9db3ad7c7,,False,
ACCb360415443,,False,
ACC9cb88193b3,,False,
ACCa297b0654c,,False,
ACC2fb4369e38,,False,
ACC3c972e4a6b,,False,
ACCca611b1679,,False,
ACC6cad5b8f55,,False,
ACC67203f2f32,,False,
ACC5c815f3925,,False,
ACCf868d9f8f4,,False,
ACCac8d9881d8,,False,
ACC5282c3b8ce,,False,
ACCe0dba081fe,,False,
ACC4765950e38,,False,
ACC329b02675a,,False,
ACC71509fb16d,,False,
ACC3a75e023d9,,False,
ACCbed015154c,,False,
ACCf9da39b0db,,False,
ACC0c848439e4,,False,
ACC3dc4901698,,False,
ACC624eb69dc4,,False,
ACC2d5d9f72e3,,False,
ACC2d30aa1d22,,False,
ACCd5a2b008ad,,False,
ACC8ea6c5ee42,,False,
ACCd9edd38f52,,False,
ACC8f80d04fcb,,False,
ACCf3db63df5d,,False,
ACC3402ef2642,,False,
ACCab1f55db1b,,False,
ACC98e4e55ee8,,False,
ACC49399d155c,,False,
ACCe9b2a93054,,False,
ACC396bf32ce0,,False,
ACC5ea6a895e7,,False,
ACCf91613da7f,,False,
ACCabab104715,,False,
ACCac127883fc,,False,
ACCf4d7f388eb,,False,
ACC8bafedaa85,,False,
ACC81ce25f54b,,False,
ACCc57525870d,,False,
ACCcf087785c9,,False,
ACCb22dbc5d71,,False,
ACC0a58793d7c,,False,
ACCed7f94d09b,,False,
ACC69523851e5,,False,
ACCdf08e52bd4,,False,
ACC4149d6ffae,,False,
ACC8736e1c9df,,False,
ACC1824cd4b5d,,False,
ACCe0b797f61c,,False,
ACC8f3ee65f6e,,False,
ACC1a3afd71ad,,False,
ACC2f8ea4cc41,,False,
ACCa621fb8b55,,False,
ACCe5557bec09,,False,
ACC184c120e4d,,False,
ACCa8a9a91c1c,,False,
ACCf1a1cddcc5,,False,
ACCf88ae3bbfa,,False,
ACC4b682c6612,,False,
ACCaa3cf660e3,,False,
ACCa6185c6fba,,False,
ACCc2bb24bcd8,,False,
ACC3d8bb41bda,,False,
ACC158d22b095,,False,
ACC10f10d992d,,False,
ACCf5006b7821,,False,
ACC079ac14568,,False,
ACC511ccc61a1,,False,
ACC97da147538,,False,
ACC62093f63c8,,False,
ACC9faaaa7432,,False,
ACC29adeb51f7,,False,
ACCb95c90ad78,,False,
ACC90208ed076,,False,
ACCd4cd094060,,False,
ACCea946fe4ec,,False,
ACCf44006bb44,,False,
ACC01edb26259,,False,
ACC531751f233,,False,
ACC91d9133779,,False,
ACCe477324df5,,False,COINC0014
ACC9633fbbf69,,False,
ACCafdf808fca,,False,
ACCfe6070ccc0,,False,
ACC2dc8d86ce3,,False,
ACCe697ae7c31,,False,
ACC59b3535f6c,,False,
ACC351b58a4ab,,False,
ACCb95af52b7c,,False,
ACC0b99b78574,,False,
ACC244291be17,,False,
ACC5c2e5b9b73,,False,
ACC6ed2ba050d,,False,
ACC76161afa6d,,False,
ACC8bbe7d544b,,False,
ACCd5252294e7,,False,
ACC35385fbe97,,False,
ACC779a1900ba,,False,
ACC570045642f,,False,
ACCce6c8e9036,,False,
ACCe3fae06595,,False,
ACCe4607d51cc,,False,
ACCf80dc7c532,,False,
ACCc0614b3151,,False,
ACC080ff25a03,,False,
ACC89991136cb,,False,
ACC182e214e4b,,False,
ACC978aad662b,,False,
ACCb414ca368f,,False,
ACC375e8df671,,False,
ACC74ddb11053,,False,
ACC5eac5743f5,,False,
ACC8c5dcdf793,,False,
ACCd4ae6be555,,False,
ACCe83c31df83,,False,
ACCbf10a49a0f,,False,
ACCbb119930c2,,False,
ACC0a8c195528,,False,
ACC359d25e235,,False,
ACCe44c619d5a,,False,
ACC2cd54a7255,,False,
ACC4f75c38a16,,False,COINC0023
ACCb3eae32a59,,False,
ACC380732e979,,False,
ACCadc37da618,,False,
ACC9916757f08,,False,
ACC0c07ec01ca,,False,
ACCf3f79ffcef,,False,
ACC65239454d0,,False,
ACC260e8038e3,,False,
ACC7caa3f9d9c,,False,
ACC2945049a76,,False,
ACC9b7e811dbc,,False,
ACC4baaf7e044,,False,
ACC5119692cb8,,False,
ACCf5fd2c8209,,False,
ACC0c9248ffed,,False,
ACC1c9217c77b,,False,
ACCde7f6dbb52,,False,
ACCe0979cf7e7,,False,
ACC1df6edf5f4,,False,
ACC7ce1b13cd7,,False,
ACCfb76efb1d4,,False,
ACCe08e369bc6,,False,
ACC6a42565610,,False,
ACCb4c9e30140,,False,
ACCf24dc600f7,,False,
ACC061cd37269,,False,
ACCe9c38012cc,,False,
ACC9c8a62f008,,False,
ACCda55c1ad62,,False,
ACCe2fa2cc141,,False,
ACC9eb62b5e6c,,False,
ACCd008ff5f98,,False,
ACCa4e810e1ec,,False,
ACCec7e167cc1,,False,
ACC585e403027,,False,
ACC87a41b627f,,False,
ACC96049a9525,,False,
ACC0e08a85985,,False,
ACC5495bd02b1,,False,
ACC93f8490229,,False,
ACCeeaa363714,,False,
ACC2566e8fea8,,False,
ACC29984f8f03,,False,
ACC38f0498600,,False,
ACC5241374117,,False,
ACC1e03300f0e,,False,
ACC1e27871462,,False,
ACC8b2fe47be4,,False,
ACC293c3b4290,,False,
ACCc5212100b3,,False,
ACC0e48762e95,,False,
ACC587020b225,,False,
ACC8c9973d3d9,,False,
ACCe6ec08c1bc,,False,
ACCc1828d66e3,,False,
ACC945f0e90b4,,False,
ACC8d70e58888,,False,
ACC519f8e1743,,False,
ACC270513a431,,False,
ACC21babb056d,,False,
ACC04bac6c822,,False,
ACC7bc68698f4,,False,
ACC65315f74cb,,False,
ACCd99581ca72,,False,COINC0030
ACCb96ae6bc39,,False,
ACCd1f2427f26,,False,
ACCabbe3e57a4,,False,
ACC6687f60d4e,,False,
ACC4ea10a430c,,False,
ACC285a65b36c,,False,
ACC508ec463df,,False,
ACCf7fac7272f,,False,
ACC22063e66fd,,False,
ACC55e0fadc9c,,False,
ACCe943227159,,False,
ACC6b92bc6845,,False,
ACC3f043c45f7,,False,COINC0001
ACCa302c6ecef,,False,
ACCaf63038627,,False,
ACC9eed785f7b,,False,
ACC6f7371eebb,,False,
ACC9396b85139,,False,
ACC7dfe2d0de8,,False,
ACC6a0e1f85ef,,False,
ACCd6b70b3d03,,False,
ACC1a0a6ee21e,,False,
ACCa97af74aff,,False,
ACCf41b046b81,,False,
ACCff24886535,,False,
ACC89dab3a7b2,,False,
ACC2e3899e899,,False,
ACCbbd82848bc,,False,
ACC8bbbff605e,,False,
ACCa3d3a3a44c,,False,
ACCa732aa6735,,False,
ACC013f6c689d,,False,
ACC61f0546984,,False,
ACC4836d82e05,,False,
ACC18d4fb946f,,False,
ACCabcb6f5f3e,,False,
ACC40ded5682e,,False,
ACC6c3fd63c05,,False,
ACC424f2c0a61,,False,
ACC85f00747a4,,False,
ACC025ff58923,,False,
ACC8a5be16c19,,False,
ACC5fb02a22dd,,False,
ACC02d461212b,,False,
ACC021824160a,,False,
ACCfca90a60a5,,False,
ACC59ff4e662b,,False,
ACC3d5aab0aec,,False,
ACC04c8d3c808,,False,
ACC71ac731436,,False,
ACCd057ab8e47,,False,
ACCc0333dd765,,False,
ACCd0f956848b,,False,
ACCc7a45581a9,,False,
ACC2c010f00f6,,False,
ACCaa0e431f14,,False,
ACCef38c9cb5c,,False,
ACCe237f51446,,False,
ACC5b23308d2c,,False,
ACC593b2e1ba4,,False,
ACC54690a5507,,False,COINC0015
ACCadc4df2a6e,,False,
ACC634367483f,,False,
ACC5869f13256,,False,
ACC316cb8169e,,False,
ACCb746419e28,,False,COINC0026
ACC38b660b35c,,False,
ACC80deb90b9c,,False,
ACC416cf634da,,False,
ACC75c2ccfaa7,,False,
ACC7888724b25,,False,
ACC9c31586343,,False,
ACC1dee8e27d1,,False,
ACCbbd247ee63,,False,
ACC8b40ce310a,,False,
ACC25f8f7b01d,,False,
ACC46e1550f98,,False,
ACC03d39b755d,,False,
ACC3bdecd8174,,False,
ACCd282df4eb0,,False,
ACC17745d615a,,False,COINC0030
ACC099d68e80c,,False,
ACC44cb070ac3,,False,
ACC85380f22c9,,False,
ACC213341dde6,,False,
ACC3809d62967,,False,
ACC3a13457e98,,False,
ACCd27dce2175,,False,
ACC1bb5b87ca4,,False,
ACC1fbef8b81b,,False,
ACCb19160f2e2,,False,
ACCb0f9787c14,,False,
ACC8d6799de58,,False,
ACC944f6d8797,,False,
ACCa6d340128b,,False,
ACC4dff7529e1,,False,
ACCd7d733cae8,,False,
ACCf37a7df84b,,False,
ACC1a1b10792a,,False,
ACC17ef39888a,,False,
ACCc9a80d3fc6,,False,COINC0007
ACCddcb5511fd,,False,COINC0003
ACC80ac42ca56,,False,
ACCea886675a1,,False,
ACC6b281cf9a6,,False,
ACC9f40912d57,,False,
ACCc4f6c31616,,False,
ACCcee2f01db3,,False,
ACC7e9e73bb43,,False,
ACCdb2c65b4fb,,False,
ACCcaa1962a9a,,False,
ACC61f036ddcb,,False,
ACCbbe61c73cb,,False,
ACC7833dd2f39,,False,
ACC49cafa1c0e,,False,
ACCfded8751a9,,False,
ACC58d4d7260c,,False,
ACC9fa257e9da,,False,
ACC98c6c3f968,,False,
ACCecc9dff638,,False,
ACC27fcfde3f8,,False,
ACC704499f33b,,False,
ACCe74fecd487,,False,
ACCf42822b1fc,,False,
ACC383d194031,,False,
ACCa3c9e6f406,,False,
ACC60afe2340d,,False,
ACC1676a7d9a6,,False,
ACC704f319753,,False,
ACC6f062715de,,False,
ACCc661f6b5d5,,False,
ACC0e574451a5,,False,
ACC8423e5f6bc,,False,
ACC58e8c89c21,,False,
ACC3177543502,,False,
ACC8dfd3829af,,False,
ACC47e99b788c,,False,
ACC8cc2cfd26b,,False,
ACCc2a3f5e588,,False,
ACC149eafcb77,,False,
ACC358d6be4e5,,False,
ACC3b48e40842,,False,
ACC63104ed466,,False,
ACCd7b59cb2f3,,False,
ACC8476861917,,False,
ACC0e2fd1eac7,,False,
ACC030ba2faf7,,False,
ACCab60232923,,False,
ACC7a03b62438,,False,
ACCf01af13dd5,,False,
ACC8f37d05d38,,False,
ACCa0a80f33b8,,False,
ACC7a373f4f25,,False,
ACC73c294a63f,,False,
ACC9760be4efe,,False,
ACC9892fb4883,,False,
ACC59eda81f4d,,False,
ACCe0ab36745a,,False,
ACC2d0c412757,,False,
ACCf704634828,,False,
ACC6be58ff05c,,False,
ACC4ca66bb6cf,,False,
ACC0e40697e5f,,False,
ACCb664e42690,,False,
ACC8ffb52b857,,False,
ACC3d723a62b8,,False,
ACCf98f2c4b8f,,False,
ACCe3ff116c43,,False,
ACCb506513e6c,,False,
ACC63f22e87dd,,False,
ACCa483e74c9e,,False,
ACCf405623c8c,,False,
ACC74021a74cd,,False,
ACC5886966116,,False,COINC0041
ACCf8bbe0733a,,False,
ACC8487e89eaf,,False,
ACCa0d6241d01,,False,
ACC499fa5bb6e,,False,
ACCb1f1683c9e,,False,
ACC9a455442f6,,False,
ACC3699d47105,,False,
ACC5dc1f8080c,,False,
ACC59c1896bd1,,False,
ACCbe0b5851fb,,False,
ACCf5302357c9,,False,
ACC511c4093f5,,False,
ACC1476936f8e,,False,
ACC7c6c1cfeaf,,False,
ACCb4f721cd19,,False,
ACC5b15c44a9e,,False,
ACCfdb7825618,,False,
ACCbe02c9e591,,False,
ACC2c836d5523,,False,
ACC0fbd048e18,,False,
ACC82f7d08e95,,False,
ACCa65b153117,,False,
ACC1fcafde28c,,False,
ACCea8b2b26d3,,False,
ACCee32bf8abc,,False,
ACC06cd8b4e98,,False,
ACCe9cb47a509,,False,
ACCdc5c57334a,,False,
ACC0ade37e639,,False,
ACC3867ef3837,,False,
ACC5f43f3cfc5,,False,COINC0047
ACCc3efa4966b,,False,
ACC609265ebdc,,False,
ACC84879d080d,,False,
ACC74e7655bdc,,False,
ACCded28f068a,,False,
ACC7ab58f8843,,False,
ACCf5ce4ba00b,,False,
ACC5b53aca1c2,,False,
ACC4129a83288,,False,
ACCc505d79329,,False,
ACCe53b6603cc,,False,
ACCc64bc0ce0b,,False,
ACC58dd91570e,,False,
ACC415a3bc11a,,False,
ACC1b6ec2ac51,,False,
ACC99924caad9,,False,
ACC368fa4f527,,False,
ACCc3da922931,,False,
ACCa46eba8896,,False,
ACC40d9a39191,,False,
ACC916e24cc38,,False,
ACC106ecad932,,False,
ACC4d61244f55,,False,
ACC69fb428feb,,False,
ACCa07866e6dc,,False,
ACCd00483304c,,False,
ACCaf4602fd87,,False,
ACCbb75cf30e0,,False,
ACC9dfba2dbe8,,False,
ACC9a5c9952a2,,False,
ACCa61098384a,,False,
ACC7ab4879130,,False,
ACCad958b5a49,,False,
ACC3d84a939ab,,False,
ACC9033e99467,,False,
ACCc1f7a9a60b,,False,
ACC35c12ba0a1,,False,
ACC907366b51d,,False,
ACCcb45efe71f,,False,
ACCc6a30bf913,,False,
ACCd3af4169d7,,False,
ACC518911d5e7,,False,
ACCc0a189be32,,False,
ACC2d0fafefc9,,False,
ACC1184ed144d,,False,
ACCa60ef075e8,,False,
ACC5311d791ee,,False,
ACC18fe25af8c,,False,
ACC33f5ce23e0,,False,COINC0009
ACC5c87718f0e,,False,
ACCe2df7644e1,,False,
ACC7e97a723a3,,False,
ACCef81c2463e,,False,
ACC4e40b84525,,False,
ACC541a6af796,,False,
ACC0c491b4417,,False,
ACC974bf8af19,,False,
ACC300bb4d38e,,False,
ACCffe33bfffb,,False,
ACC3c3c63b825,,False,
ACC94e3f446fd,,False,
ACC088484a47e,,False,
ACC3b47c95071,,False,
ACC6000c45985,,False,
ACC07529b167f,,False,
ACC5b44b380c0,,False,
ACCc09e10b1c3,,False,
ACC63183efb12,,False,
ACC320625ff83,,False,
ACC939abb1a70,,False,
ACC2fe3917068,,False,
ACC3707a70528,,False,
ACC3f503b5a21,,False,
ACC5693a66b80,,False,
ACCc57addacf4,,False,
ACC2232d1ad9d,,False,
ACCa09c46aa92,,False,
ACC85b2d59bfe,,False,
ACC33065b4662,,False,
ACCacb71b2165,,False,
ACC37c5efc827,,False,
ACCe5809b0a72,,False,
ACC4456051ba4,,False,
ACCc8419618aa,,False,
ACCe30cf9885e,,False,
ACCc6f6e20e24,,False,
ACC2ebcca8a5d,,False,
ACC62a582b0c6,,False,
ACC8ef4924bdc,,False,
ACCff5e474603,,False,
ACC0fb9191375,,False,
ACC223a4bb0d6,,False,
ACC71a422cf69,,False,COINC0035
ACCc70217831d,,False,
ACCbb3d82b9ac,,False,
ACCa298eb7a55,,False,
ACC2fe71aef15,,False,
ACCd2eb7199d4,,False,
ACCc7456f752c,,False,
ACCc3ba6ba97f,,False,
ACC25cb24ed5d,,False,
ACC842673c022,,False,
ACCf9a8663137,,False,
ACC6c5cd5a6b5,,False,
ACCb93eb3df4e,,False,
ACC3f674272f8,,False,
ACC3cce79fefd,,False,
ACC213a21a35b,,False,
ACC064e0e0ab4,,False,
ACCfd8ec2330e,,False,
ACCddb09b17cf,,False,
ACC101d750361,,False,
ACCfcc1412168,,False,
ACC024999c781,,False,
ACCa392e74af8,,False,
ACCc1acb5fdaa,,False,
ACC3b78ce29a5,,False,
ACC2c6267e74a,,False,
ACC607a1635e6,,False,
ACCfb4da35281,,False,
ACC86638406d3,,False,
ACCb0a9600acb,,False,
ACC0fc4d391a6,,False,
ACCc472fe83df,,False,
ACCd89dcbe384,,False,
ACC67b843abd7,,False,
ACC8176067939,,False,
ACC64ed47b348,,False,
ACC55efa96402,,False,
ACCb16ba47749,,False,
ACCd0bf8c88fe,,False,
ACC117ce46df0,,False,
ACC7e070c7df4,,False,
ACCbae27829a8,,False,
ACC26fad15e14,,False,
ACC838bdb2cb1,,False,
ACC8a0239d2c2,,False,
ACC0c8674efab,,False,
ACCe8d2b3be7b,,False,
ACC3d5b9df6f7,,False,
ACC7e3957c8ad,,False,
ACCbebdb31aa9,,False,
ACC6af546e232,,False,
ACCc236bcee51,,False,
ACC361d305cb0,,False,
ACC2f7f0e3f58,,False,
ACC15c8768406,,False,
ACCe2af2fbcba,,False,
ACC2c512b9bcc,,False,
ACCff67dd0ba1,,False,
ACCaf5cd45f69,,False,
ACC54278657ba,,False,
ACCd5a7294bc9,,False,
ACC26ffbdc5a4,,False,
ACCf6afb501ef,,False,
ACC66e29d6188,,False,
ACC657a806d2c,,False,
ACC6386e68cae,,False,
ACCf75f05ab45,,False,
ACCe9b67ae8c4,,False,
ACC824751721a,,False,
ACC409f7db647,,False,
ACC3c9f81b92f,,False,
ACCe1c2657f0b,,False,
ACCb2126ddf85,,False,
ACCa8704cd12f,,False,
ACC3fe8c90c18,,False,
ACCddf706d437,,False,
ACC56b358c194,,False,
ACC64e4295cd8,,False,
ACCdc7960f2a3,,False,
ACC09c86f15a0,,False,
ACC8a48f7a996,,False,
ACCfc08d9f636,,False,
ACC5dd69bda33,,False,
ACC51e28d2255,,False,
ACC55af2c97e0,,False,
ACC4dc36e83de,,False,
ACCfca4274bc1,,False,
ACC6cf34d265d,,False,
ACC2e0038652a,,False,
ACC8b812f22e9,,False,
ACCf00e94d4da,,False,
ACCe285c05a1d,,False,
ACC0a3223c589,,False,
ACCd738e13646,,False,
ACCf3dddc266b,,False,
ACC043ebbb8d5,,False,
ACC7ff860bc17,,False,
ACC968630a3ae,,False,
ACC5d315bfd0a,,False,
ACCda17480dd9,,False,
ACC798023ccb8,,False,COINC0034
ACC2aa02e08df,,False,
ACCeeb5399f45,,False,
ACCee3c99d099,,False,
ACCbbb4c8f605,,False,
ACCe861410245,,False,
ACC0d54fe6599,,False,
ACC93e458ea7e,,False,
ACC296ba5203d,,False,
ACC18d374ada3,,False,
ACC9cc54caf73,,False,
ACC7962a5a9f1,,False,
ACCce95ee3382,,False,
ACC3e8cf02022,,False,
ACC46384d8c65,,False,
ACCdaeb0ba85c,,False,COINC0036
ACC41650e2bcf,,False,
ACC89d3489c5d,,False,
ACCc9e94ae5a0,,False,
ACC153e2f5924,,False,
ACC960e18afe3,,False,
ACC27ce3a28dd,,False,
ACC9110cc0197,,False,
ACC99d7cedfd8,,False,
ACCa96535daa4,,False,
ACC7b312208a6,,False,
ACC6f424b4f6d,,False,
ACCdde80e16b4,,False,
ACCe9708323c1,,False,
ACCef263cddfb,,False,
ACC9b9623ad4b,,False,
ACC496905b42b,,False,COINC0011
ACC0bbab33db4,,False,
ACC54e6ba4786,,False,
ACCa47ffa24cd,,False,
ACC16d7051fcf,,False,
ACC3e452d6a94,,False,
ACC3f6a946112,,False,
ACCa5417f6493,,False,
ACC1e4e064ccc,,False,
ACCb20b2a8257,,False,
ACCfdf1028a80,,False,
ACC3e05f0e816,,False,
ACCe7e15f2dae,,False,
ACC0a46901991,,False,
ACC9bd3085a88,,False,
ACC9f9fa58e8a,,False,
ACC1131ef77f9,,False,
ACC648989c87e,,False,
ACC3b144ab1cc,,False,
ACC26a1c7e991,,False,
ACC4c861c319a,,False,
ACC028e3e1122,,False,
ACCf582d54df5,,False,
ACCc947db7629,,False,
ACCffa1b83dbe,,False,
ACC4822771518,,False,
ACCfbec9366b1,,False,
ACCed70a7daa4,,False,
ACC6923fa9f26,,False,
ACC5047b90582,,False,
ACC7e01ee469d,,False,
ACC03916f50bf,,False,
ACCe9249d0d0f,,False,
ACC05ea9a39a8,,False,
ACC3f08f93374,,False,
ACC0a7b09c3f4,,False,
ACCec25997d61,,False,
ACC6dafa670a6,,False,
ACC111019d138,,False,
ACC254e09fb36,,False,
ACC74ae9816d9,,False,
ACC0d09816153,,False,
ACCc13c1d25f8,,False,
ACCba78edf632,,False,
ACCd9147b61de,,False,
ACCaa6fa93e5b,,False,
ACCa618364780,,False,
ACC3810954fe2,,False,
ACCe8ab806746,,False,
ACC1a2435bb6a,,False,
ACCf5067f157e,,False,
ACC48a30c9979,,False,
ACC52f7c1b59e,,False,
ACC9c204aa419,,False,
ACCbfbe2803ac,,False,
ACCe045377836,,False,
ACCbe41e68023,,False,COINC0042
ACC9a53c72fc1,,False,
ACCb99de08d7b,,False,
ACC458d637960,,False,
ACC7588c68ea8,,False,
ACC9fac892ecc,,False,
ACC34ccac252c,,False,
ACC12faea4635,,False,
ACC3b0d76043b,,False,
ACCbaa28c5fcd,,False,COINC0040
ACC831469e560,,False,
ACC7caa95c194,,False,
ACC777f9c82bd,,False,
ACC6b39bdbf81,,False,
ACCbba5f5788d,,False,
ACCe2c5b6d32e,,False,
ACC80ac916179,,False,
ACC53bc4b3200,,False,
ACC6d278c2e13,,False,
ACC148b6cbcb3,,False,
ACC4d33066304,,False,
ACCd9e423f64a,,False,
ACC5e371cb35b,,False,
ACCb973447202,,False,
ACC0b56e5671c,,False,
ACC2049825f16,,False,
ACCb2a8ef2970,,False,
ACC1bd4435841,,False,
ACCc0583d672f,,False,
ACCb2f852c387,,False,
ACC3d1ca9d95a,,False,
ACC99e3945cde,,False,
ACC07da9f87b6,,False,
ACC8f3271c54a,,False,
ACC3a8e77180e,,False,
ACCfc3caa94a6,,False,
ACC24c17bacd2,,False,
ACCadd7075aab,,False,
ACCdd63525a57,,False,
ACC8587b2235f,,False,
ACCcabba8e926,,False,
ACCb62ed07b92,,False,
ACC20c253dc2a,,False,
ACCf20072ea3b,,False,
ACCc259c2a89c,,False,
ACC6a5339f269,,False,
ACCea4c7f5450,,False,
ACC676c2068eb,,False,
ACC84b0bd11d7,,False,
ACC227d20df5d,,False,
ACC2fd91508fa,,False,
ACC0229d45ce8,,False,
ACCa73564a5ae,,False,
ACC489a0038f4,,False,
ACC465b2c889a,,False,
ACC040156c924,,False,
ACCe1e09784d8,,False,
ACCbd40392e0b,,False,
ACC1c9c9e70c4,,False,
ACCd1c6542813,,False,
ACC4b22a7b1c6,,False,
ACC4b9a41be14,,False,
ACC613b2612c9,,False,
ACCa89f33af21,,False,
ACC6a28d9ff8c,,False,
ACCdc3f3f5889,,False,
ACCf8577a1886,,False,
ACC20b4cba448,,False,
ACC1aba2add20,,False,
ACC0e6bd11635,,False,
ACC53e1497d85,,False,
ACCa27c0192b2,,False,
ACC0d7ff29091,,False,
ACCbdb83b6c2a,,False,
ACCc8885b3646,,False,
ACC33bc198766,,False,
ACCcd54466b18,,False,
ACCf1ec52a9f0,,False,
ACC8f58ec974c,,False,
ACC32eea69deb,,False,
ACC5dda3469a9,,False,
ACCc09e8cb68a,,False,
ACCa899b14570,,False,
ACC3c31afbf0e,,False,
ACC8e50d053a2,,False,
ACC6b54de91cc,,False,
ACCe2a20cabd1,,False,
ACCe0ce4621a3,,False,
ACCaa2f3b8d2b,,False,
ACC55a00de5ec,,False,
ACCb9edef4e2a,,False,
ACC2d7615651c,,False,
ACCcec6094334,,False,
ACCd1c05edd22,,False,
ACC23df6ab971,,False,
ACC69d7c9d1c1,,False,
ACCd1cef900e2,,False,
ACC75c9cae0bf,,False,
ACC6e7dcc3102,,False,
ACCe0d2652f3e,,False,
ACC5e62d790fb,,False,
ACC0aac3abfb5,,False,
ACC710516191f,,False,
ACC932c778b54,,False,
ACC0b7fb9e620,,False,
ACC8cee600b5c,,False,
ACCee6a13a4d8,,False,
ACC9e90839ce1,,False,
ACCd1b0fdd692,,False,
ACCbb51be7285,,False,
ACC2dbbecb335,,False,
ACC9a5456eb48,,False,
ACC81fee20594,,False,
ACCa81e1b0f91,,False,
ACCacd182c90d,,False,
ACCe6d5e925e2,,False,
ACC4f612c92a8,,False,
ACCc44b18e2eb,,False,
ACC0488ad81ed,,False,
ACCb814dd8bce,,False,
ACCb47884779b,,False,
ACCca7fe42c5d,,False,
ACC1e57da5e3d,,False,
ACC6b0f658539,,False,
ACC56f7d8696d,,False,
ACC77b300a501,,False,
ACCa7a27c0457,,False,
ACCd49fb77992,,False,
ACCcfb7221abc,,False,
ACC4989b5e1f6,,False,
ACCc0b4f8314e,,False,
ACC4529b504f6,,False,
ACCb37119420f,,False,
ACC668a41f785,,False,
ACCf319a04512,,False,
ACC27f5ceef0b,,False,
ACC14b4c8f98d,,False,
ACC7d67a0ae18,,False,COINC0035
ACC0c9e5a94b4,,False,
ACC3f073827f5,,False,COINC0016
ACCe48f1941a2,,False,
ACCa5832d0694,,False,
ACC9a9d67e810,,False,
ACCfb617a3bb5,,False,
ACC157a382240,,False,
ACC315f3b696b,,False,
ACC3e9b7d55b0,,False,
ACC905cfc8f1d,,False,
ACC540c5d43c0,,False,
ACC803625ec1c,,False,
ACC6893c83298,,False,
ACC794c6b9960,,False,
ACCba96a4f5ac,,False,
ACC657bfeee69,,False,
ACC33b86e4eaf,,False,
ACCebb6f87a84,,False,
ACC66c5cacf51,,False,
ACCeab5815279,,False,
ACCb135adf05c,,False,
ACCc2f76c7eb1,,False,
ACC3c2f810a8f,,False,
ACCb3f6e16d18,,False,
ACCe2cde96453,,False,
ACCe265d6864c,,False,
ACC20a7401c33,,False,
ACC04bb809d3c,,False,
ACCc4b54951c6,,False,
ACCf8ac068366,,False,
ACC90b9c4bc3e,,False,
ACC4a5f80919f,,False,
ACC0ed36f924a,,False,
ACC0389f93560,,False,
ACC3b39ac8b5a,,False,
ACC6138e1da06,,False,
ACC4e1b9410f0,,False,
ACC3273e5a886,,False,
ACCb247c33d05,,False,
ACC913f050718,,False,
ACC06cc29f049,,False,
ACC0d14d288b7,,False,
ACC22ba8e9ba1,,False,
ACCf6a52f7e15,,False,
ACC8e8b58491f,,False,
ACCad5730e899,,False,
ACCad1adeda55,,False,
ACCb221408975,,False,
ACC73f04a1a20,,False,
ACC548fe416b8,,False,
ACCc163400ff7,,False,
ACC5ca54e99bf,,False,
ACCedb73a1e27,,False,
ACCc755ea3a03,,False,
ACCa1e41bcd22,,False,
ACC160f6b879c,,False,
ACC5dc6dd00d0,,False,
ACC19a92b6faa,,False,
ACC03e796cfa9,,False,
ACC063d4eb964,,False,
ACCa36c48937d,,False,
ACC18cd8c1084,,False,
ACC9f4490e7ce,,False,
ACC352c36951f,,False,
ACC4e7775a365,,False,
ACC95544e36c0,,False,
ACC5733147f1a,,False,
ACC87ad963422,,False,
ACC5e626caad2,,False,
ACC6c15b46dfb,,False,
ACC5c8684611e,,False,
ACC8b0a9ab177,,False,
ACCc8f2d239c6,,False,
ACCf6c7cebf07,,False,
ACC4f0d1bc413,,False,
ACCa00eb18c16,,False,
ACC7971ebdbcb,,False,
ACC983de96615,,False,
ACCe31e4e3527,,False,
ACC2c1b7e906c,,False,
ACC330fe3dfe6,,False,
ACC82833e9894,,False,
ACCa1e82c1011,,False,
ACC7496c577bf,,False,
ACC183623a228,,False,
ACC8f907fbe68,,False,
ACCb71f17413a,,False,
ACC644af85a8e,,False,
ACCf14ef33251,,False,
ACC5a02fee6c8,,False,
ACC511a1f0de6,,False,
ACC0f70b2872a,,False,
ACC8c6e023313,,False,
ACCc8aa0e54c3,,False,
ACC0af93f3806,,False,
ACCad2aae6780,,False,
ACC56b9f8e889,,False,
ACCaa9133001a,,False,
ACC1fd3f96191,,False,
ACCf8d11d8fcd,,False,
ACC7cfc47c290,,False,
ACCd659ab97e5,,False,
ACC38906e91a3,,False,
ACC49e993ecca,,False,
ACC5390e533c7,,False,
ACC948d2dbe3b,,False,
ACC1eea6ee01a,,False,
ACC48d50c3cd0,,False,
ACCd9c7a47e92,,False,
ACC98cabbad27,,False,
ACC164d40dd49,,False,
ACCb1d6618fab,,False,
ACCe6b4637914,,False,
ACCd331e1ccec,,False,
ACCed0d721616,,False,
ACCb15539fd54,,False,
ACCae8855daf7,,False,
ACCeac0d9f3b5,,False,
ACC119637cd90,,False,
ACCf001388c64,,False,
ACCed8afc21de,,False,
ACC747f16cd37,,False,
ACC40855abcb0,,False,
ACCb426ab1434,,False,
ACCbedccba61c,,False,COINC0031
ACCee450337bc,,False,
ACCaefc45e805,,False,
ACCf580790334,,False,
ACCf589719629,,False,
ACC1681df3252,,False,
ACCd78d4ea74c,,False,
ACC88ae03b85b,,False,
ACC20f98879de,,False,
ACC6bd14a9126,,False,
ACC698b86d5a2,,False,
ACC444eed53d0,,False,
ACCab56cb301b,,False,
ACC940e456a91,,False,
ACCf677379865,,False,
ACC2ca793f6a4,,False,
ACC1fc05cfc90,,False,
ACCfd225d1857,,False,
ACCe03744fdce,,False,
ACC46ec73e3d8,,False,
ACCce6a47532a,,False,
ACC089283a2b4,,False,
ACC8be3d36626,,False,
ACC2a0ff23fde,,False,
ACCa2abe0a824,,False,
ACC905f12d0d1,,False,
ACC249a60e5b4,,False,
ACC8d79af0b18,,False,
ACC5bb47b2423,,False,
ACC41bb6dba65,,False,
ACCc993344b09,,False,COINC0025
ACC7d89f7602f,,False,
ACC24c9d8c832,,False,
ACC7b431ef45b,,False,
ACC130ce7fee1,,False,
ACCa0b5388779,,False,
ACC212d6a219c,,False,
ACC5622675e80,,False,
ACC694d28d15f,,False,
ACCe1ef9ab72c,,False,
ACCc26e75d438,,False,
ACC5a1e785586,,False,
ACC0e3138368b,,False,
ACC293c06ded4,,False,
ACCb0c990e20e,,False,
ACC061f120329,,False,
ACC8b0df85b14,,False,
ACC114bd5126e,,False,
ACC8a59f5c9da,,False,COINC0028
ACC8cebff6688,,False,
ACC7437170745,,False,
ACC30991c6722,,False,
ACC78095b74e4,,False,
ACC102d750ca6,,False,
ACC790dec64aa,,False,
ACC493be21b68,,False,
ACCe6471c59d7,,False,
ACC7b081881f2,,False,
ACC30abf2edec,,False,
ACC9c9f0d3d67,,False,
ACC5ec65b59f5,,False,
ACC6dcc47d15e,,False,
ACCa40845c03b,,False,
ACC0e5a7931fc,,False,
ACCff5c8e9359,,False,
ACCee77c5c682,,False,
ACCb68d26d20b,,False,
ACC7b454db557,,False,
ACCd4ef7da1cb,,False,
ACCc6f2343c9d,,False,COINC0022
ACC617022bdb7,,False,
ACCc6be2e4802,,False,
ACC3725c15652,,False,COINC0033
ACC8666299c85,,False,
ACCa43c575466,,False,
ACCc60e481f27,,False,
ACCe8098187fe,,False,
ACCa07c9e0e2f,,False,
ACC2b34ab2857,,False,
ACC0a29afd8cf,,False,
ACCe3d4c59ab3,,False,
ACC7490e473d3,,False,
ACC3f0f2555b9,,False,COINC0024
ACC3c38201918,,False,
ACCa546653b55,,False,
ACC6e065531a1,,False,COINC0024
ACCe0d6da5a11,,False,
ACC27e8e04057,,False,
ACC172da65bee,,False,
ACC0f4a9870eb,,False,
ACCed70bf172b,,False,
ACC22b7d8ea19,,False,
ACC46139e695e,,False,
ACC8303f3f295,,False,
ACCf946c3c784,,False,
ACC3aa69cee26,,False,
ACCdb509bb235,,False,
ACCc74f06e492,,False,
ACCa2dfebabcf,,False,
ACC3065713657,,False,
ACC2fb4dc632d,,False,
ACC9f5cc7249a,,False,
ACC5aa7f6f40e,,False,
ACCbb965508b4,,False,
ACC68c842cd3e,,False,
ACCa835488f9f,,False,
ACCa48d873fd2,,False,COINC0009
ACCafbcc1b985,,False,COINC0010
ACC646d73243e,,False,
ACCbd1f9f1790,,False,
ACCa7e9ad7d2c,,False,
ACC24321539b8,,False,
ACC7ada3c2827,,False,
ACC11fdb5c6d0,,False,
ACC4d799a0540,,False,
ACC6227c5e6d8,,False,
ACC26d8afa97f,,False,
ACC56046ea50c,,False,
ACCc4903538a0,,False,
ACCa1f08bdda5,,False,
ACCa11c209c1c,,False,
ACC97877ea794,,False,
ACCef846799da,,False,
ACC3fdf565871,,False,
ACCda992abbc9,,False,
ACCad45e2562e,,False,
ACCa2f7c99c78,,False,
ACC6516a203f8,,False,
ACC572701f845,,False,
ACC5c7460eb0c,,False,
ACC467d26776d,,False,
ACCd977938180,,False,
ACCffacdddcbb,,False,
ACC70c66f4a6e,,False,
ACCb4bbb8c568,,False,
ACC202eeb524d,,False,
ACCa31bf7b881,,False,
ACC9a20a10b71,,False,
ACCaf5577f552,,False,
ACCe9e50182ad,,False,
ACC89b493e8cb,,False,
ACCc2643dd6d4,,False,
ACCc65f29ba9e,,False,
ACC0563d8597e,,False,
ACC735cbb6baf,,False,
ACCd87aa1aa66,,False,
ACC538495917a,,False,
ACCb0ea06b5f6,,False,
ACC7f4895b25e,,False,
ACCe8a234f38f,,False,
ACC4e58d19ed4,,False,
ACC266a3dd226,,False,
ACC1b583cce03,,False,
ACCf7b2452893,,False,
ACC04dd23bc1d,,False,
ACC5ef67338b7,,False,
ACCf94473da79,,False,
ACC6456ae32ad,,False,
ACC4ad7cac7eb,,False,
ACC693cf1deac,,False,
ACCb3f2eac8f3,,False,
ACC8ad486720a,,False,
ACC4df0518b30,,False,
ACC2b221cae79,,False,
ACC7e02111e61,,False,
ACC5a1ed56709,,False,
ACCefa0751b08,,False,
ACCc90942ed49,,False,
ACCecbbaaa9a6,,False,
ACCf1db3a41bf,,False,
ACCa009380753,,False,
ACC750c8ca57a,,False,
ACC362d9ccadb,,False,
ACCdf11fa530f,,False,
ACCf2ca332fdc,,False,
ACC8dfbcbb0ef,,False,
ACCc8bdc42cf5,,False,
ACC79fcd66aaa,,False,
ACCcd32951786,,False,
ACCa4c10de9d6,,False,COINC0022
ACC4d27c7102c,,False,
ACC466a9197fc,,False,
ACC5b3aa1eff5,,False,
ACC9f7075a7b0,,False,
ACC98e0d2ed21,,False,
ACCdf77de02f9,,False,
ACCb788842dcb,,False,
ACC5e3ba68740,,False,
ACC02a74d5666,,False,
ACC8de603bc32,,False,
ACC134e2e0dc2,,False,
ACCcd886b5fc5,,False,
ACCb6a8fba353,,False,
ACCf892aa75d5,,False,
ACC330f895a90,,False,
ACCdc4728013e,,False,
ACCeaa4f5d579,,False,
ACCf623552f2b,,False,
ACCb1443bd80f,,False,
ACCcb9f198610,,False,
ACCfcd23fb01d,,False,
ACC94cc062773,,False,
ACCed24efb5d2,,False,
ACC2282359559,,False,
ACCf3245f3908,,False,
ACC58a4406d42,,False,
ACCf3f6e961aa,,False,
ACCdf370c3a88,,False,
ACC3604a9b8ba,,False,
ACCc85251d8ac,,False,
ACC60f807c683,,False,
ACC8cef9b88d7,,False,
ACCcde3e18978,,False,
ACCa8e1ebc17b,,False,
ACCfe484a3238,,False,
ACC6ba4bf7e1b,,False,
ACC30ac199a70,,False,
ACCc4603492c5,,False,
ACCab9c33881a,,False,
ACC33ec02dceb,,False,
ACC95c97722ba,,False,
ACC3d300beb98,,False,
ACCa9cfb4027e,,False,
ACC49602c7ac0,,False,
ACC7106288803,,False,
ACC535193159c,,False,
ACC46f713fcd6,,False,
ACC19b8f20806,,False,
ACC606063f477,,False,COINC0046
ACCca637e60cc,,False,
ACC4948dc83f9,,False,
ACCd7f08124e4,,False,
ACC9540c2982a,,False,
ACC4b86155979,,False,
ACCa80acb0701,,False,
ACC4922fc85b6,,False,
ACC9f752a3e20,,False,
ACC49a0e5aa52,,False,
ACC16aae5f3ff,,False,
ACC5c335a17dc,,False,
ACC020945776c,,False,
ACC8a145a6f1b,,False,
ACCc326e49328,,False,
ACC750a9c5175,,False,
ACCdb614f2d9b,,False,
ACC05766b3411,,False,
ACC64abe1bf4e,,False,
ACCfbe7b3b123,,False,
ACC94b7a8aba6,,False,
ACCa3de059025,,False,
ACC3ce67c4507,,False,
ACC0c846c22fd,,False,
ACC07c0404363,,False,
ACCa59b933d38,,False,
ACC20f0280ae7,,False,
ACC187bce6e09,,False,
ACCb1d1505507,,False,
ACCd592ffb9c9,,False,
ACC3a660d3e1b,,False,
ACC57f2b890c7,,False,
ACCfa2388a754,,False,
ACCc164046169,,False,
ACC298c5b9fc8,,False,
ACC5f578e25e4,,False,
ACCa2400cbe1e,,False,
ACC72302a77f8,,False,
ACC759f0c7524,,False,
ACCffd7feee95,,False,
ACC194a6f85bc,,False,
ACCb5711ac146,,False,
ACC07e93a2347,,False,
ACCeeafeea425,,False,
ACCf03b285fab,,False,
ACC7223976426,,False,
ACCf842fc738b,,False,
ACCc6d05cf680,,False,
ACC245a194aed,,False,
ACC4a0db9a6d1,,False,
ACCce5d5186ad,,False,
ACCc0dcab8a79,,False,
ACC6e0e50103d,,False,
ACC66c78e5560,,False,
ACC49f69c8e05,,False,
ACC22d457da76,,False,
ACC24670acffe,,False,
ACC963e3cb2c2,,False,
ACC974e74993b,,False,COINC0017
ACCb2f62989c7,,False,
ACC15d5bebc77,,False,
ACC3fbeebf083,,False,
ACCb602ae90f3,,False,
ACC307166d311,,False,
ACC912c6522e8,,False,
ACC480f7dda63,,False,
ACC626b6472dd,,False,
ACC6f1b1ef39a,,False,
ACC221b0f8e58,,False,
ACC60ae4ea955,,False,
ACC6c620b3577,,False,
ACC63ab159fab,,False,
ACC4c3a805bb2,,False,
ACCbea51bcfbd,,False,
ACC60f2971b84,,False,
ACCdcc0059d63,,False,
ACC9e1c8e601b,,False,
ACCf8a746a7a8,,False,
ACC4b796667d3,,False,
ACC795a9fa175,,False,
ACCaa92814f58,,False,
ACC17c8ad8387,,False,
ACC0a1c4304bc,,False,
ACC27cc992b14,,False,
ACCe9828d66c2,,False,COINC0026
ACCa34d3941bf,,False,
ACC18b76c6de0,,False,COINC0040
ACCe9b2dcf1cf,,False,
ACC4eafa070a7,,False,
ACC707db111d7,,False,
ACCcd82fbe90f,,False,
ACC20b3942f75,,False,
ACCb0cc7c319c,,False,
ACC5d866edb12,,False,
ACC606fbebe0d,,False,
ACCbb1cfd9a06,,False,
ACC072a1dfab3,,False,
ACCe6218485d4,,False,
ACCc0afedba1d,,False,
ACC49afb56ee2,,False,
ACCb45885202e,,False,
ACCa1000e935f,,False,
ACC67fa95961d,,False,
ACC26bafaedf9,,False,
ACCcd925fdd0a,,False,
ACC0d819234ed,,False,
ACC341fcafb36,,False,
ACC316f072327,,False,
ACC52967d0df4,,False,
ACC6831dc2538,,False,
ACC1ec8f46418,,False,
ACC4b9b923260,,False,
ACC96054ce00b,,False,
ACC3a0fb44204,,False,
ACC8c694bd82b,,False,
ACC125f4b2f2a,,False,
ACC19f3e2702f,,False,
ACCeacbbe80d6,,False,
ACC009ac4ca79,,False,
ACCfcbe8ed3f3,,False,
ACCcf2588a43d,,False,
ACC804ee7c412,,False,
ACC9bee14d53b,,False,
ACCf98757c7a7,,False,COINC0014
ACCb97809142f,,False,
ACCebb291cdf0,,False,
ACC5e52605fd6,,False,
ACC8bf769f71f,,False,
ACCcde5d067a6,,False,
ACCdab94e3ff8,,False,
ACCaf752caf2f,,False,
ACC0fa79c3362,,False,
ACC4cc8cecc0f,,False,
ACCaee716fecb,,False,
ACC938dc15946,,False,
ACC435d3c3816,,False,
ACCba3993521e,,False,
ACC3d01259657,,False,
ACCe7ed19e013,,False,
ACCf105180040,,False,
ACCff0ef6795b,,False,
ACC61e579cae8,,False,
ACCa2e455d643,,False,
ACC94c6177cfe,,False,
ACCf83bf32c58,,False,
ACC14848ef2b3,,False,
ACC0abc0a5ee6,,False,
ACCb3ac5480fc,,False,
ACC7de97fe408,,False,
ACC4a3b4560ba,,False,
ACC8f01c97ca4,,False,
ACC401cf353cd,,False,
ACCf27c7bd6de,,False,
ACC1e138c1de9,,False,
ACC0a14b8d4b1,,False,
ACC8b49110fe7,,False,
ACCf947e3209a,,False,
ACCf99c947198,,False,
ACCdd22d0d7a4,,False,
ACCfb3a4a674b,,False,
ACC6de6cd6f95,,False,
ACC10bb4ebdf4,,False,
ACC78d010fe0b,,False,
ACC72e6fd4746,,False,
ACC366313c080,,False,
ACC49a4515bcc,,False,
ACCb948fffbf4,,False,
ACC3b7a70e42a,,False,
ACCa0bae43719,,False,
ACCcb66e59e87,,False,
ACC0c8259dcca,,False,
ACC58492508ad,,False,
ACC336a409a91,,False,
ACC897ec4e66f,,False,
ACCab872ab9bd,,False,
ACCbfbf8af67b,,False,
ACCa76d05394c,,False,
ACC69bfd26928,,False,
ACCb4591c1d27,,False,
ACC5e7c07c6ca,,False,
ACCd0dbbadc31,,False,
ACCbb57679ca8,,False,
ACC8613101dad,,False,
ACCdfec3c5145,,False,
ACC51f12264ac,,False,
ACC5efe2e0ef3,,False,
ACC71e32a2c35,,False,
ACC4cd0f0aed3,,False,
ACC20f6ae6f40,,False,
ACC31d5295867,,False,
ACC0094500ce7,,False,
ACCfed56926e0,,False,
ACCb913dc3be1,,False,
ACC544ec186c7,,False,
ACC6b97192d4c,,False,
ACCc26bef77c5,,False,COINC0045
ACC05ca7eac29,,False,
ACC75efed2ca0,,False,
ACCf165a6e89d,,False,
ACC04f9d39fdd,,False,
ACCe17db5c03f,,False,
ACC63bd914521,,False,
ACC48398a2269,,False,
ACC51fc3b0917,,False,
ACC2288f633d4,,False,
ACC520bf05cf6,,False,
ACCf48f4fffe5,,False,
ACCa5c4712afe,,False,
ACCc367c515e5,,False,
ACC13b3df43f2,,False,
ACC45c8e159c6,,False,
ACC6b36b2f223,,False,
ACC588104ede4,,False,
ACCefa3af69ec,,False,
ACC7b8d31d797,,False,
ACC973836f37f,,False,
ACC084b9c2af4,,False,
ACC6bd6c8af29,,False,
ACC71abce3e5c,,False,COINC0012
ACC054aa8aea4,,False,
ACCb2169c4da1,,False,
ACCcd5a1ac8ef,,False,
ACCd673591b05,,False,
ACC2743b73f95,,False,
ACC8f8b476c99,,False,
ACC920ba401a4,,False,
ACC30b9d9be6e,,False,
ACC8463e94e47,,False,
ACC8d03a1cea9,,False,
ACCe58551dbc7,,False,
ACCccf35704fe,,False,
ACC1ba0526ea5,,False,
ACCc48822aee0,,False,
ACC1225d4c602,,False,
ACCf5d2b6f7b5,,False,
ACC143a66b2dd,,False,
ACC4188df698e,,False,
ACCd5088c70bf,,False,
ACC367243c383,,False,
ACC55616d9226,,False,
ACCe0f353d9ab,,False,
ACC60b7609baa,,False,
ACC0e4cf24fc2,,False,
ACC1e6ad9abe9,,False,
ACC9ac6a8fb76,,False,
ACC16fc5473ef,,False,
ACCac53483ee8,,False,
ACCc8300e6632,,False,
ACC8b9d905e66,,False,
ACCf35ea37865,,False,
ACC2fe94f55b4,,False,
ACC425c91423d,,False,
ACCbe0e42f345,,False,
ACC269590ea49,,False,
ACCd4f3eb8e8e,,False,
ACC4e64443998,,False,
ACC75fef4d587,,False,
ACCf5d5ad6e9d,,False,
ACC4f2e78a838,,False,
ACC73725d09e3,,False,
ACCc7fe41bcd1,,False,
ACCb7305d0eba,,False,
ACC706724ed6d,,False,
ACC8809bfbcfe,,False,
ACCe7b0756524,,False,
ACC189bf6ba6b,,False,
ACC4ec5bd6ad0,,False,
ACC59a6ae5d70,,False,
ACC24b620059b,,False,
ACC3fc1ca57fa,,False,
ACCf21b939a21,,False,
ACCf521c66d08,,False,
ACC177ba1514e,,False,
ACC275c149af0,,False,
ACCe9ad4b0a05,,False,
ACCf5f6df9b46,,False,
ACC8006ff6d15,,False,
ACCeb11db18a2,,False,
ACCa4092556b9,,False,
ACC1885fed953,,False,
ACCa9193d4e5e,,False,
ACC8397d534b9,,False,
ACCb854c9c426,,False,
ACC0dc02d50da,,False,
ACCfb956bf067,,False,
ACC72ff260966,,False,
ACC7585689653,,False,
ACC6ec18212d7,,False,
ACC896eb478de,,False,
ACC47f2b85d43,,False,
ACC8046f06096,,False,
ACC7db291ea71,,False,
ACCb35f68b8bb,,False,
ACC93e38bb353,,False,COINC0036
ACC4c33b649e1,,False,
ACCdff132dd92,,False,
ACCa35a186520,,False,
ACCa708137fc2,,False,
ACCa0dc423b94,,False,
ACCfc2f8951f6,,False,
ACC778b88cc3c,,False,
ACC326dfed103,,False,
ACCcf21241476,,False,
ACC1b2e19adf0,,False,
ACC8f0f793408,,False,
ACCe2d5e31091,,False,
ACC33383fbb56,,False,
ACCe8bb0f43a9,,False,
ACCecc8d95b08,,False,
ACC5cbac9ba6f,,False,
ACCe98ad24522,,False,
ACCf685c851ec,,False,
ACCe9f493f7d4,,False,
ACC199649bbb8,,False,
ACC8f35ab87fd,,False,
ACCc241054b7b,,False,
ACC60b5973e6d,,False,
ACC86ae7df8f1,,False,
ACC193147b980,,False,
ACCd3b9473879,,False,
ACCb43322b6d3,,False,
ACC808c24ec42,,False,
ACC2e52a7bade,,False,
ACCf8702dd94f,,False,
ACC9fc31ca511,,False,
ACC0c9e12de78,,False,
ACCb006434083,,False,
ACCa18b109ffb,,False,
ACC3a0d5f11dc,,False,
ACC0b51afbbc7,,False,
ACC0cbcce1740,,False,
ACC5fcec186d4,,False,
ACC12a9ae613a,,False,
ACCd3ae63cd53,,False,
ACC594d27d6ca,,False,
ACC8966507cce,,False,
ACCfa601c3962,,False,
ACCff5e73c6e0,,False,
ACCe9a079811a,,False,
ACCbcd5c97c74,,False,
ACC50cf742dd7,,False,
ACC7e0ebb1481,,False,
ACCbae4ab6e49,,False,
ACCf226a776b7,,False,
ACC34f3971a8c,,False,
ACCf663e70a4a,,False,
ACC033fcf30d8,,False,
ACCb71d34d7ea,,False,
ACC34cfbfd73a,,False,
ACC616f389658,,False,
ACC3759f1be58,,False,
ACC84af7e8bfc,,False,
ACC55cf3f59ac,,False,
ACCcdaf8af419,,False,
ACC1d7355df89,,False,
ACCcfc0a363e7,,False,
ACC878fe66bb9,,False,
ACC4cd31c6079,,False,
ACCdf5567aaaf,,False,
ACC820ca3aedd,,False,
ACC9d3cfe17f7,,False,
ACC696c31a761,,False,
ACC7316c27817,,False,
ACC7752aeac40,,False,
ACC6bb8fa6cd4,,False,
ACC3823044cb4,,False,
ACC790456bee6,,False,
ACCb6feb75a82,,False,
ACCaa548f57fc,,False,
ACC7b7c003421,,False,
ACC88ced7a18d,,False,
ACC9cdfbcf7ef,,False,
ACC4935bc2d8e,,False,
ACCad30028761,,False,
ACC797225c616,,False,
ACCc1905fabac,,False,
ACCc180e71344,,False,
ACC7315d7259e,,False,
ACC14cdd45ec8,,False,
ACC4b7291d2ca,,False,
ACCd6d7c522c8,,False,
ACCbf7c982a18,,False,
ACC0107bf59a2,,False,
ACCbabdc9e808,,False,
ACC7d003ce70c,,False,
ACC8ef57b102a,,False,
ACC9532db98f3,,False,
ACC913b70e6ee,,False,
ACC91fa558c84,,False,
ACC6fec89429d,,False,
ACC2623e0cb6f,,False,
ACCc481605bb7,,False,
ACCb382498304,,False,
ACCe3306d1a21,,False,COINC0003
ACCbc15784b24,,False,
ACC2bfa351adc,,False,
ACC37fc111de1,,False,
ACCbe76386adb,,False,
ACCdb21e67ac6,,False,
ACC3972116388,,False,
ACC5a6f092aa3,,False,
ACCd6142804c2,,False,
ACC23ba71be1a,,False,
ACCa8d34b7828,,False,
ACC4b76c49ba2,,False,
ACC4cacf321e5,,False,
ACCd0bc194873,,False,
ACCbf71c12f3c,,False,
ACC32fcae5bf6,,False,
ACC514f4c1c62,,False,
ACC4066625b97,,False,
ACCd783d564bf,,False,
ACC70d638d8d6,,False,
ACC0737ae0c26,,False,
ACC305fcc2bb8,,False,COINC0015
ACCd18cfd611e,,False,
ACC378ab90c79,,False,
ACCafa928f87e,,False,
ACC98a93a4316,,False,
ACCbceddab253,,False,
ACCd694897cfa,,False,
ACC8c4d77fe4e,,False,
ACC5825a60b15,,False,
ACC2052c360fe,,False,
ACC738a0a52bc,,False,
ACC128edbd29e,,False,
ACC3e838b3bd9,,False,
ACC67be44bf89,,False,
ACC7dfde22688,,False,
ACC5565a05130,,False,
ACC8b6577d3e2,,False,
ACCd001b18fe3,,False,
ACC144b8ec55e,,False,
ACC9e497b80d5,,False,
ACC6c39162bfc,,False,
ACC92a536b2f2,,False,
ACC3ed8c461f5,,False,
ACC97adf4cf58,,False,
ACCb2ded057da,,False,
ACC7eaa7cfff1,,False,
ACC35fd7d8f88,,False,
ACC14ee13ffcc,,False,
ACC8b53bdc047,,False,
ACCa2305825f6,,False,
ACC1c9837498b,,False,
ACC69f88f0560,,False,
ACC2bd9ed7909,,False,
ACCd901c1644c,,False,
ACC86e6097272,,False,
ACC81bcd738a6,,False,
ACCa0808c0930,,False,
ACC199f53441d,,False,
ACC8bf8274621,,False,
ACC8d65ffa55f,,False,
ACCe2453a4e9a,,False,
ACCfd7bd73f79,,False,
ACC629d061195,,False,
ACC53201e17b7,,False,
ACCaf967c80cd,,False,
ACC74270d3baa,,False,
ACC47d7966fff,,False,
ACCa301d1ff7b,,False,
ACC76f88aa4fb,,False,
ACC29a247dbd2,,False,
ACC719cf3a2bc,,False,
ACCb5eb0a74e5,,False,
ACC2f753f10c9,,False,
ACC21a7963bf4,,False,
ACC9debc9b8d8,,False,
ACCcf68137a2b,,False,
ACCfcca24090c,,False,
ACC79ee0a1eaf,,False,
ACC91d01e7112,,False,
ACC919959909e,,False,
ACC96e3c76b67,,False,COINC0028
ACC5088fe427e,,False,
ACCda9e6b51d4,,False,
ACCb3a9c24d7c,,False,
ACC516230050c,,False,
ACCccab143dd0,,False,
ACC781eb87c19,,False,
ACC01878771fb,,False,
ACC28996aab71,,False,
ACC91c4ebc68f,,False,
ACC7458e55178,,False,
ACC88d19fd067,,False,
ACC199980200f,,False,
ACC6b3e9d1f0d,,False,
ACCd3f2efd6bb,,False,
ACCef3cb664c3,,False,
ACCc82d0afe24,,False,
ACC85a9bbe59f,,False,
ACC907a41cf51,,False,
ACCbe25be2fb0,,False,
ACC43438721fb,,False,
ACC1641bfcfb3,,False,
ACCc843262335,,False,
ACC614aee8ec8,,False,
ACC70db1aac67,,False,
ACC7dfb869e2f,,False,
ACCb0ae6dd27f,,False,
ACCf401267dc0,,False,
ACCb1ec2e61c4,,False,
ACC83ef4ff990,,False,
ACC363801fbf3,,False,
ACC9a1178b2d2,,False,
ACC4692eb6769,,False,
ACC592e03fbd0,,False,COINC0013
ACC54e79c3ee8,,False,
ACCf1dfb1713a,,False,
ACC9e42de6cbf,,False,
ACC7428204292,,False,
ACCbb5b52b036,,False,
ACC2e0912dc65,,False,
ACCbc56ad117c,,False,
ACC94b6c5b6c2,,False,
ACC255d0c25ff,,False,
ACCdf88378738,,False,
ACC87d14eb436,,False,
ACC5febcf0055,,False,
ACCb30802f858,,False,
ACC42b9e8d968,,False,
ACCf60071eb56,,False,
ACCc6f1c79092,,False,
ACC7e06080acd,,False,
ACCe1cc00497b,,False,
ACCe3b83f8479,,False,
ACCc2bb4e2b7d,,False,
ACC55f5e92684,,False,
ACCd7124ab7d4,,False,COINC0016
ACCb9d74bdb35,,False,
ACC352307bfcf,,False,
ACC121e1505e6,,False,
ACCa0c2bb9868,,False,
ACCafb65bef0d,,False,
ACCcde43d54b0,,False,
ACC0c472f6d3f,,False,
ACC1b028d3bed,,False,COINC0047
ACC3f1054831f,,False,
ACC1c9785cc91,,False,
ACC0982e001e1,,False,
ACCbf62497512,,False,
ACC77af6867be,,False,
ACCcc6b01b37b,,False,
ACCb38fd77b29,,False,
ACC25f4a0d7f3,,False,
ACC41e857ec68,,False,
ACCe12b7c212d,,False,
ACC0dc8f99d26,,False,
ACCdd525e3631,,False,
ACC7416f03e1e,,False,
ACC36b14e9685,,False,
ACC53470ea3e7,,False,
ACC9921f38e11,,False,
ACC26d48ca153,,False,
ACC93f408a9fa,,False,
ACC07ebf704a5,,False,
ACC7bb1bff8bc,,False,
ACCbd2529774c,,False,
ACCa087439651,,False,
ACC9b7a98519d,,False,
ACC332fd416f4,,False,
ACC80bf75fbf5,,False,
ACC3ffd556fb5,,False,
ACCe7ad0241bd,,False,
ACCccad427c4b,,False,
ACC98b39478d6,,False,
ACC2006de96b2,,False,
ACCf76764d84d,,False,
ACCb5d0777675,,False,
ACC6e55ac5cb8,,False,
ACC274b1a278b,,False,
ACC3fa5fe89f2,,False,
ACC6d74be3ec3,,False,
ACC985df7f38b,,False,
ACC947a7dcfe8,,False,
ACCfd79b7e996,,False,
ACC7d735471e0,,False,
ACCcb094a4664,,False,
ACC1005df1904,,False,
ACC4f3e9af2b9,,False,
ACC8af9e7161a,,False,
ACC91e2d4bebd,,False,
ACC0cdd1fdd1b,,False,
ACC84f0c6471c,,False,
ACC0460d22b02,,False,
ACC8b8e9d9597,,False,
ACCf0a62c114c,,False,
ACC0bc60e815a,,False,
ACCba95743791,,False,
ACCd250216f95,,False,
ACC8b7ff5262f,,False,
ACC2db3e36e77,,False,
ACCf08b384022,,False,
ACCb1cf5f5846,,False,
ACC6b47152631,,False,
ACC9c55204077,,False,
ACCa5740ada10,,False,
ACCfb2649b53c,,False,
ACC51d7e87cfc,,False,
ACC563d2b6fc1,,False,
ACC8fdb60448b,,False,
ACC9d22b292ff,,False,
ACCca45040304,,False,
ACC12acdb82f3,,False,
ACCe0125a0239,,False,
ACCd08da35da3,,False,
ACC57f2f08595,,False,
ACC69b27e4c95,,False,
ACC5ba55e0517,,False,
ACCf0f15165e1,,False,
ACC5743c0dae8,,False,
ACC9cd5cb7c6d,,False,
ACC206026a97f,,False,
ACCe133b21a5a,,False,
ACC5cdc11edc9,,False,
ACCfe9220593f,,False,
ACCe334a1d225,,False,
ACCcbff854652,,False,
ACC3dbaa935d5,,False,
ACC82edcdc48b,,False,
ACCbdf48b704d,,False,
ACCa08943c2c8,,False,
ACCddc9734b04,,False,
ACCe275497f6d,,False,
ACC10904940b6,,False,
ACCcc92a2d517,,False,
ACC6545d63df3,,False,
ACC62604b0a99,,False,
ACC51d5377a13,,False,
ACC0d3483516e,,False,
ACC4c9b46f0cb,,False,
ACCf93dbf7d61,,False,
ACC933833543f,,False,
ACC16746430f6,,False,
ACC5d526342ea,,False,
ACCab95787ca5,,False,
ACC1e219612b1,,False,
ACC3f9ff9028c,,False,
ACC4b4384561f,,False,
ACC276a4be52b,,False,
ACCbb9820ede0,,False,
ACCdd312d9b85,,False,
ACC205808553e,,False,
ACCbc44480a9b,,False,
ACC8aa8d13e13,,False,
ACC027f6514e5,,False,
ACC0f36791368,,False,
ACC71f0cf27d6,,False,
ACC6095508586,,False,
ACC111c4b3933,,False,
ACCe1c43668e7,,False,
ACCacd11c65d5,,False,
ACC63d9a6461e,,False,
ACC730b3e3a10,,False,
ACCedeffbb98d,,False,
ACC7020b1704e,,False,
ACC70058b737a,,False,
ACC21721a44d8,,False,
ACC35167c1144,,False,
ACC65a7d0a023,,False,
ACC1f1a43abfe,,False,
ACCe2e06ebafa,,False,
ACC1ef9457ade,,False,
ACCe352c27b99,,False,
ACCe1b884dd91,,False,
ACCac4690caf5,,False,
ACCb5b741e258,,False,
ACC3d72f3a953,,False,
ACC4182837896,,False,
ACC0636abf2af,,False,
ACCdb82884a89,,False,
ACC65bbb49b71,,False,
ACC7f8100d405,,False,
ACC9411029646,,False,
ACCf5ec7cee93,,False,
ACC1b6703d339,,False,
ACC521ce0c5c7,,False,
ACC9efe2bb734,,False,COINC0039
ACC7928162b2a,,False,
ACC2fab7e9c17,,False,
ACCb42a9ff488,,False,
ACCd8fcad6e88,,False,COINC0003
ACC7d0294167f,,False,
ACC0402dd115e,,False,
ACCc7bf221341,,False,
ACCf58c40d496,,False,
ACCd27891f450,,False,
ACC1a0d71a345,,False,
ACCa0cf27d5aa,,False,
ACC68a2540207,,False,COINC0049
ACCf58897165d,,False,
ACC8f3f4ce294,,False,
ACC50d819a86c,,False,
ACC75cba4d35a,,False,
ACCd1b1ae80ad,,False,
ACC852623a029,,False,
ACC98dd3abc89,,False,
ACC4e51264b52,,False,
ACC94bdbee74e,,False,
ACC03f2543db1,,False,
ACC682bf427bf,,False,
ACCb6f8cc548c,,False,
ACC56b656ad3e,,False,
ACCfd2e68a34d,,False,
ACC1070b2082f,,False,
ACCa31592e034,,False,
ACC7dba75d866,,False,
ACCa837b5d850,,False,
ACCdde180befa,,False,
ACC1106c762fc,,False,
ACCdb3807fe81,,False,
ACCd6f3db3805,,False,
ACC3c15c2f17f,,False,
ACCb6265e06e8,,False,
ACC17001a1046,,False,
ACC9d58e66266,,False,
ACCf87e42b245,,False,
ACCfc4b45ec35,,False,
ACCe6c3ea7181,,False,
ACC6bdc24a089,,False,
ACC68b120d3a7,,False,
ACC89afdf0f56,,False,
ACC0eeb5d58f3,,False,
ACC08731b9488,,False,
ACC7dc5c42129,,False,
ACCcf0278c18b,,False,
ACC8cb6d81ff5,,False,
ACC2e8a0ef568,,False,
ACC14c7fef0c2,,False,
ACCe329f66fb3,,False,
ACC648d3ce698,,False,
ACCd6ecb53cae,,False,
ACC7c6a728ab8,,False,
ACCba0c941a2e,,False,
ACC417e5781d3,,False,
ACC01c09c455a,,False,
ACC304cfad548,,False,
ACC5881840523,,False,
ACCfa9991d532,,False,
ACCaf853eda0e,,False,
ACCf558ce0305,,False,
ACCf8237c05bb,,False,
ACCe244833293,,False,
ACCfa7af1d8de,,False,
ACC252008882e,,False,
ACC518af7de40,,False,
ACCd703347e60,,False,
ACC8bb47534a8,,False,
ACC9aac2c2745,,False,
ACCa12d9be659,,False,
ACC85058de8bb,,False,
ACC890d1f94c4,,False,
ACCeb97b29b41,,False,
ACC97324a0977,,False,
ACC84d12dce86,,False,
ACC83b0894970,,False,
ACC4531cefcb4,,False,
ACC68e37f6789,,False,
ACC5ab5fd7794,,False,
ACC0c015c484d,,False,COINC0046
ACC48925ede13,,False,
ACCa0c491d4d8,,False,
ACCda5ce5d69d,,False,
ACC2e28878ca3,,False,
ACCb2f72e232f,,False,
ACC5a46213390,,False,
ACCbb7e28b413,,False,
ACC53870fc4a6,,False,
ACC61c2e5b3d3,,False,
ACCf73d40970c,,False,
ACCd65adb351e,,False,
ACCe86657acf3,,False,
ACCdc7ca0de1d,,False,
ACC409c847ace,,False,
ACC5891caeaa0,,False,
ACC86cf40bb93,,False,
ACCc1682b81c9,,False,
ACC1c2f0ad13f,,False,
ACC3f1ff3ae7c,,False,
ACCc17ef29bff,,False,
ACCf0eac11d09,,False,
ACC5963c604fd,,False,
ACC022bb92575,,False,
ACC6917427f3a,,False,
ACC578f2ce18e,,False,
ACC081f249d30,,False,
ACC3f9943da1b,,False,
ACCabbf556480,,False,
ACC789d5f35f5,,False,
ACC162c954130,,False,
ACC3c17552503,,False,
ACC2a5f6a9d1c,,False,
ACC9d0e5c6a20,,False,
ACC7336fd7432,,False,
ACCe328066a2d,,False,
ACC22652d6f8d,,False,
ACC418931275a,,False,
ACCd0eb2f67ef,,False,
ACC0ba7c05b01,,False,
ACC722cb01c9e,,False,
ACC4e4300804c,,False,
ACC54a4145973,,False,COINC0020
ACC55a80efb30,,False,
ACC6c307617a0,,False,
ACCdc6c6ae143,,False,
ACC733e442a5e,,False,
ACCc190335f96,,False,
ACC9224479e15,,False,
ACC64824bbc34,,False,
ACC9f6fcad282,,False,
ACC3895f97373,,False,
ACCab9764d2ab,,False,
ACC4d9f24c499,,False,
ACC4f43717e3d,,False,
ACC13a2b7f2c8,,False,
ACC23d38c9f2b,,False,
ACCdd4dd1f753,,False,
ACC6f64153cd9,,False,
ACC2e6d9227fd,,False,
ACC557788e84b,,False,
ACCf13534b159,,False,
ACC0be32cf140,,False,
ACCac71df9e81,,False,
ACCacc357da1b,,False,
ACC3dcc5b77af,,False,
ACC5747d05165,,False,
ACCe434700ada,,False,
ACC5f8e84bec6,,False,
ACC0dd14e56c1,,False,
ACC03322b02ac,,False,
ACC5de2a3c79d,,False,
ACC306ddcf9ac,,False,
ACC63997d6d78,,False,
ACC1ea7f32e24,,False,
ACC207b8962fd,,False,
ACCe979b7782e,,False,
ACC4f2dae94d5,,False,
ACC90f992f591,,False,
ACC825706f38c,,False,
ACC6e3a7319ad,,False,
ACC9635bf2955,,False,
ACCfc12b20bf2,,False,
ACC5d9ec8488b,,False,
ACC59afc325a5,,False,
ACC2004ccee0c,,False,
ACC64210bb007,,False,
ACC1ff0d30cfe,,False,
ACC0a8e966aaf,,False,
ACC578e776a33,,False,
ACC51038f37ab,,False,
ACC4ea071bec3,,False,
ACC953edf9616,,False,
ACC6bf637f1e5,,False,
ACC2f98fca34d,,False,
ACCccf8cfa4a9,,False,
ACC73808540d1,,False,
ACC170525ba41,,False,
ACC75ccfeddc3,,False,
ACCd34b3bcdda,,False,
ACC9949ce9215,,False,
ACC29a050dda9,,False,
ACC597098334a,,False,
ACC1499556463,,False,
ACC85b0d474a0,,False,
ACCd940d6055f,,False,
ACCcaf509f142,,False,
ACC34e56f29cb,,False,
ACCf870d6b86f,,False,
ACC5b7a187c4f,,False,
ACCd524fbf9e3,,False,
ACC37ef4c8fd6,,False,
ACC740cbd94aa,,False,
ACC4aa876a323,,False,
ACC9b9227e8e3,,False,
ACCc8ede5bc2d,,False,
ACC83ffa38722,,False,
ACC868b3a5db2,,False,
ACC0b647c0404,,False,
ACC3dabaa7ffb,,False,
ACC20561c5d5a,,False,
ACC71bb66492f,,False,
ACCf719405c99,,False,
ACCc2b491231a,,False,
ACCebe432e37f,,False,
ACCe7e5933c05,,False,
ACC1d7d8e875d,,False,COINC0023
ACC5775f19bfc,,False,
ACC6e4cd95db1,,False,
ACC9a3e627ca3,,False,
ACCbe37c4e2e1,,False,
ACC4ca7255a31,,False,
ACCfd90e13d53,,False,
ACCc3dcdb82d9,,False,
ACCd192960e55,,False,
ACC004de120b6,,False,
ACC3a2d1138ad,,False,
ACC61872851f1,,False,
ACC521d787754,,False,
ACCe3dddad3cc,,False,
ACC836dc63bdf,,False,
ACCb355c64eca,,False,
ACC988fcd8492,,False,
ACC9c63935a22,,False,
ACCfefb317c72,,False,
ACC7d8d3f29cb,,False,
ACC569d90e43c,,False,
ACC3222c1c38a,,False,
ACC547d309946,,False,
ACC276ffa3a21,,False,
ACCa3ffb5919b,,False,
ACC3e909228b5,,False,
ACCb8f9c59eb0,,False,
ACC6d71d0f968,,False,
ACCe85001cfbd,,False,
ACC64ee6fd2d3,,False,
ACCa091805930,,False,COINC0005
ACC450ebe10e2,,False,
ACCe11cfdb5e5,,False,
ACCf8aea8a593,,False,
ACCb8036d47fe,,False,
ACCfede45f0d1,,False,
ACCc4b42d9248,,False,
ACCbbc5678cb4,,False,
ACC556c87dcd3,,False,
ACC1f8ca6d0ab,,False,
ACCe7b662adb2,,False,
ACC55293c47d1,,False,
ACC2281c23278,,False,
ACC8e7cd69d00,,False,
ACC88646e564a,,False,
ACC45659f4aa2,,False,
ACC1e52397b13,,False,
ACC4393ab53fa,,False,
ACC1f9767cdcc,,False,
ACCf645c9181d,,False,
ACCde10677c91,,False,
ACC2fca6ca3bc,,False,
ACCdc7ac9e5a7,,False,
ACCb254b588ca,,False,
ACC655eaa0409,,False,
ACC002e34f4cc,,False,
ACC646fdfa93a,,False,
ACC922577cd83,,False,
ACCd809c9b151,,False,
ACC0b69f12523,,False,
ACC7a2b1de6e2,,False,
ACCfaea09a02b,,False,
ACC2778ad5510,,False,
ACC7372469239,,False,
ACCa45d23daf3,,False,
ACCf2e36a845c,,False,
ACCc81a906d24,,False,
ACC4d87d6b92a,,False,
ACC9db043e875,,False,
ACC2ab7f1bb78,,False,
ACC3588be173b,,False,
ACC117524de67,,False,COINC0021
ACCb206a5f53a,,False,
ACC65d7703ee5,,False,
ACC5a4ffdc3d4,,False,
ACC155e99f765,,False,
ACC6d6f677aaf,,False,
ACC4454850b5d,,False,
ACCbce84c59a2,,False,
ACC73daca84d8,,False,
ACCfdedbebf42,,False,
ACCd842ab45d1,,False,
ACCcc5b925a93,,False,
ACC2dd1551d0b,,False,
ACCa08cb8a82f,,False,
ACC3591a49dc9,,False,
ACCa3b25ee9be,,False,
ACC9d51fb5636,,False,
ACC02f6344680,,False,
ACC4022bd82b2,,False,
ACC70305426b4,,False,
ACCfffe914173,,False,
ACC962b4d9ed0,,False,
ACCadb8fb8691,,False,
ACCcaf32e63ee,,False,
ACC1abf5ff199,,False,
ACC1f77adb99f,,False,
ACCda3a441148,,False,
ACC52ac586170,,False,
ACCb78f439790,,False,
ACCcc06c7b86b,,False,
ACC373961ac85,,False,
ACC7e599f136a,,False,
ACC8595ced58f,,False,
ACCadb6a61d6c,,False,
ACCd7e7255496,,False,
ACC0cd98b0152,,False,
ACC5fb6a3a6c1,,False,
ACC42196de03f,,False,
ACC7188131e61,,False,
ACCac43d59286,,False,
ACC64dc49c5bf,,False,
ACC5fa4c90ded,,False,
ACC028063e90f,,False,
ACC49e62977b8,,False,
ACC896ab7f68f,,False,
ACC8e7b43d116,,False,
ACCf91a309657,,False,
ACC3177a7d50c,,False,
ACC3c99655d63,,False,COINC0018
ACC28422bbc8c,,False,
ACCad7d5d043a,,False,
ACC050d58934d,,False,
ACCc4541ad703,,False,
ACCaf6201b0d1,,False,
ACCad7564cb91,,False,
ACC580a7c76e8,,False,
ACC72fe087340,,False,
ACC2a4586bc37,,False,
ACCfdd70cba3a,,False,
ACC76268b47c7,,False,
ACC097328b1ab,,False,
ACC53d6b62de7,,False,
ACCed5ea84b76,,False,
ACC972aa1933b,,False,
ACC0ab5f30c10,,False,
ACC6de404ef28,,False,
ACCc42149d7be,,False,
ACC75122e41c9,,False,
ACC9365124704,,False,
ACCbe8a20f71c,,False,
ACCadea2cb0e4,,False,
ACC78e2c0dd95,,False,
ACCc6927b7768,,False,
ACCab3b6f94d7,,False,
ACC7909d27012,,False,
ACC95b6061cc2,,False,
ACCc045144a3e,,False,
ACCc3126c0d03,,False,
ACC41cf017de7,,False,
ACCc0f2f26ea7,,False,
ACC90045d9404,,False,
ACCd87cd2b814,,False,
ACCa5cbd90f63,,False,COINC0045
ACCade6a86744,,False,
ACCc9514a7374,,False,
ACC47389ecc67,,False,
ACC3432e195b3,,False,
ACCbedb98b7e5,,False,
ACC6e90129361,,False,
ACCc3e1ae8f18,,False,
ACC8b376be05e,,False,
ACC5c88147bd4,,False,
ACC436b5a93ef,,False,
ACC4eaf82d696,,False,
ACC4b915be626,,False,
ACC9b3d43459f,,False,
ACCa084d94e64,,False,
ACC440aaa1767,,False,
ACCdeefd06aee,,False,
ACCec47f3a5df,,False,
ACC28eae35c79,,False,
ACC1a13915ab3,,False,
ACC99db062dbf,,False,
ACC6a9f0ac7f1,,False,
ACCa50da6094d,,False,
ACCde5957d5ac,,False,
ACC4a9c1e5e52,,False,
ACCeeb16432bc,,False,
ACCd0781b2ae0,,False,
ACC4bba7ebae0,,False,
ACCf78941f2fe,,False,
ACC5f1a3227e8,,False,
ACCdba891205a,,False,
ACC5a7a31f44d,,False,
ACC4831b5680c,,False,
ACC5024cdcce1,,False,
ACC774796982f,,False,
ACCe2da626bff,,False,
ACC104e2a30d0,,False,
ACC73f0e0c9d5,,False,
ACC4adfaf479d,,False,
ACC363c303f5e,,False,
ACC2de1807070,,False,
ACCec3b00b8c1,,False,
ACC41dd3b35f1,,False,
ACC40209f6c5e,,False,
ACC5ab6729a80,,False,
ACC8988e1f188,,False,
ACC77193de0f1,,False,
ACC4e81cce6a7,,False,
ACCdbe1a40757,,False,
ACCf9b8bbf594,,False,
ACC5a2cad03e7,,False,
ACCbccdf680d6,,False,
ACCd74a88a337,,False,
ACC8043abc1a9,,False,
ACC643bc9d39b,,False,
ACC1ddd94feeb,,False,
ACC618fcba758,,False,
ACCb88f9ed78e,,False,
ACC264eb37b73,,False,
ACC8e3c90d823,,False,
ACC077fda7a20,,False,
ACCac3cdfe619,,False,
ACC5ed1daa8e2,,False,
ACCe93d950a29,,False,
ACC864148b762,,False,
ACCab1ef161a4,,False,
ACCb420f092b1,,False,
ACC315bb57508,,False,
ACCffb5c54a67,,False,
ACC45912b16ad,,False,
ACC9118df88df,,False,
ACCc0eb2b20cf,,False,
ACCe909564af0,,False,
ACC28c14fec32,,False,
ACC7c9e1472af,,False,
ACCfdf5e56605,,False,
ACC3c3dbe6467,,False,
ACC6725a61902,,False,
ACCc61709765e,,False,
ACC8765ee36c3,,False,
ACCebf1bc8657,,False,
ACCe9aa799148,,False,
ACC24dce19984,,False,
ACC49cb638f64,,False,
ACCc5313a90bd,,False,
ACCf6f7c16ff8,,False,
ACCbdb83a6abc,,False,
ACC8eb80b9a85,,False,
ACCe829b294be,,False,
ACC10d550a0aa,,False,
ACC8aa397cef5,,False,
ACCf925238aab,,False,
ACCb163ce746e,,False,
ACCc9a3b77a22,,False,
ACCd5478f4600,,False,
ACCe9f1bb935b,,False,
ACC843d58a24f,,False,
ACC32d928ca4f,,False,
ACCd4782602ea,,False,
ACCce2566a6b5,,False,
ACCa3331f1025,,False,
ACC8e0703f7c9,,False,
ACC5548d8f561,,False,
ACCef008075af,,False,
ACC09600b43ef,,False,
ACCb91373e664,,False,
ACCf93c87eb9e,,False,
ACC8e6750cff9,,False,
ACC0a2491922b,,False,
ACC2fc20a1bea,,False,
ACC23848e4d33,,False,
ACC1cfcae2c3f,,False,
ACC5aa9c9d32f,,False,
ACC3f22320627,,False,
ACCc262474ac4,,False,
ACC54ac51d1e9,,False,
ACC2512489de1,,False,
ACC1e4107c4f3,,False,
ACC71b53cc4b9,,False,
ACCd3a67b09d3,,False,
ACC4027e5495e,,False,
ACC53dd17eea1,,False,
ACCeb806b4895,,False,
ACCbbe289f2b7,,False,
ACC1c0ac687c0,,False,
ACCab15fea8c0,,False,
ACC11876fc073,,False,
ACC239444f60b,,False,
ACC0a973b186d,,False,
ACCa5142c8027,,False,
ACCc5f924c277,,False,
ACC3990dcc22e,,False,
ACC784d74de25,,False,COINC0031
ACC3ce8b3f07d,,False,
ACC1bf5dbf058,,False,
ACC47aef1ff26,,False,
ACC01afe60606,,False,
ACC56e2417480,,False,
ACC9e48a5cfbf,,False,
ACCe58bb1fb32,,False,
ACC01a20e41e0,,False,
ACC620dfcf64f,,False,
ACCb8c155c387,,False,
ACC27b062982a,,False,
ACC9646b3d500,,False,
ACC125e0461f5,,False,
ACCa805629c11,,False,
ACCda594d1a62,,False,
ACC517b559f6d,,False,
ACC24597874bf,,False,
ACCaa0f9b2729,,False,
ACC5a1d792033,,False,
ACCb00f524343,,False,
ACC4e27048b12,,False,
ACCbe32530bf7,,False,COINC0017
ACC1659dd928e,,False,
ACC91666af07e,,False,
ACC7754586558,,False,
ACC68c9a46982,,False,
ACC8b759c3b58,,False,
ACCf7c41934fc,,False,
ACCd91ebbd2fb,,False,
ACC2c872efeeb,,False,
ACC98c0618441,,False,
ACC2bdedbe224,,False,
ACC5e93f346bb,,False,
ACC798290daa4,,False,
ACC063bdb62af,,False,
ACCcc6971e130,,False,
ACC40cfb1a71d,,False,
ACCd497d2c3ca,,False,
ACCe1ff35f706,,False,
ACC1fdda24416,,False,
ACCa6046393aa,,False,
ACC61aecbdca7,,False,
ACC5316c8963b,,False,
ACC04af9bdaa5,,False,
ACC7b3856cf38,,False,
ACCefc992b22f,,False,COINC0032
ACC8def605e23,,False,
ACCefc3cf0e8c,,False,
ACC3f2ae5f278,,False,
ACCb1cdb99183,,False,
ACC88061237cd,,False,
ACC0f60bb0a6a,,False,
ACCa4775b0cca,,False,
ACC9694bd93b7,,False,
ACCaf635c6639,,False,
ACC29bcfa0b7d,,False,
ACCa6cf10c466,,False,
ACC89582ea494,,False,
ACC99699d0235,,False,COINC0005
ACC64f714e36c,,False,
ACC6d3895167e,,False,
ACC2b8082644b,,False,
ACC940ebf5116,,False,
ACC29dbed1842,,False,
ACC36ba1b845e,,False,
ACCf5dfff920e,,False,
ACC91db3c5dae,,False,
ACC9a83990801,,False,
ACC01ceabe35e,,False,
ACCc3f88391a2,,False,
ACC1386a6b07b,,False,
ACC30b58a0e9d,,False,
ACC804532d929,,False,
ACC54d8eb5ed1,,False,
ACC5fcea325f8,,False,
ACC58f3bd7a0b,,False,
ACCe16a1487c1,,False,
ACC272fb1b0f7,,False,
ACCadae7d033a,,False,
ACCba92b2ed54,,False,
ACCb181830565,,False,
ACCdf9c64d2d9,,False,
ACC496a803223,,False,
ACCc6b6e7348e,,False,
ACC3742858243,,False,
ACC1df81ab0fe,,False,
ACCba94c6e166,,False,
ACCfd7968cdbd,,False,
ACCc3e2250fc9,,False,
ACC06280d458a,,False,
ACC187dadce35,,False,
ACCeda46d4ecc,,False,
ACCd94c11b18c,,False,
ACCcea19a1f40,,False,
ACCd76e7a1dab,,False,
ACCa96a7bae49,,False,
ACC5e42a722b6,,False,
ACC9dfc65d1b7,,False,
ACCbadd2a467d,,False,
ACC292ae97a18,,False,
ACC20b36f4105,,False,
ACC8d5de203ce,,False,
ACC53b75d47be,,False,COINC0004
ACCf5a20e8b75,,False,
ACC478f3ea6f4,,False,
ACCb348e7f93e,,False,
ACC35c87f84a4,,False,
ACC1ea45f289b,,False,
ACCcd2c12636e,,False,
ACC08a44d6af9,,False,
ACC9c6fec7bef,,False,
ACC2a988ec82d,,False,
ACC84ee7c90f3,,False,
ACCa866a357a3,,False,
ACC87d2679f6b,,False,
ACC932546753f,,False,
ACC8eea0a7333,,False,
ACC0affa9e179,,False,
ACC850f698ea5,,False,
ACCaedb90f880,,False,
ACC4bae7fe9d4,,False,
ACCf4430b8f0d,,False,
ACCc786efb088,,False,
ACC250ca7fd82,,False,
ACC68c2a1b24b,,False,
ACC3c25b7892e,,False,
ACCd9c85592c6,,False,
ACCc302122aa2,,False,
ACC076b2c7caf,,False,
ACC4177b1a611,,False,
ACCc93eba2f50,,False,
ACC95dcf4d368,,False,
ACC50b231cb1a,,False,COINC0047
ACCed0eb98d9f,,False,
ACC3cb6aa2a22,,False,
ACCac5b61c7da,,False,
ACC0d6c438844,,False,
ACCc3a96a6029,,False,
ACC4749d5e52e,,False,
ACC7438d7eaaa,,False,
ACC6ddd3bf59c,,False,
ACCd7fddceb03,,False,
ACC9c4fea8b05,,False,
ACC086a121c66,,False,
ACC5a0b4ed93a,,False,
ACCeda9771ce7,,False,
ACCab2ad70536,,False,
ACC714bc72deb,,False,
ACC8ce2765987,,False,
ACC799d477d85,,False,
ACC550294cba6,,False,
ACC3dce0d736e,,False,
ACCc6ff4f4035,,False,
ACC06dff2c3b7,,False,
ACC3b0013fa4d,,False,
ACCd5e8cbe6e5,,False,
ACC958f8b43e6,,False,
ACCe494192fa5,,False,
ACCcb8d1388ad,,False,
ACCbc59ea5624,,False,
ACCb41c27026f,,False,
ACCc756af2bc4,,False,
ACCce8cad41e5,,False,
ACCe6c4951f4e,,False,
ACCfc409f61ae,,False,
ACC8d6029e087,,False,
ACCc49abeac54,,False,
ACC7860afbd75,,False,
ACC0a41e88972,,False,
ACC1abb31a7b0,,False,
ACC6847d4899a,,False,
ACC356864bc74,,False,
ACCd5b699a0db,,False,
ACCf37fd57d6d,,False,
ACCccf7640322,,False,
ACC933f336bc7,,False,
ACC8f159676ee,,False,
ACC77871fd15a,,False,
ACCc561199099,,False,COINC0033
ACC7415519252,,False,
ACCa999df0f22,,False,
ACC499592bc6a,,False,
ACCd51b8c9f7c,,False,
ACC88fabe1031,,False,
ACC7bcade97c6,,False,
ACCcb7c96ef9c,,False,
ACCff27d5b190,,False,COINC0023
ACC3a07d2ed78,,False,
ACC8eb652dc96,,False,
ACC3ab0d524e8,,False,
ACC5b4738eaa4,,False,
ACCdcb7094c8d,,False,
ACCa014ad1981,,False,
ACCaaeb4d8790,,False,
ACC690a19d5ba,,False,
ACC3d7e3f0f21,,False,
ACCbe42ace52e,,False,
ACCabe2f626bb,,False,
ACCe5a7f66081,,False,
ACC54d4af1d2e,,False,
ACC47cc5662f9,,False,
ACC0331f75091,,False,
ACC957aae3150,,False,
ACCc8a179085b,,False,
ACC8f90705cae,,False,
ACC02598663f7,,False,
ACC77ee4bfb0d,,False,
ACCc085c9df09,,False,
ACC2c250c99df,,False,
ACC50e91b7dd3,,False,
ACC7e1e784a89,,False,
ACC62f54e723b,,False,
ACC2ef006e1c7,,False,
ACCf663468b38,,False,
ACCf9c3e64f8a,,False,
ACC7f90256652,,False,
ACCbef116abfd,,False,
ACC816c22c84a,,False,
ACCdf38b0991a,,False,
ACCd0d2997620,,False,
ACC8d1c4eafe0,,False,
ACC4463f4061f,,False,
ACC307452a70c,,False,
ACCb1c5dc2223,,False,
ACC151d2110bd,,False,
ACCd7dc59120c,,False,
ACCc53cb27592,,False,
ACC1c163ecb31,,False,
ACC48abea7a88,,False,
ACC1f3921c143,,False,
ACC54d2474fae,,False,
ACCe0c3c9b708,,False,
ACCd839e6c675,,False,
ACC82c6cafc83,,False,
ACCd7f4ec077c,,False,
ACC2b5085fe85,,False,
ACC294e230458,,False,
ACC98d8204118,,False,
ACCd033883457,,False,COINC0043
ACC9358edbe3c,,False,
ACC423df9d2a4,,False,
ACC58876aec75,,False,
ACCbac8e3e00e,,False,
ACC39111fdba4,,False,
ACCbee704a687,,False,
ACCe162407ee0,,False,
ACC2e167aa7d9,,False,
ACC1e9c67f75d,,False,
ACC838509e1ec,,False,
ACC5977ceae9a,,False,
ACCb8135717c0,,False,
ACCd2f4c6c37b,,False,
ACC04d4a1b31e,,False,
ACC79aa641b31,,False,
ACCc570fe9fb5,,False,
ACC2596fd73ff,,False,
ACCcd83e41de0,,False,
ACC000a753f33,,False,
ACCde6431fd95,,False,
ACCfd6d0b35af,,False,
ACCaa87808188,,False,
ACC4bf77dcf75,,False,
ACCc219af7a5d,,False,
ACC5f7adc6c9e,,False,
ACCdfe18632a1,,False,
ACCec9f0aa9f5,,False,
ACC9c0cb369ba,,False,
ACCb7604c4adf,,False,
ACCabf43808a6,,False,
ACC9887d20eb7,,False,
ACC6cecf10865,,False,
ACC7b4da1d35e,,False,
ACC1b72db3d3e,,False,
ACCe59a429d6f,,False,
ACC5272d60c4f,,False,
ACC86adfba0e7,,False,
ACCb6cb45d742,,False,
ACCcf88cb26f1,,False,
ACC9a86d2c72c,,False,
ACCed358e77b0,,False,
ACC7cd1415998,,False,
ACCb8d7d1cd64,,False,
ACCdb9a7084fb,,False,
ACC937b25ff00,,False,
ACCd26828db1f,,False,
ACC3dc358f32e,,False,
ACC42f4fa61a9,,False,
ACC69adaf8237,,False,
ACC8f72f1a0ff,,False,
ACC754dbe1b18,,False,
ACC2838ef3a70,,False,
ACC24e89ca58c,,False,
ACCfce0501a34,,False,
ACC1f33e5c889,,False,
ACC31519089ec,,False,
ACC025b5782aa,,False,
ACC5cf987faa7,,False,
ACC112d803b5e,,False,
ACC5e1537e169,,False,
ACCee0f66128d,,False,
ACC17fc024428,,False,
ACCb4e9ba78d9,,False,
ACC224ae7d7c7,,False,
ACC2f8cca40ef,,False,
ACC2e06797052,,False,
ACC5cc8eb8e58,,False,
ACC388d123dc1,,False,
ACC1bdef538c9,,False,
ACC5c8196a06d,,False,
ACCe92776f4d9,,False,
ACC06a30fe2f0,,False,
ACC0d8372e0ec,,False,
ACC32fa2f67ab,,False,
ACC6161f2adb7,,False,
ACCef512a42ae,,False,
ACCf5df2807d5,,False,
ACCf3e56f7020,,False,
ACC121ee8fd3d,,False,
ACC830e8ed0dc,,False,
ACC4cbafe6d7c,,False,
ACC4ca1fb1d96,,False,
ACC7c6d78f02f,,False,
ACC695341f730,,False,
ACC847e247a91,,False,
ACCd09a7a393b,,False,
ACC1465bd1b6e,,False,
ACCca3254aefd,,False,
ACC42f4257e59,,False,
ACC6b764935d6,,False,
ACC7ef9044447,,False,
ACCe432ed36ad,,False,
ACCf9f6ec68f3,,False,
ACC56c9af5cf9,,False,
ACC94c3f78256,,False,
ACC4595de7bc5,,False,
ACCc074e077a9,,False,
ACC90254b9fd7,,False,
ACC41c4eb24a0,,False,
ACC4042028925,,False,
ACCde106c905b,,False,
ACC5f2d6cef2a,,False,
ACCa9d7081c1a,,False,
ACC117f7aaaad,,False,
ACC7dd48fa1ef,,False,
ACC82be940282,,False,
ACC4117978a8d,,False,
ACC605c065d6f,,False,
ACC7e8a9372c0,,False,
ACCcaab2c40c3,,False,
ACCce315407fc,,False,
ACC26b83a8bd2,,False,
ACCdc792b319f,,False,
ACC8133bdfddb,,False,
ACC397f113af2,,False,
ACCe3a8075e16,,False,
ACCe4f2f92c18,,False,
ACC875b51b0f5,,False,
ACCafe3796086,,False,
ACCacb26b63f9,,False,COINC0026
ACC8a60b7737c,,False,
ACC51f53b7174,,False,
ACCff2e4b7ea3,,False,
ACC8557bebf94,,False,
ACC703ed92c43,,False,
ACC8ca01dde7c,,False,
ACC38af27d33c,,False,
ACC9155cd27cd,,False,
ACC514bcf6207,,False,
ACCbb832b1106,,False,
ACC1c070c9a6b,,False,
ACC83082ba92a,,False,
ACC6e8929a323,,False,
ACC03635fd56d,,False,
ACC748a1faec7,,False,
ACC4c95b73060,,False,
ACCeee5d01a34,,False,
ACCd5b6da67b8,,False,
ACC60f836fedb,,False,
ACC7051139714,,False,
ACC21dfd2a636,,False,
ACC2b4ad12a4a,,False,
ACCfde12e10f0,,False,
ACC26f95df57c,,False,
ACC7f8ffe8254,,False,COINC0028
ACCb5a7deb84d,,False,
ACC6639502a58,,False,
ACC42972abc48,,False,
ACCcfc0753d0e,,False,
ACC9364c0b96c,,False,
ACCd063d12a83,,False,
ACCc5f6e97be9,,False,
ACCaa31e1c815,,False,
ACCe9f02c19c4,,False,
ACCb3f0e63ab2,,False,
ACC0abeeb27c6,,False,
ACCbe526087c7,,False,
ACC56be059fd0,,False,
ACCdad0192a27,,False,
ACC24f8473fa2,,False,
ACC7ff5260276,,False,
ACC73e199c403,,False,
ACCbe79803234,,False,
ACCb54c1343f9,,False,
ACC3aa8eaec55,,False,
ACCf57a685fa8,,False,
ACC42edf9face,,False,
ACC40b9a57ee5,,False,
ACCbe16b5230d,,False,
ACC607bc1d5c3,,False,
ACC162b7daedf,,False,
ACCaaa64bad47,,False,
ACC8663a98e70,,False,
ACC3e7055039f,,False,
ACC49e935343e,,False,
ACC4dd497fc29,,False,
ACC6598d8f1a4,,False,
ACCed433e82ee,,False,
ACC98b104335f,,False,
ACCfa7c290672,,False,
ACC78bf14c698,,False,
ACC0d97450004,,False,
ACC38fb02599a,,False,
ACC21b4a83d11,,False,
ACC288dba8542,,False,
ACC7e30da350b,,False,
ACC50cd92f80b,,False,
ACC8e751fcddb,,False,
ACCa13476319f,,False,
ACC27a8a7ab86,,False,
ACCff7ba4f391,,False,
ACC38ff3d7544,,False,
ACC2a0f3ba97d,,False,
ACCc015b45eec,,False,
ACCb304c4c768,,False,
ACC118d249bbf,,False,
ACCffc68ab06c,,False,
ACC92653eda22,,False,
ACCa0527a121d,,False,
ACCc6775c6626,,False,
ACCfa3153b5f6,,False,
ACC08aa12235f,,False,
ACC61d707673a,,False,
ACCa69b06aa3e,,False,COINC0044
ACCc05833f342,,False,
ACC04abbf5928,,False,
ACC117e2a5e86,,False,
ACCc39c686b1b,,False,
ACC8a4d898cd3,,False,
ACCdbd0faab67,,False,
ACC89edb4439c,,False,
ACC25691de56b,,False,
ACC5ae4530f01,,False,
ACCb46fd2225b,,False,
ACCa3112c6be9,,False,
ACCe8092ed49b,,False,
ACCf5d03650eb,,False,
ACC6f1be7229c,,False,
ACC3dc6cc1b0f,,False,
ACC6847c1c308,,False,
ACC1f82075715,,False,
ACC12c0b03d18,,False,
ACC4a71caab3c,,False,
ACC3a5e505952,,False,
ACCeff6c333b9,,False,
ACC1674c20fd5,,False,
ACC49c11b5311,,False,
ACC0f7eee8cd6,,False,
ACC05a8497cb3,,False,
ACCbcebb4e64b,,False,
ACC3c4b6861eb,,False,
ACC6a5ac11ca9,,False,
ACC99f8dc2e8c,,False,
ACC3860910322,,False,
ACC5b488b954d,,False,
ACCa0e2b32e2b,,False,
ACC7afde655fd,,False,
ACC103bf01d64,,False,
ACCd8ef598094,,False,
ACCe5701e5349,,False,
ACCcd6fc90221,,False,
ACC6cae4ed25d,,False,
ACC654be8cad3,,False,
ACC460dfceb84,,False,
ACCa25e3908e0,,False,
ACCe18ebb6bfe,,False,
ACCe0b68504cf,,False,
ACCd2d1b72ce3,,False,
ACC07a80423e4,,False,
ACCe1218badf8,,False,
ACCc90aff347d,,False,
ACC3542f9a95f,,False,
ACCd2383e674a,,False,
ACC00a039d04e,,False,
ACCd33cb4d472,,False,
ACC697a413229,,False,
ACCae57475fd5,,False,
ACCec8c0caa2b,,False,
ACC77ca54f8dd,,False,
ACC1756a77576,,False,
ACCe98acbe339,,False,
ACC3e52f8bc6c,,False,
ACC13e325b322,,False,
ACC347277c520,,False,
ACC5eaca36dcf,,False,
ACC050454075e,,False,
ACC536722e992,,False,
ACC2433eed479,,False,
ACC7a989d5b95,,False,
ACCf4c31187ab,,False,
ACCa2e5b2c067,,False,
ACCa27bb410f4,,False,
ACC0f88157483,,False,
ACCaed27186b7,,False,
ACC6480546bce,,False,
ACC70bdccea57,,False,
ACCe581d545a6,,False,
ACC5e7d36e33f,,False,COINC0025
ACC11c15f2f7c,,False,
ACCcd07078c4e,,False,
ACCdbddac4b4e,,False,
ACCebec8b17d2,,False,
ACCb413ee8011,,False,
ACCca61483d1b,,False,
ACCe9c83ae0c0,,False,
ACCbe052f2080,,False,
ACCc859e9ae53,,False,
ACCf11cc429a5,,False,
ACCb6312ed823,,False,
ACCa008e301a4,,False,
ACC3abe9da784,,False,
ACCbae99cbae8,,False,
ACCb59488d396,,False,
ACC9dfa5564c2,,False,
ACCc96a4f1566,,False,
ACC243263c386,,False,
ACC3543d734fa,,False,
ACC3e3d4f5df6,,False,
ACC227ea97846,,False,
ACCd387adbea4,,False,
ACCb00b9cea6a,,False,
ACC967282e24b,,False,
ACC7dd67bd57a,,False,
ACCdd6633aa98,,False,
ACC1bcc648b4a,,False,COINC0033
ACC6350a8c156,,False,
ACCb5681b9b6b,,False,
ACC835b9f7eb1,,False,
ACC5598761e49,,False,
ACC3058fab3e8,,False,
ACC981419b9dc,,False,
ACC0dd425bbe8,,False,
ACCa77cbd4f51,,False,
ACC285f2e1b7f,,False,
ACCa85d916210,,False,
ACCa1ba50a974,,False,
ACC33f5e6f7f6,,False,
ACC7669701497,,False,
ACCe4543e017b,,False,
ACC9419ff4f8f,,False,
ACCd86262980f,,False,
ACC2e3d0d064d,,False,
ACC3bd02209c7,,False,
ACC1ba4417ba9,,False,
ACC3ddeac3d20,,False,
ACC587773f862,,False,
ACC6c575a6751,,False,
ACCa77515ecae,,False,
ACCf1b5a34fbd,,False,
ACC0437ce8cd8,,False,
ACC16f9c67a79,,False,
ACC6581273ed7,,False,
ACC3a117bca38,,False,
ACC285bd66bc7,,False,
ACC74449f5422,,False,COINC0007
ACC2adf1fd8be,,False,
ACC940022e715,,False,
ACC760696bae8,,False,
ACCf7a1261c80,,False,
ACC0ecd518489,,False,
ACCdefbf8751d,,False,
ACC1979440e2a,,False,
ACC66a62bebf4,,False,
ACC11434e5b3b,,False,
ACCbcf44eb869,,False,
ACCb42bff8240,,False,
ACCff4d655003,,False,
ACC53d2fcf0b6,,False,
ACCe9fd4ad442,,False,
ACC17cf8db1f7,,False,
ACCa1327ad98a,,False,
ACCe96f7d6126,,False,
ACCe4b97151d1,,False,
ACCc7c876e47c,,False,
ACC9aebfb044b,,False,
ACCb2755288b8,,False,
ACC55b861c7ca,,False,
ACC523207b16f,,False,
ACC8bd2c64ebb,,False,
ACC8fd1380300,,False,
ACCcdafa642c2,,False,
ACC7f06d6dfaf,,False,
ACCc5a1e2258f,,False,
ACCa84a82b1e9,,False,
ACC7a58c9d508,,False,
ACCc1e5292d0f,,False,
ACC194301b4f2,,False,
ACCad9008ec06,,False,
ACCfef228651a,,False,
ACC117334a05c,,False,
ACC64abdb64d7,,False,
ACCba42cde4dc,,False,COINC0019
ACCb99b20c809,,False,
ACC57a5c27b82,,False,
ACC7ac1ce15ec,,False,
ACCb00aa03b03,,False,
ACC9ab6224d30,,False,
ACC4f9ca72146,,False,
ACCa5d9291488,,False,
ACCa53d0a0177,,False,
ACCddb82c81ef,,False,
ACC36dfa50246,,False,
ACC008baabf58,,False,
ACC8124941a39,,False,
ACC1219da55dd,,False,
ACC5dd2fc6031,,False,
ACC1beca63507,,False,
ACC5235e5a1a1,,False,
ACC9714a4b4d2,,False,
ACC077524e1ed,,False,
ACC624fcf38e8,,False,
ACC455058eedb,,False,
ACC93e1e5e364,,False,
ACC494390f71c,,False,
ACCe99d97525f,,False,
ACC3d2171a84f,,False,
ACC6637cc85f1,,False,
ACC43aa14312e,,False,
ACCa8864c4c3c,,False,
ACC245e9e6f36,,False,
ACCd7bc2a4698,,False,
ACC1ee7912e49,,False,
ACC4ef6e60352,,False,
ACC3a454659ce,,False,
ACCd67496fca3,,False,
ACC5848ab7e21,,False,
ACC8d8ce33c40,,False,
ACC369eef85a7,,False,
ACC6a1d5fa2c4,,False,
ACC47625d89c6,,False,
ACC5d828a2348,,False,
ACC4b3dc47079,,False,
ACCc335fcdfb0,,False,
ACC4732993cc6,,False,
ACCcbbf2582de,,False,
ACCf8c161ec4a,,False,
ACC164284b82d,,False,
ACC1bc99167dc,,False,
ACC334a6a4589,,False,
ACC82673e6a15,,False,
ACC3e24e87fb2,,False,
ACC227e03dd7a,,False,
ACC64f2a87981,,False,
ACCa5ff9d3f2a,,False,
ACCab56abe412,,False,
ACCa0113e66ec,,False,
ACCdfee02e6dd,,False,
ACC9ec20665e6,,False,
ACCb927e73447,,False,
ACC55cd0e4e7a,,False,
ACC6c0fc4080a,,False,
ACC6b12865ba8,,False,
ACC147bf69016,,False,
ACC89e3a4dda9,,False,
ACCcc028720ae,,False,
ACC0692ca712d,,False,
ACCfafca9d043,,False,
ACCba5d6fb274,,False,
ACCa14f69b5ed,,False,
ACCd8360df757,,False,
ACCc8559853af,,False,
ACCc72b93d79f,,False,
ACCaefdaf00b4,,False,
ACC0d43e63d5f,,False,
ACCa65a7d4950,,False,
ACC25a5ff0613,,False,
ACCf2a7121f7b,,False,
ACCe0dbe10c19,,False,
ACC04edfaaa0f,,False,
ACC9124c44577,,False,
ACC3d3c37eaac,,False,
ACCcb311d9dc5,,False,
ACC4bb9af944c,,False,
ACCe3f59f5a10,,False,
ACC347902d8a4,,False,
ACC5bc02d433d,,False,
ACC5a1cbfa80f,,False,
ACC704cd26a0b,,False,
ACCff57545d48,,False,
ACC3499a79e58,,False,COINC0029
ACCb28ac6530b,,False,
ACC5703882b83,,False,
ACC3e19f21667,,False,
ACC7723fab969,,False,
ACC53ef176587,,False,
ACC67af2ea0e8,,False,
ACC89b671b1cc,,False,
ACC90fec5c1ee,,False,
ACCfc0f269de8,,False,
ACCcfaa91471c,,False,
ACC24337026bc,,False,
ACC637096e63f,,False,
ACC3964394d96,,False,
ACC62afdbafc1,,False,
ACCccb34213eb,,False,
ACC24600ff746,,False,
ACC5b335fb715,,False,
ACCcf7208c8c0,,False,
ACCff38a836a1,,False,
ACCefac7467eb,,False,
ACCb14c700ec2,,False,
ACCd09143ccfa,,False,
ACC5f3ca46732,,False,
ACC49abc521c8,,False,
ACC7b9a9993cc,,False,
ACC698c123cd0,,False,
ACC5a969540d4,,False,
ACC67971cc92c,,False,
ACC1f20be034d,,False,
ACC58f2b15008,,False,
ACC2f16b8ae2b,,False,
ACC1c0e1b2082,,False,
ACC7ffc1107bf,,False,
ACC023f7e92fc,,False,
ACC9288a51a8a,,False,
ACCe80671bfb0,,False,
ACC8ff763dc0c,,False,
ACC562a811d46,,False,
ACC938c3e4d63,,False,
ACC5ce24e83b8,,False,
ACC2782bf297e,,False,
ACCdf35c31ef9,,False,
ACC9ad70a192b,,False,
ACCd9405d0bb9,,False,
ACC3d7bfe87cc,,False,
ACCffd39fba54,,False,
ACC1fea510ee5,,False,
ACCa8b98c60a4,,False,
ACC4f8cc796f6,,False,
ACCaf9ff0ff84,,False,
ACCb4fdc9329a,,False,
ACC33d451079c,,False,
ACCc321d425c7,,False,
ACCea48597ad4,,False,
ACCbb92bb0867,,False,
ACC80afe62c38,,False,
ACC8ec47b4c5d,,False,
ACCd9dd09217f,,False,
ACC13acd65db0,,False,
ACC79b4b9c6a3,,False,
ACCfbd11df0cd,,False,
ACCe998f488ef,,False,
ACC8d1048964d,,False,
ACC349add402e,,False,
ACC05b4cd9c1b,,False,
ACC269e3a2c8c,,False,
ACC6253146c9d,,False,
ACCfde952ed62,,False,
ACC8706e1b8a7,,False,COINC0012
ACC8f03e423f2,,False,
ACC82506576f3,,False,
ACC1ad6c84b50,,False,
ACC57add651c9,,False,
ACC37984c970c,,False,
ACC45f861dcf0,,False,
ACCd542922b0f,,False,
ACCaf7184768f,,False,
ACCe6dd2ec243,,False,
ACC7c3e3b00fa,,False,
ACCc25654fa29,,False,
ACCb2e1e4a98c,,False,
ACCec45ef8902,,False,
ACC031baa93f2,,False,
ACC833fe43d05,,False,
ACC7d43ed2917,,False,
ACC96c609cde8,,False,
ACC02099f3c8e,,False,
ACC6083c5a1ba,,False,
ACCf5b08a7a10,,False,
ACC0b25a0739e,,False,
ACC936b4aac05,,False,
ACCc21c3300ee,,False,
ACCcbdf065329,,False,
ACC4cb63e0307,,False,
ACCa13d23d1c9,,False,
ACCcbd7b12483,,False,
ACCae25a1b372,,False,
ACC69279c60e9,,False,
ACCf1b76f2671,,False,
ACC3c801e1359,,False,
ACCeb1f67d586,,False,
ACCe3bd38cf14,,False,
ACC682b889a33,,False,
ACC30b1afee43,,False,
ACCb2bc8e3f56,,False,
ACC14b2a5bb13,,False,
ACC62e8ab9874,,False,
ACC4c32427bc8,,False,
ACC05a7e99e43,,False,
ACCf0ffb89ee0,,False,
ACC70a7e5f7e3,,False,
ACC12cf80540b,,False,
ACCeaa463f325,,False,
ACCc663451248,,False,
ACC16ca1e6a89,,False,
ACC20e2d1d56b,,False,COINC0016
ACC3aed5e806b,,False,
ACCdce1b978fb,,False,
ACC3bd9dce332,,False,
ACC82aa6f8d11,,False,
ACCb1d67d6ec5,,False,
ACCc6627b76bc,,False,
ACC371bd784ff,,False,
ACC93257db592,,False,
ACCbeb91e76aa,,False,
ACCf075d3db56,,False,
ACCecc9d11af3,,False,
ACCb964a16457,,False,COINC0011
ACC492c03a25f,,False,
ACC25370c69a8,,False,
ACC3df4d4233c,,False,
ACCdb2380c396,,False,
ACC7efc045c9a,,False,
ACC45561fcbfd,,False,
ACCb544bbd37a,,False,
ACC4ef7efbe56,,False,
ACC3cbdad3e2d,,False,
ACCf9157e84bb,,False,
ACC758f357dc0,,False,
ACC5611de011c,,False,
ACCb2bd963498,,False,
ACCae09aea3ec,,False,
ACC0bfa2dbb6c,,False,
ACC43ed6616bc,,False,
ACC8ba27d9fd7,,False,
ACC93f25297a0,,False,COINC0022
ACC4e3c316d03,,False,
ACCe5811745d6,,False,
ACC86a75cd128,,False,
ACCf5a61cef6c,,False,
ACC782fb25211,,False,
ACC7c8163ea99,,False,
ACCe208389fdd,,False,
ACCa8d33955f3,,False,
ACCa50c873b97,,False,
ACC1308903abe,,False,
ACC24ac9aabf5,,False,
ACC3b399e777b,,False,
ACCda4bede483,,False,
ACCf13c97e2f0,,False,
ACCe5c4896847,,False,
ACC237e1ed936,,False,
ACCc3b0f28f76,,False,
ACCb34d94913f,,False,
ACC3ed34252ad,,False,
ACC68d77a0501,,False,
ACCfef608abc6,,False,
ACC46c7f99714,,False,
ACC6ab6ff465f,,False,
ACCf0000fb8bd,,False,
ACCd354d3d213,,False,
ACC245298f6e4,,False,
ACCcc09452078,,False,
ACCb3ab8e18c5,,False,
ACCb6ba08de27,,False,
ACC57c2e3c761,,False,
ACCf36ceb30f6,,False,COINC0013
ACC6b459726b3,,False,
ACC8779791c1a,,False,
ACC3182087a74,,False,
ACCc8fab8ffa3,,False,
ACCf889950287,,False,
ACCb981628b3f,,False,
ACCfca2825f51,,False,
ACCd3e9b69125,,False,
ACCa61e66577a,,False,
ACC9f51335d4a,,False,
ACC629fdb741f,,False,
ACCc893842b41,,False,
ACC7b4ec3cb1a,,False,COINC0004
ACCdc03d0fb49,,False,
ACCb63de21d5a,,False,
ACC584746cd29,,False,
ACC0bf8940e00,,False,
ACC4dbd0df5ea,,False,
ACC4f8194af00,,False,
ACCfea45caab5,,False,
ACCb87d6d9726,,False,
ACC3f8720476c,,False,
ACC80e192046e,,False,
ACCd1a64909f5,,False,
ACCc7035ef74b,,False,
ACCa37ece7f16,,False,
ACCe6bedc95c5,,False,
ACCe1f32a3b83,,False,COINC0037
ACCcce1db71d1,,False,
ACC2c9d094e32,,False,
ACC03972aae9e,,False,
ACC98d2e9ccc2,,False,
ACC8c69eebb84,,False,
ACCa41068ffec,,False,
ACC67457d4ac0,,False,
ACC18a92de12a,,False,
ACC2acf077bdd,,False,
ACC1e0645a763,,False,
ACC055c6a5953,,False,COINC0025
ACCe392bd4c5f,,False,
ACC36fdc87a0e,,False,
ACCea53ffb9fe,,False,
ACC5e9f22cb6f,,False,
ACC649049897b,,False,
ACCb18e074adb,,False,
ACC0ccda6aff7,,False,
ACCd93ba111e1,,False,
ACC6ff50aff28,,False,
ACC85b16553a6,,False,
ACCedb5e4039b,,False,
ACC02524cfefb,,False,
ACCde3e73012f,,False,
ACC0ec3b455c2,,False,
ACC5b3c6da301,,False,
ACC202675d15d,,False,
ACCe5ad52940f,,False,
ACCa0ec50ecd3,,False,
ACCc56e0768dc,,False,
ACC6d99868dd1,,False,
ACC8453b3f103,,False,
ACCebffe620d7,,False,
ACC36a94ef82b,,False,
ACC3bc8b4c534,,False,
ACC5d301611cd,,False,
ACCd0abbcb0d8,,False,
ACC587c786197,,False,
ACC4f52290241,,False,
ACC78225b745c,,False,
ACCbd5b0f6919,,False,
ACC10fdb351d4,,False,
ACC8d6cf161af,,False,
ACCe46b1ab43b,,False,
ACC4690898651,,False,
ACC57cf127f03,,False,
ACCec9e215997,,False,
ACCfa8144732a,,False,
ACC4cc70d9f1f,,False,
ACC5143af8621,,False,
ACC77abe5fe0a,,False,
ACCc787b6dd5b,,False,
ACCa747b1d5d6,,False,
ACC88c2fd3935,,False,
ACC827c13889a,,False,
ACCb10a037993,,False,
ACC63b8f0e0e2,,False,
ACC9025a38101,,False,
ACC39b8192650,,False,
ACCac8d985ef8,,False,
ACC0fa7fde6c7,,False,COINC0044
ACCfe862bf9b1,,False,
ACC5eeae0f825,,False,
ACC576f74c5ce,,False,
ACCc136b5bfb7,,False,
ACCcfac3238bc,,False,
ACC6d627dbd2b,,False,
ACC58177319bf,,False,
ACCc848e47f63,,False,
ACCd6f9d18c4c,,False,
ACC1e17fa4269,,False,
ACC46c3c47091,,False,
ACCd833d83235,,False,
ACC97f3153fb7,,False,
ACC3d03de1632,,False,
ACC0353a37aa0,,False,
ACCb4593ec1fb,,False,
ACC0a0c4c27ae,,False,
ACCbea74eb2a9,,False,
ACC2b8edd235a,,False,
ACCa484e54be7,,False,
ACC0b834ae650,,False,
ACC19a4663eba,,False,
ACCf30e7afdbc,,False,
ACCf2c182f6e9,,False,
ACCd7d7565058,,False,
ACC33eb125431,,False,
ACCf5dd0b8daf,,False,
ACC91a5a8d705,,False,
ACCbab8d8e149,,False,
ACCf9c061c2a4,,False,
ACCec5edc6e56,,False,
ACC29d81b6b8b,,False,
ACCc8220ce655,,False,
ACCfedc27232b,,False,
ACCddaecc0fd5,,False,
ACC8f8e25296c,,False,
ACCdeaec61da2,,False,
ACC5bfef2fde9,,False,
ACCdb3ffe411e,,False,
ACC9e942d2922,,False,
ACC027f34ec44,,False,
ACC55ca4a6d27,,False,
ACCdfd3c8c959,,False,
ACCc879c4ce3e,,False,
ACCfee631053c,,False,
ACC383bd0dc68,,False,
ACCddd80591c1,,False,
ACCf7c36320eb,,False,
ACC1895dfd1fd,,False,
ACCaa6a8000af,,False,
ACC563abf1676,,False,
ACC9066cce1df,,False,
ACC62d17822e1,,False,
ACCb40dd24471,,False,
ACC69d92efb94,,False,
ACC6b913789ba,,False,
ACC2513f6f359,,False,
ACC50fe4ffbeb,,False,
ACCbbaf32d795,,False,COINC0021
ACC2b4e101f14,,False,
ACC62c8679565,,False,
ACCce52b707b2,,False,
ACC904961ee9e,,False,
ACCd55659e069,,False,
ACC99232556c0,,False,
ACC109c73c105,,False,
ACC89cddadc52,,False,
ACCb15933e731,,False,
ACCd47f1dcbc8,,False,
ACC320ff76090,,False,
ACC035b80707c,,False,
ACC5ca866baa9,,False,
ACCc9f9aa7a29,,False,
ACC11c5f62b80,,False,
ACC449f0e3938,,False,
ACCef3663ed95,,False,
ACCfac3f1b55b,,False,
ACC4af9765017,,False,
ACCb02e40a00a,,False,
ACCb703bce760,,False,
ACC2494c6a60c,,False,
ACC75c9e7d3d0,,False,
ACCe221b047ff,,False,
ACC8bd0e6074e,,False,
ACC96f13d2af5,,False,
ACC1afb5c0495,,False,
ACCac6c79dbfd,,False,
ACCa2a2e8b33c,,False,
ACC6925227ff1,,False,
ACC9c9451887d,,False,
ACC6f8977fb2e,,False,
ACC1c7975afd3,,False,
ACCaa65e9273d,,False,
ACC065b619494,,False,
ACC3e31264936,,False,
ACC13aa19c6b7,,False,
ACC3f615e238b,,False,
ACC6bc33e7ab0,,False,
ACCd70ca7de84,,False,
ACC64a52313c2,,False,
ACCaddee13233,,False,
ACC3e0b33dda6,,False,
ACCde1c790c40,,False,
ACC380a3fcfbc,,False,
ACC240fcdc49e,,False,
ACC8d4f4ffc46,,False,
ACC9754f61fa7,,False,
ACC615211d47b,,False,
ACCde53912cba,,False,
ACCb33579f685,,False,
ACCca7d37c544,,False,
ACC3adfea2069,,False,
ACCb40a4a8689,,False,
ACC05109be645,,False,
ACC2da308f953,,False,
ACCc9ec1543b8,,False,
ACCe920513fc0,,False,
ACC10d7e8d27e,,False,
ACC3f3d71ca67,,False,
ACC4272ff4770,,False,
ACCf9f0e7d904,,False,
ACC3612d0f401,,False,
ACC6cc6abd8ae,,False,
ACCfc0bf1aff8,,False,
ACC508684de01,,False,
ACC0363ac0f83,,False,
ACC5a6dd1f368,,False,
ACC7137e7f994,,False,
ACC2a746fdd5a,,False,
ACCb70ba7d4cf,,False,
ACC07363513b5,,False,
ACCe36486f239,,False,
ACCe2fb6a45bb,,False,
ACC3f79cf87e5,,False,
ACC20071645eb,,False,
ACCd49745d426,,False,
ACC8e2e1dba48,,False,
ACCfd41f4523a,,False,
ACC4f7df3e76b,,False,
ACC27df0a817f,,False,
ACCed690e0c71,,False,
ACCfbd053152d,,False,
ACC4fb76b4ea0,,False,
ACC6070730d62,,False,
ACC587655333b,,False,
ACCee5e37d62c,,False,
ACC420da88f1d,,False,
ACC4f034910f1,,False,
ACC1a6922cc7e,,False,
ACC5001cdb7b8,,False,
ACC36ba339260,,False,
ACC8ca7a9a21b,,False,
ACC59da37d531,,False,
ACC42d7db6473,,False,
ACC000c4475e6,,False,
ACCafec41a3e9,,False,
ACC5bd174aa39,,False,
ACCd5a9acabaf,,False,
ACCf05e74266f,,False,
ACC4d279a6582,,False,
ACC7b9f797fee,,False,
ACC4df550d29c,,False,
ACC2ab7df5695,,False,
ACCe35edbb351,,False,
ACCe9b9e1ea0f,,False,
ACC02a42d79e5,,False,
ACCc11b8c4382,,False,
ACC22219dd365,,False,
ACCefcbde76a9,,False,
ACCdacddec6db,,False,
ACC0eb3914cf1,,False,
ACCec0f7d4252,,False,
ACCa6c4b6ed23,,False,
ACC1b5e47b2e3,,False,
ACC73fd198e13,,False,
ACCa6a8486120,,False,
ACC759f57354a,,False,
ACC99d45603db,,False,
ACC673695c453,,False,
ACC2656817165,,False,
ACC8505fe781f,,False,
ACC011dbb09e1,,False,
ACC22530a5fe7,,False,
ACCd3403d8d56,,False,
ACC7b7762c4e7,,False,
ACC3cc2658475,,False,
ACCfa741dba31,,False,
ACC570eee0930,,False,
ACC90cc42ee27,,False,
ACC182429cc63,,False,
ACC85a62198a0,,False,
ACC372081193b,,False,
ACCf7543a951d,,False,
ACC99d8e2818d,,False,
ACC763c8809c3,,False,
ACC03b196be23,,False,
ACC043e659630,,False,
ACC448ae3e9ee,,False,
ACCeffebd08e6,,False,
ACC461655076c,,False,
ACC40e4dd60dd,,False,
ACC86f25d2de0,,False,
ACCe1dc90a1bb,,False,
ACC3f6ab6d7b9,,False,
ACC8c2c0ee6b9,,False,
ACC02652195d8,,False,
ACC68939f7fa2,,False,
ACC485e3f4f80,,False,
ACCdaf14627aa,,False,
ACCa9308e4da9,,False,
ACC586026e159,,False,
ACCd58e684868,,False,
ACC1a4a9b1fb7,,False,
ACCcf5a5be8f3,,False,
ACC2d7825304c,,False,
ACC540604129a,,False,
ACC352bd8a9ee,,False,
ACC15b406182b,,False,
ACCd210aeb508,,False,
ACC2aa3da1a37,,False,
ACC2e0fa983f5,,False,
ACCf42dbfeb2f,,False,
ACCe2e5cbdd0b,,False,
ACC28ee434951,,False,
ACC9a908ac62e,,False,
ACC7fa5da3d44,,False,
ACC4105785597,,False,
ACCcde17f5df8,,False,
ACC9e081e430a,,False,
ACCf22cc8a9eb,,False,
ACC6cab8b44d8,,False,
ACCa87c1ca0e0,,False,
ACCaf53e5732d,,False,
ACCc41746d5e5,,False,COINC0049
ACC7f0a8079ca,,False,
ACCa9121a6360,,False,
ACC5130b54a5a,,False,
ACCf6b32a983b,,False,
ACC1f5df11441,,False,
ACC86b8c26b47,,False,
ACC1b5c88b742,,False,
ACC6de8f04644,,False,
ACCbab3fb8742,,False,
ACCea8b923863,,False,
ACC7a70f6f175,,False,
ACCbbe67a2bee,,False,
ACC1d9357e097,,False,
ACC699b493aa7,,False,
ACC515d4f2a7c,,False,
ACC282cbaf1da,,False,
ACC373eaa39e0,,False,
ACC8b07be4a48,,False,
ACC3f22fb1e53,,False,
ACC0b47b0e929,,False,
ACCe1a6011920,,False,
ACC4d7fe7b357,,False,
ACC22663a8a55,,False,
ACCf093dedd0d,,False,
ACC986d623dc3,,False,
ACC30e069ef0c,,False,
ACC69a408bd0f,,False,
ACCb1b0a0dca9,,False,
ACC943e789246,,False,
ACCc598d0d0fc,,False,
ACCdf48ac6673,,False,
ACCe6998a9e3d,,False,
ACC685864be4b,,False,
ACCb893099165,,False,
ACC21ba36695d,,False,
ACC2fc58eccc4,,False,
ACC6b4d033d19,,False,
ACC21d3c5b983,,False,
ACC2c5c56501c,,False,
ACC127c34ea55,,False,
ACC3704114da3,,False,
ACCa12a22e86b,,False,
ACCa049ddb8b4,,False,
ACC21611505e8,,False,
ACC9e4fb8f3f8,,False,
ACCee1cc9ffa2,,False,
ACC919d4782c1,,False,
ACC5276202aed,,False,
ACC3e844574df,,False,
ACCbd441034df,,False,
ACC7339b3c81a,,False,
ACC23350ab394,,False,
ACC6e9c1ea54a,,False,
ACC7ac8c40e89,,False,
ACC89b4c18f16,,False,COINC0010
ACC01f61e5ea7,,False,
ACC02a64d9853,,False,
ACC19815a2ca2,,False,
ACCe58c7b77ae,,False,
ACCe7745520a9,,False,
ACC9f41dc857c,,False,
ACC6bc3655118,,False,
ACC25dcf9abdf,,False,
ACC21462051a1,,False,
ACCb410c3b8f0,,False,
ACC3d9c0f9b7c,,False,
ACC8c73fc94c0,,False,
ACC4fcc569ec8,,False,
ACCf99a80e252,,False,
ACC6aa725a7be,,False,
ACC9c2d26506b,,False,
ACCce371c184b,,False,
ACCbf2d300821,,False,
ACCb0e84a4e77,,False,
ACCb855ac6d00,,False,
ACCb6a3ff814e,,False,
ACCf79d54c54c,,False,
ACCe2fe7c01c2,,False,
ACCbe417b6235,,False,
ACCdb17e66da4,,False,
ACC6ff72e9ee1,,False,
ACC0feed31548,,False,
ACC7099aa6b31,,False,
ACC03768ed1e8,,False,
ACCede3b8f88c,,False,
ACC1144fddb64,,False,
ACCa2599c8f84,,False,
ACC3ac499e3a9,,False,
ACC87275998cb,,False,
ACC9de855b952,,False,
ACCd7bbf863f3,,False,
ACC189e317b59,,False,
ACCa11da5e9f4,,False,
ACC2a17ee6009,,False,
ACC0f909f10c5,,False,
ACCc809aedae6,,False,
ACCea26034bc8,,False,
ACC4de4f28a64,,False,
ACC1e1543663d,,False,
ACC272460f8c9,,False,
ACC27c74da0b2,,False,
ACCb26fe95a48,,False,
ACCfb744b4f56,,False,
ACC3e9d5210de,,False,
ACCe930a227c4,,False,
ACC32ad5c98b1,,False,
ACC87e01f45be,,False,
ACC54c8866b27,,False,
ACC84fc0b7b5a,,False,
ACCaad675682e,,False,
ACC6470833691,,False,
ACC466129271e,,False,
ACC269ce9edf7,,False,
ACCffbe4d67ef,,False,
ACC05bf22bf86,,False,
ACC184415d8a0,,False,
ACCf2ae0499f7,,False,
ACCb3b2971d85,,False,
ACC363acae7c4,,False,
ACC349b9a20ae,,False,
ACCc3649a17df,,False,
ACC65ecb6b8a7,,False,
ACCbc3325a660,,False,
ACC8fda6412de,,False,
ACC4a56403ae2,,False,
ACCb699a18c5b,,False,COINC0038
ACC63e2d11e0c,,False,
ACCf11eb02f0f,,False,
ACC882d78aae8,,False,
ACC1413babf32,,False,COINC0027
ACC558bfc6f33,,False,
ACC04beb60e46,,False,
ACCb299b8cd45,,False,
ACCf74fc82fc1,,False,
ACC7e29a5022d,,False,
ACCbd9ef3a965,,False,
ACC8887b1d434,,False,
ACC5bb76efefb,,False,
ACC836c6e0171,,False,
ACC54f2736242,,False,
ACC3e2fb31abf,,False,
ACC733e2e68d5,,False,
ACCc411a76a8e,,False,
ACC335d397587,,False,
ACC2737a32918,,False,
ACC1861f83ba0,,False,
ACC5ce0b77cd6,,False,
ACCa245ba3ead,,False,
ACC4545adde78,,False,
ACC10b5749390,,False,
ACCaf2881d365,,False,
ACC457246a0de,,False,
ACC02d7e514ff,,False,
ACC5aa33dcd43,,False,
ACC1e9e0f3d95,,False,
ACCe76910fd94,,False,
ACC342959d6f4,,False,
ACC2e34cba9a5,,False,
ACCecca9c926f,,False,
ACC948608afe5,,False,
ACCe46c89ca50,,False,
ACC2ddbfd2cfc,,False,
ACC84c31ef5b8,,False,
ACCbefef6022b,,False,
ACCd1f1ef2956,,False,
ACCda4c15bc54,,False,
ACC4fb5d74f45,,False,
ACC17c0c59116,,False,
ACCbca8cb67e3,,False,
ACC4c61f36c76,,False,
ACC6c321c4b86,,False,
ACCfeb65dc99b,,False,
ACC99f62a8b4c,,False,
ACCe6f5349c51,,False,
ACCa8d61fdc1f,,False,
ACCe02c2ce760,,False,
ACCb40ba4f997,,False,
ACCf62f89d22c,,False,
ACCa5d55efc8e,,False,
ACC9089315a6f,,False,
ACC9ae5f7146b,,False,
ACCc20393807b,,False,
ACC04e0f6423a,,False,
ACCc77f5eb832,,False,
ACC78c98343e8,,False,
ACC4c83fc4614,,False,
ACCce595a82f5,,False,
ACC0010841d8c,,False,
ACC588295f1cc,,False,
ACCa01c8014b2,,False,
ACC7bc7f69bb1,,False,
ACC8f0bd39833,,False,
ACC244388400f,,False,
ACCf8799c79f3,,False,
ACC4848a86ed7,,False,
ACCf500b78849,,False,
ACC5d1617954b,,False,
ACC9eef5ae39c,,False,
ACC2f227e7dbf,,False,
ACC6a56b8a300,,False,
ACCfe7442982c,,False,
ACCd375ffecc7,,False,
ACC7b9dae6b9f,,False,
ACC9b384f4215,,False,
ACC6b9fd3ba5e,,False,
ACC2ebe962ef5,,False,
ACC3bbe709db2,,False,
ACC5b3b772e12,,False,
ACC554053127c,,False,
ACC4988678995,,False,
ACCa5b82636d4,,False,
ACC0e888d2165,,False,
ACC52317d6176,,False,
ACC231ad1e9d5,,False,
ACC884f978b9d,,False,
ACC879deaf16a,,False,
ACC9e4b284f2e,,False,COINC0027
ACCc9b9483503,,False,
ACC8db730ea48,,False,
ACC4d2b3a7664,,False,
ACCc4a383f783,,False,
ACCe96d5eed44,,False,
ACCb873681985,,False,
ACC171832c28e,,False,
ACC67847e2374,,False,
ACC017ffc6482,,False,
ACC2b00c83629,,False,
ACCe068ffdd2c,,False,
ACC2fd62080ca,,False,
ACCadd912084e,,False,
ACCf0df349094,,False,
ACC09f7e9c2de,,False,
ACC8ccf2d9322,,False,
ACC822e98ecdf,,False,
ACC51b16398fc,,False,
ACC1df690b6ae,,False,
ACC176bac671c,,False,
ACC63e06cd8be,,False,
ACC3ad76950e0,,False,
ACC5f4b82e5b3,,False,
ACC7b5a529f5d,,False,
ACC3dfd93e7a9,,False,
ACC7d86ad39f8,,False,
ACCff0984e600,,False,
ACC6fa913d213,,False,
ACC6f8a8ccd89,,False,
ACCb492182b77,,False,
ACC778904da8b,,False,
ACC4cf07dce49,,False,
ACC72bf00d25f,,False,
ACC3801598983,,False,
ACC9bf840f67d,,False,
ACC9c076921f7,,False,COINC0010
ACCb3110e39cd,,False,COINC0047
ACC5609b34eef,,False,
ACC305e0de420,,False,
ACC0547afa7c9,,False,
ACCef36c46bf1,,False,
ACC4085467667,,False,
ACC590229656a,,False,
ACC55b84a380d,,False,
ACC4f2c5dc189,,False,
ACC51742e82af,,False,
ACC2dbfa0a72e,,False,
ACC188d5d240c,,False,
ACC2dd692d048,,False,
ACCd99a719e74,,False,COINC0008
ACCda9c4d5ffb,,False,
ACCfc42b4c6cb,,False,
ACCa976436d7a,,False,
ACC158e4bd812,,False,
ACCbd0d64fd79,,False,
ACC4777a25b88,,False,
ACC28c77ee1ee,,False,COINC0011
ACC584491b4aa,,False,
ACC3d63026842,,False,
ACCd4a4bf792c,,False,
ACC38653d1809,,False,
ACC8a8a8694aa,,False,
ACC783575e04b,,False,
ACC27c784ec9c,,False,
ACC63c7bfe0ae,,False,
ACC7161e9a746,,False,
ACC2e047d3523,,False,
ACCeabb36cf00,,False,
ACC4547caa3bd,,False,
ACC6d6d817834,,False,
ACCf13835b029,,False,
ACC4f15c0a480,,False,
ACC369773d764,,False,
ACCb6b1067244,,False,
ACC0ebc06fff1,,False,
ACCd1e1d4d3c2,,False,
ACCa9c6498d61,,False,
ACCde9f971843,,False,
ACC8a6c670381,,False,
ACC30d618cc41,,False,
ACC2048c904b3,,False,
ACCccbaee05e3,,False,
ACCe860530978,,False,
ACC15d7095d11,,False,
ACC465ed9cc78,,False,
ACC29d7b527a4,,False,
ACC5465bfb7d1,,False,
ACC4c1e8f0a18,,False,
ACC026f2ca008,,False,
ACCa076497b2a,,False,
ACC1801ff7040,,False,
ACCd0c4ba1895,,False,
ACC7a4fa95949,,False,
ACC04201a9ab7,,False,
ACC6b8f39682f,,False,
ACC559306d410,,False,
ACC28d7d71e9c,,False,
ACC6b37dedcb2,,False,
ACC7e8f6229fb,,False,
ACC60b496fc43,,False,
ACC818294c709,,False,
ACC81f21b5561,,False,
ACCe23f5159fa,,False,
ACC3563a48cd5,,False,
ACC69a5e30c77,,False,
ACCf97af5b1fb,,False,
ACC2e784620b3,,False,
ACCbb4224b5b3,,False,
ACCf4434c21db,,False,
ACCdbfea4f9e5,,False,
ACC9ced622e10,,False,
ACCda8135c5e3,,False,
ACC633a9beaa5,,False,
ACC0e95f1cc13,,False,
ACC0521308268,,False,
ACC891b92f4ad,,False,
ACCe7989983c6,,False,
ACC6d350a7169,,False,
ACCe8aabc8023,,False,
ACCff36d8e056,,False,
ACC12fdcf4649,,False,
ACC36ec55f945,,False,
ACC95a7f5bd1a,,False,
ACCdfb21fcb3e,,False,
ACCc9a7c7d508,,False,
ACCfa5e6945c7,,False,
ACC32a6e851f4,,False,
ACC6ca0645e17,,False,
ACCa8485dae6c,,False,
ACCe6fac76c44,,False,
ACC1b5efcea58,,False,
ACCce1b3edef9,,False,
ACC5cca3bd809,,False,
ACC68c89ad053,,False,
ACCfc80b5b887,,False,
ACCe5e89d501c,,False,
ACCbc1bac2f9a,,False,
ACC75225ef7fd,,False,
ACC92a213cf35,,False,
ACCee106065b7,,False,
ACC59836e43a6,,False,
ACC613a0bc950,,False,
ACC9b15802cde,,False,
ACCaf56862df4,,False,
ACC070df5839f,,False,
ACC6d6d4d90c9,,False,
ACC7f4b6c30ff,,False,
ACC9f8d4f44f2,,False,
ACCbc6fbc5477,,False,
ACCc6e18de44e,,False,
ACC7a36604a3c,,False,
ACCcd427b8948,,False,
ACC013ff7d49b,,False,
ACC152ff747eb,,False,
ACCe5062a832c,,False,
ACC8d1f282a0c,,False,
ACC56635de7bc,,False,
ACC77265a9ef9,,False,
ACC0d68c9a1f2,,False,
ACC90962c9ca8,,False,
ACCbc4147b275,,False,
ACC6d7f4d04e3,,False,
ACC67e7d30164,,False,
ACC6af771e803,,False,
ACC81c5989222,,False,
ACC25f4301b41,,False,COINC0048
ACCa60d2bbbc5,,False,
ACCd15dc956ef,,False,
ACC6b84fbc7fa,,False,
ACC3162e92a8b,,False,
ACC597136e237,,False,
ACCf59e45c922,,False,
ACC63031fdbf7,,False,
ACCe57c715a40,,False,
ACC04a8e7620a,,False,
ACC9cd678e468,,False,
ACCd3b059a2e0,,False,
ACCf8b41c969f,,False,
ACCc39f3e5e49,,False,
ACC8a32f3c7dd,,False,
ACC44b9d65f2d,,False,
ACC664da8ca2d,,False,
ACCfe8f06621c,,False,
ACCc7ad679558,,False,
ACCa4512e87e7,,False,COINC0002
ACCbfec21baa8,,False,
ACC37e707bb65,,False,
ACC4c1fe6638c,,False,
ACCdb69a1e633,,False,
ACCb96f1046b2,,False,
ACC5acb741008,,False,
ACC651c4aa5b4,,False,
ACC39e0d6bcb8,,False,
ACC499d60d44c,,False,
ACCcd27c4402b,,False,
ACC1bbf4fb823,,False,
ACC5584797a9e,,False,
ACCc9fe51cec9,,False,
ACCfd853f6ca5,,False,
ACCaf82940d71,,False,
ACC548acf0df5,,False,
ACCcc02c448ff,,False,
ACC7a68200f8f,,False,
ACC8ca13088e9,,False,
ACC32a2a9d803,,False,
ACCbad9d27e55,,False,
ACC9b29eac78f,,False,
ACCb5014aad71,,False,
ACC837d78bfa5,,False,
ACCff739edf0d,,False,
ACCd3c62fc883,,False,
ACC7a7d3a8d86,,False,
ACC7dd6063001,,False,
ACCd5615d6604,,False,
ACC256b4acfa2,,False,
ACC9d716e03c3,,False,
ACCf76f8b7ed5,,False,
ACCfe75866f31,,False,
ACCed74c8f558,,False,
ACC26ff23de4e,,False,
ACCf6d944276f,,False,
ACC7b00a236fd,,False,
ACC3a12b027f9,,False,
ACC8490f82d40,,False,
ACC76bfd7c851,,False,
ACC8e00c7b670,,False,
ACC5dc1083e0a,,False,
ACC13b4b9d8e3,,False,
ACC4b3e127e45,,False,
ACC47475c69e5,,False,
ACC97c3d1619c,,False,
ACCf6c6b18719,,False,
ACC2d068ab58e,,False,
ACCb842b4b68e,,False,
ACC6e456ad4b0,,False,
ACC4d9fdc681b,,False,
ACC049648ecf1,,False,
ACCabc132a721,,False,
ACCe1c55345cf,,False,
ACC20f6a3231a,,False,
ACCe57f1918e5,,False,
ACC61b43e2d4c,,False,
ACC0a680d7111,,False,
ACCad48189ae6,,False,
ACC539c36e85b,,False,
ACC7e6c38b803,,False,
ACCa119c1c0b5,,False,
ACC2b74ba2aba,,False,
ACCd0dd17d4b0,,False,
ACC9d72bed723,,False,
ACC2ae299a82d,,False,
ACC0fa878ee7a,,False,
ACCff78fa9143,,False,
ACC7653c47b72,,False,
ACCd987d488ad,,False,
ACC284439b991,,False,
ACC6a7c0c8e66,,False,
ACC98512837db,,False,
ACCf8236e4d87,,False,
ACC9f1af98e55,,False,
ACC76d99ed2e3,,False,
ACCd6ac70c693,,False,
ACCb932f23554,,False,
ACC243f78c15d,,False,
ACC6dda1c73e2,,False,
ACCa21406fe87,,False,
ACCbea3d43517,,False,
ACC4bb86f6814,,False,
ACC291b91c2c4,,False,COINC0018
ACC4b4aa784ee,,False,
ACCe442ff2d59,,False,COINC0004
ACC3b2f832a3b,,False,
ACC1f5595e991,,False,
ACC9ee7c92a3d,,False,COINC0039
ACCec16b232c3,,False,
ACCa20ce0cdd5,,False,
ACC42a7f4d314,,False,
ACCe1124e1302,,False,
ACCe9e98675d3,,False,
ACC9fd4066f85,,False,
ACC4d17013009,,False,
ACCb53c5d185a,,False,
ACC9e69791939,,False,
ACC4c2d71fbd2,,False,
ACC85adb5d828,,False,
ACC6b336956be,,False,
ACCaa0105a0bf,,False,
ACC81be9fbcf8,,False,
ACC0d9a377f64,,False,
ACCddeec5a844,,False,
ACCf146a34557,,False,
ACC1c94ccd92a,,False,
ACC162f9ebc4c,,False,
ACC225d7954cc,,False,
ACC5a9b907b15,,False,
ACC11c554752e,,False,
ACC45a0cf3d87,,False,
ACCa19dba357c,,False,
ACC5788e5abbe,,False,
ACC774c16aebc,,False,
ACC29175b5b55,,False,COINC0016
ACC45513b9af7,,False,
ACC1f97e55014,,False,
ACC2398f9f503,,False,
ACCc2b0f13b18,,False,
ACC6bf04b1d39,,False,
ACC32d0d966de,,False,
ACC0fe7db4ba7,,False,
ACC358aa31714,,False,
ACCd71a49684f,,False,
ACC5b6b6789a7,,False,
ACC3e92f59737,,False,
ACCbf27439d03,,False,
ACC6e2a03934d,,False,
ACCc75957ccf5,,False,
ACC50acc7bbe4,,False,
ACC0c0f4a6022,,False,
ACC3a368b0e05,,False,
ACC7be401636a,,False,
ACC9b0b0590b8,,False,
ACCc81331dc63,,False,
ACC3d7149ff7e,,False,
ACC2e71333ce4,,False,
ACCd11a8cbce7,,False,
ACC73245672d4,,False,
ACC48efc0cc84,,False,
ACC0198f6ede5,,False,COINC0028
ACC9d9feb8458,,False,
ACC175d468153,,False,
ACC8083716d5e,,False,
ACC524e4a986e,,False,
ACCdeab1a802f,,False,
ACC93966f7196,,False,
ACC579d62c9d3,,False,
ACC373dfdfcea,,False,
ACCe5d6c3d58e,,False,
ACCfbaa7be277,,False,
ACCfd6db4c3c3,,False,
ACCbafd428d8f,,False,
ACC7c35cf15a5,,False,
ACCf03fd6d847,,False,
ACCc7c265a2b2,,False,
ACC10fc5cda7f,,False,
ACC453f6a97fc,,False,
ACC1f6bf65367,,False,
ACCaa76dbaa61,,False,
ACC7b167f9a08,,False,
ACC9c2d065145,,False,
ACC84bd1bffa6,,False,
ACC09b60465a0,,False,
ACC5f10c58f8e,,False,
ACC6b26c50b84,,False,
ACCd3a907c0a7,,False,
ACCcd957887d9,,False,
ACC66e5e82602,,False,
ACCb6ae82acba,,False,
ACC5f9ffbfbc5,,False,
ACC13527e6c20,,False,COINC0008
ACC735483ffde,,False,
ACCedc4500ab9,,False,
ACCe6a6583888,,False,
ACCdb2fa504d7,,False,
ACCd4e1f5a7be,,False,
ACC1d622e00ee,,False,
ACCf427a15e14,,False,
ACCf643d926f4,,False,
ACCe47889dff4,,False,
ACCb798762a87,,False,
ACCd24848737a,,False,
ACCb5c1b48885,,False,
ACCd9fbcb562c,,False,
ACC0bb47531de,,False,
ACC95d570445c,,False,
ACCf2128e1adc,,False,
ACCf560193028,,False,
ACC0bae92416c,,False,
ACC50286d753f,,False,
ACCb8973c1b7c,,False,
ACCdaf8f53294,,False,
ACC371d1bd513,,False,
ACC3f9c3c6e82,,False,
ACC4400e069de,,False,
ACC2ab8225c35,,False,
ACC8825fbe113,,False,
ACC27f4a6051b,,False,
ACCcbad584b4f,,False,
ACC17606a7d8c,,False,
ACC6ab6afa89e,,False,
ACCf787e966cf,,False,
ACCf2607a72b6,,False,
ACC057baca7b8,,False,
ACC7a63adde18,,False,
ACCc68ba49db6,,False,
ACC2e4df12423,,False,
ACC6e9e0b788a,,False,
ACCf0c5365bd0,,False,
ACCf61bd7ac81,,False,
ACC2bb8f14a81,,False,
ACC49aa94f8b6,,False,
ACCa77fef645f,,False,
ACCe50070112b,,False,
ACCe5b274af69,,False,
ACCecf2f4266b,,False,
ACC99e9bdd342,,False,
ACCebf49565da,,False,
ACC0777462501,,False,
ACC22c2f3bc2b,,False,
ACCcec82335f6,,False,
ACCca8a676e9c,,False,
ACCf4366d8f00,,False,COINC0000
ACC75b4f084c6,,False,
ACCf2289bd5ad,,False,
ACCe57233d608,,False,
ACC519868b1c8,,False,
ACC5f4e9c73f2,,False,
ACC31fb89b5f9,,False,
ACCa2a7fb0d95,,False,
ACC7072b23614,,False,
ACCd18b35c714,,False,
ACC769c9d1608,,False,
ACC28d5282cbd,,False,
ACC8578e575dd,,False,
ACC03db4a6a66,,False,
ACC138d6c5cba,,False,
ACCdb96bf7532,,False,
ACC90535e72b6,,False,
ACC0b3e8a1daf,,False,
ACCff40f61bfb,,False,
ACCf12a4e081d,,False,
ACC8047a3c6e1,,False,
ACC339bc79a69,,False,
ACC7d9bb774d9,,False,
ACCab4141740d,,False,
ACC0cd784d467,,False,
ACC6b794f1569,,False,
ACCddb1154720,,False,COINC0038
ACC602dc7f404,,False,
ACCfd8ecf47cf,,False,
ACC2cfa2581ba,,False,
ACCff81fcd6b2,,False,COINC0042
ACC98aeb01eac,,False,
ACCec8f665cb0,,False,
ACCd7178d19cd,,False,
ACC403eb1bea0,,False,
ACC31256e27e9,,False,
ACC0bc984f8fd,,False,
ACC703b07d91e,,False,
ACC0e1d1f9546,,False,
ACCabf66fe92b,,False,
ACC0957fa2d99,,False,
ACC175d67d68d,,False,
ACCa2e6c085b6,,False,
ACC39afc62db2,,False,
ACC027deb18cb,,False,
ACC4c08882a06,,False,
ACC58fb7bb637,,False,
ACC2626bc81c9,,False,
ACC5d002a6cfa,,False,
ACCd7954dc74a,,False,
ACCd7a6491e58,,False,
ACC6e1d076374,,False,
ACC120030f63d,,False,
ACC2846731fca,,False,
ACC60a12282f3,,False,
ACCa4857d6ab6,,False,
ACC51dbf80810,,False,
ACC4d383abf20,,False,
ACC6a5a2d96a6,,False,
ACC1b794f606c,,False,
ACC862737d212,,False,
ACC1e8f5016c4,,False,
ACC9db1032d59,,False,
ACCf7101de847,,False,
ACC8ab10b747c,,False,
ACC6cd136f092,,False,COINC0044
ACC065e303eb9,,False,
ACC3946192c9d,,False,
ACCdd07c5899f,,False,COINC0018
ACCd2ebee3407,,False,
ACCb290e5facb,,False,
ACC8983ba1a36,,False,
ACC8a6b4651dc,,False,
ACC094e651caf,,False,
ACC9201e07b29,,False,
ACC9e26b33a22,,False,
ACCdac54ba5f4,,False,
ACCf233b79522,,False,
ACC23e8b6bd28,,False,
ACC083079e9d7,,False,
ACCd25845c6a8,,False,
ACC5a22a3e164,,False,
ACCeb87fb99c9,,False,
ACCaea27eba05,,False,
ACCd078c3ff8a,,False,COINC0034
ACC1c80a32295,,False,
ACCedc70f5203,,False,
ACC095f9b3aec,,False,
ACC42433bdc8b,,False,
ACCab4e106947,,False,
ACC6d13e1511a,,False,
ACCf8f9af067b,,False,
ACC94711dfc6a,,False,
ACCf9221738fe,,False,
ACC8e0015acf1,,False,
ACCef184d02f1,,False,
ACC0cc2b29290,,False,
ACC8ad56d9e53,,False,
ACCb57f0433c3,,False,
ACC55d1e8a7f0,,False,
ACC0f2b476f2f,,False,
ACCc5f5f74527,,False,
ACC2ea59ecf4e,,False,
ACCd68caf4aa0,,False,
ACCd07a647e48,,False,
ACC08f274f75a,,False,
ACC56520eafc1,,False,
ACC6338817436,,False,
ACC53920289c7,,False,
ACCfc603d0fe4,,False,
ACCd36536cb04,,False,
ACCd5fd9a1581,,False,
ACCadce2773da,,False,
ACC9680768f2c,,False,
ACC2fa2cd8774,,False,
ACCe2655bf5d9,,False,
ACCfdec4dc787,,False,
ACCc8d17e9f26,,False,COINC0043
ACC93acbfb7ca,,False,
ACCfb5f49a677,,False,
ACCb9907bc54f,,False,
ACC23318e65e2,,False,
ACCac04907bf6,,False,
ACCa0da108376,,False,
ACC616247223d,,False,
ACC08e75ae7b7,,False,
ACCb9c9ce9f6a,,False,
ACCcdd8703272,,False,
ACCb693119d90,,False,
ACC6b1477f64f,,False,
ACCeb9bc72a81,,False,
ACC2ed6c938ae,,False,
ACC0aaed69c78,,False,
ACC6272f98dd3,,False,
ACCa07426fc42,,False,
ACCf02285695b,,False,
ACC2af45132ce,,False,
ACC02b5b0d664,,False,
ACC7f77badf1e,,False,
ACC03215d70ab,,False,
ACC10bcc91cd7,,False,
ACCfd46cc440a,,False,
ACC8a1d2fbc3f,,False,
ACCf56f9a8511,,False,
ACC737afc32bb,,False,
ACC7bdf71ad0d,,False,
ACC686df13aaa,,False,
ACCee9914a37a,,False,
ACC18533b140d,,False,
ACC8c326b5f38,,False,
ACCa0ce9d8ab5,,False,
ACCfdc66eaaa5,,False,
ACC90f462782a,,False,
ACCb9688103d4,,False,
ACC492024a73d,,False,
ACC3249c076d3,,False,
ACC1c59a741dd,,False,
ACCd7a15fb7f0,,False,
ACC26c5983404,,False,
ACCabf2bbfcf7,,False,
ACC187101aea3,,False,
ACCbd67b0aa1e,,False,
ACCcbd2df2af0,,False,
ACC0a2cd4bae6,,False,
ACC92f9bb7403,,False,
ACCc0a8a401c1,,False,
ACCb39d34e127,,False,
ACC9dadb72d82,,False,
ACC48bb7f6a98,,False,COINC0012
ACC7341bdd409,,False,
ACC7e9bbb0d47,,False,
ACC24d98b8887,,False,
ACC2f1819683f,,False,COINC0002
ACCf3a719c042,,False,
ACC822ecb4d36,,False,
ACC20ba366d98,,False,
ACC7e9caefcd3,,False,
ACCcc4a395e5b,,False,
ACCa86082d3ac,,False,
ACCd7e198567e,,False,
ACCdaaec5b53f,,False,
ACC2c6cd800ec,,False,
ACCd9176b3940,,False,
ACCf0facd4747,,False,
ACC91677fe8ce,,False,
ACC4b4475b074,,False,
ACC3a3a860b4d,,False,
ACCba530c55a6,,False,
ACC168b76598b,,False,
ACC5ab74c707d,,False,
ACCba1535ed9d,,False,
ACC620c63739e,,False,
ACCce4e97749d,,False,
ACC57d2f143f7,,False,
ACC75a7595d5b,,False,
ACCdf34b8e518,,False,
ACCc6e48a5dcb,,False,
ACCe155467dc2,,False,
ACCe2f1b0cc49,,False,
ACC30efac0802,,False,
ACC7a68602e52,,False,
ACCbe2e6f6e8a,,False,
ACCd5ab7d8d7f,,False,
ACC93488456c6,,False,
ACC4b95b42d8f,,False,
ACC10db838d36,,False,
ACC2f27c9273b,,False,
ACCfa94c6f6fe,,False,
ACCbf8c46d58d,,False,
ACCcfdd45b4e0,,False,
ACC816a79dc8e,,False,
ACC13cd1905c4,,False,
ACCc3ec83f4d9,,False,
ACC35dd0fd171,,False,
ACC30c72192c3,,False,
ACCfe6e3b5927,,False,
ACC9d4e6b3d0b,,False,
ACCc6274e7e5c,,False,COINC0044
ACC40c8dfed4d,,False,
ACC9bf5dbab2b,,False,
ACC8d339339fc,,False,
ACC0b6a2fcf19,,False,
ACC484a58c5b3,,False,
ACC6570ab2cd7,,False,
ACC3773eac137,,False,
ACC355215f854,,False,
ACCa4470a5ce4,,False,
ACC575375e734,,False,
ACC30d5ca0ba6,,False,
ACC88a2542171,,False,
ACC5961e00806,,False,
ACCf00705ff76,,False,
ACCcba81c60ac,,False,
ACC60cacc10bd,,False,
ACC1e750e5426,,False,
ACC85c955258c,,False,
ACCdaddeeb4ac,,False,
ACC0dc79fb821,,False,
ACC25b46003cc,,False,
ACCb6e50cd8c9,,False,
ACC0852f89e04,,False,
ACC0a894ad411,,False,
ACCc95cc29514,,False,
ACC955ab43307,,False,
ACC0bbdbe750d,,False,
ACC06867aa555,,False,
ACC2fcff25250,,False,
ACCa076e3b965,,False,
ACC1fd141daa5,,False,
ACCafcaf2e144,,False,
ACCfbcd7e987e,,False,
ACCa9dbb514a0,,False,
ACC258627469b,,False,
ACCe9cf739d30,,False,
ACCb616a94322,,False,
ACC0a7223285e,,False,
ACCaa75094982,,False,
ACC4a2e58645a,,False,
ACCef100fc64c,,False,
ACC956a13090b,,False,COINC0042
ACC56a6ce3fc3,,False,
ACCf9b26420c5,,False,
ACCbc8e4b64f3,,False,
ACCc2d54dde2d,,False,
ACCbe6f0d31ef,,False,
ACC850c73ca48,,False,
ACC1940273926,,False,
ACCd45a641502,,False,
ACC33419fcbf0,,False,
ACC8b7d5de826,,False,
ACC8f05b34481,,False,
ACCc4552903c1,,False,
ACCafc88dffbd,,False,
ACC24475f404c,,False,
ACC09aaa40129,,False,
ACC4a6d7698f6,,False,
ACC0f7898442b,,False,
ACCc1bcd60e0a,,False,
ACC8823028cfb,,False,
ACC7beda7bd22,,False,
ACC4717b9c5bc,,False,
ACCbf1f912523,,False,
ACCd524ae7dff,,False,
ACC81b138091c,,False,
ACC368d3af1e9,,False,
ACC59a2f19217,,False,
ACC41c9edca54,,False,
ACCcb96491ff0,,False,
ACCbcaf6f974f,,False,
ACC3a9fed527b,,False,
ACCd8d424714d,,False,
ACC394123f70c,,False,
ACC5cce0acfc4,,False,
ACC1805e8388c,,False,
ACC2413665f03,,False,
ACC4c8eca2268,,False,
ACCcb6ef98faf,,False,
ACC9ca6715712,,False,
ACC7a0fb713d5,,False,
ACC0d107bb08c,,False,
ACC22c5d18393,,False,
ACCed9dc1203d,,False,
ACC1e36a565f8,,False,
ACCdbac0cb112,,False,
ACC7f864a9fb9,,False,
ACC9f0ff75b6e,,False,
ACC69b32c6e1a,,False,
ACCaa7ad6f24a,,False,
ACC2e22658d2c,,False,
ACC8031d6fd30,,False,
ACC74213ef5e1,,False,
ACC91be0fc7fa,,False,
ACC2674e2368e,,False,
ACC110d0e3af3,,False,
ACC3b4a33d177,,False,
ACC7729e5b0b0,,False,
ACCa2fb9e3cbc,,False,
ACCbd46a8fbec,,False,
ACC818e1741d7,,False,
ACC19e66a39a2,,False,
ACC742db7f33f,,False,
ACCaae9549be6,,False,
ACC53e343ce6d,,False,
ACC83f3bb0eff,,False,
ACCa51c908ee3,,False,
ACCf5eabb745f,,False,
ACC00f2e4ad90,,False,
ACC246e202a32,,False,
ACC4da7683943,,False,
ACCbbced533b1,,False,
ACCd1ded92951,,False,
ACC7b5356b880,,False,
ACC1d5638ac2b,,False,
ACC21d06284c2,,False,
ACC69522f0e4b,,False,
ACC2bce2a5fb0,,False,
ACC507071f1eb,,False,
ACCb45d870113,,False,
ACC7679a777af,,False,
ACCc2d99dd8ed,,False,
ACC1129e54a5e,,False,COINC0020
ACCd2b754863a,,False,
ACC5408fcee69,,False,
ACC84e06d682c,,False,
ACC80f51aa1c1,,False,
ACC9dc739adb8,,False,
ACC291cb49108,,False,
ACC54cf0deea5,,False,
ACC7cb2c16adb,,False,
ACC0f7b7db44d,,False,
ACCaefe93cec1,,False,
ACC2e93323c13,,False,
ACC331423ea30,,False,
ACC16ef0aaed0,,False,
ACC462cf95c50,,False,
ACCf3092f208d,,False,
ACC995390f6b2,,False,
ACCd3788f317d,,False,
ACC0cbe433b1a,,False,
ACCda7ae453f7,,False,
ACC0b9f7eb0b6,,False,
ACC8a9a4c98e2,,False,
ACC992d01d001,,False,
ACCb7633d0481,,False,
ACC44cd65dd59,,False,
ACC91ef45ef4e,,False,
ACC663c294284,,False,
ACC623e12baa1,,False,
ACCb761e88283,,False,
ACC2d559a1de2,,False,
ACCc0c808c085,,False,
ACCba18eade1c,,False,
ACCfc5338a8eb,,False,
ACC47afdb3684,,False,
ACCca011dd96b,,False,
ACC49dac7bd2f,,False,
ACC76398579ee,,False,
ACC553d390cfb,,False,
ACCdf6dcee65e,,False,
ACCdcda386c53,,False,
ACCd52fcfabbf,,False,
ACC4580cc1207,,False,
ACC9c37ee2cd3,,False,
ACC8080438d15,,False,
ACC05d9a1183c,,False,
ACC91842fa994,,False,
ACC7fb44dabc0,,False,
ACCa9bc1f18cf,,False,
ACC11cd31d72b,,False,
ACCa413ed5f1e,,False,
ACC0c4f3db17b,,False,
ACCa2ce375de5,,False,
ACC78c01aedfd,,False,
ACC01a366ba3f,,False,
ACCd76d831db1,,False,
ACC45136506e1,,False,
ACCca8a02d0c8,,False,
ACC573f5a309b,,False,
ACC1a54682601,,False,
ACCd27747dc9b,,False,
ACC26c9ca03c0,,False,
ACCbd8e111832,,False,
ACC58fac285be,,False,
ACC59641d3dae,,False,
ACCbec50d6260,,False,
ACCc1b237ac24,,False,
ACCfe8bc57849,,False,
ACC0078249aad,,False,
ACC94d1544f98,,False,
ACC2cb79321fb,,False,
ACC4251b3c013,,False,
ACC4116e2d990,,False,
ACCf8389fceb0,,False,
ACCa5cc0fca22,,False,
ACC84c87738b4,,False,
ACC353a420567,,False,
ACC5dfecb3795,,False,
ACC9aff32ba03,,False,
ACC8c2663910b,,False,
ACC7d7b8a4076,,False,
ACC4ff66966b0,,False,
ACC85f7327d8b,,False,
ACCd837c866c3,,False,
ACC5278ec969b,,False,
ACC9efb0871cf,,False,
ACC2e84b34648,,False,
ACC18881cadca,,False,
ACCa129c6d9b0,,False,
ACC9120ae473c,,False,
ACCe5ff7d8536,,False,
ACC081a8d16a0,,False,
ACC216686f8e0,,False,
ACC93284d3f0d,,False,
ACCda45adb4b4,,False,
ACC469b2b3bd3,,False,
ACC74372207f5,,False,
ACC471f6f9878,,False,
ACC91bad43021,,False,
ACC7848dec216,,False,
ACCd7f57ef92a,,False,
ACCb464fa9abc,,False,
ACC86b71bcfc9,,False,
ACCf9df0d62a3,,False,
ACC08fe8655fe,,False,
ACCe3daf4bac1,,False,
ACC49cdaecc21,,False,
ACCbbcfc2655b,,False,
ACC2b53e2b506,,False,
ACC43370d8a7c,,False,
ACC7d5d413595,,False,
ACCc7b480e5e1,,False,
ACC8bcab3555e,,False,
ACCcd3c3fae0c,,False,
ACC2eb269f6f7,,False,
ACCb276515d76,,False,
ACC888491f197,,False,
ACC64da5b35d4,,False,
ACC242d06af8f,,False,
ACCde471b4cda,,False,
ACC11503a393b,,False,
ACC80b73e1bf1,,False,
ACCdae74e8229,,False,COINC0036
ACCddaf9d74dd,,False,
ACC1f18862d0b,,False,
ACCd6f492b0fc,,False,
ACC9a731820b4,,False,
ACC6deef94d2e,,False,
ACC73c762614b,,False,
ACC9784ee7981,,False,
ACC16ad072262,,False,
ACC4fca42e704,,False,
ACCacc4fedd8f,,False,
ACCc1fd9f4f02,,False,
ACC18afb225b6,,False,
ACCd7f08e06e8,,False,COINC0031
ACCcad463f1d1,,False,
ACC5e67ec82b7,,False,
ACC2ad72cb756,,False,
ACC1a8dc41368,,False,
ACC145f473e7c,,False,
ACCb3d122d579,,False,
ACC2b3371b8de,,False,
ACC7458e938c8,,False,
ACC8f1fe2b626,,False,
ACCa826daa36a,,False,
ACCfa3b41d53b,,False,
ACCc6cea53af0,,False,
ACC7e69ecd15b,,False,
ACC4ff6ff633f,,False,
ACC14848c1059,,False,
ACC6a3e6f0cb9,,False,
ACC8e7b9c90ac,,False,
ACC637996415e,,False,
ACC8bd366a58c,,False,
ACC34491ef11e,,False,
ACC8bb146c6c5,,False,
ACC2695129f02,,False,
ACCd9f6acbbfe,,False,
ACC394dbd7c66,,False,
ACC8fc2adf466,,False,
ACC13dae1f25c,,False,
ACC8a1fa909a0,,False,
ACCf8a822ccd7,,False,
ACCf098bb81af,,False,
ACC3aa431f05e,,False,
ACC4c91063348,,False,
ACC5a8b9789a1,,False,
ACCf5332b5060,,False,
ACC1e863dc857,,False,
ACCbf3319456e,,False,
ACC4ca4cc3c91,,False,COINC0027
ACCb8fef96ee9,,False,
ACC98eb4ba197,,False,
ACCdf5b578515,,False,
ACC9c2325dba3,,False,COINC0003
ACC519527b175,,False,
ACCaed38f297d,,False,
ACCddd3a6fb9c,,False,
ACC1059012ab2,,False,
ACC044da6e236,,False,
ACC3d6fff558a,,False,
ACCcd4418f116,,False,
ACC8c1a3331de,,False,
ACC9862cd25d8,,False,
ACC99c3ea530f,,False,
ACC4910c298db,,False,
ACCbed05a868b,,False,
ACC18aa7ff405,,False,
ACCc37798ed4b,,False,
ACCbeffddcf62,,False,
ACC6dc31edba4,,False,
ACC714f7c6f43,,False,
ACC630483b180,,False,
ACC3d4c25989e,,False,
ACC924063f8f6,,False,
ACC3bb43cf511,,False,
ACCe8750920bb,,False,
ACC966d3e3a80,,False,
ACCf3883007f0,,False,COINC0029
ACCf41b9579cd,,False,
ACC7805500284,,False,
ACC1128aa05bc,,False,
ACCdc99542151,,False,
ACCbf198b753e,,False,
ACCba8f6085f2,,False,
ACCfce1485663,,False,
ACC3a4e49df5d,,False,
ACC5fa4731a2c,,False,
ACC2ff0ee705e,,False,
ACC2e977399f3,,False,
ACC3c5201bfdb,,False,COINC0039
ACC0fe43a71fa,,False,
ACC26048d84ca,,False,
ACC578f91c5b2,,False,
ACC496a90f473,,False,
ACCa10ad7c7f8,,False,
ACC84aeea06e7,,False,
ACCebea4be43b,,False,
ACC25d42bb798,,False,
ACC2bc788b645,,False,
ACC6bda05ae18,,False,
ACC3d7a022b9c,,False,COINC0035
ACC51e91f14d3,,False,
ACCb3f58c0d9c,,False,
ACC4e5f3b8579,,False,
ACC329e526d50,,False,
ACC9b63e760ec,,False,
ACC31cb3f1c7e,,False,
ACC34ec4080f4,,False,
ACCd9d8d3d8ae,,False,
ACCc2089e6a6b,,False,
ACCb7a9867540,,False,
ACC6482364da1,,False,
ACC901dd32724,,False,
ACCb1f38ea9b6,,False,
ACC0c699332d7,,False,
ACCcbb47416cf,,False,
ACCe4a0965c91,,False,
ACC14bd3a7d07,,False,
ACC8d8ae2a86c,,False,
ACC77f0bfa4e0,,False,
ACC53441a6fc4,,False,
ACC300c6d151c,,False,
ACC2f03707965,,False,
ACCa4bdbe3dd3,,False,
ACCeb4e4420b9,,False,
ACC8bc895c5e2,,False,
ACC3f0c0205db,,False,
ACCa25d641707,,False,
ACCd0ec76dfdb,,False,
ACC4e16d8171f,,False,
ACC044eb43820,,False,
ACC05969579c7,,False,
ACC96b2126cdf,,False,
ACC72cdd2385d,,False,
ACCf4399fd5d2,,False,
ACC4ca55cf49a,,False,
ACCe750ef7074,,False,
ACCb9885c1738,,False,
ACC16eecf8c4b,,False,
ACC1fed813c0d,,False,
ACC65b2053cde,,False,
ACCd57fd33eb4,,False,
ACCf0ae666460,,False,
ACC02becb8b96,,False,
ACC9713936596,,False,
ACCee96972068,,False,
ACC638e04df37,,False,
ACC5de03a7773,,False,
ACC08ac75dc91,,False,
ACCb6c4cd0ec5,,False,
ACC4f301f0c4f,,False,
ACC4e1066fc56,,False,
ACC6cf584365c,,False,
ACCda1281e9f2,,False,
ACC1feed66ca5,,False,
ACCd2df5624f1,,False,
ACCaeeda8154e,,False,
ACC6188f0fdf6,,False,
ACCf6fc58fe67,,False,
ACC628d607690,,False,
ACCd4f738c590,,False,
ACC9c8281dd9a,,False,
ACC35ac14d8d8,,False,
ACCae247109ed,,False,
ACCb0baf6be56,,False,
ACC0e5d001045,,False,
ACC3b223e7a22,,False,
ACC320145c447,,False,
ACCc71df8e083,,False,
ACC8760d00122,,False,
ACCac61a1b39f,,False,
ACC296669bc03,,False,
ACC2d0a20032c,,False,
ACC8672a1dc2a,,False,
ACCdd45cc7d4a,,False,
ACC8b1bf799f5,,False,
ACC8c6ca62d56,,False,
ACC9008881832,,False,
ACCe4428e4c4a,,False,
ACC51bdc6582d,,False,
ACC89a2d4e322,,False,
ACCd041e96b30,,False,
ACCb40cd9b5e3,,False,
ACC19b5dfb9ed,,False,
ACC5a0beb49d4,,False,
ACCd261fe15c1,,False,COINC0048
ACC1148b2f066,,False,
ACC7fa65641a5,,False,
ACC95b06af0d2,,False,
ACCb1b5bef60b,,False,
ACC33165e54a7,,False,
ACC9572516110,,False,
ACC141532bd7c,,False,
ACC61fcc221f1,,False,
ACC03217a9450,,False,
ACCa42b606d45,,False,
ACC4784776b5c,,False,
ACCd3b4bfee31,,False,
ACCd79b4373b6,,False,
ACCe183a496fc,,False,
ACC2af00a2edb,,False,
ACCda8500cc31,,False,
ACCf00d35842a,,False,
ACCefb7f57667,,False,
ACC6090ddc82f,,False,
ACCa8383aa12a,,False,
ACCfdf04a1504,,False,
ACC2ee853f39b,,False,
ACC319e4f51af,,False,
ACC54255c148d,,False,
ACC2919676900,,False,
ACC036e8c4705,,False,
ACC66abb566cd,,False,
ACCa8e0668a38,,False,
ACC80167bb19d,,False,
ACCa6d8656c05,,False,
ACCd9474717ae,,False,
ACC5c59760d84,,False,
ACC43b8671f1b,,False,
ACC720b782e56,,False,
ACC0f183e0994,,False,
ACC2a453067c3,,False,
ACCf9fdf1a316,,False,
ACC85f46e0a4e,,False,
ACC162b3c9914,,False,
ACC8bf378132b,,False,
ACC786985c30a,,False,
ACC49a676955f,,False,
ACC27e0563265,,False,
ACCa5bb719752,,False,
ACC94c4d5f073,,False,
ACCd07b3f73e9,,False,
ACC7cb3c88bcc,,False,
ACC4b57876a73,,False,COINC0045
ACC1a84c9ec79,,False,
ACC612742a8e0,,False,
ACC89701e0e28,,False,
ACC43f054c13a,,False,
ACCf12bd9cceb,,False,
ACCd192c80982,,False,
ACC06f263df6b,,False,
ACC7982f32919,,False,
ACC120d49d98d,,False,
ACCa042acd067,,False,
ACCec73ee99a6,,False,
ACC026757e331,,False,
ACCed12431aca,,False,
ACC6636631aa2,,False,
ACC091fb3eb46,,False,
ACC6efd4daba9,,False,
ACC55c2b65000,,False,
ACC990e829d42,,False,
ACC182ea58a12,,False,
ACCca8b644479,,False,
ACC8d8eda6dc6,,False,
ACC9a6347967b,,False,
ACC6edffbd26b,,False,
ACCb376ddf369,,False,
ACC2853c60f6c,,False,
ACC8ae5d3cdcd,,False,
ACCea014b6650,,False,
ACCf05f271af3,,False,
ACC4378002038,,False,
ACC75e8d4d895,,False,
ACC866e88b140,,False,
ACC86a88bb7d4,,False,
ACC5186eccb61,,False,
ACCe3c7dc20a8,,False,
ACCb8f0a9a52b,,False,
ACC31b8b7227a,,False,
ACCead0f3a749,,False,
ACC6f0698265d,,False,
ACC1d7fb6bef1,,False,
ACC832084f1a1,,False,
ACCfb841ff599,,False,
ACCb4146d1e1d,,False,
ACC375194a0f3,,False,
ACCb366d2f09a,,False,
ACC2e049e7778,,False,
ACCb4556551fd,,False,
ACC8f7de416f5,,False,
ACC753a44f97f,,False,
ACC7996cc5d9a,,False,COINC0008
ACCcd0e563c3f,,False,
ACCd21333177d,,False,
ACC8bd4c770b2,,False,
ACC58e022977a,,False,
ACCf6af44055d,,False,
ACCd89f969629,,False,
ACCc973dbe425,,False,
ACC4db9b7763e,,False,
ACC04d792e6b6,,False,
ACC474f8a4ec0,,False,
ACC3fa872df05,,False,
ACC4af36cc701,,False,
ACCba08186f01,,False,COINC0006
ACCa7fa327b25,,False,
ACCa746e9b3ae,,False,
ACC7f484271af,,False,
ACC8e9c6ab456,,False,
ACC928b67d17f,,False,
ACCc77ebcfae1,,False,
ACC697e69e806,,False,
ACC3d902d2e08,,False,
ACCe06e4d80ad,,False,
ACC6dd7fbc8ca,,False,
ACCb25ff9c37d,,False,
ACCe8844bf88c,,False,
ACCa006b12c43,,False,
ACCd598ceb455,,False,
ACC7489d9867c,,False,
ACC95b2aa84ba,,False,
ACC4c30d50239,,False,
ACC905fb2051d,,False,
ACC51be5ec8d4,,False,
ACCfa3f839483,,False,COINC0048
ACCf3296c6cb6,,False,
ACC31421855ae,,False,
ACCce4c94e85f,,False,
ACC7064c2c45c,,False,
ACC16914a5933,,False,
ACCb8fb95fcd8,,False,
ACCcfb5157ab4,,False,
ACCb8d7f82204,,False,
ACCaa0865a4da,,False,
ACC244037c342,,False,
ACC0eab8f33c8,,False,
ACC05309e4a69,,False,
ACC842936ef18,,False,
ACC4e52aee234,,False,
ACC8e3ea98eae,,False,
ACC0e925c5a1b,,False,
ACC9ab5d7676d,,False,
ACC9fcd2ae285,,False,
ACC1ff17cba01,,False,
ACC64f38b9da7,,False,
ACCec8893461c,,False,
ACC226912b761,,False,
ACC6ecbf8d616,,False,
ACCc005fce447,,False,
ACC9e43962137,,False,
ACCb7ab01a5c7,,False,
ACC8cae950b18,,False,
ACC4ca49208dd,,False,
ACCa76316b8ce,,False,
ACC6ecd9a9ed5,,False,COINC0009
ACC68581d751c,,False,
ACC6ba002b6e3,,False,
ACCc67aa3f799,,False,
ACC77d13ccda5,,False,COINC0001
ACC8eb33cea46,,False,
ACCe64f1968dd,,False,
ACC2dad8dd1f8,,False,
ACC72881cf7da,,False,
ACC7ab5eace08,,False,
ACC7f0b0a0c52,,False,
ACC420dd8fe49,,False,
ACCfce3afb796,,False,
ACC9d636e6cc0,,False,
ACC8234d4bbd6,,False,
ACC2cfc46d35a,,False,
ACCb407ab5d23,,False,
ACC700486e6e8,,False,
ACCffa196a400,,False,
ACCd90b61dbda,,False,
ACC3fd26f6249,,False,
ACCb5ffd9903c,,False,
ACCf3499ab193,,False,
ACCc68a56bd96,,False,
ACC6a1b375582,,False,
ACC2534f55a2c,,False,
ACCe455d878f5,,False,
ACC30b1047084,,False,
ACC9c7bab298a,,False,
ACC84ca5a5b28,,False,
ACC65d80683ae,,False,
ACCa1afc0b3d8,,False,
ACC1de3ee1007,,False,
ACCb38d24dbeb,,False,
ACCaa5696f5c9,,False,
ACCbec45be888,,False,
ACC5f9dfecdb6,,False,
ACC48362298df,,False,
ACCdfa91d902d,,False,
ACC42bf9ee536,,False,
ACC10fc24a32f,,False,
ACCa16a6c5598,,False,
ACCcbbd93450b,,False,
ACCeea4640b67,,False,
ACC753292d8e2,,False,
ACC7dc7187fb4,,False,
ACC88765fe75c,,False,
ACC3118c9cf6c,,False,
ACC06e73cf627,,False,
ACCd15e82a3f8,,False,
ACCfb7141b315,,False,
ACC316b74e44a,,False,
ACC22452926f2,,False,
ACC121d7218b6,,False,
ACC8653e34019,,False,
ACCa472d8eea0,,False,
ACC9235d417ab,,False,
ACC7f95cd682c,,False,
ACC764ba487ef,,False,
ACCbafac3ffa3,,False,
ACC67279e12d1,,False,
ACCfc87c97271,,False,
ACCefef5c70a8,,False,
ACC52acc0e6de,,False,
ACC8432b6d382,,False,
ACCe927f5ce43,,False,
ACC0ad4ad38e8,,False,COINC0000
ACC9dde118b97,,False,
ACC98dea185ef,,False,
ACC530f826e72,,False,
ACC2d3f36d63c,,False,
ACC68a4cb2928,,False,
ACCdc29d000f4,,False,
ACCc8dff750d2,,False,
ACCbd9cedc47b,,False,
ACC98b3b9f3a0,,False,
ACC08086e1379,,False,
ACCa3801115d6,,False,
ACCe62c726c52,,False,
ACC5438af3112,,False,COINC0037
ACC6c91038eca,,False,
ACCe5b50f102e,,False,
ACCa1fb05cab6,,False,
ACCf675130285,,False,
ACC5e1af052c6,,False,
ACCc56a17a33d,,False,
ACC419148bb11,,False,
ACC68b3e63e85,,False,
ACC678e9bebad,,False,
ACCee6c514c75,,False,
ACCbfacab9fd3,,False,COINC0019
ACC19c1f10835,,False,
ACC8892c72941,,False,
ACC36b9e3a0af,,False,
ACC0c2664aaae,,False,
ACCad93577156,,False,
ACCe0014f16a7,,False,
ACC211c6e9336,,False,
ACC9b169fc5aa,,False,
ACCdd04c18d34,,False,
ACC06231bd000,,False,
ACC8226f4f84a,,False,
ACCf602da2066,,False,
ACC56d2b903f2,,False,
ACCd8804a936d,,False,
ACCd9cfd46747,,False,
ACCcff03d7cb8,,False,
ACC9810a195f3,,False,
ACC926ac0bd49,,False,
ACC831a18d2e6,,False,
ACC6cd099327d,,False,
ACCa6ef432b70,,False,
ACCcf935681c2,,False,
ACC763203134d,,False,
ACC1b3ef3cb3f,,False,
ACCcc69f22d97,,False,
ACC954460899b,,False,
ACC19048db2f1,,False,
ACC15ca000f66,,False,
ACCb8c5d55edb,,False,
ACCfac61e352c,,False,
ACCb226c768bb,,False,
ACC2bc5b1126b,,False,
ACC10fbccf235,,False,
ACC23598c0c24,,False,
ACC7674064b99,,False,
ACC8b8886acd4,,False,
ACC4112797594,,False,
ACCc5b31583dd,,False,
ACC585b4e04c0,,False,
ACCcdedf70f4e,,False,
ACC82e46f9d57,,False,
ACC16b55f3145,,False,
ACCa022a6269c,,False,
ACCf30bfa7c02,,False,
ACC3813ea28eb,,False,
ACC9f02132d2a,,False,
ACC9ee35f37f2,,False,
ACCe9b4424e0d,,False,
ACCa17f14b54d,,False,
ACC788f444e1b,,False,
ACCe9be494d36,,False,
ACC204dbe160f,,False,
ACC7f328103d7,,False,
ACC21145fda99,,False,
ACCdac3aba054,,False,
ACC9b73fb0d38,,False,
ACCbc126f5b78,,False,
ACCc94edcc77d,,False,
ACCbdf53c9343,,False,COINC0046
ACC5a8c8615b3,,False,
ACC089fe309d3,,False,
ACCcd7704111e,,False,COINC0034
ACCbc63511543,,False,
ACC569017732a,,False,
ACC81483ac61f,,False,
ACCd4fd284b54,,False,
ACCa7e4ef68a0,,False,
ACC95e040cfaa,,False,
ACCdc52479f78,,False,
ACCed1d459a2d,,False,
ACC75f4a6d20a,,False,COINC0006
ACC345a4911e7,,False,COINC0020
ACCe39efdd599,,False,
ACC8224bcd108,,False,
ACCaf63a240cb,,False,
ACC8e3f49857b,,False,
ACCdad03fe0b1,,False,
ACCe2f86f3aad,,False,
ACC051405095c,,False,
ACC5f011aeade,,False,
ACC1c80120435,,False,
ACC848c3a337e,,False,
ACCfcb15b41f0,,False,COINC0036
ACCe5abf16748,,False,
ACC80cafb44dd,,False,
ACC0959969a41,,False,
ACC2126526920,,False,
ACC623cc3adde,,False,
ACC680a0d6b49,,False,
ACC8297698f5d,,False,
ACC9d9a927876,,False,
ACCfd4d27fc0b,,False,
ACC2b67253366,,False,
ACCa8f7edc3a8,,False,
ACC85bc18aa1f,,False,
ACC292c275e68,,False,
ACCe94daaec27,,False,
ACC386e01eb49,,False,
ACC5c47995199,,False,
ACC0f573c6c8a,,False,
ACC067b2b42a9,,False,
ACC107e0dc5ea,,False,
ACCf2f40528f0,,False,
ACC1ea1fa3dc7,,False,
ACCe3503343a1,,False,
ACCc9b3e13bcd,,False,
ACC678f663fe5,,False,
ACCf78ac4a81e,,False,
ACCab73498c01,,False,COINC0001
ACC80e160cb48,,False,
ACC1e187bd332,,False,
ACCd0170d50d2,,False,
ACCd339eddb6c,,False,
ACCfad4e63340,,False,
ACC66345a9ef4,,False,
ACCab77e91a54,,False,
ACC2e8ca3b684,,False,
ACC4b0a8ddd17,,False,
ACC2fada5bd57,,False,COINC0009
ACC812caceb2f,,False,
ACC4f353884f9,,False,
ACC3497b71454,,False,
ACC6cfc1caaf8,,False,
ACC948446c2b3,,False,
ACC191e01f216,,False,
ACC038591f82d,,False,
ACCdd408a2f70,,False,
ACC4ba041da80,,False,
ACCc6289cf8b7,,False,
ACC511d5aeafc,,False,
ACCd96f8037f3,,False,
ACC4b0a3f376c,,False,
ACCf51c740031,,False,
ACC949d5f133e,,False,
ACC2245a199c5,,False,
ACCa7eb41c9a6,,False,
ACCbd6c15f212,,False,
ACCcf5a26d56e,,False,
ACC628f10c4ab,,False,
ACC879d4c41e5,,False,
ACC91e7fa8f62,,False,
ACCfcdda496e4,,False,
ACCf23e004e24,,False,
ACC251d815ef7,,False,
ACCb222ec2a62,,False,COINC0006
ACCeb1021c4c8,,False,
ACCb9d5739db5,,False,
ACC57c7050da2,,False,
ACC55ea77c30f,,False,
ACCcb6cf31957,,False,
ACC6362ad2432,,False,
ACCab85b70444,,False,
ACC8b0769818d,,False,
ACC3623c0310b,,False,
ACC0a84ca9674,,False,
ACCcd9b0670e6,,False,
ACCf6b24b3ed0,,False,
ACCde75f6b30a,,False,
ACC0bd320d614,,False,
ACC94a3c4a63f,,False,
ACC2fc5f4afbb,,False,
ACC695646cd80,,False,
ACCf4dc6a83fb,,False,
ACC18091013eb,,False,
ACC6104740316,,False,
ACCd4301815b7,,False,
ACCa7983e74a0,,False,
ACC607c09c98c,,False,
ACCdb517e1de7,,False,
ACC06d374f808,,False,
ACC07c7336278,,False,
ACC4456987c19,,False,
ACC0e72bfae0c,,False,
ACC5202775792,,False,
ACC4b2e46d8f6,,False,
ACC4c1315ef31,,False,
ACC70a81092bd,,False,
ACC0e4558c46c,,False,
ACCb0a060d432,,False,
ACC2ed44dfa31,,False,
ACC15c2a86441,,False,
ACCfd5ff09080,,False,
ACC4d3637d84d,,False,
ACC30b1d2bd97,,False,
ACC53c5ab42f1,,False,
ACC7d821cde5e,,False,
ACC19c96b0dc8,,False,
ACCcae6bb5da0,,False,
ACCe907efb800,,False,
ACC2fdfed6c49,,False,
ACCfa31fcc081,,False,
ACC1099e34739,,False,
ACC2ce305878b,,False,
ACCe132e51ffd,,False,
ACCd3510d5f2a,,False,
ACCc3e62f08f2,,False,
ACCaae4033d03,,False,
ACCdea8e0ebd5,,False,
ACCd1784f95bd,,False,
ACC5cd98aec4d,,False,
ACC1c313b1939,,False,
ACCc9b673cfcb,,False,
ACC6d3094f26e,,False,
ACC427fe7e162,,False,
ACC0fc4219f58,,False,
ACC7c59424b97,,False,
ACC6c1589df57,,False,
ACC0dfd9d8e94,,False,
ACC9d456369c2,,False,
ACC225fb8009b,,False,
ACC747ee7f282,,False,
ACCb1e4e18568,,False,
ACCb770f0480a,,False,
ACC13d9122061,,False,COINC0041
ACC3aa7fb1bb3,,False,
ACC70ffeba9a4,,False,
ACC7004420b1e,,False,
ACC7d7011aed1,,False,
ACC9a78f8471a,,False,
ACC692b4519ad,,False,
ACCa3a93ae751,,False,
ACCbbeae4c707,,False,
ACCb6c3995f05,,False,
ACCf38db8a985,,False,
ACC3871d79df3,,False,
ACCab9a2248b4,,False,
ACCaf107ee07e,,False,
ACC615629dff5,,False,
ACC5aa24b4d82,,False,
ACC1154398d38,,False,
ACC73678e5681,,False,
ACCf1e2f556b1,,False,
ACCd54faf92ae,,False,
ACC207802b8da,,False,
ACCfb236a8568,,False,
ACCe541a5476a,,False,
ACCb14955a548,,False,
ACC3ffdcc9544,,False,
ACCeebbb07a24,,False,
ACC03b5f29ec6,,False,
ACC0eb41a238f,,False,
ACC91613d2f6f,,False,
ACCfde88b3556,,False,
ACCef38d36691,,False,
ACC3b89ca47fb,,False,
ACC404c249349,,False,
ACC23430f06d4,,False,
ACC9e33c22bd9,,False,
ACC5afba72081,,False,
ACCfdac91bd0a,,False,
ACC0ea7060564,,False,
ACC63b3fafee1,,False,
ACCa4c3dbc140,,False,
ACC11d9f541f4,,False,
ACCb908348484,,False,
ACCeec019fba6,,False,
ACC3c60dd62a5,,False,
ACC72ea4be3cd,,False,
ACCd66df40170,,False,
ACC51650cfed6,,False,
ACC9f25e677c3,,False,
ACC080d7417e7,,False,
ACC2bea5e4d95,,False,
ACC5638b2a632,,False,
ACCf15ba7c925,,False,
ACC556c963989,,False,
ACCacfbec11d5,,False,COINC0001
ACCac0f320913,,False,
ACC88771a82b5,,False,
ACC54f1c34eb9,,False,
ACC3fb69ae3e9,,False,
ACC648d1853ca,,False,
ACC8ed2479c2c,,False,
ACC4c6a44f2d4,,False,
ACC9145f93c8a,,False,
ACC858c2ba86e,,False,
ACCb35401049d,,False,
ACC7316df0a63,,False,
ACC41436f1b26,,False,
ACC8823cefe2c,,False,
ACCf830cd0836,,False,
ACC3224e7c30f,,False,
ACC5e1155e3a8,,False,
ACC291ae838f5,,False,
ACC049cb18424,,False,COINC0005
ACC2d573321f8,,False,
ACC17010db1f6,,False,
ACC2bb49c710a,,False,
ACCbec6628502,,False,
ACC8b2e305661,,False,
ACC02f81a27f1,,False,
ACC5048e66bb2,,False,
ACCe27b9123ea,,False,
ACCbf2c34ecb0,,False,
ACC91ea398915,,False,
ACC25a63dd3ee,,False,
ACCddb6a3e811,,False,
ACCdbf75df01b,,False,
ACCb309a92b89,,False,
ACCdb9bb6fd8a,,False,
ACC76c1db8cef,,False,
ACC2f0dd50f39,,False,
ACCf50bf6d4da,,False,
ACC7bfb1f4a27,,False,
ACC580e1f555e,,False,
ACCf5e34cf988,,False,
ACC1caf9d7896,,False,
ACCff46061953,,False,
ACCab2aeddc4d,,False,
ACC834bf9e6d6,,False,
ACC4805fd821b,,False,
ACC8fe0b39d9a,,False,
ACC6cef0f6b58,,False,
ACC65b010244e,,False,
ACCd9be6c53ea,,False,
ACC7abfdd30a0,,False,
ACC6e68d0f06e,,False,
ACC1e9f87e21e,,False,
ACCc9f191b058,,False,
ACCfc0b81daf7,,False,
ACC622a9e9047,,False,
ACC359c9874d3,,False,
ACC71baf9103e,,False,
ACCc64b3097f1,,False,
ACCe2e8914774,,False,
ACC3287f0466c,,False,
ACCa0e3ec11be,,False,
ACCcfb1745d33,,False,
ACC331e211602,,False,
ACC332bb728fd,,False,
ACC9b96f8c9a4,,False,
ACC042013196e,,False,
ACC6df06bb657,,False,
ACC7875f7ec83,,False,
ACC1e3c9f6f4a,,False,
ACC1344d4009b,,False,
ACCf7e5961df9,,False,
ACCce0b9e81cb,,False,
ACC83439abda4,,False,
ACC00bbc8429f,,False,
ACCa11c4a260d,,False,
ACC2061fd0f62,,False,
ACCb56c24549b,,False,
ACCb4e45c4208,,False,
ACC0848ba321e,,False,
ACC9f0d6c287c,,False,
ACCef77d9f81b,,False,
ACC9748e224eb,,False,
ACCee2f87273d,,False,
ACC387204c1ff,,False,
ACCaaf3411df7,,False,
ACCb5dc3f8989,,False,
ACC9750721153,,False,
ACCc510299cd5,,False,
ACCfc997027fa,,False,
ACC21542d3a78,,False,
ACCee2f85c73d,,False,
ACCf4136921a2,,False,
ACC40ef658fa1,,False,
ACCc57bebae7c,,False,
ACCfcc2541e1e,,False,
ACC8191b631e6,,False,
ACC833d3b5b06,,False,
ACCcf4c2deb08,,False,
ACCebcaed43b0,,False,
ACC6d9a1d1f7f,,False,
ACC3ef61d4170,,False,
ACCb15f68c095,,False,
ACC5df1325be1,,False,
ACC8157879b90,,False,
ACCbc8e10f062,,False,COINC0026
ACC40a4f33872,,False,
ACCc8dff4e12b,,False,
ACCc111797d75,,False,
ACCef67110a4f,,False,
ACC6ad741b603,,False,
ACC47f3862a38,,False,
ACC369a82d5f2,,False,
ACCa1de1900cd,,False,
ACC367821979a,,False,
ACC6637a33917,,False,
ACCdf7dfce470,,False,
ACC2e80535e51,,False,
ACC432274e16f,,False,
ACC8f9041e9b5,,False,
ACC5a2bffc72a,,False,
ACCbd4d3be1b0,,False,
ACC54b3adefb7,,False,
ACC86701fe1e9,,False,
ACC860a768529,,False,
ACC204907f3a4,,False,
ACCa0f8f9c0df,,False,
ACCabc75bfd10,,False,
ACC22b3c07f30,,False,
ACCb29cf25af6,,False,
ACC82cc22bb21,,False,
ACC1cb501a428,,False,
ACCff383f82fd,,False,
ACCc2cf2a843e,,False,
ACC6084cccdb6,,False,
ACCdfb728d2b2,,False,
ACC66c046d140,,False,
ACC5896099657,,False,
ACCf1965016b0,,False,
ACC1af8cee577,,False,
ACC6d185d62ef,,False,
ACC934173b318,,False,
ACC9c1dfe05bb,,False,
ACCd500282f90,,False,
ACCbaab344c57,,False,
ACCfe9842c77a,,False,
ACCd53a84da74,,False,
ACCb03cfb7fae,,False,
ACC7ff2e4d7e8,,False,
ACC2afa05c44d,,False,
ACC83076d768c,,False,
ACC97764a0d39,,False,
ACC0696f0ace1,,False,
ACC8194713c12,,False,
ACC52f8f4e5aa,,False,
ACCe540a03209,,False,
ACC9228bf93bf,,False,
ACC663a81c262,,False,
ACCaa3b0970bf,,False,
ACCb297654490,,False,
ACC8beb242403,,False,
ACCfe4a4dd28d,,False,
ACC9bc520fbd3,,False,
ACCc61f5f0410,,False,
ACC7b0629932c,,False,
ACC06ce5a5e1e,,False,
ACC30c993bc51,,False,
ACC0a9fc5ac4c,,False,
ACCcb64cb991e,,False,
ACCb36f9e1761,,False,
ACC9888250bfd,,False,
ACCd5a4a64ce8,,False,
ACC8deba81808,,False,COINC0032
ACCc1f2054110,,False,
ACC463a38d73e,,False,
ACCf33e63279a,,False,
ACC8e54bc8f53,,False,
ACC382df3ee8e,,False,
ACCbf01a17cd4,,False,
ACC90d3b1c16d,,False,
ACC7b54cb451b,,False,
ACC673532f16b,,False,
ACC135bed3de5,,False,
ACCdeb295929b,,False,
ACCb10aeb20c8,,False,
ACC31ef044e32,,False,
ACC19d7281562,,False,
ACC2bb1d1c67a,,False,
ACC7c3a788a35,,False,
ACC1ebae2862b,,False,
ACC89c33b1214,,False,
ACCfaab40ecd1,,False,
ACC26ec6149ea,,False,
ACCeb37668918,,False,
ACCf8cf9230b0,,False,
ACCcd705fa280,,False,
ACCbf268bc93e,,False,
ACC06471062cb,,False,
ACC2d64748301,,False,
ACCf3bf5a33db,,False,
ACC8bad7e589b,,False,
ACC753ab7a908,,False,
ACC7e462d8c26,,False,
ACCa32300301d,,False,
ACCe9be0f000f,,False,
ACC92718ff9e2,,False,
ACC074172247a,,False,
ACCe9a6eefe35,,False,
ACC660988d7ff,,False,
ACC71ede236f6,,False,
ACCb9ce86c05a,,False,
ACC752b18574f,,False,
ACCcd0b7f2a6c,,False,
ACCd03d13c7f9,,False,
ACC321d717d98,,False,
ACCb98041c941,,False,
ACC996b2bf34d,,False,
ACCd7033b69cb,,False,
ACCc7e214cd38,,False,
ACC970d6fcd54,,False,
ACC0724d5767a,,False,
ACC085ff8b91b,,False,
ACCf0089c13bd,,False,
ACC3151505a17,,False,
ACC7f7a147c35,,False,
ACC64e5a65250,,False,
ACC6e06f41012,,False,
ACC1e39f945ff,,False,
ACCa82f03d9bd,,False,
ACCab4141580e,,False,
ACC00243b2c84,,False,
ACCadb9f1c07c,,False,
ACCfde911f416,,False,
ACCcf2403fe94,,False,
ACC47a54c6922,,False,
ACC90adc5ba11,,False,
ACC8efe835e34,,False,
ACCdfa270870e,,False,
ACCa811826514,,False,
ACCc1e2d92809,,False,
ACC28b053700f,,False,
ACCae0894a1f0,,False,
ACC726fd7093e,,False,
ACC62098bb61b,,False,
ACC3b01ac1538,,False,
ACC3096e19269,,False,
ACC4e78211d9b,,False,
ACC8a9419c0c1,,False,
ACCffb9e1086b,,False,
ACCec6c9aa00b,,False,
ACC4285a289d4,,False,
ACC37ea9d7bbd,,False,
ACC1f564a6d52,,False,COINC0004
ACC19c297a09c,,False,
ACC6c4e6bce64,,False,
ACCa8de109915,,False,COINC0017
ACCb17fe42ed4,,False,
ACCaeb19ac718,,False,COINC0049
ACCd3a164f5ee,,False,
ACC8c71589cbb,,False,
ACCec3e4dbd9f,,False,
ACC34549939cb,RING000,True,
ACCfa10bd74f6,RING000,True,
ACCa47b541b5c,RING000,True,
ACCe0a1a139c8,RING000,True,
ACCc4a4524f00,RING000,True,
ACC8d3e69a0a7,RING000,True,
ACC926f5f2c9a,RING000,True,
ACC8b6bf0499b,RING000,True,
ACCdc86547402,RING000,True,
ACC89f22b07b9,RING000,True,
ACC1607cf6f07,RING000,True,
ACCe5fd78f209,RING000,True,
ACC4f59f71594,RING000,True,
ACC617f0d9e87,RING000,True,
ACCac38f972b5,RING000,True,
ACC565edfd565,RING000,True,
ACCf5412a3bcc,RING000,True,
ACC29ce3eb102,RING000,True,
ACC4da9952718,RING000,True,
ACC03e6adcef7,RING000,True,
ACC03fa28e911,RING000,True,
ACCb02050de28,RING000,True,
ACC63086eee64,RING000,True,
ACCb2d94ca57a,RING000,True,
ACCb1d3dc27f1,RING000,True,
ACC444988ca54,RING000,True,
ACCf627994b02,RING001,True,
ACC34ced761f8,RING001,True,
ACC8f9b9ca019,RING001,True,
ACC5e287b9248,RING001,True,
ACC1bfc867d85,RING001,True,
ACC459e049631,RING001,True,
ACC7780bdb998,RING001,True,
ACC9deac76f99,RING001,True,
ACC5c0df8e988,RING001,True,
ACCafc908e7c2,RING001,True,
ACC0fbe99ef3d,RING001,True,
ACC9c97464028,RING001,True,
ACC3fbc28b800,RING001,True,
ACCf1015d0b65,RING001,True,
ACCe31b00ca33,RING001,True,
ACCe4f634a304,RING002,True,
ACC366cd994d0,RING002,True,
ACCbf3ae9ce72,RING002,True,
ACC809a0c60bb,RING002,True,
ACC97c06704b9,RING002,True,
ACCcac888eedd,RING002,True,
ACC4b60cde6d7,RING002,True,
ACC099fe96064,RING002,True,
ACC05127c97c1,RING002,True,
ACCe79d896c72,RING002,True,
ACC20f6a0aaa4,RING002,True,
ACC19d7430af9,RING002,True,
ACCa0b6046f4f,RING002,True,
ACCbbdad14ea8,RING002,True,
ACC4dea244f96,RING002,True,
ACC621439360d,RING002,True,
ACCe96fb7fcb3,RING002,True,
ACC74983a6931,RING002,True,
ACCae4954d8dc,RING002,True,
ACC758b1f7f9c,RING002,True,
ACCd29c0c8671,RING002,True,
ACC1dd0915d09,RING002,True,
ACC13b6ca1dca,RING002,True,
ACCc5d736f9d7,RING002,True,
ACC3dee20de38,RING002,True,
ACC824e5448ec,RING002,True,
ACC1f84a3b572,RING002,True,
ACCb7290d6e00,RING002,True,
ACCf1db721c63,RING002,True,
ACC4ac5c9963e,RING003,True,
ACCb7bc153e3c,RING003,True,
ACCbcf6cbea86,RING003,True,
ACCde99f5a3b4,RING003,True,
ACC5ad12b0c2a,RING003,True,
ACC92523e4e61,RING003,True,
ACCa94d4ce51e,RING003,True,
ACC5ad1822316,RING003,True,
ACC572f2b0de2,RING003,True,
ACC144badfdbc,RING003,True,
ACC81f3b87f9b,RING003,True,
ACC4c46892f62,RING003,True,
ACC83250b34cf,RING003,True,
ACC84370b1cac,RING003,True,
ACCb182967366,RING003,True,
ACCda4709e97c,RING003,True,
ACCf591712157,RING003,True,
ACC08ad2fe5a0,RING003,True,
ACC331562670d,RING003,True,
ACCc7f56fbecc,RING004,True,
ACC32edd304e6,RING004,True,
ACC49a4ba5097,RING004,True,
ACC36d8c83221,RING004,True,
ACC3db41bf369,RING004,True,
ACC802719d1af,RING004,True,
ACCa20c584335,RING004,True,
ACCaa91017267,RING004,True,
ACCc6df892e71,RING004,True,
ACC414f849731,RING004,True,
ACCf81eb6f478,RING004,True,
ACC6b38d2bff1,RING004,True,
ACC837cf64c5f,RING004,True,
ACC4531fb4592,RING004,True,
ACCd591f5695e,RING004,True,
ACC399674449f,RING004,True,
ACC4492c5f3bf,RING004,True,
ACC2a48af613f,RING004,True,
ACC7ff84048ea,RING004,True,
ACCa55b7ccd3d,RING005,True,
ACC6e7123814f,RING005,True,
ACC3b6b52063d,RING005,True,
ACC396bb75c1d,RING005,True,
ACC9f1f87f8bf,RING005,True,
ACC3bae4f1aa8,RING005,True,
ACC0ca0fa23b8,RING005,True,
ACC2a1e689b5b,RING005,True,
ACC89ef18948a,RING005,True,
ACCe90887e275,RING005,True,
ACC8dca0a2142,RING005,True,
ACCe1300cfb05,RING005,True,
ACCa215dfe865,RING005,True,
ACC36eeb0514c,RING005,True,
ACC5f429fa752,RING005,True,
ACC99a2f8d5ab,RING005,True,
ACCc48303edde,RING005,True,
ACC2c675f09d5,RING005,True,
ACCd705230309,RING005,True,
ACCb51fa9546f,RING005,True,
ACCf2b645de95,RING005,True,
ACC7e1a6ec2a4,RING005,True,
ACC9a023ac7ef,RING005,True,
ACC88c4c6349b,RING005,True,
ACC925f0a1543,RING005,True,
ACCb3e915bff3,RING005,True,
ACC1eb973036f,RING005,True,
ACCafdca7a5aa,RING005,True,
ACC44d7b3a645,RING005,True,
ACC22af91bf8a,RING005,True,
ACC36d36832d7,RING005,True,
ACC22fbe652df,RING005,True,
ACC7b0d395933,RING005,True,
ACC510a7f88d0,RING005,True,
ACCf2cae793b5,RING005,True,
ACC1b814e717e,RING005,True,
ACCfac8d49ec0,RING006,True,
ACC363a5820c3,RING006,True,
ACC5db14ef531,RING006,True,
ACCd3ee46bdf8,RING006,True,
ACCafcda127f9,RING006,True,
ACC653ee56254,RING007,True,
ACCf02e9913e2,RING007,True,
ACC42f9ec0d86,RING007,True,
ACC420c3b47e8,RING007,True,
ACC970ef05e87,RING007,True,
ACC6e5e09a5e2,RING007,True,
ACC19cf2d6c10,RING007,True,
ACC76c7fd998b,RING007,True,
ACCdd2805aca4,RING007,True,
ACC6b586ef9c3,RING007,True,
ACCc5ecfb88d0,RING007,True,
ACCe1c36e7be8,RING007,True,
ACC600dbd7542,RING007,True,
ACCdec5fc057f,RING007,True,
ACC29a0b33109,RING007,True,
ACCf1ae9200d1,RING007,True,
ACC5009e3c221,RING007,True,
ACCa58e999f9d,RING007,True,
ACC7660db2da2,RING007,True,
ACCeeb53308d2,RING007,True,
ACCe9aff7bea8,RING007,True,
ACCa9f459fd6b,RING007,True,
ACCe0e5a7c84f,RING007,True,
ACC6f6dbe3391,RING007,True,
ACC1a5f47921c,RING007,True,
ACC94e56edc87,RING007,True,
ACC1e1d9c6c81,RING007,True,
ACCa06b53260f,RING007,True,
ACCf912f99eaf,RING007,True,
ACC45dd7b7578,RING007,True,
ACCd0a7d2a272,RING007,True,
ACC4a161cf6cb,RING008,True,
ACCb58e34d90b,RING008,True,
ACC0f3127d575,RING008,True,
ACC5bbc36aad0,RING008,True,
ACC8d1a66df6e,RING008,True,
ACC38c3d8c8a8,RING008,True,
ACC41f4c3002c,RING008,True,
ACC92bc4f6827,RING008,True,
ACC39201d0fd7,RING008,True,
ACCe686249b6c,RING008,True,
ACCbf2a6c34d6,RING008,True,
ACCffafe4b6ef,RING008,True,
ACC524a59f89f,RING008,True,
ACC6e8a079739,RING008,True,
ACCcd33ceb006,RING008,True,
ACC9288145823,RING008,True,
ACC49049e1de0,RING008,True,
ACC974e3ebdde,RING008,True,
ACCc4b68d9f34,RING008,True,
ACC621f9a5b44,RING009,True,
ACC74ff552555,RING009,True,
ACCcafe56ac8b,RING009,True,
ACC31032c9bef,RING009,True,
ACCa1861bd198,RING009,True,
ACCe38862f40a,RING009,True,
ACC7ce47fe452,RING009,True,
ACC4da8eb1e80,RING009,True,
ACC958825413a,RING009,True,
ACC0842348d7f,RING009,True,
ACC42382946e3,RING009,True,
ACC212a96a543,RING010,True,
ACC793e855846,RING010,True,
ACC5652fc184d,RING010,True,
ACCd9b8bcba45,RING010,True,
ACC62a6d68904,RING010,True,
ACC8737204572,RING010,True,
ACC9634dc74fe,RING010,True,
ACCd4d0641582,RING010,True,
ACC18d8111896,RING010,True,
ACC7f406dfb66,RING010,True,
ACC5d3e658903,RING010,True,
ACC812bfa986b,RING010,True,
ACC1b8a060293,RING010,True,
ACC0587886d52,RING010,True,
ACCf376a2ab5e,RING010,True,
ACC693847ecc5,RING010,True,
ACC29e28edf9a,RING010,True,
ACCe1b529411c,RING010,True,
ACC130bb58edb,RING010,True,
ACC41bf2aa2e5,RING010,True,
ACC610998a41d,RING010,True,
ACCda0e8ea85a,RING010,True,
ACCe3d51d99b3,RING010,True,
ACC1032231680,RING010,True,
ACC4aedae4024,RING010,True,
ACCe12af9c94d,RING010,True,
ACC85adc0ad23,RING010,True,
ACC44d82fc3cf,RING010,True,
ACC8454874d20,RING010,True,
ACCcad0b39742,RING010,True,
ACC538e6bb41a,RING010,True,
ACC768ab24a33,RING010,True,
ACC272e0bb89f,RING010,True,
ACCc1bf88ed93,RING010,True,
ACCb9f6f9c45d,RING010,True,
ACC4d2ff090cc,RING010,True,
ACCc51f82ecaf,RING011,True,
ACC9fd9133669,RING011,True,
ACC336fce68ad,RING011,True,
ACC58299c2c0f,RING011,True,
ACCaf86903011,RING011,True,
ACCefd06e0fea,RING011,True,
ACC2b761b4328,RING011,True,
ACC4557397c83,RING011,True,
ACCa211528145,RING011,True,
ACC5d0cc63b13,RING011,True,
ACCc2655b8d26,RING011,True,
ACC79740b0d97,RING011,True,
ACCf17a263665,RING011,True,
ACCe935e66d96,RING011,True,
ACCc9eaa094ec,RING011,True,
ACC2e1b585296,RING011,True,
ACC77f73d6639,RING011,True,
ACC7b5d5fa3a9,RING011,True,
ACC47cd3c7ff1,RING011,True,
ACC0a2732b08b,RING011,True,
ACC3f409d52ec,RING011,True,
ACCf263443c6c,RING011,True,
ACC2270198463,RING011,True,
ACC083855d478,RING011,True,
ACCcd50b77b7b,RING011,True,
ACC0d238346b4,RING011,True,
ACC3a30c51b3d,RING011,True,
ACCacbdcf829e,RING011,True,
ACC605b871dd6,RING011,True,
ACC2a2ccbb7d3,RING011,True,
ACC7349a42375,RING011,True,
ACCc7b687c073,RING011,True,
ACC36a94ae676,RING011,True,
ACC0db67f4fd7,RING011,True,
ACCc21f5bce25,RING011,True,
ACC16ab4f3bb9,RING011,True,
ACC6d6af155f5,RING011,True,
ACCf79ca88e22,RING011,True,
ACC72c0d205cd,RING012,True,
ACC64c7addaae,RING012,True,
ACC279b8bc2b5,RING012,True,
ACC75fb8978a1,RING012,True,
ACCe332e908e3,RING012,True,
ACC33cf684da0,RING012,True,
ACC266a3ba8c8,RING012,True,
ACC9abe98f819,RING012,True,
ACC7d84f44804,RING012,True,
ACCc21e9f606a,RING012,True,
ACC85e2db7bca,RING012,True,
ACC32967e84a2,RING012,True,
ACC3d52e82413,RING012,True,
ACC6ea269c80b,RING012,True,
ACC97c76423ab,RING012,True,
ACCcb74896cf6,RING012,True,
ACCdac93f09dd,RING012,True,
ACC0ecbac0a93,RING012,True,
ACCc7d4a986f4,RING013,True,
ACC1b26277876,RING013,True,
ACC3b53f22f8e,RING013,True,
ACC421b7b8a9d,RING013,True,
ACCd6575d9200,RING013,True,
ACCf2113515aa,RING013,True,
ACC7ea26eea7b,RING013,True,
ACC3c7f736745,RING013,True,
ACCe7d7a51690,RING013,True,
ACC969c6c8d71,RING013,True,
ACCb1af854dc3,RING013,True,
ACC73031d91d9,RING014,True,
ACCd6e3e06b29,RING014,True,
ACC473473fedd,RING014,True,
ACCb1b579e2d1,RING014,True,
ACC4dc1788ca3,RING014,True,
ACCa0ea08feaf,RING014,True,
ACCd0cf0cafb6,RING014,True,
ACCf9b15f5ac0,RING014,True,
ACC50bcdab0f5,RING014,True,
ACC72cf916f3a,RING014,True,
ACC95fa3186e5,RING014,True,
ACC94bcb25fcb,RING014,True,
ACCe11634ee0d,RING014,True,
ACC31077ab0cd,RING014,True,
ACCe2379477c3,RING014,True,
ACCfc2a5df641,RING014,True,
ACCa3f88a5b4d,RING014,True,
ACC87a142df17,RING014,True,
ACC3950cc79a8,RING014,True,
ACC7d5f82e361,RING014,True,
ACCdb4bb6965a,RING014,True,
ACC876ce54560,RING014,True,
ACCa398155eb0,RING014,True,
ACCee4572d20a,RING014,True,
ACC7deb181e72,RING014,True,
ACCeccc5a9fd9,RING014,True,
ACC8b517c62b0,RING014,True,
ACC800e4754f5,RING014,True,
ACC9d2c1e2428,RING015,True,
ACCa123edc104,RING015,True,
ACCc0e2f75825,RING015,True,
ACCd2d70fd24c,RING015,True,
ACCcbf8e2877d,RING015,True,
ACC3116852d75,RING015,True,
ACCba74f547fd,RING015,True,
ACC80531a38bb,RING015,True,
ACCdc1197b3ce,RING015,True,
ACC3da15ca905,RING015,True,
ACCf04f85ac65,RING015,True,
ACCd185189584,RING015,True,
ACCbf9739103b,RING015,True,
ACC1f1f4faa09,RING015,True,
ACC15503f614b,RING015,True,
ACC9e0fa9de76,RING015,True,
ACCcd7fd5411c,RING015,True,
ACC5f16ad0649,RING015,True,
ACCc1168fdcf9,RING015,True,
ACCebc0299921,RING015,True,
ACCcc8f203200,RING015,True,
ACC1948971b18,RING015,True,
ACCc3c21a4482,RING015,True,
ACCed63683d95,RING015,True,
ACC25723e9466,RING015,True,
ACC5ff9b55cbd,RING015,True,
ACC81812338b2,RING015,True,
ACCa3fc77b3ae,RING015,True,
ACC8cdf406dec,RING015,True,
ACC1d78138b88,RING015,True,
ACC7d9ff9e304,RING015,True,
ACC16edf8ab0c,RING015,True,
ACCb2bc2f318a,RING015,True,
ACCbe3af12d23,RING015,True,
ACC41dff9b243,RING015,True,
ACC8dbe76b6a2,RING015,True,
ACC20da5deff0,RING015,True,
ACCe9ee571728,RING015,True,
ACC0637426742,RING015,True,
ACC120ab63a46,RING016,True,
ACCab3792571b,RING016,True,
ACCfc7fb6756c,RING016,True,
ACC2ce7dba0ee,RING016,True,
ACCae1dc94ab6,RING016,True,
ACCb78db509f6,RING016,True,
ACCa6ebd5ae9e,RING016,True,
ACC60c0f5c22c,RING016,True,
ACCb32fa3e0f4,RING016,True,
ACC435afb8eda,RING016,True,
ACCd46be1a0ee,RING016,True,
ACC786aee32a9,RING016,True,
ACC8c5ad8ef09,RING017,True,
ACCbdaa7849c2,RING017,True,
ACC12d277136e,RING017,True,
ACC3d07aab6d5,RING017,True,
ACC179b857410,RING017,True,
ACCfde127dc4f,RING017,True,
ACCfd997f09ff,RING017,True,
ACC06528b81d5,RING017,True,
ACC9e0ff6b75a,RING017,True,
ACC6ade05f511,RING017,True,
ACCfea76a091c,RING017,True,
ACC0bedd81f1f,RING017,True,
ACC1f902e7004,RING017,True,
ACC339a901c83,RING017,True,
ACCa0e990f673,RING017,True,
ACC7ec5f1eea6,RING017,True,
ACC1f1e51f8f0,RING017,True,
ACCd4d5415185,RING017,True,
ACCc6a32ca257,RING017,True,
ACC4404551916,RING017,True,
ACC92d4372e29,RING017,True,
ACC9bfdfceed0,RING017,True,
ACCd2785204d6,RING018,True,
ACCec4aaa289e,RING018,True,
ACCa8d6c319de,RING018,True,
ACC2b97620f53,RING018,True,
ACCe148ac913b,RING018,True,
ACCba746b817e,RING018,True,
ACCd9abedd97f,RING018,True,
ACC77270158b3,RING018,True,
ACC5f40313a81,RING018,True,
ACC6fc084dd92,RING018,True,
ACC5ab6c7d97d,RING018,True,
ACCb10462077f,RING018,True,
ACC982dff0ea0,RING018,True,
ACC166931e19f,RING018,True,
ACCdb4fe8b0f7,RING018,True,
ACC98e39ee1dc,RING018,True,
ACC4cd2315667,RING018,True,
ACCae9b30ca6d,RING018,True,
ACC840b4fa4d3,RING018,True,
ACC06c59d1a03,RING018,True,
ACCa26ba25d08,RING018,True,
ACC8d679e8b22,RING018,True,
ACCe94aea67aa,RING018,True,
ACC51234903dd,RING018,True,
ACC65afec2110,RING018,True,
ACC919af8de4c,RING018,True,
ACC9861208f2b,RING018,True,
ACC92b388c401,RING018,True,
ACC19137f410b,RING018,True,
ACCe297a4abcd,RING018,True,
ACCaa22dd01ca,RING019,True,
ACCdfa6a5baab,RING019,True,
ACC2cbb789e9c,RING019,True,
ACC5363dd1b49,RING019,True,
ACC919505ddc9,RING019,True,
ACCae1467542d,RING019,True,
ACCd339724fd5,RING019,True,
ACCf3c8699664,RING019,True,
ACC126a129866,RING019,True,
ACCefa188cec8,RING019,True,
ACC505d3907ac,RING019,True,
ACCf1cabe9fa4,RING019,True,
ACC18de98e127,RING019,True,
ACC14777a0c8d,RING019,True,
ACCca0dfbab4b,RING019,True,
ACC66fcb4eade,RING019,True,
ACCc0fffcd3db,RING019,True,
ACCe64fead50c,RING019,True,
ACCc5b01ddf2b,RING019,True,
ACC1399d495d5,RING019,True,
ACC0ed717768e,RING019,True,
ACC63ea51c239,RING019,True,
ACCcc1867bb0e,RING019,True,
ACCaadd6631d7,RING019,True,
