account_id,device_id
ACCf0b2f0eadf,DEV5b443ddc3e
ACCd5e571ec71,DEV6deb40ef27
ACC15b87e6c0c,DEVda98c53881
ACC72147baf76,DEV090a75e947
ACC133f346aaa,DEV56f6a123a3
ACCab8628eff0,DEVef0829c7ba
ACCc0cc679abc,DEV0759c65ff6
ACC684f35ad6a,DEV0f1c048e4
ACC1c823b6e09,DEVc893d8ca0
ACC62e1c5bec0,DEV2639a8fb8f
ACCaf51ce83a4,DEV9bb1684146
ACC343720ff0e,DEV815688581b
ACC40cfa45d53,dEV2d0f0b1a5e
ACCeb16a25942,DEV4o2237f7a5f
ACCfa54da9d61,DEVcfe2f8eedc
ACC74ac098384,DEV580109ff32
ACC4ddeeb9c9f,DEV0c8de792620
ACC6546ca46ff,DEv336e18b0b1
ACC5361f2e61e,DEVed66e557a8
ACCbe3ca06afe,DEV927fd40a56
ACCa62b5d0eda,DEV81315344cc
ACCe5c0e3ac9d,DEVe57b6090a7
ACCf48adf35d8,DEVd346e79270
ACC2c765db08e,DEV732b2e8e7d
ACC05e9c20f0d,DEVd3e0f3260d
ACCe619355378,DEV784440efdf
ACC96923e1116,DEV3896e3da95
ACC6612cf6f19,DEV2fa52a4f8d
ACCe5707d2983,DEV8c6735103d
ACC0cc1692176,DEVbd771f5ab8
ACC5e6407807e,DEV621e9bf8epf
ACCadc2b9a0dd,DeV378ae9dad0
ACCa257a465e5,DEV0187266205
ACC112669c2bc,DEV9320d14a25
ACCae0bf99ddc,DEVd1be60243c
ACC2e235758cf,DEV0056ff2520
ACC0b90a46843,DEV6ee7bcf073
ACC0a0ec66424,DEVe0d69b21d3
ACCf6a9ef18a8,DEV0dc4c92f23
ACC5df4de57dd,DEV41b48aafd1
ACC5c4f98ecf1,DEV972a5438ec
ACC19410bdd99,DEV1f4c099227
ACC2b7132cbc4,DEV09f93670cd
ACC3dbf0fe9d2,DEV2f3f20527f
ACC1008e99eca,DEVf44beaf864
ACCd14f109fda,DEV1B63275bc1
ACCd59039e700,DEV19be1d8cc1
ACCc1dba6d884,DEVb82fe65023
ACC02f33407ee,DEVadd27b8040
ACC89363458e9,DEVf812041f67
ACC9265994b0d,DEVf28f1d0f80
ACCb4e1ec01c1,DEVda6d33987nb
ACCe8645c09c1,DEVed3b2ccd00
ACC240dd86afa,DEVcf30f2c792
ACC368d5fe75c,DEV3428ac700
ACC866ebb1ab6,DEVbbe3f53ab2
ACCa1f686b231,DEVef690c88b7
ACC5cb886baa3,DEV5a477c5076
ACC1f1ced1bca,DExV517cb5b50e
ACCfc489feb22,DEVf50e4e5485
ACCc1621b53b2,DVEd1e28de8df
ACCeb2e3f35a6,DEV4we2535d0c7
ACCe885db529c,DEVe8234720f1
ACC1b0e72594f,DEV2efa37cfa5
ACC71dd0659e8,DEV6b9c3507b0
ACCceb8987b06,DEVc50f7348a4
ACCb89f8828da,DEV14e8c63ef6
ACCdafef26d55,DEVd122916d47
ACCd8b7bcc4d9,DEVa1927b9cce
ACCb646d220d0,DEVcde2bb3f83
ACCe947d1d969,DEVf4a4b49591
ACCd2a55c0ebe,DEV66defea5f7
ACC18b3384582,DEV043db47fa6
ACC31b7ae4971,DEV4151058398a
ACCfb956d6e6b,dEVa50dd21d66
ACC30ae0b99e4,DEV5760093425
ACCb7d70116ac,DEV3424beaf6
ACC43fdb62ac6,DEV87c792166c
ACC8b2c2372e5,DEV81ddc60f9c
ACCcde8d23231,dEV01c4ebcb10
ACC7f94079f8c,DEV04d6173f7b
ACC81578ef0a6,DEV6ec1fd2ea4
ACC9b0b7b7110,DEVb30d2d2a3
ACC444f162d2b,DEV23eee04efa
ACCfb3b61a9ef,DEVc494367a95
ACC406044f77e,DEV21558c44d9
ACC79ebf9ab01,DEV01a7672c0d
ACCfffa44dda4,DEV487dc745cf
ACCb48d630d77,DeV1a37ec383d
ACC6f66238cd1,DEVc4b5241f83
ACC72a4debfe7,DEV01387371ba
ACCdf51e1c989,DEV4cb6b245a6
ACC3db0f51011,EVb80026469d
ACCe96bfef0ca,DEVacbf52be86
ACCf0a1cbcff5,DEVbae2015c61
ACC0d05ce59db,DEV00c825d131
ACC5d0730475b,DV1130393656
ACC4816573bd7,DEV0010db45a
ACC099cafc1bb,DEV9d0cd42d7e
ACC9b1a92d7cb,DEV00aef2aafa
ACC3f04249204,DEV939a68062a
ACCd19dc4444c,DEV7a211c77f9
ACCf539c70236,DEV32cec25be0
ACC1ca4b1101f,DEVcd81ea0911
ACC69d4a55f0e,DEV5da8dc3293
ACC1016d57889,DEV1838c81266
ACCb0a6a17e9f,DEVfd08d2cf64
ACC81e195f1e2,DEV29dc0b61a5
ACCb1a794c319,DEV7fc478a061
ACC9de0b43ba3,DEV70469262ac
ACCf992271286,DEV798a4eb1fd
ACCd707170796,DEVe582886ae2
ACC67611aa530,DEV6d2559c0e
ACC09f081a266,DEV193d8577eb
ACC5926e04514,DEV372e5cad7
ACC77c3c82b56,DEV7d75fae30f
ACC0a8ce8eef7,DEV4b96ac27df
ACCf6c3fd70eb,DEVcf52a8a0dc
ACC6f88f3422a,DEV48aa20ea37
ACCb4016cc253,DEV1e4c935928f
ACC517cb78208,DEV9cb86f336
ACCb840720d42,DEVdc39bd3765
ACCf141723272,DEV038daa67bad
ACC9006f5aa4e,DEV01b20a776c
ACC980b690791,DEVeda90701fa
ACCba1bf8502c,DEV4f21f30c85
ACCd851bd15f0,DEV7e3f5c2213
ACC1a194bf752,DEVa8a6267778
ACCf4d6da67de,DEV6fa231d918
ACC613fb9606b,DEV484b0cdcca
ACC9375ab556a,DEV0aa5ff34ec
ACCd059d2ea7c,DEV9305eb76ba
ACCce189e8202,DEVfe76d30081
ACC3593dce2c0,DEV156ab896c9
ACC26819e1def,DEV47868f3181
ACCfbab76d3b3,DEV9Ef0d9482f
ACC2caba93dcc,DEVd7e79d48c6
ACCdbfd26b1e0,DEVab6e627238
ACCa1cd81cfc1,DEVcb5c09770e
ACC2e9d248607,DEVb58b206fc0
ACC48426db468,DEVed88925eed
ACC7d0b565af7,DEVc4ccc1a985
ACC3040b53e8c,DEV5141efdbf
ACC54a23ff39e,DEV5a55589af5
ACC95106bc805,DEV3c9a1bbeb
ACC3627457f8b,DEV94cff7657b
ACC8d126e7613,DEV2d4c0cd224
ACC2c15f0d71f,DEV10e29b71a3
ACCe00f8a8a1b,DEV7ea486398a
ACCcb26ef2a0f,DEV9a591c61d
ACCcd41543c6b,DEVf536dae0c0
ACCc27b360f07,DEV1dA1879158
ACC5dab3e94e5,DeV2b0f2d6cca
ACCd2c539c524,DEV12a9d52b64
ACC00423e3001,DEV9fd0h850f7a
ACCc095599759,DEV143fdf9535
ACCc7184b2af6,DEV444bc785b
ACC1319ed6d38,DEV715c4e8476
ACCea92611f8f,DEV703bdb0528
ACCd83a1de196,DEV9c2531c998
ACCddf1abb834,DEV21qb5989ae0
ACCb54ce9a4fe,DEVe8cb4fedef1
ACC968cdb8301,DEVd8ae57dc41
ACC1528a7d61a,DEVdfbf88247d
ACCbcd7d2c638,DEVd5127f7782
ACC8147453178,DEV16e12d830b
ACC1301e00b76,DEV72f96414d2
ACC956f95327c,DEV56b49352c82
ACC183d191c9f,DEV48ada0bf92
ACCbde2992ec1,DEV9452934946
ACCd1b8d4a0b6,DEVc7d07d7cd
ACC1568f25ee1,DEV41f16790ff
ACC394d80d903,DEVbd7aa943e7
ACCc2cbcd2298,DEVaa5f4f2c67
ACC6e5e473857,DEVf57e306735
ACCef762ecca8,DEVa8a0694ef73
ACC40b2b6537e,DEV8d24942f74
ACC0e696eae24,DEV12d9bf365a
ACC53e9a5e3a3,DEV76c62cef3d
ACCeb8f345bad,DEV72d5f3dfd8
ACCb1662afd70,DEVc8f9827d40
ACCecc98cfc55,DEVf2c8abyc401
ACC7695ace2a1,DEVfc7cb36fd1
ACCd2eb3ff297,EV993ec19d70
ACC04b95563cf,DEV9003a52842
ACCf8e615c4ee,DEVfabc5dd9a
ACCaa59fa89e9,DE2V40e185ff6
ACC77de6b0689,DEV7f6ef56982
ACCc682838bf6,DEVfbb49d58be
ACC0881ef3e95,DEVb0fc7ea2c6
ACC023b32103e,DEV4ab9449ad4
ACC1858ceece0,DEV39cb295ac3
ACC1ff33f6dfc,DEV4271d9bf54
ACCd5fefad958,dEVd26a948e38
ACC786238d95b,DE2V086bcb343
ACC426c806157,DEV1d801cb923
ACC121d65a03d,DEVc7afdb951
ACC4d6b1bbcd6,DEV7eab37E9d0
ACC26a8fb66c8,DEV2546d94136
ACCfedc5f7b3b,DEV80be4ff404
ACC44f09bd9f2,DEV8abbd343de
ACC071f5461a5,DEV5662e89683
ACCab0e67d118,DEV6686c3ec2b
ACC670c924bfa,DEVc1acd67f6f
ACC110cf0b515,DEV1487feca05
ACC4182dc5f6c,DEV267b963204
ACCbb9c7f8a97,DEV9a73c0dfbd
ACC92595a1689,DEVa11d17769c
ACC6bfb9d36f3,DV1697656375
ACC0d6af638d7,DEV8f4f39c556
ACC8aa6571f3e,DEV901a5b6712
ACC40e486057b,DeV1c93faf381
ACC53d8e4643d,DEVc2cc12d0ad
ACCdb921c75b3,DEVf9ab1ba302
ACC1019416cf3,DEV501eee570c
ACC61304b6e37,DEV53693b5bd2
ACC4d9769ba44,DEV6c44ac4835
ACCe2870488e8,DEVd649ba7ee
ACC60efc79db1,DEV06a6bfdce
ACC93d36b27a9,DEfa6f3fb078
ACC31931c9a25,DEV83pa4336481
ACCe849e1b17e,DEV20a8eefa07
ACC3b80077a4f,DEVb5476e1792
ACC6786b7f4b8,DEVdc64e668f8
ACCd7bdbfdfd1,DEVa979e06926
ACC4b7b268e0b,DEVca58e2ddf6
ACC64c2b36c92,DEVde7e576bc
ACC02db649358,DEVe4d209a8ca
ACC5b08defb36,DEV24bf043ff7
ACC8ba193fc8f,DEV62500041fd
ACC7ba1d63eab,DEVebf03e5429
ACCa2d630aae5,DEV6f9d4698cc
ACC63ca56a164,DEVb00b6103c
ACC709e5381bd,DEV5a3b215cd3c
ACCba8f2b2a19,DEV1d62f3678f
ACC139367cdbd,DEV577cdbf75e
ACCe81f2612e9,DEV46efd6c8bc
ACCf4ac96c7a6,DEVec0527b244
ACC7a161a8d9b,DEV7v6979c1c30
ACC313a383040,DEV50095e8495
ACC83e4ad1d41,DEVa9dc3bb7ad
ACC61dee9f304,DEV3034c002b7
ACC31f2549209,DEVe1f9b2ecc6
ACC2088c3b283,DVc8a201dddb
ACCff3d9ef8f7,DEVc62255393b
ACC465680e413,DEVdec95fad29
ACC1fd987e232,DEV1157e03185
ACC57378b77cb,DEV8437ce7a88
ACC71ac05b75b,DEV6ce5585b15
ACCb02932d4f2,DEV0f6de47v3db
ACC044f75d1ca,DEV44b970576a
ACCd6cbfa37a9,DEV76b9628b18
ACC228703e1d0,DEVe977639cca
ACC1b72992b94,DEV8f2ae8c115
ACC5f406fdaa0,DEVf70c497ebc
ACC4ecf0b3eba,DEV58a8683522
ACCe56f5fd34b,DEV7ecbf5cff2
ACC0927978ead,DEVbb01fc3fb4
ACC4336793043,DEV6e3417c35
ACC9991e21fd2,DEVf874866b73
ACC2b76c4d025,DEV6657151fec
ACCf909cf9552,DEVed0153d844
ACCa3f190a0fd,DEV5124576B18
ACCb5dca12171,DEV8f123c8d10
ACC6e789caa42,DEVb27bf3874c
ACCd89510d292,DEc20c1395d0
ACCb35d4611e1,DEVfa058a3c03
ACCc27f0a4f40,DEV4cb1f782e8
ACC5907de4884,DEV48b0e19432
ACCdeede38f19,DEV9d0x3f673e2
ACC7d4739d907,DEV77e58f9f43
ACC8ea9fd1a53,DEeV5fa998bcd
ACC0fe412acbc,DEV240c2407a2
ACC32b2f451fb,DEVe38e844626
ACC3ca240b3dc,DV776bbe5c2a
ACC4628c49bf8,DEVe96bc3eed2
ACCa2967e35b2,DEVa56047b403
ACCd75c0b8a55,DEV32febd5ae9
ACCd638961c03,DEV9fcb7e28f
ACCe9f0a22984,DEV46e3e60ff4
ACC75fdb0164c,DEVaf75f04132
ACC326acd9bcf,dEV92a7e948d8
ACC332bb7c33c,DEV974376119f
ACCd0dce2b425,DEVe39a480787
ACC4c76e4ab86,DEV63c6d2eac
ACC5f09a77a04,EVb25ab63234
ACC34dcb5b1f4,DEV3a8312c6dc
ACC0b55557a32,DEVe8b2d686c3
ACC83948e4763,DEV5ce0fb06f
ACC1639b064ad,DEVe80c6da570
ACCaa6fa5f7ce,DEV21f546c86b
ACCf1d92b9c0a,DEV9a0811c3d
ACCb491c1b271,DEVdk6bd4fd3e3
ACCc99372287b,DEV1b306e9bac
ACCb0085327b2,DEVc477387c45
ACCc4262f2da7,DEV0048bba7b7
ACCf31ffc2125,DEVcfa15ea64a
ACC4da96ab79c,DEVa3c463e53
ACC4074d082a9,DeV5cf1a2acff
ACC6493047003,DEV707628fb81
ACC8251cf8370,DEV74116fc7d1
ACC60def46960,DEV7dd8e2a6990
ACCc0d301e43c,DEV4b634c0f18
ACCca50d77353,DEVee5b9f47d
ACC2dc70ddcaf,DE7Vdcb3ff217
ACC25cb120832,DEV1d3654740
ACC7e7e620dce,DEV0e3be2dce3
ACC9790bde816,DEV179a6b6511
ACC5297fea556,DEV5a42c34efb
ACC2876086c28,DEV0ca6dfd856
ACC7fe2a349f5,DeV251fbf2602
ACC96ee21d2d2,DEV333c5ce000
ACC56be9af10d,DEV544a06ff0e
ACC09ef195994,DEV9bdf1b84f5
ACC28f8c9fe21,DEVda6064e285
ACC388eb3b344,DEV3862720337
ACC5f65865567,DEV09a9710481
ACC01ccd7e7ff,DEV9044fd18c3
ACC28c882a261,DEV5be43b3bab
ACC1b907ad3fc,DEV491a5f54d5
ACC284e6e9de0,DEVb7f728208d
ACC2f0e2f5623,DEV9b9f61e64ca
ACCab16c62f85,DEV0354fefe72
ACC3c97e3fee2,DEVa8c01c2eAf
ACCf0597f7fb1,DEV5fC788241a
ACC0e162ada8e,DEVf85c3c26a6
ACC0068779e5b,DVE9b5e16ab0a
ACC7b0fa03b96,DEVb40a62335
ACC4900e543df,DEVfaaf6c3d55
ACC789f156f22,DEV4d5472b3a
ACC0a78198a06,DEV2053884bc2
ACC90df7c772e,DEVfa092d7144
ACCb8abd26ebe,DEVee25a44fef
ACC9dbcb47fb4,DEV48123c5960
ACC6f0d9234e7,DEV217f406e19
ACCdbce1dec46,DEV8a31a9fcf0
ACC1f38b816d3,DEV276215130a
ACC49b9f43947,DEVd1d1e6e2eb
ACCc7209fb967,DEV4c6c3c117
ACC0f07be06d7,DEVeaeb7877b4
ACCcdb295e841,DEVd417521502
ACC44beb9b716,DEV02811367b1
ACCe3374082d2,dEV72b05aa755
ACC5528885d71,DEV68fe778fab
ACC228e7ebc4e,DEV057d917eac
ACCfafd6df70c,DEV2540e97ed2
ACC967da819e4,DEV846c0p188f6
ACC11870d8d52,DEV746ac12df6
ACCbe6c90a408,DEVab684574e1
ACC905f089459,DEV3rf71122757
ACCd12dd88f42,DEVcdcefc8ff0
ACCa857c05dd7,DEV1cbec1551c
ACC5db2db11ae,DEV35fe82986f
ACC620714374a,DEV9a82755466
ACC9c1db95def,DEVb8c2746136
ACC5a0931ce5b,DEV3eee3322dc
ACCf905dcf8ee,DEVa7e91e66b2
ACC70e1a10351,DEV901312ea94
ACC25c8275070,DEVa877f7d19dd
ACCb137316eec,DEVc4253638c4
ACC7e3eb5c84a,DEV12c5754209
ACC1c9e5b01b3,DEV46521c970
ACC2215f86ca0,DEVa931abb434
ACC262ba3def2,DEVae3b76e9f5
ACCbb00c93ef8,DEVf5668d41dd
ACCa197d74d28,DEV3a64e5136a
ACCca91a23323,DEV86f3d29a40
ACC7c17314a5a,DEV39839af2c
ACCf4d3d88e1d,EDVfb4c482a8b
ACC3a4a9d9587,DEV899d7080cd
ACC05dce3b371,DEVba4a389b2
ACCc1ca41a7ab,DEV03d1638776
ACCb3ef133098,DEV3a591d90ad
ACC1c0e60d5f6,DEbV254ed9981
ACCf9ca58f90d,DEVb68740b2e9
ACCfe051d0a11,DEVd8c661656be
ACC890039c27b,DEV636d511e2d
ACC7c9c17ae96,DEV745e9252f6
ACCb9583ffb10,DEbV9aed5efec
ACCfa3ef1fc0d,DEVd6w45b08729
ACCdfaf6d792d,DEVe8c5acabdb
ACC7b60c34180,DEVddff86acb8
ACCe51876499c,DEV16a506e422
ACC1287238bb4,DEVffc513aa31
ACC116c0fddfd,DEV7415fa6b80
ACCb670e20cd8,DEV52ef1930fd
ACCe323328d53,DEd5f2ffc27f
ACCd69375fb7b,DE2Ve462f6d58
ACCce6c859069,DEV9611625f11
ACCdf897e2c05,DEV758c7f0537
ACCd7101f80c8,DEV2b881ec16b
ACCd7777cc331,DEV61b03d7026
ACCc067847041,DEV9b4bf06d43
ACC3a810bb2c3,DEV0674d4e914
ACC15e1950e47,DEVd22eb3eb0c
ACC9305131643,DEV870c6ce8a2
ACC3505022b9c,DEVad657e321
ACCea4edd1422,DEV9a3e5cfdb3
ACC52f4078ed3,DEV581b85981b
ACC9a5eb0fbeb,DEVc039b495a2
ACC8dc2b3c156,DEVb7f1228d34
ACC783cc800fe,DEV395e1e1dba
ACC19e3aa6787,DEVe80c319cd8
ACC231cde3259,DEV513d44b36e
ACCd80030ce04,DEV6abc1a4dd
ACC07397e02ed,DEkV17cd29d46b
ACCe2492eefff,DEV549024b470
ACC6cbecaa55a,DEV8ffafef17a
ACC107da4bf8f,DEV066f194dd0
ACC07e983bcfc,DEVc3818f0cdd
ACC1871d406aa,DEV3055640033
ACC05bf8bdce7,dEV299fdb39b6
ACC43f0e41a54,DEV865e214f84
ACC814e197754,DEV2a8bc55785
ACC6c3e2f87e8,DEV89e03c8864
ACCa9db3ad7c7,DEV736e295a31
ACCb360415443,DEVce222a3ba
ACC9cb88193b3,7DEVcdcde9abda
ACCa297b0654c,DEV94189b81ff
ACC2fb4369e38,DEV1e94c8e775
ACC3c972e4a6b,DEV4c30e31d01
ACCca611b1679,DEVa4dd9e0b5a
ACC6cad5b8f55,DEV5782db5138
ACC67203f2f32,EDV798f14a155
ACC5c815f3925,DEVAa2cc81e4e
ACCf868d9f8f4,DEV1259f230881
ACCac8d9881d8,DEV30ed37d546
ACC5282c3b8ce,DEV851db72d7d
ACCe0dba081fe,DEV9262e457d0
ACC4765950e38,DEVca4ee51606
ACC329b02675a,DEVce63b2fe3
ACC71509fb16d,DEV7c2543933d
ACC3a75e023d9,DEVd76788h4318
ACCbed015154c,DEV5289c19c0
ACCf9da39b0db,DEVafef0d0bb7
ACC0c848439e4,DE5b7940aa4b
ACC3dc4901698,DEVbbd6acbffab
ACC624eb69dc4,DEVcbdcfc2091
ACC2d5d9f72e3,DEV8e89970194
ACC2d30aa1d22,DEVbdc3322dae6
ACCd5a2b008ad,DEVc03af934bc
ACC8ea6c5ee42,DEV4176f41745
ACCd9edd38f52,DEV2536a3f8e7
ACC8f80d04fcb,DEV150e169fe5
ACCf3db63df5d,DEVme1adaebf0e
ACC3402ef2642,DEV733ab3ffa
ACCab1f55db1b,DEV210a3411b8
ACC98e4e55ee8,DEV8a53ab75988
ACC49399d155c,DEV73d6e69185
ACCe9b2a93054,DEV33497fe752
ACC396bf32ce0,DEV7e65daf8fe
ACC5ea6a895e7,DEV98c6fb908c
ACCf91613da7f,DEV8027265629
ACCabab104715,DEV28ac1c846e
ACCac127883fc,DEV08f0cc5e21
ACCf4d7f388eb,DEV1d0555fe6b
ACC8bafedaa85,DEV8094ad8b4
ACC81ce25f54b,DEV864a9abdf3
ACCc57525870d,DEV51d0f6c592
ACCcf087785c9,DEV548e08d8e
ACCb22dbc5d71,DEV9811a65219
ACC0a58793d7c,DEVa02fa1c977a
ACCed7f94d09b,DEV5427a10feb
ACC69523851e5,DEV29068a4f28
ACCdf08e52bd4,DEV472f559cab
ACC4149d6ffae,DEV2a2df851ad
ACC8736e1c9df,DEV868f239577
ACC1824cd4b5d,DEV16c315becd
ACCe0b797f61c,DEV0a01a9ccfd
ACC8f3ee65f6e,DEV002a5101a3
ACC1a3afd71ad,DEV1b2b07b9ae
ACC2f8ea4cc41,DEV3ad09b6ee1
ACCa621fb8b55,DEV4d73cb3101
ACCe5557bec09,DEV3c42af5a16
ACC184c120e4d,DEV4f5056zbb9f
ACCa8a9a91c1c,DEV5f6e3a72f8
ACCf1a1cddcc5,DEVfb51becdd51
ACCf88ae3bbfa,DEVc19b247c20
ACC4b682c6612,DEV4d0d49b2u2d
ACCaa3cf660e3,DE912769e845
ACCa6185c6fba,DEV365d46a2ex2
ACCc2bb24bcd8,DEVe5288e928
ACC3d8bb41bda,DVE665f2446d9
ACC158d22b095,DEV60fdd43e4b
ACC10f10d992d,DEV5350eb0d54
ACCf5006b7821,DEV7f6089035e
ACC079ac14568,DEVefa6b26457
ACC511ccc61a1,DEVE3f683723f
ACC97da147538,DEV4d4a0a1930
ACC62093f63c8,DEVbd4682b521
ACC9faaaa7432,DEV0a966264d4
ACC29adeb51f7,DEV0809c1fcf9
ACCb95c90ad78,DEVa779f5f490
ACC90208ed076,DEV7098a0b636
ACCd4cd094060,DEV77d3c20b52
ACCea946fe4ec,DEV5daa2cadf2
ACCf44006bb44,DEVc28c9fb616
ACC01edb26259,DEV29e00a000f
ACC531751f233,DEV1056595066
ACC91d9133779,DEV46c4f929a8d
ACCe477324df5,DEV3415200d64
ACC9633fbbf69,DEV1214281caa
ACCafdf808fca,DEV6c87366335
ACCfe6070ccc0,DEv03984c855a
ACC2dc8d86ce3,D8EV96fa0ea1ea
ACCe697ae7c31,DEVfa2de2a98B
ACC59b3535f6c,DEV1d06061950
ACC351b58a4ab,DEVf620926509
ACCb95af52b7c,DEVd05dfcf286
ACC0b99b78574,DEVb4faf99312
ACC244291be17,DEVb15a610c19
ACC5c2e5b9b73,DEVf1fdb22973
ACC6ed2ba050d,DEV9fed0a717c
ACC76161afa6d,DEV0bc5f96d79
ACC8bbe7d544b,DEVc5a66d89e8
ACCd5252294e7,DEV8f1ab3673d
ACC35385fbe97,DEV0950bcf6d7
ACC779a1900ba,DEV877a4b5b5
ACC570045642f,DEV4ffef8b60a
ACCce6c8e9036,DEVf25fpa81070
ACCe3fae06595,DEV2a904f8a51
ACCe4607d51cc,DEV330E57a446
ACCf80dc7c532,DEV1c0ac5a027
ACCc0614b3151,DEV5cf68a8033
ACC080ff25a03,DEV51d36c290d
ACC89991136cb,DEV35da855e5c
ACC182e214e4b,DEV7eacb5f520
ACC978aad662b,DVE164d3a16f2
ACCb414ca368f,DEV6d5cb88f7b
ACC375e8df671,DEVf51d4c03d5
ACC74ddb11053,DEV08edaf7152
ACC5eac5743f5,DEV232b2673a0
ACC8c5dcdf793,DEV6aec99124
ACCd4ae6be555,DVEf6263a2e6a
ACCe83c31df83,DEV362e5e8865
ACCbf10a49a0f,DEVb9bc4d1700
ACCbb119930c2,DEV5182055204
ACC0a8c195528,DEV45367bddf9
ACC359d25e235,DEV26ceec4c1
ACCe44c619d5a,DEV5648151ae2
ACC2cd54a7255,DEV3fa26a6506
ACC4f75c38a16,DEV652C752c70
ACCb3eae32a59,DEVa633e08555
ACC380732e979,DEVadce6357ce
ACCadc37da618,DEVf82ad27869
ACC9916757f08,DEV529a6517ae
ACC0c07ec01ca,DEVe05382bc72
ACCf3f79ffcef,DEVdb19de2d43
ACC65239454d0,EDVa1c683c9f0
ACC260e8038e3,DEV29e84604cd
ACC7caa3f9d9c,DEV23bb90f68d
ACC2945049a76,DEV63bd5f311
ACC9b7e811dbc,DEV3252418977
ACC4baaf7e044,DEVab78c9d0fc
ACC5119692cb8,DEVbd80270bi4a
ACCf5fd2c8209,DEV6265f89b5c
ACC0c9248ffed,DEV2993bbf595
ACC1c9217c77b,DEV8786efe3e0
ACCde7f6dbb52,DeV2966ce029a
ACCe0979cf7e7,DEVac386465a4
ACC1df6edf5f4,DEV996f22ffa4
ACC7ce1b13cd7,DEV4d04f62053
ACCfb76efb1d4,DE8Vd5f3a0b71b
ACCe08e369bc6,DEV2a2047ea4d
ACC6a42565610,DEVa63b4b025
ACCb4c9e30140,DEV6510729133
ACCf24dc600f7,DEV39e53e8f7d
ACC061cd37269,DEV2ac515acb8
ACCe9c38012cc,DEV86afd59c99
ACC9c8a62f008,DEVe758303e8a
ACCda55c1ad62,DEVd9c92cbd9b
ACCe2fa2cc141,DEV1559a9d31c
ACC9eb62b5e6c,DEV4c6a0367cb
ACCd008ff5f98,DEV2eba159bc1
ACCa4e810e1ec,DEVc5c3c566fd
ACCec7e167cc1,DEV33b69E78b2
ACC585e403027,DEVc616d222a7
ACC87a41b627f,DEV6cd0b23146
ACC96049a9525,DEVa41ec49730
ACC0e08a85985,DEVefc4287d31
ACC5495bd02b1,DEV7ec6382126
ACC93f8490229,DEV9145t3e2e2e
ACCeeaa363714,EDV9039e1c32f
ACC2566e8fea8,DEV4c79caf466
ACC29984f8f03,DEV060dad2fec
ACC38f0498600,DEVdff3e3809c
ACC5241374117,DEV448353d8e2
ACC1e03300f0e,DE9V7d2426002
ACC1e27871462,DEVffc8f39cb
ACC8b2fe47be4,DEV2cda6eb6f13
ACC293c3b4290,DEVb1639f3fc1
ACCc5212100b3,DEV92fadec1e3
ACC0e48762e95,EV495a89a79e
ACC587020b225,DEV0ea15306f
ACC8c9973d3d9,DEV849fec6db9
ACCe6ec08c1bc,dEV64f256d523
ACCc1828d66e3,DEV0f237e38bf
ACC945f0e90b4,DEVb0c64aa762
ACC8d70e58888,DEV22d9c85ff7
ACC519f8e1743,dEV32597afdb2
ACC270513a431,DEVd62d124380
ACC21babb056d,DEv63bfd8b4cc
ACC04bac6c822,DEV93f86632d9
ACC7bc68698f4,DEVf26cc27684
ACC65315f74cb,DEVebf8Ccacba
ACCd99581ca72,DEVa7801eff79
ACCb96ae6bc39,DEV0310c2wfafe
ACCd1f2427f26,DEVcb48f3a5a6
ACCabbe3e57a4,DEVb65b84ae2c
ACC6687f60d4e,DEV9a64184794
ACC4ea10a430c,DEVb72b2d6a9c
ACC285a65b36c,EVcf0937f44c
ACC508ec463df,DEV206ba87c1c
ACCf7fac7272f,DEVa0ebba5d82
ACC22063e66fd,DEV02ac19c054
ACC55e0fadc9c,DEV53616de3f3
ACCe943227159,DEVfb638747b4
ACC6b92bc6845,DEV6ce700efE7
ACC3f043c45f7,DEVc2bbE5a457
ACCa302c6ecef,DEVf765b14df
ACCaf63038627,DEVfb7161f2b1
ACC9eed785f7b,DEV5a3ee82eac
ACC6f7371eebb,DErVa4f2e42f4f
ACC9396b85139,DEVec8a12944f
ACC7dfe2d0de8,DEV1b933acceef
ACC6a0e1f85ef,DEV52af0301ba
ACCd6b70b3d03,DEV6b9539ca97
ACC1a0a6ee21e,DEV953d4536e5
ACCa97af74aff,DEV9ee42ebb08
ACCf41b046b81,DEV54bl81f2d37
ACCff24886535,DEV2340bf72ce
ACC89dab3a7b2,DEV89cdc93dc0
ACC2e3899e899,DEV15c21c012f
ACCbbd82848bc,DVEf3cd29c768
ACC8bbbff605e,DEVe12d62a09d
ACCa3d3a3a44c,DEVb575940bb4
ACCa732aa6735,DEV0f88ed3dbd
ACC013f6c689d,DEV762443c743
ACC61f0546984,DEVeb16fbb4385
ACC4836d82e05,DeEVaa6c7b140b
ACC18d4fb946f,DEVf07c3ebb3f
ACCabcb6f5f3e,DVEe14e51e943
ACC40ded5682e,DEV97267f7b89
ACC6c3fd63c05,DEV5a14111d19
ACC424f2c0a61,DEV3296acee8f
ACC85f00747a4,DEV44d1167adb
ACC025ff58923,DEVd2e4e38b67
ACC8a5be16c19,DEV5bcf3f5a7b
ACC5fb02a22dd,DEV3bb71c8971
ACC02d461212b,DEVe2939cf0d3
ACC021824160a,DEV78b6c705c4
ACCfca90a60a5,DEV1fce0260fa
ACC59ff4e662b,DEV8ad2cf44aa
ACC3d5aab0aec,DEVab76edb0ed
ACC04c8d3c808,DEV0eb2a0237b
ACC71ac731436,DEV8710566cef
ACCd057ab8e47,DEV079bar69553
ACCc0333dd765,DE8V894dc0eb60
ACCd0f956848b,DEV9ba65be4fe
ACCc7a45581a9,DEVb76ac20254
ACC2c010f00f6,DEVe923c1bda2
ACCaa0e431f14,DEV10ff3ffbe7
ACCef38c9cb5c,DEV270722d68
ACCe237f51446,DEV4db1a6b4ef
ACC5b23308d2c,DEmV82574fcdfc
ACC593b2e1ba4,DEc99b35f7bc
ACC54690a5507,DEVc64cb030be
ACCadc4df2a6e,DEV166dc741f9
ACC634367483f,DEV040d0e5c0
ACC5869f13256,DEV9e54fa046
ACC316cb8169e,DEV9033b16df9
ACCb746419e28,DEVb342f190pa4
ACC38b660b35c,DEVfade1c77a
ACC80deb90b9c,DEV20edeb7550b
ACC416cf634da,DEVb6e4689e92
ACC75c2ccfaa7,DEVb33569f398
ACC7888724b25,DEVab8a4efar9a
ACC9c31586343,DEVde97e0cad
ACC1dee8e27d1,dEVd2b817ac17
ACCbbd247ee63,DEV24b9e8f8a6
ACC8b40ce310a,DEV60bd36a401
ACC25f8f7b01d,DEV3214ddb4cf
ACC46e1550f98,DEVce33bb4996
ACC03d39b755d,DEV1aa407687f
ACC3bdecd8174,EV94e3ba9821
ACCd282df4eb0,DEV3c61cb6733
ACC17745d615a,DEVb2a830e2c4
ACC099d68e80c,DEV5d5aaa9d1b
ACC44cb070ac3,DEV728b92a9ed
ACC85380f22c9,EVbc5af8ec56
ACC213341dde6,DEV1ac9854bee
ACC3809d62967,DEVe752bec5cf
ACC3a13457e98,DEV9c39175a6a
ACCd27dce2175,DEVfcabd9af90
ACC1bb5b87ca4,DEV7dee4a134b
ACC1fbef8b81b,DEV17adcce0cb
ACCb19160f2e2,DEV7d7b8bfddf
ACCb0f9787c14,DEVa027e49b1
ACC8d6799de58,DEVe274e2bc41
ACC944f6d8797,DEV78ebdec9a0
ACCa6d340128b,DEV2224f6a4a0
ACC4dff7529e1,DEV487c2a9866
ACCd7d733cae8,DEVb13739ff67
ACCf37a7df84b,DEVb13c32a160
ACC1a1b10792a,DEV8f9a4e4f68
ACC17ef39888a,DEV9e2dcb93a9
ACCc9a80d3fc6,EDV7c2a4806d7
ACCddcb5511fd,DEV4c32819c2df
ACC80ac42ca56,DEV0fdcc022dc
ACCea886675a1,DEVac47e3ef66
ACC6b281cf9a6,DEV14a82b6a3f
ACC9f40912d57,DEV4505c2731f
ACCc4f6c31616,DEV4ea7233432
ACCcee2f01db3,DeV9b880b3d16
ACC7e9e73bb43,DEVa7e6a369e9
ACCdb2c65b4fb,DEV510b79f014
ACCcaa1962a9a,DEV59894b97fe
ACC61f036ddcb,DEV484ab8ef9f
ACCbbe61c73cb,DEV845bb65f8
ACC7833dd2f39,DEV96feeaba99
ACC49cafa1c0e,DEV362c820e5c
ACCfded8751a9,DEV1cfa5ac6c2
ACC58d4d7260c,DEV89b288a475
ACC9fa257e9da,DEV7a844aa6c5
ACC98c6c3f968,DEV385c713188
ACCecc9dff638,DEV191757980a
ACC27fcfde3f8,DEV876bb6e749
ACC704499f33b,DEVe1c1046964
ACCe74fecd487,DEV3q3149763c6
ACCf42822b1fc,DEVbda0665962
ACC383d194031,DEV44dd352d55
ACCa3c9e6f406,gDEV02458a0d67
ACC60afe2340d,DEV9a5beefc28
ACC1676a7d9a6,DEV82c8fb3e91
ACC704f319753,DEVf4658c440b
ACC6f062715de,EDV2049d8d4e1
ACCc661f6b5d5,DEV638bfbdd4e
ACC0e574451a5,DEVffaae1974b
ACC8423e5f6bc,DEV8491b3a7c35
ACC58e8c89c21,DEV7a4a9cEbf8
ACC3177543502,DEV3d667nff537
ACC8dfd3829af,DEVe2617f34a69
ACC47e99b788c,DEVbccc126593
ACC8cc2cfd26b,dEV362688a533
ACCc2a3f5e588,DEf82f6131c1
ACC149eafcb77,dEV938461457c
ACC358d6be4e5,DEV02f923f266
ACC3b48e40842,DEVfd719da87e
ACC63104ed466,DEV97787b5c5
ACCd7b59cb2f3,DEV9665ed18cd
ACC8476861917,DEV8770847aba
ACC0e2fd1eac7,DEV4cedd4dd51
ACC030ba2faf7,DEV39695993b0
ACCab60232923,DEVde81f305de
ACC7a03b62438,DEVd43883608a
ACCf01af13dd5,DEV6f74d7ebEf
ACC8f37d05d38,DEV93f08a3b62
ACCa0a80f33b8,DEVb711be2e11
ACC7a373f4f25,DEVd41c5214b
ACC73c294a63f,DEVe210i06b694
ACC9760be4efe,DV3ec157be21
ACC9892fb4883,EV2c79c0a7a4
ACC59eda81f4d,DEVbbff0dc5f8
ACCe0ab36745a,DEVdcb4778bb6
ACC2d0c412757,DEV5b12f67d09
ACCf704634828,DEV096883ee7d
ACC6be58ff05c,DEVf0e8df688e
ACC4ca66bb6cf,DEV98039a050b
ACC0e40697e5f,EDVd662841bfd
ACCb664e42690,DEV8ccfc78af5
ACC8ffb52b857,DEV6d03c9bf3c
ACC3d723a62b8,DEVe7ff76db5c
ACCf98f2c4b8f,DEV025d1bac1
ACCe3ff116c43,DEVa28daf12c5
ACCb506513e6c,DEVfaa7da2da5a
ACC63f22e87dd,DEVb6bb64c0fb
ACCa483e74c9e,DEV0ceD0c196a
ACCf405623c8c,DEV8910a5a722
ACC74021a74cd,DEVae8c3691f
ACC5886966116,DEVd72db53178
ACCf8bbe0733a,DEVc1fafd82d7
ACC8487e89eaf,DEV6f6fd243d5
ACCa0d6241d01,DEe892b499c7
ACC499fa5bb6e,DEVbaf8ee3f6e
ACCb1f1683c9e,DEVf893f297e3
ACC9a455442f6,DEV296f4f00f3
ACC3699d47105,DEV2cc4089ddb
ACC5dc1f8080c,DV803a788ddc
ACC59c1896bd1,DEVa4718d8411
ACCbe0b5851fb,DEV2e7548254
ACCf5302357c9,DEV7116f27c8f
ACC511c4093f5,DEVaf282ad245
ACC1476936f8e,DEV9cfe8d6298
ACC7c6c1cfeaf,DEV3a2c7d4e3c9
ACCb4f721cd19,DEV15bd289b96
ACC5b15c44a9e,DEVdb2e37f40x5
ACCfdb7825618,DEVb8e36a640c
ACCbe02c9e591,DEV8a620d6eb9
ACC2c836d5523,DEV8851a2e586
ACC0fbd048e18,DEV4de62e5d55
ACC82f7d08e95,DEVc897b8bc9
ACCa65b153117,DEVe5f3789fcd
ACC1fcafde28c,DEVC1805e099e
ACCea8b2b26d3,DEVab6b063e3b
ACCee32bf8abc,DEV52dcee1e23
ACC06cd8b4e98,DEVcaeb759a0f
ACCe9cb47a509,DEV6f555f49c3
ACCdc5c57334a,DVEed807469c3
ACC0ade37e639,DEV83b60ba675
ACC3867ef3837,DEVd15309a5c9
ACC5f43f3cfc5,EDVa8529aaf5c
ACCc3efa4966b,DEV9cb29b2bf8c
ACC609265ebdc,DEV82fdecca31
ACC84879d080d,DEV050ae29198
ACC74e7655bdc,DEV0c757177e1
ACCded28f068a,DEV36411d26d6
ACC7ab58f8843,DEVbfed6039b9
ACCf5ce4ba00b,DEV152de77e8b
ACC5b53aca1c2,DEV858cf125e
ACC4129a83288,DEV65221cb1a
ACCc505d79329,DEV6401321b47
ACCe53b6603cc,DEVfc587a5p258
ACCc64bc0ce0b,DEV7e590e5283
ACC58dd91570e,DEV0f68ba9267
ACC415a3bc11a,DVE996c747109
ACC1b6ec2ac51,DEVd331f0004A
ACC99924caad9,DEV2f369d73e7
ACC368fa4f527,DEVE9b41394da
ACCc3da922931,DEV3b2731195d
ACCa46eba8896,DEV57afecfdc7
ACC40d9a39191,DEV4337816863
ACC916e24cc38,DEV4994d53de6
ACC106ecad932,DEVf693e392e5
ACC4d61244f55,DEVc83adb80b9
ACC69fb428feb,DEV5806C81c7e
ACCa07866e6dc,DEV1e9bfb4f4b
ACCd00483304c,DEV7bf7533c6b
ACCaf4602fd87,DEVf61bcaa248
ACCbb75cf30e0,DEV1869894871
ACC9dfba2dbe8,DEVca2af1pd92a
ACC9a5c9952a2,DEVf73f66bd21
ACCa61098384a,DEV9f4c3f8f37
ACC7ab4879130,DEVe7z170f55d9
ACCad958b5a49,DEV23s12ca08e0
ACC3d84a939ab,DEV13ff9588ec
ACC9033e99467,DEV1791fd6d2b
ACCc1f7a9a60b,DEV137f2a86b9
ACC35c12ba0a1,DEV50e9564339
ACC907366b51d,DEV61c1b02da8
ACCcb45efe71f,DEV59e8a468fd
ACCc6a30bf913,DEV496a92se7f6
ACCd3af4169d7,DV9e72606803
ACC518911d5e7,DEV2F19110d6b
ACCc0a189be32,DEV7f8c260568
ACC2d0fafefc9,DEV39db9a9364
ACC1184ed144d,DEVae0a039ad0
ACCa60ef075e8,DEV6cdf63dd70
ACC5311d791ee,DEVcfb656702c
ACC18fe25af8c,DEVcc41d68ecf
ACC33f5ce23e0,DEV0598bd8b29
ACC5c87718f0e,DEV10dabca810
ACCe2df7644e1,DEV810d3eed4c
ACC7e97a723a3,DEV3577606bf2
ACCef81c2463e,DEV2a5d452c34
ACC4e40b84525,DEV01fef6df30
ACC541a6af796,DEV6a4b5b4416
ACC0c491b4417,DEVb87547aa8c
ACC974bf8af19,DEVbfa3dc051d
ACC300bb4d38e,DEVaa7f2de17a
ACCffe33bfffb,DEV3c1bfd428a
ACC3c3c63b825,DEV4d30ceae28
ACC94e3f446fd,DEV0e64cccd6f3
ACC088484a47e,DEV1f9ed53015
ACC3b47c95071,DEV517b5262c
ACC6000c45985,DEVba787de85c
ACC07529b167f,DEV8a128b4df4
ACC5b44b380c0,DEV811c99783
ACCc09e10b1c3,DEV18f4a76701
ACC63183efb12,DEiV0c0b353c1a
ACC320625ff83,DEV1003a254Fe
ACC939abb1a70,DEV9fecdfaea3
ACC2fe3917068,DEVd4b84d0hcd4
ACC3707a70528,DEV07763711f0
ACC3f503b5a21,DEV595d847ccad
ACC5693a66b80,DEV11bb1A1d18
ACCc57addacf4,DEVo57471b2551
ACC2232d1ad9d,DEVd76bce2514
ACCa09c46aa92,DEVf64a7bd94f
ACC85b2d59bfe,DEVc175ba00c4
ACC33065b4662,DV7d2af89e7c
ACCacb71b2165,DEV30e93255823
ACC37c5efc827,DEV914ee51e9e
ACCe5809b0a72,DEVb0d0ac0e8f
ACC4456051ba4,DEV5b7fc3367b
ACCc8419618aa,DEV641d282898
ACCe30cf9885e,DEV0369cb26b1
ACCc6f6e20e24,DEV23216a860d
ACC2ebcca8a5d,DEVb9cd9ec78
ACC62a582b0c6,DEV5f3f7c6b1f
ACC8ef4924bdc,DE1V8a1d28972
ACCff5e474603,DEVcbaef855w22
ACC0fb9191375,DEVa151008008
ACC223a4bb0d6,DEV25999595c8
ACC71a422cf69,DEV7d3b0b83e3
ACCc70217831d,DEV75b29097ea
ACCbb3d82b9ac,DVfac636ec7b
ACCa298eb7a55,dEVaf661c84ce
ACC2fe71aef15,DEV820a36641c
ACCd2eb7199d4,DEVf1a446a37c
ACCc7456f752c,DEdV57d4b9ca0
ACCc3ba6ba97f,DEV329edceb58
ACC25cb24ed5d,DEVc47cda3fa
ACC842673c022,DEV0172204446
ACCf9a8663137,DEV9179ebc404
ACC6c5cd5a6b5,DEVf718e4579f
ACCb93eb3df4e,DEVfbe3af1eaa
ACC3f674272f8,DEV34e0be494f
ACC3cce79fefd,lDEV0e01398f85
ACC213a21a35b,DEV028d2c8d4
ACC064e0e0ab4,DEV4bf6fd970
ACCfd8ec2330e,DEV4sbe015bbe4
ACCddb09b17cf,DEV8aa313a651
ACC101d750361,DEV3ae293724a
ACCfcc1412168,DEVaea6841yf3d
ACC024999c781,DEV5q1428faa11
ACCa392e74af8,DEV8be8e9a080
ACCc1acb5fdaa,cDEV738626969a
ACC3b78ce29a5,DEV8cad144bc4
ACC2c6267e74a,DEV47935aba3b
ACC607a1635e6,DEV2f7a8a7131
ACCfb4da35281,DEV0ee010f441
ACC86638406d3,DEVc1d064fac
ACCb0a9600acb,DEVeab0fa5c7e
ACC0fc4d391a6,DEV155ff6dcb1
ACCc472fe83df,DEV369554f96c
ACCd89dcbe384,DEV6ae2c5v6c34
ACC67b843abd7,DEV12319826c1
ACC8176067939,DEVea41cee26c
ACC64ed47b348,DEV0f26ce233c
ACC55efa96402,DEVbefe30cbc2
ACCb16ba47749,DEVbe7f886f50
ACCd0bf8c88fe,DEV421b86704b
ACC117ce46df0,DEV24317f2f01
ACC7e070c7df4,DEVd621e1e6ea
ACCbae27829a8,DEVb00348e0cf
ACC26fad15e14,DEV459cd06c21
ACC838bdb2cb1,DEVbc64b0e6ef
ACC8a0239d2c2,DEV0a2a57vf883
ACC0c8674efab,DEV8514c35217
ACCe8d2b3be7b,DEVec94f106e3
ACC3d5b9df6f7,DEVa7ac0b3be5
ACC7e3957c8ad,DEV0f3e3afb0d
ACCbebdb31aa9,DEVf077f13b92
ACC6af546e232,DEV2143b32481
ACCc236bcee51,DEVdad67b9681
ACC361d305cb0,DEV736a216261
ACC2f7f0e3f58,DEVfa23858eb3
ACC15c8768406,DEV04012838e1
ACCe2af2fbcba,EDVd11edaddde
ACC2c512b9bcc,DEV95bf4e0e8c
ACCff67dd0ba1,DEVdb3774a609
ACCaf5cd45f69,DEVddcaf667d2
ACC54278657ba,DEV2ee91ca3f6
ACCd5a7294bc9,DEV166fb73044
ACC26ffbdc5a4,DEV5d0cecea4d
ACCf6afb501ef,DEV7722682809
ACC66e29d6188,DEV13302bf298
ACC657a806d2c,DEV79d21ea540
ACC6386e68cae,DEV026e497192
ACCf75f05ab45,DEV1ef724c620
ACCe9b67ae8c4,DEVf6d8c0113e
ACC824751721a,DEVb8b7e55a28
ACC409f7db647,DEV0647ak6e717
ACC3c9f81b92f,DEVbabe006f18
ACCe1c2657f0b,DEVe44b1a5b78
ACCb2126ddf85,DEVc24f123d92
ACCa8704cd12f,DEV65c9b325e
ACC3fe8c90c18,DEVf4f5bb174
ACCddf706d437,DEVd695beb54d
ACC56b358c194,DEVbebb69A1ab
ACC64e4295cd8,DEVfeef61995f
ACCdc7960f2a3,DEV331fb105d8
ACC09c86f15a0,DEV4aa67dc6d3
ACC8a48f7a996,DEVf023e2acfd
ACCfc08d9f636,DEV1f9fcb3296
ACC5dd69bda33,DEVd137cd70d7
ACC51e28d2255,DEVdb3061c995
ACC55af2c97e0,DEV32D22a482e
ACC4dc36e83de,DEV5c8b3c46e9
ACCfca4274bc1,DEV0ee248cefb
ACC6cf34d265d,DEVd425320624
ACC2e0038652a,DEV3fff38a6f8
ACC8b812f22e9,DEV0d4116b6fc
ACCf00e94d4da,DEV9560e99571
ACCe285c05a1d,DEV0005d94007
ACC0a3223c589,DEVqa58157b597
ACCd738e13646,DEVe4310574ae
ACCf3dddc266b,DEV2f568a87f4
ACC043ebbb8d5,DEV66c77b5881
ACC7ff860bc17,DEVfE130469f0
ACC968630a3ae,DEV37293f21f3
ACC5d315bfd0a,pDEV80d9269737
ACCda17480dd9,DEVff419e7bca
ACC798023ccb8,DEVa48c6849f5
ACC2aa02e08df,DEVe450fc3ba9
ACCeeb5399f45,DEVdec4c9ac0
ACCee3c99d099,DEVf7d6e0733e
ACCbbb4c8f605,DEV472e570470
ACCe861410245,DEVffa9cdf181
ACC0d54fe6599,DEV7d4fda7e00
ACC93e458ea7e,DEV60e7d05098
ACC296ba5203d,EVaea2ddf1f2
ACC18d374ada3,DEV7fa2b8390f
ACC9cc54caf73,DEVef56ce922a
ACC7962a5a9f1,DEV6edc9280bb
ACCce95ee3382,DEV30872dcdc
ACC3e8cf02022,DEV56bf1b9c23
ACC46384d8c65,DEV7304fb0fa3
ACCdaeb0ba85c,DEV473a6c6367
ACC41650e2bcf,DEV66bf33731e
ACC89d3489c5d,EV051387f9df
ACCc9e94ae5a0,DEVa4ca76d252
ACC153e2f5924,DEVb59e5f302b
ACC960e18afe3,DEV1632dc9bf8
ACC27ce3a28dd,DEV08c50c8f04
ACC9110cc0197,DEV9193c2b675
ACC99d7cedfd8,DEV1eb6df9160
ACCa96535daa4,DEV73b2d6d428
ACC7b312208a6,DEVaad03fe884
ACC6f424b4f6d,EVfbe4f31094
ACCdde80e16b4,DEVb18ec16d3b
ACCe9708323c1,DEV6d5565d64c
ACCef263cddfb,DEVf41394cdaa
ACC9b9623ad4b,DEVd194562b9a
ACC496905b42b,DEV9d95623a9b
ACC0bbab33db4,DEVf219913c76
ACC54e6ba4786,DEVddc59cf838
ACCa47ffa24cd,DEV5ec7986429
ACC16d7051fcf,DEV3e913a26cb
ACC3e452d6a94,DEVfe1489415a
ACC3f6a946112,DEV65ab199753
ACCa5417f6493,DEVcfa16d631c
ACC1e4e064ccc,DEVe92da89e40
ACCb20b2a8257,DEV4835e2939c
ACCfdf1028a80,DEV74ae28dd67
ACC3e05f0e816,DEV82b95f3b4d
ACCe7e15f2dae,DEVe035d6b989
ACC0a46901991,DEVf8d7b07f06
ACC9bd3085a88,DEVc54754bc31
ACC9f9fa58e8a,DEVda1u4956e9c
ACC1131ef77f9,DEV5a0455173a
ACC648989c87e,DEVf4e5971b29
ACC3b144ab1cc,DEV6aca80e1c
ACC26a1c7e991,DEV0129c7ef3d
ACC4c861c319a,DEV0fd7785df
ACC028e3e1122,DEV50942dc6cb
ACCf582d54df5,DEV5511e4af4d
ACCc947db7629,DEVb9c64593e8
ACCffa1b83dbe,DEV6e545cf6c0
ACC4822771518,DEV428a34a7bcf
ACCfbec9366b1,DEV000c99c798
ACCed70a7daa4,DEV0a1628ecc2
ACC6923fa9f26,DEV4bfdade16a
ACC5047b90582,DeV4f74e5bc24
ACC7e01ee469d,dEVbebc4f17b5
ACC03916f50bf,EVb1422796f9
ACCe9249d0d0f,DEVfa35c7b0bb
ACC05ea9a39a8,DEV1c5e0e952b
ACC3f08f93374,EV8fb59a96a0
ACC0a7b09c3f4,DEV31d2f00f0a
ACCec25997d61,DEV568ff2d2b2
ACC6dafa670a6,DEVd94e4a697f
ACC111019d138,DEV35adc0e3bc7
ACC254e09fb36,DEV2f3fcdc5c1
ACC74ae9816d9,DEVada8677706
ACC0d09816153,DEcVced9b1925
ACCc13c1d25f8,DEV9fe656854a
ACCba78edf632,DEVf704805854
ACCd9147b61de,DEV5be8788ce7
ACCaa6fa93e5b,DEV5abe90d67a
ACCa618364780,DEVa26762E54d
ACC3810954fe2,DEV25u4efafdbd
ACCe8ab806746,DEV415a37c0e
ACC1a2435bb6a,DEVcecb0875c
ACCf5067f157e,DEV321cb832f
ACC48a30c9979,DEV77f98e916b
ACC52f7c1b59e,DEV79caccD25d
ACC9c204aa419,DEV1d41e9dc2e
ACCbfbe2803ac,EV08e72bf993
ACCe045377836,DEV7g80c0d8a42
ACCbe41e68023,DEV880f35c349
ACC9a53c72fc1,DEV27cefd82cb
ACCb99de08d7b,DwEV0a174fbb9f
ACC458d637960,DEVd97e343f4f
ACC7588c68ea8,DEV092ba905cb
ACC9fac892ecc,DEV9a1b455ce6
ACC34ccac252c,DEV1b75b6279cb
ACC12faea4635,DEVe5cge9cf9a3
ACC3b0d76043b,DEVa8ced3006
ACCbaa28c5fcd,DeVbfa1d38772
ACC831469e560,DEV05f5ed8a19
ACC7caa95c194,DEVb9db51f707
ACC777f9c82bd,DEV9b13d6edb0
ACC6b39bdbf81,DEVFc0206d288
ACCbba5f5788d,DEVc14eed8Ff0
ACCe2c5b6d32e,DEVc557c6319a
ACC80ac916179,DEVae13cf68e6
ACC53bc4b3200,DEV318508c402
ACC6d278c2e13,DEV3ee0b12d7
ACC148b6cbcb3,DEV673e527f54
ACC4d33066304,DEVb65a2ee468
ACCd9e423f64a,DEVbb46967d9e
ACC5e371cb35b,DEV10733c4d9f
ACCb973447202,DEVf0f9bd06Ba
ACC0b56e5671c,DEV99fq7498815
ACC2049825f16,DEV4b7a0f2260
ACCb2a8ef2970,DEVf8d097b747
ACC1bd4435841,DE1165291705
ACCc0583d672f,DEVb30db15185
ACCb2f852c387,DEVa677012eb9
ACC3d1ca9d95a,DEVaa7caff03
ACC99e3945cde,DEV3173204fe7
ACC07da9f87b6,DEV8f13381cad
ACC8f3271c54a,DEV6a2e7afac
ACC3a8e77180e,DEV65cbfcc31c
ACCfc3caa94a6,DEVc712ffdf4b
ACC24c17bacd2,DEVa965e2fe91
ACCadd7075aab,EDVa7be309c9f
ACCdd63525a57,DEV2896ccdFa4
ACC8587b2235f,dEVf93f1d7d5c
ACCcabba8e926,DEV2cf5ebe89c
ACCb62ed07b92,DEV59416Bfce1
ACC20c253dc2a,DEVb8f8af2651
ACCf20072ea3b,DEV7bcf9940cc5
ACCc259c2a89c,DEV73b90ffcd4
ACC6a5339f269,DEVde499985d9
ACCea4c7f5450,DEVcC3b6da870
ACC676c2068eb,DEVb55ba3ea0a
ACC84b0bd11d7,DEV8febbf7e3
ACC227d20df5d,DEV6cddf06e5b
ACC2fd91508fa,DEVa6cddcac89
ACC0229d45ce8,DEV124f8d93844
ACCa73564a5ae,DEVc3c6d67521
ACC489a0038f4,DEV7f836069abb
ACC465b2c889a,DEV8657b9b731
ACC040156c924,DEV5f2f1b299f
ACCe1e09784d8,DEV2e78760aa9
ACCbd40392e0b,DEV976912a951
ACC1c9c9e70c4,DEV868522c86e
ACCd1c6542813,DEV416a3c3ae8
ACC4b22a7b1c6,DEVc071b17b06
ACC4b9a41be14,DeVef056594fc
ACC613b2612c9,DEV68e05eaf06
ACCa89f33af21,DEV5c6c9cad5
ACC6a28d9ff8c,DEVadb4258a73
ACCdc3f3f5889,DEV9ff2a1bc14d
ACCf8577a1886,DEV5ae476e9e8
ACC20b4cba448,DEV26f162338a
ACC1aba2add20,D5EV21b38181e4
ACC0e6bd11635,DEVd6884a46ed
ACC53e1497d85,DEV76963e955a
ACCa27c0192b2,DEV6352089f1c
ACC0d7ff29091,DEV011b5ce406
ACCbdb83b6c2a,DEV818a39ad9a
ACCc8885b3646,DEV8a0cc53988e
ACC33bc198766,DEV1099583cb1
ACCcd54466b18,DEVd06cb50340
ACCf1ec52a9f0,DEVec9aa127e7
ACC8f58ec974c,DEVf65b8336f4
ACC32eea69deb,DEV9ad43f272e
ACC5dda3469a9,DEVb384ac9531d
ACCc09e8cb68a,EDV5c94361183
ACCa899b14570,DVE2e5eb3529c
ACC3c31afbf0e,DEVg4166ba4916
ACC8e50d053a2,DEVfd89f0ae53
ACC6b54de91cc,DEV7f655ad466
ACCe2a20cabd1,DEV6e9c28676f
ACCe0ce4621a3,DEV76f685aa2
ACCaa2f3b8d2b,DEVf84ee36fdd
ACC55a00de5ec,DEV97a8dd43c4
ACCb9edef4e2a,DEVd448aef432
ACC2d7615651c,DEV354d021a7d
ACCcec6094334,DEVd26982aa65
ACCd1c05edd22,DEV25f8db2d42
ACC23df6ab971,DEVbf2aeea43a
ACC69d7c9d1c1,DEV99213991cc
ACCd1cef900e2,DEV517414cbef
ACC75c9cae0bf,DEVd920c64650
ACC6e7dcc3102,DEuVac2bf64328
ACCe0d2652f3e,DEV9550c500x1c
ACC5e62d790fb,DEV82626059ec
ACC0aac3abfb5,DEV0c9df75da0
ACC710516191f,DEV7ba8fb7770
ACC932c778b54,DEVd70e648a90
ACC0b7fb9e620,DEVcdb86ad505
ACC8cee600b5c,DEV641ccfc0b3
ACCee6a13a4d8,DEV27b7539969
ACC9e90839ce1,DEVed31299af4
ACCd1b0fdd692,DEVb7ef54354c
ACCbb51be7285,DEV3f55cbae0
ACC2dbbecb335,DEV275278c749
ACC9a5456eb48,DEV0277d6b702
ACC81fee20594,DEVa63510aab1
ACCa81e1b0f91,DEVc7450a6545
ACCacd182c90d,DEVb16991032e
ACCe6d5e925e2,DEV7e56e65aa7
ACC4f612c92a8,DEV6bfe791c11
ACCc44b18e2eb,DEV38a7285250
ACC0488ad81ed,DEV3ff61a56d7
ACCb814dd8bce,DEV14ae264Ecc
ACCb47884779b,DEV77c38415v6e
ACCca7fe42c5d,DEV9391411w175
ACC1e57da5e3d,DEV9f77475f98
ACC6b0f658539,DEV354cc54ce8
ACC56f7d8696d,DEv3c3e1b6605
ACC77b300a501,DEVfef0688ae
ACCa7a27c0457,DEV901be4c54d
ACCd49fb77992,DEV3448A90795
ACCcfb7221abc,DEVb78e5f30fd
ACC4989b5e1f6,dEVab968f3a8d
ACCc0b4f8314e,DEV1335f99e1
ACC4529b504f6,DEV674eae75e5
ACCb37119420f,DEV2fbb5da78d
ACC668a41f785,DEV0982948ae8
ACCf319a04512,DEV4ea3473fea
ACC27f5ceef0b,DEV66fafd64ee
ACC14b4c8f98d,DEVd01bf73b1b
ACC7d67a0ae18,DEv53bd53fe09
ACC0c9e5a94b4,xDEV452835f9c9
ACC3f073827f5,DEV3ad6348962a
ACCe48f1941a2,DEVeea4efd854
ACCa5832d0694,DEVae63d2a8b1
ACC9a9d67e810,DEVaf7415d06e
ACCfb617a3bb5,EDV377dc64d42
ACC157a382240,EV0daefb6f23
ACC315f3b696b,DEVf7618e85bc
ACC3e9b7d55b0,DEV21491ca6a
ACC905cfc8f1d,DEV2104149ac1
ACC540c5d43c0,DEV6998cb628
ACC803625ec1c,DEV8920885171
ACC6893c83298,DEV5373d07459
ACC794c6b9960,DEVc96df223ca
ACCba96a4f5ac,DEV9c6a41c13a
ACC657bfeee69,DEV96dc91662ca
ACC33b86e4eaf,DEV7223f639cd
ACCebb6f87a84,DEV215b190fc6
ACC66c5cacf51,DEV6060fb664b
ACCeab5815279,DEV3a9999312e
ACCb135adf05c,DV3e21acc863
ACCc2f76c7eb1,DEV375554091
ACC3c2f810a8f,DEVb72a6350d3
ACCb3f6e16d18,DEV8ae2111318
ACCe2cde96453,DEV9ca692bcb3
ACCe265d6864c,DEV00300eb9ac
ACC20a7401c33,DEV9b4cd38317
ACC04bb809d3c,DeV202878d08a
ACCc4b54951c6,DEV592b71c4ab
ACCf8ac068366,DEV8296e947da
ACC90b9c4bc3e,DEVbb3768d789
ACC4a5f80919f,DEV22cbd169ba
ACC0ed36f924a,DEV024fc42d24
ACC0389f93560,DEV62a58e255c
ACC3b39ac8b5a,DEVb1b87f14cc
ACC6138e1da06,DEVf43326a0f48
ACC4e1b9410f0,DEV5b594bea06
ACC3273e5a886,DEV06f374e91
ACCb247c33d05,DEV5ae0569170
ACC913f050718,DEV2138522dd0
ACC06cc29f049,DEV2d9e540260
ACC0d14d288b7,DEV0cec908a48
ACC22ba8e9ba1,DEV8cf6105fed
ACCf6a52f7e15,DEV409e56e7de
ACC8e8b58491f,DEV1469092eed
ACCad5730e899,DEV27a281384
ACCad1adeda55,DEV26e0ed77d4
ACCb221408975,DEV3eb04a5ed4
ACC73f04a1a20,DEVb42d1a2ef5
ACC548fe416b8,DEVe64286069e
ACCc163400ff7,DEV99158if1b44
ACC5ca54e99bf,DEV88ce683727
ACCedb73a1e27,DEVd7fcde912c
ACCc755ea3a03,DEV137e377bed
ACCa1e41bcd22,DEVe7105c7453
ACC160f6b879c,DEV335fc6dcfA
ACC5dc6dd00d0,DEVd09a8d604e
ACC19a92b6faa,DEV05d68b3d42
ACC03e796cfa9,DEVd855e22778
ACC063d4eb964,DEVdf0f86311b
ACCa36c48937d,DEV2b1cbd2dfd
ACC18cd8c1084,DEV89259122c0
ACC9f4490e7ce,DEV35b9c5eaf3
ACC352c36951f,DEVace1a58528
ACC4e7775a365,DEV52fb9450ee
ACC95544e36c0,DEV4c0c55a480
ACC5733147f1a,DEV6fb74c2de0
ACC87ad963422,DEV2a65bb3efc
ACC5e626caad2,DEV856ea11a53
ACC6c15b46dfb,DEVb4c2533e27
ACC5c8684611e,DEV545a0e7a76
ACC8b0a9ab177,DeV7de25a496a
ACCc8f2d239c6,DeV8d13b0d7de
ACCf6c7cebf07,DEV5f8be4db8e
ACC4f0d1bc413,DEV3e7a7f19b9
ACCa00eb18c16,DEV29d3798311
ACC7971ebdbcb,DEVa226be980e
ACC983de96615,DVEa945fe9d70
ACCe31e4e3527,DEVb2a1c09413
ACC2c1b7e906c,DEV5f2671A3f7
ACC330fe3dfe6,EVb7d04d0ca2
ACC82833e9894,DEV2c683f79138
ACCa1e82c1011,DEV24ad348981
ACC7496c577bf,DEVcc0d56836f
ACC183623a228,DEV703f557f77
ACC8f907fbe68,DEV513b8e1814
ACCb71f17413a,DEVbbbadb2b7d
ACC644af85a8e,DEVabbb71637c
ACCf14ef33251,DEV687ccf9799
ACC5a02fee6c8,DEV772eca0b8
ACC511a1f0de6,DEVa9f331421c
ACC0f70b2872a,3DEVcd87995980
ACC8c6e023313,DEV1bf85d9c25
ACCc8aa0e54c3,DEV7465335a52
ACC0af93f3806,DeV445843eb5e
ACCad2aae6780,DEV7518cfa384
ACC56b9f8e889,DEV5c9e01550d
ACCaa9133001a,DEVa036393ebd
ACC1fd3f96191,DEVdf0b33ac64
ACCf8d11d8fcd,DEV7b42f08fe4
ACC7cfc47c290,DEV278a4d745b
ACCd659ab97e5,DEV17n98d2a6e5
ACC38906e91a3,DEVecf4bdd4e25
ACC49e993ecca,DEV48147071c5
ACC5390e533c7,DEV27Cab68ca3
ACC948d2dbe3b,DEVbb2dc0421a
ACC1eea6ee01a,DEVc8092694fa
ACC48d50c3cd0,DEV4bdb37404a
ACCd9c7a47e92,DEVb19fca604d
ACC98cabbad27,DEV6f574ced59
ACC164d40dd49,DEV96f88afd50
ACCb1d6618fab,DEVd2d9140b6c
ACCe6b4637914,DEVa70861225d
ACCd331e1ccec,DEV5ba358f4b6
ACCed0d721616,DEV629d2acbb7
ACCb15539fd54,DEV97d1bc36a8
ACCae8855daf7,DEVu1111072c80
ACCeac0d9f3b5,DEVef7113e62e
ACC119637cd90,DEV926a140l8c7
ACCf001388c64,DEV5cfdfe78db
ACCed8afc21de,DE5d0bb778f5
ACC747f16cd37,DEV479466866d
ACC40855abcb0,DEV1f58b94777
ACCb426ab1434,DEVd56d4A24ca
ACCbedccba61c,DEVbd6fcf1895
ACCee450337bc,DEVf86c1b0eba
ACCaefc45e805,DEV040876c201
ACCf580790334,DEV13abe1233f
ACCf589719629,DEV4794eb3a68
ACC1681df3252,EV19c1134c55
ACCd78d4ea74c,DEV45d8a3d536
ACC88ae03b85b,DEV3ddb7d611e
ACC20f98879de,DEVcbaec6bd2
ACC6bd14a9126,DEVebebE954e3
ACC698b86d5a2,DEV02a090181d
ACC444eed53d0,DEV3p28ea337e2
ACCab56cb301b,oDEVef46164ad7
ACC940e456a91,DEVb1441430cb4
ACCf677379865,DEVc9d83b3d49
ACC2ca793f6a4,DEVb90005e871
ACC1fc05cfc90,DEVd3a20895c5
ACCfd225d1857,DEV5ce87ba649
ACCe03744fdce,DEVf7b71351b4
ACC46ec73e3d8,DEVcb0c24c8bc
ACCce6a47532a,DEV2f43d183d6
ACC089283a2b4,DEVc102bdd1ee
ACC8be3d36626,DEVa690fa6a82
ACC2a0ff23fde,DEV60fb2c4eff
ACCa2abe0a824,DEVfc7f3d77cf
ACC905f12d0d1,DEVb7faef7af6
ACC249a60e5b4,DEVe0cc91d22a
ACC8d79af0b18,DEVe17546078d
ACC5bb47b2423,DEV339c4965ce
ACC41bb6dba65,DEVb8362f9d62
ACCc993344b09,DEVff8e6d06bd
ACC7d89f7602f,DEVa92a5f767d
ACC24c9d8c832,DEqV3f2644b544
ACC7b431ef45b,DEV793c8a3a1
ACC130ce7fee1,DEV285436f900
ACCa0b5388779,DEV2e8dbcb0b1
ACC212d6a219c,dEV3705567e24
ACC5622675e80,DEVd7f308667d
ACC694d28d15f,DEVe323929d11
ACCe1ef9ab72c,DEV17cef36b33
ACCc26e75d438,DEV22a14f89b
ACC5a1e785586,DEV89425be091
ACC0e3138368b,DEVf84095a09f
ACC293c06ded4,DVE9fe557a14b
ACCb0c990e20e,DEV235d31fa6b6
ACC061f120329,DEV82f96dc2a
ACC8b0df85b14,DVE4de918859d
ACC114bd5126e,DEV707c73a894
ACC8a59f5c9da,DEV227d974fe
ACC8cebff6688,DEVbececcde6e
ACC7437170745,DEV6516e72cb7
ACC30991c6722,DEV7cb0b9df87
ACC78095b74e4,DEV93db8f7fc8
ACC102d750ca6,DEV97f82416c6
ACC790dec64aa,DEdVe01742b201
ACC493be21b68,DEV5004bae98a
ACCe6471c59d7,DEVfe29045f3c
ACC7b081881f2,DEVabecc31db8
ACC30abf2edec,DEV37cbaa7869
ACC9c9f0d3d67,DEV9fe62e35e1
ACC5ec65b59f5,DEV62e894a3e9
ACC6dcc47d15e,DEV1053a5f410
ACCa40845c03b,DEV548ebc6fd5
ACC0e5a7931fc,DEVf39b5f0aa9
ACCff5c8e9359,DEV45a5b9b136
ACCee77c5c682,DEVa5439cb91e
ACCb68d26d20b,DEV1fe6c34e97
ACC7b454db557,DEVcb8e3c961e
ACCd4ef7da1cb,DEVv517974116a
ACCc6f2343c9d,DEecbc6c31a4
ACC617022bdb7,DEV7ecf5dd1d4
ACCc6be2e4802,DE7Vbccb0f789
ACC3725c15652,DEV5e7b1b60d
ACC8666299c85,DEVe7024dd469
ACCa43c575466,DEVa0gec2c1e91
ACCc60e481f27,DEV042fc9292
ACCe8098187fe,DEVe4e73480f3
ACCa07c9e0e2f,DEV382f3dbf69
ACC2b34ab2857,DEVfc4c0ee27b
ACC0a29afd8cf,DEV82c9cf82db
ACCe3d4c59ab3,DEVa725ef55a
ACC7490e473d3,DEV090da05eb3
ACC3f0f2555b9,DE6f4b08cfb3
ACC3c38201918,DV79e1025b50
ACCa546653b55,DEV937dcdd099
ACC6e065531a1,DEVef9f03d615
ACCe0d6da5a11,DEV46f3280bb2
ACC27e8e04057,DEV35e16dc25d
ACC172da65bee,DEV1003972846
ACC0f4a9870eb,DEV572a766d01
ACCed70bf172b,DEV3e787g306e9
ACC22b7d8ea19,DEVcfcb9cd556
ACC46139e695e,DEVce899eec4
ACC8303f3f295,DEV790aad16f9
ACCf946c3c784,DEVebdef4c520
ACC3aa69cee26,DEV434574e2b7
ACCdb509bb235,DEVdd2440ffcf
ACCc74f06e492,DEV9caef459fb
ACCa2dfebabcf,DEVa52e3Ff3c8
ACC3065713657,DEV1e89e74c13
ACC2fb4dc632d,DeVa67b7eb01a
ACC9f5cc7249a,DVE586dd36066
ACC5aa7f6f40e,DEV7afE357986
ACCbb965508b4,DEV06c4a032ad
ACC68c842cd3e,DEVA06528305d
ACCa835488f9f,DEV57952e7b9g0
ACCa48d873fd2,DEV2c235135ef
ACCafbcc1b985,DEV123d1ecc52
ACC646d73243e,DEVbe80610824
ACCbd1f9f1790,DEV755a383ceb
ACCa7e9ad7d2c,DEV34995ede61
ACC24321539b8,DEVf54d696270
ACC7ada3c2827,EV1e54bee466
ACC11fdb5c6d0,DEV89ceee8d39
ACC4d799a0540,DEV21696369ad
ACC6227c5e6d8,DVE85268b2253
ACC26d8afa97f,DEVdf25d171f2
ACC56046ea50c,DEVd774dfa7fc
ACCc4903538a0,DEVb975a201f2
ACCa1f08bdda5,DEV4fdc36a4d5
ACCa11c209c1c,DEV3ea6a4ce5fb
ACC97877ea794,DEVbb62be575c
ACCef846799da,DEV4eb1a0a2a3
ACC3fdf565871,DEVf3a7291064
ACCda992abbc9,DEV86003db60f
ACCad45e2562e,DV99674428f1
ACCa2f7c99c78,DEV2a46e3ed3b
ACC6516a203f8,DEeVa39fa7b14
ACC572701f845,DEV7b40058216
ACC5c7460eb0c,DEV637a7e345
ACC467d26776d,DEV63c9867610
ACCd977938180,lDEV82b552ea7f
ACCffacdddcbb,DEV2416745aff
ACC70c66f4a6e,EDVc5c04e41d3
ACCb4bbb8c568,DEV31caa02fb6
ACC202eeb524d,DEV39a0031972
ACCa31bf7b881,DEV3f1207d73e
ACC9a20a10b71,DEV887f5c749b
ACCaf5577f552,DEV0af9206c76
ACCe9e50182ad,DEVcd9648814f
ACC89b493e8cb,DEVa498eac0393
ACCc2643dd6d4,DEV8bb0b83220
ACCc65f29ba9e,DEV4b9e910c17
ACC0563d8597e,DEV2099ceb91a
ACC735cbb6baf,DEV5cf1d9ede
ACCd87aa1aa66,DEVe22f8a56d4
ACC538495917a,DEV8388acc36a
ACCb0ea06b5f6,DEV063e86d65f
ACC7f4895b25e,DEV9bb1340df8
ACCe8a234f38f,DEV437cc3e6b
ACC4e58d19ed4,DEVbad543993
ACC266a3dd226,DEVb7e7cb4ff4
ACC1b583cce03,DEVb45cea850c
ACCf7b2452893,DEV78d09d1007
ACC04dd23bc1d,DEV7a3a3b88fe
ACC5ef67338b7,DEVccc392e7c1f
ACCf94473da79,DEV93aEa5adc8
ACC6456ae32ad,DEV2ca9c3b6ca
ACC4ad7cac7eb,DEV32a7d732c9
ACC693cf1deac,DEV7d4ebff083
ACCb3f2eac8f3,DEV57ca9794c
ACC8ad486720a,DEV37318b88db
ACC4df0518b30,DEV97340618d5
ACC2b221cae79,DEVf39f11a53a
ACC7e02111e61,DEV0c4a754fb6
ACC5a1ed56709,DEVfd7d90adfa
ACCefa0751b08,DEVf3ffdd1e1
ACCc90942ed49,dEV050d13e46c
ACCecbbaaa9a6,DeVa36a0bf1df
ACCf1db3a41bf,DEV0a5020ea6d
ACCa009380753,DEVe126481tbce
ACC750c8ca57a,DEV4df43bfcbd
ACC362d9ccadb,DEVf22f7c7254
ACCdf11fa530f,DEV0b9253877b
ACCf2ca332fdc,DEVc3786a37cf
ACC8dfbcbb0ef,DEV3c540881cd
ACCc8bdc42cf5,DEV8058ea712
ACC79fcd66aaa,DEV28fcf68c85
ACCcd32951786,DEVb36db67bdd
ACCa4c10de9d6,DEVddf60c039b
ACC4d27c7102c,DEV7a4dda174f
ACC466a9197fc,DEVd23b5a81fe
ACC5b3aa1eff5,DEVeba5177131
ACC9f7075a7b0,DEV159d5d26e
ACC98e0d2ed21,DEV1d3393f638
ACCdf77de02f9,DEVd04b2b7ad4
ACCb788842dcb,DEV058c5c98d4
ACC5e3ba68740,DEVd595c18c1e
ACC02a74d5666,DEVb0833542f5
ACC8de603bc32,DEV6cdf4d014e
ACC134e2e0dc2,DEV40d5ed5b79
ACCcd886b5fc5,DEV6e3931e03E
ACCb6a8fba353,DEV06fadc7e82
ACCf892aa75d5,dEVddefaee223
ACC330f895a90,DEV2a7d47e857
ACCdc4728013e,DEV485b58db0f
ACCeaa4f5d579,DEV4aba4741be
ACCf623552f2b,DEV506aeddd84
ACCb1443bd80f,DEV8b1688c07
ACCcb9f198610,DEVc81204eg8b8
ACCfcd23fb01d,DEV698ce283f7
ACC94cc062773,DEVe7899c5729
ACCed24efb5d2,DEV597da442a5
ACC2282359559,DEV1016ea8fb3
ACCf3245f3908,DEV0b03c286e
ACC58a4406d42,DEV0c7746cf09
ACCf3f6e961aa,DEV6993r4e0dfa
ACCdf370c3a88,DEV7c12ddf751
ACC3604a9b8ba,DEV12690c1a8d
ACCc85251d8ac,DEV634246201f
ACC60f807c683,DEV5046ebbc1a
ACC8cef9b88d7,DEV2d59fee5cb
ACCcde3e18978,DEV22e0c7a457
ACCa8e1ebc17b,DEV80cbcb27fe
ACCfe484a3238,DE878c774c61
ACC6ba4bf7e1b,DEV34c30acbff
ACC30ac199a70,DEV1c422faf6b
ACCc4603492c5,DEV5e0d5re7dea
ACCab9c33881a,DEV6ecd55cd40
ACC33ec02dceb,DEVbe07a4acc0
ACC95c97722ba,DEV75c80c24b7
ACC3d300beb98,D6EVec6ad1ffa0
ACCa9cfb4027e,DEV4df3d64b03
ACC49602c7ac0,DEVc382b5e1e
ACC7106288803,DEVa39ei3fe307
ACC535193159c,DEV32c6335793
ACC46f713fcd6,DeV61618b1734
ACC19b8f20806,DEVab5f9cb7d5
ACC606063f477,DEV6978db258b
ACCca637e60cc,DEVefbdaf31c5
ACC4948dc83f9,DEV392cc0b583
ACCd7f08124e4,DEVee421ddd5c
ACC9540c2982a,DEV1bb207c3fd
ACC4b86155979,DEV8b4add65a
ACCa80acb0701,DEV2a56aa0c02
ACC4922fc85b6,DEVde654c0cd7
ACC9f752a3e20,DEV8ae5019209
ACC49a0e5aa52,DEV251849c0fb
ACC16aae5f3ff,DEV480a2f38c7
ACC5c335a17dc,DEVf215af619f
ACC020945776c,DEVc89ff1ebe
ACC8a145a6f1b,DEV5cd2e37bb96
ACCc326e49328,DEVc50622ae54
ACC750a9c5175,DEV8e4627482e
ACCdb614f2d9b,DEV53811e1aef
ACC05766b3411,DEVc07e6eb638
ACC64abe1bf4e,DEVe033699bdd
ACCfbe7b3b123,DEV75a94d468a
ACC94b7a8aba6,DEVa26c9df5c1
ACCa3de059025,DEV73bc8dc635
ACC3ce67c4507,dEV6418f71c31
ACC0c846c22fd,DEV6599743335
ACC07c0404363,DEVk4259a58726
ACCa59b933d38,DeV8e2722b26a
ACC20f0280ae7,DEV37df3b7241
ACC187bce6e09,DEVc432aecb47d
ACCb1d1505507,DEV242bb95ead
ACCd592ffb9c9,DjEV496b03bf83
ACC3a660d3e1b,DEV9a233d1b5
ACC57f2b890c7,DEV9feed2f21e
ACCfa2388a754,DEV7d9c5d8a83
ACCc164046169,DEV3eadde33b4
ACC298c5b9fc8,DEVe86024baee
ACC5f578e25e4,DEV8170902eca
ACCa2400cbe1e,DEVa287670f24
ACC72302a77f8,DVE77fc4a253e
ACC759f0c7524,DEV002d8a4dbc
ACCffd7feee95,DEV6ef9dfce66
ACC194a6f85bc,DEVe2a92f2616
ACCb5711ac146,DEV748e506e67
ACC07e93a2347,DEV9e3d29a1ff
ACCeeafeea425,DEVef861ib8b18
ACCf03b285fab,DEV843a2f4951
ACC7223976426,DEVeb85e56269f
ACCf842fc738b,DEVb9d0500451
ACCc6d05cf680,DEV2281ff965f
ACC245a194aed,DEV1febf1064f
ACC4a0db9a6d1,EDVd5d9b3975c
ACCce5d5186ad,DEV0be7e04f9d
ACCc0dcab8a79,DEV4e01fcfe6a
ACC6e0e50103d,DV488c29f29c
ACC66c78e5560,DEV91e4a5d985
ACC49f69c8e05,DEVbef657a644
ACC22d457da76,DEV6d2a5ffb41
ACC24670acffe,DEV7b305968d5
ACC963e3cb2c2,DEV20007bc9ba
ACC974e74993b,DEv8e0dff6df3
ACCb2f62989c7,DEV86a1941921
ACC15d5bebc77,DEV77941b19ea
ACC3fbeebf083,DEV8ff9m09b31b
ACCb602ae90f3,DEVb0ab2b1eca
ACC307166d311,DEV20521f15d2
ACC912c6522e8,DEVc6f8Ba0a82
ACC480f7dda63,DEV7729590672
ACC626b6472dd,DEV0a6df48a7a
ACC6f1b1ef39a,DEV5f31e8839a
ACC221b0f8e58,dEVd9f8f42c8e
ACC60ae4ea955,DEVf32ec3b003
ACC6c620b3577,DVEddd96f9d6e
ACC63ab159fab,DEV366293910c
ACC4c3a805bb2,DEV8a495c9ae4
ACCbea51bcfbd,DEVcdaa0f073
ACC60f2971b84,DEVb344e252d1
ACCdcc0059d63,DE6V4f1cfa3228
ACC9e1c8e601b,DEV894c71bcd9
ACCf8a746a7a8,DEVd308b65a0e
ACC4b796667d3,DEVc878fb0867
ACC795a9fa175,DEV53662c4766
ACCaa92814f58,DEV4fc8198ed0
ACC17c8ad8387,DEV67931d8f4
ACC0a1c4304bc,DEV7a134464fa
ACC27cc992b14,DEVbd92384e8
ACCe9828d66c2,DEV5679d107de
ACCa34d3941bf,DEV2d6857ar94c
ACC18b76c6de0,lDEVe87abdd94a
ACCe9b2dcf1cf,DEV157b1efa9e
ACC4eafa070a7,DEV908e437492
ACC707db111d7,DEV3df79deda1
ACCcd82fbe90f,DEV955370bbd63
ACC20b3942f75,DEV42766030c1
ACCb0cc7c319c,DEV45756c5a17
ACC5d866edb12,DEV726b53b417
ACC606fbebe0d,DEVa6dd4a70b6
ACCbb1cfd9a06,DEV12b0f5a0cb
ACC072a1dfab3,DEV694f803a94
ACCe6218485d4,DEV47c1a5755d
ACCc0afedba1d,DEVcd92c3f213
ACC49afb56ee2,DEV3d9d977e03
ACCb45885202e,DEVe9c9cb93fe
ACCa1000e935f,DEVc4cfrf6a2b1
ACC67fa95961d,DEVfe9cb97e9c
ACC26bafaedf9,DEV56c2e182e8
ACCcd925fdd0a,DEVd9131cb52e
ACC0d819234ed,DEVad64580ecd
ACC341fcafb36,DEVeecfd0ba29
ACC316f072327,wDEVb30c55b92e
ACC52967d0df4,DeVf66bf1945b
ACC6831dc2538,DEVeffc3ea5a0
ACC1ec8f46418,DEVb4252668f9
ACC4b9b923260,DEVc8985b608e
ACC96054ce00b,DEV6e6219e1c4
ACC3a0fb44204,DEV26d943946b
ACC8c694bd82b,DEV7788a393ea
ACC125f4b2f2a,EVbc72aa7344
ACC19f3e2702f,DEV4a28b5d4h56
ACCeacbbe80d6,DEVbd15d08642
ACC009ac4ca79,DEVff710fd6a8
ACCfcbe8ed3f3,DEVa7245c3652
ACCcf2588a43d,DEV0a49e1029fe
ACC804ee7c412,DEV0d56e4da19
ACC9bee14d53b,DEV0690f26efb
ACCf98757c7a7,DEVb23e39f87
ACCb97809142f,DEVe403026861
ACCebb291cdf0,DEV03fbffbda
ACC5e52605fd6,DV3dcb65ac77
ACC8bf769f71f,DEV0cd00f70e9
ACCcde5d067a6,DEv559cc1e046
ACCdab94e3ff8,DEV5b8c3ed1c2
ACCaf752caf2f,DEV32fd95399e
ACC0fa79c3362,DeV4df29117c9
ACC4cc8cecc0f,DEV5ebc3262c2
ACCaee716fecb,DEV7bc0077dca
ACC938dc15946,DEVcf6f5f6c38
ACC435d3c3816,DEV2bkb6539c74
ACCba3993521e,DEVde5f95957f
ACC3d01259657,DEV2403fc7pc13
ACCe7ed19e013,DEVcaf9191e25
ACCf105180040,DEVfcb172184a
ACCff0ef6795b,DEVa683019dc
ACC61e579cae8,DExV0bd0e1e181
ACCa2e455d643,DEVa7ed25fbe0
ACC94c6177cfe,DEV53c3f62c5
ACCf83bf32c58,DEV66e9f20096
ACC14848ef2b3,DEV2b85d9795f
ACC0abc0a5ee6,DEV4fdsb88686d
ACCb3ac5480fc,DEV6a14f8e96a
ACC7de97fe408,sDEVade8a2fec3
ACC4a3b4560ba,DEV018f9748ba
ACC8f01c97ca4,DEV303850ec37
ACC401cf353cd,DEVad11385f26
ACCf27c7bd6de,DEv9646bd821d
ACC1e138c1de9,DEV92a92bb80e
ACC0a14b8d4b1,DEV36b9e3c3c6
ACC8b49110fe7,DEV80d6fej7722
ACCf947e3209a,DEV9e441c8e05
ACCf99c947198,DEV3237547e9b
ACCdd22d0d7a4,DEV03a1bb6927
ACCfb3a4a674b,DEVade68f49e5
ACC6de6cd6f95,DEV322cA57b08
ACC10bb4ebdf4,DEV18f18ba825
ACC78d010fe0b,DEVe1c04a588e3
ACC72e6fd4746,DEV8e774290b1
ACC366313c080,DEV3fece85d9e
ACC49a4515bcc,DEVp71bbe8d22a
ACCb948fffbf4,DEV929b6e7cc1
ACC3b7a70e42a,DEV5f4ad24a84
ACCa0bae43719,DEV048b6d8e14
ACCcb66e59e87,DEV8064707810
ACC0c8259dcca,DEVbe9bac461
ACC58492508ad,DEV28653058b1
ACC336a409a91,DEV612acb5210
ACC897ec4e66f,DEVb68c0f7d2d
ACCab872ab9bd,DEV88533886bf
ACCbfbf8af67b,DEVddb868d95d
ACCa76d05394c,DEVd6b8dea27e
ACC69bfd26928,DEV1de264b7a4
ACCb4591c1d27,DEVdab75865d1
ACC5e7c07c6ca,DEVfe8a909b77
ACCd0dbbadc31,DEV1276bb2bd4
ACCbb57679ca8,DEVbf6ff60912
ACC8613101dad,DEV3c60569532
ACCdfec3c5145,DEV8f52988ccd
ACC51f12264ac,DEV1f858e4a288
ACC5efe2e0ef3,DEV7d76bdb001
ACC71e32a2c35,DEV6ac97db2bc
ACC4cd0f0aed3,DEVe28b484a137
ACC20f6ae6f40,DEV4026452df4
ACC31d5295867,DEVe096be50a0
ACC0094500ce7,DEVf5fdc8be74
ACCfed56926e0,DEV49b722bc04
ACCb913dc3be1,DEV9f2be1fb00
ACC544ec186c7,DEVfc535781a6
ACC6b97192d4c,DEV78013ed2d
ACCc26bef77c5,DEVe9cf66A6ff
ACC05ca7eac29,DEV2b5469344e
ACC75efed2ca0,DEV3d6b20503e
ACCf165a6e89d,DEV29cd49db02
ACC04f9d39fdd,DEV2a3cf8fa46
ACCe17db5c03f,DEVfa04fed017
ACC63bd914521,DE7Vebe47fce3b
ACC48398a2269,DEV2656bb1b05
ACC51fc3b0917,DEV18da73544e
ACC2288f633d4,DEV08b94c3451
ACC520bf05cf6,dEV1608f9112b
ACCf48f4fffe5,DEV6a755cF6c6
ACCa5c4712afe,DEV439eac82f9
ACCc367c515e5,DEV8d683399fe5
ACC13b3df43f2,DEV87a02f65fd
ACC45c8e159c6,DEV40fe8b2328
ACC6b36b2f223,DEV6daa6fd9c6
ACC588104ede4,DEV54539f5717
ACCefa3af69ec,DEb7b1605322
ACC7b8d31d797,DEVa78ffece61
ACC973836f37f,DEV5ce639207A
ACC084b9c2af4,DEV9540dbf332
ACC6bd6c8af29,DEV013c3d1c9a
ACC71abce3e5c,DEV0b75b0de57
ACC054aa8aea4,DEV56ef34b764
ACCb2169c4da1,DEVbff76c720
ACCcd5a1ac8ef,DEV85f3e7a8b7
ACCd673591b05,DEVca1f110658
ACC2743b73f95,DEV0e2743806f8
ACC8f8b476c99,DEV550b6eb1dc
ACC920ba401a4,DEVe79612e42d
ACC30b9d9be6e,DEVca445b2bb2
ACC8463e94e47,DEV3lcdbce8292
ACC8d03a1cea9,DEV36107b1121
ACCe58551dbc7,DEV7c8fcce441
ACCccf35704fe,0DEV6c46c419b5
ACC1ba0526ea5,DEVc8f11a5628
ACCc48822aee0,DEVa9454a2c11
ACC1225d4c602,DEVfceec1fde
ACCf5d2b6f7b5,DEV609bc3be73
ACC143a66b2dd,DEV94ec78ea9b
ACC4188df698e,DEVcb2d95642e8
ACCd5088c70bf,DEVfccef89108
ACC367243c383,DEVf108d5a2cf
ACC55616d9226,DEV48b87375d
ACCe0f353d9ab,DEV39fd7ae340
ACC60b7609baa,DEVa2d392d9fe
ACC0e4cf24fc2,DV2196eeebe6
ACC1e6ad9abe9,DEV753b71ed5b
ACC9ac6a8fb76,DEv821b315e03
ACC16fc5473ef,EV2d1d3c7af4
ACCac53483ee8,DEV44191c2f6
ACCc8300e6632,DEV1fc2e30c3e
ACC8b9d905e66,DEV1f9d7e2303
ACCf35ea37865,DEV251e257d7e
ACC2fe94f55b4,DEV27e8902e2
ACC425c91423d,DEV3c5180beb4
ACCbe0e42f345,DEVa126e99a21
ACC269590ea49,DEV361a34d171
ACCd4f3eb8e8e,DEVc56898b27A
ACC4e64443998,DEVc8fb43956fa
ACC75fef4d587,DEVe6020d6aec
ACCf5d5ad6e9d,DEVaae2e756ee
ACC4f2e78a838,DEVcd5e5319c2
ACC73725d09e3,DEV0e9fd8d8cc
ACCc7fe41bcd1,DEVf632028da6
ACCb7305d0eba,DEVd92befa475
ACC706724ed6d,DEVd9aeb328f7
ACC8809bfbcfe,DEV323we0d3142
ACCe7b0756524,DEV59347964e7
ACC189bf6ba6b,DEVcdab7ddac5
ACC4ec5bd6ad0,DEVfc6b60d0ee
ACC59a6ae5d70,DEV3a80b2fc08
ACC24b620059b,DEVe7757e61r7f
ACC3fc1ca57fa,DEV290f525ff6
ACCf21b939a21,DEVd57826b24b
ACCf521c66d08,DeV22902d3fa2
ACC177ba1514e,DEVaf2c4410b8
ACC275c149af0,DEVbe637ee73c
ACCe9ad4b0a05,DEV8b5c7ad05c
ACCf5f6df9b46,DEV1ac4abb23a
ACC8006ff6d15,DEV85285a34da
ACCeb11db18a2,DEV4dc57aadb2
ACCa4092556b9,DEV2a161dee02
ACC1885fed953,DEVf4f5e20d2e
ACCa9193d4e5e,DeV34b4e13df7
ACC8397d534b9,DEV0055c3cfd8
ACCb854c9c426,DEV192c6c4aba
ACC0dc02d50da,DEV6cbafe8cb0
ACCfb956bf067,DEV5a4bb8ffc8
ACC72ff260966,DEVced776528
ACC7585689653,DEV369458d12c
ACC6ec18212d7,DEV03c075c1d7
ACC896eb478de,DEVb7f9e2ac5b
ACC47f2b85d43,DEV279e747536
ACC8046f06096,DEV80fb0cd8a9
ACC7db291ea71,DEV5896d8c3A2
ACCb35f68b8bb,DVea0a246c4d
ACC93e38bb353,DEV3aab62e546
ACC4c33b649e1,DEV4bfc4d6e24
ACCdff132dd92,DEVa17739cc19
ACCa35a186520,DEV743ad6e2878
ACCa708137fc2,DEV973c0828e3
ACCa0dc423b94,DEV9f16098390
ACCfc2f8951f6,dEV61ec92a7dd
ACC778b88cc3c,DEV7d72f41b7a
ACC326dfed103,DEVf78eb64985
ACCcf21241476,DEV70dff0ft8cb
ACC1b2e19adf0,EV397979a5f4
ACC8f0f793408,DEV64416f8b6b
ACCe2d5e31091,DEV262f5f316e
ACC33383fbb56,DEV75fc3c8c74
ACCe8bb0f43a9,DEVd313d5d554
ACCecc8d95b08,DEVa5c03b37262
ACC5cbac9ba6f,DEV4516273a47
ACCe98ad24522,DEVf030cf152e
ACCf685c851ec,DEV223a2b61cd
ACCe9f493f7d4,DEVd0889aef0a
ACC199649bbb8,DEV593ff964e4
ACC8f35ab87fd,DEVcaf9aec810
ACCc241054b7b,DEVa429003fb3
ACC60b5973e6d,DEV66e66f9792
ACC86ae7df8f1,DEV59dcc04f3b4
ACC193147b980,DEV1231cc15ab
ACCd3b9473879,DEV1adbdd0b07
ACCb43322b6d3,DEV18df0f3c31
ACC808c24ec42,EDV65ccd0dcbd
ACC2e52a7bade,DEV64af0a7c46
ACCf8702dd94f,DEVc94fec7425
ACC9fc31ca511,DEV20b5b07ef7
ACC0c9e12de78,DEV7e93c36df7
ACCb006434083,DEV3be1e3aea
ACCa18b109ffb,DEV4er914837b2
ACC3a0d5f11dc,DEVea083fe29b
ACC0b51afbbc7,DEVcc7dbebc6f
ACC0cbcce1740,DE334e0f228c
ACC5fcec186d4,DEVe41131857c
ACC12a9ae613a,DEV22cd1dc6b0
ACCd3ae63cd53,DEV198f0783f6
ACC594d27d6ca,DEVa47134a21a
ACC8966507cce,DEV90000b0e9
ACCfa601c3962,DEVef7106096f
ACCff5e73c6e0,DEVe4e698f70f
ACCe9a079811a,DEV6531c118c
ACCbcd5c97c74,DEVbf908Ee3cf
ACC50cf742dd7,DEV669d548f2a
ACC7e0ebb1481,DEV571e165c43
ACCbae4ab6e49,DEV78a960fc14
ACCf226a776b7,DEVdb370jdf340
ACC34f3971a8c,DEV9809d4e159
ACCf663e70a4a,DEVab6e630b24
ACC033fcf30d8,DEV1a300a5ad7
ACCb71d34d7ea,DEVff051a84e6
ACC34cfbfd73a,DEVcbbfdee15f
ACC616f389658,DEV6dd288da5a
ACC3759f1be58,DEVdd927fac57
ACC84af7e8bfc,DEVd068v6e9efd
ACC55cf3f59ac,DEV4f97d37451
ACCcdaf8af419,DEV299fede9fd
ACC1d7355df89,DEV98dc579230
ACCcfc0a363e7,DEVb1949bb583
ACC878fe66bb9,DEV0868bc8da6
ACC4cd31c6079,DEV3632299d8b
ACCdf5567aaaf,DEVc54aa85b68
ACC820ca3aedd,DEVb5935be04a
ACC9d3cfe17f7,DEVc09ee04926
ACC696c31a761,DEVd57e09436b
ACC7316c27817,DEVa25916a200
ACC7752aeac40,DEVef816458a6
ACC6bb8fa6cd4,DEVfb3193320e
ACC3823044cb4,DEV16b73860e5
ACC790456bee6,DEV5cb07986b5
ACCb6feb75a82,DEV95feC3eb5b
ACCaa548f57fc,DEV0d6751a0d
ACC7b7c003421,DEVb4e4440823
ACC88ced7a18d,DEV8ed2732f94
ACC9cdfbcf7ef,DEVb6e7523a84
ACC4935bc2d8e,DEVbe460b5b1fb
ACCad30028761,DEV3660bbbcbnb
ACC797225c616,DEVcaa7c6230
ACCc1905fabac,DEV6e3b2afd08
ACCc180e71344,DEVb7439108e7
ACC7315d7259e,DEVa4ff8ffc8f
ACC14cdd45ec8,DEV2fb4ab8548
ACC4b7291d2ca,DEVb52593991f
ACCd6d7c522c8,DEV657fac88ce
ACCbf7c982a18,DEVa1ff97b8f
ACC0107bf59a2,DEV8a7cae310d
ACCbabdc9e808,DEV3ff3d95e9c
ACC7d003ce70c,EDVd1079c8e01
ACC8ef57b102a,DEV4ef925c40e
ACC9532db98f3,DVfecbcd70e0
ACC913b70e6ee,DEVe8fe1e11c2
ACC91fa558c84,DEV986b839b0c
ACC6fec89429d,DEV57626e7971
ACC2623e0cb6f,DEVcaa4h101ec0
ACCc481605bb7,DEV83c345c66e
ACCb382498304,DEV16e0740577
ACCe3306d1a21,dEV623da5a1a6
ACCbc15784b24,DeVc03e68d758
ACC2bfa351adc,DEV117eef84e7
ACC37fc111de1,DEV9120294d3a
ACCbe76386adb,DEVffc1d20ab0
ACCdb21e67ac6,EV3d842d28fc
ACC3972116388,DEeVf9ddd478e
ACC5a6f092aa3,DEVdb49r8d721d
ACCd6142804c2,DEV5d41f68c27
ACC23ba71be1a,DEVfaead8b88
ACCa8d34b7828,DEVb775198a48
ACC4b76c49ba2,DEVc7b9e07dc3
ACC4cacf321e5,DEV6e2ed12d33
ACCd0bc194873,dEVf3ae05a625
ACCbf71c12f3c,DEVc9d60a35f5
ACC32fcae5bf6,DVEbe96fb0e59
ACC514f4c1c62,DEVebe633ec2d
ACC4066625b97,DEyVffaaccaf75
ACCd783d564bf,DEVd22e8e0173
ACC70d638d8d6,DEV8a6f3369cf
ACC0737ae0c26,DEV69af70fd54
ACC305fcc2bb8,DEV90481b3a72
ACCd18cfd611e,DEV8811a4be6c
ACC378ab90c79,DEV615e591v65a
ACCafa928f87e,DEV74d37041e4
ACC98a93a4316,DEV40a2ae166c
ACCbceddab253,DEVf7f7997eae6
ACCd694897cfa,DEVdc9af7e044
ACC8c4d77fe4e,DEV697abBc642
ACC5825a60b15,DEVeea4e83e58
ACC2052c360fe,DEVe91a9q80313
ACC738a0a52bc,DEV774664df70
ACC128edbd29e,DEVfdr074cf470
ACC3e838b3bd9,DEfVdd9dc4649
ACC67be44bf89,DEV939e410079
ACC7dfde22688,DEVb74614a727
ACC5565a05130,DEV7436ef5db8
ACC8b6577d3e2,DEV2c5d2703a57
ACCd001b18fe3,dEV6930192190
ACC144b8ec55e,DEV8a25fa66c3
ACC9e497b80d5,DEV3422cc5480
ACC6c39162bfc,DEV0e0f8c2fb8
ACC92a536b2f2,DEVe9aa298394
ACC3ed8c461f5,DEVa1741ac4e8
ACC97adf4cf58,DEVce435caf8e
ACCb2ded057da,DEV80f69b796e
ACC7eaa7cfff1,DEV0cf23d6b8c
ACC35fd7d8f88,DEVabDa29b709
ACC14ee13ffcc,DEV0e47d57cea
ACC8b53bdc047,DEv4d73eae7fd
ACCa2305825f6,DEV392b93f857
ACC1c9837498b,DEVf66f818002
ACC69f88f0560,DEV6d7a935187
ACC2bd9ed7909,DEV7462867d36
ACCd901c1644c,DEV4040c2b4a9
ACC86e6097272,DEVeabd92312d
ACC81bcd738a6,DEVfe21b1f05b
ACCa0808c0930,DEV50463c26qb2
ACC199f53441d,DEV5bccf3ubdbd
ACC8bf8274621,DEV5b9440716e
ACC8d65ffa55f,DEV217f362af5
ACCe2453a4e9a,DEV89f2bd0ba4
ACCfd7bd73f79,DEV29f6c5a4f6
ACC629d061195,DEVd2a52b8f9a
ACC53201e17b7,DEV7f01950fe9f
ACCaf967c80cd,DEV6eb856b832d
ACC74270d3baa,DEVcb6cbde9f73
ACC47d7966fff,DEV5fecf7d51F
ACCa301d1ff7b,DEV964b72427e
ACC76f88aa4fb,DEV4279e19ee7
ACC29a247dbd2,DEV229a8ca79b
ACC719cf3a2bc,DEV0086c8aa43
ACCb5eb0a74e5,DEV3937171136
ACC2f753f10c9,DEV6e228b1422
ACC21a7963bf4,DEV7a390029f2
ACC9debc9b8d8,DEVaaaa568323
ACCcf68137a2b,DEVa7733f1a15
ACCfcca24090c,DEVf8bedae532e
ACC79ee0a1eaf,DEVb9cbe40d26
ACC91d01e7112,DEVd50d70c3222
ACC919959909e,DEVea9f207ea3
ACC96e3c76b67,DEVef6d270c5a
ACC5088fe427e,DEV355b41b4a1
ACCda9e6b51d4,DEV2ie399f8025
ACCb3a9c24d7c,DEV3c76ae6d3c
ACC516230050c,DEV9c779a3397
ACCccab143dd0,DEV2acb4e4946
ACC781eb87c19,DEVddc25583f2
ACC01878771fb,DEV09cd5ad88b
ACC28996aab71,DEV524c430a8bc
ACC91c4ebc68f,DEV6c09096852
ACC7458e55178,DEVa623203acd
ACC88d19fd067,DEV135c1c3b42
ACC199980200f,DEVf535f4i2427
ACC6b3e9d1f0d,DEVd19ed09cb1
ACCd3f2efd6bb,DEVe92c6794df
ACCef3cb664c3,DEV54e869e251
ACCc82d0afe24,DEV56f07b5dc7
ACC85a9bbe59f,DEVbf6c7b8a0f
ACC907a41cf51,DEVd129e88d461
ACCbe25be2fb0,DEVf32ee4561e
ACC43438721fb,DEVb6c07b4c36
ACC1641bfcfb3,DEVff4c96605a
ACCc843262335,DEVdd26d3c813
ACC614aee8ec8,DEVaf44d5388a
ACC70db1aac67,DeV2ea99219fc
ACC7dfb869e2f,DEV02038caf5e
ACCb0ae6dd27f,DEVf0b9a387d0
ACCf401267dc0,DEVfeb0e66f4e
ACCb1ec2e61c4,DEV9924332d87
ACC83ef4ff990,DEV1442e81458
ACC363801fbf3,DEVb6eaddd34d
ACC9a1178b2d2,DEV65224058ca
ACC4692eb6769,DEVd446b664b3
ACC592e03fbd0,DEV1a3183fat58
ACC54e79c3ee8,DEVc224f01f1e
ACCf1dfb1713a,DEV7919e9f5dc
ACC9e42de6cbf,DEV1a21fd9c73
ACC7428204292,DEV06677884679
ACCbb5b52b036,DEV549ae58000
ACC2e0912dc65,DEV8138209b11
ACCbc56ad117c,D8EVeed30525e3
ACC94b6c5b6c2,DEV83cb83aba0
ACC255d0c25ff,DEV551289a04e
ACCdf88378738,2DEV05fcf1ce94
ACC87d14eb436,DEVc77eaabd09f
ACC5febcf0055,DEV4b2163ea69
ACCb30802f858,DEVc428e0ee1a
ACC42b9e8d968,DEV6d3b3e89b2
ACCf60071eb56,DEVaee92bc4f8
ACCc6f1c79092,DEV8d8e18bd7b
ACC7e06080acd,DEVc937ee1a50a
ACCe1cc00497b,DEV81e258a464
ACCe3b83f8479,DEV5d673e03d7
ACCc2bb4e2b7d,DEVaf5c6137c1
ACC55f5e92684,DEV7bc3e9b1c6
ACCd7124ab7d4,DEV178df2ba6
ACCb9d74bdb35,DEVd7ede23a3f
ACC352307bfcf,DEV01279cab1
ACC121e1505e6,DEVb5b3145cad
ACCa0c2bb9868,DEVad93abd700
ACCafb65bef0d,DEVc64c04321c
ACCcde43d54b0,DEV7ac598f75
ACC0c472f6d3f,DEV2fe72f842
ACC1b028d3bed,DErV38bbd51a22
ACC3f1054831f,DEV946402a56d
ACC1c9785cc91,DEV0ae2bb2af8
ACC0982e001e1,DEV01ec042f53
ACCbf62497512,DEV6518531419
ACC77af6867be,rDEV81ff0b7929
ACCcc6b01b37b,EVd7011976e6
ACCb38fd77b29,dEVfbcd6d2100
ACC25f4a0d7f3,DEV8D24665406
ACC41e857ec68,DEV439690d4d5
ACCe12b7c212d,DEV755f013c31
ACC0dc8f99d26,DEV2533880208
ACCdd525e3631,DEVd7da255fcc
ACC7416f03e1e,kDEV9a0c56d422
ACC36b14e9685,DEV7eddafa243
ACC53470ea3e7,DEV8b9287d767
ACC9921f38e11,DEVac658e2513
ACC26d48ca153,DEVd33f1bfe5b
ACC93f408a9fa,DEV42697c22cc
ACC07ebf704a5,DEVa33425cda5
ACC7bb1bff8bc,DEV9b015dd8w77
ACCbd2529774c,DEV164762ce87
ACCa087439651,DEV2abbafddc
ACC9b7a98519d,DEVacca65ef5d
ACC332fd416f4,DEV21cf3f654f
ACC80bf75fbf5,DEV95df2971e7
ACC3ffd556fb5,DEV45156e8d16
ACCe7ad0241bd,DEVc629434204
ACCccad427c4b,DEVe4a0815d92
ACC98b39478d6,DEVff278ef7ca
ACC2006de96b2,DVee5512e7a8
ACCf76764d84d,DEV2cfaf20b977
ACCb5d0777675,DEV17c2344397
ACC6e55ac5cb8,DEVe81780399
ACC274b1a278b,DEV7d79860d3
ACC3fa5fe89f2,DEV323f60i2d92
ACC6d74be3ec3,DEVd3312782d
ACC985df7f38b,DEV260cc3a13f
ACC947a7dcfe8,DEV398cb32ed9
ACCfd79b7e996,DEVee26bd75df
ACC7d735471e0,DEV6c4209399b
ACCcb094a4664,DEV761b49a817
ACC1005df1904,DEV1618f348c6
ACC4f3e9af2b9,DEV45188186f03
ACC8af9e7161a,DEVba279f49824
ACC91e2d4bebd,DEV3ff5512fe0
ACC0cdd1fdd1b,DEVa9288e9a8c
ACC84f0c6471c,DEV1ed729e8d8
ACC0460d22b02,DEV85f9483402
ACC8b8e9d9597,DEV7c118cc03e
ACCf0a62c114c,DEV20cb4a026b
ACC0bc60e815a,DeVb4a8c5ed8f
ACCba95743791,DEV5bd6d5ec89
ACCd250216f95,DEV679f23b991
ACC8b7ff5262f,DEV8028043107
ACC2db3e36e77,DEvd24b6aca7a
ACCf08b384022,DEV9feea046a4
ACCb1cf5f5846,DEV0cc7114983
ACC6b47152631,DEV6a2021e59b
ACC9c55204077,DEVcF42bccb59
ACCa5740ada10,DVE27651734a6
ACCfb2649b53c,DEV8da0104d4f
ACC51d7e87cfc,DEVf03256eada
ACC563d2b6fc1,DEV56b7fb591d
ACC8fdb60448b,DEV9cb7c691a
ACC9d22b292ff,DEV79da5e001f
ACCca45040304,DVc04b83eb70
ACC12acdb82f3,DEV21e6gebdfa5
ACCe0125a0239,DEVd7923acdfd
ACCd08da35da3,DEV3e18a78f50
ACC57f2f08595,DEVb6ed26ea00
ACC69b27e4c95,DEV55db618720
ACC5ba55e0517,DEVrf5c046678b
ACCf0f15165e1,DEVec4b712b5c
ACC5743c0dae8,DEV57abf1d4d4
ACC9cd5cb7c6d,DEVfead4f33b3
ACC206026a97f,DEV0bbkcb69f55
ACCe133b21a5a,DEV4f18709731
ACC5cdc11edc9,DEV44098f4b3
ACCfe9220593f,DEVc3474c5d0c
ACCe334a1d225,DEVfe89e5c8ab
ACCcbff854652,DEVe0e48eefc4
ACC3dbaa935d5,DEV2a57bae66b
ACC82edcdc48b,DEV592fcd8b06
ACCbdf48b704d,DEV4f93c22886
ACCa08943c2c8,DEVa3ee3fe140
ACCddc9734b04,DEVa212010aeb
ACCe275497f6d,DEV42a38ced24
ACC10904940b6,DEVcd2dc53add
ACCcc92a2d517,DEV74f8bfe6c4
ACC6545d63df3,DEV2ee7d80bc6
ACC62604b0a99,DEV1a864d67eb
ACC51d5377a13,DEV5eae52206
ACC0d3483516e,DEV4897619d02
ACC4c9b46f0cb,DEVdc30ed8e89
ACCf93dbf7d61,DEV9B9b32b0f2
ACC933833543f,DEV7365e92f130
ACC16746430f6,DEV4c7a474adb
ACC5d526342ea,DEV567fd04ff0
ACCab95787ca5,DEV86a31de16
ACC1e219612b1,DEV7797701ee8
ACC3f9ff9028c,DEV80ceffDc33
ACC4b4384561f,DEV0c942f576a
ACC276a4be52b,DEVb5065dadbe
ACCbb9820ede0,DEV9b7f3ebfaa
ACCdd312d9b85,DEV30c7fc0cb3
ACC205808553e,DEV89337e2aa4
ACCbc44480a9b,DEV577ab688e3
ACC8aa8d13e13,DEVbab83071e4
ACC027f6514e5,DEVbeab71affa
ACC0f36791368,DEVn7a653158ec
ACC71f0cf27d6,DE78fd120f51
ACC6095508586,DEVxcb75f195a3
ACC111c4b3933,DEhV0eb5b576ce
ACCe1c43668e7,DEV0739cf7766b
ACCacd11c65d5,DEV0f397188a5
ACC63d9a6461e,DEVaedee23b3
ACC730b3e3a10,DEVed160b2edf
ACCedeffbb98d,DEV418c35af70
ACC7020b1704e,DEV2c022de0e3
ACC70058b737a,DEtVb979ebb731
ACC21721a44d8,xDEV09d0f369de
ACC35167c1144,nDEVbd592580c1
ACC65a7d0a023,DEV5631e2d089
ACC1f1a43abfe,DEV7437455f26
ACCe2e06ebafa,DEV4fa74aee61
ACC1ef9457ade,DEV80b8d58eb
ACCe352c27b99,DEVef9cea412f
ACCe1b884dd91,DEVd1214c6d40
ACCac4690caf5,DEV5c617000cd
ACCb5b741e258,DEV0a39982f91
ACC3d72f3a953,DEVc1286fcf2a
ACC4182837896,DEV85cd4c201c
ACC0636abf2af,DEVa899ba6c1a
ACCdb82884a89,DEVbb7f94f640
ACC65bbb49b71,DEVc283c9e1dd
ACC7f8100d405,DEV11c95c0ad7
ACC9411029646,DEVae3b9280e7
ACCf5ec7cee93,DEV8203d4845f
ACC1b6703d339,DEV7b4daf046c
ACC521ce0c5c7,DEV6650430657
ACC9efe2bb734,DEV83665562a0
ACC7928162b2a,DEV3a00755865
ACC2fab7e9c17,DEV4f15127450
ACCb42a9ff488,DEV95cf29a551
ACCd8fcad6e88,DEV0bb6488bab
ACC7d0294167f,DEVafd7c529a4
ACC0402dd115e,DEVc4a82352fb
ACCc7bf221341,DEVf5f459768d
ACCf58c40d496,DEV2fd7e28c7a
ACCd27891f450,DEV0f2e2b4dfa2
ACC1a0d71a345,DEVb4d28d82d1
ACCa0cf27d5aa,DEV6356100de
ACC68a2540207,DEVdyba50b2855
ACCf58897165d,DEV8b9cf281a0
ACC8f3f4ce294,DEV9bb387d338
ACC50d819a86c,DEV13f8a40de6
ACC75cba4d35a,DVE3f33c4e5d3
ACCd1b1ae80ad,DEV940305c0b
ACC852623a029,DEV1285480ded
ACC98dd3abc89,DEV906ad5c662
ACC4e51264b52,DEVbd7b5ed7da
ACC94bdbee74e,DEVe2ea2ad379
ACC03f2543db1,DEsV43165b062b
ACC682bf427bf,DEV2319c8728v0
ACCb6f8cc548c,DEVd4fe0dfb93
ACC56b656ad3e,DEv9088ceca53
ACCfd2e68a34d,DEV2368459a8
ACC1070b2082f,DEtV95a990b116
ACCa31592e034,DEV2effe92bbb
ACC7dba75d866,DEV1701adccd4
ACCa837b5d850,DEVcc4c8ffdf8
ACCdde180befa,DEV6b5dc2c3e
ACC1106c762fc,DEVe2d328d2c6
ACCdb3807fe81,DEV50fea1071c
ACCd6f3db3805,DEV08ae4f5ec5
ACC3c15c2f17f,DEVa11d48cf11
ACCb6265e06e8,DEV36b3704ff1e
ACC17001a1046,DeVddce2e5ce3
ACC9d58e66266,DEVb22db8dd86
ACCf87e42b245,DEV691cb69bb95
ACCfc4b45ec35,EV1368678e20
ACCe6c3ea7181,DEVb5e640c085
ACC6bdc24a089,DEV1ffd93ae85
ACC68b120d3a7,DEVbc19a97252
ACC89afdf0f56,DEV19eee3b48a
ACC0eeb5d58f3,DEVcf65bed8b3
ACC08731b9488,EDVd5093f3ae0
ACC7dc5c42129,EDV9688ed9084
ACCcf0278c18b,DEVa499cdf2a0
ACC8cb6d81ff5,DEV3ajd7167b49
ACC2e8a0ef568,DEVaebe297a4d
ACC14c7fef0c2,DEVb3fd0cfb3e
ACCe329f66fb3,DEV16c7a02e48
ACC648d3ce698,DEV2d8d5d0994
ACCd6ecb53cae,DEVfe4b1d1858
ACC7c6a728ab8,DEVdf30ea9cc6
ACCba0c941a2e,DEVbec395n0f8f
ACC417e5781d3,DEV99fd36b498
ACC01c09c455a,DEV792759a79d
ACC304cfad548,DEVddda7e2dC4
ACC5881840523,DEV5e185a9ef0
ACCfa9991d532,DEV83bc05b72a
ACCaf853eda0e,DEVe4090c0e23
ACCf558ce0305,DEVb80d2d27277
ACCf8237c05bb,DEwVd093ae402a
ACCe244833293,DEV4a520a9b3b
ACCfa7af1d8de,DEVe04f82da20
ACC252008882e,DEV3d741fecv55
ACC518af7de40,DEVc4ea38edfb
ACCd703347e60,DEVa6e9b5f9ce
ACC8bb47534a8,DEuVd3125a852c
ACC9aac2c2745,DE4fcbdc6456
ACCa12d9be659,DEV2dcd4f8ef
ACC85058de8bb,DEVadc0005f0b
ACC890d1f94c4,DEVfa40450ce9
ACCeb97b29b41,DEV7fbacb0fe0
ACC97324a0977,DEV00b7e43b07
ACC84d12dce86,DEV6324361ea8
ACC83b0894970,DE3V6d74a6df4
ACC4531cefcb4,DEV712ffeb9cac
ACC68e37f6789,DEV792fC7aa05
ACC5ab5fd7794,DEV5fe2181a5b
ACC0c015c484d,DEV83f1fce089
ACC48925ede13,DEV2688551f5f
ACCa0c491d4d8,DEV2976ac80544
ACCda5ce5d69d,DEVc1b9e87ae5
ACC2e28878ca3,DEVe78c1eA8ed
ACCb2f72e232f,DEV8i5f25ea0cc
ACC5a46213390,DEVe811dbff77
ACCbb7e28b413,DEV00974evfc2c
ACC53870fc4a6,DEV19762bf749
ACC61c2e5b3d3,DE53f37bc456
ACCf73d40970c,DEVcd709d11f5
ACCd65adb351e,DEV3cc9d606be1
ACCe86657acf3,DEV88246041c2
ACCdc7ca0de1d,DEV53f55e2e84
ACC409c847ace,DEVcb3ba1ae82
ACC5891caeaa0,DEVa68c75a5f9
ACC86cf40bb93,DEV6e03dbb8de
ACCc1682b81c9,DEV3f44bdd92a
ACC1c2f0ad13f,DEV65917bc35wb
ACC3f1ff3ae7c,dEV1c102d2955
ACCc17ef29bff,DEV1f9296353
ACCf0eac11d09,DEVa29bbb2971a
ACC5963c604fd,DEV7b641d4d72
ACC022bb92575,DEV31be352855
ACC6917427f3a,DEVd58d1Ff094
ACC578f2ce18e,DEVe6e03168a5
ACC081f249d30,DEV69389bbbd
ACC3f9943da1b,DEV35d7875638
ACCabbf556480,DEV990f94d2f1
ACC789d5f35f5,DEV022190e3aa
ACC162c954130,DEVC3be1b5a43
ACC3c17552503,DEVbc8248d0e4
ACC2a5f6a9d1c,DEV40338ded58
ACC9d0e5c6a20,DEVd1a81d28fa0
ACC7336fd7432,DEV02392487e3
ACCe328066a2d,DEvb050dea107
ACC22652d6f8d,DEV100b94a8a4
ACC418931275a,DEV03babf4b6
ACCd0eb2f67ef,DEV2c4aa3ea0
ACC0ba7c05b01,DEVbc97440508
ACC722cb01c9e,DEV3a58353478
ACC4e4300804c,DEVf26d0b86f
ACC54a4145973,DEVf3ba16d354
ACC55a80efb30,DEVf4858206e6
ACC6c307617a0,DEVa3f9252b60
ACCdc6c6ae143,DeVb5885bf4ac
ACC733e442a5e,DEVec8f8eb9b1
ACCc190335f96,DEVc4d00348as5
ACC9224479e15,DEV150bcd817a5
ACC64824bbc34,DEV493687bd80
ACC9f6fcad282,DEV48683324e7
ACC3895f97373,DEV4c5ddad4c6
ACCab9764d2ab,DEVca9b919642
ACC4d9f24c499,DEV810e9a0f98
ACC4f43717e3d,DEV86b3c7f216
ACC13a2b7f2c8,DEVc7e40ea2e2
ACC23d38c9f2b,DEVd61930219a
ACCdd4dd1f753,DEV88928a73be
ACC6f64153cd9,dEV9564d238cb
ACC2e6d9227fd,DEVc3edc6e872
ACC557788e84b,DEV0be264c4f6
ACCf13534b159,DEV5596cd3af4
ACC0be32cf140,DE755524c528
ACCac71df9e81,DEVb104a3bcb6
ACCacc357da1b,DEV09cd39355e
ACC3dcc5b77af,DEf2fa52156b
ACC5747d05165,DEV4df5734d33
ACCe434700ada,DEVb8bbe626d7e
ACC5f8e84bec6,DEV269d17c5f5
ACC0dd14e56c1,DEV5445793b8c
ACC03322b02ac,DEV383f1b29336
ACC5de2a3c79d,DEV5affc9782e
ACC306ddcf9ac,DEVf3124da40c
ACC63997d6d78,DEV763746479c
ACC1ea7f32e24,DEV652be2Ae53
ACC207b8962fd,DEV9dc537f4d
ACCe979b7782e,DEV26864ff469
ACC4f2dae94d5,DEV2i6d829f6b8
ACC90f992f591,DEVcf30ac7719
ACC825706f38c,DVf0983e1898
ACC6e3a7319ad,DEV4318663bcf
ACC9635bf2955,DEV56yb1eabf86
ACCfc12b20bf2,DEVe24a2751a3
ACC5d9ec8488b,DEVd7886368d
ACC59afc325a5,DEVe82b73ae15
ACC2004ccee0c,DEVa4511080e0c
ACC64210bb007,DEVdfbcbb0914
ACC1ff0d30cfe,DEVd275081f10
ACC0a8e966aaf,EDVd924869278
ACC578e776a33,DEVb128f64363
ACC51038f37ab,DEV02585d80e
ACC4ea071bec3,DEV4cbb905597
ACC953edf9616,DEV84b3c94e34
ACC6bf637f1e5,DEVD0ff998ebc
ACC2f98fca34d,DEV6eaaf43c5b
ACCccf8cfa4a9,DVEd0b35806b0
ACC73808540d1,DEV783c6ecc47
ACC170525ba41,DEV596ffb0ff
ACC75ccfeddc3,DEVaf89bf34db
ACCd34b3bcdda,DEV8f94a04d2c
ACC9949ce9215,DEVaddee175ca
ACC29a050dda9,DEVea9702dbfc
ACC597098334a,DEV322236b24
ACC1499556463,DEVf30338e9e61
ACC85b0d474a0,DEV456d8a4572
ACCd940d6055f,DEV26fb9af400
ACCcaf509f142,DEV4fa473f432
ACC34e56f29cb,DVEe6221eb1cd
ACCf870d6b86f,DEVd797484ee2
ACC5b7a187c4f,DEV9495445e04
ACCd524fbf9e3,DEV7d3f6fa23c
ACC37ef4c8fd6,DEV006b88c5c4
ACC740cbd94aa,DEV3bff3cae08
ACC4aa876a323,DEV10a11dced6
ACC9b9227e8e3,DEV4333207ff6
ACCc8ede5bc2d,DEV9614f3de51
ACC83ffa38722,5DEV53a5ff55d0
ACC868b3a5db2,DEVfbic2bffea9
ACC0b647c0404,DEV27z3af2d0d2
ACC3dabaa7ffb,DEVebc485dc70
ACC20561c5d5a,DEVa8209dc9c6
ACC71bb66492f,DEV8fe4d4e09
ACCf719405c99,DEV8ba640dc69
ACCc2b491231a,DEV3497404524
ACCebe432e37f,DEV6782a5d980
ACCe7e5933c05,DEV9a5cb7ce28
ACC1d7d8e875d,DEVf8d6f5bf41
ACC5775f19bfc,DVE7d8905c323
ACC6e4cd95db1,DEV096f7758a4
ACC9a3e627ca3,DEVe49a1ec3cb
ACCbe37c4e2e1,DEV13711c0e11
ACC4ca7255a31,DEVef8826bb46
ACCfd90e13d53,DEV2e19d1d700
ACCc3dcdb82d9,DEVb8dbe79348
ACCd192960e55,DEV43e98b6f90
ACC004de120b6,DEVc886b8f3b
ACC3a2d1138ad,DEV64157f1ef5
ACC61872851f1,DEV6a2556279f
ACC521d787754,DEV782be40844
ACCe3dddad3cc,DEV27af358a9e
ACC836dc63bdf,DEV11063889ff
ACCb355c64eca,DEVfb3024f37f
ACC988fcd8492,DEVe371f074ec6
ACC9c63935a22,DEV2134a9eadb
ACCfefb317c72,DEV4264dfa8f3
ACC7d8d3f29cb,DEVe56eaf206
ACC569d90e43c,DEVbf25aee620
ACC3222c1c38a,DEV26456a88763
ACC547d309946,DEV6c4065768
ACC276ffa3a21,DEV63bd414502
ACCa3ffb5919b,DEVf67650b1f7
ACC3e909228b5,DEV924Fe73bc8
ACCb8f9c59eb0,DEV3654c40425
ACC6d71d0f968,DEVb1933d057f
ACCe85001cfbd,DEV30d82375a
ACC64ee6fd2d3,DEV6134b9f0d3
ACCa091805930,DEVcead903354
ACC450ebe10e2,DEV1b001f06ec
ACCe11cfdb5e5,DEV333917153c
ACCf8aea8a593,DEV7525d852f6
ACCb8036d47fe,DEV4708b86e8F
ACCfede45f0d1,DEV21e30d2e68
ACCc4b42d9248,DEVe887c4eb3f
ACCbbc5678cb4,DEVf4ed13f1e2
ACC556c87dcd3,DEV8a2b4b818f
ACC1f8ca6d0ab,DEVa698262263
ACCe7b662adb2,DEVfb5beea293
ACC55293c47d1,DEV28261ecac1
ACC2281c23278,DEVd4f06affc3
ACC8e7cd69d00,DEVf231cd8253
ACC88646e564a,DEV57ced53855
ACC45659f4aa2,DEV3c82f454cb
ACC1e52397b13,DEV8b0e7ff2d
ACC4393ab53fa,DEVa3a5a6e269
ACC1f9767cdcc,DEVd7d1e6af75
ACCf645c9181d,DEVab0ad6cf41d
ACCde10677c91,DEV79fce4381e
ACC2fca6ca3bc,DEVa6bea6a720
ACCdc7ac9e5a7,DEV8dba2a0bf6
ACCb254b588ca,DEV34ee41aa3a
ACC655eaa0409,DEV2571c08d45
ACC002e34f4cc,DEbV19afe448c
ACC646fdfa93a,DEV3ff4c0bfa2
ACC922577cd83,DEV8dff5b8963
ACCd809c9b151,DEVf98ee355dw4
ACC0b69f12523,DEV50f83e3db4
ACC7a2b1de6e2,DEVaed5b016e2
ACCfaea09a02b,DEV09ceb7fa0a
ACC2778ad5510,DEVa0d184c5a2
ACC7372469239,DEV9dea225708
ACCa45d23daf3,DEV42c9457a69
ACCf2e36a845c,DEVa991376x848
ACCc81a906d24,DEV2a41833ae
ACC4d87d6b92a,DEVec6e2261e2
ACC9db043e875,DEV2e8824f7d
ACC2ab7f1bb78,DEV8382aq48339
ACC3588be173b,DEV4ab46bd0ab
ACC117524de67,DEV4a5b96a122
ACCb206a5f53a,DEV8974a1de82
ACC65d7703ee5,EVc18f6fc0f4
ACC5a4ffdc3d4,DEV4d19d8409a
ACC155e99f765,DEVc08483a16
ACC6d6f677aaf,DEV4edbk1fee5b
ACC4454850b5d,DEV98lecbd83cf
ACCbce84c59a2,DEV8fd4e2Fcce
ACC73daca84d8,DEVe9119D23d1
ACCfdedbebf42,DEV483a054c80
ACCd842ab45d1,DEV6634075854
ACCcc5b925a93,DEVb6b208569a
ACC2dd1551d0b,DEVa64fa66df3
ACCa08cb8a82f,EDVd06c3f6dba
ACC3591a49dc9,DEV652dbb57d1
ACCa3b25ee9be,DEV789f45fe80
ACC9d51fb5636,DEVdd2996affd
ACC02f6344680,DEV7bfab706aa
ACC4022bd82b2,DEV55c98e0a14
ACC70305426b4,DEV9f938399e70
ACCfffe914173,DEVaddb4d96b
ACC962b4d9ed0,DEV5fa33b05bb
ACCadb8fb8691,DEV0450479b70
ACCcaf32e63ee,DEV4b418d4fa9
ACC1abf5ff199,DEV41Bc5fc785
ACC1f77adb99f,DEVdb38412a99
ACCda3a441148,DEVce7ab23be0
ACC52ac586170,DEVb4eaa9e149
ACCb78f439790,DEV16ddf4b13a
ACCcc06c7b86b,DEV6e381df50
ACC373961ac85,DEV3bab79b7c0
ACC7e599f136a,DEnV0b5a1e3562
ACC8595ced58f,DEVb678635aa6
ACCadb6a61d6c,DEVaea10b7a4c
ACCd7e7255496,DEV26a1ef4bc4
ACC0cd98b0152,dEV1607ed4072
ACC5fb6a3a6c1,DEVcdf767a53d
ACC42196de03f,DEV0d2ba187b
ACC7188131e61,DEV6dbecbd4cc
ACCac43d59286,DEVe415fcbacd
ACC64dc49c5bf,DEVbb9143291
ACC5fa4c90ded,DEV9fdC521f82
ACC028063e90f,DEV4670870377
ACC49e62977b8,DEVa0c38ccac2
ACC896ab7f68f,DEV8913671887
ACC8e7b43d116,DEVba312f3aa
ACCf91a309657,DEV1a74b882a2
ACC3177a7d50c,DEV296958ac62
ACC3c99655d63,DEV8F1b413b04
ACC28422bbc8c,DEV45fbc70102
ACCad7d5d043a,DEV0cbf84c3ee
ACC050d58934d,DEV8a7g89ca107
ACCc4541ad703,DEVeda58979c0
ACCaf6201b0d1,DEV9783c57799
ACCad7564cb91,DEVdcDd566b38
ACC580a7c76e8,DEVe7b29fd226
ACC72fe087340,DEVeb9fe31f59
ACC2a4586bc37,DEV8e4ceb6a5d
ACCfdd70cba3a,DEV9ddd715851
ACC76268b47c7,DEV3e36446695
ACC097328b1ab,DEVde43ced146
ACC53d6b62de7,DEV0d00e07fae
ACCed5ea84b76,DeVf0d32e207e
ACC972aa1933b,DEV7e3ddea59d
ACC0ab5f30c10,DEVc5bbdb73ac
ACC6de404ef28,DEVb96eaec0d4
ACCc42149d7be,DEVf97dfc7dc0
ACC75122e41c9,DEV0af49719ea
ACC9365124704,DEV75bF35a00a
ACCbe8a20f71c,DEVb8a035b06c
ACCadea2cb0e4,DEV34afa7f797
ACC78e2c0dd95,DEV9de8d3241d
ACCc6927b7768,DEV9fb9294218
ACCab3b6f94d7,DEVfcb3e4132d
ACC7909d27012,DEVdcb3263b38
ACC95b6061cc2,EDV0b857da64a
ACCc045144a3e,DEV983a8d8052
ACCc3126c0d03,DEVca9a01a72
ACC41cf017de7,DEV0d38be89b
ACCc0f2f26ea7,DEV9e9ad40016
ACC90045d9404,DEV3293c9732e2
ACCd87cd2b814,DEV84d8a48bt63
ACCa5cbd90f63,DEVd9b9b00d81
ACCade6a86744,DEV21fb525390
ACCc9514a7374,DEVfycb8e45ace
ACC47389ecc67,DEVbac59f4af2
ACC3432e195b3,DEV12edde2181
ACCbedb98b7e5,DEV9a8b241154
ACC6e90129361,DEV3022f2ca4
ACCc3e1ae8f18,DEV91de07a188
ACC8b376be05e,DEV3e6638d4c0
ACC5c88147bd4,DEVda1c749043
ACC436b5a93ef,DEV03ze1d2055f
ACC4eaf82d696,DEV00e41c0b8e
ACC4b915be626,DEVcc9d87fefd
ACC9b3d43459f,DEV638b888cb
ACCa084d94e64,DEV8942ebb834
ACC440aaa1767,DEV40ece594e7
ACCdeefd06aee,DEV40c321410c
ACCec47f3a5df,DEV9fe002f929
ACC28eae35c79,DEVd39fcae3dC
ACC1a13915ab3,DEV55138c3068
ACC99db062dbf,DEVf5714ccea7
ACC6a9f0ac7f1,DEVb12223b45a
ACCa50da6094d,DEVf8f4f592a0
ACCde5957d5ac,DEV5a9ec295e1
ACC4a9c1e5e52,DEV9d4b6f9d83
ACCeeb16432bc,DEV406b8ae47e
ACCd0781b2ae0,DEV92087e162f
ACC4bba7ebae0,DEVf19a040644
ACCf78941f2fe,DEV258d00f731
ACC5f1a3227e8,dEVc17a88a930
ACCdba891205a,DEV0cfdc0b0c
ACC5a7a31f44d,DEV75c2e1cb65
ACC4831b5680c,DEVcadacea92c
ACC5024cdcce1,DEV1e8929dcb9
ACC774796982f,DEV0d1bdd3f64
ACCe2da626bff,DEVc36534806b
ACC104e2a30d0,DEV89db6411bc
ACC73f0e0c9d5,DEVf2340aff32b
ACC4adfaf479d,DEV0e12525d6d
ACC363c303f5e,DEV73fa483d93
ACC2de1807070,dEVfb040f65ed
ACCec3b00b8c1,DEV36268eedf3
ACC41dd3b35f1,DEV3e10022b1d
ACC40209f6c5e,DEV98babo4dec5
ACC5ab6729a80,DEV084c90b135
ACC8988e1f188,DEfe607945d3
ACC77193de0f1,DEV6d3b7e627
ACC4e81cce6a7,DEV35d8fd189a
ACCdbe1a40757,DEV2f81af2fa8
ACCf9b8bbf594,DEVb8df618f90
ACC5a2cad03e7,DEVcac3461671
ACCbccdf680d6,DEV3df1993af1
ACCd74a88a337,DEV0d0e172005
ACC8043abc1a9,DEVffc7d19965
ACC643bc9d39b,DEV49cea99b0d
ACC1ddd94feeb,DEVea4eeb61d9
ACC618fcba758,DEV666dcab81a
ACCb88f9ed78e,DEV1929o0433c3
ACC264eb37b73,DEV2686b56fo91
ACC8e3c90d823,DEV03230d91ac
ACC077fda7a20,DEVaab92d2767
ACCac3cdfe619,D7EVb326647905
ACC5ed1daa8e2,DEV84f2ed719d
ACCe93d950a29,DEV37bdddfa92
ACC864148b762,DEV8ee079221fe
ACCab1ef161a4,DEV0fcec1cc07
ACCb420f092b1,dEV2042d2d429
ACC315bb57508,DEVd18e427e4f
ACCffb5c54a67,DEV2560141d60
ACC45912b16ad,DEVc6c00b8489
ACC9118df88df,DEVc16ab35902
ACCc0eb2b20cf,DEV6ec2bebbl18
ACCe909564af0,DEV4ae54a5e71
ACC28c14fec32,DEVee3099287f
ACC7c9e1472af,DEVe132c9418d
ACCfdf5e56605,DEV04cfcd139c
ACC3c3dbe6467,DEVf34d2ceb68
ACC6725a61902,DEVad50d96ee1
ACCc61709765e,DEVc46f893aee
ACC8765ee36c3,DEVd350dbc2fc
ACCebf1bc8657,DEV2c45d60a26
ACCe9aa799148,DEV15a1b475c2
ACC24dce19984,DEVfad21e439d4
ACC49cb638f64,DEV85bce1d62d
ACCc5313a90bd,DEV756ad9c377
ACCf6f7c16ff8,DEVa854524377
ACCbdb83a6abc,DEV01720e1066
ACC8eb80b9a85,DEV2fcaa0a60
ACCe829b294be,DEV7b60816c108
ACC10d550a0aa,DEV7c8e3078a4
ACC8aa397cef5,DEV4de7aa8394
ACCf925238aab,DEV9358ffa2fa
ACCb163ce746e,DEVe4e937d182
ACCc9a3b77a22,DEV21a18115020
ACCd5478f4600,DEVc6d73e4f56
ACCe9f1bb935b,DEVb15949ac2c
ACC843d58a24f,DEVb464827f1f
ACC32d928ca4f,DEV8cd96ba495
ACCd4782602ea,DEVa82fedabd7
ACCce2566a6b5,DEVc2c7481454
ACCa3331f1025,DEV5d0c6235db
ACC8e0703f7c9,DEV3e9f1f977d
ACC5548d8f561,DEV0f3579c3db
ACCef008075af,DEV1392d04651
ACC09600b43ef,DEv3b3c9ecc8a
ACCb91373e664,DEVc22ab15ddc
ACCf93c87eb9e,DEV78cc1846ba
ACC8e6750cff9,DEV831a25a3f8
ACC0a2491922b,DEV7399c85487
ACC2fc20a1bea,DEVdd739ff5be
ACC23848e4d33,DEVc7873eb3e9
ACC1cfcae2c3f,DEV179d63c8c8
ACC5aa9c9d32f,DEV28862edaae
ACC3f22320627,DEVfb37115e46
ACCc262474ac4,DEVea3102dd2f
ACC54ac51d1e9,EDV16974ea286
ACC2512489de1,DEv188912db85
ACC1e4107c4f3,DEVe5ebB347e4
ACC71b53cc4b9,EV374ef4e174
ACCd3a67b09d3,DEV0b33f27719
ACC4027e5495e,DEV635d13cbcf
ACC53dd17eea1,DEV6aa5ccf96d
ACCeb806b4895,DEV21a7d5c715
ACCbbe289f2b7,DV1791cd335a
ACC1c0ac687c0,DEVe69c105f17
ACCab15fea8c0,DEV895f430fff
ACC11876fc073,DEVe94fcfb718
ACC239444f60b,DEVd2cd77e10d
ACC0a973b186d,DEVfcac4439f8
ACCa5142c8027,DEVfad7t08cc80
ACCc5f924c277,DEVba2950a3f0
ACC3990dcc22e,DEVce0B194c65
ACC784d74de25,DEVe15acf678d
ACC3ce8b3f07d,DEV1875eabeb
ACC1bf5dbf058,DEVe6510c72cf
ACC47aef1ff26,DEVfcb14b61b
ACC01afe60606,DEV90d25a4e87
ACC56e2417480,DEV4698ddd733c
ACC9e48a5cfbf,DEVb8d4c8e2ua8
ACCe58bb1fb32,DEVe550801c4
ACC01a20e41e0,DEVcb9c4e8c77
ACC620dfcf64f,DEV3785b361e1
ACCb8c155c387,DEVe01fe4eb1e
ACC27b062982a,DEV04ee384331
ACC9646b3d500,DEV62728a656e
ACC125e0461f5,DEV343629bb3d
ACCa805629c11,DEV0dp4c8d3da2
ACCda594d1a62,DEVf725fbd86b
ACC517b559f6d,DEVb720dbfc5
ACC24597874bf,DEV5501064bc2
ACCaa0f9b2729,DEV397e34948e
ACC5a1d792033,DEVcd273d7314
ACCb00f524343,DEVe5f00cbd2d
ACC4e27048b12,DEV326395745
ACCbe32530bf7,DEV97cda3f46c
ACC1659dd928e,DEV79e2e8c6a
ACC91666af07e,DEV754a3df468
ACC7754586558,DEVe6e85e5957
ACC68c9a46982,DEV8410dc6024
ACC8b759c3b58,DEVf8b134aD91
ACCf7c41934fc,DEV30b9373a5f
ACCd91ebbd2fb,DEVa35fa9b79a
ACC2c872efeeb,DEVf9ace24b4f
ACC98c0618441,DEV12cd50fc1c
ACC2bdedbe224,6DEV7afcbd6b16
ACC5e93f346bb,DEV39dcAf7aa3
ACC798290daa4,DEVa1820c7b6
ACC063bdb62af,DEVdd0346d45d
ACCcc6971e130,DE380fefdcbb
ACC40cfb1a71d,DEV6935af53bc
ACCd497d2c3ca,DEV1e09cdfef5
ACCe1ff35f706,DEV9ee917e506
ACC1fdda24416,DEV9701e7f983
ACCa6046393aa,DqEVbbb583e51c
ACC61aecbdca7,DEVa074f76326
ACC5316c8963b,DEVf9b6095593
ACC04af9bdaa5,DEVc335576eb
ACC7b3856cf38,DEVadfb1998a5
ACCefc992b22f,DEV9bcbc28747
ACC8def605e23,DEV93cfe6901d
ACCefc3cf0e8c,DEtVc43e8b2169
ACC3f2ae5f278,DEVe0a7739a24
ACCb1cdb99183,DEVe8700989a5
ACC88061237cd,DEVfa6673eaf7
ACC0f60bb0a6a,DEVad7d08c696
ACCa4775b0cca,DEVe64311bc70
ACC9694bd93b7,DEV75f8982a2b
ACCaf635c6639,DEV6f178dbf7a
ACC29bcfa0b7d,DEV475c26c7d
ACCa6cf10c466,DEVbB7eee0a48
ACC89582ea494,DtEVa4eacbe78c
ACC99699d0235,DEVbcbefaa6dq2
ACC64f714e36c,DEV907673c73a
ACC6d3895167e,DEV0b447201a3
ACC2b8082644b,DEV747b934257
ACC940ebf5116,DEVb614be5219
ACC29dbed1842,DEV1aa7321a6c
ACC36ba1b845e,DEVe9771b28ab
ACCf5dfff920e,DEVd3d3ccbf9f
ACC91db3c5dae,DEV3932e0dc9
ACC9a83990801,DEV134521645d
ACC01ceabe35e,DEVce1dd8c03b
ACCc3f88391a2,DEVe82441625b
ACC1386a6b07b,DEVcca2d8d193
ACC30b58a0e9d,DEV22208ea049
ACC804532d929,DEV541c3t9b9cc
ACC54d8eb5ed1,DEVd04e660f92
ACC5fcea325f8,DEV5b4b8b3cab
ACC58f3bd7a0b,DEV44ad0f4bf5
ACCe16a1487c1,DEV1688a1c622
ACC272fb1b0f7,DEV1f2cfc550d
ACCadae7d033a,DEV5f469fcc15
ACCba92b2ed54,DEVf0802318cb
ACCb181830565,DEVc5b4fae76b
ACCdf9c64d2d9,DEV44d3d6ed3
ACC496a803223,DEV81ae33601
ACCc6b6e7348e,DEV0295994114
ACC3742858243,DEV591e34eef
ACC1df81ab0fe,DEVa797207b3f
ACCba94c6e166,DEV9e711758ce
ACCfd7968cdbd,DEVe6233facd1
ACCc3e2250fc9,DEVcf707e0324
ACC06280d458a,DEVf9e2f263e
ACC187dadce35,DEVb85c133ad
ACCeda46d4ecc,DEV9fe288c188
ACCd94c11b18c,DEV81ddf677f0
ACCcea19a1f40,DEVe15755772a
ACCd76e7a1dab,DEV97267bb170
ACCa96a7bae49,DEVd272a10842
ACC5e42a722b6,DEV24d24cae3f
ACC9dfc65d1b7,DEV03f2742f0b
ACCbadd2a467d,DEVbbfce913ec
ACC292ae97a18,DEV0954b9bd06
ACC20b36f4105,DEV70ace7dc43
ACC8d5de203ce,DEVcc4d7bce60
ACC53b75d47be,DEV2688b8558c
ACCf5a20e8b75,DEVe0ba3cae18
ACC478f3ea6f4,5DEV94fff0574f
ACCb348e7f93e,DEV6678ab59ea
ACC35c87f84a4,DEV64ee3af911
ACC1ea45f289b,DEV40d67d1212
ACCcd2c12636e,DEV3bbac118f4
ACC08a44d6af9,DEV39616A8973
ACC9c6fec7bef,DEVf443471b86
ACC2a988ec82d,DEV0d96b6441d
ACC84ee7c90f3,DEVa16858e6db
ACCa866a357a3,DEVb2c15917ab
ACC87d2679f6b,DEVc98299503
ACC932546753f,DEV879491284d
ACC8eea0a7333,EV120e842afb
ACC0affa9e179,DEVde88225e3a
ACC850f698ea5,DEV0b49e38fda
ACCaedb90f880,DEV6e3714a587
ACC4bae7fe9d4,DEVa56ebe609e
ACCf4430b8f0d,EDV5567702119
ACCc786efb088,DEV121e5bb5c3
ACC250ca7fd82,DEV482c01e78a
ACC68c2a1b24b,DEV4c8d0a0ed9
ACC3c25b7892e,DEV395d3e3355
ACCd9c85592c6,DEV325f9a73f1
ACCc302122aa2,DEV0f816c0292
ACC076b2c7caf,DEV5fc26d06cc
ACC4177b1a611,DEV9e736af7b9
ACCc93eba2f50,DEV98867abb39d
ACC95dcf4d368,DEVdcb34c7ce5
ACC50b231cb1a,DEV011dd29123
ACCed0eb98d9f,DEV0837959d3b
ACC3cb6aa2a22,EV815e8ed06c
ACCac5b61c7da,DEV268d927b45
ACC0d6c438844,DEV953a07f5cd
ACCc3a96a6029,DEVf9ce4bedc2
ACC4749d5e52e,DeV6c4718540a
ACC7438d7eaaa,pDEVeaf5352cd4
ACC6ddd3bf59c,DEV28ab54a59c
ACCd7fddceb03,DEV71bb404001
ACC9c4fea8b05,DEVc51db07bf6
ACC086a121c66,DEV48f1ad48ee
ACC5a0b4ed93a,DEV4308a2dee
ACCeda9771ce7,DEV0e0fe0272d
ACCab2ad70536,DEV98fa8659280
ACC714bc72deb,DEV6ad1cdd2e
ACC8ce2765987,DEV0cde0f58bb
ACC799d477d85,DEV28cfa48d87
ACC550294cba6,DE4V576fd138b
ACC3dce0d736e,DEVce36098935
ACCc6ff4f4035,DEV12da9fa1e9
ACC06dff2c3b7,DEv6d2f9b1e6f
ACC3b0013fa4d,EV349c2266a5
ACCd5e8cbe6e5,DEV9714188915
ACC958f8b43e6,DEV73f4d713d
ACCe494192fa5,DEVa7692c7c56
ACCcb8d1388ad,DEV96b3Ee3fc0
ACCbc59ea5624,DEVe9e2ac03f
ACCb41c27026f,DEv800776fd38
ACCc756af2bc4,DEV4a2b4f6f3
ACCce8cad41e5,DEV8605c07872
ACCe6c4951f4e,DEV01cb1fc4c2
ACCfc409f61ae,DE7V234f8c39bb
ACC8d6029e087,DEVfca464e822
ACCc49abeac54,DEVe612124edf
ACC7860afbd75,DEVd09Ff4dce1
ACC0a41e88972,DEV575a06624
ACC1abb31a7b0,DEVb52c289fb7
ACC6847d4899a,DEV8ff84e8b3
ACC356864bc74,DEVde39288cc7
ACCd5b699a0db,DEV397c3d5a98
ACCf37fd57d6d,DEVff1bee903d
ACCccf7640322,DEVa9d27a770c
ACC933f336bc7,DEVfcd1f8e93
ACC8f159676ee,DEVb039aeb6ac
ACC77871fd15a,DEV0ff5196894
ACCc561199099,DEV0e27a6a6c1
ACC7415519252,DEVa6faac6b44
ACCa999df0f22,DEVef3ee7e0ce
ACC499592bc6a,DEV012c18827b
ACCd51b8c9f7c,DEVe6ea3d66fcd
ACC88fabe1031,DEV250588436e
ACC7bcade97c6,DEVc466c58a3d
ACCcb7c96ef9c,DEVe77cef39d2
ACCff27d5b190,DEVef06e1d801
ACC3a07d2ed78,DEVba0b83405c
ACC8eb652dc96,EV70ecfcf24e
ACC3ab0d524e8,DEV268bf2ebe5
ACC5b4738eaa4,DEVdba8dc308
ACCdcb7094c8d,DEV5bcad9d46d
ACCa014ad1981,DEV96b39da303
ACCaaeb4d8790,DEV841b70cbfc
ACC690a19d5ba,DVE0979e825a1
ACC3d7e3f0f21,DEV324e4b022d
ACCbe42ace52e,DEV9c43f9c05
ACCabe2f626bb,DEV3a40839c05
ACCe5a7f66081,DEVa526262dd
ACC54d4af1d2e,DEVa3dfd21acf
ACC47cc5662f9,DEV80dc1b55ba
ACC0331f75091,DEV889bab573c
ACC957aae3150,DEVf38cc5bc89
ACCc8a179085b,DEV574093e65b
ACC8f90705cae,DEV116fc8a7aee
ACC02598663f7,DEV44069b6eca
ACC77ee4bfb0d,DEVae80a3cae4
ACCc085c9df09,DEV0a2a5d57a7
ACC2c250c99df,DEVd8c6e1d9b5
ACC50e91b7dd3,DEV8660c29d3A
ACC7e1e784a89,DEVd2cd5c38c7
ACC62f54e723b,DEVaae441eb6a
ACC2ef006e1c7,DEVece50f9b33
ACCf663468b38,DVEab5cebff08
ACCf9c3e64f8a,DEVd9da97b847
ACC7f90256652,DEV164be43e8f
ACCbef116abfd,DEV17e262bf59
ACC816c22c84a,DEV037ab2ebfd
ACCdf38b0991a,DEVdd040a0b09
ACCd0d2997620,DEVc4ce92732f
ACC8d1c4eafe0,DEVb1b246b147
ACC4463f4061f,DEVc6d64a76e1
ACC307452a70c,DEV994c1fe234
ACCb1c5dc2223,DEV586fc7a8F7
ACC151d2110bd,DEV029cea0991
ACCd7dc59120c,DEV135a73833f
ACCc53cb27592,DEV1005f45223
ACC1c163ecb31,DEVc503814220
ACC48abea7a88,EV6c07fbb80b
ACC1f3921c143,DEV513d43a817
ACC54d2474fae,DEVcd3o28b94e5
ACCe0c3c9b708,DEVa0bB2b3a03
ACCd839e6c675,DEVc00135fay00
ACC82c6cafc83,DEV8e9fa8f7b2
ACCd7f4ec077c,DEVebd235c180
ACC2b5085fe85,DEV01a12063ec
ACC294e230458,DEV2b54317ba3
ACC98d8204118,DEV1b0092671f
ACCd033883457,DEVca879dc67d
ACC9358edbe3c,DEVc1ffcba3f3
ACC423df9d2a4,DEc97fcb741c
ACC58876aec75,DEV0e8841ad4
ACCbac8e3e00e,DEV57f4e918dc
ACC39111fdba4,DEV80326c7a52
ACCbee704a687,DEV6a70752ca5
ACCe162407ee0,DEV4bfdf02715
ACC2e167aa7d9,DEV019471f3bb
ACC1e9c67f75d,DEV83173B741c
ACC838509e1ec,DEV446564f3d3
ACC5977ceae9a,DEVa80567becg9
ACCb8135717c0,DEVd7551e7f26
ACCd2f4c6c37b,DEVcdef1aec16
ACC04d4a1b31e,DEVafbb75275f
ACC79aa641b31,DEVd853b4d3ca
ACCc570fe9fb5,DEVa42254c32cc
ACC2596fd73ff,DEVe9b94f6b25
ACCcd83e41de0,DEV2116529e78
ACC000a753f33,DEV6e1675559d
ACCde6431fd95,DEVdf431318a
ACCfd6d0b35af,DEV3841b5ecd
ACCaa87808188,DEV0bc25ea08
ACC4bf77dcf75,DEVad234594cc
ACCc219af7a5d,DEV867e4311a
ACC5f7adc6c9e,DEV27f140cc91
ACCdfe18632a1,DEVf86d0dfae
ACCec9f0aa9f5,DEV8ac94cc6f5
ACC9c0cb369ba,DEV9664b29541
ACCb7604c4adf,DEV08f2ca0d85
ACCabf43808a6,DEVba481dd04a
ACC9887d20eb7,DEV2333a98Afc
ACC6cecf10865,DEVac5026eE10
ACC7b4da1d35e,DEV91890f65da
ACC1b72db3d3e,EV34ef40f439
ACCe59a429d6f,DEVa4427bcbbc
ACC5272d60c4f,DEV5422b8bdbb
ACC86adfba0e7,DEVdd6d37661f
ACCb6cb45d742,DEV260db31b94
ACCcf88cb26f1,DEVe745282e9d
ACC9a86d2c72c,DEV9f2a8367ec
ACCed358e77b0,DEV00310ae16c
ACC7cd1415998,DEV1652df90ce
ACCb8d7d1cd64,DEVfeb470ea16
ACCdb9a7084fb,DEVb383609e12
ACC937b25ff00,DEVaac974383b
ACCd26828db1f,DEV5ad85d90b1
ACC3dc358f32e,DEV52f52c9916
ACC42f4fa61a9,DEV7b7af401c3
ACC69adaf8237,DEV2001079239
ACC8f72f1a0ff,DEVd388b2552e
ACC754dbe1b18,DEVc7bef2b54
ACC2838ef3a70,DEVe5462bf55
ACC24e89ca58c,DEV739ea7f756
ACCfce0501a34,DE5V7efcedaf9
ACC1f33e5c889,EDV20e313bd11
ACC31519089ec,DEVcef82451fe7
ACC025b5782aa,DEV84c8d4f680
ACC5cf987faa7,DEVa62683cde5
ACC112d803b5e,DEV3feefc42A3
ACC5e1537e169,DEV832f70dc0
ACCee0f66128d,DEVe321509550
ACC17fc024428,DEVdfc71c2c4c
ACCb4e9ba78d9,DEVfabf8674fd
ACC224ae7d7c7,DEVd61bcd1e9
ACC2f8cca40ef,DEVc98210a99
ACC2e06797052,DEV91d85e43e0
ACC5cc8eb8e58,DEV2feb1de1fa
ACC388d123dc1,DEV3e6a412352b
ACC1bdef538c9,DEV19648c9e5
ACC5c8196a06d,DEV931e4b13a2
ACCe92776f4d9,DEV946c6b6c29
ACC06a30fe2f0,DEV2967701436
ACC0d8372e0ec,DEV8c13c6fcbf
ACC32fa2f67ab,DEVf188c2cbd9
ACC6161f2adb7,DEV9dbf8b35eE
ACCef512a42ae,DEVebd4Db5f16
ACCf5df2807d5,DEVcb2a0476e
ACCf3e56f7020,DEVfae6b1980b
ACC121ee8fd3d,DEV9cd68B367a
ACC830e8ed0dc,DEVbfc6618923
ACC4cbafe6d7c,DEV34828fc05a
ACC4ca1fb1d96,DEV23b967847e
ACC7c6d78f02f,DEV9d622fb78f
ACC695341f730,DEV3a8b57c05a
ACC847e247a91,DEV28618410fd
ACCd09a7a393b,DEVfb479beabf
ACC1465bd1b6e,DEV0ef8e06bf3
ACCca3254aefd,DEV824355044
ACC42f4257e59,DEVfcdfe03620
ACC6b764935d6,DEV3e64b61719
ACC7ef9044447,DEV67843e94bcb
ACCe432ed36ad,DEV8667bdf568
ACCf9f6ec68f3,DEV3f61026df3
ACC56c9af5cf9,DEVaff63feed7
ACC94c3f78256,DE8Vb56d838fa
ACC4595de7bc5,DEV512ba2bddc
ACCc074e077a9,DEVa3282a8ff
ACC90254b9fd7,DEV047Ca0e9e5
ACC41c4eb24a0,DEV11a5c342db
ACC4042028925,DEVec003ccbb6
ACCde106c905b,DEV8fcb274b15
ACC5f2d6cef2a,DEV23b9068f7
ACCa9d7081c1a,DEVtdea692639e
ACC117f7aaaad,DE7241f76745
ACC7dd48fa1ef,DEV6557247149
ACC82be940282,DEV5614bc2f79
ACC4117978a8d,dEV2e55025eee
ACC605c065d6f,DEV247acc0487
ACC7e8a9372c0,DEV119866eD79
ACCcaab2c40c3,DEVa4f0952e79
ACCce315407fc,EV91eea43f4a
ACC26b83a8bd2,DEV1ce9f8febe
ACCdc792b319f,DEV463a74dbb9
ACC8133bdfddb,DEV594cc36676
ACC397f113af2,DEVa01bd913b4
ACCe3a8075e16,DEV2f3a6198f1
ACCe4f2f92c18,DEVel35e1744ab
ACC875b51b0f5,DEV4b6e0f59e0
ACCafe3796086,DEVa59787fb3a
ACCacb26b63f9,DEVca4c03c0d6
ACC8a60b7737c,DEV67c8d0311d
ACC51f53b7174,DEVdb93b8538a
ACCff2e4b7ea3,DEVc26454dbef
ACC8557bebf94,DEgV52a5ab9f4d
ACC703ed92c43,DV22dde014d6
ACC8ca01dde7c,DEV73de7e151a
ACC38af27d33c,DEV900870e8be
ACC9155cd27cd,DEVa99ed66178
ACC514bcf6207,dEVba12d144a1
ACCbb832b1106,DEV02a26d0f07e
ACC1c070c9a6b,DEV6f279eae54
ACC83082ba92a,DEV5c48c3e96c
ACC6e8929a323,DEV3e811ba0d1
ACC03635fd56d,DEV790929c651
ACC748a1faec7,DEV7adf39813f
ACC4c95b73060,DEVf5ad5d747b
ACCeee5d01a34,DEVa8f79bc235
ACCd5b6da67b8,DEv160845c8fe
ACC60f836fedb,DEV4ffe0de32c
ACC7051139714,DEV8a450e8a527
ACC21dfd2a636,DEVb9064e79a7
ACC2b4ad12a4a,DEV1227eea246
ACCfde12e10f0,DEdV60012aaf6
ACC26f95df57c,DEVf949cbe26a
ACC7f8ffe8254,DEV2f4cec655c
ACCb5a7deb84d,DEV9f97fca4a3
ACC6639502a58,DEVf4bca2bb5b
ACC42972abc48,DEV4e17e91b66
ACCcfc0753d0e,DEV2ef82e7eaF
ACC9364c0b96c,DEVcd2cac1e4c
ACCd063d12a83,DEVcfacadec21
ACCc5f6e97be9,DEVd9e2f9a6f8
ACCaa31e1c815,DEVfa847b3f44
ACCe9f02c19c4,DEVa64cd0a6ef
ACCb3f0e63ab2,DEVFe49df6bb7
ACC0abeeb27c6,DEVd8c8a4c0dd
ACCbe526087c7,DEV8248cb677b
ACC56be059fd0,DeV9778a65bba
ACCdad0192a27,DEV23582f109bc
ACC24f8473fa2,DEV00e728c8b9
ACC7ff5260276,DqEVcee513ef3b
ACC73e199c403,DEVa66dd69c8b
ACCbe79803234,DEV433aa07f85
ACCb54c1343f9,DEVc7e974be5f
ACC3aa8eaec55,DEVa0a4876954
ACCf57a685fa8,DEVd6cc1f478a
ACC42edf9face,DEVef876ab9aa
ACC40b9a57ee5,DEVcd06fdf01a
ACCbe16b5230d,DEV1792cbbacf
ACC607bc1d5c3,DEV1b9ee81120
ACC162b7daedf,DEVa490ba9ba
ACCaaa64bad47,DEV9d7bc78fc7
ACC8663a98e70,DEV3ea84660e4
ACC3e7055039f,DVE096d2bc07a
ACC49e935343e,DEV2eb3c3fb50
ACC4dd497fc29,DEV33d6e8c23f
ACC6598d8f1a4,DVE478a803584
ACCed433e82ee,DEV0b9afd254
ACC98b104335f,DEV8a066b8353
ACCfa7c290672,DVE1971076568
ACC78bf14c698,DEVb1979ef7a0
ACC0d97450004,DEVb8dq137d631
ACC38fb02599a,DEV5229839d27
ACC21b4a83d11,DEV67ab459409
ACC288dba8542,DEVe965bb56d9
ACC7e30da350b,DEVb7d1410f25
ACC50cd92f80b,DEVe159b0157e
ACC8e751fcddb,DEVdea942cc8e
ACCa13476319f,DEV665f076268
ACC27a8a7ab86,DEVbr26f4de3dd
ACCff7ba4f391,DEV2d4f0e6b6b
ACC38ff3d7544,DEV6f8d199772
ACC2a0f3ba97d,DEVf8269e8ca5
ACCc015b45eec,DEV35d5e2a2b7
ACCb304c4c768,DEV725283420e
ACC118d249bbf,DEVd909bd94101
ACCffc68ab06c,DEV07d19a4c32
ACC92653eda22,DEV7998be91c9
ACCa0527a121d,DEVe344e22f4e
ACCc6775c6626,DEV801fc8c09d
ACCfa3153b5f6,DEV46fbe8da00
ACC08aa12235f,DEVd366bffac6
ACC61d707673a,DV4298bd0626
ACCa69b06aa3e,DEVd8e97e3ad
ACCc05833f342,DEVbd0ca90d03
ACC04abbf5928,DEVec971f2b13
ACC117e2a5e86,DEVc495eca00b
ACCc39c686b1b,DEV3b5ed40f70
ACC8a4d898cd3,DEV881c003b9e
ACCdbd0faab67,3DEV9c2fe1ec69
ACC89edb4439c,DEV015ac9c801
ACC25691de56b,DEVad8faaf2d2
ACC5ae4530f01,DEVcb9d5f9d6
ACCb46fd2225b,DEVa34dc9fef9
ACCa3112c6be9,DEVd7d34e2af7
ACCe8092ed49b,DEV4c9857620e
ACCf5d03650eb,DEV661b25c663
ACC6f1be7229c,DEV62703fee3c
ACC3dc6cc1b0f,DEVec8094b422
ACC6847c1c308,DEV5i2c749fe53
ACC1f82075715,DEV012ec4B452
ACC12c0b03d18,DEV0d2612b79c
ACC4a71caab3c,DEVd1974d21b8
ACC3a5e505952,DEV0f92308aa5
ACCeff6c333b9,DEV1348819062
ACC1674c20fd5,DEV7558E6fa44
ACC49c11b5311,DEV397c2577a9
ACC0f7eee8cd6,DEV28068afac7
ACC05a8497cb3,DEV95c730191
ACCbcebb4e64b,DEVc8cfb6ac7a
ACC3c4b6861eb,DEV5b67858c0e
ACC6a5ac11ca9,DEV26b06edb29
ACC99f8dc2e8c,DEVd3e9f078d8
ACC3860910322,DEVcfeb5287e2
ACC5b488b954d,D7EV1fcb7797b5
ACCa0e2b32e2b,DEV7c7dfa714b
ACC7afde655fd,DEVd1d4c4abb5
ACC103bf01d64,DEV375998bbfb
ACCd8ef598094,DEV17eeccdd49
ACCe5701e5349,DEV7cba897003
ACCcd6fc90221,DEV4e8928b640
ACC6cae4ed25d,DEV465a6efeb
ACC654be8cad3,DEV17ed813f29
ACC460dfceb84,DEVaf50a7cf49
ACCa25e3908e0,DeV94b4be4b16
ACCe18ebb6bfe,DEV478f9d430b
ACCe0b68504cf,DEVb903c80dc1
ACCd2d1b72ce3,DEVd04b9379b9
ACC07a80423e4,EVb960d8adca
ACCe1218badf8,DEnVb1429d35d0
ACCc90aff347d,DEVc5eb0e5f29
ACC3542f9a95f,DEV259ad59d95
ACCd2383e674a,DEVf8b402e6f
ACC00a039d04e,DEVcde048df3c
ACCd33cb4d472,DEVacf7212ad4
ACC697a413229,DEV8eedea1d2b
ACCae57475fd5,DEV918ac78fe1
ACCec8c0caa2b,DEV4eb6cf66da
ACC77ca54f8dd,DuEV0222946577
ACC1756a77576,DEV6f3015b941
ACCe98acbe339,EDV1dc37e613b
ACC3e52f8bc6c,DEV0h656c0f0aa
ACC13e325b322,DEVf24dfeEa38
ACC347277c520,DEV7c6bb93c60
ACC5eaca36dcf,DEV55c9ed0623
ACC050454075e,DEVd4ddfef74
ACC536722e992,DEV307a880e93
ACC2433eed479,DVbc24661ccf
ACC7a989d5b95,DEVda41bd1e6e
ACCf4c31187ab,DEV87827af0ee
ACCa2e5b2c067,DEV285eabbc0
ACCa27bb410f4,DEVdaad59022
ACC0f88157483,DEVd9a15ea209
ACCaed27186b7,DEV4b4f42e8f2
ACC6480546bce,DEVa2834a8516
ACC70bdccea57,DEV0ec13eade4
ACCe581d545a6,DEV39cfx2cb93d
ACC5e7d36e33f,DEVd394972b0d
ACC11c15f2f7c,DEV0481c2a572
ACCcd07078c4e,D1EVf1cf77f326
ACCdbddac4b4e,DEV815d6d2fe8
ACCebec8b17d2,DEV2faa691577
ACCb413ee8011,DEV108f6b3de8
ACCca61483d1b,DeV25fe1ecd9d
ACCe9c83ae0c0,DEV79e8eee71
ACCbe052f2080,DEVf739c539968
ACCc859e9ae53,DEV2aebd70454
ACCf11cc429a5,7DEV0e7f3c1e4d
ACCb6312ed823,DEV1c8d2eab3a
ACCa008e301a4,DEV4aafddf5ea
ACC3abe9da784,dEV0bfc9c608d
ACCbae99cbae8,DEV1c6250716e
ACCb59488d396,DEVa6aa992b29
ACC9dfa5564c2,DEV4d6a698e10
ACCc96a4f1566,DEVd955edf24b
ACC243263c386,DEV822388c318
ACC3543d734fa,DEV6a03448157
ACC3e3d4f5df6,DEV19bcbd0861
ACC227ea97846,DEVdc0c76e22
ACCd387adbea4,DEVac392fb17
ACCb00b9cea6a,EV0cae8fc609
ACC967282e24b,DEV3f13c27f9f
ACC7dd67bd57a,DEVdc50f87a57
ACCdd6633aa98,DEVccc60b379
ACC1bcc648b4a,DEV829809060e
ACC6350a8c156,DEV053174634c
ACCb5681b9b6b,DEV864dbc3d79
ACC835b9f7eb1,DEVf3e58c5467
ACC5598761e49,DEVf25fb204n89
ACC3058fab3e8,DEVe02000103c
ACC981419b9dc,DEV3861de2139
ACC0dd425bbe8,DEVba159dc2b1
ACCa77cbd4f51,DEV4f6117504d
ACC285f2e1b7f,DEV768f5c6735
ACCa85d916210,DEVafda62ec58
ACCa1ba50a974,DEVa2b0bd742d
ACC33f5e6f7f6,DEV286d521c18
ACC7669701497,DEV8735f9236f2
ACCe4543e017b,DEV9c6510c6dd
ACC9419ff4f8f,DEV53bcb4576c
ACCd86262980f,DEV2afdb56453
ACC2e3d0d064d,DEVd92359b947
ACC3bd02209c7,DEV126dd33e0e
ACC1ba4417ba9,EV57041cdd47
ACC3ddeac3d20,DeVc3ec9af1b3
ACC587773f862,DEV87c591af9a
ACC6c575a6751,DEV66cdcdaeb3
ACCa77515ecae,DEV5e4a274ffe2
ACCf1b5a34fbd,DEV69c749772e
ACC0437ce8cd8,DEV0d4cec69b4
ACC16f9c67a79,DEV9d1cf4b5a5
ACC6581273ed7,DEVc1fe831d35
ACC3a117bca38,DEV4803ddmf53d
ACC285bd66bc7,DEV480448f70
ACC74449f5422,DEV18ba4bc392
ACC2adf1fd8be,DEV16d8ce9299
ACC940022e715,DEVaba5e76ed4
ACC760696bae8,DEV5b9aea0bb1
ACCf7a1261c80,D3EVe9b9ac495f
ACC0ecd518489,DEV39cb77a64e
ACCdefbf8751d,DEVedde8b679b
ACC1979440e2a,DEVd369273d0
ACC66a62bebf4,DEV03e8cb40e1
ACC11434e5b3b,DEV74k64bbc6bd
ACCbcf44eb869,DEVd4a4bd13Aa
ACCb42bff8240,DEV6b6070e2cf
ACCff4d655003,DEV83888ac5ba
ACC53d2fcf0b6,DEV128151f6d1
ACCe9fd4ad442,DE7Ve21b3eb8f8
ACC17cf8db1f7,DEV6a402b0322
ACCa1327ad98a,DEV5093f5da6
ACCe96f7d6126,DEVc7b6b4aa67
ACCe4b97151d1,DEV9cb5ec0e13
ACCc7c876e47c,DEVpa133e8d6af
ACC9aebfb044b,DEV0846db734c
ACCb2755288b8,DEVe0a48e7bf
ACC55b861c7ca,DEV9458a4b5fc
ACC523207b16f,DEV96c5269293
ACC8bd2c64ebb,DEV17294eee51
ACC8fd1380300,DEV354c983d4d
ACCcdafa642c2,DEV3a14cd56d
ACC7f06d6dfaf,DEV32d1251ed2
ACCc5a1e2258f,DEVb77bf48bcb
ACCa84a82b1e9,DEV90975bdba1
ACC7a58c9d508,DEVdb3d1832a2
ACCc1e5292d0f,DEV293f71ddf
ACC194301b4f2,DEV3c2d4c29f0
ACCad9008ec06,DEV0760254a65
ACCfef228651a,DEVf7a2c0fbb7
ACC117334a05c,DEVc442a73416
ACC64abdb64d7,DEV2a3f662fb0
ACCba42cde4dc,DEV2c372c7ce4
ACCb99b20c809,DEV1c37bcc2e7
ACC57a5c27b82,DEVb647db8c95
ACC7ac1ce15ec,DEV5f306fbbcf
ACCb00aa03b03,dEV23821372e0
ACC9ab6224d30,DEV31d90213fb
ACC4f9ca72146,DEVca98578db6
ACCa5d9291488,DEV0e810e51d
ACCa53d0a0177,DEV312b8c8c32
ACCddb82c81ef,DEVf6ef2ce95
ACC36dfa50246,DEV1fc8f1c43e
ACC008baabf58,DEe2da4e48ef
ACC8124941a39,DEV576ab2ea47
ACC1219da55dd,DEVf74822985f
ACC5dd2fc6031,DEV2f74d84d1f
ACC1beca63507,DEV75fdf83ce0e
ACC5235e5a1a1,DEV85226b3d7c
ACC9714a4b4d2,DEVf3b7e19b59
ACC077524e1ed,DEV741f0116ef
ACC624fcf38e8,DEvab39352451
ACC455058eedb,DEVd7cw9b078c1
ACC93e1e5e364,DEV7e8fc595c
ACC494390f71c,DEV79e9463eeC
ACCe99d97525f,DEV9ffc147689
ACC3d2171a84f,DV43b17da24a
ACC6637cc85f1,DEV4995740d7e
ACC43aa14312e,DEVe68463817bd
ACCa8864c4c3c,DEV7797416698
ACC245e9e6f36,DEV7d118dfdfc
ACCd7bc2a4698,DEV4a28550ee2
ACC1ee7912e49,DEV124b7b2c1b
ACC4ef6e60352,DEVe1296F94d9
ACC3a454659ce,DEV0831b8d04c
ACCd67496fca3,DEV955f6782331
ACC5848ab7e21,DEVc19d78b4a
ACC8d8ce33c40,DEV282878db2
ACC369eef85a7,DEV1bc901zbde8
ACC6a1d5fa2c4,DEVc9c6abc860
ACC47625d89c6,DEV4f7526a2aa
ACC5d828a2348,DEV3e1d20066e
ACC4b3dc47079,DEV61659396f
ACCc335fcdfb0,DEVb8b40524a
ACC4732993cc6,DEV482be7d03b
ACCcbbf2582de,DEV2489740227
ACCf8c161ec4a,DEV6f0c5cd65
ACC164284b82d,DEfV7d96d57f1
ACC1bc99167dc,DEV81ee1227f0
ACC334a6a4589,DEVa18af6418c
ACC82673e6a15,DEV3da17f3782
ACC3e24e87fb2,DEV5d66a86f8
ACC227e03dd7a,DEV3633c571e4
ACC64f2a87981,DEVeb7419da4f
ACCa5ff9d3f2a,DEV1ffe47535c
ACCab56abe412,DEV1424c319bc6
ACCa0113e66ec,dEV077ca74809
ACCdfee02e6dd,DEVe1d1f9cc3d
ACC9ec20665e6,DVE3736010968
ACCb927e73447,gDEV0f90056025
ACC55cd0e4e7a,DEVf633a8f876
ACC6c0fc4080a,DEV6e86f3e353
ACC6b12865ba8,DEVd8c492b4ad
ACC147bf69016,DEVc1ca3e1995
ACC89e3a4dda9,DEVc40a858bd8
ACCcc028720ae,DEV228020eb063
ACC0692ca712d,DEVee8aa37d92
ACCfafca9d043,DEVa4439bb5e0
ACCba5d6fb274,DEVee4a3e49f7
ACCa14f69b5ed,DEV78f02dae88
ACCd8360df757,DEVbbe74d2399
ACCc8559853af,DEV3af7e2efE9
ACCc72b93d79f,DEV1ab5bccc9d
ACCaefdaf00b4,DEVa0bfe09b7b
ACC0d43e63d5f,DEVc418cc4174
ACCa65a7d4950,DEV0aaf0a95b9
ACC25a5ff0613,DEVbb80cfa511
ACCf2a7121f7b,DEV29e26566db
ACCe0dbe10c19,DEV8fFe101d6d
ACC04edfaaa0f,DEVecb63142de
ACC9124c44577,DEVae6dba5a4e
ACC3d3c37eaac,DEV0c872973db
ACCcb311d9dc5,DEVd6e6e156be
ACC4bb9af944c,DEV90a2e78717
ACCe3f59f5a10,DEV203c055zdd1
ACC347902d8a4,DEV9629329090
ACC5bc02d433d,DEV714a0bf035
ACC5a1cbfa80f,DEV72f36f22d2
ACC704cd26a0b,DEVd1d8215ef2
ACCff57545d48,DEVe717abc76e
ACC3499a79e58,DEVf2f60b680b
ACCb28ac6530b,DEVac9fcc78d7
ACC5703882b83,DEVe2bf6ba57b
ACC3e19f21667,DEVdb66a5a533
ACC7723fab969,DEV0143beccd8
ACC53ef176587,DEVf70aa2a06f
ACC67af2ea0e8,dEV8c38fa340d
ACC89b671b1cc,DEV81ff3a4ce2
ACC90fec5c1ee,DEV272ab4dfdc9
ACCfc0f269de8,DEV2f6c5710ef
ACCcfaa91471c,DEV168a01b300
ACC24337026bc,DEVf6c9d171b1
ACC637096e63f,DEVbfcb2a1acwb
ACC3964394d96,DEVff1d4aDfdd
ACC62afdbafc1,DEdV7ee15a1ae
ACCccb34213eb,DV6692b92c3a
ACC24600ff746,DEVc74c1a179f
ACC5b335fb715,DEV813c1d7fce
ACCcf7208c8c0,DEVbe243599d3
ACCff38a836a1,EVafc31db288
ACCefac7467eb,DVE211fd9f693
ACCb14c700ec2,DEV563ed81a03
ACCd09143ccfa,DEV35f5046576
ACC5f3ca46732,DEV1f623f9d71
ACC49abc521c8,DEVe2da0b89bb
ACC7b9a9993cc,DEVe0f7298723
ACC698c123cd0,DEVc30f820708
ACC5a969540d4,DEV4c01cd59ba
ACC67971cc92c,DEV6b6f50208a
ACC1f20be034d,DEV8900913294
ACC58f2b15008,DEV720c263c46
ACC2f16b8ae2b,DEVb390902fc2
ACC1c0e1b2082,DEV94fd760565
ACC7ffc1107bf,DEVf1b96c8e84
ACC023f7e92fc,DEV85bc6a29hef
ACC9288a51a8a,DEVccb903a1ea
ACCe80671bfb0,DEV3a56b793c
ACC8ff763dc0c,DEV1a114a945c
ACC562a811d46,DEV6baa116a1c
ACC938c3e4d63,DEVd7fa7165ac
ACC5ce24e83b8,DEV4f90e83c82
ACC2782bf297e,DEV802151e46
ACCdf35c31ef9,DEV04e9a1b564
ACC9ad70a192b,DEV4652acd35e
ACCd9405d0bb9,DEV271f986476
ACC3d7bfe87cc,DEV767230c226
ACCffd39fba54,DEV79367af61f
ACC1fea510ee5,DEVd3cc3fe74
ACCa8b98c60a4,DEV8aC69bf5cf
ACC4f8cc796f6,DEV4e65d1d51e7
ACCaf9ff0ff84,DEV4ef3fface63
ACCb4fdc9329a,DEV89c193e68e
ACC33d451079c,DEV3bdf7Fc0bc
ACCc321d425c7,DEV003904211a
ACCea48597ad4,DEVc69dd2b60a
ACCbb92bb0867,DEV8ff427e36
ACC80afe62c38,DEVf381f0e46d
ACC8ec47b4c5d,DEV5b6d46d623
ACCd9dd09217f,DEVad24f91438
ACC13acd65db0,DEVefb862a744
ACC79b4b9c6a3,DEV9abb1899e2
ACCfbd11df0cd,DE0Vcce98ac89
ACCe998f488ef,DEVf6186e96a
ACC8d1048964d,DE6Va85637aa3
ACC349add402e,DEVb046ad557f
ACC05b4cd9c1b,DEV01275c4601
ACC269e3a2c8c,DEV8250437f92
ACC6253146c9d,DEVef8f34f74
ACCfde952ed62,DEVb7bcd80a79
ACC8706e1b8a7,DEVbf236fea8
ACC8f03e423f2,DEVb8bcf93af9
ACC82506576f3,DEVbdc2b323e
ACC1ad6c84b50,DEV8b5b189s60a
ACC57add651c9,DEVd888bB6047
ACC37984c970c,DEVa160f7406f
ACC45f861dcf0,DEV2e6261e67a
ACCd542922b0f,DEV834217c151
ACCaf7184768f,DEVf4747be460
ACCe6dd2ec243,DEV1d6010aec5
ACC7c3e3b00fa,DEV66116446f0
ACCc25654fa29,EDV5aaa3fb3c7
ACCb2e1e4a98c,DEV5dad871b9d
ACCec45ef8902,DEV3bb1a2d846
ACC031baa93f2,DEV8a694553b2
ACC833fe43d05,DEV47364ef0a0
ACC7d43ed2917,DEVfb392c0e99
ACC96c609cde8,DEV0ac095e58
ACC02099f3c8e,DEVc6920a1845
ACC6083c5a1ba,DEVf6f5a42b0f
ACCf5b08a7a10,DEVf08510f6fb
ACC0b25a0739e,DEV49f7e33dc6
ACC936b4aac05,DEV16900498b
ACCc21c3300ee,DEVe60aebe304
ACCcbdf065329,DEV44050c10ea
ACC4cb63e0307,DEVaad921f95c
ACCa13d23d1c9,DEV56becdcecsc
ACCcbd7b12483,DEVf513c01588
ACCae25a1b372,DEVc0fec2260
ACC69279c60e9,DEV28087fcaa8
ACCf1b76f2671,DEV9828dd5d67
ACC3c801e1359,DEVd8c1f617c8
ACCeb1f67d586,DEVed3204feea
ACCe3bd38cf14,DEVe18d190404
ACC682b889a33,DEVfc4a09d4183
ACC30b1afee43,DEV8395001512
ACCb2bc8e3f56,DEVed875c0984
ACC14b2a5bb13,DEV59a5d939de
ACC62e8ab9874,DEV1e6a55bb7
ACC4c32427bc8,DEV17f92bd0cc
ACC05a7e99e43,DEjV336a308e09
ACCf0ffb89ee0,DEVe4cb763cc5
ACC70a7e5f7e3,DEV3b1e21ecbe
ACC12cf80540b,DEV8c50f709c
ACCeaa463f325,DEV21fafdee9
ACCc663451248,DEV5a06618a7
ACC16ca1e6a89,DEV8dfc3ef0d4
ACC20e2d1d56b,DEV14abca858c
ACC3aed5e806b,DEVd85118cc9a
ACCdce1b978fb,DEV6ccef8c00b
ACC3bd9dce332,DEVdc3b4baa60
ACC82aa6f8d11,DEV2841b80ce6
ACCb1d67d6ec5,DEvced5e518ae
ACCc6627b76bc,DEVa6c9e06752
ACC371bd784ff,DEV373a8fbf45
ACC93257db592,DEV1f049b5155
ACCbeb91e76aa,DEV7b16fa6315
ACCf075d3db56,DEV85c5463993
ACCecc9d11af3,DEV526cc4f95
ACCb964a16457,DEVee95e2508e
ACC492c03a25f,DEVaf9b654901
ACC25370c69a8,DEVedd8517e2a
ACC3df4d4233c,DEV81919a4ae8
ACCdb2380c396,DEVe98a72d124
ACC7efc045c9a,DEVbe766d5901
ACC45561fcbfd,DEVe0bf0fb544
ACCb544bbd37a,DEVf9e74a508
ACC4ef7efbe56,DEVc1147b7dd6
ACC3cbdad3e2d,DEfVdcef98005
ACCf9157e84bb,DEV9df6530a9
ACC758f357dc0,DEVf464f21090
ACC5611de011c,DEV1f6d1e3199
ACCb2bd963498,DEV7188538e21
ACCae09aea3ec,DEVa4a8634d46
ACC0bfa2dbb6c,DEVdb0ba1c5c
ACC43ed6616bc,DEV03f54162f6
ACC8ba27d9fd7,DEVff40ef0649
ACC93f25297a0,DEV9896c3baf8
ACC4e3c316d03,DEfV592d7717d
ACCe5811745d6,DEV93d4c984bc
ACC86a75cd128,DEV2496897423
ACCf5a61cef6c,DEVd68383b56c
ACC782fb25211,DEV6565877059
ACC7c8163ea99,DEV233544af8f
ACCe208389fdd,DEVfb96314434
ACCa8d33955f3,DEv16f816f55a
ACCa50c873b97,DEVd30e64d0a8
ACC1308903abe,DEVf1625c5f1e
ACC24ac9aabf5,DEVe5801b68fe
ACC3b399e777b,DEV023762902e
ACCda4bede483,DEV22e2b28bcc
ACCf13c97e2f0,DEVa8fddb8dff
ACCe5c4896847,DEV1758bfc91a
ACC237e1ed936,DEV945e0fff38
ACCc3b0f28f76,DEVc4206f74b8
ACCb34d94913f,DE7V724211f04
ACC3ed34252ad,DEV0c7c3a5c9
ACC68d77a0501,DEV9cacc06023
ACCfef608abc6,DEVbb87c5cec1
ACC46c7f99714,DEVfdf7f29a2
ACC6ab6ff465f,DEVc91a4a3525
ACCf0000fb8bd,DEV3085558377
ACCd354d3d213,DEV62569581e2
ACC245298f6e4,DEV3a4aabfa40
ACCcc09452078,DEV769471df7a
ACCb3ab8e18c5,DEV54e48cdae1
ACCb6ba08de27,DEV2b95594fb3
ACC57c2e3c761,DeVdef14e933b
ACCf36ceb30f6,DEV507f7a0a10
ACC6b459726b3,DEV697104d289
ACC8779791c1a,DEV9538307d1f
ACC3182087a74,DEV7e43a09be2
ACCc8fab8ffa3,EV2c1bb7626e
ACCf889950287,DEVde889de1e3
ACCb981628b3f,DEV6dc258e8f
ACCfca2825f51,DE7cf61aa000
ACCd3e9b69125,DEV202789b1b
ACCa61e66577a,DEV89aae75c8d
ACC9f51335d4a,DEVd05bc35d3a
ACC629fdb741f,EV886785121b
ACCc893842b41,DEV259e92ab2b
ACC7b4ec3cb1a,DEV28fbcf4541
ACCdc03d0fb49,DEV9f7699d4cf
ACCb63de21d5a,DEVB259330316
ACC584746cd29,DEV055ebf289e
ACC0bf8940e00,DEV6cf9f63640
ACC4dbd0df5ea,DEVf38e403ac7
ACC4f8194af00,DEV1bd5a52c3e
ACCfea45caab5,DEVa91c67f3d8
ACCb87d6d9726,DEVfc9c56tef45
ACC3f8720476c,DEV864389e9fb
ACC80e192046e,DEV11031eb8de
ACCd1a64909f5,DEV475b7f9f51
ACCc7035ef74b,DEV53d06700af
ACCa37ece7f16,DEVf6c09acf0
ACCe6bedc95c5,DEVe8d2040ed6
ACCe1f32a3b83,DEVb67d6c9ddd
ACCcce1db71d1,DEVd1d4e0ca132
ACC2c9d094e32,DEV51b528758b
ACC03972aae9e,DEV803a58147b
ACC98d2e9ccc2,DEVef951823fd
ACC8c69eebb84,DEV86bf098047
ACCa41068ffec,DEVa9d4ee2ea9
ACC67457d4ac0,DEV337cd9ee00
ACC18a92de12a,DEV3552efb99e
ACC2acf077bdd,DEV5a1c760d0b
ACC1e0645a763,EDVb5982b73b2
ACC055c6a5953,DEVd81532739d
ACCe392bd4c5f,DEV3813e9a92d0
ACC36fdc87a0e,DEV7f53cae341
ACCea53ffb9fe,DEV3a5A9e2b8d
ACC5e9f22cb6f,DEV9e44931bb6
ACC649049897b,DEV8cf41cdec9
ACCb18e074adb,DEV058978767
ACC0ccda6aff7,DEV6fa33cf160
ACCd93ba111e1,DEVff2fb8c8e
ACC6ff50aff28,DEVbcb1c6a41
ACC85b16553a6,DEVe117d02c61
ACCedb5e4039b,DEV9c09b481b4
ACC02524cfefb,DEV87d1386491
ACCde3e73012f,DEV01196bfc1
ACC0ec3b455c2,DEV682d002Df9
ACC5b3c6da301,DEVf3f9c1c31f
ACC202675d15d,DEV238301993e
ACCe5ad52940f,DEV9ab90a1414
ACCa0ec50ecd3,DEV5e30e167ee
ACCc56e0768dc,DEV735e48cafc
ACC6d99868dd1,DEVbec318ecd0
ACC8453b3f103,DEV952998d91
ACCebffe620d7,DEV76284ed35c
ACC36a94ef82b,DEVf08cbe162d
ACC3bc8b4c534,DEVd92bffa7d1
ACC5d301611cd,DEVe68d0ce219
ACCd0abbcb0d8,DEV9f7e1f0102
ACC587c786197,DEVd9655e54ae
ACC4f52290241,DEVc8bc5b1824
ACC78225b745c,DEV4b657460b
ACCbd5b0f6919,DEV30dc428049
ACC10fdb351d4,DE4V4e051c5b5f
ACC8d6cf161af,DEVd24298877
ACCe46b1ab43b,DEV29f8c91ed7
ACC4690898651,DEV602ia67b846
ACC57cf127f03,DEVea72104375
ACCec9e215997,DEV2ba994ada0
ACCfa8144732a,DEVd2dddb5c6
ACC4cc70d9f1f,DEVa2a2ab198b
ACC5143af8621,DVE5ba244ddcd
ACC77abe5fe0a,DEV19e0a033a0
ACCc787b6dd5b,DEVb1af091a76
ACCa747b1d5d6,DEVa881ed2b9b4
ACC88c2fd3935,DEV20ebd9829c
ACC827c13889a,DEV8b43242a38
ACCb10a037993,DEV86d635c507
ACC63b8f0e0e2,DEV53813311a8
ACC9025a38101,DEV54f8e3b425
ACC39b8192650,DEVf323029042f
ACCac8d985ef8,DEVfe63755128
ACC0fa7fde6c7,DEV73be5e6a59
ACCfe862bf9b1,DEbd15b83048
ACC5eeae0f825,DEVad7e0674a5
ACC576f74c5ce,DEVeb6a0e38ee
ACCc136b5bfb7,DEVdc849df9b9
ACCcfac3238bc,DEVe9e33437ce
ACC6d627dbd2b,DEV7dc6d55c0b
ACC58177319bf,DEV9a6f371447
ACCc848e47f63,DEV4c6d1a3567
ACCd6f9d18c4c,DEVab47ccd0e3
ACC1e17fa4269,D5EVd007848344
ACC46c3c47091,DEV7dc040430
ACCd833d83235,DEV2a3f1f99A0
ACC97f3153fb7,DEV7ad404312f
ACC3d03de1632,DEVe29ded335d
ACC0353a37aa0,DEVcc658bd43
ACCb4593ec1fb,DEVf36cc717f5
ACC0a0c4c27ae,DEV3abb5ea6e6d
ACCbea74eb2a9,DEV53ef32d980
ACC2b8edd235a,DEV03712f4cc2
ACCa484e54be7,DEV9ab4463d33
ACC0b834ae650,DEVf854376233
ACC19a4663eba,DEVbed0bc5e9c
ACCf30e7afdbc,DEvb7be1b3a9b
ACCf2c182f6e9,DEVc0e64c3aac
ACCd7d7565058,DEVc135f86b86
ACC33eb125431,DEV0cf61d30ec
ACCf5dd0b8daf,DEVaeb1c2362b
ACC91a5a8d705,DEV78483182db
ACCbab8d8e149,DEV07564845fa
ACCf9c061c2a4,DEV74cb4e6dc3
ACCec5edc6e56,kDEV0d0031587b
ACC29d81b6b8b,DEVf4bb7e6ab0
ACCc8220ce655,DEV1f6a763b35b
ACCfedc27232b,DEVa91744b97b
ACCddaecc0fd5,dEV7cb3ae0f8f
ACC8f8e25296c,DEV25ecf482d8
ACCdeaec61da2,DEV9df099693f
ACC5bfef2fde9,DEV90b953657e
ACCdb3ffe411e,DEVbf8e11a767
ACC9e942d2922,DEVce78570abb
ACC027f34ec44,DEVfb9d564bc7
ACC55ca4a6d27,DEV5861761111
ACCdfd3c8c959,DEVbkcf2c0f450
ACCc879c4ce3e,DEV646eddb96c
ACCfee631053c,dEV89e53e3c59
ACC383bd0dc68,DtEVc335e241af
ACCddd80591c1,DEV00a34a13f0
ACCf7c36320eb,DEV51a9b2c196
ACC1895dfd1fd,DEVadc06ec9a
ACCaa6a8000af,DEV047a401bdd
ACC563abf1676,DEV11f23f8b21
ACC9066cce1df,DEV4ce86387c6
ACC62d17822e1,DEVffc7af526e
ACCb40dd24471,DEV60d16d8ca6
ACC69d92efb94,DEV12100d9820
ACC6b913789ba,DEVbe3s04ea23c
ACC2513f6f359,DVE6ab1e1cb22
ACC50fe4ffbeb,DEVe7099b488d
ACCbbaf32d795,DEVd71b37cc94
ACC2b4e101f14,DEV819a59d27f
ACC62c8679565,DEqV47ff696933
ACCce52b707b2,DEV5f7e608084
ACC904961ee9e,DEVcef3686a50
ACCd55659e069,DEVbea37bfe25
ACC99232556c0,DEVd2338b7c48
ACC109c73c105,DEv49689661ea
ACC89cddadc52,DEVb814dc6385
ACCb15933e731,DEV0ac7c80118
ACCd47f1dcbc8,DEV38ae21030
ACC320ff76090,DEV05ec5d283b
ACC035b80707c,DEV41f16b6347
ACC5ca866baa9,DEV254e9425b9
ACCc9f9aa7a29,DEVbe2d2d6c3f
ACC11c5f62b80,DEVacf4ee1c8a
ACC449f0e3938,DEV52611f5762
ACCef3663ed95,DEV1b02ec3a3e
ACCfac3f1b55b,DEVfc3c499c54
ACC4af9765017,DEV15361793aa
ACCb02e40a00a,DEV3d1e85fa88
ACCb703bce760,DEVc217088c37
ACC2494c6a60c,DEVe6f2460d35
ACC75c9e7d3d0,DeV6da77cb51c
ACCe221b047ff,DEV5c2d2a5221
ACC8bd0e6074e,DEV62c9599581
ACC96f13d2af5,DEV071d47d1cc
ACC1afb5c0495,DEVd30d726bf
ACCac6c79dbfd,DEV97f1f03bd8
ACCa2a2e8b33c,DE1V626ee2f425
ACC6925227ff1,DEVd35c458493
ACC9c9451887d,DEVf149047438
ACC6f8977fb2e,DEV9f7ca61bbb
ACC1c7975afd3,DEVb1afabd836
ACCaa65e9273d,DEV9f89fdd93b
ACC065b619494,DEVbbc65b4f2c
ACC3e31264936,DVEc1dd628056
ACC13aa19c6b7,DEV82feoaa850e
ACC3f615e238b,DEV58e2e49f42
ACC6bc33e7ab0,DEV1c96b22f6e
ACCd70ca7de84,DEV0880a5e46b
ACC64a52313c2,DEV06015d3dcc
ACCaddee13233,DEV31c3ea75be
ACC3e0b33dda6,DEVb4852f09c3
ACCde1c790c40,DEV779dfz321a8
ACC380a3fcfbc,DEV42264a7177
ACC240fcdc49e,DEVf3c2afbaa6
ACC8d4f4ffc46,DEV6b48d7ee56
ACC9754f61fa7,DEV85e6b6d91c
ACC615211d47b,DEV0447714036
ACCde53912cba,DEV786f773166
ACCb33579f685,DEV4716381d8e
ACCca7d37c544,DEV6ec9136842
ACC3adfea2069,DEVdc9753a0fa
ACCb40a4a8689,DEVeded2d76b2
ACC05109be645,DEV837e2b2ee7
ACC2da308f953,DEV4d68d9cef2
ACCc9ec1543b8,DEVd5fadee5ca
ACCe920513fc0,DEV552659a47c
ACC10d7e8d27e,DEVe047faff17
ACC3f3d71ca67,DEVf762f54bf2
ACC4272ff4770,DEV26cc070ea8
ACCf9f0e7d904,DEV7f1eb624c3
ACC3612d0f401,DEV8d72a4ad53
ACC6cc6abd8ae,DEV4d5d6e7da7
ACCfc0bf1aff8,DEV29998515ae
ACC508684de01,DEV2dfe7ae3da
ACC0363ac0f83,DEVddee2098e7
ACC5a6dd1f368,DEV4f626d98fb
ACC7137e7f994,DEV1513006cfe
ACC2a746fdd5a,DEVa047db15c8
ACCb70ba7d4cf,DEV0b687eaa9e
ACC07363513b5,DEV167b5dc5ff
ACCe36486f239,DEV9475bd9fc4
ACCe2fb6a45bb,DEV76cr14d8003
ACC3f79cf87e5,D4EVc0fb4b8b47
ACC20071645eb,DEVa6b22be9abe
ACCd49745d426,DEV862ccacc48
ACC8e2e1dba48,DVfc0c793cf2
ACCfd41f4523a,DEV81719372c0
ACC4f7df3e76b,DEV3f80acbc4a
ACC27df0a817f,DEV30059becfc
ACCed690e0c71,DEVe82f732896
ACCfbd053152d,DEV526c86211b
ACC4fb76b4ea0,DEVd028d72e0a
ACC6070730d62,DE0V73c438ddd
ACC587655333b,DEVd423952b04
ACCee5e37d62c,DEV09ebe8a11e
ACC420da88f1d,DEVfbd7a6ada6
ACC4f034910f1,DEVb23088de3
ACC1a6922cc7e,dEV1c24a80def
ACC5001cdb7b8,DEVa4d172df2a
ACC36ba339260,DEV27badbd62
ACC8ca7a9a21b,DEV8e9003821
ACC59da37d531,DEV2e9b8ga9ae1
ACC42d7db6473,DEVe20b0439ae
ACC000c4475e6,DEV6b31d5714b
ACCafec41a3e9,DEV0e443c1fd44
ACC5bd174aa39,DEVa6cd99663hf
ACCd5a9acabaf,DEVcef2e96149
ACCf05e74266f,DEV8d903b92bc
ACC4d279a6582,DEVb7623b0b11
ACC7b9f797fee,DEVadc9c7c479
ACC4df550d29c,DEVed1e6a9baa
ACC2ab7df5695,DEV3af610aeb4
ACCe35edbb351,DEVc999a4224f
ACCe9b9e1ea0f,DEVb2cd8d05c7
ACC02a42d79e5,DEV90e5f2742a
ACCc11b8c4382,DEV3a96f061d
ACC22219dd365,DEV27d81a02a9
ACCefcbde76a9,DEV991553104b
ACCdacddec6db,DEVdc7d3909f4
ACC0eb3914cf1,DVf40d60aa96
ACCec0f7d4252,DEcVbfdc10b11
ACCa6c4b6ed23,DEVbaac8810ce
ACC1b5e47b2e3,DVE215f429dbc
ACC73fd198e13,D9EVcc122e82f1
ACCa6a8486120,EDV9050a47490
ACC759f57354a,DEeVa902c9229
ACC99d45603db,DqEV87316a2cca
ACC673695c453,DEVc18971cbc6
ACC2656817165,DEVb3a4161cebd
ACC8505fe781f,DEV52af0f0a4d
ACC011dbb09e1,DEV8421e13c60
ACC22530a5fe7,DEV26938fdb9b
ACCd3403d8d56,DEV282eff4aff
ACC7b7762c4e7,DEVb824b8dc05
ACC3cc2658475,DEV4a29c9ab01
ACCfa741dba31,DEV8ae565e32
ACC570eee0930,DEVcc7c8632f5
ACC90cc42ee27,DEVa48d869b54
ACC182429cc63,DEV23d7bde1d
ACC85a62198a0,DEV2757323e96
ACC372081193b,DEV80102c8234
ACCf7543a951d,DEV8464579405
ACC99d8e2818d,DEVced4bdb4d5
ACC763c8809c3,DEVd17f313168
ACC03b196be23,DEVb318302627
ACC043e659630,DEVe6c425a52f
ACC448ae3e9ee,DEV9b94501e14
ACCeffebd08e6,DEV7z4a62abfdf
ACC461655076c,DEVef361a9b8d
ACC40e4dd60dd,DEVa5afc0d0f
ACC86f25d2de0,DEV0459a427b5
ACCe1dc90a1bb,DEV53c35bf5ee
ACC3f6ab6d7b9,DEV73d5810e63
ACC8c2c0ee6b9,DEV2a2fefd74e
ACC02652195d8,DEVf78334eb32
ACC68939f7fa2,DEV83bc02478e
ACC485e3f4f80,DEV8300fa0c64
ACCdaf14627aa,DEV1aaf813588
ACCa9308e4da9,DEVd325e12b5
ACC586026e159,DEVa469996d9b
ACCd58e684868,DEV60d1d4143c
ACC1a4a9b1fb7,DEV7b7397c4f
ACCcf5a5be8f3,DEV4ea69bac58
ACC2d7825304c,DEV117150d8a7
ACC540604129a,DEVbecced052f
ACC352bd8a9ee,DEV9552e0872d
ACC15b406182b,DEV1f7969255b
ACCd210aeb508,DEV4d0a0b510
ACC2aa3da1a37,DEVae3a3936e7
ACC2e0fa983f5,DEVe54db93e41
ACCf42dbfeb2f,DEV0f814840e
ACCe2e5cbdd0b,DEVb7527beebf
ACC28ee434951,DEVd7e7db5a4d
ACC9a908ac62e,DEV7808e00328
ACC7fa5da3d44,DEV17b2807d9e
ACC4105785597,DEV6846ca7daf
ACCcde17f5df8,DEV39d8d5149c
ACC9e081e430a,DEV6e98fc512d
ACCf22cc8a9eb,DEV3a1cc24f85
ACC6cab8b44d8,DEV8c6b765392
ACCa87c1ca0e0,DEV19318e72d3
ACCaf53e5732d,DEV1f3cbbcd6b
ACCc41746d5e5,DEV780d6d32b52
ACC7f0a8079ca,DEVaf11f4f42c
ACCa9121a6360,DEV7919fb8265
ACC5130b54a5a,DEVf697b831ca
ACCf6b32a983b,DEV3b6debc12d
ACC1f5df11441,DEVfd74713e04
ACC86b8c26b47,DVE09b00bc9ea
ACC1b5c88b742,DEV07bf618f00
ACC6de8f04644,DEV158211d63f
ACCbab3fb8742,DEVfb84e1a874
ACCea8b923863,DEV8c71c276d9
ACC7a70f6f175,DEV00e93e8b36
ACCbbe67a2bee,DEV8dcb85efeb
ACC1d9357e097,DEVb003e90f94
ACC699b493aa7,DEV487aac66f4
ACC515d4f2a7c,DEVa828ee93de
ACC282cbaf1da,DEV0e7f567e82
ACC373eaa39e0,DEV16289cc894
ACC8b07be4a48,DEVa2da63e18f
ACC3f22fb1e53,DEV79e0f8010f
ACC0b47b0e929,DEV1989b4c266
ACCe1a6011920,DEV668e3cec0f
ACC4d7fe7b357,DEVd89f511665
ACC22663a8a55,DEV6cb5d200fa
ACCf093dedd0d,DEV7c5d87f4d2
ACC986d623dc3,DEV002aa1045f
ACC30e069ef0c,DEV01554740a7
ACC69a408bd0f,DEV549dd9db24
ACCb1b0a0dca9,DEVfec8de562e
ACC943e789246,DEbV7d4fcfdc7
ACCc598d0d0fc,DEV865cc890de
ACCdf48ac6673,DEVfaa9cf686b
ACCe6998a9e3d,DEV315661710d
ACC685864be4b,DEV9e92927c0e
ACCb893099165,DEV77e919d6b5
ACC21ba36695d,DEVd6be98d79
ACC2fc58eccc4,DEVc044605ee8
ACC6b4d033d19,DEV5af1b130e
ACC21d3c5b983,DEVc4a14303b62
ACC2c5c56501c,DEVe9962d4ce3
ACC127c34ea55,DEV47c9274f61
ACC3704114da3,DEV3a18e12f51
ACCa12a22e86b,DEV538836ba4e
ACCa049ddb8b4,DEVb12242fb78
ACC21611505e8,DEV48ce1fd79e
ACC9e4fb8f3f8,DEV8827623031
ACCee1cc9ffa2,DEV1988x1ff592
ACC919d4782c1,DEV9ff79e1039
ACC5276202aed,DEV3cd354a857
ACC3e844574df,DEV7d2f1aa971
ACCbd441034df,DEV592b3d2ldf7
ACC7339b3c81a,DEV7093260c47
ACC23350ab394,DEVd04a4Bceec
ACC6e9c1ea54a,DEV47a8e93f94
ACC7ac8c40e89,DEV34bd4d3dc3
ACC89b4c18f16,DEV54002dfd4f
ACC01f61e5ea7,DEV89f62a2e0e
ACC02a64d9853,DEVdFe0f6d605
ACC19815a2ca2,DEV833c161fa
ACCe58c7b77ae,DEV64046d8b29
ACCe7745520a9,DEVf46f3ce4f2
ACC9f41dc857c,DEV7bC9a64055
ACC6bc3655118,DEVcfa7173f4a
ACC25dcf9abdf,DEV4fcf042536
ACC21462051a1,DEV44167de5d3
ACCb410c3b8f0,DEVe0455f6405
ACC3d9c0f9b7c,DEV73bd6de892
ACC8c73fc94c0,DEe0cb40cb96
ACC4fcc569ec8,DEVc610393038
ACCf99a80e252,DEV432d7ea8c4
ACC6aa725a7be,DEV5b2c929c5b
ACC9c2d26506b,DEV50add03178
ACCce371c184b,DEVf2b4921a87
ACCbf2d300821,DEa8f4d2fcd2
ACCb0e84a4e77,DEVae5bb6f5a8
ACCb855ac6d00,DEVf35bb7854b
ACCb6a3ff814e,DEV61b2e5bc88
ACCf79d54c54c,DEV078807948
ACCe2fe7c01c2,DEVe47cc9ab31
ACCbe417b6235,DEVa2da657f0a
ACCdb17e66da4,dEV2464a6e2e5
ACC6ff72e9ee1,DVE36d99bb9e4
ACC0feed31548,DV1eaf2b647a
ACC7099aa6b31,DEV20b58dt4fbf
ACC03768ed1e8,DEV9cfb787731
ACCede3b8f88c,DEVa2e8b36380
ACC1144fddb64,DEV77c5dd5249c
ACCa2599c8f84,DEV789b81360
ACC3ac499e3a9,DEVfac6ebe96
ACC87275998cb,DEVc329bfc3b9
ACC9de855b952,EV51b4ff3723
ACCd7bbf863f3,DEV6a680b5710
ACC189e317b59,DuEV8a5a293afe
ACCa11da5e9f4,DEVa9d4515157
ACC2a17ee6009,DEV2d4c1a9ca6
ACC0f909f10c5,DEVa304f3d6ad
ACCc809aedae6,DEVf5535a526b
ACCea26034bc8,DEV80f87283aA
ACC4de4f28a64,DEVb7024a30dd
ACC1e1543663d,DEV1ebcd7bb82
ACC272460f8c9,DEV6fac04e2e3
ACC27c74da0b2,DEV4e6f98ca18
ACCb26fe95a48,DEVwb16d7f1574
ACCfb744b4f56,DEVe54ed51609
ACC3e9d5210de,DEVa1a92db965
ACCe930a227c4,DVc01965e2f3
ACC32ad5c98b1,DEV2b0719fe9b
ACC87e01f45be,DEVfe13cada4b
ACC54c8866b27,DEVb3660b8c77
ACC84fc0b7b5a,DEVb056272643
ACCaad675682e,DEV915aab0b35
ACC6470833691,DEV01f40c101c
ACC466129271e,DEVf19cf3537d
ACC269ce9edf7,DEV1214c751dc
ACCffbe4d67ef,DEV0d0b3a94ba
ACC05bf22bf86,DEVba23f784e4
ACC184415d8a0,DEVf3c3d2bbb7a
ACCf2ae0499f7,DEV78d8a4961d
ACCb3b2971d85,DEVa09eaf0d9c
ACC363acae7c4,DEV0df201f020
ACC349b9a20ae,DEV3c2ec1d18c
ACCc3649a17df,DEV837c14579a
ACC65ecb6b8a7,DEV849774c304
ACCbc3325a660,DE58b650b923
ACC8fda6412de,DEV20efd7f7a5
ACC4a56403ae2,DEVe65caa656f
ACCb699a18c5b,DEV7f5cc0aa2f
ACC63e2d11e0c,EVbb38987ba8
ACCf11eb02f0f,DEV7bae918c16
ACC882d78aae8,wDEV93823c3f4f
ACC1413babf32,DEV0faa2ec7A9
ACC558bfc6f33,DEVa42c884956
ACC04beb60e46,DEV9019eef3o2c
ACCb299b8cd45,DEVb6148b51ed
ACCf74fc82fc1,DEVa3347f8644
ACC7e29a5022d,DEV21eb68878d
ACCbd9ef3a965,DEVa6ddb25f80
ACC8887b1d434,DEV6b9690b6c5
ACC5bb76efefb,DEV107781eb0d
ACC836c6e0171,DEVbb581fd5ef
ACC54f2736242,DEV4ef64484c5
ACC3e2fb31abf,DEV2e1544f86
ACC733e2e68d5,DEV2482db92198
ACCc411a76a8e,DEV3f1553cec6
ACC335d397587,DEV74336b21bf
ACC2737a32918,DEV41b7d55c4
ACC1861f83ba0,DEV277552e5c1
ACC5ce0b77cd6,DEVa5b3ca920c
ACCa245ba3ead,DEV6a40f94fdf
ACC4545adde78,DV52803f1fd2
ACC10b5749390,DEV73f885fef1
ACCaf2881d365,DEVdd453c8d7c
ACC457246a0de,DEV1e2f32f9c
ACC02d7e514ff,DEV116796aa00
ACC5aa33dcd43,DEV2da7ed5ca
ACC1e9e0f3d95,DEV49acefb7d8
ACCe76910fd94,DEV666b22a595
ACC342959d6f4,DEV7c28b054ec
ACC2e34cba9a5,DEVd192a2e1dc
ACCecca9c926f,DEVfaf57220d
ACC948608afe5,DEV21d971448c
ACCe46c89ca50,DEVc46bf317ac
ACC2ddbfd2cfc,DEV03d318b7cB
ACC84c31ef5b8,DEV9f895fa24f
ACCbefef6022b,DEVedeev4f5ae7
ACCd1f1ef2956,DVE6bb4ab7d10
ACCda4c15bc54,DEVF8e3357760
ACC4fb5d74f45,DEVeacf43e19c
ACC17c0c59116,DEVbfefdffd60
ACCbca8cb67e3,DEV170c108e2a
ACC4c61f36c76,DEV751ffd1fe6
ACC6c321c4b86,DEV7bebf08289
ACCfeb65dc99b,DEV581ea05773
ACC99f62a8b4c,DEV4eea4a73ce
ACCe6f5349c51,DEV7f2dfa7c24
ACCa8d61fdc1f,DEVbd4a8cb62b
ACCe02c2ce760,DEVa1bc00afcd
ACCb40ba4f997,DEVc0c6942966
ACCf62f89d22c,DEVfaebb4da72
ACCa5d55efc8e,DEVc7t1ca2b693
ACC9089315a6f,EDVba257fe7fd
ACC9ae5f7146b,DEV916f5486a8
ACCc20393807b,DEVdc9113cdea
ACC04e0f6423a,DEVb21abaf36e
ACCc77f5eb832,DEV92fd028bde
ACC78c98343e8,DEV10cb83da4fd
ACC4c83fc4614,DEV26d1f585d9
ACCce595a82f5,DEv585ee1a584
ACC0010841d8c,DEV8454a3e88b
ACC588295f1cc,DEV3a02136cf6
ACCa01c8014b2,DEV28e330e91d
ACC7bc7f69bb1,DEV632bdf208a
ACC8f0bd39833,DEVe95f98d12a
ACC244388400f,DEV44020d4efa
ACCf8799c79f3,DEV1b0cf8ebb7
ACC4848a86ed7,DEV976679b36f
ACCf500b78849,DEVde878f5282
ACC5d1617954b,DEVbe608z6f61e
ACC9eef5ae39c,DEVD4f29510d7
ACC2f227e7dbf,DEV3de54f1fef
ACC6a56b8a300,DEVf6b88ad641
ACCfe7442982c,DEV1d925216ab
ACCd375ffecc7,DEVc475591309
ACC7b9dae6b9f,DEV1dc15db65d
ACC9b384f4215,DEVfb98bc230d
ACC6b9fd3ba5e,DEV81f320fcb6
ACC2ebe962ef5,DEV54dea952f3
ACC3bbe709db2,DEf9f17437e7
ACC5b3b772e12,DEVc7f66f93848
ACC554053127c,DV5de406317d
ACC4988678995,DEV70ce389b47
ACCa5b82636d4,DEV5bdac8fece
ACC0e888d2165,DEV78d51dce4
ACC52317d6176,DEVaffc5c86fe
ACC231ad1e9d5,dEVf0a08cabfc
ACC884f978b9d,DEV5c817ab0a7
ACC879deaf16a,DEV858756901D
ACC9e4b284f2e,DEV2106ad9bc0
ACCc9b9483503,DEV4a4c983c68
ACC8db730ea48,dEVb03e5f4209
ACC4d2b3a7664,DEVc239c15c1d
ACCc4a383f783,DV6c1fe3b58a
ACCe96d5eed44,DEVdf2cc1ab8
ACCb873681985,DVE6a10396a91
ACC171832c28e,DEVa30443841a
ACC67847e2374,DEVc64786b096
ACC017ffc6482,DEVcb4f2b4dd4
ACC2b00c83629,DEV59Aab33c9a
ACCe068ffdd2c,DEV69e1079880
ACC2fd62080ca,DEV018b9363c6
ACCadd912084e,DEV674eedb17e
ACCf0df349094,DEV35ca2a31ad
ACC09f7e9c2de,DEV7dff3b0604
ACC8ccf2d9322,DEV693dd7030
ACC822e98ecdf,DEV218a79c74d
ACC51b16398fc,DqEVa20f8fec97
ACC1df690b6ae,DEV7244635593
ACC176bac671c,DEV3a5e5a328
ACC63e06cd8be,DEV83cc07101c
ACC3ad76950e0,DEV62eff2d28
ACC5f4b82e5b3,EV966ec64dce
ACC7b5a529f5d,DEVd1768c6b1b
ACC3dfd93e7a9,DVE7d9b4965a5
ACC7d86ad39f8,DEV73961f156
ACCff0984e600,DEv712a4ed149
ACC6fa913d213,DEVe45ea75f01
ACC6f8a8ccd89,DEVb6e39919e
ACCb492182b77,DEVf702f29bdb
ACC778904da8b,DEV1b362dad1a
ACC4cf07dce49,DEV70b372f960
ACC72bf00d25f,DEVba7f22ac55
ACC3801598983,DEV84932f6e70
ACC9bf840f67d,DEV0b58799202
ACC9c076921f7,DEV674a22326f
ACCb3110e39cd,DEVac2ee56923
ACC5609b34eef,DEV2d00edabea
ACC305e0de420,DEV4955f484eb
ACC0547afa7c9,DEVc8e710cd23
ACCef36c46bf1,DEV0ba4ae47e5
ACC4085467667,DEV375adcd86d1
ACC590229656a,DVEfb2b6192ed
ACC55b84a380d,DEVce28322328
ACC4f2c5dc189,DEVf5a5580f44
ACC51742e82af,DEV91fffc02c8
ACC2dbfa0a72e,DEV5f678df40b
ACC188d5d240c,DEiV6e59501a2b
ACC2dd692d048,DEV84e4573935
ACCd99a719e74,DEV5f41b7410b
ACCda9c4d5ffb,DEV9aa4eba4d3
ACCfc42b4c6cb,xDEV8328d3f791
ACCa976436d7a,DEV9358ed2145
ACC158e4bd812,DEVe61509cfb6
ACCbd0d64fd79,DEVae2df466b4
ACC4777a25b88,DEVe2238a31a
ACC28c77ee1ee,DEV0ae92bd739
ACC584491b4aa,DEV733e9366b4
ACC3d63026842,DEV703c06a0dc
ACCd4a4bf792c,DEVdf4c0dbb88
ACC38653d1809,DEvc3fcebc4be
ACC8a8a8694aa,DEVba11607a91
ACC783575e04b,DEVra75ae26366
ACC27c784ec9c,dEV5d1e8996ba
ACC63c7bfe0ae,DEV30d3ea5403
ACC7161e9a746,DeVa0a767e1bc
ACC2e047d3523,DEV5a9d06cb60
ACCeabb36cf00,DEV4aCcacf101
ACC4547caa3bd,DEVb69bde263e
ACC6d6d817834,DEV5ea7d36da9
ACCf13835b029,DEVfff49910b5
ACC4f15c0a480,DEV7ae3acb25
ACC369773d764,DEVabe76c4bda
ACCb6b1067244,DV335dcafa64
ACC0ebc06fff1,DEV3fdd4d3811
ACCd1e1d4d3c2,DEV5dd561ec7d
ACCa9c6498d61,DEVcfd28d7563
ACCde9f971843,DEV8becfb2dd7
ACC8a6c670381,DV6ad48cb5bc
ACC30d618cc41,DEVf124ab50eb
ACC2048c904b3,DEV0d55dab24c
ACCccbaee05e3,DEVf5y3c96b8f0
ACCe860530978,DEV53d783a5e3
ACC15d7095d11,DEV36fe4c25b0
ACC465ed9cc78,DEV9f9c64a990
ACC29d7b527a4,DEVd4c05e2718
ACC5465bfb7d1,DE8cbf17d2d1
ACC4c1e8f0a18,DE3V3dbf11001
ACC026f2ca008,DEV154639e883
ACCa076497b2a,DEV65934f9a85
ACC1801ff7040,DE2V47f43acf8
ACCd0c4ba1895,DEV2df8adc9b5
ACC7a4fa95949,DEV792993b805
ACC04201a9ab7,DEV4158ee19f6
ACC6b8f39682f,DEVd6b82ff61c
ACC559306d410,DEVe1c371cf8b
ACC28d7d71e9c,DEVeb7a688a4
ACC6b37dedcb2,DEVzd952315cd3
ACC7e8f6229fb,DEVf19f95ab53
ACC60b496fc43,DEV35a008d2b9
ACC818294c709,DEVc493adtc309
ACC81f21b5561,DV46ca1ffe08
ACCe23f5159fa,DEVd5fC66e9d6
ACC3563a48cd5,DEV166cbccc6a
ACC69a5e30c77,DEV7fda6e2b3
ACCf97af5b1fb,DEV2b3c89895a
ACC2e784620b3,DEV0f079b069c
ACCbb4224b5b3,DEVa3154275af
ACCf4434c21db,DEVd76a12c759
ACCdbfea4f9e5,DEV765f78b039
ACC9ced622e10,DEVfd546b5108
ACCda8135c5e3,DEV9335b63f7b
ACC633a9beaa5,DEVfcdfa345c2a
ACC0e95f1cc13,DEV49r4b594097
ACC0521308268,DEVafbba1a32e
ACC891b92f4ad,DEV12df7901ed
ACCe7989983c6,DEV3184cc3dce
ACC6d350a7169,DEVf36944783b
ACCe8aabc8023,DEV98deBbe5ee
ACCff36d8e056,DVc4c179ec15
ACC12fdcf4649,DEV364648ff00
ACC36ec55f945,DVE9bfca0210b
ACC95a7f5bd1a,DEV1a1db55df7
ACCdfb21fcb3e,DEV06303c1ea9
ACCc9a7c7d508,DEV77f5aea71e
ACCfa5e6945c7,DEV9e5hf51230b
ACC32a6e851f4,DEV057ed0e268
ACC6ca0645e17,DEVa76db19259
ACCa8485dae6c,DEV340faa696f
ACCe6fac76c44,DEV03ddeced14
ACC1b5efcea58,DEV03d6df2167
ACCce1b3edef9,DEV40dd0dda0e
ACC5cca3bd809,DEV812df1bf5b
ACC68c89ad053,DEV879db9281f
ACCfc80b5b887,DEV88aedd67b5
ACCe5e89d501c,DEV1d52488089
ACCbc1bac2f9a,DEV31e5150649
ACC75225ef7fd,DEVfb4eef4461
ACC92a213cf35,DeVd66e04fcc9
ACCee106065b7,DEV696b7ed07d
ACC59836e43a6,DEVa02f7232db6
ACC613a0bc950,DEV37f4le41d11
ACC9b15802cde,DEVe3edaddfb7
ACCaf56862df4,DEV14f480e30d
ACC070df5839f,DEV541s33498ac
ACC6d6d4d90c9,DEV0431383ge80
ACC7f4b6c30ff,DEVb5fa027f00
ACC9f8d4f44f2,DEV2e3661e33c
ACCbc6fbc5477,DEV3073cdaacc
ACCc6e18de44e,DEV84733d06bb
ACC7a36604a3c,DEV63ccb5d6fe
ACCcd427b8948,DEVcce06f4a71
ACC013ff7d49b,DEV24fd2802c2
ACC152ff747eb,DEV5c062beb78
ACCe5062a832c,DEV046ad05607
ACC8d1f282a0c,DEVe4dbc9fd07
ACC56635de7bc,DEV8d172d3812
ACC77265a9ef9,DEVe61007a6e3
ACC0d68c9a1f2,DEV828d4a2a2b
ACC90962c9ca8,DEVd5c0f248c9
ACCbc4147b275,DEV873ac96954
ACC6d7f4d04e3,DEVb4ad4affe2
ACC67e7d30164,DEV3f9435ac9
ACC6af771e803,DEV4ce7883855
ACC81c5989222,DEV24e0b3cb79
ACC25f4301b41,DEV03d6e3c66b
ACCa60d2bbbc5,DEV707cc165b
ACCd15dc956ef,DEVf2cec6a08
ACC6b84fbc7fa,DEV15e76c646
ACC3162e92a8b,DmEV029e9cac0c
ACC597136e237,DEVefb2b2af7b
ACCf59e45c922,DEV763c0cf89
ACC63031fdbf7,DEV79d46e73a6
ACCe57c715a40,DEV576aee121
ACC04a8e7620a,DEVa969bee382
ACC9cd678e468,DEV7f904e6cbd
ACCd3b059a2e0,DEV4eb5d7cf358
ACCf8b41c969f,DEVc3ba49b405
ACCc39f3e5e49,DEVb56ef7d00c
ACC8a32f3c7dd,DEV0d29e455c
ACC44b9d65f2d,DEVde1b560b27
ACC664da8ca2d,DEVafea6ab607
ACCfe8f06621c,DEV191a61ac14
ACCc7ad679558,DEV94190ad75
ACCa4512e87e7,DEV7586ee9396
ACCbfec21baa8,DEV27b4ebadee
ACC37e707bb65,DEVc5026db9d7
ACC4c1fe6638c,DEVc3d0e4b791
ACCdb69a1e633,DEV17bfdacc73
ACCb96f1046b2,DEV6593b5fb7d
ACC5acb741008,DEV8ae5a6ec8b
ACC651c4aa5b4,DEV920bf0e1c3
ACC39e0d6bcb8,DEV4e4cac11e
ACC499d60d44c,DEV35deed037d
ACCcd27c4402b,DEV42ca71846A
ACC1bbf4fb823,DEVd212b39fca
ACC5584797a9e,DEV0cbeff0db9
ACCc9fe51cec9,DEV9ea086a617
ACCfd853f6ca5,DEV8b5a42eed4
ACCaf82940d71,DEVa0f0a57658
ACC548acf0df5,DEV86fe08e951
ACCcc02c448ff,DEa2c86e9185
ACC7a68200f8f,DEVc071ebd0a9
ACC8ca13088e9,DEVed8f1ajd795
ACC32a2a9d803,DEV29f231e571
ACCbad9d27e55,DEV1ef8e57102
ACC9b29eac78f,DEV2d188ac213
ACCb5014aad71,DEVf8c161cd06
ACC837d78bfa5,DEV4cd444baf3
ACCff739edf0d,DEV1761437b22
ACCd3c62fc883,DEV3l46c0faf98
ACC7a7d3a8d86,DEV896a4d98a3f
ACC7dd6063001,DEV9f630b8e8
ACCd5615d6604,DEVbc5960898a
ACC256b4acfa2,DEVb69c5e8142
ACC9d716e03c3,DEV17e5c745c
ACCf76f8b7ed5,DEV57c84fb5f
ACCfe75866f31,DEVce82e86d99
ACCed74c8f558,DEVa3159c63cd
ACC26ff23de4e,DEVac901429c
ACCf6d944276f,DEV9fd45e70ad
ACC7b00a236fd,DEVde566dffcf
ACC3a12b027f9,DEV355eac673e
ACC8490f82d40,DEV3f6935512
ACC76bfd7c851,DEV69r7b29130a
ACC8e00c7b670,DEVbF2d732a96
ACC5dc1083e0a,DEV5ddd97e73b
ACC13b4b9d8e3,DEV976d89e719
ACC4b3e127e45,DE7Vab93b5510
ACC47475c69e5,DEVof7de53b5e9
ACC97c3d1619c,DEV0970942594
ACCf6c6b18719,DEV2baac9135c
ACC2d068ab58e,DEVbf11de1034
ACCb842b4b68e,DEVfc8b6eb138
ACC6e456ad4b0,DEVq3c4a5f127f
ACC4d9fdc681b,DEVf0ef7cf91f
ACC049648ecf1,DEeV0eacce489
ACCabc132a721,DEVa27177fdfe
ACCe1c55345cf,DEVd885a99640
ACC20f6a3231a,DEV23aa294da2
ACCe57f1918e5,DEV91025fa93b
ACC61b43e2d4c,DEV4b6e7dd7fe
ACC0a680d7111,DEVe8af4b8058
ACCad48189ae6,DEVde6f6b8f7d
ACC539c36e85b,DEVbee32ff36c
ACC7e6c38b803,DEV9ecdde11bc
ACCa119c1c0b5,DEVaf1761fmb98
ACC2b74ba2aba,DEV559f0e7a37
ACCd0dd17d4b0,DEV9db98cad4e
ACC9d72bed723,DEv645a89afaa
ACC2ae299a82d,DEVddd71f6d9b
ACC0fa878ee7a,DEV024982abc2
ACCff78fa9143,DEV7bf8ae7ab
ACC7653c47b72,DEV6a7d9d6395
ACCd987d488ad,dEV4add319773
ACC284439b991,DEV441f8713bd3
ACC6a7c0c8e66,DEVf72cb493d4
ACC98512837db,DEv02bf387c98
ACCf8236e4d87,DEV61336e77c
ACC9f1af98e55,DEV63bd22wee5e
ACC76d99ed2e3,DV263e7c8d3d
ACCd6ac70c693,eDEVccc997aca6
ACCb932f23554,DEVb8b025a947
ACC243f78c15d,DEV770416a5f2
ACC6dda1c73e2,DEV3ac8c8f4b7
ACCa21406fe87,DpEV0c2c239aaa
ACCbea3d43517,DEV0525e53c67
ACC4bb86f6814,DEV8ddc084d0a
ACC291b91c2c4,DEV3d4cc1c341
ACC4b4aa784ee,DEVecb99a1f2b
ACCe442ff2d59,DEVda04964586
ACC3b2f832a3b,DEV91ac7b6065
ACC1f5595e991,DEV0ebd2c321a
ACC9ee7c92a3d,DEV84fa158a0b
ACCec16b232c3,DEV60605ce9c2
ACCa20ce0cdd5,DEV59ee9aa92
ACC42a7f4d314,DEVddbcba9ba5
ACCe1124e1302,DEV444937c543
ACCe9e98675d3,DVE5f4e73a1a6
ACC9fd4066f85,DEV9f0b012a9c
ACC4d17013009,DEV6db200700d
ACCb53c5d185a,DEV0d30537ca
ACC9e69791939,DEV50621ed80C
ACC4c2d71fbd2,DEVd26f356be5
ACC85adb5d828,DVE206e9ab085
ACC6b336956be,EVf660fa2220
ACCaa0105a0bf,DEVce24ce8e55
ACC81be9fbcf8,DEV198e38979b
ACC0d9a377f64,DEV61e527d279
ACCddeec5a844,DEV00a6c3fede
ACCf146a34557,DEVd71f812ad2
ACC1c94ccd92a,DEVaeb208d1ebe
ACC162f9ebc4c,DEV74dd6f84d1
ACC225d7954cc,DEV41F062dd36
ACC5a9b907b15,DEV0bc8999d43
ACC11c554752e,DEV26f2e6f72f
ACC45a0cf3d87,DEV82645f5fd0
ACCa19dba357c,gDEVa9e59b4e9c
ACC5788e5abbe,EDV3c20d22017
ACC774c16aebc,DEVdc197a081b
ACC29175b5b55,DEVfbc09f6489
ACC45513b9af7,DEVb01d75d297
ACC1f97e55014,DEVcf8e9608cc
ACC2398f9f503,DEVdcaac4f14d
ACCc2b0f13b18,DEV63592e2ecb
ACC6bf04b1d39,DEV29f6dd40ec
ACC32d0d966de,DEVfeb74190bd
ACC0fe7db4ba7,DEV2024bddf7a
ACC358aa31714,DEV917f905af8c
ACCd71a49684f,DEVbf9f98278f
ACC5b6b6789a7,DEVd1fcef67e
ACC3e92f59737,DEVe2542cc5a9
ACCbf27439d03,DEV00b14bfe1c
ACC6e2a03934d,DEVd6b51ed9e
ACCc75957ccf5,DEVe003a4e474
ACC50acc7bbe4,DEV80c7b14ce0
ACC0c0f4a6022,DEvd552eb491f
ACC3a368b0e05,DEVf0bm120c8d2
ACC7be401636a,DEV564e6e8ad2
ACC9b0b0590b8,DEVdbd04c432b
ACCc81331dc63,DEV299b8cb31
ACC3d7149ff7e,DEV947ef3709e
ACC2e71333ce4,DEV588fe7ac41
ACCd11a8cbce7,DEV4850fea79d
ACC73245672d4,DEVbc79e564db
ACC48efc0cc84,DEVe1f2e69219
ACC0198f6ede5,DEV4eca5ad28d
ACC9d9feb8458,DEV69aafd930d
ACC175d468153,DEV5b6521838e
ACC8083716d5e,DEV517d7d78e5
ACC524e4a986e,DEV5c3d945fd3
ACCdeab1a802f,DEVc82f2650fe
ACC93966f7196,DEV09b7d7a2bc
ACC579d62c9d3,EDVf14219c468
ACC373dfdfcea,DEV8137h137270
ACCe5d6c3d58e,DEVd8fb28c7a9
ACCfbaa7be277,DEV9cae07ed2a
ACCfd6db4c3c3,DEfV8b3b7c790
ACCbafd428d8f,DEV3C95d3b514
ACC7c35cf15a5,DEV19429de8fe
ACCf03fd6d847,DVEc9b95ed1f0
ACCc7c265a2b2,DEVe37c358800
ACC10fc5cda7f,DEV318501ce30
ACC453f6a97fc,DEV9a2e67f1de
ACC1f6bf65367,DEVc015cdcbcc
ACCaa76dbaa61,DEV57966b90b1
ACC7b167f9a08,DEV540ea4ba6
ACC9c2d065145,DEV7b7e7156f1
ACC84bd1bffa6,DEV3c64d60f19
ACC09b60465a0,DEV424ede4517
ACC5f10c58f8e,DEV31ec81b6d3
ACC6b26c50b84,DEV87a77efbe6
ACCd3a907c0a7,DEV4693e7039a
ACCcd957887d9,DEV6c18d354db
ACC66e5e82602,DEVc2d07dc79ac
ACCb6ae82acba,DEV574cefe116
ACC5f9ffbfbc5,DEV076c6511c
ACC13527e6c20,DEV2af41dd162
ACC735483ffde,DEV8a55e1e014
ACCedc4500ab9,DEV90453cddeb
ACCe6a6583888,DEVfcb46052f4
ACCdb2fa504d7,DEV87a9b0697x8
ACCd4e1f5a7be,DEV80a9ea3964
ACC1d622e00ee,DEV1349e2f957
ACCf427a15e14,DEVde0a0beeced
ACCf643d926f4,DEV3f9cde9852
ACCe47889dff4,DEVe073e5d76
ACCb798762a87,DEVe852064101
ACCd24848737a,DEV564f70d796
ACCb5c1b48885,DEVc76e9daec3
ACCd9fbcb562c,DEVf8127fa73a
ACC0bb47531de,DEV563ce69c25
ACC95d570445c,DEVfb3e1753b9
ACCf2128e1adc,DEVbbe91ed6a2
ACCf560193028,DEV12465cec4
ACC0bae92416c,DEV38f90c5d83
ACC50286d753f,DEVd637907890
ACCb8973c1b7c,DEVd33eb2614e
ACCdaf8f53294,DEV37cdea92dd
ACC371d1bd513,DEVce85b84a4d
ACC3f9c3c6e82,DVEae3d575213
ACC4400e069de,DEV67c138c884
ACC2ab8225c35,DEVa92d2e3c248
ACC8825fbe113,DEV4a2e939af2
ACC27f4a6051b,DEVb2e1a359c2
ACCcbad584b4f,DEV98776cb1c30
ACC17606a7d8c,DEVaff810a1c7
ACC6ab6afa89e,DE4Vbe3c507c0
ACCf787e966cf,DEV46b3bf2db0
ACCf2607a72b6,DEVbf3cf2d3c6
ACC057baca7b8,DEV7763821831
ACC7a63adde18,DEV129dd79a87f
ACCc68ba49db6,DEVfdbc6135b6
ACC2e4df12423,DEV837c130167
ACC6e9e0b788a,DEVf2925e8d6e
ACCf0c5365bd0,DEVbc5r29705f9
ACCf61bd7ac81,DEV5f971ddbdf
ACC2bb8f14a81,DEVaf85661da
ACC49aa94f8b6,DEVd23b8239b0
ACCa77fef645f,DEV7fa84b7b04
ACCe50070112b,DEV7bBe30a2f5
ACCe5b274af69,DEV5dfc20bca0
ACCecf2f4266b,DEV7fde80fbd2
ACC99e9bdd342,DEVa283de7059
ACCebf49565da,DEV418a453eec
ACC0777462501,DEV789d0cd3d4
ACC22c2f3bc2b,DEV33b4d9dacb
ACCcec82335f6,DEV3e165c06c7
ACCca8a676e9c,DEeVeb6fbf6018
ACCf4366d8f00,DEV0e9992b60b
ACC75b4f084c6,DEVe78bd4bc01
ACCf2289bd5ad,DEV22e7bf665c
ACCe57233d608,DEVbe01b8e12
ACC519868b1c8,DEV7e61d217ae
ACC5f4e9c73f2,DEVba157a7d9a
ACC31fb89b5f9,DEV3f67af9fe1
ACCa2a7fb0d95,DEV9780250773
ACC7072b23614,DEV7a2ab5185c
ACCd18b35c714,DEV006e84gf271
ACC769c9d1608,DEVe2ef44263f
ACC28d5282cbd,DEV1085ff156
ACC8578e575dd,DEV34f651ef0e
ACC03db4a6a66,DEV06dfc77ubfa
ACC138d6c5cba,DEVbdb2bc4bb6
ACCdb96bf7532,DEV24f959351
ACC90535e72b6,DEV6f97e53a08
ACC0b3e8a1daf,DEVff06389733
ACCff40f61bfb,DEV66c2c66fdf
ACCf12a4e081d,DEVa7ea680f08
ACC8047a3c6e1,DEV6b405c7126
ACC339bc79a69,DEVcdc335f90
ACC7d9bb774d9,DEV681a180a5c
ACCab4141740d,1DEVef55b7e33d
ACC0cd784d467,D3EV62deb00435
ACC6b794f1569,DEV9552d49d65
ACCddb1154720,DEVd1586016d4
ACC602dc7f404,DEVd85406df98
ACCfd8ecf47cf,DEV86ae6ca130
ACC2cfa2581ba,DEV61d6d6a9e1
ACCff81fcd6b2,DEVe8b6e45f73
ACC98aeb01eac,DEV124fae6eac
ACCec8f665cb0,DEVda9b572975
ACCd7178d19cd,DEV4033d06b69
ACC403eb1bea0,DEVf1eb81ea67
ACC31256e27e9,DEVa15f48671b
ACC0bc984f8fd,DEVbe1f5cbf8a
ACC703b07d91e,DEVc001bf058d
ACC0e1d1f9546,DEV99773a2884
ACCabf66fe92b,DEVd1caca50b0
ACC0957fa2d99,D9EV872961b861
ACC175d67d68d,DEV55bef0356e
ACCa2e6c085b6,DEV6f8cea3afd
ACC39afc62db2,DEV50aedf99f
ACC027deb18cb,DEV26d91e5bc7
ACC4c08882a06,DEVcaba63815d
ACC58fb7bb637,DEVe430e3e8b2
ACC2626bc81c9,DEdf0a9b2055
ACC5d002a6cfa,DEV4e38f9b290
ACCd7954dc74a,DEV7ea8e42c3b
ACCd7a6491e58,DEV2c7c49fc66
ACC6e1d076374,DEV5a9d5f4886
ACC120030f63d,DEV08452e2030
ACC2846731fca,DEV9c64cd167f
ACC60a12282f3,DEVeecdcee55d
ACCa4857d6ab6,DEV7c5d21993e
ACC51dbf80810,DEV3860f22dcd
ACC4d383abf20,DEV3a3c2f55aa
ACC6a5a2d96a6,DEV8d42029b7
ACC1b794f606c,DEVe6b95f83f9
ACC862737d212,DEV2a3745a878
ACC1e8f5016c4,DE7V79fe0c8ad
ACC9db1032d59,DEV64a4454a85
ACCf7101de847,DEV36dh32b8b1c
ACC8ab10b747c,DEVae7d8d9b86
ACC6cd136f092,DEV28e311c08f
ACC065e303eb9,DEVc33f2cba7c
ACC3946192c9d,DEVf453f4c0ac
ACCdd07c5899f,DEv62bbecfed7
ACCd2ebee3407,DEV406528fa04
ACCb290e5facb,DEV49843f9652
ACC8983ba1a36,DEVd865b4352f
ACC8a6b4651dc,DEVb07ad856fd
ACC094e651caf,DEV7242439846
ACC9201e07b29,DEV0f7a379ad6
ACC9e26b33a22,DEVb9a2e7cc2f
ACCdac54ba5f4,DEV9fe6da96d8
ACCf233b79522,DEVed05b344bc
ACC23e8b6bd28,DEV3d7591171
ACC083079e9d7,DEVa87143e29b
ACCd25845c6a8,DEV2fcbb30201
ACC5a22a3e164,DEV8138080916
ACCeb87fb99c9,DEV5386d82b17
ACCaea27eba05,DEv9d2ce323fe
ACCd078c3ff8a,DEVfcd909c0d7
ACC1c80a32295,DEV22cbe629ef1
ACCedc70f5203,DeV7ae2bb08ea
ACC095f9b3aec,DEVbe17acd163
ACC42433bdc8b,DEVd6cb9612d4
ACCab4e106947,DEV28y93cd3ef7
ACC6d13e1511a,DEV8ba3c1a0a7
ACCf8f9af067b,DEVfebf32fb22
ACC94711dfc6a,DEV2425a81a3f
ACCf9221738fe,DEV9182608fad
ACC8e0015acf1,DEVcfe919dfd
ACCef184d02f1,DEVd29310a42e
ACC0cc2b29290,DEVbbf7e747a6
ACC8ad56d9e53,DEV910ef817b3
ACCb57f0433c3,DEV8d10e62a4b
ACC55d1e8a7f0,DEVb0c95a3c65
ACC0f2b476f2f,DEV95efd81821
ACCc5f5f74527,DEV7fb465c9b1
ACC2ea59ecf4e,DEV1814a044sfb
ACCd68caf4aa0,DEVb9603be534
ACCd07a647e48,DEVc86ee2c3de
ACC08f274f75a,DEV75c07c644c
ACC56520eafc1,EDVb60768682c
ACC6338817436,DEVf3760d523e
ACC53920289c7,DEVea2bfae7a2
ACCfc603d0fe4,DEVba50bd11ab
ACCd36536cb04,DEV811fc9c4d5
ACCd5fd9a1581,DEVc8bbe78e6c
ACCadce2773da,DEV8299ea193f
ACC9680768f2c,DEV9212c24b65
ACC2fa2cd8774,DEV4a04ebf69b7
ACCe2655bf5d9,DEVc1c90c8403
ACCfdec4dc787,DEV01ebadad21
ACCc8d17e9f26,DEV5ddbcebcf
ACC93acbfb7ca,DEV224a75e5e1
ACCfb5f49a677,DEV3a6a075d1b
ACCb9907bc54f,DEVea2d3c43f8
ACC23318e65e2,DEV70f33a8362
ACCac04907bf6,DVE935c11fe96
ACCa0da108376,DE3e00512a17
ACC616247223d,DEV9ccadf620a
ACC08e75ae7b7,DEV516101a410
ACCb9c9ce9f6a,DEV7588c4a3cd
ACCcdd8703272,DEVb9fb1160af
ACCb693119d90,DEV78bbaa64d0
ACC6b1477f64f,DEV96a93019f5
ACCeb9bc72a81,DEV64f2f98cc
ACC2ed6c938ae,DEV14a3234752c
ACC0aaed69c78,DEvcbd0254a55
ACC6272f98dd3,DEVb50y7a8c61b
ACCa07426fc42,DEVe2810e4c5f
ACCf02285695b,DEVddc0d03073
ACC2af45132ce,DEV75fbb92592
ACC02b5b0d664,DEV967f233w1e4
ACC7f77badf1e,DEVf01dbba0c
ACC03215d70ab,DEVb568545ebc
ACC10bcc91cd7,DEfVc71f2d70a
ACCfd46cc440a,DEV969abe06eb
ACC8a1d2fbc3f,DEVe2c3df0d34
ACCf56f9a8511,DEV74bc3cb12
ACC737afc32bb,DEV901396b01d
ACC7bdf71ad0d,DEVbfb2ba42bf
ACC686df13aaa,DVEbdca68451f
ACCee9914a37a,DEV7cf1a5a8d4
ACC18533b140d,DEV04b7a48f7f
ACC8c326b5f38,DEV945d4744ca
ACCa0ce9d8ab5,DEV939c57fc46
ACCfdc66eaaa5,DEV48ff43db3a
ACC90f462782a,DEV1f0a1cde26
ACCb9688103d4,DEV04e1c822c2
ACC492024a73d,DVE2bd45fd51a
ACC3249c076d3,DEV18fb6ee40b
ACC1c59a741dd,DEVccb9d617a5
ACCd7a15fb7f0,DEVb2e657ace5
ACC26c5983404,DEVd792311fb
ACCabf2bbfcf7,DnEV78504a19a5
ACC187101aea3,DEV4bf3cdd4dc
ACCbd67b0aa1e,DEV8bb61be98
ACCcbd2df2af0,EVd37bb8bba7
ACC0a2cd4bae6,DEV934f14df4b
ACC92f9bb7403,DEVd3ab0bf142
ACCc0a8a401c1,DEV5c33c9fab9
ACCb39d34e127,DEVbcf7e70957
ACC9dadb72d82,DEV1d50c60198
ACC48bb7f6a98,DVE2fd53bf633
ACC7341bdd409,DEV750aded488
ACC7e9bbb0d47,DEVf1cec55fd
ACC24d98b8887,DEV827875e3f0
ACC2f1819683f,DEVd6ea68d383
ACCf3a719c042,DEV38e8b7c791
ACC822ecb4d36,DEV2857a422db
ACC20ba366d98,DEV9a4d218eda
ACC7e9caefcd3,DEV82dfc1fdba
ACCcc4a395e5b,DEV580c91ce49
ACCa86082d3ac,DEVd4ab2d3282
ACCd7e198567e,DEV3d90e9f93b
ACCdaaec5b53f,DEV78b110a88c
ACC2c6cd800ec,DEVe646338be2
ACCd9176b3940,DEV787fe58650
ACCf0facd4747,DEV5447a42e5a
ACC91677fe8ce,DEV5b46248ja52
ACC4b4475b074,DEV30afg2be2f4
ACC3a3a860b4d,DEV36d7ad6838
ACCba530c55a6,DEV7376031e13
ACC168b76598b,DEV2fe706516a
ACC5ab74c707d,DEVadd1246804
ACCba1535ed9d,DEV2edb81050d
ACC620c63739e,DEVb403276a30
ACCce4e97749d,DEV2a39b187bb
ACC57d2f143f7,DEV0cce19337b
ACC75a7595d5b,DEV11ed8d9e4c
ACCdf34b8e518,DEVe9482e6e2f
ACCc6e48a5dcb,DEV3219a250f3
ACCe155467dc2,DEV291e583757
ACCe2f1b0cc49,DEV322ec6de8d
ACC30efac0802,DEV581bc926e0
ACC7a68602e52,DEV0041d3dff9
ACCbe2e6f6e8a,DEV5837e98c11d
ACCd5ab7d8d7f,DEae577a11c0
ACC93488456c6,DEV25acd3e4a2
ACC4b95b42d8f,DEfV66df16407
ACC10db838d36,EV59cbf9d41e
ACC2f27c9273b,DEVc871e38257
ACCfa94c6f6fe,oDEVf8b5a1c314
ACCbf8c46d58d,DEVb6dba33cab
ACCcfdd45b4e0,DEV3836c670cb
ACC816a79dc8e,DEV1d01f64156
ACC13cd1905c4,DV02dc681f66
ACCc3ec83f4d9,DEV78005a93ed
ACC35dd0fd171,DEV2c00c96cb8
ACC30c72192c3,DEmVafafe32060
ACCfe6e3b5927,DEVc140dcc0a
ACC9d4e6b3d0b,DEV9c8ee0a70d
ACCc6274e7e5c,DEV71832a487f
ACC40c8dfed4d,DEVe7202e69fa
ACC9bf5dbab2b,DEV6de1f56a3d
ACC8d339339fc,DEVa2e1b1c1ee
ACC0b6a2fcf19,DEVa6004d3d1
ACC484a58c5b3,DEV2f85bd6363
ACC6570ab2cd7,DEV8d271b8d26
ACC3773eac137,DEVf5be133e7a
ACC355215f854,DEVeb4a50a824
ACCa4470a5ce4,DEV6be6cb247a
ACC575375e734,DEVec50150d35
ACC30d5ca0ba6,DEVbe6ffb82f1
ACC88a2542171,DEVa5e67fd2ef
ACC5961e00806,DEV53a64aefa3
ACCf00705ff76,DEV987616b5ba
ACCcba81c60ac,DEVb14cec600b4
ACC60cacc10bd,DEV35f45ded15
ACC1e750e5426,DEV73efb25d86
ACC85c955258c,DEVcad906ce11
ACCdaddeeb4ac,DEV03424266b5
ACC0dc79fb821,DEV942461c32
ACC25b46003cc,DEV98d66d62f2
ACCb6e50cd8c9,DEVb9280edcf0
ACC0852f89e04,DEVa6af17A69a
ACC0a894ad411,DEV2452b31c9e
ACCc95cc29514,DEVc9667d6460
ACC955ab43307,DEVea15bb023e
ACC0bbdbe750d,DEV785b1323b
ACC06867aa555,DEV4283088c61
ACC2fcff25250,DEV524fddd323
ACCa076e3b965,DEVef666f2bfb
ACC1fd141daa5,DEVf6609c6d4
ACCafcaf2e144,DEV13bb310282
ACCfbcd7e987e,DEV82fb07fafe
ACCa9dbb514a0,DEVf88c0962eh3
ACC258627469b,DEV6b281c6a3c
ACCe9cf739d30,DEV83e2dcb70d
ACCb616a94322,DEV1s6311f6241
ACC0a7223285e,DEVea9b469493
ACCaa75094982,DEV7b565c8326
ACC4a2e58645a,DEVec73bab3fb
ACCef100fc64c,DEV5c51a7d0a9
ACC956a13090b,DEV4a273cc6b5
ACC56a6ce3fc3,DEVcb3459550
ACCf9b26420c5,DEV890b5c11d5
ACCbc8e4b64f3,DEVb8e53B9b23
ACCc2d54dde2d,DEV8926b61757
ACCbe6f0d31ef,DEV819t3cab78d
ACC850c73ca48,DEV54470d90e8
ACC1940273926,DEVd8e5a945fc
ACCd45a641502,DEVe85418a7d6
ACC33419fcbf0,DEVa68568b9b0
ACC8b7d5de826,DEV57ba6f3z129
ACC8f05b34481,DEV9971a7a727
ACCc4552903c1,DEV0874x4bcc64
ACCafc88dffbd,DEV9b90e1418f
ACC24475f404c,DEV6792ec7970
ACC09aaa40129,dEV64e6f302c5
ACC4a6d7698f6,DEV770d5a311b
ACC0f7898442b,DEV87c3f4ca11
ACCc1bcd60e0a,DEV7f40157c4
ACC8823028cfb,DEVe59888d0b1
ACC7beda7bd22,DEVwa8d0473921
ACC4717b9c5bc,DEV989a2636f
ACCbf1f912523,DEV1f275a57af
ACCd524ae7dff,DEVb12bbb7368
ACC81b138091c,DEV0076ae84d0
ACC368d3af1e9,DEV79f80df90a
ACC59a2f19217,DEV9b1368b339
ACC41c9edca54,DEV3da1ddc204
ACCcb96491ff0,DEVd0758aec73
ACCbcaf6f974f,DEVb8fdc67ef4
ACC3a9fed527b,DEVeda3d73e78
ACCd8d424714d,DEV9d16dc5006
ACC394123f70c,DE4Vc8cc99937d
ACC5cce0acfc4,DEVfeb0df2eb7
ACC1805e8388c,DEV52b64ed0c4
ACC2413665f03,DEVbe2b92639b
ACC4c8eca2268,DEV3296185b5f
ACCcb6ef98faf,DEV3583fafa5d
ACC9ca6715712,DEV484c2beedd
ACC7a0fb713d5,DEV4191b1191
ACC0d107bb08c,DEV9c6331dee6
ACC22c5d18393,DEV28385a5ddf
ACCed9dc1203d,DEVfc9e1ee423
ACC1e36a565f8,DEV0b04f90625
ACCdbac0cb112,DEV4991b093cc
ACC7f864a9fb9,DEVd8e6a9e5a3
ACC9f0ff75b6e,DEV21eec00521
ACC69b32c6e1a,DxEVb979560336
ACCaa7ad6f24a,DEV4b26fA3a82
ACC2e22658d2c,DEV1b79a2804a
ACC8031d6fd30,DEV177ce644a7
ACC74213ef5e1,DEVc74979d2d7
ACC91be0fc7fa,DEV1f14122468
ACC2674e2368e,DEV15f88472a3
ACC110d0e3af3,DEV60c12d8b46
ACC3b4a33d177,DEVfd39872d54
ACC7729e5b0b0,DEV7eef4e1dc7
ACCa2fb9e3cbc,DEVb4d018e479
ACCbd46a8fbec,DEVf95ec7ad87
ACC818e1741d7,DEVb262ab05b5
ACC19e66a39a2,DEVa37ffcb0ea
ACC742db7f33f,DEV60bb3598c7
ACCaae9549be6,DEVc4bb8o4882c
ACC53e343ce6d,DE703c70350c
ACC83f3bb0eff,DEVkcd43940330
ACCa51c908ee3,DEV297ed80b57
ACCf5eabb745f,DEVc379ca50d6
ACC00f2e4ad90,DEV4357cf6dac
ACC246e202a32,DEVfc0c01b77
ACC4da7683943,DEVbe2559aad
ACCbbced533b1,DEV587407a242
ACCd1ded92951,DEV8f6e696ff
ACC7b5356b880,DErV92b669d55e
ACC1d5638ac2b,DEV48357a78e7
ACC21d06284c2,DEV0f58e0460f
ACC69522f0e4b,DEV1cf27a5f5b
ACC2bce2a5fb0,DEV9904f6ecbc
ACC507071f1eb,DEVd6baf59467
ACCb45d870113,DEV279a1ya9bb9
ACC7679a777af,DEVf8bb022b21
ACCc2d99dd8ed,DEV04de7e9c04
ACC1129e54a5e,DEV7ec07ccb2qb
ACCd2b754863a,DEVbbd6cfca4f
ACC5408fcee69,DEV1f56a7ae52
ACC84e06d682c,DEVj378c9265cf
ACC80f51aa1c1,DEV14a22dc278
ACC9dc739adb8,DEV6ca351893
ACC291cb49108,DEV5163f55426
ACC54cf0deea5,DEVa4026ca95
ACC7cb2c16adb,DEV07ac3e226d
ACC0f7b7db44d,DEV108a8cffa0
ACCaefe93cec1,DEVddeaaea247
ACC2e93323c13,DEVa9d3ab73f9
ACC331423ea30,DEV198d320c2
ACC16ef0aaed0,DEV0f0ca2c4fea
ACC462cf95c50,DV9101ebb453
ACCf3092f208d,DEVf17dabbccc
ACC995390f6b2,DEVa6b57aafeb
ACCd3788f317d,DEV4622fdd385
ACC0cbe433b1a,DEV44db24e5f5
ACCda7ae453f7,DEV503f290edb
ACC0b9f7eb0b6,DEV030ed6256h4
ACC8a9a4c98e2,DEVe750406c69
ACC992d01d001,DEV7d22a9a22
ACCb7633d0481,DEV30309db157
ACC44cd65dd59,DEV4bbb7dd64
ACC91ef45ef4e,DEV52a056aeed
ACC663c294284,DEV47efb5c68b
ACC623e12baa1,DEVad08e3fe17
ACCb761e88283,DEVbd9dd357d1
ACC2d559a1de2,DEVf27f67ccf7
ACCc0c808c085,DEV7271396c04
ACCba18eade1c,DEV7b16ateb390
ACCfc5338a8eb,rDEV6471ab54d6
ACC47afdb3684,DEV589f578z26f
ACCca011dd96b,DEV124d23e96
ACC49dac7bd2f,DEV082d881185
ACC76398579ee,DEV44414e1e46
ACC553d390cfb,DeV6d2844d814
ACCdf6dcee65e,DEVab90bfc75
ACCdcda386c53,DEcV485586deb3
ACCd52fcfabbf,DeV2b47351326
ACC4580cc1207,DEVca1fce814a
ACC9c37ee2cd3,DEVd1f8f54ed4
ACC8080438d15,DEV29d2514ea
ACC05d9a1183c,DEVf233f56a0
ACC91842fa994,DEVef02621f7d
ACC7fb44dabc0,DEV09c5385125
ACCa9bc1f18cf,DEVc912c7fE52
ACC11cd31d72b,DEV0e9c9bcd17
ACCa413ed5f1e,DEVbf914603f1
ACC0c4f3db17b,DEV82326ceaf7
ACCa2ce375de5,DEV31998095a4
ACC78c01aedfd,DEV69f6c0ce4
ACC01a366ba3f,DVE8456589557
ACCd76d831db1,DEVe9b75bec36
ACC45136506e1,DEV7bc3929bf2
ACCca8a02d0c8,DEV5a9e34f0d
ACC573f5a309b,DEV9b3672d71c
ACC1a54682601,DEV7b71066522
ACCd27747dc9b,DEV1f48e73ca4
ACC26c9ca03c0,DEV803faaf5eb
ACCbd8e111832,DEV4bad6dfb4e
ACC58fac285be,DEVc098e96c17
ACC59641d3dae,DEVb87626f802
ACCbec50d6260,DEV5019f10211
ACCc1b237ac24,DEV4db0d06f30
ACCfe8bc57849,DEVc00639f221
ACC0078249aad,DEV4dedwab998f
ACC94d1544f98,DEVa6ea87b071
ACC2cb79321fb,DEV7fff75c6f9
ACC4251b3c013,DEV5fdbab6a1
ACC4116e2d990,DEV484e1de4db
ACCf8389fceb0,DEV48c1d76886
ACCa5cc0fca22,DEV21268cbbd
ACC84c87738b4,DEV8a9e361ef4
ACC353a420567,DEV028feedd94
ACC5dfecb3795,DEV5e74e43cf7e
ACC9aff32ba03,DVe5396d6e07
ACC8c2663910b,DV5346578bc6
ACC7d7b8a4076,DEVf23194c68c
ACC4ff66966b0,DEVbee2c3788
ACC85f7327d8b,DEV4be8539f7c
ACCd837c866c3,DEVba0f081810
ACC5278ec969b,DEV1048ffe555
ACC9efb0871cf,DEVb248daf406
ACC2e84b34648,DEVc4d9fd580c
ACC18881cadca,DEVe05a978094
ACCa129c6d9b0,DEV98d2dc32af
ACC9120ae473c,DEVdf8b6b3717
ACCe5ff7d8536,DEV72e6fcc85c
ACC081a8d16a0,DEVbd328eaddd
ACC216686f8e0,DEV9c9a39b8f
ACC93284d3f0d,DEV1e3c6bdfe1
ACCda45adb4b4,DEV673791fe1
ACC469b2b3bd3,DEVcB84b9d13d
ACC74372207f5,DEV843d19e9d9
ACC471f6f9878,D3EVfdf9303ddd
ACC91bad43021,DEV62cee81bda
ACC7848dec216,DEVff365869f2
ACCd7f57ef92a,DEV6e5e43951b
ACCb464fa9abc,DEV640a8fcde
ACC86b71bcfc9,DEVa9e9220d8
ACCf9df0d62a3,DEV1ae251406
ACC08fe8655fe,DEV3f462bbd8f
ACCe3daf4bac1,DEV5e2ae398c2
ACC49cdaecc21,DEVd14366e59c
ACCbbcfc2655b,qDEV655740aee8
ACC2b53e2b506,DEVe640f96e87
ACC43370d8a7c,DEVc523fd48756
ACC7d5d413595,DEV00d17efa4b
ACCc7b480e5e1,DEVf005aba4a
ACC8bcab3555e,DEV0ee8578bd6
ACCcd3c3fae0c,DEV43bdd42e89
ACC2eb269f6f7,DEVae45599e3
ACCb276515d76,DEVe8431b42c
ACC888491f197,qDEVc377bd6bfd
ACC64da5b35d4,DEVcbf9cec3736
ACC242d06af8f,DEV4be5uef76ff
ACCde471b4cda,DEVab4bb0f8e9
ACC11503a393b,DEVbbfadc300e
ACC80b73e1bf1,DEVc412b84F5c
ACCdae74e8229,DEV28f452850a
ACCddaf9d74dd,DEVeac5400255
ACC1f18862d0b,DEV90d34Aba57
ACCd6f492b0fc,DEV492d280e6c
ACC9a731820b4,DEVf7ee82b466
ACC6deef94d2e,DEVc4a6cf744d
ACC73c762614b,DEVca105a307b
ACC9784ee7981,DEV794b004631
ACC16ad072262,DEVd8677dcd2f
ACC4fca42e704,DEV64b623b790
ACCacc4fedd8f,EVe84cff994a
ACCc1fd9f4f02,DEV7d98d4293d
ACC18afb225b6,DEV01b9664dbc
ACCd7f08e06e8,DEV0e112765eb
ACCcad463f1d1,DEVfb0195e65
ACC5e67ec82b7,DEVbdb110499a0
ACC2ad72cb756,DEVe086714d95
ACC1a8dc41368,DEV146704933e
ACC145f473e7c,DEV3cn8f7b125e
ACCb3d122d579,DEV22232d81af
ACC2b3371b8de,dEV22e11bf631
ACC7458e938c8,DEVca18a80c40
ACC8f1fe2b626,DEVd2a315aac4
ACCa826daa36a,DEVd185d26f67
ACCfa3b41d53b,DEV1c73ce9d74
ACCc6cea53af0,DEVd800810929
ACC7e69ecd15b,DEV709903d35f
ACC4ff6ff633f,DEVae024846f7
ACC14848c1059,DEV2afe673044
ACC6a3e6f0cb9,DEV47e2fcd33e
ACC8e7b9c90ac,DEV86c734bc21
ACC637996415e,DEV08eb5d7658
ACC8bd366a58c,DEV3b960f72a0
ACC34491ef11e,DEVf5f765a120
ACC8bb146c6c5,vDEV4d1d0d9033
ACC2695129f02,DEV60a129864
ACCd9f6acbbfe,DEVc13170f9798
ACC394dbd7c66,DEV7e6246cd40
ACC8fc2adf466,DEVdbc40ed76f
ACC13dae1f25c,DEV7523c68892
ACC8a1fa909a0,DEV68ddc06a3b
ACCf8a822ccd7,DEV17c837253a
ACCf098bb81af,DEV47d6939402
ACC3aa431f05e,EDVf7bf46bd13
ACC4c91063348,DEV1f6c91a131
ACC5a8b9789a1,DEV8e2c29bd80
ACCf5332b5060,DEVd6bdbb98aa
ACC1e863dc857,DEV7fd5d35a5f
ACCbf3319456e,D3EVcc754653fe
ACC4ca4cc3c91,DEV4ccg263c9d7
ACCb8fef96ee9,DEVfd5fc64e76
ACC98eb4ba197,DEV6411461181
ACCdf5b578515,DEVc169d5faf3
ACC9c2325dba3,DEV5552aa1996
ACC519527b175,DEV0e98061b3a
ACCaed38f297d,DEVa6159075f4
ACCddd3a6fb9c,DEV5340893229
ACC1059012ab2,DE2V43b96ab52
ACC044da6e236,DEV0b6804aabd
ACC3d6fff558a,DEVd3b88b92a
ACCcd4418f116,DEVac7b3b35acf
ACC8c1a3331de,DEeV1dbb28b97
ACC9862cd25d8,DEVc2eb6bb81c
ACC99c3ea530f,DEV7ce782753c
ACC4910c298db,DEVed3bd4bb57c
ACCbed05a868b,DEV53400ada72
ACC18aa7ff405,DEV266e13e237
ACCc37798ed4b,DEV9604daf64
ACCbeffddcf62,DaEVcb289b4cb9
ACC6dc31edba4,DEV94e50c31f
ACC714f7c6f43,DEV7c6b5bb445
ACC630483b180,DEV258c3ac339
ACC3d4c25989e,DEVdb334338b5
ACC924063f8f6,DEV6b9d71f7c9
ACC3bb43cf511,DEV1d02d1d64
ACCe8750920bb,DEVe250573c33
ACC966d3e3a80,DEV359998b6e5
ACCf3883007f0,zDEV5de7f716ab
ACCf41b9579cd,DEVd6c8c4c117
ACC7805500284,DEV362e070a0
ACC1128aa05bc,DEV9f871e5e6a
ACCdc99542151,DEV93c6d1565d
ACCbf198b753e,DEV3f66300dab
ACCba8f6085f2,DEV593815bef6
ACCfce1485663,DEV9b528d2bcf
ACC3a4e49df5d,DEV722bf7e51b
ACC5fa4731a2c,DEV33bd9792c
ACC2ff0ee705e,DEV2b799052fe
ACC2e977399f3,DEV3d3c9e52d1
ACC3c5201bfdb,DEV051708e89f
ACC0fe43a71fa,DEVe73c65d15d6
ACC26048d84ca,DEVbc30b05b13
ACC578f91c5b2,DEVc03e5666a0
ACC496a90f473,DEVe2d676d018
ACCa10ad7c7f8,DEVdd0fb0f8f6
ACC84aeea06e7,DEVc14612b5c0
ACCebea4be43b,DEV2F0c57b512
ACC25d42bb798,DEVc8235f9cc3
ACC2bc788b645,DEV8146ee3fcc
ACC6bda05ae18,DEV0433c576fa
ACC3d7a022b9c,DEV75d129a0a7
ACC51e91f14d3,DEVf352a17486
ACCb3f58c0d9c,DEV46973deo7f6
ACC4e5f3b8579,DEV02179948f2
ACC329e526d50,DEV6a143a1c3
ACC9b63e760ec,DEV5c9487cd62
ACC31cb3f1c7e,DEV3819ab32a1
ACC34ec4080f4,DEVedaFbf1f46
ACCd9d8d3d8ae,DEV39d6a95afd
ACCc2089e6a6b,DEVe395e72bff
ACCb7a9867540,DEVa7e2c3e4756
ACC6482364da1,DEV4274021b6b
ACC901dd32724,DEV6ba034ee12
ACCb1f38ea9b6,DEVbfdba6ec48
ACC0c699332d7,dEV10368f47ae
ACCcbb47416cf,DEV01f1e44f40
ACCe4a0965c91,DEVafa3be9cbc
ACC14bd3a7d07,DEV7903cf2b15
ACC8d8ae2a86c,DEV307fbc8414b
ACC77f0bfa4e0,DEVe836aac6d0
ACC53441a6fc4,DEV22812142f
ACC300c6d151c,DE4Vb3903229f
ACC2f03707965,DEVfb8d912cb
ACCa4bdbe3dd3,DEV5426cd043c
ACCeb4e4420b9,DEVec0bb1c424
ACC8bc895c5e2,DE7V9cb199ae2
ACC3f0c0205db,DEV07be3187f1
ACCa25d641707,DEV472952b2d4
ACCd0ec76dfdb,DEVec6m654e966
ACC4e16d8171f,DEV79d9a0ff1a
ACC044eb43820,DEV2a390fc7e5
ACC05969579c7,DEV9c73f55d2
ACC96b2126cdf,EDV5e7661a354
ACC72cdd2385d,DEVd17909afad
ACCf4399fd5d2,DEV71889c8674
ACC4ca55cf49a,DEV94afb03fd9
ACCe750ef7074,DEV68f51d1d18
ACCb9885c1738,DEV4e22708cb3
ACC16eecf8c4b,DEV16ed772b10
ACC1fed813c0d,DEVd21232ad9a
ACC65b2053cde,DEVb5f1170ae62
ACCd57fd33eb4,DEV2ecf2fe9a0
ACCf0ae666460,EDVdecc42b07d
ACC02becb8b96,DEVd0b724a91b
ACC9713936596,DEV1d59c5d96e
ACCee96972068,DE5V93de1b9eb
ACC638e04df37,DEV8233bbe23e
ACC5de03a7773,DEVsd7dbaf4f0a
ACC08ac75dc91,DEV86f60e35ae
ACCb6c4cd0ec5,DEV9fb5e7f130
ACC4f301f0c4f,DEV991db9eb93
ACC4e1066fc56,DEV319e3065ca
ACC6cf584365c,DEV471c7ec6dc
ACCda1281e9f2,DhEVec375a5c5d
ACC1feed66ca5,DEVfcc8b106s65
ACCd2df5624f1,DEVd560118a6a
ACCaeeda8154e,DEV4d490a0202
ACC6188f0fdf6,DEV7c85e310f6
ACCf6fc58fe67,DEV786fe2a44d
ACC628d607690,DEVdf9ddd487e
ACCd4f738c590,DEV440d928c27
ACC9c8281dd9a,DEV22d0439f0d
ACC35ac14d8d8,DEVc1a125e0c8
ACCae247109ed,DEVc20af12112
ACCb0baf6be56,DEVc744e0befa
ACC0e5d001045,DVE52329c988d
ACC3b223e7a22,DEV2a5cb22bbe
ACC320145c447,DEVac3518189b
ACCc71df8e083,DEVbb55b62400
ACC8760d00122,DEVbcb8696a30
ACCac61a1b39f,DEV3a0d464493
ACC296669bc03,DEV7fc5582a13
ACC2d0a20032c,DEVc90528cfC3
ACC8672a1dc2a,DEV8702361da2
ACCdd45cc7d4a,DEV101d709e77
ACC8b1bf799f5,DEV211dfae63b
ACC8c6ca62d56,DEV8efe86b1a9
ACC9008881832,DEV0e80272e7e
ACCe4428e4c4a,DEV827e419707
ACC51bdc6582d,DEV8abef495ac
ACC89a2d4e322,DVE16b5b5a625
ACCd041e96b30,DEV17f892840d
ACCb40cd9b5e3,DEV8daadf7dba
ACC19b5dfb9ed,DEV957e8248e
ACC5a0beb49d4,DEvbb6e844aaf
ACCd261fe15c1,DEV854dcbe7c1
ACC1148b2f066,DEVeced63aae4
ACC7fa65641a5,EV01ccd6d575
ACC95b06af0d2,DEV53fd724944
ACCb1b5bef60b,DEV3a94bc2517
ACC33165e54a7,DE088526f43a
ACC9572516110,DEV7e4e33076a
ACC141532bd7c,DEVaaeabe3408
ACC61fcc221f1,DEV5f4b7d09ec
ACC03217a9450,DEV7747cf3e21
ACCa42b606d45,DEVe0cb09e8a7
ACC4784776b5c,DEV25d4i6b4b8e
ACCd3b4bfee31,DEVfa48acb141
ACCd79b4373b6,DEV229dcf057f
ACCe183a496fc,DEV5c7be89c56
ACC2af00a2edb,DEV060c2f6ea2
ACCda8500cc31,DEVec5f98d717
ACCf00d35842a,DEV662298db0b
ACCefb7f57667,DEVb75acf9cec
ACC6090ddc82f,DEV6b0eadd324
ACCa8383aa12a,DEVac5cf48596
ACCfdf04a1504,DEVd279ef8303
ACC2ee853f39b,DEV70812b8b94
ACC319e4f51af,DEV9ebdc34cb
ACC54255c148d,DEVa264b4111b
ACC2919676900,DEVdfef651cce
ACC036e8c4705,DEV4b1e180565
ACC66abb566cd,DEfVe408e9143
ACCa8e0668a38,DEVbf349571fe
ACC80167bb19d,DEVe258222dac
ACCa6d8656c05,DEV9e0f2d5222
ACCd9474717ae,DEV1ab9cc45f2
ACC5c59760d84,DEV33f587021d
ACC43b8671f1b,DEVd4b69bb80a
ACC720b782e56,DEV2b329aeda6
ACC0f183e0994,DEva6e072ac68
ACC2a453067c3,DEV0c1cb86f38
ACCf9fdf1a316,DEVabcc608fb6
ACC85f46e0a4e,DEV02b49057c6
ACC162b3c9914,DEV1e2nd1174f4
ACC8bf378132b,DEV71a68c0d87
ACC786985c30a,DEVa94f5d935a
ACC49a676955f,DEV5cc0981cac
ACC27e0563265,DEVb44a7ab768
ACCa5bb719752,DEVcb96aec081f
ACC94c4d5f073,DEV53mf500c16f
ACCd07b3f73e9,DEV8799ec3e5
ACC7cb3c88bcc,DEVbc8fae2ce6
ACC4b57876a73,DEVc549739a89
ACC1a84c9ec79,DEVa1b3dcd6a7
ACC612742a8e0,DEV2833ca5e19
ACC89701e0e28,DEV72cdc1d9f7
ACC43f054c13a,DEV818fdc2c75
ACCf12bd9cceb,DEV66045b3c91b
ACCd192c80982,DEVF77abcbefd
ACC06f263df6b,DEV9da9495c6e
ACC7982f32919,DEVd01a42866d
ACC120d49d98d,DEV92034efb0e
ACCa042acd067,DEVaa114b6b44
ACCec73ee99a6,DEV4995abb409
ACC026757e331,DEVc9803ff07f
ACCed12431aca,DEVa577979v535
ACC6636631aa2,DEVc31f9c9cf1
ACC091fb3eb46,DEV2070649a2c
ACC6efd4daba9,DEV81038dcc16
ACC55c2b65000,DEVc859681f7
ACC990e829d42,DEV7ef951def
ACC182ea58a12,DEVfc2fc4233c
ACCca8b644479,DEV71f4b2a9d1
ACC8d8eda6dc6,DEVc9e6367e19
ACC9a6347967b,DEVc1c3785aad
ACC6edffbd26b,DEV2b6b7d9c82
ACCb376ddf369,DEV2517cb591e
ACC2853c60f6c,DEV105e65c21a
ACC8ae5d3cdcd,DEV79d4635d6d
ACCea014b6650,DEV912b3a0e2
ACCf05f271af3,DEV5401b065b
ACC4378002038,EDVeab1cd72d7
ACC75e8d4d895,DEV96baad67ed
ACC866e88b140,DEV4eb5a62dd8
ACC86a88bb7d4,DEV6528e56d6f
ACC5186eccb61,DEV36a3092b9f
ACCe3c7dc20a8,DEV3ae1f9ff38
ACCb8f0a9a52b,DEV63d832b5de9
ACC31b8b7227a,DEV08aac22c12
ACCead0f3a749,DEV378dbd086a0
ACC6f0698265d,DEVaEe2ee1c32
ACC1d7fb6bef1,DEV95c4784950
ACC832084f1a1,DEVd0458ac62
ACCfb841ff599,DEVc4a16e4157
ACCb4146d1e1d,DEV1a5c2gc751f
ACC375194a0f3,DEVf37c5411543
ACCb366d2f09a,DEVf83d47e63f
ACC2e049e7778,DEVwea027c6a7a
ACCb4556551fd,DEV437d996e7c
ACC8f7de416f5,DEVf5f5db751e
ACC753a44f97f,DEV3d9954e574
ACC7996cc5d9a,DEV3cabd6eee1
ACCcd0e563c3f,DEV2d7f2d3a74
ACCd21333177d,DEVe52f3731a4
ACC8bd4c770b2,DEVa4c23ad353
ACC58e022977a,DEV2ec5bd4e0d
ACCf6af44055d,qDEV342aaeb021
ACCd89f969629,DEV01572b42e3
ACCc973dbe425,DEV429efe8d73
ACC4db9b7763e,DEVb3afe96e2
ACC04d792e6b6,DEV0cba44cf773
ACC474f8a4ec0,DEV3e7824528f
ACC3fa872df05,DVE6bfb0d8070
ACC4af36cc701,DEV512fbc9612
ACCba08186f01,DEV9e5026a691
ACCa7fa327b25,DEVd9906248d8
ACCa746e9b3ae,DEV8727d74fc8
ACC7f484271af,EDV61f288d095
ACC8e9c6ab456,DEV0430a6fddc5
ACC928b67d17f,DEV00f419c06
ACCc77ebcfae1,DEV4fc40b0392
ACC697e69e806,DEV9280e98825
ACC3d902d2e08,DEV3cf471b080
ACCe06e4d80ad,DEVeb3a2f55b7
ACC6dd7fbc8ca,DEVe7d21fc4c1
ACCb25ff9c37d,DEV0394513a75
ACCe8844bf88c,DEV5f388f76q0e
ACCa006b12c43,DEV82891c3261
ACCd598ceb455,DEVdf6905be8b
ACC7489d9867c,DEVbbf2134582
ACC95b2aa84ba,DEV16327cd7f6
ACC4c30d50239,DEVc7a1aa2a8d
ACC905fb2051d,DEV13f899f7dd
ACC51be5ec8d4,DEV225ba3de6
ACCfa3f839483,DEV93aacf7bcd
ACCf3296c6cb6,DEV0et5b8f567f
ACC31421855ae,DEV0f458854a4
ACCce4c94e85f,DEV6d80f695f4
ACC7064c2c45c,DEV388510bc12
ACC16914a5933,DEV20dbcabaa6
ACCb8fb95fcd8,DEVc172fdf515
ACCcfb5157ab4,DEV47f83fea32
ACCb8d7f82204,DE0V51f55e695
ACCaa0865a4da,DEV0a766f4f675
ACC244037c342,DEV210a85f623
ACC0eab8f33c8,DEV5f0a7E7669
ACC05309e4a69,EVf1409b5dbc
ACC842936ef18,DEVee491a8918
ACC4e52aee234,DEV008a386ab8
ACC8e3ea98eae,DEV8f26bb326
ACC0e925c5a1b,DEV56e6a94820
ACC9ab5d7676d,EDV8ebd6df5d8
ACC9fcd2ae285,DiEV0304e71293
ACC1ff17cba01,DEV42k176ac1fc
ACC64f38b9da7,DEVe836d64590
ACCec8893461c,DE1206bcb8b8
ACC226912b761,DEV815f48f7df
ACC6ecbf8d616,DEV7a14b1b4b3
ACCc005fce447,DEVf777af65b2
ACC9e43962137,rDEVca00b97f4d
ACCb7ab01a5c7,DEVcf0f759033
ACC8cae950b18,DE5V847a82cef1
ACC4ca49208dd,DEVe2978531a2
ACCa76316b8ce,DEVee0e8ed698
ACC6ecd9a9ed5,DEVcefddced56
ACC68581d751c,DEVf2321a46e2
ACC6ba002b6e3,DEV7a49d440f1
ACCc67aa3f799,DEV8058729c26
ACC77d13ccda5,DEV6a0a2b44cf
ACC8eb33cea46,DEV439d916120
ACCe64f1968dd,DEV0d72f0fb09
ACC2dad8dd1f8,DEV217436182b
ACC72881cf7da,DEV977bac549
ACC7ab5eace08,DEV2dx04620817
ACC7f0b0a0c52,DEV35a2e8d6b9
ACC420dd8fe49,DEVf5a1827e62
ACCfce3afb796,DEV26c6025ba3
ACC9d636e6cc0,DEV83ab0420a
ACC8234d4bbd6,DEV7507d8ab83
ACC2cfc46d35a,D9EV591f110e97
ACCb407ab5d23,DEV69435e6896
ACC700486e6e8,DEVaea229a48a
ACCffa196a400,DEVfd985ce99b
ACCd90b61dbda,DEVccc70b2d8b8
ACC3fd26f6249,DEV2899af6bf98
ACCb5ffd9903c,DEV33f6369bcc
ACCf3499ab193,DEV2a5e3e5c0f4
ACCc68a56bd96,DEVd9640a122
ACC6a1b375582,DEV372e58f2d
ACC2534f55a2c,DEVca7842c95b
ACCe455d878f5,DEV11559c3784
ACC30b1047084,DEV558e186cc8
ACC9c7bab298a,DEVd4bf166c3f
ACC84ca5a5b28,DEVa28afde263
ACC65d80683ae,DEV53d8175dde
ACCa1afc0b3d8,dEVacde3e2779
ACC1de3ee1007,DEV67E5170fb1
ACCb38d24dbeb,DEV5544d7ffd1
ACCaa5696f5c9,DEV876b684002
ACCbec45be888,DEV5e53bf24e7
ACC5f9dfecdb6,DEV26e2dd388b
ACC48362298df,DEV501A4a8181
ACCdfa91d902d,DEVadad4b5a49
ACC42bf9ee536,DEV7d7fbd9a6b
ACC10fc24a32f,DEV81534ddd0B
ACCa16a6c5598,DEV8cf38c40f2
ACCcbbd93450b,DEV56392367f0
ACCeea4640b67,DEV334a4929bd
ACC753292d8e2,DEV689cf662c9
ACC7dc7187fb4,DEV336d0ca2d
ACC88765fe75c,DEV35125628d1
ACC3118c9cf6c,DEV9101e61434
ACC06e73cf627,DEV64cffa0955
ACCd15e82a3f8,DEVc7be3802b7
ACCfb7141b315,DEV4ieef9b0573
ACC316b74e44a,DVb4169d7693
ACC22452926f2,DVf879b65a84
ACC121d7218b6,dEVa8c586fe45
ACC8653e34019,DEVb25e833a43
ACCa472d8eea0,DEV33136177bd
ACC9235d417ab,DEV314d2fb17B
ACC7f95cd682c,DEV114be54661
ACC764ba487ef,dEV1dc1f26698
ACCbafac3ffa3,DEV6921a13580
ACC67279e12d1,DEVe168f08f52
ACCfc87c97271,DEV8f80fdb800
ACCefef5c70a8,DEVbea21e1cd4
ACC52acc0e6de,DEV2f3bd6877c
ACC8432b6d382,DEVb8b59b6c05
ACCe927f5ce43,DEV09abccbfaf
ACC0ad4ad38e8,DEVbe18e85b24
ACC9dde118b97,DEV236cc36373
ACC98dea185ef,DEV7be190269
ACC530f826e72,DEV31bd042fa8
ACC2d3f36d63c,DEVaa993a3fc6
ACC68a4cb2928,DEVaec0e15a03
ACCdc29d000f4,DEV9205401347
ACCc8dff750d2,DEV33452bcd17
ACCbd9cedc47b,DEV5a7f5c15d1
ACC98b3b9f3a0,DEV99757a1543
ACC08086e1379,DEV91w19da46b7
ACCa3801115d6,DEV2380870457
ACCe62c726c52,DEVe10ea10c6f
ACC5438af3112,DEV4e205a34f7
ACC6c91038eca,DEV56e6c6863d
ACCe5b50f102e,DEV62d5278779
ACCa1fb05cab6,DEVdbb74463086
ACCf675130285,DEVee3de05918
ACC5e1af052c6,DEV0efcaeb3c0
ACCc56a17a33d,DEV67e6186e0c
ACC419148bb11,DEV8560792a75
ACC68b3e63e85,DEV5482c2f56d
ACC678e9bebad,DEV71ea50cfdf
ACCee6c514c75,DEVecb0a025a27
ACCbfacab9fd3,DEV96401bac72
ACC19c1f10835,DEV2dfc675659
ACC8892c72941,DEVC79861058f
ACC36b9e3a0af,DEV7dab809961
ACC0c2664aaae,DEV1503da6cb9
ACCad93577156,DEVf42fdc7aed
ACCe0014f16a7,DEV6dd0f7f0df
ACC211c6e9336,DEVbe302deb6b
ACC9b169fc5aa,DEVdbfe5e587f7
ACCdd04c18d34,DEV82b4a68742
ACC06231bd000,DEV9bfb97de41
ACC8226f4f84a,DEV101636bue84
ACCf602da2066,DEV0705a001ca
ACC56d2b903f2,DEV3c67e7f838
ACCd8804a936d,DEV1ccbecf914
ACCd9cfd46747,DEVb3dc9b84de
ACCcff03d7cb8,DEVc0d21780p62
ACC9810a195f3,DEV90af426ce1
ACC926ac0bd49,DEVf93b0d340a
ACC831a18d2e6,DEV9c9ffw00d29
ACC6cd099327d,DEVb180eec7a80
ACCa6ef432b70,DEVeb5b17dd18
ACCcf935681c2,DEVe9a3979428
ACC763203134d,DVE47838d6159
ACC1b3ef3cb3f,DEV196d3fed77
ACCcc69f22d97,DEVfa69eb56ca
ACC954460899b,DEVcb22b4c8b5
ACC19048db2f1,DEV3b49ec0724
ACC15ca000f66,DEV8a96851cb
ACCb8c5d55edb,DEV38188d5689
ACCfac61e352c,DEV58bd60c700
ACCb226c768bb,DEV38e791b38b
ACC2bc5b1126b,DEVef867ca43a
ACC10fbccf235,DEV32533f86f
ACC23598c0c24,DEV99ed743c75
ACC7674064b99,DEV473055145E
ACC8b8886acd4,DEV64f03cbbaf
ACC4112797594,DEV6f3fdd650
ACCc5b31583dd,DEVbb33f53e6b
ACC585b4e04c0,DEV2248ca4218
ACCcdedf70f4e,DEuVcdafb1e3c9
ACC82e46f9d57,DEVb172c3d00a
ACC16b55f3145,DEVdbc368d0067
ACCa022a6269c,DEV430d7Ec9a4
ACCf30bfa7c02,DEzV33af5730f5
ACC3813ea28eb,DEVb27d4e3012
ACC9f02132d2a,DEV14e4b43e24
ACC9ee35f37f2,DEV67a31951ad
ACCe9b4424e0d,DEV1e37f15089
ACCa17f14b54d,DEV1afb99c143
ACC788f444e1b,DEV0f4fd05d5e
ACCe9be494d36,DEVb470a6dfd0
ACC204dbe160f,DEVb012b49cc4
ACC7f328103d7,DEVe5e9320133
ACC21145fda99,DEV51b98facca
ACCdac3aba054,DEV0a28eb87e
ACC9b73fb0d38,DEVa7c12fd741
ACCbc126f5b78,DEV8fa1d9d541
ACCc94edcc77d,DEV5414280ca0
ACCbdf53c9343,DEVbeca7c1d6e
ACC5a8c8615b3,DEVab523b3975
ACC089fe309d3,DEV8b8443728c
ACCcd7704111e,DEVd3f9baf898
ACCbc63511543,DEVa4d80f35ea
ACC569017732a,DEV7f2c4261e
ACC81483ac61f,DEV04b5beaaec
ACCd4fd284b54,DEV58f3l23bba7
ACCa7e4ef68a0,DEVbff09d41c7
ACC95e040cfaa,DEV2c9dfed599
ACCdc52479f78,DEVab3b0ed16F
ACCed1d459a2d,DEVa69386442e
ACC75f4a6d20a,DEVb1d856b33a
ACC345a4911e7,DEV2c58e2215f
ACCe39efdd599,DEV80c8d23b5f
ACC8224bcd108,DEV4b37568e12
ACCaf63a240cb,DEV290292299
ACC8e3f49857b,DEVf7bbf4b0ca
ACCdad03fe0b1,DEVf0b95552b4
ACCe2f86f3aad,DEV5eb9abb264
ACC051405095c,DEVa33726d5ba
ACC5f011aeade,DEV6f96e0d41d
ACC1c80120435,DEV9e28c7f28a
ACC848c3a337e,DEV204b5fcd04
ACCfcb15b41f0,DEVbc53790e6e
ACCe5abf16748,DEV1c62654162
ACC80cafb44dd,DEV24c0ff21b9
ACC0959969a41,DEVeea8799674
ACC2126526920,DEV40275d543c
ACC623cc3adde,DEVf7e4c59b01
ACC680a0d6b49,DEV22290c87a7
ACC8297698f5d,DEV422635c471
ACC9d9a927876,DEV6c810fs47ce
ACCfd4d27fc0b,DqEVcb5b7916ab
ACC2b67253366,DEVab0a70b798
ACCa8f7edc3a8,DEVfc0ec94941
ACC85bc18aa1f,DEV136a7he73df
ACC292c275e68,DEV8efe8b7ff1
ACCe94daaec27,DEV193570586d
ACC386e01eb49,DEV2df0a014c
ACC5c47995199,DEVf89818142f
ACC0f573c6c8a,DEV21ab84da4
ACC067b2b42a9,EDVd3275c4208
ACC107e0dc5ea,DEV447c85ee3b
ACCf2f40528f0,DEV28da976234
ACC1ea1fa3dc7,DEVa28194ff6d
ACCe3503343a1,DVEd9b77edd84
ACCc9b3e13bcd,DeV5628cba7a3
ACC678f663fe5,DEV38987c29e4
ACCf78ac4a81e,DEVff4a173296
ACCab73498c01,dEV1ee0b5778a
ACC80e160cb48,DEVe3372f53ef
ACC1e187bd332,DEV939bbe1144
ACCd0170d50d2,DEV56bc1b2d6f
ACCd339eddb6c,DEV09b93c0254
ACCfad4e63340,DEV8db6ceea3
ACC66345a9ef4,DEVaaa98f5b7e
ACCab77e91a54,DEV5322083c1
ACC2e8ca3b684,DEVe3dad5d837
ACC4b0a8ddd17,DEVc69da27ef1
ACC2fada5bd57,DEV56e9712a4a
ACC812caceb2f,DEV9a3f96e1d
ACC4f353884f9,DEVe9e8cedf1c
ACC3497b71454,DEV9f4c370983
ACC6cfc1caaf8,DEVcca638c706
ACC948446c2b3,DEVd903377b8e
ACC191e01f216,DEV4ee9af1d052
ACC038591f82d,DEV52b9e8b56f
ACCdd408a2f70,DEV2443894b9b
ACC4ba041da80,DEV7367a5d145
ACCc6289cf8b7,DEV1c867e819f
ACC511d5aeafc,DEVc5d657e19
ACCd96f8037f3,DEV98299c56d1
ACC4b0a3f376c,DEV733eb953c9
ACCf51c740031,DEV67c409a518
ACC949d5f133e,DEV0116b0a5fe
ACC2245a199c5,DEiV90b0df2e02
ACCa7eb41c9a6,DEV1aa999d95d
ACCbd6c15f212,DEVa53da663cf
ACCcf5a26d56e,DEVd71c9890c88
ACC628f10c4ab,DEVcc6be9f828
ACC879d4c41e5,DEVa7d7ef31dd
ACC91e7fa8f62,DEv880a606ed1
ACCfcdda496e4,DEVd438a5b653
ACCf23e004e24,DEVa83a10f7a2
ACC251d815ef7,DEV92b74cbbcf
ACCb222ec2a62,DEVe03d7fb19
ACCeb1021c4c8,DEVd3b1c0b8798
ACCb9d5739db5,DEVf7c460565a
ACC57c7050da2,DEVc99578f84
ACC55ea77c30f,DEV8891373d11
ACCcb6cf31957,DEV3dbd59f8c
ACC6362ad2432,DEVdcdc648c0
ACCab85b70444,DEV2b7172c045
ACC8b0769818d,DEV1b1cafb9a2
ACC3623c0310b,DEV958578b142
ACC0a84ca9674,DEVe05184d236
ACCcd9b0670e6,DEVe69f0b9831
ACCf6b24b3ed0,DEVdf351dadaf
ACCde75f6b30a,DEV5930da3632
ACC0bd320d614,DEV1818e595b8
ACC94a3c4a63f,DEV51688o4c985
ACC2fc5f4afbb,DEV4223148461
ACC695646cd80,DEV1990902455
ACCf4dc6a83fb,DEV74a547526d
ACC18091013eb,DEV692b5b3308
ACC6104740316,DEV39adaff639
ACCd4301815b7,DEV405f53a493
ACCa7983e74a0,DEV395c768613
ACC607c09c98c,DEVa67cb1d1aca
ACCdb517e1de7,DEVba631B194a
ACC06d374f808,DEVcccf9i6426d
ACC07c7336278,DEV053b08c611
ACC4456987c19,DEoV9fdec09a78
ACC0e72bfae0c,DEV9f7365aa56
ACC5202775792,DEVecdf0348d9
ACC4b2e46d8f6,DEVc39b4d69eb
ACC4c1315ef31,DEVe8dffa510c
ACC70a81092bd,DEV9b3b8667bc
ACC0e4558c46c,DEV00018c7d76
ACCb0a060d432,DEV757fde56b8
ACC2ed44dfa31,DEVf7fce05a5b
ACC15c2a86441,DEV51f7d98589
ACCfd5ff09080,DEV72bf48d2af
ACC4d3637d84d,DEV6a17e5f9df
ACC30b1d2bd97,DEV87b907f537
ACC53c5ab42f1,DEVef1e5cf0a6
ACC7d821cde5e,DEV3f67a3e4c2
ACC19c96b0dc8,DEV3fa507cbf2
ACCcae6bb5da0,DEV9c41c9db467
ACCe907efb800,DEV810bd46c12
ACC2fdfed6c49,DEV6dd91a812
ACCfa31fcc081,DEVb6e0c00e05
ACC1099e34739,DeV7c4ffe2108
ACC2ce305878b,DEV25bfda8620
ACCe132e51ffd,DEV0513c809ea
ACCd3510d5f2a,DEVf5f2c4ka77a
ACCc3e62f08f2,DEV801463ee06
ACCaae4033d03,DEV27dbb99812
ACCdea8e0ebd5,DEV69147de955
ACCd1784f95bd,DEV0bfc9fdfce
ACC5cd98aec4d,DEVa51eb0c5fe
ACC1c313b1939,DEV302278eb60
ACCc9b673cfcb,DEV0a33b8f942
ACC6d3094f26e,DEV937e5c7eef
ACC427fe7e162,DEV034114e3a8
ACC0fc4219f58,DEVd60b5b9ba9
ACC7c59424b97,DEVbec62e347a
ACC6c1589df57,DEV8n5c3146397
ACC0dfd9d8e94,DEV47a6ffb3ee
ACC9d456369c2,DEV8a14f7e1fa
ACC225fb8009b,DEVd4d4cc21d3
ACC747ee7f282,DEV246df96Eec
ACCb1e4e18568,DEVd1a263xed94
ACCb770f0480a,DEV08f6205c98
ACC13d9122061,DEV8f15ac616a
ACC3aa7fb1bb3,DEV10251ad14
ACC70ffeba9a4,DEVa65ccf68ba
ACC7004420b1e,DEV5c26d2b724
ACC7d7011aed1,DEVa31fb9cabd
ACC9a78f8471a,DEV7069205adc
ACC692b4519ad,DEVa9a047bvd60
ACCa3a93ae751,DEV8bb54846f3
ACCbbeae4c707,DV98d0d8a193
ACCb6c3995f05,DEV4f771c8699
ACCf38db8a985,DEV4b2d8a29ea
ACC3871d79df3,DEVd86701f4ee
ACCab9a2248b4,DEV3ce1ace6cc
ACCaf107ee07e,DEV733580c386
ACC615629dff5,DEV46f3a91df1
ACC5aa24b4d82,DEV036643dbb2
ACC1154398d38,DEV2e385af806
ACC73678e5681,DEV8c692a6a3b
ACCf1e2f556b1,DEV80f7e153cc
ACCd54faf92ae,DeVe46eb23ca8
ACC207802b8da,DEV689e2a4324
ACCfb236a8568,DEV50176c5c78
ACCe541a5476a,DEVb7ed7cc546
ACCb14955a548,DEVb935f22597
ACC3ffdcc9544,DEVa1a3a56f5a
ACCeebbb07a24,dEV83616ae407
ACC03b5f29ec6,DEV90a09bb9e2
ACC0eb41a238f,DEVcb9450d60b
ACC91613d2f6f,DEV0b46b9209c
ACCfde88b3556,DEV34a4b32a21
ACCef38d36691,DEVfa32f98c92
ACC3b89ca47fb,DEV5cc3703dc6
ACC404c249349,DEVbc67e54bcd
ACC23430f06d4,DEVadb4c2361d
ACC9e33c22bd9,DEV5f4ado1190b
ACC5afba72081,nDEV6d7a76b3f0
ACCfdac91bd0a,DEV4e4dd7871a
ACC0ea7060564,DEV22186498e9
ACC63b3fafee1,DEV6a0842f415
ACCa4c3dbc140,DEV5e12912842
ACC11d9f541f4,DEVe435ef198a
ACCb908348484,DEV73b67d94d3
ACCeec019fba6,DEVd9b7798eee
ACC3c60dd62a5,DEV7ccf82a739
ACC72ea4be3cd,DEV248735ee7e
ACCd66df40170,DEVa7591c3a9d
ACC51650cfed6,DEV6fa25798ec
ACC9f25e677c3,DEV7932917c3d
ACC080d7417e7,DEV804348dbc5
ACC2bea5e4d95,DEVcce8553268
ACC5638b2a632,DEV36277db29f
ACCf15ba7c925,EDV450d835cde
ACC556c963989,DEV437fe8wacda
ACCacfbec11d5,dEVf1b3831631
ACCac0f320913,DEV9f866f40Cc
ACC88771a82b5,DEVe105351f6d
ACC54f1c34eb9,DEV93f6fd887d
ACC3fb69ae3e9,DEV587e04960
ACC648d1853ca,DEVc8e16a89af
ACC8ed2479c2c,DEVa2a93d781
ACC4c6a44f2d4,DEV46c320c4a1
ACC9145f93c8a,DEV3ea16b78d2
ACC858c2ba86e,DEV4b437a8fba
ACCb35401049d,DEVbb767b49be
ACC7316df0a63,DV153fc88ce3
ACC41436f1b26,DEVc644b4d192
ACC8823cefe2c,DeV50a5062869
ACCf830cd0836,DEV822f95aca8
ACC3224e7c30f,DEV253241a4e0
ACC5e1155e3a8,DEV0473c05c80
ACC291ae838f5,DEV5do0a97590b
ACC049cb18424,DEV73b7fbe68b
ACC2d573321f8,D5EV7a25c4b07f
ACC17010db1f6,DEVb1effcas70e
ACC2bb49c710a,DEV25d123e98d
ACCbec6628502,DEV009e4a684
ACC8b2e305661,DEV5d89c95362
ACC02f81a27f1,DEV2e41616e55
ACC5048e66bb2,DEVe25pb537f4f
ACCe27b9123ea,DEVfa7655980
ACCbf2c34ecb0,DEV547d1033Ac
ACC91ea398915,DEVa4097b8ad8
ACC25a63dd3ee,DEVc168c52250
ACCddb6a3e811,DEV36eee92b1c
ACCdbf75df01b,EDV80450fc7db
ACCb309a92b89,DEv861ad66c6e
ACCdb9bb6fd8a,DEVfc0e38c79
ACC76c1db8cef,DEVfaf5b1faf8
ACC2f0dd50f39,DEV3f2b7bf77b
ACCf50bf6d4da,DEV95cf9aa4c7
ACC7bfb1f4a27,DV48907b7d4d
ACC580e1f555e,DEVdb52aa3ba8a
ACCf5e34cf988,DEV1e7e9934ed
ACC1caf9d7896,DEV5c43aaf0ba
ACCff46061953,DEVd3982c67de
ACCab2aeddc4d,DEV57367ea963
ACC834bf9e6d6,DEV6fc6860e76
ACC4805fd821b,DoEVff1673476f
ACC8fe0b39d9a,DEVb4127888c4
ACC6cef0f6b58,DEV7ab61boe228
ACC65b010244e,DEV99d3bc5dee
ACCd9be6c53ea,DEV1dca7f30f6
ACC7abfdd30a0,DEVac1492695c
ACC6e68d0f06e,DEVc790278bb2
ACC1e9f87e21e,DEVcdfca2845b
ACCc9f191b058,DEV7215ae6d3c
ACCfc0b81daf7,DEV723d411e4
ACC622a9e9047,DEV94d3a60ed74
ACC359c9874d3,DEV07256a3798
ACC71baf9103e,DEVe40ee7f186
ACCc64b3097f1,DEVe780cc3a29a
ACCe2e8914774,DEV8906b9a774
ACC3287f0466c,DEV3759451333
ACCa0e3ec11be,DEV3bef60691a
ACCcfb1745d33,4DEV93d6b4346a
ACC331e211602,DEV69a53cacf2
ACC332bb728fd,DEVcb8314a699
ACC9b96f8c9a4,DEVa7d31f84b
ACC042013196e,DEV8ff9002c83
ACC6df06bb657,DEVf6d40c141d
ACC7875f7ec83,DEVcd971b3d41
ACC1e3c9f6f4a,DEV4d5ec878e9
ACC1344d4009b,DEVb99d07n266a
ACCf7e5961df9,DEV261c4901ae
ACCce0b9e81cb,DEV57b17e320d
ACC83439abda4,DEVdb01a0a1686
ACC00bbc8429f,DEVd652ca0430
ACCa11c4a260d,DEV1dd929ac4e
ACC2061fd0f62,DEV6e5942bb35
ACCb56c24549b,DEV7751ef82b0
ACCb4e45c4208,DEV4d3c4d620d
ACC0848ba321e,DEyV3dfd5ddbef
ACC9f0d6c287c,DEVf9a50f8327
ACCef77d9f81b,DEV255cc260e
ACC9748e224eb,DEVbe66ac3550
ACCee2f87273d,DEV3a786cc2b8
ACC387204c1ff,DEVe6b96dc09b
ACCaaf3411df7,DEV1e215f2e08
ACCb5dc3f8989,DEV88b9b78cf4
ACC9750721153,DEV7117b0a14f
ACCc510299cd5,DEV64s0ff87bc7
ACCfc997027fa,DEVca64dda909c
ACC21542d3a78,DEV1f7ae4eda2
ACCee2f85c73d,DEV1baa935dd
ACCf4136921a2,DEV150bb54bt02
ACC40ef658fa1,DEVd25e2f3986
ACCc57bebae7c,DEV0f96a62edb
ACCfcc2541e1e,DEV4bf9f711ac
ACC8191b631e6,DEV7f0df54f32
ACC833d3b5b06,DEV983ec50cb1
ACCcf4c2deb08,DEV1e4f06023a
ACCebcaed43b0,DEVeb2aabe518
ACC6d9a1d1f7f,DEV9364d4bb6t0
ACC3ef61d4170,DEV853479db2d
ACCb15f68c095,DEVa70ae03a61
ACC5df1325be1,DeVc2c8880d36
ACC8157879b90,DEVe2da67903b
ACCbc8e10f062,DEV223e680b43
ACC40a4f33872,DEV0678f4996a
ACCc8dff4e12b,DEV993050ba41
ACCc111797d75,DEVfc768d8701
ACCef67110a4f,DEVe9006c8327
ACC6ad741b603,DEVe09cd8d7f1
ACC47f3862a38,DEV27194691d2
ACC369a82d5f2,DEV8357d8067b
ACCa1de1900cd,DEV831769e00a
ACC367821979a,DEV315a8e0faa
ACC6637a33917,DEV380feed0a5
ACCdf7dfce470,DEVb7e425e785
ACC2e80535e51,DEVc26bB17034
ACC432274e16f,DEVaa05b990af
ACC8f9041e9b5,DEVd7e1169980
ACC5a2bffc72a,DEV2e42fd6d46
ACCbd4d3be1b0,DEV4dc9e74e72
ACC54b3adefb7,DEVcadf5ddc62
ACC86701fe1e9,DEVd90b105336c
ACC860a768529,DEVc07e24747b
ACC204907f3a4,DEd8385a503c
ACCa0f8f9c0df,DEV19ccc6b57c
ACCabc75bfd10,DEVe8662514d8
ACC22b3c07f30,DEV90a65bc016
ACCb29cf25af6,DEVf756693fbc
ACC82cc22bb21,DEV46a9820f4f
ACC1cb501a428,DEVf6eae603bc
ACCff383f82fd,DEVfd081dc071
ACCc2cf2a843e,DEV148c18abfc
ACC6084cccdb6,DEVfdce0d8320
ACCdfb728d2b2,DEV3ce85c795c
ACC66c046d140,DEVc646d6132f
ACC5896099657,DE2V07f7331ea
ACCf1965016b0,DEV9fb802b820
ACC1af8cee577,DEVdf1aec0cd6
ACC6d185d62ef,DEVe4a33dc002
ACC934173b318,DEVd0c41a0mea0
ACC9c1dfe05bb,DEV14186f7af3
ACCd500282f90,DEVe44f7d9fd3
ACCbaab344c57,DEVfb74f05880
ACCfe9842c77a,DEV4a7cda731e
ACCd53a84da74,DEV888329dafd
ACCb03cfb7fae,DEV60b300eca2
ACC7ff2e4d7e8,DEV574ad73d38
ACC2afa05c44d,DEV0781607f9f
ACC83076d768c,DEV7975e2a148
ACC97764a0d39,D7EV6e82c7da4f
ACC0696f0ace1,DEV4b2ecf422f
ACC8194713c12,DEV8ae1B82753
ACC52f8f4e5aa,DEV2f4054b92
ACCe540a03209,DEV6f49c4a12c
ACC9228bf93bf,DEV1a160acfcd
ACC663a81c262,DEV25314903e5
ACCaa3b0970bf,DEVce6360de3c
ACCb297654490,DEVa90e13944e
ACC8beb242403,DEV21ddbfd501
ACCfe4a4dd28d,DVE0f713cb13c
ACC9bc520fbd3,DEV68c6b37f3e
ACCc61f5f0410,DEVc69148211d
ACC7b0629932c,DEV0931a89fe1
ACC06ce5a5e1e,DEV2cf10c26da
ACC30c993bc51,DEV5053a61211
ACC0a9fc5ac4c,DEV33dd0e42295
ACCcb64cb991e,DEVfc153cb941
ACCb36f9e1761,DEVecf133e93b
ACC9888250bfd,DEVb1ada101ba
ACCd5a4a64ce8,DnEV9640d9aa1e
ACC8deba81808,DEVe89972e8A4
ACCc1f2054110,DEVc1478734d2
ACC463a38d73e,DEVnf77177c57c
ACCf33e63279a,DEVe1b2c7715
ACC8e54bc8f53,DEV6205cfd275
ACC382df3ee8e,DEV3D024cf796
ACCbf01a17cd4,DEV8d821e5a23
ACC90d3b1c16d,DEV32072d5407
ACC7b54cb451b,DEV2e41711cd
ACC673532f16b,DEV9523efff8c
ACC135bed3de5,DEV0675b85ce3
ACCdeb295929b,DEVa40dfab980
ACCb10aeb20c8,DEV74c74ff702
ACC31ef044e32,DV6db095a367
ACC19d7281562,DEV9bfcbf6969
ACC2bb1d1c67a,DEVd7cab7756c
ACC7c3a788a35,DE03065e426e
ACC1ebae2862b,DEV1a6302d516
ACC89c33b1214,DVb264d93560
ACCfaab40ecd1,DEV90e714c7c8
ACC26ec6149ea,DEV18f8c73deb
ACCeb37668918,lDEVb6158b71e6
ACCf8cf9230b0,DEV6d6c48d876
ACCcd705fa280,DEV54bbb7d713
ACCbf268bc93e,DEVe9626f1629
ACC06471062cb,DEV403f5bd6cb
ACC2d64748301,DEV172ce5b93f
ACCf3bf5a33db,EV9c0a53fbff
ACC8bad7e589b,DEV0461ac38f6
ACC753ab7a908,DEaVc194629a1
ACC7e462d8c26,DEV4b15b6d5fa
ACCa32300301d,DEVaaaeaf018e
ACCe9be0f000f,DEV574e4b63d0
ACC92718ff9e2,DEVb1d4597c3e
ACC074172247a,DEV17003d1237
ACCe9a6eefe35,DEV3439eba979
ACC660988d7ff,DEVe115a7d888
ACC71ede236f6,DEVe9acd9d009
ACCb9ce86c05a,DEVc9414493eb4
ACC752b18574f,DE6086117dd7
ACCcd0b7f2a6c,DEV9caa07ee42
ACCd03d13c7f9,DEVd43f6f4d19
ACC321d717d98,DEV680d9afbfc
ACCb98041c941,DEVaa5068bcb7
ACC996b2bf34d,DEVa45f3c1f05
ACCd7033b69cb,DEV0ec6226209
ACCc7e214cd38,DEV9603a26l387
ACC970d6fcd54,DEV322b64d280
ACC0724d5767a,DEV56a667746
ACC085ff8b91b,DEV8b29a9e6de
ACCf0089c13bd,DEV54b1376270
ACC3151505a17,DEV31f1a4ee73
ACC7f7a147c35,DEVe76b183d050
ACC64e5a65250,DEV24d0dd1c40
ACC6e06f41012,DEVac01c90d1b
ACC1e39f945ff,DEV39cb40da54
ACCa82f03d9bd,DEVe1c5b623fE
ACCab4141580e,DEV00211097c7
ACC00243b2c84,DEV0725dbe9f3
ACCadb9f1c07c,DEV384a6be9ab
ACCfde911f416,DEVe988f6a1ae
ACCcf2403fe94,DEV9eb33aa78d
ACC47a54c6922,DEVe6e9575f40
ACC90adc5ba11,DEV6ad8c2507c
ACC8efe835e34,DEVf37cd9574d
ACCdfa270870e,DEV0e922509b7
ACCa811826514,DEVcd60ff955b
ACCc1e2d92809,DEVcc16cf76fd
ACC28b053700f,DEVfc04864fd8
ACCae0894a1f0,DEV2b24ad6c19
ACC726fd7093e,DEV46d7525fc
ACC62098bb61b,DEV75a549e017
ACC3b01ac1538,DEV9350d424e5
ACC3096e19269,DEV1b623de875
ACC4e78211d9b,DEbVc8e8891375
ACC8a9419c0c1,DEV21b9f963bb
ACCffb9e1086b,DEVf84899f879
ACCec6c9aa00b,DEVp3f6655318b
ACC4285a289d4,DEVb638258565
ACC37ea9d7bbd,DEVq1ec488e7a7
ACC1f564a6d52,DEV300e2f009ba
ACC19c297a09c,DEV35bd067e45
ACC6c4e6bce64,DEV1c07c0e03b
ACCa8de109915,DEV5ac0b5fddja
ACCb17fe42ed4,DEV655a42f784
ACCaeb19ac718,DEVbef449fBfe
ACCd3a164f5ee,DEV31e8cpd5f5b
ACC8c71589cbb,DEVad9e8b6f5d
ACCec3e4dbd9f,DEV42bba59c13
ACCab73498c01,DEVacf9f18c94
ACC77d13ccda5,DEVacf9f18c94
ACCacfbec11d5,DEVacf9f18c94
ACC3f043c45f7,DEVacf9f18c94
ACCddcb5511fd,DEVbd007db0f4
ACCe3306d1a21,DEVbd007db0f4
ACC9c2325dba3,DEVbd007db0f4
ACCd8fcad6e88,DEVbd007db0f4
ACC53b75d47be,DeVc63c49cf88
ACC7b4ec3cb1a,DEVc63c49cf88
ACCe442ff2d59,DEVc63c49cf88
ACC1f564a6d52,DEVc63c49cf88
ACC049cb18424,DEV8f9a1dc2e7
ACCa091805930,EDV8f9a1dc2e7
ACC99699d0235,DeV8f9a1dc2e7
ACCb964a16457,DeV7cb7212afe
ACC28c77ee1ee,DEV7cb7212afe
ACC496905b42b,DEV7cb7212afe
ACCf36ceb30f6,DEV6dbd694143
ACC592e03fbd0,EV6dbd694143
ACC6e065531a1,EV25f9790b9b
ACC3f0f2555b9,DEV25f9790b9b
ACC5e7d36e33f,DEVa98645e7226
ACC055c6a5953,DEVa98645e7226
ACCc993344b09,DEVa98645e7226
ACCc561199099,DEVe22752Dd2b
ACC3725c15652,DEVe22752Dd2b
ACC1bcc648b4a,DEVe22752Dd2b
ACCdae74e8229,DEV649220257f
ACC93e38bb353,DEV49220257f
ACCdaeb0ba85c,DEV649220257f
ACCfcb15b41f0,DEV649220257f
ACCbaa28c5fcd,DEV837d4989d7
ACC18b76c6de0,DEV837d4989d7
ACC0fa7fde6c7,DEVaa98aa8dc
ACCa69b06aa3e,DEVaa98aa8dc
ACC6cd136f092,DEVaa98aa8dc
ACCc6274e7e5c,DEVaa98aa8dc
ACCe56f5fd34b,DEVf13e2057c0
ACC4b57876a73,DEV1f3e2057c0
ACCa5cbd90f63,DEVf13e2057c0
ACCc26bef77c5,dEVf13e2057c0
ACC34549939cb,DVEc2ecf27567
ACCfa10bd74f6,DEVb18963507c
ACCa47b541b5c,DEVc2ecf27567
ACCe0a1a139c8,DEVb18963507c
ACCc4a4524f00,DEVc2ecf27567
ACC8d3e69a0a7,DEVd2f9358362
ACC926f5f2c9a,DEVd2f9358362
ACC8b6bf0499b,DEVd2f9358362
ACCdc86547402,DEVdf9358362
ACC89f22b07b9,DEVc2ecf27567
ACC1607cf6f07,DEVc2ecf27567
ACCe5fd78f209,DEVb18963507c
ACC4f59f71594,DEVb18963507c
ACC617f0d9e87,DEVd2f9358362
ACCac38f972b5,DEVc2ecf27567
ACC565edfd565,DEVb18963507c
ACCf5412a3bcc,DEVc2ecf27567
ACC29ce3eb102,DEVb18963507c
ACC4da9952718,DVd2f9358362
ACC03e6adcef7,DEVd2f9358362
ACC03fa28e911,DEVb81963507c
ACCb02050de28,DEVd2f9358362
ACC63086eee64,DEVc2ecf27567
ACCb2d94ca57a,DEVb18963507c
ACCb1d3dc27f1,DEVb18963507c
ACC444988ca54,DEVb18963507c
ACCf627994b02,DEV25a2f0d24d
ACC34ced761f8,DEV25a2f0d24d
ACC8f9b9ca019,DEV129121c1c7
ACC5e287b9248,DEV25a2f0d24d
ACC1bfc867d85,DEV129121c1c7
ACC459e049631,DEV20300282cF
ACC7780bdb998,DEV25a2f0d24d
ACC9deac76f99,DEV129121c1c7
ACC5c0df8e988,DEV2d88aed271
ACCafc908e7c2,DEV2a2f0d24d
ACC0fbe99ef3d,DEV25a2f0d24d
ACC9c97464028,DEV2d88aed271
ACC3fbc28b800,DEV129121c1c7
ACCf1015d0b65,DEV2d88aed271
ACCe31b00ca33,DEV52a2f0d24d
ACCe4f634a304,DEV787a2797ea
ACC366cd994d0,DEV787a2797ea
ACCbf3ae9ce72,DEV6ec2c76f8
ACC809a0c60bb,DEV6ec2c76f8
ACC97c06704b9,DEV6ec2c76f8
ACCcac888eedd,DEV787a2797ea
ACC4b60cde6d7,DEV6ec2c76f8
ACC099fe96064,DEV6ec2c76f8
ACC05127c97c1,DEV787a2797ea
ACCe79d896c72,DEV6ec2c76f8
ACC20f6a0aaa4,DEV6ec2c76f8
ACC19d7430af9,DEV787a2797ea
ACCa0b6046f4f,DEV6ec2c76f8
ACCbbdad14ea8,DEVz787a7297ea
ACC4dea244f96,DEV6ec2c76f8
ACC621439360d,DEV6ec2c76f8
ACCe96fb7fcb3,DEV787a2797ea
ACC74983a6931,DEV6ec2c76f8
ACCae4954d8dc,DEV6ec2c76f8
ACC758b1f7f9c,DEV6ec2c76f8
ACCd29c0c8671,DEV787a2797ea
ACC1dd0915d09,DEV6ec2c76f8
ACC13b6ca1dca,DEV787a2797ea
ACCc5d736f9d7,DEV787a2797ea
ACC3dee20de38,DEV787a2797ea
ACC824e5448ec,DEV787a2797ea
ACC1f84a3b572,DEV787a2797ea
ACCb7290d6e00,DEV787a2797ea
ACCf1db721c63,DEV787a2797ea
ACC4ac5c9963e,DEV209f44e248a
ACCb7bc153e3c,DEVd14ab2846d9
ACCbcf6cbea86,DEVd614ab846d9
ACCde99f5a3b4,DEV209f44e248a
ACC5ad12b0c2a,DEV730fd6878e
ACC92523e4e61,DEVd14ab2846d9
ACCa94d4ce51e,DEV209f44e248a
ACC5ad1822316,DEV209f44e248a
ACC572f2b0de2,DEV730fd6878e
ACC144badfdbc,DEV4d0f23a7e6
ACC81f3b87f9b,DEVd14ab2846d9
ACC4c46892f62,DEV47d0f23a7e6
ACC83250b34cf,DEV4d0f23a7e6
ACC84370b1cac,DEV730fd6878e
ACCb182967366,DEV730fd6878e
ACCda4709e97c,DEV209f44e248a
ACCf591712157,EV209f44e48a
ACC08ad2fe5a0,DEV730fd6878e
ACC331562670d,DEV730fd6878e
ACCc7f56fbecc,DEV19bda9b257
ACC32edd304e6,DEVe64680a9b0
ACC49a4ba5097,DEVf27a47dad4
ACC36d8c83221,DEVf27a47dad4
ACC3db41bf369,DEV19bda9b257
ACC802719d1af,DEV6e4680a9b0
ACCa20c584335,DEVf27a47dad4
ACCaa91017267,DEVe64680a9b0
ACCc6df892e71,DEV19bda9b257
ACC414f849731,DEVc06aa1f58d
ACCf81eb6f478,DEVf27a47dad4
ACC6b38d2bff1,DEVe64680a9b0
ACC837cf64c5f,DEVe46680a9b0
ACC4531fb4592,DEV19bda9b257
ACCd591f5695e,DEVf27a47dad4
ACC399674449f,DEV19bda9b257
ACC4492c5f3bf,DEVc06aa1f58d
ACC2a48af613f,DEV27a47dad4
ACC7ff84048ea,DEVf27a47dad4
ACCa55b7ccd3d,DEV34259e5ae3b
ACC6e7123814f,DEV7336076cee2
ACC3b6b52063d,DEV34259e5ae3b
ACC396bb75c1d,DEV57c9dcd12
ACC9f1f87f8bf,DEVj57c9edcd12
ACC3bae4f1aa8,EV34259e5e3b
ACC0ca0fa23b8,DEV34259e5ae3b
ACC2a1e689b5b,DEV562Dc3d1af
ACC89ef18948a,DEV34259e5ae3b
ACCe90887e275,DEV57c9dcd12
ACC8dca0a2142,DEV34259e5ae3b
ACCe1300cfb05,DEV7636076cee2
ACCa215dfe865,DEV5x7c9edcd12
ACC36eeb0514c,DEV57c9dcd12
ACC5f429fa752,DEV57c9dcd12
ACC99a2f8d5ab,DEV34259e5ae3b
ACCc48303edde,DEV562Dc3d1af
ACC2c675f09d5,DEV562Dc3d1af
ACCd705230309,DEv562dc3d1af
ACCb51fa9546f,DEV34259e5ae3b
ACCf2b645de95,DEV34259e5ae3b
ACC7e1a6ec2a4,DEV7336076cee2
ACC9a023ac7ef,DEV7336076cee2
ACC88c4c6349b,DEV57c9dcd12
ACC925f0a1543,EDV57c9edcd12
ACCb3e915bff3,DEV34259e5ae3b
ACC1eb973036f,DEV7336076cee2
ACCafdca7a5aa,DEV7336076cee2
ACC44d7b3a645,DEV34259e5ae3b
ACC22af91bf8a,DEV562Dc3d1af
ACC36d36832d7,DEV562Dc3d1af
ACC22fbe652df,DEV57c9dcd12
ACC7b0d395933,DEV34259e5ae3b
ACC510a7f88d0,DEV562Dc3d1af
ACCf2cae793b5,DEV7336076cee2
ACC1b814e717e,DEV57c9dcd12
ACCfac8d49ec0,DEVcca7168bd7
ACC363a5820c3,DEVcca7168bd7
ACC5db14ef531,DEVcca7168bd7
ACCd3ee46bdf8,DEVd2bea77b4ae
ACCafcda127f9,DEVcc1a7168bd7
ACC653ee56254,dEV2ab60b77bc
ACCf02e9913e2,DEV206829724
ACC42f9ec0d86,DEVfd38c1f2ab
ACC420c3b47e8,DEV206829724
ACC970ef05e87,DEV20s68297284
ACC6e5e09a5e2,DEV206829724
ACC19cf2d6c10,DVEce3d25c3ad
ACC76c7fd998b,DEV2aB60b77bc
ACCdd2805aca4,EDV2068297284
ACC6b586ef9c3,DEV206829724
ACCc5ecfb88d0,DEVce32d5c3ad
ACCe1c36e7be8,DEVce32d5c3ad
ACC600dbd7542,DEV2aB60b77bc
ACCdec5fc057f,DEVfd38c1f2ab
ACC29a0b33109,DEV2aB60b77bc
ACCf1ae9200d1,DEVfd38c1f2ab
ACC5009e3c221,DEVfd38c1f2ab
ACCa58e999f9d,DEVce32d5c3ad
ACC7660db2da2,DEV2aB60b77bc
ACCeeb53308d2,DEV2aB60b77bc
ACCe9aff7bea8,DEVfd38c1f2ab
ACCa9f459fd6b,DEVfd38c1f2ab
ACCe0e5a7c84f,DEVce32d5c3ad
ACC6f6dbe3391,EVce3d25c3ad
ACC1a5f47921c,DEV206829724
ACC94e56edc87,DEVfd38c1f2ab
ACC1e1d9c6c81,DEVfd38c1f2ab
ACCa06b53260f,DeVfd38c1f2ab
ACCf912f99eaf,DEVce32d5c3ad
ACC45dd7b7578,DEVfd38c1f2ab
ACCd0a7d2a272,DEV2aB60b77bc
ACC4a161cf6cb,DEV0f2a48b47D
ACCb58e34d90b,DEVeqf12767478
ACC0f3127d575,DEV079f3fcd74
ACC5bbc36aad0,DEVef12767478
ACC8d1a66df6e,DEV079f3fcd74
ACC38c3d8c8a8,DEV0f2a48b47D
ACC41f4c3002c,dEVef12767478
ACC92bc4f6827,DEV0f2a48b47D
ACC39201d0fd7,EDV0f2a48b47d
ACCe686249b6c,DEcVebcf7e23d
ACCbf2a6c34d6,DEVef12767478
ACCffafe4b6ef,DEV0f2a48b47D
ACC524a59f89f,DE0f2a48b47d
ACC6e8a079739,DEV0f2a48b47D
ACCcd33ceb006,DEV079f3fcd74
ACC9288145823,DEVef12767478
ACC49049e1de0,DEV02a48b47d
ACC974e3ebdde,DEV0f2a48b47D
ACCc4b68d9f34,DEVcebcf7e23d
ACC621f9a5b44,DEV57380057d
ACC74ff552555,DEV57380057d
ACCcafe56ac8b,DEVa98a59131
ACC31032c9bef,DEV57380057d
ACCa1861bd198,DEVa98a59131
ACCe38862f40a,DE573980057d
ACC7ce47fe452,DEVa98a59131
ACC4da8eb1e80,DEVef6Fc5a067
ACC958825413a,DEVef6Fc5a067
ACC0842348d7f,DEVef6Fc5a067
ACC42382946e3,DEVef6Fc5a067
ACC212a96a543,DEV18d3f15065
ACC793e855846,DEV1d83f15065
ACC5652fc184d,DEV358c7df7aa2
ACCd9b8bcba45,DEV358c7df7aa2
ACC62a6d68904,DEV1d83f15065
ACC8737204572,DEV358c7df7aa2
ACC9634dc74fe,DEV1d83f15065
ACCd4d0641582,DEV58cdf7aa2
ACC18d8111896,DEV358c7df7aa2
ACC7f406dfb66,DEV358c7df7aa2
ACC5d3e658903,DEV1d83f15065
ACC812bfa986b,DEV358c7df7aa2
ACC1b8a060293,DEV358c7df7aa2
ACC0587886d52,DEV1d83f15065
ACCf376a2ab5e,DEV1d83f15065
ACC693847ecc5,DEV358c7df7aa2
ACC29e28edf9a,DEV1d83f15065
ACCe1b529411c,DEV358c7df7aa2
ACC130bb58edb,DEV1d83f15065
ACC41bf2aa2e5,DEV358c7df7aa2
ACC610998a41d,DEV1d83f15065
ACCda0e8ea85a,DEV1d83f15065
ACCe3d51d99b3,DEV1d83f15065
ACC1032231680,DEV358c7df7aa2
ACC4aedae4024,DEV1d83f15065
ACCe12af9c94d,DEhV358cdf7aa2
ACC85adc0ad23,DEV1d83f15065
ACC44d82fc3cf,DEV1d83f15065
ACC8454874d20,DEV1d83f15065
ACCcad0b39742,DEV358c7df7aa2
ACC538e6bb41a,DEV1d83f15065
ACC768ab24a33,DEV358c7df7aa2
ACC272e0bb89f,DEV358c7df7aa2
ACCc1bf88ed93,DEV358c7df7aa2
ACCb9f6f9c45d,DEV1d83f15065
ACC4d2ff090cc,DEV1d83f15065
ACCc51f82ecaf,DEV34a026d66cb
ACC9fd9133669,DEV71643cb0c
ACC336fce68ad,DEV71643cb0c
ACC58299c2c0f,DEVad011de07e
ACCaf86903011,DEV71643cb0c
ACCefd06e0fea,DEV7a94a5856
ACC2b761b4328,DEV7a94a5856
ACC4557397c83,DEV34a026d66cb
ACCa211528145,DEV7a94a5856
ACC5d0cc63b13,DEV34a026d66cb
ACCc2655b8d26,DEV34a026d66cb
ACC79740b0d97,DEV7a94a5856
ACCf17a263665,DEVf71e643cb0c
ACCe935e66d96,DEV71643cb0c
ACCc9eaa094ec,DEV34a026d66cb
ACC2e1b585296,DEVad011de07e
ACC77f73d6639,DEVad011de07e
ACC7b5d5fa3a9,DEV7a94a5856
ACC47cd3c7ff1,DEV34a026d66cb
ACC0a2732b08b,DEV71643cb0c
ACC3f409d52ec,DEVad011de07e
ACCf263443c6c,DEVad011de07e
ACC2270198463,DE3V4a06d66cb
ACC083855d478,DEV7a94a5856
ACCcd50b77b7b,DEV71643cb0c
ACC0d238346b4,DEV71643cb0c
ACC3a30c51b3d,DEV71643cb0c
ACCacbdcf829e,DEVad011de07e
ACC605b871dd6,DEV71643cb0c
ACC2a2ccbb7d3,DEV17e643cb0c
ACC7349a42375,DEV71643cb0c
ACCc7b687c073,DEVad011de07e
ACC36a94ae676,DEV34a026d66cb
ACC0db67f4fd7,DEV7a94a5856
ACCc21f5bce25,DEV34a026d66cb
ACC16ab4f3bb9,DEV71643cb0c
ACC6d6af155f5,DEV3j4a06d66cb
ACCf79ca88e22,DEV34a026d66cb
ACC72c0d205cd,DEV061163069
ACC64c7addaae,DEV7c7534f31e
ACC279b8bc2b5,DEV7c7534f31e
ACC75fb8978a1,DEVc77534f31e
ACCe332e908e3,DEV061163069
ACC33cf684da0,DEV061163069
ACC266a3ba8c8,DE4Vec3b3c0113
ACC9abe98f819,DE0V6116a3069
ACC7d84f44804,DEVb545f49415
ACCc21e9f606a,DEVec3b3c0113
ACC85e2db7bca,DEVb545f49415
ACC32967e84a2,DEV7c7534f31e
ACC3d52e82413,DEV7c7534f31e
ACC6ea269c80b,DEV061163069
ACC97c76423ab,DEVb545f49415
ACCcb74896cf6,DEV061163069
ACCdac93f09dd,DEV7c7534f31e
ACC0ecbac0a93,DEVb545f49415
ACCc7d4a986f4,DEVb39df23847
ACC1b26277876,DEVb39df23847
ACC3b53f22f8e,DEVfe309bb733
ACC421b7b8a9d,DEVfe309bb733
ACCd6575d9200,DEVb39df23847
ACCf2113515aa,DEVfe309bb733
ACC7ea26eea7b,DEVfe309bb733
ACC3c7f736745,DEVb39df23847
ACCe7d7a51690,DEVb39df23847
ACC969c6c8d71,DEVfe309bb733
ACCb1af854dc3,DEVfe309bb733
ACC73031d91d9,DEV8684148b5
ACCd6e3e06b29,DEV4bb8a0d97c
ACC473473fedd,DEV243e014cb9
ACCb1b579e2d1,DEV4bb8a0d97c
ACC4dc1788ca3,DEV4bb8a0d97c
ACCa0ea08feaf,DEV4bb8a0d97c
ACCd0cf0cafb6,DEV4bb8a0d97c
ACCf9b15f5ac0,DEV4bb8a0d97c
ACC50bcdab0f5,DEuV4bb8a0d97c
ACC72cf916f3a,DEV4bb8a0d97c
ACC95fa3186e5,DEV243e014cb9
ACC94bcb25fcb,DEV243e014cb9
ACCe11634ee0d,DEV8684148b5
ACC31077ab0cd,DEV4bb8a0d97c
ACCe2379477c3,DEV243e014cb9
ACCfc2a5df641,DEV8684148b5
ACCa3f88a5b4d,DEV243e014cb9
ACC87a142df17,DE4bb8a0d97c
ACC3950cc79a8,DEV243e014cb9
ACC7d5f82e361,DEV4bb8a0d97c
ACCdb4bb6965a,DEV4bb8a0d97c
ACC876ce54560,DEV4bb8a0d97c
ACCa398155eb0,DV8684148b59
ACCee4572d20a,DEV8684148b5
ACC7deb181e72,DEV8684148b5
ACCeccc5a9fd9,DEV684148b59
ACC8b517c62b0,DEV243e014cb9
ACC800e4754f5,DEV8648148b59
ACC9d2c1e2428,DEVeffe0759f0a
ACCa123edc104,DEVeffe0759f0a
ACCc0e2f75825,DEV5680e9aae3
ACCd2d70fd24c,DEVeffe0759f0a
ACCcbf8e2877d,DyEVeffe759f0a
ACC3116852d75,DEV6580e9Aae3
ACCba74f547fd,DEV580e9aae3
ACC80531a38bb,DEVeffe0759f0a
ACCdc1197b3ce,DEV6580e9Aae3
ACC3da15ca905,DEVEffe759f0a
ACCf04f85ac65,DEV6580e9Aae3
ACCd185189584,DEV6580e9Aae3
ACCbf9739103b,DEVeffe0759f0a
ACC1f1f4faa09,DEVeffe0759f0a
ACC15503f614b,DEVeffe0759f0a
ACC9e0fa9de76,DEVeffe0759f0a
ACCcd7fd5411c,DEVeffe0759f0a
ACC5f16ad0649,DEVeffe0759f0a
ACCc1168fdcf9,DEV6580e9Aae3
ACCebc0299921,DEV6580e9Aae3
ACCcc8f203200,DEVeffe0759f0a
ACC1948971b18,DEVseffe759f0a
ACCc3c21a4482,DEVeffe0759f0a
ACCed63683d95,DE6580e9aae3
ACC25723e9466,DEVeffe0759f0a
ACC5ff9b55cbd,DEVeffe0759f0a
ACC81812338b2,DgEVeffe759f0a
ACCa3fc77b3ae,DEV6580e9Aae3
ACC8cdf406dec,DEV6580e9Aae3
ACC1d78138b88,DEVeffe0759f0a
ACC7d9ff9e304,DEV6580e9Aae3
ACC16edf8ab0c,DEV6580e9Aae3
ACCb2bc2f318a,DEV6580e9Aae3
ACCbe3af12d23,DEVeffe0759f0a
ACC41dff9b243,DEV6580e9Aae3
ACC8dbe76b6a2,DEV6580e9Aae3
ACC20da5deff0,DEV6580e9Aae3
ACCe9ee571728,DEV6580e9Aae3
ACC0637426742,DEVeffe0759f0a
ACC120ab63a46,DEVb7b0ba82dd
ACCab3792571b,DEV5fbf0bd41a
ACCfc7fb6756c,DEVf3b2ca5a81
ACC2ce7dba0ee,DEVb1adffb1b0
ACCae1dc94ab6,DEV5fbf0bd41a
ACCb78db509f6,DEVba1dFfb1b0
ACCa6ebd5ae9e,DEVb7b0ba82dd
ACC60c0f5c22c,DEVb7b0ba82dd
ACCb32fa3e0f4,DEVba1dFfb1b0
ACC435afb8eda,DEV5fbf0bd41a
ACCd46be1a0ee,DEVba1dFfb1b0
ACC786aee32a9,DEVb7b0ba82dd
ACC8c5ad8ef09,DEVf7af527B3d
ACCbdaa7849c2,DEVf7af527B3d
ACC12d277136e,DEVf7af527B3d
ACC3d07aab6d5,DEVf7af527B3d
ACC179b857410,EVf7af527b3d
ACCfde127dc4f,DEVf7af527B3d
ACCfd997f09ff,DEV749d664e05b
ACC06528b81d5,DEV749d664e05b
ACC9e0ff6b75a,DEV749d664e05b
ACC6ade05f511,DEV749d664e05b
ACCfea76a091c,DEVf7af527B3d
ACC0bedd81f1f,DEVf7af527B3d
ACC1f902e7004,DEV749d664e05b
ACC339a901c83,DEeVf7af527b3d
ACCa0e990f673,DEVf7af527B3d
ACC7ec5f1eea6,DE7V49d664e5b
ACC1f1e51f8f0,DEVf7af527B3d
ACCd4d5415185,DEV749d664e05b
ACCc6a32ca257,DEVf7af527B3d
ACC4404551916,DEV749d664e05b
ACC92d4372e29,DEV7649d664e5b
ACC9bfdfceed0,DEVf7af527B3d
ACCd2785204d6,DEV59a7602e98
ACCec4aaa289e,DEV59a7602e98
ACCa8d6c319de,DEV79A0a1ea5c
ACC2b97620f53,DEV59a7602e98
ACCe148ac913b,4DEV59a7620e98
ACCba746b817e,DEV79A0a1ea5c
ACCd9abedd97f,DEV79A0a1ea5c
ACC77270158b3,DVE79a0a1ea5c
ACC5f40313a81,DEV593a7620e98
ACC6fc084dd92,DEV59a7602e98
ACC5ab6c7d97d,DEV59a7602e98
ACCb10462077f,DEV59a7602e98
ACC982dff0ea0,DEV79A0a1ea5c
ACC166931e19f,DEV59a7602e98
ACCdb4fe8b0f7,DEV79A0a1ea5c
ACC98e39ee1dc,DEV59a7602e98
ACC4cd2315667,DEV79A0a1ea5c
ACCae9b30ca6d,DEV79A0a1ea5c
ACC840b4fa4d3,DEV59a7602e98
ACC06c59d1a03,DEV79A0a1ea5c
ACCa26ba25d08,DEV79A0a1ea5c
ACC8d679e8b22,EDV59a7620e98
ACCe94aea67aa,DEV59a7602e98
ACC51234903dd,DEV59a7602e98
ACC65afec2110,DEV79A0a1ea5c
ACC919af8de4c,DeV59a7620e98
ACC9861208f2b,DEV79A0a1ea5c
ACC92b388c401,DE59a7620e98
ACC19137f410b,DEV59a7602e98
ACCe297a4abcd,DeV79a0a1ea5c
ACCaa22dd01ca,DEV02C6a063d3
ACCdfa6a5baab,DEV02C6a063d3
ACC2cbb789e9c,DEV02C6a063d3
ACC5363dd1b49,DEV02C6a063d3
ACC919505ddc9,DEV02C6a063d3
ACCae1467542d,DEV02C6a063d3
ACCd339724fd5,DEV02C6a063d3
ACCf3c8699664,DEV2b48a94373
ACC126a129866,DEV02C6a063d3
ACCefa188cec8,DEV02C6a063d3
ACC505d3907ac,DEVb248A94373
ACCf1cabe9fa4,DEV02C6a063d3
ACC18de98e127,DEVub248a94373
ACC14777a0c8d,DEVb248A94373
ACCca0dfbab4b,DEV2b48a94373
ACC66fcb4eade,DEVb248A94373
ACCc0fffcd3db,DEV02C6a063d3
ACCe64fead50c,DVb248a94373
ACCc5b01ddf2b,DEV20c6a063d3
ACC1399d495d5,DEVb248A94373
ACC0ed717768e,DEVb248A94373
ACC63ea51c239,DEVb248A94373
ACCcc1867bb0e,DEV02C6a063d3
ACCaadd6631d7,DEVb248A94373
ACCbf2a6c34d6,DEV6580e9Aae3
