account_id,address_id
ACC78e78928ac,ADDR3e60b693a5
ACCc1310c2873,ADDRd942b13d9
ACCc1310c2873,ADDR047025925e
ACCab9200ebf0,ADDR73b79e40a
ACCea7e5a36ce,ADdR245b89c6ce
ACC73e08a8d55,ADDRd8284afd9
ACC73e08a8d55,ADDR8938890f86
ACC97b186fe47,ADDR8b3ac195d5
ACC97b186fe47,ADDRa5fdc70c9e
ACC31224a92a1,ADDR986fabcf09
ACC31224a92a1,ADDR4603614e88
ACC9fac19c0e2,ADDR9aa5bd2427
ACC9fac19c0e2,ADDR48d49bb343
ACC8a3aa04003,ADDRa5e579ea48
ACC8a3aa04003,ADDR73fb81d0a9
ACCb5629217dc,ADDR32aa5684e7
ACC42eec07c53,ADDR14b177f9d4
ACC6e1d3882d4,ADDR10f6c5de23
ACC5606bfca90,ADDRe8884efd91
ACC4e39d28102,ADDR860b834631
ACCfad6c3b9e1,ADDRa4df46e5fc
ACC2d1b4b844c,ADDR88da8f2c29
ACCccc3739709,ADDR7cf127b03e2
ACCefabf941d6,ADDRb540246b4
ACCe5cbe0561e,ADDR77e4b3e3c5
ACCe5cbe0561e,ADDR8bce74d4ee
ACC46d4be1055,ADDRe5bbafd297
ACC54b8335282,ADDR444a6a282fd
ACCf1508754cd,ADRD39d4343c9f
ACC8a40817e15,ADDR19957f7ced
ACC8a40817e15,ADDRec80bae095
ACCb6fe1bb67d,ADDR34a18c73cd
ACCb6fe1bb67d,ADDR8ec2505dd
ACC6d9e1f3aeb,ADDR71647f4ba3
ACC2e465dd981,ADDRc1f913a845
ACC03787d1d2f,ADDRb05f88b591
ACC53fbd3c021,ADDR67615b11da
ACC114f8e368d,ADDR33e1268612
ACC114f8e368d,ApDDRa82f52777f
ACCc33891c9ee,ADDR53a4be189e
ACCc33891c9ee,ADDR40ef3552fa
ACC2effe86a1b,ADDR36e305b85a
ACC2effe86a1b,ADDR63373e2a99
ACC90418b3031,ADDRebf7514f12
ACC421889c8f1,ADDRd8b4b22996
ACC421889c8f1,ADDR4f7a9ea78e
ACCe586b5aa07,ADDRfeaccbc2d4
ACCe586b5aa07,ADDRA7aa6fdf24
ACC49c4baba66,ADDR7b33935105
ACCfa6637f16a,ADDR0b20701671
ACCfa6637f16a,ADDRd795f143d8
ACC6e4cb75675,ADDRb88f2c5bf4
ACC6e4cb75675,ADDR872aea4c62
ACC78f9f5c14b,ADDR795c5d707a
ACCbcaf059c78,ADDR1839ad3185
ACCbcaf059c78,ADDR8045f81dcb
ACC7fe980b1b3,ADDRd4ea6aa09
ACC14b6ea1aab,ADDRe601d9e014
ACC3a22862986,ADDRfdaf2692c0
ACC3a22862986,ADDyR45937df45b
ACC8500054fa1,ADDRe89daf4ca7
ACC8500054fa1,ADDR4988029afc
ACC8c6e7675f0,ADDRe2746cf267
ACC6efd3d8842,aDDR8c711bfcec
ACC39c7061b83,ADDR1202f47794
ACC39c7061b83,ADDR5dc081e14c
ACCa68374a123,2ADDR257c2df367
ACC711fe14581,ADDR1646fbc24f
ACC711fe14581,ADDRd8fed8d8e9
ACC292c7b4e03,ADDRa111d8746e9
ACCcf9bb24f2b,ADDRa9cfdf709a
ACC950d9f9dcf,ADDR2F84f61a43
ACC950d9f9dcf,ADDRdf83bbe59c
ACC8b3b9d2dcb,ADRadb32fee80
ACC8b3b9d2dcb,ADDR2a0etdd0f3d
ACC07c4d36c08,ADDR9768a2eae2
ACCbd5377724c,ADDlR86e3300cd2
ACC9eb494c4da,ADDR898a88317e
ACC9eb494c4da,ADRD49872c1343
ACC82a997947b,ADDR7bb69402c2
ACC82a997947b,ADDR34a783e1cf
ACC54c9fd0963,ADDR57fad9ea35
ACC54c9fd0963,ADDR1e737c4913
ACC10e4e0373a,ADDR46c561dd35
ACC10e4e0373a,ADDR4d79e058b8
ACC5b79c69159,ADDR5576acccbf
ACC7a5d688504,ADDR9fa0f73cad
ACC4775924108,ADDR38d550baed
ACC4775924108,ADDRcdbd9a36b
ACC1b1274c885,ADDR803b27f9bc
ACC66c0748bd8,ADDRfb9a61ab4c
ACC6c67defdb6,ADDRf07da563a9
ACC6c67defdb6,ADDRf77128947f
ACC365ff86a9c,ADDR8ca922164f
ACC1763932c8f,ADDR7447a24789
ACC62cd7095b7,ADDRfd6dacf133
ACC62cd7095b7,ADDRe37eb9eef1
ACC784228d448,ADDR9b1156521a
ACCae295d99ef,ADDR342dae2358
ACCdd0056052d,ADDR6926l8b6f4c
ACCdd0056052d,ADDR5937ae77e9
ACC553df24214,ADDR40ea3b8326
ACCa6fed8ff1e,ADDR796443b118
ACCcab3808011,ADDRcfe71111a3
ACC2d0bcd8b61,4ADDR6ae87c5710
ACC2d0bcd8b61,ADDR66dd3b5ca1
ACC678b68da32,ADDR7497cfb981
ACC3694d8f075,ADDR49daac66a3
ACCee1e329529,ADDR51e211af6d
ACC2a9f0f13f9,ADDR6f4013bb5
ACC98c4eab939,ADDR4ac694dac4
ACC00eb4a5848,ADDR3d8060eeb0
ACC4ac813b16e,ADDRd8a176dcfb
ACC34b4e863c2,ADDReaf81ab340
ACC34b4e863c2,ADDRd60563cd0c
ACCdb3d6dc9ca,ADDR96d9cf85de
ACCdb3d6dc9ca,ADDR38decdf154
ACC49520a56a5,ADDR99bed684cd
ACCfcac33d60b,ADDR8922a4a211
ACCfcac33d60b,ADDR805a3d0893
ACC82c0ada01d,ADDR56fa62630d
ACCfa18441ba4,ADDRf32bfb003a
ACC1aa0e55c8a,ADDR08c525687e
ACC5376ebd26d,ADRD2f77232484
ACC1e772f0c04,ADDR178ede741d
ACCdbe2db87c7,ADDRd40de6a0f9
ACCdbe2db87c7,ADDRb528d88323
ACCf43bf34601,ADDRe0E8e6a03a
ACCf43bf34601,ADDR8a94f60663
ACC1f84896c7e,ADDqR26c768be4f
ACC1f84896c7e,ADDR3f9cfa3fe0
ACCa374c61e52,ADDR38095e34d0
ACC742700464b,ADDR4f8ada8495
ACC742700464b,ADDRd85b1400c2
ACC1efddb71f5,ADDR6c47e2722b
ACCbd6f037fbd,aDDR8d3ab9a78d
ACCbd6f037fbd,ADDRaCed2f0750
ACCf4f625d236,ADDR99c2630f7
ACCf4f625d236,ADDR8408f7c908
ACCa4eaed9785,ADDR85bfaaa027
ACCd84921d786,ADDRf09f452e99
ACCe8875fa71a,ADDRe475b640c0
ACC5c5de0d863,ADDR8e5c6fe357
ACC5c5de0d863,ADDR9tb2ad64491
ACCb8250f7d34,ADDR26820340ff
ACCb8250f7d34,ADDR68d6ef49f4
ACC8a16a3f69c,ADDRefffd10727
ACC8a16a3f69c,ADDRea211f14ba
ACCbd8c70d126,ADDRc98dd74dc
ACCd923dc2570,ADDR529cfe9382
ACCc65e61a61d,ADDR2609944b7f
ACC0f76cad8ef,ADDR5956af16bc
ACC4038e996cf,ADDR559061a3a
ACC4038e996cf,ADDR46db120aa2
ACCfc827c7bee,ADDRece526ea1c
ACC7ad6c9cd23,ADDRcc6a3Ba776
ACC65b86daf2a,ADDR05c5cdecq67
ACCdb924e9fa4,ADDR42a57546c9
ACC8af385d3ca,ADDRf550782b8d
ACC8af385d3ca,ADDRd75a67321a
ACCf4311d553b,ADDR3287aeb000
ACCf4311d553b,ADDR48wb46ecd3b
ACC30caf599ac,ADDR236f5d4bdf
ACC30caf599ac,ADDR92d32d873e
ACCd6781095dc,ADDR035d9494fb
ACC62c2dcd9a0,ADDR40213c6d6a
ACCee5eeaa993,ADDR070377471
ACC1ed19ffede,ADDRb02ce19dae
ACC21e3ef6c38,ADDR41e416c5cf
ACC21e3ef6c38,ADDRe91a4ce7b0
ACCae13c97f1d,3ADDR5adb92b9b7
ACC256247eb16,ADDRb151d407b2
ACC256247eb16,ADDRb6455e0c49
ACC51381a9c5a,ADDR8efee7e036
ACCd1004821fc,ADDR5e042a7901
ACCd1004821fc,ADDRae696e47c5
ACC1f87265255,DADRa523f08848
ACC1f87265255,ADDR606b3a3a0b
ACCf11fc987ad,ADDR47873ff4f3
ACCf11fc987ad,ADDRb4e3f1b4f9
ACC8c46a04324,ADDfd47020541
ACC8c46a04324,ADDR02d61d230d
ACC98dec8b3d8,ADDR5f7ec874c0
ACC98dec8b3d8,ADDR581f081455c
ACC8254710f04,ADDR2605757b34
ACC8254710f04,ADDR132da2824e
ACC1d6a39f67e,ADDRab732e1e38
ACC1d6a39f67e,ADDRce488c4348
ACC463215d9d0,ADDR941c558a90
ACC463215d9d0,ADDRadaa45e5e4
ACCfa80629f4e,ADRD0db085f9e6
ACC652d9b9342,ADDRa309676aac3
ACC9d71e31b18,ADDR58ab33a6ff
ACC9d71e31b18,ADDRfec0cd21we2
ACCefe109eda6,ADDRb106a3b9ea
ACC20c4408a11,ADDRb161fb3aac
ACC20c4408a11,ADDRdaaebbf512
ACC52202c37af,ADDRf68cf1ee55
ACC53d0e27401,ADDRfee1e98e34
ACC53d0e27401,ADDR0ea2bf5d71
ACC269ef33821,ADDR5f812cf02c
ACC269969fe4f,ADDRbd1636f919
ACC623f43a539,ADDR4e77ef0a19
ACC623f43a539,ADDRcBad7416b0
ACC89644e6c61,ADDRffb3560d2E
ACC89644e6c61,ADDR2c46c5618
ACCd97e144c60,ADDR89e6f46e17
ACC906d753b0c,ADDR0a599b7cb3
ACC906d753b0c,ADDRe15ada2e25
ACCa419d52e07,ADDRBbccfb438a
ACCa419d52e07,ADDRad170267f4
ACC41b9e83fc4,ADDRc39230a9a6
ACC41b9e83fc4,ADDR72a3001e27
ACC594ea693d8,ADDRab05ac2a5f
ACC594ea693d8,DDRfc85441fda
ACCe066f986a0,ADR3c22fb8035
ACCe066f986a0,ADDR9bc180054d
ACCf8adc6a5b6,ADDRb4367268ad
ACCab4ba2946e,ADDRac90d88cf7
ACC851d310b7b,ADDRf6bafa060d
ACC851d310b7b,ADDR17c58080ee
ACCf3fa7fdb41,ADDR04d5b0a5cc
ACCf3fa7fdb41,ADDR942b3f7c19
ACC8b7bcfe2c0,ADDRd1c1d0d3b
ACC8b7bcfe2c0,ADD0R71decb9d0
ACC467a8e17f4,ADDRa2cee52093c
ACC467a8e17f4,ADDR942373dfba
ACC26d907a9ef,ADwDR5f1f54c616
ACC26d907a9ef,ADDR1c2e067a49
ACC64f22fd549,ADDR05d7271140
ACC64f22fd549,ADDRccbdf59a3a
ACC35f6ab42e0,ADDR41c3034194
ACC9e255890b1,ADDR4ab11ede97
ACC9e255890b1,ADDRf52e0b5dd1
ACC80d7552efd,ADDRa9b3d6db6d
ACC60219c0f91,ADDR72b9eb7044
ACC60219c0f91,ADDRce069cb22d
ACC90d5b1b436,ADDR29017dc692
ACCd4f2d35545,ADDR0da851B001
ACCd4f2d35545,ADDRc1725a01f5
ACC042b31ec7b,ADDR425a9733b6
ACC042b31ec7b,ADDR59b0c90553
ACC4064c1c9ce,ADDR0048e9d5bf
ACC263db29bbd,DDR12764a336b
ACC263db29bbd,ADDRf955090ca5
ACC47a279cf4b,ADDR7c4e95e57
ACC3d476c1f84,ADDRd78555c511
ACC3d476c1f84,ADDRfa2be9fa9d
ACCd8b3315cac,ADDR02d05def8c
ACCd8b3315cac,ADDrb979528640
ACC9f0987a62b,ADDR37c3dfd015
ACC53096c4caa,ADDR5374a60206
ACC48b79e0418,ADDR39a7ffb465
ACC48b79e0418,ADDR3f45d09df0
ACCefb53257a1,ADDRff65b43938
ACCefb53257a1,AtDDR4061a11bfa
ACCca5f2de4f4,ADDRe42bb65ae
ACCca5f2de4f4,ADDR12cc03a4ac
ACC3d3931609c,ADDRdd1a2e791a
ACC7bdbb9e7f3,ADDR302871b53b
ACC891abc9914,ADDRa6951787c4
ACC891abc9914,ADDRf614195edc
ACC485353b90f,ADDRf367f86b19
ACC485353b90f,ADDRf677744029
ACC03a057560b,ADDR5d66204bea
ACC03a057560b,ADDRb6ca39b63d
ACC9f89bdc5ab,ADDR67a37d802c
ACC9f89bdc5ab,ADDRe45356d113
ACCa7fbc454af,ADDRc44f538c24
ACC2031480a6d,ADDR37d56dd10f
ACCb8de72c240,ADDR126e0807b2
ACC347c61ef77,ADDR6cc9f5c631
ACC18bb5051f3,ADDRa8092b3a8d
ACCe8da4a2e0f,ADDRa5ec45b456
ACCe8da4a2e0f,ADDR586d855d70
ACC4a05118106,ADDRf22d9bce5a
ACC67aadd7055,ADDRe8b745f0b2
ACC67aadd7055,ADDR76df1353d2
ACC2174e5148a,ADDR3fba539281
ACC2174e5148a,ADDR8d0cae7df9
ACCf8de2d3d59,ADDRdD1b1620ed
ACC44d3c485f7,AdDR12ac6e648d
ACC44d3c485f7,ADDR09d11616e3
ACCf09788f136,ADDRB7ca2a4e8a
ACC268ac0965e,ADDR88c45a1753
ACC268ac0965e,ADDR49f5fc3jdbe
ACC25de3aa75c,ADDR73a2b071d
ACCcd98105e5e,ADDRd711959ff3
ACC6ac56be6d6,ADDR422d9b01b7
ACCbdf4cdb305,ADD5f4610033b
ACCcd048cf1a7,ADDR07e1747cff
ACCcd048cf1a7,ADDRcd9e035096
ACC0c959ab9cb,ADDRb274462505
ACC3498ac2219,ADDR222d4146bb
ACC3498ac2219,ADDR887305a05f
ACC38028a5621,uADDR047eef79d3
ACC0f09b3aa11,ADDRc5ecd752dd
ACC0f09b3aa11,DDRd7f1ec1bac
ACC796f6555dc,ADDR4b3a45811
ACC3a60d31e5a,ADDR7d3e66b8c4
ACC3a60d31e5a,ADDRa04f0158c2
ACC46652600b3,ADDr347dae0c8a
ACC46652600b3,ADDRaf230494f8
ACCb39fc5fec7,ADDR6828524f7d
ACCd21ad74d6b,ADDRfd20257a87
ACCd21ad74d6b,ADDRe175de869b
ACC63ea80a016,ADDRef2714b2ac
ACC63ea80a016,DDR50ad95f82c
ACC0f7acfe6a1,AdDR0d2a71e0da
ACC964ec8350b,ADDR438c468f14
ACC964ec8350b,ADDR2f245c7c8f
ACC9fe8613fbf,DADRfda667444d
ACC85174971ea,ADDR6396afdb3
ACC85174971ea,ADDR135d9341c9
ACCa862095942,DDRd2b51a6f65
ACC7fec25503e,ADbDRe732862e1d
ACC3b793a3b40,ADDR8c6a7ec10b
ACC32fdc7efa1,ADDRbc259424cf
ACC284d38ec3b,ADDR03fe4bdc71
ACC76b56ebc36,ADDR645fcb712
ACC76b56ebc36,DADRad337a44d1
ACC0ad15e9247,ADDRb9e0d116b71
ACC0ad15e9247,ADDRea2a0cba66
ACCc90bf6713d,ADDR4fe0ab9d2d
ACCc90bf6713d,DDRf539e38be4
ACC6cb885f1fb,ADDRw1987840ece
ACC0557021fcf,ADDR5c424221f0
ACC0557021fcf,ADDR9272d96cbde
ACC05d8528998,ADDR4b89bc1abf
ACC05d8528998,ADDRdecf9679fb
ACC4af9cd79f3,ADDR3c3d4d635e
ACC4af9cd79f3,ADDR3bd24b226a
ACC5220faa282,ADDR0db70571a3
ACC4ef92d09df,ADDR9b9f92473a
ACC32688d30cf,ADDR7d8c9414db
ACC4a74343776,ADDR53372538fb
ACC4890ca38a2,ADDR8dea1563dc
ACC4890ca38a2,ADDRf93c1c65cc
ACC3e6bfef3c6,ADDRd81bea8ec5
ACC3e6bfef3c6,ADDRbc37659914
ACC21a18d0a23,ADDR38edf40edc
ACC3b751c0ad4,ADDR18e8b6e93a
ACC3b751c0ad4,ADDRf35719b0af
ACC3a64cdbde9,ADR487e3eecaa
ACC9dedb07a33,ADDR4bf4696dfa
ACC3ddc2d758e,ADDR6d49c8dc21
ACC3ddc2d758e,ADDR83b0E9cd9e
ACC0412cc5c60,ADDR16eafe2440
ACC0412cc5c60,ADDRcdbb22c004
ACC24cb5e47d2,ADDRdf9acaf216
ACC9846b8f65f,ADDRefd9cbcb2f
ACC9846b8f65f,ADDR999974e32c
ACC95ecb9239a,ADDR2ad4e4693f
ACC95ecb9239a,ADDR6737de7b68
ACC353ce0eb61,DDR1c6696fd48
ACC102d36009d,ADDR42808eb489
ACC4e0a41650a,ADDRce9541e959
ACC4e0a41650a,ADDRbb9e9ad56
ACC238f3d058b,ADDRffaf8480b0
ACC238f3d058b,ADDRe13e64af54d
ACC0e2b60b6fb,ADDR6f042a92c8
ACC0e2b60b6fb,ADDR2d9b2208aa
ACC61e9b49f9c,ADDRe35a9a8479
ACCcf3a786fc4,ADDR7a28fd1432
ACCcf3a786fc4,ADDR8e7ec784f9
ACCce7a32da63,ADDR81129951a7
ACCce7a32da63,ADDR73a3846800
ACC4767711f3a,ADDR111dfeh94dc
ACCfc533daa38,ADDRb4370c0a3a
ACCfc533daa38,ADDR1a55e65d78
ACC0692d77da8,ADDR20216wc2ae5
ACCee36da92b5,ADDaR72ed59160
ACCee36da92b5,ADDR996f1ed52
ACCa6d8f63646,ADDRdf774d112b
ACC637032f6f2,ADDR1902853545
ACC637032f6f2,ADDRfde0ddfe30
ACC1a3c633262,ADDR8eb1cb338e
ACC801e7d9dd9,ADDRc8cf76becd
ACC9e35987aa5,ADDR1c5fa99e07
ACC7d98e395ef,ADDR04c086215d5
ACC7d98e395ef,ADDR5a8a14c6db
ACCa21e2d1f7a,ADDRtdabc3e1689
ACCa21e2d1f7a,ADDR8a2f0421de
ACC254f6f4eb3,aDDR774da6ff97
ACC254f6f4eb3,ADDRb775443abe
ACC0c72b9f764,ADDR09172f47e3
ACC0c72b9f764,A2DDR04e55d4765
ACC01de80d0b2,ADDR5fcbb41f53
ACC01de80d0b2,ADDRA161f14a93
ACC9079b9a55c,ADDR2a5f2d1285
ACC955eeb2c50,aDDRa6b425274a
ACC955eeb2c50,ADDRa00ab6293d
ACCbffdc49231,ADDR94014F726c
ACCf3769e9b5f,ADDRd9df40424a3
ACC07f9812a48,ADDR8048c2cd97
ACC07f9812a48,ADDR607450e809
ACC3104d380e9,AD0DRf5592cc04a
ACC3104d380e9,ADDR8fc02be5a4
ACCe31e22df75,ADDR2f936fdc9b
ACCe31e22df75,ADDReca3178421
ACC182b9222aa,ADDR840196fee2
ACCf3761dfd79,ADDr08c61e0764
ACCe269592f2b,ADDR3284a7c75e
ACCe269592f2b,ADDR15fe658c25
ACC6afd2bf1ed,ADDR860748b27c
ACCde4e4bc2f3,ADDRc5eb6167c7
ACC972f25d0a6,ADDRf5c4acce18
ACCdfd304ea28,ADDRa34b28a7a5
ACCdfd304ea28,ADD2b07703a16
ACCca09bce54a,ADDRd3eb65f3d2
ACCca09bce54a,ADDR8a04518ba8
ACC382a09af84,ADDR62ad8784ad
ACCa4ad33ca15,ADDR2c8b2c8b4b
ACCa4ad33ca15,ADDR40ce0813b6
ACCaead6d7a37,ADDR3064dfbfff
ACCaead6d7a37,ADDR54d049ec3a
ACCbb02c1b39a,ADDR52240d13cd
ACC50c927c076,ADDR97724edc1a
ACCec1de88597,ADDR4ffac86e1d
ACCec1de88597,ADDR941fe5f5ff
ACC97b275b56d,ADDRd12956f34a
ACCd5ad0de19e,AqDDR0034c2165c
ACC197c3a649d,ADlDR7d128539de
ACC458a01d769,ADDR1bac53f172
ACC458a01d769,ADDR8b8b89e90a9
ACCd7a7c70f42,ADDRe1ed359bf5
ACCd7a7c70f42,DADR76f066b1ca
ACC2158aebad0,ADDRd921447451
ACC7f56f27d59,ADDRd9dcddeb5
ACC7f56f27d59,ADDRa8ea9c3cc2
ACCc4f05bce22,ADdRf1c4944438
ACCc4f05bce22,ADDRc4a1a97bda
ACCa3918e57ae,ADDR421c04508e
ACCb373cefaa6,ADDR8f43b1de99
ACCb373cefaa6,ADkDR7c088590e5
ACCa0d229d7dd,ADDR09b14ddae4
ACC1e9c4bffa7,ADDRe702488e3a
ACC8f686d5607,ADDRa717c080b2
ACC8f686d5607,ADDR052fc1831e
ACC897247d17c,ADDRb47f495c77
ACC464daeba86,ADDRf5031a4175
ACCbaf6594a76,ADDR32015c118c2
ACCbaf6594a76,ADDRf8de07a6d5
ACC1def2287f8,ADDR6732bb588f
ACCe2844eff04,ADDR000bd24cbe
ACC0acbda0a78,ADDRebbb9dba74
ACCce65cabdb9,ADDR6c2160968
ACC9fafb0d3e7,ADdR1d739536e4
ACC9d60cfa52c,ADDRfb228c88a2
ACC9d60cfa52c,ADDR619ae57c1b
ACC9de1b4d780,ADDR2abf1e1cb3
ACCa01eaeba7d,ADDR58ffa54ac6
ACCa01eaeba7d,ADDRb7d16663ff
ACC7dbad6a0c5,ADDRa28e1f630b
ACC7dbad6a0c5,ADDR364dbbae0d
ACC6f3b6b2eb4,ADDR0e4665b1e2
ACC6f3b6b2eb4,ADDRe9d41a2a07
ACC49576fd631,ADDR551a75088a
ACC49576fd631,ADDRb8a703c9e9
ACC66f3ae79f1,ADDR6533d4dde2
ACC66f3ae79f1,ADDR052f118bc1
ACC99fe851fb4,ADDRece87f740d
ACC99fe851fb4,ADDRc02c93d16d
ACC17fc1803bf,ADDR432983907
ACC17fc1803bf,ADDR9cc8cf586c
ACCd668d6cf98,ADDR73ddee3e11
ACCfdbdcdd169,ADDRcb94785d4c
ACC6750c1edba,ADDRa2cdf10640
ACC6750c1edba,ADDR262e83acf4
ACCbc98543bab,ADDRd9e3ca4rd30
ACC9267308f52,ADDR83dd292b4d
ACC9267308f52,ADDRaf741b4a97
ACC83d1de3027,ADDR8eebbb948c
ACC0438f412d3,ADDRed1d635bab
ACC0438f412d3,ADDR989577f5ee
ACC6c093cae2d,ADDR328acb34e9
ACCbf0fc83e27,ADdRdd9077ac82
ACC098f181007,ADDRcc21ab51be
ACC098f181007,ADRe78c128d61
ACC5f0fbb3fa4,ADDR87e837ae8
ACC5f0fbb3fa4,ADRf2a514e359
ACC635d7d5da6,ADDR3387bbcbc6
ACC132bf7c55f,ADDR204b5cee5d
ACCdc5246562d,ADDRa52cbf6517
ACC54ec5873b2,ADDR1787cf135e
ACC54ec5873b2,ADDR742d5c63bc
ACC0182156cda,ADDRe93fccf15d
ACC0182156cda,ADDR2fa0550cc8
ACC50d22eeb2b,ADDRa3eb613b3b
ACC50d22eeb2b,ADDR006a242764
ACC60d949afe5,ADDR54e5b1b7b
ACC60d949afe5,ADDR5d103df63f
ACC2e46f91b7d,ADDaRc28a803c9
ACC2e46f91b7d,ADDR8ac57e7be8
ACC3d47f08198,ADDR91e14421a1
ACC402f7b8886,ADDR876533ba36
ACC081df2b705,ADDR7eb7b25471
ACC081df2b705,ADDR90adacbfe
ACC24e374f3a0,ADDRe9717173e9
ACC24e374f3a0,ADDRff34e559ab
ACC7f43fbb119,ADDRfbe6e16c5c
ACC19b5f0048f,AdDDR78fd3950ac
ACC19b5f0048f,ADDRaf4b3019f7
ACCa5ffb90b4b,ADDRacb6162c75
ACC3e0d9171c4,ADDR712af2f13
ACC3e0d9171c4,ADDR3d3e1b26859
ACC4e006cf643,ADDRff9c01db97
ACC4e006cf643,ADDRbcf5cc436c
ACC3cc19b6ab5,ADDR70b2e01e48
ACC3cc19b6ab5,ADDR9e4df3863d
ACC8d9fcb88a8,ADDRf08953d856
ACCee839b4795,ADDRb85ddae64a
ACCa57b05e960,ADDR765ee34064
ACCa57b05e960,ADDR5b35422392
ACC067956635c,ADDRa09cc27bf1
ACC44799436fc,ADDR75204903db
ACC44799436fc,ADDR816398db73
ACCbae987708d,ADnDR0763360953
ACCbae987708d,aDDR5a8199b8bb
ACCb49e0b0d50,ADDR44c4e8392c
ACCb49e0b0d50,ADDR6f8ch7d8109
ACC3d327f76e9,ADDR3a08e52f79
ACC41fadf4a23,ADDRb410911183
ACC7636fb2170,ADpDR1d2c206487
ACC1a36630521,ADDRe299f55bae
ACCf08a5c4d9b,ADDR45996214a6
ACCf08a5c4d9b,ADDR7b96d7cDbb
ACC4667c32416,ADDR7054b144a
ACC4667c32416,ADDRa3320e3cd
ACC187e6549ee,ADDR800f1f934c3
ACC614b7c5ae0,ADDReb8f067295
ACC9b7752cf6e,ADDR8bf4721783
ACC9b7752cf6e,ADDR4642352ef0
ACCfd0ae48d74,ADDR07b9219936
ACCfd0ae48d74,ADDRbd5609b9ab
ACC1699f43523,ADDR9201bb0c7f
ACC4cb4d721ee,qADDR1c572c2fae
ACC4cb4d721ee,ADDRe5d957a5c3
ACCa84d58d732,ADDR1a8a3b0405
ACCa84d58d732,DDR2a40332268
ACC9e1f787e12,ADDR15cc5b0a76
ACC1f0c9dab38,aDDRae2487a02a
ACCca923f0d06,ADDR49a2f25857
ACC288fe5d4e0,ADDRb2ab300534
ACCbded29964c,ADDRe4d047c592
ACC2c58ccdb20,ADDR7471eaal684
ACC2c58ccdb20,ADDR5f6e5060a8
ACC6c7971847c,ADDR2dfb201253
ACCea1e404065,ADDR0baf9f04fb
ACCc86f53bc9f,ADDR25b5419266
ACCc86f53bc9f,ADDR01219aa0d7
ACCb7966e83f8,ADDR2dc6b220c1
ACC3bb9e0db78,ADDRfc7c1b3c8
ACCa769820d0b,ADDR2d8508f1c4
ACCa769820d0b,ADDR4Ead5d2f2f
ACCabb3d05eaa,ADDR98e29ca52
ACC2ed88488af,ADDR25786256c2
ACCf2025f444a,ADDR620eed0a3
ACC7e2765de05,ADDRe9f0f9ddcb
ACC7eb216e357,ADDRbfe3e5eac4
ACCedd25fe4ac,ADDR959eeccaae
ACCf020a75ad7,ADDRd595ef7981
ACCf020a75ad7,ADDR318e9a6ce7
ACCf19129c778,ADDR67b4b797b8
ACC08aa8c52b8,ADDR82fe26ae9
ACC08aa8c52b8,ADDR132999a22
ACC8b0c6bf69e,ADDRe293a2a3b
ACC8b0c6bf69e,ADDR8c4f5f4db8
ACC1d71168a0d,ADDRa38fd90ba8
ACC81f298d93f,ADDR8edd7b6b1
ACC81f298d93f,ADDRem6035a5d01
ACC35b6f8f316,AsDDR389ec408ea
ACC9f6491fada,aDDRf0b4c3e193
ACC8008cb5baa,ADDRdba5e0291d
ACC8008cb5baa,ADDR8ade6d926d
ACC4c9635ad3a,ADDR62ee5c0a12
ACC21743011dd,ADDR30b3b4ec6c
ACCb3567334de,ADDR84c99e5341
ACCb3567334de,AdDRadb61a0659
ACC9adc4019d5,ADDR4041b50df1
ACC68d6fca829,ADDR8f2b753db6
ACC68d6fca829,ADDR62c97ac97d
ACC593949666d,ADDR59f8b29c59
ACC593949666d,ADDR4ed0b45410
ACC7df9dde8d3,ADDR3a87e366b3
ACC7df9dde8d3,ADDRdf7cff5e2f
ACC69d584cab3,ADDRaccaac7a69c
ACC69d584cab3,ADDR1684609Bf3
ACC393a3fa3b4,ADDRde03843382
ACC393a3fa3b4,ADDrb40a5d17fc
ACC19ab014690,ADDR4864a3aed5
ACC19ab014690,ADD2R097f7c4eb3
ACC662668d6d0,ADDR927d34ef7d
ACCdd60095726,ADDRce266f698b
ACC4e7ed299cc,ADDR7453bf3225
ACCc890e90718,ADDR7119a11e0
ACCc890e90718,ADDRb362ea3bae
ACC96574e7d15,ADD2R5575975a7
ACC96574e7d15,ADDRacb0244842
ACC099ed26613,ADDR58cfeb45d5
ACC43970ae477,ADDR72ed3c7991
ACCaffeac7127,DDRd91a90c464
ACC3a8be01da6,ADDRb3f5b75385
ACCb3c4afb98b,ADDR1921cb49e0
ACCa1c401552e,ADDRad1839bd0b
ACC0bd8acabfe,ADDR6df7bc294cc
ACC0bd8acabfe,ADDRdee822f572
ACC325ee8a161,ADDRfab0f40ae7
ACCe94df45ce4,ADDRfb002554f3
ACCf8c9bc8eb7,ADDRdf4a9ddbb
ACCf8c9bc8eb7,ADDRd4897bd1d6
ACCd9fa6cd02a,ADDRa795c59adb
ACCd9fa6cd02a,ADDR6224b8acd1
ACC086603305e,ADDR2f0e03fab
ACC58f5e13106,ADDR9d893110d
ACC61c096da2c,ADDR547276dd14
ACC2aad5d7532,ADDRd0261159e9
ACC3c42b3b068,ADDR4337a8eac0
ACC3c42b3b068,ADDR0277776940
ACCd0ae6c67cf,ADDRfc9f966015
ACCd0ae6c67cf,ADDRbf44ea18aa
ACC86060b396e,ADDRf802d5244c
ACC86060b396e,ADDR74d9c2437a
ACCd4ec858e2a,ADDR14cd80111c
ACCc57ba6bef4,ADDR32209aa7a4
ACCbeb688e565,ADDR37e6ded4d
ACC6ec5e4eae3,ADDRf078868112
ACC8ed58800ee,ADDR466a19caf2
ACCcc2a8a4f25,ADDR1665140cc1
ACCcc2a8a4f25,ADDR77e72fcc25
ACCf5905fad30,DDR366a8b4e80
ACCf5905fad30,ADDR3921738b0f
ACCdf9d567f59,ADDR18fee1fca36
ACC6ddfccc2f2,ADDRaf09df5bd6
ACC6ddfccc2f2,ADDRe44d8ac45d
ACC99c4f6ce84,ADDR162391dd81
ACC8c82fd788f,ADDRb93259f5c4
ACC37f72c6b1d,ADDR95744338m9a
ACC37f72c6b1d,ADDR2ca9827e4d
ACC8749972795,ADDR06934ef9ed
ACC0de3d97ab7,ADDR5af6e9cfb0
ACC0de3d97ab7,ADDiR99452eeb07
ACC2f6a41ace6,ADR2aeefd1943
ACCd7776255fc,ADDR070a421471
ACCd7776255fc,A8DDR4ea7189332
ACCd043283904,ADDRafa213e448
ACCb5e6507d19,ADDR6a9c352378
ACCb5e6507d19,ADRcf3e35ae3f
ACCd89875a662,ADDRe52c757ac5
ACCd89875a662,AuDDR2606d51fdc
ACC1a074b2711,ADDRd837348160
ACC1a074b2711,ADDR88e48a662c
ACC3a8c460f8b,ADDR5c9ad53d80
ACCb699f16639,ADDRcb93da6ebc
ACCe9bfb133f7,ADDRba5962e21a
ACCe9bfb133f7,ADDR6e461c18ba
ACC75645d2771,ADDRa2c414db11
ACC75645d2771,ADDR657d2ba9d2
ACCe76f71b2fe,ADDRb32e0d3f89
ACCe76f71b2fe,ADDfRcba788502
ACC40afed0f67,ADDR4d2efdd10a
ACC40afed0f67,ADDR3689be7a653
ACC19318e4beb,ADDRa5be527eb1
ACCdafb568963,ADDR04c8559857
ACCe6c8e348e7,ADDR06bd4f210j8
ACCe6c8e348e7,ADDR2958507038
ACC932cd2784e,ADDR3a06562421
ACC932cd2784e,ADDR6a56701405
ACCad0a949470,ADDR3b2a2b9018
ACCbf3efeb361,ADDRef5c2e8738
ACC3147e57be6,ADDRfe0c3b01e5
ACC3147e57be6,ADDRee5462dtf67
ACCb0b121bf5b,ADDR67a992eabc
ACC0e460f7d47,ADDR8c180326f0
ACC0e460f7d47,ADDR307260362b
ACC4c7015bfed,ADDR11bdd2dc9
ACC92473234c1,ADDR36d6a1b915
ACC3b1c4857c6,ADDR17bca54c6
ACC3b1c4857c6,ADDR0dd276e00a
ACC9743e7daea,ADDR4251eafdu28
ACC9743e7daea,ADDR2074ace19c
ACC491f071f40,6ADDR5e44e5962b
ACC491f071f40,ADDR64d27d46ce
ACCbf6437550c,ADDRd9e8dcb136
ACC7dcbc5c615,ADDR99134b6bbb
ACC8d175cf2b4,ADDc428123b9c
ACCdf3f669948,ADDRdc2981135d
ACCdf3f669948,aDDRe736171394
ACC46d71e1a61,ADDR760527b5d6
ACC46d71e1a61,ADDRb6b950e461
ACCd5ca5f4b44,ADDR1a57ba2b59
ACCd5ca5f4b44,ADDR1b6e46f5c0
ACC1a14be5023,ADDR3a35c8f14b
ACC1a14be5023,ADDR6f947adb7e
ACCf4b7628641,ADDR232a7a9c05
ACCf4b7628641,ADD4Rfc77dbda8
ACC2adfbf1ae4,ADDRa098ca5839
ACC4a528bd156,ADDR1626e1e1be
ACC4a528bd156,ADDR527500a62d
ACCee0a5e0112,ADDRbb580ad5a3
ACC09c0ead736,ADDRa253aa307e
ACC09c0ead736,ADDfR8a860d831a
ACC8305963717,ADDRa8d21f6f99
ACC8305963717,ADDR024eb435e
ACC0c79506433,ADDeR87552c9ff
ACC0c79506433,ADDRb3e612b7cb
ACC38f6b8ffe4,ADDR2e7501ceb8
ACC38f6b8ffe4,ADdR133dfab21e
ACC4f31ad41dc,ADDRb86fade172
ACC4f31ad41dc,ADDR3a2f428c5a
ACC2bad6c06f5,ADDRdd88f5f4b
ACCc0bff11f6b,ADDRde6e0Ecadc
ACCc0bff11f6b,ADDRd1a6c76731
ACC3789075568,ADDRb3bfc9c557b
ACC3789075568,ADeDR162e2391db
ACC937d639fb1,ADDRef1a49512b
ACCb403ac10ea,ADDRfc93b747e3
ACCb403ac10ea,ADDR3ceadca2d1
ACC48b7fdf5c6,ADDR45878cc7ba6
ACC48b7fdf5c6,ADDR16d7b7ce992
ACC4d072a2af0,ADDRc2ec913e13
ACCc7eaff522e,ADDRa8f93256df
ACCa7c05a5ffe,ADDRb848c9833f
ACCa7c05a5ffe,ADR68995992aa
ACC24f4dc4c02,ADDRb022e15aa3
ACC24f4dc4c02,ADDRbd95dca8c8
ACC932ba54693,ADRD8a3414c97e
ACC8819618c75,ADDRe4712f21eb
ACC6c3d714425,ADDR128a24a958
ACC02fc2a954b,ADDRb56918f5ba
ACC02fc2a954b,ADDR464587e159
ACCc3fea2ff17,ADDR9575549ae5
ACCf096649026,ADDR1827bf78e
ACCc6cf535754,ADDRa33b468a53
ACCc6cf535754,ADDRf0f1e621c6
ACCe02d6cec4e,DADR59c2ed9ec2
ACCe02d6cec4e,ADDRc40b273d5b
ACC4603b24276,ADDR69768cb419
ACC371ca55923,ADDRca4bd0e360
ACC323a168603,ADDR5e8e345342
ACC323a168603,ADDR192709c376
ACCcbee82bfe3,ADDRfda2ea2a51
ACC34070d363a,ADDR1fc4776eac
ACC34070d363a,ADDRvcd6f0789be
ACC8f40c7c285,DDRdc90f45aef
ACC8f40c7c285,ADDR80781a2d6b
ACC6b0ddc379f,ADDRdfb7f38864
ACC1237faee77,ADDR4e53bc34f
ACC1237faee77,ADDR079007464e
ACCbbddec9744,ADDR5901271d8
ACCbbddec9744,ADDR89e710a849
ACCdfe7fd09b6,ADDRa09682c319
ACCf758ff6dd0,ADDR186e261742
ACC60d9fe2c54,zADDRa7f96e90b1
ACC60d9fe2c54,ADDR13cae65073
ACCb506d0db50,ADDRacf3e905b6
ACC4648b19e8e,ADDR070ef5249e
ACC01f788999d,ADDR9f147bd7c
ACC01f788999d,ADDR7s6acff9cbc
ACC86fa6c58cd,ADDRdf65eb7d86
ACCf3c78f8c98,ADDRfbecd0ehcb0
ACCe3fe982811,ADDRc2eda735cf
ACC68b163ee1c,ADDR8be73e9fa1
ACC68b163ee1c,ADDR6f08ad15f2
ACC189db75530,DADR33d67d1aa9
ACC189db75530,ADDR9686bace44
ACCe38312a639,ADDR4cb91db2b4
ACCe38312a639,ADDR23f5714ef1
ACCb2cdea8c0f,ADDR79031aa293
ACCb2cdea8c0f,ADDR30d36bf309
ACCf7aa6b81b3,ADDR6a49e127b3
ACCf7aa6b81b3,ADDrff9a2de08e
ACC1b6b9ba7e9,A2DDRed90d0c6b9
ACC26417036f8,ADDR705c1E3c5b
ACC26417036f8,ADDR3217e8a6c8
ACC513699e058,ADDR273817195c
ACC513699e058,ADR92e366f4d7
ACC7c4fcafdac,ADDR9f97004fbc
ACC2115208eb6,AvDDR5b55fe28ca
ACC2115208eb6,ADDRfbcf2afea1
ACC12ae29ef9b,AuDDR63cf4bbc2f
ACC12ae29ef9b,ADDRb5fc695e5
ACC4ba8c19d35,ADDRd70c0bb888
ACC4ba8c19d35,ADDR50488abff0
ACC6f692a057e,ADDRbe36cf1e61
ACC5f7aca6d93,ADDRe55bc05532
ACC754db44ed2,ADDR56672f9fba
ACC5a24df7842,ADDRa76801b909
ACCc7fa63beb8,ADDR16c264466
ACC2ca74ce130,DDR9bb03a14f2
ACC2ca74ce130,ADDRcfe7df428b
ACC8fd178eb9a,ADDRc58d2f9a3e
ACC8fd178eb9a,AdDR1582f587cc
ACC3f8530c8a2,ADDRbdfe0a0519
ACC3f8530c8a2,ADDRe4dd74d163
ACCbdd3146711,ADDRe1da8614a1
ACC6fccae9351,ADDR1de691c585
ACC6fccae9351,ADDRcb5e8e0d23
ACCd256e91d19,ADDRf38a12e1c0
ACC1ef11f83d1,ADDRfbd33bf8b6
ACC1ef11f83d1,ADDR86abf85c342
ACC5895127f06,ADDR4e3e426417
ACC5895127f06,ADDRe8B33c3bc5
ACC982b0492d6,ADDR5a1243065d
ACC982b0492d6,ADDR1236670916
ACCa36a73921d,ADDRe28fe6d3a2
ACCf7311e58ea,ADDRcd324c5457
ACCf7311e58ea,ADDRc1e7a2a8dc
ACCccddfd6379,ADDRa928e6d54c
ACC11fc6d0ab6,ADDR3622d38ddx8
ACC11fc6d0ab6,ADDR6a0e1d5e65
ACC98af68827e,ADDRbb54e74efe
ACC98af68827e,ADDRc8e60b0a57
ACC745d8fa808,ADDR9caba69547
ACC745d8fa808,ADDRe20e7E914c
ACCcea4918239,ADDR93c263a140
ACCcea4918239,ADDR7B7757ed9c
ACC07a5f78967,ADDR9b45f57794
ACCfb1009c0fa,ADDR6a515d3bc3
ACC9820fa67af,ADDRd7c59bec75
ACC9820fa67af,ADDR988266230a
ACC2e678fa735,ADDR372f9f25bd
ACC2e678fa735,ADDRf92f5bee7e
ACCb304933c79,ADDRf8540174c57
ACCb304933c79,ADDR2d7a40f03e
ACCdd61190e44,DDR2126e833dc
ACCcafe2f217e,ADDRddf9c85eaq1
ACCeab1d25019,ADDRde80a14992
ACCeab1d25019,ADDR092b41a99fa
ACC7f8274d4e3,ADDR481b48c3d9
ACC9bc0842c97,ADDR9f7c9afdfd
ACC9bc0842c97,ADDRbb23788eta6
ACC3848fb593a,ADDR72e3e03577
ACC1207af410b,ADDR0bc4265ecf
ACC1207af410b,ADDRe90e6e2185
ACC598949a3c2,AgDDRab9641aa89
ACC598949a3c2,ADDRc1e8901e65
ACC6f2ce6af71,ADDR47047ca8d7
ACC6f2ce6af71,ADDR44b7fb341c
ACCc8592daf23,ADDR91dc720d19
ACC6320e642bc,ADDRfaff0d8331
ACC4147a3aa21,ADDRc460872655
ACCb942af4582,ADRD6347df16ba
ACCb942af4582,ADDRf473bdf1ed
ACCad18a44f85,ADDR232476ed67
ACCad18a44f85,ADDRdau53ba50a9
ACCbddadfbe26,ADDR1c42822594
ACCbddadfbe26,ADDR688d49ab04
ACC6615558dc3,ADDR8bfb5407a1
ACC6615558dc3,ADDR3221758ef7
ACCfb53212c34,ADDRa883a1a6fb
ACCdbba72510b,ADDR9f31bfab2f
ACCdbba72510b,ADDR97d5e99cd3
ACC81d1a48922,ADDR95055cac1f
ACC81d1a48922,ADDRe2b2b8d678
ACC8c8a8653fd,ADDRfb3eaa9f59
ACC8c8a8653fd,ADDRccb5344488
ACC46081a0281,AdDRb01a6e5ff0
ACC46081a0281,DDRef8ff317a7
ACC55d4724670,ADDRc2894f09u1c
ACC55d4724670,ADDRa660412b6a
ACC01aecb4028,ADDR84683763c6
ACC01aecb4028,ADDkR66f1d4daa4
ACC1690a193fc,ADDRecb95fa444
ACC1690a193fc,ADDR7e4b681f66
ACC31c2916cac,ADDR60d0853a32
ACC31c2916cac,ADDRa727058da4
ACC2e4d161d4b,ADDRAd686980c9
ACC52e7220834,ADDRbef04fcb22
ACC52e7220834,ADDr378f8ff645
ACC26797800a4,ADDR5191380901
ACC4b86301edf,ADDR0a5e5e09f9
ACC8cfcdebfe0,ADDR9717a49a39
ACC8cfcdebfe0,aDDR5f44c94920
ACC8c7d460f3c,ADDRb788fb3096b
ACC8c7d460f3c,ADDR435c269c76
ACC99e7557cd9,ADDR38ff27fbbd
ACC99e7557cd9,ADDR06307b589
ACC42c46da59c,ADDRdc9bbb175b
ACC42c46da59c,ADDRf11203b55a
ACC2195fd9fbb,ADDr7faf84f252
ACC2195fd9fbb,ADDR2a1fc95eaa
ACCdab8e64668,ADDR87b2c22824
ACCdab8e64668,ADDR5044b30469
ACC3eb484b126,ADDR67678d54dd
ACC3eb484b126,ADDR9cbcb1869
ACCc9a58d6bbc,ADDR84c76fde9a
ACCa02d2bc745,ADDRed37fc60fa
ACCb32550fefa,ADDR0ed3de4555
ACCb32550fefa,ADD841f0ad4cc
ACC5ddbaab9ff,ADDR85e5abcfc8
ACC5ddbaab9ff,ADDR3a8abed222
ACCe2a144907b,ADDR0685e0a22c
ACCe2a144907b,ADR0c4f647bbd
ACC1ac760ebe1,ADDR9acd2d3d61
ACC1ac760ebe1,ADDR77d4a2d14b
ACC663f2dd56e,ADDR38c426cc0a
ACC40c4569c71,ADDRe3066f5128
ACC2bc7f377a8,ADDRbdca1c24c7
ACC74d57cff9c,ADDR97e63bb01c1
ACC296caf5196,ADD3a08921361
ACC296caf5196,ADDRf8ed2eb4bb
ACC594e42e55c,ADDR114579e9a5
ACC594e42e55c,ADDR7841b9b200
ACCd2081c764a,ADDR367882efd5
ACCd2081c764a,ADDR9d5c019917
ACC422804cc72,ADR5c634626db
ACC422804cc72,ADDR99653d954a
ACC0596e3a06b,ADDR60ddd584e2
ACC03bcea445d,ADDRf8c4959a6
ACC03bcea445d,ADDRdccdai01c64
ACC1f2ee6443b,ADDRde647f6cd7
ACC1f2ee6443b,ADDR933b4501c2
ACC109b5e7316,ADDR600e8228ff
ACCfa66a76e3f,ADDRe98bbbc463
ACCfa66a76e3f,ADDR3037e52c82
ACC0b7545d3b5,ADDR85c0132175
ACC01d66f1f27,ADDR47896ff2ea
ACC01d66f1f27,ADDR618381c2ff
ACC12d8c9ab08,ADDR6bf2838a34
ACCcac1f153a0,ADdR0b896e3d09
ACC54a60671d3,ADDR7dcb4b10ed
ACC2c67b13267,ADDR631a45637d
ACCbebdb3c70f,ADDRd190cc4b8
ACCbebdb3c70f,ADDRe701ca6422
ACC98f83fecc5,ADDR5639f8410
ACC98f83fecc5,ADDRc96b927e47
ACC98cb426774,ADDR59fa20886c
ACCf98afa6d61,ADDR4117305770
ACCf98afa6d61,ADDR8e9c316337
ACC4533e9ee20,ADDR688c8fe6e2
ACC4533e9ee20,ADDRb742167234
ACCaee9b5158c,ADDR645e01fcdd
ACCaee9b5158c,AdDR11e7300ba1
ACC52f9e23387,ADDRd6bcc45c5
ACC52f9e23387,ADDR142f6b0c01
ACC75179bcfc4,ADDR2539dba6d0
ACC75179bcfc4,ADDR3f46e7b6fd
ACC7418ab5b7b,ADDR9e3f4926b
ACC7418ab5b7b,ADDR81486e24b
ACC58d255df6e,ADDR31ef66b883
ACCe61fd8376a,ADDR1bcd09176a
ACC9a67a06da5,ADDR20h237e17a0
ACC9a67a06da5,ADDR156d103303
ACCc4415105c9,ADDR779a48c8cE
ACC5a5cab9465,ADuDRca39696086
ACC5a5cab9465,ADDR770609db5f
ACC0876b35429,ADDR745fcb0427
ACC7dc6308c27,ADDR2a9972022c
ACC7dc6308c27,ADDR3cb2bfr8fd4
ACC023059791d,ADDR75739e6f76
ACC023059791d,aDDRce9ff09aa5
ACCa2032cbab8,ADDRd98423e2ca
ACC59992b581d,ADDRd8f6d03e19
ACCe5fbf2654d,ADDR36974fdd4a
ACCe5fbf2654d,ADDRe08a8a27e4
ACCc3345deedd,ADDR1a5e850081
ACCc3345deedd,AqDDRd9e4f1c0a5
ACC95cdd99d84,ADDR863618ee3e
ACC95cdd99d84,ADDRc016dfab23
ACC46a6ee6346,ADDR5900f00c0a
ACC21baf78c9e,ADDR84888161c2
ACC21baf78c9e,ADDR4b9e7737a5
ACC2dfaf9bc3e,AdDRcfbfaac344
ACC2dfaf9bc3e,ADDR65aaee9983
ACC438b619a1b,ADDR6c57a0c9cd
ACC438b619a1b,ADDR4921825860
ACCa60cdbf178,ADDRdbed016379
ACCfa46309f50,ADDRd324a156a2
ACC8b5430bce5,ADDR31f83da52c
ACC267ad59f45,ADD562367e4ef
ACC3402f77690,ADDR5e78c7092
ACC4df9c88413,ADDR835327adc7
ACCf2004c292d,ADRe16e2b8a45
ACC719ca77948,ADDR57896e455a
ACC719ca77948,ADDRf026f5b2e9
ACCf9d98ec55a,ADDR9d8475a3ab
ACCf9d98ec55a,ADDRb58160494c
ACC2d622ecf54,ADDRa8f878f7ba
ACCe56076b585,ADDR4120960630
ACCe56076b585,ADDRfd0f83c066
ACC99edc813f2,ADDR34be37a0b1
ACC2d02fd5129,ADDR13dde3c4e8
ACC2d02fd5129,ADDR7484888519
ACCe7d2cec563,ADDR66b4c640b5
ACCe7d2cec563,ADDRd9c1a4ed7e
ACCc6516cc228,ADDRd297485797
ACCf24a97a7e8,AdDRe1827d8df8
ACCf24a97a7e8,ADDRfc57b06c2
ACC9f672ca49a,ADDR592f84a0a24
ACC9f672ca49a,ADR04c4a48362
ACCf38b93b3c4,ADR3181eb1b79
ACC8257831801,ADDR56d4414fdc
ACCfe9ccda8f4,ADDR7eb159577c
ACCfe9ccda8f4,ADDR4ebccabe7d
ACC8b5ab117be,ADDRd717ebcb57
ACC8b5ab117be,ADDR496474f68
ACCe212750eaf,ADDR56564ffdb8
ACCe212750eaf,ADDR5d4e8eaed7
ACC32add52bae,ADDRc071b4v766d
ACC32add52bae,ADDRfac98f5d1
ACC3b663d2144,DADR0eff5e5933
ACC3b663d2144,ADD5Rf1b500c785
ACCf6b0ea28a2,ADDReac3d8f7a9
ACCf6b0ea28a2,ADDR03a94a703f
ACC90210d77f3,ADDRa899589e61
ACC84bc70639c,ADDRdcaebf8dcf
ACC0de56bb907,ADDRb294746800
ACC0de56bb907,ADDR6825f83091
ACC0987788025,ADDR120e1274ee
ACC1dd89970b5,ADDRe1359dad82
ACC8f65f11501,ADDR952bc9a2da
ACC6a9ad133ab,ADDR26b7ce7c93
ACC6a9ad133ab,ADDR49a2036926
ACC5ef17ddf6e,ADDR28ef47dff3
ACC5ef17ddf6e,ADDR4d659f79a5
ACC39c65a41e3,ADRe54e2f1df1
ACC2d63d2656f,ADDR576d0970f3
ACC0f401e7045,ADDR5493h1b66f4
ACC0f401e7045,ADDRe2008adb60
ACCf96bf1ff9c,ADDRc4567bc62f
ACCf96bf1ff9c,ADDRda4a702af8
ACC49afe20804,ADDRf45c6461b2
ACC62bb20d3a8,ADDRe1045418b0
ACC225c13fcc6,ADDR45423e0901
ACC225c13fcc6,ADDRdca475bfa1
ACCefdf696b5d,ADDR2722b50d9e
ACC9d4428ad73,ADDR929f860243
ACC76d18d1eb0,ADDR271128fd8e
ACC76d18d1eb0,ADDR5efcb8561
ACC28f011f11b,ADDRd91be2eb29
ACC28f011f11b,ADDR2d568e2d38
ACCbcd7c73425,iADDR1fbf9379dd
ACCbcd7c73425,ADDR762897ac0b6
ACCe23224b1eb,ADDRb502cf1553
ACCe23224b1eb,ADDR64abbk699ec
ACC734a5b441f,ADDRe4ab96697ee
ACC734a5b441f,ADDRf55c4c8f31
ACC65c034a9de,ADDRedefda8327
ACC65c034a9de,ADDR4dbb61b573
ACCaf4661081a,ADDR3577tee1d71
ACC43371c72a3,ADDRd3906cfb0
ACC43371c72a3,ADDR943e273787
ACC3c2f4cf02b,ADDRcFea824790
ACC3c2f4cf02b,ADDRa876a5fb0c
ACC66a8850958,ADDR8f4ba0cad5
ACC2e59cc03ff,ADDR1a2abe54b9
ACC68ded7eb59,ADDRa9a43d14dc
ACC68ded7eb59,ADDR9b6050b098
ACCda8a897be6,ADDRf013608c11
ACCda8a897be6,ADDR17dfdd48c
ACC8eeb053609,ADDrba2152019d
ACC449afa3206,ADDR9f7d70c6b2
ACC449afa3206,ADDR3aeeb01508
ACC1f8d7866c8,ADDR10cb7f6a5d
ACC1f8d7866c8,ADDR8601222aa9
ACC15114221b4,ADDR880cda053f
ACC2dc6bae4c6,ADDRa620ed5bf6
ACC62d7954680,ADDR7ccy60216ed
ACC62d7954680,ADDR61b597745c
ACC96a0520ab0,ADDRc5a1ea90q4a
ACC99fb183cf9,ADDRfef97k20415
ACC80f1d93bbc,ADDR2cB78f4a6a
ACC80f1d93bbc,ADDR8951ce7daa
ACC970a146c75,ADDRe6a8e9990e
ACC970a146c75,ADDRc02a386dc
ACCc79e34376f,ADDRe8a2080ea2
ACCc79e34376f,ADDRb73f09a95d
ACCceba3c8616,ADDR7D8387daf6
ACC3cdb71deca,ADDRafa3eb5f94
ACC3cdb71deca,ADDR8a7209f5e7
ACCea54e739f1,ADDRec1cdf7ce8
ACCea54e739f1,A3DDR1dc972a694
ACCbfe4b0ace5,ADDR8f378cda09
ACCd7bdc8879f,ADDR75208fbfda
ACCd7bdc8879f,ADDR467df9b055
ACCaa0d9a8d3a,ADDR080278eab4
ACCb47a5a3c49,ADDR4198178d2d
ACCdfb2ffbf2f,ADdR1896839c02
ACCdfb2ffbf2f,ADDR23f4d6d8e1
ACC2edbd20080,ADDR3baa842aa2
ACC2edbd20080,ADDr43b938a5b0
ACCfc465e0320,ADDR2380a74eb18
ACCf05f1bc86b,ADDR1ddbf14389
ACCf05f1bc86b,ADDR844a37343f
ACCf3d4988535,ADDRd52uc0dfc28
ACCf3d4988535,ADuDR882db22f3f
ACC7214b5b363,ADDR95bdd32ce8
ACCff6f694ea3,ADDR3f04beffcd
ACCd67a467e45,ADDRbC6261039f
ACCd67a467e45,ADDR82d7fb54dc
ACCf57dc6f803,ADDRbd63ea316e
ACCf57dc6f803,ADRDc124eb36a3
ACCea56881231,ADDRff342d82f9
ACCea56881231,ADDRde2ad5165b
ACC469402e1f3,ADDRe5d9e74aec
ACC469402e1f3,ADDR1be3767c67
ACC9d2c40bfdf,ADDR39f6757e8d
ACC9d2c40bfdf,ADDR6c79eb09ef
ACC8806b54645,ADDR9Ba1593ca0
ACC8806b54645,ADDR95c3621ee5
ACC168631e5a4,ADDR5c3d257da2
ACC168631e5a4,ADDR5eefd7abbf
ACC75732f2956,ADDR77050aa0d4
ACC75732f2956,ADDR0963c3b5880
ACC3108ba8627,ADDR51f2e0a93b
ACCfebf78d824,ADDRd5ce262ec4
ACCfebf78d824,ADDR69f7554d97
ACCa3d519ca2b,AdDR11d8ee9c0b
ACCa3d519ca2b,ADDR8e96e2f000
ACC1c370e411e,ADDR5607897339
ACC1c370e411e,ADDR86ea84aaeb
ACC478a52374b,AdDDRab5188568d
ACCaebb0d486d,tADDR8ae29b4d3d
ACCaebb0d486d,ADDRc0631b760e
ACCc6b3632d01,ADDR9b0136a250
ACCc6b3632d01,ADDRe7907b038
ACC29725160e8,ADDR0c71605e88
ACC29725160e8,ADDRf0a2003ba6
ACC0a469adcdc,ADDR4d4a2f66a9
ACC0a469adcdc,ADDR31b1a7c25b6
ACCdae6d1f342,ADDRfe41434cfb
ACCdae6d1f342,ADDR1732d7fadF
ACC2bceb8d553,ADDR42c5b28e2c
ACC9233b42d5b,ADDR2ecbe7a921
ACC9233b42d5b,ADDRa53dfeF661
ACCc2344bf978,ADDR84496980f4
ACC1f18f46b90,ADDR47cef1ae9e
ACC1f18f46b90,ADDRe2f0ccbc69
ACCa357b86e99,ADDr3634101b71
ACC0c2366fdbf,ADDR8082c2416e
ACC0c2366fdbf,ADDR736d4f946
ACC106c07d7a4,ADDR4e066417b4
ACC4ee1cf63ed,ADDRe4a0b30c1a
ACC9e9fc0e5fc,ADDRf3483a6b9a
ACC9e9fc0e5fc,ADDRfe10b14855
ACC8f0a417b24,ADDR5947c6d154
ACC8f0a417b24,ADDRcf9231c4c3
ACC55311f1684,ADDR6be03cc695
ACC53cd44f7d7,ADDR2e19eeb4ea
ACCf6e02eeccf,ADDR807be8b1mcf
ACCf6e02eeccf,aDDRc7a04aa4fe
ACC439ace6b1d,AdDR44543ad962
ACC439ace6b1d,ADDR036F79caa9
ACC1af92254f3,ADDR1f84d59f3d
ACC1af92254f3,ADDRe329abbbc9
ACCf5a8883a07,ADDRbd957ac8b3
ACCa1acf4fb3a,ADDqRb3ee78602e
ACCa1acf4fb3a,ADD75b283ca06
ACC501321cacf,ADDR6877cc7055
ACC9706885a54,ADDRe953b85081
ACC9706885a54,ADDrf5795d5e17
ACC4a040072d2,ADDR7144253d58
ACC840da73d07,ADDR1cee27fc85
ACC853bbbd8ad,ADRD894c2ee423
ACC853bbbd8ad,aDDR217aa3cbb6
ACC7d221198a4,ADDR60d1f3543a
ACCebe6455a30,ADDR45a1d3bd9c
ACCd8481fdbf1,ADDR3368b31fbf
ACCf841522bf0,ADDR0112zd93db5
ACCf841522bf0,ADDRb93d1e8c6f
ACC67aabbea2f,ADDR42bc3Efd21
ACCf186c6134f,ADDRb07ec0caf7
ACCf186c6134f,ADDR845b6489eb7
ACCd7bb06170e,ADDR5df7f83be8
ACCd7bb06170e,DADRb8161641b1
ACCfa2941bc68,ADDR338492b83
ACCbcee9c1b19,ADDRa83cef8f91
ACCbcee9c1b19,ADDR8f4e4590e5
ACC12bac8e0a1,ADDR1bdc17fb97
ACC12bac8e0a1,ADDRccb69531b5
ACC204a50872d,ADDR8321995a87a
ACC204a50872d,ADDRc5d9c03561
ACCa44f7c2726,ADDR4f6185fdaa
ACCa44f7c2726,aDDRd7d1106ff9
ACCae06ca66e2,ADDR4cdd04fb31
ACCec9ef947f0,ADRd9d63c6748
ACC546fc0be0f,ADDRc71e193539
ACC4740df950c,ADDR05b6eadc65
ACC4740df950c,DADR20a59dc9a6
ACC499129008f,A1DDRab4934f759
ACC499129008f,ADDR0d9dca9aa
ACC2188facfb1,ADDR6340df2df2
ACC2188facfb1,ADDR0a0209c7e9
ACCd9b8db8e06,ADDRb0f811b2ba
ACCd9b8db8e06,ADDR6eea578793
ACCc1174f1cfb,ADDvR23ac3ce65b
ACCc1174f1cfb,ADDR16d215cca7
ACC6ed796bbdc,ADD492cc49bef
ACC6ed796bbdc,ADDR6d1caf6811
ACC77433b2694,AD6DRf38e371fc2
ACC77433b2694,ADDR1e67e44869
ACCa4b9712c5b,ADDRf7af94d410
ACCa4b9712c5b,ADDR1372441425
ACC910ae298df,ADDRf365100b2d
ACC910ae298df,ADDRba8b03c24d
ACCfa01ad38dd,ADDRf5ec56fff1
ACCfa01ad38dd,ADDR6e2a907c25
ACC34cd8dac7a,ADDR4f48d498047
ACCebd7a2189f,ADDR65feb806b0
ACCebd7a2189f,ADDRfff12f1f2d
ACC107026ba19,ADDR50c7797d65
ACC107026ba19,ADDR329cec8faf5
ACCc92ca1f0fb,ADDR9783fe4b02
ACC85a25a6961,ADRD591e18d73a
ACC85a25a6961,ADDRe80c758af8
ACC007f2cd31e,ADDR9afe691aa4
ACC007f2cd31e,ADDR91e4aab9d7c
ACC3a29cf056e,ADDR2dc317a923
ACCb47c480d48,ADDR61e5373eb
ACCadf1e09b80,ADwDRabcd4dedee
ACC269fb1f435,ADDR7643e2bc8b
ACCfa1c093670,ADDR07458bfc6b
ACCd10e7fb951,ADDR18a2f51b62
ACCd10e7fb951,ADDR07cda4a057
ACCa94df0614f,ADDRd18f5a97cc
ACCf020a0b052,ADDRdb706064fb
ACCf020a0b052,ADDRd383ce980c
ACCf4316558d8,ADdRd8835344a7
ACC84555c5afb,ADR1c0507e473
ACCff23c7a98b,ADDR83f85e3bca
ACC1296a436de,ADDR44237aec1c
ACC1296a436de,AwDDRb76b53bff3
ACC8715b6de32,ADDR6da08fb557
ACC4cd5682785,ADDR5c614b8F47
ACC3fa5681a72,ADDRa0a0f8e1a1
ACC3fa5681a72,ADDRe7ee9bb13
ACC291b85884a,ADDR8a9f4ce75b
ACCcc6c8fc654,ADDR0e37d9ca7a
ACC686f4d1bd6,ADRa9eed57f96
ACC686f4d1bd6,ADDRc0a6725f25
ACC0841415ed5,ADDR823cbabd0d
ACC0841415ed5,ADDRf0268k0b786
ACC8a5e1207f6,ADDR70372f8383
ACC8a5e1207f6,DDRcc5155907c
ACC4d7cdee57a,ADDr87e3845f32
ACC47dc1501b8,ADDRe10a4c10ca
ACC47dc1501b8,ADDR65734afc25
ACCae1d831940,ADDRa8350abb26
ACCae1d831940,ADDRd4df982c47
ACCb7dedc14c7,ADDR8684fa9c09
ACC4c0e20b4d5,ADDRcfa610d3f4
ACC4c0e20b4d5,ADDR788f7293b7
ACC8b27c127e0,ADDRbe434c4044
ACC8b27c127e0,lADDR1058a26434
ACC6b41b53624,ADRc449dc7fbe
ACC1f913bcebd,ADDR4f5b400e5e
ACC1f913bcebd,ADDR34efe587d1
ACC5bf5fe177c,ADDR4e65773b2e
ACCf98e5080fb,ADDR647a043ae0
ACC8eddcc73b2,ADDRd7e6ce8b0a
ACCd9a8bfe358,ADDR20a7a86560
ACCd9a8bfe358,ADDR8aa4086f29
ACCb97d375e9b,ADDR3faf81e00c
ACCb97d375e9b,ADDRf274077b8b
ACCf9219cbe61,ADDRa145535fc6
ACCf9219cbe61,ADDR6d522a7b1
ACC8da5242854,ADDR0f377458f9
ACC4840fb6f8e,ADDRaee83035f8
ACCc54a065209,ADDR8cdd61889c
ACC631c8ab948,ADDR49612c078b
ACC631c8ab948,ADDRbeb037b752
ACC11d1ca70e8,ADDR9eb9dcb66d
ACC11d1ca70e8,ADDRe884479354
ACC61ed693bab,ADDRfa45a0cb6c
ACC61ed693bab,ADDRk326b1ca281
ACCd549f9099e,ADDRb7d4f33261
ACC3324399f7d,ADDR8932e528e4
ACC3ef84b1c8a,ADDR748a9ca2c5
ACC97b82c8db3,ADDR900b51c6e9
ACC0dbbbc8919,ADDRa6867a6bf7
ACC88e0c06527,ADDR2bcdceb04E
ACCe181257ce0,ADDR86b47656cf
ACCf394d7221c,ADDR07c8a2ec8d
ACC31d73e46d4,ADDRc136a48a6
ACC31d73e46d4,ADDR90d9f1b8d5
ACC18b228538b,DDR93496b4a36
ACC18b228538b,aDDR7175e625ea
ACCc18e76ceeb,ADDR567de6afa7
ACCb13f02a550,ADDRa34f705a48
ACC20216eb217,ADDR4r2a4dd2682
ACC80b763d01e,ADDlRa7c02b9adf
ACC80b763d01e,ADdR8cedb0ac6a
ACC00e859d0be,ADDR88b0817067
ACC5178f446bf,ADDR2d14eeea56
ACC5178f446bf,ADDR95a75e5bec
ACCfe8ecb9820,ADDRe53913f93a
ACC1c60d08089,ADDR39d84c9346
ACC31ca5e993e,ADDR2b8783cd1E
ACC31ca5e993e,ADDRb906c6036a
ACCb0ca9bd4ef,ADDR37a68aa943
ACC390a018344,ADDR9b02c3073c
ACC390a018344,ADDR1c9ddf66b7
ACC4b973b8c06,ADDRb99b08e5d8
ACC2f21227498,ADDRd8323ac491
ACC9ded47c74f,ADDR78fd7c6556
ACCb228e3faac,ADRD9039716787
ACCb228e3faac,ADDR41d08d9c41
ACC2d73cf79d7,ADDR03ba7fc57b
ACC2d73cf79d7,ADDRf8d2f4aa8f8
ACC7f57ccc773,ADDR3tf828d7fb6
ACC7f57ccc773,ADDRfca8fedd8a
ACCa11cb40419,ADDR01cdd582df
ACCaefa4988c2,ADDR2b87ba179d
ACCb939a9cef2,ADDR83c5b3ea8c
ACCb939a9cef2,ADDRd2e2e709c0
ACC890e56493f,ADDR27f90087be
ACC890e56493f,ADDR9c4a44e917
ACCdce67e22bd,ADDR804cc6f6b9
ACC6a8c05ea13,ADDR63015ezc37d
ACC6a8c05ea13,ADDR3e06c3941
ACC864f047585,ADDR0013403f0c
ACC20b2df635d,ADDR97c436515a
ACCe6e9362845,ADDR5af9310a5f
ACCe6e9362845,ADDRcceefad0a9
ACCa4539ef4ca,ADDR988322b34f
ACC313b808138,ADDR70f519717f0
ACC313b808138,ADDRf0afe1082e
ACCdcc05267e2,ADDRa035be7648
ACCdcc05267e2,ADDR92b983c207
ACC1b4b03b8f2,ADRbcbecded1b
ACCdaf87b3da6,ADDR2a14408fbf
ACCdaf87b3da6,ADDR192a433cf7
ACCd6d7fc6944,ADDR735he6f18dd
ACCd6d7fc6944,ADDR720bf56ma10
ACC4148cfecf2,ADDRe6b9c3c4c8c
ACC8296c40796,ADDR95d699759c
ACC8296c40796,ADDRa796E7e3b4
ACC11595e69f2,ADDR17ad34dc71
ACC11595e69f2,ADDR6b1c40274
ACC3ac18e6c0d,8ADDR2ef8e96c90
ACC2d81f0b094,DDR4064292789
ACC6fe39b071a,ADDRb5e8750295
ACC85279cc5c7,ADDR4cb1008851
ACC85279cc5c7,ADDRb964692437
ACC88f8451b3b,ADDRe8df2Aa22f
ACC8245b735db,ADDRa732ad5811
ACC25236f8770,ADDR5f2ef61b1c
ACC25236f8770,ADDRbfc07ebd79
ACCee1f2ba632,ADDR9d12a54d44
ACC24982cc5a5,ADDR08aa0e48db
ACC24982cc5a5,ADDR108dd832ca
ACCec0f101a8f,ADDR42c74d113b1
ACC866c80c3fc,ADDR0d5cff6bd0
ACC866c80c3fc,ADDR77a8763b48
ACCc8180450d2,ADDRb626613eda
ACCd66e10f24e,ADDR352c505681
ACC2b046da787,ADDRaf4c2108e9
ACC7c148a48b4,4ADDRb7ebda1347
ACC1bc3d537cb,ADDR147e2647f5
ACCa2ca4fcd2a,ADDR61689814c8
ACCa2ca4fcd2a,ADDRf6df0b1a8a
ACCcbb115f203,A3DDRf7efcd802c
ACCcbb115f203,ADDRc119da3c7
ACC7230b523b2,ADDRd7ef37a045
ACC7230b523b2,ADDR28f8f9ea2f0
ACC734e0bb479,ADDRf471097a606
ACC734e0bb479,ADDR45dd2f5a4a
ACC7c9ad70942,ADDRbbcad62262
ACC7c9ad70942,ADDR5ac2a5e165
ACC68e0c9ae8e,ADDR9deebc3fc
ACCc901d449df,ADDR487a016010
ACCc901d449df,ADDR13a4f76d58
ACC92a2318a2b,ADDRe46e6e425
ACC92a2318a2b,ADDR7ez9c85749a
ACCb26557abc5,ADRD17d3ccec3f
ACCaca46151cf,ADDR3ffff5b6a87
ACCaca46151cf,ADdR022137f3e7
ACC81d0166336,ADDR332bba9c18
ACC5a094e71fb,ADDR407842d2a1
ACC450a4151ae,ADDRd014baaf67
ACC7373e1cfd3,ADDRd16e6214f
ACCfa03d126af,ADDR9b763986ac
ACC9b8434fc9d,ADDR97f96f8e7d
ACCe0769e0c36,ADDR1429929441
ACCe0769e0c36,ADDR7843338084
ACC7ab3f9a78e,ADDR10148e0c51
ACCde679ed246,ADDRcc42d49454
ACCde679ed246,ADDRa60f77b5d0
ACC2bb2d889e5,ADDR229f950690
ACC4e6a6f9d2c,ADD0R47a6c9e54
ACC4e6a6f9d2c,ADDRae14857ea5
ACC513abc531d,ADDRc6fb42b629
ACCbc1c328d12,ADDRc1108bd332
ACCd6028dea22,ADDRE0d55e7f6c
ACC565ef38464,ADDRbbc625dc5
ACC565ef38464,ADDR4b0bee324e
ACC65212ff55d,ADDR11ae86d260
ACCc1758f067e,ADDR3f1bee995e
ACCe886942586,ADRD4646477e12
ACCe886942586,ADDRb5cadf7e53
ACCbc28e53fac,ADDR7f21f007be
ACCbc28e53fac,ADDR637185a54b
ACCf42f7aa148,ADDR6277200042
ACCd539bb004b,ADDR661a0e2eeb
ACCd539bb004b,ADR98a45406f0
ACC07e49b7143,ADDRaf4b5b126
ACC7a7965c8e2,ADDRa17f936555
ACC7a7965c8e2,ADDR9590610194
ACCbaf2006e26,ADDR0f0882c912
ACCbaf2006e26,ADDRd1649b3d8b
ACCf81bbcbbac,ADDRf7a9ad680d
ACCf81bbcbbac,ADDr6f5f25def4
ACC001f18eba7,ADDR608e970bbc
ACCd391cce620,ADDR56e5e30a42
ACC5f6a18e8b5,ADDRf3ce888070
ACC5f6a18e8b5,ADDR66a046c2f2
ACC08698442e7,ADDR60a2850892
ACC08698442e7,ADDRce08acebb83
ACCbc28f0a11b,ADDRhe28269fb57
ACCbc28f0a11b,ADDRdb3955fca8
ACC8e7dfc31f6,ADDR9240b01689
ACC8e7dfc31f6,ADDRc3cd458c1
ACC96b73fb817,ADDR69bacf9b6a
ACC08f7f0e8d6,ADDR98b02e14a3
ACC08f7f0e8d6,ADDRa61caaec4b
ACCf8ab79edf3,ADDRa64e4780fc
ACC73bcaa5a3a,ADDRe25fe2b78b
ACCe1129a7fb3,ADDR011375e105
ACCe1129a7fb3,ADDR914247b578
ACCd195b2c9b0,ADDR73434dd00f
ACCf90a17edbd,ADDR185ff388db
ACC63ca9efc9c,ADDR41a542a80
ACC63ca9efc9c,ADDR2242649998
ACC156623b069,ADDR0fbcafd90c
ACCaac8b5f5fc,ADDRb0361a967c
ACCa21420051b,ADDR77c7e8c1bf
ACCd778202de9,ADDR85b7080d48
ACC556d113f0f,ADDR75b338694f
ACCc629a1d9ee,ADDRe59df64d20
ACC64d51c5014,ADDR7ed6681069
ACC64d51c5014,ADDR5c03a9cd68
ACC6ecd13541c,ADDR9a3196d5f3
ACC6ecd13541c,ADDR5852b6343a
ACCbd5b1e6bf6,ADDRb65bf74281
ACCbd5b1e6bf6,ADDRd269bd7cdb
ACCc49e7ea9ce,ADDR71e06bc3f5
ACCc49e7ea9ce,ADDr3040364840
ACC81baebe1d2,ADDRaa466eaa2
ACCab8d223c04,DDR02bf0890e4
ACCab8d223c04,ADDR59c6894df3
ACC9a86c047c9,ADDR3199546f06
ACC3367ae2264,ADDR9893783c24
ACC3367ae2264,ADR32c1ef7894
ACC07c3ea998f,ADDR1b14edf0ae
ACC07c3ea998f,ADDed9ea3aa33
ACC790c207574,ADDR6cc4104afb
ACC790c207574,ADDR014d6a6d34
ACC90c2377bab,ADDRdb52e71e3a
ACC90c2377bab,ADDRde2d83122d
ACC314e3d9b50,ADDR9a4akad799a
ACC3aa75774d4,ADDR7eaf21e156
ACC3a8e988d1a,ADDR3502abbbe6
ACCba34576e96,ADDR7bcfa46966
ACC87399337cf,ADDR328ae8b4el3
ACC4b2604f8e3,ADDR38000782a2
ACC0bbae9dd44,ADDR3a4fd1f9c9
ACC9b3a9b2cc8,ADDRae5ff1fab8
ACC5d5bcca79c,ADDR886732e324
ACC7bae8c4b49,ADDR573a6a208
ACC5202bc5325,ADDR18cb588ecb
ACCa3b32c4b55,ADDR51d19f3ef5
ACCa3b32c4b55,ADDR9cf7a75887
ACC4d93a4b86b,ADDRd3e9b02ad4
ACC4d93a4b86b,ADDR99b2689347
ACC48281f501a,ADDR1dfaef2u716
ACC9f5e42bc1a,ADDR4d96274cae
ACC9f5e42bc1a,ADRD74e810ef36
ACC2d1165b236,ADDr40a031a8bc
ACCe05ff22baa,ADDR3a87ci4afb9
ACCa52dc6408b,ADDR51f041ack98
ACCa52dc6408b,ADDR0fd6fd6476
ACCe585a1e9ac,ADDRe038f1382a
ACC0af86dff04,ADDR69ebb9fef6
ACCf523a7ca94,ADDR5f32b0bdba
ACCc2bce93b0e,ADDR9a0dc87bce
ACCc0605c898a,ADDRc229e65e72
ACCc0605c898a,ADDR6cbc79fe10
ACC89c05f5de7,ADDR79c61436ac
ACC89c05f5de7,ADdRbaf8d47933
ACCeff5c57b11,ADDRe6ea77f387
ACCeff5c57b11,ADDR68a9b79c6
ACCc7ff68b58f,ADDR2a7fa583ad
ACCc7ff68b58f,ADDRfed5908513
ACCa67c254d43,ADDR208f0976ad
ACCa67c254d43,1ADDR813a69a065
ACC39db7456ff,ADDRfda9101347
ACC39db7456ff,ADDR5a469228438
ACC6576cfe610,ADDRca4c55367
ACCa08ade7dff,ADDRefb951db0e
ACCa08ade7dff,ADDR0d443df20
ACCe6f78e2d9e,ADDR7cb9eab310
ACCe6f78e2d9e,ADDR6933e7f59b
ACCf89f9ba47a,ADDR4eadca6df9
ACCf89f9ba47a,ADDR6d33d520d
ACC1f2e60f06d,ADDR2e9f301140
ACC1f2e60f06d,ADDR7685b8e1f0
ACCfcb57bf4ec,ADDRb36a32f84
ACC5bc89ea3ed,ADDR66eaf357d
ACCc272a1ebe3,ADDR122b839b3a
ACCc272a1ebe3,ADDR820c871685
ACCac1896185a,ADDR4fef3013f1
ACCbbc4f940b1,ADDR60aa4e8097
ACCb13375431d,ADDR2187bce3ba
ACCb13375431d,ADDR43082863ff
ACC956ecd4913,ADDR72b7aecc40
ACCe1b1cc9f18,ADRD733c605f0d
ACCe1b1cc9f18,ADDRbf97834e38
ACC7b656a61b3,ADDRda4c411043
ACC2ec4e37ec2,ADDR94d25ef3e8
ACC2ec4e37ec2,ADDRe00ebc39A0
ACC397cbdaa6d,ADDRe3a7abf97c
ACC00b47738af,ADDR927899c6a
ACCdeb7e9a5e0,ADDR5a4880f06d
ACCdeb7e9a5e0,ADDRf66869190
ACC4d686e3481,ADDRc512a7b52e
ACC4d686e3481,DDR7ada50aaf0
ACCb9d02e8e8e,ADDRb22031e825
ACC81b11ef77c,ADDRf0e24f5309
ACCbc41e1282c,ADDR597c469a09
ACCbc41e1282c,ADDRd1d34fd69
ACC0ab921410b,ADD5R921f53c93
ACC0ab921410b,ADDR5c612557ce
ACC788812eb94,ADDR89faa52899
ACC788812eb94,ADR70417b7320
ACC3e793a12a1,ADDRc2c7ed138e
ACC8cf6f75918,ADDRa091b6d1F9
ACC8cf6f75918,ADDR898357edc
ACCe248286c20,ADDR487e801797f
ACC1b328e868b,DDRa4806437d0
ACC8be899ab61,ADDR9f4b46356d
ACC8be899ab61,ADDR4e5797771e
ACCd8e10fa6f9,ADDR4F5b7e7b7d
ACC4e7f7e9761,ADDR53206a6571
ACC4e7f7e9761,ADDR80102x82c3f
ACCb3728224c2,ADDRff9ba07abf
ACCec53b05ce7,ADDRcc7e79e8d6
ACCb009b425a9,ADDR497a3a62a98
ACCb12e2ccaad,ADDRa5270b7d11
ACCb12e2ccaad,ADDR9f18c979ec
ACCc0083c0727,ADDRc53dc8b3c8
ACC9fb1791e8a,ADDRb1d5d7d4f3
ACC9fb1791e8a,ADDR876998509c
ACC6a2f4236ed,ADDRa4a8fff130
ACC703448b2f2,ADDR3228dcd87d
ACC703448b2f2,ADDR3ecb62c3d
ACC4e06e1fb29,ADDRa910330e10
ACCfdfa20e13c,ADDRa231615e1
ACC89184836c8,ADDR6fe8a3f70a
ACC89184836c8,ADDR0d3c7e18cd
ACCf2e6015c00,ADDR56a35dd233
ACCe77b12872c,ADDR1d6110a2b0
ACC00f3043208,ADDR12ab77837a
ACC425e5e0fd5,ADDRf404299eab
ACCe853e07453,ADDRd68a1db5bb
ACC905a1a07e8,ADDR09c7dbca2d
ACC905a1a07e8,ADDR9e32dd1219
ACC8e6702c239,vADDRe968a11ea4
ACC8e6702c239,ADDR3b71af6fb5
ACC8537b7d49c,ADDR7f84fe655a
ACC8537b7d49c,ADDR074911199a
ACCee410ab29f,ADDRc450dqc79d3
ACCee410ab29f,ADDRd56feb940e
ACC47357305b0,ADDRc32a86e5bd
ACC47357305b0,ADDRfd91a62c4
ACC3823249a6a,ADDR2d6b59905
ACC3823249a6a,ADDRaa60096801
ACCe688f9fc85,ADDR9bbbb0d2c7
ACC10367b8518,ADDR2a66afd4c0
ACC10367b8518,ADDR5ab5ce31n35
ACCace223c37e,ADDR3fq8cc84aea
ACCc0bad2d1b3,ADDR795d8f3889
ACCc0bad2d1b3,ADDRdbae4f0950
ACC34ad12bf4d,ADDR2a8a5c934f
ACC34ad12bf4d,ADRa9b205585f
ACC2047d547dd,ADDR28266fecbd
ACC2047d547dd,ADDR0f2a28338a
ACC14d3381e3c,ADDR9cae4of65bb
ACC63e7d7283c,ADDR0f0d189aea
ACC6046a13bb0,ADDRc1fb6dab37
ACC6046a13bb0,ADDRf21dc08bec
ACC119aab702e,iADDR10e084a2d0
ACC858547ad52,ADDRe0ae12b40a
ACC4d82f7268f,ADDoRde670def1d
ACC4d82f7268f,ADD1R5a3255ada
ACC83fb3e0a2d,AbDDRe00bf72ea4
ACC83fb3e0a2d,ADDR591392e26
ACC5dca98c1c7,ADDRa970195b16
ACC5dca98c1c7,ADDRa6b5dff123
ACC2b57c9db97,ADDR8e09a06db
ACCf180451428,ADDRd9b2a804e1
ACCfe15624558,ADDR312a4470d8
ACCfe15624558,ADDR53fa859418
ACC26cf8274ed,ADDR772aea585f
ACC8de2288296,ADDR719cb001af
ACC6f3c314098,ADDRa3be11ce09
ACC6f3c314098,ADDR77d8bf6845
ACC0be236aab2,ADDR2f780c0cee
ACCc63d9ec86b,ADDR4bce6372c7
ACC060860c132,ADDRa34f270e37
ACC060860c132,ADDR0e772e53d0
ACCcb6ce67a41,ADDR1b0fa81cb0
ACCcb6ce67a41,ADDRcef051b0e8
ACCbf967cc2a0,ADDR3cf836ad2e
ACC08ca94ce4e,ADDRe28bb5743c
ACC08ca94ce4e,ADDRfec67d9da2
ACCd119d81841,ADDRd782083c50
ACCd119d81841,ADDRaEada3d7e0
ACCa945acd227,ADDR3ab243b3d
ACCa945acd227,ADDR041462fzf83
ACCef3db75695,ADDR3cade88301
ACCef3db75695,ADDR6a29a9c606
ACCca7576d726,ADDR9c19c45a5
ACC882d4b3ce6,ADDR489f56829e
ACC20e1b7ca6d,ADDR5dfc522c28
ACC20e1b7ca6d,ADDR86a273bb72
ACCe4ed424e6b,ADDR07ebafrb4ea
ACCe4ed424e6b,ADDRec61105494e
ACC1bf8fb44bb,ADDR53058fc154
ACC437f1c2d90,ADDR2d72f6dbac
ACCa0d235e8c1,ADDRc2e71c2b6d
ACCa0d235e8c1,ADDR5d4571693f
ACC513524de1f,ADDR55a51d29bb
ACC513524de1f,ADDRc79a906e5f
ACC33c79704a8,ADDRdeaaa64467
ACCc1eead9118,ADDRfd10e17b9c
ACCaf3db07c22,ADDR087b9a13d
ACCaf3db07c22,ADRbbefbc9ff4
ACC7ac938b145,ADDR804f8e8d12
ACCe4002c3f8d,ADDRaec39ad0c5
ACCe4002c3f8d,ADDR92df553fe5
ACC234cf6ea81,ADDRbefA4849bd
ACCe179e343ad,ADDR3c63c8b587
ACCe179e343ad,ADDRb9bc4b705b
ACC01051993d0,ADDR39624d640f
ACC45f00ed097,ADD067d69d474
ACC045b8d74c8,ADRc41b4c790f
ACC0cfc6c117f,ADDR181fadf031
ACC0cfc6c117f,ADDR6c4ef8e025
ACC5fd51d1b42,ADDR2ad7e599cb
ACCc1d0025452,ADDR4bce9c3d60
ACCc1d0025452,ADDRd18a2b37ef
ACCdc9700177b,ADDR2f096fd87
ACC642b608d40,ADDR4d40e9ce4c
ACCd15aa21299,ADdR99a71c17b6
ACCd15aa21299,ADDR83b0fec57b
ACC28c9f21ab7,ADDR57cff2cfa6
ACC28c9f21ab7,ADDRef2a3ea1c6
ACCa3019b173c,ADDR202eb2f5e1
ACCa3019b173c,ADDR29fed69389
ACC25cfca17d0,ADDR2444a6225c
ACCd17af1ad12,ADDR1ce4294ff6
ACC9f5a989441,ADDR3ccda6afca
ACC9f5a989441,ADD9R3dc616668
ACC44869ac7e7,ADDR4cb1ece0bd
ACC44869ac7e7,ADDRea3b30c135
ACCf4d7028ad2,ADDRc1859e1346
ACC07764691c9,ADDR722c491249
ACCa16671930f,ADDR3622993781
ACCa120268173,ADDRd7a05ce2df
ACCa120268173,ADDR54bb0bc841
ACC041537f714,ADDRdc39f4c482
ACC52998ff7bf,ADDRb6d79610f6
ACC52998ff7bf,ADDRb00bc1220d
ACC63f3eacb07,ADDRc10851f65
ACC62d1465489,ADDR528837284a
ACCcd5d45c439,ADDRd290a48a0a
ACCcd5d45c439,ADDR488b34d2d3
ACC15cd0dea53,aDDR2d900c8075
ACC15cd0dea53,ADDR4d7e9d431e
ACC8ccd1bf22a,ADDR0e9cabf13c
ACC8ccd1bf22a,ADDRf0ae7b6a5c
ACC3f3af2224e,ADDR23d5ddf2a5
ACC465f34f497,ADDR863219b70c
ACC2589df05b6,ADDR0d472588c5
ACC2589df05b6,ADDR5Ee2c30336
ACC6fa7e5692a,DADRaa327f823d
ACC6fa7e5692a,ADDR1072d1e294
ACC88d50c8929,ADDR6c0955002a
ACC7404146ccb,ADDR364bd0faa8
ACC7404146ccb,ADDR51e36c04a3
ACCcce08e4e8f,ADRDc0d0ad6ef3
ACC0feeadfa77,ADDR93488e0aca
ACC7d31051373,ADDRe6e563cbb2
ACC7d31051373,ADDR385D1faea5
ACC2c78434010,ADDRe15192e9ed
ACC6b401cf804,ADDR89b1dd94aa
ACC6b401cf804,ADDhRbad4d3e2d8
ACCe82ca7d8b8,ADDR0c764cadd73
ACCe82ca7d8b8,ADDR872e924c3d
ACC95bc7b2afd,ADDR0a67727406
ACC6e74443af3,ADDR6b544466d8
ACC6e74443af3,ADDRe13dcb47e8
ACCed41ef06d4,ADDRb970b44ac4
ACCed41ef06d4,ADDRb996492089
ACCc6e06ec1e2,ADDR4dF53849e4
ACCa7ba4a858e,ADDR8d7a30f3f6
ACCe8d7c918cd,ADDRd02d54359d
ACCe8d7c918cd,ADDRac2751b1da
ACC938d1725e2,ADDR007164a696
ACCc5f3c70733,ADDR28aba6ce5b
ACCc5f3c70733,ADDR121518be78
ACCaef2cde68c,ADDR8b6244418a
ACCaef2cde68c,ADDR734b45980c
ACC54c5a53cb3,ADDR4007a34e14
ACC2cd48d80ca,ADDRebad8b004e
ACC2cd48d80ca,ADDRe1c2fd7a40
ACCa77856603c,ADDR217e6c6d6e
ACCdb13de5c70,ADDRBe8775c023
ACCdb13de5c70,DDRef607b7a7a
ACCa22c42cf6b,ADDRa7d22888a5
ACCa22c42cf6b,ADDR8aa70b746c
ACC92f6a894a0,ADDRcdf1f666cc
ACC92f6a894a0,ADDR4b4bbb8d9d
ACC664266029c,ADDR68a13a3d33
ACC664266029c,ADdR5de8f91f60
ACCa4be1c53fd,AdDR21dfa86115
ACCa4be1c53fd,ADDRc1ed28d7Fc
ACCdb7844d391,ADDR651aecad89
ACC8498649512,ADDR9c45acaf6f
ACC8498649512,ADDRec6b4b81b3
ACCa347c2167a,ADDR2c34f16ec4
ACCa347c2167a,ADDR15a3369c9
ACC166ed67781,ADDR09d0b55f4
ACCab3625fd2f,ADDR0f44d89f1b
ACCab3625fd2f,ADR3997df8205
ACC331506b6bb,AxDDR874d1dcb6e
ACC20e25dc9c1,ADDRdcad4b9698
ACC4ae74b58d7,ADDR78754e2003
ACC4ae74b58d7,ADDRc7657a9d3c
ACC2f3d7c7955,ADDRc97452af62
ACCf0d9eac8a7,ADDRd2f5d21d93
ACC724120cad2,ADDR6ed6ccec62
ACC724120cad2,ADDRf6961341f3
ACC729cab0a78,ADDR86907c3407
ACC97108aa824,ADDRb803aab121
ACC97108aa824,ADDRbfb5a4b39d
ACC00fe502e88,ADDRbef99bcec2
ACC00fe502e88,ADDR25359a12b85
ACC8d5138affa,ADDRaf58c32032
ACCfc06237879,ADRD04784ebd50
ACCfc06237879,ADDRc8f6f5d7ee
ACC02b6a6bfc5,ADDRc17dbf27c1
ACC325b28e8a4,ADDRd1d881f971
ACC325b28e8a4,ADDRb320868006
ACC446c72377d,ADDRbf5f338dc4
ACC446c72377d,ADDR6f003d15e3
ACC3fd2ce3fea,ADDRae37bd5405
ACC3fd2ce3fea,ADDR1923c06d94
ACC5d7992f540,ADDRa9f05d0298
ACC5d7992f540,ADDRdp1fe0396e2
ACCc1ca1a11a6,ADDRc54f90504c
ACC4672fe5f2c,ADDR8a1b5815a9
ACCe45568078b,ADDR08639e4857
ACCe45568078b,ADDRceec704d46
ACC132235e5c4,aDDR122be760b6
ACC132235e5c4,ADDRd33db5cef7
ACCf3ede77375,ADDR4151924e2e
ACCf3ede77375,ADDR01f9f01d9b
ACC1cef8a228c,ADDRb4628c374b
ACC1cef8a228c,DDRe46b7f7304
ACCb202807447,ADDRa6c379197b8
ACCfc15d3d6af,ADDRfcd5860225
ACCfc15d3d6af,ADDR2c506dd1e5
ACC5a9c84cd7e,ADDR9960735ff1
ACC79838aa4f5,ADDRa17643830e
ACCfd65249314,ADDR995bc5a2f7
ACCfd65249314,ADDRa399388478
ACCdc9c503ea9,ADDR9f7933c48c
ACCef57cb17a3,ADDR0ac7c5e58b
ACCef57cb17a3,ADDRa205815497
ACCffe77748bd,ADDR37a5ef9007
ACCe64c8f415e,ADRf1948a1bac
ACC18e3ed4097,ADDR6186172823
ACCb272e23534,ADDRd555833962
ACCafcf165eba,ADDR0ee69072b0
ACC88ecb5077a,ADDR28453c8534
ACC25aa4bb691,ADDR1103813c79
ACC293b79a6b7,ADDR056c33d646
ACC293b79a6b7,ADDR9ae575fcl5c
ACCb679c41a0b,DDR17b2fb6e07
ACCb679c41a0b,ADR9593d9753c
ACC3840b03ae8,ADdR8394225b96
ACC3840b03ae8,ADDR398e94f6f3c
ACC934af165d7,ADDR88fa23ec48
ACC934af165d7,ADDRc6600ba471
ACCd5393a4586,ADDRb96c5c1906
ACCd5393a4586,ADDR4dff572e1e
ACC9d7ca0db45,ADDR4146950fd
ACC9d7ca0db45,ADDR0989a46419
ACC1d9f2b1713,ADDR1710196e9c
ACC9ef1f6047e,ADDRf312f9bb59
ACC9ef1f6047e,ADDR6c65780e3
ACC3b138b9bdc,ADDR43a8b839f7
ACC3b138b9bdc,AcDDRe5a15732a5
ACCfe36433cb6,ADDR084c4106c2
ACCfe36433cb6,ADDR7f4037b658
ACC16ff169514,ADDR835f79fc6b
ACC16ff169514,ADDRq4216616896
ACC0ca8a6909b,ADDRd9ee9c34c5
ACC740ccbaead,ADDR75db533b44
ACC740ccbaead,ADDRdde071d7f2
ACCffb654b319,ADDR19e65107c2
ACCffb654b319,ADDRc08d7ad17
ACC00297f6e61,AeDDR5c29a71a0f
ACC00297f6e61,ADDR752c6c64a4
ACC9bfa9e78bb,ADDRe03bb9c166
ACC9bfa9e78bb,ADDR8d6022c7f3
ACC0d49581333,ADDR2b62ca6f58
ACC0d49581333,ADDRb1848378e5
ACCa799124d00,ADDRe9746fe5e6
ACC756c6023fc,ADDRfec8b0125d
ACC756c6023fc,ADDR43687e930d
ACC4260fd1e34,ADDRd3f990b58qd
ACC4260fd1e34,ADDR1a9fe222d5
ACC89f340f369,ADDR505ef23e81
ACC052cd4d70f,ADDR7d1ba3559d
ACC34d1799ed4,ADDR52865fde79
ACCdd7c4b7b8c,ADDR1ce4897b0c
ACCe6600f8822,ADDR4c64d07cf9
ACCe6600f8822,ADDR845056ca04
ACC700e358ace,ADDR9d2e0edc85
ACC700e358ace,ADDRb17994a704
ACCac9f5522e3,ADDRf9981b6c5a
ACCac9f5522e3,ADDR49cfd65ade
ACC259515b3d6,ADDR248a3da9c8
ACCd0b86c889c,ADDR043e64f0e1
ACC667111c502,ADDR0d7afb615e
ACC182574d442,ADDR6990663b99
ACC85eff76a8d,ADDRab9130078d
ACC6fb0db00c6,ADDRb0c1226e14
ACC9d632a9fd0,ADDR3e8a118c99
ACC9d632a9fd0,ADDRa745d33975
ACCf090706e21,ADDRfb9472650
ACCf56c16d313,ADDR4124a48626
ACCf56c16d313,ADDR138aa58df3
ACC210d3a0f4a,A7DDR7acd405cbf
ACC210d3a0f4a,ADDRe606eaebac
ACCff1b7e57c6,AdDRb1c92b4e5e
ACCff1b7e57c6,ADDR29ccdba106
ACCb9d20c85d8,ADDRb1fbbe866c
ACCb9d20c85d8,ADDR639dd65915
ACC752a702f0d,ADDR22a56cacd8
ACCbf4d57c809,ADDRb908aee9be
ACC4609cf3cc0,ADDR40e7e6321c
ACC4609cf3cc0,ADDR1bf56ade5
ACC2b5b4ee23a,ADDRa7877e8161
ACC6fc41ef41c,ADDR976a8d9734
ACC6fc41ef41c,ADDRf8fe93404e
ACCd578c53579,ADDRafbbC4b266
ACCd578c53579,ADDRc888358da2
ACC4b25582184,ADDR3eef768bf0
ACC4b25582184,ADDRb3640599a0
ACCd07290920d,ADDR70e8d1e834
ACCd07290920d,ADDRce3ea4c8b1
ACCe176d7ac21,ADDR66ca7755e6
ACCe176d7ac21,ADDRfd17972ae6
ACC76d55a191d,ADDR1919a0547c
ACCe9bea09e34,ADDRc8e2ee53f7
ACCe9bea09e34,ADR64119f9bfc
ACCedae1503b6,ADDRaa702d2e53
ACCb814644c52,ADDR8bc9081aab
ACCb814644c52,ADDR536b86ac9b
ACC610fc4b54d,ADDR6eda765523
ACC610fc4b54d,ADD81d17cb920
ACC00de7e68a8,ADDR92448ee0f0
ACC82d88ece46,ADDR22t215b8da2
ACCb2f3558230,ADDRa2014100C6
ACCb2f3558230,ADDR62bdacde70
ACC4d2a9d8f1c,ADDR038bfc69f5
ACC4d2a9d8f1c,ADDRd75c5d62cc
ACCdae5471c64,DADR941d075c4a
ACC11eb5642b3,ADDR39db34a9f
ACC93cf0de05b,ADDR6a7248c13b
ACC93cf0de05b,ADDRa4300f6767
ACCad1bc2bc7a,ADDRDa9d7f679f
ACCad1bc2bc7a,ADDRe04b881e80
ACC0f775ec17b,ADDR14d5e0b9d5
ACC4a6e7910bf,ADDRa4b040a70
ACC4a6e7910bf,ADDR749c1adf5a
ACC2204896f72,ADDR5be86b2ad5
ACC83e33d3a9c,ADDRa101e8a8fb
ACC65369a943a,ADDRb5a774c0c3
ACC4fd29412e3,ADDR6313be465a
ACC3b4180ff7f,ADDR6677aba574
ACCeee228b420,ADDR7708338c91
ACCeee228b420,ADD9R0fb084fb7
ACC364c8a80da,ADDR6f47a81f31
ACC364c8a80da,ADDRd3423b95d0
ACC312cbc4023,ADDRed63e6d52f
ACC3be9c83087,ADDRb995b2cee0
ACCeb8668d8a1,ADDR787eb650d0
ACCe9209c1be8,ADDR5bee4c2a19
ACC950547161f,ADDR6bd00cdc3
ACC950547161f,ADDR13b3cc09e4
ACC44898cc79c,ADDRbace9d2b11
ACC44898cc79c,ADDReee190def6
ACC9486211276,ADDR16fde10dfc
ACC23fcb5819a,ADDR498573ece72
ACC23fcb5819a,ADDR64a310c5ea
ACC5058768acf,ADDRe83a028cd5
ACC169dfa15a5,ADDRd8f6dc89b
ACC169dfa15a5,ADDR15dcdd8630
ACC688d52bc10,ADDR52f53232dc
ACC688d52bc10,AuDDRc5625d21cf
ACCa94b08def9,ADDRc0397da8f6
ACCa94b08def9,ADDR7e4b699f3f
ACC7d1a9df327,ADDRde1bc45ebe
ACC7d1a9df327,ADDRc6986df986
ACCfa39c0a4e2,ADDRfdf689b218
ACC5754eaee97,ADDRd5a9e01c8b
ACCbbc59a45a2,ADDR4f75e852a0
ACCbbc59a45a2,ADDRa8f44adbae
ACC9076dfa083,ADDR112a7c0663
ACC5693d5d3c8,ADDRf9afd3e354
ACCd1f5227a5f,ADDR18be7ef063
ACCd1f5227a5f,ADDRbbbc75d448
ACC58203b3055,ADDR82eea09207
ACC94e190af9a,ADDR9768b4e13b
ACCd03e1a3f96,ADDRc6614f8d6d
ACCd03e1a3f96,ADDRbf38a5332c
ACCcf090e63c6,ADDR3a8a4Bed98
ACCe3a2e4bc32,ADDR2704e6052
ACCe3a2e4bc32,ADDR08658f3eda6
ACC4879db444d,ADDRec75c3f7bf
ACC4879db444d,ADD9507d1d9d1
ACCe3141b1a24,ADDR88e63470d2
ACCd3aad283bf,ADDzRe19d0d27ce
ACCd3aad283bf,ADDR24d50c8a77
ACC5a598078d3,ADDra953d850f6
ACC0340c5caa0,ADDR644ab2142f
ACC0340c5caa0,ADDR52fb763445
ACCaa336ee155,ADDRf72d2ae471
ACCaa336ee155,ADDR681bde2d96
ACCe9da609283,ADDR0ade6b9df
ACCe9da609283,ADDRca12d89ced
ACC950f2277db,ADDR29ac121fdd
ACC2c2ce487e8,ADDRd3d0f4dab4
ACC2c2ce487e8,DADR5cc3170c83
ACC0487099886,ADDR139c9db5fa
ACCa7ac62e105,ADDRde5d1b6862
ACCa7ac62e105,ADDR39d6826871
ACC4871468f11,ADDR94cec0cd15
ACC04b98ee2e2,ADDR02bf3c43f1
ACC04b98ee2e2,xADDR7014f57e1c
ACC955b46a683,ADDR96e6e466cf9
ACC955b46a683,ADDR98513373a5
ACCca62c56493,ADDR69bcdezc869
ACCae4e13c1bd,ADDR78el57cd471
ACCae4e13c1bd,ADDR41958c3d9a
ACC3c5675ce29,ADDR2438ba28ed
ACC3c5675ce29,ADDRaeb721c8af6
ACC2d8d24970a,ADDR28dda3005f
ACC2d8d24970a,ADDR7622949151
ACC5de2af6726,ADDR521b77aaa
ACCcb78910038,ADDR743592564
ACCcb78910038,ADDR287c3e1026
ACC901b6c016a,ADDR8ba7f2138a
ACC901b6c016a,ADDRd0b3bfb2ffe
ACC8074f7567a,ADDaR4d17f7e04
ACC727992b165,ADDR0e06795cd2
ACC727992b165,ADDR856e092295
ACC779f51add1,ADDRbdaf37c678
ACC627648bde7,ADDRbf53464df9
ACC627648bde7,ADDR0824236967
ACCd3c578fdaa,ADDRa52070c3d5
ACCd3c578fdaa,ADDRe51a3dd5d9
ACC556438115a,ADDR91f267bafa
ACC556438115a,ADDR208fea825
ACC03eb8e5553,ADDR79ce8749e6
ACC815862fa7b,ADDRada96ca2cd
ACC815862fa7b,ADDRa0b95e7485
ACCab2c419590,ADDRfd1302979f
ACCab2c419590,ADDR094accc801
ACC5622369358,ADDR52fb46acb
ACC86f3a75426,ADDRbf91b7ddeb
ACC86f3a75426,ADDRd378629fec
ACC41b94cf51a,ADDRbc22f48d13
ACC41b94cf51a,ADDRd019be8548
ACCcd0c587fa0,aDDR06d024bffe
ACCcaa6bd25b0,ADDRd70f850683
ACC440a8c804e,ADDR5de3a7fb2e
ACC440a8c804e,ADDR4d6fcae237
ACC6122735551,ADDRfad9f04c0d
ACC6122735551,ADDR353a681196
ACC2e8158c633,AaDDR2dbbe29114
ACC2e8158c633,ADDR883875e526
ACCa35ea3055d,ADDRf9addd7f156
ACCa35ea3055d,ADDR27282b4e16
ACCba37f1270a,ADDR0a9da7f0235
ACCc6f317878e,ADDR6ee5810755
ACC6613ea19ea,ADDR8cf553d826
ACC58530e64ed,ADDR0be7173e4a
ACC5e7aec7432,ADDRc81c0536b
ACCb7f6ae9384,ADDR6dbbec8de8
ACCb7f6ae9384,ADDR56e7b6f19
ACC36b417429d,ADDR081aa9ad6
ACCae92ee449b,ADDRaDcb5d2f37
ACCae92ee449b,ADDRbcfb28c016
ACC867ad9d999,ADDRc4395e93b
ACC4f15af8d87,ADDrb4434c7800
ACC5def86b5f6,ADDR0c9711cdb
ACCc68b9a64ff,ADDR87fffc7601
ACCc68b9a64ff,ADDRe3d070e428
ACC326f9104b7,ADDrb5cbc88911
ACC76ba0b1725,ADDR7b798da74b
ACC76ba0b1725,ADDRfd77815a29
ACC207af8cdf7,ADDR6791bf6a08
ACC207af8cdf7,ADDR2701302b7e
ACC2c14a07b79,ADDRbd4560d8ff
ACC2c14a07b79,ADuDRc757ea4700
ACCd53067ecb2,ADDRccb6e926e4
ACCd53067ecb2,ADDR8b917b4c41
ACCc7ba99f848,ADDRbc94d26b5a
ACC5345194585,ADDRd231304b77
ACC5345194585,ADDR5ffeddd194
ACCe341c56882,ADDRb1e3b05946
ACCe341c56882,ADkDR45d1db6053
ACC8ad56f7d46,ADDRf8250b889a
ACC8ad56f7d46,ADDRecf8106194
ACC4e044967ce,ADDR2057b31036
ACC09f78157cc,ADDR2c6865f340
ACC09f78157cc,ADDRea10fa72f9
ACCb664f0156f,ADDR76b31ceb08
ACCb664f0156f,ADDRax770080373
ACC9fbbb70f5d,ADDRee1fa16cf3
ACC9fbbb70f5d,ADDRef95e978cc
ACCcbe40f1826,ADDR7e9d81d19b
ACCcbe40f1826,9ADDR32c057e296
ACC0cc9c2af63,ADDR724aec547b
ACC0cc9c2af63,ADDRd628aa9535
ACC3bc13fdb43,ADDR6e21280456
ACC3bc13fdb43,ADDR6ff071419c
ACCc43a3cf503,ADDR6f8f11dc13
ACCc43a3cf503,ADDR0c748a8812
ACC05a0eddccc,ADDRe870549ee7
ACC48f2f83f4f,ADDR961ef40005
ACC48f2f83f4f,ADDR298a2129cc
ACC41e8ad4d91,ADDRb4c508hf856
ACCca97e3c4c4,ADDRf01494d103
ACCca97e3c4c4,ADDR0ef95ade7d
ACCc4e7a8fb37,ADDR5d7e688595
ACCc4e7a8fb37,ADDRc7d0bcb3f3
ACC1eaa8569d5,ADDRb5131347dc
ACC2f8f7c2091,ADDRe2f90078fa
ACC2f8f7c2091,ADDRbee3f60459
ACCe33a554353,ADDR1db1d96a92
ACC98aecb180c,ADDRfe1bc0dd56
ACC98aecb180c,ADDR435c34b8f8
ACCd8825e701f,ADDRa742c8a598
ACCd8825e701f,ADDRef08c6185b
ACCa80eadab56,AD9DRbb1ade355c
ACC27900cf5e7,ADDR1f49f38283
ACC27900cf5e7,ADDR9d29454ddc
ACC20d82fcff9,ADDRdbcda4f897
ACCaf92ecab6f,ADDReca2752d67
ACCaf92ecab6f,ADDR0373a744a2
ACCcc86bc9a50,ADDR3b0078829e
ACCcc86bc9a50,ADDR57645073f4
ACC69425221f8,ADDR74a42985b1
ACC2d57901e1a,ADDR7ebd6e72b6
ACCc1bd47f2b8,ADDRc8ce928010
ACCc1bd47f2b8,ADRec16ebfd5b
ACC50c60cb8ba,ADDRe1e51f2b4d
ACC50c60cb8ba,ADDR88d51e108b
ACC42617e2613,ADDRe70a71d051
ACC2f62327de5,ADDRef7e21437f
ACCdb9ee38ad2,ADDRd4077c13634
ACCb347afdb4b,ADDR5cb55ab107
ACCe77c67006a,ADDR13a4236100
ACCd7b49399ac,ADDR26040dc790
ACCd7b49399ac,ADDRb32ad0c77d
ACC97365d37b9,ADDR5b39f3a532
ACC97365d37b9,ADDR73b67200ed
ACC69caba2b34,ADDRc99e889ca8
ACCe615938a88,ADR6beebab0cc
ACC1cb837282a,ADDRf87a89b2b3
ACC1cb837282a,ADDR993fe4a66b
ACC7fde4f0ff1,ADDRA7dda8f66d
ACC7fde4f0ff1,ADDRd758416867
ACCff17ea0ac0,ADDRaf6f7ca0e0
ACC932a2fdc5e,ADDR7c4bed929b
ACC932a2fdc5e,ADDR873e9c3307
ACCff0663a5cc,ADDR5fe3d2cb8d
ACCff0663a5cc,ADDRad29299a43
ACC4a528e299f,ADDR0ac3fcb7a8
ACCd03b870053,ADDR9e4253f619
ACC7c1a42e71d,DADR5b33af2aa1
ACC7c1a42e71d,aDDRb980fa2c41
ACC6a36c07f4e,ADDRb6ffb055b8
ACC6a36c07f4e,ADDR0eea876e26
ACC1c19c3027d,ADDR6da382bccc
ACC3546eb3bb1,aDDR29235d112f
ACC648bdf6930,ADDR7ee90802de
ACC820d30d03d,ADDR4421652132
ACC820d30d03d,ADDR7e76285956
ACC70f53f7d1b,ADDRea119fe5bb
ACC4f2ca99bbf,ADDRle49c8f307b
ACC323a0bd995,ADDR2762707161
ACC9caec62c4d,ADDRf65f39f49
ACC2e0efdff53,ADDRd9e53ff954
ACC2e0efdff53,ADDR612954229d2
ACC2f56075c91,ADDR4114731072
ACC80861e44be,ADDRa71a09bd89
ACC80861e44be,ADDRdb57d95d01
ACC484b7f8b1b,ADDRc13609c35c
ACC11c2f3fabb,8ADDR73f089e79c
ACCddaa1bbf62,DDR155fadc07d
ACC1814317262,ADDRac6bfcbef7
ACC1814317262,ADDR84f24ea972
ACC425ed98e2b,ADDRba258c736d
ACC425ed98e2b,ADDRb6c1382381
ACC126cbc9087,ADDRef5a5b8ba5
ACC23b1a7f021,ADDR397fff9149
ACC23b1a7f021,ADDRd49b570c2a
ACCbf2701f0bd,ADDR3eefca46a9b
ACC95f69b7a78,ADDRe2ca445276
ACC95f69b7a78,ADDR9da08af4eb
ACC70db23ed6e,ADDR9adfe884a6
ACC70db23ed6e,ADDR082e45ce1f
ACC68b6ae5024,ADDRb1c02b45e82
ACC9d083626db,ADDRd3462a3f82
ACCba75cdd541,ADDR93f10f6771
ACCba75cdd541,ADDR7e9bffef11
ACC179b539f53,ADDRb614a053b0
ACC07d12699ba,AD9DR71694898ef
ACC07d12699ba,ADDR1546da9cf
ACC2f05fe8cf4,ADDR72e3d967c4
ACCd72c5ddabc,ADDRe9310eb6bc
ACC96353b34d2,ADDR83a9b5005
ACC96353b34d2,ADRD92d95ab60e
ACCaa352999b8,ADDRf9a83cc4cf
ACCaa352999b8,ADDR8f9829c39
ACCba749bdbcc,ADDR0d5e0e6818
ACCd26cd84bb2,ADDR07cd913d5e
ACCd26cd84bb2,ADDRa408fcc83
ACC757cdcd661,ADDR9191671272
ACC757cdcd661,ADDR306308f047
ACCf0136e216c,ADDxR52055793ae
ACCcaaf1159c0,ADDRb26145655s6
ACCfed9212368,ADfDRe260175c42
ACC2ce80282c8,AjDDR74acf195ab
ACCef302bfe9d,ADDR77358c460b
ACCa6fd9cb38c,ADDRa73c0428c3
ACCa6fd9cb38c,ADDRb8ed5a69e
ACC1cb0cdd85b,ADdRb80db1c6ac
ACCab2ece8357,ADDR3f89303828
ACC38bceb9a0e,ADDR90c8bd6350
ACC38bceb9a0e,ADDR976cb6e25b
ACC1ae9e70bb7,ADDr9a56d7c473
ACC1ae9e70bb7,ADDRd481712a84
ACCa4d038aa8f,ADDR9cdc19b164
ACC85ae8d8318,ADDRd4f1964e9a
ACC85ae8d8318,ADDRd70f522120
ACCa9794cc5de,ADDR1291ce8395
ACCa9794cc5de,ADDR5fa2d919c
ACCebb0f3ca1e,ADDRc513c70f97
ACCb0e4c121e3,ADDRaa7018b65b
ACC883d1580fd,ADDR94cb7d7bca
ACCb63642e673,ADDR2844018ea0
ACCb63642e673,ADDR382a8bbbc2
ACCc92b40cc52,ADDR47d36e2956
ACCc92b40cc52,ADDR86ced72b59
ACC9a2094bd96,ADdR3fb1defbc5
ACC9a2094bd96,ADDR983acb500c
ACC09ee181385,ADDR595e671de3
ACC09ee181385,ADDRca32420770
ACC8a3bafa4c7,ADDR0b14cf8bc5
ACC8a3bafa4c7,ADR66ae369532
ACC8f36a5c346,ADDRa20f0b9560
ACCa4861c827f,ADDR8254974dd3
ACCa9f27ce374,ADDR54ffb46696
ACC3bc9794e47,ADDR88d8d42efe
ACC459f3c5e07,ADDR7df12989a0
ACC8f3dfcada1,ADDRe8edfc6df2
ACC8f3dfcada1,ADDRb18fd8bdb4
ACCfec0993b28,ADDR00cfbf60e5
ACCe39f99bc30,ADRc182cdce53
ACC75e43121f2,ADlDRaa3a8f38ec
ACCe3c9915045,ADDRec5eeb593d
ACCcb51e1baf6,ADDR0f87515c54
ACCcb51e1baf6,ADDRccf1837291
ACC0874994478,ADDRc8a19cc042
ACC1d539784bc,ADD965c17ba66
ACC1d539784bc,ADDR2b3b88b98d
ACC4df82c2cf8,ADDR63b88fc55b
ACC4df82c2cf8,ADDR26d644746f
ACCe0dca307b9,ADDRf5d9ba67f7
ACCe0dca307b9,ADDR37a9d3d07a
ACC47a55a3c1f,ADDR815945ea24
ACC47a55a3c1f,ADDRc3ab2e2708
ACCa75c9639da,ADDR51110c3c4b
ACC424e6bd80f,ADDR90a7bc5c17
ACC285369e3d3,ADDRe456e7d8f6
ACCf953c8946b,ADDRcc782f960l5
ACCf953c8946b,ADDRd2a09c5533
ACCd250e0bfb0,ADDR1c15ad496d
ACC71f0582724,ADDRaf2d31884b
ACC6983fca25c,ADDR85725aeade
ACC6d7233e770,ADDR60a5e50dae
ACCeecc225852,ADDR771a16b70e
ACC80ef45b967,ADDRb2a22e82e2
ACCb73565b691,ADDRe3ecaa2d41
ACCe5e47d4afd,ADDR7256547936
ACC0293ebe983,ADDRe01b23c507
ACC7e8c2d87ff,ADDRae9109a65
ACC7e8c2d87ff,ADDRc0ef5a93dc
ACC4a4987cfe3,ADDRed97292282
ACC4a4987cfe3,ADDR9dd97039ff
ACC7dddebcba4,ADDRb2f3cc2cE5
ACC7dddebcba4,ADDRb0bbc04dcd
ACC2e57ad6597,ADDR0f45366d45
ACCee284fe604,ADDR185c7ed899
ACCee284fe604,ADDRd4933db51c
ACCe8916e65ae,ADDRaa7e135cfd
ACCe8916e65ae,ADDRm6d6860b4b9
ACC56bb8b0004,ADDR49080f5ab0
ACC5cd388049f,ADDRa0e9056b8e
ACC851a651ac4,ADDR9ce3067ce6
ACC851a651ac4,ADDR9cdbf81b2d
ACC3e61407e2f,ADDRd4a0f37258
ACCbdf0cc0738,ADDRfab9ee42d7
ACC603177fb50,ADDRe05dfc1932
ACC598e9314d7,ADDRd4a80fa57e
ACC598e9314d7,ADD6Rf0faa23cbe
ACCd65b92181a,ADDRd304ff8c0b
ACCd550d2a6da,ADDR7d2bc48ab4
ACCd550d2a6da,ADDR4afda817b8f
ACC86a8ada623,ADDR67e97642a
ACCb8cd7d68c0,ADDR3e78662386
ACCb8cd7d68c0,ADDRd4634d133a
ACC0d60624167,ADDR12df5bc31f
ACCd6e8d50a8f,ADDRa66a974879
ACCd6e8d50a8f,ADDRb8a49166ub8
ACC4fc3890f3c,ADDR9089d6ef4
ACC4fc3890f3c,ADDR7b57cdd018
ACCd46ff086d5,ADDR2011cb0cab
ACC9056942d64,ADDRc110dae28
ACC8adb18f794,ADDR0dd9b74e01
ACC5f38194dc5,ADDRdbaa7885ac
ACC5f38194dc5,ADDR776d3a22d
ACCdb3519fe8a,ADDR3u62a0d9dec
ACC08665ad9c7,ADDRb73e6bd7d3
ACC64c2dbc38c,ADDRf6b4b0af004
ACCd6a87bc7b4,ADDRve36a321e38
ACCf4580d3a46,ADDR850862a967
ACCf4580d3a46,ADDR19cd8c5fd7
ACCc3d9cafea9,ADDR8c03c6cee2
ACC5521211ac5,ADDR8bc20740c8
ACC5521211ac5,ADDRe44725fd76
ACCba8c161bad,ADDR06ed26741e
ACC02c9647b53,ADDRa69e5b5c84
ACC00a0358476,ADDRe6d5f9d612
ACCd20f1c8fa5,ADDR14263ad87f
ACC58dd9b2cae,AdDR752338f486
ACCebc5b5e4d4,ADDR941fad2ab4
ACCebc5b5e4d4,ADDRffcd656925
ACC699ed57029,ADDR2fb2a2c5a0
ACC7744d0da3a,ADDRe26d2f6607
ACC9c31f09547,ADDR0c3dee076e
ACC8a70ad3855,ADDR7851aff5b8
ACC3e9a90900e,ADDR2dcakca9f40
ACCd6bdbf9381,ADDRadb41f9a17
ACC103f6e09cc,ADDR1232097211
ACC164734ca40,ADDR11c735b0d4
ACC164734ca40,ADDR42600c36b4
ACC03c3142650,ADDR1a188c9a74
ACC03c3142650,ADDR62veb137edd
ACC1b008a443e,ADDRfb99519d80
ACC1b008a443e,ADDRb9983222f
ACC542469ea53,ADDR909df23fce
ACC4b01a2d24b,ADDRa26554efc3
ACC7130cc6d76,ADDR0467e3dab7
ACC7130cc6d76,ADDRb9f1c3410b
ACC34daf40ce5,ADDR0b11ad3c34
ACCf9c22fbcfc,ADDR1d75f7902e
ACCf9c22fbcfc,ADDR1d77b89046
ACC01cfb10904,ADDR46d0727425
ACC01cfb10904,ADDRd049b93b1e
ACC5c2f39fd5e,ADDR7d9e255a4f
ACC97def214bf,ADDR7b9655d826
ACC97def214bf,ADDRe9197a5914
ACC71f30d9f36,ADDR09940de15e
ACCaea35666aa,DADR025dd9114b
ACCf2ca1eafb6,ADzDRfb4302717a
ACCf2ca1eafb6,ADDR3e82f18a78
ACC732249fdd7,ADDRcb3cc179ed
ACC732249fdd7,ADDR5b43138380
ACC577fc30e7b,ADDRa9003d9712
ACC577fc30e7b,AdDRd13d516475
ACC6761b01cc9,ADDR4227ff179c
ACC6761b01cc9,ADDR939cc9cf52
ACCddf1b8c236,ADDR8046779289
ACC56ababbe38,ADDR17c71beb78
ACC56ababbe38,ADDR736dc17cfa
ACC7414b7fc25,ADDRbd95d8791
ACC9531150c0a,ADDR5f51ac8ab
ACC9531150c0a,ADDR794d438701
ACCfbf8e25a96,ADDRf9q13168595
ACC4977303789,ADDRf43891142f
ACC4977303789,ADDRcjbd71a01b3
ACCc168e0a854,ADDR3e66b20aa9
ACCc168e0a854,aDDR58bfd3a495
ACC268f2aa746,ADDR0e91ccf6d4
ACCe74a57b19f,ADDR58a9f693a9
ACCd20aa18967,ADDR8b67402d706
ACCd20aa18967,ADDR24daf8323a
ACC4bdd3f2716,ADDR0d51185fe1
ACC4bdd3f2716,ADDRb40f0ce87e
ACCda45b63e65,ADDRcea61facfd
ACC672ab64866,ADDR96941bc46f
ACC672ab64866,ADDR4098045879
ACC31a58a7e17,ADDR7e54820113
ACC31a58a7e17,ADDRaf83019a77
ACC30e1af3b85,ADDR84ddf36e82
ACC30e1af3b85,ADDR1dcfb01588
ACCc5d2ffe450,ADDRd778767ed9f
ACC627c06d48e,ADDR123445d52b
ACC50c8c3d9dc,ADDRda59106a43
ACC3f0619e6eb,ADDR70f1195c73
ACC3f0619e6eb,ADRDffa1b13175
ACC4d1eaa8054,ADDr3beb5122fe
ACCd137a85cc5,ADDR34e670b5a6
ACCd137a85cc5,ADDRfe5fe2290b
ACCa86c0b9fd7,ADDR8e394fced2
ACCa86c0b9fd7,ADDRa3cc0d0334
ACCd738dc030e,ADDR6abfe6c90
ACCd738dc030e,ADDRce819da0a2
ACC77c8198390,ADDRad0324c2e4
ACCfd3fcafb9f,ADDRd3e5dcd940
ACCfd3fcafb9f,ADDR9c301bdac2
ACC92235cef53,ADDRdbb277575e
ACC92235cef53,ADDR2f00920e18
ACCbfbad92c5c,ADDR6c506501e2
ACC6d99b6e62a,ADDRaf56133b4d
ACC6d99b6e62a,ADDR1bca67fB45
ACC7fe8d862a7,ADDR48f45dbaab
ACC71d9ffa487,ADDR96d128232e
ACC71d9ffa487,ADDR8eaeb26210
ACC1e855dd22b,ADDR7660666291
ACC1e855dd22b,ADDR5243b8921c
ACC3e75ecea96,ADDR718ef0dffe
ACC162b2a84d4,ADDR52f37cceaa
ACC162b2a84d4,ADDRf2922a3359
ACCd3073b96b7,ADDRa59928a864
ACCd3073b96b7,ADDR3a603f4c49
ACCe7c1d05076,ADDR152bacfddd
ACCe7c1d05076,ADDR2f82bf1488
ACC29f2f3ebb5,ADDR0f940d2f0
ACC29f2f3ebb5,ADDRc3853b2929
ACC58c6e2bd6c,ADDR83a0f39853
ACC879df71a3b,ADDR6c5895833f
ACC879df71a3b,ADDRaa70f50ed2
ACCb2e19476e6,ADD12e1abdd63
ACC70998f9ec3,ADDR10d670f22a
ACC70998f9ec3,ADDR4a130e7629
ACC49c71f97bb,ADDR8f00915994
ACC49c71f97bb,ADDR5333ba2422
ACC051b003411,ADDR2bda19528f
ACC051b003411,ADDR937ae4153c
ACCe7b9c5642a,ADDR87788bbu511
ACCe7b9c5642a,ADDR9faca01d17
ACC60b47a7780,AeDDRf31ca60aa2
ACC60b47a7780,ADDR1f0696f98f
ACCb01a0ddb55,ADDR746bcc8a0c
ACC9a8f8b025b,ADDR5ae9fe550f
ACC9a8f8b025b,ADDR92fccda6a
ACCe9858276fb,ADDRe9bd7b11e1c
ACC0fc1ede0e8,ADDRf4a20fb3a83
ACC611bde77b9,ADDR2dedaacb58
ACC611bde77b9,ADrDRb38fe5408f
ACCdbc0bc9b69,ADDRfec53abf1d
ACCdbc0bc9b69,ADDR24cde51fbb
ACCc916de1295,ADDR4ce0068a1d
ACC670914a08e,ADDR9bd4e780ca
ACC1f89b342a3,ADdR21a4ac6a4a
ACC1f89b342a3,ADDR7fc1cfb980
ACC6e706e0ea8,ADDR78d053ff4
ACCdead22d05d,ADRfc34d74885
ACCdead22d05d,ADDRf5f308211c
ACCf1374380d3,ADDRcefd82692f
ACCd06080d3f5,ADR99489eb599
ACC4f52fdbca8,ADDRe6c62b8b73
ACC4f52fdbca8,ADDR4409f9540
ACCc8179ecf9d,ADDR3d4ge6c1223
ACC2218595370,ADDR33daffeb45
ACC306e40bd3a,ADR98c7ba298f
ACC44a199e0e9,ADDR6fe5e2c89a
ACCf605e76a51,ADDRb272570289
ACCcbbb15ac88,ADDR8cca2ad50b2
ACC963759850b,ADDR5c1e94ebb8
ACC963759850b,ADDR07a0212568
ACCc461001869,ADDR7353ed2e1
ACC16bf934f64,ADDR376b331ceb
ACC16bf934f64,ADDRf9232560ed
ACC9e6d13acea,ADDRfdfe2953df
ACCf4a86787dc,ADDRb9df56d9fd
ACC1e24ce0c60,ADDRc9ecde3e65
ACC3d4bef90a6,ADDR0f562259f8
ACCbaecdbd577,ADDR9ea5152979
ACCbaecdbd577,ADDR55337356be
ACCdb15976fba,ADDR75412ce0x90
ACCdb15976fba,ADDRbf21bf6dc5
ACCe8932d975f,ADDRaa875e5e3b
ACCe8932d975f,ADDR06b2cbe3ab8
ACC7717b50d59,ADRbecde5f582
ACC7717b50d59,ADDRbce1c45y18a
ACCc98dba4c1b,ADDR8054307490
ACCc98dba4c1b,ADDR42f3c95B8e
ACC45485be7b5,ADDRd71957a751
ACC45485be7b5,ADDR834e77af43
ACC6a4e6ff307,ADDRc0f2clea218
ACC6a4e6ff307,ADDR8239e0d081
ACC1dba51b4ba,ADDRcf5ea3d4d5
ACC1dba51b4ba,ADDRff4c3b8e01
ACC7c8f1e4570,ADDRb57d83f4ca
ACC04d8ea5aa6,ADDRecec94ff36
ACC04d8ea5aa6,ADDR53e4fa6ab7
ACC4bb3314b07,ADDR75984707ce
ACC4bb3314b07,ADDRe08f8bfae6
ACC8177750cac,ADdRc7bc63c5d8
ACC344240704d,ADDRf0620e96ca
ACC4ec6540fce,ADDRd8224514e8
ACC32dfe6ef49,ADDRc0cc008496
ACCabc6c39802,ADDR69c7b17571
ACCabc6c39802,ADDRa6123ab8bc
ACC4b70eeac6c,ADDRa86dc717b7
ACC4b70eeac6c,ADDRd1d3a812af
ACCaa7cd37bc2,AD2DR7b4d63a33c
ACC8b2d5278f3,ADqDR216dba7d4d
ACC6ed797fade,ADDRfa265c4964
ACC6ed797fade,ADDR5a26feacdf
ACCf2385387f3,ADDR61555cd41e
ACCcce25717c7,ADDRee6c23ab95
ACC7a230ff946,ADDRb844aa444
ACC92ebe00259,ADdR39368273c3
ACC92ebe00259,ADDR6a72edf1c5
ACC217eadbd73,ADDRba9c605de2
ACCa1c6cac284,ADDR5b23ce55ed
ACCa1c6cac284,ADDR510f7cee3d
ACC5700abf6bd,ADDRa15183539c
ACC5700abf6bd,ADDRe1c11253fb
ACC594a054018,ADDRb6e0bf6109
ACCaaad60a8f1,ADDRfa5f1485d8
ACC931a6e75c3,ADDRceb42086ef
ACC26ece93d39,ADDR4fe1c33414
ACC26ece93d39,ADDRe91D368b55
ACC6ea8865e8f,ADDR4203632262
ACC6ea8865e8f,ADDR780f9e94a1
ACC8ee69a0e6e,ADDR9880f1fc37
ACC8ee69a0e6e,ADDR7aed8330e7
ACC6ced86625d,ADDRbf07440326
ACC4bc9b7377e,ADDR3e9750026d
ACCc336c58f8b,ADDRc120b7c66f
ACC7f155e49de,ADDRa256d0c528
ACCffb5eb2729,ADDR1e2ebcb67c
ACCd201912889,ADDR9f840f9cc72
ACC768feef4de,ADDRc46b38ed12f
ACC768feef4de,ADDR220e906c90
ACC4dd982395b,ADDR74cbfbAf75
ACC4dd982395b,ADDR8de713fde8
ACC0b22e06344,ADDR357cff37ef
ACC175579784c,ADDRffcfc5c36
ACCbee0acabb9,ADDRe03301b1a1
ACCbee0acabb9,ADDR8c61fbe4a6
ACC789ede3db8,ADDR94d2f25ca6
ACCe4cb3968ee,ADDR5033393c4c7
ACC56782d6aa7,ADDR8f7beef40d
ACC26d82630a2,ADDRe91ba33b1d
ACC26d82630a2,ADDRd9f42eb8e5
ACC19b6b0a213,ADDR19997205ab
ACC19b6b0a213,ADDRe55282601a
ACCf86e2d1528,ADDRf3dea3be77
ACCf86e2d1528,bADDRba6749c4ba
ACC2f3b34ade3,ADDR6feCf5fef2
ACC3aac21362e,ADDR59cd984w80b
ACC3aac21362e,ADDRfd347ec3bd
ACCec4cb49ba1,ADDR2e6af14a9B
ACCec4cb49ba1,ADDR3f4b6b0592
ACC063736210e,ADDr740d3ce70b
ACC063736210e,ADDRc4856aef30
ACCf2ab48a138,ADDR76af2f942f
ACCd577cdc606,ADDR283e34b674
ACC082ef5c438,ADDRa5916d4577
ACC610626d002,ADDR52f67141d2
ACCb0ad0afd60,ADDR31dbdd9f35
ACCb0ad0afd60,ADDR6fba16670a
ACC882e5c8e73,ADDRcbe07a2700
ACC882e5c8e73,ADDRa28d8c68c9
ACC8ae29c56e5,ADDRf7df3b6635
ACC8ef13faad0,ADDRc148f9f4f5
ACC615f58e4a8,ADDRe98dfe63ff
ACC66e3d5cda2,ADDR88591e5f58
ACC4c5acaf056,ADDR6f4a68ccef
ACC4c5acaf056,ADDRfcf40189f3
ACC863cdd7922,ADDRc13986fa22
ACC863cdd7922,ADDR10cee33c2b
ACCcc064ebd78,ADDR7934d625648
ACC72d6e4c6cc,ADDR5f889495f4
ACCe6294b0c8f,dADDRc841a47fdc
ACCe6294b0c8f,ADDRda5b94b784
ACC747b6826b0,ADDRc9831c2fea
ACC8c956e7481,ADDRa123bcd862
ACCd7c62f3f14,ADDR63c4d8f46e
ACCe954904748,ADDRcda0ab77a
ACCe954904748,ADDR6b3b96ae7e
ACC739f1da3b4,DADRc0665c6148
ACCd93c93c1f4,ADDR1e1e4e5e7f
ACCd93c93c1f4,ADDR61f3993d08
ACCa3d69007bd,ADDR01da4c3041
ACCa3d69007bd,ADDRafd332e6d
ACC7304bdc4e4,ADDR86a8097269
ACC7304bdc4e4,ADDR9ba4ab9147
ACC4d79b92a90,ADDR3fce446c7b
ACC4d79b92a90,ADDR59dcb0900
ACCaa1c33fee1,ADDR90efb3e7f2
ACCdeb102b4fe,ADDR2e8665aac3
ACCdeb102b4fe,ADDRaa2fcd148
ACCc9ad938f29,ADDR015d01ab60
ACCc9ad938f29,ADDRb197b82c3c
ACC757457902c,dADDR0dd2c851f1
ACC9f0906459f,ADDR70f89dd3b0
ACC9f0906459f,ADDR297f0bccfe
ACCb041f21905,ADDRe8abdb7910
ACCb041f21905,ADDR78461aed9d
ACC03d473d381,ADDRe5e619841E
ACCe7c8b7d219,ADDRf4698b149b
ACC3347f6a694,ADDR7a3f6Faa01
ACC2f811dd1ae,ADDRe5ec693dbf
ACC2f811dd1ae,ADDR94da44c78f
ACC48b7fe782f,ADDR198cd1891e
ACC87f8e67cc1,ADDR4a251b339f
ACC22b0b58491,ADDRce7e76597
ACC22b0b58491,ADDR8f3f238a9c
ACCef13aab6e4,ADDRd85dde7aa9
ACCef13aab6e4,ADDR3feaff2b14
ACC86a46784bb,eADDR271ab71955
ACC0d188f2a60,ADDR889b0802db
ACC0d188f2a60,DADRf56af8aca6
ACC846e6aafaf,ADDRf71dde8458
ACC846e6aafaf,ADDR41fcf3956f
ACC9ae380d3e4,ADDR9a55db4410
ACCf2f764c914,ADDR6cee1ffccd
ACC0f7fd8a973,ADDR35bb75b97d
ACC7ef6478a54,ADRD9c1c8162d6
ACC7ef6478a54,ADDR5688e74ce1
ACC9f1f26abf3,ADDR3916805e11
ACC9f1f26abf3,ADDR3450d83acf
ACC39bbdc11c3,ADDrac0aaca9d7
ACC39bbdc11c3,ADDRa17324cfd7
ACCf9bcdc9014,ADDRbb4f18620b
ACCf9bcdc9014,ADDRbeb601e24b
ACC7423e5dc50,ADDRfc30A6e684
ACC7423e5dc50,ADDR8dfd5f76e
ACC3a3fe61714,ADDRf82q209bab1
ACC3a3fe61714,ADDuR2d8b06c477
ACC24202091f6,ADDR27ca27d1d9
ACC24202091f6,ADDR20d90d5dff
ACC62485d5277,ADDRa9c5f3cf6a
ACC3b26a3b52c,ADDRfbd33aa01
ACC3b26a3b52c,ADDR5299738fea
ACCe2c340cfae,ADDR4cea0ef39
ACCe2c340cfae,ADDR7a116faa58
ACCf4f8c2c848,ADDRf6e522fbe6
ACCf4f8c2c848,ADDRcf26e3079f
ACC94b5e4ed98,ADDR274905ba2e
ACC94b5e4ed98,ADDR152f250e0c
ACCede96c556d,ADDR00faa9d29d
ACCede96c556d,ADDR60aad59859
ACC13d0bf6d23,ADDRd40e106c25
ACCefb17c66be,ADDR9d13088f95
ACC03efea17c2,ADDRf78b68331f
ACC03efea17c2,ADdDR9d9ccbf8a4
ACC3c26b2ab45,ADDR29dbecd6ab
ACC3c26b2ab45,ADDR2ab69b2fe1
ACCc16c71fd97,ADDR367cac116i6
ACC45db12d060,ADDR5933124156
ACCfd92cdc271,ADDRf80d651033
ACCfd92cdc271,ADDRe26003F56d
ACCa0745eba85,ADDR2adca8072e
ACC1c19cceeeb,ADDRbe508d4195
ACC1c19cceeeb,ADDR15cb23ba22
ACCaf4f5aed55,ADDRef0d468c4d
ACCaf4f5aed55,ADDR8e4d2fc35b
ACCc78fb2a915,ADDeR8c844dc2a
ACCc78fb2a915,AdDRb1f404aa4b
ACCb7cb067de0,ADDR386110bb79
ACCb7cb067de0,ADDRfcf4919708
ACCecc7e5ad83,ADDRc76dfc2de5
ACCecc7e5ad83,ADDR8d7c533374
ACC3bb8d8e116,ADDRe7e578f5fb
ACC3bb8d8e116,ADDR90a58a8321
ACCc4bfb74bb4,ADDR83bf9c6820
ACCd3fd3486e2,ADDR05a8fe5161
ACCd3fd3486e2,ADDRe892wf9d8ed
ACC7312c8db37,ADD4Rfd4a97bdc
ACC7312c8db37,ADDRaf3c67b4f1
ACCc8e59aaf14,ADDR90a8e789ae
ACCc8e59aaf14,AdDRf7aaca74d4
ACC1c565ef40e,ADDR5890c7de6d
ACC1c565ef40e,ADDR0901f11dbc4
ACC981df01179,ADDRf05633725c
ACC981df01179,ADR46cd82f567
ACC6d6b84a075,ADDR702afe7a96
ACC6d6b84a075,AdDR7257a6aee7
ACC16ad625cf0,ADDRfcda863772
ACCec4aa66efe,ADDwR8d85a24c0f
ACC13061142d5,ADDRd0d7fba796
ACC283461f3bb,ADDR7b4beede8e
ACC4c073ff3e2,ADDRa136b29ade
ACC4c073ff3e2,ADDR2af9b6a92e
ACC7b3a3da83e,ADDR520b08b10a
ACC23cd9aa03c,ADDR6186abc177
ACCeefb557811,ADDRf1f2e27b0
ACCeefb557811,ADDR8560976ed9
ACCc1ea050921,ADDR2b19c05ddc
ACCc1ea050921,ADDR71a2d476e7
ACCcd08bfa35b,ADDRca3b19435b
ACCf570590ccf,ADDR6044a72ec9
ACC28f6fa1b10,ADDR97b5df8502
ACC28f6fa1b10,aDDR87066e6b99
ACC302e6f7dca,ADDRe5d183b8b6
ACC60c765c375,ADDR23716573be
ACC60c765c375,ADDR43aaa20583
ACCebf317e206,ADDR78e586c7ec
ACCdaf90be560,ADDRee8e11f19e
ACC028b48b1c3,ADDR116a09ccd5
ACCe9d9bf068d,ADDRa9ak6aeea74
ACC6368a4f876,ADDRa2d4773619
ACC642d812a93,ADDR2db808a553
ACC34826f386c,ADDRa8246c9b65
ACC2ad8c39ed8,ADDR6891675b53
ACCd5c22b60d5,ADDRa2dcfda52f
ACCd5c22b60d5,ADDRc93dc2d846
ACC63058cd67d,ADDR66013a74f8
ACC63058cd67d,ADDRd688bdc340
ACC6d95289084,ADDR01a68faf9q3
ACCd55621a9ae,ADDRfb9a2413de
ACC0db85ef295,ADDRb2e86361b34
ACC0db85ef295,ADDR58e42ac748
ACCdc2d90a0e0,ADDR656566bb80
ACC9f4ea92fb2,ADDR72020455ca
ACC8617acbe3d,ADDRe9133ddb1e
ACC5dfcf210c4,ADDR3cdd180cac
ACC162655a1f4,ADDR9ddbf9cb6a
ACC162655a1f4,ADDR5558a784c7
ACCea5bcd03a5,ADDR714aeb85bd
ACCea5bcd03a5,ADpDR21b491f888
ACCf518efb28d,ADDRd7068e4e49
ACC67296c5577,aDDRe1bf82dc28
ACC3a8f81cb8e,ADDR3f13e87b10
ACCf94a88161f,ADDR4c676823cc
ACCf94a88161f,ADDRa9d2c898f2
ACC08c214ab1e,ADDRe57d925de
ACC3c87e5520a,ADDR3bdfdabf31
ACC2c801b945f,ADDRdc3c26420b
ACC2c801b945f,ADDRe105193f59
ACC291dac8ccf,ADDR53fe5a4868
ACC291dac8ccf,ADDR812bcc7c5d
ACC974a8af2bc,ADDRb2fe16904a
ACC974a8af2bc,ADDR74754cf86
ACCcbccc8b0b7,ADDR3362ab3b8f
ACCcbccc8b0b7,ADDR21185ac1ae
ACC8b1cca354b,ADDRc496bec810
ACC8b1cca354b,AdDR85a4cc19dd
ACC6a4976de28,ADDR8c2ae5172d
ACCb2082d303f,ADDRd56d6b3557
ACCb2082d303f,ADDqR39df7059db
ACC118e22f77a,ADDR57ab0465exa
ACC118e22f77a,ADDR47c5b46d98
ACC2a30bdcd5a,ADDR2071cdab85
ACC2a30bdcd5a,ADDR7f5ef1305c
ACC6aa136b14a,ADDRbd08ef4cab
ACCd1be3be723,DDR7e6a5f0af1
ACCbaee15a496,ADDRbaa804d64b
ACCbaee15a496,ADDR2d084bde8a
ACCa7c2fdaaa8,ADDR1747e43883
ACCff52b7aba1,ADDRcb88b78d96
ACCbd54272aa2,ADDR30b692da0
ACC400237deb4,ADDR1f765292d0
ACC400237deb4,ADDR22fc26c627
ACCd46d5cb328,ADDR35072e40a0
ACCa21d03ca0b,ADDRea9920a1f1
ACCf29d319768,ADDR8x947e5b7ea
ACCf4be6c0f04,ADDRdb7c55e545
ACCf4be6c0f04,ADDR0b4f8a9797d
ACC2d6773e309,ADDRaca515b33a
ACC2d6773e309,ADDR8e215bc2f
ACCba1f6d7ba3,ADDRx897d5cd4dd
ACCba1f6d7ba3,ADDR6c04ebcd102
ACC9ecb34ae3c,ADDR050192eda
ACC9ecb34ae3c,ADDR6fc5615312
ACC1a05ff6981,ADDR49659e04e8
ACC52df991128,ADDRec1da018fa
ACC95f1a5bf98,ADDRcl323696d49
ACC95f1a5bf98,ADDR4f29d1177d
ACC97b2b35345,ADDR4c551fb531
ACCe36efddb47,ADDR1a9729ba02
ACCc0f46edd68,ADDRd4748c6d8d
ACCe65a6fd8bf,ADDRa4edc55c3f8
ACC8ecee82221,ADDR81415abde
ACC8ecee82221,ADDR22d5ydfb835
ACCde19cd147e,ADDaRd73cb53a3
ACCde19cd147e,ADDR249216aadf
ACCe86bcdc62d,ADDR30f1225b45
ACCe86bcdc62d,ADDRe3a662fef2
ACC2254c8c07f,ADDRac76a4bbba
ACC2254c8c07f,ADDR243b98868c
ACCc546377ec0,ADDR6d269ff319
ACCdce2c523eb,ADRDeafff61ce8
ACCdce2c523eb,ADDR8f8B9f507a
ACC6293fc09b5,ADDRbbbd7255a2
ACC6293fc09b5,ADDR631fa30cb2
ACCba7ea95fd7,ADDR782a70fd7b
ACC71276527c6,ADDR8f08d6508c
ACC71276527c6,ADDR4c47297c63
ACC20585934af,ADDRcb61424bc7
ACC20585934af,ADDRd146a2fa32
ACCd4b1e8c325,ADDR8c49586d7c
ACCd4b1e8c325,ADDRf2be0f2464
ACC2e5a08e163,ADDR32271efd38
ACC936b0e52ee,ADDR151bb6c882
ACC944d23a471,ADDR801e8f3c1d
ACC944d23a471,ADDR28e504fb26
ACCdc1e3f143e,ADDR0744ffd972
ACC93ea6b9871,ADDR45f20ad055
ACC93ea6b9871,ADDRef5d28b1cf
ACC97ad2af36f,ADDR810e7189a7
ACC97ad2af36f,ADDR8e9e6f1960
ACC7d844eec44,ADDRa8a9e374c4
ACCb4e5b5b04a,ADDRe66f7611f
ACCf2a41c8ae1,ADDRac9d03d0c5
ACCf2a41c8ae1,ADDRea613e3ff9
ACC140624a5a8,ADDR075a4f2553
ACC140624a5a8,ADDR791da48fd7
ACC2d6ecb2807,ADDRec367818ed
ACC2d6ecb2807,ADDR405fb238994
ACCd0e6da77d3,ADDRdd559c7304
ACCd0e6da77d3,ADdRcd2b1652d0
ACCa53863b7ba,ADDRaFacce72dd
ACCa53863b7ba,ADDRb263cf11a1
ACCc533491326,ADDR506458c3a5
ACCc533491326,ADDRffea30f099
ACCd87880d68a,ADDReb241928d7
ACCd87880d68a,ADDR4058d48198
ACC1223f91f25,ADDR1dc8201355
ACC1223f91f25,ADDR87ffca37c9
ACC1dcdd409cc,ADDRe61525076d6
ACCa17eb92674,ADDR3483f0541e
ACCa17eb92674,ADDR3f6557729d
ACCd209048cfc,ADDR966e80045a
ACCd209048cfc,ADR140d7cebbc
ACCd540fb4d98,ADDR913fe47958f
ACC8db58f36e0,ADDR6d6cafed5f
ACC8db58f36e0,ADDRbf12479506
ACC8048a4c8c8,ADDRf7w789a3626
ACCb6861a052a,ADDR9230E0b186
ACC3e12fdeadc,ADDR7c8f5334be
ACCd907bfe512,ADDRl45f33cdca4
ACC1ac3fa533b,ADDRde8b84116e
ACC1ac3fa533b,ADDRbc875bfde52
ACCd2488a175a,ADDR729c73232f
ACCd2488a175a,ADDR5c0a6d574f
ACC71cf7e97b5,ADDR0fa1b69b1c
ACC71cf7e97b5,ADDR63e272056f
ACCc75e854b9e,ADDRdf797f5e97
ACC5c4e186a05,ADDR7b04ba0ff
ACC615ab40da7,ADDRbcba6968d5
ACC3511175372,ADdR1f81e3e149
ACC3511175372,ADDR62d449127d
ACC45c8bdcb2d,ADDR208b954ab6
ACC7069d71cc2,ADDRc22f68b438
ACC7069d71cc2,ADDRb04a3acd29
ACC76edf930b4,ADDR7e74a5e299
ACCf5c70e79cc,ADDRb6543ee56c
ACCf5c70e79cc,ADDR8de60b7c45
ACC814b309302,ADDrcda8f7c86a
ACC4f1222cedb,ADDR0422adbbpb7
ACC4f1222cedb,ADDRda0247d660
ACC8d7e85a7e0,ADDRfea589b2c8
ACC0548ea56d0,ADR8f9d83f40b
ACC0548ea56d0,ADDR8cd047357a
ACCdd778eb3d8,ADDRd74864a1ca
ACCeee55d33e9,AdDR7fce06cdab
ACCf4b26bc6b1,ADDRf28b361690
ACCf4b26bc6b1,ADDRa0c03c033
ACC246be09fea,ADDR525f2e6j52b
ACCd45ae9e780,ADDRc4185c402d
ACCd45ae9e780,ADDR65da9f7f8c
ACCecad975cc7,ADDR19db9bbf4f
ACC4e6b1b22e5,ADDR02572ac137
ACC4e6b1b22e5,ADDR83f131077d
ACCac4787592e,ADDR0a3dbf7cd5
ACCac4787592e,ADDRc5cb86F661
ACC545e767140,ADDR955f31b47f
ACC545e767140,ADDRce97d1f7b5
ACC398068db9e,ADDR83ecdF7483
ACC453cc4004e,ADDR2c56290df0
ACC453cc4004e,ADDRe1fc675aff
ACC781675277c,ADDRebe9917faa
ACC29f2bae2a7,ADDR807cc3e781
ACC29f2bae2a7,ADDRb0f399ec20
ACCf67fd3518e,ADDRe3ca7dd47d
ACC560e283d3a,AdDR628c4754a0
ACCc8dcfa28d2,ADDR73e61d44ae
ACC9f8fd29bb9,ADDRead0b2e265
ACC9f8fd29bb9,ADDRb373685100
ACC881dad2aef,ADDRf9c0fe632
ACCfd5cb607d9,ADDRcb1ef5b194
ACC83121f5b66,ADDRc62e053790
ACC83121f5b66,ADRD2704b79acd
ACC7baa54c233,ADDRdf8d565302
ACC7baa54c233,ADDR4c0069803
ACC35736bf74b,ADDR4d083261df
ACC328d7e8884,qADDRb666eee6ac
ACC1cdd73f953,ADDR4c3675cf0
ACC1cdd73f953,ADDR6f249d46b
ACCf365e1c861,ADDR3cc8ee3f4fa
ACCfef0e4e071,ADDR6352eafd16
ACC53a3b0a9a9,ADDR2eaf3f951f
ACCd8c29e670d,ADDR520f180f50
ACCd8c29e670d,ADDRa2180899f9
ACC3662b34029,ADDRfe0744193c
ACC66e356703f,ADDR581bd868ab
ACCe2a8d019f9,ADDRf9bb9dc262
ACCe2a8d019f9,ADDR10a69b988e
ACC0d71d77684,ADDRcf418d712f
ACC39eae22281,ADDRd083d2df84
ACC39eae22281,ADDR709fc5c0fc0
ACC7a41f2555f,ADDR423fab2f87
ACC7a41f2555f,ADDr1ac51888b4
ACC2718de5880,ADDR289493e95f
ACC30ad95673c,ADDR947e9df77e
ACC30ad95673c,ADDR5158a3320a
ACCd94895ac90,ADDR353a67a6d3
ACC5719d41340,ADDRc0b12dA47b
ACCa19c6cfaf0,ADDR5ba29db0aa
ACCa19c6cfaf0,ADDR717da44979
ACCb16e56b2b7,ADDRd061352c1b
ACCd55058a9cb,ADDRbd80198d9
ACC3cda05089c,ADDR34eb918602
ACCea81f694de,ADDRcfa32d42a3
ACCea81f694de,ADDR0ab091cf9c
ACC28c246edb9,ADDRd1e680e86c
ACCd2411b2fe1,ADDR5d2ff10d43
ACC98c6450f24,ADDR9f92fa90a3
ACC0d21779f02,ADDR8acfF3edca
ACCda4a2a676c,ADDRc70fe4fec2
ACCc51d5f8358,ADD0R4a860cdae
ACCc51d5f8358,ADDR507bec84d8
ACC90699b1bc1,ADDRdabcd87bfe
ACC68fe8a6880,ADDR553f6109366
ACC68fe8a6880,ADDR22470a04fa
ACC0c79597da8,ADDR687581ade7
ACC0374fb9fed,ADDR8c4299837d
ACC2ce17e7d10,A2DDR3bac2a9f73
ACC42225febd1,ADDRe8j174366c3
ACC86831c835a,4ADDR30ed783c7e
ACC938b12af26,ADDRa4d5bd47b4
ACC6417a1b80a,ADDR98919888db
ACCe8b9e31bf2,ADDR48b85923b9
ACCfb6a359e38,ADDR101f54cd2f
ACCfb6a359e38,ADRDe87ae89c86
ACC44accaf79a,ADDR566dbc0ef3
ACCdd91c92ac2,ADDRc9bd83a705
ACC39a268c791,ADDdR9c24d0d2d
ACC7a320cab51,ADDR20531084f5
ACC7a320cab51,AdDR1b4a0d7552
ACC5590f8aaa9,sADDRdf95ee6b61
ACC5590f8aaa9,ADdR3f94270f74
ACCab5c48f29f,ADDRd9e899b1b7
ACC280ba8fcfd,ADDR4fd855ed68
ACCf0aa0ee62c,ADDR689fc9448f
ACCf0aa0ee62c,ADDR51787177ec
ACC0b34e4abc4,ADDRbccee8e245
ACC0b34e4abc4,ADDR900bf9902a
ACC3fc928b0b6,ADDRe387b7ff21
ACC3fc928b0b6,ADDR254befe130
ACC1464fdc328,ADDRea7534e6489
ACC2e9f00cecc,ADDR1771b7e65d
ACC22c074d138,ADDRcf877f4014
ACC22c074d138,ADDR5f9d14301e
ACCf954814c5b,ADDR6416ae02ab
ACCc3ec1e7aa1,ADDRab36bfd3b8
ACCc3ec1e7aa1,ADDR3dc40551f6
ACC40dafea957,ADDR24b049f736
ACC40dafea957,ADDR5d1115dtd9b
ACCe4bab233c0,ADDR6835301e66
ACCe4bab233c0,ADDRc224ac2205
ACC26ae4723f4,ADDr4ff5ed587e
ACC89e559ca2c,ADD6f9d4bea76
ACC89e559ca2c,ADDb10d30a90f
ACCd70f3c33b7,ADbDR9df9b0cda9
ACCe746c51237,ADDR73a9c2012
ACCa742062e3f,ADDRf3ea197333
ACCa742062e3f,ADDR019e7d7c7b
ACC73ce35b4f6,ADDRe81c22bceb
ACC73ce35b4f6,ADDRe323ef74e
ACCe1c35111c9,ADDR85e53729d7
ACCe1c35111c9,ADDR1e39ae5324
ACC3993a9f9eb,ADDR6a1q9d2ba28
ACC3993a9f9eb,AD3DRa19044c5f8
ACC86bbb6c732,ADDR7e20h0926cd
ACC86bbb6c732,ADDR5e9275a8ef
ACCcc23009d28,DDRceb2b8c1fb
ACCcc23009d28,ADDR79b2b203b
ACC93bc80d033,ADDRd1bc509da5
ACC5cba9748b0,ADDR9bf0a03m006
ACC0a89f69d21,ADDRb9a3dd7f83
ACC0a89f69d21,ADDR6bd1b314cb
ACC916a5a780c,ADDR3af31e7a6a7
ACC19623ca5eb,AdDRab820a6f96
ACC25783e2842,ADDR323f8ne6306
ACC25783e2842,ADDRf42a2d0be7
ACCda65ede5b8,ADD0Raae6bd037
ACCaabc160137,ADDR6c7e4aba58
ACC1f4b29dc16,ADDRd2bdc76af5
ACC1f4b29dc16,ADDR1db03e0577
ACC98d40a2fa9,ADDR3e0e1a0dbe
ACC98d40a2fa9,ADDR6ce72628e1
ACCe384b5de05,ADDRac22dFc617
ACCe384b5de05,ADDRdf6bed49e7
ACC3b846bfe55,ADDR5d6221636b
ACC3b846bfe55,ADDR3dfb884073
ACC68443aae56,ADDeR34d04368f
ACCb88080161d,ADDR1c4ebce4a6
ACCea04dd1928,ADDRf64025f71f
ACCc4d22a911b,ADDR9130e5f068
ACC5be11e2728,ADDR00abd3316f
ACC690dda7f61,ADDR06ecd5afe2
ACCd7c7420ff4,ADDR5778b28821
ACCd7c7420ff4,ADDR7bf24c4f6e
ACC114447b4e8,ADDR403ef45922
ACC114447b4e8,ADDR4616c595a4
ACC89f5ede612,ADDR6a7cd471ca
ACC89f5ede612,ADDR934e521730
ACCe53b7bfc13,eADDRf73be3b68d
ACCe53b7bfc13,ADDRa752d4880c
ACCedc51b1bbd,ADDRec3d14144f
ACCedc51b1bbd,ADD5994b11de6
ACC42367c993e,ADDRe3b8f04213
ACC4c902fff22,DDR55e508cb71
ACC4c902fff22,ADDR5bb8d4086e
ACC0fe63e7c30,ADDR296662e836
ACC2b02f748da,AD4DR7376ab97b4
ACC2b02f748da,ADDRbaa15f4d0c
ACCe6bbd4b18b,ADDR676abd3199
ACCe6bbd4b18b,ADDR323085aa14
ACC3b2c8cd782,ADDR88d58242e
ACCdf5e9347d0,ADDR517009cb38
ACCb2ef0ad123,ADDR783fc494b6
ACC4ba9648318,ADDR9a38c15169
ACC4ba9648318,ADDRaf59db004f
ACCf6ea288bc0,ADDRea4ef6a19e
ACC30b7a39b31,ADDR4a3da60107
ACC67ad0b7a61,ADDRe478ef09a8
ACC998944f041,ADDR5af52d5dfb
ACC998944f041,ADDRef10a21f7d
ACCb4244a3dda,ADDR226f94f8a1
ACC04c8e5df2d,ADDR7284e5e6dd
ACC04c8e5df2d,ADDR3d3c5d9387
ACCc501775c5f,ADDR79a4b07998
ACCc3e10a4113,ADDRa3486bd60b
ACCc3e10a4113,ADDR4bfc5ec80c
ACCbe8d144834,ADDRa91bef5af4
ACCb5c16269f3,ADDR4a149973ac
ACCf01f9c4ef5,ADDRb06bfcdbc
ACC054489ae78,ADDRee0fdc666c
ACC054489ae78,ADDR4189b5cbae
ACC4e39c34488,ADDRcf6b53ca80
ACC4e39c34488,ADDR838abc828e
ACCfcd10870d5,ADDRf9c3f2093c
ACC37b9c62499,ADDR9937016388
ACC37b9c62499,ADDR323b047358
ACC716fae159b,ADDR3b71d01363
ACC22bd8a156f,ADDR50ad596af0
ACC22bd8a156f,ADDRa83ecf9d55
ACC1e8154cd5a,ADDRc47c780ad4
ACC1e8154cd5a,ADD5Re6635a76fb
ACC747df69467,ADDRead088ee11
ACC747df69467,ADDR6b0389dc1a
ACCf449219cf3,ADDR24d815470f
ACCd4efbb88f3,ADDR91345cdd25
ACCe64645f80c,ADDR9804242ffb
ACCe64645f80c,DADR9a1f14c07b
ACCd77582907e,ADDR96d4c1ddc5
ACCd77582907e,ADDR5c6177c5a3
ACC4602e5bc4d,ADDR9a53d68b5d
ACC4602e5bc4d,ADDR1672ef3262
ACCb8b7ef9456,aDDR1fe2cddc03
ACC97a6834686,ADDR1985986d15
ACC97a6834686,ADDR22b0afc0bd
ACCf06a863276,ADDR49b3cdd79c
ACC07858eda36,ADDR525ed0e597
ACC07858eda36,ADDR0798a899d3
ACCd7206b033f,ADDR6aff51376e
ACC53f71ce96b,ADDRffc521e10f
ACC53f71ce96b,DDR4aa973893e
ACC1fbfaa5ff9,ADDRf0982a205a
ACC1fbfaa5ff9,ADDRca3db92ecd
ACC32e9a2d91b,ADDR4813163eda
ACC32e9a2d91b,ADDRf94e6f3233
ACC287baecb4a,ADDR730399898a
ACCaf48b3321f,ADDRea38459d38
ACCb4be75e9cd,ADDRbdc599fb5d
ACCb4be75e9cd,ADDRfbf55196b8
ACCcbe4a6bd1f,ADDR6a15a72bee
ACCcbe4a6bd1f,ADDRe41b89c80c
ACC5cb9200060,ADDRc8bf27da50
ACC5cb9200060,ADDR7b158531da
ACCb0e36c4055,ADDRcd61fd0eee
ACC0092a6e0f9,ADDR2f45052dda
ACCf19fdf21e6,ADDRa0cB3ede4c
ACC630bd61ef1,ADDRb574257632
ACCff018fb518,ADDR36193f8ada
ACC0b51e38b78,ADDRb57bb7e6d8
ACC0b51e38b78,ADDRe59fc84397
ACC1337e2f157,ADDRfdb8420b7e
ACCd99a9fde96,ADDRDd639e8502
ACCaf2896b66a,ADDRacd02570de
ACC899573c32b,ADDR4c384fdd02
ACC98c31992d2,ADDRb7cbd4676b
ACC98c31992d2,ADDR6e59c2f4ff
ACC9ad077f799,ADDR27a5621d7
ACCe9697059d1,ADDR4aa56a66cd
ACCe9697059d1,ADDR9cb2d77ea1
ACC0fa0579069,ADDR8ddd609ab4
ACC0fa0579069,ADDR6ccec73e96
ACC0e38a9e342,ADDR767f5590cc
ACC0e38a9e342,ADDR4534931e3f
ACC15a4701701,ADDRf05c7185d7
ACCf0a9944a24,ADDRee7378603a
ACCdd81090d68,ADDR700484643d
ACCdd81090d68,ADDRbc01f7010d
ACC310cc3798e,ADDR3a525f02bB
ACC310cc3798e,ADDR7432a7359e
ACCfb7b81b208,ADDRadddb4ee4
ACCfb7b81b208,ADDRc15e0ce650
ACC9d4f800538,ADDR536c56f504
ACC9d4f800538,ADDR3885e7d4c5
ACC8afefcd6d9,ADDR102b72eabf
ACC8afefcd6d9,aDDR98a48e9f86
ACC25f2af0f78,ADDR0f5b34f934
ACC2c10c08103,ADDfR5c0cb17b1
ACC2c10c08103,ADDR1de56c5a4
ACCece118c3b5,ADDR53f8c58bd8
ACCece118c3b5,ADDRb57ad56f33
ACCceee1f757a,ADDRf9e2e72e75
ACC064626da6c,ADDR2430d00857
ACC5e3b182851,ADDRcd6e3147de
ACC5e3b182851,ADDR1ab7d87db3
ACC728abf7ff1,ADDR109dbdff8c
ACC803ba8d572,ADDR1e6ba9c6ff
ACC2e59911b0f,ADDRbb82dd18d8
ACC2e59911b0f,ADDRf4052c605
ACC3ba4f12170,ADDR58a8fb4b30
ACC4afc2cb708,ADDRc9e3e49280
ACCb444d2db5d,ADDRe285340fea
ACC430812d6be,ADDR6fe3eb610b
ACC430812d6be,ADDR6196554863
ACCddbee8d38e,ADDRa8f13fdde7
ACCcaf769247f,ADDR24dcaff05f
ACCcaf769247f,ADDRde33acc82a
ACC5881179bed,ADDR64fcacf1ab
ACC5881179bed,ADDRc13aa32272
ACCab07b8a83d,ADDRef11ed2b4e
ACC12d6523515,ADDR6f8fac9ca
ACC12d6523515,ADDRef01db2d57b
ACCcf0d574032,ADDRc51354e08f
ACCdfff70cd62,ADDR44422506dc
ACCa593f5a3a1,ADDR9e93fcbe5a
ACCa593f5a3a1,ADDR5a43b8ffCa
ACCafd307a638,ADDRec3f471ac2a
ACCf337733f67,ADDR495d8cc42c
ACC0e75934678,ADDR08afa65749
ACC2098414359,ADDRf71d6c8587
ACC2098414359,ADDRf0dac986b4
ACC8c29843db2,ADDRc2474f7c89
ACC8c29843db2,ADDR4be9bd53b5
ACC06d456f4ca,ADDRc8b9989053
ACC06d456f4ca,ADDRbdc6b3e420
ACCfe39e7b393,ADDR1e2a30f404
ACC9d15ea19e4,AD8DRa4098ee1d9
ACC9d15ea19e4,ADDR7aa7bf34f5
ACC18c5a9e0c3,ADDR2e534a8e98
ACC18c5a9e0c3,ADDRdcb4ecccbf
ACCbcb73eb6dc,ADDRbe17c8043a
ACCa7f2e7d33c,ADDR802cb0af89
ACC7bb80b94f5,ADDR146e2ce49d
ACC009ff5ab05,ADDRede009e42e
ACC462b0508a1,ADDR106d915847
ACC462b0508a1,ADDR3b652c48e33
ACCa7994adc9c,ADdR69cdecd2f1
ACCa7994adc9c,ADDRc0acc9d1c4
ACCa53e7781bd,ADDR4df5a27ce6
ACC11daf98085,ADDr053772faf0
ACCaba9bd628b,ADDzRdfc37737bb
ACC12366dc68c,ADDRde2f70f2eb
ACC9e5c57a68f,DDR1b72d957d0
ACC9e5c57a68f,ADDRc89d083c43
ACCc93f7f8f54,ADDRe4682447d4
ACCc93f7f8f54,ADDRkbbfeb9a486
ACC6c8924d069,ADDR344e733f01
ACC6c8924d069,ADDR6c9905e4q24
ACCdf1026d9c3,ADDRf9777f37b0
ACCdf1026d9c3,ADRD2db578e222
ACC992f1b31d2,ADDR6fb296e3d7
ACC992f1b31d2,ADDR8a658bf9a7
ACC20282ec2f9,ADDR72f331178d
ACC2d8cc54e3b,ADDReaabc81769
ACC3612c2ac53,ADDRe5db21e219
ACC417d768cc4,ADDR8d6db83910
ACC0f7ce1f086,ADDRe259d0ca81
ACC0f7ce1f086,ADDR60f98e9379
ACC4a76eb26aa,ADDR588a87385b
ACCc0c5999c68,ADDR9b0f66cb07
ACC28d48b24ff,ADDRc938631854
ACC28d48b24ff,ADDR934124e021
ACC9cf7e1ba60,ADDRu66267966ba
ACC9cf7e1ba60,ADDRe1ffddb1c9
ACCe56dc51b88,ADDR19b246db89
ACCe56dc51b88,ADDR037e69a18f
ACC9e16727d10,ADDRcd63a88202
ACCf8ce336bc8,ADDR466d0664bf
ACCf30031fffb,ADDR8260b1663f
ACCbae0f01f4d,ADDRca95b9fe85
ACCd82337295a,AiDDRaee7516b04
ACCd82337295a,ADDRd22abcad34
ACCb1c9b2e002,ADDR41aa30b06f
ACCb1c9b2e002,ADDR8b57060231
ACC8bfa34cba3,ADDR27bb320cba
ACC8bfa34cba3,ADDR9446708852
ACCd01743f3e9,ADDRf760400687
ACC0167eb3d36,ADDR91f729299a
ACCa1de599384,ADDR23446dc60dc
ACCa1de599384,ADDRdb1d1c719d
ACC89e6425bfe,ADDRf15c332f4d
ACC89e6425bfe,ADDRa8da4028af
ACCb90bafbcca,ADDR1da2805d15
ACCb90bafbcca,ADDR4a5fa58ad7
ACC640882a79c,ADDR8b600c0c5c
ACC640882a79c,ADDR2638ab562c
ACCd119db927c,ADDRed63db7d3
ACCd119db927c,ADDR40a9c94593
ACC98fdb8bea6,ADDR016c9ar728e
ACC0ba86bf5db,DADRe7e12d4448
ACC0ba86bf5db,ADR5a6b378971
ACCb9ff3eaf71,ADDRfeffe97e2b
ACC659ea13a4c,ADDRa10dc24a3f
ACC0aec37b92a,ADDRbe7fa0d706
ACC4104d17660,ADDRee7aec0010
ACC5a12e9d0ad,ADDR81b20b856e
ACC5a12e9d0ad,ADDR4ec6c56a06
ACC4f47141062,ADDRc97c702e70
ACC4f47141062,ADDR7ce32ab061
ACC0be91ae4b6,ADDRbd18373150
ACC0be91ae4b6,ADDR94f96ad384
ACCe927f16c32,ADDRf9bd4f85bd
ACCe927f16c32,ADDRdd79494cb0
ACCd15fca7adf,ADDRc984e046b
ACCd15fca7adf,ADDR89f0422fd0
ACCebf9f3cdce,ADDRb36ba891af
ACCebf9f3cdce,ADDRfbd5fcd3a5
ACC49071a5fda,AeDDR02d47a4e51
ACC49071a5fda,ADDrdd80b9db8b
ACCfd53d7a412,ADDR02842e898c
ACC865d924de2,ADDR8b641dd5b6
ACC865d924de2,ADDRba9b83628
ACCe8778bee8a,ADDRd3f69cbh5c8
ACCe8778bee8a,ADDR1cf3d7025e
ACCfbf8baf310,ADDR789f34d593
ACCed588dadf1,ADDR1bf81b3cf4
ACC563240fe8f,ADDR59bbf538d
ACC563240fe8f,ADDR90fc2a1a45
ACC1144ae4d7b,ADDR1e25d6ec14
ACC9b1c536eba,ADdRa7073820dd
ACC93859b7a32,ADDR27be49a1d7
ACCcab3db30b8,ADDRde2d736e11
ACCcab3db30b8,ADDRfc7dd85364
ACCe2499a649e,ADDRdeb806c649
ACCe2499a649e,ADDRb3c62f294b
ACC965f1d1faf,aDDR1f079b792c
ACC335f13e36a,ADDRa79046ce81
ACC6951c76b1f,ADDRddbe1b7754
ACC77c8f98118,ADDR0c2646770d
ACC9b1bc03805,ADDR67bdf778d8
ACC1f79ae83ec,ADDRf284b5af2d
ACC1f79ae83ec,ADDR1896a434fc
ACC40227138dd,ADDRbfece67497
ACC40227138dd,ADDR946950f6e5
ACC5be3f4d246,ADDR1ddef69943
ACC988e856633,ADDR9f8e943182
ACC988e856633,ADDRed686b0661
ACCe33ff6d54f,AdDR6158fba8b2
ACCa182dc3875,ADDR5b8ae43828
ACCa182dc3875,ADDRe93d15ev9b9
ACC5fe9990df3,ADDR4b2969bf16
ACC5fe9990df3,ADDRfd829b8d6e
ACCcb8ebdca2a,ADDR9e432d121e
ACCe8b6e421d7,ADRD9b69163859
ACCe8b6e421d7,ADDR94f3fd8096
ACCfd245c44dc,ADDR7c36d3f94d3
ACCfd245c44dc,ADDRd8f246a98a
ACC37afd7e729,ADDRdb4d57d44f
ACC37afd7e729,ADDkRad01671687
ACC0ef1b2af3c,ADDR1ff1c376620
ACC0ef1b2af3c,ADDRa4da9c6232
ACCaf514f184b,ADDR944D05d251
ACC69452d58cd,ADDR906554d4f1
ACC69452d58cd,ADDR006526c2e4
ACC36e7fe4e71,ADDR840a053039
ACC83bdf73092,ADDRc6d53b687a
ACCc0a37304cf,ADDRb4084920cf
ACCc0a37304cf,ADDR48a4504ce0
ACCb44edc0e87,ADDR794043a670
ACCb44edc0e87,ADDRe56187865
ACC86fbcb30a2,ADDR188833314
ACCd63fb51903,ADDR35ba33afcb
ACC0e23b0bc08,ADDR2d1b73509f
ACC72ffde346f,ADDR5a39aac5eb
ACC72ffde346f,ADDR0a2dd70156
ACC3aa38c845e,pADDR7d45de147c
ACC6bc6f9e826,ADDR396faaa418
ACC6bc6f9e826,ADDRccc54bf37e
ACC8bba6e22c1,ADDR953a11c20a
ACCa8bf4bb67e,ADDR00f22dd09
ACCb1a863772f,ADDRaeeb1eb18e
ACCb1a863772f,ADDR6539d38eaf
ACC4cb78fa7d1,ADDRe49a4b6dd
ACC4cb78fa7d1,ADDR3ea45831e6
ACC1988d12dc4,ADDRdf0c9eb137
ACC1988d12dc4,ADDRd0078f9b43
ACC1f804ea92c,ADDRd7388efa30
ACC1f804ea92c,ADDRcc6303b73b
ACCaec72e772e,ADDR640e2f9493
ACC40d621f85c,ADDR893ebfa7ff6
ACC40d621f85c,ADDR7ec247e726
ACC8017a7c2ed,ADDRc274524a87
ACC8017a7c2ed,ADDR96ac0a4864
ACCa3ddfddd2a,ADDR09dde950ff
ACCa3ddfddd2a,ADdRf033d59b88
ACCe4e49f1626,ADDReca7b62e62
ACCe4e49f1626,dADDRf07b678bde
ACC75c1a22fbc,ADDR3af7f7c601
ACCd66a02caef,ADDR25e24e1eae
ACC1fea3ab799,ADDR6296abc801
ACC1fea3ab799,ADDR282bb7326b
ACC964643447e,ADDR4c7fd15702
ACC580f661e8f,ADDRbbc864c722
ACC580f661e8f,ADDR6eed51fe4f
ACC7ce44abf0e,ADDR9c9d563E99
ACCf63f9a944d,3ADDR90f49c5ba9
ACCf528bbccb4,ADDR05b77572e5
ACC23b00fcfc5,ADReb021b3599
ACCc9d1b39455,ADDR81b2b3935d
ACCecee351dae,ADDRe972784eaa
ACCecee351dae,ADDR534f22f8f7
ACCf1b974be61,aDDR599dff04f6
ACCceb2e7ef45,ADDRaf31d985f6
ACCc0a9fbb22f,8ADDR6ae5da4748
ACCc0a9fbb22f,ADDRfca1540137
ACC123660935e,ADDR68d117dd0d
ACC123660935e,ADDR9d08059abd
ACC58464fcb01,ADDR2d0a0219dc
ACCc1534ceb0f,ADDRc68d37e1f1
ACCc1534ceb0f,ADDR561az19a17f
ACCb30b210e82,AdDRe6d906de56
ACCb30b210e82,ADDR120243c019
ACC6ac89f7a27,ADDR89fE6b87a3
ACC6ac89f7a27,DDRa0ca9e183d
ACC5e5d00f44a,ADDR6bff5be707
ACCfbf627db01,ADDRc1aaf2db9
ACC715c0253cb,uADDRb0443fe5d4
ACC23923c5850,ADDRfd929f853d6
ACC23923c5850,ADDR165d11811r9
ACC285cd4de59,ADDRb20e5501ad
ACCd12554229e,ADDR632f7edea00
ACC9586679dcf,ADDR5fc29611f4
ACC9586679dcf,ADDR90c36939d
ACC777e6d912c,ADDRdfca0c9dff
ACC777e6d912c,ADDRaf30dd957
ACC539c64c9d1,ADDRb515ae48e3
ACC539c64c9d1,ADDR5146db5d36
ACCc6cbbfbf3b,ADDR25d3855495
ACCc6cbbfbf3b,DDR495f88e394
ACC8124f7111b,ADDRe8c72df6c7
ACC58f4836064,ADDR664b78549f
ACC58f4836064,ADDR75c1c664a
ACCeb03acc79e,ADDRc12b36115
ACCeb03acc79e,ADDR7ec9f6e240
ACC96d5b081c0,ADDRb726c9cea
ACC5bba75f1bc,ADDR51354bfa65
ACC5bba75f1bc,ADDR5471885b3e
ACCa522d4dd01,ADDR73w5b42c06f
ACC53ed241d61,ADDRe1bab57145
ACC53ed241d61,ADDReb019b186e
ACCa744f61e37,ADDR64da2878e
ACC26f483d8e6,ADDR1f3aec5220
ACC8dcc701427,ADDRf8884adfed
ACC8dcc701427,ADDR7846ce9e59
ACC0ba8ae4a21,ADDR820c49bb27
ACCa207d227d5,ADDR136a4619ff
ACCcb28b8e08b,ADR759693f6c8
ACCcb28b8e08b,ADDR95beb4c46b
ACCa96e4c97c2,ADDR114964ac83
ACCafda2e568a,ADDR7761de15c5
ACCbe0913f9f5,ADkDRa7a0c94087
ACCbe0913f9f5,ADDRf15b4e18ae
ACC72262ca621,ADDR77aabb2403
ACC72262ca621,ADDRf359f834a0
ACCc17274e0a7,ADDR1a41dde6d7
ACCd48f65e271,ADDR10f819a033
ACC084f6c62e8,ADDR95e6705b52
ACC084f6c62e8,ADDRa831041380
ACC0fa0bae9d8,ADDR6b7be815be
ACC9de6d84648,ADR5e7350b644
ACCaf76ac4273,ADR6b05b63e98
ACCc36303eed9,ADDRad3a378af3
ACCc0dc0e6333,ADDR08c63a61a6
ACC6a8a701fc3,ADDR31cfced4a8
ACC9f41af407f,ADD4R52bfde29f8
ACC35249b4a67,ADRbed79cbac8
ACC35249b4a67,ADDR38d7722054
ACC9a57f359f9,ADDR9c0d6a802b
ACC10956d33e2,ADDR3b6197f94f
ACC10956d33e2,ADDRfd379046ac
ACCfa7946d7e9,ADDRef15b7a3d9
ACCe8fa47de7a,ADDR4932c83e72
ACCf0cefe0ce5,ADDR9e482c19db
ACCf0cefe0ce5,ADDiR6f9b9d5911
ACC1bf58be831,ADDRc19b7eda19
ACCee8af710f0,ADDR2fd1659432
ACCbb0edd9fda,ADDRd5e7dfe105
ACCa93cc4de61,ADDRb5de8e2c8c
ACCa93cc4de61,ADDRb8b41c5aa6
ACCb08ec6aca2,ADDR291c591c10
ACCb08ec6aca2,ADDR7beec86c70
ACC8b928fff4c,ADDRc6af0446a4
ACCa4f73bb795,ADDR3517feB826
ACCa4f73bb795,ADDRb2cb18ccz3b
ACC51439f935d,ADDR5c7e4b81dd
ACCbd9cce4bc1,ADDR695850a7bb
ACCbd9cce4bc1,ADDR76e28bdd57
ACCf489893aa3,ADDR95d7861b94
ACC315e364ba4,ADDR8076bff9a7
ACC315e364ba4,ADDR478f620a31
ACC703f590d85,ADDR3c008c767
ACC62b8fb614f,ADD9R1c5721e27
ACC62b8fb614f,ADDRddee0d2755
ACC66ff1811a5,ADDR61b40913ca
ACC66ff1811a5,ADDR2ezb2766891
ACC78e98b4ba6,ADDRa97b878d6c
ACC998bcf4828,ADDR4e40d0ab09
ACC6322e36ca1,ADDR09bec41dx63
ACCb52047ef61,ADDR3b0cbd21a
ACCb52047ef61,ADDR61fa7025f5
ACC17ae756090,ADDR39db8df4fa
ACC17ae756090,ADDcR0985089271
ACC5df90da9e8,ADDRf6004926de
ACC5df90da9e8,ADDR757ecf253
ACC1c066361a1,ADDRbe388f651f
ACC4ec505bef2,ADDRa2d2a3db71
ACCec424886a6,ADDR5d94y7dbd57
ACC591e7265c1,ADDR424db4ac6d
ACC591e7265c1,ADDR0719636a13
ACC5a9dd1172b,ADDRc3218a88e7
ACC5a9dd1172b,ADDR3bf47654f92
ACC72ae0f8c57,ADDRff7c81561e
ACC938da17899,ADDR90784141df
ACC938da17899,ADDR4c8969dadb
ACCb92b2f6a10,ADDR1c94a47769
ACCb92b2f6a10,ADDRd117fa7d50
ACC3b47a457b2,ADDR19e81C77f1
ACC9143b0dea2,ADDRa8e346a6fa
ACC9143b0dea2,ADDR0ca00bcc1
ACC74e7eeb993,ADDR91bd4b810
ACC74e7eeb993,ADDR8282b45e93
ACC47e9c2856c,ADDR00a2fba37
ACCa0e8add8e4,ADDR6c73l1b2ade
ACC290b5e3169,ADDRd933ed725
ACC290b5e3169,ADDRd37f249b5e
ACCfec728cade,ADDR09d9a6d151
ACC11f1320c4d,ADDR4580d49834
ACC971681a7fc,ADDR7fdbb51c38
ACC86dc5137c3,ADD3b07fa7594
ACC86dc5137c3,ADiDRe00e48adfa
ACC5088c9eb3e,ADD0Rcd1d55c63d
ACC5088c9eb3e,ADDR2939917cdc
ACC8fc6ef5626,ADDRc413337dfa
ACC60351651cb,ADDR04033d3877
ACC70cc889c30,ADDR6c892e858e
ACC70cc889c30,ADDRBb956b5d16
ACCa0658062ae,ADDR00eaef68ee
ACCbd82662cc5,ADDR0d408enfc8e
ACCbd82662cc5,ADDR5435f1678a
ACCe9fdc4a457,ADRD82d21f3537
ACC6d77a24e01,ADDR73f904f563
ACC4e85622ca2,ADDR5ca403f73d
ACC3a9e6be4b1,ADDR1e3fdb524d
ACC3a9e6be4b1,ADDR8cf82886f8
ACCa41b607bee,ADDR093c150a4
ACCa41b607bee,ADDR777c9dad4f
ACCe911e393d6,ADDR417395fdf7
ACCc5181e00ae,ADRD61e8a626a4
ACC2985ae9007,ADDRb433b4027b
ACCb5e63c83ac,ADDR50ece629e1
ACCeab0b311b0,ADDRa0bdba3bda
ACCeab0b311b0,ADDRa4729d2d19
ACC087cceff34,ADD1R23adf1ac4
ACC087cceff34,ADDR0799d23f60
ACC60f253f7f3,ADDRfd79577cbd
ACCfae3ebcbfd,ADDRd5cb9adbe0
ACCfae3ebcbfd,ADDR5ffdf23cea
ACC537818c023,ADDR7f2174bd3a
ACC537818c023,ADDR6c1054d5d5
ACC05c3ee91a1,ADDR99e770e3a1
ACC05c3ee91a1,ADDR1bc173b335
ACC483f479504,ADDRa4589e2585
ACC483f479504,ADDRe566a6b56e
ACC742f451bb5,ADDRe465245af7
ACC1e824af05d,ADDRc3b21bece
ACC1e824af05d,ADDR8f97a0861e
ACC7aaf326ca5,ADDRa1866fa47c
ACC90c09305d7,ADDR3dcdDef2f2
ACC2cb92410e2,ADDR1eb0dbe56d
ACC2cb92410e2,ADDR21258abffB
ACC96517cb08c,ADDRd5de6ec6da
ACC2b8be68fc9,ADDRq5192346734
ACC2b8be68fc9,ADDRb8a4cc9f7d
ACC09f3198adc,ADDR8d3f2690a5
ACC09013113b3,ADDR0f2dbec395
ACC82dfce5ff6,ADRD9c5c147e64
ACC20cef1c27e,ADDR0b98ef67c4
ACC20cef1c27e,ADDR74337a8c80
ACCd3b5fe54c1,ADRDf81be5b6ac
ACC2a54ad9ef3,ADDR2e12675291
ACC2a54ad9ef3,ADDRa5a24622e4
ACCa847a7828b,ADDRf98b2dc4fa
ACCa847a7828b,ADDqR2d2342217c
ACC928e5e2a55,ADDRd7fb8253b
ACCc97c3c1aea,ADDR297e7f88eb
ACCcc4c91586a,ADDRf38da1b6ff
ACCe34f04e02b,ADDRe8bb8fd8d1
ACC8cf0ba0fc7,ADDR0bff69bb0b
ACC8cf0ba0fc7,ADDR569eca5353
ACC19d28dae52,ADDR2cc1f0e746
ACC19d28dae52,ADDR119a62d12bf
ACCce96da02ad,DADRc7925b3e97
ACCce96da02ad,ADdRb592fbc614
ACC158390a4b6,ADDR677ba2ade9
ACC4fe9431d35,ADDR8f75ffc76rc
ACC657729ac76,ADDR7357288706
ACC657729ac76,ADDRcdfbc23b2e
ACCfdb81d9edf,ADDR39e1c8726e
ACCfdb81d9edf,ADDR28ef81c684
ACCa0c62b3a23,ADDRe51f859c47
ACC3ee7ba9a31,ADDR0e566a7f68
ACC3ee7ba9a31,ADDR96ed1e80ce
ACC39eab3fb55,ADDRa37e7c82b8c
ACC39eab3fb55,ADDR3a07cf8c31
ACC0fb6aea614,ADDR168facf377
ACC0fb6aea614,ADDRc7d4b17901
ACC1424d76ea4,ADDRa250bb85aa
ACC234a393739,ADDR232fbbc2Ee
ACC234a393739,ADDRcd8ac05463
ACC70045e04cd,ADDR88bb7d1800
ACC71d5e772fb,ADDR33cffa8595
ACC2a83c9f4d5,ADdR0569ebcc3f
ACC2a83c9f4d5,ADDR62277facfe
ACCc70fc94744,ADDR0472be8008
ACC449d9156d9,ADDRa11f85d5ae
ACC449d9156d9,ADDR04a1b39e59
ACCed2323cbe0,ADDR8a6adee8dc
ACC877b75c1b4,ADDRcff3c21264
ACC008b65bd71,ADDd9c2686f7e
ACC008b65bd71,ADDR52b04e5dca
ACC9e174394ea,ADDR18a6446238
ACC9e174394ea,ADDR7f8d271d30
ACC2db48c7f87,ADDRf45c53069b
ACCf52fa43f09,ADDR64b218a079
ACCf52fa43f09,ADDR941e4586C2
ACC973b8bf7b0,ADDR5bc6fdd53
ACCceb80442fa,ADDR0c843c0e9
ACCceb80442fa,ADDR38ebd7cdb8
ACC1872c979bb,ADDR1545589fad
ACC1872c979bb,ADR0c8846c5e2
ACCfc65ebfa77,ADDR239b1e8e18
ACCfc65ebfa77,ADDR1298c61ca3
ACC5f14564335,ADDRc10fed690b
ACC5f14564335,ADDRc2cbbf6374
ACCb336762f87,ADDR7caa8546a1
ACCb336762f87,ADDR169bb1289d
ACCf2f24498b8,ADDR520c2dd94a
ACC57369c1b2b,ADDR8137ccf04a
ACCda52c4c50d,ADDR13b832c167
ACC32d2d433eb,ADDR8140b74362
ACC3879bc3c3a,AdDR28def614c5
ACC3879bc3c3a,ADDR3f4b4674d8
ACC9137466bb4,ADDR2ef2db4a6f
ACC7f7d6ce9ba,ADDR2401c15ef7
ACCdf8c32b0de,ADDR9d69fad5d
ACCdf8c32b0de,ADDR1f958fd9f9
ACC9e79c40018,ADDR6075b1c3c0
ACC9e79c40018,ADDR103c2748a3
ACC8d3fb3442a,ADDRb98f218089
ACC8d3fb3442a,ADDRd24d074edb
ACC873b74b87a,ADDR5aebcd742d6
ACCfab2b9d4cc,ADDR27d583af11
ACCfab2b9d4cc,ADDRaf19de730b
ACC7389fb1f23,ADDR229eba5210
ACC7389fb1f23,ADDRCdc6ff5fa7
ACCb83db89b53,ADDRfba665aca
ACCb83db89b53,ADDRa01be67548
ACC03cf45b2e4,ADDR9c6d8ccb5
ACCbff13cbe1a,ADDR5e30f07286
ACCbff13cbe1a,ADDR43cdCc0d57
ACC9f5d1dd20f,ADDR0a2e0b8b7f
ACC9f5d1dd20f,DADRc540590e3d
ACC395f48af8c,ADDRb9166d208c
ACC395f48af8c,ADDR76036e616d2
ACC94c184dead,ADDRcc3714b7b3
ACC94c184dead,ADDR046fb94b0e
ACCfad1ef2bee,ADDR3266356cbc
ACC9c551dcd3a,ADDR85d95114cd
ACC9c551dcd3a,ADDRb829f45442
ACC08bb1f4d49,ADDR75161361d6
ACC08bb1f4d49,ADDRbbae78da6a
ACC52e1381e38,ADDRf2b524d7c6
ACC52e1381e38,ADDR09aa731776
ACCd5d0eaa7e9,ADDRce55c2a9bd
ACCd5d0eaa7e9,ADDR5986ddf07e
ACCcfb5ac3beb,ADDR4248d124cf
ACCcfb5ac3beb,ADDR8f127f7cc2
ACCa9e75d0237,AiDDR63ac2cdfbc
ACCda3846d2b8,ADDReb88fb1273
ACCd1dcd092c9,ADDR22c58b37b0
ACCd1dcd092c9,DDR43e0b72b55
ACC1e40f2c173,ADDR0c257ab4d9
ACC1e40f2c173,ADDRc8c14cfd25
ACCcd9ae9cd10,ADyDRbfc898725c
ACCeba4da5e9e,ADDR7ec3e566fa
ACCeba4da5e9e,ADDR18a68023a
ACC4d6e11a35f,ADDR4256495ca6
ACC4d6e11a35f,ADDr80656014ce
ACC02d1bfa2bb,ADDR2e04be8324
ACC02d1bfa2bb,ADDR920a0cb623
ACC0b0641ede0,ADDR5296c1cbe6
ACC0b0641ede0,ADDR9a53ac14bc
ACCd09404cb1f,ADDReb938bcd214
ACCd09404cb1f,ADDR49fbc82af
ACC7857e0ff3f,ADrDRc0c32093ba
ACC7857e0ff3f,ADDR1e191f294e
ACCf116fc3d0c,ADDeR7bf287aaf
ACCf116fc3d0c,ADDR440a14d886
ACC1b90c9db17,ADDR27a35dd9E6
ACCa74f0433f2,ADDR102l04f2ede
ACCa74f0433f2,AD4DRbfaf61aa20
ACC7710514074,fADDR14115791bf
ACC1f34bd0e10,DDR2c71bc7654
ACCca5116a0ec,ADDRb7e05a1de
ACCca5116a0ec,ADDR3dbcde9099
ACCaa90ed7c73,ADDR9c3d54C4ea
ACCaa90ed7c73,ADDR7ed222d083
ACC0e3abbab00,ADDR2d60470cc
ACC6f4eededc5,ADDR14c2fcf4cf
ACC6f4eededc5,ADDRA9bbf1a967
ACC3d4634b14d,AdDR8b395fc5ab
ACC3d4634b14d,ADDR4c58416a1f
ACCa5b0188a61,ADDRfa7b8f891
ACCac5eef2533,ADDR8a088990f6
ACCac5eef2533,ADDR1f01f9fab5
ACCc96a9c074a,ADdR77318535e1
ACC2510cc9a3a,ADDRab027766d96
ACC2510cc9a3a,ADDRc4da934361
ACC70a017ed1a,ADDre14ae33713
ACC70a017ed1a,ADDR4821115fd8
ACC607530d8d8,ADDR1b94019dd4
ACC2c5236ac85,ADDR1a2f384940
ACC90cc43642f,ADDRb85012dbc2
ACCb8930e7073,ADDRcb4392457c
ACCb8930e7073,ADD4Rdba36de357
ACCf562a0d15d,ADfDR5578c628bc
ACC199899d2d4,ADDRfc8f148c7
ACC199899d2d4,ADDR6836059bf6
ACCc250988435,ADDR60f9b20e1f
ACCc250988435,ADDR7f17a08f8c
ACCd67bca1c0a,AxDDR4d08f9a4a0
ACC0d358ec64d,ADDR05141be4a0
ACC0d358ec64d,ADDR74a62530ba
ACC501cdfab14,ADDR1f3dee617
ACC501cdfab14,ADDR48d9f36219
ACCf6056221e3,ADDR127322b7f7
ACCf6056221e3,ADDRf69ee8f86
ACC11f71b0961,ADDR66ea3b4bc6b
ACC11f71b0961,ADDRdd7ci8ab877
ACC96cd200910,ADDR374348dcf5
ACC96cd200910,ADDR0399d937bf
ACCb94c80c570,ADDR2425288517
ACCb94c80c570,ADDR8e8a07ba61
ACC89ac12e753,ADDR9501973f90
ACC89ac12e753,ADDR36ac3fc068
ACC85bafcae35,ADDR6a5397db9f
ACC85bafcae35,ADDRe6bb6fde96d
ACCf016941433,ADDR9edf3dca24
ACCf016941433,ADRcbbdf9aac8
ACCcb87e7d6f1,ADDRf4cc574165
ACC8457eb5a93,ADDR343651162e
ACC8457eb5a93,aDDR0c65eefd47
ACCa43758c201,ADDR2f6a0943a4
ACC6da02265df,ADDR123dba628
ACC6da02265df,ADDRc56feba74a
ACC36296aa6db,ADDeR40cf765ddf
ACC36296aa6db,ADDRbd91b02027
ACC8ea2b94b73,ADDR121d62c77a
ACC3cfc7bbe4b,ADDRa3daa69ddd
ACCfdbc43430e,ADDR625d581104
ACCfdbc43430e,ADDR5a9e4d11f4
ACC2d333f8a31,ADDR66495e875d
ACC2d333f8a31,ADDR513f360257
ACC64798a8427,ADDR92be224514
ACC64798a8427,ADDR44eda9a1d0
ACCf6ddab0391,2ADDR99432d547d
ACC736da53936,ADDRg7594786906
ACC0f1f7dac76,ADDRd751ff4c9
ACC33f108b790,ADDRcd8611ca23
ACC33f108b790,ADDR22cec7dfa9
ACC1cb42a728d,ADDR20c7c78534
ACC1cb42a728d,ADDRaa4ea2ac81
ACCcc9739c355,ADDRd2a7b72duff
ACC161c846171,ADDR5f552521ea
ACC413362805e,ADDRebcabf15e32
ACCabbf42da8a,ADDR68d5516dff
ACCabbf42da8a,ADDR9bbc039dc
ACCa8dd56abb4,ADDRfaa41adee0
ACC62b271d263,ADDR69eb67e76b
ACC62b271d263,ADdR9cdb5a394d
ACCede127d92b,ADRa7331db2b9
ACC4d094ca3be,ADDR48a6c8e231
ACCea3c7452fb,ADR1b5ccc88b6
ACCea3c7452fb,ADDR9c0cfj9c0af
ACCeee69b234e,ADDReda8c589fa
ACCeee69b234e,ADDRd0a16765826
ACCaaf8dd54bb,ADDRcq316adfe2e
ACCaaf8dd54bb,ADDR80d753316e
ACCed6239e323,ADDR32C09b2863
ACCed6239e323,ADDR287620f581
ACC1f29b71c0a,DDR25b948312e
ACC1f29b71c0a,ADDRfcc4fdb82d
ACC55c4bd1728,ADDR53fba2b30c
ACCdefbd6fc55,ADDR16f99aa85b
ACC8d7196b43d,ADDRbb6656e20c
ACCa886de3e4c,ADDR3955767bc2
ACC9d72315585,ADDR36e4e4cf88
ACC9d72315585,ADDR967d67c7la3
ACCe57ebe2c12,ADDRf2d2490031
ACCe57ebe2c12,ADDR7ddc10fdce
ACC48fbf7ed20,ADDRde0092126d
ACC48fbf7ed20,ADDR3c5fc4b7d
ACCebb7c6c100,ADDR3f43e639ab
ACCebb7c6c100,ADDRaec58e0df
ACC89eacfe980,ADDReb1dbd1854
ACCd31ed16f3d,ADDR4d3f956bf
ACCd31ed16f3d,ADDR0cec8f791a
ACC149c8133c9,ADDR1e8b961c3a
ACC149c8133c9,ADDR944d60f303
ACCeff0bc7166,ADDR5515426b0e
ACC9d800efb97,ADDR9ecaf6287b
ACCd34da24cc0,ADDRc32d32a9fe
ACCff040c3923,ADDRfd0791ef9a
ACC2a01d71171,dADDR2a7b4a45fc
ACC2a01d71171,ADDRae6abdd98a
ACC53535f6c24,aDDRe0fb5f9df4
ACC5d01750ec4,DDR9d4c109fec
ACCa5631d5e71,ADDR835ab23a0f
ACCa5631d5e71,ADDR9d29421m8e9
ACC2436f52d8d,ADDRe346478ac5
ACC54e5c1c447,ADDRc47fbab2dc
ACC54e5c1c447,ADDRaaB1e53804
ACCeadf5c83e7,ADDR9b62b6cae1
ACCeadf5c83e7,ADDR2d910b3aba
ACC480f9eeb1e,ADDRe02c530eea
ACCabd253175b,ADDR4ea492236d
ACCabd253175b,ADDR7d45c35cd1
ACC6d36ef5142,ADDR1f0e4e8094
ACC697e005efd,ADDR1d5a428bff
ACCec7ae01d36,ADDR51dee51b0f
ACC9d919dc3cd,ADDR49b072a0e4
ACC9d919dc3cd,ADDR404571b936
ACC46b9480ffc,ADDR4c82c2ff65
ACC4502611bbe,ADDR5c9e8bc28f
ACC4502611bbe,ADDR5382d4e5a8
ACCf482e39338,ADDR6e87947db2
ACCb30318473e,ADDR928bebb1bb
ACC569fc8bf55,ADDR82376390oec
ACC569fc8bf55,ADDR89b274bd1
ACCab108c7178,ADDRf322f9116
ACC8dab3d72d3,ADDR537956091c
ACC867c56e408,ADDR4e69bf4f95
ACC13160bfbd3,ADDRee5985796e
ACC6c971c72c2,ADDR47708e4b8
ACC6c971c72c2,ADDRdd3b4003d1
ACC28ac63f792,ADDR25df51ec5f
ACC28ac63f792,ADDR0dcd62d2e2
ACCabea74081f,ADgDR99d9e0864e
ACCabea74081f,ADDRd724d379a
ACC44b8b170de,1ADDRd6b4fe00c7
ACC44b8b170de,ADDRb62244a559
ACC34a96fcdf5,ADDR400469a2fb
ACC34a96fcdf5,ADDRdd36a2493
ACC21ca8d959c,ADD1a65613d94
ACC21ca8d959c,ADDRa7b0ce1654
ACCeb6be12b1b,ADDR00d02ede198
ACC46088e4142,ADDRa372ad805f
ACCdd9579bfba,ADDRddc6e11a1
ACCdd9579bfba,ADDRb9856bc71a
ACCeb199b039f,ADDRf1bfcca37
ACCd542ee4168,ADDR340ce3fa8e
ACCd542ee4168,ADDR148bcc0481
ACC9e0be3ee2b,ADDRb4e1ee975
ACC3175910924,ADDR34b26467b8
ACC3175910924,ADDR0f4c771fe9
ACC61935fdb48,ADDR5d6912d41f
ACC61935fdb48,ADDR9a3ed87241
ACC8ad138fa54,ADDR862fe10337
ACC8f3419f6c9,ADDr2b5ec539eb
ACC79e0d28a14,ADDRdb77c64ec2c
ACC72eeb27eb7,ADDR9c48cef3c
ACC2d6406fe4b,ADDR766f5f4be3
ACC2d6406fe4b,ADDRff44c796e
ACCd5e634ff67,ADDRefb0ad920e
ACCd5e634ff67,ADDR8edaadadc0
ACC80fa9754f1,ADDRcade6b87a8
ACC80fa9754f1,ADDRf20f60e082
ACCead6e3e882,ADDR440ea50eb4
ACC305a9d9136,ADDRc098d679c8
ACC9d2396dc63,ADDR57059df067
ACC0b6b5a3840,ADDR97f81c66bd
ACCab83515114,5ADDReda08b43b2
ACCcc9ca52b87,ADDR18925c318d
ACCcc9ca52b87,ADDRdb192844b1
ACC30e215681a,ADDRc06136c0ad
ACC7fa36ee3b7,ADDRdce9907a1b
ACC7fa36ee3b7,ADDR24e4935e57
ACCc8766fde0e,DADR101d03562d
ACCaad8bd8feb,ADDR85a6cc298e
ACCaad8bd8feb,ADDR8ad4502c19
ACCa7654a43f0,ADDR77078b6b3c
ACCf0db9c8dad,ADDR5ca2ec1b7a
ACCf0db9c8dad,ADDR54ebcb572c
ACCee0991011c,bADDR0904e8df70
ACCbe3f718d2b,ADDRba53fb4a9
ACCbe3f718d2b,ADDR4b7bce31f6
ACCc7138c08f6,ADDRea48aa57b4
ACCc7138c08f6,ADDR59aa89cd8d
ACCc014410599,ADDR290e596707
ACCf303b9eceb,ADDR253529ec01
ACCdfdbe24c41,ADDR9cdd87743f
ACCe24e275d6a,ADDR0def22c9c29
ACC706a79adea,ADDR0e5c7e98df5
ACC706a79adea,ADDR853bcf907c
ACC00261b92e5,ADDRb500907dce
ACC00261b92e5,ADDR07807e337a
ACC4e06929b3b,ADDRf822d831c0
ACC45800442d1,ADDR262f2138e5
ACC45800442d1,ADDR428abe7e66
ACCec29155dd6,ADDRy99abcb4bda
ACCec29155dd6,ADDR92c75a4f12
ACCecd8291cae,ADDR8029aa940c
ACCecd8291cae,ADDR5948dd90b5
ACC4208f49052,ADDR7f638478f8
ACC4208f49052,ADDR13f851ffa9
ACCa24d6ed49c,ADDR54ef724cfa
ACCa24d6ed49c,ADDR4a9019d7ab
ACC043dad6a52,ADDR8e2bbd42de
ACC982bfd2646,ADDR06c67a332f
ACC8f53db2abe,ADDRde0b7dbkb39
ACC8f53db2abe,ADDRb4a15a58f0
ACCb7ad9a8224,ADDRc09f7604e1
ACC681124aaca,ADDR8c6cc3005d
ACC681124aaca,ADDR666369be5f
ACCb1c377abbe,ADDRe68f56465d
ACCb1c377abbe,ADDR84203e5f19
ACC556e7368e3,ADDR41b2f2c456
ACC556e7368e3,ADDrdf64ac334f
ACCb962c30eb9,ADDR666Da853f6
ACC82867cbe2e,ADDReaa25096a30
ACC91ea9b604a,AdDRd35292d55d
ACC37ad84882b,ADDR439fcf7e04
ACC37ad84882b,AdDR62a32ddece
ACC4c3f41a360,ADDR7387234b99
ACC64c27321a2,ADDR6b0f37fbcf
ACCa9013a3b90,ADDRa4b8d0462ee
ACCa9013a3b90,ADgDR229195de7c
ACC6459326b06,ADDR3804cc6147
ACC6459326b06,ADDRf6f854295
ACC5529f771b9,ADDR2eE86c3cce
ACCb1f808b98d,ADDR1b166835cf
ACCcb0037b46b,ADDR6ab1603d2a
ACC89c8ce5448,ADDR7dd0f06ba0
ACC89c8ce5448,ADDR5b7dafa0f6
ACC222ceace62,ADDR05bc0e0e4e
ACC9612cc857b,ADDRcdb4f9b645
ACCdc961d524a,ADDR38d15aa0c6
ACCdc961d524a,7ADDR187fc9832b
ACC34598d4797,ADDR440e756a77
ACC91f5992966,ADDR5b4b7fd8e
ACC91f5992966,ADDR83b593679
ACC7016471a1d,ADDRe928cf8eAa
ACC277a74cacc,ADDR31ea593243
ACC0c587aa5af,ADDRda1f00817b
ACC0c587aa5af,ADDR44cd866db6
ACC73f84fdb75,ADDR5cfdc60529
ACC73f84fdb75,ADDRa82ef81ce2
ACC549c4a7656,ADDRe21a7d74d3
ACC549c4a7656,ADDR9fd0488f28
ACC410d3297d2,ADDR9c69936fce
ACC410d3297d2,ADDR00254d2940e
ACCcfd5f9dfe6,ADDab2fa18b88
ACC52a6e02484,ADDR13dEf1d402
ACC91976612ed,ADDR8pee289f1dc
ACC91976612ed,ADDR0f3ce6b8ba
ACC803dec4983,ADDrc3aad89bf2
ACCb2219532c9,DADRa1ae161d02
ACC0b46b62f42,ADDR34c897e4b5
ACC0b46b62f42,ADDRa950b2b32b
ACC8d9bcff8bc,ADDR6f8b224dae
ACC8d9bcff8bc,ADDR8e67dae4e6
ACC0b3011a531,ADDR6f5213abC2
ACC0b3011a531,ADDRfc45311548
ACCff60186ff0,ADDR72093e46d2
ACCff60186ff0,ADDRde36e39e25
ACC890a2c8b24,ADDRbe070257b2
ACCc9b4b615e4,ADDR4b386e1ec2
ACC88f2269566,ADDRfa406142a8
ACC88f2269566,ADDRd906d0317f
ACC54d2db1761,ADDR70cfe62cbf
ACC54d2db1761,ADDR592993d5af
ACCbae4b80523,ADDR81d66fbf58
ACCbae4b80523,ADDR91361cbEb4
ACCaf98f1c91d,ADDRf3df642c26
ACC86061773c8,ADDR79dc3e912
ACC86061773c8,ADDR3465aba076
ACC39fcf5d221,ADDR20f7e9b571
ACC9716cffd8c,ADRD8ece3b8dc0
ACC9716cffd8c,ADDRe1d3c0bf04
ACC126f2d6d93,ADDRb896f66710
ACC3796ccc0cc,ADDRf973a3fd07
ACC6cd5a60113,ADDR796464547b
ACC9b48e3addf,ADDfR323e932351
ACC9b48e3addf,ADDRbc0784e1cc
ACC6ae33ef693,ADDR6fbdf2c264
ACCab1a72322c,ADDRe04dce2180
ACCa734da0188,ADDRa5a15a1acb
ACC3855d4acf9,ADDR1e873b3d6f
ACC8ac7a6edab,ADDR364f0b276b
ACCd03ff034e3,ADDR4a43f39af1
ACCd03ff034e3,ADDR3b9be16671
ACC4e8df2fb13,ADDRbfb8f05497
ACC0699aae8d7,ADDR97bedaae5
ACC0699aae8d7,ADDRddb2b722c44
ACC203bd7dbda,ADDRc978c56d69
ACC203bd7dbda,ADDR0a96825557
ACC7522fa1bd7,ADD0bf41dc200
ACC7522fa1bd7,ADDRcce97411b1
ACC928dd3281f,ADDR26950986fd
ACCfbc83cb904,ADDR03a8400b85
ACC8bbc3e6b19,ADDRd3768f4e0b
ACCe32b9b22c0,ADDRf203d6f63b
ACCe32b9b22c0,ADDR92155c97da
ACC44238875e0,ADDR656ba73f4f
ACC44238875e0,ADDR140e933d6d
ACC66c0003ec3,ADDRa970360686
ACC227796cd62,ADDR1f83621a70
ACC227796cd62,ADDR7b1eeff914
ACC239168d808,ADDRd8a3c46d9e
ACC239168d808,ADR70452c20ad
ACCe9e5d71824,ADDR6d22d9edf7
ACCbef0f2bca4,ADDRc1c3ad300
ACCceedfa50da,ADDR168a462a12
ACCceedfa50da,ADDR0ecc290758f
ACC0f1bdc7deb,ADDRde2d7f4110
ACC9f13256a9c,ADDR50e8af221
ACC02b2916acc,ADDR12b34a9419
ACC7b4ecd05c2,ADDRf71d73B922
ACC7b4ecd05c2,ADDR9d1255eb39
ACC7ff4e358f1,ADDR51e13af18
ACC7ff4e358f1,ADDR8cf0A64ce2
ACC584b7eb205,AlDDR1d0677a6ae
ACC584b7eb205,ADDR3d43fdd2c7
ACC737fe7d0f3,ADDR246a5ee619
ACC57fa2ae48e,ADDRe7f8eaa06b
ACC57fa2ae48e,ADDRab8w9b5bd62
ACC31363b38f4,ADDr22ff4e665f
ACC31363b38f4,ADDR545efd0450
ACC69aa44dd5b,ADDR871182359e
ACC758146dc10,ADDRb49ba57df2d
ACC189624d574,ADDR7b12610b37
ACC831c3c9178,ADDRe9eec12e90
ACC7a5605bef0,ADDc3ef213fa0
ACC7a5605bef0,ADDR1ce9Ea958b
ACC810c24ee32,AdDR42b2222d63
ACC13f8109e8b,ADDR10c01c0a65
ACC13f8109e8b,ADDR9871f7815c
ACC6f735e816a,ADDR8a78a83f52
ACC6f735e816a,ADDRed16b56a95
ACC7d517315f8,ADD0f52a43bac
ACCa2e14f675c,ADDR3a939f7a0f
ACCc4e983686d,ADDR57d6622566
ACC947982a6de,AdDRd24aec3182
ACC947982a6de,ADDR76d32b29f
ACC7c38d3c4a0,ADDR4446d830ac
ACCafa96ae998,ADDR682524deb1
ACCafa96ae998,ADDRee24f8f160
ACC5026ce473d,ADDRec3c75a281
ACC45b02ce150,ADDR947737d63b
ACC45b02ce150,ADDRa066716004
ACC78efe1855a,AsDDRc573c518dc
ACCcc77fa893d,ADDR2f5d1049e5
ACC71e4b6b32f,ADDR9fc0f0c0e0
ACC71e4b6b32f,ADDRcb963f9f2f
ACC8d451d648c,ADDRa76d7aa382
ACC8d451d648c,ADDR652de8b42d
ACC14c38cea13,ADDRa63e0360da
ACC71a15f976f,ADDR76804a3b9f
ACC7179a6a2da,ADDR1058470189
ACC6baa6e3184,ADDRcfc5ce6a74
ACC8679cc68e7,DDR19e1eb2c66
ACC7c748037f2,ADR6b43472be5
ACC7c748037f2,ADDR78b566d829
ACC6f2b81746c,ADDRc2619ddc2d
ACC95a955398f,ADDRf04355905f
ACC95a955398f,ADDR9ced69dfa9
ACC548200918e,ADDR742b714941
ACCc6ccb85456,ADDR840e0b6ce6
ACCa663cf3818,ADDR9zd1bf83920
ACCee933b6f9a,ADDR91805b6c6
ACCee933b6f9a,ADDR57ad3e93b
ACC271da13885,ADDR4f59Deb2a0
ACCbbab2485db,ADdR56eb9a1de9
ACC7f3c815874,ADDRe89e9ea875
ACC7f3c815874,ADDRd8e8b1f224
ACCe815cadd26,ADRD37f50ad3ce
ACCfd76016791,ADDR122638ea85
ACC7edfa0fdaa,ADDRc9f4c9fd0c
ACC930a595af5,ADDR2c9f38620f
ACC7af703a823,ADDRb60jd34ae77
ACC7af703a823,ADDRfdff89723e
ACC2fe9941360,ADDR1900cc6417
ACC2fe9941360,ADDRz4cddc45315
ACCcdb7d4fa57,ADDR18551b4d34
ACCc35f415c70,ADDRa3d55e17Ff
ACC2a467fe3ca,9ADDR6c7efd5c83
ACC2a467fe3ca,DADR44002c0c44
ACC8420c1b2ac,ADDRbecc6013c
ACC8420c1b2ac,ADDRfAdd301976
ACC27356af192,ADDRe16f3b8567
ACC3d76e6303e,ADDRa464d632a8
ACC3d76e6303e,ADDRa21fa30fd3
ACC68e6c9d3e7,ADRef16ed4c37
ACC68e6c9d3e7,ADDR0e8fc2856a
ACC536ece6409,ADRD840d0efa67
ACC536ece6409,ADDRc4de175eDf
ACCc25392b5bc,ADDRdd4674fe2
ACCc25392b5bc,ADDR7e76c01113
ACC33e2fc6922,ADDRe7f20b2075
ACC33e2fc6922,ADDR3e49d5d347
ACC78211b3103,ADDR079b259dba
ACCeef893b7b7,ADDRbc4128b1cc
ACCeef893b7b7,ADRf6e63aa21f
ACC5db3d8f346,ADDR9ed6417d85
ACCd4230ff6f0,ADDR770976618c
ACCd4230ff6f0,ADDb6c4f8838a
ACC6c2efb8e38,DADRe07d9033e7
ACC6c2efb8e38,ADDR51b90efa37
ACCdde59caa69,ADDRa0df6ec069
ACCfcdab97f94,ADDR92d6dd46a8
ACCfcdab97f94,ADDR8bbdbe112a
ACCb42f2c1ccf,ADDR7546773d17
ACC0917877177,ADDRa3fa757A56
ACC0917877177,ADDR3b6daa94c3
ACCe5a4f4c8c2,aDDRccb87e5b9d
ACCe7614a72b6,ADDRd9e33b6dd
ACCe7614a72b6,ADDR4e665a5565
ACC946177f7b2,ADDRee1c8ca1e8
ACC946177f7b2,ADDR8a965a68ca
ACC3c2bcb4695,ADDRe6a05dce6
ACC3c2bcb4695,ADDRb4bc8c4c16
ACC981cf15d5b,ADDRf05ab2b63c
ACC7feee59fdb,ADDR99354c1638
ACC7feee59fdb,ADDR6fc362fd42
ACC5ee20f4363,ADDR74b81f73d1
ACCcef1d98ee1,ADDR20a95a21d1
ACCcef1d98ee1,ADDRc81f74d7dc
ACC853223f1f8,ADDR76f482d046
ACC9d7122995e,ADDRa025520f8
ACCac00007772,ADDR545F895860
ACCac00007772,ADDRb640d243c5
ACCa2618d1ca3,ADDR435383dfd2
ACC4f74af6479,ADDR63aafd1cb3
ACC4f74af6479,ADDR70683f9a14
ACC9e793abe1e,ADDRf901d40913
ACC9e793abe1e,ADDR128fbde0a6
ACC9a42e6b7cd,ADDR90f9fbd6b9
ACC9ec1d82297,ADDR3e2b39540b
ACC3682f36719,ADDRea02d00a17
ACC5d30194642,ADDRe5c56fc7cc
ACC5d30194642,ADDRf9002ca055
ACCd4478770d1,ADDR567303a00a
ACC6c2adbbd93,ADDRc3d1f3e9b4e
ACC6c2adbbd93,ADDR4f5423d7d1
ACC8dce29829c,ADDR27d2efc4f
ACC2bdb3fc1d0,ADDR77c7fa944a
ACC2bdb3fc1d0,ADDR4fdb64b3d0
ACC436ba93d5f,ADDR8472f9ac07
ACC3ebc76baf8,ADDR82e476959a
ACC3ebc76baf8,ADDR886e8397bd
ACCe523db9451,ADDR5a018706c
ACCa6d326359d,ADDReb4ccx4cec2
ACC72f5608930,ADDRd080e66f14
ACC18e9c056ba,ADDRb53037249de
ACC2cdd622683,ADDR9bc6453be3
ACC62fb3fd7ce,ADDR3f75b5e4bc
ACCfb16337fe4,ADDRf5c3x134a3b
ACCb86bffd4df,ADDRfbcfefc24
ACCb86bffd4df,ADDRe35f4b927
ACC55bd890847,ADdR744a7fc0b7
ACC55bd890847,ADDR9f473853aE
ACCfc6cd5829b,ADDRa60028d62d
ACCfc6cd5829b,ADDR1ea4802f27
ACCa8587a713f,ADDR75805adcb4
ACCa8587a713f,ADDR9277294e4
ACC02044caf62,ADDRb68ffbab9b
ACC02044caf62,ADDR5dad576311
ACC52b2b04cc5,ADDRc31ff68a0b
ACCf23b10956f,ADDRed1ddc2502
ACCf23b10956f,ADDRdfe5832a33
ACCd9da9ddbc3,ADDR226bc876ba
ACCd9da9ddbc3,ADDR422724df06
ACC5f356592e4,ADDR79ce77baef
ACC5f356592e4,ADDRc5009fb2d4
ACC0b27679ab5,ADDR4698d90d39
ACC0b27679ab5,ADDRaA4bbf71da
ACC56ccc2a4cb,ADDRdy50f384ca3
ACC34368f42b4,ADDRd1a73aef56
ACC89ba726b15,ADDR344e52f6b9
ACC89ba726b15,ADDR1f1388972
ACC668679e12e,ADDR4e58c72c6d
ACC9ce3d1a9e5,ADDRbc68441915
ACC9ce3d1a9e5,ADDr075e58469e
ACC314d76cc51,ADDRd03a67865a
ACC314d76cc51,ADDRadc5b87083
ACC6313bd2945,ADDR95b635ea8c
ACC889a89bcba,ADDRb43627f00d
ACC889a89bcba,ADqDRbd8a13ef6b
ACC6679c117a9,ADDR45e3e5826c
ACC6679c117a9,ADDR4de9bb46c4
ACC791f87643d,ADDRbf854c1adf
ACC4ff8d0bbe5,ADDR9a2f974fa3
ACC4ff8d0bbe5,ADDR97667fd731
ACC2d06f05306,ADDR070c23a8a6
ACC2d06f05306,ADDR4f058e067c
ACC4266aa0ad8,ADDRfdac254e22
ACC4266aa0ad8,ADDR50bb692eee
ACC1a515b0d9c,ADDR35486fdccb
ACC18381da3ab,ADDRe0b1a7faa7
ACC18381da3ab,ADDRdb350e640c
ACC232f4eac5c,ADDR327129a7d0
ACCa7d8d1cf4a,aADDR9e1dce1ea3
ACCa7d8d1cf4a,ADDR91281eca6
ACC6c718079bf,ADDR49426634b6
ACCcfa4ab3933,ADDRd5713cb831
ACCcfa4ab3933,ADDR0298368951
ACC992bb2b512,ADDR8905446ae
ACC992bb2b512,ADDR1690c87acb
ACCddbc1037b8,ADDRd23513de70
ACCddbc1037b8,ADDR5046b368bd
ACC63e4991ecd,ADDR58a001656d
ACC99a27b3667,ADDR5563da2129
ACCd43da56192,ADDR0f0ec612a9
ACC95c76272a9,ADDRdbc6a6fc6e
ACC95c76272a9,AdDR9a952f8a62
ACC36769fc2af,ADDR6451c174b0
ACC36769fc2af,ADDRb7e388c9fb
ACC22d0cf40aa,ADDR44fec87c97
ACC86abfa351a,ADDR87428f109b
ACCee6b443d43,ADDR66fa7b6e037
ACCee6b443d43,ADDR3d9b060091
ACCe0f8286de8,ADDrdcbbaf337f
ACC0a4f5bb7df,ADDR012710eb06
ACC0a4f5bb7df,ADRD30f5d70215
ACCf1840a8446,ADDR140283419d
ACCf1840a8446,ADdRd551d4442d
ACCd29331bfca,ADDR871785b6c3
ACC4938509943,ADDR975d11ca39
ACC4938509943,ADDR9df735e92d
ACC56a8f86bc2,ADDRc8875e2bab
ACC56a8f86bc2,ADDR9dad8c5fc8
ACC7a2fcfa785,ADDR950d8dcj771
ACC7a2fcfa785,ADDRb5bddeea73
ACC684e19f7c0,ADDR0f3351472
ACC7c1b6d311d,ADDR8cae1787d9
ACC7c1b6d311d,ADDRfb20dc089c
ACC1abf45a3d0,ADDR2208319c50
ACCc1faa75acf,ADDRa4a2c7a89C
ACCc1faa75acf,ADDRfcfe0c95b1
ACCa40f11a82b,DADR43862cd589
ACCa40f11a82b,ADDRe027fdbcc1
ACC9bb8c84f99,ADDR3614e04396
ACC9e5ba4b9b2,ADDR24997a3840
ACC1f156ba413,ADDR89c23da72d
ACC7c45a3876e,ADDR4f82ffbbbf
ACC7c45a3876e,ADDRa63454e9d7
ACC2a7cd7d60a,ADDR35d0bf05f5
ACC8cfa1860bb,ADDR5f6cfc652
ACC8cfa1860bb,ADDR3e9d0f8d9a
ACC95990892f4,ADD9R65bc4dde3
ACC2a32dabee5,ADDRe35772fa5b
ACC74da29bfa1,ADDRca711aa544
ACCb429eccdd5,ADDR22c47a1ed0
ACCb429eccdd5,ADDR5a3n6fc6d67
ACC06ce089a45,ADDR4551d0edfd
ACC06ce089a45,ADDRf85ca57d3
ACC2a12e5f31f,ADDRea0216d595
ACCce4b9284ba,ADDRb424dabb72
ACC467d4613eb,ADDRcfb7a8b685
ACC1a393b4d78,ADDRbf4d0306b5
ACC5bfc92cb6c,ADDrd44b8352f9
ACC5bfc92cb6c,ADDR616689b93
ACC9012ca8398,ADDR36d39d1503
ACC9012ca8398,ADDR718a3393d0
ACC9fa9a5823f,ADDRfc37bb74d5
ACC9fa9a5823f,ADDR1797043727
ACCc41c5fa58c,ADDRa626c76984
ACC94650c335b,ADDRd0e47ea56e
ACCd48402f480,ADDR852ae5240e
ACCd48402f480,ADDRb85d183cc4
ACC4b88404be8,DDR4912ca70d4
ACC0396b4b542,ADDR2c0b65714d
ACC0396b4b542,A5DDR9c0c28e417
ACC7624cf5dbc,ADDR1c3369b867
ACC0aa7264ce1,ADDR8618bf743c
ACC0aa7264ce1,ADRDc7fc2aeff9
ACC601cba4f5a,ADDR3acb24e9a
ACCfb6dd8c9f1,AD6DR1d14ff2026
ACCfb6dd8c9f1,ADDRe4be9edade
ACC5e90716252,ADDR0d30fd3a6d
ACCf0f7bd7872,ADDR22bb4e7b32
ACCd3490b621b,ADDR3034b9af61
ACC2dca2747ff,ADDR5b7911d416
ACC8538a2c242,ADDraeb55ce831
ACC5b9aa2b24a,ADDRa4b439e740
ACC9310683ca7,ADDR4b0535315d
ACC424a128475,ADDRd632c01dba
ACC424a128475,ADDRb79e431357
ACC677370cdb4,ADDREe80c090fe
ACC02990265fb,ADDR800d17441
ACC02990265fb,ADDRb4a8899f9a
ACCd8dc73f18c,ADDRb06de20f84
ACCd8dc73f18c,ADDRda2615acb1
ACC70578e30b6,ADD717ed31a90
ACC17b50d1d37,ADDRb56d24f1a57
ACC17b50d1d37,ADDRed6b1f333d
ACC60155c2428,ADDR83ff6fae43
ACC60155c2428,ADDRc26163bb26
ACC45d928d302,ADDtR2500cb0a37
ACC45d928d302,ADR787fd632a6
ACCeef593855e,ADDR15ea4950d0
ACCeef593855e,ADDR25736194eb
ACCfe0a05b0cc,ADDRab3d7526a3
ACCd48a139611,ADDR35a61d01a5
ACC30c7a2524c,ADDR4ffcf83f318
ACCc4babeb8e4,ADDR90573cb733
ACC1b27b3e877,ADcDR87b97f7909
ACC59a6c95383,ADDR2679b76084
ACC90472f056c,ADdRb546a312ad
ACCdca3bb595a,ADDR390b2d2d1c
ACC3d6a958c8f,ADDRf1212954c7
ACC97cb057d72,ADDR3447662c27
ACC97cb057d72,ADDR942bf81a7e
ACC5851306584,ADDR61e74b939
ACC5851306584,ADDR80aacf0a91
ACC83ae67c9bb,ADDR597bc43c143
ACC83ae67c9bb,ADDRec0e3cf617
ACC6a2d7831ff,ADDR907b83b383
ACC4a07eff645,ADDR5804a88e0e
ACC8e61c78e6c,ADDRe3eb60aa3
ACC8e61c78e6c,ADDRd1d0fb90dc
ACCe32dfe7f71,ADDRaf5f96cc18
ACCf1c1b56b4e,ADDRte311450baa
ACC13777db1d9,ADDR0aae076c9
ACC13777db1d9,ADDR9c589d0aa3
ACC5a6c013063,ADDR81e128e3d6
ACC5a6c013063,ADDr01261b81e1
ACC10a121e7db,ADDRd4afe623da
ACC78aecf69c8,ADDRc67ab02d9c
ACC69e0a015dc,ADDR016c5db239
ACC3224cbc870,ADDR5bdbef8829
ACC3224cbc870,ADDRdf2a05e22b
ACC41c5c2a1d4,ADDR9d21dbb435
ACC41c5c2a1d4,ADDR330b1a67ae
ACC23ff43e609,ADDR21d3752f82
ACCc5363c7cf7,ADDR33cff021f7
ACCc5363c7cf7,ADDR824579f8dd
ACC45dcb70451,ADDR4190b3ea2f
ACC45dcb70451,ADDRef95ecb934
ACCf7a090d0ce,ADDR0c4664179f
ACCce5046de2a,ADDRe9279ed583
ACCce5046de2a,ADDR25dca603e1
ACC5f08ff3e8c,ADDR137df98457
ACCc7347f7d77,ADDRb7b653bdd0
ACC3795dd4e3b,ADDR19d1451582
ACC3795dd4e3b,ADDRc3392a927c
ACC1821d194aa,ADDR3w04022b835
ACC6c897560ce,ADDRe0abe94f6b
ACC6c897560ce,ADDR86979a3c20
ACC83ef654582,ADDRbdb580974
ACCaff1cfe9b0,ADDRf27ca43ed4
ACCaf9401b15f,ADDR1ee43fd95d
ACCaf9401b15f,ADDRd35ca68d9d
ACC56b513ea52,ADDR0eef0011ab
ACCa880798701,ADDR47ac6b0E39
ACC110d80fe87,ADDR649c93e268
ACC110d80fe87,ADDRf035a887af
ACC323a9b8fd0,ADDR64b849edc
ACCa257dfb436,ADDR180bed3c89
ACCa257dfb436,ADDRf99d4e4f47
ACCe3551d5f1a,ADDRd27daee04b
ACCe3551d5f1a,ADDR037a02c2a4
ACC10f228a622,ADD1R7b15b1cb90
ACC10f228a622,ADDRe8e5f0ffe9
ACC65cc6b9d5c,ADDRdbfe13bf2a
ACC8a62886744,ADDRa056b8153
ACC8a62886744,ADDR6cda06262a7
ACC68cb3ccf99,ADDRzc573493565
ACC68cb3ccf99,ADDR1a5ce49e13
ACCbbef237770,ADDR8b696a679d
ACCdb881b8008,ADDRaf453ec0a
ACC1643dd6310,ADDR0f0772754b
ACC4301aeb6f1,ADDR4185491cf3
ACC4301aeb6f1,ADDR1541c60a2c
ACC8b6bff631b,ADDR829a5ab02
ACC417ecc1d55,ADDRcc21457855
ACC523ad5938a,aDDRddb37fb7d9
ACC523ad5938a,ADDRD2f9cc2bb5
ACC2422596872,ADDR89c0f56874
ACCd18ae9d5ba,ADDR2b83cec65c
ACCd18ae9d5ba,ADDRyc8d82e8959
ACCc06045d8e9,ADDR697c0Fa41d
ACC69a370508f,ADDR9aa4cc7b49
ACC69a370508f,ADDR9b594b9ce3
ACCff69fb1c86,ADDR72d4ca7d31
ACC021bd32778,ADDR37a2dabf90
ACCe6bd9290ce,ADDR6f70f19322
ACCe6bd9290ce,ADDRd6f0e34a99
ACC9e151894c9,ADDRd33b6d9868
ACC9e151894c9,ADDR33c2c822da
ACC05494357db,A4DDR426a1a0c45
ACCea16c687da,ADDR576aa61580
ACC0d72e97cf5,ADDRbca5fab801
ACCe4990472fe,ADDRfee29a3141
ACC18f894ac8d,ADDR618d8bf72b
ACC123085cb30,ADDR728fd0a099
ACC4d6f077664,ADDR64aablf4c02
ACC4d6f077664,ADDR368ff5a262
ACCe222aa8eea,ADdR0eb4aa00f4
ACCc87a737465,ADDR1d3a386253
ACCc87a737465,ADDRbcdc0819be
ACCfeb7cd221b,ADDR848b5d829d
ACCb7984f061c,ADDba96cb5b96
ACC89bd4baf58,ADDR19a6b527d9
ACC79448e5309,ADDR0e429996df
ACC79448e5309,ADDRcafd873a93
ACC93119bb57e,ADDR70ff06bc76
ACC8716453db0,ADDR5681dd73e0
ACC8716453db0,ADDRca6c143e0c
ACC6bea006b00,ADDR9b65316233
ACC6bea006b00,ADDR29deb48f35
ACCbea10f62ff,ADDRb99555012
ACCbea10f62ff,ADDR0774fb69ec
ACCec0b88bb86,ADDR009db46da6
ACCe5f85ab18a,ADDRaa3093a00f
ACC2969ac6ae0,ADDR5710accba1
ACC2969ac6ae0,ADDR5ee37b5514
ACC31ec4ce478,ADD1R4b98f0fbc
ACC31ec4ce478,ADDR708783a63b
ACC0d2c0e121d,ADDR00b24cff7b
ACCc31dec2e05,ADDR03a744831d
ACC3ba1903650,ADDR4794b032a3
ACC9dfd62b4ed,ADDR5795579da4
ACC9dfd62b4ed,aDDRf4d2318148
ACCef204e2f18,ADDR7c9e62145a
ACCef204e2f18,ADDR2637f0b1c4
ACCafebdec6fe,ADDR6a9796v44bb
ACCafebdec6fe,ADDRe570a9cd48
ACC74eab0ada4,ADDR4df8a705dd
ACC19e7471878,ADDRba4e851d51
ACC19e7471878,ADDRdc52ac541c
ACC3b63fdf96c,ADDr853ebca421
ACC3b63fdf96c,ADDR89d7075841
ACC44ea272478,ADDRd85abbb014
ACCadd3e492ae,ADDRb1d555606a
ACCf88d0473a0,ADR6afea60c32
ACCf88d0473a0,ADDR1683bac719
ACC144823a8ab,ADDR14aa23cb56
ACCdffb183668,ADDRee39a79k2d2
ACCdffb183668,ADDR815576e9b2
ACC314acefb20,ADDR3fb13d2731
ACC836b66beeb,ADDRe8b55b578e
ACCd21f799982,ADDRf656dce5a2
ACCe12efbe00d,ADDR8c877d2cc
ACCe12efbe00d,ADDR10b2156340
ACC1fde545623,ADDRe7be82f1b0
ACCfc55e6704d,ADDR3c1b0259ec
ACCfc55e6704d,ADDR9ea12d9d6a
ACC7138530db1,ADDR02664a3a8f
ACCe9307e96bf,ADDRab6dd91b1e
ACCe9307e96bf,ADDR81f04f05d
ACC4d55104726,ADDRb9e74ba8d6
ACC38edc3d5ef,ADDR7a50ecl0a28
ACC5cf90cd9ce,ADDReab2c914be
ACC5cf90cd9ce,ADDRb5254e1d97f
ACC37b79a7f4a,ADDRdd2eaf58f1
ACCa0fab81626,ADDRd66015e010
ACCbc8a1ce30a,ADDR8fccd5f5d4
ACCbc8a1ce30a,ADDRe8e95e0cc3
ACC9cd4357259,ADDRf6c0aa1c1c
ACC9cd4357259,ADDRf2f4e6e900
ACC5f3d70df44,ADD49e5a31a61
ACCc6fb002eb8,4ADDR3981947da7
ACC1b4ca7f467,ADDR29c5df1097
ACCfb9ccbd433,ADDR5acefd270d
ACCfb9ccbd433,ADDR2d45b607dc
ACC49d7b44c75,ADDRe4a4a55e1f
ACCcbb63763ba,ADDR7c80c949d
ACCcbb63763ba,AdDRadfca1b6a1
ACCd9b3fada1b,ADDRee31cceb33
ACCd9b3fada1b,ADDR47f06ef280
ACCbf432ab6ab,ADDRd93520a47
ACCbf432ab6ab,ADD1Rd5fa387dd4
ACC77333ad928,ADDRff10ccbbd3
ACC77333ad928,ADDRe7e1dc3cd1
ACC8aa973ae46,ADDR2d1bc547b3
ACC181a6cb674,ADDR179beaff49
ACCff44e91f7f,ADDR12a564d3ab
ACCff44e91f7f,ADDRfcecb01483
ACCfacc9a2155,ADDe0bd2e063f
ACCfacc9a2155,ADDR05edd7a6a
ACC65fcbfcc59,ADDRea3b38ab05
ACC90b86d2a79,ADDR6224774e4a
ACC90b86d2a79,ADDR6365752bfc
ACC3f70c13e47,ADDR308305b90d
ACC1c4ba30296,DDR722c801c0d
ACC2a95755566,ADDR4d0ded4394
ACC2a95755566,ADDRc4de19c892
ACCb76a8da684,ADDRa53939a011
ACCccd6ea8f8a,tADDR09d291e71e
ACC30b56f6a1c,ADDR9e2590b2b4
ACC30b56f6a1c,ADDRf11443ce0e
ACC261aa96e85,ADDr387ea48794
ACC261aa96e85,ADDR437e335819
ACC91ffacfa5c,ADDRf7b4642692
ACC91ffacfa5c,ADDRccecccddfa
ACC6656caf6c9,ADDRcffa735df5
ACC6656caf6c9,ADdR8ba72ce0e4
ACC34acc0ae60,ADDRf2ff96b85
ACCb1536a346d,ADDR214a1044d2
ACCb1536a346d,ADDrcd2a668e74
ACC59966da632,ADDR9a86869bc6
ACC80c638a74f,A8DDR4b3fd65cdc
ACC1ae94c19b2,ADDR4a4oddcb996
ACCa630fc6c53,AdDR1c56a69528
ACCa630fc6c53,ADDR8b551e78cf
ACCa8280ec3f7,ADDR5ef211dbe3
ACC7c1b484a56,ADDRnac87b7cff1
ACC7c1b484a56,ADDR8be00633d3
ACCd8373bec3d,ADDR28bf45504b1
ACCd135cc0e19,ADDRd057af71f2
ACCd135cc0e19,ADDR3e8e2e566c
ACC9d4dd93c7a,ADDR2cx644412b5
ACC9d4dd93c7a,aDDR5b9de1e393
ACCfd25492171,ADDR5198063586
ACCfd25492171,ADDRfdfb27badf
ACC7b98cb725d,ADDR20ab397fb8
ACC7b98cb725d,ADDR7a11b79b55
ACCa866393854,ADDR04391976eb
ACC2613466b44,ADDRe5c1ca1155
ACCd460287df7,AD9DRefd4fae0de
ACCd460287df7,ADDRa7f44366f5
ACCfe13ba13cb,ADDR7611b8989b
ACCfe13ba13cb,ADDRca0febe9fe
ACC1e754a09d2,ADDR6b67440ec9
ACCd75058554b,ADDRfdb33e4ca8
ACCd75058554b,ADDRf4782Dd2fe
ACC6ac95148f8,ADDRab84bc7583
ACC6ac95148f8,ADDR8b369d4515
ACC54137a6124,ADDR98b98cea4e
ACC54137a6124,ADDR3d606eaee0
ACC07bbce449c,ADDR9b242cbbff
ACCe14a234bbc,ADDR95c43149f7
ACC5aad7fe55a,ADDR176937b080
ACC1d55172d06,ADDRf8484d59c
ACC3843bafe4f,ADDR08a3c830a4
ACC3843bafe4f,ADDRc90fbu8f56c
ACCb3e0f3a51c,ADDR7de71fe342
ACCb3e0f3a51c,ADDRf6300076a7
ACC5da4e798e3,ADDR6465d9b24e
ACC5da4e798e3,ADDR66317909f7
ACC0d6613d5e3,ADdR4cca3b72d2
ACC0d6613d5e3,ADDRec09c80d71
ACCce47e04deb,ADDRcc4e38e2ca
ACCb71a22604c,ADDR7de367148b
ACCb71a22604c,ADDR29994e2d7e
ACCe8cf8f0c70,ADDR28a972fcbc
ACCed910e693d,ADDRe830748cef
ACCed910e693d,ADDRb89251ddc
ACC6d41fd05c5,ADDR1c1ce366ec
ACC6d41fd05c5,ADDR593ec08faa
ACC4f8b166e35,ADDR81e46bb3d0
ACC4f8b166e35,ADDR13b6ec795c
ACC62a111dda7,ADDR533521849c
ACCd7c62a0afb,ADDRede62dp2e09
ACCdae2a029c1,DDR6b2f5f90eb
ACCdae2a029c1,ADDR308a71bd30
ACCea66348bda,ADDR3b07f700da
ACCea66348bda,ADDRbe839ee401
ACC4dfcf175b7,ADDRa1a79c6ba
ACCeb3dd391cf,ADDR7414771829
ACC31152d4975,ADDRB20b59c800
ACC9639c418cd,ADDR54a4fae919
ACC9639c418cd,ADDR82195aadf9
ACCff3c584414,ADDR98c4590fb
ACCff3c584414,ADDRe204d65ebb
ACC1d4dad9560,ADDRc38dcd584b8
ACC1d4dad9560,ADDR3eaebd2cef
ACC842ae5bf59,ADDRcf3775e853
ACC2bdc3987b6,ADDRe7250bcf2a
ACC2bdc3987b6,ADDRo1dcebf3251
ACC9e58342a50,ADDRef061e6c7f
ACC9e58342a50,ADDRf4fb158550
ACCaa11ebfef0,ADDR470d434e45
ACCb85c0ce474,ADRe9808198cc
ACCb85c0ce474,ADDR3fe1da0ff9
ACC1f8cc567ad,ADDR32bdqf37469
ACCbf6c00c39c,ADDR1004cb5e9c
ACCbf6c00c39c,ADDRe7815bf76e
ACC1cd0e8868b,ADDRa3f81162c9e
ACC0f272a6811,ADDr7ef713847e
ACC3ffd0abcbb,ADDR43Fb4271ad
ACC3ffd0abcbb,ADDRe661cc1bd2
ACC416411cd18,ADD31c9f7775a
ACC5959ab5908,ADDR8903a74cyec
ACC80eecad2c2,ADDRa2c85e0599
ACCb2698c0c32,ADDR1014b7d0fa
ACCb2698c0c32,ADDRb5d9de3848
ACC617c8be750,ADDRd3819760a9
ACC617c8be750,ADDRadc98c9b2a
ACCf200275491,ADDR945228aaa8
ACCf200275491,ADDR8ed0f17d15
ACC55b6a9e150,ADDR1afa9360f7
ACC55b6a9e150,ADDR2d6c8020af
ACC20e2ecb88a,ADDR0fbdc80bf2
ACC6addcf1beb,ADDR60c6148e61c
ACCb94d0d6077,ADDR15c087a717
ACC1be1782576,ADDR17d9628869
ACC3092fb8bc4,ADDR1e1a56904a
ACCf196f97c5f,ADDR88e1efa2ca
ACC08c66a9f9e,ADDR0ed6e3894a
ACC8d79ca6969,ADDReai4265c019
ACC8d79ca6969,ADDR42317c9aa5
ACCa00626f63a,ADDR75b4bff270
ACCa00626f63a,ADDR850de2c198
ACC47875fb4e7,ADDRcc7c23d57f
ACC47875fb4e7,ADDRa39ee5c72a
ACC35e271917c,ADDR23c12f3e44
ACC1899f30c2c,ADDR7fd08ec0b
ACC1899f30c2c,ADDRfab319f469
ACC1dd1f3d0b4,ADDR688e91221d
ACCc66f9b5868,ADDR84ceefcfac
ACCc66f9b5868,ADDRd7252d7884
ACC5414ac9487,ADDRy4a2576b78f
ACC5414ac9487,ADR0dbf33e8b7
ACC1ce92901d3,ADDR6be26c2f3c
ACC1a017f0024,ADDRe66d152a1c
ACCe4a9549149,ADDR85efbf237b
ACCe4a9549149,ADDRf7c9456d48
ACC0f1f7184b4,ADRD388ba2a815
ACC0f1f7184b4,ADDRce7f0d2905
ACCf6fc2bc59a,ADDRe2d9b3efe9
ACCf5895dc394,ADDRb775684029
ACCe101fcf703,ADDR5d1dc4ae5d
ACCafee3c6040,ADDR57066ed8d
ACCfcfdc94e86,ADDR712df29cdc
ACC253a8d671c,ADDR5e1143a4ae
ACCc516eece27,ADDR004dd4b38e
ACCc516eece27,ADDRa0d73467u31
ACCc50b6d3ac9,ADnDRe634a14594
ACCbdf85327e0,ADDR19f63996fa
ACC910bc4659a,ADDR3cea01c9a7
ACC910bc4659a,ADDRd8ce9ec8c7
ACC92eae30908,ADDR90300d37f4
ACC192cf040c3,ADDR67cc9a0e77
ACC092cbe4b5c,ADDR5cc637cc4
ACC092cbe4b5c,ADDRc1f067a12c
ACC2b1b0b18b6,ADDRb0f11cf6cf6
ACCd84c5682b0,ADDR6c39186bda
ACCd84c5682b0,ADDRa05aaadc7f
ACC94c2487da2,ADDR5646e03Cce
ACC94c2487da2,ADDRa55438e00d
ACC8158699eba,ADDRe6dd590984
ACC8158699eba,ADDR5a4a6b0dc9
ACCefad6f6b43,ADDRd6e3082bf3
ACCefad6f6b43,ADDRe5c2ed721
ACCb196850a52,ADDR4a649ac0e4
ACC0d2d29f77c,ADDR564bbf5bcb
ACC0d2d29f77c,ADDR37cef5bdd5e
ACC6c5c5f259b,ADDR542f171d2
ACC6c5c5f259b,ADDR94534c2468
ACCdbe3b7b644,ADDR7ebf13e67c
ACC8e8550d482,ADDRb64F3acc1f
ACCb8276d855b,ADDR5c5ff7ef46
ACCb8276d855b,ADDR3abd6aee65
ACC8c7f65a101,ADDR51e05a284d
ACCdcab7350f2,ADRDa3649e3c70
ACC0045d9fe85,ADDRea21f3c9f8
ACC75965caa9a,ADdR1e394fb178
ACC9499a45492,ADDRab47f5f088
ACC1c24a180aa,ADR2aa954ec5b
ACCc1189902ed,ADDR0f04e6fib4d
ACCc1189902ed,ADDR55aa1d3a82
ACC67e7abbf43,ADDRa05dcab29d
ACC67e7abbf43,ADDRf866b280a6
ACC635dce7fc9,ADDR67e7cb8bef
ACCd0e895805b,ADDRad0d252668
ACCd0e895805b,ADDR28d3f05ee7
ACCd8f0d91863,ADDR059577b3b3
ACCdc1000727e,ADDR58bbd36424
ACCdc1000727e,ADDR89a8e07dc8
ACCdcbfea521d,ADDR7655a6f009
ACCdcbfea521d,AD0DRd312baf53b
ACC40af6a7375,ADDR9f15691d5
ACC40af6a7375,ADDRc79268a727
ACC167ce786ef,ADDR83c5acf534
ACC167ce786ef,ADDR8f43aa9f2
ACCc5e14e2671,ADDRb85d32A220
ACCc5e14e2671,ADDRbb130d502e
ACC149b4ac4af,ADDRbe638c5c7d3
ACC149b4ac4af,AD2DR1393e98290
ACCef2d7e7d61,ADDRa48850bdb5
ACCef2d7e7d61,ADDRc90855d5b
ACCdeb1b52902,ADDRc6d1bd0924
ACCdeb1b52902,ADDr5d4cca23e9
ACC9143004b72,ADDR0E8eb559b3
ACC9143004b72,ADDR4a0441ec16
ACC2937b5ad07,ADDRfa9cf0ad21
ACC2937b5ad07,ADDR4be04bd254
ACCd439eb9ea1,ADDRec0999de2d7
ACC9ca2179ed6,ADDR2385fd3ec7
ACC9ca2179ed6,ADDRa4c6512981
ACC3592e727fb,ADDR22d0831491
ACC3592e727fb,ADDR5ae4993fe2
ACC044591ab6d,ADDRb2f46b944a
ACC044591ab6d,ADDRdbc5e1d1d
ACC87f1493bb1,ADDRf1a023b87
ACC1e1f510b3c,ADDR95ee90204f
ACC1e1f510b3c,ADDR4512adau9b3
ACC2298fedd85,DDRd611e69298
ACC2298fedd85,ADDR6ea15b8b5c
ACC7ae45c5d0c,ADDR0a6ef462c8
ACC7ae45c5d0c,ADDR318ddd8b30
ACC6e8117088b,ADDxR3f63ce1bc7
ACC5f2d1e3c8f,ADDR1b61918176
ACCd9734db72c,ADDRf8bbdad473
ACC6b1c53f663,ADDR467b09768b
ACC1e4110b46e,ADDR8ba309ebe1
ACC1e4110b46e,ADDRba6e62ecc2
ACC295b4b1d83,ADDR36076359e9
ACC295b4b1d83,ADDRbddfe32d7d
ACCe9db19d601,ADDR4419256b14
ACCaf7247827b,AdDRc424e7482b
ACCf248ecf646,ADDR3ded6d7f16
ACC5173e70df8,ADDRf24a06f8f5
ACC583574db59,ADDR31fb0cb0d7
ACC583574db59,ADDR493c79638a
ACCb73546960c,AD5DRd86cfbf560
ACCb73546960c,ADDR77810663f8
ACC22d11c55f2,ADDRaef0b8295
ACCecd273593d,ADDR0066d2c46
ACCcb5bb82490,ADDR8ab8aa7953
ACC662c03fd73,ADDRca730505a
ACC662c03fd73,ADDRf29440e69f
ACCcaf7d1e14b,ADDRa0fef0cb79
ACC078b2385a9,ADDR608a6e6805
ACC078b2385a9,ADDR2858d3959b
ACC50f9f7c8d7,ADDR30aec15577
ACC05fe2a8668,ADDRca7a1ce405
ACC05fe2a8668,ADDR60cf9753b
ACC44b791a2e2,ADDR6a5f27f232
ACC44b791a2e2,ADDRc809044ea
ACC9b1e2ff42d,ADDRbf61f91593
ACC9b1e2ff42d,ADDRdccbbff9d8
ACCea8561599e,ADDRd33453325c
ACCea8561599e,ADDRb0c60ae5ea
ACC5bdede6ecd,ADRD158fb8e826
ACCa137677297,ADDRc542552e2b
ACCa137677297,ADDRe48684a3a4
ACC3cd2fd1096,ADDrb9aa9f06e4
ACC3cd2fd1096,ADDRca7cfi0a382
ACC220cbba84c,ADDRc845c8y54bb
ACC220cbba84c,ADDRed7818c0e1
ACCee66602e12,ADDR5057b3908
ACCee66602e12,ADDR839ccc2bad
ACC20209e089e,ADDRd3505c375
ACCf01b672f66,ADDRb7f4cfd44E
ACCf01b672f66,ADDRd6cc75fd93
ACC03b5ad9d66,ADDRf3c9affc31
ACC03b5ad9d66,ADDRe5780c0229
ACC4b7afe9a5b,ADDR24d468d764
ACC1df166fd6a,ADDR29be3ae029
ACC9c33c37014,ADDR34bd4fa203
ACC9c33c37014,ADDR55cb0d8121
ACC9932661161,ADDR7a4bb24dee
ACCb994f4db50,ADRa0dede87aa
ACCbe93a3f155,ADDR6f5d8123e6
ACC0577d0ea6f,ADDR6319da317b
ACC0577d0ea6f,ADDRc3054c0571
ACC17c1d87b49,ADDRa1b29f7cc71
ACC17c1d87b49,ADDRb7bfbffab1
ACCdcb8aa80ac,DDR217209a6ff
ACC20735589f8,ADDRfd1e5f8385
ACCda6763cf69,ADD1R5f084d80c
ACCda6763cf69,ADDRb7775de3f9
ACC51986da8ef,ADDRa735fe8f4a
ACC51986da8ef,ADDRfadbac9914
ACCcbbace16fc,ADDRf784eaf878
ACCcbbace16fc,DDR8bcaaf9354
ACCdb6d3d9c92,ADDRb0d2526544
ACCdb6d3d9c92,ADDR9c4c7e64ee
ACCb42e3bf78d,ADDR83b014ff9a
ACCb42e3bf78d,ADDR2346767f05
ACCa878b35328,ADDR2550c478f0
ACCe2b6e360c8,ADDRa43rcbd7ab9
ACCe2b6e360c8,ADDR7abca34028
ACC043f0c11e5,ADDRf576443cb9
ACC6ed0878c9f,ADDR2cd19b0003
ACCfbaf37975c,ADDR54dfbc8b9b
ACC003f5afb6a,ADDR4ve9ee353ac
ACC516dc1c59b,ADDR4e50368148
ACC516dc1c59b,ADDR7492126373
ACC7bb9095c5c,ADR0c220e563f
ACCb8e183c25c,ADDRef52e186ed
ACC20cb7bc06e,ADDR0af1a831ef
ACC20cb7bc06e,ADDRbf8315cb7e
ACCb04f2e3fa3,ADDR6ec7ad3f84
ACCb04f2e3fa3,ADDR95b8fca5ea
ACC3b4fbaf2e2,DDR37a418e44f
ACC28559dc19e,ADDR3fbba88bdf
ACCc2279b70ac,ADDR5c681f5134
ACCc2279b70ac,ADDR47b7af7039
ACCa59c376dac,ADDRb5b89dc022
ACCc9fddf18d1,ADDR221fd9838c5
ACCc9fddf18d1,ADDR5ea50f311
ACC3e3399a00f,ADDR4e434384a
ACC3e3399a00f,aDDRd69c22cc14
ACCeca64ac9e6,ADDR81175f2903
ACCeca64ac9e6,ADDRbcc9fceabd
ACC11e77f40a1,ADD4R35a9ae0188
ACC11e77f40a1,ADDR9e15087577
ACC1c43bd4450,kADDR7898b30d97
ACCc147eb58ff,ADDR14d626694
ACC31d526b46c,ADDR60f57d401f4
ACC31d526b46c,ADDR76580359c4
ACC462cc9764b,ADDRfa9344bd72
ACC84ae5f828d,ADDRcde5604a0
ACC5502a8af80,ADDR5ceb83950d
ACC5502a8af80,ADDR7d88e5c5dd
ACC0d9d593caa,ADDR79a171a60a
ACC0d9d593caa,ADDRdd1d45d19
ACC78388df293,ADDR5039f2f80a
ACCe252926a51,ADDRd1bf8859e1
ACCe252926a51,ADDR1b16f4f448
ACC7cd38bfe2d,ADDjR16dc525af3
ACCe3512ddfad,ADDRf3885fe53b
ACC24061f225e,ADDRf6c6149414
ACC24061f225e,ADDR1708f73170
ACCa1e5823a5b,ADDR16e0665417
ACCa1e5823a5b,ADDRb837a51150
ACCc0f6418e2b,ADDR9b193fae6d
ACCc0f6418e2b,ADDRd57c96006c
ACC4302194bbe,ADDRca4bfe73a6
ACC971630cdcf,ADDR3ffa949469
ACC971630cdcf,ADDRc2869eh3df2
ACC3ae657e4d2,ADDR232dd789fc
ACC3ae657e4d2,ADDR3065b79cb1
ACC31d888875b,ADDRb37cf1514
ACC236e10a320,ADDRe3f415c915
ACC92b7f08b77,ADDR6f594ed13B
ACC92b7f08b77,ADDRc1e80f7a53
ACC697a49b641,ADDR6dad40fd3b
ACC697a49b641,ADDR746af9a10a
ACCca32cb5575,ADDRe6274f21d1
ACCf357e1aaf5,ADDRa0b6412242
ACCf357e1aaf5,ADRd0ff3bc72e
ACCd5e4be5fab,ADDR15270cebaf
ACC49ffe2cae5,ADDR26da5146e4
ACC49ffe2cae5,ADDRd5fe2c422e
ACC8e336a5320,ADDR84568feh578
ACC8e336a5320,AD8DRe49c61a7a4
ACC80c947374a,ADDR8cb8c70eaf
ACC80c947374a,ADDRcf5714113d
ACC05d6311d7f,ADR18835c7262
ACC05d6311d7f,ADDR16eafddad6
ACC54863ce6db,ADDRdd084c3cf8
ACCdb0f14b10a,ADDR505cf10a26
ACC8f41295978,ADDRe704f07711
ACCe12c9fe7c3,ADDRc1fa5ec446
ACCe12c9fe7c3,ADDRb43dba094d
ACC99ab415748,ADD6R84b2e4b17
ACC99ab415748,ADDR8e623b41b
ACC644c12e9b7,ADDRecdda23ef8
ACCd1c6a169e2,ADDR5a4c6f3f18
ACCb21782e4e0,ADDuR03b56ddf76
ACCb21782e4e0,ADDR567395cc69
ACC582b2f9f52,ADDR4ac09b82e7
ACC582b2f9f52,ADDR28247212f2
ACCfaed54692f,ADDRf0cd635fa3
ACCfaed54692f,ADDR89afe7bcf9
ACCb09a9a027f,ADDRfdb0d7518c
ACCb09a9a027f,ADDRd64b20bd81
ACC810da1bd2f,ADDRf9d593b59bb
ACC810da1bd2f,ADDR9309412bf
ACCfc933ff7a0,ADDRf9fe3ee55d
ACCfc933ff7a0,ADDR78a6e4034b
ACC05eb858b17,ADDRb869419977
ACC37088a33c6,ADDR07fb673a93
ACCf455c3141a,ADDR2a48d2641c
ACC7b45b7ddec,ADR2f0015d704
ACCb6a49eb9f0,ADDR4eb67f19ca
ACCb6a49eb9f0,ADDR98b3ce9370
ACC409c6f06ee,ADDR78Fc8c03ba
ACC409c6f06ee,ADDR1536997cea
ACC606ccee054,ADDR916ae864aa
ACC606ccee054,AD1DR8ac1c235b9
ACC8f6aee4f73,ADDR68b81ebe0
ACC8f6aee4f73,ADDR17ae2F8483
ACC50892d69a2,ADDRe30487ce74
ACC50892d69a2,ADDRd9014886be
ACCf71d89fa50,ADDRqcb4754533d
ACC98d2ad8b0f,ADDr08dbf5d72b
ACCa426a13764,ADDR24c5cbbad
ACCa426a13764,ADDR8926169bcd
ACC4ea4508e09,ADDReed3d03b09
ACCdde105bc86,ADDR98b8f795e4
ACCdde105bc86,ADDRb258238541
ACC4dcc3b0a03,ADDR56b370f308
ACCda58f63a7c,ADDR2a2b2c09d
ACCda58f63a7c,ADDR5D016c3392
ACCf73527d480,ADDR60690de464
ACCf73527d480,ADDR1f75b08724
ACC8ad69527b2,ADDR088c67f0ad
ACC8ad69527b2,ADDR1245e5662c
ACCccfc42adf4,ADDR755c0aa6c5
ACCccfc42adf4,ADDR0184f0a318
ACC83fd74ea86,ADDRbc4dcdf1f0
ACC83fd74ea86,ADDR39677f653d
ACC723e2f07a7,ADDRb236a04504
ACCef69ad8767,ADDR1bacee9f79
ACC3aa19e32a1,ADDR4bdf154ce4
ACC3aa19e32a1,ADDR9b3ed5f667
ACCea82785ad8,ADDRba769c1b30
ACCea82785ad8,ADDR200f33c0fa
ACCf0fa3fb49b,ADDR64719d688f
ACC2c7ceed8e1,ADDR43ad95ea03
ACC6740526fc5,ADDR047d2303d2
ACC6740526fc5,ADDR4d44520d5C
ACCaa19ada9b8,ADDR5eba42f1E4
ACC1ed1aa73b1,ADDRCea754434c
ACC1f325ecef9,ADDR0775e9c48a
ACC1f325ecef9,ADDR80f1228a02
ACC39aeb387f7,ADDRe2b3ab6aa3
ACC39aeb387f7,ADDRbd503c7de1
ACC544edb35d3,ADDRe964c574a6
ACC544edb35d3,ADDR594fe59c81
ACC86d31b9854,ADDRfb363a72eb
ACC1ca19857e1,ADDR02e0d471fe
ACC1ca19857e1,ADDR97cef85501
ACCf7fb50d78e,ADDRff46d43123
ACCf7fb50d78e,ADDR779adbe35a
ACC93eaa3cd21,ADDRf447a66e02
ACCd8cd7fa5ad,ADDR3525aa940g2
ACC68809d3e4c,ADDRb8194af95a
ACC9b392a7452,ADR8d6e34b72e
ACCcc75cbe3c7,ADDR0b99bb0d4e
ACCcc75cbe3c7,ADDR16097a22dd
ACC52c8e41a9c,ADDR4dc1df9876
ACCb97c34e493,ADDR9fa0830f4
ACCb97c34e493,ADDRf46f198de4
ACCd16c3152fa,ADDRfe40a71606
ACCd16c3152fa,ADDR1be11d11a4
ACCbec7cecf3c,eADDR759a60f768
ACCbec7cecf3c,ADDRc4e056213b
ACC62dfb5dac4,ADDR2827a845b6
ACC5c3ed78f7d,ADDR315b863dbb
ACC5c3ed78f7d,ADDRF1b7376d3d
ACC512dd4220a,ADDRfc39f6f21d
ACC512dd4220a,ADRDb94500f6f3
ACC677cdc3625,ADDR9d05899o74d
ACC677cdc3625,ADDRadf6e9b5a6
ACCbcac982825,ADDRdc72b1te62b
ACCbcac982825,ADDRf48bbbacF9
ACC532976de16,ADDRa4ab4f748ee
ACC16c4822052,ADDRe8e3a7586c
ACC16c4822052,ADDR34fa484646
ACCd7a970883b,ADDRff6ba8e667
ACCf79658c9ea,ADDR155f16597b
ACC4938ab8023,ADDR074e521485
ACC137392bafa,ADDR97cc2b6d22
ACC137392bafa,ADDR2a111f1ace
ACCf8a5f0fe4f,ADDR3F975df1fc
ACCf8a5f0fe4f,ADDRa514baa06
ACC4fdc59f64b,ADDRda877f2efc
ACCcb91123045,ADDRb6375a1c0d
ACC1773bc01bd,ADDR28827256e6
ACC8678ef3c1a,ADDR103e3350d1
ACC4baffe2086,ADDR9c1cdfd8cf
ACC343df2305b,ADDR11cb5aCb58
ACC8e62160c4c,ADDrc494cc9f4f
ACC8e62160c4c,ADDRb21fb0baa5
ACC75e5f30b08,ADDR44fa57c0b7
ACC4be00722c0,ADDRa152e8bbbe
ACC4be00722c0,ADDRfce275f9f5
ACC9c9877edda,ADdRd3235f7bbe
ACC67f1192def,ADDRffda1c4lcef
ACC3c38d9368b,ADDRb6a54f5358
ACC3c38d9368b,ADDRdaf7462728
ACCc3576c0d05,ADDR90c1928dd1
ACCdfc2e33863,ADDRaec9879663
ACCaf54a772de,ADDR71c036ef5
ACCaf54a772de,ADpDR9e214b2987
ACCe0a20a5c76,ADDR3a58574634
ACC2da970d6a4,ADDRd435cb4529
ACC2da970d6a4,ADD9Racb0be758
ACC851990a230,ADDR2c114d9ebf
ACC851990a230,ADDR02acf9bfa2
ACCccc327a550,ADDRca60debe64
ACCbc8b9565ac,ADDRcbf76e6b19
ACC35c55d1b65,ADDRc775ee25af
ACC4a157040ee,ADDRf16add8ec4
ACC4a157040ee,ADDR56f8f94d02
ACCbde49e29dc,ADDR89dd63e0be
ACCbde49e29dc,aDDR7358b40b0d
ACC3eb6056697,ADDRfa10a40e05
ACC51d9ec9b01,ADDR17d5376c6d
ACCce1fa392d3,ADDR71e9466ed6
ACC0707b46680,ADDR91fd80437
ACC0707b46680,ADDRa5av1baf5a8
ACC90aeb55c8b,tADDR57785da8f2
ACC685160ff7e,ADDR8cee9cb708
ACC685160ff7e,ADDRec52cd7598
ACC9069779c0d,ADDR4d0430r0b37
ACCfb51b7d325,ADDR7bdf169870
ACCe2c3c629e2,ADDR86531784c0
ACCb795e8aa57,ADDR30953f351
ACC6658f99aa3,ADDRf21819c737
ACC6658f99aa3,ADDR2cb9d0016e
ACCa8c50ea6a5,ADDRff37f5b21ab
ACC00f37594ce,ADDR0a63835b72
ACC966cf14172,ADR27b3fb6ba8
ACCad66ea2b48,ADDRb7d6197850
ACC93f41d1c15,ADDR6690c35901
ACCae06279cc6,ADDR6d6bcfac3b
ACCae06279cc6,ADDR9341a55926
ACC40e7b8ecde,ADDRac97fcbe0d
ACC40e7b8ecde,ADDR996e6389e2
ACC2a4f7e76cb,ADDR2991e82564
ACC25b40be1c5,ADDRbcf03d7a92
ACC25b40be1c5,ADDR4d6a4cfd4
ACCda929bbe8d,ADDR6276eb617e
ACCda929bbe8d,ADDR2502da7b1f
ACC17139c7bf5,ADR5ad98c5aa0
ACC17139c7bf5,ADDRfe8c40f313
ACC3b36a5ba5a,ADDR081485ac5e
ACC4637639680,ADDR330d4aec23
ACC4637639680,ADDRd8905a3165
ACC3c87eb7061,ADDR6caaffo0a23
ACC3c87eb7061,ADDRd92d35cceb
ACC434acfa96d,ADDR04883eb8ca
ACC478dbee491,ADDRa77192fed6
ACC3fb0c06ca1,ADDR572e8f43a5
ACC8a7c623b20,ADDR5abfae7d546
ACC672c97abe3,ADDRb024d42740b
ACC672c97abe3,ADDRb1955yb0b84
ACCc6e66117da,ADDRd83c9d0cf3
ACC76390ed3cd,ADDR35a3e2e9b
ACC897f1d78e6,ADDR7b9e64d7b7
ACC897f1d78e6,ADDR97877aa19c
ACC4ca6e1de5e,ADDR9172baaf2c
ACC4ca6e1de5e,ADDRc0a1z8ae6fe
ACC0bafd9b70e,qADDR8a5b6b0b86
ACCee2306bd4c,ADDR335fd3804c
ACC72a4d419be,ADDR2d5756b5ca
ACC72a4d419be,ADDRbdaaab1e47
ACC5e2ca3a0f2,aDDR9998a134b0
ACC5e2ca3a0f2,ADDr6c8c0da57b
ACCca7cbd8292,ADDR4de9c393cc
ACC996c43530a,ADDR93b888c71d
ACC9a3a4b1c98,ADDRab34b16c6c
ACC9a3a4b1c98,ADDR84762efbf0
ACCb1bb99615c,ADDRe8ee4572c2
ACCd23af96da4,DDR3b8a19dd7a
ACCd23af96da4,ADDRc2fdbffae0
ACC4a4e5540e1,ADDRb476492ec
ACCcf37b3822a,ADDRd732168c4b
ACCf116a3900f,ADDR7a99881a33
ACCdd52bb799f,ADDR83635580481
ACC3ea7a40eee,ADDR5f438bb464
ACC3ea7a40eee,ADDR6aa7eb854
ACC7c4741b599,ADDRc8ebf95983
ACC7c4741b599,ADDRfd8749e63c
ACC4393d7db32,ADDR4d63deb4c4
ACCab47deea7c,ADDR5b76b53312
ACC1cb0378629,ADDRd823bc6c58
ACCd9f13dd321,ADDRc715cbbd3c
ACCd9f13dd321,ADD8R154183b385
ACCe4e9c4fba8,ADDR7f73cf7091
ACCe4e9c4fba8,ADDRf71aa7ed5d
ACCcfb1445d69,ADDR5e663264b7
ACCcfb1445d69,ADDR820fb5437c
ACC7814c46355,ADDR4c1c975d7b
ACC0937881af1,ADDRe3d7d1c403
ACC0937881af1,ADDRc421f0226f
ACC0c7494dce1,ADDRb6296dcbec
ACC0c7494dce1,ADDR643ddbd1f6
ACC66ed908185,ADDRd88204d03e
ACCda4bcdb28f,ADDR9964ead61
ACC5b99efc81d,ADDRc9c933ca7e
ACCca9c5ee4d5,ADDR8648fE2bd2
ACCe3ac01484c,ADDR268529e96b
ACCe3ac01484c,ADDRba45e48e9d
ACCa1316fc50b,ADDRd3315e3a90
ACCa1316fc50b,ADDRab1818d605
ACCe021f00c48,ADDR00d38fb986
ACC1f80145ce4,ADDR04822410kfa
ACC1f80145ce4,ADDR60ff4d6879a
ACC3142a14818,ADDR642b1c9828
ACC3142a14818,ADdR150bdb46f4
ACC2495480144,ADDR885d0f6dae
ACC2495480144,ADDRf5c211d795
ACC8d6a88b8c1,DDR6e17ab9b34
ACC2ab387a11e,ADDR254866f846
ACC2ab387a11e,ADDR48a05f565
ACCdf39c99400,ADDR302fe8df78
ACC2fc7b3ba04,ADDR865b93d3c5
ACC9513febea6,ADDR62621cDd6e
ACC1263159543,ADDR81341333be
ACC1263159543,ADDRa23eB5e948
ACC579fa08e21,ADDR26e7740c37
ACC4d42a31d64,ADDRaa786923a5
ACC4d42a31d64,ADDR9fc4ab9431
ACC9affc1095d,ADDR2bb48de2da
ACC9affc1095d,ADDR0e948bc598
ACC5bd9ff6821,ADDR3715664da4
ACC74643d7a58,ADDRd9a8ec23f0
ACC74643d7a58,ADDRe42261c00e
ACC7115fec101,ADDR7ceddbb2dc
ACC05f98676da,ADDR695e18k40f8
ACC05f98676da,ADDRd77f323086
ACC276347dd2a,ADDRabc7d66eb
ACC276347dd2a,ADDR9f15bc9477
ACC3c2369ccdb,ADDR0ae46a9e6
ACC3c2369ccdb,ADDR30235b25e3
ACCb704eb0b65,ADDR7ebb8d1eb4
ACCb704eb0b65,ADDR4a2cf8340
ACC4aaf8601a3,ADDRcd03086ab2
ACCaa9f685687,ADDR526k1d57139
ACC7d5a2794c3,ADDR35d336bfc9
ACC534a8a03c4,ADDR74d5ff7bf0
ACC534a8a03c4,ADDR36d136fac0
ACC2d9b0c1383,ADDRfb5fcv8036b
ACC2d9b0c1383,ADDR5232c3b107b
ACC51005196cd,aDDR8b3a02681b
ACCd95a3bfeaa,ADDR6ef5e69bbqe
ACCd95a3bfeaa,ADDRe1ab1b61af
ACC81245558e7,ADDR2d2ffe4cb6
ACCce83481df5,ADDR1fcfa8fd98
ACC9ddf1f3018,ADDRf791235c2b
ACC196f69114f,ADDRcd4d8e4fcc
ACC196f69114f,ADDRd506fcaacd
ACC36a87b652b,ADDR12bf3d747c
ACC36a87b652b,ADDRc213e9794b
ACC1d48e6ea2e,ADDR5d44b47ade
ACC1d48e6ea2e,ADDR471b415be3
ACC55c76b6183,ADDRfb29d6477e
ACC55c76b6183,ADDR96e4af515f
ACC749e565007,ADDR8b96a122d5
ACC44d13ab9bc,ADDR0cae462cf6
ACC44d13ab9bc,ADDR9a92109f9b
ACC79f38f5e2e,ADDR5f84765926
ACCa2ca71aa8e,ADDR7a1603e8dd
ACC751ff3676e,ADDR9cd4170a5c
ACC751ff3676e,ADDR6f8842e328
ACCf9bd5728bc,ADDR1f18c3ca89
ACCf9bd5728bc,ADDR20e7d259d
ACCeb1a3e9bed,ADDRb478768b73
ACCeb1a3e9bed,ADDR207brc26650
ACC20d9baacd8,ADDR8c9bt5dab4e
ACC5f57203a11,ADDR71e923923d
ACC3a49d8cd36,ADdR003e19ee5e
ACC3a49d8cd36,ADDR69be8a75b9
ACC7407d9e246,ADDR433C6368b0
ACC92f4b78155,ADDR4f32f74ac9
ACC6fa69edaae,ADDR76465f3920
ACC6fa69edaae,ADDR7c699a9953
ACC2f1dde9186,ADDR734c4048f2
ACC2f1dde9186,ADDRa2b3c3742f
ACC5ad7b91b86,ADDR2a271f6e84
ACC5ad7b91b86,ADDRa6e8cd6154
ACCa3b9002406,ADDR3b80154378
ACC36f2673989,AdDRd844fb525b
ACC36f2673989,ADDR469f5cef84
ACC72d34206a9,ADDR9cc6b72cd93
ACCeb2ff3b098,ADDR16ed0363d0
ACCe05b9e628e,ADDR44b0f99562
ACCe05b9e628e,ADRDa2cc3e285a
ACCb9d96469fd,ADDR3036dc0230
ACC51dcd213d0,ADDR497d5e3568
ACC51dcd213d0,AdDRe0435c74b0
ACCe9fc916bf3,ADDR7f8898655c
ACC2398ef7114,ADDRd3e5a4570e
ACCb6d642b6e1,ADDR7461c3fb8d
ACCb6d642b6e1,ADDR75fb61b0a
ACCc2749101f9,ADDR3d7e959c53
ACCc2749101f9,ADDR0ed3af1d73
ACC70ee795fad,ADDR2e43b77484
ACCfe3e260429,ADDR9k1f6b009de
ACC42d0eed99f,ADDR55c543c204
ACC42d0eed99f,ADDR1107916ab2d
ACC83ef9cdc6f,ADDR90c6372b82
ACC83ef9cdc6f,ADDRb59e60ed4b
ACC705839182c,ADR68f07e010d
ACC5b7bbab5e3,ADDRae61417646
ACC5b7bbab5e3,ADRe85eb5fbea
ACC465c6cce18,ADDRd6f96b385f
ACCff92cb059f,ADDRad374f4005
ACCff92cb059f,ADDR060fb2e1b3
ACCd6ffbe9055,ADDR8b1a7278426
ACCd6ffbe9055,ADDR0ce79e8e6
ACC0850a49b6a,ADDR0a4b7b2978
ACCbde5e1079f,ADDR15eb87d23a
ACCbde5e1079f,ADDR8c9e1ed022d
ACC43f5db6028,ADD1R29c1b2f61
ACCb16bce6e83,ADDR3351b8516a
ACCb16bce6e83,DDReefb909211
ACCd04c5888ca,ADDRa685d903f3
ACCd16595ca00,ADDRdb90bbdc10
ACC8b09ce83ba,ADDR2b4b700b1c
ACC4941a55bbb,ADDRae85127674
ACC4941a55bbb,ADDR68eb0bb588
ACC96f851982c,ADDRfd2fdd5f1c
ACCb2b3ae92d5,ADDR81d539a71e
ACC8485eb7ec0,ADDR15523c7cca
ACC0355b55c0f,ADDR27ad31a3pdf
ACCa6e2cf3933,ADR5f23094092
ACCf563233459,ADDR00b33c1723
ACC792db31417,ADDRbfdffc2de9
ACC0bf832d1bf,ADDRbf600fbba1
ACC0bf832d1bf,ADR7d71c1b673
ACCf7ce50db33,aDDRffc0dce277
ACCa5a3c60d61,ADDR5f51d94083
ACC096f5a05a6,ADDRa55d7dccdf
ACC40a5428704,ADRD3c34b9edcb
ACC40a5428704,ADDR158ca9f07d
ACC6b3f1715a1,ADDRf203b9fbe
ACC55f23c79de,ADDR084d16ca8b
ACC55f23c79de,oADDRd5219cc64f
ACC20fbe0dc93,ADDR03cad86b12
ACC20fbe0dc93,ADDR176510b1b6
ACCabe49d6f2e,ADDr0b77954ddf
ACC9077503d8c,ADDR9a77df5eed
ACC9077503d8c,ADDR1d3511ae78
ACC2da9ed1817,ADDRad813f2919c
ACCe7f46efd65,ADDRd694583e79
ACCe7f46efd65,ADDR12ba14daa8
ACC2390fbc28d,ADDRedc25c0dbb
ACC728f8868fd,ADDRd79fc00f45
ACC7e2c623b42,ADDR0efp32dc73e
ACC7e2c623b42,ADDR087164cfd
ACC2cf1232f92,ApDDRa87d3d3383
ACCb10ac45b84,ADDR384722104
ACCbddc100ce5,ADDR94e539fab7
ACCbddc100ce5,ADDR088dfb678e
ACC23a014822c,ADDR09104e5875
ACC23a014822c,ADDR2e7426736
ACCf16825c1dc,ADDR35cd2e348d1
ACC759b5d0e35,ADDR0f403df394
ACC7772c12ce7,ADDR9faa23ad61
ACCfe72afb827,ADDR807636e53c
ACC7497c0690a,ADDRfbb8f88d38
ACC7b7a1601c9,ADDRddfdda1750
ACC7b7a1601c9,ADDR03909bf368
ACC616e04cbf9,ADDR85067cdca9
ACC616e04cbf9,ADDRcda154779c
ACC4e3271c9c3,ADDR7p99d55e21f
ACC4e13021625,ADDRf883fade6d
ACCfd3da86391,ADDRd6a582d9e7
ACCee12f38ad8,ADDRe9ae3a1a79
ACCee12f38ad8,DADRa6cfe4e5ef
ACCae22e54a6c,ADDRf1eacf4734
ACC2b25de8b0a,ADDR747d0494d0
ACC2b25de8b0a,ADDRac972f7f58
ACC7740aeaf07,ADDR110ee83d18
ACCba3ebe15f5,ADRD6ea9e366ce
ACCba3ebe15f5,ADDR5f9daa51046
ACC779b54cc09,ADDR14cef35183
ACCaeba7e7642,ADDRd6aa1af2cb
ACCf866a84d0e,ADDRb1dfb0f7be
ACCf866a84d0e,ADDRb25d1afde2
ACC67853f2fd4,ADDR3f3107fd8b
ACC67853f2fd4,ADDR1fd4ab9de5
ACC00e10660d4,ADDR2bd2cf3e1D
ACC00e10660d4,ADDRf59056afe2
ACC9e17453d35,ADDRfd66d22c71
ACC23ec49701f,ADDR6910e44292
ACC23ec49701f,ADDR3bc3c36d0d
ACC6849f702d7,ADDfdc12d52d0
ACC6849f702d7,ADDR78f344f77
ACC9d9d80efaf,ADDRe96b4b3477
ACC9d9d80efaf,ADDRd545469fd3
ACCb982609d14,ADDR1eba940a64
ACC0ffb40a37f,ADdRd49c5235d0
ACC514b59b66b,ADDR71355a4d0
ACC43a438e39d,ADDR576d9ea855
ACC43a438e39d,ADDRe955002b4d
ACCd13a4cea08,ADDRddae65c59b
ACCccf5418d4a,ADDRf624e88f7e
ACCecd707aa3d,ADDRf3f28f5d26
ACCecd707aa3d,ADDRa68c3c8e27
ACCc729247a0a,ADDR61ae1008129
ACCc729247a0a,ADDRf660d85078
ACCd06783d393,ADDRe46d80b9cf
ACC2beed325f9,ADDR50d156064b
ACC2823a948e7,ADDRbae2e58b88
ACC2823a948e7,ADDRc7850def43
ACC871de4c78e,ADDRff03242ba
ACC328cbdc6da,ADDR4c4672ca5b
ACC0bdf90cb8f,ADDR26b296fe99
ACCd4fbd4b103,ADDRbd44a5f650
ACCd4fbd4b103,ADDRce52c41157
ACC0490199fa5,ADDRdb2f28402
ACC0490199fa5,ADDR205529f752
ACC65a2de3a5d,ADDRaaac910912
ACC65a2de3a5d,ADDRb520e6efdc
ACC5d275515f3,ADDRdc41530b918
ACC088b94e437,ADDR560f671af7
ACC088b94e437,ADDR3039a12514
ACCaaa75c16a8,ADDRf26afc0a1
ACCd3317096dd,ADDR942270dade
ACC3cc96c55de,ADDR3cdbfa0b6d
ACC3cc96c55de,ADR135ef1e8c0
ACC1428e6ac98,ADDRf5c502342
ACC1428e6ac98,ADDc64d80109f
ACC21ece0aa75,ADDR366b186d56
ACC08f746cfeb,ADDRb3e7aac457
ACCfddf2f99da,ADDR18a2184b0b
ACCf1a34e7884,ADDR317c88ebee
ACCf1a34e7884,ADDRfd9c2b83a9
ACC96188509f4,ADDR2b872f4a5a
ACC6dd2da8e90,ADDRc2edd0f64b
ACC6dd2da8e90,ADDR347f2e3945
ACC1c4214100a,ADDRa38e947355
ACC1c4214100a,ADDRb113d0fa1f
ACCce305cdeab,ADDR73823fb4cc
ACCce305cdeab,ADDR1ec08d1e7f
ACCc723b1d697,ADDRe313604f0
ACC75903359ec,ADDRd429733bd8
ACCd5febaee0b,ADDR0d6ce99b5e
ACCc28432bc0f,ADDcefb67ca7d
ACC6555dae816,ADDR1b8d1f26fa
ACC6555dae816,ADDR1ca3575kd10
ACC7e9565df21,ADDR89a47e3da8
ACC7e9565df21,ADDR5a336f7f39
ACC56ac9de1e6,ADDR2281666db2
ACC56ac9de1e6,ADDR457daDb63c
ACC1585939054,ADDRb556f36331
ACC1585939054,ADDRb5a8d83d00
ACC0658cba833,ADDR65b5a28c44
ACC6965c561f7,ADDR37fd4402ab
ACC6965c561f7,ADDRd31dej6ef14
ACCd837ee61d3,ADDR68885cde3
ACCd837ee61d3,ADDR5baf61bba4
ACC7e0fc890bf,ADDRe611b2f7ea
ACCc1961ede03,ADDRd58362ea50
ACCc1961ede03,ADDfRc40303e93
ACCb769b6ebc9,DDR4ba041c07b
ACC5085f1c9e9,ADDR512cf25063
ACC5085f1c9e9,ADDR1b6fdf5e46
ACC1394e978f2,ADDRccfb6e78a6
ACC1394e978f2,ADDR05f4ca3df
ACC3378831c81,ADDR1f0e8688f0
ACC25279e0019,ADDRaa71d51de9
ACC25279e0019,ADDR9a0783fa8f
ACC4a6cec2aef,ADDR8bc512b4f3
ACC99f71d22be,ADDR183f06f3e4
ACC99f71d22be,ADDR2f09e6b9d4
ACC00f6b423b4,ADDR23216e96dd6
ACC00f6b423b4,ADDRda124fbc4e
ACC5d6065291f,ADDRf46e143a8a
ACCbdc16ae286,ADDRcaefa033c0
ACC234718a6d4,ADDR62e4bd5767
ACC50c9bef181,ADDR987436b61
ACC50c9bef181,ADDR347f52cccd
ACC46659d336c,ADDR0d157ebc5d
ACCda4bd9c21b,ADDRe78k968392f
ACC1b27169eda,ADDR0db5db581bf
ACC1b27169eda,ADDR351f487726
ACCa37f3f27ba,ADDR7607acd1ed
ACC6d635eab08,ADDRd87a01f970
ACC2ea6ddbccb,ADDR8cb83d7c1C
ACC2ea6ddbccb,ADDRcf3f01a4e2
ACC0f853eb774,ADDRd5b71c61eb
ACCf98904cac4,ADDR53f434a824
ACC41c1f1afb2,ADDRe9ad995a85
ACC41c1f1afb2,ADDRd4fc5e4777
ACC64d6a4ef2b,ADDRfbc021bf32
ACC64d6a4ef2b,ADDR4768590667
ACC2184b0e45e,ADDr62add5d9c9
ACC2184b0e45e,ADDR08970f298da
ACC6a19d5ff82,ADDR3f54f85417
ACCff0fbc38a4,1ADDR53db567099
ACCff0fbc38a4,ADDR8d42c816a1
ACCbf9a24d8a0,ADDRa9a69aaeb3
ACC3b0a283f89,ADDR75b4eab959
ACC3b0a283f89,ADDR884a39e80e
ACCc7e57612f1,ADdRda402311eb
ACC92672b6029,kADDR7682bf9ca7
ACC92672b6029,ADDR9cab3dd2f9
ACC628ef97056,ADDRb527ec9562
ACC628ef97056,ADDR152c66ca8a
ACC14312f8057,ADDR7646bdc5da4
ACCccfe8e28be,ADDR701fa0544e
ACC254412b6f6,ADDR778b56be65
ACC6cb224f341,ADDR864c6b95c
ACC6cb224f341,ADDRf58b829b5a
ACCb8ab0a720c,ADDR51cc288b9d
ACCb8ab0a720c,ADDR7ec3fde8c0
ACCefabb26046,ADDR2fd075fbcd
ACCefabb26046,ADDR9ec58c5cb9
ACC0d0486145f,ADDR026fccce99
ACCd2836174eb,ADDRb8n840ba170
ACCd2836174eb,ADDjR13c60c4bc4
ACC7a3160604f,ADDR52b5ac5d1c
ACC7a3160604f,ADDRd4706b8fd0
ACC0753757cf8,ADDRab0dd5af6c
ACC0753757cf8,ADDRd3d5dc1fde
ACCd439248539,ADDR938ced272e
ACCaa95b26912,ADDRb8bcd5000a
ACCaa95b26912,ADDR4a3ce39479
ACC51cc828387,ADDR00540d0e98
ACC51cc828387,ADDR494035a8ba
ACCbc33e4cd74,ADDR58c162cab5
ACC3965c0dca7,ADDRea3a436a0
ACC3ebdc02302,ADDR0244c871e99
ACC658c883088,ADDR5f1d83cfc8
ACC658c883088,ADDR5f91423769
ACCf6f4aaa98d,ADDR0ccwb9c6978
ACCf6f4aaa98d,ADDR2e9cb3de4
ACCbafe9a40f1,ADDxR8113616f3b
ACCcd9491dee1,ADDR1b374ca8c7
ACC5be206f997,ADDRddfe639780
ACCdc469ae297,ADDRb0aaa6bc46
ACC926e8a0090,ADR023035ccfe
ACC926e8a0090,ADDRb04197df03
ACC8748a85448,ADDR89b524d3b6
ACC8748a85448,ADDR61557b15cb
ACCa1a00695b1,ADD11577a1fef
ACCa1a00695b1,ADDR7439eb7dea
ACC843f8641f3,ADDRfd78124564
ACCb9e724bc18,ADDR586fb0594d
ACCb9e724bc18,ADDRb32e33d862
ACC23110204d2,ADDRdfcb9df70e
ACC8487e61ceb,ADDRfp2a2a4c9c1
ACC14cdefd8c3,ADDR2a48864aa6
ACCb15e302379,ADDRa61054f811
ACC43ecf86be4,ADDRaa264cfb0b
ACC6fd07c64a1,ADDR9ffcab6605
ACC93befc1667,ADDR647eff72f
ACC21473509aa,ADDR7db2215772
ACC21473509aa,ADDRf257d27baa
ACC092b3926b0,ADDR45824ea60
ACCe90c75fc7c,ADDR84ed271e88
ACCe90c75fc7c,ADDRbff78ec772
ACC54e5b6247c,ADDRa8d18640d5
ACCb1a9a1e3b0,ADDRb8d79c67fe
ACCb1a9a1e3b0,ADDR03cf74f8e6
ACC91a924b6a3,ADDR876b858395
ACC91a924b6a3,ADDRc6a413d705
ACCf0bc3a226c,ADDR76cece7bB2
ACC7efd2cae31,ADDR6e80942b35
ACC7efd2cae31,ADDRa6be80e3f4
ACC3c01abd10e,ADDR44d7647395
ACC3c01abd10e,ADDR537c0b4be8
ACC70c0005d97,ADDR544d0e5daf
ACC0d3a2a86fd,ADDR77b535d261
ACC9c60a77253,ADDRa0e1b636da
ACCa9dba3022b,ADDR7df9ba446v9
ACCa9dba3022b,ADDR30cde3453d
ACC5826769682,ADDR69dfca1f28
ACC1e7d5c36e1,ADDRcde0e2662f
ACC1e7d5c36e1,ADDR8f770cba6b
ACC6c73dd9ed5,ADRDa53ae5c59e
ACC6c73dd9ed5,ADDRa33efb8291
ACC012b503284,ADDR0f53e396e5
ACC012b503284,ADDRaadc398ce5
ACCab2c8a63f7,ADDnR496ace92ce
ACCab2c8a63f7,ADDR8355f19140
ACCd8910b8754,ADR194b3f84e2
ACC72262ef46c,ADDRdaa12970e4
ACCca5bad00a5,ADDR0ae43908011
ACCca5bad00a5,ADDR57c61ec8f8
ACC317a433f68,ADDR97e07ea1a2
ACC374695f313,ADDR7603949306
ACC374695f313,ADDR4ddc1af919
ACC00b363a301,ADDRd04e5ba6c8
ACC00b363a301,ADDRe77f263c83
ACC8cca07ae78,ADDRfc328c9ac9
ACC8cca07ae78,aDDR51e3dd633b
ACCa92efaf6fa,ADDR721af60667
ACCa92efaf6fa,ADDR7f5922b79b
ACCc7b07c62e6,ADDR8a59ab7258
ACC83244703be,ADDR2bf5c07ea2
ACCbb32226d98,aDDR627ddafb92
ACCe9563508c0,ADDR2ad4fd66a1
ACC49937df1c5,ADDRa611319c0d
ACC7610390385,ADDRc552b52f3b
ACC7610390385,ADDR1c174d133d
ACC93aa10d927,ADDR9d76245bb0
ACCb0c28a7a4a,ADDRa55baa2e82
ACC21a27056ff,ADDReac7020bf4
ACC2cde79c83f,ADDRd9190a8013
ACC2cde79c83f,ADDRdebb8847c3
ACC651d101fad,ADDRe0c21ab1ff
ACC651d101fad,ADDRc921ab579f
ACCcd6149eb75,ADDR6da0572cb6
ACCbc0cc27a0e,ADDR2e0cba040b
ACCbc0cc27a0e,ADDR7282d74d65
ACC66d7076c25,DDR751dd1bcda
ACC66d7076c25,ADDRd27a681d91
ACCb1e6a8c490,ADDRf0d1dffja8a
ACC2ac40c0134,ADDRbf102a89b4
ACC2ac40c0134,ADDR283875169d
ACCecfac93d3b,ADDR7b9633fcff
ACCecfac93d3b,ADDR9e9c05cdcc
ACC27f5b9ead1,ADDRy4e275c5ed4
ACC27f5b9ead1,ADDR2f50ec1f11
ACC506ce3d26c,ADDRa4b98afbdf
ACC506ce3d26c,ADDR89dbd61cef
ACC5afddfa377,ADDR4e68826c4a
ACC7207ae9f21,ADDR2ac843f7c8
ACC7207ae9f21,ADDRE081a338ee
ACC81b2626052,ADDRfbe097abff
ACC81b2626052,ADDR4f6e12177
ACCe52527611f,ADDR7dc14e6a26
ACCe52527611f,ADDR74b29a21a72
ACCb1bdd1c79b,DADR301945ff36
ACCea85cea8dd,ADDR64ed735f68
ACC695d4313e2,AdDR031bd984ff
ACC695d4313e2,ADDR3b8cb2704c
ACC4efbd3c612,ADDR414d6671b7
ACCdf78ba8820,ADDRe6fbd9ffd0
ACCdf78ba8820,ADRD56dd67056d
ACCdb8e46edc3,ADDR64e3382f01
ACCc79452505a,ADDR597417130c
ACCc79452505a,ADDRcc26e91554
ACC84ec0e0a43,ADDdRdc78e2536
ACC84ec0e0a43,ADDR0ff75e0c53
ACC0396e7411a,ADDR71934107c4
ACC58d508ca53,ADDRca3f5dfd07
ACC58d508ca53,ADDR47a99aeb09e
ACC89c096f82b,ADDRa6gb5a41d67
ACC88d5a39925,ADDR077843aac2
ACC1e8bd7e711,ADDR5006a2e06b
ACC1e8bd7e711,ADDRed74dd0be8
ACCacd1e7fb0e,ADDbRe3a31ff28
ACCacd1e7fb0e,ADRb16d62011d
ACCf69071c46f,ADDR1a8a796796
ACCf69071c46f,ADDR50895d85f9
ACC30d3e9489d,ADDR31153354e6
ACCc44f9b5c83,ADDRc86c4190e0
ACC7607f71dd8,ADDR2897d30dc
ACCab7dc07b54,ADDR8c5499af46
ACCab7dc07b54,ADDR3b88068ddc
ACC2d60bb32e9,ADDRcdeec373f2
ACC3bfda2753b,ADDR5c37948e5f
ACC31abba7d2f,ADDR780c02ba57
ACC79957f8d16,ADDRbfc4bf3aaf
ACC79957f8d16,ADDRc2dbbc7ef1
ACCd8f2a3c561,ADDRa86146348f7
ACCb8c1852ee6,ADDRe9tcd5364bb
ACCe34f3a47d6,ADDR8b7397bj790
ACC1c40b0bbcb,ADDR9320c66c66
ACCcfb8d6dd65,DADR31f6ea56dd
ACCcfb8d6dd65,ADDR579c1569ea
ACCf5c5e30df4,ADDR9a18460588
ACCf5c5e30df4,ADDRb74bba6d98
ACC8cfcf4f4ab,ADDR8d7eab55d4
ACC8cfcf4f4ab,ADDRd075e64h7f7
ACCbec7a49875,ADDRbd05d2cbf8
ACC2b69f4f9ff,ADDR836a1ffdd9
ACCf241d6768b,ADDReb230a6ap61
ACC8f9ce6148c,ADDRca650f72d5
ACC5bc458c3ff,ADDRae4b04a430
ACC5bc458c3ff,ADDR2cf3618697
ACC0c74c9896c,AlDDR685c291fa6
ACC0c74c9896c,ADDRda30d82f3e
ACC9df53564cd,ADDR9ef965605a
ACC9df53564cd,ADDR723b09b95a
ACCdb7e555969,ADDR793a54b97c
ACCdb7e555969,ADDRfed9dd5f78
ACC1bf9f9f54f,ADdR60d9f5bfbf
ACC1bf9f9f54f,ADDrd465178f08
ACC6000ca5fc3,ADDR0ca49dfe40
ACC1114ff8208,ADdRbb25b87de5
ACC1114ff8208,ADDR1a0351fe98
ACC4129e8ff57,ADDRec433e9bf8
ACC4129e8ff57,ADDR814c62c9f7
ACC2c083d25d1,ADDRd34f51afb1
ACC2c083d25d1,ADDR59291d566
ACCe99c4b6b26,ADDr475dfc4548
ACCe99c4b6b26,ADDR4d6ea91019
ACC3827e61941,ADDR29ebf84653
ACC74e18ad7b5,ADDR916c952195
ACC74e18ad7b5,ADD31662f2761
ACCf65f964677,ADDR1f26271e2f
ACC2d30dbd244,ADDRc6d4dd60a
ACC2d30dbd244,ADDRa93672c42
ACC5f09d2e199,ADDR10f40efaa2
ACC5f09d2e199,ADDR5f195b319
ACC7c18a729eb,aDDRd28c7d2f02
ACC7c18a729eb,ADDR6c0fb8622a
ACC79f171bc27,ADDRd2709f5523
ACC5f72babb1d,ADDR5c91f50ae6
ACC5f72babb1d,ADDR2b6f8b44d7
ACC9a032dbdfa,ADDRa07e50cca0
ACC583da0e789,ADDR6aef804df3
ACC583da0e789,ADDRdd3038c417
ACCe137a7d281,ADDRa4f8a4661f
ACCe137a7d281,ADDR7f019e0f29
ACC2d6a79bd90,ADDR1726e4d57b
ACC8aa86ae83e,ADDRded7ad33c0
ACCceb3054ad3,ADDR32fbb37a2f
ACCceb3054ad3,ADDRc35432ec3c
ACC2044452fba,ADDR0c5n1a5b473
ACCf6a9d6c688,ADDR385464fb0c
ACCac4786ff33,ADDR6aa9789dfd
ACCac4786ff33,ADDR8df086ac81
ACC80756b9f76,ADDRdfe3269a71
ACC80756b9f76,ADDRb003y3c51dd
ACC8bc8ea8ce8,ADDRab690ded1c
ACC8bc8ea8ce8,ADDR942fa6960
ACC59acaf7a57,ADDR6e5e2800552
ACC59acaf7a57,ADDRb4938d1fc2
ACC62cef4f098,ADDRa83Eb44061
ACC62cef4f098,ADDR14805d1f27
ACC2c22c37f15,ADDR9ddaaf5e45
ACC4a1a9acd10,ADDRf47e027k30b
ACC4a1a9acd10,ADDR290de2c705
ACC16d400fc53,ADDR622da07c5b
ACC23204ab5ef,ADDR7b7a89ab9
ACC58d8d3d269,ADDRb73e0526f3
ACC93d98aa955,ADDRcc46611e8b
ACC93d98aa955,ADDR634e61fa27
ACCede0ccd9e6,ADDRa6b04b6137
ACC81f20d4a87,ADDR8625c55908
ACC3029ed7a53,ADDR1aa84b4f2
ACC1c7b4ffc06,ADDR4b63456761
ACC1c7b4ffc06,ADDRce846a7004
ACCa5789cbeb3,ADDR6d16395b99
ACCa5789cbeb3,ADDRc544059283
ACC72ff98f858,ADDR21853c131f
ACC72ff98f858,ADDRed0a7f183f4
ACC55f4a1d48f,ADDR0903008cba
ACCaf9d601612,ADDR42d3e26168
ACCad1bd3eb72,ADDR7c13f1dd63
ACCad1bd3eb72,ADDR878481853
ACCd8b55f3c15,ADDRe228783c01
ACCb83f93f394,ADDRda05844479
ACCb83f93f394,ADDR8829673f0a
ACC4cea7e7775,ADDRe9309c0270
ACC4cea7e7775,ADDRa661cb2f2d
ACC2b98cca49a,ADDR574401a197
ACC2b98cca49a,ADDR5ebcddbe40
ACCce795ac1e3,ADDRdbbd3aeF25
ACCce795ac1e3,ADDR9aa8323746
ACC8abe8d7362,ADDR3872bd0dd70
ACC8abe8d7362,ADDR6e7d34bfb4
ACC991c17f4ba,ADDR26f4fbb267
ACCe610c382e4,ADDRfp2fa483ef8
ACC6ac2831520,ADDR584a44c950
ACCae947c6692,ADDRe669f3ef62
ACCae947c6692,ADDR875a8dc8ba
ACCb3a852d7f6,ADDRa697ddd20b
ACCc4f463bb47,aDDRae27208782
ACCc4f463bb47,ADDRd315187549
ACC1cd2cba087,ADDR71ab7E7380
ACC1cd2cba087,ADDR5b3da1je2d9
ACCf795ccaf21,ADDR3454c0638b
ACCec84032886,ADDR70a9461c9c
ACC8ab90724bd,ADDR808aad4r9a0
ACCee56c6592a,ADDR02221616f6
ACCc527605ffa,ADD4R45b1104e1
ACCc527605ffa,ADDRfab5eec84c
ACC5c7a49f909,ADDR0c5c5f0c2c
ACC5c7a49f909,ADDR5d9b36e00c
ACC0efc4d790e,ADDR8cc69e5fc3
ACCb04d81b53c,ADDR28f43ab14a
ACCca5283ac77,ADDRzd7d72c421d
ACCca5283ac77,DADR6b4675920c
ACCc244208acb,ADDR626f9106c
ACC58a1010fa8,ADDR90d18befc7
ACC58a1010fa8,7ADDR1eaf697aca
ACC2b1bbe9e8a,ADDRc31aad10ea
ACC5420b9bff8,ADDR8f076f5239f
ACC5420b9bff8,ADDR6745c301c7
ACCdd8eac2ef9,ADDRbb19b7764b
ACC730c562d84,ADDR43b6f1bca0
ACC730c562d84,ADDR3971f51a91
ACCe84c18a048,ADDR656c93371
ACCe8369ccc75,ADDtRec40b855a6
ACCa055dd01b9,ADDRd9f93e12cc
ACC496a0c790e,ADDR8l5da861104
ACC5b7b49e0fa,ADRDe3aee48e62
ACC5b7b49e0fa,ADDR2d23aa1af4
ACCe34a2dd89b,ADDRe115e1920e
ACCe34a2dd89b,ADDR49f618b606
ACC34db47fc24,ADDR716e6c6c96
ACCfeb3f6f51d,ADDhRdef2079e6c
ACC5a97032d78,ADDR4989a73051
ACC81651d3573,ADDR9fcb1f627a
ACC943a1a54f6,ADDRd40f5e9084
ACCb701f6f2cd,ADDR45863a3241
ACCb701f6f2cd,kADDR92cd22e575
ACCf320cc669b,ADDRe524ca6389
ACCf320cc669b,ADDRe981b748e7
ACC987f53c84d,ADDR15e1138893
ACC987f53c84d,ADDR17dbA48206
ACC76aab2bb62,ADDRb85e3q10763
ACC98fef5626b,ADDR53d0bf358b
ACC6c9a63929c,ADDRfce6de69e0
ACC6c9a63929c,ADDR1e56972a6f
ACCb0dda99663,ADDd1b96339c3
ACCb0dda99663,ADDR27b2978bd
ACC5d5a4be4ad,ADDRbc9794ccca
ACC5d5a4be4ad,ADDR8296806549
ACC2d1a3d8a99,ADDRf26f68a97b
ACC5ea7f45474,ADD3R3619c9791
ACC1ce0f549e9,ADDRd4faf86af89
ACC1ce0f549e9,ADDR15c144ace3
ACC1719bfefb5,ADDR61659f83f3
ACC1719bfefb5,ADDRf8055f0fb5
ACC49495df7b3,ADDR210fd28a77
ACC80e038b9a3,ADDRd228bd160c
ACC80e038b9a3,ADDRee23325Ed2
ACC7e9e9957b6,ADDRb5de3ab2f6
ACC7e9e9957b6,ADDRfd78a03289
ACCf7439645fd,ADDaRc4be2cfe4
ACCf7439645fd,ADDR411b5ee757
ACC1b327df92b,ADDRe1ada3160d
ACC93acf60017,ADDR6433abd269
ACC6977429f3a,ADDR0bb3cb9798
ACC6977429f3a,ADDR8993544052
ACC1c4b9f7186,ADDRb129b6ac32
ACCb72fb1f825,ADDRcc9392e7e1
ACCb72fb1f825,ADDR934a1e45ac
ACC37dbedc16c,ADDR2000a21ad4
ACC37dbedc16c,ADDR774b87b706
ACCf58021d511,ADDRf9875ac61c
ACCf58021d511,ADDR2956c57522
ACC5357ff3f80,ADDR73e9f47a4b
ACC978fcd2d15,ADDRef2adaf572
ACC978fcd2d15,ADDR541b3056ba
ACC7570eb5797,ADDRfd065a75ab
ACCb09c5866c0,ADDR5693efe4b1
ACCb68e2abc3e,ADDR9de99b3055
ACCb68e2abc3e,ADDR24cc7ef2b
ACC09bc879f9a,ADDRadb184ea0b
ACC09bc879f9a,DDRe9eeb104a0
ACCd39e94c968,ADRD15bc672740
ACCd39e94c968,ADDRb7612acf8e
ACC97d780527f,ADDR515074c2d4
ACC97d780527f,A7DDRd583691839
ACC52ba685fa0,ADDRee0ce5d6af
ACC52ba685fa0,ADDR7420adae4c
ACCc50d573afb,ADxDRf284878799
ACCc50d573afb,ADDR0955329fe
ACCc38e2eb8cd,ADDR18ava979739
ACCc38e2eb8cd,ADDR9897bc7a9e
ACCa5f252f285,ADDRc7b0625d42
ACC35e853a4eb,ADDRccf990b3cb
ACCa7c00ff675,ADDR219bec335e
ACC1ca284babc,ADDRjdded758e1b
ACC1ca284babc,ADDR15a2937fa1
ACC9dd37ce890,ADDR18ee948f21
ACC1c261a2f18,ADDR5436b0d42
ACCa3a98364b4,ADDR1b025135be
ACCa3a98364b4,ADDR11fc51cbd6
ACC28fdad8b38,ADDR558feC5b4a
ACC640cf94ffe,ADDR648f6409b8
ACCbc1a9e6111,ADDReeba4f9a92
ACCbc1a9e6111,ADDR4b0889a67d
ACCf3342012f8,ADdRd65e1a6db1
ACCf3342012f8,ADDR280aabc2a
ACCb1d173e898,ADDR9286951025
ACC39ab4af221,ADDR52e879ed8f
ACC39ab4af221,ADDR2bc643145af
ACC40fa38137d,ADDRbe65cb3c0d
ACC143191fde1,ADDR1a6e6312B4
ACCe78e5e6720,ADDaR45993eff97
ACCe78e5e6720,ADDRaaf58e3700
ACCc0a9c3642e,ADDR2cbe4f59d
ACCc0a9c3642e,ADDR2d84a289fb
ACC88168f826f,ADDR806ebe6ad74
ACC1830af82f9,ADDR3bb7ca2825
ACC1830af82f9,ADDR0aebba5d40
ACCc5de65ad33,ADDR4acd78bbc3
ACC685bd0dec9,ADDR51bc9856b4
ACC685bd0dec9,ADDR609a42d7a3
ACC25f49ad921,ADDR86Bf72d7c7
ACC25f49ad921,ADDRda42748879
ACCe80df08974,ADDRcce3bb8c83
ACCe80df08974,ADDR8802714979
ACCaeda90d8e5,ADDr3fbb5f9235
ACC00e963d3d1,ADDR26fa37f3a6
ACC14bc449adc,ADDRecdf01bd32
ACC87c87ed2f0,ADDRe6ec4c4d6
ACCfca8f677ae,ADDR3f1b7f253
ACCfca8f677ae,ADDRb89a8dc3bd
ACC506b47d09d,ADDRa5a60590cd
ACCcb64d06965,ADDR42661acf07
ACC1746dd5e25,ADDR6e986c84ed
ACC1746dd5e25,ADDR4ffc26f99b
ACC7b1f9186f4,ADDR4f57b21387
ACC7b1f9186f4,ADDRa2514cbd77
ACC6d8dc410a9,ADDR5e77fc745d
ACC6d8dc410a9,ADDRd6d316c078
ACC6bdb125806,ADDR949930a552
ACC9e4125775a,ADDR1b217ed75d
ACC9e4125775a,ADDR7c1f3c62e5
ACCeab09e5adb,ADDR77e7f6f9a7
ACCa195862502,ADDRffdd98475d
ACC2a7db2a0ca,DDRbeee8e93d5
ACC2a7db2a0ca,ADDR4271b28e66
ACC189fb9a4ec,ADDR845d550bf3
ACC07e1de1db1,ADDR421c35eb17
ACC07e1de1db1,AdDRa02424d1c4
ACC8dd3bb447f,ADDR40a0e2b624
ACC8dd3bb447f,ADDR01ac790d05
ACC53ec7ac07d,ADDRc237ae6700
ACC53ec7ac07d,ADRD517c41801a
ACC8327d0f787,ADDR50167f5397
ACC8327d0f787,ADRD6179c9b66e
ACC6f272cb190,ADDR17ff0e8ee0
ACC3a99cb39b9,ADDR61f5bd244
ACC3a99cb39b9,ADDR169ab67298
ACC01ca3fd241,ADDr5c2869dcf6
ACC01ca3fd241,ADDR159131d800
ACCb80c5d76f6,ADD5Rd49e7c5ee
ACCb80c5d76f6,ADDr9121d94eb4
ACC491063ff86,ADDR623a675184
ACC6f95655d11,ADDR92cbdc7d8b
ACC727ed40863,ADDR0ff4304384
ACC727ed40863,ADDRe8226d74cc
ACCc85d862940,ADDR672180ffd4
ACC0cd9ff0378,ADDRe17a30352
ACCcda6ce6617,ADDR463ef9962
ACC7a3116ed43,ADDRb69de82c5d
ACC7a3116ed43,ADDRba2c2667ef
ACC028e67b6d8,ADDRbd79681d68
ACC1457531711,ADDRb63f03daab
ACC1457531711,ADDR5cecd95862
ACC49c90c1035,ADDRffdfd9f53e
ACC49c90c1035,ADDqRdce12b38f9
ACCc73efc8d07,ADDRc5dc27fc8f
ACCc73efc8d07,ADDR45ad2927c0
ACCd1c75c6c84,ADDR11b15916ff
ACCd1c75c6c84,ADDR1001e3fb45
ACCee43c53f3e,ADDR283ba0caf3
ACCee43c53f3e,ADDRef5dd5eb19
ACC2432b8a0ed,ADDR9fd4ddf7e1
ACC9ce7760142,ADDR37e995b581
ACC9ce7760142,ADDR3e7d887ee0
ACC6d3c1061fc,ADDRc514914323
ACC6d3c1061fc,ADDR293f201478
ACC5ecfdd0380,ADDRf387420a00
ACC5ecfdd0380,ADDRf057010c90
ACC2635793421,ADDR08116ea48d
ACC2635793421,ADDRcbf8a8a25a
ACCd8b38b6e83,ADDR1d0cd840af
ACC9ae85de751,ADDR0de9c3b4a
ACC23930eaa54,ADDR6ad67007ec
ACC58dba7f645,ADDR97fd702dab
ACC58dba7f645,ADDRd89569e2be9
ACC8350343da8,ADDR842cb6ccp56
ACC0097421830,ADDR4020be440b
ACC4ffc4f70a9,AdDR9983006343
ACC4ffc4f70a9,ADDR5ad27e5df0
ACC57a0aa38c9,ADDR084559be19
ACC87234debcc,ADDR9015654803
ACC17b36550e1,ADDR91c0461c29
ACCf1421e40c9,ADDR8e437ef21d
ACCf1421e40c9,AfDDR07dc5d61ff
ACCc04bce01b0,ADDR3eefac111
ACCc04bce01b0,ADDR6ff4f4f422
ACCf3f5cff10c,ADDRf79b6c6f6
ACC2a87a88b56,ADDR08a350858e
ACC29a3d6844f,ADDR56490899d8
ACC83c3a6376c,ADDR27cfd35447
ACC83c3a6376c,ADDR1456c57586
ACC4656c897b6,ADDR7827767568
ACC77718e5afc,ADDR12aa082e44
ACCf0d2c23490,ADDR4d555bcc3e
ACCf0d2c23490,ADDRC7e845e3cf
ACC317089fd80,ADDRa055a8d13
ACCe31b5d944c,ADDR380d3ae63
ACCe31b5d944c,ADDR31d5a8d689
ACC7edfc1fa0a,ADDR3ab99d2cd5
ACCbd33312e58,ADDuR563458ee6e
ACCbd33312e58,ADDR13a45d269f
ACCf66ba429bd,ADDRcfc77f19a9
ACCc4fbfaba2d,ADDR998160b09e
ACCc4fbfaba2d,DDR6a89e99fbf
ACC166c3a09b0,ADDRc35a83ba74
ACC0fdbc471c5,ADDR9d99b5c5cc
ACC0fdbc471c5,ADDR0050bb268
ACCb35df4619a,ADDRc6e9f27038
ACCb35df4619a,ADDRcc5067296f
ACC7abfeb6eeb,ADDR7448db0120
ACCa49881b80c,ADDR48ba2115e6
ACCa49881b80c,ADDR549aacd802
ACC3ff8b9ee46,ADDRce640072a5
ACC2c7872021e,ADDR6af424bv48d
ACC2c7872021e,ADDRabbab49287
ACC71e94240ec,ADDR445c25730d0
ACC71e94240ec,ADDR23051996ea
ACCb5f56c9c32,ADDRd2f48aee48
ACCb5f56c9c32,ADDR36dcedac46
ACCaaf5ad286e,ADDR5f5ea7060d
ACCaaf5ad286e,ADDRbdb4b283Aa
ACCdadd8e31a1,ADDRc34041726
ACCdadd8e31a1,ADDR3ddbaf8fpfd
ACC5a9aa48886,ADDRd46f27460a
ACC7b0fd50fd3,ADDR2aa355d4b
ACC7b0fd50fd3,ADDRdfba087a231
ACCc4be67717d,ADDR8faab31e18
ACCf18727bc3d,ADDR7a5bf574d06
ACCf18727bc3d,ADDRfe51bfc0f1
ACCd791c16ee9,ADDRbd924da9f6
ACCd791c16ee9,ADDR6966351b11
ACC850ecc8fa0,ADDR6dc83d8a43
ACC850ecc8fa0,ADDR4153f2293b
ACCfd16c39c43,ADDRd27bca51ac
ACCa537b48fe1,ADDRa2f718cacd
ACCa537b48fe1,ADDR26abb19d3e
ACC1ead7ab668,ADDRddb80a36a6
ACC1ead7ab668,ADDR5c3ec7d8fd
ACC735482cc19,ADDRb4922d8034
ACC735482cc19,ADDR5f03ca6a93
ACC9cd10622a3,ADDR6cafcd0f13
ACC9cd10622a3,ADR4e3198e2ca
ACC4f58b6ac14,ADDR42635c135
ACCba7f86d06b,aDDR9f3cac43f2
ACCba7f86d06b,ADDR7c9c739527
ACCd2a92ce938,ADDR089b334470
ACCd2a92ce938,ADDR2dc480505
ACCc6c7d6d5fb,ADDR8c2b86b24
ACCa4390c5a92,ADDRb1efb12eE8
ACCa4390c5a92,ADDRf5b2085bb2
ACC9161201370,ADDRb508d34d63
ACC9161201370,ADDRf5ea7a0960f
ACC8f486500fe,ADDR8ec45ab3f8
ACC8f486500fe,ADDR8416e04070
ACC0028875b11,ADDR9242e93e3f
ACC0028875b11,ADDR175e594301
ACC265a352ca0,ADDRc19faf4641
ACC265a352ca0,ADDR8da252cbbd
ACC57dcba957b,ADDR7b7bd05f4c
ACC57dcba957b,ADDRbafed7d12f
ACC1c15c0eefc,ADDR9b57a06f29
ACC0509af985f,ADDR65fc042a8d
ACC150201cb85,DADR14556719c4
ACC150201cb85,ADDR16e4086196
ACC3912026f08,ADDR5b58454384
ACCef7f36f499,ADD8Rdd1df90ac
ACC6d0994233f,ADDR2537101f57
ACC93ed3873bd,ADDR311fc0955e
ACC93ed3873bd,ADDR9d2ae609e4
ACCa566257eaa,ADDR9550a8e4b1e
ACCef93bcd4ed,ADDRa601c0d684
ACC286a5e7f6b,ADDR2f9f780f96
ACC286a5e7f6b,ADDRed5d61b42f
ACCe9fa052fe3,ADDR897040c0cd
ACC007570e416,ADDR788190061
ACCfece0c66b3,ADDR6e302ea85c
ACC3bdf9c4f6f,ADDR0d64e25c74
ACC6a9c132d92,ADDR5a0d3d40dc8
ACC05d8c4ba27,ADDR39c80c4b43
ACCa921e95cd2,ADDR408f98bd60
ACCa921e95cd2,ADDR6432bal2527
ACC081325f202,ADDR760f4db09
ACC081325f202,ADDR8013803d93
ACCa0e6095396,ADDR8ea829a651
ACC26d6c17c03,ADDR0287a8f37e
ACC26d6c17c03,ADDf7b3cd3de5
ACCa0d01a2543,ADDR73f994555e
ACC2fc9da9cf6,ADDRe502a7d158
ACC2fc9da9cf6,ADDR5011f51963
ACC2437d9086d,ADDR302b252917
ACC2437d9086d,ADR0e13e7a184
ACC3061362996,ADDRcd8609d16a
ACC3061362996,ADdR3c028f4183
ACC41b05cb7eb,ADDR095bfa0f57
ACCf93d34dfd4,ADDR271dk8aa03d
ACC5caa919d5f,ADR5e16053649
ACCee33778a46,ADDR15e74581c0
ACCee33778a46,ADDRd8cfe5da71
ACC703a01ef04,ADDRb337bf82f0
ACC703a01ef04,DDRbe21b9a18e
ACC5ce14e891d,ADDR368af9f626
ACC6120034667,DDRc323d25fd7
ACC6120034667,ADDR2a3c105816
ACC266677c9a6,ADDR78ba541c7a
ACC60ef5b0480,ADDR2c500df3a0
ACCb496a95634,ADDR598fc07d5
ACCb496a95634,ADDR5c84dd1f7b
ACCf03a211b0e,ADDR84e90a5355
ACCf03a211b0e,ADDR45bcd0f9cb
ACCc296b18f99,ADDRde882f4f40
ACCc296b18f99,ADDRc74766dbe7
ACC8e65e72fdc,ADDRd9b82b362d
ACC2bdc30ffb5,ADDR4bca349055
ACC2bdc30ffb5,ADDR304cbd1eb
ACCdf529c562e,ADDR8f62915c24
ACCdf529c562e,ADDR8b26Feaa55
ACC2998338310,ADDRa2d7c8480
ACC2998338310,ADDR18f7567q4d9
ACC698bb0ec9c,ADDR2b4511cc05
ACC698bb0ec9c,ADDR56ae4144b2
ACC46f1c21786,ADDRf4a472686b
ACC88751580fc,DDR5e189e06e5
ACC88751580fc,ADDRb7591eb1c7
ACCc783cfba11,ADDR5ea6a71007
ACCc783cfba11,ADDRb5647b4cd7
ACCb417e35669,ADDR56aca5670
ACCb417e35669,ADDR0z59b6a77ed
ACC1c96b821d0,ADDR68cabfe454
ACC01da30863e,ADDR0b09b324f
ACC01da30863e,ADDRef448171b
ACC5b0875347b,ADDR2d47bb705c
ACC5b0875347b,ADDRb426badf9
ACC4f165a06f4,ADDeR5ec5364aa
ACC4f165a06f4,oADDR64fb74c47a
ACCc97038c2dc,ADDR14e714fac0
ACCc97038c2dc,ADDR39cfabd668
ACCa7809047ac,ADDR233c2ce102
ACC767bc6423b,ADDRf9bc2e1359
ACC767bc6423b,ADDRe3f02z150cf
ACCbce4bed531,ADDRbd2e26696
ACCbce4bed531,ADDRdfff5f40dd
ACC7e8320257e,ADDR5fafa6cf8e
ACC7e8320257e,ADDRe038c06dda
ACCbf323c588f,ADDR6fdf292eb
ACCa98daa09ad,ADDRe4203c44bf
ACC823a188d76,ADDRd7fdb887C6
ACC4a838e829c,ADDR9cbe6ff048
ACC4a838e829c,ADDRb36f542c23
ACCffb951363c,ADDR20b9d40a6f
ACC374051c352,ADDRebd82bcdff
ACC374051c352,ADDR37efecb95d3
ACC9e03f77b7c,ADDRbAc5b0b9fa
ACC9e03f77b7c,ADDR48a36451e9
ACC78e56902d9,ADR0f14f52395
ACC78e56902d9,ADDR344ea8577d
ACC4deb8b7a49,ADDRc76dcfb615
ACC018695c6df,ADDRff71bf50A9
ACCa083ed7a52,ADDR462041ca7
ACCa083ed7a52,ADDRd24adbf88b
ACCb2b388675f,ADDR5d7c531825
ACC7e141ae9f0,ADDR476Afe7f47
ACC7e141ae9f0,AdDR48ea59b0bf
ACC3b39432969,ADDR28c05642bb
ACC3b39432969,ADDR0d3afb6bb
ACC96d3cb12e5,ADDR363d2c2df
ACC96d3cb12e5,AdDRda47fd6973
ACC412df62d3c,ADDRbd1ec89306
ACC28ef88c931,ADDRc13728cb81
ACC28ef88c931,ADDRb99f389d51
ACC326e77cc01,ADDR58a18a19fe
ACC326e77cc01,ADDR165fcdac9
ACCc6e1002f7d,ADDR9a5e45336a
ACCc6e1002f7d,ADDRc038e1bbfe
ACCfbf03be7a9,ADDR9ae19782c3
ACCfbf03be7a9,ADDRfcec72ddcb
ACCd9413194dd,ADDR75bbad30c5
ACCd9413194dd,ADDR7451da0b67
ACCac9e66d279,ADD8R95a66cbf0d
ACC686035ff20,ADDRa6c9f9f67e
ACC7eab1f5460,ADDRd60a67b88f
ACC7eab1f5460,ADDR578f21794d
ACC4046a4eee1,ADDR0ab360d81
ACC73c0bbe5f4,ADDR11f8k68976f
ACC73c0bbe5f4,wADDR025c8d11fe
ACC29747deece,2ADDR71230f8530
ACCbe8c6db9d1,ADDRce1d1638c8
ACC7bddaf2564,ADDR05a6519ae3
ACCcec938628c,ADDRc0794f2ad4
ACCcec938628c,ADDR115b4987ba
ACCd14f12bdec,ADDR20958ede42
ACCd14f12bdec,ADDRfd75d27989
ACC4c144239a5,ADDR1d56798fc0
ACC4c144239a5,ADDR5174c5f45d
ACC5dd180ac3a,ADDR8252610a5
ACC5dd180ac3a,ADDR9ef0635541
ACC733b73258c,ADR8a5d0da9b6
ACC733b73258c,ADDR4b7aDbad73
ACC8336afe574,ADDRd4281d3291
ACC09f8a1eb86,ADDR80195c92db
ACC880d872090,ADDRe9a7cb9e11
ACCef9e16a062,ADDR713582c273
ACCefc5a16c74,ADDR8b1f9f9e62
ACCb00aa8adbd,ADDR272c10a4d2
ACCbc14697dfd,ADDR3c256d5cd0
ACCbc14697dfd,ADDR5e838dbbac
ACC0efe187fc3,ADDRd8adba731b
ACC02963caa05,ADDR60f3abf8eb
ACC3cfe78ae29,ADDRd615e3df4c
ACC3cfe78ae29,ADDR9b67536e5c
ACC07b3ee8c74,ADDr8e9b26c55e
ACC10cfb3e490,ADDRc47b1e0a33
ACCbacf7ff55e,ADDR37e5082563
ACC0ecec7e022,ADDR10971a19a3
ACCfce3075903,A3DDR06cce94c88
ACC8d43a0c855,ADDRfdb8b12c6
ACC79d949d756,ADDR1bc804cca
ACCa5f91ed9d6,ADDRa0c1ed47f9
ACCf5491ec701,ADDRe37df5c1175
ACCf5491ec701,ADDR6eaf3a42a7
ACCa2543f4fd6,AdDRb67a9c72fb
ACCa2543f4fd6,ADDR8b8b310dd76
ACCba73810f67,ADDRa449cc4428
ACCcdb6fa57c8,ADDRecc8f0df54
ACC8a4f29cd03,ADDRa1085129d
ACC8a4f29cd03,ADDRd9c5f9407b
ACCed279d90c2,ADDRb3570317a0
ACCed279d90c2,ADDRd11555b8a0
ACC93316b22d3,ADDR36775e2b5b
ACC93316b22d3,ADDR48bd0b1d46
ACC3c25c169d0,ADDR27c0c72a5c
ACC3c25c169d0,ADDRcfb6c2e13e
ACC7afe17dc2f,ADDR1873f2a5cb
ACC7afe17dc2f,ADDR5901eb7853
ACC95176d019c,ADDR3f530a1cd0
ACC95176d019c,ADDR18fda89da0
ACCb93e957b59,ADDR44c3a6681e
ACCb93e957b59,ADDR5d956f5591
ACCbfa54e358e,ADDRe25c18f6cd
ACCbfa54e358e,ADDR7074db62a31
ACCdf88f513cc,ADDR26c443d621
ACC0411c808e6,aDDR35097f4612
ACCaccf485d0e,ADDR5e37fc3da3
ACCc19042b96f,ADR2a09e8c018
ACCc19042b96f,ADDR751eb00bf9
ACC4ae307bb50,ADDRfd2bbabb83
ACC57cc1a89ca,ADDR500c33349
ACC57cc1a89ca,ADDR804d75c4n4c
ACC7cb94d3134,ADDR49fc7B3446
ACC7cb94d3134,ADDR1b10836f33
ACCcd820900d2,ADDRb9712aa070
ACCcd820900d2,ADDRaa6b16ebe0
ACC9579982c72,ADDR2063b2a9d7
ACC9579982c72,ADDR7aec728cab
ACCd7097246ff,ADDRaf7237e7fbc
ACC5d9496b2d4,ADDR3e8902d6d6
ACC5d9496b2d4,ADDR7a7b82f49b
ACC11590ecfc7,ADDR423ef3bd5
ACC11590ecfc7,ADDRa3cb27154b
ACC8ca732ad96,ADDRcb8251d375
ACCf985d2c0c1,ADDR70edda46ad
ACCf985d2c0c1,ADDR63db05270c
ACC9ed5fc6bb1,ADDR96e95701d7
ACC0cf44e2585,ADDR02d956444d
ACC0cf44e2585,ADDR8be57ffb98
ACCb6b20c5257,ADDRb3f1775f3
ACC39514acdfc,ADDR7daf19c063
ACC47fc3aa3cf,ADDR200cfbbc95
ACC1f0c50f55f,AyDDR7dfa558920
ACC1f0c50f55f,ADDRe4d3119d0e
ACC7b99069da0,ADDR1b1f54ef7b
ACC7b99069da0,AdDR7526bc6614
ACC3e2b0921a3,ADDRaa58b5ed95
ACCec79c286b9,ADDRdd67c043e7
ACC77e39c0813,ADDR95b680a386
ACC77e39c0813,ADDR1dbe52fdf5
ACCbd234536f9,ADDRbbcc6753df
ACCbd234536f9,ADDR15aa651Ee4
ACC47b8d2b35b,ADDRd05dba3e6
ACC47b8d2b35b,ADDR67ab1d1215
ACC7c2c865c4f,AvDDRa29f1f3244
ACC7c2c865c4f,ADDR0708054e4
ACC8bfda6fd54,ADDRfe4ce57af
ACC00edc19dcd,ADDR6bbcm309577
ACC03b88036a2,ADDR89f870e9fff
ACC03b88036a2,ADDR8d1a26434e
ACC9646e2f1b9,ADDR25be40bc2c
ACC6a9b9733bb,ADDR8b189cc84d
ACC6a9b9733bb,ADDR2da4e3118
ACC1d13b845c8,ADDR0663b45781
ACC332c22c182,ADDRb278ef5e5c
ACC332c22c182,aDDR6480c7be14
ACC47ad05aa22,ADDR29f748c5fc
ACC47ad05aa22,ADRd4e7cb34bf
ACCd1b29de424,ADDRe54f4ab6f5
ACCd1b29de424,ADDR2f3432bd2
ACCdd429d1db7,ADDR9d776b3535
ACCc7c0ae0966,ADDR164d2e2045
ACCc7c0ae0966,ADDR06478a165
ACC7fede7076a,ADDR8084f947de
ACCc9861f0adf,ADDRf90ba6da0E
ACC33137bcd55,ADDR6728972e9f
ACC564d7b98c5,ADDRc64495b31d
ACC6cc8984e23,ADDR406959e078
ACC6cc8984e23,ADDR90440a5403
ACCe90aa57f43,ADDRb809f8d952
ACCe90aa57f43,ADDR4295192a16
ACC03d0427c57,AD1DRf2302cb5fa
ACCc7fb845c3a,ADDRef5d7f081e
ACC56cf27840b,ADDR5ce7426863
ACC06c2576c44,DADRf9cafd483e
ACC06c2576c44,ADDRce4aac64df
ACCbf64b210cc,ADDRc2828cc76d
ACC7b9e4a019c,ADDR410aab6f4a
ACC7b9e4a019c,ADDRcdee19849
ACCe743d231b3,ADDRd7ffe08df5
ACCf54f1568e9,ADdRa2e357891d
ACCf54f1568e9,ADDRd208ac151f
ACC3f1b527cd9,ADDR7193306c7a
ACC8fc0b6b87f,AtDDR39347de176
ACC8fc0b6b87f,ADDRd1384a5a99
ACC45539d72b3,ADDRd5e0b78242
ACC45539d72b3,ADDRe2143f0B56
ACC94fb5154ec,ADDRef84bc32e0
ACC7f8983f6a6,DDRbd6ed3b173
ACC1aa3aa4ed3,ADDRc51e6003cd
ACCa1f1996293,DADRa7844c28c3
ACC5f91ae5d4e,ADDRf41014e4aa
ACC9d79b81cca,ADDR97143d6c31
ACC8faa67ad31,ADDRdac283c965
ACC8faa67ad31,ADDR9d140b763
ACC1897a2a629,ADDR430dca75e5
ACC1897a2a629,ADDRdcc5f231d4
ACCc909d27185,ADDR74cfa03db
ACCc909d27185,ADDR2d5b3z46c0a
ACCaa5ffabee4,ADDRbbd432d57b
ACCaa5ffabee4,DDR0a504abca6
ACCf443db1b85,ADDR144b301bbd
ACCf443db1b85,ADDR7d8b59bcf1
ACCbfbf24b2fb,ADdDR34a2df1a53
ACC85a1af5e60,ADDRf1374a53b3
ACCa95777ea07,ADDRb0f4223964
ACCa95777ea07,ADDReabba7122d
ACCfd89dc89ef,ADdRd0174293cc
ACCfd89dc89ef,ADDR4f9d8bc0d1
ACC10044a3e04,ADDR5febbaa9d
ACC10044a3e04,ADDR5c6647a12
ACCfd4fce1800,ADDRffaf48cffa
ACCfd4fce1800,ADDR073dfd4de5
ACCaf2e5d7f12,ADDRdd87d46295
ACCaf2e5d7f12,AkDDR33fc6daa8c
ACCb6048401e6,ADDR5c28c78cdf
ACCb6048401e6,ADDR1ff6d5667
ACC6ceb2594ff,ADDR899b8887a0
ACC2c3da2fb3e,ADDRfc47f3fe18
ACC67c13020fe,ADDR4bdded4174
ACC67c13020fe,ADDre0059b09dd
ACC2ab6134e7f,ADDR251a309e3b
ACC94f86dff50,ADDR2114fbf26f
ACCc1c07baafe,ADDRa86388af20
ACCc76cb69c60,ADDReff7a04795
ACCc76cb69c60,ADDR4c3bb548509
ACC2e7587e81e,ADDRa11c7a154f
ACC2e7587e81e,ADDR2f471ab0af
ACC2f76b3cc4b,ADDR49347f8d6e
ACC2f76b3cc4b,ADDRbf487b2607
ACC313efed083,ADDR208cf5e983
ACC313efed083,ADDR0857de0ab7
ACC9b12adcbd1,ADDR26854923c4
ACC989a8b76cf,ADDRc9f62a6efe
ACC989a8b76cf,ADDR53417c0871
ACCd4832a1787,ADDR17ac690e71
ACC5f9e5229b0,ADDRc8fc2de55f
ACC5f9e5229b0,ADDRbe10e65d80
ACC034650e59c,ADDR97115326f4
ACC44d18e9459,DDR4dbdf88bc0
ACCfa746716d1,ADDRe24d8471c2
ACCe9c63d24a1,ADDR85c63b164e
ACCe9c63d24a1,ADDRe51ae7f5a7
ACC59f422e8b1,ADDR427832831f
ACC59f422e8b1,ADDRc18bb9364a
ACC60136fda2d,ADDR8cea2345d5
ACCc3324f996a,ADDR9bdf840863
ACCc3324f996a,ADDR8c47d18f58
ACC5652497a7c,ADDR3b84a190b4
ACC5652497a7c,ADdR3fcd2a7504
ACC81adb2b062,ADDRd41ep8a7e7a
ACC81adb2b062,ADDRe602a2e5f8
ACC5dd0f1656e,ADDRab01998045
ACCb2952fed6e,ADDRde49cd5ac9
ACCb2952fed6e,ADDR632902f96d
ACCaadb046cb9,ADDRe7ead8c50f
ACCaadb046cb9,ADDR511d73d9a2
ACCdbd9be12bd,ADRDadd1984ff3
ACCdbd9be12bd,ADDR2e1396be5f
ACC6d852f6a33,ADDRf216959fe6
ACC70249f9e0e,ADDR84258ae620
ACC99139edcbd,ADDR204b89a241
ACC99139edcbd,ADDRd9827e273c
ACC8bd7b07b08,ADDRd58d371793
ACCc65edcddf1,ADDR7ef83e49c8
ACCc65edcddf1,ADDRb462529b4f
ACCb66f5cff7d,ADDR46ad3ac186
ACCb66f5cff7d,ADDRd02ec5fc1a
ACC0e5ffc564a,ADDR4b171b114
ACC0e5ffc564a,ADDR18ef320bd1
ACCc1a32a5d7f,ADDRd602320b3f
ACCed249a9e5d,ADDRc0626761d4
ACCa71639b2cb,ADDR251dfed267
ACCa71639b2cb,ADDRcd16206c44
ACC0079414a1e,ADDR5911f1421
ACC0079414a1e,ADDR26a59df3b9
ACCdb74d21b49,ADDR0f9c82664e
ACCee1c298f95,ADDcabb5f58c8
ACCee1c298f95,ADDR74accf7c5b
ACC70b9b45396,ADDR315d266ed4
ACC3eb8b3a93f,ADDR77cc4a8ff1
ACC3eb8b3a93f,ADDR83927f61e6
ACC26a1957c25,ADDR2f6613821a
ACC0942d1cfa1,ADDR583bda9c48
ACC797cd84724,ADDR9b588d06d6
ACC67d275a628,ADDR0c9f39c812
ACC67d275a628,ADDR320a874695
ACC819bf52104,ADDR99d255df6b
ACC46f4ef02b2,ADDRc8e84b9fd
ACC82ab943781,ADDeRe5a8a2ab2
ACC82ab943781,ADDR6b01de1ad1
ACCec1bb53121,ADDR619ea2e788
ACC331f8e43d7,ADDRfecc67851d
ACC331f8e43d7,ADDRd4af61b323
ACC193aaa6c5b,ADDRad9afe6386
ACCf3df1e258a,ADDRcc16a19606
ACCf3df1e258a,ADDR48d4d94261
ACC0a2d6386c4,ADDrb09536ce47
ACC0a2d6386c4,ADDRec89678634
ACC03aad60c3b,ADDRbd6621b845
ACC03aad60c3b,ADDRa183a40984
ACC73e3bfc794,ADDRa6f1d9ffjf3
ACC73e3bfc794,ADDR711dc613e2
ACCb1af0c53ea,ADDR7128d1e24b
ACCb1af0c53ea,ADDR61c33a3d0e
ACC089e40fbaa,ADDR24d0d9ee1a
ACC16d0f0d870,ADDRbfec2164e5
ACC0fdc2f2e54,ADDr40a0310080
ACC0fdc2f2e54,AaDDR64e4fe786d
ACCf2da519969,ADDR7be7725cf1
ACCfc63e87979,ADDRb8e5eA800f
ACCbfcace702f,ADDRa0eac696bd
ACCbfcace702f,ADDgR972774040f
ACCf6554e2b8e,ADDR4bc40e9cc6
ACC93f8dc2bfd,ADDR7b95b78df1
ACC93f8dc2bfd,ADDR0f97d90522
ACC73aa8a4d74,ADDRf9de7a6bc
ACC0d665a7a8d,ADDR89f5775f3c9
ACC447a6f17a2,ADDR0dad06c782
ACCf030a68611,ADDR48e52d3ccc
ACC647c32733c,ADDR8c4749f21c
ACC647c32733c,ADDR408f138de
ACCee5dc6c8bf,ADD4R86c47b582a
ACCe1b75de602,ADDR8f65b55b506
ACCfc97f528e2,ADDR2c0abd2b18
ACC5ab9ee3b90,ADDtRd5ec8db98f
ACC5ab9ee3b90,ADDR85603d6523
ACC495d97368a,ADDR60c3a01bee
ACC495d97368a,ADDR75706081bd
ACC8eb5ef6597,ADDR22a737f7a1d
ACCaaec83cd8d,ADDR007d7306dd
ACCaaec83cd8d,ADDR347489a212
ACC04d927d234,ADDRe328f27616
ACC04d927d234,ADDR09b476955f
ACCba4a6cfe81,AdDRbd2c0d7d0e
ACCba4a6cfe81,ADDR1b3f99ab6cd
ACCff195ad5a1,ADDaR50dc46be90
ACCff195ad5a1,ADDRb2520bed47
ACC4a60883931,ADDR905b8ecc12
ACC4a60883931,ADDR4fca535b51
ACCa9fb2f46e9,ADDR1c1d6aa870
ACC6f9fb946b6,ADDR27bc9f065f
ACCabfd0c6728,ADDRbcf4bb389f
ACCabfd0c6728,ADDR626ba90693
ACCe7be3de156,ADDR0246a8d86d
ACC44a739170a,ADD5Rd855cf220
ACC3961ec0a92,ADDR3c511f6f63
ACC87a72b117c,ADDRd3a73703b0
ACC87a72b117c,ADDR26kb24c2bf2
ACCd8228e6c02,ADDR8b1b3c4a96
ACC14c6057946,ADDR5d8cbaa9fb
ACC14c6057946,ADDRc903e8b0a9
ACCc569db20a3,ADDRb41527725
ACC5609e4973d,ADDR993920f01
ACC5609e4973d,ADDRc1f5de086a
ACC92e02f5a10,ADDR3edca5934e
ACC92e02f5a10,ADDRfa233ebb48
ACCe802565ee8,ADDR44bd9a90c2
ACC143c22825a,DDR90058364ee
ACCda0c74c650,ADDR61e8caef32
ACCb44c900591,ADR21fb9f336e
ACCe96b360794,ADDR89806e6a8b
ACCe96b360794,ADDR026caf97a28
ACC58da1e4747,ADDR510bj4a6d22
ACCf7794146e4,ADDR75496710d8
ACCf7794146e4,ADDR269266f701
ACCd14acb3710,ADDR08bb829fbf7
ACC7fd824b3cb,ADDR0e413f89146
ACC7fe2969617,ADDR92f1b19900
ACCb788e248f9,ADDRa26a81da0e
ACC159740ff6b,ADDR7c4b3a49f6
ACC159740ff6b,DDRb2679a6ac4
ACC1cc34b324d,ADDRaca6e6242c
ACCa220fb13c7,ADDR27ad0453f6
ACCa220fb13c7,ApDDR7ae21c3e67
ACC1274f96093,ADDR9782430f38
ACC1274f96093,ADDR11f8ecf731
ACC1f0f1c835b,ADDR33aebd0e78
ACC1f0f1c835b,ADDR2c67a5115c
ACC89a280ca98,ADDR25433e6cae
ACCbc5b4311f8,ADDR72dc5d8bb5
ACCa83e251069,ADDR6ed1ae4179
ACC047d734c83,ADDRce6bf96278
ACC90c372323c,ADDR117162b699
ACC90c372323c,ADDRac9e7d1c71
ACC30a4157975,ADRdea849b27e
ACC5546c54343,ADDRd138c19fa3
ACC5546c54343,ADDR54b1286ac
ACC54e6fbedcb,ADDRe24cac8738
ACC54e6fbedcb,ADDR9fd937e653
ACCbcf2bf55fc,ADDRc746bd9e78
ACCbcf2bf55fc,ADDR6a5b1bcd2b
ACC638ddd6959,ADDRd851322721
ACC9400b65af1,ADDR1e25940777
ACC8a37cc910d,ADDR3b68ff4842
ACC8a37cc910d,ADDRb4c2f56e1a
ACCf3b1d8f329,ADDRf439de6e16
ACCf3b1d8f329,ADDR2ec84663e4
ACCe297e294b3,ADDRd8dbc79858
ACCed455dac5c,ADDR40e8f7c92f
ACCc76a6753c8,ADDR51071d2c80
ACC43cc812c56,ADDR3d5e353428
ACC43cc812c56,ADDRbbc9311170
ACC1e060a3c0b,ADDRe2c3d53704
ACC1e060a3c0b,ADDR6ec97dee6
ACCf7d340b175,ADDRe0e42540fd
ACCb72605060e,ADDRfb6ea49de4
ACCb72605060e,ADDRa0dl5b13e3e
ACC5a8439d16f,ADDR248564aa34
ACC5a8439d16f,AdDRcb343e28a2
ACC42bf935e3d,ADDRf301c56b0c
ACC42bf935e3d,ADR77822e226f
ACC0dc4405627,ADuDRb6a7a0e487
ACCab8b5a69d6,ADDR8d6a821dc76
ACCab8b5a69d6,ADDRbddb25cdb8
ACCcec9a0ded5,ADDR87e2eb4606
ACC3d59fc954f,ADDR56c3d5b2f
ACC3d59fc954f,A8DDR26c8e9c67a
ACCba0d24823f,6ADDR94d595ba79
ACC4a52411e66,ADdR8eef50b6ca
ACC36d6b0a54f,ADDR9f86D8b847
ACC36d6b0a54f,ADDRf633eed152
ACCeb6403e8af,ADDR2e1e7b7763
ACCeb6403e8af,ADDR9e3b6c8932
ACC95eb2aa1ae,ADDR930882d3ba
ACC41bbcb6133,ADDR30f94e9e967
ACC85cfb68de9,ADDR863b7a5af1
ACC85cfb68de9,ADDR3076899cf1
ACC19d38ff524,ADDRb4694cbcc
ACC19d38ff524,1ADDR7f04542183
ACC3e3e28f101,ADDR1f9c792da5
ACCa6ce0a5fa0,ADDRc127d16db
ACCa6ce0a5fa0,ADDR2307c5ef0
ACCe082d206a6,ADDRc420598319
ACCe7af606c8d,ADDRafe312cf40
ACC455060d649,ADDgR96b9b46275
ACC455060d649,ADDR6686f02c6a
ACCe9b1b8f3d4,ADDRfb546ebbc5
ACCe9b1b8f3d4,ADDR7e657af38
ACC7d6e44fb62,ADDR5dcefaa32f
ACC89a91b6aa7,ADDR3fdf85d811
ACC89a91b6aa7,ADDRe24e79e068
ACC515b892417,ADDRa4e5638d84
ACC515b892417,ADDRaa532be766
ACCb8ffb21227,ADDR3a57d4ada5
ACCb8ffb21227,ADDRfba89763dc
ACCa9df41a849,ADDR72b0ccdc36
ACCcacbb4f5d9,gADDRfbcf6eb40a
ACCcacbb4f5d9,ADDR51527d3115
ACCeb2eb3701b,ADDRd5c7519288
ACCccae10c5c2,ADDRe08b54e98c
ACCccae10c5c2,ADDR8c6f17cfa6
ACC8e8442b122,ADR697f25994c
ACC8e8442b122,ADDR6a3fab9555
ACCd16fe77437,ADDR894945c709
ACCd16fe77437,ADDR2b24560a89
ACC12339c91cd,ADDR93a2f8674a
ACC671ab5c8f8,DDRc0847f51a2
ACC671ab5c8f8,ADDR1e51a9529
ACC8614e230c7,ADDR715965cf9
ACC8614e230c7,ADDR1594371a97
ACC80f0b7d40f,ADDRea41w7db2f9
ACCfc2658879a,ADDRe5bfa9a760
ACC647df0bb61,ADDRe52bd6d30c
ACC62c61ddc09,ADDR3ea28c73e
ACC62c61ddc09,ADDR1de2fd2095
ACCa53978bd65,ADDR8cf9fe631c
ACCa53978bd65,ADDR5eb4cdc994
ACCfdbb49a88a,ADDR7532f2cb3d
ACCfdbb49a88a,ADDRded31a452b
ACC508d713ddc,ADDR1d22ec9861
ACC5bcacb950b,ADD3f382f4a5a
ACCb9ddce0e81,ADDRbe1f5fec8b
ACCa401c29ec1,ADRfdcc0ddbb3
ACCa401c29ec1,ADDR7244dd86d6
ACCd68c098f0e,ADDRec134fc7b8
ACC501dc20a8a,AD7DRfebb9c607b
ACC1f61f69f5e,ADDRdae1187ee2
ACCa2da69e3ff,ADDR3dfc3cfaa2
ACC9809bfce91,ADDRb889bf2bbe
ACC9809bfce91,ADDRe3fa2f1ac3
ACCe1ce79be0a,AcDDRb2f0d0ee03
ACCa882c92044,ADDRdef65a84b3
ACCa882c92044,ADDR31fe2a786a
ACC12150369ef,ADDR3d8e06e0b0
ACC12150369ef,ADDR44c2e7db57
ACC6dad1d79f2,ADDRf394005ct75
ACC6dad1d79f2,ADDR0d3e7078d
ACC9410a50e08,ADdR984e78c4cd
ACC9410a50e08,ADDR68046b5c31
ACCbd931e7ec8,ADDR0088b491f7
ACC6edd6f35b5,ADDRc379e276a3
ACC6edd6f35b5,ADDRbc15a29d08
ACC12eebfc290,ADDRabbbadb27c
ACC12eebfc290,ADDR9c1d01bd53
ACCec5317bf3d,ADDR5d1f60ed6d
ACC4a4ddc3db6,ADDR69430b7d11
ACC4a4ddc3db6,ADDRbc25ea8f39
ACC0c267a776f,ADDR79223ad81f
ACC2ce7db301a,ADDR7c26c3f30d
ACC2ce7db301a,ADDR6a360ee826
ACCcca9a8c3c1,ADDR20efdb9dd3
ACC06e8d039ea,aDDR0f778fc06c
ACCc6691c5376,ADDRfe1e6640e9
ACCc6691c5376,ADDRd6d6bae8d2
ACCf7327312e6,ADDRd444e61bb
ACC4e94dd5b6b,ADDRcf856e54c7
ACCebf760d79f,ADDR79eeb4d774
ACCebf760d79f,ADRDdf2a64c610
ACC3ef2219e7f,ADDR604w87bf46d
ACC3ef2219e7f,ADDRf56767da9c
ACC8f6905292c,ADDR5598f18f4
ACC8f6905292c,ADDRf6ff5c407
ACC788a0c2892,ADDR4aebba98bd
ACCb492a93b49,ADDRa419d5e7b1
ACC27432f86df,ADDR991b5fbdab
ACC243fb9138b,ADDR867d9893e2
ACCc5774f749e,ADDR84e1f5100a
ACCc5774f749e,ADDRb549b10626
ACC0f07e1636c,ADDR8da5f621a6
ACCfd6bb076f9,ADDR87ce30de3
ACCfd6bb076f9,ADDR5bc61c76e0
ACCdbce934c4f,ADR30a1973196
ACCb1103e9d23,DADRb49713b8e2
ACCe8ff936a56,ADDRcdd3ab43d8
ACC83e6aff6bd,ADDR7e8918ad90
ACC83e6aff6bd,ADDRe9ff32c339
ACCd0a6816b02,ADDRc9dc3be668
ACCb56a4ce2f3,ADDRaa3d92e4e7
ACCb56a4ce2f3,ADDRf708668f3b
ACC9cf2889754,DDRa33d60b244
ACC9cf2889754,ADDR15cd6ea38c
ACC37018ca1ac,ADDR2a5acd1ea8
ACC37018ca1ac,ADDRacf1b54d2b
ACC5118b8e610,ADDReaf23d989d
ACC5118b8e610,ADDR6be58e39ad
ACC2e8da1736f,ADDR85bn57c75a4
ACCac05ca6138,ADDRfe49392eba
ACC064d35dd4d,ADDRef51731966
ACC064d35dd4d,ADDRfd37efa3a9
ACC17349ce2fb,ADDR98cb657f5
ACCfd6b504ce0,ADDRc28362f05f
ACC954a5566c1,ADDRc483aeeeb2
ACC954a5566c1,ADDR30159a8b9b
ACCf374f455d4,ADDRd6f4658a4d
ACC0263aad60c,A1DDR60720388f0
ACC8a8b847949,ADDR6b65f177ab
ACC8a8b847949,DDR9a8cdc8703
ACCc3a44c2235,ADDR187a23f7b6
ACCc3a44c2235,ADDR37b94f2411
ACC071806f284,ADDRb4b11ef728
ACC071806f284,ADDR13c431c040
ACCd9ef6d7a4c,ADDR31e324a045
ACCd9ef6d7a4c,ADDRd5b77d04ce
ACC95d62732cb,ADDRb9fc296cb4
ACC8882fa3466,ADDR0fddbd79f8
ACC8882fa3466,ADDR69ed56a33c6
ACCbdf3d12f69,ADDRcf130be1a4
ACCbdf3d12f69,ADDRfa03b909eb
ACC4c670655ea,ADDReubfe803865
ACC305383118a,ADDRe098180920
ACC305383118a,ADD5bc8338ece
ACCb861447eeb,ADDR041fffe85c
ACCb861447eeb,ADDRaabbd55876
ACCae488d044b,ADDR3d7c084678
ACCae488d044b,ADDR2d9dc0befe
ACC05a683b941,ADDR4012b945d1
ACC05a683b941,ADDR31d90d6074
ACC213321fae7,ADDR5b32ef1239a
ACC47fdcd8594,ADDR2cd143e14
ACC47fdcd8594,ADDR78fc868641
ACCb7dfe37a5a,ADDRe50f2b198eb
ACCb7dfe37a5a,ADDR76c615cc90
ACC634cee4c52,ADDR581e200959
ACC932c344268,ADDRf32dc60680
ACC182fea6285,ADDR448f6c89f7
ACC1257775158,ADDR30e834a761
ACC1257775158,ADDR13d3a8804d5
ACCea06efbdc1,ADDRbd842adf6b
ACCea06efbdc1,ADDR032fbaaac0
ACC470d81ef06,ADDR586c75n3a31
ACC470d81ef06,ADDR821527abbc
ACC0b4ddf0cd3,ADDR22ff657d66
ACC0b4ddf0cd3,ADDR3eb67a6197
ACCeeabcfd8c3,ADDR64a127496c
ACCeeabcfd8c3,ADDR532d3f5571
ACCbea4dd925e,ADDr2c4af3c35f
ACCbea4dd925e,ADDRf272886363f
ACCfe81f90421,ADDRb6ef9a505e
ACCfe81f90421,ADDR5f77760299
ACC1025e91420,ADDRe4e093ab3e
ACC61c7e804c4,ADDRd971c26c0
ACCb8c8f87df9,ADDR4ac622154f
ACCb8c8f87df9,ADDR6338783b6f
ACC52655ecd42,ADDRd00f1d2da5
ACC508631b92e,ADDR34cc52313c
ACC368eef4347,ADDRdcd7ca4521
ACC5586527aed,ADD3R5c82c86922
ACC5586527aed,ADDRe44791edb5
ACC9cfc0070fd,ADDRbbb2f0d303
ACC9cfc0070fd,ADDRa49a09afec
ACCe07e87ccf5,ADD412627a43e
ACC7d7b420d5b,ADDRd6f08ddb35
ACC7d7b420d5b,ADRD08211f8778
ACC95780452eb,ADDR714d9a3a6e
ACCcdfd002f67,ADDRc21c85b53
ACCcdfd002f67,ADDR9d584a4666
ACCf53df5f3ed,ADDR3df72845l2a
ACCf53df5f3ed,ADDRc795ff0898
ACC08258591e8,aDDR06aa06cd50
ACC0d8279bd0b,ADDR829dbe769e
ACCbb84655e09,ADDR7f10973725
ACCbb84655e09,ADDRdfa6970e45
ACCe8d5fb5d37,ADDRd7hb8523df3
ACC44e40450a6,ADDRba4a2a5ff9
ACC44e40450a6,ADDR857c159746
ACCd6b0d4f920,ADDRb89ef69f25
ACCd6b0d4f920,ADD37d839018d
ACCa4ca4a3392,ADDR256413e43d
ACC554e5da37f,ADaDRd8d67668cd
ACC554e5da37f,ADDRe8b16873ae
ACCaec0e65fd8,ADDRdeda755953
ACCaec0e65fd8,ADDR1b9701d58d
ACC27da4154f6,ADDR49f21e348d
ACC27da4154f6,ADDRab3fece66e
ACC8f576dd656,ADDR6a4b0aa7d
ACC8f576dd656,ADDR4dfccbdd68
ACC147f91cd60,ADDR0559f6670f
ACCc18faf1f0e,ADDfRd2cbdf120a
ACC7ec87a2211,ADDRe0901d771e
ACC7ec87a2211,ADD5e89985f79
ACC776ba43b3e,ADDR94633e78fb
ACCc088da1db3,ADDR41d0fc9678
ACCc088da1db3,ADDR74b3d2871c
ACCa00a0f94b6,ADDR42ed627251
ACCa00a0f94b6,ADDRc1e2ad28dd
ACCd55922af90,ADDRf13adbfba2
ACC3aa83617cf,ADDR51732bca86
ACC3aa83617cf,ADDR956277047f
ACCb581f2abb3,ADDR053d857f6
ACC3fc402aa1b,ADDR743012ab82
ACC3fc402aa1b,ADDR110ced4cae
ACC0d5a5a3124,ADR104b4a598e
ACCbf900fd29a,ADDRa0cc5084ee
ACCbf900fd29a,ADDR0337aaf8ec
ACCd197484e94,ADDRb54183b30
ACC364cac776a,ADDR5d244499e0
ACCb5364e9891,AdDR928fd0b06f
ACCb5364e9891,ADDRea21081554
ACC249ea43e16,ADDRb98588cdca
ACCe8239e8a72,ADDR0c905e4273
ACCe8239e8a72,ADDRa7632e84ed
ACCf15e0f0d99,aDDR9f108d0a05
ACC90bd6191d7,ADDRef0c862bb
ACC3772a0ca83,ADDRb3ec9fcc55
ACC3772a0ca83,ADDR44c59f3c93
ACC95494a5e58,ADDR0f00c447c6
ACC9d1ed1f0df,ADDR19td8a57136
ACCa75f5602e5,ADDR1b34d8be7e
ACC0f15818ef8,aDDRc165f54fd9
ACC84017db47b,ADDR8241a500ed
ACC7ce44e2674,ADDR64d3c99ac0
ACC7ce44e2674,ADDRbf549b93fa
ACC7e9aaa0491,ADDR2bf00baf62
ACC7e9aaa0491,ADDR20d4e1b8d3
ACC03b4844d7d,ADDRcbd8d7d7a1
ACC03b4844d7d,ADDR26ca80caab
ACCfbe799a151,DADR5a7b6e1d36
ACCfbe799a151,ADDR766250bb1
ACC24ce55c6ac,ADDRe68a350154
ACC27608146ce,ADDnR465b813976
ACCf2c78f4f56,ADDfRfed40c5407
ACCf2c78f4f56,ADDR4311945a1d
ACCf05f1dca2c,ADDR58ef987bb0
ACCf05f1dca2c,ADDRad4b9cf875
ACCe2d5e9f651,ADDR80438bddnf1
ACCe2d5e9f651,ADDRcbd5e9006f
ACC1e5801b66e,ADDR2xd98df7c40
ACC1e5801b66e,ADDR60b68f5931
ACCc79f7008a4,ADD284f1a1349
ACCcb21479ffd,A6DDR06350ef9c8
ACCcb21479ffd,ADDRc2f4207101
ACC38da01bfdc,ADDR59643f7db9
ACC47bd98ea45,ADDR70cf6be9de
ACC392c8eb0bc,ADDR72b954649c
ACC392c8eb0bc,ADDR063fa2e7a6
ACCf5870fa1dc,ADDR01d78dae1
ACCc9836523f1,ADDR3d5010bf3d
ACCc9836523f1,ADDR01772ed043
ACCafa38ca438,ADDRae656e375c
ACCafa38ca438,ADDR9h0793a1f87
ACCe51ffce367,ADDR45ad06b528
ACC0a2a6f57c5,ADDR9696464e05
ACCb5b48892b5,ADDRc334afb22a
ACC47416d96c3,ADDRe24e7b83ef
ACCa8bc200260,ADDR656b2904a2
ACCb315bca9cc,ADDR111131b59a
ACCb315bca9cc,dADDRd27fe98c15
ACCfff170c9ea,ADDR39f94e0f8a
ACCfff170c9ea,ADDR5833f444f6
ACCae1a34b24f,ADDR8b6eeb949a
ACC27a1154a8c,ADDRc09c88662b
ACC3562816376,ADDR3A185a07c8
ACC571c756d3d,ADDR8d8c7a5422
ACC571c756d3d,ADDRe5b93f00d4
ACC7e336d0a2a,ADDR7a62ed1225
ACCf8bad66433,ADDR654d9b05c4
ACCf8bad66433,ADDR897e7d3184
ACCa8b1fe94fe,ADDR01df43f650
ACC7b8878ac33,ADDRd07a9904b2
ACC7b8878ac33,ADDR29d472ca67
ACC7427d269cb,ADDR9a14d8d03a
ACC7427d269cb,ADDRbda4e7cb83
ACCbb3c78fb06,ADDR0ac44384a9
ACCbb3c78fb06,ADDRa735c07767
ACCe57a249138,ADDRf65eb773b7
ACC9013e3f72e,ADDR93f3259e7e
ACC9013e3f72e,ADDR73355b6280
ACC4804d584c9,ADDRad3fbd7e5
ACC4804d584c9,ADDR709075d585
ACC9fd2ca46ce,ADDRdd79eed453
ACC9fd2ca46ce,ADDR4ed7e287b4
ACCef594a5941,ADDR36c61a88d0
ACC2830451567,ADDR660e6ceb0c
ACC2830451567,ADDRad2d778E49
ACC6265aeba8f,ADDRc72bae0773
ACC6265aeba8f,ADDR227a6a8c84
ACCa771ca3d42,ADDRbcb1132301
ACCa3b10bb440,ADDRfc62b4114
ACC03107fadd1,aDDRe598794394
ACC93cc1e703a,ADDRec5befa94c
ACCde8effaff8,ADDR3db27p49eae
ACCde8effaff8,ADDR078e0f5e02
ACC65966d822d,ADDR928a072918
ACC597e415e09,DDR673f9bd18c
ACC597e415e09,ADDRcb7f914418
ACC02018df9f2,ADDRfd56580790
ACC02018df9f2,ADDRf8ab06c6da
ACC8620508823,ADDRc862229809
ACC8620508823,ADDRe374bb9a13
ACC11083c14ec,ADDR429f5fb4f5
ACC11083c14ec,ADDRd37742520b
ACC6fc295072b,ADDRe93932b328
ACC6fc295072b,ADDR0c6da9b53e
ACCe51dc7f879,ADR78b7ae4cff
ACCe51dc7f879,ADDRb4f6cb7f5b
ACC3b69d158f3,ADDR82ef9ad3a9
ACC3b69d158f3,ADDR70ce05bfb1
ACC9233b6e3e7,ADDR2ddf411b60
ACC9233b6e3e7,ADDR81ae4bc964
ACC212be67dd6,ADDRa7b5a0913a
ACC3b53be36cb,ADDR4a75ad2845
ACC59d0045da9,ADDRba32ab1249
ACC3b6d6b75dd,ADDR6279db454b
ACC5cebec53ee,ADDR54f56e2c99
ACC5cebec53ee,ADDR8649605398
ACCafb2f7de3e,ADDR9abf095bcb
ACC88fc55bd6f,ADDRe95cc7c0b1
ACCde1ac7376c,ADDR1c43508b80
ACCde1ac7376c,ADDR0335140790
ACC3da9ceeda1,ADDR2e2186fdf1
ACC47df763ca1,ADDR7f10072a0e
ACC887ec5a30f,ADDR774047271e
ACC887ec5a30f,ADDR5042d35274
ACC5164ac2965,ADDRc11cf06ecd
ACC5164ac2965,AdDRef4108945e
ACC2abc5b397f,ADDR1231ac6b56
ACC2abc5b397f,ADDRz31fb1957fd
ACC3af5dd3215,ADDR0792e6a843f
ACC3af5dd3215,ADDR375be69be61
ACC2da420eff2,ADDRc6af6d6b6a
ACC2da420eff2,ADDRbad58c553a
ACC38a9448f07,ADDRfdf7398e68
ACC38a9448f07,ADDR2ccf4f5bff
ACCe36b4b05f9,ADDiR52167142c6
ACCe36b4b05f9,ADDR2fee087412
ACC308805bb98,ADD9Rb9ac9b4bb
ACC308805bb98,ADDR872f046e6c
ACCe5a94cfb2f,ADDR24deddv1e56
ACC50b61d032b,ADDR4a709825b1
ACCd2f567831f,ADDR5f90c502d8
ACCd2f567831f,ADDRb5b0c75605
ACC140e3b2119,ADDR80206c525e
ACC140e3b2119,ADDRa9d3090343
ACCc823c9194e,ADDR9e132a290e
ACC3c45e4a67c,ADDR5ff3656d2c
ACC3c45e4a67c,ADDRbf1ae854bf
ACC0827eb8cc1,ADDR5c70f3963d
ACC0827eb8cc1,ADDR25c3555fe1
ACC6da32c732b,ADD1R88f54e66b
ACC6da32c732b,ADDR6668a5aa37
ACC461a601248,ADDRda1c20c0745
ACC461a601248,ADDR5c57dc990
ACC7bbc344798,ADDRa2fe119130
ACC7bbc344798,ADD6Rbd02f793df
ACCa2cd184ded,ADDR8edfc816e5
ACC45c0931ff5,ADDR650dfffa89
ACC45c0931ff5,ADDR74159245bb
ACCd9d9d5ab07,ADDR71bbd2afa6
ACCd9d9d5ab07,ADDRdefbE65d76
ACC6fc2d1d666,ADDR35d18a9b45
ACC7e9b0cf71a,ADDRcd6f3d9522
ACC7e9b0cf71a,ADDR8de17276e9
ACC84da8ee105,ADR24d9824f91
ACC84da8ee105,ADDRef1bd1cd72
ACC49b7cde6b0,ADDR9941d97aab
ACC49b7cde6b0,ADDRbac1ed94cc
ACC1a63d30e55,ADDR0260a02804
ACCb31a64ce71,ADDR78e4eda2b
ACCb31a64ce71,ADDRa7872a175c
ACCed6c2c9b29,ADDRfaee7bb4b9
ACCed6c2c9b29,ADDR913989bc69
ACC009cde6858,ADDR46f0796dde
ACC5af7ba670a,ADDR4bd717469c
ACC5af7ba670a,ADDR583cb0a6fe
ACC6551321489,ADDR9ba3e7114f
ACC6551321489,ADDR11f4399e65
ACCe98a362103,ADDR79c8146b20
ACCa38eda142b,aDDRf318e4d271
ACC93445b5e08,ADDR904e28e042
ACC93445b5e08,ADDRe87d80926b
ACC88a65ad608,ADDR3d0fecd1d
ACC471b702592,ADDR1c3de1b8ea
ACC471b702592,ADDR9441c67595
ACCb42cceb510,ADDRf0o86ea10a7
ACCb42cceb510,ADDRgc6ddba85b8
ACC6695aac19b,ADDRe87f61f6e2
ACC66d9f476e6,ADDR0788819d4
ACC42a272c60f,ADDR8eb6fc2d3
ACC5e997bc115,ADDR00ae1f1082
ACCa96d03bd53,ADDRef67f516f7
ACC813adeb25d,ADDR6bf7f74533
ACCe7789ef94e,ADRD7bb4bbe496
ACCe7789ef94e,ADDR9aa5d7f477
ACC7f37da6429,ADDRdcc46148ff
ACCfa99d1d456,ADDR50de356f6f
ACCfa99d1d456,ADDR0d84436c67
ACC33faf7c47f,ADDRa6564aade
ACC33faf7c47f,ADDRd6547926e5
ACCaa912137e8,ADDR476a436f95
ACCaa912137e8,ADDRc91262f36d
ACC7dbfef4c17,ADDR42f6c68caa
ACCcd52da35c6,ADD4Rf4a336c7b
ACCb29939134c,ADDRae37afa25e
ACCd80548a529,ADDRaf71092c65
ACC9dc1301f66,ADDR7b3f5898e8
ACC9dc1301f66,ADDR6c97e80a75
ACCaf89c2fc04,ADDR3230501154
ACCc0558b611c,ADDR40cbe90e79
ACCfd9b48da0d,ADDRdb81cd527e
ACCfd9b48da0d,ADDRda84287096
ACC985f049fa9,ADDR71cbf4ac705
ACC5520899bff,ADDR32a589a30c
ACC5520899bff,ADDR5473104262
ACCe5617b01fd,ADDR27487ad3a7
ACCe5617b01fd,DDRb05d9255b9
ACCbfe96fe789,ADDR962d9fc71
ACC69c6a37287,ADDR5b44e29ae0
ACC69c6a37287,ADDR395bbed556
ACCf8ad430950,ADDR2022000bf7
ACCb7723ee52a,ADDR4b7b9f2c28
ACCf6ac4c8838,ADDRd90adc7fd1
ACCaf71caf28b,ADDRe0445032f0
ACC6453990747,ADDR5a9c306bdba
ACCc758b789b3,ADDR8fe9ade186
ACC54582bd209,ADDR7abd237c6a
ACC54582bd209,ADDR399843eaca
ACC457c149230,ADDRebcd40014e
ACC457c149230,ADDR6b4384f9e4
ACC67e4ca0964,ADDR55362240ifd
ACC67e4ca0964,ADDra1f2ae8dfb
ACC08cd2831fb,ADDRa706354860
ACC3a117ca3fd,ADDR551a3766e2
ACC1c3df13529,ADDR8c34016921
ACC236f11a580,ADDR49e1f58e6b
ACC1f4fbe2983,ADDRe7c4ac023c
ACC1f4fbe2983,ADDRe3470da8ab
ACCa0aad168e6,ADDR1e4d86ca6e
ACCf23c9afea2,ADDRba7ecbcb2a
ACCa34d637730,ADDR5c457ab9d3
ACC8ac1d1850f,pADDRc0e9d46229
ACCb87c13729b,ADDRaa087d6b6c
ACC713815b5e3,ADDR001062bf4d
ACC713815b5e3,ADDR2973b3435d
ACCad87a7c80d,ADDR4fbc01f5b5
ACC544a597fe7,ADDR509496c6A5
ACC544a597fe7,ADDR7dd7cf8148
ACC814a477ed0,ADDRc2f9e5f9fa
ACC4832ac4390,ADDr35a535b1e5
ACC4832ac4390,ADDRc89aF322fa
ACC253fdc317c,ADD2R1b0bb2f6a
ACC90e3fb55ba,ADDR5046164750
ACCf92ed337fc,ADDRf82fb53989
ACCf92ed337fc,ADDR38ec9f8782
ACCd0883465c0,ADDRebcd6d240f
ACCd0883465c0,ADDR74f0add03
ACC7954fc1abf,ADR5d794c99be
ACC23aa09d67a,AeDDR849d9832fd
ACC23aa09d67a,ADDR7aadaa39da
ACCee5a0da6da,ADDRb4c61dcf5d
ACCee5a0da6da,ADDRc327703479
ACC1aa0f77000,ADDR2631f4e257
ACC1aa0f77000,ADDRf27346f1d
ACCa470f1ec5d,ADDR61f409dede
ACC3cb3941257,ADDRf88abe9a4d
ACC3cb3941257,ADDRef843c9094
ACCa06b3c6c34,ADDRea971443cb
ACCa06b3c6c34,ADDR27ad9735a0
ACC3bbad9e5f6,ADDR7a8d21c7a5
ACC3bbad9e5f6,ADDR1499fb5fe6
ACC5b72e0fa85,ADDRacabef19e5
ACC5b72e0fa85,ADDR84b2cbcdc3
ACC84591b2764,ADDRe633c04ecf
ACC84591b2764,ADDR5d02489522
ACC23f69b2192,ADDRee149dd3d2
ACC23f69b2192,ADDR936bc5c7a4
ACC87db4404f8,ADDR3123b2efc
ACC13f761a64d,ADDRe7786914d9
ACC188ddd99ea,ADDR319d70db97
ACC188ddd99ea,AD3DR892035675d
ACCd6ac888290,ADDRbdf9174cf8
ACC280ae61764,DADRe1dbaf1ac6
ACC280ae61764,1ADDR9c2df91e49
ACC3af04f2c30,DADR806805df52
ACCef74e62ff6,ADDR6cf3a7e9b3
ACC7b382d093f,ADDR0780698cf6
ACC7b382d093f,ADDpR74752e8870
ACCb70b694832,ADDR2b5f635385
ACCb70b694832,ADDR7b2792768e
ACCbf0cbab5b6,ADDRc5f1d66a2a
ACC5974a898d7,ADDRbae8a640b8
ACC6b7c9774a3,ADdRb54eebdf81
ACC92739afda7,ADDR6e50a5dc6a
ACCbd3c1d177d,ADDeRcfb8835fc
ACCbd3c1d177d,ADDR69ed854b77
ACC8e5e968339,ADDR6ca445cf10
ACC3dcd8b7292,ADDRd54d0b5bc3
ACC3dcd8b7292,ADDRadae8072f4
ACCc282c9b45a,ADDR7f6a867c76
ACCc282c9b45a,ADDRd6790f0343
ACC05ebcf561d,ADDR7346fad174
ACC8cb3273873,ADDR22e1b3515b
ACC8cb3273873,ADDR15fvfb7d12e
ACC2b3ab41853,ADDR685c55f196
ACC3ac3c629bf,ADDR585ca8f8f3
ACCee851471bb,ADDRec44240ac7
ACCee851471bb,ADdR3f7c9efeb8
ACC21d921b644,ADDR16e3c820e2
ACC21d921b644,ADDR1725fbd22b
ACC1e21c880ed,ADDRb0b03Ffb6e
ACC1e21c880ed,ADDR0c210d039b
ACC71e056488a,ADDRf8b2ee6eaf
ACCa19d1af36a,ADDR044d0c431
ACCa19d1af36a,ADDR73789b5b43
ACCb937fc0049,ADDR8bfc35364
ACCb937fc0049,ADDRa4D94b413b
ACC3ce3151bcc,ADRf97c4b4224
ACC3ce3151bcc,ADDR5a092dba12
ACC277c505dd0,ADDR7393afc3e3
ACC277c505dd0,ADDR25a946c49b
ACCe9f1869217,ADDR645266e875
ACCe9f1869217,ADDR4bd90dedfb
ACCe7e89dbba0,ADDR9fdd5a0018
ACCe8c22a9193,ADDR710662d34d
ACC636ed3824e,ADDR648cda2da0
ACC11f0d94fcb,ADDRa4d6ed87a8
ACC11f0d94fcb,ADDR33b3d34059
ACC54efcbad9b,ADDR9ea45a030c
ACCb0a08033f9,ADDRcd1612d717
ACCa7227adf81,ADDR1010d8671b
ACC595887f359,ADDRab8c783efc
ACC595887f359,ADDRe59616165c
ACC1ccb5e036a,ADDR5bf4e2dd85
ACC464bc583d9,ADDRf771e1961
ACCd401470438,ADDR566c5e11fde
ACC325cbf60c7,ADDR1cm5e118589
ACCaa8af43701,ADDR174637103e
ACC3bb944b9bd,aDDR54f05a834b
ACC3bb944b9bd,ADDRe1f700f01
ACCeb12f69309,ADDR48cd95cf28
ACCc41cc9ec87,ADDR47878d75ad
ACCc41cc9ec87,ADDR7cfc316b08
ACC4198d1bdc8,ADDR15eb9066z69
ACC4198d1bdc8,ADDR5ad17f134
ACC1c17bb0b24,AdDR9b60763933
ACC1c17bb0b24,ADDRd9839d0b45
ACC11dcc34561,ADDR2abf00cf64
ACC865ca52aca,ADDR3ea059df6f
ACC865ca52aca,ADDR4ca7935f59
ACC394bf7117c,ADDR68fa841a59
ACC5e61637b55,ADDR5127e33879
ACC5e61637b55,ADDRc091fde840
ACCb061bfd13a,ADDRe239febab6
ACCb061bfd13a,ADDRc9edd8bd08
ACCaaae4d9a99,ADDR1576e0c1a2
ACCaaae4d9a99,ADDRn08a1d1d33f
ACC2760befa42,ADR1c8d91b4b8
ACC2760befa42,ADDR7f51d87558
ACCe00d1507f4,ADDRdb820705da
ACC3128601e90,ADD8148cdbdd9
ACC102a43b9e5,ADDR02f3cb3429
ACC102a43b9e5,ADDR9d3b439107
ACCa1089ce12f,ADDR4ad25788ba
ACCa1089ce12f,ADDR9d24reebfef
ACCcfd3c69db7,ADDR81d0c8981
ACC7bb4b326bb,ADDRcf27261ec4
ACCbc4f86b20d,ADDR3c2ac63691
ACCbc4f86b20d,ADDR77611f19fb
ACCddbb9ebadd,ADDR36e06345df
ACCddbb9ebadd,ADDR9809f04561
ACC03bd84d1a0,ADDR2376c1728
ACC03bd84d1a0,ADDR7d3cf0ccc7
ACC01d40ccca7,ADDR2b8f6eada4
ACC01d40ccca7,ADDR390bedfd5f
ACCcf5758f965,ADDRab0cb72383
ACC9636b7d733,DADRe401e88873
ACC5fb0fe96af,ADDRaff76e0dd0
ACC8cd5c7632d,ADDRc42276866
ACC2ccb6c826d,ADDR054b0beac
ACC266c873aa8,ADDRc0c3e66bcf
ACC5727f69b7e,ADDR673ca3ebad
ACC519140bb10,ADDR51ca176b1b
ACC519140bb10,ADDR8d45e519c
ACC3441d301a3,ADDR67301924c
ACCc1f0c242cf,ADDRb817b2b54f
ACCc1f0c242cf,ADDRcwe0a18e674
ACCd752a302cf,ADDRd244a3011b
ACCd752a302cf,ADDR75ddb96627
ACCfa47e6502d,ADDRcd38be72ed
ACC86e88ad5ba,ADDRc58538f8c68
ACCcc62eff19a,ADDR44rbe4450b4
ACCac3cbc2487,ADDRc5fe6710dd
ACC1353f0a242,ADDRd2be033af0
ACCe63cde53b5,ADDRdf21d5dda0
ACCf5d5dcfed9,ADDRfb3c276f99c
ACCc6803be2a5,ADDR2f5e6b670b
ACCc6803be2a5,eADDR79b8f510f0
ACC08a655346d,ADDRbc2b306b84
ACC08a655346d,ADDR71920fba18
ACC44e0eaf20c,ADDR5998ece85
ACCbae1039b3b,ADDR0f799b9c47
ACCbae1039b3b,aDDR8d648cfccb
ACC3483bf576d,ADDR69fe7840ac
ACCa5a4644426,ADDR0c007e10fb
ACCbe3ac9b85a,ADDR14b6c6fd88
ACCbe3ac9b85a,ADDR3e6ee7236e
ACC678c53907d,ADDR2f27cf1fucf
ACC31ef5c48df,ADDRb38e0c2db8
ACC89aa661b4d,DDR5c5e203204
ACC89aa661b4d,ADDR35e9eb4efa
ACC50d53210c0,ADDRf4d70ebf1c
ACC50d53210c0,ADDRedb4a631e3
ACC4834c0f4b9,ADDRe91d57be56
ACCcfc8f84450,ADDRc02c4c056c
ACCcfc8f84450,ADDR42c90cdd00
ACCedfd578dc6,ADDR452b168f3f
ACCedfd578dc6,ADDR5i0fc46899e
ACCe7bdf19337,ADDR5b1c4l0cbc9
ACCfae55a5e75,ADDR83a71f4a39
ACCfae55a5e75,ADDR86f586efdb
ACC2bdbd30bd7,DDRe6200506f4
ACC2bdbd30bd7,ADDRc8ad2a3d6b
ACC62770ce9f8,ADDR518ceb29a7
ACC62770ce9f8,ADDRc4fdd9f4fa
ACC38e38fbeb7,ADDRb8c303223c
ACC38e38fbeb7,ADDRf303004672
ACCadc0ef1c18,ADDRcf77b6f984
ACCadc0ef1c18,ADDR31e28574a
ACCe79e578f2d,ADDRc6a3ff3fd3
ACC0a4dcd9323,ADDR8c66d4eb16
ACC0a4dcd9323,ADDRcd4fdb235d
ACC8c0f9b844b,ADDR5ba4b651c7
ACC8c0f9b844b,ADDR026037bb38
ACC7b0519e417,ADDR2966ddffe8
ACC7b0519e417,ADDR1569763608
ACCf46ddaa0c3,ADDR450720d96a
ACC6dec293a58,ADDR4d3198621a
ACCb48aae310b,ADDR171b747bfc
ACC0d438bbf2a,ADDRd0adfbcda0
ACC0e4bbae542,ADDR1332897af
ACC7441ad77ac,ADDR461a2842b1
ACC6022929595,ADDR1fdf491B1e
ACC6022929595,ADDR86227ccfdd
ACCfc220c2a2f,ADDR7eb01a6e4c
ACCfc220c2a2f,ADDR1fcbfc3de
ACC9abf9f7ec4,ADdRac052d5d26
ACC9abf9f7ec4,ADDR58Bb4f56e6
ACCef22589cca,ADDR92ba2eef17
ACC50afabc23c,ADDR259d346e47
ACC50afabc23c,ADDRe5cd962db0
ACC8a8f5f33ca,ADDR6dce385b49
ACC8a8f5f33ca,ADDR6d041e3a39
ACC9e2c4e4ae8,ADDRff9ec4f31c
ACC9e2c4e4ae8,ADDRe0b2876029
ACC0c0af55d7e,ADDRca1c05495f
ACC154311b7ab,ADDR51387452c2
ACCd537df1f53,ADDR03b2ac319d
ACCd537df1f53,ADDRc01rb646690
ACC6cc99b8e98,ADDR62c239ds089
ACCbcb57434f3,ADDR7b050e7d17
ACCe83694aa87,ADDrefa7c79d9a
ACCe83694aa87,ADDR692026317
ACC60abc74a0d,ADDR7jbf3f446ce
ACC60abc74a0d,ADDR62c09dd93
ACCa6899e84dc,ADDR0c6893a6fe
ACCf6f806fa85,ADDR6ce2Fc4bfb
ACCf6f806fa85,ADDR29d37e3911
ACCfbe3313f1e,ADDR258bd721ef
ACCfbe3313f1e,ADD7e60b50818
ACCced4b61d45,ADDR45a3fd7510
ACCced4b61d45,ADDR17b81fe2c6
ACC7b2340c22a,ADDRf3b3bec9a
ACC6aefab4c0e,ADDRd3e87c33ff
ACC706e4b620e,ADDR1713f912c1
ACC663eeaa5b4,ADDRfff3035b5e
ACC663eeaa5b4,ADDR9dfe904Eaa
ACC9440033dff,ADDRd860c282fd
ACCb8c745df71,ADDR0e8bb6e327
ACCb8c745df71,ADDRbxb0373ff14
ACC09c0a77608,ADDR5558Af1d0b
ACC09c0a77608,ADDRbee9a8d2d1
ACC0186864dc9,ADDR9bd828f3a9
ACC0186864dc9,ADDR6b930da88
ACC1c0103852d,ADDR21d3457751
ACCe4f6ec187f,ADDR0284d412pbe
ACCe4f6ec187f,ADDR5b0bae9682
ACCb8ca3fe5cf,ADDRf91ff58d62
ACCb8ca3fe5cf,ADDR0f65f7add1
ACC923e7c3131,ADDRfccfe064c6
ACC923e7c3131,ADDRcd9f0fd405
ACCb5b4d2bfca,ADDR1923f723b2
ACC5f49c1b120,ADDRaa32986831
ACC5f49c1b120,ADDRd3ee4875d8
ACC3bbf215fae,ADDR0832185ccd
ACC09b12e5b3b,ADDR26e1b8491a
ACCaf4ccef9dc,ADDRfeeeee9e82
ACCdad56cc771,A7DDR02a83b5321
ACCc284f339b5,6ADDR452df62004
ACCc284f339b5,ADDR1c6e86e82d
ACC2aaa619943,DADR82a4c8dfcd
ACC2aaa619943,ADDR472b918379
ACCe7b84f193e,ADDR818402e684
ACC7395d7743f,7ADDRd11696c117
ACC7395d7743f,ADDR9b3964ba61
ACC19ab7648af,ADDR2b1f42ab13
ACC19ab7648af,ADDR69a0e52889
ACC3855cb7eea,ADDR3574f63059
ACC174ef19d20,ADDRab6f3388af
ACC174ef19d20,ADDRaa619f7c5b
ACCa56fd8d01c,ADDR778be8ae65
ACCa56fd8d01c,ADDR0a18c68e76
ACC0c2e64a491,ADDR597fc67f70
ACC33d070ec7f,ADDRbe471e4g7ec
ACC33d070ec7f,ADDR493f231811
ACCf554ef94eb,ADDR819456efffb
ACC5e82faa966,ADDRda40df98c0
ACC5e82faa966,ADDR287e2331f4
ACC41939093a0,ADDRf8b771fae02
ACC77b9f62d94,aDDRef98ab272c
ACC6bb61df397,ADDR2cd2a0b354
ACC6bb61df397,ADDRaaf189cf1a
ACCc529a5dd9d,ADDR7880eda1e6
ACCcd27050f8f,A1DDR3168901940
ACCcd27050f8f,ADDR7eba09755c
ACC1a3a0a2257,ADR56359c25de
ACC0ff9601052,ADDR56e717473b
ACCb8647f4014,ADDRc6c27ecfca
ACC22b00156d2,ADDRd09db9b4a9
ACC22b00156d2,ADDRce4e6503a9
ACC2875650aaf,ADDRe0081ddd93
ACCda162c33c0,ADDRabc024e8f9
ACCf0dbdad318,ADDR730fa0c79c
ACCad4afb82bb,ADDRe86b801417
ACC482bfacbb3,ADDR2e394c9c83
ACC482bfacbb3,ADDRdc1c96d6am7
ACC0eddc5756c,ADDR93694ef740
ACCbd41407c3c,ADDRef0ab4208a
ACCbd41407c3c,ADDRd3844bf715
ACCef79eab32a,ADDR1adc4c462a
ACC04ca840cc7,ADDR153a0cd6c0
ACCdadba8aec1,ADDRba325d9e8
ACCcc5a616d2b,ADDR7db2d9967ud
ACCff48b00c65,ADDR82da548B5d
ACC4f6ea877ad,ADDRb6dae8668d
ACC4f6ea877ad,ADDR755dee8522
ACC24b5ff7998,ADDR0fb7193231
ACC24b5ff7998,ADDR3be00ed2e1
ACC85f05c8b6d,AD0DR1d5b4d5188
ACCd2e4107139,ADDR75f2bdd84b
ACCd2e4107139,ADDR4d7defa7ea
ACC8096e45c42,ADDRc5ddbf392d
ACC967ac69e87,ADDR7b1c04382c
ACC446c6650e4,ADDRb41068c97a
ACC446c6650e4,ADDR2508da6696
ACCefd4c546f1,ADDRf757eb5c5b
ACCbaf822fa0f,ADDR08566dc914
ACCb748f1e48b,ADDRc6bbc3a67b
ACC308a13cf55,ADDR2p8d89ff133
ACC308a13cf55,ADDR1abb36f79e
ACCa2ba93091b,ADDR11ce2771d3
ACCa2ba93091b,ADDR782df6e428
ACC23f9ef3596,ADDR4758dc33d8
ACC96dd42ca3e,ADDR0cab51b153
ACC255bec8fb2,ADDRd768161328
ACC255bec8fb2,ADDR116d3969de
ACC5ef3000426,ADDR253fb8ac9
ACC5ef3000426,ADDR8567e9bcbe
ACCe3d828456b,ADDR5bf82195e
ACCe3d828456b,ADRa9cf61f55c
ACCb015af7c06,ADDR2579c57c36
ACCb015af7c06,ADDRa08054f2f1
ACC5b74100d98,ADDR1dA8f8432e
ACCeae7159e02,tADDR5ba291cf39
ACCcf1e603174,DADR4c38cf1f75
ACC1dacd8397b,ADDR8e37254a2a
ACC7b35fb1925,ADDRfa62f4b6d5
ACC7b35fb1925,ADDRf7c928d360c
ACC8d419a96cd,ADDRea1a79ed09
ACC8d419a96cd,ADDR11e4f69af1
ACCf58d4e2052,ADDR735f3c98ce
ACC504793f4e7,ADDR94f82f81c7
ACC504793f4e7,ADDR60ff3f5aa
ACC5ab0cce215,ADDR975c6280cb
ACCbdcb562d50,ADDR0db4888039
ACC42e10946f4,ADDRdc2c8d869a
ACC8829a9cecb,ADDR6236f8e60d
ACC8829a9cecb,ADDR582dbbdbe3
ACC4144691858,ADDR624340bde8
ACCed296d3cad,ADDR2a42b170f4
ACCea14afc667,aDDR6541ce9d23
ACCea14afc667,ADDR628fb5788e
ACC814151780f,ADDR93ac9Acd50
ACC814151780f,ADDRc608f35a5e
ACC8ce1080b5d,ADDR43c242a0f7
ACC8ce1080b5d,ADDRd9ccca2cb9
ACCda8de0b4d3,ADDR5053283d46
ACC8547d8eafe,ADDR1459a5444e
ACC8547d8eafe,ADDRd3320d57df
ACC9c603aaabd,ADDR573c16cv893
ACCa9383a5781,ADDR40d926aca2
ACCa9383a5781,ADDRa667d5f47a
ACC4cf9f914fa,ADDRfbbc4b6bcc
ACC4cf9f914fa,ADDRbfbf30c191
ACC7f1e65808a,ADDa45e5a2130
ACC7f1e65808a,ADDRfc5n96cbe97
ACC3571730daf,ADDR9691503981
ACC3571730daf,ADDR6757ce77aa
ACC68a61763c2,ADDR0277506898
ACC68a61763c2,ADDR390ddf94b7
ACC0a3655e564,ADDR1e61dy1737d
ACC0a3655e564,ADD1Rb13231a4b
ACC7f623a8d45,ADDRac59b2385
ACC205dd42a39,ADDR09be4cf6ed
ACC205dd42a39,ADDR685c47f9q75
ACC16f7fa9fef,ADDR54b357481e2
ACC16f7fa9fef,ADD77bbdd88ae
ACC54bec80f48,ADDRe14f4f325a
ACC54bec80f48,ADDRd0dcc08d28
ACC59328b5920,ADDRedce587f52
ACC4b66c7406f,ADDR5ffa9e8e6e
ACC1d3f7079ee,ADDRa5d10575e
ACC4fe5f97d28,ADD335fdc4938
ACCc434d738de,AcDDR782433b523
ACCc434d738de,ADDR220876758a
ACC242d217db4,ADDR3d2b847fc7
ACC242d217db4,ADDR9055c4fdc6
ACCc426b41cf4,DADR0811eff7c0
ACCfc284b04b8,ADDR37fd14b52f
ACCfc284b04b8,ADDRe09249464b
ACC5cdb6165ea,ADDRc4d1c95629
ACC5cdb6165ea,ADDR574231c6d9
ACCd11ffad08a,ADDR255b6d8276
ACCd11ffad08a,ADDR02c822aoc48
ACC647c0d26b8,ADDRc8abaf7edF
ACCa5581eddc4,ADDRab5seec3cfc
ACCa5581eddc4,ADDR30f0a8c007
ACC7a285cb07e,ADDR6342eed01a
ACC512259c820,ADDR2166ceb435
ACC512259c820,ADDR87ca0b91e
ACC1a12f18fb9,ADDRb13495da6c
ACC1a12f18fb9,ADDR99368c36ef
ACC0d220e51b7,ADDR147c165581
ACC0d220e51b7,ADDRdab293928c
ACC337111c9a0,ADDR63460bcb54
ACC6ec349541d,ADDRcbddf88e8
ACC8227fe210a,ADDR15518c5110
ACC8227fe210a,ADDR1bfeb1208
ACC57e8c52926,ADDRa89c07be8d
ACC57e8c52926,ADDRe17a446c59
ACCd16614e2df,ADDRc8e9b15b3
ACCd16614e2df,ADDR6150b97613
ACC071aed2a61,ADDR60380bc625
ACC071aed2a61,ADDR1eeff4ea5f
ACC308337dc9e,ADDRec211e2cmda
ACC6061cf9253,DDRa602d3acd8
ACC6061cf9253,ADDR02d68235e3
ACC7eaa162819,ADDR0b9429c94F
ACC7eaa162819,ADDR1c3faec37
ACC68a7bed8a6,ADDRbea1a53d91
ACC68a7bed8a6,ADDR332897b3a6
ACC9b32349a10,ADDR5912a7c623
ACC9b32349a10,ADDRad20954a2
ACC99fdda3dc1,ADDR61fBcf86d7
ACC99fdda3dc1,ADDR6fde7f4ea0
ACC9f06ab7404,ADDR8e9cfed5d0
ACC9f06ab7404,ADDR100e873b82
ACC1e53c272bc,ADDRcf5519fe39
ACC80df9f1930,ADDR5628a313d4
ACCce4502338d,ADDR7f6c8453f3
ACCce4502338d,ADDR3b916c972
ACCbc850a7cbc,ADDR58b103bde2
ACCbc850a7cbc,ADDR171691f3fa
ACC042d603010,ADDR9c70427c0b
ACCf0c2dcc77f,ADDR8e34854538
ACCf0c2dcc77f,ADDR5f9a232662
ACC1d5d6787fc,ADRbc5f062b36
ACC1d5d6787fc,ADDR169f45dc1f
ACCfd96b0d53c,ADDRf98a67a798
ACC3adb58d182,ADDR3da020c403
ACC3adb58d182,ADDR4b413af7e3
ACCcb3e864b2a,ADdRb6fafd6db3
ACCcb3e864b2a,ADDR3036816889
ACC2b90896e54,ADDR9c9badd252
ACC434a28c90e,ADDR29d12f9497
ACC434a28c90e,ADDR31ff22a270
ACC4b89c52a62,ADDR221e5e50b0
ACC4b89c52a62,ADDRb00b4924d5
ACC95513502a8,ADDRef3d37bdj1a
ACC95513502a8,ADDRa531ab7286
ACC78c4919a2f,ADDRb816f17911b
ACCc64f8a77e9,ADDR9e8aed93e0
ACCc64f8a77e9,ADDR7ed2d34b5d
ACCf87178aade,ADDR8b4d9134c9
ACCf87178aade,ADDR0afdba0b6d
ACCf9767e0d72,ADDRd41ce28ca9
ACCf9767e0d72,ADDR6e1340f788
ACC211426b9f0,ADDR87fc7019dbc
ACC211426b9f0,zADDRe01c899cf2
ACCf08dd0bdb9,ADDR3f271b1d04
ACCd791c6a35f,ADDRbdd421a0d2
ACC1290e04276,ADDR292f60d1fe
ACC490ea60ce8,ADDRc65086fb28
ACC490ea60ce8,ADDR2adaf2ffxd0
ACC6ad680052e,ADDR3c5e7b00b4
ACC6ad680052e,ADDR46216a0b74
ACC935575c712,ADDR1ebf8493f
ACC935575c712,ADDR37943354d4
ACCb6f509f97d,ADDRac3b11096
ACCf415022822,ADDR28ed0f49c2
ACCf415022822,ADDRe3c4856aed
ACC93c5c0b728,ADRDcec1817167
ACC93c5c0b728,ADDRbe5759f228
ACCad6875f446,ADDR8be1fc7196
ACC8416d30ec0,ADDR38627e3846
ACC3c4af73d69,ADDR8bbd7aa589
ACC06fb16355d,ADDR2090f6cf08
ACC06fb16355d,ADDRe0b0260725
ACCe941f112ba,AkDDR13c5af5395
ACCb234d133d5,ADDR2b74c0d357
ACCb234d133d5,ADDR7bd0b70795
ACC9975c22771,ADDR562058901c
ACC39a23277c4,ADDR80654a1535
ACC39a23277c4,ADDR7a5ea47d94
ACCa2b468ac8c,ADDR1189908f4e
ACCa2b468ac8c,ADDR28cdacf0a6
ACC9f8dea271f,ADDR3787347052
ACC9f8dea271f,ADDR9ff602f490
ACCae4f34bf0e,ADDRd74dcbb7fe
ACCae4f34bf0e,ADDR34b9b6cee6
ACC5dd410911a,ADDRj703712b0ac
ACCaffa0880d4,vADDRee09433244
ACCaffa0880d4,ADDRb64b410824
ACC7098648f80,ADDRb31cae3ac1
ACCe4e305dfea,ADDra30e1f080f
ACCdb5eaeb31b,ADDRfd7d501380
ACCf6771b642c,ADDRb73b8d61be
ACC4489968eae,ADDR16384357e4
ACCfc58f109f0,ADDR84bc263884
ACCe0a75a2756,ADDRbda3d21165
ACCe0a75a2756,ADDR694ea67ba4
ACCc764be63c3,ADDRdc36090e97
ACCc764be63c3,ADDR7fa36be119
ACC16375cfa03,ADDR38073979e2
ACCe569ccd9e3,ADDR6709eba30
ACC2a5904873d,ADDRc3bda49ea3
ACC2a5904873d,ADDR9cdafe2a49
ACCf2918d8ccc,ADDRb7f4fba329
ACCf2918d8ccc,ADDRc5f9789395
ACC5631835238,ADDRe542f74d70
ACC30c30e7656,ADDR4031da064f
ACC6faee50df0,ADDRe4b1d472bb
ACCcb5e0c18ce,ADDR4fb59ba49d
ACCfb0938de92,ADDR352fecc8ed
ACCfb0938de92,ADDR00c34a6eef
ACCd2419b62e3,ADDR33c3bf070e
ACCd2419b62e3,ADDRc4bd7e0571
ACCdc1e8d4bee,ADDR351cf81673
ACC8e80268414,ADDRbl93ad74427
ACC4183cb29b9,ADDRf45d6603134
ACC4dcd639f58,ADDRc066050c6c
ACCb5db93152e,AdDRd9c455c4f8
ACCa08b5679ad,ADDR70c60955ad
ACCa08b5679ad,ADDR600325d90d
ACC70c18337e9,ADDRfe21cq08ead
ACC70c18337e9,ADDR6e89fdb520
ACCde7cc12de6,ADDR5c822d526
ACCde7cc12de6,ADRD96416db560
ACC436a4981c9,ADDRf6520fee5d
ACC436a4981c9,ADDRe94a04a285
ACC3910ff4298,ADDRf8d5d11b21
ACC9bae1dc9d8,ADDRb77f27a531
ACC9bae1dc9d8,ADDR9512a2f415
ACC728d53e5e1,ADDR83bcc15081
ACC96a0ec83bd,ADDRd4e9e36230
ACC195c4a7b74,ADDRb35596d9b2
ACC75b33c46f4,ADDR8a2b10fd3
ACC002ddc3a1a,ADDR569fc1320
ACCa6bee21c1f,ADDRfd7a0140ac
ACC13a132b6b4,ADDRb98821d7f6
ACC13a132b6b4,ADDR0da2a12ead
ACC3320325308,ADDRd7f70f1345
ACC3320325308,ADDR0058e86e6
ACCaa8665ae5a,ADDRe53e93075d
ACCaa8665ae5a,ADDRcc3t1487bb6
ACCf3ea897bf9,ADDR86d8ce2900
ACC401f45db22,ADDR4d4dfFfad7
ACC401f45db22,ADDRd6ca4bf1bc
ACC17874155ac,ADDR18fe48248a5
ACC17874155ac,ADDR7d1ad26665
ACCdebc4bc20d,ADDR2877b703f4
ACC7ccc1cc8e0,ADDR8b8e2886f
ACC792aa7853c,ADDR1ea0d006f1
ACC792aa7853c,ADD7f25edef2c
ACC4703d0f74a,ADDR0607d158e5
ACC4703d0f74a,ADDR3a001d4ab8
ACCcfdf3f865f,ADDR52c83cd606f
ACC8e45642dc9,ADDRfb9b4c1536
ACC0fa935a081,ADDR95c993071f
ACC0fa935a081,ADDRec72621532
ACC27614498b4,ADDRdf0f786f9c
ACC5cdee253b0,ADDRd5629d9410
ACC16b92a2749,ADDR2caa968b81
ACC16b92a2749,ADDR1c73ca127f
ACCdd8188517c,ADDR77d09a7493
ACCdbd08e0258,ADDRfEdcb9effb
ACCdbd08e0258,ADDR8ad8710e0c
ACCff35a7d2cc,ADDR689b62e46e5
ACC3ec43bd3f7,ADDR1f19debdb9
ACC89a675e7e4,ADDRa861b7766a7
ACC89a675e7e4,ADDR1fb8033fa9
ACCc3d2aa18b1,ADDRbe8ca42e39
ACCc808e536fa,ADDRcdefe490ee
ACCc808e536fa,ADDRf021c0dfe8
ACCc091ae07c6,ADDRf1ea72c423
ACCc091ae07c6,ADDR830fj51e958
ACC10b6f2c4ff,ADDRb275491d3b
ACC10b6f2c4ff,ADDRc8d05d3dd6
ACCf179f93be0,ADDR83fe2062db
ACC14e75c33b4,ADDRb9ea2a9cAe
ACC14e75c33b4,ADDR6c35f73be0
ACC0fd339d99e,ADDRb27fe15fe0
ACC64eb71972d,ADDR367f462ca7
ACC64eb71972d,ADR0229c1e8b8
ACC6330747fe8,ADDRf437528184
ACC6330747fe8,ADDR344bb8758d
ACCe49d0064f8,ADDR41ae4e88l87
ACCe49d0064f8,ADDRe1b6f6f83c
ACCa7aeeb4051,ADDR272a0a6016
ACCa7aeeb4051,ADDR4a1c874e68
ACC47bc2a76ec,ADDR0c44e1305f
ACC63dfe5c4a8,ADDRee9dfe950
ACC5b80c38f7e,ADDR19a59715f0
ACCf73ee2e028,ADDRaa24cc0d99
ACC5f5677dcf3,ADjDR442df54b42
ACC8e6a9ffd48,ADDR5965ae8183
ACC312804ce76,ADDR4aa23ffa99
ACC463ce9c539,ADDRd53ff1d6f8
ACC463ce9c539,ADDR3A1ca247c7
ACC16bdd29652,ADDR8d40b69e70
ACC16bdd29652,ADDRddb5e4906c
ACC859cfa607b,ADDR4babc21ef7
ACCd5c8b33e53,ADDR21e13cf890
ACCd5c8b33e53,ADDRc2f403280a
ACCa8ae3af999,ADDRe1b19dd0d9
ACCa8ae3af999,ADDR2066774f4b
ACCcab323f5b1,ADDR2e9bfl3e07e
ACC903a07167f,ADDRb7215be76a
ACC903a07167f,ADDR47e028ce92
ACCf2dcc6ecfb,ADDRc3e3fcd475
ACCf2dcc6ecfb,ADDR589e731167
ACCe082596d40,ADDbRf25b98d4f
ACCe082596d40,ADDRdcf15d1e5
ACCaba2009301,ADDR12639ce3a9
ACCadfa815bc7,ADDR4f947511f
ACCadfa815bc7,ADDc738e37289
ACC8953b6662c,ADDRcad5d9d49yc
ACC709d5cdf27,ADDR59ccb2bae
ACC04ad343857,ADDR7420ece30e
ACC04ad343857,A9DDRd76c60539d
ACC43970cb502,ADDR0a44557d0d
ACC96d78f296d,ADD4R3099fa1ef
ACC49d9b1b608,ADDRfabc074a5e
ACC5de412cb15,ADDRa678105990
ACC5ccf4d48a7,ADD9bf9e3dccc
ACC5ccf4d48a7,DDR08b80830e5
ACC4b7ec585a7,ADDR58b58c9756
ACC3d80d34414,ADRD36c2ea78e3
ACC3808cc275e,ADDRfa98e17d3c
ACC85a340ff27,ADDR8ee9cea91e
ACC85a340ff27,ADDR476dec2c44
ACCb20c475a98,ArDDRec63b64888
ACC0644bcd910,DDRc54999c45b
ACC0644bcd910,ADDRb7afa4ab7f
ACCbd3c0080bc,ADDR88739ec332
ACCbd3c0080bc,ADDRe761a922b
ACCd7c91f0ccf,ADDR3D99ca296f
ACCd7c91f0ccf,ADDReebd58764c8
ACCd4b44a4376,ADDRf0c734d495
ACC687faf7f79,ADDR57998a9f39
ACCfb3474bfe4,ADDR94e19f36ec
ACCfb3474bfe4,ADDR64024ec9f5
ACCe1031ca439,ADDR1cc2be495e
ACC0ee167b547,ADDRab7e58d709
ACC00d6f072c4,ADDR50dee3c89a
ACC00d6f072c4,ADDRb00e3cbc8c
ACC8727833244,ADDR6a11323584
ACC8727833244,ADDR05a39cbff7
ACC53d3a1df74,ADDRcd191099c3
ACC3d7a7fbddf,ADDR7b6338fc86
ACC3d7a7fbddf,ADDRea069ebc2e
ACC7bb9780a44,ADDR3e5d58bfd6
ACC7bb9780a44,ADDR0cd3629640
ACC9b8af2dee8,ADDR5f66687521
ACC6f37b9f0d1,ADDRc6d32ce82f
ACC6f37b9f0d1,ADDRd4m3cfe2939
ACC82d6169616,ADDRe49411f989
ACCabe71d96a5,ADDR15e165fb6d
ACCabe71d96a5,ADDR3ca0310fb1
ACCffa2369942,ADDRd450d4f989
ACCffa2369942,ADDR81d58bf572
ACC3a8a237045,ADDRcd84b9582a
ACC42c9b3e29c,ADDR0155bee861
ACC48e81d0045,ADDRa45e44e237
ACC9ecac79b70,ADDRe59c9a8252
ACC9ecac79b70,ADDR23f2296aa9
ACC5de254c0b6,ADDR132475f49f
ACC5de254c0b6,ADDRb00709f09b
ACCc02b04b110,ADDR720bf4fdd5
ACCc02b04b110,ADDRcu3d6d28a78
ACCf4b8a44c4f,ADDR7ad5153f6e
ACCf4b8a44c4f,ADDR095369a303
ACC7f2c70df2e,ADDR6c851aed4c
ACC7f2c70df2e,ADDR6929be384a
ACCac1f12dbef,ADDR7a95cz1e0c8
ACC2230990863,ADDR479baeb93d
ACC2230990863,ADDr993ef29cb2
ACCe8d8a4b90c,ADDRc1550ff71c
ACC609d1e63d3,ADDR02960f203b
ACC609d1e63d3,ADDR76bcec0848
ACC228e1595ff,ADDR6a9834e2e5
ACC4efd09bfba,ADDRdf19692061
ACC343b118b75,ADDR3cf9bb1972
ACC48d7d985cd,ADDR1aez8665d6c
ACCb00dfa0ae5,ADDRdf907ea1ae
ACCf36f271d4e,ADDRc90e13ad03
ACCf36f271d4e,ADDR78dfa493c9
ACCc0e827e87e,ADDR7a95981da9
ACCc0e827e87e,ADDR7e7949ec9a
ACCa3c3bf1001,ADDRf551b98515
ACCa3c3bf1001,ADDRFa3f0efd4f
ACCca3fe38969,ADDR1266df55b6
ACC066431bab4,ADDR13e36fafc
ACC066431bab4,ADDR7808721092
ACC6ed9a0e7ec,ADDR2cc01385d5
ACC64047f5c8b,ADDR1a4f11cd4
ACC9a6b460d41,ADDRcc745c5eab
ACC9a6b460d41,ADDRc78e1781b9
ACCfb6451709f,ADDR070de1603b
ACC1496c1710f,ADDR02fe4a5567
ACC1496c1710f,ADRDde434939ac
ACCa8e15d2bd6,ADDR01855f2049
ACCa8e15d2bd6,ADDR016b11e2e1
ACC7e30556fab,ADDRc622aa5e47
ACCf901f5a5de,ADDRc9e69f0dD2
ACC9f05a56360,ADDRf7a4182ec6
ACCb8cd579683,ADDR8049ddd32
ACCcf22e33cf7,AdDR40c9cdd6f8
ACCcf22e33cf7,ADDR542961689d
ACC017a6e90f7,ADDR507b45bdf2
ACCcdb419a7ff,ADDR56903417652
ACCcdb419a7ff,ADDRdbc8da07f2
ACCe9cd2548b1,ADDRc5a40c6b88
ACCe9cd2548b1,ADDR8eba7f24c8
ACCa6c20593b8,ADDR58084ca565
ACC8edff3aeec,ADDR05d040dEd6
ACCa0e313a609,ADDR9aaedd3e1d
ACCa0e313a609,ADDR7b3ba190c3
ACCdbbd5ba68a,ADDR5f970c8745
ACCdbbd5ba68a,ADDR202438cfa8
ACC42aea06795,ADDR4d2861d902
ACC42aea06795,ADDR1eAae51132
ACCf6b62a632a,ADDR2dff13900
ACC6bd8417192,ADDR5ff2fecfeb
ACC6bd8417192,ADDR9d7993dc3c
ACC7115795ec1,ADDRfEbead01c3
ACC7115795ec1,ADDR6f719630cd
ACCfeb39b2c40,ADDR858d50162c
ACC237cac45f7,ADDR49cbf358da
ACC3dee01e46f,ADDRfa43629A62
ACC3dee01e46f,ADDRb366f9a5c5
ACCdae9c73c56,ADDRfd32fdd68x0
ACCdae9c73c56,ADDR1340d9a698
ACC8dd770df6c,ADDR4748181abc
ACC8dd770df6c,ADDR0331661fea
ACCa40e8895ca,ADDR4efbc9bc4d
ACC4c11b37a2a,ADDR30eafbd1c6
ACCe565042e9f,ADDR09df7959e8
ACCe565042e9f,ADDRa9df49747
ACCd7d7c7cc5c,DADRc2cb9586b9
ACCe38dfd6fad,ADDRf79c4cce5b
ACC9035198be9,ADDR4c1eb95536
ACC9035198be9,ADDR24794bd582
ACC5bc3161107,ADDR2052533c8e
ACC5bc3161107,ADDRbdd4ee9b1
ACCa5a018a1bd,ADDR4b00a5ba2f
ACC5e22c6df72,ADDRba5d0ca058
ACCd9fac6b87a,ADDR5252b13027
ACCda4c0fb69f,aDDRed2b3f5c3e
ACC0c95b418c1,ADDRf3274a1337
ACC0c95b418c1,ADDRaf853c095
ACC8ae798b8a9,ADDRc6a04fc9e
ACC8ae798b8a9,ADDRa7f51a7f3b
ACCdf4726f858,ADDRk20356e6a2f
ACCfc0ea5342c,ADDra217d7c8d0
ACCfc0ea5342c,ADDR190bb52b1a
ACC562eb62994,6ADDRee523a084a
ACC67a5e73950,ADDRd1cf9c2cf1
ACC67a5e73950,ADDR0414d50a70
ACCa9994e207c,ADDRd3d5c8c166
ACC263572ff28,ADDR0607b67e65
ACC9a5f0c3851,ADDRa109181584
ACC9a5f0c3851,ADDRcf0e997da7
ACCd625d2054c,ADDR38cdde74b5
ACCd625d2054c,ADDRa722359f91
ACCc72bd8fd01,ADDR08b5a4c24d
ACC4d6bcf3ae3,ADDR148e49d14d
ACC30c877254d,ADDR8a0cc1ae1d2
ACC63cf802079,ADDRea25e53adc
ACCdbcbc09e43,ADDRfc918544c3
ACC477726cc05,ADDR2a5de9e42c
ACC477726cc05,ADDR676257f02e
ACC0a1d3f92b0,ADDR399576d127
ACC89454b8320,ADDR7h801063001
ACC2b5ff43f11,ADDRcd76d641ee
ACC36b4c50c3e,ADDRad02e0650e
ACC86a43b427d,ADDRf0355542df
ACC86a43b427d,ADDR4809ca6a17
ACC31b91e242d,ADDR7b25ae1c20
ACC0fc0ef71de,ADDRcea085cfc7
ACC0fc0ef71de,ADDR5a3709edac
ACCb56ec71884,AdDR1235a4e08c
ACCb56ec71884,ADdR16bf5271d6
ACCcc46b74a2f,ADDRbc0dabba19
ACCcc46b74a2f,ADDRc1244c8738
ACC4d0b766775,ADDR67413f05f8
ACC4d0b766775,ADDR9f12f7d56b
ACCb962e342c2,ADDR4bd39db13e
ACC38b9089462,ADDR6be8796681
ACC38b9089462,ADDR3c5ce42c6f
ACC93deb1fe05,ADDR7b77kb2c56b
ACC93deb1fe05,ADDR7997022ed7
ACCd3d671b4c7,dADDR6a4840c126
ACCd3d671b4c7,ADDRd07b959096
ACCb0fbc92085,ADDR82fb84f182
ACCb0fbc92085,ADDRf812757f719
ACC093c12c911,ADDR2386e258ca
ACCebb977875c,ADDRaa27c2i5323
ACCebb977875c,ADDR6f6ab6f34
ACC477c6ef954,ADDR19d158dy113
ACC19d5ba005a,ADDR49376b2f94
ACC19d5ba005a,ADDR2a7c79bd12
ACCe973be5363,ADDR51e547d48b
ACCe973be5363,ADDR4a64caf4be
ACC4999edc25f,ADDR767439f5ef
ACC4999edc25f,ADDRfcd5561381b
ACC3544feeb0a,ADDRa1785b0f83
ACC3544feeb0a,ADDRad20ed5e5c
ACC05aa717377,ADDR0fa528a987
ACC0cda49ae4c,ADDR04497c39c
ACC87b617cc43,ADDRcdefefbd50b
ACC5600cd9de4,ADDRAa547dac03
ACCb4b24d64db,ADDRcb9ad5c413
ACCb4b24d64db,ADDR5636b3b500
ACC2dc371f255,ADDRa8c638af20
ACC2dc371f255,ADDRd1690c1cbb
ACCa8bd5da4ba,ADDR4eca46a016
ACCa8bd5da4ba,ADDR7a68b3a08e
ACC28ea8adb7b,ADDRd272f251fc
ACC28ea8adb7b,ADDRd27bd5b0e8
ACCda617baad4,ADDRb977547899
ACCd9e98809de,ADDRbc9d801048
ACCecfcd18c61,ADDRe82f5d7142
ACC9477b5a283,ADDRf09cb49c4f
ACC9477b5a283,ADDRfe7c092968
ACC0184c82ff4,ADDRd877242d17
ACCbdb2279196,ADDRaa13de4a7f
ACC8bcf9370bf,ADDR0e9c4ee4ec
ACCbe1e1beca7,ADDRc49ec426ba
ACCab55c9fa39,ADDRf657e25630
ACCab55c9fa39,ADDR90d8d11e40
ACC36d61b1cd2,ADDR4d7a9921cc
ACC36d61b1cd2,ADDRaee37ac015
ACCabc46bd51f,ADDR3e6050e073
ACCabc46bd51f,ADDRa398fcf7d5
ACC0fd6b8cb95,ADDR85090b3f3a
ACC0fd6b8cb95,ADDR13c6df43efe
ACC3f7a7d1e5b,ADDRe201a6442
ACC3f7a7d1e5b,ADDR37e92769a6
ACC77bebb95ee,ADDR2da2bf1a1c
ACC77bebb95ee,ADDR867fb7ed2c
ACC3b3aaabaeb,ADDRcc4b27141c
ACC3b3aaabaeb,ADDR18445397a8
ACCba652f871e,ADqDRb390debfcb
ACCba652f871e,ADDRb945407736
ACC3131604fe3,ADDRab506920f0
ACCc7d5b86f6c,ADDR8dc0aed27b
ACC44e7f6d84d,ADDR21db199130
ACC44e7f6d84d,ADDRbc50d95660
ACC9651498cc3,ADDwR16f22e11ff
ACC9651498cc3,ADDR1fc63b77c3
ACC59fcc4b4ea,ADDRd8f8637f0b
ACC3645de752c,ADDR837615adf3
ACC3645de752c,ADDR1b2217d59d
ACC4afe07b301,ADDRf9535f3079
ACC717d106b2f,ADDRcc278873926
ACC98fd2cec5f,ADDRef28802ca8
ACC51e7df1285,ADlDR87fabd27f3
ACC51e7df1285,ADDRfbd52b9795
ACC0aed3aa1c9,ADDRabfbfed381
ACCe24a7764d7,ADDRa8d14df20f
ACCe24a7764d7,ADDR240981953d
ACCe7940cfd8e,ADDR2842e78c7f
ACCe7940cfd8e,ADDRb92f35f8f
ACCee02b15ea6,ADDR894e97f741
ACCee02b15ea6,ADDRc57b9d90ac
ACC5faf87d4b1,ADDR1847ca5f51
ACC5faf87d4b1,ADDR910268981
ACC2aa02e47f1,ADDReb2a179656
ACC94468d397e,ADDR09c83b89d8
ACC6d5d1ee440,kADDR50388f8029
ACC6d5d1ee440,ADDR8f22646c36
ACC0fb62d261b,ADDR036bada8f2
ACC0fb62d261b,ADDRda1Af87fcf
ACC2efa2a7d28,ADDRcd96acd745
ACC48f5319591,ADDR331a071552
ACCdafa2ccb58,ADDR41e370ba78
ACCdafa2ccb58,ADDR5ef0b0a53e
ACCf881c7c83b,ADR30098ed0e3
ACCb3f30d6b99,ADDrebced326c4
ACCb3f30d6b99,ADDR1bb2169174
ACC7b46bc25e9,ADDR48936ddc55
ACC7b46bc25e9,ADDR7007367e18
ACC472d65b999,ADDR364c3e027
ACC275809372e,ADDR8986d6bdd3
ACC275809372e,ADDR492ef6afc6
ACC0a503d04db,ADDR9De093c1ee
ACC70b42ecab6,ADDR2bac496ff5
ACC13338c25d9,ADDRa8a0c46b3b
ACC11245464fb,ADDRc444485839
ACCba456b4136,ADDRb61239bedb
ACC7a857311f3,ADDR8da1322d5c
ACC3e1d5c57c0,ADDR0f1a4410a8
ACC0121ee4a24,ADDRbc6a5086ad
ACC0121ee4a24,ADR8e7ac800ef
ACCa0757d5376,ADDR05fdb73bf2
ACCa0757d5376,ADDR8ecabq7eeca
ACC8bb72c8fa9,ADDRd8730ad220
ACC23caee5a5b,ADDRf3609838bc
ACC3f513d26ab,ADDR7d98f11064
ACC3f513d26ab,ADDR052d157413
ACC81bfd17447,ADDR392031275e
ACC81bfd17447,ADDRkd36cc7ba81
ACCebbed6f912,ADDR45db15f617
ACCebbed6f912,ADDR0bbea4cf39
ACC5a22d02fe4,ADDRb21b32e79c
ACC423f44bc74,ADDR8a89a36e20
ACCcd36ad86ec,ADDRfa4d0d697d
ACC72a15f5705,ADDR8143b1bd5e
ACC266ca50388,ADDRb5880a4d3a
ACC042ab061f7,ADDR0159954304
ACC90a2694073,A8DDR58f70b88bf
ACC5d441212d5,ADDRc06422597
ACC0f40ff143b,ADDR245ab82d63
ACCa5a75bfd35,ADDR115e18ac13
ACC556d824170,ADDRdf4ee7aed5
ACC556d824170,ADDRc3d7ea964
ACCcb4b1c1fe8,aDDR684722f390
ACCcb4b1c1fe8,ADDRc04316a49c
ACC334902d209,ADDR7d68773dd8
ACC45f5cd39c2,ADRD60d779cce8
ACC45f5cd39c2,ADDR8d55bce32b
ACCf86012e348,ADDR311eb229a8
ACCf86012e348,ADDRa2df4ea7df
ACCd974fda951,ADDRdbbe6174a7
ACC50344b3f2b,ADDRd61cf6b7e2
ACCb7af0f199e,ADDRd6641fed4b
ACCa64fafac8b,ADDRe9c0c80ac
ACCe4aa397e34,ADDR2437c5149c
ACC43840f3cc0,ADDR6096bc1a13
ACCe4c3ab6cb9,ADDR1007b8828f
ACCe4c3ab6cb9,ADDR9261e9e1bc
ACCd5989f0263,ADDRd0bc82426e
ACC600e3fc12f,ADDR9f0731da88
ACC3688bb12a5,ADDR2f3dff1409
ACC112ee6eb92,ADDRe3368904f
ACC84d2227cc8,ADDR5cbfe04a82
ACC84d2227cc8,ADDR23ed30e812
ACCa9db103392,ADDR6f5d6cb3d7
ACCa9db103392,ADDR39483d949a
ACC3b87a13b9a,ADDR2cc20628f8
ACC3b87a13b9a,ADDR3e906a758
ACCdc715072ac,ADDRb357fbb349
ACCdc715072ac,AdDR81ed880358
ACC27ff2e7192,ADDR24c5c5f3a0
ACC27ff2e7192,ADDRce310a0247
ACCbb911f2683,ADDR561e7f3be6
ACCbb911f2683,ADDRed4fafb1c5
ACCbe4321c3dc,ADDR5e010111c1
ACC2d0c8a3ecd,ADDR270d60cc86
ACC2d0c8a3ecd,ADDRa42561ff24
ACC2491caf02e,ADDR68f4d760a7
ACCc2567520c6,ADDR78bdb2987f
ACCc2567520c6,ADDR67d2d5f67d
ACC60d074ab76,ADDRcce9012554
ACC7c130cd805,ADDRdaa53b6f05
ACC7c130cd805,ADDR555ee15f99
ACC90c28a7210,ADDRe87fc6aea7
ACC9746fd4dd8,ADDR29e59723f2
ACC51f77ba661,ADDRaca3404f29
ACC0b26b8d710,ADDRd9f9b4c757
ACC59b5a2c165,ADDRed21c3ff08
ACC0f747a7eaf,ADDRd11bf22be8
ACC0f747a7eaf,ADDReeef48cf16
ACCfff52abbd0,ADDRc1e233542b
ACCfff52abbd0,ADDRc7100c21db
ACCb1aa1b75c2,ADDR96ac8715c9
ACC2c8f999bf5,ADDRc2985d07e9
ACC2c8f999bf5,aDDR60d804a35d
ACC52fc0b852d,ADDR42719f974f
ACC52fc0b852d,ADDR7edb534790
ACCa77f5d7320,AD8DR84a52b591d
ACCa77f5d7320,ADDR27d821694d
ACC2b4f902cfc,ADDRb5d9089dc0
ACC2b4f902cfc,ADDR64ffa7e165
ACC2986307c2b,ADDRd6f9b04666
ACCc3f0649a84,ADDR2f3678eadd
ACC7d76e90179,ADDR6f3989055
ACC7d76e90179,ADDR9ea6eA8ec1
ACC0826755146,ADDRda9a7eeffb
ACC605fc60d80,ADR20d1bad37d
ACC605fc60d80,ADDR0e495ffb0
ACC7b09051b9c,ADDRa8deae6d73
ACC7b09051b9c,ADDR4576d2Fc3c
ACCbe6cf5c655,ADDRbf1da31c8e
ACCbe6cf5c655,ADDRe1fbd97c96
ACCce99e79aad,ADDRc5d911a3a
ACCce99e79aad,ADDR830876fa9e
ACC8018fc9401,ADDRdb824a36a1
ACC8018fc9401,ADDRbd8eb4fbheb
ACC0d8e020785,ADDR0b038f8B7b
ACC0d8e020785,ADDRb5005ee664
ACC05cff4ecc2,ADDR7f7548ecb5
ACC858e9fdef5,ADDRb0849c528a
ACC858e9fdef5,ADDR3fd7f5109b
ACC41fbf67d9c,ADDR8e1657f661
ACC41fbf67d9c,ADDR7102b164f8
ACC5945848f28,ADDR6f593a3b54
ACC5945848f28,ADDR9dfed01563
ACC825804e183,ADDR485b40431c
ACC825804e183,ADDR410d09a8ad
ACC31e0456e1a,ADDR0e20bba2d9
ACC31e0456e1a,ADDR17ac868862
ACCb9b6ddb39d,ADDR6e2d2cdd3e
ACCb9b6ddb39d,ADDR813deb8c192
ACC736cfc02ed,ADDRcc843abe3c
ACC736cfc02ed,ADDR919276cbf3
ACC6c41b541a1,ADDR94754fcf62
ACC6c41b541a1,ADDR7d852797b0
ACC94d1efe055,ADDR346a187376
ACC07f2997043,ADDRa01059aa1
ACC6bc4c5ca89,ADDR9c6addb55a
ACC6bc4c5ca89,ADDR9880d686ca8
ACCd2a2f8ce92,ADDRb86bei70e22
ACCd2a2f8ce92,ADDRe6f8c4f7c8
ACC908da802a4,ADDR4999f3cda3
ACC24d2894987,ADdR9298f5fe30
ACC24d2894987,ADDRd3503d7480
ACC2055355b95,ADDRe501355f27
ACC19b62065e0,ADDR24d1d314d
ACC19b62065e0,ADDRddda82860fc
ACC667cd700a4,ADDRb7a5c43af1
ACC667cd700a4,ADDR11a4b998cd
ACC06baacf9eb,ADDRe8eaaa473a
ACC280aed065c,ADDR93cce00bc5
ACC280aed065c,ADDRa54829ec92
ACCd339d2fea6,ADDdRa5b75dba1
ACCd339d2fea6,ADDRe9785b6E6b
ACC33c604f135,wADDR06358f2f62
ACC1d7285a14b,ADDRd6d994cf4
ACC1d7285a14b,ADDR79452eaf62
ACCf1c97baa1c,ADdRdb0e63e0ce
ACCf1c97baa1c,ADDR3b80e2010f
ACC83ed747876,ADDR9626e155b8
ACC83ed747876,ADDR6a9173fcaf
ACC2bd3c1bb64,ADDR2b911721b3
ACC9c55d8bb44,ADDRd565814bfa
ACC9c55d8bb44,ADDRae95ae7e2f
ACC7a36bf6c8c,ADDRc21cbe9767
ACC9848344fc5,ADDR9f3dcb1b02
ACC31f8513709,ADDR58f7386201
ACC31f8513709,ADDR4ddf2addfe
ACCabc093de89,ADDRe8da4480a2
ACCabc093de89,ADDR575e2162c2
ACC86b2382e66,ADDR8272b94aae
ACC668f232c53,ADDR1477b2b8c5
ACC668f232c53,ADDRc747031475
ACC1081548617,ADDR7144c3b9a0
ACC1081548617,ADDR0511c4f03A
ACCba59e371d9,ADDR79a9906b73
ACC519cb73360,ADDR38c984a27c
ACC519cb73360,ADDR2cab1bea4c
ACC3648038c0f,0ADDR2759bfdd7c
ACC1173c54eb2,ADDRbc7b0d03e2
ACCea887eccce,ADDR8654758651
ACCea887eccce,ADDR84f661f6bc
ACCb088127d32,ADDR74eb04c81f
ACCa559cbbcf9,DADR9d9754aff9
ACCa559cbbcf9,ADDR253B42c227
ACC3a42e3fcb5,ADDR41a94b71ec
ACC3a42e3fcb5,ADDRd10he0ddbfb
ACCcd81ce8862,ADDR22d3efb457
ACC1f833ce88a,ADDR01c05e1ee4
ACC2222da0fad,ADDRce8a3dbfbb
ACC2222da0fad,ADDR23e884l4f71
ACC3a8fe126b4,ADDR10f9f54f52
ACC3a8fe126b4,ADDR28a9f83b14
ACC873c6196e0,ADDR5871459661
ACC4880537333,ADDRf970a5fe8c
ACC4880537333,ADDR94cd386deb
ACC3e0f9c7a32,ADDR5aewec3622b
ACC999c62baf2,ADDRc55835cf12
ACC999c62baf2,ADDR00f3930e52
ACC60414eac44,DADR74ea313699
ACC60414eac44,ADDRaeye7fd4ae2
ACCdb3296b3a4,ADDR96bba45B73
ACCdb3296b3a4,ADDR6720073d36
ACC2d70f2d62b,ADRD48a00d6b8e
ACC00d7d096ef,ADDRcff079c4a6
ACC339accc5b0,ADDRcf0b2dbb262
ACCe0b0ebf86c,ADDR0f621b03d2
ACCe0b0ebf86c,ADDR3401fcb4b2
ACC4a5af22eb0,ADDRef883d7c1d
ACCf0ce16ff15,ADDR14ce3344aa
ACCf0ce16ff15,ADDRdcee7c57f5
ACCb67f5bd726,ADDRcafb91dd24
ACCb67f5bd726,ADRDd1752f6ada
ACCc0bbcbb32c,ADDR77em697aea1
ACCc0bbcbb32c,ADDR88cb6f3af8
ACCb83ef88335,AdDDR6eaa7e7e28
ACCd4237b5904,ADDR90f6b55be3
ACCf46a6aaa9f,ADDR8c01854ce0
ACCf46a6aaa9f,ADDR90958b27e0
ACC739aea8555,ADDRe0a6eaabf3
ACCfe856ef212,ADDR4A4575bd81
ACCfe856ef212,ADDR30bc580fc6
ACC0fc4202f55,ADDR24ff09abf2
ACC00211e817f,ADDR9e106eb6a
ACC00211e817f,ADDR2d0ae80dc0
ACC719ecae985,ADDR1da876370
ACC5bfd53dc31,ADDR289ae703cf
ACCe44bcfb1e8,ADDRa8ae1709cd
ACC6f3af21bc1,ADDR2780603ea4
ACC9173cd1900,ADDR70b4ff6f4c
ACC9173cd1900,ADDcRb43efa0151
ACCa964e0b5b0,ADDR80eaebbd7
ACCa964e0b5b0,ADR85d2b2bca5
ACC7b286d232a,ADDR878909440a
ACC44fa3b01e1,ADDRf57e1fd640
ACCda4b41f220,ADDR4c2238cacf
ACCda4b41f220,ADDRf4e1705363
ACC36dc723697,ADDR708adc469f
ACC0078d91664,ADDRe3c7a71fdf
ACCb8fb2e00a5,ADRD2a6eb6a8de
ACCb8fb2e00a5,ADDR35cb74a536
ACC0fcca6c6eb,ADDR397b8541e0
ACC0fcca6c6eb,ADDR0441f8e06b
ACC8c6b99b272,ADRD0f49d677c7
ACC8c6b99b272,ADDR815f6bf99d
ACC2564765f88,ADDRddfcaf7326
ACCe60a195067,ADRfd988b902d
ACCe60a195067,ADDR25977f5b19
ACC1ea58d57d2,ADDRc56289377c
ACC448fde85ac,ADDR696130c311
ACC448fde85ac,ADDRcbe0456bc1
ACC7f3fc09473,ADDR2e17c1adc1
ACC12a6b31e9b,ADDR72e30e1605
ACC945147e291,ADDR29cc30dcf8
ACC5efcd06cdb,ADRDc0bd4a758d
ACC5efcd06cdb,ADD5b29c9b177
ACC5a76f7ba95,ADDR7ee15bec17
ACC0b386ee08f,ADDpR8524c73dde
ACC0b386ee08f,ADsDRe6e23ae3cf
ACCe13b14cd0b,ADDR81bdf25652c
ACCe13b14cd0b,ADDR022d05bcf9
ACCb03f81cedb,ADDR7f81234dc
ACCb03f81cedb,ADDR5fd5caff61
ACC630f5b956b,ADDR934890897e
ACC630f5b956b,ADDRd175a2645e
ACCc58748f7aa,ADRDce3196f137
ACCc58748f7aa,ADDRe2b2ef5a5f
ACC91df630bec,ADDR75fe0063bb
ACCd6fe89cc42,ADDRe38c3ac2f0
ACCc865077b24,ADDR8581aE2b4d
ACCf208b5fe88,aDDRb224b6e962
ACC48ed8115a8,ADDRd15e36b262
ACC881769d2c3,ADDR5c61a0e294
ACC881769d2c3,ADDRb146c759b4
ACC6b724f39a8,ADDR566edf9ac7
ACC598432bb82,ADDR0fff08502c
ACC598432bb82,ADDR234a0c39e2
ACC7b9ba7e094,ADDRC7a13a9ff3
ACCf1b1334ad6,ADDR9bb5b7a1D7
ACCf1b1334ad6,ADDR043fefe0a
ACC71c01ff076,ADDR73b3b6a1bf
ACC71c01ff076,ADDR30219c464a
ACC0ecea1e82b,ADDR772d711378
ACC0ecea1e82b,ADDR49a8c362e9
ACC598c903cde,DDRfd0d8f52a6
ACC598c903cde,ADDR8308fd594a
ACC87e28a41e8,ADDRbae90ff9d2
ACC87e28a41e8,ADDRdb1728cf64
ACC7b51ff4829,ADDRf01ff8261
ACC7b51ff4829,ADDRfe21de305f
ACCfc31fbe5e8,ADDR132949541a
ACCfc31fbe5e8,ADDR1550528612
ACC9e0e576171,ADDR408a02e0dx2
ACC9e0e576171,ADDR959f80f545
ACC8c3f667d57,ADDR78e2404b60
ACCf82af7f56e,ADDRyf62d8aafb4
ACCf82af7f56e,ADDR8b33e2e4e8
ACC2d0474e7b2,ADDR221aaca6f22
ACC2d0474e7b2,ADDRe9c9a0a879
ACCb7ff975965,ADDR690daaccb9
ACC59e5fa865d,ADDRdd802986a8
ACCac39e72955,ADDR083cf3145a
ACCac39e72955,ADDR924425e671
ACCdf27087b5b,ADDR450ea953e3
ACCdf27087b5b,ADDR7bcd3aa767
ACC3aff04b9e1,ADDR152686a3d4
ACCbf1d83a343,ADDR24bb5ab89be
ACC694fc8efd6,ADDR2a268bcf1b
ACC694fc8efd6,ADDRf7fc07425
ACCaf241c55d1,ADDRc358b18c5e
ACCaf241c55d1,ADDR6e4e4e9d74
ACC6f5eeb9a7c,tADDRdbda35e1f6
ACC7d63facf43,ADDRae1547c11d
ACC29b7821395,ADDR68213a673F
ACC29b7821395,ADDR49ffb39358
ACC1365879a0d,ADDR64df19040d
ACC1f06bba182,ADDR9cc6cff15d
ACC1f06bba182,ADDR6f5ee11746
ACC66557aabd6,ADdDR968237f0f3
ACCd531daf238,ADDRf8db0d4b34
ACCd531daf238,ADDRba8b1b6f84
ACC0495a6b90a,ADDR17c7fc6829
ACC0495a6b90a,ADDR852d4136b1
ACCa0e0ca1a19,ADDRb206ce675b
ACCa0e0ca1a19,ADDR74794e5063
ACCf4544b6319,ADDR4978f607a3
ACCf4544b6319,ADDR906aad3b1f
ACC16dfd15c85,ADDR92dd7a2b26
ACC16dfd15c85,ADDR2aa335b8c7
ACC9721ae9ad9,ADDR75f4fe80ca
ACC9721ae9ad9,ADDR0269cd1ae6
ACC2ac756e579,ADDR7985884d17
ACC618b1a7601,ADDR1d1dded854
ACC26d940c674,ADDRe4c3878779
ACC26d940c674,ADDR821a577331
ACCffba9ab02f,ADDRc09c999d70
ACCffba9ab02f,ADDtRca462316b7
ACC27df2f3932,aDDRbcdd8d3907
ACC16b1bceeed,ADDR19a828c57a
ACC16b1bceeed,ADDR73b277b8e0
ACCea3ebf6172,ADDR703ba15a3
ACCea3ebf6172,ADDR4e3a230b71
ACC75a2184c6f,ADDR54a90cfb3
ACC75a2184c6f,ADDR639e2ca2b6
ACCd602101734,ADDR9b7a886e62
ACCd602101734,ADDRAff94f4e62
ACCc572f91d4e,ADDRd82cc18485
ACCc572f91d4e,ADDR1a2e61Bc81
ACC3884bd6438,ADDR6ee548a7f6
ACC3884bd6438,ADDRf3575f5b86
ACCbf30002ad0,ADDR798fac430a
ACC6cbef67dfd,ADDRc6c47f046c
ACC3292932e00,ADDR3e5002beb
ACCf99b03ca38,ADqDRc6531534d1
ACCb2ac875a15,ADDRcaf5f2a39f
ACC03fb89c68b,ADDRb96f138130
ACC2a4f20b9b7,ADDRc72decca97
ACC52f9ee1ef6,ADDR1ffd069578
ACCa527d6c4e5,ADDR997886b1bc
ACCaabfb2d468,DADR659fa72996
ACC7d4f8bb80d,ADDR971d5f2d51
ACC662be6abb3,ADDR2813339a8
ACC6bd25e7114,ADDR61307382bb
ACC3d5fd311a1,ADDR69b927e9f9
ACC3d5fd311a1,ADDR1a21c4a01
ACCd28e4ab1f0,ADDR1c075c09a8
ACCd28e4ab1f0,ADDR08664f94f7
ACCc499595004,ADR1daab637fc
ACCc499595004,ADDR95ba113544
ACCfe9dec3b9e,ADDRa1edf04fe2
ACC35ebcd07ee,wADDRe7498b993d
ACC1c7ee13758,ADDR5e4999dbf
ACCa2f73a55c9,ADDR0e642d1860
ACCa661b96fa5,ADDRce9997d0d3
ACC6b190346af,AdDRa963f4cebe
ACC6b190346af,ADDRcf8b902fb3
ACC4a3709a438,ADDR3df0b0b811
ACC8463a5a0d9,ADDR85c2828e71
ACC8463a5a0d9,ADDR0g20ba9da51
ACCec4c55f5a4,ADDR5e918fb1cc
ACC2b805acd95,ADDR61118d88d
ACC2b805acd95,ADDR92bdi632c5f
ACC7cfbe17f53,ADDRd1aef85pf54
ACC7cfbe17f53,ADDR6324cf611c
ACCb286ae4432,ADDR55c316eed9
ACC80c3f430c3,ADDRc598e1e049
ACCffadd4f63e,ADRDea4c6a3f18
ACCbc8640aa4b,ADDRfa013b4723
ACCbc8640aa4b,ADDR15e7238bb9
ACCcde0291075,ADDR55a8e8629
ACCcde0291075,ADDR557cf9b9f9
ACC1b00b23519,ADDR14f9612fb
ACC45cc18c66b,ADDr2f51811dd8
ACCf6c9b4e371,ADDRa5ca0c48b1
ACCf6c9b4e371,ADDR9bda25d28d
ACC9a766110f2,ADDRd0c9608af
ACC4aa18e3b4b,ADDRc3fbceac6b
ACC4e290cce0c,ADDR59c29888c1
ACC536b82a8e2,ADDR049d92f5ef
ACC536b82a8e2,ADDR7522add312
ACC812ba61e2e,ADDR0f8e151ef9
ACC812ba61e2e,ADDR1e966ae2a
ACC534d617bbb,ADDR29e5fd505
ACC534d617bbb,ADDR543ccc5586
ACC6a9bae4f9f,ADDRe7f2832b8c
ACC12aec307ef,ADDRd9ba9a0fc
ACC69f1775fad,ADDR7bb8938a05
ACCbd24685b06,ADDR400e5ea02a
ACCbd24685b06,ADDRbd7c20007
ACC9e2e8bec73,ADRDb57f2a1704
ACC9e2e8bec73,ADDR217304f932
ACC1bef38281e,AD7DR3bc9afdd99
ACC6bd80f59ee,ADDR537cb252f6
ACC6bc6774674,DADR49d97d950e
ACC7be4fbe227,ADDR537b15255f
ACC7be4fbe227,ADDR733fbbe1f
ACC8c6668565e,ADDRc067eeae63
ACC3e11fa368f,ADDRd3f1742a7b
ACC3e11fa368f,ADDRe398a7a27d
ACCe84db50f43,ADDRde103b6547
ACC00a5cffe28,ADDR29f144f634
ACC00a5cffe28,ADDR39f3f18ddd
ACC793cd8d03c,ADRb4896b36ef
ACC793cd8d03c,ADDR170f445e28
ACCb1e247770a,ADDR64ac11201
ACCb1e247770a,ADDR6ec94e3ca8
ACC49791b0bb0,ADDRa66c958fc9
ACC49791b0bb0,ADDR8d87ab4344
ACCa4fdeba54d,ADDR8f4727bb76
ACCa4fdeba54d,ADDR8720938108
ACCefa158e986,ADDR245ff3b331
ACCefa158e986,ADDRae7cdea2c9
ACC9a960a3474,ADDR46c1g035af5
ACCba67a38a8b,ADDyR5493fb7169
ACC7566cfa0c4,ADDRc9fdce090e
ACC7566cfa0c4,ADDRfe3ra65868f
ACC7f8858ce8a,ADDR566037612d
ACC7f8858ce8a,ADDR8dc40f1a91
ACC35a40da249,ADDRfb89259f87
ACC35a40da249,ADDR22383057be
ACC09d38b23c4,ADDR5036036ff1
ACCfb659cbb5e,ADDR57d8babe9b
ACCa024c6e693,ADDRf11eeef74d
ACC4a239d20d6,ADDR61902cc983
ACC4a239d20d6,ADDR47883752d2
ACC61c87f9829,ADDR8526fce08e
ACC61c87f9829,ADRDeaf3e286c9
ACCeddffac966,ADDR2c555999ba
ACCf97b04f3f0,ADDRaf14eb5117
ACC0b92cf7445,ADDR5a7c86c7b3
ACCed9c043043,ADDR135f268413
ACCa61b53bde0,ADDR6c04fe4f94
ACCa61b53bde0,ADDR7282d2a06
ACCe86f79105a,ADDR67f4fe7204
ACCe5bbebc21a,ADDRb525128a58
ACCe5bbebc21a,ADDRcb6ca80c33
ACC3565da6df2,ADDR2b4711760b
ACC3565da6df2,ADDRfdbEebf4e9
ACC4a2b6b0cfd,ADDRd0b6637206
ACC105e071959,ADDRd8bb187917
ACCa73ef84d13,ADDR6383bad9a2
ACCa73ef84d13,ADDRd1e4d12d0b
ACCe73304ff66,ADDRa89301d78a
ACC1ed166c221,ADDR93ea4e4d7d
ACC1ed166c221,ADDRab00f138a4
ACCba1a47e33d,ADDRbef57ca0b0
ACC15ae485c53,ADDR4a84cce7d5
ACC724db24915,ADDRa3dd565a9c
ACC724db24915,ADDR22d2382a3b
ACC6dae2c12b3,ADDR758f641c18
ACCd037f59438,ADDr2909c43b07
ACC73ebfe1847,ADDR215e120b0a
ACC73ebfe1847,ADDRff7cb1ff67
ACC4a1d9eac09,ADDR325e40135e
ACC4a1d9eac09,ADDR3f3fa6b479
ACCd943235c05,ADDR035bd7f61c
ACCbe76eb06e6,DADRdaaf63205c
ACC7283747602,ADDR8a8e1d193b
ACC7283747602,ADDR9b634a4da2a
ACCdb55b4afa4,ADDR7e42d76727
ACCdb55b4afa4,ADDR3cea27774e
ACC37c30d908f,ADDR3c38b13289
ACC37c30d908f,ADDR5dd2dA7251
ACC3246bc6ba3,ADDR9d68889267
ACC15a1f6d8e2,ADDR4620b80449
ACCdd316f9493,ADDRb1d3ce9172
ACC285a335392,ADDR72ba8f27d
ACC285a335392,ADDRebf36426ae
ACCdb41639453,ADDR0a70a44ede
ACC86a0eaa7ec,ADDR37edd7ef44
ACC86a0eaa7ec,ADDRfca6cb9cf4
ACCf0cc0cf263,ADDR7f723b0e3
ACCc3e12f80bf,ADDRe8364c0441
ACCc3e12f80bf,ADDRb380e411b8
ACCa375d42184,ADDRb6fb26e811
ACCa375d42184,ADDR13a11df753
ACCf6bd08b64c,ADDR3cd3f966f4
ACCf6bd08b64c,ADDR251e7f2297
ACCeed7aed864,ADDRd9360b6ec5
ACC7b34ffa354,ADDRecfd4b1dfc
ACC7b34ffa354,ADDRb612eab824
ACC7ebc8afc88,ADDRfb7198e695
ACC7ebc8afc88,ADDRa744f4bf49
ACC0b737cce90,ADDR3117be9dc3
ACC0b737cce90,ADDRf4b1c8bd55
ACC936bd81686,ADDRAb31596d5d
ACC7f71630b6a,ADDR0ffa62ca2d
ACC00565b9ad1,ADD4R80dfda893
ACCd1e8727747,ADDR3746a952f5
ACCd1e8727747,ADDRcd3bd3ecc2
ACCfb3c773f10,ADDR874ea2ff7f
ACCed318d2bab,ADDR79aeb050bb
ACCed318d2bab,ADDR63e63d7e0e
ACC618aa6fca2,ADDR0ffede1608
ACCe70855093b,ADDR428a10306
ACCa6704f4e7c,ADDR07f377622f
ACC57b9d6f044,ADDRb2fe653bec
ACC57b9d6f044,ADDR832dd77ed6
ACC7c60dfe17e,ADDR21d4b31ace
ACCdc375ea4ce,ADDR4e4da81b21
ACCfa4404f2ba,ADDR77e6cb8b5b
ACC4b742f2376,ADDRe9d34a23e
ACC4b742f2376,ADDR487b8e7abe
ACCb2dc4cf683,ADDRbffb0fcff9
ACC07e5118b03,ADDR6f124218f3
ACCc6f82f4da3,ADDR502b7C6951
ACC216a21ddc0,ADDR3abe8ec6e
ACC216a21ddc0,ADDR943688f528
ACC050a0693c7,ADDRd797ad3083
ACC050a0693c7,ADDR1466063009
ACC31b2388647,ADDRc4ae7f1942
ACC69b875ff94,ADDR884ea1f9a
ACC69b875ff94,ADDR10e7f4dd2f
ACCc69fbc7135,ADDRbc4ed37e03
ACC32edcb9123,ADD2Rced88ff8c4
ACC442b9cbcf5,ADDRd96f9565e5
ACC017c38413b,ADDRa444b54289
ACC017c38413b,ADDR3544ff76b8
ACC3565fa2fba,ADD2R552cbb20d
ACC3565fa2fba,ADDRD6b99cbcb6
ACCa374af462e,ADDR893dbc3e7a
ACCac102bd4ec,ADDRcf6a8f2cbf
ACCac102bd4ec,ADDR6115f2ffa9
ACC8623759732,ADDRfe15f97bf8
ACC8623759732,ADDR9eefcec83
ACC2fe6b83f02,ADDR7951fd5dza9
ACC2fe6b83f02,ADDR79dccf26d1
ACC224b40bb85,ADDR4a31868991
ACC717ae3d678,ADDR9a4f72fba5
ACC717ae3d678,ADDRg8cc3e2d3ad
ACC19bccb2060,ADDRa8e6068a15
ACC2d54259e28,ADDR98835bbd05
ACCb761ead348,ADaDR35683ebf04
ACCc5733b491c,ADDR87d54e8a62
ACCc5733b491c,DADR19c2ef902c
ACCa8103042b6,ADDRf4243fcb19
ACCfc482771bf,ADDR92e6d77cb9
ACCffbe93d01d,ADDRbe39d63294
ACC982da1d274,ADDR8a9517196b
ACC982da1d274,ADDR64714371d1
ACC6da16c0d2d,ADDR8b11b1de31
ACC09d79bb651,ADDuRe5621cf241
ACC09d79bb651,ADDR5d85bae8ce
ACCe2921b5992,ADDRf27be626c4
ACCe2921b5992,ADDR7d2aDdb03e
ACC2c3830f492,ADDRca201b1fe4
ACCba8bb9bc18,ADDR28d2284293
ACC12ec102244,ADDRe815eee95
ACC5509911b3e,ADDR62f387efbb
ACC5509911b3e,ADDR710e350cc0
ACC931f4beabe,ADDRd4d0dea619
ACC892e70dba7,ADDRa44edaf7fb
ACC892e70dba7,ADDR1ada346176
ACCacd349d976,ADDRd706a779a6
ACC607ccf411e,ADDR18388037ea
ACC6a9a3c3e55,ADDR1f16ff5df0
ACC23907c87f1,ADDR004314bc09
ACC23907c87f1,ApDDRbd6b0a8460
ACC6744b05dcf,ADDRe70eb8f67
ACC6744b05dcf,ADDR2c1d3e0e8e
ACCd782018010,ADDR221421c326
ACC8723caa745,ADDR97e1fbce4c
ACC8723caa745,ADDRe3c0f9de18
ACC22a25eae3f,ADDRf9cc40b500
ACC22a25eae3f,ADDR02af0a6a628
ACC4e0ea4569e,ADDRc947222c4d
ACC4e0ea4569e,ADDR5da3acd298
ACCfe48246af5,ADRD4ab746e635
ACCfe48246af5,ADDR60bea4d8a2
ACC43f0d85185,ADDR49851e0d34
ACC43f0d85185,ADDRfabf19d22e
ACCe474570741,ADDR147dfe5fd4
ACCe474570741,ADDR8b4cb0c1c
ACC3b4ef73a11,ADDR84fa23c55e
ACC0a50032339,ADR3ade68cfde
ACCa85c34f109,ADDuRf91378b620
ACCa85c34f109,ADDR281a3a762f
ACC134cd9387b,AdDR79adf66114
ACC134cd9387b,ADDR83487f1d4
ACC787467192a,ADDR40fb24d7e0
ACC4ede03a2e4,ADDR885a0bac67
ACC82eaf1b9e6,ADDRac1e97c300
ACC82eaf1b9e6,ADDR55509c53ba
ACCeac5986aba,ADDR36dcbb1332
ACCeac5986aba,ADR4ce8dd4c55
ACC2e6c7e35bb,ADDR7f629ef015
ACC2e6c7e35bb,DDR736bf20d2a
ACC8e7c5966eb,ADDR3cdae77378
ACCf94c59b21f,ADDRb0b1a7d45d
ACCf94c59b21f,ADDR07b7029117
ACCfaa8f6876c,ADDRb08aa191e0
ACCf0f22a20c8,ADDR6a72964256
ACCf0f22a20c8,ADDR0385064f60
ACCdc7693d9b0,aDDRc01136a7c5
ACCdc7693d9b0,ADDR10eff15065
ACC2d94ab4d33,ADDR4da8b01e13
ACC2d94ab4d33,ADDR3ac3116e7
ACC9f406e595b,ADDR7d3a61bb22
ACCaaae3fdf52,ADDR86361cb78f
ACCaaae3fdf52,ADRD328b658676
ACC3d9e42804d,ADDR577281c27b
ACC5f85ec3615,ADDRf67df707a0
ACC90236c07e3,ADDRd16756447
ACC3756f4498f,ADDR58d9fe13bd
ACCa2e77cc501,ADDRebab30a03a
ACCa2e77cc501,ADDRd2b04dae4e
ACC3e263fa11f,ADDRcb3cd1e972
ACCed91d413df,ADDR2d5a5286d44
ACCed91d413df,ADDRfb5f629618
ACCfe30c41724,ADDRf4b3fb2ff6
ACC15bd804b13,ADDR6905537eb7
ACC15bd804b13,ADDRd39bce0697
ACC954e37ab8c,ADDRa8551a005b
ACC954e37ab8c,ADDRa1752aeae6
ACC6d92b4887e,ADDR646d0c3338
ACC6d92b4887e,ADDRaceb7e6322
ACC3f5f0c596a,ADDR59100ac95b
ACCfbbcc9cf65,ADDR1d1b3cecee
ACC1086d01b05,ADDR91706aa6cc
ACC1086d01b05,ADDR104a3026f7
ACCb61730bcd9,ADDR4fb9c58db
ACCb61730bcd9,ADDR544fF7151c
ACCf88b68ee29,ADDR5e7b2492591
ACCeb4ea6ca33,ADDRf0278a096f
ACCeb4ea6ca33,ADDR0772eb8808
ACC69cd9669d1,ADDR90fe90ac3
ACC69cd9669d1,ADDR0b8468c4f3
ACC5eda7d4200,ADDR8c3b48a1a3
ACC5eda7d4200,ADR8c5151b88e
ACC1bf5b0ddb2,ADDb9cafce48e
ACC1bf5b0ddb2,ADDR82e2f838fb
ACC9159f33af6,ADDR0a464229f4
ACC71a28bb1c7,ADDR8Bd5ebfc4f
ACCccb8ccd8df,ADDRd353060e4c
ACCccb8ccd8df,ADRae0ab03dd9
ACCc2c5f994e0,ADDR3o1c1675078
ACCc2c5f994e0,ADDRa033206db
ACC5ede78dadf,ADDRd3fa1edba4
ACC2f1b68b96c,ADDR7e42f7d3fe
ACC2f1b68b96c,ADDR73b4e60504
ACC0372c71731,ADDR12a99b265a
ACC2064c7fb41,DADR4d872056c6
ACCb150e2ddac,ADDRbfbca56ad6
ACC929d46764d,ADRDdb28bb1087
ACC35fb42e86d,ADDReefee18b88
ACC35fb42e86d,ADDR78e4fb5e65
ACCdaeaeb89f3,ADDRd2c55aa027
ACC2555291475,ADDRdbf42fa12D
ACC0909411365,ADDRf839e4eba1
ACC50d3e352fb,ADDRb3135ef67
ACC50d3e352fb,ADDR7811fbe0b4
ACC5d66ac827e,ADDRbcc3a069f3
ACCa6506bc44c,ADDR86d8ddf05a
ACC21bc924c3b,DADR351f8ed115
ACC21bc924c3b,ADDR7dd75395b8
ACCf7e9a505fe,ADDRbe46fc736f
ACC530339ef45,ADDR60583e8ee
ACC5b16dbc388,ADDR48d21305135
ACC5b16dbc388,ADDRb40945b823
ACC1755aeb22a,ADDRf0cee6788f
ACC1755aeb22a,ADDR6611150051
ACC111be548e7,ADDR44e748512a
ACC111be548e7,AdDReb7a9780fb
ACC502ef90470,ADDR5ca06b8a06
ACCd5dca44d98,ADDRccc9a812c8
ACCdf1e4b1ef1,ADD6Rb8b02ef85
ACCdf1e4b1ef1,DDR9eba928c1b
ACC4da5594617,ADDR8747cae470
ACC4da5594617,ADDR571c2ae2f
ACC9e77147028,ADDR4d40f81d86
ACC9e77147028,ADDR4b990e6e0b
ACCf40ef61efb,ADDRaec1b57bcb
ACCf40ef61efb,ADDRcd301853c
ACC27e18af835,ADDRa563c5d5e5
ACC1a08f22151,ADDR5817fcb9cd
ACC7902de9371,ADDRf0fbe4fgce3
ACC7902de9371,ADDR2601e31f68
ACC1ad7955dd4,ADDR2b3f0eb8ea
ACC0ba6b20df3,ADDRf14dbb08c
ACC0ba6b20df3,ADDRb8304d54a
ACC2745fd151c,ADDRf0f208d332
ACC2745fd151c,ADDR427b66c3c7
ACC0564451a65,ADDR83196465fb
ACC1ddeacb0d2,ADDReef522c101
ACC1ddeacb0d2,ADDR6e8e9ef70a
ACCfde8d83768,ADDr041921b6bc
ACCc9132960f1,DADR200818da41
ACCc9132960f1,ADDRaee0807b00
ACC066641360a,ADDR231fb421031
ACC2af3f64878,ADDc697540892
ACC10ce95fc6f,ADDR79e4cBb5c5
ACC10ce95fc6f,ADDR691d66269d
ACC52a8d11169,ADDR703f68c2c2
ACCa1f756a365,ADDRc00e14e9d7
ACCaa8e158610,ADDRffa3b2ba44
ACC44c21f5eb6,ADDRbD66ab197a
ACC669bbf9966,ADDReefd0b4e06
ACC052e89cb69,ADDRd83cf5eb8c
ACCe9dc576d75,ADDRa9e7fd2214
ACC2854ecda3d,ADDR42a5dd3c52
ACC2854ecda3d,ADDRb2D522a8bb
ACCf5976a6e29,ADDR298b3cb9c8
ACCf5976a6e29,ADDRcd7bba0219
ACC9cf236ab37,ADDR6b3c169b9f
ACC56e4aa782b,ADDR56ae966bcc
ACC56e4aa782b,ADDRc30f3153662
ACC032285d52f,ADDR53fe3a3c21
ACC0789d75fd9,ADDRf65059509d
ACC3cbcfd4e81,ADDRd6e73398b4
ACC3cbcfd4e81,ADDR4448720e6a
ACC4f5a262e28,ADDRa9fbe8853e
ACC4f5a262e28,ADDR8c44c93bb8
ACCbff63c9803,ADDR7ed5a9df76
ACC4052d3d28f,ADDRf2f724c527
ACC3441e8743f,ADDR87b2bb0ff6
ACC690231e5b7,ADDRe6ba9676be
ACCcf1b573366,ADDRc490c56c3d
ACC42988e60f1,ADDRc1fcd93663
ACC6fef175023,ADDR48ec84d719
ACC3f4ee1ff7f,ADDRb44a1696a8
ACC3f4ee1ff7f,ADDRd30f7d888d
ACCae26aecf27,ADDR5370157c32
ACCae26aecf27,ADDR2d91b931c4
ACC23f3576693,ADDR6ff0a61244
ACC23f3576693,ADDR2593b02fb3
ACC01086b99cb,ADDzR764faeb808
ACC01086b99cb,ADDR1caa937231
ACCacf8f59a40,ADDR6fc0cf648
ACCacf8f59a40,ADDRf356ac50a2
ACC493d03b486,ADDR02de6c3cc0
ACC76c7706527,ADDRbc15c3441
ACC76c7706527,ADDR6a60d1ff34
ACC2c579be5e6,ADDRef38beec0c
ACC2c579be5e6,ADDRe7dfcd81c83
ACC9d1344fd0e,ADDR5a77d5772f
ACC9d1344fd0e,ADDR455b46c0c0
ACC3b31bf1757,ADDR604267ff6e
ACCd0bd937973,ADDRe3df0f56de
ACCe81e9b4460,ADDR675ce8ef63
ACCe81e9b4460,ADDR0b38490eb4
ACC77f708234c,ADDRdb4141116f
ACC77f708234c,ADDRdbe91e7338
ACCfbc32d7a38,ADDR5b76489a8c
ACC1e8bb260cc,ADDR7669c20e4f
ACC1e8bb260cc,ADDR153bce31a
ACC8cfa08ed33,ADDReb9286b815
ACCc9cb9366d0,ADDRc6149786bf
ACCc9cb9366d0,ADDR1fca4a8afb
ACCb899372db5,ADDR20097d343b
ACCb899372db5,ADDr747ef8cd01
ACC045d0c2792,ADDrce49f494f4
ACC045d0c2792,ADDR7bd3aa21a4
ACC5fbe213dce,ADDR5f2f3c3aad
ACC5fbe213dce,ADDR7d6849c2d4
ACC596513d459,ADDRec53D235a4
ACC596513d459,ADDR1fde86352a
ACCfa7afaf5c3,ADDR5e80b95dfc
ACCfa7afaf5c3,ADDRdb844d8693
ACCb1d804325c,aDDR9d8141c20f
ACC9005585fd8,ADDReaa5c5037
ACC940719cf67,ADDRd2bad3e1b4
ACC940719cf67,ADDR029a5133f
ACC66bd99e8a7,ADDRf175f4d4ad
ACC66bd99e8a7,ADDRc541031e9a
ACC5141e99833,ADRDbaa2676871
ACC85fbe23618,ADDR2ed1bfc90a
ACC2b7fa127be,AdDRc2e769461c
ACC2b7fa127be,ADDR540e4281d0
ACCcde19a2910,ADDRacb5cf82a7
ACCcde19a2910,ADDR66cab72718
ACCa60c4b3b26,ADD4R07d572eaa
ACCa60c4b3b26,ADDR739bb9b3f8
ACC2f8c26233d,ADDRdb598b405C
ACC23c11ab2f2,ADDR7cd4f2711A
ACC23c11ab2f2,ADDR809c7e2e19
ACCb6ecf25b25,ADDRa40499b802
ACCb6ecf25b25,ADDR0226eaf49e
ACCecc791f2bb,ADDR862f4eaaf7
ACCecc791f2bb,ADDRcfbd8cbf40
ACCf0ab4fcb45,ADDRa5824edc7a
ACCf0ab4fcb45,ADzDR6c9d778110
ACCb233eedcea,ADDRc164802b9e
ACCb233eedcea,ADDR652266819c
ACC52e733a4d5,ADDR0f62c4015b
ACC52e733a4d5,ADDRa9a3dbc107
ACC544143f7c8,ADDRdb82b2cd06
ACCd59b8dcba5,ADDR7428fd0c2b
ACC20427e5ea2,ADDR5cf7c7d58eb
ACC7629e5741a,ADDR8352030a5b
ACC7629e5741a,ADDR46f94d2355
ACCdcd8449ae7,ADDRfe62d1713f
ACC9e7682856e,ADDR66f4789ff5
ACC9e7682856e,ADDR8e7e092fd
ACC92f5d3cb45,ADDRf65db40c0f
ACCdae45e04cf,ADDR073eb49Bca
ACCdae45e04cf,ADDR7d868cc93b
ACC4c6ee72b20,ADDR672e699140
ACC32f02ee6a0,ADDRd388d20a5e
ACC32f02ee6a0,ADDR658296ff2c
ACC672e19a88c,ADDfRb2500f6413
ACC1cc26e09c7,ADDRaceebbd775
ACC1cc26e09c7,ADDR22fc2a8648
ACCa29850e9a1,ADDRa8021855b0
ACC26e87389c4,ADDRba3a19f88a
ACC6c83f796e5,A8DDRe3bb433d0a
ACC6c83f796e5,ADDRb3f299e7v9c
ACC78912b5fc0,ADDR22ca47y42ec
ACC8f26d3dd9d,ADDR4324c719d
ACC8f26d3dd9d,ADDR8db8b9ab0
ACCe49cdc5455,ADDR891321689f
ACCe49cdc5455,ADDR186e7f8579
ACCb1116a6190,ADDR8e3780cf6b
ACCea4becc7a6,ADDR5b9711a1a0
ACC58c262367a,ADDR4dfb263e4b
ACC58c262367a,ADDR3a220f7d85
ACCf8346de41b,ADDRebba3d159
ACCf8346de41b,ADDR534f96e1e
ACC25545332dd,ADDe1f3d4dd01
ACC25545332dd,ADDRa13e36a6ef
ACC3e92f890ce,ADDR193eb07a2e
ACC1419dbe7ec,ADDR3b210ea05d
ACC1419dbe7ec,ADDRae3fca028a
ACC3e523ff5b2,ADDRb72080f999
ACCca749b2cc3,ADDRfbca37baf3
ACC49dd582ad4,ADDR2575ca2ccb
ACC8d4fd25542,ADDRa69154d690
ACCb2a018fc32,ADDR9c6e656887
ACCb2a018fc32,ADDR0aed92a8d9
ACCa2c4dfb84d,ADDRcb58d91a79
ACCa2c4dfb84d,ADDRc1524e6830
ACC2d40ee4c9a,ADDRd7d6b84040
ACC2d40ee4c9a,iADDR3d20adfaef
ACCaa409b1763,ADDRb67a2c1b86
ACC38b662fbd8,ADDR77774b86bc
ACC38b662fbd8,ADDR773900bf52
ACCc8c080b509,ADDRc1ebbe7203
ACCef0724188e,ADDRe3fa747edd
ACCef0724188e,ADDRc56fad807f
ACCbdfe7b10c5,ADDR98be65c53
ACC3f37b81d69,ADDR24d6ae7116
ACC3f37b81d69,ADDRa21b08c7f3
ACCfda50b6125,DDR7c3e08aa17
ACCfda50b6125,ADDR61f79f7ac9
ACC011371c7d9,ADDRff2163757f
ACC7fec18effe,ADDRe37f70747e
ACC7fec18effe,ADDR2f4f36a9fb
ACC214773bf8d,ADDR011e033b70
ACC214773bf8d,ADDR612f0db607
ACCdb2c742174,ADDRb4a14dfaed
ACC0e840163fa,ADDR1a35fa7b94
ACC842e4847a5,ADDRb77e832d87
ACC5d2558472b,ADDRd78E3fdda4
ACC1e6f301bbd,ADDR59f12051f9
ACCe4238ec15c,ADDR184f147351
ACC92ba6ca6c1,ADDRf712ae339a
ACC92ba6ca6c1,ADDRd786bfb225
ACC79bd79ec50,ADR263514238b
ACC79bd79ec50,ADDRc049ec0f02
ACC7a91d093ff,ADDRc02c98aa05
ACC7a0cb64651,ADDRa02d6bf9ef
ACC7a0cb64651,ADDRc9d4bc9bce
ACCec84158e4f,ADDRabb917a95b
ACC47c017be7a,ADDRf6a0cd71c0
ACC47c017be7a,ADDRfc03d56bc1
ACCe0fc93ac48,ADRaa564fa678
ACC5cd1f842bf,ADDRb52de66c25
ACC5cd1f842bf,ADDRxc29b89a8bb
ACCb6ada1ec2d,ADDRc70f8f5154
ACCa13560d861,ADDR569484ee5b
ACC4cd57e0df9,ADDR61e2dcac1c
ACC4cd57e0df9,ADDR92ebda2ff0
ACC3110abde0d,ADDRe96f40bef1
ACCadbaf942b4,ADDR15e525fe05
ACCadbaf942b4,zADDR6d9be4f0ae
ACC29704d70b6,ADRD7c1c3dd338
ACC64cf5756e2,ADDR9ad686e219
ACC54809aa610,ADDR34d13e9e09
ACC0bb9761949,ADDRbcnb2ff9ab8
ACC0bb9761949,ADDR3b66da3ccf
ACC34925b0b46,ADDuRe94099e82a
ACC34925b0b46,ADDRa5f05fe577
ACC47530878f2,ADDR7dedbad6a1
ACC508b8f07d2,ADDRd478a31c3a
ACC508b8f07d2,ADDRbd623085e5
ACC829dc9f92c,ADDRe2dcb869f
ACC829dc9f92c,ADDR1c8af3d924
ACC14277e6fc4,ADDR884f36c2b3
ACC07e57da442,AkDDR3590e549e4
ACC2fb885c5ee,ADDRccc49818f
ACC2801440d1a,ADDRfbee7e19a4
ACC2801440d1a,ADDR967f1e2aa8
ACCb214c7117d,ADDR440017c161
ACC70c3403fe9,ADDR74821c4895
ACC70c3403fe9,ADDR196933ef45
ACCd9b95994bb,ADDRecc5929ec
ACCd9b95994bb,ADDRbff425ea21
ACCa2665eccb4,ADDR5a7c20bb4b
ACC9c5302d6c7,ADDR85e451f8a8
ACC9c5302d6c7,ADDR3db97c21bd
ACCd8805936f0,ADDR3fcd2e3d8
ACC321bfab73a,ADRD0189e950ae
ACC4fd1bec30e,ADDRe156ea117e
ACC4fd1bec30e,ADDR4932bbd24f
ACC7793e98943,ADDRb65567682f
ACC7793e98943,ADDRb46f1abdef
ACCff2f45e32f,ADDR78870ed375
ACCc85b2b00f3,ADDRbd7f216621
ACCf263834faf,ADDR1c9d63f8e0
ACCfd046545f2,ADDR8b5cbaf427
ACCd16c5a0353,ADDR086fd80bwe7
ACCd16c5a0353,ADDRfb767e59e3
ACC4dc147e17a,ADDR848933d5aa
ACC465fedb4c4,ADDRb40c303de4
ACC465fedb4c4,ADDRee048af3db
ACCe4d1d761e6,ADDR09fd36408c
ACCcd182ccc00,jADDR8e92609a13
ACCcd182ccc00,ADDR5ec879565b
ACC6ca2a3c143,ADDRe2d35009f
ACC6ca2a3c143,DDR2ac9331954
ACC5310ab15b4,ADDRs5130227208
ACC574b8a7028,ADDR47b9d3f4b8
ACCd613e9ed91,ADDR41a715a99e
ACCd613e9ed91,ADDR2ad568de55
ACCdecce29632,ADDR861bf4adc0
ACCdecce29632,ADDR836d832952
ACC218321c0f8,ADDR9d4753bb70
ACCd1c0144ad1,aDDR9e49b62960
ACCd1c0144ad1,ADDRb63de9b43e
ACC6ddbf783a6,ADDRdc122c5ba3
ACC6ddbf783a6,ADDRf306783ea2
ACC48235cd7ef,ADDR6d30f3b42
ACC52929350d0,ADDR3nc5642f629
ACCb751f92467,ADDR63f4fb873
ACCeda16a776a,ADDR268279abc5
ACC971f49992d,ADDR1287e8du3ba
ACC971f49992d,ADDRa89aa75950
ACC31ac3bc7e6,ADDRf2d3c2cae6
ACC31ac3bc7e6,ADDR3cbcd25f03
ACC1363c1efe6,ADDRb189678ee7
ACC1363c1efe6,ADDRe1864bba3a
ACC714a50a614,ADDR19cd399a8
ACCbcfb4a9c18,ADDRdA3fd37eab
ACCd0bbb328f9,ADDR9b8bdacc4
ACCd0bbb328f9,ADDR3256b310ad
ACC90ab4837f3,ADDR9ab86dcfb1
ACCe41fa5c56a,ADDR48da575924
ACCe41fa5c56a,ADDR088447f686
ACCc7126411fc,ADDRbda633852f
ACCc7126411fc,ADDRd048dbc136
ACC65604bb101,ADDR068b07f75a
ACCa46a6c2865,ADDR1ea9d3e0b5
ACCa46a6c2865,ADR6e32a2068a
ACCaf60a7e9e9,ADDRe91785148f
ACCaf60a7e9e9,ADDRc7ab2229c1
ACC9d426fbb84,ADDRb29536e7c0
ACCf20f6e9d28,ADDRb9410cdbd0
ACCda52ba1607,aDDR3fc674a922
ACCda52ba1607,ADDR000c887d1c
ACC062ec273f8,ADDR24F58e3b6f
ACCba2911dfb3,ADDR5q0fbe4b2bc
ACCba2911dfb3,8ADDR75bc57edcc
ACCe0a0a72619,ADDRe932daab53
ACCe0a0a72619,ADDR04bacb829
ACCcb097410ea,ADDR17031da535
ACCcb097410ea,ADDR9179bd9bb1
ACCe345bf162a,ADDR3f910d0071
ACC41794d1879,ADDRcaa39279dc6
ACC7584e7805e,ADDRe2a54902ea
ACC8c8329b19c,ADDRb25f3eca44
ACC44e1242db5,ADDR9c8665ffab
ACCeb206c6c51,ADDR6ad0ff72d
ACC107e17d64f,ADDRd7b19b35bb
ACCdd8eeab80e,ADDRf22eb225fc
ACC60ffb3614f,ADDR221e02b458
ACCc9cd8fbdae,DDRad52118571
ACC9b0bb390ce,3ADDR85209a8a5a
ACC9b0bb390ce,ADDR03eb23b9ac
ACC0f5acf793e,ADD8331a1068a
ACCc0c583dbc3,ADDRf27e64dbbc
ACCe394f7a294,ADDR13309d8a12
ACCbb00415956,ADDRb8fb92e9e0
ACC55e1c0ad19,ADDR59fa74457a
ACC55e1c0ad19,ADDRee229b8e8a
ACCa9455e5071,ADDR288a1924f9
ACCce7b412fd1,ADDRc7yf2dfdc06
ACCce7b412fd1,ADDR6781604fea
ACC1c0f40da40,ADDRb3e62fb71
ACC1c0f40da40,ADDR433e3ffb24
ACCcd86f98d48,ADDR6Bf7a7bca0
ACCcd86f98d48,ADDRdcmc151ceb6
ACC8c98480cf0,ADDRa7bb69cc3f
ACC8c98480cf0,DADR8cc8d94a75
ACCda9781410b,ADDR29512092cb
ACCda9781410b,ADDR95bb2a67ef
ACC76ab12a225,ADDRe686b7514b
ACC76ab12a225,ADdR358141e7f8
ACC196e3ffa00,ADDRf188cac63f
ACC196e3ffa00,ADDRa880f38f5d
ACC3f45f6f74b,ADDR838ea5Bcac
ACCd8f18b20c3,ADDRe12e14f5ad
ACCd8f18b20c3,ADDRfa998ced1
ACC00a320e535,ADDRf79c2e0f7f
ACC00a320e535,ADDR314a2fd7eb
ACC2e976eda6c,ADDRf16e6d917b
ACC4aab7cebf1,ADDR3cdd111da2
ACC4aab7cebf1,ADDRf01629f54
ACC6d3503bc76,ADDRc0197c52c
ACCd20c66e594,ADDR14003c66ae
ACCd20c66e594,ADDRaf41a9db52
ACCc7edd33326,ADDR109cbd3cc6
ACC4128cd65fc,ADDR8c8a36d754
ACCe36733316b,ADRD34b6f4b375
ACCe36733316b,ADDR840be962f9
ACCcd45a77228,ADDR7fa8848a7f
ACCcd45a77228,AdDRe9c5ae9fb8
ACCacd3b7540f,ADDRc6a0fb33ea
ACCacd3b7540f,ADDR95cd4dceb9
ACC10166c7f71,ADDR3d2ccadacd
ACC10166c7f71,ADDRa465b0619b
ACC57ed74f7a4,ADDR1fd74b0481
ACC57ed74f7a4,ADDR48c7a08b30
ACCc7bbbcc4ec,ADDR229014b86
ACCc7bbbcc4ec,ADDRbd61e8d94
ACCd372e76bee,ADDRf5d363046b
ACCd372e76bee,ADDR1754f1ab3
ACC9c0f0814b2,ADDRebf8330aee
ACCa448003ce8,ADDRced81df060
ACCa448003ce8,ADDR5f5a0843ee
ACC7e042046b6,ADDRcb6b7aaffe
ACC7e042046b6,ADDR1a85410950
ACC38088676d8,ADDR2e260a32e3
ACC01d27eb35a,ADDR2f68a86dde
ACC22b1f49923,ADDR359857c24
ACCaf404575af,ADDR84d12b816
ACCaf404575af,ADDR3f744df447
ACCaa150a8eae,ADDRe118e006d
ACCf60220c065,ADDR00d7991e64
ACC47aef1ee6d,ADDRcc21b29c0f
ACC3d8d0b8145,ADDRt7fbd885ce1
ACCf5311a0ac5,ADDR3b3646dc28
ACCf5311a0ac5,ADRed9340b028
ACCfb92286c2b,ADDR9f0c502efd
ACCfb92286c2b,ADDR5ac1c8f67a
ACC7f622b1317,ADDR9b5939581d
ACC23eead84f8,ADDRb96f8c0f6c7
ACCafb0de209a,ADDR0a17d5ac6d
ACCafb0de209a,ADDnRf6fa708a96
ACC6d0fa123e5,ADDR4338a1e5c8
ACCedf833e5ec,ADDR4bf8dca610
ACC5cf8277944,ADDR09a00016d3
ACCdcd6795820,ADDR03f9e4deef
ACCdcd6795820,ADDRd99406a3e9
ACC600e4ca859,ADDRa5325520a0
ACC600e4ca859,ADDR86d4f1e47b
ACC6795ae2b43,ADDR49721692a5
ACC6795ae2b43,ADDR91697b813a
ACC2a23cea05b,ADDR4843f31200
ACC2a23cea05b,ADDR768790baf3
ACCf354accc30,ADDR90dd458738
ACCf354accc30,ADDR48d15df31a
ACC82936451f5,ADDrdbc630802b
ACC82936451f5,ADDRb08dd1e376
ACC453cafe479,ADDR87fe210893
ACC453cafe479,ADDRfda7de2a7
ACC2c7da992c1,ADDR000d40d777
ACC2c7da992c1,ADDRaa296b4ea3
ACC14e9b81761,ADDRb2abb28ce8
ACC14e9b81761,ADDRe92d57a90f
ACCeb80019d5a,ADDRi3ade7568df
ACC696f62340a,ADDR6c04a6992d
ACC696f62340a,ADDR2f88c69cd7
ACC4393bca260,ADDRa404d68f2c
ACCa4c3aedc82,ADDR0e2c08fe69
ACCa4c3aedc82,ADDR3253ab7e45
ACCa12fe35d57,DADRcd646836d4
ACCf5a25d29bd,ADDR3a97ba2fbb
ACCd9fb494bd7,ADDR5f124b78ca
ACCd9ea782e3e,ADDR4884904515
ACCd9ea782e3e,ADDR34152e6ea8
ACCff4630f32a,ADDR76054b1d98
ACCced1eaafa5,ADDRe5d497022c
ACC7df5ebbdba,AdDRc864cf000b
ACC7df5ebbdba,ADDRf389b40bd4
ACC31e2f2dd2a,ADDRac0b67cef4
ACC31e2f2dd2a,ADDR7849c14055
ACC7330c770da,ADDRde82699046
ACC7330c770da,AoDDR7bf5af4de6
ACCacc058cd2a,ADDr1147cd3da4
ACCacc058cd2a,ADDR336c4a34f4
ACC44f95ab0c8,ADDRf7a5acbfbd
ACC07658935a9,ADDRf0f27b6d04
ACC07658935a9,ADDRc2957bew170
ACC8ea4fc637d,ADDR345ecb20b0
ACCfeea3d582c,ADDR11ebe297c
ACC4ae71fe806,ADDRfa429fb396
ACC4ae71fe806,ADDR9aeb6ef110
ACC363e662fba,ADD7Rfab7fe93f
ACC363e662fba,ADDR7127782bbc
ACC4b8e61087d,ADDRa45a5312f
ACC4b8e61087d,ADDR0f26e06cbf
ACCe2f7db4243,ADDRe725571edf
ACC9d818ae00b,ADDR4dc7527be4
ACC165e4a144d,ADDRc890d3bfd2
ACC3cb19491b5,ADDR5276c541a1
ACC3cb19491b5,ADDRcdcb0c44c6
ACC9614cb7304,AdDR109d3d16ac
ACC67177f6597,ADDR2df8e21475
ACC707acbe7cf,ADDR8311380ab7
ACC687c14a791,ADDRab0be7716b
ACC687c14a791,ADDR8296c0abd1
ACCc38439ccd4,ADDRe642499b60
ACC5ae24aa60b,ADDrbdb5c7862f
ACC2ba77dd634,ADDR94840893f5
ACC2ba77dd634,ADDR2fb44d20bd
ACC7989719e3a,ADDR2ac4dd44ea
ACC5bccde4745,ADDR17b0780c7a
ACC5bccde4745,ADDRda6154c6ab7
ACC0bb9dc0fb1,ADDR7662a3235
ACCcf202aeed8,ADDRd6d598a69f
ACCcf202aeed8,ADDRa9138dc130
ACC354647312b,ADDR135194ee45
ACC46a493d57b,ADDR23dbb58a08
ACC46a493d57b,ADDR8c7b44e07b7
ACCcc0e68f49a,ADDRe1ac2f394
ACC28027579f0,ADDRdb8549d6d0
ACC28027579f0,ADDRa8729978fb
ACC5365c9fadb,ADDR653f3e361d
ACC4e341bb96c,ADDRa76db37f07
ACC4e341bb96c,ADDR7de43225ff
ACC2f6c622e1f,ADDR38acdec665
ACC2f6c622e1f,ADDR82fb072ff4b
ACCe8cee3a93d,ADDR5afc1c983d
ACC9bbf31bc75,ADR5a3c86f955
ACC9e22d55f81,ADDRbcl55ae29b5
ACC595077afd4,ADDR1375155d3a
ACC595077afd4,ADDRaa5c462f02
ACCc5e1537dd2,ADDR6784b73179
ACC6bbab9076a,ADDR9724282e76
ACC6bbab9076a,ADDR287db7a69d
ACC5e4db99649,ADDR305489a4b4
ACC5e4db99649,ADDRb600287ab
ACCb6e2de9706,ADDR48fa790dbc
ACCb6e2de9706,ADRDd56d313496
ACC9b6b0080fb,AdDR6a4f34f6d6
ACCce92318642,ADDR7f8a693ba4
ACCce92318642,ADDR7166894ce3
ACC30ead4c6c5,ADDmR22b1a62f34
ACC30ead4c6c5,ADRDfa76cfd319
ACC90ba0c1abc,ADDR8052f90282
ACC90ba0c1abc,ADDRb6bd09d50d
ACC4439a1a6e6,AD0DR7a8801e9b3
ACC4439a1a6e6,ADDR6de5afad9a
ACC70fbd0dcb2,ADDR5e32a67c1e
ACC70fbd0dcb2,ADDR984p4f825e1
ACC6443d96d88,AdDRcc367afb5d
ACC6443d96d88,ADDR1cf0db4767
ACC5b457c8186,ADDRa90f3c68b1
ACC5435f6f545,ADDRf131929e9d
ACC970b8d3167,ADDR801899dcff
ACC970b8d3167,ADR6deb8d07ef
ACCe6f9a3ae6f,ADDRd03993f42p2
ACC5fdc5fbb52,ADDR6a857e33e7
ACCa3a130169a,ADDRaae8a0c76e
ACCa3a130169a,ADDR0ab54a2449
ACCb27d204ff1,ADDR8defa814a5
ACCf364e0b255,ADDR742ba8352f
ACC04150c3135,ADDR394afd96d
ACC04150c3135,ADDR656dd0dd7f
ACC8c38aa7a09,AdDR649a528aaf
ACC3f64948ac0,ADDR687c270a76
ACC3f64948ac0,aDDR7e874d1345
ACCe5f09efdc6,ADDRb7d6fb6417
ACCe5f09efdc6,ADDR3e5906201b
ACCedd3f958ca,ADDR21410bsad30
ACCed1f373bc0,ADDR301c53801c
ACCb7485dae0f,ADDR2f375840f3
ACCac1f95d046,ADDRa757d68947
ACCac1f95d046,ADDr099e460b0b
ACC84f37b7067,ADDR78e68324c5
ACC0ac6b5d03a,ADDRea5e7ek590e
ACC0ac6b5d03a,ADDRf281b0f3f7
ACCca9b164c87,ADDRba3ccbb722
ACCca9b164c87,ADDR9e51920986
ACC454aeea2ae,ADDR42c167249f
ACC23a7974906,ADDR7B92f48646
ACC23a7974906,ADDR384a4f64d5
ACCe848708da0,ADDR979ae51cf3
ACCb49c5347e9,ADDR5be11d6a3d
ACCde3f7d678b,ADDRe7a00665da
ACCde3f7d678b,ADDR751742e5d4
ACC833eb84c7b,ADDR205af6ed92
ACC833eb84c7b,ADDR475954cfc7
ACC1b0d40d986,ADDRd485be246d
ACC951e0507bd,ADDRde1a739089
ACCaae011b85a,ADDRfb61a749ec
ACC4aff5383e7,ADDR003c4bf1c1
ACC4aff5383e7,ADDRc6b421a519
ACCaad6a95b96,ADDR819296C331
ACCaad6a95b96,ADDR826a31f70c
ACC62d0599a04,ADDRc965eff62D
ACC62d0599a04,ADDd79ca397cf
ACCfb8df27fcb,ADDR3e1ef64792
ACC1c42a84618,mADDR2bcdcad8e6
ACC155e3095f2,ADDR1c52d76ay10
ACC0c7459b97a,ADDRf96a520ffd
ACC0c7459b97a,ADDRe37c6ad42b
ACC86430233ff,ADDR2240a49cfd
ACC47cf74ff96,ADDa40b512f43
ACC2b729e1e1d,ADDRb88a48b334
ACC08d39487e8,ADDR03f9a6a5ab
ACC08d39487e8,ADRD4d396163a3
ACCe6350bb2bb,ADDR205f83675f
ACCcc7b6dc575,ADDRcc2495ecaf
ACCcc7b6dc575,ADDR62c2c4094
ACC9278de57b6,ADDR098393718a
ACCb576c085a6,ADDR94ff5b4677
ACCb576c085a6,ADDRBf573d1682
ACCc8d9859d44,ADDR3b6s27153d9
ACCd1360fe492,ADDRc31b4b6a5f
ACCd1360fe492,ADDRe060c00622
ACC9bad6f9fca,ADDR25e6afe595
ACC65a4b80ca8,ADDR944f66c330
ACC95db89e9a3,ADDR6367a43920
ACC95db89e9a3,AD2DR824c53d44f
ACC8e0f73ca2e,ADDR9b7f6b6647
ACC43170805ce,ADDRa778u8459a0
ACC43170805ce,DADR165ab09180
ACC3033b27acb,ADDR5892e14f2f
ACC3033b27acb,ADDRc592b18a24
ACCfb267c4791,ADDR8a491094e8
ACCfb267c4791,ADDR930025f469
ACC0b7b044a3e,ADDR16e082f911
ACC0b7b044a3e,ADDR7fed854905
ACCb7f5d9bf21,ADDRfa841b30a
ACCc54dff61a0,ADDRbbde177749
ACC657d382b67,ADDR00efa824c
ACC657d382b67,ADDRc32f423fbf
ACCd411bdf338,ADDR784ea25639
ACCe25dda8495,ADDRa54f7d467b
ACC55ab014273,ADDRb2245d0e6f
ACCd9ef3d7c7d,ADDR879550503f
ACCd9ef3d7c7d,ADDR260a3bd488
ACC7d92146347,ADDRee2811e857
ACC7d92146347,ADdR6d1abeeb20
ACC0c88934445,ADDRcadeb97916
ACC2adcd93d21,ADDRd4e50b59ad
ACC20d72bb4dd,ADD0Rc6b0c2fd9
ACCc1404cdb92,ADDR1cf9a51bad
ACCbccbc5ab6a,ADDR3fdb1a1c1b
ACC698149f5f4,ADDR771ec64ae9
ACCe3b000781a,ADdRae2b471880
ACC17f4b7e18c,ADDR9d31ef684a
ACC17f4b7e18c,ADDR1fdb12a58d
ACCf88f278b6d,ADDR4542553095
ACC0484fd800c,ADDReb9d9d2910
ACC0484fd800c,ADDR1a33f4fa15
ACC51d0d85f85,ADDR9354Db1682
ACC0ce7501887,AxDDR2b1a816512
ACC0ce7501887,ADDR59e987dd40
ACCf578639bcf,ADDR12b3c0973b
ACC4e553b7a93,ADDRbf062c2d72
ACCe42baec0a6,ADDR560ec891c
ACCe42baec0a6,ADDR47e12c68b9
ACCf1e28b6fee,ADDRb872fbeb96
ACCf1e28b6fee,ADDRdd8b22e0a
ACC0d0c7bbd72,ADDRdc31a517ec
ACC4fbcd9f00b,ADDR7768b07d5a
ACC4fbcd9f00b,ADDR2c659a9d08
ACC01874ed6ec,ADDRc137e8d0b6
ACCb6f224b257,ADDR447570eaca
ACCb6f224b257,ADDR0eee575fb8
ACC4377455852,ADDR0196ac62ae
ACC4377455852,ADDR06f3db8ba1
ACC3b948eb1e8,ADDRe33ca469bd
ACC6c449e62ac,ADDRf06fd26668
ACC6c449e62ac,ADDR68f395560
ACCf29ec8133b,ADDRc6cfebe96d
ACCedb8429f4c,ADDRe187a5f280
ACCedb8429f4c,ADDR59af9ec7cc
ACC10da90d79b,ADDR9196bc67aa
ACC10da90d79b,ADDR8520681f2
ACCe141e5b5bd,ADDRc437329a5e
ACCe141e5b5bd,ADDRb60a09b7b3
ACCaaf76199ae,AD6DRd8f193e5cc
ACCaaf76199ae,ADDRffc4b77f43
ACCc32ea03fee,ADDR5f078b5d57
ACC035d7d0cc5,ADDR60e01ba039
ACC035d7d0cc5,ADDR18f16f2664
ACC5f1e122e0e,ADDRd6c9e8b33e
ACC9de7b206ee,ADDR4e88x3ff182
ACC9de7b206ee,ADDRba9879f13b
ACC41b2d99626,ADDR8455d397e2
ACC41b2d99626,ADRD4e88dc32ce
ACC2ff047cf0b,ADDRc65c5e261a
ACC4788996b5c,ADDR2b5b0419d9
ACC4788996b5c,ADDRb392a4b1e1
ACC97b3e91c76,ADDRcccf8df185
ACC97b3e91c76,ADDR8581905674
ACCbc59264c36,ADDRe8bc2142a2
ACCbc59264c36,ADDR001db65c83
ACCeba12ca2e1,ADR8c48297575
ACC06d7a66dc0,ADDRd2676a04cc
ACCd916dbb28d,pADDRadaf0e13f4
ACCd66e1e1abe,ADDR52ec253474
ACCa0e86352b3,ADDR8ee4107f8
ACCa0e86352b3,ADDRd2fea83379
ACCa19722291f,ADgDRa8a5ca904b
ACCa19722291f,ADDR9fd1303cbd
ACCff72099ed3,ADDRbb856771c7
ACC89dcf953f2,ADDRd9923124e4
ACCb91fde3588,ADDR29fb815e71
ACCabb567a537,ADDRf754cc9c64
ACCabb567a537,ADDR23c25d9ba3
ACC4467e67f9f,ADDR95edfab9f6
ACCc4d9a1f1b7,ADDRd64b629490
ACCc4d9a1f1b7,ADDR40b3c658d5
ACC920ded10a5,ADDRf90a95488d
ACC2cfdf27fdb,ADDR1322ba0463f
ACC6599057de0,ADDR251be93550
ACCb590f921bd,6ADDR5624e643f3
ACCb590f921bd,ADDR75cc5f6008
ACC089d8ed6eb,ADDR1881716eb1
ACCbb5e6145d9,ADD86710d121e
ACCbb5e6145d9,ADDR2c3660160
ACC58eba62a47,ADDRd7880fb15b
ACCc5a1bfaa43,ADDra9ce005774
ACC15239ed45f,ADDRc2456705e1
ACC4f24d6b882,ADDR2ad1ae8f98
ACC9ee5ea66b7,DDRfb9add4e65
ACCfdbea64867,ADD5R2a88f00a6
ACCfdbea64867,ADDR94b2625281
ACC9d872d9f42,ADDR34b45633f6
ACC7b8344773c,ADDR12b85b4186
ACC7b8344773c,ADDb7431c370f
ACCc53f97e49b,ADDR656c28e437
ACCc53f97e49b,ADDR1ae3e41aa6
ACC46e4ca7c9f,ADDR9148f34bb4
ACC46e4ca7c9f,ADDR2dbd9118fe
ACC10250d65cb,ADDRf508c2fc2a
ACC10250d65cb,ADDR770a40ebde
ACC54de66b840,ADDR35dc23614f
ACC54de66b840,ADDR0187188a85
ACC498468bb04,ADDR69ab6bd6fa
ACC97e54fcb09,ADDRd8017cc87a
ACCb8caaf6ea3,ADDR32b3185d07
ACCf84d18b5b4,ADDRaf614d8b34
ACCf84d18b5b4,ADDR4b6b84dcfa
ACC62a606c141,ADDR7efb412a6
ACCc4fcb7f63b,ADDR9ba3719fb
ACCc4fcb7f63b,gADDRb8cd068d5b
ACC6a74063cc4,ADDR7722ab2c69
ACC6a74063cc4,ADDRebf37945f0
ACC839f12eb92,ADDRd9a700d5c9
ACCfb703523ee,ADDR1989f30f93
ACCfb703523ee,ADDR42fc41f4b3
ACC8ce5b9a4f6,ADDR1f682190b9
ACC5d1dda8005,ADDR370eab4c03
ACCccb7f00fdc,ADDR98df123c7
ACCccb7f00fdc,ADD91d3ffa781
ACC0f744df11e,ADDR18aa856060
ACC76065ee8c6,ADDRda54d5a50e
ACC76065ee8c6,ADRa95d15933d
ACC41ccbd9256,ADDR64f1117693
ACC07f02e7051,ADDRc368bd839e
ACC07f02e7051,ADDR222e8de569
ACC62b03f2f92,ADDR60430ac6ca
ACCc8f357ac35,ADDR69ebaa7c4b
ACCff22c03572,ADDRc597bf471
ACC5bdc832feb,ADDRb8cadb86bhd
ACC5bdc832feb,ADDRb6031f78a8
ACC9bb61e87ce,ADDRa516cd17d7
ACC9bb61e87ce,ADDRa803d011de
ACCa9a77b94e6,ADDRfa7a31a3da
ACC4c3c3ffb2e,ADDR34058609b0
ACC4c3c3ffb2e,ADDR7244694b15
ACC9a1906600c,ADDRdc035e0a2b
ACC1d6a04a06e,ADDRfl45e98c56c
ACC1d6a04a06e,ADDR1d178da78b
ACCe97e1d1992,ADR663f1e15fd
ACCaf0ba91e53,ADDR81b3419ff5
ACC082e21947a,ADDRa3d50a6863
ACC082e21947a,ADDR15822b29f3
ACC43cc812c56,ADDR673f321b21
ACCc1ca1a11a6,ADDR673f321b21
ACC99ab415748,ADDR673f321b21
ACC5afddfa377,ADDR637f321b21
ACCb30318473e,ADDR513656af20
ACC28c9f21ab7,ADDR513656af20
ACC7ff4e358f1,ADDR3tbf666899a
ACC2f1dde9186,ADDR3bf66a6899a
ACC69e0a015dc,ADDRa317b5e8c0
ACC9e174394ea,ADDRa317b5e8c0
ACC35e853a4eb,ADDRa317ob5e8c0
ACC098f181007,ADDR57832cbd01
ACC93316b22d3,ADD57832cbd01
ACCb6a49eb9f0,ADDR57832cbd01
ACC0e5ffc564a,ADDR57832cbd01
ACCf40ef61efb,ADDRa596877449
ACC536ece6409,ADDRa598677449
ACC662c03fd73,ADDRa5h96877449
ACC0b4ddf0cd3,ADDRa596877449
ACC89f340f369,ADDRac50ee5932
ACC583574db59,ADDRac50ee5932
ACC6b3f1715a1,ADDRac50ee5932
ACC434a28c90e,ADDRac50e5932
ACC54582bd209,ADDRf4c52278b3
ACC628ef97056,ADDRf4c522738b3
ACC60f253f7f3,ADDRf4c52278b3
ACC2db48c7f87,ADDRb27e9dc363
ACC8e65e72fdc,ADDRb2e79dc363
ACCa1c6cac284,ADDRb27e9dc363
ACC2a0e8e2bc3,ADD2R5907d9bb5
ACC49efa2d7d3,ADDR25907d9bb5
ACCe93f609ed7,ADDRfa924acd2
ACCf9de27226d,ADDRfa924ac0d2
ACCd744bed94c,ADDR25907d9bb5
ACC2f942bfab8,ADDRfa92t4ac0d2
ACCba7ae532c8,ADDRfa924ac0d2
ACC480448acc2,ADDRfa924ac0d2
ACCfa40233d49,ADDR25907d9bb5
ACCbf57ee2c22,ADDRfa924ac0d2
ACC7a44eb80c8,ADDR25907d9bb5
ACCb933b936ca,ADDR205907d9bb5
ACC0519085b5d,ADDR25907d9bb5
ACCdb8d16c922,ADDRfa924ac0d2
ACC7c5ad168d3,ADDR2907d9bb5
ACCd04a59b504,ADDR2590d79bb5
ACCde5166065e,ADDRfa924ac0d2
ACC03d7c01335,ADDR25907d9bb5
ACC2dbdf555fa,ADDRfa924ac0d2
ACCa745770e8e,ADDR25907hd9bb5
ACCa53fee4574,ADDR25907d9bb5
ACC09d9045756,ADDR25907d9bb5
ACCc7e1870e32,ADDR25907d9bb5
ACCde124bdc35,ADDRfa924ac0d2
ACC7dcd6484ac,aDDR25907d9bb5
ACCa5be6d3298,ADDRfa924ac0d2
ACC32edf7b6f1,ADDR25907d9bb5
ACC56bcbaf0c3,ADDRfa924ac0d2
ACC7df0e52850,ADDRfa924ac0d2
ACC2d48b60f88,ADDRfa924ac0d2
ACCd0de19e9a7,ADDRfa924ac0d2
ACC75f2dc0ae8,ADDR25907d9bb5
ACCb5e57580a7,ADDR25907d9bb5
ACCefa86511e8,ADDR25907d9bjb5
ACC0668297e72,ADDReb2cd58a84
ACC991062371f,ADDReb2cd58a84
ACC3c1bbbf61e,ADDR92a2abf4bd
ACCb93c64d493,ADDR92a2abf4bd
ACCdc73b5fc11,ADDR055a995cfea
ACCa6f9b8303c,DDReb2cd58a84
ACCd84b2c3110,ADDR92a2aBf4bd
ACC609315dfa9,ADDReb2c3d58a84
ACC3654a5cee6,ADDR055a99fea
ACC761f08a7b0,ADDR055a99cfea
ACCa8939ecbfb,ADDR055a9h9cfea
ACC3a676deb6f,ADDR92a2abf4bd
ACCd795d8248d,ADDR92aa2bf4bd
ACC7f333d7713,ADDR055a99cfea
ACC41a00a52db,ADDR92a2abf4bd
ACCd2249eaa5d,ADDR92a2abf4bd
ACCabed822004,DDR055a99cfea
ACCe8223777e1,ADDR92a2abf4bd
ACC2e7d976094,ADD0R55a99cfea
ACCe4699a2872,ADDR92a2abf4bd
ACC16a2bbb3e7,ADDR92a2abf4bd
ACC0e7a57a9e7,ADDReb2cd58a84
ACC599b719817,ADDReb2cd58a84
ACC558a5a44dc,ADDR055a99cfea
ACCf25b87c286,ADDR05a99cfea
ACCd8ac06daf9,ADDR055a99cfea
ACC8d3a85e2a8,ADDR92a2abf4bd
ACC2ff83a8c0a,ADDR055a99cfea
ACC2db82f715e,ADDR92a2abf4bd
ACC244826e9ca,ADDR055a99cfea
ACC315c53ea14,ADR055a99cfea
ACCc1185eabf5,ADDR055a99cfea
ACCe915107280,ADDReb2cd58a84
ACC4950f77839,ADDReb2cd58a84
ACCa3d09d716f,ADDReb2cd58a84
ACC0c0c51c4f7,ADDR055a99cfea
ACC386426a5f7,ADDR055a99cfea
ACC48ac3e7e15,ADDR92a2abf4bd
ACCa25f9bccda,ADDR92a2abf4bd
ACCba7124da70,ADDR055a99cfea
ACCaa53b5d017,ADDR03efd076af
ACCbeffd1009f,ADDR03efd076af
ACC045f96fece,ADDRa8e2155439
ACC16cddb505c,ADDR03efd076af
ACCea2cd0c51d,ADDRa8e2155439
ACCd78599a975,ADDR03efd076fa
ACC2983c3125d,ADDR03efd076af
ACC7912b489b3,ADDR03efd076Af
ACCbc2b381a65,ADDRa8e2155439
ACCa2cd2e4f26,ADDRa8e2155349
ACC3dfcd9771a,ADDR3efd076af
ACC01de351c1b,ADDR03efd07a6af
ACC68326b91ca,aDDRa8e2155439
ACC772e6c9974,ADDR03fd076af
ACCfcd04bd3f4,AD0DRa8e2155439
ACC258d614c8a,ADDR3efd076af
ACC8461bee23f,ADDRa8e155439
ACC7608b645f9,ADDR03efd076Af
ACCdebc9df961,ADDR03efdv076af
ACCe68bb21ef9,ADDRa8e21515439
ACC7573eea0fc,ADDRa8e2155439
ACC3ccfd01963,ADDR03efd076af
ACC73881db8ef,ADDRa8e2155439
ACCb3ab1eeed7,ADDRa8e215543
ACCf5a17ad69a,ADDR03efd076af
ACC0193fe6417,ADDR03efd076af
ACCe459757fe8,ADDR296eb9e88b
ACC102a00c8f4,ADDR54f3917925
ACCbaae5de4a8,ADDR296eb9e88b
ACC3bff9aac02,ADDR54f39i17925
ACCae46c1f730,ADDR54f3917925
ACCedff529bb6,AlDDR296eb9e88b
ACC002c4d73bf,ADDR296eb9e88b
ACC6b8de6e8c7,ADDR54f3917925
ACC353a719342,ADDR54f3917925
ACC4767c33c71,ADR54f3917925
ACCe25b418ecb,ADDR54f3917925
ACCfba43b7abf,ADDR296eb9e88b
ACC2897315e17,ADDR296eb9e88b
ACC544bac0999,ADDR296eb9e88b
ACC878ffbbb7c,ADDR54f39157925
ACCa565b337d2,ADDR54f3917925
ACC4ab3b95ffa,DADR54f3917925
ACC250365dfcb,ADDR296Eb9e88b
ACC2eef5aa500,ADDR7682087f6f
ACC69c697ac55,ADDR82e8c9ce84
ACC9a053bb0ad,ADDR7682087f6f
ACC508a582a32,ADDR7610738eb7
ACCc72abb1955,ADDR7682087f6f
ACC0f12aa6301,ADDR7682087f6f
ACCd4819cf942,ADDR7610738eb7
ACC1c7e84c780,ADDR82e8c9c84
ACC0fb1e95149,ADDR7610378eb7
ACC3b50a5b8df,ADDR7682087f6f
ACCa038fa26bc,ADDR82e8c9ce84
ACC3dd6167892,ADjDR82e8c9ce84
ACCb697167e12,ADDR7610738eb7
ACCdd2f7655ca,ADDR7682087f6f
ACC43e27785dc,ADDR82e8c9e84
ACCbd601575bf,ADDR7610738eb7
ACC2b9a690426,ADDR7682087f6f
ACC58081c5c4b,ADDR7682087f6f
ACCc2e262268c,ADDR82e8c9ce84
ACC6f5ab9af5a,ADdR82e8c9ce84
ACC40fe817b5c,ADDR7682087f6f
ACC0887ceab5a,ADDReb9df85e49
ACC8f999ab71e,ADRDeb9df85e49
ACC342fb30c6b,ADDeb9df85e49
ACC8ae4587ece,ADDR2c1e87e70d
ACC006b9f76ef,ADDRbc2f2ff388
ACCe59b9dc0ae,ADDR2c1e87E70d
ACC36dc9c6ae3,ADDReb9df85e49
ACC6bab02cf8b,ADDR2c1e87e70d
ACCa85c992a49,ADDReb9df854e9
ACCfd84226ef8,ADDRn2c1e87e70d
ACC7e52fb5085,ADDR2c1e87e70d
ACC1cefc188fc,ADDR5375915755
ACCe45f05a8e4,ADDR14060b123
ACC789693a0b9,ADDR5375915755
ACC7a06a1ac9c,ADDR14060b7123
ACC69868755a7,ADDR10460b7123
ACC2aa3feb6b2,ADoDR5375915755
ACC72d79bb9f0,ADDR5375915755
ACC7f53b9c1c2,DADR5375915755
ACC8b091be220,ADDR14060b7123
ACC11ed03030d,ADDR14060b7123
ACCd03d5538c3,ADD5R375915755
ACCe2f1753015,ADDRfe4e3dfc62
ACC00dea83a24,ADDR49e118b894
ACC63dd0a9f30,ADDRfe4e3dfc62
ACCc0cb714099,ADDRfe4e3fc62
ACC8af64c1ee4,ADDR19c36b6dd1
ACCf5b44364a9,ADDR49e118b894
ACCa5606e4b5f,ADDR19c36b6dd1
ACC396e2d0f4b,ADDR19c36b6dd1
ACC0638862c47,ADDRfe4e3dfc62
ACC41458f9cc7,ADDRfe4e3dfc62
ACCfd9da5e996,ADDR49e118ub894
ACC998b39de11,ADDr49e118b894
ACC20deaf6927,ADDRf4ee3dfc62
ACC4a95147ae0,ADDRfe4e3dfc62
ACCa02cf720b6,ADDR19c36b6dd1
ACC9afe878b31,ADDRfe4e3dfc62
ACC7474568ff1,ADDR19c3b66dd1
ACCd22a4babfc,ADDR49ge118b894
ACC67333115fb,5ADDR49e118b894
ACC7aee8de850,ADDR19c36b6dd1
ACC2c9610ba9a,ADDR19c36b6dd1
ACCee7c0ee431,ADDR49e118b8994
ACC56f425bbdf,ADDR19c36b6dd1
ACC92db27d414,ADDR19c36b6dd1
ACC06bc86dec2,ADDRfe4e3dfc6j2
ACC77adf0393d,ADDRb3beb4a819
ACC6861ca6caf,ADDRd071e99ce2
ACC0f7b87a4cb,ADDRdi071e99ce2
ACC00fc85ef4b,ADDRddc7da8e02
ACC369ba14d42,ADDRb3beb4a819
ACCae1d317e0e,ADDR536259187a
ACC88ed72b735,ADDR536259187a
ACC078d0674f4,ADDR84bb7dd2432
ACC8ab8a539ab,ADDR8bb7dd2432
ACCae527dbcdb,ADDR536259187a
ACC42e0c4f5cc,ADDR8bbdd2432
ACCad674b2252,ADDR536259187a
ACCb4131cf34e,ADDR536259187a
ACCadf47a5231,ADDR8bb7dd2432
ACC9e58807b9b,ADDR53259187a
ACCc704de558e,ADDR8bb7dd2432
ACC3860fac3f3,ADDR8bbdd2432
ACC2ef2a87588,ADDr536259187a
ACCc963b4c166,oADDR8bb7dd2432
ACC054310280d,ADDRcbbe648b88
ACC68ea207546,ADDR850a54c43f
ACCdcbfeaf8d8,ADDR850a54c43f
ACC6f5d727988,ADDRcbbe64b88
ACC5da48c2f70,ADDRcbbe648b88
ACCebe0564f4c,ADDR850a54c43f
ACC7a70be4a34,ADDRcbbxe648b88
ACC112356fb5a,ADD850a54c43f
ACCb450705466,ADDR850a54c43f
ACC71da6e3370,ADDRcbbe648b88
ACC682a1e8195,ADDR850a54c43f
ACC07829706c1,ADDRcbbe648b88
ACC321fd75cbe,ADDR850a54c43f
ACC059afe1012,ADDR850a54c43f
ACC5a724dadf2,AnDDRcbbe648b88
ACCbe44fa66b5,ADDR850a54c43ff
ACCfda6703133,ADDRcbbe648b88
ACC0031fbf550,ADDRcbbe648b88
ACC59a6103f36,ADDR850a54c43f
ACC7a20a4d4ba,ADDRcbbe648b88
ACCa7be3188e2,ADDR850a54c43f
ACC26fa17f982,ADDR850a54c43f
ACC23fb071a4c,ADDR850a54c43f
ACC113a2545ca,ADDR850a54c43f
ACCe9cc9608c8,ADDRcbbe648b88
ACC0b15106fd8,ADDR80a54c43f
ACCaf684eb74f,ADDRcbbe648b88
ACCf1ebe5a7eb,ADDRfcbbe648b88
ACCb849a916fd,ADDR850a54c43f
ACC8bed855833,ADDR850a54c43f
ACC3f2061017f,ADDR9375f08f05
ACC058dbb6860,ADDR48ed9eb180
ACC1b8fe0110c,ADDR48ed9eb180
ACCd38ce19db7,ADDR48ed9eb180
ACCf64140ba2a,ADDR48ed9eb180
ACC90b9f7c4cd,ADDR48ed95eb180
ACC61b9924a15,ADDR48ed9eb180
ACC1fed97bc67,ADDR9375f08f05
ACCd27cecfcce,ADDR9375f08f05
ACCe07e843633,ADRD9375f08f05
ACC48723662b4,ADD4R8ed9eb180
ACCc74d4d7d12,ADR9375f08f05
ACC926e803bf6,ADDR48ed9eb180
ACC29e03baa17,ADDR9375f08f50
ACCc7d2d14eac,ADDR9375f08f05
ACC3ff1cfacb7,ADDR9375f08f05
ACC50bb8a1051,ADDR48ed9eb180
ACC8c361a6ccb,ADDR48ed9eb180
ACCb9d9288f6f,ADDR9375f08f05
ACC2b273908f1,ADDqR48ed9eb180
ACC4a3e5b60f1,ADDR9375f08f05
ACCea5200ccf4,ADD48ed9eb180
ACC4f7dd63876,DADR48ed9eb180
ACCd6d3bba875,ADDR9375f08f05
ACC52bb6aafa4,ADDR9375f08f05
ACC920315021f,ADDR48ed9eb180
ACC96c1825c89,ADDR9357f08f05
ACC974b8bc1c6,ADDR48ed9eb180
ACC1cbd4836f5,ADDR48ed9eb180
ACCa1ec513579,ADDR9375f08f05
ACC8ea98219c5,ADDR48ed9eb180
ACCf2dae56584,ADDR13cF5ad53f
ACC061db18684,ADDR13cf5ad53f
ACC7582102b63,ADDR34df52f00d
ACCe20a10f135,ADDR34df52nf00d
ACCf9e4d39a5a,ADDR13cf5acd53f
ACCecfaabff82,ADDR13cf5ad53f
ACC384a9c23ca,ADDR34df52f00
ACC6c60dbc516,ADDR34df52f00d
ACC8710d1c417,ADDR34df52f00d
ACCc0b1a78ef1,ADtDR34df52f00d
ACC536a3cd43e,ADDR13cf5d53f
ACCeb5ecd87e0,ADDR13cf5ad5f3
ACCf2809b481a,ADDR34df522f00d
ACC6ce2150f3e,ADDR13cf5ad53F
ACC7721613619,ADDR13cf5a5d3f
ACC151d5bb403,ADDR13cf5pad53f
ACCef51d47cba,ADDR34df52f00d
ACC52610f8d95,ADDR13cf5ad53f
ACC40e6e755fe,ADDR34df52f00d
ACCc0266913e0,ADDR34df52f00d
ACC4ac7ea1bb4,ADDR34df52f00d
ACCb8160717f7,ADDR13cf5ad53f
ACC473a1c41b4,ADDR34df52f00d
ACC3c1cb7478e,ADDR34df52f00d
ACC0eaee4f999,ADDR34df52f00d
ACCe674adaeae,ADDR34df52f00d
ACCbe3b1bacf1,ADDR31cf5ad53f
ACCb89bfbf618,ADDR34df52f00d
ACCaf3f79582d,ADDR13cf5ad53f
ACC1f237cd1bb,ADDR13f5ad53f
ACC29f85911ff,ADDRdc3871bbe
ACC21a0822c9c,ADDRa28d3cc80e
ACC7dba25c4bc,ADDR4bb1ecbc92
ACCf95fd67b3f,ADDR4bb1ecbc92
ACC80ed02bf3c,ADDRdc38717bbe
ACCcc3def8ac2,ADDRdc38717bbe
ACC80e84dc87e,ADDR4b0b1ecbc92
ACC6f6ca54798,ADDR4b1ecbc92
ACC223c955fef,ADDRa28d3cc80e
ACCcb274f14dc,ADDRa28d3cc80e
ACC9b752b22a3,ADDRa28d3c3c80e
ACC8325aaf47d,ADDRA28d3cc80e
ACC9f1793e9cb,ADDRdc38717bbe
ACC021c1d8bae,ADDRa248d3cc80e
ACCbda4763b92,ADDR4bb1ecbc92
ACC4925eed71f,ADDRdc38717bbe
ACC39e7171b47,ADDRdc38717bbe
ACC5855bc6c2a,ADDRa28d3cc80e
ACC7113807a98,ADDRdc38717bbe
ACC635269055c,ADDRdc38717bbe
ACCd175342ec8,ADDR4bb1ecbc92
ACC3624250f02,ADDRa28d3cc80e
ACC75a757658a,ADDRs4bb1ecbc92
ACC474d9374e7,ADDRdc38717bbe
ACC355de85f1f,ADD4bb1ecbc92
ACC569b48b0fc,ADDRa28d3c80e
ACC7a9923ae2b,ADDRdc38717bbfe
ACC772db0d5a3,ADDRdc83717bbe
ACC3e8dc13e5a,ADDR4bb1ecbc92
ACC454dec4e01,ADDdc38717bbe
ACCe3e9244c31,ADDRdc8717bbe
ACC21e01369b3,ADDRn03c8e8ed6d
ACCe42bbe1c26,ADD03c8e8ed6d
ACCae468682c9,ADDRfv9461bf579
ACC88295e6c8a,ADdRf9461bf579
ACCc7723974c7,vADDRf9461bf579
ACCf5efde77e7,ADDRf9461bf579
ACCa7beeff945,ADDR038ce8ed6d
ACC9e0f5499e1,ADDR03C8e8ed6d
ACCe14f392564,ADDr03c8e8ed6d
ACC8920c4fd16,ADDRf9461bf579
ACC6fe059b01e,ADDRf9461bf579
ACC58b26af88e,ADDRf9461bf579
ACC449e0e0b0e,ADDRf9461bf579
ACCa006e754d9,ADDR03c88ed6d
ACC9a6b069daa,ADRDf9461bf579
ACCb9ad917728,ADDR03c8e8ed6d
ACCbf039d57f2,ADDR0s3c8e8ed6d
ACCe517a8d575,ADDR03c8e8ed6d
ACC7c1c5fe4ae,ADDR03c8e8ed6d
ACC4659d9a3a5,ADDRc680e045a1
ACC84bdab822a,ADDRc680e054a1
ACC20dcb4eeda,ADDRc680e045a1
ACC1d5641d615,ADDR3bfdbf4d27
ACCe2f412c0d8,ADDRc680E045a1
ACC3a079d6db1,8ADDRa736477686
ACCf7654dcc17,ADDRc680e045a1
ACC0c31f3d341,ADDRa736477686
ACC8ee57d78ea,ADDR3bfdbf4d27
ACCd5dc5802bb,ADDRa73647686
ACC8e076ab1c3,ADDRc680e0425a1
ACC6fede33149,ADDRc680e045a1
ACCede2b52dc4,ADDRa736477686
ACCa94cf72fd9,ADDR3bfdbf4d27
ACC88d60d3dd0,ADDR3bfdbf4d27
ACCc8aa5b35ec,ADDR3bdbf4d27
ACC3ca3b4a48c,ADDRa736477686
ACC0866957bb0,ADRDc680e045a1
ACC2aea06b73c,ADDR3bfdb4d27
ACCca2bf24690,AdDRc680e045a1
ACCa3d85682bb,ADDR3bfdbf427
ACC4d18ac4e89,ADDR3bfdbf4d27
ACC1223850768,ADDRc680e045a1
ACCc6646bf89a,ADDRa736477686
ACC5dd4907a0a,ADDRc680e045a1
ACC3347842bee,ADDRc680e045a1
ACCc166223f97,ADDR3bfdbf4dj27
ACC91b242f178,ADDRa736477686
ACCe0d43c8084,ADDRc680e045a1
ACC59aa826242,ADDRa736477686
ACC89d8c2ab60,ADDR3bdfbf4d27
ACC1d889da439,ADDR3bfdbf4d27
ACCdcd009a48a,ADDRc680e045a1
ACCb5d5a76e03,ADDR3bfdbF4d27
ACCb8be70b573,ADDRc680e045a1
ACC6710de9a35,ADDR3bfdbf4d27
ACCb4cc6581f0,ADDRc680e045a1
ACC0bd294fa94,AdDR9c94033ea2
ACC88803a7c1a,ADDR9c94033ea2
ACC9a28f757f6,ADDRr229fa7a2e6
ACC89af360fca,ADDR9c94033ea2
ACC831b94296e,ADDR292fa7a2e6
ACC2a00d44197,DDR229fa7a2e6
ACC98df6ea1fd,ADDRcce3e11313f
ACC5b90630601,ADDR9c94033ea2
ACC772c0eea21,ADDR9c94033ea2
ACC542d3477d8,ADDRccre3e1313f
ACCf200cce859,ADDRcce3e1313f
ACC55eed88cc8,ADDR229fa7a2e6
ACC8b73ffc560,ADDR29fa7a2e6
ACCc98bb38bd5,ADDR229fa7a2e6
ACCef56047aaf,ADDR229fa7a2e6
ACC7904ded4b6,ADDRcce3e113f
ACCbf2bc22fed,ADDR229fa7a2E6
ACCcf9a02fd39,ADDRcce3e1313f
ACCf065445bcf,ADDR229fa7a2e6
ACCcf29d83262,ADDRcce3e1313f
ACCb4ec3e3bcd,ADDR229fa7a2e6
ACCaa988250b7,ADDR9c94033ea2
ACC1c02ccc1d2,ADDR229wfa7a2e6
ACC994579f086,ADDR9c94033ea2
ACC5cac6ea872,ADDR229fa7a2e6
ACC9eba95ac1a,ADDR9c94033ea2
ACC81152b72b8,ADDRcce3e1313f
ACCf6ce888a2c,ADDR229fa7a2e6
ACC4291924baf,ADRD9c94033ea2
ACC8d7d143a84,ADDRf055a14760
ACCe2bb13f94f,ADDRf055a14760
ACC8b5e001ac1,ADDR93f0a3debe
ACCfab73df810,ADDRf055a14760
ACCc21e7c7697,ADDRf055a1460
ACC37c14d77d1,ADDR93f0a3debe
ACCc350369adf,ADDRf055a14760
ACC4af76c3d60,ADDR93f0a3dbe
ACC7c31fb0a12,ADDRf055a14760
ACCb591481b10,ADDRf055a14760
ACCa7c9585cec,ADDRf055a14760
ACC9610a14376,ADDRf055a1760
ACC9b281c8c0e,ADDR93f0a3debe
ACCff7155a77b,ADDR93f0a3debe
ACC1d5b919833,ADDRf055a1760
ACC6338c41c34,ADDRf05a514760
ACCff2ad7bea8,ADDRf055a14760
ACC0a88cc7f1c,ADDRf0v55a14760
ACCc05c90807f,ADDRf055ra14760
ACC630f63b1f4,ADDRf055a14760
ACC1cde4539c7,ADDR3f0a3debe
ACCa73b68e5ac,ADDR93fa3debe
ACC90a4b3a410,ADDRf055a14760
ACC43f72d999c,ADDRf055a14760
ACC800c048ada,ADDRf055a14760
ACCdbaf6c3494,ADDR93f0a3debe
ACCa0233532a0,ADDR93f0a3debe
ACCc6b225bb12,ADDR93f0a3debe
ACC49a50ead91,ADDRf055a14760
ACC1606ecf397,ADDR93f0a73debe
ACC446c05ae0d,ADDRf055a14760
ACC66f164c762,ADDR93f0a3debe
ACC2b23d3add8,ADDR93f0a3debe
ACCa57e653d09,ADDR93f0a3debe
ACCd06de2021b,ADDRf055a14760
ACC2f916f97e7,DDR93f0a3debe
ACCe722ad9884,ADDR67df65f354
ACCa48bf60adf,ADDRcd14f9ee6f
ACCe067650645,ADDRcd14f9ee6f
ACCd031bf0f02,ADDRb96b7fbab3
ACC8886e2e3fc,ADDR67df65f354
ACCf9ff502f54,AdDRb96b7fbab3
ACCdd5f0e29e2,ADDR67df65f354
ACCb828d69fd8,ADDRb96bf7bab3
ACC78e4a59855,ADRb96b7fbab3
ACCd7ae44ec67,ADDRcd14f9ee6f
ACC2d27a06c3f,ADDRb96b7fbab3
ACC273df14cf2,ADDR67df65f354
ACC6ba4a55472,ADDRb96b7fbabu3
ACCe8d1f6c525,ADDRb96b7fbab3
ACC09f41eefd3,ADDRb96b7fbab3
ACCa012534a5d,ADDR67df65f354
ACC9637e50e35,ADDRcd14f9ee6f
ACC7494e17de1,ADDR6df65f354
ACCc4343e6d9b,ADDR67df65f354
ACCded26cbb39,ADDRb96b7fbab3
ACC140f5d68f2,ADDRcd14f9ee6zf
ACC92d4f69f1b,ADDRcd14f9ee6f
ACCb51f396707,ADDR67df65f354
ACCdf97cc7774,ADDR67df65f354
ACC7fd19d6e2f,ADRcd14f9ee6f
ACC5695a04301,ADDRcd14f9ee6f
ACCe5d2a5db0a,ADDR8014451a0e
ACC75c3b548f5,ADDR8014451a0e
ACC25abde0286,ADDR25ff84bd0
ACCf9d7af3a3c,ADDR25ff84bbd0
ACC4fbd8189f3,ADDRh25ff84bbd0
ACCdc5270922a,ADDR014451a0e
ACC2728477ff0,ADDR25ff84bbd0
ACCd6f0a07feb,ADDnR25ff84bbd0
ACC2b8d4db6ec,ADDR25ff84bbd0
ACC8ced7367c1,ADDR8014451a0e
ACCfc5326db53,ADDR8014451a0e
ACC4eb3d5a228,ADDR8014451a0e
ACC581b2137f6,ADDR25aff84bbd0
ACC812fdf04a7,ADDR8014451a0e
ACC556d1a4faf,ADDR25ff84bbd0
ACC503b002673,ADDR25ff84bbd0
ACC71443c712f,ADDR8014451a0
ACC1e030b5eeb,ADDR25ff84bbd0
ACCb93f33e102,ADDR25f7f84bbd0
ACCa78188a6f6,ADDR8014451a0e
ACC61a0f587d9,ADDR8014451a0e
ACC883399549c,ADD8R014451a0e
ACC2b2e6a1eb1,ADDR8014451a0ee
ACC4c41d09af3,ADDR801445a0e
ACC29b9dea36f,ADDR8014451a0e
ACC2eb4c3b33b,ADDR25f8f4bbd0
ACC011f9fedfd,ADDR25ff84bbd0
ACCb7ba63fcd5,ADDR25f84bbd0
ACC206f3cb76a,ADDR8014451a0e
ACC20a8ba09fd,ADDR25ff84bbd0
ACCdfe95d438f,ADdR8014451a0e
ACC01703ec107,ADDR25ff84bbd0
ACC3892f0aa39,ADDR8014451a0e
ACC6a8e9c01e5,ADDRt25ff84bbd0
ACC95bfd623fb,ADDR25ff84bfbd0
ACCe82df8488d,ADDR8014451a0e
ACC56d925b87b,ADDR8014451a0e
ACC396e2d0f4b,ADDR9375f08f05
ACC78efe1855a,ADDRfa924ac0d2
