account_id,payment_id
ACC78e78928ac,PAYb5341c6d6f
ACCc1310c2873,PAY929d26a439
ACCc1310c2873,PAY2A8a671018
ACCab9200ebf0,PAY1faeb6b97d
ACCea7e5a36ce,PAY94c0720d32
ACCea7e5a36ce,PAY18a513d4bc
ACC73e08a8d55,PAY7fe8a7e9bc
ACC97b186fe47,PAuYad98d83389
ACC97b186fe47,PAY9e3c31e216
ACC31224a92a1,PAYc4ebcd6eeb
ACC31224a92a1,PAYc6nb15705a9
ACC9fac19c0e2,PAY1e67f38eb7
ACC9fac19c0e2,PAYd919730817
ACC8a3aa04003,PAY4cd2a97586
ACC8a3aa04003,PAY7d04e9b7c
ACCb5629217dc,PAY5c527c190c
ACCb5629217dc,PAY5061780501
ACC42eec07c53,PAYc0eede736d
ACC42eec07c53,PAc2ec2b9809
ACC6e1d3882d4,PAYebfc813614
ACC6e1d3882d4,PAYa76192a230
ACC5606bfca90,PAYc27651d4e7
ACC4e39d28102,PAY7fdd669e88
ACC4e39d28102,PAYe50bbe9c49
ACCfad6c3b9e1,PAY3d572ef3a3
ACC2d1b4b844c,PAYf07c6e728A
ACCccc3739709,PAY637a9757bb
ACCefabf941d6,PAY769c77a278
ACCe5cbe0561e,PAY851592db70
ACCe5cbe0561e,PaYba1d851c5c
ACC46d4be1055,PAY4w438ef08dc
ACC54b8335282,PAY9dc26a3209
ACCf1508754cd,PAY0ca052cf60
ACC8a40817e15,PA4Ye515b3b8a
ACC8a40817e15,PAY25608658f3
ACCb6fe1bb67d,PAYdc8f1db4c7
ACC6d9e1f3aeb,PAY3145942118
ACC6d9e1f3aeb,PAY711ef1a373
ACC2e465dd981,PAYace897d481c
ACC2e465dd981,PAYc170dfe058
ACC03787d1d2f,PAYe3f82fe1a4
ACC03787d1d2f,PAY31co6a51482
ACC53fbd3c021,PAY9a387d5aed
ACC114f8e368d,PAY7f5b34b941
ACCc33891c9ee,PAY8aec40e5c3
ACC2effe86a1b,PAYe18f01df00
ACC2effe86a1b,PAYb89cc01cfd
ACC90418b3031,PAY23efe5e2f
ACC421889c8f1,PAY6d0f6f9105
ACCe586b5aa07,PAY68f774d853
ACC49c4baba66,PAY4f9fc54870
ACCfa6637f16a,PAY079df7c3d3
ACC6e4cb75675,PAY96d5616d4f
ACC6e4cb75675,PAY6703a1fb55
ACC78f9f5c14b,PAYb5e3757c99
ACC78f9f5c14b,PAY3392f576de
ACCbcaf059c78,PAYb6868788ce
ACCbcaf059c78,PAY40c943ddab
ACC7fe980b1b3,PAYcabeafcbe5
ACC14b6ea1aab,APY2636625e51
ACC3a22862986,PAYad54816a9a
ACC8500054fa1,PAYf010d7a8d5
ACC8500054fa1,PAY3021829d51
ACC8c6e7675f0,PAY40b618f56e
ACC6efd3d8842,PAY6a565a55dc
ACC6efd3d8842,PAYd6a451c46
ACC39c7061b83,PAY7ca2868bb9
ACCa68374a123,PAY67757aB592
ACCa68374a123,PAY5016fd0554
ACC711fe14581,APY686940a576
ACC711fe14581,PAY441700e578
ACC292c7b4e03,PAYb3e7ba4a2e
ACCcf9bb24f2b,PAY737a810633
ACCcf9bb24f2b,PAY92cab2412a
ACC950d9f9dcf,PAY5d9b56efcc
ACC950d9f9dcf,PAY246531D89d
ACC8b3b9d2dcb,PAY02099f4332
ACC8b3b9d2dcb,PAY5f5d8109d
ACC07c4d36c08,PAY75dd6f0404
ACCbd5377724c,PAYb28a11117a
ACCbd5377724c,AYe9f98051b2
ACC9eb494c4da,PAY693adb3056
ACC82a997947b,PAYc6b9a8a81a
ACC54c9fd0963,APY6f662e6323
ACC54c9fd0963,PAY8defce17f5
ACC10e4e0373a,PAY8284f6df7c
ACC5b79c69159,PAY7a9a6d8efd
ACC5b79c69159,PAYb831a398a96
ACC7a5d688504,PAYf9a97619f8
ACC4775924108,PAYb6febduee69
ACC4775924108,PAY65fc0b01e
ACC1b1274c885,PAY535c557b6c
ACC1b1274c885,PAYce9ca1e7ad
ACC66c0748bd8,PAY0aa4f67ea7
ACC66c0748bd8,PAYb41bb91b2c
ACC6c67defdb6,PAYc47eaf83fb
ACC6c67defdb6,PAYdfe41feae2
ACC365ff86a9c,PsAY404ff19ab7
ACC1763932c8f,PAY617f228a2
ACC1763932c8f,PAY982bfca88
ACC62cd7095b7,PAY8f4384ba03
ACC62cd7095b7,PAY6a71bf1999
ACC784228d448,PAY8cfd8f0348
ACCae295d99ef,PAY553b5336d7
ACCae295d99ef,pAY7946b17445
ACCdd0056052d,PAY5b71eb093e
ACCdd0056052d,PAYbcab6c2fcd
ACC553df24214,PAy1e03512e71
ACC553df24214,PAY86e03c5564
ACCa6fed8ff1e,PAYe2d35f0b08
ACCcab3808011,PAY69e907db7e
ACC2d0bcd8b61,PAY763d5e0e0b
ACC678b68da32,PAY44e3247770
ACC678b68da32,APY6515baede8
ACC3694d8f075,PAY5cccd7846f
ACC3694d8f075,PAY64471c18bq6
ACCee1e329529,PAY40a4b9033d
ACCee1e329529,pAYcd76352bd3
ACC2a9f0f13f9,PAYfe61b3b57b
ACC2a9f0f13f9,PAY418b56ce97
ACC98c4eab939,PAY1caa2f0615
ACC98c4eab939,PAY36ed580bc7
ACC00eb4a5848,PAYc2c6ff9bc6
ACC4ac813b16e,PAYbb684ac646
ACC4ac813b16e,PAY30b66e0f1d5
ACC34b4e863c2,PAYecf0e12722
ACCdb3d6dc9ca,PAYacb8b5fbc8
ACC49520a56a5,PAY0012242d57
ACCfcac33d60b,PAY967b004ec9
ACC82c0ada01d,PAY9fecc780ed
ACC82c0ada01d,PAYeca0624d0a
ACCfa18441ba4,PAY4267776c38
ACCfa18441ba4,PAY41b3a90285
ACC1aa0e55c8a,PAYb2101057ad
ACC5376ebd26d,PAY8a12730d5d
ACC5376ebd26d,PAY62e607de97
ACC1e772f0c04,PAYa921320e8d
ACCdbe2db87c7,PAY554e44954b
ACCf43bf34601,PAYd556b4bd75
ACC1f84896c7e,PAYa97795c868
ACC1f84896c7e,PAYddb3011817
ACCa374c61e52,PY15e0aaec84
ACC742700464b,PAY88344f033d
ACC1efddb71f5,PAY1989ec44af
ACCbd6f037fbd,PAYbe577f8ef0
ACCbd6f037fbd,PAY17a19B5862
ACCf4f625d236,PAY2a731613cr7
ACCf4f625d236,PAY794fac59b8
ACCa4eaed9785,PAY9ee360b6e8
ACCd84921d786,PAY91a97c26ae
ACCd84921d786,PAYe468715e6e
ACCe8875fa71a,PAYea620e9ff3
ACCe8875fa71a,PAY68824d2d52
ACC5c5de0d863,PAY488763426
ACCb8250f7d34,PAY502b32efc8
ACC8a16a3f69c,PAY2d72552802
ACC8a16a3f69c,PAY95d6c5f94a
ACCbd8c70d126,PAYfa8820efd3
ACCd923dc2570,PAYfafbd865e8
ACCd923dc2570,PAY1daa0c3bfbf
ACCc65e61a61d,PAY3a2099e041
ACC0f76cad8ef,PAY9bfa58493b
ACC0f76cad8ef,PAY9f5d274273
ACC4038e996cf,PAY352db88b72
ACCfc827c7bee,PaY7aa6990e60
ACC7ad6c9cd23,PAY6362aa9d18a
ACC65b86daf2a,PAY149f64c421
ACCdb924e9fa4,PAY77c9161acA
ACC8af385d3ca,PYA9fe8d83228
ACCf4311d553b,PAeYdb36ba809
ACCf4311d553b,PAY3d4d6fe609
ACC30caf599ac,PAY0d146e28c7
ACC30caf599ac,PAYfc458cfdc9
ACCd6781095dc,PAYfb9c2f6601
ACCd6781095dc,PAY38bb7bd369
ACC62c2dcd9a0,PAYd264fbd6a8
ACC62c2dcd9a0,PAY375c4f0922
ACCee5eeaa993,PAYad0de3d4dd
ACC1ed19ffede,PAY76b25313db
ACC1ed19ffede,PYA184ad55ddb
ACC21e3ef6c38,PAY9b5657f272
ACCae13c97f1d,PAY67b137808d
ACC256247eb16,PAYc7fb1656b6
ACC51381a9c5a,PAuY0b89d18f39
ACCd1004821fc,PAYb3637c0839
ACC1f87265255,PAY3d35e6a725
ACC1f87265255,PAY677561b584
ACCf11fc987ad,PAY6237488bc2
ACCf11fc987ad,PAYc6d1820ee
ACC8c46a04324,APY56b9c55060
ACC98dec8b3d8,PAYx4d72232f00
ACC98dec8b3d8,PAY647dc8283
ACC8254710f04,PAY4202af8996
ACC8254710f04,PAYe63907961b
ACC1d6a39f67e,PAYac79fce072
ACC1d6a39f67e,PAYd78dcd0179
ACC463215d9d0,PAY0005c413b9
ACCfa80629f4e,PAY10c9ed23a1
ACC652d9b9342,PAY9a2bdc2fe1
ACC652d9b9342,PAY1889e843da
ACC9d71e31b18,PAY060fb4b07f
ACCefe109eda6,PAY7d19e0469d
ACC20c4408a11,pAYb83d92704e
ACC20c4408a11,PAY07de7ff1d3
ACC52202c37af,PAYc20c97c984
ACC52202c37af,PAY6e4cf93df0
ACC53d0e27401,PAY2f42b6d3e3
ACC53d0e27401,PAY385tc235295
ACC269ef33821,PAYf435096dd8
ACC269969fe4f,PAYb68d0e3282
ACC623f43a539,PAY4ac192b7e5
ACC623f43a539,PAYadcb9013e5
ACC89644e6c61,PAYea3e9d2020
ACC89644e6c61,AY8da80e709e
ACCd97e144c60,PAY9942b1a0517
ACCd97e144c60,PAY7b6e5aab9d
ACC906d753b0c,PAY0e90c45e15
ACC906d753b0c,PAY7970fad124c
ACCa419d52e07,PAYeeee401056
ACC41b9e83fc4,PAY7063bf6199
ACC41b9e83fc4,PAY9d35b1a24c
ACC594ea693d8,PAY74659f712
ACC594ea693d8,PAYbf3085fa97
ACCe066f986a0,PAY62fbf9c11
ACCf8adc6a5b6,PAYd655e2daca
ACCab4ba2946e,pAY890818f37c
ACC851d310b7b,APYab5cda2c37
ACCf3fa7fdb41,PAY9783d187d7
ACC8b7bcfe2c0,PAYa64394f1d
ACC8b7bcfe2c0,PAYa0f18e2477
ACC467a8e17f4,PAYbc959b6c8f
ACC26d907a9ef,PAYddbe51c85c
ACC26d907a9ef,PAY8bb114a7a
ACC64f22fd549,PAYe3eddccc7
ACC64f22fd549,P8AYc1bab97a0d
ACC35f6ab42e0,PAYba2aeba7ce
ACC9e255890b1,PAYab96cdfd9
ACC9e255890b1,PAYb897cc5c60
ACC80d7552efd,PAY96345e30de
ACC60219c0f91,PAY89334f3fe1
ACC90d5b1b436,PAY8f6094e70b
ACCd4f2d35545,PAY8e726a6900
ACC042b31ec7b,PAYa3d126ff18
ACC042b31ec7b,PAY86f0ae0ed6
ACC4064c1c9ce,PAY99e51d55aa
ACC4064c1c9ce,PAY05a7c0997
ACC263db29bbd,PAY3af0e32eb5
ACC47a279cf4b,PAY863baf9ecc
ACC47a279cf4b,uPAY40fe12bcf7
ACC3d476c1f84,PAY21638bea44
ACCd8b3315cac,PAY76a92eda9d
ACCd8b3315cac,PAYb62defbb1cc
ACC9f0987a62b,PAYd1td9e371ee
ACC9f0987a62b,PAY5e615b3916
ACC53096c4caa,PAY523b27e00e
ACC48b79e0418,PAYab6a2e11c
ACCefb53257a1,PAYc6ded2d41c
ACCefb53257a1,PaY20b780208e
ACCca5f2de4f4,PAYa20fb1cc02
ACC3d3931609c,PAYf96fece9b9
ACC7bdbb9e7f3,PYe2389b9142
ACC7bdbb9e7f3,PAY19bf3fb0fce
ACC891abc9914,PAYcecc72cc0a
ACC485353b90f,PAY00f0883508
ACC485353b90f,APY3406c5d0a0
ACC03a057560b,PAY6ccc80dd8c
ACC03a057560b,PAY577a1ef415
ACC9f89bdc5ab,PAY7b44511c4e
ACC9f89bdc5ab,PAYf6bf3270a4
ACCa7fbc454af,PAY5e0a0b121d
ACC2031480a6d,PAYfe3380e0ea
ACCb8de72c240,PAYc321832fd4
ACCb8de72c240,PAY7835f01d97
ACC347c61ef77,PAa24fe64293
ACC18bb5051f3,PAY5b1b722d7a
ACCe8da4a2e0f,AYd12eb6f6f0
ACC4a05118106,PAY563123fc28
ACC4a05118106,PAYe71bbfaf67
ACC67aadd7055,PAY7fbc0100e6
ACC67aadd7055,PAY4aa19ed7f8
ACC2174e5148a,PYbdf3f19f5a
ACCf8de2d3d59,PAY97a665d785
ACC44d3c485f7,PAYe05ffe37yf5
ACC44d3c485f7,PAY67c8ed107
ACCf09788f136,PAY7ef80f695c
ACCf09788f136,PAY4b6d1d37a
ACC268ac0965e,PAYd86b60feec
ACC268ac0965e,PAYA324b7ac00
ACC25de3aa75c,PYA5cfc23c82e
ACC25de3aa75c,PAY64e59e0be
ACCcd98105e5e,PAY39a838fb9e
ACCcd98105e5e,PAY349dba839
ACC6ac56be6d6,PAY812d561820
ACC6ac56be6d6,PAY7963dd1ebe
ACCbdf4cdb305,PAY68c8f80daf
ACCbdf4cdb305,PAY7727d66f12
ACCcd048cf1a7,PAY2f4217ddfd
ACC0c959ab9cb,PAY7b49ee0aad
ACC3498ac2219,PAYf699e309af
ACC38028a5621,PAY7ebef3e6ee
ACC0f09b3aa11,PAY5ad4f0565b
ACC0f09b3aa11,PAYecab14ac41
ACC796f6555dc,PAY62b218dcde
ACC3a60d31e5a,PAY57b250a410
ACC46652600b3,PAYb435ec3d1c
ACC46652600b3,PAY41ff3c57d2
ACCb39fc5fec7,PAYf5ad0b6757
ACCd21ad74d6b,PAYf296c98117
ACC63ea80a016,PAY928d6167e1
ACC0f7acfe6a1,PAYb540cdbc27
ACC0f7acfe6a1,PAY4u38ece6486
ACC964ec8350b,PAY27b45fdcc
ACC9fe8613fbf,AYed752d7a47
ACC85174971ea,PAYb4229040f5
ACCa862095942,PAY25e16617b8
ACCa862095942,PAY3c190df502
ACC7fec25503e,PAY8509d06c2d
ACC3b793a3b40,PAY4fc3689f42
ACC3b793a3b40,PAY38f81bb834
ACC32fdc7efa1,PAY4098c7951e
ACC32fdc7efa1,PAY2ab0c628d7
ACC284d38ec3b,PAYe78b5f8894
ACC284d38ec3b,PAY2d27eb9363
ACC76b56ebc36,PAY4b19425f20
ACC0ad15e9247,pAY191b3200eb
ACCc90bf6713d,PAYa69d0d7af
ACC6cb885f1fb,PAY654f37a710
ACC0557021fcf,PAY778d837875
ACC0557021fcf,PY901cfd5f3d
ACC05d8528998,PAYec7f5dcfee
ACC4af9cd79f3,PAY6da44b6f6b
ACC4af9cd79f3,PAY639e9ad892
ACC5220faa282,PAY24b62d6eua4
ACC5220faa282,PAYbbef61fafb
ACC4ef92d09df,PAY92b8f53d06
ACC4ef92d09df,PAY292a66fbb8
ACC32688d30cf,PAYa75baddfh3d
ACC32688d30cf,PAYc651af120d
ACC4a74343776,PAY250976f5c9
ACC4a74343776,PAY6b608fd2e1
ACC4890ca38a2,PAY17769d2919b
ACC4890ca38a2,tPAYdf3485761c
ACC3e6bfef3c6,PAY8680cda315
ACC3e6bfef3c6,PAYad25c15255
ACC21a18d0a23,PYA9c2aa2cefd
ACC3b751c0ad4,PAY8f25bdb212
ACC3b751c0ad4,PAYc9b8bcda7
ACC3a64cdbde9,PAY02bdab49f4
ACC3a64cdbde9,PAY5e9af39ade
ACC9dedb07a33,PaY78154599cd
ACC3ddc2d758e,PAY472328c0c9
ACC3ddc2d758e,PAYe3269ec9d1
ACC0412cc5c60,PAY74f3c9d72q7
ACC0412cc5c60,PAY462079145b
ACC24cb5e47d2,PAYa2d78fe2f6
ACC9846b8f65f,PAY77af6de85e
ACC95ecb9239a,PAYc4ba06bdbd
ACC95ecb9239a,PAY5ed78c8cb5
ACC353ce0eb61,PAY81fb84f125
ACC353ce0eb61,PAYef9735dd9d
ACC102d36009d,PAY64a51e3759
ACC102d36009d,PAY6d7dd9648d
ACC4e0a41650a,PAY79c6d66542
ACC4e0a41650a,PAYa2efe7586c
ACC238f3d058b,PAY0bf2902500
ACC238f3d058b,PAYba676255ef
ACC0e2b60b6fb,PAY22021e7602
ACC61e9b49f9c,PAYecc469c0c1
ACC61e9b49f9c,PAYr8df0f5d925
ACCcf3a786fc4,PAYfcf39487qf5
ACCcf3a786fc4,PAYf899057d05
ACCce7a32da63,PAYbdee1eef4a
ACC4767711f3a,PAY52925b76d5
ACC4767711f3a,PAYd5144e8bb3
ACCfc533daa38,PAYdd5c47dbd
ACC0692d77da8,PAY80bwaae32a1
ACC0692d77da8,PAY0dfdf3c8c7
ACCee36da92b5,PAY6303650b902
ACCa6d8f63646,PAYfd6fe0000e
ACC637032f6f2,PAY35d205f3b0
ACC1a3c633262,PAYe1fcee7eed
ACC801e7d9dd9,PAYb585dafcaf
ACC801e7d9dd9,PAYeff6c6110f
ACC9e35987aa5,PAYc8867d1007
ACC9e35987aa5,PAYe6830483bb
ACC7d98e395ef,PAY37306608e7
ACCa21e2d1f7a,PAYfd9db3bda
ACC254f6f4eb3,PAYe21b837e9d
ACC254f6f4eb3,PAYd98adbc4fa
ACC0c72b9f764,PA9bf2e6f875
ACC01de80d0b2,PAYaee22085f7
ACC01de80d0b2,PAYd6ad279d86
ACC9079b9a55c,PAYbdd5987fe8
ACC955eeb2c50,PAYff37d81bd3
ACC955eeb2c50,PAY58ecaead0
ACCbffdc49231,PAY6d3b72fae7
ACCf3769e9b5f,PAYa7b5d447d
ACC07f9812a48,PAY4216ec020f
ACC07f9812a48,PAYcc23ab347
ACC3104d380e9,PAYbfe868db19
ACC3104d380e9,PAYc13902418
ACCe31e22df75,PAYaefc282628
ACC182b9222aa,PAY417f75346a
ACC182b9222aa,lPAYfeb2c7c690
ACCf3761dfd79,P9AY99665a9ab6
ACCe269592f2b,PAY59bb8c39f
ACCe269592f2b,PAYc0e6ba5bee
ACC6afd2bf1ed,PAY51a731b9b7b
ACC6afd2bf1ed,PAYf65479a61c
ACCde4e4bc2f3,PAYf318275d47
ACCde4e4bc2f3,PAYbb65ba4a01
ACC972f25d0a6,PAYfccdfc3f42
ACC972f25d0a6,PAY38524a957
ACCdfd304ea28,PAY9281fae2a8
ACCdfd304ea28,PAYa29j478d41c
ACCca09bce54a,PAY85afc2dd49
ACC382a09af84,PAYc2cdcdd786
ACC382a09af84,PAY1739f85eb2
ACCa4ad33ca15,PAY0373316982
ACCaead6d7a37,PAY697cb631ed
ACCaead6d7a37,PAY2f1a09891f
ACCbb02c1b39a,PAYa346d8c5bd
ACC50c927c076,PAY4a8y37f5a39
ACC50c927c076,PAYf6429deaaa
ACCec1de88597,PAY4f56b423dc
ACC97b275b56d,PAYa4oa4ffdf5d
ACC97b275b56d,PAY70daf7500e
ACCd5ad0de19e,PAY25a8731db4
ACC197c3a649d,PAYaee1bd0460
ACC197c3a649d,PAY99a64814d
ACC458a01d769,PAYa720e8ccfb
ACCd7a7c70f42,PAY94782151c0
ACCd7a7c70f42,PAYfae28fe62f
ACC2158aebad0,PYA5e291226f6
ACC7f56f27d59,PAY429b22e1c4
ACC7f56f27d59,PAYe6d45671a1
ACCc4f05bce22,PAY86eefbe2ea
ACCc4f05bce22,PAY9b56983b9e6
ACCa3918e57ae,PAYf4b801b61
ACCb373cefaa6,pAY4d1475a789
ACCb373cefaa6,PAY70cf8ce2ad
ACCa0d229d7dd,PAYb887d3eb96
ACC1e9c4bffa7,PAYc19ee4eecc
ACC1e9c4bffa7,AY356625cfb7
ACC8f686d5607,PAYd36346b5ef
ACC8f686d5607,PAYa36c13e541
ACC897247d17c,PAY75963757c3
ACC464daeba86,PAY6289326271
ACC464daeba86,PAYc8bc643c51d
ACCbaf6594a76,PAYebb62bb9f5
ACCbaf6594a76,PAY1a62770e25
ACC1def2287f8,PaY11a23cede5
ACCe2844eff04,PAYe05fdaf0f0
ACCe2844eff04,PAY81ce9c332c
ACC0acbda0a78,PAYa01293d358
ACC0acbda0a78,PAY913ebb347c
ACCce65cabdb9,PAY5146c09bad
ACC9fafb0d3e7,PAYaf4jc35e094
ACC9d60cfa52c,PAy2cb7d37567
ACC9de1b4d780,PAY5126e4794f
ACCa01eaeba7d,PAY7ea8909a1c
ACC7dbad6a0c5,PY4f37cd25c0
ACC7dbad6a0c5,PAY4104ae7676
ACC6f3b6b2eb4,PAY246dbf4046
ACC6f3b6b2eb4,PAY40bd12913d
ACC49576fd631,PAY5cc54e12d0
ACC66f3ae79f1,PAY28eb25c4f2
ACC99fe851fb4,PAY6704344563
ACC99fe851fb4,AY4fce458776
ACC17fc1803bf,PAYe81c4248d6
ACCd668d6cf98,PAYd63dd3099a
ACCfdbdcdd169,PAY029fc2de25
ACCfdbdcdd169,P1AY8aa020705d
ACC6750c1edba,ePAY1d502528e2
ACCbc98543bab,APYcf30df8a9b
ACCbc98543bab,PAY5db52ed5a1
ACC9267308f52,PAYd197b4f161
ACC83d1de3027,PAY6a3fb72113
ACC83d1de3027,PAY7af9571945
ACC0438f412d3,PAYccbda58e62
ACC0438f412d3,PAY84bea0be50
ACC6c093cae2d,PAYc177386cdf
ACCbf0fc83e27,PAYfd2ede5f8e
ACC098f181007,PAY4754b9e647
ACC098f181007,PAYedc177edb6
ACC5f0fbb3fa4,PA6Y177491076
ACC635d7d5da6,PAYd09271e08e
ACC132bf7c55f,PAY6f7c5d6959
ACCdc5246562d,PAaY7f39c21e54
ACCdc5246562d,PAY7e0c180d51
ACC54ec5873b2,PAYb89abf6dbc
ACC0182156cda,PAY356d2961d6
ACC50d22eeb2b,PAYf3ye4c240cf
ACC60d949afe5,PAYde6d7fe5F1
ACC60d949afe5,PAYde1717b4f8
ACC2e46f91b7d,PAYee990a5910
ACC2e46f91b7d,PAY96b5a13436
ACC3d47f08198,PAY18861eedbb
ACC402f7b8886,PAY9248d1d86c
ACC402f7b8886,PAY0457de4d4b
ACC081df2b705,PAYbg346c7de10
ACC24e374f3a0,PAY12ee8330c1
ACC24e374f3a0,PAYd253fb96b6
ACC7f43fbb119,PAYf1ed6ed3f4
ACC19b5f0048f,PAYdv535e6df42
ACCa5ffb90b4b,PAY58eada1f234
ACCa5ffb90b4b,PAY0bdbce08a7
ACC3e0d9171c4,PAY152087cfe8
ACC3e0d9171c4,PAY25be864126
ACC4e006cf643,PAYfe219c7ea0
ACC4e006cf643,PAY18e58a66f
ACC3cc19b6ab5,PAYa0b4806c815
ACC3cc19b6ab5,PAY57a06b56955
ACC8d9fcb88a8,PAY22176ed576
ACC8d9fcb88a8,PAY94031e0q928
ACCee839b4795,PAY022ee12f9e
ACCee839b4795,PAY073955d83
ACCa57b05e960,PYAb9b9fadc5e
ACCa57b05e960,PAY0ee45193dc
ACC067956635c,fPAYf3a7a8625b
ACC067956635c,PAY9ba61fe9954
ACC44799436fc,PAY9fe9d261e4
ACCbae987708d,PAYf5863481f1
ACCbae987708d,PxAYd356c82303
ACCb49e0b0d50,APY4d6eddd1c4
ACC3d327f76e9,PAYbe0969842e
ACC3d327f76e9,PAY8ca68444ed
ACC41fadf4a23,PAY3dfc6e077
ACC7636fb2170,PAY9c0c712ca3
ACC1a36630521,PAY97328738a
ACC1a36630521,PAY6369da6537
ACCf08a5c4d9b,PAY84a99440a5
ACCf08a5c4d9b,APY8a990f594d
ACC4667c32416,PAYab8eb23bd3
ACC187e6549ee,PAY8293cb5117
ACC614b7c5ae0,PAY7be2eabecd
ACC614b7c5ae0,AY2d5738d831
ACC9b7752cf6e,PAy5398749fa2
ACCfd0ae48d74,PAY7267aecbw78
ACC1699f43523,PAY0d10dd4f40
ACC1699f43523,PAY96ae1f61cc
ACC4cb4d721ee,PAY17b0c35b1f
ACC4cb4d721ee,pAYb1f3ebaaa3
ACCa84d58d732,PAY72732b4746
ACC9e1f787e12,PAY6e93b1b99c
ACC1f0c9dab38,PAYb2436ea849
ACC1f0c9dab38,PAY6a2ca3a9d5
ACCca923f0d06,PAY668b88d1b4
ACC288fe5d4e0,PAY6db8434b23
ACC288fe5d4e0,PAYf113ddbc50
ACCbded29964c,PAY49780f63F0
ACC2c58ccdb20,PAY7b55c8f4f6
ACC6c7971847c,PAY78121fa5e17
ACCea1e404065,PAY0116cc8737
ACCc86f53bc9f,PAY63b78247ea
ACCc86f53bc9f,PAYb7aa6b40bd
ACCb7966e83f8,PAYea555718d
ACCb7966e83f8,PAY4181c4655a
ACC3bb9e0db78,PAY41b2fe6a3c
ACCa769820d0b,PAY146fda9921
ACCa769820d0b,PAYb5d7d11dd
ACCabb3d05eaa,PAY20dee6c3e
ACCabb3d05eaa,PAYfaf588307a
ACC2ed88488af,APYf433ce785f
ACCf2025f444a,PA4e1518e2ad
ACC7e2765de05,PAY24a45c63bb
ACC7eb216e357,PAYf7bb851863
ACC7eb216e357,PAY56f412e0c3
ACCedd25fe4ac,PAY5894154315
ACCf020a75ad7,PAYb13b8e6f53
ACCf19129c778,PAYba15a3c0ee
ACCf19129c778,PAY12e6036ce1
ACC08aa8c52b8,PAY0d5d2fbc56
ACC08aa8c52b8,AYefd07abf16
ACC8b0c6bf69e,PAY470be7b755
ACC1d71168a0d,PAY54c163a067
ACC81f298d93f,PAYc78f9dd9f1
ACC35b6f8f316,PAYfa983ea2f7
ACC9f6491fada,PhAYebdedd848d
ACC9f6491fada,PAYb691d074c5
ACC8008cb5baa,AY1a40ddcbfb
ACC4c9635ad3a,PAY7a6deb73c7
ACC4c9635ad3a,PAYb12a001c3e
ACC21743011dd,PAY4f95d72379
ACC21743011dd,PAYc138899e6f
ACCb3567334de,PAYd3d53dc72c
ACCb3567334de,PAY8bB46f6e31
ACC9adc4019d5,PAYf416bb32e6
ACC9adc4019d5,PAY30ea6d0682
ACC68d6fca829,PAY745d36294d
ACC68d6fca829,PAYcfead9fdb4
ACC593949666d,PAY0410985f08
ACC7df9dde8d3,PAY9fb61dda96
ACC7df9dde8d3,PAYd347918dba
ACC69d584cab3,PAY64f868f348
ACC69d584cab3,PAYe343c949ea
ACC393a3fa3b4,PAYa832ef5a63
ACC19ab014690,PAY7d43101d42
ACC662668d6d0,PAYc7578e7d30
ACCdd60095726,PA1Y5613903f4
ACC4e7ed299cc,PAYae80cbfe8f
ACC4e7ed299cc,PAY9a506b1016
ACCc890e90718,PAY0d4fbcc463
ACCc890e90718,PAY856135ddf0
ACC96574e7d15,PAYb16a1f688d
ACC96574e7d15,PAYe69fc697c3
ACC099ed26613,PAY2cfdd19b6c
ACC43970ae477,PAY41bee50804
ACCaffeac7127,PAY673d4ea754
ACCaffeac7127,PAY187dc88ff12
ACC3a8be01da6,pAYac7be3f3fc
ACC3a8be01da6,PAY54d582029d
ACCb3c4afb98b,PAY9cc335d899
ACCa1c401552e,PAY219c4d9a8
ACCa1c401552e,PAY84b1d02e5d
ACC0bd8acabfe,PAY18c37w022b9
ACC0bd8acabfe,PAY0c02ce8d3C
ACC325ee8a161,PAY0f309d4584
ACCe94df45ce4,PAYc75fea9d4d
ACCf8c9bc8eb7,PAY048aa95242
ACCf8c9bc8eb7,PAY63aab09355
ACCd9fa6cd02a,PAYd0adbb9b58
ACC086603305e,PAYe2605a53b1
ACC086603305e,PAY769081ba4e
ACC58f5e13106,PAYd7de81686
ACC58f5e13106,PAY3810da8c11
ACC61c096da2c,PAYb99f71ba44
ACC2aad5d7532,PAYd902d04329
ACC2aad5d7532,PAYcc142b3407
ACC3c42b3b068,PAY8f98888537
ACCd0ae6c67cf,PAY3b93defce
ACCd0ae6c67cf,PAYac72ded5ad
ACC86060b396e,PAY502d75aba
ACC86060b396e,PAY485def63d
ACCd4ec858e2a,PAYfe30a4b482c
ACCd4ec858e2a,PAY7fdb64732f
ACCc57ba6bef4,PAYbcb6591a6e
ACCbeb688e565,PAYb70ccdb1c2
ACCbeb688e565,PAYcc1b28e9707
ACC6ec5e4eae3,PAYc89acb0498
ACC6ec5e4eae3,PAY2ede0e438a
ACC8ed58800ee,PAYff0843a9ba
ACCcc2a8a4f25,PAYb64832983e
ACCf5905fad30,PAYe73b9o34efe
ACCdf9d567f59,PAYe8f214e35f
ACCdf9d567f59,PAYde141b53ba
ACC6ddfccc2f2,PAY8124a48b8d
ACC99c4f6ce84,PAY4d86c82ab8
ACC8c82fd788f,cPAY16a85f5d9a
ACC8c82fd788f,PAYe65167778f
ACC37f72c6b1d,PAY6f049d3804
ACC8749972795,PAY49caa4aaf0
ACC8749972795,PAYc05a785629
ACC0de3d97ab7,PAYd322da80fb
ACC0de3d97ab7,PAY0a6a5a5a9d
ACC2f6a41ace6,PAY42eeeb7e07
ACC2f6a41ace6,PAY18a48a74e3
ACCd7776255fc,PAYa4i5aaea80c
ACCd7776255fc,PAY4b4bf72a61
ACCd043283904,PAY445f3d16a
ACCb5e6507d19,PAY55ad828e31
ACCb5e6507d19,PA1Y70cd69476
ACCd89875a662,PAY23788941ea
ACCd89875a662,PAYf9c6c6d7c2
ACC1a074b2711,PAYf26fcb5dda
ACC3a8c460f8b,PAy3d643e54d5
ACC3a8c460f8b,PAY8c10dbb4ea
ACCb699f16639,PAY8bae791c95
ACCe9bfb133f7,0PAYb049285f18
ACCe9bfb133f7,PAYf319fedd7f
ACC75645d2771,PAY98961f1091
ACC75645d2771,PAY73cdb0ef6ve
ACCe76f71b2fe,PAY4944d73c6c
ACCe76f71b2fe,PAY8825cce5be
ACC40afed0f67,PAYa828b5af1
ACC40afed0f67,7PAYbae7fd3555
ACC19318e4beb,PA2Yd9c7257cc2
ACC19318e4beb,PAYf6879dc71a
ACCdafb568963,PAY077a6fa0d6
ACCdafb568963,PAY011fab2a77
ACCe6c8e348e7,PAYb94c81f14f
ACCe6c8e348e7,PAY52d6ccf885c
ACC932cd2784e,PAYe4c73e4643
ACC932cd2784e,PAY6c187047f8
ACCad0a949470,PAYb30533b3b3
ACCbf3efeb361,PAYfb27bebfd3
ACC3147e57be6,PAYaf527e6f1
ACCb0b121bf5b,PAY5174eb0136
ACC0e460f7d47,PAY4653adf9fb
ACC4c7015bfed,PAY65faf9c1bc6
ACC4c7015bfed,PA78ac349d26
ACC92473234c1,PAY9a1b05892d
ACC3b1c4857c6,PAYd1ef5ebf4a
ACC9743e7daea,PAY295d57a98a
ACC9743e7daea,PAY51f36401d3
ACC491f071f40,PAY0dfa83befd
ACC491f071f40,PAY27eb4f8509
ACCbf6437550c,PAY50595da7hdf
ACC7dcbc5c615,PAY3f5ed5a1a
ACC8d175cf2b4,PAYc28e308f56
ACCdf3f669948,PAY9427254d3a
ACC46d71e1a61,PAYbf8d45d75d
ACCd5ca5f4b44,PAy2a993ccf82
ACC1a14be5023,PAYbcc8524a41
ACCf4b7628641,PaY356ac2640c
ACCf4b7628641,PAYf350ce4828
ACC2adfbf1ae4,PAYd3ded398af
ACC2adfbf1ae4,PAYb7753a6642a
ACC4a528bd156,PAYa0583ddb2d7
ACCee0a5e0112,PAY418ce9a540
ACC09c0ead736,PAYcd8e9b89a2
ACC09c0ead736,PgAY206428d6f4
ACC8305963717,PAYd8ca8d043
ACC8305963717,PAYdbdz39291f9
ACC0c79506433,PAY8c6g0bfca69
ACC38f6b8ffe4,PAY17ef2b035b
ACC4f31ad41dc,PAY8f9a494819
ACC4f31ad41dc,PAYad9c15a1f8
ACC2bad6c06f5,PAYbc5eea8ddd
ACC2bad6c06f5,PAY9e748f6500
ACCc0bff11f6b,PAYd2a13ecf579
ACC3789075568,PAY3e66c5ffb5
ACC937d639fb1,PAYa913ff1ad6c
ACC937d639fb1,PAYb5830cdbd8
ACCb403ac10ea,PAYbcd07e50e
ACCb403ac10ea,PYAbab06d7fa0
ACC48b7fdf5c6,PAY186d9ddd39
ACC4d072a2af0,PAY7bbb1d09b5
ACC4d072a2af0,PAYb23b6e73c6
ACCc7eaff522e,PAYe03944c8f3
ACCa7c05a5ffe,PAYb68725a304
ACC24f4dc4c02,PAYf2a361ae75
ACC24f4dc4c02,PYAc0b569fc39
ACC932ba54693,PAY29cc0fE70a
ACC932ba54693,PAY87bd7e881f
ACC8819618c75,PAYc5c05099b
ACC6c3d714425,PAYc6d179061f
ACC6c3d714425,PAYfdca2b0de5
ACC02fc2a954b,PAYd9775ffe28
ACC02fc2a954b,PAYb823ebe741
ACCc3fea2ff17,PAYdf1c05e3d6
ACCf096649026,PAYc9d6313da1
ACCf096649026,PAYeb584134a
ACCc6cf535754,PAY6049477990
ACCe02d6cec4e,PAYf2729441ba
ACCe02d6cec4e,PAY80bf37ebe4
ACC4603b24276,PAYa0c9e6e4c7
ACC4603b24276,PAYa1b9ab9fb
ACC371ca55923,PAYdacebfe85e
ACC371ca55923,PAY5e268e9ff2
ACC323a168603,PAY217cac1cbd
ACCcbee82bfe3,PAY796b327c30
ACC34070d363a,PAYd357564df7
ACC34070d363a,PAYf7cf3f98F5
ACC8f40c7c285,PaY8d93b9f28d
ACC6b0ddc379f,PAY82c06e4b4e
ACC1237faee77,PAY2e772264e8
ACC1237faee77,PA3Ybedb99110
ACCbbddec9744,PAYcca9f26bac
ACCbbddec9744,PAY51a6609e5
ACCdfe7fd09b6,PAY8246bbe7b9
ACCf758ff6dd0,PAYc554f71faf
ACC60d9fe2c54,PAY7f0e50c27f
ACCb506d0db50,PAYE619dea070
ACC4648b19e8e,PAY2668622625
ACC4648b19e8e,PAY817a2a6644
ACC01f788999d,PAY0ceee83d298
ACC01f788999d,PAYf5343992f2
ACC86fa6c58cd,PAYb85tf0f6f14
ACCf3c78f8c98,PAY6d9ab14ae1
ACCf3c78f8c98,PAYe02da4c193
ACCe3fe982811,PAYa50ct696623
ACCe3fe982811,PAY2777083c58
ACC68b163ee1c,PAY5d9830bfcf
ACC68b163ee1c,PAY39150b8549
ACC189db75530,PAY6d89a5ffc2
ACC189db75530,PAY7a7d47a6e5
ACCe38312a639,PAY300b8f95fd
ACCe38312a639,PAY871a87db00
ACCb2cdea8c0f,PAYde249c0660
ACCb2cdea8c0f,PAY3eDf961d2f
ACCf7aa6b81b3,PAY600b0c5bbb
ACCf7aa6b81b3,PAYe9aaa05337
ACC1b6b9ba7e9,PAYfdc4945d98
ACC26417036f8,PAYf2f4158f69
ACC26417036f8,P4AYf22ad4e860
ACC513699e058,PAY64bdcee549
ACC513699e058,PAY073644fac0
ACC7c4fcafdac,PAY1abd8df73d
ACC2115208eb6,PAYb50b528b79
ACC12ae29ef9b,PAY5786de5632
ACC12ae29ef9b,PAYffb457f21c
ACC4ba8c19d35,PAY0fe2a08835
ACC6f692a057e,PAY620d02d4cd
ACC6f692a057e,PAY516cac8763
ACC5f7aca6d93,PAY352437a882
ACC754db44ed2,PAY24b8e1C62e
ACC5a24df7842,PAYbca8a5b414
ACC5a24df7842,PAYd00514b3ed
ACCc7fa63beb8,PAY3c0234c354
ACCc7fa63beb8,PAYc069f23f58
ACC2ca74ce130,PAY9512e9b07
ACC2ca74ce130,PAY653e3b81d
ACC8fd178eb9a,PAY3a574aee7
ACC8fd178eb9a,PAY12772e774
ACC3f8530c8a2,PAYb37960c73e
ACC3f8530c8a2,PAYf93a0caaf0
ACCbdd3146711,PAYbdad482718
ACC6fccae9351,PAY369aeb88b5
ACC6fccae9351,PAY2h68cfd76a6
ACCd256e91d19,PAY99a881a2a7
ACC1ef11f83d1,PAYfeac989f66
ACC5895127f06,AY141f0962ad
ACC982b0492d6,PAY7e08968bfc
ACC982b0492d6,PAY31cb8fc64e
ACCa36a73921d,PAYa259b6ee6a
ACCf7311e58ea,PAY2df7585957
ACCccddfd6379,PAYd781bf3391
ACC11fc6d0ab6,PAYada719f00c
ACC11fc6d0ab6,PAYba8c1831bb
ACC98af68827e,PAY22feb103db
ACC98af68827e,PAY2bf076fa1e
ACC745d8fa808,PAY5b366916e1
ACC745d8fa808,PAYea0bac19bf
ACCcea4918239,PAYf6a6eb94c7
ACCcea4918239,PAYafe7c6f2a8
ACC07a5f78967,PAYc5ab120143
ACCfb1009c0fa,PAY0D463dfd58
ACCfb1009c0fa,PAYad7886aed7
ACC9820fa67af,PAYb629f0bfc2
ACC2e678fa735,PAY71d0a25972
ACC2e678fa735,PAYa0d665d59c
ACCb304933c79,PAYcd14e0973d
ACCdd61190e44,PAY24f666dd8f
ACCdd61190e44,PAY9fcf99da81
ACCcafe2f217e,PAYfa8d613edf
ACCeab1d25019,PAY2aff065e73
ACCeab1d25019,PAY90232f8f3d
ACC7f8274d4e3,PAfd42626f0c
ACC7f8274d4e3,PAYdd1e7a6b53a
ACC9bc0842c97,PAY26befac0e9
ACC9bc0842c97,PAY1de51bca97
ACC3848fb593a,PAY0e98c6d5c4
ACC3848fb593a,PAY238f43f8b28
ACC1207af410b,PAY5c0e3f046p0
ACC598949a3c2,AY7679b4d008
ACC598949a3c2,PAY8c82d36Dfd
ACC6f2ce6af71,PAY633d055998
ACCc8592daf23,PAY16c7516189
ACC6320e642bc,PAY532402d1cf
ACC4147a3aa21,PAY9f8f225f4
ACCb942af4582,PAYc2c785eaeb
ACCad18a44f85,PAYae55f9017c
ACCad18a44f85,PAY0d2d90cw6f3
ACCbddadfbe26,PAY0e0a94e012
ACCbddadfbe26,PnAYc5dd07bdb2
ACC6615558dc3,PAY2a857603cf
ACC6615558dc3,PAY950709bf8e
ACCfb53212c34,PAY90be75e55a
ACCdbba72510b,PaY5a90778b70
ACCdbba72510b,PAY8522e067ec
ACC81d1a48922,PA847e0f9adf
ACC8c8a8653fd,PAYf9a604ee16
ACC46081a0281,PAYd2d6278adf
ACC46081a0281,PAY1c652f94d8
ACC55d4724670,PAYae4a156ddd
ACC55d4724670,PAY7c0f02c4b2
ACC01aecb4028,PAYd3200b6fbf
ACC01aecb4028,PAYc0be894890
ACC1690a193fc,PAYf918548412
ACC31c2916cac,PAY1a77b23267
ACC31c2916cac,PAY9519a0bb50
ACC2e4d161d4b,PAY1e09fc5df5
ACC2e4d161d4b,PAyc2561d27cc
ACC52e7220834,PAY0d45abb0aa
ACC52e7220834,PAY9089bbac8f
ACC26797800a4,PAY7903aecfec
ACC26797800a4,PAY72a7c8c43d
ACC4b86301edf,PAYcedb57cf55
ACC4b86301edf,PaY6501badd31
ACC8cfcdebfe0,PAYc4c3b9ef97
ACC8cfcdebfe0,PAYf0b29f419d
ACC8c7d460f3c,PAY6cbad1619a
ACC99e7557cd9,PAYcc428c2319
ACC42c46da59c,PAY09805bda2f
ACC2195fd9fbb,PAYd73af1c936
ACC2195fd9fbb,PA1Y0604e3abb
ACCdab8e64668,PAY7d3c5d011b
ACCdab8e64668,PAY5604540410
ACC3eb484b126,PAYba854d8b80
ACCc9a58d6bbc,PAY46d9b0bc6b
ACCc9a58d6bbc,PAY3bc226cb11
ACCa02d2bc745,PAY50d444cfc4
ACCa02d2bc745,PAYe026d84112
ACCb32550fefa,PAY3b678339e7
ACCb32550fefa,gPAYb66b8f784f
ACC5ddbaab9ff,PAY9025651590
ACC5ddbaab9ff,PAY06fc2056aa
ACCe2a144907b,PAYad594036e
ACC1ac760ebe1,PAY31a6430bb9
ACC663f2dd56e,PAY914e4dc292
ACC40c4569c71,PArYb1ac9ce3ab
ACC40c4569c71,PYc987dff7d6
ACC2bc7f377a8,PAY8c5fe0f105
ACC2bc7f377a8,PAyYeeac1c97c4
ACC74d57cff9c,PApYa1d0391d19
ACC74d57cff9c,PAY725029fe6
ACC296caf5196,PAY3f2b6f1027
ACC296caf5196,PAYec1f2ccd80
ACC594e42e55c,PAYd44f4261c75
ACC594e42e55c,PAY36e2c930ve4
ACCd2081c764a,PAYc743256e73
ACCd2081c764a,PAYFd56dffecb
ACC422804cc72,PAYee835911a0
ACC422804cc72,APY1af224eeb8
ACC0596e3a06b,PAYbad0c60871
ACC0596e3a06b,PAY9f7cdd16a5
ACC03bcea445d,PAY7dd4ad8fcf
ACC1f2ee6443b,PAY4b84ae16b5
ACC1f2ee6443b,PAY98489f7c6d
ACC109b5e7316,PAY556df8e7c3
ACCfa66a76e3f,PAYa397eb7231
ACC0b7545d3b5,PAYd868e1cc38f
ACC01d66f1f27,PAY768820120f
ACC01d66f1f27,PAY85eac95647
ACC12d8c9ab08,PAY6e4be128d8
ACC12d8c9ab08,PAYfea5cc7e228
ACCcac1f153a0,PAY42cB91ab27
ACCcac1f153a0,PAY2116bf2041
ACC54a60671d3,PAYc1u369c8480
ACC2c67b13267,PAYa76e29f468
ACC2c67b13267,PAYa40c2d4513
ACCbebdb3c70f,PAY1436d8f370
ACC98f83fecc5,PAYd8a40522c
ACC98cb426774,PAY1a21031774
ACCf98afa6d61,PAYef64ced233
ACCf98afa6d61,PAYeb57c63fb2
ACC4533e9ee20,PAYbb2611123
ACCaee9b5158c,PAY29229b13cf
ACCaee9b5158c,PAY69690g0de97
ACC52f9e23387,PAY6133e2163f
ACC75179bcfc4,PAYfd86f0857
ACC7418ab5b7b,PAY1ef05a2812
ACC58d255df6e,AY09fbb82ed4
ACCe61fd8376a,PAYd9c811f35
ACC9a67a06da5,PAYc69e108f7d
ACC9a67a06da5,PAY0aed6998ac
ACCc4415105c9,PAYf0b61108157
ACCc4415105c9,pAYc0086da9ab
ACC5a5cab9465,PAY773fdaaf28
ACC0876b35429,PAY74f290733c
ACC0876b35429,PAY2536f06ee4
ACC7dc6308c27,PAY73d843cba2
ACC023059791d,PAYa80208c5cf
ACCa2032cbab8,PAYeed9400a46
ACCa2032cbab8,PAYc34baf301c
ACC59992b581d,PAY9b1460773d
ACC59992b581d,PAY8f44213c20
ACCe5fbf2654d,PAYf4597c774b
ACCe5fbf2654d,PAYf10bf41e8e
ACCc3345deedd,PAY633b665B59
ACCc3345deedd,PAYde2db8ae54
ACC95cdd99d84,PAY053693b742
ACC46a6ee6346,PAYd37db4d308
ACC46a6ee6346,PAY2bb5281bd6
ACC21baf78c9e,zPAY61d26d51fb
ACC2dfaf9bc3e,PAYa71b30347b
ACC438b619a1b,PAYc5afd8d1b1
ACC438b619a1b,PAY88ae63414e
ACCa60cdbf178,PAYfb3d94925a
ACCa60cdbf178,PAY3592a27189
ACCfa46309f50,PAY897a677acb
ACCfa46309f50,PAYe1a97cf305
ACC8b5430bce5,PwAY2f958a0589
ACC267ad59f45,PAYec1fddc696
ACC267ad59f45,PAybf52e5439c
ACC3402f77690,PAY23a358dfdb
ACC4df9c88413,PAY6d03be0342
ACCf2004c292d,PAYd6c9ef0954
ACCf2004c292d,PAY35eea726a3
ACC719ca77948,PAY20c5b396a0
ACC719ca77948,PYA9ec4d23963
ACCf9d98ec55a,PAY3d29d2cb7c
ACC2d622ecf54,PAY74a37c88bb
ACCe56076b585,PAYe1d4d9af6c
ACC99edc813f2,PAYe0bc5e34f
ACC2d02fd5129,PAY6cc5b2203
ACCe7d2cec563,PAY18db8a4pf65
ACCe7d2cec563,PAY663da0d56c
ACCc6516cc228,PAYc0dd335c4f
ACCc6516cc228,PYA6b94011ea1
ACCf24a97a7e8,PAY79c08db0ab
ACC9f672ca49a,PAY8f14b80c44
ACC9f672ca49a,PAYca2f8c2f1
ACCf38b93b3c4,PAY9e3a709fai7
ACC8257831801,PAYf6b12d12db
ACCfe9ccda8f4,PA3Y7d0f35a9b
ACCfe9ccda8f4,APYa4c8ffc74a
ACC8b5ab117be,PAY171c1a03d2
ACC8b5ab117be,PAYffb0727c15
ACCe212750eaf,PAY6950137b07
ACC32add52bae,PAY6a435c3278
ACC3b663d2144,PAY07622d2699
ACCf6b0ea28a2,PAYc4555kc8dc1
ACCf6b0ea28a2,PAYq10e80ed58f
ACC90210d77f3,PAY5276636f5f
ACC90210d77f3,PAY3b4411853a
ACC84bc70639c,PAY352295b25b
ACC84bc70639c,PAY4fb5d120cd
ACC0de56bb907,PAYbd03904186
ACC0de56bb907,PAY897f003ec1
ACC0987788025,PAY803ff07768
ACC1dd89970b5,PAYa0b4d993eb
ACC1dd89970b5,PAYaa08ffac3c
ACC8f65f11501,PAYd86d9edb5c
ACC8f65f11501,PAYca47f56a61
ACC6a9ad133ab,PAy391326a528
ACC6a9ad133ab,PA0Y4269358e2
ACC5ef17ddf6e,PAYcc0accb784
ACC5ef17ddf6e,PAa51049cb11
ACC39c65a41e3,PAY7ded4f0a16
ACC2d63d2656f,PAY0565c57104a
ACC0f401e7045,PAYb9486490df
ACCf96bf1ff9c,PAY6c0bbf93b3
ACC49afe20804,PAYe16e6a9d17
ACC62bb20d3a8,PAYe63bd46611
ACC225c13fcc6,PAY9d6db5d32d
ACCefdf696b5d,PAvY1d56ce5cfb
ACCefdf696b5d,PAYcd99772364
ACC9d4428ad73,APYc01baf8d57
ACC9d4428ad73,PAYdc2d785dfe
ACC76d18d1eb0,PAYe866e16b79
ACC76d18d1eb0,PAY8d4467c01e
ACC28f011f11b,PAYa337122673
ACCbcd7c73425,PAY7ddf5b29865
ACCe23224b1eb,PAY9ce0b65e90
ACCe23224b1eb,PAYa378lad3686
ACC734a5b441f,PAYc45b9fb968
ACC65c034a9de,PAYb878ca34b0
ACCaf4661081a,PAY46b57a9fbf
ACC43371c72a3,PAYbf0317e8f3
ACC3c2f4cf02b,PAYfb0a4c1887
ACC66a8850958,PAY41e502839f
ACC66a8850958,PAYdDb5a137ee
ACC2e59cc03ff,PAY6bd18b1e40f
ACC68ded7eb59,PAYb0034e8605
ACC68ded7eb59,PAY4ab11ae2c3
ACCda8a897be6,0PAY80bc001c15
ACCda8a897be6,PAYd2aa1665ac
ACC8eeb053609,PAYae88b75eb
ACC449afa3206,PAY48b954181a
ACC1f8d7866c8,PAY4e55095b03
ACC1f8d7866c8,PAYd5a34a3aa2
ACC15114221b4,PAY810b3a1151
ACC2dc6bae4c6,PAY51271e4c82
ACC2dc6bae4c6,PAYc8a5191c9c
ACC62d7954680,PAYf32c01c1d7
ACC96a0520ab0,PY5fe34461bb
ACC99fb183cf9,PAYa4f09f6cca
ACC99fb183cf9,PAYc96b20c973
ACC80f1d93bbc,PAY744b3aad0d
ACC970a146c75,PAYcade740dd8
ACC970a146c75,PAY4199cd91bf
ACCc79e34376f,PAYdfe11eb323
ACCceba3c8616,PAY69257fd3d9
ACCceba3c8616,PAY5cea732a6
ACC3cdb71deca,PAY1fece9ad65c
ACCea54e739f1,PAYa354e5c908
ACCbfe4b0ace5,PAY0b9a5a4abe
ACCd7bdc8879f,PAyc40e93d238
ACCd7bdc8879f,PAYe669810052
ACCaa0d9a8d3a,PAY543ba2a326
ACCb47a5a3c49,PA10c55eb2c8
ACCb47a5a3c49,PAbf6169d85e
ACCdfb2ffbf2f,PAYa598477ad
ACC2edbd20080,PAY97766114c
ACCfc465e0320,PAY34a650dec3
ACCf05f1bc86b,PAYec24c0952c
ACCf05f1bc86b,PAYfc9fbdb6bd
ACCf3d4988535,PAY5f99bf33c
ACC7214b5b363,PAY0dd9c0a79c
ACCff6f694ea3,PAYbf3b574115
ACCd67a467e45,PAY7ac7682f14
ACCf57dc6f803,PAY1ed4924e21
ACCea56881231,PAYd2b3f51ddb
ACCea56881231,PAdbcee5928b
ACC469402e1f3,PAY271f841d9c
ACC469402e1f3,PAYa1760c4f49
ACC9d2c40bfdf,PAY655043337a
ACC9d2c40bfdf,PAYedbbf11c8f
ACC8806b54645,PAY82a678632f
ACC8806b54645,PAY630ab88286
ACC168631e5a4,PAYEe2d9a8363
ACC168631e5a4,PYA17ce8c9d63
ACC75732f2956,PAYcdff6edca
ACC75732f2956,PAY9bcb8c598c
ACC3108ba8627,PAY3c569581f5
ACC3108ba8627,PAY1f74f43366
ACCfebf78d824,PAYc0c0238926
ACCfebf78d824,PAYf59522b1cd
ACCa3d519ca2b,PAYe0ebb7a03d
ACCa3d519ca2b,PAY6906fdcFdc
ACC1c370e411e,PAY1842cc1b79
ACC1c370e411e,PAYdc408d7ca5
ACC478a52374b,PAYb5a4773b1a
ACC478a52374b,PAY8b28e13321
ACCaebb0d486d,PAY07d979cb2
ACCc6b3632d01,PAYbf6273a27d
ACC29725160e8,PAYfd5aab0g799
ACC29725160e8,PAYb5918ebcc4
ACC0a469adcdc,PYAf38a582183
ACC0a469adcdc,PAY0d74aee08f
ACCdae6d1f342,PAYd70982444f
ACCdae6d1f342,PAY115ec5ee12
ACC2bceb8d553,PAY9aa01632b4
ACC9233b42d5b,PAY79a4c0cc0
ACC9233b42d5b,PAYfad1878371
ACCc2344bf978,PAY3fcf5210d1
ACCc2344bf978,PAYd98d7f51ad
ACC1f18f46b90,PAYab29adcc39
ACC1f18f46b90,PAYcdd6b26dc5
ACCa357b86e99,PAYfcc76970f7
ACCa357b86e99,PAYafb29d96d9
ACC0c2366fdbf,PAYc48f82a709
ACC0c2366fdbf,PAY1051a5a8a9
ACC106c07d7a4,PAYdc02c47c93
ACC106c07d7a4,PAYce75g695e35
ACC4ee1cf63ed,PAYdbaecc68f9
ACC9e9fc0e5fc,PAY8004fbed74
ACC9e9fc0e5fc,PAY4e3g29a1e0b
ACC8f0a417b24,PAYd837f1972c
ACC8f0a417b24,PAY173288120a
ACC55311f1684,PAYcafat00764f
ACC55311f1684,PAY203e5fc80f
ACC53cd44f7d7,PAY15982752c1
ACCf6e02eeccf,PAY8ba28ed77a
ACC439ace6b1d,PAY1ced693c5c
ACC439ace6b1d,PAY7fb01f64d
ACC1af92254f3,PAYd102ad2e01
ACC1af92254f3,PAYbbc874a5bf
ACCf5a8883a07,PAY2652255f05
ACCa1acf4fb3a,PAY5a3426fbeb
ACC501321cacf,AYd1da88175b
ACC9706885a54,PAYcd98ed5796
ACC4a040072d2,PAY52d5592cec
ACC840da73d07,PAY438558e002
ACC840da73d07,PAYb020406663
ACC853bbbd8ad,PAY60d2806b79
ACC853bbbd8ad,PAYab88abfd43
ACC7d221198a4,PAY18589de5d
ACC7d221198a4,PAYc98d3a9352
ACCebe6455a30,APY814d91d3fa
ACCd8481fdbf1,PAYcc47778281
ACCd8481fdbf1,PAY14ec7da938
ACCf841522bf0,PAY439080b0f3
ACCf841522bf0,PAY6cb4ce2784
ACC67aabbea2f,PAY95i59e167ff
ACCf186c6134f,PAYfd7733b84c
ACCd7bb06170e,PAY459104e4de
ACCfa2941bc68,PAYbc0e1fc8d1
ACCbcee9c1b19,APY2f2000e94b
ACC12bac8e0a1,PAYe2952c2536
ACC204a50872d,PAY17130c2d33
ACCa44f7c2726,PAY01c902869e
ACCae06ca66e2,PAY9ce78aced
ACCae06ca66e2,PAYb6a1e7d4f8
ACCec9ef947f0,PAYf05447f5c3
ACCec9ef947f0,PAY1f54479762
ACC546fc0be0f,PAYaa3d3b8c35
ACC4740df950c,PAY9a6346590c
ACC499129008f,PAY088a51b715
ACC499129008f,PAY595bee96f
ACC2188facfb1,PAY110054879e
ACCd9b8db8e06,PAY145bd189f2
ACCc1174f1cfb,PAY15f4db1843
ACCc1174f1cfb,PAY85b1a5b436
ACC6ed796bbdc,PAY72b012fe5
ACC77433b2694,PAY5b3963567ac
ACC77433b2694,PAd8bbd0e296
ACCa4b9712c5b,PAYdfa68c2b93
ACC910ae298df,PAYc1dc84715
ACC910ae298df,PAY7f5977540e
ACCfa01ad38dd,PAY240b95ea5g8
ACCfa01ad38dd,PAa556ff56b8
ACC34cd8dac7a,PAY506b6df2dc
ACC34cd8dac7a,PAY620g34a1b0a
ACCebd7a2189f,PAY8e9a00dfb6
ACC107026ba19,PAYc1367a7D0b
ACC107026ba19,PAYd39fe7a5bc
ACCc92ca1f0fb,PAY879a14e81c
ACCc92ca1f0fb,PAYf6b6593108
ACC85a25a6961,PAeY100c7177a
ACC85a25a6961,AYb0caedabc3
ACC007f2cd31e,PAY79ac584bbe
ACC007f2cd31e,PAYe307ab4a04
ACC3a29cf056e,PAY71e85cc014
ACC3a29cf056e,PAY4041ec06d4
ACCb47c480d48,PAYfc9c42322a
ACCadf1e09b80,PAYdc2626708e
ACC269fb1f435,PAYea9e90ccc
ACCfa1c093670,PAYeabffcb83d
ACCd10e7fb951,PAYc25c847de9
ACCd10e7fb951,PAYe71922b381
ACCa94df0614f,PAY76c6cfdf46
ACCa94df0614f,PA0Y7dcccf88a
ACCf020a0b052,PAYb1023eefa9
ACCf020a0b052,PAY999995defe
ACCf4316558d8,PAyba3f13eb61
ACCf4316558d8,PAYbf8a1df139
ACC84555c5afb,PAY15a9488199
ACC84555c5afb,PAY8706986728
ACCff23c7a98b,PAYdee2adfbf6
ACC1296a436de,pAYc109f3d407
ACC1296a436de,PAY69e11685a
ACC8715b6de32,PAYd307326c96
ACC8715b6de32,PAYd02ab81855
ACC4cd5682785,PAY16bed29ee9
ACC3fa5681a72,PAY1a2d4b0ca9b
ACC3fa5681a72,PAY62200ac141
ACC291b85884a,PAyf3c04312d9
ACC291b85884a,PAY21a54389c8
ACCcc6c8fc654,PAYf9451606f4
ACC686f4d1bd6,PAY11637a7098
ACC686f4d1bd6,PAY88f5c132e1
ACC0841415ed5,PiAYcc1dc69b2c
ACC8a5e1207f6,PAY572a2c7bf5
ACC8a5e1207f6,PAY5a2c3caa97
ACC4d7cdee57a,PAYfe41993e64
ACC47dc1501b8,PAY2af6b04a93
ACCae1d831940,PAY057aCcb947
ACCae1d831940,PAY583cc45cba
ACCb7dedc14c7,PAy53c4287bf0
ACC4c0e20b4d5,PAYc0b32372d2
ACC8b27c127e0,PAYb8ceefdd12
ACC8b27c127e0,PAYa8b996351
ACC6b41b53624,PAY0fb852ae8c
ACC6b41b53624,PAYd477d2775
ACC1f913bcebd,PaYfedaa0486b
ACC1f913bcebd,PA8Ybd83e2854
ACC5bf5fe177c,PAY438a9adf6e
ACCf98e5080fb,PAYc18eb1bc3a
ACCf98e5080fb,PAY35c4b48eb1
ACC8eddcc73b2,PAY95e64eb1b7
ACC8eddcc73b2,PAY958884f00a
ACCd9a8bfe358,PAY2aa3cf71b4
ACCb97d375e9b,PAYe4fb3219df
ACCf9219cbe61,PAY122e0bb965
ACCf9219cbe61,PAY9d54c5ab7E
ACC8da5242854,PAYfbdc68896a
ACC4840fb6f8e,PAYf8c5e884a4
ACC4840fb6f8e,PAYc320e8b8b5
ACCc54a065209,PAYfe6682d632
ACCc54a065209,PAY2f048fa74f
ACC631c8ab948,PAY6d7d7d821
ACC631c8ab948,PAY8bd7e5ebc3
ACC11d1ca70e8,PaYccf51368d8
ACC61ed693bab,oPAY92292886fb
ACCd549f9099e,APY36468d659b
ACCd549f9099e,PAY4efc3d2930
ACC3324399f7d,PAYd8f85b2ce0
ACC3ef84b1c8a,PAYd4464e1956
ACC3ef84b1c8a,PAYd40d23c9d0
ACC97b82c8db3,PAY93e9cb6077
ACC0dbbbc8919,PAY4332364260
ACC88e0c06527,PAY940e173397
ACCe181257ce0,PAY1591b81f56
ACCe181257ce0,PAY3ba6f0f96
ACCf394d7221c,PAY9ff0a2a29f8
ACCf394d7221c,PAY97bacd4509
ACC31d73e46d4,PAY1e8c1b86a
ACC18b228538b,PAY309e2ecac4
ACC18b228538b,PAY93b1584bd
ACCc18e76ceeb,PAY444a6cbf23
ACCb13f02a550,APYd33eec794a
ACCb13f02a550,PYf221e22d96
ACC20216eb217,PAY54298b5ec19
ACC80b763d01e,PApY93873009de
ACC00e859d0be,PAY7509db4f89
ACC00e859d0be,pAYaec213f9c7
ACC5178f446bf,PAY80691dec5b
ACCfe8ecb9820,PAY71d9bad0e0
ACCfe8ecb9820,PAYfa62cfe519
ACC1c60d08089,PAY55d26b2838
ACC31ca5e993e,PAYe460fe9a96
ACCb0ca9bd4ef,PAY240a1f791e
ACCb0ca9bd4ef,PAYbeb04f671
ACC390a018344,PAY31da61bb7c
ACC4b973b8c06,APY5b2030b825
ACC4b973b8c06,PAYfc744464b9
ACC2f21227498,PAYbd10351ee4
ACC2f21227498,PAY2rf265cd1cd
ACC9ded47c74f,PAY85e087f28f
ACCb228e3faac,PAY3320e95ba2
ACCb228e3faac,PAYa94a4ef57e
ACC2d73cf79d7,PAY653d1f2b9n6
ACC7f57ccc773,PAfY5192b140f
ACCa11cb40419,PAYb825c14a7f
ACCa11cb40419,PAYda80be9cab
ACCaefa4988c2,PAY9a908ae309
ACCaefa4988c2,PAY8e8c61cc21
ACCb939a9cef2,PAYe23b715act1
ACC890e56493f,PAY188e57fac
ACC890e56493f,PAY17c153c478
ACCdce67e22bd,iPAY84da4394ab
ACCdce67e22bd,PAY6326da1eba
ACC6a8c05ea13,PAYc8e369f7db
ACC6a8c05ea13,PAY5aa9a565b2
ACC864f047585,pAY010f3c9f76
ACC864f047585,PAYea894f2ded
ACC20b2df635d,PAY5faFa3dc2b
ACCe6e9362845,PAY91825d7b99
ACCa4539ef4ca,PAY51a44a0fba
ACCa4539ef4ca,PAY6fa1bec7b0
ACC313b808138,PAYea3cfeefa
ACC313b808138,PAYe36b23e1a
ACCdcc05267e2,PAYa9446c1553
ACCdcc05267e2,PAY6808b26f92
ACC1b4b03b8f2,PAY4a2b934132
ACC1b4b03b8f2,PAYfec27997d2
ACCdaf87b3da6,PAYbfE6792bcd
ACCd6d7fc6944,PAYa53f70630d
ACCd6d7fc6944,PAYe0fe04676d
ACC4148cfecf2,PAY18c393e3af
ACC4148cfecf2,PAYff4dfdfd25
ACC8296c40796,PA26c0295b24
ACC11595e69f2,PAYf8ca3d4fef
ACC3ac18e6c0d,PAY930ffb0195
ACC2d81f0b094,PAY88i29261064
ACC2d81f0b094,PAYddaac02b2c
ACC6fe39b071a,PAY2737220f16
ACC85279cc5c7,PAY77ba029f68
ACC88f8451b3b,PAYa1d3e46768
ACC8245b735db,PAY909636b4126
ACC8245b735db,PAYb17e2c642f
ACC25236f8770,PAYb0afa9c1d7
ACCee1f2ba632,PAYd3129145b6
ACCee1f2ba632,PAYa55a841cf4
ACC24982cc5a5,PAYa5ddb270e
ACCec0f101a8f,PAY6be227aebf
ACC866c80c3fc,PAY6c28dc90e5
ACCc8180450d2,PAY8c450537db
ACCc8180450d2,PAYc013d33ddb
ACCd66e10f24e,PAYao6be98675a
ACC2b046da787,PAYedbb8wbbc4c
ACC2b046da787,PApY40a38deff2
ACC7c148a48b4,PAYdf37e87ab1
ACC1bc3d537cb,PAY2a32d7f748
ACC1bc3d537cb,PAY1378ea86b1
ACCa2ca4fcd2a,PA0Y8c6cc7aaf
ACCa2ca4fcd2a,PAYcd7d0ed59a
ACCcbb115f203,PAY8fc7e8a56
ACCcbb115f203,PAY1A2a2df5ef
ACC7230b523b2,PAy357f12cdc7
ACC734e0bb479,PA1Y623e464e5
ACC734e0bb479,PAY60d1625721
ACC7c9ad70942,PAYedee68c6f1
ACC68e0c9ae8e,PAY5c3d6fdf6
ACCc901d449df,PAY0f898108ca
ACC92a2318a2b,PAeYea4216a9d
ACCb26557abc5,PA7Yd6774d412
ACCaca46151cf,PAY23ea25bB79
ACCaca46151cf,PAY9b56402543
ACC81d0166336,PAY23e2e8ac17
ACC81d0166336,PAY3b022fc277
ACC5a094e71fb,PAYbaaeb55056
ACC450a4151ae,PAY9925b20578
ACC7373e1cfd3,PAY18ea50ae5b
ACCfa03d126af,PAY50de72998
ACC9b8434fc9d,PAY07af6196f8
ACC9b8434fc9d,PYAc747a584f2
ACCe0769e0c36,PAY2d8ee8aff2
ACCe0769e0c36,PAYd595e55bf2
ACC7ab3f9a78e,PAYd95641baa
ACCde679ed246,PAY02bf34685d
ACCde679ed246,PAYbe7a4bcdaf
ACC2bb2d889e5,PAY5b4aa3f019
ACC4e6a6f9d2c,PAYb3a1eb5d63
ACC4e6a6f9d2c,PAY5acb447510
ACC513abc531d,PY5688ef7353
ACC513abc531d,PAYc4a96ca26c
ACCbc1c328d12,PAY9fac4cd9b4
ACCbc1c328d12,PAYbad25b85af
ACCd6028dea22,PAYc96145370f
ACCd6028dea22,PAY6850a29b2e
ACC565ef38464,PAY2a8466a6ef0
ACC565ef38464,PAY42555dbacd
ACC65212ff55d,PAY8e58d00dab
ACC65212ff55d,PAY452deee1be
ACCc1758f067e,PAY635d3293fa
ACCc1758f067e,PAYe2b8d4996f
ACCe886942586,PAYc0b8a73248
ACCe886942586,PAY85q447abb6b
ACCbc28e53fac,PAY5fb24fa901
ACCbc28e53fac,PAYbbc5r60f5d6
ACCf42f7aa148,PYdba3b4ae5a
ACCd539bb004b,PAY3a67f60ca5
ACC07e49b7143,PAY5a93b88cd
ACC07e49b7143,PAYdf70a126ef
ACC7a7965c8e2,PAYb580a88538
ACCbaf2006e26,PAY74860ca7c8
ACCbaf2006e26,PAYc292f13d48
ACCf81bbcbbac,PAY1bb5f7edfc
ACC001f18eba7,PAY7aefec35e6
ACCd391cce620,PAYb62c802569
ACC5f6a18e8b5,PAY48d47fede8
ACC5f6a18e8b5,PAYc21fF78d6a
ACC08698442e7,PAYa60ed4ad7b
ACCbc28f0a11b,PAY3f1fa0f797
ACC8e7dfc31f6,PAY8f08156be9
ACC96b73fb817,PAY871462c5f3
ACC96b73fb817,PAYb297b48d55
ACC08f7f0e8d6,PAYf5e1fbe806
ACC08f7f0e8d6,PAYf611320a9f
ACCf8ab79edf3,PAY19ec618f3c
ACC73bcaa5a3a,PAYfd2c3ce77f
ACCe1129a7fb3,PAY13bb6fa398
ACCe1129a7fb3,PAY6va1e767fb8
ACCd195b2c9b0,PAYfd27e1082f
ACCf90a17edbd,PaYa623a08b19
ACCf90a17edbd,PAY2a1254118d
ACC63ca9efc9c,PAY6fb804ad01
ACC156623b069,PAY9072df26f8
ACC156623b069,PAYe0037eb99f
ACCaac8b5f5fc,PAY4b3177de71
ACCaac8b5f5fc,PAY04897481b5
ACCa21420051b,PAYfa12161bbc
ACCa21420051b,PAy25673ac056
ACCd778202de9,PAYaf5f038c67
ACC556d113f0f,PAY054efa0214
ACC556d113f0f,PAY39b3529069
ACCc629a1d9ee,PAYc2b441b494
ACCc629a1d9ee,PAYef6d9ab62
ACC64d51c5014,APY9a6513d6ec
ACC6ecd13541c,PAYacc51e27de
ACCbd5b1e6bf6,PAYf38d4da162
ACCbd5b1e6bf6,PAYf403809610
ACCc49e7ea9ce,PAY6fe86f636b
ACCc49e7ea9ce,PAY06442b486a
ACC81baebe1d2,PAY430b6b425
ACC81baebe1d2,PAY128494334
ACCab8d223c04,PAY60042b0cb79
ACC9a86c047c9,PAY3dc8f28e66
ACC3367ae2264,PAY11a50030b1
ACC07c3ea998f,PAYa10a5165e1
ACC790c207574,PAYcb2a7dd088
ACC790c207574,PAYee83cae4ae
ACC90c2377bab,PAYbec1059a9e
ACC314e3d9b50,PAYc64c9743f41
ACC3aa75774d4,PAY672bb5ffea
ACC3aa75774d4,PAY59df4f5e8
ACC3a8e988d1a,PAY93171b8293
ACCba34576e96,PAYc50767284a
ACC87399337cf,PAYe7062c4eb1
ACC4b2604f8e3,PAY198798b597
ACC0bbae9dd44,PAvYfdac325ca7
ACC0bbae9dd44,PAYa0f42c874d
ACC9b3a9b2cc8,PAY898be412e1
ACC9b3a9b2cc8,PAY7cc38f26a7
ACC5d5bcca79c,PAYd993c03a98
ACC5d5bcca79c,PAY7e3382783
ACC7bae8c4b49,PAY68c917f5f
ACC7bae8c4b49,PAYbae189ce4f
ACC5202bc5325,PAYc473c6774b
ACC5202bc5325,PAY6412cc341f
ACCa3b32c4b55,PAY904a58873d
ACCa3b32c4b55,PAYbb967ebb2a
ACC4d93a4b86b,PA3Yda85a958c
ACC4d93a4b86b,PAYb78eb2c0d3
ACC48281f501a,PAYbDd960212f
ACC9f5e42bc1a,PAYf882581d63
ACC2d1165b236,PAYaf0d351668
ACCe05ff22baa,PAY24f9f512d4
ACCa52dc6408b,PA1Y15174b27e
ACCe585a1e9ac,PAY0dcbc1056
ACCe585a1e9ac,PAYd61a2e1c92
ACC0af86dff04,PAY4e759c9a671
ACC0af86dff04,PAY9e958B757a
ACCf523a7ca94,PAYea3ea2bf22
ACCc2bce93b0e,PAY5aa945807a
ACCc0605c898a,PAYe3cae7422c
ACCc0605c898a,PAY26b1da5c71
ACC89c05f5de7,PAY72c26a36b3f
ACC89c05f5de7,PAY3f7e3db296
ACCeff5c57b11,PAYd8f1af81ed
ACCc7ff68b58f,PAYa96031da1d
ACCa67c254d43,AYc66556b155
ACC39db7456ff,PAYd85ef191a54
ACC6576cfe610,PAYb2dde59161
ACC6576cfe610,PAY5eb9d85ea2
ACCa08ade7dff,PAY7a6e4e13da
ACCa08ade7dff,PAY56a04a431a
ACCe6f78e2d9e,PAYc2d4927a74
ACCe6f78e2d9e,PAYd438ad049e
ACCf89f9ba47a,PAY1b6dd58a3e
ACCf89f9ba47a,PAYbf047e5373
ACC1f2e60f06d,PAY2565c949a6
ACC1f2e60f06d,PAybd3d2b6030
ACCfcb57bf4ec,PAYe237d58ac4
ACC5bc89ea3ed,PAY62688f46e8
ACCc272a1ebe3,PAYa88d613ac3
ACCac1896185a,PAY81a2d608a8
ACCbbc4f940b1,PAY0ee3b6c925a
ACCbbc4f940b1,PAYm4bb2ddbff4
ACCb13375431d,PAY0e3cfb0e8f4
ACCb13375431d,rPAY5956f09876
ACC956ecd4913,PA1Y3bee3ce31
ACCe1b1cc9f18,PAY271c5d75d6
ACCe1b1cc9f18,PY4908967ddf
ACC7b656a61b3,PAY9c53cbaef
ACC2ec4e37ec2,PAY3f65475619
ACC2ec4e37ec2,PAYfb67eefe4f
ACC397cbdaa6d,PAY0955d6acfee
ACC00b47738af,PAYe70906b69b
ACC00b47738af,PAY4398d1bfb6
ACCdeb7e9a5e0,PAY20b31d66eb
ACC4d686e3481,PAYc1a4958838
ACCb9d02e8e8e,PAY68696c889
ACCb9d02e8e8e,PAY6730bc4810
ACC81b11ef77c,PAY06743ae854
ACC81b11ef77c,PAYea7372d136
ACCbc41e1282c,PAY74bade80a0
ACC0ab921410b,PAYde9b6aa895
ACC0ab921410b,PAYc6701f8ad
ACC788812eb94,PAY2a1f56a092
ACC3e793a12a1,PAYdada1daf2e7
ACC3e793a12a1,PAYfc4f22172b
ACC8cf6f75918,PAY6b45871900
ACC8cf6f75918,PAY233491762f
ACCe248286c20,PAY1c3deeb26e
ACC1b328e868b,PAYa29fff763
ACC8be899ab61,PAYaf8a5ef104
ACC8be899ab61,PAYa81d20afc3
ACCd8e10fa6f9,PAY47562b62d0
ACC4e7f7e9761,PAYff8c328e2b
ACC4e7f7e9761,PAY142d44Ec3a
ACCb3728224c2,PAYf7eea309a8
ACCb3728224c2,PAY44f76633f2
ACCec53b05ce7,PAY31f85904da
ACCec53b05ce7,PAY90628e964c
ACCb009b425a9,PAY1370517b5d
ACCb009b425a9,PAYeefac9654b
ACCb12e2ccaad,PAYd4cc2c94ae
ACCc0083c0727,PAY180bf549d04
ACCc0083c0727,PAY9609cf8d9c
ACC9fb1791e8a,PAY23210b1422
ACC6a2f4236ed,PA7f6ee070c8
ACC6a2f4236ed,PAY85fc6f834
ACC703448b2f2,PAY508d866891
ACC703448b2f2,PAY53d068688d
ACC4e06e1fb29,PAY9f95ad7794
ACC4e06e1fb29,PAY3fc0f00518
ACCfdfa20e13c,PAY7700lbece61
ACCfdfa20e13c,PAY64fdc084bb
ACC89184836c8,PAYd3a312ccc7
ACC89184836c8,PAY11b03951b9
ACCf2e6015c00,PAYf6a4097bc2
ACCf2e6015c00,PAYd991ed6473
ACCe77b12872c,PAYaf7a24f673
ACCe77b12872c,PAYc9ed3887ea
ACC00f3043208,PAY44da27da26
ACC00f3043208,PAY23276637d5f
ACC425e5e0fd5,PAY4e97febfc5
ACCe853e07453,PAY6b3d497d2d
ACCe853e07453,PAY64b8441f60
ACC905a1a07e8,PAY33dfea504
ACC905a1a07e8,PAY923425e8d3
ACC8e6702c239,PAY4e9843d8c
ACC8537b7d49c,PAY9882cb573d
ACC8537b7d49c,PAYc0d8ebd7d1
ACCee410ab29f,PAYf24ef97bb4
ACCee410ab29f,PAY09adfb1ca5
ACC47357305b0,APY3080855aaf
ACC3823249a6a,PAYa16277ce9e
ACCe688f9fc85,PAYba860a6ed1f
ACC10367b8518,PAYceaff4fc7c
ACCace223c37e,PAYbe2d2e771c
ACCc0bad2d1b3,PAYd4586291fd
ACCc0bad2d1b3,PAY32daf124c2
ACC34ad12bf4d,PAY5c5315db36
ACC2047d547dd,PAY77a2604c8f
ACC2047d547dd,PAY7b441la944e
ACC14d3381e3c,PAY1de06b838a
ACC14d3381e3c,PAYcf779494d4
ACC63e7d7283c,PAYeb705214cd
ACC63e7d7283c,PAY7079c48ce9
ACC6046a13bb0,PAY95d416133b
ACC119aab702e,PAY7e418C0d96
ACC119aab702e,PAY7ea8639da
ACC858547ad52,PAY3a9e08ff7f
ACC858547ad52,PAYa8a1199e49
ACC4d82f7268f,PAY79e932a67f
ACC4d82f7268f,PAY80d3dcd550
ACC83fb3e0a2d,PAY2b5ff27c9d
ACC5dca98c1c7,PAY0c08cd6355
ACC5dca98c1c7,PAY4182d1dac1
ACC2b57c9db97,PYAf33c93e09e
ACC2b57c9db97,PAY8e1d74ff44
ACCf180451428,PAYe4d4ca90e9
ACCf180451428,PAdYb5067325d9
ACCfe15624558,PAY7dbfc507ce
ACC26cf8274ed,PAY6e5f8167ba
ACC8de2288296,PAYc7ee98ec0b
ACC6f3c314098,PAY4814f203c2
ACC6f3c314098,PAY9dc67c50e7a
ACC0be236aab2,PAY8d895f121e
ACC0be236aab2,PAY2daf9ee32b
ACCc63d9ec86b,PAY9be8194213
ACCc63d9ec86b,PAY1776665b13
ACC060860c132,PAYd380219f6e
ACCcb6ce67a41,PAYbb6c07334A
ACCbf967cc2a0,PAY5d88b41228
ACCbf967cc2a0,PAY10158d14f0
ACC08ca94ce4e,PAYddb3dc751f
ACC08ca94ce4e,PAY27e8d602e3
ACCd119d81841,PAY22gea94454a
ACCa945acd227,PAY3b4680053c
ACCa945acd227,PAY973b20aa04
ACCef3db75695,PAY1567b6c3f21
ACCef3db75695,PAYf09893ca4a
ACCca7576d726,PAYe7060aa9f
ACCca7576d726,PAYdff480bd0f
ACC882d4b3ce6,PAYc65d699a7d
ACC882d4b3ce6,PAY5548627ccb
ACC20e1b7ca6d,PAY02c0940c24
ACC20e1b7ca6d,PAYf46c51275
ACCe4ed424e6b,PAY7efa42233e
ACC1bf8fb44bb,PAYd19757e12e
ACC1bf8fb44bb,PAY400c7yad50f
ACC437f1c2d90,PA341b50dfb0
ACCa0d235e8c1,PAY70eec47e7a
ACC513524de1f,PY3650585d99
ACC513524de1f,PAY84a747629a
ACC33c79704a8,PAY718e1fa6aa0
ACC33c79704a8,PAYbdbc4375b9
ACCc1eead9118,PAY750f5fCc0e
ACCc1eead9118,PAY6f16b650dc
ACCaf3db07c22,PAY88728e327b
ACCaf3db07c22,PAY8d530fe00
ACC7ac938b145,PAYf1bcc4b884
ACCe4002c3f8d,PAY340840edc4
ACC234cf6ea81,APYf195302a30
ACC234cf6ea81,PAY5a90706151
ACCe179e343ad,PAY9e1b52a3d3
ACCe179e343ad,PAY89df4fa1f8
ACC01051993d0,PAY86d00cd7cb
ACC01051993d0,PAYd9ebcffe02
ACC45f00ed097,PxAY176d413a05
ACC45f00ed097,PAY58998344c0
ACC045b8d74c8,PAY8brf2f95c24
ACC0cfc6c117f,PAYdd3b915d53
ACC0cfc6c117f,PAY8163bd657c
ACC5fd51d1b42,PAY651c814cd
ACC5fd51d1b42,PAY6505410fc8
ACCc1d0025452,PAY18ea51223b
ACCdc9700177b,PAY868dea0950
ACC642b608d40,PAY56f9f78626
ACCd15aa21299,PAY96bf4a5a72
ACCd15aa21299,PAYa882fce8d5
ACC28c9f21ab7,AY340385f411
ACCa3019b173c,PAYb992b18245
ACCa3019b173c,PAY91dc0ba823
ACC25cfca17d0,PAYfc153c5e19
ACCd17af1ad12,PAY5e4b8d1c09
ACCd17af1ad12,PAYf78bf46174
ACC9f5a989441,PAY55894d9484
ACC44869ac7e7,PAY9519df8d2a
ACCf4d7028ad2,PAY94a34573ca
ACC07764691c9,PY1ed172d504
ACC07764691c9,PAY6a3298c76f
ACCa16671930f,PAY59bce8d65ca
ACCa120268173,PYA8d325b88e9
ACCa120268173,PAY4387ac8b0d
ACC041537f714,PAY4efaf88136
ACC041537f714,AYc3e76130d8
ACC52998ff7bf,PAYbf9540d4c2
ACC52998ff7bf,PAYef74a14e7e
ACC63f3eacb07,PAY42cdcb01b8
ACC62d1465489,PAY73992a34d1
ACC62d1465489,PAY3f905b9fbf
ACCcd5d45c439,PAYd9c698726c
ACC15cd0dea53,PAY687c75788c
ACC15cd0dea53,PAY673ce78114
ACC8ccd1bf22a,PAY4d30y4860c3
ACC8ccd1bf22a,PaYa7bc25deff
ACC3f3af2224e,PAzYd8b2fecc75
ACC465f34f497,PAYed09a35db1
ACC465f34f497,PAYaf9fv7f466b
ACC2589df05b6,PAY2622db7f0
ACC2589df05b6,PAY289eb48b5a
ACC6fa7e5692a,PAY0050afea51
ACC6fa7e5692a,PAY1a8ec4a797
ACC88d50c8929,PAYbebb1bd68
ACC88d50c8929,PAY0038748719
ACC7404146ccb,PAY42099b2071
ACC7404146ccb,PAY4a537afc0e
ACCcce08e4e8f,pAYf2ccf686e4
ACCcce08e4e8f,PAY32604aa777
ACC0feeadfa77,PAY648aa4ee2b
ACC0feeadfa77,PAYd1919439f5d
ACC7d31051373,PAY826e0656d
ACC7d31051373,PAY09d48e1183
ACC2c78434010,PAYbe56712131
ACC6b401cf804,PAoYfbada117be
ACC6b401cf804,PAY9ed1C4d8c5
ACCe82ca7d8b8,PAYf4316b2bf2
ACC95bc7b2afd,PAY16678172f7
ACC6e74443af3,PAY3dac1c0ced
ACCed41ef06d4,PAY389ce6429c
ACCc6e06ec1e2,PAYa415e5a2eb
ACCa7ba4a858e,PAYb0b714afb3
ACCa7ba4a858e,PAY59d9842b67
ACCe8d7c918cd,PAY98a2a7dab6
ACCe8d7c918cd,PAY9b9bd7dfdb2
ACC938d1725e2,PAY3a2f876dd5
ACC938d1725e2,PAYF1cc759ebe
ACCc5f3c70733,PAY6d0fa00358
ACCaef2cde68c,PAYeb14825fbb
ACC54c5a53cb3,PAY9abcffab04
ACC54c5a53cb3,PAY3013ce8b7
ACC2cd48d80ca,PAY707c2f640b
ACCa77856603c,PAY887e18a631
ACCdb13de5c70,PAY3d0e70fdf
ACCa22c42cf6b,PAYdbfa107c80
ACC92f6a894a0,PAY4b62402063
ACC92f6a894a0,PAY048d6b4889
ACC664266029c,PAY41a6760b60
ACCa4be1c53fd,PAYc91a404c6f
ACCdb7844d391,PAY1057c84c64f
ACCdb7844d391,PAYbd655eqde01
ACC8498649512,PAYm35affc7287
ACC8498649512,PAY04da6e4aee
ACCa347c2167a,PAY7a33d86a16
ACCa347c2167a,PAYe22352653e
ACC166ed67781,PY079758d517
ACC166ed67781,PAYb650c1261a
ACCab3625fd2f,PAY90a691d2d6
ACCab3625fd2f,PAY11843cc6b2
ACC331506b6bb,PY131c64a95a
ACC20e25dc9c1,PAY368b4571e1
ACC20e25dc9c1,PAYc6bc9b24b6
ACC4ae74b58d7,PAY4560d96072
ACC4ae74b58d7,PAY3ceeca071b
ACC2f3d7c7955,PAY363ff92ea
ACCf0d9eac8a7,PAY5ca05d1293
ACC724120cad2,PAY883f612866
ACC729cab0a78,PAY119cc1d53ec
ACC97108aa824,PAyba1fe7f08b
ACC97108aa824,PAYbda9649bad
ACC00fe502e88,PAYcda1f19a9f
ACC00fe502e88,PAYf7135f2589
ACC8d5138affa,PAYf035b4f6e5
ACC8d5138affa,PAY2f4ec2cb3c
ACCfc06237879,PAY7bc563c69e
ACCfc06237879,PAY34d6dc7dc5
ACC02b6a6bfc5,PAY0a21ed7f18
ACC02b6a6bfc5,PAY65b208be9a
ACC325b28e8a4,PAY1231392ef8
ACC446c72377d,PAY580308fca
ACC446c72377d,PAY11d09e0b78
ACC3fd2ce3fea,PAYdf1625b53d
ACC5d7992f540,PAY0dbb030e89
ACCc1ca1a11a6,PAY6c0b9ee803
ACCc1ca1a11a6,PAYd18aa04f8d
ACC4672fe5f2c,PAYb686425d51
ACC4672fe5f2c,PAY58cbb9b7b17
ACCe45568078b,PAYee92ffd60b
ACC132235e5c4,PAY9675a5699b
ACC132235e5c4,PAYae3242be1f
ACCf3ede77375,PAY6f94a78e7b
ACCf3ede77375,PAY3ed3574a2e
ACC1cef8a228c,PAYcdd1cdeba4
ACCb202807447,PAY828bac0d59
ACCb202807447,PAYfd55c501C0
ACCfc15d3d6af,PAY7ec55cfadd
ACC5a9c84cd7e,PAY3c6071a277
ACC79838aa4f5,PAY253be8d10
ACCfd65249314,PAY8ee0a4783
ACCdc9c503ea9,PAY31c5347991
ACCef57cb17a3,PAYaa29103184
ACCffe77748bd,PAeY503bf3053d
ACCe64c8f415e,PAY4ca33e6f54
ACCe64c8f415e,PAY3cc9387d17
ACC18e3ed4097,PAYdbcf683437
ACC18e3ed4097,PAYb9361f63ab
ACCb272e23534,PYe7a3f3c99c
ACCafcf165eba,PAYd13ej2abfd8
ACCafcf165eba,PAY00d0e84a9f
ACC88ecb5077a,PAYe0fc274263
ACC88ecb5077a,PAYb9ff5b2c1
ACC25aa4bb691,PAY00b40472d7
ACC25aa4bb691,PAYa1cd409f51
ACC293b79a6b7,PAY27ad14882a
ACC293b79a6b7,PAYffB70c6ca7
ACCb679c41a0b,PAY9f49d15de
ACCb679c41a0b,PAY24d6e3bea2
ACC3840b03ae8,PAYaf2b9e48c7
ACC934af165d7,PAYce707ffa58
ACC934af165d7,PAY310c015a97
ACCd5393a4586,PAY2bf2999340
ACC9d7ca0db45,PAY20f0cc63c9
ACC9d7ca0db45,PAY79ff10b746
ACC1d9f2b1713,PAY31bec0caa0
ACC1d9f2b1713,PAYcc8a6ee01a
ACC9ef1f6047e,PAYb0bbf4a8f7
ACC9ef1f6047e,PAY674b02f71e
ACC3b138b9bdc,PAY2a10aef72
ACCfe36433cb6,PAY2223a5375e
ACC16ff169514,PAY22560473fe
ACC0ca8a6909b,PAY05dabd724c
ACC740ccbaead,PAY7e39aef8e
ACCffb654b319,PAYeef2bcba41
ACCffb654b319,PAYb1cdfe6fc5
ACC00297f6e61,PAY572d289771
ACC9bfa9e78bb,PAY9af5170612
ACC0d49581333,PAYe171e4a14f
ACC0d49581333,PaY6f4930a688
ACCa799124d00,PAY2a15e37d4d
ACC756c6023fc,PAY155913587a
ACC4260fd1e34,PAY5e0f8046e
ACC4260fd1e34,PAY78e49fb506
ACC89f340f369,PAYe74505e679
ACC89f340f369,PAY3ab867a1db
ACC052cd4d70f,PAY93dad982e6
ACC34d1799ed4,PAYf1fc7d54e3
ACCdd7c4b7b8c,PAYd780886fe6
ACCe6600f8822,PAY35edbbf0a4
ACCe6600f8822,PAY495p1fdfbdf
ACC700e358ace,PAYb37eecdc3c
ACCac9f5522e3,PAY2baba74df3
ACCac9f5522e3,PAY046609bd33
ACC259515b3d6,PAY62f75f6627
ACC259515b3d6,PAY12fac1aafc
ACCd0b86c889c,PAYf5a34ca447
ACC667111c502,PAYa95d5d156
ACC667111c502,PAY9442f44227
ACC182574d442,pAY0a9d9137c8
ACC182574d442,PAYde747ffbae
ACC85eff76a8d,PAY4f7a8867b2
ACC6fb0db00c6,PAY43cce1d617
ACC6fb0db00c6,PAYf618e3d9a3
ACC9d632a9fd0,PAY7cc0966a94
ACCf090706e21,PAY126300de88
ACCf56c16d313,PAY9a3797bd54
ACCf56c16d313,PAY2696ca5b28
ACC210d3a0f4a,APY89a11a11cc
ACCff1b7e57c6,PAY76002d0f42f
ACCb9d20c85d8,PAY9f67b6933d
ACC752a702f0d,PYAeb68fd92d7
ACC752a702f0d,PAY94f792adf5
ACCbf4d57c809,PAY3fc02c90c
ACC4609cf3cc0,PAY2dcb97799d
ACC4609cf3cc0,PAY6a4c2d27f7
ACC2b5b4ee23a,PAY414e686830
ACC6fc41ef41c,PYA6de0648db8
ACC6fc41ef41c,PYA78ce23f24e
ACCd578c53579,PAY879b2325ec
ACCd578c53579,PAYb8952af1f1
ACC4b25582184,AY51f1fccae2
ACCd07290920d,PAY99e9ff5eec
ACCd07290920d,PAYaaa640030e
ACCe176d7ac21,PAYcef5231113
ACCe176d7ac21,PAYa31e52b965
ACC76d55a191d,PAYd1a611594f
ACC76d55a191d,PAYcc50550484
ACCe9bea09e34,PAY58125c806f
ACCedae1503b6,PAY0c65f6611e
ACCb814644c52,PAY3252d032b1
ACC610fc4b54d,PAY6e035e8bda
ACC610fc4b54d,PAoY042699184c
ACC00de7e68a8,PAYd945ed7fe4
ACC00de7e68a8,PAYe443dbc71a6
ACC82d88ece46,PAY5469cb852d
ACCb2f3558230,PAY801cc28abe
ACC4d2a9d8f1c,PAY2cd378e2c5
ACCdae5471c64,PAY0af94159b6
ACCdae5471c64,PAY43d253d7d1
ACC11eb5642b3,PAYc7e6e0fc37
ACC93cf0de05b,PAYf43055245e
ACC93cf0de05b,PAY2e92b74079
ACCad1bc2bc7a,PAYf1d91d24c3
ACCad1bc2bc7a,PAY81ea538ed
ACC0f775ec17b,PAY890aad3523
ACC0f775ec17b,PAYd7c8900a2
ACC4a6e7910bf,PAY9d989dcb59
ACC4a6e7910bf,PAYff3a1bbf31
ACC2204896f72,PAY527c426d46
ACC83e33d3a9c,PAY2bf0e7655c
ACC83e33d3a9c,PAY6287def0d
ACC65369a943a,PAYb7300b9d64
ACC65369a943a,PAY1b8f3de6f6
ACC4fd29412e3,PAYa353ddd388
ACC3b4180ff7f,PAY069ffaeab7
ACCeee228b420,PAY0d0ec041f0
ACCeee228b420,PAY9bccb6ec400
ACC364c8a80da,PAY3a1cd72432
ACC364c8a80da,PAY58ae8898670
ACC312cbc4023,PAYaeec773f514
ACC3be9c83087,PAYc92956e5c2
ACC3be9c83087,PAYb6e4225c0
ACCeb8668d8a1,PAYc1ae31aa79
ACCeb8668d8a1,PAY61230bc72b
ACCe9209c1be8,PAYc6b60064a2
ACC950547161f,PAY57e5485400
ACC44898cc79c,0PAY268886f616
ACC9486211276,PAYb7772a6c65
ACC23fcb5819a,PAY5dfdc71d25
ACC23fcb5819a,PAYc1bc0d3b54
ACC5058768acf,PAYfc857926a3
ACC169dfa15a5,PAYbd7022361f
ACC688d52bc10,PAYb622a1bc1a
ACCa94b08def9,PAYdb7234468c
ACC7d1a9df327,PAY235a73a060
ACCfa39c0a4e2,PAYa2b8f686ee
ACCfa39c0a4e2,PAY7662bff1bc
ACC5754eaee97,PAY5b2717e83c
ACCbbc59a45a2,PaY6ffb6c858f
ACCbbc59a45a2,PAY03ebeh7c2d2
ACC9076dfa083,PAY0e2621f9f0
ACC9076dfa083,PAYc06c03bf42
ACC5693d5d3c8,PAYf5a3b8c56b
ACCd1f5227a5f,PAY27262bc503
ACC58203b3055,PAY0f64364a6f
ACC94e190af9a,PAY75Fa8719d5
ACC94e190af9a,PAY142271d68a
ACCd03e1a3f96,PAY11d476c80b
ACCcf090e63c6,PA3e916a5c2e
ACCe3a2e4bc32,PAY9c556e4767
ACCe3a2e4bc32,PAY381cd6e88c
ACC4879db444d,PAY8cb6b5c084
ACCe3141b1a24,PAY1dc8ab568e
ACCe3141b1a24,PAYa9e24ebba4
ACCd3aad283bf,PAY63cc47428b
ACC5a598078d3,PAY8a85c6570c
ACC0340c5caa0,pAY6247299307
ACC0340c5caa0,PAY79f5bd9bc
ACCaa336ee155,PAY9006ff4696
ACCe9da609283,PAY66253fe2a7
ACC950f2277db,PAY2f356719d3
ACC950f2277db,PAY8deacfa6e6
ACC2c2ce487e8,PAYbd85ee9dd
ACC2c2ce487e8,PAY158554409A
ACC0487099886,PAYd4e35141c4
ACCa7ac62e105,PAY410f48c0c7
ACCa7ac62e105,PAY9342a5bC7d
ACC4871468f11,PAYf10364703
ACC4871468f11,PAY5ea199c52
ACC04b98ee2e2,PAY23f7704c72
ACC955b46a683,PAY2cf4732ce2
ACCca62c56493,PAY4efb3261be
ACCca62c56493,PAY194c6d89eb
ACCae4e13c1bd,PAY58d4cd1426
ACC3c5675ce29,PAY48733252ba
ACC2d8d24970a,PAYac2ee4dd25
ACC5de2af6726,APY9fdff19613
ACCcb78910038,PAY59c981ffxb8
ACCcb78910038,PAY6ex23fc61b4
ACC901b6c016a,PAY83019c5d3c
ACC901b6c016a,PAYefeff71fe
ACC8074f7567a,PAYf48e1c8a94
ACC8074f7567a,PAY0d78c13765
ACC727992b165,PaYd80c5734d5
ACC779f51add1,PAY7b88a0b096
ACC779f51add1,PAY42996ce8c3
ACC627648bde7,PAY83624e66d6
ACCd3c578fdaa,PAY4fcb88d5ca
ACC556438115a,PAY8f3221ff669
ACC556438115a,PAYf4b20e2df9
ACC03eb8e5553,PaY3ee8c91392
ACC815862fa7b,PAYf103c1a66a
ACC815862fa7b,PAY4678e8c138
ACCab2c419590,PAY0a784f5c6e
ACC5622369358,PAY92d22657f7
ACC86f3a75426,PAY079cb09d59
ACC41b94cf51a,PAYb864034739
ACC41b94cf51a,PAY8769a22d87
ACCcd0c587fa0,PAYac25bbe3b3
ACCcaa6bd25b0,PAY4fc779c73b
ACCcaa6bd25b0,PAYd000e34e94
ACC440a8c804e,PAY6a88361c9e
ACC6122735551,PAY41b2c98757
ACC6122735551,PAYd7b76cb9fd
ACC2e8158c633,PAY6e531b1280
ACC2e8158c633,PAYb07950ce0d
ACCa35ea3055d,PAY00233d6f56
ACCba37f1270a,PAY2d48183d35
ACCba37f1270a,PAY179659c7dve
ACCc6f317878e,PAY8d1bq6c50f9
ACC6613ea19ea,PAY41e6cd220e
ACC6613ea19ea,lPAY8956eba656
ACC58530e64ed,PAY0f7a51e83b
ACC58530e64ed,PAYe60bd7bd8w5
ACC5e7aec7432,PAYbcde7c8afa
ACCb7f6ae9384,PAYf7a620d063
ACCb7f6ae9384,PAY01ad59957b
ACC36b417429d,PAYb3920cb584
ACCae92ee449b,PAY1b2bbed517
ACCae92ee449b,PAY1b8a0edfd5
ACC867ad9d999,PAYfed15eb52f
ACC4f15af8d87,PAYa0bc55eee4
ACC5def86b5f6,PAY1b12508778
ACC5def86b5f6,PAYa64f44de3
ACCc68b9a64ff,PAY77506ca29c
ACC326f9104b7,PAY563adfec68
ACC326f9104b7,PAY26ab17c330
ACC76ba0b1725,PAYbb42c4710c
ACC207af8cdf7,PAY32651171ee
ACC207af8cdf7,PAY7D1cb5202e
ACC2c14a07b79,PAYa034307359
ACCd53067ecb2,PAYfc525b0425
ACCc7ba99f848,PAYe5e8d9f465
ACC5345194585,PAy44473c49ab
ACC5345194585,PAYd69f7ad27r1
ACCe341c56882,PAYb428db3c28
ACC8ad56f7d46,PAY053e10de42
ACC4e044967ce,PaY6382355c49
ACC4e044967ce,PAY10a4b7b880
ACC09f78157cc,PAYd6aafa88c2
ACC09f78157cc,APYb50f223c90
ACCb664f0156f,PAY63a1128e97
ACCb664f0156f,AY34d7ef5a6d
ACC9fbbb70f5d,PAY571d44fef3
ACC9fbbb70f5d,PAY026458c8bc
ACCcbe40f1826,PAYeaa4b156e1
ACC0cc9c2af63,PAY469f9f5c78
ACC0cc9c2af63,PAY206f5d5848
ACC3bc13fdb43,PAYa4b940905f
ACC3bc13fdb43,PAY2540e748e
ACCc43a3cf503,PAYd39bed0274
ACC05a0eddccc,PAY508f2a73e8
ACC48f2f83f4f,PAYb4df6d9807
ACC48f2f83f4f,PAY028b92c14c
ACC41e8ad4d91,PAY722a42eb72
ACCca97e3c4c4,PAY9f6c36892f
ACCc4e7a8fb37,PAY32ec843652
ACCc4e7a8fb37,AY08589b7ece
ACC1eaa8569d5,PAYe7f39a800
ACC1eaa8569d5,PAYeba13d5470
ACC2f8f7c2091,PAY74c3b93ce
ACCe33a554353,PAY8b0dc1c78b
ACC98aecb180c,PAY1f6d71bc72
ACC98aecb180c,PAY7971edea92
ACCd8825e701f,PAY06ae9a1988
ACCd8825e701f,PAY2b6b160d7a
ACCa80eadab56,PAYe2c4aB5686
ACCa80eadab56,PAYdcec5ebad7
ACC27900cf5e7,PAY1984d083d2
ACC20d82fcff9,APYac527fa73d
ACCaf92ecab6f,PAYbf8a81119b
ACCcc86bc9a50,PAY6c894c0de4
ACC69425221f8,PAYde494fcf17
ACC2d57901e1a,uPAY10ecf161a5
ACCc1bd47f2b8,PAY9d5dfeb81b
ACC50c60cb8ba,PAYaaeb4e1453
ACC42617e2613,PAY6C42ac63b7
ACC2f62327de5,PAY3aaa2e9694
ACC2f62327de5,pAYb015a17b09
ACCdb9ee38ad2,PAY5fd9e3qe98d
ACCdb9ee38ad2,PAY02c44ee412
ACCb347afdb4b,PAYc2edc8a7be
ACCe77c67006a,PAYc0a8ae3302
ACCe77c67006a,PAYe71379f69c
ACCd7b49399ac,PAYced1f80a01
ACC97365d37b9,PAYe63215b09b
ACC97365d37b9,PAYc59428Fb47
ACC69caba2b34,PAydc88ee0e5a
ACC69caba2b34,PAYfbd0f8638
ACCe615938a88,PAY81edd8fa32
ACC1cb837282a,PAYed801fcf41
ACC1cb837282a,PAY85145f6abf
ACC7fde4f0ff1,PAY6b3592b29f
ACCff17ea0ac0,PAYf7b6feef79
ACCff17ea0ac0,PAY00faf7eb0c
ACC932a2fdc5e,PAYc423efa86a
ACCff0663a5cc,PAYd7g97797115
ACCff0663a5cc,PAYf8fe052c01
ACC4a528e299f,PAYb4a4c333de
ACC4a528e299f,PAY7f07d350ca
ACCd03b870053,PAY2b976d45ab
ACCd03b870053,PAYbd106b685f
ACC7c1a42e71d,PAY092Bc25fb8
ACC7c1a42e71d,PaY5cacd0d9bd
ACC6a36c07f4e,PAy15c1b5e7a0
ACC6a36c07f4e,PAY2d87d7f44e5
ACC1c19c3027d,PA6Y9eecf0bf6
ACC3546eb3bb1,PAY817c045b78
ACC648bdf6930,PAY49b58fe2Ae
ACC648bdf6930,PAY663eab136b
ACC820d30d03d,PAY6439a9f7b3
ACC70f53f7d1b,PAYfbb0bf18ae
ACC70f53f7d1b,PAY3affee7eb9
ACC4f2ca99bbf,PAY4d92e250a1
ACC4f2ca99bbf,PAYf5d4Af46aa
ACC323a0bd995,PAY64716cbf7e
ACC323a0bd995,PAY0a78eff86f
ACC9caec62c4d,PAY41e962e9bf
ACC2e0efdff53,PAY5f2d8d5d1f
ACC2f56075c91,PAY567f397032
ACC2f56075c91,PAYed69da2b0c
ACC80861e44be,PAYd08f987878
ACC80861e44be,PAYae8f2b7b36
ACC484b7f8b1b,PAY3dd494f2de
ACC11c2f3fabb,PAY6c6e686c4c
ACCddaa1bbf62,PAYd9a50fb4f1
ACCddaa1bbf62,PAYc9813ee5e7
ACC1814317262,PAYd5969252c1
ACC1814317262,PAY598ded25f7
ACC425ed98e2b,PAYa7e67f6de0
ACC425ed98e2b,PAY8563b0ddd6
ACC126cbc9087,APYda08c81df2
ACC126cbc9087,PAY8796976672
ACC23b1a7f021,PAY70226c6175
ACCbf2701f0bd,PAY4b087q90a0d
ACC95f69b7a78,PAY746cda9e33
ACC95f69b7a78,PAYf972471b95
ACC70db23ed6e,PAY0ba5ca9adb
ACC70db23ed6e,PAYf4c705048e
ACC68b6ae5024,PAY97b6c7b4e
ACC9d083626db,AY0bdb8109eb
ACCba75cdd541,PAY4e9e49c2f7
ACC179b539f53,PAY6c2d30e615
ACC179b539f53,PAY1fe90d491
ACC07d12699ba,APY6807d9ba4f
ACC2f05fe8cf4,PAYd402cbc8f4
ACCd72c5ddabc,PAY619902553n0
ACC96353b34d2,PAY378184e9d8
ACC96353b34d2,PAY656ce7f3fe
ACCaa352999b8,PAYacfc4d095b
ACCaa352999b8,PAY2c1666e733
ACCba749bdbcc,PAY4e81146374
ACCd26cd84bb2,PAY7844f8610c
ACCd26cd84bb2,PAY808dd0b40
ACC757cdcd661,PAYf9eaeb1cc
ACCf0136e216c,PAYa32ca2f00c
ACCcaaf1159c0,PAy5fbcdb40d9
ACCfed9212368,PAY8f509b95ba
ACC2ce80282c8,PAY94b05d654a
ACC2ce80282c8,PA7Ya55015626
ACCef302bfe9d,PAY3fa098563b
ACCa6fd9cb38c,PAfY20a5b8243
ACCa6fd9cb38c,PAY1876646b64
ACC1cb0cdd85b,PAYb4795334d8
ACC1cb0cdd85b,PAY4810140e25
ACCab2ece8357,PA6Yd85cea67a4
ACCab2ece8357,PAYe01ade1d7c
ACC38bceb9a0e,PAY9b142ed294
ACC38bceb9a0e,PAY2e730a82c8
ACC1ae9e70bb7,PAjY5b108f768c
ACC1ae9e70bb7,PAbYaf5061e767
ACCa4d038aa8f,PAY5b232be55c
ACCa4d038aa8f,sPAYc03c255d76
ACC85ae8d8318,PAY959c1b22b2
ACCa9794cc5de,PAYc706be6c43
ACCa9794cc5de,PAYd24cdeb559
ACCebb0f3ca1e,PAY33f8ff00f4
ACCb0e4c121e3,APYd7f85918dd
ACC883d1580fd,PAY3d9d2c3a38
ACC883d1580fd,PAYe0b5c0043a8
ACCb63642e673,PAY29e948f9a3
ACCc92b40cc52,PYAfe4fa28143
ACCc92b40cc52,PAYcaa264d5e1
ACC9a2094bd96,pAY2b80bff3ad
ACC9a2094bd96,PAYbc0e69cd48
ACC09ee181385,PAYf2e6mf96f4e
ACC8a3bafa4c7,PAY4daa2bd94c
ACC8a3bafa4c7,PAY107c2a853a
ACC8f36a5c346,PAYe0g6ec0d0ff
ACC8f36a5c346,PAYbc31ebbc6f
ACCa4861c827f,PAY3e558914378
ACCa4861c827f,PAYe70b1cefc
ACCa9f27ce374,PAY13f6d9c4bb
ACC3bc9794e47,PAY8aaabf1201
ACC3bc9794e47,PAY95bdcb90f
ACC459f3c5e07,PAY8420794129
ACC459f3c5e07,PAYe3176b785b
ACC8f3dfcada1,PAY82b06c0b42
ACC8f3dfcada1,PAY1eb88888a0
ACCfec0993b28,PAYade04d49a7
ACCe39f99bc30,PAYe527e61dac
ACCe39f99bc30,PAYa7510eecd7
ACC75e43121f2,PAY890558ddd2
ACC75e43121f2,PAY7ebce8980
ACCe3c9915045,PAY44ee2db4be
ACCe3c9915045,PAY840b6b8ab6
ACCcb51e1baf6,PAY14108db7f2
ACCcb51e1baf6,PAY03fbcc74cd6
ACC0874994478,PaYeb6bb36f0f
ACC1d539784bc,PAY26696cf6a7
ACC1d539784bc,PAY6edDb3e31b
ACC4df82c2cf8,PAYb8b7d252ao1
ACCe0dca307b9,PAY6C5a151c01
ACCe0dca307b9,PAY895bf3864b
ACC47a55a3c1f,PYA9a50a2a988
ACC47a55a3c1f,PAYe6a40638e
ACCa75c9639da,PAY3c56cd4fda
ACC424e6bd80f,PAYf55c00c09a
ACC285369e3d3,PAY9859baf105
ACC285369e3d3,PAY4c5897cdef
ACCf953c8946b,PAY9e7f94a896
ACCd250e0bfb0,PAYb88d9d7605
ACCd250e0bfb0,PAYd39049f97e
ACC71f0582724,PAY5c6396294e
ACC71f0582724,PAYc022e04506
ACC6983fca25c,PAYf3674a2a4b
ACC6983fca25c,PAY3a9d129ac
ACC6d7233e770,PAYa58249bfa0
ACC6d7233e770,PAYe5b3b82541
ACCeecc225852,PAY4a2979ccdb
ACC80ef45b967,PAY309d02662b
ACCb73565b691,pAY509812085c
ACCb73565b691,PAY7de36769e4
ACCe5e47d4afd,PYAb49b61ca47
ACCe5e47d4afd,PAY284a953316
ACC0293ebe983,PAY145f9cf387
ACC0293ebe983,PAY0ee08a431a
ACC7e8c2d87ff,PAYaa7a93c8a28
ACC4a4987cfe3,hPAY961a9c9632
ACC4a4987cfe3,PAYf66b7f9857
ACC7dddebcba4,PAYf6a5dc7f11
ACC7dddebcba4,PAY2b9c16e06b
ACC2e57ad6597,PAY68f2ed453f
ACC2e57ad6597,PAY21a1f22f3b
ACCee284fe604,PAY1a59d04720
ACCe8916e65ae,PAYc878d9a012
ACC56bb8b0004,PAYeeb4ef9127
ACC56bb8b0004,PAY808779409f
ACC5cd388049f,PAY11fcdb14d7
ACC5cd388049f,PAY4732f4b16a
ACC851a651ac4,PAYdb9db68b75
ACC851a651ac4,PAYdd0eae29ab
ACC3e61407e2f,PAY7409e7579
ACCbdf0cc0738,PAY8ef51867ec
ACCbdf0cc0738,PAY0724ca42db
ACC603177fb50,PAY6C6add493f
ACC603177fb50,PAYb9b09c808f
ACC598e9314d7,PAY540a97bc4b
ACC598e9314d7,PAY66b06d0e5e
ACCd65b92181a,PAY52b2239af4
ACCd550d2a6da,PAY610d79cb8a
ACCd550d2a6da,PAY39dde193bb
ACC86a8ada623,PAY7bdcfad888
ACC86a8ada623,PAYe54daefca7
ACCb8cd7d68c0,PAY8c6beea11d
ACC0d60624167,PAY6392af817
ACC0d60624167,PAY27a831dcd0
ACCd6e8d50a8f,PYA2cc74b0a91
ACCd6e8d50a8f,PAYd6e10a5b3
ACC4fc3890f3c,PAb5234688db
ACC4fc3890f3c,PAY5a85d0cc9c
ACCd46ff086d5,PAY3b7f861c85
ACC9056942d64,PAY0d3ef6c166
ACC8adb18f794,PAYa1f9d00251
ACC5f38194dc5,PAYe24786613
ACCdb3519fe8a,PAY3911b12f8c
ACCdb3519fe8a,6PAY631067a402
ACC08665ad9c7,PAYa87027e985
ACC64c2dbc38c,PAY29a0aee6a3
ACC64c2dbc38c,PAY00e7210a0f
ACCd6a87bc7b4,PAY3d39ecd684
ACCd6a87bc7b4,PAYd00ff0c799
ACCf4580d3a46,PAYca4d0de29b
ACCf4580d3a46,PAY7aca92Bdb8
ACCc3d9cafea9,PYA176f88a1d7
ACCc3d9cafea9,PAY045823f38d
ACC5521211ac5,PAY24938cd1d0
ACC5521211ac5,PxAY2d3ad62c66
ACCba8c161bad,PAY40939944a7
ACC02c9647b53,PAY05577c8d4f
ACC02c9647b53,PAY68c90e1b65
ACC00a0358476,PAY09a3018a55
ACCd20f1c8fa5,PAY5e73b75d6b
ACC58dd9b2cae,PAYfff4589a76
ACC58dd9b2cae,PAY2Fd6c55a6f
ACCebc5b5e4d4,PAY5x42a255e05
ACCebc5b5e4d4,PAYfbfb44c3b
ACC699ed57029,PAY967b6fbd66
ACC699ed57029,PAY8eda1d6a40
ACC7744d0da3a,PAY81045b9403
ACC9c31f09547,PAYe8b39af38f
ACC8a70ad3855,PAY5619p359728
ACC8a70ad3855,PAY682d2d7e60
ACC3e9a90900e,PAY8c7e293a57
ACCd6bdbf9381,PAYd13e24a3ee
ACCd6bdbf9381,PAY6da9550b02
ACC103f6e09cc,PAYd63ad75a43
ACC164734ca40,PAY3b0e2f2705e
ACC164734ca40,PAYf7100561f85
ACC03c3142650,PAYc56095f95b
ACC03c3142650,PAY12f105714d
ACC1b008a443e,PAYf7320558e8
ACC1b008a443e,PAYc39b94a538
ACC542469ea53,PAY0a2af699c1
ACC542469ea53,PAYdaf9c920d2
ACC4b01a2d24b,PAY891fa371e0
ACC4b01a2d24b,PAYe3188f65ef
ACC7130cc6d76,PAYb5b5e0070f
ACC7130cc6d76,PAY2c801eccbd
ACC34daf40ce5,PAYd168cbd76a
ACC34daf40ce5,PAY7b80bbe200
ACCf9c22fbcfc,PAYa313bc5603f
ACC01cfb10904,PAY7ce2e0fB90
ACC01cfb10904,PAY0eb74c24e4
ACC5c2f39fd5e,PAY64a6e744f8
ACC97def214bf,PAYd14308aed5
ACC71f30d9f36,PAYd8deec9244
ACCaea35666aa,PaYf0fddab587
ACCf2ca1eafb6,PAY2166618dd1
ACC732249fdd7,PAYc1087063fe
ACC577fc30e7b,PAYc6g2ddcfed8
ACC577fc30e7b,PAYc92d797c10
ACC6761b01cc9,PAY604c7e2bb
ACCddf1b8c236,PAYfee700ed4
ACCddf1b8c236,PAYCb84748fbd
ACC56ababbe38,PAY8cez7f89769
ACC7414b7fc25,PAY1cdd0c2ba
ACC7414b7fc25,PAY76a68e5a6
ACC9531150c0a,PAYdb09ba7190
ACCfbf8e25a96,PAY1659n97edf7
ACC4977303789,PAYf117a3f1c2
ACC4977303789,PAYecb3f42d2d
ACCc168e0a854,PAY6b73d4b67f
ACC268f2aa746,PAYe82b57df4sb
ACC268f2aa746,PAYc2d6ba2fe9
ACCe74a57b19f,PAYbdbd40mf96a
ACCe74a57b19f,PAY6e7851e381
ACCd20aa18967,PAY6ecf3fe467
ACC4bdd3f2716,PAYec08d6e402
ACC4bdd3f2716,AY95792bd0fe
ACCda45b63e65,PAY7863ff0fb
ACCda45b63e65,PAY719557111c
ACC672ab64866,PAY9b6a51bc4a
ACC672ab64866,PY667b28c92d
ACC31a58a7e17,PAYaeb50436b3
ACC31a58a7e17,PAY5353b2811a
ACC30e1af3b85,PAY9d6bdcb46e
ACCc5d2ffe450,PAYafc137763
ACC627c06d48e,PAY444941775
ACC627c06d48e,PA8Y7a6e864c1
ACC50c8c3d9dc,PAYfeaa63024c
ACC3f0619e6eb,PAY9b31a40ef5
ACC4d1eaa8054,PAY56ef16a347
ACC4d1eaa8054,AY8a139ae51f
ACCd137a85cc5,PAY1978db72f3
ACCd137a85cc5,PAYbf8ce1879
ACCa86c0b9fd7,PAY307d1ed8f
ACCa86c0b9fd7,PAY868b23559e
ACCd738dc030e,PAYda107a8d1
ACC77c8198390,PAyc9ea71d769
ACC77c8198390,PAYb1A475958c
ACCfd3fcafb9f,PAYfc9b4e91bb3
ACC92235cef53,PYA6c0e7fd862
ACC92235cef53,PAYaf7f81835c
ACCbfbad92c5c,PAY0dc70394a0
ACC6d99b6e62a,PxAY0b1069a661
ACC6d99b6e62a,PAYdc65cc7b4
ACC7fe8d862a7,PAYe5ef37377a
ACC71d9ffa487,PAYb422864158
ACC1e855dd22b,PAYfa46025b4a
ACC1e855dd22b,PAYc1f330cc24
ACC3e75ecea96,PAY9a3a446168
ACC3e75ecea96,PAY627d158d85
ACC162b2a84d4,PAY28b3693b88
ACC162b2a84d4,PAY2566d6f4f6
ACCd3073b96b7,PAY21d59f8194
ACCe7c1d05076,PAYbf4fbd183c
ACCe7c1d05076,PAY1852298fe4
ACC29f2f3ebb5,PAY4bcdea73dc
ACC58c6e2bd6c,PAYf60de82d1a
ACC58c6e2bd6c,PAY1ac144c1f
ACC879df71a3b,PAYeca6cbf1f5
ACCb2e19476e6,PAY12f349f8b7
ACC70998f9ec3,PAY5c86f98247
ACC49c71f97bb,PAY83ad2f93s63
ACC051b003411,PAyb4dd131fec
ACCe7b9c5642a,PAYb57f14da94
ACCe7b9c5642a,PAYeea899e0bc
ACC60b47a7780,PAYd4a2ad8852
ACCb01a0ddb55,PAY1abc6f0a04
ACC9a8f8b025b,PAY0e16ce26b0
ACCe9858276fb,PAYd7e8ecb85f
ACC0fc1ede0e8,PAYc02bd80d6b
ACC611bde77b9,PAYf56e998936d
ACC611bde77b9,PAmYe0ea0373c3
ACCdbc0bc9b69,PAYba2b76c3f4
ACCdbc0bc9b69,PAY0fc8ac09ae
ACCc916de1295,PAY37c55965cb
ACCc916de1295,PAYbebde62ef9
ACC670914a08e,PAY192392db3f
ACC1f89b342a3,PAY7cc4e212dF
ACC6e706e0ea8,PAY02fd265bc8
ACC6e706e0ea8,PAYa2cb65795b
ACCdead22d05d,PAY95d6925c5d
ACCdead22d05d,PAY03b86c236f
ACCf1374380d3,PAY6f7dff6d61
ACCd06080d3f5,PAYcb53b1d4af
ACCd06080d3f5,PAY561977df5b
ACC4f52fdbca8,PAYba8636af43
ACC4f52fdbca8,PAY3fd55670f0
ACCc8179ecf9d,PAY40c699nce4c
ACCc8179ecf9d,PAY95b8a7c7a4
ACC2218595370,PAY2ad93c4e6
ACC306e40bd3a,PAY6d8f369e46
ACC306e40bd3a,PAY438e2ba361
ACC44a199e0e9,PAY6d6f9c756
ACC44a199e0e9,PAY68004c778b
ACCf605e76a51,PAY7a4ea76d14
ACCcbbb15ac88,PAYfb1b9b6a2f
ACC963759850b,PAYb392ab0001
ACCc461001869,PAYfd7fcda09
ACC16bf934f64,PAY8c67e579vb0
ACC9e6d13acea,PAYf1f4e4cbd3
ACC9e6d13acea,PAYeb18fc4719
ACCf4a86787dc,PAY8d837ba09
ACC1e24ce0c60,PAY50f11ea4cb
ACC1e24ce0c60,PAYacc3671664
ACC3d4bef90a6,PAYe9a0c39c4e
ACCbaecdbd577,mPAY307e728027
ACCdb15976fba,PAY41e0ca4962
ACCdb15976fba,PAYc2834072d4
ACCe8932d975f,PAY525a3c7ca9
ACC7717b50d59,PAY8e89a0e0b4
ACC7717b50d59,PAY2e6051b6ca
ACCc98dba4c1b,PAYdc262408f1
ACCc98dba4c1b,PAY8d135880bc
ACC45485be7b5,PAY363f23cc35
ACC45485be7b5,PAY226cdaab3f
ACC6a4e6ff307,PAY783b5sf82d5
ACC6a4e6ff307,PAYfb8a5e6f94
ACC1dba51b4ba,PAY084a7457f7
ACC7c8f1e4570,PAiY32f8f6cd7c
ACC7c8f1e4570,PAYa8c18b3b73e
ACC04d8ea5aa6,PAYcbfacc1027
ACC4bb3314b07,PAY8eb62cdee3
ACC4bb3314b07,PAY470382d7fe
ACC8177750cac,PAY6ffb396d83
ACC344240704d,PAY943588cb6
ACC344240704d,PAY09ed3be90b6
ACC4ec6540fce,PAYb7d9d198b9
ACC4ec6540fce,PAY1c5e3a36e0
ACC32dfe6ef49,PAYa3ffa6c089
ACCabc6c39802,PAYb2f8798ae0
ACC4b70eeac6c,PAYc05237417
ACC4b70eeac6c,PAY7ab4a7e564
ACCaa7cd37bc2,PAYfe1210cccd
ACC8b2d5278f3,PAY0c695814c9
ACC6ed797fade,PAY6ff14b2a61
ACCf2385387f3,PAY93816b5e41
ACCcce25717c7,PAYa1cdcf8ef1
ACC7a230ff946,PAY33c1C63357
ACC7a230ff946,PY6a514e18a0
ACC92ebe00259,PAY791bb91604c
ACC92ebe00259,PAYe6a8ada1a4
ACC217eadbd73,PAY86205daa77
ACCa1c6cac284,PAY6a218a3aa8
ACC5700abf6bd,PAYc490a0da98
ACC5700abf6bd,PAY9bd6726f441
ACC594a054018,PAYfe63c61405
ACC594a054018,PAaY5a5d95c63
ACCaaad60a8f1,PAY103ded972c
ACC931a6e75c3,PAY948fa19903
ACC931a6e75c3,PAY4204347d18
ACC26ece93d39,PAYbba7c9b44c
ACC26ece93d39,PAY35c272bfc
ACC6ea8865e8f,PAY362c1c69fe
ACC8ee69a0e6e,PAYf847bae1b0
ACC8ee69a0e6e,PAYc3a66bc6b7
ACC6ced86625d,PAYd38463539e
ACC6ced86625d,PAY715ec0808b
ACC4bc9b7377e,PAY1b80cb71a5
ACC4bc9b7377e,PAYc3280f4d33
ACCc336c58f8b,PAYd4583feb189
ACCc336c58f8b,PAYd911cc9e97
ACC7f155e49de,PAY750d7deef
ACC7f155e49de,PAY0e9615f972
ACCffb5eb2729,PAY7a4e416eba
ACCd201912889,PAY7f1330d4d
ACCd201912889,PAYcfbe9ef6df
ACC768feef4de,PAyd498dc38d3
ACC4dd982395b,PAYcee4b87d27
ACC4dd982395b,PAY4c4ae4513d
ACC0b22e06344,PAYe6518e4447
ACC175579784c,PAY4983770db
ACC175579784c,PAY1c755bfbfb
ACCbee0acabb9,PAY2a52af4b45
ACCbee0acabb9,PAsY3732aedc9f
ACC789ede3db8,PAY9f00e3c8e0
ACC789ede3db8,PAY2db1f0a9ab
ACCe4cb3968ee,PAYf1d8d61893
ACC56782d6aa7,PAYe8865f8882
ACC56782d6aa7,PAY72f84cfa0c
ACC26d82630a2,PAY012c1f44da
ACC19b6b0a213,PAYb70bffd1a2
ACCf86e2d1528,PAY3ad8a9faed
ACC2f3b34ade3,PAY4c5C8e7cfa
ACC2f3b34ade3,PAY9eeb5fc4d8
ACC3aac21362e,PAY2b6175acc2
ACC3aac21362e,PAY2ddaf2850
ACCec4cb49ba1,PAYe546e06cc
ACC063736210e,pAY840cd1e087
ACCf2ab48a138,PAY03647b8935
ACCf2ab48a138,PAYb064ccd1d2
ACCd577cdc606,PAY41fe032d0e
ACC082ef5c438,PAYh0682fee60a
ACC082ef5c438,PAY55561dz5691
ACC610626d002,PAY0191eee0bb
ACCb0ad0afd60,PAY8e354f3f0f
ACC882e5c8e73,PAY108d208a3f
ACC882e5c8e73,PAYfae2b00a5
ACC8ae29c56e5,PAsYd4b98da306
ACC8ae29c56e5,PAY8c526cf362
ACC8ef13faad0,PA0Ya4c1c2001
ACC8ef13faad0,PAY134502a1c3
ACC615f58e4a8,PAYdaed6cd780
ACC615f58e4a8,PAYa6c0547145
ACC66e3d5cda2,PAYa9e8e9af6f1
ACC4c5acaf056,PAY6e07245e59
ACC4c5acaf056,PAyad3a79e2e8
ACC863cdd7922,PAY856ff15168
ACC863cdd7922,PAY78c38dea36
ACCcc064ebd78,PAY25337698a5
ACCcc064ebd78,PAY642e76197b
ACC72d6e4c6cc,PAYc4fbc763a8
ACCe6294b0c8f,PAY557192f3d7
ACC747b6826b0,PAfY03e3c83e3
ACC747b6826b0,PAYb4160cff68
ACC8c956e7481,PAYccc5f28c46
ACCd7c62f3f14,PAY41cde61330
ACCd7c62f3f14,PAYb80b913d79
ACCe954904748,PAY14e3484eab
ACC739f1da3b4,PAYe2d0da918b
ACC739f1da3b4,PAYb4d8f4bc44
ACCd93c93c1f4,PAY87a2631e14
ACCa3d69007bd,PAY032b72dbf0
ACCa3d69007bd,PAY2a395008c82
ACC7304bdc4e4,PAY772d95918a
ACC7304bdc4e4,PAY8767e4d239
ACC4d79b92a90,PAY71f1f9d4f6
ACCaa1c33fee1,PAY3aea082d35
ACCaa1c33fee1,PAYe891d60c8f
ACCdeb102b4fe,PAY469abfe862
ACCc9ad938f29,PAY47e89bb03
ACCc9ad938f29,APY93f3f1f11f
ACC757457902c,PAY7a74354a2a
ACC9f0906459f,PAY13190b152c
ACCb041f21905,PA8Y06033c109
ACCb041f21905,PuAY4961004350
ACC03d473d381,PA8Yd8c393bdc
ACCe7c8b7d219,PAY93f65953a9
ACCe7c8b7d219,PAYc277275204
ACC3347f6a694,PAYa0310fc70gb
ACC3347f6a694,PAY4af6b9a565
ACC2f811dd1ae,PAYd9d27e673b
ACC2f811dd1ae,PAY2d60658e2d
ACC48b7fe782f,PAY51254e5d4c
ACC87f8e67cc1,AY3b827fe40d
ACC87f8e67cc1,PAYd5d410bfe2
ACC22b0b58491,PAY313707491
ACCef13aab6e4,PAY7c438a1d9b
ACC86a46784bb,PAY15144c24bb
ACC0d188f2a60,PAY0fcdc7f245
ACC0d188f2a60,PAY4fb21ee6cd
ACC846e6aafaf,PAY6a9576aaf8
ACC846e6aafaf,PAYdf43cba623
ACC9ae380d3e4,PAY3bc3bd38da
ACCf2f764c914,PAY4008d38f8
ACC0f7fd8a973,PA0Yf2cb05203
ACC7ef6478a54,PAY7daefc46e3
ACC9f1f26abf3,PAY20ceb14075
ACC39bbdc11c3,PAY15dac5a525
ACCf9bcdc9014,PAYf88d1e610c
ACCf9bcdc9014,PAYfbb3245d38
ACC7423e5dc50,PAY4t2a1b7c125
ACC7423e5dc50,PAjYaedb8955ed
ACC3a3fe61714,PAYf25c72407f
ACC24202091f6,PAY4905535599
ACC24202091f6,PAY26ff3d025
ACC62485d5277,PAY9300930ee8
ACC3b26a3b52c,PAY2c920de39
ACCe2c340cfae,PAYe3995c81cf
ACCf4f8c2c848,PAY3fe7f5d4d4
ACCf4f8c2c848,PAY4dd9973c6a7
ACC94b5e4ed98,PAY0a84fm16bd2
ACC94b5e4ed98,PAY0F5dfeeb38
ACCede96c556d,PAYb3E669eccd
ACC13d0bf6d23,PAYc2c49d9424
ACC13d0bf6d23,PAY2a191b63e
ACCefb17c66be,PAy7b166c3770
ACC03efea17c2,PAY9879e10873
ACC03efea17c2,PAYf84b7423e3
ACC3c26b2ab45,PAY0d5559caf4e
ACC3c26b2ab45,PAYe0854d245
ACCc16c71fd97,AY69f677b8b4
ACC45db12d060,PA1Ya9792e74e
ACCfd92cdc271,4PAY9864d42c43
ACCa0745eba85,PAYd0be2f2e56
ACCa0745eba85,PAY25a3ec6ac9
ACC1c19cceeeb,PAY2a9f981199
ACC1c19cceeeb,PAY9e54650770
ACCaf4f5aed55,fPAY526f60e659
ACCaf4f5aed55,PAY8eFa799d55
ACCc78fb2a915,PAY112e89fd04
ACCb7cb067de0,PAYf4aadec0197
ACCecc7e5ad83,PAY74377919c8
ACCecc7e5ad83,PAY4ed6307bf8
ACC3bb8d8e116,PAYf71124f2ae
ACCc4bfb74bb4,PYA083d7baa23
ACCd3fd3486e2,PAYc9f5fAa3d5
ACC7312c8db37,PAYe0555e497c
ACCc8e59aaf14,PAYf1b312e14b
ACCc8e59aaf14,PAY4634969da2
ACC1c565ef40e,PAfY4c6e6613cc
ACC981df01179,PAYd9a5587cd4
ACC981df01179,PAYc692c00251
ACC6d6b84a075,PAY5db5daf1af
ACC16ad625cf0,PAY794396571d
ACCec4aa66efe,PAY2cc283b99
ACCec4aa66efe,PAYff8cc2097a
ACC13061142d5,PAYb51aec39a6
ACC13061142d5,PAY5d1ff2007e
ACC283461f3bb,PlAY3a34ca5637
ACC283461f3bb,PAY866523c4cf
ACC4c073ff3e2,PAY312e22b7a7
ACC7b3a3da83e,PAYea34b3fe58
ACC7b3a3da83e,PAYfab5e41eb2
ACC23cd9aa03c,PAY2698e91eed
ACCeefb557811,PAY2aacc7f930
ACCeefb557811,PAY52491ba890
ACCc1ea050921,PAYb11a501daa
ACCc1ea050921,PAY03c3d9c8a9
ACCcd08bfa35b,PAY8be638c18b
ACCcd08bfa35b,PAY1e45398beb
ACCf570590ccf,PAYa23448a803d
ACC28f6fa1b10,PAY90ce4112b4
ACC302e6f7dca,PAY803ca46ee3
ACC60c765c375,PAYd13f186cec
ACCebf317e206,PAYffB2237387
ACCebf317e206,PAy9f020631a4
ACCdaf90be560,PAY437ec5aa6b
ACCdaf90be560,PAY4d7543cc7a
ACC028b48b1c3,PAY4be5z2d44cb
ACCe9d9bf068d,PAY2fa9bb9def
ACC6368a4f876,PA8Y0aad4adb3
ACC6368a4f876,PAYef32ffbcfa
ACC642d812a93,PAYcbddb6dce1
ACC642d812a93,PAYe3a3f18ec4
ACC34826f386c,PAY3655395a86
ACC2ad8c39ed8,PAY04773715f4
ACC2ad8c39ed8,PAY6d002051bf
ACCd5c22b60d5,PAY2baecb6586
ACCd5c22b60d5,PgAY461b4af0df
ACC63058cd67d,AY1d4bfbbbe4
ACC63058cd67d,PAY3c07cf36d1
ACC6d95289084,PAY210c4f8eb3
ACCd55621a9ae,PAYb0b37b63f7
ACCd55621a9ae,PAYda8fcd48d8
ACC0db85ef295,PAYef92f66ce4
ACC0db85ef295,PAY03b43cd52a
ACCdc2d90a0e0,PAYaf82522720
ACCdc2d90a0e0,PAYdbda80039d
ACC9f4ea92fb2,PAYf97b058efa7
ACC8617acbe3d,PAY92A14e60ef
ACC8617acbe3d,PAY2a09628873
ACC5dfcf210c4,PAY0b47e3ba4f
ACC5dfcf210c4,PAY686a5fea0
ACC162655a1f4,PAY1871f8fb94
ACCea5bcd03a5,PAy2c524b9e5a
ACCf518efb28d,hPAYee4a40e0a6
ACCf518efb28d,PAYafga72b4cd4
ACC67296c5577,PAY74a6c1a834
ACC3a8f81cb8e,PAY08005b155
ACC3a8f81cb8e,PAY0aafe2a69f
ACCf94a88161f,PAYd514b5a3bb
ACC08c214ab1e,PAY3ab275995
ACC08c214ab1e,PAY87fbaf43cf
ACC3c87e5520a,PAYf1ffdd25934
ACC2c801b945f,PYA81ddd05e99
ACC291dac8ccf,PAYe518b91c24
ACC291dac8ccf,PAYfd5481a47b
ACC974a8af2bc,PAY4703df72d4
ACC974a8af2bc,PAY349d4a8e90
ACCcbccc8b0b7,PAY6b37622db2
ACCcbccc8b0b7,PAYf6e6d4065
ACC8b1cca354b,PAY3f32500dc
ACC8b1cca354b,PAYf326dc6164
ACC6a4976de28,PAY46c27cc280
ACCb2082d303f,PAYacd02f4ff5
ACC118e22f77a,PAY95598ffd78
ACC2a30bdcd5a,PAY6dd77ea15cf
ACC6aa136b14a,PAYcb9dfa3d91
ACC6aa136b14a,PAYace340bb2c
ACCd1be3be723,PAY104f5647b2
ACCd1be3be723,PAYf76a8af95a
ACCbaee15a496,PAY7c93dAb628
ACCa7c2fdaaa8,APY08ca1b6cef
ACCa7c2fdaaa8,PAY04496b8564
ACCff52b7aba1,PAY6ee588a12d
ACCff52b7aba1,PAYb07f6d1a8b
ACCbd54272aa2,PAY90e8b804b6
ACCbd54272aa2,PAY4c84703816
ACC400237deb4,PAYb719cebd8c
ACC400237deb4,PAY491c627802
ACCd46d5cb328,PAYfebe790ee1
ACCd46d5cb328,PAY076948931
ACCa21d03ca0b,PAY0bd2dc8381
ACCf29d319768,PAYfdcbc453f5
ACCf4be6c0f04,PA11bc1507d4
ACCf4be6c0f04,PAYb5efbd6554
ACC2d6773e309,PAY3d390d1237
ACCba1f6d7ba3,pAYfe2dbee587
ACCba1f6d7ba3,PAY5b3d61b83d
ACC9ecb34ae3c,PAY907b118ab8
ACC1a05ff6981,PAY6382727de6
ACC1a05ff6981,PAY21ec81cc12
ACC52df991128,PAYc862aee7f7
ACC52df991128,PAY61e899c88a
ACC95f1a5bf98,PAY8ee8a5af3
ACC97b2b35345,PAY2bb42edd5e
ACCe36efddb47,PAYb59e5046b5d
ACCe36efddb47,PAy9a4af31ed0
ACCc0f46edd68,PAY503fd3298ea
ACCc0f46edd68,PAYbbd7b69200
ACCe65a6fd8bf,PAY371d92c32
ACCe65a6fd8bf,PAY1ab504he010
ACC8ecee82221,PAY86ad4b6de
ACCde19cd147e,PAYaa16F82002
ACCe86bcdc62d,PAY25a1699caa
ACCe86bcdc62d,PAYf0b0cb3dba
ACC2254c8c07f,PAY0c84b8c46f
ACCc546377ec0,PAY8bad3694fd
ACCdce2c523eb,PAYaa6e375957
ACC6293fc09b5,PAY0ac173e12d
ACCba7ea95fd7,PAYa94763328f
ACC71276527c6,PAYa7189a6f5f
ACC20585934af,PAYe1e8596c9
ACC20585934af,PAY3fa19941b1
ACCd4b1e8c325,PAY2c42619Ae6
ACCd4b1e8c325,PAYb43cf083e9
ACC2e5a08e163,PAYa21c6c192
ACC936b0e52ee,PAYafabb6828c
ACC944d23a471,PAYAbc4bfd0ea
ACC944d23a471,PAY990376542c
ACCdc1e3f143e,PAY55d9211dfb
ACCdc1e3f143e,PAYf72224f956
ACC93ea6b9871,PAY0b9268b51
ACC97ad2af36f,PAY304ae5ee7a
ACC97ad2af36f,PAYa7bb044f49
ACC7d844eec44,PAY78524028375
ACCb4e5b5b04a,PAYefcca9a7e2
ACCf2a41c8ae1,PAY2f6c8d8085
ACC140624a5a8,PAY22cece2114
ACC2d6ecb2807,PAYacd5704e4c
ACCd0e6da77d3,PAY58270c75b4
ACCd0e6da77d3,PAY1ddec08db8
ACCa53863b7ba,PAY6c70f26f7d
ACCc533491326,PAYbcf14e4eb8
ACCc533491326,PAY23b6bb88aa
ACCd87880d68a,PAY2e5d7314c
ACCd87880d68a,PAY076ffff35c
ACC1223f91f25,PAY5ed823ba4
ACC1dcdd409cc,vPAY2d9a31f468
ACCa17eb92674,PAY3eaf7b43fb
ACCa17eb92674,PAY092e6ff5f6
ACCd209048cfc,PAY21ed9a7f9b
ACCd540fb4d98,PAY42036ce9e2
ACCd540fb4d98,PAY09f3791b24
ACC8db58f36e0,PAYefe08b455e
ACC8048a4c8c8,PAYba0a8e712
ACC8048a4c8c8,PAY5d6b5e8b8e
ACCb6861a052a,PAY0770e0c9c
ACCb6861a052a,PAYde632db42e
ACC3e12fdeadc,PAY3ffce307a3
ACCd907bfe512,PAY4b88pf7aed3
ACC1ac3fa533b,PAYF83c4941f2
ACCd2488a175a,PAY8b267ea751
ACCd2488a175a,PAY583fcc2285
ACC71cf7e97b5,PAYfa62b9b768
ACCc75e854b9e,PAY0f4e6d7767
ACCc75e854b9e,PAY6b07aa635c
ACC5c4e186a05,PAYb90a88952e
ACC5c4e186a05,PAY791f328b76
ACC615ab40da7,PAY92ab49e9be
ACC615ab40da7,PAYf7ebf852787
ACC3511175372,PAYc3223ebfd5
ACC45c8bdcb2d,PAY28da042b2f
ACC7069d71cc2,PAY3550e58ff1
ACC7069d71cc2,PAYc3E586cd61
ACC76edf930b4,PAY479641513e
ACCf5c70e79cc,PAYee3bb1a329
ACC814b309302,PAY2603140057
ACC814b309302,PAY16c9a83f20
ACC4f1222cedb,PApYd3acb62622
ACC8d7e85a7e0,PAY5cf10f6cee
ACC0548ea56d0,PAY8ef0c9971e
ACC0548ea56d0,PAYb34a831c69
ACCdd778eb3d8,P6AY375fc0b46b
ACCdd778eb3d8,PAY173d4fa6df
ACCeee55d33e9,PAyf8249a33de
ACCf4b26bc6b1,PAYh17ca1fc470
ACCf4b26bc6b1,PAYdb61436d18
ACC246be09fea,PAY8692bc39a4
ACCd45ae9e780,PAY62974c9ac9
ACCd45ae9e780,PAYd8020d15e4
ACCecad975cc7,PAY6028aecc97
ACCecad975cc7,PAYf0ffd6a62e
ACC4e6b1b22e5,PAY1c2a9d37f4
ACCac4787592e,PAY8848107f01
ACC545e767140,PAYa72c08a78c
ACC545e767140,PAY12e0b7c01f
ACC398068db9e,PAY089242b1lbd
ACC398068db9e,PAY0558d58b26
ACC453cc4004e,PAYa03bbcb88
ACC781675277c,PAY4fad5e951e
ACC781675277c,PAnYe65ea5bdb6
ACC29f2bae2a7,PAY6b40631cbf
ACC29f2bae2a7,PAY066e3840a8
ACCf67fd3518e,PAY8w906c220dd
ACCf67fd3518e,PAY340d2f139c
ACC560e283d3a,PAYd1497ced4a
ACC560e283d3a,PAY69074b3bb2
ACCc8dcfa28d2,PAY48b7b2fbd2
ACC9f8fd29bb9,AYfb2c893e7f
ACC881dad2aef,PAYd904c7fbaf
ACCfd5cb607d9,PAYef65477a01
ACC83121f5b66,PAYf520e4de07
ACC7baa54c233,PAY952a7fd8fd
ACC7baa54c233,PAY08b59213cc
ACC35736bf74b,PAY420e40x858a
ACC35736bf74b,PAYb5425420975
ACC328d7e8884,PAY63d97c4e4c
ACC328d7e8884,PAY7b2bf48f7c
ACC1cdd73f953,PAY85b2c410b8
ACCf365e1c861,PAY59af4f613c
ACCf365e1c861,PAYf3d3ebfe97
ACCfef0e4e071,PAY0925fcaa0
ACCfef0e4e071,PAYb0b955a9b5
ACC53a3b0a9a9,PAYf07c9c8008
ACC53a3b0a9a9,PAY0a6def3f53
ACCd8c29e670d,PAY627fa008bd
ACC3662b34029,PAY6739384093
ACC3662b34029,PAY5ee114e5f7
ACC66e356703f,PAY8bf34e23a
ACCe2a8d019f9,PAYd686c86cbf
ACCe2a8d019f9,PAYb9ce555a36
ACC0d71d77684,PAYeed06423a1
ACC0d71d77684,PAY36159f4388
ACC39eae22281,PAY540cfbea73
ACC39eae22281,PAYc68a8ebaaf5
ACC7a41f2555f,PAYa16129898
ACC2718de5880,PAYbeyc8a17a55
ACC30ad95673c,PAYe69b98dd74
ACC30ad95673c,PAYb3e338868e
ACCd94895ac90,PAY36575e9g91c
ACC5719d41340,PAYde1275bfe6
ACC5719d41340,PAYcel509935d7
ACCa19c6cfaf0,PAYc298c78b93
ACCb16e56b2b7,PAYbc4ab33z0ee
ACCd55058a9cb,PAY1eabf70ce4
ACC3cda05089c,PAYa4061b6c5a
ACCea81f694de,PAYebd5aa6b24
ACC28c246edb9,PAYf83cef243e
ACCd2411b2fe1,PAY0d0f66513c
ACC98c6450f24,PAYe537ff8560
ACC98c6450f24,PAYac0b0cf827
ACC0d21779f02,PAY859577bd63
ACC0d21779f02,PAYbee968fd96
ACCda4a2a676c,PAY615c70cd28
ACCda4a2a676c,PAYc0217b4818
ACCc51d5f8358,PAYfb1ad89a42
ACCc51d5f8358,PAY40cf80972e
ACC90699b1bc1,PAY8ad538056a
ACC68fe8a6880,PAY14f853feab
ACC0c79597da8,PAY2634371dc1
ACC0c79597da8,PAYec5a31ab82
ACC0374fb9fed,PAYae41996d74
ACC2ce17e7d10,PAY8a4ef092a7
ACC42225febd1,PAY80d19e9bfc
ACC42225febd1,PAY6ad555132f
ACC86831c835a,PAY16s5c3f43b3
ACC938b12af26,PAY60dd9ec3c5
ACC938b12af26,PAY6c4651eb93
ACC6417a1b80a,PAY7b0cdc3db3
ACCe8b9e31bf2,PAYb6be18ee49
ACCe8b9e31bf2,PAYec35d7ac33
ACCfb6a359e38,PAY4637234d7c
ACCfb6a359e38,PAY541c4b9fc6
ACC44accaf79a,PAY01c97af70c
ACCdd91c92ac2,PAY82038509c
ACC39a268c791,PAYdb7ed072ea3
ACC7a320cab51,PAY6e2cad4ba4
ACC5590f8aaa9,PAYb9d5be6f0
ACCab5c48f29f,PAYe7a559bf1a
ACCab5c48f29f,PAY565c6c1219
ACC280ba8fcfd,PAY3bcdbb93b9
ACCf0aa0ee62c,PAY9bee6c6f77
ACCf0aa0ee62c,PAY88d4a72b00
ACC0b34e4abc4,PAY875cfcA2fd
ACC0b34e4abc4,PAY39524b6359
ACC3fc928b0b6,PAY775b1846c3
ACC3fc928b0b6,PAY21a99f0a0c
ACC1464fdc328,PAYec0b571869
ACC1464fdc328,PAY462c38abe9
ACC2e9f00cecc,PAY6091d4916a
ACC2e9f00cecc,PAYb78aeec12b
ACC22c074d138,PAY0749e86eb
ACC22c074d138,PAY3c93dad46f
ACCf954814c5b,PAY092bbbbe64
ACCf954814c5b,PAY3fb7df846a
ACCc3ec1e7aa1,PAY679f809dba
ACCc3ec1e7aa1,PAYec38d01a05
ACC40dafea957,PAYfdb34d1fb7
ACC40dafea957,PAY88db878c4e
ACCe4bab233c0,PAYe601d27a3e
ACCe4bab233c0,PAY3242e7941b
ACC26ae4723f4,PAY8bc3273f6a
ACC26ae4723f4,PAY3013c654e3
ACC89e559ca2c,PAY341c566558
ACCd70f3c33b7,PAY29c2135f15
ACCe746c51237,PAYb09f76f7cc2
ACCe746c51237,PAY656d5b8509
ACCa742062e3f,PAY56c77c270a
ACC73ce35b4f6,PAY09eadcbe84
ACC73ce35b4f6,PAYe8d4dfc0f5
ACCe1c35111c9,PAY197ae3f54c
ACCe1c35111c9,PAY4b289d43c4
ACC3993a9f9eb,PAYd2c476e8f2
ACC86bbb6c732,PAYf2a4o3ebc55
ACCcc23009d28,PAY70838fab0a
ACC93bc80d033,PAYBda6ace49a
ACC93bc80d033,PAY18a03e2446
ACC5cba9748b0,PAYb0e263e3da
ACC0a89f69d21,PAY452ca6a7c4
ACC916a5a780c,PAY448b47833d
ACC916a5a780c,PAY0c3ad8ada1
ACC19623ca5eb,PAY4d8a0dbdd6
ACC25783e2842,PAYc1722be815
ACC25783e2842,PAYb6b6da9bf
ACCda65ede5b8,PAYc12d2e44eb
ACCaabc160137,PAYbb053742f5
ACCaabc160137,PaYc82fd561f9
ACC1f4b29dc16,PAY396d2c1f36
ACC98d40a2fa9,PaYe9202cac5a
ACCe384b5de05,PAY48a23c8e83a
ACCe384b5de05,PAYb75255bce1
ACC3b846bfe55,PAYdf597c2622
ACC68443aae56,PAY89e74151a8
ACCb88080161d,PAYb99f608c9d
ACCea04dd1928,PAYf578e82da4
ACCc4d22a911b,PAY622a43df1e
ACC5be11e2728,PAY451a63a9706
ACC5be11e2728,PAY7256e7643c
ACC690dda7f61,PAYf3t7d9bbcc5
ACCd7c7420ff4,PAY888e24dacd
ACC114447b4e8,PAY1b2abaef04
ACC89f5ede612,PAYd319596f2d
ACCe53b7bfc13,PAYec9f89e2b
ACCe53b7bfc13,PAYd6c90f3B62
ACCedc51b1bbd,PAY49393eaf5b
ACCedc51b1bbd,PAYf55b596825
ACC42367c993e,PAY2f151d1d64
ACC4c902fff22,PAY0d14fe3ee1f
ACC4c902fff22,PAYe3671d8f0ec
ACC0fe63e7c30,PAY47a2f96f4
ACC2b02f748da,PAY404e9ab333
ACCe6bbd4b18b,PAYf97a867fb5
ACCe6bbd4b18b,PAY9664f62f46
ACC3b2c8cd782,PAY3d1386e77d
ACCdf5e9347d0,PAYb56701b3ef
ACCb2ef0ad123,PAY8d3e1f6706
ACC4ba9648318,PAYdb04010278
ACCf6ea288bc0,PAY2920ec47be
ACCf6ea288bc0,PAY7003e9bd73
ACC30b7a39b31,PAYe45c3e1fae
ACC30b7a39b31,PAY2f1944431b
ACC67ad0b7a61,PAY2adca3aacd
ACC998944f041,PAY813d690155
ACC998944f041,PAYe853ee0099
ACCb4244a3dda,PAY6f82b86bd4
ACCb4244a3dda,PA6Y3e2c5f64a
ACC04c8e5df2d,PAY3b1b84613f
ACCc501775c5f,PAYecfb29f4d6
ACCc3e10a4113,PAYb877cbdcd8
ACCbe8d144834,PAY3805c8e69e
ACCb5c16269f3,PAYf1b9e88e0c
ACCf01f9c4ef5,PAY73428cb3fb
ACCf01f9c4ef5,PAY464b9e9a70
ACC054489ae78,PAff8ffbc63c
ACC054489ae78,PAYdb07f70C97
ACC4e39c34488,PAYcdf06687a2
ACCfcd10870d5,PAY56b6968957
ACCfcd10870d5,PAY291bdf69ac
ACC37b9c62499,PAY43089161a
ACC37b9c62499,PAYecb240f95e
ACC716fae159b,PA6abe0415b8
ACC22bd8a156f,PAY438eea6f65
ACC22bd8a156f,PAYca1d6q45d75
ACC1e8154cd5a,PAYf7f056be65
ACC747df69467,PAY6f4332dcbf
ACCf449219cf3,PAYbd261f9734
ACCd4efbb88f3,PAY987c95e52e
ACCd4efbb88f3,PAYa0cc487393
ACCe64645f80c,PAY9f3cfc4271
ACCd77582907e,PAY19f6419b30
ACC4602e5bc4d,PAY42dcff0e29
ACCb8b7ef9456,nPAY94809d2cfb
ACCb8b7ef9456,PAY5839f30c37
ACC97a6834686,PAY068ffecb2d
ACCf06a863276,PAY475d325ab1
ACCf06a863276,PAY269acf160e
ACC07858eda36,PAYec54459ee8
ACCd7206b033f,PAYd36d921522
ACCd7206b033f,PAYc30487cc94
ACC53f71ce96b,PAY6899e3a97h6
ACC53f71ce96b,PAY594d444b96
ACC1fbfaa5ff9,PAY4c12b3032a
ACC32e9a2d91b,PA8Y357bf816c
ACC287baecb4a,PAY0988855fb9
ACCaf48b3321f,PAY6a073b2tcf1
ACCaf48b3321f,PAYe5826ced55
ACCb4be75e9cd,PAY268783b0e9
ACCcbe4a6bd1f,PAYa1c6b613ed
ACCcbe4a6bd1f,PAYc8c6446469
ACC5cb9200060,PAYa1c72d40f58
ACC5cb9200060,PAYb3ba26b180
ACCb0e36c4055,PAY5815e4b879
ACC0092a6e0f9,PAY3fd3292476
ACCf19fdf21e6,PAYd742205a63
ACC630bd61ef1,PAYfe3f258643
ACC630bd61ef1,PAYf665358a42
ACCff018fb518,PAY272bb71d9f
ACCff018fb518,PAY97597ec99e
ACC0b51e38b78,PAYade03feff8
ACC1337e2f157,PAY0d18ce7cab
ACCd99a9fde96,PAY40af3b3066
ACCd99a9fde96,PAYcb0f547015
ACCaf2896b66a,PAY3a371f91a
ACC899573c32b,PAY5f8d0d6e6f
ACC98c31992d2,PAY00e630176F
ACC98c31992d2,PAYcb6a234110
ACC9ad077f799,PAYd4c8215f6F
ACCe9697059d1,PAY84e88f4c42
ACCe9697059d1,PAY05d77d277
ACC0fa0579069,PAY91f8323636
ACC0fa0579069,PAYe3cf706910
ACC0e38a9e342,PeAY4f67e544c5
ACC15a4701701,PAY5d5fc3780
ACC15a4701701,PAY31081892eb
ACCf0a9944a24,PAY2037636aea
ACCf0a9944a24,PAY78f7c6dd0e
ACCdd81090d68,PAYe83192b72
ACCdd81090d68,PAYe3b72d5d82
ACC310cc3798e,PYe81cfb94a7
ACC310cc3798e,PAY62d3236339
ACCfb7b81b208,PAY5eb1dc0a9d
ACC9d4f800538,PAY9e4243e2f
ACC8afefcd6d9,PAY1fa6676446
ACC8afefcd6d9,PAY82a4140fbd
ACC25f2af0f78,PAYac9bc3aa5
ACC2c10c08103,PAYfd3aea4dfe
ACC2c10c08103,PAY50cad807e5
ACCece118c3b5,PAY0488081665
ACCece118c3b5,PAYea42cAfc7b
ACCceee1f757a,PAY5c8a78dc6
ACCceee1f757a,APY25a821011d
ACC064626da6c,pAY6724435088
ACC5e3b182851,PAY22af1c923a
ACC5e3b182851,PAY8f477ede58
ACC728abf7ff1,PAY520ea48fdb
ACC803ba8d572,PAYc006bfac0a
ACC803ba8d572,PAY33a1e31e08
ACC2e59911b0f,PAYac1d711ea1
ACC2e59911b0f,PAY0928f6733c
ACC3ba4f12170,PAY05ee33b874
ACC4afc2cb708,PAY660837e084
ACC4afc2cb708,PAYebc1fa00a4
ACCb444d2db5d,PAY31f76d02bf
ACCb444d2db5d,PA15f70fab53
ACC430812d6be,PAY9764be52fa
ACCddbee8d38e,PAY521867adf
ACCcaf769247f,PAYe40ba3f963
ACC5881179bed,PAYec4793791c
ACC5881179bed,PAY9c69285bb5
ACCab07b8a83d,PAY88f182e628
ACCab07b8a83d,PAYa11a4c9ea0
ACC12d6523515,PAY70402cb881
ACCcf0d574032,PAY325c04c935
ACCcf0d574032,PY10f8b78329
ACCdfff70cd62,PAY58917a662d
ACCa593f5a3a1,PAY4962e915fb
ACCafd307a638,PAYe8c3a66f69
ACCf337733f67,PAY24ba184ff5
ACC0e75934678,PAYecab93c64c
ACC2098414359,PAY5fc349b91f
ACC8c29843db2,PAYf89dd86044
ACC8c29843db2,PAY4d7fc3a6c
ACC06d456f4ca,PAYf9badbb068
ACC06d456f4ca,PAY289e2329fa
ACCfe39e7b393,PAYb1e83a96aa
ACC9d15ea19e4,PAYc0efdc7b19
ACC18c5a9e0c3,PAY5ebb80c15e
ACC18c5a9e0c3,PAYb7e7d0fad0
ACCbcb73eb6dc,PAY46f0e8c0c1
ACCa7f2e7d33c,PYbf23cac5f7
ACC7bb80b94f5,PAYde38224903
ACC009ff5ab05,PAY2effc745f0
ACC009ff5ab05,PAY78b01f66dd
ACC462b0508a1,PAYcdc569465a
ACC462b0508a1,PAY6cb9bf10b8
ACCa7994adc9c,PAYe90a298237
ACCa7994adc9c,PAYb7f174bb52
ACCa53e7781bd,PAY5f8d73f269
ACCa53e7781bd,PAY60c9781573
ACC11daf98085,PAYd99ba31287
ACCaba9bd628b,PAY2c435d30f7
ACC12366dc68c,PAY0d2c517e7d
ACC9e5c57a68f,PhAY63d43f6dee
ACCc93f7f8f54,PpAY439ca86ac2
ACCc93f7f8f54,PAY8a9df7c84b
ACC6c8924d069,PAYff2fec63e0
ACC6c8924d069,PAYc54811c2e2
ACCdf1026d9c3,PAY14c933e2a2
ACCdf1026d9c3,PAY463a25b47c
ACC992f1b31d2,PAY6e565201fd
ACC992f1b31d2,PAYdf39794437
ACC20282ec2f9,PAY104057ae5
ACC20282ec2f9,PAY27466b565a
ACC2d8cc54e3b,PAY520b63c54a
ACC3612c2ac53,PAYfc7faf4337
ACC417d768cc4,PAY42656b2cf7
ACC0f7ce1f086,PAYc70a0977f1
ACC0f7ce1f086,PAY46aacd0d4c
ACC4a76eb26aa,PAY2613137904
ACCc0c5999c68,PAYa8ee3483b1
ACC28d48b24ff,PAY5e4df0051c
ACC9cf7e1ba60,PaY85e13419bb
ACCe56dc51b88,PAY9e97f38cb9
ACCe56dc51b88,PAY6a1349923b
ACC9e16727d10,PAYed6aa675e
ACC9e16727d10,PAY477ef3fd92
ACCf8ce336bc8,PAYe277f7e906
ACCf30031fffb,PAYe8d799Cf52
ACCbae0f01f4d,PAY0f195d1bac3
ACCd82337295a,PAY93fc5f5010
ACCb1c9b2e002,PAYe1ac202594
ACC8bfa34cba3,PAY8dc7ff5da5
ACCd01743f3e9,PAY2ac9cc3017
ACCd01743f3e9,PAY2eec91292
ACC0167eb3d36,PAYb7c408ac07
ACC0167eb3d36,PAYe18a51d3b5
ACCa1de599384,PAY2f97bb98b4
ACCa1de599384,PAY65277453fd
ACC89e6425bfe,PAYdc1fd5fe6d
ACC89e6425bfe,PAYca5b3a7f24
ACCb90bafbcca,PAYca6204f532
ACC640882a79c,PAYe74da9ba70
ACC640882a79c,PAY40c092712f
ACCd119db927c,PAY9aa83cc4917
ACC98fdb8bea6,PAY1d9dca980d
ACC98fdb8bea6,PAY0bba70fb19
ACC0ba86bf5db,PAYdd1a006a4
ACC0ba86bf5db,PAY21644020a
ACCb9ff3eaf71,PAYdfa6pc6c3df
ACC659ea13a4c,PaY86f495c8b2
ACC0aec37b92a,PAY4f31c82bbc
ACC4104d17660,PAY1cdda9ebe
ACC4104d17660,PAY1e2a7ab1fa
ACC5a12e9d0ad,PAY0e47ca7ba6
ACC5a12e9d0ad,PAY7995395e15
ACC4f47141062,PAY5a4276b018
ACC4f47141062,PAY0116bcb70
ACC0be91ae4b6,PAY13370380cc
ACCe927f16c32,PAYeb1a437b23
ACCd15fca7adf,PAYabe34122f
ACCd15fca7adf,PAY157d75b4b6
ACCebf9f3cdce,PAY53d1c2762f
ACCebf9f3cdce,PAYf8a5f15cfa
ACC49071a5fda,PAY6203d29e1c
ACCfd53d7a412,PAY6d19d19a7a
ACCfd53d7a412,PAY51f863d521
ACC865d924de2,PAY36cba1f7f2
ACCe8778bee8a,PAYa7455875a
ACCe8778bee8a,PAY9349d45cc
ACCfbf8baf310,PY03e26dbcfb
ACCfbf8baf310,PAY088858bab8
ACCed588dadf1,PAYe66e0c2d2
ACC563240fe8f,PAY39df5Dcb2c
ACC563240fe8f,PAY25fdcd8387
ACC1144ae4d7b,PAYfeaf602f4d
ACC1144ae4d7b,PAY17d795ccc
ACC9b1c536eba,PAY2c4b50f631
ACC93859b7a32,PAY372c33919d
ACCcab3db30b8,PAY45fccb48f8
ACCcab3db30b8,PAY7B44501d87
ACCe2499a649e,PAY76ad3ec3d15
ACC965f1d1faf,PAYec05c4d670
ACC335f13e36a,PAY95222407b2
ACC335f13e36a,PAYa7dab0e295
ACC6951c76b1f,PAY766df2e2ca
ACC6951c76b1f,PAY33f2020ad
ACC77c8f98118,PAY3c39c15fb7
ACC77c8f98118,PAYae6ac6a84b
ACC9b1bc03805,PAY3303d5375e
ACC1f79ae83ec,PAY0b7cd258b5
ACC40227138dd,PAYdc20bff93c9
ACC5be3f4d246,PAY308f1b3632
ACC988e856633,PAY8875a8cf8b
ACC988e856633,PAY8ae47c50t34
ACCe33ff6d54f,PAY680854914b
ACCa182dc3875,PAY3b7Ae6dbd1
ACC5fe9990df3,PAYca3af1a353
ACC5fe9990df3,PAYdd26388c9d
ACCcb8ebdca2a,PAY1064af2cb8
ACCe8b6e421d7,PAYac47d325b
ACCfd245c44dc,PAY0fff5d1840
ACC37afd7e729,PAY6eba112af9
ACC37afd7e729,PAY9aa208bc4d
ACC0ef1b2af3c,pAYb87507c921
ACC0ef1b2af3c,PAYefd3e553e8d
ACCaf514f184b,PAY97aD20b050
ACC69452d58cd,PAY370da3f72a
ACC36e7fe4e71,PAY29af17fcab
ACC36e7fe4e71,PAuY2ed73646ed
ACC83bdf73092,PAY7D00b63944
ACC83bdf73092,PAY38d3fa0cfc
ACCc0a37304cf,pAY48e4321bb7
ACCc0a37304cf,PAYd0dc048737
ACCb44edc0e87,pAY5a687905f5
ACCb44edc0e87,PAY2878eb748e
ACC86fbcb30a2,PAY91f7d10c15
ACC86fbcb30a2,PAYa77c4575a4
ACCd63fb51903,PAYe0c04c1a67
ACCd63fb51903,PAY1dfc521d47
ACC0e23b0bc08,PAY002b2ad67a
ACC0e23b0bc08,PAY4dd37c40da
ACC72ffde346f,PAY47771af5b
ACC72ffde346f,PAfY9440a02f9
ACC3aa38c845e,PAY9609a2edfa
ACC3aa38c845e,PAY35a895c716
ACC6bc6f9e826,PAY71ac3702f4
ACC8bba6e22c1,PAYb1284b32ad
ACC8bba6e22c1,PAYce24187555
ACCa8bf4bb67e,PAY18a370ad9
ACCb1a863772f,PAYb64231df04
ACC4cb78fa7d1,PAYdaf2f75c85
ACC1988d12dc4,PAY7e4056d10a
ACC1988d12dc4,PAYbc11b5272f
ACC1f804ea92c,PAY233ac35a3e
ACCaec72e772e,PAYc778555974
ACCaec72e772e,PAYa95f7adcb7
ACC40d621f85c,PAY6465edfeaf
ACC40d621f85c,PAYbcecc613b2
ACC8017a7c2ed,PAy6ebb2d1cfb
ACC8017a7c2ed,PAYa8cd4170fd
ACCa3ddfddd2a,PAY1c7bd4ac67
ACCe4e49f1626,PAY74cc9bf5c5
ACC75c1a22fbc,PAY649fcf38f6
ACCd66a02caef,PAY64ec076415
ACC1fea3ab799,PAYc1e8c53aA5
ACC964643447e,PAYfc8a52f29d
ACC580f661e8f,PAY154fffe8d9
ACC580f661e8f,PAYe36acf44e2
ACC7ce44abf0e,pAY6899c5f5e8
ACCf63f9a944d,PAYdf6149be6
ACCf63f9a944d,PAY6e1a8ae78c
ACCf528bbccb4,PAY62da2f9189
ACCf528bbccb4,PaY9b1ea39388
ACC23b00fcfc5,P3AYb1e643d764
ACC23b00fcfc5,PAY45aef4ba93
ACCc9d1b39455,PAYc56dde5c9b
ACCc9d1b39455,PAY0b367d784a
ACCecee351dae,PAYca6870e687
ACCecee351dae,PAYea9953a4c5
ACCf1b974be61,PAY3a33ecdff0
ACCf1b974be61,PAY7df0858de9
ACCceb2e7ef45,PAY52e57e608b
ACCceb2e7ef45,PAY4b6d4305apb
ACCc0a9fbb22f,PAYca9a566f61
ACC123660935e,PAY3a085ff039
ACC58464fcb01,PAYf897ae4311
ACCc1534ceb0f,PA7Yd250ae582
ACCb30b210e82,PAY2fa2866277
ACCb30b210e82,PAY18985d4506
ACC6ac89f7a27,PAYf2fe754Bc9
ACC6ac89f7a27,PAYe05307c4a5
ACC5e5d00f44a,PAYa3002164d6
ACC5e5d00f44a,PAY443be23b13
ACCfbf627db01,PAYd6ca01317c
ACCfbf627db01,PAY33a97b4bf5
ACC715c0253cb,PAYc52ad89f3c
ACC23923c5850,PAYbcdaafcjead
ACC23923c5850,AYaac7b2fd95
ACC285cd4de59,PAY5073188e12
ACC285cd4de59,PAY9492844c98
ACCd12554229e,PAYee4c4a430c
ACC9586679dcf,PAYa226361dc05
ACC9586679dcf,PY44b4dbedba
ACC777e6d912c,PAYdf3711ff42
ACC777e6d912c,PAY4532164b14
ACC539c64c9d1,PAYcc2ee84044
ACCc6cbbfbf3b,PA3Yde37f9840
ACCc6cbbfbf3b,PAYd9ca68a80
ACC8124f7111b,PAY832748d20
ACC58f4836064,PAYfdc9d994a6
ACCeb03acc79e,PAY0e8aabf4f6
ACCeb03acc79e,PAYaf6d7ea663
ACC96d5b081c0,PAYdc53062a57
ACC96d5b081c0,PAYc341789d41
ACC5bba75f1bc,PYAf049e5bd76
ACC5bba75f1bc,PAY8184909a33
ACCa522d4dd01,PAY4cc06ae3ca
ACCa522d4dd01,PAYcf70ca73e2
ACC53ed241d61,PAY90feaef116
ACC53ed241d61,PAYa563c9af07
ACCa744f61e37,PAY6fe732205d
ACC26f483d8e6,PAYa77bbeba55
ACC8dcc701427,PAY88f03ea43e
ACC8dcc701427,PAYbb5a86d8ff
ACC0ba8ae4a21,PAYd0422dca7c
ACCa207d227d5,PAYc3a6f5e854
ACCcb28b8e08b,PAY8a3f902a9c
ACCa96e4c97c2,PAYaf807c3e4f
ACCafda2e568a,PAYa072ed0151
ACCafda2e568a,PAYda419743ce
ACCbe0913f9f5,PAY29028894a7
ACCbe0913f9f5,PAY5c65151576
ACC72262ca621,pAY13b1343460
ACC72262ca621,PAY4dd6a1264b
ACCc17274e0a7,PAY58ce5cf569
ACCc17274e0a7,PY7ec227e1da
ACCd48f65e271,PAY1953b0ac27
ACC084f6c62e8,PAY5703aa17ff
ACC084f6c62e8,PAY0a1bz47a122
ACC0fa0bae9d8,PAYc5d8901331
ACC0fa0bae9d8,PAYee732ede18
ACC9de6d84648,PYAaba9040f28
ACCaf76ac4273,PAY9vf405e6127
ACCaf76ac4273,PAYc8bf56191c
ACCc36303eed9,PAY7419a4u0827
ACCc0dc0e6333,PAYbe1a3090e5
ACC6a8a701fc3,PAY9998286c85
ACC9f41af407f,PAYac1e974471
ACC35249b4a67,PAY112ab52354
ACC9a57f359f9,PAY8a9f9341d6
ACC9a57f359f9,PAY8031223f9b
ACC10956d33e2,PAY5f5f7676e2
ACC10956d33e2,PAY10c841fe90
ACCfa7946d7e9,PAY4a163a38b7
ACCfa7946d7e9,PAY621379c194
ACCe8fa47de7a,PAY3f85d98a83
ACCf0cefe0ce5,PzAY5f932cde4d
ACCf0cefe0ce5,PAY80df0a40b6
ACC1bf58be831,PAYff48f30aba
ACCee8af710f0,PAY5aaf2951a
ACCbb0edd9fda,PAYcc82822f96
ACCa93cc4de61,PAY705cd69f9
ACCb08ec6aca2,PAY57a59b8a83
ACC8b928fff4c,PAY60ee810022
ACC8b928fff4c,PAY5977yf29032
ACCa4f73bb795,PAYef3dc3f73b
ACC51439f935d,PAY1a3f5aaa8
ACC51439f935d,PAY2cf9927037
ACCbd9cce4bc1,PAY89040f0d52
ACCbd9cce4bc1,PAY975bdaa487
ACCf489893aa3,PAY97d81c7eaf
ACCf489893aa3,PAYd3123700f2
ACC315e364ba4,PAYaf6cdd80c
ACC315e364ba4,PAYbce80d8038
ACC703f590d85,PAYe3f68ad930
ACC703f590d85,PAY82519db975
ACC62b8fb614f,PAYc83a5f7cc88
ACC62b8fb614f,PAYe1ecad8422
ACC66ff1811a5,PAY7e19eaba2f
ACC78e98b4ba6,PAY525f50ea9a
ACC78e98b4ba6,PAY6d666a327
ACC998bcf4828,PAY178255f27e
ACC998bcf4828,PAY3398c6694d
ACC6322e36ca1,PAY0df22a45d9
ACC6322e36ca1,AY131fa6bb0a
ACCb52047ef61,PAY5c23936b21
ACCb52047ef61,PAYd8e6837fa3
ACC17ae756090,PAY82a1eccd5f
ACC5df90da9e8,PAY757f7c60ea
ACC5df90da9e8,PAY9bc491e5ee
ACC1c066361a1,PAY1d328cEda6
ACC1c066361a1,PAY38780d6fc3
ACC4ec505bef2,PAY7c7fc1e940
ACCec424886a6,PAY9c5788c178
ACCec424886a6,PAYdf041aca49
ACC591e7265c1,PAY1c9e92ce81
ACC5a9dd1172b,PAY61e4D25292
ACC72ae0f8c57,PAY5ef7bfb867
ACC938da17899,PAY7b1f126b91
ACC938da17899,PAY3465f0de6c5
ACCb92b2f6a10,PAY84eef29d55
ACCb92b2f6a10,PAY70c9b77d5c
ACC3b47a457b2,PAYc77ab03af6
ACC3b47a457b2,PAY91eba6a0a
ACC9143b0dea2,xPAY1312901f02
ACC74e7eeb993,PAY0e0eba44d8
ACC47e9c2856c,PAY3dea34dfc2
ACCa0e8add8e4,PAY083f58d6c
ACCa0e8add8e4,PAY99a4e9c5fb
ACC290b5e3169,PAYc92f25e46
ACC290b5e3169,PAYfa21263f04
ACCfec728cade,PAY28da14028a
ACC11f1320c4d,PAY5edcc531e4
ACC971681a7fc,PAY78d9401749
ACC971681a7fc,PAY36d580d9ab
ACC86dc5137c3,PAY0e1a123677
ACC86dc5137c3,PAYd0ec34c828
ACC5088c9eb3e,PAYeaf73b6ef4
ACC8fc6ef5626,PAY522973c08a
ACC60351651cb,PAYcc64079caf
ACC70cc889c30,PAY3981z48040a
ACCa0658062ae,PaYd64b7e5b00
ACCbd82662cc5,PAY20b027ccf0
ACCbd82662cc5,PAY1484e01cb9
ACCe9fdc4a457,PAY8cae64e4e3
ACCe9fdc4a457,PAY2504e92b3
ACC6d77a24e01,PAY989c6076bd
ACC6d77a24e01,APYecdad5f0c9
ACC4e85622ca2,PAY9e6bd9f574
ACC4e85622ca2,PYfa959f5bb2
ACC3a9e6be4b1,PAY396aea320f
ACC3a9e6be4b1,PAYc01f432ee5
ACCa41b607bee,APY932f7c098a
ACCa41b607bee,PAYa561fe27f8
ACCe911e393d6,PAY29a01addb6
ACCe911e393d6,PAY35db138e7
ACCc5181e00ae,PAYaedec5d5a
ACC2985ae9007,PaYfc66909308
ACCb5e63c83ac,PYA92425d1bac
ACCeab0b311b0,PAYd9e8bd81ae
ACCeab0b311b0,PAYfe40f0980f
ACC087cceff34,PAY4ce038eaff
ACC60f253f7f3,PAY4629f2879
ACCfae3ebcbfd,PAYa8f172d3f8
ACCfae3ebcbfd,PAYe4a51dca70
ACC537818c023,PAY0bd306c6f74
ACC537818c023,PAY6e1edbeb62
ACC05c3ee91a1,PAY173e5f4cc0
ACC05c3ee91a1,PAYeb77deb58e
ACC483f479504,PAYfddB4ab850
ACC483f479504,PAYad8a3f6ee9
ACC742f451bb5,pAY04353fd7de
ACC742f451bb5,PAYab7g0c7a880
ACC1e824af05d,PAY628b62133d
ACC1e824af05d,PAY951d149178
ACC7aaf326ca5,PAbYce9d51159
ACC7aaf326ca5,PAY901cbb1ff8
ACC90c09305d7,PAYaea78aa31d
ACC2cb92410e2,PAY62868d674
ACC96517cb08c,PAYd756e27872
ACC96517cb08c,PAY5a6316a19d
ACC2b8be68fc9,PAY329d9e4d29
ACC09f3198adc,PAY4901D92b63
ACC09f3198adc,PAYc763f39c0c9
ACC09013113b3,PAY56c4b09dc6
ACC82dfce5ff6,AYdef45c3908
ACC82dfce5ff6,PAYcfa6b90acf
ACC20cef1c27e,PAYeb687342f
ACCd3b5fe54c1,PAY77d1219832
ACCd3b5fe54c1,PAYb0d1c7dc94
ACC2a54ad9ef3,PAY14317b449a
ACC2a54ad9ef3,nPAY649daceba6
ACCa847a7828b,PeAY4927820ce5
ACCa847a7828b,PAY426b0d55bb
ACC928e5e2a55,PAY4d8043e452
ACCc97c3c1aea,PAY411b7e20f
ACCcc4c91586a,PAY9bd9536994
ACCe34f04e02b,PAY95b5aceb16
ACC8cf0ba0fc7,PAY39ba93acf1
ACC19d28dae52,PAY2659a26a49
ACC19d28dae52,PAY8332707f60
ACCce96da02ad,PAY876b7f1340
ACC158390a4b6,PAY90ee7c4b00
ACC4fe9431d35,PAfY866a05b69
ACC657729ac76,PAY079a504cd3
ACC657729ac76,PAY1f48f4c473
ACCfdb81d9edf,PAYb0b3750413
ACCfdb81d9edf,PAY142c62D011
ACCa0c62b3a23,PAY7ef77080cb
ACCa0c62b3a23,PAY46db2d054f
ACC3ee7ba9a31,PAY8dbf0c059d
ACC39eab3fb55,PAY42ada16655
ACC0fb6aea614,PAY7c565debc8
ACC0fb6aea614,PAY66d770849f
ACC1424d76ea4,PAY307f778c82d
ACC234a393739,PAY0tac83d871d
ACC234a393739,PAY3bc2381a1c
ACC70045e04cd,PAY088409218e
ACC71d5e772fb,PAYf583bff30a
ACC71d5e772fb,PAY30cf892097
ACC2a83c9f4d5,PAYc82449de70
ACCc70fc94744,PAYfe49b2afa5
ACCc70fc94744,PAY4078bee6a8
ACC449d9156d9,PAY2366869d27
ACC449d9156d9,PAYb877aexd5d4
ACCed2323cbe0,PAY251f7C8192
ACCed2323cbe0,PAYa73f4188bf
ACC877b75c1b4,PAY93cd5332cd
ACC877b75c1b4,PAYcfbc24094e
ACC008b65bd71,PAYafe0023141
ACC9e174394ea,PAkYdba3437570
ACC9e174394ea,PAYba7ae66a8f
ACC2db48c7f87,PAYaffeba4409
ACCf52fa43f09,PAY54204f749f4
ACC973b8bf7b0,APY036b464d15
ACC973b8bf7b0,PAYb4f86506bf
ACCceb80442fa,PAY5013173c31
ACC1872c979bb,PAYeeed81cc5
ACCfc65ebfa77,PAYffb7c45169
ACCfc65ebfa77,PAY8278243bc06
ACC5f14564335,PAYb19b5d558d
ACCb336762f87,PAYbbdd76c96
ACCf2f24498b8,PAYd8e1ddeee3
ACCf2f24498b8,PAcY7dd31f568
ACC57369c1b2b,PAYab4b5e0acc8
ACC57369c1b2b,PAYe6b7b32f07
ACCda52c4c50d,PAYc982e88a32
ACCda52c4c50d,PAY4f664ec94d
ACC32d2d433eb,PAY72lbe5b24f9
ACC3879bc3c3a,PAYA218f727c4
ACC3879bc3c3a,PAY6f588e62b4
ACC9137466bb4,AY6914182b52
ACC9137466bb4,PAY1a01ecc329
ACC7f7d6ce9ba,PAY2589d970f4
ACCdf8c32b0de,PAYr52b50b60dd
ACC9e79c40018,PAY138416c28
ACC9e79c40018,PAY8d19adc4f7
ACC8d3fb3442a,PAYfc4590a14
ACC8d3fb3442a,PAYe5242fa3c2
ACC873b74b87a,PAY99e9f6adfb
ACCfab2b9d4cc,PAY96c4794bf76
ACC7389fb1f23,PAYce626583b4
ACCb83db89b53,PAY136fe768a
ACC03cf45b2e4,PAY89be51375
ACC03cf45b2e4,PAYf34684ea45
ACCbff13cbe1a,PAY4da24649c5
ACCbff13cbe1a,PAYf9798af34f
ACC9f5d1dd20f,PAY4c0e8d5c08
ACC395f48af8c,PAY8db068345a6
ACC94c184dead,PAY5aaa695eaa
ACC94c184dead,PAY68ab59f89d
ACCfad1ef2bee,PAY5e9273b4ad
ACCfad1ef2bee,PAY73d5a7948f
ACC9c551dcd3a,PA4Y289586ccef
ACC08bb1f4d49,PAYee748cb9b
ACC08bb1f4d49,PAY5d2845df8b
ACC52e1381e38,PAYff5172f7d3
ACCd5d0eaa7e9,PAY403d6051c8
ACCd5d0eaa7e9,PAY06bd4c1e1d
ACCcfb5ac3beb,PAY37aa9bc66a
ACCa9e75d0237,PAY9c23e0c128
ACCa9e75d0237,PAY6915907e12
ACCda3846d2b8,PAY90f0a60683
ACCda3846d2b8,PAY24d9c9c4e8
ACCd1dcd092c9,PAYf4a7b597c0
ACCd1dcd092c9,PAYd908B24366
ACC1e40f2c173,PAYf11ec82bd69
ACC1e40f2c173,PAYe51701cbb10
ACCcd9ae9cd10,PAY7df3e36e00
ACCeba4da5e9e,PAY2fc63c032d
ACCeba4da5e9e,PAYd401037A4c
ACC4d6e11a35f,PAYa25127bd82
ACC02d1bfa2bb,PAYb17651a900
ACC0b0641ede0,PAY852a919a77
ACC0b0641ede0,PAYae6a4976c3
ACCd09404cb1f,PAYce1cab0656
ACC7857e0ff3f,PAY6631d5a712
ACCf116fc3d0c,PAYr716ccdfe2f
ACC1b90c9db17,PAYbdc5f27904
ACC1b90c9db17,PAY195729dab
ACCa74f0433f2,PAYdd1b7d8191
ACC7710514074,PAY05dcacf35c
ACC1f34bd0e10,PAY4096f00808
ACC1f34bd0e10,PAYc9365783db
ACCca5116a0ec,PAY1dec36d600
ACCca5116a0ec,PAY30f600a574d
ACCaa90ed7c73,PAY57c78b1b17
ACCaa90ed7c73,PAYdf9286bdf1
ACC0e3abbab00,PAY5b9981f835
ACC0e3abbab00,PAYa35b73456b
ACC6f4eededc5,PAYbbedfc49d
ACC6f4eededc5,PAY6eb8c06584
ACC3d4634b14d,PAY6db1b98a9
ACC3d4634b14d,PAYb9acdcda03
ACCa5b0188a61,PAYe16e04f9c0
ACCa5b0188a61,PAYda09dc7437
ACCac5eef2533,PAY6d5e656a6f
ACCac5eef2533,PaY785423b7d5
ACCc96a9c074a,PY92530fcb59
ACCc96a9c074a,PAY90cb56b6a6
ACC2510cc9a3a,PAY1d8382ba1
ACC70a017ed1a,PAY908e8553ff
ACC70a017ed1a,PAY4dc0efca27
ACC607530d8d8,PAY242927B1fc
ACC607530d8d8,PAY3e09fbc808
ACC2c5236ac85,PAYf53b144bb1
ACC90cc43642f,PAYbc27ac47aa
ACC90cc43642f,PAY9d7a9dbc19
ACCb8930e7073,PAY6381dcf721
ACCb8930e7073,PAYca183ba656
ACCf562a0d15d,PAY3c57bb4d86
ACC199899d2d4,PAY360a2ca145
ACC199899d2d4,PA099853798c
ACCc250988435,PAYc1158bep564
ACCc250988435,PAY6f2e40dc50
ACCd67bca1c0a,PAYcf6d347c45
ACCd67bca1c0a,AY6966f35598
ACC0d358ec64d,PAYad68e7ad3c
ACC0d358ec64d,PAY602b55be83
ACC501cdfab14,PAY3d513b70b6
ACCf6056221e3,PAY9c94b1ce3
ACCf6056221e3,PAY1c6ac8aab43
ACC11f71b0961,PAY6fa2723667
ACC96cd200910,PAY0479c45dcf
ACCb94c80c570,PAY91d1d4b4dc
ACCb94c80c570,PAYcf7b5f6e30
ACC89ac12e753,PAYa4325b2e3
ACC85bafcae35,PAY4ddb8453a6
ACC85bafcae35,PAYb4c9e591dd
ACCf016941433,PAYa502460471
ACCf016941433,PAY642ab97756
ACCcb87e7d6f1,PAY51c08369d1
ACCcb87e7d6f1,PAYc4eac12da4
ACC8457eb5a93,PAYf44f2cdef4
ACCa43758c201,PAY400f022af3
ACC6da02265df,PAYfda31d938
ACC6da02265df,PAYcd0deabf4
ACC36296aa6db,PAYb84857ce22
ACC36296aa6db,PAY55c1590140
ACC8ea2b94b73,PAY820f237897
ACC8ea2b94b73,PAY44f6296b51
ACC3cfc7bbe4b,PAY556acbe385
ACCfdbc43430e,APYb53050758d
ACC2d333f8a31,PAYd99d48d50b
ACC2d333f8a31,PAY1cc0414bba
ACC64798a8427,PAY0924330554
ACC64798a8427,PAY0ee50fa3d2
ACCf6ddab0391,PAYb0dB94c74b
ACCf6ddab0391,PAYe6c602dfdc
ACC736da53936,PAYd13a39024c
ACC0f1f7dac76,PAY7a91eba6b2
ACC0f1f7dac76,PAYf10b265b9
ACC33f108b790,PAYf2e17680fe
ACC33f108b790,PAYa19255f250
ACC1cb42a728d,PAY99f011df03
ACCcc9739c355,PAYfac1e221ac
ACCcc9739c355,PAY26761a05a1
ACC161c846171,PAYb80d92ee8a
ACC413362805e,PAYfaa32d6551
ACCabbf42da8a,PAYfc711d6d23
ACCa8dd56abb4,PYAa071d051f0
ACCa8dd56abb4,PAY06044ad871
ACC62b271d263,PAY0add3e7968
ACCede127d92b,PAY1af2490ff
ACC4d094ca3be,PAYa8a4610e0d
ACC4d094ca3be,PAYb87a5c496f
ACCea3c7452fb,PAY5dc4be8a6ac
ACCea3c7452fb,PAY79fc6ac6a4
ACCeee69b234e,PAY15b3446a5b
ACCaaf8dd54bb,PAYeDa316c38f
ACCed6239e323,PAY7bcc49427a
ACCed6239e323,PAYf7793dd706
ACC1f29b71c0a,PAY1458ddf188
ACC1f29b71c0a,PAYf71018dbd9
ACC55c4bd1728,PAfYb0035cef17
ACC55c4bd1728,PAY157caB0a7d
ACCdefbd6fc55,PAYf7f3c6a999
ACCdefbd6fc55,PAY650879e3a5
ACC8d7196b43d,PAY952dfe4e08
ACC8d7196b43d,PAYdbb961d40e
ACCa886de3e4c,PAY75702384f8
ACCa886de3e4c,PAY4a3aa17c4c
ACC9d72315585,PAY667a6b4b3d
ACC9d72315585,PAY16661ce794
ACCe57ebe2c12,PAYd5c11bc42e
ACCe57ebe2c12,PAY2a4f030a2e
ACC48fbf7ed20,PAYd5seef80967
ACC48fbf7ed20,PAYd9807432ac
ACCebb7c6c100,PAY2295d26b07
ACC89eacfe980,PAY3d31560616
ACCd31ed16f3d,PAYb5d03abccx2
ACCd31ed16f3d,PAYd1a9ra2e8cd
ACC149c8133c9,PAY72c066da67
ACCeff0bc7166,PAYf5Ee377c3b
ACC9d800efb97,PAYy185ba2b734
ACCd34da24cc0,PAY7fb4a26e3c
ACCd34da24cc0,PAY2b85d1e7bf
ACCff040c3923,PAYb2ec9f8a18
ACC2a01d71171,PAY087c460c80
ACC53535f6c24,PAYa5dabe935f
ACC53535f6c24,PAY6f4d637d21
ACC5d01750ec4,PAY9b672d502c
ACC5d01750ec4,PAYcafb2aa11b
ACCa5631d5e71,PAYf4b392b007
ACC2436f52d8d,PAY564843fa62
ACC54e5c1c447,PAY861659108a
ACC54e5c1c447,PAYe806d2a4ee
ACCeadf5c83e7,PAY8ff4ea6b8a
ACC480f9eeb1e,PAYd0346825a8
ACCabd253175b,PAY8d80ee2f6b
ACCabd253175b,PAY067c5044a2
ACC6d36ef5142,PAYdef0efd9f4
ACC697e005efd,PAYea046f9e78
ACCec7ae01d36,PAY902fe0b1ab
ACC9d919dc3cd,PAYf1fde917c6
ACC46b9480ffc,PAY3c56d203b5
ACC4502611bbe,PAY7cafc3213b
ACC4502611bbe,PaY8df8f3a9c9
ACCf482e39338,PAY4cf5b92b7d
ACCf482e39338,PAYf21eb1fe8c
ACCb30318473e,PAY4447e615a1
ACCb30318473e,PAYf366a1075b
ACC569fc8bf55,PAYa1b0b77288
ACCab108c7178,PAY89e587cf7a
ACC8dab3d72d3,PrAYe375397ed0
ACC867c56e408,PAy6aa6614e52
ACC867c56e408,APY096a0c4434
ACC13160bfbd3,PAY62e7d654bb2
ACC6c971c72c2,PAY45fd811cfef
ACC28ac63f792,PAYce9eae1229
ACC28ac63f792,PAY2D1a9792ed
ACCabea74081f,PAY54886efd2f
ACCabea74081f,PAY83aa2718cd
ACC44b8b170de,PAf86b40e4ba
ACC34a96fcdf5,PAY1503e2bd23
ACC21ca8d959c,PAY6ae309ofe58
ACC21ca8d959c,PAYeb381e8daf
ACCeb6be12b1b,PAYc94a3u4ff39
ACC46088e4142,PAYdd661f405a
ACCdd9579bfba,PAY7494775427
ACCeb199b039f,PAYe899ab2d6e8
ACCeb199b039f,PAY7ac5239d1f
ACCd542ee4168,PAYc7699578e3
ACC9e0be3ee2b,PAYa7d6fb41a9
ACC9e0be3ee2b,PAYf526F58092
ACC3175910924,PAY56ab18b878
ACC61935fdb48,PAYde3999b71d
ACC61935fdb48,PAY965477227d
ACC8ad138fa54,PAY07e3d958f23
ACC8ad138fa54,PAYfd6fa61ee5
ACC8f3419f6c9,PAYf71704e8b0
ACC8f3419f6c9,PAY299ea4ed0c
ACC79e0d28a14,PAY40d63050b
ACC79e0d28a14,PAYb63412cdc6
ACC72eeb27eb7,PAY7603b059ae
ACC72eeb27eb7,PAY41d9e2a4a4
ACC2d6406fe4b,PAY74cb66b85e
ACC2d6406fe4b,PAy7976a6ecca
ACCd5e634ff67,PAY7dff34cd38
ACCd5e634ff67,PAy882cf01050
ACC80fa9754f1,PA1Yba00b58b3
ACC80fa9754f1,PAY6f46ddda49
ACCead6e3e882,PAY6985d6af64
ACCead6e3e882,PAY499a0cedcb
ACC305a9d9136,PAY4b0346b4d
ACC305a9d9136,PAYbb692562ce
ACC9d2396dc63,PAYa4255664e9
ACC9d2396dc63,PAY41e355fa5f
ACC0b6b5a3840,rPAYe13444a8e6
ACCab83515114,PAY3a5e77a9f0
ACCcc9ca52b87,PAY77cb10ae37
ACC30e215681a,PAY854728916d
ACC30e215681a,PAYe790e92584
ACC7fa36ee3b7,PAY01f87a9d7c
ACCc8766fde0e,PAYa4201114a0
ACCaad8bd8feb,PAY6571e47edd
ACCa7654a43f0,PAYf42e9efbd8
ACCa7654a43f0,PAY1abe88921c
ACCf0db9c8dad,PAY41849ef261
ACCee0991011c,PAYf09c9946ac
ACCee0991011c,PAYeceb516a1yb
ACCbe3f718d2b,PAY96aeb3d80
ACCc7138c08f6,PAY3e4e604f9
ACCc014410599,PAYf030d44743
ACCc014410599,PAY9d15b94186
ACCf303b9eceb,PAY122601bed0
ACCf303b9eceb,PAYbcb592214c
ACCdfdbe24c41,PAY41bf52f53
ACCdfdbe24c41,APYc058f44c46
ACCe24e275d6a,PAY29299b8569
ACCe24e275d6a,PAY8e43ae6974
ACC706a79adea,PAY42b6e9b593
ACC706a79adea,PAY8aa42d7aa2
ACC00261b92e5,PAY25910d2dd0
ACC00261b92e5,PAY845af33ddd
ACC4e06929b3b,PAYe84f3edc30
ACC4e06929b3b,PAY406801f0a3
ACC45800442d1,APYec89bd5f43
ACC45800442d1,PAYa7bdcba6e4
ACCec29155dd6,PAY0844dc8835
ACCec29155dd6,PAY82e535fcg2f
ACCecd8291cae,PAY14ca54jf117
ACC4208f49052,PAY17a166717xf
ACC4208f49052,PAY109879b3ad
ACCa24d6ed49c,PAY8d597a96a0
ACC043dad6a52,PAY988bf3107
ACC982bfd2646,PA475db744a2
ACC8f53db2abe,PAY6f9ea4a68f
ACC8f53db2abe,PAYc0c36e7259
ACCb7ad9a8224,PAYa7m955e7152
ACCb7ad9a8224,APYb0d5c54739
ACC681124aaca,PAYf21e915b5
ACCb1c377abbe,PAd962140fa2
ACC556e7368e3,PAYd0a529ee05
ACCb962c30eb9,PAY392bab63d9
ACC82867cbe2e,PAY54D2d565ac
ACC91ea9b604a,PAYb997efa590
ACC91ea9b604a,PAY9a98f55aae
ACC37ad84882b,PAYba562906fc
ACC4c3f41a360,PAY90d6a236f9
ACC64c27321a2,PAYba8c37d887
ACCa9013a3b90,PAY80c7452c3e
ACCa9013a3b90,PAY8f03665e77
ACC6459326b06,PAY162da37894
ACC5529f771b9,PAY3ab1a1d44
ACCb1f808b98d,PAY07b8cb6771
ACCcb0037b46b,PAY29291ef31f
ACC89c8ce5448,PAYb00734c92d
ACC222ceace62,PAY4598be34b8
ACC222ceace62,PApY8b5aa5951e
ACC9612cc857b,PAY89b95ca0a8
ACC9612cc857b,PAY3339eab68b
ACCdc961d524a,PAYdc9870fecf
ACC34598d4797,PAY4ce9566c07
ACC91f5992966,PAY12c7d60c3b
ACC7016471a1d,PAY9850d71ae
ACC277a74cacc,PAY1f686e7197
ACC277a74cacc,PAYe222056f5f
ACC0c587aa5af,PAY812f8ba2c9
ACC0c587aa5af,PAY9fd7b7e041
ACC73f84fdb75,PAY6e109a4813
ACC73f84fdb75,PAY71a2a1a328
ACC549c4a7656,PAY291d2714e02
ACC549c4a7656,PAYd7d0306766
ACC410d3297d2,PAY988950a11d
ACCcfd5f9dfe6,PAY591cd773f0
ACC52a6e02484,PAY803357213f
ACC91976612ed,PAY2e4846299c
ACC91976612ed,PAY137ff2fa4a
ACC803dec4983,PAY831aca29bc
ACC803dec4983,PAYd93b93c3d
ACCb2219532c9,PAYE3aa7e2e5b
ACCb2219532c9,PAY14552f9fe3
ACC0b46b62f42,PAY463fef89be
ACC8d9bcff8bc,PAYcfb68ec3d
ACC8d9bcff8bc,PAYe632c289b2
ACC0b3011a531,PAY2ba36ee211
ACC0b3011a531,PAYf1c5809ab0
ACCff60186ff0,PAYc77f3bf397
ACCff60186ff0,PAYe919b5094c
ACC890a2c8b24,PAYb4cEb61698
ACC890a2c8b24,PAY7aad803211
ACCc9b4b615e4,PAY41d85c79c9
ACCc9b4b615e4,PAYb4ed0d0145
ACC88f2269566,PAYeb2dc566g99
ACC88f2269566,PAY06a449735
ACC54d2db1761,PAYc8ad834e9
ACC54d2db1761,PA3Y826d156b2
ACCbae4b80523,PAY46c8a77a1c
ACCbae4b80523,PAY9c5f860187
ACCaf98f1c91d,PAY7e80aa87b3
ACCaf98f1c91d,PAYd149ab0e50
ACC86061773c8,PAY2a7ac77357
ACC86061773c8,PAY43168c1dca
ACC39fcf5d221,PAY3ad6ed05b3
ACC39fcf5d221,PAY0cce3be28e
ACC9716cffd8c,PAY9a44f734a5
ACC126f2d6d93,PAYb4789e0ef8
ACC126f2d6d93,PAY344f92b2a
ACC3796ccc0cc,5PAY08aeb74b03
ACC3796ccc0cc,PAY72ebcdbf369
ACC6cd5a60113,PAYbaedcd4860
ACC9b48e3addf,PAYe198d6a82g9
ACC9b48e3addf,PAYa112718c57
ACC6ae33ef693,PAY50d9743aa3
ACCab1a72322c,PAY3f936c6920
ACCa734da0188,PAY9a095171b7
ACC3855d4acf9,PAY0110cd40e3
ACC8ac7a6edab,PAf9c2f237a2
ACC8ac7a6edab,PAY78294b57ad
ACCd03ff034e3,PAY746db1c5da
ACC4e8df2fb13,PAY9d5f5a8f31
ACC0699aae8d7,PAY24bc6d7dc5
ACC203bd7dbda,PAY01448d9d62
ACC203bd7dbda,PAY2eaf5be5f1
ACC7522fa1bd7,PAYd7fa5315d5
ACC928dd3281f,PAYdabcf55ff
ACC928dd3281f,PAY0224aa858
ACCfbc83cb904,PAY9cd776d00e
ACC8bbc3e6b19,PAY84d00f06b1
ACCe32b9b22c0,PAY3a3cf175fc
ACC44238875e0,PAY7e3c942b06
ACC44238875e0,PAY0d4cb5310f
ACC66c0003ec3,APY47109b3a6b
ACC227796cd62,PAYb6184806b1
ACC239168d808,PAYd128fcd6ee
ACCe9e5d71824,PAY54fd860817
ACCbef0f2bca4,PAYf30a5a27bc
ACCceedfa50da,PAYe7e06a5934
ACC0f1bdc7deb,PAYe9927d1bbf
ACC0f1bdc7deb,PAY59e34982e4
ACC9f13256a9c,PAYb673354e52
ACC02b2916acc,PAY431a7d3aa
ACC7b4ecd05c2,PAYed8edf9f54
ACC7ff4e358f1,PAYc3b80341c0
ACC7ff4e358f1,PAY04f5e29a14
ACC584b7eb205,PYAdc46686fd7
ACC737fe7d0f3,PAYc94e72b653
ACC737fe7d0f3,PAYa336825df6
ACC57fa2ae48e,PAY0189d313d9
ACC57fa2ae48e,pPAY1bf5d3604e
ACC31363b38f4,PAY9327b9e277
ACC69aa44dd5b,PAYab38e5a38f
ACC69aa44dd5b,PAY395e528de6
ACC758146dc10,PAY0ec1139d2
ACC758146dc10,PAYdeedb7d99e
ACC189624d574,PAY7f2ed562b3
ACC189624d574,PAYa414058141
ACC831c3c9178,PAbY1ac43a454
ACC831c3c9178,PAYc9202f0a0f
ACC7a5605bef0,PAY220098a7d2
ACC7a5605bef0,PAY6dba3760e5
ACC810c24ee32,PAY4bd33ff827
ACC810c24ee32,PAY81364d8cec
ACC13f8109e8b,PAYde397cd3a1
ACC6f735e816a,PAkYf71549b7a2
ACC7d517315f8,PaY7808953b0a
ACC7d517315f8,PAY62eff64bbb
ACCa2e14f675c,PAYa8340c3e5d
ACCa2e14f675c,PAY853944a462
ACCc4e983686d,PAY472c1cd997
ACCc4e983686d,PAYa25f9eb42
ACC947982a6de,PAY645221e06d
ACC947982a6de,PAY2q15e109b8f
ACC7c38d3c4a0,PAY6fcsa4645ce
ACC7c38d3c4a0,PAY6f2d0557e
ACCafa96ae998,PAY5bd6e5f7e6
ACCafa96ae998,PA8b59594769
ACC5026ce473d,PAY139466c643
ACC5026ce473d,PAY721ba07aed9
ACC45b02ce150,PAY0386616ba1
ACC78efe1855a,PAY91000982fd
ACC78efe1855a,PAY3fb951c570
ACCcc77fa893d,PAYba89dc6c04
ACCcc77fa893d,PAYa67128edbb
ACC71e4b6b32f,PAYe0a5cb3af2
ACC71e4b6b32f,PAYbdd3a627c8
ACC8d451d648c,yPAYbfc2803615
ACC14c38cea13,PAYd8089bd8de
ACC14c38cea13,PAYc105e630b4
ACC71a15f976f,PAY197f25db15
ACC71a15f976f,PAY9d0e7c5cc3
ACC7179a6a2da,PAYe9034422aa
ACC7179a6a2da,PAYd3d3ee3bce
ACC6baa6e3184,PAY1955f18523
ACC8679cc68e7,PAY3fa05aead8
ACC7c748037f2,PAY7c83e94e80
ACC7c748037f2,PAY773866af28
ACC6f2b81746c,PAY64d6cf0396
ACC6f2b81746c,PY602d78daf7
ACC95a955398f,PAY3426eb5a89
ACC548200918e,PAY9e7e630be
ACC548200918e,PAYa282ccc846
ACCc6ccb85456,PAYc12cc3398c
ACCa663cf3818,PAY33c424ff80
ACCee933b6f9a,PAYd372a82c85
ACC271da13885,PAY5e55d2983c
ACCbbab2485db,PAY68244f2942
ACCbbab2485db,PAYaf96b4918d
ACC7f3c815874,PAY3d75915ad8
ACC7f3c815874,PAYc1f3421ead
ACCe815cadd26,PAYB6b221436e
ACCfd76016791,PAY792ea213cf
ACCfd76016791,PAY76a9391231
ACC7edfa0fdaa,PAYfe1556d0bd
ACC930a595af5,PAY419e29eb1a
ACC930a595af5,pAY752ce8d850
ACC7af703a823,PaYb0247e58be
ACC2fe9941360,PAY40efb599c6
ACCcdb7d4fa57,PAYc816310831
ACCcdb7d4fa57,PAY148d80ce7d
ACCc35f415c70,PAY2340d269c1
ACCc35f415c70,PAYcb2191d761
ACC2a467fe3ca,PAY54ff0af4bc
ACC2a467fe3ca,PAY94c202c9ff
ACC8420c1b2ac,PAY3ec5329f4c
ACC27356af192,PAYc0ff7a0cb7
ACC3d76e6303e,PaY7af035b1e9
ACC3d76e6303e,PAY7911e78cfd
ACC68e6c9d3e7,PAYc0dbd63a5d0
ACC536ece6409,PaYa7cd92beed
ACCc25392b5bc,PAYb0b2b4539
ACC33e2fc6922,PAY584tc47f7dc
ACC33e2fc6922,PAY2ocfc4c4420
ACC78211b3103,PAY8d120a04bd
ACC78211b3103,PAY93baca91dc
ACCeef893b7b7,PAY5375357b87
ACCeef893b7b7,PAY57b1d0B6c0
ACC5db3d8f346,PY787edfe644
ACC5db3d8f346,PAY79304c0a6
ACCd4230ff6f0,PAY798a2c8516
ACCd4230ff6f0,PAY5d4fac72a
ACC6c2efb8e38,PYc6eb80d5d5
ACCdde59caa69,PA54e1e21064
ACCfcdab97f94,PAY1fe9457f115
ACCb42f2c1ccf,PAY8d790ecd2a
ACC0917877177,PyAYfe59a828fc
ACC0917877177,PAYd182db5119
ACCe5a4f4c8c2,PAY3e0m249ebae
ACCe7614a72b6,PAY5f06fc0272
ACCe7614a72b6,PAY861345fa1
ACC946177f7b2,PAYf28532f7cb
ACC946177f7b2,PAY86ededf9c6
ACC3c2bcb4695,PAY664f1f6e01
ACC3c2bcb4695,PAY888b0a9d59
ACC981cf15d5b,PAYd2ac30dc20
ACC981cf15d5b,PAYd2d7cb3d8b
ACC7feee59fdb,PAYed98705e32
ACC7feee59fdb,PAy11b56df2ba
ACC5ee20f4363,PAYbd3db1fd71
ACCcef1d98ee1,PAY39ac3e237c
ACC853223f1f8,PAY88b8e73e44
ACC9d7122995e,PAYf912a22ec
ACCac00007772,PAYaqef0a91112
ACCac00007772,PAY5e4d00bd3
ACCa2618d1ca3,PAY215d1c34b2
ACC4f74af6479,PaYf5b1bbe5d9
ACC9e793abe1e,PAY325b7419bc
ACC9a42e6b7cd,PaYb7ae6b89b2
ACC9ec1d82297,PAY9ea1687fff
ACC3682f36719,PAYaf2101fdf2
ACC3682f36719,PAYe734105330
ACC5d30194642,PAY41f1b1bdd5
ACC5d30194642,PAY74c1e592f1
ACCd4478770d1,PAY23f879c091
ACC6c2adbbd93,PAY37a8a3262c
ACC6c2adbbd93,PAY073f4a2cbb
ACC8dce29829c,PAY985b327a1c
ACC8dce29829c,PAY9b1891dfdc
ACC2bdb3fc1d0,PAYe14e0cb7b1
ACC436ba93d5f,PAY22d7830E82
ACC436ba93d5f,PAY3abdac1830
ACC3ebc76baf8,PAYfa93d5aa3b
ACCe523db9451,PAY15b681787c
ACCe523db9451,PAYd8f1540e26c
ACCa6d326359d,PAYb60bd6da14
ACCa6d326359d,PAYe3cfb130ce
ACC72f5608930,PAY529d1ca873
ACC72f5608930,PAYe4fc05eb1
ACC18e9c056ba,PAYe919b6666
ACC18e9c056ba,PAY19b5b4d367
ACC2cdd622683,PAY293842e72e
ACC2cdd622683,PAY35d6ecf2a5
ACC62fb3fd7ce,PAY8d72e70562
ACCfb16337fe4,PAYe475a9ef44
ACCb86bffd4df,PAY8e438a6c2
ACCb86bffd4df,PAYe9ce9e6352
ACC55bd890847,PAY9f4635f68e
ACCfc6cd5829b,PAYb842ac54e3
ACCfc6cd5829b,PAY3v789817a55
ACCa8587a713f,PAY8e47ce27ea
ACCa8587a713f,PAYc8e69a62a6
ACC02044caf62,PAYa6c1f3f18a
ACC02044caf62,PAYb37dB966cd
ACC52b2b04cc5,PAYfd62dc108b
ACCf23b10956f,PAY9d9f64545d
ACCd9da9ddbc3,PAYae972c8676
ACCd9da9ddbc3,PAY8bc88cda8e
ACC5f356592e4,PAY30cc599b78
ACC5f356592e4,PYA04124a26fd
ACC0b27679ab5,PAY01aa456u2e3
ACC0b27679ab5,PAYae0738faa
ACC56ccc2a4cb,PAYeab367df9c
ACC56ccc2a4cb,PAYf806e52cc
ACC34368f42b4,PAY02d6197267
ACC34368f42b4,PAY8c4942df70
ACC89ba726b15,PAY3e4bcecb4c
ACC89ba726b15,PAYbec00a09b1
ACC668679e12e,PA1df7a928a2
ACC668679e12e,PAY7209718e54
ACC9ce3d1a9e5,PAY59db3c39cb
ACC9ce3d1a9e5,PAYa80dfeca19
ACC314d76cc51,PYAeb3fa24525
ACC6313bd2945,PAYc541afadd6
ACC889a89bcba,PAYa6cd52e738
ACC889a89bcba,PAY8d970bf1b8
ACC6679c117a9,PAYa7f4ddc019
ACC6679c117a9,PAYdff939620a
ACC791f87643d,PAYf07e09bc73
ACC4ff8d0bbe5,PAY350554b954
ACC4ff8d0bbe5,PAY88a5432613
ACC2d06f05306,pAYeab5c7536e
ACC2d06f05306,PAYac8d36a025
ACC4266aa0ad8,PAYfa18f5b5da7
ACC4266aa0ad8,PAYb61b3bd0b2
ACC1a515b0d9c,PAY0d6843189eb
ACC1a515b0d9c,PAYa00ae35c56
ACC18381da3ab,PAYf019949683
ACC232f4eac5c,PYA218c81c057
ACCa7d8d1cf4a,PA8Y91dfa4d89
ACCa7d8d1cf4a,PAY59030deca0
ACC6c718079bf,PAYdf714202b3
ACC6c718079bf,PAY09f3deda41
ACCcfa4ab3933,PAyb57a8d2c08
ACCcfa4ab3933,PAYd5c531205
ACC992bb2b512,PAY1fca5e49c2
ACC992bb2b512,PAY12d4b779a5
ACCddbc1037b8,PAYd34013426
ACC63e4991ecd,PAY0c854baf6e
ACC99a27b3667,PAY5d9540daef
ACCd43da56192,PAY29527e7c91
ACC95c76272a9,PAY9cbd7738a9
ACC36769fc2af,PAYd025ebe029
ACC22d0cf40aa,PAYdcb25877b7
ACC22d0cf40aa,PAYfd682a63c8
ACC86abfa351a,PAY176059e2c8
ACC86abfa351a,PAY7a352c77d1
ACCee6b443d43,PAYac54f64221
ACCee6b443d43,PAY313922afef
ACCe0f8286de8,PAYc06d0b3908
ACCe0f8286de8,PAY9d4ef89250
ACC0a4f5bb7df,PAYde201471fa
ACCf1840a8446,PAY5978dcf24f
ACCf1840a8446,PAY26ee0859d9
ACCd29331bfca,PAYc3d8c1ccf3
ACCd29331bfca,PAY84e6913b7
ACC4938509943,PAYce2c62b0f3
ACC56a8f86bc2,PAY373e784e5c0
ACC56a8f86bc2,AY0750b54ebc
ACC7a2fcfa785,0PAYffaa23a9b6
ACC7a2fcfa785,PAY501f8884c7
ACC684e19f7c0,PAYd834bd2aE2
ACC684e19f7c0,PAY95f447af36
ACC7c1b6d311d,PAYdbd9c18203
ACC7c1b6d311d,PAY54a87784fb
ACC1abf45a3d0,PAYea543e1dd5
ACCc1faa75acf,PAYbb4808fb57
ACCc1faa75acf,PAY619867c663
ACCa40f11a82b,PAY5596db4ba0
ACCa40f11a82b,PAY3a9eddcc00
ACC9bb8c84f99,PAY6f5238c44b
ACC9e5ba4b9b2,PAYd2327724af
ACC9e5ba4b9b2,PAYf1b2052537
ACC1f156ba413,PAY1e5467a1C5
ACC7c45a3876e,PAY5fb473fff2
ACC2a7cd7d60a,PAY14bd2d7984
ACC2a7cd7d60a,PAYefada31e17
ACC8cfa1860bb,PAYba129f6de
ACC95990892f4,PAYc8e3711221
ACC95990892f4,PAY4458b59940
ACC2a32dabee5,PAY5d39fd6486c
ACC74da29bfa1,PAY4b2b76729a
ACC74da29bfa1,PAY32dfb784b
ACCb429eccdd5,PAY871fbfee7
ACCb429eccdd5,PAYc97f8fbc2
ACC06ce089a45,PAY62768f74d0
ACC2a12e5f31f,PAY4758ac9108
ACC2a12e5f31f,PAYf63bef521c0
ACCce4b9284ba,PAYfB83aaeb49
ACC467d4613eb,PAY5e6a2b8844
ACC1a393b4d78,PAY934d14f507
ACC5bfc92cb6c,PAY7e6a432a41
ACC9012ca8398,PAy5fdb6367a3
ACC9012ca8398,PAYe7f413c572
ACC9fa9a5823f,PAYc1c6118849
ACCc41c5fa58c,PAYc5f1efa43d
ACC94650c335b,PAYb6c6105cbf
ACCd48402f480,PAYc6a10ec733
ACC4b88404be8,oPAYfad3b5d990
ACC0396b4b542,PAYc4a1b783f0
ACC0396b4b542,pAY1227fd171a
ACC7624cf5dbc,PAY37aad5865c
ACC7624cf5dbc,PAY516abc34f6
ACC0aa7264ce1,PAYd9f10de187
ACC0aa7264ce1,PAY448a5286f7
ACC601cba4f5a,PAYdaeb42c618
ACCfb6dd8c9f1,PAY8714931f61c
ACC5e90716252,PAY6c3n4a87fbb
ACCf0f7bd7872,PAY253ac4ea1d
ACCd3490b621b,PAYc862425800
ACCd3490b621b,PAY5485edc0c2
ACC2dca2747ff,PAY6c3d9469e
ACC2dca2747ff,PAY0ba9dcfa0d
ACC8538a2c242,PAYbefac202719
ACC8538a2c242,PAY5011187ffc
ACC5b9aa2b24a,PAY12984827f4
ACC9310683ca7,PAY74631a3f0d
ACC424a128475,PAY2543c356c4
ACC424a128475,PAY6d4909571c
ACC677370cdb4,PAYbbfc63209f
ACC02990265fb,PAYecce62ef2
ACCd8dc73f18c,PAYe54270c350
ACC70578e30b6,PAYa28d42012c
ACC70578e30b6,PAYc03d7d9594
ACC17b50d1d37,PAYae21d93db2
ACC60155c2428,PAY8ce16563e7
ACC45d928d302,PAYb84c37bd1c
ACC45d928d302,PAYfd88689d3a
ACCeef593855e,PAY1a8e80cd3f
ACCeef593855e,PAY02c4a5aabe
ACCfe0a05b0cc,PAY76caa691ba
ACCfe0a05b0cc,PAY6a6ba4725f
ACCd48a139611,PAY79ee9b7179
ACC30c7a2524c,PAY7a1ec05d1e
ACCc4babeb8e4,PAYb0436f89fd
ACCc4babeb8e4,PAYff6c7e081c
ACC1b27b3e877,PAYc8682ce2d3
ACC1b27b3e877,PAqY1b34b1aaf7
ACC59a6c95383,PAYf0249661fc
ACC90472f056c,PAY07bc65068
ACC90472f056c,PAY62adb2c258
ACCdca3bb595a,PAY9eb7e4c2a
ACC3d6a958c8f,PAY75da90a28
ACC97cb057d72,PAY7ec6d31c7b
ACC97cb057d72,PAY5e6c4fc33c
ACC5851306584,PAY0c69799ab2
ACC83ae67c9bb,PAY0e23598db4a
ACC83ae67c9bb,PzAYf7cf67b8f2
ACC6a2d7831ff,PAYae2b3bb50c
ACC4a07eff645,PAYdd3a92da00
ACC8e61c78e6c,PAYd10f2ff9aa
ACCe32dfe7f71,PAY3caa6ddda
ACCf1c1b56b4e,PAY951fe12904
ACC13777db1d9,PAYa37bdba6c
ACC5a6c013063,PAYfa6ab838ec
ACC5a6c013063,PAYca891ee5f
ACC10a121e7db,PAYa57d8d2dec
ACC10a121e7db,PAY9bc16d64be
ACC78aecf69c8,PAY4e462c21bf
ACC78aecf69c8,PAYfb9e82ff05
ACC69e0a015dc,PAY11437dd92e
ACC3224cbc870,PAY723efa58c0
ACC3224cbc870,PAYdb182c2a2a
ACC41c5c2a1d4,fPAY4a45a1d138
ACC41c5c2a1d4,PAY646463f44c
ACC23ff43e609,PAY7f0c65c1d1
ACC23ff43e609,PAY53e0c92b79
ACCc5363c7cf7,PAY2fa23789dc
ACC45dcb70451,PAY6bc903789b
ACC45dcb70451,PAY86c2926b44
ACCf7a090d0ce,PAYf180c39197
ACCce5046de2a,PAY2f39j3077c7
ACC5f08ff3e8c,PAY966a4efa64
ACC5f08ff3e8c,PA2Y8ddeb9611d
ACCc7347f7d77,PaY7bc5bc74af
ACCc7347f7d77,PAY1bdf66b709
ACC3795dd4e3b,PAY079f354f2b
ACC3795dd4e3b,PAY96d2d28dad
ACC1821d194aa,PAYf710bf1502
ACC6c897560ce,PAY0041acfc35
ACC6c897560ce,PAY8d0734834b
ACC83ef654582,PYA34c89f67d6
ACC83ef654582,PAYf15f9f5f9
ACCaff1cfe9b0,PAY0a689c0f94
ACCaff1cfe9b0,PAYbd78fd1f54
ACCaf9401b15f,PAYcd95b59c100
ACC56b513ea52,PAYdac189f043
ACC56b513ea52,PAYea5590f364
ACCa880798701,PAY69827281c0
ACC110d80fe87,PAY701b6fa342
ACC110d80fe87,PAYf94f86eb02
ACC323a9b8fd0,PAY43fa9cd38
ACC323a9b8fd0,PAY020439c1eb
ACCa257dfb436,PAY86e6eee124
ACCa257dfb436,PsAYb1fc34d4d5
ACCe3551d5f1a,PAY8f40735830
ACCe3551d5f1a,PAY9c3cfa8e18
ACC10f228a622,PAY4b0a764c05
ACC10f228a622,PAYed302a5bc0
ACC65cc6b9d5c,PAYdf6a0ee804
ACC8a62886744,PYA6787b63da7
ACC8a62886744,PAY1e5c397ede
ACC68cb3ccf99,PAY7f73828393
ACC68cb3ccf99,3PAYa96d751384
ACCbbef237770,PAY699e1dcc7f
ACCdb881b8008,PAY45748af7c8
ACC1643dd6310,PAY4b0567e131
ACC4301aeb6f1,PAYef3eaeb458
ACC4301aeb6f1,PAY1aeB637a89
ACC8b6bff631b,PAYc93b05da16
ACC8b6bff631b,PAYf96ac01f96
ACC417ecc1d55,PAY76fb016769
ACC417ecc1d55,PAY1e178ce8da
ACC523ad5938a,PAYbafa6b7b9
ACC2422596872,PAY12b6d0e59e
ACCd18ae9d5ba,PAY3017b56655
ACCd18ae9d5ba,PAYfb6551deaf
ACCc06045d8e9,PYAc2bf7f490a
ACCc06045d8e9,PAY02d4Af0719
ACC69a370508f,PAY876708eb30
ACC69a370508f,PAY6e763e272a
ACCff69fb1c86,PAY48464ea79b
ACCff69fb1c86,PAY1f225cf94b
ACC021bd32778,PAYdfca61e969
ACCe6bd9290ce,PAY2b74046384
ACCe6bd9290ce,PAY836e1efad3
ACC9e151894c9,PAY3b7a94768
ACC9e151894c9,PAY13b045ec35
ACC05494357db,PAY69300a6bb2
ACC05494357db,PAY1572a6e796
ACCea16c687da,PAYd141389d87
ACC0d72e97cf5,PAYded2f3bb71
ACC0d72e97cf5,PAY69c50584ef
ACCe4990472fe,PAY3a98f0efd4
ACC18f894ac8d,PAY4f99a710b6
ACC18f894ac8d,PAY0340881abe
ACC123085cb30,PAY3cf761d575
ACC123085cb30,PAYb9feeef1dc
ACC4d6f077664,PAY1a6ef16ea7
ACCe222aa8eea,PAY0517ab6d09
ACCe222aa8eea,PAYa9adb63972
ACCc87a737465,PAY1e64171f66
ACCc87a737465,PAY8a193c42e
ACCfeb7cd221b,PAY06b22ccf0d
ACCfeb7cd221b,PAY19755d322
ACCb7984f061c,PAY008c3ec70e
ACCb7984f061c,PAY337384f359
ACC89bd4baf58,PAY9b9076dc9c
ACC79448e5309,PAYa19d8a1c10b
ACC93119bb57e,PAYde3cxfcf046
ACC8716453db0,PAYe342283b4a
ACC6bea006b00,PAY3a2a75b665
ACC6bea006b00,PAYe38909a11a
ACCbea10f62ff,PAY1dedc604de
ACCbea10f62ff,PAY21b05fc32d
ACCec0b88bb86,PAY53999ac6af
ACCe5f85ab18a,PAY67a6a85abf
ACC2969ac6ae0,PAY36a6923b77
ACC2969ac6ae0,pAYf1ebca7b65
ACC31ec4ce478,PY0efc7e069b
ACC31ec4ce478,PAY6db262c3bf
ACC0d2c0e121d,PAY3bdda0f856
ACC0d2c0e121d,PAY2c57852a25
ACCc31dec2e05,PAY74058ffb57
ACCc31dec2e05,PAY80d27d4c53
ACC3ba1903650,PAY9593d08219
ACC3ba1903650,PAY8e1c8545aa
ACC9dfd62b4ed,PAYfc9811e527
ACC9dfd62b4ed,PYdca44b9f1e
ACCef204e2f18,PAYc874b5614b
ACCef204e2f18,PAe6f663b06c
ACCafebdec6fe,PAY44d8a4bd6b
ACCafebdec6fe,PAY4e0ec5e4ab
ACC74eab0ada4,PAYdff252ad62
ACC19e7471878,PAYf64db252fb
ACC19e7471878,PAY225064c64
ACC3b63fdf96c,PAY9ab997c8e3
ACC44ea272478,PAY380d9d4896
ACCadd3e492ae,PAY8ceece8826
ACCf88d0473a0,PAY2b4ac3f1bd
ACCf88d0473a0,PAY08211feed0
ACC144823a8ab,PAY8fa0cc4441
ACC144823a8ab,PAYa3ee8478c2
ACCdffb183668,PYA7e5249371c
ACCdffb183668,PAY04a58012b0
ACC314acefb20,PAY8607917d5
ACC314acefb20,PAYaf675xf08e3
ACC836b66beeb,PAY33bac94258
ACCd21f799982,PAY794761c2a2
ACCd21f799982,PAY5264664cee
ACCe12efbe00d,PAY64827ddb36
ACC1fde545623,PAYfd698f372c
ACC1fde545623,PAYc684174a1
ACCfc55e6704d,PAY5e33704c70
ACC7138530db1,PYA2fbb9a7fcf
ACCe9307e96bf,PAY713b90165e
ACC4d55104726,PAYf0e5043f2c
ACC4d55104726,PAYfc9c9ead1f
ACC38edc3d5ef,PAYf3b682b315
ACC38edc3d5ef,PAY68fc43f89cb
ACC5cf90cd9ce,PAYecb75eead6
ACC37b79a7f4a,PAY7r4bbd3358a
ACCa0fab81626,PAY812fd3d3e7
ACCa0fab81626,PAY6dfs27c80dc
ACCbc8a1ce30a,PAYe6d6acd0ade
ACCbc8a1ce30a,PAY57a67cf07e
ACC9cd4357259,PAYdd6535b3ac
ACC9cd4357259,PAb34d88366a
ACC5f3d70df44,AYf3aa0d51ab
ACC5f3d70df44,PA2151ae2802
ACCc6fb002eb8,PAYecfdf29bb2
ACCc6fb002eb8,PAYff42d966fe
ACC1b4ca7f467,PAYe863b62240
ACCfb9ccbd433,PAY686c4b2169
ACC49d7b44c75,PAYccfb82509c
ACC49d7b44c75,PYAd0816699db
ACCcbb63763ba,PA8Yc074c7d94
ACCcbb63763ba,PAY63336a245c
ACCd9b3fada1b,PAYf97a233b7
ACCd9b3fada1b,PAY2dad68c474
ACCbf432ab6ab,pAY3af9e0db38
ACC77333ad928,PAY70399281ea
ACC77333ad928,PAYe8ec679bcf
ACC8aa973ae46,PAY9fa2e2ac8
ACC181a6cb674,PAYef6aa56c39
ACC181a6cb674,PAYb4d271f3cb
ACCff44e91f7f,PAYf05be29253
ACCff44e91f7f,PAY1c19a3557a
ACCfacc9a2155,PAYe6407cea84b
ACCfacc9a2155,PAYdf190e25c6
ACC65fcbfcc59,PAY4c67a0cf6c
ACC90b86d2a79,PAY3ba88837b2
ACC90b86d2a79,iPAY4311864d6e
ACC3f70c13e47,PA7Yfc4bff7ca
ACC1c4ba30296,PAY5527cee541
ACC2a95755566,PAYe9149de4e9
ACCb76a8da684,PAY95c7b4f0de
ACCb76a8da684,PAY70a1c14304
ACCccd6ea8f8a,PAYd4af3745a0
ACC30b56f6a1c,PAYf079944576
ACC261aa96e85,PAYf84202067c0
ACC261aa96e85,PAYb379309e50
ACC91ffacfa5c,PAY87d5584955
ACC91ffacfa5c,PAY9f28459t2af
ACC6656caf6c9,PAY0853b44698
ACC6656caf6c9,PAY2u50445e3e2
ACC34acc0ae60,PAYfb3dc0fb37
ACC34acc0ae60,PAYbbeA60c539
ACCb1536a346d,PAYebba8a6c55
ACC59966da632,PAYec8f4dff7a
ACC59966da632,PAY70c2bc3276
ACC80c638a74f,PAYb6a22bd7a84
ACC1ae94c19b2,PAYd308bba40a
ACCa630fc6c53,PAY882B6dfc76
ACCa8280ec3f7,PAYc99bcdeB9d
ACC7c1b484a56,PAYc1e877c32e
ACCd8373bec3d,PAY987267bc08
ACCd8373bec3d,PaY65d944ccd8
ACCd135cc0e19,PAY89b31114d3
ACC9d4dd93c7a,PAYc526e82e3c
ACCfd25492171,PAYd42b57ac1c
ACCfd25492171,PAY1446e3c4e6
ACC7b98cb725d,PAY3c731d7fde
ACCa866393854,PAYa5d83ebf0d
ACC2613466b44,PAYd66276b1e4
ACCd460287df7,PAY0a29d952f8
ACCd460287df7,PAY7bffddc7bb
ACCfe13ba13cb,PAYcabfaf27da
ACCfe13ba13cb,PAY4f876b72c1
ACC1e754a09d2,PAY824a17fff6
ACCd75058554b,PAY07c95f7a59
ACC6ac95148f8,PAy6a472adb18
ACC6ac95148f8,PAYa9df0d58a7
ACC54137a6124,PkAYc9b8531c80
ACC54137a6124,PAY317f1425f6
ACC07bbce449c,PAY2909d44ab7
ACC07bbce449c,PAYa373bdd10d
ACCe14a234bbc,PAY279f965adc
ACCe14a234bbc,PAYf0795dd638
ACC5aad7fe55a,PAYaffefc84f9
ACC5aad7fe55a,PAY42c5e995d0
ACC1d55172d06,PAY373aefc6461
ACC1d55172d06,PAYff3b5cfcC1
ACC3843bafe4f,PAY6d0932e243
ACC3843bafe4f,PAY99e76f4bb6
ACCb3e0f3a51c,PA6Ya6c4fe65e
ACC5da4e798e3,PAY7ac58fab987
ACC0d6613d5e3,PAY8a5c4491c7
ACCce47e04deb,PAY5f83add718
ACCb71a22604c,PAYd6e2cabd2f
ACCb71a22604c,PAY831d29effe
ACCe8cf8f0c70,PAdYa7d0a8246d
ACCed910e693d,PAYf34eb71d7d
ACCed910e693d,PAY901fc2fe63
ACC6d41fd05c5,PAYf5acd914a
ACC4f8b166e35,PAY2267fc4c8fc
ACC4f8b166e35,PAYe17ac5f416
ACC62a111dda7,PAY103bea4fd5
ACC62a111dda7,PAbf938e8023
ACCd7c62a0afb,PAY8a9cbce5ed
ACCdae2a029c1,PAY471219588a
ACCdae2a029c1,PAYc4f4e44426
ACCea66348bda,PAYf47be4a29e
ACC4dfcf175b7,PAY3a2751a09f
ACCeb3dd391cf,PAYb44d876a9e
ACC31152d4975,PA6c103a82fe
ACC31152d4975,AYd1d063e792
ACC9639c418cd,PAYf47F870b75
ACC9639c418cd,PAYb424a31l68a
ACCff3c584414,PAY9b171dd805
ACCff3c584414,PAY57C21958aa
ACC1d4dad9560,PAYc43b48dede
ACC842ae5bf59,PAY1a8ce4ced
ACC2bdc3987b6,PAYa0b9ed777e
ACC2bdc3987b6,PAY95820c6968
ACC9e58342a50,PAY1aa05603i46
ACCaa11ebfef0,PAY561fbdb4fc
ACCb85c0ce474,PAYf70fed790f
ACCb85c0ce474,AY7d5d2480e8
ACC1f8cc567ad,PAY942856f346
ACCbf6c00c39c,PAY0b27110286
ACC1cd0e8868b,PAY59f8116691
ACC0f272a6811,PAY376f20c956
ACC0f272a6811,PAYfb56ed8125
ACC3ffd0abcbb,PAY8cf8a2b50f
ACC416411cd18,PAYd561e2d7d
ACC416411cd18,PA4Y352fc3bc33
ACC5959ab5908,PAY1a21863dcd
ACC80eecad2c2,PAY53171deb82
ACCb2698c0c32,pAY12aae95cd7
ACCb2698c0c32,APY77c2d8cca1
ACC617c8be750,PAyc77f774b00
ACCf200275491,PAYe87bca706d
ACC55b6a9e150,PAYff8d4da4df
ACC20e2ecb88a,PAY473fc6be3a
ACC20e2ecb88a,PAY17e36c17a4
ACC6addcf1beb,PAYf2f3a11eea
ACCb94d0d6077,PAY7aadfd4201
ACCb94d0d6077,PAY2af05765db
ACC1be1782576,PAYe178d2ea9c
ACC1be1782576,PAYee2300a639
ACC3092fb8bc4,PaY42c3ea5ef9
ACCf196f97c5f,PAY5d7e9c78e3
ACCf196f97c5f,PAYe3bf75fa70
ACC08c66a9f9e,PAY1836145a22
ACC08c66a9f9e,PAYc3bd2f35a0
ACC8d79ca6969,PAYe9a24197eb
ACC8d79ca6969,PAY5db984115e
ACCa00626f63a,PAY3124026a3
ACCa00626f63a,PAY57118ce81
ACC47875fb4e7,PAY96561e8a47
ACC35e271917c,PAYc11dg61ab49
ACC35e271917c,PAY7e673e855a
ACC1899f30c2c,PAY8404a6ff18
ACC1899f30c2c,PAY5899f0a3b2
ACC1dd1f3d0b4,PAYbf92341e5b
ACC1dd1f3d0b4,PAY9a8e696bb2
ACCc66f9b5868,PAYc74d15f05a
ACC5414ac9487,PAYde361aa93
ACC5414ac9487,PAYe5999e3679
ACC1ce92901d3,PAY06eb8334aef
ACC1a017f0024,PAY0ae210f83b
ACC1a017f0024,PAY5ba2952c9f9
ACCe4a9549149,PAY2dc2c0d555
ACC0f1f7184b4,PAYf47307e400
ACC0f1f7184b4,PAYd20e02a515
ACCf6fc2bc59a,pAYbf02ee961b
ACCf6fc2bc59a,PAY86eaaa1e90
ACCf5895dc394,PAY86849dffe5
ACCe101fcf703,PAY767971457c
ACCe101fcf703,PAY4067183c73
ACCafee3c6040,PAYefd8d0ccac
ACCfcfdc94e86,PaYfb043ffa41
ACCfcfdc94e86,PAY1d2e653976
ACC253a8d671c,PAY07d5b49103
ACC253a8d671c,PAYb10b6b4bo25
ACCc516eece27,PAY134257d367
ACCc516eece27,PAYe57f4d2035
ACCc50b6d3ac9,PAY72cd8219ba
ACCc50b6d3ac9,PAYeb534779979
ACCbdf85327e0,PAY2d996fd936
ACCbdf85327e0,PAY6e7263281f
ACC910bc4659a,PAY241e18b155
ACC92eae30908,PAYb683ef2d6d
ACC92eae30908,PAY9207c3751b
ACC192cf040c3,PAY13ea24b56c
ACC192cf040c3,PAYe32a48885
ACC092cbe4b5c,PAY3bb2337639
ACC2b1b0b18b6,bPAYe3ce8b6bbb
ACCd84c5682b0,PAY54eed8b550
ACC94c2487da2,PAY6993d3baa3
ACC94c2487da2,PmAY7e656cf6f3
ACC8158699eba,PAY7c2ez90d4e6
ACC8158699eba,PAY1366dda7b
ACCefad6f6b43,PAY26fd68a1fa
ACCefad6f6b43,AY632f271ffe
ACCb196850a52,PAYcc75b20409
ACCb196850a52,PAY1e2cbaf6b8
ACC0d2d29f77c,PAY06120edfd
ACC6c5c5f259b,PAYaa1daeeb7
ACC6c5c5f259b,PAYf231effdba
ACCdbe3b7b644,PAyfca1002573
ACCdbe3b7b644,PAY4eb59c2643
ACC8e8550d482,PAY4ff4d11f81
ACCb8276d855b,PAY83dd695600
ACCb8276d855b,PAY4347ae38c
ACC8c7f65a101,PAyc2fbc9c052
ACCdcab7350f2,PAYfc0e0a2367
ACCdcab7350f2,PAY6226132fb6
ACC0045d9fe85,PAY94c49118eb
ACC75965caa9a,PAYcfae2fb2b55
ACC75965caa9a,PAYd04705012d
ACC9499a45492,PAY3f0e3db7eb
ACC9499a45492,PAY3ad07A2018
ACC1c24a180aa,PAYe908bf44f
ACCc1189902ed,PYe2c617776d
ACC67e7abbf43,PAY256139b61a
ACC67e7abbf43,PAY9c9bcbb7c4
ACC635dce7fc9,PAYf9d4ccee54
ACC635dce7fc9,PAY1b29a37247
ACCd0e895805b,PAY5803a6cae
ACCd8f0d91863,PAY4caee444ff
ACCd8f0d91863,APY0be6be6a1a
ACCdc1000727e,PAYe10fc88f6b
ACCdcbfea521d,PAY3f0320bfe1
ACC40af6a7375,pAYfb73eb027b
ACC167ce786ef,PAY9f76db3fcc
ACC167ce786ef,PAY1214a09aa4
ACCc5e14e2671,P2AY15e19419bc
ACC149b4ac4af,PAYa3ab30ccba
ACC149b4ac4af,PAY764648888a
ACCef2d7e7d61,PAYfe52be7f24
ACCdeb1b52902,PAY4261e1e7eb
ACC9143004b72,PAY02e0d7c6f3
ACC2937b5ad07,PAYb82ed95667
ACCd439eb9ea1,PAY165507ee53
ACC9ca2179ed6,PAY72d321b3fd
ACC9ca2179ed6,PAYe613b024fa
ACC3592e727fb,PAYe1058d85ca
ACC044591ab6d,PYAf58fdc8ed3
ACC044591ab6d,PAY2c54ae14ec
ACC87f1493bb1,PAY8246a11d79
ACC87f1493bb1,PAY0ba1a1b75a
ACC1e1f510b3c,gPAYf5be49f0bb
ACC1e1f510b3c,PAY679fdf800c
ACC2298fedd85,PAY7c7cd464b5
ACC7ae45c5d0c,PAY592e158ed
ACC7ae45c5d0c,PAYb19ea8a2e7
ACC6e8117088b,PAYe4b73d2f9d4
ACC6e8117088b,PAYc7b81febd0
ACC5f2d1e3c8f,PA35f67c950f
ACCd9734db72c,PAY2f62bb712d
ACC6b1c53f663,PAY786cf879f1
ACC6b1c53f663,PAYf9f7a39761
ACC1e4110b46e,PAY78ed4da003
ACC295b4b1d83,PAY0311f2cd26
ACC295b4b1d83,PAY97e05992d6
ACCe9db19d601,PAY95e8801a4f
ACCe9db19d601,PAYf8f2179b7b
ACCaf7247827b,PAYfd7df2e556
ACCaf7247827b,PAYa1c7cf6ac1
ACCf248ecf646,PAY482c83d365
ACCf248ecf646,PAY4eaa4ff2a9
ACC5173e70df8,PAYcbec23f088
ACC583574db59,PAY86c7255354
ACC583574db59,PAY28e9c8f8d0
ACCb73546960c,PAY3946261c02
ACCb73546960c,PAYc87163924f
ACC22d11c55f2,PAYb3534427f9
ACCecd273593d,PAY29b74b2d8
ACCecd273593d,PAYb722084f3d
ACCcb5bb82490,7PAYb3a52a901c
ACCcb5bb82490,PAY15a29a5242
ACC662c03fd73,PAYe328d916eb
ACCcaf7d1e14b,PAYbe4cde4e7
ACCcaf7d1e14b,PAY62197a7372
ACC078b2385a9,PAYa47d4b9k837
ACC50f9f7c8d7,PAYaa9a5cfe9c
ACC05fe2a8668,PAYa0359683ce
ACC44b791a2e2,PAYa75f1337z3e
ACC44b791a2e2,PAY4ac6d6ce2c
ACC9b1e2ff42d,2PAYe9f201be69
ACCea8561599e,PAY06d6b6cea2
ACC5bdede6ecd,PAYdacda6d46
ACCa137677297,PAY3b8f1afe1b
ACC3cd2fd1096,PAY8a8faa3e83
ACC220cbba84c,pAY7550df0175
ACC220cbba84c,PAYfdba80882f
ACCee66602e12,PAY7d343bb22a
ACC20209e089e,PAYdc647852bc
ACC20209e089e,PAY8313ef2d3b
ACCf01b672f66,PAYd90729a3f58
ACC03b5ad9d66,PAy155f4cebd1
ACC4b7afe9a5b,PAY2f33013140
ACC4b7afe9a5b,PAY26e8ac12f
ACC1df166fd6a,PAYef8e27ab87
ACC1df166fd6a,PAY0e86ec5f8
ACC9c33c37014,PAY580ec2dae5
ACC9932661161,PAY97db7253a8
ACC9932661161,PAY2a1230b762
ACCb994f4db50,PAY1196f3d4ec
ACCbe93a3f155,PAY77da6549f6
ACC0577d0ea6f,PAY90b7b0913c
ACC17c1d87b49,PzAY0527ccebee
ACCdcb8aa80ac,PAY07334f5ed5
ACCdcb8aa80ac,PAYbfb7455d9a
ACC20735589f8,PAYbb4ad313ad
ACC20735589f8,PAY96d114450b
ACCda6763cf69,PAY21d81f665b
ACC51986da8ef,PAY83a17c15fd
ACC51986da8ef,PAY65c6d8c5c
ACCcbbace16fc,PAY12f7074c1c7
ACCcbbace16fc,PAY912f9b6a93
ACCdb6d3d9c92,PAc34773ab0f
ACCdb6d3d9c92,PAYa129f108fa
ACCb42e3bf78d,PAYfaae5195a5
ACCb42e3bf78d,PAY19a8193085
ACCa878b35328,PAY7cf5e1ac85
ACCa878b35328,PAYc52aface00
ACCe2b6e360c8,PAYbffc309523
ACC043f0c11e5,PAY4acac191b
ACC6ed0878c9f,PAY4bcdd66616
ACC6ed0878c9f,PAYcabf5496b7
ACCfbaf37975c,PAYb497994b2e
ACCfbaf37975c,PAY60258d91C1
ACC003f5afb6a,PAY593b3b8523
ACC003f5afb6a,PAYd95aec159
ACC516dc1c59b,PAYcbd5afb0cf
ACC516dc1c59b,PAY7187e9f2c0
ACC7bb9095c5c,PAY09a6e7df4
ACCb8e183c25c,PAYb0fcf15c7b
ACC20cb7bc06e,PA5Y805d69e08
ACC20cb7bc06e,vPAYd0dd863bd6
ACCb04f2e3fa3,PAY0c99ad0b4e
ACCb04f2e3fa3,PAY79fd34437c
ACC3b4fbaf2e2,PAY199ac0823f
ACC3b4fbaf2e2,AY498205c9b2
ACC28559dc19e,PAY734eef5143
ACC28559dc19e,PAY9af2b2e3f8
ACCc2279b70ac,PAY6c2f69bd16f
ACCa59c376dac,PAYa0f3d80873
ACCa59c376dac,PAY30bb633d29
ACCc9fddf18d1,PAYe0b780bbcb
ACCc9fddf18d1,PAYfcd120b555
ACC3e3399a00f,PAY594b16f4ef
ACCeca64ac9e6,PAY36c555b881b
ACCeca64ac9e6,PAY0db732ebd6
ACC11e77f40a1,PAY390f315c3
ACC11e77f40a1,PAY92fe6d2c6e
ACC1c43bd4450,PAYe19ecec4c7
ACC1c43bd4450,PAYbe55679648
ACCc147eb58ff,PAYa7a6eb3d60
ACC31d526b46c,PAYf0597a818c
ACC31d526b46c,PAY17a4913518
ACC462cc9764b,PAeY529fd0371
ACC84ae5f828d,PAY4e349209ab
ACC5502a8af80,PAYc5f6cd91b3
ACC5502a8af80,PAY84e7e0b303
ACC0d9d593caa,PAY436eC8df87
ACC0d9d593caa,PAYf55f65f49f
ACC78388df293,PAY6d33d03f4c
ACCe252926a51,PAy1a5340361d
ACCe252926a51,PAYC5b01773ad
ACC7cd38bfe2d,PAYd3c5bb924e
ACCe3512ddfad,PAY7b3c890ee5
ACCe3512ddfad,PAYb2c7041592
ACC24061f225e,PAYd314ccc66
ACC24061f225e,PAYa4c173ccBf
ACCa1e5823a5b,PAYf4f2f0b61
ACCa1e5823a5b,PAYbbd33da003
ACCc0f6418e2b,PAY4d0a1261ca
ACCc0f6418e2b,AY6b8226c014
ACC4302194bbe,PAYf0998d30ba
ACC4302194bbe,PAy5aafe33f15
ACC971630cdcf,PAY0eed12505ca
ACC971630cdcf,PAY343aaa3c61
ACC3ae657e4d2,PAYda4F477dcc
ACC31d888875b,PAYfe2d17a4b0
ACC31d888875b,PAY2df7a592152
ACC236e10a320,PAY69a86e47c2
ACC92b7f08b77,PAY56d750e165
ACC697a49b641,PAY37a37a43c5
ACC697a49b641,PAYeda878e7f8
ACCca32cb5575,PAY45a535dc3a
ACCf357e1aaf5,PYA41c8b51b91
ACCd5e4be5fab,PAYffa2d79562
ACC49ffe2cae5,PAY8a632bf737
ACC49ffe2cae5,PAY080454d998
ACC8e336a5320,PAYd1cb428bec
ACC8e336a5320,AYe66d36e76e
ACC80c947374a,PAYf4579493c7
ACC80c947374a,APY1516430f9d
ACC05d6311d7f,PAYd34886ca49
ACC54863ce6db,PAYb82b8d537
ACCdb0f14b10a,PAY637fb219aeb
ACCdb0f14b10a,PAY25f6b01b27
ACC8f41295978,PAY625aa150c
ACCe12c9fe7c3,PAY7bed2c1acf
ACC99ab415748,PAYe5371e520a
ACC644c12e9b7,PAYabb199b9b7
ACC644c12e9b7,PAYce21aaa59f
ACCd1c6a169e2,PAYee68940298
ACCd1c6a169e2,PAY4cee2838fd
ACCb21782e4e0,PAYc5f82d564
ACCb21782e4e0,PAY1f16819213
ACC582b2f9f52,PAY32e1aeb208
ACCfaed54692f,PAY3b87c1j48d3
ACCfaed54692f,PAYd83e1326a6
ACCb09a9a027f,PAYa1db55abe8
ACC810da1bd2f,PAY447e40c37
ACC810da1bd2f,PYa4b602cd2c
ACCfc933ff7a0,PAY5027126107
ACCfc933ff7a0,PAYb71e8b1471
ACC05eb858b17,PAY448fda73fa
ACC05eb858b17,PAY25d44f76df
ACC37088a33c6,PAY2b8a9ffaff
ACCf455c3141a,PAY8c3429c6b9
ACC7b45b7ddec,PAY12d2cf63e
ACC7b45b7ddec,PAYccf56d1c4d9
ACCb6a49eb9f0,PAY71da5e4072
ACC409c6f06ee,PAY12cf011fa2
ACC606ccee054,PAY71f8594b89
ACC8f6aee4f73,PAYf032a4e8ae
ACC8f6aee4f73,PAY67293cac0b
ACC50892d69a2,PAY19d0b14642
ACC50892d69a2,PAYefb007b1a1
ACCf71d89fa50,PAY0303c77d4a
ACCf71d89fa50,PAY005dd1eb77
ACC98d2ad8b0f,PAY4df8a8484
ACC98d2ad8b0f,PAY650a66d48a
ACCa426a13764,PAY34304c4fa2
ACCa426a13764,PAYa70968aab5
ACC4ea4508e09,PAY8a737ab554
ACC4ea4508e09,PAY0e6ff52637
ACCdde105bc86,PAYc2da8a758b
ACC4dcc3b0a03,PAY72303c386a
ACC4dcc3b0a03,PAY052b0ad9a6
ACCda58f63a7c,PAY841f40d929
ACCda58f63a7c,PAYe75634a998
ACCf73527d480,PAYa5697efdc7
ACCf73527d480,PAYf1e8d45a75
ACC8ad69527b2,PAY8161d3a49
ACCccfc42adf4,PAY51e89306a1
ACC83fd74ea86,PAYbcf3dac2c
ACC723e2f07a7,PAY1dd3a99a84
ACCef69ad8767,PAYab4f3a2276
ACCef69ad8767,PAY44a77524a9
ACC3aa19e32a1,PAY97e46c5f7a
ACCea82785ad8,PAYd6117f40ba
ACCea82785ad8,PAYf7c74d5596
ACCf0fa3fb49b,PAYfD4008b0ff
ACCf0fa3fb49b,PAY913e8a2747
ACC2c7ceed8e1,PAy5815b59444
ACC2c7ceed8e1,PAY224159619f3
ACC6740526fc5,PAY7f968cd85a
ACC6740526fc5,PAY67745ad47d
ACCaa19ada9b8,PAY30458dd82ad
ACC1ed1aa73b1,PAYe6cffa6e3a
ACC1f325ecef9,PAY1c05a3ze721
ACC39aeb387f7,PAY560e833d93d
ACC544edb35d3,PAY7971dea76c
ACC544edb35d3,0PAY7106257bf3
ACC86d31b9854,PAY920dd7da14
ACC86d31b9854,PAYdfd63e6be9
ACC1ca19857e1,PAY5a43ae9bb
ACC1ca19857e1,PAY7c60260243
ACCf7fb50d78e,PAY515af17e0e
ACC93eaa3cd21,PAYe0bs8c81c5c
ACCd8cd7fa5ad,PAYcde25e3de4
ACCd8cd7fa5ad,PAYc47b3ba020
ACC68809d3e4c,PAY1mae4b13e28
ACC68809d3e4c,PAYb9a001c2ac
ACC9b392a7452,PAY4d8c901545b
ACC9b392a7452,PAYd757b4f3c5
ACCcc75cbe3c7,PAY135d405c18
ACCcc75cbe3c7,PAYd3d3c23059
ACC52c8e41a9c,PAYb582b5100f
ACC52c8e41a9c,PAY98fd20a752
ACCb97c34e493,PAY43fa80dfa5
ACCb97c34e493,PAY0406de7be0
ACCd16c3152fa,PAY637743b1b0
ACCd16c3152fa,PAY32d969e06
ACCbec7cecf3c,PAYf021e014c4
ACC62dfb5dac4,PAYb760fd74f2
ACC5c3ed78f7d,PA5c540d8206
ACC5c3ed78f7d,PAY19bb935342
ACC512dd4220a,PAY3f548ce0d1
ACC677cdc3625,PAYdc9d3220c7
ACC677cdc3625,PAYf7f6e797c3
ACCbcac982825,PAY66c9a0a1bb
ACC532976de16,PAY0dc658d22f
ACC16c4822052,PAY32f7e651fe
ACCd7a970883b,P9AYd1eedc1c9c
ACCf79658c9ea,PAY2607148171
ACCf79658c9ea,PAYdc9b8198b3
ACC4938ab8023,PAY45b8390c80
ACC137392bafa,PAY83ff4c87e4
ACC137392bafa,3PAY4810638be0
ACCf8a5f0fe4f,PAY4408a74103
ACCf8a5f0fe4f,AYa7b0020906
ACC4fdc59f64b,PAYddc7a0f2b5
ACC4fdc59f64b,PAY15c00924bc
ACCcb91123045,PAY29e7d9e782
ACC1773bc01bd,PAYaba4f3d1ba
ACC1773bc01bd,PAY436a6d498
ACC8678ef3c1a,PAYf03cd45a23
ACC8678ef3c1a,PAYd57abb1547
ACC4baffe2086,PAY3e01ad636e
ACC4baffe2086,PAY0ee708142
ACC343df2305b,PAY9c5bfe21a0
ACC8e62160c4c,PAY069eb3ff9b
ACC8e62160c4c,PAY95d2f631a5
ACC75e5f30b08,PAY1098ee8a10
ACC4be00722c0,PAcde8974436
ACC9c9877edda,PAY105dfc19c7
ACC9c9877edda,PAY61923ade8a
ACC67f1192def,PAY487d484a88
ACC3c38d9368b,PAY9607b1c3c1
ACCc3576c0d05,PAYc7824fb596
ACCc3576c0d05,PAYec0308c4dc
ACCdfc2e33863,PAYb9a8355b53
ACCdfc2e33863,PAY70b3c3f533
ACCaf54a772de,PAYb43402a009
ACCaf54a772de,PAYadd736b37
ACCe0a20a5c76,PAY8e177386e
ACC2da970d6a4,PAY4d5e4d93f
ACC851990a230,PAY055f99e600
ACCccc327a550,PAY0449cccdbd
ACCbc8b9565ac,PAYa1ef7f2b74
ACC35c55d1b65,PAY4036510cb3
ACC35c55d1b65,PAY07556f47b
ACC4a157040ee,PAY9f3df16e0f
ACC4a157040ee,PAY1ce62631v51
ACCbde49e29dc,PAY55df411f14
ACCbde49e29dc,PAYb660d66b93
ACC3eb6056697,PAY5c867b7cf3
ACC51d9ec9b01,PAY4df481397d
ACCce1fa392d3,PAY26d7665e81
ACC0707b46680,PAY4feda9e90c2
ACC0707b46680,PAY02eei311d1b
ACC90aeb55c8b,PAYa3109644f4
ACC685160ff7e,PAY2a4da669f
ACC9069779c0d,PAY8c0a425892
ACC9069779c0d,PAY284588419
ACCfb51b7d325,PAYb699a6ea47
ACCe2c3c629e2,PAY26ea29d7z5f
ACCe2c3c629e2,PAYad1605dba2
ACCb795e8aa57,PAY0b63fb34b3
ACC6658f99aa3,PAY5e3cfa70e4
ACC6658f99aa3,PAY866d753d82
ACCa8c50ea6a5,PAYBd1983c2e2
ACC00f37594ce,PAY6c1dd2b148
ACC00f37594ce,PAkY432255dcc7
ACC966cf14172,PAYaa11f1f2700
ACC966cf14172,PAYb448b4aew2c
ACCad66ea2b48,PAY0a10d6f7a9
ACCad66ea2b48,PAYe9caa9872b
ACC93f41d1c15,PAYc992f6t9162
ACC93f41d1c15,PAYefcfbfc4ab
ACCae06279cc6,PAYe51a391407
ACC40e7b8ecde,PY9901fcc049
ACC40e7b8ecde,PAY5e9019c7Bc
ACC2a4f7e76cb,AY936fbfeac4
ACC25b40be1c5,PAy688cb00315
ACC25b40be1c5,PAY76bd723ca2
ACCda929bbe8d,PAY0936a8ae30
ACCda929bbe8d,PAYc8663b0470
ACC17139c7bf5,PAYba1743b63
ACC17139c7bf5,PtAYca0b79d4d9
ACC3b36a5ba5a,PAY64bb5cd9d0
ACC3b36a5ba5a,PAY8b203a5761
ACC4637639680,PAY66b1b69d78
ACC4637639680,PYAc4f0a4ca6f
ACC3c87eb7061,PAY631a7f3d2e
ACC434acfa96d,PAYbdb1334d70
ACC478dbee491,PAY20b442a06c
ACC478dbee491,PAY857ec47681
ACC3fb0c06ca1,PAY29c0b4218b
ACC3fb0c06ca1,PAYfffe33fc83
ACC8a7c623b20,PAYcc9bea6999
ACC672c97abe3,PAY8ed789b7e
ACCc6e66117da,PAYc873c263d2
ACCc6e66117da,PAY4d2f87F458
ACC76390ed3cd,PAY082d5521f2
ACC897f1d78e6,PAYbf8e5127fe
ACC897f1d78e6,PAY94357abd9a
ACC4ca6e1de5e,PAY6e1341717a
ACC0bafd9b70e,PAf0df9b59aa
ACC0bafd9b70e,PAY06eea47bbf
ACCee2306bd4c,PAY664f9370f1
ACCee2306bd4c,PAYf831dbb505
ACC72a4d419be,PAY7222bc78d
ACC5e2ca3a0f2,PAY5552336ff5
ACC5e2ca3a0f2,PAYc8702469ee
ACCca7cbd8292,PAYe4061d131d
ACCca7cbd8292,PAY2acf78b5a5
ACC996c43530a,PAY74888d35c3
ACC9a3a4b1c98,PAY8f37455bc9
ACC9a3a4b1c98,PAYb05c2fc5b2
ACCb1bb99615c,PAYc75e78c4c2
ACCb1bb99615c,PAY0852657229
ACCd23af96da4,PAYa898146c6e
ACC4a4e5540e1,PAYba39600f9f
ACC4a4e5540e1,PAYc47baba0i4b
ACCcf37b3822a,PAYa9ef61b47f
ACCcf37b3822a,PAYc51625a591
ACCf116a3900f,PA4Ye11799a6f
ACCdd52bb799f,PAY631894932f4
ACC3ea7a40eee,PAY53798eb02d
ACC7c4741b599,PAY3f164297f2
ACC4393d7db32,PYae09e8b7d7
ACCab47deea7c,PAY966c79d457
ACC1cb0378629,PAYc9e78fe4d
ACC1cb0378629,PAYf75046269
ACCd9f13dd321,PAY15df6bc933
ACCe4e9c4fba8,PoAY2b52caba50
ACCcfb1445d69,PAYbae94b59d
ACC7814c46355,PAY725e9f6864
ACC0937881af1,PAYd0bd7532de
ACC0c7494dce1,PAY00d4b47044
ACC66ed908185,PAY4c81b76518
ACCda4bcdb28f,PAY664e5e277f
ACC5b99efc81d,PAY80495361a3
ACC5b99efc81d,PaY13d10ea8f8
ACCca9c5ee4d5,PAYcfee37aB01
ACCca9c5ee4d5,PAY804373d917
ACCe3ac01484c,PAYf2a7e023b3
ACCe3ac01484c,PAY825a1196c4
ACCa1316fc50b,PAYdb504n28332
ACCe021f00c48,PAY116f5633b8
ACC1f80145ce4,PAY4500c56173
ACC3142a14818,PAY1313ec080b
ACC3142a14818,PA3Y447aec44b4
ACC2495480144,PAYfdab05a38b
ACC2495480144,PAY5fc8e04311
ACC8d6a88b8c1,PAY0f584p85b27
ACC8d6a88b8c1,PqAYe33af5706f
ACC2ab387a11e,PAYa418c82b00
ACCdf39c99400,PAYcfe642c195
ACC2fc7b3ba04,PAY7dabaa5355
ACC9513febea6,PAY70c0c0d129
ACC1263159543,PAY1b367c74b
ACC1263159543,PAY53496521bd
ACC579fa08e21,PAYf156b1602
ACC579fa08e21,PAY86c3672c1ga
ACC4d42a31d64,PAYe7f42a84ff
ACC4d42a31d64,PAYd614e9ab2
ACC9affc1095d,PAY571ec5536
ACC9affc1095d,PAYCddd903ea9
ACC5bd9ff6821,PAY6202d29457
ACC5bd9ff6821,PAY5b2ed0aedb
ACC74643d7a58,PAYa5d98d4534
ACC7115fec101,PAY362e2392c2
ACC7115fec101,PAYDca552bd72
ACC05f98676da,PAYfeCd2b9ca2
ACC05f98676da,PAYa68f0412f8
ACC276347dd2a,PAY516b546cad
ACC3c2369ccdb,PAY78f5a8bc8e
ACCb704eb0b65,PAY417e81389d
ACC4aaf8601a3,PAYaf8ea1fcd3
ACC4aaf8601a3,PA4Y3f65f2f1fe
ACCaa9f685687,PAY60b18cbb3a
ACC7d5a2794c3,PAYff44367f2c0
ACC534a8a03c4,7PAY94919145e9
ACC534a8a03c4,PAYe8c37c497f
ACC2d9b0c1383,3PAY3e252d8e74
ACC51005196cd,PAY7f3da2afba
ACC51005196cd,PAY2d72af8ff9
ACCd95a3bfeaa,PY2a530a1883
ACCd95a3bfeaa,PAYad151f802c
ACC81245558e7,PAY2efaaa7c0a
ACC81245558e7,PAY5777349877
ACCce83481df5,PAY3cc8wf5cd8c
ACCce83481df5,PAYe536008b65
ACC9ddf1f3018,PAY1746578f4e
ACC196f69114f,PAY4d9f7paf262
ACC196f69114f,PAY435c32d77
ACC36a87b652b,PAYea725ff559
ACC36a87b652b,PAYffe7b7f008
ACC1d48e6ea2e,PAY3d4b3bfa27
ACC55c76b6183,PAYaab1d0b07
ACC55c76b6183,PAY76ae3f138e
ACC749e565007,PAYaea04A78f9
ACC749e565007,PAY0b513de9a1
ACC44d13ab9bc,PAY5d1c990bre5
ACC79f38f5e2e,PAYf209befbd0
ACC79f38f5e2e,PAY758061e8ca
ACCa2ca71aa8e,PAY01edb853ba
ACC751ff3676e,PAY7847b979f6
ACCf9bd5728bc,PAY897901dd49
ACCeb1a3e9bed,PAYf072833cf
ACCeb1a3e9bed,PYA5bb315764f
ACC20d9baacd8,PAY6ada19d137
ACC5f57203a11,PAYca23095bbc
ACC3a49d8cd36,PAYbba908751
ACC3a49d8cd36,pAYeb2d90c31f
ACC7407d9e246,PAY4ecd7b693
ACC7407d9e246,PAYb1db0917f1
ACC92f4b78155,PAYcbb6037be9
ACC92f4b78155,PAY96723aa3f9
ACC6fa69edaae,PAY40794197e1
ACC2f1dde9186,PAYd312d820cb
ACC5ad7b91b86,PAYe89e15cd3e
ACC5ad7b91b86,PY8f50f5f173
ACCa3b9002406,PAYbc20ca594
ACCa3b9002406,PAYce1147af1e
ACC36f2673989,PAya65db5cca4
ACC36f2673989,PAY557a4a3d8b
ACC72d34206a9,PAY11fbd8a61e
ACC72d34206a9,PAY9a37473385
ACCeb2ff3b098,PAYcc2d5dd4d6
ACCeb2ff3b098,PAYa6e9547a7f
ACCe05b9e628e,PAY8326ea78108
ACCb9d96469fd,PAY66e9c75503
ACCb9d96469fd,PAY1d5e00c3b5
ACC51dcd213d0,PAY7ed044dac9
ACCe9fc916bf3,PAYd0ea3ff491
ACC2398ef7114,PAY66533852fe
ACCb6d642b6e1,PAYb07e14f92b
ACCc2749101f9,PAY08c6e70fc5
ACCc2749101f9,PAY6cq0d9e89fb
ACC70ee795fad,PAY1218d911e1
ACC70ee795fad,PAYcff30242c5
ACCfe3e260429,PAY1e1741924e
ACCfe3e260429,PAY7891dd8a04
ACC42d0eed99f,PAY29eb518ebb
ACC42d0eed99f,PAY6c286e0d9a
ACC83ef9cdc6f,PAY446f5052b6
ACC83ef9cdc6f,PY116d7a93fa
ACC705839182c,PAYe39acad6163
ACC5b7bbab5e3,AY61941f6546
ACC465c6cce18,PAY90bbb6ab7
ACCff92cb059f,PaY2f5ed15ba4
ACCff92cb059f,PAY546n6e54696
ACCd6ffbe9055,PAYaF4e743cfa
ACC0850a49b6a,pAYa5bdaefc62
ACCbde5e1079f,PAY5d60baac2
ACCbde5e1079f,PAYbc28c3d2db
ACC43f5db6028,PAYa6a4451919
ACCb16bce6e83,PAYc85b06b426
ACCb16bce6e83,PAY750dc4f5224
ACCd04c5888ca,PAYe165cb8fec
ACCd04c5888ca,AYdb293555fd
ACCd16595ca00,PAYf46f9fb8d
ACC8b09ce83ba,PAY9ea53691d1
ACC8b09ce83ba,PAYbbab5890c2
ACC4941a55bbb,PAYaaaf7d9F85
ACC96f851982c,PAY210e6b9506
ACCb2b3ae92d5,PAY962b11b5fb
ACCb2b3ae92d5,PAYccdcfa9dce
ACC8485eb7ec0,PAY1ac60f73a5
ACC8485eb7ec0,PAY8880cfab06
ACC0355b55c0f,PAY5362de4f17
ACCa6e2cf3933,PAY23fc9a79Ea
ACCa6e2cf3933,PAYa4386ac08f
ACCf563233459,PAY58f356c4d3
ACCf563233459,PAY2b1f34f8f2
ACC792db31417,PAYc0d2f1C07b
ACC792db31417,PAY1314e04080
ACC0bf832d1bf,PAY900243f8ff
ACCf7ce50db33,PAYfd186cd654
ACCa5a3c60d61,PAYa21b23cdc4
ACC096f5a05a6,PAyc492649469
ACC40a5428704,PAYa8f3c2ba4c
ACC6b3f1715a1,PAY8ceabecc30
ACC55f23c79de,PAY78e47e9897
ACC20fbe0dc93,PAY7c300714fd
ACC20fbe0dc93,PAYc02e016ce3f
ACCabe49d6f2e,PAY6b857175f6
ACC9077503d8c,PaYabd5861032
ACC2da9ed1817,PAYca9f6a72d6
ACCe7f46efd65,PAYc52c8f8cc
ACCe7f46efd65,PAY93a9b19ab7
ACC2390fbc28d,PAYbea4e4ea05
ACC2390fbc28d,PAYcaEbb3a8ea
ACC728f8868fd,PAY07af077a03
ACC7e2c623b42,PaYab3ce0b527
ACC2cf1232f92,PAY86b5310531
ACCb10ac45b84,PAY61dc85f32a
ACCb10ac45b84,PAYa81190bd4f
ACCbddc100ce5,PAY528d3b3f3c
ACC23a014822c,PAYeee69Fbdbd
ACC23a014822c,PAY1aaefa447e
ACCf16825c1dc,PAYe3843e81d8c
ACC759b5d0e35,PAY403e053c60
ACC7772c12ce7,PAY42d5cc4efc
ACCfe72afb827,PAY50695ec03f
ACC7497c0690a,PAYd01c80bdd4
ACC7b7a1601c9,PAYf15a5076l0c
ACC7b7a1601c9,PAY1abde58d48
ACC616e04cbf9,PAYn66e3cac7ed
ACC4e3271c9c3,PAYa0211286cb
ACC4e13021625,PAY044d3918e
ACC4e13021625,PwAYe5dd402ff4
ACCfd3da86391,PAYf4a629f7f1
ACCee12f38ad8,PAY3c1f419302
ACCae22e54a6c,PAY322ba3y6f70
ACCae22e54a6c,PAY6e2f75907a
ACC2b25de8b0a,PAYa9a7122a88
ACC7740aeaf07,PAY037796f5b8
ACCba3ebe15f5,PAY6e6f442306
ACCba3ebe15f5,PAYbeacfd163d
ACC779b54cc09,PAYa656b4Df07
ACC779b54cc09,PAY2990b28e9f
ACCaeba7e7642,PAYb8ea4257f2
ACCaeba7e7642,PY8474b69779
ACCf866a84d0e,PAY1390f47de8
ACCf866a84d0e,PAY50fbad30d
ACC67853f2fd4,pAY0a0598d484
ACC67853f2fd4,PAYd56ff1985
ACC00e10660d4,PAY1da74837d6
ACC9e17453d35,PAY9da6e4195d
ACC23ec49701f,PAY6491d94fba
ACC23ec49701f,APY2dc38cb756
ACC6849f702d7,PAY0005e2c9be
ACC6849f702d7,PAY9bc99f9fb2
ACC9d9d80efaf,PAY86ecedfc0a
ACCb982609d14,PAY50e27a0ec
ACCb982609d14,PAY11af79b44
ACC0ffb40a37f,PAYee37dd982e
ACC514b59b66b,PAY104787202e
ACC43a438e39d,PAY29b0421538
ACCd13a4cea08,PAY802ac448c7
ACCd13a4cea08,PAYea8d564f12
ACCccf5418d4a,PAY904b3da225
ACCecd707aa3d,PAY2fee3874e1
ACCc729247a0a,PAYddb32842ee
ACCd06783d393,PAY428d3d69a3
ACC2beed325f9,PAYf5284c722d
ACC2beed325f9,PYA600b1d3769
ACC2823a948e7,PA59cfb88db1
ACC2823a948e7,PAY347fe859d5
ACC871de4c78e,PAY2e017d25e
ACC871de4c78e,PAYd924a3b011
ACC328cbdc6da,PAYd59c5579e8
ACC328cbdc6da,PAYd5054b6622
ACC0bdf90cb8f,PAY769de2e65e
ACC0bdf90cb8f,PAy06e9ade3e3
ACCd4fbd4b103,PAYa6fc7a1a23
ACC0490199fa5,PAYf2ead28c94
ACC0490199fa5,PAY7c2c9d37d
ACC65a2de3a5d,PAY9i31e539c18
ACC5d275515f3,PAY322c9b69be
ACC5d275515f3,PAY538101cb15
ACC088b94e437,PAY2a03810b9
ACC088b94e437,PAYe73f643fbd
ACCaaa75c16a8,PAiYe418bb8da5
ACCd3317096dd,PAYf431b84f97
ACCd3317096dd,PAYbdd9f8m1b9d
ACC3cc96c55de,PAYa9a4aa7ee8
ACC3cc96c55de,PAY451fca84103
ACC1428e6ac98,PAYa42fb7f17a
ACC21ece0aa75,PAY75d135c0b
ACC21ece0aa75,PAYcb9e8c14e0
ACC08f746cfeb,PAYbf44d6a9F3
ACCfddf2f99da,PA4Yab30f1b8a
ACCf1a34e7884,PAYeb530a5ea9
ACC96188509f4,PY65ff2e74d5
ACC6dd2da8e90,PAY3fc2f54e83
ACC6dd2da8e90,PAYfc5937338c
ACC1c4214100a,PAY8bea5015cb
ACCce305cdeab,PAY7bc862bbb
ACCc723b1d697,PAeYc5e6d713ec
ACC75903359ec,PAYce2f7cea30
ACCd5febaee0b,PfAY640e06531c
ACCc28432bc0f,PAY597afe7230
ACCc28432bc0f,PAYf98385a2ee
ACC6555dae816,PAY5813c1651c
ACC7e9565df21,PAY0ad409c70b
ACC7e9565df21,PAY535e9a4272
ACC56ac9de1e6,PAY7d691adB1a
ACC56ac9de1e6,PaY0b0f3cba6f
ACC1585939054,PAY82098a3a82
ACC1585939054,PAY545fc650cf
ACC0658cba833,PAY1d01708816
ACC6965c561f7,PAY3364183cbd
ACCd837ee61d3,PAY6c18d4261d
ACCd837ee61d3,PAY3b9a89446e
ACC7e0fc890bf,PAY3e872de3cc
ACCc1961ede03,PAY4392408d8c
ACCc1961ede03,PAY23117dc611
ACCb769b6ebc9,PAYcf0e684c198
ACC5085f1c9e9,PAYd6bc9bd71c
ACC1394e978f2,PAY7784f83b39
ACC3378831c81,PAY4effec63fa
ACC25279e0019,3PAY8f84021c31
ACC4a6cec2aef,PAYe84a083b4e
ACC99f71d22be,PAY19628806a4
ACC00f6b423b4,PAYd6fb2c5e51
ACC5d6065291f,PAY714453c281
ACCbdc16ae286,PAY1d21a318cb
ACCbdc16ae286,PYf6ac39c5dd
ACC234718a6d4,PAY5537ced985
ACC50c9bef181,PAYc2b8eac581
ACC46659d336c,AYf29dcfa4e6
ACC46659d336c,pAYf001377624
ACCda4bd9c21b,PAY2ef6566076
ACCda4bd9c21b,PAY2caf21ab08
ACC1b27169eda,pAY5c63ab1189
ACCa37f3f27ba,PAY3e7aef32ca
ACCa37f3f27ba,PAY042978c29c
ACC6d635eab08,PAY1b557f70a
ACC6d635eab08,PAY7b69866f1a
ACC2ea6ddbccb,PAY522d39b574
ACC2ea6ddbccb,PAY2d890687cb
ACC0f853eb774,PAYbe0789c18e
ACC0f853eb774,PAY8a94402304
ACCf98904cac4,PAY5021d5eb60
ACCf98904cac4,PAY8db18aa460
ACC41c1f1afb2,PAY8872f9f024
ACC41c1f1afb2,PAYcfF4ddbaa6
ACC64d6a4ef2b,PAYd794e00afe
ACC64d6a4ef2b,PYA5b21c71098
ACC2184b0e45e,PAYb7e59bfb4b
ACC2184b0e45e,PAYan00cd2f04f
ACC6a19d5ff82,PAY7cde0f9047
ACC6a19d5ff82,PAYb164b6073d
ACCff0fbc38a4,PAYe95B564633
ACCff0fbc38a4,P2AYe21403a5b0
ACCbf9a24d8a0,PAY1933b3138
ACC3b0a283f89,PAY0b7859921l9
ACC3b0a283f89,PAYde941bd9a
ACCc7e57612f1,PAY4faa76565d
ACCc7e57612f1,APYd895d8fe84
ACC92672b6029,PAY4d7ece89c0
ACC628ef97056,PAYf364a155ec
ACC628ef97056,PAY6044594cec
ACC14312f8057,PAY71065a6048
ACCccfe8e28be,PAY7842d2d32f
ACCccfe8e28be,PAYd0b7805ba0
ACC254412b6f6,APYe5f9b06fd8
ACC6cb224f341,PAYfe3530c280
ACC6cb224f341,PAY76d831a317
ACCb8ab0a720c,PAY1c5ac2592c8
ACCb8ab0a720c,PAY6539a8c074
ACCefabb26046,PyAY865d1dd73b
ACC0d0486145f,PAY4b0f7f6686
ACC0d0486145f,PAY93429969e0
ACCd2836174eb,PAYefe902e072
ACC7a3160604f,PAY3506221554
ACC7a3160604f,PAY37a33ec29b
ACC0753757cf8,PAY78a82bdcee
ACC0753757cf8,PAYe26d64853
ACCd439248539,PAYc67048be5
ACCaa95b26912,PAY16a415ec58
ACCaa95b26912,PAYbf1b2790e
ACC51cc828387,PAYbc1ba01149
ACC51cc828387,PAY67975db4c6
ACCbc33e4cd74,PAY9e2aeb3909
ACC3965c0dca7,PAe9ff482fea
ACC3965c0dca7,PAY2cc883a508
ACC3ebdc02302,PAY1de3455c3
ACC658c883088,PAY42b216ca38
ACCf6f4aaa98d,PAYd6d2ccb3f4
ACCf6f4aaa98d,PAY4e7afad75e
ACCbafe9a40f1,PAY5dc8bd5e99
ACCbafe9a40f1,PAY26f6e9505a
ACCcd9491dee1,PAY339bd3be47
ACCcd9491dee1,PAY1d0e806eaa
ACC5be206f997,PAY9b3d0db9e0
ACC5be206f997,PAY065ebcf012
ACCdc469ae297,PAY55bff293b7b
ACCdc469ae297,PAY0ea48f1af5
ACC926e8a0090,PAY5dtf394a7d1
ACC926e8a0090,PAYbf7b99b578
ACC8748a85448,PAY828dbfea7b
ACC8748a85448,PAY38a71bb54c
ACCa1a00695b1,PAY41355efd9e
ACCa1a00695b1,PAYf7d1d4991
ACC843f8641f3,PAY9a196d9ccf
ACCb9e724bc18,PAYd6d53be67
ACCb9e724bc18,PYa1a35777b4
ACC23110204d2,PAY8451782085
ACC8487e61ceb,PAY03da5d4ad2
ACC14cdefd8c3,PAYa095bec0bc
ACC14cdefd8c3,PAYa9696881b2
ACCb15e302379,PAYe7c032a0amd
ACC43ecf86be4,PAY07cd8d9f32
ACC43ecf86be4,PAY4dd78983bc
ACC6fd07c64a1,PAY3e5c86146b
ACC93befc1667,PAY52205b4082
ACC21473509aa,PAYaj9916e6fb9
ACC21473509aa,PAYc79fcd8196
ACC092b3926b0,PAY0c32350a1
ACCe90c75fc7c,PAY853eecb7e2
ACC54e5b6247c,PAY52be26964b
ACCb1a9a1e3b0,PAY9f8fabf26
ACCb1a9a1e3b0,PAY9b73403ac8
ACC91a924b6a3,PAY49dd62d35c5
ACC91a924b6a3,PAY38ecc9cb0e
ACCf0bc3a226c,PAY31b69b0edc
ACC7efd2cae31,PAYe4372c4f2f
ACC3c01abd10e,PAYf724373864
ACC3c01abd10e,PAY60b1cafcef
ACC70c0005d97,PAYf8cc47ad5
ACC0d3a2a86fd,PAY8298e34461
ACC9c60a77253,PAY9efc48cdf7
ACCa9dba3022b,PAYf7db31a67a
ACCa9dba3022b,PAYca11a93ca0
ACC5826769682,PAYf418d1c217c
ACC1e7d5c36e1,PAY336cb2790c
ACC1e7d5c36e1,PAYba49f61122
ACC6c73dd9ed5,PAY1c498a84f0
ACC6c73dd9ed5,PAYcaaf563801
ACC012b503284,PAYc12339ef8a
ACCab2c8a63f7,PAY691239c669
ACCab2c8a63f7,PAYf0f80711ad
ACCd8910b8754,PAY9cax2e27315
ACC72262ef46c,PAY0c73bccc63
ACCca5bad00a5,PAY086b9b465b
ACC317a433f68,PAY0dda338611
ACC317a433f68,PAY11de01b917
ACC374695f313,PAYbbfdf3c1ff
ACC00b363a301,PAY5944a4f07
ACC00b363a301,PAY5002B966ba
ACC8cca07ae78,PAY27ef1439e48
ACCa92efaf6fa,PAYa956acbbe5
ACCc7b07c62e6,PAY226fefff7
ACCc7b07c62e6,PAYd8b9e41fdb
ACC83244703be,PbAY0807eb088d
ACC83244703be,PAY5d0202fe8d
ACCbb32226d98,PAY6f0eecd43a
ACCbb32226d98,PAYbf11b0u7761
ACCe9563508c0,PAY124ec5ab1e
ACC49937df1c5,PAY997a2f6966
ACC7610390385,PAY1094afb548
ACC93aa10d927,PAY2ee7599027
ACC93aa10d927,PAY55bdc43Eac
ACCb0c28a7a4a,PAY18ad28a29
ACC21a27056ff,PAYaba612ebc0
ACC21a27056ff,PAYb42fd89d94
ACC2cde79c83f,PAYe73d1cfcff
ACC2cde79c83f,PAYf12a9ea280
ACC651d101fad,PAY2e0e84b403
ACCcd6149eb75,PAYace9e946c4
ACCcd6149eb75,PAY919e86e082
ACCbc0cc27a0e,PAYedf1ed2d62
ACC66d7076c25,PYA72ca3a0d96
ACC66d7076c25,PAYcfe7de7565b
ACCb1e6a8c490,PAYc60661afj09
ACC2ac40c0134,PAY089c5a7994
ACCecfac93d3b,PAYb48c98bf94
ACCecfac93d3b,PAYdcdf7e51ce
ACC27f5b9ead1,PAY33bbb73b17
ACC27f5b9ead1,wPAY10f7b12ba8
ACC506ce3d26c,PAYca7798a202
ACC506ce3d26c,PAYdda61257d1d
ACC5afddfa377,PAY09cd06505e
ACC7207ae9f21,PAY449468060f
ACC81b2626052,PAY4d6ea730af
ACC81b2626052,PAYc02bf9cbc5
ACCe52527611f,PAY0019ca64d9
ACCb1bdd1c79b,PAY02c10ddbee
ACCea85cea8dd,PaY7abd2032a9
ACC695d4313e2,PAYD5fb520c4c
ACC695d4313e2,PAYeef59ax0bea
ACC4efbd3c612,PAY5b9021e04d
ACCdf78ba8820,PAYc19e84780b
ACCdb8e46edc3,PAY6fee882c46
ACCdb8e46edc3,PAYc21008847d
ACCc79452505a,PAY07a51e65c1
ACCc79452505a,PAY83143137c4
ACC84ec0e0a43,PAYb6e4977374
ACC0396e7411a,PAY89817931c4
ACC0396e7411a,PAYffde46d540
ACC58d508ca53,PAYdfedad8a44
ACC58d508ca53,PAY7da432ce2
ACC89c096f82b,PAYb0f384a49f
ACC89c096f82b,PAY7be1a58d60
ACC88d5a39925,PAY180d8b02da
ACC88d5a39925,PY9a70046913
ACC1e8bd7e711,PAY4d0f3d7255
ACC1e8bd7e711,PAYe3c17b4adc
ACCacd1e7fb0e,PAY0b7493364d
ACCacd1e7fb0e,PAY1b4af6dde9
ACCf69071c46f,PAY2ef8f68c29
ACCf69071c46f,PAYfe9bfcba3
ACC30d3e9489d,PAY08a93e29d
ACCc44f9b5c83,PAYd6f8y066d18
ACCc44f9b5c83,PAY64a9388321
ACC7607f71dd8,PAY1336cd7c94
ACCab7dc07b54,PAY4b7469e3f1
ACCab7dc07b54,PAYa6dcc6f559
ACC2d60bb32e9,PAY07912b3ded
ACC3bfda2753b,PAY33c959ea85
ACC3bfda2753b,PAYcdae936492
ACC31abba7d2f,PAY3c8f82eb55
ACC31abba7d2f,PAYc246b7474f
ACC79957f8d16,PA0Yc76db068c
ACCd8f2a3c561,AY035b40782e
ACCb8c1852ee6,PAY657490ef6e
ACCb8c1852ee6,PAY1743b11508
ACCe34f3a47d6,PAYe4c57c44cC
ACC1c40b0bbcb,PAYe9d24f7e8a
ACC1c40b0bbcb,PAY43ad0bad02
ACCcfb8d6dd65,PAY5758a689ba
ACCcfb8d6dd65,PAYcc7b42d76
ACCf5c5e30df4,PAY6ac03935db
ACCf5c5e30df4,PAYfb8411ef9f6
ACC8cfcf4f4ab,PAY21d8f21f9
ACCbec7a49875,PAa16005a8e7
ACC2b69f4f9ff,PAY32a5722149
ACC2b69f4f9ff,PAYcf00f6b469
ACCf241d6768b,PAY1e12ae6a7e
ACC8f9ce6148c,PAY246a53e7d2
ACC5bc458c3ff,PAY53d71a3533
ACC5bc458c3ff,PAY3e1c0341e8
ACC0c74c9896c,PAYe1d58ad96f
ACC0c74c9896c,PAY536bb5b935
ACC9df53564cd,PAy94e0606760
ACCdb7e555969,PAY91f41b794b
ACC1bf9f9f54f,PAYd0daa3e86
ACC1bf9f9f54f,PAYc8c47755a4
ACC6000ca5fc3,PAYd5acd1d24
ACC1114ff8208,PAY6dc90350ae
ACC4129e8ff57,PAYb4307bf157
ACC4129e8ff57,PAY215c786d05
ACC2c083d25d1,PAY43d9fd9e6d
ACC2c083d25d1,PAY8128bf6e50
ACCe99c4b6b26,PAYa2d103e816
ACCe99c4b6b26,PAY893591562f
ACC3827e61941,PAY363b5cfF07
ACC74e18ad7b5,PAY552ca3633b
ACC74e18ad7b5,PAYd679e1b950
ACCf65f964677,PAYb3ac046ce1
ACC2d30dbd244,PAY87f61b5325
ACC5f09d2e199,PAY9df543a014
ACC7c18a729eb,PAY158919ef2
ACC79f171bc27,PAY5ea31284a8
ACC79f171bc27,PAY2cbd1d2c51
ACC5f72babb1d,PAY4522ab2b63
ACC5f72babb1d,PAy2247704bed
ACC9a032dbdfa,PAY9390d8bf12
ACC9a032dbdfa,PAYedac7da08a
ACC583da0e789,PAYf095f68726
ACC583da0e789,PAY022d4b58d9
ACCe137a7d281,PAY549589ababa
ACCe137a7d281,PAY09f365a12b
ACC2d6a79bd90,PAYab554a3e34
ACC8aa86ae83e,PAY8532cccff8
ACC8aa86ae83e,PAY150ac800a4
ACCceb3054ad3,PAY9f32443324d
ACC2044452fba,PAY344a5556a9
ACCf6a9d6c688,PAY974ee29e89
ACCac4786ff33,PAYd34cdd4150
ACC80756b9f76,PAYfc6a025fdc
ACC8bc8ea8ce8,PAY757a232d94
ACC59acaf7a57,PAYfb70656916
ACC59acaf7a57,PAY3fae312925
ACC62cef4f098,PAY5a14bc64a
ACC62cef4f098,PAYa7f2854ff1
ACC2c22c37f15,PAY503cc7a9d67
ACC2c22c37f15,PAY98174c7739
ACC4a1a9acd10,P6AYe0f3a58c61
ACC16d400fc53,PAYad669b7f0
ACC23204ab5ef,PAY29194840cc
ACC23204ab5ef,PAYd6b71cb7f
ACC58d8d3d269,PAY3046d9b11a
ACC93d98aa955,PAY4355717a94
ACCede0ccd9e6,PAbY96de79e107
ACC81f20d4a87,PAY314854b197
ACC81f20d4a87,PAY2075dfe896
ACC3029ed7a53,PAY346c4a46ef
ACC3029ed7a53,PAY9bd481fceba
ACC1c7b4ffc06,PAYc2b4cc0579
ACCa5789cbeb3,PAyf333f8d837
ACCa5789cbeb3,PaYb985dd34cb
ACC72ff98f858,PAYda7fde6af1
ACC72ff98f858,PAY10a3448397
ACC55f4a1d48f,PAY2bB5f8c03c
ACCaf9d601612,PAYe311135efd
ACCaf9d601612,PAY6fcb006d3d
ACCad1bd3eb72,PAY6a248cb164
ACCd8b55f3c15,9PAY3a7ca4e970
ACCb83f93f394,PAY83308574906
ACCb83f93f394,PAY327180afc
ACC4cea7e7775,PAYfea7w472d4d
ACC2b98cca49a,PAYce30826aea
ACC2b98cca49a,PAY0badcbd4a4
ACCce795ac1e3,PAY7f2e949db
ACCce795ac1e3,PAY55848a8f17
ACC8abe8d7362,PAY8969fe54b
ACC991c17f4ba,PAYe607bee2cf
ACC991c17f4ba,pAY334c245b9c
ACCe610c382e4,PAYaaa1560192
ACC6ac2831520,PAY1f6332d7ed
ACCae947c6692,PAYcc4467caf7
ACCae947c6692,PAY1ed2320755
ACCb3a852d7f6,PAY1a71a63f46
ACCb3a852d7f6,PAY94d2c7cd09
ACCc4f463bb47,PAY7a46affb58
ACC1cd2cba087,PAY6fca63e225
ACC1cd2cba087,PAYa418b1c9aff
ACCf795ccaf21,PAY0e4b21aa99
ACCec84032886,PAY7978d6b0cB
ACCec84032886,PAY64fb60f504
ACC8ab90724bd,PAYde096cc48
ACCee56c6592a,PAY84e5ecb33e
ACCc527605ffa,PAY2c1591dd76
ACC5c7a49f909,PAYdd148305d75
ACC0efc4d790e,PAY99aff6765C
ACCb04d81b53c,PAY300bd43874
ACCca5283ac77,PAY281b0d1495
ACCca5283ac77,PAYbbfcd6788
ACCc244208acb,PAY2c68a0b99
ACC58a1010fa8,PAY81b211c6c7
ACC58a1010fa8,PAY6bfda62226
ACC2b1bbe9e8a,PAY70d715c6b
ACC2b1bbe9e8a,PAYbe6b1a88e2
ACC5420b9bff8,PAY8c8f69609d
ACCdd8eac2ef9,PAY0ae0e24c80
ACCdd8eac2ef9,PAY70b90caab8
ACC730c562d84,PAY02a9cf2b80
ACCe84c18a048,PAY238dc435fd
ACCe84c18a048,PAYe45bc5881d
ACCe8369ccc75,PoAY877041b0ca
ACCe8369ccc75,PAYc2aeabaa3a
ACCa055dd01b9,PAY3327cd3baf
ACCa055dd01b9,PAYe8e4fd2759
ACC496a0c790e,PAYdce4115c8b
ACC496a0c790e,PA82a71929c3
ACC5b7b49e0fa,PAY788e52754
ACC5b7b49e0fa,PAcY10feccb3b
ACCe34a2dd89b,PYA5f0a269abe
ACC34db47fc24,PAY7f6252caf4
ACC34db47fc24,PAY1cb7b276ff
ACCfeb3f6f51d,PYA0e09bd70cd
ACCfeb3f6f51d,PAYc9217a253a
ACC5a97032d78,PAY4533d5f02f
ACC5a97032d78,PAY8344239189
ACC81651d3573,PAY3dc7d893ca
ACC81651d3573,PAY580e26510e
ACC943a1a54f6,PAY3e0bc0c147
ACC943a1a54f6,PAY460acf630
ACCb701f6f2cd,PAY7b7befe8af
ACCb701f6f2cd,AY83146cb1f3
ACCf320cc669b,PAY1913958f9c3
ACC987f53c84d,PA1Y0afc9bea1
ACC987f53c84d,PAY3248940f06
ACC76aab2bb62,PAY8a23381fb2
ACC98fef5626b,PAY8814f687ee
ACC98fef5626b,PAY6b7p8042785
ACC6c9a63929c,PAY1d83f0f2b9
ACC6c9a63929c,PAY858cba0703
ACCb0dda99663,P9AY5f21998cc1
ACCb0dda99663,PAY641207aede
ACC5d5a4be4ad,PAYc1483b0eb3
ACC5d5a4be4ad,PAY7f25824af3
ACC2d1a3d8a99,PAY89c17cb82e
ACC2d1a3d8a99,PAYf44413b77f
ACC5ea7f45474,PaY2a0863a64b
ACC5ea7f45474,PY9a8bfc53ae
ACC1ce0f549e9,PnAY0f94b1b6ae
ACC1719bfefb5,PAY57caccb194
ACC1719bfefb5,AY42f0292a5b
ACC49495df7b3,PAY28b94db11f
ACC49495df7b3,PAY5f985bacd0
ACC80e038b9a3,PAY93e2dbbc10
ACC80e038b9a3,PAY87cb155fec
ACC7e9e9957b6,PAYd7ae2fa9a4
ACC7e9e9957b6,PAY617d5d6b6c
ACCf7439645fd,PAYf17aeec3dd
ACC1b327df92b,PAY0fed2767b3
ACC1b327df92b,PAY023c1818b3
ACC93acf60017,PAYa9768b1b3b
ACC6977429f3a,PAY1022ad1d61
ACC1c4b9f7186,PAy7c42644b34
ACC1c4b9f7186,PAY9fe52ecfc1
ACCb72fb1f825,PAY0d21b681c6
ACCb72fb1f825,PAY254da50043
ACC37dbedc16c,PAY3148ba23b5
ACC37dbedc16c,PAY9196598461
ACCf58021d511,PAYabe6f9af26
ACC5357ff3f80,PAY4567e05a26
ACC978fcd2d15,PAY98ba204d52
ACC978fcd2d15,PAY73b0564451
ACC7570eb5797,PAYec2510772
ACC7570eb5797,PAYe5a80fd2a9
ACCb09c5866c0,PA8Y5e7209c04
ACCb09c5866c0,PAY1bfa55c063
ACCb68e2abc3e,PAY6c7452a4arc
ACC09bc879f9a,PAY8d778bdd1f
ACCd39e94c968,PaY059cedaaf5
ACC97d780527f,PAY351f886419
ACC97d780527f,PAY56629215e5
ACC52ba685fa0,PAYbcAca5b88a
ACCc50d573afb,PAY276ce5be6a
ACCc50d573afb,PAY23846d1d30
ACCc38e2eb8cd,PAY58aa0f8n0c5
ACCa5f252f285,PAY42d5d7732
ACCa5f252f285,PAY70df784df5
ACC35e853a4eb,PAY82de0c085b
ACC35e853a4eb,PAY389e0021f1
ACCa7c00ff675,PAYe76627d77wc
ACCa7c00ff675,PAY43713a4002
ACC1ca284babc,PAYe5bc9c090a
ACC1ca284babc,PAYdeaef15688
ACC9dd37ce890,PAY64fc908275
ACC9dd37ce890,PAYf0087a3944
ACC1c261a2f18,PAYc04227a9d5
ACC1c261a2f18,PAYb4539822a6
ACCa3a98364b4,PAY09582Eea86
ACCa3a98364b4,PAY6b8281b412
ACC28fdad8b38,PAY34c1d7664b
ACC28fdad8b38,PAYd1be50385e
ACC640cf94ffe,PAY600625ce28
ACCbc1a9e6111,PAY353e8f1982
ACCbc1a9e6111,PAYae3d6cd3cc
ACCf3342012f8,PAYc3a61e5334
ACCb1d173e898,PAYfebfe84688
ACCb1d173e898,PAY4fcafje63ee
ACC39ab4af221,PAY7d6b989aa7
ACC40fa38137d,PAYf82cael1582
ACC40fa38137d,PAYbc95377611
ACC143191fde1,PAY5dba7ae550
ACCe78e5e6720,PAY5e7965d1ea
ACCe78e5e6720,PAY5e696a6d01
ACCc0a9c3642e,PAY1e291277e8
ACCc0a9c3642e,PAYc7083ef767
ACC88168f826f,PAYfc2398a07
ACC88168f826f,PAY34e8915165
ACC1830af82f9,PAY6ad5i8e7006
ACCc5de65ad33,PA6f0db79d17
ACCc5de65ad33,PAYd33b07564
ACC685bd0dec9,PAYaae5cc86e7
ACC685bd0dec9,PAYc299311a4
ACC25f49ad921,PAYb980a43784
ACCe80df08974,PAYa9dc948ada
ACCe80df08974,PAYe22d266187
ACCaeda90d8e5,PAb6fe2d69c2
ACCaeda90d8e5,PAY7e79d42aa3
ACC00e963d3d1,PYA2150e0d5ac
ACC14bc449adc,PA9Y084c4f27a0
ACC87c87ed2f0,PAY4fa96a6f9b
ACC87c87ed2f0,PAYaf113ac271
ACCfca8f677ae,PAY091db9b254
ACC506b47d09d,PYA89a0438dff
ACCcb64d06965,PAY769a2a1fa5
ACC1746dd5e25,PAY87d13c24e9
ACC7b1f9186f4,PAY794495ae50
ACC7b1f9186f4,PAYa967018e4f
ACC6d8dc410a9,PAY817de9606c
ACC6bdb125806,PAY29a5e68a7a
ACC6bdb125806,AYd531c7a456
ACC9e4125775a,PAY3eb58ffdb1
ACCeab09e5adb,PAY18655c1f1d
ACCa195862502,PAYyfe2dfe479c
ACCa195862502,PAwY474b5abe8b
ACC2a7db2a0ca,PAYd6dd55143f
ACC2a7db2a0ca,PAY0fe37f6c6b
ACC189fb9a4ec,PAY294cc72b0
ACC189fb9a4ec,PAYb30a4a13ed
ACC07e1de1db1,PAY5e955ccf294
ACC07e1de1db1,PAYb418fc6801
ACC8dd3bb447f,PAY871615d40
ACC8dd3bb447f,PAY77be3167e9
ACC53ec7ac07d,PAY3967af3454
ACC8327d0f787,PAYdaf46b4a5
ACC6f272cb190,PAY5ced4325e7
ACC6f272cb190,PAY6196839528
ACC3a99cb39b9,PAY6a9c513f03
ACC01ca3fd241,PAYaadbf2ee57
ACC01ca3fd241,3PAYe9bbf7b6c8
ACCb80c5d76f6,PYA8b4a19e8f0
ACC491063ff86,PAY8d7096212e
ACC6f95655d11,PAY8fd5ffb45a
ACC6f95655d11,PAY2c8e0b1879
ACC727ed40863,PAYacee477c6b
ACC727ed40863,PAY29ac0d1fda
ACCc85d862940,PAY421de632ff
ACC0cd9ff0378,PAYd28e0343dc
ACCcda6ce6617,PAYe50dod0304b
ACC7a3116ed43,PAYf79cd6d18
ACC028e67b6d8,PAYff11be9239
ACC028e67b6d8,PAY0c65b8954
ACC1457531711,PAY8930d404c6
ACC1457531711,PAY6e7cf54e1c
ACC49c90c1035,PAY5c40f4b7d
ACC49c90c1035,PAY0277562760
ACCc73efc8d07,PAY22474504d
ACCd1c75c6c84,PAYe2fbac0cb2
ACCd1c75c6c84,PAYdaf3bc17ea
ACCee43c53f3e,PAYa66f146cbb
ACCee43c53f3e,PAYqb18946a9d8
ACC2432b8a0ed,PAY5931031gcf2
ACC2432b8a0ed,PAYc3fc581f4d
ACC9ce7760142,tPAYebc3efdfa3
ACC9ce7760142,PAYb4e05c2d8d
ACC6d3c1061fc,PAYa3c8c8bb36
ACC5ecfdd0380,PAY1405be4e1f
ACC2635793421,PAYa712dde130
ACC2635793421,PAY9682ff9a7
ACCd8b38b6e83,PAY087456d8d1e
ACC9ae85de751,PAY712ad47e9f
ACC9ae85de751,PAYa72b0cf9bc
ACC23930eaa54,PAYecbf17dd2e
ACC58dba7f645,PAYa6d3a87342
ACC58dba7f645,PAY8d11cf727d
ACC8350343da8,PAY67124d7701
ACC8350343da8,PAYe5edfaA823
ACC0097421830,PAY5d44219fa3
ACC4ffc4f70a9,PAY23475a0eb0
ACC57a0aa38c9,PAY74d30332e6
ACC87234debcc,PAY03872addf8
ACC17b36550e1,PAYd77df806b4
ACC17b36550e1,PAY5f3ac83497
ACCf1421e40c9,PAY749c9e33eb
ACCf1421e40c9,PAY0607e5f647
ACCc04bce01b0,PAYb236472d0d
ACCc04bce01b0,PAY62b710d30f
ACCf3f5cff10c,PAYd7333b706c
ACC2a87a88b56,PAY4ceac01qb99
ACC2a87a88b56,PaYfd98c5fb01
ACC29a3d6844f,PAY792018e3b7
ACC83c3a6376c,PAY2277150a3
ACC83c3a6376c,PAY15b8f91a96
ACC4656c897b6,PAY6d1a888852
ACC4656c897b6,PAYc99b1920d6
ACC77718e5afc,PAYc42fbcca77
ACCf0d2c23490,PAYbef5600dff
ACCf0d2c23490,PAYf29548d442
ACC317089fd80,PAYe482e79a4a
ACCe31b5d944c,PAY91c9306fBe
ACC7edfc1fa0a,PAY721d8a3dbc
ACC7edfc1fa0a,PAY2ba416978a
ACCbd33312e58,PAY4f4054f54d
ACCf66ba429bd,PAY1a927a4042
ACCc4fbfaba2d,PAY7019e1a443
ACC166c3a09b0,PAYee95ce3058
ACC166c3a09b0,PAY51a9059c5d
ACC0fdbc471c5,9PAY410efd865a
ACC0fdbc471c5,PAY993d71f948
ACCb35df4619a,PAY1f2b87hfbd2
ACCb35df4619a,PAY9df6dfabe
ACC7abfeb6eeb,PaAY10f3fe0b31
ACCa49881b80c,PAYa70bf2ed9f
ACCa49881b80c,PAYb42060b24c
ACC3ff8b9ee46,PAYfa3bc56d41
ACC3ff8b9ee46,PAYca1d3c322e
ACC2c7872021e,PAY2b08a65917
ACC71e94240ec,PAY2b28788428
ACC71e94240ec,PAY9dda3a9af
ACCb5f56c9c32,PAY99806ede6
ACCaaf5ad286e,PAYeed21a32d9
ACCaaf5ad286e,PAYac9416ahc9c
ACCdadd8e31a1,PAY6cd5cd529a
ACC5a9aa48886,PAY1e7e0570ba
ACC7b0fd50fd3,PoAYaffe9b8446
ACCc4be67717d,PAY02f6d2be305
ACCf18727bc3d,PAYc2f83a3cad
ACCf18727bc3d,PAY2b175f62c4
ACCd791c16ee9,PAY0cd179ceec
ACCd791c16ee9,PAY589dfceced
ACC850ecc8fa0,PAYb6634f1853
ACC850ecc8fa0,PAY9f31750ed3
ACCfd16c39c43,PAY97be3c17fc
ACCa537b48fe1,PAY5d7745707a
ACCa537b48fe1,PAY8337bc0971
ACC1ead7ab668,PAY2486b55d142
ACC735482cc19,PAY6190695943
ACC9cd10622a3,xPAYab777bef69
ACC9cd10622a3,PAY850762eedf
ACC4f58b6ac14,PAY388d0484ea
ACCba7f86d06b,PAY9ed0ea2cbe
ACCd2a92ce938,PAYa998e8f4b5
ACCc6c7d6d5fb,PAY5f58f9748c
ACCa4390c5a92,PAYa1ff51E7c2
ACCa4390c5a92,PAY1cfa37c401
ACC9161201370,PAY1f4718469
ACC9161201370,PAY9cf31e978a
ACC8f486500fe,PAYe6ea76fc11
ACC0028875b11,PAYf2dam73c142
ACC0028875b11,PAY0jf37ff22ba
ACC265a352ca0,PAYae2eb3c5c6
ACC265a352ca0,PAY1598572647f
ACC57dcba957b,PAY291e1abb0
ACC1c15c0eefc,PAY377021e8f
ACC0509af985f,PAY4e5a13ed84
ACC0509af985f,PAY4334a9cdc3
ACC150201cb85,PAY386c801f3f
ACC150201cb85,PAYd1e04beb77
ACC3912026f08,PAY09d5ee5acb
ACCef7f36f499,PAYdffe40393a
ACC6d0994233f,PAY3800f2557a
ACC93ed3873bd,PAYd7060595f7
ACC93ed3873bd,PAY1600347e51
ACCa566257eaa,PAY5900d4d6bb
ACCa566257eaa,PaY6b869f50a4
ACCef93bcd4ed,PAYffb43675b1
ACCef93bcd4ed,PAYcl0828511f4
ACC286a5e7f6b,PAYc35c14e8de
ACC286a5e7f6b,PAYF731d9db45
ACCe9fa052fe3,PAYe8381c1110
ACCe9fa052fe3,PAY52f9b99049
ACC007570e416,PAY81e2a207de
ACC007570e416,AY97d4d0fd49
ACCfece0c66b3,PAYc7366acx14c
ACC3bdf9c4f6f,PAYa447dab885
ACC6a9c132d92,PAYc10f6b7096
ACC6a9c132d92,PAY35b608fc00
ACC05d8c4ba27,PAY878f956c8c
ACC05d8c4ba27,PAY3102d95e6
ACCa921e95cd2,PAYb0fdc1881f2
ACCa921e95cd2,PAY1206d98e23
ACC081325f202,PAYaf13cb82835
ACC081325f202,AYa2363e15c0
ACCa0e6095396,PAY673e801707
ACCa0e6095396,PAYecb8767b0d
ACC26d6c17c03,PAY725205487a
ACC26d6c17c03,PAYf65cbd52cb
ACCa0d01a2543,PAY9015fca31c
ACC2fc9da9cf6,PAY36cf85ac78
ACC2437d9086d,PAY5782f14bcf
ACC2437d9086d,PAY28279fc954
ACC3061362996,PAYcee17cd7606
ACC3061362996,PAYa483df29af
ACC41b05cb7eb,PAYc57c5225a
ACC41b05cb7eb,PAtY4cf154e6c9
ACCf93d34dfd4,PAYea176985c7
ACC5caa919d5f,PAY5845cacc35
ACCee33778a46,PAY2f7f2906Fb
ACC703a01ef04,APY1a73c28060
ACC5ce14e891d,PAY65c0f4f132
ACC5ce14e891d,PAY00303db87f8
ACC6120034667,PAYdvd8e82c982
ACC6120034667,PAY823de4969f3
ACC266677c9a6,PAYd2f8b3a62ee
ACC266677c9a6,PAY7b65e3a3d6
ACC60ef5b0480,PAY68a11d9e94
ACC60ef5b0480,PAY956a9e6264
ACCb496a95634,PAYffEbe878ee
ACCb496a95634,PAY54c332d81r9
ACCf03a211b0e,PAY8044576655
ACCc296b18f99,PAYa55c5eff40
ACC8e65e72fdc,PyAY705e32739d
ACC2bdc30ffb5,PAY3d38f76504
ACC2bdc30ffb5,PAY33d1cd9775
ACCdf529c562e,PAYfcac545359
ACCdf529c562e,PAY401e74670d
ACC2998338310,PAYc348cc071d
ACC698bb0ec9c,PAYb88698a632
ACC46f1c21786,PAYd49f98842e
ACC88751580fc,PAYc1fc7c10d1
ACCc783cfba11,PAY71489728f0c
ACCb417e35669,PAY2d83a766ad
ACC1c96b821d0,PAYfb770b8aaf
ACC1c96b821d0,PAYcdee82239
ACC01da30863e,PAYc03609b701
ACC5b0875347b,PAY1b6dfea53f
ACC4f165a06f4,PAYffb06ff4a6
ACC4f165a06f4,PAY24a2ed67a5
ACCc97038c2dc,PAY173bf3762
ACCa7809047ac,PAY05db6b6d1f
ACC767bc6423b,PAY6914b4cc23
ACCbce4bed531,PAY7cd3304b5a
ACCbce4bed531,PAY766cb23f0e
ACC7e8320257e,PaY5ece0e4d1b
ACC7e8320257e,PAY9f9de8a32
ACCbf323c588f,PAYed628063a4
ACCbf323c588f,PAY058584248d
ACCa98daa09ad,PAY557639ba89
ACC823a188d76,PAY44fc11f965
ACC4a838e829c,PAY3925608f5d
ACC4a838e829c,PAYc94db3d0a
ACCffb951363c,pAYcaede00cbb
ACCffb951363c,PAYdb4e100bc7
ACC374051c352,PAYbce1f38f31
ACC9e03f77b7c,PAYe453497912
ACC9e03f77b7c,PAYe4b52edafa
ACC78e56902d9,PAY5f8ca73as18
ACC78e56902d9,PAY3e5e656529
ACC4deb8b7a49,PAY323f40c612
ACC018695c6df,PAY2c012df4f4
ACC018695c6df,PAYebc16582a1
ACCa083ed7a52,PAYdc4020few45
ACCb2b388675f,PAYd6056f695
ACCb2b388675f,PAYd9cc405602c
ACC7e141ae9f0,PAY4bbf978e5e
ACC7e141ae9f0,PAY33c12f37b9
ACC3b39432969,PAY97da2692j11
ACC96d3cb12e5,PAYff2280ec38
ACC412df62d3c,PAYd29a4424ac
ACC412df62d3c,PAY4c876158ac
ACC28ef88c931,PAY5382cf5db3
ACC28ef88c931,PAY6d5e213dc9
ACC326e77cc01,PAY4ec02d9750
ACCc6e1002f7d,PA0Y6147b6ca0a
ACCfbf03be7a9,PAY13abaee4ae
ACCd9413194dd,PAY7496e2c68b
ACCac9e66d279,PAYb45a14be8
ACCac9e66d279,PAYep6b0478372
ACC686035ff20,PAY7e87c4d2ed
ACC686035ff20,PAY644347ee24
ACC7eab1f5460,PAY31bb1bb9fb
ACC4046a4eee1,PAYf9095864ff
ACC4046a4eee1,PAY4f118f405a
ACC73c0bbe5f4,PAY165d7303e3
ACC29747deece,PAY270108c859
ACCbe8c6db9d1,PAYf9fb8b2304
ACC7bddaf2564,PA1Y918e98dc5
ACC7bddaf2564,PAYc4e9d2f4f7
ACCcec938628c,PAYc7816f1d75
ACCcec938628c,PAY1cf3c5d4e1
ACCd14f12bdec,PAYd97cc8829e
ACCd14f12bdec,PAY3ecc0e5181
ACC4c144239a5,PAYe50c09d8a
ACC5dd180ac3a,PAY16284aeadb
ACC733b73258c,PAY3fd3e1007f
ACC8336afe574,PAY421c9a38zdf
ACC09f8a1eb86,PAY51a0ced8e1
ACC09f8a1eb86,PAY3bfe2a05f0
ACC880d872090,PAY0efb1929f
ACC880d872090,PAY636266c4ea
ACCef9e16a062,PAYc3674941f
ACCefc5a16c74,PAYEf615502e7
ACCefc5a16c74,PY5c18d703ec
ACCb00aa8adbd,PAY65cf24f366
ACCbc14697dfd,PAYb905b1d8e
ACC0efe187fc3,PAY75fE279bfd
ACC02963caa05,PAY17e42336ff
ACC02963caa05,PaYae721910dc
ACC3cfe78ae29,PAY128970b8dd
ACC3cfe78ae29,PAY527cbd029b
ACC07b3ee8c74,PAYee912800be
ACC07b3ee8c74,PAYb71243b8b0
ACC10cfb3e490,PAYd2bbf5b8a9
ACCbacf7ff55e,PAY4fm24e190b7
ACC0ecec7e022,PAY89017a823e
ACC0ecec7e022,PAYa697dee499
ACCfce3075903,PAY83da1e4f1c
ACCfce3075903,PAY8d6b3ab03b
ACC8d43a0c855,PAYfe798cc2a1
ACC79d949d756,PAYb60836d066
ACC79d949d756,PAY0714efdfd0
ACCa5f91ed9d6,PAY259724963c
ACCa5f91ed9d6,PAYae3972f42c
ACCf5491ec701,PAYf6f7349690
ACCf5491ec701,PAY6b00cdbd43
ACCa2543f4fd6,PAY41bd0aa2c
ACCba73810f67,PAYfada7168d
ACCcdb6fa57c8,PAY0c1fffbb88
ACCcdb6fa57c8,PAYf05d7a210a
ACC8a4f29cd03,1PAYe996a9cbc3
ACCed279d90c2,PAYdc3ecd3634
ACC93316b22d3,PAYb51dec842a
ACC93316b22d3,PAYa51ea61383
ACC3c25c169d0,PAYd3991a318c
ACC7afe17dc2f,PAyd58c4cabe2
ACC95176d019c,PY4064fb8121
ACCb93e957b59,PAY1a3e2b16254
ACCbfa54e358e,PAYfe965a8874
ACCdf88f513cc,APYade6ce9556
ACCdf88f513cc,PAY3d1281c9db
ACC0411c808e6,PAY19f73bb394
ACCaccf485d0e,PAY2e6c102c9c
ACCc19042b96f,PAYe5f0ed81ec
ACC4ae307bb50,PAY6078edcc87
ACC57cc1a89ca,PAY8a8e6e2d84
ACC7cb94d3134,PAY707125d56e
ACC7cb94d3134,PAY28797d12ce
ACCcd820900d2,PAY8ec635f62f
ACC9579982c72,PAY46206dd80e
ACC9579982c72,PAY0acc133a3
ACCd7097246ff,PAY9Fe24cc47b
ACCd7097246ff,PAY18ee99bcd2
ACC5d9496b2d4,PAYb60c70b0f6
ACC11590ecfc7,PAY0796cc086e
ACC11590ecfc7,PAY9eebe5acc8
ACC8ca732ad96,pPAY1a71537c97
ACCf985d2c0c1,PAY1165012d98
ACC9ed5fc6bb1,PAYe221419a72
ACC0cf44e2585,PAY3305412113
ACC0cf44e2585,PAY04db39e13f
ACCb6b20c5257,PAY0dc3c2f713
ACC39514acdfc,PAYx81fc265a94
ACC47fc3aa3cf,PAY7e61d6c7c0
ACC47fc3aa3cf,PAYc19601179a
ACC1f0c50f55f,PAYd54127eea
ACC1f0c50f55f,PAY700c655128
ACC7b99069da0,PAY9aef255aaf
ACC7b99069da0,PAYabb58f74b8
ACC3e2b0921a3,PAY70744e7a3C
ACC3e2b0921a3,PAYdb228bb4f7
ACCec79c286b9,PAYaed8681f4c
ACCec79c286b9,PAYc6316ffeb1
ACC77e39c0813,PAY702823c6a6
ACCbd234536f9,PAYc0cb06665c
ACCbd234536f9,PAYdfd1761500
ACC47b8d2b35b,PAY5fc9c992d1
ACC7c2c865c4f,PAY61fa0b337c
ACC8bfda6fd54,PAY09c67b45dd
ACC00edc19dcd,PAYec48ei9fadb
ACC00edc19dcd,PAY6ad6598d72
ACC03b88036a2,PAY657d9bfde2
ACC03b88036a2,PAY8bf50c7a0
ACC9646e2f1b9,PAYe656fa51f6
ACC6a9b9733bb,PAY3eb5983cd0
ACC6a9b9733bb,PAY827e385cb5
ACC1d13b845c8,bPAY4e6d377e50
ACC1d13b845c8,PA6Y23af4a192
ACC332c22c182,PAY4b44c3abaa
ACC47ad05aa22,PAYa49413e653
ACC47ad05aa22,PAY3df251909
ACCd1b29de424,PaY9f7e841d7c
ACCd1b29de424,PAY1392ecb15f
ACCdd429d1db7,PAY378cec9ea1
ACCc7c0ae0966,PAYe489af650
ACCc7c0ae0966,AY5522b7fe6f
ACC7fede7076a,PAYe61a3b8be2
ACCc9861f0adf,PAY339cd88b73
ACCc9861f0adf,PAY1d4ce77269
ACC33137bcd55,PAY2ab460f901
ACC33137bcd55,PAYd1f89b6a9c
ACC564d7b98c5,PAY341fd97618
ACC6cc8984e23,PAYd23770b32a
ACCe90aa57f43,PAYd8f21d89Cf
ACC03d0427c57,PAYc20be2ef3d
ACC03d0427c57,PAY85f46c1663a
ACCc7fb845c3a,PAYa9dfa3cd29
ACC56cf27840b,PAYe926bc734c
ACC06c2576c44,PAY35f8d5b70b
ACCbf64b210cc,PAYe18aa89970
ACC7b9e4a019c,PAY44973b6c46
ACC7b9e4a019c,PAYc054d829b2
ACCe743d231b3,PAYbc631889be
ACCf54f1568e9,PAdY1b77461291
ACCf54f1568e9,PAY4c916be3cd
ACC3f1b527cd9,PAYbd04f0e47d
ACC3f1b527cd9,PAY368b847a66
ACC8fc0b6b87f,PAYadf1abd07
ACC8fc0b6b87f,PAY6ae1d7ddc
ACC45539d72b3,PAY9a562ace86
ACC45539d72b3,PAYa6143c96b1
ACC94fb5154ec,PAYd11c455f98
ACC94fb5154ec,PAY7ae6b4c89
ACC7f8983f6a6,PAY13dd56cde
ACC7f8983f6a6,PAY49d24ea67e
ACC1aa3aa4ed3,PAY313b7eeac2
ACC1aa3aa4ed3,PAYb70914fec4
ACCa1f1996293,PAY92358bb1c0
ACC5f91ae5d4e,PAY37f8c2C5d0
ACC5f91ae5d4e,PAY21d86e69bd
ACC9d79b81cca,PAYc1002teb4c9
ACC9d79b81cca,PY2914ed06ac
ACC8faa67ad31,PAY14ce598c8d
ACC1897a2a629,PAY45d61471cf
ACC1897a2a629,PAY4c06486604
ACCc909d27185,PAY1a76b88765
ACCc909d27185,PAYcfb78343ad
ACCaa5ffabee4,PAY08a2dc4225
ACCf443db1b85,APYc93730e5a3
ACCbfbf24b2fb,PAY6c6bb39b4a
ACCbfbf24b2fb,PAYe44F688746
ACC85a1af5e60,PAy22f55d1c1b
ACC85a1af5e60,PAYe988fc063e
ACCa95777ea07,PAY3bd9ebe1be
ACCfd89dc89ef,PAY36209c9676
ACC10044a3e04,PAYdd5a3f3e9a4
ACC10044a3e04,PAY7b08f9a75e
ACCfd4fce1800,PAYc5911dd72b
ACCfd4fce1800,PAYe460731730
ACCaf2e5d7f12,PAY713294f54c
ACCaf2e5d7f12,PAYfa6513cdff
ACCb6048401e6,PAY793d8924de
ACCb6048401e6,PAzYb48bddda08
ACC6ceb2594ff,PAY10bad4b810
ACC2c3da2fb3e,PAYf17e7e6f82
ACC2c3da2fb3e,PAYa0341bca83
ACC67c13020fe,PAY6b873639aa
ACC2ab6134e7f,PAYdfaa191fd3
ACC94f86dff50,PAY7e1aa9957f
ACC94f86dff50,PA1Y1d35ecff08
ACCc1c07baafe,PAYf0839e779b
ACCc76cb69c60,PAY909882242d
ACC2e7587e81e,PAY505638e9b5
ACC2f76b3cc4b,PAY29e44159d6
ACC313efed083,PAYdb883b6ae9
ACC9b12adcbd1,PAY99dcfea9cf
ACC989a8b76cf,PAY653c5315f2
ACCd4832a1787,PAY3b2ed5f09
ACC5f9e5229b0,PAY5129f3981a
ACC034650e59c,PAY572a6c7c8c
ACC44d18e9459,PAYf291fd77f
ACC44d18e9459,PAY1992d0208f
ACCfa746716d1,P4AYb1d2071fd9
ACCe9c63d24a1,PAY15fe938b3f
ACC59f422e8b1,PAY3176ec7bcd
ACC60136fda2d,PAY674a096c44
ACCc3324f996a,PAYef0fc4cmb75
ACCc3324f996a,PAYx0111909351
ACC5652497a7c,PAYb26c58579
ACC81adb2b062,PAY7d45fc40c7
ACC5dd0f1656e,PAY80fc772a1b
ACCb2952fed6e,PAY13b0484142
ACCb2952fed6e,PAY715942532b
ACCaadb046cb9,PAYb580b67ffb
ACCdbd9be12bd,PAYdec9fecfc
ACCdbd9be12bd,PAY5ab60b3c6b
ACC6d852f6a33,PAY353fd0588je
ACC70249f9e0e,PAY69dc9f8f5c
ACC70249f9e0e,PAY87fdca8951
ACC99139edcbd,PAYf929666975
ACC99139edcbd,PoAY74675c444c
ACC8bd7b07b08,PAYed7ddec64
ACCc65edcddf1,AY92a03596b2
ACCc65edcddf1,PAYc45f6196b9
ACCb66f5cff7d,PAYe98e885042
ACC0e5ffc564a,aPAY6d18f36ed4
ACC0e5ffc564a,PAYa38a8ea5a1
ACCc1a32a5d7f,PAYa76026698b
ACCc1a32a5d7f,PAY19e55a67bc
ACCed249a9e5d,PAY3084dfa3b3
ACCed249a9e5d,PAY905b3f7dbd
ACCa71639b2cb,PAYc47c6a7a2b
ACC0079414a1e,PAYe514efc738
ACCdb74d21b49,PAY255b2582c
ACCdb74d21b49,PAYc9d7a5b2dc
ACCee1c298f95,PAYb3192c511d
ACCee1c298f95,PAY750c40665e
ACC70b9b45396,PAYad02c5de56
ACC70b9b45396,PAYfaf6498794
ACC3eb8b3a93f,PAYbc60c55d8e
ACC26a1957c25,PAYe536aa442f
ACC26a1957c25,PAYefe8dede2
ACC0942d1cfa1,PAY2a8f4d89e3
ACC797cd84724,PAY63a1ef69cb
ACC67d275a628,PAY421d92f1bc
ACC819bf52104,PAYaeb669a53
ACC46f4ef02b2,PAYf6375c800
ACC46f4ef02b2,PAYe1920ab0d9
ACC82ab943781,PAYfdfc64d8cdb
ACCec1bb53121,PAY9106782d2d
ACC331f8e43d7,PAY3b66redaaad
ACC193aaa6c5b,PAYc1ab3615fa
ACCf3df1e258a,PAY5b1p7226d77
ACC0a2d6386c4,PAYbc8a5efbc5
ACC03aad60c3b,PAY7296404c06
ACC73e3bfc794,PAY63b1996585
ACCb1af0c53ea,PAY7a26fa409
ACC089e40fbaa,PAY1017b43a44
ACC16d0f0d870,PAYc6a3b71924
ACC16d0f0d870,PAY7f3825ee70
ACC0fdc2f2e54,PAY4c4298b914
ACC0fdc2f2e54,PAY723b6a9a58
ACCf2da519969,PAYaaab94a6ee
ACCf2da519969,PAY65e2e602c8
ACCfc63e87979,PAY84fea98b46
ACCfc63e87979,PAYd3f25e6757
ACCbfcace702f,PAY7d9096d817
ACCf6554e2b8e,PAY9c364d13e0
ACC93f8dc2bfd,PA1Y7beef6a3d
ACC93f8dc2bfd,PAY7e82200bd3
ACC73aa8a4d74,PAY822127fa4c
ACC73aa8a4d74,PAYa53ce738f
ACC0d665a7a8d,PAY656004e037
ACC447a6f17a2,PAY33d8a67b92
ACCf030a68611,PAYefe32d9076
ACCf030a68611,PAYc09eb5970b
ACC647c32733c,PAY16725f3238
ACC647c32733c,PAY435ec2174f
ACCee5dc6c8bf,PAY3765a5ad5a
ACCee5dc6c8bf,PAYbe5680943d
ACCe1b75de602,pAY69c54bdc04
ACCfc97f528e2,PAY4ff229b883
ACCfc97f528e2,PAY72f4fbb34e
ACC5ab9ee3b90,PAY9b8b2111f
ACC495d97368a,PAY4b9e38e801
ACC8eb5ef6597,PAY5e2276e093
ACC8eb5ef6597,PAY8ccd8fa287
ACCaaec83cd8d,PAYa62e28e8dc
ACC04d927d234,PAY593536c02c
ACCba4a6cfe81,PAYc8ecc8c626
ACCba4a6cfe81,PAY2669c2a403
ACCff195ad5a1,PAYee877cb7a7
ACCff195ad5a1,PAY1186na833b1
ACC4a60883931,PAYb295f1b0d8
ACCa9fb2f46e9,PAY50a499af2
ACC6f9fb946b6,PAY6eaaec3249
ACCabfd0c6728,PAYca56850fqa8
ACCabfd0c6728,PAY704b0b01e3
ACCe7be3de156,PAY71ff55eab3
ACCe7be3de156,PaY3383c61465
ACC44a739170a,PAyaf4e269d6f
ACC3961ec0a92,PAYdc82401a6
ACC3961ec0a92,PAY71d54b89b3
ACC87a72b117c,PAY194b44b9e0
ACCd8228e6c02,PAY147f5715a7
ACC14c6057946,PAY2941136469
ACC14c6057946,PAYc858db7129
ACCc569db20a3,PAY8d6d2fb35a
ACC5609e4973d,PAY63eb26710b
ACC5609e4973d,PAY2e74e9624e
ACC92e02f5a10,PAY579ac2d3fb
ACCe802565ee8,PAYfe25f69a31
ACC143c22825a,AY0ce4a97ace
ACC143c22825a,PaY005b29994a
ACCda0c74c650,PAY267e345131
ACCda0c74c650,PAY05e8b9a736
ACCb44c900591,PAY2b9a1fb4c2
ACCe96b360794,PAYc727292c6d
ACCe96b360794,PAY19634f5e9e
ACC58da1e4747,PAY28fee405b7
ACC58da1e4747,PAY897244ed3d
ACCf7794146e4,PAY40ea80e8ae
ACCf7794146e4,PAY9a3a8a486ea
ACCd14acb3710,PAY8c312e5f35
ACCd14acb3710,PAY1a02a0c9f6
ACC7fd824b3cb,PAY701e8bb24a
ACC7fe2969617,PAY34a9c44a88
ACC7fe2969617,PAY86db693612
ACCb788e248f9,PAYb05e3b586d
ACCb788e248f9,PAYd710a457f8
ACC159740ff6b,PAY66ae346093
ACC159740ff6b,PAYcc861qc9c92
ACC1cc34b324d,PAY791c0e7a17
ACC1cc34b324d,PAYb0a4027f7e
ACCa220fb13c7,PAYb972df470c
ACCa220fb13c7,PAY011325a5d6
ACC1274f96093,PAY132d498259
ACC1f0f1c835b,PAY2b594ce887
ACC89a280ca98,PAY25498E486c
ACCbc5b4311f8,PY6099f8ed6c
ACCa83e251069,PAY2591c1322b
ACCa83e251069,PAY7280a5834
ACC047d734c83,PAYdc4a65a736
ACC047d734c83,PAY4d62a02752
ACC90c372323c,PAYbe513ef2af
ACC90c372323c,PAYd5ca7a1123
ACC30a4157975,PAY2fdae94475
ACC30a4157975,PAYd92b6df5a8
ACC5546c54343,PAYc3a40013a
ACC5546c54343,PAY2br1c4c6559
ACC54e6fbedcb,PAYc2d8f7ed16
ACC54e6fbedcb,PAY590912cbb7
ACCbcf2bf55fc,PAY88c2ae3fd9
ACCbcf2bf55fc,PAYfc11952a8a
ACC638ddd6959,PAYc41f4a0d7
ACC9400b65af1,PAY584f59dbdd
ACC9400b65af1,PAY93054413c1
ACC8a37cc910d,PAY30e6981b28
ACC8a37cc910d,PAYbc790f7d51
ACCf3b1d8f329,PAYd7d6f5d058
ACCe297e294b3,PAYe62912994e
ACCe297e294b3,PAY9c45be193a
ACCed455dac5c,PAY134ecegb013
ACCed455dac5c,PAY55b54faac1
ACCc76a6753c8,PAY791c9da294
ACC43cc812c56,PAYac7ff84616
ACC43cc812c56,PAY2aa8612dfa
ACC1e060a3c0b,PAY9e974ca704
ACCf7d340b175,PAYdc2e5fbe9b
ACCb72605060e,PAY9c9604f8c
ACC5a8439d16f,PAYae3e6b0ee3
ACC5a8439d16f,PAYdba2992352
ACC42bf935e3d,PAY6bddd1da12
ACC0dc4405627,PAY22269e64f3
ACC0dc4405627,PAY57f6ee807
ACCab8b5a69d6,PYA8c7f206c77
ACCab8b5a69d6,PAYd06e375ded
ACCcec9a0ded5,8PAY16efa7bdb8
ACCcec9a0ded5,PAYbfb814faef
ACC3d59fc954f,PYAb97a90709d
ACCba0d24823f,PAYadc8fc534
ACC4a52411e66,PAY829154c5c6
ACC36d6b0a54f,PAYc05f38542b
ACC36d6b0a54f,PAYec40ad3da0
ACCeb6403e8af,PAY3bdc28e0fd
ACC95eb2aa1ae,PAY9c0d6fabf9
ACC95eb2aa1ae,AY0c52f79b42
ACC41bbcb6133,PAYffc2373e4e
ACC41bbcb6133,PAY3199066a52
ACC85cfb68de9,PAYD2ee4b900d
ACC85cfb68de9,AY337c13fa77
ACC19d38ff524,PAY34d445cb0c
ACC3e3e28f101,PAY00205e07d2
ACCa6ce0a5fa0,PAY6b9fcer75a2
ACCa6ce0a5fa0,PAY04efc71fe
ACCe082d206a6,PAYa14de09824
ACCe082d206a6,PAYf3fa41f151
ACCe7af606c8d,PAY06867300ea
ACC455060d649,PAY233eca41fc
ACCe9b1b8f3d4,PAY8e88fbb212
ACCe9b1b8f3d4,PAY29cb0221c6
ACC7d6e44fb62,PAY6c26e76dc9
ACC7d6e44fb62,PAyce51e4a103
ACC89a91b6aa7,PAYe571aa277a
ACC515b892417,PAYa5bae85aa6
ACC515b892417,PAY5fe2048b7c
ACCb8ffb21227,PAYa3f70aa5e7
ACCa9df41a849,PAY7b622756ab
ACCcacbb4f5d9,PAYfbf39d8b41
ACCcacbb4f5d9,PAYc16af6740f
ACCeb2eb3701b,PA1Y5517bc817
ACCeb2eb3701b,PAY3fc3a98931
ACCccae10c5c2,PAY888c605e6f
ACCccae10c5c2,PAY80422fb18
ACC8e8442b122,PAY06909694c1
ACC8e8442b122,PAYf4ea8ff9c5
ACCd16fe77437,PAYe01d3f0c3a
ACCd16fe77437,PAYf944A7da69
ACC12339c91cd,PAY84bb743ea1
ACC671ab5c8f8,PAY9a30134a35
ACC671ab5c8f8,PAY9fb3aa7d0e
ACC8614e230c7,PAYf1680b7c6c
ACC80f0b7d40f,PAYabe9698b9
ACCfc2658879a,PAYfd9587a6f1
ACCfc2658879a,PAY1786c6f0e48
ACC647df0bb61,PAY6d3fbd7703
ACC62c61ddc09,PAYe66d1ccdf6
ACC62c61ddc09,PAYbeace776f6
ACCa53978bd65,PAy97a13087c6
ACCfdbb49a88a,PAYda5147150
ACCfdbb49a88a,PAYb1b096e8d4a
ACC508d713ddc,PAYa761ff721b
ACC508d713ddc,PAY2d56f0ba222
ACC5bcacb950b,PAY76f4810c1
ACC5bcacb950b,PAY96121f5047
ACCb9ddce0e81,PAY8faa394139
ACCb9ddce0e81,PAYc5fa1b08db
ACCa401c29ec1,PAdb77be2546
ACCd68c098f0e,PAY9fef0440c5
ACCd68c098f0e,PAYc4a54c10e9
ACC501dc20a8a,PAY02Aca55d32
ACC1f61f69f5e,PAYb24da38c6a6
ACCa2da69e3ff,PAY6cD5f6ab42
ACC9809bfce91,PAY79b57512D6
ACCe1ce79be0a,PAY8198335f12
ACCe1ce79be0a,PAY7e8701038f
ACCa882c92044,PAYb5a11a637
ACC12150369ef,PAY68B7f25d04
ACC12150369ef,PAYdf4e73ad42
ACC6dad1d79f2,APY4ce24403a3
ACC6dad1d79f2,PAYe2a09488f7
ACC9410a50e08,PY238b3e4e2b
ACC9410a50e08,PAY7b4a70242d
ACCbd931e7ec8,PAYb029404f04
ACCbd931e7ec8,PAY37f497fa8a
ACC6edd6f35b5,PAYe2cc8de24c
ACC12eebfc290,PAY781d533ff
ACC12eebfc290,PAYfc93faef7
ACCec5317bf3d,PAY086mc0bb3f5
ACC4a4ddc3db6,PAYdc12bca614
ACC4a4ddc3db6,PAY98660e5c09
ACC0c267a776f,PAY70510a4677d
ACC2ce7db301a,PAY52b883924f
ACC2ce7db301a,PAY8dc2ab7ff3
ACCcca9a8c3c1,PAY5af76418b1
ACCcca9a8c3c1,PAYc585aba23
ACC06e8d039ea,PAYd2ba570440
ACC06e8d039ea,PAY453bc19cc
ACCc6691c5376,PAY09ea61f12c
ACCc6691c5376,PAYbc3450f2f0
ACCf7327312e6,PAY7aa21b71b5
ACCf7327312e6,PYAc61db30547
ACC4e94dd5b6b,PAY28013a0936
ACC4e94dd5b6b,PAyba865431f7
ACCebf760d79f,PAY96051401ad
ACC3ef2219e7f,PAYF0f7d38bcb
ACC8f6905292c,PAY6f0444b4774
ACC788a0c2892,PAYf047c1d476
ACC788a0c2892,PAYd076bfcce7
ACCb492a93b49,PY2c5898ab21
ACCb492a93b49,PAY0bF56764bf
ACC27432f86df,PAYb19a8b07e7
ACC27432f86df,PAY1f3df08a8
ACC243fb9138b,PAYa6244d90fc
ACCc5774f749e,PAY851aab9107
ACCc5774f749e,PAYcd69ffe6ab
ACC0f07e1636c,PAY61a0381c05
ACCfd6bb076f9,PAYcd9a4c226a
ACCfd6bb076f9,PAYa7cc74ec1a
ACCdbce934c4f,PAYc80696a0db
ACCdbce934c4f,PAYc458c3c2e9
ACCb1103e9d23,PAYc64d2b78dc
ACCb1103e9d23,PAY4f650854c9
ACCe8ff936a56,PAY6265c87162
ACCe8ff936a56,PAYc64b7c3224
ACC83e6aff6bd,PAY8074af6e11
ACC83e6aff6bd,PAY9558e64b02
ACCd0a6816b02,2PAY9543a73d4d
ACCd0a6816b02,nPAYf6ca2d884b
ACCb56a4ce2f3,PAYDeea0b43cb
ACC9cf2889754,PAY70955fcBea
ACC9cf2889754,PAY28c6477758
ACC37018ca1ac,PAY4c7d01586b
ACC37018ca1ac,PAYa6ccad01ed
ACC5118b8e610,PAYddde5d4e18
ACC5118b8e610,PAY12cf345Bb8
ACC2e8da1736f,PAY2dc717c0ec
ACC2e8da1736f,PAY8Aa25256d4
ACCac05ca6138,PAY07b67db457
ACCac05ca6138,PAY8cfa7cbfda
ACC064d35dd4d,PAY98d861d2ab
ACC17349ce2fb,PAY559c63924b
ACCfd6b504ce0,PAc4421776b6
ACC954a5566c1,PAYcfa230a7bc
ACCf374f455d4,PAY18af0e890c
ACC0263aad60c,PAY1177472fd0
ACC8a8b847949,PA143144d337
ACCc3a44c2235,PAY4acf105c5f
ACC071806f284,pAY27d11b7847
ACCd9ef6d7a4c,PAYcd4cbb44f3
ACCd9ef6d7a4c,PAY51d2d09281
ACC95d62732cb,PAY89dee6d33a
ACC95d62732cb,PAY0899eaff97
ACC8882fa3466,PAY03a551e057
ACC8882fa3466,PAY8f62ba40a9
ACCbdf3d12f69,PAY89765b32d8
ACCbdf3d12f69,PAY8ecaa94874
ACC4c670655ea,PAY8a63356db6
ACC4c670655ea,PAYf3ee31e00f
ACC305383118a,PAYb3736454c7
ACCb861447eeb,PAY35bf347159
ACCb861447eeb,pAY640fe2108c
ACCae488d044b,PAYd4d697961a
ACCae488d044b,PAY58ec7608ae
ACC05a683b941,PaY5f0a6917e4
ACC05a683b941,PAY43605035e39
ACC213321fae7,PAY6bea33a56b
ACC47fdcd8594,PAYc3951d4470
ACCb7dfe37a5a,PAYaace3ead2
ACCb7dfe37a5a,PAY9bd0f2d27d
ACC634cee4c52,PAYc8c88a1c9e
ACC932c344268,PAYe30cf4a87
ACC932c344268,PAoY5f556bfe35
ACC182fea6285,PAY63a8790e34e
ACC1257775158,PAY1877754fc5
ACC1257775158,PAYb73e90ff8f
ACCea06efbdc1,PAYd1cc615160
ACC470d81ef06,pAYbf846e9498
ACC0b4ddf0cd3,PAYc240e5c12
ACCeeabcfd8c3,PAYac6b3b8563
ACCeeabcfd8c3,PAYab742be669
ACCbea4dd925e,PAYad542fd9fa
ACCfe81f90421,PaY4ba59acb40
ACC1025e91420,PAY2e08eb0a2f
ACC1025e91420,PAY17cca09b80
ACC61c7e804c4,PAYa7e42e699
ACC61c7e804c4,2PAYd3876c1049
ACCb8c8f87df9,PAY5117a6286
ACC52655ecd42,PAY5221a6203f
ACC52655ecd42,PAYa94bdf757a
ACC508631b92e,PAYdae74e4bb
ACC508631b92e,PAYb65dfc0b58
ACC368eef4347,PAYcb832de760
ACC368eef4347,PAYd0c7092d56
ACC5586527aed,PAYfc6f057e35
ACC5586527aed,PAY28e09511d6
ACC9cfc0070fd,PAYfdedfb3409
ACC9cfc0070fd,PAY7td79ab4cfb
ACCe07e87ccf5,PAY414c9f5018
ACCe07e87ccf5,PAY3100ab0c48
ACC7d7b420d5b,PAY830f38ba8c
ACC7d7b420d5b,PAYab03aec34d
ACC95780452eb,PAYdcec6a271
ACC95780452eb,PAY5b59160f30
ACCcdfd002f67,PAYb64bf65d2c
ACCcdfd002f67,PA2Y548b03a12
ACCf53df5f3ed,PAY6407a7bf47
ACC08258591e8,PAY440b306e05
ACC08258591e8,PAYd611e06652
ACC0d8279bd0b,PAYc647f157b3
ACC0d8279bd0b,PAYaff69934c1
ACCbb84655e09,PAYe5d30a8aca
ACCbb84655e09,PAY75df20ab66
ACCe8d5fb5d37,PAYd3ce548072
ACC44e40450a6,PAY15b4d3165d9
ACC44e40450a6,PAYe69486d6ac
ACCd6b0d4f920,PAY3fe1b9c4fe
ACCd6b0d4f920,PAY53716244e6
ACCa4ca4a3392,PAYffae76bf62
ACC554e5da37f,PAYc58875eeeb
ACC554e5da37f,PAY67cd32Da2f
ACCaec0e65fd8,PAY76169adfdb
ACC27da4154f6,PAYfc46e956fa
ACC8f576dd656,PAY9158a26c46
ACC8f576dd656,PAY86ae0fdde9
ACC147f91cd60,PYbd79b8f942
ACCc18faf1f0e,PAyf20c2a8ce9
ACCc18faf1f0e,PAY80c2279e56
ACC7ec87a2211,PAY5b0222dca0
ACC7ec87a2211,PAY83bf233364
ACC776ba43b3e,PAYf860e9452
ACCc088da1db3,PAY93c457ec90
ACCc088da1db3,PAYec8dfbd600
ACCa00a0f94b6,PAY35db29d596
ACCd55922af90,PAY9c38aa8676
ACCd55922af90,PAYFbf71ae059
ACC3aa83617cf,PAY95fbd7adff
ACCb581f2abb3,PAY08c207626f
ACCb581f2abb3,PAY676f000508
ACC3fc402aa1b,PAYe40cdfe7f6b
ACC3fc402aa1b,PAY66baf93f91
ACC0d5a5a3124,PAYc9c610dc60
ACC0d5a5a3124,PAYf1765c4d81
ACCbf900fd29a,PAYaa9a9d8e9
ACCd197484e94,PAY5f8e2f761c
ACCd197484e94,PAYd5af1ae521
ACC364cac776a,PAYd060840e8f
ACC364cac776a,PAY4ff6e32bab
ACCb5364e9891,PAY640e04207c
ACCb5364e9891,PAYdb167efcc6
ACC249ea43e16,PAY351e6e60a1
ACCe8239e8a72,PAYb88f84bf53
ACCe8239e8a72,PAY23fc9294b
ACCf15e0f0d99,PAY958f41a627
ACCf15e0f0d99,PAY767ce3ff73
ACC90bd6191d7,PAYf1561ded38
ACC90bd6191d7,PAYb3eff40d0a
ACC3772a0ca83,PAY66c2e387dc
ACC3772a0ca83,PAY75c9af2e38
ACC95494a5e58,cPAYd1d2b7e528
ACC95494a5e58,PAy96e090f4ef
ACC9d1ed1f0df,PAYced4db95a1
ACC9d1ed1f0df,PAY721d31ddc4
ACCa75f5602e5,PAY55724f7b94
ACCa75f5602e5,PAYa9642c09ee
ACC0f15818ef8,PAYdd7024aa8f
ACC84017db47b,PAYbf1df3d2d5
ACC7ce44e2674,PAY3d859a1bc5
ACC7ce44e2674,PyAY38588131f4
ACC7e9aaa0491,PAY2681d897aa
ACC7e9aaa0491,PaYddad9c9c9c
ACC03b4844d7d,PAY59e25e0199
ACCfbe799a151,PAYa2a22e468
ACCfbe799a151,PAYe3br4d2d7f3
ACC24ce55c6ac,PAY07e1027a37
ACC24ce55c6ac,PAYf10e2659bc
ACC27608146ce,PAY305b38782c
ACC27608146ce,PlAY57e88b149a
ACCf2c78f4f56,PAY3v366ceb37a
ACCf05f1dca2c,PAY57a4ee0daa
ACCe2d5e9f651,PAY58981adf21
ACCe2d5e9f651,PAY798a11abf0
ACC1e5801b66e,PAY62783360d6
ACCc79f7008a4,PAYfb2b6b2b11
ACCcb21479ffd,PAYdd412200b
ACCcb21479ffd,PAY1c94082d3e
ACC38da01bfdc,PAY7ca3cd9623
ACC38da01bfdc,PAYf8d082924b
ACC47bd98ea45,PAY6e5317ce4b
ACC47bd98ea45,PYA74950894a4
ACC392c8eb0bc,PAY005255760b
ACCf5870fa1dc,PAY0ac06a3649
ACCf5870fa1dc,PAY38234e60e6
ACCc9836523f1,PAY08607126a
ACCc9836523f1,PAY1807d763e3
ACCafa38ca438,PAY53b4w6bd5b2
ACCe51ffce367,PAYb7a4bda54c
ACC0a2a6f57c5,PAYce39d4f34a
ACCb5b48892b5,PAY020e8834ea
ACC47416d96c3,PAY6176c7c473
ACC47416d96c3,PAY0c2e628377
ACCa8bc200260,PAY6fjbf9183e4
ACCb315bca9cc,PAYdda7815730
ACCb315bca9cc,PAY5b7414cf21
ACCfff170c9ea,PAY4702cb1e00
ACCfff170c9ea,PAYbb66c042d3
ACCae1a34b24f,PAYdn492cb9a67
ACC27a1154a8c,PAY0963bffbef
ACC3562816376,PA8Y7be64e2e5
ACC571c756d3d,PAY44466bf86d
ACC7e336d0a2a,PAY40275a808b
ACCf8bad66433,PAY58a89f0a13
ACCa8b1fe94fe,PAYb79c7e2596
ACC7b8878ac33,PAY5ee50c8a34
ACC7b8878ac33,PAY4a3f063785
ACC7427d269cb,PAY2d0c87b297
ACCbb3c78fb06,PAYddd4f3d472
ACCe57a249138,PAYe686b4bbf5
ACCe57a249138,PAY0a74d6c9090
ACC9013e3f72e,PAY77b8591159
ACC9013e3f72e,PAYb9fee194f1
ACC4804d584c9,PAY72df134004
ACC9fd2ca46ce,PAY19281b46cf
ACC9fd2ca46ce,PAYc7280752a2
ACCef594a5941,PAY879049e1f
ACC2830451567,PAYae785d5f7a
ACC2830451567,PAYf1a24c8e4a
ACC6265aeba8f,PAY0e1512f87a
ACC6265aeba8f,PAY2d50c291f1
ACCa771ca3d42,PAY5596d80ebb
ACCa3b10bb440,PAYe0907fe993
ACCa3b10bb440,PAYb4a39f40df
ACC03107fadd1,APYd590e00692
ACC93cc1e703a,PAbY31c2033467
ACCde8effaff8,PAYfd37b082f8
ACC65966d822d,PAYc96cf60db
ACC65966d822d,PAY90f6991aef
ACC597e415e09,PAY9491881e7f
ACC02018df9f2,PAY4afebafa35
ACC8620508823,PAY48cb04f568
ACC8620508823,PAY8eafab80dd
ACC11083c14ec,PAYfc2f16b31d
ACC11083c14ec,PAYfbe88d455a
ACC6fc295072b,PAYca869c9e69
ACC6fc295072b,PAY0daexf5b05e
ACCe51dc7f879,PAYb4c4f745fb
ACC3b69d158f3,PAY970590j624e
ACC3b69d158f3,PAYa6637e377f3
ACC9233b6e3e7,PAY5c3b84b64f
ACC212be67dd6,PAY422febe433
ACC212be67dd6,PAYb1df2e5302
ACC3b53be36cb,PAY9ff10811e8
ACC3b53be36cb,PAmYcda7ebea77
ACC59d0045da9,PAY40ab870815
ACC3b6d6b75dd,PAY90f5be22c7
ACC3b6d6b75dd,PAY14df864b44
ACC5cebec53ee,PAY7beea9aa59
ACCafb2f7de3e,PAY6d14812ed4
ACCafb2f7de3e,PAYa5f1a56086
ACC88fc55bd6f,PAYf71849152
ACCde1ac7376c,PAY7e2811b4c5
ACCde1ac7376c,PAY264a4e98ad
ACC3da9ceeda1,PYA77713b6766
ACC3da9ceeda1,PAY2c8d926700
ACC47df763ca1,PAY49adf8f8b0
ACC887ec5a30f,PAY14e51eb4e5
ACC5164ac2965,PAYe797e00da9
ACC5164ac2965,PAY0733e3c303
ACC2abc5b397f,PAY40c84cc75
ACC3af5dd3215,PAY4754cd514a
ACC3af5dd3215,PAY7331Dc53fc
ACC2da420eff2,PAY76a330874e
ACC2da420eff2,PAY2fcd82dea7
ACC38a9448f07,PAY6e1edfc9bb
ACC38a9448f07,PAYdb56699baf
ACCe36b4b05f9,PAY519dbdb176
ACCe36b4b05f9,PAY50ac832375
ACC308805bb98,PAY5dfb8b4ae7
ACC308805bb98,PAY9066884e2e
ACCe5a94cfb2f,PAY442c620dd6
ACCe5a94cfb2f,PAYa15652c5ad
ACC50b61d032b,PAY5e4cfe2e78
ACCd2f567831f,PAY4i4d9e9dd47
ACCd2f567831f,PAYxed792ee459
ACC140e3b2119,PaY3b0a292962
ACCc823c9194e,PAY13166ae4a4
ACCc823c9194e,PAY4bf4a08236
ACC3c45e4a67c,PAY41985bf67d
ACC3c45e4a67c,PAYf628bdc34a
ACC0827eb8cc1,PAY733013fc1d
ACC6da32c732b,PAY1e0ec4a66b
ACC6da32c732b,PAY6a0ca1895c
ACC461a601248,PAY76f2d57708
ACC461a601248,PAY73b8064afd
ACC7bbc344798,PAY3a17f92a42
ACCa2cd184ded,PAYfa15c52132
ACCa2cd184ded,PAYcc9bc98ba1
ACC45c0931ff5,PAY1324231930
ACC45c0931ff5,PAYe42d8d368e
ACCd9d9d5ab07,PAY9c54dbb053
ACC6fc2d1d666,PAY3582a59e0f
ACC6fc2d1d666,PAY7570dda8uf2
ACC7e9b0cf71a,AYa9d3d2f047
ACC84da8ee105,PAY24ff2597d5
ACC49b7cde6b0,PAYaf1280f26d
ACC1a63d30e55,PAY0c029c013f
ACC1a63d30e55,PAY09a26e7ebf
ACCb31a64ce71,PAbd6548b61e
ACCed6c2c9b29,PAYe39dc54e52
ACC009cde6858,PAY11c275d212
ACC009cde6858,PAY535f8d146b
ACC5af7ba670a,PAY8117c86cf5
ACC5af7ba670a,PAYee583f7297
ACC6551321489,PAYae6l0c76a42
ACC6551321489,PAY8a9d3e37f
ACCe98a362103,PAYc067a3a85d
ACCa38eda142b,PAYcb7a134547
ACC93445b5e08,PAY0e848ee94e
ACC93445b5e08,PAY59ebbab7fc
ACC88a65ad608,PAYa079a12ca5
ACC88a65ad608,PAYa4591e0957
ACC471b702592,PAY492a69298a
ACCb42cceb510,PAYda02d82d18
ACCb42cceb510,PAYb555429016
ACC6695aac19b,PAYf98f7f72f0
ACC66d9f476e6,PAY53196e396b
ACC66d9f476e6,PAY3f13104bf3
ACC42a272c60f,PAY994efa6d4
ACC5e997bc115,PAY95ceeba49b
ACC5e997bc115,PAYd6Dd95f00e
ACCa96d03bd53,PAY255d8106c
ACC813adeb25d,PAYBf1b1a2f15
ACC813adeb25d,PAY883d59edb9
ACCe7789ef94e,PAY0ba1b58811
ACCe7789ef94e,PAY1a44a775d0
ACC7f37da6429,pAYaf3a7963fa
ACC7f37da6429,PAYb149c81d9fd
ACCfa99d1d456,PAY104492bb08
ACC33faf7c47f,PAY05498bb26e
ACC33faf7c47f,PAYbe0903bcef
ACCaa912137e8,PAY587192de79
ACC7dbfef4c17,PAY4171680a7a
ACCcd52da35c6,PAY3fbd413601
ACCb29939134c,PAY0f10fb67de
ACCd80548a529,PAY7962b70cb3
ACCd80548a529,PAY842602bC1c
ACC9dc1301f66,PAYe2d06f5c1b
ACCaf89c2fc04,PAYbc8e71a94d
ACCaf89c2fc04,PAYe126d75c9a
ACCc0558b611c,PAYc7477903fe
ACCfd9b48da0d,PAY2181d67f70
ACC985f049fa9,PAY2b19755afb
ACC5520899bff,PAY765e8849ac
ACC5520899bff,PAY1f2dd8838
ACCe5617b01fd,PAY81607c581b
ACCe5617b01fd,PAY395b4ced5e
ACCbfe96fe789,PAY4f8561a4f
ACC69c6a37287,PAY6540ebac97
ACC69c6a37287,PAYz61ca924e6a
ACCf8ad430950,PAY29d025d21b
ACCf8ad430950,PAYa7ac2m36487
ACCb7723ee52a,PAY26f7b059e7
ACCf6ac4c8838,PAY2b132145d9
ACCaf71caf28b,PAY1a935c9e40
ACCaf71caf28b,PAYfda535f54
ACC6453990747,PAY4acf1504f
ACCc758b789b3,PAY7b98fe4c3a
ACCc758b789b3,PAY152cd103fm3
ACC54582bd209,PAYe722b4c09d
ACC457c149230,PAY758ed2fce2
ACC67e4ca0964,PAY4f87498866
ACC08cd2831fb,PAY8d732a8aad
ACC08cd2831fb,PAY5b1602b525
ACC3a117ca3fd,PAY5dfce4c0b2
ACC1c3df13529,PAY5ebdb08ada
ACC1c3df13529,PA8d2882eab0
ACC236f11a580,PAY22fef1095a
ACC236f11a580,PAYc395fe94bb
ACC1f4fbe2983,PAYa7b826056a
ACC1f4fbe2983,PAYb77fcad13
ACCa0aad168e6,PAY5d2595ba1e
ACCa0aad168e6,PAY1dec9b1b66
ACCf23c9afea2,PAYc805edbb8e
ACCa34d637730,PAYbffbfc3a03
ACCa34d637730,PAY4355d67b83
ACC8ac1d1850f,PAYb5cdfec582
ACCb87c13729b,pAY167f8b7616
ACC713815b5e3,PAY5e7b02c6d8
ACC713815b5e3,pAYb707e35b47
ACCad87a7c80d,PAYb7806c6e7f
ACC544a597fe7,PAY08748f146fb
ACC544a597fe7,PAYi00bdbc2b46
ACC814a477ed0,PAsY5bce070df6
ACC814a477ed0,PAY52e42541da
ACC4832ac4390,PAY3347ccdfdd
ACC253fdc317c,PAY1b180c1026
ACC90e3fb55ba,PAY63ffff6131
ACCf92ed337fc,PAY2409e373c5
ACCf92ed337fc,PAY392a5cdbe7
ACCd0883465c0,PAY32891997e6
ACCd0883465c0,PAY684a959977
ACC7954fc1abf,PAYbb8c7ceb2f
ACC7954fc1abf,PAY30f18cce30
ACC23aa09d67a,PAYc2802f21ec
ACC23aa09d67a,PAYf17a928c25
ACCee5a0da6da,PAY32d8aa86ac
ACCee5a0da6da,PAY1ca846146a
ACC1aa0f77000,PAYd74287fc32
ACCa470f1ec5d,PAYc228fe9302
ACC3cb3941257,PYA8069dd2a48
ACCa06b3c6c34,PAY689c6c0282
ACC3bbad9e5f6,PAYaadc719415
ACC5b72e0fa85,PAY90c2bce758
ACC5b72e0fa85,PAY51082d19ba
ACC84591b2764,PAYe5fc0d4f47
ACC23f69b2192,PAY9f61bca104
ACC23f69b2192,PAY20007f2811
ACC87db4404f8,PAY608408d10a
ACC87db4404f8,PAY24d0d253be
ACC13f761a64d,PAY399fca6c1b
ACC13f761a64d,PAY6fcbe76eee
ACC188ddd99ea,PAY9575e0544b
ACCd6ac888290,PAYa6499435e4
ACCd6ac888290,PAY64fb4ef94b
ACC280ae61764,PAYee527fbd82
ACC3af04f2c30,PAY457698ec5d
ACC3af04f2c30,AYe86cd452a4
ACCef74e62ff6,PAYb4d43a7ab1
ACCef74e62ff6,PAY974c18058c
ACC7b382d093f,PAY591d79143b
ACCb70b694832,PAY65e24a191e
ACCb70b694832,PAY23e5f0a92d
ACCbf0cbab5b6,PAY117f03133
ACC5974a898d7,PAY8a2d0f42d0
ACC6b7c9774a3,PAYfba53c4eb2
ACC92739afda7,PAY6cd71fedd5
ACC92739afda7,PAYbdee70176
ACCbd3c1d177d,PAYb44dbca061
ACCbd3c1d177d,AYc8e59d29cf
ACC8e5e968339,PAY7aaacff692
ACC8e5e968339,PAYb2fa13c6a8
ACC3dcd8b7292,PAY895c20c500
ACC3dcd8b7292,PAY412c7dfc90
ACCc282c9b45a,PAYk275d97d46a
ACCc282c9b45a,PAY960e35522
ACC05ebcf561d,PAYad7a9c6aba
ACC05ebcf561d,PAYc21a07d25a
ACC8cb3273873,PAYd18ffa3u9c8
ACC2b3ab41853,PAYefa7074785
ACC2b3ab41853,PAY332ab98398
ACC3ac3c629bf,PAY3e033d61fe
ACCee851471bb,PAY7238f40e4c
ACC21d921b644,PAYbFa3f37825
ACC1e21c880ed,PA65bf173f86
ACC71e056488a,PAY01ef5b805
ACCa19d1af36a,PAYbff0002136
ACCb937fc0049,PAY36fee22548
ACC3ce3151bcc,PAYf0df590975
ACC3ce3151bcc,PAY0dd05a4d32
ACC277c505dd0,PAYd95a4a079a
ACC277c505dd0,PAYd04ef3d356
ACCe9f1869217,PAY08584a94c2
ACCe7e89dbba0,PAY6e87afc46b
ACCe8c22a9193,PAYd0d8d23e6d
ACC636ed3824e,PAYdd628e9f57
ACC11f0d94fcb,PAY44b865727c
ACC54efcbad9b,PAY78a22062be
ACCb0a08033f9,PAYc7b5083765
ACCb0a08033f9,PAYcbf26d929b
ACCa7227adf81,PAYd9ce1502844
ACC595887f359,PAY4019639774
ACC595887f359,PAYc0a89beb43
ACC1ccb5e036a,PAY52a03bbd13
ACC464bc583d9,PAY477171b966
ACC464bc583d9,PAYbc775aa391
ACCd401470438,PAYce124b6be
ACC325cbf60c7,PAY98bd85156e
ACCaa8af43701,PAY748b50552b
ACC3bb944b9bd,PAY663efd0ac2
ACCeb12f69309,PAY31de9b450e
ACCc41cc9ec87,PAYb706abbb35
ACC4198d1bdc8,PAY0741e60e8b
ACC1c17bb0b24,PAY34211b89007
ACC11dcc34561,PAY19606cb005
ACC11dcc34561,PAY6ec24808ce
ACC865ca52aca,PAY0fd85ff0da
ACC865ca52aca,PAY2c854026c
ACC394bf7117c,PAYaf0d5738cc
ACC5e61637b55,PAYf066bc3901
ACC5e61637b55,PAY06d302cd1f
ACCb061bfd13a,PaY8ff6072f0e
ACCb061bfd13a,PAY389ca905ea
ACCaaae4d9a99,vPAY953fcc5686
ACC2760befa42,PAY4212be67c9
ACC2760befa42,PAYb523989e3yd
ACCe00d1507f4,PAY6702c58678
ACC3128601e90,PAY96fee410d9
ACC102a43b9e5,PAY6a5af18a6d
ACC102a43b9e5,PAYcc919add5b
ACCa1089ce12f,PAY52851ccc83
ACCcfd3c69db7,PAY6de1bj2f4db
ACCcfd3c69db7,PAYc30f03004f
ACC7bb4b326bb,PAY8e254e5a07
ACC7bb4b326bb,PAY4e95e7e8c4
ACCbc4f86b20d,PAYj532c3f3878
ACCbc4f86b20d,PAYcd94cebd86
ACCddbb9ebadd,PAYed08ed3ccd
ACC03bd84d1a0,PAYfbfac38ea
ACC03bd84d1a0,PAY307ecd8859
ACC01d40ccca7,PAYec74485b1a
ACCcf5758f965,PAYeb7ffd0fbb
ACC9636b7d733,PAYb76072b681
ACC5fb0fe96af,PAYef4f3F38a1
ACC5fb0fe96af,PAY71274B15c1
ACC8cd5c7632d,PAY162a36549c
ACC2ccb6c826d,PAYca3ab985aa
ACC2ccb6c826d,PAY82e2050b84
ACC266c873aa8,PAYbd41f1447d
ACC5727f69b7e,PAYf2eadc6641
ACC519140bb10,PAYd052308f33
ACC519140bb10,PAY3461c146ac
ACC3441d301a3,yPAYddbe64e654
ACC3441d301a3,PAY03764e443a
ACCc1f0c242cf,PAY50494baca
ACCc1f0c242cf,PAY3dfc73a1ad
ACCd752a302cf,PAY29515d7224
ACCd752a302cf,PAY2f677b3fdc
ACCfa47e6502d,PAYaa80cc8e0f
ACC86e88ad5ba,PAYadf9e7bc15
ACC86e88ad5ba,pAY955b2937f2
ACCcc62eff19a,PAY0d95de7512
ACCac3cbc2487,PAY193cb32aF2
ACCac3cbc2487,PAY7a4696905f
ACC1353f0a242,PAYe7c8bdef92
ACCe63cde53b5,PAYa0a635ac5c
ACCf5d5dcfed9,PAYd124dfeF1b
ACCc6803be2a5,PAY89a6ca221c
ACC08a655346d,PAY9d24596b29
ACC44e0eaf20c,PAy54585e5d2a
ACCbae1039b3b,PAY7cefe6a9cud
ACCbae1039b3b,PAYd5165169df
ACC3483bf576d,PAY07d612d6f7
ACC3483bf576d,PAY2c99536b8e
ACCa5a4644426,PAY7ae8aeaf7
ACCa5a4644426,PAYdc1e8c3bb2
ACCbe3ac9b85a,PAY79e70bced6
ACC678c53907d,PAYfbf9ab8854
ACC31ef5c48df,PAY4ffb2d111e
ACC31ef5c48df,PAY9463818115
ACC89aa661b4d,PAY37e942a583
ACC50d53210c0,PAYccf1ec1cb2
ACC4834c0f4b9,PAYe946bb6d1
ACCcfc8f84450,PAYb820e0dce6
ACCedfd578dc6,PAY8ddbeda9d
ACCedfd578dc6,PAY8b3fa68890
ACCe7bdf19337,PaY8d02c77617
ACCe7bdf19337,PAY4cb51c41a2
ACCfae55a5e75,PAY875a72057a
ACCfae55a5e75,PAY69873c7c35
ACC2bdbd30bd7,PAYb3b00e497f
ACC2bdbd30bd7,PAY378efff3d62
ACC62770ce9f8,PAY61e2657f0b
ACC62770ce9f8,PAYbab9b48ccb
ACC38e38fbeb7,PAY72ee7e0d47
ACC38e38fbeb7,PAY227370e5c2
ACCadc0ef1c18,PAY0f5125f882
ACCe79e578f2d,PAY8c7002b733
ACCe79e578f2d,PAY82a30b464e
ACC0a4dcd9323,PAY4b8ca0e62c
ACC0a4dcd9323,PAY8088573ed7
ACC8c0f9b844b,PAY4886f88b80
ACC8c0f9b844b,PAY344c1a9545
ACC7b0519e417,PAY74814d527d
ACCf46ddaa0c3,PAY3d569246ae9
ACC6dec293a58,PAYbdbad6358d
ACC6dec293a58,PAY0457cb0b78
ACCb48aae310b,aPAY2392c78c88
ACC0d438bbf2a,PAY961caa71e3
ACC0e4bbae542,PAYdd2e7d0a0f0
ACC7441ad77ac,PAY3394e3aa55
ACC6022929595,PAYf66ae247ef
ACC6022929595,PAY4916687b78
ACCfc220c2a2f,PAY081a405b1
ACC9abf9f7ec4,PAY7c889790f2
ACCef22589cca,PAY5ae530f4f
ACCef22589cca,PAY2e03c69b8a
ACC50afabc23c,PYae6bc4c6e8
ACC8a8f5f33ca,PAYbf2514065b
ACC8a8f5f33ca,PAY23471fc9f4
ACC9e2c4e4ae8,PAY025ca566cc
ACC0c0af55d7e,PAYc7f68ff997
ACC154311b7ab,PAY8a3dc8ab91
ACC154311b7ab,PA0Ydd93e21c82
ACCd537df1f53,PAYbba703c5bf
ACCd537df1f53,PAYa796f5a412
ACC6cc99b8e98,PAY3e7166b8e2
ACC6cc99b8e98,PAY026c73e018
ACCbcb57434f3,PAY53bc49464
ACCe83694aa87,PAYca2fc41c8a
ACC60abc74a0d,PAY711de6a53a
ACCa6899e84dc,PAY995478c307
ACCa6899e84dc,PAYf7A5a1e60d
ACCf6f806fa85,PAY59b0e1E8e8
ACCfbe3313f1e,PAYc17afd8dd7
ACCced4b61d45,PAYd9ff5f849b
ACC7b2340c22a,PxAY9f52d7e253
ACC6aefab4c0e,PAY086e10613e
ACC706e4b620e,PAYbabe5e1935
ACC706e4b620e,PAYfc4501ef8
ACC663eeaa5b4,PAY63e6d8e80e
ACC663eeaa5b4,PAYf7943ec36c
ACC9440033dff,PAY6fe0e55f1d
ACC9440033dff,PAY5a8ce25361
ACCb8c745df71,PAY867ce35d89
ACCb8c745df71,PAY7f22f6d5a5
ACC09c0a77608,PAY9e14b0850
ACC0186864dc9,PAY4bd8a13ccb
ACC1c0103852d,PAY309565728b
ACC1c0103852d,PAYee40dec2cb
ACCe4f6ec187f,PAYb6d195926
ACCe4f6ec187f,PAYc9b08d9486
ACCb8ca3fe5cf,PAYf7a464672c
ACC923e7c3131,PAY267f5ed995
ACCb5b4d2bfca,PAYaa494cbe86
ACC5f49c1b120,PAY133e96edb4c
ACC3bbf215fae,PAY5ddd6ff71e
ACC09b12e5b3b,PAY925c78f515
ACC09b12e5b3b,lPAY5523532d1b
ACCaf4ccef9dc,PAY2d0e9dfd820
ACCdad56cc771,PAY4cf142f2cb
ACCdad56cc771,PAY32f4ed0fbB
ACCc284f339b5,PAYe6ab8800fb
ACCc284f339b5,PAYc040ad8aba
ACC2aaa619943,PAY77416a2bc0
ACCe7b84f193e,PAYfc349e4f4
ACC7395d7743f,PAYef7260635e
ACC7395d7743f,PAYdbfb14174
ACC19ab7648af,PAY62a08faa51
ACC3855cb7eea,PAY441f711161
ACC174ef19d20,PAY5262c34b5a
ACC174ef19d20,PAY71d94f8557
ACCa56fd8d01c,PAY882918565
ACCa56fd8d01c,PAYe96752cd4a
ACC0c2e64a491,PAYaa446d0a49
ACC33d070ec7f,PAY18dad75ee2
ACCf554ef94eb,PAY0463fd9248
ACC5e82faa966,PAYf57d37b9ed
ACC41939093a0,PAY29356edc91
ACC77b9f62d94,PAY59368a19a4
ACC77b9f62d94,PAYcdaf27a776
ACC6bb61df397,PAYf48294dee5
ACCc529a5dd9d,PAYdfdc256df4
ACCc529a5dd9d,PAY8fc33cacd8
ACCcd27050f8f,PAY71f3372578
ACCcd27050f8f,PAY698208793
ACC1a3a0a2257,PAYua1181ddca0
ACC0ff9601052,PAY01a6c6848b
ACC0ff9601052,PAYec0b1275e7
ACCb8647f4014,PAYef14e7625cc
ACCb8647f4014,PAY444309b9d7
ACC22b00156d2,PAY5ca4556917
ACC2875650aaf,PAY8c4c4a4642
ACC2875650aaf,PAY8b9972529e
ACCda162c33c0,PAY6880d20e4b
ACCf0dbdad318,PAY04ea4bcc9d
ACCad4afb82bb,PAYb4d578955d
ACCad4afb82bb,PAYbdd1747724
ACC482bfacbb3,PAY6d4ae14f53
ACC0eddc5756c,PA7Ya81fae4dc
ACC0eddc5756c,PAY48930d12db
ACCbd41407c3c,PAY601cf1019d
ACCef79eab32a,PAYbae7d96229
ACCef79eab32a,PAYabed52cd72
ACC04ca840cc7,PAY62557bd7f
ACCdadba8aec1,PAY405aa64a84
ACCdadba8aec1,PAYc2d93996f3
ACCcc5a616d2b,PAYef80ee7721
ACCff48b00c65,PAYac4d0e0080
ACC4f6ea877ad,PAYc2ca701327
ACC4f6ea877ad,PAY973591cc2
ACC24b5ff7998,PAY2b51385b4b
ACC85f05c8b6d,PAYf84c8514de
ACCd2e4107139,PAYab2332d145
ACCd2e4107139,PAY05bf59abae
ACC8096e45c42,PAY70a17f75da
ACC8096e45c42,PAY9154b0608b
ACC967ac69e87,PAY7eada30f85
ACC967ac69e87,PAYcbe5a2ba05
ACC446c6650e4,PAYed5965536e
ACC446c6650e4,PAY0166b32ead
ACCefd4c546f1,PAY252bcc519
ACCbaf822fa0f,PAY53530bb91d
ACCbaf822fa0f,PAYba5ebd94a6
ACCb748f1e48b,PAxY89fbfcb839
ACCb748f1e48b,PAY09f249bd64
ACC308a13cf55,PAYaa3b67812c
ACCa2ba93091b,PAYe6704d344f
ACC23f9ef3596,PAY22f06abbf
ACC23f9ef3596,PAYe61dcf2ca4
ACC96dd42ca3e,PAYa60d3e3f95
ACC96dd42ca3e,PAYdaf86260d7
ACC255bec8fb2,PAY5161efadf5
ACC255bec8fb2,PAY2d4a7880b9
ACC5ef3000426,APYb485c9f781
ACCe3d828456b,PAY109d4d6ddd
ACCb015af7c06,PAYd69586596a
ACC5b74100d98,PAY3c2765cdb2
ACC5b74100d98,PAY5ca7f0b04c
ACCeae7159e02,PAY7a9ba570d7d
ACCcf1e603174,PAYa7da4dd14f
ACC1dacd8397b,PAYda52f088bd
ACC7b35fb1925,PAY79d29ed31b
ACC8d419a96cd,PAY9db89c1643
ACCf58d4e2052,PAYb7c43dBa77
ACC504793f4e7,PAY7c7c4076257
ACC5ab0cce215,PAY59cEba4fe5
ACC5ab0cce215,pAYe0b2b06969
ACCbdcb562d50,PAY497ed04500
ACCbdcb562d50,PAY668c408268f
ACC42e10946f4,PAY09be3eecd0
ACC8829a9cecb,PAYe8f0dddeBe
ACC4144691858,pAY6796495b2f
ACCed296d3cad,PAYaf0a4aa5e8
ACCed296d3cad,PAY679834658a
ACCea14afc667,PAlYc36fcea3e3
ACCea14afc667,PAY13cc5d13d0
ACC814151780f,PAY0101e2f75
ACC8ce1080b5d,PAY9c32a0f944
ACCda8de0b4d3,PAY8e047fd0d9
ACCda8de0b4d3,PAY0b3fc206d6
ACC8547d8eafe,PAYe87e283cc8
ACC8547d8eafe,PAY319e13094b
ACC9c603aaabd,PAYa3a37b8b3b
ACCa9383a5781,PAY8aff7D2f17
ACCa9383a5781,PAY8e582a4638
ACC4cf9f914fa,PAY38677bb395
ACC4cf9f914fa,PAYa88c2aa839
ACC7f1e65808a,PAY179437c603
ACC3571730daf,PAYb812efa4df
ACC68a61763c2,PAY0a2e02824a
ACC68a61763c2,PAYac8610c24e
ACC0a3655e564,PAY1c72390217
ACC0a3655e564,PAY3867764822
ACC7f623a8d45,PAYac27852556
ACC7f623a8d45,PAYd52c048fad
ACC205dd42a39,PAY08d2754b78
ACC205dd42a39,PAY0d30998a4d
ACC16f7fa9fef,PAY6de3736f1m9
ACC16f7fa9fef,PAYca5bcb4ae8f
ACC54bec80f48,pAY562bfe0eeb
ACC59328b5920,PAY97bb5beeb5
ACC4b66c7406f,AY2a5d42356e
ACC4b66c7406f,PAYab21697c5f
ACC1d3f7079ee,PAYe55fa27af5
ACC4fe5f97d28,PAY6dd90ffc1d
ACCc434d738de,PAYc9245aee49
ACC242d217db4,PAY9514d48533
ACC242d217db4,PAY87cB921a87
ACCc426b41cf4,PAYd11f4924559
ACCfc284b04b8,PA6Y64a3d3929f
ACC5cdb6165ea,PAY19b126cd92
ACCd11ffad08a,PaY4197e37169
ACCd11ffad08a,PAY500397d1e
ACC647c0d26b8,PAY6044320e25
ACC647c0d26b8,PAY7b838dbde2
ACCa5581eddc4,PAY8cb225f53c
ACCa5581eddc4,PAY1d00ae23f9
ACC7a285cb07e,PAYa368622345
ACC7a285cb07e,PYd4afa19896
ACC512259c820,APY03494831ac
ACC1a12f18fb9,PAY59ae690b2d
ACC0d220e51b7,PAYb8941e7965
ACC0d220e51b7,PAY6c52378ff7
ACC337111c9a0,PAY2ead146b18
ACC6ec349541d,PAY7d7ab0f90
ACC8227fe210a,PAY960a46505a
ACC57e8c52926,PAYBb4f43723f
ACC57e8c52926,PAY517a9aa89c
ACCd16614e2df,PAYc4af467dc7
ACCd16614e2df,PaYc291b026a2
ACC071aed2a61,PAcYdc89695f5
ACC308337dc9e,PAYda01fdffa6
ACC6061cf9253,PAY52dfa47921
ACC6061cf9253,PAY3e82966c1a
ACC7eaa162819,PAYeb751052e3
ACC68a7bed8a6,PAYe93cddf0c5
ACC9b32349a10,PAY64e849tf79a
ACC9b32349a10,PAY8943956557
ACC99fdda3dc1,PYA4da5140b2e
ACC99fdda3dc1,PAY8e17a3c371
ACC9f06ab7404,PAY1ff3204e7f
ACC1e53c272bc,PAY635d7f1832
ACC80df9f1930,lPAY55f30531c4
ACCce4502338d,PAY91124c45e0
ACCbc850a7cbc,PAY602eb21512
ACCbc850a7cbc,PAY32efc4679f
ACC042d603010,AY97db881c5b
ACCf0c2dcc77f,PAY2519d49759
ACC1d5d6787fc,PaY1101627701
ACC1d5d6787fc,PAYc0d80ae2cf
ACCfd96b0d53c,PAY790471a36f
ACC3adb58d182,PAYb7f14b7e49
ACCcb3e864b2a,PAYf740f58700
ACCcb3e864b2a,PAY0556f5c6f3
ACC2b90896e54,4PAY19407aac9d
ACC434a28c90e,PAY809f1933cf
ACC434a28c90e,PAY1346a000c
ACC4b89c52a62,PAYb6ca38c0d5
ACC4b89c52a62,PAY34fcf117b
ACC95513502a8,PAaY5f0c2ef4bf
ACC78c4919a2f,PAY7742591504
ACC78c4919a2f,PAY5fff78cbc
ACCc64f8a77e9,PAY4947212574
ACCc64f8a77e9,PAYc190173F77
ACCf87178aade,PAY0b252ab5e3
ACCf87178aade,PAY6c93fcfda5
ACCf9767e0d72,PAYd13eBc57fd
ACC211426b9f0,PAYf6ba6128c0
ACC211426b9f0,PAYef54ee527c
ACCf08dd0bdb9,PAY9977385ccf
ACCd791c6a35f,PYb45a3c86f2
ACC1290e04276,PAY1fd2d4ada2
ACC1290e04276,PA1Y3c3695373e
ACC490ea60ce8,PAY1a1d00e146
ACC490ea60ce8,PAY63bffc062c
ACC6ad680052e,PAYf210aa3979
ACC935575c712,PAYb8e170a151
ACCb6f509f97d,PAYb08ba0c0dc
ACCb6f509f97d,PAY2735fd0f57
ACCf415022822,PAY838edefcd2
ACC93c5c0b728,PAYcb3f0d691e9
ACC93c5c0b728,PAYbe669ad95f
ACCad6875f446,PAY6e8a2aab28
ACCad6875f446,PAY70623f4338
ACC8416d30ec0,PAY33e51be7f1
ACC8416d30ec0,PAY02910e096e
ACC3c4af73d69,PAY924B555d3c
ACC3c4af73d69,PAYf86c1fd405
ACC06fb16355d,PAY1abc4cd5e1
ACC06fb16355d,PAY9bf4i8a75bc
ACCe941f112ba,PAY9d1567478a
ACCb234d133d5,PAYec0813002d
ACCb234d133d5,PAY6e8520b7e1
ACC9975c22771,PAY2bf8d16d88
ACC9975c22771,PAY1ee8c2752c
ACC39a23277c4,PAYb934401407
ACCa2b468ac8c,PAYc008b3e9c6
ACC9f8dea271f,PAYe87deaafa8
ACC9f8dea271f,PA8e711ba4bb
ACCae4f34bf0e,PAY1d87178d9f
ACC5dd410911a,PAY18f9a596a6
ACCaffa0880d4,PAY89fd8cef66
ACC7098648f80,PAY5635377ac1
ACCe4e305dfea,PAY45f91a14f8
ACCdb5eaeb31b,PAY59bd646705
ACCf6771b642c,PAY816ef34ff7
ACC4489968eae,PAY5ee5d2r592e
ACC4489968eae,PAY7baa9an5de9
ACCfc58f109f0,PAY46d8e2bb93
ACCfc58f109f0,PAY59251c17cc
ACCe0a75a2756,PAYf12afa75f7
ACCc764be63c3,PAYfcb0c76a5
ACC16375cfa03,PAYfeacc10c99
ACC16375cfa03,PAYe73a2420ac
ACCe569ccd9e3,PAY9cf39fe58a
ACCe569ccd9e3,PAY9e16370027
ACC2a5904873d,PAYffd54481b4
ACCf2918d8ccc,PAY8275123b6a
ACCf2918d8ccc,PAY592e892760
ACC5631835238,PAY36cba1d146
ACC30c30e7656,PY3f177c97a7
ACC30c30e7656,PAYedc849313
ACC6faee50df0,PAYc56e2733b4
ACCcb5e0c18ce,PAY173522308a
ACCfb0938de92,PAYf692ce701a
ACCfb0938de92,PAYbb35s4a17cb
ACCd2419b62e3,PAY1adfedf28f
ACCd2419b62e3,PAY84543f8b24
ACCdc1e8d4bee,PAY2bbadcd991
ACCdc1e8d4bee,PAY64F0b6b8fb
ACC8e80268414,PAY90ad8db5da
ACC8e80268414,PAY6be5342e81
ACC4183cb29b9,PAYa062022e91
ACC4dcd639f58,PAY7e69b6dddd
ACC4dcd639f58,PAY5ad8d65fcd
ACCb5db93152e,PAYe91efc3f58
ACCa08b5679ad,PAYc4bb4e4702
ACC70c18337e9,PAY544b08a86
ACC70c18337e9,PAYee11fa23b7
ACCde7cc12de6,PAYebf1840b44
ACC436a4981c9,PAY42d3aa71da
ACC3910ff4298,PgAY9a683749be
ACC3910ff4298,PAYeaeb7b37ba
ACC9bae1dc9d8,PAY348b40205e
ACC728d53e5e1,PAY1c09c913e1
ACC96a0ec83bd,PAy7bd887bba1
ACC195c4a7b74,PAYba095d63dd
ACC195c4a7b74,PAY8d64ea114b
ACC75b33c46f4,PAY0caf10892f
ACC002ddc3a1a,PYAe34e959ced
ACCa6bee21c1f,PAYf4d92516ea
ACCa6bee21c1f,PAY34ea833775
ACC13a132b6b4,PAY2436bed723
ACC3320325308,PAY875b4ae6f8
ACCaa8665ae5a,PAY06749616c2
ACCf3ea897bf9,PAYa73fe69b19
ACC401f45db22,PAY9274d404e50
ACC17874155ac,PAYae33339335
ACC17874155ac,PAY60c7c884ed
ACCdebc4bc20d,PaYd8eefd871c
ACC7ccc1cc8e0,PAYed607e8aec
ACC7ccc1cc8e0,PAY964bff64c0
ACC792aa7853c,PAYf7747556f4
ACC4703d0f74a,PAYbafb609c0a
ACC4703d0f74a,PAY0f3e8ceb95
ACCcfdf3f865f,PAY1310192334
ACCcfdf3f865f,PAY8acae6c8dc
ACC8e45642dc9,PAY49a2c91a2a
ACC0fa935a081,PAYe58c8de107
ACC0fa935a081,PAY25f7fb7dqac
ACC27614498b4,PAYaf2a470f9f
ACC5cdee253b0,PAYf376c472f
ACC16b92a2749,PAYa06c02210c
ACC16b92a2749,PAYf3d88d7586
ACCdd8188517c,PAY570303c240
ACCdd8188517c,PAYe94a5958f2
ACCdbd08e0258,PAY0171066d44
ACCff35a7d2cc,APYe838e6c79a
ACCff35a7d2cc,PAY8d739bf958
ACC3ec43bd3f7,PAYdf62a7c0c9
ACC89a675e7e4,PAY2f0bc5a685
ACC89a675e7e4,PAY761547a62b
ACCc3d2aa18b1,PAYee3bf46ede
ACCc3d2aa18b1,PAY00deeea504
ACCc808e536fa,PAY47ae98d9d1
ACCc808e536fa,0PAYa3cc82f810
ACCc091ae07c6,PAY91f68a1f20f
ACCc091ae07c6,PAYbf21c98f16
ACC10b6f2c4ff,PAY2614783c79
ACCf179f93be0,PAebd41016ba
ACCf179f93be0,PAuYbcaf65a73e
ACC14e75c33b4,PAYb8f10b82a3
ACC14e75c33b4,PYAe7142e9c4c
ACC0fd339d99e,PAY37e2b7a45c
ACC0fd339d99e,PAY78a589f53b
ACC64eb71972d,PAYf4de556d6b
ACC6330747fe8,PAYb0463245e3
ACCe49d0064f8,PAYfd5ab82618
ACCe49d0064f8,PAYa0b69875d5
ACCa7aeeb4051,PAYc0673f5f44
ACCa7aeeb4051,PAYa8fb4105ff
ACC47bc2a76ec,PAY1784c035d8
ACC63dfe5c4a8,PAY69982464y83
ACC63dfe5c4a8,PAY7e1e47a95a
ACC5b80c38f7e,PAYa322a69151
ACC5b80c38f7e,PAYc8d277a62c
ACCf73ee2e028,PAYa38add40cf
ACCf73ee2e028,PAY9128af77b8
ACC5f5677dcf3,PAYfec5d9b3a2
ACC5f5677dcf3,PAY3f5357921b
ACC8e6a9ffd48,PAY4f8cc2d0de
ACC312804ce76,PAY18edc06d2a
ACC312804ce76,PAY07caa870bf
ACC463ce9c539,PAY91fc5df0b5
ACC463ce9c539,PAY28c15462e8
ACC16bdd29652,PAY4a1f5c5f4b
ACC859cfa607b,PAYb1f9b6d25f
ACCd5c8b33e53,PAYb97a26df85
ACCd5c8b33e53,PAY381ef074783
ACCa8ae3af999,PAY86ed6e1256
ACCa8ae3af999,PAY651d022448
ACCcab323f5b1,PAYa695d91ef7
ACC903a07167f,PY747c62ff02
ACCf2dcc6ecfb,PAY14157153d7
ACCf2dcc6ecfb,PAYfFc32a29c9
ACCe082596d40,PAYd4ed539736c
ACCe082596d40,PAYdcc0265062
ACCaba2009301,PAY0ce1489394
ACCadfa815bc7,pAY77299f59b9
ACCadfa815bc7,PY6d92186f25
ACC8953b6662c,PAYdd3e90a4d0
ACC8953b6662c,PAY355b841a02
ACC709d5cdf27,PAY7a49a96e5a
ACC709d5cdf27,PAYaa7d305a4f
ACC04ad343857,AYdae178e40c
ACC04ad343857,PAYc87b8ee6c0
ACC43970cb502,PAY00272a2927
ACC43970cb502,PAY5ea93b950a
ACC96d78f296d,PAY93f66dcdbb
ACC96d78f296d,PAY0d499ae344
ACC49d9b1b608,PAY867e320dda
ACC49d9b1b608,PAY2dd44a96e8
ACC5de412cb15,PAY273e8c1a55
ACC5de412cb15,PAY9985577638
ACC5ccf4d48a7,PA2Y4fec0328df
ACC5ccf4d48a7,PAYd46e19cb84
ACC4b7ec585a7,PAY3c88e5d005
ACC3d80d34414,PAY3a63834d51
ACC3808cc275e,1PAYa194e14795
ACC3808cc275e,hPAYdb99a13528
ACC85a340ff27,PAYf781c36a11
ACC85a340ff27,PAYo963727e31a
ACCb20c475a98,9PAYf2acb43536
ACC0644bcd910,PAd56ad8c5c2
ACCbd3c0080bc,PAY58371dc25d
ACCbd3c0080bc,PAYdd4ad02316
ACCd7c91f0ccf,PAYA7d4644abf
ACCd7c91f0ccf,PpAY1f8cab2842
ACCd4b44a4376,PAY3d6b6333a8
ACC687faf7f79,PAY34d4e39ffb
ACC687faf7f79,PAY886b15551eb
ACCfb3474bfe4,PAY5670816bea
ACCe1031ca439,PAYa514ac571
ACCe1031ca439,PA361166fb55
ACC0ee167b547,PAY0f235303c
ACC0ee167b547,PAYbc00478b8
ACC00d6f072c4,PAYa75a181b0d
ACC8727833244,PAYefc070a30B
ACC8727833244,PAY321f3a3f76
ACC53d3a1df74,PAYe8cdf825eb
ACC53d3a1df74,PAY69e80706b1
ACC3d7a7fbddf,PAY2485e5226c
ACC7bb9780a44,PAY3b393f460pf
ACC9b8af2dee8,PAY7e7B549511
ACC9b8af2dee8,PAYc563e8347b
ACC6f37b9f0d1,PYa012973819
ACC6f37b9f0d1,PAY0ab01dccef
ACC82d6169616,PAYada97f108
ACC82d6169616,PAYcbc35a432f
ACCabe71d96a5,PAY330pda263a6
ACCffa2369942,PAYe1ba690cbf
ACCffa2369942,pAYba753c8187
ACC3a8a237045,PAY1372168648
ACC3a8a237045,pAY1230d95575
ACC42c9b3e29c,PAY767d6b31d4
ACC48e81d0045,PAY7d050a2790d
ACC9ecac79b70,PAYb7bf80be9b
ACC5de254c0b6,PAY69dec3ec77
ACCc02b04b110,PAY7a13e0a17d
ACCf4b8a44c4f,PAYf4243f7f86
ACCf4b8a44c4f,PAY0b2384364d
ACC7f2c70df2e,PAY2e809fd5af
ACCac1f12dbef,PAY50e9b2e8cf
ACC2230990863,PAY058aafd957
ACC2230990863,PAY4d616833ff
ACCe8d8a4b90c,pAY46b6965957
ACC609d1e63d3,PAY6fdf97d180
ACC609d1e63d3,PAYf55d18dp3c9
ACC228e1595ff,PAYee2166519c
ACC228e1595ff,AY7b39fc078e
ACC4efd09bfba,pAY7b32df7d7a
ACC343b118b75,PAY210c7bb9bf
ACC343b118b75,PAYf58455c0bf
ACC48d7d985cd,PAYa606109558
ACCb00dfa0ae5,PAY6210996d2
ACCf36f271d4e,PAYdfa89c0e82
ACCc0e827e87e,PAY0318355b5
ACCc0e827e87e,PYAbbd9a9faa1
ACCa3c3bf1001,PAY04629dyea9e
ACCa3c3bf1001,PAYb8d0eadaa1
ACCca3fe38969,PAY814e8850ff
ACCca3fe38969,PAY7dee36ce0c
ACC066431bab4,PAY28h8b464dae
ACC066431bab4,PAY98f1241186
ACC6ed9a0e7ec,PAY699abeca3b
ACC6ed9a0e7ec,PAYf04fed6a21
ACC64047f5c8b,PAY95756c4799
ACC9a6b460d41,PAY06813bf6c4
ACC9a6b460d41,PAyae1d8f3d9b
ACCfb6451709f,PAy4453127d32
ACC1496c1710f,PAY85f3ccdb59
ACCa8e15d2bd6,PAY3ff78d73f2
ACC7e30556fab,PAYd279dda246
ACC7e30556fab,PAYd5804e2619
ACCf901f5a5de,PAY185e6f824j1
ACC9f05a56360,PAYba51b8ce75
ACC9f05a56360,PAY294t26a551b
ACCb8cd579683,PAY7e189a6671
ACCcf22e33cf7,PAY47cd3d975a
ACC017a6e90f7,PAY700d073e8e
ACC017a6e90f7,PAYed2b74daa5
ACCcdb419a7ff,PAY2fb119caa4
ACCe9cd2548b1,PAYf84cf92387
ACCe9cd2548b1,PAY4f16b8d92d
ACCa6c20593b8,PAYff298bb8c6
ACCa6c20593b8,PAY56807c54f2
ACC8edff3aeec,PAYf22b39c0b6
ACC8edff3aeec,PAY83c5983298
ACCa0e313a609,PAY6972ca38ff
ACCdbbd5ba68a,PAYwaab696b7a1
ACC42aea06795,PAY7f974e3d9b
ACCf6b62a632a,PAY672f06a44e
ACC6bd8417192,PAYa8b4685z651
ACC7115795ec1,PAY42e65254f4
ACCfeb39b2c40,PAY10cf7fb6a7
ACC237cac45f7,PAY46cb1ee05c
ACC3dee01e46f,PAY67986eddbe
ACCdae9c73c56,PAYa24c6d4fbd
ACC8dd770df6c,PAY60713bb07b
ACCa40e8895ca,PAYd13fd04dd1
ACC4c11b37a2a,PAYdac6501799
ACCe565042e9f,PAY666e3aebe5
ACCd7d7c7cc5c,PAY0df643ff4b1
ACCd7d7c7cc5c,PAYdd8f234652
ACCe38dfd6fad,PAY1074151443
ACC9035198be9,PAY1e3cad27a7
ACC5bc3161107,PAY549a936180
ACC5bc3161107,PAYa7d71bb49c
ACCa5a018a1bd,PAY6dd4d54688
ACC5e22c6df72,PAY6033adf2e4
ACCd9fac6b87a,PAYbfd8fede57
ACCda4c0fb69f,pAY59e4e877e8
ACCda4c0fb69f,PAY0364799cfd
ACC0c95b418c1,PAYc70820b9bb
ACC8ae798b8a9,PAY600df252cb
ACC8ae798b8a9,PAYb9478ab29a
ACCdf4726f858,PAYacce873409
ACCdf4726f858,PAY538ce1ca42
ACCfc0ea5342c,PAY95043bd92e
ACC562eb62994,PAY7d368b5019
ACC67a5e73950,PAY886eeb1fbf
ACCa9994e207c,PAY291464eeb5
ACC263572ff28,PAY5a2232d70
ACC9a5f0c3851,PAY7a636a03e4
ACCd625d2054c,PAY5986ca04df
ACCc72bd8fd01,PAYc25f28c79f
ACC4d6bcf3ae3,PAY6de41mdc89b
ACC4d6bcf3ae3,PAY524f67c2ce
ACC30c877254d,PAY7485530057
ACC63cf802079,PAYc11a8aa750
ACC63cf802079,PAY37ca12bdf5
ACCdbcbc09e43,PAY76208ab902
ACC477726cc05,PAYeea484b8d9
ACC477726cc05,PAY6o0f1587f9c
ACC0a1d3f92b0,pAYf962b2a59d
ACC89454b8320,PAY837f6702d2
ACC89454b8320,PAYdee3d4313e
ACC2b5ff43f11,PAY3b2ef0b945
ACC2b5ff43f11,PAY410ed4110a
ACC36b4c50c3e,PAY944e525409
ACC86a43b427d,PAYcbbf51ffbb
ACC31b91e242d,PAYa8a2eb2ca0
ACC0fc0ef71de,PAfYaca868674
ACCb56ec71884,PAY00037ce9c3
ACCb56ec71884,PA55cffe33e5
ACCcc46b74a2f,PAY015ae6def4
ACCcc46b74a2f,PAY11855870e5
ACC4d0b766775,PAY22f9b224F3
ACC4d0b766775,PAY34d42e56b3
ACCb962e342c2,PAYcbbF55f4ea
ACC38b9089462,PAYc03b02fca7
ACC38b9089462,PAYe6a763743f
ACC93deb1fe05,PAYc50cc5a38e
ACC93deb1fe05,PAYc03724b950
ACCd3d671b4c7,PAYea6449cdaa4
ACCb0fbc92085,PAY63d53629b6
ACCb0fbc92085,PAY3fc4b5e8b6
ACC093c12c911,PAYedfa618536
ACCebb977875c,PAY597fb44148
ACC477c6ef954,PAY82e77784e2
ACC19d5ba005a,PAY2c3a921302
ACC19d5ba005a,PAY79485040ea
ACCe973be5363,PAYd60af05722
ACC4999edc25f,PAYfa345e8db9
ACC4999edc25f,PAY34125259e3
ACC3544feeb0a,PAY22fa4f1dcd
ACC3544feeb0a,APYd8b3580e55
ACC05aa717377,PAY6659ca920c
ACC05aa717377,PAY779b5afa9
ACC0cda49ae4c,PAYf4466eca61
ACC87b617cc43,PAYcnd1f54751b
ACC5600cd9de4,PAY8637873c6d
ACCb4b24d64db,PAY19c04f915
ACCb4b24d64db,PAY73ac14917
ACC2dc371f255,PAY213fec98b0
ACCa8bd5da4ba,PAY544395ad9f
ACCa8bd5da4ba,PAYbb00de6c1f
ACC28ea8adb7b,PAYf188639b86
ACC28ea8adb7b,PAY938Cfbafe4
ACCda617baad4,PAY79a25e3db2
ACCd9e98809de,PAY2f47a28d6e
ACCecfcd18c61,PAY7a1dfd9c0e
ACC9477b5a283,PAY546db51019
ACC9477b5a283,PAYf61a49efda
ACC0184c82ff4,PAY6d3ebbacf0
ACCbdb2279196,PAY5cc7ed2718
ACCbdb2279196,PAY07cd9d773
ACC8bcf9370bf,PAY9e0b640952
ACC8bcf9370bf,PAY7fcaede9c0
ACCbe1e1beca7,PAY25b54d437c5
ACCab55c9fa39,PAY1f5875c789
ACC36d61b1cd2,PAYbce61c937a
ACC36d61b1cd2,PAY011132d2d5
ACCabc46bd51f,AYe94ae30f5b
ACC0fd6b8cb95,PYA3837b751ec
ACC3f7a7d1e5b,PAYe123625695
ACC77bebb95ee,PAY62ae994242
ACC3b3aaabaeb,PAYacc3d31c0
ACC3b3aaabaeb,PAY767276608
ACCba652f871e,PAY5dfdc47174
ACC3131604fe3,PAYdd8ba4cd6f
ACC3131604fe3,PAYf1d09a26f4
ACCc7d5b86f6c,PAYdc7fb10153
ACCc7d5b86f6c,PA4Y3230c1f75
ACC44e7f6d84d,PAYd75f549e97
ACC9651498cc3,PAYc27d7709e0
ACC59fcc4b4ea,PAY438a768ce
ACC3645de752c,PAYbf34df66da
ACC4afe07b301,PAY2e437672ef
ACC717d106b2f,PAY8bcf7577f2
ACC717d106b2f,PAYc6f0e90d74
ACC98fd2cec5f,PAYdeefd26zfad
ACC98fd2cec5f,AYcb0c9e9733
ACC51e7df1285,PAY4ef353553
ACC0aed3aa1c9,PAYbe4bbc4d024
ACC0aed3aa1c9,AY79877cf2e8
ACCe24a7764d7,PAY998y6f5bc81
ACCe7940cfd8e,PAY6e66d89a62
ACCee02b15ea6,PAY24c5222c84
ACCee02b15ea6,PAYd230f3c919
ACC5faf87d4b1,PAY9bf5841cfc
ACC2aa02e47f1,PAYd3300e0ad4
ACC2aa02e47f1,PAY1cbd916d9
ACC94468d397e,PAYa36C8e4282
ACC6d5d1ee440,PAY3817ed316
ACC0fb62d261b,PAY3a6A82e99e
ACC0fb62d261b,PAYfdb8e61cf5
ACC2efa2a7d28,PAb46e1c4fe6
ACC2efa2a7d28,PAY0a46f5035c
ACC48f5319591,PAY143b56ea3f
ACC48f5319591,PYA2e7a5c8e84
ACCdafa2ccb58,PAYe2d3025bd6
ACCdafa2ccb58,PAY0992ebe50a
ACCf881c7c83b,PAYe4825754d1f
ACCf881c7c83b,PAYb2a13a3cd1
ACCb3f30d6b99,PAY9e6dde3f62
ACC7b46bc25e9,PAY81184f15cE
ACC7b46bc25e9,PAYfacab70935
ACC472d65b999,PAY0f8eb1764d6
ACC275809372e,PAY78e2a6338a
ACC275809372e,PAY4ccbf3596
ACC0a503d04db,PAYfa3e3f013f
ACC0a503d04db,PAY488aa1dc9
ACC70b42ecab6,PAYb4a6A4c801
ACC13338c25d9,PAYa56fc639ad
ACC13338c25d9,PAY951aa7348
ACC11245464fb,PAY1483df15dd
ACCba456b4136,PAYc8f2070188
ACCba456b4136,PAYfqaa544b8ad
ACC7a857311f3,APY2572f0d1ad
ACC7a857311f3,PAY8e54ce389a
ACC3e1d5c57c0,PAYbfc9d87cbc
ACC0121ee4a24,PAY15b29f72d6
ACCa0757d5376,PAY26503850ff
ACCa0757d5376,PAY1e64fb12f6
ACC8bb72c8fa9,PAY6c24fafc9ce
ACC23caee5a5b,PAY05168594ad
ACC3f513d26ab,PAY602849c22c
ACC81bfd17447,PAY2fa4bb2h897
ACC81bfd17447,PAY9f19ac617e
ACCebbed6f912,PAY98e51f84bd
ACCebbed6f912,PAYbaa836a59f
ACC5a22d02fe4,PAYbe2828798e
ACC5a22d02fe4,PAYe851347c40
ACC423f44bc74,PAYb693815056
ACCcd36ad86ec,PAY8a40ae3e50
ACCcd36ad86ec,PAYa65bab502b
ACC72a15f5705,PAY489dbc08bb
ACC72a15f5705,PAccaa560d23
ACC266ca50388,PAY856aaefa88
ACC042ab061f7,PAYe7e935ce35
ACC90a2694073,PAY11202abf32
ACC90a2694073,PAY26382a23a
ACC5d441212d5,PaYea36a76c6f
ACC5d441212d5,PAY4da37a9522
ACC0f40ff143b,PAYb3e1c9b6d9
ACC0f40ff143b,PAYaf41cxf978d
ACCa5a75bfd35,PYa17972c9a1
ACCa5a75bfd35,PAY0b79a00766
ACC556d824170,PA3Y9b238912d5
ACC556d824170,PAY4cba5c3db3
ACCcb4b1c1fe8,PAYaa5c1822f6
ACCcb4b1c1fe8,PAY7eb72baf24
ACC334902d209,PAYf386d28fb
ACC334902d209,PaYc5350aa28c
ACC45f5cd39c2,PAY51abd1cfc9
ACCf86012e348,PAY3860e6cdc9
ACCf86012e348,PAY587cd7dfae
ACCd974fda951,PAYa135642250
ACCd974fda951,PAYea622412d2
ACC50344b3f2b,PAYfc31379850
ACCb7af0f199e,PAYd2831e4b48
ACCb7af0f199e,PAYee74a6646c
ACCa64fafac8b,PAYc0c7a2ea10
ACCe4aa397e34,PAY8e14ee6997
ACCe4aa397e34,AY08bae5e213
ACC43840f3cc0,PAYbed4151214
ACCe4c3ab6cb9,PAY3098452061
ACCd5989f0263,PAY113i222e543
ACC600e3fc12f,PAY88c0cb644c
ACC600e3fc12f,PAYb44571015
ACC3688bb12a5,PAYd3f1c92b3
ACC112ee6eb92,PAYc60239bffd
ACC112ee6eb92,PAY7f0c997906
ACC84d2227cc8,PAYe3Ddf1515d
ACC84d2227cc8,PAYf8b7b50d2a
ACCa9db103392,PAY684274ac9f
ACCa9db103392,PAYb245b07246
ACC3b87a13b9a,PAYafc205d426
ACC3b87a13b9a,PAY9359f57fc1
ACCdc715072ac,PAY14d5950eb6
ACCdc715072ac,PAYba795037bf
ACC27ff2e7192,PAY7bf12e5618
ACCbb911f2683,PAY744ff26d5c
ACCbe4321c3dc,PAY39953ce727
ACCbe4321c3dc,PAY581cb2a9fa
ACC2d0c8a3ecd,PAYc7d517a8b8d
ACC2491caf02e,PAY6bFa20da96
ACC2491caf02e,PAY915ckc2fdb3
ACCc2567520c6,PAY05089bde2
ACC60d074ab76,PAY29aa3956c4
ACC7c130cd805,PAY0c0929dfe9
ACC7c130cd805,PAY66938248e
ACC90c28a7210,PAY5a2e3814a7
ACC9746fd4dd8,PAY547ff34dd9
ACC51f77ba661,PAYe4u74368530
ACC51f77ba661,PAY4b3b3ca244
ACC0b26b8d710,PAY9b53d12518
ACC59b5a2c165,PAYdbcb80c2b2
ACC0f747a7eaf,PAY8019c1a891
ACC0f747a7eaf,PAY3c6f64b146
ACCfff52abbd0,PAY902a710ed6
ACCb1aa1b75c2,PAYf4b6d10b2a
ACCb1aa1b75c2,PAY0255fea383
ACC2c8f999bf5,PAY2d1e40a9f3
ACC52fc0b852d,PAYa59bf2b5a1
ACC52fc0b852d,PAYb88feb92c
ACCa77f5d7320,PAYbc381c519a
ACC2b4f902cfc,PAY065111d977
ACC2986307c2b,PAY723b8e91eb
ACCc3f0649a84,PAY1f58f4e7542
ACC7d76e90179,PAY07eec6c840
ACC0826755146,PAY50b63387Eb
ACC605fc60d80,PAY58b2de6f9a
ACC7b09051b9c,AYdf091f2ce8
ACCbe6cf5c655,PAY43c5ff8f99
ACCbe6cf5c655,PaY68a9067c2d
ACCce99e79aad,PAY933e1c9ccf
ACCce99e79aad,PAYcdf773e920b
ACC8018fc9401,PAYf3d4711c75
ACC8018fc9401,PAYd3268e6ba6
ACC0d8e020785,PAY4998e6b11b
ACC0d8e020785,PAY7f16k797855
ACC05cff4ecc2,PAYfa2716c254
ACC858e9fdef5,APYe9d9b368df
ACC858e9fdef5,PAYc2028b468
ACC41fbf67d9c,PAY9f81ac6054
ACC41fbf67d9c,PaYa6fc0a83f8
ACC5945848f28,PAY4fa5bb6e18
ACC825804e183,PAY32a49f7c5a
ACC31e0456e1a,PAY56f35874c
ACCb9b6ddb39d,8PAY6c5d32796f
ACCb9b6ddb39d,PAYcaf3f1bb08
ACC736cfc02ed,PAY4119d591f9
ACC6c41b541a1,PAYd2dd85ae48
ACC94d1efe055,PAYd8c2a3b2c5
ACC07f2997043,AY5cdd4377bc
ACC07f2997043,PA4c1319f563
ACC6bc4c5ca89,PA7ffc0dc1c1
ACC6bc4c5ca89,PA3cbdd198cc
ACCd2a2f8ce92,PAY1ee65bdbd1
ACC908da802a4,PAYd202f6cad9
ACC24d2894987,PAYfbd657293d
ACC2055355b95,PAY653292ede1
ACC19b62065e0,PAY2036ec26d0
ACC667cd700a4,PAY261d6e0975
ACC667cd700a4,PAY4670bbc5a
ACC06baacf9eb,PAY06b09ce272
ACC06baacf9eb,pAY1347f7ceba
ACC280aed065c,PAY7bcf3e7e7a
ACCd339d2fea6,PAYf2af7eadb0
ACC33c604f135,PAY90e1c369cc
ACC33c604f135,PAYc95b0514f1
ACC1d7285a14b,PAY0064bd2f0c
ACC1d7285a14b,PAY926c2662eb
ACCf1c97baa1c,PAYb63746edc3
ACC83ed747876,PAY7257efeb29
ACC2bd3c1bb64,PAYc89e4c540
ACC9c55d8bb44,PAYc909e8f118
ACC9c55d8bb44,PAYa01285d1a1
ACC7a36bf6c8c,PAY29eacb739a
ACC7a36bf6c8c,PAY31ebd0bdf4d
ACC9848344fc5,PAYa3053ac8d5
ACC31f8513709,PAY31ce6864d5
ACC31f8513709,PAY2194dfd531
ACCabc093de89,PAYbb7dea1501
ACCabc093de89,PAY356e36d9va5
ACC86b2382e66,PAY5f7a251271
ACC668f232c53,PAtYdd22dc972a
ACC668f232c53,PYAa8140dbe10
ACC1081548617,PAYf62a3042e6b
ACC1081548617,PAY242ac9cb5
ACCba59e371d9,PAY797eb61dce
ACCba59e371d9,PAY3b2cbf4df9
ACC519cb73360,PAYb8e9cb18a8
ACC3648038c0f,PAY61dd35ad0
ACC3648038c0f,PAYf8293a096f
ACC1173c54eb2,PAYae0ad149ed
ACC1173c54eb2,PAY5037ab7e5c
ACCea887eccce,PAY52505fbc64
ACCea887eccce,PAYb7359a9854
ACCb088127d32,PAYff0407390
ACCb088127d32,PAY7c88d0f21c
ACCa559cbbcf9,PAYdt8da6c5f59
ACC3a42e3fcb5,PAY6d8404801
ACCcd81ce8862,PAY09bbfcc77f
ACC1f833ce88a,APY39ff778285
ACC1f833ce88a,PAY6cb2e2043
ACC2222da0fad,PAY69da749d2f
ACC2222da0fad,pAY65025f7dad
ACC3a8fe126b4,PAY0922b40138
ACC873c6196e0,PAYff2b489ed8f
ACC4880537333,PAYe921272bdb
ACC3e0f9c7a32,PAY953684d929
ACC999c62baf2,PAYd5f12fd53d
ACC60414eac44,PAY8000062f53
ACCdb3296b3a4,PAY616a5cbd4c
ACC2d70f2d62b,PAYfcffe82da4
ACC00d7d096ef,PAY246fa99550
ACC339accc5b0,PAY6cfa15e43
ACCe0b0ebf86c,PAY7120974036
ACC4a5af22eb0,PA03115ce637
ACC4a5af22eb0,PAY5f28029df
ACCf0ce16ff15,PAYdea976eac5
ACCb67f5bd726,PAY847525f6c8
ACCb67f5bd726,PAYfa0a277fa2
ACCc0bbcbb32c,PAYddea076cc9
ACCc0bbcbb32c,PAY5b2997a203
ACCb83ef88335,PAYbc9c44f483
ACCb83ef88335,PAYd1ee69f97c
ACCd4237b5904,PAY99f83462dd
ACCd4237b5904,PAY680f15a15e
ACCf46a6aaa9f,PAYfe7fad7070
ACCf46a6aaa9f,PAY9f2a763e3
ACC739aea8555,PAYd0ac780f03
ACC739aea8555,PAYf66a14f563
ACCfe856ef212,PAYe8b9c7a39c
ACC0fc4202f55,PAY871e780deb
ACC00211e817f,PAY7b7b3b0634
ACC00211e817f,AY4fae62fceb
ACC719ecae985,PAY843b635f3cb
ACC5bfd53dc31,PAY5e9ac51cf9
ACC5bfd53dc31,PAY69e71pe53b4
ACCe44bcfb1e8,PAYb122a4a8af
ACC6f3af21bc1,PAY6b9437bb3b
ACC6f3af21bc1,PAY623f98a6ff
ACC9173cd1900,PAYa682beb599
ACC9173cd1900,PAYb1c6a705c0
ACCa964e0b5b0,PAY010a0371fa
ACC7b286d232a,PAYc77c57b47
ACC7b286d232a,PAYfa29d4f224
ACC44fa3b01e1,PAY10aeb57c52
ACCda4b41f220,PAYecfb047e16
ACC36dc723697,AY8fdb57e721
ACC36dc723697,pAY1164ddef96
ACC0078d91664,PAYd0857abafc
ACCb8fb2e00a5,PY0ef9023653
ACCb8fb2e00a5,PAYcedd359717
ACC0fcca6c6eb,PA8d453caac9
ACC0fcca6c6eb,PAYa6d89b6bc
ACC8c6b99b272,PAY2b77e29a98
ACC8c6b99b272,PAYd623469d97
ACC2564765f88,PAY8b42e164cf
ACC2564765f88,PAY9db47a380d
ACCe60a195067,PAY3a8f9a2638
ACCe60a195067,PAYac6n175d12f
ACC1ea58d57d2,PAY9a9d5ea5d3
ACC448fde85ac,PAY2928aaec9
ACC7f3fc09473,PAY6bb26e4416
ACC7f3fc09473,PAY8203d8aa46
ACC12a6b31e9b,PAYf6649b09b0
ACC12a6b31e9b,PAYb0c0bc4f7c
ACC945147e291,PAY4cb54dc1bb
ACC5efcd06cdb,PAY71755f2ca7
ACC5efcd06cdb,PAYea242249d4
ACC5a76f7ba95,PAY4a299f75cB
ACC0b386ee08f,PAYbddaa7bee6
ACCe13b14cd0b,PAY0bddd4e489
ACCb03f81cedb,mPAY42a36e2358
ACC630f5b956b,PAY8cb79cc2e3
ACCc58748f7aa,PAY81b205e80f
ACC91df630bec,PAY6e22b14f35
ACC91df630bec,PAY596e605e8
ACCd6fe89cc42,PAY9bb3d62a80
ACCc865077b24,PAYCcbd2b7404
ACCf208b5fe88,PAYdc6e91771d
ACCf208b5fe88,PAY60a2a2fkeee
ACC48ed8115a8,PAY9fb970f21b
ACC881769d2c3,PAYd6f5c36c2f
ACC6b724f39a8,PAYa500cee6a0
ACC598432bb82,PAY91ae0f529a
ACC7b9ba7e094,PAYE983b6bfa9
ACCf1b1334ad6,PAYe320224eae
ACC71c01ff076,PAYf5d5fd39e2
ACC0ecea1e82b,PAY8ae912cbb2
ACC0ecea1e82b,PAY38ac0ce777
ACC598c903cde,PAYa31980f4a0
ACC598c903cde,PAYp0b6de8108e
ACC87e28a41e8,PAYbe45ff1b0f
ACC87e28a41e8,PAYaddd377efa
ACC7b51ff4829,PAY6a542c150c
ACC7b51ff4829,PAYb5aff63b27
ACCfc31fbe5e8,PAYd07bf5172c
ACCfc31fbe5e8,PAY9eac9fd264
ACC9e0e576171,PAY26cdbf9e2f
ACC9e0e576171,PYbd0caac6f5
ACC8c3f667d57,PAY32e0a46542
ACCf82af7f56e,PAYb972a06f94
ACCf82af7f56e,PAYc3dd1d742e
ACC2d0474e7b2,PAY8Abdce2939
ACCb7ff975965,PAY2db9ef2aad
ACC59e5fa865d,PAYe17b3f356d
ACCac39e72955,PAY952b17fcd0
ACCac39e72955,PAY9b035c39a2
ACCdf27087b5b,PaY21c74e59a5
ACC3aff04b9e1,PAY9c35b2b779
ACCbf1d83a343,PAY1ae7e8e78d
ACC694fc8efd6,PAY54a5eb4adc
ACCaf241c55d1,PAY3bf7d1a969
ACC6f5eeb9a7c,PAY4a225ab47
ACC6f5eeb9a7c,PAYeba6f244a5
ACC7d63facf43,PAYf591d12ce1
ACC7d63facf43,PAY4563qc943f1
ACC29b7821395,PAYa682c0a550
ACC29b7821395,PAY8a2fba98c8
ACC1365879a0d,PAYec68fc52d2
ACC1f06bba182,PAY55aaa99409
ACC66557aabd6,PAY75def0e831
ACCd531daf238,PAY3166718cd6
ACCd531daf238,PAYd53cb8f58f
ACC0495a6b90a,PAY3cefd8acc
ACCa0e0ca1a19,PAYaa57bcdd01
ACCf4544b6319,PAY1349a0d23d
ACC16dfd15c85,PAY70ae42fed2
ACC16dfd15c85,PAYa47b04816e
ACC9721ae9ad9,PaY55e0b7af32
ACC9721ae9ad9,PAYe178d50074
ACC2ac756e579,PAYd1f90ccec3
ACC2ac756e579,PAYf425019c94
ACC618b1a7601,PAY35f72480258
ACC26d940c674,PAY11265c8a45
ACC26d940c674,PAY964ddf0d2b
ACCffba9ab02f,PAY8aa363820c
ACCffba9ab02f,PAY8bee99e5d
ACC27df2f3932,PAY6f081bc5c8
ACC27df2f3932,AY4b7838d70b
ACC16b1bceeed,PAY0737c2eb8a
ACCea3ebf6172,PAY88735495c2
ACC75a2184c6f,PAYe7bf3ad23f
ACCd602101734,PAYbaef605e85
ACCc572f91d4e,PAY4a6b52e71e
ACC3884bd6438,PAY889f969a9b
ACC3884bd6438,PAY5465e2b2aa
ACCbf30002ad0,PAY96766430c2
ACC6cbef67dfd,PAY98e21e9fea
ACC6cbef67dfd,PAYcee6d5d29
ACC3292932e00,PAYf81b131b33
ACC3292932e00,PAY19f5accb49
ACCf99b03ca38,PAY83804deb0a
ACCb2ac875a15,PAY06709a8d80
ACCb2ac875a15,PAYc9fab1cd27
ACC03fb89c68b,PAYa97682c6e7
ACC2a4f20b9b7,PAY0e9bbee545
ACC52f9ee1ef6,PAY2c3742b2c3
ACC52f9ee1ef6,PAY17863dc5d
ACCa527d6c4e5,PAY82am2e1c634
ACCaabfb2d468,PAY876cbeccf
ACCaabfb2d468,PAY4f09d8eeeb
ACC7d4f8bb80d,PAYca6f95794a
ACC7d4f8bb80d,PAycf1b985706
ACC662be6abb3,PAY0116d01ed7
ACC6bd25e7114,PAY633fc5a72d
ACC3d5fd311a1,PAYc79bb61959
ACCd28e4ab1f0,PAY9f30d566f6
ACCc499595004,PAY324f604992
ACCc499595004,PAY0d03f2c85f
ACCfe9dec3b9e,pAY99b0f31343
ACCfe9dec3b9e,PA2b5f9a65a7
ACC35ebcd07ee,PAYc698vf07836
ACC1c7ee13758,PAY2n4664b1eba
ACC1c7ee13758,PAYb71e222286
ACCa2f73a55c9,PAY5edd38e8e2
ACCa2f73a55c9,PAY497aef94e9
ACCa661b96fa5,PAYc511aed280
ACC6b190346af,PAY2f772b14721
ACC4a3709a438,PYa008d6b959
ACC4a3709a438,PaAY70380ab1dd
ACC8463a5a0d9,PAY444f612602
ACCec4c55f5a4,APY27bbcbb53a
ACC2b805acd95,PAY1c7qc4e23f4
ACC2b805acd95,PAY0a44637dca
ACC7cfbe17f53,PAY6b5021d3ce
ACC7cfbe17f53,PAYc9ee17f39c
ACCb286ae4432,PAY1678e2ba43
ACCb286ae4432,PAYbe6ca054e7
ACC80c3f430c3,PAY19d641726a8
ACC80c3f430c3,PAYe61bcf374b
ACCffadd4f63e,PAYbb7092ye90c
ACCbc8640aa4b,PAYceae73e52a
ACCcde0291075,PAY1a87699a4a
ACC1b00b23519,PAY615c23d86a
ACC45cc18c66b,PAY842fc0e557
ACCf6c9b4e371,PAY0718248a1b
ACCf6c9b4e371,PAYa76d0o35f3d
ACC9a766110f2,PAYf67255f97e
ACC4aa18e3b4b,PAY3e03ca8d92
ACC4aa18e3b4b,PAye53c1e55fd
ACC4e290cce0c,PAYc0188c86d
ACC536b82a8e2,PAY79082abab
ACC536b82a8e2,PAYba3109b8e9
ACC812ba61e2e,PAY05e4e1b435
ACC812ba61e2e,PAY24f8b6537c
ACC534d617bbb,PAY81d93b381e
ACC534d617bbb,PAYcb4c7820b2
ACC6a9bae4f9f,PAy20872fbe7f
ACC12aec307ef,PAYd72470ce75
ACC12aec307ef,PAY9a2f42f9be
ACC69f1775fad,PAYa435a88Fa2
ACCbd24685b06,PAY6066470b90
ACC9e2e8bec73,PAYfadbf3e878
ACC9e2e8bec73,PAY23b2c8609a
ACC1bef38281e,PAYf2d966dc21
ACC6bd80f59ee,PAY35241580fa
ACC6bd80f59ee,PAY6687ea19b3
ACC6bc6774674,PAY51d030fb99
ACC7be4fbe227,PAY2777a9dc74
ACC8c6668565e,PAY7f63684f76
ACC8c6668565e,PAYd653a945b9
ACC3e11fa368f,PAY6697a2c08f
ACC3e11fa368f,PAY82158193551
ACCe84db50f43,PAY4337c72f2d
ACC00a5cffe28,PAY275421357
ACC00a5cffe28,PAY6ff54a38c4
ACC793cd8d03c,PAYe0f06f5f00
ACCb1e247770a,PAY43818ecc5
ACC49791b0bb0,PAYf7a9eb9d6c
ACC49791b0bb0,PAYd41c66e51e
ACCa4fdeba54d,PAY22c435d7d8
ACCa4fdeba54d,PAY4abdd9aef
ACCefa158e986,PAY579f345a9
ACCefa158e986,PAY4d29d5c9a2
ACC9a960a3474,PAY19363a44c
ACCba67a38a8b,PAY131260a9ed
ACCba67a38a8b,PAY1d397efed4f
ACC7566cfa0c4,PAY98aa626c12
ACC7566cfa0c4,PAY0ccd9a9fa6
ACC7f8858ce8a,PAY173347c143
ACC7f8858ce8a,PAYf67ff338a6
ACC35a40da249,PAYfeb6f33667
ACC09d38b23c4,PAY2d695ec072
ACCfb659cbb5e,PAYbd4f07e624
ACCfb659cbb5e,PAY5257b2b1a9
ACCa024c6e693,PAY28a3A9ac1e
ACC4a239d20d6,PAYb739ecf9fb
ACC61c87f9829,PAY9985690b8
ACCeddffac966,PAY22fa34d7aa
ACCf97b04f3f0,PAY6b5c4957df
ACCf97b04f3f0,PAY570a3a3dfe
ACC0b92cf7445,PAY9af7005cf6
ACC0b92cf7445,PAY78af0ja2bb2
ACCed9c043043,PAY7f01822c85
ACCed9c043043,PAY361831f636
ACCa61b53bde0,PAYdee4827a40
ACCe86f79105a,PAY1ff5435e30
ACCe5bbebc21a,PAYeffc4798e3
ACCe5bbebc21a,PAYb6c0b8206a
ACC3565da6df2,PY8093ea451f
ACC3565da6df2,PAY42cy5c360b2
ACC4a2b6b0cfd,PAYc38cbfbf5c
ACC105e071959,PAY503a897aa1
ACC105e071959,PAY0a8e6cc1a3
ACCa73ef84d13,PAYf2d338cB7d
ACCa73ef84d13,pAY384d0abc69
ACCe73304ff66,PY289605bb88
ACCe73304ff66,PAY330b0a2327
ACC1ed166c221,PAY1235a9a323
ACC1ed166c221,PAY2975fc1de
ACCba1a47e33d,PAY43bbf2a755
ACCba1a47e33d,PAYb2992b2086
ACC15ae485c53,PAY39ae185e23
ACC15ae485c53,PYAb3ca70065b
ACC724db24915,PAY010f4168ec
ACC724db24915,PAYf57093e349
ACC6dae2c12b3,pAY0f5c63105d
ACC6dae2c12b3,PAY3dd5269311
ACCd037f59438,PAY7eca6add4a
ACCd037f59438,PAY6f3p457de90
ACC73ebfe1847,PAY6152f42689
ACC4a1d9eac09,PAYcd393cab97
ACC4a1d9eac09,PAY23abd7835f
ACCd943235c05,PAY7ce294de89
ACCbe76eb06e6,PAY989a3dbb32b
ACC7283747602,PAY921674ecef
ACC7283747602,PAY4b99df3f85
ACCdb55b4afa4,PAY297e47480d
ACCdb55b4afa4,PAY2b2b8d1c55
ACC37c30d908f,PYA687f076c2c
ACC37c30d908f,PAY93511eacfe
ACC3246bc6ba3,PAY32479ddb3
ACC3246bc6ba3,PAY9b287e974f
ACC15a1f6d8e2,PAYaf9c20f840
ACC15a1f6d8e2,APY9824d9d8d3
ACCdd316f9493,PAYc20e3e4588
ACCdd316f9493,PAY19c91eb86b
ACC285a335392,PAYcec1be2d5b
ACCdb41639453,PAY6d2ab083e3
ACCdb41639453,PaY02a63f5e36
ACC86a0eaa7ec,PAY3f18d96ff7
ACCf0cc0cf263,AY089d1e8af2
ACCf0cc0cf263,PAYc82e74caa5
ACCc3e12f80bf,APY0a3973a381
ACCa375d42184,PAY7acc5cf74b
ACCa375d42184,PAYb4a7e3e074
ACCf6bd08b64c,PAYf764d871bd
ACCf6bd08b64c,PAYa87ad2f563
ACCeed7aed864,PAYc3098de2d7
ACCeed7aed864,PAYbed7e33600
ACC7b34ffa354,PAY438e7d0013
ACC7b34ffa354,PAYeabke09f064
ACC7ebc8afc88,PAY57b6bacd12
ACC7ebc8afc88,PAY95q7759f69d
ACC0b737cce90,PAYa58dddae31
ACC936bd81686,PAY990008c10b
ACC7f71630b6a,PAYbb06d7c37e
ACC7f71630b6a,PAY40766469a9
ACC00565b9ad1,PAY8ec306f02b
ACC00565b9ad1,PAYdc9d7bee93
ACCd1e8727747,PAY0e1336c70b
ACCd1e8727747,PAY7347ec1793
ACCfb3c773f10,PAYe2771cf70e
ACCfb3c773f10,PAY639e6b7ff9
ACCed318d2bab,PAY0f9014fe9e
ACC618aa6fca2,PAYe60142280c
ACCe70855093b,PAY9a8e64f69
ACCe70855093b,PAY925488c3a3
ACCa6704f4e7c,PAY2f963a9788
ACC57b9d6f044,PAY93f0c2792b
ACC57b9d6f044,PAYf4b661ffcd
ACC7c60dfe17e,PAY83df9308bc
ACCdc375ea4ce,PAYc1f2b38d4d
ACCdc375ea4ce,PAYdf651f32aa
ACCfa4404f2ba,PAYa8cd81e2e6
ACC4b742f2376,PAYc196d13083
ACCb2dc4cf683,PAYd5708557d7
ACC07e5118b03,PAY0102416771
ACCc6f82f4da3,PAYz8cf95c5cf4
ACC216a21ddc0,PAY1771260852
ACC216a21ddc0,PAY99A002cf4c
ACC050a0693c7,PAY530e097B48
ACC050a0693c7,PA5Y6577eb090b
ACC31b2388647,PAYf990d837b76
ACC31b2388647,PAY1969299d10
ACC69b875ff94,PaY47e4ce1974
ACC69b875ff94,PaY12b1974a73
ACCc69fbc7135,PAY9dcdacb22e
ACCc69fbc7135,PAY71cbae7db5
ACC32edcb9123,PAY8c583aa0a5
ACC442b9cbcf5,PAYb57b6d112
ACC442b9cbcf5,PAY27420e9c1
ACC017c38413b,PAYa01f3e2129
ACC017c38413b,PAYaf778e400f
ACC3565fa2fba,PAY0ofb6f20e0b
ACC3565fa2fba,7PAYf788b00547
ACCa374af462e,PAY26d6f7a0f3
ACCa374af462e,PAY4b1c671ac2
ACCac102bd4ec,PY41bfd1b55f
ACC8623759732,qPAYe416b717ee
ACC8623759732,PAYbc26ff30f5
ACC2fe6b83f02,PAY4a42f0f877
ACC2fe6b83f02,PAY5148dc077a
ACC224b40bb85,PAY04e8aa559c
ACC224b40bb85,PAY86a39af5b1
ACC717ae3d678,PAYb22bbc9782
ACC19bccb2060,PAYadf77l8d03c
ACC2d54259e28,PAY045df09132
ACCb761ead348,PAY3b9cbe9fa
ACCb761ead348,PAY9c1f0981fc
ACCc5733b491c,PAY62604b8693
ACCa8103042b6,PAY523c140133
ACCfc482771bf,PAY6ej0b855e7c
ACCfc482771bf,PAY53b70180c4
ACCffbe93d01d,PAYdd21f81232
ACC982da1d274,PAY54225890d5
ACC6da16c0d2d,PA5c0cddac0a
ACC6da16c0d2d,PAYf9ac2b5be8
ACC09d79bb651,PAYd10b8e43b6
ACCe2921b5992,PaY597d07df89
ACC2c3830f492,PAY5e20zed848d
ACCba8bb9bc18,PAY27d6078425
ACCba8bb9bc18,PAY545e92073ze
ACC12ec102244,PAY56cc00fbfc
ACC12ec102244,PAY2cea3cbd5f
ACC5509911b3e,PAY3381d6795a
ACC931f4beabe,PAYfc4f5dc6fc
ACC892e70dba7,PAYa1ef641169
ACC892e70dba7,PAYd702fe8b0a
ACCacd349d976,PAY11ef47caf7
ACCacd349d976,PYAb16ea18154
ACC607ccf411e,PAY7a66a5bd3b
ACC607ccf411e,PAY0db0c387ea
ACC6a9a3c3e55,PAYb969fd8f2a
ACC23907c87f1,PAYb23895e1d
ACC6744b05dcf,PAY0d2d803c15
ACC6744b05dcf,PAY37545856c1
ACCd782018010,pAYd3f82c2a5d
ACC8723caa745,PAYb18d210b6c
ACC8723caa745,PAY689af68270
ACC22a25eae3f,PAY70f81f83f0
ACC4e0ea4569e,PAYc8e3a0029
ACC4e0ea4569e,PAY1a37dfcf5
ACCfe48246af5,PAY3bb6f61d0a
ACC43f0d85185,PAYf37b46be9b
ACCe474570741,PAY5b1Ee3a744
ACCe474570741,PAY70e5fd0248
ACC3b4ef73a11,PAYa092efcc18
ACC3b4ef73a11,PAYa7b24eef36
ACC0a50032339,PAY156d96502
ACCa85c34f109,PAY8c34c23bb3
ACCa85c34f109,PAYc0478d96ae
ACC134cd9387b,P1AY6f3170aecd
ACC134cd9387b,PAY3119395en22
ACC787467192a,PAY73e2a51acy1
ACC4ede03a2e4,PAY4e5fbabb18
ACC4ede03a2e4,PAY89c3337483
ACC82eaf1b9e6,PAYa36901q9026
ACC82eaf1b9e6,PAY8b3e88f9c2
ACCeac5986aba,PAY6268d60d80
ACC2e6c7e35bb,PAYce1f56086B
ACC2e6c7e35bb,PAY12d715fe49
ACC8e7c5966eb,PAYd89287fd13
ACC8e7c5966eb,PAY8f74a9b6df
ACCf94c59b21f,PA3Yb5a535aba
ACCf94c59b21f,PAY1a9aed697a
ACCfaa8f6876c,PAY017a51e9e9
ACCfaa8f6876c,PAY38358c651a
ACCf0f22a20c8,PAY82f61cl0a3c
ACCf0f22a20c8,PAY50cda5b9ca
ACCdc7693d9b0,PAYa3f58658d4
ACC2d94ab4d33,PAY8ee5f0911c
ACC9f406e595b,PAYe9c771d982
ACCaaae3fdf52,PAYc41a7a3d6
ACC3d9e42804d,PAY9387fce52a
ACC5f85ec3615,PAY980bb7afcb
ACC5f85ec3615,PAYa36246618c
ACC90236c07e3,PAYcf42cf202f
ACC3756f4498f,PAY963a2b9b8e
ACCa2e77cc501,PAYa83cf15803
ACCa2e77cc501,PAY532b6595ad
ACC3e263fa11f,PAY642f8a2434
ACCed91d413df,PAYf499f749f4
ACCed91d413df,PAY07ace11f5b
ACCfe30c41724,PAY8f14660366
ACCfe30c41724,PAY66712c6728
ACC15bd804b13,PAY3e18fbb202
ACC15bd804b13,PAYe7222ebdac
ACC954e37ab8c,PAY7207dd8563
ACC6d92b4887e,PAYf7516da8551
ACC3f5f0c596a,PAYbc9ef67b92
ACC3f5f0c596a,PAYafcd637685
ACCfbbcc9cf65,PAY28d3001405
ACCfbbcc9cf65,PAY3a8b595c8
ACC1086d01b05,PAYe5d54838bb
ACC1086d01b05,PAY4d0e44929f
ACCb61730bcd9,PAYq5bf9c6fe14
ACCf88b68ee29,pAY3b036482f2
ACCeb4ea6ca33,PAY16f6755582
ACC69cd9669d1,PAY687C271ab6
ACC5eda7d4200,PAYa5bf308221
ACC5eda7d4200,PAY6f22f00b87
ACC1bf5b0ddb2,PAzYf655c2d06e
ACC1bf5b0ddb2,PAY1186685638
ACC9159f33af6,PAY018d51a75f8
ACC9159f33af6,PAY6e73e03d9D
ACC71a28bb1c7,9PAY71b1cc673d
ACC71a28bb1c7,PAY44bacca2ba
ACCccb8ccd8df,PAYa6853618E9
ACCc2c5f994e0,PAYbdedd8815a
ACC5ede78dadf,PAY1e6dee0aaC
ACC2f1b68b96c,PAY491ccbeb26
ACC0372c71731,PAY3aa7f624e2
ACC0372c71731,PAYc1d834aac1
ACC2064c7fb41,PAY63758b724f
ACCb150e2ddac,PAY835b0416a
ACC929d46764d,PAY74659672da
ACC929d46764d,PAY6386e34839
ACC35fb42e86d,PAY61b2563774
ACC35fb42e86d,PAYcefce43648
ACCdaeaeb89f3,PAYd3193c05d5
ACCdaeaeb89f3,PAYb176634619
ACC2555291475,PAYc5144ef4e8
ACC2555291475,PAYa3ec3e16c8
ACC0909411365,PAYc083a6b0cc
ACC50d3e352fb,PYd7785e1627
ACC50d3e352fb,PAY70bf4dde52e
ACC5d66ac827e,PAY5179c37d63
ACC5d66ac827e,PAYb085e7f558
ACCa6506bc44c,PAYc1ad760ee
ACC21bc924c3b,PAY26feb974be
ACCf7e9a505fe,PAYb36b790000
ACCf7e9a505fe,PAYf3af3bc25e
ACC530339ef45,PAY0f3fb5dc05
ACC530339ef45,PAYdfb19eb83d
ACC5b16dbc388,PAYec1be9600d
ACC5b16dbc388,PeAYf11f1b4d1d
ACC1755aeb22a,PAY48cfc0a388
ACC111be548e7,PAY806af5fc3ad
ACC111be548e7,PAY09606e9eb
ACC502ef90470,PAY3bb4459071
ACCd5dca44d98,wPAY374be4a19c
ACCdf1e4b1ef1,PAY2d99263503
ACCdf1e4b1ef1,PAY1cff59354c
ACC4da5594617,PAYd9ed7da001
ACC9e77147028,PAYfe57c75562
ACCf40ef61efb,PAY0807c2f5ea
ACCf40ef61efb,PAY93c7a9bf3d
ACC27e18af835,PAY17e58c520f
ACC27e18af835,PAY12fa5bf2c3
ACC1a08f22151,PbAY7c121e8191
ACC1a08f22151,PAY08c1e84002
ACC7902de9371,PAY1a85f20c41
ACC7902de9371,PAY74a7174d2
ACC1ad7955dd4,PAY80ce461d9f
ACC1ad7955dd4,PAY24645b2781
ACC0ba6b20df3,PAYc169cef92e
ACC0ba6b20df3,pAYdef83b6b74
ACC2745fd151c,PAYe9315455ec
ACC2745fd151c,PAY9db9c8281d
ACC0564451a65,PAYc4404005f3
ACC1ddeacb0d2,PAYcff8532d1
ACC1ddeacb0d2,PAYa9a14bf683
ACCfde8d83768,PAYf725bee7637
ACCc9132960f1,PAY7f0a1677cc
ACC066641360a,PAYeb81ga006b6
ACC066641360a,PAY7fe9d327c3
ACC2af3f64878,PAY9daf3e6eff
ACC10ce95fc6f,PAY99c3d07199
ACC52a8d11169,PAYcd58348791
ACCa1f756a365,PAYd7f91114c6
ACCa1f756a365,PAY265780ff7b
ACCaa8e158610,PY0cc105ce6c
ACC44c21f5eb6,PAYca91e544d2
ACC669bbf9966,PAY2eaf497d8f
ACC052e89cb69,PYA1aa435c0a7
ACC052e89cb69,PAY7756155bff
ACCe9dc576d75,PaY6a86710b9b
ACC2854ecda3d,PAYad9410f214
ACCf5976a6e29,PAYfc441f3860
ACC9cf236ab37,PAY190b03118b
ACC9cf236ab37,PAY6ae19bd85a
ACC56e4aa782b,PAYa8029ed79c
ACC56e4aa782b,PAY74ec0effe5
ACC032285d52f,PAY659a13bf4b
ACC0789d75fd9,PAYfb504f2a7e
ACC3cbcfd4e81,APY555ea84a0b
ACC4f5a262e28,PAY42d0ea6934
ACC4f5a262e28,PAY6a8f86bcbe
ACCbff63c9803,PAYd07f8a32de
ACC4052d3d28f,PAY93a029dd51
ACC4052d3d28f,PAYa45c962583
ACC3441e8743f,PAYfac90a710e
ACC690231e5b7,PAY5e532bb88a
ACC690231e5b7,PAYc390ta6ac18
ACCcf1b573366,PAy523bd66795
ACC42988e60f1,PAY7a4dbeac13
ACC42988e60f1,PAY4749e73bb2
ACC6fef175023,PAY033afcf369
ACC3f4ee1ff7f,PAYa35f3ak0c86
ACCae26aecf27,PAYeb7baf4026
ACC23f3576693,PAYeeb6879c1b
ACC23f3576693,PAYb3ec15607f
ACC01086b99cb,PAY9fb5bc431f
ACCacf8f59a40,PAY62e4951747
ACCacf8f59a40,PAY0448685a1a
ACC493d03b486,PAYa3eb0cfcf5
ACC76c7706527,PAY94961a30w68
ACC76c7706527,PAYf08b249b1b
ACC2c579be5e6,PAYc96da2d0eb
ACC2c579be5e6,PAY201d407cc4
ACC9d1344fd0e,PAtY4663fc68f2
ACC9d1344fd0e,PAY8bcc4a50b9
ACC3b31bf1757,PAY1cd98621ea
ACCd0bd937973,PAYf629b3cea1
ACCd0bd937973,PAY23f190bbfe
ACCe81e9b4460,PAYa371b3bf8e
ACCe81e9b4460,PYA7f7e46d06f
ACC77f708234c,PAY838dfa9b1b
ACC77f708234c,PAY5d71e7108b
ACCfbc32d7a38,gPAY965b79fbe0
ACCfbc32d7a38,PAY650b415df8
ACC1e8bb260cc,PAY63f15f2d77
ACC8cfa08ed33,PAYd246fae96d
ACC8cfa08ed33,PAY72d6246825
ACCc9cb9366d0,PAY91efd61489
ACCb899372db5,PAYb29f27e542
ACC045d0c2792,PAYc4667edc5
ACC045d0c2792,PAYcd37d946ac
ACC5fbe213dce,PAY0485f3ad7c
ACC5fbe213dce,PaY94a792cd16
ACC596513d459,PAY39bdbaf65f
ACCfa7afaf5c3,PAY4befcff89e
ACCb1d804325c,PAY9763e6aa0c
ACC9005585fd8,PAY43b7a802e6
ACC9005585fd8,PAY8f2fb1dbc0
ACC940719cf67,PAY3e40b1586c8
ACC66bd99e8a7,PAY1bfd631554
ACC5141e99833,PAYb7218f2021
ACC85fbe23618,PAY569fcfb6ba
ACC2b7fa127be,PAY6dfd46ebe6
ACC2b7fa127be,PAYa4f23116d5
ACCcde19a2910,PAY5e4a8c15bc
ACCcde19a2910,PAY21fc7bddd
ACCa60c4b3b26,PAYa1fcfcbda
ACC2f8c26233d,PAY2be9f086b0
ACC23c11ab2f2,PAYba9e96cbaa
ACC23c11ab2f2,PAY3ff67d2ed2
ACCb6ecf25b25,PAYdad1a446ba
ACCecc791f2bb,PAYla8703c5579
ACCecc791f2bb,PAYaa50305b92
ACCf0ab4fcb45,PAYcecbdc4693
ACCf0ab4fcb45,PAYde4e36ffc3c
ACCb233eedcea,PAYd4e65e728c
ACC52e733a4d5,PAYa68259e4bb
ACC544143f7c8,PAY3436a42019
ACC544143f7c8,PAYad05811fc9
ACCd59b8dcba5,PAYf03424e49a
ACCd59b8dcba5,PAY4049c849ab
ACC20427e5ea2,PAY39b65fe34a
ACC20427e5ea2,PAY1e36c020a0
ACC7629e5741a,PAYfxc7b08f370
ACC7629e5741a,PAdc2558ba73
ACCdcd8449ae7,PAY5178515c38
ACC9e7682856e,PAYa8353f093
ACC92f5d3cb45,PAYb46a4d9ec0
ACCdae45e04cf,PAY810df2bf19
ACC4c6ee72b20,PAYf5a6a8fbe6
ACC4c6ee72b20,PAYfbfa3a0dbb
ACC32f02ee6a0,PAY942811db8b
ACC672e19a88c,PAYbd729E7d60
ACC1cc26e09c7,PAY4525c3747d
ACC1cc26e09c7,PAY9d7a0d0b3e
ACCa29850e9a1,PAY788314822b
ACC26e87389c4,PAYCbf1f144ca
ACC6c83f796e5,PAY9785f24a1a
ACC78912b5fc0,PAY5e425c99d5
ACC8f26d3dd9d,PAY18cd28c248
ACC8f26d3dd9d,PAY32ea75314
ACCe49cdc5455,PAY3c1662a687d
ACCb1116a6190,PAY12b9cdfa9a
ACCea4becc7a6,PAYbaf1813f22
ACCea4becc7a6,PAY8ecE756bf8
ACC58c262367a,PAY4d95c49739
ACCf8346de41b,PAY990367993c
ACCf8346de41b,PAY33b499f9b
ACC25545332dd,PAYC714093aeb
ACC3e92f890ce,PAYfa186b0341
ACC3e92f890ce,PAYe403817054a
ACC1419dbe7ec,PAYa34d8a87e
ACC3e523ff5b2,PAYf8dbb01721
ACCca749b2cc3,PAY96d1293a20
ACC49dd582ad4,PAYb88bec0b8a
ACC49dd582ad4,PAY939d4ada32
ACC8d4fd25542,PAY07984a21d6
ACCb2a018fc32,PAY4f5d28f2e9
ACCa2c4dfb84d,PAYd9fa09e606
ACC2d40ee4c9a,PAYd280ec718e
ACC2d40ee4c9a,PAY55384ea878
ACCaa409b1763,PAY56ea29f175
ACC38b662fbd8,PAY7b4616cbc6
ACCc8c080b509,PAYc3ddc19498
ACCc8c080b509,PAY968ce965d3
ACCef0724188e,wPAY53c8d3477d
ACCef0724188e,PAYd203551ct78
ACCbdfe7b10c5,PAYa3e6a05a17
ACC3f37b81d69,PAY7548dcd11e
ACCfda50b6125,PAY8e297f56d
ACC011371c7d9,PAYd5e3de301b
ACC011371c7d9,PAYd33cf56137
ACC7fec18effe,PAY35140b78bc
ACC214773bf8d,PAYdebdaf27ee
ACCdb2c742174,PAY1eB85beedd
ACC0e840163fa,PAY1643ad879a
ACC0e840163fa,PAY690850995c
ACC842e4847a5,PAY782892845D
ACC5d2558472b,1PAYa5cd61f97f
ACC1e6f301bbd,PAYb2ef04cc6d
ACCe4238ec15c,PAYea10548eec
ACCe4238ec15c,PAYdc7c3b4828
ACC92ba6ca6c1,PAY2f1946b157
ACC92ba6ca6c1,PAY255813a536
ACC79bd79ec50,PAY8314a3c4cb
ACC7a91d093ff,PAYa111cf2356
ACC7a91d093ff,pAYbb4b4c3413
ACC7a0cb64651,PAYfa165159b1
ACCec84158e4f,PAY914e5c45d3
ACCec84158e4f,PAYed65421a4b
ACC47c017be7a,PAYedf4d71d9h7
ACC47c017be7a,PAY6d23fa7p537
ACCe0fc93ac48,PAYe586361db9
ACC5cd1f842bf,PAY77a8875131
ACC5cd1f842bf,PAY9ed6eeb6de
ACCb6ada1ec2d,PAY246be28d36
ACCa13560d861,PAY53e6c4f0e9
ACC4cd57e0df9,PAY9b996fccf3
ACC3110abde0d,PAY4e541442003
ACCadbaf942b4,PAY83d8562e16
ACC29704d70b6,PAY622773d95b
ACC29704d70b6,PAY51fbee54d7
ACC64cf5756e2,PAYc777a241e4
ACC64cf5756e2,PAY337ae4e3B5
ACC54809aa610,PAYd1a6824f72f
ACC54809aa610,PAYeb102e6387
ACC0bb9761949,PAY9071c6f2fec
ACC0bb9761949,PAY2e29f0e550
ACC34925b0b46,PAY42685b16c6
ACC47530878f2,PY4915b41f0f
ACC47530878f2,PAY35e64894f3
ACC508b8f07d2,PAYadce903adf
ACC508b8f07d2,PAY6fe8e3a120
ACC829dc9f92c,PY02fd26e8b2
ACC829dc9f92c,PAYd9c717b627
ACC14277e6fc4,PAY0677a09335
ACC14277e6fc4,PAY2edbe30841
ACC07e57da442,PAY5de5d82584
ACC2fb885c5ee,PAY427a3acd88
ACC2801440d1a,PAY3d40d2805a
ACC2801440d1a,PAYc7c476c7e5
ACCb214c7117d,PAYba50c2892e
ACC70c3403fe9,PAYd540f1a601
ACC70c3403fe9,PAYc16db4e48c5
ACCd9b95994bb,PAY549b634b8
ACCa2665eccb4,PAY0f30e6477b
ACCa2665eccb4,PAY684cdd5493
ACC9c5302d6c7,PAYfvb45eee40f
ACC9c5302d6c7,PAYf09b4e2225
ACCd8805936f0,PAYccv0c2c2fcb
ACCd8805936f0,PAYa5e71b2fad8
ACC321bfab73a,PAY481267f7ba
ACC4fd1bec30e,PAY09e456906a
ACC4fd1bec30e,PAY8bedc80be5
ACC7793e98943,PAY2ab3f2bc71
ACCff2f45e32f,PAY95a4b1d520
ACCc85b2b00f3,PAY6d689a508
ACCf263834faf,PAYebe94fc1d3
ACCfd046545f2,PAYb7eb4d0117
ACCd16c5a0353,PAYae0c599da3
ACC4dc147e17a,PAY123ba4cf2d
ACC465fedb4c4,PAY53ad182c84
ACC465fedb4c4,PAY3220ee2cl24
ACCe4d1d761e6,PA0Yb81e6bb372
ACCcd182ccc00,PAY423faf5b7
ACCcd182ccc00,PAY2fda73f32f
ACC6ca2a3c143,PAYbfcb6050c84
ACC5310ab15b4,PAYf197a4b262
ACC574b8a7028,PAY371f599d5b
ACCd613e9ed91,PAY7dab92cd15
ACCdecce29632,PAY2d7e42fbb
ACC218321c0f8,PAY18e638a238
ACCd1c0144ad1,PAY45ac7e96e6
ACC6ddbf783a6,PAy5ac9fbe929
ACC6ddbf783a6,PAY8f84383db3
ACC48235cd7ef,PAY912a75f743
ACC48235cd7ef,PAYc705e57bf6
ACC52929350d0,PAYd34d247e88
ACCb751f92467,PyAYf7bbfb7549
ACCeda16a776a,PAY76176bd0d2
ACCeda16a776a,PAYbec7ab7175
ACC971f49992d,PAya0ac614c0c
ACC971f49992d,PAsY1356e603b8
ACC31ac3bc7e6,PAY4630d298fc
ACC31ac3bc7e6,PAY0584aA46f7
ACC1363c1efe6,PAYff9b3c2c6d
ACC1363c1efe6,AYbc4fb74153
ACC714a50a614,PAY6chdc08953b
ACCbcfb4a9c18,PAYbcf4120b0a
ACCd0bbb328f9,PAYf38b24568te
ACCd0bbb328f9,PAY512400885
ACC90ab4837f3,PAY743acc4eca
ACCe41fa5c56a,APY9e2bff64da
ACCc7126411fc,PAY3f66801029
ACCc7126411fc,PAY80b4dea040
ACC65604bb101,PAY17b70f00d1
ACC65604bb101,PAY3fa5a152d
ACCa46a6c2865,PAY8028fff4c8
ACCaf60a7e9e9,PAY24933207e6
ACCaf60a7e9e9,PAYcf497c62ab
ACC9d426fbb84,PAY82ed15d809
ACC9d426fbb84,PAY491f5666f5
ACCf20f6e9d28,PAYfcea7cb38c
ACCf20f6e9d28,PAYbe08a604a
ACCda52ba1607,PAY554ec5c974
ACCda52ba1607,PAYcF69c73b97
ACC062ec273f8,PAY4fc8981df8
ACC062ec273f8,PAYdf460b1d40
ACCba2911dfb3,PAYd6f0fb4178
ACCba2911dfb3,PAY6c60422fee
ACCe0a0a72619,PAY466f0ebbcc
ACCe0a0a72619,PAY4bd4e3575b
ACCcb097410ea,PYA7b7e3a51c3
ACCe345bf162a,PAY9a905638a
ACCe345bf162a,PAYe7874c6352
ACC41794d1879,PAY9e64efb4fB
ACC41794d1879,PAYad2e976722
ACC7584e7805e,PAY04a2176873
ACC7584e7805e,PAY31726d0a34
ACC8c8329b19c,PAY199e89995
ACC44e1242db5,pAYd6c5095c93
ACC44e1242db5,PAYf4ee33262b
ACCeb206c6c51,PAY339c30b8c
ACC107e17d64f,PAY9cde533avf5
ACCdd8eeab80e,PAY6f9e74cd7f
ACC60ffb3614f,PAY6e49577349
ACC60ffb3614f,PAYd01fa03e71
ACCc9cd8fbdae,APY1a046947b9
ACCc9cd8fbdae,PAYbd8afd80f0
ACC9b0bb390ce,PAY21dff25575
ACC0f5acf793e,PAY01d50e2f69
ACCc0c583dbc3,PAY6499ec508d
ACCc0c583dbc3,PAY32bB748ef2
ACCe394f7a294,PAY07d4b1c5de
ACCbb00415956,PAYdd6b2e992b
ACC55e1c0ad19,PAY5147c3e03d
ACC55e1c0ad19,PAY3321c3f7ad
ACCa9455e5071,PAYf4f1d06304
ACCa9455e5071,PAY8b2a3450885
ACCce7b412fd1,PAY85757942da
ACCce7b412fd1,PAY4f3c9659a1
ACC1c0f40da40,PAY3233f8e7621
ACC1c0f40da40,PAYc04e02411a
ACCcd86f98d48,PAYby1958eb74d
ACCcd86f98d48,PAY50aebe3f84
ACC8c98480cf0,PAY391115565
ACCda9781410b,PAYcc271734ba
ACCda9781410b,PAY01a100e21a
ACC76ab12a225,PAYc4d79d8834
ACC196e3ffa00,PAY22a356860c
ACC3f45f6f74b,PAY8ce446c308
ACCd8f18b20c3,PAYa7c63d71de
ACCd8f18b20c3,PAY7ec52285ae
ACC00a320e535,PAY1619eadbea
ACC2e976eda6c,PAY3931a099181
ACC2e976eda6c,PAY197975b710
ACC4aab7cebf1,PYA34996358f9
ACC4aab7cebf1,PAY7l8729bb385
ACC6d3503bc76,PAY4fefbe146d
ACC6d3503bc76,PAYac388f6641
ACCd20c66e594,PAYce8a9f166f
ACCd20c66e594,PAY42061e4e568
ACCc7edd33326,PAY97cc281c0d
ACCc7edd33326,PAY31b0e663c
ACC4128cd65fc,PAYf6fd056dd1
ACCe36733316b,PAY3c6192f989
ACCcd45a77228,PAY27b2be1a3c
ACCcd45a77228,PAYe0578bd63c
ACCacd3b7540f,PAY82991b3b1
ACC10166c7f71,PAY4229c8daf
ACC57ed74f7a4,PAYe19ab63de4
ACCc7bbbcc4ec,PaY1a73e268b7
ACCc7bbbcc4ec,PAY1ebff36ff8
ACCd372e76bee,PAY9448e87e4a
ACC9c0f0814b2,PAY128a4eb5e7
ACC9c0f0814b2,PAY5548cb80f0
ACCa448003ce8,PAYd294112db8
ACC7e042046b6,PAY4a0c8d376
ACC7e042046b6,PAYb320208083
ACC38088676d8,PAY61d667f92a
ACC01d27eb35a,PAY43567eca3f
ACC22b1f49923,PAYu047055cede
ACCaf404575af,PAYc9e83cbde0
ACCaa150a8eae,PaYe602ff9530
ACCaa150a8eae,PAYf4f69154e8
ACCf60220c065,PAY450e9a4ef
ACCf60220c065,AYfe0d563e25
ACC47aef1ee6d,PAYd546aa2c41
ACC3d8d0b8145,PAY1k519f0cdba
ACCf5311a0ac5,PAY82f3e0284b
ACCf5311a0ac5,PAYafea96bc3c
ACCfb92286c2b,PAY195ba12913
ACCfb92286c2b,PAYcef436a430
ACC7f622b1317,PAYf2af61a839
ACC23eead84f8,PAY68538e1b03
ACCafb0de209a,PAY6ceb4d7637
ACC6d0fa123e5,PAY33b313de7e
ACCedf833e5ec,PAY2f84c68d21
ACC5cf8277944,PAYb4402937c
ACC5cf8277944,PAYe67dd8d53d
ACCdcd6795820,PAY7eb1ab40c5
ACC600e4ca859,PAY5799901966
ACC6795ae2b43,PAYc4bec5ab89
ACC6795ae2b43,PAYa21406e2a0
ACC2a23cea05b,PAY6a926b2c39
ACC2a23cea05b,PAYaddf15c902
ACCf354accc30,PAcY41877d4e5
ACC82936451f5,PAY8599f81e66
ACC82936451f5,PAYa5a3b7a8c18
ACC453cafe479,lPAY8f3c64f188
ACC453cafe479,PAY783aedf524
ACC2c7da992c1,PAY17b1105b3d
ACC14e9b81761,PAY3914df7445
ACCeb80019d5a,PAY0e12ec5ebc
ACC696f62340a,PAY016699f7d1
ACC696f62340a,PAYfba3d94ade
ACC4393bca260,PAY7aebacd95e
ACCa4c3aedc82,PAYc6644c27ee
ACCa4c3aedc82,PAY83b51a057c
ACCa12fe35d57,PAY36d6cbbad0
ACCf5a25d29bd,PAYbe4913cbf6
ACCf5a25d29bd,PAY26f3f1b54f
ACCd9fb494bd7,PAY600d587f9b
ACCd9fb494bd7,PAYe441b72c71
ACCd9ea782e3e,AY41bfee4662
ACCd9ea782e3e,APYcd67decc10
ACCff4630f32a,PAY6cp30d700c2
ACCced1eaafa5,PAY4f350283d6
ACCced1eaafa5,PAYccbf9d34a4
ACC7df5ebbdba,PAY088c69915f
ACC7df5ebbdba,PAY60a45c915c
ACC31e2f2dd2a,PAY5a4bc1344f
ACC7330c770da,PAYd68723431c
ACC7330c770da,PAYf8fa502ab8
ACCacc058cd2a,PAY81ce1f4c96
ACCacc058cd2a,PAY72530859d8
ACC44f95ab0c8,PAY8f53c4c6a3
ACC07658935a9,PAY93ca1b55c2
ACC8ea4fc637d,PAYadcc8a85f6
ACCfeea3d582c,PaY82666fddce
ACC4ae71fe806,PAYd20738l1ec9
ACC363e662fba,PAY3ag6a718ed8
ACC4b8e61087d,PAYd9c1f56eaf
ACCe2f7db4243,PAY6ac48ecfaa
ACCe2f7db4243,PAY91f9542f71
ACC9d818ae00b,PAY8744737d97
ACC9d818ae00b,PAYafe18dfl73e
ACC165e4a144d,PAY940ff694ed
ACC3cb19491b5,PAY6fe8909bbf
ACC9614cb7304,PAY41a866082a
ACC9614cb7304,PAYe5b8c494d2
ACC67177f6597,PAYfa84a6a7f0
ACC67177f6597,PAY73848bebce
ACC707acbe7cf,PAY8ee69330ba
ACC707acbe7cf,PAY62a25a2643
ACC687c14a791,PAY11d63b05b4
ACC687c14a791,PAY552eaf348a
ACCc38439ccd4,PAY1f9e19c60e
ACC5ae24aa60b,PAYa44a1a4eed
ACC2ba77dd634,PAYea461022ac
ACC2ba77dd634,PAY1bcf291336
ACC7989719e3a,PAY9984e00db0
ACC7989719e3a,PAY514f34241c8
ACC5bccde4745,PAY16134bb57
ACC5bccde4745,PAYdc34f9c67d
ACC0bb9dc0fb1,PAYb68ad421d3
ACC0bb9dc0fb1,PAY719cb01403
ACCcf202aeed8,PAY3256b2d639
ACCcf202aeed8,PAYedb4483c1
ACC354647312b,PAY6573eaa565
ACC354647312b,PAY3815fc510
ACC46a493d57b,PAY892bf1e84
ACC46a493d57b,PAYe50cef276c
ACCcc0e68f49a,PAY07356b4cc1
ACCcc0e68f49a,PAY5b2a8d649
ACC28027579f0,PAYfc7a287d5e
ACC28027579f0,PAY7d5of2911dc
ACC5365c9fadb,PAYe7b626818b
ACC5365c9fadb,PAY0d7650C0ba
ACC4e341bb96c,PAYc742416220
ACC4e341bb96c,PAY17a61bb5f
ACC2f6c622e1f,PAYfa4fb072d5a
ACC2f6c622e1f,APYd938450eaa
ACCe8cee3a93d,PAYf861a8Aa11
ACCe8cee3a93d,PAY3536a7e8c1
ACC9bbf31bc75,PAY901d32df11
ACC9e22d55f81,PAYd2f23382a44
ACC595077afd4,PAY68cfda9c32
ACCc5e1537dd2,PAY6149960adka
ACCc5e1537dd2,PAY1c33f88bf
ACC6bbab9076a,PAY3444253da7
ACC5e4db99649,PAY7d4fdc3d95
ACC5e4db99649,PAYba2f9815e0
ACCb6e2de9706,PAY20bce3114
ACCb6e2de9706,PAY3dc5e5970c
ACC9b6b0080fb,PAYfe352c3f28
ACC9b6b0080fb,PAYd94b43d346
ACCce92318642,PpAYcd2a1e5067
ACC30ead4c6c5,PAY04018f9656
ACC90ba0c1abc,PAY61c6dfb5c9b
ACC90ba0c1abc,PAY4aaf34ca80
ACC4439a1a6e6,PAY27f0f15bfe
ACC70fbd0dcb2,PAYdf33d0f2d7
ACC6443d96d88,PAYe142c42ebe
ACC6443d96d88,PAYfac632be1
ACC5b457c8186,PAY39ae5D0ec5
ACC5435f6f545,PAY415bf88253
ACC970b8d3167,PAY7a8d5760c
ACCe6f9a3ae6f,PAY2dac734e76
ACC5fdc5fbb52,PAYe76116785c
ACCa3a130169a,PAYadf97b7e6d
ACCa3a130169a,PAYb499defcc3
ACCb27d204ff1,PAYfc5ed837b1
ACCf364e0b255,PAYacd262124c
ACCf364e0b255,PAY80b9bec280
ACC04150c3135,PAY38c4903085
ACC8c38aa7a09,PAY3536f0c63e
ACC3f64948ac0,PAY3f3a2p3ac81
ACC3f64948ac0,PAyf9ef883165
ACCe5f09efdc6,PAYe663642de9
ACCedd3f958ca,PAY6cdfa63889f
ACCed1f373bc0,PAY4c3f7e13ed
ACCed1f373bc0,PAYf387e01f66
ACCb7485dae0f,PAYcef8165fea
ACCac1f95d046,PAY390ef6e480
ACC84f37b7067,PAY4aade08fa3
ACC0ac6b5d03a,PAYfbc539aa06
ACCca9b164c87,PAY817cd70083
ACC454aeea2ae,PAYdb2f8c0ea8
ACC23a7974906,PAYc61b69af8e
ACCe848708da0,PAY84ff1ea25a
ACCb49c5347e9,PAYa911339ec6
ACCde3f7d678b,PAYfc79d8d21d
ACC833eb84c7b,PAYa639e1b661
ACC1b0d40d986,PAY47a0f5d9ef
ACC951e0507bd,PAY11e1e9aa7a
ACCaae011b85a,PAYfe850e10ef
ACC4aff5383e7,PAYe1d3071135
ACCaad6a95b96,PAYe208df75ec
ACC62d0599a04,PAY3ae8a29cd9
ACCfb8df27fcb,PAYd9872477f5
ACCfb8df27fcb,PAYfe848cf62e
ACC1c42a84618,PAYa0da85749
ACC155e3095f2,AY02b2c3b5a5
ACC0c7459b97a,PAY459f70f87f
ACC86430233ff,PAY30ba578c0
ACC47cf74ff96,PAY5f8d8aac10
ACC2b729e1e1d,PAY4a1dc9d6c7
ACC2b729e1e1d,PAYbe1afe01ad
ACC08d39487e8,PAY72aee548a9
ACC08d39487e8,PAYb2f6d32b4e
ACCe6350bb2bb,PAY650cd50728
ACCcc7b6dc575,PAYa08de01a81
ACC9278de57b6,PAYfc5e81f5ce
ACCb576c085a6,PAYf39befc43d
ACCb576c085a6,PAYcf7ac8957a
ACCc8d9859d44,PAY870722ccc0
ACCc8d9859d44,PAY0acb2f8ca8
ACCd1360fe492,PAY678bdccadb4
ACC9bad6f9fca,PAY82l4715084c
ACC9bad6f9fca,PAy44b7f855bb
ACC65a4b80ca8,PAYd93cc76591
ACC65a4b80ca8,AY98209b8445
ACC95db89e9a3,PAY42fe6a7d0ae
ACC8e0f73ca2e,PAYb238012da1
ACC8e0f73ca2e,PAY99420d0fb4
ACC43170805ce,PAY00e53299ec
ACC3033b27acb,PAYb4d77a2227
ACC3033b27acb,PAYaa6d13A7d4
ACCfb267c4791,PAYc89a47e6f7
ACCfb267c4791,PAY635a99c27f
ACC0b7b044a3e,PAY820Dab0e62
ACC0b7b044a3e,PAYfe17f2a78c
ACCb7f5d9bf21,AYc07f667103
ACCb7f5d9bf21,PAY540709c976
ACCc54dff61a0,PAY235052706c
ACC657d382b67,PAY28b3411682
ACCd411bdf338,PAY4858640910
ACCd411bdf338,PAY3c2274fd50
ACCe25dda8495,PAY067a942007
ACC55ab014273,PAYc9a254539f
ACCd9ef3d7c7d,PAYd582e7bb48
ACCd9ef3d7c7d,PAY443fce80b3
ACC7d92146347,PAYee66cf9258
ACC7d92146347,PAYbe3c91870
ACC0c88934445,PAY7880b07f76
ACC0c88934445,PAYc911598976
ACC2adcd93d21,PAYa9294d0f9
ACC2adcd93d21,PAY2566d79878
ACC20d72bb4dd,PAY4a005eafbb
ACCc1404cdb92,0PAY3f1e4a681b
ACCbccbc5ab6a,PAYa24a1d8f9d
ACC698149f5f4,PAY65b8dcad8c
ACC698149f5f4,PAY928d2ad788
ACCe3b000781a,PAY232e3f4d5b
ACC17f4b7e18c,PAYda3d13446a
ACC17f4b7e18c,PAY52b95535a6
ACCf88f278b6d,PAY4b6bf9b9b2
ACC0484fd800c,PAYfd67e12544
ACC0484fd800c,PAYe61c217b14
ACC51d0d85f85,PAYec97d3744c
ACC51d0d85f85,PAY8f1a19a46f
ACC0ce7501887,PAY23eeec2194
ACCf578639bcf,PAY9b8f75e20d
ACC4e553b7a93,PAYdaf935b08e
ACCe42baec0a6,PAYd4e67c13b4
ACCe42baec0a6,PAY3edb8ad74d
ACCf1e28b6fee,AY58c2a18d25
ACC0d0c7bbd72,PAYe955e3dc5
ACC0d0c7bbd72,PAY1543C54ea4
ACC4fbcd9f00b,PAYcdb65a0c60
ACC4fbcd9f00b,PAyc3dc60659a
ACC01874ed6ec,PAY8b73f7dcf3
ACCb6f224b257,PAYb8c93dde39
ACC4377455852,PAYf64e3dfe89
ACC3b948eb1e8,PAYFee2412415
ACC3b948eb1e8,PAY9c7db16eb2
ACC6c449e62ac,PAYbf0d87846
ACCf29ec8133b,PAYb16c1e49ee
ACCedb8429f4c,PAYd1d617703
ACC10da90d79b,PAY09dc7645d
ACCe141e5b5bd,PAYa1cBd9cb49
ACCe141e5b5bd,PAYec7493e425
ACCaaf76199ae,PAY1a4865f039
ACCaaf76199ae,PAY4e6a3d7b2d
ACCc32ea03fee,PAY25b81b2abe
ACCc32ea03fee,PAYaf343b2f8b
ACC035d7d0cc5,PAY094e371de4
ACC5f1e122e0e,PAYda4027b515
ACC5f1e122e0e,PAYf865179cbb
ACC9de7b206ee,PeAY7840c6983a
ACC41b2d99626,PAY835b609cf3
ACC2ff047cf0b,PAY9382abf164
ACC4788996b5c,PAYfc4782b000
ACC97b3e91c76,PAYaaa38cf7db
ACC97b3e91c76,PAY541a4171b0
ACCbc59264c36,PAYa2ac966a66
ACCeba12ca2e1,PAYcec59d10eb
ACCeba12ca2e1,PAY26477f5404
ACC06d7a66dc0,PAY7f46341ac6
ACC06d7a66dc0,PAY34b36cbbc2
ACCd916dbb28d,PAY6657f3849d
ACCd66e1e1abe,PAY55257c34bb
ACCd66e1e1abe,PAYbf337fcd31
ACCa0e86352b3,PAf15dbf8f1d
ACCa0e86352b3,PAY2c3c7a9275
ACCa19722291f,PAY93b4b484a3
ACCff72099ed3,PAY4e217c2c31
ACCff72099ed3,PAY1fd0cd362
ACC89dcf953f2,PAY1168d2fce2
ACC89dcf953f2,6PAY27ac61a28e
ACCb91fde3588,PAYe215c9e51f
ACCb91fde3588,PAYcb9708f152
ACCabb567a537,PAY66b749b68f
ACCabb567a537,PAY1187be17c9
ACC4467e67f9f,AYeb40123c0d
ACC4467e67f9f,PAY7c6dfc735
ACCc4d9a1f1b7,PAYa52fb3230f
ACCc4d9a1f1b7,PAY33a44d7371
ACC920ded10a5,PAYed923512a3
ACC920ded10a5,PAY52823c237
ACC2cfdf27fdb,PAYbd16ec758b
ACC2cfdf27fdb,PAY4b02c95eb2
ACC6599057de0,PAY0579f98e8
ACCb590f921bd,PAY1e05m62a1e3
ACC089d8ed6eb,PAYc836d0ad56
ACC089d8ed6eb,PAYbb56a33442
ACCbb5e6145d9,PAYd2dbc0f901
ACC58eba62a47,PAY0365bd29c2f
ACC58eba62a47,PAYa1860fe8aac
ACCc5a1bfaa43,PAYeaac9fbd86
ACCc5a1bfaa43,AY526ad74478
ACC15239ed45f,PAYf73e1fa42b
ACC4f24d6b882,PAYb7adf34a50
ACC4f24d6b882,PAYa1b23934b0
ACC9ee5ea66b7,PAY7831337cdc
ACC9ee5ea66b7,PAYad57zc8a5d4
ACCfdbea64867,PAY9645ee0a19
ACC9d872d9f42,PAY2168d0747ae
ACC7b8344773c,PAY15e8ebdee4
ACCc53f97e49b,PYa8c33ca018
ACCc53f97e49b,PAY3ab98f8D23
ACC46e4ca7c9f,PAY1c077aca28
ACC10250d65cb,PAY0207d12186
ACC54de66b840,PAY02f41f7e9d
ACC54de66b840,PAY681fb57365
ACC498468bb04,PAYc3bb1bb237
ACC498468bb04,PAY9c5a70c59b
ACC97e54fcb09,PAY39f62d74ee
ACCb8caaf6ea3,PAYd5bb6d48bba
ACCf84d18b5b4,PAY05e7dd9aa6
ACC62a606c141,PAY21c3241066
ACC62a606c141,PAYd6c5ae77d0
ACCc4fcb7f63b,PAY3b98e6eeaf
ACCc4fcb7f63b,PAY398b3e5930
ACC6a74063cc4,PAYc0c2938d6b
ACC6a74063cc4,PAY56e318d493
ACC839f12eb92,PAY4165a74ef8
ACCfb703523ee,PAY8772f0cfa06
ACCfb703523ee,PAYc3284d53Fa
ACC8ce5b9a4f6,PAY2decd1e343
ACC8ce5b9a4f6,APY872c562ead
ACC5d1dda8005,ePAY49174f75ff
ACC5d1dda8005,PAY4da75db741
ACCccb7f00fdc,PAYe74f2e812f
ACCccb7f00fdc,PAYbb7b75d23a
ACC0f744df11e,PAY4135da4c9
ACC76065ee8c6,PAYe8f83e6f26
ACC76065ee8c6,PY4cb5c9fdea
ACC41ccbd9256,PAY48d0279712
ACC07f02e7051,PwAY6d8ddbe35c
ACC62b03f2f92,PAY2ed59676rf0
ACCc8f357ac35,PAYa643c71a7
ACCff22c03572,PAY170abcfaea
ACC5bdc832feb,PAY7fe0d34c71
ACC5bdc832feb,PAY43429f668
ACC9bb61e87ce,PAYa4d6d75d69
ACC9bb61e87ce,PAY99b542aa56
ACCa9a77b94e6,PAY2859bf63c
ACC4c3c3ffb2e,PAY21b92cef97
ACC9a1906600c,PAYb1ad223ed6
ACC9a1906600c,PAYa7fded96f5
ACC1d6a04a06e,PAYfe475434b1
ACC1d6a04a06e,PAY3183c73f03
ACCe97e1d1992,PAYcb752ac8ae
ACCaf0ba91e53,PAY25b337f60f
ACC082e21947a,PAY2dc4948258
ACCf5491ec701,PAYd428360e43
ACCd1be3be723,PAYd428360e43
ACCa862095942,PAYd428360e43
ACC52202c37af,PAYd428360e43
ACCd0ae6c67cf,PAYa7ffbed61b
ACCc783cfba11,PAYa7ffbed61b
ACC9bbf31bc75,PAYa7ffbed61b
ACC78efe1855a,PAY94a79cee76
ACCcd36ad86ec,PAY94a79cee76
ACC060860c132,PAY94a79cee76
ACC1e855dd22b,PAYae741f3e5
ACCac5eef2533,PAY2ae741F3e5
ACCd550d2a6da,PAYCed225a646
ACC96353b34d2,PAYced225a646
ACC2222da0fad,PAYffdd35689c
ACCc7ff68b58f,PAYfdfd35689c
ACCf94a88161f,PAYfdfd35689c
ACCfaa8f6876c,PAYc6b3fa64a
ACC047d734c83,PAYc6b3fa64ba
ACC4f1222cedb,PAYc6b3fa64ba
ACCd46d5cb328,PYA8ea1b77ea3
ACC9159f33af6,PfAY8ea1b77ea3
ACCd540fb4d98,PAYd3e9886760
ACC236f11a580,PAYd3e9886760
ACC3175910924,PAYd3e9886760
ACCd2419b62e3,PA6Y02df6daad
ACC2c3da2fb3e,PAY602df6daad
ACC227796cd62,AYfc12587e5d
ACC3823249a6a,PAYfc12587e5d
ACCaf514f184b,PAYfc12587e5d
ACCf090706e21,PAY96dddb6660
ACC3d80d34414,PAY96dddb6660
ACC9d7122995e,PAY96dddb6660
ACC3e263fa11f,PAY96dddb6660
ACC84f37b7067,PAY937f68acf
ACC7a320cab51,PAY937f68accf
ACC0c0af55d7e,APY937f68accf
ACCed455dac5c,PAY66266b0c7a
ACC9f406e595b,PAY6666b0c7a
ACC086603305e,PAY3806f0044e
ACC81b2626052,PAY3806uf0044e
ACC4df82c2cf8,PAY3806f0044e
ACC11c2f3fabb,PAY3ace70cdac
ACC41b9e83fc4,PAY3ace70cdac
ACCa8280ec3f7,PAY3ace70cdac
ACC44b791a2e2,PAYa443c0798e
ACC814a477ed0,PAY4a43c0798e
ACCb48aae310b,PAY091bfb9297
ACCcb64d06965,PAY091bfb9297
ACC2a0e8e2bc3,PAYd08ae04bb3
ACC49efa2d7d3,PAYd08a04bb3
ACCe93f609ed7,PAY3b8ac63d49
ACCf9de27226d,PAY1bd8fe127f
ACCd744bed94c,PAYd08ae04bb3
ACC2f942bfab8,PAY37473db6fc
ACCba7ae532c8,PAY37473db6fc
ACC480448acc2,PAY37473db6fc
ACCfa40233d49,PAY4a1a93d15f
ACCbf57ee2c22,PAYc02a2376b7
ACC7a44eb80c8,PAY37473db6fc
ACCb933b936ca,PAYd08ae04bb3
ACC0519085b5d,PAYd08ae04bb3
ACCdb8d16c922,PAY0b5b93d09f
ACC7c5ad168d3,PAY34773db6fc
ACCd04a59b504,PAY37473db6fc
ACCde5166065e,PAY37437db6fc
ACC03d7c01335,PAYa5dfc857128
ACC2dbdf555fa,PAY1d28e438f4
ACCa745770e8e,PAY37473db6fc
ACCa53fee4574,PAYds08ae04bb3
ACC09d9045756,PAYqd08ae04bb3
ACCc7e1870e32,PAYd08ae04bb3
ACCde124bdc35,PAY50d18432aa
ACC7dcd6484ac,PAYd08ae04bb3
ACCa5be6d3298,PAY2f24280dc9
ACC32edf7b6f1,PAY47663f22dc
ACC56bcbaf0c3,PAY37473db6fc
ACC7df0e52850,PAY37473db6fc
ACC2d48b60f88,PAYe884d9962d
ACCd0de19e9a7,PAY9d08ae04bb3
ACC75f2dc0ae8,PAY81a00747b
ACCb5e57580a7,PAYd08ae0a4bb3
ACCefa86511e8,PAYd08ae04bb3
ACC0668297e72,PAY4a19ac6600
ACC991062371f,PAY88a86f3ed
ACC3c1bbbf61e,PAY4a19ac6600
ACCb93c64d493,PAY8ad30c844e
ACCdc73b5fc11,PAY6cba553ed5
ACCa6f9b8303c,P9AY88a86f33ed
ACCd84b2c3110,PAYbed0e90f58
ACC609315dfa9,PAY8ad30c844e
ACC3654a5cee6,PAY88a86f33ed
ACC761f08a7b0,PAY4a19ac600
ACCa8939ecbfb,PA8Y8a86f33ed
ACC3a676deb6f,PAY4a19ac6600
ACCd795d8248d,PAYfec345e5d9
ACC7f333d7713,PAY1931c3af2r0
ACC41a00a52db,PAY433f5260d0
ACCd2249eaa5d,PAY88a8f33ed
ACCabed822004,PAb9d1e9d085
ACCe8223777e1,PAYc1b798cc42
ACC2e7d976094,PAY8ad30c844e
ACCe4699a2872,PAY4a19ac6600
ACC16a2bbb3e7,PAY8ad30c844e
ACC0e7a57a9e7,PAYc065f66c27
ACC599b719817,PAY8ad30c844e
ACC558a5a44dc,PAY4a19ac6600
ACCf25b87c286,PAY8ad30c844e
ACCd8ac06daf9,PA8ad30c844e
ACC8d3a85e2a8,PAY22814e5431
ACC2ff83a8c0a,PAY88a86f33ed
ACC2db82f715e,PAY0b93178fe3
ACC244826e9ca,PaYe433ad0b8f
ACC315c53ea14,PA4a19ac6600
ACCc1185eabf5,PAY64385c4507
ACCe915107280,PAY8ad30c844e
ACC4950f77839,PAY99a9e64978
ACCa3d09d716f,PAY4489d94736
ACC0c0c51c4f7,PAYc8ad30c844e
ACC386426a5f7,PAY6566v924340
ACC48ac3e7e15,PAY88a86f33ed
ACCa25f9bccda,PAY8l8a86f33ed
ACCba7124da70,PAY88a86f33ed
ACCaa53b5d017,PAY3af773fb63
ACCbeffd1009f,PAY13b635bea1
ACC045f96fece,PAY3af773fb63
ACC16cddb505c,PAY7d9835f7be
ACCea2cd0c51d,PAYcd28e756fd
ACCd78599a975,PAY2b91c2c0d1
ACC2983c3125d,PAYdb75dg60e5e
ACC7912b489b3,PAYcd28e756fd
ACCbc2b381a65,PAY7d983f7be
ACCa2cd2e4f26,PAY92592596a5
ACC3dfcd9771a,PAYd14ec7f79d
ACC01de351c1b,PAY91a91f7921
ACC68326b91ca,PAYcd28e75fd
ACC772e6c9974,PAY3af773fb63
ACCfcd04bd3f4,PAYb19499af1b
ACC258d614c8a,PAY7d9835f7be
ACC8461bee23f,PAYc95aa844a7
ACC7608b645f9,PAY7c72c04410
ACCdebc9df961,PAY3af773fb63
ACCe68bb21ef9,PAY74d9835f7be
ACC7573eea0fc,PAY9839493e24
ACC3ccfd01963,PAYcd28e75f6d
ACC73881db8ef,PAY9412241c16
ACCb3ab1eeed7,PAYc2d8e756fd
ACCf5a17ad69a,PAYcd28e756fd
ACC0193fe6417,PAY7d983f7be
ACCe459757fe8,PAY5bfd3b919d
ACC102a00c8f4,PAY5bfd3b919d
ACCbaae5de4a8,PAqY5bfd3b919d
ACC3bff9aac02,PAY30b82a1756
ACCae46c1f730,PAY5bfd3b919d
ACCedff529bb6,AY67ebe6cca3
ACC002c4d73bf,PAY4f120f6688
ACC6b8de6e8c7,PAcY5bfd3b919d
ACC353a719342,PAY5Bfd3b919d
ACC4767c33c71,PAY4f120f6688
ACCe25b418ecb,PAY30b82a1756
ACCfba43b7abf,APY5bfd3b919d
ACC2897315e17,PAY30b82a1756
ACC544bac0999,PAY4f120f668
ACC878ffbbb7c,PAY5bfd3b919d
ACCa565b337d2,PAY5bfd3b919d
ACC4ab3b95ffa,PAYe11df9cff1f
ACC250365dfcb,PAYd563920894
ACC2eef5aa500,PAYbf0dc6b473
ACC69c697ac55,PAYbf0dc6473
ACC9a053bb0ad,PAY04957711b2
ACC508a582a32,PAY18a7479ff4
ACCc72abb1955,PAY18a74796ff4
ACC0f12aa6301,PAY18a7479ff4
ACCd4819cf942,PAYaef2536543
ACC1c7e84c780,PAY41e0746ff3
ACC0fb1e95149,PAY18a7479ff4
ACC3b50a5b8df,PAYdcb747f23a
ACCa038fa26bc,PAYk40957711b2
ACC3dd6167892,PAY4097711b2
ACCb697167e12,PAY40957711B2
ACCdd2f7655ca,PAY336906b2a0
ACC43e27785dc,PAY18a7479ff4
ACCbd601575bf,PAy40957711b2
ACC2b9a690426,PAY18a47479ff4
ACC58081c5c4b,PAY187a479ff4
ACCc2e262268c,PAYb4f18476e2
ACC6f5ab9af5a,PAY40957711b2
ACC40fe817b5c,PAY40957171b2
ACC0887ceab5a,PAYb5091eb018
ACC8f999ab71e,PAYb0591eb018
ACC342fb30c6b,PAYfcf9a331ef
ACC8ae4587ece,PAYb42bdbdbb7
ACC006b9f76ef,PAYb44d0ddg8eb
ACCe59b9dc0ae,PAY736bdd7d09
ACC36dc9c6ae3,PAYb030f98139
ACC6bab02cf8b,PAYb5091eb018
ACCa85c992a49,PAYd5fe25a2ad
ACCfd84226ef8,PAYb030f98139
ACC7e52fb5085,PAYec218ea355
ACC1cefc188fc,pAY722e22e632
ACCe45f05a8e4,PAYca449bCfcb
ACC789693a0b9,PAYca4649bcfcb
ACC7a06a1ac9c,pAY229019a426
ACC69868755a7,PAYca449bcfcb
ACC2aa3feb6b2,PAYca449cbfcb
ACC72d79bb9f0,PAY952a12992c
ACC7f53b9c1c2,PAY722e22e632
ACC8b091be220,PAYcA449bcfcb
ACC11ed03030d,PAYca449bcf7cb
ACCd03d5538c3,PAY886dbd0b30
ACCe2f1753015,PAYda8922ec5f
ACC00dea83a24,PAYc894951611
ACC63dd0a9f30,PAYa8d6666b08
ACCc0cb714099,PAY7bd6f43149
ACC8af64c1ee4,PAY7bd6f43149
ACCf5b44364a9,PAYda8922ec5f
ACCa5606e4b5f,PAY3cdbe11392
ACC396e2d0f4b,PAYda8922ec5f
ACC0638862c47,PAYa8d6666b08
ACC41458f9cc7,PAYbd6f43149
ACCfd9da5e996,PAY7bd6f4149
ACC998b39de11,PAYa8d6666b08
ACC20deaf6927,PyAY6ac85e0f32
ACC4a95147ae0,PAYa8d6666b08
ACCa02cf720b6,PAY7bd6f43149
ACC9afe878b31,PAY7bd6f43149
ACC7474568ff1,PAYda8922ec5f
ACCd22a4babfc,PAY7f2a37d3f9
ACC67333115fb,PAY7bd6f43149
ACC7aee8de850,PAY7bd6f43149
ACC2c9610ba9a,PAYa8d6666b08
ACCee7c0ee431,PAY7bd6f43149
ACC56f425bbdf,PAY61400594cf7
ACC92db27d414,PAYda8922ec5f
ACC06bc86dec2,PAY7bd6f43149
ACC77adf0393d,PAYbd098a4976
ACC6861ca6caf,PAY89afd9a3b8
ACC0f7b87a4cb,PAYbd098a4976
ACC00fc85ef4b,PAYbd098a4976
ACC369ba14d42,PAYbd098a4976
ACCae1d317e0e,PAYef1727777a
ACC88ed72b735,PAY5839367b7f
ACC078d0674f4,PAYef61727777a
ACC8ab8a539ab,PAY5839367b7f
ACCae527dbcdb,PAYff92cfa0c0
ACC42e0c4f5cc,PAY58393677bf
ACCad674b2252,APYef1727777a
ACCb4131cf34e,PAY5839367b7f
ACCadf47a5231,PAYef1727777a
ACC9e58807b9b,PAYef1727777a
ACCc704de558e,PAYef1727777a
ACC3860fac3f3,PAYef1727777a
ACC2ef2a87588,PAY5839367b7f
ACCc963b4c166,PAY11f94b743
ACC054310280d,APY871142a97c
ACC68ea207546,PAYb871142a97c
ACCdcbfeaf8d8,PAY56a71f93b
ACC6f5d727988,PAY871142a97c
ACC5da48c2f70,PAYdecf1687f2
ACCebe0564f4c,PAY871142a97c
ACC7a70be4a34,PAY9ed44975cb
ACC112356fb5a,PAYdaedada0D0
ACCb450705466,PAY18e146cf18
ACC71da6e3370,PAY1ed7s54cc19
ACC682a1e8195,PAY18e146cf18
ACC07829706c1,PAY871142a97c
ACC321fd75cbe,PAY871142a97c
ACC059afe1012,PAY871142a97c
ACC5a724dadf2,PAYdaedada0d0
ACCbe44fa66b5,PAY209bce0a7d
ACCfda6703133,PAYdaedada0d0
ACC0031fbf550,PAY871142a97c
ACC59a6103f36,PAY5f33939dfc
ACC7a20a4d4ba,PAY871142a97c
ACCa7be3188e2,PAYdaedada0d0
ACC26fa17f982,PAY27f62e39t04
ACC23fb071a4c,PAY18e146cf18
ACC113a2545ca,PAY871142A97c
ACCe9cc9608c8,PAY18e146cf18
ACC0b15106fd8,PAY18e146cf18
ACCaf684eb74f,PAY871142a97c
ACCf1ebe5a7eb,PYdaedada0d0
ACCb849a916fd,zPAY18e146cf18
ACC8bed855833,PAY871142a97c
ACC3f2061017f,PAY2d32e1f60a
ACC058dbb6860,PAY95d1f413a8
ACC1b8fe0110c,PAYd565d705b3
ACCd38ce19db7,PAY5d2366ab31
ACCf64140ba2a,PAYd52366ab31
ACC90b9f7c4cd,PAYd52366ab31
ACC61b9924a15,PAY0bf7a50922
ACC1fed97bc67,PAY326a5f94e
ACCd27cecfcce,PAY95d1f413a8
ACCe07e843633,PAY95d1f413a8
ACC48723662b4,PAYa9f49bfB6c
ACCc74d4d7d12,APY326aa5f94e
ACC926e803bf6,PAY326aa5f94e
ACC29e03baa17,PAY326aaf594e
ACCc7d2d14eac,PAY5ae1fd3380
ACC3ff1cfacb7,PAYd5236ab31
ACC50bb8a1051,PAYd52366ab31
ACC8c361a6ccb,PAY326aa5f94e
ACCb9d9288f6f,PAY95d1f413a8
ACC2b273908f1,PAY326aa5f94e
ACC4a3e5b60f1,PAY355fb9c3e0
ACCea5200ccf4,PAY326aa5f94e
ACC4f7dd63876,PAY12032b115d
ACCd6d3bba875,PAY326aa5f94e
ACC52bb6aafa4,PAY7e5f0A9c26
ACC920315021f,PAYd52366ab31
ACC96c1825c89,PAY326aa5f94e
ACC974b8bc1c6,PAY326aa5f94e
ACC1cbd4836f5,PAYd52366ab31
ACCa1ec513579,PAY326aa5f94e
ACC8ea98219c5,PAY95d1f413a8
ACCf2dae56584,PAYd503c4fb4d
ACC061db18684,PAYa26d3e6a16
ACC7582102b63,PAYbebffb433b
ACCe20a10f135,PAYfa5663ba0
ACCf9e4d39a5a,PAdY503c4fb4d
ACCecfaabff82,PAYe629ef8dc5
ACC384a9c23ca,PAYd50c34fb4d
ACC6c60dbc516,PA0Ydeb6137e7
ACC8710d1c417,PAYd503c4fb4d
ACCc0b1a78ef1,PAbY0deb6137e7
ACC536a3cd43e,PAY0deb6137e7
ACCeb5ecd87e0,AY962728b441
ACCf2809b481a,PAyb3d0eb3bce
ACC6ce2150f3e,PAY5a6af35d75
ACC7721613619,PAYd503c4fb4d
ACC151d5bb403,rPAY6d9a8c10a6
ACCef51d47cba,PAYd503c4fb4d
ACC52610f8d95,PAYbebffb433b
ACC40e6e755fe,PAY0d9aa67822
ACCc0266913e0,PAYd503c4fb4d
ACC4ac7ea1bb4,PAYd503c4fb4d
ACCb8160717f7,PAlYbebffb433b
ACC473a1c41b4,PAY64135549e
ACC3c1cb7478e,PAYbebffb433b
ACC0eaee4f999,PAY0deb6137e7
ACCe674adaeae,PAYbebfFb433b
ACCbe3b1bacf1,PAY0deb6137e7
ACCb89bfbf618,PAYbeBffb433b
ACCaf3f79582d,PAYbebffb433b
ACC1f237cd1bb,PAYbebffb433b
ACC29f85911ff,PAY85d89ecb2f
ACC21a0822c9c,AYb8d5c73563
ACC7dba25c4bc,AY85d89ecb2f
ACCf95fd67b3f,PAY85d89ecb2f
ACC80ed02bf3c,PAY85d89ecb2f
ACCcc3def8ac2,PAYb8d5c73563
ACC80e84dc87e,PAY33d228b37c
ACC6f6ca54798,PAY85d89ecb2f
ACC223c955fef,PAYb8d5c73563
ACCcb274f14dc,PAYb8d5c73563
ACC9b752b22a3,PAy85d89ecb2f
ACC8325aaf47d,PAY8befb969d1
ACC9f1793e9cb,PAYb8d5c73563
ACC021c1d8bae,PAY85d89ecb2f
ACCbda4763b92,PAY85d89ecb2f
ACC4925eed71f,PAY75ddf04098
ACC39e7171b47,PAYb8d5c73563
ACC5855bc6c2a,PAY85d89ecb2f
ACC7113807a98,PAY15265cf4ae
ACC635269055c,PAY85d89ecb2f
ACCd175342ec8,PAYb8ad5c73563
ACC3624250f02,PAY349ffb461a
ACC75a757658a,PAYb8dc73563
ACC474d9374e7,PAY52632a76f6
ACC355de85f1f,PAY85d89ecb2f
ACC569b48b0fc,PAY85d89ecb2f
ACC7a9923ae2b,PA85d89ecb2f
ACC772db0d5a3,PAYb8d5c73563
ACC3e8dc13e5a,PAY85d89ecb2f
ACC454dec4e01,PAYf6144f9188
ACCe3e9244c31,PAYb8d5c73563
ACC21e01369b3,PAY4defe2cb76
ACCe42bbe1c26,PAY3c944505b7
ACCae468682c9,PAYf8883f476
ACC88295e6c8a,PAYbe7361df7d
ACCc7723974c7,PAY16f6525160
ACCf5efde77e7,PAY120f31bc84
ACCa7beeff945,PAY14e2bcbcai8
ACC9e0f5499e1,PAY120f31bc84
ACCe14f392564,PAY9be545853c
ACC8920c4fd16,PAY371b9bb6eb
ACC6fe059b01e,PAYe155941604
ACC58b26af88e,PAY8fdaae9334
ACC449e0e0b0e,PAYc3aebf5f7d
ACCa006e754d9,PAY120f31bc84
ACC9a6b069daa,PAYca7a01972
ACCb9ad917728,PAY120f31bc84
ACCbf039d57f2,PAY120f31bc84
ACCe517a8d575,PAY120f31bc84
ACC7c1c5fe4ae,PAY120f31bc84
ACC4659d9a3a5,PAY871je98bfe3
ACC84bdab822a,PAY9d18e2aca4
ACC20dcb4eeda,PAY76d0e47e68
ACC1d5641d615,PAY1baac714d0
ACCe2f412c0d8,PAY59a9736a9b
ACC3a079d6db1,PAY871e98bfe3
ACCf7654dcc17,PAY871e98bfe3
ACC0c31f3d341,PAY871e98bfe3
ACC8ee57d78ea,PAYea04b83924
ACCd5dc5802bb,PAY871e98Bfe3
ACC8e076ab1c3,PAYbbadc79f52
ACC6fede33149,PAY1baac714d0
ACCede2b52dc4,PAY871e98bfe3
ACCa94cf72fd9,PAY76d0e47e68
ACC88d60d3dd0,PAY76d0e47e68
ACCc8aa5b35ec,PAYf7a57766df
ACC3ca3b4a48c,PAYd2e9c5cac4
ACC0866957bb0,PAY76d0e47e68
ACC2aea06b73c,PAY76d0e47e68
ACCca2bf24690,PAY871e98bf3e
ACCa3d85682bb,PAY1baac714d0
ACC4d18ac4e89,PAY1baac714d0
ACC1223850768,PAY871e98bfe3
ACCc6646bf89a,PY49a1195d1f
ACC5dd4907a0a,PAY1baac714d0
ACC3347842bee,PAY1baac714d0
ACCc166223f97,PAYec908e27da
ACC91b242f178,PAYc29b1ecb10
ACCe0d43c8084,PAY871E98bfe3
ACC59aa826242,PAY7x6d0e47e68
ACC89d8c2ab60,PAY76d0e47e68
ACC1d889da439,PAY871e98bfe3
ACCdcd009a48a,PAY1aac714d0
ACCb5d5a76e03,oPAY76d0e47e68
ACCb8be70b573,PAY871e98bmfe3
ACC6710de9a35,PAY1baac714d0
ACCb4cc6581f0,PAY4a854ef8b8
ACC0bd294fa94,PAYee591ffa4
ACC88803a7c1a,PAYebc57fa8f5
ACC9a28f757f6,PAY82bf7398a
ACC89af360fca,PAYe4180bf53a
ACC831b94296e,PAY82bf7398ba
ACC2a00d44197,PAYeee591ffa4
ACC98df6ea1fd,PAY4ce97a5f7c
ACC5b90630601,PAY07632472e0
ACC772c0eea21,PAY71c8a2a484
ACC542d3477d8,PAY8991407de6
ACCf200cce859,PAY26ed60e195
ACC55eed88cc8,PAYeee591ffa4
ACC8b73ffc560,PAYeee591ffa4
ACCc98bb38bd5,PAY82bf7398ba
ACCef56047aaf,PAYeee59ffa4
ACC7904ded4b6,PAY4a239289a2
ACCbf2bc22fed,PAY2b33462Fee
ACCcf9a02fd39,PAY01470478ac
ACCf065445bcf,PAY82bf7398ba
ACCcf29d83262,PAYdf6a1d2e44
ACCb4ec3e3bcd,PAYcb3c8683af
ACCaa988250b7,PAYeee591fFa4
ACC1c02ccc1d2,pAYeee591ffa4
ACC994579f086,PAYeee591ffa4
ACC5cac6ea872,PAYeee591ffa4
ACC9eba95ac1a,PAYeee591faf4
ACC81152b72b8,PAY82bf7398ba
ACCf6ce888a2c,PAdY82bf7398ba
ACC4291924baf,PAYeee591ffa4
ACC8d7d143a84,PAYed3ace1f0a
ACCe2bb13f94f,PAYa71D102d2a
ACC8b5e001ac1,PAY59ae922abc
ACCfab73df810,PAY50d306c759
ACCc21e7c7697,PAYaddf90d0f2
ACC37c14d77d1,PAYb6b443aceb
ACCc350369adf,PAYe43a80fc2
ACC4af76c3d60,AYec0cd9a5c6
ACC7c31fb0a12,PaY0c7f69b77c
ACCb591481b10,PAY59ae922bac
ACCa7c9585cec,PAYb6b443aceb
ACC9610a14376,PAY60edc9834a
ACC9b281c8c0e,PAY59ae922bac
ACCff7155a77b,PAY59ae922Bac
ACC1d5b919833,PAYb6b443aceb
ACC6338c41c34,PAY59ae922bac
ACCff2ad7bea8,PAYb6b443aceb
ACC0a88cc7f1c,PAY59aye922bac
ACCc05c90807f,PAY59ae922bac
ACC630f63b1f4,PAY359ae922bac
ACC1cde4539c7,PAYd3eb9085d7
ACCa73b68e5ac,PAYb6b443aceb
ACC90a4b3a410,PAYe389189fb1
ACC43f72d999c,PAY05ab86eaf
ACC800c048ada,PAYb6b443aceb
ACCdbaf6c3494,PAY2ba3207fad
ACCa0233532a0,PAYb6b443aceb
ACCc6b225bb12,PAY1178a40f6c
ACC49a50ead91,PAYb6b443aceb
ACC1606ecf397,PAYb6b4y43aceb
ACC446c05ae0d,PAYbde6d40290
ACC66f164c762,PAY281e883ef7
ACC2b23d3add8,PAY59ae922bac
ACCa57e653d09,PAY59ae922bac
ACCd06de2021b,PAYb6b443aceb
ACC2f916f97e7,PAYb6b443aceb
ACCe722ad9884,PAY3d459a341c
ACCa48bf60adf,PAYd91b922d6a
ACCe067650645,PAY37ba4cf1cf
ACCd031bf0f02,PAY1eb2502c87
ACC8886e2e3fc,PAY931497dde9
ACCf9ff502f54,PAYd34b47f6dc
ACCdd5f0e29e2,PAYa9e2ee1d2a
ACCb828d69fd8,PAY931497dde9
ACC78e4a59855,PAY931497dde9
ACCd7ae44ec67,PAfYe0b8748780
ACC2d27a06c3f,PAYd34bc47f6dc
ACC273df14cf2,AY931497dde9
ACC6ba4a55472,PAY931497dde9
ACCe8d1f6c525,PAY931497dde9
ACC09f41eefd3,PAkY931497dde9
ACCa012534a5d,PAY9aa1e987fa
ACC9637e50e35,PAY8cd351c1ac
ACC7494e17de1,PAYd34b47f6dc
ACCc4343e6d9b,PAY9aa1e987fa
ACCded26cbb39,PAYd34b47f6dc
ACC140f5d68f2,PAY931497dude9
ACC92d4f69f1b,PAYadec9d81cc
ACCb51f396707,PAY931497dde9
ACCdf97cc7774,PAY931497dde9
ACC7fd19d6e2f,PAY86cf8fe398
ACC5695a04301,PAY897b32a16c
ACCe5d2a5db0a,PAY71f36023b7
ACC75c3b548f5,PAY973afd4e75
ACC25abde0286,PAY973afd4e75
ACCf9d7af3a3c,PAY973af4e75
ACC4fbd8189f3,PaY7c6c837604
ACCdc5270922a,PAY7c56c837604
ACC2728477ff0,PAY973afd4e75
ACCd6f0a07feb,PAY781c107304
ACC2b8d4db6ec,PAY7c6c837604
ACC8ced7367c1,PAY973aefd4e75
ACCfc5326db53,PAY1c393c489b
ACC4eb3d5a228,PAY7c6c837604
ACC581b2137f6,PAY227030aceb
ACC812fdf04a7,PAYf10f308f68
ACC556d1a4faf,PAY3c2ebc4846
ACC503b002673,PAY97b3afd4e75
ACC71443c712f,PAY793afd4e75
ACC1e030b5eeb,PY973afd4e75
ACCb93f33e102,PAY973afd4e75
ACCa78188a6f6,PAYd97e264060
ACC61a0f587d9,PAY973afd4e75
ACC883399549c,PAY76c837604
ACC2b2e6a1eb1,PAY7c6c837604
ACC4c41d09af3,PAe9569331b3
ACC29b9dea36f,PAY7c6c837604
ACC2eb4c3b33b,pAY7c6c837604
ACC011f9fedfd,PAY973afd4e75
ACCb7ba63fcd5,PAY7c6c837604
ACC206f3cb76a,PAY9bdf0ed2d5
ACC20a8ba09fd,PAY7c6c837604
ACCdfe95d438f,PAY7c6c837604
ACC01703ec107,PAYd25508ba1c
ACC3892f0aa39,PAY7c6c837604
ACC6a8e9c01e5,PAY973afd4e7x5
ACC95bfd623fb,PAY7c6c837604
ACCe82df8488d,PAYc6c837604
ACC56d925b87b,PAY6f79bfb097
ACC8afefcd6d9,PAY120f31bc84
ACCc1ca1a11a6,PAYb8d5c73563
