account_id,ring_id,is_ring_member,coincidental_group_id
ACC3f2b13f3a7,,False,
ACCde85e43044,,False,
ACCb7653371bb,,False,
ACC6acfec29a1,,False,
ACC996e9eebf7,,False,
ACC4a7467a1e7,,False,
ACCbb31cfef2d,,False,
ACC991f483a15,,False,
ACCb4e1d67b25,,False,
ACCa0e5b04f5a,,False,
ACC27fbcea8d8,,False,
ACC2fd23dfa93,,False,
ACC038cd792f7,,False,
ACC66dfb20b12,,False,
ACCc9606846f5,,False,
ACC649fedb8ce,,False,
ACCbc38fd2e4e,,False,
ACC1d3362c345,,False,
ACC9c4aa6c621,,False,
ACC94b81e131c,,False,
ACC88626c5453,,False,
ACCd431ed96e4,,False,
ACC2d6eff0b00,,False,
ACC80847d2b10,,False,
ACCaefd439996,,False,
ACCe98e496657,,False,
ACC5d5fb6c856,,False,
ACC2359d5cd5a,,False,
ACC2966f593dc,,False,
ACCadac42ad52,,False,
ACC6f17e55344,,False,
ACC6480083235,,False,
ACCfabd6972d1,,False,
ACC9d4b21ee44,,False,
ACCad04a5b367,,False,
ACC2ff387cad0,,False,
ACCe9121adf11,,False,
ACCb9a210a527,,False,
ACC03de417420,,False,
ACC828680e558,,False,
ACCab2109d3b9,,False,COINC0040
ACC923f7f0075,,False,
ACC088cc57911,,False,
ACCc3e7a6c4bc,,False,
ACC1c82e3b020,,False,
ACC0b2cc06779,,False,
ACC9735beba10,,False,
ACC31c55b3f1f,,False,
ACCdbeee1155a,,False,
ACC3926ba5d2c,,False,
ACC83994e5623,,False,
ACCf964869050,,False,
ACC85fa411759,,False,
ACCe26567b148,,False,
ACC38cac270b3,,False,
ACC24a10193d9,,False,
ACC7189ee0399,,False,
ACCb1429938b5,,False,
ACC29e23da816,,False,
ACC6432d06b93,,False,
ACCe2095c90ff,,False,
ACCf005bd9c2e,,False,
ACC93a63ecc3f,,False,
ACC62e0d5a25b,,False,
ACC242061eafd,,False,
ACCfe6dfba1e8,,False,
ACC4020b33596,,False,
ACC6e76e36bb6,,False,
ACC078c7c76f7,,False,
ACC6925d63dbd,,False,
ACC34ef82d339,,False,
ACCca2eb18a89,,False,
ACC42a409c4c3,,False,
ACCd3b95a3313,,False,
ACC99ab51c5ad,,False,
ACC312b88d5e2,,False,
ACCd9b7981ab2,,False,
ACC2d53fbbe95,,False,
ACC7c1aa71b7f,,False,
ACC8766ecfe64,,False,
ACCebfbc54150,,False,
ACC06a8bbdce1,,False,
ACC885ef995df,,False,COINC0037
ACCb35cde39fb,,False,
ACCe4f6ff010f,,False,
ACC3d07b82c83,,False,
ACCa7269c8b01,,False,
ACC1efd8e279e,,False,
ACC6bbf02a74b,,False,
ACCef6e023b2e,,False,
ACC9e51385a03,,False,
ACCb26b4e6bee,,False,
ACC17ead47161,,False,
ACCe6e28bde9f,,False,
ACC674adbb3ff,,False,
ACC1386f2cdeb,,False,
ACCb38d51a785,,False,
ACCc7fc0ee955,,False,
ACC6a833aa1c7,,False,
ACC18bff03573,,False,
ACC42e9ab10da,,False,
ACC51467fdc2d,,False,
ACCe2075a9c90,,False,
ACC031da01ff2,,False,
ACCc2d2449f83,,False,
ACC0d513be714,,False,
ACC1ea08420e6,,False,
ACC358dcd7e58,,False,
ACC15d22a2726,,False,
ACC4e2fab77de,,False,
ACC1060deea83,,False,
ACC2c200f3e64,,False,
ACC3bf52c91e6,,False,
ACC8b1ed89cb0,,False,
ACC3c34f5fd0c,,False,
ACC227d631368,,False,
ACCde1d4d1d89,,False,
ACCac06814d28,,False,
ACC03625be14e,,False,
ACCca53f6c982,,False,
ACCe068982446,,False,
ACCa7908d9353,,False,
ACC2e90b6cc1f,,False,
ACC19e1a70f9b,,False,
ACC5b153d5e81,,False,
ACC7e4da420e7,,False,
ACC9748990d2a,,False,
ACC763ec2bd70,,False,
ACC1409120bf3,,False,
ACC2d46fa6dc7,,False,
ACC556ad51e14,,False,
ACC4a82c5a566,,False,
ACCc3c663a907,,False,
ACCc33d80b608,,False,
ACCffae913841,,False,
ACCa9a84df78d,,False,
ACC0fc78a4a13,,False,
ACC8dc01fdbd5,,False,
ACCd5d198d382,,False,
ACC30b9cf5ac8,,False,
ACCd05b60eea7,,False,
ACC8de2a4a92d,,False,
ACCc466b13be5,,False,
ACC18d3e6e3a5,,False,
ACC70a7e68e09,,False,
ACCa18cf89fe6,,False,
ACCa666c02f51,,False,
ACCbea9f00755,,False,
ACC9367cc48ce,,False,
ACC64ae386a2e,,False,
ACCaf284e10bd,,False,
ACC12d0cd5e09,,False,
ACC459d999e26,,False,
ACCcf72e56328,,False,
ACC1f1b5360b1,,False,
ACCf0e6b537df,,False,
ACCef635355a7,,False,
ACCf087df5f72,,False,
ACC66959ddd67,,False,
ACCac64447dca,,False,
ACC9e3fd6b068,,False,
ACC6f675f37d8,,False,
ACC713d4431fc,,False,
ACCefc32a8262,,False,
ACC84d069cf64,,False,
ACCa0bdffce77,,False,
ACC8c3c027e1a,,False,
ACCc1883f8cac,,False,
ACCf16af8381c,,False,
ACC24de1ebbd4,,False,
ACC475af36799,,False,
ACCb9ce286cc1,,False,
ACCcd375aeee5,,False,
ACCcbf3c03970,,False,
ACC9c36ef65f1,,False,
ACC89d98b01c1,,False,
ACC8751df7c54,,False,
ACC166d49d681,,False,
ACC7082c57dcc,,False,
ACC5535556139,,False,
ACCd1efce400d,,False,
ACC8b7a61ef3a,,False,
ACC3f04a5813d,,False,
ACCab2c716f04,,False,
ACC330306b96d,,False,
ACCbd4c708efd,,False,
ACC2861387614,,False,
ACCc4ee3cd359,,False,
ACC08604661a8,,False,
ACCefac99d36c,,False,
ACC78aa3941ff,,False,
ACCb3533a685b,,False,
ACC255f21fe4a,,False,
ACCfb9550445b,,False,
ACCc905c7f024,,False,COINC0023
ACCfce93b638a,,False,
ACC50e591c612,,False,
ACC07bc054db2,,False,
ACCdbc1095fb9,,False,
ACCf013608e38,,False,
ACCeb35bace30,,False,
ACCd42ff13224,,False,
ACC5387ff374f,,False,
ACC05cdcad325,,False,
ACC0e6dd5bb7e,,False,
ACCe8229a83b5,,False,
ACC09bc3b3203,,False,
ACCf691d5e120,,False,
ACC264925cfd1,,False,
ACCffb64faf72,,False,
ACC3e638722e6,,False,
ACC50e146c737,,False,
ACC42a5b0c298,,False,
ACCfd11f9b7cc,,False,
ACC140f078f3a,,False,
ACCff2068c1c9,,False,
ACC306f9fef2c,,False,
ACC895def25cc,,False,
ACC926a97bb81,,False,
ACCcd01a61fa4,,False,
ACCa6703d7a4a,,False,
ACC30f08e98d2,,False,
ACC002c363a84,,False,
ACCcb2265defa,,False,
ACCc5c8d9c362,,False,
ACC7bdb46beeb,,False,
ACC48f47306ea,,False,
ACCf5437a943a,,False,COINC0005
ACC1a3aa8bfe1,,False,
ACCe791c84569,,False,
ACC6de468e178,,False,
ACC4ae1c45a9c,,False,
ACCb647b80345,,False,
ACC5cf5a563e9,,False,
ACC20fff9097b,,False,
ACC9778a61b39,,False,
ACC5adfc8f5cc,,False,
ACC91d0a8a81c,,False,
ACC3a04321005,,False,
ACCa9be0065e7,,False,
ACC3053f7ede3,,False,
ACCc100b467c1,,False,
ACC508b65ba37,,False,
ACC3e76ddf416,,False,
ACC7942b82847,,False,
ACCf5b02b9f4a,,False,
ACCe4b11766da,,False,
ACC092b7685be,,False,
ACC736b19f44b,,False,
ACC83d69b44ca,,False,
ACCabbeb975bc,,False,
ACC78b949a79f,,False,
ACC290c398e91,,False,
ACCfd8c10c322,,False,
ACC5080328d89,,False,
ACCbc2fc3022f,,False,COINC0023
ACCb46fe4f09c,,False,
ACC7c96eeadc6,,False,
ACC01bf4a4cbc,,False,
ACCef460991bc,,False,
ACC10024e5f05,,False,
ACC0f1282d519,,False,
ACC9f62c443ed,,False,
ACCe7dc89eb11,,False,
ACC462dfa51f5,,False,
ACC46f678e39b,,False,
ACCdda8c36cdf,,False,
ACC8c529205b9,,False,
ACCab2819e9dd,,False,
ACC6c4118f911,,False,
ACCdcc2f294c1,,False,
ACCe121fbf6dd,,False,
ACCb084ef7165,,False,
ACCd916fb6464,,False,
ACC69dc2dd711,,False,
ACCb6c11a49d0,,False,
ACC1bdd513f44,,False,
ACC6e2c352f93,,False,
ACC56ecdbee4a,,False,
ACCd3e415ed3e,,False,
ACC77b384458c,,False,
ACCf0cf0a0821,,False,
ACC6152a9bc4f,,False,
ACC342cc9fc15,,False,
ACCf2a9bccd67,,False,
ACC4f472c7946,,False,
ACC3c04b803e9,,False,
ACCbc2aae70de,,False,
ACCd52a061636,,False,
ACC7114472e0f,,False,
ACC73e3bbb443,,False,
ACC1e5eebf36f,,False,
ACCef48beb70a,,False,
ACC1ecf93f1d5,,False,
ACCc753276652,,False,
ACCf6449ba3a9,,False,
ACCba4e806e11,,False,
ACCe62c58e12d,,False,
ACC89259d98c7,,False,
ACCad50ae5fac,,False,
ACCac84073e03,,False,
ACC2b1bfd193c,,False,
ACC0a6d9a4300,,False,
ACC776a8ae445,,False,
ACC8c605b2b9a,,False,
ACC656b35c12e,,False,
ACC80f105e00f,,False,
ACC600750e329,,False,
ACCf9b2eb11a6,,False,COINC0038
ACCf523d16299,,False,
ACCf34e88e5d1,,False,
ACC0101d7a931,,False,
ACC263256f5b6,,False,
ACC186ebab34d,,False,
ACCf187860d58,,False,
ACCdb4408a8f9,,False,
ACCb1e1e24242,,False,
ACC4639f30d42,,False,
ACCa34d542a18,,False,
ACCd982c3e9b4,,False,
ACC4d75964c72,,False,
ACCf4b214211f,,False,
ACCe698fc2dea,,False,
ACC774662df0f,,False,
ACC2769d773fd,,False,
ACC2b2f5ae07a,,False,
ACC3a887bd451,,False,
ACC30bd6a8429,,False,
ACC27fe0bb10a,,False,
ACCee750c3ef7,,False,
ACC91729a296d,,False,
ACC0e867887bd,,False,
ACC3deac89e05,,False,
ACC74b8e78265,,False,
ACC28af7a4fb6,,False,
ACCc131246ec3,,False,
ACC04169b4a52,,False,
ACC7ba16e0096,,False,
ACCc02787f0ec,,False,
ACCbfbcb3ee9d,,False,
ACC45a1dc9e89,,False,
ACC14217aff79,,False,
ACCec4095f864,,False,
ACCaf6621c0b7,,False,
ACC1602c18587,,False,
ACC0e9b646f18,,False,
ACC4e6779d3a6,,False,
ACCdbb365c680,,False,
ACC5f861c1938,,False,
ACC80df5a1554,,False,
ACCd41719d4de,,False,
ACC1116990a89,,False,
ACC296a425bae,,False,
ACCd80deb30b2,,False,
ACC9de3a6ef3f,,False,
ACC8918463bb5,,False,
ACC35d3bd286a,,False,
ACC6e5d4e96b3,,False,COINC0006
ACCcc71e2f7b1,,False,
ACC76e3a73fcd,,False,
ACCe0a56dee98,,False,
ACC0d7c353173,,False,
ACC31cc1b1d89,,False,
ACCd717e93cc8,,False,
ACC259ec9b43f,,False,COINC0014
ACC9cf577735b,,False,
ACC5ebe9d2523,,False,
ACCba0605fa17,,False,
ACCc98d108327,,False,
ACC1427e60cc2,,False,
ACC334fbaab18,,False,
ACC3e9805c28b,,False,
ACCbf5f6c410b,,False,
ACCded158b934,,False,
ACCa7f663f46c,,False,
ACCe8d71f805d,,False,
ACCfeb36eff1c,,False,
ACC32bbc687a4,,False,
ACC6a660634b1,,False,
ACC0759ac2a2c,,False,
ACC6c8562eb0f,,False,
ACCb5b540845a,,False,
ACCba4b368a8e,,False,
ACCe3a8d2cfa3,,False,
ACCe114c83c60,,False,
ACC3ce278242a,,False,
ACC5c3655092b,,False,
ACC74056073ea,,False,
ACC7dad201c85,,False,
ACC0c2da71315,,False,
ACC2d5d3cd1e2,,False,
ACC59fc3e970d,,False,
ACC2286a57248,,False,
ACCba137dc075,,False,
ACCd6e61ad5e3,,False,
ACC96a429f917,,False,
ACC4ab4bddb9b,,False,
ACC4b7beab4ef,,False,
ACCd581f1b11d,,False,
ACCac065d57f0,,False,
ACC3d14449aea,,False,
ACCfe0634a2d6,,False,
ACCf58eaa5f67,,False,
ACCafa0e20842,,False,
ACC7b70368c63,,False,
ACC706e4cdb53,,False,
ACC0f39a63cf5,,False,
ACCd827af61a3,,False,
ACCc46751b259,,False,
ACCa1cb88e642,,False,
ACCda244a06c8,,False,
ACCea02b347c9,,False,
ACC26a7821934,,False,
ACC3acdfefc69,,False,
ACCe3314ce61e,,False,COINC0041
ACC5a4b6c4de7,,False,
ACCdb1faf3576,,False,
ACCbdc0ffc645,,False,COINC0012
ACC41b7fd15b6,,False,
ACC58d7948895,,False,
ACC543a557ca3,,False,
ACCe663b79899,,False,
ACC9b73452929,,False,
ACC6eeafb08c9,,False,
ACCb80f7a9cab,,False,
ACCc2f1d53f08,,False,
ACC70129d6194,,False,
ACC912aa44eb0,,False,
ACC3ed3ef24db,,False,
ACC24a7e73989,,False,
ACCf488dce3cc,,False,
ACCf7e21b559e,,False,
ACCe6f024dfc3,,False,
ACC696834a3fe,,False,
ACC08836c5eb1,,False,
ACCfa73914a28,,False,
ACC0bf69a4e71,,False,
ACCa02b1116a7,,False,
ACCe9c447d5d8,,False,
ACC8e21ae9a0b,,False,
ACC7fbc6e9d77,,False,
ACC1b5530d9ce,,False,
ACC3c06cb318f,,False,
ACCcc491faefc,,False,
ACCdb23194d14,,False,
ACC21f47fc4a9,,False,
ACCc5e2b9e618,,False,
ACC04ee9308c2,,False,
ACCcc027a8de3,,False,
ACC373bdb833c,,False,
ACC5a398852e2,,False,
ACC91f20ac5a8,,False,
ACC52381e9879,,False,
ACC5168f7a0f7,,False,
ACCaf67646658,,False,
ACC2ade67d618,,False,
ACC2dc1054638,,False,
ACC5297ddee81,,False,
ACCffee9e24f7,,False,
ACCa5ee1ab10f,,False,
ACCc0fa51f42e,,False,
ACC3c424c3440,,False,
ACC7bf10e57d2,,False,
ACCf4a0a5bbb8,,False,
ACCd5b081307e,,False,
ACC8fcecd10c5,,False,
ACCe416643da6,,False,
ACC8bb2155838,,False,
ACC27b72c7608,,False,
ACC81c051533a,,False,
ACC62466e3ba4,,False,
ACC4f28899122,,False,
ACCab7e8de6be,,False,
ACC24dd0e0c09,,False,
ACC257745ef8d,,False,
ACC708953d86d,,False,
ACC6e624e3355,,False,
ACCd6e4b28ea4,,False,
ACC3737b0ef99,,False,
ACCa73db6e55f,,False,
ACCba247dfeb3,,False,COINC0023
ACC31310abecb,,False,
ACC0bebb20ffc,,False,
ACC5dfbb7042e,,False,
ACCef39c8cb4d,,False,
ACC331d3a81f2,,False,
ACC71e11a5be1,,False,
ACC814a691bf3,,False,
ACC0ec2f5c4f7,,False,
ACCfb92f63461,,False,
ACC57fefa6aa9,,False,
ACCe393e23b04,,False,
ACCf86f581907,,False,
ACC81c6456d01,,False,
ACCa0d9f0c6c7,,False,
ACCa20e751e21,,False,
ACC7457aaff67,,False,
ACC36790f11df,,False,
ACC7ffa10703e,,False,
ACC44fc9b34d8,,False,
ACC5ee4a0c047,,False,
ACC699d9c1eeb,,False,
ACC83b09be81b,,False,
ACC6b997d8a57,,False,
ACC559a4324fc,,False,
ACCd5ce0ae9c6,,False,
ACC8017689b1d,,False,
ACCa8d804260a,,False,
ACC702dec4b87,,False,
ACCd4d6993a04,,False,
ACC2fa474a403,,False,
ACCe6a184602b,,False,
ACC54fa01c2c5,,False,
ACCff28d90fdb,,False,
ACC827b07688a,,False,
ACCe89d55876f,,False,
ACC38931611db,,False,
ACC3716dc38e8,,False,
ACCcc9d9d3155,,False,
ACCc934b4caa9,,False,
ACCd8020704d2,,False,
ACCd9ace114ca,,False,
ACCf929782343,,False,
ACCe2e9aa9567,,False,
ACCca411dc547,,False,
ACC83c0cac142,,False,
ACC6f583b3dfd,,False,
ACC56e032ccb5,,False,
ACC3c46bd6536,,False,
ACC7258af47b9,,False,
ACC83f8ad1ca2,,False,
ACC91c3b19b8e,,False,
ACCb4c2e0bdcc,,False,
ACC6dd3e9b6c3,,False,
ACCe43701a597,,False,
ACC22868e9722,,False,
ACC93db97a1d7,,False,
ACCf07903de92,,False,
ACC834916eddb,,False,
ACC1703a5c328,,False,
ACCd7eddb99f4,,False,
ACCe80f18fb2e,,False,
ACCf5265b2e1b,,False,
ACCf6e7dbcaf3,,False,
ACCbcd053d01c,,False,
ACCe5b26b2031,,False,
ACCa9be18621b,,False,
ACC2c885741c7,,False,
ACCafc4df9b4e,,False,
ACC7831d42254,,False,
ACC4d05e9225f,,False,
ACCcbac35e572,,False,
ACC90656f6885,,False,
ACCe8ee87193e,,False,
ACCa818503d90,,False,COINC0005
ACC407259623d,,False,
ACCeddf975648,,False,
ACCdce42f933b,,False,
ACCa53e76b062,,False,
ACC5d8812305d,,False,
ACC1e913dedb1,,False,
ACC32d946c421,,False,
ACCacde5a9759,,False,
ACCfa831742a5,,False,
ACCf55a6a6518,,False,
ACCfff4a02e99,,False,
ACC1bf3da8c6f,,False,
ACCc37f346cdb,,False,
ACCb706598914,,False,
ACCa434e067d2,,False,
ACCf46f3b578a,,False,
ACCc52e6d29ec,,False,
ACC4dc38ffd2a,,False,
ACC2eec3769f7,,False,
ACC22786ae1c9,,False,
ACCdc9dc996fc,,False,
ACC85f490479b,,False,
ACC81aa805793,,False,
ACC1b53946f98,,False,
ACC31f6962efb,,False,
ACC1520a9213b,,False,
ACC458f4db52a,,False,
ACC3ae6352a36,,False,
ACCd39f5db854,,False,
ACC5db34d3d62,,False,
ACC7e41ba64c3,,False,
ACCee8a8cef85,,False,COINC0048
ACC7fea4007de,,False,
ACC8e56e199dc,,False,
ACCbbf8c6e29c,,False,
ACC0099aeee01,,False,
ACC201687170b,,False,
ACC761f58a28a,,False,
ACC420d7241a3,,False,
ACC15c71ff903,,False,
ACC9c626bd4a8,,False,
ACC7a17a18e7c,,False,
ACCf465adca92,,False,
ACC6b26b5d250,,False,
ACC68b308fe60,,False,
ACCffa72972f2,,False,
ACCcca0cd3dac,,False,
ACCa4af409e0e,,False,
ACC049b20f5a7,,False,
ACC48c3705176,,False,
ACC47e5d68fab,,False,
ACCf3ae9a599f,,False,
ACCa750f91526,,False,
ACCbf57e477e1,,False,
ACCfdf60e3581,,False,
ACC73d7254cea,,False,
ACCbe552e38c5,,False,
ACC0162a61867,,False,
ACCbea410511e,,False,
ACCfd6c6de668,,False,
ACCc988b03da9,,False,
ACC2e8b14eea6,,False,
ACC57bbc6dae4,,False,
ACCc4161f1346,,False,
ACCdef0304b06,,False,
ACC1b83721d45,,False,
ACCba2f3cbcba,,False,
ACCe3b4742b97,,False,
ACC456b88359c,,False,
ACC774c08f1b3,,False,
ACCbde821dc88,,False,
ACCd382ac857f,,False,
ACC7798b2a664,,False,
ACC339d26a445,,False,
ACCed516f8ae0,,False,
ACC8891db836d,,False,
ACC52834d8ff1,,False,
ACCcaae373b50,,False,
ACC4c1c9107ec,,False,
ACC305cb12ead,,False,
ACCf8b2683e1f,,False,
ACCee0b4394e4,,False,
ACC45bf4284e6,,False,
ACCd3db5edc66,,False,
ACCe3de24f20e,,False,
ACCf8f6f050ac,,False,
ACC6d6352c574,,False,
ACC3f15741076,,False,
ACC7785c8e96f,,False,
ACCab727896db,,False,
ACC1f053a3f05,,False,
ACC64cc0166b5,,False,COINC0001
ACC15cf24678b,,False,
ACC5b4b86f6b2,,False,
ACC46cfc6e4bb,,False,
ACC545fdc26cf,,False,
ACC1b97b8228f,,False,
ACC72aace3de5,,False,
ACC137496e7cf,,False,
ACCbd81476f90,,False,
ACC5405158925,,False,
ACC37a7510631,,False,
ACC47cc1c33e5,,False,
ACC71d9001989,,False,
ACC366d4a7b24,,False,
ACC2c45d2f012,,False,
ACCcd06e0f2d0,,False,
ACCa2babc6c02,,False,
ACC2ef271a124,,False,
ACCfc01964fd4,,False,
ACC82f836da93,,False,COINC0002
ACC9416561cf0,,False,
ACC863bceb0eb,,False,
ACC224cf181fd,,False,
ACCc43a97c02b,,False,
ACC3e54bf0238,,False,
ACCa7c8cb7cc9,,False,
ACC1ff30c5f5d,,False,
ACCd9d8780ef6,,False,
ACC506b26a30c,,False,
ACCa1fe371c61,,False,
ACC84b4577d2c,,False,
ACC1d2cf9a309,,False,
ACCc7d9f08ec8,,False,
ACC1f9c9334d0,,False,
ACC58701a67ad,,False,
ACCb8fc577797,,False,
ACC6f0b8dbfbe,,False,
ACC3b49d8f8f8,,False,
ACC8fe66f524c,,False,
ACC9754a0bc74,,False,
ACC1a63c8de3d,,False,
ACCe63b4cf163,,False,
ACC64ddf8457a,,False,
ACC4386d5138c,,False,
ACC8b33262317,,False,
ACC3315e056cf,,False,
ACC53c2370216,,False,
ACC78dc3a452a,,False,
ACC8176b1cbbe,,False,
ACCd52e3bfa3e,,False,
ACCde499038eb,,False,
ACC77c802b160,,False,
ACCd5d320e072,,False,
ACC68b9820cb4,,False,
ACCff59cf6dd4,,False,
ACC53cd43e9a0,,False,
ACC6452825955,,False,
ACC378613b7da,,False,
ACC00a96c5e1e,,False,
ACC52f64a061c,,False,
ACCcb31b0589a,,False,
ACC818fe7a96a,,False,
ACCd10fa22bb2,,False,
ACC36fa51ab30,,False,
ACC3ef95cbedf,,False,
ACC79ac426832,,False,
ACC9dd9692510,,False,
ACCef0dca9d3e,,False,
ACC07d9b078b3,,False,
ACCfc1ea456e2,,False,
ACC79ce5f0c0a,,False,
ACCa40f2c0da0,,False,
ACC418369e3f4,,False,
ACC3b49944789,,False,
ACCb7ca36f85f,,False,
ACC95ee9d8495,,False,
ACCfa632fb5df,,False,
ACC92f7309886,,False,
ACCfd2a14b31a,,False,
ACC4372f700d1,,False,
ACC2de14273b4,,False,
ACC29d4c4bf93,,False,
ACC715d420d47,,False,
ACC07951567ba,,False,
ACCbe00d5fe1f,,False,
ACC2229b4c5bf,,False,
ACC65b1f90c7b,,False,
ACC6161b24150,,False,
ACCc6cc3aea95,,False,
ACCa0718db769,,False,
ACC82e1aad3af,,False,
ACC0be4d6d5dd,,False,
ACC7992af5608,,False,
ACC4fed20fb0d,,False,
ACCdd76c533b4,,False,
ACCdc76b05a03,,False,
ACCf30fffd590,,False,
ACC61d5067363,,False,
ACCd8a9968e7c,,False,
ACCe0f8f192b7,,False,
ACC4bdc293f7c,,False,
ACC0ce88a554d,,False,
ACCc2a77c8f36,,False,
ACC6a2ae0a62d,,False,
ACC16423ba383,,False,
ACCff38c3b84c,,False,
ACCf990dde3fa,,False,
ACC9a5dfc8aa0,,False,
ACC75774ec502,,False,
ACCea7d9b88e5,,False,
ACCa36aea58cc,,False,
ACCfb08b47f4f,,False,
ACC19528c2f67,,False,
ACC9781f8ed92,,False,
ACC1778ddb5b9,,False,
ACCe6b774543d,,False,
ACC072f89b8fb,,False,
ACC1641bc99e7,,False,
ACC13b438eb06,,False,
ACC13c7d02062,,False,
ACCede2c46e47,,False,
ACC93762bd680,,False,
ACC7b15d6c971,,False,
ACC87d29f5404,,False,
ACC1bd654a6ba,,False,
ACC36e4be2a75,,False,
ACC978d690fff,,False,
ACCc6358b9cd3,,False,
ACC8c3c89e2dc,,False,
ACC754e4f0f0e,,False,
ACCd3fcfa7676,,False,COINC0033
ACC84835b1219,,False,
ACCbc7e37bb53,,False,
ACC31030202c8,,False,
ACC63016d3ed6,,False,
ACCc13e48fdb3,,False,
ACC4fce85e0a5,,False,
ACC7eb49d76f7,,False,COINC0034
ACC208658f41b,,False,
ACCbd02e659a6,,False,
ACC66961b06f5,,False,
ACCf61d1048cd,,False,
ACC7f87e4b84a,,False,
ACC8b289d9b50,,False,
ACC9f42985ad0,,False,
ACCd323923c08,,False,
ACCa45aad202d,,False,
ACC9596fb8b0a,,False,
ACCe93535cddd,,False,
ACC3d718663af,,False,
ACC7fb33a91dc,,False,
ACC3f098dcf2b,,False,
ACC8b323dfa71,,False,COINC0031
ACC9613d6cff7,,False,
ACCe82dcc2fe6,,False,
ACC9307437eac,,False,
ACC1a257f4224,,False,
ACC1d67e20c63,,False,
ACCf154d9a647,,False,
ACCd661b82952,,False,
ACC5ee2ca9a61,,False,
ACCd6f6a5e058,,False,
ACC9d6561906d,,False,
ACCb15cfdbaa8,,False,
ACC62caa56ed7,,False,
ACC86f52edbea,,False,
ACC8fb73879fc,,False,
ACC4a2aec1519,,False,
ACC6f9ef212a5,,False,
ACCdd2e8653bb,,False,
ACCd217456b44,,False,
ACCfbefe74ed8,,False,
ACCd0c1faebfa,,False,
ACC43a9ce3d4e,,False,
ACCe56d4d054c,,False,
ACC3a9e052b50,,False,
ACC8b90284a87,,False,
ACCac37c6f0e7,,False,
ACCf2d72c2557,,False,
ACC04802673ca,,False,
ACC941a9ce634,,False,
ACCebe5ffdb1c,,False,
ACC0e41b95f65,,False,
ACC5dffa9d2af,,False,
ACCebfd3b5743,,False,
ACC3c76fdfb1e,,False,
ACC0d82ca4974,,False,
ACC64aa1fed1b,,False,
ACC6273c46fbd,,False,
ACCa552f4fa06,,False,
ACC314c132510,,False,
ACC5181340d77,,False,
ACC18d746c52b,,False,
ACCaf8d227bc0,,False,
ACCec1fec1773,,False,
ACC29b0e11f50,,False,COINC0028
ACC1a9ffab142,,False,
ACC801469ce5f,,False,
ACC8cbb4c5251,,False,
ACC30fcc9c741,,False,
ACC94ee018452,,False,
ACC5c5ddcbc7a,,False,
ACCf26362bcc7,,False,
ACC90dc8604f2,,False,
ACC718739a126,,False,
ACC89fbf49ed8,,False,
ACCc82fa3ba7e,,False,
ACCbe76cb1a75,,False,
ACC00b3bd073c,,False,
ACCf8195fcf34,,False,
ACC949b3cdaf7,,False,
ACCce7ff86322,,False,
ACC519b77d518,,False,
ACC8c5cb2ace5,,False,
ACC287723a898,,False,
ACC2aec6ca36e,,False,
ACCbd09109eb1,,False,
ACC0157242681,,False,
ACCfa382cd273,,False,
ACC64cd4f68d2,,False,
ACCf47b9015c5,,False,
ACC4dc11cb252,,False,
ACC318e57af17,,False,
ACC4a94861a99,,False,
ACC79c08660cc,,False,
ACC5705203636,,False,
ACC0a461456af,,False,
ACC79304d9e66,,False,
ACCf5736e72f9,,False,COINC0017
ACC18b1ead893,,False,
ACCcd725c417f,,False,
ACC0d1d4fbaf6,,False,
ACCff3fd90b78,,False,
ACC33108cd5c7,,False,
ACC68a7455dd1,,False,
ACCf05b1eb229,,False,
ACC19e299e863,,False,
ACC08df6ddc4d,,False,
ACC360afee2c5,,False,
ACCc29aa0820f,,False,
ACC8e3bf5d3ce,,False,
ACC1cd9441104,,False,
ACCdb75deea09,,False,
ACCcc03ad8bc1,,False,
ACCa55dedfe16,,False,
ACCb58622c270,,False,
ACCbdd3ef0e10,,False,
ACCcc75dcfc98,,False,
ACC7a3208102f,,False,
ACC99fcee2dbe,,False,
ACCd12416335e,,False,
ACC4763395f75,,False,
ACC9ca6401e54,,False,
ACC66ba01bb94,,False,
ACC38364c9569,,False,
ACC248876b282,,False,
ACCc211602dcb,,False,
ACC4b895f5e38,,False,
ACCa9cfe0e4fa,,False,
ACCf989b51c51,,False,
ACCd421f096e5,,False,
ACC2880a97904,,False,
ACC181af4e415,,False,
ACC5fba691884,,False,
ACCdbd68330a4,,False,
ACC81e37b1985,,False,
ACC20b05188ea,,False,
ACC630c66aed4,,False,
ACC5d355f94ec,,False,
ACCf823b28c76,,False,
ACC7e91af0543,,False,
ACCd8b11eaf27,,False,
ACC88a61e065c,,False,
ACC27b1cd83c5,,False,
ACC6158b15e49,,False,
ACC5d042d46bc,,False,
ACC76c94cc52d,,False,
ACC69654a7953,,False,
ACC2b61965133,,False,
ACC6e02ba7681,,False,
ACC03475a70f5,,False,
ACC81a9197329,,False,
ACC0f508308fe,,False,
ACCe3521527bf,,False,
ACCd4f682a352,,False,
ACC10fc12ce83,,False,
ACC24d8eff6ed,,False,
ACC0753ad0792,,False,COINC0037
ACCc219ef2311,,False,
ACC8463bbb521,,False,
ACCcdb0ae1cbb,,False,
ACC1af888cd04,,False,
ACC33821240b2,,False,
ACC12605915fc,,False,
ACCa13f5922ff,,False,
ACC6f2086480a,,False,
ACC5e32ac4314,,False,
ACC7f3940a362,,False,
ACC73bbaa2443,,False,
ACCf66df3a0f5,,False,
ACCcc796bd223,,False,
ACC88721971da,,False,
ACC9a152c5f81,,False,
ACC810e1c4448,,False,
ACC77f394518e,,False,
ACC0d917ec85e,,False,
ACC475dd8f86b,,False,
ACCae0b9761db,,False,
ACCded9818b5d,,False,
ACCd622c059ac,,False,
ACC06336aedfc,,False,
ACCf7ea1fa041,,False,
ACC743e4e064f,,False,
ACCbbc688b15b,,False,
ACCa37d8444f0,,False,
ACC2b31e9603f,,False,
ACCef1c8c2da1,,False,
ACC13e01f93a6,,False,
ACCab1be10cfc,,False,
ACC8c57d1b146,,False,
ACCaefa48c20a,,False,
ACCe2bf2c6451,,False,
ACCc30179c73d,,False,
ACC8bbc85705e,,False,
ACCf10f4d3068,,False,
ACC65e6007248,,False,
ACC6e0d1e5064,,False,
ACCc49c3ee805,,False,
ACC87cb63996c,,False,
ACC790fe4e5c8,,False,
ACC81aef52215,,False,
ACC86030b2081,,False,
ACC8d039f08be,,False,
ACCb939cc5065,,False,
ACC619e50e7fb,,False,
ACCd9f572d2c0,,False,
ACCe7ac351e6d,,False,
ACC69c6296720,,False,
ACC931a3ee8bf,,False,
ACC06f579e4e2,,False,
ACC68277a090d,,False,
ACC2142b4a223,,False,
ACC0949ad1894,,False,
ACCd382119cdf,,False,
ACC8b90751837,,False,
ACC12c3a576e4,,False,
ACC47fb7ed00a,,False,
ACC89ac24a0e4,,False,
ACC3e175c1843,,False,
ACC4eb014753f,,False,
ACCabb3d5129b,,False,
ACCb332934151,,False,
ACC39a3b4b1c5,,False,
ACC7d020efbba,,False,
ACCdc7e4cb790,,False,
ACC5327672b70,,False,
ACCda6243e5e8,,False,
ACC755b8dce23,,False,
ACC347a5fc973,,False,
ACCedbde796a6,,False,COINC0046
ACCb21a4434b4,,False,
ACC2a799f21b0,,False,
ACC9dc9c135c2,,False,
ACC1b413921b0,,False,
ACC575933e885,,False,
ACCd059121ca0,,False,
ACC2f2f0094ca,,False,
ACCf7b49db099,,False,
ACCa87f789fed,,False,
ACCb8090a7a30,,False,
ACC6a05425cc7,,False,
ACC2d30b9885b,,False,
ACC0b9b73c795,,False,COINC0011
ACCbfe5e9f31c,,False,
ACC295aead4e7,,False,
ACC82c62e9363,,False,
ACC55c0ef6134,,False,
ACC28c83c04d1,,False,
ACC7521672c03,,False,
ACCd2ad21beae,,False,
ACCfcfe3aae4e,,False,
ACCb9ced82f08,,False,
ACC2bed09a975,,False,
ACC0b16b986d5,,False,
ACCb40f9017e3,,False,
ACC0950279d2a,,False,
ACCbb97ca669a,,False,
ACC57bb121114,,False,
ACC11707281a4,,False,
ACC87e24d8019,,False,
ACC3f6a3b2ea0,,False,
ACC15e16d83ba,,False,
ACC90148b3cc2,,False,
ACCfec0106ad7,,False,
ACCc0d131dd45,,False,
ACC4d06ca3e9c,,False,
ACCc3401602ec,,False,
ACC2112fb6da4,,False,
ACCa9a5bac42b,,False,
ACC7399e426a4,,False,
ACCe661301057,,False,
ACCfcdb7ec577,,False,
ACCc6063cfe69,,False,
ACCeee67eb14a,,False,
ACCb406823f00,,False,
ACC397ef1d2ae,,False,
ACCb8b01e2dc6,,False,
ACCe06da94418,,False,
ACC09fb81b4ac,,False,
ACC0bddaf325f,,False,
ACC7084bc189c,,False,
ACCa0cdccb9f6,,False,
ACCdd56dcae58,,False,
ACC2e3b948a19,,False,
ACCdb90afef5a,,False,
ACC3f159d0b33,,False,
ACC4cce2e792a,,False,
ACC6556b301de,,False,
ACC9addb5d907,,False,
ACC585d19c43b,,False,
ACC28bf89e644,,False,
ACCba0fc30256,,False,
ACCb0542e10ee,,False,
ACCd741e399a8,,False,
ACC092e4c0acb,,False,
ACCcdee88337b,,False,
ACC4b4b785009,,False,
ACCde1d6525c0,,False,
ACC50995a13f6,,False,
ACCc6d5310226,,False,
ACC26aa42c66b,,False,
ACC383fbf160f,,False,
ACC422a0ce67c,,False,
ACCe0af934552,,False,
ACC20e84ff5b1,,False,
ACC47bf1f7885,,False,
ACCe054b518ac,,False,
ACCbd68b6712c,,False,
ACCbad58b1f28,,False,
ACCc8cf393d0f,,False,COINC0040
ACC8e5be49eca,,False,
ACC9649b3135e,,False,
ACC367cb4c8e1,,False,
ACC1e6490819c,,False,
ACCe9a5ead578,,False,
ACC1922afccd1,,False,
ACC9b8a446ba8,,False,
ACC0a93ee3e4f,,False,
ACC96be86aa0a,,False,
ACC3e721c65d5,,False,
ACC04de71b31d,,False,
ACCbeb1a9d1a5,,False,
ACCe1f026e60c,,False,COINC0049
ACCf7e24c4086,,False,
ACCbfe7327a4f,,False,
ACCf519a30f31,,False,
ACCc717e78172,,False,
ACCb078a2c750,,False,
ACC569f8bea26,,False,
ACCaf1416d8af,,False,
ACC967bc6f783,,False,
ACC9c0d7b82ee,,False,
ACC768be9ecf7,,False,
ACCb2500202f9,,False,
ACCad64657fa3,,False,
ACCefe1893448,,False,
ACCcd622b3553,,False,
ACCc52e9e57d3,,False,
ACC5929c9db2c,,False,
ACCa38f0d9bf8,,False,
ACC5fbee1b237,,False,
ACCdbd511236d,,False,
ACCc03d18cd12,,False,
ACC805e4446d0,,False,
ACC37e1a529ea,,False,
ACCc4799c8fd7,,False,
ACCe87a694877,,False,
ACCf5fc697e9a,,False,
ACCd87c5bd74f,,False,
ACC641a3cb264,,False,
ACC86e4c797f6,,False,
ACC4c976a8a96,,False,
ACCe995afec1e,,False,
ACCa74ca5717a,,False,COINC0000
ACC112d63b9fb,,False,
ACC41dd5756ed,,False,
ACCe1dfa9df45,,False,
ACC2a0d1233a0,,False,
ACCd0269e0068,,False,
ACCc648364a99,,False,
ACCabc8a695b4,,False,
ACCed59ec18b4,,False,
ACC36a48c57b3,,False,
ACCd78981d40b,,False,
ACC7bb1cc29e0,,False,
ACC15b0c584cd,,False,
ACC3bd9764e39,,False,
ACCb46a51b722,,False,
ACCe8ac5ae7e8,,False,
ACC2325bfd57e,,False,
ACC2e7aada8a7,,False,
ACCa22afd0566,,False,
ACCd38af860bc,,False,
ACC1b2fe2d3e9,,False,
ACC8bf240e08e,,False,
ACCb1adb02d70,,False,
ACCf2c8de1308,,False,
ACCe99701d941,,False,
ACC34da9004ac,,False,
ACC439095392b,,False,
ACCecb11deeec,,False,
ACCcb112e142b,,False,
ACCe9b42f240c,,False,
ACC96999317ff,,False,
ACCdb693e6cbf,,False,
ACC02cd03f248,,False,
ACC3b2c711263,,False,
ACCdfc06d261e,,False,
ACC22a492efeb,,False,
ACC84d1cade03,,False,
ACC50e6f74ef4,,False,
ACC6e64fb807c,,False,COINC0048
ACCccc232bcc4,,False,
ACC5bb593d42d,,False,
ACCfc4a4821ec,,False,
ACCc828c3aa07,,False,
ACCfa9b951a64,,False,
ACCf4d4b6ad3f,,False,
ACCe667b12a7b,,False,
ACC392b027ca7,,False,
ACC50514ce1e5,,False,COINC0035
ACC18fe28bdf5,,False,
ACCec89d1ee67,,False,
ACCd31d16f07f,,False,
ACC2de395882c,,False,
ACCd5b0ec2456,,False,
ACC2e4016c7cd,,False,
ACCa0fc21e238,,False,
ACC891788366a,,False,
ACC107ce84b25,,False,
ACCc8bc668c32,,False,
ACCaf8c315982,,False,
ACCd4d9a949a1,,False,
ACC53e18b66f2,,False,
ACCee487e021f,,False,
ACCaf5a2b85f9,,False,
ACC6d187e5efd,,False,
ACCc469fe529b,,False,
ACCb93b5fde6c,,False,
ACCfff9800b53,,False,
ACC3d2a663fc0,,False,
ACC4070d5426e,,False,
ACC74222e1a35,,False,
ACC3e6ec81102,,False,
ACC3ebb321280,,False,
ACC95ef920011,,False,
ACCc0565c583b,,False,
ACC3d101c9bfc,,False,
ACCa71eb7406f,,False,COINC0003
ACC3c3fc8d7d4,,False,
ACCa543d1aaa4,,False,
ACC9c9e88c956,,False,
ACC2a1ca86023,,False,
ACCb2583cb550,,False,
ACC5b9e3119f0,,False,
ACC1d7ac775b6,,False,
ACC84a61ddc06,,False,
ACCf8a450cfe1,,False,
ACCb7e5887c24,,False,
ACCf8d0f38d8b,,False,
ACC46ef9bee43,,False,
ACC141d80a4da,,False,
ACC0a53eeaf61,,False,
ACC5fff460a42,,False,
ACC9ef721a243,,False,
ACC37d51c3443,,False,
ACCb204895f48,,False,
ACC47b7309997,,False,
ACCbb7d44677f,,False,
ACCae9363a7ca,,False,
ACCd4ac1c5fca,,False,
ACCe66d572b49,,False,
ACC094681a854,,False,
ACC8fbe6ac6f0,,False,
ACC05d9f26194,,False,
ACCa5bf58dd18,,False,
ACCfdd0c59a87,,False,
ACC2592e132c1,,False,
ACC49c2cb93e2,,False,
ACCdd5cc0d275,,False,
ACCc64a56bdad,,False,
ACC303d1dfbf0,,False,
ACCc2b29a1f76,,False,
ACC4fae0a7186,,False,
ACC9955a95ec8,,False,
ACC6e3f682c13,,False,
ACCd5ce885adb,,False,
ACC199bff2110,,False,
ACCb8221079b0,,False,
ACC8ad152cfdf,,False,
ACC72ff1cd94c,,False,
ACC53d812dff6,,False,
ACC9cd58a8c31,,False,
ACC9d95090b58,,False,
ACCfcde8cd2b9,,False,
ACC5538e8e70c,,False,
ACCf4f8342958,,False,
ACC37d440fac6,,False,
ACC8644b24049,,False,
ACCc980d1fce6,,False,
ACC8ee464f5f1,,False,
ACCa03e14b26f,,False,
ACCab9a03033a,,False,
ACC499c830f54,,False,
ACCf0eddc744d,,False,
ACCf163fd3299,,False,
ACC5f948ff0c1,,False,
ACC1de80713b3,,False,
ACC95dce9d571,,False,
ACCf786d8abfc,,False,
ACCca6cc55f64,,False,
ACC425e08d91e,,False,
ACC2191b8cf59,,False,
ACC290138d642,,False,
ACC0c17b395d7,,False,
ACC97c36cc918,,False,
ACCf6f820f365,,False,
ACC85675ea467,,False,
ACCd6322a5453,,False,
ACCb99179f86d,,False,
ACCbd27c8e75c,,False,
ACCe853bd9a90,,False,
ACC2f864679fe,,False,
ACCedff0e0ba6,,False,
ACC1325893205,,False,
ACC6720c1d843,,False,
ACC13d311b842,,False,
ACC7486306ff0,,False,
ACC6783c5a704,,False,
ACC2ce805e9f5,,False,
ACCb04892098f,,False,
ACC6a2f01ca21,,False,
ACCe57b7e6088,,False,
ACCa27997be8f,,False,
ACC085c0070c4,,False,
ACCadb78e9617,,False,
ACCf4c0394ca1,,False,
ACC05af6c1e6d,,False,
ACC13ede16ee7,,False,
ACC82f198588e,,False,
ACC823d0a9534,,False,
ACCc3ba4ae10f,,False,
ACC2589f5f924,,False,
ACC9fd397fc4a,,False,
ACCc56a8a49ea,,False,
ACC6c0ad44d3a,,False,
ACCb23abc3b4f,,False,
ACC8fc62bf9a1,,False,
ACCa19a8c7775,,False,
ACCf507fbd20b,,False,COINC0009
ACC354994af6d,,False,
ACC3cfd2e47ee,,False,
ACC4d78a3d9b2,,False,
ACCd3bf773ced,,False,
ACCeb9aae5577,,False,
ACCe0391f20c7,,False,
ACCa633386fb0,,False,
ACC8a5c73d622,,False,
ACC08c35cb355,,False,
ACC73a9e2d076,,False,
ACCb856c87c3b,,False,
ACC39a0eb8137,,False,
ACC387d57ff0b,,False,
ACC5c948d6612,,False,
ACC122d21323e,,False,
ACC8c47787677,,False,
ACC2ab4d71ec7,,False,
ACC78d239ee40,,False,
ACC07dd3e829c,,False,
ACC87230c877f,,False,
ACC951cedcc89,,False,
ACC38f1268dd1,,False,
ACC05b6e3fd1c,,False,
ACCc140bc1798,,False,
ACC434a45308c,,False,
ACC51e0676f01,,False,
ACC00611049f0,,False,
ACCc10301026a,,False,
ACC84e8ba7513,,False,
ACC24205f27b9,,False,
ACCda8c7fe16e,,False,
ACC47acc628a3,,False,
ACC83cbb004d8,,False,
ACC03ada72bae,,False,
ACC340640c7a2,,False,
ACCbe8d23666f,,False,
ACC45efdf0056,,False,
ACC20c36fafee,,False,
ACC1476a9bfae,,False,
ACC6dc0db6f21,,False,
ACCad8e0ba776,,False,
ACC28b642a0f9,,False,
ACCc1e5d9266f,,False,
ACC190816f761,,False,
ACC182c712b83,,False,
ACCa5f8606d86,,False,
ACC9d17e31ed1,,False,
ACCb49f3b971b,,False,
ACC697155b31f,,False,
ACC4784575ed8,,False,
ACC22f9031975,,False,
ACC96c59d6c91,,False,
ACC8d9c547b5e,,False,
ACCaa70513263,,False,
ACC486ac27a60,,False,COINC0047
ACC0464b9d11f,,False,
ACCe9ca57941b,,False,
ACC4297e716ad,,False,
ACC79870a95d2,,False,
ACC66fea6953f,,False,
ACC39b51b6d48,,False,COINC0040
ACCcff69ed735,,False,
ACCbfa1f66756,,False,
ACC5dec162465,,False,
ACC1b7c6163cb,,False,
ACC956040ebd7,,False,
ACCc6705c5f66,,False,
ACCc94984c002,,False,
ACC9bc4f09225,,False,
ACC4fec33c4d4,,False,
ACC5edd97a055,,False,
ACCd2e88d1130,,False,
ACC3b5752c465,,False,
ACC5cde31b38f,,False,
ACC83fefcc536,,False,
ACCfef23df906,,False,
ACCb305de213c,,False,
ACC97dacddd43,,False,
ACC323ff2e06e,,False,
ACC2e6dfc049a,,False,
ACCa5c3be9e55,,False,
ACCda41ecfb8e,,False,
ACC2a7129d33c,,False,
ACC584cad206a,,False,
ACC7e30f94844,,False,
ACC84f0dc4fbd,,False,
ACC5e165a4120,,False,
ACC7290db739b,,False,
ACC5d11e09045,,False,
ACC32ffc3347c,,False,
ACC6e170a46bf,,False,COINC0016
ACCc4c8244b00,,False,
ACCbf733ac388,,False,
ACC701ca2c041,,False,
ACC17eeca83d8,,False,
ACC74225ee6dc,,False,
ACCe131824ddf,,False,
ACCd36985697f,,False,
ACC715698e250,,False,
ACC92c90df586,,False,
ACC7211864d3e,,False,
ACC152b219164,,False,
ACC1b20c844bd,,False,
ACC1030364442,,False,
ACCc66e3ea5a2,,False,
ACCeed9807444,,False,
ACC2c0a728c21,,False,
ACC854ee8140c,,False,
ACCd7032ac977,,False,
ACC69caac0553,,False,
ACCdd8c02e2fe,,False,
ACC7a43ee796e,,False,
ACC9cc13e5b13,,False,
ACC970ebffb59,,False,
ACC2b54977302,,False,
ACC48b4f27773,,False,
ACC88fea80ab1,,False,
ACC36ef82feb1,,False,
ACC32b951197b,,False,
ACC0b08b8e1e6,,False,
ACC6f8030622f,,False,
ACC13c6054310,,False,
ACC7f242f808e,,False,
ACC52792bdef8,,False,
ACC4c9da78b63,,False,
ACC87e773dc39,,False,
ACC6422bb782e,,False,
ACC72050a1780,,False,
ACC440beed7de,,False,
ACC67d180bd4a,,False,
ACC52069b9243,,False,
ACC6e396ce60e,,False,
ACC2eea40fb7e,,False,
ACC285279e4a7,,False,
ACC63260c2180,,False,
ACCd36b123429,,False,
ACC69a6ce39b1,,False,
ACC0c5ed4dbf4,,False,
ACC1196804b0c,,False,
ACC73a02e3a99,,False,
ACCf0a59f9018,,False,
ACCf256c5c3a7,,False,
ACC5607b2366a,,False,
ACC9e77fbe131,,False,
ACC7d507331f2,,False,
ACC676c0a9829,,False,
ACC0767fba3e8,,False,
ACCc5db4d8228,,False,
ACC8b29d281fc,,False,
ACCeefa8542e7,,False,
ACCc180701209,,False,
ACCa167515838,,False,
ACC9932ef5cef,,False,
ACC4c5cab12a4,,False,
ACC1b683f0ab2,,False,
ACC3e9abe1416,,False,
ACC958b4641fa,,False,
ACCc13a8eda93,,False,
ACC56beaed4ab,,False,
ACC1e6e8a7635,,False,
ACC5dcc23f837,,False,
ACC68d1df3f3a,,False,
ACC4ee7927a34,,False,
ACC771c9947df,,False,
ACC36ce75cd81,,False,
ACCc9e902cbe0,,False,
ACCc5d9cae4b2,,False,
ACC0fdcccd266,,False,
ACC5e1c6eac4f,,False,
ACC1037fce2fe,,False,
ACC905ecc70ee,,False,COINC0009
ACC5690eeab5e,,False,
ACC1c63205157,,False,
ACC707ca981dc,,False,
ACCfbd7d5829e,,False,
ACC8cbc7d0e71,,False,
ACC100e16f6f6,,False,
ACCe6df221981,,False,
ACC82f77680d9,,False,
ACC58ab678b6f,,False,
ACCe0eda99ad8,,False,
ACC3bc81492a0,,False,
ACCe9adcbe04d,,False,
ACCd9e4e5d66c,,False,
ACC59724d4f55,,False,
ACC332ca69a92,,False,
ACC62a639e007,,False,
ACC966c97e008,,False,
ACC4cd0cdba53,,False,
ACC11d8d7a7fa,,False,
ACCf29e445ec6,,False,
ACC2d6d45f37b,,False,
ACC1a148e1d1a,,False,
ACCa7bd366f62,,False,
ACCba831f35e6,,False,
ACC33b56365b1,,False,
ACC068712b72c,,False,
ACC2053fea652,,False,
ACC47f014e301,,False,
ACCc5fb7ccb84,,False,
ACC145ea28d78,,False,
ACC3687977bbc,,False,
ACC09d6765df9,,False,
ACC3cc951a888,,False,
ACCd4dc4944ca,,False,
ACCfe9b3f0a0f,,False,
ACCb50b0d7d32,,False,
ACCaf250c7ef0,,False,
ACC5e88b10f8f,,False,
ACC57e0ff30ca,,False,
ACC6057057aa2,,False,
ACC29888a0b00,,False,
ACC11b444b257,,False,
ACCe4af2ac201,,False,
ACC84b358cf77,,False,
ACCd38b3067ea,,False,
ACC96532bd183,,False,
ACCa308f105cf,,False,
ACC66aff72383,,False,
ACC16efc20ad2,,False,
ACC11823b1632,,False,
ACC5cdd28d921,,False,
ACCd3e7028259,,False,
ACC7196d44be7,,False,
ACCf84ba3c004,,False,
ACC80b095e8a8,,False,
ACCa786be511e,,False,
ACC6526287aea,,False,
ACC1e466f9dd5,,False,
ACC42630d5b0a,,False,
ACC92bdc4cb86,,False,
ACC034d509fe1,,False,
ACC3dde0d6f2d,,False,
ACCd46427f4dc,,False,
ACC1209d189b5,,False,
ACCe01f268594,,False,
ACCc0ab87d0f4,,False,
ACC21f7d92a82,,False,
ACCcf92aac42f,,False,
ACC3b3cc97aa5,,False,
ACC9ee821e774,,False,
ACC6cfea9f602,,False,
ACCa60d681f05,,False,
ACCba82aa4b7d,,False,
ACC73f5125f87,,False,
ACC426e925e92,,False,
ACCe4ae19a511,,False,
ACCc18cf75f05,,False,
ACC011763226b,,False,
ACCe8362a19a4,,False,
ACC98a6a4b3b2,,False,
ACCe17accd122,,False,
ACC00b979006d,,False,
ACC0c4b21c13c,,False,
ACC8a34ffffb3,,False,
ACC628a8aa336,,False,
ACCe2083eccbf,,False,
ACCa7989d1607,,False,
ACC606588f3f1,,False,
ACCe26285a017,,False,
ACCa317983a6d,,False,
ACC2266b3a38a,,False,
ACC535b294f8c,,False,
ACC1704f9f927,,False,
ACC3a418596fe,,False,
ACC5b63d7d7bf,,False,
ACC85c2c02f00,,False,
ACC339fd5fd8c,,False,
ACCfb94e73d51,,False,
ACC723525148d,,False,
ACCcc2d31242f,,False,
ACCc317150ef2,,False,
ACC6ac6f63091,,False,
ACC6be6fe3f09,,False,
ACC2212d8ec6b,,False,
ACC7b79898c44,,False,
ACC90421c8cd1,,False,
ACC29abb4f638,,False,
ACC6d7e6f3d96,,False,COINC0039
ACC73565aba40,,False,
ACC9d95806fab,,False,
ACC17075ea5a6,,False,
ACCd6f641bef1,,False,
ACC508539cd34,,False,
ACC3a67241173,,False,
ACC9f0b05d9e1,,False,
ACC40c6224992,,False,
ACC0327d9c7af,,False,
ACCbd199777d9,,False,
ACC4217d3fd87,,False,COINC0039
ACC44f608cfd8,,False,
ACCb3c46bb202,,False,
ACC775d166edb,,False,
ACC06effe5d24,,False,
ACCccd221ebb7,,False,
ACC6c1746ed1b,,False,
ACCca2ec41b82,,False,
ACC390de68f58,,False,
ACC96a8497baf,,False,
ACCaf6181d587,,False,
ACC2ec0d0032a,,False,
ACC1ce5834ee1,,False,
ACCcbeeb541ea,,False,
ACC860689d60d,,False,
ACC2cb749cab5,,False,
ACC126980c56e,,False,
ACC71da52ac83,,False,
ACCaa892dbd09,,False,
ACCfbc57b3900,,False,
ACC15f0ea1a83,,False,
ACCa69f4957b9,,False,
ACCe3da051481,,False,
ACC1d2316121e,,False,
ACC29cd84e85b,,False,
ACC417fc5af5c,,False,
ACCfc556016fc,,False,
ACCcfa484032c,,False,
ACCef40dd6200,,False,
ACC6eab7ff237,,False,
ACC9c8d6d4379,,False,
ACCa2cb9e83a8,,False,
ACCa9af2260ad,,False,
ACC6345bfa1c0,,False,
ACC5c35157fe0,,False,
ACCa0576549e2,,False,
ACC47b6d1ed08,,False,
ACC60e36b5dd7,,False,
ACC1eeaecb85d,,False,
ACC3aacd41a02,,False,
ACC982b4d214a,,False,
ACCcd99d896bd,,False,
ACCf7385cd910,,False,
ACC33e00fe5eb,,False,
ACC0f4ca6486f,,False,
ACC0ca599aee0,,False,
ACC9922c106a6,,False,
ACCc956d1a5d4,,False,
ACCc5c976ba77,,False,
ACCd16edce0a8,,False,
ACC2141d93f58,,False,
ACCa9a9c507a2,,False,
ACCd61415829a,,False,
ACC9dee208209,,False,COINC0045
ACC1dc145dfdc,,False,
ACC0b6f85fa03,,False,
ACC19a8c13c1c,,False,
ACCcbc5cfb750,,False,
ACC0f25ed5073,,False,
ACC073beec089,,False,
ACC214d199c1a,,False,
ACC224fe54032,,False,
ACCc311d4b25b,,False,
ACC84026f140f,,False,
ACC1e8310c8a6,,False,
ACCbea9e7ed9a,,False,
ACC080bb5b299,,False,
ACCa80092d177,,False,
ACC9e6d3878dd,,False,
ACC58927f4dc4,,False,
ACC22a6aab4e2,,False,
ACCf67e9fa8cd,,False,
ACC9da1b25e01,,False,
ACCfb3530569d,,False,
ACC167dc0bda8,,False,
ACC76351c5a13,,False,
ACC746ae34426,,False,
ACC0e44538a9b,,False,
ACCc320372775,,False,
ACC8b51dc3655,,False,
ACC6d26e7d5be,,False,
ACC3f4c4777a3,,False,
ACCf795b88e03,,False,
ACC676014f657,,False,
ACCe50253c9ac,,False,
ACC9b077dd366,,False,
ACCf9cca182d3,,False,
ACC30708e438e,,False,
ACCe5fe4eaf2a,,False,
ACC7d96a6afdc,,False,
ACC61a2cd8749,,False,
ACC9403951b7e,,False,
ACC4a7b85d680,,False,
ACC80d26826ec,,False,
ACC0e8e157014,,False,
ACC941e2d70ce,,False,
ACC43ca529b8c,,False,
ACCcfec4c985b,,False,
ACC933675b641,,False,
ACC112a88dd93,,False,
ACC12f00dd446,,False,
ACCffb883b2fd,,False,
ACC44cb6f1843,,False,
ACCbfc85fa3d8,,False,
ACC73ffcd1f12,,False,COINC0016
ACC58d08a7723,,False,
ACC9e2030d817,,False,
ACC595e697511,,False,
ACC0501877117,,False,
ACC6f5a09b7ca,,False,
ACCbccd21939c,,False,
ACCaf46787b82,,False,
ACC1596d65681,,False,
ACCfdee0c7d65,,False,
ACC8a3496abf1,,False,
ACCc8b8726251,,False,
ACCcd9281e162,,False,
ACC5d92f8dd68,,False,
ACCfb2b402e33,,False,
ACCe9578740de,,False,
ACCbacf3fced4,,False,
ACC8441037875,,False,
ACC611d5593f3,,False,
ACC93f7cfaeac,,False,
ACCd2bfbcf086,,False,
ACC5e56eed7de,,False,
ACCa3a6933ffc,,False,
ACCaead0b0d94,,False,
ACC7a08e572ac,,False,
ACCcb8043f39f,,False,
ACC300c26ccbe,,False,
ACC47709f68ce,,False,
ACC93a9dd6871,,False,
ACCb0320a3449,,False,
ACC30c2135344,,False,
ACC2b3572c00a,,False,
ACC16ce20f615,,False,
ACC33e196e940,,False,
ACCa30d46ed32,,False,
ACCa146acfea5,,False,
ACCbd1589e6a7,,False,
ACC5f143f88e3,,False,
ACC7e0b220383,,False,
ACC7213b249e8,,False,
ACC5f22bd638b,,False,
ACC2bf727c4b9,,False,
ACC72274e1cd5,,False,
ACC9d56504516,,False,
ACC1050f5873f,,False,
ACC3ac5b4ca5d,,False,
ACCe2cdfb85e9,,False,
ACC2434af7aea,,False,
ACC9b6f1df3d5,,False,
ACCe5c563dcb7,,False,
ACCdac73053a1,,False,
ACC848e62fb7c,,False,
ACC9e320ea0d6,,False,
ACC1d82f9f272,,False,
ACCca8ed5327c,,False,
ACC0221553550,,False,
ACC45a759cbe3,,False,
ACC31a04df3da,,False,
ACC6c45db39c6,,False,
ACC6ef9ed86d8,,False,
ACCf2d086250c,,False,
ACC92d25de29c,,False,
ACC910a2b9608,,False,
ACCc8be6aac7b,,False,
ACC05f2251e5c,,False,
ACC2d24edab55,,False,
ACC812c1e18f7,,False,
ACC2772e60502,,False,
ACCfa45a391b3,,False,
ACCe2cfefa389,,False,
ACC6c06b871d1,,False,
ACCb130b89d39,,False,
ACC44e9d0f0a4,,False,
ACC13f09d854a,,False,
ACC9e3ca3d9c0,,False,
ACC1594e7d4d1,,False,
ACCe2ac35015a,,False,
ACCfc7a3bc38d,,False,
ACC06b1591d35,,False,
ACC984dc677e7,,False,
ACC55e9153505,,False,
ACC54b177c579,,False,
ACC5ca991ce9e,,False,
ACCac3ed79962,,False,
ACCd8ef957726,,False,
ACC820d715925,,False,
ACC92ceab56f6,,False,
ACCe1e3a18947,,False,
ACC3d1f933c9a,,False,
ACC3397c97fa9,,False,
ACCed67440ebe,,False,
ACC7d16b86c50,,False,
ACCce177a676c,,False,
ACC50aeb8ca31,,False,
ACC8bcd4334ac,,False,
ACC0a52558b56,,False,
ACC665d419abc,,False,
ACC662930e3e8,,False,
ACCd9e2cb85cd,,False,
ACC758d7f300a,,False,
ACC04e74d0b7b,,False,
ACC5989f8f24b,,False,
ACC91bff070f5,,False,
ACC21dbec8cdc,,False,
ACC2ee8d25998,,False,
ACC3b9e7260de,,False,
ACC2db509bdf6,,False,
ACC4a29291461,,False,
ACCd2fa51ab95,,False,
ACC6331caded4,,False,
ACC7dfd18a953,,False,
ACC3ae2d79416,,False,
ACCc8eb555f90,,False,
ACC471500fcd7,,False,
ACCf2b1f83741,,False,
ACC16e2846001,,False,
ACC466b7a529b,,False,
ACC22ce2bfbaf,,False,
ACCd9418a46c1,,False,
ACCcf38a9b815,,False,
ACC5c26aeddbf,,False,
ACC4a99f3507c,,False,
ACCce4ed08e75,,False,
ACC2f35142656,,False,
ACC05801fb618,,False,
ACC86d5b65f12,,False,
ACC7d6231c98c,,False,
ACCff097fc601,,False,
ACC4c6ac89160,,False,
ACCdde610f7dc,,False,
ACC5a9f632865,,False,
ACC88d7320ad8,,False,
ACC7b6c9d8057,,False,
ACC5ee14903bf,,False,
ACC750c568665,,False,
ACCda89af75a7,,False,
ACC7bbeb77a10,,False,
ACCa3d8483683,,False,
ACCf56bf90f2b,,False,
ACC3f7a448a2c,,False,
ACCa0b31067de,,False,
ACC0147148cbe,,False,
ACCcf2551b3fd,,False,
ACC644bad9b0c,,False,
ACCdcc01bf6a1,,False,
ACCc04de4febe,,False,
ACCd1b277ae96,,False,
ACC69a17a81a1,,False,
ACC92f1135d01,,False,
ACCb43ed88822,,False,
ACC2491c8e50f,,False,
ACCc978200979,,False,
ACCbfb89b73e2,,False,
ACC032fb9249a,,False,
ACC3c12dd8ca3,,False,
ACC2bfa1aaecd,,False,
ACC0674993b7a,,False,
ACCd71d42c416,,False,
ACCfe565ce17e,,False,
ACCc89631e51a,,False,
ACC9fb2a3ddfa,,False,
ACC726e3cc08a,,False,
ACCf9a93dc132,,False,
ACCce47d782ea,,False,
ACCfff3375c53,,False,
ACCb25da8c01c,,False,
ACCc395d587ba,,False,
ACC2358877aee,,False,
ACC2cf540c8be,,False,
ACC56de56ee6d,,False,
ACCa7c2860aee,,False,
ACC8208983138,,False,
ACCcd32487be9,,False,
ACCbfa56c0d2f,,False,
ACCb0e0b38208,,False,
ACC9e22ac34b2,,False,COINC0027
ACC3dd541d387,,False,
ACCa16c190993,,False,
ACC5f417a2790,,False,
ACC089e725cf2,,False,
ACC4dc66b58d9,,False,
ACC29cd34098d,,False,
ACCbd590e6e72,,False,
ACCb70b06767e,,False,
ACC8ac3569c1d,,False,
ACCba23a39cd2,,False,
ACC0dda291163,,False,
ACCb985622fe7,,False,
ACCcacf611306,,False,
ACC82a334da11,,False,
ACC59402875db,,False,
ACC31112354de,,False,
ACC678f599ba2,,False,
ACCbac52df393,,False,
ACC5cc4c5d007,,False,
ACC1b5dc536a7,,False,
ACC7d6486d90a,,False,
ACCd213ae7999,,False,
ACC1ccc07136b,,False,
ACCf7bcc5971c,,False,
ACC59fc8360ab,,False,COINC0043
ACC20e5febffd,,False,
ACC3fc5dbd9ab,,False,
ACCad3c81d2fa,,False,
ACC761f6ed288,,False,
ACC05712167fc,,False,
ACC4e3a657cd1,,False,
ACCedc0a9c291,,False,
ACC00819d844b,,False,
ACC07a631c9b3,,False,
ACCbd1d03aaf1,,False,
ACCe69e6cbbea,,False,
ACCd58a4f124e,,False,
ACC041cb67331,,False,
ACCaa43895bd3,,False,
ACC96c26dce8b,,False,
ACC810c64aa83,,False,
ACC97dffef371,,False,
ACC7b71039d06,,False,
ACCfc9925f00e,,False,
ACC10f081e173,,False,
ACC4450285f99,,False,
ACC408912c996,,False,
ACC823166c94a,,False,
ACC8fb54ea158,,False,
ACC20b5da5425,,False,
ACC8ced321d31,,False,
ACCda48765a06,,False,
ACC1da175349a,,False,
ACC61ac404150,,False,
ACC6eba609153,,False,
ACCe959882847,,False,
ACCbbb9078207,,False,
ACC91e4f28276,,False,
ACCea3df82831,,False,
ACC21f951124d,,False,COINC0029
ACCb50b34134b,,False,
ACC306608e88d,,False,
ACC69128088f4,,False,
ACC3d15ed9103,,False,
ACC46de98e66b,,False,
ACCe8991ed51f,,False,
ACC97dffc3867,,False,
ACCe961e3a2b5,,False,
ACC6b1b144745,,False,
ACC6b1d57197a,,False,
ACC3262bdf61d,,False,
ACC1156753305,,False,
ACCb16fc59697,,False,
ACCd36da87487,,False,
ACC78bfca9d5a,,False,
ACC6203f52975,,False,
ACC0619ee26b9,,False,
ACCe978b57cf2,,False,
ACCae3b203f4f,,False,
ACC5584f5c938,,False,
ACC2ee142b038,,False,
ACC39d32b478f,,False,
ACC921d05f3e1,,False,
ACCd5f046cdfd,,False,
ACCcfbefafda9,,False,
ACCd7674dfbe4,,False,
ACC217a48c8e6,,False,
ACCb9db5f11f9,,False,
ACCe66f47784d,,False,
ACC6e9e368918,,False,
ACC534db61d9d,,False,
ACCa9be78488b,,False,
ACC7ac50f501d,,False,
ACC004fabd76f,,False,
ACCbcb36db4e9,,False,
ACC6e47f02fc5,,False,
ACC8417e13b42,,False,
ACCb1b641e9bd,,False,
ACC3d77fd5c35,,False,
ACC566e04a5c6,,False,
ACCe2edc15955,,False,
ACC2f067cfb58,,False,
ACC0bb0b9a3e5,,False,
ACC918bbb8cf5,,False,
ACC527b07132c,,False,
ACCb9150619e1,,False,
ACC841c943164,,False,
ACC1ba5eb620d,,False,
ACC39220e4352,,False,
ACC9693717768,,False,
ACCfaa977a117,,False,
ACC1905cfd7db,,False,
ACCd47a2063e4,,False,
ACCa92cdf4867,,False,
ACCa09a11a206,,False,
ACC19ae66fb69,,False,
ACC03e2f5174c,,False,
ACCf3eec1e34b,,False,COINC0029
ACC499c5b76a6,,False,
ACC6b355c2548,,False,
ACC5be6797205,,False,
ACC6a5ce573a6,,False,
ACCc126c50f3d,,False,
ACCd82c80005d,,False,
ACCd6cb59d40e,,False,
ACC099c4e1fd0,,False,
ACC476a5b7b9b,,False,
ACCc28dcb2259,,False,
ACCe8538c34f6,,False,
ACC6fbcc6d2a0,,False,
ACCc976988685,,False,
ACC00cc709b2c,,False,
ACC28a32755d8,,False,
ACC5d957747b1,,False,
ACC66dc960fc8,,False,
ACC49a25b12b5,,False,
ACC7c12f132e9,,False,
ACCe8495e2f33,,False,
ACCac65fd9c0d,,False,
ACCbbe12621ca,,False,COINC0019
ACC340802c712,,False,
ACC7d669b328a,,False,
ACC7f675ad7ad,,False,
ACC4c21473215,,False,
ACCed8e63781d,,False,
ACC81a828d8d1,,False,
ACC79bf81128a,,False,
ACC056e6e9042,,False,
ACCf484c6ea69,,False,
ACC92bec1a107,,False,
ACC5f0ee653ed,,False,
ACCdca2b04e8a,,False,
ACC715e3e94b2,,False,
ACC71fec7ec7a,,False,
ACCfeec44b805,,False,
ACC8d57fe2574,,False,COINC0015
ACC1875f4376f,,False,
ACC7639ba06cb,,False,
ACCd613de353e,,False,
ACC1342a55076,,False,
ACC1d03e7ed7b,,False,
ACC22bf5b1faa,,False,
ACCabd2179eb6,,False,
ACC54874fa140,,False,
ACCb9eaf48d7c,,False,
ACC160c98cad9,,False,
ACC3673ea6b8a,,False,
ACC04b054fed8,,False,
ACCfd739ffe86,,False,
ACC881b24a076,,False,
ACCba4a2fdec2,,False,
ACCad2a4c2139,,False,
ACCb1882dbd5f,,False,
ACC3eeb88a5c9,,False,
ACC18d72b04ba,,False,
ACC499e292b3c,,False,
ACC667c588e0e,,False,
ACC738059b56d,,False,
ACCbab3d10dca,,False,
ACC922d1ef609,,False,
ACCe19d35cb68,,False,
ACCa04886c701,,False,
ACC553965d12b,,False,
ACCd0d4056ddb,,False,
ACC147874a500,,False,
ACC65e7a10648,,False,COINC0033
ACC43b2abb962,,False,
ACCa2570d3e7d,,False,
ACC66e287694c,,False,
ACC09f81e0d52,,False,
ACCd936fdab2f,,False,
ACC641e16ac49,,False,
ACCf17153360f,,False,
ACC855e5a2adf,,False,
ACC7de00469db,,False,
ACC0479454f4e,,False,
ACC2c1df70624,,False,
ACC75661afdfa,,False,
ACCfb38983225,,False,
ACCcc19ca212d,,False,
ACCdf4c67f7a8,,False,COINC0022
ACCf3d477adae,,False,
ACC4a465a8ee0,,False,
ACC1931c355a6,,False,
ACC39c32a5014,,False,
ACC5a78f3906f,,False,
ACCe5a36660eb,,False,
ACCf47beb0502,,False,
ACC43c70d15b2,,False,
ACC40ebfea812,,False,
ACC588661044b,,False,
ACCe150d4fde4,,False,
ACC284d32f6fd,,False,
ACCc91d70c4d0,,False,
ACC50f7847c23,,False,
ACC4a0496eb09,,False,
ACC79a5d3418b,,False,
ACC4ce5f08042,,False,
ACCf7877ff390,,False,
ACC80acae5a58,,False,COINC0020
ACC5aaa797e38,,False,
ACC647d4f3aa8,,False,
ACCb5f90fd206,,False,
ACCf2d31d9249,,False,
ACC4db6fe40b0,,False,
ACCfc57abaff7,,False,
ACC074ae1ae94,,False,
ACC09efba8d39,,False,
ACC0b72a45fb6,,False,
ACC4639fccc99,,False,
ACCbab60616e7,,False,
ACC1caca3074b,,False,COINC0042
ACC9eaa2477c3,,False,
ACC1608876193,,False,
ACCdab569eeed,,False,
ACCb926e0bb4d,,False,
ACC08b84f6203,,False,
ACCed32a7b1ae,,False,
ACCf75371d822,,False,
ACC047251d24a,,False,
ACC1e739a680a,,False,
ACC3b94124d6d,,False,
ACCb657c267a4,,False,
ACC02df74ac83,,False,
ACC703a682305,,False,
ACCb500b5133f,,False,
ACC8402a84778,,False,
ACC03429af75e,,False,
ACC79590c8800,,False,
ACCafb556a810,,False,
ACC9765b0696e,,False,COINC0036
ACC8f4de5e40f,,False,
ACC81dedc13ce,,False,
ACC1fe7bff53e,,False,
ACC3b4e7ddd17,,False,
ACC1c1e44993c,,False,
ACC2bba31823d,,False,
ACC88299d9e62,,False,
ACC0a83e3e37c,,False,
ACCaeeaa294a8,,False,
ACC743c8b9abb,,False,
ACC40704673b3,,False,
ACCf8a15bccc9,,False,
ACC6eb598a4b3,,False,
ACC6587b031d9,,False,
ACC75fa603c1a,,False,
ACC200e0c943e,,False,
ACCf9ce28dd0c,,False,
ACC16f7073a27,,False,
ACC58494b09d3,,False,
ACCf11df4faca,,False,
ACC1b0ac711cd,,False,
ACCcfcae5a2bb,,False,
ACCa0de15a58e,,False,
ACC986fe494cc,,False,
ACC8eaa0b602d,,False,
ACC8b3a884ded,,False,
ACC4aff582b5d,,False,
ACCf8d162374d,,False,
ACCf01250a4a2,,False,
ACCdf3029474f,,False,
ACCebb5e1f4c7,,False,
ACC36f76c193b,,False,
ACCcc3a1be97d,,False,
ACCcfd51989cd,,False,
ACC3b5d2b859e,,False,
ACCf274bc90d2,,False,
ACC35e19fab49,,False,
ACCd8962f325a,,False,
ACC5e96693f80,,False,
ACC43b78f4274,,False,
ACC500330f53a,,False,
ACC2a463ef63c,,False,
ACCd94092d00d,,False,
ACC4ad43c3016,,False,
ACCce3a3fbcc3,,False,
ACCa25797f8fb,,False,
ACCc68055537c,,False,
ACC133e6c6975,,False,
ACCf1c584dae1,,False,
ACC01f71b8392,,False,
ACC41e0652685,,False,
ACC244cbcab37,,False,
ACC44c0ab5fe1,,False,
ACCf9cbd21f02,,False,
ACCb9ed4fe66e,,False,
ACC74a34b724a,,False,
ACC7d45bd0801,,False,
ACC88533ac580,,False,
ACC33ec4d9551,,False,
ACC59729d9461,,False,
ACCe902031528,,False,
ACC6c66081e54,,False,
ACC98cc571be0,,False,
ACCef254b13cb,,False,
ACC284d947d0e,,False,
ACC0e4195d594,,False,
ACCd43f50a6b0,,False,
ACCd2dc2e6367,,False,
ACC0512967936,,False,
ACC0c4c24a86a,,False,
ACC761e4853f0,,False,
ACC3852a46dcb,,False,
ACCac36e5af27,,False,
ACC7822c7cc49,,False,
ACC898cf32e7d,,False,
ACC4e51962217,,False,
ACC296e5bf56a,,False,
ACC8ff9e4e075,,False,
ACC0b3a5af298,,False,
ACCc92f7bfafa,,False,
ACC1f50ca320d,,False,
ACC5c8a09f501,,False,COINC0008
ACCefd3b27d46,,False,
ACCe1d23140fd,,False,
ACCaf234352e7,,False,
ACC2f59df374f,,False,
ACC50fc7572f7,,False,
ACCa73ada40ea,,False,
ACCc9c7f92f8b,,False,
ACC181bacb20b,,False,
ACCb4f4f1d790,,False,
ACC461ab4585d,,False,
ACC0e3cc13048,,False,
ACC210d74f910,,False,
ACC6e3bd20d78,,False,
ACC6b4a66fd8b,,False,
ACC0d08eff6f7,,False,
ACCabe2dae239,,False,
ACCbb8a18c644,,False,
ACCc9c38176da,,False,
ACCc843b7d52a,,False,
ACC8752a75bc5,,False,
ACC4da7358843,,False,
ACC773c4d17ea,,False,
ACC7864d78a55,,False,
ACC7dedb4004c,,False,
ACCbfff20b833,,False,
ACCbc70111d9b,,False,
ACCea3f78517a,,False,
ACCc0f8dbc8ae,,False,
ACC7eedc029f4,,False,
ACCd7c9984032,,False,
ACCe1deaef72b,,False,
ACCc92e9218de,,False,
ACCc77bbfd0e1,,False,
ACCb04c72a055,,False,
ACCcd97eeb4d8,,False,
ACCaff1c81d34,,False,
ACCc1eae0e3b7,,False,
ACC67acdc696c,,False,
ACC0549aa65ca,,False,
ACC2ec6a8f1cf,,False,
ACC5a3ec62535,,False,
ACC04bb7bbc3e,,False,
ACC9b4e162dcd,,False,
ACCcf3d607311,,False,
ACCeecb82365d,,False,
ACC64c7a743ed,,False,
ACC150dd858c6,,False,
ACC8e6f4beaf3,,False,
ACC42a1c0ff27,,False,
ACCedf8b44b40,,False,
ACC945c37b753,,False,
ACCabd9d5ea85,,False,
ACCab451c25cd,,False,
ACC168f23129a,,False,
ACC4b1663a047,,False,COINC0025
ACC4e41b8534c,,False,
ACC32d1abdfe5,,False,
ACC54e219cb88,,False,
ACC134398475c,,False,
ACCaf7fd55454,,False,
ACC034894b731,,False,
ACC6a3d01a790,,False,
ACC03f0c30ab9,,False,
ACCcbacc9a059,,False,
ACCbb84cb187a,,False,
ACC74fcac6477,,False,
ACC0219b4651d,,False,
ACC61c8cf2192,,False,
ACC94589a24d6,,False,
ACC5c4f6d1fcc,,False,
ACCb77499b4c1,,False,
ACCa2dafccb2f,,False,
ACCba14282476,,False,
ACC0ac97344eb,,False,
ACC4a9fc7fb26,,False,
ACC03abdd48f8,,False,
ACCb118dce3ff,,False,
ACC999ca5a274,,False,
ACC7b00c26e9f,,False,
ACC2fa46f7852,,False,
ACC1735e4768a,,False,
ACC1c774f42fc,,False,
ACC9700010858,,False,
ACC29746f4b8c,,False,
ACC6c5b6b9e83,,False,
ACCfd2c05d039,,False,
ACCaf7f265b22,,False,
ACC135c0ed15f,,False,
ACCaf3608ba64,,False,
ACC42c8d61a5a,,False,
ACC91758f5c0e,,False,
ACCf37a5a8434,,False,
ACCdf8d2b0569,,False,
ACCf22cada6a8,,False,
ACC89917f5ad0,,False,
ACC1d4c3b3ffe,,False,
ACCc1ed6cc260,,False,
ACC1194c1a9cb,,False,
ACC172ead9ee1,,False,
ACC826e7f9484,,False,
ACCef8ade0927,,False,
ACC4421d02fe2,,False,
ACC8c532f96a5,,False,
ACC0c10cffa94,,False,
ACCbb7ebc335a,,False,
ACCc087f55a08,,False,
ACC8bb46cfc0d,,False,
ACC7e6b4e68f3,,False,
ACCe37416ed31,,False,
ACCe64e16da8c,,False,
ACC54f7ca156c,,False,
ACC59953ccb96,,False,
ACC7957bb383a,,False,
ACC891cef5a4c,,False,
ACCe60b967c99,,False,
ACC0a15ad0554,,False,
ACC8b6b1b7962,,False,
ACCe9683ce362,,False,
ACCf7aa353d49,,False,
ACC8201110d10,,False,
ACC834b27d7d1,,False,
ACCd8fdd66c76,,False,
ACCd8bade2a8f,,False,
ACC3f19c11d15,,False,
ACC26fb4e3b18,,False,
ACC7768a4ddfc,,False,
ACC12e380d531,,False,
ACC3bd70b0e88,,False,
ACCb45e02b9b8,,False,
ACCa141d8ff4a,,False,
ACCe3e6ea9ebf,,False,
ACC3412bde26a,,False,
ACC90a76a923a,,False,
ACC42f6120040,,False,
ACC3b2570b6e0,,False,
ACC3a64a33b4f,,False,
ACC0a1093c088,,False,
ACC03625ee326,,False,
ACCf47f3783bb,,False,
ACC29a9124206,,False,
ACCc47a8f31ca,,False,
ACC6055efb838,,False,
ACC413cb419f3,,False,
ACC564c389138,,False,
ACC66035c4f1a,,False,
ACC3d52df8846,,False,
ACC1b7fdcd008,,False,
ACC58bd5b16ff,,False,
ACC3087e397a4,,False,
ACCef6c089379,,False,
ACC727dff36c8,,False,
ACCd14435b66a,,False,
ACCf2cb4838b7,,False,
ACC9ddd5931b7,,False,
ACC768899124b,,False,
ACC5cb3eda133,,False,
ACCd870697f08,,False,
ACC14db38afed,,False,
ACCb693cd8426,,False,
ACC80fd16516f,,False,
ACC3c5907d37f,,False,
ACCa1162990f6,,False,
ACC1c3f4eb725,,False,
ACCd42ef212cb,,False,
ACCdf7040864b,,False,
ACCf7a8033e12,,False,
ACC7d632b3b8d,,False,
ACC4c6b8bb433,,False,
ACC524ae7da02,,False,
ACC9cca91e2cc,,False,
ACC211456f22a,,False,
ACCb26d59ce7e,,False,
ACCc8f95fc7be,,False,
ACC6db9a60ab9,,False,
ACCb82ad41aa3,,False,
ACC4cb4088060,,False,
ACCb48df394c3,,False,
ACC31f1c17e9f,,False,
ACC92b3719bcd,,False,
ACCc39c901e91,,False,
ACC6800488cac,,False,
ACC36fc53bf8c,,False,
ACCe85698d594,,False,
ACCfeb515b48b,,False,
ACC4c4f782949,,False,
ACCea7276e8a5,,False,
ACC6fc8bc8adb,,False,
ACCbf56acd4d1,,False,
ACC5d4b6a3f2b,,False,
ACCd68efcc715,,False,
ACC8b2a25dc46,,False,
ACC6261ddefdb,,False,
ACCe8d7489362,,False,
ACC8376ec5fcb,,False,
ACC234e886035,,False,
ACCaf0222d90c,,False,
ACC0eda5c3a75,,False,
ACC638ce57a3b,,False,COINC0010
ACC3a48fb1330,,False,
ACCf3375411f6,,False,
ACC01906e90f1,,False,
ACC8a5a514a38,,False,
ACC357cb3d341,,False,
ACC54021a8b07,,False,COINC0010
ACC4bafdc7e62,,False,
ACCcfab848836,,False,
ACCd7fa9237b9,,False,
ACCb50cef6fa2,,False,
ACC86f03cd47c,,False,
ACC6ed6b4b510,,False,
ACCb5b7363c08,,False,
ACC9b39e8c60c,,False,
ACCea06e8650e,,False,
ACC3e6583741e,,False,
ACCe2ba027c8a,,False,
ACC32ef138549,,False,
ACC1f8b728ef4,,False,
ACCf9edf1a1b6,,False,
ACC2bbd7e7709,,False,
ACC5310ce37fd,,False,
ACC80537c7847,,False,
ACC04366954ed,,False,
ACC29a53d783b,,False,
ACCcbd6ad4f7d,,False,
ACCb25fad3b01,,False,
ACC808025d8f7,,False,
ACC653a4f0c3e,,False,
ACC4f82a270a7,,False,
ACC52b9fde120,,False,
ACC30c9d94a05,,False,
ACC9004aaf544,,False,
ACC5fb3256a8f,,False,
ACCa916fb0b9b,,False,
ACC5e17773d00,,False,
ACCe951070832,,False,
ACC06dc92570c,,False,
ACC60a6fd5b2d,,False,
ACC228cc799cf,,False,
ACCfbcf83962a,,False,
ACCbd76f701cb,,False,
ACCb0f72b9abd,,False,
ACC2e0b1debb7,,False,
ACCb23d0141dc,,False,
ACC92dc428d6e,,False,
ACCf6ccb7f677,,False,
ACC1ffefed48f,,False,
ACC47ff97643d,,False,
ACC413fc54046,,False,
ACC8e64cc0952,,False,
ACC19b8d77602,,False,
ACC0681dfaa9c,,False,
ACCa68911cd33,,False,
ACC3a99b41e03,,False,
ACC57ba9d2f30,,False,
ACCb0e124387d,,False,
ACC0118b1671d,,False,
ACC768f895364,,False,
ACC94949fedd9,,False,
ACCfdc5a27f2e,,False,
ACCcb6fa756b8,,False,
ACCb179126cbd,,False,
ACCe103238859,,False,
ACCc03b4ab18e,,False,
ACC3b836853b9,,False,
ACC4370bc5b2a,,False,
ACC2effc8a765,,False,
ACCec3060ecd7,,False,
ACCe38d8799f3,,False,
ACCfc759ef13a,,False,
ACCe0e2cc7f8f,,False,
ACC07e551ffba,,False,
ACCbd534de3c4,,False,
ACC535b6fa4ae,,False,
ACC5a6d3b6ea6,,False,
ACC07e1fbfacb,,False,
ACC83fe9feae7,,False,COINC0016
ACC45e3588724,,False,
ACC7d0d6d49d6,,False,
ACC10defdf8b7,,False,
ACC31b987d9bf,,False,
ACC2b05d1b742,,False,
ACC6174a55670,,False,
ACC53b77c9a7a,,False,
ACC23fe3d949c,,False,
ACC9604b8c939,,False,
ACC01321557fd,,False,
ACC2de96a851e,,False,
ACCc80cd763b0,,False,
ACCb92d8536e2,,False,
ACC2e707448ef,,False,
ACC6cbf243681,,False,
ACCbd7d83736d,,False,
ACC6ad3cecf77,,False,
ACC8159ee5862,,False,
ACC8ce24ce88f,,False,
ACC5d1ad1cd5a,,False,
ACC7f7689d8c9,,False,
ACCfabb476766,,False,
ACC9ed318ad76,,False,COINC0014
ACC55f74632a7,,False,
ACCbb02c2105a,,False,
ACCb2e7154d91,,False,
ACCc6ca01ff4d,,False,
ACCd7215014d4,,False,
ACC770bedbcdd,,False,
ACC7a8e91c536,,False,
ACCb8b74f2ea1,,False,
ACCd6308dbd51,,False,
ACC61254e7e3d,,False,
ACC50e8caf983,,False,
ACC4b00e966a7,,False,
ACC97279b8d1f,,False,
ACCdfaf65195a,,False,
ACC50802cd66a,,False,
ACC3b19bdf1db,,False,
ACC33456b1016,,False,
ACCe0584a8798,,False,
ACC986895dde3,,False,
ACC958778b26b,,False,
ACC8ebda418ce,,False,
ACC9fec0790cc,,False,
ACC638798291f,,False,
ACC2ba78e0b97,,False,
ACC206b28bbc8,,False,
ACCb9701546e4,,False,
ACC7de4d1a8c0,,False,COINC0032
ACCccfea0fb3b,,False,
ACC2eb7505d5b,,False,
ACC0a2968717e,,False,
ACC9286d5661c,,False,
ACCdb766ffcc4,,False,COINC0008
ACC1659ebc7ad,,False,
ACC9047459a66,,False,
ACC074905a295,,False,
ACC4f277280d7,,False,
ACC08f765aa78,,False,
ACCc5f38620c8,,False,
ACC1ca365ed36,,False,
ACCdb7d2893f7,,False,
ACC8612fcbf89,,False,
ACCb0d892b682,,False,
ACCe1dfd3282f,,False,
ACC36ec7be843,,False,
ACCd2bf2603e5,,False,COINC0021
ACC267904bb22,,False,
ACC8d1f7b17f2,,False,
ACCed99abe989,,False,
ACC189ab0882f,,False,
ACC5cc07fe34e,,False,
ACCbc37b91c5a,,False,
ACC71d0e53fcb,,False,
ACC2c53373355,,False,
ACC5edb35f70d,,False,
ACCa5a0eab873,,False,
ACCa160205425,,False,
ACC4358ae25ea,,False,
ACCbbd386444b,,False,
ACCa7a0d19046,,False,
ACC24fd29bcd0,,False,
ACCf6c357448d,,False,
ACCc373d3db51,,False,
ACCab8588c1f1,,False,
ACCe3f236aaec,,False,
ACC2a79246508,,False,
ACCc3d242a1a7,,False,
ACCa7bfda28ed,,False,COINC0018
ACC75f96e5c55,,False,
ACC286e699678,,False,
ACCae3c87c6e4,,False,
ACC4c82ca7e36,,False,
ACC6df2dfb7ff,,False,
ACC6d65d8541f,,False,
ACCa6ed6fec35,,False,
ACC13e25e6bf1,,False,
ACCde24a8b077,,False,
ACC5562beb925,,False,
ACC467c5121c3,,False,
ACC52b1e433e9,,False,
ACCd511e2f01b,,False,
ACCa3ab092e6a,,False,
ACC5b36cdb352,,False,
ACC00effbe7bd,,False,
ACCbfffc875aa,,False,
ACC91bba6e460,,False,
ACC4ffca6e4b4,,False,
ACCa0f6f258cb,,False,
ACC2d9291418c,,False,
ACC68b0dbcc36,,False,
ACC55a6f78daa,,False,
ACC542710cf98,,False,
ACC2bc81927e8,,False,
ACCf6afe7c2ab,,False,
ACCb448e15c84,,False,
ACCdf40f6df12,,False,
ACC17fbb0954a,,False,
ACC076bc755ad,,False,COINC0019
ACC1f1f6a69f3,,False,
ACCe86deeb3ca,,False,
ACCdf8c291354,,False,
ACC58b173972e,,False,
ACC3551353b06,,False,
ACCc015d55350,,False,
ACC687d606be4,,False,
ACC4480188165,,False,
ACCb057d88159,,False,
ACCbbeec6c9be,,False,
ACC4240920d05,,False,
ACC831337764d,,False,
ACC13522d67a8,,False,
ACCe8e597780e,,False,
ACC1c824f3435,,False,
ACCe97dcbaf48,,False,
ACC34d6fe2aa2,,False,
ACCfaace9709f,,False,
ACC824a5bfd85,,False,
ACC5f4d3127f6,,False,
ACCdac66ae69c,,False,
ACC9d3d9e1f89,,False,
ACCdc46bb638f,,False,
ACC04c5bf4860,,False,
ACC6a76c277a3,,False,
ACC4679e66f8f,,False,
ACC89ed83340e,,False,
ACC74812b47ae,,False,
ACCefb78a87c2,,False,
ACC4277e5f48e,,False,
ACC20a4b35c93,,False,
ACC78e9236897,,False,
ACC040e5735af,,False,
ACC0947d4e3a8,,False,
ACC6349e8bfbd,,False,
ACCac81b182a5,,False,
ACC91b49f2c4c,,False,
ACC59411989e3,,False,
ACC32e5d42c51,,False,
ACC0c59302b82,,False,
ACC2645be2575,,False,
ACC25ac2c42dd,,False,
ACCc7f2cc4378,,False,
ACC932acc1ff8,,False,
ACC8c69fb1a29,,False,
ACC7d861627e2,,False,
ACC9b712e9fa4,,False,
ACC75273ae306,,False,
ACCaf9f8802dd,,False,
ACCe93139095d,,False,
ACC791f5b42ff,,False,
ACC920bf896db,,False,
ACC373f6c243e,,False,
ACCeb9c4e49b9,,False,
ACC566474cd65,,False,
ACCeb4e1ce582,,False,
ACC8b2eca7e6e,,False,
ACC0255981438,,False,
ACC387aa7dd45,,False,
ACC0e41ac0017,,False,COINC0048
ACCfb22089485,,False,
ACC5558d5047b,,False,
ACC71ddf94866,,False,
ACC9c731fe23f,,False,
ACCf9d4af4164,,False,
ACC9bccb1ff30,,False,
ACCb278766aac,,False,
ACC6c0a51890c,,False,
ACCab036c9b6e,,False,
ACC5c76ab5f23,,False,
ACC60c0c90a66,,False,
ACC35db652485,,False,
ACC95964e462e,,False,
ACC2170b87c9e,,False,
ACC04c39a29e9,,False,
ACCd6a588a3e6,,False,
ACCf713bc6686,,False,
ACC914f1281d3,,False,
ACC7a94fda71c,,False,
ACC72bf9f2342,,False,
ACC8c946e6ee1,,False,
ACCebf3994f76,,False,
ACC86ec7228e7,,False,
ACCf4af6c13aa,,False,
ACC5796c5e6c7,,False,
ACCcc37feec9b,,False,
ACCaeb80acd27,,False,
ACC98ef876c3b,,False,
ACCe8366a4332,,False,
ACC72746684ab,,False,
ACC6fb90c1d98,,False,
ACC41d1ec42b9,,False,
ACC515132fc9c,,False,
ACC97a88ea4a2,,False,
ACCe40d7a894a,,False,
ACC4609a27621,,False,
ACCba4c788109,,False,
ACC2121006fa1,,False,
ACC90ce5e3381,,False,
ACCf149b8e0bd,,False,
ACC4c54c57ed7,,False,
ACC10c5d2f49e,,False,
ACC33f5355867,,False,
ACCc74c7307d0,,False,
ACC3c7ed008ef,,False,
ACCd25f0e83f1,,False,
ACCb6612d5b70,,False,
ACCe94e86ec2a,,False,COINC0011
ACC7b105a0db2,,False,
ACCe1bd3b5ffe,,False,
ACC5be696a446,,False,
ACC3f8114810f,,False,
ACCf3cd0f341e,,False,COINC0021
ACC5698180c60,,False,
ACCe1812082d9,,False,
ACC698629beb5,,False,
ACC398ecfb709,,False,
ACC07db9bbccd,,False,
ACCe89d057a03,,False,
ACC798a8300f0,,False,
ACC886ff48405,,False,
ACC9b6c4faf63,,False,
ACC502bf87f0b,,False,
ACCc934933559,,False,
ACC61cf2014f1,,False,
ACC1ddb34bf6e,,False,
ACC4e3a72f112,,False,
ACC4bb62dad09,,False,
ACCd235a9722e,,False,
ACC511f7013cd,,False,
ACCfca6786559,,False,
ACC65e6853204,,False,
ACC4820a1dc01,,False,
ACC425b0d3f06,,False,
ACC14ed25cfd2,,False,
ACCe9eaefb4d7,,False,
ACC250a738a47,,False,
ACC2db06951f4,,False,
ACC3be56b8215,,False,COINC0047
ACCb50b57d6e4,,False,
ACC9cf065ba0e,,False,
ACC894b387c1e,,False,
ACC12f57d97de,,False,
ACCc475ce33a6,,False,
ACC6cc40614b5,,False,
ACCd675b93777,,False,
ACCa6e8d2088e,,False,
ACCac5b4a9c3a,,False,
ACCdf594717c7,,False,
ACCc75b7c0a2a,,False,
ACC5316d98f41,,False,
ACCba0a620bec,,False,
ACC6e503af910,,False,
ACCb140630fc6,,False,
ACCf90e97f37e,,False,
ACC6e46a71b52,,False,
ACC4e07a9b08b,,False,
ACC631ec3f0fb,,False,
ACC12abde60e1,,False,
ACCe8abc1187d,,False,
ACCceb15c54d1,,False,
ACC07d594b0e1,,False,
ACC7f23da8ea9,,False,
ACC2810d24f5e,,False,
ACCe979d5226a,,False,
ACC34d7469a1b,,False,
ACC7f48c27347,,False,COINC0026
ACC6207b6b7f9,,False,
ACCe0f0ff5ea7,,False,
ACC56dfc205e6,,False,
ACC4745d1eccc,,False,
ACC63a6316a28,,False,
ACCa4fde4d540,,False,
ACCace082ecbb,,False,
ACC3294b5e11a,,False,
ACC385b651628,,False,
ACCa9308867f0,,False,
ACC3e501b0133,,False,
ACC003e505f0c,,False,
ACC8d74189c6d,,False,
ACC217710a4e6,,False,
ACCaab6b6fb67,,False,
ACCdbd8c801cc,,False,
ACC1511a23004,,False,
ACC0f2a91a838,,False,COINC0019
ACCc48f8d1737,,False,
ACC2dedf00384,,False,
ACC0e0f23abb8,,False,
ACC01f739fb47,,False,
ACC811f57f23b,,False,
ACC81bb355774,,False,
ACC021b041247,,False,
ACC06d85fd106,,False,
ACC430745f266,,False,
ACC071d76a880,,False,
ACC3199a68ee4,,False,
ACC0ae94090d2,,False,
ACC3df7d5e92c,,False,
ACC6f24bb7987,,False,
ACCedd0438e4c,,False,
ACC3642605ad3,,False,
ACC73fafb796b,,False,
ACC93a6ade792,,False,
ACC0c9e3a8b71,,False,
ACC73f3131a9e,,False,
ACCdc7c3e0794,,False,
ACCbb838d05e1,,False,
ACCf8383b00d4,,False,
ACC7d2eaa2215,,False,
ACCc1f8ed11c5,,False,
ACC7733569dfe,,False,
ACC091336c615,,False,
ACC3668bad976,,False,
ACCdb60a68fa1,,False,
ACC71b40159d2,,False,
ACC6b8b7643fc,,False,
ACCb0fa2660d9,,False,
ACCad339a511c,,False,
ACC988e283b88,,False,
ACC443c300f4b,,False,
ACCcdc39fcee8,,False,
ACCa6f512770a,,False,
ACC030baf70ac,,False,
ACCe615d602a1,,False,
ACCdadc075e70,,False,
ACC4a327fdfce,,False,
ACC47757377fc,,False,
ACCc89d16ef0e,,False,
ACC3684e9574e,,False,
ACC87a96c4788,,False,
ACCab36d2e922,,False,
ACCcaddec3fb6,,False,
ACC3d31c41b2a,,False,COINC0018
ACCbbf342f882,,False,
ACC9bc242dc1e,,False,
ACC5dc9b4e366,,False,
ACC380207840d,,False,
ACC9a682d6d7c,,False,
ACC8e3eea4f0c,,False,
ACC11c8ae47e6,,False,
ACCa0eb462348,,False,
ACC46d7fbed06,,False,
ACCe5e3cdf4f4,,False,
ACCc3b9824157,,False,
ACCc9a9d0ac65,,False,
ACCc415a340e6,,False,
ACC26cffd2d39,,False,
ACCda59900520,,False,
ACC21850eaeab,,False,
ACCdb7b31712e,,False,
ACC311b261fc3,,False,
ACC17291ea0d8,,False,
ACCd839541adf,,False,
ACCb2072233bc,,False,COINC0024
ACC070e00b44e,,False,
ACCeb3843e983,,False,
ACCdac3d1772b,,False,
ACC217796ed99,,False,
ACC620da702da,,False,
ACC92c911b499,,False,
ACCbfd9cdac62,,False,
ACCf7e5d7e97d,,False,
ACC997e18cd10,,False,
ACCf446db6e32,,False,
ACC0fc97993ec,,False,
ACCf097b1d26d,,False,
ACC06b35d04a8,,False,
ACCa43dd96af6,,False,
ACC67db4b4d50,,False,
ACC6f457a7510,,False,
ACC6881d5a742,,False,
ACC090250c46a,,False,
ACC0c5ebf559a,,False,
ACC3da65e21f8,,False,
ACC72396c6ae8,,False,
ACCcb13466186,,False,
ACC4bc23fa2d4,,False,
ACC4c6ff44a5e,,False,
ACCcd465e9928,,False,
ACCe4ae74829b,,False,
ACC3538060433,,False,
ACC9a193034c9,,False,
ACC1df36add83,,False,
ACC34c8b6795b,,False,
ACCb64bff8e8a,,False,
ACCb1f1d42bbe,,False,
ACC2444d6ce83,,False,
ACCbcb2332a7f,,False,
ACCe2f06bcf6d,,False,
ACC4b49589a8e,,False,
ACC7e54dacaf6,,False,
ACC472963bd93,,False,
ACC8ec6d03ad9,,False,
ACCc634be0ed2,,False,
ACC4b8b63426c,,False,
ACC678bb3db99,,False,
ACC61f38b16c0,,False,COINC0042
ACCc63720ad2d,,False,
ACC91e10a4acc,,False,
ACC6d230d4bcd,,False,
ACC003842b41d,,False,
ACC672471a458,,False,
ACCfd848d81e5,,False,
ACCfe5d34fb47,,False,
ACCc30280ef65,,False,
ACCab8d6c46b3,,False,
ACC70d737d9dd,,False,
ACC332c0c0552,,False,
ACC0934c9ab97,,False,
ACC3d447dc1c7,,False,
ACCca5db36209,,False,
ACC1f4a4f18e1,,False,
ACC2cc53f0c99,,False,
ACCb553c29dc0,,False,
ACCec7afe6958,,False,
ACC957cb59c6c,,False,
ACC665ff56c2e,,False,
ACC5937d39ddf,,False,
ACCcc7f476c3b,,False,
ACCb4a13afdc9,,False,
ACC59bf335c99,,False,
ACCc0428c550a,,False,
ACC64419f4caa,,False,
ACC43fd23a72c,,False,
ACC5320896266,,False,
ACCa65bd5e219,,False,
ACC228f8079b7,,False,
ACC941cc13e7c,,False,
ACCa759aa02f1,,False,
ACC8ba59b2433,,False,
ACC1cc395e4b7,,False,
ACCb1f84c94b5,,False,
ACC6750f2a34e,,False,
ACC37f9055908,,False,
ACC6718815e92,,False,
ACC84989c101b,,False,
ACC2dff6a6a01,,False,
ACC3f412bea97,,False,
ACC9096667637,,False,
ACC5e41bff01a,,False,
ACC2b720e27b8,,False,
ACCdede1d0849,,False,
ACCaa6b56c9ed,,False,
ACC5d1cd43bc0,,False,
ACCc1e7901a0b,,False,
ACCc63a23585f,,False,
ACCfbe666546a,,False,
ACC7925a99ce7,,False,
ACCc506f78dd5,,False,
ACCf5f5ceb0b2,,False,
ACCbb8a5277a1,,False,
ACCf3e49485ab,,False,
ACCa8326dcae8,,False,
ACC78ce1c0374,,False,
ACCc10a24ded3,,False,
ACC8103c0969e,,False,
ACC2e1fd564ed,,False,
ACCe853960bbe,,False,
ACC47f3180276,,False,
ACC942007d955,,False,
ACC923e6f418c,,False,
ACC77a0991fb0,,False,
ACCbff3995637,,False,
ACCa8758af9c8,,False,
ACCcc066be31c,,False,
ACCad96b8088e,,False,
ACC5e09138efe,,False,
ACCa465f8861c,,False,
ACCbae88a5b92,,False,
ACCd6c414496c,,False,
ACC45999621ca,,False,
ACCe03d0ff6d0,,False,
ACC6b57f8bc17,,False,COINC0035
ACC77a1071382,,False,
ACCa97bd24095,,False,
ACCd042779791,,False,
ACC37a689143b,,False,
ACCd8b3668019,,False,
ACCbaed919a0f,,False,
ACC044e0abfeb,,False,
ACC7ff7061be1,,False,
ACC0c1d879bd2,,False,
ACC7029d1f80b,,False,
ACCa8b50b9ee5,,False,
ACCd8570991b7,,False,
ACCd2497c0f6b,,False,
ACCff5eb8329b,,False,
ACC7fe2588e71,,False,
ACC7ded1992a1,,False,
ACC63151a288a,,False,
ACCe647947c38,,False,
ACCa9800bd9d8,,False,
ACCb2070a956f,,False,
ACCfc68cc2e33,,False,
ACCfc8db8a134,,False,
ACCc14ca791a6,,False,
ACC87b6126a79,,False,
ACC6a1c0c042b,,False,
ACC0eb142efd4,,False,
ACC3f4add06ff,,False,
ACC92765101c0,,False,
ACCd79a099250,,False,
ACC848eebf825,,False,
ACC0ac6506e94,,False,
ACCac02afb296,,False,
ACCc7ccdf879d,,False,
ACC4421ac51aa,,False,
ACCf47758a8d4,,False,
ACCfbe05ec552,,False,
ACCc5caa60ef1,,False,
ACCfd7f4173e7,,False,
ACCc35bfa03a8,,False,
ACCceddbda480,,False,
ACC2f89eafe3c,,False,
ACC55355588b7,,False,
ACC04e10abe29,,False,
ACCc96ccafd40,,False,
ACCd482b99a96,,False,
ACC937768782a,,False,
ACCb2aa189ea5,,False,
ACC9c014bc4d1,,False,
ACC971bcd79ac,,False,
ACCef36ca7335,,False,
ACCeaf14cb0e5,,False,
ACC1b2c7389e4,,False,
ACC088b11c39f,,False,
ACC8aa8a0569a,,False,
ACC7151751485,,False,
ACCea1f57d298,,False,
ACCa616ef3812,,False,
ACCf4dae0897a,,False,
ACC41d9f770e3,,False,
ACCf23c4c5e38,,False,
ACC56402dd220,,False,
ACC4b19a004a5,,False,
ACC4b703a41b5,,False,
ACCa6bf821d59,,False,
ACC47f616ef53,,False,
ACC78d0301977,,False,
ACC9a03133300,,False,
ACC2cae1b1c35,,False,
ACCf3c11aa64c,,False,
ACC0f0fd0c158,,False,
ACC0bf3021fa0,,False,
ACCf1058c6ed4,,False,
ACC9def7b2a0d,,False,
ACC658cead98d,,False,
ACCa0038c4cc5,,False,
ACC1f78aeeba8,,False,
ACC0b7e3ee25a,,False,
ACCccdb3d37c0,,False,
ACCd6f2350d98,,False,
ACCa8799747a6,,False,
ACC22bd7658db,,False,
ACC4d28d64c54,,False,
ACC66c192bddb,,False,
ACCc1fb5266d3,,False,
ACC55c51cef6a,,False,
ACC6b0d385ab6,,False,
ACCaa51288dfc,,False,
ACC19a19d2bb7,,False,
ACCb828faece4,,False,
ACC7ece3cb6a4,,False,
ACC54658683b9,,False,
ACCd0cab57d59,,False,
ACC820c769b47,,False,
ACC25f329c057,,False,
ACCecad09df39,,False,
ACCed48115dd9,,False,
ACC263b7b428b,,False,
ACCd0f76560af,,False,
ACC9c9cc25715,,False,
ACC2c2bcc6456,,False,
ACCe7deef5b42,,False,
ACCeb802db3e1,,False,
ACC0ae12d5f37,,False,
ACCd36a6d42f3,,False,
ACCc822f336e1,,False,
ACC0e8fb1ab94,,False,
ACC52676fa1e2,,False,
ACC166879027c,,False,
ACC0bc4b6d218,,False,
ACC6010f215ba,,False,
ACC6901b5f433,,False,
ACC3328d2c10d,,False,
ACC01e55a23bc,,False,
ACC8d6f5d8273,,False,
ACCbecbbdcf29,,False,
ACC237b29ecda,,False,
ACC92abc8eb1c,,False,
ACC57f4f12ac4,,False,
ACC6551e89a34,,False,
ACC1663eba9f4,,False,
ACC1453636bbc,,False,
ACC16e65ca988,,False,
ACCcdbeebf2dd,,False,
ACCe09412859f,,False,
ACC489ce835fc,,False,
ACC5e6dbed73f,,False,
ACCf098ac7cd8,,False,
ACCdaba0521bc,,False,
ACC648593a9f7,,False,
ACC2289be1c5d,,False,COINC0036
ACCc8eaaf6a28,,False,
ACC8528aad3a7,,False,
ACCaf4c96fd2a,,False,
ACC51e40b74bb,,False,
ACCeebb3412fe,,False,
ACC753e0d8e5b,,False,
ACCf5f2c1e02a,,False,
ACC2433ae8a8a,,False,
ACC2b333a1154,,False,
ACC43c6dbf7d8,,False,
ACC948031e71f,,False,
ACCeec59c65b5,,False,
ACCfdd504494e,,False,
ACCd5d0dfdf2a,,False,
ACC205b378b06,,False,
ACCae3c5da027,,False,
ACC3573ad530d,,False,
ACC59d3a461e0,,False,
ACC226e33800a,,False,
ACCb960cb7983,,False,
ACCa0ad5ef606,,False,
ACC410f9f0baa,,False,
ACC1be50aa177,,False,
ACCb7d6b378e3,,False,
ACC96fb4babe4,,False,
ACC68b4cd335e,,False,
ACC01228b6406,,False,
ACCedbf84ff9d,,False,
ACC0509c6eb61,,False,
ACC606481cb19,,False,
ACC81b71ffb5d,,False,
ACCcf87aaeeb9,,False,
ACCc4cb440415,,False,
ACCff4299c622,,False,
ACCf508765962,,False,
ACCd1e93c17cb,,False,
ACC305bbbb92b,,False,
ACC4d63d6c6b5,,False,
ACC8a41df48a2,,False,
ACC8c5f36eb1f,,False,
ACC5656526b1e,,False,
ACC29be7ea91b,,False,
ACCbe34f0e9ab,,False,
ACCca24d6d0f5,,False,
ACCf29fdd764f,,False,
ACC83328fc773,,False,
ACC5737b1ceb4,,False,
ACCe51caf0348,,False,
ACC43ff79192c,,False,
ACCfbdafe4451,,False,
ACCe63f808047,,False,
ACC3176da5e9e,,False,
ACCf0f660b4ac,,False,
ACCa69fe98b18,,False,
ACC6c2cb90027,,False,
ACC4cfe913012,,False,
ACCdd8a19b949,,False,
ACC14ba79d4f4,,False,
ACCa492f7da20,,False,
ACCdf3ceb6dde,,False,
ACC53d6b9adbe,,False,
ACCf45bd94be2,,False,
ACC699b2dd081,,False,
ACC50fc06ba44,,False,
ACC83108993e8,,False,
ACC62ca7362d7,,False,
ACCfb315fed73,,False,
ACC6ba7caf36c,,False,
ACC779761fab8,,False,
ACC183d83fbaf,,False,
ACCf568e0ef74,,False,
ACC4f96a9c0fb,,False,
ACC4a7cf4fe36,,False,
ACC7644d21452,,False,
ACC9cc8cf8528,,False,
ACCed807ef226,,False,
ACCea224ee5b5,,False,
ACC75aa0377e6,,False,
ACC340eca1f8a,,False,
ACCecb5d7c449,,False,
ACC5bf151adb9,,False,
ACCa556847c7d,,False,
ACC1970b877dc,,False,
ACCe9db0044bb,,False,
ACC7a2f9d483e,,False,
ACC7fbabc4db7,,False,
ACC6acd6f49ae,,False,
ACCefe43d8b32,,False,
ACC81f813c2b2,,False,COINC0003
ACC2a55e6c2a6,,False,
ACC49f6a38cab,,False,
ACCfb9be15712,,False,
ACCac9c91eb6c,,False,
ACC5f1ab4c49c,,False,
ACC1d7c56d956,,False,
ACCf797aac19d,,False,
ACC4be62835f8,,False,
ACC46322f8025,,False,
ACC6b9b5eb758,,False,
ACCc379ae67e8,,False,
ACCcde1366c8d,,False,
ACC9971e99348,,False,
ACC95436ac572,,False,
ACC06773071af,,False,
ACCde76cb60ca,,False,
ACCcbdb5ca52f,,False,
ACC4bb4bee3cc,,False,
ACC29cdbfd110,,False,
ACC4b0f84302d,,False,
ACC3f15b583ef,,False,
ACCa15475a6ad,,False,
ACC4910f5d03a,,False,
ACC8fc871c77a,,False,
ACC88f266c4d6,,False,
ACCf020d5653f,,False,
ACC5c293e96e0,,False,
ACCd188fd4a4d,,False,
ACCf54dc1a4cc,,False,
ACCb4b4535450,,False,
ACC3939c82038,,False,
ACCdf67390075,,False,
ACC5834e0573e,,False,
ACC31145284dd,,False,
ACCeaf5c48deb,,False,
ACC3c54c8aff2,,False,
ACCc4c0a8a489,,False,
ACC18b773a3dd,,False,
ACCca2d0f3de9,,False,
ACC955fabaf71,,False,
ACC6a90ef06b7,,False,
ACC354a03af91,,False,
ACC9b4970a625,,False,
ACC7a90ea1992,,False,
ACCa3a7ff47e9,,False,
ACC4e9ec9103b,,False,
ACC1c84c276ce,,False,
ACC7c2953e479,,False,
ACC2e0ff0ea33,,False,
ACC0b9038a200,,False,
ACC145b1edb03,,False,COINC0032
ACCda107eaf4a,,False,
ACCb10bf5ed23,,False,
ACC07d5156ae2,,False,
ACCb0ce0bd978,,False,
ACC2d9506ecc1,,False,
ACC116da12e6d,,False,
ACC136cdda1b9,,False,
ACC526941b89b,,False,
ACC4325422547,,False,
ACC48f65685f1,,False,COINC0018
ACCe33bc44bba,,False,
ACCfe51a626f6,,False,
ACC8d96c512cc,,False,
ACC3c9c563017,,False,
ACC7cbc7c7b62,,False,
ACCdc0b7b574f,,False,
ACC9f216b7a65,,False,
ACCa0293c91cc,,False,
ACC7e3ddb4958,,False,
ACCd1a82cb9d0,,False,
ACC90e269d898,,False,
ACC29e477c561,,False,
ACC16e48764b2,,False,
ACC241a72bb60,,False,
ACC3ef29d35d4,,False,
ACCbfde37bbe3,,False,
ACC11b605dfda,,False,
ACC6683e57ff1,,False,
ACCb4908c2597,,False,
ACC59518407db,,False,
ACC97fb6eef92,,False,
ACC463ae32a28,,False,
ACC38a8effc28,,False,
ACCc06dcf00d0,,False,
ACCc71776e931,,False,
ACC4ce5fc3ae9,,False,
ACC26ad571736,,False,
ACC9a51bb65fb,,False,
ACC9c421180f3,,False,
ACC885dab846c,,False,
ACCd1c2bf2a48,,False,
ACC1a476e75fd,,False,
ACCff1c312817,,False,
ACC495e2ebdff,,False,
ACCaabaed3471,,False,
ACC9b431d59ec,,False,
ACCaa62715803,,False,
ACCf472390066,,False,
ACCb7cba09352,,False,
ACCa12bf54a2e,,False,
ACCae1bde5093,,False,
ACC995970c36b,,False,
ACCbd220f325c,,False,
ACCa8ac4b6d00,,False,
ACCb31d6280bb,,False,
ACC61f88f3928,,False,COINC0045
ACC512199bb7d,,False,
ACC3e1f7907ff,,False,
ACCc0669b2ba1,,False,
ACC615f95dc93,,False,
ACC3e3f8c28f9,,False,
ACC487d50e7c9,,False,
ACCb555ae91a6,,False,
ACC84937476df,,False,
ACC0a05c52029,,False,
ACCbff404762f,,False,
ACC4166ad7948,,False,
ACCcd63ff15e3,,False,
ACC0bd4763127,,False,
ACC88d937e96d,,False,
ACC08a91f1bbc,,False,
ACC45f66937f0,,False,
ACC349317cfa4,,False,
ACCcca06458c3,,False,
ACC0a8d531e38,,False,
ACC74b1b5b088,,False,
ACC63e3c44480,,False,
ACC2e5e90e82e,,False,
ACC10f7c6921d,,False,
ACC6c2be248b8,,False,
ACC82bf291c48,,False,
ACC4f66da5f7e,,False,
ACC5ebb31afc3,,False,
ACC6029e27540,,False,
ACCb5c5a21c8e,,False,
ACC89e3cdcaa0,,False,
ACCa085af228e,,False,
ACC210a140552,,False,
ACCfbe2e703f3,,False,
ACC6daaadbd10,,False,
ACCd8df2deed8,,False,
ACC3cbb7ecc81,,False,
ACC27aab88afa,,False,
ACC68f1f51ef9,,False,
ACCc7857afde2,,False,
ACC83831602a5,,False,
ACCb7a0646030,,False,
ACC37f0c087c6,,False,
ACC76f251e9ed,,False,
ACCd2ad2a3aab,,False,
ACCea804388fc,,False,
ACCe1781ea22e,,False,
ACC0c204786fe,,False,
ACC01080158dd,,False,
ACC87d3fbd38a,,False,
ACC3f1d066d60,,False,
ACCd4e4bfa1c5,,False,
ACCec155eb322,,False,
ACC4e5ab2b1bf,,False,
ACC097f647551,,False,
ACC63a933f468,,False,
ACCa676d8e7b2,,False,
ACC74703ec545,,False,
ACC57bdabe39d,,False,
ACC829ff0153b,,False,
ACC6e3e6c9e39,,False,
ACCb7fa4fd1d7,,False,
ACC67c070efaa,,False,
ACC50f164efcd,,False,COINC0015
ACC5bc07015dd,,False,
ACC707d2bbee8,,False,COINC0046
ACC34d3b090dc,,False,
ACC7f034a9728,,False,
ACC46805fcf2f,,False,
ACC5f7b904100,,False,
ACC344bbc0ebf,,False,
ACC4ca11d2413,,False,
ACC93d3cd5172,,False,
ACCbee3f04d27,,False,
ACC6bf0f1a3f0,,False,
ACCbd3045c6be,,False,
ACC9f1ec10c9c,,False,
ACCacd4dbb33c,,False,
ACCfff72b32db,,False,
ACC2f8a12d8de,,False,
ACC935a59ea10,,False,
ACC7947e49e68,,False,
ACC37ded32ff6,,False,
ACC6e4fef9b4e,,False,
ACC91a38181e9,,False,
ACCef2623dfc0,,False,
ACCf834530d93,,False,
ACC1f1b24fce1,,False,
ACCb082e6e23d,,False,
ACCb7ea6d6342,,False,
ACCa175c45aaa,,False,COINC0041
ACC29e936f031,,False,
ACCa61c36c338,,False,
ACC95d40a4e61,,False,
ACCae2b61cf72,,False,
ACC84c42572e1,,False,
ACCccc75522b9,,False,
ACC23cd8e6d98,,False,
ACC24acc17606,,False,
ACC15209fb531,,False,
ACCb128d22c06,,False,
ACC6861774f56,,False,
ACCeaf52fd177,,False,
ACC48c0ad5cb7,,False,
ACC88d3fdf3a4,,False,
ACCf4301acba3,,False,
ACCcd43424c50,,False,
ACC39e7bea964,,False,
ACC72f42d7f96,,False,
ACC950d2479a8,,False,
ACC0b0e0f727e,,False,
ACC0b2c4c6418,,False,
ACCa451551721,,False,
ACCb77a39dd1b,,False,
ACC2c6f067653,,False,
ACC702886d804,,False,
ACC080e8bf831,,False,
ACCdb55313225,,False,
ACC29f39ddb42,,False,
ACCf95a4caaed,,False,
ACC3f672b7e27,,False,
ACC6b720fc8a8,,False,
ACC81733997d5,,False,
ACC921e431728,,False,
ACCb35cbbb770,,False,
ACCcf8511f1ef,,False,
ACC85930bff46,,False,
ACCe835529283,,False,
ACC7cde360125,,False,
ACC7f1c7ca69e,,False,
ACCabc8765ee1,,False,
ACCfeeea26b5f,,False,
ACC8c5ee716df,,False,
ACC4dc71ef25c,,False,
ACCe8b11e87a4,,False,
ACC297a54e0c2,,False,
ACC033395bef7,,False,
ACCdbab16284a,,False,
ACC4aec78bece,,False,
ACC73ae62da49,,False,
ACC83f2c2f973,,False,
ACC3f1291fd90,,False,
ACC79cf5119d7,,False,
ACC20f09feebd,,False,
ACC49fd7ad9d2,,False,
ACCa3b9314b88,,False,
ACC9270b2964a,,False,
ACC7a56a2bbfa,,False,
ACCee01700556,,False,
ACC36ee4d47a1,,False,
ACCcbe9aef6de,,False,
ACC3575893a38,,False,
ACC77f3b0f937,,False,
ACC1cba588676,,False,
ACC8ea357cfcc,,False,
ACC2f67a5af06,,False,
ACCf441f27f2d,,False,
ACC77ef5a0783,,False,
ACC1a1ecab83c,,False,
ACCef335763fb,,False,
ACC88987aed5c,,False,
ACC67dc839618,,False,
ACC1786397cff,,False,
ACC7359d97124,,False,
ACC2c8eca3083,,False,
ACCd751f32f94,,False,
ACCc3e661643e,,False,
ACC29617c2508,,False,
ACCcc50fd3f8c,,False,
ACC89a72b6cf3,,False,
ACC5feef4110b,,False,
ACC1976d1cfdf,,False,
ACC37af8899ae,,False,
ACC5d69806623,,False,
ACC15ec16bfd0,,False,
ACCbe71a44279,,False,
ACC3e05f2a665,,False,
ACC70ed70890e,,False,
ACC6a40d724ce,,False,
ACC49b4832b04,,False,
ACC381f51d302,,False,
ACC2a7728a2a9,,False,
ACCcd12439c03,,False,
ACC6c69e19773,,False,
ACC69907375fa,,False,
ACC909063d6a6,,False,
ACCb5ac5ddddb,,False,
ACC2bc9d6ff8b,,False,
ACC69f5514627,,False,
ACC0e02ff545d,,False,
ACCb3a854a580,,False,
ACCd230fc045b,,False,
ACCcbc15758f1,,False,
ACC2c5b171bc9,,False,
ACCb435dd1005,,False,
ACC29fb10ea9d,,False,
ACC14510dbe1d,,False,
ACCc789cc7cd7,,False,
ACC85329ff021,,False,
ACCa89bd92c2b,,False,
ACC5dfeb2f276,,False,
ACC2a11e7cb71,,False,
ACCd2b8a5d35c,,False,
ACC5c2795b438,,False,
ACCe9913f902d,,False,
ACCc83a791f52,,False,
ACC4167de80c8,,False,
ACCdb999eb900,,False,
ACC0b3ac7df6a,,False,
ACC563c5c655e,,False,
ACC7d915d3674,,False,
ACC0dadad018a,,False,
ACC84f450a48b,,False,COINC0028
ACC5173d2b546,,False,
ACCe07dfc2193,,False,
ACC0d6c81e6bb,,False,
ACCbb86c2e85e,,False,
ACCa6f93ed42f,,False,
ACC8895df217c,,False,
ACCd6b2db00db,,False,
ACC0430fa7aa5,,False,
ACC1bf367efe1,,False,
ACC994c31d7ba,,False,
ACC31359e68c2,,False,
ACC9c79e4633a,,False,
ACC87c042b920,,False,
ACC276d8dcaed,,False,
ACC16fad269af,,False,
ACC6e877f5440,,False,
ACC18eef2a612,,False,
ACC6e18ec3211,,False,
ACCb8eb102745,,False,
ACCd79b2c94f1,,False,COINC0001
ACCfb8e789751,,False,
ACCb29e5dc985,,False,
ACC888163e9ee,,False,
ACC952280de46,,False,
ACC805d243b3e,,False,
ACC09e2600a76,,False,
ACC70ae69f2c2,,False,
ACCc12fbc76bc,,False,
ACCf719f2019a,,False,
ACC0eccf1b71b,,False,
ACC261c7d8c14,,False,
ACCe4d28628ef,,False,
ACC0942f80df6,,False,
ACC96d1447bb6,,False,
ACCe4cbbf69ad,,False,
ACCbcede8ad3b,,False,
ACC16893e0e42,,False,
ACC65bfbb7dee,,False,
ACC89b743dda0,,False,
ACC783707391f,,False,
ACC891cf5ab87,,False,
ACCdd744ba841,,False,
ACCea24afc6eb,,False,
ACCe5eaeca67f,,False,
ACCcb48e7c5f8,,False,
ACCd502f4b8e1,,False,
ACC9d03f9d5e6,,False,
ACC4e954c9bfa,,False,
ACC5214f373ef,,False,
ACCd863716fc4,,False,
ACC809501047e,,False,
ACC0fb2e6e0b1,,False,
ACC393e4a2665,,False,
ACCc8c45cdd8d,,False,
ACC1d7145d6e2,,False,
ACC74cbdebbeb,,False,
ACCfd55ffcc54,,False,
ACC0e78c31881,,False,
ACCab548eb416,,False,COINC0038
ACCcc65c4fff3,,False,
ACC15170157b5,,False,
ACC8a7b527c81,,False,
ACC880a50eb5a,,False,
ACC00951a7e53,,False,
ACCa9a52d1aaf,,False,
ACC06f193f5da,,False,COINC0027
ACCb41a946522,,False,
ACC9370e32dac,,False,
ACC17b4fe304e,,False,
ACCbc29ac9c6f,,False,
ACC9c5c4675f5,,False,
ACC5ad75b198b,,False,
ACCb76d1dfc82,,False,
ACC78bcfaa0e0,,False,
ACCbdaa6d9eb7,,False,
ACC2079a8f422,,False,
ACCd10cb7fd58,,False,
ACC684bd275b8,,False,
ACC1a26e8058a,,False,
ACC074c9de5b7,,False,
ACCcfdb16f9ea,,False,
ACC3e670a85b7,,False,
ACC6b6e55d89f,,False,
ACC8af7426857,,False,
ACCff951969be,,False,
ACCd753c09bce,,False,
ACC2a915107af,,False,
ACC091c816b28,,False,
ACC9422f630dd,,False,
ACCaf12dfd843,,False,
ACC3e1ecefe3e,,False,
ACC499fc00e75,,False,
ACCec014ae2d6,,False,
ACCac4e3e8e1d,,False,
ACCf562ad31af,,False,
ACCf1775ac728,,False,
ACCc5b229b83a,,False,
ACCd1942d03cb,,False,
ACC5aa79636f5,,False,
ACC58c49c9131,,False,
ACCe8fe5b9129,,False,
ACCee5cad84a3,,False,
ACC93a8c001b0,,False,
ACC192a2d1fe1,,False,
ACCca9cb35262,,False,
ACC092aafeb20,,False,
ACC6b325e51a8,,False,
ACC717321be36,,False,
ACC3fa69f2d43,,False,
ACC447f67b41c,,False,
ACCbaf1e286cd,,False,
ACC00d6e5714d,,False,
ACC780e9ef8c9,,False,
ACC3ecd6b7e57,,False,
ACC8cab17e852,,False,
ACC298f05c4ea,,False,
ACC497df00e0d,,False,
ACC463c2671f9,,False,
ACCdbc2955cd1,,False,
ACC84a597eded,,False,
ACC5f88840253,,False,
ACCed0399886a,,False,
ACCfb45100023,,False,
ACC0c854949d0,,False,
ACCa7968e621d,,False,
ACC62222ba31b,,False,
ACCbd165cb23a,,False,
ACC4e90c6dbd9,,False,
ACC689d751c24,,False,
ACC68b69177f4,,False,
ACCf330c75181,,False,
ACC4e0f05c643,,False,
ACCc8bd63e91e,,False,
ACC2a804265bf,,False,
ACC6e2fb93c58,,False,
ACCe2e5b76a11,,False,
ACC8ac1ab775a,,False,COINC0004
ACC27ff268ddd,,False,
ACC413acc8f57,,False,
ACC7ee8270d01,,False,
ACC70fb08c399,,False,
ACCa51d373411,,False,
ACC509ea5b243,,False,
ACC79d320fcc9,,False,
ACC53dc9835c0,,False,
ACC0a6fafb129,,False,
ACCb919ce44da,,False,
ACCa2bd7cb118,,False,
ACC2621044d3c,,False,
ACCa229a1d00c,,False,
ACC768d3f43ec,,False,
ACCf03364b05c,,False,
ACCfb0403cd2a,,False,
ACC371bb74ad4,,False,
ACCed1e4d6a63,,False,
ACC98b19ecd57,,False,
ACC387bbf8a87,,False,
ACC107c1445b2,,False,
ACC61b7189f73,,False,
ACCa9484f9d82,,False,
ACC128f4a9711,,False,
ACC6813651ced,,False,
ACC7a56881a37,,False,
ACC61a3e4879b,,False,
ACC3510704897,,False,
ACC1228347cf7,,False,
ACC0189dde8d1,,False,
ACC9f59a2a2d9,,False,
ACCdb80b7b2bc,,False,
ACCdd497b0cb9,,False,
ACC9e84db20d2,,False,
ACCe6b2d76228,,False,
ACC52194ca1cf,,False,
ACC0fe6b2dabd,,False,
ACCa2294853b4,,False,
ACC35572f1782,,False,
ACC96a5b4fed2,,False,
ACCabcdd8ea7d,,False,
ACCc2c90becee,,False,
ACC1625bb3398,,False,
ACCf62499a727,,False,
ACC98f39240fd,,False,
ACC13402422e4,,False,
ACC960bb5c537,,False,
ACCb60d2f1cc9,,False,
ACCeaebaa0621,,False,
ACC0f7c6e27a3,,False,
ACC054b9ff518,,False,
ACC4f8081b99b,,False,
ACCfeb103955a,,False,
ACC949c9e7c8a,,False,
ACC4c50072a45,,False,
ACC998dc67a54,,False,
ACC1b81b85214,,False,
ACC66393dd51e,,False,
ACCc83afd4d1a,,False,
ACCc88b5198f8,,False,
ACC0f47c2299f,,False,
ACC2a18184e66,,False,
ACC774b0b0eae,,False,
ACC281a8e9ae1,,False,
ACCec71a06b04,,False,
ACCe85d132da0,,False,
ACCc92d1dc541,,False,
ACCb1c613cc4e,,False,
ACC0fdcdc2ab0,,False,
ACC3088c1ee76,,False,
ACC905cb88447,,False,
ACC8234038020,,False,
ACC37f53c4b78,,False,
ACC30c5900784,,False,
ACCa9245aa9a9,,False,
ACC753ae6b04f,,False,
ACCb72686e65f,,False,
ACC1ca2c83658,,False,
ACC5a74510940,,False,
ACCd7eade32e7,,False,
ACC27b37c664f,,False,
ACC06acbd48b0,,False,
ACC1976287e5d,,False,
ACCe1278a8808,,False,
ACCe54355186c,,False,
ACC05c6d680d8,,False,
ACC9aaa4028e8,,False,
ACC2c0fe76941,,False,
ACC0bd9fc5379,,False,
ACC8ec6da9888,,False,
ACC927571af85,,False,
ACC0e22fb7f82,,False,
ACCeebdeb73ce,,False,
ACC84d018db83,,False,
ACCc2a3327eff,,False,
ACCc3ca2dad0c,,False,
ACCf506b17b79,,False,
ACC1c7298e69d,,False,
ACCd8e5215aa1,,False,
ACC1d4ad7a25c,,False,
ACC087fa5260f,,False,
ACC8cd04bb562,,False,
ACCd5a81dfe34,,False,
ACCd1155197c3,,False,
ACC2e17be451e,,False,
ACC5d11e7a1b0,,False,
ACCe4f3a81ba6,,False,
ACC07c210d1d1,,False,
ACC811b138ffe,,False,
ACCe79dfed01d,,False,
ACC7e49c6ecad,,False,
ACCac4ec17d78,,False,
ACCfbac222caa,,False,
ACC4bb0c7d58d,,False,
ACC8964a48fc3,,False,
ACC4ac92ebe1a,,False,
ACC24a2d1ce93,,False,COINC0007
ACC07d81c6452,,False,
ACC3d7e28c7d8,,False,
ACCc120f1ab30,,False,
ACC3449af3f10,,False,
ACCdbc693867d,,False,
ACCdb36d71cf4,,False,
ACCb75992e9ad,,False,
ACCbfcd9c4456,,False,
ACC446167bae4,,False,
ACCecfcb44e06,,False,
ACCce1064de0c,,False,
ACC0276fb8614,,False,
ACCc18563d131,,False,
ACCb71b61c3cb,,False,
ACC294b445c7f,,False,
ACCd72faa7790,,False,
ACC420680ed04,,False,
ACC6c1a331e58,,False,
ACCd0b3f8cf69,,False,
ACC1268b4f59f,,False,
ACC577fb01409,,False,
ACCb3e3d4de50,,False,
ACC6c7d6381c6,,False,
ACCc18f576bef,,False,
ACC5abf99c24f,,False,
ACC8748e5a06a,,False,
ACC49941b5544,,False,
ACC29f5db4127,,False,COINC0009
ACCb86a88d68d,,False,
ACCa4f445ff86,,False,
ACC10cf08edb0,,False,COINC0029
ACC2dde8f3c28,,False,
ACC53e4de669e,,False,
ACC3c9fd5be5a,,False,
ACC4d0e0d3ec3,,False,
ACCd93cf92011,,False,COINC0015
ACC2999ad49f8,,False,
ACCfdb59e0b9f,,False,
ACC635bc86a8b,,False,
ACC82ddc1d39f,,False,
ACCc140c155ec,,False,
ACC3da06e9de1,,False,
ACC0717177182,,False,
ACC7e8a12193c,,False,
ACCd7ed502feb,,False,
ACC9bf7b0d4d8,,False,
ACC061ddb6761,,False,
ACC3ab82d0141,,False,
ACC8e2b69e541,,False,
ACC6e4eb89f7d,,False,
ACCc0703fa0d7,,False,
ACC9f6d8cac58,,False,
ACCc53954414c,,False,
ACC122b2a22f9,,False,
ACC5fc8e24e28,,False,
ACC7b5ea5acff,,False,
ACC4168429bed,,False,
ACCe9dabdecaf,,False,
ACC6f5fbf6614,,False,
ACC5216f8d725,,False,
ACC3c884cd62e,,False,
ACC91e3747fdc,,False,
ACC0b9c1e3377,,False,
ACCead423a752,,False,
ACCa3646eee4d,,False,
ACCd03a13e5a9,,False,
ACC2e2e04cb76,,False,
ACCffbfecf2c1,,False,
ACCf4cc4a0f80,,False,
ACC4b8733b783,,False,
ACCfc781812cf,,False,
ACCcab317cb4d,,False,
ACC1eb83dde8e,,False,
ACC16514d2c28,,False,
ACC148f88b11e,,False,
ACC64dcded6b1,,False,
ACC58249af581,,False,
ACCa2597a3f2c,,False,COINC0014
ACCfd2b25df01,,False,
ACC34115e17d7,,False,
ACC68b367c478,,False,
ACC973f54d0bd,,False,
ACCef2e8c32e0,,False,
ACC7f4f77a513,,False,
ACC4707c4c146,,False,
ACC4fcf43c524,,False,
ACCdc337243be,,False,
ACC767391f727,,False,
ACCea80ad8d5b,,False,
ACC550fa66511,,False,
ACCffa28679a6,,False,
ACC92d45867ad,,False,
ACC5918aeff4d,,False,
ACC0808fab79f,,False,
ACC96cc931ca4,,False,
ACCd21859874e,,False,
ACC3c60c9bc1f,,False,
ACC37c8930aee,,False,
ACCfdd78f70ea,,False,
ACC0914ec29f1,,False,
ACC98feb42c8d,,False,
ACC88429c631f,,False,
ACC19e4d4a69d,,False,
ACC64b9032102,,False,
ACCb02ca51783,,False,
ACCf7c4b94611,,False,
ACC43a203aa78,,False,
ACC96565c69fd,,False,
ACC53832724d9,,False,
ACC58178a2ebb,,False,
ACCbebad994b5,,False,
ACC73d94baf8f,,False,
ACCbaf7fdc5e7,,False,
ACCb5808cf9fd,,False,
ACCc895c8b883,,False,
ACC8b076dda16,,False,
ACC0ca78b511e,,False,
ACCcf180d30f2,,False,
ACC751fba8c0c,,False,
ACC3de46971bc,,False,
ACC7923e06675,,False,
ACCfa1f6afc09,,False,COINC0049
ACC427ff712be,,False,COINC0037
ACC169cac43bb,,False,
ACC4ec598e5b1,,False,
ACC3be7a21695,,False,
ACCf46c0e82cf,,False,
ACC020829b2d8,,False,
ACC703fea1efd,,False,
ACC43182d6dd1,,False,
ACC5c0833cf60,,False,
ACC3a3ad4783b,,False,
ACC869b809108,,False,
ACC58a1e066af,,False,
ACCd7441612bc,,False,
ACC5c6c2efdd8,,False,
ACC5122c6dd7e,,False,
ACC457a0cdcc7,,False,
ACCc5adb17051,,False,
ACC165200c9d1,,False,
ACC9ae66d44f6,,False,
ACC70c46f66d5,,False,
ACC8e0e116d96,,False,
ACCdd1b545084,,False,
ACC4cbd8589ca,,False,
ACC0307b3d585,,False,
ACC931955b625,,False,
ACC0028d8ba90,,False,
ACCe2d9f624a7,,False,
ACCe549bf10b2,,False,COINC0030
ACCec4af8f174,,False,
ACCadb3e21578,,False,
ACC4af120fa10,,False,
ACCb80a3fbe2c,,False,
ACC1724b013c7,,False,
ACC11153cb4af,,False,
ACC21172a9a5c,,False,
ACC3989ed3789,,False,
ACC0862f098ba,,False,
ACCd791cf170c,,False,
ACC6108c53275,,False,
ACC63bc5458a3,,False,
ACCc958b93036,,False,
ACCf5e887e3a7,,False,
ACCb211b201be,,False,
ACCf04547a682,,False,
ACC306cf3d357,,False,
ACCcf17b8305e,,False,
ACCc692cdb5e9,,False,
ACC42c4a55e27,,False,
ACCf9bf854073,,False,
ACC53757387db,,False,
ACCb97640b771,,False,
ACCe5d4120ddf,,False,
ACCdc2c495fdc,,False,
ACCe808c87fa0,,False,
ACCb0cb06bb8a,,False,
ACC4bd6014f27,,False,
ACC929ee6c20e,,False,
ACC0fea246a98,,False,
ACC6e722094e2,,False,
ACC3fe5ec83be,,False,
ACC56be525f19,,False,
ACC3d8bdc82d0,,False,
ACCbbed87c844,,False,
ACC22caa0da24,,False,
ACC8f3598ccd3,,False,
ACC73e07abee3,,False,
ACC31775f741a,,False,
ACC0dc710fe18,,False,
ACCf6a8d22c5c,,False,
ACC7961688336,,False,
ACC9eb2cb8dd5,,False,
ACC218c9dd84d,,False,
ACC5e4a16b253,,False,
ACC897fef95d6,,False,
ACC4c55c7d02c,,False,
ACCbdace15527,,False,
ACCf7132546cf,,False,
ACC7aa3c7452a,,False,COINC0014
ACC484188c02b,,False,COINC0017
ACC0946a7885f,,False,
ACCa5bb34ed0a,,False,COINC0032
ACCaf7275782b,,False,
ACC51c12e04a1,,False,
ACCc2f34793c0,,False,
ACCc33bd6af21,,False,
ACCb7b4a866e5,,False,
ACCf91388416f,,False,
ACCc68976be9e,,False,
ACC3613710881,,False,
ACCb7b38ecbbb,,False,
ACC8f6fc3a5af,,False,
ACC6f4b56444e,,False,
ACCe8d0dfc31c,,False,
ACCbc2364421f,,False,
ACCe4ca649e87,,False,
ACCf23bda7007,,False,
ACCe347a92a3f,,False,
ACC974b929350,,False,
ACC17c0eba066,,False,
ACCea8cb0928a,,False,
ACC14d52312cb,,False,
ACC9278dcb03a,,False,
ACC3011cbeef7,,False,
ACC2c266474b2,,False,
ACC6a9980e845,,False,
ACC87184b1e0e,,False,
ACC320f64404c,,False,
ACC5a35912a04,,False,
ACC5ab8ba5941,,False,
ACC3e5d68e0c0,,False,
ACCfd8223fb96,,False,
ACCd4f3f39657,,False,
ACC679ebf447f,,False,
ACC12b9adb238,,False,
ACCa009852a1c,,False,
ACC94894e5322,,False,
ACCc4564c5477,,False,
ACC986a05c0d2,,False,
ACC2018629577,,False,
ACC87e4fbf7ee,,False,
ACC7912a934d9,,False,
ACC3acd37b29a,,False,
ACC416a3d7a6c,,False,
ACC4f22f53f33,,False,
ACC7c71e9aecb,,False,
ACCc5562fad1a,,False,
ACC317af864b0,,False,
ACC8d6ebb415e,,False,
ACC10a427957f,,False,COINC0047
ACC9630790068,,False,
ACC77f9bf0482,,False,
ACC7a75bd0873,,False,
ACCa5e1b59b76,,False,
ACC546f624fa5,,False,
ACC2ce8273d51,,False,
ACCd4fce1658d,,False,
ACC03d78cc297,,False,
ACC88134002f0,,False,
ACC5747023def,,False,
ACC9fb0901468,,False,
ACC5ab77f68ca,,False,
ACC3c7c1d1177,,False,COINC0004
ACC825d9b2527,,False,
ACCfb7ea85435,,False,
ACCcdc7612d80,,False,
ACC2dbc2f0574,,False,
ACCff53f44c8d,,False,
ACCc199e2279e,,False,
ACC0c177601ff,,False,
ACCfee0bb0899,,False,
ACC8494f3fe06,,False,
ACC574dee6b59,,False,
ACCbf2df82241,,False,
ACCc6cf44e3d7,,False,
ACC8af4c30cf1,,False,
ACC378c37256a,,False,
ACC7858d051cf,,False,
ACC94ec6e42a3,,False,
ACCc193710087,,False,
ACC63d34c0c42,,False,
ACCa479e3c6e7,,False,
ACCe600fd56e4,,False,
ACC1adbfd9af4,,False,
ACCfba9805f6b,,False,
ACCfab539682e,,False,
ACC8ff76d9768,,False,
ACC0763595559,,False,
ACCf8d28296b3,,False,
ACC95fffb6eec,,False,
ACC07a57cc076,,False,
ACC06d575ad98,,False,
ACC5bbd7cbcd2,,False,
ACC12e085ffc9,,False,
ACC8d58f1d113,,False,
ACC6677976744,,False,
ACC04b2673f3b,,False,
ACCf82a2c938d,,False,
ACC632f569c16,,False,
ACCc04c748761,,False,
ACC2f5964686e,,False,
ACC80efba1e58,,False,
ACCfe6ede87a3,,False,
ACCcf3d953e5a,,False,
ACCc1d452ad3b,,False,
ACCcb989b6f59,,False,
ACCfc80a375a8,,False,
ACC784a7fb532,,False,
ACC6aba796b27,,False,
ACC6e5bca70dd,,False,
ACC242f960725,,False,
ACCa3b8479a8b,,False,
ACCe074e29947,,False,
ACCa787c9930e,,False,
ACCb26b25e8a7,,False,
ACC5fff2e0a55,,False,
ACC38e5160c2a,,False,
ACC27454a3433,,False,
ACCc08df128b5,,False,
ACC28c6a3dc0e,,False,
ACCca6b6ae1cc,,False,
ACC569ba288b0,,False,
ACCbd342b9824,,False,
ACC2bcba39626,,False,
ACC3a7625c1b0,,False,
ACC03fb7eaf4e,,False,
ACC06c7d5bae0,,False,
ACC6074a6347d,,False,
ACC6967c93d05,,False,
ACCd8b64f5019,,False,
ACC875d809b7b,,False,COINC0034
ACC1746c242cf,,False,COINC0031
ACC3f7ea86a69,,False,
ACCd5a3f0deaf,,False,
ACC984279ea27,,False,
ACCf075fdb036,,False,
ACCf52f800369,,False,
ACCace96ebedb,,False,
ACC9c441fa885,,False,
ACC775aefe79b,,False,
ACC4954c5e3f7,,False,
ACCa2774e79c0,,False,
ACC848895350d,,False,
ACC05f021782e,,False,
ACCc273646634,,False,
ACC0a8407efe2,,False,
ACCe3a64857dd,,False,
ACCb001f7d310,,False,
ACC0693c63ece,,False,COINC0006
ACC1901eac9ba,,False,
ACCc7f5e59fae,,False,
ACCb575c17bc8,,False,
ACC5428ace6a1,,False,
ACCcefae0d6c2,,False,
ACC726a5fe06f,,False,
ACCeb85d45c52,,False,
ACC09d5047e7d,,False,
ACC0cc26f407c,,False,
ACCa492f40637,,False,
ACCfee743edec,,False,
ACC3d1161667e,,False,
ACC2ed6cbe9b9,,False,
ACCc6a5dae884,,False,
ACC9e4fe99491,,False,
ACC7cfd27f407,,False,
ACCe0c13fad8b,,False,
ACCd5b17db606,,False,
ACC5256194f82,,False,
ACC1267f003ea,,False,
ACCfbdc677238,,False,
ACC14d1da2ded,,False,
ACC1858e4a838,,False,
ACCf294f7d05d,,False,
ACC24923ad113,,False,
ACC8fbd2dff82,,False,
ACCd71850b4b1,,False,
ACC70433c1ee0,,False,
ACC6a6c85fa0b,,False,
ACC53a2814ff1,,False,
ACCd9b2fb16bc,,False,
ACC9abdac45cc,,False,
ACCbd709b8e1d,,False,
ACCc8102d95cd,,False,
ACCf3287c0c1a,,False,
ACCcfff6b7961,,False,
ACC8aecb5bb2b,,False,
ACCfc038eaab8,,False,
ACCb51202f34f,,False,
ACCfb25b1509c,,False,
ACCad180309ae,,False,
ACC7f82aab19b,,False,
ACC8aaa794479,,False,
ACC7c2d4deacc,,False,
ACC2c11119dc8,,False,
ACCc0c2a653a5,,False,
ACCbd63aa8806,,False,
ACC2c8422edfe,,False,
ACC3e85a8278d,,False,COINC0025
ACCcfe2905a22,,False,
ACC9ffd0a8adb,,False,
ACCfc55ac2fb5,,False,
ACCc1ef5d2279,,False,
ACC9cda1e686e,,False,
ACCcdaf84180a,,False,
ACCb40d977820,,False,
ACC2a086b6f5d,,False,
ACCfb184236f8,,False,
ACCec0efb9271,,False,
ACCf8ef1cfa71,,False,
ACC83247f51ee,,False,
ACCff294d1d5d,,False,
ACCf52ec4aea3,,False,
ACC7b726dc713,,False,
ACCadee74f28b,,False,
ACCd649de4d6f,,False,
ACCe795eec5d6,,False,
ACC0598a9a04c,,False,
ACCd1bdf52276,,False,
ACCfee630e2cf,,False,
ACC9f8add611f,,False,
ACC73cf2f4066,,False,
ACC725e334ccd,,False,
ACC6e55ce8443,,False,
ACC19501f1d22,,False,
ACC4e61bc2b91,,False,
ACC66be060b78,,False,
ACCfa3990704e,,False,
ACC8cc5d7ae84,,False,
ACCeba24fde37,,False,
ACCcb5599f4f5,,False,
ACC5f0760c4d5,,False,
ACC4f4818c5ca,,False,
ACCc1a4a4aab1,,False,
ACC29a761c8ae,,False,
ACCc6e541ba88,,False,
ACCc55a56181e,,False,
ACCa8aff539c9,,False,
ACC0c52bf72bb,,False,
ACC0bd35976ff,,False,
ACCc6b0da2c66,,False,
ACC9d07578a18,,False,
ACC1dc74a95b6,,False,
ACC4b16a1c3ad,,False,
ACC65af952d3f,,False,
ACC9eddab06f5,,False,
ACC2e8e6de0d5,,False,
ACC3f7c509a7f,,False,
ACC0065cc73c7,,False,
ACC6158f79bb2,,False,
ACCc948f45491,,False,
ACC59e6233b49,,False,
ACC170ddb692a,,False,
ACC87424a1799,,False,
ACCb5abccda02,,False,
ACC67f0b1cba8,,False,
ACC01741038e9,,False,
ACCf3498a325f,,False,
ACCe9c858363c,,False,
ACC67cf7f4a3c,,False,
ACCa6e6adeb6a,,False,
ACCb3019587f0,,False,
ACC0b411cd0a1,,False,
ACC2ccfd6ae53,,False,
ACC5ccf5ac256,,False,
ACCc5ede360e0,,False,
ACCfa56b9e636,,False,
ACCf8e2cdc02b,,False,
ACC9b7279814b,,False,
ACC3e9a635d10,,False,
ACCee9e9c72f7,,False,
ACC4a16c65049,,False,
ACC3a567441ef,,False,
ACC3d1a76aab8,,False,
ACCf811da5176,,False,
ACCe7d28e5dc8,,False,
ACC82f9fc1116,,False,
ACC73e1741556,,False,
ACC66db7df484,,False,
ACCc1be62ce4f,,False,
ACC3b2edde0c7,,False,
ACCf6c803bf34,,False,
ACC883f53a883,,False,
ACC22e6f2454e,,False,
ACCbb0797ba56,,False,
ACC3b032db277,,False,
ACC0a02e0a545,,False,
ACC918143ac77,,False,
ACCb599aadeab,,False,
ACC16d2320647,,False,
ACCa7d8f03541,,False,
ACC1035a15d78,,False,
ACC20fe854f4b,,False,
ACC1105609ea0,,False,
ACC4d8db2550b,,False,
ACC858c7d5e38,,False,
ACC7267849c9b,,False,
ACC718ee70566,,False,
ACC4496e4b378,,False,
ACC6299f3415b,,False,
ACC4a06106c08,,False,
ACC9d28ef8803,,False,
ACCd175d001d4,,False,
ACC27b461d136,,False,
ACCdce1ccca1c,,False,
ACCebcc340cb3,,False,
ACC29347cfddf,,False,
ACCb35da30e79,,False,
ACCdbe60d6cc8,,False,
ACC5d5e2a5a69,,False,
ACCa5209370be,,False,
ACCac418376e9,,False,
ACCeb6b5ef514,,False,
ACC0abca6e14d,,False,
ACCcc4fb497bf,,False,
ACC23ec860336,,False,
ACC5a0266aa34,,False,
ACCd8edbc7376,,False,
ACC5bc715ec64,,False,
ACC455ee8c0e7,,False,
ACCb338205c70,,False,
ACCff0c0a350e,,False,
ACC8676865edc,,False,
ACC173f8921cc,,False,
ACC6615565d36,,False,
ACC7e2932aee1,,False,
ACCe286966433,,False,
ACCd4f3e46d73,,False,
ACC6b5dd9213a,,False,
ACCe73e144347,,False,
ACCba6e743f21,,False,
ACC40cc68c055,,False,
ACC32cad9d2ea,,False,
ACC3289471f4b,,False,
ACCe749b8dc36,,False,
ACC2de16ca01e,,False,
ACC32be535dd1,,False,COINC0043
ACCfadffb238a,,False,
ACCd24e747f49,,False,
ACC8c8d11eaf8,,False,
ACC8e50ede70c,,False,
ACC0b151a06f1,,False,
ACC85c861d8f0,,False,
ACC89493508b1,,False,
ACC4d78fea8b6,,False,
ACC850fb36f28,,False,
ACC8204059ed5,,False,
ACC244d0036b7,,False,
ACCf1c1d56515,,False,
ACCa17ea0fd4f,,False,
ACC388932818e,,False,
ACC5c8bda59fa,,False,
ACC59cb4b9682,,False,
ACCe6130fb228,,False,
ACCc581522d2c,,False,
ACC00fefc3f54,,False,
ACCafe804dbae,,False,
ACCb73301fed2,,False,
ACC68b2db418c,,False,
ACCee079a69f8,,False,
ACC21f5d809bb,,False,
ACCc949febdf4,,False,
ACC660cc037bd,,False,
ACC8a127356f0,,False,
ACC23901c817a,,False,
ACC2161d581a3,,False,
ACCc79d16ecd5,,False,
ACC7d2880c949,,False,
ACCd4a73a0d65,,False,
ACCa35ef111ad,,False,
ACCc53005d2e0,,False,
ACC8fee4589d0,,False,
ACCe332c7e222,,False,
ACC52cb396466,,False,
ACCf10a24954a,,False,
ACC55567d1d71,,False,
ACC7b1d1fe6e3,,False,
ACCc294e99246,,False,
ACC9ed9ef719d,,False,
ACC3910f5b835,,False,
ACC79d587a195,,False,
ACC6714486c68,,False,
ACCfd1da313a3,,False,
ACC5ab388b338,,False,
ACCb5c6275ed4,,False,
ACCdc7d180bfa,,False,
ACCc2d4b8a63b,,False,
ACCacd32ce37b,,False,
ACC32a977a7a0,,False,
ACCd88f6ff627,,False,
ACC331c64113b,,False,
ACCce3d3d69d2,,False,
ACC481f4bb2e5,,False,
ACC2df1624b7b,,False,
ACC0b3e689782,,False,
ACC50097f63d1,,False,
ACC1596e07921,,False,
ACC18ed81922b,,False,
ACC3fb2925309,,False,
ACC7513c1e9d5,,False,
ACCaad55c6d38,,False,
ACC0f861d4152,,False,
ACC1e0426b55c,,False,
ACCb4773e6607,,False,
ACCf64f9fed68,,False,
ACC9b03316475,,False,
ACC5dbf0fd506,,False,
ACCa0e063c23f,,False,
ACCc1b07c2541,,False,
ACCface6d8ad7,,False,
ACC5edeb8691d,,False,
ACCa30272b98c,,False,
ACC872e62e7ec,,False,
ACC13a40ed826,,False,
ACC95261ef070,,False,
ACCcaf06d5161,,False,
ACCfa3d3e0df4,,False,
ACC612b0dc21f,,False,
ACC3863c8e623,,False,
ACCbf4ccafc1c,,False,
ACC6656d7c612,,False,
ACC02a6234902,,False,
ACC04c00ce53e,,False,
ACC90c067fe3e,,False,
ACC1e3c3c250e,,False,
ACCf50702e5cf,,False,
ACC128fdfbc59,,False,
ACCc0d3f2f396,,False,
ACC11fe69248d,,False,
ACC8bbf6a7273,,False,
ACC9b9aba1cbf,,False,
ACCac2ecdabb1,,False,
ACCed0f5eba91,,False,
ACCe321c9a30c,,False,
ACC97284f9edb,,False,
ACC188b962293,,False,
ACCdd37dd90fb,,False,
ACC207272c9a5,,False,
ACC171b6f9229,,False,
ACC4a5ae795a6,,False,
ACC6ee5a4b60b,,False,
ACC62a6624e81,,False,
ACCd3caaff16a,,False,
ACCf4b9a1f82a,,False,
ACC0b81fb69ab,,False,
ACC99ad0661aa,,False,
ACC2588538754,,False,
ACCeb9dd204c0,,False,
ACCff8cb45dc1,,False,
ACC5885767365,,False,
ACC076d97a4ac,,False,
ACC5ef382eda9,,False,
ACC6b6366ddc8,,False,
ACC50dfabcd66,,False,
ACCba8f3963ce,,False,
ACCf837fe9047,,False,
ACC6e1b8591f4,,False,
ACC156ff5a4be,,False,
ACC35e920647b,,False,
ACCf75df3e7a4,,False,
ACC6caac74dfe,,False,
ACCfb577e720d,,False,
ACC3ecbf71658,,False,
ACC2d136256cf,,False,
ACC1bb13a150a,,False,
ACC950e6403e0,,False,
ACC41e9debb5a,,False,
ACC1334a415e1,,False,
ACCc5fd6bcbaa,,False,
ACC6472085c03,,False,
ACC5016b967d2,,False,
ACC46971bff48,,False,
ACC0b1b43ee19,,False,
ACC292ca12aea,,False,
ACCf429427d01,,False,
ACC446b37664d,,False,
ACCc36482a2cd,,False,
ACC011841e52f,,False,
ACCda3df6312f,,False,
ACCc9d89270c2,,False,
ACC6222a8024d,,False,
ACCcd36b3d2f1,,False,
ACC055732947a,,False,
ACC6f51e145bc,,False,
ACC9a80438204,,False,
ACC7c44c5dc23,,False,
ACC48b7a92716,,False,
ACC85bbaa9c07,,False,
ACCa597dd858a,,False,
ACC09e4e5cf6d,,False,
ACC2c29b0bcb5,,False,
ACCfe7c0d0a44,,False,
ACC744c4ec82b,,False,
ACC3fe3e6c33f,,False,
ACC48a109b7ab,,False,
ACCe13c5fcecd,,False,
ACCc4d783ff40,,False,
ACCcf5219010f,,False,
ACCfc75a0f53e,,False,
ACCfce74ba50b,,False,
ACC4e18fafba9,,False,
ACCda31bd3ed3,,False,
ACC12043aa82d,,False,
ACC797decadb7,,False,
ACC018eaba155,,False,
ACCe742a20b25,,False,
ACC2275bab460,,False,
ACC31b2233eb6,,False,
ACC4be61ab522,,False,
ACC353246c71d,,False,
ACC7d10644e2a,,False,
ACC7f17909121,,False,
ACCadb578b741,,False,
ACC02d34784b8,,False,
ACCc34a01ac04,,False,
ACC8020b7033c,,False,
ACC72c8f9e0dc,,False,
ACC88f29d4a69,,False,
ACCe0379be716,,False,
ACC6a56599920,,False,
ACCd2ab51df31,,False,
ACCe1a3690ac2,,False,
ACCf50189e480,,False,
ACCfba01f365e,,False,
ACCe020b6a560,,False,
ACC186fe440cf,,False,COINC0002
ACCd3d7f66303,,False,
ACCa604cfe6df,,False,
ACC10307c7bd7,,False,
ACCdcc161642e,,False,
ACC8e880a06df,,False,
ACC7f79a80158,,False,
ACCd1ea686c53,,False,
ACC603b4eda7a,,False,
ACC74b0c88d38,,False,
ACC3d5338f21a,,False,
ACC5ca2305d92,,False,
ACC0aab55ff0d,,False,
ACC01ba0be2d6,,False,
ACC9859a24619,,False,
ACC093c977da6,,False,COINC0001
ACC7a7220d745,,False,
ACCf8a9c2cdd7,,False,
ACC5943142dfa,,False,
ACC996832a737,,False,
ACC4834030e12,,False,
ACCd10e6dff07,,False,
ACCb8b3ba0b59,,False,
ACC22c4fb2ca9,,False,
ACC801e5ddcdf,,False,
ACCc0f1d1140a,,False,
ACCebcaafac71,,False,
ACCea2b470fb3,,False,
ACCdc64655b9b,,False,
ACC815f740f60,,False,COINC0043
ACC3d71ada8d6,,False,
ACCc60412ea2e,,False,
ACC9a4edda16a,,False,
ACCb6539f0a9e,,False,
ACC6b3098efda,,False,
ACCf826d67828,,False,
ACCd6cb12764b,,False,
ACCa2aa52d452,,False,
ACC815a35c8de,,False,
ACC874ca3610c,,False,
ACC1310dea551,,False,
ACC8100983e91,,False,
ACCc1470efdac,,False,
ACC4838a0efa3,,False,
ACC32c14a630b,,False,
ACC9c3237a1d7,,False,
ACC834d6efa7a,,False,
ACC52385a6825,,False,
ACC32284af68d,,False,
ACCe021ca0dc5,,False,
ACC6b8b2bd035,,False,
ACC480295c2dc,,False,
ACC850ebfab74,,False,
ACCa504c713ab,,False,
ACC0fa00672ce,,False,
ACC7a789b8faf,,False,
ACCfc25fb934e,,False,
ACC637f80675d,,False,
ACC9a13a9e629,,False,
ACC344a1b3a29,,False,
ACCd837171650,,False,
ACCa3f0e8ccc1,,False,
ACCe52137b4cb,,False,
ACCc8033025d8,,False,
ACCa6301f753f,,False,COINC0033
ACC02e4b10235,,False,
ACC6f9c2d6b73,,False,
ACC37104c2638,,False,
ACCd75bd42131,,False,
ACC05fd2e48f6,,False,
ACCe0b76e342b,,False,
ACCba3e329e9d,,False,
ACCa9f817b494,,False,
ACC560851ad69,,False,
ACC3fd7ed27ae,,False,
ACCcb76d9904a,,False,
ACC93b38b176b,,False,
ACCd887d73993,,False,
ACC29954ce5b5,,False,
ACC5982134cd5,,False,
ACC747eaaa205,,False,
ACCf7c75172bd,,False,
ACCc4d84f0e69,,False,
ACC96ed693efd,,False,
ACC40bd9a93b9,,False,
ACC58b9ca1c55,,False,
ACC9ee331bea0,,False,
ACCe30baa2631,,False,
ACC4a0429af26,,False,
ACC047aeb084a,,False,
ACCa4f02a7488,,False,
ACCc7f0a837fc,,False,
ACCd2ec162374,,False,
ACC1adb85f13e,,False,
ACC50696415a1,,False,
ACC509fd54926,,False,
ACC83ee7ca7a4,,False,
ACCa4d7a4a07f,,False,
ACCb551ccc859,,False,
ACCd33f8684de,,False,
ACC3128363f9c,,False,
ACC77a8c81e2a,,False,
ACC85e8436d65,,False,
ACC31d94a7afe,,False,
ACC79df111ec7,,False,
ACC66a24029be,,False,
ACCd8a5e3e3d1,,False,
ACC03671ac72f,,False,
ACC42d09fc6e1,,False,
ACC78779f029c,,False,
ACCb648c33d05,,False,
ACC3d148bd83b,,False,
ACC152cd3af33,,False,
ACC944796f7e9,,False,
ACC4d7928c198,,False,
ACCb9c87dff8e,,False,
ACCe2bcc8beb0,,False,
ACC05de399fb8,,False,
ACC16d90a3edd,,False,
ACCe1653181d4,,False,
ACC99b0b75a0e,,False,
ACC4fd3e53443,,False,
ACC5588bf7074,,False,
ACCcfb4ad07c8,,False,
ACC70f3822f58,,False,
ACC7302d34940,,False,
ACC0ceb1ccfd9,,False,
ACCfb2f1367a9,,False,
ACCdb92b6d4a1,,False,
ACCe5d6016393,,False,
ACCe1c242880b,,False,
ACC39a11fd2cb,,False,
ACC34c0e8ae9e,,False,
ACC1b1bd06bcb,,False,
ACC275df2258d,,False,
ACC0011a3b1fb,,False,
ACC96b63772fb,,False,
ACCed2678d7ad,,False,
ACCb9312b0aea,,False,
ACCa423741bd1,,False,
ACCf73f956f54,,False,
ACC256c8e4a78,,False,
ACCb081edf8ad,,False,
ACC4b19ca4f7a,,False,
ACCc2244cfb79,,False,
ACCfc4e18d3a8,,False,
ACC454289ddea,,False,
ACC63c66b071d,,False,
ACCe332bcf190,,False,
ACCbb11cc4ea2,,False,
ACCd1fec7c57e,,False,
ACC2fb1043119,,False,
ACCdc30794aae,,False,
ACC0f10d39e46,,False,
ACC25411fb577,,False,
ACC68f8fa3bd6,,False,
ACC899095ce92,,False,
ACC80957c5569,,False,
ACCf37a43519f,,False,
ACCb79f2770b3,,False,
ACC0c5a303ddd,,False,
ACCcaa05ec969,,False,
ACC2fb32e3c3c,,False,
ACCd56954bc34,,False,
ACC4c7b1ffbd2,,False,COINC0044
ACCecf8305a2f,,False,
ACC92e01c4ea3,,False,
ACC6244e3a5ef,,False,
ACC326b43e270,,False,
ACC0d4220f9f9,,False,
ACC091ca20b96,,False,
ACC9bd9fc7bc6,,False,
ACCcce1011933,,False,
ACC866fc17ead,,False,
ACC6ce6c4de5b,,False,
ACCe598f8baa6,,False,
ACC7ca3b43214,,False,
ACC4e2e37dff6,,False,
ACC6adaba560f,,False,
ACC22e064ef9e,,False,
ACC903ddefce4,,False,
ACCef9a9b257e,,False,
ACCc4837b7205,,False,
ACC4e012a1cd8,,False,
ACC8218e9bb3d,,False,
ACCda17999ac5,,False,
ACCfdffc0e008,,False,
ACC88691a249b,,False,
ACCc811605cbe,,False,
ACC7bfd7c33ba,,False,
ACC8866c9e874,,False,
ACC2e2bf1f209,,False,
ACCb5c1715348,,False,
ACC7055ba942e,,False,
ACC97d5e87ed5,,False,
ACC037b0af710,,False,
ACC9cd8bcb918,,False,
ACC7c0d71cfb2,,False,
ACCbd1dc9801d,,False,
ACC5fa577ab1b,,False,
ACC7812a4aeda,,False,
ACC4df8a467e2,,False,
ACC71f16b5a21,,False,
ACC823bef8c3f,,False,
ACCa3e9d32f09,,False,
ACC61e9a3cd3a,,False,
ACC89431be6e3,,False,
ACCb0fb4d58d3,,False,
ACC30f6fc5b9a,,False,
ACC53b53518bf,,False,
ACC3801fa9f59,,False,
ACCcf034c1817,,False,
ACCdd30eb6966,,False,
ACCd85725e311,,False,
ACC2bac6a17b1,,False,
ACC14826ae9ca,,False,
ACC429dc5b6f8,,False,
ACC61dbd089fc,,False,
ACCa0aa385da1,,False,
ACCcba8836575,,False,
ACC3bb583992f,,False,
ACC273ddd52fd,,False,
ACC4a9e82b106,,False,
ACCdd8f900085,,False,
ACC62cd9c951a,,False,
ACCf99e8825d5,,False,
ACCf1dd4daccf,,False,
ACC90ade49637,,False,
ACCf4eb2cade5,,False,
ACC6f1260d1b2,,False,
ACC1060f8825c,,False,
ACC6138c5df69,,False,COINC0028
ACCd7853f182b,,False,
ACC37bca92ea7,,False,
ACC1bcdaead09,,False,
ACC3f716fc1f5,,False,
ACC4d91d0ea7e,,False,
ACC83ccdbcc86,,False,
ACCb51c52a758,,False,
ACCa533e6d978,,False,
ACC1c9dc90819,,False,
ACCe0f7ac7a60,,False,
ACCcc2b4c7220,,False,
ACC0140e1d668,,False,
ACC6a3ec15e95,,False,
ACC4a86bcd4bd,,False,
ACCad3d460811,,False,
ACCbf04e554ab,,False,
ACC8da18a728f,,False,
ACCd3a9bfca90,,False,
ACCa269533b12,,False,
ACC49e27c5dfe,,False,
ACC6fc25247fa,,False,
ACC8bd1ca884b,,False,
ACCfceb41b1fd,,False,
ACCab1b18d36f,,False,
ACC2e77c95725,,False,
ACC19528cf03d,,False,
ACC395e32015d,,False,
ACCc54716d76a,,False,
ACCde690e602d,,False,
ACC38cd4da1b6,,False,
ACC97a7ccc1d7,,False,
ACC582ea1242e,,False,
ACCd470289b1b,,False,
ACC946154aa33,,False,
ACC24506f3b36,,False,
ACCd84a6fbfdc,,False,
ACC0c2805158d,,False,
ACCda5cc0598a,,False,
ACCacfa3d8d20,,False,
ACC505ec5714b,,False,
ACC3e594462fe,,False,
ACCf57ec96354,,False,
ACC3118182ffd,,False,
ACCe0aad5de52,,False,
ACC7fdf00512e,,False,
ACC2ceaa9e243,,False,
ACC472c1f66bf,,False,
ACCd9fdb9f0c9,,False,
ACC6af36c4b43,,False,
ACC646c1697c9,,False,
ACCef25f9bec8,,False,
ACC86071ff3c1,,False,
ACCc9540a6bcd,,False,
ACCcd78e0c598,,False,
ACCc6e62b1962,,False,
ACC73c98abfee,,False,
ACCc7af789527,,False,
ACC3ebaa3047d,,False,
ACC64b4b9d285,,False,
ACCbaaa258960,,False,
ACC47c149f140,,False,
ACC19779a5256,,False,
ACC971877f53d,,False,
ACC5efdc0e4db,,False,
ACC44c81228ba,,False,
ACC0ae1f8b53f,,False,
ACC6844101b0c,,False,
ACC1f0ca64c0c,,False,
ACC2633f466ab,,False,
ACC0a83450714,,False,
ACC15a755d94a,,False,
ACC728388e332,,False,
ACC3089e76063,,False,
ACC50e1ab84a0,,False,
ACCcc636d6d0a,,False,
ACCa7f4d85bdf,,False,
ACC489948a9e6,,False,COINC0012
ACC7af873a32d,,False,
ACCfb3770a2bf,,False,
ACCdbe5c1427b,,False,
ACC15bee8206a,,False,
ACCd508313df8,,False,
ACC7cd73d5f31,,False,
ACC931b9acc44,,False,
ACCd9d9f6cd10,,False,
ACC8cf5799dc7,,False,
ACC2d30bfde05,,False,
ACC748bad8c7a,,False,
ACC3539b7d813,,False,
ACC4d8d7ab75c,,False,
ACC8534d8a7a7,,False,
ACC4f9079f51d,,False,
ACC3311b2df60,,False,
ACC661c47dacd,,False,
ACC78cf44bf8e,,False,
ACC32011f919c,,False,
ACCa453e4b9dd,,False,
ACC8a035f98e1,,False,
ACCbbce72e0e8,,False,
ACC01bd6d3a99,,False,
ACC4f4e696015,,False,
ACC7e1e1bcfda,,False,
ACCf7d066a52b,,False,
ACC640acb4bc4,,False,
ACCc29087ea68,,False,
ACC3ad242c1c2,,False,
ACC619761bd1d,,False,
ACCce2b917159,,False,
ACCc21d54e50e,,False,
ACCa31ad41172,,False,
ACC25a65cf451,,False,
ACC5a7fb85e0b,,False,
ACC1bb17d0b5d,,False,
ACC06cdf0f527,,False,
ACC658a72bc8d,,False,
ACCb28c4d28f9,,False,
ACC139a785b0a,,False,
ACC686c04ffa0,,False,
ACC29fab71e46,,False,
ACC9cd8599818,,False,
ACCee8d28c360,,False,
ACC63a0f7166d,,False,
ACC8a5ff32291,,False,
ACCbeac47be34,,False,
ACCc34efc0bbf,,False,
ACC65b386fe43,,False,
ACCc6a8ef6555,,False,
ACCe62ddcb3a1,,False,
ACCb8721653e9,,False,
ACCf66c950442,,False,
ACC2d3c5327e1,,False,
ACCadd665e28a,,False,
ACCde90dfdfa6,,False,
ACC96d9574a71,,False,
ACCb090296a88,,False,
ACC1229a144ee,,False,
ACCf146d2c585,,False,
ACC3dbcbe8874,,False,
ACC4e6a36df8e,,False,
ACC2af6e99e0e,,False,
ACCe136ccf168,,False,
ACC72a773fa5c,,False,
ACC421ef9f737,,False,
ACC72be20a9fe,,False,
ACC90bf8cfa2c,,False,COINC0031
ACC4ba22ce9f7,,False,
ACC5604f9f1f0,,False,
ACCfa2fcec3ea,,False,
ACC84604d4df5,,False,
ACCcf42378a4c,,False,
ACC19aefdff99,,False,
ACCb10a0defcb,,False,
ACC049b685bcd,,False,
ACC724fa993d8,,False,
ACC173bf553a3,,False,
ACC8b482a50c4,,False,
ACC5446acb39d,,False,
ACCe21dafdd28,,False,
ACCf06473343f,,False,
ACC7756a12add,,False,
ACC989baeb3f8,,False,
ACC3175bf883d,,False,
ACCea141fb264,,False,
ACC0c74060d4b,,False,
ACC820bd491d0,,False,
ACCc899213a0e,,False,
ACC734bbe1348,,False,
ACC6caa8d688b,,False,
ACCd027052064,,False,
ACCa243cd0852,,False,
ACC06d2a38b62,,False,COINC0039
ACC3db12b29a6,,False,
ACC44e8a22f23,,False,
ACCef01ffd085,,False,
ACC8acdd16ae4,,False,
ACCa0a8290c23,,False,
ACC93591ec04f,,False,
ACC099ed4c519,,False,
ACC927ee4ac7f,,False,
ACCc27c8f2f0e,,False,
ACC9ac098194d,,False,
ACC13805b02d3,,False,
ACC1dbeac9d0d,,False,
ACC0410d06a9c,,False,
ACC0bda18039c,,False,
ACCb2315d97d5,,False,
ACC30f4d6f78a,,False,
ACC2d2067dca2,,False,
ACCb4cd1c0531,,False,
ACCc0a9d46447,,False,
ACC0210fb0170,,False,
ACCd6d3fad93c,,False,
ACCaa2fea2a76,,False,
ACCda1583cdb4,,False,
ACCf3903a9fab,,False,
ACC4fcd6bb2ac,,False,
ACCf29dde6b09,,False,
ACC1a34e3d6e4,,False,COINC0024
ACC921066acc3,,False,
ACC7a16dfd833,,False,
ACCa40fd82dec,,False,
ACC362da16b82,,False,
ACC70c6ca4efa,,False,
ACCd42b5e3af7,,False,
ACC7130ff546d,,False,
ACC46cc23856c,,False,
ACC1aca8dad35,,False,
ACCec42db2d50,,False,
ACC1f52fd4f7a,,False,
ACC53c6210723,,False,
ACCf943166abe,,False,
ACC97230bfda8,,False,
ACC59e40877f5,,False,
ACC49b039f95e,,False,
ACC9887e9331c,,False,
ACCa4d9946376,,False,
ACC9391a554d9,,False,
ACC3d47fb70ef,,False,
ACC133f8bb224,,False,
ACC447aea4d43,,False,
ACCc3e9ed8ce9,,False,
ACC2b69006ecd,,False,
ACC35e4c4a8a5,,False,
ACCb70dd3f764,,False,
ACC0c28aeeccc,,False,
ACCc00122e104,,False,
ACCd96ed9b47a,,False,
ACC562fc00eaf,,False,
ACC21c1befeaf,,False,
ACC52e3b37ddf,,False,
ACC2b49759bb8,,False,
ACC08860c35e2,,False,
ACC4e224f9880,,False,
ACC7283066352,,False,
ACC1095710a37,,False,
ACCa6776ca527,,False,
ACC6e7eb79846,,False,
ACC45ab254de2,,False,COINC0033
ACCcc8b4a3771,,False,
ACCc66599a181,,False,
ACC5f791de518,,False,
ACC39d4482fde,,False,
ACC864daccef0,,False,
ACC76c4f2d2be,,False,
ACC197a6b5f85,,False,
ACCc9a00afe2d,,False,
ACCfec950bd77,,False,
ACC0a17d0e704,,False,
ACC266c7b5c70,,False,
ACC38d0d78cf7,,False,
ACCb232733b4e,,False,COINC0000
ACC9005a6ae8a,,False,
ACC94dee0fba6,,False,
ACC6b4a535522,,False,
ACCc2ee1c452e,,False,
ACC67baaf4b65,,False,
ACC24063729a8,,False,
ACCab360ee96d,,False,
ACC9a6399457f,,False,
ACC127e2bd223,,False,
ACC1462c8fd13,,False,
ACC2e30a9979b,,False,
ACCb4195a5e0b,,False,
ACC260b422b5d,,False,
ACCa32384a06d,,False,
ACC9b8d9c2c89,,False,
ACC95452d9e9c,,False,
ACC75d4170f15,,False,
ACCc8d31344be,,False,
ACCc1b90921a7,,False,
ACC2efc25a6cb,,False,
ACC9eb6387d9d,,False,
ACC19dc0b7481,,False,
ACC00f9f22307,,False,
ACCc3ebc7d24a,,False,
ACC5a09e03370,,False,
ACC0acdc07c7e,,False,
ACCe4f760f126,,False,
ACC54d912a52e,,False,
ACC444df8d6ed,,False,
ACC0f16f73f48,,False,
ACCdc9b9a25e5,,False,
ACCa8d83a9696,,False,
ACC03e3550eae,,False,
ACC23906c368a,,False,
ACC26e7f775c3,,False,
ACCaa8a869fd2,,False,
ACC90ef1a582a,,False,
ACCde32e68457,,False,
ACC9b7c5f7b49,,False,
ACCd1b8f53921,,False,
ACCc4b0c32703,,False,
ACC030d74ef10,,False,
ACC92ac5cd430,,False,
ACC636e79b5f3,,False,
ACCaff368dcdd,,False,
ACC6d6fa062d1,,False,
ACC2f251467c5,,False,
ACCd311c7ccfa,,False,
ACC3ccfa5f462,,False,
ACC351b2cae4b,,False,
ACC38d10ed1d7,,False,
ACC4eb65098c3,,False,COINC0043
ACCcf244b3463,,False,
ACC816563be3d,,False,
ACCb9ed5e6d56,,False,
ACC0853f793b9,,False,
ACCdda5f3f64e,,False,
ACCa3b174e34d,,False,
ACC6882085689,,False,
ACCd3d4970715,,False,
ACC50bdf3ef3d,,False,
ACCa50670f42e,,False,
ACC6fcbb16de6,,False,
ACC25872daf32,,False,
ACC677cd85b92,,False,
ACCe78a25a254,,False,
ACC8a13393013,,False,
ACC85aa8f6436,,False,
ACC14f5ca194f,,False,
ACC5fcb0452fc,,False,
ACC6635aeb3a6,,False,
ACCa2f167c243,,False,
ACC1c91cc7bf0,,False,
ACC2608f2ee81,,False,
ACCee650681d9,,False,
ACC1172ab5c7b,,False,
ACCd119ae33a3,,False,
ACC0fdba7980f,,False,
ACC109ee1e3b8,,False,
ACCa0d33e2132,,False,
ACC32221d6f56,,False,
ACCb7370dba4b,,False,
ACC3e95a37b2b,,False,
ACCb08fcb3be3,,False,
ACC31dbef3412,,False,
ACC5197e0598b,,False,
ACC83f347e9b9,,False,
ACC859459051b,,False,
ACCda3fa205c7,,False,
ACC15d23a187e,,False,
ACCa4a9da6c9b,,False,
ACCd224cfebe0,,False,
ACC7e783e13c0,,False,
ACCdf7f374c35,,False,
ACC540540f598,,False,
ACC3c3ae7f3c3,,False,
ACC07e2b669e2,,False,
ACC90e576b5a9,,False,
ACC241665e0e3,,False,
ACCdba86e018d,,False,
ACCc088ccce67,,False,
ACC632d3c9d31,,False,
ACCffc2476541,,False,
ACC6741a43df9,,False,
ACCe2f434f461,,False,
ACCe46584a19a,,False,
ACC2278eb6d0a,,False,COINC0013
ACCa19d5107e3,,False,
ACC93943dee95,,False,
ACC8235fcbd58,,False,
ACCf607328cdb,,False,
ACC0fc863a30f,,False,
ACCb0ac2d7fbc,,False,
ACC3fa38a2eae,,False,
ACCcad86f05fc,,False,
ACC7ef11cc32b,,False,
ACC612992672c,,False,
ACCa1e53e7ef5,,False,
ACC545fc63ede,,False,
ACCf23280c27c,,False,
ACCc1fd44154b,,False,
ACC196cb54f51,,False,
ACC51eefb1f15,,False,
ACC09140f0fb1,,False,COINC0013
ACC9f5425351b,,False,
ACC72310c6627,,False,
ACCdd9fb901a1,,False,
ACCadc423e9cd,,False,
ACCda281c4243,,False,
ACC5e54f3f4e6,,False,
ACCa2951d3215,,False,
ACC0cafe8ae44,,False,
ACC1759484020,,False,
ACCcfff3f2bb7,,False,
ACCdf69bdab85,,False,
ACC7a5b6eb9b2,,False,
ACC32a18ce99b,,False,
ACCb76d61ddfa,,False,
ACCa3c6ee0b45,,False,
ACC7e91135b1b,,False,
ACCd876219e75,,False,
ACC5c95894acf,,False,
ACC22f1b12651,,False,
ACCb3bfb9cd04,,False,
ACC561f5bb3e3,,False,
ACC715eccd52d,,False,
ACC2f9ba388ea,,False,
ACC96125404cf,,False,
ACC13269766e4,,False,COINC0007
ACCa99634269c,,False,COINC0048
ACC2af78625b4,,False,
ACCab181d9d52,,False,
ACCfff6e67413,,False,
ACCc1fc3526e0,,False,
ACC60084e7047,,False,
ACC890fc88435,,False,COINC0030
ACCe431c13f0c,,False,
ACCfbe171ea01,,False,
ACCba66e89df3,,False,
ACC05b48423c8,,False,
ACCa4d04a0bee,,False,
ACC80a4e7ea96,,False,
ACCdbb4cca06c,,False,
ACCf6d29182e1,,False,
ACC4d409d6a0f,,False,
ACC39238e1ff6,,False,
ACC0eed679aaa,,False,
ACCaf1051a38a,,False,
ACC2746e388b5,,False,
ACC989c8182b2,,False,
ACCc2afa0cf88,,False,
ACC15afb9d74e,,False,
ACC94e8a8be00,,False,
ACCa94e42fbad,,False,
ACC978beeb960,,False,
ACCa53ba6a5c0,,False,
ACC255a16b89c,,False,
ACC31b86124fb,,False,
ACC1407c532fd,,False,
ACC6801f7c981,,False,
ACC52a8dc30e0,,False,
ACCcfbcbec9e0,,False,
ACC8d91b0f0e7,,False,
ACC61601719ad,,False,
ACC532ee5a530,,False,
ACC774063d90c,,False,
ACC318118d2ab,,False,
ACCaa06a4952e,,False,
ACC1d1836f581,,False,
ACC7dea03cc83,,False,
ACC0a703b3b4b,,False,
ACC5e6019245f,,False,
ACC63d5a3c795,,False,
ACC287cd0ad04,,False,
ACCbc9eb2517c,,False,
ACC916f7bc584,,False,
ACC03a95618e9,,False,
ACC5b802594a6,,False,
ACCe86be60f62,,False,
ACCfa72c848c3,,False,
ACC5413df067d,,False,
ACCeee6020fa3,,False,
ACC817a8148a2,,False,
ACCdc599b2244,,False,
ACC3b9ab42c42,,False,
ACC28861d2df5,,False,
ACC480bd8cb00,,False,
ACCf03742027d,,False,
ACC265a8fe6e3,,False,
ACC6bd6791edc,,False,
ACCf4ab48ebc9,,False,
ACCa64311b8ec,,False,
ACC5ddad3c68d,,False,
ACC01c6f91a04,,False,
ACC4c15b0814b,,False,
ACC1dbdb81ab3,,False,
ACCd241842f2b,,False,
ACCf40b0888e7,,False,
ACC5a8642b7e5,,False,
ACCcf69b43b86,,False,
ACCfc18b88434,,False,
ACCc922664e02,,False,
ACC1aec170bd0,,False,
ACC81844ec94d,,False,
ACCcc4be967c1,,False,
ACCa8d8cd9cce,,False,COINC0012
ACC1507b58353,,False,
ACC174830bfe0,,False,
ACC3fbff074c0,,False,
ACC0837695932,,False,COINC0036
ACC1b84e78cba,,False,
ACC9e57f03f43,,False,
ACC8338a60cd8,,False,
ACCb3f312b77e,,False,
ACC3e827fd725,,False,
ACCa6b65b0a48,,False,
ACCe2865b5c1b,,False,
ACCc176638b94,,False,
ACC692fe49f7c,,False,
ACCb41ca75380,,False,
ACC1ed9e845e6,,False,
ACC4d534db614,,False,
ACC295f6f1fb8,,False,
ACC4bdb13ff0c,,False,
ACC2ec9dcfd0c,,False,
ACCf500c616f1,,False,
ACC343a7b8eec,,False,
ACC1c6d996a9c,,False,
ACC7bc5deb9db,,False,
ACC0c7eaef73b,,False,
ACCaabf2a6a04,,False,
ACC0cee7fffb8,,False,
ACC2b1d257958,,False,
ACC2328d12826,,False,
ACCaed35a15ec,,False,
ACCaef9f68f6b,,False,
ACC203341c33f,,False,COINC0017
ACCed43066ffb,,False,
ACCe611a427d8,,False,
ACCbaa607d459,,False,
ACCe4b24cb61f,,False,
ACCd71f7d6c7c,,False,
ACC6ed1d4b9b9,,False,
ACCea5d4845f0,,False,
ACCb8f0e8173e,,False,
ACC5cf23ff0b9,,False,
ACC4e0e7d3f8f,,False,
ACCe7cfc0574a,,False,
ACC3ee3d05be4,,False,
ACCa9e1a11193,,False,COINC0006
ACC95dfb91ab9,,False,
ACC4f601e72ec,,False,
ACC4548344a08,,False,
ACCbbb19f2a2b,,False,
ACC71328b80dd,,False,
ACCac282fb3f6,,False,
ACC6c75b5d9d5,,False,
ACCed1431d271,,False,
ACC8fe815dcb6,,False,
ACC5d45799d9b,,False,
ACC93cbe40c7b,,False,
ACC690d59a6c8,,False,
ACCdb6d7aa9ad,,False,
ACC4089b41d30,,False,
ACC603d3984ba,,False,
ACCafb8898c06,,False,
ACC3f051aa931,,False,
ACC6dfb57d18f,,False,
ACCcebf0ff5ca,,False,
ACC257028c9e4,,False,
ACCa956e107cc,,False,
ACCbb3eed9fca,,False,
ACC7267dc9777,,False,
ACCfc1f341e33,,False,
ACCecca918e9f,,False,COINC0022
ACC3bb5510907,,False,
ACC710e08d198,,False,
ACC9154aad674,,False,
ACCade54b7796,,False,COINC0027
ACCad2b4da6e6,,False,
ACCa85d884a2f,,False,
ACC1533f7a09d,,False,
ACC218c88e8b4,,False,
ACC38e3459b81,,False,
ACCd2dd7843ef,,False,
ACC115579e484,,False,
ACC58d7fc67c8,,False,
ACC71965669d1,,False,
ACC38fe086fd9,,False,
ACC15af5dff88,,False,
ACCcf98eeffcb,,False,
ACCdaaa91a5d9,,False,
ACC19d9b7ab6f,,False,
ACC9c55acecd8,,False,
ACC7258bbfe15,,False,
ACCd1b1e39026,,False,
ACC5335018f9d,,False,
ACC5b562d4cc1,,False,
ACCa1c44fb960,,False,
ACCc6537bcf30,,False,
ACC1273c0c80e,,False,
ACC552de04dd8,,False,
ACC4137aa7da3,,False,
ACC4a7ee55021,,False,
ACCde2da903c8,,False,
ACC21d1677ef6,,False,
ACCe61dce6fa4,,False,
ACC988ab39d48,,False,
ACC6b9c9b3561,,False,
ACCc3cd9d8dde,,False,
ACC6ca6eba942,,False,
ACC4b0e9c4f29,,False,
ACC0ec1e03efa,,False,
ACC1c67fc1941,,False,COINC0011
ACCfcbfb66eb0,,False,
ACC76c590db4a,,False,
ACCdf510511af,,False,
ACC0f5f1cc797,,False,
ACC33f48dd00b,,False,
ACC6041a746c8,,False,
ACC9793fff687,,False,
ACC98d0b6fe94,,False,
ACCc1666f30ee,,False,
ACC116f47120d,,False,
ACC73ffb96ff2,,False,
ACCc51455aaad,,False,
ACCd5b5b10d1e,,False,
ACCcf047c2f35,,False,
ACC8142c2bd30,,False,
ACC3bdd14ec24,,False,
ACCf5b0d2b0af,,False,
ACC6009ba00ca,,False,
ACCbc0971f7c9,,False,
ACC1567312702,,False,COINC0030
ACC6b8b510eba,,False,
ACC520a7f5206,,False,
ACCa5a03b936e,,False,
ACC8767b89c24,,False,
ACCf0a7ef8722,,False,
ACC72809acc7a,,False,
ACCdc8a082ae9,,False,
ACCe0b51acc7e,,False,
ACCf1cfb69203,,False,COINC0020
ACC23ecb4ffd5,,False,
ACCa66e89aa8d,,False,
ACC8cf9536d4c,,False,
ACCfe4edc9458,,False,
ACC1e5662890d,,False,
ACCc7a048ac53,,False,
ACCdc7b8c8fe8,,False,
ACCadd3341f66,,False,COINC0012
ACC3fe0a90d56,,False,
ACC274326e9f6,,False,
ACCfc71949758,,False,
ACC1a497e238c,,False,
ACC47878b4c32,,False,
ACC775cdade81,,False,
ACCff482b5536,,False,
ACC0505ec2b5b,,False,
ACC12b2553906,,False,
ACCe65d883bca,,False,
ACC84a279fb33,,False,
ACC96bce35baa,,False,
ACCfaf8cb1458,,False,
ACCb0a37b9b21,,False,
ACCedb8ec0d45,,False,
ACC8bfd7d5285,,False,
ACC4e7713bb89,,False,
ACC0c931c4ed0,,False,
ACCfbfd5638f3,,False,
ACCb827a66638,,False,
ACC47016eeafd,,False,
ACCa764c885af,,False,
ACC29ddb8a7d4,,False,
ACCe2f151fe3f,,False,
ACCf103bd4b7e,,False,
ACCf24273f2da,,False,COINC0037
ACC575c29caaa,,False,
ACCf2f4cf4633,,False,
ACC3a83ac9a90,,False,
ACC642881486d,,False,
ACCa611ff3d68,,False,
ACC9792ecb965,,False,
ACCdc37fda461,,False,
ACC311ccef2f7,,False,
ACC0c9e61e984,,False,
ACCb809189140,,False,
ACC98e72a7107,,False,
ACC4c0c083448,,False,
ACCbe86b8ac6e,,False,
ACC2ee7ddf8e8,,False,
ACC3561e1dc95,,False,
ACCa4462bee7f,,False,
ACCa00171d787,,False,
ACC02e1658ee8,,False,
ACC903f4589f6,,False,
ACCcd41fe34cd,,False,
ACC32f3a74c07,,False,
ACC91aeb7178c,,False,
ACC8ed8e406c7,,False,
ACC79c49d84c5,,False,
ACC90d3cc6adc,,False,
ACCaafe3fb888,,False,
ACCecacc685e1,,False,
ACC4ddbc3eddb,,False,
ACC24581cb099,,False,
ACC3bb77554ae,,False,
ACCee5858402e,,False,
ACC06ea865df8,,False,
ACCd6d8358a26,,False,
ACC3bd7c322ff,,False,
ACC110ac471c6,,False,
ACCd1887fe0cb,,False,
ACC2331917597,,False,
ACCf8d4d7daca,,False,
ACC59cc0fa88a,,False,
ACC3d520cbb81,,False,
ACC712145310b,,False,
ACCf125d3d1ab,,False,
ACCdb4b6dbf5c,,False,COINC0011
ACC67f00ed25a,,False,
ACC78abd2e664,,False,
ACC37e19939b6,,False,
ACCdf6e109f5b,,False,COINC0008
ACCee4c003769,,False,
ACCf7aaf58046,,False,
ACC443a1b6331,,False,
ACC41fb88e9f6,,False,
ACCa3c0bbcc25,,False,
ACC141056dba6,,False,
ACCee57b6f405,,False,
ACC84ea339e2c,,False,
ACC55c6f8dd47,,False,
ACCb35feb4f2a,,False,
ACC40f0bb5c18,,False,
ACC9def218280,,False,
ACCcd4e6221da,,False,
ACC7f05dbe531,,False,
ACCc9c02dc0b3,,False,
ACCf5a0240e3f,,False,
ACCee4ee36769,,False,
ACC75864d7988,,False,
ACC34665c87e0,,False,
ACC312f594c31,,False,
ACC28444cfe4b,,False,
ACCb1670d7130,,False,
ACC3b265fa68b,,False,
ACC8c3120dca8,,False,
ACCa0ea4b1e1e,,False,
ACCbee00469fc,,False,
ACCdbb4d48f6e,,False,
ACC2cfe5b2c6f,,False,
ACC07a15f9025,,False,
ACC7e1a1b55d5,,False,
ACC9223de8d90,,False,
ACCa491ed9750,,False,
ACC7d34e803e5,,False,
ACCf1ca73dd49,,False,
ACC5947c49d23,,False,
ACC21b49f166a,,False,
ACC901928a35f,,False,
ACCf5c5745450,,False,
ACC23774ee34f,,False,
ACC8339c0c26e,,False,
ACC2967b0815f,,False,
ACC1bdf93f92a,,False,
ACC1391bf0cb8,,False,
ACCdb2b9c400d,,False,
ACC5545f00f85,,False,
ACCd0874afa84,,False,
ACCa462b07ad6,,False,
ACC9d35c00224,,False,
ACCfb550f61fc,,False,
ACC52e6ad8c13,,False,
ACC0b211b94fb,,False,
ACC1fac7b5b8c,,False,
ACC3ec4b909a2,,False,
ACC8d25cd3f37,,False,
ACC3bd5cfc83f,,False,
ACC073d6bb521,,False,
ACCd663caa1d2,,False,
ACC1f8455b8a3,,False,
ACC2b636f87d6,,False,
ACCbdd345e863,,False,
ACC06a288c729,,False,COINC0044
ACCad6b6bcdf8,,False,
ACCe0e8fa04d5,,False,
ACCa8761b660c,,False,
ACC7aa839bb0c,,False,
ACC181410d131,,False,
ACCee59a8e515,,False,
ACCd40718088e,,False,
ACC6578bae51c,,False,
ACC91de9b1833,,False,
ACC80aecdf558,,False,
ACC41eed3a8db,,False,
ACC1e5acad5ee,,False,
ACC0b946332c3,,False,COINC0018
ACC9da5f01e07,,False,
ACCeae467aece,,False,
ACC0816b83fc9,,False,
ACC734a29bbc4,,False,
ACC41f0014abb,,False,
ACC0434095505,,False,
ACC6ca15978ba,,False,
ACC06848c9fd8,,False,
ACCdee6bc97da,,False,
ACC98a0d2c3ce,,False,
ACCa889d9b723,,False,
ACCfd2f65e4b3,,False,
ACC1bc8ae785b,,False,
ACCea28c8066b,,False,
ACCc02a264a4f,,False,
ACCb177e61fb0,,False,
ACC2cdad035a5,,False,
ACCc49691e725,,False,
ACCaf7103867f,,False,
ACCb1b1c6d7c3,,False,
ACC0e3ef60c4e,,False,
ACC659bb50494,,False,
ACCf998db8592,,False,
ACC8e97942b84,,False,
ACCc7840aa024,,False,
ACC775a56e9ec,,False,
ACC619d1371b7,,False,
ACC41f26fa396,,False,
ACC6734d48213,,False,
ACC67b1e13e16,,False,
ACC11dd659c6a,,False,
ACC4039ff4b83,,False,
ACC3f381b41b8,,False,COINC0016
ACC8cfa930d36,,False,
ACC5c8260ba64,,False,
ACCb8efd54ca9,,False,
ACC4d9c36659e,,False,
ACC49872d62d7,,False,
ACC5cb2d249c5,,False,
ACCfbbf459e9c,,False,
ACCb3dcb1fe6d,,False,
ACCea776efc96,,False,
ACCc6519c4605,,False,
ACCffbce27607,,False,
ACC01e6a41402,,False,
ACC6efaadd0f5,,False,
ACCe2845253ee,,False,
ACC702d5bd2ec,,False,
ACC5ab245558b,,False,
ACC230528bf9a,,False,
ACCdf87d8d68b,,False,
ACC0e8399ec93,,False,
ACC524ceab526,,False,
ACC1b23dbbfa2,,False,
ACCe34906ba4d,,False,
ACC9b0cae014b,,False,
ACC52b2c734f2,,False,
ACCecb23e7127,,False,
ACC6090f17602,,False,
ACCd16bb5c1e1,,False,
ACC20ec24a7ab,,False,
ACC1ffa1d98c3,,False,
ACCc74d8e2620,,False,
ACCc973178519,,False,
ACCaaaff5a9b9,,False,
ACCf380dd36a2,,False,
ACCd4b8ffbf65,,False,
ACC27c147d542,,False,
ACC5676c6c27c,,False,
ACC30d43429f6,,False,
ACC7ddfb78dbd,,False,
ACC023f1110e2,,False,
ACCe8bee6fbae,,False,
ACC053d55fc89,,False,
ACC9f56a099b7,,False,
ACC1cd582ebd1,,False,
ACC7a5da575b3,,False,
ACCa5663c13df,,False,
ACC0d67082ba5,,False,
ACC7f05f59605,,False,
ACCbee95a0c7c,,False,
ACC34c8a56220,,False,
ACC94df50a6f0,,False,
ACC47fd95031d,,False,
ACCc5cc78b14c,,False,
ACC5353893ddb,,False,
ACCa55bec51e5,,False,
ACCf5e776510d,,False,
ACC90ef41d6a5,,False,
ACCc36765ed01,,False,
ACCd04d02a8eb,,False,
ACC6ec221c590,,False,
ACC24a0cfc582,,False,
ACCfe0b6438ae,,False,
ACC5399cdd588,,False,
ACC1ff5e96fb1,,False,
ACC717b166ad6,,False,
ACCcdde653ba5,,False,
ACC95cc3229c9,,False,
ACCac3cfacc97,,False,
ACC1fcbb64d0f,,False,
ACC50e4426237,,False,
ACC8f39ae8cfa,,False,
ACCa5bc8d2058,,False,
ACC70ac3d8f7d,,False,
ACCf8f05d1739,,False,
ACCc413c27d97,,False,
ACCc46d4cb0b0,,False,
ACCd3893b58cf,,False,
ACC771379cf81,,False,
ACC9acf497aeb,,False,
ACC35383153e8,,False,
ACCfbb0dc02e8,,False,
ACCa547fb1e73,,False,
ACC25c71399fb,,False,
ACCc51424cd8b,,False,
ACC6077e6c76e,,False,COINC0021
ACC2879aaf748,,False,
ACC0afd5eb60d,,False,
ACC84eaaf832a,,False,
ACC272d24d8a9,,False,
ACC51d3814af2,,False,
ACC725db614bf,,False,
ACCb76ad33c83,,False,
ACC759789cb61,,False,
ACCfd46e72809,,False,
ACCb7bc05dbc7,,False,
ACC7b2b341150,,False,
ACC59c4f4a75b,,False,
ACCbaf1db2740,,False,
ACCabdf2a6be4,,False,
ACC726873b517,,False,
ACC0f715b1c7d,,False,COINC0024
ACC3c64e4091d,,False,
ACC9ab30f4d7a,,False,
ACC54dfc04e12,,False,
ACCd89657848f,,False,
ACC4ef29e2137,,False,
ACCfac5e108c9,,False,
ACCad93aca93b,,False,
ACC9f443ecd77,,False,
ACCbc64435e17,,False,
ACC4d1afacb16,,False,
ACC99a1b69104,,False,
ACC5e1398b69f,,False,
ACCfd033080af,,False,
ACCf53bbd59bc,,False,
ACC793ff65351,,False,
ACC8474a64a43,,False,
ACCf081c43bec,,False,
ACCf9dc964e90,,False,
ACCcbf1f53d00,,False,
ACC0863e6b765,,False,
ACC54f104ca98,,False,
ACC5ee612342f,,False,
ACCe7b478d107,,False,
ACCe1a2cde372,,False,
ACCd1fe913adf,,False,
ACC9e14a903b6,,False,COINC0004
ACC5aadc4e517,,False,
ACC64fa4e2db5,,False,
ACC1d8b9797c4,,False,
ACCad41acef54,,False,
ACCdcb8da3360,,False,
ACC3df5ca019d,,False,
ACCa8bfe13e40,,False,
ACCf6e85826f9,,False,
ACC7ae07f9cdd,,False,
ACC004d82edb3,,False,
ACC90930935dd,,False,
ACCace428e552,,False,
ACC3d5689b390,,False,
ACC6d419294ba,,False,
ACC36a48f10c7,,False,
ACC8f4fe50974,,False,
ACC9e6b99fe14,,False,
ACC8ff2094708,,False,
ACC4d16305f33,,False,
ACCe655468f01,,False,COINC0047
ACC566f8a8796,,False,
ACCa49be55844,,False,
ACC3cd4e7d6e3,,False,
ACCe47e3b69af,,False,
ACC8abd771cd4,,False,
ACC1164a9af6f,,False,
ACC9f67025015,,False,
ACCf34f9b103f,,False,
ACC4d97fa6d49,,False,
ACC8f4a35ed42,,False,
ACCaa6c952436,,False,
ACCf4c7837f1e,,False,
ACCccb0651ed7,,False,
ACCc65e98ec21,,False,
ACCc687e4eb6a,,False,
ACC46a5235175,,False,
ACCd960d865ad,,False,
ACC7608f17da1,,False,
ACC0c7f871fe6,,False,
ACC539ebd39b4,,False,
ACC49760fde6b,,False,
ACC2725886717,,False,
ACC2428c1d782,,False,
ACC147b8cf848,,False,
ACC4b48bbd390,,False,
ACCd7ebe6b557,,False,
ACC83c887bc0a,,False,
ACCc4dd920727,,False,
ACCe121c646f2,,False,
ACC811b531203,,False,
ACC037fc05adc,,False,
ACCf7b7ff62ed,,False,
ACC58dae8b69e,,False,
ACCeff603fd51,,False,
ACC892118b18a,,False,
ACC63cdd486a3,,False,
ACCc81e1b1548,,False,
ACCb2911bba29,,False,
ACC4fd723d008,,False,
ACCd95db3c10b,,False,
ACCa05ea80c40,,False,
ACC0b807e0cb8,,False,
ACCc997f9b12f,,False,
ACC0ca07558fb,,False,
ACC1d7626b2ff,,False,
ACC13470700b4,,False,
ACC706f3c4f48,,False,
ACCf9d340f7f9,,False,COINC0002
ACCa7a35b2528,,False,
ACC1f8936cdf6,,False,
ACC7e0154d217,,False,
ACC6cdbf5e2c2,,False,
ACCec9e566f34,,False,
ACCb675dbb43b,,False,
ACCb333225b95,,False,
ACCf4819646a7,,False,
ACCd9bf9058b5,,False,
ACC0858849212,,False,
ACC8eea9855a0,,False,
ACCc435039fa1,,False,
ACC0bd9bb5d4d,,False,
ACC56bf56ba8a,,False,
ACCe7254acf88,,False,
ACCdd40b81e3e,,False,
ACCda71a5dbb8,,False,
ACC5d9cbbd7c9,,False,
ACCca3069d115,,False,
ACC15fe20ba15,,False,COINC0039
ACCdfa2f54fb7,,False,
ACC6aaa40751f,,False,
ACCd5f26ca36d,,False,
ACC5a7444d9aa,,False,
ACC3467639ca1,,False,
ACCf54e0fed64,,False,COINC0044
ACC19e332e370,,False,
ACC04a9a07705,,False,
ACC22b127ac00,,False,
ACC5fc2e7257a,,False,
ACCeb94156d50,,False,
ACC567d6830b4,,False,
ACCbd6ce325b7,,False,
ACCe7f076e12d,,False,
ACC07f25bacca,,False,
ACC56f107195e,,False,
ACC172d752f4b,,False,
ACC3f38f4a69b,,False,
ACC3631cf2531,,False,
ACC3a5eeebaa4,,False,
ACC69c94c8d51,,False,
ACCaa57f07853,,False,
ACCb3b80abb80,,False,
ACC68f6c22a08,,False,
ACC7427d8f1a4,,False,
ACC2d7adcd152,,False,
ACCe353cb1372,,False,
ACCa85181c1cc,,False,
ACC331b8805e8,,False,
ACC65126dacf1,,False,
ACC1feab7e971,,False,
ACC4c3f6c850f,,False,
ACC4b8b501fcf,,False,
ACC9ecdaf6f19,,False,
ACC561096ff69,,False,
ACCf232421c94,,False,
ACC196a062b9c,,False,
ACC7ca86df66e,,False,
ACC8bdad62792,,False,
ACCec9d641572,,False,
ACC5362869d4d,,False,
ACCeb8f8601b1,,False,
ACC0d753c1f38,,False,
ACC3bc5c94248,,False,
ACC9b37913c0a,,False,
ACC254c1603ba,,False,
ACC6c76c2e18d,,False,
ACC9fc40fb2a2,,False,
ACC9c4aed9127,,False,
ACC03a89bf7da,,False,
ACC5ae8855623,,False,
ACC5fb027f193,,False,COINC0025
ACC78c9b433f0,,False,
ACC695d914ea6,,False,
ACC9584d735ab,,False,
ACC1c2ec7cc91,,False,
ACCeb8226eb67,,False,
ACC36ecd86c55,,False,
ACC00e2c71a04,,False,
ACCe5504d3c3d,,False,COINC0029
ACC6bf0a41e96,,False,
ACC996b0ab268,,False,
ACC7a81c0c069,,False,
ACC8d28916c37,,False,
ACC6c9beaeb4d,,False,
ACCdd0f3a3728,,False,
ACCd587a15e40,,False,
ACC501f0b2b3e,,False,
ACC8cf48bdbde,,False,
ACC1e56467ee4,,False,
ACC5da8f5dcc5,,False,
ACCd4a2b04aaa,,False,
ACC59609c5795,,False,
ACCf0d09f6e20,,False,
ACC68edbd0c9d,,False,
ACCd95d053c81,,False,
ACC2b22a29120,,False,
ACC94c8f0a372,,False,
ACCee98df2240,,False,
ACC5dba8dfc11,,False,
ACC3bc99a5df2,,False,
ACCfe70811031,,False,
ACC12b511cd16,,False,
ACCd9ec1b6eaf,,False,
ACC3f1ac0303a,,False,
ACC14b511c088,,False,
ACCbfa17029fa,,False,
ACC1b6b3766b4,,False,
ACCdb124fd6e2,,False,
ACC087179f0d9,,False,
ACC8bf553bf6a,,False,
ACCad3730c005,,False,
ACC03403cf136,,False,
ACCddfaabd8cd,,False,
ACCe65615fc12,,False,
ACCdd74578d52,,False,
ACC930c02fce9,,False,
ACC0b5f915152,,False,
ACC939c53d5b3,,False,
ACC961a939669,,False,
ACC792fa8796b,,False,
ACCd8b565cd14,,False,
ACCe601d182b0,,False,
ACCb690ba897d,,False,
ACCd01f5e7b66,,False,
ACC7de1f48ceb,,False,
ACCeea079667c,,False,
ACCb264126934,,False,
ACC3b9b44e0b0,,False,
ACC880984ad71,,False,
ACCf7c58d55e7,,False,COINC0007
ACCafd13da780,,False,
ACC1840234a62,,False,
ACC62607dff33,,False,
ACCbe64217af5,,False,
ACCb28e250017,,False,
ACCa0b7c9f4a4,,False,
ACCf61590f3a5,,False,
ACC51f1f8cf35,,False,
ACC590ce2ed1b,,False,
ACCeb50b64fbc,,False,
ACCbf0724e968,,False,
ACC05d4222993,,False,
ACC8729de0c39,,False,
ACCb7fd499d47,,False,
ACC056a48e0dc,,False,
ACC10d2a7c93a,,False,
ACC4b5f7c7700,,False,
ACCfae21f9c1d,,False,
ACCc4ba70e7d3,,False,
ACC0c39df9690,,False,
ACC8c3d1fed1f,,False,
ACCbd3e38202a,,False,
ACC248ac9fd58,,False,
ACCdd15ac5388,,False,
ACC8d72ccfa30,,False,
ACCe5ab94d3f7,,False,
ACC812eebfcc6,,False,
ACC4519e365cc,,False,
ACCed03b5712c,,False,
ACC069566a4fc,,False,
ACC056421b4c9,,False,
ACC215dbe4e26,,False,
ACCbd6aed8c17,,False,
ACC6a91a0b736,,False,
ACCe73e209521,,False,
ACCf5362f1edc,,False,
ACCd3d7863ac3,,False,
ACC5712263060,,False,
ACC53780f060a,,False,
ACC48bcb21c72,,False,
ACC44d14efe83,,False,
ACC909c340f3a,,False,
ACC3a42cc03ad,,False,
ACC7a77c11dc7,,False,
ACC3fc3081bb6,,False,
ACCa9f73c9ed1,,False,
ACC4773eac4f7,,False,
ACCb97470d091,,False,
ACC9e852cdb31,,False,
ACCe3af9a098b,,False,
ACCe529b59976,,False,
ACC55c27a4e6c,,False,
ACC6c8a2475de,,False,
ACCcf4fb78bed,,False,
ACCad3094a481,,False,
ACC44ac81eec9,,False,
ACC7feeea87b7,,False,
ACC0b93fc9609,,False,
ACC62c423559f,,False,
ACCc2c85c136a,,False,
ACCd036fbbff8,,False,
ACCd017d5c8ee,,False,
ACCd61505fcdb,,False,
ACCd104573ecf,,False,
ACCf0475e1123,,False,
ACC75c0913c5e,,False,
ACC33530534ea,,False,
ACC17d732ffcb,,False,
ACCced9fcba9f,,False,
ACC5a477037f8,,False,
ACC74b159d93f,,False,
ACC7d577353eb,,False,
ACC38f427e2a2,,False,
ACCa73cb9ffe1,,False,
ACC36e65f27b1,,False,
ACCac15e24e2d,,False,
ACC6576703352,,False,
ACCca4eb4e7d0,,False,
ACC8e253f7045,,False,
ACC02b656c829,,False,
ACC1d8f5be0cd,,False,COINC0046
ACCe3030c3d46,,False,COINC0028
ACCed4a5b16fc,,False,
ACCc020210d6b,,False,
ACC6325799809,,False,
ACC84d53460dc,,False,
ACCe10d8bb705,,False,
ACCbf3581f463,,False,
ACC07dbd11df8,,False,
ACC1128b1153c,,False,
ACCa1c55beeb4,,False,
ACCaa9839ec2e,,False,
ACCa702d0ad15,,False,
ACC7d2ef80dc9,,False,
ACCc4fdd7da09,,False,
ACCa4478db38c,,False,
ACCd36dd16e70,,False,
ACC7dac079fc3,,False,
ACCd7128ed3d6,,False,
ACC2fc9ddf252,,False,
ACC7811846dbd,,False,
ACCc7942892cf,,False,
ACC4fd1e872e0,,False,
ACC1e4103304a,,False,
ACC2eac7e7943,,False,
ACCb7cc3cfd88,,False,COINC0027
ACC2dc0649033,,False,
ACC45edff39ee,,False,
ACCd98f976218,,False,
ACCc4e31acabe,,False,
ACCf8c94536a6,,False,
ACC441c9e82f5,,False,
ACC8cd5a57176,,False,
ACC980765aef8,,False,
ACCc16942bfaf,,False,
ACC598ca46efc,,False,
ACC7f36346fdf,,False,
ACC94148fe375,,False,
ACC23934d3e26,,False,
ACCfd271dd458,,False,
ACC9c60e7bea2,,False,
ACC812ea40422,,False,
ACC52bea4f38d,,False,
ACC81f6ac7324,,False,
ACC08bce79455,,False,
ACC242d686442,,False,
ACC7d69d9ee9b,,False,
ACC9ffb177ef7,,False,
ACCac3b57a1d7,,False,
ACCeb8c650de6,,False,
ACC565ecf757d,,False,
ACC4d45a54c5a,,False,
ACCd9e44fdad9,,False,
ACC45080617b5,,False,
ACC9b21e0bccb,,False,
ACC735fe1b378,,False,
ACC8be263ed92,,False,
ACC24f1796f65,,False,
ACC7123bf443f,,False,
ACCbcb59823a0,,False,
ACC7e345114d4,,False,
ACCfbebb1495c,,False,
ACCbc70c1845c,,False,
ACC01fab25600,,False,
ACCc54d1029ce,,False,COINC0026
ACC99c95d0b81,,False,
ACC4cafc204fd,,False,
ACC6b4810e3ce,RING000,True,
ACC0c49d1c327,RING000,True,
ACC2fb8f103b1,RING000,True,
ACC938d3ca988,RING000,True,
ACC019d22a2a8,RING000,True,
ACC2b09e52886,RING000,True,
ACCbeb26c6fd7,RING000,True,
ACCe0a63ba4e5,RING001,True,
ACCac896fa18d,RING001,True,
ACC34dc384315,RING001,True,
ACC112e79a66f,RING001,True,
ACC409f0c4035,RING001,True,
ACC586aa3cb46,RING001,True,
ACCaa8dadfd55,RING001,True,
ACC813ca3719e,RING001,True,
ACCf475b99a65,RING001,True,
ACC3faeaed363,RING001,True,
ACCa669e7c3b0,RING001,True,
ACCdbd13f57c0,RING001,True,
ACC83a7f2b431,RING001,True,
ACC754ec45aae,RING001,True,
ACCcfb449539f,RING001,True,
ACC844b01f1ca,RING001,True,
ACCb5e83c122b,RING001,True,
ACCb21b8ba8e2,RING001,True,
ACCfb77854449,RING001,True,
ACCf405a85db7,RING001,True,
ACC65c1064032,RING001,True,
ACCf8842dbd31,RING001,True,
ACC240f2d5e08,RING001,True,
ACC8560991100,RING001,True,
ACCeed57539f3,RING001,True,
ACC78d3aa7e8f,RING002,True,
ACC1f10595cd9,RING002,True,
ACCced6b2778a,RING002,True,
ACC6a19a5fcb3,RING002,True,
ACC6378faf2a2,RING002,True,
ACC6f36a8fcb6,RING003,True,
ACC638a79f146,RING003,True,
ACC98b72f6d49,RING003,True,
ACC1413a150a0,RING003,True,
ACC5c0e1172b2,RING003,True,
ACCf6c7bbdf19,RING003,True,
ACC18517b78ec,RING003,True,
ACCbb85a29fa8,RING003,True,
ACC2944cc17e4,RING003,True,
ACCf3457dfbbc,RING003,True,
ACCeaeb928a87,RING003,True,
ACC318a456bab,RING003,True,
ACC11b6ef4489,RING003,True,
ACCcf17876793,RING003,True,
ACC51ed8b8183,RING003,True,
ACC5aced37ff7,RING003,True,
ACC5aa01fe63a,RING003,True,
ACCedf00728ee,RING004,True,
ACCd7e3ab28f9,RING004,True,
ACC2613381d39,RING004,True,
ACC16691e7f26,RING004,True,
ACC85adc901d5,RING004,True,
ACC7a22cf9bae,RING004,True,
ACC11db6c6b84,RING004,True,
ACC7c3655eeac,RING004,True,
ACC79f398b8b3,RING004,True,
ACC2d27dab958,RING004,True,
ACC29109e2758,RING004,True,
ACC0233d1c0e6,RING004,True,
ACCd984e5fb57,RING004,True,
ACCc6f15c25a4,RING004,True,
ACC518627b9bb,RING004,True,
ACC5c9e03510a,RING004,True,
ACC294514fad6,RING004,True,
ACCd88729d4d8,RING004,True,
ACC51978cf8b0,RING004,True,
ACCe3f9c23cf0,RING004,True,
ACC19eb7eb507,RING004,True,
ACC4397c5b5ef,RING004,True,
ACC70ba60b6e6,RING004,True,
ACC797cbb7d9e,RING004,True,
ACC67e1f4f3a3,RING005,True,
ACC55a38bd3b3,RING005,True,
ACCe324c9e6a1,RING005,True,
ACC0405d6dd71,RING005,True,
ACCc638013939,RING005,True,
ACCb4bbd12da5,RING005,True,
ACCb39b829bb2,RING005,True,
ACCdeda45ea0d,RING005,True,
ACC89e1c14198,RING005,True,
ACC6a8ec67a91,RING005,True,
ACC2b5edf7aaf,RING005,True,
ACCcd90274fc1,RING005,True,
ACCb948dd330f,RING005,True,
ACCfa71410722,RING005,True,
ACC70ac5097a8,RING005,True,
ACC042316de13,RING005,True,
ACC634cb77eae,RING005,True,
ACC6dfa3b8aad,RING005,True,
ACCe0cfaf8328,RING005,True,
ACC883ecdd888,RING005,True,
ACCfd8c4f24b4,RING005,True,
ACC6fc601c777,RING005,True,
ACCc57a0567d1,RING006,True,
ACC20c23a1f02,RING006,True,
ACC0bc79b823c,RING006,True,
ACC74c7bd85d0,RING006,True,
ACC91852b9cb4,RING006,True,
ACCd04c9d9ea2,RING006,True,
ACCe5e5288f91,RING006,True,
ACCd439d5198b,RING006,True,
ACCa9c78f12d8,RING006,True,
ACC05fc5094c9,RING006,True,
ACC3a6912740d,RING006,True,
ACCd1e6b50a6a,RING006,True,
ACCb620d956b7,RING006,True,
ACC1ea40fae52,RING006,True,
ACC36e2343b1c,RING006,True,
ACC77c60c196d,RING006,True,
ACCfc08f8dd4a,RING006,True,
ACC47c00f7558,RING006,True,
ACC1644e27b9c,RING006,True,
ACCa7a9654c7e,RING006,True,
ACCc4be8e7da9,RING006,True,
ACC76266f14ec,RING006,True,
ACC845c7f69a6,RING006,True,
ACC400baf0ad2,RING006,True,
ACC43bdfb5ab5,RING006,True,
ACCf0138f5890,RING006,True,
ACC18aebcafbf,RING006,True,
ACCf37f9bc1a0,RING006,True,
ACCc9ef73ca3e,RING006,True,
ACC37101fb4ff,RING006,True,
ACC27f23b82a3,RING006,True,
ACC234f37bd71,RING006,True,
ACC33f811259a,RING006,True,
ACC568db357f4,RING006,True,
ACC3d2afa3154,RING006,True,
ACC16bf042133,RING006,True,
ACC9d172f3a9b,RING006,True,
ACCc5d5758658,RING006,True,
ACC3ad621894a,RING006,True,
ACCe8c202dda0,RING007,True,
ACC9a515a02d1,RING007,True,
ACCf4d36ccd74,RING007,True,
ACC44ff28dad2,RING007,True,
ACC95e21dedb7,RING007,True,
ACC1154f824af,RING007,True,
ACCb689bbafa6,RING007,True,
ACCaa73e467a9,RING007,True,
ACCa02e6f0a4a,RING007,True,
ACC78fa0756ef,RING007,True,
ACCfad6440d54,RING007,True,
ACCc48cd41d9f,RING007,True,
ACC3dca587c79,RING007,True,
ACCa547607b6d,RING007,True,
ACC24cb9d8b14,RING007,True,
ACC246de10872,RING007,True,
ACC007b123e81,RING007,True,
ACC057a181de4,RING007,True,
ACCa6124fac7e,RING007,True,
ACCe9c109d608,RING007,True,
ACC205ccead3c,RING007,True,
ACC4133b60bcd,RING007,True,
ACCb28673d0cd,RING007,True,
ACC44ff98933d,RING007,True,
ACC587b6467da,RING007,True,
ACCd9481e57dd,RING007,True,
ACCdaf521771f,RING007,True,
ACCd2dd894a7c,RING007,True,
ACC7f86fa1167,RING007,True,
ACCa06c207f0d,RING007,True,
ACC02fd36c537,RING007,True,
ACCb45558d30f,RING007,True,
ACCaeb985835f,RING007,True,
ACC8d38b437bc,RING007,True,
ACC0a892ebe84,RING008,True,
ACC942b884bf7,RING008,True,
ACC2148ab782c,RING008,True,
ACC68f40adbf1,RING008,True,
ACC77788ada06,RING008,True,
ACCfda55a12c0,RING008,True,
ACCc1d277bf3f,RING009,True,
ACCcb39a0818b,RING009,True,
ACC92e554e670,RING009,True,
ACCf9726e1108,RING009,True,
ACC81a8717896,RING009,True,
ACC67555fe6ce,RING009,True,
ACC46c4276d09,RING009,True,
ACCd977602d9e,RING009,True,
ACCb01cf6be9e,RING009,True,
ACCfcd1bf5474,RING009,True,
ACC30e4efeacb,RING009,True,
ACCdf6101f71b,RING009,True,
ACC25ad7820b6,RING009,True,
ACC00dde0b679,RING009,True,
ACCc5964e91cc,RING009,True,
ACC43dac2f4e9,RING009,True,
ACCbaf9d30253,RING009,True,
ACCf2f0f29707,RING009,True,
ACC43f5eb73e1,RING009,True,
ACC19a96ccc22,RING009,True,
ACC825668c818,RING009,True,
ACCe22500de77,RING009,True,
ACCe793609d46,RING009,True,
ACCa8ec235dab,RING009,True,
ACCa860b4351e,RING009,True,
ACCd4c1a33144,RING009,True,
ACC319bccc690,RING009,True,
ACCc7c6dd426f,RING009,True,
ACCf8324c4568,RING009,True,
ACC0b6d5b4cda,RING009,True,
ACCdf31e7ef8f,RING009,True,
ACCdc446d5130,RING009,True,
ACCf62256b25b,RING009,True,
ACC3a2ede5418,RING009,True,
ACC49fa9d800c,RING009,True,
ACC4bab575a77,RING009,True,
ACC3fe21dfa80,RING010,True,
ACC1a9969b342,RING010,True,
ACC32b9771177,RING010,True,
ACCdf1881cc3f,RING010,True,
ACC11313646a5,RING010,True,
ACC7b3733d753,RING010,True,
ACC58da527673,RING010,True,
ACC777f1e1207,RING010,True,
ACCf1a6629e2b,RING010,True,
ACC7431381bf3,RING010,True,
ACC9f45139298,RING011,True,
ACC26e46cf3c1,RING011,True,
ACCf758376e57,RING011,True,
ACCa6c575873b,RING011,True,
ACC5aaf90af9a,RING011,True,
ACC6678d247bd,RING011,True,
ACCcfe23d54cf,RING011,True,
ACC548fc1bc8d,RING011,True,
ACC60e7424b1f,RING011,True,
ACC313ed0796b,RING011,True,
ACC2a63476c55,RING011,True,
ACCb284dd2f5d,RING011,True,
ACC65ee7a8142,RING011,True,
ACCdef03312b2,RING011,True,
ACCb16abdfe60,RING011,True,
ACCe7ee377f09,RING011,True,
ACCd367914e8d,RING011,True,
ACCa536e30ec4,RING012,True,
ACC00ff5747a3,RING012,True,
ACC28d580a0ad,RING012,True,
ACC02af945fd4,RING012,True,
ACCb875e08917,RING012,True,
ACC5b34ac0214,RING012,True,
ACCa0a571f26d,RING012,True,
ACC65dc58446e,RING012,True,
ACCd54a7bc989,RING012,True,
ACC5599fdedaf,RING012,True,
ACCa85077152a,RING012,True,
ACC23fc7fbdbe,RING012,True,
ACC1f997e17c1,RING012,True,
ACC724a4a082b,RING012,True,
ACC7d0c62f00b,RING012,True,
ACC3c910f2ef5,RING012,True,
ACCc959d818f2,RING012,True,
ACCa123b8b205,RING012,True,
ACC95f31d6f90,RING012,True,
ACC41bdfa2ea5,RING012,True,
ACCc35e5adab5,RING012,True,
ACC60adf887c2,RING012,True,
ACC2b91355676,RING012,True,
ACC67498bcbfc,RING012,True,
ACC45b0782e05,RING012,True,
ACCbdbdf4f20e,RING012,True,
ACC35acbde23f,RING012,True,
ACC0f9b786ce5,RING012,True,
ACC1ad0f9649d,RING012,True,
ACC1c120bfd36,RING012,True,
ACC6323052d4b,RING012,True,
ACCa20473323f,RING012,True,
ACCea97b37899,RING012,True,
ACC69ef1cc3c8,RING012,True,
ACC1bc46d9f3b,RING012,True,
ACC3a2858649b,RING012,True,
ACC437b888978,RING012,True,
ACCcf652a1951,RING013,True,
ACCe5d53d2191,RING013,True,
ACC590b65a588,RING013,True,
ACCfdb9d56384,RING013,True,
ACC01c6237191,RING013,True,
ACCc7a14d5c4e,RING013,True,
ACC88d3db46ac,RING013,True,
ACC92b22d917a,RING013,True,
ACC9d1f5c1528,RING013,True,
ACC50ba4c987d,RING014,True,
ACCe6c7f49bd1,RING014,True,
ACC208a913c81,RING014,True,
ACC1e618c3880,RING014,True,
ACC264b39ba4d,RING014,True,
ACC0571a681ce,RING014,True,
ACC21ade3902c,RING014,True,
ACC29bc53ae66,RING014,True,
ACCb58d4a9d77,RING014,True,
ACC220cc6db76,RING014,True,
ACC1e9b905145,RING014,True,
ACC7472a88c42,RING014,True,
ACC115f4d457b,RING014,True,
ACCb32b5e86d3,RING014,True,
ACC28a8582b29,RING014,True,
ACC69ffbe670d,RING014,True,
ACC24aaba1822,RING014,True,
ACCfb4393a116,RING014,True,
ACC74a5c0dce6,RING014,True,
ACC0648a6179b,RING014,True,
ACCedf7e953ac,RING014,True,
ACC2297b46835,RING014,True,
ACC5de8943569,RING014,True,
ACCca3ac7ef9a,RING014,True,
ACCd543489074,RING014,True,
ACC1dc771cab2,RING014,True,
ACCa056c48763,RING014,True,
ACC668758b769,RING015,True,
ACC508bdc82b3,RING015,True,
ACC1533be1df1,RING015,True,
ACC3c1ff9bef2,RING015,True,
ACC2cdd291493,RING015,True,
ACC4ebcfeed43,RING015,True,
ACC191a9911c3,RING015,True,
ACC2bbd639886,RING015,True,
ACCec59783889,RING015,True,
ACC37d547de0e,RING015,True,
ACC9f33d5899d,RING015,True,
ACCc87e410bf7,RING015,True,
ACC5b5fdbabb3,RING015,True,
ACCf4e92dc74a,RING015,True,
ACC8e47b34e09,RING015,True,
ACC7e442f27f6,RING016,True,
ACCdfdc4f6fdd,RING016,True,
ACC449ddc0877,RING016,True,
ACC8f6113846a,RING016,True,
ACC9b2527a727,RING016,True,
ACC65932f28b7,RING016,True,
ACCe011310bbc,RING016,True,
ACCe69b4219fc,RING016,True,
ACC0e0cc4ffcd,RING016,True,
ACCc3bd923637,RING016,True,
ACC50cdff4ec7,RING016,True,
ACC56c94b0afb,RING016,True,
ACC2ec35cc449,RING016,True,
ACCaf10204072,RING016,True,
ACCe0bf1e19a2,RING016,True,
ACC3a5226dd84,RING016,True,
ACCaeba72b7c5,RING016,True,
ACC05e811cfb1,RING016,True,
ACCfa7c507174,RING016,True,
ACCc2ced14f73,RING016,True,
ACCcc27828b0f,RING016,True,
ACC66224844dc,RING016,True,
ACCca084df282,RING016,True,
ACC4b028ae693,RING016,True,
ACC2efc69838e,RING016,True,
ACC808990c630,RING016,True,
ACC024df05d9e,RING016,True,
ACCbf7aa0bef7,RING016,True,
ACC2a67294b03,RING016,True,
ACCae9c112329,RING016,True,
ACC307fa214cf,RING016,True,
ACCc74eceaf5b,RING016,True,
ACC8ccdcc9efa,RING016,True,
ACCe2a7da4da3,RING016,True,
ACC2e999a137d,RING017,True,
ACCaec2085da4,RING017,True,
ACCc7ad397927,RING017,True,
ACC19b4f61c3f,RING017,True,
ACCd04fab3a21,RING017,True,
ACC36938288bc,RING017,True,
ACCf054e536ab,RING017,True,
ACC0c637c0401,RING017,True,
ACCf1d1736b02,RING017,True,
ACCe325cc9d3f,RING017,True,
ACCbbe2397042,RING017,True,
ACC5db3ae7702,RING017,True,
ACC03871fd85c,RING017,True,
ACC3cb40ad5ca,RING017,True,
ACCd2b60c2fb3,RING017,True,
ACCf016cae071,RING017,True,
ACCd25e834c25,RING017,True,
ACC9a00aa7517,RING017,True,
ACCe6023da8d9,RING017,True,
ACC7454fa0ffb,RING017,True,
ACC57b21edb5c,RING017,True,
ACC05e5e4759a,RING017,True,
ACC403d1d1b95,RING017,True,
ACC3b8fc4a946,RING017,True,
ACCd2bfe5f0da,RING017,True,
ACCc64780821b,RING017,True,
ACC6dcba9db72,RING018,True,
ACC38cddcf8f1,RING018,True,
ACC05b2c61a57,RING018,True,
ACC2dc34043ee,RING018,True,
ACC65c1787399,RING018,True,
ACC4f485e458c,RING018,True,
ACCe1e21ae31c,RING018,True,
ACC000421c23a,RING018,True,
ACCf4b5ade4df,RING018,True,
ACC2ba2cd46cd,RING018,True,
ACCb94d78c745,RING018,True,
ACC1cf5cca8ab,RING018,True,
ACC9a5fbcdaaa,RING019,True,
ACC3087f18db9,RING019,True,
ACC28e6629b99,RING019,True,
ACC83fda325cd,RING019,True,
ACC21d03d388e,RING019,True,
ACCe6a253756a,RING019,True,
ACCc28f438765,RING019,True,
ACCb486da60d9,RING019,True,
ACC7b7c3106a8,RING019,True,
ACC7431ec0954,RING019,True,
ACC4a7ad50c5f,RING019,True,
ACCadef67e47b,RING019,True,
ACC75877d67dd,RING019,True,
ACC6fce9d5e92,RING019,True,
ACC90e1bd09d3,RING019,True,
ACCbfc4953bba,RING019,True,
ACC795db878ce,RING019,True,
ACCdd93a83285,RING019,True,
ACCf03f2d4c46,RING019,True,
ACCff0e6e3481,RING019,True,
ACC767a04ebd5,RING019,True,
ACCdca948e15a,RING019,True,
ACC660bd61d49,RING019,True,
ACC460b7da812,RING019,True,
ACCec5e5a5b43,RING019,True,
ACC221719ad74,RING019,True,
ACC39eaa69b13,RING019,True,
ACC55f631c139,RING019,True,
ACC13557bc858,RING019,True,
ACC43ac5013fd,RING019,True,
ACC15becc8f0c,RING019,True,
ACC0b51c79d70,RING019,True,
