account_id,ring_id,is_ring_member,coincidental_group_id
ACC4aad2323b2,,False,
ACC8aeb37d0b0,,False,COINC0036
ACC1c90c37854,,False,
ACC4100b1bdfc,,False,
ACC527525341b,,False,
ACC444cb64b3d,,False,
ACC8c78cbbe88,,False,
ACC3f0b1c196b,,False,
ACC7b7bf5b5ec,,False,
ACC13521a6381,,False,
ACCfcdeed5726,,False,
ACCc6e90b4e49,,False,
ACC7e9579c2e4,,False,
ACCad8aaa752e,,False,
ACCe0c8ee0030,,False,
ACC74f26b4d11,,False,
ACC9797fd9921,,False,
ACC26053e2502,,False,
ACC1f1ab845e7,,False,
ACCb2b046aba3,,False,
ACC2ad4c76fbf,,False,
ACC85e313c721,,False,
ACC6822b69e14,,False,COINC0031
ACC3a6e2986f6,,False,
ACC8ca2d75569,,False,
ACC26d90eb1c0,,False,
ACC3fbc0d4bba,,False,
ACC9f222a3403,,False,
ACC33bb4ca7ea,,False,
ACCd545a30659,,False,
ACC20f4a33c38,,False,
ACCdbf647353c,,False,
ACC90b7be4ee0,,False,
ACCf9b52b679e,,False,
ACC55633b4f6a,,False,
ACC8925ba5402,,False,
ACC123083e826,,False,
ACC7c049e5273,,False,
ACC497caae359,,False,
ACCd985c1aa10,,False,
ACCd87269bc37,,False,
ACC9f6f59c91e,,False,
ACC1c3bc7b875,,False,
ACC88f908a4a6,,False,
ACCc1a67ed399,,False,
ACC02d478a51b,,False,COINC0022
ACC881e84699a,,False,
ACCa67c2f4aaf,,False,
ACCb0c451060e,,False,
ACCee5ebc1ce5,,False,
ACCf3382d050f,,False,
ACC939163adaf,,False,
ACC12e4973a43,,False,
ACCf764142d93,,False,
ACC38c5f68f4b,,False,
ACCb9a06543ec,,False,
ACC49fae56c55,,False,
ACCb0651363fe,,False,
ACCfa09323088,,False,
ACC004a060888,,False,
ACC3da81cb3d4,,False,
ACCa98309e135,,False,
ACC92ed3ccaab,,False,
ACCbf4dddfae2,,False,
ACC4a8813299a,,False,
ACCa66d2c5023,,False,
ACCe6cd379387,,False,
ACC668c037202,,False,
ACC274a02a4a4,,False,
ACC86d95b23d0,,False,
ACC99a3139017,,False,
ACCaf5eaae3af,,False,
ACC89b8670eb9,,False,
ACC69eab25dfe,,False,
ACC42bfd54ea6,,False,
ACC3de1bfe31a,,False,
ACC0ce57c416d,,False,
ACC696255811f,,False,
ACCf6b7885648,,False,
ACC2aceaea546,,False,
ACC40259d268c,,False,
ACCb3059a71b5,,False,
ACCb133303de0,,False,
ACC3e1f355abf,,False,
ACCf6bf756516,,False,
ACC16190fa229,,False,
ACCedb1700fdf,,False,
ACCe0eab1df81,,False,
ACC78f2336e21,,False,
ACC602993fc41,,False,
ACCa81fed90d1,,False,
ACCc17ff284e5,,False,
ACC958483de2e,,False,
ACC02caec0fff,,False,
ACCa3758a5c7a,,False,
ACC6bbc832526,,False,
ACC6dd8ee5c0d,,False,
ACCcf96a99dff,,False,
ACC9cbe6e5e48,,False,
ACC8be0c9a753,,False,
ACCfd932d3743,,False,
ACC4a6d98290c,,False,
ACC6432399317,,False,
ACCd37a7dd891,,False,
ACC5692f807ca,,False,
ACC4c27a02e1d,,False,
ACC044ca43135,,False,
ACCacaea051b1,,False,
ACCca02dbf2e1,,False,
ACC0ff5ce48cf,,False,
ACCe541c48e15,,False,
ACC5fa17b1d28,,False,
ACC37c62803eb,,False,
ACC1f9bc748ac,,False,
ACC8151528a0e,,False,
ACCee054ed77d,,False,
ACC8f528bedba,,False,COINC0012
ACC3c4d403e54,,False,
ACC8b039d3294,,False,
ACC540b87abe8,,False,
ACC875238bbf4,,False,
ACC1075857d93,,False,
ACC0a6f6d5762,,False,
ACCeacbe79435,,False,
ACC4d3ddffd8f,,False,
ACCd9d7619b3e,,False,
ACCbd99c96446,,False,
ACCe60cf90b7d,,False,
ACC94d55f77c0,,False,
ACC7c9245789f,,False,
ACCfb8f53956c,,False,
ACC34ece28c64,,False,
ACC5d958ad531,,False,
ACC34cb516ff7,,False,
ACC4e3f32c4b7,,False,
ACC6e75893501,,False,
ACCa229b44e66,,False,
ACC630751d10f,,False,
ACCd50c60e710,,False,
ACCaab9f1490e,,False,
ACC5080e8ef7b,,False,
ACC9c58cb23fa,,False,
ACC92e7ebc233,,False,
ACC03c3614b40,,False,
ACCfbcf113c2c,,False,
ACC439e0f00d4,,False,
ACC29a38b6a64,,False,
ACC158a5ff6f0,,False,
ACC5d27298a05,,False,
ACC28074b205e,,False,
ACCab7445b268,,False,
ACC8ac392961c,,False,
ACCe6fa6c029a,,False,
ACCf89088358a,,False,
ACC512c7da6ba,,False,
ACC8659a7a1be,,False,
ACCfaafd3eb27,,False,COINC0036
ACC3dce2c5682,,False,
ACC1123df6d48,,False,
ACC63a7a5481f,,False,
ACC47671ba84f,,False,
ACC5f89103527,,False,
ACCebf01a33cd,,False,
ACCc2a57f080e,,False,
ACC9a967ccff9,,False,
ACC2c23fcbbb0,,False,
ACC11b5149953,,False,
ACC95c331d09e,,False,
ACCffebfe157c,,False,
ACC183581a8be,,False,
ACCe2114eedfb,,False,
ACCdd40833fd3,,False,
ACC3633408db5,,False,
ACC075ba43e0c,,False,
ACCfad82d118a,,False,
ACCe59e36b14f,,False,
ACCc34ca64800,,False,
ACCfed73c484a,,False,
ACC7ff6238381,,False,
ACCdc446a2f08,,False,
ACC22b3e1e233,,False,
ACCb336dcda5f,,False,
ACC79f8a81e06,,False,
ACC7c9d25d4ce,,False,
ACC9e22069115,,False,
ACCf88318e1b9,,False,
ACC7b3505f881,,False,
ACC365dfeb6fa,,False,
ACCc5c46a2ced,,False,
ACC2d58c51d00,,False,
ACC9beaa76e60,,False,
ACC62e28f64b7,,False,
ACCb8a9ab7047,,False,
ACC30e65ffc22,,False,
ACC35539870f8,,False,
ACC7f043d8559,,False,
ACC3655f368f3,,False,
ACCfc387ceaa3,,False,
ACC80e3069cc5,,False,
ACCe7140a7476,,False,
ACC55fd302274,,False,
ACC5b71f26139,,False,
ACCa67ee13c30,,False,
ACC643709b29d,,False,
ACC96e111425d,,False,
ACC884680e927,,False,
ACCcc99869530,,False,
ACCf95e2db1eb,,False,
ACCccd19701de,,False,
ACC95ff5efbb0,,False,
ACCcd90e14e7a,,False,
ACCcdec200f11,,False,
ACCf489fc587e,,False,
ACCfd9af04b6f,,False,
ACC99ad8a2a0e,,False,
ACC61fac5ec54,,False,
ACC6a0300b666,,False,
ACCfb26bb5ed2,,False,
ACCe451548044,,False,
ACC7d11ef77bc,,False,
ACC71fdbba961,,False,
ACCdadbcb24c2,,False,
ACC2e1c374e66,,False,
ACC9e4f36c214,,False,
ACC9ad78f58a6,,False,
ACC49369edb2c,,False,
ACCaf092145b4,,False,
ACCe1f6194871,,False,
ACCd8c26e3871,,False,
ACC76a45b7877,,False,
ACC91cddff7ac,,False,
ACC6eb21194b3,,False,
ACC498187dc4e,,False,
ACC0c9975afb9,,False,
ACC9130bb1779,,False,
ACC149069f9a6,,False,
ACC2d261aab26,,False,
ACC0b00c9e575,,False,
ACC9e892bc41b,,False,
ACCe3784dc2fd,,False,
ACC2ba06187ef,,False,
ACC7894bd8d73,,False,
ACCc4b5a695ad,,False,
ACC0c3f495526,,False,
ACC7ed623dc01,,False,
ACCb7413f8d1d,,False,
ACC28f7f66377,,False,
ACC4b6f706bbc,,False,
ACC812eef8809,,False,
ACCe1766d7b5b,,False,
ACCc42e7e8557,,False,
ACCd4bc1275ad,,False,
ACCd505f0aa4c,,False,
ACC27cfd8324a,,False,
ACCf1ed790781,,False,
ACC89ac5ec56c,,False,
ACC26d80bf458,,False,
ACC979826c69a,,False,
ACC060eae3c2c,,False,
ACCf60bfaa62b,,False,
ACC7591d4924f,,False,
ACCd682f4d4b3,,False,
ACC197971c6ee,,False,
ACC364aaed6d8,,False,
ACC4a6d8c845b,,False,
ACC228c8e18e0,,False,
ACCa2f3d90e00,,False,
ACCef5f422bb8,,False,
ACCb554a57bd9,,False,
ACCf999befc62,,False,
ACC863f1ed051,,False,
ACCcc0a4999fd,,False,
ACCdd69d422e0,,False,
ACCa6b3e04fcd,,False,
ACC9980d68235,,False,
ACC4a28816911,,False,
ACC6fa9045c0b,,False,
ACC6b9c1f8392,,False,
ACC4ba6cab094,,False,
ACC65edd8606f,,False,
ACC3cb71fc3fc,,False,
ACCe2fa8fd275,,False,
ACC5de4d4fe39,,False,
ACCf29874f55d,,False,
ACCfdd576c8f3,,False,
ACC524cc5db0e,,False,
ACCc3583a59bd,,False,
ACCa18be7b5f3,,False,
ACC346271443e,,False,
ACCcbbcbff810,,False,
ACC831f5ecfd3,,False,
ACCfc4f64079f,,False,
ACC76605ce428,,False,COINC0040
ACCd6bc329cd0,,False,
ACCeab7cd2760,,False,
ACCe2b228d2bb,,False,
ACC68fbb605dc,,False,
ACC31971154ef,,False,
ACCc76dc3698c,,False,
ACC4747132f62,,False,
ACCc42e96eb01,,False,
ACC8d5a2c98bb,,False,
ACCe1886e100f,,False,
ACC48f8173255,,False,
ACCa16f1cde4c,,False,
ACCe2bff458e6,,False,
ACC9db76b851e,,False,
ACC2dfde49981,,False,
ACCfe39607ca8,,False,
ACC68bf7b8b8a,,False,
ACC68a40f6ade,,False,
ACCe6dacc9f12,,False,
ACCc693ba0c92,,False,
ACC07a0da16f5,,False,
ACCdd14f9b4a1,,False,
ACC4224c8790f,,False,
ACC8376c4baf2,,False,
ACC8ae647b615,,False,
ACC3f13e9b3f3,,False,
ACCd07f7c73bd,,False,
ACCaa43e89372,,False,
ACC3e22e5fa91,,False,
ACCd204126dfb,,False,
ACC059b1461d3,,False,
ACCc2e99430ab,,False,
ACCdca29a8287,,False,
ACCb7e990387e,,False,
ACC076dbd80f3,,False,
ACCcbc25b1e3d,,False,
ACC55fd8c1417,,False,
ACCcdceb049c3,,False,
ACC936998db8a,,False,
ACCa2fcec8078,,False,
ACCe50cd8a956,,False,COINC0023
ACC28ed424a19,,False,
ACC510ff5b16e,,False,
ACC98a676769e,,False,
ACC48892c44be,,False,
ACC240014ad5d,,False,
ACC6e5a4fc2ce,,False,
ACC554541d7e3,,False,
ACC88bf1f0e5b,,False,
ACCf748b3ada5,,False,
ACCbeb22d5f45,,False,
ACCf3f0f132d0,,False,
ACCe12be4fd08,,False,
ACC784675bf04,,False,
ACCd7cf3e9dfa,,False,
ACC186294d38b,,False,
ACC4a348996aa,,False,
ACCd61417d825,,False,
ACCb444b87692,,False,
ACC37899d7072,,False,
ACC44f1ef43dc,,False,
ACC1aab3f6afa,,False,
ACCeeff7a9a0a,,False,
ACC7b6e506004,,False,
ACC379702bee5,,False,
ACC34ebc60e53,,False,
ACCe8b3d30e13,,False,
ACCacaff1e0eb,,False,
ACC6781afb663,,False,
ACCd51c16e80d,,False,
ACCd0a5c10679,,False,
ACC6b644048a4,,False,
ACCd2ba3f2ed9,,False,
ACC586b7941ac,,False,
ACCf73ca9bbce,,False,
ACC705c4fc951,,False,
ACC36a72b89fe,,False,
ACCbd47a8662a,,False,
ACC1b968651d8,,False,
ACC7590d66e3a,,False,
ACC9ff448dc40,,False,COINC0022
ACC5c558960df,,False,
ACC2855d6d042,,False,
ACC3a73b54da9,,False,
ACC3b22072ff8,,False,
ACC1595b7a462,,False,
ACC71f404d749,,False,
ACCeea49d1f88,,False,
ACCb5453f71b7,,False,
ACCab81ae1463,,False,
ACC172014c1ee,,False,
ACC6b0fd1db49,,False,
ACC4ee82cda4f,,False,
ACC1fa222dcd9,,False,
ACCd9fefcb001,,False,
ACC840e68a669,,False,
ACCf3ed661ca2,,False,
ACC61ca7e00df,,False,
ACC3c7be7694d,,False,
ACCa58b3e54dd,,False,
ACCca6e283d29,,False,
ACC8166fb7cde,,False,
ACCaef242c519,,False,
ACC92ee6a237e,,False,
ACCda167e5b82,,False,
ACCa207fd108a,,False,
ACC9b94236f21,,False,
ACCb427a8235d,,False,
ACCad961664ed,,False,
ACC3501775df6,,False,
ACC973ec3f4c6,,False,
ACC5193b34bdc,,False,
ACCcb95c7363e,,False,
ACCda8ae121a2,,False,
ACC09f932c510,,False,
ACCa7fdd29708,,False,
ACC492a756a19,,False,
ACC954fa74677,,False,
ACC0d7f75f43a,,False,
ACC20da0e49ae,,False,
ACC5a1ed9cd82,,False,
ACCc8c1b56ba8,,False,
ACC3ee334cb31,,False,
ACCb31a1bc818,,False,
ACCf6a08994d0,,False,
ACC23e1632302,,False,
ACCf99eb6ea1a,,False,
ACC6ba3c3a62c,,False,
ACC0741c1d3a7,,False,
ACCecbf754063,,False,
ACCd5c912e51c,,False,
ACCc4ed3a386c,,False,
ACC3c05867a02,,False,
ACC65e7d56374,,False,
ACCf688d44fb2,,False,
ACC36e2dbe984,,False,
ACCbc54ae2740,,False,
ACC0eade68857,,False,
ACC7be12a3e5b,,False,
ACC98b83ced45,,False,
ACC18db8cc768,,False,
ACC3ee6597299,,False,
ACC0c20442df2,,False,
ACCe689347b8e,,False,
ACC66ea31c7ee,,False,
ACCf2d6de32a4,,False,
ACC8ae5b5b73c,,False,
ACC96523db7d5,,False,
ACC8e51be88de,,False,
ACC0085d5fa0b,,False,
ACC548ca97b10,,False,
ACC7c0bb2e1ea,,False,
ACC0c011e6eae,,False,
ACCeec3ffc569,,False,
ACC9fa552d905,,False,
ACCe240329a5c,,False,
ACC9e2d98720c,,False,
ACCc919465f84,,False,
ACCbb099197b3,,False,
ACCf641194764,,False,
ACC3a4a38be15,,False,
ACC96fea73705,,False,
ACCc1493e3b82,,False,COINC0025
ACCa20b8c3a85,,False,
ACC22abf6f2ee,,False,
ACC1c6fb1d30f,,False,
ACCa7794e6776,,False,
ACC913313d5cf,,False,
ACC6d2938d08d,,False,
ACCd6a79ab863,,False,
ACC99a5a23448,,False,
ACCf8ac10f423,,False,
ACCf2b75ce413,,False,
ACCcb78a43290,,False,
ACC608818b5a1,,False,
ACC9ecdd04957,,False,
ACCca28042993,,False,
ACC3ce99463af,,False,
ACCa79bf6ee84,,False,
ACC1e67665a4c,,False,
ACC17663af109,,False,
ACC8c76229662,,False,
ACCdebf6e6d2d,,False,
ACC3628c06f96,,False,
ACCa61b6e99fe,,False,
ACCa103459c5b,,False,
ACCb26083e8a1,,False,
ACC75b3a15137,,False,
ACC11ca28133d,,False,
ACCa8a4ca1a25,,False,
ACC193a0e7f6e,,False,
ACC9cd640ad71,,False,
ACCd8c3dd0fd4,,False,
ACC01dbb28822,,False,
ACCe050afa7dd,,False,
ACC86897de407,,False,
ACCcb24aa36dc,,False,
ACC6563fb791c,,False,
ACCf642779a2a,,False,
ACC71fd5799e5,,False,
ACC2f6c566d86,,False,
ACCfc78bdf3f5,,False,
ACCe0b2f8e894,,False,
ACCd3cb905c07,,False,
ACC70b227c314,,False,
ACCcbc8aac58a,,False,
ACC23fc73fff6,,False,
ACCeda1e02e4a,,False,
ACC20927f4ebb,,False,
ACC05827dbf97,,False,
ACC950a1fc063,,False,
ACC9a1471ebdb,,False,
ACC05301bccf9,,False,
ACC1a52b9e6ae,,False,
ACC1b94537590,,False,COINC0045
ACC76fd4801c7,,False,
ACCb6bcd1b4ae,,False,
ACC5de14fe6d7,,False,
ACCe87adf2253,,False,
ACC76c894875a,,False,
ACC320796a66d,,False,
ACC941e06c234,,False,
ACC59952ea686,,False,
ACCe3bea26135,,False,
ACC6aac32c587,,False,
ACC81876521e1,,False,
ACC086fdfa81a,,False,
ACCa0811b133b,,False,
ACC2a0f6e71e5,,False,
ACCc888cd8ec4,,False,
ACC4c5f7140f6,,False,
ACCbeda178d42,,False,
ACCe88446a365,,False,
ACC9b1f910d2b,,False,
ACCa6d7d10d61,,False,
ACC0ee9cbb918,,False,
ACCcdbc4962f3,,False,
ACC653382f978,,False,
ACCdc8682a91d,,False,
ACC7bc55d953e,,False,
ACC228462c832,,False,
ACC2e55f302ee,,False,
ACC26598f95ae,,False,
ACC246a5574f0,,False,
ACC371c392d97,,False,
ACC53357d06cd,,False,
ACC43f8413236,,False,
ACCbfa050fd2e,,False,
ACC467c576495,,False,
ACC4f07cb905e,,False,
ACC4d8de2e56e,,False,
ACC55ec569bdc,,False,
ACCf4869c44f0,,False,
ACC66fa5aaa47,,False,
ACC487ae0949f,,False,
ACC587b08008c,,False,
ACC749daabf87,,False,
ACC49593162fe,,False,
ACC1a40e322d9,,False,
ACCf2ca5b0dae,,False,
ACC307a23d31b,,False,
ACCf7b65fe39c,,False,
ACCcc346f8d74,,False,
ACC6df797546b,,False,
ACC496df7b1f2,,False,
ACCa90c395c10,,False,
ACC1dbd0bf1ad,,False,
ACCd6484b4256,,False,
ACCbf84a2ff0e,,False,
ACCa28512b9b8,,False,
ACCc996b8b90f,,False,
ACCc3b55d2109,,False,
ACCde71fb6644,,False,
ACC1d694fe78a,,False,
ACC52f76bd46e,,False,
ACCeb86643824,,False,
ACCe166a65924,,False,
ACC1a2130e919,,False,
ACCd31d0f2f47,,False,
ACC2674f1d873,,False,
ACCe0d22b2194,,False,
ACC36832c6d3b,,False,
ACC724e13f826,,False,
ACCd04ebe63b4,,False,
ACCa0907d2eb3,,False,
ACCffe4a90770,,False,
ACC6ead1b349d,,False,
ACCd00c27ac2f,,False,
ACCaceda886ac,,False,
ACC1775345d50,,False,
ACCec55a9ab94,,False,
ACCa0977f672b,,False,
ACC8228b8b455,,False,
ACC3f4ab7b096,,False,
ACC909897fc4a,,False,
ACC0f5d896caf,,False,
ACC3a020f47d2,,False,
ACC353a037bdc,,False,
ACC6b31d1b2cf,,False,
ACC600f84688f,,False,
ACC92d1c65932,,False,
ACC965d0d5410,,False,
ACC08d739b72f,,False,
ACC4efd050248,,False,
ACC115168ddbb,,False,
ACCc1edac204f,,False,
ACC011e586920,,False,
ACC0aa72e3a58,,False,
ACC9affd31a9d,,False,
ACC3b13d4e8d7,,False,
ACC21a963b784,,False,
ACC6d2a02da5b,,False,
ACCa5347b8b1e,,False,
ACCaf19f96bd0,,False,
ACC78851e6551,,False,
ACCa42e50f599,,False,
ACCcd3f49a35b,,False,
ACCb7f8bcb837,,False,
ACC030952b7a6,,False,
ACCd12ba4636d,,False,
ACC17b17e47ab,,False,
ACCfae397925a,,False,
ACC60a7e296ed,,False,
ACCbd77e833d3,,False,
ACC274828ecc4,,False,
ACC766da923f2,,False,
ACC55708702d5,,False,COINC0012
ACC374ec5b951,,False,
ACC234e0d9100,,False,
ACC0f599f9048,,False,
ACC912396c89f,,False,
ACC1836841475,,False,
ACC168213964a,,False,
ACC81ea7bd08d,,False,
ACC9f322eace1,,False,
ACCef28e478e8,,False,
ACC40f4cf2f20,,False,
ACC9a9bb73097,,False,
ACC77460e6450,,False,
ACC4955724d25,,False,
ACC6d3a0017fc,,False,
ACC9f977870f7,,False,
ACC7c13c86223,,False,
ACCf2078b1e86,,False,
ACCf8293d5fbf,,False,
ACC935dce2cad,,False,
ACC0140017eaf,,False,
ACC6a4238aabb,,False,
ACCedfbb4c79a,,False,
ACC9d73199d58,,False,
ACCb25ea5c605,,False,
ACC9cd5db11e9,,False,
ACCb98c098976,,False,
ACC4d2664b35b,,False,
ACC2edc91b0cf,,False,
ACC9e885e544d,,False,
ACC88f0681f46,,False,
ACC1ed1e57102,,False,
ACC87b795a6c1,,False,
ACCe73a550f20,,False,
ACC6f5756c6df,,False,
ACC589976c4f3,,False,
ACC1107f5d7c2,,False,
ACC90fec7f879,,False,
ACC1f3d885ec1,,False,
ACCbc3676b759,,False,
ACC2a68b3615d,,False,
ACC96c33b3b02,,False,
ACC9c363a2724,,False,
ACC0e7529e8bf,,False,
ACC5b27780aff,,False,
ACC9730843538,,False,
ACCe43a0e5306,,False,
ACC552dfbee22,,False,
ACC49ba9344d3,,False,
ACCea4220fee7,,False,
ACCe926106f83,,False,
ACCe4b0aa1a69,,False,
ACC8fa41bd463,,False,
ACCcde0de0bd5,,False,
ACC16cd766134,,False,
ACC4958bf945f,,False,
ACCa7bfef4852,,False,
ACC1db4ff588d,,False,COINC0037
ACC2b5cd68c3a,,False,
ACCd704765d96,,False,
ACCda3a53c109,,False,
ACC640129817d,,False,
ACCae732c9d97,,False,
ACCdfca945170,,False,
ACC2daebf6c56,,False,
ACC4a657df2f4,,False,
ACC9123d507f0,,False,
ACCde14af06ab,,False,
ACC87def099ee,,False,
ACC725e6680fd,,False,COINC0002
ACCe88fcfa12d,,False,
ACC59512f5a46,,False,
ACCe3f8b67114,,False,
ACCce46d51c21,,False,COINC0030
ACC80499e0a7f,,False,
ACC78eb23388a,,False,
ACC672ade665e,,False,
ACC186774c669,,False,
ACC22ebf9be34,,False,
ACC5243b55c7f,,False,
ACCde253cb780,,False,
ACCc6839d1b3d,,False,
ACCa1a8f3e64b,,False,
ACC5ec74da610,,False,
ACCa6f44cc1d4,,False,
ACCf91c5c02c8,,False,
ACC5c0e75d6ce,,False,
ACCc301e80af7,,False,
ACCd6be05152d,,False,
ACC3e5b1c0f51,,False,
ACC0a5b717667,,False,
ACCe9c7adc121,,False,
ACC4d39e9a4ea,,False,
ACCfe1c011980,,False,
ACC695e7363f3,,False,
ACCe8a65c1dec,,False,
ACCfaa18f8b2e,,False,
ACCf0e32aa9fc,,False,
ACCf5298de7c1,,False,
ACCee845e9bf7,,False,
ACCda79bc3c66,,False,
ACC248c111833,,False,
ACCb589b8db25,,False,
ACC2354c2d7f9,,False,
ACC9b7bf9ebf7,,False,
ACCfa911d7461,,False,
ACCedd2024d33,,False,
ACC9d25a5b1fa,,False,
ACCf77626fb4b,,False,
ACC9555f73875,,False,
ACC41b6d9f7a3,,False,
ACCff7d6c3d39,,False,
ACC74082da31f,,False,
ACC416a243964,,False,
ACC8de33ab43b,,False,
ACC384c768ed3,,False,
ACCc664571fed,,False,
ACC0c30a4e674,,False,
ACCf9bec4bd56,,False,
ACC9b9352ec4a,,False,
ACC2254adb96e,,False,
ACC8a7a051769,,False,
ACC59e7334a0e,,False,
ACCd5eb0d6cd2,,False,
ACC8c35c54c7b,,False,
ACC5f697b6e10,,False,
ACC092ae1e60c,,False,
ACCe05613c5e9,,False,
ACC99afa381a6,,False,
ACC5d44c57ceb,,False,
ACC2e73110064,,False,
ACC473df55f20,,False,
ACC71b033ad95,,False,
ACC06e3088226,,False,
ACC2efd049f09,,False,
ACCa669f1e657,,False,
ACC4a2732c32e,,False,
ACCf0caae4b5f,,False,
ACC44b8e6de62,,False,
ACC4e82bf03bd,,False,
ACC83d3cd1730,,False,
ACC39c0ca0de8,,False,
ACC50eaf4d761,,False,
ACCcf39f0e83d,,False,
ACC7b03c758af,,False,
ACC73c73e9604,,False,
ACC4176152f57,,False,
ACC48986d47cf,,False,
ACC97455841bd,,False,
ACCbd62a70248,,False,
ACCb8076e82a4,,False,
ACC4df3959300,,False,
ACCde40b0d1d6,,False,
ACC1af8a44965,,False,
ACCb049c67483,,False,
ACC60fd31f425,,False,
ACC282d7fcd7e,,False,
ACC62f0f8ace9,,False,
ACCa1672add0c,,False,COINC0002
ACC75683be373,,False,
ACC3ae4c87188,,False,
ACC7f055e9209,,False,
ACCc3e6e2f2a5,,False,
ACC9147af8bfb,,False,
ACC4c6559e324,,False,
ACC0dc86a072a,,False,
ACC9c374af9d3,,False,
ACC757921b8ed,,False,
ACC4cd888e143,,False,
ACC23528758f3,,False,
ACCfb43997c61,,False,
ACC0e5b9a2500,,False,
ACC2c28057add,,False,
ACCe94aef521b,,False,
ACCbafb142a3c,,False,
ACC3403dc01fc,,False,
ACC84c88f6ee5,,False,
ACCfab45a7708,,False,
ACC19a22805be,,False,
ACCd8b2694979,,False,
ACCee140b3101,,False,
ACC13274e26cf,,False,
ACC741e28718f,,False,
ACC10a28dd7b4,,False,
ACCabc2d34faa,,False,
ACC44bac6c9bc,,False,
ACC96963d1372,,False,
ACC2fee2cd951,,False,
ACC6da3dbdd45,,False,
ACC6cbd98981a,,False,
ACCd6769b2fc3,,False,
ACC93e041eab7,,False,
ACC0f210693b8,,False,
ACC4c9eec8b44,,False,
ACC0d14bdd110,,False,COINC0007
ACC5643aba9c3,,False,
ACC1f6a4bc913,,False,
ACCd240f0be4f,,False,
ACC43d0ea3092,,False,
ACC9b78fd64cc,,False,
ACC66a6d00e2c,,False,
ACCfcd99541fa,,False,
ACC65d47098d4,,False,
ACC189a4124c9,,False,
ACC28d2c5348c,,False,
ACC64dd7e8484,,False,
ACCa99719d3c5,,False,
ACCaacfa7ae7b,,False,
ACC3adbb9c0dd,,False,
ACCf861cbcdd1,,False,
ACC5a3570f683,,False,
ACC65b47fd83e,,False,
ACCd1eff9e12b,,False,
ACC072d6f36cc,,False,
ACC841096c0d1,,False,
ACC27ea3c6a42,,False,
ACCc9b2dcf81c,,False,
ACCd1d16e9bc8,,False,
ACCfff6596636,,False,
ACC5578f59764,,False,
ACC5fdb402051,,False,
ACC497755fdfa,,False,
ACC095ee2f296,,False,
ACC5327005339,,False,
ACC6814da477b,,False,
ACC7e1ce576d4,,False,
ACC6331bee6b4,,False,
ACCd71f8b152b,,False,
ACC0842b53f02,,False,
ACC91652385fc,,False,
ACC4a5f25ff89,,False,
ACCd3ddb3d0f7,,False,
ACCb0caa7fbf2,,False,
ACC3af5c3035c,,False,
ACCec3fb24ad5,,False,
ACCe19b612ee8,,False,
ACCbd4c2d6216,,False,
ACC7a5b358d61,,False,
ACC537a4afd46,,False,
ACCef54f4a5bf,,False,
ACCe96ddfc6d3,,False,
ACCa069973e23,,False,
ACCd568318a2a,,False,
ACC2a83a96216,,False,
ACC5e0a7ff63b,,False,
ACC8da2a6899d,,False,
ACC19580d7149,,False,
ACC3224a95e19,,False,
ACCc7f03bb4ce,,False,
ACCb977994989,,False,
ACC0fb6cb1f52,,False,
ACCfe136ccdbf,,False,
ACC04612c43ef,,False,
ACC5912b2c69e,,False,
ACC89344acc3c,,False,
ACCc6b05f48d0,,False,
ACC96619c35e9,,False,
ACC2f0940e0fc,,False,
ACC7900458cdd,,False,
ACC920daea5b1,,False,
ACCa1b7c5b67b,,False,
ACC52a0f71968,,False,
ACCd295d8370d,,False,
ACCe10c8627e8,,False,
ACC031c8d9fde,,False,
ACCa8004e9c78,,False,
ACCf543515d51,,False,
ACC58bd7a97ba,,False,
ACC443dc04631,,False,
ACC35eb576fde,,False,
ACC7cd7b2d6cc,,False,
ACCb5690096a2,,False,
ACC55025e1e4f,,False,
ACCdfc4564c9d,,False,
ACC7c06fbffcc,,False,
ACC931ac45b6c,,False,
ACCe885c78307,,False,COINC0027
ACCa386e1a6fb,,False,
ACC7c71236365,,False,
ACC505c009253,,False,
ACCa1a0986ca9,,False,
ACC2a9c981663,,False,
ACC8bf2554d8e,,False,
ACC609a5d9ea2,,False,
ACC53118f6f8f,,False,
ACC559f323332,,False,
ACCc232fc6ff0,,False,
ACC7c1d577b7e,,False,
ACC83dc8460f5,,False,
ACCd834604305,,False,
ACCd3d9e35e78,,False,
ACCef682866de,,False,
ACC63995fc390,,False,COINC0045
ACC0a0ba95e64,,False,
ACC6ff81b0089,,False,
ACCdbe7020c19,,False,
ACC7f85457f42,,False,
ACCf0c73b9747,,False,
ACC07bcbd5f35,,False,
ACC4f33fc60b5,,False,
ACCe0acc25067,,False,
ACC73f94bbd67,,False,
ACC295552e569,,False,
ACC332e185730,,False,
ACC4b0c469afb,,False,
ACC561ec354e6,,False,
ACC4bacde18db,,False,
ACC84f29f1cee,,False,
ACC50ad662f12,,False,
ACCec454f2382,,False,
ACC1236192658,,False,
ACC8a43163dc0,,False,
ACC4e0b5f258f,,False,
ACC93861e97af,,False,
ACCdfaa577cd2,,False,
ACCf9bd8a0e08,,False,
ACCd950d1ab78,,False,
ACC1b9e18c9df,,False,
ACC7b7a70e78c,,False,
ACC7fb879acb7,,False,
ACCb760b29f0f,,False,
ACC597d7e7776,,False,
ACC2f173d08a9,,False,
ACC9b8116031b,,False,
ACC68e3d359aa,,False,
ACC55d3a60cf2,,False,
ACCefe2a84aa0,,False,
ACCeab9f4abaf,,False,
ACC6135441c16,,False,
ACC7e9f1b6f94,,False,
ACC1257919b28,,False,
ACC98f8ffca5c,,False,
ACC6a0302d3b8,,False,
ACCa63fd25715,,False,
ACCc8ab0fc288,,False,
ACC7b348eb969,,False,
ACC01c64bad9d,,False,
ACCf64d1134f4,,False,
ACC982b9c170f,,False,
ACCb51080d805,,False,
ACC91983ae03a,,False,COINC0014
ACCa104afc64c,,False,
ACC8ad78a5da4,,False,
ACCa4db2626e9,,False,
ACCa6e8821af5,,False,
ACC2dccd349f7,,False,
ACC48c2ce1610,,False,
ACCaff432b0a9,,False,COINC0044
ACCf5d3121bbe,,False,
ACC21023f5991,,False,
ACC7155a2d900,,False,
ACCcfe702658c,,False,
ACCa438bd036c,,False,
ACC02db7979e0,,False,
ACC016e32e496,,False,
ACC41f36b5ca5,,False,
ACC898c5a78d2,,False,
ACCa64de38aaf,,False,
ACC5ffa7916d8,,False,
ACC1b98062daf,,False,
ACC8de76fc484,,False,
ACCaabbd39883,,False,
ACC709ed08fec,,False,
ACC9b1aa6848f,,False,
ACC3763eb1b26,,False,
ACCd3f05fc49a,,False,
ACCbd7c430d1f,,False,
ACCd75c0cb414,,False,
ACCa3ae81e828,,False,
ACCf95d4cc9f0,,False,
ACCeb3ee6badb,,False,
ACCb95068bebd,,False,
ACC29059cdbcf,,False,
ACCef879d34e8,,False,
ACC45d023a035,,False,
ACC814c9940e6,,False,
ACCe4a37caa61,,False,
ACC031f12ede6,,False,
ACC4b66c1bf16,,False,
ACC3be5ef64d8,,False,
ACC4440eb2430,,False,
ACCd9e41cb8ab,,False,
ACCd690977862,,False,
ACC6a13d4beaf,,False,
ACC4ea3e909c3,,False,
ACCf117d465db,,False,
ACC9d70fa7bee,,False,
ACCe9b7c9ef6b,,False,
ACC4d4c5736ac,,False,
ACCadc8b39ee5,,False,COINC0045
ACC5f87e30878,,False,
ACCc1b9c68431,,False,
ACC369452d965,,False,COINC0043
ACC630c5ffc51,,False,
ACC36a7d1796b,,False,
ACC088afc13a7,,False,COINC0031
ACC288105d73b,,False,
ACC9a496a7286,,False,
ACCe5b6a389ea,,False,
ACC102366a6c8,,False,
ACC3f28d4c0ac,,False,
ACC9580fd3a69,,False,
ACC71db58d4f1,,False,
ACCbef21bd19a,,False,
ACC508dfaea7e,,False,
ACC1182ce1638,,False,
ACCe379bc0fca,,False,
ACC88f01c998e,,False,
ACC8d51e91df0,,False,
ACC26a778fb35,,False,
ACC08612d7088,,False,
ACC875a44f99e,,False,
ACCffbf3f132d,,False,
ACCf86974e838,,False,
ACC1a4ed892fb,,False,
ACCc4eb8c3d43,,False,
ACC75bef8eb09,,False,
ACCaae8225d87,,False,COINC0000
ACC6180660709,,False,
ACC9a2bf42650,,False,
ACC2df9bd8140,,False,
ACCc9a2f36e22,,False,
ACC9384f87596,,False,
ACCa8c02241a2,,False,
ACC84fe5307a1,,False,
ACC5a106b7cc6,,False,
ACCd73d6ab4fe,,False,
ACCdd264cce23,,False,
ACC89889d0101,,False,
ACCd05f6c7093,,False,
ACCfbcea87882,,False,
ACC474022fed4,,False,
ACCff3b9e4afb,,False,
ACC764b931e8d,,False,
ACC889de324bc,,False,
ACCf617ceefe0,,False,
ACCc6f414fa21,,False,
ACC33ff2bce5f,,False,
ACCd23e964835,,False,
ACC70948e3d60,,False,
ACCa7662f7c08,,False,
ACCc87a96c3b9,,False,
ACC20eef4d676,,False,
ACC3a90eb27d8,,False,
ACCdc2b721097,,False,
ACCec31c1e830,,False,
ACCb332e9c8ce,,False,
ACCb3df184c3a,,False,
ACC0bc45d6e86,,False,
ACC6f5979a84c,,False,
ACC7c06ca47a0,,False,
ACC278179e3db,,False,
ACCe120a123c9,,False,
ACC1086f15adf,,False,
ACC21e04f627c,,False,
ACCe342b1fdae,,False,
ACC29f21d85d3,,False,
ACCc779ff8f15,,False,
ACC6ee90d138d,,False,
ACC23c0264e73,,False,
ACC8fde3bf6cd,,False,
ACC1fa1f1a5b4,,False,
ACC499d998bd7,,False,
ACCfd5e736210,,False,
ACC8b1c8f662a,,False,
ACCd129de0250,,False,
ACCf1614e8428,,False,
ACC97bcc55e14,,False,COINC0004
ACC749195d43f,,False,
ACCa2abb85b0c,,False,
ACC4883110e96,,False,
ACC599a0691c3,,False,
ACC6661999983,,False,
ACC0c8f1a75c4,,False,
ACCee90386f99,,False,
ACC2ae2b4c763,,False,
ACC804c37bea5,,False,
ACC0a46fdae0e,,False,
ACC8daee99d62,,False,
ACC5b8519f53c,,False,
ACC2d316b3518,,False,
ACC37389488fe,,False,
ACCc5685db02a,,False,
ACC82b586ae39,,False,
ACC13dab6dce9,,False,
ACC4f87422558,,False,
ACC7aba08b244,,False,
ACC80b6335413,,False,
ACC8cb37aec44,,False,
ACC22ac002caa,,False,
ACCd6a171f5c3,,False,
ACC47024f17c8,,False,
ACC1150a6026c,,False,
ACC186e1a5439,,False,
ACC2c2daa946c,,False,
ACC1fc1edcaa8,,False,
ACC3726b4bbc0,,False,COINC0021
ACC2cf600e3b2,,False,
ACC0c02299ccf,,False,
ACC6aeee18a2a,,False,
ACC201849f41a,,False,
ACC85c7c2a5e1,,False,
ACC5f2e2f3053,,False,
ACCac7c2cdf8e,,False,
ACC4a3027c24c,,False,
ACC35d7d40a68,,False,
ACC1bd8d99b55,,False,
ACC910a68a00f,,False,
ACC3f43e5c6a1,,False,COINC0028
ACC6a65f82f59,,False,
ACCebf559b477,,False,
ACCe9f8e0c90e,,False,
ACC70360dd272,,False,
ACC0cabdd4ee6,,False,
ACC1cbe0cd9c9,,False,
ACC00418db03b,,False,
ACCfeb65ac9d9,,False,
ACC015501148d,,False,
ACCc2feb5dec6,,False,
ACC29976fcb71,,False,
ACC3a78c5fa94,,False,
ACCb493a62033,,False,
ACC4269a308ef,,False,
ACC9fee1dce2c,,False,
ACC0a7df38b28,,False,
ACCcb616e77ee,,False,
ACC3740f582cc,,False,
ACCae3d10df9a,,False,
ACC746f1df2eb,,False,COINC0021
ACCa39e23bfcf,,False,
ACCd4394a146e,,False,
ACC8e93f02101,,False,
ACCb8e50f6fa6,,False,
ACCb620e34ce5,,False,
ACCb7978ea2aa,,False,
ACCa23fa92a19,,False,
ACCaca21fcc81,,False,
ACC7b0f109323,,False,
ACC9f6bf7f011,,False,
ACC9e6a661121,,False,
ACCe9fd15cd8b,,False,
ACCdd46dce9eb,,False,
ACCbcb7783d41,,False,
ACCa128dae920,,False,COINC0015
ACC714721487e,,False,
ACC676f8f60e1,,False,
ACCd51c0ddaf8,,False,
ACCb8cd7643c7,,False,
ACC6fdfcb98c1,,False,
ACCf364cb3805,,False,
ACC9c1276aefb,,False,
ACC4a53cbf2ac,,False,
ACCb1022efa0a,,False,
ACC5978fb4b0e,,False,
ACC523a386e31,,False,
ACCdd3a6a14f4,,False,
ACC3028a7ccd4,,False,
ACCfa4634c389,,False,
ACC544b125b65,,False,
ACC9954c52672,,False,
ACC3a1394135a,,False,
ACCb78e0f88a9,,False,
ACCcac92743a9,,False,
ACCa178561a82,,False,
ACC6789d8f7d3,,False,
ACCa7a0209600,,False,
ACCfdf6d5cb74,,False,
ACC86e731767b,,False,
ACCbb0a93b3e3,,False,
ACCb6cd09f856,,False,
ACC6ac5b48eab,,False,
ACC5a37e03f0e,,False,
ACC049f152fae,,False,COINC0011
ACC5d6f9b6f6c,,False,
ACCd510922cdd,,False,
ACC385440bcb1,,False,
ACCa041426aa7,,False,
ACCb7177f6f16,,False,
ACCb87d5d2eb7,,False,
ACCd288742bc7,,False,
ACCe9d4d9fe90,,False,
ACC95007a017d,,False,
ACC47acf3cd71,,False,
ACCe31c4407d2,,False,
ACC7b6587f0be,,False,
ACCc0a98b7efc,,False,
ACC63960fdab0,,False,
ACC2d469edf78,,False,
ACC97565f6ca2,,False,
ACC05441a8c1c,,False,
ACCf960eb7269,,False,
ACCf7371b7963,,False,
ACCe3fd8be34b,,False,
ACCe7b4cb25e2,,False,
ACC9e0721cfb5,,False,
ACC4d14024c6e,,False,
ACC459266c7d7,,False,
ACCd029d59411,,False,
ACC50d94a1cf6,,False,
ACCc7c1833747,,False,
ACC1932f8b4c8,,False,
ACC5e6f2d1302,,False,
ACC52b063f1cc,,False,
ACC48cc9a1401,,False,
ACC9006f3f78e,,False,
ACC3cd290b55e,,False,
ACCd2559ce835,,False,
ACC9441cda073,,False,
ACC62d72c6afc,,False,
ACC2d8292155d,,False,
ACCfaf2b9475a,,False,
ACCadaf6397d7,,False,
ACCb082469010,,False,
ACC9bc00e7541,,False,
ACC619c81e151,,False,
ACC58a70bcac5,,False,
ACC36a39e82ee,,False,
ACC7a61f0680d,,False,
ACCdd460d268d,,False,
ACC198e14cc9f,,False,
ACC06122ba6c4,,False,
ACC52a9fab20d,,False,
ACCab353e8370,,False,
ACC279d194e0b,,False,
ACC04057be735,,False,
ACC689cd31f45,,False,
ACC6e3ef9eb0f,,False,
ACC1a269651b2,,False,
ACC5e6a1ac69e,,False,
ACC203100597a,,False,
ACC9e3ec986bf,,False,
ACCca66771e83,,False,
ACC9a77820b71,,False,
ACC94f21b2976,,False,
ACCf3d7876717,,False,
ACCd44d5188f7,,False,
ACCdca0121213,,False,
ACC15efcc00c8,,False,
ACCf27b9e84df,,False,
ACCc7f624c5c3,,False,
ACC6d96766a9d,,False,
ACC78f4aec930,,False,
ACC6b29972ee3,,False,
ACC549997486c,,False,
ACC9584bdd917,,False,
ACC9377dce00a,,False,
ACCc933d286be,,False,
ACC93f4396708,,False,
ACC3021144216,,False,
ACCa26f62d3ff,,False,
ACC3493476fa4,,False,
ACCba336b772b,,False,
ACC0c801b02e1,,False,
ACC8da7e23364,,False,
ACC21b38d7f08,,False,
ACCee16256b48,,False,
ACC115f3e1fad,,False,
ACC2ec0025b3b,,False,
ACCf4503e3646,,False,
ACCb6db541c50,,False,
ACC608ff72dbd,,False,
ACC57912ddb5e,,False,
ACC368cd063bf,,False,
ACCf6706d6c5d,,False,
ACCe9936a4bcb,,False,
ACC1ec67fe790,,False,
ACCf783a4930d,,False,
ACC4a34a2a403,,False,
ACC650a98649c,,False,
ACCd450ae5db3,,False,
ACCa2508b8e1c,,False,
ACCbc7ee23fdd,,False,
ACCcc3ee31f33,,False,
ACCa76aca0a84,,False,
ACCc3bbb4fbe3,,False,
ACC95d1cb6040,,False,
ACC768f74b499,,False,
ACCc2dc6ae74f,,False,
ACC698cbe4084,,False,
ACC43cbce8fad,,False,
ACC7480b06267,,False,
ACC96c27edf29,,False,
ACCbbb395dcc5,,False,
ACC96b845b1c4,,False,
ACC03a3174788,,False,
ACC948b9f5ce0,,False,
ACC5021f92af0,,False,
ACC265fb08233,,False,
ACC468cef1abb,,False,
ACCe96a354039,,False,
ACC2f3154103d,,False,
ACC43e6c2d974,,False,
ACC42aa8d4e26,,False,
ACCcfdd8778a2,,False,
ACCf9138c8888,,False,
ACCe1e9072aa5,,False,
ACCa194355d24,,False,
ACC1e8b750ca0,,False,
ACC82588db033,,False,COINC0016
ACC139d68618a,,False,
ACCce01c6cf31,,False,
ACC74dc373942,,False,
ACC909dc71ed4,,False,
ACC88d8e035f4,,False,
ACC1e31cc3ddb,,False,
ACC71fb85342e,,False,COINC0041
ACC98190302dd,,False,
ACCfc99e7614e,,False,
ACC9a3e29dfdc,,False,
ACC24332f5546,,False,
ACCa33f379f25,,False,
ACC3e90ac131a,,False,
ACC495b1ff4b5,,False,
ACC6ee2ed8c26,,False,
ACC66c1ac75c4,,False,
ACC9bc8ff9a30,,False,
ACCfd3bde684f,,False,
ACCdfeeeeb035,,False,
ACC1b7332249e,,False,
ACC98ec819d25,,False,
ACCf8ceebd710,,False,
ACC0ee79f2a27,,False,
ACC4e0c0a779e,,False,
ACC65b98c0d3d,,False,
ACCefb5837ba0,,False,
ACC3d59f0bbd5,,False,
ACCa73c8a519d,,False,
ACC21e8c1e4be,,False,
ACCe607b48416,,False,
ACC3d1ad2e4e3,,False,
ACC5f2474c566,,False,
ACC2c235bf687,,False,
ACC86a628d8a2,,False,
ACCe4352b988b,,False,
ACC09fbaddd8a,,False,
ACCeb1dd1e5e0,,False,
ACC289ea8fee0,,False,
ACCc5d2c066c7,,False,
ACC9574dde621,,False,
ACC861b55b8f1,,False,
ACC9aec935496,,False,
ACCa0e11e3586,,False,
ACC2c7986fe3b,,False,
ACC36bd22e327,,False,
ACCb4afe96acf,,False,
ACC4ad6317ece,,False,
ACC70156be600,,False,
ACCf7f4ca443a,,False,
ACCe72cbe0e71,,False,
ACCf32881523d,,False,
ACC44f0af681d,,False,
ACC6315ad772a,,False,
ACC9b19dd8e5d,,False,
ACCdce75988be,,False,
ACCd0b0062343,,False,
ACC279a9e242a,,False,
ACC66559dde1b,,False,
ACCb4ba5ab410,,False,
ACC90b425f7b3,,False,
ACCae4ed08617,,False,COINC0040
ACC3d07e2f73e,,False,
ACC856a19d8e8,,False,
ACC59481c77d7,,False,
ACCf17f913922,,False,
ACC2475889692,,False,
ACCe7f654d43d,,False,
ACCf3cc16f45e,,False,
ACC3f826893fb,,False,
ACC830554f7f6,,False,
ACCc20e7e1a9b,,False,
ACCb74c3d3e08,,False,
ACC7f684a0ba1,,False,
ACC73f1561aff,,False,
ACCefc8239306,,False,
ACC2db9748460,,False,
ACC06788ba034,,False,
ACC9dd8c81242,,False,
ACC916ebfc92b,,False,
ACC1336db10ec,,False,
ACC6d6b99d7bf,,False,
ACC75bcaa7b7c,,False,
ACC5cb0342ccf,,False,
ACC4282c73bb9,,False,
ACC7e181626b7,,False,
ACCb784be8c94,,False,
ACCa11ee2a912,,False,
ACC00905c4db5,,False,
ACCfaae04e4b6,,False,
ACC0d8cc3fca6,,False,
ACC6929584086,,False,
ACCe198dc9ced,,False,
ACC728875d7b6,,False,
ACC763f1be9f6,,False,
ACC559da321c8,,False,
ACC02840e386a,,False,
ACC7f34e448da,,False,
ACCf49e1eb586,,False,
ACC0d4ff2b198,,False,
ACC281d97e4fb,,False,
ACC62c10bede5,,False,COINC0019
ACCd7e6a4309c,,False,
ACCdf47615219,,False,
ACC4ea80cbd0d,,False,
ACCa509dacb98,,False,
ACC790268fd20,,False,
ACCa3b86ecd53,,False,
ACCebb90a0947,,False,
ACC4c6eb9cac7,,False,
ACCe87b67277d,,False,
ACC1b561a9a61,,False,
ACC045331e5ed,,False,
ACC3fd7a2f1f9,,False,
ACCbbe2d0e345,,False,
ACC1f32c11fee,,False,
ACCc700bcc69e,,False,
ACC3d2a8982ff,,False,
ACC59efec8700,,False,
ACCaace02a0e2,,False,
ACC05af0ab963,,False,
ACCcad16d9e44,,False,
ACC2eebabaed9,,False,
ACC44a29ff9e0,,False,
ACC69fe40dec8,,False,
ACCe565e0b829,,False,
ACC48499c4cf6,,False,
ACC094f05966c,,False,
ACC40ef704d06,,False,
ACCd544fdca10,,False,
ACC8e159512ca,,False,
ACC557efd6b4f,,False,
ACCaac976731f,,False,
ACC824dc4dd86,,False,
ACC0c329f4938,,False,
ACCb0f5836afe,,False,
ACCea6844e7d5,,False,
ACC1cf8f95158,,False,
ACC68aa36571c,,False,
ACC625bbc970a,,False,
ACC38e418a8a6,,False,
ACCf4bad4ff7b,,False,
ACC8d50ac8648,,False,
ACC3256311e42,,False,
ACCae033c956e,,False,
ACC267d7dc9f9,,False,
ACC6e7a95a812,,False,
ACC4ebc66a8c1,,False,
ACC57d60ed09e,,False,
ACC837a2a2279,,False,
ACC2531a8daee,,False,
ACC8e777893f6,,False,
ACC7219b310c9,,False,
ACC12e7861fcc,,False,
ACC7b8d96651e,,False,
ACCf3ed900f53,,False,
ACC2a852c1087,,False,
ACC20d8f1c970,,False,COINC0017
ACC5cf5e43034,,False,
ACC5a9a1846fd,,False,
ACCb12eef0538,,False,
ACCb6cda1d411,,False,
ACC335132bcec,,False,
ACC2b7238b4d1,,False,
ACC45eba9e13a,,False,
ACC74e057846d,,False,
ACC71f662c786,,False,
ACCa70bab509d,,False,
ACC7c3dde14e6,,False,
ACC9d7e05d23e,,False,
ACCfc775666f5,,False,
ACCa180dc539a,,False,
ACC353817af06,,False,
ACCaa3df48c8f,,False,
ACC55bf7c209f,,False,
ACC2490ae3b10,,False,
ACC76ef7eca76,,False,
ACCa3c6db0e0f,,False,
ACCbcb8c32160,,False,
ACC8f2b4af4fd,,False,
ACC94677629ea,,False,
ACC76760d6441,,False,
ACC0a85fe6733,,False,
ACCe58f309e49,,False,
ACCeaba8bbb10,,False,
ACCd48916b631,,False,
ACC8c558db7c5,,False,
ACCf47581aa1e,,False,
ACCf2a0ece5d2,,False,
ACC47badd0a4c,,False,
ACC01fe4fd516,,False,
ACC5d710237c1,,False,
ACC775bc8ef60,,False,
ACCcb199f2721,,False,
ACC9fd6a3005f,,False,
ACC71ecc2676e,,False,
ACC32de530fb4,,False,
ACC4c514748d7,,False,
ACC6a09439bfa,,False,
ACC602cb7421b,,False,
ACC581193f295,,False,
ACC7faaf1944c,,False,
ACC93d90091ae,,False,
ACCcf43bf056d,,False,
ACCb1d80e4d57,,False,
ACCa9914b55ff,,False,
ACCae624b2368,,False,
ACCef1cdc3d34,,False,
ACC607aaa1292,,False,
ACCf1aaba0dac,,False,
ACCb4e8aba158,,False,COINC0028
ACC1b6027c5f7,,False,
ACCd977fda297,,False,
ACC473be78a72,,False,
ACC90736d4791,,False,
ACC3826c74426,,False,
ACC1a69ee08c8,,False,
ACCf9ff6ecf17,,False,
ACCe59442a53b,,False,
ACC6e03ace110,,False,
ACC1eb724d348,,False,
ACCc7e38f0ab7,,False,COINC0024
ACC0acc152069,,False,
ACC218ee95674,,False,
ACC46d4cd1ae7,,False,
ACC011df98048,,False,
ACC16ba9cb7e7,,False,
ACC41aee1b44b,,False,
ACC7f6df902e7,,False,
ACC1400da9497,,False,
ACC400a548f8a,,False,
ACC43a62d25f1,,False,
ACC15b2715ba3,,False,
ACCec3bacf4f7,,False,
ACCf13ba3ca54,,False,
ACCd44a4c6e94,,False,
ACCe1d0b13b50,,False,
ACC5daae218ab,,False,
ACC625e55d0d7,,False,
ACC57c1554be2,,False,
ACC56934bd1ee,,False,
ACC457997cb4b,,False,
ACCd8c1645b84,,False,
ACC0ca57fbff1,,False,
ACCf7bc16a361,,False,
ACC109e8bb2f0,,False,
ACC4ae9655cdc,,False,
ACCacb835e440,,False,
ACCb12a6abed3,,False,
ACC7ec4002589,,False,
ACC371c4f8cc9,,False,
ACCc47de7b029,,False,
ACCfc67449662,,False,
ACC6f79bf7208,,False,
ACCee78a335d9,,False,
ACC152d41241c,,False,
ACCde8994ea2d,,False,
ACCfd7a1074f7,,False,
ACC1f272a8430,,False,
ACCaef16c50fe,,False,
ACC0430bc71a7,,False,
ACC0c0716332c,,False,
ACCeb4729b002,,False,
ACCdc093e0021,,False,
ACC0fd37edd53,,False,
ACCdb9128e2c8,,False,
ACCabc184dee1,,False,
ACCaff7525160,,False,
ACC6420094c23,,False,
ACC77a40c99de,,False,
ACCa3b7f6f50d,,False,COINC0036
ACC723d3606c9,,False,
ACC8610495fcb,,False,
ACCc4cff68fd7,,False,
ACCd1de19a2fc,,False,
ACC6eadee9bf1,,False,
ACC0736d90893,,False,
ACCecc7065eb9,,False,
ACC55c5cf3c45,,False,
ACC0fb1c10272,,False,COINC0005
ACC122b4183d7,,False,
ACC4a1de3278f,,False,
ACC9dbf0c4b0d,,False,
ACCf0341db4c0,,False,
ACCe7f01d6b4f,,False,
ACCd4ba5558be,,False,
ACC87a87c3650,,False,
ACC0bb9852f20,,False,
ACCcad46c99a7,,False,
ACCedf95da14a,,False,
ACCd0b8f8fbd4,,False,COINC0047
ACCe8c644652b,,False,
ACC6aa219a0aa,,False,
ACCaafb5b9877,,False,
ACC32507af016,,False,
ACCd349cc9f2b,,False,
ACCc2e0efc38b,,False,
ACCdf84dc04d5,,False,
ACCecd716666d,,False,
ACC5c357e2662,,False,
ACC659f0ece5c,,False,
ACCd070fdfc4f,,False,
ACC2c0cd50c16,,False,
ACCcd9ed534d8,,False,
ACC6270c28668,,False,
ACC5ddd9aaa8f,,False,
ACCbab16b1a2e,,False,
ACCb11729ecd3,,False,
ACC60a9c57b15,,False,
ACC80f037313c,,False,
ACC874bafde12,,False,
ACC3718b5dbfb,,False,
ACC21ee6ad7df,,False,
ACC4cf140b234,,False,
ACC459df282aa,,False,
ACCf76f26ba4e,,False,
ACC0a95ddeccb,,False,
ACC3d6c0bb230,,False,
ACCe25643e227,,False,
ACC936eeb3ef2,,False,
ACC236ba73fcf,,False,
ACCfb1edcd365,,False,
ACC9947fa5f9f,,False,
ACCb874cf15ff,,False,
ACC867f799599,,False,
ACCcc753bf4a4,,False,
ACCe47a2386d5,,False,
ACC1876da0a82,,False,
ACC3424819a4c,,False,
ACC1df8f9cb7d,,False,
ACCd0662721cc,,False,
ACC32ba2752c8,,False,
ACCf8381abaf8,,False,
ACCa0e08958ca,,False,
ACCe4e23240a2,,False,
ACCbaa599e549,,False,COINC0029
ACC6e85534506,,False,
ACC51bc836bba,,False,
ACCb3bb59c142,,False,
ACC7de24bab45,,False,
ACC21c031b9b7,,False,
ACC987dbf6d3e,,False,
ACC61c0363a12,,False,
ACCe011857302,,False,
ACC49c9fb4822,,False,COINC0048
ACC95c4a2f8da,,False,
ACC84cc231907,,False,
ACC13c763467f,,False,
ACC5150dee06f,,False,
ACC7bbc4b4047,,False,
ACC0229802e3f,,False,
ACC509dcf41fd,,False,
ACCd4eedb5e87,,False,COINC0002
ACC1472ab9b3b,,False,
ACC24047541bd,,False,
ACCa75156478d,,False,
ACCfe0c31c1d2,,False,
ACC59946b1545,,False,
ACC119d7321ff,,False,
ACCa607b1f084,,False,
ACCdb63ee30b2,,False,
ACC10fc7e2349,,False,
ACC4fd64323e4,,False,
ACC8f4deb0f4e,,False,
ACC3753eefa2b,,False,
ACCfec70dc315,,False,
ACC9a28571df3,,False,
ACC35d004d377,,False,
ACC39a083d2fd,,False,
ACC9239bdbcc8,,False,
ACC830171e99f,,False,
ACCdca822e01c,,False,
ACC7daaff578f,,False,
ACCd59d9a4196,,False,COINC0041
ACC3c8103d82f,,False,
ACCd37059f721,,False,
ACC06ff0ec806,,False,
ACC6602aeccc5,,False,
ACCe63139695b,,False,
ACC667a5be7dc,,False,
ACC57e66d42ec,,False,
ACC640cd56c1a,,False,
ACCbd250c54a6,,False,
ACC1701e9da49,,False,
ACC0b2dd5ef7a,,False,
ACC0dfc59aba9,,False,
ACC3c6bbf512e,,False,
ACC0e2fae4cf6,,False,
ACC41619341a9,,False,
ACC5fcda8b77a,,False,
ACC8eae33ce23,,False,
ACC79dabbb557,,False,
ACC82aab32d4e,,False,
ACC9ae273295e,,False,
ACC7a6453ea27,,False,
ACC61aa57ee9e,,False,
ACC91321e09f1,,False,
ACC518e012c31,,False,
ACC129a426e87,,False,
ACC8b939e20ce,,False,
ACC808ee33d0d,,False,
ACC896ed10360,,False,
ACC746910925f,,False,
ACC85cbf5345c,,False,
ACC0c67625116,,False,
ACCb1f04a316e,,False,
ACC2816c6e74f,,False,
ACCd0bd58f854,,False,
ACCdc2ea955e2,,False,
ACC18ea9d0f87,,False,
ACC39aa6c4224,,False,
ACCb800e6dcca,,False,
ACC4ff087e792,,False,
ACC459302f0ca,,False,
ACC7d633e3706,,False,
ACC864c5d1c2b,,False,
ACC7f852ba444,,False,
ACC67601936d2,,False,
ACC7c4ffb1f57,,False,
ACCc79c7c7fd6,,False,
ACC93108ba0cb,,False,
ACC917de627a5,,False,
ACCb5128de511,,False,
ACC2a8556db3a,,False,
ACCa1360162b9,,False,
ACCecb4f0d62e,,False,
ACC85232bde04,,False,
ACC74dc8375d0,,False,
ACC54121becf9,,False,
ACC5b5ffcc3e0,,False,
ACC284671f033,,False,
ACC3d2d5ffc45,,False,
ACCbda3bfb15f,,False,
ACC6a4003b358,,False,
ACCf54d119598,,False,
ACC4be78ea040,,False,
ACC4fbe1746ac,,False,
ACCa8a0f43678,,False,
ACCf5c42ee19e,,False,
ACCa26f2e93b8,,False,
ACCb226f3ba22,,False,
ACC63c0e970b0,,False,
ACCf80885afd1,,False,
ACC4cd34d40fd,,False,
ACC998546a6ff,,False,
ACCde2e711d5d,,False,
ACC15f089990b,,False,
ACC365a47baea,,False,
ACCba7432cabc,,False,
ACC4af3f65dd3,,False,
ACC1cf4e1688d,,False,
ACC7ec76debdc,,False,
ACC2fe6d95526,,False,
ACCe8037c130e,,False,
ACC412e702105,,False,
ACC2ca1960488,,False,
ACCab24360280,,False,
ACCb6f0cf439c,,False,
ACC0748de796f,,False,
ACCb26a9f6743,,False,
ACC5eb89514bb,,False,
ACC4cd5edccdd,,False,COINC0049
ACCc7239e1a04,,False,
ACC46a5221726,,False,
ACC8e9c3ceb5e,,False,
ACCc4d81a7d74,,False,
ACC0d226188f8,,False,
ACC9f1e502225,,False,
ACC6769658296,,False,
ACC533bea07d7,,False,
ACC1ca137456d,,False,
ACCda85cf9c03,,False,
ACCaa2acd8585,,False,
ACCa3812dc932,,False,
ACC97116a7a4d,,False,
ACC58112194b0,,False,
ACC858cc39de0,,False,
ACCd19fe359e0,,False,
ACC2ec37c672b,,False,
ACCf3408163b7,,False,
ACC4c1cdd763f,,False,
ACC4ce2e70c2c,,False,
ACC9d25f03746,,False,
ACC99ee3c6114,,False,
ACC184bea7521,,False,
ACCe29b044aef,,False,
ACCe7f12d3368,,False,
ACC10df9cef9f,,False,
ACC43efe3bea5,,False,
ACC1e81989722,,False,
ACC0d0cf19d4d,,False,
ACCb122a930e8,,False,
ACC1becf1fc18,,False,
ACC35acff9d5c,,False,
ACC597361276d,,False,
ACCc4463edbf4,,False,
ACCb89d882b1c,,False,
ACC4aaf19985d,,False,
ACC6066d00b82,,False,
ACCeaee9e7a0d,,False,
ACCaa62a23784,,False,
ACC055d8c500f,,False,
ACC4b1e8e485c,,False,
ACC241836291d,,False,
ACC86f61340f2,,False,
ACCa3e393ec73,,False,
ACC26ed56e6ed,,False,
ACC790f307cfe,,False,
ACC9964fbb295,,False,
ACCf3b080d875,,False,
ACCc2059ec522,,False,
ACC83d7d0668f,,False,
ACCbc8189821b,,False,
ACCbc14ca8945,,False,
ACC28f9b78fc3,,False,
ACC7ebb808ffd,,False,
ACC22a1e216bd,,False,
ACC4a49f97350,,False,
ACC4d56701c5d,,False,
ACC5f9709be6f,,False,
ACC400c9d0f8e,,False,
ACC7d062ce7ff,,False,
ACCb71c9b2e1a,,False,
ACC5fd8bfe9b0,,False,
ACCee0622d36a,,False,
ACC6567ce05ea,,False,
ACC3e5f0e8d28,,False,
ACCf95e1bcd4d,,False,
ACCc4e32a01ca,,False,
ACC7bad8cce9f,,False,
ACCee7b86effe,,False,
ACC991c2ccbb3,,False,
ACC80c3ca6968,,False,
ACCf2536926c8,,False,
ACC65fdc73834,,False,
ACCf853abcec9,,False,
ACC23d6ab5d80,,False,
ACC22c45488d6,,False,
ACC162e3c99ef,,False,
ACCca85b456b6,,False,
ACC88abfb9c05,,False,
ACC97599f69d2,,False,
ACCe453bff642,,False,
ACCe951d5cd2a,,False,
ACC9081ac125e,,False,
ACC7d5a54b6a6,,False,
ACC06511fba0f,,False,
ACC8259592bd3,,False,
ACCb4cb1cbfcc,,False,
ACC20d25fc611,,False,
ACCb1f8bda3cd,,False,
ACC6a272498df,,False,
ACC488c923bdf,,False,
ACC2424131d3a,,False,
ACC60bc31ffa0,,False,
ACC645e34c3b9,,False,
ACC7f6ff85500,,False,COINC0038
ACC93ccfba293,,False,
ACC3818c67834,,False,
ACCa48a8794b6,,False,
ACC8af1683555,,False,
ACCe04d54c241,,False,
ACC7249998428,,False,
ACC3dad298195,,False,
ACCbb5f571341,,False,
ACC6f5bca4ee4,,False,
ACC763a387d9c,,False,
ACCb265ff37b3,,False,
ACCcdd47db532,,False,
ACC367e5bd342,,False,
ACCfc8d701f3c,,False,
ACCbe3fd03319,,False,
ACC7bce2c857c,,False,
ACC9ff16fdd15,,False,
ACC2958820ee3,,False,
ACC5ed944613f,,False,
ACC71ccaac8dd,,False,
ACC1169aa21bf,,False,
ACC8e5a88d6ca,,False,
ACCe06e5d901b,,False,
ACCe1e7dfca49,,False,
ACC4ad881ee48,,False,
ACC3df9a5d7ea,,False,
ACC7fc2ced2b0,,False,
ACCc251c53aac,,False,
ACCb85a87f6ec,,False,
ACC11115ecfde,,False,
ACC1c5d3c65c6,,False,
ACCc6af69a564,,False,
ACC2b8da76d74,,False,
ACCe76fdb8ef1,,False,
ACC3eed06943e,,False,
ACC9960c6fb95,,False,
ACCf4acff2a86,,False,
ACC803558a6d0,,False,
ACC4896c880cd,,False,
ACCb81701111b,,False,
ACC2eaf296315,,False,
ACC1ab3477e21,,False,
ACC1019350d16,,False,
ACC843a3f4450,,False,COINC0049
ACCf21e213890,,False,
ACC66458a8358,,False,
ACC39d6ff0adc,,False,
ACC9e27ac8241,,False,
ACCb06d4ba906,,False,
ACCe9473afb3e,,False,
ACCfab74f9bef,,False,
ACC2c52b017fe,,False,
ACC02d34c70e7,,False,
ACCd388f1c3f8,,False,
ACCff3152827f,,False,
ACC5787d58513,,False,
ACC82c9fcf3d8,,False,
ACC3aa20dd67a,,False,
ACC1602e17b89,,False,
ACC2a51621cda,,False,
ACC06d993cd7e,,False,
ACC7218499893,,False,
ACCee77996959,,False,
ACC1d8c724e38,,False,
ACC69afa61384,,False,
ACC030b87829f,,False,
ACCcc7f33e62e,,False,
ACC9b207372e3,,False,
ACC03ae136b56,,False,
ACCec6f6d0eda,,False,
ACC7883a01ba1,,False,
ACCd0f781f893,,False,
ACCbc0c7ee428,,False,
ACC3a9e9ca327,,False,
ACC39229d62ba,,False,
ACCbdd298a018,,False,
ACC3bb7d65940,,False,
ACCd0ec062267,,False,
ACC2a904070d1,,False,
ACC4deac81a98,,False,
ACC041d13df9f,,False,
ACC6929274cc8,,False,
ACC2304b6547e,,False,
ACC4e3f855c74,,False,
ACCf52d002070,,False,
ACCdcf38770af,,False,
ACCc3c5052526,,False,
ACCcc165f9316,,False,
ACCefc9786a01,,False,
ACCf28d01a6a7,,False,
ACC610f551277,,False,
ACCe36299e091,,False,
ACC4d773aaccf,,False,
ACCc224c93461,,False,
ACC2053ca92f0,,False,
ACCd67cb96311,,False,
ACCc1b8e5cd11,,False,
ACCacdb6ca6c5,,False,
ACC175b9f3e10,,False,
ACCa17142858f,,False,
ACC3836edfb67,,False,
ACCacc906a3f2,,False,
ACCab2f16379d,,False,
ACC40eabfabac,,False,
ACCc829670d47,,False,
ACCd55cac89f2,,False,
ACCef046fa699,,False,
ACCa168162ac3,,False,
ACC0d9457e790,,False,
ACC55a1c4e561,,False,
ACC049d67d917,,False,
ACC53417d30b5,,False,
ACC8e96fed738,,False,
ACC442f3ee505,,False,
ACC5bc1d9970c,,False,
ACCb3f0642ee5,,False,COINC0029
ACC67738a89d4,,False,
ACC458ef0f6cf,,False,
ACC77fd4784a2,,False,
ACCe149986199,,False,
ACCfc75760a02,,False,
ACCff1c742804,,False,
ACC43c6a4987b,,False,
ACC7214a8077b,,False,
ACC3ef6160a94,,False,
ACCfc26fd77f9,,False,
ACCfd9a00f668,,False,
ACCd94dda1055,,False,
ACCc53f734e08,,False,
ACC68fa3cdbf8,,False,
ACC3e6e255ca7,,False,
ACC7eb5b3504d,,False,
ACC79beb49be4,,False,
ACC5ea5466129,,False,
ACCc3b017a65c,,False,
ACC83d336bd67,,False,
ACC53696a2767,,False,
ACC3ea19023b1,,False,
ACCc7ae524043,,False,
ACC26e8028d80,,False,
ACCe3312883ae,,False,
ACC682ffc1047,,False,
ACC7c11b3523c,,False,
ACC0ca4c1fe06,,False,
ACCad6b825817,,False,
ACC436d3b3b2b,,False,
ACC2184d9a009,,False,
ACCe1eeb0c39d,,False,
ACC156d984244,,False,
ACC43fcc4e688,,False,
ACC8cfbb25998,,False,
ACC61cabb552a,,False,
ACCb6c1d14cdd,,False,
ACC582f4da466,,False,
ACCe79fea8ff0,,False,
ACCcc20054e27,,False,COINC0013
ACCeba2dc559a,,False,
ACC61f0e83c00,,False,
ACCa04e7a4d64,,False,
ACCff5f50b6f1,,False,
ACC2b07bb4e21,,False,
ACCf84f0ea3cb,,False,
ACC8a984ce29a,,False,
ACC9f1700b151,,False,
ACC51997c356b,,False,
ACCf00b708689,,False,
ACC3744ff1ff3,,False,
ACC13930d808b,,False,
ACC9577dc28b2,,False,
ACC4552be52aa,,False,
ACC331fdeebce,,False,
ACC54af464bae,,False,
ACCfd2bcbe011,,False,
ACCca559790a3,,False,
ACC06cb2727ef,,False,
ACC66f2705f4b,,False,
ACC85dfe00e84,,False,
ACCace053ad02,,False,
ACCe96a4e55e0,,False,
ACC4b81f3e07f,,False,
ACC734e01830e,,False,
ACCd669b9df4f,,False,
ACC41d05dc38f,,False,
ACCb08180d91e,,False,COINC0010
ACCfac52976cc,,False,
ACCa2fd45858f,,False,
ACCb997e088d8,,False,
ACC2453bcd4b3,,False,
ACC2743c3b329,,False,
ACCc11821a241,,False,
ACCaf12f9758f,,False,
ACC0eded65cc5,,False,
ACC3de9515d19,,False,
ACC0f74a11b3c,,False,
ACC1fecae99c1,,False,
ACC51a266a366,,False,
ACC5b21aa0535,,False,
ACC76e596cefc,,False,
ACC14eee78099,,False,
ACC6b5b08fcf9,,False,
ACC034149f75a,,False,
ACCdf1d505f16,,False,
ACC820c1ce23f,,False,
ACC3234774f08,,False,
ACC75658dcf58,,False,
ACC2513301e3a,,False,
ACC76342cb081,,False,
ACC8df9cf08be,,False,
ACCf57099b36b,,False,
ACCd934f89ee3,,False,
ACC25c483f828,,False,
ACCe27189978d,,False,
ACC7858a89e0d,,False,
ACC9b529fe7cf,,False,
ACC865c54aff5,,False,
ACCdbf0ae5af7,,False,
ACCc1b1e37f33,,False,
ACCc498a9914c,,False,
ACC07a81db63a,,False,
ACC40461c2071,,False,
ACC2ef9d10486,,False,
ACC88a5e0b4c6,,False,
ACC088aadaaa7,,False,
ACC2dc04c5e04,,False,
ACCc9b5dfbec1,,False,
ACC365171fe78,,False,
ACC0599f9572e,,False,
ACC096ba693cc,,False,
ACC31290d6ff3,,False,
ACC8cc0b01116,,False,
ACCb095b79695,,False,
ACC3b806a91aa,,False,
ACC2087ea497e,,False,
ACC9f7f6b16d9,,False,
ACC028145c4a1,,False,
ACC75f68d3e1f,,False,
ACCb2d71a3a93,,False,
ACC574db5cf9f,,False,
ACC2fdabdac97,,False,
ACC5849e5495c,,False,
ACCb689cb4580,,False,
ACC2ef6ffa78c,,False,
ACCe67373809d,,False,
ACC0e1a4db462,,False,
ACC47ae2e45c4,,False,
ACC7507588491,,False,
ACCac9fc42434,,False,
ACCa9a80a5443,,False,
ACC566425a49c,,False,
ACC736e954957,,False,
ACC43d7040fa5,,False,
ACC451f1456ec,,False,
ACC7a64e7b03d,,False,
ACCf92553f32b,,False,
ACCa360443b06,,False,
ACC624d564c79,,False,
ACC3230ade1ac,,False,
ACC69b31f60ee,,False,
ACCf1daad9708,,False,
ACCaafa53c715,,False,
ACCd056451dd1,,False,
ACCd69593e2ae,,False,
ACCca964bbba1,,False,
ACC86006becf0,,False,
ACC97dcad4e09,,False,
ACC7a831529a1,,False,
ACC3155a233d6,,False,
ACCad8af6aa0a,,False,
ACC60b2af3178,,False,
ACC90cccbfa53,,False,
ACC635805bfd8,,False,
ACC23bf5d0746,,False,
ACC10d2486eae,,False,
ACCbaaaa46be4,,False,
ACCdb56025001,,False,
ACC44e4b0ca1e,,False,
ACCeb493ca099,,False,
ACC34b1cf00ec,,False,
ACC61b4267062,,False,
ACCbd8a2b9f4d,,False,
ACC04c4fd7006,,False,
ACC4bcea08f13,,False,
ACC56e1f735af,,False,
ACC5c33f64fd8,,False,
ACCa0b466d9ba,,False,
ACC4982d696ef,,False,
ACCa1e24e3b18,,False,
ACCdd8d0e109f,,False,
ACC8ac58376e1,,False,COINC0009
ACCdecf83f785,,False,
ACCbc9df4f9d7,,False,
ACC9408f9ad70,,False,
ACC7f8d5a4fc9,,False,
ACCf88ac2ef5c,,False,
ACCae9b4f183f,,False,
ACCb661f3d748,,False,
ACCb20869f43b,,False,
ACCfcf1f5e678,,False,
ACC51f9f3f77c,,False,
ACC6583c25cec,,False,
ACC666e79ba13,,False,
ACCec04feb00a,,False,
ACC08f633d5be,,False,
ACC36b1d37a3d,,False,
ACC1a8cf4043f,,False,
ACCa056efe129,,False,
ACCaec7432c01,,False,COINC0035
ACC14b2031c87,,False,
ACC47ddaa9654,,False,
ACC381d11e6b3,,False,
ACCc416249c41,,False,
ACCd126288961,,False,
ACCddd713f1bd,,False,
ACCe1986aeaa3,,False,
ACC3a7c258278,,False,
ACC4e8d44ec21,,False,
ACC66c01b6c10,,False,
ACC593adabb8d,,False,
ACCbfa7040b62,,False,
ACC74c72659e3,,False,
ACC58064e684a,,False,
ACC94e113648f,,False,
ACC4e37ebc095,,False,
ACC48c4ee0226,,False,
ACCff7c8470ec,,False,
ACC629dc7d08e,,False,
ACCebd6de20fd,,False,
ACC3806aa3768,,False,
ACC8332e27ff1,,False,
ACCdb8375a53c,,False,COINC0006
ACC2fe990543b,,False,
ACC918323cec2,,False,
ACC78058a3524,,False,
ACC00b5d74fbc,,False,
ACCc17fa81cd4,,False,
ACCc64aacc369,,False,
ACCa039719e2b,,False,
ACCc8730e3c25,,False,
ACC6e4a5b0380,,False,
ACC75eddce16c,,False,
ACCe393fd6a3e,,False,
ACC4955d47fec,,False,
ACCc129f1eb3c,,False,
ACC18ebd7d90f,,False,
ACCdba0552521,,False,
ACC164ed23509,,False,
ACC0d64995815,,False,
ACC72fbc30f61,,False,
ACC0815cc4f65,,False,
ACC0cd081fbc0,,False,
ACCc5914b91d8,,False,
ACC26d61fd475,,False,
ACC39b27b89f3,,False,
ACC4bbe998431,,False,
ACC6233c8d60c,,False,
ACC8cf9be04c9,,False,
ACC6d7f2cd9d4,,False,
ACC8131af2ffa,,False,
ACC781f97bf27,,False,
ACC5bdf52b2ae,,False,
ACC93cc904081,,False,
ACC39fd1d334f,,False,
ACC1933e86569,,False,
ACCb9dd99a587,,False,
ACC50d6c5769a,,False,
ACC99bc4bbf41,,False,
ACC495ece04d6,,False,
ACCe54ac3fbb8,,False,
ACCde8affa45d,,False,
ACC9b58972b6b,,False,
ACC4aaac2ad56,,False,
ACC5ce6e02877,,False,
ACC42b37fbe5b,,False,
ACC78657709a7,,False,
ACCb8e979eba7,,False,COINC0011
ACC58158bf38a,,False,
ACCaeb71561eb,,False,
ACC25b59aaa91,,False,
ACC3f5216cd62,,False,
ACC1174a51f32,,False,
ACC60e48eee9d,,False,
ACCe9779c626d,,False,
ACC92ef9b69fd,,False,
ACCce1df893e3,,False,
ACCfc3ca592ce,,False,
ACCc51cd634c2,,False,
ACC229eabfb58,,False,
ACCf49d5cc249,,False,
ACC319ce77f6d,,False,
ACC460803dafb,,False,
ACC6ad3f3ea52,,False,
ACC175448e354,,False,
ACC6060a95c68,,False,
ACCaf691bf11e,,False,
ACCf3aea26678,,False,
ACCf35d45d9cb,,False,
ACCe5fcd95dcb,,False,
ACC2be9121b31,,False,
ACC7f3141cc26,,False,
ACC9aa44638a8,,False,
ACCfffdff40e6,,False,
ACCac08c246d5,,False,
ACC854c5392b4,,False,
ACC0f94ecd8c5,,False,
ACC73ac9375c6,,False,
ACC0c5c9da6c8,,False,
ACC16ef7b697e,,False,
ACC0dcbafcd43,,False,
ACC777b3ca917,,False,
ACCd1f5b5da3a,,False,
ACC5f3fdbf0eb,,False,
ACC70292fe49a,,False,
ACCa65b1dad65,,False,
ACCbdc394e7cd,,False,
ACC137e086711,,False,
ACC2224e0c245,,False,
ACC1e1dcc7270,,False,
ACC7e6db66609,,False,
ACC50336ba0c6,,False,
ACC5dd61dab41,,False,
ACC4c9b5b8178,,False,
ACCf44637c7bc,,False,
ACC48258a65f7,,False,
ACCcce0db0ba3,,False,
ACCabcc3c0d2e,,False,
ACC0a3c9727de,,False,
ACCdefd9e007b,,False,
ACC31f7e0f960,,False,
ACC5c1e9c6e24,,False,
ACCa76473055d,,False,COINC0003
ACCdfe27fadcd,,False,
ACCfd37963871,,False,
ACC1332a9b3dd,,False,
ACCe51032505e,,False,
ACC2610449afd,,False,
ACC4e136d40a2,,False,
ACCc5fdd5bcc0,,False,
ACC7798d5e8b7,,False,
ACC1af1abe8e8,,False,
ACC54be287b5b,,False,
ACCa389504556,,False,
ACC71da6d1eb8,,False,
ACC74a2bb08ef,,False,
ACC592429bd65,,False,
ACC67f9ea8f90,,False,
ACC2f4be919b4,,False,
ACC774f2ef033,,False,
ACC2493278e9c,,False,
ACC956db39319,,False,
ACCfc9040b2c5,,False,
ACC0c7002a2d0,,False,
ACC5fe3330c82,,False,
ACC70b35a32b4,,False,
ACC84f1273650,,False,
ACCd7054473b6,,False,
ACCa86c78bf74,,False,
ACCac2515ccc2,,False,
ACCf17380fa5e,,False,
ACC8642fd6952,,False,
ACCe5b7e2f0ff,,False,
ACC141aeadd9c,,False,
ACC565ce434d0,,False,
ACC2eb5f62674,,False,
ACCe5ee5b3f48,,False,
ACC3af7e87f5b,,False,
ACC4b618d8e32,,False,
ACC45c7b118c8,,False,
ACC3d8130c48b,,False,
ACCe338b512a3,,False,
ACC84290a438b,,False,
ACC56bdc1e204,,False,
ACC6d13a0f1bf,,False,
ACC6effbe144b,,False,
ACC61affb698f,,False,
ACC38617dae70,,False,
ACC1f00909f7c,,False,
ACCbe5aeecca8,,False,
ACC1a6ca18feb,,False,
ACCf2c1674d1c,,False,
ACC1cf98b0838,,False,
ACC733d6fd215,,False,
ACCd18bd3ba22,,False,
ACCff8e960886,,False,
ACC358af77d99,,False,
ACCf233e8fb2e,,False,
ACC406432aa9c,,False,
ACC86cc6313dc,,False,COINC0027
ACC8983b49edb,,False,
ACC52db07173e,,False,
ACC1b88fa71eb,,False,
ACC1309ce92f5,,False,
ACC5835aff9ba,,False,
ACC7e9ba3074e,,False,
ACC75614ea1a0,,False,
ACCeb9a74c700,,False,
ACCd19470dfba,,False,
ACC93f712a591,,False,
ACCd896544921,,False,
ACCa5e7df74fd,,False,
ACCb7a703b6f4,,False,
ACC196973c1b9,,False,
ACC70b963f8d1,,False,
ACC295d58a07f,,False,
ACCb8e4e416ad,,False,COINC0005
ACCdafe2994b3,,False,
ACCbc2c9f0b3e,,False,
ACC1dac47ccf7,,False,
ACCcd0208b498,,False,
ACC04cc72109f,,False,
ACC3debadaa39,,False,
ACCc53d110db2,,False,
ACC7b331e835f,,False,
ACCdc7aeb60a7,,False,
ACC259c681311,,False,
ACC95334738a3,,False,
ACC917768ab3a,,False,
ACC78f849f6a1,,False,
ACCe23e0b5943,,False,
ACC418efc0344,,False,
ACC06eb466a19,,False,
ACCe254530f9e,,False,
ACCd8f96efccd,,False,
ACC536ef86626,,False,
ACC1f47f1c514,,False,
ACC9dd56d0981,,False,COINC0022
ACC3bc0541c7b,,False,
ACCcb1d522e33,,False,
ACCa01b8ee029,,False,
ACCc86e560d7b,,False,
ACCb400537374,,False,
ACC2b89760772,,False,
ACC7b94061309,,False,COINC0006
ACC1e0c9eecdd,,False,
ACC7974ba1097,,False,COINC0003
ACC58c4eaa36b,,False,
ACCd5fcf144d1,,False,
ACC1ddd4a5646,,False,COINC0030
ACCc3eddbd90d,,False,
ACC00ec3df96d,,False,
ACC7043864d06,,False,
ACC57f2e5fea5,,False,
ACCf09d609bcb,,False,
ACC52abe05048,,False,
ACC701a6bfd30,,False,
ACC47618e6b5c,,False,
ACC4cf394620a,,False,
ACC31d11f6c0e,,False,
ACCbd39868473,,False,
ACCa758ae786d,,False,
ACC25143d3c5d,,False,
ACC8e83cc34f1,,False,
ACCb39e43c21e,,False,
ACC9733c91dac,,False,
ACC137a118ee3,,False,
ACC43b04574d6,,False,
ACCf120b24bff,,False,
ACC730cada3ca,,False,
ACC7690e2e6d9,,False,
ACC3e62481a1a,,False,
ACCc50e88f03d,,False,
ACC0107e5608c,,False,
ACC7ccfd7aac8,,False,
ACCce0bb3c3dc,,False,
ACC7d408c5f06,,False,
ACCcba405a9f6,,False,
ACC5a5b86f990,,False,
ACCdfae8256c7,,False,
ACC7ee8fb989b,,False,
ACCed92b95aa5,,False,
ACC289107ac4d,,False,
ACC834ce1cc18,,False,
ACC575138ca64,,False,
ACCd0f8cbf4e9,,False,
ACCa3a316314f,,False,
ACC8327c7e33f,,False,
ACC1f8ceb6ee6,,False,
ACCa380cd0ca8,,False,
ACCcbcda9690c,,False,
ACC9d1031fc9c,,False,
ACCc96268f097,,False,
ACCe3fe97785d,,False,
ACCd1add87e12,,False,
ACCf8c3f6cd59,,False,
ACCd445bbf60f,,False,
ACC6708b7e160,,False,
ACCcd4e6a6211,,False,
ACC19432ad8a1,,False,
ACCec766fc00a,,False,
ACCdcdb4af879,,False,
ACCb62a704e35,,False,
ACC28086e6334,,False,
ACCdc785feb2f,,False,
ACCc1c973da21,,False,
ACC1637c7fc73,,False,
ACC766998c33e,,False,
ACCa2a70c4afb,,False,
ACC7c9d34c0d4,,False,
ACC3115667286,,False,
ACC5d45fc027f,,False,
ACC2dafa06aca,,False,
ACCd07d42a841,,False,
ACC2d0b98f377,,False,
ACCe219122391,,False,
ACC62087a077c,,False,
ACC45196ac143,,False,
ACC8ac6539405,,False,
ACC79b87becd5,,False,
ACCe8bbb158e7,,False,
ACCd6100019d8,,False,
ACC0bfebb556a,,False,
ACC455b38c9b2,,False,
ACC9d2e974874,,False,
ACC79fe2fd1f3,,False,
ACC61b19053bb,,False,
ACCd34ab2db9a,,False,
ACC40e7efa2e6,,False,
ACC5d0c014ff8,,False,
ACCeb884721bd,,False,
ACC4d8cd4a9f8,,False,
ACCa0aabfb518,,False,
ACC5922194298,,False,
ACC692e92800f,,False,
ACC99af2886f1,,False,
ACC6a372e4201,,False,
ACCdaaa94b900,,False,
ACCf3aa4131dd,,False,
ACC710fa2fbe6,,False,
ACCeb2885277a,,False,
ACCb399121b6e,,False,
ACC185c7de745,,False,
ACC1853bbd232,,False,
ACCbfa438645d,,False,
ACC9171063830,,False,
ACCc6c41d31b6,,False,
ACCe8e87ef355,,False,
ACC2ca665fcfc,,False,
ACC12819a46dc,,False,
ACC45a7ebbd9f,,False,
ACC07a0fee14f,,False,
ACCa70037a1bb,,False,
ACCfaa0a72e54,,False,
ACCd260bc1007,,False,
ACCa1ec6f4389,,False,
ACC511931f9fe,,False,
ACCaced97fc49,,False,
ACC87c60e4042,,False,
ACC1b95c0a103,,False,
ACC0dc85b9d9f,,False,
ACC811959f48a,,False,
ACC371ebd3540,,False,
ACC37a0518b08,,False,
ACCfcd2538b1e,,False,
ACCf9a2ff4ee7,,False,
ACC4110ee9587,,False,
ACC9beba2e62e,,False,
ACC10a99b264b,,False,
ACC7a6ae44e5b,,False,
ACC9d34c2a2b9,,False,
ACCc434579b04,,False,
ACC8d5cb0d94d,,False,
ACC8fe4cb9e1b,,False,COINC0030
ACCd1a4a59481,,False,
ACC33e0bfbfb5,,False,
ACC696af369fe,,False,
ACC08b1bf0a95,,False,
ACC1c21ac2a72,,False,
ACC132641333e,,False,
ACCd497b86704,,False,
ACCd4d036b2c1,,False,
ACC28687510af,,False,
ACC410c54a2d0,,False,
ACC4733386369,,False,
ACC2496353fd4,,False,COINC0049
ACC716fae9bd5,,False,
ACCdc8c0d4478,,False,COINC0020
ACC2e79c3c3bc,,False,
ACC8b3bbfbf10,,False,
ACC1afab4c0c3,,False,
ACCf8d0b0a012,,False,
ACC5295f73e0a,,False,
ACCbf81136785,,False,
ACC72d206a87b,,False,
ACC1c20773b06,,False,
ACCb71966c652,,False,
ACCc8b2d4b303,,False,
ACC0ebc9c9707,,False,
ACCc2584ad10a,,False,
ACC710702ac6b,,False,
ACC930e4eef7d,,False,
ACC24efe18904,,False,
ACC6a06d3710c,,False,
ACC13ddaae44c,,False,
ACCaad995fb3a,,False,
ACC846774b4fe,,False,
ACC2cdf0eab19,,False,
ACC12777cec47,,False,
ACCd8087e5545,,False,
ACC93338cdf2b,,False,
ACCa35745f748,,False,
ACC1d4ebe7aab,,False,
ACCccbcdf8d16,,False,
ACCdfdfb828c2,,False,
ACC7c41d0e7b4,,False,COINC0025
ACC6838e6265b,,False,
ACC67fd298439,,False,
ACC090a2fd0cf,,False,
ACCec0f86032d,,False,
ACCa8293e182c,,False,
ACCacf25f386a,,False,
ACC40e2b3f1d1,,False,
ACC2056875896,,False,
ACCfcedb7d728,,False,
ACC153571a815,,False,
ACC1c1f5dd9bd,,False,
ACCc03ff09a8a,,False,
ACC43ca7587c3,,False,
ACC7031279db2,,False,
ACCef2ecc9415,,False,
ACC019d69ec13,,False,
ACC76e7522709,,False,
ACCa668f4ab76,,False,
ACC74f1f41f27,,False,
ACC3289971d3e,,False,
ACCee7764ae5b,,False,
ACCace536b9d2,,False,
ACC128ac98d7d,,False,
ACC10aea9088e,,False,
ACC8b71ca6419,,False,
ACC6951059440,,False,
ACC97fab91e58,,False,
ACCfc28ea87f6,,False,
ACC55b1b33aa8,,False,
ACC86e6179639,,False,
ACC4406cf8066,,False,
ACC9d50192025,,False,
ACCf29cd197ec,,False,
ACC119a3372bc,,False,
ACC97fcbf137a,,False,
ACC6ad2774a26,,False,
ACC0832e18c0e,,False,
ACCdadad3de9b,,False,
ACC6947372fdd,,False,
ACCd58fef2a1d,,False,
ACC3126b898ac,,False,
ACC1722461fd4,,False,COINC0043
ACC1ec4975a11,,False,
ACC66616a9cfa,,False,COINC0013
ACC576547a813,,False,
ACCe1aa7e08d0,,False,
ACC9a5c264e36,,False,
ACCd9382b73d9,,False,
ACCee8b8a077e,,False,
ACC0b31006043,,False,
ACC6198582dd6,,False,
ACC9792dc7f00,,False,
ACCfa87f94ae4,,False,
ACCf610d804d5,,False,
ACCb77a0ccd36,,False,
ACC50061d5202,,False,
ACC3935e1432e,,False,
ACC28673ead84,,False,
ACC858533b1e9,,False,
ACCffaaaebeb5,,False,
ACC607ddf4db6,,False,
ACC17f01f9d87,,False,
ACCcea54e69da,,False,
ACC228dd2c2df,,False,
ACCc4c0244d4a,,False,
ACCcc5d58fd54,,False,
ACCac544d33dc,,False,
ACCbbf0f6dddf,,False,COINC0027
ACC0805c37904,,False,
ACC205316f63e,,False,
ACC4acdb9015c,,False,
ACC21c8653c4e,,False,
ACCb198a635a6,,False,
ACC23c574e2c9,,False,
ACC0d6a414228,,False,
ACC5eb32a0648,,False,
ACC381623e163,,False,
ACCed3f487181,,False,
ACC71db2e6816,,False,
ACCce19162ec4,,False,
ACC1bdb86a84b,,False,
ACCcbfb200214,,False,
ACCcb46d8a56c,,False,
ACC5d2e4d094c,,False,
ACC7ed8df4dcf,,False,
ACCfb08d73b27,,False,
ACCe20ad281bf,,False,
ACC0dd206a2f7,,False,
ACCe7baab245f,,False,
ACC077d3a8c20,,False,
ACC520f79e6d2,,False,
ACCc55bcf167e,,False,
ACCad1fd09c2d,,False,
ACCea7c07a83e,,False,
ACC3c4017caa8,,False,
ACC2ec8bc574c,,False,
ACC99d85f7252,,False,
ACC223963aeb3,,False,
ACC3648965f88,,False,
ACC0d4163cf69,,False,
ACCbf852e218a,,False,
ACCd04b6ec4d6,,False,
ACCf7d96233e0,,False,
ACCd5c68973f8,,False,
ACC043ba1c1bf,,False,
ACC6a246d6a49,,False,
ACC9fd14d2bbd,,False,
ACC6ac207dd29,,False,
ACCf9b45f7467,,False,
ACCf3c2659f2a,,False,
ACC044aaa4546,,False,
ACCef6a6fd8b2,,False,
ACC6096034a10,,False,
ACC4a1831d71e,,False,
ACCa532f6a84c,,False,
ACC40b34dfcd1,,False,
ACC6f2ad4bcef,,False,
ACC969b2a6a7e,,False,
ACC7d4a149da1,,False,
ACCb92124466e,,False,
ACCdbeebac063,,False,
ACC59ec8baa11,,False,
ACC282825c2fc,,False,
ACCfe15cccf0b,,False,
ACCc1c4bab38e,,False,
ACC7a18ba73ce,,False,
ACC2594a7beb2,,False,
ACC35b65123f9,,False,
ACCdb057ce846,,False,
ACCfbf9355ff2,,False,
ACC2ee22dd340,,False,
ACC12882bdbcf,,False,
ACC1167415238,,False,
ACC6fbdc22a93,,False,
ACC4ad54da614,,False,
ACC1eba350e9e,,False,
ACCe206a53f8a,,False,
ACC56e6f98711,,False,COINC0026
ACCc1062766a6,,False,COINC0003
ACCfc5399e6e7,,False,
ACCc68adfbf6b,,False,
ACC4136f825c9,,False,
ACCa15423ff21,,False,
ACCe65ec1a2a2,,False,
ACC23469960e6,,False,
ACC904f410fc6,,False,
ACC6789033ae3,,False,COINC0002
ACCd4b00b4be9,,False,
ACC4d104e814c,,False,
ACC9e50a7af2d,,False,
ACCfd80de9bf3,,False,
ACCc7339816dc,,False,
ACC436de91cae,,False,
ACC570ca0d75a,,False,
ACC40ca333786,,False,
ACCbb8ff983c2,,False,
ACC0c568adea3,,False,
ACCd74932adf6,,False,
ACC6f4bf089f1,,False,
ACCdfd7d4ba5d,,False,
ACCf27dfd27c2,,False,
ACC0f3858312f,,False,
ACCc2c12aa9a7,,False,
ACC255431f700,,False,
ACC388a57235a,,False,
ACCc65008390e,,False,
ACCd3484b1dd3,,False,
ACC0d1e8bd1f9,,False,
ACC2f9867bbf0,,False,
ACC7107f7b8a5,,False,
ACCed1a1ff84c,,False,
ACC71ec62a8e0,,False,
ACCd25f6cf323,,False,
ACCf27de5d521,,False,
ACC0019a61f7e,,False,
ACCb1bee4998e,,False,
ACC0a88367d93,,False,
ACC33857c5050,,False,
ACC269054649d,,False,
ACC0f4aa55905,,False,
ACCb756b1bd07,,False,
ACC14d64558d6,,False,
ACC8f8f7e0416,,False,
ACCe78f04fa88,,False,
ACCcb09b03688,,False,
ACC59a17a3dd8,,False,
ACC2ef8ee8739,,False,
ACCb5cb78e05e,,False,
ACC4f1d6617ff,,False,COINC0033
ACCe1753dafd2,,False,
ACC0a8fc2429b,,False,
ACCf81849c166,,False,
ACCd9fc804725,,False,COINC0039
ACCce2a4e233b,,False,
ACC020e8609fb,,False,
ACCd02a42ba2f,,False,
ACC4906062723,,False,
ACC06b5c672b4,,False,
ACCd5b77b34f8,,False,
ACC5f826b6012,,False,
ACC2bec73da5f,,False,
ACC02ffe2c7ba,,False,
ACCde53f3a9fa,,False,
ACC3a6c07ee88,,False,
ACC392a300c06,,False,
ACC454798b9ff,,False,
ACCd278987945,,False,
ACC7d9fc36171,,False,
ACCa317f34cea,,False,
ACC4ecc9c3108,,False,
ACC67a13e9c29,,False,
ACCfa28948616,,False,
ACCeb7fe892ca,,False,
ACC9db97aeff5,,False,
ACC2bc44bcfb4,,False,
ACC91a48eec69,,False,COINC0004
ACC3a2d534caf,,False,
ACCffdf7d3bc1,,False,
ACC8df738f33b,,False,
ACC801831817c,,False,
ACC1fd3aaae30,,False,
ACC75de30b571,,False,
ACC5a262e35b6,,False,
ACC90ddffec58,,False,
ACC1cc3abeead,,False,
ACC89f0815ad3,,False,
ACCbf311190d1,,False,
ACCce0bee817a,,False,
ACC0fc7b58cac,,False,
ACCc341d80028,,False,
ACC948a011515,,False,
ACCb1c0349b8a,,False,
ACCa8d1f08e2d,,False,
ACCd3a67d6a97,,False,
ACC9a8a254619,,False,
ACCff1dd9cf24,,False,
ACC91afc0e98b,,False,
ACC458f6e7f0f,,False,
ACCbbeb0a6d5c,,False,
ACCd7ec0cf70c,,False,
ACCbd82b0b58f,,False,
ACC9966bfc965,,False,
ACC5171c2c94a,,False,
ACC58019e18ab,,False,
ACCc676555af7,,False,
ACC127577f0ff,,False,
ACC87f01dca46,,False,
ACC5013b61ceb,,False,
ACCbb99f2443f,,False,
ACC438afcc593,,False,
ACC0e826abc1c,,False,
ACC78b7fad1a5,,False,
ACC9708f9cf0b,,False,
ACC5d4c494920,,False,
ACCab502931f0,,False,
ACC2ab1c0009a,,False,
ACC6daf68d344,,False,
ACCfcb7cb210c,,False,
ACC4b5c9b0478,,False,
ACC91675dd301,,False,
ACC9d9a4b5521,,False,
ACC1e54eb04e1,,False,
ACCfcdd34d783,,False,
ACCdd348f3430,,False,
ACC4cc27564f4,,False,
ACC34524e5148,,False,
ACC762af4acf0,,False,
ACC03fdb8018b,,False,
ACC0da7f138f4,,False,
ACC8ea60eac3c,,False,
ACC204c2a94df,,False,
ACCed19bdb11a,,False,
ACC99fbac4e62,,False,
ACC5fcc7bfd81,,False,
ACC408d028e57,,False,
ACCa7f568896b,,False,
ACCec4beab2b9,,False,
ACC5f738c7f91,,False,
ACCf8a0c6c88d,,False,
ACC1f0f66267d,,False,
ACCfd5610b14d,,False,
ACC4f9abd8b55,,False,
ACC6bc0262700,,False,
ACCcf7aa39081,,False,
ACC5f63e3f7bd,,False,
ACC73e561452d,,False,
ACC7140156389,,False,
ACCef1c5cc11d,,False,
ACC8e2655c63d,,False,
ACCb4383db999,,False,
ACCb916597fda,,False,
ACC4cb9762282,,False,
ACC8e8734891b,,False,
ACCe8dfcfdd70,,False,
ACCfd744a2247,,False,
ACC3a79e4f48e,,False,
ACC67aead62dd,,False,
ACC8657619cab,,False,
ACC6b2bc81c37,,False,
ACC5acf15b79a,,False,
ACCf97cbd199c,,False,
ACC7661aefb27,,False,
ACC46b779e364,,False,
ACCd9a96c42ba,,False,
ACCcc8101c6e3,,False,
ACC800068d758,,False,
ACCcca643b223,,False,
ACC7125aba936,,False,COINC0001
ACC96cafe36be,,False,
ACCf8b3076ac4,,False,
ACC6e4bf0802c,,False,
ACCedb6cced88,,False,
ACCedc3e16680,,False,
ACCedb78b70ec,,False,
ACC997b9edd77,,False,
ACCb30cc3cf09,,False,
ACCfe8f9ba671,,False,
ACCa31ca5a27e,,False,
ACCe9800765b5,,False,
ACC55b13b1f66,,False,
ACCf7ab3272d5,,False,
ACCaf51460be2,,False,
ACCed35628b0b,,False,
ACC4b1218075e,,False,
ACCb0ca44de6d,,False,
ACC0bae153ea8,,False,
ACC22c7232037,,False,
ACC72c85ecd44,,False,
ACCfade6695f4,,False,
ACCbea46f94a7,,False,COINC0008
ACCb0b5406d65,,False,
ACC3fd4cfa760,,False,
ACC03261d5760,,False,
ACCcef498e4d2,,False,
ACC9e039515df,,False,COINC0033
ACC40699f8e68,,False,
ACCa40c72284d,,False,
ACC2e373b5233,,False,
ACC96798bf6f7,,False,
ACC2638449a6d,,False,
ACC546f03367d,,False,
ACC0b40cf6c45,,False,
ACC2edb288447,,False,
ACCe09ee51a01,,False,
ACC7ebb1694d4,,False,
ACCb17076e7cc,,False,
ACC497bea6a3e,,False,
ACC0cd16d37d7,,False,
ACCc4a4619163,,False,
ACCb47333d7bf,,False,
ACC8f7d911346,,False,
ACCf1a843cab1,,False,
ACC9afc1fca60,,False,
ACCfba1a16394,,False,
ACCbdffd2244e,,False,
ACCb66cc20863,,False,
ACC50bc5adff9,,False,
ACCe148b214ea,,False,
ACC62e8a29c5e,,False,
ACC0fad8d8d29,,False,
ACCeea9bfe8e1,,False,
ACCb270e5c1d5,,False,
ACC7f35215ed8,,False,
ACC30479b16e7,,False,
ACC96c5c57674,,False,
ACC87d6aa0d51,,False,
ACC5548714cb8,,False,COINC0005
ACCa056922abd,,False,
ACC79b44a102d,,False,
ACCa778f479d6,,False,
ACC7e955cb394,,False,
ACC4f93ba8470,,False,
ACCa65ce7d07e,,False,
ACCe04d1ad6ac,,False,
ACCcebe00f663,,False,
ACCf36959ca6a,,False,COINC0014
ACC04677ec30f,,False,
ACC9e71de3c49,,False,
ACCdf2bdbdd6b,,False,
ACC56fc508545,,False,
ACC5212cba1ac,,False,
ACCb9175e61e5,,False,
ACCa8155e606e,,False,
ACC62dd7c1d1c,,False,
ACCffec49623c,,False,
ACC67ab67710a,,False,
ACCbc2cf9f9ea,,False,
ACC8ecbb63d41,,False,
ACC7977e1297d,,False,
ACC509eb88741,,False,
ACC19e24a2fbc,,False,
ACC63ec7b406e,,False,
ACC05a747e07d,,False,
ACC5efd9f0cec,,False,
ACCb50c935a7c,,False,
ACC3b6828b8e5,,False,
ACCb5cd2b93ee,,False,
ACC7a2da24724,,False,
ACC4ad70c365d,,False,
ACCbc73930f3f,,False,
ACC52a6d99f19,,False,
ACCb73dcae807,,False,
ACC19081ceac3,,False,
ACC95d64ff00b,,False,
ACCd5a7fde30a,,False,
ACC9ddb232fb6,,False,
ACC1596530b3f,,False,
ACCf044d4dc06,,False,
ACC5d53341a43,,False,
ACC1b78127ddf,,False,
ACC453237bb9e,,False,
ACC43c07f782d,,False,
ACC3d6a2ce58a,,False,
ACCe01eb98567,,False,
ACCa8164c5056,,False,
ACCea2f4f3d38,,False,
ACC8b0d2c85f8,,False,COINC0043
ACC7b74e068c6,,False,
ACC460b133c2d,,False,
ACC0eed028f07,,False,
ACCb840163ef3,,False,
ACCc99263150c,,False,
ACCaf0ab6b300,,False,
ACC6e15adfe9b,,False,
ACCb5e2cfaed3,,False,
ACC55c176a9e6,,False,COINC0038
ACC0ff9afe096,,False,
ACC739cc54e1b,,False,
ACC889dfdad21,,False,
ACC18c0f7a542,,False,
ACC032309726a,,False,
ACC0960edbe79,,False,
ACC858bab6714,,False,
ACCefb6e96872,,False,
ACCccd234d952,,False,
ACC5ab462a020,,False,
ACCe3b9552be7,,False,
ACC072d270ac9,,False,
ACC5fd3073608,,False,COINC0009
ACC169544b8d7,,False,
ACC6634c77d1d,,False,
ACC3621e5d0c9,,False,
ACCdb43d62fd6,,False,
ACCe99cfc574b,,False,
ACC0c1628f7d8,,False,
ACCf9ad4138ca,,False,
ACC28ed1b1cab,,False,
ACC9cc90250d6,,False,
ACCa88e56dad6,,False,
ACC9ea3094fab,,False,
ACCa7139c4c8e,,False,
ACCce5c013280,,False,
ACCbe9d742f2d,,False,
ACC6ce91c026a,,False,
ACCe4ecb04c36,,False,
ACCe00443c6af,,False,
ACC703c9f5d9e,,False,
ACCaf1c56a179,,False,
ACC66a107f291,,False,
ACC5eaafd8cc3,,False,
ACC049b69f5d6,,False,
ACCe0fb8d265b,,False,
ACCb7e8fa6fb6,,False,
ACC3623587d04,,False,
ACCe6378c1021,,False,
ACC4ad6e8862e,,False,
ACC313f3f39a8,,False,
ACCde94ecaadc,,False,
ACCb2bc0455c0,,False,
ACC1e41b17415,,False,
ACCcffe3a1e85,,False,
ACCad60fc8186,,False,
ACC1f2f01b508,,False,
ACC46e4dbc952,,False,
ACCe7f979d9b7,,False,
ACC2a501bbdb8,,False,
ACC612c584132,,False,
ACCd1853e362a,,False,
ACC68fbcbdf4e,,False,
ACC9bbce8ce63,,False,
ACC3d8c03212e,,False,
ACC764827091b,,False,
ACC2fada8fb6e,,False,
ACC81a6878ee4,,False,
ACCfb474dd104,,False,
ACCa83b6ec513,,False,
ACCb8b19376ae,,False,
ACC16a3b86d8d,,False,
ACC0fdc83d7bb,,False,
ACC47ac48e6a6,,False,
ACC0232390d6e,,False,
ACCbd0eb172c6,,False,
ACCe35e0964d0,,False,
ACC5a0bb20bde,,False,
ACCfc70f5aa12,,False,
ACC7987dc0527,,False,
ACC8c36081c72,,False,
ACC4e2857c9a3,,False,
ACC2da0802adc,,False,
ACCc2fa9c7a15,,False,
ACCfab6a65062,,False,
ACCabbf3e3337,,False,
ACC5a7b557ba0,,False,
ACCa45eb589f4,,False,
ACC86effefd29,,False,
ACCcb50fb33a7,,False,
ACCac0f6df4e2,,False,
ACC17160e0756,,False,
ACC4b458a18ff,,False,
ACC16340dc7df,,False,
ACCcbae495716,,False,
ACC722e8858e8,,False,
ACCe9cf74b3d0,,False,
ACC4e92f46fa6,,False,
ACC5de2a91059,,False,
ACCec164da108,,False,
ACCcaef953e18,,False,
ACC3c8a372377,,False,
ACCebed29a6b6,,False,
ACC2c84f02ef1,,False,
ACCd5ab327c5f,,False,
ACC07b901f967,,False,
ACC99f0d31379,,False,
ACCaeb3071456,,False,
ACC7853979627,,False,
ACC2d537a2118,,False,
ACCa7f0f35a7a,,False,
ACC27c8053984,,False,
ACC05ae083303,,False,
ACCffb3ba7721,,False,
ACCdcae00f9e1,,False,
ACC00c6cf8a33,,False,
ACC60c681d242,,False,
ACCccea58f540,,False,
ACCedcd804c03,,False,
ACC8b291e3d5f,,False,
ACC19ba3121e0,,False,
ACC19494ef468,,False,
ACCfa00a869ca,,False,
ACCe781c84697,,False,
ACC4bebabc476,,False,
ACCaa4e26d99f,,False,
ACC063aeb4fbe,,False,
ACC9d67330c97,,False,
ACC4b786fae3d,,False,
ACC9fb4d08b60,,False,
ACC1b41fc86cc,,False,
ACCc0cac5dc51,,False,
ACC8221a708c3,,False,
ACCba0417fa7a,,False,
ACC8bee8e4a65,,False,
ACC223846edc3,,False,
ACC26e8ffea11,,False,
ACC9abdfd86a5,,False,
ACC1711306172,,False,
ACC5fb372fda7,,False,
ACC7768982848,,False,
ACCc604b324ab,,False,
ACC608fde7651,,False,
ACC067f4cb128,,False,COINC0008
ACCd2d68a2753,,False,
ACC9754750c6a,,False,
ACCdd90e0d44e,,False,
ACC82763c4c18,,False,
ACC92b2ad8e38,,False,
ACC0730c68edb,,False,
ACC1a4a44278a,,False,
ACC921b803630,,False,
ACC94d42ad8ba,,False,
ACCd2f39ac094,,False,
ACCb1ef8762c2,,False,
ACCf743f534f6,,False,
ACCb0976a121d,,False,
ACC989b166f55,,False,
ACC2fa75228cb,,False,
ACC57c480cbdb,,False,
ACC5bf5080720,,False,
ACCc0ad089ebc,,False,
ACC2f9eba9e25,,False,
ACC5d29e1f440,,False,
ACC11e0a50e12,,False,
ACC6bda11b677,,False,
ACCe90b59c3e6,,False,
ACC9b1a00dbbe,,False,
ACC2de5b4f516,,False,
ACCebb6802a99,,False,
ACCe08ca0233c,,False,
ACC460822cb9b,,False,
ACC6d56092560,,False,
ACC8e9824fbf0,,False,
ACCdc9d1cb4c3,,False,
ACC0f90b792fb,,False,COINC0000
ACCb7f263abd2,,False,
ACC68cf958d76,,False,
ACC7c493834b5,,False,
ACC032126842c,,False,
ACC846ce4fe87,,False,
ACCb9831365f9,,False,
ACC10b9fdb0a9,,False,
ACC0989ccfd1f,,False,
ACC272a7740a4,,False,
ACC941a286001,,False,
ACC3954aa71e2,,False,
ACCaba3e7fbf1,,False,COINC0026
ACCdf51495124,,False,
ACC79227561e3,,False,
ACC3c559f3ff4,,False,
ACC0216e9e971,,False,
ACCeac850fc30,,False,
ACCdce2aaa0d8,,False,
ACC14640b6f73,,False,
ACC69c1a8c552,,False,
ACCe2432fc499,,False,
ACC6dec6e3631,,False,
ACCf85a3b27f5,,False,
ACC97e3468d1b,,False,
ACC858d822a20,,False,
ACC24373a234e,,False,
ACC0afa269bc7,,False,
ACC82f497b01e,,False,
ACC34102ee26f,,False,
ACC2d2225e0b4,,False,
ACC3f8901cbeb,,False,
ACCf11b6d11ba,,False,
ACCc70226d322,,False,
ACCa0aee6a72e,,False,
ACC01ea022847,,False,
ACC4d83f2e6df,,False,
ACCb935fe2e36,,False,
ACC249592001b,,False,
ACCbeca517ba8,,False,
ACC28e9e9590b,,False,
ACCf5a91bb9c9,,False,COINC0042
ACC0cd5ca36ca,,False,
ACC7f9e52fb3a,,False,
ACC5c3755fc03,,False,
ACCc78679ddae,,False,
ACC71519f8d04,,False,
ACCaa93f557b3,,False,
ACC49bc62898d,,False,
ACCc67d004a6c,,False,
ACC2e8afcb03a,,False,
ACC610f3bb2e5,,False,
ACC40a081ca54,,False,
ACC74eb1e181e,,False,
ACC5de98f1b30,,False,
ACCa49f62010f,,False,
ACC47aef2b8b1,,False,
ACCee92196576,,False,
ACC05d8cba27b,,False,
ACC7f2de9d937,,False,
ACC59b736ec15,,False,
ACC0b579ff553,,False,
ACC0fcd54c95b,,False,COINC0035
ACC0375705b51,,False,
ACCd71e3425bc,,False,
ACC455ff44ce6,,False,
ACCd9b57dc54c,,False,
ACC388f1c3938,,False,
ACCd56d11a360,,False,
ACC158699a806,,False,
ACC2d3f8d549d,,False,
ACCcf517f9dbe,,False,
ACCdda9837408,,False,
ACCcde3b2a24b,,False,
ACC19048bfd88,,False,
ACC809edb7a7d,,False,
ACCdd47d71c87,,False,
ACC1aecd74cc9,,False,
ACC2631e56f51,,False,COINC0000
ACCc0a61651fa,,False,
ACC252ffd7510,,False,
ACCc4b78e2b46,,False,
ACCa02d255829,,False,
ACCde15b4c2ef,,False,
ACC54f7f0adde,,False,
ACC76e3af984b,,False,
ACCb51c056d51,,False,
ACC52dc11f593,,False,
ACCc1940a4925,,False,
ACC32e511042d,,False,
ACC9eff6a42ea,,False,
ACC9fda192439,,False,
ACC9ce068ca2b,,False,
ACC051747b735,,False,
ACC6f67cecdba,,False,
ACC4929285db8,,False,
ACC28161ece57,,False,
ACC266a73357c,,False,
ACC264e1f6aac,,False,
ACC2cb54cf8d1,,False,
ACC68aa937fbd,,False,
ACC7454b84c97,,False,
ACC860df758a5,,False,
ACCc8110a0404,,False,
ACC556e874c1e,,False,
ACCa23b53fcd0,,False,
ACCae1f52de42,,False,
ACCd4893d593d,,False,
ACC9c32509352,,False,
ACCd93ebf5cf2,,False,
ACC6dd35a92da,,False,
ACC3c90274fd3,,False,
ACC6eedf6d9fd,,False,
ACC5bdc1c9018,,False,
ACC83453c8bad,,False,
ACCb31e37687d,,False,
ACC0676a502fd,,False,
ACC32d47e739b,,False,COINC0020
ACCfc05dc2a9a,,False,
ACC20ba8d257e,,False,
ACCa242518cf0,,False,
ACC0c512117c8,,False,
ACC5d65e6929e,,False,
ACC26b9622005,,False,
ACC9f73f01755,,False,
ACC8e62e22c61,,False,
ACCda6817e40c,,False,
ACCb604694b59,,False,
ACCbfbfb5d380,,False,
ACC96b34957f6,,False,COINC0017
ACCbb66323bb4,,False,
ACC5233e3a66f,,False,
ACC2464655068,,False,
ACC4948baace8,,False,
ACCf1589be56c,,False,
ACC0c5827d1d5,,False,
ACCba045d26a5,,False,
ACCa51a8fbdc5,,False,
ACC0057dba755,,False,
ACC371851e498,,False,
ACC88e9a9c6b7,,False,
ACC18b9fc615c,,False,
ACC29d9b0980d,,False,
ACCb589237ae4,,False,
ACCf01e2692e2,,False,
ACC22859f99c1,,False,
ACC7877f28cc6,,False,
ACCb2eba2d9d1,,False,
ACC2987fca1b3,,False,
ACC58144a5852,,False,
ACCd323fb6f66,,False,
ACC32c597f58f,,False,
ACC651dad35fd,,False,
ACC78c6aa1b99,,False,
ACCa90b5fe772,,False,
ACCc5c5efbe94,,False,
ACCe2fbc77bbf,,False,
ACC0a5b6b1648,,False,
ACC628020b0ef,,False,
ACC1b382b4053,,False,
ACCc98bcda36d,,False,
ACCcc93c55f41,,False,
ACC0ec0a73ec9,,False,
ACCfabe401b5e,,False,
ACCccffdb9035,,False,
ACC304a510f0a,,False,
ACC760d472b5c,,False,
ACC1e443703bc,,False,
ACC7092740f5d,,False,
ACCa8afda8790,,False,
ACCd5f4a82dab,,False,
ACCe4f28cdb2e,,False,
ACCa1d34a8b03,,False,
ACCac107c7972,,False,
ACC1c888db764,,False,
ACC7c6fc9c9c3,,False,
ACCbcafb3a0ff,,False,
ACCaa865c3a3d,,False,
ACC00f6019d86,,False,
ACCe9b139ad28,,False,
ACC89bbb4382a,,False,
ACC443a282763,,False,
ACC1a22cc7f51,,False,
ACC0f1c19ccfb,,False,
ACC1c0dfd798b,,False,
ACCfbf4378a14,,False,
ACC0907f97641,,False,
ACC132ef86f4f,,False,
ACCa2716bf6eb,,False,
ACC5d70385e60,,False,
ACC780f5e1144,,False,
ACCedef9df7fa,,False,
ACCe32a11572c,,False,
ACC0805743982,,False,
ACCa0d2f6c59e,,False,
ACC92d128a56e,,False,
ACC5b7ebb3698,,False,
ACC7fd710bf2f,,False,
ACC5a4bf24295,,False,
ACC057a2d2e92,,False,
ACC8e225e753f,,False,
ACCccc96c234d,,False,
ACC63160a0746,,False,
ACC85ddb46be7,,False,
ACC11e1513e6e,,False,
ACCf416be4e2e,,False,
ACCa4b716b425,,False,
ACCd4f3f07dd2,,False,
ACC970328d8a8,,False,
ACCafce35821b,,False,
ACC2bed1de651,,False,
ACCdc701dc3f4,,False,
ACC0e2bccea94,,False,
ACC0abcdea6c4,,False,
ACC0baf732869,,False,
ACCf2c4d257f0,,False,
ACCc19374f40c,,False,
ACCb2ac3c5728,,False,
ACCb2f9c705c6,,False,
ACC82bf9e6f5c,,False,
ACC47163171aa,,False,
ACC1fac228e01,,False,
ACC0854e7070b,,False,
ACCd166c45b8d,,False,
ACCe135974b9f,,False,
ACCb05ea09528,,False,
ACC98d29a51d7,,False,
ACC58f475e7ea,,False,
ACC9089858434,,False,
ACCc9a56bc0f8,,False,
ACC130680b8c2,,False,
ACC0f7c8c8fcf,,False,
ACC4fbc406267,,False,
ACCb89b56d255,,False,
ACC59faec382e,,False,
ACC10c83b33a0,,False,
ACC8a5347c5d0,,False,
ACCefcf0e45f6,,False,
ACC405b1623d1,,False,
ACC4c6a7c23fc,,False,
ACCa018304114,,False,
ACC9eb7fb4069,,False,
ACCaf6bd2c4f6,,False,
ACCadf397beaa,,False,
ACCb66d95b072,,False,
ACC8f06e3b7d0,,False,
ACCacbe152f91,,False,
ACCa4d1d4d9d4,,False,
ACCe8d4b7f1df,,False,
ACC00f95ec274,,False,
ACCd534f31ff2,,False,
ACC6668e5164d,,False,
ACCa4eb0e9029,,False,
ACCd26fdfbb2e,,False,
ACCfb1879855f,,False,
ACC4a3d227b00,,False,
ACCf0babc5cdf,,False,
ACC35277e2820,,False,
ACC8b5b1c55db,,False,
ACCda11cb8e2b,,False,
ACCf27df3d017,,False,
ACCa2ad2fc411,,False,
ACCae47514857,,False,
ACCb6d9b0d295,,False,
ACC037d95dd44,,False,
ACCee0e45513e,,False,
ACC62f54e40b4,,False,
ACC0db9ec0aac,,False,
ACCb2d59acf64,,False,
ACC4ac494fcc2,,False,
ACC6375c9426c,,False,
ACC4d09e8786d,,False,
ACC72e6b964ea,,False,
ACC3f934dc143,,False,
ACC13ae813384,,False,
ACC4e3e332473,,False,
ACCfbffd4ee9b,,False,
ACCfba4608978,,False,
ACC108c1abcc4,,False,
ACC9304130e23,,False,
ACC46199bca19,,False,
ACC7904cec9f5,,False,
ACCd86eef1359,,False,
ACCb8fef39f8c,,False,
ACC65b84c94b3,,False,
ACC4e2fd2543e,,False,
ACCd78da89543,,False,
ACC0e2de9151a,,False,
ACCbb4ac03862,,False,
ACCd4c631d3f8,,False,
ACC911606a2aa,,False,
ACC34006de592,,False,
ACCc5c2e4b713,,False,
ACCba0aaa0946,,False,
ACC23e0b3f0d4,,False,
ACC12d616838c,,False,
ACC664ab5afd9,,False,
ACC81922cb4e9,,False,
ACC936783570e,,False,
ACCd67db76c33,,False,
ACCad32bb24be,,False,
ACC9e224ae282,,False,
ACC2299c4b97f,,False,
ACCd25a9726c1,,False,
ACCbdebfa3eff,,False,
ACCb96ceb7a3c,,False,
ACC23b86458e1,,False,
ACCfa28dfc4e4,,False,
ACCfc0165c466,,False,
ACC64e1807184,,False,
ACCb10b70a0ee,,False,
ACC7ba3b2cea4,,False,
ACCbb0aa3dc9c,,False,
ACCe8c1b4329b,,False,
ACCa4db2a704f,,False,
ACCd8cf36da3c,,False,
ACC8a14508ce1,,False,
ACCb2c5b15b8b,,False,
ACC401baa1e7c,,False,
ACC7f26a473d0,,False,
ACC0f3b49f633,,False,
ACCb236ebf104,,False,
ACCd222310d46,,False,
ACC11b24be4e8,,False,
ACC7f9311966b,,False,
ACC1193a52cb2,,False,COINC0048
ACCb3843e4a61,,False,
ACC9d28bb8c9e,,False,
ACCdfcca191bf,,False,
ACC6600ada6cc,,False,
ACC92e2538463,,False,
ACC48874f2a81,,False,
ACC2d7c76a0a4,,False,
ACC1a1c9d9e36,,False,
ACC3bedfde7c2,,False,
ACC39ca0ffc41,,False,
ACCb0df2c556d,,False,
ACC9710c063b6,,False,
ACC2cdad3a634,,False,
ACC7a708be46c,,False,
ACC7c6159873e,,False,COINC0016
ACCd7932a554b,,False,
ACC77314e4177,,False,
ACC70bbb71bdf,,False,
ACC9322f1c329,,False,
ACCc944464572,,False,
ACCf2d7904406,,False,
ACC9be87638c5,,False,
ACC41acf8ddc6,,False,
ACCdba4788d03,,False,
ACC64a1c0c5a5,,False,
ACCcf9e8bff34,,False,
ACC9ff3bde1dd,,False,
ACC3a4bafcc6a,,False,
ACCe604abc871,,False,
ACCc650d691f1,,False,
ACC998dc4e967,,False,
ACCb4d07e3827,,False,
ACC622dec0d4d,,False,
ACCf65ee105da,,False,
ACC7a69c138ff,,False,
ACC3cae2d3c6c,,False,
ACC926bc0095a,,False,
ACC1de02f9032,,False,
ACC58f9c31817,,False,
ACC07c8f4407b,,False,
ACCa158911b74,,False,
ACCfb2bab7b77,,False,
ACC169a533f4b,,False,
ACC5821b508e2,,False,
ACC804947ed06,,False,
ACC315be3de0e,,False,
ACC9efb5cd0c6,,False,
ACCa463e1bbd8,,False,
ACCf77dd4e88b,,False,
ACC25562b2166,,False,
ACCebcfea20d0,,False,
ACC792cf7cde4,,False,
ACC570f39fa1c,,False,
ACCdd789dc620,,False,
ACCa54103de93,,False,
ACC85da387c42,,False,
ACC9d8cad9804,,False,
ACC6a2743c183,,False,
ACC35415513ae,,False,
ACC4fb2227c92,,False,
ACC47d92d53c0,,False,
ACCaf4067da45,,False,
ACC5b284cea3a,,False,
ACC0cfe134475,,False,
ACC98bf27d558,,False,
ACCf2ca1d3ab8,,False,
ACC1b38ef9500,,False,
ACC6bb45d042c,,False,
ACC9827f95b27,,False,
ACC1bc04060b8,,False,
ACC500fcbdd5a,,False,
ACCee7f127860,,False,
ACCbe995e95ad,,False,
ACCe1cf91cd15,,False,
ACCf63748bd49,,False,
ACCb35299de33,,False,
ACCbe1939f2b8,,False,
ACC907838887c,,False,
ACC7e6dea8682,,False,
ACC167a3b9868,,False,
ACCb567843c82,,False,
ACC0553ff86c2,,False,
ACC3d809d7c55,,False,
ACC60e0669110,,False,
ACC2d35b16db8,,False,
ACCb77096dd4f,,False,
ACC6ca2f05e85,,False,
ACC511334c328,,False,
ACC2188600204,,False,
ACCce3f636b5f,,False,
ACC16bed1cedb,,False,
ACC4b59ce7680,,False,
ACCcc69d14a52,,False,
ACCb738bce108,,False,
ACCa6e6f16123,,False,
ACCcf605339d9,,False,
ACC9260d6a06f,,False,
ACC0a7ba409c8,,False,
ACCb8c288e17a,,False,
ACCaaffa1b6d8,,False,
ACCda85692825,,False,
ACC12aa345d99,,False,
ACCae243cfbe5,,False,
ACCa00fbc6b94,,False,
ACCa6f8886532,,False,
ACC37c39e1161,,False,
ACCc22e634535,,False,
ACCb9082e93b3,,False,
ACC0f13c055d7,,False,
ACCaa7a9bd066,,False,
ACCe5cf5e485f,,False,
ACC294392d5ac,,False,
ACC8676123c96,,False,
ACC4e503ffb32,,False,
ACC89831f1380,,False,
ACCa4dd6426a9,,False,
ACCef21d7ee3a,,False,
ACCc73e78ea80,,False,
ACCbc66d7b015,,False,
ACCa352fc62b2,,False,
ACC3b1c1ba78d,,False,
ACC89b3ca7812,,False,
ACC5eba883620,,False,
ACCe943ca74da,,False,
ACCc9005e6ee0,,False,
ACCe3bdb2710e,,False,
ACCfcc0c66b1c,,False,
ACC0dfa25d885,,False,
ACCe985b21625,,False,
ACC8effd99a7f,,False,
ACC80a5d5f2a1,,False,
ACC7f9fd898ac,,False,
ACC0daf80547b,,False,
ACC9416a00fc7,,False,
ACC29ee5bbe62,,False,
ACC19104090b7,,False,
ACC9a1a4bf911,,False,
ACC83bbb7bff0,,False,
ACCf6f2f7274a,,False,
ACCb90bccc2e4,,False,
ACC38363cf037,,False,
ACC4292bac332,,False,
ACC5535b06136,,False,
ACCdf01957667,,False,
ACCeb36a82723,,False,
ACC0b2769eaeb,,False,
ACC490491971b,,False,
ACC4f6de7d9ac,,False,
ACCc859bcac3a,,False,
ACCb8287ad994,,False,
ACCdee21305c9,,False,
ACC7c9b3371f9,,False,
ACC80b9670ea5,,False,
ACC5535d3aa9c,,False,
ACCf75ceb6018,,False,
ACCa8ca5c8c2e,,False,
ACCe0cdb2abea,,False,
ACC6c139ab344,,False,
ACCa016e06719,,False,
ACCe24d2d1a9b,,False,
ACC6f7c112895,,False,
ACC2cc0386012,,False,
ACC8e427191b9,,False,
ACC4aec913544,,False,
ACCbce8827906,,False,
ACCbd5b5309ed,,False,
ACC7e42155b7e,,False,
ACCfa375cdaba,,False,
ACCf65c2a811c,,False,
ACC3bc60d1570,,False,
ACCbfba4cec46,,False,
ACCb7e28513a1,,False,
ACC7e15a1e2a6,,False,
ACC7fa9ec05d7,,False,COINC0020
ACCc6253c7039,,False,
ACCd7347c66ac,,False,
ACCccb789ae5b,,False,
ACC912153e4b9,,False,
ACC90945d8442,,False,
ACC701ab287f7,,False,
ACCd1d77c8446,,False,
ACCad43577ac8,,False,
ACC9d6ed9eb14,,False,
ACC68ee777b01,,False,
ACC16bd01bdcf,,False,
ACC1e2972cd2e,,False,
ACC20cc2aab78,,False,
ACCaf613325d9,,False,
ACC73f4a358a1,,False,COINC0000
ACCe98748612b,,False,
ACCf049bb9edf,,False,
ACCa1a0f584bb,,False,
ACC4893148008,,False,
ACCfb7867de8a,,False,
ACCff77774d2b,,False,
ACCeb2c8c2591,,False,
ACC5f3e398a64,,False,
ACC76f0017733,,False,
ACCd8432d21a9,,False,
ACCbd38e0969c,,False,
ACCf3503202e8,,False,
ACC338e72794f,,False,
ACCcbd73d972a,,False,
ACC8a5ef680ce,,False,
ACC1118043a2d,,False,
ACCe1aa690451,,False,
ACC323fa717a0,,False,
ACCde754f48c8,,False,
ACCa91814a559,,False,
ACC51438152c5,,False,
ACCcaac43ec26,,False,
ACC09c2e14abb,,False,
ACC3cf422fc84,,False,
ACC62ad1c43c9,,False,
ACC3536dc3b6c,,False,
ACC5942f1899d,,False,
ACC1d77411352,,False,
ACC9bcceacd9e,,False,
ACC1f0385eb26,,False,
ACC1879d65c69,,False,
ACC36f791b638,,False,
ACCd9ffee2d5d,,False,
ACCeb9034115e,,False,
ACCdd3d56ba3a,,False,
ACCc8e36ca7e5,,False,
ACC04a5f39dd5,,False,
ACC5883469736,,False,
ACCd5b3e44cd9,,False,
ACC12bacced22,,False,
ACC9c5024c2a6,,False,
ACCc20172c823,,False,
ACC9cf3883196,,False,
ACC00a070ba73,,False,
ACCe2644bdbbf,,False,
ACCf5842e3195,,False,
ACCd8809e1cfb,,False,
ACC8da819f6ce,,False,COINC0018
ACC3c2d4fdfd7,,False,
ACCb7c2881339,,False,
ACC00eaf6c33d,,False,
ACCf0ad7268d4,,False,
ACC65291f63eb,,False,
ACC0ae191048f,,False,
ACCa202b3949b,,False,
ACCff41c4cd4c,,False,
ACC75c4a862f9,,False,
ACC7e67c37ffa,,False,
ACC0a586b9657,,False,
ACCec9aeac166,,False,
ACC74d74cec9d,,False,
ACC54da2f5e64,,False,
ACCba84038234,,False,
ACCa791d84abd,,False,
ACCa1d66bc0c5,,False,
ACCf53a17cdf1,,False,
ACCc2b436c872,,False,
ACC69f98a8a6c,,False,
ACC029aa62277,,False,
ACCe2545cc8fe,,False,
ACC4c03959f8b,,False,
ACCe94eb8f132,,False,
ACC65fa06445b,,False,
ACC77092abb0d,,False,
ACC2036d49f8e,,False,
ACC0b7d764451,,False,
ACC1c6aee06fd,,False,
ACC45232222a2,,False,
ACC0473270693,,False,
ACC9ba6046030,,False,
ACC72afa49852,,False,
ACC7f60499343,,False,
ACC70a39861e0,,False,
ACC1204b06ed2,,False,COINC0004
ACC82a87f271d,,False,
ACC3cf589a7a9,,False,
ACCaa4c4ed9f7,,False,
ACCed66ed3031,,False,
ACC5675929bb3,,False,
ACC94f99d5cbd,,False,
ACC3789b24b70,,False,
ACC7614ddabf3,,False,
ACCc85a6dc436,,False,
ACCfb8304c0af,,False,
ACC40ea217df7,,False,
ACC0e72497d4c,,False,
ACCfb9482f85a,,False,
ACC32406ecb68,,False,
ACCfd00548566,,False,
ACCdf3fedfd3b,,False,
ACCa73836f8d0,,False,
ACC73250deb40,,False,
ACCd6a7375fe8,,False,
ACCfcffcd2563,,False,
ACC5710820ac5,,False,
ACC01a2416fc8,,False,
ACC8cde048ad7,,False,
ACCc974a00ef2,,False,
ACC4320ae43f4,,False,
ACCa79f0f012f,,False,
ACC03fb648619,,False,
ACCd92170d59e,,False,
ACCe6f7ca5f25,,False,
ACCe565660efe,,False,
ACC7898afef20,,False,
ACC5721aa2730,,False,
ACC6a57e6a1a4,,False,COINC0025
ACCeb27794c11,,False,
ACC508f3e1508,,False,
ACC8d1fa36ce7,,False,
ACC5e4f7d537a,,False,
ACCd9240997d8,,False,
ACCa4f42751b3,,False,
ACCe0ae76101d,,False,
ACCc3b4fdf658,,False,
ACC0accdd77e6,,False,
ACC7ca470ef46,,False,
ACC5be0cc35d9,,False,
ACC3a36688d58,,False,
ACCd29501cd1a,,False,
ACC9052bce869,,False,
ACCde4bf074ac,,False,
ACCfa79c5b446,,False,
ACC899d288fa6,,False,
ACCaea3d9c8a7,,False,
ACC5fe6d4bd1f,,False,
ACC5d5eda8df7,,False,
ACC9ada2c331a,,False,
ACCf5e231377e,,False,
ACC4900d5658f,,False,
ACCf7101e3e39,,False,
ACCd09d130edb,,False,
ACC07cd30fc9a,,False,
ACC8283e57390,,False,
ACC32e0754119,,False,
ACC5afe1863c6,,False,
ACCd32a55a39e,,False,
ACC456e3f29ee,,False,
ACC8bea4efc09,,False,
ACC6383b09e4d,,False,
ACC314990d808,,False,
ACCaa37de3a07,,False,
ACCf44bd564f7,,False,
ACC4ea6cb5dd3,,False,
ACC0d73405136,,False,
ACC6dbc23c291,,False,
ACC4cdea06422,,False,
ACCe3dc15ac29,,False,
ACC059e764160,,False,
ACCa5ddacdf43,,False,
ACC9d9e80d5de,,False,
ACC666e4f8089,,False,
ACCc9d65edf36,,False,
ACCa47909f026,,False,
ACC5a3651ce60,,False,
ACCc14645a2fd,,False,
ACC6b3940bcd2,,False,
ACCd6b1af408f,,False,
ACCeb7ab3e214,,False,
ACCf2b84ea796,,False,
ACCec9db128fd,,False,
ACC07c1a68117,,False,
ACC5bf7529e4d,,False,
ACC9528612e18,,False,
ACC66f4d7fcb1,,False,
ACC362c5869b9,,False,
ACC0d56ad6271,,False,
ACC1646e4345c,,False,
ACC497a31e114,,False,
ACC67dde356ec,,False,
ACC5102705246,,False,
ACC15ea765e42,,False,
ACC1a7579613f,,False,
ACC4efb0c7dbc,,False,
ACC61a5d9c84e,,False,
ACCbdb7e1cd29,,False,
ACCc38c8e4f69,,False,
ACC90e05786e3,,False,
ACCa951af6731,,False,
ACC0009e3c7a1,,False,
ACCa4f1e58681,,False,
ACCc8697a52b5,,False,
ACCc5ee569224,,False,
ACC7c10527b2b,,False,
ACC6ca9247646,,False,
ACC00e50cb492,,False,
ACC7840d9c08d,,False,
ACC7499197c85,,False,
ACC6e29b6e69e,,False,
ACCf718b034f1,,False,
ACC7ed7b542d1,,False,
ACC4ebb347f39,,False,
ACC6cfe69d326,,False,
ACC6a595910f3,,False,
ACC436e952ae2,,False,
ACC9f6d561680,,False,
ACC3ea6381705,,False,
ACC6bab14898c,,False,
ACC8450ade8f3,,False,
ACCbfb982b183,,False,
ACCb20626fce7,,False,
ACC16a51f4508,,False,
ACCc85952ff5c,,False,
ACC9ce91ede03,,False,
ACC982605b364,,False,
ACC45a420ff9d,,False,
ACCf027a4e830,,False,
ACCf4d34354b5,,False,
ACC326da7b789,,False,
ACCdeac41dc57,,False,
ACC4088e9c8de,,False,
ACC30ae02a058,,False,
ACCaa2f908ff2,,False,
ACCc4fbd18f3f,,False,
ACC1ce79171b7,,False,
ACCd808aac80b,,False,
ACC4422c1ede2,,False,
ACCcfbefa02cf,,False,
ACC25da266b68,,False,
ACCdfd1492721,,False,
ACCcf6276c54c,,False,
ACCb45092073f,,False,
ACC57997f95ba,,False,
ACCcc18330228,,False,
ACCe91fefb6f9,,False,
ACC5694f7f8c5,,False,
ACCc17ca907e2,,False,
ACC43ffcaf0a8,,False,
ACC402096aa93,,False,
ACCe56ec0c0e3,,False,
ACC603d7d2358,,False,
ACC0c3815e9ca,,False,
ACC67f9e929cc,,False,
ACC1abd7ede60,,False,
ACC7c953a355a,,False,
ACCb926477fcf,,False,
ACC0e12da52cf,,False,COINC0021
ACC6714e84e64,,False,
ACC12bf79ed2f,,False,
ACC6be40a9615,,False,
ACC99f12ba71d,,False,
ACCe015ff4d60,,False,
ACC0a9a2ba8b5,,False,
ACC20f61c885b,,False,
ACC0185e5aeb5,,False,
ACC7a098ae9bf,,False,
ACCae78e998fd,,False,
ACC274fa51b81,,False,
ACC16227aa143,,False,
ACCec450c0ec4,,False,
ACCc84d20868f,,False,
ACCed45838fb3,,False,
ACCca39beb736,,False,
ACC811762bd7c,,False,
ACC09523d09c3,,False,
ACC5450c30b12,,False,
ACC6918dd1df4,,False,
ACCe0784aa56c,,False,
ACCed0bb3db2c,,False,
ACC8540ef4b3b,,False,
ACC5e573fceb7,,False,
ACC8cde0230ba,,False,
ACCe376ed3fb0,,False,
ACCc69ea6c336,,False,
ACCe80cd81a7b,,False,
ACCff715dc45b,,False,
ACC81bafa16b1,,False,COINC0027
ACC60bc813996,,False,
ACC36b08379de,,False,
ACCf115242e38,,False,
ACC586568c005,,False,
ACC66e82fddd5,,False,
ACCad16f937ad,,False,COINC0034
ACCc16bfdfe58,,False,
ACC12a88abdfc,,False,
ACC7b3ff4e368,,False,
ACCa0a153e3dd,,False,
ACC7a48322815,,False,
ACC2eb24565fe,,False,
ACC862fb57c33,,False,
ACCed0a1a5a49,,False,
ACC77867e8198,,False,
ACCfe365175b2,,False,
ACCd334d07979,,False,
ACC70ff821c0c,,False,
ACCd5ec110bea,,False,
ACCaa36087819,,False,
ACCf0bddee6e3,,False,
ACC1fe8e30c67,,False,
ACC5e7e946da6,,False,
ACC6f4f1a28fb,,False,
ACC52ce0c95b3,,False,
ACC3e9bdac23e,,False,
ACC88c6352517,,False,COINC0007
ACCa124c67966,,False,
ACC272fd85502,,False,
ACCdeb49d15d6,,False,
ACC81eeea522c,,False,
ACCa490dd951f,,False,
ACCd0d102eeb1,,False,
ACC66b1337235,,False,
ACCff0ab444ea,,False,
ACC90a4f83973,,False,
ACCbe623b5e04,,False,
ACC84782be50a,,False,
ACC5a7f40a91b,,False,
ACC42b1eaa6aa,,False,
ACC92e1d4536a,,False,
ACC2e9d95e54b,,False,
ACC9137ea7552,,False,
ACCde831184f8,,False,
ACC4d6fa72d3e,,False,
ACC9ad3fbfe1f,,False,
ACCa7a85c75fa,,False,
ACCb5b2ccc7be,,False,
ACC91f2c3ec04,,False,
ACCc3f58d8019,,False,
ACC8ae5575ff2,,False,
ACCdb91ef5c5b,,False,
ACC638548827d,,False,
ACC10672a4bd0,,False,
ACCe5fcb40446,,False,
ACCa76677a7cc,,False,
ACC3c6c814cb1,,False,
ACC97f5b2ab22,,False,
ACC5bd68df9da,,False,
ACCdee1110f04,,False,
ACCa39fff7efa,,False,
ACCf66d08ca67,,False,
ACC7f23cf16a3,,False,
ACC9baf3e3d2d,,False,
ACC4d3be21523,,False,
ACCf07bb15325,,False,
ACC3734ba8be3,,False,
ACC9222a4e7f1,,False,
ACCe4ad9d8098,,False,
ACCb22fb965a0,,False,
ACC10f88cc2dc,,False,
ACC7295411832,,False,
ACC115c0a9c14,,False,
ACCc4d74b5cb2,,False,
ACCcf1925d070,,False,
ACC00203eb8e7,,False,
ACCa26715c280,,False,
ACC62260a44d1,,False,
ACCd3e58fcdae,,False,
ACCa5b36564d9,,False,
ACCb239f35a3e,,False,
ACCd1fd601e60,,False,
ACC6632e088e6,,False,
ACCfcf0413175,,False,
ACC60a7bdcb7c,,False,
ACCda713a623d,,False,
ACC5ffdde8b39,,False,
ACCc6773e3bef,,False,
ACC0f2d27af49,,False,
ACCcaca0dd353,,False,
ACC9ca31be79d,,False,
ACC8db9785eb5,,False,
ACC3f73a8d7ab,,False,
ACC9df0516529,,False,
ACCd54321c238,,False,
ACC921ef97fe1,,False,
ACCdfac68d6c3,,False,
ACCe59e8e323a,,False,COINC0033
ACCc6bd66b082,,False,
ACCd02f19c113,,False,
ACC19bf866f22,,False,
ACC216e7b8948,,False,
ACCf51c01c489,,False,
ACCe7f257e490,,False,COINC0013
ACCf350dd2d16,,False,
ACC02a34d6329,,False,
ACC4526277da9,,False,
ACC08b3db4072,,False,
ACC766a533a4f,,False,
ACC76480d8207,,False,
ACC6d005c7a05,,False,
ACCfbe2f9c5af,,False,
ACC5f73423f22,,False,
ACC0a4b64884c,,False,
ACCd5024bad87,,False,
ACC4ea4410e88,,False,
ACC1050d6e37e,,False,
ACC7fabdaf7dc,,False,
ACCa41ca84868,,False,
ACC35360e9857,,False,
ACC8e6dcbd714,,False,
ACCa139a57611,,False,
ACC3e57fddce0,,False,
ACCc72a89b009,,False,
ACC5873b5b814,,False,
ACCb73b69c57a,,False,
ACC81f67709e3,,False,
ACC51018547a7,,False,
ACCa8368ac01e,,False,
ACCa5586a9f58,,False,
ACC84b68df545,,False,
ACC4873d4ebe0,,False,
ACC7817f0c493,,False,
ACC048777412f,,False,
ACC93185a5ef9,,False,
ACCfc0b59bdd6,,False,
ACC4c00227e47,,False,
ACC1cc8f816ff,,False,
ACC4047c9048d,,False,
ACCc8a3f2cdfa,,False,
ACCa1459ca81a,,False,
ACC7be8a09971,,False,
ACC1592aaea0e,,False,
ACC43295822ff,,False,
ACC8d7e3b5d84,,False,
ACC0d526f825f,,False,
ACC17bc74bb17,,False,
ACCb391919b82,,False,
ACC44af145b06,,False,
ACCe9202a7563,,False,
ACC215047defb,,False,
ACCb7d939877f,,False,
ACC455b0c1e96,,False,
ACC00255f2ceb,,False,
ACC33197a33dd,,False,
ACC9de07381ff,,False,
ACCcff0f0c3f5,,False,
ACCd35922ea9f,,False,
ACC507a1ae2cf,,False,
ACCf276f2b728,,False,
ACC75f5571bfe,,False,
ACC38050ac93d,,False,
ACC404b1a5338,,False,
ACC3f87b45a00,,False,
ACC93e1889ba7,,False,
ACCf23e9d7aff,,False,
ACC5717898510,,False,
ACCf9bd3fcf77,,False,
ACCd8ffa061c8,,False,
ACC02dba1a9c2,,False,
ACCfdea67911c,,False,
ACCf2b95ddd94,,False,
ACCae93cf6662,,False,
ACC46bb11e4e5,,False,
ACC9970ff0231,,False,
ACC0323bdd277,,False,
ACC318c7e3188,,False,
ACCe45c4db5af,,False,
ACC1848d65df5,,False,
ACC4d982adccb,,False,
ACC48ecb3e3b2,,False,
ACCf554e4833c,,False,
ACCabcb765047,,False,
ACC1aaa83bde5,,False,
ACCffef18fffc,,False,
ACC77c8e82ed1,,False,
ACC468e815cee,,False,
ACCb403e6cfd6,,False,
ACCb1c2f2f3b6,,False,
ACC12697643a0,,False,
ACC845b6b50ab,,False,
ACCe5aea78ba6,,False,
ACCbbfa2d1ca3,,False,
ACCf891aaa82c,,False,
ACCd6737bf6e1,,False,
ACC67c769fe49,,False,
ACC61397df262,,False,
ACC50aa975865,,False,
ACC06c588caa2,,False,
ACC2c5632d9a8,,False,
ACC684a3d312c,,False,
ACC49b5b605b6,,False,
ACC1deb75afe0,,False,
ACC3ca70289d4,,False,
ACCc78e4bf1df,,False,
ACC7f985d16ae,,False,
ACC3cdf7512d6,,False,
ACCb9f8f0ccdd,,False,
ACC5216818798,,False,
ACCd44ca1d0d9,,False,
ACCbc58319d4c,,False,
ACC4da524976a,,False,
ACCcbf2899129,,False,
ACC53c1b75d00,,False,
ACC16d74a560c,,False,
ACC177fed0190,,False,COINC0012
ACC4efb550990,,False,
ACC5140b6e355,,False,
ACC2996677d7e,,False,
ACC0909c41729,,False,
ACCe3bb176890,,False,
ACC4b3154bf99,,False,
ACC3d92d0beb2,,False,
ACC6c59094d6e,,False,
ACC9fb4f1eb60,,False,
ACCeebc48e7db,,False,
ACCbdc9cc9782,,False,
ACCde8141e9f5,,False,
ACC5427230394,,False,
ACC87566be757,,False,
ACC1cd6937297,,False,
ACC7c8feaf5b8,,False,
ACCce6a4ba9ab,,False,
ACCabe38145b9,,False,
ACCc958146b0a,,False,
ACCcb854b1301,,False,
ACC500883ff45,,False,
ACC473ee2a2c1,,False,
ACC04322884ef,,False,
ACC8fd04ee97d,,False,
ACC16f7ab324c,,False,
ACC0f6cc7948d,,False,
ACCf6bb166f58,,False,
ACC7d465ab5cc,,False,
ACCae87c763db,,False,
ACCf6e26b9043,,False,
ACC24e57d678e,,False,
ACCd3fd9e8499,,False,
ACC6c6365ba29,,False,COINC0047
ACCc7bd992cd4,,False,
ACCb90dd82e1d,,False,
ACC7a6d142532,,False,
ACC464a477b53,,False,
ACC10b091833d,,False,COINC0001
ACC154e998ba3,,False,
ACCb3bf5118de,,False,
ACCd811378981,,False,
ACCd606d36972,,False,
ACCcba61606e3,,False,
ACC2f2f327e74,,False,
ACCf16ff3a7d3,,False,
ACCa790eccbf9,,False,
ACC59ad769a97,,False,
ACCabd718f836,,False,
ACC8112065b7a,,False,
ACC57a32a305e,,False,
ACC3676954bc9,,False,
ACC7758ebb024,,False,
ACC758b385405,,False,
ACCa8e255e495,,False,
ACCa7638e27fd,,False,
ACC09729863db,,False,
ACC3870e05481,,False,
ACCf551f3dd67,,False,
ACC03c31ce577,,False,
ACC2153f4135b,,False,
ACC0844570b92,,False,
ACC6b252fd131,,False,
ACC1a5e1c751c,,False,
ACC6b30ca60dd,,False,
ACCaab594b62c,,False,
ACC0d2818628e,,False,
ACCc3a570379b,,False,
ACC37a12bbe14,,False,
ACCba312756a1,,False,
ACCa5bbed8c72,,False,
ACCa1f0baf32d,,False,
ACC1ab3ca1252,,False,
ACCb54e815563,,False,
ACCf1b8fe6857,,False,
ACC97f99a701d,,False,
ACC8c1e3eda36,,False,
ACC550da6cca5,,False,COINC0049
ACCea132174ce,,False,
ACCaea92c4c25,,False,
ACC589c328669,,False,
ACCf39d2ae9a0,,False,
ACC1020d58662,,False,
ACC5cb4285676,,False,
ACC51ea038d8f,,False,
ACCec33c51608,,False,
ACC73ee99bbc9,,False,
ACC6950af890b,,False,
ACCf8dc4105d8,,False,
ACC351fe2700f,,False,
ACCc548495dcd,,False,
ACC70e804974f,,False,
ACCc98cd97bec,,False,
ACC38044035fc,,False,
ACC843b9bae06,,False,
ACC0789a13498,,False,
ACC85247a0a57,,False,
ACCacc5e92f8c,,False,
ACCc7813cc246,,False,
ACCa77fb1b725,,False,
ACC2ddba37a35,,False,
ACC647339a078,,False,
ACC9d14819dd4,,False,
ACC40dca62616,,False,
ACC0122e23af7,,False,
ACC2cddc8544b,,False,
ACC9addc75007,,False,
ACC15d5b08984,,False,
ACCf4577aeb9c,,False,
ACCaf3ddeea65,,False,
ACCee7aee1983,,False,
ACCe2b9f50793,,False,
ACC60b61964f2,,False,
ACC1e9062046f,,False,
ACCa4feff1892,,False,
ACC9eb11d3ece,,False,
ACC262b113bea,,False,
ACC26007557a5,,False,
ACC4110fca819,,False,
ACC3c6c121a4a,,False,
ACC1d283a2ad6,,False,
ACCb104d4f087,,False,
ACCe457205c7d,,False,
ACC38b95e24f5,,False,
ACC0db824e329,,False,
ACC1c96331d46,,False,
ACC37b7bf24a7,,False,
ACC1af6f34a65,,False,
ACC764445874b,,False,
ACCa80583348c,,False,
ACCcd6013479e,,False,
ACCdf3bd8eee7,,False,
ACCb3d63a5fea,,False,COINC0015
ACCb2d85c99bd,,False,
ACC404c31844c,,False,
ACCd67ea08a36,,False,
ACCeb71ab0bea,,False,
ACCc54f85618f,,False,
ACCd7183229ac,,False,
ACC90c2244997,,False,
ACCda577e9ddd,,False,
ACC6089b9fe99,,False,
ACCdb353f70c9,,False,COINC0026
ACCd30544b31a,,False,
ACC4de52e15b7,,False,
ACCc32ebb51a6,,False,
ACC9ac6edd619,,False,
ACCbf82ad3abd,,False,COINC0047
ACCb4b7e4a4ef,,False,
ACC2657fc3f6f,,False,
ACCa4b6695005,,False,
ACC9afa1fcc36,,False,COINC0041
ACCd036b4a862,,False,
ACC789131a4ec,,False,
ACCaed31675c1,,False,
ACC8ad97d3f54,,False,
ACC6c0cf85856,,False,
ACCaf5e7c9350,,False,
ACC87ee8e9a10,,False,
ACC4eea51a086,,False,COINC0024
ACCde26e2b2cb,,False,
ACC1a3e1a000b,,False,
ACC98ebc36c97,,False,
ACC788d514cce,,False,
ACC68d0b86ce7,,False,
ACC8f3a1d28c7,,False,
ACC9ea4c8bd44,,False,
ACCb5fcd468ea,,False,
ACCdda3161ddc,,False,
ACCb91d3f4e35,,False,
ACC7a0a950d31,,False,
ACC10f04b35b4,,False,
ACCd3ef13f51b,,False,
ACC563e203d34,,False,
ACC96fd55ad09,,False,
ACCfea49da78b,,False,
ACCc159594774,,False,
ACCbe6c2ec082,,False,
ACCbbeaa1871b,,False,
ACC6b9d5f6459,,False,
ACC521da1d330,,False,
ACC711342f131,,False,
ACC6a0ad2d431,,False,
ACC85c20ff0d4,,False,
ACCb7e157f923,,False,COINC0008
ACC288d68a58b,,False,
ACC6b02404e41,,False,
ACC7961246f2a,,False,
ACC3618e2b6fc,,False,
ACC0340ca44be,,False,
ACC6ddad99126,,False,
ACC6f55565faa,,False,
ACC7bb5c3ce6a,,False,
ACCa5303382a2,,False,
ACCa130f5b53d,,False,
ACC57ae3e6168,,False,
ACC6202eac056,,False,
ACC94dadd69c5,,False,
ACC545450e9d1,,False,
ACC8e9511cb05,,False,COINC0029
ACCf2b4323df0,,False,
ACCecdc1cb176,,False,
ACC7e25b2e79f,,False,
ACCb6f0705146,,False,
ACC704a569672,,False,
ACCbb31ef0304,,False,
ACCf636d409a1,,False,
ACC7c3d7037ac,,False,
ACC73297cc3ff,,False,
ACC2999fd9a97,,False,
ACC5df62e037f,,False,
ACCfc8fced00f,,False,
ACC8016cf2f55,,False,
ACCe7bb9e380b,,False,
ACC2f64b0e5fa,,False,
ACC0b7675d072,,False,
ACCe8b8b78ce6,,False,
ACC51b2c69b59,,False,
ACCfaefe682ce,,False,
ACC81e44d2f71,,False,
ACC25d5d5254a,,False,
ACC65827d79b3,,False,
ACCa07e3379f7,,False,
ACC7e9846d1ec,,False,
ACC1f48f64490,,False,
ACCacc807f503,,False,
ACC90cfccd2c8,,False,
ACC399aa3c968,,False,
ACCa27af4517c,,False,
ACCc6ff8b6d38,,False,
ACC657bd391eb,,False,
ACC666a9d53fc,,False,
ACCbf271d2dbe,,False,
ACC2b07ad25c4,,False,
ACCbdc705b469,,False,
ACC798aa3039d,,False,
ACCd85b99cb10,,False,COINC0033
ACCe515c75f44,,False,
ACC65c40181a1,,False,
ACC7b9b5cbfdf,,False,
ACC9d000190eb,,False,
ACC6899ba3001,,False,
ACC9e9e803f5f,,False,
ACC922876ab7a,,False,
ACCe120f15357,,False,
ACC6d2c5c4d21,,False,
ACC3b6f11fc5c,,False,
ACC8a84242951,,False,
ACC4397c51f79,,False,
ACCbad5fd9707,,False,
ACCfaf5db4d5a,,False,
ACCe4d584a622,,False,
ACC7353ff2ef7,,False,
ACCf0da62c82b,,False,
ACCd627054e52,,False,
ACC9dfed0795d,,False,
ACCa9819ea4af,,False,
ACC16ca30e6bb,,False,
ACC396ab370dc,,False,
ACCc5cb025f82,,False,
ACC20d984e4f9,,False,
ACC4e564a91b5,,False,
ACC1b91888627,,False,
ACCbb4f0caebc,,False,COINC0001
ACCcac95bf10e,,False,
ACC3a0eaf0e0f,,False,
ACC1ef6ce4cd2,,False,
ACCdf3d8e14f9,,False,
ACCc2878d24a3,,False,
ACC0c3522ac03,,False,
ACCe6b3ae0833,,False,
ACCe2e3cf811e,,False,
ACCe9418346dc,,False,
ACC25d05aa6b0,,False,
ACC2078344ef0,,False,
ACCf6b50939a8,,False,
ACCf91e9fd8f4,,False,
ACCd67a7426c9,,False,
ACC12de21dd3c,,False,
ACC71ece36f5a,,False,
ACC9bbc6b0bb9,,False,
ACCb417484025,,False,
ACCb5bf5907e7,,False,
ACC40c84379d2,,False,
ACC7bdde67806,,False,
ACC645afd8447,,False,
ACC9e52d36184,,False,
ACC5865113120,,False,
ACC8e2cb3c8a8,,False,
ACC35eca1d550,,False,
ACCd36b73425a,,False,
ACCa415c21588,,False,
ACC6849104a78,,False,COINC0048
ACCe6f616f16a,,False,
ACC3d17b83acf,,False,
ACC528af40515,,False,
ACC77fa20ffcd,,False,
ACC00d61eb515,,False,
ACC0e277e16fe,,False,
ACCd220250e4a,,False,
ACCbe02171c72,,False,
ACCbca14af4c1,,False,
ACC0b8d959123,,False,
ACCac46f61dbd,,False,
ACC16e32f2522,,False,
ACC1026608109,,False,
ACCb839fba641,,False,
ACCb7d3636612,,False,
ACC42dfae4f3d,,False,
ACCaa5bebb2d4,,False,
ACCf8845a82a3,,False,
ACCa1bdc0ce2d,,False,
ACCc359fce39b,,False,
ACC277d11026b,,False,
ACC54fe0c557a,,False,
ACCe60ef45383,,False,
ACC4ba74faf47,,False,
ACCcfcfafcbf7,,False,
ACC25d7ca4eb0,,False,
ACC13a8ec5271,,False,
ACC4e163a8377,,False,
ACC414281004a,,False,
ACC5744ff0222,,False,
ACC3fa5d697ba,,False,
ACCdc76e6d402,,False,
ACCc269b920e7,,False,
ACC14cfe4d55f,,False,
ACCb910aabd1b,,False,
ACCedfb6a858a,,False,
ACC969dc5dd7b,,False,
ACC89f2b8d8a4,,False,
ACCbed3955a1b,,False,
ACC10d088a390,,False,
ACC795fd31e9e,,False,
ACCdde9a75542,,False,
ACC98f662c405,,False,
ACCc63bec35dd,,False,
ACC70dd20fff3,,False,
ACC3a7acb1f8b,,False,
ACCd08036a72a,,False,
ACC9df03462c6,,False,
ACCf0b32ebc4a,,False,
ACCe095ef148e,,False,
ACC840c31a096,,False,
ACC99c8afa83c,,False,
ACC8d8d4fe3f2,,False,COINC0019
ACC0e02ed4845,,False,
ACC4a3bff8945,,False,
ACC7cf97deb83,,False,
ACC050995947e,,False,
ACCb3d21b4084,,False,
ACCa49c547e13,,False,
ACCfa5b4600b1,,False,
ACCb286a712e6,,False,
ACC4daf943d34,,False,
ACC5a7a340f4f,,False,
ACC30236a0bf3,,False,
ACCe444adc5f3,,False,
ACCb96bad1565,,False,
ACC41242adff9,,False,
ACC6779fde1db,,False,
ACCe388f257d5,,False,
ACC4311e651a3,,False,
ACC9f34a84f83,,False,
ACC6973be3bf6,,False,
ACCce2294c26f,,False,
ACC997bd0b62b,,False,
ACC3bd007ec0a,,False,
ACC7bc5bcb377,,False,
ACCd2c5219bb1,,False,
ACC8a2c668978,,False,
ACC837ca053ea,,False,
ACC00edaa4b04,,False,
ACC695cdcbef8,,False,
ACC9cc43bc73a,,False,
ACCc71b008b95,,False,
ACCb86f00c679,,False,
ACC3c65d0309a,,False,
ACC13b2e0ce4d,,False,
ACCbcf50bf5e4,,False,
ACC32719d728e,,False,
ACCd901f1eeeb,,False,
ACCacb89e1f75,,False,
ACC736d9c4a9a,,False,
ACC3e4f7d3a8b,,False,
ACC2488c2199c,,False,
ACC9ae5949a7f,,False,
ACCf416829b2a,,False,
ACCd1533a04e2,,False,
ACC8976cc8ff4,,False,
ACC40ac1fc525,,False,
ACC1a1d4f49b3,,False,
ACC725ab159b1,,False,
ACC590e465eef,,False,
ACC5bdbf4aafe,,False,
ACCdb1b3c4561,,False,
ACCca35420b31,,False,
ACCcb33bf891f,,False,
ACC76964bda52,,False,
ACC86d1407f40,,False,COINC0014
ACC306c3d20cb,,False,
ACCb699182d6b,,False,
ACCf7a0989c22,,False,
ACC8d1f890a51,,False,
ACCfb15c8905e,,False,
ACC5520cfd256,,False,
ACC993ab04500,,False,
ACCcc4e9cddce,,False,
ACC7ecfe3dadd,,False,
ACC631a335f45,,False,
ACC39000a92ee,,False,
ACCc2cc6d8a25,,False,
ACCf8812fa1e3,,False,
ACC8436922411,,False,
ACCab4214e1d6,,False,
ACC63f40bd08c,,False,
ACCe81a10becd,,False,
ACCeec3a15214,,False,
ACC4c3fe370f2,,False,
ACC89307f0138,,False,
ACC6dce5eb7c5,,False,
ACC616cb4035c,,False,
ACC8df8e9c9f5,,False,
ACC019c00a8ad,,False,
ACC3b6c0e4b95,,False,
ACC6c9a095147,,False,
ACC435710bd52,,False,
ACCc61eb48416,,False,
ACC327793555e,,False,
ACC99d7e7c962,,False,
ACCed5706b4b5,,False,
ACC5d3cc2791e,,False,
ACC145ce9a067,,False,
ACC29607caef3,,False,
ACCe7e844c084,,False,
ACCab114c35e8,,False,
ACC98e7ba992e,,False,
ACC9070c9457b,,False,
ACCaa984987b6,,False,
ACCd84e144bc6,,False,
ACC7deea245ae,,False,
ACC99fe8983f1,,False,
ACCd556546750,,False,
ACC8a81179802,,False,
ACCb3ba1f08d6,,False,
ACC40f5b74c0e,,False,
ACCd8c282b56d,,False,
ACC577c7e1da9,,False,
ACCc153b9c88c,,False,
ACC314bab8abf,,False,
ACCab981140cd,,False,
ACCe8288e84dc,,False,
ACC9cb3964af7,,False,
ACCb6dfac57d7,,False,
ACC21b989644e,,False,
ACCd71f475123,,False,
ACC1055d0b5b2,,False,
ACCf21c27a0cc,,False,
ACC3df0b72df8,,False,
ACCc97f3bb235,,False,
ACC4a5ae07a3e,,False,
ACCb6ca694346,,False,
ACC421b02bd88,,False,
ACC6cade5720e,,False,
ACC4ffa177e28,,False,
ACCba077118ad,,False,
ACC576bf91084,,False,
ACC338eaccbbb,,False,
ACC27370c9635,,False,
ACCbe39494ac9,,False,
ACC082a48588c,,False,
ACC1ccfc31bb9,,False,
ACC61f487b8ab,,False,
ACCaa02e8ff27,,False,
ACCb71200a916,,False,
ACC23ae01802e,,False,
ACCfc7d64f57a,,False,
ACC59316e3f4c,,False,
ACCde4d2462b9,,False,
ACC3df2c75bb1,,False,
ACCaeea65e76e,,False,
ACCecb5e10591,,False,
ACCcccd3c1ae5,,False,
ACC6edf02f5ae,,False,
ACCd0f3eacbc5,,False,
ACC68159659aa,,False,
ACC0d5a3fa988,,False,
ACC9079d57348,,False,
ACC57b96ff6de,,False,
ACC6dc8615420,,False,
ACC2d607be230,,False,
ACCdb284f6f99,,False,
ACC9706de71df,,False,
ACCe5a3981452,,False,
ACC82861bbbc3,,False,
ACC8606ceeee9,,False,COINC0011
ACCd91758ff34,,False,
ACCae78b0394e,,False,
ACC1d2da538ad,,False,
ACCed9702e4c6,,False,
ACC46b5e914bf,,False,
ACC94f16f3b97,,False,
ACC73b6c1cb19,,False,
ACC361782a0b6,,False,
ACC3a532e2d7d,,False,COINC0019
ACC9100b91eba,,False,COINC0046
ACC074fdf22f6,,False,
ACC83fcee2210,,False,
ACCc1c7ce663d,,False,
ACCb72846b287,,False,
ACCe2f1f36cf9,,False,
ACC201aef4049,,False,COINC0021
ACCb8cb76806c,,False,
ACC9c58bd71a0,,False,
ACC13a4c268a5,,False,
ACC50c07ad603,,False,
ACCcde1a56d1c,,False,
ACC2efeb5083c,,False,
ACCc85c4de202,,False,
ACC20c1c4dcab,,False,
ACC97a4be940e,,False,
ACCe04b48e65b,,False,
ACC9fd98ec8e3,,False,
ACC6944e4d6a7,,False,
ACC2aad2c81b7,,False,
ACCdea2be7e18,,False,
ACCfb8fea50dd,,False,
ACCf905d8efa3,,False,
ACCe5672e831d,,False,
ACCa3b4e6a8c5,,False,
ACC16e45dd925,,False,
ACC44b6bc8334,,False,
ACCc74fe0696f,,False,
ACCc1630b2c4b,,False,
ACC6ab44f3dab,,False,
ACC88463f8412,,False,
ACC10cfef9d2d,,False,
ACCa94aeb373a,,False,
ACCa9a551e79a,,False,
ACC46f57704f4,,False,
ACCd6604a09a2,,False,
ACCcf09f5321d,,False,
ACC6534d4575b,,False,
ACC6dd14ba0e1,,False,
ACCe757a1e929,,False,
ACC0eb9ad0601,,False,
ACCdece8d8dec,,False,
ACCadad820844,,False,
ACC3421c130d1,,False,
ACCa0ac82590f,,False,
ACC23e969b65d,,False,
ACC1b4ca29f35,,False,
ACC4e62bc47d4,,False,
ACC2b4caf7011,,False,
ACC0d47b63277,,False,
ACCb4a52af105,,False,COINC0028
ACC08dad991ef,,False,
ACC73749c16b9,,False,
ACCfae70e38aa,,False,
ACCbe59dc22a1,,False,
ACC4a3c938002,,False,
ACC5eaca44825,,False,
ACCa67eeb4eaf,,False,
ACCe453f44691,,False,
ACC884e3f8abb,,False,
ACC182204cec1,,False,
ACC2313861ec1,,False,
ACCac12953409,,False,
ACCa0d71c0dff,,False,
ACC2cd44e5ea0,,False,
ACC21f2adc19a,,False,
ACCbb146f6463,,False,
ACC83cba492ef,,False,
ACC4968b03866,,False,
ACCa3de438187,,False,
ACCe19e39e83a,,False,
ACC26b800766b,,False,
ACC664cecdacc,,False,
ACCc1eefe4c86,,False,
ACC936c6bc53a,,False,
ACCe04095bfa9,,False,
ACC3f3193f81b,,False,
ACCc04edae60d,,False,
ACCe0da15740b,,False,
ACC7edd471943,,False,
ACCf63ae12280,,False,
ACC403e9e5b62,,False,
ACCc10aadbf69,,False,
ACCe3945011ce,,False,
ACCddcfa6f7cc,,False,
ACC2b00636db8,,False,
ACCa7a136f0d6,,False,
ACC989df84e8b,,False,
ACC934d4b6667,,False,
ACCda11dd1546,,False,
ACC47802a9030,,False,
ACC652fb34240,,False,
ACC6b3295492f,,False,
ACC33a5551f04,,False,
ACC6117e2ccc3,,False,
ACC04697efa70,,False,
ACCdaf68bf236,,False,
ACCf4176efcba,,False,
ACC86c5a57159,,False,
ACC1301851b66,,False,
ACC8d340565d1,,False,
ACCa538c6b59a,,False,
ACC437ff347ac,,False,
ACCdcec2685bf,,False,
ACCef1ec528ca,,False,
ACC583c6dfcaf,,False,
ACCc09c4eba1a,,False,
ACCb075c4e718,,False,
ACCe5bc13473b,,False,
ACC925f5346bd,,False,
ACC3ddffaafdc,,False,
ACCd664a56cdd,,False,
ACCd68581b528,,False,
ACCfb8630e3e7,,False,
ACC87e4c3cd0a,,False,
ACCe22ffb166f,,False,
ACC56a954d40a,,False,
ACC9be1c33008,,False,
ACCa29c66d56c,,False,
ACC2919e59ea2,,False,
ACCae8e8bea55,,False,
ACC9aaac6932b,,False,
ACCa6c6eb45e6,,False,
ACCafcc60c6ba,,False,
ACCf6ae10a380,,False,
ACC1d61e25f39,,False,
ACCb9b6ac8322,,False,
ACC846b7856a9,,False,COINC0029
ACC42c4cea015,,False,
ACCc9ceb9675e,,False,
ACCa66a25102c,,False,
ACC491692b0dd,,False,
ACC094e493f2a,,False,
ACCc357916d1b,,False,
ACC18962065af,,False,
ACCb6e11d4f7b,,False,
ACC22b9517a0d,,False,
ACC485c6ce44c,,False,
ACCfc50e9fdc1,,False,
ACC5bff09246a,,False,
ACC091dee8ce3,,False,
ACC03ccaa8f8c,,False,
ACC0281a65d95,,False,
ACCb8293c009d,,False,
ACCac8385f55d,,False,
ACCfce020a210,,False,
ACCce1508474a,,False,
ACCfcbac0322d,,False,
ACCc3b0c4faeb,,False,
ACC98b19043f2,,False,
ACCc166ce007a,,False,
ACC5464e87603,,False,
ACC7f54971463,,False,
ACCcd5a4d5318,,False,
ACC8601da0d0c,,False,COINC0028
ACCbe4b70114b,,False,
ACC02cd40b8aa,,False,
ACCa5d902609a,,False,
ACCc2a7de64d7,,False,
ACC85092111da,,False,
ACC6d562ee015,,False,
ACC7b31f0d794,,False,
ACCfa29178cd6,,False,
ACCd05b30dba5,,False,
ACC2bc859aff1,,False,
ACC7932cc437e,,False,
ACC9c6fa585cc,,False,
ACCf93ba585cc,,False,
ACC793dd11612,,False,
ACC8d48e34667,,False,
ACC8caf538b8d,,False,
ACC10dfa79631,,False,
ACCf1a0c3c8b0,,False,
ACCf7e677f40d,,False,
ACC727fad3aae,,False,
ACC7c346caae2,,False,
ACCae64ca1417,,False,
ACC7c1d576b05,,False,
ACCc5013080b4,,False,
ACC43e7cd47f5,,False,
ACC7bd6126e7c,,False,
ACC5a5e5915f0,,False,
ACC6755c1751f,,False,
ACCdb857e4186,,False,
ACCce652389a5,,False,
ACCc36c1f71ad,,False,
ACCe7c6a26e4b,,False,
ACC51e4d430fe,,False,
ACCbddd023223,,False,
ACC0cf61dbd2d,,False,
ACC45b46a0f10,,False,
ACC168047b885,,False,
ACCc0226e424a,,False,
ACC0b41f76a11,,False,
ACC7a68a8953d,,False,
ACCc56c9802ee,,False,
ACCd3f9ca01c7,,False,
ACC621be0ec37,,False,
ACC241076b303,,False,
ACCd5fad90b59,,False,COINC0037
ACC44b250ad6d,,False,
ACC2e483646f9,,False,
ACC1b4749a0a5,,False,
ACC7918047856,,False,COINC0007
ACCae225906f8,,False,
ACCda4667eba8,,False,
ACCde6ffbdc63,,False,
ACC1fcf451ec9,,False,
ACC6a9714f548,,False,
ACCd2586f2a6e,,False,
ACCbc20614647,,False,
ACCbb45acc228,,False,
ACC5379007591,,False,
ACCa3b75b0480,,False,
ACC3491204926,,False,
ACC15a84bc256,,False,
ACC55acf9be6b,,False,
ACCaebd3e4aa0,,False,
ACCddfcc6b570,,False,
ACC25d110af26,,False,
ACCd1d917fb9b,,False,COINC0019
ACCff51078613,,False,
ACCdb5f38e353,,False,
ACCb020503548,,False,
ACC7b3fc26bc7,,False,
ACC72cb2cc1ea,,False,COINC0013
ACCb0d10589c4,,False,
ACCc953d3824f,,False,
ACC4dcf20f749,,False,
ACCfa33d53c8f,,False,
ACCce2e90910b,,False,
ACCd0567c2256,,False,
ACC0686657601,,False,
ACC0668845944,,False,
ACC20e39418c8,,False,
ACC93dad68ce5,,False,
ACCbdf85cbdb4,,False,
ACCfa41887ce5,,False,
ACC645cae150d,,False,
ACC8c4ef45d6a,,False,
ACC002eb1e478,,False,
ACC8e3fdac1ba,,False,
ACCda1ad22666,,False,
ACC22cdf50a18,,False,
ACCe346037706,,False,
ACC305e8e39de,,False,
ACC1784339f0b,,False,
ACC698912d32d,,False,
ACCbee9b397bb,,False,
ACC39ba4c2e84,,False,
ACC695c0ed7f4,,False,
ACC3d4bfaaaf7,,False,
ACC959aaec228,,False,
ACC6478c9c8ac,,False,
ACC35036a478e,,False,
ACCb7f1372723,,False,
ACC45ee2a0322,,False,
ACC2fc05921c9,,False,
ACCc591407647,,False,
ACC2fc7bf1629,,False,
ACC684c0fa034,,False,
ACC273a741702,,False,
ACC90d57dc472,,False,
ACC7f764e89a1,,False,
ACCfab5809ecd,,False,
ACC8c963afe45,,False,
ACC2b7b187162,,False,
ACC317dfc65f6,,False,
ACCe8b858839d,,False,
ACC88ba0a2215,,False,
ACC9c8f1fd991,,False,
ACC9965f189ba,,False,COINC0023
ACC00432d089e,,False,
ACC00562db159,,False,
ACCc27269cfd7,,False,
ACC3fe05ea15e,,False,
ACC56cd72d0da,,False,
ACC101c8ff80a,,False,
ACC9d36d2cb90,,False,
ACCa8b3e86779,,False,
ACC53f70e6b85,,False,
ACCcd78e6b959,,False,
ACC30ef195107,,False,
ACCc778e8de77,,False,
ACCeaf9bbda7d,,False,
ACCa71f7aecde,,False,
ACCf475273b13,,False,
ACC8f1cf8d697,,False,
ACCcf19334e27,,False,
ACCa2a35179d2,,False,
ACCe701396fcf,,False,
ACCe250546b21,,False,
ACC67f1817f4a,,False,
ACC2b2924ecfd,,False,
ACC25e7b37bd5,,False,
ACC7ae9d27394,,False,
ACCfc4bd6106e,,False,
ACCce9927ace4,,False,
ACC8d9908c111,,False,
ACCb9436f3fa9,,False,
ACC1595798c73,,False,
ACC40df74c18f,,False,
ACC821c33a268,,False,
ACCf07fcdb001,,False,
ACCafe0549a85,,False,
ACC975fafa4d6,,False,
ACCc949d352a1,,False,
ACCcdd49d5709,,False,
ACCf02a4f5912,,False,
ACC4f177122af,,False,
ACCc797465d47,,False,
ACC9c25146314,,False,
ACC428b178ad4,,False,
ACCbc4362411b,,False,
ACCd779c73894,,False,
ACCe8a2508587,,False,
ACC370f7aa8d6,,False,
ACCf1f115fa66,,False,
ACC71ac90a6ad,,False,
ACCa0a0699ca3,,False,
ACC4bc2aed239,,False,
ACC4b9f62bbc2,,False,
ACC47596d9024,,False,
ACCe3eafa2ca8,,False,
ACCd1414de776,,False,
ACCc1c26456bb,,False,
ACCd47a2d911e,,False,
ACC7ebb78d032,,False,
ACCdddd891f9d,,False,
ACC60b0f80cbb,,False,
ACC1d3577e8b3,,False,
ACC2dcb7201a5,,False,
ACCfd356dccb9,,False,
ACC81914a8b67,,False,
ACCe24a3195b0,,False,
ACC0ef0d9674c,,False,
ACC39f9cc98fb,,False,
ACC65d4460b39,,False,
ACCbb6542b53d,,False,
ACC42fcd6ac4a,,False,
ACC28b9bf44ae,,False,
ACCdb86ec81d6,,False,
ACCfe57e76967,,False,
ACCabc9d9c3f0,,False,
ACC3829d80b93,,False,
ACCbf2e429c4e,,False,
ACCf47befcbd2,,False,
ACC01ed388786,,False,
ACC2182839e67,,False,
ACC8c68dcaabf,,False,
ACC9ef562ed2e,,False,
ACC90a472a662,,False,
ACCc85955c45f,,False,
ACC89ee4f892d,,False,
ACC6d1631a908,,False,
ACCe1cd4b3507,,False,
ACCa182976762,,False,
ACC2157e028d0,,False,
ACCcc02f042e0,,False,
ACC3fdb776285,,False,
ACC080555f4ce,,False,
ACCbb863922cd,,False,
ACCffb31dc282,,False,
ACCe51eeeff7b,,False,
ACCcad13a46d7,,False,
ACC0d6ec850aa,,False,
ACC20b6e7d6d3,,False,
ACC9fc3258ea0,,False,
ACCf5b65e4a9a,,False,
ACC72621901bd,,False,
ACCf371726527,,False,
ACCc4126df777,,False,
ACC713f845fb2,,False,
ACCed4d4e3248,,False,COINC0047
ACCa01ced3a4d,,False,
ACC5ae1f53f38,,False,
ACCe2a2b4ef40,,False,
ACCa3649efe06,,False,
ACCfef4eaf4b4,,False,
ACC68c1943812,,False,
ACCb798328f5b,,False,
ACCc0d1180596,,False,
ACCa97bc11d57,,False,
ACC4c4e558d76,,False,
ACC0a3e46875d,,False,
ACC6db7cb20cc,,False,
ACC1f01894295,,False,
ACCd52645f941,,False,COINC0037
ACCc41f23efdf,,False,
ACC498078e5c0,,False,
ACC142a07af51,,False,
ACC13fcb0984c,,False,
ACC4b03812978,,False,
ACC4b000b68fe,,False,
ACC4a2f39cc82,,False,
ACCf1ba19c694,,False,
ACC87695c7932,,False,
ACC48f1ac58fa,,False,
ACC1b372e8be8,,False,
ACC0fc95b6a86,,False,
ACC03d5bfc4fb,,False,
ACC237c66cc0d,,False,
ACC7224ef3381,,False,
ACC76e44d9155,,False,
ACC24bbf38693,,False,
ACC6aae807979,,False,
ACCd56ab205ca,,False,
ACC4d6667ba55,,False,
ACC8f7f2f09b3,,False,
ACCfa11c694fd,,False,
ACC37a9d738da,,False,
ACC738a95b4a0,,False,
ACCd517c081f5,,False,
ACC7bf662d7a4,,False,
ACCf64707a504,,False,
ACC5581743000,,False,
ACC326bb68578,,False,
ACC13ffecfcef,,False,
ACC8931c4ffbc,,False,
ACCf7a5308224,,False,COINC0042
ACC2f83937ce2,,False,
ACC8dfef2fa13,,False,
ACC61288f8ae2,,False,
ACC2dd0e36ddf,,False,
ACC8fc51461d0,,False,
ACC4048493525,,False,
ACC5947956e27,,False,
ACC2d9e439e41,,False,
ACCea1a2c1e2e,,False,
ACC7773c23a93,,False,
ACC55be88e4fc,,False,
ACC74b466eb7d,,False,
ACC68b81aa95a,,False,
ACC52e745f445,,False,
ACC9dea1c4beb,,False,
ACCef00bd70d4,,False,
ACC8304c894b9,,False,
ACC99132a70ef,,False,
ACC59ecb28d85,,False,
ACC764cfce1b7,,False,
ACC67adb8a797,,False,COINC0038
ACC676c6e8ec9,,False,
ACC719e8c3de5,,False,
ACCadbb20b65c,,False,
ACCc6440fab00,,False,
ACC5ed2b0dfcd,,False,
ACCba77c2aeee,,False,
ACC443d30faff,,False,
ACC2413fe737e,,False,
ACC97fda45b8c,,False,
ACCcf3f51977f,,False,
ACC67eca4446e,,False,
ACCc45d852710,,False,
ACC79dc99d728,,False,
ACC5de1befb5b,,False,
ACC6ea1daba93,,False,
ACC8225da6a8b,,False,
ACC50f59324a1,,False,
ACC9761e7c54a,,False,
ACC91dd9b86d0,,False,
ACCdf0a11af92,,False,
ACC90d4c2ffc1,,False,
ACCc9f33378be,,False,
ACCfe891b12f3,,False,
ACCf432af665f,,False,
ACC86cb7c2c3d,,False,
ACCd52477a2f6,,False,
ACCca1d97b722,,False,
ACCb0e00ea8eb,,False,
ACC0427720463,,False,
ACC88441a5970,,False,
ACCa04bf8ec59,,False,
ACCe4543eba55,,False,
ACC34675c9ce8,,False,
ACC3e8b656102,,False,COINC0018
ACCb4f425723f,,False,
ACC168d15c4ee,,False,
ACCa4ba1dc6c5,,False,
ACCb1d0d56037,,False,
ACC6db567a81c,,False,
ACCc98beaaeae,,False,
ACCe0e8b5cddd,,False,
ACCf43f4723af,,False,
ACC8bba81d5ef,,False,
ACCb06ff4f10a,,False,
ACC841f06c26f,,False,
ACC34c11e2e97,,False,
ACCcbbc8e58d6,,False,
ACC0db4e9ace6,,False,
ACC166794f604,,False,
ACC1507114997,,False,
ACCd207e6c498,,False,
ACC19d3425343,,False,
ACCc9b589a13a,,False,
ACC9707622858,,False,
ACC2c7245f6a4,,False,
ACCe3a9f92978,,False,
ACC5ce5210bf9,,False,
ACCe166da1220,,False,
ACC4e5f23c6e9,,False,
ACC86f090a310,,False,
ACCcf979e3de3,,False,
ACC56eda474e8,,False,
ACC5640b47356,,False,
ACCd99bd793c3,,False,
ACCb6db28e29a,,False,
ACCb52b0a117d,,False,
ACC4eda6a6df6,,False,
ACC1e3d97a320,,False,
ACC64bfe55e07,,False,
ACCf77bf3b99d,,False,
ACC07df27aae4,,False,
ACCc8b060b3b0,,False,
ACC6088092d37,,False,
ACC4180984248,,False,
ACC7f445daa33,,False,
ACC32cd0e8800,,False,
ACC12bcaa390c,,False,
ACC521dd86d58,,False,COINC0026
ACC7ba5bcd2f1,,False,
ACC6b84605922,,False,
ACC317bab46ac,,False,
ACC56fd8b408e,,False,
ACC4d2aad5855,,False,
ACC031a0b5ec9,,False,
ACC9f0ccdd93c,,False,
ACC6926cd3f81,,False,
ACCc2a460ed97,,False,
ACCabd0ca98ba,,False,
ACC02d7a04a87,,False,
ACC127d0f328e,,False,
ACCbb8f27b7c6,,False,
ACC9478c4c25c,,False,
ACCdb84ed81ba,,False,
ACC5ef5403c11,,False,
ACCbb79c0254d,,False,
ACCa1966a6679,,False,
ACCe31db0bba1,,False,
ACCaaf03caa0e,,False,
ACC9802c73ee9,,False,
ACC9c5c7355b1,,False,
ACC67bc5f8e34,,False,
ACCaeba067f2e,,False,
ACCde9054b5d5,,False,
ACCc84799d9ef,,False,
ACCe43783e414,,False,
ACCe41e15272b,,False,
ACC198e8ba326,,False,
ACCbf22e1d127,,False,
ACCad3db0e312,,False,
ACC04c5c3fca9,,False,
ACCd45734d850,,False,
ACC4015497a5a,,False,
ACCc724de6c4b,,False,
ACC2260239403,,False,
ACC46cfa77348,,False,
ACC6550414c6e,,False,
ACCba0c15e9c6,,False,
ACC6fc7fd258c,,False,
ACCabf0b82a4a,,False,
ACC61fe89c1b1,,False,
ACC7c79ceef16,,False,
ACC9d86725d1f,,False,
ACCaead8bc6bf,,False,
ACCd97b820f2a,,False,
ACC7a4a905c84,,False,
ACC4231824646,,False,
ACC1106e24686,,False,
ACC33227e8c6a,,False,
ACC6175595efb,,False,
ACCac7bba24d7,,False,
ACCdae5c23663,,False,
ACCa6c117ba27,,False,
ACC1677e8cd67,,False,
ACCa622eee400,,False,
ACC22de2cc3cc,,False,COINC0012
ACC5ef86e963f,,False,
ACCc3c5662bb5,,False,
ACC11f13b31bc,,False,
ACC996f6a6fba,,False,
ACC5e3172c6c0,,False,
ACCa467482e9a,,False,
ACCafc8f74a0c,,False,
ACCa1b6e70920,,False,COINC0008
ACCf690d771bb,,False,
ACC0bffb7d873,,False,
ACC2e516842b5,,False,
ACC19aa921250,,False,
ACCb3518f4050,,False,
ACC8330286bcc,,False,
ACC270c2ef2f4,,False,
ACC1aab644d9a,,False,
ACC356b423b1a,,False,
ACCaade28ec22,,False,
ACCd63825c379,,False,
ACC33e9d87237,,False,
ACCd4e3b65b79,,False,
ACC37cd1f6a54,,False,
ACC2055d10c2c,,False,
ACCf60d1bac5d,,False,
ACC2d179444a5,,False,
ACCe8846cbac7,,False,
ACC80492a14bf,,False,
ACC437f2887ac,,False,
ACC0420f1237a,,False,
ACC9804a32227,,False,
ACCedaa446b23,,False,
ACC2cd1c77d27,,False,
ACC93037f038d,,False,
ACC5ee73af90b,,False,
ACCfdf827763f,,False,
ACCf59e89def6,,False,
ACC3122b53323,,False,
ACCb41b802e6c,,False,
ACC91107934b5,,False,
ACC00788c2ef1,,False,
ACCa8f133074d,,False,
ACC628c1ea781,,False,
ACC02c4fcd204,,False,
ACC4fd5f5240e,,False,
ACCa6cbae0a33,,False,
ACCc5cbd8cb29,,False,
ACCff4ec62175,,False,
ACC72d7edee42,,False,
ACC0ada13cf5b,,False,
ACCc5085cecac,,False,
ACC5ba25b10fd,,False,
ACC099804ef56,,False,
ACCff4085aa7e,,False,
ACCf3c1724829,,False,
ACC977725fc8e,,False,
ACC3afd10f511,,False,
ACCa671bc07d5,,False,
ACC855965ccb8,,False,
ACC2ff01ff3b7,,False,
ACCa0370d516f,,False,
ACC11a58f1fb2,,False,
ACC3cc1bd475a,,False,
ACC46028eceba,,False,
ACCad610b375d,,False,
ACCd7b976a17f,,False,
ACC3de222aa21,,False,
ACC49fb21fbff,,False,
ACCbf454a9dd3,,False,
ACCa04177e478,,False,
ACC6cc22f5418,,False,
ACC2a147ae1ed,,False,
ACC6bc7854a68,,False,
ACC1faff6dec1,,False,
ACC6825b023ce,,False,
ACC9a76bd3663,,False,
ACC7424a52f88,,False,
ACC0f38c914f7,,False,
ACCdd50c06991,,False,
ACC683040528c,,False,
ACCdf1e8744bc,,False,
ACC5680418c62,,False,
ACC321e980f56,,False,
ACC531baf7ed7,,False,
ACCb679105710,,False,
ACC0bd05eb582,,False,
ACCef83d6c005,,False,
ACCe7f6fe329c,,False,
ACC82d61d6f89,,False,
ACCf07e6b6968,,False,
ACC5a4f5af934,,False,COINC0031
ACC664845c816,,False,
ACC939f906c30,,False,
ACC0752a988eb,,False,
ACC0a96043551,,False,
ACCf002b40d5b,,False,
ACC73f8dcfe5e,,False,
ACCfae8d1e349,,False,
ACC4e4d8e9188,,False,
ACC510a9f5977,,False,
ACC7b705a9905,,False,
ACCee1ac778ea,,False,
ACC8d5dac59c2,,False,
ACC753ccc5124,,False,
ACCeccf3505ba,,False,
ACC469a294082,,False,
ACCaa1b6844c0,,False,
ACC5e6ace506f,,False,
ACCdfc9d3a114,,False,
ACCb29d0b3f08,,False,
ACC190a71bf32,,False,
ACCa196b93c89,,False,
ACC03b1702b13,,False,
ACC605cc33bcf,,False,
ACCb75260b75a,,False,
ACCc59a01371e,,False,
ACCb9319616f2,,False,
ACC85f6e44920,,False,
ACCf092d9c7a9,,False,
ACCcc72541bef,,False,
ACCc6dc7175b6,,False,
ACCdc1fa72b4b,,False,
ACC0257d6e2a3,,False,
ACC241dfb316a,,False,
ACC06ed5b7089,,False,
ACC276116250c,,False,
ACC86fc885f4e,,False,
ACC6586393e01,,False,
ACC7813edced4,,False,
ACCf1034ff9d6,,False,
ACC3995dd1caf,,False,
ACCf5c19f7889,,False,
ACCa71e8cc0cf,,False,
ACCc6b9f9e14b,,False,
ACC62ce14a4e6,,False,
ACC5920fb381f,,False,
ACC7fd3e296dc,,False,
ACCe78a019509,,False,
ACC3dbb57bb5f,,False,
ACCa57cfcf4c5,,False,
ACC6d7d5fc964,,False,
ACCcc098f33c5,,False,
ACC715e9adc19,,False,
ACC3044efa677,,False,
ACC6b9450bae5,,False,
ACC745c0ca24f,,False,COINC0038
ACC3cf39f5cf3,,False,
ACC804f756d7b,,False,
ACCd2e2bc505d,,False,
ACC037c363f2c,,False,
ACC3552c6e343,,False,
ACC1909100c1b,,False,
ACCc618375b93,,False,
ACCf35f7a4a54,,False,
ACCb379fc2719,,False,
ACCd401a3ee37,,False,
ACCc1108ffb5d,,False,
ACCecca5cf177,,False,
ACCf92d12d520,,False,
ACC342496fce8,,False,
ACC22b8694574,,False,
ACC6c9e9d2a7f,,False,
ACCe70e7a93ab,,False,
ACC7c64dfd95d,,False,
ACC58eb2d3dd8,,False,
ACCa9df73565d,,False,
ACC9f76b9a319,,False,
ACC175391b5aa,,False,
ACC4c7babbdf6,,False,
ACC4d7c5e47a6,,False,
ACC32f5a4f640,,False,
ACC8c6c27e03b,,False,
ACCeb4e888d3e,,False,
ACCd2e0506acf,,False,
ACC85a8c59d7f,,False,
ACC3fb2c00ab7,,False,
ACCa6c8ad3ed0,,False,
ACC2a3a650f67,,False,
ACCef18a7ddbc,,False,
ACCb5be873b46,,False,
ACC3b63ccc8f2,,False,
ACCd35494ee8d,,False,
ACC2d4e3f4f4e,,False,
ACCa81a671a47,,False,
ACC50e57df075,,False,
ACC64d611a440,,False,
ACC359262f9fd,,False,
ACC794553756e,,False,
ACC0f5b2a4cc3,,False,
ACCed784f980e,,False,
ACC376ec56ded,,False,
ACC04a67db607,,False,
ACC65c0353ff8,,False,
ACC194b57c2bf,,False,
ACCd71cff84db,,False,
ACC085eb8f5d4,,False,
ACCd5f988f305,,False,
ACC7e9f9f9a8c,,False,
ACCd843f389f6,,False,
ACC9627b8c61d,,False,
ACC5d1f314dae,,False,
ACC7ed591e898,,False,
ACC475ff943b4,,False,
ACC6f3c7ecd6f,,False,
ACC7f3b8abf7f,,False,
ACC488bc04436,,False,
ACCd05d9c6bda,,False,
ACC30febccb90,,False,
ACC839fc021f8,,False,
ACCf2c01c3e4c,,False,
ACC296ceed6a7,,False,
ACC4d1536f8a3,,False,
ACCd251d3a57b,,False,
ACC1560b400a5,,False,
ACCa418947f60,,False,
ACC2407b1b4ee,,False,
ACC86516340ff,,False,
ACC74b5b79d44,,False,
ACC5155ba3f50,,False,
ACCc8a2f51044,,False,
ACC8fce4be0e5,,False,
ACC54808e11d7,,False,
ACCda409dc4fc,,False,
ACC4674eba9b7,,False,
ACC013b448d12,,False,
ACC569977f4f5,,False,
ACC2365ea7525,,False,
ACC1d46102a88,,False,
ACC887ced0ff6,,False,
ACC527b45f0ca,,False,
ACC67888c8d92,,False,
ACC4b312e2fb5,,False,
ACCd8be80c744,,False,
ACC0d6a31a0d0,,False,
ACC20573adf7a,,False,
ACC11c4808f5e,,False,
ACC892b3fbc8d,,False,
ACCc461c5dcf0,,False,
ACC1d0758be44,,False,
ACC63740bb645,,False,
ACC270c2eb47d,,False,
ACC2059a57d37,,False,
ACC1aca608ffc,,False,
ACCb0e399818b,,False,
ACC2ff2ce154a,,False,
ACC40726a683a,,False,
ACC04add9f051,,False,
ACCe7f104d54c,,False,
ACC837b6a2505,,False,
ACC1d59cd6add,,False,
ACCdf0946f1db,,False,
ACCc1a03e362a,,False,
ACCb2f147f6ad,,False,
ACCe430846681,,False,
ACC45e0f1ceac,,False,
ACCf9842396ff,,False,
ACCaae211eb5b,,False,
ACC6a470d93bb,,False,
ACC03ec50125f,,False,
ACC029ca05bc2,,False,
ACC1fd4b0cdd9,,False,
ACC72d636b0cc,,False,
ACC886462aca1,,False,
ACC8102ab15a3,,False,
ACC4f7a18e26a,,False,
ACC0732958c2c,,False,
ACC1182bcf84e,,False,
ACC5baa202fc5,,False,
ACC75e4504c70,,False,
ACC83bb953d1d,,False,
ACC291d4c1c9d,,False,
ACCf65b15e37d,,False,
ACCe5d3ada386,,False,
ACCab5f3f7604,,False,
ACC82c5037343,,False,
ACC1f35309cac,,False,
ACC0c512de0a3,,False,
ACC55b39d5866,,False,
ACCccfa43bfc9,,False,
ACC8029be74b0,,False,
ACC01e1bfc6f4,,False,
ACCde72277bd1,,False,
ACC4dd347a5d1,,False,
ACC34ece23095,,False,
ACC397c5a566d,,False,COINC0044
ACC4f65c71b16,,False,
ACCd8192c548e,,False,
ACC0097a6eac7,,False,
ACC0fcdf4e8f6,,False,
ACC60fb183bc8,,False,
ACCcda231e615,,False,
ACCb01bbbb29a,,False,
ACC97822d52b1,,False,
ACCb5a01d3c00,,False,
ACCdbd35e24e2,,False,
ACCdaeac089b3,,False,
ACC00b75c5702,,False,
ACC117af83bb2,,False,
ACCdea3f2cb7b,,False,
ACC69cd1b7888,,False,
ACCb3eb3a8d16,,False,
ACC9b087492d7,,False,
ACC8afbfe302f,,False,COINC0020
ACCa38d322295,,False,
ACC5a228661db,,False,
ACCfc0900b3ae,,False,
ACCbdda00d16d,,False,COINC0016
ACC8c3ca90793,,False,
ACC7886f4374f,,False,
ACC9b2d423397,,False,
ACC7e269d2027,,False,
ACC6fb657d52d,,False,
ACC64a4f0ea65,,False,
ACCc076b965bf,,False,
ACC82adaba6f0,,False,
ACCba6f1dbf14,,False,
ACC5fe2aeec95,,False,
ACC50c07d7673,,False,
ACCa28a04cff6,,False,
ACCdb9a58a2c6,,False,
ACC1d60aafd52,,False,
ACC6013d53b93,,False,
ACC3a85488298,,False,
ACC63ca528436,,False,
ACC32c2dab37f,,False,
ACCb9254c46b6,,False,
ACCa24223fc78,,False,
ACCd2e29215e0,,False,
ACCd1921b357e,,False,
ACC8611806958,,False,
ACCdbde240821,,False,
ACCd2df087027,,False,
ACCaef2dcbad7,,False,
ACC446730c60a,,False,
ACCbc727b9ba9,,False,
ACC54bc48d3e9,,False,
ACCe30a4acf48,,False,
ACC4f6e9da793,,False,
ACCe65644a01c,,False,
ACCd22e07a35d,,False,
ACCe0ee24f942,,False,COINC0017
ACC68a15b0416,,False,
ACC91daaec904,,False,
ACCd52c01f89d,,False,
ACCf93adf555b,,False,
ACC5f85941ea6,,False,
ACCf01bef37bc,,False,COINC0039
ACCe4719d9723,,False,
ACCc86835dad7,,False,
ACCe6816a7581,,False,
ACC2dd8680ae0,,False,
ACC1ded4be0f7,,False,
ACC178e01502c,,False,
ACC5ed798cdbb,,False,
ACC0bc867187b,,False,
ACC66a0d38698,,False,
ACC27871acaa9,,False,
ACCc4d4df32c3,,False,
ACC2016381833,,False,
ACC7baaee2415,,False,
ACCce404053c6,,False,
ACCac88ff31f1,,False,
ACC9e4960e930,,False,
ACCeabc409932,,False,
ACC4ae1c00786,,False,
ACC48d419e6df,,False,
ACC9d7cba2698,,False,
ACC3f140ced7d,,False,
ACC6902a43d12,,False,
ACC216ccd4711,,False,
ACC1d269ff420,,False,
ACCdbbe24bb53,,False,
ACCf5bb245eb3,,False,
ACCea81ee1d7d,,False,
ACCa8d8178c96,,False,
ACCf0860c2334,,False,
ACCe1ffc25412,,False,
ACC2e653501c7,,False,
ACC274cf7cb28,,False,
ACC33e68b39d5,,False,
ACCf44149d0ae,,False,
ACC8ddf25ac56,,False,
ACC154deaf26f,,False,
ACC63968f48d3,,False,
ACC4de7883789,,False,
ACCd93d18e65d,,False,
ACCaa06121d67,,False,
ACC1bcd968a57,,False,
ACC5f4caba46e,,False,
ACCd9c7f55b76,,False,
ACC5087e55e08,,False,
ACC9ba272d87d,,False,
ACC215140f881,,False,
ACC790f1f8266,,False,
ACCc3fc4e15f5,,False,
ACC1a55c3e4ab,,False,
ACC0b623ae26c,,False,
ACC0a85beeb45,,False,
ACC4007d9cf07,,False,
ACC6c901fb6d1,,False,
ACCf2644fe980,,False,
ACC2c6b84c504,,False,
ACCfd9aa71fa6,,False,
ACC0f13c480e8,,False,
ACCebdf5eb170,,False,
ACC5e0c8120cd,,False,
ACC11ea92a714,,False,
ACCa696aa8664,,False,
ACC17c3aaa664,,False,COINC0010
ACC1eabb482e6,,False,COINC0025
ACCa2d01015a3,,False,COINC0010
ACCa5985fa4e7,,False,
ACC92190a8ea2,,False,
ACC24587024c1,,False,
ACC4bd86971be,,False,
ACC46ae81961b,,False,
ACC060dcd09aa,,False,
ACCbfee4ee096,,False,
ACC8eaec2e232,,False,
ACCf7d8f63b5a,,False,
ACCd2a477fbc3,,False,
ACCc286bf88fc,,False,
ACCb1486a6cca,,False,
ACCd58edc6d22,,False,
ACCe4a36be4b1,,False,
ACCf4336d9458,,False,
ACC6a07548dcc,,False,
ACCde749e53fa,,False,
ACC5662975d44,,False,
ACCb62ac2806e,,False,
ACCaab54dfea7,,False,
ACC9e2118fd95,,False,
ACCa7976fc3d0,,False,
ACC106ed02efd,,False,
ACC840831edd7,,False,
ACC04f45e00ff,,False,
ACCc49810d3a0,,False,
ACC40f4ca23e5,,False,
ACC9563f12269,,False,
ACCd0bf3b4a04,,False,
ACC44ae601fe1,,False,
ACCe1eb02993e,,False,
ACCf4f26f5a85,,False,
ACC90723ad59f,,False,
ACCe1a841fa24,,False,
ACC2edd489592,,False,
ACCb0914e9d41,,False,
ACC79318caba6,,False,
ACCa24447f434,,False,
ACCd4c010156f,,False,
ACCc6fe8d52c1,,False,
ACC8a14b2925a,,False,
ACCbb45e026cc,,False,
ACC10916231d1,,False,
ACC9ba493a523,,False,COINC0032
ACC63174db99a,,False,
ACC8db244f50d,,False,
ACCd6e2195f11,,False,
ACC5f6532f445,,False,
ACCd6c61663a2,,False,
ACC4912169700,,False,
ACC139a510f95,,False,
ACCb0b91782e2,,False,
ACC506fe520dc,,False,
ACCab798595ce,,False,
ACCfb0fd326a9,,False,
ACC01184cd856,,False,
ACC76fb66ddd5,,False,
ACCa7a06b1af3,,False,
ACCb2c419cb1f,,False,
ACC49d17f9a67,,False,
ACCf4f7ac359f,,False,
ACC6fcf1413d8,,False,
ACC83789087e2,,False,
ACCfd58558baf,,False,
ACC6dbbbce524,,False,
ACCb0dd437500,,False,
ACCe63dff465b,,False,
ACC99f085805a,,False,
ACC7d488bff5c,,False,COINC0034
ACCc8e32b1d55,,False,
ACC49d0ed8956,,False,
ACC1cf911642e,,False,
ACCcff3f2ea8d,,False,
ACCf80a077ead,,False,
ACCc24d85e952,,False,
ACC42db809961,,False,
ACCbb9ee42ee8,,False,
ACC89646fc8be,,False,
ACC10abedefa0,,False,
ACCc34cadd173,,False,
ACC2be671b4e4,,False,
ACC92bbe56186,,False,
ACC77b254d0bd,,False,
ACCcc4b73f85f,,False,
ACC81e42eddd8,,False,
ACCe84c78703e,,False,
ACCbf7a0bc2b3,,False,
ACC9a0a2d5cad,,False,
ACC68ae4ff615,,False,
ACCbfb6cbf45d,,False,
ACCe63daecd2f,,False,
ACCdd2f42973f,,False,
ACC94efd769fa,,False,
ACC4bcbd8cdb4,,False,
ACC606e8a6477,,False,
ACC0e9cf6378a,,False,
ACC4bb3398953,,False,
ACC316a28b093,,False,
ACC8421f65ec6,,False,
ACCa6d7f81cc6,,False,
ACCf5c9a3e0a7,,False,
ACC8d9776a0b7,,False,
ACCe514446899,,False,
ACCd41e4ea7c2,,False,
ACC670d1aae71,,False,
ACC67173e862a,,False,
ACCfdd5754cc0,,False,
ACC30957a3b40,,False,
ACC5a7e3d1f92,,False,
ACC6c6e238d2d,,False,
ACCf28396e0f7,,False,
ACCc70cb01a86,,False,
ACC292d7b7925,,False,
ACC1048397810,,False,
ACCac65b2d0f6,,False,
ACC3d5d22efb6,,False,
ACC7e1e235bc0,,False,
ACCcb5d5d4958,,False,
ACC34df290297,,False,
ACCfc24a7f5fa,,False,
ACC9f9c43fb34,,False,
ACCf55bc52743,,False,
ACC7088a7a9d5,,False,
ACCa56099326e,,False,
ACC90620aa0c7,,False,
ACC5569701110,,False,
ACCb68268e586,,False,
ACC2588107483,,False,
ACCff55f4f41c,,False,
ACCf052e2cd69,,False,
ACCf1c44bbee5,,False,
ACC1053540a6e,,False,
ACC7b1266d400,,False,
ACC458ac0fb59,,False,
ACC043b0ea6f8,,False,
ACC17214a8912,,False,
ACC71c6fda04f,,False,
ACC6b419113dc,,False,
ACC054ee836e7,,False,
ACCd0c3f7e7eb,,False,
ACC37c918b26a,,False,
ACC3c3e92a602,,False,
ACC8e0875b760,,False,
ACC0dcb6d232a,,False,
ACCfbc3cf2939,,False,
ACC44feb627cb,,False,
ACCb9c00fe99d,,False,
ACC4919d848bc,,False,
ACC6c52c33de4,,False,
ACC805424cc18,,False,
ACCc46f65df40,,False,
ACC4ee52a7037,,False,
ACC38fb60f79b,,False,
ACCe3c330bfd1,,False,
ACCd0764ad0f8,,False,
ACC2486af05d2,,False,
ACC2f87597e6f,,False,
ACC64a4047196,,False,
ACCfec77726db,,False,
ACC6f01174fb9,,False,
ACCee8b9e82bc,,False,
ACC789edfd202,,False,
ACC6018c5f304,,False,
ACC7846b750b7,,False,
ACCf85cc3d569,,False,
ACC5a169ae53d,,False,
ACC0e4a91b256,,False,
ACCc01df76eda,,False,
ACCd863beb157,,False,
ACC6cd47157a6,,False,
ACCf23b43d2bf,,False,
ACC4d83fd30d0,,False,
ACC49a3990fce,,False,
ACC97df4f3a23,,False,
ACC961ff6bd8c,,False,COINC0046
ACC43237f559e,,False,
ACCc5fad99359,,False,
ACCe1d1972609,,False,
ACC8470d7488a,,False,
ACC4e452be941,,False,
ACCb7621ac904,,False,
ACC718a51f379,,False,
ACC494ca94f51,,False,
ACCeb3a4edb92,,False,
ACCacffd72dd8,,False,
ACC631f36c29c,,False,
ACCe4f74cb91f,,False,
ACCdac46e1520,,False,
ACCab6089574c,,False,
ACC5bd1a04a1d,,False,
ACC37a0895e9c,,False,
ACC18cf37f438,,False,
ACC706496b57c,,False,
ACCff2d087676,,False,
ACC400188c72b,,False,
ACC7173dc8861,,False,
ACC0f99b51adb,,False,
ACC4949470d34,,False,
ACCe9b0f0d357,,False,
ACCdd9e04e987,,False,
ACC17194d5290,,False,
ACC4fcb008c35,,False,
ACC130fad828d,,False,
ACCc23fc0bd1c,,False,
ACCbf3869fbb7,,False,
ACCbe4173c466,,False,
ACCe4c555ec73,,False,
ACC3303c0430e,,False,
ACC2031b982b4,,False,
ACC3b28f97b99,,False,
ACCe65357bde0,,False,
ACCbd7a06e767,,False,
ACC236fd1ba31,,False,
ACC671511e8c2,,False,COINC0032
ACC0c0fc16342,,False,
ACC6cba27a9e7,,False,
ACCca31934b0d,,False,
ACC5be6569bc0,,False,
ACC8b9f1fb4df,,False,
ACC4040c1e21e,,False,
ACC59dfe2d2e5,,False,
ACC97cd6e1ad0,,False,
ACC1cbd52bfac,,False,
ACC5213cb8cda,,False,
ACC4435b3319f,,False,
ACC8b6641ba2d,,False,
ACCf62bd1d0f7,,False,
ACCa2341cf046,,False,
ACC209e9f1231,,False,
ACC0f3d3be583,,False,
ACCe3385819a6,,False,
ACC3e7d1cb326,,False,
ACCc13f888870,,False,
ACC9018e0b1c7,,False,
ACC8f3c7c0827,,False,
ACC11cc7ab2e9,,False,
ACC7ed7f0148c,,False,
ACC56d562193b,,False,
ACC2b6625809c,,False,
ACC349a6ebf16,,False,
ACCde8a2df782,,False,
ACC176a42b0a9,,False,
ACCeab2b22c2b,,False,
ACC22440aba4d,,False,
ACC4d3a1e49d7,,False,
ACCc8545749f3,,False,
ACC6732daf008,,False,
ACC433c03e007,,False,
ACC7ccbbc3992,,False,
ACC0cfb266229,,False,
ACCca42e0a459,,False,
ACCbad208d2dc,,False,
ACC2b6edca506,,False,
ACCbe13c0ff30,,False,
ACCddbab3e03a,,False,
ACC6135020671,,False,
ACC685a137d69,,False,
ACC78ebb542dd,,False,
ACC5cb6931e6d,,False,
ACCbee86227ae,,False,
ACCa4387ab6d5,,False,
ACCe6ca4066b2,,False,
ACC38f1f1f433,,False,
ACC34f27ef326,,False,
ACCe13f31e608,,False,
ACCe10f3b7013,,False,
ACC85a58db280,,False,
ACC473941cabb,,False,
ACC93b432eefe,,False,
ACC76fdc07ea9,,False,
ACC59690acfeb,,False,
ACCda45026c45,,False,
ACCf396b6f7c4,,False,
ACC5131e3121b,,False,
ACCb2ebf7e6d8,,False,COINC0007
ACC7c2aa3c172,,False,
ACC89abe0feea,,False,
ACC883a3dc9eb,,False,
ACC4ed5a705ed,,False,
ACCda50d8e6a3,,False,
ACCfbddcd4caa,,False,
ACC0b635cd9ee,,False,
ACC1762eb0acb,,False,
ACC66fa188c17,,False,
ACC6bb86df1b2,,False,
ACC3a5f2c762c,,False,
ACC82f31d620d,,False,
ACC51b229effd,,False,
ACC008e0499b2,,False,
ACC881b429036,,False,
ACC6ed29a29de,,False,
ACC74878b6bd6,,False,
ACC09bf3992c1,,False,
ACCb93b5933ee,,False,
ACC7bc4459b84,,False,
ACC925a3deb11,,False,
ACC3afe8c116d,,False,
ACC918e1b42c0,,False,
ACCf652b571ff,,False,
ACC6faa8594a9,,False,
ACC52a5c16bfc,,False,
ACC7d9a5efe5f,,False,
ACCa1b0124de7,,False,
ACCf4f751b1bc,,False,
ACC0631f2b321,,False,
ACC85eaa4cf76,,False,
ACC064e3fff55,,False,
ACCa25c155e01,,False,
ACCf4f00ae152,,False,
ACC0b7ca1c219,,False,
ACCea0cd88320,,False,
ACC8d6294098d,,False,
ACC77480d787d,,False,
ACCc7c9eea626,,False,
ACCaafe107b89,,False,
ACCcd4aa73c59,,False,
ACCc648fe5088,,False,
ACC4d0f6fa9f4,,False,
ACC030dca936b,,False,
ACCac43a27b79,,False,
ACCbe7398bff1,,False,
ACC6d9ee85791,,False,
ACCeca3e7e311,,False,
ACC278157b2d7,,False,
ACCeade9cc6b8,,False,
ACC75020d7d7c,,False,
ACCcfd0e581b0,,False,
ACC2cd4060e44,,False,
ACC334df26ff6,,False,
ACCf4d1c8c9a1,,False,
ACCc349d6225e,,False,
ACC3e784906d5,,False,
ACCd9cf9f8579,,False,
ACC3edc7389d6,,False,
ACC2ab37b2cca,RING000,True,
ACCbe81db2ff6,RING000,True,
ACC825d0fdf4e,RING000,True,
ACC1b939fdf52,RING000,True,
ACC0225064d53,RING000,True,
ACC6290dbba41,RING000,True,
ACC4d483ee3aa,RING000,True,
ACCae6628e6cd,RING000,True,
ACC56047bd314,RING000,True,
ACC50ae0264cb,RING000,True,
ACC5d64b64862,RING000,True,
ACC300d6cbab6,RING000,True,
ACC0d80de5e99,RING000,True,
ACCd12baa456b,RING000,True,
ACCcdea590b06,RING000,True,
ACC99a807b238,RING000,True,
ACC08572e6cc2,RING000,True,
ACC67be69133d,RING000,True,
ACC3b896a6240,RING000,True,
ACC41ecec07c3,RING000,True,
ACC064180ad8b,RING000,True,
ACC5b8442d85e,RING000,True,
ACC5a6f9ed95d,RING000,True,
ACC5b6f0b4e46,RING000,True,
ACC2a3b1747aa,RING000,True,
ACC5781a266cf,RING000,True,
ACC757fac0670,RING000,True,
ACC6d6656fb4f,RING000,True,
ACC9916ead605,RING000,True,
ACCc676172e1e,RING000,True,
ACCe2a5ef5323,RING000,True,
ACC37d50c3293,RING001,True,
ACC394cf5cf81,RING001,True,
ACC630ea9a0c7,RING001,True,
ACC9e3fe87ec8,RING001,True,
ACC130f0acbd0,RING001,True,
ACC28b242e511,RING001,True,
ACCeb56b52c14,RING001,True,
ACCabc812440c,RING001,True,
ACC85bacf170a,RING001,True,
ACC354b198841,RING001,True,
ACCf36e27bec6,RING001,True,
ACCa56f5859ab,RING002,True,
ACC744e202e2a,RING002,True,
ACC89ef0d8857,RING002,True,
ACCc444fe75c8,RING002,True,
ACC47f4cea1ed,RING002,True,
ACC745128087e,RING002,True,
ACC6727aa42b2,RING002,True,
ACC5ca32628ff,RING002,True,
ACCcddb46cdbb,RING002,True,
ACC20dc6087da,RING002,True,
ACC15224180f1,RING002,True,
ACCe7d28f73bd,RING002,True,
ACCcf27c242cf,RING002,True,
ACC0f630a24f8,RING002,True,
ACC221a7e3652,RING002,True,
ACCb3ff0b8bbc,RING002,True,
ACC9c8e45c4c3,RING002,True,
ACC532bb844c3,RING002,True,
ACC2374e5f7ae,RING002,True,
ACCe909f7e13e,RING002,True,
ACCe28a3b13a8,RING002,True,
ACCed9d6166cf,RING002,True,
ACC9b447adf00,RING002,True,
ACC9d51c71ce4,RING002,True,
ACCcfae9968b7,RING002,True,
ACCa7ca443027,RING002,True,
ACC7a71528478,RING002,True,
ACC8e47ae149f,RING002,True,
ACCa2a7123af1,RING002,True,
ACC9f4b180a73,RING002,True,
ACC368d336669,RING002,True,
ACC1b52848ec3,RING003,True,
ACC2d7efc58ae,RING003,True,
ACC7621c7bed5,RING003,True,
ACCba9d932f2b,RING003,True,
ACC3c30372af6,RING003,True,
ACC7e22bd29c2,RING003,True,
ACC41f23f85e9,RING003,True,
ACC61e3e6f349,RING003,True,
ACC668b02de7b,RING003,True,
ACC17937e335b,RING003,True,
ACCe973351042,RING003,True,
ACCe647baf165,RING003,True,
ACCc58b34b444,RING003,True,
ACCf70e8c16e3,RING003,True,
ACC132d2688e3,RING003,True,
ACC7b2716d12c,RING003,True,
ACCffea70455c,RING003,True,
ACC28eddf56bb,RING003,True,
ACC7c35bc4cc4,RING003,True,
ACCf4d33ae4aa,RING003,True,
ACC430bb3e5c2,RING003,True,
ACCc686127ff4,RING003,True,
ACC55dfdccb7c,RING004,True,
ACC36281e7cab,RING004,True,
ACC9f12c07e97,RING004,True,
ACC4aec954b5f,RING004,True,
ACC10fbaa18a8,RING004,True,
ACC6fb759cf01,RING004,True,
ACC6633ab5398,RING004,True,
ACC1d5e5b8a7a,RING004,True,
ACCd9f582ce84,RING004,True,
ACC019dba1e90,RING004,True,
ACC702a1e7cca,RING004,True,
ACC94cb08103d,RING004,True,
ACC8ee5f48482,RING004,True,
ACC68e5669f8d,RING004,True,
ACCd963171971,RING004,True,
ACCb902bda0fe,RING004,True,
ACC437e18305a,RING004,True,
ACC2f38593763,RING004,True,
ACCcb93791469,RING004,True,
ACC005ec150e8,RING004,True,
ACCe8f7621b7d,RING004,True,
ACC055b3ab903,RING004,True,
ACC8b248b295f,RING004,True,
ACC6a1bea26c0,RING004,True,
ACCda77a2f662,RING005,True,
ACC7d20e60a1c,RING005,True,
ACCf5de50ad6d,RING005,True,
ACCdf26321fae,RING005,True,
ACC466c4671f5,RING005,True,
ACCc4aa54da1e,RING005,True,
ACC55a4b5e2cc,RING005,True,
ACC4d9cb1b330,RING005,True,
ACC4341f8e0a0,RING006,True,
ACC3feecc2540,RING006,True,
ACC7f0b779e1b,RING006,True,
ACC1016fbfec5,RING006,True,
ACCafdea81006,RING006,True,
ACC728b58c874,RING006,True,
ACC064fde6c66,RING006,True,
ACC15827227b3,RING006,True,
ACCcedab5c062,RING006,True,
ACC1969931197,RING006,True,
ACC2622531933,RING006,True,
ACCf582ae3737,RING006,True,
ACC4058ee668b,RING006,True,
ACCdfb904a18d,RING006,True,
ACCc800e59d71,RING006,True,
ACC6464fc5471,RING006,True,
ACC9bae23c7b1,RING006,True,
ACC90b0fe02ca,RING006,True,
ACCf75081de57,RING006,True,
ACC1f289b43f3,RING006,True,
ACCd0efff113c,RING006,True,
ACC0b187f385f,RING006,True,
ACCd96560643b,RING006,True,
ACC7e1c8cab07,RING006,True,
ACC74b1178a6a,RING006,True,
ACC8384dea57b,RING006,True,
ACCdcb7111495,RING006,True,
ACCc4af47afd7,RING006,True,
ACC2c5d9a59e3,RING006,True,
ACC69f8202ade,RING006,True,
ACC0c194e18f6,RING006,True,
ACC355c9d8c28,RING006,True,
ACC909f135000,RING006,True,
ACC04e4342bfb,RING007,True,
ACCa1639a934c,RING007,True,
ACCf5fe39949e,RING007,True,
ACCeba5ba4b75,RING007,True,
ACC9e54532d27,RING007,True,
ACC8b87b88243,RING007,True,
ACC1fe0be5f54,RING007,True,
ACC17863b3a49,RING007,True,
ACC57e33ecc63,RING007,True,
ACC00f4e678a2,RING007,True,
ACC29e954cf53,RING007,True,
ACCaeac6512b1,RING007,True,
ACCcbd6b5384a,RING007,True,
ACC455264be05,RING007,True,
ACCf0a4f32da1,RING007,True,
ACC8f8f074e91,RING007,True,
ACCc76a3b11d9,RING007,True,
ACC2ee6780f40,RING007,True,
ACC32f57e3664,RING007,True,
ACC426da53ea7,RING007,True,
ACC425750cef1,RING007,True,
ACCa7c99bf679,RING007,True,
ACCd090c49472,RING007,True,
ACC079c4d3108,RING007,True,
ACCc383e33373,RING007,True,
ACC9b564fb3e5,RING007,True,
ACC465bc2aa7a,RING007,True,
ACCab23f80e86,RING007,True,
ACC21d426ccd3,RING007,True,
ACC4549696bac,RING007,True,
ACCc89f6219ef,RING007,True,
ACC3a4849900e,RING007,True,
ACC7577bbee84,RING007,True,
ACCe208bacc3a,RING007,True,
ACCedd6f8176d,RING007,True,
ACCc764e849a7,RING008,True,
ACCc8ce720d21,RING008,True,
ACCa218fc5e85,RING008,True,
ACC11561bcaec,RING008,True,
ACCffcd79b182,RING008,True,
ACCe0a39984f4,RING008,True,
ACCba85255728,RING008,True,
ACC5f879691bc,RING008,True,
ACCf8cb5421b8,RING008,True,
ACC70600aa79f,RING008,True,
ACC8e4f03cf63,RING008,True,
ACCebadef4b0e,RING008,True,
ACCb840cb7c33,RING008,True,
ACCe12069ab4f,RING008,True,
ACC0a17f12885,RING008,True,
ACCc378907041,RING008,True,
ACC3524730456,RING008,True,
ACC094b61ec5e,RING008,True,
ACCe28b2eb6c7,RING008,True,
ACCc0f7f0de26,RING008,True,
ACC6836b64df1,RING008,True,
ACCc15edcfbd7,RING008,True,
ACCe0eb8938b0,RING008,True,
ACCa2f109f9e9,RING008,True,
ACC3a9169f8d8,RING008,True,
ACCd97a8636c7,RING008,True,
ACC8986f08f2b,RING009,True,
ACC127cd9b695,RING009,True,
ACCdef77255cb,RING009,True,
ACC5b3055c43b,RING009,True,
ACC9d29cf54e6,RING009,True,
ACCbfbe1e9de1,RING009,True,
ACC3e7d649ae7,RING009,True,
ACCf6e5a07247,RING009,True,
ACCdab0bab820,RING009,True,
ACC9ce65a542a,RING010,True,
ACCfd10768b5e,RING010,True,
ACC45af6d4f96,RING010,True,
ACCa732f3c5d6,RING010,True,
ACC9f84282046,RING010,True,
ACC3b5379c7c5,RING010,True,
ACCc99136453a,RING010,True,
ACC8d006f4811,RING010,True,
ACC59722033dc,RING010,True,
ACC7a5238f693,RING010,True,
ACCc1388bcb69,RING010,True,
ACC2c86013eda,RING010,True,
ACCfe59b95b23,RING010,True,
ACC2ae57922fd,RING010,True,
ACCc9d058ca0b,RING010,True,
ACCb4259c01de,RING011,True,
ACCec4851010d,RING011,True,
ACCdf9518028f,RING011,True,
ACCf56806a0e2,RING011,True,
ACCb86b7e21ba,RING011,True,
ACC4f3d8624be,RING011,True,
ACC007c153bd4,RING011,True,
ACCcab3c7709c,RING011,True,
ACCd19fe8925e,RING011,True,
ACCb52db87bdd,RING011,True,
ACC4b5156979c,RING011,True,
ACCddbee9404e,RING011,True,
ACCae4a2d707d,RING011,True,
ACCd64519fd10,RING011,True,
ACCb20d3e1c4b,RING011,True,
ACCb43ad5fd75,RING011,True,
ACC03610af081,RING011,True,
ACC2f590deaf1,RING011,True,
ACC45e2a950ea,RING011,True,
ACC78605d690f,RING011,True,
ACCc8c95ebec7,RING011,True,
ACC57ff2cb825,RING011,True,
ACC1f07e34eac,RING011,True,
ACCe9158d264b,RING011,True,
ACCbfdcbba66a,RING011,True,
ACC841ea70aeb,RING011,True,
ACCc077cc0224,RING012,True,
ACC8c2001a6f3,RING012,True,
ACCe075acbe67,RING012,True,
ACCd9295d2cea,RING012,True,
ACCb535305ab8,RING012,True,
ACCc5f53e39aa,RING012,True,
ACC6e9caf30f9,RING012,True,
ACCa19d3ae174,RING012,True,
ACCc24e6d6786,RING012,True,
ACC787f49e447,RING013,True,
ACCd598b3bbd9,RING013,True,
ACCe843f9d12a,RING013,True,
ACCa67c8030d4,RING013,True,
ACC49335b6215,RING013,True,
ACC9932bb6cb9,RING013,True,
ACC2aa83109a1,RING014,True,
ACCc01a44d456,RING014,True,
ACC61e15df756,RING014,True,
ACCf4f463b541,RING014,True,
ACCab26b2c743,RING014,True,
ACC8196fd4b57,RING014,True,
ACC22fd873b0c,RING014,True,
ACCddd155cb2f,RING014,True,
ACC2ac98ca55d,RING014,True,
ACCfcde06cb5f,RING014,True,
ACCb9d19e38e8,RING014,True,
ACC211ff3a884,RING014,True,
ACC030139f772,RING014,True,
ACC0a21a13050,RING014,True,
ACC84cfb59959,RING014,True,
ACCb6949aa746,RING014,True,
ACC5b087031c6,RING014,True,
ACC19a72175b2,RING014,True,
ACC4780375f38,RING014,True,
ACCae826e3c1f,RING014,True,
ACC92ad571b73,RING014,True,
ACC91cbbba0be,RING014,True,
ACC085edce278,RING014,True,
ACCd379c8d571,RING014,True,
ACC912f7dad2c,RING014,True,
ACCfd10718a1b,RING014,True,
ACC33169b28e3,RING014,True,
ACC6c9c96eac2,RING014,True,
ACC4e56981702,RING014,True,
ACC377a5a7e48,RING014,True,
ACCd56c61b241,RING015,True,
ACC3160df194c,RING015,True,
ACC66625ba3ff,RING015,True,
ACC49672639c8,RING015,True,
ACC98a11fbaa1,RING015,True,
ACC20b523b5b0,RING015,True,
ACC41851e044e,RING015,True,
ACCe15f7fc74b,RING015,True,
ACC31f9414c7c,RING015,True,
ACC001a28612f,RING015,True,
ACC91bb7ac210,RING016,True,
ACC8b8129c24c,RING016,True,
ACC63f9cafc3e,RING016,True,
ACC46c1288e63,RING016,True,
ACCb8e0433ca7,RING016,True,
ACCae4ec02c72,RING016,True,
ACC2c4bd565cb,RING016,True,
ACC3d7e1c2343,RING016,True,
ACCf9dd4faac5,RING016,True,
ACC9598737f2f,RING016,True,
ACCd19b544e88,RING016,True,
ACCee5e069c91,RING016,True,
ACC784c23bcc5,RING016,True,
ACC165d8eac53,RING016,True,
ACC5bce2b66f4,RING016,True,
ACC36a6d92d4a,RING016,True,
ACC741f033f95,RING016,True,
ACC90afee2a58,RING016,True,
ACC22804be2cc,RING016,True,
ACC60a755e8ce,RING016,True,
ACC5e812e9eab,RING016,True,
ACC13cbc21998,RING017,True,
ACC72589729b4,RING017,True,
ACC5158ccd316,RING017,True,
ACC857592244b,RING017,True,
ACC532ab5d3ef,RING017,True,
ACCa4f8d5ea39,RING017,True,
ACCa055a60715,RING017,True,
ACC3bac3cef12,RING017,True,
ACC0ca0c17397,RING017,True,
ACC96a9a1ac64,RING017,True,
ACCe7a70030a5,RING017,True,
ACCe9758812dd,RING017,True,
ACC89461bf5cf,RING017,True,
ACCfeed527c94,RING017,True,
ACC841e435387,RING017,True,
ACC9f0c8fb2a5,RING017,True,
ACCb4c1e4abac,RING017,True,
ACCa8dae2749e,RING017,True,
ACC7f83bc5ef7,RING017,True,
ACC039070a241,RING017,True,
ACC635ce6b94a,RING017,True,
ACC26e6a7dd5c,RING017,True,
ACC75a6e75af3,RING017,True,
ACC1b4a2578c8,RING017,True,
ACCc3b8191296,RING017,True,
ACCdae6300f82,RING017,True,
ACCa83e781755,RING017,True,
ACC786ab60b70,RING017,True,
ACC626cf45459,RING017,True,
ACC8b870580d2,RING017,True,
ACCb343727b68,RING017,True,
ACC7ea7b0c76e,RING018,True,
ACC50d9866d33,RING018,True,
ACC44012e7603,RING018,True,
ACC0ebc3a0488,RING018,True,
ACC79fe1efaa4,RING018,True,
ACCe947ad50da,RING018,True,
ACC7c05660ce3,RING018,True,
ACCde862f208f,RING018,True,
ACCf2815d705d,RING018,True,
ACC87a38e7b75,RING018,True,
ACCd6967c7f7f,RING018,True,
ACCe2ef243cf3,RING018,True,
ACC585280053f,RING018,True,
ACCa8426c1a9f,RING018,True,
ACC7d65990cfb,RING018,True,
ACCc6ebe3a2d7,RING018,True,
ACC369b0f0400,RING019,True,
ACC268f9eed81,RING019,True,
ACC0af3bc392e,RING019,True,
ACCa708db1777,RING019,True,
ACC05b3831312,RING019,True,
ACCac92ff2fab,RING019,True,
ACC744ac664d4,RING019,True,
ACC3956b636ee,RING019,True,
ACCdda9262334,RING019,True,
ACC241257cd25,RING019,True,
ACC6c4cca328e,RING019,True,
ACC33762a74d9,RING019,True,
ACCaa4ee08dd1,RING019,True,
ACCf0a9284629,RING019,True,
ACC40a6b42bfe,RING019,True,
ACC37cc549e78,RING019,True,
ACCde2731490c,RING019,True,
ACC4cacb61035,RING019,True,
ACC4b99346a0a,RING019,True,
ACC4f9b1d70da,RING019,True,
ACC98d6bc30be,RING019,True,
ACC5d9681fae8,RING019,True,
ACCca01a3448d,RING019,True,
ACCa786c20105,RING019,True,
ACCacb16657b1,RING019,True,
ACC53f9bcea81,RING019,True,
ACC4308bb8702,RING019,True,
ACC4fabde406b,RING019,True,
ACCa8c4e4a0ca,RING019,True,
ACC5854ba8ab0,RING019,True,
