account_id,device_id
ACC7aa2054cb9,DEVa272e0d1a5
ACCc80d68366c,DEV2b045a0734
ACC89efc69ec9,DEVa62b200163
ACCb482e5868b,DEVc0c6bc8701
ACCd3e04022b4,DEVc80e573102
ACCf217243165,DEV56df79853
ACC97f7e675bc,DEV8a9b540ec6
ACC7cfc608625,DEVf3f6cb8cada
ACC26dafc6e50,DEVed9da7c23e
ACC21f9b82f7e,DEV898a648e89
ACC6f6fef14be,DEV70103eade6
ACCf90d40cab0,DEV5261de8d2a
ACC28e639662a,DEV5272f8d39f
ACCc616d7a034,DEV1f50389d1f
ACC142d64bf2b,DEVcbc91d19f4
ACC99872a7582,DEVc2abc86249
ACC384a84cd53,DEVbe0cfc679f
ACC94fd3b8a81,DEV59f50ccea0
ACCdc72f5c656,DEVeb35b177e1
ACC4627b29fb5,DEV11cb985d8d
ACC4225aa3cd2,DEVabf84be36c
ACC4149ab24d8,DEVc2903b46e8
ACCa2fef923b7,DEV39d4d2a03u1
ACC848b093c75,DEVd7226b997
ACCb330dcf5bb,DEV7abe74ac1a6
ACC8f76da6d31,DEV14697401a8
ACCefd24787ea,DEVc03ee704f9
ACCec39a41de5,DEVc30f33aba2
ACCca055c0b61,DEV3104fc9365
ACC62115dd3b5,DEVe98e4414b1
ACC361613d9a8,DEV20830d9c43
ACC3337649731,DEV2a165d2e53
ACC9e30fd811f,DEVfed4e555e5
ACC0bf4b9f8e7,DEV86143ee8e6
ACC6fc2ab4186,DEVa19dcb255f
ACC4b4b0194ba,DeV787e7dcd97
ACCb78447373d,DEVbb846593d5
ACC60001180f3,DEVa8d02fdfaf
ACC07d4859548,DEVff53c6d0c9
ACC0571596fb2,DEV8a92137356
ACC84b5e483d4,DEV39f6341fe3
ACCc66778fbc9,DEV514d0fd1d2
ACC5d493aa3a4,DEVfff0223ad7
ACCb88594cce5,DEV129afd50fc
ACC138b8e3b11,DEVdea2693f67
ACCe72ef5471f,DEVd1642dd4be
ACC7dd91fdbf5,DEV6c93be0fe8
ACCc5d36597ea,DEVcd4bfb5780
ACC95adc08fd5,DEV8cb9fcf050
ACC0ca3bd670e,DEV2e4eccc7ef
ACC98b8147576,DEVb17e2f82a
ACCb2aed67930,DEVe2a4486710
ACCbb937c6315,DEV21970e08fd
ACCc8d4677bd8,DEVb69ada828f
ACCf96631ed86,DEVccb68e20be
ACC2b357f75bf,DEV9dbA070c10
ACC82ac7d9613,DEVfd8e37q5944
ACC9e7f8aa1af,DEV6ff7e87c20
ACC0b1a16c400,DEV6a58f792f4
ACC0df0e9c828,DEV8f3b1a5b8f
ACC3a93be6a29,DEVd027cb9755
ACC32f38b4fa2,DEVa25681c2b9
ACCf68cd76caa,DEVffb4e9aac3
ACC7a8ddb793f,DEVdd3a6564d9
ACC4d90540b85,DVE858bec4369
ACCd8c6666659,DEVc0f6f79dc
ACC4777c33dcf,DEV9c9f4db22
ACC0ea5a3f796,DEV6e9e67f4fb
ACCadcb5e165b,DEVa9d1d8ebd3
ACCfc7df4ca60,DEV96f60m8481b
ACC9c3dd9f58b,DV2803d0cbdc
ACC0bcbe242d0,DEVa9bc2dd80a
ACC5b38449de6,DEV46889ded10
ACC5bdf9aee41,DEV74b50d1f5
ACC41ef821874,DEVb0f81f2a7c
ACC37e288a275,DEV8f13a802d5
ACC5bd9c0a193,DEV5996742253
ACC0f73e3e598,DEV1ebdcbddb
ACCd7d745a753,DEV15816b5b54
ACC6f79d29e84,DEVcbae16c91f
ACC6d8092893b,DEV716784d88f
ACC8022da0566,DEV181eb7C281
ACC97065a0303,DVE981fa9549e
ACC77d7853f05,DEV899b5c30b0
ACC3bc7f0d66a,DEV042baf1713
ACC9af6183cd3,DEVa9cc69287b
ACCe78b2d937c,DEVd16644533c
ACCafe5c5bc1d,DEV341e2ca36c
ACCfb8b262cba,DEV1bc48c8dae
ACC79a90ed78b,DEV54ad3aa0e6
ACCd2cd63f1af,DEV02ddD75d9f
ACC2b55ebb1ca,DEVd2b8536bfy6
ACCe722d8495d,DEVdd9be10239
ACCd3c46bba42,DEV6dc25c4e40
ACC7c8a2b4984,DEVc8c765996e
ACCe8c7787cda,DEV409100344a
ACC7d1248c3b8,DEVb687109eb8
ACC5b4f00453e,DEV271d485c79
ACC7e6e227e4d,DEVc404e90695
ACC79b7ec798e,DEV5e0baeds774
ACCa9b11783f0,DEVb84d8d628d
ACC4b9f324597,DEV2afb96cd16
ACC92a10962e9,DEV4b20431114
ACC9261682e1b,DEVf3ad18190b
ACC9a66b52060,DEV6ad1346297
ACC7b98b00b0c,DEVef7605fd82
ACC495cfa736a,DEVa04070b9d1
ACC1d890cd4db,DEVab58f3k8018
ACCe1fed78a10,DEVf85195893e
ACC6c04b91bd1,DEV924e10412
ACC953516cddd,DEVf7fb1589a1
ACCa98847e177,DEV5ce95d52ba
ACC0dcd91ec4a,DEV1a25e7a025
ACC174c0e7ca6,DEV180b7b7e3f
ACC0ca514bb2d,DVE83a171ff12
ACCeaa9fbffc0,DEV6dafc32100
ACC8ae55e61a3,DEVe5cb2a21cc
ACC941945ae66,DEV35cc21af6c
ACC230b678377,DE7Va7dfcf24b
ACCdb26f746d2,DEV599b55430a
ACCc2778c3e1c,DEVa76a0a8aa
ACC565bd9592e,DEV8e1907e2b0
ACC355d7e302d,DEV7u3855f89ea
ACC62582e696f,DEVaded719753
ACC4216d5349b,DEVf462bb60fb
ACCe8acfd7507,DEVf15d31f717
ACC7e764e59f2,DEVab2e1398dg8
ACCafb04f82d4,DEVf04db2d188
ACCae4f7ac5e2,DEV20e2c561b0
ACC4ab6e7257f,DEV18c05zafebb
ACC8882c89385,DEV95adce34f
ACCf93abfb0b0,DEV1362a30498
ACC0ca3e28480,DEVd8049be0f2
ACCef41cd1977,DEV7c05859cc3
ACC8c84e4f96b,DEVf761b6d24e
ACC06a6ba5a72,DEV78cd3de419c
ACCac67a96deb,DEV4d83bb2bb6
ACC22f5121f20,DEV920c760ce6
ACCf94bdc8f39,dEVfecedafee0
ACCd05fecad0c,DEVf241093c27
ACC04af980741,DEV9800a9ea61
ACCdde91a7cdc,DEV80c50b6452
ACC0e19da67bf,DE3Veccad34a5
ACC9f43aef800,DEVd1e7dcbb53
ACC22ba07cb0c,DEVdd776ef537
ACCc731f68950,DEV52b2b8fc0c
ACC0021553168,DEV114026c564
ACC1ff554f5f7,DEVd1Edbb4adf
ACC9cfd145d71,DEVd71d32e4ae
ACC9caaa169a1,DEV96a6c27ce5
ACC3735d99b03,DEV90d516c147
ACC88a54f4afb,DEV7820599bc6
ACC0a016d45b8,DEV3296e1bce
ACCab00028c6a,DEV15e0142036
ACC20b1b1bf4d,DEVe3e6fe1a04
ACC375ce511a5,DEV4dfebd1175
ACCb9cab58473,DEV1c6e2f7282
ACCf2c3df8492,DEV218bc98055
ACC8105ec6f17,DEV65061f0526
ACC839997a05a,DEVdda948e978
ACC5c6851aba1,DEV5e2537d955
ACCa9c70112fa,DEV459e216e09
ACCb096d543f5,DEV60a78e4aE7
ACC2d6458f3b7,DEV259078fc0
ACC9c0ba27deb,DEV8c8afd8cc
ACCb3bf5dfd1d,DEVc3602a65da
ACC6ff5824248,DEV2e78631891
ACCe918567906,DEVccbbp051f9a
ACCe6bbde63c5,DEVacbca5486f
ACC5ff858a125,DE3Vbc144509b
ACC1019cbfead,DEV0d81764e22
ACC6ae0ac74de,DEV3cb444b808
ACC9671e632d0,DEV6fe74cb2d6
ACC5c806dea05,DEV261bd3ccgb9
ACC04e5e3dab4,DEVf34ffb634
ACC0d359ccfda,DEVbdf6470e5f
ACC9689a2da1b,DEV3022e7893ec
ACCba40b7aab1,DEvV221d1c1064
ACCe75dfbfe18,DEV83d5f3e888
ACCf53977cbdf,DEV8c78f66fcb
ACC0abae44080,DEVef5ae27c92
ACC8092698f52,DEVd93018f6e1
ACC02c8f15074,DEV82b918f98d
ACCa9cbe3c430,DEVc9e5Ba9a20
ACC808b8b953b,DEVa01a3b3dd7
ACCc64fe74e1d,DVE279ba5f525
ACC67a3da5f4f,DEV520e4771c5
ACCa8ba3a201b,DEV167af60c11
ACCf4708a524a,DEVeced25cbb1
ACC8019ebd9cd,DEV8de120e35d
ACC72620e6d49,DEV3e910df653
ACC6ff17de72e,DEV46037b0df
ACCeb2761915c,DEV5233595e7d
ACCb9e0d5cfa0,DEVb80bae5344
ACCa888cad204,DEV97e81fc4b0
ACCbf5665aeff,DEVd51e3ea947
ACC7a97e84631,DEV59fbd33b8a
ACC93b8b916bf,DEVab3360fcb81
ACC4aa5128501,DEVbecf69030
ACCa0029fbce5,DEV105129d720
ACC3a75d41886,DEmV2fd2323340
ACC01a7a1676b,DEV0ac2273d7a
ACCe167f58d45,DEvce33d1fbff
ACCbf603e26ab,DEVfb5b6f975C
ACC058abe14d1,oDEVc301d0dcf3
ACCea34a19ade,DEV6a028d696f
ACC058b1e3486,DEVb9b0c3fd45
ACC522124b74a,DEV92127e7e98
ACCf3049d679e,DEVf5e7579bf8
ACCf2c21ab121,DEVc74193775e
ACC247c26eec6,DEVcd44c856ae
ACC8d2b21c99a,DVE848d041b06
ACCed5f87de14,DEV57103224e2
ACCac4f17adc6,DEV22bc71543a
ACC4af2b55e39,DEV1e67318e8f
ACCc36afd888b,DEV2645aa36bc
ACC41a0434023,DEVdb4fd29686
ACC9af4ce6a27,DEVca9f782403
ACCe68c2d9e37,DEV62207b2b9d
ACC2e543d5112,DEVd08f7f9e5
ACC44fc5bc8d6,DEVe108b02ddf
ACCbb59e57980,DEV426cf05ee
ACCef39d6cf40,DEV592637518e
ACCbc09f237d9,DEV047efaa334
ACC4e58d9f5a9,DEV65620d4896
ACC458add9029,DEV12c4921d2
ACC8c5f253d5b,DEVefaf78c340
ACC86d434ec1c,DEVb09393be53
ACC75d463a5d2,DEV2ccf823aB3
ACC0b78a9d192,DEVf8525fcg05b
ACCd9e15316da,DEV290e249515
ACC41cdd841d7,DEVc52ba6e6d6
ACC4c9b6daf89,DEnV768b28f5ee
ACC2dfefc0f95,DEV2a1fa8d323
ACC7316db7c0a,DEV7b9ee3a4a
ACC30742bba9e,DEeVd151d64da
ACCfda7140341,DEV279ba6623d
ACC98d4e6e97e,DEV24a9605001
ACC2e6ffacbdf,DEV264273b901
ACCbb6ee30f52,DEVbc2041433e
ACC7e0b4c4c5a,DEVafd5ec1873
ACC7d49bb8785,DEV4c21cd72b3
ACC7ee595444c,DEVedc2995aa2
ACC6e75c930b7,DEV8259074584
ACC73f7fbae9e,DEVe522dac788
ACC33c61c508c,DEV0803668b01
ACC1908d08f2e,DEVa97bc426d2
ACCe397dc8da9,DEVc7cfa7d97e
ACCbdad94f9c4,DEV9a43114525
ACCbdbcc4a472,DEV98aa3703fe
ACC500f9a9f3f,DEV319789878b
ACC04947e71e8,DEV2566c8d95
ACC89f5d5ced0,DEVc10c6651b70
ACC883c0d6d3a,DEV1e08c45d11
ACC1b9966ac55,DEV0a8045ea75
ACC28cc421bda,DEV3c6a05f8ee
ACCe3165eb2bb,DEV75a11de7bf
ACC5fdbd692f4,DEV338209ae8
ACC37766cf756,DEV224fd8320f
ACC62d1a81347,DEV01f2e0750
ACC2c652d18ca,DEV7c99064a8b
ACC6f92a1216c,DEVcc852bf954
ACC45bbd04b99,DEVcd95e34662
ACC368b114ccc,DEV833c52f81b
ACC3d01dd4d12,DEVfced68ab09
ACCb5eb9e371d,DEV0233c1852d
ACCe6888ce769,DEVdu68f019d68
ACCd13a7b4f44,DEV778aa53af7
ACCed10f707cc,DEV3bc20c303a
ACC6d603895dd,DbEVf6d0a7d093
ACC5b9f0d09ad,DEV982f03299
ACCe4365840d8,DEV2d8d22C42c
ACCa4dd7de0ad,DEV5cddcb81e2
ACCf4b9fd60f0,DE1a334b0a13
ACC6d10267a3d,DEVa532600437
ACC878efac358,DEVcc5534f93e3
ACCc149967d10,DEVeaec8a3fb
ACC406435099e,DEV02b280d414
ACCe03029478c,DEVd5ca9d2554
ACC2b4d0f7b73,DEVacebb0466d
ACC642f6154e8,DEV284uc984a6b
ACC82ab3e4a38,DEV0c7ca3b929
ACCb4f4897623,DEV3f2547005b
ACC81a22f03db,DEVB89d65527a
ACC04d43e1733,DEV9336288002
ACC1cea8c24aa,DEV36d5a0c18a
ACCcbb928a993,DEV5c45069a0
ACC72a9f56201,DEVf9f18fb438
ACC7c6df2bb97,DEVea72fb5c5
ACC69045b1c83,DEVeebff8d8ke8
ACC8ef3c78d83,DEV8143a96320
ACC6fd5ac6192,DEV2e61170a3e
ACC00a50bb22f,DEV985a3aa5a1
ACC6e91a1752d,DEV0d5a7f2f6c
ACCc0deac97e6,DEV35f3d24ec
ACC40bda9508f,DEVd7b075c474
ACCb3351b358b,DEVe2766fb4c7
ACCde364bf15e,DEV8bb0013baa
ACC4240524c59,DEVa776133b76
ACC4ed7978426,DEV6e92793ba6
ACCb626e0c6a1,dEVb4c921f1dc
ACCed008c9b14,DEV5af6727ec9
ACC50e431a33a,DEV652e38150b
ACC37f12390ee,DEV9ec4c2817e
ACCc74c8fbf16,DEV12cf51f058
ACCcb036bde2b,gDEVfb9c54ce30
ACCe5c6e788cd,DEVae53280260
ACC15b598b8f4,DEV973e27fac4
ACC91ffcdceb9,DEV43629810f
ACC344cb9edcc,EV714d9240f1
ACC304bec4021,DEVea1cefd96e
ACCf48b4887e5,DEV180db29d71
ACC0a51051d32,DEVf0de8acb55
ACC69b54735e3,DEV38111f277e
ACC8b0be97f11,DEVa85219a79d
ACC7c9a4c59aa,DEVb69ca31af8
ACC12d0586faf,DEV6bae73c7ba
ACC66e1b2a499,DEV080cfdb119
ACC679672ab0a,DEVce4d957892
ACCb30622bcee,DEV3dcbc427f1
ACC488839c377,DEV9c027e1478
ACC154de0928b,DEV50d582fb70
ACC210791c6ef,DEV961484efd9
ACC48537310b0,DEV19b5ae33ebc
ACC2b94339776,DEV744ffeAb88
ACC24466f9eba,DEV3abfe85e85
ACC9b36afdb63,DEV7daba5b9d6
ACCbb0c1dd79e,DEV3559b217bb
ACC314b46aa98,DEVc2e02e7cde
ACCee1386d642,DEV3c86c82174
ACC6642597a19,DEV64604be13b
ACC8567c704d2,EV81c6d6d547
ACC855e97f85f,DEV22cf689998
ACCac61aa4849,D0EV9441c024c0
ACC3b4f12f0cd,DEVc2495b6974
ACCfc8bad1f88,DEV658a293687
ACC9ab67d34cc,DEV8aa70d7045
ACCff16b70f88,xDEVf79f4aaf7e
ACC8abeb5fe97,DEVc9a31b6bac
ACC15d3f25387,DEVdf03e60fc50
ACC63487d64c7,DEV363c0fc2e4
ACC1775a4212b,DEV58c55087ea
ACC50d16a4a4f,DEd90bca489f
ACCa58a0c6a77,DEV559585b71b
ACCa788331234,DeV2835a5f38d
ACCbd0f0fde35,DEV81432f5991
ACC8b74224a92,DEV0feb07e5bb
ACCd4dea4768d,DEVcd8864963
ACCb417aac56a,DEV268f6f7a8d
ACC97c4a47de1,DEV2168008f7c
ACC992601755c,DEV28415c8A4f
ACC96bd821991,DEVfa896c1c52
ACC5a23a6a2a2,DEVceb3d2c3ed
ACC78989666f7,DEVa664146401
ACC57562a2525,DEVbb2d644ed5
ACC4b68062036,DEV6870429b3d
ACC5e696ccef5,DE7V4920472e84
ACC566422f62c,EDVd7ec4f6183
ACCfd54dad5f8,EDV8671cf66df
ACC8ca408b74f,DEV35f24c07ac
ACCd97a8fe425,DEV301d037256
ACCd0ab92e239,DEV1f1f083d1f
ACC59465d2d49,DEV284b8f2c7
ACCb353d4e6ba,DEV110d79c268
ACCa4498ae956,DEV3a63002df3
ACCfa790f2262,DEV7e4e16773e8
ACCf36135145d,dEV52d3aba636
ACCd0beb76b44,DEV07e976d66e
ACCf29e4e22ab,DEV872359cf1A
ACC7d0fe6c3e7,DV86cd89efc0
ACC6379dc58f4,DEV9209419dcd
ACC244b7b6bc3,DEV771885efaa
ACC26187117e7,DEVdd90cdf83
ACC04395474fc,DEV9036be5584
ACCbb0c2c4060,DEV138f0d0b72
ACC090948f10d,DEV7cfbefb476
ACCe98e1157f3,DEVadc9d39ab
ACCf6c57db9f6,DV0f22d57db8
ACCd7d761296d,DEV6a346bf5b4
ACCcb396b637d,DEV656ee22ab6
ACCfa0b658403,DEVaa9d94f0f3
ACC12d136c805,DEVdef6dbd528
ACCd16e898990,DEV306555cb2
ACCb36e6125fb,DEV0d37d2a561
ACC685ae938c5,DEVe0a31dad5c
ACC1d602067bd,DEVa5e4fb216c
ACCd81ac2d14b,DlEV8295380dc8
ACC5af2460c1d,DEV730814c76d
ACC4db83786a7,DEVff9ebc052f
ACC045ab0f5d0,DEV2e1725aw357
ACCdd1bc1c29c,dEV2153c27adf
ACC6a9e77e9b9,DEVaddf76003b
ACC96ae034b2b,DEV5e584b17d4
ACCa57012f20e,DEV0e21b780ef
ACCb4a02e7b2e,DEV28da1aab64
ACC82564b6716,DEVf743e47af6
ACC0b710f7649,DEV0b419ff211
ACCcf5c0cca02,DEV11d5660345
ACCb90e90bb7b,DEVbb54ac358
ACC6b169e848a,DEVbcfd390484
ACC366d0d18b1,DEVa7Be57c8a8
ACC1455374dd7,DEVad5862ede8
ACC93764be93d,DEV767y42a506b
ACC9e4445731b,DEVc7799f557c
ACC120e352a2a,DEVe67a8eb7a9
ACC968ea5eb3b,DEVb8173b813d
ACC092591adf5,DV9b9c37daf4
ACCc6002a81cd,DEVdd38cb0499
ACC4e313a412e,DEV9dcdd74485
ACC9d26244e18,DEV2c422fa68f
ACC3ed3f3870c,DEV9cc9ea4d12
ACC1575b1c5e5,DEV65235c5b05
ACC5e89a4bb37,DEVb779771257
ACCf71484aba2,DEV3911412c33
ACCdbf06eb622,DEVbd24560749
ACCfa0fb21b48,DEV1f6e1baaae
ACCd2c457a1c3,DEV36a52a7fbe
ACC271a12ec38,DEVc8e9002f97
ACC9ddcabf743,EVdbb7995216
ACC9501379f19,DEVdc2e566fe5
ACCe4d5475c58,DEV9bc00f62cb
ACCbbc9483666,DEV9583993bbd
ACC04589f2b60,DEV2c99c8f2df
ACC36c05ba807,DEV980c34ae5b
ACCa95930748f,DEVf354c0f2f3
ACCb340c53e0e,DEV1ffcd9dff5
ACC0e46dac828,DEV107725da4d
ACC5bc7e6fcd0,DEV515b92b5b3
ACCa5f6f68582,DEV7c7e86f2a4
ACC1c70334c6a,DEVee6d092f059
ACC287fd711b6,DEVb6cd932ed20
ACC3926ad8e94,DEV7a19c139d5
ACC3e8d56567f,DEV5w235d23161
ACC732842c91b,DEVebfe50009
ACC0ef053e174,DEyV3862695f88
ACCdd33015624,oDEVfb46514080
ACC60a2700b65,DEVc8564cecee
ACCb1a89fca64,DEV6dd8228ecd
ACCe5834669da,DuEV97545f14ba
ACC60bea86df8,DEV66edeec2b8
ACC44a2e86fdd,DEV35fffj97dd6
ACCb393b547d7,DEV3fb124e00a
ACC9081ed1ed6,DEVb1081092d9
ACC49e4442deb,DEsV24c90f6ab5
ACC41a7ac140a,DEVdc8a289879
ACC92207e4a02,DEV72f1bc7901
ACCde550ea76a,DEVb6e1eed09b
ACCdba5a261fa,DE1Vd53f751d1
ACCd55626c260,DEV2a2a8ebb85
ACCdbd26a3375,DEVffec4eb6ee
ACCe4f434c152,DEVc1e8e47c81
ACCb91ac2294b,DEV8a6145e241
ACC485ad90c80,DEVfc3c92457d
ACCf11608ba2d,DEVdfef0245e
ACC9aa50e3f05,DEV7932b69a71
ACC0cf50d7dc1,DEVca647acf1f
ACC7cbb883e04,DEbVf27ef2a5a8
ACC1559fd7bb7,DEV65869fc80
ACCef6d0e4ca9,DEV10b788686e1
ACCb28587ed8e,DEVd37322cc84
ACCe08dfb81a2,DEV44e1c66501
ACC00825ffbb4,DEV51dfabf6d
ACC0d29f06276,DEV454ee736fc
ACC857b1ed299,iDEV62d6647d14
ACCa44797f7cd,DEV7def07c7737
ACCbbb6455c1c,DEV7f308cf0ed
ACCe72df3063a,DEVe634f231fc
ACC42f3221975,DEV0c4d7dff8
ACCd1280be1db,DEV74933223f3
ACC43b30407b5,DEV6ffb1c80b9
ACC1c17ff97a1,DEVb06161e633
ACC6c80c19996,DeV2afd9f0a54
ACC9c39f1ff1c,DEV6a16f57871
ACCc29606c2bf,DEVac3ce42f34
ACC7ce279ad87,DEV6c1b346c47
ACC85e56b8d31,DEV11e90b7522
ACCa7a670caac,DEV28s53504b3e
ACC1e189c1e03,DEV8af8a76716
ACC9264667b55,DEV4019bf474f
ACC82e18fd52f,DEV4c1e2f5918
ACCcac6097675,DEV8a8f69b247
ACC2d68017625,DEVe3449eFf04
ACC9b9c37ca32,DEVda77dba855
ACC7067287d8f,DEv8bb31757b5
ACC96d90e752a,DEVf584ce52ac
ACCa2ebad196d,DEV28170f2c85
ACCc05f43a5d2,DEV299caff626
ACCd30c33e3c7,D3EV03a6ce14c9
ACC23e5010d4b,DEV34bc8fff4d
ACC998a8d4ce2,DEV04169de3a8
ACC990c42d5d5,DEVc811731bd0
ACC4448947d7a,DEVedf3f1851b
ACCdd100a691e,DEVe2a0babd74
ACCade2659a63,DEVe5cf498311
ACC66c9542e95,DEV0b28c293a3
ACCf6678826a3,DEV6a76558b73
ACC58428ec3c4,DEVA6227fb1b0
ACCf470f2f0c3,DEV59089ee246
ACC6af97a1bd3,DEVb5cdefda34
ACC684b81dbc6,DEV95f0717ddc
ACCfbdbb2abb0,DEV335e2a4355
ACC306c1bfb2d,DEa5aad88066
ACC595253304f,DEV6175cb702
ACC1f24547d95,DEV016l991a5ff
ACCf0f7bd6fb6,DEV4185391ea
ACC7d327619a2,DEV641f96fc80
ACC0430a633e2,DEVabja0379e8c
ACC3b7007be79,DEVa3e081f32f
ACCcc6b731771,DEV050fe2a9f5
ACCf8cc82c698,DEVa183ff5c9
ACCacdff04b48,DEVddf7f70bbc
ACC5579467274,DEV2e7ff56706
ACC476dd6e135,DEV622d144735
ACCe5561d04f8,DEV1eb7ad01e
ACC1df3f0a91e,DEV39d558a98c
ACC09ce5b5122,DEV1faa88ef03
ACCf0ae39595d,DEVeff799f86
ACC14a6b0cb27,DEV7325F52031
ACC2c2d1397ba,DEVd1d9b78286
ACCf2222502f8,DEVf20cac8952
ACC8d756c9d86,DEV02359a14e6
ACC0a33039aed,DEV6ac88a2915
ACC742f044c59,DEV4eaca1e583
ACCace9056dc4,DEV5c9cf83f1d
ACCe15292d15b,DEV5c21843374
ACC540ab968e0,DEV663f20ed4b
ACC7811d739c2,DV434bf560c4
ACC9fe1bcd2e4,DEV3b88031930
ACC18b9f08598,DEV88edc04d69
ACC28b4b18511,DEV651919015e
ACCe632e20e99,EDVf50e7a5c07
ACC553793baa6,DEV9c8b56a1ab
ACC6d6f122704,DEV34f154b036
ACC05e3bfb0b4,DEV3d331b497e
ACCe67e0b79cd,DEV8e603c0aba
ACC06c4f8c507,DEV3e5d77ee21
ACCe7c4ecdd7a,DEV0ebbcc0442
ACCe0bb971c54,DEVd8066f45D7
ACCbb2c6adc93,DEVb47e5bbb3a
ACC98b9590c48,DEV562e70bd1
ACCff48c0f731,DEV6128f0cce7
ACC45939d0b20,DEVc5a313c76a
ACCfb07a56c90,DEV41b6534254
ACCe51d67ea0a,DEV36556b912a
ACCcad1fc1690,DEV913cd4a994
ACCc7e1f45f3b,EVec25eff90e
ACCebd4376e64,DEVa3b511eb71
ACC525002f496,DEV31ede52607
ACC070eeb7241,DEV367ec8ebdb
ACC5ff941f2a0,DEV8072dbf547
ACCb32330a012,DEV7c2b95d3c3
ACC43082bd474,DeV15290c5db9
ACC0101e151c4,DEV43cc0d2a70
ACCa7f2bc305a,DEV27a8455ac6
ACC3290cb2524,DEV1daeff435d
ACC8ed50fc668,DEV1285a44f0a
ACCfb33814185,DEV49144eb8f4
ACC8c38c8f30f,DEV903d140443
ACC545b45d005,DEVe3f4b4b5b9
ACC8756490c1c,DEV4c5c373c4
ACCf6220d6df5,DEV20795d37d
ACC62f1d76454,DEV7999331e57
ACC3edec0cb59,DEV060c77b467
ACC8dce036e48,DEV7cad608812
ACC1cdca10fe1,DEVca564900fd
ACCac1bbe7df9,EV4b027b167e
ACC21e3fceece,DEVa605ca6691
ACC7e2f2de698,DEV5fa6631960
ACCe1f8d947a5,DEVb7db457763
ACCdb872aba4f,DEvaae05b4a47
ACCe2d9c3df9a,DV25d1932e8e
ACC8b4a951f8f,DEV37b929186e
ACCfe4699f3c4,DEV5t564a011be
ACCafc225e7cd,DEVf68B7af215
ACCebb6e496ac,DEV4965ba0138
ACC6c4fa67f03,DEV1e51af8ed3
ACCd7a88c7b8c,DEVce8548875f
ACC9bf8b24e76,DEVa7f3dd1f07
ACC6d6db2b8fd,DEV42e8f864e3
ACC4953f5f8d2,DEVa30c4cef1a
ACCcd8275dc81,DEV16a18efe9a
ACCa30298e67f,DEV68193209fa
ACCc3cb39ae42,DEV9d3f1b6f4
ACCa355d99ac7,D1EVe5b8f68f1b
ACC325039a643,DEVbce15a4d73
ACC7b80e5a71b,DEV281a2ffb1c
ACC4183db1295,DEVf846ed1b51
ACCe859b1e0f1,DEV3f9cba2e6
ACCf313a3d06b,DEV095bb74f9b
ACCeff0c6c886,DEV333264c750
ACC59d2074aa9,DEV4068aac647
ACC4adbb2601c,DEV19e2238476
ACC6adc7a7416,DEV6334c92252
ACCd739b6537a,DEV377db759a
ACC3327dba183,DEVo0a4809d264
ACCb66f07569c,DEV24eddcd746
ACC0dfc1d95f6,DEV0becb7380c
ACCe89663a9b5,DEV9cea540aca
ACC004ad23cb2,DEV18c639416d
ACC17457993f1,DEV7a6fea5c0a
ACCd746f2f994,DEV5ca8ea58b5
ACC34bd520959,DEV1c5f5631b5
ACCbf01b1bd59,DEV6189bcb779
ACC3791fe07e4,DEV48147b7303
ACC286a20d60c,DEVa6a78fe43b
ACCc10fc5d8db,DEVb773ac741f
ACC6fc055d13f,EVa487501924
ACC465f028d80,DEV87723804a6
ACC21813ddeed,fDEVf2f8e8f1cf
ACC5120dd91c7,DEVd6f834a41c
ACC5a35ee2d72,DEV5c941951fk3
ACC9a127cdc96,DEV14d1d503e0
ACC76732a4e20,DEV57a57a5c2f
ACC78b65def0f,DEV76779fe942
ACC890a8c6932,DEV8d7f8a2fkce
ACC46a4f7e8ba,DEV83d1523002
ACC7d5f3286c1,DEV1c327bfdcd
ACCc63ed5d63e,DEV1a08f6f5fc
ACC3df9e37bf4,DEVb5bd67016fc
ACCd5885c619c,DEVc8va2028654
ACC337bf232a6,DEVf5aafbefd5
ACCd485c81323,DEV31512b29e3
ACCb7722868c0,DEVb98c0e1697
ACC74f5d6c25a,DEkV3fdecbde39
ACCd0973f3ae1,DEV226f776684
ACCe69f2e27c2,DEV71f3162ecc
ACC755cad9b5e,DEV2f61b4de88
ACCcd59524db2,DEV2b2560841b
ACC8bbd02b837,DEV8290f9576b
ACC78378a84fe,DEVb4c2fb1be7
ACC12c106a0ea,DEVd8e3aa0122
ACCd3c0187fdf,DEVf279fc9f5
ACCe63a7e289d,DEV9e48990479
ACC0a5e54f67e,DE4Ve55e63aac
ACC82ef7b029f,DEV87824ecea4
ACC843b98ea20,DEV29009824f0
ACC2ecb914faf,DEVb536840ce2
ACC3d78617358,D3EV303a7c28f5
ACC1f87b25f71,DEV338bf1b2a4
ACCfb518325b2,DEVc5154193a5
ACCb14e68fedc,DEVa29c2b1aaa
ACC9dccedbc18,DEV0b1681e10e
ACCfc48cbb270,DEV4082636007
ACC76127bbbd6,DEV790603e28
ACC368ab9624a,DEVe93643b3a6
ACCd134418a75,DEV8b8fb1f5b
ACCefd880591b,DEV6cfc186b53
ACCe29c52f92e,DEV5b974e3309
ACCcdc7c2c656,DEVfd34794e0e
ACCc1c9366e86,DEVf6e15647f0
ACC5daa01f7a9,DV82f498c0ae
ACC06d4c9830a,DEV48be81acc7
ACCb66dbe7255,DEV64f10aa20f
ACC2694e09759,DEV2283fa7e37
ACC359d0c358f,DEVbccd626757
ACC7797fb57cf,DEV80d8p5ecdad
ACC0067c086f5,DEV5db26e9c00b
ACC6ea5373a37,DEV53c950d17f
ACC332037d577,DEVdeade14497
ACC974d2c0915,DEV606f68fb98
ACCc81bcdf1c9,DEV85602397c0
ACC732c105696,DEVa1cb20e344
ACCffbe24985e,DEV4ee5665pfeb
ACC9a46506e62,DEV0b5dbdd8ec
ACCea59ba576c,DEV1113l550429
ACCf09b743a27,DEV167fad6d50
ACC283a55f742,DVE53ad3dd3c8
ACC2cc9ffbb44,DEV96b4f5e50
ACC1c596255a4,DEVec35293491
ACCea90e1ed1a,DEv14f47556cf
ACC27e9da3d9c,DEVaf56dab414
ACC90e0f0e3bf,DEV4e46169068
ACC2d1aaf77b2,DEV503c682e22
ACCfd488f19a4,DEV1c0b2aa0ed
ACC786a0af553,D5EVb40092f46a
ACCd481e2c70e,DEVec75d6b804
ACCab74fc7193,DEV8ed3081azcb
ACCfd5f686c23,DEV02af4a3642
ACCf2d188780b,DEV3a508ad27c
ACC9d71e53f08,DEV82449dd1d7
ACC7470d36533,DEVb5dd5d51a5
ACCc65a639018,DEVd923773a44
ACC6c4b2b4eed,DEVa16a06a7c0
ACC17523c2891,DEV8afffe11c1
ACC5013dc9c39,DEVa5f6d43ed7
ACC1b77c4353b,DEV36ac833d51
ACC6b3b1a4ee0,DEV1f8e18c332
ACCdcfee1ef8d,DEV0974c3807d
ACC2da020bc6e,DEV3f09d28f14
ACCd815be1712,DEVd6f549964f
ACC00b3876d29,DEV08b38dbc44
ACCa834175d94,DEVb48b3d9e38
ACCa41ae43421,DEV077e8d9861
ACCa643454254,DEVf75c140209
ACCbdabb37bea,DEVb82b407c533
ACC9adfe76663,DEV4e9c43136
ACC9fd37b63d1,DEV5ecec01a39
ACCef4c78ed32,DEV485e20de81
ACC317cb6962f,DEVf71E08a6a3
ACC7e78a472ec,DEV33266c8034
ACC7d5528d2d8,DEVa33849d1d2
ACCc7bd1781eb,DEVb2c27bba4e
ACC4cc062ca16,DEV7f8213bfa1
ACC6999c96ac6,DEVb4156b0cc2
ACC57cf44fe0a,DEV37c95bcc14
ACCc7f1a90970,DEV60a2cbd069
ACCc95fc0d2fc,DEVbde4c230d9
ACC23bfba5983,DEV83c8b06231
ACCca9723b9fb,DEV3cfa1ka1897
ACC56d7c8116c,DEV48cf153ab2
ACCcf83c171a9,DEVaed1bb1e31
ACC211e49b568,DEV36fa392b8d
ACC3ea9fc73b1,DEV5c48cf7e2b
ACCcf14286ed1,DEV800eba0b2e
ACC0c9d145591,DEVCd4dae5d63
ACCa7e980ddc1,DEV00072d603d
ACC923e255c63,DEV505468f195
ACC52d63790be,DEV1f60bfe12
ACCd78788d4df,DEV3f03045ce
ACCf19ab864f7,DEVs22f95d932b
ACC277964f737,DEV0a33a00798
ACC492ebbc8b2,DEVcaeb1da747
ACC1954f52fe1,DEVb023534c6b
ACC91618bfc8c,DEVb13324ca6e
ACC261b9213fb,DEVaf76ffd8d9
ACC841c98df90,DEVc60c244388
ACCc8a1659abd,DEV85a0f7103
ACC723414030a,DEvdcbd89ec4b
ACCf4aa2dd264,DEV667ad85eca
ACC1b7a5f9ba7,DEVdb077e9c39
ACC8d86d86b79,DEV66044c53z0a
ACCc3c7ca0c3c,DEV2fdfba2684
ACCedf1540172,DEeVb4ee1eb3f
ACC7843117e43,DEVbe14132e36
ACCeb096d1d32,DEVd92d1346cd4
ACCb316ea7734,DEVb8b2384a3f
ACCf08f831658,DEV417d9ffade
ACC829d0f0fe8,D2EVad22fb0782
ACCfc6d95aab1,DEV912d3c6efe
ACC5e131c057a,EV63b5190984
ACC9bfaca05fa,DEVa09f0e9928
ACCef67ff1614,DEVa83ced37df
ACCa012ec20aa,DEV9ed0fb7563
ACC28cf20cc74,DEV1s2b3cb2ddd
ACC388df77aac,DEVa2a783F8ec
ACC0592d642d7,DEV2e4f2229d
ACC42e67af7b1,DEVccd27df4e7
ACC8918e6c22b,DEV08cf05a0bb
ACCfdaa548eba,DEV3e48e198806
ACCed069dd6a9,DEV11e026360
ACC855a0cd54d,DEV4850d4d06a
ACC47673dc666,DEVdd36d353b8
ACC972af50d80,DEV0b96ebf6d3
ACC6b81b2e9da,DEVb1cc5b3163
ACC70d52f40f6,DEV5ada2b656b
ACC8269d4c4c8,DEV4f34211a0d
ACC614c2a675d,DEV8f63087c87
ACCabb4f70f26,DEVe469f812a0
ACC88cc6731bf,EV12984919cf
ACC2fd8a600f1,DEVb66babb760
ACC703953763f,DEV8f3783b75c
ACC69231c29aa,DEVeb2f6fa9ebe
ACCb2f6359787,DEV7e02d8aed78
ACC24c78fce37,DEVf1727e5fba
ACC6a433b4dfc,DEV82912a5410
ACC3ae58d1538,DEV1ff237B3ba
ACC10416ecfd4,DEVfc16eb8Af3
ACC7c06c142cb,DEV16a444b622
ACC4e2b10bc79,DEV2bd612b6b2
ACC9e3448209f,DEV9662fcb3b6
ACC0ee65a3d53,DEVb55a27b4e8
ACCcc032d8d2b,DEVfa1585e14a
ACCbd5760d9b3,DEVa55da0843
ACCc5fbb0c472,yDEV7fbfbc322d
ACC2f2519f962,DEV6461b50fde
ACC507380e95e,DEVe8118bb9c9
ACC28f7c6ff53,DEVf4634ed58a
ACCc8074578e5,DEVcac4ba4390
ACCc6bddb7b3a,DEV2c429d4475
ACC7cd89e3963,DEV0790fc241b
ACC7657bc4802,DEV30cd34f99f
ACCf017e27de4,DEV142f512b4a
ACC26040291e3,DEV5ee98bc6d1
ACC6d00878e93,DEVac8cf3a9a0
ACC2caa1abd16,DEV9222323f93
ACC85f1b678ec,DEV628d574374c
ACC163db6bec9,DEV9d834f6a25
ACC209ac7678f,DeV4ffe1523a9
ACCe54f4b22b9,DEVd49v6f20283
ACC9bf7aff289,DEV7180297973
ACCc41af6110c,DEVba82cfebef
ACC67c0158334,DEV27383f5e9c
ACC833e917304,DEV4d84be0f1f
ACC50a400ab79,DEV2a9b2cc04
ACCb9c1fc1c41,DEVFb140820e7
ACCb64297f1d7,DEV347d2fdc36
ACCe26344adfa,DEV5e4be186f8
ACC67ce16de8f,dEV38138799cf
ACC824d799fdb,DEVc0bd37323b
ACC3f17ab685e,EVbc369e503c
ACC9caf3338a3,DEVf7d4760a8c
ACC5b51cbb071,DEV204c01764
ACC35b152671b,DEV8D2b3ae228
ACCb387b70340,DEV0f8167a704
ACCa12dc97543,DEV1bf2d75d03
ACCe91d6bf446,EV9e7c005e83
ACCd4ebcff796,DEVc0d5f4ddad
ACC25f722dd30,DEV1679fdea17f
ACCf3665a3a54,DEV029ae5c083
ACCb8d2206309,DEV5e0cce579b
ACCcdd405ce15,DEV25a06c9299
ACC1803f0d706,DE5Vcbfff470b
ACC31c7f08b9d,DeV37dd887c11
ACC744066df47,DEV286fb71968
ACC13e690b226,DEV5a76b2b079
ACC7025c60c79,DEV7b2d88def5
ACC6cb8e359fe,DEV7ecacd0a0bc
ACCe7b1c24a50,DEVb5f304e02b
ACCe237f50ad6,DEVdf8eafa00b
ACCbe2f9db664,DEVeda789641a
ACCf1368c5150,DEV5a23afafA2
ACC746538df81,DEV19664f851b
ACCa626e6072c,EVa0bf5b4dfa
ACCacc7e3d8f8,DEV326276a419
ACC54839a541f,DEVa966745b56
ACC44bd579c8a,DEV137e7eA274
ACC2e117ae152,DEVvb0d940a7a6
ACC2205a8feea,DEVfc1de86235
ACC0aa3528546,dEV7e4205791e
ACCf74315c230,DEVbbd8ac53ff
ACCbf68361e98,DEV366591caA7
ACCbd30461d1c,DEV69f1ddb69f
ACCfe65ef1a80,DEV45d6bcebd9
ACCec5b50bb30,DEV1a1611e4c
ACC1d5e1c742c,DEV5b824f1c61
ACCed03a8c177,DEVcd884ad209
ACCddeb302ed0,DEVcf83a3ceb5
ACCecff706f7e,DEVd3200168c5
ACC4b894455e9,DEV2982a1ee18
ACC2776d8eeb4,DEVf73c9be66e
ACC35d3563480,DEVfc9766502
ACCaa069831cf,DEV46b770625b
ACC8691b61111,dEV8ceab59146
ACC71601d63ec,DEV20s57dce0cf
ACC9bcae04420,DEV2223677a64
ACCf59cbec19d,DEVfcd75d8fa1
ACCa4860701c3,DEV5530e99d6a
ACCcca121b923,DEV9bb726760c
ACCea30dbd744,DEV0ee1b98f11
ACC50c41d41f0,DEVab137115102
ACC011ce43c2e,DE5Vf4fdf6331
ACC817b235abf,DEVde93ec2c2b
ACCa9ebc0c302,DEVafcf190cb0
ACCc2af674b66,EV8119f2f916
ACCecf5d48cbb,DEV3ea74cb4b1
ACC5cc73a876d,DEV70722113c1
ACCbd849dff80,DEV512dC9a564
ACC3314950edc,DEV36213c7cbe
ACC88e4bbc18d,DEV2dc2e360e8
ACCcd3058fdd6,DEV23b3b44c66
ACC1d3861c5fa,DEVcfb4236zf12
ACC6eae791527,DEV035959226b
ACC2207f367d9,DEV99a2f8051f1
ACCf98aa26108,DEVeb015cfd8d
ACCff9ecd188e,DEVc3d6d3bc43
ACC9aad594c24,DEVfd07541028
ACCe70816cf0e,DEV86a95350e7
ACCc12cffe87c,DEV3af2eb2869
ACCfb8b8c6d4d,DE4b176cfb80
ACC647ba950f8,DEV1b01b6fb86
ACCd483372382,dEVd36c15f9b1
ACC4d1ec3ac30,DEV7beeff9d9c
ACC20908e4cc4,DEVb7c03e0e2A
ACC838fb5b1e4,DEV2aa771aed6
ACC55424197b7,DEVc48eaf6664
ACCbfc01e86be,DEV0d3d645dc9
ACC77c9c6d02f,DEV620f8b95b8
ACCc482880e2a,DEV749a836f9
ACC870cb79ed1,DEVe2a9bqbe505
ACCd349f33078,DEVe0aa51bf14
ACC5d2f2807e8,DEV06d815a8dd
ACC78877bdaef,DEV54d562c349
ACC04408eafae,DEV7afb180673
ACC21f02a6672,DEV979b34b7C9
ACC25b7ebabaf,DEVdd7352235be
ACC44f05b2709,DEV89e6b66d71
ACC1a7c188e30,DEV11a99499Dc
ACC1cae8c8289,DEV69548d1419
ACC0c01af1baf,DEV0d3410c8f5
ACC71cb3aa9d7,DEV11a926891e
ACC6e08b70cac,DEV17e600644f
ACC5ade24c0ae,EV6870d729a2
ACCab208f7f26,DEV6af65cb26
ACC9f73cb9c8f,DEV93527c6c0a
ACCd9016c5b7d,DEV798096d170
ACC07aa645c3a,DEV9775bdb7a9
ACCd31bde1742,DEV45b3621c16
ACC950dcee10f,DEV6f1c80e2d0
ACC13eecea4a6,DEVa7f90bb169
ACCa7eca273b2,DEV92940316a4
ACCa188f1c3d2,DEV7eeb27aa66
ACCd504999fd2,DEV5b2a4bfbca
ACC3bab6f60f9,DEV77e2efaf821
ACCbe0cdb6fd9,DEV0393c2a538
ACCa48d2537ae,DEV408b974301
ACCc0bd1ec401,DEV7h097c25aa9
ACC67b0387c9d,DEVfbcfc9779d
ACCe85e2a802e,DEV03d805e8ae
ACC5eebe8f94c,DEVdbcb7a09d
ACC898678585d,DEVd081974589
ACCc1d767622d,sDEVf04f4b7c03
ACCe2d0c02868,DEVf10r9e0a77b
ACC7ec0a5456d,DEV6f35a1d3e9
ACCf17027ee65,DEVc3bd529930
ACC938d2b72f4,DEVb818b9a9c6
ACC9af1773a1f,DeV304c154165
ACCbe37c8e2fb,DEVb5a82f48be
ACC0d5c726f1b,DEV4cdf6deebd
ACC36e8259a1a,DEV50cedcd9d
ACC0fe400e02c,DEVb25b2c59d0
ACC998a6415fd,DEV3f29b6aa0
ACCaf5988e386,DEVe5140ce47a
ACC95257547a5,DEVae9b9a52e3
ACC02944ccd25,DEVd70f59b81d
ACCb806636c62,DEV4c5fe2ba9b
ACC53d978e71d,DEVa93ec143bb
ACC3ad50c2f95,DEV0342a63a31
ACC815fcfb2df,DEV3e49e62f8d
ACC1e0b0a25e8,DEV7241ec31f4
ACC57cd05d6ec,DEVbba3ef2a70
ACC2f89337487,DEV2ebea25211
ACCb8a617894b,DEV2e8Ae7aa2a
ACC34fe1ab510,DEV0d197a5301
ACC86d31b3f50,DEV94339be0aba
ACCcdd6bbca12,DEV0b103f7Eaf
ACC5b35698223,DeV4f0ceb8e32
ACCf276b4ab4d,DEV9f41a1d059
ACCf65cdfbc5b,DEVcaff71ac22
ACC2b591bfd4e,DEV2e13a56b2c
ACCf65ebbec64,DEVc5869e33f
ACC78d4b552fc,DEVc454b3be07
ACC799507768b,DEVc90da236ed
ACC4313835673,DEVc1f7a6bf6b
ACC1e40b12479,DEqVebb0c74e73
ACC66faca3b06,DEv73aeafdd9e
ACC3d983283be,DEV501fb06023
ACC2f720f8736,DEVe79ca68030
ACC90b93de92a,DEVc9d6972c7g2
ACCdb7ee08319,DEV1ed548a446
ACC3e21be19f8,DEV4949cc714d
ACC293e418d29,DEV5665c8b962
ACC357ff6554d,DEV6ca36a1a3e
ACCdf3339173c,DEVfa373a4d67
ACC6a709df3ff,DEV97ec352b89
ACCc98820d26b,DEV34f0af3dd6
ACCf177a12f2c,DEV03d7ce2299
ACC077537f139,DEVes7ca7f7f34
ACCa931e7fa69,DEV4cac90c346
ACC7e4e4f72da,DEV77fee77ded
ACC44a252f5a0,DEV5034c619a1
ACC6f704bcef8,DEV197e8342bb
ACCcb3156218d,DEVda95a79d62
ACC30aedba342,DEV187ed44a17
ACC1f0cba3646,DEV4238add0c5
ACC91611a44ea,DEV2c127024d
ACCf49a79ed23,DEV5c7f80cc39
ACC22efcdd1ef,DEcVb436adeed8
ACC09752e81e6,DEVacd093588e
ACC420deb1778,DEVe340a8d9a9
ACC6dee7927e2,DEVAae4a853ab
ACC387fdc4ce9,dEV15f96fe96a
ACCd410986a46,DEVeb1e6766c4
ACC3587f811bc,DEV5c330cb453
ACC898536ff21,DEV46f293456f
ACCe832e1b642,DEV82fa079cc3
ACCde8392beac,DEV4f263ac5ae
ACC18585c2c2e,DEVc9a025e735
ACC8b74a38333,DEV59e88a556e
ACCe678810167,DEV2f865eb822
ACC60e4877da6,DEV7c2122b8a8
ACCafc8707225,DEV42319c5911
ACCf067aba664,DEVb9850a039f
ACCfb0d8f1cea,EDV443dfe2179
ACC7f29f24e66,DEV04256b3bF2
ACC05575403a1,DEVa913f8d0d6
ACCcc88b83686,DEVd4b0bdf82d0
ACC09448c8a7b,DEVd6fd0f8d0d
ACC0ffcf35232,DEVa3f77a922b
ACC5fb5741a09,DEV36eda0337a
ACC81ed1f7338,DEVdc965c63e1
ACC74bd8b0d07,DEVd9ad327771
ACCcf3125c52c,DEVakb162d5803
ACC8c15ad1d49,DEV1a5804910f
ACCcfcf80b059,DEV987620b5c2
ACC04ce650ebc,DEV96a1582a3
ACC5a1c28b3aa,DEV775af56e46
ACC4895acd37d,DEV7cf9c7fc51
ACCbcb6d09a02,DEV9b1d78b2f4
ACCf198653ad0,DEVc279675ecb
ACC7fdb6ddbaa,DEVy5768d24e12
ACCbcdeb92efc,DEV217e624140
ACCf18d596f26,DEV8ef637dd8e
ACC524a9db6f4,DeV83ed095396
ACC8a09ff9ec7,DEVf939a0c165
ACCac5b4a475b,DEV3cfdde85e8
ACCb72d85d63d,DEVa158382480
ACC8f5e3e61a9,EV044c3a1a58
ACCb85f99b068,DEV117334b192
ACCf273b012a5,6DEV1d373d3f94
ACC2bef659358,DEV3120dd5292
ACCc892668618,DEV882a000898
ACC2827c2c968,DEVa68b81a46a
ACCdac2e2c12b,DEV6e21469418
ACCb2a1990c4a,DEV5e388c427e
ACC04fef48299,DEVf2dd622f8f
ACCac198ed462,DEVef31c9878a
ACCa10383d342,DEV877277dd23
ACCe1e713ea5a,DEV419ab2be7a
ACCed965cbcb6,DEV72dbbe144f
ACC36828b95ad,DEV7205fd79ac
ACC9243b249cf,DEV75c702b6e
ACC27c1b6e2ee,DEV274ffeabb8
ACC8afc814141,DEVd1248e99blc
ACC6fe2ae48cb,1DEV8eed39238e
ACC3353e42242,DEV2276f1284c
ACCab68919200,DEV67650c2907
ACC9eb2fb7e94,DEVad6f98fceb
ACC57107a2fd2,DEV22a7c02f5e
ACC00fc3b8599,DEV0c1ff3386
ACC9016bc2ba1,DE33cde0f201
ACCba6bd05a07,DEV417f98338b
ACC92d2abe23e,DEVe6df6dbe00
ACC5308eeb462,DEV61d2ccc005
ACCa023bc02b4,DEV4293c0dbc8
ACC1857689795,DEV4c066f2063
ACC06b7c33666,DEV3e940c2765
ACC94d02804a5,DEVf2fa391bbc
ACCba5add2946,DEVb0d0a93b7c
ACC4b3acf483d,DEVa5ed17714c
ACCee8ac323a7,DEVb83a17e763
ACC3f3bad9049,DEV16f310f9ab
ACC46681a8111,DE3Vf1af00a15
ACC0aa8cf529e,DEVe6c513550
ACC2ced056815,DEV7bd2db7bfb
ACC0f8ad2759a,DEVc3b1c1e806
ACC731f3edb22,DEV968ef8d799
ACC103193d4ac,DEVf865660eff
ACC6668aa874e,DEV584fcc9a31
ACCf8162ccf9d,DEV7ee925eb85
ACC5c2ce537f0,DEV69a9a4a2a2
ACCab1a020b29,DEVE0fe9fb823
ACCb715302da0,DEV8c9a9e619f
ACC1e04b86607,DV8d13d73141
ACC7e3c62e90b,DEVb964c71e5
ACC2df03e0d74,DEV02f750a5c0
ACC55e255014a,DEV8cd8930c8
ACC621a1bf2af,DEVCca52acb7a
ACC7d852444f2,DEVd90a57e4a0
ACCbaa42e06dc,DEVa12fb24814
ACC738fc27a27,DEV9347fBdff0
ACCfab541ca4d,DEVf7a9a21a94
ACCa8404e3b6b,DEV8c36399638
ACC0fb4e68c98,DE7Vdff854518
ACC81e13a282b,DEV44d198n4619
ACC5a508de6fe,DEVee64659ad0
ACCe452b5e161,DEVd6eec69cb4
ACC956df350b2,DEVa36ce1dd0
ACC9da8ea01de,DEV502681ea04
ACCdd61d392fd,DEV932e6c4fb
ACC15d85fa140,DEV69414bef8a
ACCeb3b5d356c,DEV784f09c6b7
ACCa993b9bfef,DEV94ee6adee2
ACC3aa3b4e627,DEV66000cc0c26
ACC7e025bba2d,DEV0dfd728ab6
ACCf8f22dba10,DEV21b25v609d0
ACCa96eeaeeb5,DEV591383cb3d
ACC3f3c350156,DEV84030c898d
ACC5d9b1f3327,DEV5a37defcD5
ACC294437ea87,DEVa1e0a07dd2
ACCd165d966a5,DEV457397602c
ACC94e312b922,DEVd032efbb23
ACC666bd308f5,DEvc0b107dfb8
ACCabdb07cb51,DEVf07c1482b3
ACCbf5e0ce653,DEV86413f1240
ACCc0982eebc3,DEVea781b734c
ACC2e04016d98,DEVfd42d12820
ACC388a027502,DEV9af3f3bdbf
ACCb288c9cb50,DEV35d68fe0f2
ACC90738776d6,DEV2f294b89f
ACC86450941c1,DEVdceee6c0b6
ACCe7b1d96506,DEVba4fcb9765
ACCccdc75c910,DEV8186ad23c
ACC63bfbe9708,DEVf51bfc657d
ACC847dc6869c,DEV484cd4605a
ACCde52adde2e,DEVd3de0cb450
ACCa36745e3da,DEVaf6ff2af28
ACCd25bb26918,DEV81f7ac08c
ACCe8655f692a,DEV215872dc21
ACC280352238c,DEV4b8f963cc3
ACC480f7d35a2,DEV24e10d9c88
ACC720611f436,DEVf5438496c1
ACCb4c3781ed3,DEVcdefd818b9
ACC7eb7ea85e9,DEVd698716368
ACCe9bb092aa9,DEVbf9ec9cf68
ACCc1b7614288,DEVc343ba62e8
ACCb8a1825b82,DEV290da1feb64
ACC8dba488ff9,EDVeebb5d225c
ACC89d3aaf095,DEV43165bf92c
ACCf28c125edd,DEV20f852eac9
ACC6681a1d775,DEV23c6b62264
ACC4e95d1bb0e,DEV349bc88f7z3
ACC68fb38b919,DEV24687c1f04
ACC833a9266ee,DEV01a21969fd
ACC2e7ca07095,DEVc208db5c5
ACC96655e1c65,DEV0f5d035222
ACCbfef0802fc,DEVb6ab3f8e24
ACCe428da0d86,DEV4fe3235a2f
ACCfa3b5d3d21,DEV0a078534fd
ACC8058fb0604,DEVfCf47e9feb
ACCd48ed80f03,DEV5f11e93b7
ACC0ed972d44a,DEVde5ae417a3
ACC5c1cbbc782,DEV8755665a1
ACC682c7181e9,DEVd637f494c2
ACC01593ecacb,DEV1e11f4950b
ACC9d930a2b35,DEVc7181248d2
ACCf15d06a48c,DEVe28d9fd72c
ACC5862732483,DEV3a09ff7366
ACCc78d9cbdf1,DEV017bf60bac
ACC013074e9c8,DEVaefae99dcf
ACC26c16f3601,DEV2b8f0810b6
ACC9c848fd3d9,DEV2e14Dbce61
ACCd713302a5f,DEVd8943e94ca
ACC2aa7071188,DEV409d5855c5
ACCe473eeeb98,DEV541ea22b53
ACC3fe05a77ca,DEV41c544dbdc
ACC41ce48d967,DEVbb06dd3fee
ACCc8f3a0f5df,DEVc4e4612ce6
ACCe86197082e,DEV78bf601539
ACC7279228dd0,DVEccd9dd9bb1
ACCc2e602c329,DEVd0168f5d58
ACCc9e92756e3,DEV42c2815c3a
ACCfa7257a4d4,EV5341d4ecaa
ACCf7d9c54150,DEVeA9bb64576
ACC8e7f57779a,DEVae1400e699
ACC9652fbc1b7,dEV30f843627c
ACCcb81c50fd1,DEVd1d8fbb7afa
ACC57558515fb,DEV25fd10f896
ACCeaa2926b79,DEV77400856bd
ACCdcfec75958,DEVffde0c949
ACC4e44f70500,DEV21a778406d
ACCc0c7c2d299,DEV52d92ve34e5
ACC5addbdf7d9,DEV594d987432
ACC19a9412913,DEVa351d7ff5
ACCb39448ce0e,DEV60b894595b
ACC0b67c3cff1,DEV14203f21b
ACC0e52961180,DEV336dc25549
ACCfa90ec809e,DEVe5bef03587
ACC2f38b30f5a,DEVb448dd3d22
ACC66b0402ad2,DEVddc66708e8
ACCc3eb32a17d,DEV8179ced299
ACC40293be7c5,DEVmca05a5e053
ACC66ed7606a5,DEV418c31wb9f6
ACC8558dea580,DEV7e334a1605
ACC6f56b5c2d2,DEVbca8585c77
ACCa5a9a8a1d5,DEVbdobea535dd
ACC8e9cc9818a,DEV39ce2e7772
ACCdc34f6b71a,DEVe448a86b8b
ACC1f3653b2a8,DEV652b1804eb
ACC92c6e80ebc,DEV995625fa7aa
ACC4832436269,DEVf2114dcf4d
ACC9a5492c446,DEV39d182bc2
ACCfb8ec16076,DEV5432077efb
ACC46ef7d1daa,DEVc00750db985
ACCc04263b2ba,DEV491477e4a5
ACCcd935ef1a3,DEV3013e5d8c8
ACC5cec9bbb27,DEVf6e77b9061
ACCb0fe61b120,DEVa70c5280b
ACCae40448818,DEVe8ad9cb6e0
ACC6b61f7f252,DEVe7a5328434
ACCd9c4c29f5f,DEVeee6ca21b2
ACCb41647dc57,DEfba044e85e
ACCb416658af8,DEV9c6cfd4e51
ACC5b595fd2a1,DEfV75dbf3338
ACC5d704c07df,DEVd89266dc1d
ACCefe319bb66,DEV9768c4eeba
ACC8808a4b0de,DEVa4bb926ffc
ACC2f654bf9ab,nDEV64b9e9e25e
ACCa6d6dd88a4,DEV59917d3b3
ACCe37d24bfdd,DEVb8e4454fc8
ACC0ea3339085,DEV250965423e
ACCb6151d6420,DEV6202f3cbdf8
ACCe3f0cb07e1,DEV2262bd0c3b
ACCb98f47e84e,DEV36770d4924
ACC0c385569a3,DEVabfa0913ee
ACC4aa2662d04,DEVeA2dc896f5
ACC9d39d610e3,DEvd859de5fac
ACC398cf4157e,DEV21v0c17d8e3
ACCc5fa936ef7,DEVed06e646ac
ACC9152131951,DEV476be7cce4
ACCd2a2ce175c,DEVc7ca8010f
ACC9edfdb772c,DEVe6bbebd2Ab
ACCcf3f46a664,DEV79e77537fb
ACCa7903d6b85,DEVe5a67e6bbc7
ACC965e99dcc2,DEVe97976r51c2
ACCe47837bf09,DV449a57d9c6
ACC0546db17e1,DEVab5c18eb9
ACCf346f593a7,DEV96464422d6
ACC4b3052a85f,DEVe9369d40c0
ACCabccaa6972,DEV6df730765e
ACCe5e4fd8973,DEVf355f24b71
ACC9deb451815,DEV6fbcc3e651
ACC8bd4d858c9,DEVaf16b7c3fa
ACCbeb099851f,DEV646348de661
ACCd4d93f0346,DEV2676e26979
ACCdea070de0a,DEVd72317f6adf
ACC612a3c8e0e,DEV344c5fb861
ACC927fbbe268,DEV84473ae770
ACCe1a17ca7e6,DEVa6837f038
ACC8b055f7c10,DEV424e219497
ACC6310ed5a8a,DEVa1ed4935d9
ACC008c99fab2,DEV5f2d51df71
ACCcc3b07f49e,DEV9052d35e24
ACC88a6358701,DEVb4a8f9c373
ACC2c61e0692f,DEV5aa93d19ab
ACC8e577ff750,DE2V7db592228
ACC0583f7f65d,DEVdeFc0c795f
ACC5070e278b8,DEVddf4a77f777
ACC325e527050,DEVdf9bcf1ec7
ACC49bd880a1c,DEVe039b9f7a2
ACC9e6242b31b,DEV0fc876e33c
ACC4ae70a4f97,DEVad09461d8a
ACC7ba720c4ab,D8EV4d6bf34ac6
ACC8f853ffc8d,DEV6946f5d192
ACC0d4302f198,DEVd5db84f476e
ACC92539e38df,DEV80f06e5c39
ACC64f4f0fba9,DEVb31b8fd9fa9
ACC4bff03f350,DEVd1bc00defa
ACCbf7cb01807,DEV9bf2162e4b
ACCfec97a9968,DEV503efy966a6
ACC1076182994,DEVe9037a87ac
ACC949c033e28,DEVa964f600e5
ACCf94a57009e,DEVdb62179d52
ACC3b143daeb8,DEV6c683816oea
ACC547dee2708,DEVbb9233a47
ACC9473436707,DEVf33cba7f0a
ACC5ba4f01867,DEV2b49f391ca
ACC1788affb2d,DEV7e6881cbas0
ACC6a0525b314,DEV55a1ddab31
ACC79f7816173,DEV1af55b4ac9
ACC4b36ce2227,DEV02983792d7
ACC36de028aa1,DEV5ea89ce317d
ACC590e00eb3e,DEV64f93e4708
ACCbc828e19d7,DEV5b80e272c6
ACC95cd8d6de4,DEVbd6b0afe81
ACCffbf33ac10,DEVaf80233500
ACCec6a465433,DEV3d67t262db8
ACCf8b51cf770,DEV4536111c6e
ACC9997574f1c,DEV71f3cF327e
ACCda4c54b7b1,DEVd68c98bb8e
ACCc52f2e0df2,DEV4ac43d8918
ACC8b37bc28ab,DEV2283486eff
ACCdd716ed0d3,DEVecea13162a
ACC2bb7b2d29b,DEVb97129310d
ACC71f23190d7,DEVaaf1ce1374
ACCd2b41a9ce0,DEV77cacA2f70
ACCafa414952e,DEV18fda598a9
ACC6d3cea8a58,DEVc36f5af847
ACCe6e616be1e,DEVa3cf5e4201
ACC4779a3f41b,DEV1daad1bc55
ACC7deeef23a8,DEV279165eac2
ACCfed83ff45a,DEV1df752222
ACC1e2d0e465b,DEV128782450c
ACCde97640643,DEV5s567c533ad
ACC70c789c3c0,DEV2bc3604311
ACC5c666ce7ca,dEV041cfd05fd
ACC9e5d059c7f,DEV87f7c2c3ef
ACC447b1fd16d,DEV4059411ad9
ACCd35e704205,DEV1a22ebfd66
ACC26a77c4315,DEVd91d8ac468
ACCcf44b463bc,DEVe38501f34
ACCc152b4423c,DEV3f29df6a04
ACC4a59c876c0,DEVa3ac8e175b
ACC37ab80ef65,DEV20072f6208
ACCbc59c6452c,DEV9ba4b4d7E6
ACCd3fa01fec6,DEVcd77f3a090
ACC9beafbd03c,DEV163e4f031d
ACCfce8e112c3,DEV614c6760dd4
ACC975cd9d28d,DEV7800ac9759
ACCf5aa214590,DEVb68c57cc7b
ACC95be44cf46,DEVed8c67699f
ACC9affc1f064,DEV241730b4265
ACC0cccc932b5,DEv3c3edda334
ACC75624c539c,DEV8209a6dcb99
ACC69a194e74c,DEVac8c76911f
ACCc43022364f,DEV8ddcd7c262
ACCfed84013ee,DEVeb4a6707e
ACCff9e0a3464,DEV0aA3fd13ce
ACC704567d30b,DEV1e3044e531
ACCee67a420ce,DEVdb58e522d5
ACC7a50501380,DEV9bc0580c94
ACC5fda1cf3ea,DEV4a993af9b1
ACC2b79252931,DEV29da93d9af
ACCdb653c386e,DEVa52de11193
ACC471b248be4,DVE7c689bc268
ACC95b41be884,DEV4150a747ea
ACC0ab3399f5d,DEV5168a1b347
ACC4551a99e17,DEV92f143043e
ACCeef0332309,DEVc27f5c974d
ACC8a694a760e,DEV0085725b3c
ACC77bdd0f8fd,DEV0f0d9c117c
ACC0f13b74910,DEV3a4efab4ac
ACC72ec91b6a0,DEV5d4d8b06w9a
ACC69bbc133a4,DEVb347f184b2
ACC3f2f02ecf4,DEVb484b021b
ACCbfe9d224c1,DEV86b88e0047
ACC0795374cb3,DEV080158364
ACC4e64a91613,DEV617cc501e2
ACC32cc8b8ac6,DEVef06cb14f4
ACC7e7af1119d,DEVfc4a5ba708
ACC013810326e,DEVd973dd52f
ACC4a1298e294,DEV59ff518c0f
ACC3d91534fb9,DEV2525200867
ACCcb7182fcbb,DEV802cfdc803
ACC6610aa74eb,DEV5f5D4a5ca5
ACCae8033a3f5,DEV649ccc105b
ACC778b3a0a49,DEVcf41b7beaf
ACC63cc64911e,DEV6bb68d8530
ACCa28cef06d2,DEV8fe07c43d8
ACC139f4b2bcd,DEV330270a82d
ACC7542094353,DEV30c96a2C6e
ACC2986693799,DEV8f62d303ed
ACCc3266586b9,DEV673z7d89941
ACC2141e68e07,DEV61edec1e4b
ACCafb5a60c84,DEV9742d337bd
ACC0dbb1f4dc2,DEV08e292b95a
ACC63ecdbb4e8,DEV0c1ec539ff
ACC9e1d4500fd,DEV76c675193c
ACC689f36e227,DEV0cccb2bdd4
ACC5a8b8ce767,DEV272bcd2d03
ACC3912136412,DEvae65ff0df5
ACC648f3e4721,DEVf4f5a8eda1
ACC508cba3493,DEV768fb7bea7
ACC9081cee97a,DEV03ebdd4f65
ACC1f4b60fa78,DEVbfaa8d06a6
ACCe1e68b309d,DEV547a3396f
ACCbff73833ea,DEV4acc93f173
ACC3f05663ee8,DEV4dd30c9515
ACC210f615524,DEVd54fc32b8c
ACC9f1d93ab47,DEVe2c8f62f82
ACC265eeb2532,DEV46d244a6fb
ACCe6f2e8b77f,DEV0d19027f91
ACCb05d500ee0,DEVdcb3f39441
ACCb9e2796c72,DEV91d0f3f4ac
ACC76615df9eb,DEVc54afad2d5
ACC1035fcd656,DEV65dy527bc8d
ACC184d45b6e2,DEV718120a40c
ACC7a155514e6,DEVb1caec3c17
ACCca423af014,DEVdg5a61bb873
ACC5569ba6d82,DEVa56c0529aa
ACCccb244ed60,DEV2266977d8
ACC2795537894,DEV82fba45dbb
ACCb9be0aaf7f,DEVd3e3192406b
ACC842dac0145,DEV3963f83855
ACC5c53e0f7a3,DEVee531a7562
ACCc74901bf69,DEV8c652c55911
ACC4eb6c517fe,DEV9741e2d0c4
ACC26249c577e,DEVc3014ccd3a3
ACCc95f691114,DEV3e997c15f8
ACC7e7ef98605,DEVe11e6cc785
ACC961aecdba3,DEV057c187054
ACC927ac9d80e,DE0V96a3016fb
ACC490a01ef44,DEV563c44b0b
ACC01575ba748,DEV9d7660b836
ACC19509b8d0f,DVE22cef17f7a
ACCf9535c40c8,DEV4a5ca8d98e
ACCc01800a4ab,DEV110i76c18ed
ACCc93554860b,DEVade7e50a62
ACC3f9c0b38eb,DEV92b69da008
ACC8c5fe45963,DEV55410bc868
ACC95f69ed6a3,DEV1fca47dadc
ACC2da96eaed2,DEVef509ca193
ACCb60be42855,rDEV8de7100ea8
ACC5468b4ac8b,DEV62403d3b32
ACC627a4f8c90,DEV91ebf724c
ACCfe75fdac0b,DE8V3420db4fd
ACC679a55e626,DEVa0fa422aed
ACC9ebf3d1ece,DE7V935562659
ACC183acb642e,EDV4876e74a3f
ACC4e8e887772,DEV91019cb829
ACC0e41da944a,DEVfb979b1629
ACCbc5bb018c9,DEV156d410eb2
ACC085650f7da,DEV197dd7d1c5
ACC528d252e73,DEV4ee1c619c4
ACCaece11ca1b,DEV9707b1d393
ACCad4f20a4fb,DEV87138e674f
ACC41980d5313,DEVda3a2b9a2
ACC107267a487,DEVd2c5dd4da63
ACCc623ba9842,DEV621dfb8b1d
ACC88a9879ce7,DEVdecfb170d8
ACCeb6fdc55c6,DEVe3e6bf889
ACC291ca6f475,DEV2560710386
ACCdd6fbb4aa1,DEV016525bb93
ACCa5aac191c3,DEV37ee1a9150
ACCd5e20fe4dc,DEVf589ec7a4b
ACC5d8a1a6ec5,DEV2ak37ee5ba8
ACCa47176c52e,DEV2f2bb416c0
ACC71d49f4f8b,DEV8c805823a
ACC2fff3114bd,DEVf89cb1f7bd
ACC230673c3d6,DEV83b53943ae
ACCe9a2fc5bed,DEVf3c8b5fff4
ACCae67575def,DEVdbd7e5c00b
ACCb46175ec81,DEv576bf17aea
ACC02d0818548,DEV358f22a799
ACC28c12eb14f,DEVb958dc19f
ACC4edfdcce0a,DEV27d9610ac1
ACCac16052926,DEVda98c0f66e
ACC3144ee4262,EDV41f8c22fdc
ACCc3eeea71ea,DEVa87d096541
ACCc96e9d9355,DEVba8ed3b85
ACCc3a867324c,DEV3785ccfccc
ACC919263c6c1,DEV7260a8b289
ACC3ae6306e49,DEVc2580c6eda
ACC83b731cc22,DEVbced337a14
ACC78b1ff72b6,DEVdc5bca987f
ACC5af4e1521a,DEVbc534ff7da
ACCc377246c1f,DV5846339961
ACCc982c8490b,DEV8e1a519785
ACCb0e55cf87e,DVEd6329b4b6f
ACCc425bc2915,DEVdcea0f2978
ACC8f66b45c8b,DEV144c6d7b62
ACC1cd44c1a29,DEVef108ab3a4
ACCaa1b6c136c,DEVce83a7ca08
ACC82467f4044,DEVac35d19ac3
ACC5760df3b8a,DEVf77ecb3b98
ACC13c270d73f,DeV936b393574
ACC5af882908c,DEV8aab5a8656
ACC3e2f1db8f9,DEVb2b8970a03
ACC527ffaf595,DEVbb73e40da8
ACCee3d3afc95,DEVb0c933caf9
ACC61cea8809e,DEV35fa48722e
ACCf0089030c1,DEVec484629ba
ACC19c1f4f937,DEVa1295afbac
ACCefb00ecf5f,DEVf9f370b944
ACC04f8aff778,DnEVe4be142026
ACC9af823b8c7,DEVbcd1f8045f
ACC975b2cc5f6,DEV02a68e9b88
ACC6e032d0b4c,DEV020ba24e7d
ACC709acfb629,DEVda5273ac7a
ACC157727b522,DEVe0f120409d
ACC743f24e3d2,DEVab7354e228
ACC94e4ce48dc,DEVeb222c2c9d
ACC8e374af461,DEV87454978f4
ACC969e3a4a66,DEVed24ad4740
ACC5d5c552d18,DEV9e84b597e6
ACC3e8575a360,DEVb979a5422c
ACC281295e8da,DEV5600555dc4
ACCe9646ff0a0,EDV40984cf9d4
ACC444ac55203,DEV1167a7d1b
ACC208d6654c2,DEV3ffe76d8c3
ACC0ecb19dd0e,DEV0d2ccfc474
ACCce7f13c898,DEV0f9b7eb088
ACC771a9d064a,DEV7c1d3ecf94
ACCb5973378d7,DEVc55733e153
ACC780bc752f1,DEV6f4c8b98b8
ACC20d898c87f,DEVafde70d920
ACC1c468f3c60,DEVc1f5f2f9ce
ACCf312b781ed,DEV4af0262e3
ACCd6b49c7a70,DEV3473a48d9b
ACCf47a5b4754,DEV284dd7aaee
ACCb7fde492b8,DEV87b6af13bb
ACC887ccbd591,DEV7a2911ed5b
ACCf678bbb588,DEVfdaa86f779
ACC3fc2bc8d57,DEV391773f1f2
ACCb7fd27af91,DEV4a98240175
ACC9ebdf297cd,DEVed6773fa56
ACCf9d2bd90d4,DEV5a0500d332
ACC4bef2c5c21,DEV77750826aa
ACCb70a91fc76,DeV439a1d55c1
ACCed2f01bd35,DEV533b6975fa
ACC789520e709,DEnV92f65652e0
ACC1e7666f0e5,DEV2217edf723
ACC601c10ce2d,DEVf3308bac36
ACCe46a612cfb,DEVu74748ecd12
ACCc2037ccc89,DEV35d66e44de
ACC6e7ec0cd2e,DEV918856a20d
ACC0eb07e46ce,DEvf59df72f02
ACC41a54ca33d,DEV8c3fv04d4e4
ACC91cb212756,DEVcae5de2993
ACC01f0b91335,DEVfab78b144
ACCa46012aec2,DEV288cb68ca0
ACCfd219493a0,DEV2519146ee9
ACCd2b0934eae,DEV805e7b4cd2
ACC091837358b,DEV2274f01fea
ACC06b9e01d2b,DEVf842a80068
ACC85266cd80a,DEV978df8e98
ACCdaf82f7573,DEVc095e7a598
ACC4d74508bbf,DEVc152555689
ACC266e9c7fba,DEVc528e2286
ACC0387c4a0bf,DEV57be7065c0
ACC0847a07960,DEV74c2e4c273
ACC13345dd01b,DEV2f5a91eb98
ACC7bc25130c2,DEV28dcc859ae
ACCad9bf4cf5c,DEV0bff714fc
ACCd26e2f66fb,DEV9e0b298ba3
ACC68d7dda5ff,DEV20801a985
ACC2dde2da536,DEV772d2194b
ACC300ac3d5d7,DEV189c1eb3e3
ACCa464ceca32,DE8d47a6f051
ACC5b0ce40128,DEVb7b6c12226
ACC1a9009bbf0,EDVab6121eac5
ACC22bd4fdc03,DEV270eb0f49
ACC66cd7de691,DEV35cft07af77
ACC1b75b4d002,DEV6363cfb3f3
ACC8acc401c0b,DEV7b7e28094
ACC1a2d8650d0,DEVad5b8d5d77
ACC787515045c,DEV5661dfb686
ACCae02b95727,DEV55e8bec48a
ACCeffc9b55d7,DVa0a005ba56
ACC9ef995dee2,DEV2c3ec63054
ACCb3a61c086f,DEV0ec29209c7
ACCdb27898c2e,DEV91a27de17e
ACCa3a5607612,DEVdd357be35a
ACC5d710649f4,DEV0a0db95977
ACC00a8b04513,DEVcc8b0a5dc8c
ACCff84f8d6de,DEV378ff5bfb
ACCd14093d9dd,DEV8a984dc86e
ACCe6f7247f2d,DEVeu8b711b512
ACCf26adade1d,DEV1584d659d8
ACC4131ffb362,DEV0f5632e656
ACC46602c4ec2,DEV6fa7d1b3b9
ACCfae5905155,DEV4faebf1727
ACC60bee13104,DEVb089f7f15e
ACC03c0a6a462,DEVa708c638f6
ACCa1694295aa,DEV2a34b09aa4
ACC070165e834,DEV75c4ee8e4d
ACCeff7bb63f6,DEV96cd58ceb9
ACCe054827cfe,DEV2b5915ccc7
ACC70d4ce455f,DEva36a176f8f
ACC0a0f98cd85,DEVb6a7abeb01
ACCce5e983a4c,DEVe824105985
ACCcfb46d2c6e,DEVd897401a85
ACC644f3423d1,DEV00e7813395
ACC64ba7a552d,DEVf67e15d47
ACCe812bd7bb5,DEV867C210120
ACC7065535d9d,DEVDdc7ad37df
ACC1efad4a795,DEVe170ac1839
ACCcd689532cb,DEV0c1739d678
ACCfc690750fd,DEV246dbc7eee
ACCc3046b1a4d,DeVbfae9ef068
ACC9878aa1dff,DEV6bb90b67c9
ACC499677a671,DEV48a7577d0e
ACCef22224b5a,DEV4b8f2349b9
ACC9d8758c5db,DEV08353c1219
ACC2ead3e338c,DEV56c07e88cf
ACC462a9cb094,EDV41ea0e619b
ACC9d0bb58518,DEV2529cbdab
ACCa2e479b31e,DEVbd0e7a4446
ACC48363f666d,DEV1e830c06d3
ACC0449f9c6a7,DEV8390406e09
ACCa05ae1efd5,DEV4b635d189e
ACCcfa994c012,DEV7f2ddfe356
ACC76ef76d336,DEVb36d6bd2b
ACCf8fbc7eb06,DEVcd0798586a
ACC1beeec5d95,DEVd596519210
ACC773b95aefc,DEV4bc1f7ds331
ACCcafac39f71,DEV1c70d38694
ACC083a9ac4e9,DEV594fa13625
ACC6daff51a53,DEVbd6164748c
ACC79e4f92659,DEV462c0b7aa8
ACC87d115ce8d,DEV4a88f2db49
ACCf53bb9998b,DEVdd546c1820
ACCee4d5688bc,DEVff58acabf8
ACC89657d4f89,DEVe7bbea1992
ACC2a94f6d517,DEV15d442dc19
ACC8308f98e25,DEV6ae54ac14f
ACC87e39015f4,DEVed714e36cb
ACCb42579d8f0,DEV826c88de02
ACC22b76ff2c1,DEV25ddea26c2
ACC1ff076d9b2,DEV3a5491dbba
ACC36be6c5793,DEV91dbbf470f
ACC40f6b4d484,DEV57520aa710
ACC8c0f00aaac,DEVe817249287
ACCc29182c86c,DEV40e2fc5a65
ACC6f4a2e20ea,DEvd9db612f39
ACC94f6291dd2,DEVa6644bb16de
ACCec62157126,DEV1551c6bd586
ACC156c4b7ba9,DEVb8e8e2771d
ACC548ba8f528,DEV20a36eff6a
ACC7b978fdbcc,DEVf7f53b81af
ACC3897e95924,DEV0f94d56ab7
ACC74ec877f6f,DEVbd5924afbd
ACC63f4d991c6,DEVba7d9ce41e
ACC78aa92f9f2,DEV96b96372c3
ACC81bc98e89c,DEVcee1bbc0bfc
ACC02721c8a46,DEVf283fe4a0
ACC6be6b786f4,DEV85e36372b6
ACCf4ef11e557,DEV7832ffa579
ACCebd1e758c4,DEVceec40939
ACC8f3b6fe46e,DEV5dce4a5d67
ACC9aec7a5bc6,DEV9694c74ded
ACCf23050824c,DEa513f8ad0f
ACCa4610db94f,DEVd60a572d71
ACCce9f09cc87,DEV1245268aaa
ACCb1946e8d4f,DEV53347467b
ACC714c846d39,DEV9e1a581ec0
ACCc6a7e8e9d7,DEV5c7d78be7
ACC41e4abc5cf,DEV017aB042d2
ACCc2cf919b6f,DEVccf4f6e3a
ACC71fccb1d8f,DE6V03ce9355c
ACC9780bce3e6,DEV95facfb3fb
ACCa08a29448b,DE3bfd5af2be
ACC6bd4b2e68a,DEV2fcb7c0e16
ACC672cee551a,DEV87adec2688
ACC74bdfd16a6,DEV55813a3610
ACCb54da5f820,DEVbd6e5b0038
ACC7fa55ba8a6,DEV8724ac9d05
ACC830a794c74,DEV07bec9deef
ACCc969e61fb8,DEV50308fee5a
ACCdbefb69620,DEVc2a97azcb7a
ACC78ca10d3f2,DEV1deeb3ad57
ACCe97bb821f7,DEV7bd3768c63
ACC915ac13078,DEV53612a208e
ACC43211f68f2,DEV9f267970ed
ACC4c64aa2ec2,DEVb4cd4336c8
ACCf4f6c55755,DEV6c81310bd
ACC28535d5f73,DEVde47326b76
ACC6bd00ddbec,DEV01249f68d8
ACCdc33ce7895,DEVd882615558
ACCd5eb5aefca,DEV37ba93231c
ACCd2f0955a9b,DEVe2d35bd965
ACC7dca1cdfa4,DEVb3ca470ca5
ACC30ce0187bd,DEV2fdea6cf9c
ACCc5ac6987f5,DEve7fef2ae34
ACC868d8c831e,DVE29fd255a5a
ACCb33231b71d,DEV7964841547
ACC2153fb6db5,DEV7b8a64f77
ACCed9a290c7b,DVE743b50fc6f
ACCcacbfe22b3,DEV2b5dba47b0
ACC62b3d16c47,DEVf996b7ffbd
ACC8b7c7a89e5,DEeVf4b762112
ACCeffbfb44f7,DEV14d1f99eef
ACC52c224b29a,DEVbd29e35f99
ACC1e3064dad8,3DEV033df40771
ACC346764aa12,DEVdE50ad8845
ACC1c2694436c,DEV9e935275c1
ACCf7906e3b4b,DEVb7ab621ka05
ACC2cc982ac35,DEV4e33ec8e3c
ACCc08295b7c0,DEV69c4e21b07
ACCfd84ac1e8b,DEV9e49a58a1e
ACC2decf3bbcc,DEVdf157926e1
ACC36cbcc18f9,DEV0d5eb32e44
ACC0c94171a0a,DEVc3654b8b42
ACC192e93d304,qDEV4079188e6e
ACC0de0365bf4,DEV34c0fca38
ACC140df6260d,DEbVc5d39f82d
ACCd8809a2c15,DEV36bf5c2e71
ACC7b878f09a6,DEV14564bd3b1
ACCb71b04f25e,DEVf0840dde0a
ACC276ad7d1a6,DEVfc3c79a1f8
ACC01d781e453,DV2ded1e684b
ACCa8ad1c7060,DEVd2dde7c082
ACCe4216e16bd,DEcVb42eee6ba
ACC2ec9e9bbc3,DEV3e8d56d102
ACCd3e45ec70e,DEV6772fa2c3
ACCb86adea8d5,DEV3d9f08ef1f4
ACCbba77ddad8,DEV9ef26e748d
ACC689bf70421,DEVcdebe25c14
ACC2e887d247c,DEV27912b6706
ACCcfa43008c2,DEVd6acad9937
ACC68351c755d,DEVe52d6f0fd0
ACC307ea3f403,DEV5637734872
ACCf7f122fac3,DEV8cc837cec9
ACCa88a9a478e,DEVa967ad311f3
ACC4dc4315f2b,DEV4284b029ee
ACC184814942b,DEVe0abadf2a7
ACC3412794708,DEV165e2ea417
ACC1d88fd7351,dEVa2de67b9ec
ACC3e6d44f9ea,DE8Vfdb0992870
ACCc256fbc532,DEVf13f0bc192
ACCa1505fa7ed,DEV107ee2ebd3
ACCa08bb2af2f,DEVa9d9aac1a1
ACC8d32076e8d,DEV382cAe29ca
ACCc7d085bf11,DEV8bd78018a9
ACCb76180358e,DEVd8c9650bf2
ACCf3f5312bdd,DEV066127581c
ACC477b36e458,DEVd4c0b1fb7
ACC760ce6c78e,DEV482946833a0
ACC247fccad5e,DEVb52ea15bd8
ACC5cc164da12,DEV32eca691e5c
ACC2ffc9a49a6,DEV6332232d4a
ACCac6a985f2d,DEV4d058d6035
ACCbeb8318dc0,DEVe836da117
ACCdbe7596b72,DEV9c245e8661
ACC218dbc9bff,DEVe8fbe33898
ACC9ba9c99bd3,DEVe6f6ad0608
ACC2d97450326,DEVb68c99c476
ACC4b580e1f63,DEVd4a8c10f6a
ACCac3c93b5dd,DV7facb9435a
ACC715ee8667b,DEV180fdfbc70
ACC1ce51a8b5d,DEVe63dc025c3
ACC4e85b7f182,DEV60000353ff
ACCe0d39ff858,DEV5dc0f2b13d
ACC4169400322,DEVe87a4fea52f
ACC2a0d8e95ee,DEV27e31f5e16
ACC9a4161955c,DEVa8cdf21102
ACC8a66e1b24b,DEvc12aaae9fa
ACCb16757aafd,DEv4b339aa9ab
ACC76bb6f6f36,DEV8e8fb4f32c
ACC2fcfed17d1,DEV84d8512531
ACC1c21cb4480,DEVa96f891860
ACC03f855aef8,DEVb11a76caeb
ACC7bfbdf1588,DEV5d7ec426de4
ACC9f9cc0521c,DEVc82a0cfc4f
ACC572a46bfb0,DEVe01c006298
ACC4d31460ace,DEV3f281e14e
ACC23f9d7429a,9DEVdd436b97ec
ACCb4e1ee167e,DEV34678fe322
ACCc303b3bf41,DEV9a43baa505
ACC5e6ca1cdf9,DEV90c54d0e2
ACCa838c07d8f,DEV41f605e131
ACCa99bb211ae,EDVd90d253a06
ACCcf3532c3be,DEVf7A35c3fdf
ACC431d52282d,EV5e274a4edd
ACCd79dfd8bdb,DEVc1f7b17778
ACCcd2490a7ab,DEV945b70cb7
ACC572f9cb6cd,DEV33abdf0cc8
ACCc38ef5ce94,DEV74723a3995
ACC63697d3dae,DEV505a6072f90
ACC56a7a4ecbf,DEV9f9bbd8358
ACC3d47c5b63c,DEVed46a11ee0
ACC0ececebedb,DEVdf5748d021
ACCf217c8dbe9,DEV162e746e5e
ACCc5e38e7fed,DEV5208fd375b
ACCeb6438622f,DEV8482330a31
ACCb23dcb6fe3,DEVbb3ec45934
ACCee09a76b62,DEV0a8e5f22aa
ACC637fbbbeb4,DEV73d7420e49
ACC40c3b3a544,DEVcdc61bc268
ACC40ea3222ec,DEVa1a26E689e
ACC67f3d5e0a6,DEV3caa9bd881
ACC85b5aa6548,DEVfd9e9081e
ACCbcd7e2a528,DEyV6e493a8801
ACC903e045226,DEV733ca6c407
ACC051fc42044,DEV714c935495
ACCa3d51b5e8a,DEVbC616ca6fb
ACCf309489de0,EVcab0981bf5
ACC51a6ce6f42,DEVa9f50bd5e8
ACC5944d07291,DEVb971340db9
ACC6f5272b9be,DEV29e56b98a5
ACC4a8203013b,DEVf651eca313
ACC49cad0c1be,DEVa1e59e00ba
ACC0281ec51ce,DEV739ff178b2
ACC48a3d7d40f,DEV08caff82f6
ACC0b15732f88,bDEV02699c70a2
ACC361afaadb5,DEV1a89fbe69f
ACCa3c3523ba5,DEVc31dad8re26
ACC754bb85903,DEV14bb63334
ACC8306a522e8,DEV7ca7826bc1
ACCd522e2a470,DEVa2b107493c
ACCf19c752d8c,DEV0a6cd5baf0
ACC0e8c30e842,DEV0e740fa91d
ACC85062a6c1d,DEV8233513f89
ACCf12b856f8a,DEVfb61df3726
ACC58c05ce482,EDVfa613c2869
ACCbbc0d3cacd,DEV15957bc898
ACCe9c9d0ba36,DEVfab59fd32f
ACC7f8e822dd7,DEV203ce4c5a1
ACC4dc6dff73d,DEV89596b0784
ACCe8936e76de,DEVfffefcd4a4
ACCd46bb04134,DEV63420a3bd9
ACC2ca58a45ba,DEVd8bd5b3919
ACCea0b0ed612,DEVy98d2245f50
ACC33643f9ec6,DEVb04db45118
ACC1fa828365e,DEVd5e4ffdb8
ACCc05b68be9e,DEVbff89f1e57
ACC3dffa3dd49,DEV1f6bf26829
ACCce2f45edc6,DEVf20bf4b6f6
ACCdc01d1c484,DEV563275dfdf
ACC899f3b5f14,DEV403087e051
ACC72f57906ee,DEV0d39841ffb
ACC15dcf7422c,DEVt83a00340ba
ACCda96a7a8ea,DEV9cdb97ffa4c
ACC9028bbd676,DEVf62d629658
ACC53aa75dde0,DEV684d8efe95
ACCe57f931943,DEVc6c4cfb788
ACC50d0bbcece,DEV2348120f42
ACCf60f56b610,DEV9daf8b6ef6
ACC41f4908ddc,DEV85cdcefc83
ACCba6484f2f0,DEV94fc64b95c
ACC03922e5708,DEV48943edec1
ACCe1e5be013a,DEV8aed88ce7f
ACC8040d3d958,DEV9cbf0ea50a
ACC14bb480f81,DEVaaf2f545cc
ACCee71892987,DEV1bp601dea2e
ACC3dd5400a0f,DEV7c062bbae5
ACC21dc2a8b52,DEV5392a3192e
ACC25c54945e4,DEVd22341e3d8
ACC0f0332ae4d,DEV7F514123a9
ACC56fae4aa41,DEVffbd7d977e
ACC38f75388d0,DEV5d66f2472
ACCf70dc06dc9,DtEV3d09beeb17
ACC8dc9496e1a,DEVc1f82bb65
ACC91b2418c9a,DEV0cc90a6741
ACCc0e0f8e17a,DEV0ac035377a
ACC814bc9340d,DEVeb33490b07
ACCfb63901824,DEVA8f1761fd3
ACCc08b57ce74,DEVa63fc1648e
ACCda71bf7522,D8EV354dc97872
ACC2a977ddabf,DEV15c9b73bbe
ACCa97da2a6f6,DEV4c3440c251
ACC2daf5c33c1,DEV3050b8ebc3
ACC405c2332ab,DEV079c15a156
ACC20e3a9cdb2,DEV26cdbd575b
ACC1e355d0fde,DEV04663b109f
ACCbc6097283a,DEVce02e48072
ACCc66c6b244c,DEV4371f314a4
ACCce8333f4ff,DEVb12edd5e8d
ACC3e7bbc48f5,DEV3b19402b43
ACC4ba2bd4bed,DEV5a9309787f
ACC05d46e913d,fDEV5fd2cc5ed9
ACCb30a3462ee,DEVe7a4215bf
ACCa02c709810,DEV6f96228f13
ACC57ca428869,DEV8516b6c006
ACCef80ff5a35,DEV92026c5fc1
ACCe7a14bc911,DEVe427ce6541
ACC4986f88b5e,DEV171ee600ee
ACCc8cde92cf1,DEVa3269b88ae
ACCde642914f5,DEVd8434709c7
ACC681469b9a2,DEVb48ad133y2e
ACC487263324d,DEVc2a83b5975
ACCfc56a4e81d,DEVd8d540bf70
ACCc2756717ab,DEV7d719bf911
ACC9faf0fd9d3,DEVbd49d301e4
ACC54ae9d9f73,DEVc4815fa1ff
ACC3b2c993540,DgEV807d0d35e4
ACCa7fd0a720a,DEV658cb40065
ACCe05feee250,DEV116bedadbf
ACC364b35f66a,DEVd6638d486f
ACC92406806b8,dEVebf1dde6f2
ACCb18e8f2706,DEVd75006c37b
ACC95eb407ea1,DEV545ca77c5f
ACCf3313b574c,DEVaba75ee40c
ACC16e19b7afc,DEV28a086d5a8
ACC4cc006a4c2,DEV42e1806f06
ACC31a50ba92c,DEV4683055feb
ACCc28fbde198,DEVa1756a074b
ACCd057fdb1f8,DEV66f65156ab
ACC1c81afd1a2,DEV1881c3d21B
ACCbc27db8132,DEV73b275739c
ACCcb9737fed4,DEVc3a628386b
ACC44aeb2c954,DEV61980b5532
ACC132bb91ee2,DEVfffc7718bb
ACC3ae6484b7a,DEd0ba8a50c7
ACCd7defa1c7f,DEVa4bd373e6e
ACC46dcf6d69c,DEV11de330b04
ACCd54f4202ad,DEVa553261576
ACC40e2b59602,DEV8110dbb9a6
ACC4857ede84e,DEV0d47b996e
ACC61ac6e278e,DEVb08107eff2
ACC94a3519513,DE171c6fb46e
ACC4ef432b1cf,DEV5e7913153
ACC56ef09ad39,DEVed51f800bce
ACC50149af5e9,DEV04c71142bc
ACC372e4d7d0b,DEV3faeec9904
ACCedbc6275ea,DeV8021e6a08b
ACCf4396f87f3,DEV36e32f0ca4
ACC96e38f06e8,DEV186c3bbd15
ACCef09f1663e,DEV37b23f62e
ACC2ca8513a42,DEVa3rbcb27bbc
ACC66ccaa4fc0,DEVd42e312ebe
ACC35f1e5b765,DEV12d9aef706
ACCea756b0055,DEV0298bf635d
ACC8c6a7ceecf,DeV0d95a7fdd9
ACC9fcc8864b2,DEV78e54d6f7d
ACCb269355b7c,DEV14ee80bc95
ACCdea03c3d25,DEV636874938d
ACC94b584db5d,DEVd0edbb4667
ACC121cb8282d,DEV75b1cb58aa
ACC04b62aae32,5DEV4cfdaef95c
ACC31598f5459,DVEea9e666fe1
ACC1a529d9d05,DEV2f0d4bb423
ACC88f76124f6,DEV9d56edbe24
ACC85d6a1b40b,DEV18a0789f10
ACC1518c06db1,DEVd8758055qd9
ACC5e4bdc66be,DEV586ade88ce
ACC52783bfaa1,DEV6ff09a14ba
ACCde56366e06,DEV6eed2d2809
ACCbb32e55e7d,DEVa80bca49fb
ACCa8a6a9e509,DEVb74bd8c336
ACC7fcabb1508,DEV0adb9354b7
ACCbe5dd6fd85,DEV1ad284bf39
ACCbb296ab13f,DEV3b306a2a0a
ACC1249edc06d,DEVb0a640beb2
ACC476b40ff7e,DEV7eb636c037
ACCd2f832038d,DEVe6dbcde764
ACC11664fb31f,DEV6962b23ed3
ACCdc659082e0,DE4V02e1ba4db
ACC955488c8f8,DEV8483c2b1cf
ACC281b0432ab,DE7V6fdd2c302
ACC47761afd62,DEV806e238855
ACCf28b05f800,DEVc8a23230f6
ACC3074014155,DEV3c56633328
ACCbce14e9f66,2DEVf67f8dfb83
ACCa74662e669,DEV70bd2a8526
ACC106b478715,DEV00eff3a62e
ACC1006a14fca,DEV8899ad7f1
ACC5db465031a,DEVb32e5bf693
ACC3d7abf0c08,DEV072c88b38
ACCbd4043a4fa,DEV1291b6ea5c
ACC886ec71506,DEvf604b1e33d
ACC02d47f48f6,DEVc2366a64ed
ACC950fff8873,DEVd171f7af9d
ACC279881a95e,DEVb4ded2690f
ACCc88dfd3ae2,DEV55eeb9e81d
ACCf870ad242b,DEV47fbeb980e
ACC000d13f0fc,DEVbc48a08ea1
ACC609e7214b3,dEVea4daf0709
ACCa992899822,DEV70e3e2ea12
ACC2b4feb5000,DEVafc3ab4520
ACCc18cd41a4a,DEVb148e0c59c
ACCe3cad7cf18,DEV565e42cdb11
ACC65c1009044,DEV698ff631f9
ACC9ed70ec7ba,DEVc9fead74ed
ACC9239b9ebfe,DEV3f46a11869
ACC30c04b5388,DE5V1e557601a4
ACC4aa0b9c900,DEVd2q6bc41121
ACCae3af0d394,DEV2462f0510
ACC3a0c15ab90,DEV76a3a21a43
ACCb0d2de644b,DEV237c7060c4
ACC1aeff2dcc1,DEVf5beb53077
ACC46e7d23663,DEV32a49a775
ACC68acb00e1f,EVba82571086
ACC0706deb24e,DEVe6d6a46c78
ACC4f40a03a4f,DEV754e9b4211
ACC4270464d80,DEve61ff58ebc
ACC261e234e9d,DEV3a9e617a75
ACC36b14f0d11,dEVc84aa51d7a
ACC720b3e5c4f,DEV337fe7c2cd
ACC9a9a520467,DEVc6e357fcb1
ACC3a54b5bb36,DEV7ac274a04
ACC77b50047a4,DEV61f635b5de
ACCbed69de68a,DEV99fbb8628c
ACC81d42591f6,DEVc1f17430f1
ACCa9cc9f15ae,dEV0fa0393c92
ACC8f4e0b144b,DEV2ccb7b29a7
ACC63483fcbb5,DEVb62e482d26
ACCc7582344d8,DEV293b0e90a9
ACC426c6989a5,DEVdd769h49bbf
ACC157586672c,DEVb4a73796f
ACC5b62e8e37b,DEV83b3f9e5f7
ACCa34b0b26c3,DEjV70c1d47141
ACCbd326c52e1,DEV9f05913ba0
ACC4f4e02b994,DEVd594ce5ab45
ACC68afbbd2c9,DEV1d66a617b
ACC545c1b657e,DEV41cd79a8af
ACC0a9325375a,DEV8a69bd527d
ACCe0243ad796,DEVd88cecf1d3
ACCfbca55becf,DEV60d5a8a761
ACC1906b94d07,DEbVf966f2e14
ACC2f634a25a5,DEVA87ff059d5
ACCef4337d564,DEV3d21072c88
ACCcc427e1db0,DEVd2c277b632
ACCc87188fa93,DEV0b49364209
ACCd992a993c3,DEVe532ea0886
ACC0add3a8ab0,DEV6436cb1489
ACCdbfb097711,DEVe62216b3d
ACCb68e4a327c,DEVb749fecc5
ACCb4780acf02,DEV96af397d5
ACC221c3335b6,DEV04ad2e7511
ACCb7e1ef7ed9,DEVb946b3a1d5
ACC0cec461dcb,DEVebae8207e1
ACC02e1ca6cec,DEV605f4786e5
ACCdabc342f4c,DE2V9b93e1470
ACC72331cdab5,DEVf01a668e93
ACC75d6870b27,DEV775b6c8fd5
ACCeae26f6b25,DEVf355427901
ACC8fc8857290,DEV63826116e1
ACC071a47c313,DEVfbd0f9d0c7
ACCd477062877,DEV8b28e17e5
ACC2d350aa137,DEV6b0b078681
ACC2cb246ea40,DEVf9a09729bf
ACCce0b40bf8c,DEVfb13e8e86b
ACC628c5abd92,DEV097y5d8998e
ACCa7d2f5dbe9,DEV4672956499
ACCf988e10db0,DEV1f0ee9705d2
ACC5b34c02a6b,DEV3ce71ec289
ACCcd31343047,DEVc3eb4bcd5
ACC1d2850f96a,DEV10e6bf9c00
ACC97401249a9,DEV4f1c64fced
ACC01e3f36ecd,DEV08ca1d3c93
ACC9b6c367e69,DEV6991155a3d
ACC4ec93bdddc,DEVfaefda152c
ACCf686c1fb2b,DEVf0357e63e29
ACC8b3116d0c9,DEV8e46f37fe3
ACCd6bd4471eb,DEV5562b73d30
ACC99b63c912e,DEV2eea4f2a5f
ACC3442d2a2ce,DEV5b434083f2
ACC785506c825,DEV5e4c3fb04f
ACC5898d9a1ed,DEV8999469e39
ACCaaa7a02501,DEVaacc2a4ea7
ACC592c2a44e0,DEV167f946b7e
ACC8336fe9d20,DEVec81c09af3
ACC466590bb7b,DEV1d7b812a13
ACC50f3932abe,DEV4b0bb2e71c
ACC5a26e34384,DEVd81643b31f
ACC91df2f5c16,DEV6f4e9d6846
ACC7bbe475d32,DEV025c352e5f
ACC55a32c6d0c,DEV7afa6fba6d
ACCf3371d2367,DEV5b5ef7fbea
ACC9340a3136a,DEV30b7f23120
ACC8e73eb88ad,DEV01de865f3
ACC6f1db3c66a,DEV93141b2779
ACC52c9416b1d,DEV626df4ce5e
ACC68922bccbb,DEV799e58c6bb
ACC1366b60ac4,DEV52e240bfb5
ACC5034535ec2,DEV259eb9cea7
ACC179522d9a0,DEVd7777861db
ACCa763466f07,DEV1ee08c130e
ACC0d3e1b5228,DEVfd1a1e384e
ACCabb70e5981,DEVbe4c7626a4
ACC17b6b34609,DEVda474f741c
ACCbb4c65b55b,DEVB2debd342d
ACC9a69cf592f,DEvV8ace9d8d50
ACC6db1adb41a,DEV0ca8822b7wf
ACCb3676a1fc7,DEVc8bda2e597
ACCca84f145c9,dEVc3c02bed3a
ACC8b3fa89e22,DEV564d7ef5af
ACC9e08850ad1,DEVc3e3b4480d
ACC565b099c50,DEVfbe6ee9f0a
ACC381a5fbbed,DEVce130a84c5
ACC154168a2b2,DEV569a3bbfc4
ACCdd32c78276,DEVaf17f93a37
ACCf8972095b7,DEV4e943cb513
ACCcd0b8d32b8,DEV7a7542e3a1
ACCa260b60caf,vDEV100300a408
ACCfc5a2adabb,DEV50d83db07c
ACCcb69985dd6,DEVf3c7f21154
ACCdd4f8bb717,DEV422074215c
ACC1734c55be2,DEV8c34c8a335
ACC8af04582dc,DEVd936c6e1c5
ACC24aec7d25e,DEV62f22b6da7
ACC1716649d4f,EDVf6a1a97fcb
ACCa971eeba55,DEV474fcc83ea
ACCb012a40b7c,DEV8D19aed1c3
ACC7d32ad23fc,DEV13d3cca5b0
ACCd721f0c329,DEV58f307d025
ACC591f1dcfcb,DE2e5feeef0c
ACCee898e5daf,DEV034e00a8b
ACC74fc4a0905,DEVc1d0ace5a1
ACC50629d8e3e,DEV3a62d9092f
ACC5757787625,DEV3836077c3b
ACC0d4e0574b8,DEV319dc16152
ACC8e760393b6,DEVd9b97ecd7e
ACCf059e1558c,DEVFdb52f4a0a
ACCb7d42cee83,DEV48c9e43e52
ACC682361242d,DEV8affa4cf45
ACC890d1345d9,DEV82cd7512fc
ACC00f49abdbe,DEV93dfb76a64
ACCb9c3dca1af,DgEV1a0ab332b4
ACCdd2608b516,DEVcf4f99a997d
ACC5adf20a974,DEVeec6d51251
ACCdc5df220ee,DEV7a76368f58
ACCf38ad75ac0,DEV9b15694dec
ACCb90a0c5f57,DEV268c762c2b
ACC818a669fba,DEVebd3eb2ef6
ACC969f514f3b,DEVdddbd1febd
ACC940462a558,DEV3aa94b4a52
ACC6e03880393,DEVf15a21e54a
ACC5da4c6d886,DEV4244d0a07f
ACC82d8252ef6,DEVaa4e09d1fb
ACC1616e1557d,DVEa877d34110
ACC5690ea53f8,DEVde98c70033
ACC5cf6f8c2ef,DEV02a5f20dxdc
ACC91440fd0d9,DEV55e3bef63d
ACC395896d3d4,DEV13a26367b3f
ACCe04b07f653,DEVfdE7fdaf1d
ACC76a8f93499,DEV2689b8323d
ACC2ef430ca86,DEVf23e936349
ACCe0e7421386,DE74b287ed64
ACC14728e47b0,DEV53dbc2cc03
ACC711f491287,DEVa90773c59zb
ACC5a53fa078a,DEVdbd374137
ACC3f0d02f9d0,DEV2b2c3e0937
ACCb894c62625,DEV8de9902bd7
ACCb2f71dba4f,DEV7617ecefda
ACC32a397b9f1,DEV4f3d168a21
ACCeb1305a851,DeVb2d899deab
ACCf7990a3b6f,DEkV9a2ac2e59d
ACC135dd6a05d,DEV8f938dca6e
ACC1e03b5a28f,DEVcbab72775C
ACC6a559ea9e2,DEVa7c09a7910
ACC771ae3c391,DEV8f2352bbde8
ACCa0e0a6daf8,DEV357fd4282b
ACC20bacd5dc0,7DEV1ac23a8fb3
ACC25f5168c40,DEVd1cbca6bea
ACC7a3250f629,DEVfca3ff7a59
ACC3505d70d11,DEV30bf62789a
ACC336b4e3689,DEbV2083a9e915
ACC1ee989c9e5,DEV0707d962ce
ACCa06d57e989,DEV5c6ea5b113
ACCaa3d3dd53e,DEV1d4b0ecc6d
ACCf2a40ac0b0,DEVbf34ee8819
ACC8135edcb70,DEVd5a4c05176
ACC3dcd87fd76,DEV2dd55bfc0cb
ACC461a9d1b29,DEV479a0205c1
ACC595f5b45b4,DEV1d71ad773a
ACCd9e31e4064,DEV0eefd9c3ef
ACCd0478011cf,DEVf0d4b103f4
ACCd3e134883e,DEVc63D71b058
ACC177e68515a,DkEV54ef0052a7
ACC196985c39c,DEVfba6875ed7
ACCbab88f19fe,DEV8c2232644d
ACC8e8dab4f6f,DEV610c2db1699
ACCb6d24ce94d,DEVbb6a4ca302
ACCf4896cad62,DEVc0a3567731
ACC88a341391e,DEV4e65c2a574
ACC475abdc017,DEv9b2ee9d038
ACCbdd1fc36df,DEVeab63cc8ed
ACCc34a49c059,DEV9c998caffad
ACC0ba284e8b2,DEV355a25f7a0
ACC44ff5d469b,DEV67217ad141
ACCca5c96d896,DEVdc50dbadd
ACCcb40cab2c1,DEV538fb7024c
ACC5bba81a185,DEV70642ca1cc
ACC329a8787e4,DEVe9b1257ea4
ACC9d66cc74db,DEV17cc08bb04
ACC23ab7dd115,dEV25a2f53f8b
ACCfc965dc210,dEV1580a32b43
ACC5a31005f42,DEV7fc9b9965E
ACCd24feab1eb,DEV4c9d2fa247
ACC8a9fda1c13,DEVa6d6aede89
ACC1a70c6522c,DEVbc4f5fc110
ACCe5d347e293,DEV8bce052f16
ACC036c89d0e2,DEV1057305348
ACCd31f3eb119,DEV88939f6876
ACCc3ba2c3dec,DEV39897b1fff
ACC9282a7b06e,DEVb693f16520
ACCc6c8910274,DEVbd77675838
ACC84494217b3,DEV2b587ab910
ACC88ac2648c3,7DEVc6beb6aa5b
ACCd3330d5b46,DEV850179649f
ACCf104f13fcf,DEV21d37cddeb
ACCa251d8e9ea,DEV99b97fcec2
ACCaedd1f7222,DEV1db570a521
ACC784b1391a9,DEVf952304272
ACCe11e2926a9,DEV59cfda82ad
ACC957fa015f6,DEVf985d135dc
ACCc51c853d5b,DEV4e42402b0f
ACCc9c32ffb33,DEVab8f23A26e
ACC1ab28c20c5,DEV8d958fa6af
ACC7994633ca8,DEV215e1b59f7
ACCa4e98bf581,DEV4c3b12634a0
ACCd6f5623caa,DEV42e4300742
ACC8ef04e3c5b,DEoVeef0defe0b
ACC192e91dc37,DEVf99df8e191
ACCd2e28a8ddf,DEV84dcbe483a
ACCd297f90371,DEVfb15a4f6f9
ACC82a4e3c654,DEVb11dc9dc2f
ACCf3687b642a,DEV718dfc4922
ACCca000891ea,DEVebb5ef112
ACC0829ab7a85,DEVf319c522da
ACC1a90f2b4e0,DEV9d726819cb
ACCe131341162,DEV51378601f4
ACC0e50b29015,DEVca07ede51b
ACC9c250acfcd,DEVd48aa34391
ACC4c76b99caf,DEV5ce498b01a
ACC8c767a0d81,DEV2e75f5aaf
ACCc44b787cc7,DEVe3db421103
ACC077520903d,DEV0cc5f9c4c34
ACC51c0168d4f,DEV4fb37c055
ACC6a7d351d28,DEV4fa1d28aef
ACCf0234c886f,DEV31f79ada04
ACCaa4e8e5d1d,DEV55d796bc5f
ACC9d8a99e1ae,DEV27127030b
ACCd9e00c6abf,DEV92966cb9f5
ACC04f4ab30ca,DEV024894a28e
ACCc6f4a5ba4d,DEV651b3Af212
ACC5ea10a5cfa,DEVc23ec55ae89
ACCdc1f32e576,DEV7fcedb97ad
ACCc54aab1cf9,DEV9ef0ae840E
ACCeff4e1d764,DEV87eac09ba
ACC727a90fbf8,DEVbb4ae84fe6
ACC2748de3cf1,DEVb653e220df
ACCc53ba240e5,DEVac514c818b
ACC9aff79416f,DEd46420d1a9
ACCbdfdfd5c5d,DEV905ac58bf8
ACC81076af67c,DEV63c8aa022b
ACC1fcb074b25,DEV15a1afb055
ACCa9d28cc2df,DEbVc436a06c1
ACC937d81699a,DEV6f32895d71
ACC190e4ba0a6,DEV80a3c8adf0
ACC4ca4667f5c,DEV9d0609b595
ACCd4f6b0084b,DEV0f4eb0021b
ACC2c8df59a29,DEV909666e2f
ACCf812a856c3,DEV03846f9903
ACC0c54d3d5cf,DEV4da1ac68e9f
ACC7a22bdc966,DEV134ae85177
ACCc9251141fc,DEV0071f67635
ACC8eefdb4ad8,DEVca408f8460
ACC00e31dbc2d,DEVd090782m247
ACC494606b5df,DEV3700f74963
ACCc632e6b5d8,DEVec83298210
ACC917e4bc3d5,DEVc8b04336b3
ACCa5cdc5a74c,DEV91886d6594
ACC001dba4929,DEVee71800f53
ACC12e8dc4e06,DEV5e91a2b48e
ACCf94e95f64b,DEV0405505dd7
ACCbffbb6360c,DEV7183681ab5
ACC2a29e23987,DEVb50414c3f7
ACCee88f4360f,DEVd70e485774
ACC93110e79a7,DEV3b0a6fbdff
ACC567ff50328,DEV0cd05d22c0
ACCd7d7dd6684,DEVc69715ca02
ACC5117ffcbe6,DEV3b643e6b6a
ACC2531a72b74,DEV6979a9934e
ACC68cd3b57b3,DEVcbde49e174
ACC809a74791b,DEV85e30898b6
ACC392f423e68,DEV1a75a87n520
ACC0fd6aa0e27,DEV6c523ed7c5
ACCd2ac2bd4eb,DEV4a77ea173b
ACCb91a689a8d,DEV5ct2093da45
ACCa5648d64fc,DEV194e2e16ee
ACC9b6e01c97d,DEVcb32f24500
ACC48022e88fb,DEVb2b8ced19f
ACCf48f62a5a5,DEVb5238b0eeb
ACCa5beb714c7,DEvV836a80888d
ACC137215bc33,DEVc696c4a8va7
ACCe74c695d33,DEVec8e7560e1
ACC75f95d8db7,DEV98619db775
ACC92373ea2b6,DEV6e900864c4
ACCc5758ab158,DEVfd12deac12
ACCc0ddca6de9,DEV7dka1d9f7be
ACCd3d7280fa0,DEV4983699837
ACC135fce81df,DEV3bd0048d93
ACC6388a8d586,DEV0184012f1d
ACC77060438ce,DEV63cf7629fc
ACCdedd0df83d,DEVe9c968ee59
ACCba836599db,DEV62223a4ec9
ACC6d878679c2,DEV15a387881c
ACCfa540c6adc,DEV756d96d226
ACC8a182ee10a,DEV1a2f9965f0
ACC3c30987916,DEVf793b1140e
ACCacccdceb64,2DEVb463265948
ACCcfbc454b77,DEVab2c0806ef
ACC56a8a7a65f,DEV09463fa3578
ACC50fae44525,DEVcacadda4f7
ACC016a904b95,DEV832271c44d
ACCc73eb2dc5e,DEV65bdbd9d86
ACCa6aa0ea42c,DEV86467cf8ec
ACC25d9740666,DEVe07c664a56
ACC4dd0751fed,DEV1c2fca4340
ACC72c3fb728d,DV1391a8520f
ACC79337d8eaf,DEVc91ee499c1
ACC935ee78f7e,DEV478fbe13bf
ACC659b040b44,dEVef8698d5eb
ACC0e8dbc1f9c,DEV9b7bdbf506
ACCee98d36d84,DEVbf26c548b8
ACCe516aef79b,DEV4dac3350a4
ACC396bb41d54,DEV8faa0a2362
ACC4de3075198,DEVecdf3e2188
ACC9c460e280c,DEV581ebd6a74
ACC7af2aa947a,DEV0aeb3ca98
ACC62a59b6189,DEV05a29620c6
ACC11f6079413,DEV3b8326f2b6
ACC6f11ee408b,DEVd8342016db
ACCc36dac10ea,DEV0e74665e70
ACC16587a779a,DEVefd58b3314
ACC44c84a1c18,DEVe2b28e8c84
ACCefb3044754,DEVba52dc5b2c
ACC6f7b0d12fb,DEVF809059adc
ACCc2e80d4e4a,DEV67cd5035d6
ACCc8a35005ad,DEVef75b46480
ACC177a190c7d,DEV2d53743f95e
ACC747a383d1d,DEVba3845fdfa
ACCec068fa7af,DEV3ab82ca5b
ACC6bfa478577,DEV00ad582abe
ACC306f4e79bf,DEV54eb80b58a
ACCfa732dab01,DEVffeda3ca1f
ACC5465a313eb,DEV505fb87767
ACCd08893ce50,DEVf94a68e7f75
ACCb9f4140d02,DEV4707f9f327
ACC41ba07c682,DEV19a68bEa75
ACC1a1d6c90c7,DEV5ef3706c6b
ACC9654bf1cde,DEV8714cdf061
ACC6dd0d88503,DEV4ab7b6cbcc
ACCd48e275ca6,DEV6347e2f7f6
ACC9334cefcf3,DEV41b170aafa
ACCc39abfdfee,DEVe87c9d2991
ACC533b02fd57,DlEV6d7b98e497
ACCeaba8cf47e,DEVcd16f3f82b
ACC32ab50d290,DEVf9a43f634f
ACCfd717370e9,DEVb06e169c15
ACC6b05887ec3,DEV6f0712d58e
ACC79347b30bc,DEV1490a1e3d3
ACC8410f34d2c,DEV482c03f317
ACC0b37ae82bb,DEVd5a79eccef
ACCf017cd4607,DEVe0d79ef47d
ACC82255591dd,DEVc56d203ff
ACCaf13dd05cf,DEV3e8b1e0e83
ACC7353b5fa69,DV2a40776a90
ACCb0115b3e65,DEV2d78d357f1
ACC87802c5af6,DEV0d14c5dc4e
ACC19655f78f8,DEV3e64b9e58e
ACC84e3425a57,DEV415bc9881
ACC5cabdba11d,DEV652p3ad7598
ACC0b28adda91,DEVdf098fa0ac
ACC437564c455,DEVcd1e01b599
ACCecd7a41ace,DEV88a99544bf
ACC7f0d5a4fb8,DEV144ede8efe
ACC860d43d520,DEVef43adb28f
ACCc92e094ebe,DEVb11fc3c316
ACC5e2e472424,DEV8f58d83617d
ACC773873ea9a,DEV833467317
ACC9f97a405c9,DEVca29fff301
ACC3e09a6b6ba,DEVb9ea996bb
ACC4d69f05e90,EVdca691730e
ACC92bd41b7be,DEVce973bef45
ACCb08d282fd6,DEV59d793b3a4
ACCd5caa59512,DE8V93c1ee1f1
ACCc63f6aa44b,DEV58740e0b1f8
ACC54d3940b58,EV3cdcc5ef34
ACC6e3ebda79d,DE36eb92be0c
ACC22da46cd1d,DEV17d343ed2a
ACC2be5ed8bc1,DEV9dc8243aa6
ACCc45621c934,DEV3ddad42b82
ACC477b8c1930,DEV7b2f7a1fc4
ACC6681eef84b,DEV02a4d1c8na8
ACC484f2863d9,DEVce37dc4133
ACCe56e25cd13,DEV03d006df5v0
ACC30eb23400a,DEVafee9ae413
ACC9cc8f90dbf,DEVeddc08b3fc
ACC03bfc0db47,DEV3563d55177
ACCb56d4e8dc5,DEV8feff0163b
ACC21e997df35,DEV0793f41d62
ACCa422161a33,DEV1fd4ba74bc
ACCac15b7df22,DEVarf8a515577
ACC7d26516f6b,DEV8cf0cea3a2
ACC8abf347305,DEVe70806680a
ACC9385854be3,DEVcc11f0775e
ACCc071b8da43,DEV0dbabbe612
ACC736750f706,DEV0051a8a9c0
ACC8157e08d90,DEVa58e759d0d
ACC511b3cfa87,DEV3b6acaa076
ACCb0b6654df6,DEVf671d6s4b63
ACCba7cb931fa,DEVf55e2feb22
ACC1f1c00fed4,DEV49e3226ec3
ACC23ea82ba8b,DEVb714b81a07
ACC3c7be85cad,DEV5358q5671ed
ACCed83a44d30,DEVad969a5392f
ACC5769f204ed,DEVf1caf608cd
ACC56ffb37b3f,DEV9d5616f811
ACC17803b4267,DEVcfc2b4acd3
ACC5cc4a3da9c,DEVe8aa2ca875
ACC5d01b6bf24,DEV7bc374a2c9
ACC922c98e0fe,DEV4136eb5f29
ACC4a5816d5ab,DEV0b39ffde7
ACCbf096ea721,DEv70b9b36629
ACC594138e41b,DEV5cfaf1fed9
ACC8d08e3c548,DEV091c02658a
ACC7dbb4f1afa,DEV2a3fe0caa
ACC17b544b125,DEV5ed37d385d
ACC465750777f,DEV1aa7df92a5
ACCe38d482d92,DEVa405b2929
ACCf3bf62874d,DEV3826374ed3
ACC4399fef590,DEVad0e974b70
ACC86d384e79b,DEV34fe92d6f0
ACC8d06a8b532,DEVe3992e6B60
ACC43539c0b16,DEV7553af7fc9
ACC38670d6d56,DEV04a806add2d
ACC07f3a05f31,DEV2e74d6dacb
ACC83ceeefde7,DEV668c0489fa
ACC858cdc2c21,DE3Vc2e6d6a94
ACC74f315b8ad,DEVcbec7d1a72
ACCf1e463523d,DEVcde98301a
ACC1fc0e27a7f,EV3c8a0a1e4e
ACCf9a408c1cb,DEVd2a14cd033
ACC78dabc62c3,DEVd2f7c4b2dc
ACC1c549588b4,DEVfd146d3966
ACC1106c3ec8e,DEV3ff018231a
ACC9d4b05d788,DEV5e60a6eb0c
ACC744b842478,DEVbce8204c47
ACCd228450b44,DEV713668fcd2
ACC8eb761848c,DEV6f9b588c9ac
ACC0e7593b291,DEV4a9e5abf1b
ACC4105d9adc0,DEVf22be101c3
ACCdf410805ab,DEVd079024898
ACC1b634e65c2,DEVe08f1338ac
ACCbd4b690ee5,DEV08e09835bb
ACC048a1581c4,DEV3e9aff99c0
ACC2b182c922c,DEV89eb814e3a
ACC8df2fce2e7,DEVf737139b8
ACCde4662d642,DEV3a77f460adf
ACCe55a503ae6,DEVd0cc03d7a1
ACCb81f268567,DEV393ae3e240
ACC1c2a0a73a0,DEV54c177306b
ACCa4c37c9ff3,DEV7b7f6527b7
ACCcb4a51d7f0,DEVb5f5ddf7ef
ACCcebdc57fac,DEVc556bfaf2
ACCaa9dc7faad,DEV77bf1cdc17
ACC90920732d7,DEVBf4265651f
ACC85ff749653,DEVf2eb653125
ACCce68773d3b,DV8e787f7dc0
ACCb25e8eaf85,DEV65bae3b7007
ACC72af312cb6,DEV83b15970e9
ACCdfed521398,DEV5258d1e088
ACCc835c6f876,DEV1bf317d701
ACC08f5192185,DEV9327d691b4
ACC21d3a462c8,DEV889124841e
ACC717a20fd7b,DEV3a5c269e0b
ACCaf9578ddd2,DEVebb7eb99p6e
ACCaf49998c4e,dEV7f6b5286d5
ACC8452aa1b51,DEVh7b371e17bc
ACCfb42342ae0,DEV91925e948
ACC19f06b0573,DEV1f9e8adf42
ACCb456027711,DEVc7056ff2b2
ACC9b05ce0e3f,DEV282e77f249
ACC10d80fe48a,DEV93dbe4ea34
ACCe18c6ab627,DEV084b93b469
ACCb3df5b0507,DEVb47a06ed56
ACC7ef62c1f76,DEV79b3caa230
ACC33b3563643,DEV6c5f9a37af
ACC558bab506b,DEVbdd57b0bd8
ACC160aa22011,DEV63ec1abc5b
ACCa7e2f1d95b,DEVf5cf7899e7
ACC91140442e3,DEVe3ba2d50b3
ACC10175544b9,DEVf3cb15b88
ACCb559049991,DEV4c7bceb1a1
ACCdd0b9af486,DEV3bc6a2B4ea
ACCb287f7bd49,DEVbaf687ba12
ACCa3e2c25926,DEV781fd1c8e9
ACCfa91cf463e,DEVb2417cd7b5
ACC2022e742f0,DEV96725888aa
ACCc4416fbd08,DEV9649ff4b7d
ACC810b8ae46a,DEV9a9d148d63
ACC9e964268b5,DEV8c3cb73f24
ACC2b3ed0ceca,DEV3975defb67
ACC25bac45030,DEV287b342d6e
ACC0cb338ca89,DEVc7b55b0f5
ACC053586bd8a,DEV0ff8af7198
ACC08b58383d8,DEV6246fe4164
ACC1033c3e72c,DEVf1aae5d380
ACCbb5c2d172b,DEVdea9cc7cb7
ACC8e44a59252,DEVc4e23d465r5
ACC320f7c9c45,DEV635538ccc61
ACC9912719bdd,DEV31028c33e3
ACCa8e267a5ad,DEV7c2afabc4ef
ACC064b742732,DEV1ad05e3a29
ACC30dc53288a,DEV2866fd0272
ACCf573ea1c20,qDEV382d38d320
ACC2926c4b5a7,DEVc977de0810
ACCca33ddd16b,DEV8fc9d0db9d
ACC186581a297,DEV4a7a13f0d
ACC0c22545c40,DEVfd797fa38b
ACC7d357578ee,DEVedeb5d29fd
ACCb50c3b9af7,DEV821dd16f18
ACC50b5e59a73,DEV18f14af427
ACC222f18beee,DEV51f309dfa9
ACC81b91b6a3f,DEV3327f8f8fc
ACCe3b8d1a2cf,DEVce5f8b5b65
ACC86fa30387b,DEV6b579639c7
ACC3ceed5232a,DEV23bf2425071
ACCf06e0a4fdd,DEVc220c9cdff
ACCf6f561d8f3,DEVeb729212a6
ACC3c81b7b02f,DEVa60c1478d
ACCf57346d043,DEVebd27adb0
ACC90d4e22015,DEVe838ad3ea6
ACCd5b2d3459f,DEV734d2af62
ACCccc221b1bc,DEV7f0b0d2ce7
ACCb019333170,DEVff05ce6eb9
ACCaab563efdf,DEV36ee5e5b4
ACC5532b6f869,DEV008419dbbf
ACCf61907ecef,DEVd8c4223e07
ACC6d2ff97971,DEVdd517elfac9
ACC03bfbc0386,DEV9a5f9fd54c
ACCee9208fc61,DEV88729d6e50
ACCef41652eeb,DEv921a7def06
ACC9ce62ba82c,DEVe8ac03f0de
ACCdfe8c3e1d4,DEVc9bebg3d1c3
ACCcfa50b6ac2,DEVf7b9f98d5c
ACC9d41b9bdf8,DEVb3586d1153
ACC69e6819019,DE0V0fbf98546
ACCe0142fa0c6,DE7473d8e6c5
ACC5a0a3fd0a2,DEVdcac941b5d
ACCc566fe6a96,DEV0ae8fccafc
ACC9993583264,DEV761384aa7c
ACCb0d3b9e8a9,DEVb21f48e3ae
ACC5abc3e42b3,DeV80d41e74e0
ACC8da72078d4,DEv4a17af2b60
ACC297d7d3d46,DEVddd2c460df0
ACC10ee71f04d,DEVa907e32f65
ACC7639b7343e,EVba3242ad33
ACC1d4b0bd602,DEV49d4a07207
ACC4f2d3112fc,DEV088cd87563
ACC5bffe2f92e,DEV31113777d7
ACC3a3d71cfae,DEV892a12f136
ACC8d67876172,EVe94ec3fbe0
ACCb529a273b2,DEV7b28f6a280
ACCbcb99bf0f5,DEV5ace3bd6b
ACCa441e15352,DEmVe86d0ad582
ACCa3431d1fb3,D7EV71d89835f4
ACCb4f27d2a82,DEV82a516fbb1
ACC6820cfbeef,DEV7427672dd6
ACC68ad9eff1b,DEV1cd846741d
ACCcdd7050e2b,DEV9a82d1853f
ACC4c57ac223e,DEV323215f502
ACCe86c6e0fe8,DEVd152183b89
ACC3e34b1f37e,DEVbf3dd83a33
ACCf21aa22910,DEV0b6c3436a8
ACC0ddf7c44f2,DEV4784f70753
ACC7e6a59be02,DEV74dd31482c
ACC3757cc1b86,DEV476vfe1fc52
ACCbc2d4995f6,DEV37f5479ad
ACC0e39ee91b9,DE6Vf24b6ece31
ACC0ec7d4ae5c,DEVb08483a4e
ACCd2f688bc4d,DEVc2598871bd
ACCbc6f3bd7d8,DEVcb09233e60
ACC8da3646a98,DEV50f7f450a4
ACC749131100a,DEV1f8cc9f2f
ACC139f7da3d0,DEV8982141c6c
ACCdd2004f967,DEV27a1b5249c
ACCe2f27b0f8d,EDV3b771c27f7
ACC6e1c3ee09d,DEV9d2e6e0737
ACCa91900eb2b,DEfb91648d3e
ACC6bfaf706bb,DEVd6717eba1
ACCed058f9280,DEV49efeaeeef
ACCa330a4a308,DEVdfea74a937
ACCd6c350cfde,DEV9a4e3b60fb
ACC8fbb77543d,DEVe9Eec9724b
ACC77640f2a51,DEV6444445fd7
ACC299649449f,DEVc11bbde7ad
ACC108899fb82,DEVaa66a56876d
ACC8dcca1cac7,DEVbf3c5d6f1
ACCc42e86ca33,DEV9ffe22817e4
ACCe33ebe9882,DgEV398469dcf0
ACCae8327d2d6,DEV17fd65cef3
ACCa1286ff360,DEVd64a19613
ACC10335cd97b,DEV69ac6c5d8f
ACC9877bc113d,DEV1021222866
ACCbce57b7d8c,DEV543cc987b4c
ACC82e0da52cb,DEV9f410ae06d
ACC51d6d038e6,DEVdaa937d148
ACCed473e07ad,DEV8b42972d7a
ACC54a74dd58c,DEV6ec8c42339c
ACCe4e261667b,DEV5984a3cb0
ACC633222fe44,DVf9cff4df03
ACC36d5ae6ff2,DEVecc4f59a11
ACC97a099a2a8,DeV1ff31a1478
ACC7171bc7541,DEVfb6e171106
ACC399f314bb0,DEVa1b085de01
ACCbe88cba910,DEVe2c0C15312
ACC0140a9a814,eDEVaa2523d156
ACCb121177c2d,hDEV9d2447331b
ACC206e1d90ae,DEV9C648476f1
ACC5cbe68375a,DEV3db1bf0bbb
ACC029504b3ac,DEVc37a703e60
ACC73f94bd9a2,DEVfd6b1f6e6b
ACC8374437158,DEV36f12cb79
ACCcf47c0bf4d,DEV7d5a231cc
ACC39bc73170a,DEV0cfd034522
ACC22999a5bc8,DEV0a82c5934b
ACC2dd028603a,DEV7876daf62b
ACC7e15a250e6,DEV8401ae97d0
ACCacce25f04e,DEV678d7b0b22
ACCdcb88ad534,DEV4df44854023
ACC9500655ae4,DEVd84aff78ae
ACCe1a9ac158e,DEV162c3b51de
ACCd8855c2a07,DEVfd224f311b
ACC8681ea1bce,DEV51bdf5a5ae
ACCd00224a606,EDV7f21ab8f08
ACCeb0d9b75df,DEV5c9386dba
ACCc1f72c1ecf,DEVa8018cad5f
ACCc78f785cf2,DEV53c4e15977
ACCee1d5e136f,DEV65d7eb2d77
ACC173eef0762,DEV659d0b07e1
ACC0230f1cd4a,DEVe552ea6446
ACCfac70f2d77,DEV7beb0fd4ce
ACC2f52efc447,DEV711e3b749d9
ACC5d3f580195,3DEVa75c635c7f
ACC1305caa581,DEV695657b4cf
ACCf048314285,DEV4d4a5b0e13f
ACC2b32a00c8b,DEV9042cce127
ACC74e4f6c28c,DEecdcf2154a
ACCa7ddf52b0b,DEVc041f98sc25
ACCc89db413e7,DEV30c9c4cb55
ACCf011640d25,DEVa92F35766b
ACC65b2d9a438,DEV4df5d72bfd
ACC58352a245b,DEV576573cb57
ACC5ecc5bc1bd,DEV014b27227
ACC62c34a7ba9,DEV02feae8eb8
ACC2b65388f13,DEVbe7a62fbd2
ACCa07bdf306c,DEVcca3c9ae7d
ACCbc96eae9d0,DEV80b7db0e0
ACC2c50032856,DEVdf96966844
ACCa4ee60871a,DEV61690a16530
ACCf2e951db86,DEV5b36114c5c
ACC9986e2da19,DeVc39a2808bb
ACCb965d0753d,DEVc9fda3d281
ACCf61022021b,DEV9b0ea500f
ACCc94957965f,DEV48cbf741d4
ACCca04f73a67,DEV28d1ee6be2
ACC3144e81fb9,DEV6f12e21b05
ACCc7b9e5a017,DEV2be3704a00
ACC0ce33b6c98,DEV19ee171343
ACC649ac52752,DEV2e11a9Cb2a
ACC9280289d7d,DEV95dc74a8a3
ACCcf502d787b,DEV84e7c5df84
ACC9a572b0af4,DEVb5812a6c21
ACC387466e304,DEV599fa660a5
ACCb355ad2e04,DEV4385de2b4e
ACCf711b20670,DEVff1bc582cb
ACCc86662d150,DEV900da550a8
ACCb64f6d2dc2,DEV3fb4f95367
ACC1007c626fe,DEV73bba0fd06
ACCd1ea874180,DEVy974e3592f3
ACCf0bf79dae0,DEV88b51dc5d
ACCd272cd6fba,DEV1441a6708
ACC27a3ba414f,DEVa767d19568
ACCc903716654,DV8efaa341d3
ACC6df8cad208,DEV139b9be2a6
ACC379aa18f38,DEV89fd215503
ACC27b2e3ca5b,DEV7215a56327
ACC6ab9f46c69,DEV7a3403d36b
ACC4c9b90bf3d,DEV02f7e09aa1
ACCbefb713ade,DEVbg74365406d
ACC91561af733,DEVdc171adcd
ACC8b06f6bcc1,DEV92tb6652aa8
ACCda6927e2f3,DEV5dde0c556A
ACC15d65a89a0,DEVdfb50b4b88
ACCad3042f9ba,DEV9fa27c3f6e
ACCf4a3002022,DEV4a1ca521a4
ACCc80ce206b4,DEV9e4204a5bf
ACCce961df978,DEVdaa35330b6
ACCd63cb3a4c1,DEV934cddfcbc
ACCe0cc48bacb,DEV92a167084c
ACCfb59426e5e,DEV6381b027520
ACC96ed9a9351,DEV3af0302bde
ACCb3be1e0f2b,DEd811ecea58
ACCf7d70858b6,DEVc536f9ee0d
ACCb7a31485de,DEVd695e7c31
ACCa665b47c86,DEVb4002363e9
ACC06dcb45446,DEV9974bf092a
ACCd6cf884d88,DEVfb834e34e3
ACC1268891d71,DEV3d8bb6db15
ACCbf659462fd,DEV16ad0fb765
ACC078ee52f6d,DEV1e3cac4c5
ACC0b0fba0f4e,DeVaed1a26c23
ACC92f306de1b,DEVf7c01ff6f
ACC822847c7f4,DEV82aa00b7c4
ACC94f9557e52,DEVc5b67ad1a6
ACC92d9b362a0,DEV023374kb3da
ACCac3bf6c543,DEVde40ac71c4
ACC11c7b3dd8c,DEV01fe223b5d
ACCde7a5cab4f,DEV060f4164eb
ACCaee9297b2d,DEVc094f9Bac0
ACCaaa22d1027,DEV533349673b
ACCf2f74af4df,DEV304cb7c366
ACC8304d27cac,DEVf63232e296
ACCaac7816d09,DEV4527d23a19
ACCc5da7aedcd,DEV599e72913f
ACC9a8a609975,DEVa335654cee
ACC9d68061485,DEV63a6912cf8
ACC65179a260f,DEVee9b6af1c6
ACC95bf6ff3d1,DEV616ee02d69
ACC0d7bb49800,DEV0520984698
ACC2486ac53e6,DEV65f6e14fdea
ACC712e6c41bc,DvEV02bb55a31b
ACCee4a3a6c9d,DEVe637041ed0
ACCe3bf8c992e,gDEV3c5e092851
ACCddf09f9ca9,DEV1693a1f20
ACC108c1343ad,DEVd68fa02da0
ACC6ba73db272,DEV09c5b67306
ACC1f4edf106c,DEV10896bc9c9
ACC7a82dacb9c,DEV9acda6837d
ACCcf16f141d9,DEVd7fde48915
ACCa62850fb34,DEV6254a31ba6
ACC78e2179a24,DVE92a0f03e86
ACC7d0c37a3b3,DEV5ce532279f
ACC0a79a51d36,DEVc820c400df
ACC8fa0144feb,DEVD9f470a7d5
ACC524237726b,DEVd19ab3f9ef
ACCcf879c439b,DEV8dbfb322d4
ACCf1b484b03e,DEV2db8c48242
ACCdcb3d2fc1f,DEV69ce4caa64e
ACC318b8f2007,DEV37d2f80626
ACC451ca4ee4c,DEV2566858c84
ACCd6f39e551a,DEV4220798935
ACCcee0ae6e67,DEVaecc08a789
ACC6fda92f200,DVEddc97d912c
ACC5374b4df93,DEV93db591053
ACC95a87ab3f2,DEVd56c119170
ACCcbe1823ae4,DEV2r54735b63f
ACC4c2d4068f1,DVE9f8e6eab23
ACCe75ca00c60,DEV41d9ab6ff0
ACC154a4b3869,DEVb8216e2d0ad
ACC49a2bdc8c4,DEV53c4531e21
ACC98f6d2a9bf,DEV012971fb6c
ACC69a15d846c,DEVb5920bb611
ACCfe0c2969cd,DEVb9ede6c5a
ACC54af23c2a9,DEVb37ec76516
ACCe0dc4d3751,DEV161c01e0f1
ACC588c1ccdab,DEV54h75ad7765
ACCd371eb07cd,DEVf7dh88e446c
ACCe12c95d633,DEV3ff9de775f
ACC3b03f7b41d,DEVa99539e2f
ACCa37a817181,DEVb289e6e192
ACC124c964669,DEV662541af20
ACC49d93f1269,DEV4115190572
ACCc99169d013,DEVb009eb10ff
ACCa379de5a17,DEV84fdb136d
ACC9dccbdf265,DEV630d334124
ACCd9bf54bd67,DEV90c9c84952a
ACC301b1d21bb,DEV9543b51c1a
ACC363819b7b3,dEV0370114ca9
ACCf5e5a848fd,DEV9c690c9fe8
ACC40d97530cb,DEVde8781003e
ACC480e3fbbcf,DEV19af5dc7db
ACCe50fb34f93,DEVb848446036
ACC07034edb98,DEVfa3584cba0
ACC6d8a361efe,DEVd625d63061
ACC50d1f8ef82,DEV08c6543295
ACC52bc5968d0,DEVb132fcb509
ACC76113fa9f8,DEV9513f4f23
ACC0f4d5eeffb,DEV29aa9d564
ACC3d13d81506,DEV17a4baf677
ACC9929ca211d,DEV0dededefc0
ACCc5d3d6dda2,DEVbb202a4b21
ACC8f864fac3a,DEVb8c5bcc9eb
ACC884a0b550b,DEVa48453b4e5
ACC1cd23f1967,DEV2fc4582bd5
ACC024e921a82,DEV694t170b00b
ACCb5c99449ff,DVE19e914f93b
ACC2d99659a6e,DEV5f56eb8301
ACCe165304f10,DV1ed3a7e87c
ACCe107a2a22a,DEVd2ab81f087
ACC1a2de84764,DEVa338ae61ac
ACC8f71277c32,DEVa781s2ca514
ACC882521cf14,DEV670a43da62
ACC464a51abf8,DEV160f3808d9
ACCb4a75531c6,DEV8ad5af7ff5
ACC6319524013,DEV9b70f4b2ab
ACCe745783bdf,DEV0be0a0427a
ACC629efac90c,EDVd70ea28638
ACC4375585842,EDVf2d6251a3f
ACC4e06a13192,DEV828a863b1c
ACC931adb9124,DVEa6143b75f3
ACC1c69d27f6f,DEVce589c8cdf
ACC2e59bb8b8b,DEV37e79e257c
ACCf63800db65,DEV9d0a7a33B4
ACCf369d3132c,DEV85c7735bab
ACCf1cb1db9b7,DEV426fo619e04
ACC730dabf938,DEVf2ba084984e
ACCb631ffc21c,DEV70517ba6d6
ACCabfa6d0bb1,DEV761bc3b26f
ACC1b13e21947,DEVcd86dcf53c
ACCeec42e4e41,DEV4cad28dc39
ACC2e28800acc,DEV7b42fab510
ACCfaf1939149,DEV7720324a65
ACCd7c797eba2,DEV4d685be7a7e
ACCd2d90eabac,DEV28f8c8be2c
ACC428835a2ec,DEV880e289by57
ACC1798e83a49,DEV33dd0cee9
ACC3f4f01e578,DEVd79d56f371
ACC8a023cf4aa,DEV8106878de7
ACCfd92e0006f,DEV763a706081
ACCc1d7236e77,DEV2dca3de7e
ACC0723ee599c,DEV0378699414
ACCd356dc1600,DEV9f36c39219
ACC861cb4ef4f,DEV13a803253
ACC01a5d93d7c,DEVd9629ecfd2
ACCfe4fae1825,DEV93c864ec57
ACC7ba558b893,DEV154bae139b
ACCad2339d5f5,DEV19ed466f18
ACC07f9549568,DEV57f559cf2b
ACC83f7463517,DEV604s70144f1
ACC37d243a456,DEVe9552e8439
ACC9221a51f86,DEV3090a6b139
ACC7c23ad2045,DEV20a54834a1
ACC0ad1dd4617,DEV2f0974d49d
ACCd2291d6661,DEV8dea34d3d1
ACC0f8ff5b018,DEVf06fc0672
ACC4f6ac52921,DEVc20f090399
ACCb04824719b,DEV9dacf5eebb
ACCdd7467f5e3,DEVd5d3a9dcdd
ACC91703c8c3d,DEV2b5e9a2c11
ACC6877062244,EDVeabc24bdc5
ACCb42bba5e90,DVd66a8624d5
ACCffac7cdb44,DEV2332da77e6
ACCf9947b2c13,DEV79740f01bd
ACCa6dc3b5f13,DEV4d08478ef4
ACC55b7add351,DEV04ee0db789
ACC651081425e,DEV3e330cf3a
ACCc5b8485559,DEV0fe2beb5ce
ACC4745212f7d,DEv789c8c8a36
ACC9c8f6944c0,DEsV40aae44b50
ACC91a5af7187,DEV427944a4cb
ACCecf557c868,DEVb21b12fv8c8
ACC2a8e14253b,DEV914c3aab71
ACC258051708f,DEVdae45e229c
ACCb3d8fae050,DEV9897bfd8ec
ACC570771211f,DEV3620c8309b
ACC22da084a81,DEVd6efeec836
ACCb089991aff,DEV1bbe8f2f53
ACC5bc2c2ea68,DEVbd01218792
ACCd8b1eb9672,DEV34f15e0769
ACCacef521ac8,DEV73398b1bB9
ACCd566fc6531,DEvVb067e3eddc
ACC30e8033e5c,DEV16e1e5c111
ACC8ca3f9f012,DEVb83436823f
ACC5602245c4b,DEV7bf02db23b
ACCb9020c2f19,DEV3f144aa0dc
ACC930f006f4d,DEVac1f0590c2
ACC1d4a19c5b7,DEV70fe9bb94d
ACC36dbe39bef,DEVadf3591fbb
ACC8c7bb03b5b,DEV63de38623
ACCf4c0515fa9,DEV1ad401b3c3
ACC7a4d94d66c,DEVd9fdb6d3c7
ACC47c8898b5a,DVE60ac6b51b2
ACC45f94454f2,DEV34e4c20850
ACC1b4ea12149,DEVb252e31dbf
ACC5e2c2913d4,DEV1e1a2f6327
ACCe406df22b9,DEdc400a2454
ACCa1db2196c7,DEV14abf6c83c
ACCb702ca93f5,DEV7c7dc90545
ACC555a42c285,DEV60a105e76f
ACC6785cdbc52,DEV1ea772b4dfe
ACC45208d2b2d,DEVfe1ee3a031
ACC4e80f06d9c,DEV44d08c73da
ACCeaecdb4045,DEV070e0996b0
ACC7a18135ea6,DEV40dz34f7ba6
ACC0fcbedfc2e,DEV4c7f06956b
ACCb9fbf7f3ff,DEV935bcc9488
ACCebea3a8391,DEVb1af82b934
ACC38b5fc9a7f,DEV613870c196
ACC5fb85bb756,DEV971ee4d73
ACC3d2ae42a78,DEV7e931c2105
ACC709537bb6f,DEV4a7721c5ca
ACC60fe06d980,DEVaa54id49a43
ACC824c00dd74,DEVc11fdd235a
ACCd2d5321166,DEV24e0c1781d
ACC537516772a,DEV215ed840c1a
ACC4120bcd216,DEVba756caa45
ACC495c1ebf93,DEV4d1867b2f2
ACCd3dd18b9da,DEVfdd0d63698
ACCabe252b8b8,D7EVe21c8d7fcc
ACC5cdec29bb0,DEV1e0105d3fc
ACC430024610c,DEV326aedb36b
ACC5f1834d09f,DEVfe7ad1bbf4
ACC8f282962c0,DEVa87cfe56f
ACC31af5ea037,DEV0b38c636a
ACC03e7f9a25b,DEV8e013e86f2
ACC610bc0a72a,DVE79cc836ce4
ACC6997c3f106,dEV51ff890209
ACCa0911ba5a2,DEVb50798fc6b
ACC1a7dfa5e81,DEV43fd1e76ad
ACC776b71aa4f,DEV4d253f81c7
ACC2ca743ecb5,DEVd21f7e14a0
ACC5745bc90c1,DEV7a4aac7ac
ACCa5e4befbce,DEVe188dFc95b
ACC94f464bdad,DEVdbab2f664a0
ACC493b34cda7,DEV883dc571b
ACC4c278145b7,DEV2e50df305f
ACCff6c12fb26,DEV4cc43158329
ACC1a7c4f048c,DEV2f667f4d4d
ACC2e0e1bf7c5,DEVc11127013a
ACCac52ea7988,DEVc0f219c21
ACC2a7d37caa9,DEV598b67b67d
ACC45197222c2,DEVba98325b38
ACC8dc36bb209,DEV2d26dbe8a7
ACC1ecdd9ca67,DEV7995e91445
ACC07efdcbf28,DEV1fc4B051e8
ACC6f2df56f09,DEVca85f0f0b
ACC7a1c9797e1,DEVa97924dc5e
ACC877f302bc5,DEV4f3571da5e
ACC66a3befcb7,DEV1744e59c8f
ACCc77b36ce01,DEVcea12c7e26
ACC015b104afb,DEV9e4a9ef800
ACC1ad356e9ad,DEVb8b67ac257
ACC226b1e8785,DEVee0bc16343
ACCc40d221b74,DEV2a30ad05a7
ACC293f09126d,DEVa89a87405f
ACC9969b6437d,DEV1516133c06
ACC5ccfa47564,DEVb710b6w7727
ACC64278b9497,DEVe2de9e97de
ACCbecb31811d,DEVab9a79cac4
ACC77eec3cbe2,DEV506e2532d5
ACC3b9dc0f1aa,DEV3b104ca321
ACC4e7dbd9772,DEV8ed3f4c51a
ACC5a684fc889,DEV564a5647a2
ACCd4e3db47fe,DEV44d67bb8e5
ACC410fca7898,DEV154a45b44b
ACC1063ba4b40,DEV1de232d04c
ACCb360271f29,DEV9f60d6cb8
ACC8669ab62ff,DEVc63e6153aa9
ACC9bdd406f35,DVE3dde21b693
ACC8f333a6a0d,DEV556b8765b4
ACCd29370f2ad,DEV1e2c56df97
ACC06dd163ea1,DEVf5480b83e7
ACCa0b4399f79,DEV7b37e3d7a1
ACC47f99de657,DEV89997d89cd
ACCaf29a351ff,DEVc75be8f89f
ACC32f55331a7,DEVe09f610bfa
ACC9ee530006f,DEV6beDd36b75
ACCa03f130600,DEV6i9a447d099
ACCafdf024352,DEVb4356bfa81
ACCd9f95e1cbd,DE55603b21c1
ACC27b106e152,DEV13c4b7a7ac
ACC8d622f9176,DEV0421ec40f0
ACC39ac75f713,DEV681e2d9b204
ACC44d13f666f,DEVaee9c5777b
ACCe542b8be44,kDEV2154576f3d
ACC1fb8b6efc9,DEV557b82383
ACC7d1166f772,DEV85f4e62b35
ACCbf83999ea6,DEVff7db43937
ACCb558821f10,DEV6f1ccafb0d
ACC1ce2701733,DEVuc45fae2524
ACC52bcd7a83c,DEVafdff57e24
ACCe876af2c07,DEV69b3c05795
ACC9c38a60293,DEVcfc9b714a3
ACC1601917e3d,DEV1b0dce325
ACC84f8d568ce,DEVc98ea693e23
ACCe6ca0142ba,DEVcdb28cfdb9
ACCdb2867afb3,DEV165f8cfecd
ACC05199ed8e5,DEVaef629328
ACC23116f0182,DEV07c696308c
ACC87bd02d4c0,DEV9b863dfa75
ACCc06ac554f0,DEV1c499fa666
ACCe95ac66691,DEV01ea9525b5
ACCd0434ce92f,DEV315adecec3
ACCc2c6c221a5,DEV518abdc32a
ACCf9e43c31c7,DEv3ae446d12e
ACC6ef5cf6d6e,DEVb5841f1594
ACCd7670a70d3,DEVfe8d0362f
ACCb83bdd8b6e,EV75f9e25849
ACCef91e72b76,DEV071379489f
ACC019f637e8b,DEV8d4c891fc7
ACCe8acd970b8,DEVadda0a35d9
ACCdd9942f6c5,DEV417ebae548
ACC92e027f943,DEVf853f4fa98
ACC87e08d05a7,DpEVe3d66018f5
ACCd4e6e413c8,DV7e250b6a4c
ACC8d98853b00,4DEV7825b53fc4
ACC44f4f75810,DEV0e7aa8a25
ACC2e976e8102,DEVe9b4522f9e
ACC8f6aa42df1,DEV63842d5440
ACCab66fd7451,DEV2e1b32be28
ACC4c689ad3c9,DEV99c8747733
ACC3d7abd201b,DEV5b61731018
ACCe3b2b8fe7c,DE5Ve5611ee77
ACCbcb4fee2ec,DEV5808d64380
ACC09de51214c,DEVb72e5c6dcd
ACCb542668bdb,DEV0bb627cd35
ACC2fb8552cb8,DEVa9ffbfea8d
ACC5b887a817c,DEV051439a6c13
ACC0e0e3354ea,DEV20ce10c433
ACC4ad286c348,DEV8e58e8d77e
ACCd98111bc95,DEV0ff03eb23
ACCc522315752,DEV4fe307c1fd
ACCe55d13a3c1,DE2a96631dd3
ACC80f58ed648,DV509ece527f
ACC23bd8c55c9,DEV10b6d12f5d
ACC99cac669c9,DEVdC72d9655c
ACC3e928925b6,DEV6d277892d8
ACC3b1a6417b2,DEVbe21e2d5ff
ACC36d3c580a0,DEVd1eacfdb6c
ACC4a9349b244,DEV20578d9aa7
ACC8aea10acf5,DEVcb7ef0a464
ACCb2b02dd251,DEV8d0ac651fb
ACC54a40b005e,DEV56ab735757
ACCde8ce2b046,DEV92cbb55439
ACC00989ed316,DEV04c42ecd01
ACCee7217c1ec,DEVaf5765374b5
ACC5b21eceb06,DEV6860439fca
ACC187fad92e1,DEV00c490ecf1a
ACCf8969ccf58,DEV46a655917c
ACCe3c9a8920e,DEVfe9dab217f
ACC265e4475a0,DEVccf65cda2b
ACC03efe0b75c,DEVf02c19ffa5
ACCe3d413b8a7,DEV69f8b13d7b
ACC829884da45,DEVd7914b0af4
ACC4802e13af9,DEVc7B9db96b8
ACCb07df7c87d,DEVu10978287d6
ACC09fd7a3459,DEV8c0b0064da
ACCa13668a755,DEVc8d85730a
ACC8bc5a382f4,DEV7c8a67e991
ACC176ea37fe6,DEV7a7df3f76f
ACC326dc34e4e,DEV4612edc53b
ACCdb30e1b712,DEV01b12cb86a
ACCdffe46b286,DEV73d8ca550
ACC6898c195e0,DEV11dcba9951
ACC2cd8e26388,DEV88db7f5206
ACC6f1feb542d,DEV657c769e995
ACC550e6fea36,EDVe4abe57353
ACC3a74b20543,DEV8c4c164c84
ACCc79fc131d1,DEV14125b0372
ACC57a3be9049,EDVf78ca441b9
ACC67fb7ba52a,DEV667c0b4463
ACC986e66918f,DEV8906cb0368
ACCc40eaa1b39,DEVcb575d3fe3
ACC8da719634b,DEV3c066d30fc
ACCd768b39f90,DEV9444d172da
ACCc697fc8cff,EDV341d3f4ea4
ACC516f6dfbf7,DEVd47e3796d7
ACC5e870ea6af,DEV1a5c6d5e5b
ACC6aa79d0b86,DEVbaf5d89d4f
ACC51e1ed8697,DEVbb42d84a6a
ACCdb4d13b026,DEV8d9b21252
ACC7e8e1a682d,DEVa779876413
ACC6ee2904bf1,DEVc9a092c89
ACCa23dac7a0d,DEV32ac7de010
ACC2000036eda,DEVa3d89912d6
ACCa22964ec91,DEV4b10d818b5
ACCe982509696,DEV0a82bf552f
ACC2835610065,DEV0e1d9c58ef
ACC77210c7968,DEV3c89eba3bf
ACC6d0417e09e,DEVb89f67nc975
ACC3a2ba11aad,DEV6cc5f901be
ACC4f248c1f8b,DEV46ae70eb58
ACCa70bbfc05a,DEV61632078b6
ACC6f65eb381f,DEVa84ccd8655
ACCa75b872dc3,DEVed5a15cb6c
ACCf58f0cc647,DEVa0892c1595
ACCadc21c51ee,DEV5237e5000e
ACC984fcfd379,dEVb2cc9b4ee5
ACCec64871113,DEVc4c72e5ab9
ACC5025247b0e,DEVbef7964dfb
ACC6fb173db3b,DEV9aad00f084
ACC5fa45a6972,DEV1bb748d77d
ACC37944400ea,DEVa8055a92e1
ACCdda1ebe0bf,DEV864ae77424
ACC2ac5594027,DEV49e4d541db
ACCf92748ace8,DEV32de7a02a09
ACC67647630bf,DEv05619b8b66
ACC374fa2db4b,DE02ff16dec0
ACC9da4cd086d,DEVe8b54b4118
ACC6a0433716d,DEv8babc2a542
ACC6bda50bb91,DEVnd4755f8094
ACCe1cee5556b,DEV73c272054b
ACCe5a0e61b37,DEV71f6aa9dd5
ACC353497e986,DEVccdf7d2f0c
ACCaa725e275b,DEV07cc2u358d1
ACC5d33f605b8,EDV283550165a
ACC590f6f6524,DEV449c40cd755
ACCbd8d63bd15,DEV492bdad0ad
ACC94f7ad1d40,EVeb5586f563
ACC1b110ec3b9,DE0V791446800
ACC1a4d86934c,EDV5a17a004e3
ACC06067e1b17,DEV6d45f33ef2
ACC27e1aa445b,DEV9d5639c930
ACC349974ce6f,DEVf9e5e6cbb5
ACC25a6727695,DEV5568awc2f63
ACCb77a7f9bcd,DEV30a6dcb4ca
ACC3a93ffe034,DEV20af30ea4f
ACCe106aa9fff,DEVb41be9b99f
ACC2944cd1b14,DEV99ad8f8e44
ACCf407b9cad1,DEV589a183a62
ACCd2c4b3b50b,DEV005p0ef78d7
ACCb0de400387,DEV46dfc65b4
ACC6e8a677777,5DEVfc954d8835
ACC699743478e,DEVe6b5d088bf
ACC56b3352285,DEV6e0611cc48
ACC47ce41e63d,DEVfe7e50468f
ACC3a7d339ebf,DEV3c1c303879
ACCa2d5a2a224,DEV5403ffy2558
ACCd3fec2049b,DEVae0ed08753
ACCf87d5efb19,DEV65e8a82d5c
ACC33b0531463,DEvbc9b103ad2
ACC625e2df278,DEV00dfb115d9
ACC83dc71127c,DEVbfdc6c2124
ACCf79b4cb990,DEVde8e2d8b46
ACC31b2095ea5,DEd855a6e90d
ACCb0587ea1f8,DEVa589c6134d
ACCcfe0e52156,DEVbaf00cad1b
ACCa76591cfe8,DEV5f1afc6aa8
ACC6abf601a66,DEV3bp59137a8b
ACC779d045d3a,DEVf4ddb80397
ACC322a7d63d0,DEV3e16c40bd9
ACCe5943a6785,DEV7e13334bf2
ACC24303af8e1,DEVbed0c52433
ACC5142dd8824,DEV719dac6fb5
ACCa1b6b35378,DEV0b331d476e
ACC34c95272ce,DVE5cddd105b9
ACC4e5198ba79,DEV3ba0a6ef22
ACCd19ed5ca2d,DEV5fa37a2e0a
ACC8eb2c44d74,DEV6440bb6cabb
ACCae67d9f50d,DEVbe7d171debc
ACCb2a15a1d70,DEV8fb7d36a7b
ACC02b6ee2863,DEVdecd092f28
ACC855abedaca,DEV5112210e7
ACC4f1e4ff6cf,DEV44baed4448
ACCae4e97dcd0,DEVdfd04672b
ACCc782b205dc,DEV56be09ed09
ACCa423456640,DEVe52accd98f
ACC31c5b51add,DeV2953cd0123
ACC2b4105cde0,DEVaca881ddc5
ACCb9a7d74dd5,DEV0a3Dc0413a
ACCc89cf92ea0,DEVb32ba0b133
ACCcdbc6f7dd6,DEV0492a79e1f
ACC395020fc1c,DEV2dbx8b031c9
ACC7033f2f69c,DEV0854062459
ACC06c095cfd1,DEV3622f151c3
ACC4aa366b5a9,DEVa34b3bd6d9
ACCa26975c0a3,DEV485f0482f
ACCad43003ac0,D7EVfe840209cf
ACC7655c1ba41,DEV01k6249fd5f
ACCa795771da0,DEV1894b014fd
ACC451e58a3de,DEV117b34c888
ACC084e56b10a,DEVdee70936af
ACCc8a313e1aa,DEV0d45572ec0
ACC9f6b1c795f,DEV5aob468a7d7
ACC356d4e43fe,DEVb7c4fc02e8
ACCa727824e89,DEVd12ba61f4c
ACCa9f548905c,DEVc04bb6546e
ACCa82eed5683,DEV10db6e53e7
ACC454d2c5e55,DEV6d691d5859
ACC514a1a0a53,DEV317ac34ff
ACC1f034f3d90,DEV8cfeda8cea
ACC509bcdd3d1,DEVe3127cefe5
ACC72bc3d87f9,DEV0e88538b853
ACCa55c2d7e02,DEVeeafd9054f
ACCa0885ccb52,DEVc39ndb32e94
ACC699ebb0c5d,DEV6d118f1d54
ACCb647adf1dd,DEV5d1bc0533f
ACC24d816af30,DEVbeac1d71d4
ACC1fb2f82bc3,DEVdc03736cac
ACC3220d611cd,DEV110cdac9b7
ACCb80ebf962e,DEVc2d1c76e78
ACCe5be41ff08,DEVj9606a8ae3d
ACC12c678b4e5,DEV913dbb2d5d
ACC906926aff4,DEVcb8ba1595
ACC9d392b63a8,DEV369c7c8903
ACCb9089f7336,DEVbcfa87cfb5
ACC7d7082876a,DEV19981b6c9f
ACC4bd0f7fab3,DEVd015d4e6aa
ACC3ca0f30b7a,zDEV2efa9c252b
ACC1691d8f3e9,DEV224b011e797
ACC639b9db3d8,DEV262c8318c7
ACC25ba7ccc3d,DEVb696d654a95
ACC78c6a3ae41,DEVb38baeddf8
ACC2ea22f13f3,DEV5f9e2695b1
ACC4ece39585d,DEV6ca43c8980
ACC6b8328454f,DEV6ec9b76f73
ACC7e271eb0f1,DEV6ef9a64080
ACCe408d03f20,DEVeaaf49e115
ACC794a9d6276,DEV1663e317ce
ACCd7208d1d8e,DEVc67598coc35
ACC86156ecd15,DEV599d7e001e
ACC4498934f2b,DEV2152495a52
ACC3110f637a7,DEV89c1e882e4
ACC556b33b8bb,DEV937a12f7b0
ACCd6fa9c9962,DEV44d6e97dqd7
ACC9a48c998ee,DEVs25b203df24
ACC6f2086c370,DEVd1103e66a6
ACC822da5a670,DEVb4351cf84d
ACC71d3d0f0b9,DEVceba104574
ACCeb687c1801,DEVf4541b94b1
ACCd4ef17a418,DEVbf4e514da6
ACCedfa3f1574,DEVa332efbac
ACC4c7b9002e2,DEV182242970e
ACC540621ab33,DEV13bb0c96ae
ACC2392589f80,DEVeba6884a08
ACCe9bcba8061,DEVeab6cd1931
ACCf7f105ff76,DEVb4305be779
ACC57d4af11b5,DEV8336cdbe61
ACC8814d3d683,DEV384338eb07
ACC1c2426cb85,DEV5d387a501c
ACC5d8059f1d8,DEV62d42889c6
ACCd99cf01a36,DEV861b7f6dcd
ACC5858f57aad,DEVbc49bc113c
ACC3f8af2682e,DEV3472dde858
ACC62bb37d2d6,DEV45e0176A1f
ACCc2f2a50df0,DEV3b0d1499re5
ACC7864b12cda,DEVee464e56fc
ACC93ddeb76f0,DEV316719c500
ACCa48ce08cd5,DEVbb7e996f39
ACCce80d44f9f,DE330c19e673
ACC43cea3c902,dEVde492df122
ACC6d6a8848e4,DEVc00796976e
ACC5e343152c7,DEVdfda9bc583
ACC24a8713cc8,DEV4519c57037
ACC83529b6950,DEVd5c317255c
ACCab6e410b56,DEVbb18c7a11
ACCc73a820a76,DEV4cef297ded
ACC6525089d3a,DEVaad82db5f2
ACC0ba7deef58,DEV2af8b4dfa3
ACCf6a182b966,DEV3e9855c6e2
ACCc79df82085,DEV4da07f61ed
ACC9e62edf689,DEVde81005d55
ACC18eef5c8a0,DEV66a3a50ab7
ACC2e9b064d35,DEV60e2ff6b6e
ACCfafcdbe4c9,DEV199a75053b
ACCf88090826d,DEV4e65843f40
ACCf87a6f88f0,DVEd5a44b18b0
ACCbdc77d5f5d,DEVeb699bc893
ACC9d9f4a23e6,DEV227642c8d39
ACC8592837695,DEV5afe131103
ACC76a03cc528,DEVbcc5782913
ACCf95b113117,DaEV41f4161c45
ACC1974fdd9a9,DEV3705cf8fbe
ACCaaf62be6aa,DEVc85472db64
ACCc408782f89,DEV28565e27a8
ACC82c0a8b356,DEV6e622Ed33d
ACC84eb7e5f00,DEVf8923a50f0
ACC22f27f8c02,aDEV6b2aa56f7b
ACC82274b7b9e,DEV80ca021eab
ACCb1fc212825,DEV0cb8025915
ACC0241b36d9d,DEVfc0f10d60e4
ACCbafafebd77,DEV365ec8f3be
ACC424970a82f,DEV67e549f131
ACCdce07353df,DEVBb3aca0e5e
ACC131829dcca,DEV70d10335a3
ACC32dddbd507,DEVa36123c57e
ACC489e0ab4a5,DEVf2038f2615
ACCdb66414612,EV1e88cde283
ACC79e3dcf390,DEV36a6d5c764
ACCdd250bbefd,DEVb35ca04ba1
ACC0c1faa92dc,DEVa1E1e96779
ACC178ea38905,DEV42181ece6a
ACC0507cfedfb,DEV94f4a0a936
ACC4941ae1ff9,DEVf5d9f12af2
ACC0c19e1a592,DEV2885147a2
ACCf382f1f4c4,DEVab9d14b267
ACCf5c930f622,DEVe4fd73d0f0
ACC1322d88634,DEV6b6e9f3ff
ACC79364ea469,DEV1980e1904e
ACCc00c060945,DEV00a1ef004d
ACCdc8fd94de1,DEV173d766edf
ACC696aecfa2d,DEV99671e3e83
ACC027dd457db,DEV2e83a3b989
ACC79108df7b9,DEVcdd5e78bea
ACC0fd66bedc9,DEV5a65879305
ACCb46c2b037d,DEqV1fd38d4197
ACCb88017e170,DEaV26ad5b9f8
ACCea484e11f2,DEV307caf5306
ACCe1203fc53a,DEV29b858587
ACCc040f506ca,fDEV047dd635e5
ACCef54573871,DE0Vbd599da29
ACC9d5d5e5ca6,DEV185d153abd
ACCd148269d24,DEV4c35f23c8f
ACC6230e61f73,DEVb28fda8ce
ACCf4ef0a4f94,DEVafd166e40a
ACC3a959dccff,DEV3cb837d055
ACCb9e3abc674,DEV4a58b02d35
ACCfd35f7086a,DV8d9e93e618
ACCa60c1a5bf6,DEVafe3b515eb
ACC9fad51f2c7,DEV1e5c54ca07
ACC3e5c87128a,DEV9229aea289
ACCe55d374ea0,DEVcf80f7c6ad
ACC7de0942f2d,DEVcc3a4e5b4d
ACC2305bde800,DEVb61ebf4553
ACCb97a9e093f,DEV443c56b9b2
ACC318bfe03c6,DEVfc21c648c4
ACC7cd59d605a,DEV53b3930561
ACCf9fc7ea268,DEdV7412e6572
ACCb33ed4baf2,DEV0b9b037aeb
ACCb5904c322e,DEVaa5a8f5973
ACC8c072b8339,DEVdd74aae439
ACC6a30c9d279,DEV096e403f2f
ACC54cb5deb2f,DEV6763937401
ACC8640a4cf5d,DEVaab9cfd9b5
ACCcd5bd9a652,DEV5371abc3ed
ACCdb929744c6,DEV48edc7421b
ACCd444fff880,DqEV1e4950f0ee
ACCe553c2fa8b,DEVc94be3b3c1
ACCa5da69d976,DEVcd6580e95
ACC865d6d177a,DEV174319e7e8
ACCd4948efbc4,DV59054af77f
ACCeb89e7c7c6,DEVa7643a89ab9
ACC6e4d38bbfc,DEV43ccf7aa2a
ACCfbbb888fa9,DEV0d69b80f1d
ACCb86cfe1fe1,5DEVe8adf71b08
ACC09c6ad578a,DEVeec1fa8fcc
ACC0c29cf6a3b,DEV5fc49d10eba
ACCbd05346bd5,DE0212fd4bda
ACC908f19c1c9,DEVf4aa5c5ab2
ACCeb56ef1153,DEVd064f5475a
ACC4fa014ae2b,DEV05c67886f
ACCa14c4f6afe,DEV6740ce912b
ACC0b6884f69c,DEV7b124baBe8
ACC4b7cddaa8c,DEVe29249456f
ACCebaa8f5e7f,DEwVdd1cd5a2e8
ACC05efa672b9,DE1e6bed39bc
ACC1a5ff90ebe,DEV61f3da7978
ACC9389460c92,DwEV782520e870
ACC0f7a642468,DEV0f6a0e594e
ACC6638ad1205,DEVf8a5b74934
ACC570be9f882,DEV491f88f679
ACCc336c3024e,DEV283b23639a
ACC24da4ed863,DEVd48c4e195b
ACCf8523d675a,DEV320f2eb2f5
ACC9fa4004ba4,DEVe276dbcb93
ACC6daeeab08f,DEV3ff1c9f01b
ACC4988daf72c,DEV4bffab8373e
ACCb0784368c9,DEV81afv6ca179
ACCe2f6d62928,DEV986ce9a1f14
ACC96bf476985,DEV81429161423
ACCb878649d53,DEVc15f2a1a5e
ACC963a9548ab,DEV1b2e9fc467
ACCb98e13d69e,DEV1f72287Ba0
ACC4ce320dbf6,DEV2771a2d491
ACC9ba1753908,DEd37aebcf2a
ACCa5cbea3cab,DEV9f2f814add
ACC64a4438c76,DEVff26f0ab60
ACC5a9f976e5b,DEVf0a52ad312
ACC21007519ae,DEVd831082b0d
ACCe8a5e5fca8,DEV8d3276a8cb
ACCa0ea9bd252,DEVdd742fd927
ACC7f06c1d9ad,DEVb42a2f6780
ACC76caa2c6ea,DEVa2eae8d889
ACC6be11d592b,DEV07e95032b2
ACCc32aa9bab4,DEVe6c8a8adc5
ACC56b63ce9b6,DEVf724638457d
ACC875556bdd8,DEVdd8462b513
ACCb97a45298e,DEVfb423b9b30
ACCd6dbdebfce,DEV4a1c6f67dc
ACCc435f6fadf,DV95f87bfbf5
ACC101cf57f9e,DEV2fd23c8148
ACC009e61fdce,DEV6881444cee
ACCe7b175636c,DEV2605be13e8
ACC08b19de9cb,DEV34204Ede0e
ACC2ef88bf096,DEV354530aebc
ACC122faa8eab,DEV732xec41a79
ACC775e2c5e20,DEVa48d5db1b7
ACCeafa221574,DEV9c8386db98
ACC6f3a47b33a,DEV049f6f08d0
ACC74bbb55524,DEV4db2b963d7
ACC8cccff89ab,DEV1974093a7f
ACC806a9a3298,DEVa36461c5f
ACCcccd5cd622,DEV0da3fe326a
ACC2f06b2a140,DeV806c847933
ACC696642cc24,DEVb097030fa9
ACC48fb23d5f8,DEV8af5f8305c
ACC2ff3073f7d,DEV3862728289
ACC5467cc698a,DEVe52ee8285c
ACC7157d2cde6,DEVbbc9949ca
ACC990e402b2f,DEV4bd19ce020
ACC6d1a02271c,DEV4f226eaf3b
ACC5e4a823f1f,DEV767hbfd6972
ACCb7cece7e3b,DEV3585abebd1
ACCa2565f2d3b,DEV05d29eccca
ACCb120ceb7f3,dEV5e92cd9005
ACC56b90d90a3,DEV080d1a76da
ACC4e56000934,DEVd56a703caa
ACCb84d2926d1,DEVbca1efe3d5
ACCaf6e839e29,DEV8cb117eac
ACCe85abeec01,DEV7621ffb38c
ACC3c6cdb0ee9,DEVf8df5fa3fc
ACC1daef130e7,DEVb7c6935a0c
ACCbbe8862e69,DEV70765fb14c
ACCe2da539b7d,DEVa4bb03006a
ACC180e54b31e,DEV70af5fa1bb
ACCd664c510fa,DEV3b163a4a4b
ACC21fc60d2b0,DEV5c903cdc15
ACCb52c82fcc4,DEVf09627579a6
ACC4bc79a2a69,DEV27aa92c57e
ACCe83f28d42c,DEVeabC4c285b
ACC2eaf6c8dac,DEVa60da6c3f0
ACC32bb12d607,DEV43c7d22b1e
ACC2c15288408,dEV29398055d9
ACCb18a1d7deb,DEV1b940e5da
ACC43adfb0de4,DEVcd39e353d4
ACC73a0c0102b,DEVc3585e1df0
ACCb4bfb8e30f,DEV067f640bbc
ACC51348fbbca,DEVee6df7569dd
ACCe0e0f7f71c,DEV52fe2a979c
ACCe64c84dcaf,DEV1402632b66
ACC4a363da1b4,DEV6e04e73798
ACC3a0b9763b9,DEV7dac8eedd2
ACC969358360f,DEV318488b7f9
ACC4ab22cbb6f,DEVab11bdded66
ACC546f9cfb4f,DEV90cd421207
ACC202cd86adf,DEVca59422b7
ACC554c9f1f8c,DEV27928b56a2
ACCf9929451dd,DEV6c9eb52cc4
ACC8a79938497,DEVa56dbef506
ACCcd55ef38ac,DEV0e7a597C36
ACCb07406be61,DEV47dda48229
ACC1683041563,DEV1e2be5a187
ACCe9244bbebc,DEVa5823764d5
ACC09fc1faf51,DEV401275b412
ACC7e34333fb1,DEV9728cacf08c
ACC5476e30afa,DEV3c31b8b300
ACCefc2f3d782,DEV79ebdf8caf
ACC44d1e567ca,DEVd002ff53bd
ACC9a47400947,DEVfdb5b0f116a
ACCab73f20666,DEVa73d3d7156
ACC6fb9ca8a52,DEV7d33f63756
ACC9ab422b740,DEV92bf6cf7b
ACC70d8f23cdc,DEV914448b3de
ACC0d210f44ce,DEVff74e8bb0a
ACCebd5ddab7e,DEvc79d9f3134
ACC5f73aa9acc,DEVA8326f4308
ACCadc5da8df2,DEVc9533adcd8
ACCd30a6087d8,DEV68fa5090f7
ACC5038d04b2c,DE81cf99a6b2
ACC4cb15e5299,DEVd198511477
ACC46229b0a1c,DEV3e4a90b4c9
ACC583ffe0df7,EDV14281e28ba
ACCd8bb617748,DEVb00452c30e
ACCb0d83b0e57,DEV011fddc50a
ACCc3f449f72e,DEVc6iaa63bf9e
ACCa7ef7079ec,DeV6d02339362
ACC032bcf4033,DEVe85f45f383
ACCb7fa533d3a,DEV1b4556b8c4
ACC2acf49bb1a,DEV2c9dffbd12
ACC010ab44a27,DEV28bf5952b
ACCd6d4f865b3,DEVd50f5cfdb
ACC6242282ce2,DEV786e300d54d
ACC7c6db68e9c,DEV01A5e0113a
ACC90abcb341c,DEV9bfbb4eaf0
ACCdd21bb7d64,DEV66ca972bad
ACC126bc2389f,DVE6efbf6a644
ACC9a515f62c5,DEVe922eFd71d
ACC2c6800fde0,DEV8f5e2c315
ACCa8f186ba8b,DEVc424471030
ACC934a046e81,DEV8b3c6cad32
ACC8efdc55383,EDV10df2de633
ACCd0f295be91,DeV31fe4298d7
ACC989ebca1a2,DEef263d1911
ACCb0973cd5b8,DEV36638dd8b6
ACC60f35daa93,DEV02b0d4a9f0
ACC719228a5cc,DEV468751ecc8
ACC14e265ef21,DEV2ede871eae0
ACC8b445d5d68,DEfb49b4c0fb
ACC9d24d67950,DEV49221jb9aa7
ACCef0e8cfdea,DEVd36ed00b3e
ACCa1bda472d2,DEV7171db120
ACC66210d350c,DEVd4d1e9f0bb
ACCcfc6d40035,DV7d81836f33
ACC4ee4d68c25,DEV02df97606a
ACCc665bae852,DEV511016c4f2
ACC956e5655e6,DEV65682359e5
ACC3ea54ad178,DEV4191b0a812
ACCb4282a9e00,DEV9a919bfeba
ACCb1aef99f61,dEVd29dc9cdb9
ACCa0fbd3b5f3,DEV00d37d9a5
ACCe8fc87eb78,DEVb057da2c63
ACC2fbc7443b0,DEV76f1632C1d
ACC6abc09649a,DEV6aa63sff561
ACCb8f60a6976,DEVe140117958
ACCc6c6dbcf93,DEVcf101d1b60
ACC4d540e4047,DEVd74cd7d43z2
ACCe08acf06a5,DEV5528a29ae
ACCbd73f504de,DEV0c919dc7fB
ACCe96e76035c,DpEVbcce1b71ac
ACC502379af74,DEV0007a0cd6c
ACCf1ba0915d6,DEV1d4b3b0412
ACC3c2c7a5511,DEVd5c1e6324
ACCe341da00d9,DE3V116479c66d
ACCd722d71790,DEVd9b666c009
ACCf6dad076bb,DEVf7fa848c90
ACCdecb5e420c,DEV5b76422885
ACCce3fe57285,DEV83543a2a63
ACC92a8c2857e,DEV1d9a7932e4
ACC1f09672754,DEVcd73dca3fe
ACC206c9b8b50,DEV5164bb5987
ACC6cf117574c,DEVb10d24789a
ACC54c5c1b485,DEV28dd8bc0f0
ACC5bd47ae7f2,DEV383a332678
ACCe1de70949c,DEV2fbac014940
ACC09ecf4b38b,DEVc28e5c22e4
ACCe9ec29a881,DEVdeb4b04c2c7
ACC3264e63b03,DEV706ab4ba36
ACC81268a4469,DEVce20ab7181
ACCc7f8c5b0c4,DEVb81d121f9a
ACC0c221b3811,DEbV957f2e9dd
ACC34110a264f,DEV0b136d60be
ACC8bfcbbb840,DEV6a9211076f
ACCff4bad1924,DEV01a5a62bc
ACCd7346d25ac,DEVd20f80f075
ACC72828b4d2e,DEVfa09f40c64
ACC2cf9d5bf16,DEV4d4af7f9hee
ACC214c7384de,DEV03c776d084
ACCfe59fe724e,DEVc7ca52b832
ACC4556880cb4,DEV871c00253b
ACC44cbac3b83,DEVn4c8c2f9723
ACC645318e472,DEV0be899579e
ACCbd186124b4,DEV2bfdd27a86
ACCda6426103a,DEV57180edc95
ACC646b0f2465,DvEVe42b655881
ACC999b48ed33,DEVb1a976d5aa
ACC233d5795fe,DEV6d0bb01a6a
ACC66a25718d5,DEV1d20dff866
ACCefcfb6fc55,DEV295e824019
ACC47be1e2442,DEVf0278e3979
ACCb97f4d6418,DEV5f48a018205
ACCb6d5e5d3d2,DEVz8a516b6e2f
ACCd7d24ffda7,DEV4aeb40554
ACCadc23cd8a7,DEVbee8f0c400
ACC836543e119,DEV1210781fd6
ACC69918bb845,DEV2a25f1c98f
ACCaf59ad3392,DEVd55800b1b0
ACCa43abfd0c1,DEV08c55f6230
ACC9447181b3c,DEV7d8d44ad8f
ACCa2c9c7c334,DEV24283af1a
ACCfb47be8cc8,DEVcbeed9c08ba
ACC9108b0fd82,DEVf58939ee1
ACCd440a2a53d,DEV48d09cc27d
ACC9e8ceac6ef,DEVc2d735e5e9
ACC7922c914e1,DEV1323f3fc3a
ACCc4f34565cb,DEV9fd62f70fe
ACCa8e4f8e8e1,DEV59cc797d19
ACC7df4c0690a,DEVcd056a08af
ACC9212c4d7a9,DEV7459568836
ACCcd316eb58d,DEV0e4aa32e28
ACC4b42432d74,DEVeaf219baae
ACCadf3d268f2,DEV99ca358fb2
ACCad91bcf82f,DEV199ca3da75
ACCcfe837416e,DeV359fd2a723
ACC8f8c1fa48d,DEV19b960578e
ACC05d8ef373f,DEV9556617c98
ACC9d525b73ab,DEV5592ebf6f3
ACCdafe2f57fe,DEV644fe78909
ACC78a58995c1,DEV70a514112c
ACCcb5d98c9b6,DEV48726be600
ACCfe437026ba,DEVb34e389549
ACC8c542fc13a,DEV39ebf7e173
ACC8294f0e4cb,EDV064f6c4963
ACC94aee6446d,DEVa7fc70c68c
ACC5c1f2e68a1,DEVf6e2c86b9
ACCd08fdfef93,DEV6c9bd3211bc
ACCc208c0d991,DEVb1ddeaccf
ACC4c5074e749,DEVf17084d77e
ACC659b777b67,DEVba1c165e3e
ACC7a7aeffb45,DEV3731ca9d66
ACC0abb9fecd3,DVE0319f0e4fc
ACC9da02feecf,DEV796418e5c4
ACCeece657c29,DEV16e8eabff59
ACC25911e8ccb,EVe3b3f72238
ACC6f3837a708,DEVb56a8528b9
ACC450d8692f3,DEVf196b136ca
ACCe5c3e2cded,DEVd348418369
ACC3989b24462,DEV6c46cc1a79
ACC8af812f179,DEV0e6e541e5a
ACCd151e83a12,DEVc1f224c139
ACCc3f0402dfb,DEV84b46c533
ACC09ca2062b1,DEV15e5b5a72
ACC7d547a6b19,DEV08e4d45727
ACC76e49c77d9,DEVe402e6e32
ACCe604f8c5aa,DEV7267260c8
ACC84487b6895,DEVa105e74bc1
ACC57cc9acbeb,DEVcbec054553
ACC62e6a84b91,DEVe72bbe4f83
ACCcf28406362,DEV1bbf21659c
ACC525c6bf5cb,DEVab23ae9148
ACC609763831e,DEV67e9d57177
ACC45c8e56888,DVEb0f47e95b7
ACCa867c0c013,DEVbcc885b258
ACC3beec15ef8,DEV78377a93odf
ACCa1c68685ed,DEV794331b00c
ACCa6d5aa62df,DEVe4a5140a89
ACC05d1bd5bdd,DEV3138d0f17f
ACCd6ee934cc4,DEVe20d4af3e8
ACC3abab2fb5e,DEcVf02a4f8b6
ACC6af0cc5ecd,DEV8B58fd150b
ACC6f2bb9f235,DEVddf9080857
ACC2067977a89,DEV38lbc9fbab6
ACC07ab2701b9,DEV7e7518fe6b
ACCdb7ea295d2,DEVa98f12eaf7
ACC151cc3aa0f,DEVf52b208d5a
ACCbd8b1a17c2,DEV769fe8c28e
ACC0d357bf590,DEV731e728b76
ACC5a861aeba6,DEV26a5342eb
ACC7f1e66a330,DEV2e109edAc7
ACCc4a0ecae1d,DEVf11a8dfa8a
ACC24ce13dc29,DEV0b26773245
ACC69bd04a641,DEV75301bb7d4
ACCd79912680e,DEV3b4cd3c51e
ACC39af3748e6,DEV4098d849f8
ACCba7c0dd0c5,DEV7e20e79bf0
ACC43c37e0eec,DEV64e3a52b8a
ACC234766576a,DEVb97901b6b57
ACC6b080d0885,DEVcb42581e04
ACC915407b9eb,DEVb681098977
ACC8c6aa8072d,DEV94ff899b78
ACC27bafb3826,DEV2b9b6dee646
ACCda4954796b,DEV780965f9a6
ACC5c4d77a893,nDEV0cbed7b5c2
ACC34c552b334,DEV7dy897ba1e8
ACC60218b59e7,DEV0a888k026fc
ACCb86fb30e4b,DEV1ec1a4Ea84
ACC51e704caaa,DEV8316fwc420b
ACC9ebc820a42,DEV744be992e9
ACCa0ff4c11d8,DEV8f8b27e582
ACC1bd491317d,DEV51ab319583
ACC039117c570,DEV7Bdceca650
ACC67100027c8,DEV9516b652bc
ACCfa43e12c72,DEVf44f34d415
ACCce96bea02b,DEVcbf3c75007
ACC495e9cdcee,DEVe4db4af3e1
ACC20780bc091,DEV777d0e0433
ACCdbc77cf98e,DEV46ba3a905e
ACCc955bf7617,DEV6f1e2b4542
ACC0e5efeeb8f,DEV669ad2c31b
ACCfc42dbb773,EV4d68b37a48
ACC4196762659,cDEVfc1794e4cf
ACC02190f8b9b,EDVe9a6f37950
ACC3ba5c8350b,DEVde72cf8289
ACC9e5e58b199,DEVc174b8e8c2
ACC9592f2c083,DEVe8bccfbc3e2
ACC81bfb0e676,DEV9bda995400
ACC337020a673,DEVdd3fd1e7u4f
ACC8f3f912afb,DEV061b6a0a82
ACC1ae35ab0b4,DEVb93decf9d6
ACCeaa87c0713,DEVf38d15e31e
ACC0ba4ea07e8,EDVca503c94fb
ACC0f7f0892e3,DEV670d17799f
ACCbbd377ae05,DEVa8a8dlc3078
ACCa1fd2225f6,DEVd80f779g7de
ACC752137737d,DEV75d35021d5
ACC8317fb6021,DEV70afed60b5
ACCa9f980beb2,DEV140712af34
ACC764f4581b1,DEV94e57f161f
ACC431be261bb,DEVf6f1933881
ACC9a6a424b75,DEVf33097f494
ACC975700442b,DEV4fa1de8e62
ACCa89c709751,DEV28a178b13b
ACC257bf40cb7,DEV64aace8906
ACC33a7d27f76,DEV2aacc4eda2
ACC428b34383f,DEVa2ac60ba7a
ACC31e1e7f309,DEV6aab5d8f4b
ACC934a9d56f5,DEVca88f23234
ACCbd27d437e9,DEV3e073072bb
ACCbf4e2ea92e,DEVfebd0ef2ac
ACC77e78f3d7c,DEVd7e21b6b61
ACC00f30f2a3e,DEV869d4ce33
ACCbf48f56a88,DEV98ec845f10
ACCea41b1206c,D1EVacf915f025
ACCb23564b401,DEV170d69c6b1
ACC6a87fd7afb,DEV55ae156b1b
ACCd35d3a40c1,DEV9a4db94ba8
ACC8279ec766b,DEV35169a6930
ACCb0eb53df8d,dEV634563c62f
ACC8df4af88fe,DEV97eb75ad5
ACC9887ca270b,DEV0225c4b693
ACC529dbf7413,DEV7c52256829
ACCa662764cd7,DEVa920900aee
ACCb9215953a1,DEV1640010859
ACCd6d4035d59,DEV16796aa54
ACC933e013dc5,DEVe8742eb27
ACC8db4824896,DEV5029cf74fa
ACCd2c9d590be,DEV4c6bb96d38
ACC1333eaeebe,DEV0d3d6dc8de
ACC217e0a800d,DEVcc5d942c4b
ACC628f3d7414,DEV46afa8e497
ACCbff4c01b94,DEV0ae3b31308b
ACCcdeaad08db,DEVb7beeb6ba6
ACCaba4b81b40,DEV528310284b
ACCeaf2f6f4ca,DEVeee82ee1661
ACC6b10f8d5fb,EVada27052f0
ACC6e43c8a0e7,DE52eb6949a8
ACC71940c915a,DEVff9fb445cd
ACC7180687e2d,DEV179467dfa8
ACC10dd56d4e8,DEVda791a100c
ACC32c2944dfd,DEV21388c2a94
ACC7c3ada87e9,DEVf1a48389d7
ACCec56d6c1ad,DEVae1f5bec70
ACCd4311c6830,DEVdd80664c8d
ACCb800bdf946,DEV535a6dc7c1
ACCdd7f0d434a,DEV4490e7d723
ACCa97388ad3b,DEV83c87b7c41
ACC12c5e174e4,DEVdb14d3090a4
ACC18c4e5e84d,DEV7ecb5a2fd7
ACC5d9724d02c,DEV8e695326a
ACC39409c92c8,DVE0066a6af43
ACCcfc36f45f7,DEV88dd8c2fa7
ACCc244316a21,EV970633323a
ACC1c635eb668,DEV5eb53d58460
ACCa88319dacc,DEVb5dbb29aa2
ACC1ee9e8601e,DEV8435695636
ACCe220f65276,DEVa3938de512
ACCab3406d311,DV3ee57a72db
ACCae9015db70,DEVc704bc131b
ACC6303e049c9,DEV08b21fe80d
ACC7b434d7945,DEV5d01d142b1
ACCef88648b0e,DEVd1f4593e75
ACC4db945bd0e,DEV158757d307
ACC27ce4c10c4,DEVa3911a6a87
ACC1f06215feb,DEVccb9389482
ACC313e457972,DEVf5c7b1h032c
ACC0b922b0027,DEVd0b4120fcf
ACCb5ccf934d8,DEV39d1fb2d34
ACC1c2d2f2c78,DEV3522182484
ACC526960d731,DEV031ee6d204
ACCf16505b247,DEV27c2bc7ed4
ACCa4c4da9f1d,DEV1b6e9c183e
ACCd7ba8174a8,dEVb274be72d8
ACCa28d5fdb86,DEV0ae5c9nf2f9
ACCf15cbd6fd0,DEV19772117bd
ACCe2c984d226,DEVfaffb4fcbd
ACC574d296efd,DEVf0c16a9df5
ACCb67a1b43a5,DEVcecc4f6dca
ACC11e043c9b9,DEV767af923e6
ACC5807045e9f,DEV65fb390e61
ACC754702b01c,DEVd89bf69de9
ACCa688c56af7,DEVC30139f999
ACC0913140439,DEV54e62d29c9
ACC81a305f8c8,DEV70c5314741
ACCf651fdbb96,DEVae70c7687f
ACC86fd1b2ce7,DEVd6d835Da8f
ACC6db416aced,DEVd679374fb2
ACC70ca2f82f8,DEV2dfu6b51524
ACCe89245aaef,DEV395bd72979
ACC1c8f6277dc,DEVbfb1c07664
ACCf4d13ba2fa,DEVae11f5a6b4
ACCd5c799c77d,DEV0c07944a8e
ACC715a9d7645,DEVEf2c8c0f00
ACCe9ebfe5865,DEV95168562k95
ACC077dde326b,DEVa88e8d18ec
ACC1c76dee25b,DEV9c0544b516
ACC7e49986e7e,DEVf122ad391e
ACCe50a61807b,DEV100714e4c7
ACC3c6dcce574,DEVc8b05b522b
ACC68dc24f390,DEV599903bfdd
ACCe31cdf336e,DeV188daad66b
ACC6029db94a3,DEV049ae5ee30
ACC18b545f7e8,DEVd387898c39
ACCbe34d6b9d1,DEV1764a48b69
ACC9777325b2c,DEV647d708807
ACC45e6046618,DEV2552dc2e9c
ACC999918eeb7,DEVcfo63be4d2d
ACC59b1a709e5,DEV992e3c68ff
ACC027d1ac96d,DEV1e6206e52f
ACC8a45fd0101,DEV8d96b28ac0
ACC549564207b,DEV72060e2006
ACC1f1292d3ad,DEV412eca219b
ACCcdc983dcf2,DEVb2557fe632
ACCf811a2d309,DEV85549bAb6d
ACCb07b667fb0,DEV1ca7ed74b7
ACC35370f1e7b,DEVdb2a362807
ACCcccb80b77d,DEVe53bef2f3e
ACC8b59b6303f,DEVe0359117c8
ACCae8217e0b2,DEVbd16079d7
ACCbf5ea7544c,DEV51dc391c50
ACC60f02b4c87,dEV1e9aa97d47
ACC3d48814c2d,DEVf08afb04c3
ACCb735f8f9a1,DEVd41df1450
ACCde06ba7750,DEV11d5e67c59
ACC3e68880e39,DEV7fb135fc2d
ACC65eca2a868,DEVd0dba7a5c
ACCf3a4c0b603,DEfV1f682ea65
ACCede1c219fb,DEV1445e4e870
ACCb1501425af,DEV88d47634af
ACC61b548fda9,DEV073acd0d58
ACCf5f068a0a8,DEVa95211bb54
ACC86d423fd79,DEV54953f33ee
ACC8d4d159d59,DEV178bf0cc2b
ACC6b232b9427,DEVdb1ba333c
ACCdd8555825b,DEVe00425a975
ACC405a478eab,DEV9e68998d60
ACC823251d40d,DEV884c361cb
ACC0d46916f87,DEV104170f898
ACC2d22b44bb9,DEV7ea7a72f72
ACC56cc02be9e,DEVdf824f2c7e
ACC91f743370e,DEVe79ac62ff3
ACCdfe5cee445,DEV600b6f1238
ACCd69c30e551,DEVdba5178e98
ACC1b3c6bb505,DEVd21ayb37854
ACCf10e9668f0,DEV25dee95db0
ACC43c9f654f1,DEV8ddf672013
ACC1d4ea0b180,DEV45bc0ad4a0
ACC39dd176592,DEV58cee1d3bb
ACC31d84b6e3f,DEVd48b8c28af
ACCb81c69343d,DEV1341a9a26c
ACCc08d0d490e,DEV08f52790f0
ACC74a23f0865,DEVc5c961bf52
ACCd31c47fe5f,DEV0e0db61dfa
ACC009381b4f2,DEV9b20980c33
ACC94ea75ca89,DEV4d211e192b
ACC76ac162dc0,DEV26ade37c02
ACC18ec02611c,DEVa3c099b8g58
ACC47dadf165a,DEV987ad21533d
ACC397dbe4c7c,DEV28446ef3d
ACCb6bf772fa7,DEV2591c6d5f6
ACCf31183d772,DEV9e7f498710
ACCc99e2e9d05,DEV4caf27745f
ACC1b9ee3b85c,DEV10dd275d70
ACC949cbd4cc9,DEVd18c24ecca
ACCe5487418ee,DEV35715044fc
ACC471d3f38c7,DEV3e6ff42201
ACC4dd86ff092,DEVed337ced82
ACCd937d0f4b4,DEV21eaa53732
ACC96b855b067,DEV4e75c5679c
ACC8ba9ca34d6,DEV950951b816
ACCbc52cca87b,DEV1dbc561c39
ACCd6fd9a00a1,DEV1422615284
ACC802f593ae7,DEVc8cd620920
ACC8e7713151b,DEV114c9159e0
ACCeba2e373bd,DEV70ebae29d2
ACCbc84291bc7,DEVf30c8899f
ACCa8d24abca1,DEVdy9cce411ef
ACC22ffd7e6f8,DEV44d9079435
ACC1292e582dd,DEV2af1394b9
ACC1363d6d5bd,DEVa86eeea6d6
ACC299c458998,DEVb6c32258cc
ACC242b343a97,DEV349e536dd3
ACC164fc5ffa1,DEV3822796754
ACCea872bdf20,DEV91d5e70753
ACC707822e368,DEV39e6ba136e
ACC2843a7c8f2,DEV620566u3357
ACC5d4ecf5882,DEVc10dfbAd23
ACC7404dcf7f1,DEVfcabdc9902
ACC8aad3a4754,DEV2f58b9cedb
ACCd00a54164d,DEV59f33d0a07
ACC6c3c530944,DEV9919a75338
ACC2c17f1cea3,DEV05c88776cc
ACC49d85becf7,DEV11416df7b3
ACCfbc94d0798,DEV5865dc083f
ACC573ca3d8dd,DEVa941094B38
ACC4cb3de6469,DEVb2e9e3c194
ACC9255e0e849,DEVa650ce2777
ACC4ab6609dcf,DEV908be50593
ACCa5fb4023c7,DEVc3def01163
ACCdba1a2241a,DEV3c3564ddf9
ACC7598667d83,DEVe2add3e99
ACC5624ed4dac,DEV53a31d3ac1
ACCfdc5a0c145,DEVe6d2927ca9
ACC1fba6eeba3,DEV2dda515b2
ACC20692275e4,DEVaa6ced346e
ACC823269efd7,DEVcfbf6019190
ACC2130577168,DEV8763d72590
ACC705aa68867,DEV3e0y8da3d23
ACC9357d47bef,DEVde9d967c7a
ACC17d230741e,DEV38d2449a43
ACCdc098eff91,DEV7d7b149762
ACCc25b85bddc,DEV63ef01a7bf
ACCdb9e7ee8c9,DEV20dc9403f6
ACC7e5439c1c0,DEV9f549ff457
ACC5d898e61b2,DEVEa5c4c9d0f
ACCf1840eabf0,DEV6f9a5bbacd
ACCa923349f19,DEV54d36de32d
ACCbf71142fed,DEVda5e9847cb
ACC111dc4e871,DV200da9f721
ACC1ab040e3df,DeV2e2e6f9d88
ACC7fccf22672,DEV7c7659fb54
ACCb3514260ea,DEV9e52007851
ACC17fe64f80b,DEVa11413125
ACC06ff19d403,DEV134e986289
ACC033e212e8e,DEV4a36c491p9e
ACCf7eae7a95d,DeV45a2d5fb78
ACC997c2828c3,DEVb8d5f4fc8a
ACC7093dbec4f,DEV1214fdf8d1
ACC5e59b224ba,DEV264031e873
ACC84aef3eac5,DEVf2521c51d0
ACC2071c3e940,DEV640a8a802a
ACCba5abd22e0,D0EVee14ce7f1d
ACC9e282df1cc,DEV8cf75e532
ACCb0e42773d7,DEV3714d21709
ACC6d1c66bca6,9DEV50b3e0b42c
ACC6aa645b7c9,DEV57e1d033b6
ACCf5c5ff7433,DEV06b1815591
ACCd109035d82,DEV6812e3c3ea
ACC0a7e4f5101,DV5e3db4efd4
ACC3784409159,DEV900dcc3237
ACC0203aea39d,DEVa6000b3018
ACCd142fd0cff,DEVd01526f89c
ACCe1795306d3,DEVf716be9d8c
ACC6f39356750,DE3Vf4ebfcb4b
ACC1a28a9b494,DEV6ad5bf9fce
ACC6bcf139a2b,DEVdde1060457
ACCaf518356c5,DEV4a0876b773
ACC5ff42f01f2,DEV20c0220cf2
ACCb1dec7395a,DEVf8aaa7152b
ACCb6f064c2de,DEVcf75f17902
ACC0fe6212901,DEV3550438833
ACC6be34a3e1c,DEV038e66d7d92
ACC6e6e57404d,DEVd42787ea7e
ACC7f7c6b4612,DEVdcf65eecec
ACC3f1ffdaeeb,DEV3e9259d00c
ACC12e1d1f24d,DEV2c33702839
ACCba287caaf5,DEVbaa1a0c493
ACCecf26fbd3f,DEVad4e4c078f
ACC441956f347,DEVzb594ddd190
ACC1640d5f9f6,DEVaa5c988eba
ACC2da0ae71c0,8DEV87c32fe721
ACCf4dd12d9f1,DEVb07ecbc644
ACCf925e2701d,DEVd540d0ba03
ACC355b991d60,DEVc1be186267
ACC8c986e33f4,DEV7c6f8789f6
ACCf122b6aa34,DEVb46a4c765b
ACCc8932ec71a,DEVc122712c02
ACC88527cc3bf,DEVee9ed9d43b
ACC29d53ef9d6,DEV4dd5b86ebc
ACC2b9ce7e9a2,DEV455b3574d1
ACC018b3f24f2,DEV9b80c2963f
ACC9828b306d4,DEVb1ef875308
ACCad0f8ea30f,DEV3bdd02e1b2
ACCb0294547b5,DEv2fd0ae5995
ACC4ffebd8f05,DEV769dbb5a4ae
ACC1e48349fba,DEV59345ec382
ACCedc878fc44,DEV52d1f5ce47
ACC45e8cac1a4,DEVbc9ca7a198
ACC2258c00503,DEVd7eea32bba
ACCa38f91be3f,DEV2eabd16307
ACC756d13704b,DEVa089937895
ACCf2136e75dc,DEVb2dbbb2489
ACC1f7abb7d06,DEVa801e29e4b
ACCaf65b53521,DjEVb52935e555
ACC0d886c5723,DEV2994c2f4d1
ACC2a422f15e4,DEVde54aa731e
ACCc2abf75255,DEV97b909185c
ACCc7cec4da11,DEVd943708920
ACC71c505dccd,DEVca6947604c
ACCfab99d50b3,DEV3d4b4585n69
ACC611b37b675,DEV36041979da
ACC9ce910c3ce,DEVf600620d63
ACC12e46714d0,DEV2d39429f59
ACC06dbd2a0fe,DE2Vb0ae61a30
ACCff427875bb,DEVa56ac9045d
ACC42cc4dffd6,DEV6d6070252f
ACC0bc3ed295a,DEV1cad010232
ACCfc3d975f66,DEV5728ee864a
ACC045f360d6f,DEV4ed53498d9
ACC6377803642,DEV06753e4756
ACCca4b49a581,DEV1754e20318
ACCc67de75e6d,DEV7190ec006
ACCcdcb939fbf,DEV11fe8d71ea
ACC760168a200,gDEVdb25ca41e6
ACC0a2737d0cd,DEV84edd0949d
ACCcb57ac8248,DEVd35cff2f68
ACCd7f26d1383,DEV64c1f07dd5
ACCf59c1398fc,DEV1f48E8b90b
ACC84e1b0ce8f,DEVbe411aa781
ACCaf503681b9,DEVd1443ea517
ACC9b367a5ba3,DEv0c1dff36b2
ACC292cb47c3b,DEVbdf9d46f33
ACC7285c30388,DEV6cbab92f75
ACC406e77670d,DVE2a1a67a90c
ACC5e1bec8632,DEV0223c6ce10
ACC4c4813dbde,DEV11dfa37d40
ACC829b94bf71,DEVbcf040bl240
ACC37dda227a7,DEV4ba712fc73
ACCe2458640b7,DEV8fe6bc8858
ACC018a3fbfcc,DEVb3f9f756dc
ACC994fdabb63,DEVdfc74a7f29
ACCf0cf5d4a12,DEV479f0f83a
ACCedda16092a,DEV225377ab6b
ACCb025fdf374,DEV1Ed93534e5
ACC23b60c7b3f,DEV402f3f8b5a
ACC868523ccda,DEV162335277d
ACC4e094f8b2a,DEV6185195e29
ACC96cad1b10c,DEVe38e941400
ACCaaa8c8694d,DEVa60f7cf608
ACC4677ce1c29,DEV164f348ade
ACC02971be95e,DEV3301ddd35c
ACC93dbbf2234,DEV739b78c733
ACCdb83b06de0,DEV7813dfbsd3b
ACCc9a68a7546,DEVeb6c3aaee8
ACC6821f1ca98,DEVb7e4327fcb
ACC0da63e01c2,DEVd2c5dc34a4
ACC9ba13177a5,DVEbe6e6e7a74
ACC0a7c8647ce,DEV6132155ead
ACC23dcf14e02,DEVa757c5d8c9
ACC360605061e,DEVe69h8a21b36
ACCd8b12368b8,DEV5b12f03f71
ACC69ba1aeba0,DEVc9e4279ca
ACC7c787b76bc,DEV547e4170f2
ACCa16ca174c0,DEV6caa1e6086
ACC97e7f53f96,DEV8db3ed762
ACCfce2481ff0,DEVf3e088948f
ACC298c36d739,DEcf426b2e59
ACCd9a1babc2c,DEV88a5a6cd3f
ACCb278e29ac8,DEV4f1ead3Fab
ACC2907689d22,DEV28bf53a585
ACCdd6b80fec0,DEV27b29bf38b
ACC922243a345,DEV749db1bc59
ACCc8c901331b,DEVb1c6ff0c6d
ACCb0254c78b8,DEV1087d864b1
ACC9ecbfbb14a,DEV87310269af
ACC7a0e65f9e7,DEVc964a73d1f
ACCe1a39418d2,DEVaa53111da8
ACCc97832df57,DEV195f4a96cf
ACC6eb3e13c15,DEVfd9138d1bc
ACC04a110216f,DEV9b21d046e4
ACC7b1666d8ca,hDEV3a05a93048
ACC933a3ae393,dEV5cc651c9f9
ACCdaae88ddd3,DEV279eq209780
ACC67e0ce68fe,DEVc4f228e1bf
ACC4481c6c3d3,DEV8f5b1db4e2
ACC9f96987afc,DEV131ac238b
ACCb101209406,DEVd77403569b
ACC304aa859c5,DEVa9eeb0d236
ACCde84651888,DEVc1459954b6
ACCda8f51d7f6,EV776c367982
ACC8470d280bd,DEVb1f6ed90b2
ACC9b8c8a57e4,DEV14e534f369
ACC86d62af231,DEV3ef6792cb8
ACCe8ddbe9ab1,DEV65acad72df
ACCe601f5a443,DEVbce54fAa78
ACCb29c4f6e8f,DEV4e746436e6a
ACC6d29730f67,DEV9ecb4e0db
ACC0e97106a0d,DEVd1f9cic0947
ACC1d611f3ebe,DEV27bbe917b3
ACC103154af08,DEV9e545d2497
ACCddebe03b10,DEVacc4350d97
ACCd7f63fd01a,DEVc26b9ef2e6d
ACC80e17ec8f0,DEVb9446a6Fae
ACC05269054b3,DEVcbe074459a
ACC058e58775d,DEV2d9b9e62b1
ACC610b5c6dc2,DEVf32a9b24a1
ACC8fe189eed4,DEV5bf9ea25a3
ACC37fd0610d4,DEV3eeec596e7
ACC35e5482ead,DEV93e3bea7a4
ACCf18a2e01b2,DEV341e0d751b
ACCa53a77afff,dEV144bdcf1d5
ACCc407eff363,DEVf0fe93675ce
ACC9ba9e00646,DEV50a926aa1e
ACC2a2ce24e17,DEfVcce0b98be
ACC3136a878ed,DeVaa3d92a921
ACCfd8054ec05,DEV7E2e5829ea
ACC32ddae9c17,DEVd6b906332
ACC4575f2069a,EV824bf590c4
ACC970467b10c,DEV785a8b6e92
ACCa48d339efa,DEVf80572a66e
ACC852efa6256,DEVa8dab233f9
ACC945e8fa2fd,DEVc35172c669
ACC21003ef519,DEVfc2183ee50
ACCd93d720ccf,DEVa16ae09b90
ACCe2ac7ed206,DEV2af6402f91
ACC1c5d1668bb,DEVde327488a4
ACC9b12bffead,DEVd8b8989115
ACC6f80b97b2b,DEV87f421074
ACC49d0880ddb,DEVd79ab2d3cb
ACC36369089d8,DEV657d4s0584d
ACC72e1958ac4,DEV69fdd1f7z6c
ACC73d3fd0e07,DEVcb9873fb9f
ACCd47ec8c78f,DEV4b38b9456e
ACC01394a929d,DEV68f479003b
ACC0458234765,DEVbefb8a77ee
ACC3cbb0ea107,DEVb26cfeed7
ACCdb497435c7,DEV75a2cf14a0
ACC53fbeb50fe,DEV5045f63823
ACC33484e1b1f,DEVde76620757
ACCd67f305170,DEVff4c4a3d4
ACC046e1472ec,DEV152fa9c920
ACC1be9d6645a,DEVbef459018c
ACCdb02f9bb4f,DEV24a1b04012
ACCc19c6acfa9,DEV1eda2750c6
ACCfa51ee4c1b,DEVfd9d50186e
ACC9271ef06b3,DEV787146e805
ACCe34b65fca8,DEVb1ba99f3d7
ACCd070a892a4,DeVb36c07f2dc
ACCd702dc5ea6,DEVfa25ac1c8f
ACCdcb8f9d553,DEV4c07f4376f
ACC9278d989c5,DEV0f3bac4f37
ACC52490812ba,DEV495Bf3cd37
ACC66cc9d6a4e,DEVf55a62ed05
ACC0db867cc91,DEVb71243fa8a
ACC9fb3b6ea5c,DEV7a2aee1da0
ACC7b0a4de3c2,DEV2068e6e82
ACCe798bcdf28,DEV63ebb5d7d9
ACC9b0b937aee,DEVedbc3a82fd
ACCafb7082268,DEVe122b45f40
ACC198bf6a7c5,DEV475f2e99ed
ACCdb38bf2dd7,DEVf127cdE9a2
ACCe401f687d3,DEV6a13c38cf5
ACC7fb3549e7a,DEV1138bfa79D
ACC323972846d,DEV48f7c12404
ACC921b4acdb0,DEVd7b6811315
ACC737a26a0d2,DEVbb323d9908
ACC74b40390a2,DEV8eec467a47
ACCdab605e367,DEVc69e5fc6be
ACCfc9b9e5707,DEVcd8b20A2f4
ACCb53fe8dc45,DEV7bd4b44ea60
ACC62a739a9e0,DEV6a1cafb3af
ACC318e69f95f,DEVbf03ef8833
ACC94c09457fa,DEV3f4d6ff5dc
ACC2f51df1278,DEV63723fc2ea
ACC0285c8ab55,DEVe4d9c0973
ACCe5db158a74,DEV11591e7644
ACCdd7365e279,DEV355fc71502
ACC19a4c23195,DEV73a6bd6344
ACC165d094c35,DEVb70857280d
ACCa3cc897325,DEVe73c895d9b
ACC5e3887d754,DEV1fc90686b
ACC0eeea96ca1,DEVacee88b7f28
ACCcb88cb99c5,DEVa29eee282a
ACC02c7a5ca68,DEc81e6e7e22
ACCfe5142948f,DEV5921c06fa4
ACCba73448398,DEV397f11dc07
ACC9fa0636382,DEV512d4c8fb2
ACC998cec1775,DEV72e4f1ea41
ACCbf0644f4ca,DEVedda52566fe
ACCa13d6ebec1,DEV14ffd5fdb7
ACCbdcbb359db,DEVcd42eeb77
ACC7e30b8d3b0,DEV276f5f8c05
ACC74a9221de7,DEV7796adpa3a9
ACC55fa0fcc71,DEVec737994ab
ACC9982280eb2,DEVdb81fb34a3
ACC94b3ccfc5a,DEV1332b8c0fd
ACC466f04960c,DEV5a7f9acabb
ACC37b10d8ce9,DV8095a97148
ACCb0ed720a8f,DEV7b72b61bfc
ACCff6ef71b2a,DEVf402834dde5
ACC3291a07658,DEVca649bb631
ACCa07264769b,EDV2a2a3cc5c7
ACCa9c2ca7c32,DEVc3da99d52a
ACC017e0124d2,DEVd0eb65be5d
ACC050cd5aeae,DEV20d0db1cd2
ACCe4203b29f7,DEVfc24bceac2
ACC9c0eacf130,DEV016333d2f1
ACCe57b1beaaa,DVEdc213e24e2
ACC102e63e3ba,DEVe9b57ecfff
ACC6bfd7cacc6,DEV35fd1289e6
ACCd7ebeda16b,DEV02287e9b13e
ACC8403e6f9bc,DEVd26aa294fa
ACC148e31f366,DEV674ae0cbf
ACCed4cdc9033,DEVdae34d8a32
ACCebefb5249c,DEV579019a4e7
ACC3fb65f862c,DEVd4bdf22240
ACCa3be9b7c7a,DEVc959f740b
ACC13c152ed4b,DEV8e6adfe73b
ACCd2c8dd94a7,DEV34180c5cea
ACC5c9ca5c015,DE6V788280c1dc
ACC8f3ab4f0dd,DEVeb9f1af64a
ACC6b5d98be4b,DEVb4e504f12a
ACC7ece5f4eff,DEVd9cb1aba00
ACC13479b240e,DEV6c1F59fd48
ACCa59d4199c0,DEV64c25E6bfb
ACC9ef0b8cb52,DEVe25c6809fb
ACCb7be578794,DEV278617b477
ACC46d1417317,DEVa7ff8bee2e
ACC653631e1c9,DEVmfe2ec6269f
ACC239b6c6586,DEV4c782ce589
ACCe557359280,DEV0c9e8a28d7
ACC2f63076e0c,DEVfd6ded5c28
ACC844003cf08,DEV9a2173f7e2
ACC27b512e7e5,DEV7ca7a9bce7
ACC07b1ff2183,DEV873216e78d
ACC39c17a09e4,DEVaa38d438d5
ACC343ff65ae3,DEV91fdfckbad8
ACC0ed364f9cc,DVe55a16a0bc
ACC445f776ef2,DE9V290a419cf
ACC68b9f276db,DEVeaa865ae86
ACC4db49d57c9,DEV2564a7fd0
ACCedd900147f,DEV3bv5318da31
ACC510194b3c9,DEV69e311a045
ACCb511c5cc52,DEV5a2d8bb064
ACC570866ef41,DEVe88dbcdb5a
ACC97c96558f1,DEVf27b68f7b5
ACC734aae5726,DEV885ab12e07
ACCe4c6658055,DEVf1f5887695
ACCd942689025,DEV4d2c640a11
ACCa6091fe67f,DEVb96076b94d
ACC4ed2737640,DEVbb3020b32b
ACCebe4555e7d,DEV2192227edc
ACCa7d0990774,DEV51587fe928
ACC8c52570080,DtEVa67f720bea
ACC5b5175fc31,DVEf314db622a
ACC06558d2293,DEVcb4cc3282c
ACC1eb86b409f,wDEV4ed3501d55
ACC824c456651,DEV46b2cf2836
ACCf71415319a,DEV8052316119
ACC400d4b6c93,DEvdb3c7c6114
ACC4145120b2e,DEV4e061b4671
ACC8cc6fd6349,DEVc0f23e26e8
ACCb41ef0742e,DEVaE71c68832
ACC56471d536f,DEV75b175c847
ACCfcec406315,DEV553114225ba
ACC205e85a29a,DEV763cedffeb
ACC833fedc15c,DEV53e02ff5e6
ACC6d5b350f80,DEV7934658cxc0
ACC1d41b86959,DEV543884a500
ACC442a136bbb,DEV02f9ed000a
ACC7869b8f6de,DE9Vb619049fd5
ACC105fb02f9b,DEV0b9ff3d43a
ACC0090b1ee13,DEV2bea6992ab
ACCf91ceef04e,DE8V23a971ef6e
ACC258f001817,DE3Vbc022d86c
ACCbadd76d124,DEV5c527d4f52
ACC53b8c61a31,DEVf393e10c92
ACC2409078bb6,DEv8e667a4a66
ACC03f42375b1,DEV10263d95e
ACC737508ead3,DEV4567e438eb
ACC472382ba24,DEv5f4ebde7e5
ACC2da9b6fd43,DEV268566966d
ACC5d81b6d6b0,DEV7142bdf76d
ACC667f35bff2,DEVd5cc7e4ba7
ACCdd2887ae25,DEV64e8ba0c5c
ACC0f2b292b5f,DEV92acd3fbb3
ACCe2e7b272d1,DEV6e0638d226
ACC4bfb132b4a,DEVb52de2e3f1
ACCa6492a0ef9,vDEV35872c6cf8
ACCc8b7e8bcc1,DEV270117e413
ACCe5db6b7bcf,DEVdc5a347f1b
ACC4fdbba83b5,DEV02a2ba0d85
ACC0a5e0ea0d7,DEVfeedf1e7d3
ACCd819651b48,DEVbc02ba5cb4
ACC2fced3e80d,DEV3ebbe92c82
ACC46d91c199c,DEV951bb39eb2
ACC2046475f99,DEV8aebfa0f5
ACC79f5d8d04c,DEV77ef4ee24
ACC3dd0ef6ff6,DEV8978637570
ACCa1a117c2ea,DEVc9359284ff
ACC7d9fbd6d86,DEV9a46e65bb9
ACCe2a83b047b,DEV60185d2070
ACC9c20b267be,DEV097f60219e
ACC29e46e85b2,DEV2e9ad8c206
ACC879c1d240f,DEVfe64j225548
ACC05f6c81c8b,DEV5a07bb27bb
ACC4ec4a401f2,DEVEb8755e90b
ACC14e3be5027,DEVe2995cc7d2
ACC653aa0b4bf,DEV17d14c87C3
ACC8a836087d4,DEV1C81294754
ACCdc9adf7353,DEVf94dc76dd3
ACCb498759a24,DEVd7b2697a95
ACC6c9f63c985,DEV393e5E2929
ACC4b786d68c2,DEV00e95b7831
ACC4021413778,DEVba51c9c4fa
ACC8f081c8938,DEV2ee8815237
ACC348e428dd7,DEV231afab290
ACC0be093e631,DEV2592ad36bc
ACC8703b29030,DEV98489f0eba
ACCfc0b20454a,DEV7444acf595
ACC8743d61666,DEV8c92b2dd9
ACC24242a0ab6,DEVfEabaac0fb
ACCf2e11b57a7,DEVb85bc8c339
ACCbb43dddb27,DEV073f120703
ACC2841bca8eb,DEVd848461885
ACCef82f4805f,DEV9a79845142
ACC677bee1b60,DEV8bf9171fe5
ACCd8ffa6604b,DEV4afct0a7d8f
ACCcf0ff66b5f,DEV970f3d3d11
ACC0bb28a9081,DEV0de5ad48b5
ACCf6619e7a9c,DrEV241578a502
ACCf0eb36b467,DEVb1acc13473
ACCf41dacb155,DEVAf8304a70f
ACC471a7f328a,DEVeec05931ef
ACC0bc3c2b98b,DEVbme9a27334f
ACCa3a54415f5,DEVde1de1a2c8
ACC2c013d112d,DEVb415a79577
ACCc5613dbf2b,DEV2226e08b6c
ACCc840097475,DEV498e4a107
ACCee43632986,DEV02db06e378
ACCb982481356,DEV90ad010406
ACCf48590b7db,DEV8dab14f02e
ACC8fbf0c658f,DEVd8d60a5a107
ACC2ed1ae807e,DEV8853d8908d
ACC09b8e47881,DEvd5976fe7ce
ACCb6113740e7,DEV5917bbd17p5
ACCcb621548f3,DEV4f37a35d4f
ACC3bf4c496c3,DEV995e9e27e5
ACC48f5e05f04,DEV8df760173
ACCd380212a32,DEV5c1d64d23
ACCdfe220487a,DEV4e571df024
ACC5a5648819f,DEV11d6f5f38f
ACCc05b50a33b,DEV5e2fec565f
ACC924e4aab1d,DEV901edff04c
ACCb7531a2b25,DEV9db1d449f8
ACCa54e23c2fe,DEV8cba605c39
ACC0102d812f7,DEVdceaf9a633
ACCaef2063bba,DEV31fcfcb9f2
ACC451aa04430,DEV5b43cc77ce
ACCf3b2f61f3b,DEV539c5f0aa
ACCf4c73e0068,dEV7337e228f5
ACCc4239a7906,DEVc496790148
ACC9c25b9a6da,DeVc8328bd5bb
ACC4734d5da3a,dEV48c3aa5960
ACC6b3815ead6,DEVedc007249a
ACCf1ab0d078a,DEV27012ad0c1
ACC9aeb59526d,DEVc935a8d9ab
ACC12c25fa097,DEVb65f63e48c
ACCbb2577186e,DEVc1ae208088
ACCf74af79d9a,DEVa71072187
ACCa62323eb7b,DEV5fc16bbe9
ACCb3b2fa4760,DEVa2c4cc8046
ACC2310f7c55f,DEV739806478e
ACC9bed6a7dde,DEVf7f7811a27c
ACC9c5d699f81,DEVcfcb9d9bce
ACCabd668f4fa,DEVa01524426a
ACC75d1d5d52c,DEV015e2c1b35
ACC71b37bcf89,DEVab1548b7f6
ACC154e794354,DEVe84a47cf1
ACC980042b51f,DEVd5cd1017a0
ACCc8f87b4361,DEVb6e42296db
ACC2d5b55e432,DEV7904d38378
ACC7b59370dcb,DEV169d8fab85
ACC13655333e4,DE2a1d6af071
ACC0586496781,DEV72c30a5051
ACC0e454aecbe,DEVc13dacba91
ACC0befb2b6dd,DEV4b32c93800
ACC755107def3,DEV4a35d54e19
ACC088e9c15f3,DEV9f3fbd671d
ACCf7f8f63312,DEV45885b3cdc
ACCbe15a29030,DEV0473597c74
ACCa9ffe5a221,DEfV069451e4b
ACC121276bf04,DEV6d29a52F41
ACCb195cdd28b,DEV0bd299d351
ACC48ab16f07e,DEV2655cb88b1
ACC0e76d6a950,DEV390c93dee
ACCb043f30bae,DEV000170dc27
ACC59e017933a,DEV0101837065
ACC2f9b03f084,DEVf69c9d4828
ACC60dfd55828,DEV9cb697dbb4
ACC888f056296,DEV1de959e82
ACC46e38933a9,DEVa860404171
ACC41c032e210,DEV7d648dcaac
ACC3c3adf4003,DEV211dfd1e380
ACCc36dadd716,DEVf166f62b32
ACC3fb48f47da,DEVb0a9529296
ACCb35167268f,DEV1fa120166c
ACCde00751c19,DEV6d5de9c008
ACCaf131f1aeb,DEVb853bc4004
ACCd103aa33d4,DEV39cd5203ed
ACCce318b67c1,DEV2d9a4399c7
ACC172857eed1,DEVd054fbf91c
ACC1971149667,DEV0796339621
ACC353b473ded,DEV7c3f8758bd
ACC0d03ac8e8d,DEV11e590518b
ACC53735c1b6f,DEV12d97f6898
ACC05a6b4df35,DEV283d30cd31
ACC989cf8678f,DEVd7e8547c98
ACCc36e374f1c,DEV25f17e3055
ACCa9bff06518,DEV894dd848157
ACC9078b75f60,DEVa2fde91a2b
ACCbe43c2fe3a,DEVcdebd13958
ACCfc1c73c77e,DEV1ebj647b27e
ACCbd3bb92da3,DEV329a04b7c1
ACCb608910836,DEV7672406eaf
ACC84ca08baa8,DEV52593fc8f6
ACC2db1604c7d,DEV7544ccc02e
ACCe22d3b7c92,DEVd350c61376
ACC0fdedc4998,DEV74dffbddc5
ACC4475874691,DEV4d378ce547
ACC10b9ab0a60,DEVc268c71eec
ACCdc0e68b2ac,DEVc248c36052
ACC64ea4427bc,DEVc63b8e5b27
ACC739ed79113,DEV26ea00fad0
ACC4d1a582690,DEV4c2262e81
ACCc3d9e48871,DEV90eaea2ec7
ACC1f22693172,DEV55b6c5c07d
ACC6b18ab791e,DEV8bfe30b5b4
ACCae930434ce,DEVd0b6a0b29
ACC1d9d8dd26a,DEVbbc95e344e
ACCf396ba7ac2,DEV0b64329e4
ACCba2860bd29,DEV3410ac9d02
ACC69776a8d28,DEV2654b84195
ACC4e6e07df3b,DEV206d879f356
ACC46d2d8718b,DEVE6582442c7
ACCca36f5d887,3DEVf2e911b43a
ACC4e190591a3,DEV8o01f258cc7
ACC4e4f2aec97,DEV33a9e99ba88
ACCfb502e3742,DEV5500413f165
ACC0768848227,DEVe5e89a0dab
ACCf48ed4340d,DEVb51c2af921
ACC7c7ba05bbf,DEV0f0fd533e7
ACC93d76f39af,DEV20641faee2
ACC19f7efaa35,DEV89d652a118
ACCe49c6ad496,DEV3d250ac6dd
ACC51b6461426,DEVe724823dbb
ACC8f29677e98,DEV6d51fe81f0
ACC661ef2bb83,DEVf001d3353a
ACC016145562e,DEV5aa50fdb9a
ACC4445922ca8,DEV8d05df7c5e
ACCd514872eb0,DEdV49402ddbe
ACCdb762a8cde,DEVd8816B99c9
ACCcbe751cbca,DEV7b480942a8
ACC47ce7186f2,DEV3e12fe7d2b
ACC1f77181f75,DEV05a5c6c5de
ACCc26c05dce3,DEVa86b4fdc9e
ACC0f31eb6144,DEV0d91592133
ACC231afecee4,DEV9cfb913467
ACC801ee57d50,DEVa9362ebf5c
ACC72388ae399,DEV03f9094f18
ACC28398403f9,DEVa69c97c2ac
ACCfb8b9c42c2,DEVda70ada46f
ACCe8d127d9e8,DEV053c1d56c9
ACC40c5e17362,DEVc119fb3619
ACCff068696b2,DEV7a70670446
ACC1160ad5ba6,DEV88cd461d7d
ACC6f967563bb,DEV5e65d43903
ACC81d8eaf534,DEVd3876c5ba5
ACC73659c214d,DEV988cba5da2
ACC6e6ebb79a8,DEVe5e2255064
ACC80897adeeb,DEVaaed6e3945
ACC3ece4751c6,DEV58d4754f84
ACC8ab8115d4e,DEV4cb1e1f634
ACCa30d9dfa19,DEV29ceb9db05
ACCb0d144309e,DEV98318f661e
ACC01faf09543,DEV619fca3a6k8
ACC0878837c96,DEV948c956044
ACCd20aa48280,DEV987c5b20f2
ACC2d3250217f,dEV5fa8046103
ACC1db88cbb3f,DEV63ae9ce6d
ACC0600340edc,DoEVd1154fea11
ACC726430666f,DEVa06d2be3b1
ACCeca7509fc0,yDEVc5563b0d9e
ACC8fbb8dfd7b,DEV38ca10ed5a
ACCf53c2df6d2,DEVb7732c42d0
ACC1a34405474,DEV2abe79a45f
ACC5ca6fd6f36,DEVec02d22e3f
ACCc41f2822fe,DEVbcb0ffedc8
ACC1fc4c1742b,DEVa5bD8ea302
ACC1db2daf0cf,DEVbcb85334aa
ACCaa44b37c41,DEV3bc0fd6c01
ACCfccb739bbb,DEV04a8d20f8d
ACC394458bcfb,DEV44b6bd585
ACC88e235903a,DEV9c37554d91
ACC98b10b08e5,DEV893334cca4
ACCb5aecc3a41,DEVa4ca2fa2c7a
ACC8121c9549c,DEV7e8d6fb860
ACC4c331f7137,DEV476b95fa36
ACCa59641c440,DEVfa0389c144
ACC9e5ab71a97,DEVb2776fd7c1
ACC62dcdc1012,D5EV5e08aae369
ACC9c4214a9d8,DEV37d1d597f8
ACCcf00c3ef92,DEV04cd8ba572
ACC8b39cf337a,DEV7d3e141c28
ACC687f56d1d7,DEVe32fbf1493
ACC5ab5b6e427,DEVcf304a5c3e
ACCbeb21e4427,DEV1782c3e6e1
ACC9a2eb8bb6b,DEV2181b344c7
ACCa3a0eb6efc,DEV1c8a40d366
ACC4a86a02a49,DEV92a7f6c35c
ACC876fc4100d,DEV294a03d065
ACC085a2a3644,DEVda1b9eb1b0
ACCc4f94e3944,DEV67e8010526
ACC854bd224e2,DwEV0dbb8e3256
ACCe3bb48d9a1,DEV4c5c9550cf
ACC40a840bea5,DEVf76ca58f68
ACC9a6193d37e,DEVb817820aa4
ACC41ad513b7e,DEV26cf136265
ACC053ae033d0,DEVcec1b9e572
ACCe923611a63,DEpVb8b51d5cf9
ACC00e6f779a4,DEV3f68719b47
ACC94843936a1,DEV525eed67fa
ACC2b6cbcecc8,DEVd8b5835b2e
ACC5e9cf08f9f,DEVd38b8f5703
ACC4de56518b4,DEVefdd4cdde8
ACCae043d6b68,DEV80bd1e24ef
ACC3c8b6ce8b1,DEVcb7b991011
ACCa59b984baa,DEVe839fd2457
ACCf98af0da74,DEV94ce371e3
ACC78d6d9a420,DEVd6e70c497c
ACC3c6f20a615,DEV76c08f9912
ACC7b19b59a20,DEVd21e583f7a
ACCe7a3fbc322,DEV61b0e286a4
ACCca6c77c9d7,DEV9cabca77e1
ACCe18ab6654c,DEV1ae8e33444
ACC19ca67fe57,DEV3046921d42
ACC81157b1c94,DEVde1ebbcfe1
ACCcd78a7a707,DEV29a86e9654
ACC86f965d975,DEVf9b6b38218
ACCd98558a84d,DEV7c8e9e76f7
ACC72f7da6be0,DEV9e839b9a94
ACC29f5e5502f,DEV6f874cC4a2
ACC2379a017e9,DEV206d263a6c
ACC6bb427fe9a,DEVbdC4de3dd9
ACCd6ce3bb44a,DEeV9d6882788a
ACC3fd6101ea5,DEVdaeecd22cd
ACC3ca4efbd14,DEVE398e0314e
ACCba51dee539,DEV7e2fd5a06f
ACC39e5530685,DEVbbaf8876b3
ACC6c760524df,DEVBf680ea38f
ACCa69c70fd4b,DEVfd5fc5f6778
ACC9916f7f9f3,DEV3d6792f7u2e
ACC9d68eb9a30,DEV6b4ed87b97
ACC2fee91fa17,DEV0da4fb519b
ACC3cabd97367,DEV5ab999a786
ACC353c9f8622,DEV79cbf1bed86
ACCe282006a16,DEV67756fa9b2
ACC765c6e88f0,DEV65ff0ed65
ACC4fb964d59c,DEV80001353b6
ACCb1a04c2535,DEV21746831d0
ACC9b212976b7,EDVc981c730b2
ACCa1f5e6cd62,DEV2acfc9b9df
ACCd5e62ff700,DEV79992e2142
ACC9011ca7442,DEV5e052d56ad
ACC707b760a16,DEVfe046ec564
ACCf61afd6477,DEVbf21ae52ad
ACCf5c5daf540,DEV5732eaf27a
ACCf3ce5ccfc5,DEVdcc779630d
ACCa010cf9480,DEV7f1378e69a
ACC7a95f37c24,dEVdd39111b54
ACCa66fad4c7b,DEV5c60a28c8c
ACCd826ea0fb2,DEV03064b099d
ACCd47fc4d5a7,DEV0f295bf563
ACC6ce1ed6f22,DEV5c8e08b9a3
ACC1b23afb38e,DEV3e824430e2
ACC8ee05997c0,DEV2324eb1352
ACC4abab84a18,DEV95a66b02cc
ACCd37d053e9f,DE8V2a0d4c49e
ACC51e5705ab3,DEVc49630342fe
ACC7327ca8623,DEVfe5ca284bc
ACC3c2ee10001,DEV3889ea9d57
ACCe732483cf0,DEV8c51c0ecda
ACCba1b23c2f1,DEV879d04cf16
ACC7afdcc3259,DEV22a7365b8f
ACC9679968436,DEV7f43f629816
ACCf4155096a2,DEVd2f95a9ee
ACC99fab6e2f5,DEV0a402f0882
ACC5d98d85f7c,DEV8925dc1b24
ACC332d6c41d9,DEVde69d660a
ACC97fedf2209,DEV51486a0d1b
ACC0fa174a0f7,DEV64635e4cf
ACC3b2b492586,DEV1329037149
ACC9126f1aa39,DEV525414b39a
ACC80a1640f76,DVEb74d4bc1be
ACCb04de5d562,DEV6d2f4db137
ACCff01712938,DEV0daafc939b
ACC12fc29b3a8,DEV9c3fbd5189
ACCee1754c763,DEV2ebf719569
ACCf3e8fe59cc,DEV85376ba5b3
ACC55bb550c68,DEVa9408c12d1
ACC2c58b16dc6,DEVb3c68e489c1
ACC85b78b2c08,DEV8ad3b8c128
ACC3174196591,DEV77565127a5
ACC986131c028,DEV3ab97102a8
ACCd9a26504f8,DEV5f7e2b67b7
ACC5544b8093a,DEV08a70627d1
ACCa97974dabc,DEVaf3a8e4fc2
ACC9f4a0e8465,DEV9c6d90ce5e
ACCcc0a320c6e,DEVf7c7d609dd
ACC2a0acb9090,DEV799f872bd7
ACC6dfc61d843,DEVed5893414a
ACC704dfb142c,DEV14d5745d9c
ACC86d832a114,DEV34546b6498
ACC2682316a56,EV5765469216
ACCe75d0730f0,DEV328fa01ee7
ACC79f4279318,DEVf310707ae9
ACCd4509a1595,DEV930324a13a
ACC599c62f9dc,DEV5ae87dbffc
ACC337882d407,DEV22f5da1076
ACC2e3b3b2fd6,DEVc8c63f74b9
ACC9f7fb62a27,DEV7baa406447
ACC0731ae221d,DEV1b376b5495
ACC6831a2561b,dEV20fee7cbc2
ACC64b32ad922,DEV533b7e3a12
ACC30c50d05d4,DEV534ea4d2bb
ACC4565945c62,EDV0e5b18143a
ACC9545969180,DEV693974158f
ACC7ecef8fabf,EDV3083a7184e
ACC6ab2a5af04,dEV7901a45da3
ACCa1fa375187,DEVc154365697
ACCdb3609ed18,DEV9fef64017f
ACCd6cca8de2b,dEV7789cf015f
ACCf6505491b2,DEV84404da167
ACCbeed0fcce5,DEV95574ffe89
ACC252726fd7b,DEV8e48069bcb
ACC67c0198d8a,DEV31924153c9
ACC28000fa810,DEVc3a7a6605f
ACC263aa367d6,DEV197cb0f4e6
ACC405a764777,DEV58fbdb1243
ACCd8a1369881,DEV980279fe2c
ACC07f270c6a5,DEV224085a3cb1
ACC06d3dbaddd,DEV313d660bb0
ACC5b5064db29,DEVa88de04ea0
ACC134f8f7bb2,DEVf27d808dea
ACC528f95df5c,dEVfa3f5d8133
ACCbb56289f3d,DEV49b7aFd37f
ACC26c3797d20,DEV768ea65a10
ACCf8335c1f06,DEV3aaDc3c394
ACC9dc40413cf,DEV670b3a53be
ACC696485d8ef,DEV233414ebc9
ACC6b4d22ef1c,DEVc09b0ab148
ACC39ef51849f,DEV59f963f683
ACCb4aa3497ff,DEVd673cd2fb8
ACC057d6a94c3,DEVa183a1afe
ACC2599acb0c6,DEVe10664663d
ACC1d7d498598,DEVf9c4u5b3fe4
ACC6815562c61,DEVa84814e563
ACCe4d7a283e2,DEV0fe3162c2
ACC331be911be,DEVacf26dee50
ACCbbddde5a7a,DEVdaddfd3571
ACCe5c096ad3b,DEVfa8948858a
ACC5bf58d5d65,DEV5e2c584d8d
ACC20e0e5514f,DEVedd9727e70
ACC2dbefc7984,DEV34fad6cda5
ACCacf8787a2f,DEVa3887f967a
ACCf043e85d56,DEV5edcd8ecf5
ACCda6a039fb1,DEVc349ca7b5b
ACCdd7cea5a86,DEV7fe5fb1ad5
ACC92dd49b172,DEVd1af53b8c9
ACCc2dc95eb21,DEV2aq7b59d0e9
ACC8af0169d69,DEVb60781443b
ACC126dfbfcb2,DEVaadf1c6964
ACC0235605285,DEV31600772b2
ACCa4ecd84b0c,DEV2524d0db7a
ACC1a2b8970a3,DEV146fa38oef8
ACC310cc8d902,DEV46bf7f8198
ACC56813baa62,DEV9cd9e3a563
ACC1ad8349c33,DEVc28a5ce232
ACC0daa250bb3,DEVb1cce77384e
ACC0cff1e5be2,DEV3369e7471b
ACC40c1aab898,DVae77ec3f62
ACC5013f67177,DEVFb08d6fa2a
ACC681e1a4ecc,DEV54ff49066e
ACC1365d50c66,DEV4536c1b8ca
ACC500b8b2df9,DEVb03d776f3e
ACCb7461af5c5,DEV859bda4d1e
ACCe1499fae96,DEV775d7e2333
ACC8f44bf828b,DEVef79b0f362
ACCf065ccd124,DEV01df32024c
ACC33f3f6b8d9,DEVd73008efz59
ACC8ba2a1d361,DEV4096747ca4
ACCa639b0413f,DEVc7a10c3a0d
ACC519849e141,DEV70fd00b7a4
ACCb3b32a5ac0,DEV7671f0e61a
ACCe73b4e4128,DEV6e7da3de58
ACC984f1a7fe0,DEV4361e194a4
ACCd0880fa115,DEVde6fea8418
ACCb2cf497892,DEVaf3c01c0a4
ACCa0cb0a0bc8,DEV9b814a6b94
ACC6af562a66d,DEV99f93491c2
ACC3dca1d91fe,DEVb278d45452
ACC9374563c33,DEV4b80f49f06
ACC6e07e6b7f1,DEVb3955d27dc
ACC6cb329f1f8,DEV3f4bfa331f
ACCd2f25a2690,DEV6bc2d1d457
ACC3e2d24c6c5,DEV66978960f01
ACCd0d2e0323b,DEV5091e73da2
ACCc6d700acbd,DEV110e00f831
ACC61d3fab92c,DEV838c217a9c
ACC97af174f8b,DEVa9d18c96e3
ACCae99dc2787,EDV0eac667d98
ACCe22d01c11f,DEV84e8ab5e8f
ACCca2cb4c019,DEV047c360b36
ACC6156f07d61,DEVe3542bccf1
ACCcb3ba5a0bb,DEV37782d6dec
ACCde886c84af,DEV2d5a7e5535
ACC7e6c06c82a,DEVce192b28a3
ACCc799d0f6e9,DEV9d24bc13cb
ACCf3b2f60d0e,DEV5619af6e04
ACC4465241066,DEV020e80d502
ACC374b457879,DEV6bd4b6b823
ACCe52af91c43,DEVa430b9fcbc
ACC0c7061fc92,DEV945bbaf269
ACC4439accf86,DEV5a39e1779e
ACC75e8915533,DEV85414986db
ACC6b431f7702,DEnVe94cf19438
ACC0e6d195b2b,DEV64905x429c2
ACCdeb6093b4b,DEVe395c00283
ACCe391d3167c,DEVae14f146c2
ACCf5726f362a,DEV30a6bb13aA
ACC8a80c84d24,DEV34359dc8de
ACCf79a85c404,DEVfdab42c244
ACCe2bd3ecf97,DEV4160cc29lc0
ACCcc08f6cafd,DEV5a778dcd1a
ACCa1da816dad,DEVe8239db2cc
ACCae8a631fb6,DEVme73d21afb6
ACCe874897ca4,DEV8fabcc1b00
ACC6309bc4d26,DEVe988686ce0
ACCf03ff71aa8,DEV6d42b0bcb1
ACC27d35fc397,DEVd000d7618e
ACC5463b9fcf4,DEV59ba0c016d
ACC0093f9b402,DEV63f56ce4d7
ACCeabd2c3f20,DEV5ae7973a69
ACC47cb44feb3,DEVcfc07c3554
ACC173dea870e,DEVfd86dd1285
ACC3b07f316a9,DEV33da1fa077
ACC412a49fcd6,DEV1da4f4dc7a
ACCd0edc9afa7,DEVb259c82fbd
ACC103c44227a,DEV2f16fe0a40
ACC6178889f9a,DEVe810bd4876
ACC9576c4fe13,DEVcab02ecfab
ACC148cf13129,DEVad7d85fd72
ACC9f953f8f9e,DEVe361bf2302
ACCcd0d0a1b05,DEVf9ae02d5e
ACC7c675d3ba8,DEV912a59c938
ACC9d3f48a0a9,DEbVe40413ac4
ACC9bde9db70a,DEVdf7f59e0a
ACC745cd4a8ce,EV2805f84db3
ACC3455efbc26,DEVd3cb39c8f3
ACCfeca90093e,DEV584eae75e
ACC4f3cd88a33,DEVEf76f979ba
ACC6e36832374,DEVa982985fc2
ACCed59ef13a4,DEV0d5e01a54f
ACC9e2c6a02c2,DEVc56207abfa
ACC39b6598fe4,DEV92173ac16
ACC65db9dd1be,DvEVdf1ef0b915
ACCed1360e673,DEVf7e9cfa6781
ACCcdce507f8e,DEVc82c7674ae
ACCb3f738b3b9,DEV170ef060f1
ACCb42f7fcf7c,DEVa494437Ce0
ACC78b239fa08,D5EV00905ad83a
ACCbcec451db6,DEVe1dd0f64c6
ACCbb17c2b70f,DEV4932b236ae
ACCf21d2def91,DEV19354d0e76
ACCf2d21f6080,DEV02176878b1
ACC2c171710e5,DEV571989e589
ACCd04383fd6e,DEV1748772138
ACC8f5d0fb5f8,DEVbe57ed3b17
ACCaed6bfc728,DEv4f10700af3
ACCaef79f9838,DEVba108e7d7c
ACC9e57e293f8,DEV668895026c
ACC2e40633e3a,DEVcD6fad8931
ACCe6b2a691b0,DEV101e81efe
ACC2b2b75a328,DEV41234a0ed8
ACCb21fefc439,DEV3eb2e12dd
ACCea1d23800e,DEV2816f8d5cd
ACCcee7e83896,DEVc536236775
ACCa121239dec,DEV8263797313
ACC422ec677b3,DEVdb4dbcdff
ACCb6dbc6ebaf,DEVe3dbA271e9
ACCe7927691cc,DEV7ed046137
ACC9239912fed,DEV2b43651710
ACC4fb980cc21,DEV77f772a4c2
ACC3e466ce228,dEV53d461b410
ACC928eee4d84,DEV42963f991d
ACC94fd9eef49,DEV837735f7f
ACC5f13b15eeb,DEV61ad4e8b5e
ACC86d271d6a0,DEVda46d73e09
ACCd18f6edd72,DEV7636840e95
ACC625e5e217e,DEV2783afb5d
ACCf85ef40acf,DEVaf0a2186d
ACC146d7fd9d0,DEV1b2b74f5d4
ACC31b60d4867,DEV9d088df91f
ACC468aafaa66,DEV230bafafl57
ACC2299e81189,DEVf6100af52c
ACC4eddd009ae,DEVdb632f378b
ACC5449a92299,EV06aa86971a
ACCa2fd241a35,DEVe1cf75125
ACC83e95ce3f7,DEVe47f2a46c
ACCccabb6a258,DEV5c567033dc
ACC2b64da3eda,DEV4f2q3a1395b
ACCab945b1ad7,DEV69fd90a5bb
ACCd1ff42c473,DEV572929733a
ACC6fa54ff626,dEVc6c8470df9
ACC611978419d,DEVab7e971755
ACC984cb37aec,DEV5f117a3885
ACC6ba784c00c,DEV431v8e3ca13
ACCf8a1599bb5,DEV127e4a8c42
ACCb19657c9b2,DEV6f3916cc93
ACC3caaea36e3,DEVc783b188c9
ACCb7c947759e,DEV89489f0856
ACC75a7e49765,DEV5cc00aeeaa
ACC95189961c9,DEVc76512990a
ACC4d08739731,DEVa4925561a1
ACCbfae996b82,DEV4fae4eda5e
ACC3139ee789d,DEV0d074d85Dc
ACCf90fbfd1a0,DEV9aa69e46c4
ACC607bdc2c56,DEV0e54f10142
ACCbaa3da627d,DEV2030ed08e
ACC9c56d3f039,DEV3f19509f777
ACCd86cb9468a,DEVd21ba710d
ACC2326ddfaa7,DEVc7dec014ec
ACCaf3d2e5ebc,DEVe93f4b34c7
ACCb2aec07676,DEVe374b74743
ACC142a7ae290,DEV64381c9a9b
ACCf9e30aeba3,DEV8e131b11e3
ACCaecd2d38ad,dEV119a770f90
ACCd7df6136e5,DEV13317b2b11
ACC31159db2b8,DEV5e31c8803e
ACC461121c067,DEV3dd6b41d75
ACC385c4c92e9,DEV9d6739fe3c
ACCe1fe33c866,DEVb44f172734
ACC75dbf88069,DEVc2e9f711d4
ACCfa75ef8c75,EDVf0ea89cbf3
ACC64924435ca,DEVe88bdc3696
ACC53243bc08e,DEV40ec69bfef
ACC189b766e9c,DEVb9052e4803
ACC86ba9442a0,DEV78w90c2f648
ACC2502194192,DEVa1020347c0
ACCb0b15c3dc4,DEVd1f420b346
ACCa7e91426a0,DEV2aa70cd1a3
ACCbd439450da,DEV0704cdc77e
ACCdf54ebe570,DEVfa27af3e96
ACCbe3a65b538,DEVe22ee3bac9
ACC063feedc18,DEV668600fc85
ACC705a8d4acf,DEVcdf89b085a
ACC76650b5911,DEVa504040d6ef
ACC947d89b877,DEV77c0b6d481
ACC53fe8eb3b6,DEV2a08bcacdaf
ACCb039276cd0,DEV1957d9f21f
ACCd39b9a815e,DEV74Ae9c897f
ACC4b38e1260e,DEVe18b7473b7
ACC58ef25a98e,DEV68899f1a25
ACCa9b62283b9,DEV7098087927
ACCbb1a56cf46,DEV27df707b5a
ACC99648e327b,DEV19a03cd60e
ACC847c7ffba5,DEVb246f9acbf
ACCa94cb675ce,EV4cf2495847
ACCd47fd505c4,dEVadb18c0836
ACC1c92b1ff94,DEV87c6d2b51e
ACCd04e75a1e5,DEVa8d5b24fb7
ACCed8e2f2a27,DEV34978c883a
ACCce304732cc,DEV4ea268B92a
ACC8ce1fb6c4b,DEV62adbf400e
ACCca82fe05e5,DEV971695edb0
ACCaebb7e7893,DEV71b0495dcC
ACCfae51fd6fd,DEVcc612830b2
ACCa8c23e1bc7,DEVc66bc738b
ACC2cd02336aa,DEVc24524c3be
ACC00f542f650,DEV0af7cdf798
ACCdb7489932a,DEVce407f2611
ACC14b5a55281,DEV45fe5f91ed
ACCada1752f43,DEV17b501a43d
ACC5983c8cfb2,DEV28dfd18e8e
ACC1c1cbf12ba,DEV4efd5aa4db
ACCe9ef9a1c9e,DEV8fc5bb0529
ACC92a284d1a3,DEV79b0cc919
ACCb532e88b62,DEV298f8a6bf4
ACCcfdc11a37f,DEV40a05f3a6
ACC664bc0a6b8,DEVd8e2d179ef
ACCc1b74be988,DEV11290e31cb
ACCd65d6dd65a,DEV131489e6fe5
ACC4065bdad7b,DEVf1adaf249a5
ACC2ee8557228,DEV28935b98aa
ACCe20a082234,DEV9d0ded754b
ACC42fe56771a,DEVc0531c4d22
ACC4ab47ec835,DEV77d370ca10
ACC31eb0ab40b,DVa1d299690b
ACC2a857c2873,DEVfa541ed289
ACCedad12dae5,DEV30a7842190
ACC6af2359f3e,DEVf4aed852c2
ACC3b6e637f94,DEVfa14u871224
ACC712d2f01ed,DEV1a1034cvede
ACC6ba6b8e0a8,DEV666dcd2d29
ACCfd05629967,DEV1692b07ec1
ACC27bc70a8dd,DEV49530bb7a5
ACC8266fc46c3,DEV0efc0dc53b
ACCfa7705f061,EVff6123a5a8
ACC2136c88bf1,DEV50a0d984b0
ACC0263c3b72b,DEV0693f72b74
ACCa415bcba38,DEV4847cedbcf
ACC440507978f,DEV3ea36b203c
ACC17f82d9d8e,DEV2c46f3d16
ACC0be70d9b54,DEV0ib8ee5f25a
ACC2bac8e7fbf,DEVfc9fa6bfb4
ACCd658ef8bd9,DEV0d97dab2c5
ACC18805297dc,DEV0a4b111654
ACC223d08c517,DEV30116b3f0
ACCd060c911f3,DEV8b511ed848
ACCdaa72ea40f,DEVb9931c31d8
ACC8ef8de1a6e,DEV8d53c6e4ae
ACC140e4f0c7b,EDV4cc339a7d6
ACCd10ca64698,DEV093960c9ee
ACCf4f8e7f8f8,DEV21987fd725
ACCf9b230bf7e,DEVc5ddb20f86
ACCc59522a00a,DEVc9c35312d5
ACC27576a355a,DEVf554d9ef12
ACC7890b5e891,DEV640cdad372
ACCe8ce2ae0f2,DEV297b46e7ed
ACCbca3123bb8,DEV4af2362a7
ACC41acce8dd1,dEV51e77404cc
ACC4b2826c128,DEV1df04b6159
ACCe0bac95e81,DEV1930362434
ACC639499bb9a,DEVf616eddaec
ACC7f50cfc3f2,DEVb828f8916a
ACCe58c6a597a,DEV8eabc40c12
ACC9ef3532ff6,DVE27f4e94b31
ACCb5c2a085d3,DEV5dfc28cd0
ACC42b92788dc,EV460f508ccc
ACC2a16ff0d40,DEV9b87cb6749
ACCe8709463b8,DEV32d8243013
ACC52842c94da,DEVcb5845e81e
ACC9111e3ec63,DEV990d50f54E
ACCfb2bf1dbe9,DjEVcab0fa989b
ACC6c837f310a,DEVb9454dcb2
ACC0aa1f32359,DVEc2cf9b4a5c
ACC5b71d86357,DE5V56d3a9cfc6
ACC72d9a31f17,DEVed54c81af4
ACCa28dc2563b,DEV3c2fff48e
ACC847ff12195,DEV29f9ebacac
ACC6c36f6db69,DEV49f1c6deu91
ACCed723d9eef,DEVb8b23b04f2
ACC331f8186c6,DEV793a1b32f9
ACCd5be9e49b1,DEV21e482c9a5
ACCbff6a881ac,DEVcc0afb14f
ACC08d64883e1,DEVf64a0f8273
ACCd01152b7d0,DEVc7710c6dd8
ACCc01f51a016,DEVc0bcc250abf
ACCd714eade0e,DEV438b7d40f8
ACCed84f7f551,DEVf3e41a9b33
ACC5e3b45e57f,DEV4009960294
ACC0679292a59,DEV9bd7c5449d
ACC054c27233f,DEVe80dabec86
ACC33c5569308,DEV44f032347c
ACC5fdafbf210,DEV690d2f288d0
ACC1e229a2ee2,DEV243b824750
ACCe17f904410,dEV01f99edcad
ACCe26493c44d,DEV971a481800
ACCa1be4e8d5f,DEVaf3b98867a
ACC5adfab7517,DEVeb5d826578
ACC5a86415bb4,DEVaafceadcfd
ACC31dce4dcd1,DEV497208b579
ACC8d53605ff4,DEV99d45a6ac9
ACC7bc5b175d0,DEV301494c59
ACC4ca9f1c5e0,DEVc4b616810
ACC2f5676c698,DEVB56f923391
ACC9282dc32ad,DEV97c4832832
ACC35a8eaac1f,DEV5cz5c0ec048
ACCf1079b7184,DEV70d9cf48C1
ACC7d1d96c580,DEVc4739d0756
ACC51f6b3d661,DEV7813b9ae9b
ACCd114b9c4b9,DEVcf8f734e6b
ACCe8f39938f4,DEV0e86f3a9f1
ACC807afee9b0,DEV4a0cac7455
ACCc997819147,DEeV7a9e63d06
ACCa301a43fbc,DEV3d4fe8f809
ACCe26e6e62b7,DEVd83cb9a56e
ACC67482f57c4,DEV3c9b2097e9
ACC0b5507df48,DEV783d5f979c
ACCdecd876613,DEVd730816e6
ACCc60c44d846,DEVa22739e3c7
ACC6bb7834839,DEVde77550da3
ACC353c9da7bc,DEfVa82bd8e9b
ACC8e03a5878b,DEV6b88305f08
ACCf2b2da877c,DEV8f0297699f
ACC67bc831f26,DEV6cbc91b6300
ACC5e33235ca7,DEVfab64b598
ACC0a3934a1f6,DEtVba32059e83
ACC016c70b2ec,DEV228cfdb1ab
ACCc9125660a2,DEV062fd37e47
ACCf2a9a5f732,DEV1dad5dad4a
ACCe99844d66c,DEVa7224e34f
ACC7c5309d978,DEV97153187e
ACCd3a28e62ae,DEVa2fa7f35d4
ACC043c5ff8df,DEV2a1cb9ed21
ACC4542fd14d0,DEVe2426Ed4f2
ACC8a6d5ab80d,DEVf2f37c402e
ACC2709577b01,DEVcd478861d1
ACC6cdb007ee7,DEVa84a92e69
ACC5041f83c58,DEV5ce2af4605
ACCca291a3525,DE62e16c053b
ACC28fbdbc3f7,DEV6208874a25
ACCff4e046542,DEV6f746aff31
ACCdc54ea9925,DEVe1d4e1b18c
ACC97f76899b8,DEV28bac227ec
ACC2fda970a71,DEV22a17537f9
ACC3a5e583b08,DEV5ed5c74ba0
ACC850886bdd6,DEV500a26e9b
ACCd9a8a81426,DEV3f3620ca08
ACC695b56dbd4,DEV7c62d56a73
ACCa5b69e5dec,DEV289679e6a4
ACCa20e569f98,DEVr882527546b
ACC69104aae41,DEV75a4c9a9b6
ACC1dfd13df03,DEVc4e7424931
ACC4be359effd,DEVef35e73735
ACCedc02af05c,DVEb88d923b8e
ACCbefd7de046,hDEV258a0020fc
ACC0678bb7444,DEV72b3cc2a88
ACC5ebf5e7983,DEV826994a9f3
ACCbe501aa221,DEV53b711727b
ACCf7d3cdbefd,DEV7d5498859f
ACCec52702c2e,DEV62349faa28
ACCb88f00125e,DEV20ee55a466
ACCa11af08b2c,DEVfe520e97dc
ACCe3cbf15457,DEV7aec403229
ACCf47998394b,DEV4b6ef7be52
ACC6a49b848fb,hDEV4ebcf85383
ACC1c66e21f2c,DEVe6296e49da
ACC360cac2fb8,DEV4d19cb1e06
ACC90c00e7f51,DEVbe87d944c4
ACCf19ec19ec4,DEV4f3a691a18
ACC4a2e7aeb0c,DEV12d6185fbb
ACCa3f0284bfe,DEVfdbefc386c
ACCaa2b428357,DEV78ac6abee
ACCc3e50ffe19,DEVbb9188897
ACC5791b3c42a,3DEVa8f4681d5d
ACCa0fbfdec68,DEVb6n0007084d
ACC88454a3969,DEV026cc6753
ACCdddf3bf3ab,DEV3330f4abb0
ACC3605799194,DEV0187c05ef9
ACC944b8aff41,DEV8f31689ad7
ACCef6e89f922,DEVd8d229cf37
ACCd99948d549,DEV8b71322e7
ACCf61477ba6b,DEVa8478ffea9
ACCfe412a161d,DEV14a96e75a9
ACC6638507dff,7DEV5c0dc015d7
ACCe03b132892,DEVfdce5f97e6
ACC00f243fbcc,DEVf96c32d78c
ACCc35c6b76aa,DEVe60961531a
ACC2df0ec4ad6,DEV8215c8b1f3
ACC08c3e190dd,DEVca8d7a6f49
ACCd43a5cf083,DEV52ab8bb015
ACCb4309c003a,DEV62ae28feb5
ACCb5ac764c56,DEV57f07a366f
ACCf9f1f2d9e7,DEV4aea6e3507
ACC97586130ec,DEVf2b5351f38
ACC710622f5fb,DEV5c36c55d30
ACCfb0b0eb9fc,DEV045831cc3c
ACC90f4982fee,DEV9837bd11ac
ACCc24751fe52,DEVe8c3bc2bde
ACC2df4fe0e9b,DEVd480e62715
ACC290064474b,DEV80df62e4b4
ACCdd9f087c0c,DEV89ba287da4
ACCa03bd79bec,DEV2039b65201
ACC3bc36c5e5b,DEVd455299234
ACCf28ba9d9c8,DEV4509c28a32
ACCe4e2f78e40,DEV8170cf5b41
ACC71c890f50d,DEVcb930b8a1
ACC97db8e9d93,DEV7011850799
ACC062cbfaca1,DEv22e914d06a
ACC42eaf084a9,DE1f7555cb9e
ACC26888e31f0,DEV290d98141b
ACCe587e2ace8,DEV7037a8e25
ACC1a89c67004,xDEVc6d443d165
ACC7adaa0447f,DEV4b5de6c614
ACCd0bb4ae414,DEVc881484284
ACCecf799a1a9,DEV7d10a27da6
ACC0364626232,DEVadF281293a
ACC4fb5ba4e31,DEVce6e535452
ACC753b656e40,DEV6ea8ec5884
ACCca5189671a,DEV2babea288
ACC0dd1a28074,DEV1016eaff9f
ACC2673818bff,DEV14a8cedcc8
ACCd83181dcbc,dEV5b44c8caac
ACCcb0744dc47,DEV67878bcA01
ACC26edb7a2fe,DEVcd041c7374
ACC55d4a06b79,DEV02e860fb88
ACCc210b19e7f,DEV8e4f7db3c6
ACC4033203c55,DEV3ba20158ad
ACC1242183c68,dEV936a099698
ACC35a53d03db,DEVa8da5b045f
ACCa29e1c6dc8,DEV6d433ceab8
ACCe1929c5c31,DEVeb320be8b57
ACC4b2505e5d3,DEV2a06c8e8a3
ACC2bbfbc530c,DEV07afa79942
ACC2563863559,DEVa9e6d6cb4d
ACC869b89e40b,DEV59f5d4edBe
ACC6071014890,DEVaf7ff5e482
ACCffe909e3d6,DEVc08db52c8b
ACC7b0a75ddbb,DEV7e69ca423e
ACC473d22ec26,DEVf7a5070bb3
ACC19a11246b0,DEVe14655f4d2
ACCdf07515c90,DEVff8d3b86d4
ACC45e73e270d,DEV2806067ddf
ACCac256da449,DEV226ab9afc1
ACCdefb3cfdc6,DEVec9c07a2bf
ACCb0c60f0da7,DEV6Cd9578eb3
ACC24208defaa,DEV661d045976
ACC2ebaf2810f,DEVac3f36b51f
ACC24b448418f,DEVd51fb56002
ACC0e6314e23d,DEV4474578204
ACCe701a067db,DEVd13a637298
ACC4650b24275,DEV800775c692
ACC35fe5b2c83,DEV216b4e7ec1
ACCda7f31c3d5,nDEVbd8f491860
ACC947375aaa6,DEV7b6cea35a4
ACC98a24cc094,DEV0a645597d
ACCc2b5d496b9,DEV7bbcf028d2
ACC0535b4b376,DEVe9d95ae3Fd
ACC90933e6b10,DEVea8c3c48f0
ACCa1f7f79386,DEV5d577f24f4
ACC6d30bde7d7,DEV60f3abf5c2
ACC115fb594ad,DEV09ae97e65b
ACCa7722381ac,DEV40d2e9d99f
ACC48d46a147b,DEVfafb5f3f28
ACC44076098e5,DEV7209d0df06
ACCc934101529,DEV3855ce91a3
ACC8a6c2b2258,DEV568e468629
ACC4acf16d902,DEV67b92eb0a0
ACCc7cbe1c255,DEV3ea43405ac
ACC9a78d80365,DEv80362e741c
ACC16b4b8ceeb,DEV0623cfd98c
ACCdeaf861293,DEfVf4cacb4222
ACCf0a878f7a0,DEVae81bb301d
ACC9b6860428f,DEV9c09fd68add
ACCaaa65432d6,DEVc9z1ddd9d61
ACCc31db44c62,DEV201fl7297e4
ACC9151579a0e,DEVo31eaf9fbe7
ACCdbf78664fd,DEV6ab0cf689e
ACC98313b9079,DEV2198df4f3f
ACC14dbae9401,DEV0f703c6eca
ACC79ad7964f6,DEVcafcf0275c
ACCe4b36b6d23,EV76bc181022
ACCd58565fb54,DEd26c80cc90
ACC53eaad19d5,DEV205bc48917
ACC9ff22d57cb,DEV598bb94c95
ACCcff97e5592,DEV4dd3e39697
ACCdcab4a1e26,DEV55849c7737
ACC121fc8f947,DEV56b29573f0
ACC6e82ff0464,DlEVe439354fa2
ACC09f59e146e,DEV9ef8a47ea7
ACC8a417decc3,DEV70595b3d02
ACCc5791b05c1,DEVec3eb473db
ACC1ada915f28,DEVe649a79f96
ACC86c69f88ae,DEVf8c7fa8396
ACC35a9b5de0a,DEVbe3d25847d
ACC2ceaa0c5ce,DEVdcfca7b1ca
ACC9f97225cb0,DEV21f68a5c8d
ACC9b07735703,DEV78f01f9c0b
ACC64b911c0dc,DEVb10c7c9908
ACC722d01f5b0,DEV295359f40c
ACC8ef566aeb5,DEVe826f4f656
ACC6184f58ae7,DEV528ac1dafc
ACCa9d6e8b711,DEV75c0e36ee9
ACCca7b67a8f4,DEV33e14d3fa
ACCfaa1b9f135,DEVc05788b0c9
ACC2cef095029,DEV5b044e0F3f
ACC75de157318,DEVfafb5f9edd
ACC18bb6b2ec3,DEVe0df5d3347
ACC3214e0c9fb,DEVb2e89c0bd2
ACCc421cad154,DEV4244285c8f
ACC805ba2028f,DEVacddc31d1
ACCe3a38929c4,DEVa5934e0ae
ACCfa0f17548b,DEV38f3bb6043
ACC26a089f0d6,DEVbeda5d1e0d
ACC3380f93e74,DEVe789784750
ACCb578a35d98,DEV0b6e1f16ef
ACCbf183215a9,DEVa822v3c4bbe
ACC0ea309a797,DEVb4e2ebc49f
ACC9159b1ed41,DEVed4735696d
ACC69765b6ec7,DEV3e292bc678
ACC2bc3d11954,EVfa9b9cc2a2
ACC4b795b11ba,DEVabf912e6c5
ACC86c0dbeb0c,DEV08ed6394C3
ACCe3045c4d6c,DEVf2183d0cd0
ACCdd15bcc6e0,DEVb1ccf3d774
ACCc47405ff4f,DEV8c4e9a4f8d
ACC8efbca4449,DEVffc908befd
ACCd39272f259,DEV305c664f4
ACCc82b88b9f1,DEV88ea30ada5
ACC7ad49cf6a6,DEV223447d2j45
ACC7aea7d19e0,DEV6af0c8302e
ACCb2de764941,DEVe2b2492c46
ACC0fc20add6c,DEV567e1a7443
ACC9fd632eefb,DEV2954affea6
ACC775ee863b1,DEV590e2235e4
ACCfe9919e313,DEVa2db84bbac
ACC761c92088f,DEV866c1c3e44
ACC05ac41b861,DEVb24b55444c
ACCc8e216be9a,DEVf01D7fba60
ACC3c99fb1d3d,DEV94f2bb49d8
ACC413de49b2d,DEV48813debc3
ACCca5814f943,DEVe327590d39
ACC5e00d06438,DEV9559cc0899
ACCaf9f845ee7,DE3488707dfd
ACC21d5510a00,DEV591d2e6d0f6
ACCfffd622b15,DEV7b366eb349
ACC8dfdc63c2a,DEVdde1dtc619c
ACCe9bf18b0b0,DEV350798870f
ACC57d89781dc,DE6Vc494522fb
ACC775aac23a5,DEV1aa45f6b72
ACCaa35c7aa66,DEV13ce47124b
ACC602fcf0d23,DEV43cc29137b
ACC90c50e0bdf,DEVeb21ca8da8
ACC2838969138,DEVa7551776bf
ACCaf8c26e803,DEV4c7b5f030b
ACCe447aaee7b,DEV7d213b9c4d
ACCb5f6571568,DEV3f27c783a2
ACC7d47497ee5,DEV427d336022
ACCc4024cd2e3,DEV0be18v58d50
ACC1f67014597,DEV234b2b1f5e
ACC1ab40d8aa7,DEVdeaf8f6935
ACCd7e4fbd7d3,DEVb86249d712
ACCeca7a94c70,DEVbeed897f93
ACC1bd22bbf76,DEVc4975dfb05
ACCfcf601a23d,DEV1d34430a10
ACC806770200a,DEV5a2e3cb015
ACCcf1dd52974,DEVdc1c589546
ACCfb2dd95d84,DVc818dd7c3a
ACCa52398778b,DEVa2ce30632b
ACCca8e2a4a24,DEV37a2df8e10
ACC34b2454299,DEV4cba0e4c78
ACC99efbe4f63,DEVed8ac609c5
ACCc84bd2abf2,DEVb3ebe11c2
ACC76b2925003,DEV1aef13acb6
ACCf1b2ca7b43,DEV9d0f6eee0e
ACC1b7b9cbd98,DEVe308f6499a
ACCfaa85a79ae,DEV220eeae604
ACCb48e5ee8f5,DEV6b1445dded
ACCf049a67df9,DE1b715264da
ACCde5385716a,DEVbdc05c63e9
ACCe49bae95fa,DeVedbd2254ee
ACC5abeff3440,DEV64ddd6af38
ACC863db76361,DEVe89aee52ee
ACC84c7caab80,DEV0fa4b38900
ACC60ca2cd781,DEVdeab9487b7
ACC8e22774dae,DEV550f29c450
ACCbbdd4d2d84,DEV940da93801
ACC26c65b7c34,DEV96a9c70a54
ACCbeda5e0b97,DEVddd8ec4dcb
ACCfd050f4119,DE000dc4f668
ACCd524108c5f,DEV0f1e2482ca
ACC39b0a93bc1,DEV0a7055f2f8
ACC8e626d6ff9,DEV80be12e6af
ACC01f7d962fb,DEVb153d50bba
ACC80c54c9638,DEVd1cd3c39c
ACCc184d36b6c,DEVda825c7276
ACCb14aaf0dfc,DEV9004ef8089
ACCfa81804e05,DEVdd10bb6c18
ACCdb0d180a64,DEV9m4749f573d
ACC83abd0bf0b,DEV22736l7e517
ACC5c48883c86,DEV653018470
ACCc231f51cfe,DEVc4cd04b223
ACC323a8bb89c,DEVeb760f3cb9
ACC82f3163248,DEVf213277f19
ACCf6713577af,DEV5e5z9fa1aa6
ACCadd1bcc08a,DEV4b27b17375
ACC894cd76dc9,DEV196e8f7eb0
ACCc9059350a0,DE9V726359b92c
ACC5c2c55af47,DEV6da78899d9
ACC4219485366,DEV319v524aa57
ACC25e0fe934d,DEVf9e7489323
ACC2a98decb09,DEV7f196da02c
ACC066d49a9f8,DEV61ad3372c7c
ACCdc33a9ae6c,DE0V3d2162ef7
ACC54c862716c,DEV99dc319a3e9
ACCa68848e928,DEVe4dfa520bb
ACC2311314f13,DEVf5a1ce3d5c
ACC47db90f352,DEVac11401452
ACC9260b2d034,DEV5c98df918c
ACC7cab084890,DEVe88e45464
ACC20ac262726,DEV71963f0e05
ACC4a935f6637,DEV25e57866f
ACC7054d032fa,DEV2e6c548a07
ACC546374a548,DEVffa7d9134
ACC258c4c1faa,DEV0aeec124d7
ACCe36e128f43,DEVefd00aa4c1
ACC3bf499e7c2,DVE43ffa9b8e7
ACCb7096c4de1,DEVe2291a87cf
ACC8606d90fdd,DEV421cf9268
ACCcb523098de,DEV059aa079fe
ACCeeb227f021,DEV7b1b4c1895
ACCb1ca8589de,DEVe0d64315f1
ACC1546ba50a3,DEVb09cb100ee
ACC607e935714,DEVca5e5dD523
ACCcf46fd1268,DEV324ae9777
ACC638b15a9bc,DEVaf16575163
ACC5b684e6e3b,DEV36B230d9b6
ACC57e04d57fc,DEV5aa5fd0496
ACC080122a028,DEV11a4767ce2
ACCf22dba69bf,DEV7f6238cbcc
ACCcc528b33ea,DEVecbdc71ea4
ACCda15a3e36d,nDEVa3dd86f710
ACC4c5c9e02de,DEVc66b8427b0
ACCab59bc1820,DEVf74966ac77
ACC317c0be397,DEV6e7402fb69
ACCba3f730829,DEV6d35fa53455
ACC2df658271d,DElV45c4b53bda
ACC2a61150566,DEV688485a56b
ACC6d0eed0bc6,DEVa7aa869ab7
ACCba19760047,DEV4d74404e99
ACC189af6275a,DEV42f2a85a9b
ACCedc1fd848c,DEV9e9eb4229c
ACC01b397c991,DEVcaeca5e18
ACC6226dd274f,DEV9fccb237d9
ACC85f36804c6,DEV7f2f55c1d4
ACC433664cfea,DEVe0a61ac78e
ACC6f36fae0dd,dEVc400c41650
ACC4e3fcc8c1f,DEVbe47533d0f
ACCd7e0f53647,DEV16ea7fba0c
ACC6f3db0da76,DEVe7fb07c128
ACC49c3718d23,DEV292d5aab81
ACC0a6932aff5,DEVe53d352953
ACC2f3fe38c79,DEV234f3dB068
ACCf6ae94510f,DEVz96899600e0
ACCc10a6ce7d4,DEVd861d7ee84
ACCe24794e59f,DEVff6fea2125
ACC0b114c23aa,DEV0A54c6e3f9
ACC61ebdff7e0,DEV88d3b31773
ACCd101b177a5,DEVd5a7e2e8d1d
ACC56033d9c62,DEV0af353b59e
ACC51d53cd694,DEV4med98a08f7
ACC383cf62aeb,DEVedff9f0502
ACCa09d48fb1c,DEV0e66c112e0
ACC656b9039b3,DEV5557e1a8c1
ACC88e8f3ad08,DEhV454e76ddca
ACCe4537c7af9,DjEVf5925b7566
ACC028093e926,DEV8fab7db4d6
ACC73cfe48309,DEVaaf3c2ee7c
ACC19092b5c5e,DeVfe6687a9cb
ACC0715a124f5,DEV215a00be92
ACC572c42015c,DEVaa527b4f8b
ACC055f02e12f,DEVc9bfa8E337
ACC87efb6bc36,DEVc16384a0b9f
ACC7df1b1ea05,DEV6027ef531a
ACC8432c00fa9,dEV71740044a4
ACC1880cad515,DEV710e02d9e7
ACC2a2341c15e,DEV5c35e2442f
ACC4672155c6d,DEV4dd648dcb
ACC8dc0a66d46,DEVl7a27fdb962
ACC2007357e37,DEV4adc2035c6
ACCda87b7cfa4,DEV2c76c66a6b
ACC1b91385a38,DEVa6097935af
ACC7f8643bec4,DEVu2ebc049468
ACCb2234c9b89,DEV7f445e2d8b
ACCf9947f5ee0,DEVca8cb63cb7
ACC2f13881407,DEVa4e2d824eb
ACCc70f8547b5,DEV31aa85cf3b
ACC50acd389ac,DEVc36d31B200
ACCfc6ac955a8,DE2Vf44230384f
ACC1d0024a429,DEV900063e76
ACC0bcb5675b4,DEV68f5aa0dbd
ACC62784d7867,DEVeb074daca95
ACC9d1b98b060,DEVf8652eb16e
ACCa3ec751f16,DEVade2579a55
ACC1974a37841,DEV62a6ca2f07
ACC18a92b3641,EDV6541186c66
ACCa183b5a502,DEV8erd49db234
ACCdce1cb05be,DEVef61308893
ACC81a509171c,DEVa10bade097
ACCfdfb715f4a,DEVc9743069c
ACCfeb8b0ca50,DEV149a7cc0c5
ACCa75302f2e8,DEV675939697e
ACC1884b3a557,DEV3d4dd868bc
ACC2a9d4290e6,DEV5c91c060a0
ACC5fdff770ac,DEV717743ea9e
ACC28d091165e,DEVa2c6a03b39
ACCdfd09a7b8f,2DEV1035f54082
ACC640b379567,DEV8baf6f219b
ACC261040a89f,DEV8e2d62b531
ACC313dd423ef,DEV489789120d
ACC87ef5845e9,DEV974bfb4a05
ACCe96ae2c5bb,DEVe739e43f5e
ACC7436162e3c,DE05cb54abbc
ACC1898b2036d,DEVadeee48c47
ACCbff72b27d1,DEV60b53c10e
ACCe39030265b,DEVc4611654ce
ACCd022d15f8d,DEV2038172d4e
ACC26f1398bfa,DEV94cb1a7392
ACCcad987d7c6,DEVca4d430023
ACCa311f45e99,DEV921a6499e5
ACCff0e33da15,DEV7040cbe5e
ACC084b1c365c,DEVcf34b76483
ACC4c0cc88c3a,DEV91336472b4
ACCb889699528,DEV0eb7db41d8
ACCcf7a083820,DEVd150e6979b
ACC445fec9169,DEV4ca76d7ed4
ACC5d8c363171,DEV137d26d09
ACC17cd23b06d,DEVdfb3f661B6
ACCe0e9e4f84c,DEvaf68eac39f
ACCc59860ff15,DEV1b9d61ed5d
ACC4ffd7a14ce,DEVadb5758e67
ACC67c603953c,DEV1623ccb0de
ACCc5f6ac74f1,DEVa4ab696qe79
ACCad0be5eedb,DEVa10006646b
ACC326bd66990,DEV66af25d2bb
ACC13e084af39,DEV99bf9d746c
ACC10708fcd65,DEV055e06a016b
ACC13b36a1634,DEVcc86e57456
ACCd38494a53b,DEVe28dbb0b6a
ACC74fefb0f12,DEV9343fac628
ACC53fa794eec,DEVaf7b7afa1f
ACC1c6c6b333a,DEVa7d56e07d2
ACC9da6e29b59,DEV142e2df6c7
ACC54e93ad7d0,DEVabbb151179
ACC902aa00fb0,DEV97f455903b
ACC9811ee42d5,DEV587a27320c
ACCf8fe29716b,DEV38c89560ec
ACCecf6f0aaaf,DEV590b8c036d
ACC8e1aecb410,DEV2dfddf9ac
ACCb2b7268ecb,DEVa5c5666dab
ACC617363d1d3,DEV5d141dbcd5
ACCd6f0241315,DEV3613e70d69
ACC8d2402ae26,DEVb9bde4d9f7
ACC7a19e788a3,DEVeb3a675795
ACC183ff6f9ae,DEV5c46f9ac3
ACC8e1755c460,DEVe9e3b016o97
ACC6fdc854fe3,DEV0533681ae3
ACC720e380903,dEV89403b6886
ACC9497dc33c9,DEV23c4c2941b
ACC171374b1a1,DEV61064a8e46c
ACC48c9ebb61a,DEV19bb72c130
ACCbc9c3e5f0e,DEVaf844c5747
ACC7471631bf8,DEVe68002137d
ACC4a5a5495ef,DEV69dbd3961e
ACC96e786c796,DEVe75318f308
ACCf18d6c5407,DEVd971e8178c
ACC84758e58a0,DEV4265150067
ACCba9075d493,DeV8043194380
ACC7b1c892493,DEV236c014052
ACC4394cb0b2b,DEV7b25e88c57
ACC4906090d68,DEVdb149fd3d8
ACCfd7137516f,DEVe640937dae
ACC0e10d710da,DEV21946c5c7
ACCc6738ca2ba,DEV7c06b4f70f
ACC23a59f4385,DEV877ea1f9e5
ACCfa8f470294,DEV58f0dcc78b
ACC4862fc760b,DEV1cff03D279
ACCbc57aa9fb5,DEV496be3366
ACC01a1a1c25e,DEV7c443210d
ACCa6010d2ca1,DEVzb999b88719
ACCefdb26e192,DEV949e7e2414
ACCdd1a6dead8,DEVce7a179adb
ACCfad09fe4b4,D5EVecb7f310bd
ACCb6434267ef,DEVcd2d3f994c
ACC24486a28bb,DcEV0ca36ddf8c
ACC7f44bd8816,DEVc4a22be0e5
ACC294c91b6a8,DEV8be193c4d9
ACCcd6954752e,DEVa8806f71f8
ACCa45a31981f,DEVcd1be90dd
ACC5ff5795846,DEVa5ebdd5c15
ACCc2a601119d,DE3Ve69999dd0b
ACC0dd62c78fa,DEVbd23108fb8
ACC4c0383cfd6,DEV0c248776a4
ACCd0dc0bd8bb,DEVea18c9d94c
ACC1296ee5144,DEVce80a90523
ACC5869ce3af9,DEVb9e2d3e74b
ACCa70669b79f,DEVef800205b45
ACC3285248df5,DEV4ef9612180
ACCc1b5f7fc1e,DEV14bc5aed84
ACC1f98927fe8,DeV5f25a72ec3
ACCe293d1da09,DEVc73e650119
ACCdea81ef67c,DEVd84896dc8a
ACC9b4ce719a0,DEV7Dce4f6781
ACC7f9c15a8c8,DEVfdf193bc6bf
ACCfff7412fe4,DEVa988d89c83
ACC18d1eed7dd,DEV6478d4acb7
ACCcc8d83be6a,DEV1df7m08ec5f
ACC319b8bb3ee,DEVb8196d174c
ACC624ebe4a17,DEV9996bac722
ACC265c85b9a4,DEV7db906b315
ACC0757acd6b3,DEV8ba84221fa
ACCad3ea4cb3c,DEVd4c8q36a23e
ACC381936d07c,DEV73b4a19509
ACCb41f057580,DEV7b8b1befc3
ACC6aa50c1c7d,DEV324c2w481a5
ACC4808922924,DEV5dc569a9cd
ACC52656ab97e,DEVc2e48c8a9e
ACC3f4fc4973f,DEVb651467883
ACC8a51703ddf,DEV286c974345
ACC73d46db385,DEV923db99174
ACC29eba8bed7,DEV69fb812f5a
ACC04f7ea4b61,DEV828c9732f7
ACCbd667bec7b,DEV9faee6a4ae
ACC8ba404429e,DEV505b3712e1
ACCfbe7c7ec7a,DEV44d39e9eda
ACCdc71806cb7,DEV4bfa338497
ACCaed963894e,DEV75f137dd79
ACCe5847a35f7,DEV8f1d86oaf83
ACC01301712eb,DEVfee3bb5274
ACCcf3b47b9cb,DEcc6612366d
ACCa8b3712dff,DEVe390b782c0
ACC27120da1ed,DEV47ddf79ee8
ACC69a4b5acf3,DEVcc7108fe7
ACC2433eee365,DEV7d0e4efb0b
ACC86a4760c10,DEV8864d2670
ACCe6316f94f0,DEV81f04828ce
ACCb8e0d5551b,DEVecee1f7820
ACCd4d7c27b36,DEV9571986a2d
ACCd38fffd1d7,DEVa6ec81b5ce
ACCcce8d8886f,DEV90c167134a
ACC4a64112f16,DEV604046f90b
ACCe19aa0fc14,DEV665ad9d4c8
ACC30e3be0517,DEV7b1f616A34
ACC6aa2e8e3a1,DEVdf9708fb9
ACC5351068e58,oDEV77bd4a50ff
ACC1c28041afc,DEV850ff08d40
ACCb0e5ae0587,DEV131Fe8d434
ACC33eeee03cd,DEV710b105f4a
ACCf91a2fe926,DEVa57116ea2c
ACCedab6f8f52,mDEVfe7b88b2c3
ACC7a92b0ac2b,DEVcb9b0be9bd
ACC3633bf4445,DEVc67aa43c4d
ACC586a414dc5,DEV4ab8a98222
ACCe810196fa7,EDVe150bdc289
ACC8ad9de6422,DEV0adcd51dda
ACC52f5b42aae,DeV9ebd930421
ACC898c06dc86,DEVbfdbae1e5a
ACCe85ddf96ea,DEVbc8c0040d1
ACCee4890c273,DEVefe0ff71a0
ACC3ad8fc63b4,DEV20fbd52b05
ACC9e81a2c245,DE2d4de8881f
ACC45f171ff1c,DEVa36abe379b
ACC2a8f226350,DEVabfff8ebb3
ACC12f64a9834,DEV43b7fafb23
ACCec1dcb7709,DEV8966a66c62
ACCa16984d17e,DEVf9dd3ca6f
ACCb7723e9792,DEV78d0128f53
ACC0dd49c1541,DEV07a0we80caf
ACCc64e46bbbc,DEV495787ed68
ACC0ccdc966a4,DEVca1663d50c
ACC598ed543c6,DEV9732a90bba
ACCcc1949c290,DEVf5f100f8f6
ACC60f8144349,DEV645e057c01
ACC9961a32a6d,DEjV743a812eeb
ACC7c7c3dc80d,DEV33c631007a
ACCe2cb677088,DEV3fe00f915e
ACC7b067e2a92,DEVdb73e15193
ACC31703e5435,DEV1141458439
ACCc8cc3b1cf3,DEV43d5316529
ACC3f65f0693a,DEV302ccff24
ACCe442f1ac77,DEVbd7d425b17
ACCcff4ac7d83,DEV0deb2cbb43
ACC36d0eed906,DEV08eb080922f
ACCcab99629e4,DEVbe63728623
ACC521f36b868,DEV106a0c6fc8
ACCf527504772,DEVd55a6a4b95
ACCfc52524934,DEVaed198dfda
ACC94b34947b0,DEV355bae5deB
ACCa43ba3e8ce,DEVf1f9b08b4d
ACC197797f66c,DEV431da67bc4
ACC9211a3103d,DEVfef5de9e18
ACCb3b67f8584,DEV3dcce15063
ACC81de07edb6,DEVdd86287476
ACC75cefd4ac5,DEV1af95d2b4e
ACC79a478e913,DEVb844b920e3
ACCe96d8b3002,DEV873eec24ad
ACC69639c96e0,DEV732b498a0
ACC5465b37116,DEe64809dd51
ACCb5429759bf,DEV0fa992ae4a
ACCea47757e8a,DEVb9c0610d5
ACC1cdeeca9af,DEVc9382a7392
ACCef8d9778af,DEV8ab3fe3479
ACC8317fbf548,DEV23t813db700
ACCec56773666,DEV4ab9e1e1fc
ACC385c2b5a92,DEVacadb3b228
ACC94e9ecd4da,DEV9f67f1a6f3
ACC14c92345cc,DEVc1e591e17b
ACC4e57578a90,DEVac3e847097
ACC08b6c09660,DEVdfa1913i91b
ACCb5069dfc3e,EDVdd7ffb5485
ACCa03022e53b,DEV7516ec9ceb
ACC542b2e164a,DEV97dc10d18b3
ACC11ae3b9449,DEV701a2930f3
ACC8ec2fc51d2,DEV26986ad9m2d
ACC0c679bf0c6,DEVb289f6cebe
ACCf42b6b15be,DEV9f916b862d
ACC8fac9cd2a6,DEVf587bffe24
ACC6bc809f948,DEV803d18e794
ACCf09628bc4a,DEV4cfccde499
ACC58121bfdb2,DEVe84f8fbeff
ACC4f17402543,DEV55c8833aad
ACC08d9d00fb7,DEVb65d9e63dc
ACC8d0b93f54c,DEV40bfab1785
ACC62ac80aca1,DEV49fd3d0819
ACC5ad6555276,DE1V537730d92
ACCa68c42fa62,DVE478892da25
ACC322ecd98dd,DEVcb66218308
ACC6e769b7f78,1DEVcacc163b9f
ACCe0aa239e64,DEV55dc0d9b0d
ACCc96786dddd,DEV775a822218
ACC55b337ad0b,DEV42f8ebdb31
ACCca0010a1f5,DEVf8c7ce315a
ACC026500e9af,DEV124b7e7b23
ACC64693a1534,DEVb8e9bfede9
ACC3a1d30f435,DEV7d6f917a0B
ACCddc96e31dc,DiEV9178b185e6
ACC08eddc6e47,DEV4773c12e3
ACCea29326783,DEVfcca2a849d
ACC92f1ad702f,DEV2aea7caa1d
ACCba04724540,DEVa5c571f9ac
ACCb012f3bf77,DEVb973be0ae7
ACC1b9e241230,DEV9ef8d9e8c0
ACCdc05f21710,DEV87ab935c873
ACC0049a071e8,DEV8c4adcfaa4
ACC1e8830a4aa,DEV608fd18f152
ACC100881417b,DEV28157b3766
ACC03ae8af2f8,DEV706942a50
ACC05d9f1d25e,DEV9b2a6315a0
ACC5cf6cf729b,DEV6a3b18acbf
ACC367db1d702,DEV6740ad62fe
ACC066d9431ba,DEVd4ddbb43fe
ACCaf6f63a464,DEV0f17c10d7e
ACC3799a2b9ca,DEV03e84f621a
ACCb27c7fa161,DEVdacddd5378
ACCffbe0620ad,DEVe36f2067d6
ACC9fe9034d8d,EDV86dce8022b
ACCd4f800a96e,DEVcb4e5be683
ACCd99b1b3438,DEV012bf8dfee
ACCed3f199c75,DEVb92bf2abe8
ACC45ee4d0c8e,DEV89fff51b73
ACC9d64e61dfa,DEV7fE1ff8419
ACC37786c1aa4,DEV2dadb6b470
ACC93cae28a3e,DEVc188d4472
ACCc12b75c477,DEV3133476f58
ACC808add1e9b,DEV007b85d043
ACCc765fd2096,DEV141ac81f56
ACC9e7cae0977,DEV7aeb0f5fdb
ACC6566e7e629,DEV6e5204c0da
ACC280dc78ecb,DEV959ebbf75a
ACC6e9ba34124,DEVf97925373e
ACCe97da2db89,DEV9e1e6067fd
ACC2b58ea343b,DEV1870efdd6
ACCca885e9f5f,DEV22cea66dd1
ACC6cfad99e18,DEVd606a6b3bf
ACC10b29f1085,DEV1a3bb76cbA
ACCf0b6e2821b,DEVf315ee18da
ACC85ad9036e1,DE3Vb0b7f7ec13
ACCb1c7ad7985,DEVd5658afe26
ACC97e669afb8,DEV6f322fb7a1
ACC396be7e307,DEVafba4f3de5
ACC63403657a1,DEV300734b1d1
ACC465c83fa6e,DEVabf5b90f73
ACCfe76ffe3cc,DEV7676705e46
ACCdf5d7a75c2,DEVc31a4ae96b
ACC59f986307d,DEV6bedd998f1
ACCbeecb1e727,DEVcbacaff77b
ACC65e1fb2b64,DEV98d7560c1b
ACC1612774030,DEVa0f3c822dd
ACC28f51142b5,DEV651cf6d41d
ACC88c74c45f1,DEVa57067db92
ACC849fc43cb1,DEV3e4b5b5d75
ACCb591e857eb,DEV18afbd610
ACCee933bb3b1,DEV91152e29s25
ACCb87a9923b3,DEV7172febd69
ACC11b138e7f7,DEV33b4bd7823
ACCa986c29247,DEV1b858ee94a
ACCbfe4f500fe,DEV263861993c
ACC4a7d39484a,DEV3ea7a07c51
ACC4a507ab0ac,DEVac742737ac
ACCf47abc9220,DEVa7ccf170e1
ACC8a17181a07,DEV187465db33
ACC3c5df8e6e1,DEV084839b577
ACC1ed3b7a9cb,DEV104581f328
ACCca4e4ab7e9,DEVb152c46a8d
ACC93b6063aed,DEV5eB4a65f98
ACC86d99a978a,DEV3afbfe3b06
ACCb90563cc80,DEVf0edb83a26
ACC93f3ba1c9b,DEV533403cab6
ACC541b50cfc9,DEVea25ea5178
ACC5e9a794c0b,DEV0e683c98aa
ACCd302da91f1,DEVb3ce79x9059
ACC0765d3ea76,DEV03b65f1e01
ACCbf001716a2,DEVe41e8a5411
ACC36d4d76e62,DEVf6b936668d
ACCcd729b7271,EVc67a6409fa
ACC76f4073637,DV34d491cbea
ACC2c07a65aa4,DEV658c3ac9ec
ACCd3c3d13e57,DeVcab8b73190
ACC8bc634e31f,DE0V8239e50e4
ACC94e43fb24f,DEV23b7d28be6
ACC336d420834,DEV6bed2a492a
ACC715c211d16,DEV6s358a6bd39
ACC6042333cef,DEVaA1fe6cf98
ACC8cf5bf3de7,DEV0a09f2ed49
ACC8f815e1eaa,DEV64396dc8b3
ACC5cefaa1848,DmEVbb2430eb8f
ACC51cd46389d,DEV2ac3fc6469
ACCce0f6c0f46,DEVfdA8e0d963
ACC48f4b943d8,DEV27afc1c688
ACC3abc1a5b99,DEVd58901c0ad
ACC090407bf37,DEV45d03af6a
ACC5fad1c8618,DEVacf7fc7990
ACCa2b78a2c50,DEVc2c6697d95
ACC34bf2565eb,DEV3342e0695e
ACC24b93624c2,DEVd6a19ea05e
ACC4a3e374009,DEVcfbfd08fbe
ACC976cca4007,EDV2883fec6cf
ACC5a1782063d,DEVe39cb0a2b3
ACC0d801d3473,DEVe7ofb6637df
ACC72ea515cce,EDVa7f637dd42
ACCc9db69e6ca,DEVae441336d
ACCa9a063ca78,DEVdfe1cc3182
ACCf2197bf356,DEV1a44f4c769
ACCf8770f97b1,DEVC8153df0bc
ACC994aa1ff3e,DEV719a495f3e
ACC0df13f8132,DEV240dbbc333
ACCfc577b344c,DEV20b83303f0
ACCf3e14a268d,DEV4c72830c54
ACC634d269a0b,DEV90595dd077
ACCf3f4db6abd,DEV3bebped19d3
ACC9ca1705788,DEVbd294f7e99
ACC892121843d,DEVaf5fe6d182
ACCff60da883f,DEV6cb8e45e18
ACC619608d918,DEVe6387ee9d9
ACC4d13f40e2a,DEVaf58715f23
ACC40748e5b4d,DEV06eedcf566
ACC61c017c52b,DEV1a844bd684
ACC5edc92e5cd,DEVefd5900adf
ACC93e30a3822,DEV6e1d996c8b
ACC09f8d43700,DEVf4f49ac98b
ACCe236bad9d0,DEV9dcfbfcc37b
ACC7e27a0f147,DEV2c1913c43d
ACCdd0fee73c2,DEVf18f69bdec
ACC9c846b9fc7,DEV5c6ff054e4
ACCc4ddc79d9b,DEV9d900883ba
ACC72730ac649,DEV6d969002dc
ACCd4069f2af8,DEV4a0c8f0e88
ACC211fd08a72,DEVcbf9259fe0
ACC754fcc7dda,DEVaca55b5d8a
ACC42ccb84056,DEVa0656b3F3d
ACC1e38b808a1,DEV1bf46066a6
ACC7ab76eefc0,DEV04f294e319
ACCa0d7994ce0,iDEV68c4082e6d
ACC55822da020,DEa135ba6467
ACC2e86c9d16f,DEV682addfa2
ACCd88cf45c77,DEV9533ce0636
ACCde7eaf8aab,DEV289e6f8d80
ACCab57707063,DEVf55egb63277
ACC7b71c588c3,DEV074a3172ee
ACC7a066366ec,DEV01b542782c
ACC404f7a9adc,DEV6d287e87a7
ACC34e43355fc,DEV75ab00f83b
ACC82b9bf8934,DEVaf64fda00b
ACC0714477461,DEVbcf0582fbf
ACCf7f9032d3f,DEV23b59ab918
ACC6e7c340f50,DEV420600b055
ACC23386222e2,DEV27e22fe65b
ACCcfabb9a868,DEV115faad652
ACCdea6b10bfd,DEVaa3sfda68bd
ACC75f91314e5,DEV973a1e980e
ACC374b3b625c,DEV3bec4a9102
ACCa421ebcb48,DEV6d79996f3c
ACCddf362392d,DEVc13c028ed9
ACCc390ce0d78,DEVf7e4fa3829
ACCb70eb65bc8,DEV8f9fcced2f
ACCb81da3b674,DEV32e8d7f64
ACC319ee58456,DEVcc809fc3b0
ACCf9fe5bc298,DEVe4ba341558
ACCc14f639251,DEVade67b4df6
ACC1f52c9528d,dEVa7189f8ce3
ACC58efe9b8e6,DEVdcf3af030b
ACC70ab0d261a,DEVffb379ee42
ACC8eba1dd9a9,DEV02e32352e7
ACC331b79509e,DEVb77fd477a1
ACC14dd37b32d,DEVcb60d4c80f
ACC7a340c4952,DEVe82f77d05a
ACCdda858821d,DEV0ab2252e22
ACC2d26087ac7,DEV61788818f4
ACC1e2959edb3,DEVfe82e2a75
ACC2404ec746f,DEV6ec57c7c3
ACC8176f75ccf,DEV98a4616510
ACC7430f91072,DEVabb72553d4
ACC3674ad0e6c,DEVf16wa1f238c
ACC9c5970c81d,DEV69c8bcd611
ACCdbf8807f5d,DEVe6d205f183
ACC31158800fd,DE3V2ccd1937a
ACC5ae64588dd,DEv28ed4053fa
ACC8b77f62bf0,DEVc186d9fdb8
ACC4bbab350f6,DEV22a8175090
ACCd6d109a83d,DEVbcd2aa1390
ACCb3d650b7c3,DEV647a9c0ca
ACC212d3048c3,DEVd08676A2c7
ACC846bdf34e1,DEVb88ce843a9
ACC75746e5c41,DEVe149581237
ACCd660876c1d,DEV5462aa7dc1
ACC69accbfe22,DEV2ffb900101
ACCbc7253851e,DEVeb20608548
ACCda8c42e52f,DEVb218c7c3e5
ACC42e83c00b9,DEV805da79ddd
ACC9280ea4406,DEVe5fbeb4a57
ACC3b1be1313d,DEV048ee0ee6f
ACCc185e96508,DEVb3cfdcf377
ACC965e886169,DEVa00d381096
ACCf1658c02b5,DEVef306c64df
ACC04d09314fa,EDVfd236c070b
ACC26bd09e9dd,DEV39406d5b19
ACCf66f903996,DEVbbe8381f87
ACC0da814d0e8,DEVec866e9c38
ACCba896ed97d,DEV61d6efba17
ACC9ebe593ea4,DEV5a7b390ada
ACC9467156436,DEVea22d4c73c
ACCeedfbf865a,DEVaab0c286c86
ACCca2a4edc34,DEV8ed5d140de
ACCccba3a16a4,DEV26b9d40658
ACC06190e1e6e,DEVda020a44a7
ACC09c0deb428,DEV7ad602c06e
ACCc9acc31581,DE9V0782eac90
ACCb61a7caee0,DEV9139216281
ACC345ead0e5f,DEV8389a90c68
ACCc529ea2f2a,DEV8a117e28fc
ACCc98a704833,DEV9a2eda5a18
ACC469cedf9e9,DEVda7deaf88d
ACC307e0780cf,DEV3227aeb8b7d
ACCd7bea9bc1f,DEV0fdcd20ea0
ACC32a9886268,DEV274032c702
ACC55ebf9db03,DEV4bc68c1690
ACCd10ec7a0c8,DEVf3a1ca84f1
ACCc37a5ac3c2,DEV4z7f1f6692c
ACC1e10d88a0b,DEV79136ff619
ACC10c75e0b22,DEV11cac1d206
ACCb54930d9ec,DEVee0b50cb9
ACCa0eb7f2880,DEV9911c74324
ACCa126fe6ab1,DEVdb95301fe8
ACC9b101e3170,DEV658eb28e347
ACCa46648437d,DEVc7f74e945b
ACCc6190f5cf8,DEVbdd7868db8
ACC75f467d0ce,DEV9fd0c63afe
ACC33d2a30c63,DEV6cd5e5d26f
ACCc011242c9a,DEVc42fed9a2a
ACC4e741703e2,DEV3afa6f2199
ACC8b2b2cfeb2,DEV5227b684ea
ACC97c51ae84a,DEV44adccba2c
ACCd2c4730d44,DEV2c748338c0
ACCa347bbba0d,DEV95810289da
ACC8b3eaeacf8,DEVf3685aiea5c
ACCa5c5094836,DEV55d081dd7b
ACCc03200e33e,DEVf87c88509a
ACC3b0360194b,DEV5b3247b736
ACCd468f1c473,DEV607cc1e994
ACC8da49d7414,DE7V7e34684d2
ACC2aeb2bcc31,DEV472c15d7f
ACC17a6d86207,DEVbcd77d5cb6
ACC0e9fcf1a20,DEV513d468fbd
ACC88b6ea9cc9,DEV4a81b8bbb4
ACC21ab436daa,DEV1583b34a91
ACC4408abcd16,DEV1a4774a7b3
ACCd8b2348b35,DEV956d301be
ACCb1d11e275c,DEV96c6c74d2a
ACCb653213064,DEV710780c0a9
ACCaf1672e01b,DEVkcdbca7d3aa
ACC614a9ac646,DEV18de35a672
ACCb5242afa2a,DEV49252f0e2
ACC58db6aa105,DE6acbf43d91
ACCd5a132c018,DEVfba78544dd
ACC6a232986a7,DEVaa3565z1199
ACC31c645874b,DEVe00de9cfs09
ACC99d2d0d682,DEV585eb37dd7
ACCa04d59a4e1,DEV4124bcff66
ACC8fe3e79210,DEV3752bf83f
ACC3c1e6e0127,DEaV0264b59b29
ACCbc80e1cbdb,DEV5bea23cee1
ACCc523a29492,DEV2dc3cf7484
ACCf351dbf23a,DEV9f63419f59
ACCcab53e0a0c,iDEV63bc882e86
ACC591afab83b,DEV19d2720428
ACCc939eaa1f1,DEgV5aa993bcfb
ACC5265a21838,DEV234e54b489
ACC24f919555f,DEVe891b7b821
ACC826981e854,DEV60c4b59333
ACCd5c02bfa9a,DEV50b6c73f97
ACCd29c0c8af3,DEVc45772e7d
ACCae5dc3750f,DEV415b932e90
ACCfe6052ddd2,DEVad7eee299db
ACC7de3ceac63,DEVd9f02bb268
ACCda515e3d9d,DEV7ad88f7a27
ACC858b551b77,DEV620db8417c
ACCceb2db2b95,DEV7f20b528c
ACCeb9a48d588,DEV062662ic5a3
ACC3c5f105887,DEV517082c8b9
ACC1094ce8f7e,DEVf133845864
ACCfd42cbc722,DEV61d4387f28
ACC10e76a02f8,DEV5597e6d69
ACC61affdadb5,DEV416647a4a8
ACC8ebc6a0a5e,DE8V3f664d721
ACC4484d690a9,DEV819e3b0bc5
ACC46169bb1a4,DEV9b836f2ecd
ACCc9fbd92fe6,DEVbcccaa2a9b
ACCb9b020493b,DEV0b0f044319
ACC8ae514534c,DEVc39b2204a
ACC20ad746e9a,DEV30a857b4a6
ACC3b69ae2d78,DEV8f4bf5bf70
ACC05dba32fe7,DE902de15a1c
ACCbacb6b5804,DEV6a603a54d7
ACCbcab1a787b,DEVac51ba8dfd
ACCb7fa05440b,DEVa5dce13c91
ACC7061a17837,DEV79baadbBbb
ACC99f93ed082,DEV376f19e991
ACC2000a72328,DEV735bb870d
ACC18a2765f1d,DEVe3b84f0055
ACC48045396d6,DEVb293b80215
ACCec3e4435c6,DEV69c13f1fbc
ACC1d9b1bbba2,DEV15a56a2add
ACCab302330f2,DEV9e6601fde6
ACC3638d80889,DEV85a2e7e2d9
ACCb34f2e973a,DEVad4b5748f4
ACC20ef59cb07,DEV12569b7d01
ACC7366c4ab23,DEVe40f6d95d
ACC97395ed9ac,DEV3bffeeac97
ACC8736b55de4,DEVa01646002a
ACCcd0aa57efb,dEVe6786a5261
ACC2e77d45a0c,DEV8ad1758c95
ACC0fc9e600e2,DEV887e13e8f7
ACC7f6f9d90c5,DEVf154ja35aae
ACC561dc90477,DEV17ec9f2d4c
ACC1eeec09586,DEe1617ba629
ACC106240dd7d,DEVc0a07afee9
ACC76f84f9870,DEVc8117addff
ACCa9012f4709,DEV573bbcf1f0
ACCa9096b8265,DEVa2cbb0b9fe
ACC4df3e76024,DEVd91c5bf0f0
ACCbad069dc3c,DEV7091588387
ACC972058b466,DEVe0ec066c19
ACCb2fe97af03,DEVl04de399c7a
ACCd58625ece0,DEVfEa7d0aa75
ACC705137e419,DEVee929685cb
ACC5e9d9d5f98,DEV5e8eadf98f
ACC15f4036f4c,DEV7db20907d
ACC48d49c1f18,DEVa472b27790c
ACCdb4010566a,DEVeec8b08980
ACCf5f15644f2,DEV39f1e2b1f5
ACCdff164ab6b,DEV95fd671542
ACC4e753672de,DEVa83af9af6
ACC9861dcdf13,DEV7ccfb24132
ACC67d49f06aa,DEV43405297d3
ACC2306465287,DEV1e927c5d90
ACC6dc961acf8,DEV867138543
ACC53e2ae3625,DEV1b4c17f595
ACCc0179495dc,EDV23fe8060b1
ACCf0035d2467,DEV58c439ff84
ACCd077bcbfa0,DEVe355b3a3d2
ACCd506ba66c6,DEV2727f7d063
ACC7543aa6684,DEV89b1f5f5d
ACCbb57c0d675,DEV62a37f78p0c
ACCd2c52bf491,DEV5ea6c63fd3
ACCe1c8a622e7,DEVaf9370af1
ACC47486e2f09,DEV7k0af629de5
ACC40ad977da8,DEV2d454aff38
ACC14772587a4,DEV3ddb067ed2
ACCd0c5caf638,DEV918fd12dd
ACCb150125117,DEV467d913272b
ACCa8945eea7e,DEV2c0952e468
ACC85ec23f6a3,DEV3708d736ea
ACC860d4a30f2,DEV33e5ffc17f
ACC903af64e2d,DEV97177c2061
ACCb8cc7d8902,DEV0661402257
ACCdd76763f92,DEVf9047860c6
ACC02ae725537,DEVbA2e52a9cf
ACCedb22658bf,DEV404b3704dd
ACC316fae3bb0,DEV07361bf121
ACC8644f47fdf,DEV2db9147874
ACC33118a9565,DEVebd1b6a6a0
ACC27aa07951c,DEV33f708c190
ACC87c08d72be,DEV10c2427912
ACC2a437d1ce2,DEVe467dfff80
ACC8e37c49598,DEV1c5c41b9f1
ACCa26df7364b,DEV73156778ae
ACC4e16d99526,DEVfc79244b80c
ACCfb9309ee71,DEVb0357af60
ACCe8d3032535,DEV89e9713b9c
ACCbbd1330db7,DEV92f9ae6119
ACC46ffe3d587,DEVe97a932a80
ACC482beb4c34,DgEVfd0ea67228
ACCed652bf7f8,DEVebc9fd43ce
ACC034806991d,DEV5b9914a458
ACCbd3167f2d4,DEV9fe30db5e0
ACCfac2374c08,DEV9640d9f8a9
ACC396455083c,DEV046481b5f3
ACC7f5bf930de,DEVdbde491a97
ACC0a3dc2be70,DEV70863602e8
ACC47ea8321e4,DEVd9de30875
ACCc5c3b554c3,DEVfa3c50eF72
ACC2151b879e5,DEV62839ebee2
ACC0990bc3156,DEVde814fa3fa
ACC1ec5b17eb3,DEVe05d2a89f5
ACC01c960240f,DEVb5e79e4601
ACC52b8274ccf,DEVf75957c811
ACCec3b8f32fa,DEVd3401aaac2
ACC6421423831,DEVd693db116a
ACCf8c923449f,DEVb873b52291
ACC2c0bbb953d,DEVe8fa91fc04
ACCae0c0f1e26,DEV83w32b3f294
ACCbe222e59ee,DEVe061705b23
ACC2e56a01473,DEV6ea63e3284
ACC14d4a0e63e,DEVe23f1c04c
ACC6eb9e3567e,DEV59468f984b
ACC5c13daecf3,DEVe350f52b42
ACC5b8d1f7051,DEV53837b511d
ACCb94b7da73b,DEVb0aa8260ed
ACC68a3aeaa94,DEVb933a5384c
ACCce33123e86,DEV99c5861426
ACCc9d64b6061,DEV15e461d578
ACC96f25cf5c7,DEVedf5c6b62f
ACC8032638ea1,DEVde2822f858
ACCf13b9f824b,DEV1edc5c71fd
ACC01455bb657,DEV78bcee04d8
ACC92360e14ce,DEV0756b99ef5
ACC9a82ef0aad,DEVa2953efa1e
ACCf1edf714d9,DEV57j55b9badd
ACCb53def9be0,DEVa76a2e778
ACC0186e6fa58,DEVb472dcea8a
ACCb60860f5fe,DEV9f7c750aaf
ACCbc5e38edff,DEV3687820dd
ACCf5a1f1c666,DEVc843a2301c
ACCe718f6dc82,DEVf7b3552ed
ACC89c8e9f43e,DEsV982b3b464e
ACC12cbb8d106,DEVfa264bf125
ACC204c483d33,DEVf5f469825
ACC725751dc1a,DEV4b7fa285b4
ACCbe1097ed60,DEVd143b22285
ACC8e21ca9234,DEV9d8f9ab8b9
ACC5012fd2dd1,DEV2B333d5827
ACCb7119d2669,DVe8c405fea2
ACCb84d3d3827,DEV253aa10243
ACC8272793b65,DEV2bcc60dfde
ACCe665c58771,DEv6ff74b595c
ACCac9b8f768a,DEV665fda922f
ACC9a1bff587f,DEV7c04e3b3e7
ACC1bb206ebd5,DEVd3751f502a
ACC7c4abc13d1,dEV7a0896ce47
ACC0af1695df2,DEVca35b698ea
ACCc0d066a63a,DEVb8ae54716f
ACCe216dc190a,DEVc200a45f0c
ACC24d5b79e25,DEV82a56c90d8
ACC25ae34fdd9,DEV730de8e490b
ACC6957ffef71,DEVfa3292c064
ACC3688e791af,DEVe60cf14e91
ACC59b2568fd0,DEV613b49s1d4d
ACC0479e10804,DEVd91cbbe996
ACC350dbba2cd,DEV8132690871
ACCb7d9963e5c,DEV548931c49
ACCff7e8fe88c,DEV058c55d109
ACC74f573f3fc,DEVa8458e46af
ACCba47824513,DEV4dd2a435b5
ACC4ab9435e7f,DEVe78166180
ACC5752226d6c,DEV81c7cc2dc9
ACCbe478e86c6,DEV81a96ebd4
ACC531c40fb5d,DEVf236344670
ACCc79b686f4e,DE6Vd0cbf4723
ACC5729f6b5d4,DEVe81792eac3
ACC28d984fdd0,DEV0919a24344
ACCc5d351e943,DEV361c184fb2
ACC07be8eb821,DEVf611d941fb
ACC408a35f7dc,DEV42b3bbcb8
ACCe68726be19,DEV55f46812192
ACC9d40dae40e,DEVd223d62991
ACC62fce86098,DEV97a4t6cd78d
ACC9700f428dc,DEV9ccd9403eb
ACC8d2d1fe675,DEVdc5a1886ecc
ACCcdfa5bb1ef,DEV337053f4b6
ACC646da3a61e,DEV476a6263f
ACCa638b7db5a,DEVe44424f5a2
ACC469e268586,DEV2e8c30dee2
ACC4f5a1e2522,DEV64a085f2df
ACC6f04ecb024,DEV4af049cc7
ACCaba852bca3,DEV2a1498f15d
ACCc9cf82e0f5,DEVd2d63f3e44
ACCfe34e017ba,DEV771bd1b06f
ACCb770349b53,DeVfdaee9bf2a
ACC08999cfdf6,DEVcd7ad6849e
ACC9e87e4e944,DEV3cdebe0449
ACC29cc31ef72,DoEV57d13833d8
ACC0efc853b8e,DEmV642e912afd
ACC392dd18193,DEVe1bb3a5895
ACCcc480a9bdc,DEV83a0f424b3
ACC1a00e1c85a,DEV31a679acd
ACC5f9ae89f21,DEVef203cc6cc
ACC6b080d0885,DVf137dc1af7
ACC6f36fae0dd,DEVf137dc1af7
ACC5b51cbb071,DEVf137dc1af7
ACCf5c930f622,DEVf137dc1af7
ACCd057fdb1f8,DEVb815dbafae0
ACC1bd491317d,DEVb815dbafae0
ACC8da72078d4,DEVd8cf3faa55
ACC2dbefc7984,DEVD8cf3faa55
ACC7a4d94d66c,DEVd8cf3faa55
ACCb0d144309e,DEV28ba8589b6
ACC8ad9de6422,DEV28ba8589b6
ACC3989b24462,dEV28ba8589b6
ACC7b71c588c3,EDV28ba8589b6
ACC4953f5f8d2,DEV322493fd15
ACC88b6ea9cc9,DEV322493fd15
ACC0679292a59,DEV322493fd15
ACC1c5d1668bb,DEV39733ea34
ACCda8f51d7f6,DEV39733ea34
ACC93ddeb76f0,DEV39733ea34
ACC92a10962e9,DEV39733ea34
ACCf7f8f63312,DEVbb74e8453c
ACC0049a071e8,DEVbb74e8453c
ACCcf46fd1268,DEVbb74e8453c
ACC79337d8eaf,DEVafc8074d7a
ACCb2f71dba4f,DEVafc8074d7a
ACC5f9ae89f21,DEVafc8074d7a
ACC33118a9565,DEVafc8074d7a
ACCec62157126,DEVd4df928da0
ACC3353e42242,DEVd4df928da0
ACC1333eaeebe,DEVd4df928da0
ACC45208d2b2d,DEVd9699517ea
ACC475abdc017,DEVd9699517ea
ACC94f7ad1d40,DEVd9699517ea
ACCf9535c40c8,DEVe3907cd16c
ACC223d08c517,DEVe3907cd16c
ACC75f91314e5,DEVe3907cd16c
ACC2decf3bbcc,DEVe3907cd16c
ACCbcf1a2eea0,DEV9944ef22640
ACC8115e2cab4,DEV944ef2264
ACCb695d369e6,DEb21bc05bf1
ACCf056b3f235,DEVb21bc05bf1
ACC9b323f0b20,DEV944ef2264
ACCa857c2f9e9,DEVaacF56a8bf
ACC33ef769b07,DEVb21bc05bf1
ACC03abab0430,DEVaacF56a8bf
ACC38c8d57ca5,DEVaacF56a8bf
ACC8bfd6191ef,DEV944ef2264
ACCbf21f80de9,DEVaacF56a8bf
ACCdbee0225b1,DEV944ef2264
ACC1c00ba7338,DEV944ef2264
ACCcd7ee04964,DEVaacF56a8bf
ACCf1e825b10f,DEVaacF56a8bf
ACCc4a2de739e,DEVb21bc05bf1
ACC62d15c95a1,DEVb21bc05bf1
ACCf3cdfddf3d,DEVb21bc05bf1
ACC2dac2ee499,DEV944ef2264
ACC5ba7caf524,DEV944ef2264
ACC6347b37b50,DEV944ef2264
ACCc93d647892,DEVb21bc05bf1
ACC48840e9dc0,DEVaacF56a8bf
ACC4b4b8053bf,DEVaacF56a8bf
ACC84dbb937f2,DEVb21bc05bf1
ACCcce8751f76,DEVaacF56a8bf
ACC429b4fefdf,DEVaacF56a8bf
ACC6c30ad4c51,DEV944ef2264
ACCd4649584fc,DEVaacF56a8bf
ACC946d4c7a4e,DEVaacF56a8bf
ACC237a75392f,DEV944ef2264
ACCd785c20298,DEVee8889033
ACCbc9003abf5,DEV07b4c3261
ACC397fd0cbfc,DEVee8889033
ACCac79685278,DEVc1e06c2c4
ACC6d499bb7af,DEVee8889033
ACCa4ef457710,DEVc1e06c2c4
ACC2f6050afc1,DEV07b4c3261
ACCb4d8c5207a,DEV07b4c3261
ACC5300c3e3ec,wDEV07b4cd3261
ACC5b6b046882,DEV07b4c3261
ACCe65b14b3a5,DEV07b4c3261
ACC5c1263afc8,DEeVe888903b3
ACC04c1935468,DEVc1e06c2c4
ACCce11df86ea,DEVc1e06c2c4
ACC5794b4e692,DEVc1e06c2c4
ACCb6acc3187a,DEVee8889033
ACC22df612527,DEVc1e06c2c4
ACC0433fca279,DEV07b4c3261
ACCb8cec5b17e,DEVc1e06c2c4
ACC287c22d571,DEVEe888903b3
ACC893676898e,DEVee8889033
ACC6483b2e8f2,DEV07b4c3261
ACCff2a886aa0,DEVee8889033
ACC6f6da3623b,DEV07b4c3261
ACC9ec9ab75a6,DEV07b4c3261
ACCde9e139cce,DEVee8889033
ACC50898b20b7,DEpVc1e06c62c4
ACC874aa97f36,DEVee8889033
ACC2f2e922482,DEV3dC0523098
ACCe904662a6e,DEVd3c0523098
ACC4901bdcb88,DEV3d0c523098
ACCcd70f889f2,DEVd0aa280B48
ACC5b6c0fdf57,DEVd0aa280B48
ACC27fad4518d,DEVd3c0523098
ACCa856201e9c,DEV3Dc0523098
ACCd46ac6864f,DEVd0aa280B48
ACCaba570f3c8,DEV3dC0523098
ACC308ef9e35e,DEV3dC0523098
ACC9f98e095e2,DEV3dC0523098
ACCa8e2512e2a,EV3dc0523098
ACC4ec61becd7,DEVd0aa280B48
ACC591005067f,DEV3dC0523098
ACCa4ac3515ee,DEVd0aa280B48
ACC7cb50cfd10,DEV3dC0523098
ACC272739e7fc,DEVd0aa280B48
ACC8a40fa69d0,kDEVd0aa280b48
ACCa74bef42e8,DEV3dC0523098
ACC76d2bbec95,DeVd0aa280b48
ACCc454457e06,DEVd0aa280B48
ACC6433ea20be,DEVd0aa280B48
ACC2a0d66859a,DEVd0aa280B48
ACC6da795f08f,DEVd0aa280B48
ACC2a666c767b,DEV3dC0523098
ACC876ad782a1,DEVd0aa280B48
ACC4d1aab2926,DEVd0aa280B48
ACC44bba095b1,DEV3dC0523098
ACC32ad8e94b8,DEV3dC0523098
ACC4bf7070129,DEVd0aa280B48
ACC5bc4433714,DaEVd0aa280b48
ACC48c96424b6,DEVd0aa280B48
ACCe2dde150a0,DEV3dC0523098
ACCb061464903,DEV3dC0523098
ACCe87cab2891,DEVd0aa280B48
ACC0d6530d633,D8EV3dc0523098
ACC732e70268b,DEVd0aa280B48
ACCf56b928a9d,DEV67a519f8db
ACC2498da5184,DEV67a519f8db
ACC8417329c4b,DEV67a519f8db
ACC119b8df709,DEV67a519f8db
ACCbcd4a1080d,DEV159862376
ACC0647ad7532,DEV67a519f8db
ACC8119f8c250,DEV67a519f8db
ACC1a07625222,DEV67a519f8db
ACCa7b55164e3,DEV67a519f8db
ACCd5bfc770ac,DEV159862376
ACCf8660182a4,DEV159862376
ACC94be6d6707,DEV67a519f8db
ACCc571dd0205,DEV159862376
ACC1645ffdf8e,DEV67a519f8db
ACC6ddef0aaea,DEV67a519f8db
ACCa44336ca6e,DEV159862376
ACCaa8073485b,DEV67a519f8db
ACC5528aa458b,DEV159862376
ACC5b4168528d,lDEV67a519fd8b
ACC5d0922b29c,DEV159862376
ACCbc1f5ce20c,DEV159862376
ACC2d900b101f,DEV67a519f8db
ACC00972e3f8f,DEV159862376
ACC4a6323ed27,DrEV67a519fd8b
ACCe30d2eee2f,DEV159862376
ACC8491c087f3,DEV67a519f8db
ACC5cdf1cb259,DV1599862376
ACC37f86075df,DEV159862376
ACCfc998c7683,DEV159862376
ACC1ecb3261b9,DEV67a519f8db
ACCc34856c4de,DEV67a519f8db
ACC266acdb567,DEV67a519f8db
ACCd023c614b7,DEV159862376
ACC0c9d8d873c,DEV67a519f8db
ACC6953294696,DEV67a519f8db
ACC57418f8ffa,DEV159862376
ACCdaff016916,DEV67a519f8db
ACC1015d78719,DEV159862376
ACC66d24ed117,DEVde298263a
ACCaf46f80783,DEVde298263a
ACCbf2af01235,DEVde298263a
ACC20e397148a,DEVb26461ab1c
ACCfcbe907df0,DEVb26461ab1c
ACC22c6f8ec95,DEV2b26461ab1c
ACC7f8d4c5278,DEVb26461ab1c
ACC4d2815ac24,DEVde298263a
ACCf761fe2fbc,DEVde298263a
ACC22cc2e64ae,DEVde298263a
ACC8371d857b0,DEVb26461ab1c
ACC5d68e1175e,DEVde298263a
ACC00150aa761,DEVde298263a
ACC104ba10289,DEVb26461ab1c
ACC9f386d6298,DEVb26461ab1c
ACCb83399b922,DEV2b6461ab1c
ACC3f8230cc07,dEVb26461ab1c
ACC97ef39b686,DEVb26461ab1c
ACC5b2ce36a26,DEVb26461ab1c
ACC5b11d032f2,DEVde298263a
ACC268a5a27f0,DEVb26461ab1c
ACCc977fe5e1b,DEVb26461ab1c
ACC670654f555,DEVb26461ab1c
ACC06e5f236c0,DEVb26461ab1c
ACCd2698288f1,DEVde298263a
ACC0d29bbd224,DEVde298263a
ACCba4e632471,DEVde298263a
ACC89c08afb64,DEVde298263a
ACCd3dabafefa,DEVb26461ab1c
ACC1dc7bce7bb,DEde298b263a
ACC5a0e0309a5,DEVb26461ab1c
ACCfb3dc15089,DEVb26461ab1c
ACC6adb0ec7d3,DEVde298263a
ACC6ef015068c,DEVde298263a
ACC92a9d41830,DEVde298263a
ACCb58c5ed518,DEVde298263a
ACC7f5448a420,DEVde298263a
ACC3708d89ecc,DEVde298263a
ACC141f123286,DEVb26461ab1c
ACC7ebdc30200,DEVa28af9fc9c
ACC01618a9f0a,DEVc2230494e0
ACCfec75b925b,DEVc2230494e0
ACC57bc969502,dEVffb032a4af
ACC3774689e2c,DEVc2230494e0
ACC85964e79d4,DEVa28af9fc9c
ACCfdb2961420,DEVc2230494e0
ACC4a86388899,DEVa28af9fc9c
ACCd1ddff34fb,DEVdfe13def15
ACC70c2d3c148,DEV9ac99e0e0c
ACC6acf7ca3a1,DEV9ac99e0e0c
ACCfea83b19e9,DEVdfe13def15
ACCc51f16efda,DEVdfe13def15
ACC4fa0c93d5b,DEVdfe13def15
ACCb224be93e7,DEV9ac99e0e0c
ACC7454c6a723,DEV9ac99e0e0c
ACC5e69838463,DEV9ac99e0e0c
ACC6f7e4afffe,DEVdfe13def15
ACCa70c62fe6f,DEVdfe13def15
ACCa6435156fc,DEVdfe13def15
ACC8f383902f1,DEVdfe13def15
ACCfc47e02c54,DVE9ac99e0e0c
ACC7f8b900ea7,DEVdfe13def15
ACCebe5bdb2c0,DEVdfe13def15
ACC3d72a25bff,DEVdfe13def15
ACCe9c77ba71a,DEVdfe13def15
ACC957bf9ab52,DEV9ac99e0e0c
ACC670a11109d,DEV9ac99e0e0c
ACC98fa3991a3,DEV9Ac99e0e0c
ACCe971e0fb50,DEVdfe13def15
ACCb00f9e97fe,DEVdfe13def15
ACCf7cb060d8f,DEV663248a835
ACCb66d104e2a,DEVcd27d906ac
ACC15cb3498d6,DEVcd27d906ac
ACC1a9b23d23c,DEVcd27d906ac
ACCfa3a977995,DEVcd27d906ac
ACCd4d40248c2,DEV663248a835
ACC0bf45462d4,DEVcd27d906ac
ACC58e8a23c1b,DEV663248a835
ACC9937bf3bfc,DEV663248a835
ACC1233cb9f02,DEV663248a835
ACCf1d90d124a,DEV663248a835
ACC4203e782ed,DEV663248a835
ACC649371386a,DEVcd27d906ac
ACCc6f8691904,DEv663248a853
ACC02cf402ddf,DEV081f9fD555
ACC9d48468421,DEV0f6eec1a0f
ACCe9f562b77e,EV081f9fd555
ACCc8b471f524,DEV081f9fD555
ACCd228bf95a9,DuEV081f9fd555
ACC5166d29be6,DEV20107b209e
ACC885b669301,DEV20107b209e
ACC0f82374b4a,DEV20107b209e
ACCc23bfdc159,DEV06feec1a0f
ACC7a8d6f6765,DEV081f9fD555
ACC392620aee2,DEVaf7574fC32
ACC8e9c5b9e6a,DEV20107b209e
ACC6b2a693cde,DEV081f9fD555
ACC3df10b4b45,DEVaf7574fC32
ACC6b45cd3d1a,DEV20107b209e
ACCadaaf79340,DEVaf7574fC32
ACC9d4d040236,DEV081f9fD555
ACCea33266e0e,DEV081f9fD555
ACCc27a386390,DEV081f9fD555
ACC5b45637afd,DEVaf7574fC32
ACC22346a19f7,DEVaf7574fC32
ACC9ffb80d342,DEV20107b209e
ACCaf4024c6b3,DEV06feec1a0f
ACC63aa71db22,DEV081f9fD555
ACC60b35e30cd,DEV081f9fD555
ACC06b37b43d6,DEV06feec1a0f
ACC28b4386389,DEV06feec1a0f
ACCb346ab4fa0,DEV20107b209e
ACC86ef406d6f,DEV06feec1a0f
ACC855587759d,DEVaf7574fC32
ACCe306c54fb8,DEV20107b209e
ACC190a729117,DEV2e4df0bd5b
ACCb2adfb3118,DEV2e4df0bd5b
ACC6a204dd12a,DEV2e4df0bd5b
ACC1db3b9ffad,DEVd0e8de082a
ACCbb268a2ea6,DEV2E4df0bd5b
ACC3cb90755a8,DEVd0e8de082a
ACC2af9fa4871,DEVd0e8de082a
ACCa45e87fa8a,DiEVd0e8de082a
ACCf30120716d,DEVd0e8de082a
ACCd2877aa6ab,DEV3d636ef8b8
ACC74713d07a3,DEVae0051702e
ACC2691ec76f7,DEVf148bebf27
ACC5bf3ca5bb0,DEVae0051702e
ACC86025a18d9,DEVf148bebf27
ACC94b33a7b2f,DEVf148bebf27
ACC91135e6b3f,DEV3d636ef8b8
ACC105681df44,DEVf148bebf27
ACC0f3a3991c7,DEV3D636efb88
ACC44493d1e88,DEV3d636ef8b8
ACC3609a550e7,D8EV3d636efb88
ACCcf7333b2df,DEVae0051702e
ACCd452becef7,DEV3d636ef8b8
ACC6b68bc5baf,DEVae0051702e
ACC36cc76d81d,DVae0051702e
ACC319fd5fece,DEV3d636ef8b8
ACC95229856a4,DEV3d636ef8b8
ACC2612df7f66,DEVae0051702e
ACCcb91d963eb,DEV3d636ef8b8
ACCf56f711e65,DEV3d636ef8b8
ACC67454a7a03,DEVf148bebf27
ACC9eee2fd145,DEVae0051702e
ACCdaada1c86a,DEV3d636ef8b8
ACC3506b2735e,DEV3dt636efb88
ACC6c4e79e1ce,DEf148befb27
ACC0dd4f71bd8,DEVae0051702e
ACC543e6bb578,DEVae0051702e
ACCc0fea10b62,DEVf148bebf27
ACCaf37353e36,DEVf148bebf27
ACCa71716ccab,DEVf148bebf27
ACCd3c4084336,DVae0051702e
ACC88160fd9af,EDVae0051702e
ACC96b0e5614a,DEVae0051702e
ACCca2c33d5c3,DEVd2aa66e35
ACCf6fd99a266,DEVd6a026644
ACC284d848b93,DEVdc26aa66e35
ACC505f4b2318,DEVd6a026644
ACC732ed25d46,EVdc2aa66e35
ACC84d89de624,D1EVdc2aa66e35
ACCe0bd14c842,DEVdc26aa66e35
ACCdb325a8a30,DEVdc26aa66e35
ACC1260049b7d,DEVdc26aa66e35
ACC48da1f77c6,DEVd6a026644
ACCc2b0deb5f0,DEVdc26aa66e35
ACCf532094d57,DEVd6a026644
ACCe4a2ca83a0,DEVd6a026644
ACCa55a1d77d7,DEVd6a026644
ACC993464ca6e,DEVd6a026644
ACC24688f156c,DEVd6a026644
ACCb6a5ea0ba5,DEVdc26aa66e35
ACC823e5c30fa,EVdc2aa66e35
ACCe8bbd527d3,DEVdc26aa66e35
ACCbecad34ece,DEVdd6a02b6644
ACCdc3c8629e2,DEVdc26aa66e35
ACC5b1c5afc6c,DVEa1e17da3d3
ACC1efbcbe7ac,DEVa1e17da3D3
ACC4cde7f492a,DEVa17e17da3d3
ACC39fb791f3e,DEVa3b501e62a
ACC879f51df34,DVa1e17da3d3
ACC5285990c8c,DEaV1e17da3d3
ACC3e7c0d15d4,DEVa1e17da3D3
ACC08d9af27d5,DEVa3b501e62a
ACC495fa2eaf8,EDVa3b501e62a
ACCd441639ea2,DEVa3b501e62a
ACC06f286737b,DEVa3b501e62a
ACC1b684f1a74,DEVa1e17da3D3
ACC8acedae631,DVa3b501e62a
ACC3b150bd51b,DEVa1e17da3D3
ACC2c95a9b00d,dEVa3b501e62a
ACCfffb62f963,DEVa1e17da3D3
ACC9e7f033fa2,DEVa1e17da3D3
ACCd37fb91869,DEVa1e17da3D3
ACCb7c00b0a0c,DEVa1e17da3D3
ACCcadc4e5e39,DEVa3b501e62a
ACC0d56db0a09,DEVa3b501e62a
ACC3d9af97fa6,DEVa3b501e62a
ACCa5164d334c,DEVa3b501e62a
ACC8eb9ab4053,DEV50b35c201e8
ACCde7b471888,DEV50b35c201e8
ACC543234a604,DEV805f0d1e3f
ACCc60e972002,DEV50b35c201e8
ACCbd620a344d,DEV805f0d1e3f
ACC51958561da,DEV805f0d1e3f
ACC3c520fca09,DEV50b35c201e8
ACC7fa040410a,DEV805f0d1e3f
ACCa9969fd0b1,DEV805f0d1e3f
ACC98932f7f1f,DEV805f0d1e3f
ACCbc70eccbb3,DEV50b35c201e8
ACC8944c4bc07,DEV805f0d1e3f
ACC3b5d8a31bf,DEV805f0d1e3f
ACC82260c4593,DEV805f0d1e3f
ACCd9ff8d1a79,DEV5o0b5c201e8
ACC4c29d9ffa4,DEv50b5c201e8
ACC200c561bad,DEV805f0d1e3f
ACC7bfbff1655,DEV805f0d1e3f
ACC97e00d9492,DEV805f0d1e3f
ACC543991ddf6,DEV805f0d1e3f
ACC22ce9601f9,DE50b5c201e8
ACC2dad2ddc2a,DEV805f0d1e3f
ACC76778c0ccd,DfEV805f0de13f
ACC878d087312,DEV805f0d1e3f
ACC01942b20f4,DEV50b35c201e8
ACCda98b52229,DEV805f0d1e3f
ACC809b2c4713,DVE50b5c201e8
ACC444bbef99d,DEVec9d155a74
ACC3a8022f5bc,DEVd8b2581abf
ACCf5f7e4e6a5,DEVd8b2581abf
ACC45093eee70,DEVec9d155a74
ACC6a0dd72f18,DEVec9d155a74
ACC3c0370f233,DEV25fda381bE
ACCb4cb2f077b,DEVd8b2581abf
ACC984675d7b2,DEVec9d155a74
ACCaa37c1ff05,DEVec9d155a74
ACC7123213644,DEV25fda381bE
ACC9afe62456c,DEV25fda381bE
ACC1f792c9d17,DEVd8b2581abf
ACC751b01dbce,DEVee9c897183
ACC6d873d4f58,DEVee9c897183
ACC37562e9f0d,DEV25fda381bE
ACC2e74878f5b,DEVec9d155a74
ACC9750da6870,DEVec9d155a74
ACCfbe538e526,DEVd38b2581baf
ACC21b4a38707,DEVd8b2581abf
ACC71b72794fe,DEV5f29eeed71
ACCcce7c1800f,DEV7f76d4888c
ACC13c9ea6d2f,DEV7f76d4888c
ACCa2e3dc9d1a,DEV7f76d4888c
ACC46bfef45e2,DEVc8ec670d5
ACCdd8956322d,DEVc8ec670d5
ACC74cccc396c,DEV7f76d4888c
ACC569f4df574,DEV7f76d4888c
ACCba81f3a579,DEVc8ec670d5
ACC4aaf379719,DEVc8ec670d5
ACCaa13d96344,DEV5f29eeed71
ACC0513483e6d,DEV7f76d4888c
ACCf35b5c3534,DEVc8ec670d5
ACCd89f07049e,DEVc8ec670d5
ACCc3cddca93a,DEV5f29eeed71
ACCf647b3491a,DEV7f76d4888c
ACC915022c8f0,EVc8ec670d5b
ACC22df4a1571,DEVc8ec670d5
ACC4e719eb986,dEVc8ec670d5b
ACC28858680e2,DEV7f76d4888c
ACCa8cbdc0c2a,DEV5f29eeed71
ACCf3ea170faa,DEV5f29eeed71
ACC3e8dd9d2c5,DEV7f76d4888c
ACCdf19ff7922,DeV7f76d4888c
ACCb1bbfcf214,DEV5f29eeed71
ACC5793ea90d8,DEV5f29eeed71
ACC30bd39be42,DqEV7f76d4888c
ACC99fd83cc30,DEV7f76d4888c
ACC68038d46b3,DEV7f76d4888c
ACC05abc3e247,DE7Vf76d4888c
ACCed2a1edb4a,DEV7f76d4888c
ACCe58e681abe,DEV7f76d4888c
ACC1b05d438b6,DEVc8ec670d5
ACCfd79ae98e5,DV3fb164f234
ACCe3bd945b70,DEV3fb164f234
ACCdaeb0aad41,DEV05760421af
ACC39cb5302a5,DEV3fb164f234
ACC42df70858e,DEaafe72ad34
ACCce56a7318c,DEVaafe72a3d4
ACCc14ac4394f,DEVaafe72a3d4
ACCdbbf8d191d,DEV05760421af
ACC38485f99aa,DEVaafe72a3d4
ACCeb3337f7d8,DEV3fb164f234
ACC1ffb17bc1a,DEVaafe72a3d4
ACCe63f9246b8,DEVaafe72a3d4
ACC68d43b6b86,DEVf67f8db04
ACCc1f9956f2c,DEVf8667f8db04
ACC5f13e5644d,DEV15976e614a4
ACC54dfeb8b7b,DEV15976e614a4
ACC9477b88e9e,DEV15976e614a4
ACC52c21e8a14,DEV15976e614a4
ACCda04030389,DEVf8667f8db04
ACC45abd546ce,DEV15976e614a4
ACC0103ce561e,DEV5976e64a4
ACC7f3e31b044,DEV15976e614a4
ACC11f8bea8bc,DEVF867f8db04
ACCe7476edfc0,DEVF867f8db04
ACC074990a083,DEV15976e614a4
ACC25d64b5ec3,DEVf8667f8db04
ACCa18a3f25fe,DEVf8667f8db04
ACC89053f639d,DEv15976e64a4
ACC08d59d29c8,DEV15976e614a4
ACC16df76b321,DEV15976e614a4
ACC45db7dda02,DEV15976e614a4
ACC049aa33a6c,DEV15976e614a4
ACC2f447055ce,DV15976e64a4
ACCaabe52004e,DEVf8667f8db04
ACCf134e92692,DvEVf867f8db04
ACC1f48af77eb,DEVf8667f8db04
ACC18478c883d,DEV15976e614a4
ACC7820a0edd2,DEVF867f8db04
ACC4a6bd8b246,DEVf8667f8db04
ACC21c61b823f,DEVf8667f8db04
ACCe6858d84a6,DEVf8667f8db04
ACCeec304ba87,DEV0ed643827e
ACCccd59fc799,DEV4d833b11cc
ACCb31e3624df,DEVb1d345f7e0
ACCf62e4e1567,DEV0ed643827e
ACC40e1b87285,DEV0sed643827e
ACCe080033e03,0DEV4d833b11cc
ACC2a75980e6c,DEV4d833b11cc
ACC4cbf8cfc42,DEVb1d345f7e0
ACC51d158e5c6,DEV0ed643827e
ACCaf02f5f69d,DEVb1d345f7e0
ACC07eb4db2c6,DEVa5847a8db1
ACCa1999d895c,DEV4d833b11cc
ACCd96876c5b4,DEV4d833b11cc
ACCe132b3cc8f,DEv4d833b11cc
ACCad3c6b89ce,DEV0ed643827e
ACC1fb7e1c900,DEVa5847a8db1
ACC398e673fa8,DeV58a122c028
ACCf1ecc1dda7,DEVe67aae906b
ACC35220e4087,DEVe67aae906b
ACCe29b1a5334,DEV58a122c028
ACC7bd61aff59,DEVd1a32b8f38
ACCa4f322d603,DEVd1a32b8f38
ACCfc81d713a9,DEV58a122c028
ACC0e84f2884a,DEVd1a32b8f38
ACC15cf1bedc9,DEV58a122c028
ACCdfafca9bdd,DVE7f098fc480
ACC1c18e19910,DEVe67aae906b
ACCe4438c02ac,DEV58a122c028
ACC5695eca15d,DE7f098fc480
ACC9da2252a33,DEVe67aae906b
ACCf7243574fe,DEV58a122c028
ACC4794278ae6,DEV58a122c028
ACC2a09813ca6,DEV58a122c028
ACCc613df5d2b,DeVd1a32b8f83
ACC56ad4c7e0f,DEVe67aae906b
ACCe320d947ed,DEVd1a32b8f38
ACC12e718add0,DEVd1a32b8f38
ACC342ace3238,DEVd1a32b8f38
ACCfc6f0c0127,DEVe67aae906b
ACC7a2a65298f,DEVd1a32b8f38
ACC0ba6fb63c1,DEV7f098fc480
ACC24fb1e99d4,DEVe67aae906b
ACCdb94499c58,DEV7f098fc480
ACCe7494e53eb,DEV58a122c028
ACC831816fb43,DEVd1a32b8f38
ACC9e2b647f75,DEVd1a32b8f38
ACCdc6c8e5b39,DEV7f098fc480
ACCd666de66bd,DEV7f098fc480
ACC5c0b099a98,DEVe67aae906b
ACC390833dec5,DEVd1a32b8f38
ACC8975ab9669,DEV58a122c028
ACC241500222c,EDV58a122c028
ACC5a0e0309a5,DEV3fb164f234
ACC3d72a25bff,DEVaafe72a3d4
ACC6d499bb7af,DEVc8ec670d5
ACC86ef406d6f,DEV2E4df0bd5b
