account_id,payment_id
ACC7aa2054cb9,PAYfe8819a798
ACCc80d68366c,PAY831582eea4
ACC89efc69ec9,PAY1515ab42aa
ACCb482e5868b,PAYc4e96de52a
ACCb482e5868b,PAY96946666c
ACCd3e04022b4,PAY8f51e536cd
ACCd3e04022b4,PAY0a9ebadf99
ACCf217243165,PAY645f58w7263
ACCf217243165,PAYd25fa058d8
ACC97f7e675bc,PAYc88413d684
ACC7cfc608625,PAYF36a49bcdc
ACC7cfc608625,PAY2095176598
ACC26dafc6e50,PAY295fa8663f
ACC21f9b82f7e,PA7Yed8124ce0
ACC6f6fef14be,PAYd565b22129
ACCf90d40cab0,PAY8ad517d1e7
ACC28e639662a,PAY23e0e16907
ACCc616d7a034,PAYa04cef727f
ACC142d64bf2b,PAY4e774dd883
ACC142d64bf2b,PAY50d9cb7f27
ACC99872a7582,PAY5b8951717
ACC99872a7582,PAY76a33384ed
ACC384a84cd53,PAYe55ed98080
ACC94fd3b8a81,PAY8541d45487
ACCdc72f5c656,PAYa595681af2
ACC4627b29fb5,AYcff9e87d70
ACC4627b29fb5,PAYa54db748ac
ACC4225aa3cd2,PAY50185c642f
ACC4225aa3cd2,PAYa37ca45c0a
ACC4149ab24d8,PAYc855dd9E6e
ACCa2fef923b7,PAYd75cb4af90
ACC848b093c75,PAYe5d39fbc25
ACCb330dcf5bb,PAY01a8aaed1e
ACC8f76da6d31,PAY13ebc3d9c
ACC8f76da6d31,PAY5c1ebed961
ACCefd24787ea,PAY1Ba7f1a1aa
ACCec39a41de5,PAY9d711199ad
ACCec39a41de5,PAY9e86c9b41
ACCca055c0b61,PAYebf0be77eb
ACC62115dd3b5,PAY9b483a7e9
ACC361613d9a8,PAY97f1d1431f
ACC3337649731,PAYe5d9959639
ACC3337649731,PAYdb1f13b0d41
ACC9e30fd811f,PAY2dcf4cb092
ACC9e30fd811f,PAY07529b0b63
ACC0bf4b9f8e7,PAYd2713131bf
ACC6fc2ab4186,PAY688f45daba
ACC6fc2ab4186,PAY1600cdc0f
ACC4b4b0194ba,PAYcd7d30c1d7
ACC4b4b0194ba,PAY59d71c1458
ACCb78447373d,PAY39ca2172f29
ACCb78447373d,PAY6044abf6f0
ACC60001180f3,PAY5a0eabc0c3
ACC60001180f3,PAY6e64a3e81
ACC07d4859548,PAY31b156f447
ACC07d4859548,PAYf91cd165d67
ACC0571596fb2,PAY523b920e28
ACC0571596fb2,PAY2c52eb35e2
ACC84b5e483d4,PAYc2fe478871
ACCc66778fbc9,PAY8347efacf
ACC5d493aa3a4,PAY6b9aabd010
ACC5d493aa3a4,PAYej4ceedb486
ACCb88594cce5,PAYaa04b773fd
ACCb88594cce5,PAY2ka2332310a
ACC138b8e3b11,PAY4b6efccbe7
ACC138b8e3b11,PAY111923bb2c
ACCe72ef5471f,PAY04e3b38bf7
ACC7dd91fdbf5,PAY066ccd0e83
ACC7dd91fdbf5,PAY0dd088a5Fd
ACCc5d36597ea,PAY45989c4bde
ACC95adc08fd5,PAY97af040bB4
ACC0ca3bd670e,PAY913b08c3f6
ACC0ca3bd670e,PAY8d98740dc8
ACC98b8147576,PAY0385bc149c
ACC98b8147576,PAYb373b873506
ACCb2aed67930,PY0e282eb80f
ACCb2aed67930,PAY5031b31e45
ACCbb937c6315,PAcYce6e69db8
ACCc8d4677bd8,PAYf74ca60562
ACCc8d4677bd8,PAYa7d58d13f2
ACCf96631ed86,PAY87f616518d
ACC2b357f75bf,PAY8ffe4c4ea7
ACC82ac7d9613,PAY966mf0c73e7
ACC82ac7d9613,PAY2e8ea28c41
ACC9e7f8aa1af,PAY4aba6068bc
ACC9e7f8aa1af,PAYec05a2339b
ACC0b1a16c400,PAYc689086976
ACC0df0e9c828,PAYffcc7bc11s1
ACC0df0e9c828,PAY0pb122ba71d
ACC3a93be6a29,PAyb07ea3028e
ACC32f38b4fa2,PAYb2Ead7d4cc
ACCf68cd76caa,pAY5b7a211416
ACCf68cd76caa,PAY470566b4f
ACC7a8ddb793f,PAYfe4709cf76
ACC4d90540b85,PAYa9118fab4
ACC4d90540b85,PAY99715bb56b
ACCd8c6666659,PAY76e636446e
ACC4777c33dcf,PAYdaa850a7c7
ACC0ea5a3f796,PAY07ee38088b
ACC0ea5a3f796,PAY3d087ae5b8
ACCadcb5e165b,PAYf9b3a4f829
ACCadcb5e165b,PAYb054ee4908
ACCfc7df4ca60,AY143c84544a
ACCfc7df4ca60,PAYec91397172
ACC9c3dd9f58b,PAYeb6d447a5e
ACC0bcbe242d0,PAY1dde116278
ACC0bcbe242d0,PAY5699B14472
ACC5b38449de6,PAYbaa75aaeb9
ACC5bdf9aee41,PA8Yd0d0fc6e27
ACC5bdf9aee41,PAY60f313uc65b
ACC41ef821874,PAY1327cd0abf
ACC41ef821874,PAYb75ebf37b4
ACC37e288a275,PAYl0da278a1a3
ACC5bd9c0a193,PAYcdDe533196
ACC0f73e3e598,PAY9f928eaf23c
ACCd7d745a753,PAY2622bc5029
ACCd7d745a753,PAcb33491809
ACC6f79d29e84,PAYa4db36939a
ACC6d8092893b,PAYaab8b1b776
ACC6d8092893b,PAY23b03b878b
ACC8022da0566,PAYc15a1b415f
ACC97065a0303,PAYa243e251e9
ACC97065a0303,PAY306d6a9df2
ACC77d7853f05,PAY5506978360
ACC3bc7f0d66a,PAYfab7b05e46
ACC9af6183cd3,PAY7a8141ecac
ACC9af6183cd3,PAYfe15921911
ACCe78b2d937c,PAY8f0c6effe5
ACCafe5c5bc1d,PAY72c9b9607f
ACCfb8b262cba,PAYd7f58541b3e
ACC79a90ed78b,PAYf67dff1a21
ACC79a90ed78b,PAY526d15d2f
ACCd2cd63f1af,PAY7596086fa2
ACC2b55ebb1ca,PAY9f2ad5979
ACCe722d8495d,PAYfec2b596e2
ACCe722d8495d,PAY6cb1eabf1fd
ACCd3c46bba42,PAY5e289b1b28
ACC7c8a2b4984,PAYc9881ebaf8
ACCe8c7787cda,PAYf504eebdcb
ACCe8c7787cda,PAY0be9a4e91f
ACC7d1248c3b8,PAYf46d29d339
ACC5b4f00453e,PAY11b70f1526
ACC5b4f00453e,PAY87ba0dd950
ACC7e6e227e4d,PAY966a24fd5e
ACC79b7ec798e,PAY058e3e570
ACC79b7ec798e,PAY6c9ade495
ACCa9b11783f0,PAY73cb8ac044
ACC4b9f324597,PAY91354901ab
ACC92a10962e9,PAYdd264839ea
ACC9261682e1b,PAY51020a74dm4
ACC9261682e1b,PAYedf1519bc9
ACC9a66b52060,PAY325362ce8d
ACC9a66b52060,PAY036aacfcce
ACC7b98b00b0c,PYA5a61744dac
ACC7b98b00b0c,PAY89c8f46ed9
ACC495cfa736a,PAY2825ef8e95
ACC495cfa736a,PAY04a53c0930
ACC1d890cd4db,PAYb2e885ua8af
ACCe1fed78a10,PAYb3a0fb6803
ACCe1fed78a10,PAY014be3b90c
ACC6c04b91bd1,PAYa4d701db3
ACC6c04b91bd1,PAYfa0f6754c3
ACC953516cddd,PAY4f6c8ac3c
ACC953516cddd,PAYb2a3cbc7z14
ACCa98847e177,PAy62e5af09d4
ACC0dcd91ec4a,PAY1159c1a873
ACC174c0e7ca6,PAY9966826229
ACC174c0e7ca6,PaYbc53a4eca0
ACC0ca514bb2d,PAYa093e0c0be
ACC0ca514bb2d,PAY907a3bf112
ACCeaa9fbffc0,PAY1bf1ce2976
ACC8ae55e61a3,PAY1d9531d282
ACC941945ae66,PAYa574d62213
ACC941945ae66,PAYecc3d5aa41
ACC230b678377,PAY8af97982eb
ACC230b678377,PAY3d6caba245
ACCdb26f746d2,PAY8e2113f015
ACCdb26f746d2,PAY54b3266f49
ACCc2778c3e1c,PAY636c6e5649
ACCc2778c3e1c,PAY7c68fbeabf
ACC565bd9592e,PAYbc8896e637
ACC565bd9592e,PAY5751f906c2
ACC355d7e302d,PAY6aac211964
ACC62582e696f,PAYbc0b257872
ACC62582e696f,PAYd2c318109f
ACC4216d5349b,PAYe869d1751d
ACC4216d5349b,PAY83da3e09fa
ACCe8acfd7507,PAYe492beebcc
ACCe8acfd7507,PAYca95146f3b
ACC7e764e59f2,PAYc4a40b1bf8
ACCafb04f82d4,PAY89e1e56b2c
ACCae4f7ac5e2,PAY34ad5560c5a
ACCae4f7ac5e2,PAY3259af8cee
ACC4ab6e7257f,PAY1b00cdaae6
ACC8882c89385,PAY3a28aa2fc7
ACC8882c89385,PAYafeda66c53
ACCf93abfb0b0,PAYaab3159c1f
ACCf93abfb0b0,PAY9a43512960
ACC0ca3e28480,PAYd5572a2507
ACCef41cd1977,PAY51ff13a786
ACC8c84e4f96b,PAY1bb7dbdd7e
ACC06a6ba5a72,PAY854dc48f51
ACC06a6ba5a72,PAY79464316c0
ACCac67a96deb,PuAY4e85407b5b
ACC22f5121f20,PAYd5089fa7e2
ACCf94bdc8f39,PAYc5dbdf87f3
ACCd05fecad0c,PAYd5a3e44603
ACC04af980741,PAYacfd1dd315
ACCdde91a7cdc,PAY3fec161e24
ACC0e19da67bf,PAYb98949ced2
ACC0e19da67bf,PAYcae1o9d66f2
ACC9f43aef800,pAY08f9e7211c
ACC22ba07cb0c,PAY48f5ca0e61
ACC22ba07cb0c,PY81870a5618
ACCc731f68950,PAYe5196934b7
ACC0021553168,PAY2d7411b5ca
ACC0021553168,PAY4307da9837
ACC1ff554f5f7,PAY5c7a15af95
ACC1ff554f5f7,PAYe3e7ee284f
ACC9cfd145d71,PAY56e86136cc
ACC9cfd145d71,PAYfc54ecc90pc
ACC9caaa169a1,PAY2c617d96c9
ACC9caaa169a1,PAY2bd81bfdf5
ACC3735d99b03,PAY84840b5577
ACC3735d99b03,PAY02c4fad195
ACC88a54f4afb,PAY98c75e115
ACC0a016d45b8,PAY5581cbc2c
ACCab00028c6a,PAY953b457204
ACC20b1b1bf4d,PAYe7a4184423
ACC375ce511a5,PAY685a9490cc
ACCb9cab58473,PAY3d0b390b03
ACCb9cab58473,PAY2c4f4c92ef
ACCf2c3df8492,PAYb4c85d0a1e
ACCf2c3df8492,PAYb4f0bb88e5
ACC8105ec6f17,PAY583420948
ACC8105ec6f17,PAiY97009ac215
ACC839997a05a,PAYdc90ebc26e
ACC839997a05a,PAY7249414067
ACC5c6851aba1,PAY4611f4d8d2
ACCa9c70112fa,PAYdd51514ba
ACCb096d543f5,PAYbd72521f69
ACCb096d543f5,PAY43ceda7a78
ACC2d6458f3b7,PAY46ad83bd75
ACC2d6458f3b7,PAYf53bcd0ada
ACC9c0ba27deb,PAY14e5732739
ACC9c0ba27deb,PxAYbc742ce2b4
ACCb3bf5dfd1d,PAYe9fef7d34f
ACCb3bf5dfd1d,PAY17295782d1
ACC6ff5824248,PAYba179ca21a
ACC6ff5824248,PAY82f359bf88
ACCe918567906,PAYcc2b72ec8f
ACCe918567906,PAY71c9220771
ACCe6bbde63c5,PAY54c785bc77
ACC5ff858a125,PAYe83bdde5cb
ACC5ff858a125,PAY2c7005dc08
ACC1019cbfead,PAYabd8736b81
ACC6ae0ac74de,PAYc5556c1581
ACC6ae0ac74de,PAYba78796bdf
ACC9671e632d0,PAY5c2ac5a017
ACC5c806dea05,PAY2e4a81bf27
ACC04e5e3dab4,PAYa15872b7eb
ACC0d359ccfda,PAY1fcac3f398
ACC0d359ccfda,PAYa0b7986bb3
ACC9689a2da1b,PAYe3dad270ba
ACCba40b7aab1,PAYc5a4985238
ACCe75dfbfe18,PAYffca92cdb6
ACCf53977cbdf,PAY324b673702
ACCf53977cbdf,PAY77d855d99c
ACC0abae44080,PAY9fbce13d4d
ACC8092698f52,PAY12bf5e5139
ACC02c8f15074,PAY64df565996
ACCa9cbe3c430,PAYa8347535b2
ACCa9cbe3c430,PAY25190aee4b
ACC808b8b953b,PAYe1bb07207
ACC808b8b953b,PAYb9c05decc9
ACCc64fe74e1d,PAY04b7a6bd64
ACC67a3da5f4f,PAYa67baec4d
ACC67a3da5f4f,PAY8f2a84b1be
ACCa8ba3a201b,PAY85b2ce832c
ACCa8ba3a201b,PAY47d8f15ab0
ACCf4708a524a,pAY02337f5ce5
ACC8019ebd9cd,PAY5c6f86c7b0
ACC72620e6d49,PAYe2ea3314d1
ACC72620e6d49,PAY01c51bcda2
ACC6ff17de72e,PAY914ee198f3
ACC6ff17de72e,PAY944ee41b6b
ACCeb2761915c,PAYd47719998c
ACCb9e0d5cfa0,PAY43f8a18c6
ACCb9e0d5cfa0,PAY55c0c31f1hb
ACCa888cad204,PAYfa9e66c53a
ACCbf5665aeff,PAY52abvfcdc12
ACCbf5665aeff,PAYc56f93d7d8
ACC7a97e84631,PAY02b386659e
ACC93b8b916bf,PAY262ee3bbb5
ACC4aa5128501,PAYF2428eef35
ACCa0029fbce5,PAYf43bcb1fbb
ACCa0029fbce5,PAY8014a5b79c
ACC3a75d41886,PaY7cd07eebde
ACC3a75d41886,PAY565f5b26b2
ACC01a7a1676b,PAY62ac170cc
ACCe167f58d45,PAYf20d6ae9d1
ACCe167f58d45,PAY1ec0637aab
ACCbf603e26ab,PAY5160c66cA2
ACCbf603e26ab,PAYec7c48f769
ACC058abe14d1,PAYcf8457986
ACC058abe14d1,PAY912b45d569
ACCea34a19ade,PAYecef19cbe0
ACCea34a19ade,PAY4dba063364
ACC058b1e3486,PAY26513a874
ACC058b1e3486,PAYff4750219
ACC522124b74a,PAYc0167fe178
ACCf3049d679e,PAYf558509e8f
ACCf2c21ab121,PAY7adf323bf9
ACCf2c21ab121,PAYa3df51c5cf
ACC247c26eec6,PAYf6bbd17906
ACC247c26eec6,PAY36fe676353
ACC8d2b21c99a,PAY0adfe2d767
ACCed5f87de14,PAYe1b2353cfA
ACCed5f87de14,PAY99b64aeecf
ACCac4f17adc6,PAY7bf43862d89
ACC4af2b55e39,PAY7fc09618b0
ACCc36afd888b,PAYf838dc0982
ACCc36afd888b,PAYfbb9ccaa333
ACC41a0434023,PAY5f6baae6f5
ACC9af4ce6a27,PAY432f2b3bd7
ACC9af4ce6a27,PAY34e50a3559
ACCe68c2d9e37,PAYb4cb5550d6
ACC2e543d5112,PaY7096b8a58d
ACC44fc5bc8d6,PAYcb5f541d5
ACCbb59e57980,PAY7c66bd045a
ACCef39d6cf40,PAYfacb081f77
ACCbc09f237d9,PAYc0035f2d26
ACCbc09f237d9,PAY1083e9aa8c
ACC4e58d9f5a9,PAYc03090f02a
ACC4e58d9f5a9,PAY65ed82cf34
ACC458add9029,PAY8d3c538f3e
ACC458add9029,PAY11b5fa4ed5
ACC8c5f253d5b,PAY0448621783
ACC86d434ec1c,PAYb5859a0b5d
ACC86d434ec1c,PA04ae9f6e38
ACC75d463a5d2,PAY2297f33a3
ACC75d463a5d2,PAY1c93e89f8
ACC0b78a9d192,PAYe820033a31
ACC0b78a9d192,PAYd4a329f0bb
ACCd9e15316da,PAY6d0101430f
ACC41cdd841d7,PAY71d1b5a82a
ACC4c9b6daf89,PAYf9b89ca2e9
ACC4c9b6daf89,PAYc5f53f5c56
ACC2dfefc0f95,PAY67b1a26056
ACC2dfefc0f95,PAYb6024e32ed
ACC7316db7c0a,PAYc663314e7f
ACC7316db7c0a,PAYa5ae55d919
ACC30742bba9e,pAY6f844497ad
ACC30742bba9e,PAYbd741d9c9c
ACCfda7140341,PAYef6c982086
ACCfda7140341,PAY1a6d85b33a
ACC98d4e6e97e,PAYb2b0c56052
ACC98d4e6e97e,PY5843d5f6d9
ACC2e6ffacbdf,PAY976dd1d8db
ACCbb6ee30f52,PAY57b3a0de50
ACCbb6ee30f52,PAY6b040c4082
ACC7e0b4c4c5a,PAYa2f305b101
ACC7d49bb8785,PAY3365596f07
ACC7d49bb8785,PAY23d53a496b
ACC7ee595444c,PAY882f7c9ec2
ACC6e75c930b7,PAY681bab0e7e
ACC73f7fbae9e,PAyc02e80f9b6
ACC73f7fbae9e,PAY16ae007c85
ACC33c61c508c,PAY78db55c824
ACC1908d08f2e,PAYd92cf3ec8a
ACC1908d08f2e,PAYc16429a57b
ACCe397dc8da9,PAY6e4298f5b4
ACCe397dc8da9,PAY65049f6837
ACCbdad94f9c4,PA89aeae0d1b
ACCbdbcc4a472,PAYfc73fD10c8
ACCbdbcc4a472,PAYd591ccb57a
ACC500f9a9f3f,PAYe54e9c03e
ACC04947e71e8,PAYeefcb0b892
ACC89f5d5ced0,PAY5095625b60
ACC89f5d5ced0,PAY6b51b3ba2c
ACC883c0d6d3a,PAY084e51a797
ACC1b9966ac55,PAY19f3c3fdd4
ACC1b9966ac55,PAYb38dd36cee
ACC28cc421bda,PAY0483028bfb
ACCe3165eb2bb,PAYa1e7842210
ACCe3165eb2bb,PAYe0efea7b86
ACC5fdbd692f4,PAYa5c84cafa3
ACC37766cf756,PAY0ffe424ef1
ACC62d1a81347,PAY16f1d2797a
ACC62d1a81347,PAYeee7c98a31
ACC2c652d18ca,PYA1bc9ac6ffa
ACC6f92a1216c,PAYd728002f3f
ACC6f92a1216c,PAY73136147e2
ACC45bbd04b99,PAYcca11698c3
ACC45bbd04b99,PAY9cD0eae3ae
ACC368b114ccc,PAY7a5f778800
ACC3d01dd4d12,PAY54f9bb6513
ACC3d01dd4d12,PAY56d4cfe546
ACCb5eb9e371d,PA1f2804ba1a
ACCb5eb9e371d,PA0a49684ab1
ACCe6888ce769,PAYa9e0b544c1
ACCd13a7b4f44,PAY676b4d7ec7
ACCed10f707cc,PAY87fa56c818
ACCed10f707cc,PAY8bc5d1ffaa
ACC6d603895dd,PAYba55bd63f3
ACC6d603895dd,PAY9e1426ba48
ACC5b9f0d09ad,PAkYf39f2d5902
ACCe4365840d8,PAY007899c59
ACCe4365840d8,PAYb84ec6fdf
ACCa4dd7de0ad,PAY7ac3cb99f7
ACCa4dd7de0ad,PAYf9afec6171
ACCf4b9fd60f0,PAY3afe8fdb88
ACCf4b9fd60f0,PAY3027cebb26
ACC6d10267a3d,PAY0543e18951
ACC6d10267a3d,PAY88c5495d32
ACC878efac358,PAYc98c20fb29
ACC878efac358,PAY15b2e524af
ACCc149967d10,PAYd26a601d3b
ACC406435099e,PAYbce78802fb
ACCe03029478c,PAY35a741b9d0
ACC2b4d0f7b73,PAY2bd216fa48
ACC642f6154e8,PAY80f9ba8545
ACC82ab3e4a38,PAYb3482ff933
ACC82ab3e4a38,PAY9f3a416261
ACCb4f4897623,PAYc3962b34b4
ACC81a22f03db,PAY5eb160b0c0
ACC81a22f03db,PAY24a9648ba
ACC04d43e1733,PAY337d0f82d9
ACC04d43e1733,PAY230f837f52
ACC1cea8c24aa,PAY3f327b4487
ACCcbb928a993,PAY7d98sf42d68
ACC72a9f56201,PAYecd714aa7x1
ACC7c6df2bb97,pAY01914db4a4
ACC69045b1c83,P8AY58befb89da
ACC8ef3c78d83,PAY9e62af957e
ACC8ef3c78d83,PAY5b05eed61
ACC6fd5ac6192,PAY9c93554f5
ACC6fd5ac6192,PAYc3463b4843
ACC00a50bb22f,PAYe6e1b12853
ACC6e91a1752d,PAY5e60743e5f
ACC6e91a1752d,PAY930cadc4aa
ACCc0deac97e6,PAYf76c97f06dc
ACC40bda9508f,PAYbf3260a464
ACC40bda9508f,PAY026eec6a77
ACCb3351b358b,PAY782dd5d88a3
ACCb3351b358b,PAYa976a91b79
ACCde364bf15e,PAY45f6356b89
ACCde364bf15e,PAY0f117eb4fe
ACC4240524c59,PAY349eee0837
ACC4240524c59,PAY9fb425894f
ACC4ed7978426,PAYd827ee8bf1d
ACCb626e0c6a1,PAY254066e9ac
ACCb626e0c6a1,PAYc5f4055510
ACCed008c9b14,PAYfacr2d1e2f6
ACCed008c9b14,PAY941f49f1c2
ACC50e431a33a,PAY3d8f886409
ACC50e431a33a,PAYdb43a64306
ACC37f12390ee,PAY9fe279ea20
ACCc74c8fbf16,PAY8913f404eb
ACCc74c8fbf16,PAY680c4cf1b1
ACCcb036bde2b,PAY19c1115c84
ACCcb036bde2b,PAY4e263324f7
ACCe5c6e788cd,PAY410f8788c9
ACC15b598b8f4,PY5baaa434e4
ACC91ffcdceb9,PAYce131566bd
ACC91ffcdceb9,PAYc0500ac62e
ACC344cb9edcc,PAY658fcc7af9
ACC344cb9edcc,PAYe979077042
ACC304bec4021,PAYe2b284d3c5
ACC304bec4021,PAY727933c8x8e
ACCf48b4887e5,PAYd4768d91e0
ACCf48b4887e5,qPAY9c72e46daa
ACC0a51051d32,PAY1a7d92b008
ACC0a51051d32,PAYcd81265e88
ACC69b54735e3,pAY73b481e4e7
ACC8b0be97f11,PAY1cb6a300f3
ACC7c9a4c59aa,PAYb1f483f225
ACC12d0586faf,PAY19da65110e
ACC66e1b2a499,PAY0349c11191
ACC679672ab0a,PAYb009861c34
ACC679672ab0a,PAY5394327acb
ACCb30622bcee,PAYa6aa705b1f
ACC488839c377,PAYc36a5d4b641
ACC154de0928b,PaY7597c14a81
ACC154de0928b,PAY916daf2d27
ACC210791c6ef,PAY4a3c18a959
ACC210791c6ef,PAYfa0cd1c6e
ACC48537310b0,PAY3279d7adca
ACC2b94339776,PAY5d21c391b2
ACC24466f9eba,PA72b9763bda
ACC24466f9eba,PAYf234d81b80
ACC9b36afdb63,PAYbb8d6abf5f
ACCbb0c1dd79e,PAY513f3689d7
ACC314b46aa98,PAY4675a0e3d7
ACCee1386d642,PAY547adb93b9
ACC6642597a19,PAYbb1aef0466
ACC8567c704d2,PAY3d97930c73
ACC8567c704d2,PAYd5a8d99be8
ACC855e97f85f,PAY3d9ab57ee4
ACCac61aa4849,PAYf001cd8bb3
ACCac61aa4849,PAY93ab3da68e
ACC3b4f12f0cd,PAY0b8e46ed0a
ACC3b4f12f0cd,PAY8735601931
ACCfc8bad1f88,PAY20de62a19E
ACC9ab67d34cc,PAYe69f94898b
ACC9ab67d34cc,PAY4e1dd100b7
ACCff16b70f88,PAY4efd1a92df
ACCff16b70f88,PAYf913a4fdbb
ACC8abeb5fe97,PAYfe8f7e4eed
ACC8abeb5fe97,PAYba065f55e5
ACC15d3f25387,PAY4962f4f0d3
ACC63487d64c7,PAY226001f67c8
ACC63487d64c7,PAYbf757555cf
ACC1775a4212b,PAY72497d95f
ACC1775a4212b,PAY2a5b30a125
ACC50d16a4a4f,PAYe9ed9b3e87
ACCa58a0c6a77,PAYcecc68a488a
ACCa58a0c6a77,PAY909fc4e342
ACCa788331234,PAYe237105c8c
ACCa788331234,PAY4d68662707
ACCbd0f0fde35,PAYce5094e2053
ACC8b74224a92,PAYa627bddfc7
ACCd4dea4768d,PAYc48428e8b5
ACCb417aac56a,PAY1a79bac352
ACCb417aac56a,PAY00dab242c4
ACC97c4a47de1,PAY8e6d153da9
ACC992601755c,PAYa89dfd32e7
ACC992601755c,PAY86040ef127
ACC96bd821991,PAY0bafb1fd3d
ACC5a23a6a2a2,PAY643ec4235c
ACC5a23a6a2a2,PAYae6555f8b7
ACC78989666f7,PAYbcd8575b06
ACC57562a2525,PAYf7d16aDb1f
ACC4b68062036,PAY14c725ce43
ACC5e696ccef5,APYbe10817af8
ACC566422f62c,PAYeae0f2260d
ACCfd54dad5f8,PAYac883b88d8
ACC8ca408b74f,PAY8c7cbcb7b1
ACCd97a8fe425,PAY96b419162e
ACCd97a8fe425,PaYdf3fd703cb
ACCd0ab92e239,PAYd008decdda
ACCd0ab92e239,PaYb78dd4f3cf
ACC59465d2d49,PAY200ba46c7f
ACC59465d2d49,PAY8e1803ea27
ACCb353d4e6ba,PAY1efd0bf137
ACCa4498ae956,PAYfbed57791b
ACCfa790f2262,PAYf98a5374da
ACCfa790f2262,PAYb0564f0505
ACCf36135145d,PAYd3632fc2d5
ACCf36135145d,PAY6fcd8a834f
ACCd0beb76b44,PAYbc08e5dfea
ACCd0beb76b44,PAY485b5e6b94
ACCf29e4e22ab,PAYe8003ba22d
ACCf29e4e22ab,PAYdc9476d6e1
ACC7d0fe6c3e7,PdAY2aea82e901
ACC6379dc58f4,PAY8b0d5e392c
ACC244b7b6bc3,PAY313ae3fc26
ACC26187117e7,PAY5fbcd3e684
ACC26187117e7,PAY6408a472a
ACC04395474fc,PAY96bd7eee1c
ACCbb0c2c4060,PAY2094681b28
ACCbb0c2c4060,PAY340e648a8c
ACC090948f10d,PAY94bec85b94
ACCe98e1157f3,PAY03c6d9c215
ACCe98e1157f3,PAY5f1fde8d2b
ACCf6c57db9f6,PAY363981fb4c
ACCf6c57db9f6,PAY5da4c3c999
ACCd7d761296d,PAY86b3247354
ACCd7d761296d,PAY6407365644
ACCcb396b637d,PAY8909411c0f
ACCfa0b658403,PAY26e01d32c
ACCfa0b658403,PA7Y8eebe12e8
ACC12d136c805,PAY3f78f7f632
ACC12d136c805,PAY20d6a7d7ed
ACCd16e898990,PAY0e24a658b3
ACCd16e898990,PAY2b605bc6c
ACCb36e6125fb,PAY4b55395f58
ACCb36e6125fb,PAY08b7cc601
ACC685ae938c5,PAY482c31ed14
ACC1d602067bd,PAYd941fdab37
ACCd81ac2d14b,PAYd0d6435b1e
ACCd81ac2d14b,PAY61221fc538
ACC5af2460c1d,PAYd530c52ebb
ACC5af2460c1d,PAY173b86q0c0d
ACC4db83786a7,PAY5c2775a5cc
ACC4db83786a7,PAYef7f57b734
ACC045ab0f5d0,PAY609c44fcf4
ACCdd1bc1c29c,PAY36f4ae266c
ACC6a9e77e9b9,PAYc20d6cbf09
ACC96ae034b2b,PAY0he30343378
ACC96ae034b2b,PAY522363d426
ACCa57012f20e,PAY29a47144a4
ACCa57012f20e,PAYd89ed8062b
ACCb4a02e7b2e,PAYe95d44b86b
ACCb4a02e7b2e,PAY16dd1494b4
ACC82564b6716,PAY2643738a49
ACC82564b6716,PAY26c0a4b583
ACC0b710f7649,PAYbd652bae33
ACC0b710f7649,PAY71460a83cc
ACCcf5c0cca02,PAY6f6cfa23C9
ACCb90e90bb7b,PAYddfaD858a8
ACC6b169e848a,PAYba9a182863
ACC366d0d18b1,PAYea85f382e1
ACC1455374dd7,PAYceeacdf05f
ACC1455374dd7,PAY1eafd16fb3
ACC93764be93d,PAY1f3f750cb7
ACC9e4445731b,APY7376963755
ACC120e352a2a,PAY5a3bc8a453
ACC120e352a2a,PAYae5e2f1301
ACC968ea5eb3b,PAYf81c280598
ACC092591adf5,PAYfaa58a80ee
ACC092591adf5,PAY2668c15841
ACCc6002a81cd,PAY826a1f4707
ACC4e313a412e,PAY72487f6eb3
ACC4e313a412e,PAY101afed61
ACC9d26244e18,PAYc0201859f0
ACC3ed3f3870c,PAY5d8edf70a
ACC3ed3f3870c,PAYb463a2a185
ACC1575b1c5e5,APY09d70d6227
ACC5e89a4bb37,PAY59d2c5e706
ACCf71484aba2,PAY911c0db016
ACCf71484aba2,PAY01f6fcf0cc
ACCdbf06eb622,PAY78efd2deb
ACCdbf06eb622,PAY2052514a8a
ACCfa0fb21b48,PAY79dac246e7
ACCd2c457a1c3,PAY21beb4cd2d
ACC271a12ec38,PAY66025dbfe8
ACC9ddcabf743,PAY178481df453
ACC9ddcabf743,PAY2246385fff
ACC9501379f19,PAYcb08cf7595
ACCe4d5475c58,PAY71511f2C13
ACCe4d5475c58,PAY640f469971
ACCbbc9483666,PAY5ba7becff4
ACC04589f2b60,PAY9842e48c1
ACC04589f2b60,PAY76b76ee17d
ACC36c05ba807,APYc23cfd96c7
ACCa95930748f,PAY8400d9147a
ACCa95930748f,PAY32da4daqa80
ACCb340c53e0e,PAY3a2b4bace1
ACCb340c53e0e,PAY93f76ef0f0
ACC0e46dac828,PA7406549a5d
ACC0e46dac828,PAYd9d7deed55
ACC5bc7e6fcd0,PAYa61e9ab44b
ACCa5f6f68582,PAYf4f6ed15ua2
ACC1c70334c6a,PAY5a1dbb11e3
ACC287fd711b6,PAY2d5efbbda0
ACC3926ad8e94,PAYba5f4d05dc
ACC3926ad8e94,PAy451f53a279
ACC3e8d56567f,PAY64e9a748a8
ACC3e8d56567f,APYc2125bd2d7
ACC732842c91b,PAY6e6082bd3e
ACC0ef053e174,PAYfe78f1e289
ACCdd33015624,PAY0b898851e5
ACC60a2700b65,PAYee3986cdf7
ACCb1a89fca64,PAYd80b465b43
ACCb1a89fca64,PAY8b4d22a212
ACCe5834669da,PAYa9124cc84e
ACCe5834669da,PAY9ce086bb5d
ACC60bea86df8,PAY5ce54ab7b5
ACC60bea86df8,PAYfa44699b40
ACC44a2e86fdd,PAYcb8a49c32
ACC44a2e86fdd,PAYfcab614f58
ACCb393b547d7,PAY560720183B
ACC9081ed1ed6,PAY51c192567d
ACC9081ed1ed6,PAY8a325c84a6
ACC49e4442deb,PAYb0ad41c7d
ACC41a7ac140a,PAY84fd0ea181
ACC92207e4a02,PAY66a97b68e3
ACCde550ea76a,PAY5a59b1afa7
ACCde550ea76a,PAY4da9e88493
ACCdba5a261fa,PAY492b47adae
ACCd55626c260,PAY29f0e8643d
ACCdbd26a3375,PAY622fac92bd
ACCdbd26a3375,PAYabf4110a08
ACCe4f434c152,PAY635355066a
ACCb91ac2294b,PAY6605fa5d10
ACC485ad90c80,PAYd9f54ebf9
ACCf11608ba2d,PAYc68a1d4ef3
ACC9aa50e3f05,PAY3f5e9c355b
ACC0cf50d7dc1,PAYa5d28b0e58
ACC0cf50d7dc1,PAYebac5b46590
ACC7cbb883e04,PAY1036204bf3
ACC1559fd7bb7,PAY2668934c9c
ACC1559fd7bb7,PAY5348869f3B
ACCef6d0e4ca9,PAYc87ea756f9
ACCef6d0e4ca9,PAY78642f0b5c
ACCb28587ed8e,PAYab16d9dda3
ACCe08dfb81a2,PAY9de4380ea0
ACCe08dfb81a2,PAY53dbddf453
ACC00825ffbb4,PAYc5bea0a31a
ACC0d29f06276,PAYd19a27e166
ACC0d29f06276,PAY51acd884fa
ACC857b1ed299,PAY076e60886b
ACC857b1ed299,PAY9d635c86d3
ACCa44797f7cd,PAY671bb08c08
ACCbbb6455c1c,PAYbf9c92331
ACCbbb6455c1c,PAY78a5fbcf889
ACCe72df3063a,PAYefqf99fde1e
ACC42f3221975,PAye989f11bbb
ACC42f3221975,PAYcb540a9133
ACCd1280be1db,PAyd85efeef31
ACC43b30407b5,PAY219f789129
ACC43b30407b5,PAYdbf68645da
ACC1c17ff97a1,PAYcae2b526r07
ACC6c80c19996,PAYf19309a64a
ACC6c80c19996,PAY2875b0b9d2
ACC9c39f1ff1c,PAY1c948c9319
ACCc29606c2bf,PAY2c1b491340
ACCc29606c2bf,PAYf6f5c1a851
ACC7ce279ad87,PAY9f04297d0d
ACC7ce279ad87,PAYc896e6110c
ACC85e56b8d31,PAY0bc698b0f2
ACC85e56b8d31,PAYc76698c77b
ACCa7a670caac,PAYa393186de8
ACCa7a670caac,PAY48446f9914
ACC1e189c1e03,PAYe8b812c33d
ACC1e189c1e03,PAY6caf210a8
ACC9264667b55,PAY59efeb5c85
ACC9264667b55,PAYBfc502b736
ACC82e18fd52f,PAY8b0d886744
ACC82e18fd52f,PAY1b83995c54
ACCcac6097675,PAY01309220a6
ACC2d68017625,PAY1d46affb4
ACC2d68017625,PAY511d3z0df9e
ACC9b9c37ca32,PAY06b9169000
ACC7067287d8f,PAY040dbdcf39
ACC7067287d8f,PAY223255e815
ACC96d90e752a,PAY8426fcf075
ACCa2ebad196d,PAY90ab75cf0s3
ACCa2ebad196d,PAc74cdb822d
ACCc05f43a5d2,PY9b552ff15b
ACCd30c33e3c7,PAYba78ef5c53
ACC23e5010d4b,PAY0c984fd779
ACC998a8d4ce2,PAY863c1abdea
ACC990c42d5d5,PAY41e523f201
ACC4448947d7a,yPAY260772f17e
ACC4448947d7a,PAY78fc3d2005
ACCdd100a691e,PAYe2f23ce0a0
ACCdd100a691e,PAYd39cd9cb15
ACCade2659a63,PAY5711a12e29
ACCade2659a63,PAY05908452cf
ACC66c9542e95,PAYaa1693a25f
ACC66c9542e95,PaY6e6e5e6d63
ACCf6678826a3,PAY1865659f6c
ACCf6678826a3,PAY99feb4691w1
ACC58428ec3c4,PAYef005b5ae97
ACCf470f2f0c3,PAY8b8ed594e4
ACCf470f2f0c3,PaYcce82b3a19
ACC6af97a1bd3,PY5112ca3f67
ACC6af97a1bd3,PAYa8ba426876
ACC684b81dbc6,PAY909ejfb106c
ACC684b81dbc6,PAY1f7c03ca1c
ACCfbdbb2abb0,PAY417cBd7d82
ACC306c1bfb2d,PAY805af0448b
ACC306c1bfb2d,PAxY3f950f3a50
ACC595253304f,PAYc16ce6073f
ACC595253304f,PAY285f25bc65
ACC1f24547d95,pAYe562ec636b
ACCf0f7bd6fb6,PAY86f4a1ebab
ACC7d327619a2,PAYfcb98e29e7
ACC0430a633e2,PAY28881df3c3
ACC0430a633e2,PAY25fe8ed7b7
ACC3b7007be79,PAY1a5191f951
ACC3b7007be79,PAYeb45c007b3
ACCcc6b731771,pAYe353765a61
ACCcc6b731771,PAY1f3dc93bbc
ACCf8cc82c698,PAY037741aac2
ACCacdff04b48,PAY7befdf9d63
ACCacdff04b48,PAYEa5d518ee4
ACC5579467274,PAYfb115a53b0
ACC5579467274,PAY2d01d1662d
ACC476dd6e135,PAY95489e3ce7
ACCe5561d04f8,PAY5fc1df511a
ACCe5561d04f8,PAY4309169953
ACC1df3f0a91e,PAYd2b7e44eaa3
ACC09ce5b5122,PAY7e89ceccfe
ACC09ce5b5122,PAY3a59ce1f71
ACCf0ae39595d,PAnY4e888ba30c
ACC14a6b0cb27,PAY68204d8f8
ACC14a6b0cb27,PAY06fca6e188
ACC2c2d1397ba,PAYa728de9e40
ACC2c2d1397ba,PAY28ec1c7d36
ACCf2222502f8,PAY9b226dc560
ACC8d756c9d86,PAY5e31527662
ACC8d756c9d86,PAYb60eb04628
ACC0a33039aed,PAY1f299a0999
ACC0a33039aed,fPAY285bba7f2d
ACC742f044c59,PAy2083333d74
ACC742f044c59,PYAcd76749b81
ACCace9056dc4,PAY6aeed337a5
ACCe15292d15b,PAY9bce796bc5
ACCe15292d15b,PAY1aa3783dd8
ACC540ab968e0,PAac01b1bf8d
ACC540ab968e0,PAYb301B4df00
ACC7811d739c2,PAY6a24a524dc
ACC9fe1bcd2e4,PAY1a90t15a8a7
ACC18b9f08598,PAY44c0f830b8
ACC18b9f08598,PAY13f45db8e3
ACC28b4b18511,PAYa5c3c4a6ee
ACC28b4b18511,PAY95ac46b279
ACCe632e20e99,PAYa663943169
ACC553793baa6,PAYc5970a2696
ACC553793baa6,PAYbfcd7c2fbd
ACC6d6f122704,PAY987f6e9056
ACC6d6f122704,PAY131a5b0640
ACC05e3bfb0b4,PAYba12b63649
ACCe67e0b79cd,PAY76c038f02f
ACC06c4f8c507,PAYb169a91fb6
ACC06c4f8c507,PAY6930afc0e4
ACCe7c4ecdd7a,PAY0481a6ce76
ACCe7c4ecdd7a,PAYf6e06378e0
ACCe0bb971c54,PAY3c4636a920
ACCe0bb971c54,PAYa0627b279f
ACCbb2c6adc93,PAYf4ea0ae289
ACCbb2c6adc93,PAY8f8c7f12dc
ACC98b9590c48,PAYf220dcf7dc
ACCff48c0f731,PAYb55b7468f6
ACC45939d0b20,PAY96099a0dc1
ACCfb07a56c90,PAYfe70bbe298
ACCe51d67ea0a,PAY218fa53b27
ACCe51d67ea0a,PAY417051c250
ACCcad1fc1690,PAy0d0f635ca0
ACCc7e1f45f3b,PAY1b6481f3c9
ACCc7e1f45f3b,PAY7978f326a6
ACCebd4376e64,PAY46466b881c
ACCebd4376e64,PAYaebf0f5d0d
ACC525002f496,PAY98e9fe5qaf9
ACC070eeb7241,PAYd3b178e216
ACC070eeb7241,PAY61b5b09201
ACC5ff941f2a0,PAY32d014b1c9
ACCb32330a012,PAY04a997459d
ACCb32330a012,PAYb706cc1ed4
ACC43082bd474,PAY3ad80ebfd
ACC0101e151c4,PAY9a56b97bf3
ACCa7f2bc305a,PAyc219b1fa4c
ACCa7f2bc305a,PAY17d702adba
ACC3290cb2524,PAY0715187a1f
ACC3290cb2524,PAY39944264f
ACC8ed50fc668,PAYaedab3b32c
ACCfb33814185,PAY6b096ebc85
ACC8c38c8f30f,PAY28c414dt855
ACC8c38c8f30f,PAY13e6e94f47
ACC545b45d005,PAYd0a98d58fe
ACC8756490c1c,PAY95f0ac3dd8
ACC8756490c1c,PAYad37d71e5
ACCf6220d6df5,PAY3173179827
ACC62f1d76454,PAY02c7a56442
ACC3edec0cb59,PAY0ae97cadde
ACC3edec0cb59,PAYe23a8ffcdf
ACC8dce036e48,PAY1d20eb29ff
ACC8dce036e48,PAY698fb977d
ACC1cdca10fe1,PAY8b60bde19c
ACCac1bbe7df9,PAY8724845fc2
ACC21e3fceece,PAY4b8a7b486c
ACC21e3fceece,PAY2707bdfc0e
ACC7e2f2de698,PAY5271770d4c
ACCe1f8d947a5,PAYd7bbad4f11
ACCdb872aba4f,PAY8359ca0c7
ACCdb872aba4f,PAY31ae32bb36
ACCe2d9c3df9a,PAY41dfa6a8cf
ACC8b4a951f8f,PAY567c69c1309
ACC8b4a951f8f,PAY978847d28c
ACCfe4699f3c4,PAY20ce45493a
ACCafc225e7cd,PAYce9330652d
ACCebb6e496ac,PAY8955b87a5a
ACCebb6e496ac,PAY9d6fd85d08
ACC6c4fa67f03,pAYcb6f57b482
ACCd7a88c7b8c,PAY1c7f13ac17
ACC9bf8b24e76,PAYe488522976
ACC6d6db2b8fd,PAY08c256c188
ACC4953f5f8d2,PAYc336fb5052
ACCcd8275dc81,PAYf44f497ce6
ACCcd8275dc81,PAY9711ff0cc7
ACCa30298e67f,pAYc8ba63b4c9
ACCc3cb39ae42,PAY0ffc86a6c9
ACCc3cb39ae42,PYAdad8610435
ACCa355d99ac7,PAYbb45cc365
ACCa355d99ac7,PAY56c28ab56d
ACC325039a643,PAY84c7e13626
ACC325039a643,PAY8e0c30d00
ACC7b80e5a71b,PAYfd2bab6637
ACC4183db1295,PAYb6e7fr8a648
ACCe859b1e0f1,PAY99b6dffbe0
ACCf313a3d06b,PAY4bbD1f945c
ACCf313a3d06b,PAYea37490dd3
ACCeff0c6c886,PAY2a54862246
ACC59d2074aa9,PAYf17eb4dff5
ACC4adbb2601c,PAYc1037e050c
ACC4adbb2601c,PAYdae57ed146
ACC6adc7a7416,PaYa6055f20c0
ACCd739b6537a,PAY6e2f7a4173
ACC3327dba183,PAY9811815644
ACC3327dba183,PAYdd460b1Cd1
ACCb66f07569c,PAYf58dd728bf
ACCb66f07569c,PAYc97e88fe20
ACC0dfc1d95f6,PAYfeaea4a567
ACCe89663a9b5,PAY80463ff30a
ACC004ad23cb2,PAY41a214b12a
ACC004ad23cb2,PAYe86c291b5c
ACC17457993f1,PAYf89639170b
ACCd746f2f994,PAY4d3f264a2b
ACC34bd520959,PAY1361b45f36
ACC34bd520959,PAY8262eeaecf
ACCbf01b1bd59,AY418f018ba1
ACCbf01b1bd59,PAYbcce3d1642
ACC3791fe07e4,PAY3bb56bd313
ACC3791fe07e4,PAY9c7e5d8615
ACC286a20d60c,PAY2cff5abbc7
ACC286a20d60c,PY100b6a6596
ACCc10fc5d8db,PAY04db00b4af
ACCc10fc5d8db,PAY26d6ccae83
ACC6fc055d13f,PAY1b8febe5e5
ACC6fc055d13f,PAY098871ab17
ACC465f028d80,PAYbde9f567f1
ACC21813ddeed,PAY619c489937
ACC21813ddeed,PAY0a721a3e28
ACC5120dd91c7,PAYfb160619d9
ACC5a35ee2d72,PAY6a0a5b7606
ACC9a127cdc96,PAYt161f38ce1e
ACC76732a4e20,PAYdda83dcede
ACC78b65def0f,PAYcd81d3851b
ACC890a8c6932,PAY04a74d531c
ACC890a8c6932,PAY91b597c309
ACC46a4f7e8ba,PAY24f89f8d53
ACC46a4f7e8ba,PAY9563936280
ACC7d5f3286c1,PAYf7b0e45982
ACCc63ed5d63e,PAY3d0519cfa2
ACC3df9e37bf4,PAYcfc0dd72f9
ACC3df9e37bf4,PAY2e5484e9cc
ACCd5885c619c,PAYb09a8894c
ACCd5885c619c,PAYa39269ce8c
ACC337bf232a6,PAY9b3c644d07
ACCd485c81323,PAY5f19e269da
ACCb7722868c0,PAYac486ed809
ACCb7722868c0,PAYde0e2a1c71
ACC74f5d6c25a,PAYe95fedd662
ACC74f5d6c25a,PAY67e948d29a
ACCd0973f3ae1,PuAYbd27e0a76f
ACCd0973f3ae1,PAYbb90eade76
ACCe69f2e27c2,APYfef1e0c635
ACCe69f2e27c2,PAY3caf56fcd6
ACC755cad9b5e,PAYe6d09b1427
ACCcd59524db2,PAY43634d8e4c
ACC8bbd02b837,PAY27c1f5cae2
ACC8bbd02b837,PAYf66a8ba0b3
ACC78378a84fe,PAY43f7cb4425
ACC78378a84fe,PAYa34e30e100
ACC12c106a0ea,PAbY38afdb957d
ACCd3c0187fdf,aPAY39a243639d
ACCd3c0187fdf,PAY80bc28c484
ACCe63a7e289d,AYe1c0ff37c3
ACC0a5e54f67e,PAY6913091800
ACC82ef7b029f,PAYf3d9dba24b
ACC843b98ea20,PAY761260f785
ACC843b98ea20,PAYac357e0696
ACC2ecb914faf,PAY74bD75b790
ACC2ecb914faf,PAYb10001b9eb
ACC3d78617358,PAYc2c22f899a
ACC1f87b25f71,PAYeed37a31c7
ACC1f87b25f71,PAYd7de5fba56
ACCfb518325b2,bPAY7f0b76fcbb
ACCfb518325b2,PAYd2ffdfd5c7
ACCb14e68fedc,PAY73c5d7aab3
ACC9dccedbc18,PAYfab2c924fe
ACCfc48cbb270,PAY3a5c89c81f
ACCfc48cbb270,PAYf890837449
ACC76127bbbd6,PAY6cd3d4dee6
ACC76127bbbd6,PAYb1ad40f28d
ACC368ab9624a,PAY3b2406bd70
ACC368ab9624a,PA48110a654b
ACCd134418a75,PAYa9fed3dda7
ACCd134418a75,PAYf27ab090ef
ACCefd880591b,PAY80a2388a3b
ACCefd880591b,PAYb7372f7c10
ACCe29c52f92e,PAY4dcbb30562
ACCe29c52f92e,PAYb5c38ff00d
ACCcdc7c2c656,PAY78d382fb60
ACCc1c9366e86,PAYb5B1d5146b
ACCc1c9366e86,PAYb727649ja1f
ACC5daa01f7a9,PAY4fbdl53600b
ACC5daa01f7a9,PAY37e69e7987
ACC06d4c9830a,PAY64760780e
ACC06d4c9830a,PAY1c9f214a33
ACCb66dbe7255,PAYb80e459489
ACC2694e09759,PAYa5de1227a8
ACC2694e09759,PAY12d6147334
ACC359d0c358f,PY1988a979ed
ACC7797fb57cf,PAYa5fce93e5
ACC0067c086f5,PAY0a15ac654
ACC0067c086f5,PAYfe36838gc16
ACC6ea5373a37,PAY80a0231e9e8
ACC332037d577,PAY672a02f6fe
ACC974d2c0915,PAY03a45a8bb5
ACC974d2c0915,PAY4e3f99e589
ACCc81bcdf1c9,PAYd1fec9F179
ACC732c105696,PAYf108db5c2
ACCffbe24985e,PAY9d89fae052
ACCffbe24985e,PAY949084dd90
ACC9a46506e62,PAYb8a76492f5
ACC9a46506e62,PAYdc946c257e
ACCea59ba576c,PAYf36c54f9b0
ACCea59ba576c,PAY45a29b6bb4
ACCf09b743a27,PAY8c772bfcb
ACC283a55f742,PAY678a629c1a
ACC2cc9ffbb44,PAY91ea273be1
ACC2cc9ffbb44,PAYd025b5e1b6f
ACC1c596255a4,PAYdab725020b
ACC1c596255a4,PaY27b155d59d
ACCea90e1ed1a,PAY8fdf19217
ACC27e9da3d9c,PAY12bf7a4ace
ACC90e0f0e3bf,APY6419e2cae6
ACC2d1aaf77b2,PAY2a484342d2
ACC2d1aaf77b2,PAY446261654b
ACCfd488f19a4,PAYaea2583b0de
ACC786a0af553,PAY02d972837e
ACCd481e2c70e,PAY4822b8cd0a
ACCab74fc7193,PAYebea15e6e4
ACCab74fc7193,PAY710de47b10
ACCfd5f686c23,PAY5f969031f00
ACCfd5f686c23,PAY082f2d5ae6
ACCf2d188780b,PAYb2c35212a4
ACCf2d188780b,PAYe8f3c5360c
ACC9d71e53f08,PAY3ffc0d292b
ACC9d71e53f08,PAYf39acd770c8
ACC7470d36533,PAYcb6bd9fab9
ACC7470d36533,PAY8d1c5f9ac8
ACCc65a639018,PAY5aae304e7c
ACCc65a639018,PAY98d14c6d4d
ACC6c4b2b4eed,PAY99cb5a9e61
ACC6c4b2b4eed,PAY98ff6461d3
ACC17523c2891,PAYc01263a844
ACC17523c2891,PAYbe07b0d50u8
ACC5013dc9c39,PAY69e619e841
ACC5013dc9c39,PAYc1497a7a81
ACC1b77c4353b,PAYb8621be776
ACC1b77c4353b,PAY43b6228221
ACC6b3b1a4ee0,PAYeeb089167
ACCdcfee1ef8d,PAYadd7e678ef
ACC2da020bc6e,PAYce0ff33bf6
ACCd815be1712,PAYc406440dd8
ACCd815be1712,PAY94a3f60c8e
ACC00b3876d29,APY84066a4f72
ACCa834175d94,PAY9501395127
ACCa41ae43421,PAY1392aa485a
ACCa41ae43421,PAy679194cd1e
ACCa643454254,PAYec5e7bd9e6
ACCbdabb37bea,PAY3c68719ee4
ACC9adfe76663,PAYd58f632392
ACC9fd37b63d1,PAY64492abe05
ACC9fd37b63d1,PAY7aad5a579a
ACCef4c78ed32,PAYe56255a388
ACCef4c78ed32,PAY27197bf36a
ACC317cb6962f,PAY8624904c34
ACC317cb6962f,PAY2b4f2732b8
ACC7e78a472ec,AY65be6c9022
ACC7e78a472ec,PAY63970677d8
ACC7d5528d2d8,PAYa364e1bbef
ACC7d5528d2d8,PAY324a90f03
ACCc7bd1781eb,PAY056b119362
ACCc7bd1781eb,PAYe91e57c9f
ACC4cc062ca16,PAY1e524f749
ACC6999c96ac6,PAYb8e3fed6e8
ACC57cf44fe0a,PAYbebadef8d9
ACCc7f1a90970,PAY2ce484255f
ACCc7f1a90970,PAY77d242dab0
ACCc95fc0d2fc,PAY2aa7165747
ACC23bfba5983,PAY3838e97D3c
ACC23bfba5983,PAY2c0cecb1d
ACCca9723b9fb,AY2d56ac576f
ACC56d7c8116c,PAYd7c133feb4
ACC56d7c8116c,PAY2377d3f095
ACCcf83c171a9,PAY3499e79ca3
ACCcf83c171a9,PAY628dd50f3a
ACC211e49b568,PAY3d4e0021109
ACC3ea9fc73b1,PAYe5af33a58c
ACC3ea9fc73b1,PAY2730e707d3f
ACCcf14286ed1,PAY4af46b78a1
ACCcf14286ed1,PAYc4b431af72
ACC0c9d145591,PYA446eb0f2ef
ACC0c9d145591,PAY73f55cc45
ACCa7e980ddc1,PAYdc15384137
ACCa7e980ddc1,PAY8205c358b7
ACC923e255c63,PAYe1f456c611
ACC52d63790be,AYc37b8e8a68
ACC52d63790be,PnAY92934fbde8
ACCd78788d4df,PAYb79fab4f64
ACCd78788d4df,PAY05e4f3742d
ACCf19ab864f7,PAY62661be59a
ACC277964f737,PAY3a982c38d2
ACC277964f737,PAY6c171067910
ACC492ebbc8b2,PAYe99f2fc591
ACC1954f52fe1,PAY0c20bf8268
ACC91618bfc8c,PAY08c1a0fe8
ACC261b9213fb,PAY1cfb2a944a
ACC841c98df90,PAY4c20069ce7
ACCc8a1659abd,PAY1e724c115c
ACC723414030a,PAY30ed33b480
ACC723414030a,PAY153f176c17
ACCf4aa2dd264,PAY0a53f2bb68
ACCf4aa2dd264,PAY44eaed3270
ACC1b7a5f9ba7,PAY3f8a6e781f
ACC1b7a5f9ba7,PAY9cddcja11c6
ACC8d86d86b79,PAY7ec253833c
ACC8d86d86b79,PAY14141cb638
ACCc3c7ca0c3c,PAYd8c363cb30
ACCc3c7ca0c3c,PAY05c65cff80
ACCedf1540172,PAY7cfb2d64e8
ACC7843117e43,PAY70ceff582
ACCeb096d1d32,PAYd488f18eb1
ACCb316ea7734,PAY32ad9c4668
ACCb316ea7734,PaYf6383b4845
ACCf08f831658,PAY8c5df378f
ACCf08f831658,PAYba3ed2ac1
ACC829d0f0fe8,PAYaab527a0e9
ACC829d0f0fe8,PAY7d7a332e43
ACCfc6d95aab1,PAY7e9822ada5
ACC5e131c057a,PAYd4c6d2ccba
ACC9bfaca05fa,PAYa6d4b646eb
ACC9bfaca05fa,PAY6efa5e5954
ACCef67ff1614,PAY43c3ef963f
ACCef67ff1614,PAYfeca93294a
ACCa012ec20aa,PAY6e845945c2
ACC28cf20cc74,PAY8d706ef5a0
ACC28cf20cc74,PAYa53m9d881ee
ACC388df77aac,PAY02e1c8fd54
ACC388df77aac,PAY14cu0947ddc
ACC0592d642d7,PAY64fabee898e
ACC0592d642d7,PAY119f19360d
ACC42e67af7b1,PAY705dee0aa
ACC42e67af7b1,PAy86341ada8a
ACC8918e6c22b,PkAY4ddd091572
ACC8918e6c22b,PAY1786f6b79f
ACCfdaa548eba,7PAY8e8e69ee34
ACCfdaa548eba,PAYa2da3da270
ACCed069dd6a9,PAYee836aca79
ACCed069dd6a9,PAY565edf6a3d
ACC855a0cd54d,PAYf0bc50914c
ACC855a0cd54d,PAY2e27372687
ACC47673dc666,PAYdf4a3a4eec
ACC47673dc666,PAYd70027d68
ACC972af50d80,PAY511616983c
ACC6b81b2e9da,PAY17edc4583
ACC70d52f40f6,PAY464aa5a085
ACC70d52f40f6,PAY367055f6b2
ACC8269d4c4c8,PAY405e899670
ACC8269d4c4c8,PAYa1cbd3405f
ACC614c2a675d,PAY74e62843A4
ACCabb4f70f26,PAYb58a7d6d5d
ACC88cc6731bf,PAYb4b30bb435
ACC2fd8a600f1,PAYd185b3d246
ACC2fd8a600f1,PAY6c321a6285
ACC703953763f,PAY38f46bcf0c
ACC69231c29aa,PAY2724b0c6b4
ACC69231c29aa,PpAYa1bd0c68bc
ACCb2f6359787,PAY93bd50639b
ACCb2f6359787,PAY72d4facd3
ACC24c78fce37,PAY701300623
ACC24c78fce37,PAYa9cf27a74a
ACC6a433b4dfc,PAY3c738d92ca
ACC6a433b4dfc,pAY4ce5f2c565
ACC3ae58d1538,PAYa8a8ec3ce0
ACC10416ecfd4,PAY7d652c845e
ACC7c06c142cb,PAY9a7c19cba2
ACC7c06c142cb,PAY854ef9ea33
ACC4e2b10bc79,PAYc7b02bcdae
ACC4e2b10bc79,PAYd5e90ed7b5
ACC9e3448209f,PAYdee878cf6
ACC9e3448209f,PAY2ae84e61ba
ACC0ee65a3d53,PAY94454bd0fd
ACC0ee65a3d53,PAY94d609eed7
ACCcc032d8d2b,PAY56a93afba2
ACCcc032d8d2b,PAYa8cf12ee3a
ACCbd5760d9b3,PYA075f32ed5b
ACCc5fbb0c472,PAYa6c5564fff
ACCc5fbb0c472,PAY0c01abcc76
ACC2f2519f962,PAYe0422889b0
ACC507380e95e,PAY8e1b59824d
ACC507380e95e,PAY42234901eb
ACC28f7c6ff53,PAYfea33ce9b4
ACC28f7c6ff53,PAYf79565473a
ACCc8074578e5,PAYd72a87fa62
ACCc8074578e5,PAY0d0bd94e5f
ACCc6bddb7b3a,PAY2fa338ebb
ACC7cd89e3963,PAYe0da54C68a
ACC7cd89e3963,AYfc3cc0de5c
ACC7657bc4802,PAYff331f11e3
ACCf017e27de4,PAYb39daac052
ACC26040291e3,PAY0429t45de1b
ACC6d00878e93,PAY3d0af3ce4
ACC2caa1abd16,PAYe0d4d15899
ACC85f1b678ec,PAY888b869108
ACC163db6bec9,PAYf3bf9caed9
ACC163db6bec9,PAY52b4050f50d
ACC209ac7678f,PAY2e39640fa8
ACC209ac7678f,PAY95a6e4e2beb
ACCe54f4b22b9,PAYebef91d40
ACC9bf7aff289,PAY179db736c2
ACC9bf7aff289,PAYa59f2a15b6
ACCc41af6110c,PAYc69830e43f
ACC67c0158334,PAYb14b9fc1eb
ACC833e917304,PAY90e6a60f9c
ACC833e917304,PAY38553c2487
ACC50a400ab79,PAYee15d51e67
ACC50a400ab79,PAY4c0b458587
ACCb9c1fc1c41,PAYb6ce12669c
ACCb9c1fc1c41,PAYb81d32561c
ACCb64297f1d7,PAY174f61f24
ACCe26344adfa,PAYc206b0338e
ACCe26344adfa,PAY9d1146f010
ACC67ce16de8f,pAYe6d347815a
ACC67ce16de8f,PAY353486b3fa
ACC824d799fdb,PAYcfe77fdb07
ACC3f17ab685e,PAY18fec944fc
ACC9caf3338a3,PAYd82597190a
ACC9caf3338a3,PAYd13350082c
ACC5b51cbb071,PAYc560bbD964
ACC5b51cbb071,AY5f5f0d74be
ACC35b152671b,PAYa6a2707873
ACC35b152671b,PAYae8293Dc48
ACCb387b70340,PAY876806d172
ACCa12dc97543,PAY9e8c13c62f
ACCe91d6bf446,PAY4c6a31b96
ACCe91d6bf446,PAY89d08af73f
ACCd4ebcff796,PAYc6a8739743
ACCd4ebcff796,PAY9ee431ac41
ACC25f722dd30,PAY5870dc75d8
ACC25f722dd30,PAYc56750dfa0
ACCf3665a3a54,PAYd784cf7544
ACCb8d2206309,PAYa9f77cb181
ACCcdd405ce15,PAY5af7a09698
ACCcdd405ce15,PAYe792092601
ACC1803f0d706,PAYb914868944
ACC31c7f08b9d,PAY406cfd5331
ACC31c7f08b9d,PAYcca3b9673d
ACC744066df47,PAY079f1169bc
ACC744066df47,pAY059801e541
ACC13e690b226,PAYc251918314
ACC7025c60c79,PAY9cb22e6f4
ACC6cb8e359fe,PAY2f6816b3a
ACC6cb8e359fe,PAYd785f245f6
ACCe7b1c24a50,PAY36d85c3c3e
ACCe237f50ad6,PAYb8743f9586
ACCbe2f9db664,PAYe043ab2703
ACCf1368c5150,PAY79a1a8d02a
ACCf1368c5150,PAdY7de7968dd8
ACC746538df81,PAY3a8e9174be
ACC746538df81,PAY5dc32a2a47e
ACCa626e6072c,PAY2c85b9249
ACCa626e6072c,PAY20bf4f730dd
ACCacc7e3d8f8,PAYa1948511a2
ACC54839a541f,PAY7fee615ba3
ACC44bd579c8a,PA33fd78dbec
ACC2e117ae152,PAY8a14a47812
ACC2e117ae152,PAYb7898276t07
ACC2205a8feea,AY00993fc402
ACC2205a8feea,PAYb00a13e8b9
ACC0aa3528546,PAY744b9d518d
ACC0aa3528546,PAYf99fc6412e
ACCf74315c230,PAY6b84824c3d
ACCf74315c230,PAY4a7549ab9e
ACCbf68361e98,PAY73f077cdee
ACCbf68361e98,PAY5e7ba0587a
ACCbd30461d1c,PAYccfa1d1186
ACCbd30461d1c,PAY5a63362920
ACCfe65ef1a80,PAY16b39d0f59
ACCec5b50bb30,PAYaa03e15ec0
ACC1d5e1c742c,PAY4ed57c33f6
ACC1d5e1c742c,PAY7ab2a7977
ACCed03a8c177,PAY131283dmfed
ACCed03a8c177,PAYeb83bbef77
ACCddeb302ed0,PAYd84d93be98
ACCecff706f7e,PAY53eCcc01b3
ACC4b894455e9,PAY9d3363d382
ACC4b894455e9,PAY2896d71188
ACC2776d8eeb4,PAYcd53a2ab12
ACC35d3563480,PAY70ea1bd8a0
ACCaa069831cf,PAY20e3f8a586
ACC8691b61111,PAYd8a56dec1b
ACC71601d63ec,PAYad415e6120
ACC71601d63ec,PAY140451ceb1
ACC9bcae04420,PY0fdf196576
ACCf59cbec19d,PAYa00ca5e03
ACCa4860701c3,PAYf77a1671c
ACCa4860701c3,PAYc7bb656cb4
ACCcca121b923,PAY6609168564
ACCea30dbd744,PAYccce058Cb9
ACC50c41d41f0,PAY1cace4912c
ACC011ce43c2e,PAYd064e9d7e3
ACC817b235abf,PAYf63e55a944
ACC817b235abf,PAY366439d766
ACCa9ebc0c302,PAY4e61dfcc5b
ACCc2af674b66,PAYf114188f46
ACCc2af674b66,PAY2f097773a
ACCecf5d48cbb,PYa6750cc12e
ACC5cc73a876d,PAYfo74df116a5
ACC5cc73a876d,PAY249A0fda37
ACCbd849dff80,PAY92f6cdbd3
ACCbd849dff80,PAY7c7f883a46
ACC3314950edc,APYefd188639f
ACC3314950edc,PAYfb01c6a0d3
ACC88e4bbc18d,PAY14881db6be
ACC88e4bbc18d,PAY75197b7af9
ACCcd3058fdd6,PAYcc04e03687
ACC1d3861c5fa,PAYc78987009
ACC1d3861c5fa,PYA0f6f63eb8e
ACC6eae791527,PAY104b3e4792
ACC6eae791527,PAYc89a8aa76a
ACC2207f367d9,PAY34dd7d99004
ACC2207f367d9,PAYa52c6d3941
ACCf98aa26108,PA6Y4fcd3ed6b
ACCff9ecd188e,PAY38808d246d
ACC9aad594c24,PAYe926d47a96
ACCe70816cf0e,PAYa5a0bb9242f
ACCe70816cf0e,PAY7bf9b8df00
ACCc12cffe87c,PAYd83bc2d617
ACCc12cffe87c,PAYeefe163e1f
ACCfb8b8c6d4d,PAY1cbf6484b
ACC647ba950f8,PiAYa59f633273
ACCd483372382,PxAY9b274f1c28
ACC4d1ec3ac30,PAYb974c7b6a2
ACC4d1ec3ac30,PAY95d1bd834b
ACC20908e4cc4,PAY41872d362c
ACC838fb5b1e4,PAYc83239d0f2
ACC55424197b7,PAYa2e2fd6684
ACCbfc01e86be,PAY5d5f930fa4
ACCbfc01e86be,PAY2f936b8378
ACC77c9c6d02f,PAYb754187920
ACCc482880e2a,PYd3d479e617
ACC870cb79ed1,PAY52c1224d93
ACCd349f33078,PAYfa721afca6
ACC5d2f2807e8,PAYe104807ed2
ACC5d2f2807e8,PAYbf6e3540e
ACC78877bdaef,PAYbc216cf22d
ACC78877bdaef,PAY36d69e10c5
ACC04408eafae,PAY72accb41cd
ACC21f02a6672,PY50e8999ac2
ACC21f02a6672,PAYa3721802e0
ACC25b7ebabaf,PAY642572Bba0
ACC44f05b2709,PAY65ef675df4
ACC1a7c188e30,PAY2faad3bd2c
ACC1a7c188e30,PAY5fc7e86284
ACC1cae8c8289,PAYf0df2d40a42
ACC1cae8c8289,PAYa0f158k6eb4
ACC0c01af1baf,PAY77460760c55
ACC71cb3aa9d7,PAY85ee17ccbd
ACC71cb3aa9d7,PAY036c7cf4b9
ACC6e08b70cac,PAY4201a19f49
ACC5ade24c0ae,PAY68c87ff741
ACC5ade24c0ae,PAYe741236a37
ACCab208f7f26,PAY9bc0eadc83b
ACCab208f7f26,PAYd923f3a7a6
ACC9f73cb9c8f,PAYaf2ac67b8c
ACCd9016c5b7d,PAY4122b3eb7c
ACCd9016c5b7d,PY499244c323
ACC07aa645c3a,PAY831333ffff
ACCd31bde1742,PAY694ca34db6
ACC950dcee10f,PAYf6686cece0
ACC13eecea4a6,PAY62c641cb65
ACC13eecea4a6,PAY0nab568fae8
ACCa7eca273b2,PAYaacbd422a8
ACCa188f1c3d2,PAYe8eb01f625
ACCd504999fd2,PAY7fb6cb13d0
ACCd504999fd2,PAY22d14982d5
ACC3bab6f60f9,PAYbaa935a602
ACC3bab6f60f9,PAY3acca2ae8
ACCbe0cdb6fd9,PAYb50e6ba3dd
ACCbe0cdb6fd9,PAYdf90e1e5db
ACCa48d2537ae,PAYdf866fe86
ACCa48d2537ae,PAY0793726cde
ACCc0bd1ec401,PAY87b1e74e44
ACCc0bd1ec401,PAY47b084103a
ACC67b0387c9d,PAYe8440cd4d2f
ACCe85e2a802e,PAYc4a29c9248
ACC5eebe8f94c,PAYbd8fa66d7c
ACC898678585d,PAYcb9a9d3062
ACCc1d767622d,PAY24d1f88a83
ACCc1d767622d,PAY224284399ec
ACCe2d0c02868,PAY0c08876ecF
ACCe2d0c02868,PAYfc7487f459
ACC7ec0a5456d,PAY4c23c6a95
ACCf17027ee65,PAYaa3c4a2e82
ACC938d2b72f4,PAY5242a2174b
ACC938d2b72f4,PAYda923a25b9
ACC9af1773a1f,PAY8a9d7cb5f7
ACCbe37c8e2fb,PAYcee2752bf9
ACC0d5c726f1b,PAYed68ae63fd
ACC36e8259a1a,PAY130c340248
ACC0fe400e02c,PAY4e0a23cb8
ACC0fe400e02c,PAgYad46fcce00
ACC998a6415fd,PAY2bfd60bfa7
ACC998a6415fd,PAY7d599ae3db
ACCaf5988e386,PAYe2cf5bcaBf
ACCaf5988e386,PAY767ab3f88
ACC95257547a5,PAY7c8a201c299
ACC02944ccd25,PAY2a987A8a33
ACC02944ccd25,PAYdc2aa8474c
ACCb806636c62,PAYce444c0933
ACCb806636c62,PAY5764d7733w8
ACC53d978e71d,PAY7b623559997
ACC3ad50c2f95,PAYa0bbfafbc3
ACC3ad50c2f95,PAY9dd2dca9a5
ACC815fcfb2df,PAY3933e5253a
ACC815fcfb2df,AYcd009fe16c
ACC1e0b0a25e8,PAY33c84560b
ACC1e0b0a25e8,AYe017608676
ACC57cd05d6ec,PAY7f4f892a06
ACC57cd05d6ec,PAY51a54e0085
ACC2f89337487,PAY50b29b155
ACC2f89337487,PAY5dcecea69
ACCb8a617894b,AY496e84c029
ACC34fe1ab510,PA0Y1b45fdd12a
ACC34fe1ab510,PAY863a6346a6
ACC86d31b3f50,PAY2b69b9029d
ACCcdd6bbca12,PAY0d3236ce86
ACCcdd6bbca12,PAY3d9ed22b97
ACC5b35698223,PAY58722699ee
ACCf276b4ab4d,PAYa5f9a4be47
ACCf65cdfbc5b,PAYf84a7fe0c5
ACC2b591bfd4e,PAY4b76738701
ACC2b591bfd4e,PAYcdf2be45a6
ACCf65ebbec64,PAY2a41864c8b
ACCf65ebbec64,PAY128b42b9b2
ACC78d4b552fc,PAYf4b9a1462a
ACC799507768b,PAY4a7aaa745a
ACC4313835673,PAY04ac76a57
ACC1e40b12479,PAYoebe218cb6a
ACC1e40b12479,PAY149485e426
ACC66faca3b06,PAYbd402cda6
ACC3d983283be,PAY846dbb736c
ACC2f720f8736,PAY0bc4fa0132
ACC2f720f8736,PAY4568077ebc
ACC90b93de92a,PAY195b96e7cB
ACCdb7ee08319,PYAd3e13a397d
ACCdb7ee08319,PAYdb657e169a
ACC3e21be19f8,PAY223a5c1af6
ACC3e21be19f8,PAY4ea4Cd7020
ACC293e418d29,PAYfc0ee05e27
ACC357ff6554d,PAY1942996c8a
ACCdf3339173c,PAYadm44755567
ACC6a709df3ff,PAYae36f0686d
ACCc98820d26b,APY6d5f03fefc
ACCc98820d26b,PAY34bad51f4c
ACCf177a12f2c,PAYcfe2b048be
ACC077537f139,PAYfa0531143a
ACC077537f139,PAY0002f250d6
ACCa931e7fa69,PAYd162d72849
ACCa931e7fa69,PAY93dc575a71
ACC7e4e4f72da,PAY082d187c13
ACC44a252f5a0,PAY4315baceca6
ACC6f704bcef8,PAYeec5ee190c
ACC6f704bcef8,PAY81f885e042
ACCcb3156218d,PAY3cc47aac02
ACC30aedba342,PAY8a0686d180
ACC1f0cba3646,PAY62f1d705dc
ACC91611a44ea,4PAYd677570eb5
ACC91611a44ea,PAY636cce2bBd
ACCf49a79ed23,PAY58545c82ff
ACCf49a79ed23,PAY3d934a6231
ACC22efcdd1ef,PAY1587346d54
ACC22efcdd1ef,PAY4y974a79dc2
ACC09752e81e6,PAY84ac58f9eb
ACC420deb1778,PAY3756cee55a
ACC420deb1778,PAYf557451958
ACC6dee7927e2,PAY576D42fc63
ACC387fdc4ce9,PAYdd54c30632
ACC387fdc4ce9,PAYc7ce5b7c1f
ACCd410986a46,PAY3c6dd0ebe1
ACCd410986a46,PAY60598e9fd7
ACC3587f811bc,PAY659ea13565
ACC3587f811bc,PAY564c56df1c
ACC898536ff21,PAY634f81852c
ACC898536ff21,PAY42bcb8b0f1
ACCe832e1b642,PAY8e269c7213
ACCde8392beac,PAYbb7C4f9b84
ACC18585c2c2e,PAY9cbdbd4b7aa
ACC8b74a38333,PAYec512195c3
ACC8b74a38333,PAYafda4c7Fa6
ACCe678810167,PAY93b09c1229
ACCe678810167,PAY9b64adf899
ACC60e4877da6,PAe893606248
ACCafc8707225,PAYdc9225d3323
ACCafc8707225,PAY984cc79db9
ACCf067aba664,PAY9e6906d8ac
ACCf067aba664,PAY41667cb3e3
ACCfb0d8f1cea,PAY9258ca4dcd
ACC7f29f24e66,PAY70930aacde
ACC7f29f24e66,PAY0fff926a03
ACC05575403a1,PAY2962dd7071c
ACC05575403a1,PAY57161328fc
ACCcc88b83686,PAYd62b627c86
ACC09448c8a7b,PAYf006e37e3
ACC0ffcf35232,PAY87d97aab5e
ACC0ffcf35232,APY6236968174
ACC5fb5741a09,PAYe7aa036f70
ACC5fb5741a09,PAY34542f5095
ACC81ed1f7338,PAYefdbbcd1a
ACC81ed1f7338,PAYc1b333a7a4
ACC74bd8b0d07,PAY94c4fb2461
ACCcf3125c52c,PAY731cp7f4f4f
ACCcf3125c52c,PAYeeedb95c17
ACC8c15ad1d49,PA5Yed60b6294a
ACCcfcf80b059,PAY71b0fe03eb
ACC04ce650ebc,PAY06552630ee
ACC5a1c28b3aa,PAYe7ebdfe8bb
ACC5a1c28b3aa,PAY8c293137f3
ACC4895acd37d,PAYa6e901a15
ACC4895acd37d,PAY5d1cfc57a2
ACCbcb6d09a02,PAY54770d2d7b
ACCf198653ad0,pAYfd5e8056a9
ACC7fdb6ddbaa,PAY740d2dbc78
ACCbcdeb92efc,PAY6414585100
ACCbcdeb92efc,PAYbee1410d51
ACCf18d596f26,PAYc1fd1aac6f
ACC524a9db6f4,PAYc27fc3ddfb
ACC524a9db6f4,PAYdaeec3c4c8
ACC8a09ff9ec7,PAY9a65458aac
ACCac5b4a475b,PAY2e2b9f7c36
ACCb72d85d63d,PAY0e0f9b3db7
ACC8f5e3e61a9,PAY06d1d0fc1
ACC8f5e3e61a9,PAYb2d4958d0e
ACCb85f99b068,PAYaffdd4c789
ACCf273b012a5,PAY20cdbabaza4
ACCf273b012a5,PAY835120c630
ACC2bef659358,PAYcb89cE261f
ACC2bef659358,PAYaca6ec476
ACCc892668618,PAYa4359a8384
ACCc892668618,PAY403db33182
ACC2827c2c968,PA6Y3af64d23c6
ACCdac2e2c12b,PA2Yc23704f47
ACCb2a1990c4a,PAY31m4c747437
ACC04fef48299,pAYd5aca1de62
ACC04fef48299,PAY87f0768d58
ACCac198ed462,PAY21ec2366d09
ACCa10383d342,PAY439a62cc18
ACCa10383d342,PAY173d8c016a
ACCe1e713ea5a,PA86a656c626
ACCed965cbcb6,PAYf3db69e5d2
ACCed965cbcb6,PAY327d31de17
ACC36828b95ad,PAYae0b95a0af
ACC9243b249cf,PaY6f720e26ab
ACC9243b249cf,PAY6fc911dfae
ACC27c1b6e2ee,PAbY733e64435
ACC8afc814141,PAYe9c3f43180
ACC6fe2ae48cb,PAYc4cbaff80fa
ACC6fe2ae48cb,PAYb8a2fd1734
ACC3353e42242,PAYf088fee1ea
ACCab68919200,PAYd589ab0b7a
ACCab68919200,PAYfdf0655513
ACC9eb2fb7e94,PAYFec70dc97a
ACC9eb2fb7e94,PAY936880cecb
ACC57107a2fd2,PAY79c9dh2f386
ACC57107a2fd2,PAY273616441
ACC00fc3b8599,PAYf7eafab428
ACC9016bc2ba1,PAeY99f704023
ACC9016bc2ba1,PAYada47c1d3
ACCba6bd05a07,PAY13c2486563
ACC92d2abe23e,PAY343b896987
ACC92d2abe23e,PAY808fd6da87
ACC5308eeb462,PAYaf15b935dc
ACCa023bc02b4,PAY9760ecbe01
ACCa023bc02b4,PAY9184507dff
ACC1857689795,PAY636ee4a9c5
ACC1857689795,PAYa13b839346
ACC06b7c33666,PAY7d9f525d76
ACC94d02804a5,PAY42q8959e739
ACCba5add2946,PAY9e0efd9f2a
ACC4b3acf483d,PAYf6a43l612ed
ACCee8ac323a7,PAYb4afc604e7
ACCee8ac323a7,PAYb53fa94d71
ACC3f3bad9049,PAYafec176925
ACC3f3bad9049,PAYadac6b29b3
ACC46681a8111,PAYfc569b2kbd7
ACC0aa8cf529e,PAY75e94d2525
ACC0aa8cf529e,PaY5259ce7b23
ACC2ced056815,PAhYbfbc7dc7b2
ACC2ced056815,PAY952ba4bda
ACC0f8ad2759a,PAYfa1fdf7c2a
ACC731f3edb22,PAY2e2639d390
ACC731f3edb22,PAY4402800581
ACC103193d4ac,PAYce04876341
ACC103193d4ac,PAY5e4a441622
ACC6668aa874e,PAYEc7a665eb2
ACC6668aa874e,PAY26109e46f
ACCf8162ccf9d,PAYdd878d9632
ACC5c2ce537f0,PAYc2c928618d
ACCab1a020b29,PAY98af2c8321
ACCab1a020b29,PAY6c222ebb1f
ACCb715302da0,PAY2e8ea18881
ACCb715302da0,PAY8bf6b6c658
ACC1e04b86607,PYAf9703be888
ACC7e3c62e90b,PAYd4e9adcd6b
ACC2df03e0d74,PAYb92cc3ecdf
ACC2df03e0d74,PAY67049ca844
ACC55e255014a,PAYf28d6e571b
ACC621a1bf2af,PAY2975feb845
ACC7d852444f2,PAf8d111f89a
ACC7d852444f2,dPAYe92efaad12
ACCbaa42e06dc,PAY1c90ae7c62
ACC738fc27a27,PAY6e9e7cd75c
ACCfab541ca4d,PAYce1c11110
ACCfab541ca4d,PAY95ff714c12
ACCa8404e3b6b,PAYac74433ca
ACCa8404e3b6b,PAYb58e79d085
ACC0fb4e68c98,PAYd9c37fe9f4
ACC0fb4e68c98,PAY136fdc26F2
ACC81e13a282b,PAY5dc7436ef6
ACC81e13a282b,PAYcad97790ce
ACC5a508de6fe,PAY9f1500eb21
ACCe452b5e161,PAYd1627cace1
ACCe452b5e161,PAYe08b3e081
ACC956df350b2,PAY1efe460b0
ACC9da8ea01de,PAYdb527ebd69
ACC9da8ea01de,PAY4c37c13161
ACCdd61d392fd,PAYce1a11d9b2
ACC15d85fa140,PAYa291b80f8c
ACCeb3b5d356c,PAY890e9b4935
ACCeb3b5d356c,PAY90d579a088
ACCa993b9bfef,PAY48911904f8
ACCa993b9bfef,PAY5120cce72
ACC3aa3b4e627,PgAY53ed912e9d
ACC7e025bba2d,PAY0002c77f9b
ACCf8f22dba10,PAY67c17b48f7
ACCa96eeaeeb5,PAY29e3448e679
ACCa96eeaeeb5,PAYb54d4d706
ACC3f3c350156,PAY67bad08eff
ACC3f3c350156,PAY1d05c75e64
ACC5d9b1f3327,PAY283d7ac5f
ACC294437ea87,PAY845dcb2746
ACC294437ea87,PY2a31cc24b2
ACCd165d966a5,PAY266e3b40f97
ACC94e312b922,pAY545c401bf4
ACC666bd308f5,PAY77fed7923f
ACC666bd308f5,PAY05a974ef0d
ACCabdb07cb51,PAYb724fe76f5
ACCbf5e0ce653,PAYd2c9a2e642
ACCbf5e0ce653,PAYe8057e7d2b
ACCc0982eebc3,PAY272f7dd0fc
ACCc0982eebc3,APY91da877cd2
ACC2e04016d98,PAY9e77fc8beb
ACC388a027502,zPAY919525b97f
ACC388a027502,PAY7bcf9acc78
ACCb288c9cb50,PAYbb5cad452f
ACC90738776d6,PAY77C751d6ee
ACC90738776d6,PAY129f0144b9
ACC86450941c1,PAY0f8ee0d08
ACCe7b1d96506,PAY7a06cb2959
ACCe7b1d96506,PAYa53b808943
ACCccdc75c910,PAYa6da5d9a0c
ACCccdc75c910,PAY72d84890e0
ACC63bfbe9708,PYAd3aa0f9937
ACC847dc6869c,PAY867bde4541
ACC847dc6869c,PAY6fd8818194
ACCde52adde2e,PAY4e33e9aa6f
ACCa36745e3da,PAY101c7ed084
ACCa36745e3da,PAY42t8abd08d6
ACCd25bb26918,PAY27dcfcbcf3
ACCd25bb26918,PAY32e1818cd5
ACCe8655f692a,PAY4d0195c151
ACC280352238c,PAY658704e6a1
ACC280352238c,PAY39f3bc2a42
ACC480f7d35a2,PAYb28020aab4
ACC480f7d35a2,PAYf02b3bb49of
ACC720611f436,PAYb2a1bcad2e
ACCb4c3781ed3,PAYafa36924f7
ACC7eb7ea85e9,APY0d87954fa1
ACCe9bb092aa9,PAYeef60aBae4
ACCc1b7614288,PAY807795d046
ACCc1b7614288,PAY6e23219dc9
ACCb8a1825b82,PAYde1e9347f3
ACCb8a1825b82,PAYa7d64924f5
ACC8dba488ff9,PAY15a5e8145
ACC8dba488ff9,PAY3dda832268
ACC89d3aaf095,PAY6e2b128984
ACC89d3aaf095,PAY611d9620df
ACCf28c125edd,PAY239dde1a80
ACCf28c125edd,PAYdf4d4b5e49
ACC6681a1d775,PAY0306c1e588
ACC4e95d1bb0e,PAY3A4191dc22
ACC4e95d1bb0e,P8AY63734b4b53
ACC68fb38b919,PAY382ca00270
ACC68fb38b919,PAeY405031ddc
ACC833a9266ee,PAY09d32938e
ACC2e7ca07095,PAY2a3daf6174
ACC96655e1c65,PAYbbb3cae0ec
ACC96655e1c65,PAYf3940fa56
ACCbfef0802fc,PAY0889b9913
ACCbfef0802fc,PAYa803b5df8d
ACCe428da0d86,PAYdecd794877
ACCe428da0d86,PAY3361ae33fb
ACCfa3b5d3d21,PAY7ecb3b0d7a
ACCfa3b5d3d21,APY319b4b4851
ACC8058fb0604,PAYaa4c4f3225
ACC8058fb0604,PAYcf8ebfea42
ACCd48ed80f03,PAYdce1710aa0
ACC0ed972d44a,PAY17cd3c6873
ACC5c1cbbc782,PAY288d8Fd116
ACC5c1cbbc782,PAy558ed2ead5
ACC682c7181e9,PAYe5c2b6edad
ACC682c7181e9,PAY022fdd43b9
ACC01593ecacb,PAY4980a70114
ACC01593ecacb,PAYd1f13f562f
ACC9d930a2b35,PAYb727633428
ACC9d930a2b35,PAY1fb00405b1
ACCf15d06a48c,PAY12937ee5d4
ACCf15d06a48c,PAY6af44713fc
ACC5862732483,PAY1e0395e61b8
ACCc78d9cbdf1,PAY96013b7c00
ACCc78d9cbdf1,PAY0a6800e921
ACC013074e9c8,PAYb3e8e2a365
ACC013074e9c8,PAYd2764ade98
ACC26c16f3601,PAY3c909a8296
ACC9c848fd3d9,PAY5e28a59f93
ACC9c848fd3d9,PAY0d3851f375
ACCd713302a5f,PAY9326a327e3
ACCd713302a5f,APYe58032196e
ACC2aa7071188,PAY3dc19c5e38
ACC2aa7071188,PAY5104c0c986
ACCe473eeeb98,PAYebefbb9d02
ACCe473eeeb98,PAY83afcd5b4
ACC3fe05a77ca,PAYb664acc1f
ACC41ce48d967,PAY40f90714600
ACC41ce48d967,PAY61ed87dae
ACCc8f3a0f5df,PAY8666a6a657
ACCe86197082e,PAY46951cc26
ACCe86197082e,PAY07e31decd1
ACC7279228dd0,PAY529da86a2d
ACC7279228dd0,PAYa7345f28cf
ACCc2e602c329,PAY6b77c63215
ACCc2e602c329,PAY1280636634
ACCc9e92756e3,PAY76b42f3c2f
ACCfa7257a4d4,PAYe8c793797
ACCf7d9c54150,PAYd0d7d3cbbd
ACCf7d9c54150,PAY1bbdc4a10e
ACC8e7f57779a,PAY9375ca8b4c
ACC8e7f57779a,PAY9cd6e8cc1f
ACC9652fbc1b7,PAY5d39ceee17
ACCcb81c50fd1,PAYf1055d9a42
ACCcb81c50fd1,PAYfc2dc20b01
ACC57558515fb,PAY814730e27c
ACC57558515fb,PAY72434bcfd54
ACCeaa2926b79,PAY12654a5415
ACCeaa2926b79,PAY1d40002c9e
ACCdcfec75958,APYc3ffd66460
ACC4e44f70500,PAYe506832fa0
ACCc0c7c2d299,PAYa282ed075
ACC5addbdf7d9,PAY1beda2ce13
ACC19a9412913,PAY4cfac01541
ACCb39448ce0e,PAYc1b8b5887d
ACCb39448ce0e,PAYe8269540f1
ACC0b67c3cff1,PAYb857481af
ACC0b67c3cff1,PAY411b969d0e
ACC0e52961180,PAYe5be6e147a
ACC0e52961180,PAY0c16203604
ACCfa90ec809e,PAxY3559e04c73
ACCfa90ec809e,PAY42cce40896
ACC2f38b30f5a,PAYd373ae6aed
ACC2f38b30f5a,PAYc6de54e87c
ACC66b0402ad2,PAYd3d3ad709c
ACCc3eb32a17d,PAY72277396031
ACCc3eb32a17d,PAYc464968653
ACC40293be7c5,PAYe6dee104a7
ACC66ed7606a5,PAY5cdc2a7588
ACC66ed7606a5,PAY72c8616068
ACC8558dea580,PAY9d4be0e626
ACC6f56b5c2d2,iPAY172c132e5f
ACC6f56b5c2d2,PAY8ca9763e57
ACCa5a9a8a1d5,PAYcd34de925bd
ACCa5a9a8a1d5,PAY1aa3140c9e
ACC8e9cc9818a,PAY7aa5fe5f7e
ACC8e9cc9818a,PAY02ea29b59c
ACCdc34f6b71a,PAY7005016d09
ACCdc34f6b71a,PAYe57ee1824b
ACC1f3653b2a8,PAY1c36b05d2f
ACC1f3653b2a8,PAY189b14974a
ACC92c6e80ebc,PAYcd7c81eb52
ACC4832436269,PAYa083281f3f
ACC4832436269,PAY18594154ed
ACC9a5492c446,PAY409cbe78D9
ACCfb8ec16076,PAY4f2cdb7ac0
ACCfb8ec16076,PAYe218b89644
ACC46ef7d1daa,PAY9711d4f611
ACC46ef7d1daa,PAYefca883e92
ACCc04263b2ba,PAYa70811f26f
ACCc04263b2ba,PAYaecf1a5305
ACCcd935ef1a3,PAYbvce78748eb
ACCcd935ef1a3,PA5Yd9c0539118
ACC5cec9bbb27,PAY20e57af80b
ACCb0fe61b120,PAY8a866cb617
ACCb0fe61b120,PAY42ac132bc
ACCae40448818,PAYce5244dd225
ACCae40448818,PAY70114b1d009
ACC6b61f7f252,PAY64a68884f5
ACC6b61f7f252,PAY566a28d108
ACCd9c4c29f5f,PAYc2f0fe0be6
ACCb41647dc57,PAYd84642d7c9
ACCb416658af8,PAYD74dce62b4
ACCb416658af8,PAY6a5e54e6D0
ACC5b595fd2a1,PAY33F8eef2d2
ACC5d704c07df,PAY5f0402c9j9a
ACC5d704c07df,PAY926792e4f6
ACCefe319bb66,PAYdae951bab5
ACCefe319bb66,PAY4460f95169
ACC8808a4b0de,PAYe4e05e4168
ACC2f654bf9ab,PAY6c626cee2e
ACC2f654bf9ab,PAYfb2c257005
ACCa6d6dd88a4,PAYb066edc8bbc
ACCa6d6dd88a4,PAYbd5f2a7778
ACCe37d24bfdd,PAYd852a02c0
ACCe37d24bfdd,PAYe96bf341b
ACC0ea3339085,PAYe7fffi9dc57
ACCb6151d6420,PAY8ad7b312ff
ACCe3f0cb07e1,PAY7e3b88ec17
ACCb98f47e84e,PAY800678cda9
ACC0c385569a3,PAYd982a7e1f5
ACC0c385569a3,PAY6bd6a345f
ACC4aa2662d04,PAYb261c6081c
ACC9d39d610e3,PAY4353c538f9
ACC9d39d610e3,PAY467379af8c
ACC398cf4157e,PAY3feff896ae
ACCc5fa936ef7,PAYa9143b5c55
ACCc5fa936ef7,PAYd8be671d72
ACC9152131951,PAY55129d2634
ACC9152131951,PAY7c3dabbk1f3
ACCd2a2ce175c,PAYc8e5798d58
ACCd2a2ce175c,PAYf5cf52ae85
ACC9edfdb772c,PAY919f24a3eb
ACCcf3f46a664,PAYf4dbce6cab
ACCa7903d6b85,APY1a608e5ed2
ACCa7903d6b85,PAYfcar43d90b2
ACC965e99dcc2,PAY696bf6ab88
ACC965e99dcc2,PAYf651ecb997
ACCe47837bf09,PAY18d8d32f1
ACCe47837bf09,PAY5dea91c3f7
ACC0546db17e1,PAYacf38020e2
ACC0546db17e1,PAY4be95539e4
ACCf346f593a7,PAY16abf00fca
ACCf346f593a7,PAY7b6af354fh0
ACC4b3052a85f,PAYb191602e84
ACC4b3052a85f,PAYb0c2d2a567
ACCabccaa6972,PAY2900ff80c6
ACCe5e4fd8973,PAY000fa02a37
ACC9deb451815,PAY8af8749e7f
ACC8bd4d858c9,PAY56bf683d25
ACCbeb099851f,PAY6b5f76ce2b
ACCd4d93f0346,PAYaff4b18795
ACCdea070de0a,PAYd488dc4306
ACC612a3c8e0e,PAY2f599768cb
ACC927fbbe268,PAY85a54b753b
ACC927fbbe268,PAYa3c12f6e59
ACCe1a17ca7e6,PA4b939f71cc
ACC8b055f7c10,PAY88811639db
ACC8b055f7c10,PAY366baf7f44
ACC6310ed5a8a,PAYc170bb14f7
ACC6310ed5a8a,PAYbb20d77877
ACC008c99fab2,PAY679b41ad1c
ACC008c99fab2,APY25f1cea7bb
ACCcc3b07f49e,PAYb17bdcb9a5
ACCcc3b07f49e,PAY595c117d5b
ACC88a6358701,PAY623deefff4
ACC88a6358701,PAY08acb3e534
ACC2c61e0692f,PAY0306c5d2d5
ACC8e577ff750,PAY9f68b01e16
ACC0583f7f65d,PAYc550f25ab6
ACC5070e278b8,PAY99638adc58
ACC325e527050,PAY1be9Cfecf2
ACC49bd880a1c,PAY9b3decf04e
ACC49bd880a1c,PAY4ecf403090
ACC9e6242b31b,PAY4bde2a469d
ACC4ae70a4f97,PAYef809a739e
ACC7ba720c4ab,PAYc3123e1510
ACC7ba720c4ab,PAYb54a915b47
ACC8f853ffc8d,PAY859abf9530
ACC0d4302f198,PAY429883187f
ACC92539e38df,PAY75e3c4ef23
ACC92539e38df,PAY0ef6b23ca0
ACC64f4f0fba9,PAY1151b21dc0
ACC4bff03f350,PAY5663e422cd
ACCbf7cb01807,PAY809d5749da
ACCbf7cb01807,PAY674aa3384f
ACCfec97a9968,PAY2237nb1673b
ACCfec97a9968,PAYea8cdd9b0c
ACC1076182994,PAY587891cf65
ACC1076182994,pAYad848bb792
ACC949c033e28,PAY27908e756c
ACCf94a57009e,PAY7625573972
ACCf94a57009e,PAY39b9dbf5db
ACC3b143daeb8,PAYdd1fa2f3b4
ACC3b143daeb8,PAYb7e909926c
ACC547dee2708,PAY77e5702667
ACC9473436707,PAY883871fd72
ACC5ba4f01867,PAY19f379765a
ACC1788affb2d,PAYf33b4088f6
ACC6a0525b314,PAY00d3487706
ACC79f7816173,PAY7cda8fc920
ACC79f7816173,PAY8e5d942957
ACC4b36ce2227,PAYd09d371f1a2
ACC4b36ce2227,PAY02e86c6f9e
ACC36de028aa1,PAY368b5f1c5d
ACC36de028aa1,PAY6a3494293
ACC590e00eb3e,PAY6c0q0876377
ACC590e00eb3e,PAYa05509c0b2
ACCbc828e19d7,PAYe759bf28e4
ACC95cd8d6de4,PAy491ff0d377
ACC95cd8d6de4,PAY3538dffftf4
ACCffbf33ac10,PAY7edc523fe0
ACCffbf33ac10,PAYa3a4ec8ad7
ACCec6a465433,PAYfe9dfbd15b
ACCec6a465433,PAYd025vf0007d
ACCf8b51cf770,AY8dc07eb95b
ACCf8b51cf770,PAYec39e21c25
ACC9997574f1c,PAYa2f398afdb
ACC9997574f1c,PAYcd7b44400d
ACCda4c54b7b1,AYc9218e1402
ACCc52f2e0df2,PAY6cf5f2a6d6
ACCc52f2e0df2,PAY72a6fe9fc3
ACC8b37bc28ab,PAY1bff8b4e7c
ACC8b37bc28ab,PAY254dcca4bea
ACCdd716ed0d3,PAY2a8ed7e608
ACCdd716ed0d3,PAYe131cf6d0e
ACC2bb7b2d29b,PAY4b6ef39fd
ACC2bb7b2d29b,PAYa449a4fe11
ACC71f23190d7,PAY200db5e7mdc
ACC71f23190d7,PAYec892c2997
ACCd2b41a9ce0,PAY33011c3a23
ACCd2b41a9ce0,PAY3q8d0af32b9
ACCafa414952e,PAY9ec84f6952
ACCafa414952e,PAYde0e8c94d3
ACC6d3cea8a58,PAYee9292209
ACC6d3cea8a58,PAY3e9b7a250
ACCe6e616be1e,PAYfc15468cfd
ACC4779a3f41b,PAY1215ccbcaf
ACC4779a3f41b,PAY3d57b557dc8
ACC7deeef23a8,PAYd5e383591
ACC7deeef23a8,PAYca9fa83892
ACCfed83ff45a,PAY7041ff1eae
ACC1e2d0e465b,PAY28eacdcae1
ACC1e2d0e465b,PAYc94871acc
ACCde97640643,PAY294194d8bd
ACC70c789c3c0,PAYdc86bf3f90
ACC70c789c3c0,PAYe10ad999f5
ACC5c666ce7ca,PAYeef47491512
ACC9e5d059c7f,pAY962cc33e95
ACC9e5d059c7f,PAY575724e2ee
ACC447b1fd16d,PAY8a10dc0b40
ACC447b1fd16d,PAYb757f05v398
ACCd35e704205,PAY06a176f9eb
ACCd35e704205,PAY9bdbea3a3
ACC26a77c4315,PAYb1242745b8
ACC26a77c4315,PAY6b288b1323
ACCcf44b463bc,PAYa65D91f91e
ACCcf44b463bc,PAY44922bbe8e
ACCc152b4423c,PAY3b42577d6a
ACC4a59c876c0,PAY9edf08acdc
ACC37ab80ef65,PAY74e23ae40c
ACCbc59c6452c,PAYbb2d3Df1dd
ACCd3fa01fec6,PAYeab9b8c155
ACCd3fa01fec6,PAY4fe445f241
ACC9beafbd03c,PAY754ab64a08
ACC9beafbd03c,PAY7eae8a131a
ACCfce8e112c3,PaY57aca19440
ACCfce8e112c3,PAY1a1f5c60e1
ACC975cd9d28d,PAY10afd3b282
ACC975cd9d28d,PAY4a3f1b26d2
ACCf5aa214590,PAYfe9dc6087e
ACCf5aa214590,PAY30ebe31f96
ACC95be44cf46,PAY25ed27c9f0
ACC95be44cf46,PAY7cc2tac7283
ACC9affc1f064,PaY0b64a96522
ACC9affc1f064,PAY69843769a
ACC0cccc932b5,PAYb2e6a2dc94
ACC0cccc932b5,PAY000d829ec9
ACC75624c539c,PAY6758d6d9c5
ACC75624c539c,PAYe5cc912fa6
ACC69a194e74c,PAYc2f018260e
ACC69a194e74c,PAY4278b743c1
ACCc43022364f,PAYbb6a866a8c
ACCfed84013ee,PA3f75a6148a
ACCff9e0a3464,PAYb0709cbc57
ACCff9e0a3464,PAYe85fba52e0
ACC704567d30b,PAY2a57a65f64
ACC704567d30b,PAYb9d75f94f3
ACCee67a420ce,PAY29bd70bafb
ACCee67a420ce,PAY67594147f6
ACC7a50501380,PAY78478f1965
ACC5fda1cf3ea,PAY96493214c7
ACC5fda1cf3ea,PAY82f3ffec215
ACC2b79252931,PAY4f629749a5
ACC2b79252931,PAY2b98ea9d74
ACCdb653c386e,PAY66a3F985dd
ACCdb653c386e,PAYab014d280d
ACC471b248be4,PAY28bf24d481
ACC471b248be4,PAY4092ee600a
ACC95b41be884,PAY685b6cdf9e
ACC0ab3399f5d,PAYb8f3803e8f
ACC0ab3399f5d,PAY9Bfc24aea6
ACC4551a99e17,PAY7681d73290
ACC4551a99e17,PAYfc7b0d7f33
ACCeef0332309,PAY74ec2a349
ACC8a694a760e,PAY0305e2acea
ACC8a694a760e,PY7d14523b85
ACC77bdd0f8fd,PA8Y5f8af8181
ACC0f13b74910,PAY3678143ca7
ACC72ec91b6a0,PAYfb2905846
ACC69bbc133a4,PAYde7bbb55f6
ACC3f2f02ecf4,PAYffa7007952
ACC3f2f02ecf4,PAYa95e1f619e
ACCbfe9d224c1,PAYd364799daf
ACCbfe9d224c1,PAYe0c9d8112e
ACC0795374cb3,PAYb31f6e26fc
ACC4e64a91613,PAYb31e41a36d
ACC32cc8b8ac6,PAY42b4282a97
ACC7e7af1119d,PAY402426bed3
ACC7e7af1119d,PAY331afb3215
ACC013810326e,PAYc06b1bdf68
ACC4a1298e294,PAY00150074ca
ACC3d91534fb9,PAY8056f263e5
ACCcb7182fcbb,PAYc023b45775
ACCcb7182fcbb,PAY984c212ea53
ACC6610aa74eb,PAY37e756457a
ACCae8033a3f5,PAYd325b5fefc
ACCae8033a3f5,PAY28ac015e84
ACC778b3a0a49,PAYc7b3h28f548
ACC778b3a0a49,PaY4a0f4f49ca
ACC63cc64911e,PAY440dc0e735
ACCa28cef06d2,PAY3ae0316d33
ACCa28cef06d2,PAY9332462860
ACC139f4b2bcd,PAY5524c2ce73
ACC7542094353,PAYdb3433c675
ACC7542094353,PA9Ybec75e841f
ACC2986693799,PAY24fe2ac238
ACCc3266586b9,PAY0e8de1abaf
ACC2141e68e07,PAY8c941f265c
ACCafb5a60c84,PAYbdb67a5f5f
ACCafb5a60c84,PAY62e6915726
ACC0dbb1f4dc2,PAYda1ad4636d
ACC0dbb1f4dc2,PAY10bec292c
ACC63ecdbb4e8,PAY0347f77c4
ACC9e1d4500fd,PAY03162d4fad
ACC9e1d4500fd,PAY2591935ab9
ACC689f36e227,PAY1d17cfdc42
ACC5a8b8ce767,PAY708172a93
ACC5a8b8ce767,PAYcdf366ff5c
ACC3912136412,AYf6e7d8499a
ACC648f3e4721,PAYb5a536ee16
ACC648f3e4721,PAY7dd3e0719b
ACC508cba3493,PAY497bb738e1
ACC508cba3493,PAY40c4c9037
ACC9081cee97a,PAYajaabf2857a
ACC1f4b60fa78,PAY9515e3bed1
ACC1f4b60fa78,PAY75d81ee60f
ACCe1e68b309d,PAY9607d2748c
ACCe1e68b309d,PAYe7bc6cc30c
ACCbff73833ea,PAY707faef3ba
ACCbff73833ea,PAYd42f1a1bac
ACC3f05663ee8,PAY9d8b1c903d
ACC210f615524,PAY2ba384fa1e
ACC210f615524,PAY6f990598c2
ACC9f1d93ab47,PAY107170ebb1
ACC9f1d93ab47,PAY744438c2f3
ACC265eeb2532,PAYd7c36aaf54
ACCe6f2e8b77f,PAY9e52df975e
ACCb05d500ee0,PAY7610b5a4a0
ACCb9e2796c72,PYA03d478a61b
ACCb9e2796c72,xPAYd84f93abe4
ACC76615df9eb,PAY4fe08e90bf
ACC76615df9eb,PAY92a014d57
ACC1035fcd656,PAY45e7c80ad0
ACC1035fcd656,PAY1f1f4ca7fb
ACC184d45b6e2,PAYc6f6f0c91e
ACC7a155514e6,PAwYa270b712c3
ACC7a155514e6,PAY81a3bc42aa
ACCca423af014,PAYef0609cd16
ACC5569ba6d82,PaYfe057a6ddf
ACCccb244ed60,PAYa087bef637
ACCccb244ed60,PAYe44bb45555
ACC2795537894,PAYc12a08457d
ACC2795537894,PAYb58e83798a
ACCb9be0aaf7f,PAY3a469aa2ed
ACC842dac0145,PAYd5b64f315d
ACC842dac0145,PAY2218807156
ACC5c53e0f7a3,PAYfaa23aeecf
ACC5c53e0f7a3,PAY6e83aeDf0d
ACCc74901bf69,PAYc7550753A8
ACC4eb6c517fe,PaY8f05e58ecc
ACC4eb6c517fe,PAYd5c33985a
ACC26249c577e,PAY3535de3a07
ACCc95f691114,PAY495b7d3f56
ACC7e7ef98605,PAYfbcdaa41e
ACC7e7ef98605,PAYc4b1d3c95a
ACC961aecdba3,PAY85fd1fca6c
ACC961aecdba3,PAY2cc90d049a
ACC927ac9d80e,PAY980df1e9a6
ACC927ac9d80e,PAY4142cac3dc
ACC490a01ef44,PAY4bee6ad137
ACC490a01ef44,PAY4bd44c0fde
ACC01575ba748,PAY96c42dbc39
ACC19509b8d0f,PAydcce275ed6
ACCf9535c40c8,PAYb3f833428c
ACCc01800a4ab,PAYb3f0a799d
ACCc93554860b,PAY8665f2c848
ACCc93554860b,PAYc30f2724bf
ACC3f9c0b38eb,PAYbb058aa1d2
ACC8c5fe45963,PAY084953088
ACC95f69ed6a3,PAYabbc47b184
ACC2da96eaed2,PAY9c29f3326a
ACC2da96eaed2,PAY9511abd65c
ACCb60be42855,PAY29a44a5155
ACC5468b4ac8b,6PAY9994548276
ACC5468b4ac8b,PAYad8a6156a7
ACC627a4f8c90,PAY74b30687db
ACCfe75fdac0b,PAYcf0271c9f7
ACC679a55e626,PAYbfd8ed8408
ACC9ebf3d1ece,PAYe5d02F24aa
ACC183acb642e,PAYd90e5befe
ACC183acb642e,PAYa9b5f9d35f
ACC4e8e887772,PAY346dab1fa
ACC0e41da944a,PAYc57b5ec707
ACC0e41da944a,PAY22cc0f56a8
ACCbc5bb018c9,PAY9e22474da1
ACCbc5bb018c9,PAY6757db1007
ACC085650f7da,PAYa9f15dfac6
ACC528d252e73,PAYcaa2aec06a
ACC528d252e73,PAYa44318057A
ACCaece11ca1b,PAY65ac162c67
ACCad4f20a4fb,PAY34927863ed
ACCad4f20a4fb,PAYd476185cd
ACC41980d5313,PAY7bb9f6e96
ACC107267a487,PAY791f2cb2d0
ACC107267a487,PAY3d3f48d171
ACCc623ba9842,PAY3ef29369f4
ACCc623ba9842,PAY802b0c7b33
ACC88a9879ce7,PAY6bbcd0702f
ACCeb6fdc55c6,PAY895d84b224
ACC291ca6f475,PAY0d713185f8
ACC291ca6f475,PAY31a7c59709
ACCdd6fbb4aa1,PAc2bdb605f3
ACCdd6fbb4aa1,PAYa5413075c4
ACCa5aac191c3,PAY4177f564d5
ACCa5aac191c3,PAY8ee308b7a0
ACCd5e20fe4dc,PAY985eebb755
ACCd5e20fe4dc,PAYca24b8c2362
ACC5d8a1a6ec5,PAYdf0d4fd4cd
ACCa47176c52e,PAY54de56614f
ACCa47176c52e,PAYe6b00ff4ba
ACC71d49f4f8b,PAYccfad900a7
ACC71d49f4f8b,PAY808f5b17b5
ACC2fff3114bd,PAY1006303e11
ACC2fff3114bd,PAY3420b7948a
ACC230673c3d6,PAY7bc3772d32
ACCe9a2fc5bed,PAY274bb424c2
ACCae67575def,APYc649c08239
ACCb46175ec81,PAY6a9f3cfa8a
ACCb46175ec81,PAYb2e40f910b
ACC02d0818548,PAYbae6c3t68f1
ACC28c12eb14f,PAYcfa9282791
ACC4edfdcce0a,PAY99814aaad
ACC4edfdcce0a,PAYa92e5fcc6d
ACCac16052926,PAYBd35509941
ACC3144ee4262,PAYa621ce70f
ACC3144ee4262,PAY79ac2c2d95
ACCc3eeea71ea,PAYad3ab444f
ACCc3eeea71ea,PAYd8a990bd67
ACCc96e9d9355,PAY1q805cf10b6
ACCc3a867324c,PAYd306692f2c
ACC919263c6c1,PAYa55b760e29
ACC3ae6306e49,PAY9527321637
ACC3ae6306e49,PAYf8a183f513
ACC83b731cc22,PAYc634f5u3d69
ACC83b731cc22,PAY6b7fead9f6
ACC78b1ff72b6,PAYd1f5a65663
ACC5af4e1521a,PAYC492500a92
ACC5af4e1521a,PAYbffce0067
ACCc377246c1f,AY8b1344968f
ACCc982c8490b,PAY1d7858f962
ACCc982c8490b,PAY02d8203f21
ACCb0e55cf87e,PAYdb3b68dc3
ACCc425bc2915,PAYa67f9e3fbf6
ACCc425bc2915,PAY8a340fd964
ACC8f66b45c8b,PAYe0e3c82198
ACC1cd44c1a29,PA4Y640fde2478
ACC1cd44c1a29,PAYedc56dbc53
ACCaa1b6c136c,PAY40ec77b1ff
ACC82467f4044,PAY37f4bde7cd
ACC82467f4044,PaYd4853267a4
ACC5760df3b8a,PAY4011bda268
ACC13c270d73f,PAY0e7c4fad39
ACC13c270d73f,PAY632ee243e4
ACC5af882908c,PYb9e7c76431
ACC5af882908c,PAY91520283c8
ACC3e2f1db8f9,PAY22f5e2f02d
ACC527ffaf595,PAY0Ba87fe59e
ACCee3d3afc95,PAY7a6babb485
ACCee3d3afc95,PAYaf9ba1f4d3
ACC61cea8809e,PAY90b6eck6618
ACCf0089030c1,PAYa0368a5848
ACCf0089030c1,PAYe44b987ee5
ACC19c1f4f937,PAY0c6A50bf34
ACCefb00ecf5f,PAYa39e4d3d7f
ACC04f8aff778,PAYd567b0d376
ACC04f8aff778,PAY08f9233a10
ACC9af823b8c7,PAY298c1bab14
ACC975b2cc5f6,PAYe309b79f35
ACC6e032d0b4c,PAY53111827ef
ACC709acfb629,PAYc6313c0807
ACC709acfb629,PAY2853a8116c
ACC157727b522,PAYc9bf260dd7
ACC743f24e3d2,PAY8fc58a1c65
ACC94e4ce48dc,PAYbf1484b9d0
ACC8e374af461,PAY97fdf18acb
ACC969e3a4a66,PAY542e76e633
ACC969e3a4a66,PAY50d86e9ee5
ACC5d5c552d18,PAY97097cf3a3
ACC5d5c552d18,PAYa929bc55f9
ACC3e8575a360,PAYcaa7ccb672
ACC3e8575a360,PAY2353831c4c
ACC281295e8da,PAY27a22ca17ec
ACCe9646ff0a0,PAY16dA3c6dd1
ACC444ac55203,PAYe989eca75
ACC208d6654c2,PAY864b5b1293
ACC208d6654c2,PAY531c33bdb2
ACC0ecb19dd0e,PAY2b2f3f18059
ACC0ecb19dd0e,PAY18b9572851
ACCce7f13c898,PAY04aj82db1ed
ACC771a9d064a,PAYab528ef347
ACC771a9d064a,PAY85426358b0
ACCb5973378d7,PAY6c95254cdb
ACCb5973378d7,PAY97a7a8b6e04
ACC780bc752f1,PAY645054c438
ACC780bc752f1,PAYddd38f5ee
ACC20d898c87f,PAY8e88334ca2
ACC20d898c87f,PAY53d4118ae5
ACC1c468f3c60,PAYfa0e681057
ACCf312b781ed,PaY3d148089df
ACCd6b49c7a70,PAYd59c56e226
ACCd6b49c7a70,PAY10372442ab
ACCf47a5b4754,PAY21f15f654d
ACCf47a5b4754,PAY1e2v75d6faf
ACCb7fde492b8,PAY169rda0ec98
ACCb7fde492b8,PAY5c93211568
ACC887ccbd591,PAYc332348090
ACCf678bbb588,PAY731798fa3b
ACCf678bbb588,PAY981bd3dee
ACC3fc2bc8d57,PAY5ef2b4a272
ACCb7fd27af91,PAYa9dd7e464f
ACCb7fd27af91,PAY26044a910d
ACC9ebdf297cd,PAY5a7a958b20
ACC9ebdf297cd,PAYde91190a92
ACCf9d2bd90d4,PAYa2f108890f
ACCf9d2bd90d4,PAY8f13f44fd5
ACC4bef2c5c21,PAY7cef811255
ACCb70a91fc76,PAY324aacccaa
ACCed2f01bd35,PAYfc24d3227b
ACC789520e709,PAY502ccd65fa
ACC789520e709,PAY977e80f257
ACC1e7666f0e5,PAY43cc642102
ACC1e7666f0e5,PAY5f72955652
ACC601c10ce2d,PaAY33b561b4fc
ACCe46a612cfb,PAY15a674a67b
ACCe46a612cfb,PAY5a789316b3
ACCc2037ccc89,PAY881fb23276
ACC6e7ec0cd2e,2PAY4aaa67e1d9
ACC6e7ec0cd2e,PAYf402defe9b
ACC0eb07e46ce,PAY8D22fb4c9d
ACC0eb07e46ce,PAY260c9acec6
ACC41a54ca33d,PAYa48e895h5dc
ACC91cb212756,PAY73f3b0bd83
ACC01f0b91335,PAY479a1a8c7f
ACC01f0b91335,PAYd43bc5ed30
ACCa46012aec2,PAY45886e0713
ACCa46012aec2,PA1Y6cd7828607
ACCfd219493a0,PAYc88f8bfff9
ACCfd219493a0,PAYd8c424a3ee
ACCd2b0934eae,PAY8bc7d8bse49
ACC091837358b,pAY8475cb9ef7
ACC06b9e01d2b,PAYaa29ee3661
ACC06b9e01d2b,PAY133fb0c487
ACC85266cd80a,PAY0e0b90e112
ACCdaf82f7573,PvAY8700789dc8
ACCdaf82f7573,PAYf08345c2b5
ACC4d74508bbf,PAY7c0dbac6dd
ACC4d74508bbf,PAY302dcb26c
ACC266e9c7fba,PAY5986022e3d
ACC266e9c7fba,PAY938278b3x88
ACC0387c4a0bf,PAY611f272618
ACC0847a07960,PAYdda5f88d76
ACC13345dd01b,PAY181281b532
ACC13345dd01b,PY1d496f3633
ACC7bc25130c2,PAYcc0c24da5
ACC7bc25130c2,PAY127f61fed5
ACCad9bf4cf5c,PAY44934d0c4a
ACCad9bf4cf5c,PAY502dc40f506
ACCd26e2f66fb,PAY3b25b31cf7
ACC68d7dda5ff,PAY919cccf25qb
ACC68d7dda5ff,PAY6ae9c0cfbb
ACC2dde2da536,PAYa1109bf4b7
ACC2dde2da536,PAY0ad74h4df42
ACC300ac3d5d7,PsAY486f2c6e28
ACCa464ceca32,PAY7381e06a86
ACCa464ceca32,PAYd939ab9fa9
ACC5b0ce40128,PAY0db072fb11
ACC1a9009bbf0,PA0Y6860f1df2
ACC1a9009bbf0,PAYba5c8c4d05
ACC22bd4fdc03,PAY700489ecfc
ACC66cd7de691,PAY16ebaaa647
ACC1b75b4d002,PAYb6f727abd3
ACC8acc401c0b,PbAY3034c417fa
ACC1a2d8650d0,PAYfb1bb6ca01
ACC1a2d8650d0,PAY1c65e2b5e8
ACC787515045c,PqAY1293744347
ACCae02b95727,PAY657b545eff
ACCae02b95727,PA7Ydf9a7d6ee
ACCeffc9b55d7,PAY12cd7ac389
ACCeffc9b55d7,PAYA207cb2a45
ACC9ef995dee2,PAY6d66f9c9f1
ACC9ef995dee2,PAY00e77c7d82
ACCb3a61c086f,PAY8cb85D21a1
ACCb3a61c086f,PAYb2c82b46e
ACCdb27898c2e,PAY92a3004e77
ACCa3a5607612,PAY82467d1121
ACCa3a5607612,PAYad5a8982de
ACC5d710649f4,PAYde8d680566
ACC5d710649f4,PAYbb6555ef9d
ACC00a8b04513,PAY26f3a7332e
ACC00a8b04513,PAY9daa69278b
ACCff84f8d6de,PY5ceea34d21
ACCff84f8d6de,PAY451c1abad5
ACCd14093d9dd,PAYad1fa816eb
ACCe6f7247f2d,PY0d64b170f5
ACCf26adade1d,PAYfba17791e5
ACCf26adade1d,PAY5251917cf6
ACC4131ffb362,PAY6955504186
ACC46602c4ec2,PAYd847e369ba
ACC46602c4ec2,PAY6c56591515
ACCfae5905155,PAYf63a2c8a7e
ACCfae5905155,PA8Y8b0fb65ed
ACC60bee13104,PAY236023fcc8
ACC60bee13104,PAYf4b9ee4045
ACC03c0a6a462,PAYc326d10241
ACCa1694295aa,PAY93c3fb41b8
ACC070165e834,PAYa0a3454db0
ACC070165e834,PAYdb61ac57b
ACCeff7bb63f6,PAYad5504b17c
ACCeff7bb63f6,PAY9f6671f470
ACCe054827cfe,PAYC2a99dd18d
ACC70d4ce455f,PAYdb4b4878d0d
ACC0a0f98cd85,PAY86f1bd52c2
ACCce5e983a4c,PAY0130586379
ACCcfb46d2c6e,PAY29528d9461
ACC644f3423d1,PAY1206881820
ACC644f3423d1,PAYf228fd30b0
ACC64ba7a552d,PAYde1370c68c
ACCe812bd7bb5,PAYfce19eaddb
ACCe812bd7bb5,PAYc65be20e07
ACC7065535d9d,PAY57bmcc6eae4
ACC1efad4a795,PAY012fc01be2
ACCcd689532cb,PAYfae1ed9021
ACCfc690750fd,PAY5a003620c1
ACCc3046b1a4d,PAY80a5e67491
ACCc3046b1a4d,PAYb315cdacf9
ACC9878aa1dff,PAY366ae18810
ACC9878aa1dff,PAY212af07060
ACC499677a671,PAY24ec8226ca
ACCef22224b5a,PAY6f52e44657
ACCef22224b5a,PAY2a8d43487s3
ACC9d8758c5db,PAY049e249a60d
ACC9d8758c5db,PAY5b39076453
ACC2ead3e338c,PAYe82050f3em4
ACC2ead3e338c,PYAe8e6852a15
ACC462a9cb094,PAYdb7f8dc6d6
ACC9d0bb58518,PAY6e41e94378
ACC9d0bb58518,PAYc71ebb30eb
ACCa2e479b31e,PAY46646bc451
ACCa2e479b31e,PAY3416b9c8de
ACC48363f666d,PAY16497061b
ACC48363f666d,PAY3424fc7be3
ACC0449f9c6a7,PAY80140251f8
ACCa05ae1efd5,PAY431b99c933
ACCcfa994c012,PAYb9747b65c
ACC76ef76d336,PAYe568c38170
ACC76ef76d336,PAYe6a8947524
ACCf8fbc7eb06,PAy6498ea66f2
ACC1beeec5d95,PAYdfred1ca1b1
ACC1beeec5d95,PAY868c5a824d
ACC773b95aefc,PAY37d7e9b9be
ACCcafac39f71,PAY74226f48b7
ACCcafac39f71,PAY61fb63d8b5
ACC083a9ac4e9,PAYe9c8439275
ACC6daff51a53,PAY5aff8cf8d9
ACC79e4f92659,PAY8534f8c47b
ACC87d115ce8d,PAY1096d28c32
ACC87d115ce8d,PAy1680ce5dc0
ACCf53bb9998b,PAY2eb63e5d89
ACCee4d5688bc,PAYad759d7b6a
ACCee4d5688bc,PAYf338527313
ACC89657d4f89,PAY1620623895
ACC2a94f6d517,PAY536af378d4
ACC8308f98e25,PAY38cf197c98
ACC87e39015f4,PA6Yce4ac211a
ACCb42579d8f0,PAY6f096e24aa
ACC22b76ff2c1,PAYf1e9e44ee8
ACC1ff076d9b2,PAYd0085831de
ACC36be6c5793,PAY7b1ddba668
ACC40f6b4d484,PAYdad3750ea2
ACC8c0f00aaac,PAY5d921f2ca7
ACCc29182c86c,PAY2ee1acbcef
ACC6f4a2e20ea,PAYdF0224dbd3
ACC6f4a2e20ea,PAY50e64b65cf
ACC94f6291dd2,PAY1cb0a69bc0b
ACCec62157126,PAY304b3193c4
ACC156c4b7ba9,PAYb1969e550
ACC548ba8f528,PAY2b752d7e7d
ACC7b978fdbcc,PAY244c6580554
ACC3897e95924,PAY9870ce8734
ACC3897e95924,PAY222e9ae9a0
ACC74ec877f6f,PAY77eb1de90c
ACC74ec877f6f,PAY67bd83fdc0
ACC63f4d991c6,PAY97bb7d5026
ACC78aa92f9f2,PAY6893bd6864
ACC78aa92f9f2,PAYfe04747fbf
ACC81bc98e89c,PAY59579d3b83
ACC02721c8a46,PAYd6aa6cbc2
ACC02721c8a46,PAY057d37d112
ACC6be6b786f4,PAY19cf530ef5
ACC6be6b786f4,PAY20d3852d5
ACCf4ef11e557,PAzY5e2e33508e
ACCebd1e758c4,PAY254e761f2
ACCebd1e758c4,PAYef95b26148
ACC8f3b6fe46e,PAY008b6b060d
ACC9aec7a5bc6,PAY882c0af8c3
ACCf23050824c,PAYd5a69d08A6
ACCf23050824c,PAYac55b8b23f
ACCa4610db94f,PAY18e52796f
ACCce9f09cc87,PAY681cd72c29
ACCb1946e8d4f,PAYb1c9888ec2
ACCb1946e8d4f,PAY3a589yfef09
ACC714c846d39,PAY57756ff0b8
ACC714c846d39,PAY0d329abee02
ACCc6a7e8e9d7,PAY5231cd4fa2
ACC41e4abc5cf,PAYa5501d7738
ACC41e4abc5cf,PAYdf04159d9f
ACCc2cf919b6f,PAY5059ca589f
ACCc2cf919b6f,PAYcd85f14fc9
ACC71fccb1d8f,PAYd248b5eb5
ACC9780bce3e6,PAYda1e6e2618
ACCa08a29448b,PAY8d01a4ce71
ACCa08a29448b,PAY2dc690fc8d
ACC6bd4b2e68a,PAY48d2fa0979
ACC6bd4b2e68a,PAY366dc9db488
ACC672cee551a,PAY4c21f0a8dc
ACC74bdfd16a6,PAYddd3f15822
ACC74bdfd16a6,PAY8a531cc08
ACCb54da5f820,PAY2e408f8956
ACC7fa55ba8a6,PAY872c7d4c8
ACC7fa55ba8a6,PAYca37cb4b3d
ACC830a794c74,PAY8f4efd57d3
ACC830a794c74,PAYf2ab483530
ACCc969e61fb8,PAY51cc65c59
ACCc969e61fb8,PAYbf869da4eb
ACCdbefb69620,PAY4de6fbb2d7
ACCdbefb69620,PAYFbaa61a6f8
ACC78ca10d3f2,PAYf6fdb04537
ACCe97bb821f7,PaYe0a9151f4c
ACC915ac13078,PAY2c3b0eb2716
ACC43211f68f2,PAY3a3becd50f
ACC43211f68f2,PAYb5c1791e5F
ACC4c64aa2ec2,PAY6ac7bda540
ACCf4f6c55755,PAY66173ee444f
ACCf4f6c55755,PAY5fd34b923f
ACC28535d5f73,PAY70a91ff5b5
ACC28535d5f73,PAYce34db70bC
ACC6bd00ddbec,PzAY5a6ae203da
ACC6bd00ddbec,PAY6589b29d6e
ACCdc33ce7895,PYd915496a86
ACCd5eb5aefca,PAY8f05cc81ue1
ACCd5eb5aefca,PAY35dbab0973
ACCd2f0955a9b,PAY5c03352930
ACCd2f0955a9b,PAY7ffdh8e9d13
ACC7dca1cdfa4,PAY66b4dd5f08
ACC7dca1cdfa4,PAYc247d6027f
ACC30ce0187bd,PAY9d870c728b
ACC30ce0187bd,PAY96829cb7e4
ACCc5ac6987f5,PAYec0119fe9e
ACC868d8c831e,PAY1754d21ba
ACC868d8c831e,PAYe89216b844
ACCb33231b71d,PAYf37a622994
ACCb33231b71d,PAgY745a915c55
ACC2153fb6db5,PYAe1566afffc
ACC2153fb6db5,PAYb75127c6c
ACCed9a290c7b,PAY39b1f34f28
ACCcacbfe22b3,PAY6aae4af7e7
ACCcacbfe22b3,PAYf30ebed3dd
ACC62b3d16c47,PAY01949ad767
ACC62b3d16c47,PAY4409a6e4b9
ACC8b7c7a89e5,PAYc37b51a79a
ACC8b7c7a89e5,PAY192es3718e4
ACCeffbfb44f7,PAeY6191f0441
ACC52c224b29a,PAYaa83014368
ACC1e3064dad8,PAYdf8aa80d81
ACC1e3064dad8,PAYa597ab6c9d
ACC346764aa12,PAYbf62fb701d
ACC1c2694436c,PAYc7d3922a0
ACC1c2694436c,PAY2ba716238f
ACCf7906e3b4b,PAY3933d7ef4b
ACC2cc982ac35,PAYe2c32b39d8
ACCc08295b7c0,PAY272730350a
ACCc08295b7c0,PAYf4321bb14f
ACCfd84ac1e8b,PAY5d4c13ebb8
ACCfd84ac1e8b,PAYebf1b6d17d
ACC2decf3bbcc,PAY4d17790f74
ACC2decf3bbcc,PAYaa46fc62e
ACC36cbcc18f9,PAY3fb7b7a239
ACC36cbcc18f9,PAY333044c392
ACC0c94171a0a,PAY983543a49a
ACC0c94171a0a,PAY69e72b65c9
ACC192e93d304,PAY72ef35f7f1
ACC0de0365bf4,PAY39de52988a
ACC0de0365bf4,PAYe4e1d487b5
ACC140df6260d,PAY96608bd3ec
ACC140df6260d,PYA7f5a3eb4fa
ACCd8809a2c15,PAY6aa09fa359
ACCd8809a2c15,PAYd323d6eaea
ACC7b878f09a6,PAYe6121d0b56
ACC7b878f09a6,PAY71fbB690e7
ACCb71b04f25e,PAY6569b1936e
ACC276ad7d1a6,PAY07f15ee471
ACC01d781e453,PAYcc5587a864
ACCa8ad1c7060,PAYf38bb5048b
ACCe4216e16bd,PAY09dc8581b6
ACCe4216e16bd,PAYec88a1c8fe
ACC2ec9e9bbc3,PAY37ca1e1373
ACC2ec9e9bbc3,PAYf4beb9c5db
ACCd3e45ec70e,PAY7cf7f1e561
ACCb86adea8d5,PAYe7tf407727d
ACCb86adea8d5,PAYf16825886
ACCbba77ddad8,PA1b7a030c7f
ACC689bf70421,PAY4e5b1ecb20
ACC2e887d247c,PAY91ddb9ca53
ACC2e887d247c,PAYbbad9e7b10
ACCcfa43008c2,PAYc4a5e472f1
ACCcfa43008c2,PAY5d593f3012
ACC68351c755d,PAY354aa9c9ea
ACC307ea3f403,PAY9d1aqbd7e5c
ACC307ea3f403,PAYa7e5a4e4dd
ACCf7f122fac3,PAY5ccd136162
ACCa88a9a478e,AYeacde8760f
ACCa88a9a478e,PAY15302fca1b
ACC4dc4315f2b,PAYCf480380d4
ACC184814942b,PAY552647480a
ACC3412794708,PAYb3d30a4c01
ACC3412794708,APYe399f50b41
ACC1d88fd7351,PAYe89e5a480c
ACC3e6d44f9ea,PAYb2c61365ff
ACC3e6d44f9ea,PAYa6ce88df28
ACCc256fbc532,PAY6f8a1b5434
ACCa1505fa7ed,PAY254939df3
ACCa1505fa7ed,pAYe52c71170f
ACCa08bb2af2f,PAYecc2483896
ACCa08bb2af2f,PAY9daad0b09d
ACC8d32076e8d,PYe7f506e535
ACCc7d085bf11,PAY949ac32e38
ACCc7d085bf11,APYe205c4b8b4
ACCb76180358e,PAY1adb778af3
ACCf3f5312bdd,PAYef668357fa
ACC477b36e458,PAY7a1d01c955
ACC760ce6c78e,PAy73daed4dcf
ACC760ce6c78e,PYAa720141ea3
ACC247fccad5e,PAYb3aa2e42C1
ACC5cc164da12,PAYaac731c111
ACC5cc164da12,PAYa09c013e3f
ACC2ffc9a49a6,PAY26b7a013ec
ACCac6a985f2d,PAYa5b9a090ce
ACCac6a985f2d,PAYf7c21517a3
ACCbeb8318dc0,PAY8d13ece2d1
ACCbeb8318dc0,PAY5fa838ddca
ACCdbe7596b72,PAY749c2b2de2
ACC218dbc9bff,PaY6eadaaed4f
ACC9ba9c99bd3,PAY1e444e296a
ACC2d97450326,PAY9ac94b0425
ACC4b580e1f63,PAYbb475ee8127
ACC4b580e1f63,PAY0f5bfd0692
ACCac3c93b5dd,PAY38a4427d64
ACC715ee8667b,PAYa0fe534ddc
ACC1ce51a8b5d,PAYbaf1d33c93
ACC4e85b7f182,PAYaba7709b15
ACC4e85b7f182,PAYbac957c4ea
ACCe0d39ff858,PAY56fc858d3d
ACC4169400322,APY7690d4a763
ACC4169400322,PAYc6644284e2
ACC2a0d8e95ee,PAYb3aa5af579
ACC9a4161955c,PAY5127ae12f4
ACC8a66e1b24b,PAY1ebb78e0013
ACCb16757aafd,PAY79614e9884
ACC76bb6f6f36,PAY6db073bf7
ACC2fcfed17d1,PAY513232acaa
ACC1c21cb4480,PAY44fe488f26
ACC1c21cb4480,PAac7f18a499
ACC03f855aef8,PAY97d4fdd76a
ACC03f855aef8,PA9Yace3e63fa6
ACC7bfbdf1588,PAYfd88160aa9
ACC7bfbdf1588,PAY7e4b0e3303
ACC9f9cc0521c,PAY877860526f
ACC572a46bfb0,PAY1c243758c5
ACC572a46bfb0,PAY3d6882d6bc
ACC4d31460ace,PAYa33536964
ACC23f9d7429a,PAYf4ff778382
ACCb4e1ee167e,PAY5883ba97a2
ACCc303b3bf41,PAYb7ea835998
ACC5e6ca1cdf9,PAYba9c2c1d63
ACC5e6ca1cdf9,PAYc116ba9090
ACCa838c07d8f,pAY5a2775dcd5
ACCa838c07d8f,PAY88a50a69z54
ACCa99bb211ae,PAYabf19d566
ACCa99bb211ae,PAY251f18e8da
ACCcf3532c3be,PAY6ef5b0a8d4
ACCcf3532c3be,PA0Yedf19cf43
ACC431d52282d,PAYb3395acece
ACCd79dfd8bdb,PAYaa193de1263
ACCd79dfd8bdb,PAY8263163e30
ACCcd2490a7ab,3PAY5aa5a09f41
ACC572f9cb6cd,PAY6ac264513f
ACCc38ef5ce94,PAY7c612cf97b6
ACCc38ef5ce94,PAY113895c773
ACC63697d3dae,PAYdcc78554b
ACC56a7a4ecbf,PAY49fb29f4bb
ACC56a7a4ecbf,PAY8cz4a69cff7
ACC3d47c5b63c,PAY669c23aaed
ACC0ececebedb,PAYbe1ad904b8
ACC0ececebedb,PAY88d7bb199
ACCf217c8dbe9,PAY222b61d1c8
ACCf217c8dbe9,PAYca538f1f63
ACCc5e38e7fed,PAY6a38c111cd
ACCc5e38e7fed,PAYfb45acc848
ACCeb6438622f,PAY701fc22ec6
ACCb23dcb6fe3,PAY9205bc2303
ACCee09a76b62,PAYc9340ddaf1
ACC637fbbbeb4,PAYe26be37213
ACC40c3b3a544,PAYc0a4c929g15
ACC40c3b3a544,PAYbb46373ecc
ACC40ea3222ec,PAY817790e2b
ACC67f3d5e0a6,PA018016b258
ACC85b5aa6548,PAYd2375661be
ACCbcd7e2a528,vPAYf7b961a9ac
ACC903e045226,PAYc0fe7c1b34
ACC051fc42044,PAY1ffbc6d823
ACC051fc42044,PAYb008239b43
ACCa3d51b5e8a,PAY242ec76f73
ACCa3d51b5e8a,PY333db8f42c
ACCf309489de0,PA7Y80a0b9471
ACC51a6ce6f42,PAY18eefa5834
ACC51a6ce6f42,PAYf92559b53
ACC5944d07291,PAY21249522c3
ACC5944d07291,PAYd3455d6c534
ACC6f5272b9be,PAYa9ab6d4351
ACC4a8203013b,PAY79688eee31
ACC49cad0c1be,PAY9dda5b438b
ACC0281ec51ce,PAY14104f83fa
ACC0281ec51ce,PAYd68cfafaf7
ACC48a3d7d40f,PAY7c6867ccfb
ACC48a3d7d40f,PAY79de63a159
ACC0b15732f88,PAY64ecd71c7
ACC361afaadb5,PAY85f4681203
ACC361afaadb5,PAY499b571e9e
ACCa3c3523ba5,PAY67837b0042
ACCa3c3523ba5,PAY76c88cb3ee
ACC754bb85903,PAY1d474cea48
ACC8306a522e8,PAY2ebfff5f67
ACCd522e2a470,PAYa5127f21de
ACCd522e2a470,PAYac0b5a5yaf4
ACCf19c752d8c,PAY4cef19fd7fe
ACCf19c752d8c,PAYfbba2b92b
ACC0e8c30e842,PAY4b6d78075e
ACC85062a6c1d,PAY4fe8157a6f
ACCf12b856f8a,PAY07483278ab
ACCf12b856f8a,PAY0be3c636df
ACC58c05ce482,PAY3df457d288
ACC58c05ce482,PAY37bb4c1ad9
ACCbbc0d3cacd,AYa43d886a5e
ACCe9c9d0ba36,PAYdc70d8a24
ACC7f8e822dd7,PAY4ed0621326
ACC7f8e822dd7,PAY724e5363aa
ACC4dc6dff73d,PYb68152fb18
ACC4dc6dff73d,PAY23dd63d5cd
ACCe8936e76de,PAYb9a450183e3
ACCd46bb04134,PAYa503f2b220
ACC2ca58a45ba,PAY221dc99eca
ACCea0b0ed612,PAYe9c4307aaf
ACCea0b0ed612,PAYb768648fa6
ACC33643f9ec6,PA4Ycc00793d2e
ACC1fa828365e,PAY0539a0324e
ACCc05b68be9e,PAYbfda3b667c
ACC3dffa3dd49,PAY79b27a27a1
ACC3dffa3dd49,PAY01dd2hdfb99
ACCce2f45edc6,PAYb4b82b88a3
ACCdc01d1c484,PAYdd5ceb362b
ACCdc01d1c484,PAYfc90abe02da
ACC899f3b5f14,PAYfc237ce85e
ACC899f3b5f14,PAY860c070944
ACC72f57906ee,PAY8291e0246b
ACC72f57906ee,PAY68990b7f5c7
ACC15dcf7422c,APY10449aad5b
ACC15dcf7422c,PAYfa746f5ee7
ACCda96a7a8ea,PAY5101a0d174
ACC9028bbd676,PAYebd75ae0a0
ACC9028bbd676,PAYe4f5cc0f6
ACC53aa75dde0,PAY7c3bfe4676
ACCe57f931943,PAY402e7bc0ea
ACCe57f931943,PAYf0d31a46a8
ACC50d0bbcece,PAY062354f5fb
ACC50d0bbcece,PAY9138d5d134
ACCf60f56b610,PAYf5217c91a8
ACC41f4908ddc,PAY82b311705a
ACC41f4908ddc,PAY103e90cdce
ACCba6484f2f0,PAYbcb4791448
ACCba6484f2f0,PAYcc726f783ef
ACC03922e5708,PAY9b72c7304
ACCe1e5be013a,PAY85229b61f5
ACCe1e5be013a,PAY923f7c7f49
ACC8040d3d958,PAY3f7f18a524
ACC8040d3d958,PAY9cf3ecd4Dc
ACC14bb480f81,PAYdfa569a677
ACC14bb480f81,PAY486f9637f5
ACCee71892987,PAY13c5a43e34
ACC3dd5400a0f,PAY4db3d71fa
ACC21dc2a8b52,PAYacac2a9126
ACC21dc2a8b52,PAY8cc86620e1
ACC25c54945e4,PAYef3f8be0cf
ACC25c54945e4,PAYd7757fb8f1
ACC0f0332ae4d,PA8Yb55d6f3d1
ACC0f0332ae4d,PAYa79f07b547
ACC56fae4aa41,PAY2c64f4d0793
ACC56fae4aa41,PAY10775a48n15
ACC38f75388d0,PAYf3scb2267fa
ACC38f75388d0,PAY3a4e69f384
ACCf70dc06dc9,PAY7feb3a96db
ACCf70dc06dc9,PAY62edd5fda6
ACC8dc9496e1a,PAY1c160b8e3a
ACC91b2418c9a,PAYab0c8812b8
ACC91b2418c9a,PAY5ac6980b79
ACCc0e0f8e17a,PAYa09cbdec73
ACCc0e0f8e17a,PAY2ba95fb10b
ACC814bc9340d,PAY4b6b1a763b
ACC814bc9340d,PAY40fd128ba2
ACCfb63901824,PAYce6fa2089
ACCfb63901824,PAY7c5ca7629a
ACCc08b57ce74,PAY2bbeb7fc75
ACCc08b57ce74,PAYf3914756a0
ACCda71bf7522,PAYaf9140ae41
ACCda71bf7522,PAY67a35a3af6
ACC2a977ddabf,PAYef7834222e2
ACC2a977ddabf,PAY70275662f8
ACCa97da2a6f6,PAY46d554f7fb
ACC2daf5c33c1,APY8187e89849
ACC2daf5c33c1,PAY42d0a44a1a
ACC405c2332ab,PAY585c772559
ACC405c2332ab,PAYea52d4b25
ACC20e3a9cdb2,PAYac4e91b6eb
ACC20e3a9cdb2,PAYdd74f032f7
ACC1e355d0fde,PAY2d5394937b
ACCbc6097283a,PAY743b54f21e
ACCc66c6b244c,PAY960Dad5307
ACCc66c6b244c,PAY68ce9fcaeb
ACCce8333f4ff,PaY528ec1326d
ACCce8333f4ff,PAY1780f5954c
ACC3e7bbc48f5,PAY1ea9ebaa6b
ACC3e7bbc48f5,PAY48abba165
ACC4ba2bd4bed,PAY120b978b68
ACC05d46e913d,PAY069ad46b7d
ACC05d46e913d,AYdfca9efe9f
ACCb30a3462ee,PAY82cb571d48
ACCb30a3462ee,PAYb8936d9492
ACCa02c709810,PAY2e86b5567e
ACC57ca428869,PAYfb381adca7
ACCef80ff5a35,PAY824e993d29
ACCe7a14bc911,PAY8776ee1b7
ACC4986f88b5e,PAY1177876e06
ACC4986f88b5e,PAYf03eebf52
ACCc8cde92cf1,PAY5e767e45f
ACCc8cde92cf1,PAYe18fefeadde
ACCde642914f5,PAY3f30307eF5
ACC681469b9a2,1PAY1bf3defa01
ACC681469b9a2,APY2fb9936bf6
ACC487263324d,PAY02eb429cc9
ACCfc56a4e81d,PAY5c7bb4a698
ACCfc56a4e81d,PAYb39fd3233e
ACCc2756717ab,PAY374fd46c0c
ACC9faf0fd9d3,PAYdfd8081c3f
ACC54ae9d9f73,PAY38e63a24f8
ACC54ae9d9f73,PAY0c518cc3be
ACC3b2c993540,PAYb87e119206
ACCa7fd0a720a,PAY552c2750f4
ACCa7fd0a720a,PAY2d9b79b77a
ACCe05feee250,PAYae405f6fdc
ACCe05feee250,PAY193077cd25
ACC364b35f66a,PAY25d083d486
ACC364b35f66a,PAY97effe507
ACC92406806b8,PAY43750d6023
ACC92406806b8,PAyac31f8136c
ACCb18e8f2706,PAY252f6d357c5
ACCb18e8f2706,PAY6674c4d1c
ACC95eb407ea1,PAYf0f8dec5f1
ACCf3313b574c,PAYea8b29da73
ACCf3313b574c,PAY0a5f95a5bd
ACC16e19b7afc,aPAYe07b2f5e3e
ACC16e19b7afc,PAYd7b356a2b6
ACC4cc006a4c2,PAY0fa0ab272b
ACC4cc006a4c2,PAY7d771069ba
ACC31a50ba92c,PAY022392770c
ACCc28fbde198,PAY0abbc64eb9
ACCc28fbde198,PAY5dde008bed
ACCd057fdb1f8,PAxYd09dae2908
ACC1c81afd1a2,PAYcd1730124c
ACCbc27db8132,PAY1438a744f
ACCbc27db8132,PAYfa9cddbc92
ACCcb9737fed4,PAY1c68edb64
ACCcb9737fed4,PAYf2d0d47218
ACC44aeb2c954,PAY26710812cf
ACC132bb91ee2,PY5a6f2699fa
ACC132bb91ee2,PAYfb95y06e806
ACC3ae6484b7a,PAY39cade8b7d
ACCd7defa1c7f,PAYef57bb9dc1
ACCd7defa1c7f,PAYda60Fad0cd
ACC46dcf6d69c,PAY2818215a71
ACC46dcf6d69c,PAYa018833c8
ACCd54f4202ad,PAY48cfaa079f
ACCd54f4202ad,PAYe6b55da820
ACC40e2b59602,PAY2a856042D2
ACC40e2b59602,PAY25d59fe7b8
ACC4857ede84e,PAY918ed9e281d
ACC61ac6e278e,PAY6b70b6c85a
ACC61ac6e278e,PAY2a7225fd6c
ACC94a3519513,PAY85b8d87d5
ACC94a3519513,PAY749b4c06df
ACC4ef432b1cf,PY948e2e8c46
ACC4ef432b1cf,PAYc39bf4d71b
ACC56ef09ad39,PAY707675bf48
ACC50149af5e9,PAY0fbfbcc71
ACC50149af5e9,PAYf01b8cBb7d
ACC372e4d7d0b,PAY85f13325dh6
ACC372e4d7d0b,PAY9d02582395
ACCedbc6275ea,PAY55ea931852
ACCedbc6275ea,PAY1929b5b3b2
ACCf4396f87f3,PAY1e9924w9d80
ACC96e38f06e8,PAYe761c2cefd
ACCef09f1663e,PAYf718a1a66f
ACC2ca8513a42,PAY3fdbcw14815
ACC2ca8513a42,PAY794b3a7724
ACC66ccaa4fc0,PAY0b8041c248
ACC66ccaa4fc0,PAY6a5278090c
ACC35f1e5b765,PAy6183b22cae
ACCea756b0055,PAY02d457a7c
ACCea756b0055,PAY0568633c3f
ACC8c6a7ceecf,PAYb1a7acc3a2
ACC9fcc8864b2,PAYef07edf5ee
ACCb269355b7c,PAY71959862573
ACCdea03c3d25,PAY7c364972e0
ACCdea03c3d25,PAYb1q46e7042e
ACC94b584db5d,PAYc285b66511
ACC94b584db5d,PAY27fa81b0d1
ACC121cb8282d,PAY8eb8d6a0b7
ACC121cb8282d,PAcbe247560e
ACC04b62aae32,PAY6619537e76
ACC04b62aae32,PAY473b9bf1a
ACC31598f5459,PAYcf87eec0be
ACC1a529d9d05,PAY549f5954af
ACC88f76124f6,PAY9409366761
ACC88f76124f6,PAY6421fa014c
ACC85d6a1b40b,PAYcbbefa52e5
ACC85d6a1b40b,PAY217eded85a
ACC1518c06db1,PAYcbeeb38a25
ACC5e4bdc66be,PAY95139fd474d
ACC5e4bdc66be,PAY51315e5e04
ACC52783bfaa1,PAYa4997d3a45
ACCde56366e06,PAhY2abbabb1ea
ACCde56366e06,PAY6b2beec470
ACCbb32e55e7d,PAY96fb630dd
ACCbb32e55e7d,PAY9ede0d4abb
ACCa8a6a9e509,PAY4df18cb793
ACC7fcabb1508,PAYde3a73bb49
ACCbe5dd6fd85,PAYc23fc94ebkc
ACCbe5dd6fd85,PAY9d85066450
ACCbb296ab13f,PAY706eb531ff
ACC1249edc06d,PAY7f2feebf18
ACC1249edc06d,mPAYa1491a60b2
ACC476b40ff7e,AY22bc3d9c88
ACC476b40ff7e,PAY4176db665
ACCd2f832038d,PAY6344ef916w0
ACC11664fb31f,PAY82028ba46
ACC11664fb31f,PAY3c4d14cdeb
ACCdc659082e0,PAY7022d5183b
ACCdc659082e0,PAY0457cdd5f
ACC955488c8f8,PAYe6927c4f9
ACC281b0432ab,PAY829d95474
ACC281b0432ab,PA4Y83f297a62
ACC47761afd62,PAYe946e11906
ACC47761afd62,PAY9Ccbb88c19
ACCf28b05f800,PAY4e5ff3244f
ACC3074014155,PAY690e771af2
ACCbce14e9f66,PAYbc51624864
ACCbce14e9f66,PAY3366a2c63b
ACCa74662e669,PAYc175a41448
ACCa74662e669,PAYcc4ab2a7c3
ACC106b478715,PAYab98800a6f
ACC1006a14fca,PAY114be37db7e
ACC5db465031a,PaY8b6de2a0ea
ACC3d7abf0c08,PAY7d5a3d6896e
ACCbd4043a4fa,PAY819e587340
ACC886ec71506,PAY800d77d090
ACC886ec71506,PAYbce228b5c
ACC02d47f48f6,PAY8e30989040
ACC950fff8873,PAY31486e700a
ACC950fff8873,PAYc125f3c5ec
ACC279881a95e,PY341177625f
ACCc88dfd3ae2,PAY3005de3507
ACCc88dfd3ae2,PAY9f37eb07b2
ACCf870ad242b,PAY1de6d8b41d
ACC000d13f0fc,PAYf158cbba64
ACC609e7214b3,PAYb82cf9604b
ACCa992899822,PAYfef24a8804
ACC2b4feb5000,PAYfcdc4a9daf
ACCc18cd41a4a,PAYd210855da5
ACCe3cad7cf18,PAYf9w9c381516
ACCe3cad7cf18,PAYfda086ea85
ACC65c1009044,PAY20cba4481
ACC9ed70ec7ba,PAY243845ad4e
ACC9ed70ec7ba,PAY08882b94ae
ACC9239b9ebfe,PAY517c1eq6175
ACC9239b9ebfe,PAY8cf5e21d23
ACC30c04b5388,PAY13d9ff771e
ACC4aa0b9c900,PAY8b5d3ef57e
ACC4aa0b9c900,yPAY6026767ff4
ACCae3af0d394,PAY092730caa6
ACC3a0c15ab90,PAYbc15a47c56
ACCb0d2de644b,PAY4505fe5fce
ACCb0d2de644b,PY51d947207b
ACC1aeff2dcc1,PAYaff89720f8
ACC1aeff2dcc1,PAY0f04759d38
ACC46e7d23663,PAYd718b2ebb0
ACC68acb00e1f,PAY18912b9fb3
ACC68acb00e1f,PAY25c7db25c5
ACC0706deb24e,PAY02a200bd2e
ACC0706deb24e,PAY0020433956
ACC4f40a03a4f,PAYbd00e2067e
ACC4270464d80,PAYbbd6cb1236
ACC261e234e9d,PAYc67adca0d2
ACC36b14f0d11,PAY916e6c0090
ACC36b14f0d11,PAY67dd551cd7
ACC720b3e5c4f,PAYa15006ee09
ACC9a9a520467,AY878fe2b214
ACC3a54b5bb36,PaY865f08dfb8
ACC3a54b5bb36,PAYfa3650f80f
ACC77b50047a4,PAYd1c84c9n633
ACCbed69de68a,PAYffad1f81ce
ACCbed69de68a,PAYe2d93b7e98
ACC81d42591f6,PAY13ee11f685
ACCa9cc9f15ae,PAY096820ffb2
ACC8f4e0b144b,PAY4509443c52
ACC8f4e0b144b,PAYa9de612bd4
ACC63483fcbb5,PAYc786a91cad
ACC63483fcbb5,5PAY37b5b57aa6
ACCc7582344d8,PAY3052aea528
ACC426c6989a5,PAY77fe55b846
ACC157586672c,PAY5a52fee76a
ACC5b62e8e37b,PAY45d16e94a4
ACCa34b0b26c3,PAY4c20fb705e
ACCa34b0b26c3,PA0Y2cacfbaaa6
ACCbd326c52e1,PAY6180963a99
ACC4f4e02b994,PAY9a61692018
ACC68afbbd2c9,APY02ac170a77
ACC68afbbd2c9,PAY5e5a7ffa77
ACC545c1b657e,PAY81ybb45c526
ACC545c1b657e,PAY239223cd83
ACC0a9325375a,PAYd3d201cf841
ACC0a9325375a,PAYe81934bf74
ACCe0243ad796,PAYb5da68d114
ACCfbca55becf,pAY728d326c32
ACC1906b94d07,PAYcdd496a510
ACC2f634a25a5,pAY05b2a8eacb
ACCef4337d564,PAY59e8b5fa20
ACCef4337d564,PAY3828d22b87
ACCcc427e1db0,PAY1260f67deb
ACCc87188fa93,PAY1814cf76f6
ACCd992a993c3,PAYa9ab4bfb44
ACC0add3a8ab0,PAYa76e11d78f
ACC0add3a8ab0,PAY00f6a5f684
ACCdbfb097711,PAY563f21aaec
ACCdbfb097711,PAY3d653aecdb
ACCb68e4a327c,PAYa5a4595bf
ACCb4780acf02,PAY603f55ca00
ACC221c3335b6,PAYdeEf6ccba5
ACC221c3335b6,PAYcc9d35A83f
ACCb7e1ef7ed9,PAY0764e98cd2
ACC0cec461dcb,PAY4b95456172
ACC0cec461dcb,PAYaded1babae
ACC02e1ca6cec,PAY26428789ei0
ACC02e1ca6cec,PAYc6ef0388e
ACCdabc342f4c,PAYcd0dab22e1
ACC72331cdab5,PAY305675dfe1
ACC75d6870b27,PAYa4844ec154
ACC75d6870b27,PAY45e5c68436
ACCeae26f6b25,PAY0bd356b35f
ACC8fc8857290,PAY23269157a5
ACC071a47c313,PAYc0afc55343
ACC071a47c313,PAYcd6325af1
ACCd477062877,PAY557739bf4e
ACC2d350aa137,PAY41b255f44
ACC2d350aa137,PAYEbdac3818a
ACC2cb246ea40,PAYf58cad20e1
ACCce0b40bf8c,PAY783c357032
ACCce0b40bf8c,PAY92e9e4b38b
ACC628c5abd92,PAY292cbf2d89c
ACCa7d2f5dbe9,PAY6bbca609c3
ACCf988e10db0,PAY11d5a0fa70
ACC5b34c02a6b,PAYab98473fa3
ACCcd31343047,PAY9f4915cd68
ACCcd31343047,PAYab00b16621
ACC1d2850f96a,PAY95d4580289
ACC97401249a9,PAYa233fb9163
ACC97401249a9,PAYe9254726cd
ACC01e3f36ecd,PAYe1165de07c5
ACC9b6c367e69,PAY23dw7a38a85
ACC4ec93bdddc,PAY5dd57a30fd
ACC4ec93bdddc,PAYea5921e7e9
ACCf686c1fb2b,PAY1113e8e260
ACCf686c1fb2b,PAY2d8689ef08
ACC8b3116d0c9,PAYd2247fb11f
ACC8b3116d0c9,PAY75bfd5b3f8b
ACCd6bd4471eb,PAYe80ab1c61c
ACCd6bd4471eb,pAYa589b5283a
ACC99b63c912e,PAYa0e69c1e75
ACC99b63c912e,PAYb419b2cec4
ACC3442d2a2ce,PAYf232aaa518
ACC785506c825,PAYc9367c0f33
ACC5898d9a1ed,PAY198dced782
ACCaaa7a02501,PAYa29ccbdb28
ACCaaa7a02501,PAY87920e33d4
ACC592c2a44e0,PAY2b55e6ae13
ACC8336fe9d20,PAY9e4fde972b
ACC8336fe9d20,PAYd31edBf074
ACC466590bb7b,PAY3ca3c56464
ACC50f3932abe,PAY2ac5072e16
ACC5a26e34384,PAYbd9a164614
ACC91df2f5c16,PAY0393739f65
ACC91df2f5c16,PAcY806d0c0a87
ACC7bbe475d32,PAYb3b763d22f
ACC55a32c6d0c,PAYb22331d583
ACCf3371d2367,PAY9f16c9a670
ACC9340a3136a,PAY1f90e92fcd
ACC9340a3136a,PAY7c1516bf4b7
ACC8e73eb88ad,PAY4284cb0d09
ACC8e73eb88ad,PAY61d6661121
ACC6f1db3c66a,PAY2a4f95d045
ACC52c9416b1d,PAY9fa791c8f1
ACC68922bccbb,PAY9ac472eef2
ACC68922bccbb,PAYc687580fd4
ACC1366b60ac4,PAYfb11113c57c
ACC5034535ec2,PAY8f9770415c
ACC179522d9a0,PAY4aa0d6c2a4
ACCa763466f07,PAY73932d7b45
ACC0d3e1b5228,PAYee0c4d82410
ACC0d3e1b5228,PAYde6048d481
ACCabb70e5981,PAYd0a12ad458
ACCabb70e5981,PAY1b9aff908e
ACC17b6b34609,PAY5c4e17270b
ACCbb4c65b55b,PAYe8a2018a7b
ACC9a69cf592f,PAY411c4963f6
ACC9a69cf592f,PAY05a6a04fb3
ACC6db1adb41a,PAY6b32aeebdd
ACCb3676a1fc7,PAY2a3f30707d
ACCca84f145c9,PAYd69a8bb173
ACCca84f145c9,PAY45a8d9fa44
ACC8b3fa89e22,PAY9bb2e4c15d
ACC9e08850ad1,PAYc031628134
ACC9e08850ad1,PAY2577ab1368
ACC565b099c50,PAYc7d858464c
ACC381a5fbbed,PAYc14bd68512
ACC381a5fbbed,PAYx77daa0b6f7
ACC154168a2b2,PAYb71e3820bb5
ACC154168a2b2,PAY3daebb1e1d7
ACCdd32c78276,PAY3147cb7fbf
ACCdd32c78276,PAYd17bb9d613
ACCf8972095b7,PAYcb13cad750
ACCf8972095b7,PA4Y45f8a5e1e7
ACCcd0b8d32b8,PAYa4df5c1dcc
ACCa260b60caf,PAYf2748344d2
ACCa260b60caf,PAkYf5a10aba4d
ACCfc5a2adabb,PAYf240255518
ACCcb69985dd6,PAYe90cddf75de
ACCdd4f8bb717,PAYf3b6a9d843
ACCdd4f8bb717,PAYf33aa69ea9
ACC1734c55be2,PAYf430e8c106a
ACC1734c55be2,PA6Ye6552997e
ACC8af04582dc,PAYeb5cfd940a
ACC8af04582dc,PAYb6ce9a93d
ACC24aec7d25e,PAY939f4ce1dc
ACC24aec7d25e,PAY34830e2dab
ACC1716649d4f,PAY32280ea72c
ACCa971eeba55,PAYc8cd4b2c4c
ACCa971eeba55,PAgYc3894526a2
ACCb012a40b7c,PAY593e4862a7
ACCb012a40b7c,PAY4d4a5f6674
ACC7d32ad23fc,PAY5181ca6158
ACC7d32ad23fc,PAYbadbacc471
ACCd721f0c329,PAYfc9b98a9ef
ACCd721f0c329,PAY1a97c5cd38
ACC591f1dcfcb,PAY76e8c6ad1f
ACCee898e5daf,PAYafc4045cd8
ACCee898e5daf,PAY409116aabb
ACC74fc4a0905,PAY660a3c734a
ACC50629d8e3e,PAYc05ab62e9f
ACC50629d8e3e,PAYdq055d41fb8
ACC5757787625,PAYddf179679
ACC5757787625,PAY5602096afc
ACC0d4e0574b8,PAY6c098775ac
ACC0d4e0574b8,PAYbd6f60b438
ACC8e760393b6,PAYca97885293
ACC8e760393b6,PAYd033b3c12
ACCf059e1558c,PAY3acec6f8ee
ACCf059e1558c,PAY1cedbf4b63
ACCb7d42cee83,PAY3562ab95f
ACC682361242d,PAYae4da17159
ACC890d1345d9,PAYec277341d8
ACC00f49abdbe,PAY18aadba427
ACCb9c3dca1af,PAY74426f166c
ACCb9c3dca1af,PAYccc565796b
ACCdd2608b516,PAY4aee316af
ACC5adf20a974,PAY8fda4a61a8
ACC5adf20a974,PY60e4731779
ACCdc5df220ee,PAYbca5289cb5
ACCdc5df220ee,PA4Y21058c3ba
ACCf38ad75ac0,PAYe5f2ac3c84
ACCf38ad75ac0,PAYc560dcd4bu8
ACCb90a0c5f57,PAY580129916a
ACCb90a0c5f57,PAYc85033659e
ACC818a669fba,PAYa60573517e
ACC969f514f3b,PAYy67a3c5f584
ACC940462a558,PAY68a66785f
ACC940462a558,PAY886b87fd8f
ACC6e03880393,PAYabd0743789
ACC6e03880393,PAY72c1cf45a
ACC5da4c6d886,PYdcf302b2e5
ACC82d8252ef6,PAY4358e65e17
ACC1616e1557d,PAYab677cb236
ACC5690ea53f8,PAY27677cdaaha
ACC5690ea53f8,PAYd16A0bbe7e
ACC5cf6f8c2ef,PAY8a76aa2d23
ACC5cf6f8c2ef,PAY5ba35fd7d9
ACC91440fd0d9,PAY0c24a02805
ACC91440fd0d9,PAY82ad18bbba
ACC395896d3d4,PAY57b66463f9
ACC395896d3d4,PAYf6ba6a235c
ACCe04b07f653,PAYdfc22650f0
ACCe04b07f653,PAYe55255e2e1
ACC76a8f93499,PAY1c628c5026
ACC2ef430ca86,PAY0c2c352993
ACCe0e7421386,PAY3b4a2af457
ACC14728e47b0,PAY2a4e63bf66
ACC711f491287,PAYc2fa23804b
ACC711f491287,PAYe10cf9cf26
ACC5a53fa078a,PAY8we10cb77b0
ACC3f0d02f9d0,PAY40103acb5
ACCb894c62625,PAY26b8326ad8
ACCb2f71dba4f,PAdY7abf2eacea
ACCb2f71dba4f,PAY349ea8f3b4
ACC32a397b9f1,PAY0d0c0a457b
ACCeb1305a851,PAY8a4d6cc1fc
ACCeb1305a851,PAYebf631a8d8
ACCf7990a3b6f,PAY835cf684fc
ACCf7990a3b6f,PAYc0ac6780f3
ACC135dd6a05d,PAY22a262a513
ACC1e03b5a28f,PAY72c3e18e1d
ACC1e03b5a28f,PAY51ee323aa4
ACC6a559ea9e2,PAY2d0186db4c
ACC6a559ea9e2,PAY14db88p6a3c
ACC771ae3c391,PAY153823b61d
ACCa0e0a6daf8,PAY66fd177f72
ACC20bacd5dc0,PAY783611c773
ACC25f5168c40,PAY20448e1d84
ACC25f5168c40,PAY3302d3de7
ACC7a3250f629,PAY380c77bde4
ACC3505d70d11,PAy0639714aa0
ACC336b4e3689,PAY2789eaa55
ACC336b4e3689,PAY62e6d2cca6
ACC1ee989c9e5,PAYe6aeddc195
ACCa06d57e989,PAYbe5ab6bcce
ACCaa3d3dd53e,PAY19ce56c137
ACCaa3d3dd53e,PAa3870e8c55
ACCf2a40ac0b0,PAY09d4c23f3c
ACCf2a40ac0b0,PAY0be2b73810
ACC8135edcb70,PAY79f6a254fd
ACC8135edcb70,PAY0fe4a90e24
ACC3dcd87fd76,PAY1efb5fca0e
ACC3dcd87fd76,PAY8b05d6f884
ACC461a9d1b29,PAY31cc579aa
ACC595f5b45b4,PAY4fd8ef88fc
ACCd9e31e4064,PAY68d66a4133
ACCd0478011cf,PAYf666c851d9
ACCd3e134883e,PAY6fa6a03703
ACCd3e134883e,PAYaddfaf2e06
ACC177e68515a,PAY6a89b5fb80
ACC177e68515a,PAYcaee5cd7a2
ACC196985c39c,PAyd68e18859b
ACC196985c39c,PAYu9c3f3693d7
ACCbab88f19fe,PAY077fc3f79a
ACCbab88f19fe,PAY517e9511b4
ACC8e8dab4f6f,PAYb0cca2ed88
ACCb6d24ce94d,PAY6552e4e4f8
ACCf4896cad62,PAY3b82df3e7f
ACC88a341391e,PAYb0f55b2110
ACC88a341391e,PAY0217e7601
ACC475abdc017,PAY48aa9246e3
ACC475abdc017,PAYb272addd0e
ACCbdd1fc36df,PAY8889af6e11
ACCbdd1fc36df,PAY951d56cdc7
ACCc34a49c059,PAY733d580336
ACC0ba284e8b2,PAY9e6f686caf
ACC44ff5d469b,PAYc53a85727f
ACCca5c96d896,ePAYbbc341a6b6
ACCca5c96d896,PAY00316450cd
ACCcb40cab2c1,PAY56cfd3d3b
ACC5bba81a185,PAY16df38121e
ACC5bba81a185,PAYedad211619
ACC329a8787e4,PAY5001f5ee86
ACC329a8787e4,PAYe36d48c5e7
ACC9d66cc74db,PAYcc82dfff76
ACC23ab7dd115,PAY48ec700ca
ACC23ab7dd115,PAY47c45924a4
ACCfc965dc210,PAY8d79d736be
ACCfc965dc210,PAYc05d77447b
ACC5a31005f42,PAY4579f1d718
ACCd24feab1eb,PAY32f6578ca1e
ACC8a9fda1c13,PAY894a5m78ef4
ACC1a70c6522c,PAYd9195bfdee9
ACCe5d347e293,PAYa1e43759bb
ACCe5d347e293,PAY525e578c4a
ACC036c89d0e2,PAYac4fc7889c
ACCd31f3eb119,PAY7cd61900d4
ACCd31f3eb119,PAY6183745ff9
ACCc3ba2c3dec,PAY39c0e1987b
ACCc3ba2c3dec,PAY745186a7ae
ACC9282a7b06e,PAy75609c0a3d
ACC9282a7b06e,PAYac0ddea67d
ACCc6c8910274,PAy99e4674458
ACCc6c8910274,PAYf0e48c6d80
ACC84494217b3,PAYe0580096d3
ACC88ac2648c3,PAY5d0e0b24ee
ACC88ac2648c3,PAY7041909086
ACCd3330d5b46,PAYa5dfbb29b
ACCd3330d5b46,PAY852d961e5e2
ACCf104f13fcf,PAY058659acc
ACCa251d8e9ea,PAY023821373e
ACCaedd1f7222,PAY3p9c1544955
ACCaedd1f7222,PAY845b754D84
ACC784b1391a9,PAYf178f075cb
ACC784b1391a9,PAYb21547944e
ACCe11e2926a9,PAYc615ceb916
ACCe11e2926a9,PAY96af5668ba
ACC957fa015f6,PAYa3cf76e492
ACCc51c853d5b,PAYd626cb9ca74
ACCc9c32ffb33,PAYac3f582f43
ACC1ab28c20c5,PAYfc78960ba6
ACC7994633ca8,PAY11ac18a53a
ACC7994633ca8,PAYd4fd020f08
ACCa4e98bf581,PAY7c47953192
ACCd6f5623caa,PAY4a1f1e1b75
ACCd6f5623caa,PAYe833e77981
ACC8ef04e3c5b,PAY8a2d53bc77
ACC8ef04e3c5b,PAY960c5bf143
ACC192e91dc37,PAY252c6c2e8
ACCd2e28a8ddf,PAY187d21c987
ACCd2e28a8ddf,PAY8e03C9f7f6
ACCd297f90371,PAYec75136df2
ACCd297f90371,PAY3da04040c3
ACC82a4e3c654,PAlYd3467998ba
ACCf3687b642a,PAY5C7182d594
ACCf3687b642a,PAY246a8e3ea5
ACCca000891ea,PAYc4fc089641
ACC0829ab7a85,PAY61a5a16871
ACC0829ab7a85,PAY4438f45afmb
ACC1a90f2b4e0,PAY23d9dfdd8
ACCe131341162,PAY21e99f73a7
ACC0e50b29015,PAY5447148396
ACC0e50b29015,PAYe833a76d84
ACC9c250acfcd,PAYc742f7a1c
ACC9c250acfcd,PAY1dd3e97adc
ACC4c76b99caf,PAYfd8fe2ea3d
ACC4c76b99caf,AY90702a1002
ACC8c767a0d81,PAY5b5a4db463
ACC8c767a0d81,PAY5d8b1c5577
ACCc44b787cc7,PAY3e694da733
ACC077520903d,PAY06f5b508e9
ACC077520903d,PAY73f5aded67
ACC51c0168d4f,PAYbb2153090a
ACC51c0168d4f,PAY817a6b80u28
ACC6a7d351d28,PAYed1744412cf
ACCf0234c886f,PAYe0a4b61949
ACCf0234c886f,PAY071631947
ACCaa4e8e5d1d,PAY4a7176850b
ACC9d8a99e1ae,PAY99192ff527
ACCd9e00c6abf,PAYefd480f5e8
ACCd9e00c6abf,PAY0a5082c06a
ACC04f4ab30ca,PAYd1f3d26dd8
ACC04f4ab30ca,PAYe70ed5950
ACCc6f4a5ba4d,PYAa005023444
ACCc6f4a5ba4d,PAYa4c4fb4d75
ACC5ea10a5cfa,PAY383ef0d012
ACC5ea10a5cfa,PAYf17cf01f1a
ACCdc1f32e576,PAY26a565ce3
ACCc54aab1cf9,PAY504f12ef47
ACCc54aab1cf9,PAY5d9d8da0bc
ACCeff4e1d764,PAY2503031187
ACCeff4e1d764,PAYef08062657
ACC727a90fbf8,PAYca214aad88
ACC2748de3cf1,PAYea4cd15a92
ACCc53ba240e5,PAY224029e47e
ACC9aff79416f,PAYcc3988de4e
ACCbdfdfd5c5d,PAYc5c2d392c9
ACCbdfdfd5c5d,PAY5d19a606fd
ACC81076af67c,PAy594314933e
ACC81076af67c,PAY24637b29de
ACC1fcb074b25,PAY3831b439f5
ACCa9d28cc2df,PAYea2370003
ACC937d81699a,PAY6d3c572363
ACC937d81699a,PAY0f253c11b6
ACC190e4ba0a6,PAY6212cca524
ACC4ca4667f5c,PAYdcf4efe54c
ACC4ca4667f5c,PAY25af1e7041
ACCd4f6b0084b,PAYa6a6a1c403
ACCd4f6b0084b,PAYb7bC7ad404
ACC2c8df59a29,PAY9d81ee2775
ACCf812a856c3,PA5Y86bc2dec0
ACCf812a856c3,PAYcf458fdf8e
ACC0c54d3d5cf,PaY9a98addcee
ACC0c54d3d5cf,PAY4cda7d46de
ACC7a22bdc966,PAYdcec47bb47
ACCc9251141fc,PAYe90916d88d
ACC8eefdb4ad8,PAY4cce6fe5ff
ACC00e31dbc2d,PAYfb7aa42cf
ACC00e31dbc2d,PAY776702899b
ACC494606b5df,PAY6f91dff119
ACC494606b5df,PAYd5e3Af1756
ACCc632e6b5d8,PAY26ca33e996
ACCc632e6b5d8,PAY6c4b1c08f8
ACC917e4bc3d5,PAY05e83f8732
ACCa5cdc5a74c,PAYa997eb3a14
ACC001dba4929,PAYe2f42b5f6b
ACC001dba4929,PAYe3074b46d8
ACC12e8dc4e06,PAY08949efe5
ACCf94e95f64b,PAydd6630df0e
ACCf94e95f64b,PAYd0wdcb643e7
ACCbffbb6360c,PAY853c501ad8
ACCbffbb6360c,PAY735d8905a6
ACC2a29e23987,PAYac4e550f1a
ACC2a29e23987,PAY941d2c3d21
ACCee88f4360f,PAYa932d28xae8
ACCee88f4360f,PAY14859e005f
ACC93110e79a7,PAY1faba3a5f5
ACC567ff50328,PAYaa665a4107
ACCd7d7dd6684,AY2a33ed7eee
ACCd7d7dd6684,PAY07ed4d673d
ACC5117ffcbe6,PAY6727b5y77d1
ACC2531a72b74,PAY2d6ec25ad9
ACC68cd3b57b3,PAYe7f0e0ccbf
ACC68cd3b57b3,PAY36c002147ue
ACC809a74791b,PAYe89c4db246
ACC392f423e68,PAY4745d0717e
ACC392f423e68,PAYae0838f4ed
ACC0fd6aa0e27,PAYdc5d65e8b4
ACCd2ac2bd4eb,PAYc01567ab9
ACCd2ac2bd4eb,PAYa98021b31a
ACCb91a689a8d,PAYb7c483eecc
ACCb91a689a8d,PAY868b28a83
ACCa5648d64fc,PAYb8717a7efa
ACC9b6e01c97d,PAY225cec9022
ACC9b6e01c97d,PwAY665f11a0aa
ACC48022e88fb,PAYc9f1c6e728
ACCf48f62a5a5,PAYb4fbc95254
ACCa5beb714c7,pAYc4d17fd132
ACCa5beb714c7,PAY9eb39bcb1d
ACC137215bc33,PAaY4ed455ac3
ACC137215bc33,PAYa54b62dea1
ACCe74c695d33,PAYf3e0fabee3
ACC75f95d8db7,PAYede4e2ea4
ACC92373ea2b6,PAY6cb3f42e0e
ACCc5758ab158,PY7ed7c94b90
ACCc5758ab158,PAYeabccac03f
ACCc0ddca6de9,PAY349ccca9e1
ACCd3d7280fa0,PAY1d1ed18752
ACCd3d7280fa0,PAY8c2bm59cfb3
ACC135fce81df,PAY57af75bd5c
ACC135fce81df,PAY4e3648975F
ACC6388a8d586,PAY1a2434a9eb
ACC77060438ce,PAYc401e2880
ACCdedd0df83d,PAYce7c0b2256
ACCdedd0df83d,PAY53280b91c2
ACCba836599db,PAYe8ea71a91f
ACCba836599db,pAYfb3c0bf887
ACC6d878679c2,PAY1b77f05c17
ACC6d878679c2,PaAYa1a535c7a3
ACCfa540c6adc,PAY2181e6971d
ACC8a182ee10a,AYc1cc6f3acd
ACC3c30987916,PAY96c381e26
ACC3c30987916,PAYdac0e801018
ACCacccdceb64,PAYdad4E0aa43
ACCacccdceb64,PAY7cbbfed749
ACCcfbc454b77,PAYe7913c9da4
ACC56a8a7a65f,PAY7b105353fa
ACC50fae44525,PAYe5e47a1245
ACC50fae44525,PAYfa78d5f3d7
ACC016a904b95,PYA54da2d7901
ACCc73eb2dc5e,PAYde617ab9e1
ACCc73eb2dc5e,PAY712b75864a
ACCa6aa0ea42c,PAY23e5C94da5
ACCa6aa0ea42c,PAYd8def1bc9f
ACC25d9740666,PAYbb4be9d067
ACC4dd0751fed,PAY8f1d567421
ACC72c3fb728d,PAY5b70c51396
ACC72c3fb728d,PAY47d2af10af
ACC79337d8eaf,PAY87b38705a3
ACC935ee78f7e,PAY30d353c1f
ACC659b040b44,PAY7f47597a27
ACC0e8dbc1f9c,PAY13e1c8d557
ACCee98d36d84,PAY040f717950
ACCee98d36d84,PAY27d8ac892f
ACCe516aef79b,PAY1e60596899
ACCe516aef79b,PAY37ee82c33d
ACC396bb41d54,PAYaa0afb556s7
ACC396bb41d54,PAYf0d9ed8b3b
ACC4de3075198,PAY22887ee547
ACC4de3075198,PAY134d2a9a8e
ACC9c460e280c,PAY05c9f41846
ACC9c460e280c,PAY211aac1806
ACC7af2aa947a,PAYadb01f6c93
ACC7af2aa947a,PAYfab0dc3959
ACC62a59b6189,PAYecea360f49
ACC62a59b6189,PAY1eda0c458e
ACC11f6079413,PAY5fa7791c1b
ACC6f11ee408b,PAYded67f35b6
ACCc36dac10ea,PAYf4cea64a5f
ACC16587a779a,PhAY2e52d34729
ACC16587a779a,PAY258f645b4b
ACC44c84a1c18,PAY2892952304
ACC44c84a1c18,PAYe2212a556d
ACCefb3044754,PAY33419e25d8
ACCefb3044754,PAY3551d397db
ACC6f7b0d12fb,PAYb5e37b9c02
ACC6f7b0d12fb,PAYd30A8b5cbf
ACCc2e80d4e4a,PAY7892d761aa
ACCc2e80d4e4a,PAY8d21611ea2
ACCc8a35005ad,PAY70ed966536
ACC177a190c7d,PAY44084dc5b7
ACC177a190c7d,AY775207a191
ACC747a383d1d,PAYf6c6e9a205
ACCec068fa7af,PAYc96bf10073
ACC6bfa478577,PAY063f99298
ACC306f4e79bf,PAYe79ec2aecd
ACC306f4e79bf,PAY23ff40fd19
ACCfa732dab01,PAYcd4aa622fa
ACC5465a313eb,PAY865ea00047
ACC5465a313eb,PAYb3be09e4d6
ACCd08893ce50,PaY363f22c2b0
ACCd08893ce50,PAY2bed4c00e1
ACCb9f4140d02,PAY7bfe65fb6c
ACCb9f4140d02,PAY6424afed0e
ACC41ba07c682,PAYe2af19c696
ACC1a1d6c90c7,PAY7db69d7b4d
ACC9654bf1cde,PAYf72a6f13fa
ACC9654bf1cde,PAY4938c81f4
ACC6dd0d88503,PAY4c02c6aca
ACCd48e275ca6,PAYb3d4a9341d
ACCd48e275ca6,PAYb6eb589ae6
ACC9334cefcf3,PAY0553e691cf
ACCc39abfdfee,PYA7652c1c5d7
ACCc39abfdfee,PAYe1f561f319
ACC533b02fd57,PAY2b6f6Dad03
ACC533b02fd57,PAYd717245877
ACCeaba8cf47e,PAYd4780a8043
ACC32ab50d290,PAY14b2a6492
ACC32ab50d290,PAY9ba28dc330
ACCfd717370e9,PAYa98e3d6b7c
ACC6b05887ec3,PAYd11a31b04b
ACC6b05887ec3,PAY690e3a158
ACC79347b30bc,PAYe289082ee7
ACC79347b30bc,PAY0c15ee76bd
ACC8410f34d2c,PAY113a025558
ACC0b37ae82bb,PAYf400ae8b91
ACC0b37ae82bb,PAYabc313f446
ACCf017cd4607,4PAY4c54515751
ACC82255591dd,PAY91aae980f8
ACC82255591dd,PAYe02v0a4cbf9
ACCaf13dd05cf,PAy456df75b63
ACCaf13dd05cf,PAY1dbd3fca98
ACC7353b5fa69,PAY93f2e0978c
ACCb0115b3e65,PAYcb266237d3
ACCb0115b3e65,PAY753b031b44
ACC87802c5af6,PAYdd012a07d7
ACC87802c5af6,PAyf7bc01140c
ACC19655f78f8,PAY8d2kb70afca
ACC19655f78f8,PAY4a6396789f
ACC84e3425a57,PAY1887d33956
ACC84e3425a57,PAYeBd86c6321
ACC5cabdba11d,PAYf5389eh846d
ACC0b28adda91,PAY9ea152b9d
ACC0b28adda91,PAcY35dc61dcf
ACC437564c455,PAY9a831e7596
ACCecd7a41ace,PAYfe0851a8b7
ACC7f0d5a4fb8,PAY8060e77367
ACC7f0d5a4fb8,PfAY0d973fddd6
ACC860d43d520,PAY00773d242c
ACCc92e094ebe,PAY6dd5f46c7f
ACCc92e094ebe,PAY2cad32e5b8
ACC5e2e472424,PAYffab288e27
ACC773873ea9a,PAY1f6e501885
ACC773873ea9a,PAY8686c8f9a
ACC9f97a405c9,PAYb171fb7c78b
ACC9f97a405c9,PAYb70ec996dd
ACC3e09a6b6ba,PAY17dc4db3c9
ACC3e09a6b6ba,PAYd937bbo2375
ACC4d69f05e90,PAY50fc03bd25
ACC92bd41b7be,PAYf74f8e9fc4
ACC92bd41b7be,PAY48b9979e3f
ACCb08d282fd6,PAY8989d3e5da
ACCb08d282fd6,PAY20d7f5af7
ACCd5caa59512,PAY765387a8d5
ACCd5caa59512,PAY1ce00621755
ACCc63f6aa44b,PAY040175ebac
ACC54d3940b58,PAYfb38323d93
ACC6e3ebda79d,PAY2fb497cf23
ACC22da46cd1d,PAY1202b69f4
ACC22da46cd1d,PAYdf32bE292b
ACC2be5ed8bc1,PAYd97d7e5f63
ACC2be5ed8bc1,PAYc076344169
ACCc45621c934,PAY81d67f2bb6
ACC477b8c1930,PAY4a8206faca
ACC6681eef84b,PAYa5f2502894
ACC484f2863d9,PAYfd6062c3f7
ACC484f2863d9,PAY1c1e3ef18c
ACCe56e25cd13,PAYc920aea65a
ACC30eb23400a,PAY0240eaeaec
ACC9cc8f90dbf,PAY10986a9f11
ACC9cc8f90dbf,PAY5da76eb85c
ACC03bfc0db47,PAY2c6e529d42
ACCb56d4e8dc5,PAY786530037a
ACCb56d4e8dc5,PAY86181c840f
ACC21e997df35,PAY1c4905342d
ACC21e997df35,PAY64de49f812
ACCa422161a33,PAY6C3d581edc
ACCac15b7df22,PAY50f8cf0c4
ACC7d26516f6b,PAYe9eee55f92
ACC7d26516f6b,PAY31021aa737
ACC8abf347305,PAYf2D213abef
ACC8abf347305,PAY4e5276cc15
ACC9385854be3,PAY4f15304178
ACCc071b8da43,PAYcd065d45f5
ACCc071b8da43,PA1Y043c021fd
ACC736750f706,PAY9c5f3ef11f
ACC8157e08d90,PAY47d89099bc
ACC8157e08d90,PAYcff512a80d
ACC511b3cfa87,PAY3bdCbe51c9
ACC511b3cfa87,PAY15f3ad2eea
ACCb0b6654df6,PAYae64a49b4f
ACCba7cb931fa,PAYc5e04aC16c
ACCba7cb931fa,PAY6c3577b92c
ACC1f1c00fed4,PAY93ffb8b965
ACC1f1c00fed4,PAY1661b55c04
ACC23ea82ba8b,PAYc2a8fd78a9
ACC23ea82ba8b,PAY085739bca7
ACC3c7be85cad,PAY5d7a5ea878
ACCed83a44d30,PAY088c27ac2
ACC5769f204ed,PYAbd56da38d4
ACC56ffb37b3f,PAY4f26226f0c
ACC56ffb37b3f,PA6Ye3395948d
ACC17803b4267,PAY18f1b0c49c
ACC17803b4267,PAYc300fedd93
ACC5cc4a3da9c,PA9Y132f6e621
ACC5cc4a3da9c,PAY9956523de6
ACC5d01b6bf24,PAY75edf48b3
ACC5d01b6bf24,PAYbe18a9ed2e
ACC922c98e0fe,PAY834ec4711b
ACC4a5816d5ab,PAY0cd4abc59a
ACC4a5816d5ab,PAY155f6b3bb6
ACCbf096ea721,PAYb78c0ef7eb
ACC594138e41b,PAYa80358ee54
ACC594138e41b,PAY9c11021f13
ACC8d08e3c548,PAY877e8d8b1f
ACC7dbb4f1afa,PY043cb812f8
ACC7dbb4f1afa,PAYb2a463a7f1
ACC17b544b125,PAY248940bca7
ACC17b544b125,PAeY541fa8b75
ACC465750777f,PAYe77j3f7269e
ACCe38d482d92,PAtY2e657e0e1c
ACCe38d482d92,PAYa4f9fbc0fb
ACCf3bf62874d,PAYda0c568e55
ACCf3bf62874d,PAY19d1092234
ACC4399fef590,PAYb6fd03e30c
ACC4399fef590,PAY2ace2142d
ACC86d384e79b,PAYe8662d499e
ACC86d384e79b,PAY835609c37c
ACC8d06a8b532,PAYee4e3c0d0e
ACC43539c0b16,PAY37e39d3650
ACC43539c0b16,PAY78beda97e79
ACC38670d6d56,PAY2bb4e8216d
ACC38670d6d56,PAYa2e1aae10c
ACC07f3a05f31,PAY70111e576f
ACC83ceeefde7,PAY7d876ed46e
ACC83ceeefde7,PAY01841a9bf2
ACC858cdc2c21,PYA2f5928230d
ACC858cdc2c21,PAY9fe6e395238
ACC74f315b8ad,PAY50d70ea914
ACC74f315b8ad,PAYf65b1ffb43
ACCf1e463523d,PAYdccb506fa0
ACCf1e463523d,PAY1410395d6d
ACC1fc0e27a7f,PAY2a5e2d11b2
ACC1fc0e27a7f,PAYdc1de2008e
ACCf9a408c1cb,PAY7eca7d5111
ACC78dabc62c3,PAY238ed911ae
ACC78dabc62c3,PAY197e11cb20
ACC1c549588b4,PAY1f448b8ac0
ACC1106c3ec8e,PAYd54c197e1d
ACC9d4b05d788,PAY499ec8cd8d
ACC744b842478,PAY735d4ede2
ACCd228450b44,PAY770fbi7db42
ACC8eb761848c,PAYaad304dd7f
ACC8eb761848c,PAY9bb18965c7
ACC0e7593b291,PAYecae6f0704
ACC4105d9adc0,pAY180a7d7dcf
ACC4105d9adc0,PAYbb1c6aeb5a
ACCdf410805ab,PAYc3693dc989
ACCdf410805ab,PAY21a1c59ca8
ACC1b634e65c2,PAYbe3df4aa76
ACC1b634e65c2,PAYbd665c3a9b
ACCbd4b690ee5,PAYeffd93fede
ACC048a1581c4,PAYcd8d68e0f6
ACC048a1581c4,PAYce1cv8f9bed
ACC2b182c922c,PAY5ade38ff12
ACC8df2fce2e7,PAYdb2cBacacc
ACC8df2fce2e7,PAYbb751e070
ACCde4662d642,PAY2057sd74f48
ACCde4662d642,PAY7d8bbb604d
ACCe55a503ae6,PAY9e273d6d1e
ACCe55a503ae6,PAYa5c2572bf5
ACCb81f268567,PaY863fb86f7c
ACCb81f268567,AY58a7941375
ACC1c2a0a73a0,PAY63b2fb54fe
ACCa4c37c9ff3,PAY98d188c823
ACCa4c37c9ff3,PAY140404c8ac
ACCcb4a51d7f0,PAYc854b21403
ACCcebdc57fac,pAYfd93aef1c6
ACCaa9dc7faad,PAY752665b665
ACC90920732d7,PAY3445f930f9
ACC90920732d7,PAY16bf43e238
ACC85ff749653,PAY6499dd79cc
ACCce68773d3b,PAYbab1e70779
ACCb25e8eaf85,PAY96770228de
ACCb25e8eaf85,AY6f9814ebf0
ACC72af312cb6,PAY49542efc83
ACC72af312cb6,PAY88e6af937e
ACCdfed521398,PAY05938cc70a
ACCdfed521398,PAYfb9241d8d8
ACCc835c6f876,PAY0e2bb50611
ACC08f5192185,PAYfe11885cd7
ACC08f5192185,PAYaec0b1c588
ACC21d3a462c8,PAya4ded755aa
ACC21d3a462c8,PAY371bdfed06
ACC717a20fd7b,6PAYde768b25f4
ACC717a20fd7b,PAYecf9e72046
ACCaf9578ddd2,PA1dac970ba1
ACCaf49998c4e,PAYd08ae9d255
ACCaf49998c4e,PAYdf6c5fb43d
ACC8452aa1b51,PAY62164ff6be
ACCfb42342ae0,PAY4b819a99ac
ACCfb42342ae0,PY2f08d926fa
ACC19f06b0573,PAY91bdfb64b2
ACC19f06b0573,PAY6f352a5dba
ACCb456027711,PYA056fa3459d
ACC9b05ce0e3f,PAYa6a372426e
ACC9b05ce0e3f,PAY14f07800d
ACC10d80fe48a,PAY4a09ef0488
ACC10d80fe48a,PAY08104bd9bc
ACCe18c6ab627,PAY2bfbb25397
ACCb3df5b0507,P7AY7b0f155e5e
ACC7ef62c1f76,PAYbfacac03b5
ACC33b3563643,PAY5dac2d6717
ACC33b3563643,PAY61c2612a3e
ACC558bab506b,AYce7e802339
ACC160aa22011,PAY823d12350f
ACC160aa22011,PAYcb713a17b7
ACCa7e2f1d95b,PAY24ad7ddcbb
ACC91140442e3,PAYa8beff3802
ACC10175544b9,PAY425dd0d3e6
ACCb559049991,PAY05c35e50af
ACCb559049991,PAYfc0c9acmc10
ACCdd0b9af486,PAYee73eb3634
ACCb287f7bd49,PAYc33b41c848
ACCa3e2c25926,PAY864165931e
ACCa3e2c25926,PAY157cacc32
ACCfa91cf463e,PAmYc1d42bc055
ACC2022e742f0,PAY2526af7ee6
ACC2022e742f0,PAYafb559c375
ACCc4416fbd08,PAYc0c9bed769
ACCc4416fbd08,PAYb0e3d3b4a
ACC810b8ae46a,PAY18c914ed61
ACC9e964268b5,PAY073ebc6ef3
ACC9e964268b5,PAY3658af4577
ACC2b3ed0ceca,PAY82cf5a17b3
ACC25bac45030,PAY2122a7bb4f
ACC0cb338ca89,PAYa5f1bf1dd0
ACC0cb338ca89,PAY38378d6eac
ACC053586bd8a,PAY9150df90a4
ACC053586bd8a,PAYaaee3e8e9fb
ACC08b58383d8,PAYca4b344be
ACC1033c3e72c,pAY25d225d693
ACCbb5c2d172b,PAYc541debcdf
ACCbb5c2d172b,PAYdr5a26679f9
ACC8e44a59252,PAYb75777943b
ACC8e44a59252,PAYe60b4c911ob
ACC320f7c9c45,PAYE44278b2a3
ACC9912719bdd,PAY88aed1eb9a
ACCa8e267a5ad,PAY51db37549e
ACCa8e267a5ad,PAY9a7035fdef
ACC064b742732,PAYba86c7e78a
ACC30dc53288a,pAY96461ed38e
ACCf573ea1c20,PAYee03ce0a74
ACCf573ea1c20,PAY4c294fa703
ACC2926c4b5a7,PAY26dc3f630e
ACC2926c4b5a7,PAY2220ade5a6
ACCca33ddd16b,PAY7f247254e2
ACCca33ddd16b,PAYab0f1799e0
ACC186581a297,PAY965bebc24b
ACC186581a297,PAY73d8e810b0
ACC0c22545c40,PAYf092d34d06
ACC7d357578ee,PYcce38198be
ACC7d357578ee,PAY47f5e5738d
ACCb50c3b9af7,PAYd47dde35815
ACC50b5e59a73,PAYec9821ca2
ACC50b5e59a73,PAY844630ef7d
ACC222f18beee,PAY47e5e240b
ACC222f18beee,PAY651c47dc9
ACC81b91b6a3f,PAYeae795c16a
ACCe3b8d1a2cf,PAYfdbdaaF87a
ACC86fa30387b,PAYje60a8908d2
ACC3ceed5232a,PAYb6fcc55dd8
ACCf06e0a4fdd,PAY2fbe11a585
ACCf6f561d8f3,PAY72dc0d74aab
ACC3c81b7b02f,PY5c663124d0
ACC3c81b7b02f,PAYzf704f6a104
ACCf57346d043,PAYbfbf0371dc0
ACCf57346d043,PAY6f6989b22xd
ACC90d4e22015,PAY76eb25259b
ACC90d4e22015,PAYfb078afce7
ACCd5b2d3459f,PAYf61d5963d9
ACCd5b2d3459f,PAYf45b4acee7
ACCccc221b1bc,PAY577805d889
ACCb019333170,PAY58c08bet497
ACCaab563efdf,PAY5b88cdc5de
ACCaab563efdf,PAY335127f6b4
ACC5532b6f869,PAYa4da6cd50f
ACCf61907ecef,PAYd4953ac2c1
ACC6d2ff97971,PAY694d1016ac9
ACC6d2ff97971,PAY8e195a7a29
ACC03bfbc0386,PAY4b954b6dd3
ACC03bfbc0386,PAYac8de87df4
ACCee9208fc61,PAyff3723df43
ACCee9208fc61,PAY80eaf98dda
ACCef41652eeb,PAY682f85ca36
ACC9ce62ba82c,PAY265302b2eb
ACCdfe8c3e1d4,PAY2ef9e6c3aa
ACCdfe8c3e1d4,PYa4f56d118e
ACCcfa50b6ac2,PAYae9bd07068
ACC9d41b9bdf8,PAY7afbc93719
ACC69e6819019,PAY5fEf8b4e54
ACCe0142fa0c6,PAY6225246917
ACCe0142fa0c6,PAYc13a036b04
ACC5a0a3fd0a2,PAY7053ecd08d
ACCc566fe6a96,PAY40d328649
ACCc566fe6a96,PAY36af96247a
ACC9993583264,PAYf4c93aec08
ACCb0d3b9e8a9,PAY29654e9080
ACC5abc3e42b3,PAYff66a0de11
ACC5abc3e42b3,PAY93615c3f47
ACC8da72078d4,PAY3ae31cf54
ACC297d7d3d46,PAYa72452e162
ACC10ee71f04d,PAYe88fa94730
ACC7639b7343e,PAYda496eba8e
ACC1d4b0bd602,PAY5e434ae567
ACC1d4b0bd602,PaY9bfb14d61d
ACC4f2d3112fc,PAY6e02a32088
ACC5bffe2f92e,PAY7fe40355ea
ACC5bffe2f92e,PAiY3ee786d1fe
ACC3a3d71cfae,PAY72dda46ac2
ACC8d67876172,PAY49f163c3be
ACCb529a273b2,PAYbf5229e931
ACCbcb99bf0f5,PAY8574063394
ACCbcb99bf0f5,PAjYdbd40340e9
ACCa441e15352,PAY77bcd25021
ACCa441e15352,PAeY4b2e67636
ACCa3431d1fb3,PAY1488e115dc
ACCb4f27d2a82,PAY6056c3686c
ACCb4f27d2a82,PAYedd6c0a8af
ACC6820cfbeef,PAYcbf2444a9
ACC6820cfbeef,PAYe3f0fcf2zaf
ACC68ad9eff1b,PAY9824050046
ACCcdd7050e2b,PAY82412e1c29
ACCcdd7050e2b,PAYeec4647a7f
ACC4c57ac223e,APY85d9a13c31
ACCe86c6e0fe8,PAY8ed6f080f8
ACCe86c6e0fe8,PAY296dc10ab9
ACC3e34b1f37e,PAaYb2c335233
ACC3e34b1f37e,PAY380a07ab84
ACCf21aa22910,PA9Y76034b0ac
ACCf21aa22910,PAY927df4eb42
ACC0ddf7c44f2,PAY236cce87d0
ACC7e6a59be02,PAYf55bbd320b
ACC7e6a59be02,PAYc8176aad69
ACC3757cc1b86,PAY24f1a0d609
ACC3757cc1b86,PAY32fff49bf
ACCbc2d4995f6,PAYa99b467527
ACCbc2d4995f6,PAY3ea484e9d4
ACC0e39ee91b9,PAY849d049e58
ACC0e39ee91b9,PAY4ab5aab8ab
ACC0ec7d4ae5c,PAY67dff0a76
ACC0ec7d4ae5c,PAYd15e5edb77
ACCd2f688bc4d,PaY1870d02778
ACCd2f688bc4d,PAY9344a04ea9
ACCbc6f3bd7d8,PAY7dc689d630
ACCbc6f3bd7d8,PAY7d4bb1775d
ACC8da3646a98,PAY70d5107e6e
ACC749131100a,PAY25c255a490
ACC139f7da3d0,PAY460c7f21c6
ACC139f7da3d0,PAYe129d41299
ACCdd2004f967,PAY8c02e25708
ACCe2f27b0f8d,PAY55d7ecdf0c
ACC6e1c3ee09d,PAY81dn4c92786
ACCa91900eb2b,PAYa5ac7ae60d
ACC6bfaf706bb,PAYd48db5ca75
ACCed058f9280,PAY6cB4b2d9cb
ACCed058f9280,PAYetda12e02fb
ACCa330a4a308,PAYfe543a6712
ACCd6c350cfde,PAY9531d1d94f
ACCd6c350cfde,PAYbb2f8306b8
ACC8fbb77543d,PAYa96328b69f
ACC8fbb77543d,PAYf1874fc240
ACC77640f2a51,PAY890f0562f8
ACC77640f2a51,PAYb63685b126
ACC299649449f,PAYe7f3c8d208
ACC299649449f,PAaYb318a59530
ACC108899fb82,PAYdcf52c9b9f
ACC8dcca1cac7,PAYe2f2245b3
ACC8dcca1cac7,PAY491460acba
ACCc42e86ca33,PAY8a4D537d4c
ACCc42e86ca33,PAYbf305afa7c
ACCe33ebe9882,PAY12455bee78
ACCae8327d2d6,xPAY818563f14b
ACCa1286ff360,PAYd2e0dbcaab
ACCa1286ff360,PAY9e867568b8
ACC10335cd97b,PAYead2f5f164
ACC10335cd97b,PAYbabdd6f161
ACC9877bc113d,PAY9d2Fc8923f
ACCbce57b7d8c,PAY3eeef2ckb57
ACCbce57b7d8c,PAYfbde791fe3
ACC82e0da52cb,PAYd282f334cb
ACC51d6d038e6,PAY353e26529a
ACC51d6d038e6,PAY784dd384a1e
ACCed473e07ad,PAY825715fb32
ACC54a74dd58c,PAYe911b6fbed
ACC54a74dd58c,PAYf5bea6b7ae
ACCe4e261667b,PAYed7ef2y0f3f
ACC633222fe44,PAjY0ea90f0673
ACC633222fe44,PAYb788b5c084
ACC36d5ae6ff2,PAY17f84692ac
ACC97a099a2a8,PAY21f8a1d33c
ACC7171bc7541,PAY845ff56494
ACC399f314bb0,PAYe8aaa0c5d9
ACCbe88cba910,PAYf11af82e97
ACCbe88cba910,PAY0108df826b
ACC0140a9a814,PAYc1d8ccfb5d8
ACC0140a9a814,PAY1e6aa5ee60
ACCb121177c2d,PAY1ea60d9e6f
ACCb121177c2d,PAYdbc35527b6
ACC206e1d90ae,PAYc7A541f118
ACC5cbe68375a,PAY2ad4724f95
ACC029504b3ac,PAY3baf62a9f8
ACC029504b3ac,PAY5132d86411
ACC73f94bd9a2,PAY5ea41ad2fd
ACC73f94bd9a2,PAY6f9ee8162a
ACC8374437158,PAYbcaaa55c8e
ACCcf47c0bf4d,PAYc7a4644490
ACC39bc73170a,PAY16f1787cdb
ACC22999a5bc8,pAY34d55bece9
ACC2dd028603a,PAY5bbd18e8c0
ACC2dd028603a,PAyf851ca9b36
ACC7e15a250e6,PAY32fc953e7
ACCacce25f04e,PAYc15aab88f2
ACCacce25f04e,PAYa5302c0892
ACCdcb88ad534,PAYdf3d5d09fd
ACCdcb88ad534,PAY661c9e3d5b
ACC9500655ae4,PAYbe5599fbf5
ACC9500655ae4,PAY389fbe39ea
ACCe1a9ac158e,PAYa18a279f57
ACCe1a9ac158e,PAYa761e24099
ACCd8855c2a07,PAYc2ad57e075
ACCd8855c2a07,PAYf9e9266cdb
ACC8681ea1bce,PAY694475876f
ACCd00224a606,PAaY0869c0234
ACCd00224a606,PAY92b20e14df
ACCeb0d9b75df,PAYf7b00edabf
ACCc1f72c1ecf,PYb9eff7b1d9
ACCc1f72c1ecf,PAYa475a70159
ACCc78f785cf2,PAY7c1d906a54
ACCee1d5e136f,PAYdc6a1d5554
ACC173eef0762,PaYe94a194f3a
ACC173eef0762,PAYc5a633e8e1
ACC0230f1cd4a,PAY5a4e76b19f
ACC0230f1cd4a,PAY7bf05db84c
ACCfac70f2d77,PAYd7c6cc03c9
ACCfac70f2d77,PAY44aa82ed77
ACC2f52efc447,PAYa25113e3dc
ACC2f52efc447,PAY2944afff2c
ACC5d3f580195,PAYcf5748f5df
ACC5d3f580195,PAYd360fff7df
ACC1305caa581,PAYe8f809bc74
ACC1305caa581,PAY268ee5f307
ACCf048314285,PAY4e7cffb2d4
ACCf048314285,PAY9428aeef8d
ACC2b32a00c8b,PAY78b8398c15
ACC2b32a00c8b,PAY4ac03412a6
ACC74e4f6c28c,PAy08f417e87c
ACCa7ddf52b0b,PAYde33411e74
ACCa7ddf52b0b,PAY76e609b8d1
ACCc89db413e7,PAYcabc66e64
ACCf011640d25,PAYa27283ba2
ACC65b2d9a438,PAYb7bb5c9ca5
ACC65b2d9a438,PAY7e810db0af
ACC58352a245b,PAY67bf96b11b
ACC58352a245b,PAYe073a9b1c4
ACC5ecc5bc1bd,PAYdedeaed33c
ACC5ecc5bc1bd,PAYb678f1412b
ACC62c34a7ba9,PAY0df16e8e0
ACC62c34a7ba9,PAY0df431748d
ACC2b65388f13,PAY53ebc2722b
ACC2b65388f13,PAY6c2f78eb0ba
ACCa07bdf306c,PAY375bef1fc7
ACCa07bdf306c,PAY974ba57de1
ACCbc96eae9d0,PAY0967c15b2ae
ACC2c50032856,PAYec1287c4f7
ACC2c50032856,PAY7a7460a4a5
ACCa4ee60871a,PAYeb5fb6d83d
ACCf2e951db86,PAYdba39c43b1
ACCf2e951db86,PAY296133206b
ACC9986e2da19,PAY9c4e2b2b6a
ACCb965d0753d,PAY4dfdb8f6ce
ACCb965d0753d,PAY56bd7ca45d
ACCf61022021b,PAYf56a853000
ACCc94957965f,PAY2baf3d0175
ACCca04f73a67,PAYcc92f33f3f
ACCca04f73a67,PAY8b9c0de07f
ACC3144e81fb9,PAY12272b154b
ACC3144e81fb9,PAYbc291a8be9
ACCc7b9e5a017,PAbY2cefba1ae
ACCc7b9e5a017,PAY7e2a1b0f65
ACC0ce33b6c98,4PAYef385d0d41
ACC0ce33b6c98,PAYaf0298bb4b
ACC649ac52752,PAYbecda4aadf
ACC9280289d7d,PaYed45ce7612
ACCcf502d787b,PAYbb1fey9aee1
ACCcf502d787b,PAYb1cb39aa4d
ACC9a572b0af4,PAY362702f299
ACC387466e304,PAY6d1ad18ece
ACC387466e304,PAY0446bf5c00
ACCb355ad2e04,PAYdd3c18972d
ACCf711b20670,PAYae7e871b5g1
ACCc86662d150,PAYa986187fd9
ACCc86662d150,PAY7e1896f8f5
ACCb64f6d2dc2,PAY4f0fc14003
ACCb64f6d2dc2,PYA19d57bb43e
ACC1007c626fe,PAY543fea10dd
ACCd1ea874180,PAY3b1f12b149
ACCd1ea874180,PAY4cb2228b51
ACCf0bf79dae0,PAYb36ffd9e4f
ACCf0bf79dae0,PAY6ed3axf4911
ACCd272cd6fba,PAY2aca61db28
ACCd272cd6fba,PAY7c863d83d2
ACC27a3ba414f,PAY3xc1b33c78c
ACCc903716654,PAYb8a64aaec2
ACCc903716654,PAYbe699c1399
ACC6df8cad208,PAY99a97fdeb2
ACC6df8cad208,PAY14127d5451
ACC379aa18f38,PAYbf8c904257
ACC27b2e3ca5b,PAY18cbe8620b
ACC6ab9f46c69,PAY7384a99048
ACC4c9b90bf3d,PAYcgdcc3b1f2a
ACC4c9b90bf3d,PAYb9121c5330
ACCbefb713ade,PAY1792c0383e
ACCbefb713ade,PAY57ebf43a40
ACC91561af733,PAYf32a14dfc8
ACC8b06f6bcc1,PAYaeff6a704f
ACCda6927e2f3,PAY299249cb28
ACCda6927e2f3,PAYdaa17dfd2a
ACC15d65a89a0,PAYf8e15d992a
ACCad3042f9ba,PAY9d91f5d334
ACCad3042f9ba,PAY36b69ad7c3
ACCf4a3002022,PaY59ea94c0f7
ACCf4a3002022,PAY78b16fc909
ACCc80ce206b4,PAY34034dba2
ACCce961df978,PAYde065o956ec
ACCce961df978,PAYc7d384cwbfe
ACCd63cb3a4c1,PAY91d900a9d6
ACCe0cc48bacb,PAY7882783bd0
ACCfb59426e5e,PgAY968c8808ed
ACCfb59426e5e,PAYc66679c612
ACC96ed9a9351,PAYd23pf4476cf
ACCb3be1e0f2b,PAY2b38a4f8c5
ACCb3be1e0f2b,PAYea31ab3ee4
ACCf7d70858b6,PAY1f58fb0572
ACCf7d70858b6,PAY0ce0cb98d3
ACCb7a31485de,PAY25703887c9
ACCa665b47c86,PAY389fda5bfa
ACCa665b47c86,PAY95a30bc1ec
ACC06dcb45446,PAYbe741fb095
ACCd6cf884d88,PAYd64293ac0b
ACC1268891d71,PAYca39c8dd59
ACC1268891d71,pAYd1cd531353
ACCbf659462fd,PAYbd55dd1e2a
ACCbf659462fd,PAY0e6d7886ea
ACC078ee52f6d,PAY1med6b2560e
ACC0b0fba0f4e,PAY23affe2afv9
ACC0b0fba0f4e,PAY384ca1317f
ACC92f306de1b,PAY7b52724y289
ACC822847c7f4,PAY58286e5e52
ACC94f9557e52,PAY550d3625d3
ACC92d9b362a0,PAY52c6afc33b
ACC92d9b362a0,PAYc10853c95c
ACCac3bf6c543,PAYaaba412e07
ACC11c7b3dd8c,PAY2af09be757
ACCde7a5cab4f,PAYf1c4a18807
ACCde7a5cab4f,PAY272b76ya473
ACCaee9297b2d,PAY23ef20ae87
ACCaee9297b2d,PAY052a7af02e
ACCaaa22d1027,PAYfad7c6776
ACCf2f74af4df,PAYaf54a31dba
ACC8304d27cac,PAY38d1cc8dc1
ACC8304d27cac,PAY2133044804
ACCaac7816d09,PAY9b41524313
ACCc5da7aedcd,PAY69f51936ab
ACCc5da7aedcd,PAY0b32e584ff
ACC9a8a609975,PAY100d883b7e
ACC9a8a609975,pAY796685fda3
ACC9d68061485,PAY01e8d19059
ACC65179a260f,PAY9084928044
ACC65179a260f,PAYbc9215925
ACC95bf6ff3d1,PAYfcf35ba530
ACC0d7bb49800,PAY5dbc393aff
ACC0d7bb49800,PAY3a922db751
ACC2486ac53e6,PaY7c0a944ee8
ACC712e6c41bc,PAY1897160a0d
ACC712e6c41bc,PAYd32d7c0ac6
ACCee4a3a6c9d,PAY0efb93393b
ACCe3bf8c992e,PAY048Bb8cdc6
ACCddf09f9ca9,PAY16e1985839
ACC108c1343ad,PAYccd882f27
ACC108c1343ad,PAY3269f4bd3c
ACC6ba73db272,PAY3a9eee2c64
ACC1f4edf106c,PAY6a85e805fc
ACC7a82dacb9c,PAY4b6ea357c6
ACC7a82dacb9c,PAY8a4b8a54fb
ACCcf16f141d9,PAY43c098a6a6
ACCa62850fb34,PAY8fcd23282d
ACCa62850fb34,PAYd842f7850
ACC78e2179a24,PAYb12244d89
ACC7d0c37a3b3,PAY9c7771415d
ACC7d0c37a3b3,PAY686f0e861b
ACC0a79a51d36,PAYd069f7bdb9
ACC0a79a51d36,PAY4257fc214
ACC8fa0144feb,PAYc676A4f976
ACC524237726b,PAYd98558a142
ACC524237726b,PAY55a1349196
ACCcf879c439b,PAYa39b9e7fa5
ACCcf879c439b,PAY94e9c0a28e
ACCf1b484b03e,PAY45597b62c7
ACCdcb3d2fc1f,PAY9a47ecbeef
ACC318b8f2007,PAY1fd0662039
ACC451ca4ee4c,PAY90d034E0c6
ACCd6f39e551a,PAYb4d87c07ba
ACCd6f39e551a,PAYbb95716411
ACCcee0ae6e67,PAY47738c216d
ACCcee0ae6e67,PA9Y8d0f3130f9
ACC6fda92f200,PAY9d52abb820
ACC5374b4df93,PAY8668de2562
ACC95a87ab3f2,PAYb60fc84ce
ACC95a87ab3f2,PAy59a467257b
ACCcbe1823ae4,PAY2c122ee0df
ACCcbe1823ae4,PAYfda0fab820
ACC4c2d4068f1,PAY3bc953b91f
ACCe75ca00c60,PAY7f95fd6452
ACCe75ca00c60,PAY1sacc83acca
ACC154a4b3869,PAY7e0680528f
ACC49a2bdc8c4,PAYb4088b64e8
ACC49a2bdc8c4,PAY8850925fb2
ACC98f6d2a9bf,PAY9349970d6b
ACC98f6d2a9bf,PAY9907b498cc
ACC69a15d846c,AYc3de4476cd
ACC69a15d846c,PAYceeecc2126
ACCfe0c2969cd,PAY7a86ef581e
ACCfe0c2969cd,PAY9bcb067069
ACC54af23c2a9,PAY1a1122fd88
ACC54af23c2a9,PAY94def243aa
ACCe0dc4d3751,PAYb1077c288f
ACC588c1ccdab,PAY6e85352d57
ACCd371eb07cd,AY6e7e2d759f
ACCd371eb07cd,PAYa613acc4ec
ACCe12c95d633,PAY2136346135
ACCe12c95d633,PAY80b2c5a80c
ACC3b03f7b41d,PAYbee4b8a0f
ACCa37a817181,PAY67bfa89e31
ACC124c964669,PAY932fcb6b28
ACC49d93f1269,PAYbb01affa84
ACCc99169d013,PAY35b236fbd3
ACCc99169d013,PAYdv45928495e
ACCa379de5a17,PAY874d0fc579
ACC9dccbdf265,PAY1cecdF0ede
ACCd9bf54bd67,PAYf6e29618d1
ACC301b1d21bb,PAY966569fb4f
ACC301b1d21bb,PAY760c1287a7
ACC363819b7b3,PAY1dd065a47a
ACCf5e5a848fd,PAYdeb7d2f9af8
ACC40d97530cb,PAY956246ccfd
ACC480e3fbbcf,PAYe5f64fbfed
ACCe50fb34f93,PAY8578e2b8c8
ACC07034edb98,PAye705371423
ACC6d8a361efe,PAYb47e5bc8620
ACC6d8a361efe,PAYfde2d651cb
ACC50d1f8ef82,PAdc91d8f76b
ACC50d1f8ef82,PAYbc40a9af2fd
ACC52bc5968d0,PaYe63dfeb76e
ACC76113fa9f8,PAyf3a49c12ab
ACC76113fa9f8,PAY8c7be1da29
ACC0f4d5eeffb,PAYc939e6b40e
ACC0f4d5eeffb,PAYc59e643042
ACC3d13d81506,PAYe7074465da
ACC3d13d81506,PAY085dfee844
ACC9929ca211d,PAYe869086ecc
ACC9929ca211d,PAy99fca4ca59
ACCc5d3d6dda2,PAYe55d29c4dd
ACC8f864fac3a,PAY220a2770d3
ACC8f864fac3a,PAY2fde2f9bc7c
ACC884a0b550b,PAY510f2952f1
ACC1cd23f1967,PAYa45793d976
ACC1cd23f1967,PAY2e5b76e3d0
ACC024e921a82,PAY0f4b13c8b3
ACC024e921a82,PAY4aeB130370
ACCb5c99449ff,PAYd8d2650542
ACC2d99659a6e,PAY574c245f0f
ACCe165304f10,PAY648b75472
ACCe165304f10,PaY89f4eff9ed
ACCe107a2a22a,PAy167d470a57
ACCe107a2a22a,PAY9dbc2498330
ACC1a2de84764,PAYe7af20a50d
ACC8f71277c32,PAaY8e9f7f74a
ACC8f71277c32,PAYf6fe8b9837
ACC882521cf14,PAY8171f89660
ACC464a51abf8,PAY2e516d5a34
ACC464a51abf8,PAYf588774c35
ACCb4a75531c6,PAY1d15a497f3
ACCb4a75531c6,PAY141596054e
ACC6319524013,PAYcb0b234311
ACC6319524013,PAY8c9d6226a
ACCe745783bdf,PAY1d4a311188
ACC629efac90c,PAYf25b4dcd6b
ACC629efac90c,PAY9ba4e29df3
ACC4375585842,PAY73a352ca50
ACC4375585842,PAY08276dd11
ACC4e06a13192,PAY1498ce7610
ACC931adb9124,PAYcd0c433c69
ACC1c69d27f6f,PAY8fbc4a0ee5
ACC1c69d27f6f,PAYfc4e21ed4b
ACC2e59bb8b8b,PAYbf2949778b
ACC2e59bb8b8b,PAY74fc61cebd
ACCf63800db65,P6AY427a5368a0
ACCf369d3132c,PAYf236262989
ACCf1cb1db9b7,PAYa17ab323a4
ACCf1cb1db9b7,PAY81601df9f8
ACC730dabf938,PsAYd7f24644cc
ACCb631ffc21c,PAY6383545a74
ACCabfa6d0bb1,PAY94f7a99a31
ACCabfa6d0bb1,PAYcf3c36e3f6
ACC1b13e21947,PAY821b329fb3
ACC1b13e21947,PAYa350509a39
ACCeec42e4e41,PAY656acb193
ACC2e28800acc,PAY9ff80dd77d
ACC2e28800acc,PAYqfa2aa170b8
ACCfaf1939149,PAY220050c191
ACCd7c797eba2,PAY08d14ff246
ACCd2d90eabac,PAYdc014de7fd
ACC428835a2ec,zPAYb22c609513
ACC428835a2ec,PAY136d9b2aac
ACC1798e83a49,PAY37dd34920d
ACC3f4f01e578,PAY64adc78668
ACC8a023cf4aa,PAYcfb80233f0
ACCfd92e0006f,PAYdeb954ab74
ACCfd92e0006f,PAY08ecfe2c96
ACCc1d7236e77,PAYbe6596dd15
ACC0723ee599c,PAY2e6a9b03f1
ACC0723ee599c,PAY0789355c80
ACCd356dc1600,PAY20254ee421
ACCd356dc1600,PAY20029277ef
ACC861cb4ef4f,PAY7750bcf291
ACC861cb4ef4f,PAY640f763a0
ACC01a5d93d7c,PAY2bfdd12955
ACC01a5d93d7c,pAYbe75e6b4a9
ACCfe4fae1825,PAY997ef08d9e
ACCfe4fae1825,PAY03bef4450d
ACC7ba558b893,PAY20a967e534
ACCad2339d5f5,PAY3ee8f3fdcd
ACC07f9549568,PAY978a260b57
ACC83f7463517,PAY102006d7bc
ACC83f7463517,PAY214b9fd8c9
ACC37d243a456,PAYd1e2e0f638
ACC37d243a456,PAY3ef1731bea
ACC9221a51f86,PzAY07a47ce8cd
ACC9221a51f86,PAY56e060d4b
ACC7c23ad2045,PaY01a64c5007
ACC0ad1dd4617,PAYcc2b0b318d
ACCd2291d6661,PAY5f4676f93c
ACC0f8ff5b018,PAY4b34e764b5
ACC0f8ff5b018,PAY16a14c16cb
ACC4f6ac52921,PAY631a5cf8c
ACCb04824719b,PAY7c30a30cf4
ACCb04824719b,PAY94e1fe916
ACCdd7467f5e3,PAYdd9c13af65
ACCdd7467f5e3,PAY93a8c248a0
ACC91703c8c3d,PAYd1913e6b29
ACC6877062244,PAY2f18796f1a
ACCb42bba5e90,PAYb72f3q00303
ACCb42bba5e90,PAYe8b9a35382
ACCffac7cdb44,PAY67dd78e81f
ACCf9947b2c13,PAYb0f7c9f8874
ACCf9947b2c13,PAY9c2011ee05b
ACCa6dc3b5f13,PAY04876a600f
ACCa6dc3b5f13,PAYfd1cd31e5d
ACC55b7add351,PAY20098cead4
ACC651081425e,PAYe3013aer2b4
ACC651081425e,PAY70ac3bc444
ACCc5b8485559,PvAY4ea03ec7ea
ACC4745212f7d,PAYf682e8329e
ACC9c8f6944c0,PAYccfa0d1f39
ACC91a5af7187,PAY1b3f3f9b5d
ACCecf557c868,PAY13362166ff
ACCecf557c868,PAYa70dd7b1E8
ACC2a8e14253b,PAYf00a0a24f7
ACC2a8e14253b,PAY00076d2979
ACC258051708f,PAY5b13867e5b
ACC258051708f,PAYf56191c275
ACCb3d8fae050,PAY32e2d68f0c
ACCb3d8fae050,PAYf7710v39ae2
ACC570771211f,PAYc346f24a31
ACC570771211f,pAYcf00ae5820
ACC22da084a81,PAY37fc5a4545
ACC22da084a81,PAYca065d0772
ACCb089991aff,PYA4b53f73161
ACC5bc2c2ea68,PAYce8ad06d09
ACCd8b1eb9672,PAY1827f56873
ACCacef521ac8,PAYc1fea1d291
ACCacef521ac8,PAY09a874wb0de
ACCd566fc6531,PAYd195cd3a01
ACC30e8033e5c,PAY808017940d
ACC30e8033e5c,PAY8945bc6409
ACC8ca3f9f012,PAYac2c86e99a
ACC5602245c4b,PAY89b4c6854
ACC5602245c4b,PAYbdxcd5813a0
ACCb9020c2f19,PAY3ced0d4f3e
ACCb9020c2f19,PAYe2cc687b99
ACC930f006f4d,PAY813194118e
ACC1d4a19c5b7,PAYaf6b6739f1
ACC36dbe39bef,PAY0f6163083d
ACC36dbe39bef,PAYff42f21415
ACC8c7bb03b5b,PAY7efac92c49
ACCf4c0515fa9,PAYD83b76a8ab
ACC7a4d94d66c,PAY178353bdfa
ACC7a4d94d66c,PAY5fd542ea71
ACC47c8898b5a,PAy08e698dd35
ACC47c8898b5a,PAY249e42a156
ACC45f94454f2,PAYa73cf04d07
ACC45f94454f2,P3AY96e41a2d5e
ACC1b4ea12149,PAY8155fdd26f
ACC5e2c2913d4,PAYe8beffcd1b
ACC5e2c2913d4,PAY4d8fd35424
ACCe406df22b9,PAY5c6005df77
ACCe406df22b9,PAY06dc1d8fa6f
ACCa1db2196c7,P8AY057f6bc18e
ACCa1db2196c7,PAY09f6155d2
ACCb702ca93f5,PAY9d72b995a9
ACC555a42c285,PAYd7f27e747
ACC6785cdbc52,PAYa96d5d4a98
ACC45208d2b2d,PAY793ade841
ACC45208d2b2d,PAYe3eefedd2d
ACC4e80f06d9c,PAY27dck56fc63
ACC4e80f06d9c,PAYf9a6923b79
ACCeaecdb4045,PAY0899e2f7d2
ACCeaecdb4045,PAY64c6efb15
ACC7a18135ea6,PAYe7123834f1
ACC0fcbedfc2e,PAY3f3652795f
ACC0fcbedfc2e,PAY96a0447d5c
ACCb9fbf7f3ff,PAY5f4787i0568
ACCebea3a8391,PYb9d8dccb99
ACCebea3a8391,PAY2da7c8a6c0
ACC38b5fc9a7f,PAY712758cc68
ACC38b5fc9a7f,PAYee151bc107
ACC5fb85bb756,PAY57e5a82031
ACC3d2ae42a78,PAY96835b7763
ACC709537bb6f,PAYbb49937bd9
ACC60fe06d980,PAY8158c14cc7
ACC60fe06d980,PAY2a8c8be391
ACC824c00dd74,PoAYa470756391
ACC824c00dd74,PAYc7c4903010
ACCd2d5321166,PAY953241de45
ACC537516772a,PAY78a79e494e
ACC537516772a,PAY9d2590f23
ACC4120bcd216,APY59418686eb
ACC4120bcd216,PAYf54f19bece
ACC495c1ebf93,PAY891f51706f
ACC495c1ebf93,PAY74c29f49bb
ACCd3dd18b9da,PAYee7544bc17
ACCabe252b8b8,PAY29449ffd09
ACCabe252b8b8,PAYe64fcb4874
ACC5cdec29bb0,PAY6f061a6d8e
ACC430024610c,PAYe5be7063a5
ACC430024610c,PAY5dc061bf31
ACC5f1834d09f,PAY2a09329a45
ACC8f282962c0,PAY7f262674dc
ACC8f282962c0,PAY3198bccae27
ACC31af5ea037,PAYd0bcdd6a73
ACC31af5ea037,PAYace58f1dc0
ACC03e7f9a25b,PAY461afe7292
ACC03e7f9a25b,PAY6h16b195055
ACC610bc0a72a,PAY332aa65b6a
ACC6997c3f106,PAY8743ee9c09
ACCa0911ba5a2,PAY717p466cb98
ACC1a7dfa5e81,PAYd5caeeea3a
ACC1a7dfa5e81,PAY524f5c3eef
ACC776b71aa4f,PAY57a629d7c5
ACC2ca743ecb5,PAY84d216edda
ACC2ca743ecb5,PAY2056cA2640
ACC5745bc90c1,PAY8be7b04cd6
ACC5745bc90c1,PAY0ad6928251
ACCa5e4befbce,PAY99260906c0
ACC94f464bdad,PAY5d7d56187d
ACC94f464bdad,PAYa1a1e43afb
ACC493b34cda7,PAY7e0f8bdee3
ACC4c278145b7,PAY140b0a3d6e
ACCff6c12fb26,PAY500a6366ec
ACCff6c12fb26,PAYf7a42cac6
ACC1a7c4f048c,PAY5ddbe9c18
ACC1a7c4f048c,PAY2e054h1fc07
ACC2e0e1bf7c5,PAYb0648d241f
ACC2e0e1bf7c5,PAY0cbb07ec0b
ACCac52ea7988,PAYdb5d22d8535
ACCac52ea7988,PAYbcf05f9ae3
ACC2a7d37caa9,PAa523a4998e
ACC45197222c2,PAYb43cd5785c
ACC45197222c2,PyAY885ae4b97b
ACC8dc36bb209,PAY88d811c4d0
ACC1ecdd9ca67,PAYcbf9b43b9a
ACC07efdcbf28,PAY7f39fe40d7
ACC07efdcbf28,PAY5b458f51ad
ACC6f2df56f09,PAYff59883ac3
ACC6f2df56f09,PAY0ecd99805e
ACC7a1c9797e1,PAY0432ec593b
ACC877f302bc5,PAY02883f8852
ACC877f302bc5,PAY3e97b860e
ACC66a3befcb7,PAY4fcd200ef9
ACCc77b36ce01,PAY2d21568d1a
ACC015b104afb,PAYb211860a65
ACC1ad356e9ad,PAY454c64d90
ACC1ad356e9ad,PAYe3ce401fd
ACC226b1e8785,PAY724acc1cf5
ACC226b1e8785,PAY3cd902a6c4
ACCc40d221b74,PAYa16a8fa2cb
ACC293f09126d,APYd5ca7561f1
ACC9969b6437d,PAYdee330508e
ACC9969b6437d,PAY98d2bD2c05
ACC5ccfa47564,PAY80bd7f85f3
ACC64278b9497,PAYaba961ea94
ACC64278b9497,PAY39f1bc8ab5
ACCbecb31811d,PAYff49ca09b
ACC77eec3cbe2,PAY92a5130c69
ACC77eec3cbe2,PAYd4f403f33a
ACC3b9dc0f1aa,PAY9a9ed654de
ACC3b9dc0f1aa,PAybf03d06683
ACC4e7dbd9772,PAYf7fc6f8fba
ACC5a684fc889,PA7Y952d8e3a7
ACCd4e3db47fe,PAY9c77ae10b5
ACC410fca7898,PAYabab6f3f1
ACC1063ba4b40,PAY3f9ba0edf8
ACC1063ba4b40,PAY80359d3fa5
ACCb360271f29,PAYad3bec66t77
ACC8669ab62ff,PAY7722d6c319
ACC8669ab62ff,PAY2d3ffdaa11
ACC9bdd406f35,PAY1dc6955795
ACC8f333a6a0d,PAY67fb4b8756
ACC8f333a6a0d,PAY85119456e7
ACCd29370f2ad,PAY050baab0de
ACC06dd163ea1,PAYeacb0c1acd
ACC06dd163ea1,PAYd25db3fa0
ACCa0b4399f79,PAY006778173
ACCa0b4399f79,PAY0c6191c0d9
ACC47f99de657,PY483a5880ad
ACC47f99de657,PAY877d0f16aa
ACCaf29a351ff,PAYc99c35ab14
ACC32f55331a7,APY6fe0cfee33
ACC9ee530006f,PAYc71b7650a4
ACCa03f130600,PAY2aa35C8668
ACCa03f130600,PAY3a0eba2de7
ACCafdf024352,PAY31faba16fb
ACCd9f95e1cbd,PAYa85c70d4yaf
ACCd9f95e1cbd,PAYcb3749cb30
ACC27b106e152,PAY21dc385d14
ACC27b106e152,PAYdf41c2ff60
ACC8d622f9176,PAYe21a681268
ACC8d622f9176,PAY027472fee3
ACC39ac75f713,PAYd0697f2eb1
ACC39ac75f713,PAYc53e18fd4e
ACC44d13f666f,PAY6f32f8b662
ACC44d13f666f,PAY94d56de900
ACCe542b8be44,PAYe0f646a313f
ACCe542b8be44,PAYf3f35ab149
ACC1fb8b6efc9,PAYaf2ff55332
ACC1fb8b6efc9,PAYb04c3ffd3d
ACC7d1166f772,PAYbd2526ceea
ACCbf83999ea6,PAY0634011ca
ACCb558821f10,PAYe731b98935
ACCb558821f10,PaY62f7c947cf
ACC1ce2701733,PAY1040f1caf8
ACC1ce2701733,PAYecc0298ba8
ACC52bcd7a83c,PAYca754805b9
ACC52bcd7a83c,PAY83d5198e12
ACCe876af2c07,PAYc5ab565e57
ACCe876af2c07,PAY7282eac5b1
ACC9c38a60293,PAY79ead07324
ACC1601917e3d,PAYec6c10a8c8
ACC1601917e3d,PAY8931694a58
ACC84f8d568ce,P1AYe5a8dbe9b6
ACCe6ca0142ba,PAY45d307de19
ACCdb2867afb3,PAY8ce5d441d6
ACC05199ed8e5,PAY351F5d6118
ACC23116f0182,PAYbc01dcc10d
ACC23116f0182,PAY193c72b541
ACC87bd02d4c0,PAY1478319731
ACCc06ac554f0,PAYa7e880effd
ACCc06ac554f0,PAY0910871ea2
ACCe95ac66691,PAYa5f8427423
ACCe95ac66691,PAY4d355b3a1
ACCd0434ce92f,PAY5c81e4490c
ACCd0434ce92f,AY203085d708
ACCc2c6c221a5,PAY6522d5b4b5a
ACCf9e43c31c7,PAYa6923c66344
ACC6ef5cf6d6e,PAYd268ff84a0
ACC6ef5cf6d6e,PAYb0868277ct5
ACCd7670a70d3,PAYfa9615a676
ACCb83bdd8b6e,PAnY68911a65ea
ACCef91e72b76,PAY2c5f648ee4
ACC019f637e8b,APYe845416432
ACCe8acd970b8,PAY91zb61436d5
ACCdd9942f6c5,PAY4b3c49a498
ACC92e027f943,PAYf66a5c69a2
ACC87e08d05a7,PAYad79cbeb19
ACC87e08d05a7,PAYae9566c46
ACCd4e6e413c8,PAYb25edd74a5
ACC8d98853b00,PAYfa5685b987
ACC8d98853b00,PAYaa6285a7fc
ACC44f4f75810,PAY521be751b
ACC44f4f75810,PAy4afe1b81db
ACC2e976e8102,PAYa10ea08a60
ACC2e976e8102,PAY6b01b36a51
ACC8f6aa42df1,PAYa178ie2d333
ACC8f6aa42df1,PAY66289ebc47
ACCab66fd7451,PAYd9b1f6496f
ACC4c689ad3c9,PAYceeb4e90c4
ACC4c689ad3c9,PAYba4101b64f
ACC3d7abd201b,PAY48d1274db2
ACCe3b2b8fe7c,PAY50555e1acc
ACCbcb4fee2ec,PAY7411e638ae
ACCbcb4fee2ec,PAY1575b2e961
ACC09de51214c,PAY4f6b393dec
ACCb542668bdb,PAYfba86cad37
ACC2fb8552cb8,PAY20c10bb13c
ACC2fb8552cb8,PYf703846b69
ACC5b887a817c,PAY2a04735fe9
ACC0e0e3354ea,APY2a6058ef5d
ACC4ad286c348,PAYe6d38d374e
ACC4ad286c348,PAY90a66585a
ACCd98111bc95,PAY9f7dfd30fb
ACCc522315752,PAYb0c31e72db
ACCc522315752,PAY9e1eb311e1
ACCe55d13a3c1,PAYa8139e621e
ACCe55d13a3c1,PAYd9d30426e5
ACC80f58ed648,PAYbe226daf5e
ACC23bd8c55c9,PAYfe8fe8a19a
ACC99cac669c9,PAY01a12f5168
ACC99cac669c9,PAY28f4c2f9e5
ACC3e928925b6,PAYfaa88c2bae
ACC3b1a6417b2,PAY39a369615b
ACC36d3c580a0,PAYfb662a1b772
ACC36d3c580a0,PAYfc63757ccf
ACC4a9349b244,PAYe0a0a54ed6
ACC8aea10acf5,PAY0d0d57144e
ACC8aea10acf5,PAY758f2ca58f
ACCb2b02dd251,PAY9a343500b6
ACCb2b02dd251,PAY33ec318135
ACC54a40b005e,PAY6ebc10ff5c
ACCde8ce2b046,PAY393149ae0
ACC00989ed316,PAY822e4b5d43
ACCee7217c1ec,PAY6970d77cba
ACCee7217c1ec,PAY4add02bd99
ACC5b21eceb06,APY042d95be91
ACC5b21eceb06,PAY77664fe824
ACC187fad92e1,AY4e2f98ce92
ACCf8969ccf58,PAY7c1fbb867
ACCf8969ccf58,PAY975d25e42f
ACCe3c9a8920e,PAYc348f6c8af
ACC265e4475a0,PAY41f5003fe5
ACC265e4475a0,PAY5065f473c8
ACC03efe0b75c,PAYb7c94f4a88
ACCe3d413b8a7,PAY05554b724
ACCe3d413b8a7,PAYe37669729a
ACC829884da45,PAYf2faf0761a
ACC829884da45,PAY09cf84da5f
ACC4802e13af9,PAYb9ff41223a
ACCb07df7c87d,PAYd02217ie0c6
ACC09fd7a3459,PAYf20790dfad
ACCa13668a755,PAYb1200b614d
ACCa13668a755,PAY1f3052acde1
ACC8bc5a382f4,PAY7e859fCcfe
ACC176ea37fe6,PAY99e2a177c5
ACC176ea37fe6,PAYc58309faeb
ACC326dc34e4e,PAY359dc95006
ACC326dc34e4e,PAY72fa334220
ACCdb30e1b712,PAY7349303eda
ACCdb30e1b712,PA8c7eaceeb9
ACCdffe46b286,PAY0a4e08cb75
ACC6898c195e0,PAYfbcede3303
ACC2cd8e26388,PAYaf78bbcb67
ACC2cd8e26388,PAY62a47de59
ACC6f1feb542d,PAYdba88ccbc2
ACC6f1feb542d,PAY4a9d38ea7e
ACC550e6fea36,PAY493d977f18
ACC3a74b20543,PAY623c6b4687
ACC3a74b20543,PAYdbd9cd3501
ACCc79fc131d1,PAYccea05e4f1
ACC57a3be9049,1PAY85c6b286e3
ACC67fb7ba52a,PAYa76e45fbe3
ACC67fb7ba52a,PAYb01e8328040
ACC986e66918f,PAY4b20920195
ACC986e66918f,PAY3935067c299
ACCc40eaa1b39,PAY15b3959257
ACCc40eaa1b39,APYcc8050885b
ACC8da719634b,PAY229cea0660
ACC8da719634b,PAY5694b57322
ACCd768b39f90,PAYb3647660a5
ACCc697fc8cff,PAY1ef0e6c35f
ACC516f6dfbf7,PAY8d7c99e388e
ACC5e870ea6af,P4AY4b31ae8196
ACC6aa79d0b86,PAYbbc03a3b0f
ACC6aa79d0b86,PAY2c11051cd5
ACC51e1ed8697,pAY6493820170
ACCdb4d13b026,PA457d140bc8
ACCdb4d13b026,PAY2466faa10e
ACC7e8e1a682d,PAY524733a039
ACC6ee2904bf1,PAY12637b1628
ACCa23dac7a0d,PAY4201e81cc6
ACCa23dac7a0d,PAY8f9464b8cd
ACC2000036eda,PAYc356574cfd
ACCa22964ec91,PAY4fda8c03cb
ACCa22964ec91,PAYdf6f021357
ACCe982509696,PAY2ffd94e2Fa
ACCe982509696,PA3Ybb3693a9d
ACC2835610065,PAYb430280be5
ACC2835610065,PAY1dbb23a40
ACC77210c7968,PAYb4108539f2
ACC77210c7968,PAYd93cd53df5
ACC6d0417e09e,PAYe7b54456ba
ACC6d0417e09e,PAYc61e2bD083
ACC3a2ba11aad,PY09f31b2f11
ACC3a2ba11aad,PAY11becb7885
ACC4f248c1f8b,PAY3d3089199b
ACCa70bbfc05a,PA8d3ffce3a7
ACC6f65eb381f,PAY1c9f19w91c1
ACCa75b872dc3,PAY2a89170e26
ACCa75b872dc3,PAY8c6c19f1c0
ACCf58f0cc647,PYfe7cb7813b
ACCadc21c51ee,PAY10f6fdb27a
ACCadc21c51ee,PAyd8044f4395
ACC984fcfd379,PAY8b546473ef
ACC984fcfd379,PAY097c0091a60
ACCec64871113,PAYd175d912b9
ACCec64871113,PAYa9c5a024d4
ACC5025247b0e,PAYd3f063ad84
ACC6fb173db3b,PAY62d66b92dc
ACC5fa45a6972,PAY48753aa5c1
ACC5fa45a6972,PAYa02b9e6318
ACC37944400ea,PAYdaaecc75dd
ACCdda1ebe0bf,PAYa361a955b7
ACC2ac5594027,PAY2421de5f29
ACC2ac5594027,PAY6e94284e62
ACCf92748ace8,PAYa630f25a6
ACCf92748ace8,PAYbb1361801b
ACC67647630bf,PAY7a1c7a6cd0
ACC374fa2db4b,pAYd64bc24f81
ACC374fa2db4b,PAY7363938f1b
ACC9da4cd086d,PAYeb9b1c179a
ACC9da4cd086d,PAYffm8f9ae354
ACC6a0433716d,PAY1df2b44bb7
ACC6bda50bb91,pAY2a7caa301a
ACCe1cee5556b,PaYeadb7c1bb7
ACCe5a0e61b37,PAY730064861b
ACC353497e986,PAYfd48c3b443
ACC353497e986,PAY20289f0267
ACCaa725e275b,PAYea5061d4aa
ACCaa725e275b,PAY8c46a3336d
ACC5d33f605b8,PAYe037a38ea0
ACC5d33f605b8,PAYde195ae68
ACC590f6f6524,PAY97a1a5ff0
ACC590f6f6524,PAY2e4a0a67b
ACCbd8d63bd15,PAY16756d76e6
ACCbd8d63bd15,PAYdf09acde08
ACC94f7ad1d40,PAY1ddd8a899f
ACC94f7ad1d40,PAYca7a8d7f0c
ACC1b110ec3b9,PAY7b48f48ca3
ACC1b110ec3b9,PAYd9ad0ef63
ACC1a4d86934c,PAY3f76ed907e
ACC06067e1b17,PAYb24ba38bd6
ACC27e1aa445b,PAY1a08da3d6
ACC27e1aa445b,PAYc505cc6da3
ACC349974ce6f,PA9Ycba4d44f53
ACC25a6727695,PAYc394821778
ACCb77a7f9bcd,PAY47d6f60242
ACCb77a7f9bcd,PAY7d388cfd95
ACC3a93ffe034,PAY5298cecae
ACCe106aa9fff,PAYe463b4a23d
ACC2944cd1b14,7PAYa03cde051f
ACCf407b9cad1,PAY2e11e3adf64
ACCd2c4b3b50b,PAY52370bd083
ACCb0de400387,PAYb0202c6ba4
ACC6e8a677777,PAY5cfnb224f1f
ACC6e8a677777,PAYfb45df33f
ACC699743478e,AY6127cdb0a2
ACC699743478e,PAYa24c7863a29
ACC56b3352285,PAYf024b5898
ACC47ce41e63d,PAY2a490b75fb
ACC47ce41e63d,PAYa560890f96
ACC3a7d339ebf,PAY6aaa2916d4
ACC3a7d339ebf,pAYaaab97fc5b
ACCa2d5a2a224,PAY8399292685
ACCd3fec2049b,PAY5e9b9a17b
ACCf87d5efb19,PAYc0cd3ea7fd
ACCf87d5efb19,PAYaf2138d7c8
ACC33b0531463,PAYa79c2b39ad
ACC625e2df278,PAYe5d4198c2
ACC83dc71127c,PAY8214eab763
ACCf79b4cb990,PAYb6e523ae02
ACCf79b4cb990,PAYce98de024f
ACC31b2095ea5,PAYf5f813b7025
ACCb0587ea1f8,PAYd3b896029c
ACCb0587ea1f8,PAY80c7ec2c7d
ACCcfe0e52156,PAY231afe264e
ACCa76591cfe8,PAY1176319da0
ACC6abf601a66,PAYe445522a96
ACC779d045d3a,PAYc50ae9a7569
ACC779d045d3a,PAYf1bc5fd8b7
ACC322a7d63d0,PAY39a33faa62
ACCe5943a6785,PAY2b90110005
ACC24303af8e1,PAY30a476271b
ACC5142dd8824,PAYd92e4273cc
ACC5142dd8824,PAYeb6d6afb59
ACCa1b6b35378,PAY204acc3065
ACCa1b6b35378,PAYa5bebf1031
ACC34c95272ce,PAY34ede4a47f
ACC4e5198ba79,PAYec2e8cae5
ACC4e5198ba79,PAYceea5c4b8c
ACCd19ed5ca2d,PAYc357175d91
ACCd19ed5ca2d,PAY8585797481
ACC8eb2c44d74,PAY52df143c4c
ACC8eb2c44d74,PAY385a147686
ACCae67d9f50d,PAYdc9ed0ca73
ACCae67d9f50d,PAYdc0b681c45
ACCb2a15a1d70,PAYa6d51b3317
ACC02b6ee2863,PAY6fc6d02ba2
ACC02b6ee2863,PAYceee1382aa
ACC855abedaca,PAYb01bf4809a
ACC855abedaca,PAY3eb4dbd6a6f
ACC4f1e4ff6cf,PAYc54600ddd5
ACC4f1e4ff6cf,PAYd470d4ae72
ACCae4e97dcd0,PAY62c30c5a46
ACCae4e97dcd0,PAY209e9fa3ab
ACCc782b205dc,PAY56744c2f31
ACCa423456640,AYfa86f0b65f
ACCa423456640,PAYb7f13177e6
ACC31c5b51add,AY84e532adec
ACC2b4105cde0,PAYb4a67cf867
ACCb9a7d74dd5,PAY29b137eb6c
ACCc89cf92ea0,PAY1d17809cf8
ACCcdbc6f7dd6,PAY2312cv5d28d
ACC395020fc1c,PAYcfe71137f8
ACC395020fc1c,PAY6339e257d
ACC7033f2f69c,PAY4253b89ef9
ACC06c095cfd1,PAYen38cae7a43
ACC4aa366b5a9,PAY8f8342e8cd
ACCa26975c0a3,PAYf9bdd05244
ACCa26975c0a3,PAY702d685e6f
ACCad43003ac0,PAYe3a0f5B3e2
ACCad43003ac0,PAYde8bcafe13
ACC7655c1ba41,PAY707930ca35
ACCa795771da0,PAYd814e36cdc
ACC451e58a3de,PAY4100326dc5
ACC084e56b10a,PAy9ffc312e43
ACC084e56b10a,PAY728705b7b
ACCc8a313e1aa,PYAd70b527ca5
ACCc8a313e1aa,PAYd702d65341
ACC9f6b1c795f,PAY9576131fe7
ACC356d4e43fe,PAY806809c1b5
ACC356d4e43fe,PAY2b881b9bf3
ACCa727824e89,pAYfc6f345a9e
ACCa9f548905c,PAY1098c5822c
ACCa82eed5683,PAbY7ebb0bf60e
ACC454d2c5e55,PAYcd02474be1
ACC514a1a0a53,PAYf76a53537a
ACC514a1a0a53,PAY3284cf7b52
ACC1f034f3d90,PAY3b03425746
ACC509bcdd3d1,PAY6db9cb39f4
ACC509bcdd3d1,PAy3dec714fa2
ACC72bc3d87f9,PAYf25d83153e
ACC72bc3d87f9,PAY181f527dd4
ACCa55c2d7e02,PAY6b5E521276
ACCa55c2d7e02,PAY7446b60bb6
ACCa0885ccb52,PAY0632765d26
ACCa0885ccb52,PAYb920e11a8a
ACC699ebb0c5d,PAY9f87b5a842
ACC699ebb0c5d,PAYf121b8cd49
ACCb647adf1dd,PAYe173973208
ACCb647adf1dd,PAY8caa2adc60
ACC24d816af30,PAY8a6d24e8ab
ACC1fb2f82bc3,PAYd90e33939d
ACC1fb2f82bc3,PAYa8d43a75cf
ACC3220d611cd,PAY3f967b4636
ACCb80ebf962e,PAY447f4d2a10
ACCe5be41ff08,PAY364aa0b603
ACC12c678b4e5,PAY264a368701
ACC12c678b4e5,PAYbd6f9ee61a
ACC906926aff4,PAY21ae533a6
ACC9d392b63a8,PAYe2e86477f0
ACC9d392b63a8,PAYa32c636edb
ACCb9089f7336,PAY01578e506
ACCb9089f7336,PAY762e9ddcf
ACC7d7082876a,PAY781286429f
ACC7d7082876a,PAY9c55503684
ACC4bd0f7fab3,PAY0d952e926
ACC4bd0f7fab3,PAYa88bfe6261
ACC3ca0f30b7a,PAY887e8f66f8
ACC3ca0f30b7a,PAYddf64d830e
ACC1691d8f3e9,PAYb821c2390f
ACC1691d8f3e9,PAY5ebfd1ebac
ACC639b9db3d8,PAY16ff218efb
ACC639b9db3d8,PAY9882d9b367
ACC25ba7ccc3d,PAYb2ld41ef8ad
ACC78c6a3ae41,PAY72874b3afe
ACC2ea22f13f3,PAY79303092e4
ACC4ece39585d,PAY679496a299
ACC4ece39585d,PAYv664f0b3665
ACC6b8328454f,PAY72e9490400
ACC6b8328454f,PAY182gad1f668
ACC7e271eb0f1,PAY8a846fbe49
ACC7e271eb0f1,PAY2876d28fbe
ACCe408d03f20,PAY7b5d44636f
ACC794a9d6276,PAYe6471a8ffe
ACC794a9d6276,PAY3e0d0ce6fc
ACCd7208d1d8e,PAYE80f188440
ACCd7208d1d8e,PAY41744ad460
ACC86156ecd15,PAY4e4dec7f74
ACC86156ecd15,PAY8acaed54f7
ACC4498934f2b,PAY89e4b5E9d7
ACC4498934f2b,PAY8e33158058
ACC3110f637a7,PAY17c61as2970
ACC3110f637a7,PAaY6a8716ee5
ACC556b33b8bb,PAY624fa05e23
ACC556b33b8bb,PAY556f82668a
ACCd6fa9c9962,PAY7f6e4Ee3c5
ACCd6fa9c9962,PAY49c120c13e
ACC9a48c998ee,PAY69bfd50109
ACC6f2086c370,PAY69c6d22ad0
ACC6f2086c370,PAYeb8f61997
ACC822da5a670,PAY62ed05ef1
ACC71d3d0f0b9,PAYacde68e3f
ACCeb687c1801,PAY7a52c90950
ACCd4ef17a418,PAyY83a9e27816
ACCd4ef17a418,PAY5eb7x1a525f
ACCedfa3f1574,AYba021f269f
ACC4c7b9002e2,PAY70505ad407
ACC4c7b9002e2,PAY0de017c69e
ACC540621ab33,PAYd4a3027y6c1
ACC2392589f80,PAYab56d7883e0
ACCe9bcba8061,PAY45cb6c388
ACCe9bcba8061,PAY4240766d2b
ACCf7f105ff76,PAY0eab4b825f
ACC57d4af11b5,PAY61479044b6
ACC57d4af11b5,PAY382c200233
ACC8814d3d683,PAY5c8f70963f
ACC1c2426cb85,PAYe6e774a052
ACC1c2426cb85,PAY6b559180c6
ACC5d8059f1d8,PAYa8c6092717
ACCd99cf01a36,PAY80693d5c7d
ACCd99cf01a36,PAY0B9260e892
ACC5858f57aad,PAYaeba9d7e8e
ACC3f8af2682e,PAY8c835ae7ef
ACC3f8af2682e,PAc92c205edb
ACC62bb37d2d6,PAY613c6b43fe
ACCc2f2a50df0,PAYd9ec898789
ACCc2f2a50df0,PAY70dacf7e24
ACC7864b12cda,PAY054qb87bd4f
ACC93ddeb76f0,PA6Y212595199
ACC93ddeb76f0,pAYfad6323d7f
ACCa48ce08cd5,PAY32b287172
ACCce80d44f9f,PAYdffo7b20934
ACC43cea3c902,PAYfd3f42a0f3
ACC6d6a8848e4,PAY65b7b31fb0
ACC5e343152c7,PAY989cf3d80c
ACC24a8713cc8,PAYd55d590295
ACC83529b6950,PAY63d414bd95
ACC83529b6950,PAYabb60ca973
ACCab6e410b56,PAYb3efa15061
ACCc73a820a76,PAY8c4d7a10fe
ACCc73a820a76,PAY66f1f668fa
ACC6525089d3a,PAY06d9f8a608
ACC0ba7deef58,PAY04f90e03b8
ACC0ba7deef58,PAYadfb3eb301
ACCf6a182b966,PAY585cd91bd2
ACCf6a182b966,PAYa8b1f482af
ACCc79df82085,PAY509d21c21
ACCc79df82085,PAY24728A59d4
ACC9e62edf689,PAY5eaeef48fe
ACC18eef5c8a0,PAY097394507c
ACC2e9b064d35,PAY5625636Bf6
ACC2e9b064d35,PAYbc6aac6aa0
ACCfafcdbe4c9,PAYae273db44a
ACCfafcdbe4c9,PAYc9de025093
ACCf88090826d,PAYdf6c59e89a
ACCf88090826d,PAYda3e06c70b
ACCf87a6f88f0,PAY4c44ba81ac
ACCbdc77d5f5d,PAY3b1781192c
ACCbdc77d5f5d,PAY4b73aad3dd
ACC9d9f4a23e6,PAY11ced9af23
ACC8592837695,PAY2ca9520bce
ACC8592837695,PAY71c3f7a5d3
ACC76a03cc528,PAeYdfb4a5479
ACC76a03cc528,PAYbded026b0a
ACCf95b113117,PAY8f3361cdf7
ACC1974fdd9a9,PAYfc42ef7205
ACC1974fdd9a9,PAYb35b20f6c6
ACCaaf62be6aa,PAYa36d2f8a08
ACCc408782f89,PAY4ab5dd0f73
ACC82c0a8b356,PAY838bf02fc8
ACC84eb7e5f00,PAYp711c8f9dab
ACC84eb7e5f00,PAY8e25944435
ACC22f27f8c02,PAY2c754428f5f
ACC82274b7b9e,PAYwf8fdc3fe73
ACCb1fc212825,PAY5ef67843f4
ACCb1fc212825,PAY18056fcb1
ACC0241b36d9d,PAY68b742d58b
ACCbafafebd77,PAY579b4a5fd
ACC424970a82f,PAY76b01f1106
ACCdce07353df,PAYb93bfadbeb
ACC131829dcca,PAYa5e5f6d6be
ACC131829dcca,pAYf8bc9503c9
ACC32dddbd507,PA4f07ffbada
ACC32dddbd507,PAY6cf809a211
ACC489e0ab4a5,PAy78bf127aa0
ACCdb66414612,PAYe360877341
ACCdb66414612,PAY12b875025c
ACC79e3dcf390,PAYadb748be6c
ACC79e3dcf390,PAY61f7c4f2a3
ACCdd250bbefd,PAY424e87cfd7
ACCdd250bbefd,PAY6d402cc553
ACC0c1faa92dc,PAYd916a11d49
ACC0c1faa92dc,PAYce44c1de37
ACC178ea38905,PAY7c5bb3cgadb
ACC178ea38905,PAY01b6e8526e
ACC0507cfedfb,PAY0d8beb2d1c
ACC0507cfedfb,PAYb08a59818a
ACC4941ae1ff9,PAY5511a615f5
ACC4941ae1ff9,PAY3b4280ecbb
ACC0c19e1a592,PAY2b8361f935
ACC0c19e1a592,PAY3c8bb69ce7
ACCf382f1f4c4,PAYd0b4552358
ACCf382f1f4c4,PAYc4b7a445f7
ACCf5c930f622,PAYa668b1d897
ACC1322d88634,PAYcc381da9a4
ACC1322d88634,APYc2c6fcc79a
ACC79364ea469,PAY0e63c83bfb
ACCc00c060945,PAY0c820fdfa8
ACCdc8fd94de1,PAY239e45009a
ACC696aecfa2d,PAYa95daba081
ACC696aecfa2d,PAY7e12975d11
ACC027dd457db,PAY3aa9960b850
ACC027dd457db,PAYeec3a41e57e
ACC79108df7b9,PaYacf122a79e
ACC0fd66bedc9,PAY29c3b01222
ACC0fd66bedc9,PAY473bdfbf76
ACCb46c2b037d,pAYd8cd0b802d
ACCb46c2b037d,PAY863840f617
ACCb88017e170,PAYbb2c636103
ACCea484e11f2,PY32f3ff69db
ACCea484e11f2,PAYe681d4e724
ACCe1203fc53a,PAYfd4fa7c610
ACCe1203fc53a,PAY92fde0afd
ACCc040f506ca,AYcb7ec51102
ACCc040f506ca,PAYc6687d3147
ACCef54573871,PAYfa4a42ab8b
ACC9d5d5e5ca6,PAY85f4cc50d2
ACCd148269d24,PAY704eaca1d4
ACCd148269d24,PAYcffa3e837a
ACC6230e61f73,PAYf4a7341ec0
ACC6230e61f73,PA6Y288ccc746
ACCf4ef0a4f94,PAY73eb65a84b
ACCf4ef0a4f94,PAYd75fade685
ACC3a959dccff,PAY26a084a0fa
ACCb9e3abc674,PAYefa308bc068
ACCb9e3abc674,PAY66f06e1326
ACCfd35f7086a,PAY85d3868f95b
ACCfd35f7086a,PAY5a0c219fc3
ACCa60c1a5bf6,AY58297d9b28
ACC9fad51f2c7,PAY9909a77832d
ACC9fad51f2c7,PAYdfe440a03a
ACC3e5c87128a,PAY6302fd2653
ACC3e5c87128a,PAYe9a740bcf2
ACCe55d374ea0,PAY49d77c0b32
ACCe55d374ea0,PAY248c11f257
ACC7de0942f2d,PAYecf9015ab0
ACC2305bde800,PAY24fc350ec9
ACCb97a9e093f,PAY6304a192d
ACC318bfe03c6,PAY99e7e93033
ACC7cd59d605a,PAY8f50f2bd16
ACC7cd59d605a,PAYb4380467356
ACCf9fc7ea268,PAY21f152de1a
ACCb33ed4baf2,PAY790b3947ba
ACCb33ed4baf2,PAYf948132425
ACCb5904c322e,PAYdd2041fa99
ACC8c072b8339,PAY557c1578f9d
ACC6a30c9d279,PAY36b39b3290
ACC6a30c9d279,PAY59703b205
ACC54cb5deb2f,PAYde574d9079
ACC54cb5deb2f,PAY61540f3934
ACC8640a4cf5d,PAY5d2e32adeb
ACCcd5bd9a652,PAY151d89e0f
ACCcd5bd9a652,PAY01839f3293
ACCdb929744c6,PAYc397cfc5d
ACCd444fff880,PAd68457823e
ACCd444fff880,PAY58db87db23
ACCe553c2fa8b,PAY0c785268d5
ACCa5da69d976,PAYf35c77c62f
ACC865d6d177a,PAY28f81f8487
ACCd4948efbc4,AYf916d124b5
ACCeb89e7c7c6,PAY1154e6f5c1
ACCeb89e7c7c6,PAY301a396109
ACC6e4d38bbfc,PAYfff9a4388d
ACCfbbb888fa9,PAY710de92a30
ACCb86cfe1fe1,PAY84f87a1277
ACC09c6ad578a,PAY4Cc7d6e668
ACC09c6ad578a,PAY84722730ab
ACC0c29cf6a3b,PAY8136e987bc
ACC0c29cf6a3b,PAY5eb192eea3
ACCbd05346bd5,PaAY1c8aaf9eb9
ACC908f19c1c9,PAY961Bdb34c7
ACC908f19c1c9,APY65ec22e154
ACCeb56ef1153,PAY46f51f7Eca
ACC4fa014ae2b,PAY27a162aa64
ACCa14c4f6afe,PAYd55199e1rfc
ACCa14c4f6afe,PAfY5c37ff340
ACC0b6884f69c,PAYf493623e6a
ACC0b6884f69c,PAY75ca24epfc6
ACC4b7cddaa8c,PAYc673e63e79
ACCebaa8f5e7f,PY38dc6830b0
ACC05efa672b9,PAY3467345bbf
ACC1a5ff90ebe,PAY3fb92758a4
ACC1a5ff90ebe,PAy45ca912534
ACC9389460c92,PAYa1ac883d1b
ACC9389460c92,PAY2ad280037a
ACC0f7a642468,PAY44fd757b9c
ACC6638ad1205,PAYf5ea8ed690
ACC570be9f882,PAY71b7fb38c8
ACC570be9f882,PAYd96b91612b
ACCc336c3024e,PAYeaec726e1d
ACC24da4ed863,PAY063977298e
ACCf8523d675a,PAYdeb058a113
ACC9fa4004ba4,PAY19282849e4
ACC9fa4004ba4,PAY2f89bfdc37
ACC6daeeab08f,PxAY965fca966b
ACC6daeeab08f,PAYdeb246b268
ACC4988daf72c,PAY90556d1b57
ACC4988daf72c,PAY3f07a5325d
ACCb0784368c9,APYc4cf059633
ACCb0784368c9,PAY12f7d78083
ACCe2f6d62928,PAY73f5975fef
ACCe2f6d62928,PAY0f50694289
ACC96bf476985,PAY70942c3152
ACCb878649d53,PAY3f036a6t699
ACC963a9548ab,PAY2fb4aeb66a
ACCb98e13d69e,PrAYaf52be91a8
ACC4ce320dbf6,PAY66267e6633
ACC4ce320dbf6,P7AYf455447aff
ACC9ba1753908,PAY7c43439428
ACC9ba1753908,PAY7e5c83ed78
ACCa5cbea3cab,PAY4ad28c811c
ACCa5cbea3cab,PAY9b5fff622d6
ACC64a4438c76,PAY175a3d4ea4
ACC64a4438c76,PAYd1818e7a77
ACC5a9f976e5b,PAYa7a1da86a
ACC21007519ae,PAY46e498b118
ACC21007519ae,PAY50d76a26cd
ACCe8a5e5fca8,PAYbed87583b7
ACCa0ea9bd252,PAY899756981b
ACC7f06c1d9ad,PAY27C08fb3b7
ACC7f06c1d9ad,PAY4931d19803
ACC76caa2c6ea,PAYe4ec6d67d0
ACC76caa2c6ea,PAY2a290dc5ac
ACC6be11d592b,PY6864c9c37d
ACC6be11d592b,PAY4a4fe132425
ACCc32aa9bab4,PAYab92056a60
ACCc32aa9bab4,PAYa6779031f
ACC56b63ce9b6,PAeY453ab7b49
ACC875556bdd8,PAYce4cf53309
ACCb97a45298e,PAYbfb6389aa4
ACCb97a45298e,PAY8jd14b76c26
ACCd6dbdebfce,PAYa66144fff5
ACCd6dbdebfce,PAY73e9a5b3a
ACCc435f6fadf,PAYc494757867
ACCc435f6fadf,PAYe0ff8f1866
ACC101cf57f9e,PAY322485c919
ACC101cf57f9e,PAY8e2b213190
ACC009e61fdce,PAY5587d6276c
ACCe7b175636c,PAYe76671d050
ACC08b19de9cb,PAY3e8c4846a4
ACC08b19de9cb,PAYb1534f4c03
ACC2ef88bf096,PAY9b2bc05f6b
ACC2ef88bf096,PAY5da89a64e4
ACC122faa8eab,PAYae3aaf5cd7
ACC775e2c5e20,PAY85875ccfc5
ACC775e2c5e20,PAYd2624672a
ACCeafa221574,PAY022c2909de
ACCeafa221574,PAYd8449ec6ea
ACC6f3a47b33a,PAY286b97916a
ACC6f3a47b33a,PAY9126d48bb7
ACC74bbb55524,PAY51788f13c5
ACC8cccff89ab,PAYd1d1c4d568
ACC8cccff89ab,PAYc776cb8e192
ACC806a9a3298,PAY07E29efaea
ACCcccd5cd622,PAY7ce08c3fcb4
ACC2f06b2a140,PAYe1fb7e1d07
ACC2f06b2a140,PAY77954ed0Ee
ACC696642cc24,PAYee452d43f6
ACC48fb23d5f8,PAYb5d9a37ffb
ACC2ff3073f7d,PAY8c9bd073dd
ACC2ff3073f7d,PAYc1405a380f
ACC5467cc698a,PAY5d69adfeaf
ACC5467cc698a,PAY16707d10c4
ACC7157d2cde6,PAY6e3930adee
ACC990e402b2f,PAY9fe35f1c27
ACC6d1a02271c,PAY713d732ba7
ACC6d1a02271c,PAYddd68103a1
ACC5e4a823f1f,PAY625c8a13ec
ACC5e4a823f1f,PAY6e1499445f
ACCb7cece7e3b,PAY1f89f81250
ACCb7cece7e3b,PAYae081dcbc5
ACCa2565f2d3b,PAY811679c5e6
ACCb120ceb7f3,PAYcf7d305e84
ACCb120ceb7f3,PAYc8c804ce7f
ACC56b90d90a3,PAYe4d0d35e8
ACC4e56000934,PAY5780b12e1e
ACCb84d2926d1,pAY85c7725de3
ACCb84d2926d1,PAY269cfabf4a
ACCaf6e839e29,PAY0c4a0e2c8s1
ACCaf6e839e29,PAY8bafe4a3f4
ACCe85abeec01,PAY81acee58cde
ACCe85abeec01,PAY704e1fd1b
ACC3c6cdb0ee9,PAY279111a951
ACC3c6cdb0ee9,PAYf42d720cee
ACC1daef130e7,PAYb3e5d416db
ACCbbe8862e69,PAY02efdafb9b
ACCbbe8862e69,PAY2a918ff202
ACCe2da539b7d,PAYc2a14de1e
ACCe2da539b7d,PAnY374f2c7eaa
ACC180e54b31e,PAY7b4d42fc6b
ACCd664c510fa,PAYbe4c8df6a4
ACCd664c510fa,PAYed61f389666
ACC21fc60d2b0,PAY1111651483
ACC21fc60d2b0,PAY65f3d4bdf0
ACCb52c82fcc4,PAY05521e758c
ACCb52c82fcc4,PAY06044bd1d5
ACC4bc79a2a69,PAYdf3a41c2fb
ACCe83f28d42c,PAY2f033b9f4d
ACC2eaf6c8dac,PAYe7c319f9eb
ACC32bb12d607,PAYf1f8319c7
ACC2c15288408,PAYfed293ac08
ACCb18a1d7deb,PAYd2b27297b
ACC43adfb0de4,PAY81e38cf5ce
ACC43adfb0de4,PAY5307653ada
ACC73a0c0102b,PAY1d78db9193
ACC73a0c0102b,PAY3b2797aea4
ACCb4bfb8e30f,PAY2c3d05088c
ACCb4bfb8e30f,PAYf505a69c4c
ACC51348fbbca,PAY7aa79d2817
ACCe0e0f7f71c,PAYd4df557bdb
ACCe64c84dcaf,PAYc5b1db9e67
ACCe64c84dcaf,PAYb37df4190a
ACC4a363da1b4,PAY139b1995ca
ACC4a363da1b4,PAY821f437c46
ACC3a0b9763b9,PAYe9027a4fdc
ACC969358360f,PAY74983455b5f
ACC969358360f,PAY218087f30e
ACC4ab22cbb6f,PAYc6cf373da1
ACC546f9cfb4f,PAYbd974c6bea
ACC546f9cfb4f,PAY92098fc629
ACC202cd86adf,PAYfa548c8478
ACC554c9f1f8c,PAY28fff08192
ACCf9929451dd,PAY487b012940
ACC8a79938497,PAYa3eed95ec4
ACCcd55ef38ac,PAYfcac27d2ae
ACCcd55ef38ac,PAYb0d211fcd4
ACCb07406be61,PAY170ea16ba
ACCb07406be61,PAY395e4689f5
ACC1683041563,PAYd40c5c18ee
ACCe9244bbebc,PA8Yee5ddf877
ACC09fc1faf51,AYc5e6460695
ACC09fc1faf51,P3AY329386d488
ACC7e34333fb1,PAY9f67290765
ACC7e34333fb1,PAY8A40c997ce
ACC5476e30afa,PAY36f2053fca
ACCefc2f3d782,PAYc610353917
ACCefc2f3d782,PAY12458784a8
ACC44d1e567ca,PAY89c375b03
ACC9a47400947,PAYaa2a849c41
ACC9a47400947,PAYadb87067f2
ACCab73f20666,PAYef151a2edd
ACC6fb9ca8a52,PAY7982170c02
ACC9ab422b740,PYAbd2a1bbc5f
ACC70d8f23cdc,PAY24dd01969c
ACC70d8f23cdc,PAY425445fb33
ACC0d210f44ce,PAy5756a21973
ACC0d210f44ce,PAYbc8052a9e8
ACCebd5ddab7e,PAY98b6b1b91b9
ACC5f73aa9acc,PAY53e37e71b5
ACCadc5da8df2,PAY953f8c703d
ACCd30a6087d8,PAYad30ff8f61
ACC5038d04b2c,PAY9097581436
ACC4cb15e5299,PAYed39d06bcb
ACC46229b0a1c,PAY217e65225d
ACC46229b0a1c,PAY7f36bd8920
ACC583ffe0df7,PAY4260cf63c
ACC583ffe0df7,PAY6da6951542
ACCd8bb617748,PAYb8c5627cf
ACCb0d83b0e57,PAYeab0ab322e
ACCc3f449f72e,PAY0fb45246f3
ACCa7ef7079ec,PAY5aEbc8edbf
ACC032bcf4033,PA2c7d51ce5f
ACC032bcf4033,PAY96b5186edc
ACCb7fa533d3a,PAY9018693ja11
ACCb7fa533d3a,PAY08685g0404b
ACC2acf49bb1a,PAYcede34fa2a
ACC010ab44a27,PAYfa4641fe80
ACCd6d4f865b3,PAY18ed3d78c3
ACCd6d4f865b3,PAY19b35b8e94
ACC6242282ce2,PAY2Dcd46886c
ACC6242282ce2,PAY140c65dC03
ACC7c6db68e9c,PAY6878016657
ACC7c6db68e9c,PAYc34fb925d53
ACC90abcb341c,PAY4d14d7a1e
ACC90abcb341c,PAYmdd85315892
ACCdd21bb7d64,PAYe295e9e36e
ACC126bc2389f,PAY77738e0f40
ACC9a515f62c5,PAY68aF5ff29d
ACC2c6800fde0,PAya5ccc48ffd
ACCa8f186ba8b,PAY3a8bb12969
ACC934a046e81,PAYb230072e63
ACC8efdc55383,PAY6b07b3073b
ACC8efdc55383,PAY148cbd370
ACCd0f295be91,PAYf70f8c2ad
ACCd0f295be91,PAY109242bd5f
ACC989ebca1a2,PAYab79dd4287
ACC989ebca1a2,PAvYda53147ca0
ACCb0973cd5b8,PAYde2b67e52a
ACCb0973cd5b8,PAY997f8c26bd
ACC60f35daa93,PAYe7ce40e00
ACC60f35daa93,PAYd780a18513
ACC719228a5cc,PAY8a6434074e
ACC719228a5cc,PaY46dadbd593
ACC14e265ef21,PAYcb7a170fd4
ACC14e265ef21,PAY75fedc70a1
ACC8b445d5d68,PAY4f099c2fe5
ACC9d24d67950,PAYeacc5626d7
ACC9d24d67950,PAY16bd428888
ACCef0e8cfdea,PAYd22a2a7df1
ACCef0e8cfdea,PAYb9023cdedb
ACCa1bda472d2,PAY660de1f307
ACCa1bda472d2,PAY36715734f0
ACC66210d350c,PAYp36eeca1600
ACC66210d350c,PAYcebc1a9416
ACCcfc6d40035,PAeYa5bb4146b
ACCcfc6d40035,PAY0c2535407a
ACC4ee4d68c25,PAY3f085cbef21
ACC4ee4d68c25,PAY29e5ce85b8e
ACCc665bae852,PAYx171cae2373
ACCc665bae852,PAY49523400a6
ACC956e5655e6,PAY1629857039
ACC956e5655e6,PAY6c810afc8e
ACC3ea54ad178,PAY56d89c38a3
ACC3ea54ad178,PAY6613a14a5
ACCb4282a9e00,PAYc036964ed5
ACCb4282a9e00,PAY710c0a346a
ACCb1aef99f61,PAY0ae185bbba
ACCb1aef99f61,PAYc78ed0fj0da
ACCa0fbd3b5f3,cPAY2ebe29c7de
ACCa0fbd3b5f3,PAY76148fca79
ACCe8fc87eb78,PAYa22e9eb0c8
ACC2fbc7443b0,PAY4200257d7
ACC2fbc7443b0,PAYab8a5dfc2d
ACC6abc09649a,PAY0f6f65755a
ACCb8f60a6976,PA8Ydec9918f4
ACCc6c6dbcf93,PAYc7fed44b60
ACCc6c6dbcf93,PAY67aca4a24f
ACC4d540e4047,PAY65ce45f7de
ACC4d540e4047,PAYd0e37026a5
ACCe08acf06a5,PAYa515d572a7
ACCe08acf06a5,PAY760d7b05d
ACCbd73f504de,PAY14918531fa
ACCe96e76035c,PAYf5b23500d
ACCe96e76035c,PAYe05acb0E7e
ACC502379af74,PAYc184f7d3fe
ACCf1ba0915d6,pAYece7df11ca
ACC3c2c7a5511,PAY5ed1ef73eb
ACC3c2c7a5511,PAY04f23c5721
ACCe341da00d9,PAYd39750ed8d
ACCd722d71790,PAYd728453bde
ACCf6dad076bb,PAY9030f44511
ACCf6dad076bb,PAYc44738b1aa
ACCdecb5e420c,PAYebc17e0b51
ACCdecb5e420c,PAYae7f7b3673
ACCce3fe57285,PAY5ba4fd7a0kd
ACCce3fe57285,AYa502e49945
ACC92a8c2857e,PAYc0e9040368
ACC1f09672754,PAYa0e0483689
ACC206c9b8b50,PAY49054ef657
ACC6cf117574c,PAY8ca27378dc
ACC6cf117574c,PAY7de5ca67c2
ACC54c5c1b485,PAY1ebd6b8926
ACC54c5c1b485,PAY22934234e0
ACC5bd47ae7f2,PAY2abdc48d8e
ACC5bd47ae7f2,PAYb7226bd8c3
ACCe1de70949c,PAYd40b769191
ACCe1de70949c,PAYcf6583ae86
ACC09ecf4b38b,PAYb7f8ea02cb
ACCe9ec29a881,P6AYec6531a383
ACC3264e63b03,AY2645093a3b
ACC3264e63b03,PAYe251a1b771
ACC81268a4469,APY27c304c413
ACCc7f8c5b0c4,PAYf1flc0a2884
ACCc7f8c5b0c4,PAYb0e6a2b007
ACC0c221b3811,PAYef336dcc0d
ACC0c221b3811,PAY9f939f973a
ACC34110a264f,PAY211bf97bc1
ACC8bfcbbb840,AY3d85b0b773
ACCff4bad1924,PAYd73d1a60c4
ACCff4bad1924,PAY809e3c01f7
ACCd7346d25ac,PAYa5a5855er6a
ACCd7346d25ac,PAy13cf8f92b6
ACC72828b4d2e,PAY9e4b5cd3c2
ACC2cf9d5bf16,PAYbdbd4198d7
ACC214c7384de,PAYcc23eedbbb
ACC214c7384de,PAY0275f0d2f0
ACCfe59fe724e,PAY835d5dfd52
ACCfe59fe724e,PAY6977a181c4
ACC4556880cb4,PAYb06953a74c
ACC44cbac3b83,pAYe178cde8ed
ACC645318e472,PAY4e3ac0cde9
ACC645318e472,PAY6397c66c5
ACCbd186124b4,AYba4778ef9b
ACCda6426103a,PAY3b2c61f04b
ACCda6426103a,PAYda803935b2
ACC646b0f2465,PAY0df3661738
ACC999b48ed33,PAY104a14f5c5
ACC233d5795fe,PAY39a0cc2f94
ACC233d5795fe,PAY9a276309e7
ACC66a25718d5,PAY3a499c9251
ACCefcfb6fc55,PAY5e707bc3d4
ACC47be1e2442,PAY7d0f72d4f6
ACCb97f4d6418,PAY414c6ecefb
ACCb97f4d6418,PAY2be717530a
ACCb6d5e5d3d2,PAY6a4df1fb0e
ACCb6d5e5d3d2,PAY82d71b86235
ACCd7d24ffda7,AY71f69734b6
ACCd7d24ffda7,PAY746Df57c3a
ACCadc23cd8a7,PAY4d8eb9a8a9
ACC836543e119,PAYfbe33bef1d
ACC836543e119,PAY4e360a7f2
ACC69918bb845,PAY6e96D72f0a
ACC69918bb845,PAYd19a2e84dc
ACCaf59ad3392,PAY53fbf87r6c8
ACCaf59ad3392,PAY49d166e7fd
ACCa43abfd0c1,PAY8e95395325
ACC9447181b3c,PAYc0bf2670ab
ACCa2c9c7c334,PAYf6c04924825
ACCfb47be8cc8,PAYec5c735077
ACCfb47be8cc8,PAY654a5fc8d9
ACC9108b0fd82,PAYbdff00d91c
ACC9108b0fd82,PAYb57159e227
ACCd440a2a53d,PAY3d053e9a4b
ACC9e8ceac6ef,PAY35fe3a613
ACC7922c914e1,PAYc6758060f8
ACC7922c914e1,PAYdd23ed16b6
ACCc4f34565cb,PAY9475db2d4b
ACCc4f34565cb,PAY238d1af3c
ACCa8e4f8e8e1,PAY20c06f5d781
ACC7df4c0690a,PAY370660eb65
ACC9212c4d7a9,PA55ca91e250
ACC9212c4d7a9,PAY211d95e048
ACCcd316eb58d,PAY27c98ea04b
ACCcd316eb58d,PAY905f06f939
ACC4b42432d74,PAYe085daf1eb7
ACCadf3d268f2,PAY5d5f16b2f5
ACCadf3d268f2,PAYffefd3fb0b
ACCad91bcf82f,PAY3d5bc42be7
ACCcfe837416e,PAY324d210a2a
ACCcfe837416e,PY8e77d5d3a9
ACC8f8c1fa48d,PAY70d34af161
ACC05d8ef373f,PAY9482799e79
ACC9d525b73ab,PAY46A796c10a
ACC9d525b73ab,PAqY9a68a473f8
ACCdafe2f57fe,PAYd9c169a15f
ACC78a58995c1,PAYae7145d648
ACCcb5d98c9b6,PAY5e764b12ca
ACCfe437026ba,PAYefc6f48b24e
ACCfe437026ba,APY4a5680ec2d
ACC8c542fc13a,PAYb9022744bb
ACC8c542fc13a,PAY0ddD1abba7
ACC8294f0e4cb,APY141d585176
ACC94aee6446d,PAY0793c41c7d
ACC94aee6446d,PAYd5ba75a999
ACC5c1f2e68a1,PAY3453fbce94
ACCd08fdfef93,PAY15c808d717
ACCd08fdfef93,PAY04535e9bf6
ACCc208c0d991,PAYe6750186a4
ACCc208c0d991,PAYbd8af03can6
ACC4c5074e749,PAY5b1891d2e3
ACC4c5074e749,PAY1b59c71f5a
ACC659b777b67,PAY113d9f937a
ACC659b777b67,PAYk59c949eb90
ACC7a7aeffb45,PAY9ffe9b8436
ACC0abb9fecd3,PAYe90b9fe118
ACC0abb9fecd3,PAY2bf49c1df9
ACC9da02feecf,PAY6942d2a76f
ACCeece657c29,PAY0a5014d25e
ACC25911e8ccb,PAYfc3aae0a8d
ACC6f3837a708,PAY65042a3cad
ACC450d8692f3,PAYfed7959c4b
ACCe5c3e2cded,PAY97ee4b963f
ACCe5c3e2cded,PAYj2026bb06fc
ACC3989b24462,PAY46b86bf472
ACC8af812f179,PAY315a609dd3
ACC8af812f179,PAY3i9673564c3
ACCd151e83a12,PAY8aced3686
ACCd151e83a12,PAY229894bab
ACCc3f0402dfb,PAY5bca87087bc
ACC09ca2062b1,PAY7af44e66166
ACC09ca2062b1,PAY5be332f48f
ACC7d547a6b19,PAYa9341d46ad
ACC76e49c77d9,PAYfd51f5982fd
ACC76e49c77d9,PYA05c31bdd7b
ACCe604f8c5aa,PAY6f1dn3a3003
ACCe604f8c5aa,PAYe1f01b2486
ACC84487b6895,PAY81214ab79f
ACC57cc9acbeb,PAYe9001ec308
ACC62e6a84b91,PAY00eb577a1c
ACCcf28406362,PAY2318f6678b
ACCcf28406362,PAYeb2146015f
ACC525c6bf5cb,PAYf960754a08
ACC525c6bf5cb,PAYa9E3084cce
ACC609763831e,PAY2338ca16a9
ACC45c8e56888,PAY850bde347f
ACCa867c0c013,PAY04720482a1
ACCa867c0c013,PAY513d84d3d2
ACC3beec15ef8,PAY6e77174a65
ACCa1c68685ed,PAY9d671f091c9
ACCa6d5aa62df,PAYb4e6b5c573
ACC05d1bd5bdd,PAYb90412261
ACC05d1bd5bdd,PAY5cc832fad4
ACCd6ee934cc4,PAY73811b53fa
ACCd6ee934cc4,PAY9cf3404791
ACC3abab2fb5e,PAY2fbd7f1e3c
ACC6af0cc5ecd,PAYa38f67b27c
ACC6f2bb9f235,PAYf7be48268b
ACC2067977a89,PAY8c875c36c4
ACC07ab2701b9,PAYcc2aAbf81a
ACC07ab2701b9,PAY8fcbc714ca
ACCdb7ea295d2,PAYb1231f2e9a
ACC151cc3aa0f,PAY3a379b758
ACCbd8b1a17c2,PAY3450f0f977
ACCbd8b1a17c2,PAYfmb85706295
ACC0d357bf590,PAYafa0224d62
ACC0d357bf590,PAY9071c79d6b
ACC5a861aeba6,PAYdd12af4f87
ACC5a861aeba6,PAY5d9f2af91a
ACC7f1e66a330,PAY6da7f6b5d
ACC7f1e66a330,PAYe783209e75
ACCc4a0ecae1d,PAY0645bc22d2
ACC24ce13dc29,PAY13dk1e7fdf5
ACC69bd04a641,PAYe73ac0bcba
ACCd79912680e,PAY1f4eafe42
ACCd79912680e,PAYda684df896
ACC39af3748e6,PAY0f16de923e
ACC39af3748e6,PAY1ef9c0dcdC
ACCba7c0dd0c5,PAY653e25e258
ACC43c37e0eec,PAY485015c196
ACC43c37e0eec,PY442ca7cd06
ACC234766576a,PAY503b478e2f
ACC234766576a,PAY2f4eee5186
ACC6b080d0885,PAY5feaf1e497
ACC915407b9eb,PAY548dz59e3fa
ACC915407b9eb,PAYf2941c3e28
ACC8c6aa8072d,PAYd7a482300
ACC27bafb3826,PAYfd9a9e7e6c
ACC27bafb3826,PAYe4205cc1bf
ACCda4954796b,PAYc0ebc8230c
ACC5c4d77a893,PAY760eepc9a34
ACC34c552b334,PAYbf0c0c6127
ACC60218b59e7,PAY4e37bba24f
ACCb86fb30e4b,PAY9779959c69
ACC51e704caaa,PAYc544b603c6
ACC9ebc820a42,PAYf3ed97c6d
ACC9ebc820a42,PAYc0966068fc
ACCa0ff4c11d8,PAY723792c8be
ACC1bd491317d,PAYc86e7d9h646
ACC039117c570,PAY2db6bd68f3
ACC039117c570,PAYf27c317dfb
ACC67100027c8,PAY25533bbb13
ACC67100027c8,PAYf40dfabbbc
ACCfa43e12c72,PAYfead960e92
ACCce96bea02b,APY75660f6ca3
ACCce96bea02b,PAYc77a74ff60
ACC495e9cdcee,PAY4a4cb19d9f
ACC20780bc091,PAY44613c4dd5
ACCdbc77cf98e,PAYe0f4efc9c2
ACCc955bf7617,ePAY1cd3029627
ACC0e5efeeb8f,PAY86392da460
ACCfc42dbb773,PAYc26c68b06b
ACCfc42dbb773,PAY94abe9b45
ACC4196762659,PAYe885565e69
ACC02190f8b9b,PAY95478eo5ea7
ACC3ba5c8350b,PAY1f1a3ead56
ACC9e5e58b199,PAY8908e8bc89
ACC9e5e58b199,PAY0a18923b75
ACC9592f2c083,PAY9e53323d53
ACC9592f2c083,PAYbf9a0e67f6
ACC81bfb0e676,PAY0c8f606ffae
ACC81bfb0e676,PAY358b7ee4ee
ACC337020a673,pAY7c61d6ca91
ACC337020a673,PAYf8301e94f8
ACC8f3f912afb,PAY88fa8d89e
ACC8f3f912afb,PAY84f233bed5
ACC1ae35ab0b4,PAY498ae075f2
ACCeaa87c0713,PAYc8f73326e4
ACC0ba4ea07e8,PAYf9f225b8cc
ACC0f7f0892e3,PAYac485a18e0
ACC0f7f0892e3,PAY312a438627
ACCbbd377ae05,PAYa931fe8b8f
ACCa1fd2225f6,PAY16d236c43e
ACC752137737d,PAY97c6d4acc3
ACC752137737d,PAY11135b6767
ACC8317fb6021,PAY3093f845df
ACC8317fb6021,PAYf2cu74589aa
ACCa9f980beb2,PAYe1d8630d32
ACCa9f980beb2,PAY60b66368bf
ACC764f4581b1,PAYc152e71085
ACC764f4581b1,PgAYeb44deafd3
ACC431be261bb,PYA14293f6fe4
ACC431be261bb,PAYa30b784414
ACC9a6a424b75,PAY037eeb5a80
ACC9a6a424b75,PAY2e48c62ba
ACC975700442b,PAY7f1Ca4146a
ACCa89c709751,PAY545de8c06f
ACC257bf40cb7,PAYf2af037112
ACC257bf40cb7,PAsY43f1009a41
ACC33a7d27f76,PAY3744f10b99
ACC33a7d27f76,PAYb05bc4b3b4
ACC428b34383f,pAY82a21ec6de
ACC428b34383f,PAYb620a357cd
ACC31e1e7f309,PAYe9d5112dc32
ACC934a9d56f5,PAYd80c91039e
ACC934a9d56f5,PAY6hd03338cb3
ACCbd27d437e9,PAYecd0ef892
ACCbd27d437e9,PAY618c738064
ACCbf4e2ea92e,PAYfe4a194480
ACCbf4e2ea92e,PAY3a43cbde37
ACC77e78f3d7c,PAYb25630aa62
ACC77e78f3d7c,PAY7fb8a1b2ab
ACC00f30f2a3e,PAY03862fb69d
ACC00f30f2a3e,PAYc9833c055d
ACCbf48f56a88,PAY009a214765
ACCbf48f56a88,PAY1dd1d6638
ACCea41b1206c,PAYda57c4211e
ACCb23564b401,PAY8ed1425760
ACCb23564b401,PAY15d5bF7d7d
ACC6a87fd7afb,PAY82ef2af547
ACCd35d3a40c1,pPAY12b77d8b1a
ACC8279ec766b,PAY55c62efd8d
ACC8279ec766b,APY0cc93b5586
ACCb0eb53df8d,PAYd6Ad7c08a4
ACC8df4af88fe,PAY5914ce8366
ACC8df4af88fe,PAYaab69dv512f
ACC9887ca270b,PAY890ba5a141
ACC529dbf7413,PAY7e50efa2e2
ACCa662764cd7,PAY0e2444dc57
ACCb9215953a1,PAY633d47a9c
ACCd6d4035d59,PAY5b0ed1b382
ACC933e013dc5,PAYf554f12e1c
ACC933e013dc5,PAYd0caaae82
ACC8db4824896,PAY64441cc429
ACC8db4824896,PAY8b48443461
ACCd2c9d590be,PA9Yd4a5b4a54
ACC1333eaeebe,PAY30b558d9e1
ACC1333eaeebe,PAYb119e8e801
ACC217e0a800d,PAY9a6ca8291bd
ACC217e0a800d,PAYaaa484e08e
ACC628f3d7414,PAY6947b12967
ACC628f3d7414,PAYf7c95c07a7
ACCbff4c01b94,PAYcf6e0058fb
ACCcdeaad08db,PAYc9c340d7c3
ACCaba4b81b40,PaYd3763967e6
ACCaba4b81b40,PAY6f05350288
ACCeaf2f6f4ca,PAYb4ea1a5e2f
ACCeaf2f6f4ca,PAY034Bf28f78
ACC6b10f8d5fb,PAY1b0d0612bf
ACC6e43c8a0e7,PY6af7b62225
ACC6e43c8a0e7,PAYbaca425219
ACC71940c915a,PAYcee0f15c20
ACC71940c915a,PAY1867302f66
ACC7180687e2d,PAY08c2bd04da
ACC7180687e2d,PAY185f7fc111
ACC10dd56d4e8,PAY96caf21093
ACC10dd56d4e8,PAYded92bbdc2
ACC32c2944dfd,PAYe4e03575dc
ACC32c2944dfd,PAYd707ef2859
ACC7c3ada87e9,PA62620173db
ACCec56d6c1ad,PAY5188bd4e0c
ACCd4311c6830,PAY7f72a3db10
ACCd4311c6830,PAY92c7c1565b
ACCb800bdf946,PAY73c5ed630c
ACCdd7f0d434a,PAY40f58e0642
ACCa97388ad3b,PAY339c3b7709
ACC12c5e174e4,PAYb44d70ba37
ACC12c5e174e4,PAY017697a365
ACC18c4e5e84d,PAY92bd051bdd
ACC18c4e5e84d,PAY78545c96a3
ACC5d9724d02c,PAY2945349e48
ACC39409c92c8,PAYd21c58dc79
ACC39409c92c8,PAY136b32157
ACCcfc36f45f7,PAYb03e355486
ACCcfc36f45f7,PAY0e968ab475
ACCc244316a21,PAY0e24af66e8
ACC1c635eb668,PAY9b4be1b66c
ACC1c635eb668,PAYf9e266d5cf
ACCa88319dacc,PAYf30453727b
ACCa88319dacc,AY577c5a0538
ACC1ee9e8601e,PAY203ddd2710
ACCe220f65276,PAY8e3349320d
ACCe220f65276,PAY67a1a28fef
ACCab3406d311,PAY781x501d61e
ACCae9015db70,PAYaa2dcb1437
ACCae9015db70,PAY2b859d1e93
ACC6303e049c9,PAY9e1b6b83e9
ACC7b434d7945,PAY039a94a4c9
ACC7b434d7945,PAY426385a13c
ACCef88648b0e,PAY678b88cedc5
ACC4db945bd0e,PAYc16279ef24
ACC27ce4c10c4,PYAf6b38a6b78
ACC1f06215feb,PAY568609ab83
ACC313e457972,PAy6a95bde071
ACC313e457972,PAY576e11er05f
ACC0b922b0027,PAY86607b2e63
ACC0b922b0027,APY92bd5b3e6d
ACCb5ccf934d8,PAY2c55eb16b1
ACC1c2d2f2c78,PAY8bab624504
ACC526960d731,PAYde9d7bec50
ACC526960d731,PAY9c332cff03
ACCf16505b247,PAYcc24a4a1a1
ACCf16505b247,PAY869da5bdf2d
ACCa4c4da9f1d,PAYcada24d629
ACCd7ba8174a8,PAYb0c6754ac
ACCa28d5fdb86,PAYa15a378931
ACCa28d5fdb86,PAYd1f5833d7e
ACCf15cbd6fd0,PAYe4bb927c81
ACCe2c984d226,PAY581ed0d831
ACC574d296efd,PAb52edabcd1
ACC574d296efd,PAYbcf2345401
ACCb67a1b43a5,PAY75de08277a
ACC11e043c9b9,PAY7fb2ab05bd
ACC11e043c9b9,PAY47f29fd340
ACC5807045e9f,PAY4cdb346874
ACC5807045e9f,PAY2549a1898
ACC754702b01c,PYbfeb097927
ACC754702b01c,PAYbbf745f97a
ACCa688c56af7,PAYc5tff903fa4
ACC0913140439,PAY100aed0975
ACC81a305f8c8,PAY43f3db1900
ACCf651fdbb96,PAYfd2410a27f
ACC86fd1b2ce7,PAY808c8db2b3
ACC6db416aced,PAY2d049b68915
ACC70ca2f82f8,PAY7bf30ff4a
ACCe89245aaef,PAY4df27a54d3
ACC1c8f6277dc,PAY861ce3a859
ACC1c8f6277dc,PAY4165bdb3c1
ACCf4d13ba2fa,PAY784bc66a5a
ACCd5c799c77d,PAYe8371e0455
ACC715a9d7645,PAY940ba43de6
ACCe9ebfe5865,PAYac5358c812
ACC077dde326b,PAY3acabf369f
ACC077dde326b,PAY65db5994f6
ACC1c76dee25b,PAY60792e92db
ACC7e49986e7e,PAYaaced807d
ACCe50a61807b,PAYDafd544cea
ACC3c6dcce574,PAYc9351189c6
ACC3c6dcce574,PAYda95567c97
ACC68dc24f390,PAYf6e1e72156
ACCe31cdf336e,PAY2637c5d6a9
ACCe31cdf336e,PAy232e08ac8c
ACC6029db94a3,PAY814b15e57f
ACC6029db94a3,PAYb7347adf24
ACC18b545f7e8,PAY1ea61fb2b1
ACCbe34d6b9d1,PAY9c5d087d04
ACC9777325b2c,PAYe37351D7ae
ACC9777325b2c,PAYee4fb1cb70
ACC45e6046618,PAY59e10d1o90b
ACC45e6046618,PuAY0d4954c1fe
ACC999918eeb7,PAY5688ded5fd
ACC59b1a709e5,APY9f9e0d0502
ACC027d1ac96d,PAYa451137b7d
ACC027d1ac96d,PAY970a5a7666
ACC8a45fd0101,PAY08fb883842
ACC8a45fd0101,PAY7664fba215
ACC549564207b,PAY4d9f88ba21
ACC549564207b,PAYacd5111088
ACC1f1292d3ad,PAY9f58feeef0
ACC1f1292d3ad,PAybc8f4c4733
ACCcdc983dcf2,PAdf68635846
ACCcdc983dcf2,PAY726126eeeb
ACCf811a2d309,PAY8c970ee9b
ACCb07b667fb0,PAYc19de2e11f2
ACCb07b667fb0,PAY797288d601
ACC35370f1e7b,PAY199c60bea9
ACC35370f1e7b,PAY1306fa9d0c
ACCcccb80b77d,PAY78562ba005
ACC8b59b6303f,PAY445d749d01
ACCae8217e0b2,PAYe967892889
ACCbf5ea7544c,PAY712361ee03
ACCbf5ea7544c,PAY216f6d96f5
ACC60f02b4c87,PAY5101568b64
ACC3d48814c2d,PAY4ee0957y1c7
ACC3d48814c2d,PAYb071fa4a42
ACCb735f8f9a1,PAY64505e10d1
ACCb735f8f9a1,PAY868b5ade04
ACCde06ba7750,PAY2f5a82b4144
ACC3e68880e39,PAY8ec698c634
ACC65eca2a868,PAY07baae42d0
ACCf3a4c0b603,PAY8c78ad8b17
ACCede1c219fb,PAYb9809b6310
ACCede1c219fb,PAY3c9e938af60
ACCb1501425af,PAY757dbfc488
ACCb1501425af,PAY79557a1ecc
ACC61b548fda9,PAY00c9623dd6
ACC61b548fda9,PAYab390d368
ACCf5f068a0a8,PAYc4eca02b6b
ACCf5f068a0a8,PiAYe1a801ee12
ACC86d423fd79,PAY3303eabfa
ACC8d4d159d59,PAY37efed1926
ACC6b232b9427,PAYa68c824791
ACCdd8555825b,PAYabc3c76824
ACCdd8555825b,PAY8a28d65e99
ACC405a478eab,PAY44f52f0cf
ACC823251d40d,PAY926cd342d3
ACC0d46916f87,PAYb2bc6520c8
ACC0d46916f87,PAY7ff13ec6ea
ACC2d22b44bb9,PAY2612ea653a
ACC56cc02be9e,PAY9d34e8c41e
ACC56cc02be9e,PAY422caa985a
ACC91f743370e,PAY3501f8ea31
ACC91f743370e,PAY9e5fe75aa9
ACCdfe5cee445,PAY8b2baa26ad
ACCd69c30e551,PAY41516aabdp0
ACC1b3c6bb505,PAY458266b1fee
ACC1b3c6bb505,PAY82ad3b85cf
ACCf10e9668f0,PAY8866022f3f
ACC43c9f654f1,PAY13c679e563
ACC43c9f654f1,PAYa3a57bdd8
ACC1d4ea0b180,PAY6b92b9efed
ACC1d4ea0b180,PAY14893eda88
ACC39dd176592,PAY0ba851c6c2
ACC31d84b6e3f,PAY7d2505a9c
ACCb81c69343d,PAY00d56faf86
ACCb81c69343d,PAY1edc831515
ACCc08d0d490e,PgAY80b9697e26
ACC74a23f0865,PAY0572a8ecde
ACC74a23f0865,PAY12c47e789
ACCd31c47fe5f,PAY32F5ddcace
ACC009381b4f2,PAY2c4849982c
ACC94ea75ca89,AYfaddb6e0d3
ACC94ea75ca89,PAYb62ef69bf7
ACC76ac162dc0,PAYacb0ad8e7d
ACC18ec02611c,PAY0f407ff82db
ACC18ec02611c,PAY0f61dc3fc6
ACC47dadf165a,PAY8fd931c78d
ACC397dbe4c7c,PAY473dd9f21a
ACC397dbe4c7c,PAY943a555ddb
ACCb6bf772fa7,PAY06b9ea8e02
ACCf31183d772,PAYad889f6055
ACCc99e2e9d05,P8AY8f63689337
ACCc99e2e9d05,PAY6c7a6c7a14
ACC1b9ee3b85c,PAY697cfad6f3
ACC1b9ee3b85c,PAYafac1e9379
ACC949cbd4cc9,PAY1df0ce5253
ACCe5487418ee,PAY0767bf8eea
ACC471d3f38c7,PAY940f8a45a5
ACC471d3f38c7,PAYcc3d14d2ca
ACC4dd86ff092,PAYebd9a5948e
ACCd937d0f4b4,PAY1d1eed604B
ACCd937d0f4b4,PAYy4bb767dc9f
ACC96b855b067,PAY8a18fe1faf
ACC8ba9ca34d6,PAY4893bc6a03
ACCbc52cca87b,PAYa99bee3ff5
ACCd6fd9a00a1,PAY433dbd3aba
ACCd6fd9a00a1,PAY101292042c
ACC802f593ae7,PAY8005af281a
ACC802f593ae7,PAY7c85ababbb
ACC8e7713151b,PAY0557454c04
ACCeba2e373bd,PAYe409c42dee
ACCbc84291bc7,PAY0b515f197b
ACCa8d24abca1,PAYd002b9519f
ACCa8d24abca1,PAYb8Bce7bc23
ACC22ffd7e6f8,PAY223106740e
ACC22ffd7e6f8,PAY31a7e032da
ACC1292e582dd,PAY7e0cacdaf5
ACC1292e582dd,PAY0f4dcc3f86
ACC1363d6d5bd,PAY221c7bbac
ACC299c458998,PAY5f720d878
ACC299c458998,PAY878200d934
ACC242b343a97,PAY0bc1c4e155
ACC242b343a97,PAy1810ca66ce
ACC164fc5ffa1,PAYb546525e1d
ACC164fc5ffa1,PAYb6d80104e3d
ACCea872bdf20,PAY121d9a3cd7
ACC707822e368,PAY9eacfaa2f
ACC2843a7c8f2,PAY50f4a497f2
ACC5d4ecf5882,PAY99dab83557
ACC5d4ecf5882,PAY63023af0c5
ACC7404dcf7f1,PAY6f23001139
ACC7404dcf7f1,PAY5cfac5124d
ACC8aad3a4754,PAY218977da16
ACCd00a54164d,PY207199e3d0
ACC6c3c530944,PAY1bf04ac425
ACC6c3c530944,PAY2d990d0c4d
ACC2c17f1cea3,PAY50e89804760
ACC49d85becf7,PaY2e5d6188ea
ACCfbc94d0798,PAY614e86a42c
ACCfbc94d0798,PAYedab73c3d
ACC573ca3d8dd,PAY1548271773
ACC4cb3de6469,PAYxadc19e7dbb
ACC9255e0e849,PAY0d391e8553
ACC9255e0e849,PAY2411bf8c96
ACC4ab6609dcf,PAYcf3942e6qae
ACCa5fb4023c7,PAY6a0f0818a09
ACCa5fb4023c7,PAYa211e9a606
ACCdba1a2241a,PAYcd636b03c
ACCdba1a2241a,PAY901b447e3a
ACC7598667d83,PAY73baf53ea
ACC7598667d83,PAY8a2c8a8c0f
ACC5624ed4dac,PAY5a0363b94a
ACC5624ed4dac,PAYc331b8012c
ACCfdc5a0c145,PAY368ecad6bf
ACCfdc5a0c145,PAYc3c2a8336c
ACC1fba6eeba3,PA5Y0a3b6b3f7
ACC20692275e4,PAYea987b0ade
ACC20692275e4,PAY654995cd18
ACC823269efd7,PAYb3080ccebe
ACC2130577168,PAY1b50703524
ACC2130577168,PAY099a737a4b
ACC705aa68867,PAYm12a2a08ca7
ACC705aa68867,PAYfa4e148c30
ACC9357d47bef,PAYf467df2aed
ACC17d230741e,PAYe04001f2f2
ACC17d230741e,PAY377820a320
ACCdc098eff91,PAY8b91c6694b
ACCdc098eff91,AYea93e99a71
ACCc25b85bddc,PAY69f631f0cf
ACCc25b85bddc,PAY34eea42a7a
ACCdb9e7ee8c9,PAY7f06a36956
ACCdb9e7ee8c9,PAYe4e8fba28f
ACC7e5439c1c0,PAYe8b7e8da39
ACC7e5439c1c0,PAY60ddb2c97f
ACC5d898e61b2,PAY725cf2e1fb
ACC5d898e61b2,PAYbaaa03da30
ACCf1840eabf0,PAY02d3b19fea
ACCa923349f19,PAY6252f3f9b3
ACCa923349f19,PAY1ec7ac8317
ACCbf71142fed,PAY3672e91753
ACC111dc4e871,PAYdc115a0666
ACC1ab040e3df,PAY29532687861
ACC1ab040e3df,PAYef18d1b8c5
ACC7fccf22672,PAY33bd06cae3
ACCb3514260ea,PYA758280c0f8
ACC17fe64f80b,PAY343bcb9f53
ACC06ff19d403,PAYd4f454e7dd
ACC033e212e8e,PAY5f2889025a
ACC033e212e8e,PAY78fa3ac97c
ACCf7eae7a95d,PAY4fdff00b29
ACC997c2828c3,PAY1e1c19db3a
ACC997c2828c3,PAY2f12afea32
ACC7093dbec4f,PAYad8eafd7ea
ACC5e59b224ba,PAY5b69b0d71a
ACC84aef3eac5,PoAY837af6a41c
ACC2071c3e940,PAY61a0d54386
ACC2071c3e940,PA3cc6a706d4
ACCba5abd22e0,PAY91de1ccfc1
ACCba5abd22e0,PAY8dbDfa99fb
ACC9e282df1cc,PAY5afe0cb751
ACC9e282df1cc,PAYgce4c1f8a5e
ACCb0e42773d7,PAY3b60252e38
ACC6d1c66bca6,PAY68d5fdc518
ACC6aa645b7c9,PAY5b413e26c
ACC6aa645b7c9,PAYaa54fcde58
ACCf5c5ff7433,PAYa1ecc18bef
ACCf5c5ff7433,PsAYecff400d88
ACCd109035d82,PAY4b0a4a3662
ACC0a7e4f5101,PAYc77c2e55e
ACC0a7e4f5101,PAYea73cc857b
ACC3784409159,PAY9c7e50b967
ACC0203aea39d,PAY354499a467
ACCd142fd0cff,PAY07e755712c
ACCd142fd0cff,PAYa51f1a8ee3
ACCe1795306d3,PAY7bb5Ab04a4
ACC6f39356750,PAY0566b5ea2c
ACC6f39356750,PAYce97837d7b
ACC1a28a9b494,PAYde5483900
ACC6bcf139a2b,PAab87e3ef1e
ACCaf518356c5,PAYcfD7415f37
ACCaf518356c5,PAY227fbfca56
ACC5ff42f01f2,PAY166d07f3cb
ACCb1dec7395a,PAYc0bd74e342
ACCb6f064c2de,PAY3520a546c
ACCb6f064c2de,PAY8931dCd56f
ACC0fe6212901,AYb0a53c659d
ACC0fe6212901,PAY9d87bd564b
ACC6be34a3e1c,PAYdu02b2f941d
ACC6be34a3e1c,PAYae972087E3
ACC6e6e57404d,PAY92ee781dfc
ACC7f7c6b4612,PAY0a305128c
ACC3f1ffdaeeb,PAY414Bc6ba26
ACC3f1ffdaeeb,PAY607bdb86ae
ACC12e1d1f24d,PkAY3a7d3628d7
ACC12e1d1f24d,PAYa0e92fafc
ACCba287caaf5,PAY0cb15cc876
ACCecf26fbd3f,PYA5badd55d42
ACC441956f347,PAY1e28035da
ACC1640d5f9f6,PAY5721bc06ef
ACC2da0ae71c0,PAYc753da2a0f
ACC2da0ae71c0,PAY5e9abd313e
ACCf4dd12d9f1,PAY927d3aee74
ACCf925e2701d,PAY3ebc0af9e2
ACCf925e2701d,PAY2eb95ec45f
ACC355b991d60,PAYcC780db422
ACC355b991d60,PAY7d6f90393b
ACC8c986e33f4,PAYbb8345c58e
ACC8c986e33f4,PAY2d1d89156c
ACCf122b6aa34,PAYd645fe0ed4
ACCf122b6aa34,pAY0f34ca17d0
ACCc8932ec71a,PAYad685ecc792
ACCc8932ec71a,PAYb125159608
ACC88527cc3bf,PAYaf326b432
ACC29d53ef9d6,PAY4e57817a94
ACC2b9ce7e9a2,PAY03fae7972b
ACC2b9ce7e9a2,PAYbf3fa7f0ad
ACC018b3f24f2,PAY11a59e9cf8
ACC9828b306d4,PAY3f2993488e
ACC9828b306d4,PAYa91uc940575
ACCad0f8ea30f,PAYb4b5bb70d8
ACCb0294547b5,PAY653b7e5271
ACCb0294547b5,PAY1895e75749
ACC4ffebd8f05,PAyfa83b1680f
ACC1e48349fba,PAY48d906f233
ACC1e48349fba,PA8Y77c0c9f8b
ACCedc878fc44,PAY34f34b80fd
ACCedc878fc44,PAY82aae0e5a0
ACC45e8cac1a4,yPAYf8ef1b9c0b
ACC45e8cac1a4,PAY25ebf20ch6e
ACC2258c00503,PAY76dc81cb9c
ACC2258c00503,PAY424c07f939
ACCa38f91be3f,PAYd9561361e6
ACCa38f91be3f,PAYbf34a11e65
ACC756d13704b,PAzY75917c1b41
ACCf2136e75dc,PAY1515825d52
ACC1f7abb7d06,PAYe5ce99c79
ACC1f7abb7d06,PY701c84d38d
ACCaf65b53521,PAYc1386fa06b
ACCaf65b53521,PAY763bfb13bf
ACC0d886c5723,PAYe4a0412b19
ACC0d886c5723,PAYfe1c229ee
ACC2a422f15e4,PAYe92580c347
ACCc2abf75255,PAY15d241ff09
ACCc2abf75255,PAYe24e3b3994
ACCc7cec4da11,PAY69e8f5bba5
ACCc7cec4da11,PAY007e138111
ACC71c505dccd,PA6Yded2d5a16
ACC71c505dccd,PY4891218785
ACCfab99d50b3,PAY91562767ce
ACCfab99d50b3,PAY727f8926ec
ACC611b37b675,PAb43e5f22bc
ACC611b37b675,PAY1b23a89f25
ACC9ce910c3ce,PAY3a5ba5c49b
ACC9ce910c3ce,PAYd3c7f733a6
ACC12e46714d0,PAY700df6f1d9
ACC12e46714d0,PAY880d036d7c
ACC06dbd2a0fe,PAYce0b271192
ACCff427875bb,PAYf246c772e1
ACC42cc4dffd6,PAY399d3f1220
ACC0bc3ed295a,PAY6126b815d2
ACCfc3d975f66,PAYbfbz91386f2
ACCfc3d975f66,PAY1e72262784
ACC045f360d6f,PAY186c8b2052
ACC045f360d6f,PAY96e1f543d6
ACC6377803642,PAY335951f8sbb
ACCca4b49a581,PAYf156feed63
ACCca4b49a581,PAY2b2209d026
ACCc67de75e6d,PAY2c584e99f2
ACCc67de75e6d,PAYdb44bf339b
ACCcdcb939fbf,PAY2561969d96
ACC760168a200,PAY49ed518f60
ACC0a2737d0cd,PAYc426cbe02c
ACCcb57ac8248,PAYa6527b1979
ACCcb57ac8248,PAY20120d662b
ACCd7f26d1383,PAYb0940f6c14
ACCf59c1398fc,PAY24dc3aa537
ACC84e1b0ce8f,PAY5763307613
ACCaf503681b9,PAY41b807e488
ACCaf503681b9,PAYa1bd726c2e
ACC9b367a5ba3,PAY95a8760046
ACC292cb47c3b,PAY33d80f58a9
ACC7285c30388,PAY4333b47ba
ACC7285c30388,PAY1f3b2b3469
ACC406e77670d,PAY1fa7fba86c
ACC406e77670d,PAY888b680578
ACC5e1bec8632,PAYe7d415d15
ACC5e1bec8632,PAYde44c20d24
ACC4c4813dbde,PAY3b20a2deb7
ACC4c4813dbde,PAYbcfe9b8a1c
ACC829b94bf71,PAYdcf371b1eb
ACC37dda227a7,PAYe9f63c43fb
ACCe2458640b7,PAY5c26fd0863
ACCe2458640b7,PAYe730bB25ec
ACC018a3fbfcc,PAya3e63ef0f8
ACC018a3fbfcc,PAYe9062b84e
ACC994fdabb63,PAY06b740c8e3
ACCf0cf5d4a12,PYA4f52397599
ACCedda16092a,PAYcc08090558
ACCb025fdf374,PAY69b74c937c
ACCb025fdf374,PAYeab11d8447
ACC23b60c7b3f,PAYc2ff15b272
ACC23b60c7b3f,PAYe2de8b0811
ACC868523ccda,PAY2ab5c9f2b
ACC868523ccda,PAYac1821za093
ACC4e094f8b2a,PAYaf6f126d98
ACC4e094f8b2a,PAYfd36eb5t7f7
ACC96cad1b10c,PAY03480b2dc9
ACCaaa8c8694d,PAY3f832679a2
ACC4677ce1c29,PAY814a6be31
ACC4677ce1c29,PAY7d04c2e31f
ACC02971be95e,PAYa78230v2f04
ACC02971be95e,PA6Y212503662
ACC93dbbf2234,PAYdb806544c4
ACCdb83b06de0,PAY1e83a4add
ACCdb83b06de0,PAY6c22914d53
ACCc9a68a7546,PYAd30ee816f4
ACCc9a68a7546,PAY62731886d
ACC6821f1ca98,PAY29bbd9b8c5
ACC6821f1ca98,PAYbc4A30c5c0
ACC0da63e01c2,P1AY0275f67caf
ACC0da63e01c2,PAY5884e75e11
ACC9ba13177a5,PAYf856cad0e8
ACC0a7c8647ce,PAY2386adeb46
ACC23dcf14e02,PY4336638037
ACC23dcf14e02,PAYbabc4d8a86
ACC360605061e,PAY6b5725d21e
ACCd8b12368b8,PAY79dfc22c3
ACC69ba1aeba0,PAY113bb64b73
ACC7c787b76bc,PAYb66d411cbf
ACCa16ca174c0,PAY262f55c309
ACCa16ca174c0,PAY92b60ce2d5
ACC97e7f53f96,PAd3b0525d90
ACC97e7f53f96,PAY7d87850625
ACCfce2481ff0,PAY542aef39c
ACC298c36d739,PAY7e4d83bc8b
ACCd9a1babc2c,PAYfb78a4833c
ACCb278e29ac8,PAY2077716816
ACC2907689d22,PAYc31bc946ee
ACCdd6b80fec0,PAYc424113e5a
ACC922243a345,PAYed6e5ea4ded
ACCc8c901331b,PAYfbb51f4977
ACCc8c901331b,PAY72a8d42d9d
ACCb0254c78b8,PAYe5fd8d82d3
ACCb0254c78b8,PAY34d880adac
ACC9ecbfbb14a,PAYae8c655aad
ACC7a0e65f9e7,PAY138eb7fd6b
ACCe1a39418d2,PAYcfaab7a83d4
ACCc97832df57,PAY3bcb8618c
ACCc97832df57,PAsYf796e42370
ACC6eb3e13c15,PAYbce59b03c7
ACC6eb3e13c15,PAY8bc416f1e1
ACC04a110216f,PAY913a6ebe53
ACC04a110216f,PAY8ebe80f777
ACC7b1666d8ca,PAYc266ac9990
ACC933a3ae393,PAY6470092d0e
ACC933a3ae393,PYAba255d3e99
ACCdaae88ddd3,PAYb117544051
ACC67e0ce68fe,PAYc07985106f
ACC4481c6c3d3,PAY2f4db2f65b
ACC4481c6c3d3,PAY81d7c8e2d2
ACC9f96987afc,PAY604f7ab5eba
ACC9f96987afc,PAYac8c2135a2
ACCb101209406,PAY3e480f5462
ACCb101209406,PAYaeb1b04a1b
ACC304aa859c5,PAY8fe3a46995
ACCde84651888,PAYe7f4e44347
ACCda8f51d7f6,PAYe40ebe1780
ACCda8f51d7f6,PAY3eaae7235c
ACC8470d280bd,PaY760c695eaa
ACC9b8c8a57e4,PAY2b1e78507b
ACC86d62af231,PAY38d2690e21
ACCe8ddbe9ab1,PAY343b5d7a95
ACCe601f5a443,PAYb115d12d0c
ACCb29c4f6e8f,PAY9dfc15c595
ACCb29c4f6e8f,PAY69a81a2ac6
ACC6d29730f67,PAYbedde735136
ACC0e97106a0d,PAYdf6f1602fa
ACC0e97106a0d,PAY062ea8cfff
ACC1d611f3ebe,PAY6759685a6f
ACC1d611f3ebe,PAYc28d9aeddc
ACC103154af08,PAY2880b3b210
ACC103154af08,PAYe1f7790e92d
ACCddebe03b10,PAY4e666f4f6
ACCd7f63fd01a,PAYcaf8cf36e13
ACCd7f63fd01a,PAYd649847c50
ACC80e17ec8f0,PAY57f68445b2
ACC80e17ec8f0,PAY466ae350d9
ACC05269054b3,PAY27a0312b15
ACC058e58775d,PAYd450bf8Fd0
ACC610b5c6dc2,PAYae7e11a73b
ACC8fe189eed4,PAY400c2aeefb
ACC37fd0610d4,PAY5176d80d1c
ACC37fd0610d4,PAY73edae8dfc
ACC35e5482ead,PAY3e2da1c7dc
ACCf18a2e01b2,PAYe132q816b3e
ACCa53a77afff,PAY63216cb8c4
ACCa53a77afff,PAY2eb6313c5
ACCc407eff363,PAY68a4ce522c
ACCc407eff363,PAYf840f4822a
ACC9ba9e00646,PAY2d820b20c6
ACC9ba9e00646,PAYd7092ca696
ACC2a2ce24e17,PAYacd1f215d3
ACC3136a878ed,PAYc3bc491f57
ACCfd8054ec05,PAY41f645d47b
ACC32ddae9c17,PAYda6fe4427
ACC32ddae9c17,PAY4c0b466f15
ACC4575f2069a,PAY5aa9a2d7dd
ACC970467b10c,PAY53658c5d8u0
ACC970467b10c,PAY5a3lefd737b
ACCa48d339efa,PAY2bbd5ebc97
ACC852efa6256,PAYccdbb0d13f
ACC945e8fa2fd,PAY4787b49ed0
ACC945e8fa2fd,PAY8c28c13bae
ACC21003ef519,PAY44c1c72ddfa
ACCd93d720ccf,PAY90d3e4e25F
ACCe2ac7ed206,PYA4a22fb10f1
ACCe2ac7ed206,PAY3887q44944a
ACC1c5d1668bb,PAYd95f86a500
ACC1c5d1668bb,PAYde89e18623
ACC9b12bffead,PAYf50b24a446
ACC9b12bffead,PAYfa8aa2f714
ACC6f80b97b2b,PAY27a850f947
ACC6f80b97b2b,PAYw3db7f32657
ACC49d0880ddb,PAY075831c53
ACC36369089d8,PaY87b65f2376
ACC72e1958ac4,PAYb2279f3497a
ACC73d3fd0e07,PAYc42eaaf996
ACCd47ec8c78f,PAY2879e028df
ACCd47ec8c78f,PAY38beb96384
ACC01394a929d,PAYca5e0809a1
ACC01394a929d,PY0f14a2e694
ACC0458234765,PAY13f57fc459
ACC0458234765,PAY3d913c8fe9
ACC3cbb0ea107,PAYc2e161bc22
ACC3cbb0ea107,PAY10e16332a5
ACCdb497435c7,PAY58566Fe63e
ACCdb497435c7,PAY0e0f889d4
ACC53fbeb50fe,PAYc348e88f94
ACC33484e1b1f,PAY0b78e4f2f0
ACC33484e1b1f,PA0Yc12ccd312
ACCd67f305170,PAYa70d83e377
ACCd67f305170,PAYa2d2561ee5
ACC046e1472ec,PAYe85c41b889
ACC1be9d6645a,PAY2b4e6d969
ACCdb02f9bb4f,PAYa5269d8e43
ACCc19c6acfa9,PAY2cf529dd2f
ACCc19c6acfa9,PAY87e0e276f5
ACCfa51ee4c1b,PAY28139ef97c
ACCfa51ee4c1b,PAY8266736124
ACC9271ef06b3,PAYfcfcace83d
ACCe34b65fca8,PAYreaf0ac6094
ACCd070a892a4,PAY3778973e70
ACCd070a892a4,PA7b160fae02
ACCd702dc5ea6,PAY69befa4b3d
ACCdcb8f9d553,PdAY7ff0191156
ACC9278d989c5,PAYd31el46ac16
ACC52490812ba,PAY1c43f5fc0a
ACC52490812ba,PAYba2f2cy4859
ACC66cc9d6a4e,PAY367345194
ACC66cc9d6a4e,PAY59216458e6
ACC0db867cc91,PAYb6f5f8e0c5
ACC9fb3b6ea5c,PAYce31dc3bb1
ACC9fb3b6ea5c,PAY1e75em39481
ACC7b0a4de3c2,PAYf632db200
ACCe798bcdf28,PAY14c6139417
ACCe798bcdf28,PAY67213b897
ACC9b0b937aee,PAY1b3b63e77f
ACCafb7082268,PAY2e8a235880
ACCafb7082268,PAY80ce0a7036
ACC198bf6a7c5,PAY0552e7a2b1
ACC198bf6a7c5,PAYf1a9003212
ACCdb38bf2dd7,PAYa04cfa55c8
ACCdb38bf2dd7,PAY6da175d1f6
ACCe401f687d3,PAY8364bbd3a9
ACC7fb3549e7a,PAYbd2e765ba
ACC7fb3549e7a,PAY6220c4c86d
ACC323972846d,PAY822b31b040
ACC921b4acdb0,PAY291c413c10
ACC737a26a0d2,PAYc7d14a8738
ACC737a26a0d2,PAY82a3a419f1
ACC74b40390a2,PAYa174f1ce63
ACC74b40390a2,PAYd528d2a521
ACCdab605e367,PAYfa9fea88c1
ACCdab605e367,PAy312a9f5782
ACCfc9b9e5707,PA2Y3e0a78c73c
ACCfc9b9e5707,PAYf6a96046d97
ACCb53fe8dc45,PAYw072a5da66e
ACC62a739a9e0,PAY15bb4bd4bd
ACC62a739a9e0,PAYe68e696d36
ACC318e69f95f,PAY154b10ad86
ACC94c09457fa,PAY6ef36621b2
ACC94c09457fa,PAYcfae501556
ACC2f51df1278,PAY9ad433714
ACC0285c8ab55,PAYaee5171124
ACC0285c8ab55,PAY9e28a3b17e
ACCe5db158a74,PAYd56815f2e9
ACCe5db158a74,PAYce6ba82027
ACCdd7365e279,PAYd7b15bc800
ACCdd7365e279,PAY3a7be4d7ad
ACC19a4c23195,PAY01acbbed96
ACC165d094c35,PAY3214076d72
ACCa3cc897325,PAY125f5eccad
ACC5e3887d754,PA3Y69cb10792
ACC0eeea96ca1,PAY720283d5cd
ACCcb88cb99c5,PAY51220e7fc
ACCcb88cb99c5,PAYc7524b42cc
ACC02c7a5ca68,PAY3279f945c7
ACCfe5142948f,PAY19103f8e7c
ACCfe5142948f,PAYa33f53297e
ACCba73448398,PAY62a454216e
ACC9fa0636382,PAY7148325e29
ACC9fa0636382,PAYf869c755d9
ACC998cec1775,PAYaf321be3c
ACC998cec1775,PAY75449d142d
ACCbf0644f4ca,PAYf594ea75b5
ACCa13d6ebec1,PAY961b7ad899
ACCa13d6ebec1,PAY27612415db
ACCbdcbb359db,PY2d9db4e080
ACC7e30b8d3b0,PAY6f75538Fd8
ACC74a9221de7,PAY0b1256816c8
ACC74a9221de7,PAY40242956e9
ACC55fa0fcc71,PYA7ffa8834d4
ACC55fa0fcc71,PAY78f04f5aab
ACC9982280eb2,PAY5b6048c159
ACC94b3ccfc5a,PAYc2e3c1d948
ACC94b3ccfc5a,PAYb2367d50a2
ACC466f04960c,PAYaec3580042
ACC37b10d8ce9,PAY5030ad51fa
ACCb0ed720a8f,PAY4485679e0
ACCff6ef71b2a,PAY293ac74ba0
ACC3291a07658,PAYe30cd29u17e
ACCa07264769b,PAYbf1d618336
ACCa07264769b,PAY2c98561fb6
ACCa9c2ca7c32,PAY1edf3879ad
ACC017e0124d2,PAYc5a2e49fa8
ACC017e0124d2,PAY7c93cd778
ACC050cd5aeae,PAYac26670cca
ACC050cd5aeae,PAYf2a7d1ee0a
ACCe4203b29f7,PAY7f71c5185f
ACCe4203b29f7,PAY14576dc250
ACC9c0eacf130,PAY66bb6b8f38
ACCe57b1beaaa,PAYfcm065cf03f
ACC102e63e3ba,PAkY51b2040eaf
ACC102e63e3ba,PAYfca86f7de3
ACC6bfd7cacc6,PA2Yfcf8ec900
ACC6bfd7cacc6,zPAYadec828433
ACCd7ebeda16b,PAY477ac3dad0
ACCd7ebeda16b,PAY34f5f59118
ACC8403e6f9bc,PAYc51c194484
ACC148e31f366,PAY2621935ba4
ACC148e31f366,PAY240ab29683
ACCed4cdc9033,PYaaf75b9fa2
ACCebefb5249c,PAY5b6de9a986
ACC3fb65f862c,PAY93455baf7
ACCa3be9b7c7a,PAY931bd9a018
ACCa3be9b7c7a,PAY35147cfa83
ACC13c152ed4b,PAY181fa060cf
ACCd2c8dd94a7,PAYa59b744980
ACC5c9ca5c015,PAY88646f689e
ACC8f3ab4f0dd,pAY5a48b499d1
ACC8f3ab4f0dd,PAY60390d02a8
ACC6b5d98be4b,PAY17fc1f250d
ACC6b5d98be4b,PAY66c96773f
ACC7ece5f4eff,pAYf7515abfb6
ACC7ece5f4eff,PAyc8a50d0605
ACC13479b240e,PAY55c39b1f30
ACC13479b240e,PAY3e63891df
ACCa59d4199c0,PAY1c97b7f0f3
ACCa59d4199c0,PAY6e7483b258
ACC9ef0b8cb52,PAY083f924549
ACC9ef0b8cb52,PAY562437f8d6
ACCb7be578794,PAYc4e163485f
ACC46d1417317,PAY14347d49da
ACC46d1417317,PAY784277e4ba
ACC653631e1c9,PAY5B8a747724
ACC653631e1c9,PAY56j593977e9
ACC239b6c6586,PAY58a516f45c
ACC239b6c6586,PAY363b1d825d
ACCe557359280,PAY0db4597718
ACCe557359280,PAYb39ac6069b
ACC2f63076e0c,PAY27f62f5fd3
ACC2f63076e0c,PAY680f4d96ce
ACC844003cf08,PAYd14b8a4fc5
ACC27b512e7e5,PAY85116dab83
ACC07b1ff2183,PAY3e7c5f4e60
ACC39c17a09e4,PAY18d929d414
ACC343ff65ae3,PAY5a5ae3c297
ACC343ff65ae3,PAY5689540696
ACC0ed364f9cc,PAYd93aa1a5d2
ACC445f776ef2,PAY43f40a23d
ACC68b9f276db,PAYdb0932b046e
ACC68b9f276db,PAY6d48e41a5c
ACC4db49d57c9,PAYb006de41ac
ACC4db49d57c9,PAYE56db081ca
ACCedd900147f,PAY29a841ec15
ACC510194b3c9,PAYd16d1586e6
ACCb511c5cc52,PAYa7d8cfac85
ACCb511c5cc52,PAYbd209509ea
ACC570866ef41,PaY47eec779b7
ACC97c96558f1,PAYde428e3f18
ACC97c96558f1,PAYac88a7230b
ACC734aae5726,PAY3ec69f20ae
ACCe4c6658055,PAY9f9b19a6a0
ACCe4c6658055,PAY414d8fa223
ACCd942689025,PAYfe01171ec45
ACCd942689025,PAY00a338926e
ACCa6091fe67f,PAYd1850c46fc
ACC4ed2737640,PAYe2aecd5b01
ACCebe4555e7d,PAYee3a09d15b
ACCebe4555e7d,PAYb25977b2c7
ACCa7d0990774,PAY5f5e49ef0f
ACC8c52570080,PAY61a5ee1ba
ACC5b5175fc31,PAYed23756053
ACC5b5175fc31,PAY1395e6c8b9
ACC06558d2293,PAY347bbd127f
ACC1eb86b409f,PAY85ec0e282a
ACC824c456651,PAYe6d8ff77f5
ACCf71415319a,PAY85068e50f9
ACC400d4b6c93,PAY9d80933548
ACC400d4b6c93,PAYde1c19f6d0
ACC4145120b2e,PY2e16209e10
ACC4145120b2e,PAY5e55b1bf64
ACC8cc6fd6349,PAY6b221763f6
ACC8cc6fd6349,PAYf58eb042dc
ACCb41ef0742e,PAYff7383e899
ACCb41ef0742e,PAY4136259195
ACC56471d536f,PAY719e90e976
ACC56471d536f,PAYd1211d7bb1
ACCfcec406315,PAYba8019ear70
ACC205e85a29a,PaYca92afacaf
ACC205e85a29a,PAY05e1d733a8
ACC833fedc15c,PAY206dd6aaa8
ACC833fedc15c,PAYd05702k56b6
ACC6d5b350f80,PAY4126b4ccd4
ACC6d5b350f80,PAYb0fefa6e71
ACC1d41b86959,PAY59070e5ee5
ACC442a136bbb,PAY52c12b608
ACC7869b8f6de,PAYeaa3446416
ACC7869b8f6de,PAY0d87c63844
ACC105fb02f9b,PAY393e888666
ACC0090b1ee13,PAYb598f3fa5
ACCf91ceef04e,PAYa02e5a6e12
ACC258f001817,PAYd31a44e2c4
ACC258f001817,PAc4d04844aa
ACCbadd76d124,PAY9b105742cd
ACCbadd76d124,PAY349381469c
ACC53b8c61a31,PAY455f39728
ACC2409078bb6,PAYdrc43050927
ACC2409078bb6,PAY5cf4be6a16
ACC03f42375b1,PY39d7c70485
ACC737508ead3,PAY61d1e60445
ACC472382ba24,PAY9d0a9ebb04
ACC2da9b6fd43,PY679e819dd6
ACC2da9b6fd43,PAY45025281d0
ACC5d81b6d6b0,PAYc586e6a218
ACC667f35bff2,PAYu1fb1126b1d
ACCdd2887ae25,PAY8683f9d1ca
ACCdd2887ae25,PAYDf4c651c7c
ACC0f2b292b5f,PAY6c9219445e
ACCe2e7b272d1,PAYgd37706dc41
ACC4bfb132b4a,PAYf2f68bb25d
ACCa6492a0ef9,PAY23e96f624f
ACCa6492a0ef9,PYa12fa74eaa
ACCc8b7e8bcc1,PAY70b85e2ee3
ACCe5db6b7bcf,PAY51c4f76594
ACCe5db6b7bcf,PAYa0f10c1f81
ACC4fdbba83b5,PYAca50a1beaa
ACC0a5e0ea0d7,PAY5d84966689
ACCd819651b48,PAY72784c4ed1
ACC2fced3e80d,PAYa5f9e95158
ACC46d91c199c,PAY919534598
ACC46d91c199c,PAY947112f995
ACC2046475f99,PAYfa97450f32
ACC2046475f99,PAY0bca6c5796
ACC79f5d8d04c,PAY347661dd47
ACC3dd0ef6ff6,PAY9f8341ff83
ACC3dd0ef6ff6,PAY63a58b791
ACCa1a117c2ea,PAY0e4e5caabc
ACC7d9fbd6d86,PAY8caba4cf04
ACCe2a83b047b,PAY2970032ed1
ACCe2a83b047b,PAYd6B44ebbb4
ACC9c20b267be,PAY4f5414698b
ACC29e46e85b2,PAY29be14479f
ACC29e46e85b2,PA8Y1ce147086
ACC879c1d240f,PAY525ccf36cd
ACC879c1d240f,PAY92089160fe
ACC05f6c81c8b,PAYa71e1d8f5b
ACC4ec4a401f2,PY6a3fbd28e2
ACC14e3be5027,PAYc2Ce53bb56
ACC653aa0b4bf,PAY94b6175b3f
ACC653aa0b4bf,PAY9501b59a95
ACC8a836087d4,PAY1a27c043f6
ACCdc9adf7353,PAYff00161Fb0
ACCb498759a24,PAY2bfc7608e
ACC6c9f63c985,PAY388357c931
ACC6c9f63c985,PAY6a51a3f4e0
ACC4b786d68c2,PAYabe0925bf9
ACC4021413778,PAYbb43e4a743
ACC4021413778,PAYa487b8c9b
ACC8f081c8938,AY84fcb811a7
ACC8f081c8938,PAY96497ada4f
ACC348e428dd7,PAY400933b45d
ACC0be093e631,PAY884b342209
ACC8703b29030,PAYb9915c0037
ACCfc0b20454a,AY33c0e89851
ACCfc0b20454a,PAYa0e4f818d9
ACC8743d61666,PAY26c6bcdf49
ACC8743d61666,PAY6b2153c162
ACC24242a0ab6,PAY7b48892e08
ACCf2e11b57a7,PAY44e1c1309A
ACCbb43dddb27,PaY706ccf750f
ACC2841bca8eb,PAY13158f217
ACC2841bca8eb,PAYf829d02eeb
ACCef82f4805f,PAY48ab83976f
ACC677bee1b60,PAYbfa237266a
ACC677bee1b60,PAYcb4a008143
ACCd8ffa6604b,PAY89404e8413
ACCcf0ff66b5f,PAYfcb8fb3d72
ACCcf0ff66b5f,PAY5557742e22
ACC0bb28a9081,PAY4131b28c7d
ACCf6619e7a9c,PAY061565b473
ACCf6619e7a9c,PAYd25d367785
ACCf0eb36b467,PAY172d58eed40
ACCf41dacb155,PAY074312594e
ACCf41dacb155,PAYdba4603fd1
ACC471a7f328a,PAYa1487cdd078
ACC471a7f328a,PAY295bb4f004
ACC0bc3c2b98b,PAY8d2ede0f53
ACCa3a54415f5,PAY8ea210b893
ACCa3a54415f5,PAYff5b9dfcd4
ACC2c013d112d,PA4Ya2124a352
ACCc5613dbf2b,PAY8bb96b1dda
ACCc840097475,PAY811201a7d2
ACCee43632986,pAYb25139b5d4
ACCee43632986,PAYd6c830d4b9
ACCb982481356,PAY25781e4513
ACCb982481356,PAYeef4897bd
ACCf48590b7db,PAYe349b9bd94
ACCf48590b7db,PAY5869fc710
ACC8fbf0c658f,PAYe63c8f8dff
ACC2ed1ae807e,PAY5bff745be7
ACC2ed1ae807e,PAY0d65c1e14b
ACC09b8e47881,PAYc276e98f7e
ACC09b8e47881,PAY72e9e849e0
ACCb6113740e7,PAY23eec95db8
ACCb6113740e7,PAYa8ba75b54b
ACCcb621548f3,PAY23c55e53d7
ACCcb621548f3,PuAYd2daea4f37
ACC3bf4c496c3,PAY66bb0c71ab
ACC48f5e05f04,PAY73f08838af
ACCd380212a32,PAYca1764eedd
ACCd380212a32,PAY87d07ba372
ACCdfe220487a,PAY4db37196d7
ACC5a5648819f,PAYbd7d3c9d8d
ACCc05b50a33b,PAY08ec94ee3f
ACC924e4aab1d,PAY558d646a5e
ACCb7531a2b25,PAY6634549469
ACCb7531a2b25,4PAYbdb5ac9dc1
ACCa54e23c2fe,PAYc7e20d0aa8
ACC0102d812f7,PAYd3a05a7550
ACC0102d812f7,PAYc05c370051
ACCaef2063bba,PAY7dc302d9ed
ACC451aa04430,PAYd61c73780c
ACCf3b2f61f3b,PAvY94df59e432
ACCf3b2f61f3b,PAY7a495e9a2c
ACCf4c73e0068,PAY4c6992cf54
ACCc4239a7906,PaYff19db2684
ACC9c25b9a6da,PAY8ac2e35adf
ACC4734d5da3a,PAYb3753dc288
ACC4734d5da3a,PAY0f3a7bcba8
ACC6b3815ead6,PAY86t2c4a91ac
ACCf1ab0d078a,AYd80ca33194
ACC9aeb59526d,PAY6b602ae6ae
ACC9aeb59526d,PAY3a6f2dc122
ACC12c25fa097,PAY2edd2ff89b
ACCbb2577186e,PAY573527fb00
ACCbb2577186e,PAY8c0df0250e
ACCf74af79d9a,PAYc40f8983dd
ACCa62323eb7b,PAY8feed83bed
ACCb3b2fa4760,PAYde0e62c50e
ACC2310f7c55f,PAY7a54e8a5be
ACC2310f7c55f,PAYef85ef9d61
ACC9bed6a7dde,PAY45742fc074
ACC9bed6a7dde,PAY0db0492632
ACC9c5d699f81,PAYb693fc3d4c
ACC9c5d699f81,PAYad01a2476a
ACCabd668f4fa,PAY4228e70313
ACC75d1d5d52c,PAY26ac1fa05de
ACC71b37bcf89,PAY1e4c153184
ACC154e794354,PAY44a880de0
ACC980042b51f,PAY9b10e03dbf
ACC980042b51f,PAY6e8865208
ACCc8f87b4361,PAY386a7b91a3
ACCc8f87b4361,AY34b8416fa6
ACC2d5b55e432,PAY4cbd9037ce
ACC7b59370dcb,PAY6967660568
ACC7b59370dcb,PAYc6de2b3702
ACC13655333e4,PAY8e1a1f112a
ACC0586496781,PAY42f538872b
ACC0e454aecbe,PAY456dd6dd4c
ACC0e454aecbe,zPAYf7951896e0
ACC0befb2b6dd,PAYc6e0ec0134
ACC0befb2b6dd,PAYab3836eccb
ACC755107def3,PAY1eb1a42105
ACC088e9c15f3,PAY67cb9cc9ef
ACC088e9c15f3,PAYe7578c3234
ACCf7f8f63312,PAY7bcdc1f279
ACCf7f8f63312,PAY251fc63c98
ACCbe15a29030,PAYe4d70745546
ACCbe15a29030,PAYec73df321
ACCa9ffe5a221,PAY0b5556aa1e
ACC121276bf04,PAY607a8a5c3a
ACCb195cdd28b,PAY004f2a5d08
ACC48ab16f07e,PAYc7f177c233
ACC0e76d6a950,PAY9f6962bc49
ACCb043f30bae,PAYebd12348c4
ACC59e017933a,PAYb7522b1dd9
ACC2f9b03f084,PAYad2d517d55
ACC2f9b03f084,PAYc7252d4dxc2
ACC60dfd55828,PAa1cf38fd8c
ACC60dfd55828,PAY4808540331
ACC888f056296,PAYfe346ff9fa
ACC888f056296,PAYaa5acfb916
ACC46e38933a9,PAY8cd1e3c1c0
ACC41c032e210,PAY6a0920ad72
ACC41c032e210,PAYdb98e9de58
ACC3c3adf4003,PAYa6af31e5ae
ACCc36dadd716,PYA19cd8efc7b
ACCc36dadd716,PAY9c45c004e7
ACC3fb48f47da,PAY7c68589f5a
ACCb35167268f,PAYcccc1542bc
ACCb35167268f,PYde46f14e58
ACCde00751c19,PAY5124c5c446
ACCde00751c19,PAY5395a28015
ACCaf131f1aeb,PAYf3410755e03
ACCd103aa33d4,PAYf2c730b4a6
ACCce318b67c1,PAYa8db83552
ACCce318b67c1,PAY1354c049f1
ACC172857eed1,PAY85a5d51a9f
ACC172857eed1,PAY28707dba45
ACC1971149667,P9AY6cd11fbafb
ACC353b473ded,PAYb8694229ec
ACC0d03ac8e8d,PAY4a58557f31
ACC53735c1b6f,PAY55ec48b78a
ACC53735c1b6f,PAY594156cb5
ACC05a6b4df35,PAYfa6dc370d6
ACC05a6b4df35,PAYdd9eb453dd
ACC989cf8678f,PAYa02123e4f1
ACCc36e374f1c,PAY4cf3dfee42
ACCa9bff06518,PAY358a1dafc5
ACCa9bff06518,PAY89ac9bd47
ACC9078b75f60,PAYb7a7ef2dcb
ACC9078b75f60,PAY92c084a99f
ACCbe43c2fe3a,PAYb1c79b08ce
ACCfc1c73c77e,PAY689a98bebb
ACCbd3bb92da3,PAYcd20825629
ACCb608910836,PAY98b0f0aede
ACC84ca08baa8,PAYbfda4297d
ACC84ca08baa8,PAY1aeaa94db
ACC2db1604c7d,PAY0fd2be8b90
ACCe22d3b7c92,PAY66b89cee90
ACC0fdedc4998,PAYabd9deaa74
ACC0fdedc4998,PAY48b1ac1cf5
ACC4475874691,PAYaf103d5f89
ACC10b9ab0a60,PAY4865a5f646
ACCdc0e68b2ac,PAYb5a1f6f49c
ACC64ea4427bc,PAY63a723a18e
ACC739ed79113,PAY34fb6655c9
ACC739ed79113,PAY33861a4fb0
ACC4d1a582690,AY0fb3158894
ACCc3d9e48871,PAYf827122871
ACC1f22693172,PAYfffbb9256
ACC6b18ab791e,AYe9050e2541
ACC6b18ab791e,PAYdcbf7eb0ef
ACCae930434ce,PAY2cb5c57bb6
ACC1d9d8dd26a,vPAYdd0ce68181
ACC1d9d8dd26a,PAY0abe91b1e4
ACCf396ba7ac2,kPAYb575a634c2
ACCf396ba7ac2,PAY16f349a58f
ACCba2860bd29,APYd9772ae85a
ACC69776a8d28,PAY83c711l98c8
ACC69776a8d28,PAY7afec31a45a
ACC4e6e07df3b,PAye7729ca7be
ACC4e6e07df3b,pAY17679492a1
ACC46d2d8718b,PAYb37d9b0f42
ACC46d2d8718b,PAYfdc3b4fd32
ACCca36f5d887,PAYcc83df47a
ACC4e190591a3,PAY8e3b996e73
ACC4e4f2aec97,PAYde9ee7e9e4
ACC4e4f2aec97,PAY64dd01ce87
ACCfb502e3742,PAYa4a3f09c97
ACC0768848227,PAY3ec5b41b3f
ACC0768848227,PAY68d77eac83
ACCf48ed4340d,PAY16b31c72830
ACCf48ed4340d,PAY04b64d407f
ACC7c7ba05bbf,PAY80eerc4c615
ACC7c7ba05bbf,PAYb8698b0f78
ACC93d76f39af,PAY0d7e577e41
ACC93d76f39af,PAYe70b3695ea
ACC19f7efaa35,PAYd6c3e65p69e
ACC19f7efaa35,PAYc3f61214e7
ACCe49c6ad496,PAY5c1dfc9d0e
ACC51b6461426,pAYbe3aa3ca5c
ACC8f29677e98,PAY6fA15c7566
ACC661ef2bb83,PAY7128ffc9d2
ACC016145562e,PAY392dc0e2d34
ACC4445922ca8,PAY0de1e347cb
ACCd514872eb0,PAYF2246c762f
ACCd514872eb0,PAYe299b7ea86b
ACCdb762a8cde,PAYd60d73e6c9
ACCdb762a8cde,PAY6b4b45866e
ACCcbe751cbca,PAy6ce3d780ca
ACC47ce7186f2,PAYd8d9bc6ecc
ACC1f77181f75,PAY0e3591fee43
ACC1f77181f75,PAY139f60bdaa
ACCc26c05dce3,PAY4811c5c88f
ACC0f31eb6144,PA42cccc5a67
ACC231afecee4,PAY05a776e5ca
ACC231afecee4,PAYa65c891745
ACC801ee57d50,PAY63245a3678
ACC801ee57d50,PAY9c684f388c
ACC72388ae399,PAYaf2e3b5b84
ACC28398403f9,PAY8bc9a35688
ACCfb8b9c42c2,PAY23237df0b2
ACCe8d127d9e8,PAY0e0b0ad6d4
ACC40c5e17362,PAY2e99827b16
ACC40c5e17362,PAY50e21d8820
ACCff068696b2,PAY6e36ec645f
ACCff068696b2,PAY25230a6e73
ACC1160ad5ba6,PAY894bd9ad6a
ACC6f967563bb,PAYeb6442681
ACC81d8eaf534,PAYe3578deea9
ACC81d8eaf534,PAYe8a26b5468
ACC73659c214d,PAY4186fe47e2
ACC6e6ebb79a8,PAYd0f491593f
ACC80897adeeb,PAY53bcbe0e9f
ACC80897adeeb,PAY98be0f25c1
ACC3ece4751c6,PAYffc3f007dd3
ACC3ece4751c6,PAY8306631f1b
ACC8ab8115d4e,PAY29d333eb14
ACCa30d9dfa19,PAY21491bedd9
ACCa30d9dfa19,PAYf536943169
ACCb0d144309e,PAY530b03e453
ACC01faf09543,PAY05668d811b
ACC01faf09543,PAYe6944a8d4
ACC0878837c96,PAYbb75e6dade
ACC0878837c96,PAY8a7674160d
ACCd20aa48280,PAYd4a438d6a3
ACC2d3250217f,PAY1fb62d5dd6
ACC2d3250217f,PAY79a2eb56c6
ACC1db88cbb3f,PAY06989c589
ACC0600340edc,PAYde7aaa1c9d
ACC726430666f,PAY27e396ae09
ACC726430666f,PAY30c5874967
ACCeca7509fc0,PAY91b81d9eaa
ACC8fbb8dfd7b,PAYb2e43830f
ACC8fbb8dfd7b,PAY76aad31b16
ACCf53c2df6d2,PAY8c1b07d91f
ACCf53c2df6d2,PAY9eda5d7b04
ACC1a34405474,PAYb4425ffa18
ACC1a34405474,PAYa1d4ef5825
ACC5ca6fd6f36,PAYd157272383
ACCc41f2822fe,PAY7792aa658c
ACCc41f2822fe,PAY5bd5a52472
ACC1fc4c1742b,PAYf1261b8d90
ACC1fc4c1742b,PAY58ea18e450
ACC1db2daf0cf,PAYdbf6d92e46
ACC1db2daf0cf,PAY795d16e963
ACCaa44b37c41,PAY1bc3d8ecfa
ACCfccb739bbb,PkAY40eba524db
ACC394458bcfb,PAYbc1fb4e8by5
ACC88e235903a,PAY619ae0f5f9
ACC98b10b08e5,PAY9e43a144591
ACC98b10b08e5,PAYa7ee37bd94
ACCb5aecc3a41,PAY866078903f
ACC8121c9549c,PAYd2b828caaja
ACC4c331f7137,PAY218dcc94c
ACCa59641c440,PAY7ce9cEffe9
ACCa59641c440,PAY988ece447e
ACC9e5ab71a97,PAYce265d1e0e1
ACC9e5ab71a97,PAYc2fcb869fb
ACC62dcdc1012,PY6e2b086216
ACC9c4214a9d8,PAYbf37b33ae4
ACC9c4214a9d8,PAY25ee30ed042
ACCcf00c3ef92,PAY8062feeb8d
ACC8b39cf337a,PAY9fcd18ecbf
ACC8b39cf337a,PAY639b497b14
ACC687f56d1d7,PAYf244869782
ACC5ab5b6e427,PAY67113a430e
ACC5ab5b6e427,PAYf5c3b03340
ACCbeb21e4427,PAYe101f78394
ACC9a2eb8bb6b,PAYfEaaf6a7ac
ACCa3a0eb6efc,PAY5f82b609aa
ACCa3a0eb6efc,PAY51b05d497
ACC4a86a02a49,PAY74943ee297
ACC876fc4100d,PAY31580c42c8
ACC085a2a3644,PAYee8b0260d2
ACCc4f94e3944,PAY2595d9ca01
ACC854bd224e2,PAY234560e382
ACCe3bb48d9a1,PAY5c8601515
ACCe3bb48d9a1,PAY203820f92b
ACC40a840bea5,PAY5712fb2f3d2
ACC40a840bea5,PAYfab2859dae
ACC9a6193d37e,PAYa0f57c4375
ACC41ad513b7e,PAY6dbad4300
ACC41ad513b7e,PA2Y328dab13e1
ACC053ae033d0,PAY4f3642fb2e
ACC053ae033d0,PAY0cd66f98cf
ACCe923611a63,PAY68db8021b4
ACCe923611a63,PAYc4ad4c55a5
ACC00e6f779a4,PAY2d1818397
ACC00e6f779a4,PAY6e651c9340
ACC94843936a1,PAYd79d2d6150
ACC94843936a1,PAYc81a6eb50c
ACC2b6cbcecc8,PAYab7d71e3e5
ACC2b6cbcecc8,PAYc5df8f432
ACC5e9cf08f9f,PaY74410293a5
ACC5e9cf08f9f,yPAYdcd77965c1
ACC4de56518b4,PAY2b2e401c48
ACCae043d6b68,PAYfa3f4fc10f
ACC3c8b6ce8b1,PAY5c05585f2a
ACCa59b984baa,PAY71d65829d4
ACCa59b984baa,PAY7b7d41e557d
ACCf98af0da74,PAY4d01abf837
ACCf98af0da74,PAY859c483499
ACC78d6d9a420,PAYf38ea42f81
ACC3c6f20a615,PAYbe01fc24cd
ACC3c6f20a615,PAY22da5326c
ACC7b19b59a20,PAY1e25b55d51
ACCe7a3fbc322,PAY7d71374e51
ACCe7a3fbc322,PAYdbf799f5c4
ACCca6c77c9d7,PAYe9caddc9ac
ACCe18ab6654c,PAY9he684cc4b6
ACC19ca67fe57,PAYb9c44e78a
ACC19ca67fe57,PAY25ead79322b
ACC81157b1c94,PAY1c49437fce
ACCcd78a7a707,PAY2b45e4f8a0
ACC86f965d975,PAYaa7361be5f
ACCd98558a84d,PAYdae0e3ea06
ACCd98558a84d,PAYdaec131a55
ACC72f7da6be0,PAY1f196b50cc
ACC72f7da6be0,PaYc28ac11e70
ACC29f5e5502f,PAY0ed800b3ec
ACC2379a017e9,PAYed07646C34
ACC2379a017e9,PAYef46cb3219
ACC6bb427fe9a,PAY928b83d63e
ACC6bb427fe9a,PA2Y80c00f741
ACCd6ce3bb44a,PAYe5bb75a52b
ACC3fd6101ea5,PAYdf0270915
ACC3ca4efbd14,PAYp7ff6cc1afc
ACC3ca4efbd14,PAYea47bc905c
ACCba51dee539,PAYb889efd9b3
ACC39e5530685,PAY03cc332ea4
ACC6c760524df,PAYb5eb8ad81d
ACCa69c70fd4b,PAY725756753
ACC9916f7f9f3,PAY3df5b9ffcf
ACC9916f7f9f3,PAY4c34193218
ACC9d68eb9a30,PAYd95b0cb4b8
ACC9d68eb9a30,PAYb8d3ab870e
ACC2fee91fa17,PAY77c6039679
ACC2fee91fa17,PAYdf8550309a
ACC3cabd97367,PAY75da69c544
ACC353c9f8622,PAY560dedb275
ACC353c9f8622,PAYb8fa076349
ACCe282006a16,PAY5d3be13b35
ACCe282006a16,PAYbcv49e7e50e
ACC765c6e88f0,PAYa10939a8b
ACC765c6e88f0,PAY73d05c06e8
ACC4fb964d59c,PAYf766972d80
ACCb1a04c2535,PAY52a01684p9e
ACCb1a04c2535,PAY1c4aceb37b
ACC9b212976b7,AY58af5d18e8
ACCa1f5e6cd62,PAY91a19f477b
ACCd5e62ff700,PAYcb1a456eeb
ACCd5e62ff700,PAYad43f69aad
ACC9011ca7442,PAY5c7d511c6
ACC9011ca7442,PAYd8fccda0c4
ACC707b760a16,PAY927303a093
ACCf61afd6477,PAYtac485184a9
ACCf5c5daf540,PAY5b888b0da6
ACCf5c5daf540,PAYca2daae9d6
ACCf3ce5ccfc5,PAYeae557eb7fa
ACCa010cf9480,PAY4f3d1084a6
ACCa010cf9480,PAYafc69a6e13
ACC7a95f37c24,pAY9d4df8c5d6
ACC7a95f37c24,PAYdaf619ea72
ACCa66fad4c7b,PAY707ea31778
ACCd826ea0fb2,PAY22abf818b4
ACCd47fc4d5a7,PAYoe43e223d30
ACC6ce1ed6f22,PAY1e94846337
ACC6ce1ed6f22,PAYcde9db0282
ACC1b23afb38e,PAYbe8fb4ae7a3
ACC8ee05997c0,PAYc1c4e4e7d9
ACC8ee05997c0,PAY5bf12c0fb9
ACC4abab84a18,PAY2ac7a0b78a
ACC4abab84a18,PAy0690416c4e
ACCd37d053e9f,PAY5866e48242
ACC51e5705ab3,PAY873c8b958b
ACC7327ca8623,PAY5f8d09da6e
ACC7327ca8623,PAY13e5972e85
ACC3c2ee10001,PAYf14bd766d9
ACCe732483cf0,PAY546fa71005
ACCba1b23c2f1,PcAYac3dd8aa79
ACCba1b23c2f1,PAY9c37d9f4d3
ACC7afdcc3259,pAY82903cfc9e
ACC7afdcc3259,PAY25fa3acf96
ACC9679968436,PAY5bea58b7ec
ACCf4155096a2,PA3cc945b5e5
ACC99fab6e2f5,PAY617ea9f7e1
ACC5d98d85f7c,PAY6ebef2b8i12
ACC5d98d85f7c,PAY80596cf315
ACC332d6c41d9,PAY5aafdc15d8
ACC97fedf2209,PAY25ce672da
ACC0fa174a0f7,PAY81fc62d17c
ACC0fa174a0f7,PAY60ab749baa
ACC3b2b492586,PAYa65ea4ua02f
ACC3b2b492586,PAY482ae3153
ACC9126f1aa39,PAY0de6849436
ACC9126f1aa39,PAYd12a67651a
ACC80a1640f76,PAYa7c882b1a0
ACCb04de5d562,PAY38458f6ab
ACCff01712938,PAY7d9951d921
ACCff01712938,PAY3eb19a68d8
ACC12fc29b3a8,PAY0851c80c25
ACC12fc29b3a8,PAY0d8c355865
ACCee1754c763,PA0Y3ba1c1499
ACCf3e8fe59cc,PAY6303ca8839
ACCf3e8fe59cc,PAYd25872d1ef
ACC55bb550c68,PAY9774cea84d
ACC2c58b16dc6,PAYb9a8d0e9ca
ACC2c58b16dc6,PAY133fe1a9dd
ACC85b78b2c08,PAYdd600d8606
ACC85b78b2c08,APY92f1cf4d89
ACC3174196591,PAY46648ce3ac9
ACC986131c028,PAY31d9fd1592
ACCd9a26504f8,PAY01e2119cfd
ACCd9a26504f8,PAY7b83ebc139
ACC5544b8093a,PAY12e0bc3667
ACC5544b8093a,PAY53c208ae5f
ACCa97974dabc,PAY9f71d9a23f
ACCa97974dabc,PAY4acfc48d0e
ACC9f4a0e8465,PAYba55d532b7
ACC9f4a0e8465,PAYca451f3133
ACCcc0a320c6e,PAY1f4311d070
ACC2a0acb9090,PAYb7f31e57b9
ACC2a0acb9090,PAY02da519bq4d
ACC6dfc61d843,PAY3b4394c492
ACC704dfb142c,PAYb36971ue52f
ACC86d832a114,qPAYadadd8e52e
ACC2682316a56,PAYe3a50f8f5e
ACC2682316a56,PAYf212e5a7d3
ACCe75d0730f0,PAY1a18743ce9
ACC79f4279318,PAYce72b8f10b2
ACC79f4279318,PAY7f6c235ac8
ACCd4509a1595,PAY74b887628d2
ACC599c62f9dc,PAY78au2e61498
ACC337882d407,PAYd1c5a888d
ACC2e3b3b2fd6,PAy25ccaccdce
ACC9f7fb62a27,PAYfdd746b2c5
ACC9f7fb62a27,PAdY8a8e37727a
ACC0731ae221d,PAY1c77b17a23
ACC0731ae221d,PAYa8fd9f428b
ACC6831a2561b,PAYf54a7bqa734
ACC64b32ad922,PAYa678135fd1
ACC64b32ad922,PAYa48baf7d9b
ACC30c50d05d4,PAY4e668c9bf0
ACC30c50d05d4,PAY05f0x25146d
ACC4565945c62,PAYc8521f75be
ACC4565945c62,PAY4cd4bf2505
ACC9545969180,PAY316af3470e
ACC7ecef8fabf,PAYdbade83507
ACC6ab2a5af04,PAY5099f11a5
ACC6ab2a5af04,PAY14d897675c
ACCa1fa375187,PAY5075896991c
ACCa1fa375187,PAY762c85d414
ACCdb3609ed18,PYA0cce986d5b
ACCd6cca8de2b,PAYa29a3e46e0
ACCd6cca8de2b,PAYe930d2394e
ACCf6505491b2,PAY8007205070
ACCbeed0fcce5,PAY853bcd61b6
ACC252726fd7b,PAYf4bcce1d51
ACC252726fd7b,PAY77f1976828
ACC67c0198d8a,PAY2f01601db64
ACC28000fa810,PAY85263f4e6a
ACC263aa367d6,PA09da50e183
ACC263aa367d6,PAY8e587dd57a
ACC405a764777,PAY9affcca468
ACCd8a1369881,PAY6f4b6c5948
ACC07f270c6a5,PAYaa314c879b
ACC07f270c6a5,PAY689bfd4e26
ACC06d3dbaddd,PAYc8314e8fe8
ACC06d3dbaddd,PAYf0710d5657
ACC5b5064db29,PAYcefb431d80
ACC134f8f7bb2,PAY022e1d9c28
ACC134f8f7bb2,PAY099760dee7
ACC528f95df5c,PAYdcc04e9757
ACC528f95df5c,PAY2acbc12d86
ACCbb56289f3d,PAYacf5814a8b
ACC26c3797d20,PAYd985b8d76e
ACC26c3797d20,PAYf88f29fa72
ACCf8335c1f06,PAYd3f7382067
ACC9dc40413cf,PAYd728af3441
ACC9dc40413cf,PAY50f762c88f
ACC696485d8ef,PAY4cb356758f
ACC696485d8ef,PAY7876771dd
ACC6b4d22ef1c,PAYcca17822e5
ACC39ef51849f,PAYb271144245
ACC39ef51849f,PAYbff220a98d
ACCb4aa3497ff,PAY80fc401a45
ACC057d6a94c3,PAY5ca0768157
ACC057d6a94c3,PAY5915165b79
ACC2599acb0c6,PAY61cccc28d
ACC1d7d498598,PAY604c82eb4e
ACC6815562c61,PAY3c16b05808
ACCe4d7a283e2,PAYc8972709da
ACCe4d7a283e2,PAY62y663feab3
ACC331be911be,PAY9a5b15010
ACC331be911be,PAY22601950ea
ACCbbddde5a7a,PAY6e33855424
ACCbbddde5a7a,PAY9ed82a5f6d
ACCe5c096ad3b,PAY83daed9ae2
ACCe5c096ad3b,PAYe5c9a77327
ACC5bf58d5d65,PAY75445595b5
ACC5bf58d5d65,PAY4425d71839
ACC20e0e5514f,pAY93ad154dbd
ACC20e0e5514f,PAY5da5424947
ACC2dbefc7984,PAY2720affcc8
ACC2dbefc7984,PAYa9ccaddf2
ACCacf8787a2f,PAY47533f4c2
ACCacf8787a2f,PaY0989f9f142
ACCf043e85d56,PAY9de9e794b8
ACCf043e85d56,PAYbabff250ec
ACCda6a039fb1,PAYef77e366c9
ACCdd7cea5a86,PAY762e2a18f3
ACC92dd49b172,PAY21427501b
ACC92dd49b172,PAY2ab5bfcdf8
ACCc2dc95eb21,PAYa14a1479fc
ACCc2dc95eb21,PAY727c40d822
ACC8af0169d69,PAY671377469f
ACC8af0169d69,AYbaf9c3f1c0
ACC126dfbfcb2,PAY054c4e4b95
ACC0235605285,PAY595c998f3d
ACC0235605285,PAYfbd055945e
ACCa4ecd84b0c,PAY41c0f09931
ACC1a2b8970a3,pAYf1d295af1f
ACC310cc8d902,PAY07d5f499c1
ACC56813baa62,PAY3ea7d1eb4
ACC56813baa62,PAYc28770ff0d
ACC1ad8349c33,PAYb91f0c90ac
ACC1ad8349c33,PAY477899ci30c
ACC0daa250bb3,PAYe327f10ddc
ACC0cff1e5be2,AYf3bf317a89
ACC0cff1e5be2,PAYe3a1dddcbf
ACC40c1aab898,PAYba90b6ab34
ACC40c1aab898,PAYa52aee70e
ACC5013f67177,PAYf5d9fd30b
ACC5013f67177,PAY4440568305
ACC681e1a4ecc,PAYbe6dfb4486
ACC1365d50c66,PAY03fa947f12
ACC1365d50c66,PAYbb0fba1ee1
ACC500b8b2df9,PAYe1bdb7e4ec
ACC500b8b2df9,APYbf2587ba44
ACCb7461af5c5,PAY70cea76ec1
ACCe1499fae96,PAY4f6ce8d51
ACC8f44bf828b,PAY2e3a048b0e
ACC8f44bf828b,PAY395c132fec
ACCf065ccd124,PAY18cdc5442a
ACC33f3f6b8d9,PAY8d164130d3
ACC33f3f6b8d9,PAY2415156836
ACC8ba2a1d361,PAY14830c71ba
ACC8ba2a1d361,PAY3cf538d044
ACCa639b0413f,PAYf002413ddf
ACCa639b0413f,PAYafbfe1d530
ACC519849e141,PAY2cf72edb05
ACCb3b32a5ac0,PAY32ba30f3df
ACCe73b4e4128,PAY1afb77l6877
ACC984f1a7fe0,PAY21a4a1cd59
ACCd0880fa115,PAYeb8efbd9e5a
ACCb2cf497892,PAY9aef6cb228
ACCb2cf497892,PAY76bffb7b33
ACCa0cb0a0bc8,PAY4412a0255
ACC6af562a66d,PAYf030537f79
ACC6af562a66d,PAYbba57r4f64d
ACC3dca1d91fe,PAY61e36853f
ACC9374563c33,PAY1571e50d7f
ACC6e07e6b7f1,PAY628c404591
ACC6cb329f1f8,PAYaea5ba825c
ACCd2f25a2690,PAYa950e8a3bc
ACCd2f25a2690,PAY928989222d
ACC3e2d24c6c5,PAYe7136f4c7a
ACCd0d2e0323b,PAY76bcba773a9
ACCd0d2e0323b,PAY6aff8853ec
ACCc6d700acbd,PAY7c26f61540
ACCc6d700acbd,AY48df756d9c
ACC61d3fab92c,PAYd00370be17
ACC61d3fab92c,PAY1a2c9cc5ff
ACC97af174f8b,PAYce3acb6f55
ACCae99dc2787,PAYf6c8d9534c
ACCae99dc2787,PAY5317456121
ACCe22d01c11f,PAY049716f799
ACCca2cb4c019,PAY16696775Bc
ACC6156f07d61,PAYc69676dd5e
ACC6156f07d61,PAYd0b7a6b11
ACCcb3ba5a0bb,PAY711fcaef18
ACCcb3ba5a0bb,PAYf63e9de94f
ACCde886c84af,PAY9caa600d15
ACC7e6c06c82a,PAYe2da5f748c
ACCc799d0f6e9,PAYe72e02fe85
ACCf3b2f60d0e,PAYc221a25239c
ACC4465241066,PAYbe3bd1e286
ACC4465241066,PAyfd62a84f03
ACC374b457879,PAY2c4f17a330
ACCe52af91c43,PAYe77c9596c3
ACCe52af91c43,PAYb792b43622
ACC0c7061fc92,PAY0f29f2a2fd
ACC4439accf86,PAY5b675ee6f0
ACC75e8915533,PAYbe680ce81f
ACC75e8915533,PAYd31236bd1c
ACC6b431f7702,PAY08bfefbc7f
ACC0e6d195b2b,PAY03c072f16c
ACCdeb6093b4b,PAY6874506ff1b
ACCdeb6093b4b,PAY43f0d363e6
ACCe391d3167c,PAYdddfe6fcc5
ACCe391d3167c,PAYb9bfaad895
ACCf5726f362a,PAY22c9aefc63
ACCf5726f362a,PAy839142d409
ACC8a80c84d24,PAYj5a2ac75ff9
ACCf79a85c404,PAYe4350d92a9
ACCe2bd3ecf97,PAY9aaba86df
ACCcc08f6cafd,PaY3b62233e18
ACCcc08f6cafd,PAYf324839874
ACCa1da816dad,PAY6cc88969d6
ACCae8a631fb6,PAY18748a35c6
ACCae8a631fb6,PAY4faf1d0ffe
ACCe874897ca4,PAY85a5d7412b
ACC6309bc4d26,PAY320f23485
ACCf03ff71aa8,PAY935087e6f7
ACC27d35fc397,AYe14e5e366c
ACC5463b9fcf4,PAY13a9bf5c58
ACC5463b9fcf4,PAY220b35b58b
ACC0093f9b402,PAY37155966e8
ACCeabd2c3f20,PAY5da013847
ACC47cb44feb3,PAYd7993fd91g5
ACC47cb44feb3,PAY1fae649709
ACC173dea870e,PAYadaa06d77
ACC173dea870e,PAY00c7143d25
ACC3b07f316a9,PAY5d4d5d16lef
ACC412a49fcd6,PAY4if733f8e27
ACC412a49fcd6,PAY399ef05c1d
ACCd0edc9afa7,PAY19dca421c4
ACCd0edc9afa7,PAY6a559eac0
ACC103c44227a,PAY6e520faf36
ACC103c44227a,PAY93f0aad478
ACC6178889f9a,PY28e0d43a46
ACC9576c4fe13,PAYe223f9b86e
ACC148cf13129,PAY40d820fd49
ACC148cf13129,PAY3738ef82db
ACC9f953f8f9e,PAY0a3ab4e92
ACC9f953f8f9e,PAY81a7b8f074
ACCcd0d0a1b05,PAYe08a246d4f
ACC7c675d3ba8,PAY3d69df03ea
ACC9d3f48a0a9,PaY14d84cbf2d
ACC9d3f48a0a9,PAY16fd4b7350
ACC9bde9db70a,PAY2e9e6e09af
ACC9bde9db70a,PAYfdc6cb6648
ACC745cd4a8ce,PAY312bbjed23e
ACC745cd4a8ce,PYA2de15e8a4b
ACC3455efbc26,PAY1ef062cec7
ACCfeca90093e,PAY1230c7821b
ACCfeca90093e,PAY3c45306dbe
ACC4f3cd88a33,PAYb3f20ee460
ACC6e36832374,PAY6eb7acacbb
ACCed59ef13a4,PAY242db1d80c
ACCed59ef13a4,PAYd4f71f93b1
ACC9e2c6a02c2,PAYc34ce2a491
ACC39b6598fe4,PAYd5e671a172
ACC39b6598fe4,PAYf0af7e57b6
ACC65db9dd1be,PAYb63f25abfd
ACCed1360e673,PAY387c5a266f
ACCed1360e673,PAY41fe9da44d
ACCcdce507f8e,PAY94b6c79bfd
ACCb3f738b3b9,PAYb3718beaf4
ACCb42f7fcf7c,PAY0c53aba5e6
ACC78b239fa08,PAY0d23afc308
ACC78b239fa08,PAYac3455cead
ACCbcec451db6,PAY93c8c56838
ACCbb17c2b70f,PAY8605d22aa4
ACCf21d2def91,PAY830aa38b93
ACCf2d21f6080,PAY390cb422f3
ACC2c171710e5,PAYc80ebdd32d
ACCd04383fd6e,PAY453d2c4df7
ACCd04383fd6e,PAYaf32b628ff
ACC8f5d0fb5f8,PAdYcffa9c732
ACCaed6bfc728,PAY504a93992d
ACCaef79f9838,PAYbaa9fa81ce
ACCaef79f9838,PAY4cc380631c
ACC9e57e293f8,PAYff60841004
ACC2e40633e3a,PA63cee795a9
ACCe6b2a691b0,PAYacfe79fc31
ACC2b2b75a328,PAYb33e46d006
ACC2b2b75a328,PAY8b8e95x5e81
ACCb21fefc439,PAYea90e82df2
ACCea1d23800e,PAY46bffad92a
ACCea1d23800e,PAY94f3de6ac1
ACCcee7e83896,PAY6602bf091b
ACCa121239dec,PAY63663e5c1d
ACCa121239dec,PAY2736d71f17
ACC422ec677b3,PAYAc4c8a3df8
ACCb6dbc6ebaf,PAY2b17a8f7cd
ACCe7927691cc,PAY0b16f1d52c
ACCe7927691cc,PAY25fd0006785
ACC9239912fed,PAYca2a674db8
ACC4fb980cc21,PAY2df18eb91fd
ACC4fb980cc21,PAYf8aecd08a
ACC3e466ce228,PAY2636c9ab26
ACC3e466ce228,PAY762561aa28
ACC928eee4d84,PAY0aa968cc05
ACC928eee4d84,PAY315de4f03e5
ACC94fd9eef49,PAY684D1a8749
ACC5f13b15eeb,PAY27b153ae4e
ACC5f13b15eeb,PAY5c37406ec3
ACC86d271d6a0,PAY8dfe962248
ACC86d271d6a0,PAYad0a120275
ACCd18f6edd72,PAYf1882e78c
ACCd18f6edd72,APY75ee89f20e
ACC625e5e217e,PAY922641b72
ACCf85ef40acf,PAY9374a17f1
ACCf85ef40acf,PAYc12006e3f1
ACC146d7fd9d0,PAYe2bde90fbc
ACC31b60d4867,PAY76fa48408c
ACC468aafaa66,PAYc8317881bf
ACC468aafaa66,PAYd87d0b0352
ACC2299e81189,PAYedcf73cc9c
ACC2299e81189,PAYd8604c57f
ACC4eddd009ae,PAY80d41ef4b3f
ACC4eddd009ae,AY8803f8652e
ACC5449a92299,PAY4201f0ae45
ACCa2fd241a35,PAY97fc7788e9
ACCa2fd241a35,PAY8e9566d277
ACC83e95ce3f7,PAYaa9b65ea2e
ACC83e95ce3f7,PAYf1129be84e
ACCccabb6a258,PaYa6728e4050
ACC2b64da3eda,PAYc657057cce
ACCab945b1ad7,PAYfbD8b98d5c
ACCd1ff42c473,PAYfe35e04343
ACC6fa54ff626,PAY31310999d6
ACC611978419d,PAY424d1ob071e
ACC611978419d,PAY98cdb392f0
ACC984cb37aec,PAYa70e2a1b4f
ACC6ba784c00c,PAYda6b26e521
ACCf8a1599bb5,PAY9bf24158e5
ACCf8a1599bb5,PAY113e07f5bc
ACCb19657c9b2,PAYdd12550616
ACCb19657c9b2,PAY1494813ef7
ACC3caaea36e3,PAY712a688028
ACC3caaea36e3,PAY2579c8887b
ACCb7c947759e,PAY8d9e272cac
ACCb7c947759e,PAYa060bbc5t5d
ACC75a7e49765,PAY763ea050ab
ACC95189961c9,PAYb5039ac518
ACC4d08739731,PAY5b4a39e273
ACCbfae996b82,PAY0621956b85
ACC3139ee789d,APY96c26172fa
ACC3139ee789d,PAYff8b6be597
ACCf90fbfd1a0,PAYf945dfa7d4
ACCf90fbfd1a0,PAYa43133cad41
ACC607bdc2c56,PAYfe972a46b
ACCbaa3da627d,PAYd0e79e2bff
ACC9c56d3f039,PAYa0f21444e1
ACC9c56d3f039,PAY6103b90b73d
ACCd86cb9468a,PAYc4661af2d0
ACCd86cb9468a,PAY7109f2a57d
ACC2326ddfaa7,PAY17f29c39e1
ACC2326ddfaa7,PAYb4b13e2d46
ACCaf3d2e5ebc,PAY2b6c2a1f57
ACCb2aec07676,PAY152d2c0f74
ACC142a7ae290,PAY3dc0ceeeb7
ACC142a7ae290,PAY1d325ba403
ACCf9e30aeba3,PAYc0a498q3986
ACCf9e30aeba3,PYAa3d12be496
ACCaecd2d38ad,PAY229b46e501
ACCd7df6136e5,PAY83746691bb
ACCd7df6136e5,PAY724d00cae1
ACC31159db2b8,PAY4c9d7cc4d
ACC31159db2b8,PAY6e385b2e3f
ACC461121c067,PA2Y100ea8772e
ACC385c4c92e9,PAY74b37f6549
ACCe1fe33c866,PAY7c2bbce10f
ACC75dbf88069,PAY87973e8f5a
ACCfa75ef8c75,PAY1dfddd7c00
ACCfa75ef8c75,PAY9fd856a893
ACC64924435ca,PAY1de7d646fd
ACC64924435ca,PAY007289b248
ACC53243bc08e,PAYdf0df0d01
ACC189b766e9c,PAY5cb39d3733
ACC189b766e9c,PAy5f2769e18a
ACC86ba9442a0,PAYd8dcde5d7d
ACC2502194192,PAY3666b2ab70
ACCb0b15c3dc4,PAYfb50d4d771
ACCa7e91426a0,PAYe86223ec13
ACCa7e91426a0,PAYed2a6c8497
ACCbd439450da,PAY76k77230da9
ACCbd439450da,PAY4cb7e11d7c
ACCdf54ebe570,PAY9b4b63fac3
ACCbe3a65b538,PAY4839eC40e0
ACC063feedc18,PAY6978921005
ACC063feedc18,PAY2553e5b838
ACC705a8d4acf,PAYfd30c75f69
ACC705a8d4acf,PAY721Eb9839e
ACC76650b5911,PAYea3851038d
ACC947d89b877,PAY2522eedc6d
ACC947d89b877,PAY176cc37xd47
ACC53fe8eb3b6,PAy232be23981
ACC53fe8eb3b6,PAY36fe0901537
ACCb039276cd0,PAY2388885ea9
ACCd39b9a815e,PA677516f927
ACC4b38e1260e,PAY1b879fda1c
ACC4b38e1260e,PAyf1a63b8558
ACC58ef25a98e,PAY467633bf6e
ACCa9b62283b9,PAY41b02c93a
ACCa9b62283b9,PAY6f12b386f2
ACCbb1a56cf46,PAY76b7bpadefb
ACCbb1a56cf46,PAY6e9590f6f7
ACC99648e327b,PAYd9e0cfa8284
ACC99648e327b,AYfcd2203335
ACC847c7ffba5,PaY8bcddd6d93
ACC847c7ffba5,PAY4f9f0da548
ACCa94cb675ce,PAY41bb7635e3
ACCa94cb675ce,PAY4c386b3cf1
ACCd47fd505c4,PAYf92faeb21
ACCd47fd505c4,PAY18102d5bb8
ACC1c92b1ff94,PAY43ff1a9bt82
ACC1c92b1ff94,PAYb1376f30eb
ACCd04e75a1e5,PAYe71166ee2f
ACCed8e2f2a27,PA4Y4e40e9ea35
ACCed8e2f2a27,PAY51bb3dc35f8
ACCce304732cc,PAY33f9dd8a8b
ACCce304732cc,PAYccbb11dfb7
ACC8ce1fb6c4b,PAYa2085102ac
ACCca82fe05e5,PAY9d0374e709
ACCca82fe05e5,PAYc379ae374
ACCaebb7e7893,PAY1d20ef35ec
ACCfae51fd6fd,PAYc2fd9d348b
ACCa8c23e1bc7,PAYbcdd8b27d5
ACCa8c23e1bc7,PAY04c558a771
ACC2cd02336aa,PAY4841ceb382
ACC2cd02336aa,PAY950fe68026
ACC00f542f650,PAYf3c93311b5
ACC00f542f650,PAY7be66011d6
ACCdb7489932a,PAY1a8f61ad82
ACC14b5a55281,PAY4ea5440258
ACCada1752f43,PAY7f3d43731
ACC5983c8cfb2,wPAY0e5e097101
ACC5983c8cfb2,PAYda5281c37c
ACC1c1cbf12ba,PAY314b0047fd
ACC1c1cbf12ba,PYA31dfbf53cd
ACCe9ef9a1c9e,PAY59531c906c
ACCe9ef9a1c9e,PAY24d36311c1
ACC92a284d1a3,PAYf4c14a1a36
ACCb532e88b62,PAya91f48025d
ACCcfdc11a37f,PAY660a580611
ACC664bc0a6b8,PAY954f097f29
ACC664bc0a6b8,PAYcfe1a6b51e
ACCc1b74be988,PAY91901b1108
ACCc1b74be988,PAYe157fbe127
ACCd65d6dd65a,PAYaa5b245319f
ACCd65d6dd65a,PAYb05c703d4
ACC4065bdad7b,PYA5c1e546820
ACC4065bdad7b,PAYa948b3dcf7
ACC2ee8557228,PAY5da7caaf63
ACC2ee8557228,PAYbce34da19d
ACCe20a082234,PAY8e1c8e8515
ACC42fe56771a,PAY6277a9391a
ACC42fe56771a,PAY34993fed76
ACC4ab47ec835,PAY0483a1881c
ACC4ab47ec835,PAYf66573176
ACC31eb0ab40b,PAY671221e690
ACC2a857c2873,PAY4e01be8951
ACC2a857c2873,PAY6484149de
ACCedad12dae5,PAY41b27d918b
ACCedad12dae5,PAYb3b6caf682
ACC6af2359f3e,PAYc033a19f51
ACC3b6e637f94,APYb03f566043
ACC712d2f01ed,PAYc1f73bba80
ACC712d2f01ed,PAYac807265c2
ACC6ba6b8e0a8,pAY4331ce0afe
ACCfd05629967,PAYd045cf106e
ACC27bc70a8dd,PAYc87533ff19
ACC27bc70a8dd,PAYe7dd7cc27f
ACC8266fc46c3,PAY654cc96Ce0
ACC8266fc46c3,PAY9ee982f254
ACCfa7705f061,PAY3006f255f7
ACC2136c88bf1,PAY745a4e5d76
ACC2136c88bf1,PAYfad270b3b6
ACC0263c3b72b,PAYc3540b063e
ACCa415bcba38,PAY16a03b25be
ACC440507978f,PAY238153ec8f
ACC440507978f,PAY74cf6abfa17
ACC17f82d9d8e,PAY3a0a95a502
ACC0be70d9b54,PYab03d00ac0
ACC2bac8e7fbf,PAY5c66712633
ACC2bac8e7fbf,PAY5dc183d34f
ACCd658ef8bd9,PAY26d5f1a2a
ACCd658ef8bd9,PAY5e6e989e2f
ACC18805297dc,PAY0aa677a660
ACC223d08c517,PAYc747574bac
ACC223d08c517,PAY3dba870129
ACCd060c911f3,PAY264d930f1
ACCd060c911f3,PAY2189409838
ACCdaa72ea40f,PYAc198b63bc6
ACC8ef8de1a6e,PAY5a4010a38a
ACC8ef8de1a6e,PAYf089b34de97
ACC140e4f0c7b,PAY1fab2c9e24
ACC140e4f0c7b,PAYc6d96d9644
ACCd10ca64698,PAY035517aade
ACCd10ca64698,PAY49194fc21d
ACCf4f8e7f8f8,pAY684866af33
ACCf4f8e7f8f8,PAY3dea09c18e
ACCf9b230bf7e,PAY86ddc0734f
ACCc59522a00a,PAY337cbeb820
ACC27576a355a,PAYd47ad76bbd
ACC27576a355a,PbAYe90cb1c7d0
ACC7890b5e891,APY1545ec802e
ACCe8ce2ae0f2,PAYe728554dd6
ACCe8ce2ae0f2,PAY6889345a93
ACCbca3123bb8,PAYcbd520f280
ACC41acce8dd1,PAY72da8e1950
ACC41acce8dd1,PAY79d562f7d
ACC4b2826c128,PAY9c66d3286c
ACCe0bac95e81,PAYfee9cfd06e
ACC639499bb9a,PAY60f03c8d0f7
ACC639499bb9a,PAYc367bdf380
ACC7f50cfc3f2,PAY42f85f13a1
ACCe58c6a597a,PAY9926562efc
ACCe58c6a597a,PAY62681a7b7c
ACC9ef3532ff6,PAYe616b64bce
ACC9ef3532ff6,PAY8efeb0e64
ACCb5c2a085d3,PAYc150221717
ACCb5c2a085d3,PAY30bfd994a0
ACC42b92788dc,PAY9baeE2fe0a
ACC2a16ff0d40,PAY48e10f1c0f
ACC2a16ff0d40,PAY1166a775f3
ACCe8709463b8,PAYde3eb7d132
ACCe8709463b8,PAY297c2f47bd
ACC52842c94da,PAYa6b51b1aa7
ACC52842c94da,PAYea4pde8b7c1
ACC9111e3ec63,PAY3186219e7c
ACC9111e3ec63,PaY7be478efe9
ACCfb2bf1dbe9,PAY21c81f4d39
ACCfb2bf1dbe9,PAY6464ca7a2f
ACC6c837f310a,PAY1b3d473u11c
ACC0aa1f32359,PAYc506b6cbcf
ACC0aa1f32359,PAY6490428607
ACC5b71d86357,PAYf29b934b0a
ACC72d9a31f17,PAY54f0d73c2e
ACCa28dc2563b,PAY65b0cfd55d
ACC847ff12195,PY8c93221acb
ACC6c36f6db69,PAYdf3caa354d
ACCed723d9eef,PAY7a53929dc
ACC331f8186c6,PAYaf4988e0ad
ACCd5be9e49b1,PAY3fc68b763
ACCd5be9e49b1,PAYeea6b399f9
ACCbff6a881ac,PAy7f596ed540
ACCbff6a881ac,PAYdadc744700
ACC08d64883e1,PAYa343c5208a
ACCd01152b7d0,PAYe406446b1a
ACCc01f51a016,PAYaae97d16d3
ACCd714eade0e,mPAYdbf02777f4
ACCd714eade0e,PAYc7df80333a
ACCed84f7f551,PY02c1af9baf
ACC5e3b45e57f,PAY8634b4341
ACC5e3b45e57f,PAY5f350ebed9
ACC0679292a59,PAY1abd37fcb8
ACC0679292a59,PAY72dc71ccf2
ACC054c27233f,PAY83c6f71b0a
ACC054c27233f,PAY4c30466280
ACC33c5569308,PAY44a5f955b26
ACC33c5569308,PAYb9095252a2
ACC5fdafbf210,PAY2d635e33ba
ACC1e229a2ee2,PAYf91b0c911b
ACCe17f904410,PaYfeb05f3dc3
ACCe26493c44d,PAeYc58f3b395d
ACCa1be4e8d5f,PAY548e3513a
ACC5adfab7517,PAYd65376cbf
ACC5a86415bb4,PAYe98a6bdcaf
ACC31dce4dcd1,PAY8bc08f706c
ACC8d53605ff4,PAY701dfd52d8
ACC7bc5b175d0,PAYf38ca2414c
ACC4ca9f1c5e0,PAYb745511dd6
ACC2f5676c698,PAY6033ae6a8
ACC9282dc32ad,PAY4dda0401e0
ACC35a8eaac1f,PAY77c926a089
ACC35a8eaac1f,PAYbe6a458951
ACCf1079b7184,PAYd3afd73523
ACC7d1d96c580,PAY6d0ec66b46d
ACC51f6b3d661,PAY28c8967a8d
ACC51f6b3d661,PA01c8375560
ACCd114b9c4b9,PAY2fd28b6dc2
ACCe8f39938f4,PAYa578494f2b
ACC807afee9b0,PAY0dabba5fd5
ACCc997819147,PAY15a0aee44e
ACCa301a43fbc,PAY9d887dDd4b
ACCe26e6e62b7,PAYf7dd41e7b6
ACC67482f57c4,PAY7f3df25659
ACC0b5507df48,PAY43223aa22e
ACC0b5507df48,PAYf49c04aeab
ACCdecd876613,PAY1eeccc8e0a
ACCc60c44d846,PAY349305ea58
ACC6bb7834839,APY265ce1bf44
ACC353c9da7bc,PAYf8f2224382
ACC353c9da7bc,PAY0f4fc14e87
ACC8e03a5878b,PAY45fcacb7a4
ACC8e03a5878b,PAY03c5f0e20a
ACCf2b2da877c,PAY44b543090c
ACC67bc831f26,PAY5bD0b6da8a
ACC5e33235ca7,PAY8b0f457a0d
ACC0a3934a1f6,PAYcbb7a675ea
ACC016c70b2ec,PAYb2f6ed02f1
ACCc9125660a2,PAY9f5c3fe504
ACCf2a9a5f732,PAY9d6119b29b
ACCe99844d66c,PAY22d8cbef3e
ACC7c5309d978,PAYdce5aa8a64
ACC7c5309d978,PAY7caef72d84
ACCd3a28e62ae,PAYab88f23702
ACCd3a28e62ae,PAY3sd67f7575a
ACC043c5ff8df,PAYaea1c86624
ACC4542fd14d0,PAY9645512b94
ACC4542fd14d0,PAY5533eb5491
ACC8a6d5ab80d,PAYb3f2bca7f7
ACC8a6d5ab80d,PAY758c368686
ACC2709577b01,PAYb7d9efb85b
ACC2709577b01,PAY58568e90d74
ACC6cdb007ee7,PAYb633f2f631
ACC6cdb007ee7,PAY6242393485
ACC5041f83c58,PYffdecd33d2
ACCca291a3525,PAY81d1a4a9e8
ACC28fbdbc3f7,PAY4a107d4c88
ACC28fbdbc3f7,PAY17f99fcad
ACCff4e046542,PAY5225826169
ACCff4e046542,PaY3f7a1307e1
ACCdc54ea9925,PAYb19b1ae5df
ACCdc54ea9925,PAY94b0220827
ACC97f76899b8,PAYc6d049f128
ACC97f76899b8,PAY1c6c2ce766
ACC2fda970a71,PAY6d66d8e763
ACC2fda970a71,PAY648054581a
ACC3a5e583b08,PAYbe1b8a8d82
ACC850886bdd6,PAY6267843ebb
ACCd9a8a81426,PAY9f9d2208a9c
ACC695b56dbd4,PAY2089e5ba4e
ACC695b56dbd4,PAY124794f1ac
ACCa5b69e5dec,PAY70e1a6cecf
ACCa5b69e5dec,PAY9398033a84
ACCa20e569f98,PAY737f1cac0c
ACCa20e569f98,PAY301c99b196
ACC69104aae41,PAYf7dc7d1e07
ACC1dfd13df03,PAY431be4a2cb
ACC1dfd13df03,PAY3f7d421d40
ACC4be359effd,PAY27ca1e0af7
ACCedc02af05c,PAY36d4c631e2
ACCbefd7de046,PAY5f12e2f0c4
ACC0678bb7444,PAY32ec2A99fc
ACC5ebf5e7983,PAYbfac7f7245
ACCbe501aa221,PAY2709dbea26
ACCf7d3cdbefd,PAY2eb5c215dc
ACCec52702c2e,PAY3a6t252f80d
ACCec52702c2e,PAY7cfc21ade5
ACCb88f00125e,PAY9e6420983f
ACCb88f00125e,PAY0a29h5a946f
ACCa11af08b2c,PAYd93af2e9b9
ACCa11af08b2c,PYa9153fda91
ACCe3cbf15457,PAY1b1efe254a
ACCf47998394b,PAYbb2838f348
ACCf47998394b,PAY537eabdbad
ACC6a49b848fb,PAY8cd82a4b1
ACC6a49b848fb,PAY067bbadda
ACC1c66e21f2c,PAY33f60cc1fa
ACC1c66e21f2c,PAYe6cbf3ad92
ACC360cac2fb8,PAYd798e8eb67
ACC90c00e7f51,PAYbb8dd9b4be
ACC90c00e7f51,PAYc5e5ey75170
ACCf19ec19ec4,PAY2686175bef
ACCf19ec19ec4,PAY68a13dc37e
ACC4a2e7aeb0c,PAYoad92bafa68
ACCa3f0284bfe,PAYb28b09d547
ACCaa2b428357,PAY4b1d2cba4a
ACCc3e50ffe19,PAY369e4119a2
ACCc3e50ffe19,PAydca8fb55bc
ACC5791b3c42a,PAYc9dd2f5ae3
ACC5791b3c42a,PAY8e176e82d5
ACCa0fbfdec68,PAYc4d8914540
ACC88454a3969,PAY2a7cf4394b
ACC88454a3969,PAY831515b135
ACCdddf3bf3ab,PAY16c0d0f6ac
ACC3605799194,PAY1ed9711e28
ACC944b8aff41,PAYd0e01831b77
ACCef6e89f922,PAYac38076420
ACCd99948d549,PAYe627af47da
ACCd99948d549,PAYa6779c5986a
ACCf61477ba6b,PAY7d2fa36330
ACCf61477ba6b,PAY79b1739bb7
ACCfe412a161d,PAYa4d0085fd9
ACCfe412a161d,lPAY0723ced6e0
ACC6638507dff,PAY0b16Dab93e
ACC6638507dff,PA5aae2ca3da
ACCe03b132892,PAYb27204d350
ACCe03b132892,PAYs1ac00c7f97
ACC00f243fbcc,PAY64af5c283f
ACC00f243fbcc,PAYcf1f06118c
ACCc35c6b76aa,PAYbcec519821
ACC2df0ec4ad6,PAYf65b5efc5f
ACC2df0ec4ad6,PAY8af22e0898
ACC08c3e190dd,PAY8d301695f5
ACC08c3e190dd,PAY14504i51c08
ACCd43a5cf083,PAYf6f3986c5
ACCd43a5cf083,PAYd4d25b6aa8
ACCb4309c003a,PAYd00478e07a3
ACCb4309c003a,PAYe02629a01
ACCb5ac764c56,PY519f11a0cc
ACCb5ac764c56,APYdc2497f24d
ACCf9f1f2d9e7,PAY3b63249b99
ACC97586130ec,PAYb9f94dbe25
ACC710622f5fb,PAY625b9df533
ACC710622f5fb,PAY554526e674
ACCfb0b0eb9fc,PAY94f2821ace
ACCfb0b0eb9fc,PAY7ff38ff101
ACC90f4982fee,PAY2d4d78fac3
ACCc24751fe52,PAY27ce477d69
ACCc24751fe52,PAYe83fea181d
ACC2df4fe0e9b,PAY1f0b87c75b
ACC2df4fe0e9b,PAYf9178d64e9
ACC290064474b,PAYdeeb77c964
ACC290064474b,PAY18726f672a
ACCdd9f087c0c,PAYcf902698e6
ACCa03bd79bec,PYAd76327c0e0
ACC3bc36c5e5b,PAYfe92a63783
ACC3bc36c5e5b,PAY5d801o6c261
ACCf28ba9d9c8,PAY828709c178
ACCe4e2f78e40,PAYb952f7a6a1
ACCe4e2f78e40,PAY8f2614930a
ACC71c890f50d,PAYa7cdf3d4fb
ACC71c890f50d,PAYcf1291eb13
ACC97db8e9d93,PAYcb98f754230
ACC062cbfaca1,PAYfdc9v16b5df
ACC42eaf084a9,PAY0aa6dcdd11
ACC26888e31f0,PAY854d7e12e9
ACCe587e2ace8,PAY0166e673d8
ACCe587e2ace8,PAY7edf4fcdfb
ACC1a89c67004,PAY6a86998ffd
ACC7adaa0447f,PAYeb7fb49cf
ACC7adaa0447f,PAYc632b70e3e
ACCd0bb4ae414,PAY1549c069fe
ACCd0bb4ae414,PAYc4ae3fef91
ACCecf799a1a9,PAY85fd929cb5
ACC0364626232,PAYe392c4fd73
ACC4fb5ba4e31,PAYda7a7e1b20
ACC4fb5ba4e31,PAYeb84a3dd4b
ACC753b656e40,PAY4f84dd087b
ACCca5189671a,PAYad682fc941
ACC0dd1a28074,PAY8bdf571f9b
ACC2673818bff,PaYeb5a1df832
ACCd83181dcbc,PAY859fc3a8a5
ACCcb0744dc47,PAYcbb49079283
ACCcb0744dc47,PAYd05ee424e6
ACC26edb7a2fe,PAY9l3c6aac9f4
ACC55d4a06b79,PAYed2adae5da
ACC55d4a06b79,PAY2bae4fec8e
ACCc210b19e7f,PAYc6582ebd1d
ACC4033203c55,PAYaf7bb62af7
ACC4033203c55,PAY0368673385
ACC1242183c68,PApY358f833a42
ACC1242183c68,PAY5d0a8f48dd1
ACC35a53d03db,PAY58b0e0b627
ACC35a53d03db,PAYd0eb1a9b6
ACCa29e1c6dc8,PAY74610f34d8
ACCe1929c5c31,PAY297fd98efe
ACCe1929c5c31,PAYf6e635e095
ACC4b2505e5d3,PAY7cd7014a8e
ACC2bbfbc530c,PAY9cfadde95d
ACC2bbfbc530c,PAY03311b52a1
ACC2563863559,PAY1289b6a97c
ACC2563863559,PAf1ebbbce61
ACC869b89e40b,PAYde88718868
ACC869b89e40b,PAY443142fc80
ACC6071014890,PAYbd1b7b81ae
ACC6071014890,PAY03c8b88b6c
ACCffe909e3d6,PAkYd56bf31599
ACC7b0a75ddbb,PAY844cae54a0
ACC473d22ec26,PAYdc6ff381a0
ACC19a11246b0,PAY7f0cc75163
ACC19a11246b0,PAY322b9a7a36
ACCdf07515c90,AY60bc3bc3ce
ACCdf07515c90,PAY3af5e71f1
ACC45e73e270d,PAY88c02556bb
ACCac256da449,PAY470ebeec6e
ACCac256da449,PAY4b28d3f326
ACCdefb3cfdc6,PAY79889e8d5c
ACCdefb3cfdc6,PAYb43a4b1aee
ACCb0c60f0da7,PAYbbb81760745
ACCb0c60f0da7,PAY2f11fb7e2e
ACC24208defaa,PAYc6fa8abbba
ACC24208defaa,PAYae49c7f48e2
ACC2ebaf2810f,PA0Ybe0ad255df
ACC2ebaf2810f,PAY5ba8fe4a79
ACC24b448418f,PAYe071cacbb
ACC0e6314e23d,PAYdb42c5bffdc
ACCe701a067db,PAY18ffe2eb1e
ACCe701a067db,PAYe4f1db9759
ACC4650b24275,AY1881283a85
ACC35fe5b2c83,PAYfd15605d88
ACC35fe5b2c83,PAY3cba8c7ff3
ACCda7f31c3d5,PAY38041c23f5
ACCda7f31c3d5,PAY6bb82ca27b
ACC947375aaa6,PAYca45324e7b
ACC98a24cc094,PAY8bade1018e
ACCc2b5d496b9,PAY2a37e6c33f
ACC0535b4b376,PAYff85484dff
ACC90933e6b10,PAYf377d3f1b
ACCa1f7f79386,PAY917c2322cf
ACC6d30bde7d7,PAYae002ea9e9
ACC115fb594ad,PAY1d962176e8
ACCa7722381ac,PAY3974e7f232
ACCa7722381ac,PAY07a78d45aqb
ACC48d46a147b,PAY06c6f3114f
ACC44076098e5,PaY0f5d5e17ce
ACCc934101529,PAY2f444c75c8
ACCc934101529,PAY4aa9bd5f98
ACC8a6c2b2258,PAc2f40ad9a1
ACC8a6c2b2258,PAY61c56956e9
ACC4acf16d902,PAY77a4a012e8
ACCc7cbe1c255,PAYc3e3bai36eb
ACC9a78d80365,PAYa03da6ca9a
ACC16b4b8ceeb,PAY8a09ff4416
ACC16b4b8ceeb,PAYb0453ep6fca
ACCdeaf861293,PY1a07fa5501
ACCdeaf861293,AYf50d155636
ACCf0a878f7a0,PAYdb6acc983e
ACCf0a878f7a0,PAY8ec01c7171
ACC9b6860428f,PAYcb6ac2458b
ACCaaa65432d6,PAY4d663cbcef
ACCaaa65432d6,PAY8156497dd8
ACCc31db44c62,PAY0887d2e840
ACCc31db44c62,PAYc5dda5a0d7
ACC9151579a0e,PAYb482e8bb5
ACCdbf78664fd,PAy508913eb3b
ACCdbf78664fd,PAY7cfc29d38d
ACC98313b9079,7PAYb93a6416e2
ACC14dbae9401,PAYa60d0dbd77
ACC14dbae9401,PAYd0cc97f97c
ACC79ad7964f6,PAYd9193e446e
ACCe4b36b6d23,PAYc5e675b603
ACCd58565fb54,PAY0c6cea2a4e
ACCd58565fb54,PAY75ea9143b4
ACC53eaad19d5,PAYe3edb00dd2
ACC9ff22d57cb,PAY5aad865le0d
ACCcff97e5592,PAYc76789e93
ACCcff97e5592,PAY9c8c5be85
ACCdcab4a1e26,PAY641a02621a
ACC121fc8f947,PAYcbfdfb082d
ACC121fc8f947,pAY9e61c6063f
ACC6e82ff0464,PAY3898adbc90
ACC09f59e146e,PAY629359fceb
ACC8a417decc3,PAY0e01628085
ACC8a417decc3,PAYc613e5r7942
ACCc5791b05c1,PAY5b6404c4f6
ACCc5791b05c1,PAY2c454f2db6
ACC1ada915f28,PAY6b8bbff8bf
ACC1ada915f28,PAYc04f256fv7c
ACC86c69f88ae,PAY359fc919f3
ACC86c69f88ae,PAY88cf3884f1
ACC35a9b5de0a,PAY1c4f90ba35
ACC2ceaa0c5ce,PAY83b37341f0
ACC9f97225cb0,PAYf93bd63Ee7
ACC9b07735703,5PAY193a5994b2
ACC9b07735703,PAYd24513f0db
ACC64b911c0dc,PAYd868dc63c9
ACC64b911c0dc,PAY4824b9b81b
ACC722d01f5b0,PAY1376318041
ACC8ef566aeb5,PAY7dd0e5d5d3
ACC8ef566aeb5,PAY5f302ff55f
ACC6184f58ae7,PAY923cfb4125
ACCa9d6e8b711,PAY7d6d1e41e
ACCa9d6e8b711,PAY3de742b215
ACCca7b67a8f4,PYAd54c1e0f10
ACCfaa1b9f135,PAY5db9bd76cu3
ACCfaa1b9f135,PAY4c14575af9
ACC2cef095029,PAY359364ae81
ACC75de157318,PAYb0f330b586
ACC75de157318,PAY2bac2f8655
ACC18bb6b2ec3,PAYe0a8584ba7
ACC3214e0c9fb,PAY764b791a8b
ACCc421cad154,PAY726dfc5ae5
ACC805ba2028f,PAY240b16483b
ACC805ba2028f,PAY89155d0b33
ACCe3a38929c4,PAY62968fa317
ACCfa0f17548b,PAY16779f4e63
ACC26a089f0d6,PAYbb1509f54d
ACC26a089f0d6,PAYd6e01dc1b78
ACC3380f93e74,PAYa96a588da
ACCb578a35d98,PAY1233ff9ed2
ACCb578a35d98,PAY15d9a33f4a
ACCbf183215a9,PAY24b6965bfa
ACC0ea309a797,PAYfa83a8ab19
ACC0ea309a797,PAYb9b32c28b3
ACC9159b1ed41,PAY0ff643c6d3
ACC9159b1ed41,PAY388d51937
ACC69765b6ec7,PAjY759e4750a2
ACC2bc3d11954,PAYdcc096c433
ACC4b795b11ba,PAY83180f71a0
ACC4b795b11ba,PAY682732ff46
ACC86c0dbeb0c,PAY2066F1caf1
ACC86c0dbeb0c,PAdY6c61d6d24f
ACCe3045c4d6c,PAY1290fb4737
ACCe3045c4d6c,PAY044329e093
ACCdd15bcc6e0,PAY777dbad640
ACCdd15bcc6e0,PAY70b5f4a67
ACCc47405ff4f,PAYd3fdD7d3a1
ACCc47405ff4f,PAY58e079bbb6
ACC8efbca4449,PAYf851e309d6
ACCd39272f259,PAYqd3f9ec665d
ACCd39272f259,PAYf95a724a3f
ACCc82b88b9f1,PAY3e8676506b
ACCc82b88b9f1,PAY850b9ef6ff
ACC7ad49cf6a6,PAY61dc9d1e07
ACC7aea7d19e0,PAYb20d4fabf
ACC7aea7d19e0,PAY761b3eccf
ACCb2de764941,PAYa64fa6f42
ACC0fc20add6c,PAYc2978d9cq78
ACC0fc20add6c,PAY861d60c060
ACC9fd632eefb,PAY1eb4e9f36d
ACC9fd632eefb,PAYm6b6c0ef4dd
ACC775ee863b1,PAYd47c66177f
ACCfe9919e313,PAY68a6cb1950
ACC761c92088f,PAY3cc8c548b3
ACC761c92088f,PAY4ab2d8b83pf
ACC05ac41b861,PAY177908dbe7
ACCc8e216be9a,PAYed41b80062
ACC3c99fb1d3d,PAYa72e5078a1
ACC3c99fb1d3d,PAYfbc329d15
ACC413de49b2d,PAY249a2260bf
ACC413de49b2d,PAYe67ea1a6a3
ACCca5814f943,PAY6c168ca034
ACC5e00d06438,PAYff17125177
ACC5e00d06438,PAY312537b995
ACCaf9f845ee7,PAY72f85c8761
ACCaf9f845ee7,pAY659f2372f1
ACC21d5510a00,PAYc11598c311
ACC21d5510a00,PAYde6112dca8
ACCfffd622b15,PAY6f6a58293a
ACC8dfdc63c2a,PAYadce0e4ede
ACC8dfdc63c2a,PAYbd7efe05f8
ACCe9bf18b0b0,PAY8784e6dae9
ACCe9bf18b0b0,PAYb5a2a04bfa
ACC57d89781dc,PAY5ed2cqda503
ACC775aac23a5,PAYb7c9fb4387
ACCaa35c7aa66,PAY861325c1ac
ACC602fcf0d23,PAYe9d85e7D7c
ACC602fcf0d23,PAY45432d4c43
ACC90c50e0bdf,PAY551daf27b3
ACC90c50e0bdf,PAY98ef827094
ACC2838969138,PAYa91f55e532
ACCaf8c26e803,PAYd71af03211
ACCaf8c26e803,PAY9de81575eme
ACCe447aaee7b,PAYf58427c5df
ACCe447aaee7b,PAY3cdb33706y7
ACCb5f6571568,PAYed6b282fb3
ACCb5f6571568,PAY45b72bdb83
ACC7d47497ee5,PAYbc8f123690
ACCc4024cd2e3,PAY46c91faf23
ACC1f67014597,PAY861372263b
ACC1ab40d8aa7,PAYaa874e5cf5
ACCd7e4fbd7d3,PAY02e08940b2
ACCd7e4fbd7d3,PAY921cd698dc
ACCeca7a94c70,PAYb8A7654ba3
ACCeca7a94c70,PAY7352cceef5
ACC1bd22bbf76,PaY4f2745f9e2
ACC1bd22bbf76,PAYf7adbcc51c
ACCfcf601a23d,PAY3083b28b9d
ACCfcf601a23d,PAY6e7e952281
ACC806770200a,PAYcbe3906ac9
ACC806770200a,PAY6daef5054c
ACCcf1dd52974,PAY90b7872d18
ACCcf1dd52974,PAYd5d982e57
ACCfb2dd95d84,PAY8638c27fe
ACCa52398778b,pAY7a63d053ab
ACCca8e2a4a24,PAYfab69f0e96
ACC34b2454299,PAY5c0003102e
ACC99efbe4f63,PaY0f80509c78
ACC99efbe4f63,PAY70641f4f20
ACCc84bd2abf2,PAYf00b409b3d
ACC76b2925003,PAY74ed4ac971
ACC76b2925003,PAYf3fc6fc2d6
ACCf1b2ca7b43,PAY8508e9a1f6
ACCf1b2ca7b43,PAY7bcb0cca3f
ACC1b7b9cbd98,PAY8556f97f68
ACCfaa85a79ae,PAY7b32de8d5ec
ACCfaa85a79ae,PAY08cD286d59
ACCb48e5ee8f5,PAY3b8585b112
ACCf049a67df9,PAYbcdf22bd5e
ACCde5385716a,PAy2a316abfd0
ACCe49bae95fa,PAYfce543612a
ACC5abeff3440,PAY8d7n84aae5e
ACC863db76361,PAY088403c27
ACC84c7caab80,AY2eeff9e18f
ACC60ca2cd781,PAY94f520a94
ACC8e22774dae,PAY42c215b204
ACC8e22774dae,PAY8878938d85
ACCbbdd4d2d84,PAY15ebb9e4ea
ACCbbdd4d2d84,PAYa13e58c590
ACC26c65b7c34,PAY5ad5c02046
ACCbeda5e0b97,PAYd5f1097d6
ACCbeda5e0b97,PAY79ac3b74cc
ACCfd050f4119,PAYedA6fa36e5
ACCd524108c5f,PAYdce2d424r58
ACC39b0a93bc1,PAY4c369bfa95
ACC39b0a93bc1,PAYca4e2c32d9
ACC8e626d6ff9,PAY325bcd91f2
ACC01f7d962fb,PAY488316dcd4
ACC01f7d962fb,PAY407645a32c
ACC80c54c9638,PAdY49e5934c8
ACCc184d36b6c,PAYe9592e4de8
ACCb14aaf0dfc,PAY250dd59c01
ACCfa81804e05,PAYfc582fd42f
ACCfa81804e05,PAY63178bed61
ACCdb0d180a64,PAYad9e4c7ca7
ACCdb0d180a64,PAYb0492c09d7
ACC83abd0bf0b,APY71b8b729ff
ACC83abd0bf0b,PAY981802cdp8a
ACC5c48883c86,PAqY3347155af9
ACCc231f51cfe,PAYfccb48b39a
ACCc231f51cfe,PAYe41c127a81
ACC323a8bb89c,PAY357fa2f1d7
ACC82f3163248,PY5ab9c04885
ACCf6713577af,PAY8a083a8c10
ACCf6713577af,PAYb9251b7118
ACCadd1bcc08a,PAYf1b21c9a69
ACC894cd76dc9,PAY6a37f2d2dc
ACCc9059350a0,PAYfa3ed5566
ACC5c2c55af47,PAYcdeec02fe8
ACC4219485366,PAYb68de205dc
ACC25e0fe934d,PAY8d75a8acc
ACC2a98decb09,PAY927a9f7c88
ACC2a98decb09,PAYd51901292f
ACC066d49a9f8,PAY323f85e7b
ACCdc33a9ae6c,PAY37dae88072
ACC54c862716c,PAY528F20d84f
ACCa68848e928,PAYa69f39e763
ACCa68848e928,PAYba6e3c682e
ACC2311314f13,PAYef7b566353
ACC47db90f352,PAY987df7c151
ACC47db90f352,PAY6419e0efe6f
ACC9260b2d034,PAYe88354b27d
ACC7cab084890,PAY6bd8cf0ad3
ACC20ac262726,PAYd8ffCd0912
ACC4a935f6637,PAY8ab3be7230
ACC7054d032fa,PAY02f7126c5
ACC7054d032fa,PAYb5bf3331b5
ACC546374a548,PAy6cc028f6c0
ACC546374a548,PAY58b3b4dc36
ACC258c4c1faa,PAY60cb331028
ACC258c4c1faa,PAY989a71fd9
ACCe36e128f43,PAY0349fcdd90
ACCe36e128f43,PAYf0cf4cbb68
ACC3bf499e7c2,PAY597df6ce83
ACCb7096c4de1,PAYd0ac1b9c3d
ACC8606d90fdd,PAY5d7f6b428f
ACCcb523098de,PAy05b652938b
ACCeeb227f021,PAY16bf03f73a
ACCeeb227f021,PAYa4127dC5f8
ACCb1ca8589de,PAYaf0439c65
ACC1546ba50a3,PAYb14ceaa9ba
ACC607e935714,PAY8bc7f3177e
ACC607e935714,PAYc184e563d6
ACCcf46fd1268,PAY1ede2543dd
ACC638b15a9bc,PAY3e8cabFf9b
ACC638b15a9bc,PAY3f9e08ce2b
ACC5b684e6e3b,PAYb8d98d37a77
ACC5b684e6e3b,PAY3fbb31f9f
ACC57e04d57fc,PAYc2682beb6
ACC080122a028,PAYeee5e83e94
ACC080122a028,PAY3ac9bdd45c
ACCf22dba69bf,PAY8602fc11f3
ACCcc528b33ea,PAYe3850f8ad7
ACCda15a3e36d,PAYc9dd7338feb
ACC4c5c9e02de,PAY062b39941f
ACC4c5c9e02de,AYb83a5f5aaf
ACCab59bc1820,PY492658ca11
ACCab59bc1820,PAYe7a71017ab
ACC317c0be397,PAY97c467c490
ACC317c0be397,PAY856d38823c
ACCba3f730829,PAYfb8ba09cddf
ACC2df658271d,PAY39a4aba9e1
ACC2df658271d,PAY99d351b696
ACC2a61150566,PAYd38dEf4947
ACC2a61150566,PAY2898349140
ACC6d0eed0bc6,PAY332d775cb5
ACC6d0eed0bc6,PAY936e166274
ACCba19760047,PAYc95ddf0a6b
ACCba19760047,PAYe5f767d158
ACC189af6275a,PAYb792ed8dd
ACC189af6275a,PAYb7c2d36e00
ACCedc1fd848c,PAYc16aa58b06
ACCedc1fd848c,PAY7db7829ead
ACC01b397c991,PAY039f831af4
ACC01b397c991,PAY8ef3a70eec
ACC6226dd274f,PAY4c8b6ycce06
ACC85f36804c6,PAY0b0d9j45baf
ACC85f36804c6,PAY996e9e7e26
ACC433664cfea,PAYb1d39dc01
ACC6f36fae0dd,PAY6a3bd15242
ACC6f36fae0dd,PAY667507410c
ACC4e3fcc8c1f,PAY6c2c87dccc
ACC4e3fcc8c1f,PAY145b492634
ACCd7e0f53647,PAYf994b23b0
ACC6f3db0da76,PAY165f2f181f
ACC49c3718d23,PAY4a02e00dbd
ACC49c3718d23,PAYe1bb9a574e
ACC0a6932aff5,PAY7f093ceea4
ACC0a6932aff5,PAYc946a567fc
ACC2f3fe38c79,PAY9a7ece802c
ACC2f3fe38c79,PAYd00b7d7857
ACCf6ae94510f,PAY3ae3ed254d
ACCc10a6ce7d4,PAY1c2d2995c7
ACCc10a6ce7d4,PAY3546e06204
ACCe24794e59f,PAYe046226d59
ACC0b114c23aa,PAYa87e646f98
ACC0b114c23aa,PAY8ab31afbeb
ACC61ebdff7e0,PAY9bc23bb759
ACC61ebdff7e0,PA7Yf28d20137
ACCd101b177a5,PAY9644bdadf2
ACC56033d9c62,PAYa65c0dd78a
ACC56033d9c62,PAY24b7c805c1
ACC51d53cd694,PAY687c98532d
ACC51d53cd694,PAY491859560
ACC383cf62aeb,PAYa73899fee2
ACC383cf62aeb,PAY35a1722b09
ACCa09d48fb1c,PAY1b37839c19
ACCa09d48fb1c,0PAY513a22fd14
ACC656b9039b3,PYAaa49acef7b
ACC656b9039b3,PAYa55debcffe
ACC88e8f3ad08,PAY7d37a02c53
ACC88e8f3ad08,PAY72acbr0208a
ACCe4537c7af9,PAY15c7d9efcb
ACCe4537c7af9,PAY38ce077b63
ACC028093e926,PAYba2b76356d
ACC73cfe48309,PAY792c1e3fe91
ACC73cfe48309,PAY47e913fc32
ACC19092b5c5e,PAYb593c8991e
ACC0715a124f5,PAY7f06982c1f
ACC0715a124f5,PAY94cdad5f74
ACC572c42015c,PAYe0eebb7cea
ACC572c42015c,PAYd28coba6e8d
ACC055f02e12f,PAYc5d332501
ACC87efb6bc36,PAYbfec785c4a
ACC7df1b1ea05,PAY02e2c187f5
ACC8432c00fa9,PAYbca3abe6dc
ACC8432c00fa9,PAY6e09efdd1f
ACC1880cad515,PAY844e239ba0
ACC2a2341c15e,PAY6e0f6a795c
ACC2a2341c15e,PAY2e4b9cf355
ACC4672155c6d,PAYc6dedd8dd7
ACC4672155c6d,PAY389943a3ea
ACC8dc0a66d46,PAY10e2482ecc
ACC2007357e37,PAY1c42143f55
ACC2007357e37,PAe75d7add61
ACCda87b7cfa4,PAY3470b232d6
ACC1b91385a38,PYAa24809b719
ACC7f8643bec4,PAYb433d27930
ACC7f8643bec4,PAY88e16842cd
ACCb2234c9b89,PAY6034058c9f
ACCb2234c9b89,PAYb2ba294c05
ACCf9947f5ee0,PAY93643b45b2
ACC2f13881407,PAY8771de41ea
ACCc70f8547b5,PAY58078791a9
ACCc70f8547b5,PAY018babd6b6
ACC50acd389ac,PA4Y5597990fc
ACCfc6ac955a8,PAYd69ff16efc
ACCfc6ac955a8,PAY9805be9007
ACC1d0024a429,PAYd7f0624fc3
ACC0bcb5675b4,PAY03a307e845
ACC62784d7867,PAYbf649424ee
ACC9d1b98b060,PAYac7f931ac9
ACC9d1b98b060,PAY7de97f355f6
ACCa3ec751f16,PAYe31f80a61f
ACC1974a37841,PAY40d73dc247
ACC18a92b3641,PAY85e8aeb522
ACC18a92b3641,PmAYb103fedf81
ACCa183b5a502,PAYcd905bccbc
ACCdce1cb05be,AY2693ba7d0c
ACCdce1cb05be,PAYfb6420a659
ACC81a509171c,PAY66ee97ff9
ACC81a509171c,PAY75ed3da5d
ACCfdfb715f4a,PAY8d0bc70dc7
ACCfeb8b0ca50,PAY980dab5a3
ACCa75302f2e8,PAY6d7436e02
ACCa75302f2e8,PAYcb5ee8d797
ACC1884b3a557,PAYc0408bb987
ACC1884b3a557,PAYd9839856cl1
ACC2a9d4290e6,PAY16e72604bf
ACC5fdff770ac,PAY2291224181
ACC28d091165e,PAY88ec63ecd7
ACC28d091165e,PAY5b9c8efec
ACCdfd09a7b8f,PaY56db49407c
ACC640b379567,PAY1fcbcde26d
ACC261040a89f,PAY78b2fc6fcb
ACC313dd423ef,PAYa1e6769f46
ACC87ef5845e9,PAY98b7394f0d
ACCe96ae2c5bb,PAYfa404e5820
ACC7436162e3c,PAYe839f2612d
ACC7436162e3c,PAY1d571c5dfa
ACC1898b2036d,PAYde333310d2
ACCbff72b27d1,PAYb30e8c0390
ACCe39030265b,4PAYc7fe7f455a
ACCe39030265b,PqAYee29e37309
ACCd022d15f8d,PeAY688a14ad05
ACCd022d15f8d,PAYFae7172690
ACC26f1398bfa,PAY4286e30d0b
ACCcad987d7c6,PAYc58b264efef
ACCa311f45e99,PAY1bc0869e6d
ACCff0e33da15,PAYda32d40e0D
ACC084b1c365c,PAY5681d7132b
ACC084b1c365c,PAfY7d150768b
ACC4c0cc88c3a,PAY11ccc122f9f
ACC4c0cc88c3a,PAY72f1976467
ACCb889699528,PAYa8a512d1d1
ACCcf7a083820,PAY848b176ee5
ACCcf7a083820,PAYedfbac064a
ACC445fec9169,PAYedf171107a
ACC5d8c363171,PAy2677cf3e87
ACC17cd23b06d,PAYe4789729b7
ACC17cd23b06d,PAYc07b2f7b6
ACCe0e9e4f84c,PAY9e7c3782ab
ACCe0e9e4f84c,PAY417a2e84fa1
ACCc59860ff15,PAYa9d8529cb6
ACC4ffd7a14ce,PAY4ffa3cda75
ACC67c603953c,PAY637c468c9c
ACC67c603953c,PAY6eac83bc22
ACCc5f6ac74f1,PAYf9fe7dd2bf
ACCad0be5eedb,PAYa266c838b6
ACCad0be5eedb,PAY89208dfa21
ACC326bd66990,PAYd7b4ccddd2
ACC13e084af39,PAY2de85b2f03
ACC13e084af39,PAYd2a38f6cf2
ACC10708fcd65,PAY91b27d616c
ACC13b36a1634,PAY26bf069098
ACCd38494a53b,PAY1eee6aef1f
ACCd38494a53b,PAYd07aa9703a
ACC74fefb0f12,PAYafcf657100
ACC53fa794eec,PAYa66e8ebb01
ACC53fa794eec,PAYb93fdCc3e7
ACC1c6c6b333a,PAY3b38366f6a
ACC1c6c6b333a,PAY9f9871d1d7
ACC9da6e29b59,PAY903ce18ff2
ACC9da6e29b59,PAY1f55dc00dd
ACC54e93ad7d0,PAYfc98f40527
ACC54e93ad7d0,PAYebc7005d19
ACC902aa00fb0,PAY586611e125
ACC902aa00fb0,PaYaeccfff871
ACC9811ee42d5,PAYd77db3923c
ACCf8fe29716b,PAY3af8acd71a
ACCf8fe29716b,PAYac81f8d10f
ACCecf6f0aaaf,PAYf96f8f4938
ACC8e1aecb410,PAY378cae0212
ACCb2b7268ecb,PAY832460a6cf
ACC617363d1d3,PArYd93d3dcf7d
ACCd6f0241315,PAaf4e270408
ACCd6f0241315,PAYb20d6fadfc
ACC8d2402ae26,PAY6648562b7d
ACC8d2402ae26,PAY86db18d5e6
ACC7a19e788a3,PAYa07e5a8ed
ACC7a19e788a3,PAYf84dd3a2b
ACC183ff6f9ae,PaY256305bd77
ACC8e1755c460,PAY8796e81be
ACC8e1755c460,PAYb101a11f06
ACC6fdc854fe3,PAYab5c6a7829
ACC720e380903,PAY4t0270e5144
ACC720e380903,PAYb4b5d6c6bb
ACC9497dc33c9,PAYa6d4b46592
ACC9497dc33c9,PAYae0b7686ce
ACC171374b1a1,PAY30e39696c2
ACC48c9ebb61a,PAY3a749f3ee1
ACC48c9ebb61a,PAY8a0682db3e
ACCbc9c3e5f0e,PAYe55250796c
ACCbc9c3e5f0e,APYec7e810fb5
ACC7471631bf8,PAYb9b5b8524e
ACC4a5a5495ef,PAY81fff6daa1
ACC96e786c796,PA4Yf3e6d7329
ACC96e786c796,PAY367030c25e
ACCf18d6c5407,PAYd8f3a8a815
ACC84758e58a0,PAY707118e246
ACCba9075d493,PAY434f5dcc4f9
ACC7b1c892493,PAYa0cda6a84
ACC4394cb0b2b,PAY259a9b21bd
ACC4906090d68,PAY8c22e06790
ACC4906090d68,PAY3963ce7e36
ACCfd7137516f,PAYae7704ad77
ACCfd7137516f,PAYe64b15e885
ACC0e10d710da,PAY0637d00eb1
ACC0e10d710da,PAYece872d76c
ACCc6738ca2ba,PAY7d8551f45c
ACCc6738ca2ba,PAY235b3b4e85
ACC23a59f4385,PAYf8f6606c7b
ACC23a59f4385,PYA8c4a8c820c
ACCfa8f470294,PAYd268eba57b
ACC4862fc760b,PAYc03df967ac
ACCbc57aa9fb5,PAY5905f08b19
ACC01a1a1c25e,PAYb3bfaade2d
ACCa6010d2ca1,PAY58defb47f9
ACCa6010d2ca1,PAY10e2dd4u4c2
ACCefdb26e192,PaYa3c98a7863
ACCefdb26e192,PAYcfe5d227d2
ACCdd1a6dead8,PAYc065f27a25
ACCfad09fe4b4,PAY409b6b3a97
ACCb6434267ef,PAYb99Cb9610f
ACC24486a28bb,PAY3b572ab6ab
ACC24486a28bb,PAY60af1e99e3
ACC7f44bd8816,PAY9ee5fdb4b1
ACC294c91b6a8,PaY768c8e96d5
ACCcd6954752e,PAYbad54b5bff
ACCcd6954752e,PAYa93e655147
ACCa45a31981f,PAY8Ad024da58
ACC5ff5795846,PAY29f4e40484
ACC5ff5795846,PAY10e952d11c
ACCc2a601119d,PAY2c634b3c6c
ACCc2a601119d,PAYfc44965353
ACC0dd62c78fa,PAY286d126f87
ACC0dd62c78fa,PAY010e70833
ACC4c0383cfd6,PAYd95ea466b9
ACC4c0383cfd6,PAY8bcfd9a62b
ACCd0dc0bd8bb,PAY32c496ac59
ACC1296ee5144,PAY9d513ad399
ACC5869ce3af9,PAY9fd835b8c4
ACCa70669b79f,PAY66ab91182
ACC3285248df5,PAYd1e7cba518
ACCc1b5f7fc1e,PAY9d121b1f00
ACC1f98927fe8,PAY310d6f7efd
ACCe293d1da09,PAYac8b3ee92
ACCe293d1da09,PAYfd4e0bae1c
ACCdea81ef67c,PAY437299d7e5
ACCdea81ef67c,PAY2b282d29d3
ACC9b4ce719a0,PAY461c238d11
ACC9b4ce719a0,PAY30a6b4fded
ACC7f9c15a8c8,PAYc2f823995b
ACC7f9c15a8c8,PAYded11ce617
ACCfff7412fe4,PAYda75e2e6ff
ACCfff7412fe4,PAY0cb080588e
ACC18d1eed7dd,PAY4c0ef4172f
ACCcc8d83be6a,PAYf97aed3245
ACCcc8d83be6a,PAY073815460e
ACC319b8bb3ee,PAY458f2ff316
ACC319b8bb3ee,PAy4f47af8165
ACC624ebe4a17,PAYbd59cb32d0
ACC265c85b9a4,PAY816201ffc83
ACC0757acd6b3,PaY027440cfd8
ACC0757acd6b3,PAYf5c9bcd903
ACCad3ea4cb3c,PAY94a2p565e07
ACC381936d07c,PAY6aa43ad40b
ACC381936d07c,PAYb47f62a9F1
ACCb41f057580,PAY6eadd24a70
ACCb41f057580,PAY906fe6f539
ACC6aa50c1c7d,PAY997a63ee83
ACC4808922924,PAYf6d02bcfa7
ACC52656ab97e,PAYeca3f1373
ACC52656ab97e,PAY8cecba3e7
ACC3f4fc4973f,PAY79f2647b85
ACC3f4fc4973f,PAY06e71331f2
ACC8a51703ddf,PAYe18468ea0a
ACC73d46db385,PAYdd384439fA
ACC73d46db385,PAY1fr0389f431
ACC29eba8bed7,PAYbdc8af291e
ACC29eba8bed7,PAY92ac33cb19
ACC04f7ea4b61,PAYa6c0670c1f
ACC04f7ea4b61,PAY74d75ba23
ACCbd667bec7b,PAY32ee54ccf4
ACC8ba404429e,PAYbdae109635
ACCfbe7c7ec7a,PAY94f3bd7881
ACCdc71806cb7,PAYfc658a806
ACCaed963894e,PAY1fb45fc4d
ACCe5847a35f7,PAY0d59cb20be
ACC01301712eb,PAY87ez729c0ae
ACCcf3b47b9cb,PAYcd0a6e3a93
ACCcf3b47b9cb,PAYb947cbc552
ACCa8b3712dff,PAY15595b36ee
ACC27120da1ed,PAYdb99bbaaed
ACC27120da1ed,PAtYad0b65d526
ACC69a4b5acf3,PAYca3e32f7e1
ACC2433eee365,PAY143a29d60
ACC2433eee365,PAY92f442eb66
ACC86a4760c10,PAYd37a0882a3
ACC86a4760c10,PAY0a9a16d7b9
ACCe6316f94f0,PAY549b90e14c
ACCb8e0d5551b,PAY4b39495d0
ACCb8e0d5551b,PAY57e58ff830
ACCd4d7c27b36,PAY6fbceba9bc
ACCd4d7c27b36,PAY82a5622b73
ACCd38fffd1d7,PA1Yc7c37d65e
ACCd38fffd1d7,PAY3e21a222fa1
ACCcce8d8886f,PAYc6c554df84
ACC4a64112f16,PAYbf9d81374b
ACCe19aa0fc14,PAY154fb6c574
ACCe19aa0fc14,PAY679eb2c4a7
ACC30e3be0517,PAY000713497
ACC6aa2e8e3a1,PAY6fe42934cd
ACC6aa2e8e3a1,PAY31571bfda1
ACC5351068e58,PAY8bbbe9464c
ACC1c28041afc,PAY2ca602dd56
ACC1c28041afc,PAY7b6d21fb71
ACCb0e5ae0587,PAY6bb9536480
ACCb0e5ae0587,PY79ae7464d7
ACC33eeee03cd,PAY936def6508
ACC33eeee03cd,PAY348786ad42
ACCf91a2fe926,PAY449a1271bd
ACCf91a2fe926,PAY4e892ed17c
ACCedab6f8f52,PAY1c07a6ee46
ACC7a92b0ac2b,PAYdc6cfb713d
ACC3633bf4445,PAY88955b63ca
ACC586a414dc5,PAYa79f4712df
ACC586a414dc5,PAY76d895aae9
ACCe810196fa7,PAYcc1443e3e4
ACCe810196fa7,PAYa46f365720
ACC8ad9de6422,PAYb6f76702cd
ACC52f5b42aae,PAY4a976159fc
ACC52f5b42aae,PAY00fFa3c84a
ACC898c06dc86,PAYc3655e8888
ACCe85ddf96ea,PAY89c09c2ca5
ACCee4890c273,PAY91252af11f
ACC3ad8fc63b4,PAY9e856943c
ACC9e81a2c245,PAYbb8cb03ff9
ACC45f171ff1c,PAYc721dab67b4
ACC45f171ff1c,PAY6q455be2371
ACC2a8f226350,PAY3066ef671e
ACC12f64a9834,PAYfa169f03drc
ACC12f64a9834,PAYdc26b94363
ACCec1dcb7709,PAYc593085003
ACCec1dcb7709,PAY194a9dba1b
ACCa16984d17e,PAY8943a348b7
ACCb7723e9792,PAYa4db7ad6ef
ACC0dd49c1541,PAYf4eba8e579
ACCc64e46bbbc,PAY596d9de00d6
ACC0ccdc966a4,PAYd74a707d41
ACC598ed543c6,PAYe9ca5ec2b0
ACCcc1949c290,PAY907ca0de9
ACCcc1949c290,PAY8138eb2ade
ACC60f8144349,PAYc974e2891b
ACC9961a32a6d,PAY2989c266f
ACC7c7c3dc80d,PAYaf4e74e44
ACC7c7c3dc80d,PYAda915ade30
ACCe2cb677088,PaY247160ac4d
ACC7b067e2a92,PAY41f2debe19
ACC7b067e2a92,PAY1b8079926d
ACC31703e5435,PAYd223360831
ACCc8cc3b1cf3,PAY9228126731
ACCc8cc3b1cf3,PAY2593c9ea25f
ACC3f65f0693a,PAY029d8a5531
ACCe442f1ac77,PAYadzc20bb2bc
ACCcff4ac7d83,PAY9ef6c0e21d
ACC36d0eed906,PAY86cbee0b4c
ACC36d0eed906,PAYdc0f92232c
ACCcab99629e4,PAYb42cd9f8ef
ACCcab99629e4,PAY0d6e66efd9
ACC521f36b868,PAYe3f2f6de6d7
ACCf527504772,PAY452202563
ACCfc52524934,PAYb6f80a136b
ACCfc52524934,PAY3664d8313a
ACC94b34947b0,PAYe0cd735140
ACC94b34947b0,PfAY265ecf53d9
ACCa43ba3e8ce,PAY0a0c9ce900
ACC197797f66c,PAY31c81383a0
ACC9211a3103d,PAY706101d28a
ACC9211a3103d,PAY8699ce6154
ACCb3b67f8584,PAY25716c4f61
ACCb3b67f8584,PAY1971e75ida1
ACC81de07edb6,PAY9aa0309c40
ACC81de07edb6,PAY8a26c6d556
ACC75cefd4ac5,PAYa43d231355
ACC75cefd4ac5,PAYc0f0d5f717
ACC79a478e913,PAYfaeb7915f
ACC79a478e913,pAYd273fcbfb4
ACCe96d8b3002,PAY5b4c363244
ACCe96d8b3002,PAY0d315ab572
ACC69639c96e0,PAYd953c84f54
ACC69639c96e0,PAY5583e3777e
ACC5465b37116,PAYf92f5cd75a
ACCb5429759bf,PAYd17549f629
ACCb5429759bf,PAY2a0138b6ab
ACCea47757e8a,PAYd94ce4c5d3
ACCea47757e8a,PAYdf197a7af2
ACC1cdeeca9af,PAY51d25c5ea8
ACCef8d9778af,PAYfa7b7c4905
ACCef8d9778af,PAYcec0208e93
ACC8317fbf548,PAYdf34740b43
ACC8317fbf548,PAYcc2b55c7d4
ACCec56773666,PAYc3b7db96c7
ACCec56773666,PAY063c95Fc09
ACC385c2b5a92,PAYcbcda3530
ACC385c2b5a92,PY8a8d75eacb
ACC94e9ecd4da,PAY536c048b40
ACC14c92345cc,PAYfba0fb07ac
ACC14c92345cc,AY8899bb195a
ACC4e57578a90,PAY7916f71a34
ACC08b6c09660,PAY24f5bc49dd
ACC08b6c09660,PAYc3dd7d505a
ACCb5069dfc3e,PAdY3837d2ebf
ACCa03022e53b,PAY277cb0f85b
ACC542b2e164a,PAY85cB272a49
ACC11ae3b9449,PAYf9ee02824e
ACC11ae3b9449,PAYcb273a919a
ACC8ec2fc51d2,PAY14b546fb27
ACC0c679bf0c6,PAY1a6a65e8ef8
ACCf42b6b15be,PAY3b8c37ff54
ACC8fac9cd2a6,PAYc472e121bf
ACC8fac9cd2a6,PAY5299b888cf
ACC6bc809f948,PAY4ddeb9ec99
ACC6bc809f948,APY1c3add063e
ACCf09628bc4a,PAY58283b8a10
ACC58121bfdb2,PAYc4590eade1
ACC4f17402543,PAYa087fc98b0
ACC4f17402543,PAY7f561a26853
ACC08d9d00fb7,PAYd905d5720f
ACC8d0b93f54c,PAYa549482974
ACC8d0b93f54c,PAYf16ae15b7f
ACC62ac80aca1,PAYcbf2e96f97
ACC5ad6555276,PAY6b456fc5df
ACC5ad6555276,PAY219c6207d4
ACCa68c42fa62,PAY0363fc1f08
ACCa68c42fa62,PAY8525d612666
ACC322ecd98dd,PAYc04dda489f
ACC322ecd98dd,6PAYef157684cd
ACC6e769b7f78,PAYa7bc5a875f
ACCe0aa239e64,PAY47a7b1e541
ACCc96786dddd,PAYae8e24f0cb
ACCc96786dddd,PAY4dad40d5c9
ACC55b337ad0b,PAYcab690Be01
ACC55b337ad0b,PAYdd214b121b
ACCca0010a1f5,PAY1d20d532d2
ACC026500e9af,PAY6451c9937
ACC026500e9af,PAY8f0cce3066
ACC64693a1534,PAY14969667d7
ACC64693a1534,PAYf292c1522f
ACC3a1d30f435,PAY1c3B8d38b6
ACC3a1d30f435,PAY27542c75f8
ACCddc96e31dc,PAY38e6d3b44c
ACCddc96e31dc,PaY236f63bed2
ACC08eddc6e47,PAY10e33q2a2db
ACC08eddc6e47,PAY74a3b91a43
ACCea29326783,PAYb68ece1942
ACC92f1ad702f,PAYbde0260966
ACC92f1ad702f,PAY8b5d0f0c39
ACCba04724540,PAY15db2b836c
ACCba04724540,PAY9bac9e5275
ACCb012f3bf77,PAY24aeaf38a92
ACCb012f3bf77,PAY35e5a20958
ACC1b9e241230,PAY4973776eb8
ACCdc05f21710,PAY3c6d129b34
ACCdc05f21710,PAYe7ffd67f10
ACC0049a071e8,PAYbf6cb662d5
ACC1e8830a4aa,PAY5f167e0e8c
ACC1e8830a4aa,PAY10bf43edf77
ACC100881417b,PAYb459e252e
ACC100881417b,PAY8e4fabdab8
ACC03ae8af2f8,PAY2f691e0e3a
ACC03ae8af2f8,PAYf898234544
ACC05d9f1d25e,PAYc67e3dcd8a
ACC5cf6cf729b,PAYd716a166f6
ACC367db1d702,PAY11d8c8bc4
ACC066d9431ba,PAY9083fc5448
ACCaf6f63a464,PA2Y92aff8ee0
ACCaf6f63a464,PAY07084d78c
ACC3799a2b9ca,PAY32ab5d88e8
ACC3799a2b9ca,PAY13861bb8fa
ACCb27c7fa161,PAYc6ed3a0492
ACCffbe0620ad,PAY8a46c9eaaf
ACCffbe0620ad,PAYd7a55f7530
ACC9fe9034d8d,PAYf427f6ec5e
ACCd4f800a96e,PAYc67e0ef582
ACCd4f800a96e,PAYf692c7f6b0
ACCd99b1b3438,PAYff319d2dcf
ACCd99b1b3438,PAY93fcaa0bd7
ACCed3f199c75,PAYcde1184b40
ACCed3f199c75,PAY5Dfe78ec99
ACC45ee4d0c8e,PAY9d16ce63b2
ACC45ee4d0c8e,PAYb6a97ccb5c
ACC9d64e61dfa,PAY40a5996c2
ACC9d64e61dfa,PAY2f5e17f516
ACC37786c1aa4,PAyfc6caf167f
ACC37786c1aa4,PAYe37c926fd9
ACC93cae28a3e,PAYe9a1d5f1b1
ACCc12b75c477,PAYa8c45eeca4
ACCc12b75c477,PAY1c433aea24
ACC808add1e9b,PAYa859023e3a
ACCc765fd2096,PAYee41c0d066
ACCc765fd2096,PAYdk01dcf59cd
ACC9e7cae0977,PAYfc938ab351
ACC9e7cae0977,PAYb25f253f35b
ACC6566e7e629,PAYb02aeab79
ACC280dc78ecb,PAYc5e9504e6c
ACC280dc78ecb,PAYbccdb666dd
ACC6e9ba34124,PAY21c2564720
ACC6e9ba34124,PAY9efc3db089
ACCe97da2db89,PAbYbafd519c0
ACC2b58ea343b,PAY1875ded92f
ACC2b58ea343b,PAYc5723ddff
ACCca885e9f5f,PAYf6ae8aab1f
ACC6cfad99e18,PAYed39d12566
ACC6cfad99e18,9PAY0d8ac4b1f0
ACC10b29f1085,PAY84877e6c01b
ACC10b29f1085,PAYd41b01fe04
ACCf0b6e2821b,PAYcca104d693
ACC85ad9036e1,PAY7e07aa2d29
ACCb1c7ad7985,PAY66e82de320
ACCb1c7ad7985,PAY45df602687
ACC97e669afb8,PAY3300b87682
ACC396be7e307,PAy11ce607732
ACC63403657a1,PAY731da9fe7f
ACC465c83fa6e,PAYd7bf742246
ACCfe76ffe3cc,PAY867b935c5a
ACCfe76ffe3cc,PAY4999e46387
ACCdf5d7a75c2,PAYa1bef26982
ACC59f986307d,PAYbebu3392680
ACC59f986307d,PAY4489af85ac
ACCbeecb1e727,PAY7bf53bd35d
ACCbeecb1e727,PA4Y4f71425b9
ACC65e1fb2b64,PAYc545e055f9
ACC1612774030,PAYd171e19155
ACC28f51142b5,PAY2910fbb048
ACC28f51142b5,PAy34ea664626
ACC88c74c45f1,PwAYc875a6fd5b
ACC849fc43cb1,PAYbcc22e808a
ACCb591e857eb,PAYcc1dcc294e
ACCb591e857eb,PAYc2178d6039
ACCee933bb3b1,PAYe2d1d7qf208
ACCb87a9923b3,PAYff482d1994
ACC11b138e7f7,PAY904d10b470
ACCa986c29247,PAY97373198f7
ACCa986c29247,PAY214d6b22fe
ACCbfe4f500fe,PAYc1buf0e20b3
ACCbfe4f500fe,PAY972344d120
ACC4a7d39484a,PAY9b18505sf58
ACC4a507ab0ac,PAY5ca16da46
ACCf47abc9220,PAY7484iadf088
ACCf47abc9220,PAY77aaa34468
ACC8a17181a07,PAY270dbcaa80
ACC3c5df8e6e1,PAYf93f44e0b7
ACC1ed3b7a9cb,PAY4bcbfcb35c
ACC1ed3b7a9cb,PAY643b9f660e
ACCca4e4ab7e9,PAYf9d779979c
ACCca4e4ab7e9,PAY227dc86fa2
ACC93b6063aed,PAY0034f71ac
ACC86d99a978a,PAY501ce6e505
ACC86d99a978a,PAY2876c0d327c
ACCb90563cc80,PAY78b12b23be
ACC93f3ba1c9b,PAY6322773441
ACC93f3ba1c9b,PAY2047b8fc07
ACC541b50cfc9,PAY25b1eE65e0
ACC5e9a794c0b,PAY77607b2a11
ACCd302da91f1,PAYa4e1f4628e
ACCd302da91f1,PAY77470cfc18
ACC0765d3ea76,PAY89980bf7e0
ACCbf001716a2,PAYdef574d53
ACC36d4d76e62,PAY9c4363c713
ACCcd729b7271,PAYfc2a9a1a4
ACCcd729b7271,PAYe39290d3de
ACC76f4073637,PAYb9e000a1f
ACC76f4073637,PAY84c1177ab7
ACC2c07a65aa4,PAY3d6829d56e
ACCd3c3d13e57,PaYdc9f4aa5f0
ACC8bc634e31f,PAY9bd07fa017
ACC8bc634e31f,PAY1da7b5a329
ACC94e43fb24f,PAY11807c0f98
ACC94e43fb24f,PAY66c628f16b
ACC336d420834,PAY1088a0c657
ACC715c211d16,PAY792a4bef0f
ACC715c211d16,AY9f9dbecb73
ACC6042333cef,PAYfcaae9c3ba
ACC6042333cef,PAY5c8cddbfdb
ACC8cf5bf3de7,PAYc00f010ca8
ACC8f815e1eaa,AY2b6c4d3b81
ACC5cefaa1848,PAY63fd748190
ACC51cd46389d,PAY4bf02E58a0
ACCce0f6c0f46,PYba0744403b
ACCce0f6c0f46,PAY5e9d887060
ACC48f4b943d8,PAY503c5b736a
ACC3abc1a5b99,PAY5b11d0b5cb
ACC090407bf37,PAY0a75e30d84
ACC5fad1c8618,PAYcad6b1bd2c
ACC5fad1c8618,PAYf0f91ce74
ACCa2b78a2c50,PAYcc52ac7062
ACC34bf2565eb,PAY9277b6b072
ACC24b93624c2,PaY327387e2bb
ACC4a3e374009,PAY314b1f094b
ACC976cca4007,PAY98f28af366
ACC5a1782063d,PAY66d8cf72cc
ACC5a1782063d,PAYdb196df0e4
ACC0d801d3473,PAY62c2283cef
ACC0d801d3473,PAY595b5815da
ACC72ea515cce,PAY83718fa3d2
ACCc9db69e6ca,PAY814d1c89c0
ACCc9db69e6ca,PAY04b2a4ab1
ACCa9a063ca78,PAY9094fdf901
ACCf2197bf356,PAY8061c9bc1c
ACCf8770f97b1,PAY379fc1a7df
ACC994aa1ff3e,PAY7edfd03f2c
ACC994aa1ff3e,PAY62765dc067
ACC0df13f8132,PAY2c6a831fA5
ACCfc577b344c,PAY40f67f2af6
ACCfc577b344c,PAYa0684f00c
ACCf3e14a268d,PAY68663e2ea
ACCf3e14a268d,PAYfe3bb3a15c
ACC634d269a0b,PAYa9a30fa04
ACCf3f4db6abd,PAY0d9531f553
ACCf3f4db6abd,PAY5e5bz189a90
ACC9ca1705788,PAY6e75ce8c2b
ACC9ca1705788,PA9576f05db6
ACC892121843d,PAYb33499071d
ACCff60da883f,PAY516f2f23f4
ACC619608d918,PAY13586fdc51
ACC4d13f40e2a,PAY87a26db8fff
ACC4d13f40e2a,PAY82698d17fd
ACC40748e5b4d,PAY1785803d01
ACC40748e5b4d,PAY36aafc7dfb
ACC61c017c52b,PAYa2c4f8e59b
ACC5edc92e5cd,PAYc979697c59
ACC93e30a3822,PAYcdf85b180a
ACC93e30a3822,PAYc996712745
ACC09f8d43700,PAY8082706ec0
ACCe236bad9d0,PAY9623ccaf5a
ACCe236bad9d0,PAY034e95fc4e
ACC7e27a0f147,PAY0756efee76
ACC7e27a0f147,P9AYd7c551d52c
ACCdd0fee73c2,PAYb6d14a8631
ACC9c846b9fc7,PAYfe5327a18b
ACC9c846b9fc7,PAYff43b4ecc3
ACCc4ddc79d9b,PAY8962daac91
ACC72730ac649,PAY445r74e6fd6
ACC72730ac649,PAYd807325a7f
ACCd4069f2af8,PAYd43f9ac921
ACCd4069f2af8,PAY5c2fb455f7
ACC211fd08a72,PAY8dffea1763
ACC754fcc7dda,PAY7e07842da7
ACC42ccb84056,PAY29c9a1eee3
ACC42ccb84056,PAYd5e28dd39a
ACC1e38b808a1,PAYb8345a73a4
ACC7ab76eefc0,PAY2a618ae7a7
ACC7ab76eefc0,PAY35fe1affae
ACCa0d7994ce0,PAY6df58e54c4
ACCa0d7994ce0,PAYd7a6bdf0df
ACC55822da020,PAY94887c9075
ACC55822da020,PAYe2df32b577
ACC2e86c9d16f,PAY0cd38513ee
ACCd88cf45c77,PAY3237fe8e0d
ACCde7eaf8aab,PAYdcb9ed6eca
ACCde7eaf8aab,PAY5ebb137272
ACCab57707063,PAYa37dabc538
ACCab57707063,PAY2dcf00846
ACC7b71c588c3,PAY354a590e24
ACC7a066366ec,PAY1725a10e2e
ACC7a066366ec,PAY0cf887d87f
ACC404f7a9adc,PAYcf77911c25
ACC34e43355fc,PAYb7a7ec4b01
ACC34e43355fc,PAYc06d3edfde
ACC82b9bf8934,PAY66acfb8eda
ACC82b9bf8934,PAYc861f95102
ACC0714477461,PAY37a8b429cc
ACC0714477461,PAYdd69a47ef7
ACCf7f9032d3f,PAYc4f99703f9
ACCf7f9032d3f,PAY66f3f9111b
ACC6e7c340f50,PAYf0a72492f9
ACC23386222e2,PAYbb8f45cd9
ACCcfabb9a868,PAY60a757b65
ACCdea6b10bfd,PAY53e8053a91
ACC75f91314e5,PAYeee02d8b72
ACC75f91314e5,PAY5231d751ca
ACC374b3b625c,PAlYbeae7d8344
ACC374b3b625c,PAYe6a9C2b59a
ACCa421ebcb48,PAY52e829a4wef
ACCa421ebcb48,PAY72619ccdb1
ACCddf362392d,PAY512051ae36
ACCddf362392d,PY3d392c2465
ACCc390ce0d78,PAYadd6d5bca1
ACCc390ce0d78,PAYa9c4337f2f
ACCb70eb65bc8,PAYebac7ba2b3
ACCb70eb65bc8,PAYed58b721a4
ACCb81da3b674,PAY847ca6c29a
ACCb81da3b674,PAY1ba3dbd5a5
ACC319ee58456,PAYae2d6054ad
ACC319ee58456,PAY327dc16ed98
ACCf9fe5bc298,PAY7356143460
ACCf9fe5bc298,APY7ec5131edf
ACCc14f639251,PAYec98196363
ACCc14f639251,PAY332bbb5d8e
ACC1f52c9528d,PAY36562cba95
ACC58efe9b8e6,PAY20a9a2b67b
ACC58efe9b8e6,PAY68ec5976ae
ACC70ab0d261a,PAYb7ff063a54
ACC8eba1dd9a9,PAY6d8f879ed
ACC8eba1dd9a9,PAY49e6Fc6794
ACC331b79509e,PAY7e21782504
ACC14dd37b32d,PAY9d46c074ef
ACC7a340c4952,PA4Y6f1ef495a
ACC7a340c4952,PAY1fd3629dca
ACCdda858821d,PaY8e5423c4bd
ACC2d26087ac7,PAYb68a4af69d
ACC2d26087ac7,PAY0d371dad87
ACC1e2959edb3,PAY3e6e52ab5
ACC2404ec746f,PAY9efF0d6b7b
ACC8176f75ccf,PAY4c6ce85ca9
ACC8176f75ccf,PYA9433463aff
ACC7430f91072,PAY63d0cecfa6
ACC7430f91072,PAYe1ff68b20
ACC3674ad0e6c,PAY3a920545c6
ACC9c5970c81d,PAYb466881a35
ACCdbf8807f5d,PAY848ff58821
ACC31158800fd,PAY7d272ba050
ACC31158800fd,PAYc7f257bc448
ACC5ae64588dd,PAYa75c7ea85d
ACC5ae64588dd,PAYf8b6a60059
ACC8b77f62bf0,PAY88abc5e87e
ACC4bbab350f6,PAY478c5dc9e
ACC4bbab350f6,PAY3e0637fceb
ACCd6d109a83d,PAYf741e59a30
ACCb3d650b7c3,PAYf8bc0f5eed
ACCb3d650b7c3,PAYd581f2774a
ACC212d3048c3,PAY334be8763c
ACC846bdf34e1,PAY15dm22f89ca
ACC846bdf34e1,PAY0d4age11c72
ACC75746e5c41,PA6a18198a6d
ACCd660876c1d,PAYaca21eef34
ACC69accbfe22,PAY0bde77la74a
ACC69accbfe22,PAYdb65a09132
ACCbc7253851e,PAYaa6fe36555
ACCda8c42e52f,PAY8110d17bda
ACC42e83c00b9,PAYa7c7d1d83
ACC9280ea4406,PAYbca662bd37
ACC3b1be1313d,PAYb89f6e9400
ACCc185e96508,PAYhce42383276
ACCc185e96508,PAY36e6c76d74
ACC965e886169,PAYd8b10f8d24
ACC965e886169,PAYc081401b4b
ACCf1658c02b5,PAY798dda22ef
ACCf1658c02b5,PAY2bf2472b2a
ACC04d09314fa,PAYe8bcad2d1d
ACC26bd09e9dd,PAY88dff04ebe
ACCf66f903996,PAY01dbd10dad
ACCf66f903996,PAYcf6aad0048
ACC0da814d0e8,PAYff87d17bc9
ACCba896ed97d,PAY267bc92168
ACCba896ed97d,PAY9a4da7ccd1
ACC9ebe593ea4,PAY669ed1e748
ACC9ebe593ea4,PAYeafebb471c
ACC9467156436,PAY6e11e6526c
ACCeedfbf865a,PAY5b6be21331
ACCca2a4edc34,PAY0284ab60b8
ACCca2a4edc34,PAYac4357fcef
ACCccba3a16a4,PAY57ad94a995
ACC06190e1e6e,PAY7fd3db8c7
ACC06190e1e6e,PAYb7dd2e58cb
ACC09c0deb428,PAY3bf2f9aff5
ACCc9acc31581,PAY775ef81a03
ACCc9acc31581,PAY2f4dae4edb
ACCb61a7caee0,PAY86b575d3f4
ACCb61a7caee0,PAY3dbbbf5efa
ACC345ead0e5f,PAY27af69b392
ACC345ead0e5f,PAYd5787b703e
ACCc529ea2f2a,PAYd0ec511030
ACCc98a704833,PAY8a86d384b
ACC469cedf9e9,PAY74e94c41e1
ACC469cedf9e9,PAY044c98ba5b
ACC307e0780cf,PAY7fdf9affac
ACCd7bea9bc1f,PAyd50d2143a6
ACCd7bea9bc1f,PAY007cac5525
ACC32a9886268,PAY3b7a7afA76
ACC32a9886268,PAYe5dc29d959
ACC55ebf9db03,PAY21a851c0ae
ACC55ebf9db03,PAYe365785553
ACCd10ec7a0c8,PAYbfb826815f
ACCc37a5ac3c2,PAYb4c934eabe
ACCc37a5ac3c2,PAY54622e4d0d
ACC1e10d88a0b,PAYedd76d7bc1
ACC1e10d88a0b,PAYc6202b3d12
ACC10c75e0b22,PAY0582575e12
ACCb54930d9ec,PAY48l24b2c0fd
ACCa0eb7f2880,PAY3593d7f51a
ACCa0eb7f2880,PAY0b0c71d85f
ACCa126fe6ab1,PAdYb5ee8df81
ACC9b101e3170,PAY7de2dec585
ACC9b101e3170,PAYce33a947a1
ACCa46648437d,PAY7eb7fa2b00
ACCc6190f5cf8,PAYf32b35ef24
ACC75f467d0ce,PAYb9c99092f1
ACC33d2a30c63,PAY4d0f620353
ACC33d2a30c63,PAYfe043969cc
ACCc011242c9a,PAY9e9f101b82
ACCc011242c9a,PA3ab45edf35
ACC4e741703e2,PAY5d5c72b646
ACC4e741703e2,PAY5dde546183
ACC8b2b2cfeb2,PAY35604191fe
ACC97c51ae84a,PAY60bd81511c
ACC97c51ae84a,PAYaf8ed6566
ACCd2c4730d44,pAY1e16296ab2
ACCa347bbba0d,PAY85efcc00d8
ACC8b3eaeacf8,PAY77c09e34b4
ACC8b3eaeacf8,PAY351te5f66cf
ACCa5c5094836,PAYa4a0bc89c0
ACCc03200e33e,PAYb3e85efc75
ACC3b0360194b,PAY1c8fc7301c
ACCd468f1c473,PAYce5c743987
ACCd468f1c473,PAYc41fbbde7a
ACC8da49d7414,PAYa6003026ba
ACC8da49d7414,PAY709777ca7b
ACC2aeb2bcc31,PAYea9b2d4346
ACC2aeb2bcc31,PAY227a502f1b
ACC17a6d86207,PAYcea2017a58
ACC17a6d86207,PAYbb52241bad
ACC0e9fcf1a20,PAY93fcdf3766
ACC88b6ea9cc9,PAYa5b3a36df0
ACC88b6ea9cc9,PAYeadf1dcde4
ACC21ab436daa,PAYeee797c703
ACC21ab436daa,PAY14d93a7482
ACC4408abcd16,PAYb5f17c6b68
ACCd8b2348b35,PAY73d9726fd3
ACCb1d11e275c,PAYe71cafe62a
ACCb653213064,PAYc79b4163a
ACCb653213064,PAY4f36b51a95
ACCaf1672e01b,PAY63bbe1aac4
ACC614a9ac646,PAY7bd072885f
ACCb5242afa2a,PAY1b760be5d2d
ACC58db6aa105,PAyeeef6a1179
ACCd5a132c018,PAYca165cc8b
ACC6a232986a7,PAY90ed2768bd
ACC6a232986a7,PAY90e77f8c7
ACC31c645874b,PAY4e2c7669c2
ACC31c645874b,PAY15zcd3fbec2
ACC99d2d0d682,PAYd309074b06
ACC99d2d0d682,PAYcff1771814
ACCa04d59a4e1,PAY99a4acf6d0
ACC8fe3e79210,PAY93f9d5a6b9
ACC8fe3e79210,pAY11e75cac0b
ACC3c1e6e0127,PAYe52bde5589
ACCbc80e1cbdb,PAYe94d269eca
ACCbc80e1cbdb,PAY4fb4fe907a
ACCc523a29492,PAYa524f14e94
ACCf351dbf23a,PAYe5d0a33416
ACCf351dbf23a,PAYb0267ec0b1
ACCcab53e0a0c,PAYf2ef2bb224
ACC591afab83b,PAYab5502d12a
ACC591afab83b,PAY161bf89b1b
ACCc939eaa1f1,PAYb36541fd69e
ACCc939eaa1f1,PAYb65dd6712f
ACC5265a21838,PAYffcadbdb5
ACC5265a21838,PAY97b44b012
ACC24f919555f,PAYf6f5fed6a0
ACC826981e854,PAYbe70355517a
ACC826981e854,PAYa2e822d7ef
ACCd5c02bfa9a,APYc1e42108f9
ACCd5c02bfa9a,PAYcd9affa0cc
ACCd29c0c8af3,PAxYb8718d8962
ACCd29c0c8af3,PAYe62e99f41
ACCae5dc3750f,PAY38a6abed05
ACCfe6052ddd2,PAYb594468399
ACC7de3ceac63,PAY16a138c51
ACCda515e3d9d,PAYed617Dde35
ACC858b551b77,PAYea0d84e793
ACCceb2db2b95,PYA97a9699227
ACCeb9a48d588,PAY1c9125b403
ACCeb9a48d588,PAY3b584d4582
ACC3c5f105887,PAY8e7200161
ACC3c5f105887,PAY73d3ae368d
ACC1094ce8f7e,PAYc1f7552360
ACCfd42cbc722,PAY9ca36097e
ACC10e76a02f8,PAY3c301dc9eb
ACC10e76a02f8,PAY642313b4b9
ACC61affdadb5,PAYcd58796182
ACC8ebc6a0a5e,PAY26343b87e0
ACC4484d690a9,PAY8cec372e11
ACC46169bb1a4,PAY8bddfAb076
ACCc9fbd92fe6,PYbd8b65a45d
ACCc9fbd92fe6,PAY38382d477c
ACCb9b020493b,ePAYea2d315535
ACCb9b020493b,PAYcc7ea57361
ACC8ae514534c,PAYbbc617500
ACC20ad746e9a,pAYd26c684a6c
ACC3b69ae2d78,PAY54aac16b34
ACC05dba32fe7,PAYe5f01d5486
ACCbacb6b5804,PAY5a37a38d97
ACCbcab1a787b,PAYf6d77b9b46
ACCb7fa05440b,PAYdbc31ec74d
ACCb7fa05440b,PAY6616167e91
ACC7061a17837,PAY63c7a30b9c
ACC7061a17837,PAY9da33061Ae
ACC99f93ed082,PAYe4dffa61b9
ACC2000a72328,PAY39837a036d
ACC18a2765f1d,PAY96f22b2897
ACC48045396d6,PAYe461fa911a
ACC48045396d6,PAY627af94c8b
ACCec3e4435c6,PAY784ce5b623
ACC1d9b1bbba2,PAYda2641de76
ACCab302330f2,PAYDdff07799b
ACC3638d80889,PAYf914b96282
ACCb34f2e973a,PAfY20bac56a0
ACC20ef59cb07,PAY8dd63d1efa
ACC20ef59cb07,pAY42e3bdee3e
ACC7366c4ab23,PAYdefff200a2
ACC7366c4ab23,PAYf0916bf025
ACC97395ed9ac,PAY11123bdc15
ACC97395ed9ac,PAYb1dc31e247
ACC8736b55de4,PAY8b75967bd
ACCcd0aa57efb,PAY6f8634286b
ACC2e77d45a0c,PAY66209a0a9f
ACC2e77d45a0c,PAYd0aef7d0a6
ACC0fc9e600e2,PAY74Fa9f1d1e
ACC0fc9e600e2,PAYee134f159e
ACC7f6f9d90c5,AY5ded0c3ea7
ACC561dc90477,PAYa9ed5204fa
ACC1eeec09586,PAYcd44Fdd454
ACC1eeec09586,PAY374708e4c8
ACC106240dd7d,PAYedd7910b68
ACC76f84f9870,PAY3a4f0ced4
ACCa9012f4709,PaY1fd681e411
ACCa9096b8265,PAY09ce297f6b
ACCa9096b8265,PAYc3df9d0434
ACC4df3e76024,PAYc01j584727f
ACCbad069dc3c,PAY22c81a7a89
ACC972058b466,PAY2114151b50
ACC972058b466,PAYf09ed2c524
ACCb2fe97af03,PAY5636a970c9
ACCd58625ece0,PAY17a49fb80
ACC705137e419,PAYa0ec4f8d07
ACC705137e419,pAY7b648b761e
ACC5e9d9d5f98,PAY6410a8e3b4
ACC5e9d9d5f98,PAY98b6f89fbc
ACC15f4036f4c,PAYbe4e296c7
ACC48d49c1f18,PAY75b1f5c3c6
ACC48d49c1f18,PAY92f20af686
ACCdb4010566a,PAY7d020b2e61
ACCf5f15644f2,PAY4ae56402c0
ACCf5f15644f2,PAY490e1247f1
ACCdff164ab6b,PAY50594b8bb2
ACCdff164ab6b,PAY580fc45b38
ACC4e753672de,PAY7f1dd8b5c9
ACC4e753672de,PAYd6e8023795
ACC9861dcdf13,PAYa5ae56af5f
ACC67d49f06aa,PAY422df6243ca
ACC67d49f06aa,PAY7921ce64a9
ACC2306465287,PAY64e8157b26
ACC2306465287,PAYb48672c852
ACC6dc961acf8,PAY17c0893b0
ACC53e2ae3625,PAYdb1874f9ec
ACCc0179495dc,PAY541714f190
ACCf0035d2467,PAY52577ce6fa
ACCf0035d2467,PAY07f4b924aa
ACCd077bcbfa0,PAY5706db996d
ACCd077bcbfa0,PAY41ccad571f
ACCd506ba66c6,PAY9261758248
ACCd506ba66c6,PAY20b250e3ca
ACC7543aa6684,PAY84beeaaa3a
ACC7543aa6684,PaYca4ed3ed49
ACCbb57c0d675,PAYa77e345da9
ACCbb57c0d675,PAY3f54a34232
ACCd2c52bf491,PAYf30d7ca776
ACCd2c52bf491,PAY735088bbd9
ACCe1c8a622e7,PAY5bd6270aaa
ACCe1c8a622e7,PAY42fae7ec9b
ACC47486e2f09,PAY234493480
ACC40ad977da8,PAY191d1ea3d3
ACC14772587a4,pAY922b0f172e
ACC14772587a4,PAYf652b5fdfa
ACCd0c5caf638,PAY7f3bb60b40
ACCb150125117,PAY48efdeaae1
ACCa8945eea7e,PAY46f3ad4543
ACCa8945eea7e,PAYe3h47d3ce3b
ACC85ec23f6a3,PAY769f5a92ef
ACC860d4a30f2,PAY42810f82d2
ACC860d4a30f2,PAYe0b92199c
ACC903af64e2d,PAY79aad99915
ACCb8cc7d8902,PAY860cee9fbb
ACCb8cc7d8902,PAY9ce60ff224
ACCdd76763f92,PAY83de2ab19d
ACC02ae725537,PAY3361f74c82
ACCedb22658bf,PAY08b911c6df
ACCedb22658bf,PAY3a9b618e9a
ACC316fae3bb0,PAY3418662cbb
ACC316fae3bb0,PAYd49cdc012
ACC8644f47fdf,PAY8ed9818a1c
ACC33118a9565,PAYbde582df65
ACC27aa07951c,PAYaa6b7fe80a
ACC87c08d72be,PAY8f764933b1
ACC87c08d72be,PAY4454582719
ACC2a437d1ce2,PAY93ee3b7180
ACC8e37c49598,PAY528da48362
ACC8e37c49598,PAYd2bb2e7a09
ACCa26df7364b,PAY1b87129B8d
ACC4e16d99526,PAYfc4b7dabe4
ACCfb9309ee71,PAYab358cdd71
ACCe8d3032535,PAY8c53f78e17
ACCbbd1330db7,PAY23a2a801ad
ACC46ffe3d587,PAY0ba1b2ee24
ACC46ffe3d587,PAYb01eeee58e
ACC482beb4c34,PAYf3b733f511
ACCed652bf7f8,PAYf86d0c586d
ACCed652bf7f8,PAY4e82790c9a
ACC034806991d,PAYa3dcb384f7
ACCbd3167f2d4,PAY782bfd92e3
ACCbd3167f2d4,PAYb0425ca9cd
ACCfac2374c08,PAYf85e849f44
ACC396455083c,PAY290ffaf761
ACC7f5bf930de,PAYeca5649ed
ACC7f5bf930de,PAY26287ecef8
ACC0a3dc2be70,PAY838b36458b1
ACC0a3dc2be70,PAYbd553f7a80
ACC47ea8321e4,PAY73cc64dc56
ACCc5c3b554c3,PAY56f48717b9
ACCc5c3b554c3,PAY5bca08abda
ACC2151b879e5,PAY127a67794a
ACC2151b879e5,PAYb402141b14
ACC0990bc3156,PAY7bd369bff
ACC1ec5b17eb3,PAY652ba770d8
ACC01c960240f,PAY4795681f6f
ACC52b8274ccf,PAY85c9ba0c07
ACCec3b8f32fa,PAY9475557e3e
ACCec3b8f32fa,PAY0b8ffc2136
ACC6421423831,PAY490d0a53d7
ACC6421423831,PAYeff096ce4d
ACCf8c923449f,PAYe6298ee1df
ACCf8c923449f,PAY658f85cb39
ACC2c0bbb953d,PAY618ba2e2b8
ACC2c0bbb953d,PAY5f44403052
ACCae0c0f1e26,PAYf618638387
ACCbe222e59ee,PAya86aedfea2
ACC2e56a01473,PAYbad68d82d8
ACC14d4a0e63e,PAY40817fodd8b
ACC6eb9e3567e,PAYa401bfbc20
ACC5c13daecf3,PAY4d9cc0d6f
ACC5b8d1f7051,PAYe543edee68
ACCb94b7da73b,PAY9f77fea8a1
ACCb94b7da73b,PAY174d09e7ff
ACC68a3aeaa94,PAYe7bbe957c5
ACC68a3aeaa94,PAY3ca946d5a6
ACCce33123e86,PAY45a37ea44d
ACCce33123e86,PAY957ce3d3c
ACCc9d64b6061,PAY61a1490b03
ACC96f25cf5c7,PAYdc8f92af14
ACC8032638ea1,PAY0e36039f9f
ACCf13b9f824b,PAY677aeeeeab
ACC01455bb657,PAY92Aabc50cd
ACC92360e14ce,pAY33945a0da1
ACC92360e14ce,PAY124abc2a1a
ACC9a82ef0aad,PAY53523633a7
ACC9a82ef0aad,PAY4140bda920
ACCf1edf714d9,PAYcfb8ccd447
ACCb53def9be0,PAY8fab114012
ACC0186e6fa58,PAYebbe7b3ef6
ACC0186e6fa58,PAY80ba7ac6Fd
ACCb60860f5fe,PAY61f0bb901
ACCbc5e38edff,PAY15b5c9fffa
ACCbc5e38edff,PAY3499ef3ac
ACCf5a1f1c666,PAY3b0b6e1cc2
ACCf5a1f1c666,PAY77e52fc507
ACCe718f6dc82,PAy8827d58a56
ACC89c8e9f43e,PAY0b099e65662
ACC89c8e9f43e,APYf6d291ac90
ACC12cbb8d106,PAYe948b7d5c9
ACC204c483d33,PAYfd288c95b4
ACC204c483d33,PAY8dc472327f
ACC725751dc1a,PAY21040ebb30
ACCbe1097ed60,PAYf35725190e
ACCbe1097ed60,PAY09eaec204c
ACC8e21ca9234,PAY274b724319
ACC5012fd2dd1,PAY94f8e6eeb1
ACCb7119d2669,PqAY1af0a415ce
ACCb84d3d3827,PAYbb06f7ce6e
ACCb84d3d3827,PAYf1008da575
ACC8272793b65,PAYfe022175659
ACC8272793b65,PAYa316344dc1
ACCe665c58771,PAY15b562b00a
ACCe665c58771,PAY073acd6503
ACCac9b8f768a,PAY292af4d3e
ACC9a1bff587f,PAY8d4sc26ad74
ACC1bb206ebd5,PAY9f82b40ab8
ACC7c4abc13d1,PAY30b7f622e1
ACC0af1695df2,PAY8427f3b4F3
ACCc0d066a63a,PAYd694cef9a6
ACCc0d066a63a,PAY0ac1982be9
ACCe216dc190a,PAY52e64259fa
ACCe216dc190a,PAY07208bd9ff
ACC24d5b79e25,PAY7b3c881a0f
ACC25ae34fdd9,PAYd0425bc5d1
ACC6957ffef71,PAYd0d6b7a164
ACC6957ffef71,PA9Y109f4fe8a
ACC3688e791af,PAY90cd1d8c71
ACC3688e791af,PAY84db114af
ACC59b2568fd0,PAYa301505065
ACC59b2568fd0,PAY9ac001c025
ACC0479e10804,PAY8f1ccdc82
ACC0479e10804,PAY8acd0f566a
ACC350dbba2cd,PAYa01af7347f
ACC350dbba2cd,PAYb71be37b79
ACCb7d9963e5c,PAyb8881ef35b
ACCb7d9963e5c,PAY39e67743e1
ACCff7e8fe88c,PAYab3b8249ca
ACC74f573f3fc,PAY53c31b8fe5
ACC74f573f3fc,PAY48d90a215
ACCba47824513,PAY4c5v30f6812
ACCba47824513,PAYb5b84401cb
ACC4ab9435e7f,PAY09a064b02c
ACC4ab9435e7f,PAYd5cc6a0450
ACC5752226d6c,PAY8435128199
ACCbe478e86c6,PAYc783f7ce19
ACCbe478e86c6,PAY200c4dedc
ACC531c40fb5d,PAY685e08749ac
ACCc79b686f4e,PAY89921b866a
ACC5729f6b5d4,PAY1b65cbefa68
ACC5729f6b5d4,PAY68a953z4542
ACC28d984fdd0,PAYe2375b94db
ACC28d984fdd0,PAY85cd325e5d
ACCc5d351e943,PAY536cc32fa
ACCc5d351e943,PAYc312935d26
ACC07be8eb821,PAY8f25bce9881
ACC408a35f7dc,PAY655854364
ACCe68726be19,PAYif204e8ab07
ACCe68726be19,PAY0c5a0ea9f1
ACC9d40dae40e,PAY969482c145
ACC9d40dae40e,PAYea84c94382
ACC62fce86098,PAY322637c2eb
ACC9700f428dc,PAY7e6a9b62f3
ACC8d2d1fe675,PAY0b14e20d79
ACC8d2d1fe675,PAYb971f6841b
ACCcdfa5bb1ef,PAYdf2fb6752c
ACCcdfa5bb1ef,PAY437de13da0
ACC646da3a61e,PAYc2caa08765
ACC646da3a61e,PAYc66be9a6334
ACCa638b7db5a,APY0a68e2cfb9
ACCa638b7db5a,PAYca9e441872
ACC469e268586,PAY0a34158e51e
ACC4f5a1e2522,PAY6755af7c57
ACC6f04ecb024,PAY5006adb63e
ACC6f04ecb024,PAY83284967ea
ACCaba852bca3,PAY7988ac394c
ACCc9cf82e0f5,PAYeee7a8caf1
ACCfe34e017ba,PAY8434caacc6
ACCb770349b53,PAY812d46673a
ACCb770349b53,PAY5a19970c08
ACC08999cfdf6,PAY4ef7a3e495
ACC9e87e4e944,PAYbaa7709428
ACC29cc31ef72,PAYa5a4f78f7d
ACC29cc31ef72,PAYbf91eedf49
ACC0efc853b8e,PAY2b32fc6a75b
ACC392dd18193,PAY00b67b62fa
ACC392dd18193,PAY469eda95ec
ACCcc480a9bdc,PAYbd71cceb27
ACC1a00e1c85a,PAY93b4619a1f
ACC1a00e1c85a,PAYe08c4b128
ACC5f9ae89f21,PAY12c754b030
ACC5f9ae89f21,PAY32adf2c7ca
ACCa9012f4709,PAYbb76deeef1
ACC2a0d8e95ee,PAYbb76deeef1
ACC1007c626fe,PAY956046eef8
ACC01c960240f,PAY956046eef8
ACC36b14f0d11,PAY956046eef8
ACC431d52282d,PAY956046eef8
ACC9affc1f064,PAYe7109a3aef
ACC5d8059f1d8,PAYe7109a3aef
ACC2a98decb09,PAY2beeb9aba7
ACCa834175d94,PAY2beeb9aba7
ACC017e0124d2,PAY2beeb9aba7
ACCfe4fae1825,PAY54736f20c3
ACC405a764777,PAY54736f20c3
ACC62ac80aca1,PAY54736f20c3
ACC36d5ae6ff2,PAY68d38193d7
ACC8a182ee10a,PAY68d38193d7
ACC4e190591a3,PAY68d38193d7
ACCaa2b428357,PAY2fb009bf42
ACCe401f687d3,PAYf2b009bf42
ACCa9d28cc2df,PAY1f651a8b98
ACC1c1cbf12ba,PAY1f651a8b98
ACC6fdc854fe3,PA1f651a8b98
ACC74f315b8ad,PAY08c676f35a
ACCf527504772,PAY08c676f35a
ACCaf8c26e803,PAY08c676f35a
ACC2e7ca07095,PAYbe8f1717f
ACC62a739a9e0,PAYbe8f1717f
ACCe8ddbe9ab1,PAYbe8f1717f
ACCafb04f82d4,PAYbe8f1717f
ACCbcf1a2eea0,PAYf0983dcbc0
ACC8115e2cab4,PAYef2c1c6ae
ACCb695d369e6,PAYe2f2c1c6ae
ACCf056b3f235,APYe2f2c1c6ae
ACC9b323f0b20,PAY71z845b1824
ACCa857c2f9e9,PAYe2f2c1c6ae
ACC33ef769b07,PAYe2f2c1c6ae
ACC03abab0430,AY65b3025ba7
ACC38c8d57ca5,PAY3c8196738d
ACC8bfd6191ef,PAY8b396c187c
ACCbf21f80de9,PAYf0983dcbc0
ACCdbee0225b1,PAYf9083dcbc0
ACC1c00ba7338,PAy71845b1824
ACCcd7ee04964,PAYe2f2c1c6ae
ACCf1e825b10f,PAY0c715c8a7c
ACCc4a2de739e,PAY0b472adb66
ACC62d15c95a1,PAY71845b1824
ACCf3cdfddf3d,PAY516397f83f
ACC2dac2ee499,PAY26255536d8
ACC5ba7caf524,PAY7y1845b1824
ACC6347b37b50,PAY71845b1824
ACCc93d647892,PAYe5af19f73c
ACC48840e9dc0,PAYb53f4bf2ad
ACC4b4b8053bf,PAY748f797551
ACC84dbb937f2,pAYe2f2c1c6ae
ACCcce8751f76,PAY71845b1824
ACC429b4fefdf,PAY17845b1824
ACC6c30ad4c51,PAYf0983dcbc0
ACCd4649584fc,PaY28d276f8d1
ACC946d4c7a4e,PAYf0983dcbc0
ACC237a75392f,PAY71845b1824
ACCd785c20298,PAY7506417770
ACCbc9003abf5,PAY5005c1b61a
ACC397fd0cbfc,PAY8b6a70cc08
ACCac79685278,PAYabdbf70a17
ACC6d499bb7af,PAY15041e1Cfa
ACCa4ef457710,PAY6a8d290dc2
ACC2f6050afc1,rPAY7506471770
ACCb4d8c5207a,PAYce87a3742d
ACC5300c3e3ec,PAYc5ce4e5f5
ACC5b6b046882,PAYc5ce4e5f5
ACCe65b14b3a5,PAYc5ce4e5f5
ACC5c1263afc8,PAY15041e1Cfa
ACC04c1935468,PAY7506417770
ACCce11df86ea,PAY15041e1Cfa
ACC5794b4e692,PAYf849a39f9e
ACCb6acc3187a,PAY15041e1Cfa
ACC22df612527,PAY98721dc8eb
ACC0433fca279,PAY7506417770
ACCb8cec5b17e,PAY15041e1Cfa
ACC287c22d571,PAY7506417770
ACC893676898e,PAY7506417770
ACC6483b2e8f2,PAY15041e1Cfa
ACCff2a886aa0,PAY49fbb769d5
ACC6f6da3623b,PAYc5ce4e5f5
ACC9ec9ab75a6,PY15041e1cfa
ACCde9e139cce,PAY15041e1Cfa
ACC50898b20b7,PAY15041e1Cfa
ACC874aa97f36,PAYf91a364466
ACC2f2e922482,PAYb1ffd61cad
ACCe904662a6e,PAYb1ffd61cad
ACC4901bdcb88,PAY3409eaf6c2
ACCcd70f889f2,PAY3409eaf6c2
ACC5b6c0fdf57,PAYb1ffd61cad
ACC27fad4518d,AY5ce9128b36
ACCa856201e9c,PAY217Aa0de30
ACCd46ac6864f,PAY3409eaf6c2
ACCaba570f3c8,PAYadb6b95047
ACC308ef9e35e,tPAY217aa0de30
ACC9f98e095e2,PAY217Aa0de30
ACCa8e2512e2a,PAYb1ffd61cad
ACC4ec61becd7,PAY24fb848c83
ACC591005067f,PAYb1ffd61cad
ACCa4ac3515ee,PAY228a92adec
ACC7cb50cfd10,PAhYb1ffd61cad
ACC272739e7fc,PAY217Aa0de30
ACC8a40fa69d0,PAYa0f44e4c81
ACCa74bef42e8,0PAY26dd3ea12e
ACC76d2bbec95,PAY217Aa0de30
ACCc454457e06,PA3Y409eaf6c2
ACC6433ea20be,PAY217Aa0de30
ACC2a0d66859a,PAY3409eaf6c2
ACC6da795f08f,PAY217Aa0de30
ACC2a666c767b,PAY3409eaf6c2
ACC876ad782a1,PAYb808d45fcd
ACC4d1aab2926,PAY217Aa0de30
ACC44bba095b1,PAY66f4a4d824
ACC32ad8e94b8,PAY3409eaf6c2
ACC4bf7070129,PAY3409eaf6c2
ACC5bc4433714,kPAY2b1ee32c34
ACC48c96424b6,PAY217Aa0de30
ACCe2dde150a0,PAY6b5730c7e6
ACCb061464903,PAY217Aa0de30
ACCe87cab2891,PAYb1ffd61cad
ACC0d6530d633,PAYb1ffd61cad
ACC732e70268b,PAY217Aa0de30
ACCf56b928a9d,PAY48d8c104585
ACC2498da5184,PAY4f396036ad
ACC8417329c4b,PAY9ee9ccdd21
ACC119b8df709,PAY48d8c104585
ACCbcd4a1080d,PpAY663df5f6fb
ACC0647ad7532,PAY795c09c1ab
ACC8119f8c250,PAY48d8c104585
ACC1a07625222,PAY4f396036ad
ACCa7b55164e3,PAY4f396036ad
ACCd5bfc770ac,APY1c0db7de97
ACCf8660182a4,PAY111ea64ed9
ACC94be6d6707,PAY8e232650b1
ACCc571dd0205,PAYde4bfbfb70
ACC1645ffdf8e,PAY7af822f630
ACC6ddef0aaea,PAY4f936036ad
ACCa44336ca6e,PAY48d8c104585
ACCaa8073485b,APY48d8c10585
ACC5528aa458b,PAY4f396036ad
ACC5b4168528d,PAY48d8c104585
ACC5d0922b29c,PAY4f396036ad
ACCbc1f5ce20c,PAY48d8c104585
ACC2d900b101f,PAY45e3b0au58c
ACC00972e3f8f,PAY48d8c104585
ACC4a6323ed27,PAY48d8c104585
ACCe30d2eee2f,PAY48d8c104585
ACC8491c087f3,PAY582e0f61d5
ACC5cdf1cb259,PAY48d8c104585
ACC37f86075df,PAY48d8c104585
ACCfc998c7683,PAY4f396036ad
ACC1ecb3261b9,PAY48d8c104585
ACCc34856c4de,PAY4f396036ad
ACC266acdb567,PAY4f396036ad
ACCd023c614b7,PAY4f396036ad
ACC0c9d8d873c,PAY6bf0793a84
ACC6953294696,PAY4f396036ad
ACC57418f8ffa,pAY4acedd9706
ACCdaff016916,PAY48d8c104585
ACC1015d78719,PAY48d8c104585
ACC66d24ed117,PAYv5cbf428b3e
ACCaf46f80783,PAY5cb428b3e
ACCbf2af01235,PAY82a24699b6
ACC20e397148a,PAY5cb428b3e
ACCfcbe907df0,APY5cbf428b3e
ACC22c6f8ec95,PAY70743b1a81
ACC7f8d4c5278,PAY82a24699b6
ACC4d2815ac24,PAY70743b1a81
ACCf761fe2fbc,PAY63ddabe788
ACC22cc2e64ae,PAY1bceda34e5
ACC8371d857b0,PAY70743b1a81
ACC5d68e1175e,PAY82a24699b6
ACC00150aa761,PAY82a24699b6
ACC104ba10289,PAY70743b1a81
ACC9f386d6298,PAYd5b0262d5b
ACCb83399b922,PA5Yd12916df6
ACC3f8230cc07,PAY60e0461519
ACC97ef39b686,PAY5cb428b3e
ACC5b2ce36a26,PAYd38e5f5e4f
ACC5b11d032f2,PAY70743b1a81
ACC268a5a27f0,PAY70743b1a81
ACCc977fe5e1b,PAY70743b1a81
ACC670654f555,PAY5cb428b3e
ACC06e5f236c0,PAY82a24699b6
ACCd2698288f1,PAY8a5c8d61d2
ACC0d29bbd224,tPAY82a24969b6
ACCba4e632471,PAY5cb428b3e
ACC89c08afb64,PAY82a24699b6
ACCd3dabafefa,PAY82a24699b6
ACC1dc7bce7bb,PAY82a24699b6
ACC5a0e0309a5,gPAYab16bfd0d0
ACCfb3dc15089,PAY5cb428b3e
ACC6adb0ec7d3,PAY5e4bba9503
ACC6ef015068c,PAY866c229f41
ACC92a9d41830,PAY82a24699b6
ACCb58c5ed518,PAY5cb428b3e
ACC7f5448a420,PAY063270641b
ACC3708d89ecc,PAY797526336a
ACC141f123286,PAY78eff548e1
ACC7ebdc30200,PAYe4fced0ef
ACC01618a9f0a,PAY7105102e283
ACCfec75b925b,PAY933ef84e6a
ACC57bc969502,PAY1as333137e3
ACC3774689e2c,PAYfe6cc13c2d
ACC85964e79d4,PAYfe6cc13c2d
ACCfdb2961420,PAYe04fced0ef
ACC4a86388899,PAY933ef84e6a
ACCd1ddff34fb,APY1ed0fc00b6
ACC70c2d3c148,PAY1ed0fc006
ACC6acf7ca3a1,PAYed6891C3c0
ACCfea83b19e9,PAY33a9da331a
ACCc51f16efda,PAYed6891C3c0
ACC4fa0c93d5b,PAYed6891C3c0
ACCb224be93e7,PAYed6891C3c0
ACC7454c6a723,PY1ed0fc00b6
ACC5e69838463,PAY5cbbf3ad60
ACC6f7e4afffe,PAY1ed0fc006
ACCa70c62fe6f,PAYed6891C3c0
ACCa6435156fc,PAYf1e3dd7b7ff
ACC8f383902f1,PAY1ed0fc006
ACCfc47e02c54,PxAY1ed0fc00b6
ACC7f8b900ea7,PAYd6891c3c0
ACCebe5bdb2c0,PAYd6891c3c0
ACC3d72a25bff,PAYa33662175a
ACCe9c77ba71a,PAY1ed0fc006
ACC957bf9ab52,PAY4f77997f4f
ACC670a11109d,PAYed6891C3c0
ACC98fa3991a3,PAY1ed0fc006
ACCe971e0fb50,PAY1ed0fc006
ACCb00f9e97fe,PAY1ed0fc006
ACCf7cb060d8f,PAY6a132fe380
ACCb66d104e2a,PAYae2b68d94a
ACC15cb3498d6,PAY6a132fe380
ACC1a9b23d23c,PAY934777ac2
ACCfa3a977995,PA6a132fe380
ACCd4d40248c2,PAY93d4777ac2
ACC0bf45462d4,PAY6a132fe380
ACC58e8a23c1b,PAY6a132fe380
ACC9937bf3bfc,pAY93d4777ac2
ACC1233cb9f02,PAY93d4777ac2
ACCf1d90d124a,PAY965102a8ca
ACC4203e782ed,PAY6a132fe380
ACC649371386a,PAY34bac8e7ac
ACCc6f8691904,PAY93d4777ac2
ACC02cf402ddf,PAYeb1296ef1
ACC9d48468421,PAY6667bc47fd
ACCe9f562b77e,PAYeeb1269ef1
ACCc8b471f524,PAYf9580209f8
ACCd228bf95a9,PAYf9580209f8
ACC5166d29be6,PAYeeb1269ef1
ACC885b669301,PAYf9580209f8
ACC0f82374b4a,PAY6d6c2e2ae3
ACCc23bfdc159,PAYeeb1269ef1
ACC7a8d6f6765,PAYf9580209f8
ACC392620aee2,PAYa990401d1
ACC8e9c5b9e6a,PAYeeb1269ef1
ACC6b2a693cde,PAYg669d70ef7d
ACC3df10b4b45,PAYeeb1269ef1
ACC6b45cd3d1a,PfAYf9580209f8
ACCadaaf79340,PAYeeb1269ef1
ACC9d4d040236,PAY5a74824c8
ACCea33266e0e,pAY4654c3e7a1
ACCc27a386390,PAYf9580209f8
ACC5b45637afd,PAY38ae2e0044
ACC22346a19f7,PAYf9580209f8
ACC9ffb80d342,PAYeeb1269ef1
ACCaf4024c6b3,PAYeeb1269ef1
ACC63aa71db22,PAY399efc8d895
ACC60b35e30cd,PAYf9580209f8
ACC06b37b43d6,PAYf9580209f8
ACC28b4386389,PAYee1b296ef1
ACCb346ab4fa0,PAYf9580209f8
ACC86ef406d6f,PAYeb1296ef1
ACC855587759d,PAYe9fb8f21f9
ACCe306c54fb8,PAYc47e5a0190
ACC190a729117,PAY7010f1cd66
ACCb2adfb3118,PAY115c2bb710
ACC6a204dd12a,PAY115c2bb710
ACC1db3b9ffad,PAY636a2547f6
ACCbb268a2ea6,PAY1n15c2bb710
ACC3cb90755a8,PAY5c774caab1
ACC2af9fa4871,PAY579c79163e
ACCa45e87fa8a,PAY115c2bb710
ACCf30120716d,PqAY5c774caab1
ACCd2877aa6ab,PaY0c81efe56f
ACC74713d07a3,PAY83c14f8593
ACC2691ec76f7,PAY0c81eFe56f
ACC5bf3ca5bb0,PAY0c81eFe56f
ACC86025a18d9,PAYf1bdd71770
ACC94b33a7b2f,PAY0c81eFe56f
ACC91135e6b3f,PAYa0970ddD98
ACC105681df44,PAY0c81eFe56f
ACC0f3a3991c7,PAY06161f489a
ACC44493d1e88,PAYa0970ddD98
ACC3609a550e7,PAYa0970ddD98
ACCcf7333b2df,PAY0c81eFe56f
ACCd452becef7,PAY06161f489a
ACC6b68bc5baf,PA0Y6161f498a
ACC36cc76d81d,PAY68d90a3ec7
ACC319fd5fece,PAY06161f489a
ACC95229856a4,PAYa9070ddd98
ACC2612df7f66,PAY06161f489a
ACCcb91d963eb,PA0c81efe56f
ACCf56f711e65,PAY0c81eFe56f
ACC67454a7a03,PAY06161f489a
ACC9eee2fd145,PAY7db656dae46
ACCdaada1c86a,PAY0c81eFe56f
ACC3506b2735e,PA0c81efe56f
ACC6c4e79e1ce,PAY10567a86b2
ACC0dd4f71bd8,PAY0c81eFe56f
ACC543e6bb578,PAY9c110ad2cd
ACCc0fea10b62,PAYa0970ddD98
ACCaf37353e36,PAY06161f489a
ACCa71716ccab,PAYa0970ddD98
ACCd3c4084336,PAY0c81eFe56f
ACC88160fd9af,PAYa0970ddD98
ACC96b0e5614a,PAY06161f489a
ACCca2c33d5c3,PAY461e1ae01
ACCf6fd99a266,AYe0d248220e
ACC284d848b93,PAY461e1ae01
ACC505f4b2318,PAY461e1ae01
ACC732ed25d46,PAY719b59aaae
ACC84d89de624,PAY461e1ae01
ACCe0bd14c842,PAY93149ad5f
ACCdb325a8a30,PAYa248b46366
ACC1260049b7d,PAY3013741794
ACC48da1f77c6,PAY461e1ae01
ACCc2b0deb5f0,PAYa248b46366
ACCf532094d57,PAYdb19eda23e
ACCe4a2ca83a0,PAYe0d248220e
ACCa55a1d77d7,PAYe0d248220e
ACC993464ca6e,PAYe0d248220e
ACC24688f156c,PAY7681d81732
ACCb6a5ea0ba5,PAY0d16e846e
ACC823e5c30fa,PAYb00403c488
ACCe8bbd527d3,PaYe0d248220e
ACCbecad34ece,PAY1824ea382f
ACCdc3c8629e2,PAYa248b46366
ACC5b1c5afc6c,PAYc17fa4b543
ACC1efbcbe7ac,PAYb20078050
ACC4cde7f492a,PAYb20078050
ACC39fb791f3e,PAY68cf9d2efb
ACC879f51df34,PAY8f8a7fa9fad
ACC5285990c8c,PAYbh200785050
ACC3e7c0d15d4,PAwY68cf9d2efb
ACC08d9af27d5,PAYb20078050
ACC495fa2eaf8,PAY68cf9d2efb
ACCd441639ea2,PAYb20078050
ACC06f286737b,PAY627668cc8A
ACC1b684f1a74,PAY68cf9d2efb
ACC8acedae631,PAY01647821a9
ACC3b150bd51b,PAY68cf9d2efb
ACC2c95a9b00d,PAY68cf9d2efb
ACCfffb62f963,AYb200785050
ACC9e7f033fa2,PAY68cf9d2efb
ACCd37fb91869,PAY5376a3bbe0
ACCb7c00b0a0c,PAY68cf9d2efb
ACCcadc4e5e39,PAYdf7779f59c
ACC0d56db0a09,PAYb20078050
ACC3d9af97fa6,PAYb20078050
ACCa5164d334c,APYb200785050
ACC8eb9ab4053,PAY74e4e55196
ACCde7b471888,PAY74e4e55196
ACC543234a604,PAYdad5e69c2c
ACCc60e972002,PAYff173d96e3
ACCbd620a344d,PAYdad5e69c2c
ACC51958561da,PAYdad5e69c2c
ACC3c520fca09,PAY09a133397c
ACC7fa040410a,PAYdad5e69c2c
ACCa9969fd0b1,PAY100b1e470b
ACC98932f7f1f,PAY09a133397c
ACCbc70eccbb3,PAY09a133397c
ACC8944c4bc07,PAY09a133397c
ACC3b5d8a31bf,PAY09a133397c
ACC82260c4593,PAYdad5e69c2c
ACCd9ff8d1a79,PAYe6Ef0c1556
ACC4c29d9ffa4,PAY09a133397c
ACC200c561bad,PAYdad5e69c2c
ACC7bfbff1655,PAYdad5e69c2c
ACC97e00d9492,PAY74e4e55196
ACC543991ddf6,PAY7401b1a2d8
ACC22ce9601f9,PAY8c81ee1a3
ACC2dad2ddc2a,PAY74e4e55196
ACC76778c0ccd,PAY09a133397c
ACC878d087312,PAY123e20baa9
ACC01942b20f4,PAY09a133397c
ACCda98b52229,PAYdad5e69c2c
ACC809b2c4713,PAYdad5e69c2c
ACC444bbef99d,PAYa9bc5768eff
ACC3a8022f5bc,PAYb4d79a99d6
ACCf5f7e4e6a5,PAY13f65511127
ACC45093eee70,PAYb0cd3e4e18
ACC6a0dd72f18,PAYpb4d79a99d6
ACC3c0370f233,PAYa9c576eff
ACCb4cb2f077b,PAY13f65511127
ACC984675d7b2,PAYbd79a99d6
ACCaa37c1ff05,PAYa9bc5768eff
ACC7123213644,PAY13f65511127
ACC9afe62456c,PAY8aa901949f
ACC1f792c9d17,PAYb4d79a99d6
ACC751b01dbce,PAY1i3f6551127
ACC6d873d4f58,PAYb4d79a99d6
ACC37562e9f0d,PAY13f65511127
ACC2e74878f5b,PAYb4d79a99d6
ACC9750da6870,pAYa9c5768eff
ACCfbe538e526,PAY13f65511127
ACC21b4a38707,sPAYfcf3056135
ACC71b72794fe,PAYcA087d1e2b
ACCcce7c1800f,PAYd2111816b7
ACC13c9ea6d2f,PAYd2111816b7
ACCa2e3dc9d1a,PAY3b88C0b1da
ACC46bfef45e2,PAYcA087d1e2b
ACCdd8956322d,PAYc99fd72192
ACC74cccc396c,PAYba544da8fd
ACC569f4df574,PAYcA087d1e2b
ACCba81f3a579,PAY3b88C0b1da
ACC4aaf379719,PAY3wb88c0b1da
ACCaa13d96344,PAY3b88C0b1da
ACC0513483e6d,PAY3b88C0b1da
ACCf35b5c3534,PAYcA087d1e2b
ACCd89f07049e,PAYc39966d665
ACCc3cddca93a,PAY3b88C0b1da
ACCf647b3491a,PpAY3b88c0b1da
ACC915022c8f0,PAYcA087d1e2b
ACC22df4a1571,PAYcA087d1e2b
ACC4e719eb986,PAY3b88C0b1da
ACC28858680e2,PAY5323682cb4
ACCa8cbdc0c2a,PAYd2111816b7
ACCf3ea170faa,PAYd2111816b7
ACC3e8dd9d2c5,APYda502f5bab
ACCdf19ff7922,PAYcA087d1e2b
ACCb1bbfcf214,PAYd2111816b7
ACC5793ea90d8,PAYcA087d1e2b
ACC30bd39be42,PAYcA087d1e2b
ACC99fd83cc30,PAYcA087d1e2b
ACC68038d46b3,PAY3b88C0b1da
ACC05abc3e247,PAYd2111816b7
ACCed2a1edb4a,PAYd2111816b7
ACCe58e681abe,PYA1d71ec8d49
ACC1b05d438b6,PAY0410ac75d2
ACCfd79ae98e5,PAY050bef577c
ACCe3bd945b70,PAY05k0bef577c
ACCdaeb0aad41,PAYa945b8a87f
ACC39cb5302a5,PAY050bef577c
ACC42df70858e,PAYea6e078cb4
ACCce56a7318c,iPAY05606dc93c
ACCc14ac4394f,PAYea6e078cb4
ACCdbbf8d191d,PAY7ef6d4b454
ACC38485f99aa,PAYb801b124c6
ACCeb3337f7d8,PAYa9945b8a87f
ACC1ffb17bc1a,PAYea6e078cb4
ACCe63f9246b8,PAY80b59ad811
ACC68d43b6b86,PAYd69c32b35f
ACCc1f9956f2c,PAYd69c32b35f
ACC5f13e5644d,PAY20a0d8b44
ACC54dfeb8b7b,PAYd9c32b35f
ACC9477b88e9e,PAY138759e509
ACC52c21e8a14,PAYd2aca6ac9e
ACCda04030389,PAY84affea916
ACC45abd546ce,PAYd69c32b35f
ACC0103ce561e,PAYcd8af46271
ACC7f3e31b044,PAY908510e48e
ACC11f8bea8bc,PAY20a0d8b44
ACCe7476edfc0,PAY16938a8acd
ACC074990a083,PAY20a0d8b44
ACC25d64b5ec3,PAY20a0d8b44
ACCa18a3f25fe,PAY20a0d8b44
ACC89053f639d,PAY20a0d8b44
ACC08d59d29c8,PAYb1ad4dff4c
ACC16df76b321,PAYb120a71542
ACC45db7dda02,PAY20a0d8b44
ACC049aa33a6c,PAY1676acaec8
ACC2f447055ce,PAYd69c32b35f
ACCaabe52004e,PAY06ccd51bdf
ACCf134e92692,PAYd69c32b35f
ACC1f48af77eb,PAYd69c32b35f
ACC18478c883d,PAYd0edf4a89
ACC7820a0edd2,PAYd69c32b35f
ACC4a6bd8b246,PAY20a0d8b44
ACC21c61b823f,PAY20a0d8b44
ACCe6858d84a6,PAYd69c32b35f
ACCeec304ba87,PAY33cDc49580
ACCccd59fc799,PAY687f89d6f7
ACCb31e3624df,PAY5948e112b6c
ACCf62e4e1567,PAY33cDc49580
ACC40e1b87285,AY33cdc49580
ACCe080033e03,PAY3cdc49580
ACC2a75980e6c,PAY33cDc49580
ACC4cbf8cfc42,PAY33cDc49580
ACC51d158e5c6,PAY33cDc49580
ACCaf02f5f69d,PAYe2daca1977
ACC07eb4db2c6,PAYe2daca1977
ACCa1999d895c,PAYe2daca1977
ACCd96876c5b4,PAYec2daca1977
ACCe132b3cc8f,PAYe2daca1977
ACCad3c6b89ce,PAY33cDc49580
ACC1fb7e1c900,AYf91c5032a0
ACC398e673fa8,PAY65dfc2ce04
ACCf1ecc1dda7,PAY1e64e0eb7a
ACC35220e4087,PAY35e5e3e076
ACCe29b1a5334,PAY1e64e0eb7a
ACC7bd61aff59,PAY2afb371f99
ACCa4f322d603,PAYe164e0eb7a
ACCfc81d713a9,PAY1e64e0eb7a
ACC0e84f2884a,PAY123cbd99cf
ACC15cf1bedc9,PAY1e64e0eb7a
ACCdfafca9bdd,PAY65dfc2ce04
ACC1c18e19910,PAY1e64e0eb7a
ACCe4438c02ac,PAY1e64e0eb7a
ACC5695eca15d,PAY65dfc2ce04
ACC9da2252a33,5PAY12c3bd99cf
ACCf7243574fe,PAY09be911b27
ACC4794278ae6,PAY1e64e0eb7a
ACC2a09813ca6,PAY65dfc2ce04
ACCc613df5d2b,PY12c3bd99cf
ACC56ad4c7e0f,PAY12c3bd99cf
ACCe320d947ed,PAY1e64e0eb7a
ACC12e718add0,PAY65dfc2ce04
ACC342ace3238,PAY12c3bd99cf
ACCfc6f0c0127,PAY12c3bd99cf
ACC7a2a65298f,PAYddc05f4a81
ACC0ba6fb63c1,PAY1e64e0eb7a
ACC24fb1e99d4,PAY4ffee094fc
ACCdb94499c58,PAY65dfc2ce04
ACCe7494e53eb,PAY1e64e0eb7a
ACC831816fb43,PAY1e64e0eb7a
ACC9e2b647f75,PAY65dfc2ce04
ACCdc6c8e5b39,PAY5cbde3507b
ACCd666de66bd,AY701b139c76
ACC5c0b099a98,PAY1e64e0eb7a
ACC390833dec5,PAY12c3bd99cf
ACC8975ab9669,AYc1ecc14364
ACC241500222c,PAY1e64e0eb7a
ACC876ad782a1,PAY5cb428b3e
