account_id,ring_id,is_ring_member,coincidental_group_id
ACCa043bae160,,False,
ACCe9b37ea22b,,False,
ACC310890b010,,False,COINC0024
ACC8e3b36a45c,,False,
ACCdfbe32c262,,False,
ACCa8cfba4a91,,False,
ACC8636e9bdc6,,False,
ACC104af6b1ba,,False,
ACC49786b5b44,,False,
ACCcaae68aed1,,False,
ACC7b1f932881,,False,
ACC01aefb61ad,,False,
ACCdaea479b14,,False,
ACCf4b3735f5e,,False,
ACC299b69486c,,False,
ACC1bf1867245,,False,
ACCb561661db3,,False,
ACCa11a4baed5,,False,
ACC5eb811278d,,False,
ACCb508d2c7ba,,False,
ACC12554f028e,,False,
ACC82d89c28dd,,False,
ACCfd6fedeb32,,False,
ACCfb45d8b4d5,,False,
ACC4738eb2993,,False,
ACC312742bc9c,,False,
ACC8707cb6db9,,False,
ACCc2f3e99cd3,,False,
ACC45e7cbc535,,False,
ACC60b848b6f2,,False,
ACC96c43146c2,,False,
ACC54c5e3f2c0,,False,
ACC473777b54c,,False,
ACCb86262abaf,,False,
ACC05485b44df,,False,
ACCe4de151aa0,,False,
ACCbda488b40e,,False,
ACCb1e5684fa7,,False,
ACC2403d6e7b9,,False,
ACC1f3ac1dc1f,,False,
ACC2fdcf82009,,False,
ACCb503b5cb07,,False,
ACC6c3068fae9,,False,
ACC34bc5b917e,,False,
ACC904c4fa665,,False,
ACC59710a9973,,False,
ACCaa0b66872b,,False,
ACC6f46dcac1b,,False,
ACC7c7d717a16,,False,
ACC29e8d85b83,,False,
ACC6caf0b3dd7,,False,
ACC08c8874a51,,False,
ACC7826c8f2ae,,False,
ACC033b6d2be7,,False,
ACC343a8c6ee0,,False,
ACCfd2d9cd2a4,,False,
ACC9f6388287f,,False,
ACC146a630be8,,False,
ACCeaa9c80797,,False,
ACC7558e401df,,False,
ACC5ed7de82f8,,False,
ACC01036c75b0,,False,
ACC19efa0abc2,,False,
ACC1d2d3719da,,False,
ACCd53868b57f,,False,
ACC6798346219,,False,
ACC8c89fba6e8,,False,
ACCa9a32bee6e,,False,
ACCfd757360b6,,False,
ACC9a2d2b64c7,,False,
ACC1d563309f8,,False,
ACCa7ae85c6bd,,False,
ACC4fc924e800,,False,
ACC8d2f11dc67,,False,
ACC7bb4e90075,,False,
ACCf9ddc66ab2,,False,
ACCac2124a17f,,False,
ACC0f36ca7fcf,,False,
ACCb9b91d4683,,False,
ACC6c342cfe98,,False,
ACC05ab8c258a,,False,
ACCac7a8879e4,,False,
ACC355938cc31,,False,
ACC9da7b189d2,,False,
ACC30a97e0401,,False,
ACC1f59f1db4b,,False,
ACC95f500d5b0,,False,
ACC4a5648a8ea,,False,
ACCcbe31346d0,,False,
ACCc26a5128fd,,False,
ACC5babbb4105,,False,
ACCcae0aa69fd,,False,
ACC4010161a94,,False,
ACCb770734d65,,False,
ACC00e52de016,,False,
ACC5a2c63c667,,False,
ACCf105a50a14,,False,
ACC25f47c290e,,False,
ACC2950065656,,False,
ACCafb4a53f5e,,False,
ACC978a9a9121,,False,
ACC91005d12e7,,False,
ACC7b7bd95451,,False,
ACC9d423a4289,,False,
ACCcd392db84c,,False,
ACC21f43a1082,,False,
ACCd601e5b718,,False,
ACCa9e663150a,,False,
ACC36a3bf7e25,,False,
ACC644875b3e0,,False,
ACCeb1ac52be6,,False,
ACCc37ad8a0af,,False,
ACCaea7c539e1,,False,
ACCde3becdb4d,,False,
ACCf7b196fb42,,False,
ACCf23a4aab9a,,False,
ACCed4df6511b,,False,
ACC0638e6e0c4,,False,
ACCe691064a35,,False,
ACC16e809b209,,False,
ACCdd3f2f8fcc,,False,
ACC1b5b379725,,False,
ACC41f2656b6c,,False,
ACC22230d6c72,,False,
ACC7014fcf856,,False,
ACC67ef0f0cb8,,False,
ACCadbdb0ee75,,False,
ACC376371fe6d,,False,
ACCbc640120fd,,False,
ACC6fe43dbf1c,,False,
ACC7d64551c70,,False,
ACC7675dc85fb,,False,
ACC723ab402e9,,False,
ACC14a8efe2e5,,False,
ACC66eee926ec,,False,
ACCbd198bb88f,,False,
ACCa97d2cae1d,,False,
ACCe56812bea7,,False,
ACCee72b17357,,False,
ACC1bc037cf0d,,False,
ACC04add70005,,False,
ACC5f40542913,,False,
ACCacee0148eb,,False,COINC0009
ACC4188290e83,,False,
ACCa24347c657,,False,
ACCce53bf00f1,,False,
ACC73297b93c4,,False,
ACCb3171991ae,,False,
ACC9ee35ef353,,False,
ACCf6da1d8b17,,False,
ACC4e8a7759ae,,False,
ACCbeadbc12c2,,False,
ACC585cf86a25,,False,
ACCd613448d3c,,False,
ACCcff853e4ca,,False,
ACCe3b1ba6876,,False,
ACCb4b94ba2c2,,False,
ACCd1e8039978,,False,
ACC53622a5879,,False,
ACC139c4840c1,,False,
ACC8f0251dea3,,False,
ACC3bace0fbe0,,False,
ACC32a5fa89ec,,False,
ACCe82ac3b8c9,,False,
ACC41a7a41b71,,False,
ACC6e32a54607,,False,
ACCa30309d689,,False,
ACC378a59ef28,,False,
ACCbe22d008ff,,False,
ACC58da68d8a0,,False,
ACCe684911def,,False,
ACC13a91aeea4,,False,
ACC21a4dc9038,,False,
ACC89287fbefa,,False,
ACC094376b465,,False,
ACC5873f924ad,,False,
ACC56de2f3074,,False,
ACC5e62587efb,,False,
ACC8aa65d0499,,False,
ACC456dc43e6a,,False,
ACC40127efe1a,,False,
ACC72a582b526,,False,
ACC8d356c1a7d,,False,
ACCa081249c8b,,False,
ACC0123a887fa,,False,COINC0015
ACC71968bcc04,,False,
ACC37498294fd,,False,
ACCb7b69684e7,,False,
ACC21d99cddb4,,False,
ACCe7a8c9d64e,,False,
ACCa8b8f2d5bb,,False,
ACC27e15e6d27,,False,
ACCd4194ab19b,,False,
ACCdbbafcd2d2,,False,
ACC3d3001c8ef,,False,
ACCcc1122d87e,,False,
ACC601fafbdf4,,False,
ACC7b2bda36ae,,False,
ACCda7f6462cd,,False,
ACC68b1e3d36f,,False,
ACCd302d34079,,False,
ACC81818148d0,,False,
ACCc2d4906060,,False,
ACC87e33b3a63,,False,
ACC21198bc893,,False,
ACC2f3d239234,,False,
ACCca2384b03e,,False,
ACC09082a76ea,,False,
ACC43483c48a0,,False,
ACC1333ef5b25,,False,
ACC95dca7cd3d,,False,
ACCdf2edcfb3d,,False,
ACC90148c554e,,False,
ACC1de923d53c,,False,
ACCec6fd96c84,,False,
ACC2fbe6ecb46,,False,
ACC3cbeaffe52,,False,
ACC7ca78d7abb,,False,
ACC231ab77a09,,False,
ACCeb95c9dc37,,False,
ACCc816c12888,,False,
ACCa011777e0b,,False,
ACC2307ed16da,,False,
ACCc9fe7a4931,,False,
ACC910d11f1ef,,False,
ACC81148fcd9e,,False,
ACC59600a9c4f,,False,
ACC14f1edd4ca,,False,
ACC63aaa223d8,,False,
ACCdbc96982eb,,False,
ACCf5a10bf7ce,,False,
ACC092f2ec5da,,False,
ACCf732d72285,,False,
ACCb3ac8683d5,,False,
ACCee50a40f13,,False,
ACC904f7cbd78,,False,
ACC33d4bfd067,,False,
ACC2e1cd3c03b,,False,
ACCaf2b702342,,False,
ACC776993caaf,,False,
ACC4cb954923d,,False,
ACCf0b1b5a70f,,False,
ACC76a71ee0ab,,False,COINC0007
ACC127d36939c,,False,
ACC9c182d6172,,False,
ACC3ae3ec7c1a,,False,COINC0042
ACC70f716e3cf,,False,
ACC1aa2b33b9b,,False,
ACC54b65c2c00,,False,
ACC808ef5b2d6,,False,
ACC9c5e0450f2,,False,
ACC23339fc11f,,False,
ACCca1c5c74b2,,False,
ACCd3d1a22f21,,False,
ACC1d7d69f4b1,,False,
ACC38f1f3ac33,,False,
ACC59aa0742d0,,False,
ACC0e7500056a,,False,
ACC2559d2ec2d,,False,
ACC53c4dbd4dd,,False,
ACC699ea6f599,,False,
ACCeccc37d868,,False,
ACC3d2972d536,,False,
ACC28377d86c6,,False,
ACC45f1bdc8e2,,False,
ACCbbd4925cda,,False,
ACC90790135cf,,False,
ACCc2beb94dc7,,False,
ACCcecf39b235,,False,
ACCeb98cbb968,,False,
ACCd62002ebcb,,False,
ACC652a48576c,,False,
ACCc8f25ad9c2,,False,
ACC4b80f71bd6,,False,
ACC135376de0c,,False,
ACCd94d830eb9,,False,
ACC5cc7fc7b37,,False,
ACC8dc79bf5d6,,False,
ACC1f4a4d08d7,,False,
ACC266652d84f,,False,
ACC32f4429759,,False,
ACCd79a492b42,,False,
ACC243cdb1922,,False,
ACC066ebd0fd6,,False,
ACC53d97c0548,,False,
ACCb9f27b91c4,,False,
ACCc62eae7f92,,False,
ACC7868e66aaa,,False,
ACCeabe61c628,,False,
ACC4036bde81d,,False,
ACC64380fced1,,False,
ACCe9fcef0f58,,False,
ACCcd4d49c70b,,False,
ACC218a962fb3,,False,
ACC8885c3a1a0,,False,
ACCa4081d99f0,,False,
ACC03c1805307,,False,
ACC57cffbdc14,,False,
ACCa2cfb22773,,False,
ACC6f461949a3,,False,
ACCaa0af460bf,,False,
ACC41244189e0,,False,
ACC9ae9a82f0b,,False,
ACC3fe11cec18,,False,
ACC34868dfa62,,False,
ACCe15aac7e5a,,False,
ACC27168bb2d5,,False,
ACCd3770f9b26,,False,
ACCbaea5ca77d,,False,
ACC11376af0c1,,False,
ACCc2b4d64248,,False,
ACC27aefb834f,,False,
ACCa6b56e312e,,False,
ACC9ac04e2e28,,False,
ACC128d427bc9,,False,
ACCb65a65c42f,,False,
ACC7d8599040c,,False,
ACC7eafa38ca1,,False,
ACCdd2cc8a324,,False,
ACCdcf13208f5,,False,
ACCac1098da70,,False,
ACC7c3e1224f3,,False,
ACC37b209b5b6,,False,
ACCe4b0d29c19,,False,
ACC3b6186f861,,False,
ACCf08df0ee2b,,False,
ACCedff6b373b,,False,
ACCea28a1a601,,False,
ACCc1fa61dd9c,,False,
ACC7d89b76ff5,,False,
ACCaac901e50a,,False,
ACCaeafadd3fd,,False,
ACCd94c5aa3e1,,False,
ACC17341ddad5,,False,
ACC147c7791b4,,False,
ACC88803fae25,,False,
ACCaabfb978ba,,False,
ACC26b0f1c614,,False,
ACCa8bd849e97,,False,
ACC7d59c0bd3a,,False,
ACC824b8b9217,,False,COINC0000
ACC61ec036929,,False,
ACCdaecf9eedd,,False,
ACC95ef4c056d,,False,
ACC6c6b311f35,,False,
ACC58f5a5523a,,False,
ACC829bb55958,,False,
ACC79599c8baf,,False,
ACC18f9169e42,,False,
ACC2c8f2542b0,,False,
ACC79a7ec9305,,False,
ACCea89658744,,False,
ACC28cc3c9760,,False,
ACCfbdaa8da7d,,False,
ACCf3d5571001,,False,
ACC9fa1b79bcb,,False,
ACCf36a37c97d,,False,
ACC2a5418cbac,,False,
ACCf3729067da,,False,
ACC9e0b7c82d9,,False,
ACCd7d60635fd,,False,
ACC945fac994a,,False,
ACC6f43e65258,,False,
ACC787e83c1cc,,False,
ACC7e5bec395f,,False,
ACC651e3149fc,,False,
ACCbfd2420690,,False,
ACC672b06fc49,,False,
ACC42aa454195,,False,
ACCc61032d888,,False,
ACC34e10a792b,,False,
ACC479f6f6687,,False,
ACCdde02aacec,,False,
ACC52c7a740b0,,False,
ACCfe77c7fc37,,False,
ACCfdcb28b2ec,,False,
ACC592f0acc1c,,False,
ACC341a963e91,,False,
ACC27792512b4,,False,
ACC7fd21ea832,,False,
ACCc2f09db36e,,False,
ACC088faa3ebf,,False,
ACC0b56579d13,,False,
ACC85d8bf896a,,False,
ACC76ead50a78,,False,
ACCf4e5476c19,,False,
ACC0f207fa679,,False,
ACC5b8728262b,,False,
ACC47dda29312,,False,
ACCb900a9e599,,False,
ACC83d5640545,,False,
ACCdd8e7cdb21,,False,
ACC8024f4496c,,False,
ACCb69e5f49b8,,False,
ACC563add7ac0,,False,
ACC57b0a62a45,,False,
ACC5ab69a745e,,False,
ACC7e1cae561e,,False,
ACC5fbb1f36d6,,False,
ACC7094edf69d,,False,
ACCfe82c68e87,,False,
ACC6cefff7140,,False,
ACC9b9e1c954b,,False,
ACCd8a7acbda9,,False,
ACC8a5b3faf8d,,False,
ACC0ac6bccf30,,False,
ACC3c9f0cde6e,,False,
ACC8e4318baca,,False,
ACCeb8ac67f77,,False,
ACC91a0119486,,False,
ACCc8f4d59653,,False,
ACC0c45935d6b,,False,
ACC2932c45f0d,,False,
ACC21cdc01ccf,,False,
ACC53c87c9ec3,,False,COINC0039
ACCb899e71f0c,,False,
ACC26f89cca57,,False,
ACCf4f3a1c1e5,,False,
ACC0e07afbee8,,False,
ACC6e8f13a4f8,,False,
ACC423f721f91,,False,
ACCd98688a8c0,,False,
ACC38e929394b,,False,
ACC270c1d56f4,,False,
ACC9ff1b3e7e7,,False,
ACC99963fd23d,,False,
ACC8b4ba581d8,,False,
ACCd8ba7c4c77,,False,
ACC21ffa3ce7f,,False,
ACCbabbf670ea,,False,
ACC6a34fac908,,False,
ACC2f8771505a,,False,
ACCd7b591145f,,False,
ACC7607112b16,,False,
ACC335b547d0d,,False,
ACCbc4f52b9e5,,False,
ACC6abe407359,,False,
ACC0a88bc53d2,,False,
ACCf293966d70,,False,
ACCa64fe4f021,,False,
ACC51336b08f9,,False,
ACCf321ae1052,,False,
ACC0ac9df2cc2,,False,
ACCa9c6c78b6c,,False,
ACC7edda93f47,,False,
ACC3203473341,,False,
ACC68dacd318a,,False,
ACCae0c4c1126,,False,
ACC94d27481e3,,False,
ACC521a4a6eaf,,False,
ACC00c5db89ea,,False,
ACC0dbfc4a9e4,,False,
ACC1268ff5fbc,,False,
ACC9d7de1273f,,False,
ACCa6a8c5a5f9,,False,
ACCc6af417398,,False,COINC0030
ACC608b0dec3a,,False,
ACC6ba2a2b99c,,False,
ACC28725b201b,,False,
ACCfe6ea3db9b,,False,
ACC2156a33a02,,False,
ACC7a75467773,,False,
ACC53b57efc1b,,False,
ACC784704ca3b,,False,
ACCa92a0baf46,,False,
ACC70a73a3aef,,False,
ACCf9ca9c1a2e,,False,
ACC617aeb722f,,False,
ACC427c2091ae,,False,
ACC9520517b4f,,False,
ACC272db0eaa2,,False,COINC0000
ACC32d8235045,,False,
ACCb8aff4bfae,,False,
ACCb945d9c9dc,,False,
ACCa6bd65ae6e,,False,
ACCf52c64df90,,False,
ACC0d41a3ad02,,False,
ACCf85c7246c6,,False,
ACCd51a59bb4d,,False,
ACCdcc7e5150e,,False,
ACC89dafb1635,,False,
ACCcd18b2fd8a,,False,
ACCdb0670c2d6,,False,
ACCcc601c1a06,,False,
ACCfb05f61d5f,,False,
ACCc9d04a4d57,,False,
ACCd8077d79fc,,False,
ACCb733d1746f,,False,
ACC97b7b2e373,,False,
ACC86f370adf2,,False,
ACCc2606014a3,,False,
ACC54c2edb4c2,,False,
ACCcb0306418a,,False,
ACC8fa0335629,,False,
ACC895cf57791,,False,
ACCe29a1e081b,,False,
ACCed5fb2a9cb,,False,
ACC504cf8f039,,False,
ACCf862e89d36,,False,
ACCf8cdbb1261,,False,
ACC9d6d231db5,,False,
ACC33e034d42a,,False,
ACC47acb1a003,,False,
ACC6aa94b77a1,,False,
ACC2da9655554,,False,
ACCe1ead0c1a9,,False,
ACCb1f51477bf,,False,
ACC12914ba19c,,False,
ACC47138c8636,,False,
ACC378574ba5a,,False,
ACC5994e42ad1,,False,
ACC285609ab61,,False,
ACC94313d630f,,False,
ACC50d480a927,,False,
ACC9871df8166,,False,
ACCb2e69b51a9,,False,
ACC2773e27b76,,False,
ACC0198db9df1,,False,
ACC738f143099,,False,
ACC4e8850bbf9,,False,
ACC0c9a589b0d,,False,
ACC9ee9b6bd1f,,False,
ACCdee4260e7d,,False,
ACC7faea46e31,,False,
ACCf19d0bbedc,,False,
ACCed95da79f9,,False,
ACCb49d3085ef,,False,
ACC3f0eb87982,,False,
ACC472ee0652a,,False,
ACCf5800040b4,,False,
ACCcdfaedd10f,,False,
ACC0fc7aa7cd7,,False,
ACCf457df0ffb,,False,
ACCdf3507dc63,,False,
ACCff9666929e,,False,
ACC01e7119c3b,,False,
ACC364b662adf,,False,
ACCad5786b6fe,,False,
ACCc1be07748f,,False,
ACCabb630ee9e,,False,
ACC0688ff3bc9,,False,
ACC5550327178,,False,
ACC2dd33d925f,,False,
ACC200c3dee64,,False,
ACC6ca924a979,,False,
ACC58a3b31df1,,False,
ACC9ef0554884,,False,
ACCaa6edd1a4a,,False,
ACC97b4c3cf94,,False,
ACC5d844fe512,,False,
ACC2a26ebde36,,False,
ACC0076ac5d8e,,False,
ACC075185a103,,False,
ACCdf5de3d03e,,False,
ACC5f0c3cf6db,,False,
ACC1c9e791da1,,False,
ACCc34922e7c0,,False,
ACC87e50bd558,,False,
ACC8a37379800,,False,
ACCb0b757cc3a,,False,
ACCc3fb1e0484,,False,
ACC2da8dd41e4,,False,
ACC8f7399d00c,,False,
ACCa43966ed8c,,False,
ACC6255e3a3b7,,False,
ACC08ac13a2a2,,False,
ACCc5b06ffe37,,False,
ACCd716861b46,,False,
ACC34311722b8,,False,
ACC4f76b480b3,,False,
ACCd8f47fe2f3,,False,
ACC4ee39f0240,,False,
ACC8af406cbed,,False,
ACC2c4d5d99e7,,False,
ACC4839be4044,,False,
ACCf7cccd1fc1,,False,
ACC3c5c04fea5,,False,
ACC89eadf5d42,,False,
ACC4092ec15ef,,False,
ACC6cb074d25b,,False,
ACCa410b3255f,,False,
ACCbc4aab85c7,,False,
ACCfad8ecb4ed,,False,
ACCaab04be5a0,,False,
ACC374b16618b,,False,
ACC0a5a5e4580,,False,
ACCe8b2ad4196,,False,
ACCf6145f1987,,False,
ACC9a207c8ab4,,False,
ACCca0f590e72,,False,
ACC534959af47,,False,
ACC81a1eac6f5,,False,
ACC037af2b06c,,False,
ACC3553588243,,False,
ACCcdf20d81d3,,False,
ACC3e62feb57b,,False,
ACCb93a71ed8c,,False,
ACCed56af2a7e,,False,
ACC08bbb14d4c,,False,
ACC6a65afd253,,False,
ACCc28d41bd42,,False,
ACC361ba07f2c,,False,
ACC986893d179,,False,
ACC0d07100ac0,,False,COINC0033
ACC73ca9d873b,,False,
ACC28ed5e00ec,,False,
ACC715ddb2561,,False,
ACC7c5d0c9fcf,,False,
ACCf4ec468be9,,False,
ACC249a246fe6,,False,
ACC433645fdf3,,False,
ACCe3267320dc,,False,
ACC330542b1e5,,False,
ACC0cf744e55f,,False,
ACC78f13fb5ae,,False,
ACCf98ed0123f,,False,
ACCb15145f594,,False,
ACC0d5e2277f2,,False,
ACC3ae38c31ef,,False,
ACC440274844e,,False,
ACC252a986b45,,False,
ACC0b6569e1bf,,False,
ACCe9b74861cf,,False,
ACC0c37096e00,,False,
ACC6868809630,,False,
ACC7cbb722cf3,,False,COINC0021
ACC5e16eda59f,,False,
ACCf13abfbf17,,False,
ACCfc278c40a9,,False,
ACC3f2968ed35,,False,
ACCba7e05e6ec,,False,
ACC63d3ea84b6,,False,
ACC0e3836970a,,False,
ACCb388bb00ef,,False,
ACC91242d35e5,,False,
ACC52f580d669,,False,
ACCa9a99c65fe,,False,
ACCfa1a91cd28,,False,
ACCb375a23421,,False,
ACC95c1335162,,False,
ACCb541455b88,,False,
ACCf219cc5108,,False,
ACC492069d5d8,,False,
ACC6f72d1980d,,False,
ACC631dfe0a4c,,False,
ACCe7250850df,,False,
ACCc33afcc797,,False,
ACCb1ce6871d1,,False,
ACC1a30013c23,,False,
ACCa2e73eccc6,,False,
ACC62134818ee,,False,
ACC895408a489,,False,
ACC3d7b1d25b7,,False,
ACC2b7ff0691e,,False,
ACCdd5136325d,,False,
ACCe8a081a889,,False,
ACC5c6c131215,,False,
ACCf97d5cfced,,False,
ACC8adcefcaf6,,False,
ACCa4dadb5f1d,,False,
ACC5be682cd75,,False,
ACC35fb75d5be,,False,
ACC3d68e62257,,False,
ACC2fb7618c18,,False,
ACCfe3020750d,,False,
ACC6930859900,,False,
ACC0cbd60a4ad,,False,
ACCe41cd2a311,,False,
ACC7fb4eecefd,,False,
ACC15a1f51170,,False,
ACC4416ca0da4,,False,
ACCbd8838e688,,False,
ACC7eb1a3e611,,False,
ACCa4148d5acc,,False,
ACC54422da6f2,,False,
ACC93819aea4f,,False,
ACCe3445b2bf8,,False,
ACC6142c0c00c,,False,
ACCd03ffb11da,,False,
ACC5696d64721,,False,
ACC961e993bf7,,False,
ACCdd61448540,,False,
ACCfc40bcf1ea,,False,
ACC1511f162c5,,False,
ACCa376676e6b,,False,
ACC6e4a5675cf,,False,
ACCb0b3993940,,False,
ACC26e94a261d,,False,
ACC262e389354,,False,
ACCb571376bfa,,False,
ACC764a48774f,,False,
ACC660c7cb997,,False,
ACC39a868c39c,,False,
ACC708e759c32,,False,
ACC079afaad4e,,False,
ACCb4f0ad99ba,,False,
ACC9c6068b5bc,,False,
ACC2dfab36c2b,,False,
ACC3835fad849,,False,
ACCea20cce92c,,False,COINC0005
ACC0ed675c479,,False,
ACC083fed6698,,False,
ACCa8782a802b,,False,
ACC3d5d60a981,,False,
ACC6364607432,,False,
ACCd6fe4cf470,,False,
ACC67c12fd3fb,,False,
ACCcf87947b74,,False,
ACCaa0c8bd802,,False,
ACCd7a0787c06,,False,
ACCc197d70f91,,False,
ACCce0c018ed0,,False,
ACCb70990f480,,False,
ACCf0dfc57672,,False,
ACC507865a9b0,,False,
ACCc54856ff87,,False,
ACCe4b557669b,,False,
ACCdd300d0a40,,False,
ACCac4ca445ac,,False,
ACC8ad8beb038,,False,
ACC7dead38866,,False,
ACCc0fdb02f8c,,False,
ACC2d874014f4,,False,
ACC0ac8314a11,,False,
ACC6d8f84e286,,False,
ACC6038a1c998,,False,
ACCa736a75897,,False,
ACC744bcc90bf,,False,
ACC3cad6d1024,,False,
ACC6d86759271,,False,
ACC3a18a0e208,,False,
ACCc992f21265,,False,
ACC128ffb5c5e,,False,
ACCe0bdf7729b,,False,
ACCf85e9afed6,,False,
ACCd35b883c31,,False,
ACCe1f57ff27f,,False,
ACCe9923e930c,,False,
ACC0fd487b58c,,False,
ACC909e34adb0,,False,
ACC32098b3231,,False,
ACC886cde1891,,False,
ACC30fd89d064,,False,
ACC480277601f,,False,
ACC34d37087a7,,False,
ACC3d28015b62,,False,
ACCcd9b39529c,,False,
ACCc9bb85cde4,,False,
ACC8c87fa8c4c,,False,
ACCfabec42ff3,,False,
ACCbcbbab5022,,False,
ACC6f9a2fc2e1,,False,COINC0003
ACCc68418c76a,,False,
ACCa1b04cc7de,,False,
ACC3eadb811af,,False,
ACC9830771a60,,False,
ACCdb463e4479,,False,
ACC59861638bf,,False,
ACC3b188abbdb,,False,
ACCd62aba10ce,,False,
ACC9e67ce59c5,,False,
ACC18ca569187,,False,
ACC696d230c75,,False,
ACCffaae0d570,,False,
ACC6897a70bbb,,False,
ACCba944cdcfd,,False,
ACCedecdee8a9,,False,
ACC951d5c7857,,False,
ACCe50f336e75,,False,
ACC09afbac037,,False,
ACC88224369db,,False,
ACC3e02766bf5,,False,
ACC6f80d41f56,,False,
ACCd0dcbfbac0,,False,
ACC6f1ce6aee9,,False,
ACCb0681479ff,,False,
ACC39c239fce0,,False,
ACCbfe7e174b6,,False,
ACC51ad7603c6,,False,
ACC4c4b6eed92,,False,
ACC50bc7a99bb,,False,
ACC2773fb4d8a,,False,
ACC85271d1da1,,False,
ACCeb54226356,,False,
ACC7da8a60869,,False,
ACC97bb7f8b3c,,False,
ACC3a3eb13fd5,,False,
ACC21229320e4,,False,
ACC69855aea2e,,False,
ACC31ff3bab81,,False,
ACCafd0135b50,,False,
ACC7c66e59f77,,False,
ACC747a4ef63a,,False,
ACC3844f77454,,False,
ACCc0f79bb9d9,,False,
ACCc4263aa951,,False,
ACC3b82417e49,,False,
ACCdf0c3e1dca,,False,
ACC219d9e2b18,,False,
ACC3cd47d3440,,False,
ACC41093f00d1,,False,
ACC0203b3314f,,False,
ACCd33f369171,,False,
ACCbc642a47e6,,False,COINC0046
ACCe71b51a991,,False,
ACC20c2b2e3d5,,False,
ACC9d5fe762ea,,False,
ACC76ff0f7faa,,False,
ACC4dbab094ef,,False,
ACC37e1f465aa,,False,
ACC2e0088baea,,False,
ACC6d29cde8f1,,False,
ACC589c329ad3,,False,
ACCe39e8f60bb,,False,
ACC24461d0feb,,False,
ACC0a032e87cb,,False,
ACCd6b98b13db,,False,
ACCeae8fb44bf,,False,
ACC5ae0bcb700,,False,
ACC9a05c1fd3d,,False,
ACCcc98b82633,,False,
ACCe16339ef62,,False,
ACCbb46445b3b,,False,
ACCa06224a3af,,False,
ACC243b2b5122,,False,
ACC73a9adc14e,,False,
ACC0aed2b442c,,False,
ACCf408559597,,False,
ACC6e5e53ad0e,,False,
ACC07866a54f0,,False,
ACC6026fafd4e,,False,
ACC04cc166af1,,False,COINC0003
ACC6601813793,,False,
ACC5cea06900c,,False,
ACCb44f5f116b,,False,
ACC08c7cff3b9,,False,
ACC849183c087,,False,
ACC798eeb1a19,,False,
ACCcfa02adae3,,False,
ACCebbd2f12c5,,False,
ACC63380a151d,,False,
ACC3296281016,,False,
ACC6d07c2a9f4,,False,
ACC893fb7fa03,,False,
ACCdd86ccabeb,,False,
ACCa2e835a2b5,,False,COINC0018
ACCf1ef5a422d,,False,
ACC3b3ae40aa5,,False,
ACCb2663e1f8b,,False,
ACCd6af7f37ac,,False,
ACCec75c6935c,,False,
ACC8bd9f07156,,False,
ACC527b646d6d,,False,
ACC35db36c9d4,,False,
ACCf7107f1886,,False,COINC0047
ACC2802664569,,False,
ACC22e4783343,,False,
ACC94b2fe7328,,False,
ACC6ffba6079f,,False,
ACCce98608073,,False,
ACC89a4a207d7,,False,
ACC886970dc98,,False,
ACC5a1d6fb627,,False,
ACC9001ede284,,False,
ACC0777e68369,,False,
ACCe91ed335c8,,False,
ACCcca21977cb,,False,
ACC4408b25e2f,,False,
ACC187e6db829,,False,
ACC66187b1090,,False,
ACC10abd9899e,,False,
ACC470ab5ad6d,,False,COINC0014
ACCd34787697b,,False,
ACCf6e7474ced,,False,
ACCf6f7126146,,False,
ACCf2583fa17b,,False,
ACCf1106e02b7,,False,
ACC8bd5dfaf05,,False,
ACC2fd119d675,,False,
ACCced5d42fba,,False,
ACC3bbea1651e,,False,
ACC70f18f9f0a,,False,
ACC0c2a4c175b,,False,
ACC44252219f0,,False,
ACCe3937af92e,,False,
ACCeeca72fc93,,False,
ACCbee25880e2,,False,
ACCe9abd1358f,,False,
ACC7ff3e1ad83,,False,
ACCb8c279975d,,False,
ACC29c62ea7ea,,False,
ACC70614135a1,,False,
ACCde810118f4,,False,
ACC64022d841e,,False,
ACCa0fb57ec2e,,False,
ACCa53b47b3e3,,False,
ACCf334afb9bb,,False,
ACC041eb97c7e,,False,
ACC9c355d907a,,False,
ACCf1076505d0,,False,
ACC3824046915,,False,
ACCc439b68a23,,False,
ACC5fd7d8a0bb,,False,
ACCe1d79ecc93,,False,
ACC54af86137c,,False,
ACCe1a6fc2d78,,False,
ACC68b18c6533,,False,
ACC68118055ea,,False,
ACC62ed3ba88d,,False,
ACC21314a1938,,False,
ACC5385920ce7,,False,
ACC24068b77ee,,False,
ACC19909cb246,,False,
ACC9888e36a9f,,False,
ACC1a1670d15d,,False,
ACC764bc6e9cc,,False,
ACCf29d2797b0,,False,
ACC2c8ed61b68,,False,
ACC7df82d8903,,False,
ACCfaa3a41a94,,False,
ACC77a9222b4c,,False,
ACC5869be070b,,False,
ACC19e6328ea9,,False,
ACC6fb9489258,,False,
ACC1e8f937fc5,,False,
ACCf0ab782e9c,,False,
ACCeb04abf47a,,False,
ACC8e4da7f6d5,,False,
ACCcea4e963c9,,False,
ACC37c94c3d03,,False,
ACC156afd2a62,,False,
ACC18896f5114,,False,COINC0036
ACCb7a9eb6b4a,,False,
ACC7ff2b1a702,,False,
ACCd3b3c3131b,,False,
ACC44f3ced5ab,,False,
ACCd499d36fe9,,False,
ACCda61bbe031,,False,
ACCa551f8c59b,,False,
ACC678c9333d1,,False,
ACC6850bbf1b6,,False,
ACCc06b76579c,,False,
ACC1475dedde2,,False,
ACC64d8d94a86,,False,
ACC229c2e419b,,False,
ACCc91709b27a,,False,
ACC82529792c3,,False,
ACCa8f171bd59,,False,
ACC16e6df16f0,,False,
ACC8d1214b4f8,,False,
ACC2c5868933c,,False,
ACCc331e7982f,,False,
ACCe60774aec6,,False,
ACC96c326e1f9,,False,
ACCa5b31464bd,,False,
ACC62af4cdd7e,,False,
ACC935acb97c0,,False,
ACC432bac3bd3,,False,
ACCf8c344639d,,False,
ACCe70fbde942,,False,
ACC0cc3d8dc78,,False,
ACC371324ecf6,,False,
ACC5437e5db50,,False,
ACC1a7793d269,,False,
ACC12d4ab3f17,,False,
ACC74e21327dd,,False,
ACCd3b92e71e7,,False,
ACC044286f8b0,,False,
ACC79eba793aa,,False,
ACCdae27b8b56,,False,
ACC94c8180fd5,,False,
ACC30a448a7d1,,False,
ACC73f884d960,,False,
ACC318db4db60,,False,
ACC9f9a29a1d6,,False,
ACC901955114b,,False,
ACC93d72863ea,,False,
ACC88abb08b6f,,False,
ACC76427b5790,,False,
ACC669c747079,,False,
ACC12b95e0665,,False,
ACC7df0563df1,,False,
ACCc5de4e9813,,False,
ACC9c40a89b84,,False,
ACCc0defd535e,,False,
ACC6a9b59f53c,,False,
ACC5fe6e781d1,,False,
ACCb28461dbd7,,False,
ACCeae95eba67,,False,
ACCea62c489e6,,False,
ACC55b88dd5d7,,False,
ACCd904297c73,,False,
ACC73ed43578a,,False,
ACCb21de49066,,False,
ACC598f742d7e,,False,
ACC174d839aa5,,False,
ACC90fb6e577f,,False,
ACC9c133013db,,False,
ACC625341dcf2,,False,
ACC2f6d972a7d,,False,
ACC7a3b442052,,False,
ACC925fcde242,,False,
ACC4321fe358c,,False,
ACCb99254bb55,,False,
ACCf14cf92e61,,False,COINC0015
ACC703dfe038b,,False,
ACCf8ebd146b6,,False,
ACC368cf9400c,,False,
ACC8a30d493e4,,False,
ACCdcef72769a,,False,
ACC3219c54e9b,,False,
ACCa5434e4e31,,False,
ACCecec3cf648,,False,
ACC1570627126,,False,
ACC49c1c086de,,False,
ACCd47c06aff3,,False,
ACCf504dbe5d5,,False,
ACCb3a98b2f93,,False,
ACC5f85cb9764,,False,
ACC60c6e4b4ca,,False,
ACC0efebf7b48,,False,
ACCbcc18f5a66,,False,
ACC8902450d9e,,False,
ACC105283be25,,False,
ACCf6e7013520,,False,
ACC21f224987d,,False,
ACC3a29ed2036,,False,
ACCa5ff55af33,,False,
ACC48004346ed,,False,
ACCb91c73bddc,,False,
ACC4c7e787281,,False,
ACC91d9385e06,,False,
ACC678b726152,,False,
ACC78d484d162,,False,
ACC65cc52b77b,,False,COINC0048
ACCd196955491,,False,
ACCb365978323,,False,
ACC9dbae0460f,,False,
ACCed15d76923,,False,
ACCcb7e211cc9,,False,
ACC824b298622,,False,
ACCf08b566cc1,,False,
ACC2bd4095c17,,False,
ACC0987a6a594,,False,
ACCaa7302b589,,False,
ACC9b4094a66b,,False,
ACC0c99fe8b79,,False,
ACCa31e4a4fad,,False,
ACCb13e271715,,False,
ACC6ab72e7914,,False,
ACCf559d542d8,,False,
ACC4103586301,,False,
ACCd8492a7adb,,False,
ACC53d350bd75,,False,
ACCbb536988e8,,False,
ACC9191e54138,,False,
ACC376ea32041,,False,
ACCe1a748754e,,False,
ACC490d0b3ac9,,False,
ACC2dfc138e88,,False,
ACC67a565eba5,,False,
ACCcb03c21239,,False,
ACC3d9f0d2a11,,False,
ACCd9b5543e82,,False,
ACCffd1915b6b,,False,
ACC8ce079a43e,,False,
ACC3125527a86,,False,
ACC7a808eefc2,,False,
ACC2d8284c33d,,False,
ACC5129a9be54,,False,
ACC162ed0b3d5,,False,
ACCf331fdcf6e,,False,
ACCc643a64b61,,False,
ACCce186f090a,,False,
ACCb6fa66a66c,,False,
ACC3f04f7dc3c,,False,
ACC77928d6ffc,,False,
ACCec23c17ccf,,False,
ACCd738b2327d,,False,
ACC872b962c3f,,False,
ACC8b91c8e9db,,False,
ACC5da7e889cc,,False,
ACCd33bbc4aab,,False,
ACCae0fc77d3c,,False,
ACCb23c9ea600,,False,
ACC12bd0aceae,,False,
ACCa278572aa1,,False,
ACC1d0ff95df4,,False,
ACC18964ed0bb,,False,
ACCca57411a94,,False,
ACCbbc84faa59,,False,
ACCfd9bf048d9,,False,
ACC76ffc11c6b,,False,
ACC46298f2483,,False,
ACCfae2816430,,False,
ACC2d01cbcf5c,,False,
ACC17d7111468,,False,
ACC80b3539dca,,False,
ACC08398fae84,,False,
ACC76dbd43f2f,,False,
ACCb321742f36,,False,
ACC3184e35041,,False,
ACC42f9fb96a9,,False,
ACC344b80e7c2,,False,
ACCb42e93ab5f,,False,COINC0013
ACCf2f865c2a1,,False,
ACC0841dfbf3b,,False,
ACC4a6809a621,,False,
ACCb13ae7eee2,,False,
ACC1b92c53677,,False,
ACC928acac387,,False,
ACC279e475355,,False,
ACC06c36d6066,,False,
ACCf8938cbdfd,,False,
ACC06b5c709da,,False,
ACC9b1b940eee,,False,
ACCc0eecfe5be,,False,
ACC88ea8e6504,,False,
ACCe0593be77f,,False,
ACC6f3d6adf02,,False,
ACCf0a077097a,,False,
ACC21534079a1,,False,
ACC1efccdce16,,False,
ACC7677cd98f0,,False,
ACC5b04e98550,,False,
ACCe8069d755e,,False,
ACC563da64b96,,False,
ACC03a8ccc84f,,False,
ACC07310370b9,,False,
ACCf1e4edbb97,,False,
ACC9c8d3cafd1,,False,
ACC599456cf4e,,False,
ACC9414f68a1e,,False,
ACCe8d1d6e2d9,,False,
ACCd7c6d6a6b8,,False,
ACC1cfd99cf9a,,False,
ACCb883770d5e,,False,
ACC2f5f311486,,False,COINC0047
ACC868f47bca7,,False,
ACC81fa8cf2a6,,False,
ACC44e1dac006,,False,
ACCabf845585e,,False,
ACCde273241d2,,False,
ACC1d3bdca85e,,False,
ACCcab18f27fd,,False,
ACC9ee771f692,,False,
ACC9798d41b65,,False,
ACCc2a1d90323,,False,
ACC777015429f,,False,
ACCd1b227ed55,,False,
ACC67d9612fd8,,False,
ACC327540550c,,False,
ACC20a2b9ccbc,,False,
ACCedf2401b23,,False,
ACC25ea2cfbce,,False,
ACC35eaf76609,,False,
ACC73ee3ec519,,False,
ACCa6205ee8f7,,False,
ACCfe98825397,,False,
ACC4de0c60d1f,,False,
ACC8b4d5fbbc6,,False,
ACC7b8beada0a,,False,
ACC7bcc2dcab3,,False,
ACC29ad9daa17,,False,
ACC90be945056,,False,
ACC83edb580eb,,False,
ACC9b9d6da571,,False,COINC0044
ACC48e9167ab7,,False,
ACC3b43f2158e,,False,
ACC5fc314cf01,,False,
ACC5a96e054ed,,False,
ACC794a9ec5e4,,False,
ACCeb9dced8d6,,False,
ACCcc8f549428,,False,
ACCc28a733fb4,,False,
ACCe783780e86,,False,
ACCe665dec145,,False,
ACCd5b7cb2ce5,,False,
ACCb1147cf59b,,False,
ACC24e641ce18,,False,
ACC09f32bdc32,,False,
ACCcdb82472ee,,False,
ACCa332891914,,False,
ACC2584aed510,,False,
ACC63741c34db,,False,
ACCe2e1ea7c7c,,False,
ACCfb01c116e0,,False,
ACCfae112ac77,,False,
ACCe9c8966c80,,False,
ACCfc30fbc646,,False,
ACC6658d45f4a,,False,
ACC3ca6b1b91d,,False,
ACC6ccde74a6c,,False,
ACCd533d0329d,,False,
ACC6f8c9c609b,,False,
ACCeeaca0714c,,False,
ACC03c592de08,,False,
ACC8a9f8a0693,,False,
ACC568695eb6b,,False,
ACC6c9b8141eb,,False,
ACC549cbb7ef6,,False,
ACC102b9a17f8,,False,
ACC2281dea9ae,,False,
ACC5e42eb1ba3,,False,
ACCaffa95d42e,,False,
ACC587cdf656d,,False,
ACC0298f95502,,False,
ACC54c26c7770,,False,
ACCbc23008f3e,,False,
ACCbea329e843,,False,
ACCba852b319d,,False,
ACC81d43611d0,,False,
ACCd7df3fe718,,False,
ACC939a2655e3,,False,
ACCf24ee380e7,,False,
ACCf5f04a7e9e,,False,
ACC0f44243a9e,,False,
ACCb0e18e7ed7,,False,
ACC4ac48f986b,,False,
ACC0c7e3e9953,,False,
ACCe80042345b,,False,
ACC08a6021e39,,False,
ACCe633da1573,,False,COINC0022
ACCa1b3174ae0,,False,
ACC98033bccaf,,False,
ACCae1f2a7edc,,False,
ACC6b7994864f,,False,
ACC3decb07ba9,,False,
ACCeeec10c1d1,,False,
ACCe7e566122f,,False,
ACC3956235327,,False,
ACC4606e1bf81,,False,
ACCef14366b25,,False,
ACC0709a9da41,,False,
ACC300fd6f19d,,False,
ACC4aa5668862,,False,
ACCc8eb41085f,,False,
ACCa4122e38a6,,False,
ACCe9f5d88469,,False,
ACCa5e3c67a61,,False,
ACCbf331a1124,,False,
ACC3bfe9a0b1b,,False,
ACC42d9363b24,,False,
ACC517850c10c,,False,
ACC5e27f88136,,False,
ACC6d135f6c89,,False,
ACCa9beb9bf21,,False,
ACCc2e54f41c8,,False,
ACC4a0ba6eae7,,False,
ACC83a1c9b2af,,False,
ACC95c8405252,,False,
ACC6edda20e59,,False,
ACCacab4f7deb,,False,
ACCebf08fc0ab,,False,
ACCffed1ff4ea,,False,
ACCa11ffa8ecd,,False,
ACCb481065d2d,,False,
ACCadaf0dd6b4,,False,
ACC71dbd7e178,,False,
ACC688d3e0175,,False,
ACC2c8e9675d7,,False,
ACCb2d8c89fae,,False,
ACC5d403662cd,,False,
ACC86d772cfca,,False,
ACC7d0dca765b,,False,
ACC66afde91c4,,False,
ACC17946522f3,,False,
ACCb61d14d88a,,False,
ACC8d1df671da,,False,
ACC10dc158113,,False,
ACC3d8ee295eb,,False,
ACCaeb8e8d0b6,,False,
ACC324f649fb6,,False,
ACCf5f2cecdf9,,False,
ACCb63793bfc4,,False,
ACC72667d0287,,False,
ACC2ce493c6ee,,False,
ACCde43834b55,,False,
ACC15d7d7b6b0,,False,
ACC09ee64d160,,False,
ACC9979e63a8a,,False,
ACC3b2c9e9071,,False,
ACCbb35564c97,,False,
ACC2e5a46dde5,,False,
ACCa8a9bb8e35,,False,
ACC4cac7bd482,,False,
ACCbdc53476d3,,False,
ACC3ac55cebc6,,False,
ACC7eeebd852d,,False,
ACC4a36e8cb91,,False,
ACC6e181612b0,,False,
ACCa1dccd3e0f,,False,
ACC2e5eca6624,,False,
ACC67c994b2e0,,False,
ACCce48b99485,,False,
ACC249e3c5f84,,False,
ACC9b9a003d00,,False,
ACC3c15024f83,,False,
ACCa8ba9fb465,,False,
ACC3df12de1d7,,False,
ACCc1cbd9ea67,,False,
ACC60b146b4cf,,False,
ACCb035a622a2,,False,
ACC37b4ba02cf,,False,
ACC9fc8361543,,False,
ACC831aa5aa0b,,False,
ACC109dac99f2,,False,
ACC2cdad48ae3,,False,
ACCc63ceb6f2e,,False,
ACCc407cd9bd6,,False,
ACC4c16bfbdea,,False,
ACC372b1ed391,,False,
ACC04acdd31e4,,False,
ACC2c36390034,,False,
ACCf0d8bd0f58,,False,
ACC83a8b7161c,,False,
ACC7736f4aec8,,False,
ACC5c8bbe5c8c,,False,
ACC4bb98ec4ec,,False,
ACC8e95733c5a,,False,
ACCdaa865bc28,,False,
ACCefdbd858c1,,False,
ACC7bd87f7114,,False,
ACC71f882b31b,,False,
ACC9940d13160,,False,
ACC610b167df2,,False,
ACCca525466d6,,False,
ACC606c92e60f,,False,
ACC03c06369f9,,False,
ACC39a9d0da3b,,False,
ACCf0891ac8bf,,False,
ACC4d1ae911c4,,False,
ACC503ca85cc6,,False,
ACCaef81787b8,,False,
ACC0afc8922af,,False,
ACCe2bee7f3b3,,False,
ACCbb3315bc45,,False,
ACC54e7f2b023,,False,
ACC090ec04a60,,False,COINC0006
ACCf542627a11,,False,
ACCd1e2f1a081,,False,
ACCf5d92c0fbf,,False,
ACCedf0bf4dcc,,False,
ACCdc50c81a1d,,False,
ACC252662487a,,False,
ACC4eb72ea50a,,False,
ACC225b0edf9f,,False,
ACC3e3d103f26,,False,
ACC97f9babb8c,,False,
ACCa3bfbf3e78,,False,
ACCff8fab601c,,False,
ACC91feccb6cd,,False,
ACCbdaff36d12,,False,
ACCd16f55a3cd,,False,
ACC4e7a84dca7,,False,
ACCe8ac5e6897,,False,
ACCf1b3f20273,,False,
ACCa55e78e2ef,,False,
ACCd3b6c1a966,,False,
ACC39f7fa4033,,False,
ACC83268619e4,,False,COINC0043
ACCf0d7ceb03a,,False,
ACCb72323877f,,False,
ACCf74c72aafd,,False,COINC0032
ACCf381bfe7f1,,False,
ACCf2b711b391,,False,
ACC7b0dbf773a,,False,
ACCd8f919add5,,False,
ACC40895658e4,,False,
ACCc3ab175ebf,,False,
ACCf73ae8c589,,False,COINC0028
ACC50b1c5af1e,,False,
ACC0a87b36fbb,,False,
ACC46c7dc560e,,False,
ACCb924637b69,,False,
ACCec723f696a,,False,
ACCdc32b356b1,,False,
ACC7606552c1d,,False,
ACCe7764e90dd,,False,
ACCb6cb5db347,,False,
ACC3ce8524d9a,,False,
ACC52b94963c7,,False,
ACC3968267879,,False,
ACC230e990d0c,,False,
ACC036d8ef9fb,,False,
ACCb7d63596e5,,False,
ACCd62915d6d0,,False,
ACC47ab2c9b38,,False,
ACC62432c9921,,False,
ACC3d8df24417,,False,
ACC178d5f6d49,,False,
ACCee2dc168b9,,False,
ACC488a8fce2c,,False,
ACCaa149018ac,,False,
ACC1dba7ff557,,False,
ACC0124e7677b,,False,
ACC01b3f49d25,,False,
ACCff8a033f03,,False,
ACCd41267ba1f,,False,
ACCd621747a18,,False,
ACC6efa0b7d84,,False,
ACC3c930d3e32,,False,
ACCbff69f578c,,False,
ACC7b832e361f,,False,
ACC3aa2f96cd1,,False,
ACC8691d8a097,,False,
ACC82e6716234,,False,
ACC5844141c50,,False,
ACC92f850bc75,,False,
ACCc11d458990,,False,
ACCe7c7f75caf,,False,
ACC56c2ae90e7,,False,
ACC880b312345,,False,
ACCf3c61f81e3,,False,
ACC34c6cdefc6,,False,
ACCa9f303acb6,,False,
ACC685a62149d,,False,
ACC4fd887357a,,False,
ACC9fe0ed8249,,False,
ACC66094e165b,,False,
ACC7247fe0cb8,,False,
ACC5c5c46a0d1,,False,
ACC23e1dac236,,False,
ACCa591fd1088,,False,
ACC8a80378fb6,,False,
ACC41880413c7,,False,
ACCb0552fc1cc,,False,
ACCbce881994f,,False,
ACC1d3afa90ec,,False,
ACC069becc4da,,False,
ACC926185d77e,,False,
ACC1dfd668727,,False,
ACC027be49995,,False,
ACC26fec9b0e3,,False,
ACC735dded81d,,False,
ACCd43ca4e45a,,False,
ACCe3b3e6b97f,,False,
ACCf8419ef8ff,,False,
ACC3e97225b87,,False,
ACCa46aab949b,,False,
ACC4cd19dab81,,False,
ACC61ac0ced30,,False,
ACC6e113e0269,,False,
ACC4cca76ff91,,False,
ACCe00e95c011,,False,
ACC84524c594d,,False,
ACCc066023fcd,,False,
ACC9acbc12571,,False,
ACC4a19ab2b98,,False,
ACC1af674cb7a,,False,
ACC5f8d43e56a,,False,
ACC5142038370,,False,
ACCe500338f70,,False,
ACC97f2460d1f,,False,
ACC6c845d7ec5,,False,
ACCc239623aea,,False,
ACC1cf7c24975,,False,
ACC0f23027f3b,,False,
ACCf0a129ab92,,False,
ACC63152c88d4,,False,
ACC795c18ee5d,,False,
ACCf8b9453508,,False,
ACC1c83ed29db,,False,
ACC0295d2afb9,,False,
ACCa55951e43d,,False,
ACC12546a2e6f,,False,
ACC834605d90c,,False,
ACC35f0b1be52,,False,
ACC814ccb4f55,,False,
ACC086a0a4854,,False,
ACC1c6596bb53,,False,
ACC14f47d6892,,False,
ACC110aec5f95,,False,
ACC1ff7aae9bd,,False,
ACCf6c4346ad7,,False,
ACCb2a18eef63,,False,
ACCaa7fceafe4,,False,
ACCdf101cda0a,,False,
ACC0b0f75e904,,False,
ACC75ce2935af,,False,
ACC5d38c2de34,,False,
ACC92499d14d3,,False,
ACCfbc0fa3bf9,,False,
ACC8ce73925d2,,False,
ACC4316f50dfb,,False,
ACC21569c34c4,,False,
ACC629e012fef,,False,
ACCdf334f9b8e,,False,
ACCc40972973b,,False,
ACCeaa53c389b,,False,
ACC5cc45f9e50,,False,
ACC4e7afa9c1d,,False,
ACCa227d31211,,False,
ACC72ec6bcf3e,,False,
ACCbc27098326,,False,
ACC7569b0e5cb,,False,
ACC70b3106180,,False,
ACC3e47c6bf46,,False,
ACC48d6f63aa6,,False,
ACCf5c1311264,,False,
ACC0e670e88fe,,False,
ACCe174f63892,,False,
ACCd34e5ab1db,,False,
ACC5be9c77e12,,False,
ACCef9e66f0bc,,False,
ACC9291e31cde,,False,
ACCa4a905bab1,,False,
ACC27bd0950eb,,False,
ACC13c15ece20,,False,
ACC9dea2cf5f2,,False,
ACC7da20726f2,,False,
ACCe3828d0526,,False,
ACC9f6d81842e,,False,
ACC28053627f3,,False,
ACC297f954059,,False,
ACCa45bc810ba,,False,
ACC7d9453b0d4,,False,
ACCfbbc65b664,,False,
ACCf1b6b2070d,,False,
ACC0fe45864bf,,False,
ACC044930c48c,,False,
ACC9915ab409b,,False,
ACCf866badf96,,False,
ACC050264332d,,False,
ACC643e9e4c25,,False,
ACC95ddb01889,,False,
ACCa4254cd03c,,False,
ACC7f33e18294,,False,
ACC5a59f67374,,False,
ACCcfadfe5377,,False,
ACC3b62d34b8e,,False,
ACCd4c17ba5bb,,False,
ACC81078b87ce,,False,
ACC2dee823a2f,,False,
ACC5bc3f349ce,,False,
ACC8afe9a0377,,False,
ACC9be9494872,,False,
ACC335ac533b7,,False,
ACCe1ed6c556b,,False,
ACC1884f30fe9,,False,
ACC5cabdfd682,,False,
ACC5cca0c6773,,False,
ACCc9cd853a11,,False,
ACCe9e9f03149,,False,
ACC0042caa2f0,,False,
ACC43dc2df90d,,False,
ACCd4c2c7c0bf,,False,
ACCea2babd29c,,False,
ACCe63b7ab60a,,False,
ACC120525aba7,,False,
ACCea0affcd73,,False,
ACC1accedbd2a,,False,
ACCad2ba68f26,,False,
ACCfd4dfe124d,,False,
ACC52f0723b46,,False,
ACCf8476d65f6,,False,
ACCb4a4826b50,,False,
ACC5a77e3b64a,,False,
ACC3461912bdd,,False,
ACCc46b72bad9,,False,
ACCfdd236524b,,False,
ACC0fe80a69c8,,False,
ACC7dc1314a9d,,False,
ACC8b0cf27df5,,False,
ACCd12e0fd29b,,False,
ACC5ab2d3a6df,,False,
ACC9c2fb72118,,False,
ACCb652610d9d,,False,
ACC9446f3c783,,False,
ACC0a3dcf8015,,False,
ACCf79baf26c3,,False,
ACC415712b6f8,,False,
ACC44d157e427,,False,
ACC21cc15ecb3,,False,
ACC0081dcad90,,False,
ACC2fa6e9d7d5,,False,
ACCac4918907f,,False,
ACCa86b4c5b5e,,False,
ACCbe81410154,,False,
ACC1cd01c8468,,False,
ACC9a190a6cf5,,False,
ACC53cb4b451d,,False,
ACC4b25645abb,,False,
ACC3b1ee4b6c6,,False,
ACCeaff1e2a3d,,False,
ACCf15c988700,,False,
ACC112a2f07ff,,False,
ACC4363ac0a4c,,False,
ACCf9c6a859e6,,False,
ACCb699c7d5f2,,False,
ACC1f159c13ca,,False,
ACC5455288154,,False,
ACC76722f07ff,,False,
ACC8b88ad782e,,False,
ACC0d2586cef1,,False,
ACC1557839620,,False,
ACCe2ef095217,,False,
ACC589f04110f,,False,
ACC2b7593c633,,False,
ACCcfbda1afb8,,False,
ACC1dbb7c2cfc,,False,
ACC9bd252a4ff,,False,
ACC1544be0727,,False,
ACC1b4d38ade8,,False,
ACC2ba82a8c85,,False,
ACC51d8a774a9,,False,
ACC805c1071d3,,False,
ACC9e73d526ea,,False,
ACC3bf16da98e,,False,
ACCe681378810,,False,
ACCb988a5f40c,,False,
ACC66d97295ae,,False,
ACCa3f2af38ff,,False,
ACC2ae9fd88d6,,False,
ACC812e3fe6ee,,False,
ACCcd3aacb8b0,,False,
ACC0a26c95406,,False,
ACCac80fc1fc1,,False,
ACC1b70300d10,,False,
ACCa9377e3cc9,,False,
ACC52aff81a72,,False,
ACC1fdb9d9332,,False,
ACC5a230cb7cc,,False,
ACC516967428d,,False,
ACC97160cd093,,False,
ACCae9ca7ab48,,False,
ACC21cdd63ed9,,False,
ACC33557fc9af,,False,
ACC7c619281be,,False,
ACC234c987f74,,False,
ACCfd79af5aa2,,False,
ACC7723e1e7da,,False,
ACC1b6e54895d,,False,
ACC67849a2f60,,False,
ACCea8591ba22,,False,
ACC56dab3ebfc,,False,
ACCe232bb348b,,False,
ACC0f47b9d068,,False,
ACC3f4bcc2905,,False,
ACC41a12f625d,,False,
ACC4fb52f5a5a,,False,
ACCfc8034fc39,,False,
ACCf28bb25522,,False,
ACCb7c693d58a,,False,
ACC2ecfb35fd0,,False,
ACCd1973f6398,,False,
ACCd4f6b98d59,,False,
ACC2fb6af495c,,False,
ACCd35f051ca8,,False,
ACCbbcec87c5a,,False,
ACCcde5d50924,,False,
ACC3da8cff485,,False,
ACC2097e204c5,,False,
ACC13e8660561,,False,
ACC5469edbd14,,False,
ACCb59810d74a,,False,
ACCa87245fff8,,False,
ACC1e7c495c03,,False,
ACC1cc61cc8d0,,False,
ACC551dbc0f95,,False,
ACCa92d965fa1,,False,
ACCf907ae17a4,,False,
ACC37a9f4833a,,False,
ACC19d1e58198,,False,
ACCb121c6b7f5,,False,
ACC290488b997,,False,
ACC4579e31a61,,False,
ACC8d28c57dfc,,False,
ACCbbb8d7a27f,,False,
ACC28948472fc,,False,
ACC1382b6c6d8,,False,COINC0031
ACC4e62e8106d,,False,
ACC094792efff,,False,
ACCe06055483e,,False,
ACCafc155e2da,,False,
ACC6fbb693e9d,,False,
ACC70c5815eea,,False,
ACCabb2326e4d,,False,COINC0043
ACC39de3eeef1,,False,
ACC36c361bd8e,,False,
ACCd3fbf086d7,,False,
ACC68d35985f6,,False,
ACCe6763f5698,,False,
ACCd98807cc11,,False,
ACC69264b1c5b,,False,
ACC0b1d95dafe,,False,
ACC82812e4b0f,,False,
ACC6e4b5a3add,,False,
ACC44b35c9897,,False,
ACC9c60fb5da4,,False,
ACCf0f79b0b43,,False,
ACCa5f39f02ad,,False,
ACC8776ce4a76,,False,
ACCb4598ab59e,,False,
ACC313c78d2da,,False,
ACC5d8cc489f1,,False,
ACCc1d5bd8345,,False,
ACCabcff0009c,,False,
ACC7aafe13b11,,False,
ACC909655c7ab,,False,
ACC9cad734618,,False,
ACC9f15abebd6,,False,
ACC82198cfe97,,False,
ACC90755ea296,,False,
ACCdcf48587ce,,False,
ACCaadd2499ed,,False,
ACCfba4cf1a64,,False,
ACCc8f1affd80,,False,
ACC5962351309,,False,
ACC5dc7cb42d2,,False,
ACC257ea2b076,,False,
ACC3ee3917c2d,,False,
ACC9c78decc00,,False,
ACC9a4d720e7e,,False,
ACC6608152e2f,,False,
ACC3c826488fb,,False,
ACC9c5f6c55df,,False,
ACC0a3b285b08,,False,
ACC32e623e6c6,,False,
ACC9e2898a529,,False,
ACC82d102e47e,,False,
ACCdb7a53af1e,,False,
ACC7b21c0fc55,,False,
ACC648e037e94,,False,
ACC2de181f1eb,,False,COINC0012
ACCde970110f0,,False,
ACC8b5d60ba9c,,False,
ACC1b3638ea4a,,False,
ACCfe1c820dcc,,False,
ACC39dc73872c,,False,
ACCc80000e51e,,False,
ACC25bd6bf015,,False,
ACC3f17b88bf6,,False,
ACC1b04b89893,,False,
ACC1b80cea85a,,False,
ACC4d93b7729e,,False,
ACCc1953d97a9,,False,
ACC0824a4a2dc,,False,
ACC227bd9624a,,False,
ACCde91514de1,,False,
ACC024e8f5fff,,False,
ACCc776f43c65,,False,
ACC6c77227f13,,False,
ACCcbb15ae61e,,False,
ACCc23e0f4ea4,,False,
ACC9d9acb21e5,,False,
ACCada99038eb,,False,
ACC6691ad473b,,False,
ACC9fcaa7e4c9,,False,COINC0031
ACC534af770b9,,False,
ACCbf6ea45ced,,False,
ACC2518839fc3,,False,
ACC962b6e923d,,False,
ACCd3630db823,,False,
ACC3926981a6d,,False,
ACCfb4997c377,,False,
ACCf487adfa41,,False,
ACC53df112b10,,False,
ACC63ea08822e,,False,
ACC927e8a2013,,False,
ACCa71bf5dade,,False,
ACCf194c91b06,,False,
ACC9ea2600b5b,,False,
ACCad811e1186,,False,COINC0020
ACCa319f8ed06,,False,
ACC507ec4780c,,False,
ACC853926a13b,,False,
ACC4ddb69f1bc,,False,
ACC1eb2b45f98,,False,
ACCce182ca142,,False,
ACC29b7daa327,,False,
ACCccbd48e3e4,,False,
ACC41413abd62,,False,
ACCf0789cd633,,False,
ACCc0103a79bf,,False,
ACCe816538b7d,,False,
ACC152bf8dab9,,False,
ACC520cf1dfe8,,False,
ACC9b09aab214,,False,
ACC2ed3e229b9,,False,
ACC67b7b6871c,,False,
ACC8ac9e656f4,,False,
ACC1df24ee0b3,,False,COINC0018
ACC48d40a7121,,False,
ACC4f078d27ba,,False,
ACCdf0d7ef059,,False,
ACC2474f0729b,,False,
ACCb875ae78a2,,False,
ACC72e12d350b,,False,
ACC15a5ced9c6,,False,
ACC35b8f8b9bd,,False,
ACCe2e89576b6,,False,
ACC3170b0da19,,False,
ACC7703493b8e,,False,
ACC5033cff1fc,,False,
ACCc5a295b72e,,False,
ACC2e75bc806b,,False,
ACCa1fc0797c8,,False,
ACCaf668a8e4a,,False,
ACCeb4eaa19a1,,False,
ACC9ee3bbe8ed,,False,
ACC09a28fc58e,,False,
ACC78bff14c1d,,False,
ACCed3ed01710,,False,
ACCf1098332fe,,False,
ACCcb5f5ee229,,False,
ACCa6ca0d7500,,False,
ACC08fd148425,,False,
ACC2bb8e95a0e,,False,
ACCa15cbb9a57,,False,
ACCbe29aa7825,,False,
ACCc499851bf7,,False,
ACCe110b6fb74,,False,
ACC33e6312da1,,False,
ACC358694f177,,False,
ACC208e98b3de,,False,
ACC01f9fa4128,,False,
ACC1688a6c7ee,,False,
ACC729fc22276,,False,
ACC83cc9e417b,,False,
ACC2c69db25c3,,False,
ACC8254fa3470,,False,
ACCa46d9d8ce4,,False,
ACC4e449fd517,,False,
ACC9d090dc75d,,False,
ACCc7b27bc63d,,False,
ACC1ca20b3153,,False,
ACCc85928d6de,,False,
ACCdf67acd2b1,,False,
ACC6d6d4637ae,,False,
ACCd40fd0df77,,False,
ACCcccb807899,,False,
ACC521148ac94,,False,
ACC3b1fc3e64d,,False,
ACC6bbdbb4d3d,,False,
ACC247c54f8e1,,False,
ACCdb7737c74e,,False,
ACC0ae40cd238,,False,
ACC2fab07982a,,False,
ACC64cd23e8b8,,False,
ACC0bce816aad,,False,
ACC0662b4c1d9,,False,
ACCf353376d2e,,False,
ACCb39a9ef5a7,,False,
ACC96f31a6fb7,,False,
ACC2ca787bb79,,False,
ACCc2607a569a,,False,
ACCe5309dbbed,,False,
ACC0b4aa01a2d,,False,
ACC124d86bfa7,,False,
ACC93283f729c,,False,
ACCae3ca15c85,,False,
ACCb293a6d5bd,,False,
ACC3b045b3377,,False,
ACCaa59764db6,,False,
ACC18099fcf90,,False,
ACCf86e89b10b,,False,
ACC344c9124e4,,False,
ACC336e079e07,,False,
ACCfcf0302af5,,False,
ACCde41689311,,False,
ACCdb61695a64,,False,
ACCc78f8be045,,False,
ACC9ee45c04dd,,False,
ACC15486fde79,,False,
ACCa90b6cf08f,,False,
ACCeccb594b41,,False,
ACCe4a9f618c8,,False,
ACC217474741c,,False,
ACC61c04f90cb,,False,
ACC483430446a,,False,
ACC9c97c7a555,,False,
ACC2d2c20290d,,False,
ACC80af944565,,False,
ACC66f324784f,,False,
ACC1800e03c69,,False,
ACCc5e2735c62,,False,
ACCac02c60525,,False,
ACC7bbd9fdb5d,,False,
ACCecf82076b9,,False,COINC0028
ACC3e401dda6a,,False,
ACCa9c9a878e4,,False,
ACC1c5f2c87b6,,False,
ACCcef6b495b6,,False,
ACCa9cb5d191c,,False,
ACC1e23e6a428,,False,
ACC332039d33d,,False,
ACC2d25d4ddb8,,False,
ACCe9915b5f0a,,False,
ACC7bbc9ee42b,,False,
ACC438194244a,,False,
ACCaef25ca73f,,False,
ACCea98ac5048,,False,
ACC3df4b8aace,,False,
ACC84ea89d748,,False,
ACC7999d55b5a,,False,
ACC8f3ab68538,,False,
ACC0d0e082eac,,False,
ACC297362f7c8,,False,
ACC85576ca8e5,,False,
ACC5fd811aa68,,False,
ACC29194da18c,,False,
ACC7913ae6e36,,False,
ACCe6b62e3976,,False,COINC0027
ACC94d37654c2,,False,
ACCf83c1d00e8,,False,
ACC26fbbc456e,,False,
ACCd5e2ffc47b,,False,
ACC011631747a,,False,
ACC0dbf41e04f,,False,
ACC0319c4decb,,False,
ACC4bf2d6a38b,,False,
ACCb6d79a1835,,False,
ACC9b5974d8aa,,False,
ACCbddd6522c3,,False,
ACC40181c8cb7,,False,
ACC78634a0083,,False,
ACC8de4aa5d6a,,False,COINC0024
ACC3c8d0e9e36,,False,
ACC749fd31eec,,False,
ACC0c18ad157d,,False,
ACCa04a3e3944,,False,
ACC8d1f9b23cf,,False,
ACCee38b294f5,,False,
ACC56e0d09a6f,,False,
ACC7e09474b11,,False,
ACCf49060b9c2,,False,
ACCc2d3c1cb84,,False,
ACCcdd25317b4,,False,
ACC629d2d26fb,,False,
ACCdf35349bd8,,False,
ACC4efdb8520b,,False,
ACCd961430772,,False,
ACC3d0d8726fe,,False,COINC0007
ACC1dab00cc18,,False,
ACC8cf0473912,,False,
ACCc46a4df1d6,,False,
ACCd6d22307e6,,False,
ACCc5e4e914dd,,False,
ACCff048970b9,,False,
ACCa6ed28c051,,False,
ACCf1852d560d,,False,
ACC80f7398f73,,False,
ACC240d69a5f0,,False,
ACC7c2435bb99,,False,
ACC71bc1a22c7,,False,
ACC1c1e5f1b37,,False,
ACC437a65ffcc,,False,
ACCa450604db5,,False,
ACC5732beeeaa,,False,
ACC0f1df6814f,,False,
ACCb5fda65fb4,,False,
ACC678584f2db,,False,
ACCa7cfa89293,,False,
ACC2f4dcfadce,,False,
ACC49c6b5d98e,,False,
ACCf42b58f360,,False,
ACCe23f0358cd,,False,
ACC9417e2a0d4,,False,
ACCb5e221132e,,False,
ACC5a998e0240,,False,
ACCf1a313449d,,False,
ACCb5c8b8b243,,False,
ACC187afab5b6,,False,
ACC04b9860613,,False,
ACC7d322298cc,,False,
ACC306e7b62b4,,False,
ACC98168c65ca,,False,
ACC40d7015fb5,,False,
ACC9882eff8f1,,False,
ACC66ab49af02,,False,
ACC13703feec6,,False,
ACC1d11958e65,,False,
ACC64a50edd12,,False,
ACCadac6aace7,,False,
ACC324312c122,,False,
ACC5ccd4c1f2b,,False,
ACCb1efe59369,,False,
ACC551dbb9351,,False,
ACCdcd9bc7c23,,False,
ACC730a6ab5e1,,False,
ACCddc69cc533,,False,
ACCa1b576fc3e,,False,
ACC1e02ac3bbe,,False,
ACCe2e2c6d844,,False,
ACCbd7aa23006,,False,
ACC53aa6c30ee,,False,
ACC5d16cecd01,,False,
ACCce76e745ec,,False,
ACCc017852ae2,,False,
ACC0f387eff67,,False,
ACCfcc5124444,,False,
ACCa881e70d2d,,False,
ACC9446b817bd,,False,
ACC7f62745830,,False,
ACC59b5f0b0a4,,False,
ACC626570543b,,False,
ACCa0032b89df,,False,
ACCe5472a3797,,False,
ACC0604863a7e,,False,
ACCa95d676609,,False,
ACCf4d701e6fb,,False,
ACCccd38abcc2,,False,
ACCbd4713cce0,,False,
ACC9ea1947a62,,False,
ACC65a33579be,,False,
ACC55e61e391d,,False,
ACCb139e57f86,,False,
ACC6228c5f0ce,,False,
ACC84c42a5b55,,False,
ACC0120086353,,False,
ACC7b303835bd,,False,
ACC7cd674bdee,,False,
ACCa441da3ad0,,False,
ACCc334e1d236,,False,
ACCc7afcbee19,,False,
ACCb0a6b9ba1a,,False,
ACC7b3095f9ac,,False,
ACCcef1dff12d,,False,
ACCf4ab6f798b,,False,
ACC17e84a1819,,False,
ACC27f092935c,,False,
ACCf26abc2919,,False,
ACC20531575cf,,False,
ACC5714235ccd,,False,
ACCa126da344f,,False,
ACC7553e3864a,,False,
ACC1d089d7cf9,,False,
ACCf32eb84c6b,,False,
ACC1b01bec713,,False,
ACCf037726287,,False,
ACC4809fa0c09,,False,
ACC3bd738fce5,,False,
ACC1b3d35ea8a,,False,
ACC4f5c021afd,,False,
ACC17fdf3a01b,,False,
ACCf784c2defb,,False,
ACC8ccfac5b50,,False,
ACCed99672cbe,,False,
ACCd29438c86e,,False,
ACCbd1b431dcd,,False,
ACCa2707e664d,,False,
ACC0454c4e226,,False,
ACCab19157dda,,False,
ACC2b77c36d08,,False,
ACCf405591370,,False,
ACCcc0d106577,,False,COINC0004
ACC39f574949a,,False,
ACC956d1084ac,,False,
ACC799f823a27,,False,
ACCb210b876f9,,False,
ACC6481f08b22,,False,
ACC58893e0e74,,False,
ACC5d04f3b695,,False,
ACCc13b2d0e07,,False,
ACC2bb461156f,,False,
ACCb4c1aae930,,False,
ACC1a4128da42,,False,
ACC28db0c9e9b,,False,
ACC7c3fdacba5,,False,
ACC183e3d6090,,False,
ACC7b20a50ac5,,False,
ACC8a6c30ef4c,,False,
ACCf12085279c,,False,
ACC27607796f6,,False,
ACCade3f330d0,,False,
ACC9dd0e2c477,,False,
ACCbdb15b0589,,False,
ACC4308808565,,False,
ACCc67f14319d,,False,
ACC3e4f5af005,,False,
ACC2c7f26d4d6,,False,
ACC4e2b25fd63,,False,
ACC414e1205c4,,False,
ACC3e66ea71c9,,False,
ACC1fb81927b1,,False,
ACC449e71cfe3,,False,
ACC0c24e8f6a5,,False,
ACCa49ceee521,,False,
ACC29fdb3bc09,,False,
ACC02342a1828,,False,
ACCae3d1cc3e0,,False,
ACC8ef1dbebd5,,False,
ACC30a1fe7bde,,False,
ACCe28c0e4be2,,False,
ACC3212ec4d3c,,False,
ACC9575fa25c1,,False,
ACC5e142de5e5,,False,
ACCb15b13f075,,False,
ACCe3a67b10fb,,False,
ACCe20d72cf2e,,False,
ACCde3a0e82e0,,False,
ACC12aabac3a3,,False,
ACCfc78ada9bd,,False,
ACCd9420a5f6a,,False,
ACC5a14d40892,,False,
ACC689dffc32f,,False,
ACC77545d398e,,False,
ACCc027f25fcf,,False,
ACC42c5fd3fff,,False,
ACCad79581404,,False,
ACCfa80fb0b94,,False,
ACCbd31eec3f7,,False,
ACC5ed42c203d,,False,
ACCd613073494,,False,
ACC03df66717b,,False,
ACC2784c36e52,,False,
ACCaad23d3083,,False,
ACCeb9af6d62c,,False,COINC0048
ACCaae6f517c8,,False,
ACC9a336e39cd,,False,
ACC78531fc634,,False,
ACC78b7933d94,,False,COINC0044
ACC620563aa48,,False,
ACC9b89b1f283,,False,
ACC61d908f578,,False,
ACC001225841f,,False,
ACC306d31e426,,False,
ACCa74c3c04de,,False,
ACCabd6943c6a,,False,
ACC5d97ec2f23,,False,
ACC927aa4df58,,False,
ACCc115d22306,,False,
ACC5163b1d88c,,False,
ACC29ebd242df,,False,
ACCdc0ab06561,,False,
ACCe8396b510f,,False,
ACC924e9e0bcd,,False,
ACC2e7fad19e7,,False,
ACC311bbade0b,,False,
ACCa298df1853,,False,
ACCf1b89ec855,,False,
ACC2336060820,,False,
ACC503ac5bf9c,,False,
ACC227db4c84f,,False,
ACC3ac0f51571,,False,
ACCdef8dd3c14,,False,
ACC0efcb2a9f5,,False,
ACC95f717db46,,False,
ACC7507e99996,,False,
ACCb999beb969,,False,
ACC42bb528755,,False,
ACC6c4cf16bc7,,False,
ACCa92c4e6de8,,False,
ACC59d2a082d7,,False,
ACC8949b23a3a,,False,
ACC709c8230f1,,False,
ACC7f38c1cfbd,,False,
ACC53efc930e7,,False,
ACC21dd2db2bb,,False,
ACC3094d04b44,,False,
ACC0cb74e1e5e,,False,
ACC8e43460c8b,,False,
ACCd1524c657d,,False,
ACC3735a24643,,False,
ACC6e6043049a,,False,
ACC998b1cff0d,,False,
ACC998fc9461c,,False,
ACCa8dd90c633,,False,
ACC91cde286ad,,False,
ACC4a408a616c,,False,
ACC8deca77128,,False,
ACCebf4663c9f,,False,
ACCe1b18babc5,,False,
ACC75bfa35e94,,False,
ACC67d3f96315,,False,
ACC74acbb2ad0,,False,
ACCbc711a36dd,,False,
ACC393dc0a63b,,False,
ACCb7317e0a7d,,False,
ACC0c401e1ce8,,False,
ACC3fe3daa190,,False,
ACC6153b801ba,,False,
ACC157d3ff2af,,False,
ACCb81d5ee554,,False,
ACCc3c382977a,,False,
ACC47f4486898,,False,
ACC8326728496,,False,
ACC8b025e1da1,,False,
ACCb54131c812,,False,
ACC4c77bb9823,,False,
ACCc7cba1fe77,,False,
ACC53e7de9b74,,False,
ACC8b0cab4fe6,,False,
ACCdd45ffeb56,,False,
ACC0342d3f250,,False,COINC0009
ACC46b9f26342,,False,
ACC067bb171f7,,False,
ACC377e5deac2,,False,
ACCacd07b967b,,False,
ACC1d7c352b2a,,False,
ACC8e786750e8,,False,
ACC21615ecf49,,False,
ACCcef88723d1,,False,
ACC663f9901d5,,False,
ACCef85f50a08,,False,
ACC5444ce26ab,,False,
ACCbfb12073ed,,False,
ACCf1ea2345c2,,False,
ACC6c192d55ff,,False,
ACCddf953fb9a,,False,
ACCd684b96b7a,,False,
ACC8463e445da,,False,
ACC1b9c8e758d,,False,
ACC6dff9a3ef0,,False,
ACCb1d9b82b83,,False,
ACCe3acc21eac,,False,
ACCabb66a9e9d,,False,
ACC74ef370fc4,,False,
ACCd34b15c927,,False,
ACCc80f09d194,,False,
ACCa967eafd8e,,False,COINC0038
ACC9ffeb35db7,,False,
ACC62f26f6ac2,,False,
ACC79814ffe76,,False,
ACC1cdbbbcb95,,False,
ACC8567f47060,,False,
ACCae64f17884,,False,
ACCf0e89d2691,,False,
ACCc442616cff,,False,
ACC0cf8e7caac,,False,
ACC612ec7e98c,,False,
ACCe9113fe4ce,,False,
ACC2710e7e7bc,,False,
ACC4034e43b69,,False,
ACC44e89da3b5,,False,
ACC5e6f3b99f3,,False,
ACC0c58023a52,,False,
ACCcd509f9d15,,False,
ACC34e8d99d18,,False,
ACC3736288afd,,False,
ACC41aecc50da,,False,
ACC160462634a,,False,
ACC13847e58d7,,False,
ACC8fa3599c48,,False,
ACC585f117567,,False,
ACC5c90587654,,False,
ACCa6516ca550,,False,
ACCad761cc4f4,,False,
ACCb804302e80,,False,
ACC14d1e1b612,,False,
ACCca77d22fa8,,False,
ACC98fd8b6964,,False,
ACC81906e2cd3,,False,
ACC4c3543a186,,False,
ACCa4bbf9b4b7,,False,
ACC5d9428326c,,False,
ACC79e12903f6,,False,
ACC14b920bcd6,,False,
ACCf11343a0d7,,False,
ACC063682a1ac,,False,
ACC60c4fc487c,,False,
ACCb176ebd77c,,False,
ACC85110974e9,,False,
ACCc8cae08f4e,,False,
ACC843f1fec68,,False,
ACCd90079e81e,,False,
ACCd1a1ce6ac6,,False,
ACC00c5762525,,False,
ACC2aed809d63,,False,
ACC059e9110d1,,False,
ACCabe4ed2d67,,False,
ACC7e24f27e68,,False,
ACC524ad597b3,,False,
ACC17a8a70f42,,False,
ACC401c26ec44,,False,
ACCf330734cde,,False,
ACC4aba482bb1,,False,
ACC17f587a741,,False,
ACCb3fdfc893a,,False,
ACCc46c25a213,,False,
ACCcb0c21978d,,False,
ACC1506c7d652,,False,
ACC0387097a97,,False,
ACCe68e7a42e8,,False,
ACC0c3a0d6dae,,False,
ACC40ea19ab90,,False,
ACC5aecffc270,,False,COINC0041
ACC0c3f8ac59f,,False,
ACC22ada5e38c,,False,
ACCaf003d3923,,False,
ACCfbb461c3fa,,False,
ACC14a16cdde0,,False,
ACCda5924505b,,False,
ACC2727846530,,False,
ACCf9092c303c,,False,
ACC783f87c818,,False,COINC0043
ACC2b120b3aa5,,False,
ACC8d2736e55a,,False,
ACC2b53443820,,False,
ACCd45d08f2e0,,False,
ACC283f59a84c,,False,
ACCb98b960f60,,False,
ACC7f9d6141e4,,False,
ACCdb92741194,,False,
ACC89aa1ab2a2,,False,
ACCa5fc59a734,,False,
ACC2ac72bc36a,,False,
ACC532a64725a,,False,
ACC4afd46b294,,False,
ACCb5d0b73a2a,,False,
ACC55a12a5394,,False,
ACCd0a100579f,,False,
ACC6a0e062098,,False,
ACCb0e2375455,,False,
ACC47f88de862,,False,
ACCcd6e4b1f2a,,False,
ACCd9a1f990a7,,False,
ACC7f2ef83efd,,False,
ACC4ca22ce6be,,False,
ACCfc1f76e26e,,False,
ACCe43773cf66,,False,
ACC7943b723fc,,False,
ACC756cd2fabb,,False,
ACC334cddf3da,,False,
ACC8c26dc20ee,,False,COINC0029
ACCb54dbf531f,,False,
ACC9bc13b21b3,,False,
ACC7caeea35af,,False,
ACCedbc128a23,,False,
ACCd2282d7856,,False,
ACC6c91c6e35d,,False,
ACC820cf5973a,,False,
ACCf765228ab5,,False,
ACC4e992327a2,,False,
ACC979dad83ef,,False,
ACC46b595bb3b,,False,
ACC3f652df278,,False,
ACC567ceec9a4,,False,
ACC5eb5087ec1,,False,
ACC53ad26f046,,False,COINC0035
ACCf0559e5bd6,,False,
ACC9c1951e28b,,False,
ACC2ba1bf50ec,,False,
ACC5a9aa01311,,False,
ACC6647b4bf70,,False,
ACC06c09a76db,,False,
ACC4aca521279,,False,
ACCaaf7f4d2c0,,False,
ACC62be1ef6a7,,False,
ACC7044d89ee7,,False,
ACCfe7e70994e,,False,
ACCeeb3a9c4e0,,False,
ACC10c406fde6,,False,COINC0006
ACC9314fee606,,False,
ACCf7dc602f01,,False,
ACCe109f85bef,,False,
ACC4c78803257,,False,COINC0037
ACC6af571fec2,,False,
ACC97f5545a79,,False,
ACCc7e6119fcf,,False,
ACCf68d1c53d4,,False,
ACCd472215fa2,,False,
ACCe4ae3e9024,,False,COINC0040
ACC300eb517e5,,False,
ACCcd834d2d9c,,False,
ACCf4af74d05a,,False,
ACCc0f1e343ce,,False,
ACCbe2ccfd7d0,,False,
ACCbb4a5e8528,,False,
ACCd69a61c4cc,,False,
ACCb7b2aab7e9,,False,
ACCd8e8fce9a3,,False,
ACC8a1eea70b1,,False,
ACCd699c6e8ad,,False,
ACC4f1b174d60,,False,
ACC103d9d0097,,False,
ACC9f622ea039,,False,
ACCc69360b11d,,False,
ACCb0fe217ea3,,False,
ACCcd0a1c1f72,,False,
ACC18352937b0,,False,
ACC811b814f82,,False,
ACCdabc164ad5,,False,
ACCa9af927371,,False,
ACC149efa64a1,,False,COINC0019
ACC1d4e9aa632,,False,
ACCc2cf865887,,False,
ACC8b21267422,,False,
ACCd09f83b3e9,,False,
ACC641cd37bc8,,False,
ACCde44783550,,False,
ACC5a1425648b,,False,
ACC433931c0fb,,False,
ACCea9f87b92f,,False,
ACC9ecf54c03c,,False,
ACC6bc76efecc,,False,
ACC7cb5aa0e47,,False,
ACC9ff9e0abf1,,False,
ACC9f8fd0e79e,,False,
ACCd4c9500a7d,,False,
ACC4efc3cae98,,False,
ACC1329f2ed3a,,False,
ACC350ecdb8ab,,False,
ACCbbc79845d8,,False,
ACCead44c2a71,,False,
ACC3ffd3b3f38,,False,
ACCc1d47792dc,,False,
ACC15eba91d64,,False,
ACC021a773551,,False,
ACCcfc1b3979b,,False,
ACC5a41ea9988,,False,
ACC685727971d,,False,
ACC71202e1110,,False,
ACCcce047a21a,,False,
ACCf6589eb42f,,False,
ACCfdfb604c6b,,False,
ACC98c5bcee96,,False,
ACCc782e8d73a,,False,
ACC9bfaabdda0,,False,
ACC6b18bd6cc3,,False,
ACCbceed34315,,False,
ACCc0fb02978d,,False,
ACCddc320b01b,,False,
ACC4500dee417,,False,
ACC3e39910631,,False,
ACCd20bcdcdea,,False,
ACC61dfca2fb2,,False,
ACC003df76b84,,False,
ACC5eababa27e,,False,
ACCb9486c924c,,False,
ACC9d65c9faec,,False,
ACCe9e011b78c,,False,
ACC471ac7e36e,,False,
ACC63aae534d0,,False,
ACC1e9a448b4d,,False,
ACC3a81eda735,,False,
ACC83d799e0d0,,False,
ACCa9ce4df6c2,,False,
ACC7587926908,,False,
ACC029bd830dc,,False,
ACC66569cfcd8,,False,
ACC1e141a68d8,,False,
ACC4a6d8b0f8d,,False,
ACC1bf9d0172c,,False,
ACC15470fe4e4,,False,
ACC544c4e848a,,False,
ACC4985bb8b8b,,False,
ACC63c4fc99e6,,False,
ACCf6904b96f4,,False,
ACCbe667a6df0,,False,
ACC98b1eea5d4,,False,
ACC9fc5b466f5,,False,
ACC9f583aed7f,,False,
ACC48a776fda7,,False,
ACC7bd94afcbc,,False,
ACC0f4f8e1ecf,,False,
ACCde31e2f3c4,,False,
ACC89af9dda58,,False,
ACC93008c3859,,False,
ACC98ace424df,,False,
ACCbdc8b75527,,False,
ACC64a5ba66e8,,False,
ACC1e84e3cd0c,,False,
ACCd02c275304,,False,
ACCe256e9ea29,,False,
ACC2e8d1b8b72,,False,
ACC493a271c66,,False,
ACC19b0238983,,False,
ACC20902fd7cb,,False,
ACC09386f3569,,False,
ACC0bb5a9f4f2,,False,
ACC31b1bd1617,,False,
ACC9e318580e2,,False,
ACC8aec7fe5b4,,False,
ACC00976a96f9,,False,
ACC9dbe95552d,,False,
ACC4b6a805cc7,,False,
ACCc1ca0767cb,,False,
ACCba90a7ae1f,,False,COINC0000
ACC72672b1cfa,,False,
ACC0002da2e7c,,False,
ACC04883397ca,,False,
ACCc780dab0ca,,False,
ACC67d548d385,,False,
ACCfce66b1117,,False,
ACC3655721ce7,,False,
ACC85ceeb82be,,False,
ACC0bb91f5f6b,,False,
ACC0b6519928c,,False,
ACCfa85c24476,,False,
ACCa6daa57bee,,False,
ACC0d0ec629f4,,False,
ACCa5c8262367,,False,
ACCd500d2104c,,False,
ACCbdf49ff064,,False,
ACC7d8a7fd082,,False,
ACC5168df5888,,False,
ACC8a4aaa55cd,,False,
ACCbd2aa31658,,False,
ACCabbf1e18e9,,False,
ACC83ebfd573f,,False,
ACCbb4770120a,,False,
ACCa98e425f5b,,False,
ACC55c6c74eaf,,False,
ACC3ee86eaba5,,False,
ACC811cf1b523,,False,
ACCe8bbfc1c91,,False,
ACCc3c1c17b36,,False,
ACC35e8f3a4cc,,False,
ACCaa910fb4e2,,False,
ACCdbf1494bfa,,False,
ACCf3b34497b3,,False,
ACC5bc7e5f602,,False,
ACC545add4a51,,False,
ACC01a5e420e5,,False,
ACC80f928731f,,False,
ACCc23d390877,,False,
ACCabe4017709,,False,
ACCc30d96ba6c,,False,
ACC502f4d9723,,False,
ACC5c85b18f27,,False,
ACCff5c304c94,,False,
ACC3947491cca,,False,
ACC536f2f404d,,False,
ACC517e3f2abd,,False,
ACC4ea686fbff,,False,
ACCf28ee89179,,False,
ACC47494fd7b5,,False,
ACC314e0bbf57,,False,
ACC8d7bb401ef,,False,
ACCb5156510da,,False,
ACC04c9dd27b9,,False,
ACC422a4bc489,,False,
ACCa12999951b,,False,
ACCc63c9b80d1,,False,COINC0023
ACC84486117ac,,False,
ACCa429e4f390,,False,
ACCacb5b49a57,,False,
ACC6ac3370f8f,,False,
ACCdf6932f13c,,False,
ACCbaf842f3bc,,False,
ACCfb93249fd2,,False,COINC0018
ACC0b5f55eb22,,False,COINC0042
ACCc24d6af7d3,,False,
ACCc0a4808bc4,,False,
ACCd0cb99947c,,False,
ACC428f7016bc,,False,
ACCcc1c98c857,,False,
ACCa1b3670aa0,,False,
ACCb6dad62c19,,False,
ACC2e2207d141,,False,COINC0009
ACC89bc6a9de5,,False,
ACC2c678251b7,,False,
ACCf8fe4c7f61,,False,
ACCd04f397cb0,,False,
ACC806674d951,,False,
ACC54e5341c81,,False,
ACC9cb226d51e,,False,
ACCf2e23068f5,,False,
ACC5368c05353,,False,
ACC2fa929678a,,False,
ACC26c19b7538,,False,
ACC06a34435a7,,False,
ACCf1df5f0b63,,False,
ACCc55458ff41,,False,COINC0013
ACC3a49b89a21,,False,
ACC511062e2dc,,False,
ACC8bba9f7e0f,,False,
ACC5b04cfdf9c,,False,
ACC6a7057e717,,False,
ACC3ad4b5813d,,False,
ACC87a8de02ce,,False,
ACCc19fcdb821,,False,
ACCfd9d08ab00,,False,
ACC41e8dedb62,,False,
ACC0c3b3c615a,,False,
ACCf18cdf538d,,False,
ACC970f3b6190,,False,
ACCbc58b56f45,,False,
ACCa4c192a9be,,False,
ACCb5eed395af,,False,
ACC693149f2c9,,False,
ACCa614da7ec2,,False,
ACC5473e2634d,,False,
ACC64fea64a2c,,False,
ACCdad010f5fa,,False,
ACC8679dfdb85,,False,
ACCf39b38a30e,,False,
ACCce2e48f7da,,False,
ACC719c1cb21a,,False,
ACCf9f9af5295,,False,
ACC0468052c94,,False,
ACC6957347dc0,,False,
ACCbb3693a544,,False,COINC0010
ACC64343390c0,,False,
ACC11f72f5e49,,False,
ACC5fb295d934,,False,
ACC5f173cbc18,,False,
ACCef52c0da87,,False,
ACC63cd157d4f,,False,
ACC7790dc53b7,,False,
ACCaf0a927eac,,False,
ACC5a51bb7776,,False,
ACCfce3da163f,,False,
ACC88d30ff65b,,False,
ACC9a662bf668,,False,
ACCa0f20d76c8,,False,
ACC3a9c3685f5,,False,
ACCbdd3c36ae9,,False,
ACC9519f26569,,False,
ACCc934c4a55d,,False,
ACC09198d68a0,,False,
ACC9510057f9c,,False,
ACC26e2d25671,,False,COINC0020
ACC6ff51de18b,,False,
ACCe334a408d4,,False,
ACC009184fdb8,,False,
ACCea63870e1c,,False,
ACC80c1bda692,,False,COINC0017
ACC14979c7087,,False,
ACC84d23b13b3,,False,
ACCf7877e8bdf,,False,
ACCe422552e23,,False,
ACCe48cd1a566,,False,
ACC2835dfa39c,,False,
ACC824567042a,,False,
ACC250b4e6485,,False,
ACC7119ac3725,,False,
ACC68083ab633,,False,
ACC0cc8f53c86,,False,
ACC5fc534414a,,False,
ACC62be407e86,,False,
ACC4bb2c1a423,,False,
ACC97ebfe8715,,False,
ACC28f053281b,,False,
ACC17ab0cfa13,,False,
ACC1d32b5ffef,,False,COINC0040
ACC64b79bb40c,,False,
ACCdfb9372211,,False,
ACCf044d9879b,,False,
ACC2d708de53e,,False,
ACC6ae86ee8ba,,False,
ACC02102b7530,,False,
ACC65d0b3eabe,,False,
ACC3be7305a54,,False,
ACC638a811533,,False,
ACCdfee9286ca,,False,
ACC11b93db420,,False,
ACCdd0493e159,,False,
ACC2d0a8cd2d1,,False,
ACCf8f59ed0ad,,False,COINC0005
ACCb3a2c5bb36,,False,
ACC7c607c119b,,False,
ACCdcf2b43f81,,False,
ACCcb184e39b5,,False,
ACC0c818d835e,,False,
ACC81c1a44c1e,,False,
ACC3465634f37,,False,
ACC425fec99dc,,False,
ACC6fcd30c53c,,False,
ACC5f9bfff474,,False,
ACCe8e6e1ec46,,False,
ACC1c83c9c5b8,,False,
ACCa0df80b466,,False,
ACCaf746d4ca2,,False,
ACCb9e3ab4dcc,,False,
ACC0bd690bec4,,False,
ACCfe4747c625,,False,
ACC4316d481cd,,False,
ACCa7735e3959,,False,
ACC65c89640dd,,False,
ACCb7eb5e6129,,False,
ACC91fc64a46d,,False,
ACC972b95dcf9,,False,
ACC2dc7a5b5e0,,False,
ACCb06c9ca303,,False,
ACCb5a1abcca3,,False,
ACCd3f873531a,,False,
ACC06ec9c09a3,,False,
ACCb932dc2a3e,,False,
ACCea890a799a,,False,
ACC63324ae2cb,,False,
ACC3a0728a446,,False,
ACCb6151f146d,,False,
ACC9459743bb5,,False,
ACC482b1991fb,,False,
ACCb29391463b,,False,
ACC42ce3c7c7c,,False,
ACC7ecf34407f,,False,
ACC52d2b2e9ac,,False,
ACCca27f036a0,,False,
ACC86b8aed634,,False,
ACCf979d6c316,,False,
ACCb8018efb6d,,False,
ACC105f4fe020,,False,
ACC7ce0fb459e,,False,
ACCf6369c5441,,False,
ACCdedc2b636c,,False,
ACC16df6c5261,,False,
ACCc02c2de741,,False,
ACC3d32856c0e,,False,
ACCbb1d8637f4,,False,
ACCfac2f44d04,,False,
ACC1436bf6a94,,False,
ACC8ff09803d3,,False,
ACC07a828462e,,False,
ACCad776c3c20,,False,
ACC38d1bf4194,,False,
ACC52589ff47f,,False,
ACC729aa4fda6,,False,
ACCd20fe972e0,,False,
ACC341a61df78,,False,
ACC910a49d195,,False,
ACC59010bbec3,,False,
ACC819d954c84,,False,
ACCe9e069e15a,,False,
ACC52dbba1ff9,,False,
ACCaa17a9decd,,False,
ACC4d773f70b5,,False,
ACC742975bf68,,False,
ACC25b3367751,,False,
ACCc573242f8c,,False,
ACC63cf6b58da,,False,
ACC82ac3aa588,,False,
ACCbf0e93ba57,,False,
ACC11942e3e78,,False,
ACC8bca27c8a1,,False,
ACC7c6d2a6b70,,False,
ACC739879fcc5,,False,
ACCf710baa60e,,False,
ACC0287f5e763,,False,
ACCe955ddb29f,,False,
ACC6960c64f20,,False,
ACC851fc97495,,False,
ACCa86f9337d2,,False,
ACC118ecdfd79,,False,
ACCc9d99206f4,,False,
ACC09f5fdcacd,,False,
ACC12f2f4a124,,False,
ACC68d0e61c83,,False,
ACC4072b74b28,,False,
ACC24dfcfcaf7,,False,
ACC39ef263153,,False,
ACC458c807b19,,False,
ACC99221998ed,,False,COINC0021
ACC9c6e70fdc4,,False,
ACCa05cbd7942,,False,
ACC5082f3e346,,False,
ACCede2eb4ec3,,False,
ACCf700b8650e,,False,
ACCb2d7c19f6f,,False,
ACC053370b376,,False,
ACCf060aad449,,False,
ACC2aa0fcad0e,,False,
ACCad9dea7d3f,,False,
ACC4dc84a703d,,False,
ACC3b1f58af94,,False,
ACC1b423326a2,,False,
ACC8638a1b58e,,False,
ACCe1a38b0ff1,,False,
ACCf892396fbc,,False,
ACC228e613dbe,,False,
ACCb233f84907,,False,
ACCb2488b48e8,,False,
ACCac0e68f521,,False,
ACC30342be4d5,,False,
ACC3064c65a92,,False,
ACCdafb4d90ec,,False,
ACCd1d05840d3,,False,
ACC181fa02384,,False,
ACCa37377e188,,False,
ACC1b1b157cca,,False,
ACC871ac6171b,,False,
ACC05be12762e,,False,
ACC0aa8a3cf41,,False,
ACCb9da742606,,False,
ACCcd9b6b865a,,False,
ACC19bb8a852c,,False,
ACC5828cf21fb,,False,
ACC5b609f8ed0,,False,
ACC78e505e09d,,False,
ACC709c91215d,,False,
ACCe88ae8eb3a,,False,
ACCea90dafe56,,False,
ACCb3e838dd32,,False,
ACCe502026cfa,,False,
ACC0abc95bcb4,,False,
ACC7a25fe0a4b,,False,
ACCcc3b9ad9c3,,False,
ACCdd01f54b55,,False,
ACCce6465a1cd,,False,
ACC056df55018,,False,
ACCb5fff49066,,False,
ACC3b801fddeb,,False,
ACC682af4c639,,False,
ACCa582e75a74,,False,
ACC225bae31fc,,False,
ACCda220d0b05,,False,
ACC590a929b2d,,False,
ACC1818ebbdaf,,False,
ACC6a21a697ec,,False,
ACC18e9a57619,,False,
ACC397e764dbb,,False,
ACCbee462c9e5,,False,
ACC1a73887b94,,False,
ACCe322026e7f,,False,
ACCc09666ab26,,False,
ACCc5ff8924d6,,False,
ACCa3bcc62608,,False,
ACC2a8d1a7650,,False,
ACC057116c908,,False,
ACC4acf69ebba,,False,
ACCca24efeb90,,False,
ACC10ac9b1c64,,False,
ACC663ad45539,,False,
ACCb1e8dee891,,False,
ACC2da0b91fa5,,False,
ACCb765884f23,,False,
ACCa2534f72fd,,False,
ACC20236c9813,,False,
ACC4c59995d8b,,False,
ACCed995f787e,,False,
ACCe896e65fb4,,False,COINC0019
ACC57b43636cc,,False,
ACCa17e60e86e,,False,
ACCc6be1ee3f1,,False,
ACCd439844958,,False,
ACCa3bbf03151,,False,
ACC6abab719c9,,False,
ACCd965d6aace,,False,
ACCe372936777,,False,
ACC04a8791200,,False,
ACC38c4f18e1d,,False,
ACCea26f9f235,,False,
ACC49d173aba5,,False,
ACC62ad518dc0,,False,
ACC3c8c9055c7,,False,
ACCde82a4d3a5,,False,
ACCb775e9f2d3,,False,
ACC5b4d21cd8d,,False,
ACCfb749289c9,,False,
ACCd1a8d7100a,,False,
ACC99be1301e7,,False,
ACCa37f10dc81,,False,
ACCf85255e471,,False,
ACC7e1dc21a99,,False,
ACC38635d8566,,False,
ACCfb45dd33ae,,False,
ACCe038a54bc8,,False,
ACC02e654e629,,False,
ACC491fcc4bfc,,False,
ACC572bd7c07c,,False,
ACC91d0bac80a,,False,
ACC0b1ba2e5c2,,False,
ACC0301233f40,,False,
ACC18081722fa,,False,
ACC894c79c628,,False,
ACC8cb2300881,,False,
ACC38256a3cde,,False,
ACC481823293e,,False,
ACC8430ebe767,,False,
ACCd60531d58c,,False,
ACC3cbccf0f6b,,False,
ACC87f1c55f63,,False,
ACC7158a8ee44,,False,
ACC9e77cd7075,,False,COINC0041
ACC624657d0b6,,False,
ACC5db94d263d,,False,
ACC542b0b955f,,False,
ACC7ecf0730a6,,False,
ACC7bce6b53b2,,False,
ACCa88114b205,,False,
ACC78832ddefc,,False,
ACCe88c309d2c,,False,
ACC20314b36f0,,False,
ACCc39bb71122,,False,
ACC12f2a8a66a,,False,
ACC5686bf2f3f,,False,
ACCc46be2bd31,,False,
ACC684e63ef48,,False,
ACCa58524b193,,False,
ACCc72b3da496,,False,
ACC3bbe3daa18,,False,
ACCf27616d6d3,,False,
ACCcbb42db49f,,False,
ACC46725aac68,,False,
ACCf89d1aeae4,,False,
ACCbf84335fe9,,False,
ACC5618b190aa,,False,
ACCc9c719e210,,False,
ACCb6431b3e09,,False,
ACCad79782dad,,False,
ACC8c54ca83eb,,False,
ACC8de5647625,,False,
ACCfbe58d9b40,,False,
ACCf421dd1f48,,False,
ACC4c633b4c08,,False,
ACC3f1766fbac,,False,
ACCe87415a91d,,False,
ACCb1292d8ad4,,False,
ACCd13882f059,,False,
ACCdbfdd0493d,,False,
ACCcbb6c9ec5b,,False,
ACC58059b91f5,,False,
ACC4ec1d9bb14,,False,
ACC871e39c865,,False,
ACC3830a7c7fa,,False,
ACCeae85b3aa2,,False,
ACC2d0efab2a6,,False,
ACC7914350065,,False,
ACC1069e57720,,False,
ACC1a4ccfd358,,False,
ACCb1e70cfe3a,,False,
ACCb923c5daaf,,False,
ACC39267a6759,,False,
ACCefd066c257,,False,
ACC355a86779e,,False,
ACC6b37b0c54e,,False,
ACC324f06416a,,False,
ACCd6914976f9,,False,
ACC505755229c,,False,
ACC940ae5feae,,False,
ACCf27b28c14d,,False,
ACC899981490d,,False,
ACC65ee41d67d,,False,
ACC3bffdb50e0,,False,COINC0001
ACC0acfb5ec84,,False,
ACC4d3f7a0f64,,False,
ACCedce1157a3,,False,
ACC1c99a59c64,,False,
ACCcf4ce32c55,,False,
ACC8f546de617,,False,
ACCe33867fff5,,False,
ACCa34b5a8883,,False,
ACC93a33487e3,,False,
ACC4b3717d321,,False,
ACC75e899d66a,,False,
ACC5920eca21b,,False,
ACCe7c43561ec,,False,
ACC62ab9bdac2,,False,
ACCc0c5f90ff4,,False,
ACCedea4a6a6b,,False,
ACC1af3390eab,,False,
ACC5efb6a5a5d,,False,
ACCfc58d391dd,,False,
ACCbe5704d7ac,,False,
ACC06a03ba16a,,False,
ACC00ae4756e7,,False,
ACCf1ec0c5587,,False,
ACCdb2a81af36,,False,
ACC3f82ebb5a6,,False,
ACC84ad2a8abc,,False,
ACC1c2cb62027,,False,
ACC6e34916616,,False,
ACC93ecd0edcf,,False,
ACC8d3211f452,,False,
ACCbc6e618736,,False,
ACCbb14941cd1,,False,
ACC04860c04b7,,False,COINC0039
ACC398da279a8,,False,COINC0005
ACCb47286c3f0,,False,
ACCf50971358b,,False,
ACC24d875abc8,,False,
ACC69bdd9184c,,False,
ACC931ac85516,,False,
ACC1082ab1814,,False,
ACCda5b23a176,,False,
ACC2953b5d5e8,,False,
ACC512abaeda7,,False,
ACC78ad9a030c,,False,
ACC1e222bdd76,,False,
ACCfa9676b228,,False,
ACC767a86675a,,False,
ACC2239896a1c,,False,
ACC395d062e00,,False,
ACC37aee88452,,False,
ACCbdeed16d7d,,False,
ACC3911a564eb,,False,
ACCb900afd9d6,,False,
ACCd96440ebc9,,False,
ACC0089f44cde,,False,
ACC2d0b7dc986,,False,
ACC6a2dafae52,,False,
ACCecaa581f5f,,False,
ACC3b52c467a5,,False,COINC0036
ACC0d22c432c9,,False,
ACC1e82139be6,,False,
ACCb2ba4b7ad3,,False,
ACC45ad89495f,,False,
ACC02d9e35c78,,False,
ACCc82acd7252,,False,
ACC10d971e7a7,,False,
ACC2fb8f65550,,False,
ACCeedcdfe25b,,False,
ACC5e3e7ad036,,False,
ACC7f031c628e,,False,
ACC4fbd1be722,,False,
ACCfc01fd08e4,,False,
ACC334acc3fb2,,False,
ACC1647356107,,False,
ACCfd0f28e868,,False,
ACC1b470afbed,,False,
ACC58ca8a69c4,,False,
ACCc4d14f0eac,,False,
ACC257e69e4b7,,False,
ACCe405e1506e,,False,
ACCd9332f78f5,,False,
ACC84213cb1e0,,False,
ACCd26f86cede,,False,
ACC32a4a60e09,,False,
ACCa5f7f61ce0,,False,
ACC536ff9d476,,False,
ACC1ca88c0379,,False,
ACC8b4ae6ea33,,False,
ACC4e74ca289c,,False,
ACC00366e5221,,False,
ACC0d8b91357e,,False,
ACC4b9ef7f526,,False,
ACCd83fcb08b9,,False,
ACC048c9e278b,,False,
ACCbd8e7084fe,,False,
ACC7d08ec34c1,,False,
ACC49de732fc3,,False,
ACC7691b93d3e,,False,
ACCf52cc22630,,False,
ACC9e61b9dd19,,False,
ACC29516a4b55,,False,
ACCd686c2af52,,False,
ACC4c45884f65,,False,
ACCf655369bc4,,False,
ACC73c23333dc,,False,
ACC446323e197,,False,
ACC8911f0cac5,,False,
ACCdff2cfacb5,,False,
ACCe56070d6c5,,False,
ACC0fc2c79cf4,,False,
ACC86629f9232,,False,
ACC4ca0bf437a,,False,
ACC7e0735a0d9,,False,
ACC35f4feb195,,False,
ACCc4ed53e9f1,,False,
ACC256733d406,,False,
ACC7e7d8374cf,,False,
ACCed332d5c00,,False,
ACC07ff582404,,False,
ACC63f65c73ac,,False,
ACC3ab65c60f8,,False,
ACCd7ce3dc082,,False,
ACCf40008b24f,,False,
ACC5c13eb3dd1,,False,
ACCce7923650c,,False,
ACC59af498a85,,False,
ACCd1a88502d7,,False,
ACC09993f22f3,,False,
ACC2df5630b84,,False,
ACC81a6644440,,False,
ACC4d9ec11709,,False,
ACC0fd9fa837f,,False,
ACCadfd516dda,,False,
ACC5d4ce962bb,,False,
ACCbc857842f8,,False,
ACC1d30100a9c,,False,
ACC9e6ee2bd45,,False,
ACC7ed2d71142,,False,
ACC04b70528c1,,False,
ACC340746f6da,,False,
ACC3f403feccf,,False,
ACCa1b5d925e5,,False,
ACC60c68c2158,,False,
ACC2c430d8ed3,,False,
ACC189901ef3f,,False,
ACC7c8a5202ea,,False,
ACC99ee572fa5,,False,
ACCd5ab682d04,,False,
ACCe67f297a19,,False,
ACCd20cc553ab,,False,
ACCb5427dc88f,,False,
ACCd7b25adc51,,False,
ACC5962a11cb6,,False,
ACCfdbe17870c,,False,
ACCdc379479cf,,False,
ACC979669ddab,,False,
ACC33d2dbae62,,False,
ACCa3df3f3133,,False,
ACC562b6b4540,,False,COINC0039
ACCb59a9017e0,,False,
ACC830e6074ef,,False,
ACCded6c3e873,,False,
ACC1f7cc1d572,,False,
ACC3f4d8a6ed3,,False,
ACC06342a20a1,,False,
ACC7086a2abd7,,False,
ACCabbd40adc0,,False,
ACC527b51be18,,False,
ACC4eab5ef3f9,,False,
ACCc4a5d7cc7f,,False,
ACCa119448a6d,,False,
ACC96440adac0,,False,
ACCd83bb2c4f6,,False,
ACC8c7b74dc4e,,False,
ACC8bbd7ef4e9,,False,
ACC0730a3529a,,False,
ACC6146e0c6ea,,False,
ACC40ba4c797d,,False,
ACC9c431f83e8,,False,
ACC7969f2b122,,False,
ACC25efef1c28,,False,COINC0021
ACCdcd092a66a,,False,
ACC6606488c68,,False,
ACC4abe49cc08,,False,
ACC7ab48ff583,,False,
ACC4f815d3214,,False,
ACCfd38de9ad0,,False,
ACC7aacb0409c,,False,
ACC5803599f3e,,False,
ACC97d1b4695b,,False,
ACC0bfad38e62,,False,
ACCfa25a7be76,,False,
ACC8edbad5f44,,False,
ACCf804f77958,,False,
ACC9daffd1c1c,,False,
ACCebab9ad78c,,False,
ACC89847fded8,,False,
ACC4d4acd066f,,False,
ACCb021799b9b,,False,
ACCc36ddb6c33,,False,
ACC6a1e36f783,,False,
ACCf3a58596b7,,False,
ACC88d0a27aa0,,False,
ACC796ed380e9,,False,
ACCbb08c53cb9,,False,
ACC58aa265415,,False,
ACCed41feb29c,,False,
ACC0456fc0827,,False,
ACCfdfe94e3db,,False,COINC0014
ACC4df229f9e7,,False,
ACCd94df8ce28,,False,
ACC82ff67e3c6,,False,
ACC31e162edef,,False,
ACC3bcace6659,,False,
ACC56f9ca3709,,False,
ACCd4ca223076,,False,COINC0008
ACCe5331a7ab2,,False,
ACCdd9b4be750,,False,
ACC62cf0b9518,,False,
ACC88c5e30210,,False,
ACC2c75c47122,,False,
ACCa53f5974bf,,False,
ACC450ce7f74b,,False,
ACCdf1567ec06,,False,
ACC212badf74a,,False,
ACC070f59324d,,False,
ACC7885a14a46,,False,
ACC7a97144522,,False,
ACC145ca49bc1,,False,
ACCc42552ff1e,,False,
ACC1828e774fb,,False,
ACCfe527218c1,,False,
ACCc5a07f2527,,False,
ACC89394a9de1,,False,
ACCf1c8b4b37e,,False,
ACC48f88a0a79,,False,
ACC7201a0e7cd,,False,
ACCb8aa3260a7,,False,
ACCcb27ba85b5,,False,
ACCfee92a222b,,False,
ACC8691fd2ca2,,False,
ACC0e934c63e2,,False,
ACC91d30e1be3,,False,
ACC09244c229c,,False,
ACC8f1c10decf,,False,
ACC9a433f7272,,False,
ACC1cc66bf9ed,,False,
ACCaed671e5f6,,False,
ACC180ef8bfce,,False,
ACC945faf97ec,,False,
ACC22d020f514,,False,
ACC3b0425713c,,False,
ACC13d67a8506,,False,
ACCc30b97c180,,False,
ACC83cdff6c72,,False,
ACCc7c7251801,,False,
ACC4ab18b4d33,,False,
ACCa720aeee21,,False,
ACC295b4cc9d9,,False,
ACC094d08fce2,,False,
ACCeefb2fd305,,False,
ACC47ec773138,,False,
ACCcd2db998e2,,False,
ACCaf362ead92,,False,
ACC9a45877f1c,,False,
ACCb25aeaa022,,False,
ACCf2a13e65a5,,False,
ACCab07e9fa7c,,False,
ACCa990b34e5d,,False,
ACCdbe0a98fe6,,False,
ACC9649641e72,,False,
ACC6332858ea0,,False,
ACC8c0f486356,,False,
ACCca80f16f41,,False,
ACCe09edc6ad6,,False,
ACC421bdf3ab2,,False,
ACC39c616445a,,False,
ACCf05e6b1aae,,False,
ACC091c331e55,,False,
ACC90902328b4,,False,
ACCd8c77621a5,,False,
ACC0bda619d4b,,False,
ACCba4953527b,,False,
ACCdd10986101,,False,
ACC819a6ece26,,False,
ACCb4aa47a38d,,False,
ACCe089a72200,,False,
ACC1851627e2e,,False,
ACC4f87274661,,False,
ACC3e159b62d0,,False,
ACCaf8383a005,,False,
ACC01e1ca4722,,False,
ACC9e0bcc202a,,False,
ACC490ec02dc8,,False,
ACCeec4c0e43a,,False,
ACC130174ba3b,,False,
ACCf5794876ed,,False,
ACC65eb1bb039,,False,
ACC807555cd6b,,False,
ACC8728f504db,,False,
ACC20816025c7,,False,
ACC1f8456305b,,False,
ACC34f22da1fa,,False,
ACC5dc33eb24a,,False,
ACCcb9d15ceee,,False,
ACCd833d065ca,,False,
ACC9454f6ab80,,False,
ACC7ab67b30bb,,False,
ACCb79b83b8da,,False,
ACC93e248359c,,False,
ACC5ce832bb7d,,False,
ACC921ace57fe,,False,
ACC19b5efca01,,False,
ACCa8e6d68168,,False,
ACC73cd9c194a,,False,
ACCbea3c122ef,,False,
ACCb2efdd7449,,False,
ACCd4be4db66a,,False,
ACCf9eb950806,,False,
ACC76ace51d55,,False,
ACC323df81229,,False,
ACC504c05016a,,False,
ACC71290e4e05,,False,
ACC1dffb2e6b6,,False,
ACC9a6b34ade6,,False,
ACC8e38140246,,False,
ACC6af64005d5,,False,
ACC069bbfad99,,False,
ACCf31b3496ad,,False,
ACC2e8fde055e,,False,
ACCf75498298a,,False,COINC0028
ACC4a497a00bb,,False,
ACCc9d4502dba,,False,
ACC4da69a3c67,,False,
ACC269a306aa1,,False,
ACC0d2701372a,,False,
ACCbb7e95ca07,,False,
ACC6e18c24725,,False,
ACCee98d3112c,,False,
ACCbe5eb4b2a2,,False,
ACC45634d8d60,,False,
ACCdbee8559b8,,False,
ACCcf127c50b6,,False,
ACCba31f4ee5c,,False,
ACC17d8de9f84,,False,
ACCa3ff2a62f2,,False,
ACC0b17025567,,False,
ACC281a501199,,False,
ACC431df02016,,False,
ACCed1bca9262,,False,
ACC8b01dcaf48,,False,
ACC01326fb8aa,,False,
ACC24fb9661b7,,False,
ACC3a484575d9,,False,
ACC1aebb8fae0,,False,COINC0016
ACC0d219a54e8,,False,COINC0002
ACC809d314b0e,,False,
ACCd202091db8,,False,
ACCdd34388fe0,,False,
ACC74fb8612d5,,False,
ACC1d8bff4334,,False,
ACCc105682456,,False,
ACC22fb461bbc,,False,
ACC12c1165b2e,,False,
ACCd0d46203ed,,False,
ACCf2a658db03,,False,
ACC2e912f2af3,,False,
ACC5b9519c24b,,False,
ACC6656db5ed0,,False,
ACCe3a9fdf844,,False,
ACC9b4cff1526,,False,
ACC8b685ed42c,,False,
ACC3647ab6154,,False,
ACC546f4752f0,,False,
ACC417c1b5a2f,,False,
ACC64b3a30eb2,,False,
ACC3426990b3b,,False,
ACCbce50b0e73,,False,
ACC2656186070,,False,
ACC781b8f30e7,,False,
ACC7a22763f17,,False,
ACC76955c52db,,False,
ACC81952ac244,,False,
ACC6628df4f9e,,False,
ACCf455556a8c,,False,
ACC3cece3a0c5,,False,
ACCe41972caa2,,False,
ACC4dcb34a5a8,,False,
ACCd23505368f,,False,
ACC9864d0e82a,,False,
ACC6d5a83a1c9,,False,
ACC180d519466,,False,
ACC608b3523e3,,False,
ACC0697fb4517,,False,
ACCb13c28a973,,False,
ACC62ecbeed78,,False,
ACCff60bcb4fa,,False,
ACC056390957c,,False,
ACCace086af22,,False,COINC0017
ACC82934ed07d,,False,
ACCd0ed52f387,,False,COINC0025
ACC59a84e6e2f,,False,
ACCe9166ecc71,,False,
ACC1eff04ea9f,,False,
ACCc31a2ea0c4,,False,
ACC23d610066a,,False,
ACCaa7c5924c4,,False,
ACC0ac44d5397,,False,
ACC3938a5faab,,False,
ACC961c400044,,False,
ACC68727a06b3,,False,
ACC02a5f8fa5b,,False,
ACCfeb4badf80,,False,
ACCbeccd03100,,False,
ACC69e6aa1f02,,False,
ACCe1aff41cf7,,False,
ACC991913f826,,False,
ACC823eb2ee5d,,False,
ACC4cc7b5ac22,,False,
ACCad3d0a6c70,,False,
ACC05450f73cd,,False,
ACC13f3c83eaa,,False,
ACCe1c352cbf9,,False,
ACC1956ae7a08,,False,
ACC50d9b044e1,,False,
ACC0b640557f0,,False,
ACCae0c76c397,,False,
ACC8da6f65e4b,,False,
ACC1903054fd0,,False,
ACC5049bca5f2,,False,
ACC58dfe227be,,False,
ACCc4f080aaf3,,False,
ACCe82be97d40,,False,
ACC0c54631eb8,,False,
ACC4c71c8105b,,False,
ACCd7cb147e0f,,False,
ACC1268451524,,False,COINC0016
ACC686249c247,,False,
ACC3aeba5f8cd,,False,
ACC550a30eb8e,,False,
ACC22ddb720be,,False,
ACC3bdb8f8495,,False,
ACC92e441a1d2,,False,
ACC8b250e4dfd,,False,
ACC8a5f4f0efe,,False,
ACC8a63ce28b8,,False,
ACC5f8753f28d,,False,
ACC916ff004f9,,False,
ACCce4009904c,,False,
ACCf64670d90e,,False,
ACC12f0712be4,,False,
ACCa80623f388,,False,
ACCec84f84fa7,,False,
ACC6ae3b9c644,,False,
ACC3d1063e16f,,False,
ACCc4cda61984,,False,
ACC92d8879e22,,False,
ACC5c7943badc,,False,COINC0013
ACC8dcdd0c5a6,,False,
ACCa363cab795,,False,
ACC3dbed7f733,,False,
ACCd4a186a39a,,False,
ACC3d5c1a5fc7,,False,
ACCf1582939fc,,False,
ACC2290b107db,,False,
ACCdc7f0df2ad,,False,
ACC622caeceaa,,False,
ACC4631e0b28a,,False,
ACC5aa920f5ab,,False,
ACC46fd1fc54b,,False,
ACCe52d502b62,,False,
ACC569ef7eede,,False,
ACC6b6057c7b6,,False,
ACCd0b945a358,,False,
ACC88a8496c9b,,False,
ACCddf0a50de4,,False,
ACC93961b8a56,,False,
ACCf08fcbcf27,,False,
ACCa651bd22bd,,False,
ACC230372c0fb,,False,
ACC4c14362aba,,False,
ACC9dbab34dba,,False,
ACCd91883bdf4,,False,
ACCbb5755c674,,False,
ACCb3c1060f39,,False,COINC0015
ACC4bf9425b72,,False,
ACC648c4ab735,,False,
ACC2bfefb176c,,False,
ACCd2125b7d64,,False,
ACC9c2f4a2e8c,,False,
ACC9198d46259,,False,
ACC1aad16e6a8,,False,
ACC2067f7d8ae,,False,
ACCc3b7b49c20,,False,
ACC10e5375bca,,False,
ACCf3399e8a18,,False,
ACCbf9b28f01d,,False,
ACC96288aee8f,,False,
ACC7315f4a86b,,False,
ACCadd76493cf,,False,
ACC0c0447833b,,False,
ACCfe18c45e87,,False,
ACC18c73abb8d,,False,
ACC763fdaa28e,,False,
ACCa5b82cd38d,,False,
ACCf730284651,,False,
ACCf35e5812d2,,False,
ACC3492a78f12,,False,
ACCac137fe85c,,False,
ACCab40c91144,,False,
ACC123c96a447,,False,
ACC7b1614d401,,False,
ACC53cc221787,,False,
ACC88bbb04518,,False,
ACC3a3b074abe,,False,
ACC03df081764,,False,
ACCc702b08aa6,,False,
ACCc426a96b7d,,False,
ACC4db756a7a2,,False,COINC0047
ACCfa07be3bce,,False,
ACCe09917830c,,False,
ACC1d0562e98f,,False,
ACCb67612ee31,,False,
ACC415c7c7c79,,False,
ACC7c4882f4e9,,False,
ACC6d2d528343,,False,
ACCd56832155f,,False,
ACC9cc6f1f47d,,False,
ACCde64bffe74,,False,
ACCe73b471b30,,False,
ACCee3d624308,,False,
ACCcdbfbf724a,,False,
ACCdad78bf0a8,,False,
ACC2285e5ec79,,False,
ACC417cc6a94d,,False,
ACCfeca6832b2,,False,
ACC657ddad25a,,False,
ACC7c94c4bd57,,False,
ACCdea7685889,,False,
ACC00a58ed66d,,False,
ACC2970d90a32,,False,
ACCcf118f323b,,False,
ACCdddde4df4a,,False,
ACC29984f3d1a,,False,
ACCd1b518a92b,,False,
ACC8fc29a6097,,False,
ACC94e8c68398,,False,
ACC7359a97502,,False,
ACC38e5f39770,,False,
ACC7af4c6b2a8,,False,
ACCc92ab5a751,,False,
ACC70a6b1154c,,False,
ACC9d2f7f8b6e,,False,
ACC61a3445cb7,,False,
ACCa3ff46ffc8,,False,
ACC525f8c2926,,False,
ACCf57a97a4b3,,False,
ACC62c7c7bc68,,False,
ACCae3205807f,,False,
ACC5a081fac11,,False,
ACCf1ac3456ba,,False,
ACC1515ac42f9,,False,
ACC91295fdde0,,False,
ACCac4a1552ac,,False,
ACC2da9a96a52,,False,
ACCb53eef221f,,False,
ACC0fbda7d040,,False,
ACC33b6a5758f,,False,
ACCa10d3a5984,,False,
ACC885a6c83c8,,False,
ACC4a9bfaed16,,False,
ACCe11f1de551,,False,
ACCc4aa9f48d9,,False,
ACC7674528f5f,,False,
ACCa64e575bc5,,False,
ACCbe71bb91a4,,False,
ACCd2ed706b4d,,False,
ACCcbcd7f9d8a,,False,
ACC5960bce654,,False,
ACCd169877ea5,,False,
ACC17b3a88bdb,,False,
ACCafe950ecb8,,False,
ACCbdb09d3a26,,False,
ACC859971b065,,False,
ACCdcfe48d66d,,False,
ACC77f7417c16,,False,
ACC869a701812,,False,
ACC180497855e,,False,
ACC43594711c8,,False,
ACCad679d8f2a,,False,COINC0006
ACCc5add5be9b,,False,
ACCb0b30269ef,,False,
ACC1fb89202a4,,False,
ACCc497f5169d,,False,
ACCc7bcbc3f68,,False,
ACC504abe6c24,,False,
ACC6051c365f7,,False,
ACC52d08444fb,,False,
ACC9a8ffa8684,,False,
ACCdee3a616dc,,False,
ACC43c85ddbf1,,False,
ACCc7e87c1864,,False,
ACCfe8acb04cd,,False,
ACC77a92a1f68,,False,
ACC475738e73e,,False,
ACC08857c562d,,False,
ACC5ae55ee37a,,False,
ACCecb9d616af,,False,
ACC7d60356bb6,,False,
ACC9ec7b51c39,,False,
ACC2cb8d4a9de,,False,
ACC72b207d644,,False,
ACC9655a2a74c,,False,
ACC891c54aa78,,False,
ACC450f61bf20,,False,COINC0034
ACC93bd2d62c7,,False,
ACC1e999592bc,,False,
ACC4a650d4bee,,False,
ACC5e0cd3e322,,False,
ACC088a10d976,,False,
ACC4dfe6cfd6f,,False,
ACCbd111aea62,,False,
ACCfafe941613,,False,
ACC3c0abd1166,,False,
ACC733ebd6663,,False,
ACCe43b96ca94,,False,
ACC904a942ebe,,False,
ACCa5db6ec456,,False,
ACC9e20356b8b,,False,
ACC415f93abb9,,False,
ACC211ca30aeb,,False,
ACCe6d86706a1,,False,
ACC7a74f3f518,,False,
ACCb256f733e4,,False,
ACC321fb0cad7,,False,
ACCfaf8f0055e,,False,
ACCac8e2f5679,,False,
ACCa8737f5edf,,False,
ACC640b79f3be,,False,
ACC714d3e9f2f,,False,
ACC256431162c,,False,
ACC62cb17e185,,False,
ACCb8ba76f280,,False,
ACCdcbb0206cd,,False,
ACCec5853754b,,False,
ACC06f8620929,,False,
ACC7f6be34afc,,False,
ACC536d579f73,,False,
ACC6fa2372e95,,False,
ACC84a400efc8,,False,
ACC0f387c16f4,,False,
ACCa6bc4480b1,,False,
ACCa3d4612fd1,,False,
ACC946cadcb1e,,False,
ACC5c65ba1d1f,,False,
ACC838bd6820b,,False,
ACC9cb3beaf7e,,False,
ACCa5f1500c62,,False,
ACC42db4ec692,,False,
ACC2a46d45ec3,,False,
ACC21251963d2,,False,
ACC5dcdfbc7b9,,False,
ACC9f6190f00f,,False,
ACC1296249c86,,False,
ACCfbb0ed7b45,,False,
ACC06a29313f9,,False,
ACC130b14302f,,False,
ACC4c68d328cf,,False,
ACC7e62bc2c02,,False,
ACCf4ef674a2a,,False,
ACC356178b05d,,False,
ACC220f77dd8d,,False,
ACCb6baf71ea8,,False,
ACC328dd5ca69,,False,
ACCd47e9fb8eb,,False,
ACC4e8de39373,,False,
ACC8dc2b7c1d0,,False,
ACCd9119dc5d6,,False,
ACCb8b8e39b93,,False,
ACC8cb84ff3b2,,False,
ACC419013afd8,,False,
ACCbea7b3b6c1,,False,
ACCcceaa35a18,,False,
ACC2188ce0b82,,False,
ACC62bd7bcefc,,False,
ACC2fbdd14de2,,False,
ACCcc8ebcae23,,False,
ACC1094a8c1b7,,False,
ACCe29ed274a5,,False,
ACC227350ba69,,False,
ACC0026875180,,False,
ACCd028c51ed4,,False,
ACCd40d5fffab,,False,
ACC1011d94f3d,,False,
ACC74baf4ca82,,False,
ACCe1b7465603,,False,
ACCed210b5001,,False,
ACCaaa7f80e89,,False,
ACC23d1943de6,,False,
ACC4d56d27fd8,,False,
ACCe861c72c4d,,False,
ACC84204808c9,,False,
ACC45702efb84,,False,
ACCd6bf52fc2a,,False,
ACC1c232e249c,,False,
ACCc9b9761713,,False,
ACCb421c9d4cc,,False,
ACC73ca9928b3,,False,
ACC041a5a4989,,False,
ACCca32f521e5,,False,
ACCc5f10caa73,,False,
ACC04a02cf577,,False,
ACCa3d284d22a,,False,
ACCa06610db8c,,False,
ACC5484f805ac,,False,
ACCbcebc8ab2b,,False,
ACC9ce6f8e5e9,,False,
ACC22bfc56002,,False,
ACCdc54bc6caf,,False,
ACC81d6b6c273,,False,
ACCe46326de83,,False,
ACCb6c4248f2b,,False,
ACCf372ae0e29,,False,
ACC9664875af8,,False,
ACC807a358d2a,,False,
ACC72078ff6fb,,False,
ACC8833793f39,,False,
ACC610bc7c649,,False,
ACCef49637315,,False,
ACCc5cb477587,,False,
ACCb2a76dfee2,,False,
ACCb2624ec6ca,,False,
ACCb61aa99e28,,False,
ACC643988a6db,,False,
ACC456475be0a,,False,
ACCff59603417,,False,
ACC2d719b853d,,False,
ACC756f16c81f,,False,
ACC7df376b98d,,False,COINC0016
ACC45a1dbd0f5,,False,
ACC83f500c014,,False,
ACC75ab5f5a71,,False,
ACCb19f49ca7f,,False,
ACCc8ee153747,,False,
ACC9a832e2b76,,False,
ACC2b7aed5c19,,False,
ACC5d711ab182,,False,
ACC99b5c90330,,False,
ACCd32213c769,,False,
ACCac195060f8,,False,
ACC148bd10f46,,False,
ACC4e6a8632ab,,False,
ACC92fae95149,,False,
ACCeee96698fd,,False,
ACCc895395dcc,,False,COINC0027
ACCbce432b079,,False,
ACC6f56c54852,,False,
ACC70c905e98a,,False,
ACCe40bdcfdaf,,False,COINC0005
ACCc7b0b580a7,,False,
ACC4e7fb0f479,,False,
ACC9c154a2f79,,False,
ACC827a32a684,,False,
ACCd0177ffc07,,False,
ACCf492d6b1ed,,False,
ACC6b604d824a,,False,
ACCa40d81fb91,,False,
ACCb2ec15e415,,False,
ACC2127f7cf3c,,False,
ACCa41f0870b9,,False,
ACCba052f3a61,,False,
ACC29d70fd84d,,False,
ACC76d405e017,,False,
ACC85ba812c91,,False,
ACCdb9d24d221,,False,
ACC4738641899,,False,
ACC8e2e335d1c,,False,
ACC5c9253e0e1,,False,
ACC959abc2db9,,False,
ACC7cd140b475,,False,
ACC9d18913153,,False,
ACC8348c1f6f0,,False,
ACC9d005feacf,,False,
ACCe0cbe0d8ce,,False,
ACC7d0c2c52d8,,False,
ACCf14f4a5e6b,,False,COINC0018
ACC037cf44539,,False,
ACC394ac77131,,False,
ACCc2a42b47b9,,False,
ACC667c99883b,,False,
ACCe0f282270d,,False,
ACC8d694d24ae,,False,
ACC983570d366,,False,
ACC081b37517d,,False,
ACC8fbf7db164,,False,
ACCf9fe457d08,,False,
ACCd6994c50ed,,False,
ACC15bae6a17c,,False,
ACCd749b61000,,False,
ACC12accf07e8,,False,
ACC822fccccc8,,False,
ACCeda93f16e6,,False,
ACC0309596c75,,False,
ACCabd32861c2,,False,
ACC57955a9498,,False,
ACC4eab5112d9,,False,
ACCdac493e8e6,,False,
ACC079ae301ab,,False,
ACCf9f4ca0b08,,False,
ACCedd068c7be,,False,
ACCfb86fbd5d9,,False,
ACCf4430fa202,,False,
ACC4d0071a1fc,,False,
ACC7551bbd65e,,False,
ACC00c6881bde,,False,
ACC6af4d90ba2,,False,
ACC40a8f4c915,,False,
ACC45ad05d221,,False,
ACCb54be4e849,,False,
ACC852c9c7e10,,False,COINC0011
ACCdef2555e69,,False,
ACC0b532da391,,False,
ACC1bccc41a3b,,False,
ACCe66722f316,,False,
ACCa2107c0c3f,,False,
ACCe0f8c9168c,,False,
ACC18e681003a,,False,
ACC8952911e29,,False,
ACCe5347635d1,,False,
ACC547c471906,,False,
ACC89fd1a8027,,False,COINC0031
ACC4534776038,,False,
ACC3938eeea99,,False,
ACC76087992ce,,False,
ACC2588eae447,,False,
ACC49d0ed46c7,,False,
ACC662c457f3e,,False,
ACC525b46ac3a,,False,
ACC6aa74d8bac,,False,
ACC792073d2ea,,False,
ACCd1e4f331cb,,False,
ACC135ed56001,,False,
ACCdd9a38bf3f,,False,
ACCeb7797125d,,False,
ACC1377655fe5,,False,
ACCbd4ec08811,,False,
ACCf0066c325e,,False,
ACC243a456fd8,,False,
ACC678f28c3d0,,False,
ACC4ebebb0447,,False,
ACC4bb38de80f,,False,
ACC99aaccc0db,,False,
ACCdbfa2c86ec,,False,
ACCbf1d73d459,,False,
ACCb6fbdad10b,,False,
ACC235e5a0b9b,,False,
ACCccbf9637d3,,False,
ACC63dbbf1a82,,False,
ACC24261d44c9,,False,
ACC8186ff366d,,False,
ACC57cc36c79b,,False,
ACCa8c7a1073a,,False,
ACC1aa937dc74,,False,
ACCe6f97f44d0,,False,
ACCa63be6d43c,,False,
ACCd5ce39648e,,False,
ACC349dccac1f,,False,
ACCe4388c82bf,,False,
ACC4c9ac6c8f9,,False,
ACC37c32b5cbd,,False,
ACC5990b6b5d8,,False,
ACC5862d02b55,,False,
ACC86b5de7097,,False,
ACCdc7dab298f,,False,
ACC119e8bf8cf,,False,
ACCa3145428fd,,False,
ACC86565d7204,,False,
ACC8722b21242,,False,
ACCabe2ad7bea,,False,
ACC5448de7c33,,False,
ACCf5e43e9fa6,,False,
ACCd3678904aa,,False,
ACC64f391996f,,False,
ACC8faa86e390,,False,
ACC56f5d137c0,,False,
ACC0428758d80,,False,
ACCae0cc5f587,,False,
ACCbc763a6742,,False,
ACC61e3e150e8,,False,
ACC4f811334eb,,False,COINC0002
ACC1d3e1595b2,,False,
ACCa900899271,,False,
ACC3020105baf,,False,
ACCc137c30171,,False,
ACC713f11525b,,False,
ACC8966740a80,,False,
ACC9d5d5380e0,,False,
ACCe6f2ff404f,,False,
ACC2a6a1c1525,,False,
ACC7a62723890,,False,
ACC32233dc374,,False,
ACC861c5818bc,,False,
ACCec13947bf9,,False,
ACC71938c2f1a,,False,COINC0038
ACCaf93c25074,,False,
ACC136dc7d620,,False,
ACCce49da584f,,False,
ACC78193ad682,,False,
ACCaea5bc81f5,,False,
ACC86964b881e,,False,
ACC83ac00bdda,,False,
ACCf16bc95512,,False,
ACC9a0c63732e,,False,
ACC9e8d873c33,,False,
ACCdb959cb592,,False,
ACC291d69b0c5,,False,
ACCd1bacaa373,,False,
ACCfdb50fa679,,False,
ACC6467d0f821,,False,
ACC1e5a1479ca,,False,
ACCf5ad0616da,,False,
ACC63932adef0,,False,
ACC6fb77d50b6,,False,
ACC3b852cc130,,False,
ACC807f9e50dd,,False,
ACC3aa0a87fa6,,False,
ACC90534ecb8d,,False,
ACC0179bf1079,,False,COINC0034
ACC1cf8b2f5ea,,False,
ACCb17ba4d145,,False,
ACCd7f58f8000,,False,
ACC7a744a3676,,False,
ACCff913cb6d1,,False,
ACCf6efab0993,,False,
ACCc3eb2ce5cc,,False,
ACCad0aabdcb7,,False,
ACC7677876421,,False,
ACC8cf8271d11,,False,
ACC47d371489a,,False,
ACCbf30de3102,,False,
ACCf24023d8e3,,False,
ACC60804f9aea,,False,
ACCa97a5c5800,,False,
ACC0636c8517a,,False,
ACCecd19f1a34,,False,
ACCb1a371a834,,False,
ACC9cb0ff35b8,,False,
ACC231609cf56,,False,
ACC77dda92d38,,False,
ACCe02c831d8f,,False,
ACC08deb9632d,,False,
ACC41051672b0,,False,
ACC983a0a3f0a,,False,
ACC06ecd51247,,False,
ACCf52f8f9556,,False,
ACC500cc26114,,False,
ACCd0b6878a59,,False,
ACC1bd5d1da95,,False,
ACC70049ffb68,,False,
ACCc90165bf59,,False,
ACCd26db41454,,False,
ACC7636cf459c,,False,
ACCa58fda4dbf,,False,
ACC706bc03aec,,False,
ACCe3e2952cdc,,False,
ACC5481867383,,False,
ACCc4accd8ad9,,False,
ACCb058ed6c7a,,False,
ACCe0e73c28f6,,False,
ACC44bd47df89,,False,
ACC745a8b21b7,,False,
ACC9197f264b7,,False,
ACCfa31b50967,,False,
ACC98192b221b,,False,
ACC415ab6e6b1,,False,
ACC90565df802,,False,
ACC8b42e92e38,,False,
ACCa376bfb9a7,,False,
ACC2e4b1128eb,,False,COINC0049
ACC845553928b,,False,
ACCe0cfebd758,,False,
ACC43eb5c78ce,,False,
ACCea691a12a1,,False,
ACCffd283a665,,False,
ACCe597986f69,,False,
ACCd965f4d5ea,,False,
ACCb456d697b2,,False,
ACC9cfd7795f8,,False,
ACC5664cb25d2,,False,
ACC7ed9c1b280,,False,
ACC00e6765318,,False,
ACC7cf2d3336b,,False,
ACC6213752e0d,,False,
ACC82a80ae1a1,,False,
ACC88e5d81bef,,False,
ACC520e8bcc38,,False,
ACC87a3583516,,False,
ACC4f7f02c823,,False,
ACCfcd05dfcdc,,False,
ACC568d0e43f9,,False,
ACCef78ee24db,,False,
ACC180ee61df7,,False,
ACCe6e51f99a5,,False,
ACC5105892a11,,False,
ACC5032f92939,,False,
ACC3f8838126c,,False,
ACC4da60dbae5,,False,
ACC76041a95c3,,False,
ACCc7a1562484,,False,
ACC1e84c606b2,,False,
ACC98b638f622,,False,
ACC55dd8e5ef0,,False,
ACC3c2130fd92,,False,
ACC6ea00e4fa4,,False,
ACC0216f3962d,,False,
ACC8bf4ba1d32,,False,
ACCaaccc6f5ec,,False,
ACC6fd85b9008,,False,
ACC9ff63c35d2,,False,
ACC87812c0921,,False,
ACC6a7d66cd0c,,False,
ACC4c404b16b8,,False,
ACC07290a21d6,,False,
ACCef56399055,,False,
ACC28538a320a,,False,
ACC3dd89ecc73,,False,
ACCbd5e748491,,False,
ACCac6564f79d,,False,
ACCb41d112896,,False,
ACCd3c36a3e20,,False,
ACC64fa3cd47b,,False,
ACC4084259080,,False,
ACC02f3da1356,,False,
ACCe723dfbf3e,,False,
ACC2ac8abe686,,False,
ACC38776f2ac7,,False,
ACC6fc9673836,,False,
ACC22b70e9c1e,,False,
ACC4b122e019a,,False,
ACC40b1a8ad52,,False,
ACC2fac01f701,,False,
ACC54dee52df9,,False,
ACC782e711521,,False,
ACC7010d62714,,False,
ACC6a24bde663,,False,
ACC757a5ff1de,,False,
ACCa8b7447619,,False,
ACCad2afee39b,,False,
ACCdf7f5cfd0c,,False,
ACC3457e923e5,,False,
ACC3a2c44e173,,False,
ACC379c7b8e02,,False,
ACC118818bf21,,False,
ACC1f7798d23e,,False,
ACC8e4ed1dd82,,False,
ACCffa548143c,,False,
ACCd98f31cab6,,False,
ACCcf6afe0b7f,,False,
ACCf5d830f7b2,,False,
ACC8fc65313fc,,False,
ACCf59e63134f,,False,
ACCfff9b72775,,False,
ACC4cefe2c928,,False,
ACC8b4b035c52,,False,
ACC1efaf2d939,,False,
ACC4e04729d68,,False,
ACCec98edf96f,,False,
ACC1c0b497f5f,,False,
ACC6ccd062c1c,,False,
ACC0a64a9e599,,False,
ACCdd43b56eb7,,False,
ACCd2f16f561d,,False,
ACC06e0a6e2c8,,False,
ACCea235fa8c1,,False,
ACC172623e27b,,False,
ACCa13d59f52d,,False,
ACCc0aa333971,,False,
ACCd7511010da,,False,
ACCea7130caf4,,False,
ACC3aece9a328,,False,
ACCb7815c88c8,,False,
ACCfe438e413d,,False,
ACCd207cc8f03,,False,
ACCb5e2a0abbd,,False,
ACC2d99d41315,,False,
ACC84070ef171,,False,
ACC3c1338a6b2,,False,
ACC9f46defafd,,False,
ACC13fbe24603,,False,
ACCaa96d61726,,False,
ACCd33acd5347,,False,
ACC01b6e180f0,,False,
ACC7c6071126a,,False,
ACCaa290c082d,,False,
ACC49bf463e7f,,False,
ACCbd0e732fae,,False,
ACCd09264d126,,False,
ACCbd474521ee,,False,
ACCff3489e2bb,,False,
ACCaa585f016f,,False,
ACCeadfc8352e,,False,
ACC5eebbea242,,False,
ACCf1b7cb7bd9,,False,
ACC039c673cb6,,False,
ACCbfbc23cc6e,,False,
ACC68665ff7f3,,False,
ACC5a585f747b,,False,
ACC5f3f59feb2,,False,
ACC28733f1afd,,False,
ACCe72f9d7e44,,False,COINC0029
ACC40a4adc61a,,False,
ACCead7c32535,,False,
ACCa278126481,,False,
ACC3253659ad3,,False,
ACC4ae3d77c17,,False,
ACCf012d8a0de,,False,
ACC692634b70d,,False,
ACC19e474fe0a,,False,
ACC256c661121,,False,
ACC80268b40b5,,False,
ACCbffc17c127,,False,
ACC8582104e73,,False,
ACC02fd6e0662,,False,
ACC75bd5a4976,,False,
ACC102dc86d57,,False,
ACC948a99aa8e,,False,
ACC342cebce20,,False,
ACCb7a16390dd,,False,
ACC6be8437c36,,False,
ACCcf9f84bb84,,False,
ACC7c7b4562e7,,False,
ACCf3dd4748c4,,False,
ACC30ccb23baf,,False,
ACC4d634f4af8,,False,
ACCaa51859a84,,False,
ACC5ea81581fe,,False,
ACC78b44f71f4,,False,
ACCbd012dfd24,,False,COINC0006
ACC9722c2831f,,False,
ACC02e781dd83,,False,
ACCe0b8588f3e,,False,
ACC8f02f1aeef,,False,
ACCf640e79fd4,,False,
ACC50b17bf798,,False,
ACC095f710e88,,False,
ACCbc7d02db3c,,False,
ACC8eb9446262,,False,
ACC00a225bec3,,False,
ACC304dbfe5db,,False,
ACCafde661d89,,False,
ACC636be99be3,,False,
ACCc1883e5801,,False,
ACC2e65dcf49f,,False,
ACC8a5689e20b,,False,
ACC40633dc7b2,,False,
ACC1102123f99,,False,
ACCf4b02b4d60,,False,
ACC66660cd28e,,False,
ACC644e1b2df8,,False,
ACC5f32ab3096,,False,
ACCf99917346b,,False,
ACC9a394c7c44,,False,
ACC993674cf87,,False,
ACCccc49c7e84,,False,
ACC5392311ed2,,False,
ACC521975e891,,False,
ACC52668899b1,,False,
ACC8ed25361ae,,False,
ACC8926c630db,,False,
ACCab1a9fe45e,,False,
ACCc93dcf0936,,False,
ACC92a5f8fc08,,False,
ACC603a4d85f5,,False,
ACC4e10bcd46c,,False,
ACC6053db58f8,,False,
ACC9525858a67,,False,
ACC8ba9558153,,False,
ACCd644b4ccd7,,False,
ACCf4fc68d42f,,False,
ACC59b4b3259a,,False,
ACC39c23198bc,,False,
ACCac116eee6f,,False,
ACCf7fa46a1a8,,False,
ACCdf2bbb447f,,False,
ACC9eb862590b,,False,
ACC319243ee44,,False,
ACC2a0bfdc9f6,,False,COINC0004
ACC53cbe449e0,,False,
ACC54d18ec3cb,,False,
ACC0191b90f28,,False,
ACC3a9a2797c0,,False,
ACC6b532114ea,,False,
ACC9cba4372ef,,False,
ACC0ce77a4b2c,,False,
ACC49220777b1,,False,
ACCc0a5202904,,False,
ACCedbc4d70cd,,False,
ACC0cb0018b05,,False,
ACCac6d2be2cd,,False,
ACC81a4729ba7,,False,
ACC52b5a3aca2,,False,
ACC5b476f619a,,False,
ACC8dd2e62ad1,,False,
ACC1579ea88d1,,False,
ACC62ae549e47,,False,
ACC2dcc3c1026,,False,
ACCaf0a4b0c4e,,False,
ACC9a97282720,,False,
ACC1c5363a406,,False,
ACC6d5f428147,,False,
ACCf486aba5d4,,False,
ACCd8cb73420a,,False,
ACCc643392fdf,,False,
ACCb77812b854,,False,
ACC486b245284,,False,COINC0026
ACCc9d32e3a93,,False,
ACCb390d6af03,,False,
ACCada495793e,,False,
ACC02d1b322e5,,False,
ACC8f90a8d6a5,,False,
ACCf666c3930e,,False,
ACCa492142b3c,,False,
ACC9db8bd12a6,,False,
ACC8f565e9925,,False,
ACCbcc54d0597,,False,
ACC4beb3d88db,,False,
ACC49638bee53,,False,
ACC5789549832,,False,
ACCe606263140,,False,
ACCbd110f7cd1,,False,
ACC7fec86cdd2,,False,
ACCf46f80edd4,,False,
ACCb181e59b2b,,False,
ACC993e1e5c2f,,False,
ACC631e2ae6c4,,False,
ACCf77c806ce5,,False,
ACC37a5cdf664,,False,
ACC8f846a7716,,False,
ACC163a440140,,False,
ACC94d7057e32,,False,COINC0026
ACCe0ba3d3d3f,,False,
ACCcb30c8856a,,False,
ACC82218c6a45,,False,
ACC29ff9b4883,,False,
ACCd5881ccf5b,,False,
ACC9358733ca2,,False,
ACC69f7f484d8,,False,
ACCffbc95b035,,False,
ACC2ac6bf7958,,False,
ACCbaf9c69fa2,,False,
ACCbf1e493744,,False,
ACCb226e89078,,False,
ACCee9a21d5db,,False,
ACC3b92b95fb5,,False,
ACC1ffdd41d7d,,False,
ACC419e1f7f6d,,False,
ACCa1427d6b5e,,False,
ACC677b3632e4,,False,
ACC78801f6f8c,,False,
ACC06360a1b1b,,False,
ACCaddefe5d21,,False,
ACC1a6ac66a9c,,False,
ACC08bcb54249,,False,
ACCc1c5405849,,False,
ACCf37e1b8366,,False,
ACCb72148725a,,False,
ACCa5f82f6545,,False,
ACC3b4c254d4d,,False,
ACC8e29b6aec3,,False,
ACC9ed4b083a4,,False,
ACC400a903f04,,False,
ACC4828f1d9ec,,False,
ACCbb203d636f,,False,
ACCeb393606e0,,False,
ACC1435ebf454,,False,
ACC974f5abab9,,False,
ACC27f4840b42,,False,
ACCd65f8a38ae,,False,
ACC592548de8b,,False,
ACC28f4f5b343,,False,
ACC98edfc9425,,False,
ACC466c5e2219,,False,
ACC529d117509,,False,
ACC4c5d2ea81e,,False,
ACC0ea445cdb7,,False,
ACC1f8c5509b2,,False,
ACCca56e12a50,,False,
ACC3f51be6b8e,,False,
ACC7bade3e3b5,,False,
ACC788db5e419,,False,
ACC87c8358549,,False,
ACCab4d273020,,False,
ACC411848cf18,,False,
ACC7aaa4b700d,,False,
ACC7044bdc171,,False,
ACC1ea1d0b8dc,,False,
ACC94f6f9c0ba,,False,
ACCd504678b97,,False,
ACC67a06c0f76,,False,
ACC08b474ed62,,False,
ACCd7e28f2f0b,,False,
ACC0f6e197549,,False,
ACCb42c5e6488,,False,
ACC9a20e4bf80,,False,
ACC7f6dbcd2e8,,False,
ACC6f17f813b8,,False,
ACCacad694346,,False,
ACC2f1598d349,,False,
ACC4b72826062,,False,
ACC09667acd59,,False,
ACCe98a5feb6c,,False,
ACC63763eb178,,False,
ACCc96a67983b,,False,
ACCeb834b02c9,,False,
ACC852f10fcaf,,False,
ACC86b4588148,,False,
ACCd64f98ed99,,False,
ACCc530a404fe,,False,
ACC36c1b0fcb3,,False,
ACC7507027c97,,False,
ACC60be8d1514,,False,
ACC2abd82ac7f,,False,
ACC301657b571,,False,
ACC4de53fcd34,,False,
ACCd6c602136e,,False,
ACC2e6d0891c4,,False,
ACC79d8ba95ac,,False,
ACC0c6bfdacb9,,False,
ACC305ac30b3d,,False,
ACC439f77f8e5,,False,
ACC1d41d7728d,,False,
ACCdb95279cc9,,False,
ACCec402d755e,,False,
ACC7f4a8fc4e5,,False,
ACC25ad5d31f2,,False,
ACCb1243d7974,,False,
ACC300521d4b3,,False,
ACCfed32f56bf,,False,
ACC9332b55c76,,False,
ACCb7b8ec6a1a,,False,
ACCde890a5673,,False,
ACC1aff9dd0db,,False,
ACC67e18711be,,False,
ACCe85f825673,,False,
ACCd324d4b52c,,False,
ACCf0b1ed3b7b,,False,
ACC7dee0820ab,,False,
ACC3173fd54f5,,False,
ACC3a5ed06e1d,,False,
ACC550f440446,,False,
ACC4ddbc2e161,,False,
ACC13357d09b4,,False,
ACCe2480727e9,,False,
ACC937a32f7f2,,False,COINC0045
ACC83715decf5,,False,
ACCb8c4eadda6,,False,
ACC8ed37b8be0,,False,
ACCfe707495d6,,False,
ACC58a8dfaf2c,,False,
ACC8ddc0498bc,,False,
ACCeb6799fa83,,False,
ACCa1b2954e7c,,False,
ACC55701940c2,,False,
ACC457e583576,,False,
ACC6d970dbf36,,False,
ACCde523b6c36,,False,
ACC0f1680f382,,False,
ACC753db237f3,,False,
ACC394e0b23ea,,False,
ACC45d5dc5b46,,False,
ACC1500362134,,False,
ACCf45924e135,,False,
ACC4e5f6fe6c5,,False,
ACCceb3018763,,False,
ACC7caf09482e,,False,
ACC227627d4c0,,False,
ACC16f6d77a46,,False,
ACCf78be9a9a5,,False,
ACC241e73c5a7,,False,
ACCf7efa8dd34,,False,
ACC1e0223f384,,False,
ACCd701347598,,False,
ACC1ee2f7eb94,,False,
ACC002c4b8414,,False,
ACCd54b77352f,,False,
ACC5b4f00553b,,False,
ACC2354c577cc,,False,
ACC40db0fc3a8,,False,
ACC8a6380f426,,False,
ACCa0c969308c,,False,
ACC95e3f24721,,False,
ACC4058d6b3ae,,False,
ACC8d7400648a,,False,
ACC06c5b8c785,,False,
ACC5b755ded63,,False,
ACCe9a0ba9d82,,False,
ACC75ef609b39,,False,
ACC7efd3e5c98,,False,
ACC6175f23bd8,,False,
ACCe3e03453ba,,False,
ACC2f124911f1,,False,
ACC0a54759719,,False,
ACC2a5f3f028a,,False,
ACC2c8c30bdec,,False,
ACC82d6d3ccb5,,False,
ACC79dd3b07fc,,False,
ACC5730c1ad8d,,False,
ACCda8c23f2db,,False,COINC0012
ACC8958160684,,False,
ACC3042937cbc,,False,
ACC6bd82fdab9,,False,
ACCff0f25aa16,,False,COINC0045
ACC6688f5bce5,,False,
ACC469d05e683,,False,
ACC260db98326,,False,
ACCb2a4d2ee95,,False,
ACCbff60eb06b,,False,
ACC948f089168,,False,
ACC7607d9f1ee,,False,
ACCb8fb3f234b,,False,
ACCcc6c43badb,,False,
ACCe006187406,,False,
ACCcb2d2a09dc,,False,
ACCb4b31487c5,,False,
ACC0583b53923,,False,
ACCbdfe82c56b,,False,
ACC8475937d4f,,False,
ACC383cf4c13d,,False,
ACC6f43ad0aa5,,False,
ACC1b6ce5fb14,,False,
ACCfee9bc2486,,False,
ACC0877bf31f1,,False,
ACC16933b4cd4,,False,
ACC2b2d5a4757,,False,
ACC416726e2cf,,False,
ACCd895dbfe29,,False,
ACCec06e7b72b,,False,
ACC4c36c79dcb,,False,
ACC55568d7452,,False,
ACC3959514787,,False,
ACC233a8c0424,,False,
ACC3432d513b2,,False,
ACC639b084d64,,False,
ACCe92520b720,,False,
ACCb77625790f,,False,
ACC3f34f0c588,,False,
ACC568cad9a19,,False,
ACC4461c533d2,,False,
ACCf3f4ca8878,,False,
ACCe6d770b106,,False,
ACC3b86799b0a,,False,
ACC3efcde0643,,False,
ACC74a29273bc,,False,
ACC10ffdf8b39,,False,
ACC664b5e079b,,False,
ACC2c765d28ce,,False,
ACC355618dec0,,False,
ACCbb70ccb66a,,False,
ACCe8f31faab6,,False,
ACC2a17629f7a,,False,
ACCd54d177806,,False,COINC0023
ACC13f1de721c,,False,
ACC8cc6b8797e,,False,
ACC57ba843fc6,,False,
ACC0da7a1ae02,,False,
ACCf8a0b7c820,,False,
ACCabac06e4dd,,False,
ACC7e494d225c,,False,
ACC90b44f83a6,,False,
ACCff3d1c4658,,False,
ACC32cd04a33f,,False,
ACCbb3faadcb6,,False,
ACC5bf510a971,,False,
ACC56a8c912cc,,False,
ACC51942b13ea,,False,
ACCd7bb9e9c6f,,False,
ACCb21cc9f461,,False,
ACC78c0f1b9ce,,False,
ACC815ebd7c92,,False,
ACCa00c56f32a,,False,
ACC3f0ecfde73,,False,
ACC43b4f20fa1,,False,
ACC66e696850e,,False,
ACC01d44b723d,,False,
ACCdabcf74d88,,False,
ACCd1cb3af4db,,False,
ACCca81f8e3be,,False,
ACCe632369399,,False,
ACC6e7f5182d3,,False,
ACC59b6abdaa8,,False,
ACC177ce151ff,,False,
ACC20d4287f10,,False,
ACC81267b5a8d,,False,
ACC5dbfa8c45a,,False,
ACC44fe6537ae,,False,
ACC6391be09c8,,False,
ACC3397f5a1de,,False,
ACC4336843b17,,False,
ACC8c02e867df,,False,
ACC8a19a4dc25,,False,
ACC60ab199d64,,False,
ACC0bf6cb8aac,,False,
ACC780a884eb4,,False,
ACCf4afb860ff,,False,
ACCdf7cdea3bc,,False,
ACCa188cdfc62,,False,
ACC29a8ea3bc1,,False,
ACC33297970cf,,False,
ACC63487437bb,,False,
ACCf50407a5c5,,False,
ACCf4e48a1170,,False,
ACCd57e0122a5,,False,
ACC0e8800ae54,,False,
ACCcb68f3d4c7,,False,
ACC643b3a0b89,,False,
ACC77c9ac5b64,,False,
ACCef056c2413,,False,
ACCbe843f4045,,False,
ACCf814644ebd,,False,
ACCb37452f7fe,,False,
ACCc57b709955,,False,
ACCf567e1b032,,False,
ACC1ea5313f33,,False,COINC0045
ACC735bb9a6e1,,False,
ACC62029019a7,,False,
ACC790efee992,,False,
ACC89a9cf89c6,,False,
ACC8000e0214b,,False,
ACC9003feb14b,,False,
ACC577fba421f,,False,
ACC8946badcbe,,False,
ACC99d16a64a8,,False,
ACC83deca967a,,False,
ACC03ceb584c7,,False,
ACCad15c303f1,,False,
ACC6e535671c3,,False,
ACCc4b0913f5a,,False,
ACC0ab4b0c1cd,,False,
ACCb7db75f00d,,False,
ACCab65734d32,,False,
ACC1df1b3d35f,,False,
ACCb1c8a954ae,,False,
ACCd43bf9033e,,False,
ACC443df2a7d1,,False,
ACCff6e89887a,,False,
ACCb929d5acb7,,False,
ACCb6d6f6b9d7,,False,
ACC39827f274b,,False,
ACC0814171708,,False,
ACC2a889dad4b,,False,
ACC7d71b1e5a9,,False,
ACC557cc02f79,,False,
ACCc678ac0b70,,False,
ACC5510a6a263,,False,
ACC09806d5ed4,,False,
ACC3c7f910c65,,False,
ACCe28524508b,,False,COINC0010
ACC3a6e48fb8b,,False,
ACC3f19727bf1,,False,
ACC224c0bdb0e,,False,COINC0008
ACC34e93071db,,False,COINC0045
ACCd7e10bac38,,False,
ACC9c2a13c277,,False,
ACCaa9ce1a821,,False,
ACC943ee86177,,False,
ACCe691580ef1,,False,
ACC94461edd4f,,False,COINC0040
ACC5e941ff566,,False,
ACC277d08e996,,False,
ACCb70c685018,,False,
ACC69dbd87a47,,False,
ACCc6370bd8fb,,False,
ACC7b6e5c119b,,False,
ACC208f59a8d9,,False,
ACCa7170c09bc,,False,
ACC62822dfab4,,False,
ACC1f7fb71869,,False,
ACC0f9f8d6a96,,False,
ACC98bccf4889,,False,
ACCabbd540c76,,False,
ACC015dcc3899,,False,
ACCca11f635a9,,False,
ACC868d3d787f,,False,
ACC9b787682a4,,False,
ACC56e0855084,,False,
ACCe7a981fdd6,,False,
ACC5732feda4e,,False,
ACCde0622e9ea,,False,
ACC2b5137804d,,False,
ACCe37287db2e,,False,
ACCb983bc4808,,False,
ACC3b5ce93446,,False,
ACC58b945369c,,False,
ACC0f72daaace,,False,
ACCc7b93bb121,,False,
ACC56de1c9f77,,False,COINC0031
ACC9b65af0e7b,,False,
ACC5cdcec58b1,,False,
ACCced45148fc,,False,
ACCb2bb0d0ced,,False,
ACCf90b76a3a0,,False,
ACCe5af46e5b7,,False,
ACC137f549f00,,False,
ACCd36da8ce25,,False,
ACCc5d6d1e1ab,,False,
ACC44dc0e5e2c,,False,
ACC343ef5dd39,,False,
ACC926422ffb0,,False,
ACCff4e304581,,False,
ACC5439df5fda,,False,
ACCab7ea16e61,,False,
ACC8a80021e3a,,False,
ACCe1ffeef5d2,,False,
ACC0f111f54fd,,False,
ACC11685a9f5d,,False,
ACC6d7a2cc47b,,False,
ACC0a6d6e0f73,,False,
ACCc916d6d726,,False,COINC0004
ACC93383441c9,,False,
ACC689d4c4df6,,False,
ACCfe97c12bed,,False,
ACCeab540bbc3,,False,
ACC95eb7d82e3,,False,
ACC263ad49e2c,,False,
ACC7c696bd8b3,,False,
ACC267ac86c1e,,False,
ACC3358f168d8,,False,
ACCe8f9422ec4,,False,
ACC2afdd14bff,,False,
ACC667ceff299,,False,
ACC75952d32f1,,False,
ACC88b3dde979,,False,
ACCb9922f110e,,False,
ACCaaecad11b5,,False,
ACC3da3a92e1e,,False,
ACCb2a3bf809a,,False,
ACCe7f59b3505,,False,
ACC46387b4a21,,False,
ACC52374f9b7c,,False,
ACC4f9701bcfa,,False,
ACC5b647a5971,,False,
ACC2706887615,,False,
ACC83e4177d22,,False,
ACC112da701f8,,False,
ACCe6ec8aa4b0,,False,
ACC7a7383c216,,False,
ACC7fa8795fae,,False,
ACC4b7cdcefab,,False,
ACC16d4e3f706,,False,
ACC6221d2a27c,,False,
ACC1138aa5a28,,False,
ACC024db831e1,,False,
ACCa6c26ee1fa,,False,
ACCc8cacad12e,,False,
ACCd5574121bc,,False,
ACCfb8560e51c,,False,
ACC8117360c3f,,False,
ACC5b6e199086,,False,
ACC13b560b488,,False,
ACC42f0e92d28,,False,
ACC953eac75d3,,False,
ACC374720077d,,False,
ACCb2550295ad,,False,
ACC3253aecb18,,False,
ACC4342a3e3cd,,False,
ACC8af4bf4bc5,,False,
ACCceec158035,,False,
ACC9b1e0159d1,,False,
ACC6e9175ce47,,False,
ACC1ddd66028d,,False,
ACC1e0abe2452,,False,
ACC03d182b81e,,False,
ACC2260c73592,,False,
ACC1ce7699940,,False,
ACCfed36d796e,,False,
ACC89496bd519,,False,
ACCa34b1902f2,,False,
ACC560dd7fbb5,,False,
ACCec952e9e70,,False,
ACC23062c9cce,,False,
ACC9b1b72fd1d,,False,
ACC20c2cc850d,,False,
ACC6f85e9d237,,False,
ACC79039c2a4e,,False,
ACCd108939c09,,False,
ACCa96e2c73f0,,False,
ACC31d15c50a3,,False,
ACCffb78a40a0,,False,
ACC163cb06ccc,,False,COINC0034
ACCce54856937,,False,
ACCdc8ab1863a,,False,
ACC1e2879272d,,False,
ACCd485bbdc0e,,False,
ACC772f8b65bd,,False,
ACC9f9c52f6e4,,False,
ACC1ea7383d4a,,False,
ACC2e0756d029,,False,
ACCfc8022a417,,False,
ACC206fc16184,,False,
ACC4fba3838c7,,False,
ACC5908eb274d,,False,
ACC2ed3e673d5,,False,
ACC9cdbe131bf,,False,
ACC893fbf2c3f,,False,
ACC4fc84b273e,,False,
ACCa09bfe9f26,,False,
ACC8641e241ee,,False,COINC0001
ACCfbf02c1074,,False,
ACCa2ddbe4dff,,False,
ACC31285f7562,,False,
ACC6f2e729ea8,,False,
ACC3a79810704,,False,
ACC97f85fd77d,,False,
ACCa66a603ec5,,False,
ACCed7cfad937,,False,
ACC8a77a5c347,,False,
ACC46762e5631,,False,
ACC3992fef3a6,,False,
ACC73601257ad,,False,
ACC39aad74360,,False,
ACC551f93ea88,,False,
ACC202766f689,,False,
ACC2028abb4d4,,False,
ACC7b730b2afe,,False,
ACC7866b4a206,,False,
ACC67caa04233,,False,
ACC5985579a69,,False,
ACC701bbc2148,,False,
ACCb5dc77e3ff,,False,
ACCa359d06929,,False,
ACCef3e1190d2,,False,
ACC9f636f1ae4,,False,COINC0035
ACC65a627fc60,,False,
ACC42e787da3f,,False,
ACC230e04e1ed,,False,
ACC711e9173f0,,False,
ACC0a9f3bcf11,,False,
ACC0a0b973753,,False,
ACCd81301b233,,False,
ACCc2c6c5ee40,,False,
ACCf73883eb48,,False,
ACC42f166091b,,False,
ACCa2faddab22,,False,
ACC5a5522f527,,False,
ACC29db959c6c,,False,
ACC0ecb27fea7,,False,
ACC007d9f8eef,,False,
ACCbee6a98177,,False,
ACC66e456beeb,,False,
ACCf0389fbcda,,False,
ACCb74e3536e0,,False,
ACC2cd094c694,,False,
ACC275667c030,,False,
ACC527d48dcb8,,False,
ACC90a8edfe8f,,False,
ACCe571050cf3,,False,
ACCfc113258dd,,False,
ACC915e3bc254,,False,
ACCdd9b714bcc,,False,
ACC7399ee1cb0,,False,
ACC76f013960f,,False,COINC0046
ACC88407dd35d,,False,
ACCb7a66b1a76,,False,
ACC0a69e49129,,False,
ACC8ec1aef50a,,False,
ACC069a53e01e,,False,
ACC29cca1cac4,,False,
ACCf00959b436,,False,
ACCa1f89b0fd1,,False,
ACCa68408e7f3,,False,
ACCc536b54056,,False,
ACC3450161ff2,,False,
ACC3c2efc80f4,,False,
ACC0f1b3c0512,,False,
ACC4752e76812,,False,
ACC0d7fcad22a,,False,
ACCbe590148c4,,False,
ACC1c7f0521ea,,False,
ACC82ee6c0e35,,False,
ACC8e93ea86f7,,False,
ACCe8be803953,,False,
ACCe5a2aabf33,,False,
ACCd02a94788a,,False,
ACCa6c0c8282c,,False,
ACC288e4d2e82,,False,
ACCe7235e880b,,False,
ACCcca15cc59d,,False,
ACC8c46a77bda,,False,
ACC5f77e8515f,,False,
ACC7292f3faec,,False,
ACC7fd747430b,,False,
ACC02b638446c,,False,
ACCa154450a7e,,False,
ACC53be22b897,,False,
ACC76758661db,,False,
ACCf4df76d20a,,False,
ACC24e050eeb6,,False,
ACC9cb3dfe274,,False,
ACCd7c2f93b8a,,False,
ACC562c1aeea8,,False,
ACCd62ee3893c,,False,
ACCb3cef4f0c2,,False,
ACCbbdc8a0536,,False,
ACC3fb54e1df5,,False,
ACC7228798d9e,,False,
ACC57f78e4410,,False,
ACC675f7ea738,,False,
ACC9c67ba834f,,False,
ACCfbf79959e9,,False,
ACC864290be53,,False,
ACCe643797eec,,False,
ACCa55d4bcdee,,False,
ACC0bcb9a8bc6,,False,
ACC865cf902c3,,False,
ACCf36978f260,,False,
ACC0c89853407,,False,
ACC7ab4ac2116,,False,
ACC772c507e41,,False,
ACCbd82c4e9a4,,False,
ACC2b962ed3ae,,False,
ACC80d15039ab,,False,
ACC7107b66990,,False,
ACCe24a3771d4,,False,
ACCa3f4f77766,,False,COINC0033
ACC5bfe627c0d,,False,
ACC9ef3a2a264,,False,
ACC7ac759f994,,False,
ACC19b208f0ed,,False,
ACCd488c077ef,,False,
ACC301ada1ad1,,False,
ACC0c2c9a0413,,False,
ACCd29ae0ad82,,False,
ACCa508722b8b,,False,
ACC5da0370124,,False,
ACCa1a073f03b,,False,
ACC71059706de,,False,
ACC6006d08581,,False,
ACCea9faaecb9,,False,
ACC03605ff43f,,False,
ACC2299aa3405,,False,
ACC38d33dddc1,,False,
ACCf57afc7622,,False,
ACC60fcd97647,,False,
ACCa5fd56e2e5,,False,
ACC37044cd4eb,,False,
ACC8618164a71,,False,
ACC622358398a,,False,
ACCb04dee1e21,,False,
ACCf5cc948752,,False,
ACCe5d71ccf0f,,False,
ACC190ed31b59,,False,
ACC61a884bac1,,False,
ACCbea6ad67f7,,False,
ACCe37b759613,,False,
ACC8dd1414c82,,False,
ACC8c7299a15f,,False,
ACC012dc7807a,,False,
ACC00cba0d7a8,,False,
ACC3da540472e,,False,
ACCf2e6e38f90,,False,
ACCcdf7ce690d,,False,
ACC83ae34bb5b,,False,
ACC0888c36340,,False,
ACCa001f08b01,,False,COINC0012
ACC803e837e3b,,False,
ACC3c540d075a,,False,
ACCe32d03b1ed,,False,
ACC57c14944b4,,False,
ACC60a1d00ffa,,False,
ACCa2336bda6d,,False,
ACCfeeea34605,,False,
ACC78f544d806,,False,
ACC654c4bed04,,False,
ACC10fdefa5cf,,False,
ACC2f4bde3c53,,False,
ACCdb62e6edf7,,False,
ACC9592c95300,,False,
ACC996ee61149,,False,COINC0000
ACC4b4459e173,,False,
ACC1a448f3d76,,False,
ACC01af376d2e,,False,
ACC839a3fed66,,False,
ACC5b1d8dc9c3,,False,
ACC38550bb639,,False,
ACC82673e3d55,,False,
ACC84565aa6ae,,False,
ACC8eb5ec2998,,False,
ACC7132a7c1c9,,False,
ACC7907e2c5ad,,False,
ACCc8ffacd1af,,False,
ACCc00afdc4a5,,False,
ACCbf3fae629b,,False,
ACC1bfc38c6a3,,False,
ACC86dcb3cb0a,,False,
ACC74645894ec,,False,
ACC328f7d023a,,False,
ACC3a4fb068cb,,False,
ACCf81ca39080,,False,
ACC0df2c2ac30,,False,
ACCc4dd2702d7,,False,
ACC4aa1e7890c,,False,
ACC08290c54b9,,False,
ACCc536f47e08,,False,
ACC6f72670d2e,,False,
ACC3be4a1b005,,False,
ACC51d90d06ae,,False,
ACC062db91d00,,False,
ACC29ca1ccb45,,False,
ACC8729dce84c,,False,
ACC83499a9f1b,,False,
ACCa4d403990d,,False,
ACC4b4d39c1a6,,False,
ACC2aad8df028,,False,
ACCb217d09245,,False,
ACCbca9547d7e,,False,
ACC859337e066,,False,
ACCf85bed2f8f,,False,
ACC7375a13ae0,,False,
ACC3344426aa7,,False,
ACC0c3c3022ea,,False,
ACCcf25fe069a,,False,
ACC0e4ea51f62,,False,
ACC1a1cd374c0,,False,
ACCe021b743fe,,False,
ACC5e7acba848,,False,
ACCccb9253596,,False,
ACC2ce0c605b4,,False,
ACC87a7190568,,False,
ACCf1ffe20beb,,False,
ACC0690fc408f,,False,
ACC5cda22dce0,,False,
ACC23e0874f93,,False,
ACCf25af89b93,,False,
ACCbb42bc2f8b,,False,COINC0046
ACC7b9d01e7f7,,False,
ACC07053f8ab6,,False,
ACC26d36d6846,,False,
ACCc994247d71,,False,
ACCfdb0386fbd,,False,
ACCcedea61641,,False,
ACC60895bab73,,False,
ACC591b3d0fbb,,False,
ACC4496f0a3a7,,False,
ACCc099af6a39,,False,
ACC5454b06eb2,,False,COINC0010
ACCddbd46fa8c,,False,
ACCb1f89b768d,,False,
ACC83d500b807,,False,
ACC94e9f1b555,,False,
ACC729ee5c583,,False,
ACC7988fdc477,,False,
ACCb994c7c19a,,False,
ACC49bf363d18,,False,
ACC164a0e3a96,,False,
ACC9576059622,,False,
ACCc38cda3bc7,,False,
ACC9501e94524,,False,
ACC7f4c231e47,,False,
ACC50031602c1,,False,
ACCc9f69595db,,False,
ACCa04cb447ab,,False,COINC0015
ACCcb00ba271b,,False,
ACC4b6cce1dce,,False,
ACC1841848b08,,False,
ACC3628f47e04,,False,
ACC525c644ce0,,False,
ACC15d3263266,,False,
ACC73fe0b8391,,False,
ACCfd09e5b87b,,False,
ACCa93c151d20,,False,
ACCd121f30fcb,,False,
ACC2a46d7049b,,False,
ACC3e8f5df6d5,,False,
ACC69a3a33008,,False,
ACC5bb46e1d41,,False,
ACC9860fe2769,,False,
ACC5e231815fb,,False,
ACCb60c8728dc,,False,
ACC333d1e33d8,,False,
ACCb2daf75003,,False,
ACCe425a24ff1,,False,
ACCa66e9e030b,,False,
ACCcebf97279e,,False,
ACCf9d6d0429a,,False,
ACC6021492873,,False,
ACC2ad43c1eb7,,False,
ACC2a9f617078,,False,
ACCf63ee44ca7,,False,
ACC89cea7e92a,,False,
ACC1187236d65,,False,
ACC84d174210f,,False,
ACC92426f8cd4,,False,
ACC5714a444d4,,False,
ACCd9d8b59f37,,False,
ACCafcc1f65f2,,False,
ACC45c7798351,,False,COINC0042
ACC51cb2ce84b,,False,
ACC0052f1e86b,,False,
ACC56445dd729,,False,COINC0007
ACC5d776a8857,,False,
ACCbb1e31a6d1,,False,
ACC939485dbb2,,False,
ACC6ce72ad147,,False,
ACC8a10882a67,,False,
ACCb3c5fb05c1,,False,
ACCe1b0ba7528,,False,
ACCe2ffb1cca2,,False,
ACCd7e2c7aa07,,False,
ACCc719d44954,,False,
ACC31cb98abd4,,False,
ACC0fb7b6d7a5,,False,
ACCfad5251627,,False,
ACCa78d2000aa,,False,
ACCce7c9480cd,,False,
ACCbf4df086f7,,False,
ACC56ed9842d8,,False,
ACCd6d7550400,,False,
ACC4d6c4d05b5,,False,
ACC618e04c197,,False,
ACC498dd9c381,,False,
ACCce78134509,,False,
ACCf10411e4b5,,False,
ACCee2185993b,,False,
ACCf4306f5882,,False,
ACC737a06f945,,False,
ACC2f229b5905,,False,
ACCb1379ee500,,False,
ACCa29899c243,,False,
ACC087c952749,,False,
ACC4f4846a9f2,,False,
ACCdfabf6c269,,False,
ACC5a864b9a65,,False,
ACC1b26398104,,False,
ACC35d35bdb2b,,False,
ACC314282fde4,,False,
ACC553077632d,,False,
ACCb6a189428e,,False,
ACCcc21ca36eb,,False,
ACC6eec980e41,,False,
ACC6249a7b499,,False,
ACC447559193c,,False,
ACCf344dec2e8,,False,
ACC153ccbaeba,,False,
ACCd917ef425d,,False,
ACCa423bc64e4,,False,
ACCb627a4e232,,False,
ACC6259236976,,False,
ACC4d5424b8f3,,False,
ACC9784f5986e,,False,
ACC5665cc34ff,,False,
ACCf6d31447c5,,False,
ACC8c2da90911,,False,
ACC8b477ddd49,,False,
ACCca4980f105,,False,
ACC4034f3a99f,,False,
ACC920422ec00,,False,
ACC24c78522ad,,False,
ACC537e3ede34,,False,
ACC68c95d62b3,,False,
ACC2c4d738298,,False,
ACC8ae4aba4c2,,False,
ACC2aa4a5c32c,,False,
ACC7c57723a0a,,False,
ACC564c208541,,False,
ACC9b7d339faf,,False,
ACC72fe3bd1e5,,False,
ACC0f2251801c,,False,
ACC61b064fbfd,,False,
ACCa6bc19ee9e,,False,
ACC1356b2f593,,False,
ACCfd993c5beb,,False,
ACCad22639c0c,,False,
ACC3f9de38ca8,,False,
ACC38dccb22a6,,False,
ACC5bf12f2443,,False,
ACC27b083f44d,,False,
ACC1e830340aa,,False,
ACCd59e8c6e27,,False,
ACC2696fbf9f3,,False,
ACCaa2b847b65,,False,COINC0029
ACC5ffc52176c,,False,
ACCdd2f3b9206,,False,
ACC32513c1ac9,,False,
ACC12324feee2,,False,
ACC60ea2b1c2d,,False,
ACC2dc78ec164,,False,
ACC8f4b78e63c,,False,
ACC9de1ffd59f,,False,
ACCb3e8ec1312,,False,
ACC134bf34ebe,,False,
ACCefa684fb34,,False,
ACCcd435a98c0,,False,
ACCf030237476,,False,
ACC833fc06b3a,,False,
ACCd63411b780,,False,
ACCec0d5df38d,,False,
ACC825a5b61c9,,False,
ACC2d76f03909,,False,
ACCb5c7ba726b,,False,
ACC215355c634,,False,
ACCf43111d1fb,,False,
ACC75ccc48027,,False,
ACCc962d7cfed,,False,
ACCedf761126a,,False,
ACC9808696c34,,False,
ACC0a29edd1cf,,False,
ACCde48913981,,False,
ACC8aad6b47ad,,False,
ACCb1d7376394,,False,
ACC6a5447a856,,False,
ACC8db47c6e64,,False,
ACCf45e5d3b0b,,False,
ACC212a5919fa,,False,
ACC70350e098d,,False,
ACC9544df41a7,,False,
ACC97514565a4,,False,
ACC22f36351d8,,False,
ACC75ad6ad415,,False,
ACC69eeb493b0,,False,
ACC2113d330f4,,False,
ACC8b6028c46b,,False,
ACCdbdbb4f67c,,False,
ACCb631fc28a6,,False,
ACCfec9b2d8ad,,False,
ACCc4c0285555,,False,
ACCc4db9a2ddb,,False,
ACCe84b3393de,,False,
ACCb24ee47608,,False,
ACC50fc7249ae,,False,
ACCb2bdafd4a1,,False,
ACC9b29b720c0,,False,
ACCb26c54af5d,,False,
ACC42e41add13,,False,
ACCc8cfed06fe,,False,
ACC18c0ba8964,,False,COINC0016
ACCb78a245912,,False,
ACC0f76524074,,False,
ACC9880213788,,False,
ACC9d5a322204,,False,
ACCfb05131161,,False,
ACCef3fd26ab1,,False,
ACC083fbe1cf9,,False,
ACC719af3626a,,False,
ACCfe4559251b,,False,
ACC206b1bfaca,,False,
ACC2ee927262e,,False,
ACCa9518bd997,,False,
ACC6441089a68,,False,
ACC35f7b27093,,False,COINC0043
ACC4fdb31030a,,False,
ACC9b09017bd4,,False,
ACC4fd73d4adc,,False,
ACC301e962988,,False,
ACCe85e422f01,,False,
ACC0f0781588b,,False,
ACC4f6829423c,,False,
ACCfa3530b146,,False,
ACC1ac1c7e817,,False,
ACC3e4266a7a0,,False,
ACC458511f3d3,,False,
ACC7c97468681,,False,
ACC0f1ee23e76,,False,
ACC4ec08cf19c,,False,
ACC5cc7b42812,,False,
ACCeb59b01ac6,,False,
ACC9a0089e84f,,False,
ACCceb561c171,,False,
ACC6962490b15,,False,
ACC4e1adcb31c,,False,
ACC5604fb5e47,,False,
ACC8cd26b1185,,False,
ACC3e75e7e78f,,False,
ACC7646604c52,,False,
ACCb658ccf245,,False,
ACC197e634b57,,False,
ACC9ab321db93,,False,
ACC6e88770b2d,,False,
ACC9dad9cc3c8,,False,
ACC951a89cebf,,False,
ACC91d15348df,,False,
ACCc08992d308,,False,
ACC8f37acc9f5,,False,
ACC82f1535105,,False,
ACC3961ef3599,,False,
ACCd2083b33e1,,False,
ACCfdd8fb3bfe,,False,
ACC75b13c215b,,False,
ACCccc1639d90,,False,
ACC448c28c7be,,False,
ACC9b9bd967f8,,False,
ACCe73e18c813,,False,
ACC5b057c5b3f,,False,COINC0034
ACC456dc0b8ee,,False,
ACC62a81f1c3f,,False,
ACC9a51b9006e,,False,
ACCba24676431,,False,
ACC5ce7be8929,,False,
ACC8aea59098e,,False,
ACC42c4278669,,False,
ACC5583b4d93c,,False,
ACC0b5feaca2a,,False,
ACC825c10e7b9,,False,
ACC7d8f6e88eb,,False,
ACC2ce3685015,,False,
ACC64a0837310,,False,
ACC084a5cd3df,,False,
ACC705efc4b8c,,False,
ACC4180bbfeea,,False,
ACC4b3c37ee34,,False,
ACC0bc01fd3a7,,False,
ACC085602e897,,False,
ACC7cb5de076f,,False,
ACCd54d64962e,,False,
ACC2a1815e090,,False,
ACCfe488d210e,,False,
ACC1751381407,,False,
ACC747a8bde5e,,False,
ACC6a2d2ad2f0,,False,
ACCaca23380ac,,False,
ACCf8ce0fa870,,False,
ACC1cd675ba5f,,False,
ACC0cf8691c05,,False,
ACC4aebfeb7cf,,False,
ACCd4b054428c,,False,
ACC4e35acf670,,False,
ACC0e08259f94,,False,
ACC5dc8a0898f,,False,COINC0049
ACC3e2e2e0923,,False,
ACC444b51dc8b,,False,
ACCe0273a8d09,,False,
ACCe03f374955,,False,
ACC4f20ca59d6,,False,
ACC758459d351,,False,
ACC2b3d7e8e6a,,False,
ACC2adfbaecf3,,False,
ACC740181b031,,False,
ACC41d6bbaaf7,,False,
ACC8e7312515a,,False,
ACCf386264634,,False,
ACC9d51e856d0,,False,
ACC81f5dbceef,,False,
ACCcdbb6052fb,,False,
ACC4d60672aca,,False,
ACCe45966da7a,,False,
ACC1f2a78f150,,False,
ACCe013123e4b,,False,
ACC9a3f5bfa00,,False,
ACC1a984fc030,,False,
ACC34fb663285,,False,
ACC69c67890c8,,False,
ACC07362a6a5e,,False,
ACCb0eb424f2e,,False,
ACCb9e2ef8505,,False,
ACC4d47ee8eee,,False,
ACCf01ae7af54,,False,
ACC6b62e9b75e,,False,
ACCa57f70c703,,False,
ACCce51f38259,,False,
ACCe28b18b8ac,,False,
ACC6d9a9324c9,,False,
ACC943bf902c4,,False,
ACC4a05009d10,,False,
ACC122fa51aea,,False,
ACC959c03b3e6,,False,
ACC81d19d0793,,False,
ACC5d7bc85624,,False,
ACC0de18fc877,,False,
ACC507052558f,,False,
ACC79552df446,,False,
ACC5beb663a02,,False,
ACCc78c9482c8,,False,
ACCee514f40a2,,False,
ACC5c9b2fbe58,,False,
ACC7d1f86da8b,,False,
ACCadebbb73c2,,False,
ACCd7dcfd8276,,False,
ACCb7fc22c18b,,False,
ACCceb1026510,,False,
ACCdee7804d8c,,False,
ACC2b0f0dd25d,,False,
ACCf10e154516,,False,
ACCb79c8466e9,,False,
ACCf51ba5db08,,False,
ACC8ce2909c7b,,False,
ACCba35b79416,,False,
ACC2dfd72a27b,,False,
ACC1aabc0ac67,,False,
ACC9360b48f88,,False,
ACCb119c2091f,,False,
ACC0a28b2454d,,False,
ACC7504f090e8,,False,
ACC9a9dfb6256,,False,
ACCcb702cc562,,False,
ACC45544b0c7a,,False,
ACC9229b73218,,False,
ACC7a1d558f33,,False,
ACC54219332df,,False,
ACCf13d41086f,,False,
ACC7970ac393a,,False,
ACCedce05df42,,False,
ACC12f37c970d,,False,
ACC6969db83c8,,False,
ACCec4e702ee0,,False,
ACCdb2ee180a8,,False,
ACC90abe3c681,,False,
ACC516d4a4bcf,,False,
ACCaa562272ff,,False,
ACCe172ce4795,,False,COINC0027
ACCbb290ca074,,False,
ACC7f9db12e4b,,False,
ACC77b45206ff,,False,
ACC6f4445966b,,False,
ACCe0aa0af758,,False,COINC0019
ACCf9b17ea990,,False,
ACCcb399ac584,,False,
ACCb7244c9412,,False,
ACC22954a8211,,False,
ACC877afa1853,,False,
ACC73def7e08c,,False,
ACC3890ae1ee8,,False,
ACC05451e9aab,,False,
ACC586324f0a4,,False,
ACC2cadf1e6c1,,False,
ACC6e12eab2ad,,False,
ACC4aaaec3692,,False,
ACCa593cebc1e,,False,
ACCf0faba8e2a,,False,
ACCb20db83279,,False,
ACCa726f3d7db,,False,
ACC5a9e9e90a8,,False,
ACC6997569661,,False,
ACCa7171a70f2,,False,
ACCdb2299ead6,,False,
ACCd0f556f7fc,,False,
ACC3fb9b902a5,,False,
ACC4933bef68e,,False,
ACC6de4e257f8,,False,
ACCf23065bcb1,,False,
ACC975d1ac375,,False,
ACC1cdf311ca7,,False,
ACC5afb50e5f9,,False,
ACC2b85e043e1,,False,
ACC810bd49d78,,False,
ACCa990cd4569,,False,
ACC1a372a8acf,,False,
ACC1eedf6782a,,False,
ACCd1adada6cb,,False,
ACCbab8039943,,False,
ACCd94d4ac62f,,False,
ACC71d1065def,,False,
ACC733238a339,,False,
ACCdb8585b2aa,,False,
ACCdc137327c4,,False,
ACC4ae5ccebab,,False,
ACCee164274d7,,False,
ACC87de0daa27,,False,
ACC9bbd4cac9d,,False,
ACC6e81a71e46,,False,
ACC79e8bc996a,,False,
ACCfa78d18eec,,False,
ACC859fb96e22,,False,
ACCd3491c886e,,False,
ACC94015504e6,,False,
ACC7d483e0f55,,False,
ACC545a6eec56,,False,
ACC780dbfc5ec,,False,
ACCfabf7b6372,,False,
ACCa2f85b5dc3,,False,
ACCaf427d9214,,False,
ACC3fdff54a8a,,False,
ACC9148ddcc18,,False,
ACCc107f999b1,,False,
ACC6da2f6e3c7,,False,
ACC3515eee7d3,,False,
ACC2ab3c0196b,,False,
ACC871f1f1d10,,False,
ACCb2aef807df,,False,
ACC7c6f93c055,,False,
ACC0144aaa933,,False,
ACC4ba9754922,,False,
ACC6031b8d4b2,,False,
ACC7393f68206,,False,
ACC86be9355b2,,False,
ACC0f653e4f6c,,False,
ACC6e81374ff3,,False,
ACC9075475f9e,,False,
ACC494fd28782,,False,
ACC483fef475b,,False,
ACC88c881d833,,False,
ACC4257a91658,,False,
ACCc743d3d2f7,,False,
ACCe3f56f7e48,,False,
ACC49727e73dc,,False,
ACCeab1d8f934,,False,
ACC94fb2be1c2,,False,
ACCaf8e521d60,,False,
ACCe502025cad,,False,
ACCe9af6251f7,,False,
ACCede315b51a,,False,
ACC9ca5047f95,,False,
ACCca0083efd8,,False,
ACC9871b4a9d1,,False,
ACCaf1265b418,,False,
ACCaf0fbdc8d5,,False,
ACC2a52bdd06f,,False,
ACC74b8311c32,,False,
ACC30923b3cf5,,False,
ACC2505256b7b,,False,
ACC9baf2ce747,,False,
ACC25b0632e56,,False,
ACC59a081aeaf,,False,
ACCf71da1e071,,False,
ACC4d63ddfc38,,False,
ACC5c80f1605f,,False,
ACCfa20a89511,,False,
ACC13609ea3b0,,False,
ACC70878f005e,,False,
ACCb07e997b10,,False,
ACCaf3e866f90,,False,
ACC39dc54f88c,,False,
ACCb27d50c46f,,False,
ACC022a4c16f5,,False,
ACCdafe68a710,,False,
ACC452ed7ee7f,,False,
ACC4ff9b7448d,,False,
ACCee22405e70,,False,
ACC3a3484f28e,,False,
ACC6ba0b521bc,,False,
ACC80b2aaaa37,,False,
ACC50995c83f4,,False,
ACC7d5c6a7fb6,,False,
ACC0a916d8fcb,,False,
ACCb1cc5836d4,,False,
ACCb02402a9a2,,False,
ACC515480e084,,False,
ACCcdd2619981,,False,
ACC1582dfddcf,,False,COINC0041
ACC947aeb05ba,,False,
ACC0ab743931b,,False,
ACC2d9cc59279,,False,
ACC22e003fc14,,False,
ACCd8484b7edd,,False,
ACCa2195775dd,,False,
ACCa755030792,,False,
ACCc5e32a6947,,False,
ACC1a0e83a7f8,,False,
ACC83a78ce97c,,False,
ACC67a10f8cb8,,False,
ACC036cd9bb53,,False,
ACC3d0af477b1,,False,
ACCaea4373dca,,False,
ACCde4b54a89b,,False,
ACCaeb3e7ad76,,False,
ACC8f87fc54bc,,False,
ACCce88b87c09,,False,
ACC87d166b182,,False,
ACCf6f15f4935,,False,
ACC10b0700f76,,False,
ACCa289250d4a,,False,
ACC7286cf5815,,False,
ACC25bb06d4ea,,False,
ACC42a5571124,,False,
ACC0920c433c5,,False,
ACC2bc80e118e,,False,
ACCff59cc229a,,False,
ACCc5d351171a,,False,
ACCd9b8518a93,,False,
ACC1a033b0df7,,False,
ACC99316ad23e,,False,
ACC4414cf0299,,False,
ACC71e1afb2fd,,False,
ACC0142721244,,False,
ACC1b8d7c20be,,False,
ACC63a7089e5e,,False,
ACC41b6a35086,,False,
ACC1c1915bbbd,,False,
ACC9b4aa9cd8a,,False,
ACCee66e8d4f3,,False,
ACC484ce17ebd,,False,
ACC3fc2beb38f,,False,
ACCe76e174c84,,False,
ACC70c415a55e,,False,
ACCe8d37f9abe,,False,
ACC08d8e605ae,,False,
ACCf34e7728f8,,False,
ACC8d0a707aee,,False,
ACCceb4084daa,,False,
ACCf37b17f641,,False,
ACCafb77e84f7,,False,
ACCd10de2f224,,False,
ACCc6ca57511a,,False,
ACC24d84ed30b,,False,
ACC348e872937,,False,
ACCf42f91d46c,,False,
ACCec13956a3e,,False,
ACC5447be32eb,,False,
ACC52858e6103,,False,
ACC3ec81f2a27,,False,
ACC1655b9eea1,,False,
ACC1274396085,,False,
ACC39b0f920ed,,False,
ACCdc9e2c5cc6,,False,
ACC2fee89bc71,,False,
ACC1de016f82c,,False,
ACC1c01a8c324,,False,
ACC256abbd0c3,,False,
ACC37986ab1b4,,False,
ACC5542c316b5,,False,
ACC88b2f9431b,,False,
ACC93fc1a62a0,,False,
ACC68587dcc6a,,False,
ACC38027cd059,,False,
ACC301a13fa68,,False,
ACC0bc5b59962,,False,
ACC2f36a4d52b,,False,
ACCa0e04b9917,,False,
ACC4a60abce70,,False,
ACC308ee4b9f6,,False,
ACCe6509642dd,,False,
ACC5a8b7a885b,,False,
ACC81c55b30da,,False,
ACC1bb2fdea64,,False,
ACC116918f3de,,False,
ACC03a6a5304b,,False,
ACC8d4212c8ff,,False,
ACC73a1c071c2,,False,
ACCe27fd09ee2,,False,
ACC5e91fef2c0,,False,
ACC9effe308f9,,False,
ACCba227734b2,,False,
ACC21266ba07c,,False,
ACCdf382ab0f7,,False,
ACCc0772b05e9,,False,
ACC55fb8b88f8,,False,
ACCbee6412124,,False,
ACC9ef162ae59,,False,
ACC6ddec56071,,False,
ACCafab375dcc,,False,
ACCb21a1635a9,,False,
ACCdd8e103f23,,False,
ACC26c85743ea,,False,
ACCf31efe5ee6,,False,
ACC83309e7e0d,,False,
ACCf562b3d4ce,,False,
ACCb0567a9afd,,False,
ACCef82ae2180,,False,
ACCb9105fa03f,,False,
ACC30383cc747,,False,
ACC5949456497,,False,
ACC44cae757f6,,False,
ACC2351c0c1e7,,False,
ACC3ee0150b11,,False,COINC0022
ACC4238adffd5,,False,
ACC7b135e69b3,,False,
ACCd8a6cc0227,,False,
ACC61b6895480,,False,
ACCd5ec648da3,,False,COINC0037
ACC12d3b39797,,False,
ACC47740c1f5a,,False,
ACCabb35f3852,,False,
ACCab67b49d64,,False,
ACCc60542767a,,False,
ACC452153e82c,,False,
ACC0605886687,,False,
ACCaf9f2c1125,,False,
ACC69e4f2ec56,,False,
ACC88e7f2ed2c,,False,
ACC38d0f42cba,,False,
ACC3572c81a97,,False,
ACC189befc97c,,False,
ACC68c5ddef54,,False,
ACCc9828b34bc,,False,
ACC3d338d504b,,False,
ACC5c759a9111,,False,
ACC912bf2c78a,,False,
ACC21662e5644,,False,
ACCf2151bd929,,False,
ACCff3372f1af,,False,
ACC3a90f0735b,,False,
ACCc37daff7a6,,False,
ACC70386d4cba,,False,
ACC18825203c2,,False,
ACC842cd92bec,,False,
ACC9946d61c07,,False,
ACC38b5c07a6e,,False,
ACC67567d8d44,,False,
ACC0ddc02e42e,,False,
ACC44647635a4,,False,
ACC27f6f36684,,False,
ACC9ed883de3e,,False,
ACC0c5d7a2e04,,False,
ACCf1619352e1,,False,
ACC88ae4fcb7a,,False,
ACC07375d36bd,,False,
ACCa385d20e1b,,False,
ACCea4b72a646,,False,
ACC802059f3bb,,False,
ACC467956b6d8,,False,
ACC874bf9ab72,,False,
ACCd7da1502d0,,False,
ACC71125a352a,,False,
ACC221d2a7fd3,,False,
ACCc90c438616,,False,
ACC54d9b971fc,,False,
ACC343caaa55f,,False,
ACCef0a9b7a0f,,False,
ACC5c2911f6c6,,False,
ACC49bdc459de,,False,
ACCc6c26face8,,False,
ACCb109285435,,False,
ACCd819ed8d72,,False,
ACCa729165b7b,,False,
ACCfd3e663452,,False,
ACCeefdc0b0a6,,False,
ACCa04966930b,,False,
ACC06cd603170,,False,
ACC126b086bc0,,False,
ACCf609db13c4,,False,
ACCa1bff41727,,False,
ACCa3f79efe9b,,False,COINC0008
ACCd6ac2a42b1,,False,
ACC66dd3f6c18,,False,
ACC90b3bd9b94,,False,
ACC1001243923,,False,
ACC62cc3ab137,,False,
ACC75a9fe8187,,False,
ACCb95a35f183,,False,
ACCbf81e5b536,,False,
ACC5aa65424f1,,False,
ACC3b52384062,,False,
ACCaabade19fe,,False,
ACC36abfc95f2,,False,
ACC338ff7a988,,False,COINC0008
ACC3d2bcaeefd,,False,
ACC626e127ad7,,False,
ACCce80bb741c,,False,
ACC63cf711200,,False,
ACC9d8a47cbcc,,False,
ACC797791018e,,False,
ACC87cf57aba9,,False,
ACCec411cc660,,False,
ACC1fbbce78bc,,False,
ACCd7c067bfe3,,False,
ACC68570b9b4b,,False,
ACC39acfc17ab,,False,
ACC352ebbea21,,False,
ACCaf53116afe,,False,COINC0030
ACC3d716c5794,,False,
ACC22defe1c98,,False,
ACC2f5231604e,,False,
ACC04f062d0c4,,False,
ACC804d442636,,False,
ACCe9394e75be,,False,
ACC2f95fc330c,,False,
ACC3354aef433,,False,
ACC15ea33e5d9,,False,
ACCd40e9f55a9,,False,
ACCbf88fe64ad,,False,
ACCef6e1e7928,,False,
ACC3b53434c5b,,False,
ACC8f303de300,,False,
ACCec3fdb0ae2,,False,
ACCb7c209c4f4,,False,
ACC1a2ac0101a,,False,
ACC8b90d400c0,,False,
ACC66af99240b,,False,
ACCe58753ef23,,False,
ACC45c46a92ab,,False,
ACCa5420e0c50,,False,
ACC0906041e77,,False,
ACCd6b87b826b,,False,
ACCfb4ee5bccf,,False,
ACC55f5a151d4,,False,
ACC0150fcb204,,False,
ACC870ff8cf1d,,False,
ACC52e1433e2d,,False,
ACC89085625e9,,False,
ACC82bb5d39de,,False,
ACCad8c850495,,False,
ACC5b37bd3b44,,False,
ACC92300334d4,,False,
ACCdb5951bb15,,False,
ACC69dbb7dfd3,,False,
ACCb67931401d,,False,
ACCdac5bfc8e2,,False,
ACCd74195114b,,False,
ACC1114c565a4,,False,
ACC9760237274,,False,
ACC9896ee189f,,False,
ACC1aad07ae2c,,False,
ACC16c53f4724,,False,
ACCece0d636c4,,False,
ACCfdc13ff09f,,False,
ACCaed7126398,,False,
ACCc3a9ef2934,,False,
ACC6af9ab4f70,,False,
ACC4dcb4cb57e,,False,
ACCf33ca8a242,,False,
ACCbe4e0f5007,,False,
ACC7ce2cb35b8,,False,
ACCf7dfc0197d,,False,
ACCd2bbc83039,,False,
ACCe4fcfe74fc,,False,
ACC7520e580ef,,False,
ACC153dabeacc,,False,
ACCc368ffc2b9,,False,
ACC570b40178a,,False,
ACC1db09f299e,,False,
ACCac9498d200,,False,
ACC1392d4450c,,False,
ACCd8b99e16aa,,False,
ACCa5f54a796e,,False,
ACC858294332c,,False,
ACC40978002dd,,False,
ACC4697450515,,False,
ACCfcfdcb252b,,False,
ACC6ca7399a47,,False,
ACCea2f6b82f8,,False,
ACC28093290f1,,False,COINC0010
ACC87445b24d0,,False,
ACC6de0b140b3,,False,
ACCf495594304,,False,
ACC0943e15d0b,,False,
ACC7ae1ac07d1,,False,
ACC3657bc3290,,False,
ACC767fc2cffb,,False,
ACC287cb43db1,,False,
ACC968ddddccf,,False,
ACCf1adff5419,,False,
ACC62b536c976,,False,
ACCaaa021b972,,False,
ACC7e9f825a50,,False,
ACCa5cbb45350,,False,
ACC61631f7867,,False,
ACC38fb4b9ca9,,False,
ACC37f5303deb,,False,
ACCabfbe18def,,False,
ACCe3b33cf0dc,,False,COINC0011
ACCb09e2bb1d2,,False,
ACCe8a7732df0,,False,
ACC9bdecbbaab,,False,
ACCd2e08b9422,,False,
ACC8c87f5b0e5,,False,
ACC5b56f040d3,,False,
ACC45e16a7969,,False,
ACC0a977b39b3,,False,
ACC895d081a67,,False,
ACC1cae756051,,False,
ACC7bd68e296b,,False,
ACCcb085446f0,,False,
ACC4b6c223b07,,False,
ACCf4fa4ad61a,,False,
ACCe0d535f4a9,,False,
ACCbb9cc1dcda,,False,
ACC80a05c91dc,,False,
ACCfb8ecd6d18,,False,COINC0011
ACCd778c0902a,,False,
ACCffc6df4544,,False,
ACC0c147d1a43,,False,
ACC00b83cadba,,False,
ACCb150ba539a,,False,
ACC685658cc84,,False,
ACCe35510eb97,,False,
ACC11767b4536,,False,
ACCef028d625b,,False,
ACCbd6be8ba95,,False,
ACCff36d54a34,,False,
ACCc94c501209,,False,
ACC8c5fd4b332,,False,
ACC88bb5af772,,False,
ACC23fff545f8,,False,
ACC05cc22267f,,False,
ACCfa36978318,,False,
ACCf2dbae9f14,,False,
ACC1b28d6e690,,False,COINC0012
ACC81793b00f6,,False,
ACC6ffae150a0,,False,
ACC7045f358d4,,False,
ACC75e01d632f,,False,
ACC9939c05b05,,False,
ACC45a3f10247,,False,
ACCec56cee165,,False,
ACC7353675b88,,False,
ACC7c8ceb9251,,False,
ACCbc70671311,,False,
ACC4d80c407ae,,False,
ACC308cdc399d,,False,
ACC91f5c0743c,,False,
ACC9352a9d1b6,,False,
ACCee4138cbec,,False,
ACC291960e85e,,False,
ACC478a821178,,False,
ACCc1e84de8d6,,False,
ACC51edc9b438,,False,
ACCa11d3986db,,False,
ACCc7aa6c9e58,,False,COINC0032
ACC388ad4cd46,,False,
ACC83b0d05739,,False,
ACC9bed7bc7b1,,False,
ACC8af6ac7801,,False,
ACCf0f9543dca,,False,
ACC6c68c2187d,,False,
ACC11b3da703e,,False,
ACCdb6ef76d18,,False,
ACCebc88dfb84,,False,
ACC93687fb58a,,False,
ACC36821aac50,,False,
ACCcdb431dd24,,False,
ACC8b55ea7d39,,False,
ACCe12ba3d378,,False,
ACCed095ab727,,False,
ACC647a56bf78,,False,
ACC34d02a5528,,False,
ACCb8e85ee9d8,,False,
ACC44d7be1bd8,,False,
ACC0961933901,,False,
ACC5905f5cca4,,False,
ACC8d38773287,,False,
ACC5433f24fc1,,False,
ACC4a13578cbb,,False,
ACC5639abed0f,,False,
ACC1c5d896960,,False,
ACC3c809e2dcf,,False,
ACCa36fb9c0b0,,False,
ACC4dc76d4330,,False,
ACCeb3eb02018,,False,
ACCf245adbd9f,,False,
ACCa03b03a067,,False,
ACC38ffba6d7a,,False,
ACC6674bbd75a,,False,
ACC12e7d1e925,,False,
ACCb04390194b,,False,
ACC0841e41ae4,,False,
ACC24101962e7,,False,
ACCb66e8123c7,,False,
ACC66b83b98da,,False,
ACCcd04f8677e,,False,
ACC12af15c5f6,,False,
ACCaabbe49cc2,,False,
ACC79875602cd,,False,
ACCe533aaf18d,,False,
ACC313b67501a,,False,
ACC7fac5e3205,,False,
ACC88d708ce1f,,False,
ACC213123537f,,False,
ACC0363186ff0,,False,
ACC345570fa90,,False,
ACC3c260663a1,,False,
ACC7fcf262271,,False,
ACCe7d31782c5,,False,
ACC6e138a07de,,False,
ACC8e28e47fb2,,False,
ACC727dd10c92,,False,
ACC96e00df52f,,False,
ACCb8b00a7ca8,,False,
ACC0612a53e27,,False,
ACC98c930f56c,,False,
ACC0572a480c5,,False,
ACCf8f7087f4f,,False,
ACCef8485ee7f,,False,
ACCeda906ee7b,,False,
ACC39207d5982,,False,
ACCeae129e62b,,False,
ACCc5cd7bb4a7,,False,
ACC9abdeed8f3,,False,
ACC9b3a199a0f,,False,
ACC956e444801,,False,
ACC06e7e4508c,,False,
ACCa5cf060081,,False,
ACC33d2bd013f,,False,
ACC18b158dd2e,,False,
ACCb99a3322b6,,False,
ACC1a9c02ba29,,False,
ACC115d18d051,,False,
ACC6505a8a150,,False,
ACCa16dbe723c,,False,
ACC483f405407,,False,
ACCb19df44153,,False,
ACC15be5c0d74,,False,
ACC530288c465,,False,
ACC9cd3a5f290,,False,
ACCea33b50be3,,False,
ACC112c5df5f2,,False,
ACCd741663012,,False,
ACC3439a3db43,,False,
ACCbfb6a53fa6,,False,
ACC35ac452473,,False,
ACC799459c290,,False,
ACCab8b599a72,,False,
ACC4f038e9276,,False,
ACCae5c10a56f,,False,
ACC6cb65bfcd9,,False,
ACCf657d1289c,,False,
ACCc8b2e26c10,,False,
ACC023d17a735,,False,
ACC70fb8e6961,,False,
ACC793e149e25,,False,
ACCf921787087,,False,
ACCb3460ef2c0,,False,
ACC7b84b0ab90,,False,
ACCbaa0c6d711,,False,
ACC3b046084ec,,False,
ACCef57524924,,False,
ACC4c3720e6aa,,False,
ACC614c9950fc,,False,
ACC9f1d5b8c59,,False,
ACCe8e2eb100b,,False,
ACC41d5aaff74,,False,
ACC5ea7612fa3,,False,
ACC179ee05501,,False,
ACC2c1a06b65a,,False,
ACC9136159fcc,,False,
ACC6565977eea,,False,
ACC34ddea5616,,False,
ACCf72525e179,,False,
ACCe61c2a77a3,,False,
ACC4117534e9f,,False,
ACCfcfd3cc753,,False,
ACCa499c1a6df,,False,
ACC055c093178,,False,
ACC620a9cc9b9,,False,
ACC4a607482b9,,False,
ACC4fbc02b468,,False,
ACC50e2c4ad12,,False,
ACC0f0f8cde93,,False,
ACC9c3821ba87,,False,
ACCdf4c2ee3c4,,False,
ACCa7c8bb5cc1,,False,
ACCda164c6756,,False,
ACC65e574b4e2,,False,
ACC7c940b6fee,,False,
ACC6422aa046b,,False,
ACCfb714517f8,,False,
ACCe69cf761d6,,False,
ACC9b82f00a71,,False,
ACC17f0c293d5,,False,
ACCef7fd0db41,,False,
ACC3fb34749af,,False,
ACCb7030619ec,,False,
ACC42df7d30b4,,False,
ACCeb1bb4eda6,,False,
ACCfb01ee3cee,,False,
ACCc374e7f331,,False,
ACC66d712993f,,False,
ACCf02895e903,,False,
ACCf352ed9a14,,False,
ACC5ce92068e6,,False,
ACC69aa631d5a,,False,
ACCc704f24b38,,False,
ACC9fdaeddc5f,,False,
ACC629336fc68,,False,
ACCcb21cdeaf4,,False,
ACC9c8d78ead4,,False,
ACC8c6917d620,,False,
ACCcdc353255f,,False,
ACC9a1f42b56a,,False,
ACC2e974c5571,,False,
ACC566562a06f,,False,
ACC121084988a,,False,
ACC35cead5332,,False,
ACCb5860d021b,,False,
ACCb5090f6662,,False,
ACC0a7fcf013b,,False,
ACCde3d1f4026,,False,
ACC1991b24ab0,,False,
ACCf3a107bf0e,,False,
ACC781a37a03d,,False,
ACC2e82aa71b1,,False,
ACCda885711cb,,False,
ACC0d43e5681e,,False,
ACCb7c0c8d06f,,False,
ACC822a6301b8,,False,
ACC74dd29184e,,False,
ACCd14fa84f6f,,False,
ACCa554f7339e,,False,
ACCacbaa48634,,False,
ACC6c33625543,,False,
ACCc75b2469af,,False,
ACC8d753fdfdf,,False,
ACC8ec00be29e,,False,
ACCebe0d7e848,,False,
ACC8fa248ed02,,False,
ACC60ca287b91,,False,
ACCeccf8033b7,,False,
ACC77d8e625fe,,False,
ACC1239d797e5,,False,
ACC852a87e7a4,,False,
ACC84083f79b8,,False,
ACCa9dc8ff842,,False,
ACC7cdcef10ad,,False,
ACC1b9c142e72,,False,
ACCe6818003b6,,False,
ACC34611cf35e,,False,
ACC7bcb3e9866,,False,
ACC5a65026cd5,,False,
ACC1a8ea2df28,,False,
ACCe38d32c0f4,,False,
ACC85aa6f7380,,False,
ACC7d68ba76c3,,False,
ACC632ded711c,,False,
ACCbe585137f9,,False,
ACC8147c60699,,False,
ACCccac06378e,,False,
ACCc56c32d0cd,,False,
ACC633e289271,,False,
ACC774a831e89,,False,
ACCdad7128232,,False,
ACC3773541114,,False,
ACC9f6f1d31ef,,False,
ACCf4526677e7,,False,
ACCdf5bfe1508,,False,
ACC16c693d4d5,,False,
ACC4787cf7bf0,,False,
ACCab979ff8b0,,False,
ACC684b255bd5,,False,
ACCb1cdceb72a,,False,
ACCadb9f96409,,False,
ACC657c2d5273,,False,
ACC1f8cc382d9,,False,
ACC65a8a77d6d,,False,
ACCa0d5393064,,False,
ACCefc00f5bb7,,False,
ACC0aaa2016e2,,False,
ACC23772e0363,,False,
ACC24d24c3dd9,,False,
ACC3d9b3e259e,,False,
ACC5ea2d52883,,False,
ACC78ec2faec3,,False,
ACC172e748875,,False,
ACC713b2f51e1,,False,
ACCeba7dbfc25,,False,
ACC812a10e254,,False,
ACCa6704c69cd,,False,
ACCc9ee1da173,,False,
ACCde49dfb86e,,False,
ACCc635d956ff,,False,
ACC3fef555323,,False,
ACCe605167a3f,,False,
ACCac84664aee,,False,
ACCc13385f297,,False,
ACCe65dd5f895,,False,
ACCc577970868,,False,
ACCb90611b42e,,False,
ACC074c985385,,False,
ACC0547388522,,False,
ACC5318e3720d,,False,
ACC29069e8cb4,,False,
ACC94ca8baf59,,False,
ACCa76526eb78,,False,
ACC6eb6545ef0,,False,
ACC652389ff35,,False,
ACC8e19e166cd,,False,
ACCf272cfba75,,False,
ACC7f193dcdbd,,False,
ACC2f4ef0fcf0,,False,
ACCe502eab534,,False,
ACCe688612261,,False,
ACC54fefc38f7,,False,
ACC4e4bd7c640,,False,
ACC5b6769f8bc,,False,
ACC1875f8f262,,False,
ACC1394a1e675,,False,COINC0025
ACCfa70b0d43d,,False,
ACC2ba851175f,,False,
ACC41f2d6468b,,False,
ACC0b7a93f866,,False,
ACCbc990574b5,,False,
ACC68847d26e5,,False,
ACCb9d56b7852,,False,
ACC0827878664,,False,
ACC024321df6f,,False,
ACC0064f10783,,False,
ACC25b9c7adef,,False,
ACC31d2865505,,False,
ACC078a21a05c,,False,
ACCfc311e3f9b,,False,
ACC622010998b,,False,
ACC20c4e85ba3,,False,
ACCd86fecd61f,,False,
ACCcbf37b6a4a,,False,
ACC26854ed513,,False,
ACCc2089b9ff1,,False,
ACC42869f8825,,False,
ACC1d8c324550,RING000,True,
ACC74f1793c44,RING000,True,
ACC1f57480531,RING000,True,
ACC832f5a4f26,RING000,True,
ACCe51623d1ad,RING000,True,
ACC81afc8631e,RING000,True,
ACC03f7f9c75a,RING000,True,
ACC5a74b91ce6,RING000,True,
ACC06fbb21d65,RING000,True,
ACC62da341b63,RING000,True,
ACCec56c9e6e7,RING000,True,
ACC0dfda42709,RING000,True,
ACCb5d976786c,RING000,True,
ACC0a463f6c3d,RING000,True,
ACC85fdf25103,RING000,True,
ACCb2a08440be,RING000,True,
ACC740cd37599,RING000,True,
ACCad87767466,RING000,True,
ACC07a70ed4ac,RING000,True,
ACC7d564a13e0,RING000,True,
ACCc9b5a59957,RING000,True,
ACC15ae599860,RING000,True,
ACC8fc2613bde,RING000,True,
ACC17051b87a2,RING000,True,
ACC1305ba8d28,RING000,True,
ACCe98f9d1408,RING000,True,
ACCa20292056f,RING000,True,
ACCbe8daced73,RING000,True,
ACC695db428a2,RING000,True,
ACCff8105e9eb,RING000,True,
ACC94e7509455,RING000,True,
ACC42e54802ab,RING000,True,
ACCb4633f6f52,RING000,True,
ACC18f8e40e55,RING001,True,
ACC5ee03b6a7b,RING001,True,
ACCe2d1287f0b,RING001,True,
ACC2e2119e84d,RING001,True,
ACCbbbdd2549b,RING001,True,
ACC72b44ee64f,RING001,True,
ACCce36c8f2e0,RING001,True,
ACC112b75afbd,RING001,True,
ACCefb3a868b3,RING001,True,
ACC8f485782e0,RING001,True,
ACC7b8f465d57,RING001,True,
ACCf2faa21aca,RING001,True,
ACC79b5805d94,RING001,True,
ACC7f8beda2fa,RING001,True,
ACC1f4ade8200,RING001,True,
ACC6fb35921cf,RING001,True,
ACC0b494fd8dc,RING001,True,
ACC776660ce6e,RING001,True,
ACC88d57dd251,RING001,True,
ACCb3e02152f7,RING001,True,
ACCf640fa7a6b,RING001,True,
ACC5b6e67fe80,RING001,True,
ACC778b9309a5,RING001,True,
ACCa1dbec6eb3,RING001,True,
ACCa42833203e,RING001,True,
ACCfda9caff14,RING001,True,
ACCe5d1689145,RING001,True,
ACCe349838af7,RING001,True,
ACC393b559bc3,RING001,True,
ACC8eb5543e04,RING001,True,
ACC73e193ddef,RING001,True,
ACCf7829e55fd,RING001,True,
ACCe94e15c3a0,RING001,True,
ACC19402c69ee,RING001,True,
ACC1ee317412e,RING001,True,
ACCdf2885b59a,RING001,True,
ACCc2bec35a57,RING001,True,
ACCbf480ba901,RING002,True,
ACCdf77d4c2cb,RING002,True,
ACC46420aec5f,RING002,True,
ACCb8a9851d59,RING002,True,
ACC4d281a0c7b,RING002,True,
ACCf96c82b0a8,RING002,True,
ACC1ff306732b,RING002,True,
ACC89da146a59,RING002,True,
ACCf6905e5e3f,RING003,True,
ACCbd47005201,RING003,True,
ACC84a1378626,RING003,True,
ACC8f88ef5617,RING003,True,
ACCcc913c48d2,RING003,True,
ACCe4acdcbf44,RING003,True,
ACCef9a32bd3d,RING003,True,
ACCa98e879c83,RING003,True,
ACCbcb6271656,RING003,True,
ACC7e39d709af,RING003,True,
ACC0a5e6407b1,RING003,True,
ACC4072ceba23,RING003,True,
ACC2c4ebec20d,RING003,True,
ACC0eee063bfc,RING003,True,
ACC9459459c37,RING003,True,
ACC5117b66ac5,RING003,True,
ACC587cac79e1,RING003,True,
ACCacc5d0788a,RING003,True,
ACCb8af2a23bd,RING003,True,
ACCfd6d733be2,RING003,True,
ACCb7cb47302e,RING003,True,
ACCe956e36ac6,RING003,True,
ACC93f4002b3b,RING003,True,
ACC17c120a0a0,RING003,True,
ACC83dafc4a8c,RING003,True,
ACC8e2e892e85,RING003,True,
ACCa410c37187,RING003,True,
ACC511eb1db2f,RING003,True,
ACCa10715b9e2,RING003,True,
ACC2319dc708c,RING004,True,
ACC6fe3821363,RING004,True,
ACCaadb005615,RING004,True,
ACCe7cb52ddef,RING004,True,
ACC089b0bc1f0,RING004,True,
ACC5e97fcedcf,RING004,True,
ACC15d5f8d901,RING004,True,
ACC94492f1a0d,RING004,True,
ACCf594c8c0cd,RING004,True,
ACC32b34e6525,RING004,True,
ACC6a3f0c4dd3,RING004,True,
ACC53989d2414,RING004,True,
ACCee68d1f853,RING004,True,
ACC728a11efd8,RING004,True,
ACCf2c4a5c863,RING004,True,
ACCc0dd0aa54b,RING004,True,
ACCa076a41050,RING004,True,
ACCb535c2cc0c,RING004,True,
ACCf979cee926,RING004,True,
ACC73ef7320c1,RING004,True,
ACC133a0d7110,RING004,True,
ACC94cae2900c,RING004,True,
ACCbce1928ee7,RING004,True,
ACCbf5c1ad4b3,RING005,True,
ACCf37a37ba7b,RING005,True,
ACC8e65f4c4ec,RING005,True,
ACCee0214ca95,RING005,True,
ACCfa6fb828dd,RING005,True,
ACCcc10c3e339,RING005,True,
ACC091165c510,RING005,True,
ACC1cb3fa47a4,RING005,True,
ACC8ad9bda938,RING005,True,
ACC33ae9925fb,RING005,True,
ACCa0758e51d2,RING005,True,
ACC40bc8f29e6,RING005,True,
ACC50bf3b5eb3,RING005,True,
ACC281036d48e,RING005,True,
ACCbc35229ea3,RING005,True,
ACCbedca48313,RING005,True,
ACC9f4f1557ec,RING005,True,
ACCc0f71d9087,RING005,True,
ACCb5f3d7d49b,RING005,True,
ACC396e6ffe58,RING005,True,
ACCca7552203e,RING005,True,
ACC7a4d1e2fc5,RING005,True,
ACCc45fcbf738,RING005,True,
ACCa515d6bdbd,RING005,True,
ACC6e84211f93,RING005,True,
ACC4a55ba6417,RING005,True,
ACC5e9c24b74e,RING005,True,
ACC13ca1d2d7f,RING006,True,
ACCc301c065ea,RING006,True,
ACC155cba7433,RING006,True,
ACC0f11b0f47a,RING006,True,
ACC0681299fdc,RING006,True,
ACCf1f5309b23,RING006,True,
ACC6be4e99c80,RING006,True,
ACC56d8261498,RING006,True,
ACCd6e04eae50,RING006,True,
ACC9338d2a39e,RING006,True,
ACC1cc20b565e,RING006,True,
ACC864fcaffc9,RING006,True,
ACCb9ff88a2bc,RING006,True,
ACC4da3cc2543,RING006,True,
ACC92321428ad,RING006,True,
ACCe8f9f86efb,RING006,True,
ACCd60f055ad5,RING006,True,
ACCd602626a8a,RING006,True,
ACC0018876b95,RING006,True,
ACCdbcf564e6c,RING006,True,
ACC569fed459a,RING006,True,
ACC1add049824,RING006,True,
ACC111bed5467,RING006,True,
ACCa720cf42f7,RING006,True,
ACC5db9a3a1d4,RING006,True,
ACC3a040902a8,RING006,True,
ACC6c0999eb84,RING006,True,
ACC63e44f9479,RING006,True,
ACC6229d1d47c,RING006,True,
ACCa4a903189c,RING007,True,
ACC903cbe261e,RING007,True,
ACC4e59703f64,RING007,True,
ACC1deb6b1987,RING007,True,
ACC1b855047c3,RING007,True,
ACC8294daf5b8,RING007,True,
ACC2e5b725e17,RING007,True,
ACC9a8bc62f14,RING007,True,
ACC6ff90fd947,RING007,True,
ACCbd03195fe0,RING007,True,
ACC404882756f,RING007,True,
ACC63a4709eb1,RING007,True,
ACCfc8938d5d5,RING007,True,
ACC4d37704d2d,RING007,True,
ACCfee292650b,RING007,True,
ACC4427e3916e,RING007,True,
ACC60c1b8c864,RING007,True,
ACC6081583c42,RING007,True,
ACC13941d03e0,RING007,True,
ACC84085f8ce0,RING007,True,
ACC60f23eb92e,RING007,True,
ACCe7c6f2ea28,RING007,True,
ACC6f72e1ab6d,RING007,True,
ACC75d9c75da9,RING007,True,
ACC8698511c25,RING007,True,
ACC1799994f22,RING008,True,
ACC3e61aace16,RING008,True,
ACC60f236eb7a,RING008,True,
ACC7c3397da5d,RING008,True,
ACCde4f824ba5,RING008,True,
ACC93a084fb5f,RING008,True,
ACC9a6086eb55,RING008,True,
ACCefd8fca862,RING008,True,
ACCc986e3c413,RING008,True,
ACC5ae3edd8fe,RING008,True,
ACC978f43c259,RING008,True,
ACC52e3993676,RING008,True,
ACCf8cdf9dea6,RING008,True,
ACC4f0c38fc0f,RING008,True,
ACC8485dde6d2,RING008,True,
ACCfaf0fb8bb4,RING008,True,
ACC5d3692e52c,RING009,True,
ACC6fd0d304a7,RING009,True,
ACCee7022f626,RING009,True,
ACCa4be388095,RING009,True,
ACCb263fa45ab,RING009,True,
ACCc76f8055b6,RING009,True,
ACC04e5e59d41,RING009,True,
ACCfd5fbf8823,RING009,True,
ACC8dd526c1e1,RING009,True,
ACCd94e4c984d,RING009,True,
ACCba70b8c2b9,RING009,True,
ACC74ce17ed35,RING009,True,
ACC53d0b75215,RING009,True,
ACCda5538eaf5,RING009,True,
ACC618ae20121,RING009,True,
ACCd346b2b791,RING009,True,
ACCfd47b995e8,RING009,True,
ACC71aacf0285,RING009,True,
ACC26a6ec5313,RING009,True,
ACC3be4634dbd,RING010,True,
ACC8bbd19525e,RING010,True,
ACCdaff324c76,RING010,True,
ACCb22577421b,RING010,True,
ACC59afa0346b,RING010,True,
ACC14f0d2e4b2,RING010,True,
ACC9c0d31d8e6,RING010,True,
ACC69d43a7710,RING010,True,
ACC0c33e2b810,RING010,True,
ACC89ad83ade2,RING010,True,
ACC71a8cac7b6,RING010,True,
ACC2ddf7ce1c7,RING010,True,
ACCcb9f682351,RING010,True,
ACCc676f8f16d,RING010,True,
ACC2750e22745,RING010,True,
ACCe885bbd6d4,RING010,True,
ACCe7fc7f3418,RING010,True,
ACC4fdcdf3e7f,RING010,True,
ACC5a9de142bb,RING010,True,
ACC1698389d00,RING010,True,
ACC4f340e1dd4,RING010,True,
ACC78d4ebe3c3,RING010,True,
ACC3d026fcfd3,RING010,True,
ACC44811ac59b,RING010,True,
ACCb588359b11,RING010,True,
ACCa77f7a25a8,RING010,True,
ACC6a4083480c,RING010,True,
ACCfd1f1db4d5,RING010,True,
ACCd124d306f6,RING011,True,
ACC8a346d3eed,RING011,True,
ACC6ca8f54f61,RING011,True,
ACC731051474d,RING011,True,
ACC17250caccd,RING011,True,
ACC9bc86e6fd7,RING011,True,
ACC5a05192a01,RING011,True,
ACC0ba204e1ac,RING011,True,
ACCf355b32e11,RING011,True,
ACC3e90111d1c,RING011,True,
ACC19c6301d28,RING011,True,
ACC2cb93aa36c,RING011,True,
ACCf5bb6763e1,RING011,True,
ACCda15cf725b,RING011,True,
ACC7219a205a8,RING011,True,
ACCe5ebda03c9,RING011,True,
ACCca94cd01fc,RING011,True,
ACC96ddb45be9,RING011,True,
ACC1417b24fef,RING011,True,
ACCe0929c0bea,RING011,True,
ACC4bd0cc70d0,RING011,True,
ACC370e932f5d,RING011,True,
ACC13aa8d0775,RING011,True,
ACCb233ecf6d4,RING011,True,
ACCac5c7f2109,RING011,True,
ACC2a5e0f5ca3,RING011,True,
ACCe784c9a92d,RING011,True,
ACC4a02bb0099,RING011,True,
ACCc3284c6481,RING011,True,
ACC81d3b8eae1,RING011,True,
ACC11c8bb508b,RING011,True,
ACCfdd471a155,RING011,True,
ACC734d73f17f,RING011,True,
ACC5e7e801cac,RING011,True,
ACC17372e079d,RING011,True,
ACCc2479887dc,RING012,True,
ACC08884b383f,RING012,True,
ACC02195bceb9,RING012,True,
ACC104b272eab,RING012,True,
ACC5187de4cde,RING012,True,
ACC28c628b4cc,RING012,True,
ACCfaf819152d,RING012,True,
ACC80fd33ec8d,RING012,True,
ACC9b095b3312,RING012,True,
ACC7ac38d1cd2,RING012,True,
ACC348525727c,RING013,True,
ACC4c653c698c,RING013,True,
ACC5fe9051372,RING013,True,
ACC897ab5b151,RING013,True,
ACCe11b5b5bc2,RING013,True,
ACC2e2aa71ed2,RING013,True,
ACC0fe142ffb1,RING013,True,
ACC0b45df514b,RING013,True,
ACC6930661d61,RING014,True,
ACCeaa5474bee,RING014,True,
ACCc1cae2c611,RING014,True,
ACCbbffa89298,RING014,True,
ACC02e3f4634b,RING014,True,
ACC8d2353b242,RING014,True,
ACCb14478bef0,RING014,True,
ACCe492e7a6d5,RING014,True,
ACCc56e3683fc,RING014,True,
ACC8330a5ee12,RING014,True,
ACC4aa9d7ee0c,RING014,True,
ACC070164e1d5,RING014,True,
ACC941da72720,RING014,True,
ACC9e79692ccd,RING014,True,
ACC03660a372a,RING014,True,
ACCce5d9ad45e,RING014,True,
ACCe50021309c,RING014,True,
ACC093cb965e1,RING014,True,
ACCec9481e9a4,RING014,True,
ACC9d6208044b,RING014,True,
ACC8c1c30e3cb,RING014,True,
ACCc67bbb8ba6,RING014,True,
ACC8cdb017c73,RING014,True,
ACCa0500cdf6a,RING014,True,
ACCb14b38975e,RING014,True,
ACC7ea8289470,RING014,True,
ACC815bce9b53,RING015,True,
ACC6a47af5cef,RING015,True,
ACCab27e3598f,RING015,True,
ACC1a5e3d43fa,RING015,True,
ACCad8b50cc80,RING015,True,
ACCd9f90aa415,RING015,True,
ACCe33f04d651,RING015,True,
ACC96fe48d035,RING016,True,
ACC14355753c7,RING016,True,
ACCd82731a75c,RING016,True,
ACC696b039c63,RING016,True,
ACCec1e353f00,RING016,True,
ACCe987a30906,RING016,True,
ACCe4c3a258af,RING016,True,
ACCf31123b109,RING016,True,
ACC3847382b68,RING016,True,
ACCd8e4710fd8,RING016,True,
ACCee0080adc8,RING016,True,
ACC0837f0b7c5,RING016,True,
ACCd90cd14a80,RING016,True,
ACC18491569c1,RING016,True,
ACC0ac513a146,RING016,True,
ACCb49e8ba8bf,RING016,True,
ACCa390d8448f,RING016,True,
ACC81ebc8d030,RING016,True,
ACC7b990fe1cd,RING016,True,
ACC0b4d63072a,RING016,True,
ACCa1fc7476e1,RING016,True,
ACC1ee0e963f8,RING016,True,
ACC5bbec89e3f,RING016,True,
ACC14cff8cc7e,RING017,True,
ACC77677f1d76,RING017,True,
ACCa8c3b0953e,RING017,True,
ACC57fecdfacf,RING017,True,
ACC5dbaaf4795,RING017,True,
ACC9136501bb7,RING017,True,
ACC7a63fbe009,RING017,True,
ACCf778a46fdd,RING017,True,
ACC89afb2ab39,RING017,True,
ACC1bfbb3d8e4,RING017,True,
ACC04a94df1c7,RING017,True,
ACC7e045d56da,RING017,True,
ACC3026f86dc3,RING017,True,
ACC080eba538c,RING017,True,
ACC0925a04aa4,RING017,True,
ACC4e9ea86eaf,RING017,True,
ACC07494fe561,RING017,True,
ACCed568c5e38,RING017,True,
ACC372387b4c0,RING017,True,
ACC87b4a2aff4,RING017,True,
ACCf6e85e97e6,RING017,True,
ACC2f2d984a82,RING017,True,
ACCeb6ed94cd3,RING017,True,
ACCd0ee93666e,RING017,True,
ACC36721f28f5,RING017,True,
ACCe28acb25f2,RING017,True,
ACC19bf8af40d,RING017,True,
ACCfb61c70378,RING017,True,
ACC6ea62a1253,RING017,True,
ACC3d034b5c0f,RING017,True,
ACCf8431b86e0,RING017,True,
ACC6013da860a,RING017,True,
ACC305223daf6,RING017,True,
ACC7c573bbc38,RING018,True,
ACC77d3e17394,RING018,True,
ACC58a4411a6f,RING018,True,
ACC5b3a569734,RING018,True,
ACCc4ec3de4b6,RING018,True,
ACC35f307ae37,RING018,True,
ACC66eee777cf,RING018,True,
ACCe7d3e5b048,RING018,True,
ACC5f2eccbedd,RING018,True,
ACCb23a0a539f,RING018,True,
ACC29da669de8,RING018,True,
ACCb35847be81,RING018,True,
ACCd42ba923d4,RING018,True,
ACCa6815aa693,RING018,True,
ACC91a42601d7,RING018,True,
ACC8d0bf8fc85,RING018,True,
ACCf6c423dda9,RING018,True,
ACC219636e8c7,RING018,True,
ACCbdef0b687a,RING018,True,
ACC86d7f05122,RING018,True,
ACCf4e9cc1542,RING018,True,
ACCe0e443f407,RING018,True,
ACCccc5d81955,RING018,True,
ACCecc286156f,RING018,True,
ACCee786e7e48,RING018,True,
ACC5601e7a50a,RING018,True,
ACCde055d2f02,RING018,True,
ACC82361a3f1d,RING018,True,
ACC89865a6014,RING018,True,
ACC134dda8db4,RING019,True,
ACCcd03c86412,RING019,True,
ACC8fdc5dc920,RING019,True,
ACC2512e21f20,RING019,True,
ACCfa511078a2,RING019,True,
ACC7d16f85c2c,RING019,True,
ACCe7595ffd2f,RING019,True,
ACCa5e891d86b,RING019,True,
ACC5277faa3fd,RING019,True,
ACCd87c7d855e,RING019,True,
ACC7850e0be01,RING019,True,
ACC5b418f3068,RING019,True,
ACC1c45023d32,RING019,True,
ACCec081c8bc6,RING019,True,
ACC1cf233c0a9,RING019,True,
ACC6f3d7254c5,RING019,True,
ACC53cd38550e,RING019,True,
ACC97f6213829,RING019,True,
ACC45fd9e4126,RING019,True,
ACCd8b140e693,RING019,True,
ACCbf8b9bd0d2,RING019,True,
ACCecb2f4b7c8,RING019,True,
ACCb829df01bc,RING019,True,
ACC87e2b2d925,RING019,True,
ACC91795ab856,RING019,True,
ACC8856838889,RING019,True,
ACCe03e16a4be,RING019,True,
ACC3aacb4fa49,RING019,True,
ACCfe5ff7a001,RING019,True,
ACC78f93d0d7a,RING019,True,
ACCe8d5af8e64,RING019,True,
ACCb4341ae70b,RING019,True,
ACC5df65f472a,RING019,True,
ACC4b1d736630,RING019,True,
ACCe16fcc3fa9,RING019,True,
ACC6a2567f594,RING019,True,
ACC579eface06,RING019,True,
ACC1b18cc2bb0,RING019,True,
ACCc43b9050bf,RING019,True,
