account_id,ring_id,is_ring_member,coincidental_group_id
ACCff01dba499,,False,
ACCe18d33e6b0,,False,
ACC4c2628110c,,False,
ACCc487fced43,,False,
ACC1dc3b93c29,,False,
ACC557d72bf34,,False,
ACC5c96f6795d,,False,
ACC5411487462,,False,
ACC429d39aea4,,False,COINC0026
ACC8e98066345,,False,
ACC84a0886e26,,False,
ACC52aa67fc6e,,False,
ACC3df23cb393,,False,
ACC97305c239a,,False,
ACC351266ad5e,,False,
ACC7d646a6c76,,False,
ACC5f7ae05636,,False,
ACC2e0f9a4be3,,False,
ACC33e4ee1f29,,False,
ACCce31082e90,,False,
ACCb0c3930c79,,False,
ACC56b912ab4f,,False,
ACCaca1478231,,False,
ACC751041b366,,False,
ACC66d26c062c,,False,
ACC4ed410d610,,False,
ACC94e2cd26bf,,False,
ACC49e9868bd5,,False,
ACC8b7f608a3b,,False,
ACC96a5b34666,,False,
ACCa910b80817,,False,
ACC58612b7934,,False,
ACC38edd8ac3f,,False,
ACC4dc037b569,,False,
ACC041d2c335e,,False,
ACC95ca8d59b3,,False,
ACC222af08a01,,False,
ACC4202979b39,,False,
ACC80723c037d,,False,
ACC7d01bd552e,,False,
ACC849bddde5a,,False,
ACC40b93dbc94,,False,
ACC588d250e11,,False,
ACC7f3a0ab3d9,,False,
ACC1ff56d0d0a,,False,
ACCbb98ac6c0e,,False,
ACC52181ea4eb,,False,
ACCa43d03710d,,False,
ACC77c40a2257,,False,
ACC2f604d45da,,False,
ACCcfb9a4c263,,False,
ACC6f23eea98f,,False,
ACCd89cdb6ab3,,False,
ACCb2be644598,,False,
ACC5737c76bb7,,False,
ACCe587c1d55d,,False,
ACC7c70a09e86,,False,
ACCfbd7c52444,,False,
ACC0f6757b3e1,,False,
ACC47eec4ddf2,,False,
ACC822bb153fd,,False,
ACCeaa7dcf9db,,False,
ACCf48c362dd5,,False,
ACC600380129f,,False,
ACCa8b27a17bf,,False,
ACC34a6e8cae5,,False,
ACC32f440a8e9,,False,COINC0034
ACCa49961cd2e,,False,
ACC257094e40f,,False,
ACCf37be4c43a,,False,
ACC6517a4ef4e,,False,
ACC788b74f167,,False,
ACC10e2a62167,,False,
ACCd720f67247,,False,
ACC79878662f6,,False,COINC0048
ACC2879e2ffef,,False,
ACCda0336e40f,,False,
ACCe502f706ae,,False,
ACC46eba6606f,,False,
ACC78c8793e33,,False,
ACCcfad900002,,False,
ACC6911711523,,False,
ACCe90ddf192d,,False,
ACCc57460e3b1,,False,
ACC491c3e0379,,False,
ACC7d630eec76,,False,
ACCc5c556f09f,,False,
ACC82b98f2267,,False,
ACCcc205a3f7f,,False,
ACCca1c44724c,,False,
ACC42757a5a79,,False,
ACC19eb403a45,,False,
ACC0878561c60,,False,
ACC45ed314461,,False,
ACC5541facc6e,,False,
ACCf82a9caba8,,False,COINC0041
ACC5780a4623f,,False,
ACCf0b8eec1cd,,False,
ACC2df5221a1d,,False,
ACCf947b16e92,,False,
ACCc75dc85d60,,False,
ACCaaed7257b8,,False,
ACCc5d0015687,,False,
ACC73c1bf46fc,,False,
ACC31b1301787,,False,
ACC79a7ba0fa7,,False,
ACCe7326683c2,,False,
ACCc3fd231504,,False,
ACC0a999044d3,,False,
ACCd9ae9e0827,,False,
ACC005834acfc,,False,
ACCdb5452925a,,False,
ACC31e5e84e25,,False,
ACC07e3e5f97d,,False,
ACCd63a380f01,,False,
ACC7d6e9d6d26,,False,
ACC1032fcd863,,False,
ACC0ea8bdfc59,,False,
ACC86fc349b46,,False,
ACC45fafb3661,,False,
ACCd94db722e0,,False,
ACC3dc9a9e3a8,,False,
ACC2026bf76e9,,False,
ACC023010f9f0,,False,
ACCe3a5c72b7f,,False,
ACCd5294fc9b4,,False,
ACCcfd13ffd25,,False,
ACCf458c985c8,,False,
ACCabf10a3c8f,,False,
ACC7ad52b49d2,,False,
ACC07144dbade,,False,
ACC6bd9660493,,False,
ACC44e83aa537,,False,
ACCb3389e4ee0,,False,
ACCe7f8f47364,,False,
ACCadefcbd79a,,False,
ACC06c798d508,,False,
ACCd343010b8e,,False,
ACC5d2144b346,,False,
ACC7f1fb8f8a8,,False,
ACC568bf90b4f,,False,
ACCa6906b908b,,False,
ACC034269f0ac,,False,
ACCb447c03102,,False,
ACC33b1a5be4c,,False,
ACC051d8b7df2,,False,
ACC9b93a2dd06,,False,
ACCee668c1343,,False,
ACCb927a94cb4,,False,
ACCce4671fa4a,,False,
ACC1659816fa1,,False,
ACC8b550bc3f6,,False,
ACCf72d5df267,,False,
ACC75147da494,,False,
ACCec8b1160cb,,False,
ACC665459ebc4,,False,
ACC3269bac12d,,False,
ACC029eebc5f4,,False,
ACC3a2c3be74d,,False,
ACCe648d54f50,,False,
ACCc55454f917,,False,
ACCd131c99a4f,,False,
ACCbf90d9cb76,,False,
ACC7de68a0bfa,,False,
ACC391a86436c,,False,
ACC6494d392af,,False,
ACCfac6cd3709,,False,
ACC5c80db6bc2,,False,
ACCc5293edd38,,False,
ACC204af80d49,,False,
ACC8d42ce7e07,,False,
ACC541b2b1310,,False,
ACCecd0416df0,,False,
ACC90db858aa6,,False,
ACCb99f18a3b7,,False,
ACCc3588ba8b6,,False,COINC0001
ACCe2f9f6fc9e,,False,
ACC010b1c259a,,False,
ACCdf55d543b6,,False,
ACC386d874078,,False,
ACC66d6bb6483,,False,
ACC1ff3c65c3e,,False,
ACC3e439f40fd,,False,
ACCe157226e04,,False,
ACC9088f734b8,,False,
ACC8348604011,,False,
ACCa409c303a1,,False,
ACC1da7e87b66,,False,
ACC3352108a4c,,False,
ACC59bc072b7c,,False,
ACC939567267d,,False,
ACC13e0946e3e,,False,
ACC7912fcec92,,False,
ACCd505992c07,,False,
ACC40ca86c719,,False,COINC0020
ACC91fded1620,,False,
ACC43ebc381dd,,False,
ACC4c439b9061,,False,
ACC3e97759bda,,False,
ACC942e7c429f,,False,
ACC237deb8179,,False,
ACC50ca1a7f10,,False,
ACCa0643366b3,,False,
ACCa1b1928fa1,,False,
ACC558c6cb114,,False,
ACCf694d90031,,False,
ACCb6ae6581e3,,False,
ACCaf583d4edb,,False,
ACC948348b09b,,False,
ACC78337885cc,,False,
ACC17c13dfbe0,,False,
ACCe1bdaa458f,,False,
ACC2e3ef28c3e,,False,
ACCf236d8fb02,,False,
ACCa29b266ce6,,False,
ACC2d4b7ca0a9,,False,
ACC925f52a29e,,False,
ACC9f1a5f26a0,,False,
ACCcc7f547426,,False,
ACCf92debace2,,False,
ACCebbf10be5c,,False,
ACC8c2922c81a,,False,
ACC517c4979e5,,False,
ACC04f641839b,,False,
ACCae23ee7654,,False,
ACCaa70574435,,False,
ACC05faa24c9a,,False,
ACC6fc9cb6206,,False,
ACC46da67cfca,,False,
ACCae1a68edc0,,False,
ACC6f9a3bb42f,,False,
ACCc797495787,,False,COINC0031
ACC0bfebf0426,,False,
ACCfeaa2aace2,,False,
ACC85a63487bf,,False,
ACCb7b5de859e,,False,COINC0028
ACC2c98d99df6,,False,
ACC5d9b2e86b4,,False,
ACC6a2a6d1ade,,False,
ACC923610474f,,False,
ACC3177b5833d,,False,
ACC9c4d608a9c,,False,
ACCcf2570e67a,,False,
ACC8261f33081,,False,
ACC3890bcc086,,False,COINC0017
ACC4ed426a88a,,False,
ACC6eec6d3a70,,False,
ACC00ade1c731,,False,
ACC42a147bb51,,False,
ACC94446afba7,,False,
ACCae2d8f27b0,,False,
ACC8ac15449fe,,False,
ACCc6cba80c4e,,False,
ACC4633c375de,,False,
ACC1e7ebe872d,,False,
ACC5c68604c18,,False,
ACC5dbf77e9ac,,False,
ACC8d8b3f8136,,False,
ACC64ea57527b,,False,
ACC145bcc01f0,,False,
ACCb4c1120e7c,,False,
ACC13753e4566,,False,
ACC35d50ad34c,,False,
ACCf6fc59ddc2,,False,
ACC33d5551d51,,False,
ACC5f9c40b0be,,False,
ACCf7ab3742ff,,False,
ACC561ff66a29,,False,
ACC647137ea1e,,False,
ACCfbdd229b1e,,False,
ACC58551bd46b,,False,
ACCda63c44419,,False,
ACC69501e6697,,False,
ACC5ca519eb4c,,False,
ACCc41141efa6,,False,
ACC13e1dadfc8,,False,
ACC3d407ddd92,,False,
ACC52b296c7af,,False,
ACC7207907458,,False,
ACCae54edaa6f,,False,
ACC9aca6e324b,,False,
ACC1afd4573f6,,False,
ACC33d2081582,,False,
ACC0fff653711,,False,
ACCa12c575ca1,,False,
ACC9b60c62e1e,,False,
ACCba813dee1b,,False,
ACC8535fd8732,,False,
ACCbd51ac9e07,,False,
ACCaa0493a08f,,False,
ACC542562fb2d,,False,
ACC5fe7e451b7,,False,
ACC59d78ff559,,False,
ACC2acede0c34,,False,
ACC247c578fdd,,False,
ACC6691d2852e,,False,
ACC7179262649,,False,
ACC7059788442,,False,
ACCaaac840845,,False,
ACC3cdddbd44b,,False,
ACC66702daf27,,False,
ACC73ccd96a6d,,False,
ACC4a0eb6ec3c,,False,
ACC60fcaf9cf8,,False,
ACC63423290f6,,False,
ACCf32b6cd303,,False,
ACC7d7b11e98c,,False,
ACCd40f753e3a,,False,
ACCe022679445,,False,
ACC1c9bb4b654,,False,
ACCec485f2a99,,False,
ACCf983f25e27,,False,
ACC117bb9b749,,False,
ACCe9e782274a,,False,
ACCb1d8c393af,,False,
ACC85ae112715,,False,
ACCaf8ab8ce1e,,False,
ACCa824e86385,,False,
ACCc774de8b46,,False,
ACCf5c2244dc5,,False,
ACC5ddeb4f6ad,,False,
ACC9014043d36,,False,COINC0000
ACC6a3f957c9f,,False,
ACC8185aeaa7a,,False,
ACC7d8d321168,,False,
ACC116fe4818c,,False,
ACC97c0c2866e,,False,
ACC28b25e8708,,False,
ACC9cf049d069,,False,
ACC777fb590ee,,False,
ACCfcadb46194,,False,
ACC63d54a005f,,False,
ACC2d9a368697,,False,
ACC9959220f0d,,False,
ACC6b8df5cd33,,False,
ACCd4544ab833,,False,
ACC075db9c0a9,,False,
ACCdc93c2fd98,,False,
ACC73f3a2bf76,,False,
ACC7493eb998f,,False,
ACCb0e814a681,,False,
ACCf4d6e483f7,,False,
ACCfd76b38b2f,,False,
ACC44a4576ff2,,False,
ACC11dd775257,,False,
ACCec1baeadee,,False,
ACC0235953051,,False,
ACCeee41eae73,,False,
ACCa1b807d689,,False,
ACC36fd3ecbd7,,False,
ACCc4c352e1ac,,False,
ACC51810347a8,,False,
ACC78a3c90369,,False,
ACC78288f217a,,False,
ACC614903d9b8,,False,
ACC58ae06cdff,,False,
ACC1518517561,,False,
ACC88de1ec6d7,,False,
ACCfd927c45a5,,False,
ACCe246e079db,,False,
ACCe257319263,,False,
ACC553dc27fbf,,False,
ACC695aca0f97,,False,
ACCdf1e2b44db,,False,
ACC12deaeb850,,False,
ACC383e9015c7,,False,
ACC23900984b1,,False,
ACC56fc8ab7c6,,False,
ACCa347527a20,,False,
ACC2eab5fb18e,,False,
ACC9d28b00098,,False,COINC0037
ACCa1d14b2ccd,,False,
ACC4d338a3428,,False,
ACC20cf634f92,,False,
ACC2d99b54f75,,False,
ACCcd579a8ed1,,False,
ACC6c91349dd3,,False,
ACCd953eb13ea,,False,
ACC0e33434367,,False,
ACCa7a39381d3,,False,
ACCfdf609ee3f,,False,
ACCb59a536d47,,False,
ACCb9a6052721,,False,
ACC6b489655c6,,False,
ACC6dca6d81e1,,False,
ACCa57bd4cd45,,False,
ACC3185cf4d1c,,False,
ACC99b40fb5a4,,False,
ACCcc7eadee02,,False,
ACCcdffd76977,,False,
ACCffeb2a8444,,False,
ACC2ff1cf8919,,False,
ACC70e9e3e07b,,False,
ACC6112071f20,,False,
ACC924651c9c6,,False,
ACC5d34cd58be,,False,
ACC4f8ae58bf7,,False,
ACCd324ec6ca3,,False,
ACC3d17730446,,False,
ACC2cccfa691d,,False,
ACC80b47bda0f,,False,COINC0024
ACCf458756d02,,False,
ACC83e20d3676,,False,
ACCca9d0c50ba,,False,
ACCc7ef28a26b,,False,
ACCea55fa2b83,,False,
ACCc563e7f54b,,False,
ACC7f4684529b,,False,
ACC6390a5bc06,,False,
ACC0193acc969,,False,
ACC69bb8449fe,,False,COINC0042
ACCa36adb6840,,False,
ACCd1dbdca229,,False,
ACCc545f7b46f,,False,
ACCe4acf4aac9,,False,
ACCae00625f3b,,False,
ACCbb478c8d8c,,False,
ACC15865a6bae,,False,
ACCbb194eb720,,False,
ACC782e08bd45,,False,
ACC4d18fa26a3,,False,
ACC1d37bdb545,,False,
ACC941c60a1bb,,False,
ACC121577ad8a,,False,
ACC9e66275890,,False,
ACCc35828283d,,False,
ACC7729cb0653,,False,
ACC9be917ede7,,False,
ACC8381d75633,,False,
ACC2c569a948e,,False,
ACCb6a0eca237,,False,
ACC3b28834c78,,False,
ACCbf51b6e562,,False,
ACC3bcd2fc568,,False,
ACC40363b8f77,,False,
ACCa4e5c02d38,,False,
ACC02f255cd91,,False,
ACC2106acf637,,False,
ACC9f8ccca0d8,,False,
ACC14d3f1a043,,False,
ACCcc8cab5889,,False,
ACC6530c7a52e,,False,
ACC223b594611,,False,
ACC2e6c250038,,False,
ACCdbd6af9854,,False,
ACC265ee258bf,,False,
ACCafac4798db,,False,
ACC88d1291a69,,False,
ACC2d6810c049,,False,
ACC698e7d856f,,False,
ACCdc95019317,,False,
ACCd08685c56d,,False,
ACC1ef7151b3a,,False,
ACC3e52d7f9f4,,False,
ACCc6228f1bc3,,False,
ACCb034f9dd76,,False,
ACC1f866e140d,,False,
ACC41123c2bab,,False,
ACCa99682ac6a,,False,
ACC9ca2aff98b,,False,
ACC511462cbd1,,False,
ACC17546f6bec,,False,
ACCd793a60927,,False,
ACCb4d88ae472,,False,
ACCa1754f4260,,False,
ACC8789af46a2,,False,
ACC433344f06b,,False,
ACCd8dff43625,,False,
ACC378b63430c,,False,
ACC317a38aa83,,False,
ACC773a2269aa,,False,
ACC65b932efb9,,False,
ACC7fcaee5899,,False,
ACCaf226ead8c,,False,
ACC6926146c8b,,False,
ACC76f323bf48,,False,
ACCa53778ff8a,,False,
ACC28de465f23,,False,
ACC74de81d26c,,False,
ACC762abac702,,False,
ACCa42ebfe1c3,,False,
ACC43b57ee8ae,,False,
ACC1360eebdc1,,False,
ACCca2dcdfc25,,False,
ACC5de79c059b,,False,
ACC6c6c6ba99f,,False,
ACCea468b71e3,,False,
ACC390cac8969,,False,
ACCa16acbdb5c,,False,
ACCe70368477d,,False,
ACC1914218caf,,False,
ACC8b455de1fa,,False,
ACC1fdfbefc59,,False,
ACCd7696631a8,,False,COINC0016
ACC6387d7d658,,False,COINC0028
ACC0ddabbe2ba,,False,
ACCa92de119f2,,False,
ACCc34e8cab0e,,False,
ACC1a9146c1a9,,False,
ACCf1dc8a14a7,,False,
ACCa8ddec67de,,False,
ACCfd81242e11,,False,
ACC967cf558b8,,False,
ACCf776cce5d2,,False,
ACC05405e2993,,False,
ACC4a5787a609,,False,
ACC24d219e6f0,,False,
ACCe474452f66,,False,
ACCb3f1cc8a81,,False,
ACC09846a15b6,,False,
ACC2832d3a75a,,False,
ACC4f3e4a171e,,False,
ACC29fb9e5ae6,,False,
ACCeb5d72ebad,,False,
ACCc691f16746,,False,
ACC38fc3d4494,,False,
ACC483363ed7a,,False,
ACC8a0dfc2a0b,,False,
ACCec631c9233,,False,
ACC94fb881dbb,,False,
ACC672add1732,,False,
ACC5dc76dba68,,False,
ACCaa0e089c09,,False,
ACC33846c41f5,,False,
ACC4e50e98ea0,,False,
ACC38ed48baac,,False,
ACC6045c60b4b,,False,
ACCde72ce5c29,,False,
ACC5639256e11,,False,
ACC566fc054bf,,False,
ACC8b84daa2b1,,False,
ACC37b4c10560,,False,
ACC527ee6d4c2,,False,
ACCc27cc8d830,,False,
ACC13b75d90eb,,False,
ACC2a6c89cc6c,,False,
ACC1df526d204,,False,
ACCba05962433,,False,
ACC38f6450982,,False,
ACCbd8feba410,,False,
ACCdde35dd256,,False,
ACC7ee9108f96,,False,
ACCebfbbb75e8,,False,
ACC4fe665ccf8,,False,
ACC2f61e30c32,,False,
ACCdc9b7d1103,,False,
ACC693fb9c319,,False,
ACCecdc538da4,,False,
ACC7dd8348c29,,False,
ACCce19118dbe,,False,
ACCf4d7409d26,,False,
ACC4509a71b9e,,False,
ACC4882640b35,,False,
ACC28145207f4,,False,
ACC16fa73f555,,False,
ACC9a13e9a7ea,,False,
ACCb5e934a061,,False,
ACC7551be9614,,False,
ACCa52cf4fc1c,,False,
ACCc9e86c3a77,,False,COINC0007
ACC530face6a1,,False,
ACC2d426b5808,,False,
ACCeae74af5e8,,False,
ACC686aa6e9c3,,False,
ACCea19e4a6d8,,False,
ACC8fbc311c93,,False,
ACC4b247fb0c8,,False,
ACC7c96a60355,,False,
ACCbb00d3420d,,False,
ACC84b79010cf,,False,
ACC1958af50d5,,False,
ACCb0422494e5,,False,
ACC00ce327b10,,False,
ACC456f4bcf4f,,False,
ACC586047493f,,False,
ACC071f9677be,,False,
ACCe8693c502c,,False,
ACC050ba9d7d0,,False,
ACC2f4eb7a400,,False,
ACCcd2dd21bb2,,False,
ACC125b9c9465,,False,
ACC9469f0d46a,,False,
ACC004d937ad8,,False,
ACC67e4f80f4c,,False,
ACC72d1b91d1a,,False,
ACC0a209d9c39,,False,
ACC6507a543b4,,False,
ACCdbdf073c3b,,False,
ACCca5d96aebe,,False,
ACC4c7ea785ff,,False,
ACC0e653d0599,,False,
ACCaba68ebfe6,,False,
ACCa124ad1f9a,,False,
ACC4aa5786b82,,False,
ACC2ab20479fd,,False,
ACC4e5ed25581,,False,
ACC57466015dd,,False,
ACC4a79767f6f,,False,
ACCc7edc13a6f,,False,
ACC91fd9a408c,,False,
ACC28227b9031,,False,COINC0010
ACCf52315838f,,False,
ACC84a35ec293,,False,
ACCed40d71c4c,,False,
ACCe7db286e8f,,False,
ACC7185c9ec44,,False,
ACC69ba8c414c,,False,
ACC4614063e0d,,False,
ACC2b29d9283c,,False,
ACC8382022732,,False,
ACC7e337fd885,,False,
ACC8582ef2bd5,,False,
ACCbec9c5eb59,,False,
ACCa1b71cc921,,False,
ACC8fe9676396,,False,
ACCfbb1cc2aa8,,False,
ACC58d44de155,,False,
ACC0d6ffe4711,,False,
ACC9f955ce381,,False,
ACC79d2dd29a2,,False,
ACC7db14a31a6,,False,
ACC0091cd199b,,False,
ACCf39c66143b,,False,
ACCf444fe7fa5,,False,
ACC94d5fe3e38,,False,
ACCb4d813fd21,,False,
ACC90f2f46947,,False,
ACC419f9f1048,,False,
ACC31d7886645,,False,
ACCc8b2b462dd,,False,COINC0009
ACC5ef1b7bbca,,False,
ACC8d290890d0,,False,
ACC2615c19598,,False,
ACC032064a6c6,,False,
ACC64b38748bd,,False,
ACCb6a377073e,,False,
ACC065b01769f,,False,
ACC552fbc8a6c,,False,
ACCaebad50dd6,,False,
ACCcac3681bf3,,False,COINC0025
ACCf4477f4ecb,,False,
ACC1a6982b370,,False,
ACCeda91c78c4,,False,
ACCfe94fc3bbe,,False,COINC0002
ACC2e677a2e16,,False,
ACCe123d80c64,,False,
ACC694adcdc31,,False,
ACC77d56e8344,,False,
ACC1432206623,,False,
ACC2c1dda7335,,False,
ACCb1c7168759,,False,
ACC5121993d8f,,False,COINC0007
ACCf2b1fc90c2,,False,
ACCef0d17796b,,False,
ACC8bcfafae8e,,False,
ACCc3d786cfbf,,False,COINC0018
ACC9c435782cb,,False,
ACC5e1542b18a,,False,
ACCb200939984,,False,
ACC1ffc84e3c2,,False,
ACC407ab0f942,,False,
ACC536ef87e7e,,False,
ACCd382a2909e,,False,
ACCa697ea9f7e,,False,
ACC531f674fa1,,False,
ACCb62022f1c2,,False,
ACC13f5d18f65,,False,
ACCfd0702db15,,False,
ACCbc89f2c9d8,,False,
ACC2a85969f5c,,False,COINC0035
ACC4090e99746,,False,
ACC3e2fd5dd01,,False,
ACCc6c33496eb,,False,
ACCd149d97ed4,,False,
ACC162a2ce1c5,,False,
ACC613b4e3569,,False,
ACC6bfda36a54,,False,
ACCe36c0f9c69,,False,
ACC5938aa8ced,,False,
ACC3de57f4026,,False,
ACC0c177e85bf,,False,
ACC2e269b7f09,,False,
ACCb4f592f648,,False,
ACC43249b958b,,False,
ACCbb93732589,,False,
ACCef5e22d56e,,False,
ACCf2f04f8c17,,False,
ACC1fe23e1a1d,,False,
ACC14555f47a0,,False,
ACC8c4f0e2d56,,False,
ACCd4c70fadf0,,False,
ACC407f467065,,False,
ACC3c0922ebde,,False,
ACC5e151b1031,,False,
ACC9af805708c,,False,
ACC42debd0c4a,,False,
ACCa9e4ef2993,,False,COINC0042
ACCbc0d365773,,False,
ACCe0a60bab1a,,False,
ACCb9c6c173b8,,False,
ACCaa4aa13b50,,False,
ACC3e71558807,,False,
ACC876b1bda7b,,False,
ACC891dce5803,,False,
ACC1f9e9f3210,,False,
ACC9b32aa1e32,,False,
ACC715438cc93,,False,
ACC17e63e1d77,,False,
ACC75e727d04b,,False,COINC0000
ACC8cb21e811e,,False,
ACCbdfe27a705,,False,
ACCe5744ef06e,,False,
ACC6add7ca093,,False,
ACC303f53a14e,,False,
ACCd4fc4f286b,,False,
ACC9594ddc4f7,,False,
ACCfcc93bc896,,False,
ACCbfe2e5522f,,False,
ACCbe6757b852,,False,
ACC693ef85055,,False,
ACC1591e46d8e,,False,
ACC5a4d2ce7d4,,False,
ACC0ddca41a6a,,False,
ACCf1d3911ee5,,False,
ACC53e1907fa2,,False,
ACC05acb5bc90,,False,
ACCf5014381cb,,False,
ACCdbb60ad2c7,,False,
ACC46e75f61a3,,False,
ACC802ec33c36,,False,
ACCb6b5bf9ab6,,False,
ACCa08a76a004,,False,
ACC9341a64a5e,,False,
ACCd4b752a1f5,,False,
ACCfe88b597cf,,False,
ACC6a0dc3f6b3,,False,
ACCbfc9fa0716,,False,
ACCc989d1f248,,False,
ACCae8cab5657,,False,
ACC578a960f76,,False,
ACCe5f816da75,,False,
ACC3a560d544c,,False,
ACC5634e2c573,,False,
ACC6be91e0e0e,,False,
ACCb91ceb1bf7,,False,
ACC2e255e9776,,False,
ACCedbb5b25f0,,False,
ACC619da7e42e,,False,
ACC82eb53ad60,,False,
ACC9a44f0fcec,,False,
ACCeb5aade478,,False,
ACC3a5bc4592c,,False,
ACC6e3cd9e141,,False,
ACC5c979d2665,,False,
ACC41bb91a91e,,False,
ACCb97ea51369,,False,
ACCa58334cc6e,,False,
ACC487e57e259,,False,
ACC91b184bb07,,False,
ACC561a922284,,False,
ACC6b16fe453e,,False,
ACC1eb6617cf2,,False,
ACC5ae9b20594,,False,
ACC51e91c0a3d,,False,
ACC6ad3cf1635,,False,
ACC5e2a653e94,,False,
ACC823a3c6ed4,,False,
ACCe8f69b1c8a,,False,
ACC8e405a240e,,False,
ACC5403c89fe7,,False,
ACC6e4398fd79,,False,
ACC9e36e5a1b9,,False,
ACCdbf2b66801,,False,
ACC16f47fef07,,False,
ACCe53d843517,,False,
ACCa41d989fdc,,False,COINC0034
ACC78ff7191f0,,False,
ACC17af825a6d,,False,
ACC0b66168c6a,,False,
ACC024a046e67,,False,
ACC5a28afaa51,,False,
ACC6d629b4c65,,False,
ACCce7a5e4d85,,False,
ACCd92fe5513a,,False,
ACC79cc447e85,,False,
ACC139c3028d4,,False,
ACC54450cc51b,,False,
ACC95cee9bb80,,False,
ACC4ae0702d8d,,False,
ACC6c1624eef0,,False,
ACC56eb70cc91,,False,
ACC45f7269f7c,,False,
ACC634ea544e8,,False,
ACCc230ed5ee6,,False,
ACCb1ac97514d,,False,
ACC348aa35a03,,False,
ACC3a141f4744,,False,
ACCd7d1da9532,,False,
ACCc023357a08,,False,
ACC5cee526148,,False,
ACCfd06c1c928,,False,
ACCbbf884aa50,,False,
ACC1a6036de24,,False,
ACCaa0573dd9e,,False,
ACCf540d2e701,,False,
ACC36671db6f4,,False,
ACC279ddfc79e,,False,
ACCf51a87d130,,False,
ACC07d6180313,,False,
ACCa0f1faf4cb,,False,COINC0032
ACCb72fdccc2e,,False,
ACC85bb71f8b2,,False,
ACC1cfe0cf070,,False,
ACC58f01126b6,,False,
ACC84feb99c86,,False,COINC0043
ACC2f28d4dd9e,,False,
ACC3e3773b20b,,False,
ACC77205eca40,,False,
ACC8ae7c9f5fc,,False,
ACCdf54cd4b38,,False,
ACC5921e1788d,,False,
ACC4860bc7af7,,False,
ACC98940e88a9,,False,
ACCfdf85b6f2e,,False,
ACCe0c20e16c4,,False,
ACC847695fc79,,False,
ACC209bdf09d4,,False,
ACCb2eb03e341,,False,
ACC67dddecfb6,,False,
ACC1077acc5ae,,False,
ACC1c2a135f7f,,False,
ACC117bac52d2,,False,
ACC780dee27e3,,False,
ACC0a983c3937,,False,
ACCef889da507,,False,
ACC3c69d5fef5,,False,
ACC214bf597db,,False,
ACC6f25f77298,,False,
ACCd97f9ee778,,False,
ACCa178e53306,,False,
ACC3f3f940feb,,False,
ACC0243b6f2e0,,False,
ACC72ac9c8914,,False,
ACCfff20ba1d4,,False,
ACCd8469db7a2,,False,
ACCd16ea23ef6,,False,
ACC25febe4c0a,,False,
ACC7b659986bf,,False,
ACC4d7b309df1,,False,
ACC2c74704284,,False,
ACC9d85784c32,,False,
ACC7f94ea4601,,False,
ACCfaa8714c62,,False,
ACC82abf102d3,,False,
ACC3543d8af8d,,False,
ACC6618fc94b5,,False,
ACC45d1af8660,,False,
ACCb31a8d7107,,False,
ACC6cc5bbdc13,,False,COINC0006
ACC4568bd449c,,False,
ACC08ec42d05c,,False,
ACC88e36daed2,,False,
ACC281a90e7fa,,False,
ACCff87645c24,,False,
ACC93a5dd1792,,False,
ACCee336c8ae8,,False,
ACC5e8e3b0132,,False,
ACCdfeb6f1cdb,,False,
ACC7a183f5fa0,,False,
ACC713f5d056e,,False,
ACC059deecbac,,False,
ACC2f5d812659,,False,
ACCd0f695c00b,,False,
ACC77673d579b,,False,
ACC1288897841,,False,
ACCeb4f9a27b4,,False,
ACCc65b2d66ee,,False,
ACC2e15de45c3,,False,
ACC68ab5175db,,False,
ACC433556cc7b,,False,
ACCe9de69199e,,False,
ACC9736d6042e,,False,
ACCa40d2eb0ee,,False,
ACC6584ae3f12,,False,
ACCb64ad23741,,False,
ACCca4934750d,,False,
ACC1977d595ba,,False,
ACC4729566711,,False,
ACC995bf949b6,,False,
ACC4623741978,,False,
ACC987b561d3c,,False,
ACC58090ac3cc,,False,
ACC229157d4fc,,False,
ACC3a3afb7969,,False,
ACCbbb284a851,,False,
ACC4c6b6222e5,,False,
ACC1317df1a24,,False,
ACCf50b728607,,False,
ACC5cb0d48b25,,False,
ACC5675ff1db8,,False,
ACC2dc22cae08,,False,
ACC2ab4bc8154,,False,
ACC0a9cde70d9,,False,
ACCcd22b18fa4,,False,
ACCdbe4c25f1b,,False,
ACCb17ecfe3f0,,False,
ACCe0ab44a45e,,False,
ACC2acbf7401b,,False,
ACC4a6b1e564a,,False,
ACC42c1894f3f,,False,
ACCcec2543099,,False,
ACC9fc21486fc,,False,
ACC490262cd4d,,False,
ACCaf84670d2a,,False,
ACC5724cf060f,,False,
ACC7786870702,,False,
ACC43d8153640,,False,
ACC1ac330f264,,False,
ACCb4ea4bbb38,,False,
ACC6a3324d030,,False,
ACCd05ef03b42,,False,
ACC150b0f954a,,False,
ACCc525474290,,False,
ACCc8aaadf983,,False,
ACCcacd3534d8,,False,
ACCf861310171,,False,
ACC4c2ef25794,,False,
ACC7978b35ab4,,False,
ACC5ebab401db,,False,
ACC3bc749d4c3,,False,
ACC74b9634705,,False,
ACCc0d95e5430,,False,
ACCaf0a5d2fe9,,False,
ACC1a92fb53fb,,False,
ACC7fcd9c502c,,False,
ACC3b7ae2a50c,,False,
ACCd644773ea1,,False,COINC0024
ACCcc49a2a114,,False,
ACCbd75c09f4f,,False,
ACCee000932cc,,False,
ACC3f9aaf42f7,,False,
ACC9f2ad0ef19,,False,
ACCfc25140459,,False,
ACCc97b84f24c,,False,
ACC8efb091d70,,False,
ACC68ead1de27,,False,
ACC03f06f7e0e,,False,
ACC766d7aa605,,False,
ACCd8d6cd8c15,,False,
ACC56fd66d0cd,,False,
ACCadde2f9309,,False,
ACC9d6c62d8ef,,False,
ACCe500daa906,,False,
ACC450cf7eb3a,,False,
ACC88feb6e101,,False,
ACCe1e8f7691b,,False,
ACC56da272585,,False,
ACC8427da9702,,False,
ACC0d7ef463aa,,False,
ACCda7153679d,,False,
ACC34b8613c6e,,False,
ACC3beecadc79,,False,
ACCf6b0964653,,False,
ACC1e2dca973f,,False,
ACCbed187803f,,False,
ACC7dd164953f,,False,
ACC4b67ff7967,,False,
ACC9d426e943f,,False,
ACC25fb143dbc,,False,
ACCabbb5ec541,,False,
ACC0412748946,,False,
ACCe34486752d,,False,
ACCe091c1bb51,,False,
ACC7aebac331a,,False,
ACC5d85c4eaf9,,False,
ACC5237ae4a86,,False,
ACC550e52fa85,,False,
ACC72133af53a,,False,
ACCa9216b196b,,False,
ACCf57c90275b,,False,
ACCc0568ff128,,False,
ACC9c89f04f68,,False,
ACCa1fb3392a3,,False,COINC0036
ACC80b438b94a,,False,
ACCf4c68500ed,,False,
ACCbea5709300,,False,
ACC5423fe5697,,False,
ACC8aec5d50d0,,False,
ACC617855783d,,False,
ACC7cc536c0d3,,False,
ACC96b7830a2e,,False,
ACCcf46369b3e,,False,
ACC316388f959,,False,
ACC94c200ddd8,,False,
ACC8c6893278f,,False,
ACC4584ae9e14,,False,
ACCc1adef3cbe,,False,
ACCb049bc6930,,False,
ACCcd8936adc5,,False,
ACC133820c077,,False,
ACC6f416f0cfe,,False,
ACC8f785c1283,,False,
ACCbec7810fb5,,False,
ACCd88dbee3b0,,False,
ACC3f3303da68,,False,
ACC1d20ac26a6,,False,
ACCf7a1164bbc,,False,
ACC55faf2241f,,False,
ACCc08b7c0c7e,,False,
ACC668700a364,,False,
ACC7e2481b554,,False,
ACC1403d510c9,,False,
ACCca912bf091,,False,
ACC94b549aaea,,False,
ACCdebe6a330c,,False,
ACCfc35cdb0b4,,False,
ACCa994ab59db,,False,
ACC26f5267e07,,False,
ACC68b5bab4cc,,False,
ACC2cd62e6098,,False,
ACCfae71f05ce,,False,
ACCb4a2e8203d,,False,
ACC2bd9665101,,False,
ACCbb6cb828ee,,False,
ACC2a54087f21,,False,
ACC4d5c2a58dc,,False,
ACC5a436cccf6,,False,
ACC629f1d2447,,False,
ACCa27f994acf,,False,
ACC4520cc2728,,False,
ACC1281f6914f,,False,
ACCdaf74f71c4,,False,
ACC4ceda7947b,,False,
ACC1bddadb660,,False,
ACC8cc8fe9743,,False,
ACCdaf097d0b1,,False,COINC0022
ACCdefeeeb902,,False,
ACC0edab3762e,,False,
ACC728807fd3f,,False,
ACCbaeef7dae7,,False,
ACC5e8fe541a8,,False,
ACCa68e05e56f,,False,COINC0004
ACC418d55a751,,False,
ACC49a176911e,,False,
ACCd7f6dc7131,,False,
ACC901386bb13,,False,
ACC7a419aa84b,,False,
ACC4e9a465ddb,,False,
ACC4fab15f7a8,,False,
ACC0db5726182,,False,
ACCcbeff2d90c,,False,
ACCee23938b4c,,False,
ACCfb998a4766,,False,
ACC4cf83036f8,,False,
ACC7997f02279,,False,
ACC7af655a96a,,False,
ACC47e1502f2e,,False,
ACC05f2fb1a92,,False,
ACC5a7944ef99,,False,
ACCee95121da9,,False,
ACC804474e921,,False,
ACCd7a8fcf10b,,False,
ACC3f692e4bd4,,False,
ACCb39e7ea9f8,,False,
ACCb8f1bfad05,,False,
ACCd3c683f1bb,,False,
ACCb44eabaa3c,,False,
ACCf9836ddb27,,False,
ACC82edc7b7c5,,False,
ACCe1c353ad4b,,False,
ACC90a17765e5,,False,
ACCaf6773b54f,,False,
ACC605e775aa2,,False,
ACCa05705c142,,False,
ACC9357b1e5c3,,False,
ACC260ac642e6,,False,
ACCca98ac1c71,,False,
ACC42078d7fb6,,False,
ACCeb0ea47485,,False,
ACCf8e2bf3390,,False,
ACC227b97e87c,,False,
ACCc6477f4404,,False,
ACCa47f7dfaec,,False,
ACC0e9ed695f3,,False,
ACCc3a943c272,,False,
ACC4848ac6a3a,,False,
ACC81832ff9ff,,False,
ACC466a1f3509,,False,
ACC376af560a4,,False,
ACC50f6bbf7c3,,False,
ACC72bd910b50,,False,
ACC446951314d,,False,
ACC1568e90d41,,False,
ACC9865493d68,,False,
ACCc591408e28,,False,
ACC3e01fa84c1,,False,
ACCaad51a2787,,False,
ACCb55acdbf53,,False,
ACC741bb62e27,,False,
ACC757bebf431,,False,
ACCc164e4ac5d,,False,
ACC4d6eac73f5,,False,
ACC5b8563b652,,False,
ACC1de64dc603,,False,
ACC0a105446ab,,False,
ACC57ae0c3a90,,False,
ACC4153c932be,,False,
ACC7e00d2ee9e,,False,
ACC73a3011694,,False,
ACC960a23016a,,False,
ACCe1b3e09c41,,False,
ACC8bd5a2d8ac,,False,
ACC1d1fbd63a0,,False,
ACC8f42f4fe80,,False,
ACC46129a0dda,,False,
ACCc5e582d385,,False,
ACC6d8093fd2e,,False,
ACC2b12399a26,,False,
ACCfae3738788,,False,
ACC5b99353dbb,,False,
ACC679bf57c29,,False,
ACC0faf1812e9,,False,
ACCcad8ffc67b,,False,
ACC21202078b1,,False,
ACCf8437b2eba,,False,
ACCed605631fc,,False,
ACC5372c364d8,,False,
ACCf0a55d8026,,False,
ACC6400d3c932,,False,
ACCee6817ee8f,,False,
ACC90fd0e949f,,False,
ACCc27aed0359,,False,
ACCfc3762fb86,,False,
ACC6a962ac469,,False,
ACC9a5a82e0ac,,False,
ACC74efbdb064,,False,
ACCa19b742a17,,False,
ACCfe64d653a0,,False,
ACCd7aeb40030,,False,
ACC8e96a44bd7,,False,
ACCc75891e946,,False,
ACC49e356ba12,,False,
ACC9a31051cfc,,False,
ACC03b4ae6d5a,,False,
ACC50d93aa0b3,,False,
ACCc3224325d8,,False,
ACC3263cf5cc5,,False,
ACC41992e9bc8,,False,
ACCa714072ca7,,False,
ACCdbe37a49ed,,False,
ACC100425d7c9,,False,
ACCb92da75b5c,,False,
ACCaf69821dd4,,False,
ACC9c59fcddd3,,False,
ACC247078beb3,,False,
ACC0db7c57c25,,False,
ACC75f842834a,,False,
ACC527cad7d8e,,False,
ACC9ff2954b13,,False,
ACCf5eb743dac,,False,
ACC8e17bd7f99,,False,
ACC35a7da34ae,,False,
ACC79b20329e4,,False,
ACCa530ec703f,,False,
ACC0c62513451,,False,
ACC0da4cfc0de,,False,
ACC212396b64a,,False,
ACC6dde31f454,,False,
ACC36cb9be311,,False,
ACC86f934f1a8,,False,
ACCaa461088f7,,False,
ACCa3abbb2222,,False,
ACC1374fd1a3f,,False,
ACC05bea8674e,,False,
ACC13657a2523,,False,
ACC0ac6bb572c,,False,
ACCae86a26dc9,,False,
ACCfe9624d898,,False,
ACC579a31e7b3,,False,
ACC26f4221fb9,,False,
ACCe3cfa846d7,,False,COINC0002
ACC559423d296,,False,
ACCd5213a9b36,,False,
ACC4724482d0d,,False,
ACC972a426b23,,False,
ACCfd4d0cd1a5,,False,
ACC65f52218c3,,False,
ACC0c84170942,,False,
ACC2f5c519952,,False,
ACCedc401c944,,False,
ACC2408fef106,,False,
ACCb2f1638359,,False,
ACCe879d2ebe0,,False,
ACC36187d89fd,,False,
ACCd9032ebe00,,False,
ACC1270c684e7,,False,
ACCef9ca1d3aa,,False,
ACCe991e84e1a,,False,
ACCd5cbb3e2a5,,False,
ACC99c1562b5e,,False,
ACC5f44efbc5f,,False,
ACC730f34092b,,False,
ACCe79cea3cec,,False,
ACC2e1186a25e,,False,
ACCecec041fed,,False,
ACC736e109511,,False,
ACCd27b763b39,,False,COINC0038
ACCf707489841,,False,
ACC9804f6a8ac,,False,
ACC9cd768b9ff,,False,
ACCe697055b03,,False,
ACCb49fb268eb,,False,
ACCa2b311dda3,,False,
ACCe7cbeb28ea,,False,
ACC222fb6e864,,False,
ACC8eb66f96cf,,False,
ACCd4c3ee41d7,,False,
ACC504f21022f,,False,
ACCfaee853366,,False,
ACC113e5f209e,,False,
ACC776f7cc393,,False,
ACCbaa39e47a1,,False,
ACC73c03e7b33,,False,
ACC87bcd145b3,,False,
ACCd2af9d3ee7,,False,
ACC9d163849de,,False,
ACCe65e68713b,,False,
ACCd5517323a3,,False,
ACC0967f40cad,,False,
ACC2848e8058e,,False,
ACC81fd842fc8,,False,
ACC4b243f7b12,,False,
ACC703a657014,,False,
ACC33b98bad30,,False,
ACC58c989525e,,False,
ACC22a402c456,,False,
ACC6b541ee1bb,,False,
ACCbb1023cb63,,False,
ACCb2d48f7e1f,,False,
ACC3957a6cef4,,False,
ACC006b2be90b,,False,
ACC3c48a2f523,,False,
ACCa2e77fdabf,,False,
ACC592c281b08,,False,
ACCa6d599f1be,,False,
ACC0970cee581,,False,
ACCae173bf23b,,False,
ACCf174facfec,,False,
ACC43386e7df2,,False,
ACC4b2baad023,,False,
ACC3832faa10b,,False,
ACCe3cef03712,,False,
ACC1d27945eea,,False,
ACC0c996bb7f3,,False,
ACCd1c62cbc2a,,False,
ACC625ff6344a,,False,
ACCb581643650,,False,
ACC990d4a0e8d,,False,
ACC14284a61b4,,False,
ACC5ef3ac6914,,False,
ACC0c00a1a62e,,False,
ACC40c8713c6e,,False,
ACC37d1bddbc6,,False,
ACC7a7ab05c96,,False,
ACC2b2745dc66,,False,
ACC16b5bb66e2,,False,
ACC3c5f5eb15b,,False,
ACC8a58549b28,,False,
ACCb3f41d11f9,,False,
ACC3761941905,,False,
ACC314f033a20,,False,
ACC218ebb4e94,,False,
ACC2a33ba8ac0,,False,
ACCf81f2f950f,,False,
ACCa51e9d5a2a,,False,
ACC3144a59b38,,False,
ACC1b1e2eae79,,False,
ACCbd2b943c25,,False,
ACC6029601260,,False,
ACC41f0dff373,,False,
ACC6914876f8b,,False,
ACC23624ee527,,False,
ACC57d9884014,,False,
ACC219add3150,,False,
ACCe109bbef72,,False,
ACC7592c183dc,,False,
ACC008360d9ad,,False,
ACCa9a8f68868,,False,
ACC6ac567e205,,False,
ACCc587681a98,,False,
ACCfbfd0322fa,,False,
ACC0e57a2c17d,,False,
ACCb34e0ac5df,,False,
ACC30c68b26d1,,False,
ACCffe284a525,,False,
ACC6c7e0ec35f,,False,
ACC25e63a7d21,,False,
ACC9084a05d4f,,False,
ACCe1e5799bf9,,False,
ACCcd959417c4,,False,
ACC9d29dced0b,,False,
ACC5da08a82c3,,False,
ACC57c6028f00,,False,
ACC2378ae8514,,False,
ACC9b4dd20e10,,False,
ACCdc4a472ebb,,False,
ACC39a5a3bd3f,,False,
ACCe1b7662a7a,,False,
ACC2f39044341,,False,
ACC08ac8e5b69,,False,
ACC39be000893,,False,
ACCb61ab78d58,,False,
ACC82a9a2c182,,False,
ACC03f1905fe8,,False,
ACCe26f7462ad,,False,
ACCb4e29347b1,,False,
ACC371305a5e8,,False,
ACC79127970c0,,False,
ACC578caa1873,,False,
ACCfe42bf50ba,,False,
ACCe21ac13c73,,False,
ACC4947ebce24,,False,
ACC7ec015064b,,False,
ACCa9d68bd549,,False,
ACC67bb8560aa,,False,
ACC5afe31a3ac,,False,
ACC5beb0cda04,,False,
ACC795114ea1a,,False,
ACCd1ccf8bf3c,,False,
ACCb11d57b254,,False,
ACC54b63d786b,,False,
ACC3d8bc7ba55,,False,
ACCba7fb5d881,,False,
ACCc5b612118d,,False,
ACCf90a96e0dd,,False,
ACC3be7ddbcc7,,False,
ACC9b8184f457,,False,
ACC98d1185f69,,False,
ACCe45eced86c,,False,
ACC1270a414c8,,False,
ACC7f3fb57fb9,,False,
ACC9738852078,,False,
ACC94ef68f086,,False,
ACCa85403bc04,,False,
ACC1341b2df7b,,False,
ACCf7f104fff0,,False,
ACCeb4cf28da9,,False,
ACC06c29bc01b,,False,
ACC95690e7233,,False,
ACCb9f4443ca3,,False,
ACCc791247c49,,False,
ACC368efbfd4a,,False,
ACCe6280e58d0,,False,
ACC18aa4d33e8,,False,
ACC6c9453a023,,False,
ACC8e3f2921a6,,False,
ACC6e5db7f6cb,,False,
ACC4bd389446e,,False,
ACCbe0a8539a6,,False,
ACCe10f27cf54,,False,
ACC67403cdecd,,False,
ACC92c20cf329,,False,
ACCbb12c26951,,False,
ACC6514eba4b7,,False,
ACCdbba34888b,,False,
ACC3afc844d26,,False,
ACCc376891698,,False,
ACC1099d78864,,False,
ACC3d8ad13769,,False,
ACC0043b6626c,,False,
ACCf2f5a1882a,,False,
ACC690fe58972,,False,
ACC1cecef2452,,False,
ACC847a3e5ef1,,False,
ACC21708e0a2c,,False,
ACC44b770b8af,,False,
ACC8489c6bdd5,,False,
ACCf39b4eb966,,False,
ACCbf86095466,,False,
ACC867cbf72bd,,False,
ACCc51f3d3b2e,,False,
ACC8d9772667d,,False,
ACC83b2db4ddf,,False,
ACC6e3c720b23,,False,
ACC5754d27a6e,,False,
ACCba2aa488c2,,False,
ACC5c711b8cfc,,False,
ACC314028eeb8,,False,
ACC6afa3eeac5,,False,
ACC59ba1b65cc,,False,
ACC3cf6275edf,,False,
ACC840e707ca6,,False,
ACC7c50eeb086,,False,
ACCda9be3e655,,False,
ACC9364379782,,False,
ACCe2e3fe0d18,,False,
ACC901afc2b7f,,False,
ACC1bfb067f5b,,False,
ACCcba841cc6f,,False,
ACC38b6bbc007,,False,
ACC7161175dbc,,False,
ACC747dc79bd4,,False,
ACCd17294598f,,False,
ACC9a6dbb2372,,False,
ACC8c7f143f41,,False,
ACC12606eddcb,,False,
ACC7026cd2c09,,False,
ACCd40583d1a1,,False,
ACCfdabd344bb,,False,
ACC06d5d544ba,,False,
ACC41f9db3219,,False,COINC0019
ACC466d107289,,False,
ACCead1dd1c6c,,False,
ACC1573e89809,,False,
ACCbb8f81e3a6,,False,
ACC112777f7f6,,False,
ACC3d6440f505,,False,
ACC5b41237cc5,,False,
ACC4be2721cc1,,False,
ACCbfad450f64,,False,
ACCd83f80bc4d,,False,
ACC5180a2749c,,False,
ACCe9f28631a4,,False,
ACC512f6dfed6,,False,
ACC7ec6f6a9be,,False,
ACCb4218fc87b,,False,
ACC364b309759,,False,
ACC60d3f5de14,,False,
ACC4557f0b69c,,False,
ACC4e26251741,,False,
ACC7bc258767c,,False,
ACC775839b0df,,False,
ACCcc44119b86,,False,
ACCca0d0c0572,,False,
ACC51d2aa395f,,False,
ACCe00a819d35,,False,COINC0016
ACCd719344f99,,False,
ACC07826af6f9,,False,
ACC271bc7e13a,,False,
ACCed9d729c64,,False,
ACC81a3c5bba2,,False,
ACC253b79d3f4,,False,
ACC751b3db6ef,,False,
ACC945db4bf86,,False,
ACC303cdb2df6,,False,
ACC6982d40844,,False,
ACC914e6f5f71,,False,
ACCb052f046a1,,False,
ACCfc0179a26e,,False,
ACC797052399a,,False,
ACC550b4fc9f9,,False,
ACCc263c6a47e,,False,
ACC4b7dbb43bc,,False,
ACC52a7e15769,,False,
ACC800973498e,,False,
ACCbf3b677c33,,False,
ACCdd881c28f9,,False,
ACC8810d24bb0,,False,
ACC44afa74906,,False,
ACCa84ffdafba,,False,
ACC3089f2fd90,,False,
ACC314dcc447e,,False,
ACC259bff45e5,,False,
ACCfcfdf40930,,False,
ACC33766eaaaa,,False,
ACCd8257cf42a,,False,
ACCa47d478aa8,,False,
ACC938d8382b9,,False,
ACCfa722a0ef2,,False,
ACC85b4157942,,False,
ACC5a00d66e91,,False,
ACCff84daa10c,,False,
ACC4fd14d9a21,,False,
ACC26a764af71,,False,
ACC6e0c57248c,,False,
ACC50952225e0,,False,
ACCede4939c06,,False,COINC0013
ACC7b54c02429,,False,
ACC202816e7d2,,False,
ACC1af9dc3579,,False,
ACC9b03650d67,,False,
ACCc669c947ef,,False,
ACCeb8e888e07,,False,
ACC515ddb506f,,False,
ACC8ef2f95498,,False,
ACCb113e609a1,,False,
ACCe11d632da3,,False,COINC0003
ACCcfa28fe67f,,False,
ACC576165f802,,False,
ACC69dcc997ed,,False,
ACC62a05edc94,,False,
ACCe9bf053fb7,,False,
ACC0f7b702959,,False,
ACCa80ce6ff65,,False,
ACC62e8191cdd,,False,
ACCfda938f932,,False,
ACCb12a955872,,False,
ACCf1fce841fe,,False,
ACCe55f05b4a7,,False,
ACC806ace554d,,False,
ACC5f1c2d83ef,,False,
ACC68db2d57ff,,False,
ACC58000a2adf,,False,
ACC86e4739565,,False,
ACCfa4b474a8c,,False,
ACC64bf90bf14,,False,
ACCc5e74a54bf,,False,
ACC69d8766acf,,False,
ACC86491811e1,,False,
ACCecc460778f,,False,
ACC7a03b12ca8,,False,
ACC8ddd655587,,False,
ACC53b6dac54c,,False,
ACCd9bf5247b7,,False,
ACC48293ca8cf,,False,
ACC39601f4bfb,,False,
ACC1128f10e11,,False,
ACC4d1c3f19a0,,False,
ACCb1184465f0,,False,
ACC72d485dd05,,False,
ACCa7fa3f08c1,,False,COINC0012
ACCc6d5303377,,False,
ACC2af81c4778,,False,
ACC2cc880df1b,,False,
ACC05808c5aab,,False,
ACCeee9d0d397,,False,
ACCba87b482e3,,False,
ACC29c1420af0,,False,COINC0003
ACC85c42d47f9,,False,
ACCab21847542,,False,
ACCcb3b58e014,,False,
ACC78b40f8c5a,,False,
ACCbf8ea204c1,,False,
ACCd772f56899,,False,
ACC6b1cfac125,,False,
ACC39256cec06,,False,
ACC11ab1a2429,,False,
ACC87c3ac5e72,,False,
ACC6dbf66738b,,False,
ACCbc025ba288,,False,
ACC668f94135a,,False,
ACC94ef94c810,,False,
ACC9392df4b45,,False,
ACC9a7857ed08,,False,
ACC9127105220,,False,
ACCc5d6a5dd5a,,False,
ACCa8963d2ea9,,False,
ACC9b52fc429b,,False,
ACCb408af84bd,,False,
ACCa9e63eed2d,,False,
ACC17d61ebbc2,,False,
ACC53c989781a,,False,
ACC7d3fb82929,,False,
ACCd39142094f,,False,
ACC58825679d1,,False,
ACC3edd3978bc,,False,
ACC54f6a848cf,,False,
ACC2bd88ab887,,False,
ACCedfd3424dc,,False,
ACC7e0660de9e,,False,COINC0032
ACC346574905a,,False,
ACC55ec4f0993,,False,
ACC4a2d77b5a5,,False,
ACCe582eb5efc,,False,
ACC599ce385d1,,False,
ACCbbc311292f,,False,
ACCc683b6465e,,False,
ACC3096c4a42d,,False,
ACCb9d9bf4cbc,,False,
ACCac68a8a0c0,,False,
ACCf89749e0f4,,False,
ACC5a222ba68c,,False,COINC0024
ACC002cefedc5,,False,
ACCa9480e6653,,False,
ACC6343de3948,,False,
ACC1f3b65f26c,,False,
ACC163c21f761,,False,
ACC60e6f82bd9,,False,
ACC42c5d559db,,False,
ACCc97f398886,,False,COINC0014
ACCc1f87b141c,,False,
ACCdebfa0857c,,False,
ACC6d9c1149b2,,False,COINC0049
ACC4d41ccb33d,,False,
ACCf90bbe2a3a,,False,
ACCbdaef308be,,False,
ACC25a247784d,,False,
ACC03ef43a2ea,,False,
ACCd73950411a,,False,
ACCa4dce412ab,,False,
ACC0d8c38cf19,,False,
ACCdd5378af79,,False,
ACC37e038d1e4,,False,
ACC40fb52f9ab,,False,
ACCc131c61e97,,False,
ACC924d632b61,,False,
ACCb25faf33b7,,False,
ACCc18eb8cee0,,False,
ACC8af8c2d25a,,False,
ACCb17298dc4a,,False,
ACC18d3807462,,False,
ACC5e5048e169,,False,
ACCd6291d8909,,False,
ACC5d0f84a9f8,,False,
ACC231502ec4c,,False,
ACCfd9a836580,,False,
ACC4ef5971e47,,False,
ACCfb72c413a9,,False,
ACC03fa1de742,,False,
ACC91adb9f138,,False,
ACCd4ca636a3e,,False,
ACCae57f1d46b,,False,
ACC66637a061f,,False,
ACCb04dc1c508,,False,
ACC37b735a6ac,,False,
ACC281af4c1e1,,False,
ACC5ef6a48044,,False,
ACCa9fcf8b2c0,,False,
ACC8d21f942b9,,False,
ACCfccf65ee95,,False,COINC0037
ACC933fe81b27,,False,
ACCcf4569e4ea,,False,
ACC7efd03a4e3,,False,
ACCb206113682,,False,
ACCac91b6817f,,False,
ACCc3aaa49c09,,False,
ACCc199a8698b,,False,
ACCe638c20af7,,False,
ACC27ad44d348,,False,
ACCd4551e4a40,,False,
ACCaba96782db,,False,
ACC4fd00ab3ee,,False,
ACCdfdd79b3e2,,False,
ACC91ee0cbbc5,,False,
ACC3de76c2ecb,,False,COINC0031
ACC7987b13c08,,False,
ACCc0d6fcc631,,False,
ACC88266f9e4c,,False,
ACCaf6e374aee,,False,
ACCc15954a194,,False,
ACCe39992318f,,False,COINC0041
ACCf5e5dd2846,,False,
ACC46381fe2e1,,False,
ACC325a688fbe,,False,
ACC7ab0c9ff6a,,False,
ACC2acba317fb,,False,
ACCfb051ec306,,False,
ACC88516a4ff9,,False,
ACC68df55268a,,False,
ACCcd7e05cf17,,False,
ACCea986f3136,,False,
ACC93cac88399,,False,
ACC414f7f7c31,,False,
ACC089148daee,,False,
ACC426bc06cc5,,False,
ACCf2fb9263de,,False,
ACC234e64ae30,,False,
ACCb57615b0a0,,False,
ACC3a93ba3d66,,False,
ACC83201b720e,,False,
ACCf2da578440,,False,
ACC7a67a456a1,,False,
ACCf672dfe728,,False,
ACC22063fe88e,,False,
ACCa638df3c7c,,False,
ACC0e354fdf55,,False,
ACC76f031eca7,,False,
ACC62ded8dfd9,,False,
ACC5dda40c87c,,False,
ACC933e5c11a3,,False,
ACC710d7fec47,,False,
ACC1dcb82b873,,False,
ACCf10000e93f,,False,
ACC002d0395b5,,False,
ACCbf7a8813fd,,False,
ACC06c0780cbe,,False,
ACCd92330f03a,,False,
ACC4701e7c470,,False,
ACC9641d3fba3,,False,
ACC6106df4800,,False,
ACC22e39b8116,,False,
ACC551267ab77,,False,
ACC35369106d9,,False,
ACCe6f94da115,,False,
ACCbc1da5f551,,False,
ACC5601ec1192,,False,
ACCdb85096344,,False,
ACCe160093981,,False,
ACCdbe18e8d53,,False,
ACC0dc777cb97,,False,
ACC9a7506d447,,False,
ACCbc124bbbb7,,False,
ACC21e993d307,,False,
ACC8bab039ef5,,False,
ACC775a3a0b1d,,False,
ACCceec81102d,,False,
ACC32eefed623,,False,
ACC79d874b815,,False,
ACCc7e25f59be,,False,
ACC81c484a1a3,,False,
ACC1dc2f8eff8,,False,
ACC6b20c1d630,,False,
ACC2b2aac74ae,,False,
ACC954adc3b6d,,False,
ACCad8297de9a,,False,
ACC77c399c940,,False,
ACC1a6937de15,,False,
ACCce84609a5e,,False,
ACCfff4d2c8c1,,False,
ACC2e379954d8,,False,
ACCea781e7568,,False,
ACCf6cc1787e9,,False,
ACC5cfd5de6b5,,False,
ACCc1ed3856b8,,False,
ACC732115ec6d,,False,
ACC9fb9386523,,False,
ACCe22941a289,,False,
ACCc0a4c07280,,False,
ACC002933b9e1,,False,
ACCd8102013f2,,False,
ACCa323add053,,False,
ACC6af12bdb0c,,False,
ACCe6c9de533c,,False,
ACCd0a0f568fc,,False,
ACCa36d6eec4b,,False,
ACC6561f1b711,,False,
ACCa7d0db84aa,,False,COINC0025
ACC4512973018,,False,
ACCf7b00634c0,,False,
ACC398803bd58,,False,
ACC41bf2def54,,False,
ACC1ab1f0c2eb,,False,
ACC32ff107565,,False,
ACC11e4ca3299,,False,
ACC929ea37677,,False,
ACC2a7a683cbe,,False,
ACC2ef351502d,,False,
ACCe1584cde22,,False,
ACC87036f048e,,False,COINC0047
ACC56dc653765,,False,
ACC7136e58a27,,False,
ACC5bded4979c,,False,
ACCb3aea875e7,,False,
ACCa4ed594673,,False,
ACC53f2a4cde2,,False,
ACC55ac218c44,,False,
ACC1343558685,,False,
ACCe9f80cd787,,False,
ACCf1258552fd,,False,
ACCb01103ebb2,,False,
ACC3aa85ba13a,,False,
ACC5ff857ed86,,False,
ACC6ad4e14ac7,,False,
ACCabc04cfff7,,False,
ACC3fb1509fc3,,False,
ACC2bec30779b,,False,
ACCf345b0753c,,False,
ACC4d39d0951f,,False,
ACCaeb2e6be00,,False,
ACCb181ef738c,,False,
ACCf29722761f,,False,
ACCe22e91d178,,False,
ACC1080013cf1,,False,
ACC2b1ce9a17d,,False,
ACC370072fb70,,False,COINC0029
ACC4cfb1b0d71,,False,
ACC2ae52e2c5f,,False,
ACC1cd93a1a44,,False,
ACCb7dca878df,,False,
ACC75a7168cda,,False,
ACCfbf8937f69,,False,
ACCd9462b6de8,,False,
ACCcb2ee6493f,,False,
ACCe77c61c0f1,,False,
ACC475666c839,,False,
ACC20a8c3160c,,False,
ACCa2d044e791,,False,
ACC1a14742ce3,,False,
ACC53208a7155,,False,
ACCed649416dd,,False,
ACCdd0bf00933,,False,
ACC304b15502a,,False,
ACCdfb8f49225,,False,
ACCf097095fa2,,False,
ACCfffcce05de,,False,
ACC1cd0b38fe9,,False,
ACC9ae18a34fe,,False,
ACC5770ac9ea5,,False,
ACC6a64d124fd,,False,
ACC406fc9998a,,False,
ACCc7bb8ee303,,False,
ACC587853f6ce,,False,
ACC1d12236e7a,,False,
ACCd33478cfcc,,False,
ACCa709f74360,,False,
ACCc80ddbb6c2,,False,
ACCf4fb939f64,,False,
ACCf277944a3a,,False,
ACC2c7c757927,,False,
ACCcabcb64396,,False,
ACCc01f22335d,,False,
ACC4511df6a45,,False,
ACC31a0b87220,,False,
ACCe3cc47deaf,,False,
ACCce77079799,,False,
ACCd9da8570e0,,False,
ACC545bf9e2b4,,False,
ACCd21330c1b6,,False,
ACC79a3e4fabc,,False,
ACCc13acf5b5a,,False,
ACCadf44fe160,,False,
ACC193682a412,,False,
ACCfca027219e,,False,
ACC4330d2c88d,,False,
ACC8077d4aeea,,False,
ACCe42abc9d4c,,False,
ACC6d75b04544,,False,
ACC2f0fa6ee3c,,False,
ACCa2e5058c21,,False,
ACCb5bd7173d0,,False,
ACC4fc16df906,,False,
ACC0f7a3b9f41,,False,
ACCf311155234,,False,
ACCabf1f6270a,,False,
ACC888884a3b7,,False,
ACCe43ecfc43a,,False,
ACCf4d3d3f3a8,,False,
ACCdcf37fb7f0,,False,
ACCe14066b9a7,,False,
ACCf14a8cfcd5,,False,
ACC4c376a2447,,False,
ACCe5b614655a,,False,
ACCc392f10088,,False,
ACC2971f9f6df,,False,
ACCa7c745008e,,False,
ACC0657a69bdb,,False,
ACC0a2dff2892,,False,
ACC5f6db6d6fa,,False,
ACCdd9e63f140,,False,
ACC1c87281fdf,,False,
ACC391d33fdbd,,False,
ACC18400fede3,,False,
ACC0871bb51e8,,False,
ACCbad7d03fd9,,False,
ACC3d1c8c1904,,False,
ACC6ee0bc668b,,False,
ACC3821aa4ca8,,False,
ACC565b4cb7df,,False,
ACCa6e0552571,,False,
ACCda37d99e6c,,False,
ACCf4ee0a3cc1,,False,
ACCf711796a66,,False,
ACC4938bdcf61,,False,
ACCf3f57ce169,,False,
ACC906dc48829,,False,
ACC6a5d792fd1,,False,
ACCf01bfde9a7,,False,
ACCa131125bd1,,False,
ACC23cc1e5d29,,False,
ACC2fb95506a6,,False,
ACC271d422607,,False,
ACC4285d450f0,,False,
ACC97ff9ad893,,False,
ACCcf90518312,,False,
ACC66b878b6a6,,False,
ACC7c6a6ad833,,False,
ACCfbe276b46d,,False,
ACC6c29a11d94,,False,
ACC15d7877e0c,,False,
ACCfd82c89d96,,False,
ACC2ce68d2975,,False,
ACC588f9ea0e3,,False,
ACC402a822773,,False,
ACC39b47ffe84,,False,
ACC1e0d2c695d,,False,
ACCaf757cb4b8,,False,
ACC3e2b322379,,False,
ACC134c5bc94a,,False,
ACC8c0c7524f5,,False,
ACCd0480c8393,,False,
ACC27a5f97ae4,,False,
ACCc0a1cb14c2,,False,
ACC4369963ab1,,False,
ACCfda1c86035,,False,
ACCc4b7bf5e53,,False,
ACCead76a9c54,,False,
ACCaf1defef45,,False,
ACC4a41090ed0,,False,
ACC826f6ad483,,False,
ACCe95c61e87b,,False,
ACC95cb39ffee,,False,
ACCd698250936,,False,
ACC8c68e69a38,,False,
ACC578cd96910,,False,
ACC00e55f048d,,False,
ACC9094ca7bf4,,False,
ACC11dcefde18,,False,
ACC9cb98f5dfa,,False,
ACC856b194c96,,False,
ACC767290390e,,False,
ACC42cdd8f655,,False,
ACC00397c3437,,False,
ACCe536a17444,,False,
ACCe0e00c5cf1,,False,
ACC7f4bc76a03,,False,
ACCf0e932c911,,False,
ACCc7d12d8813,,False,
ACC666b490635,,False,
ACC892ddd05b3,,False,
ACC9b9909de5d,,False,
ACC72cb9b5021,,False,
ACC8c57d540f2,,False,
ACC64aec26e9b,,False,
ACC335f745e1a,,False,
ACCcb8c4ec708,,False,
ACCe38444b3e0,,False,
ACCfa6b6c8eeb,,False,
ACCc5527ba8e7,,False,
ACC92e176e617,,False,
ACC5f847d01e5,,False,
ACC02b1fd78a0,,False,
ACCa6115e6b52,,False,
ACC394638d2f5,,False,
ACC99f3b7c40a,,False,
ACC555ed8d9e8,,False,
ACC48e0888909,,False,
ACCe23d13b709,,False,COINC0036
ACC8bebb334ff,,False,
ACC97515861f8,,False,
ACC7eb301801e,,False,
ACCcfc8fc2bf1,,False,
ACCfe7f0af293,,False,
ACCff915944b4,,False,
ACC1d5e1a8426,,False,
ACC874370d73f,,False,
ACC94038165e1,,False,
ACC22325c240d,,False,
ACCf1eaabd47f,,False,
ACCb3aa3cbec1,,False,
ACCf4a4e00fd2,,False,
ACCe2ce7e769c,,False,
ACC45a8c53208,,False,
ACC2a86d220ea,,False,
ACCfe3baecebf,,False,
ACCe9adcc9df4,,False,
ACC71156c05ec,,False,
ACC6c0555daa9,,False,
ACC4a02644f31,,False,
ACC429de3cd79,,False,
ACC303072d940,,False,
ACC6174e6a53c,,False,
ACCeb94dafcfc,,False,
ACCa620c66e46,,False,
ACCdf07ff0e2c,,False,
ACCe505f0be62,,False,
ACCbef54c51ee,,False,
ACCc67ba8b085,,False,
ACCebedce43b7,,False,
ACC03f3d8b2ea,,False,
ACC4a164864bc,,False,
ACCcc9c184a6e,,False,
ACCb25e4b7742,,False,
ACCf85ec33eea,,False,
ACCd8fdd20ef7,,False,
ACC93a6abf4c6,,False,
ACCd1012cef53,,False,
ACC052a0461c4,,False,
ACC49c0bcb21a,,False,
ACCd1e3a3e986,,False,
ACCaf0a694962,,False,
ACCe62128876a,,False,
ACCb0f1763a1f,,False,
ACC615b2bd2e8,,False,
ACCab4c3a8b5e,,False,
ACC7c587235ea,,False,
ACC1ef8e8fca1,,False,
ACCad4418c4e5,,False,
ACC67d66a7139,,False,
ACC8d96ae622e,,False,
ACC789bcd33ec,,False,
ACC352b334c66,,False,
ACC106c092638,,False,
ACC37881a557b,,False,
ACCc483c8c964,,False,
ACC844e7c5f04,,False,
ACC616f3f579f,,False,
ACC86f4679aa2,,False,
ACC9428bda760,,False,
ACC6288c56f4a,,False,
ACC2324e7c8a2,,False,
ACC0f030c0751,,False,
ACC829778da2f,,False,
ACCcaad61edb6,,False,
ACCa96d32596a,,False,
ACCe5c1deda39,,False,
ACC30a0f61ce9,,False,
ACC35dc3cdcba,,False,
ACC971d2bd8ec,,False,
ACCc9a8f1e287,,False,
ACC373aa6cc7d,,False,
ACCc884d19507,,False,
ACC7705d3f8c4,,False,
ACC8a023fb0e3,,False,
ACC6ffed09d58,,False,
ACC2e509c3ee6,,False,
ACCf588ef93e1,,False,
ACCafd291af1d,,False,
ACC7324fa5934,,False,
ACC8fea025311,,False,
ACC0b42a604de,,False,
ACC71fa384757,,False,
ACC9382cfa447,,False,
ACCd59bec737b,,False,
ACC5b82a61e29,,False,
ACC8d24f1b9a9,,False,
ACC89a7704a23,,False,
ACC2118313733,,False,
ACCcb23481467,,False,
ACC6360e2b80f,,False,
ACC293c2ffa37,,False,
ACC717fd7a7e3,,False,
ACC3e510a6e07,,False,
ACC6bb187f416,,False,
ACC9ffed0f323,,False,COINC0045
ACC3d0311f6e5,,False,
ACC903d6828da,,False,
ACC379e094dbb,,False,
ACC7c653f7d86,,False,
ACC22fdea7306,,False,
ACC0de8204ebf,,False,
ACC8a31368faf,,False,
ACC722c2ffec1,,False,
ACC4e0456ccec,,False,
ACC27368ce83f,,False,
ACCe64d8846c7,,False,
ACCa066c95cdd,,False,
ACC896436b055,,False,
ACCf7b7b60f14,,False,
ACC2aa00bff12,,False,
ACCe5717b2f5f,,False,
ACCae705c2be9,,False,
ACCad6019ffdc,,False,
ACCc886d81003,,False,
ACC506cebe7fe,,False,
ACCbe49d6a2c8,,False,
ACC58ab636781,,False,
ACC9afab7e056,,False,
ACC27a72db225,,False,
ACC09d2316aa6,,False,
ACCf04865c1a3,,False,
ACCa74866df96,,False,
ACCa8c4846ca0,,False,
ACCea8926d5e7,,False,
ACCce63f1d7bf,,False,
ACC15832e999e,,False,
ACCa63625fb14,,False,
ACC72ed39f091,,False,
ACC8ad79631bf,,False,
ACC56f7a23ae8,,False,
ACC2e1176cee0,,False,
ACC3a1f8817d7,,False,
ACC7b9ca07de2,,False,
ACCd9dece4f2d,,False,
ACCf9197c118e,,False,
ACC80c6c27613,,False,
ACC85ac8571af,,False,
ACC5c952c2583,,False,
ACCae1c2f610d,,False,
ACCcc8e97b792,,False,
ACC76a677b12a,,False,
ACC566283d61e,,False,
ACC6c237cfc32,,False,
ACC0d49cc4667,,False,
ACCbce1c53863,,False,
ACCa210db4256,,False,
ACC5aa25ea182,,False,
ACCf8b7197740,,False,
ACC1b95a6c627,,False,
ACC591fa09911,,False,
ACC7e0210fe6c,,False,
ACCe330b52df2,,False,
ACC5825f2604d,,False,
ACCec3a036ff1,,False,
ACC221fb3d236,,False,
ACC4c1e101217,,False,
ACC35eaaf9a68,,False,
ACC96144fb743,,False,
ACCba436f0c2b,,False,
ACC2b59664e17,,False,
ACC86a043d9bc,,False,
ACC3649b3c57d,,False,
ACCcb623ff4a5,,False,
ACC0291a82aba,,False,
ACC403c0a53e9,,False,
ACCb6a04c059e,,False,
ACCc49e0c0806,,False,
ACC62a356b572,,False,
ACCfc42c86d3c,,False,
ACCab9203df64,,False,
ACC588877474d,,False,
ACCfdc4370dcc,,False,
ACCdefeeb4647,,False,
ACC22c3879cdd,,False,
ACC829dcd15f2,,False,
ACC789a561026,,False,
ACCa4200c2b8f,,False,
ACCaa696dec96,,False,
ACC8b9cb1b219,,False,
ACC9ec204e8b1,,False,
ACCb9e7f5acaf,,False,
ACC2c436cd577,,False,
ACCfa6911e63c,,False,
ACCd42313177c,,False,
ACC7a7f1bf7b6,,False,
ACC83ddf3221e,,False,
ACC1878b2fb91,,False,
ACCcf5aa1a91a,,False,
ACCd43b5ba42e,,False,
ACCc0c83bb5e3,,False,
ACCdef6a026ba,,False,
ACC201f8cd59c,,False,
ACC4d57d9f5d8,,False,
ACC2449ed4b70,,False,
ACC742a261db2,,False,
ACC3b4981fc13,,False,
ACC57b5db42f8,,False,
ACCa74526cd5d,,False,
ACC0bd38d89c4,,False,
ACCb4207e2748,,False,
ACC83aaab0ab6,,False,COINC0027
ACC9f077572d7,,False,
ACCae174461ad,,False,
ACC4e8e8a7ff2,,False,
ACC3d297fdaf1,,False,
ACCb9da8c463d,,False,
ACC5e93e7130c,,False,
ACC5711b9c387,,False,
ACC76e2851a65,,False,
ACC4a3e5cd7f2,,False,
ACC5af73db382,,False,
ACC57ec38380b,,False,
ACC48dc3a1c06,,False,
ACCa310247ec9,,False,
ACC9c795ebabb,,False,
ACC4c3232d0e6,,False,COINC0007
ACCce42240c0b,,False,
ACC133bb2ec8e,,False,
ACC6d9aa64b62,,False,
ACC891f33e576,,False,
ACC8d2eacd0fc,,False,
ACC0c9cda844d,,False,
ACC84792391c5,,False,
ACCeca24625ea,,False,
ACC882da7caad,,False,
ACCdc005c59b1,,False,COINC0048
ACC2706164fc3,,False,
ACCbfbb58e206,,False,
ACC1ee3ab5e4d,,False,
ACCa449202c7c,,False,
ACC495b168177,,False,
ACC6a8c054db5,,False,
ACC1ed4ce93e8,,False,
ACC2450b658e3,,False,
ACCce6181c723,,False,
ACC3dc840462f,,False,
ACC4de76d329b,,False,
ACC3db91f1dfe,,False,
ACCafd1f68d13,,False,
ACC4bbb3d099f,,False,
ACC367d9c48fb,,False,
ACC53fa922dad,,False,
ACCbde1f438f6,,False,
ACC576edea4ee,,False,
ACC56bebc3bd0,,False,
ACC143e53f0a4,,False,
ACCeaf659a51a,,False,
ACC99e2a36a81,,False,
ACC1ac32d63f7,,False,
ACC4aeb3638ff,,False,
ACCd1486f462c,,False,
ACCc0c79376d0,,False,
ACC5d67c573d0,,False,
ACC9fe5aba018,,False,
ACCcb8c85350f,,False,
ACC8b7a59efb3,,False,
ACC0cb3cfe68d,,False,
ACC17f29c6132,,False,
ACCc21627f11d,,False,
ACCdb204757ce,,False,
ACCecc9a429de,,False,
ACC288f37a4ed,,False,
ACCb847081fc2,,False,
ACC538aa9d776,,False,
ACC03be25844f,,False,
ACCd5a4669d7e,,False,
ACCcaf8deafef,,False,
ACC1638ff8c16,,False,
ACCc3c1ec082b,,False,
ACC8fc18e30fa,,False,
ACC88c30a0e19,,False,
ACCf3dd5616a0,,False,
ACC02e9e79000,,False,
ACC9fdafd9493,,False,
ACCfc794c2853,,False,
ACCb2b9a14708,,False,
ACC11c0c0ce90,,False,
ACC8c447f4b83,,False,
ACC680cc48953,,False,
ACC99a70d8eb6,,False,
ACC0611092c5f,,False,
ACCb21837600f,,False,
ACCc9b9fd576d,,False,
ACCf64e75a25e,,False,
ACCc8228887b8,,False,
ACC18f26127a8,,False,
ACC0725db4752,,False,
ACCed03e90685,,False,
ACCc02c8c6e50,,False,
ACC228ce63e5c,,False,
ACC87c3179dd3,,False,
ACC8c42c2df6c,,False,
ACC7f0ebcd031,,False,
ACC9c18cf0894,,False,
ACC44e9ed968b,,False,
ACC60f1e58ae4,,False,
ACC6037276bbc,,False,
ACC77b953ceb3,,False,
ACC8141f9f374,,False,
ACCd313c5378e,,False,
ACC263ebb08c8,,False,
ACC450a8f79e8,,False,
ACC0d53fc76ce,,False,
ACCcf8001a7da,,False,
ACC816591b949,,False,
ACC0b8b98584b,,False,
ACC55289ae9d7,,False,
ACCa9eef88d9b,,False,
ACCe05286bd14,,False,
ACC35385c1fec,,False,
ACCab1a49937a,,False,
ACC1e5a40b18a,,False,
ACC29ccfadd2b,,False,
ACC7c3b545334,,False,
ACC8f65d25be5,,False,
ACCdbd9c9f76b,,False,
ACC19c59e969b,,False,
ACCf44ccea523,,False,
ACC092628a31c,,False,
ACCad8a48f007,,False,
ACCef385b8997,,False,
ACCe3eaf4c3f6,,False,
ACC0385fb0f75,,False,
ACC6f68d01048,,False,
ACCd7296076e7,,False,
ACCca7d13cd03,,False,
ACC2b44452d65,,False,
ACC71d708a316,,False,
ACCf2b6ac2610,,False,
ACCb2b81c3e89,,False,
ACC8f7297d029,,False,
ACC08ae5c18fa,,False,
ACC1fdb4fa552,,False,
ACC444e48fd66,,False,
ACC27bed1c3a2,,False,
ACC68e4da7283,,False,
ACC252a4e523a,,False,
ACCecb4d12452,,False,
ACC02e841ba31,,False,
ACCd5aa958765,,False,
ACCa3778585c8,,False,
ACCdc7dd26859,,False,
ACC8e2c9d57d8,,False,
ACCe962c20a9a,,False,
ACC91773def14,,False,
ACCa60b360d3a,,False,
ACC12101b06a7,,False,
ACC4ba348fb11,,False,
ACC570b7be2ad,,False,
ACC41e2df772e,,False,
ACC67c55655d5,,False,
ACC1365a70123,,False,
ACCa90baec3d4,,False,
ACC2b43bb5975,,False,COINC0008
ACCed28aaf62a,,False,
ACCa20349e6a5,,False,
ACC620033da1b,,False,
ACC9acb88e742,,False,COINC0001
ACCe1c39d68c2,,False,
ACCd929304c61,,False,
ACC8b9e58f5aa,,False,
ACCde7d3f51e5,,False,
ACC8964bd5df8,,False,
ACC370e9f7d87,,False,
ACC85c26a9e04,,False,
ACCb04bdbbd7e,,False,
ACCa62c94cbed,,False,
ACCcf7e056518,,False,
ACC7dce9ef6b5,,False,
ACC2b877aeb75,,False,
ACCf3138e8678,,False,
ACC7467f7a8ef,,False,
ACC3bb977ab33,,False,
ACC324e7960af,,False,
ACCe32b352a13,,False,
ACC799887920a,,False,
ACCfb502475fe,,False,
ACC015cb09c03,,False,
ACC52b2beb05a,,False,
ACCa58d234343,,False,
ACC89335843f7,,False,
ACC802cb3caf5,,False,
ACCff617ed692,,False,
ACCdfe7c3221a,,False,
ACC061f55f046,,False,
ACC3b796961dd,,False,
ACC454efb5e2b,,False,
ACC9e947b12d5,,False,
ACC5bc7a5d9b4,,False,
ACC35f91e9595,,False,
ACC1347e5a4eb,,False,
ACCc5a0d423ef,,False,
ACC96ceb3e471,,False,
ACC6b328dfb0d,,False,
ACC0ff7699bdc,,False,
ACCf10817290d,,False,
ACC6f62847b46,,False,
ACCa9c75f9543,,False,
ACC573244ce88,,False,
ACC1f338bcc3c,,False,
ACC5f6342834c,,False,
ACCe94f8dbdba,,False,
ACC01301040af,,False,
ACC5c607f59ca,,False,
ACC743ed68719,,False,
ACCc469b6735f,,False,
ACCe0b91d7ec8,,False,
ACCeb58f295a0,,False,
ACC48f43d075a,,False,
ACC6b19ccdb6a,,False,
ACC36eb2ef5b1,,False,
ACCc13e01c641,,False,
ACC61499c9a41,,False,
ACC95635e05b8,,False,
ACCed73b5a771,,False,
ACC9ae1ce3b64,,False,
ACC1156dc361d,,False,
ACC155273702c,,False,
ACC5dda0d25f6,,False,
ACC6bc9032e81,,False,
ACC286aeb645f,,False,
ACCa8f8800472,,False,
ACCc4d4eddca5,,False,
ACC182a433beb,,False,
ACCb928d31bc5,,False,COINC0016
ACCf54a2ed5ff,,False,
ACC7ff3a87bdf,,False,
ACCab322463e6,,False,
ACC9f8f51fb6e,,False,
ACC10c1f4104c,,False,COINC0047
ACCc9f9762b64,,False,
ACCa9824a2f8f,,False,
ACC852d3ddfab,,False,
ACCd681a5e8f1,,False,
ACCffd3660073,,False,
ACC344624a1ec,,False,
ACCeea3b46dca,,False,
ACC3e97f00483,,False,
ACCfae11762c0,,False,
ACCaf6f9a19b6,,False,
ACCec47604cd9,,False,
ACCd2d44a8e3e,,False,
ACC596802fcb2,,False,
ACCc1033922ec,,False,
ACCb63624ac0f,,False,
ACC25661cd0f3,,False,
ACCf1afe0f132,,False,
ACCdd56a26b9b,,False,
ACCc72cdc8828,,False,
ACCbdf1b8d511,,False,
ACCdb3a9bd8bc,,False,
ACCf208ee31a4,,False,
ACC004e5a98c6,,False,
ACC317fe45181,,False,
ACC9f430ac2b1,,False,
ACCda6492cf54,,False,
ACC0b541a4143,,False,
ACC329c8f4d0f,,False,
ACC923e8af4df,,False,
ACCee62e172dd,,False,
ACC1c97de419f,,False,
ACCb3e21d5baa,,False,
ACCa9773f5cbf,,False,
ACCec434e6dd1,,False,
ACC7c4742ce6d,,False,
ACC3c370d989c,,False,
ACC49ec7bdb81,,False,
ACCe1cf454136,,False,
ACCd2087cde57,,False,
ACC2767a988da,,False,
ACCef808a961d,,False,
ACC18c4310668,,False,
ACCaf346df38f,,False,
ACC02ea158578,,False,
ACCa4c10c6b1a,,False,
ACCafcdbb7862,,False,
ACC56d102427a,,False,
ACCc6f347ec34,,False,
ACC45d722609a,,False,
ACC6f1e9d8d79,,False,
ACCd58312d0f0,,False,
ACC5e1d54a4c6,,False,
ACCebbd2a21cc,,False,
ACCe22f7fbe0e,,False,
ACCc9d55ca79b,,False,
ACC25b661c003,,False,
ACCc4d1916a52,,False,
ACC756b302938,,False,
ACC821b3b2187,,False,
ACCc5991da04d,,False,
ACCbbef1c708f,,False,
ACC8f4ae7213d,,False,
ACC76ae6ab431,,False,
ACC1f5b8d9aa3,,False,
ACCcd814065ad,,False,
ACCea3962e59d,,False,
ACC11952a2b18,,False,
ACC1082168340,,False,
ACC5715b230af,,False,
ACC166a8a1d83,,False,
ACCbf17f9239e,,False,
ACCf5157d2878,,False,
ACCa0380e6630,,False,
ACC02d507f16d,,False,
ACCb3277c66bc,,False,
ACCfeb27f719a,,False,
ACC2eb9d82aed,,False,
ACC102914638a,,False,
ACC6884360f6e,,False,
ACC115324bafb,,False,
ACC5e53052abe,,False,
ACCc9032b7f08,,False,
ACCa281687ee5,,False,
ACCff372e9ae6,,False,
ACC9d465c00c8,,False,
ACC2aef2cbf36,,False,
ACC019983c38c,,False,
ACCdce2f6ee03,,False,
ACC0dc23da087,,False,
ACCc0ac06190c,,False,
ACCc202460945,,False,
ACC6dbd320099,,False,
ACC326af6cdd4,,False,
ACCa348e3eeb0,,False,
ACCa6efc9a598,,False,
ACCbf94979cd1,,False,
ACC88058330fc,,False,
ACC6a0080f061,,False,
ACC4aee829622,,False,
ACC38f44ee802,,False,
ACC0f9b6526ed,,False,
ACC62f0567521,,False,
ACC255887bfde,,False,
ACC87d7c53624,,False,
ACC7d30ebaff3,,False,
ACCdcee33e8a3,,False,
ACC3f3e21e70e,,False,
ACCbc8109622b,,False,
ACC899006a54b,,False,COINC0009
ACCf990f23d44,,False,
ACC65e160d6a6,,False,
ACCdbc2356516,,False,
ACCf85f31a171,,False,
ACC217bdd8a14,,False,
ACCeada8c3807,,False,
ACC5d33c61020,,False,
ACC110b1008ec,,False,
ACC4bdaf8cea5,,False,
ACC097f9e1ccd,,False,
ACC4446f6ed84,,False,
ACCda8a450096,,False,
ACC46458e9c20,,False,
ACC7a43625fe7,,False,
ACC8420efdea3,,False,
ACC9ddaf63fc1,,False,
ACCd4bb54f5d6,,False,
ACC4eddcc871a,,False,
ACC87e7ac7aa5,,False,
ACC710770316e,,False,
ACCb965739e2f,,False,
ACC87587746f8,,False,
ACC9899ac9703,,False,
ACCccbb69af03,,False,
ACC80ee583006,,False,
ACCe4fa32aaac,,False,COINC0015
ACC78cbda23e0,,False,
ACC909bfe9589,,False,
ACC54c1c0f71f,,False,
ACC28c6ee07c6,,False,
ACCa873e56a34,,False,
ACC99fc52101d,,False,
ACC0ef936ab31,,False,
ACC92b5ecae3f,,False,
ACC9696257a18,,False,
ACC6996fc8d94,,False,
ACC2c74882f0a,,False,
ACCbf7bb618cf,,False,
ACCba78e415fa,,False,
ACCce2ab89fe9,,False,
ACC6ff44fc314,,False,
ACC4e4b8218f9,,False,
ACC424555ba1c,,False,
ACCf532ece9a5,,False,
ACC08d584d8fc,,False,
ACC1fceb61f24,,False,
ACC5a876d5d6c,,False,
ACC49a3ce65a5,,False,
ACCe5004b33d6,,False,
ACC071d258b21,,False,
ACCadd587e88c,,False,
ACC1278ede122,,False,
ACC4c39f602f2,,False,
ACCd4835c153c,,False,
ACC4fce79228e,,False,
ACC32a82a3778,,False,
ACC8c67f7ebd0,,False,
ACC25f4a46113,,False,
ACCa102175d9b,,False,
ACC857daa889c,,False,
ACCf2f8c7dd99,,False,
ACC0bfcd0e2ef,,False,
ACCdffccca298,,False,
ACCb0c5e084e7,,False,
ACC6f9ba48c81,,False,
ACC89a972752f,,False,COINC0043
ACCbec22085dd,,False,
ACC320238a701,,False,COINC0000
ACC51994a1727,,False,
ACCe3946301d4,,False,
ACCf7a845ef37,,False,
ACC6ff950459c,,False,
ACC9fa08251a0,,False,
ACC2dfd77832d,,False,
ACC0ca735eddc,,False,
ACCaf9f1fdac8,,False,
ACC7e15a0d87a,,False,
ACCd7e72d7273,,False,
ACCc1c30f174a,,False,
ACC2d6d5ea11f,,False,
ACCba87991c79,,False,
ACC3e76985c2f,,False,
ACCdbfdbe0c96,,False,
ACC0b43b0b71d,,False,
ACCce1de3158f,,False,
ACC6cedff37d8,,False,
ACC856d32b6e7,,False,
ACCb1752af999,,False,
ACCa87c660921,,False,
ACC327a806fbf,,False,
ACCf94549eec6,,False,
ACCb67d310ab9,,False,
ACC50cab97108,,False,
ACCf6fdd62b03,,False,
ACC7d9e73b4f2,,False,
ACCc56c6ce2c7,,False,
ACC2d678371c2,,False,
ACC53e64303da,,False,
ACC28d86bba87,,False,
ACC28add7d002,,False,
ACCeb975433bd,,False,
ACC618b876d33,,False,
ACC23366a7979,,False,
ACC250b234148,,False,
ACCa3abb49ce6,,False,
ACCc87d6936b3,,False,
ACCe84e42aa4e,,False,
ACCa6f386c2d9,,False,
ACCc2b2d75337,,False,
ACC7b582e17c8,,False,
ACC92a671be4f,,False,
ACC135f62c79b,,False,
ACC716cbc5f44,,False,
ACCc7444ee759,,False,
ACC31707a8e7b,,False,
ACC4c4e0f20cf,,False,
ACCd2639eb8f8,,False,
ACC8f35dded5e,,False,
ACCb17f1d843e,,False,
ACCa525da75f1,,False,
ACC13194eef2c,,False,
ACCc48c058580,,False,
ACC0e429120b0,,False,
ACC2c290ca2ff,,False,
ACC113d6d616f,,False,
ACC3f37083b71,,False,
ACCa13058aac2,,False,
ACC3d38929eba,,False,
ACC9691f706fe,,False,
ACC3e3ae8839a,,False,
ACCe51988bf0e,,False,
ACC2ba5c264fe,,False,
ACCc3c618ad89,,False,
ACCe43b39cb94,,False,
ACC067a9eff84,,False,
ACCd97b8c7d38,,False,
ACC07c7618eb8,,False,
ACC9fe3ff38f5,,False,
ACCb4c0b17986,,False,
ACCfb7bd50c00,,False,
ACCf1ea845d0a,,False,
ACCc9726d66fd,,False,
ACC311980a113,,False,
ACC1bb100c750,,False,
ACCb98384b7c3,,False,
ACC7e45b64d54,,False,
ACCbe555a4611,,False,
ACCdcc7bbb1d8,,False,
ACC276ff97ac8,,False,
ACC99a09886a2,,False,
ACCfd802baaaa,,False,
ACC538a3d75ba,,False,
ACCfe7099ce92,,False,
ACCcdcae97196,,False,
ACC9a4bbb0217,,False,
ACC54f0189d0f,,False,
ACC3d7006e744,,False,
ACC3e0aab61fa,,False,
ACC5897fed690,,False,
ACC23041046b9,,False,
ACCaddc30666d,,False,
ACC5e92c73a5e,,False,
ACCbaf41241e1,,False,
ACC96dec912e0,,False,
ACCec265a7816,,False,
ACCf85274f8c9,,False,
ACCdefb7be28b,,False,
ACCb37aa14bab,,False,
ACC7743185a63,,False,
ACCc758f2801a,,False,
ACC433b51c4e1,,False,COINC0005
ACC16c17163e4,,False,
ACC278515ef6d,,False,
ACCc5acf523a4,,False,
ACC527d64fef4,,False,
ACCf2bc9d2c71,,False,
ACCef670e4e58,,False,
ACCeec11c0dbc,,False,
ACC5fba3e56db,,False,
ACC0f8e5ec67b,,False,
ACCa1b3c559c0,,False,
ACC07cdbf35c6,,False,
ACC0445fbb909,,False,
ACCa22ecdb584,,False,
ACC4be12730df,,False,
ACC6bc2d74264,,False,
ACC69b667482a,,False,
ACC97438afef4,,False,
ACC810dde28a1,,False,
ACCf72f8f07bf,,False,
ACCa3f5035ff1,,False,
ACCa493958145,,False,
ACC9c187be3a0,,False,
ACCefc5ddf9c8,,False,
ACC72322259f6,,False,
ACC6ab593a61b,,False,
ACCbc641e598d,,False,
ACCc4908ebe9d,,False,
ACC23d2ab316a,,False,
ACCd7128c0d75,,False,
ACC03fde829b7,,False,
ACC597fcdbb4f,,False,
ACC5bfa0d6021,,False,
ACCd76c5937fb,,False,
ACCd4974201c2,,False,
ACCa256ad6044,,False,
ACCeb9309e2d1,,False,
ACCfd16190144,,False,
ACC5a33cb54e2,,False,
ACCdb1697f06a,,False,
ACC537fe255a2,,False,
ACCfc43c0c402,,False,
ACC36ba6a9112,,False,
ACC2736992a26,,False,
ACC3765d2a8f0,,False,
ACCdabe0a85ab,,False,
ACC9c26084d06,,False,
ACC1afad9627b,,False,
ACC68719b7bc0,,False,
ACCcb276f47d3,,False,
ACCe472a71ab7,,False,
ACCb66e9935b4,,False,
ACC910fca4ccb,,False,
ACCc72aa32867,,False,
ACC75086bfaad,,False,
ACC215164c429,,False,
ACC2ca54ce500,,False,
ACCaf8a57dfdb,,False,
ACC4e2b716cbb,,False,
ACCf9d7594634,,False,
ACC6090092320,,False,
ACCa69bf13f87,,False,
ACC64e8c0483e,,False,
ACC281672425a,,False,
ACCccf41f0b57,,False,
ACC3a508e05fd,,False,
ACC7b118f378c,,False,
ACC5e62a90c64,,False,
ACC9304abbe87,,False,
ACC1a79c4294c,,False,
ACCeebbc22031,,False,
ACC34e9b1b5d5,,False,
ACC47d7fed8a1,,False,
ACC4f64f9220e,,False,
ACCbb73a7d1d1,,False,
ACC1d1ab9be07,,False,
ACC5f30fd7227,,False,
ACCed5f4917e6,,False,
ACCc6a4193338,,False,
ACC74f04aea97,,False,
ACC4d50ab155d,,False,
ACC9681b7ba7c,,False,
ACCa5a87a0d52,,False,
ACC33e6a02d02,,False,
ACC8759c6cbb0,,False,
ACC501f298d35,,False,
ACC193f402d12,,False,
ACC3b23c7d037,,False,
ACC309605cbbc,,False,
ACC8c5740360d,,False,
ACC77aba5b4d7,,False,
ACC6c8d91853b,,False,
ACC411eecbb3a,,False,
ACC5138304d70,,False,
ACC766418edd4,,False,
ACC8951e6dd49,,False,
ACC509e47a2e2,,False,COINC0008
ACC94f5b28f3c,,False,
ACC04ca5f78a8,,False,
ACC8a457d51da,,False,
ACCf6b7a537cb,,False,
ACC647020aa81,,False,
ACC4fc439e148,,False,
ACC5e21278a62,,False,
ACC7d5a78186f,,False,
ACC432cd14cbe,,False,
ACCd15be7dc33,,False,
ACCf1bb005f23,,False,
ACCac1b62c1e3,,False,
ACC3bac83c359,,False,
ACC316df0f31f,,False,
ACCba20b59c53,,False,
ACCa7fe0bc604,,False,
ACCedc26a113a,,False,
ACC78ff298118,,False,
ACC5589f522d0,,False,
ACC539d1dabd2,,False,
ACC72e5da154c,,False,
ACC5887d66aad,,False,
ACCc7b1f75af1,,False,
ACCc7f15330ac,,False,
ACC2234e785dc,,False,
ACC341fac918f,,False,
ACC56a38d4fa1,,False,
ACCf297049f66,,False,
ACC1b42122a65,,False,
ACC2cb47d5e07,,False,
ACC417a1e9fa3,,False,
ACC3b2454303a,,False,
ACC70e3e881c7,,False,
ACC584ec8a4ae,,False,
ACC74767bb022,,False,
ACCaa4594e75c,,False,
ACC1f78a35adc,,False,
ACC3c1b9ff19b,,False,
ACCc3d069e8dd,,False,
ACCf2aef0cee8,,False,
ACC70525b6545,,False,
ACC956c7feb57,,False,
ACCd888243afe,,False,
ACC5de8ec051e,,False,
ACCe7838a6c08,,False,
ACC6a48271449,,False,
ACCf1b67f1d2d,,False,
ACCdef4a01649,,False,
ACC9841a115fa,,False,
ACC58bd038848,,False,
ACC0673ef43f6,,False,COINC0021
ACC2b09b27dbf,,False,
ACCd76d341611,,False,
ACC7e9dd1a966,,False,
ACC8e21a7964f,,False,
ACC1456087eec,,False,
ACC0ccea2da84,,False,
ACCfa928d175a,,False,
ACC3e9d1f963c,,False,
ACC0d1e110c89,,False,
ACC6cd993c93a,,False,
ACC0354c8550e,,False,
ACC01fe035049,,False,
ACCf9f6909441,,False,
ACCab6144cfac,,False,
ACCc8eba4a41e,,False,
ACC06e2a9b5d0,,False,
ACCd457af138b,,False,
ACC6057de1192,,False,
ACC2570a61b23,,False,
ACC13cce0a6be,,False,
ACC588888721b,,False,
ACC8525fa1aff,,False,
ACC5b06836c71,,False,
ACCdbf3af75a5,,False,
ACCd1d6991417,,False,
ACC4a6441b0f4,,False,
ACC2652f07312,,False,
ACC8d9bee2c6e,,False,
ACC6e819396b0,,False,
ACC1a034a20c9,,False,
ACC202720f080,,False,
ACC57d02d8557,,False,
ACC6a49e0c069,,False,
ACCb498ab579d,,False,
ACCb18e1e9726,,False,
ACCace513cd82,,False,
ACC52dfc5a785,,False,
ACC9eb71cc48f,,False,
ACCedbc47cc63,,False,
ACC265ab52672,,False,
ACC4004fad87b,,False,
ACC346a4c06f6,,False,
ACC445ff0fa75,,False,
ACC908d47ea40,,False,
ACC365925c7ca,,False,
ACC723abba5e1,,False,
ACCeaef9fa5f9,,False,
ACCb8af818ce7,,False,
ACCa6f244fa0b,,False,COINC0039
ACC1b15609291,,False,
ACC7b25d301b5,,False,
ACC585be45d5e,,False,
ACCfa5ae233b9,,False,
ACCe673d2ef09,,False,
ACCa815993282,,False,
ACC23f6d96c5e,,False,
ACCf670f61f9d,,False,
ACCfea2655895,,False,
ACCe3f5756e20,,False,
ACCf139c301a0,,False,
ACC11035c3734,,False,
ACC8e0a44a380,,False,COINC0046
ACCa13f555bc9,,False,
ACC47e7fddd05,,False,
ACCe06f67e1d5,,False,
ACC38390fbe01,,False,
ACCebc7845460,,False,
ACC72ade0a341,,False,
ACC269364cab9,,False,
ACC783e79b9b6,,False,
ACCfbdcfc7b82,,False,
ACC267adac0fe,,False,
ACC8ad8f6cc1a,,False,COINC0043
ACCad7446ad58,,False,
ACC00ab969226,,False,
ACCdd22b2e56c,,False,
ACC9378b70ada,,False,
ACC77d44413e7,,False,
ACC696f4da4aa,,False,
ACC36b67ee9bc,,False,
ACCe95b4fa86b,,False,
ACC79131fa6d4,,False,
ACCba266ff86d,,False,
ACC3c8f937c87,,False,
ACCda83ba35d7,,False,
ACCb68235ea03,,False,
ACC5cdc2a17d4,,False,
ACC394990289d,,False,
ACCe692003d5a,,False,
ACC849b5b64a7,,False,
ACC682000b4be,,False,
ACCdfa13d7a13,,False,
ACCbd417c673f,,False,
ACC5bb568314d,,False,
ACC8ff51d5627,,False,
ACCdab8c7bfc5,,False,
ACC9d45b34ffc,,False,
ACC9137d86a6c,,False,
ACC614e4d478b,,False,
ACCde3c6485b5,,False,
ACC5d3da5cf35,,False,
ACC49358c70fd,,False,
ACCf6629f1b9f,,False,
ACC69434ff3c9,,False,
ACCd966ba8aa6,,False,
ACCf5a43af854,,False,
ACC7c5654ab15,,False,
ACC8f0c8ecd71,,False,
ACCe00260ee63,,False,
ACC8b3504738b,,False,
ACC857447804a,,False,
ACC99ec7c95a7,,False,
ACCc216fd1a35,,False,
ACCcf6142fd37,,False,
ACC4426d9bcb5,,False,
ACC8c3627274c,,False,
ACC1fc63986cd,,False,
ACCa5e5de6790,,False,
ACCc4ec35b9b8,,False,
ACCd33cf1ba1b,,False,
ACC65a4d9cb4d,,False,
ACCa20a228b96,,False,
ACC126b01b422,,False,
ACCc4172639c3,,False,
ACC3a1c490d47,,False,
ACCcf727a6315,,False,
ACC15f0bccb68,,False,
ACC7f8dd85216,,False,
ACCf3d2066f8c,,False,COINC0002
ACC3737ba9382,,False,COINC0013
ACCd07698ce59,,False,
ACCadfc60fbe4,,False,
ACC3ca0ad4bf5,,False,
ACC5002c319d2,,False,
ACC6912496459,,False,
ACCf75c733be5,,False,
ACCecb18b23d1,,False,
ACC06e666d22b,,False,
ACC5a0d1cee83,,False,
ACC0947b6cb15,,False,
ACC576ae6de5f,,False,
ACC98e3e05eff,,False,
ACC39a1841ee1,,False,
ACC4dae8db196,,False,
ACCa68bf536ef,,False,
ACC3a5b426027,,False,COINC0012
ACC5c1ae12f9f,,False,
ACCc325bada6e,,False,
ACCe648db740a,,False,
ACC6f34cfb3a1,,False,
ACC12e6b7c971,,False,
ACC05e27f3440,,False,
ACC8853839227,,False,
ACCa8540e8408,,False,
ACC0dbc02877e,,False,
ACC0abef04c6f,,False,
ACC616b05c8a2,,False,
ACCb10a963558,,False,
ACC349fba67d9,,False,
ACC86ce2f7555,,False,
ACC916488b86d,,False,
ACCb07e20359a,,False,
ACC87bf436b8e,,False,
ACC22b86c7b30,,False,
ACCc2df2d3189,,False,
ACC62a33932d3,,False,
ACCe5e5fce560,,False,
ACC6a5067959c,,False,
ACC68d29298a7,,False,
ACC56a3a40ca6,,False,
ACC1a65a999d5,,False,
ACCd4f03a17a5,,False,
ACCa174a3921f,,False,
ACC55f0394b42,,False,
ACC69e54ce7c5,,False,
ACC6496d21a24,,False,
ACC33d3306a6a,,False,
ACC9072adf4f7,,False,
ACCb70a5bf811,,False,
ACC277a0cf8fd,,False,
ACC914fbb06de,,False,
ACC5b02d9e6af,,False,
ACCcc0dcaa172,,False,
ACCaecf9dddc6,,False,
ACC23394dbcd2,,False,
ACCf49b796c12,,False,
ACCe13de000f0,,False,
ACCca09092644,,False,
ACCa92600f242,,False,
ACC0c117b5aa3,,False,
ACCed805ec61d,,False,
ACC4e52f48aa4,,False,
ACCd350a4c1f8,,False,
ACC0432881e83,,False,
ACC12c3040f13,,False,
ACCa2ca27216c,,False,
ACC517263c67e,,False,
ACCdfd63fb6a4,,False,
ACC8a73e5325f,,False,COINC0030
ACC6fb19b55d0,,False,
ACC821f9005c3,,False,
ACC509e699d5b,,False,
ACC74eaddf527,,False,
ACCcee4fe2600,,False,
ACCf518d38304,,False,
ACCf662ff92f5,,False,
ACCfa84de691c,,False,
ACCf4aeaacbfc,,False,COINC0026
ACC93b89643b7,,False,
ACC9606856978,,False,
ACC4278dc218b,,False,
ACCa03bd97a08,,False,
ACCba32ddf1bc,,False,
ACC1a2e6bd075,,False,
ACC253175344d,,False,
ACCacd4b55111,,False,
ACC19b41823b4,,False,
ACC73daf17c81,,False,
ACC57ae3d4ada,,False,
ACC247c180bec,,False,
ACCb111125663,,False,
ACC75271b2f4e,,False,
ACC81b911f797,,False,
ACCfb36d65558,,False,
ACCe723734235,,False,
ACCacead8f7e8,,False,
ACC3d1ec7bfa6,,False,
ACC9bb557c372,,False,
ACCc39734033c,,False,
ACC8cb08cdc6e,,False,
ACCbda6c43364,,False,
ACC2ac45e3ccb,,False,
ACC1f9fd06f67,,False,
ACC2de7d76074,,False,
ACC2dd941fe67,,False,
ACC9af1038b20,,False,
ACC85208d565a,,False,
ACCf3a48c1b73,,False,
ACC533f4ee133,,False,
ACCd4aa10b13b,,False,
ACC662906c6b6,,False,
ACC6583117c50,,False,
ACCe007ff89c4,,False,
ACC91d733d83a,,False,
ACC378a8ee58e,,False,
ACC2580378b60,,False,
ACC821f9da0a0,,False,
ACC4dbe1f68ff,,False,
ACC26e7e870c7,,False,
ACC4571502ed1,,False,
ACCc22ed55b16,,False,
ACCf4d76a0413,,False,
ACC5bf02d3435,,False,
ACCe4d71c8cd8,,False,
ACC9c7cd7d469,,False,
ACCeb9f2654c1,,False,
ACC1a445d98a8,,False,
ACCc993338de6,,False,
ACCe1bdb9e69a,,False,
ACC5d2590cd73,,False,
ACCdc81fb54b7,,False,
ACC61aa76ca6c,,False,
ACCf1fd5507f1,,False,
ACC158a7da6e4,,False,
ACC1e3b31c970,,False,
ACC532aaa8b27,,False,
ACCd80702dad4,,False,
ACC993fabaabb,,False,
ACC6d3adfec3e,,False,
ACC9cb057a982,,False,
ACC1d6b74917c,,False,
ACCa744015027,,False,
ACC01b40cfee1,,False,
ACCa2c75c1e6d,,False,
ACC0c8801f6f5,,False,
ACC656d1fee2e,,False,
ACCffefef4421,,False,
ACCac10f7c807,,False,
ACCcbac239bf2,,False,
ACC3fa51576f9,,False,
ACCf3820af8b3,,False,
ACC537b09e997,,False,
ACC9d79bff506,,False,
ACC282e98f3fc,,False,
ACCaef19d337c,,False,
ACCaceb44499a,,False,
ACC4cd14fbc60,,False,
ACC5bad0c126a,,False,
ACCa0c3370bb6,,False,
ACC7deaa3187b,,False,
ACCba9c8589d8,,False,
ACCe4c85046a1,,False,
ACCbeb127127a,,False,
ACCf22171b923,,False,
ACCf9f64530d1,,False,
ACC1cee2a70ba,,False,
ACC1e127aaee5,,False,
ACC45da1c1489,,False,
ACC662243c6bd,,False,
ACC33009b458f,,False,
ACCb2d4c94ee2,,False,
ACC82155db103,,False,
ACC911398f548,,False,
ACCcb481d1802,,False,
ACCc19ccc339b,,False,
ACCb3df9d695d,,False,
ACC54dd9755f4,,False,
ACCbe449dfd52,,False,
ACCbc1a68f63e,,False,
ACCfd5b762584,,False,
ACC541786429a,,False,
ACCc3bab394a0,,False,
ACCa7c82e5393,,False,
ACCcde5e1cce7,,False,
ACC6e30eadff5,,False,
ACC24902cbac4,,False,
ACCecc2f77678,,False,
ACCbae992ca46,,False,
ACCc3759ec316,,False,
ACC93b33702f0,,False,
ACCd65c50258e,,False,
ACC6a1ba338da,,False,
ACC01b4d2f860,,False,
ACCfd083c6146,,False,
ACCf71e298981,,False,
ACCe0cc320454,,False,
ACC5c8981e0c8,,False,
ACCb82b0b86c0,,False,COINC0020
ACC998053789f,,False,
ACCadb8317bfa,,False,
ACC95cac4bb69,,False,
ACC229fda38f0,,False,
ACC3a2484719f,,False,
ACC36a064f4df,,False,
ACCf369fb554b,,False,
ACC92d7501a54,,False,
ACC38368948c3,,False,
ACCaceb079b78,,False,
ACC4914ae743b,,False,
ACC7e692275cd,,False,
ACC3daa0c20ef,,False,
ACCdbb3152399,,False,
ACC729e221f04,,False,
ACC468c4c220c,,False,
ACC1b6038a117,,False,
ACC0c412a4cb1,,False,
ACC2c782b9326,,False,
ACC92608a33c9,,False,
ACC0448c04ee3,,False,
ACCa401c75fc7,,False,
ACCdba18327d0,,False,
ACCd003aa4c2a,,False,
ACC515452a535,,False,
ACC5b77498a94,,False,
ACC61ccd526ab,,False,
ACC49fd942f6a,,False,
ACC04cc03e435,,False,
ACC33636589be,,False,
ACCb8b371ae9f,,False,
ACC3d4f033db7,,False,
ACC11d53e0cd5,,False,
ACCf24119b298,,False,
ACC1322feae92,,False,
ACCe9993f5ec0,,False,
ACCce906dc2ab,,False,
ACC65e1ec7e32,,False,
ACCcbfd759841,,False,
ACC67557a6bad,,False,
ACC368d68afa1,,False,
ACCb7d0f0ef7c,,False,
ACC98c3aab81d,,False,
ACC2b1707c8fa,,False,COINC0041
ACCb37afc36c9,,False,
ACC3f0c1829dd,,False,
ACC1c01e9b691,,False,
ACCf12c6c9a0b,,False,
ACC14a036e474,,False,
ACC899951db51,,False,
ACC97c9b3e365,,False,
ACC4ffe102451,,False,
ACC7060b40264,,False,
ACC4284f01fb5,,False,
ACCb780b1c72f,,False,
ACC9cb3835756,,False,
ACCa8122d5ec3,,False,
ACC5000140b0c,,False,
ACC9214e8058d,,False,
ACCfefe039e10,,False,
ACC2974397d59,,False,
ACC824356ec59,,False,
ACCa4fd9152f5,,False,
ACC46d6ca2c58,,False,
ACCccaf38386e,,False,
ACC21ded604ef,,False,
ACC4576320707,,False,
ACC52dfa642eb,,False,
ACC995cb2b172,,False,
ACCcef88a757a,,False,
ACC673a22dca5,,False,
ACC6b84077962,,False,
ACC7b8af4294f,,False,
ACC67d751e93a,,False,
ACCf6a583edc2,,False,
ACC84ee0cc204,,False,
ACCd15ece696d,,False,
ACC38b94ff924,,False,
ACCd3a3c299c8,,False,
ACC64e75d4aff,,False,
ACC23fc8a8f72,,False,
ACC6394eaaa88,,False,
ACC2d49021759,,False,
ACCfdf71a7e1a,,False,
ACC0857382df0,,False,
ACC1eaab6b350,,False,
ACC1eb6be479d,,False,
ACC285de3b7ec,,False,
ACCd00bcbaa3a,,False,
ACC81f3ed7170,,False,
ACC927fcc60aa,,False,
ACCc38a3202fb,,False,
ACCb95f8e51ce,,False,
ACCc1d5a42a50,,False,
ACCa991c1d5f7,,False,
ACC0e79f478b8,,False,
ACC0900239c03,,False,
ACC51f94f430b,,False,
ACC6b894b6c19,,False,
ACCffe660c366,,False,
ACC4b5797517c,,False,
ACC08f525c000,,False,
ACCeed3764a14,,False,
ACC45dfddc406,,False,
ACC4203a907c8,,False,
ACC60c4fb98eb,,False,
ACCb70576ad61,,False,
ACC4ace59b990,,False,
ACC9baa3a959a,,False,
ACC115efd7bb6,,False,
ACCe7e480a220,,False,
ACC5dcf818e92,,False,
ACC62b6930c02,,False,
ACC0c218896e1,,False,
ACC2dcac5ed9a,,False,
ACCb551b22670,,False,
ACCf2f06d2f51,,False,COINC0008
ACCc217110b3b,,False,
ACC0f97bdb373,,False,
ACC5fa3cd9add,,False,
ACC9147e40e37,,False,
ACC938603a460,,False,
ACCc4f46fb7ba,,False,
ACCb1dea7423a,,False,
ACCfc7d657b4c,,False,
ACC55abbbca34,,False,
ACC7f21cbd644,,False,
ACC16d58be857,,False,
ACC9fe51d8a1d,,False,
ACCab55c3aa1a,,False,
ACCc9bb0280de,,False,
ACC1b5c7503d7,,False,
ACC6b43b3303e,,False,
ACCae7eb95d92,,False,COINC0045
ACCf822f02c48,,False,
ACC3ff84d56f7,,False,
ACCacf8693082,,False,
ACC574a8d1fdd,,False,
ACC990d827ae8,,False,COINC0013
ACC4dd8cf3191,,False,
ACC9c61f2b0fb,,False,
ACCe29b653d1a,,False,
ACC1f827b63bf,,False,
ACCbedc8e5bae,,False,
ACC76d0267144,,False,
ACCab3e88bcec,,False,
ACC14d652e4ab,,False,
ACCd6c93a81ab,,False,
ACCc09604b33a,,False,
ACC56af6a68ce,,False,
ACCe3a066b61d,,False,COINC0010
ACC0fa839360f,,False,
ACCb6a9eee0c9,,False,
ACCca0a16598e,,False,
ACCbbdcc63674,,False,
ACCa1464af452,,False,COINC0028
ACC9a166a3b33,,False,
ACCd90c8fa26c,,False,
ACCd41d6df2cd,,False,
ACC3fba080102,,False,
ACC1d787bf1b9,,False,
ACC70e0a18487,,False,
ACC32790ddbe7,,False,
ACCa9ce89428e,,False,
ACCd89744a47c,,False,
ACCb5f8e269b1,,False,
ACC76f73219d2,,False,
ACCdf9a757e70,,False,
ACC0177255ff3,,False,
ACCfdd045054a,,False,
ACC272d07b831,,False,
ACC01364bada2,,False,
ACC5a4dfc660f,,False,
ACCf474a2d913,,False,COINC0010
ACC72834a69f2,,False,
ACCfc0825f50f,,False,
ACC6492c162a5,,False,
ACC2e85d1e304,,False,
ACCfad93ea52a,,False,
ACC74da59da8e,,False,
ACCba4e49ec78,,False,
ACCb1d36cbb2d,,False,
ACC620b9d709f,,False,
ACCa9294506da,,False,
ACC39e48aa6f2,,False,
ACC18a6e6a835,,False,
ACC076e925b9b,,False,
ACC0b244594fa,,False,
ACC539e5724db,,False,
ACCc48412a0d5,,False,
ACC68d2587e4f,,False,
ACC8ba3bb2324,,False,
ACCa0d770c016,,False,
ACC2a2fc751c3,,False,
ACC1b69a8b3d7,,False,
ACCe77fc9c251,,False,
ACC2f428f5907,,False,
ACCdc09d72a5f,,False,COINC0026
ACC90b4183b37,,False,
ACC6ae65a3b5f,,False,
ACCb55da6e086,,False,
ACCd8965ae5ad,,False,
ACCf1eff69c8a,,False,
ACC5964ff99df,,False,
ACC1c61ce4aca,,False,
ACC3d9ec2282a,,False,
ACC1ee3dd08dc,,False,
ACCa6d3edccde,,False,
ACC018e26b0c5,,False,
ACC23b4f6022f,,False,
ACC5856b5b07a,,False,
ACC136dc6088a,,False,
ACCa271ab5851,,False,
ACCc3b73f699c,,False,
ACC241f75bcc7,,False,
ACC69be53f881,,False,
ACC1c74df8dc3,,False,
ACC69d7ebca58,,False,
ACC60f864f480,,False,
ACC65351a07c8,,False,
ACC4a7a0a12f2,,False,
ACCb097a19c61,,False,
ACCd6802ce346,,False,
ACC0ffdde9631,,False,
ACC8b96225dbc,,False,
ACC2c8f10d855,,False,
ACC64b24d7d4c,,False,
ACC9dfe39d787,,False,
ACCfb8c81e379,,False,
ACCd4b3b8fd78,,False,
ACC68ef5e2b4a,,False,
ACC146cdad6a7,,False,
ACCbbafc00582,,False,
ACC3a6d6e131d,,False,
ACCfce9f8e26f,,False,
ACC231322f8cc,,False,
ACC8c22c71a20,,False,
ACCc10d25be3c,,False,
ACCabf8df2dfc,,False,
ACC7adce06ad2,,False,
ACCa59a89b125,,False,
ACC3a193ddbe4,,False,
ACCead453b796,,False,
ACCe26307d2a5,,False,
ACCf0ddde2f49,,False,
ACCac4fa3a300,,False,
ACC0abda8097c,,False,
ACC6e577b71c4,,False,
ACC4f9343fe25,,False,
ACC36b9be06e6,,False,
ACCa3fb248599,,False,
ACC5195c81ef7,,False,
ACC1f84e30715,,False,
ACC607e49dff7,,False,
ACC66735329cb,,False,
ACC8058309596,,False,
ACC7ab0d91fe3,,False,
ACC2212c28a5c,,False,
ACCe85ad85c40,,False,
ACC1418ed39e4,,False,
ACC5f9d063773,,False,
ACCf757c74a3c,,False,
ACCefc0c92bef,,False,
ACCda0f51c155,,False,
ACCeb07ec81d3,,False,
ACC971f13eff2,,False,
ACC8211630df9,,False,
ACC76ff989e98,,False,
ACC4f618d0658,,False,
ACC22b09afcb6,,False,
ACCbb206e5781,,False,
ACC009ab168a0,,False,
ACC902d2083e3,,False,
ACCa7fa412fa0,,False,
ACCdf590c21b5,,False,
ACC3f13e832f8,,False,
ACC7a3cfe1c59,,False,
ACCe8ae5c6385,,False,
ACC073ef94ec4,,False,
ACC47742bbc49,,False,
ACC3550e87a2a,,False,
ACC501f79a2ff,,False,
ACC7c9c2a3bdf,,False,
ACC8eba284c5a,,False,
ACCf4cddb268c,,False,
ACC3d4951baf9,,False,
ACC091bb73086,,False,
ACC91169b11da,,False,
ACC2efce86d5c,,False,
ACCf0bd369da0,,False,
ACC256b38f549,,False,
ACCfd0a085d65,,False,
ACC24b3c7eecb,,False,
ACC99b7542c8f,,False,
ACC2922d5e7a7,,False,COINC0011
ACC2766d85dbd,,False,
ACC5f462bff17,,False,
ACCd5d0e75f30,,False,
ACCa4ebbff84c,,False,
ACC5ab04808ea,,False,
ACC1b0d3e31f1,,False,
ACCf4bac80193,,False,
ACC08ca658253,,False,
ACCe47ef820c9,,False,
ACCd2bbe4a840,,False,
ACC0a8608bd74,,False,
ACCfafb53e180,,False,
ACCf3e27f490e,,False,
ACC6f36d6837a,,False,
ACC7845511d6e,,False,
ACC2c084ff4dd,,False,COINC0014
ACC0cb917a3e6,,False,
ACC1a5bab6864,,False,
ACC6938a87741,,False,
ACC0215fe471d,,False,
ACC32c0fd6774,,False,
ACCd0dfba6015,,False,
ACCa2dbbd73d8,,False,
ACC5c9ba8cabc,,False,
ACC966bab5a97,,False,
ACC5078c226b6,,False,
ACC7bf6fa5db5,,False,
ACC656c9b7b96,,False,
ACCadaeab1ce6,,False,
ACC8ce19c00c1,,False,
ACC763727b435,,False,
ACC6653aafd2b,,False,
ACC25a71267d5,,False,
ACC8ce54dd667,,False,
ACC5015279069,,False,
ACC8c488f59d7,,False,
ACC0ec5d146cc,,False,
ACC515aeffde4,,False,
ACC61400928cb,,False,
ACC024230167a,,False,COINC0033
ACC837764283d,,False,
ACC12aa52d8cb,,False,
ACC5cb1bf0fe3,,False,
ACCc186229ddb,,False,
ACCc2107f9561,,False,
ACCef2a17b80e,,False,
ACC9ed7f63683,,False,COINC0029
ACC45042faf43,,False,COINC0027
ACCcbda68a17f,,False,
ACC6a185f1916,,False,
ACCa26751dc46,,False,
ACC1952079190,,False,
ACCd4817b220a,,False,
ACC0bc2e674ed,,False,
ACC65da005fab,,False,
ACC5d74dd862b,,False,
ACCcd45f65945,,False,
ACC0131e1b6a1,,False,
ACC49f4b4b282,,False,COINC0032
ACC3182b9f2be,,False,
ACC59d2245ce8,,False,
ACC5242d0a5d3,,False,
ACC7ae768b347,,False,
ACC3f45cdf02a,,False,
ACC39aefb6aa9,,False,
ACC32677d8727,,False,
ACCe436662b06,,False,
ACC51e8d1be36,,False,
ACCea52441227,,False,
ACCd53014b3ae,,False,
ACC355941722a,,False,
ACC09b843a36d,,False,
ACC758221e042,,False,
ACC1f1c174e70,,False,
ACCd85d795a70,,False,
ACCe35d9f8dd1,,False,
ACCc7cdb0f479,,False,
ACCf72b321ba6,,False,
ACCa0d8d77045,,False,
ACC9167a1e59a,,False,
ACC2d5974c7eb,,False,
ACCe33a1e20c8,,False,
ACC6768b23434,,False,
ACC62a870fd2d,,False,
ACCb648f699df,,False,
ACC373dd42bce,,False,
ACC03cc999ec1,,False,
ACCdd30cd5a01,,False,
ACCa8b50e83cc,,False,
ACC67b1a65669,,False,
ACCc4c914b4ca,,False,
ACCc78024f7b9,,False,
ACC161433666c,,False,
ACC1d39172d14,,False,
ACCd2aadbbda4,,False,
ACC58346baee3,,False,
ACCc3ff6f189b,,False,
ACCa7e10a5055,,False,
ACC5b651919b5,,False,
ACC4d5408a226,,False,
ACC1a9fd54948,,False,
ACCd53306501d,,False,
ACC85a31318d5,,False,
ACCbc639bcdac,,False,
ACC24793c3a67,,False,
ACCf4e7eacd0f,,False,
ACCb85ffe6910,,False,
ACCa12d3517b4,,False,
ACC09ad9c5b55,,False,
ACCa1b34eeef7,,False,
ACC28d2f3f9d7,,False,
ACC12b89adff5,,False,
ACC01f6127cdd,,False,
ACCc70b9ab1b3,,False,
ACC91de5b22b8,,False,
ACCafb0558276,,False,
ACCde5d9fb612,,False,
ACC931a9352fe,,False,
ACC696741f9c2,,False,
ACC45995ec445,,False,
ACCb169cfd48e,,False,
ACC91cbcdcc26,,False,
ACCd4e32abe98,,False,
ACC84f9296ca0,,False,
ACCf2c9c5b63f,,False,
ACCacaacf2c6a,,False,
ACCa9fd041aac,,False,
ACC12d411b788,,False,
ACC606344d0f2,,False,
ACC4d71db5ef1,,False,
ACC1983914e58,,False,
ACC04f4404ac0,,False,
ACC52ff44d289,,False,
ACC680f4de843,,False,
ACC7a9f6ca3d8,,False,
ACC2379b96371,,False,
ACC8d14ed8c79,,False,
ACC6a89c2a4fc,,False,
ACC820d263768,,False,
ACC86f04a3c1a,,False,
ACC06d437dc62,,False,
ACC798f5f1461,,False,
ACCc9641501e7,,False,
ACC26730e03ae,,False,
ACC18195d4c63,,False,
ACC4b7b189782,,False,
ACCb687e8cc96,,False,
ACCf22161c198,,False,
ACC3c9d59e02b,,False,
ACC35bb1b8a23,,False,
ACCafc57bb14c,,False,
ACC7a74b10928,,False,
ACC69063642a2,,False,
ACC2f2f936c97,,False,
ACCbf61c82ff5,,False,
ACC30a655637e,,False,COINC0006
ACC45f17702d8,,False,
ACC153c869079,,False,
ACC734e821a5e,,False,
ACC88428bc96a,,False,COINC0038
ACCcad64d8af6,,False,
ACCc6d7ee9918,,False,
ACCe207e9015a,,False,
ACCf936b583eb,,False,
ACCf98b70caf0,,False,
ACC12e025f119,,False,
ACC208452c7a1,,False,
ACC41bd2b43d1,,False,
ACCc2276c6b5e,,False,
ACC57760fdc7e,,False,COINC0036
ACC9ea7035e01,,False,COINC0037
ACC7473befeb7,,False,
ACC74fe5655e0,,False,
ACC14a62bae2f,,False,
ACC84569f39fb,,False,
ACC4ca5389aa7,,False,
ACC8db79e4882,,False,
ACC5a1dbfedeb,,False,
ACCe9f55bf7ee,,False,
ACC66d3684add,,False,
ACCd90497e3cd,,False,
ACC9666c6c633,,False,
ACC46dcc95aaa,,False,
ACCe0ea98f541,,False,
ACCafa432c629,,False,
ACCea138766b3,,False,
ACC788061538e,,False,
ACC919637103c,,False,
ACC00d0ece8e7,,False,
ACC790c6f75ee,,False,
ACC91cac1c492,,False,
ACC6988286dbc,,False,
ACCb999f6e280,,False,
ACC7aa2bb1dfa,,False,
ACC26a0c525a8,,False,
ACC4fc03add8d,,False,
ACCd259f80115,,False,
ACCb60a0706fa,,False,
ACCf656544d41,,False,
ACCea6393e6a2,,False,
ACC7ba8b9e0e9,,False,
ACC841a37fb13,,False,
ACCe628f2bc49,,False,
ACCa0086c88d1,,False,
ACC74c60d2f87,,False,
ACC6718a1057b,,False,
ACC095acd8b82,,False,
ACC3fa79ec587,,False,
ACCb1f3563c8d,,False,
ACCd41e207a70,,False,
ACC18c69d8753,,False,
ACC44ea5cd657,,False,
ACC128713444f,,False,
ACC818e46e4ff,,False,
ACCee48c29a16,,False,
ACCdfb9a5800d,,False,
ACC845c16e5e3,,False,
ACCf7a0103220,,False,
ACC1353f4b21a,,False,
ACCb416181ab3,,False,
ACCf022d65059,,False,
ACCcf811e724e,,False,
ACC30471b1d43,,False,COINC0041
ACCc86562cb30,,False,
ACCfadd1161ca,,False,
ACC60e2b9bcea,,False,
ACCd0b5ce00dd,,False,
ACCa28cb9c428,,False,
ACC21763b55b8,,False,
ACC679e825034,,False,
ACC1e48fdd148,,False,
ACC1219584d03,,False,
ACCf3d2611723,,False,
ACCb2489039d5,,False,
ACC94fe6e2817,,False,
ACC2eb080e312,,False,
ACC9194ddc8a5,,False,
ACC2efa9620fb,,False,
ACC8d8d7a65c1,,False,
ACCdcbcc04f3b,,False,
ACCe86a234bec,,False,
ACCf67797ef1b,,False,
ACC91a5274c01,,False,
ACC6298a93637,,False,
ACCe7ca5c899b,,False,
ACCf9220b6fa8,,False,
ACC4151e5c3f0,,False,
ACC01be9bc6b6,,False,
ACC9c816dfcef,,False,
ACC350d4f9b58,,False,
ACCa722ad8e8f,,False,
ACC2eadfcf47e,,False,
ACCf741d9b034,,False,
ACC6ada80db4c,,False,
ACCa56f42a08c,,False,
ACC8faa0d4268,,False,
ACCcaf74df847,,False,
ACC90865712f6,,False,
ACCe366dd27a9,,False,
ACC5c420f0c11,,False,
ACC8b75fbafd7,,False,
ACCa71099da46,,False,
ACC5d8c2ec5bb,,False,
ACCac7a75220b,,False,
ACC1214b96a5a,,False,
ACC8df5d936d1,,False,
ACCf2047608dd,,False,
ACC997c3d39cf,,False,
ACC73c6d2af20,,False,
ACC1ea4610fe5,,False,
ACCfb046c6927,,False,
ACC27839e8829,,False,
ACC087fdefb9d,,False,
ACC1e625b7f65,,False,
ACC3db64b8ae8,,False,
ACC4d82706a69,,False,
ACC29beded5c0,,False,
ACC47471ec5a4,,False,
ACC53febe5c5c,,False,COINC0034
ACC8c7c8d9b06,,False,
ACCc08e967e8e,,False,
ACC9cc39a0a83,,False,
ACCc841f62063,,False,
ACCdd0bbf900b,,False,
ACCef2a333e44,,False,
ACC8265cf4cc7,,False,
ACC3e94664ee5,,False,
ACCf43d1df8a3,,False,
ACC2e963e122c,,False,
ACC9a8c9ec1d6,,False,
ACC5805c9eea1,,False,
ACCe0f541a5f1,,False,
ACCc6b40187c3,,False,
ACC0017794679,,False,
ACC02b97dd0ca,,False,
ACC4dc91d706a,,False,
ACC05c3bdf3a2,,False,
ACC2e2d3db79a,,False,
ACC71a8e9487d,,False,
ACC55533044d6,,False,
ACC1c511474ab,,False,
ACC2fa4e5b5d0,,False,
ACC1e086c751c,,False,
ACC44c0cf7448,,False,
ACCfed013966a,,False,
ACCa8cde9db39,,False,
ACCd37ead02ea,,False,
ACC7083664362,,False,
ACC72a7b11a2c,,False,
ACC8e4b001216,,False,
ACCdc6c7fa2e7,,False,
ACC8399d647a3,,False,
ACCaa448feaec,,False,
ACC9aa5e8e7ba,,False,
ACC74ee470467,,False,
ACCaa630b0434,,False,
ACC5a64d9852d,,False,
ACC67a17db264,,False,
ACCfac3bc72ed,,False,
ACC1c87ece4e4,,False,
ACC02e4a7a2a9,,False,
ACCb05e909495,,False,
ACCa2d5070b57,,False,
ACC2ec9e1f668,,False,
ACC564a737066,,False,
ACCac657dcd67,,False,
ACC5c10fcccd5,,False,
ACCd61b1eef52,,False,
ACC80dcb96d5c,,False,
ACC9176dfd9ca,,False,
ACCf93ddd63ed,,False,
ACCb331385efd,,False,
ACC4e5dd4b4ef,,False,
ACC1c6cebb5a4,,False,
ACC8a1298f7b5,,False,
ACC4dfdbafa4f,,False,
ACC426cc95e4b,,False,COINC0046
ACC2fe77a1108,,False,COINC0010
ACC90ab81895d,,False,
ACCf3066edec4,,False,
ACC5f3391eadd,,False,
ACC5391fcdcd2,,False,
ACC32661da8a3,,False,
ACC473860a8f7,,False,
ACCb6302d2804,,False,
ACC15e2b2f578,,False,
ACC0e94070cff,,False,
ACCc5ac3cc6da,,False,
ACCe6d01bd044,,False,
ACC3736ba1796,,False,
ACCa5444db643,,False,
ACCcf0bdf1f8c,,False,
ACCcd63a98bca,,False,
ACC55cbb6f103,,False,
ACCf9744288c4,,False,
ACCfbe21b9023,,False,
ACCa2cf2ec39b,,False,
ACC105376b210,,False,
ACCbdc0a582b3,,False,
ACC6564edea73,,False,
ACC9f5d62d5b1,,False,
ACCddb39784e9,,False,
ACC82432b5331,,False,
ACCd9cb4f3a08,,False,
ACC22fef4390a,,False,
ACC1ea0f50f4c,,False,
ACC745d7dc22a,,False,
ACC71f347c0a9,,False,
ACCee42acd585,,False,
ACC30a0288de7,,False,
ACCb3f06fcc34,,False,
ACC46b4f87fd6,,False,
ACC01ebf5966d,,False,
ACC7fddb100ee,,False,
ACC3575f4fdad,,False,
ACCdfd2258d7d,,False,
ACC9b12fe7949,,False,
ACC9db7271fdc,,False,
ACC6b67b54e5d,,False,
ACC1fc14d7c67,,False,
ACCd42ce9c732,,False,
ACC93d7e4b5f9,,False,
ACCa830e62a4a,,False,
ACCf3620e6e35,,False,
ACCa6ded1f9e8,,False,
ACCec201a975a,,False,
ACCe0d48d242e,,False,
ACCdce8c2fbf3,,False,
ACCffa9659328,,False,
ACC58bcd6be58,,False,
ACCe34047367a,,False,
ACCcba4188e28,,False,
ACCa7067a38d0,,False,
ACC55412e7345,,False,
ACC9bf4df8b2f,,False,
ACC7e3020d109,,False,
ACC3c2f398e55,,False,
ACC2b9b934847,,False,
ACC2e77d7fe33,,False,
ACC1cf47e58ba,,False,
ACCe39ef3eadc,,False,
ACC7490db4be2,,False,
ACC99b88f5e62,,False,
ACCfdf24dac2c,,False,
ACC357435526f,,False,
ACC49c086f293,,False,
ACC78a5e7e19e,,False,
ACCcd8821af17,,False,
ACCc202e5f6dd,,False,
ACCa7b2876ce1,,False,
ACC734a79a4f8,,False,
ACC55e02297e3,,False,
ACC296ae7d6d1,,False,
ACC249b497130,,False,
ACCba0b5d5fe7,,False,
ACC47d6f6ea2d,,False,
ACCea41c6038f,,False,
ACC8652379d09,,False,
ACC2b76e450e0,,False,
ACC430a561902,,False,
ACC687947e9c8,,False,
ACC5a5dd6f807,,False,
ACC14724039d0,,False,
ACC91b65fe193,,False,
ACCc2c3b3913a,,False,
ACC1bd4f2b40d,,False,COINC0007
ACC9b9564000d,,False,
ACCfe823d339b,,False,
ACC81c713850b,,False,
ACC386aa76340,,False,
ACCd688e0ae3c,,False,
ACCab50abab8c,,False,
ACC2250055495,,False,
ACCd82235c027,,False,
ACC8a4107555f,,False,
ACC107d0beaa9,,False,
ACC8487af2dd8,,False,
ACC73d95788f7,,False,
ACC3d3406e808,,False,
ACCd8441830a4,,False,
ACCde32f1f2e7,,False,
ACCcf48f7f31a,,False,
ACC2dc96feffa,,False,
ACC61789c88d3,,False,
ACCf5aafa21e3,,False,
ACC313132259a,,False,
ACC1f2b424389,,False,
ACC436bb9b819,,False,
ACC8dd2d5e3ea,,False,
ACC7e4787b9be,,False,
ACC4c8cb94e5d,,False,
ACC95d0528ab0,,False,
ACCad2a22d610,,False,
ACCf6c706736e,,False,
ACC02e941dd0c,,False,
ACC0df3de1210,,False,
ACCcc37286d5f,,False,
ACC1aeb189aac,,False,
ACCd20d77865a,,False,
ACCdeee9f4c0b,,False,
ACC09c38de6ed,,False,
ACC7cfbf36391,,False,
ACCe074e481a2,,False,
ACCb01352c4e7,,False,
ACC631b7cda09,,False,
ACCa6190a28c9,,False,
ACCb402941512,,False,
ACCd59d2031cb,,False,
ACCaee34016db,,False,
ACC53b57ae973,,False,
ACCc6df3296aa,,False,
ACC4c124a0359,,False,
ACC97a82a2982,,False,
ACCe30aa25644,,False,
ACCb48000ec49,,False,
ACCaffc9cfdfb,,False,
ACC01bb8b055b,,False,
ACCbe8d341af5,,False,
ACC132ecd425b,,False,
ACC5ec4c73a33,,False,
ACC2f73fffb84,,False,
ACC0d46689e0b,,False,
ACC2e08970795,,False,
ACC1e6d2182b5,,False,
ACCb4a9f04fc3,,False,
ACCf8a2dc141e,,False,
ACC4d3ec8f313,,False,
ACC4649d307b4,,False,
ACC8f53ed93aa,,False,
ACCcd6810d69d,,False,
ACC8457e08c39,,False,
ACC8cda44aa45,,False,
ACC2fb4ebd328,,False,
ACC5b94434cf8,,False,
ACCa52f73de6e,,False,
ACCfb6118e35d,,False,
ACC1b09d321f5,,False,
ACCb2fd48f6b2,,False,
ACC85f3b01317,,False,
ACC7a79827353,,False,
ACC19701c871e,,False,
ACC9f8d14a778,,False,
ACCc2aa3eacc2,,False,
ACCad809e9388,,False,
ACCf476cf8254,,False,
ACC21be2dcfba,,False,
ACCae193a0165,,False,
ACC37b8263268,,False,
ACC05723e9c5c,,False,
ACC0c747d1e97,,False,
ACCcddce5c814,,False,
ACC69657effb5,,False,
ACC6620327359,,False,COINC0037
ACC6fb19efa49,,False,
ACCf23520b4fe,,False,
ACC7565979388,,False,
ACC1be896f216,,False,
ACCacbb4425a4,,False,
ACC2935c256eb,,False,
ACCcf4ac78e2f,,False,
ACCa5e7b6600c,,False,
ACCea1fa7b3a2,,False,
ACCbe0b065103,,False,
ACC4ad3fbcb8f,,False,
ACC051c5e05ad,,False,
ACCa5ffd98b9f,,False,
ACC50d8b0f141,,False,
ACCb24ad08576,,False,
ACC4acf326012,,False,
ACCbdf5a7d987,,False,
ACCcc4b9cac85,,False,
ACC1bb4d4ae1a,,False,
ACC1994786239,,False,
ACC73ac2b8263,,False,
ACCf98573df8a,,False,
ACC90dc1f257f,,False,
ACC67c65b3d79,,False,
ACC82f4f344a2,,False,
ACCc345ed622c,,False,
ACC353f92ce66,,False,
ACCfd7557ae2a,,False,
ACCbe1f7d4283,,False,
ACCc0e4b61336,,False,
ACC0858f27ffe,,False,
ACCbddf109b6b,,False,
ACC57beecaf5e,,False,
ACCc445def06d,,False,
ACC844fdbfef3,,False,
ACC61810224ff,,False,COINC0005
ACC9d91aa7a5e,,False,
ACC88527e8cd3,,False,
ACC3080622c8a,,False,
ACCc19822e310,,False,
ACC256279c84e,,False,
ACCc20ec009f2,,False,COINC0016
ACCc067afc8de,,False,
ACC627fd46f06,,False,
ACC573993f17a,,False,
ACC7cca3f9e58,,False,
ACC80b7d1ebee,,False,
ACC9ed17e6e6b,,False,
ACCd66cb7efff,,False,
ACCdc0d685b1e,,False,
ACC180d512c3a,,False,
ACCb407cda301,,False,
ACC14d5aeeb1c,,False,
ACCed7649fb3e,,False,
ACCddb345087b,,False,
ACCc1689b972e,,False,
ACC5b194dafe3,,False,
ACCbf2460a787,,False,
ACC85c69afeac,,False,
ACCeb9bb8a108,,False,
ACCa9e7a8b6a2,,False,
ACCd5a2bce266,,False,
ACC33ec661948,,False,
ACC3369ea698e,,False,
ACC881ec9f237,,False,
ACC55086d9de6,,False,
ACC83a52eee3a,,False,
ACCa448489700,,False,
ACC398f35fadd,,False,
ACC1b9eae46d8,,False,
ACCd7cd763f93,,False,
ACCf69d2f950e,,False,
ACCe71450aed4,,False,
ACC01589597fd,,False,
ACC2438f6ff9b,,False,
ACCcb28be7632,,False,
ACCbfd4571a6f,,False,
ACCe907f890b1,,False,
ACCd29fb7a067,,False,
ACC798af1f17d,,False,
ACCc46186111b,,False,
ACCaa15c46be9,,False,
ACC117f23304d,,False,
ACC420301560e,,False,
ACCc54995f8be,,False,
ACC82b6235f75,,False,
ACCae2df9483c,,False,
ACC2dbdc2492a,,False,
ACCe153848913,,False,
ACC6000134f04,,False,
ACCf34dd0b72f,,False,
ACC61811dbe56,,False,
ACC822f46a3b2,,False,
ACC4b74ea8afd,,False,
ACC8f34011ffc,,False,
ACC5869ca9a98,,False,
ACCbae4f578d7,,False,
ACC76bbd31157,,False,
ACC2818ba3668,,False,
ACCc0ee908ba3,,False,
ACC1f660e7c6a,,False,
ACC8d6aa3cdf8,,False,
ACCfed3c92603,,False,
ACCe60abe61b2,,False,
ACC88ee4d8a3a,,False,
ACC608ff7a53e,,False,
ACC48eb243b7f,,False,
ACC91b3f9565f,,False,
ACC3be52a93b9,,False,
ACC642980e778,,False,
ACCd255fd0923,,False,
ACC591d6c5887,,False,
ACC0a1b0b08ae,,False,
ACC0fec97d457,,False,
ACC4d55938533,,False,
ACCa1a2698d26,,False,
ACC64876ae02f,,False,
ACC71ad10b0c6,,False,
ACC7256a0e218,,False,
ACC0abd5c729d,,False,
ACC6e286cb2f4,,False,
ACC99cff329f0,,False,
ACC9aba2d8981,,False,
ACC801771532e,,False,
ACC6d79e6f101,,False,
ACCc6680dd972,,False,
ACC12ea016673,,False,
ACC777e4b71f7,,False,
ACC0f2418a588,,False,
ACC968f828972,,False,
ACC5a8c76ee63,,False,
ACC6dedd19ed1,,False,
ACC0ea25cbde6,,False,
ACC5cd61ef80b,,False,
ACCc6e3cba390,,False,
ACC40f87f8096,,False,
ACCd84125affe,,False,
ACC4c6ad68de1,,False,
ACC946034c8e8,,False,
ACCe4c6675e3b,,False,
ACCac3423a760,,False,
ACCc434c6ecf0,,False,
ACCcbfb389e31,,False,
ACCb77884ebd0,,False,
ACCea64d84a29,,False,
ACC365955ee0e,,False,
ACC3e896a2ba7,,False,
ACCd70f95c587,,False,
ACC9c0852e0e3,,False,
ACCd9e54761cc,,False,
ACC0757fbcdae,,False,
ACC85e43814cb,,False,
ACC6b23cce267,,False,
ACCbe52521ff0,,False,
ACC4c2ee6cce5,,False,
ACC1680fb4b78,,False,
ACC3558d8e06d,,False,
ACCe379cc9024,,False,
ACC2e40375408,,False,
ACC75d284af14,,False,
ACCae394426fd,,False,COINC0033
ACC4b6ee5bf84,,False,
ACCd8cfe24262,,False,
ACCfe755657ce,,False,
ACC0c35f057ad,,False,
ACCbb6f69f4e4,,False,
ACCbe12ca86de,,False,
ACC307cf5a82a,,False,
ACCdb8085d76d,,False,
ACCda4594cf19,,False,
ACCca4f3e5bb1,,False,
ACC3ed7f9fe95,,False,
ACC0448ff71a2,,False,
ACC7acabec68e,,False,
ACCdc548f54ef,,False,
ACCa4d469eb54,,False,
ACC23a4791d48,,False,
ACC5ce8315435,,False,
ACC2d3728e382,,False,
ACC7901d98b60,,False,
ACC90d12e0c25,,False,
ACCd18caccfa1,,False,
ACCdb29f201f3,,False,COINC0023
ACC12fccf1822,,False,
ACC7887a814c3,,False,
ACCcf1334928a,,False,
ACCbce49c6fab,,False,
ACC1d63ebb2f4,,False,
ACC89489e6438,,False,
ACC3e5840ea83,,False,
ACC54767ac8e5,,False,
ACC3616ae2365,,False,
ACC2e6f4f7fa1,,False,
ACCed40cc41ac,,False,
ACC2b178df1b5,,False,
ACCfa32c816ba,,False,
ACCe944e250f5,,False,
ACC62b7fbe5ca,,False,
ACC086151f9b0,,False,
ACC86d000a830,,False,
ACC5a421a71e8,,False,
ACC4ff95b4439,,False,
ACCc18686d60b,,False,
ACC6db2793270,,False,
ACC26e50ac6e8,,False,
ACC0fb39574b7,,False,
ACC583023c2e3,,False,
ACCf63b2bf22f,,False,
ACC3f6cfc0e73,,False,
ACC8825829902,,False,
ACC48f5ca71b4,,False,
ACC77161b9c93,,False,
ACCad7be67a42,,False,
ACC0dd6f4a98d,,False,
ACC42d3f887e6,,False,
ACC0d69999c5d,,False,
ACCa1cb328359,,False,
ACCd6e492d4f5,,False,
ACC3add32d015,,False,
ACC59f790352e,,False,
ACCfef882e681,,False,
ACCc6027329e6,,False,
ACC7c0f707665,,False,
ACCb40ae84627,,False,
ACC8f80557bd2,,False,
ACC1553d7140f,,False,
ACC5195d07397,,False,
ACC25a406568c,,False,
ACC7a82c1ce87,,False,
ACCc1736c887a,,False,
ACC75e29146f3,,False,
ACC32a003e1c7,,False,
ACCbdc874d1a1,,False,
ACCf4d90dd0b4,,False,
ACC55002f0b70,,False,
ACC906fe14332,,False,
ACC31eca4f075,,False,
ACCa76e3ddbed,,False,
ACC57adc0537a,,False,
ACC91df86cb6b,,False,
ACC996e526e24,,False,
ACC5abf16ffff,,False,
ACC255329d252,,False,
ACC4b8ffd7367,,False,
ACC8e558c0efb,,False,
ACCf2525d66e8,,False,
ACC8db3a19560,,False,
ACC13af7534e1,,False,
ACCc0a935ad5a,,False,
ACC4c70c1d82c,,False,
ACC67aa9f0f53,,False,
ACC18ae054617,,False,
ACC134c747279,,False,
ACCe6ad223a9a,,False,
ACCe48a83e6e0,,False,
ACC054b8b7e29,,False,
ACCc5f358edc9,,False,
ACC2a33cf1100,,False,
ACC30483136a2,,False,
ACCe1862bcb2d,,False,
ACC27fe198881,,False,
ACC22661d0aa5,,False,
ACC727545eda4,,False,
ACC2bcae5084f,,False,
ACCcedaf8aac0,,False,
ACC9fb4b49733,,False,
ACCf67c698500,,False,
ACC73aa39ad07,,False,
ACC89f63680bb,,False,
ACCf7731db230,,False,
ACC62c81776e3,,False,
ACC7c158218a7,,False,
ACCf2125ffa6a,,False,
ACC4695637aad,,False,
ACCb8ee12d8b0,,False,
ACCc95e81e629,,False,
ACC1d84ec75df,,False,
ACCea8855d372,,False,COINC0003
ACC5620646b45,,False,
ACC5455b32fc4,,False,
ACCeb53863629,,False,
ACCfedbded3dd,,False,
ACC08c84526c1,,False,
ACC137696a3d8,,False,
ACC4ec60e25d3,,False,
ACC52e4d6dbb6,,False,
ACCce491bdc12,,False,
ACCaee0f084a6,,False,
ACC5d308e75d9,,False,
ACC6832f23250,,False,
ACCa136e91cc4,,False,
ACC4c03cc7a9a,,False,
ACC4c423697a9,,False,
ACCa75c0e7455,,False,
ACC7229d140a8,,False,
ACCd40ce14a88,,False,
ACCf5329f2126,,False,
ACCc8821f6066,,False,
ACCb706516166,,False,
ACCd9626fe58d,,False,
ACCd1ee0806f5,,False,
ACC7907508691,,False,
ACC86c2b312c3,,False,
ACC149f1ad2af,,False,
ACC36ab4c7736,,False,
ACC7bc83a871d,,False,
ACC296423bb04,,False,
ACC217dc1c5b0,,False,COINC0035
ACCb7fc890d01,,False,
ACCc60f1dd528,,False,
ACC9702dc97a4,,False,
ACCfdd04ba40f,,False,
ACC2985fcd88b,,False,
ACC970427c0ec,,False,
ACCcf5805d1ff,,False,
ACC51b094bd05,,False,
ACC7c2319640d,,False,
ACC4e635dbdbe,,False,
ACCe5ce623e7c,,False,
ACCf4861abeba,,False,
ACCff99b1101f,,False,
ACC6f409b1c18,,False,
ACCb78d1295f9,,False,
ACC6fff23bc77,,False,
ACCf4b7b15dbc,,False,
ACCb42666cf24,,False,
ACC810398ac02,,False,
ACC59a2e2a072,,False,
ACC45a5b839c9,,False,
ACC8952828cda,,False,
ACC88689b0457,,False,
ACCa5fd9ad63c,,False,
ACC3126a97521,,False,
ACCd1d2a545be,,False,
ACC3868a042e1,,False,
ACCc8fd6902be,,False,
ACCe8e37b02e1,,False,
ACC9cb2d3ec30,,False,
ACC9b1feb11cc,,False,
ACCdb682e66cc,,False,
ACC220e53c327,,False,
ACC50c006c9d3,,False,
ACC2193e12d52,,False,
ACCbe88ebaea6,,False,
ACCc1a6e75cca,,False,
ACC80705c2964,,False,COINC0014
ACCe38353142e,,False,
ACC8d668e841a,,False,
ACCa332a34b4a,,False,
ACC2fd487dd28,,False,
ACC63e4aa33b1,,False,
ACCd1f67058f6,,False,
ACCa0010a43af,,False,
ACC8912599551,,False,
ACC431c1b5dbf,,False,
ACCa00dd2cc49,,False,
ACCac8ae273e4,,False,
ACCd27c176531,,False,
ACCc12e1e3a7e,,False,
ACC1b4b87d16a,,False,
ACCbaa1bb7028,,False,
ACCfd39b7d083,,False,
ACCaed320d335,,False,
ACCca20aede64,,False,
ACCc128d9f4e1,,False,
ACC8f71558dd4,,False,
ACC6bb87c86d6,,False,
ACCdf3b9b8a32,,False,
ACC104373366e,,False,
ACC3e6097d343,,False,
ACCe645c0b09d,,False,
ACC081d8355ec,,False,
ACC981b7f0fff,,False,
ACC72cfd011fe,,False,
ACC38db64560d,,False,
ACCd2689c3ca1,,False,
ACCd98f9d5059,,False,
ACC054dabc38e,,False,
ACC7f9b33b4c0,,False,
ACCdf0446a239,,False,
ACC47f7707efa,,False,
ACC3d46ed0252,,False,
ACC98c218261b,,False,
ACC821b5be7ee,,False,
ACC2dbc44d838,,False,
ACCd8653827b6,,False,
ACCea6314befb,,False,
ACC590b739322,,False,
ACC4cfc7cd27a,,False,
ACC5c881782fe,,False,
ACC747c7fce49,,False,
ACCf801c59010,,False,
ACC7f191cd456,,False,
ACC45451fb3f6,,False,
ACC06929fbbb6,,False,
ACCeb91ec422f,,False,
ACCdaeafa13af,,False,
ACCd503cad449,,False,
ACC6a6d7ad441,,False,
ACCb4a2f23f75,,False,
ACC1e1aa83d6d,,False,
ACC065c712d40,,False,
ACC589142ca2b,,False,
ACC60ce0ad18f,,False,
ACCa3601f5422,,False,
ACC0058af137b,,False,
ACCb2bd490f4d,,False,
ACC417e9a7a14,,False,
ACC9943c7e7b1,,False,
ACC37bb350217,,False,
ACC2899076405,,False,
ACCed4345bbb5,,False,
ACC0539b51642,,False,
ACC71658782ea,,False,
ACC5898c6a527,,False,
ACC25627ec676,,False,
ACC50dd987a0b,,False,
ACC1a66dc359a,,False,
ACC6ec9ab0ae2,,False,
ACC724b9d7818,,False,
ACC011cf6a3ff,,False,
ACCa2baa89583,,False,
ACC093d470530,,False,
ACC4d34f32722,,False,
ACCc845e6a788,,False,
ACC22298a9f53,,False,
ACC4a7d89be9a,,False,
ACC3f9cd1b587,,False,
ACCdd7aa84d10,,False,
ACC60e73eebe4,,False,
ACCe66b85b5c0,,False,
ACC821d2e9bc9,,False,
ACCca00786b1e,,False,
ACCc5e91c48c6,,False,
ACCec556b6c72,,False,
ACC8eab736fd2,,False,
ACC3d9cb57dac,,False,
ACC94a0d0d761,,False,
ACCa4023aaa3c,,False,
ACC9d6fb83cea,,False,
ACC1484614fa3,,False,
ACCddf280dddd,,False,
ACCde8f281606,,False,
ACC8af57c0884,,False,
ACC37086c3bd4,,False,
ACC2c405c827c,,False,
ACCc2a5c5810d,,False,
ACC05e21b84d2,,False,
ACCbdc25e9b7b,,False,
ACC3430189172,,False,
ACC779a1ea408,,False,
ACCe4c43ba3d2,,False,
ACC25a253dceb,,False,
ACC4b2602a223,,False,
ACC2e6e20a577,,False,
ACCeb4fa5c020,,False,COINC0000
ACC67c29cd3e2,,False,
ACCa8b7d9ca3b,,False,
ACCfc420f5475,,False,
ACC4d70b27221,,False,
ACC9ce333b4c0,,False,
ACC59d3a9026e,,False,
ACC619ab8008c,,False,
ACC8a6f6d5a03,,False,
ACC4fdf93be44,,False,
ACC9e0220d5f4,,False,
ACC26ee9f1119,,False,
ACC2f5ea75fb4,,False,COINC0012
ACC79d2f1253f,,False,
ACC8d7e0a643b,,False,
ACC8100db4f4c,,False,
ACC24ca6a2cd8,,False,
ACC27bf01ea07,,False,
ACC17000cf7fc,,False,
ACC0bda8439c1,,False,
ACC9854e48571,,False,
ACC76df7d7af8,,False,
ACCa5d55e2312,,False,
ACC952f2f10be,,False,
ACC41ca49de01,,False,COINC0030
ACC7b94704265,,False,
ACC4b3919c65b,,False,
ACC021989f219,,False,
ACC4b0075b6e5,,False,
ACCa010e9cd53,,False,
ACC160dbf111a,,False,
ACC8b4e30c81d,,False,
ACC15ded012f9,,False,
ACCf15c31f780,,False,
ACC787fa081a9,,False,
ACCbf7e4ffa2f,,False,
ACCca4c5edfb2,,False,
ACCc9f007f247,,False,
ACCd684465ddb,,False,
ACC0ddafa8213,,False,
ACC0bcc796e60,,False,
ACC93e4082d28,,False,
ACC548fdbe2e9,,False,
ACCfa53e9dc43,,False,
ACCff1b28671f,,False,
ACCa2985043a9,,False,
ACC4652dc2b0e,,False,
ACC77ffca387d,,False,
ACC55ca9950b2,,False,
ACC98f4b55510,,False,
ACC62d279cc9e,,False,
ACC23e01edb1f,,False,
ACC979a44840a,,False,
ACC818283ec64,,False,
ACC736e9f3779,,False,
ACCf50d8b8fa9,,False,
ACC8438904214,,False,
ACC0c72d47c67,,False,
ACC6c7693eddc,,False,
ACC36baa357c0,,False,
ACC11231b164e,,False,
ACCe46b80d0a1,,False,
ACC8fff3b8a0d,,False,
ACC2b7f375cb5,,False,
ACC4d189b29fc,,False,
ACCc094bd9ce7,,False,
ACC16a1372354,,False,
ACCfffad5e5d4,,False,
ACCbd146f5d9b,,False,
ACC4b248faabd,,False,
ACCacc30a0d57,,False,
ACC75df2bf2d9,,False,
ACCc51ef31fdc,,False,
ACCc0b08a5b2b,,False,
ACCafebbd3b48,,False,
ACC4b8f8c876d,,False,
ACC7729d449b2,,False,
ACC18b2361d12,,False,
ACCadbf6a8305,,False,
ACCaf8a9f747a,,False,
ACCf53649692c,,False,
ACC7e40d3e4c4,,False,
ACC42b7ecbfe3,,False,
ACCff0cc108ef,,False,
ACC4ee5b3a3a8,,False,
ACCc798f7f374,,False,
ACCec109cbc19,,False,
ACCcd7a3b7438,,False,
ACCdded7204e2,,False,
ACCa4ada5f2d1,,False,
ACC301ddd494e,,False,
ACC6fbfedb4c1,,False,
ACCb6d3582f3a,,False,
ACCf9c78d97ea,,False,
ACCa26db4e7db,,False,
ACC228614906e,,False,
ACC29a3d6471a,,False,
ACCea6e44b094,,False,
ACCd35cc195c1,,False,
ACCb79f4a13cc,,False,
ACC50e6017ef1,,False,
ACCc411f5dac3,,False,COINC0014
ACC69be169c75,,False,
ACC3bab8c77a6,,False,
ACC31f2285333,,False,
ACC5ada006689,,False,
ACC95da4a6c48,,False,
ACCc296df012c,,False,
ACC7005fb11a6,,False,
ACCfac34b2186,,False,
ACCd92f0e94a4,,False,
ACC67dcf8d532,,False,
ACCf16f1eabbf,,False,
ACC3e8dd39441,,False,
ACCd7ed7f5eef,,False,
ACCa0ebe6e962,,False,
ACC057f00c3e0,,False,
ACCa7b84f5bff,,False,
ACC2e18228599,,False,
ACCaa47de14d2,,False,
ACC0c30fb7664,,False,
ACCa588a79288,,False,
ACCfc57409b48,,False,
ACCca9bc96b49,,False,
ACC0425d1d8a4,,False,
ACC41c15f7272,,False,
ACC31f4219b17,,False,
ACCf8df902453,,False,
ACC26d159cd9e,,False,
ACC37c3c18344,,False,
ACC2527050324,,False,
ACC473a22a8fa,,False,
ACCc2ebba9893,,False,
ACC4908a778d3,,False,
ACC6be19bb81e,,False,
ACCb533495253,,False,
ACCfa56952991,,False,
ACC32597bb525,,False,
ACC9eacbd821e,,False,
ACC2e97d1d09b,,False,
ACCeba4f49fdf,,False,
ACC7f5d923025,,False,
ACCfae5e9798a,,False,
ACCcd2dfdf0dc,,False,
ACC424636bc8e,,False,
ACCafb98a8a8e,,False,
ACCd97876f575,,False,
ACC9957f6fb96,,False,
ACCbc94347a17,,False,
ACCdcfc259c15,,False,
ACC026df3204e,,False,
ACCbe7284c85f,,False,
ACCba0eaa81a0,,False,
ACC058d23ec7a,,False,
ACC6e40cfa82a,,False,
ACC4a84ab5dc3,,False,
ACCbb45833ef6,,False,
ACC5bd6e32947,,False,
ACCadc9a885d9,,False,
ACC8159d70a8b,,False,
ACC6b3acd03d3,,False,
ACCd17945e849,,False,
ACCe469725862,,False,
ACCf539eeccbe,,False,
ACC6f748d0534,,False,
ACCf8d0dbd319,,False,
ACCf0432706f6,,False,
ACCf109f71f97,,False,
ACC70ea75a7c8,,False,
ACC983b0542e8,,False,
ACC80fe08a03a,,False,
ACC2892c95c59,,False,
ACC4253ea1349,,False,
ACCb8885dc00e,,False,
ACCd0050b89f1,,False,
ACC379b6a279d,,False,
ACC2ce1a08c26,,False,
ACC6a832254c6,,False,
ACCdad67ef246,,False,
ACC63132e969d,,False,
ACCf504314235,,False,
ACC8b91376c2f,,False,
ACCddff1275e0,,False,
ACCeac2b32841,,False,
ACCc625c9bc34,,False,
ACC1a6289b118,,False,
ACC9d1e9da755,,False,
ACC741d7fb50a,,False,
ACC674972c0a7,,False,
ACCb5af353d5a,,False,
ACCebcc01457a,,False,
ACC491971a88b,,False,
ACC6d73850daa,,False,
ACC7aed103ef2,,False,
ACC81589b664c,,False,
ACCeae9088345,,False,
ACC8c062f5162,,False,
ACC5d0ac1157a,,False,
ACC0c93da317f,,False,
ACCead2cfd823,,False,
ACC169075973e,,False,
ACC4ab68400a4,,False,
ACC936d2e753b,,False,
ACCf6eb94e773,,False,
ACC7497222233,,False,COINC0022
ACCaec0511ce5,,False,
ACC6277bfb7b1,,False,
ACC3b842398f4,,False,
ACC8b857b9de4,,False,
ACC90472a1dd6,,False,
ACC9dfd2d4276,,False,
ACC9c5c12b26f,,False,
ACC51a15df8fd,,False,
ACC7d08e97a7c,,False,
ACC2ddc8d923f,,False,
ACCfa948aa8c2,,False,
ACCf66cbb9211,,False,
ACCd164df7e42,,False,
ACCd8e0ba099c,,False,
ACCe9f99329d4,,False,
ACC227f50694c,,False,
ACCbe3791849c,,False,
ACC757a8958c8,,False,
ACC23afd9d685,,False,
ACC5d0322d640,,False,
ACCac023217a5,,False,
ACCdcb1375c92,,False,
ACC0626b138a6,,False,
ACC254b47dd5b,,False,
ACC6657554b40,,False,
ACC1afba89e24,,False,
ACCf743b3dd5d,,False,
ACCdb598d71d4,,False,
ACCf9402287cf,,False,
ACCc447003b45,,False,
ACC58bc889e6a,,False,
ACC8361230021,,False,
ACCef9e2cb0a6,,False,
ACC27a2960f7d,,False,
ACC4ee0c8d8f9,,False,
ACCd3254fa96f,,False,
ACC32661db2aa,,False,COINC0044
ACCd40578c8a2,,False,
ACC15907fbcb3,,False,
ACCda328ebe5d,,False,
ACCe3dd11c1ca,,False,
ACC7f4f928144,,False,
ACCa013b8a500,,False,
ACC68bbc521b9,,False,
ACCfdaf856fcb,,False,
ACC723e37ba70,,False,
ACCcec5d5a278,,False,
ACCa93a121ed4,,False,
ACC2c40c2c130,,False,
ACCc31ec5ac67,,False,
ACCcfcb60d10c,,False,
ACCbb3237d7f9,,False,
ACC2ab26bc599,,False,
ACCee912cbefc,,False,
ACC0dc2616f60,,False,
ACC73d3a78496,,False,
ACCdd33d21a21,,False,
ACC38ca74630c,,False,
ACCed4a310091,,False,
ACCa64b327fe0,,False,
ACC81c1025016,,False,
ACC36fbf75adf,,False,
ACC469a25770d,,False,
ACC23bc3f90ed,,False,
ACC61d456d751,,False,
ACCc2a939f21a,,False,
ACC0dc57707f2,,False,
ACCa104c3af79,,False,
ACCdc14048fb8,,False,
ACC8cb834d09a,,False,
ACC8c3800ebce,,False,
ACC56700da1e9,,False,
ACC7353369c65,,False,
ACC06eba134e8,,False,
ACCf647cae521,,False,
ACC3914325270,,False,
ACC52655abcbc,,False,
ACC1b23b64cf5,,False,
ACC5919b875bc,,False,
ACCd8ac8ba87f,,False,
ACCff466e8e42,,False,
ACC7c860dfd79,,False,
ACCdcedae962c,,False,
ACC8e5eb7beb7,,False,
ACCed7ce42faf,,False,
ACCcbb23c4fb4,,False,
ACC6f9bf8edef,,False,
ACC632ded92a6,,False,
ACCcf06d929e6,,False,
ACC3b7309fe57,,False,
ACCdca9585aff,,False,
ACC06c2d1cdae,,False,
ACC19fd1da2db,,False,
ACC978d36a897,,False,
ACC4cd990f371,,False,
ACC37650bad31,,False,
ACCa61a81bd3a,,False,
ACC2b48d38837,,False,
ACC305ef473ee,,False,
ACCb5ef2d0f74,,False,COINC0002
ACC6503d4cc4a,,False,
ACC3fbf935581,,False,
ACC3541ce9426,,False,
ACC8a5f4254a7,,False,
ACC79eaa46a4b,,False,COINC0001
ACCc0296c6a91,,False,
ACCb8c5f13f26,,False,
ACC22c0a313af,,False,
ACCb1838d68f0,,False,
ACC67722e9b1d,,False,
ACCea92f38e53,,False,
ACCd57b9efa22,,False,
ACC8b93dd25aa,,False,
ACCa887ebd01c,,False,
ACC416247a5e2,,False,
ACC7012f5b749,,False,
ACC614f406ec3,,False,
ACCb1f8afee87,,False,
ACC4fb710ea83,,False,
ACCe3610a05c4,,False,
ACCe45522f4c2,,False,
ACC9288ad77b0,,False,
ACC37609ddc55,,False,
ACCd0066a7b5a,,False,
ACC69cac14840,,False,
ACCc7e96842b4,,False,
ACC0c65770a60,,False,
ACC186512e708,,False,
ACC571359e6fe,,False,
ACC743c3d47ed,,False,
ACCd26b302d2e,,False,
ACCf2fd4c73b4,,False,
ACCd5c037193a,,False,
ACC7b26ebaa16,,False,
ACCcd891aae2d,,False,
ACC24e080b5e2,,False,
ACC148654538f,,False,
ACC73177441f0,,False,
ACCa23ddbd03d,,False,
ACCecc702c762,,False,
ACC19702852b3,,False,
ACC6e815aa0bc,,False,
ACCfb8261de76,,False,
ACC3b1bcc8a16,,False,
ACC0e7db9be8e,,False,
ACCa9da66a745,,False,
ACC15ca9d93e4,,False,
ACCcb371e3f6d,,False,
ACC932fb3167c,,False,
ACC04d1933f90,,False,
ACC60a8afc06b,,False,
ACCaeee419cc4,,False,
ACCd6749b0f1d,,False,
ACC2e482c51f3,,False,
ACC176ba2b5b1,,False,
ACCcd2f65bb96,,False,
ACC10f58728a2,,False,
ACC3c0bf0b1af,,False,
ACCb7d55e0f49,,False,COINC0023
ACCc39ae7a634,,False,
ACCb18f507bae,,False,
ACC232fe22450,,False,
ACC8f6999790a,,False,
ACCbd7a1dc592,,False,
ACC88228ba243,,False,
ACCe5fccf2041,,False,
ACC455e7ac4c4,,False,
ACC523dab1f92,,False,
ACCea99a82d4d,,False,
ACC70a4b47b3e,,False,
ACC4302bd4a8c,,False,
ACC842af47513,,False,
ACC196f942aa9,,False,
ACC1cb0734012,,False,
ACC138a7cb2e4,,False,
ACCcf14a3b84a,,False,
ACC03c6885ff7,,False,
ACCd927c19f84,,False,
ACCbcc3130052,,False,
ACC978d254afd,,False,
ACC97136ee44e,,False,
ACC4570d1b06d,,False,
ACCbe0cea6e5e,,False,
ACCd092027286,,False,
ACCc10bd2d841,,False,
ACC1b1c032acb,,False,
ACC412303d518,,False,
ACC5089cacf41,,False,
ACC856fa74096,,False,
ACC1f2bebe269,,False,
ACC1440cc2e5a,,False,
ACC9389723734,,False,
ACCadf2331530,,False,
ACC1388fd9f26,,False,
ACCac2e990d94,,False,
ACC3db2b72736,,False,
ACCd6329b30fe,,False,
ACCf9c36a8a60,,False,
ACC958cbdde9b,,False,
ACCa8e4abc8a0,,False,
ACC1a18d0e034,,False,
ACCed40af466c,,False,
ACCa54a7da311,,False,
ACC3d582e2ffd,,False,
ACC75fbbc2f96,,False,
ACC75058b17c8,,False,
ACC827028abf8,,False,
ACC74745f544e,,False,
ACC4522157025,,False,
ACCc27ca6d59a,,False,
ACC779481acaa,,False,
ACC6d8bbc911e,,False,
ACCfd02db8a84,,False,
ACC71602b619d,,False,
ACCcfe7efa658,,False,
ACC39cc821bde,,False,
ACCeaaa36f2f7,,False,COINC0044
ACCf2b198aa5b,,False,
ACCc89f9ee5da,,False,
ACCa65d5967ce,,False,
ACCab03035ba2,,False,
ACC5db2fc33a7,,False,COINC0019
ACCcb6481076e,,False,
ACC648e921638,,False,
ACCf94d377328,,False,
ACC60fe722794,,False,
ACCd11fe28eb1,,False,
ACCbaec4977c0,,False,COINC0031
ACC007d07b470,,False,
ACC2eb43df14d,,False,
ACCac4a08d1f7,,False,
ACCb539a6645b,,False,
ACCea2b0bf3dc,,False,
ACC086150967c,,False,
ACCcaa2e982eb,,False,
ACC6a4b527b2d,,False,
ACC6265d2ff46,,False,
ACCccda7e0e49,,False,
ACC660f7895fe,,False,
ACC614f98d7da,,False,
ACCee9f3e7bae,,False,
ACC5f30f9531c,,False,
ACCe55e3b9206,,False,
ACCd7e28bcb01,,False,
ACC4d523c77af,,False,
ACC9652b1902f,,False,
ACCfc07397f70,,False,
ACC8638553f61,,False,
ACC07dffa6de0,,False,
ACC58028b10b9,,False,
ACC83bafa88f9,,False,
ACCb9ccf972bf,,False,
ACC72f57a1b6f,,False,
ACCe6d0c43830,,False,
ACCefd38f2b23,,False,
ACC63277e8e45,,False,
ACC317cac8799,,False,
ACCfb2f017ea9,,False,
ACCc27b8d54fc,,False,
ACC396e18c10e,,False,
ACCdff95fcfe6,,False,
ACCf02db3533e,,False,
ACC9b226290b5,,False,COINC0017
ACC75a252c72c,,False,
ACCd1bb660fb0,,False,
ACC376fb7fbf6,,False,
ACCdbae5ebedf,,False,
ACC2f79bc5e44,,False,
ACCe4f90a0a22,,False,
ACCead849ea4e,,False,
ACCf7919bcda2,,False,
ACC0b9fdb902f,,False,
ACCa94bcfc8c2,,False,
ACC103d65253d,,False,
ACC042e578962,,False,
ACC94379831fc,,False,
ACCe2cd4ada88,,False,
ACC55227d4fbc,,False,
ACC0004a61bc4,,False,
ACCd5a0d1bf93,,False,
ACCed63cb9a6c,,False,
ACC467559cfe5,,False,
ACCb4f6d3ef1d,,False,
ACC8796376630,,False,
ACCde6c3b9766,,False,
ACCb7a0d8914d,,False,
ACC1a99b5956d,,False,
ACC43c278f2b8,,False,
ACC9403cf4b19,,False,
ACCc3e43b9358,,False,
ACC8372bf9385,,False,
ACC2a60a4fb5e,,False,
ACCc845798e49,,False,
ACC5f98a35d30,,False,
ACC2365eca11e,,False,
ACCa82ffbd01e,,False,
ACC798e714730,,False,
ACC7f5d67b577,,False,
ACC7ca7ec2632,,False,
ACC500ac1a48f,,False,
ACC85a69ffecd,,False,
ACC9c6fec6190,,False,
ACCb2e2d271ea,,False,
ACC6159c7872f,,False,
ACC82b0db53b7,,False,
ACC7ab167ee7d,,False,
ACC5a5ee39798,,False,
ACC1562791973,,False,
ACCcc2da670d7,,False,
ACC0ad6e5d1f5,,False,
ACC3241fda8ce,,False,
ACC56ffc42dba,,False,
ACCdb7e53facc,,False,
ACCb3db16f176,,False,
ACC4be4df56ed,,False,
ACCf681ea2e2a,,False,
ACCc0390af10a,,False,
ACC650c829cef,,False,
ACC07e0b55efd,,False,
ACC0466d26925,,False,COINC0029
ACCf9605db0c8,,False,
ACC3f05c8c261,,False,
ACC450eb8b4f3,,False,
ACC6eda5b98a7,,False,
ACC83fd290a4b,,False,
ACC13eb57232a,,False,
ACCc36f8ec7ac,,False,
ACCfa2b873bd6,,False,
ACC1fbc2c1c3a,,False,
ACC4aaf0d3b12,,False,
ACCb317513f9b,,False,
ACCb3d23e4f5a,,False,
ACC4d242d7d5a,,False,
ACC1c1a902714,,False,
ACCb1aa2ef181,,False,
ACC12b5cddeac,,False,
ACC32cb50e56f,,False,
ACCa109670cc3,,False,
ACC35293dd4ab,,False,
ACC05b128ea11,,False,
ACCa0e68c9d08,,False,
ACCaa598c5d83,,False,
ACCdb75414573,,False,
ACC4c8a350d02,,False,
ACC4296817039,,False,
ACCd6235e8fc3,,False,
ACCcc6512c4f5,,False,
ACC986c86e1a1,,False,
ACC4ef5cdb110,,False,
ACC67848f041b,,False,
ACCe787c9f7ce,,False,
ACCc523fbe86b,,False,
ACC397bb50e9c,,False,
ACCc4a45647f0,,False,
ACCb6018173ce,,False,
ACC7b848cc4c5,,False,
ACCb30144b272,,False,
ACC02ff3e5a78,,False,
ACCace681d978,,False,
ACC5bf6c0a942,,False,
ACC20ca8d6182,,False,
ACC63bd14c948,,False,
ACC4fed38bf02,,False,
ACCeb4f7875ab,,False,
ACC7fcf7d2509,,False,
ACCd70611a49c,,False,
ACC44ac6bb9b6,,False,
ACCf741dd52cb,,False,
ACC5ce958fffa,,False,
ACCc12e95874c,,False,
ACCfe1e75ed51,,False,
ACC956f1f493b,,False,
ACCf966a33ec7,,False,
ACC9328908c11,,False,
ACCa76238a692,,False,
ACCa9ff9ac449,,False,
ACC270550cb2d,,False,
ACC9160f7e705,,False,
ACC07155ff929,,False,
ACC7ed90ed6f1,,False,
ACC7528bbbae0,,False,
ACC6c8cbc0e82,,False,
ACCf865eb7ef3,,False,
ACC34ee5f3909,,False,
ACCaf3d296ae5,,False,
ACCefac1b70aa,,False,
ACCeef7a378ef,,False,
ACC36843f9d63,,False,
ACCde6104e9b7,,False,
ACC2aea33a0d2,,False,
ACCc0d672b63e,,False,
ACCd664fd0f8f,,False,
ACCcbc388dff9,,False,
ACCb5dd2ced9d,,False,
ACC3826de163c,,False,
ACC93cfff4b24,,False,
ACC13f7e642dd,,False,
ACC428b7fef71,,False,
ACC118c15e127,,False,
ACC6dd966eefa,,False,
ACC1a859ab9eb,,False,
ACCb9471bc6c5,,False,
ACCfb8f1887f3,,False,
ACCc8c82db036,,False,
ACCf6d63eaaa0,,False,
ACC992175119d,,False,
ACC6cf607d603,,False,
ACC67078391dd,,False,
ACC9ea34cfb23,,False,
ACC963b0d3ff3,,False,
ACC7238d4d485,,False,
ACCe658a55a5b,,False,
ACC6797fc1ab8,,False,
ACC6372dcc0f9,,False,
ACCf1d4dca2c0,,False,
ACC68910a8a30,,False,
ACCbc377b11a8,,False,
ACCaa45aa34d0,,False,
ACC74567ce594,,False,
ACCebff491b49,,False,
ACC6a95c5a63a,,False,
ACC37b721b0f6,,False,
ACC5ed3346b49,,False,
ACCd36dbfa20a,,False,COINC0005
ACC5d3c9242d9,,False,
ACC39424b973f,,False,
ACC78eeb27021,,False,
ACC056f368c60,,False,
ACC938c644b5a,,False,
ACC4c30ad4fa2,,False,
ACC238afae7b0,,False,
ACCfc9e9e38d1,,False,
ACC6b5c60cb64,,False,
ACCeb24b9e06b,,False,
ACC6882f9083b,,False,
ACC9710a21b53,,False,
ACCf3f53880a8,,False,COINC0040
ACC5f6dc17460,,False,
ACCee1c25aa4d,,False,
ACCe9c8d54c12,,False,
ACC7b598fc41d,,False,
ACC9a0b2cec3b,,False,
ACC8d29efc94d,,False,
ACCcc6eb5e6e7,,False,
ACC38cdcf3ff8,,False,COINC0032
ACC398220a89e,,False,
ACC43d49ef7c3,,False,
ACC828ba02769,,False,
ACC1e727729b6,,False,
ACC032a63e901,,False,
ACCe70b91ab8c,,False,
ACC57b20eb529,,False,
ACC0ea4da9bca,,False,
ACC73e4d633d5,,False,
ACC9c04f170d0,,False,
ACCfd96af4b9b,,False,
ACC95c784357f,,False,
ACC8d340be2a0,,False,
ACCd2af143aeb,,False,
ACC1074e6bdbb,,False,
ACC7dacb95ced,,False,
ACC6f7b405003,,False,
ACCc6a144ea04,,False,
ACC63d790cc01,,False,
ACC50ddb1855a,,False,
ACC8adb05c540,,False,
ACCe43b85df5c,,False,
ACC5b616f1031,,False,
ACC924e0fddf9,,False,
ACCfc6a32adb3,,False,
ACC0d30fde99d,,False,
ACC7254e6e511,,False,
ACC7a35d21512,,False,
ACC4075540466,,False,
ACCf8bc841b7b,,False,
ACC3b1fd9a373,,False,
ACCd5e5508710,,False,
ACC90cf8859e5,,False,
ACC7b58181573,,False,
ACC4d96618a37,,False,
ACC70d69059c0,,False,
ACC5f3620844f,,False,
ACC625d3a26e9,,False,
ACCca7aa780dd,,False,
ACC79ffef6579,,False,
ACC4d97fc4c61,,False,
ACCbeee5272a2,,False,
ACC2af867d449,,False,
ACCed7c55eebc,,False,
ACCdbe4a4bf3e,,False,
ACCf7ea0ea23f,,False,
ACCf3ced5d5ce,,False,
ACC547bea59bc,,False,
ACCa104c6838c,,False,
ACC4c95f1eed3,,False,
ACC74c7eb9728,,False,
ACCab5b9bff90,,False,
ACCf6e5030afd,,False,
ACCe7b1a0b6eb,,False,
ACC60de95054a,,False,
ACC72c234eb1d,,False,
ACCda8e254f0b,,False,
ACC6f09946adb,,False,
ACC3b6dc8dcd8,,False,
ACC3e105f2679,,False,
ACCcd6b217517,,False,
ACCe08ad8eb27,,False,
ACC79351e37c0,,False,
ACCfe9bdc0ae1,,False,
ACCd8e5da9e9e,,False,
ACC8cdf254cd1,,False,
ACC31adc19177,,False,
ACC77fa38634a,,False,
ACCa7311e8ea1,,False,
ACC3d69eb5e8b,,False,
ACC0a1ff1fad6,,False,
ACCc39a6b1938,,False,
ACCd4dc519f0a,,False,
ACC9cc3616926,,False,
ACC5369bb1b9b,,False,
ACC88fc6848c5,,False,
ACC51996c71b8,,False,COINC0029
ACC0401dce0ca,,False,
ACC32da57606d,,False,
ACCb0a262abd1,,False,
ACC6309aa013a,,False,
ACC5cba233e3d,,False,
ACCa6b74bfb1e,,False,
ACCd9ea0b1a8b,,False,
ACC1ec7ff0c21,,False,
ACC3f3814aeba,,False,
ACC8024e5f13c,,False,
ACC1af5d13491,,False,
ACCd832520f15,,False,
ACC6a5701a28c,,False,
ACC4268d0d52b,,False,
ACC0364e98f6c,,False,
ACC649d27fc80,,False,
ACCbf99836a50,,False,
ACC209a7c7cf6,,False,
ACC15b36c008e,,False,
ACCfd19adc998,,False,
ACC1d880dfc53,,False,
ACC645f29af50,,False,
ACCb7623a54ca,,False,
ACC5e8cc96dfd,,False,
ACC42fd57f5e5,,False,
ACC855166a52e,,False,
ACCe0527ba0e9,,False,
ACC9dbb3aec7e,,False,
ACCaa7f44a6c0,,False,
ACC2cc7339a4e,,False,
ACC9d34b42861,,False,
ACC06548a85b4,,False,
ACC69c9276504,,False,
ACC553383cdc4,,False,COINC0018
ACC2f9ae4ef29,,False,
ACC02c69f5446,,False,
ACC2beab23cae,,False,
ACCb08bcadc82,,False,
ACCbe0ca94beb,,False,
ACC45743b21d2,,False,
ACC04f0e60892,,False,
ACCae84b0482b,,False,
ACC4cc2051383,,False,
ACC57056f156f,,False,
ACCfb26c841f1,,False,
ACCdadb302799,,False,
ACC826200c2e9,,False,
ACC11fbfc5712,,False,
ACC9b67f5e73a,,False,
ACC0fbc604dbc,,False,
ACC3693aabe42,,False,
ACC0943941c25,,False,
ACCe0d6ac4fc1,,False,
ACC6f8d58f774,,False,
ACCb7743218fc,,False,
ACCc149c01c6e,,False,
ACCbf82da159a,,False,
ACCebbb4ae6c1,,False,
ACCd85acbc4cc,,False,
ACC6352655e19,,False,
ACC0ab682720d,,False,
ACCb448bb0642,,False,
ACC97da2116bb,,False,
ACC1ebb1fe747,,False,
ACC8d36bf2f1c,,False,
ACCa3e735cdb3,,False,
ACCaf2fa79ffc,,False,
ACC2f17f4962b,,False,
ACCe9d032b256,,False,
ACCedbc46ec3f,,False,
ACC4cbe596c5b,,False,
ACCdc716aeee1,,False,
ACCd47dc3d0c5,,False,
ACC2a1455f810,,False,
ACC748002fcb8,,False,
ACCba1b044edb,,False,
ACC1d8b7c1f0c,,False,
ACC0284139d4a,,False,
ACC33be8b52c9,,False,
ACCa32538ae25,,False,
ACCc0a991eda5,,False,
ACC39e3eb6f0f,,False,
ACCdb3dc22633,,False,
ACC7d2a447140,,False,
ACCe316fc9709,,False,
ACC1fc546b372,,False,
ACCa23f019155,,False,
ACC8c05b19798,,False,
ACC9650305845,,False,
ACCe7d391dc6b,,False,
ACCaa827360aa,,False,
ACC728423f977,,False,
ACCc37fc40715,,False,
ACCc7e3f130a1,,False,
ACC900a8eef60,,False,
ACC02b73429ed,,False,
ACC13a1a06e3e,,False,
ACCa08a6babb9,,False,
ACC8370eb6e22,,False,
ACCc0d75a03ef,,False,
ACC3bbe764d76,,False,
ACCc531483c49,,False,
ACC697ae443dd,,False,
ACC04538cd2ff,,False,
ACCcd8d715582,,False,
ACC343bb60d4f,,False,
ACC3f07f6a29b,,False,
ACC2d0c0a8c1d,,False,
ACC8c13a9a7ea,,False,
ACCf5ca6648c8,,False,
ACC3fb41d00c9,,False,
ACC1067487e73,,False,
ACC46aba5f7e3,,False,
ACC8201ffae2e,,False,
ACC1b792e507c,,False,
ACC11ba625a32,,False,
ACC3abaf0a21a,,False,
ACC456f24936c,,False,
ACC6e9ee9aca5,,False,
ACC009cffa920,,False,
ACCd62e9a4320,,False,
ACCa5b3ad9383,,False,
ACC1291b3a310,,False,
ACCa1b3e0e96a,,False,
ACC9d7c8e805f,,False,
ACC69b5f51d57,,False,
ACCaf2c296a7a,,False,
ACCe4698b391f,,False,COINC0027
ACCd055b587d3,,False,
ACC95c3612247,,False,
ACCf3ae3a3e2d,,False,
ACC2f04b5dd76,,False,
ACCb857614d6f,,False,
ACC51677ea397,,False,
ACC490aec2726,,False,
ACC8855356e6e,,False,
ACC51822e2cea,,False,
ACC8ea5892ff0,,False,
ACCb31d66097d,,False,
ACCd8593bd5a8,,False,
ACC52301d7464,,False,
ACCe32fd349ae,,False,
ACC8b5dc75933,,False,
ACC0cdf7937ad,,False,
ACC2f6e425d3a,,False,
ACCf086975db8,,False,
ACCe9ada02df1,,False,
ACCe3f7faf569,,False,
ACCd3e37b7c23,,False,
ACCee3a67abd4,,False,
ACC469c755d20,,False,
ACC246e722d59,,False,
ACCbb147fb85b,,False,
ACCc8e16bd429,,False,
ACC5fe3fe6a48,,False,
ACCb6ec608cec,,False,
ACCd799ef759d,,False,
ACC6700146b89,,False,
ACCe0aee60bc1,,False,
ACC52049427da,,False,
ACCd0b78e96ef,,False,
ACCe2a0a04355,,False,
ACC21a5ef84b6,,False,
ACC2ad8d674a7,,False,
ACC4114f322d3,,False,
ACC4889686b1f,,False,
ACC128423ba9a,,False,
ACCf14b537f7e,,False,
ACC5d1efc59c1,,False,
ACCbc7d3e4b5b,,False,
ACCc42ba89486,,False,
ACCf42b958b44,,False,
ACC4d01d0f1f1,,False,
ACCd09f514b7b,,False,
ACCd274cb0f6d,,False,
ACC65487e2a6c,,False,
ACCc048251e2b,,False,
ACC107b60c558,,False,
ACC45aab7b298,,False,
ACCb4a6a03da5,,False,
ACC21f4349b8f,,False,
ACCe52d6d7651,,False,
ACC41f67bec7a,,False,
ACC9759b85bf1,,False,
ACC7e4c14c269,,False,
ACCbf43f438bd,,False,
ACC213c188559,,False,
ACC86e304e626,,False,
ACCb62c9164f0,,False,
ACC4465e5a5a4,,False,
ACCd3ab83fb16,,False,
ACC1e3a5b1c3f,,False,
ACCa910953f0f,,False,
ACCb3324e6579,,False,
ACC85e37ceddd,,False,
ACC65ca0bc291,,False,
ACC6ff97bfd16,,False,
ACC17f4fa8adb,,False,
ACCac763bd2ab,,False,
ACC34038551d6,,False,
ACCeb70ed0676,,False,
ACC0dd87a8df3,,False,
ACCaf8f583bbc,,False,
ACCf9c0f1a2db,,False,
ACC8fa79b2297,,False,
ACC37fa4c36a5,,False,
ACC8975e0da00,,False,
ACCf5337084ab,,False,
ACC7f099057bf,,False,
ACC9c1d1916fe,,False,
ACC4b67ebc990,,False,
ACCb6afcf3fac,,False,
ACC9b7a617cfd,,False,
ACCd1c52b67a5,,False,
ACC437fd6ed64,,False,COINC0048
ACC6cb3a332d4,,False,
ACCf5745d52cf,,False,
ACC465daba1c1,,False,
ACC77bd124eaf,,False,
ACCa62a485309,,False,
ACCf32ffcde16,,False,
ACC50ff3c45ae,,False,
ACC16b10aa315,,False,
ACCf2aa59ad96,,False,
ACC51c27172f7,,False,
ACC82bb86f447,,False,
ACCa399c49d4d,,False,
ACC9c1d7799b1,,False,
ACCe06a828d9a,,False,
ACC2411bf0c26,,False,
ACC65e2ff5469,,False,
ACC6f4e2d2059,,False,
ACC9a3ffd2d91,,False,
ACC4886efbb19,,False,
ACC49a8b659bc,,False,
ACC4db59837c7,,False,
ACC5ad09ac117,,False,
ACCe0ba366d2c,,False,
ACC310b8e4138,,False,
ACCef131aa265,,False,
ACCc310842880,,False,
ACC399b84391b,,False,COINC0013
ACC5f1d62ec30,,False,
ACC04c8fc1b81,,False,
ACC43de90403f,,False,
ACC1174c6aeff,,False,
ACC8421b4209c,,False,
ACC02313d119a,,False,COINC0019
ACC4030bfee7c,,False,
ACC7bdce636a1,,False,
ACC72ab9c8a19,,False,COINC0049
ACCdcde5d295f,,False,
ACCeb8e1fbf6c,,False,
ACC41f0a55d1a,,False,
ACC39a6c44561,,False,
ACCf7d0d99190,,False,
ACC3e157aa207,,False,
ACCfb160a526e,,False,
ACC6bf69a4122,,False,
ACCbaf5de6d2b,,False,
ACCda5369f42d,,False,
ACC33d07cf555,,False,
ACC41f4c4672b,,False,
ACC60f43337a3,,False,
ACCe20ae56399,,False,
ACC10ddf86997,,False,
ACC4bf7fb69a6,,False,
ACC06727a4109,,False,
ACC2ecd117f3d,,False,
ACC72ed569e9f,,False,
ACCc28364ad5e,,False,
ACC8d3cfaf660,,False,
ACC2528f3941e,,False,
ACC043e80d635,,False,
ACCf089329a05,,False,
ACCd0695f1507,,False,
ACCdbb9c28eea,,False,
ACC1be5420275,,False,
ACC0abcfff273,,False,
ACC0e4165d22a,,False,
ACCa72d81e4a1,,False,
ACCdd89a718ce,,False,
ACC9b91669e48,,False,
ACCb39bd64fd9,,False,COINC0005
ACCfd59e534cd,,False,
ACC5b0f21e6cc,,False,
ACC758a003dc1,,False,
ACCd37957e9db,,False,
ACCb2cd8fd2e6,,False,
ACCef03e0526e,,False,
ACCc56c658b07,,False,
ACC5656f4213d,,False,
ACC08a80af4e3,,False,
ACCad1ce8415c,,False,
ACCef34810cdf,,False,
ACC4c5fd69bc0,,False,
ACC0a357644dc,,False,
ACC7850564c0e,,False,
ACC9b23a9c76d,,False,
ACC11cba6bb59,,False,
ACCd4c0b3f5ff,,False,
ACC7cab45a686,,False,
ACC8c56867950,,False,
ACCe5a7a238d4,,False,
ACCa92d73c242,,False,
ACCaaf3d76a96,,False,
ACCa3739b5566,,False,
ACCa0b6d1cb8d,,False,
ACC3e6afb3d76,,False,
ACC12507e7a5f,,False,
ACCbc262c24ca,,False,
ACCa35f615b70,,False,
ACC14c96c44b9,,False,
ACCe36a63ddff,,False,
ACC76917ddc69,,False,
ACC86db6efa50,,False,
ACC2bc9778bf0,,False,
ACCc1a58cf16f,,False,
ACCa3eb568c7b,,False,
ACC398dc516f1,,False,
ACCda949987cf,,False,
ACC292ef70749,,False,
ACC65d6d0445e,,False,
ACC18e76c664f,,False,
ACC293072f3c5,,False,
ACC5df43fa047,,False,
ACCe35172cb6d,,False,
ACC45b0bb27e8,,False,
ACC181083a456,,False,
ACC705641e0ac,,False,
ACC0ab74a7fd8,,False,
ACCaff87bed95,,False,
ACCd0dad6710e,,False,
ACCf7d046566a,,False,
ACC6a53d5ee5a,,False,
ACC6d8c60e580,,False,
ACC0b91d272c9,,False,
ACCcefc8d138d,,False,
ACCb506cc21c5,,False,
ACC2e3066fd35,,False,
ACC12e32d9261,,False,
ACC4470174982,,False,
ACC0b1693ab20,,False,
ACC779cc46cb0,,False,
ACC43f849d3cb,,False,
ACC2621cb18a5,,False,
ACCe6e9aa5916,,False,
ACC179e35b029,,False,
ACCd572249ecd,,False,
ACC988d85d4a2,,False,
ACCa8ba273744,,False,
ACCa1eec008c1,,False,
ACCa8cb9c6b08,,False,
ACC2d1bcda419,,False,
ACC03e567d148,,False,
ACCf519b64ccd,,False,
ACC2879ad5b2b,,False,
ACC88440ce493,,False,
ACC5ea7041851,,False,
ACCbf326079a9,,False,
ACC576cfb37d5,,False,
ACCea821e4f72,,False,
ACC754bca6565,,False,
ACC721b61493b,,False,
ACCf42c4be31d,,False,
ACCfd8db38222,,False,
ACCe2df934a98,,False,
ACCa62b1c9f2e,,False,COINC0046
ACC9a3a87e5e0,,False,
ACC029e833fde,,False,
ACC1628125e5a,,False,
ACC2ea75d1e63,,False,
ACC92ff84f446,,False,
ACCcb66b7f8d4,,False,
ACCc188ff9528,,False,
ACC7b8b52fbfc,,False,
ACC8225637852,,False,
ACCf03144331e,,False,
ACCe5498950c8,,False,
ACC99ec51a1b3,,False,
ACCe5fef5d71d,,False,
ACC3b7b9d0fb4,,False,
ACC17a2187f5a,,False,
ACC76e37118b7,,False,
ACC7a6c9d824d,,False,
ACC2c0f6aa74e,,False,
ACC2b1b49c32a,,False,
ACC06f728e117,,False,COINC0004
ACCa10576ec3d,,False,
ACCaf7767f3ef,,False,COINC0018
ACC7b9560a25f,,False,
ACC5f807cc5b6,,False,
ACCed5ebce5c1,,False,
ACC821432ea2e,,False,
ACCced1fac87e,,False,
ACC33731baf8b,,False,
ACCecd2749f40,,False,
ACC3b118303c3,,False,
ACCb8180c42f6,,False,
ACC382424335a,,False,
ACC9e3897bd18,,False,
ACC84e9e46f1c,,False,
ACC615e410c01,,False,
ACC991aba778f,,False,
ACCd57723ac52,,False,
ACC37ffa4dd1e,,False,
ACC9cdea75797,,False,
ACC38195eabd4,,False,
ACCe60f7f509f,,False,
ACC177ceab45d,,False,
ACC44c4060f12,,False,
ACCcfd4d195a3,,False,
ACCc4ecebfcd3,,False,
ACC3ac69a724d,,False,
ACC0f358bc5b0,,False,
ACC53f3c8e184,,False,
ACC51ee410d4f,,False,
ACC5c37456675,,False,
ACCb2f4c9a704,,False,
ACC4e8d80016d,,False,
ACCd90fd867fd,,False,
ACC57856fc648,,False,
ACC8550c6192c,,False,
ACC82b18499dc,,False,
ACCdefb224b1e,,False,
ACC5ed9b51ea4,,False,
ACCe6cfe3ab69,,False,
ACC4301d19eee,,False,
ACC307b87276a,,False,
ACC1bb38843ec,,False,
ACC0b633e8c62,,False,
ACCf7cab03f86,,False,
ACCdc8697b9cf,,False,
ACCb1cea63a02,,False,
ACC0b59dda7df,,False,
ACC5c5df60c92,,False,
ACCff8ff2712b,,False,
ACC2265c44893,,False,
ACCaa70377708,,False,
ACCb261afa41f,,False,
ACC3d483624df,,False,
ACC49f3f08e76,,False,
ACC7ac71e21c2,,False,
ACC9975abe0c5,,False,
ACC5454d2fbfb,,False,
ACC6367256a2b,,False,
ACC5db853b0dd,,False,
ACCfbd7d4521b,,False,
ACC4538ce9dc8,,False,
ACCfaba2b5cef,,False,
ACCa98dbee5d0,,False,
ACC06b4f22d44,,False,
ACCa34e3659bd,,False,
ACCb0e78f9935,,False,
ACC8137784994,,False,
ACC9fc70e5768,,False,
ACC12dff2e44f,,False,COINC0028
ACC378ce1e999,,False,
ACCbcd1902aec,,False,
ACCc87fcacc94,,False,
ACCabbe51cde3,,False,
ACC7b7b3de47e,,False,
ACCce123cdb1e,,False,
ACC7557e1f0d2,,False,
ACC50e958af90,,False,
ACCc57c3f2571,,False,
ACC39cd8d27cb,,False,
ACCdd013c6380,,False,
ACCb29aad2fe2,,False,
ACC2e55ff38a3,,False,
ACC7f08d80bee,,False,
ACC64ad36735d,,False,
ACC4c089e699a,,False,
ACC5e56f55320,,False,
ACCf426b4965d,,False,
ACCac885256a1,,False,
ACC1082afef70,,False,
ACCd24df7f035,,False,
ACC24d453c4d6,,False,
ACCe6ca606ad5,,False,
ACC2f132f8025,,False,
ACCbd82cbaca3,,False,
ACC06710bbba3,,False,
ACCff3fd7ed41,,False,
ACCa7a4712981,,False,
ACC7d6bdebd65,,False,
ACC27e48de74d,,False,
ACC57ca3fba36,,False,
ACC591d2656fb,,False,
ACC59b04e4ce4,,False,
ACC5166c4cd55,,False,
ACCada8d1e0ae,,False,
ACC320ee43076,,False,
ACCc7eb81d51f,,False,
ACC9c8f6a6413,,False,
ACC47656f8d7f,,False,
ACC5af313780a,,False,
ACC678f1f8e33,,False,
ACC9117083b55,,False,
ACC6808aed6c2,,False,
ACC25e2aa9dff,,False,
ACC85676e0037,,False,
ACC641fbb3fce,,False,
ACC94ca67254c,,False,
ACCf46e086200,,False,
ACC9b35137298,,False,
ACC3e41e3605c,,False,
ACCc08903be08,,False,
ACC34be5b4bee,,False,
ACC488a9aa978,,False,
ACC8d44e1a511,,False,
ACC3657a9bf38,,False,
ACCb7ccd137e1,,False,
ACCcdeab23f94,,False,
ACCaf8c983e1a,,False,
ACC0f1bb478ff,,False,
ACCd946273fe3,,False,
ACC92de77ec70,,False,
ACC1949e4dab5,,False,
ACC5d0fddb137,,False,
ACC59f43e9aff,,False,
ACC5a12137372,,False,
ACCd0bcf0d850,,False,
ACC4af5ea7881,,False,
ACCa65dd9d249,,False,
ACCf3a14fb909,,False,
ACC38560326f6,,False,
ACC728730d6c6,,False,
ACC0f4d90846b,,False,
ACC6b7075bcd3,,False,
ACC8900fef537,,False,
ACCd1f6130f93,,False,
ACC7ebe0d40a1,,False,
ACC2d0cf80a7c,,False,
ACC7cb2efd70b,,False,
ACC6054d3dffe,,False,
ACCbd2b189d20,,False,
ACC566ad9fc76,,False,
ACCde49ef7f25,,False,
ACCce35a2d983,,False,
ACC160c8cd72c,,False,
ACCea3f6f8ac1,,False,
ACCe15d109e86,,False,
ACC083d8847a5,,False,
ACC4799800297,,False,
ACCcfa6837c01,,False,
ACCc914011b42,,False,
ACC9e2579be94,,False,
ACC20baf2588e,,False,
ACCb97a8f6d2b,,False,
ACC4c81de6b27,,False,
ACCf1ceb2308e,,False,
ACCf725e5830b,,False,
ACC9b3831d056,,False,
ACCaaf6c5d773,,False,
ACC2182a4dab6,,False,
ACC82961fccee,,False,
ACC6b49c74c7a,,False,
ACC61595f1b65,,False,
ACCc36dcd36fa,,False,
ACC327397aa9e,,False,
ACC1f121b21d2,,False,
ACCdcdd66af8a,,False,
ACC1e4ef97a6c,,False,
ACC675a22d053,,False,
ACC0f6f382ad3,,False,
ACCa9c437a5cb,,False,
ACC4a69323a51,,False,
ACCe3b62250ec,,False,
ACCf9dbd03860,,False,
ACC1540e9ec8e,,False,COINC0039
ACCd26324faca,,False,
ACC4bd8c2787e,,False,COINC0040
ACC4714e33fa6,,False,
ACCb58e9eb886,,False,
ACC37f78a2c59,,False,
ACC300f4fa24b,,False,
ACCb4bc44aa0e,,False,
ACCe2e5093bea,,False,
ACC8a7802241e,,False,
ACCb1d02f96cd,,False,
ACC6724f2fb5a,,False,
ACCb2014fd939,,False,
ACCbc7338776a,,False,
ACCe804a8067c,,False,
ACCaacd20b222,,False,
ACC77567bbded,,False,
ACC4f87cce609,,False,
ACC67078e5567,,False,
ACCeb352dea59,,False,
ACC79073072b2,,False,
ACCe858c5f2fe,,False,
ACC12b9195fd3,,False,
ACC085b956782,,False,
ACC9c90b3fef7,,False,
ACCca873d2546,,False,
ACC2d474ddd5e,,False,
ACCc301019af7,,False,
ACC23378a78f2,,False,
ACC7b565a1753,,False,
ACCd70d38dcd7,,False,
ACC5f52fb1c08,,False,
ACCb2310052e3,,False,
ACCb039001f9e,,False,
ACC88a13b6680,,False,
ACCff3789091c,,False,
ACC3e98612ca9,,False,
ACCc125700abc,,False,COINC0011
ACC9b53ccc478,,False,
ACC6d41bc0b3b,,False,
ACC7097011737,,False,
ACC67b2874197,,False,
ACC0d9b814dfa,,False,
ACCc621fc428b,,False,COINC0026
ACC16c9afe108,,False,
ACC99bc87dfae,,False,
ACC2df8aff608,,False,
ACC639690e28e,,False,
ACCfec5f90983,,False,
ACC8af943f4ea,,False,
ACC6f6432ac4b,,False,
ACC3c979ece92,,False,
ACC03e39f49f3,,False,
ACCe8375cd406,,False,
ACC9a877ac10e,,False,
ACC9e36107e91,,False,
ACC798cc4dfa4,,False,
ACCd1bba7f1a1,,False,
ACC8895c4c495,,False,
ACC4a46e7f76d,,False,
ACCaf17bddc20,,False,
ACC1ae4d7c191,,False,
ACC281bf954b9,,False,
ACCa0e4c62e47,,False,COINC0033
ACC2e24528aa5,,False,
ACC6f5fe744ae,,False,
ACCe27918ac34,,False,
ACC2e5d684ddc,,False,
ACCf249ca3800,,False,
ACCd5661924f1,,False,
ACC03e5e7d594,,False,
ACC126f77fd72,,False,
ACC873c668df5,,False,
ACC1c97bde651,,False,
ACC56adb5cf4a,,False,
ACC91f153f2d5,,False,
ACC07a465d47a,,False,
ACC941f69d24a,,False,
ACCd40259bcd7,,False,
ACC2d5f09cc82,,False,
ACCfff8e8b5fa,,False,
ACC4932ccd457,,False,
ACCc9c19fb187,,False,
ACC0267ac0098,,False,
ACCf1425af563,,False,
ACC559182fbbe,,False,
ACC6ef61c6cec,,False,
ACC98ff638fa9,,False,
ACCe174c91ebc,,False,
ACC3df7acaadb,,False,
ACC3a69c039e4,,False,
ACC1a14411df8,,False,
ACCda185a08ff,,False,
ACC09e5301777,,False,COINC0015
ACC2c7d525997,,False,
ACC000d5e0956,,False,
ACC1661a4bd73,,False,
ACC6ae2d07707,,False,
ACCd96ca08f6f,,False,
ACC99b54d8679,,False,
ACC7aa54e4512,,False,
ACC16ef543194,,False,
ACC63f482eabe,,False,
ACC7c5459f7ae,,False,
ACC4ad58e8c5b,,False,
ACC05056087cc,,False,
ACC160db94b03,,False,
ACC7e9cb345d5,,False,
ACC28dd938fd2,,False,
ACC5fa66f39ac,,False,
ACCabdec097b8,,False,
ACC894bee2e4d,,False,
ACC12bf56f4ac,,False,
ACCe23780ef76,,False,
ACC12496e21c9,,False,COINC0021
ACC1eea11a034,,False,
ACCeed9b8848a,,False,
ACC66bc8a407b,,False,
ACCb3baed7a67,,False,
ACC953d24c9b5,,False,
ACCcfabffda72,,False,
ACC0d1d1ea6f4,,False,
ACCa4ff7a97f9,,False,
ACC0ec30cea15,,False,
ACCc59766dd07,,False,
ACCccb4fc5e1b,,False,
ACC8526078662,,False,
ACC7468488274,,False,
ACC272bde0173,,False,
ACC508bc5e78b,,False,
ACC5766be9b3f,,False,
ACCbd8a9b7255,,False,
ACC1e4e4229d8,,False,
ACCd3e7730908,,False,
ACCa85acae999,,False,
ACC8e0d8b8750,,False,
ACC324d4c2b57,,False,
ACC3abd56130a,,False,
ACC4fe84e7ef4,,False,
ACC7935fbc651,,False,
ACC1974bbf262,,False,
ACCb840093d1b,,False,
ACCb26ef946e4,,False,
ACC8e4c629731,,False,
ACC448dfbc25c,,False,
ACC0a2dbc1918,,False,
ACCff8f217026,,False,
ACC0a2c626ab0,,False,
ACC241cf902a2,,False,
ACC80b178a0f8,,False,
ACCeabd4e01e0,,False,
ACCe319007d10,,False,
ACCe1386c01cb,,False,
ACCc03f600b08,,False,
ACCa14a637278,,False,
ACC4e102d9194,,False,
ACCcc376b6014,,False,
ACCbfea93838d,,False,
ACC16319a9620,,False,
ACC4476e81ee2,,False,
ACCde84995ca3,,False,
ACC1f3667168b,,False,
ACC903fedb2b9,,False,
ACC0725a3780b,,False,
ACC68887fe82c,,False,
ACC4baa37fbe9,,False,
ACC30b08c52c1,,False,
ACCca9f97cbcb,,False,
ACC80da9fbc56,,False,
ACC8891c94bb0,,False,
ACCa74b72cb46,,False,
ACCdcd3992e0f,,False,
ACC4e2e85a9f5,,False,
ACC2a0062edcd,,False,
ACC8ead7d8ded,,False,
ACC3e0d37663e,,False,
ACC64bfcb7b04,,False,
ACCfcc3e940d4,,False,
ACC641ffd232f,,False,
ACCd52931f3a6,,False,
ACCcf1e0ef604,,False,
ACC89b5776efc,,False,
ACC61561efbd3,,False,
ACC39598c159a,,False,
ACC13634062b9,,False,
ACC4ce06a5634,,False,
ACC13e5cac48c,,False,
ACCfb4582af5d,,False,
ACC5c14654dbc,,False,
ACC59f58641d2,,False,
ACC559d934095,,False,
ACCfe013c999b,,False,
ACC5eca496e57,,False,
ACC62a187db5a,,False,
ACC3ba8eaafb4,,False,
ACC3c1d773896,,False,
ACCfeb9b21089,,False,
ACC62655ce688,,False,
ACC93062cfa10,,False,
ACC0b63a353d2,,False,
ACCacc2ccc0ed,,False,
ACC76e2103740,,False,
ACC4d4444adb2,,False,
ACCd9932a2809,,False,
ACC3e48c87369,,False,
ACC3154064592,,False,
ACC8195f8b3fa,,False,
ACCec335cf9d2,,False,
ACCa1bc2f8b92,,False,
ACC98bf740e29,,False,
ACC695eb119a6,,False,
ACCdd5d790944,,False,
ACC1cdb5b7e13,,False,
ACCcfadf5c56f,,False,
ACC7b269005e2,,False,
ACC91fa8e02cb,,False,
ACC04b67ef1cc,,False,
ACC013b775323,,False,
ACC00ab1284d9,,False,
ACCf5a4c78a83,,False,
ACC2e92f1ab52,,False,
ACCd31f463139,,False,
ACCac12cf3c97,,False,
ACCed35254408,,False,
ACC1bfd13d22e,,False,
ACC2ee55310bd,,False,
ACC2e161358e7,,False,
ACC234b608055,,False,
ACC48fad54b26,,False,
ACCe65ca54c9c,,False,
ACCae1ca7252b,,False,
ACC0b4c808582,,False,
ACC03a9173bd3,,False,
ACC2f1b77dd00,,False,
ACC4ba9794f78,,False,
ACC4175a19222,,False,
ACCdc31e57d00,,False,
ACC6df920792a,,False,
ACC18d930f6d8,,False,
ACC592a4fff2f,,False,
ACCd7c729d42c,,False,
ACC318269bdac,,False,
ACC3a92f34b8b,,False,
ACC12635b849e,,False,
ACC7d690292a5,,False,
ACC859b9360c3,,False,
ACCfb917b66db,,False,
ACCc4bbfe7703,,False,
ACC5a4d885d21,,False,
ACCe1fe2418c4,,False,
ACCf9b575e150,,False,
ACC5e4ce53ed5,,False,
ACC5ac978674f,,False,
ACCc42b0fd5a2,,False,COINC0017
ACCa2bdcd997c,,False,
ACC19e79d3ed2,,False,
ACC960b2aee76,,False,
ACC59a5dd0960,,False,
ACCb6b492c14a,,False,COINC0039
ACC1d99d8e192,,False,
ACCa56cb5fda9,,False,
ACC3a9de1e812,,False,
ACCe033b01d96,,False,
ACC9571b11c91,,False,
ACCc70822d216,,False,
ACCc3d9240d76,,False,
ACC64bee5af5a,,False,
ACC7d97e5fd35,,False,
ACCee9173bfc9,,False,
ACC9375a06599,,False,
ACC79a3b27777,,False,
ACCd150a1cee6,,False,
ACC518547c922,,False,
ACC1da8cb3aa3,,False,
ACCc7645c5bf0,,False,
ACCe9b82f336b,,False,
ACCe7ac2b6843,,False,
ACCf799768949,,False,
ACC93e5580847,,False,
ACCe82afd2d97,,False,
ACC400f0d5c2c,,False,
ACC70ecb7ef68,,False,
ACC91cf16e2f3,,False,
ACC638761322d,,False,
ACCc09c6c8e0c,,False,
ACC30338dced3,,False,
ACCc1e951423d,,False,
ACC2b9e84d49c,,False,
ACCaccba49297,,False,
ACCb042d54186,,False,
ACC3ab1cc1f1d,,False,
ACC32d264236b,,False,COINC0021
ACC248f83b1e9,,False,
ACCddd3d29919,,False,
ACC9128d212c6,,False,
ACC529b86a19d,,False,
ACCc295d808a6,,False,
ACC7dde2da7c2,,False,
ACC3ecc087b1d,,False,
ACCeca54b5b75,,False,
ACCc2b00bbd3b,,False,
ACC4dc61e60e9,,False,
ACC751b120e40,,False,
ACCa59f882cfa,,False,
ACC59062cf24a,,False,
ACCadd3ee65d4,,False,
ACC3545eae795,,False,
ACCacc83063d4,,False,
ACC21a450977f,,False,
ACC526e53489d,,False,
ACC18ffa27d28,,False,
ACCea66143e92,,False,
ACC72c14cb92e,,False,
ACC79f3174f32,,False,
ACC7150295f70,,False,
ACCfd5ef60755,,False,
ACC8d69314a13,,False,
ACCc59a5dc30d,,False,
ACC2c4e60bdfa,,False,
ACCfd9065c6cd,,False,
ACCe5d88c70f7,,False,
ACC1a3fafc44e,,False,
ACC1c967d975c,,False,
ACC776a53b943,,False,
ACCc87da87310,,False,
ACC693565320e,,False,
ACC16ee4e8a00,RING000,True,
ACC0d06e4ddef,RING000,True,
ACC6d5a6e6af6,RING000,True,
ACCd58c0fc618,RING000,True,
ACC469c577af3,RING000,True,
ACCa0d216990f,RING000,True,
ACC0fbf126eb4,RING000,True,
ACC32a4d7e151,RING000,True,
ACCacbd1aef1a,RING000,True,
ACC6d6ff136b0,RING000,True,
ACCe684e4b512,RING000,True,
ACC5fe024d54b,RING000,True,
ACCe71e32fd21,RING000,True,
ACCadffcddd24,RING000,True,
ACC326b49842b,RING000,True,
ACC6587d8a95e,RING000,True,
ACC8674404467,RING000,True,
ACC6dc12f8ad5,RING000,True,
ACC044df059bd,RING000,True,
ACC7dbdab581d,RING000,True,
ACC0a80b9d365,RING000,True,
ACCf8941e7771,RING000,True,
ACC2ddfe2017f,RING000,True,
ACCc1b54e4e67,RING000,True,
ACC7230321f6c,RING000,True,
ACC7921f5e78c,RING000,True,
ACC344cf21a2d,RING000,True,
ACC9bbe725790,RING000,True,
ACC36fee36839,RING000,True,
ACCfe5c096fc7,RING000,True,
ACC06713b7aac,RING000,True,
ACC891d19a1c9,RING000,True,
ACC881d0a8cd0,RING000,True,
ACC3c89b7e907,RING000,True,
ACC32f3966c75,RING000,True,
ACCa67a212a32,RING000,True,
ACC30dc606b91,RING000,True,
ACCd47699f63c,RING001,True,
ACC4d230846c9,RING001,True,
ACCe0ea27acb8,RING001,True,
ACC4542e23f7c,RING001,True,
ACC20a5664814,RING001,True,
ACC65b84eb644,RING001,True,
ACCfc1a078823,RING001,True,
ACC2cc9502200,RING001,True,
ACCc1aae1aa66,RING001,True,
ACCf873e5aeb5,RING001,True,
ACC890094cf44,RING001,True,
ACC5317b86d4b,RING001,True,
ACC331097e0de,RING001,True,
ACC148d9f7c1e,RING001,True,
ACC79b8173522,RING001,True,
ACC96dea67ee1,RING001,True,
ACC1943dc14d8,RING001,True,
ACC5eaa73006d,RING001,True,
ACC42c366648c,RING001,True,
ACC2b5e992d22,RING001,True,
ACC11a007f43e,RING001,True,
ACC9a3e1c0643,RING001,True,
ACC44121b1a9c,RING001,True,
ACCdcb97072c4,RING001,True,
ACC3ea8aa7820,RING001,True,
ACC3fe6540db6,RING001,True,
ACC96a744d026,RING001,True,
ACC27ffeeb939,RING001,True,
ACC0f25d4a586,RING001,True,
ACC5b8425ee04,RING001,True,
ACC6506cb2f77,RING001,True,
ACCf2e8f6721e,RING001,True,
ACC51c93e4413,RING001,True,
ACCe5f8dcce40,RING001,True,
ACC3e2a45a602,RING001,True,
ACCc30b143328,RING002,True,
ACC16e18b36b7,RING002,True,
ACC430c7aa500,RING002,True,
ACCc886aa8b00,RING002,True,
ACC981f93fb6a,RING002,True,
ACC0ae023f639,RING002,True,
ACC9e24a546a7,RING002,True,
ACC0515c3c28f,RING002,True,
ACCb608fb52c4,RING002,True,
ACC1a25f23e8a,RING002,True,
ACC68460896b2,RING002,True,
ACC37820673e9,RING002,True,
ACC1bf25bc748,RING003,True,
ACC226c997962,RING003,True,
ACCbb988c35e9,RING003,True,
ACC8261539b34,RING003,True,
ACC6758aac74f,RING003,True,
ACC7dd47e542c,RING003,True,
ACC451a86ce3c,RING003,True,
ACC7c7adb599c,RING003,True,
ACCb841e6bd10,RING003,True,
ACCb2ddd85bc1,RING004,True,
ACC163fea7851,RING004,True,
ACCae1228da2c,RING004,True,
ACC7b2fcbbc35,RING004,True,
ACC4c47132a55,RING004,True,
ACCe7cd26ad89,RING004,True,
ACC4a33394be4,RING004,True,
ACC65af0fa7fc,RING004,True,
ACC54004a4bcc,RING004,True,
ACCc9375417bc,RING004,True,
ACCf7cb11690b,RING004,True,
ACCc4fb9546b8,RING004,True,
ACC4425f446a1,RING004,True,
ACC0a9b9177c7,RING004,True,
ACC1a0fe2d8be,RING004,True,
ACCf36bd94a55,RING005,True,
ACC7972f5db2e,RING005,True,
ACC87f5b763aa,RING005,True,
ACC4ecd09c774,RING005,True,
ACCd5a95b979c,RING005,True,
ACCc27f141bf1,RING005,True,
ACC5dc6c9b272,RING005,True,
ACCa5496bd57c,RING006,True,
ACCe9a5abd017,RING006,True,
ACC96b6f021b1,RING006,True,
ACC71b457e143,RING006,True,
ACC1f07b4bf3e,RING006,True,
ACC998437d211,RING006,True,
ACC61b6f3b616,RING006,True,
ACC191018fcc5,RING007,True,
ACC60d9da16ce,RING007,True,
ACC901b865091,RING007,True,
ACC7ade116e8b,RING007,True,
ACC5990b9d9e3,RING007,True,
ACCcc61a68632,RING007,True,
ACCee3bed9531,RING007,True,
ACC9c9f779c9b,RING007,True,
ACCcaa0cc6465,RING007,True,
ACC05209ceb40,RING007,True,
ACCb62d316ad1,RING007,True,
ACC8704df73d9,RING007,True,
ACC60c960640c,RING007,True,
ACC8bc0425dff,RING007,True,
ACC131fde6123,RING007,True,
ACCbde9a015bf,RING007,True,
ACC66d54b26ab,RING007,True,
ACCdfa13bd531,RING007,True,
ACC61312cf865,RING007,True,
ACCc6c72a9686,RING007,True,
ACCa8ad8e885a,RING007,True,
ACC23795fb174,RING007,True,
ACCd9d82933a2,RING007,True,
ACCc543956a14,RING007,True,
ACC25a1fc8c09,RING007,True,
ACC4936c44e7f,RING007,True,
ACCc578c6a337,RING007,True,
ACCc0775f94fc,RING007,True,
ACC6db8c7d731,RING007,True,
ACC53ee2e1cf6,RING007,True,
ACCcd921907d7,RING007,True,
ACCf78b6268e4,RING007,True,
ACC10335adab8,RING007,True,
ACCd0b5cc55f6,RING007,True,
ACC5092945a24,RING008,True,
ACCe3c4976aef,RING008,True,
ACCb989340717,RING008,True,
ACC4c1741e7e3,RING008,True,
ACCfe832a2583,RING008,True,
ACC492f30e0e5,RING008,True,
ACC949c7d12c5,RING008,True,
ACCd83541048e,RING008,True,
ACCffc2a4c066,RING008,True,
ACC22ce4b7e53,RING008,True,
ACC4e621e006b,RING008,True,
ACCaf076a0dd7,RING008,True,
ACC22fee397d7,RING008,True,
ACCfb33f33dad,RING008,True,
ACC7b756e693e,RING008,True,
ACC6892371307,RING008,True,
ACC19b096ed3f,RING008,True,
ACC674c9c044b,RING008,True,
ACC2f8bc5ab21,RING008,True,
ACCc1a7134331,RING008,True,
ACC9d6783feaf,RING008,True,
ACCa8f8ed1ae6,RING008,True,
ACC9715c94dc6,RING008,True,
ACCabc3577272,RING008,True,
ACCc8a76ed100,RING008,True,
ACC73b27c9dff,RING008,True,
ACC2e6f3fde7f,RING008,True,
ACC25e51ee433,RING008,True,
ACCed89753510,RING008,True,
ACCacbf5cd569,RING008,True,
ACCff5b46fecd,RING009,True,
ACC41afea21c4,RING009,True,
ACCa82386a50d,RING009,True,
ACCfa0c99e5dc,RING009,True,
ACCe025cedff1,RING009,True,
ACCef7758d8b1,RING009,True,
ACC2cb2e4efe2,RING009,True,
ACC2ab2aef3eb,RING009,True,
ACCffec7eb3db,RING009,True,
ACCddee8dd426,RING009,True,
ACC30c341376d,RING010,True,
ACC629e448b88,RING010,True,
ACC5442befa52,RING010,True,
ACC3a4b4421d1,RING010,True,
ACCb5dcce9812,RING010,True,
ACCf7f2f82bcf,RING010,True,
ACCd47dae4833,RING010,True,
ACC2bf87abeff,RING010,True,
ACC2df918a2fc,RING010,True,
ACC83b135d8d9,RING010,True,
ACCc99f6fc005,RING010,True,
ACC0b1153f52d,RING010,True,
ACC56b1b019ba,RING010,True,
ACCece4d239d0,RING010,True,
ACCe7366f18d7,RING010,True,
ACC5659e16f8e,RING010,True,
ACCb2fcd31d76,RING010,True,
ACC4a915a50f5,RING010,True,
ACCdf8278570f,RING010,True,
ACC67ece9bbc6,RING010,True,
ACC831ceca2d1,RING010,True,
ACC0df86799f1,RING010,True,
ACC8dfc6c14fc,RING010,True,
ACC6b1f498829,RING010,True,
ACCd081d0f01a,RING010,True,
ACC566b2fbb97,RING010,True,
ACC1a056d6c55,RING010,True,
ACC1e5f28dced,RING010,True,
ACC8b68c7e0fe,RING010,True,
ACCf84dec2716,RING010,True,
ACCd78fe1ff67,RING011,True,
ACC3ca60db403,RING011,True,
ACCc8fd729fc3,RING011,True,
ACC2175b84208,RING011,True,
ACCbcf7eb72dc,RING011,True,
ACCc500e610a2,RING011,True,
ACC765ef01b37,RING011,True,
ACCa9ff3e4ac4,RING011,True,
ACC224c21902c,RING011,True,
ACCbc3080f472,RING011,True,
ACCf691a16ac3,RING011,True,
ACCff35cceff8,RING011,True,
ACC55534fa208,RING011,True,
ACC661351544c,RING011,True,
ACCc50a3d8711,RING011,True,
ACC5151c1079b,RING011,True,
ACC4af67f7ed7,RING011,True,
ACC66af24bf45,RING011,True,
ACCc387588630,RING011,True,
ACCa8ca2741f5,RING011,True,
ACCdbfb2fda97,RING011,True,
ACCdc6d3ea783,RING011,True,
ACC039645cd19,RING011,True,
ACC85a124c0b4,RING011,True,
ACCe964def98b,RING011,True,
ACCeece14b1d8,RING011,True,
ACC969ed85b1b,RING011,True,
ACCe90feac501,RING011,True,
ACCe7daa099cb,RING012,True,
ACC6f211ecce8,RING012,True,
ACC69c97e4ab3,RING012,True,
ACCa5881fa6a4,RING012,True,
ACC1b9fca4eae,RING012,True,
ACC6ba1387256,RING012,True,
ACCb189515c08,RING012,True,
ACC1c67f05b08,RING012,True,
ACC010e589336,RING012,True,
ACC7657d81ac3,RING012,True,
ACCe87c1edc5f,RING012,True,
ACCfa42ff611b,RING012,True,
ACC4e5b3afdd0,RING012,True,
ACCd2691a8eb4,RING012,True,
ACCa678384b62,RING012,True,
ACCc64141f217,RING012,True,
ACCea3aace083,RING012,True,
ACC4f24bf1ecf,RING012,True,
ACC6786910755,RING013,True,
ACC944e081ec9,RING013,True,
ACCe24efce87e,RING013,True,
ACCa485de93b4,RING013,True,
ACCfce4c48652,RING013,True,
ACCc94840b145,RING013,True,
ACC873e7b417e,RING013,True,
ACC52d69ced6f,RING013,True,
ACCeeb7e75c30,RING013,True,
ACCe80f2449f2,RING013,True,
ACC4db5de57f8,RING013,True,
ACC7bc502703c,RING013,True,
ACCb913dd0b38,RING013,True,
ACC8325bfd6b3,RING013,True,
ACC8ccb7ff6d6,RING013,True,
ACC033d802a29,RING013,True,
ACCc5db1eb4c4,RING013,True,
ACCa3af2f2eea,RING013,True,
ACC060146aa7b,RING013,True,
ACCc51d0a37ca,RING014,True,
ACCb852272d81,RING014,True,
ACC11642d21e1,RING014,True,
ACC3b384391ce,RING014,True,
ACC871aa9eeaf,RING014,True,
ACC387c7bfda7,RING014,True,
ACC41ddfbeb67,RING014,True,
ACCe24ebc13d9,RING014,True,
ACC3ec79a64de,RING015,True,
ACC761cac49e3,RING015,True,
ACCa225109147,RING015,True,
ACC827e38374a,RING015,True,
ACCadf9a33b5d,RING015,True,
ACC20a30e39a4,RING015,True,
ACC6e2caee158,RING015,True,
ACC1b66ebd507,RING015,True,
ACCdcd470d930,RING015,True,
ACC8d7cd0fc9c,RING015,True,
ACC4c20ae5d46,RING015,True,
ACCd51b333f21,RING015,True,
ACCd5d711d574,RING015,True,
ACC9c38c36640,RING015,True,
ACCe932fa7fa8,RING015,True,
ACC1fc5ba10c3,RING015,True,
ACC7ad899b39f,RING015,True,
ACCf68f087881,RING015,True,
ACCfb4a370183,RING015,True,
ACC0a1e9a46e2,RING015,True,
ACC4bc8f407f8,RING015,True,
ACC654c568407,RING015,True,
ACC38b38f88e5,RING015,True,
ACCa6e5795b56,RING015,True,
ACCe9356b9993,RING016,True,
ACCe25b71e768,RING016,True,
ACC0fe73421cd,RING016,True,
ACCd5d9043741,RING016,True,
ACC69a05fca62,RING016,True,
ACC153c23ba9b,RING016,True,
ACCe78b641748,RING016,True,
ACCb2c812851c,RING016,True,
ACC16d6520cc6,RING016,True,
ACCce552b824b,RING016,True,
ACCd2842ce4b0,RING016,True,
ACC839d3b1ab4,RING016,True,
ACC0710ce8432,RING016,True,
ACC9385a2f0d8,RING016,True,
ACC0fe92e852d,RING016,True,
ACC33fd78e405,RING016,True,
ACCb8212fc1a6,RING017,True,
ACC7d55365757,RING017,True,
ACC2d382a5eeb,RING017,True,
ACCac70d20e09,RING017,True,
ACCb7e339938b,RING017,True,
ACCf3cb1b9180,RING017,True,
ACC27c10a33ba,RING017,True,
ACC2b9dfc1bc5,RING017,True,
ACC0dfc81ddd3,RING017,True,
ACC484aadf87e,RING018,True,
ACC889554a6a4,RING018,True,
ACC764abcbbb6,RING018,True,
ACC734dfb15f4,RING018,True,
ACC2edb008b6d,RING018,True,
ACC0fb447e5a4,RING018,True,
ACC67177698a0,RING018,True,
ACC010dc74f51,RING018,True,
ACC027cee56cc,RING018,True,
ACC73344babd0,RING018,True,
ACCc9c943d9fe,RING018,True,
ACCa0a7598865,RING018,True,
ACC00002f0fd6,RING018,True,
ACCf89a4681f9,RING018,True,
ACCad49612acc,RING018,True,
ACCd4e01f82d5,RING018,True,
ACCca3a451093,RING018,True,
ACC988a597546,RING018,True,
ACCddeaaa8655,RING018,True,
ACC6b3d8d934b,RING018,True,
ACC96fc432f65,RING018,True,
ACCe5353a17b7,RING019,True,
ACC8ffbc53257,RING019,True,
ACC7079bb36bf,RING019,True,
ACCe07fd675b1,RING019,True,
ACC0d9b2e3c08,RING019,True,
ACC60611e5eda,RING019,True,
ACC9ec4a6a8cb,RING019,True,
ACC6ec5147878,RING019,True,
ACCa2eed56348,RING019,True,
ACC949905433b,RING019,True,
ACC44d537eab8,RING019,True,
ACC63f3193028,RING019,True,
ACC1a7bb9d219,RING019,True,
ACCb8a36f705f,RING019,True,
ACCa893f30481,RING019,True,
ACC66fb23ecdb,RING019,True,
ACCda2c4417c0,RING019,True,
ACC1e4ee9ea9a,RING019,True,
ACC1272faba69,RING019,True,
