account_id,creation_date,name,email_domain
ACC316216ecc3,2026-03-04,Brian Foster,outlook.com
ACCdda19e4492,2026-04-10,Austin Morales,gmail.com
ACC8aa4ef1ffa,2024-10-16,Rebecca Hubbard,icloud.com
ACC58eb0487b7,2024-11-17,Joshua Hill,yahoo.com
ACC3735b887c8,2025-07-18,Brian Lewis,outlook.com
ACCeb8bb882d7,2024-11-09,Sandra Roman,icloud.com
ACC0b33b5fda6,2025-02-25,Cheryl Collins,icloud.com
ACCf2c002fea4,2026-07-17,Monique Bond,icloud.com
ACC9293b85bed,2026-07-08,Angelica Obrien,outlook.com
ACC32bb11ef88,2024-11-06,Katie Thompson,gmail.com
ACCf480fea2e5,2026-06-23,Brandon Michael,icloud.com
ACCa9c38e78a7,2024-09-13,Kimberly Evans,icloud.com
ACC9be5a141d5,2026-08-29,Laura Khan,gmail.com
ACCbe38f59d96,2025-12-05,Katie Gutierrez,outlook.com
ACC65559627fc,2025-11-30,Jessica Martin,outlook.com
ACC80c78d2351,2025-05-23,Robert Williams,icloud.com
ACC58356bd15f,2025-02-22,Mark Ramirez,icloud.com
ACCb43b721bac,2024-11-18,Kaitlin Cooper,icloud.com
ACC227c2cdfc3,2026-06-29,Christina Gutierrez MD,icloud.com
ACC93583315d3,2025-06-01,Desiree Kelly,gmail.com
ACC366bf415df,2024-10-29,Erica Hansen,outlook.com
ACC0590292254,2024-10-25,Ashlee Brown,icloud.com
ACC169b2831ad,2025-03-10,Phillip Gilbert,yahoo.com
ACCbe8bb762e5,2025-09-28,Gary Thompson,icloud.com
ACCf03d598e8b,2024-10-30,Andrew Terry,yahoo.com
ACCd769c5a501,2024-10-22,Tina Navarro,gmail.com
ACCea67608b4b,2026-08-30,Alicia Roberts,yahoo.com
ACC139b20325b,2024-12-12,Patricia Jenkins,icloud.com
ACCb911487439,2025-11-01,Lisa Meyers,outlook.com
ACC35616b05ee,2025-01-07,Corey Wallace,yahoo.com
ACC8bf61543e8,2026-08-15,James Nixon,yahoo.com
ACC5176b9d761,2025-07-28,Adam Williams,icloud.com
ACC6b94ddc1b4,2026-05-31,Richard Cox,outlook.com
ACC2968a1482b,2025-01-09,Brent Holden,icloud.com
ACC028e7227b0,2024-11-11,Daniel Brown,gmail.com
ACCa86b645b81,2025-10-22,Christopher Rhodes,gmail.com
ACC8fc4fc819b,2025-08-17,Andrew Henry,yahoo.com
ACCedff85475b,2025-05-13,Zachary Martinez,icloud.com
ACC90ac98f5c8,2025-12-16,Patricia Ortiz,icloud.com
ACC6a48174b6b,2025-05-01,Karen Allen MD,outlook.com
ACCdd3621ec4e,2026-03-29,Jason Wright,yahoo.com
ACC71fdd6e0c7,2026-07-16,Sandra Jimenez,icloud.com
ACC512963b060,2025-02-04,David Sanchez,icloud.com
ACCad237b378e,2025-02-03,David Kane,outlook.com
ACC3daa962421,2025-10-28,Anthony Reilly,icloud.com
ACCaef2f7464b,2025-04-15,Wanda Powell,gmail.com
ACCe27cc1570e,2025-05-30,Martha Gibbs,outlook.com
ACCd7296913e6,2026-04-01,Kathleen Davis,outlook.com
ACC9bdc48b385,2025-02-01,Shane Yoder,outlook.com
ACC9d16e646bd,2025-11-26,Gabrielle Sandoval,icloud.com
ACC5e7c6e59a5,2025-03-22,Maria Briggs,icloud.com
ACCa2cdb8dd74,2024-12-25,Mary Parks,gmail.com
ACCb9be56f7a3,2025-07-15,Thomas Huber,yahoo.com
ACC11a6692d98,2025-07-17,Wesley Nixon,icloud.com
ACCa3563468eb,2025-08-29,Amanda Nolan,gmail.com
ACCff3e9be340,2024-12-08,Warren Contreras,outlook.com
ACCdea08842e1,2026-08-12,Christopher Reid,yahoo.com
ACC19541ba1d5,2025-03-06,Nicole Pennington,yahoo.com
ACCfbbc43d29d,2026-06-05,Aaron Nielsen,outlook.com
ACC5edec5b114,2026-07-29,Shawn Wilson,outlook.com
ACC5ed5d82aa5,2026-08-14,Rachel Humphrey,outlook.com
ACCd20352f25f,2025-07-07,Sherry Harris,gmail.com
ACCa9572c4206,2026-07-01,Erin Snow,gmail.com
ACC10fbc6d097,2024-11-04,Kaitlyn Fox,outlook.com
ACC242900b646,2024-11-12,Andrew Wheeler,yahoo.com
ACC62fc1fb28e,2024-11-02,Sean Franklin Jr.,yahoo.com
ACCbef86e2645,2025-03-05,Randall Mills,icloud.com
ACCb8dae1b2aa,2025-09-09,Ryan Carey,gmail.com
ACC0801f45ed7,2024-12-24,Joshua James,yahoo.com
ACC6e21d0a3a5,2025-12-06,Emily Hall,outlook.com
ACC5b859374c3,2025-03-26,Dr. Brandon Wilson,icloud.com
ACCf6892c1a41,2026-05-02,Stacey Hunt,outlook.com
ACC991763589e,2024-12-06,Scott Frank,gmail.com
ACCa4520b14c5,2024-12-28,Stanley Gonzalez,outlook.com
ACC67644fe8e7,2025-06-22,Russell Henderson,yahoo.com
ACC2ebb62ec66,2025-06-06,Carol Sawyer,yahoo.com
ACCbee6b98160,2025-12-04,Chase Snyder,icloud.com
ACC8da6358e6a,2025-08-28,Joshua Strong,gmail.com
ACCf81d698e55,2025-07-31,Abigail Collins,yahoo.com
ACC1b5770574a,2025-02-21,Katelyn Baldwin,gmail.com
ACC2d75971be7,2025-03-27,Mr. David Abbott,gmail.com
ACCa974a9060e,2025-03-29,Randall Odom,icloud.com
ACCc54546dc72,2026-01-27,Megan Lynch,icloud.com
ACCae7f3d45ad,2026-08-30,Thomas Owens,yahoo.com
ACC615e05a138,2024-12-29,Elizabeth Dillon,yahoo.com
ACCebb2fc6ae2,2026-06-30,Lisa Ramos,yahoo.com
ACCa2d9e64e71,2026-08-29,Ray Cox,gmail.com
ACCd8f54017fa,2026-08-17,Brandi Miller,outlook.com
ACC0ae778683d,2025-02-04,Robert Thompson,gmail.com
ACCd26797fb76,2025-11-27,Jacqueline Johnston,icloud.com
ACCd8c0d0a0e2,2024-10-02,Marc Davis,icloud.com
ACCfd9d383572,2026-03-06,Timothy White,yahoo.com
ACCd9fc316c4d,2025-10-03,Erin Turner,icloud.com
ACCb538c3fa3f,2025-09-02,Alejandro Avery,yahoo.com
ACCbaa393772c,2026-07-13,Rebecca Aguirre,outlook.com
ACCf218a8b71a,2025-12-08,Brooke Silva,icloud.com
ACCe2f48e5a5b,2025-04-02,Kenneth Hurley DDS,gmail.com
ACCe21cb895dd,2026-05-29,Audrey Pearson,yahoo.com
ACCc0050da74c,2024-10-20,Natasha Williamson,yahoo.com
ACCb1308ff7ab,2026-06-08,Elizabeth Reilly,yahoo.com
ACC63312b5686,2024-12-03,Kyle Prince,yahoo.com
ACC7e735b7250,2025-08-18,Emily Hall,outlook.com
ACC69d746736b,2025-03-12,Mark Davies,icloud.com
ACC28b4ee50e3,2025-06-29,Jennifer Morales,icloud.com
ACCbb54fd69c2,2025-11-29,Diane Jenkins,yahoo.com
ACCb3546f7f39,2026-05-11,Clinton Fernandez,yahoo.com
ACC865750f432,2025-05-27,Lisa Diaz,icloud.com
ACCd640feab4f,2026-05-23,Lisa Moore,yahoo.com
ACC028c954fe7,2025-05-05,William Huerta,outlook.com
ACC59a0e9c314,2026-07-16,Lindsey Collins,yahoo.com
ACC8672a574a9,2026-07-23,David Walker,outlook.com
ACC0285d19a95,2025-12-30,Stephanie Strickland,yahoo.com
ACCaf5376c0d0,2025-09-05,David Evans,gmail.com
ACC77e373e645,2026-04-14,Carla Tyler,yahoo.com
ACC66df04cdc7,2026-03-14,Kimberly Chung,icloud.com
ACC909b1f01b7,2024-12-22,Joseph Moore,gmail.com
ACC942bebda15,2025-06-22,Andres Stewart,outlook.com
ACC0cdf243c0a,2025-11-28,Antonio Riddle,yahoo.com
ACCeda4a04454,2025-03-04,Steve Miles,yahoo.com
ACC8083433485,2025-08-31,Mary Cisneros,outlook.com
ACC758bd1f9a0,2024-12-16,Michelle Castro,icloud.com
ACCd726b6341e,2024-10-01,Misty Tran,outlook.com
ACC58b1c73986,2024-09-22,Brittany Richard,yahoo.com
ACCc3455d5545,2026-08-28,Mr. Christopher Baxter,icloud.com
ACC4c59cce8c3,2025-01-31,James Fleming,icloud.com
ACC7f34b6c7f0,2025-02-08,Erin Hughes,icloud.com
ACC8a96388fd6,2025-09-26,Alfred Mcdowell,icloud.com
ACC12ebe9c256,2026-04-01,Tyler Hernandez,gmail.com
ACC59df94556d,2026-07-26,Samuel Colon,gmail.com
ACC4e9ee47139,2026-07-10,Juan Woods,yahoo.com
ACCe67505436b,2026-01-12,Cathy Petersen,yahoo.com
ACC69142a7952,2026-08-23,Michelle Morse DVM,icloud.com
ACC0c3b674f89,2026-04-05,Ryan Bass,outlook.com
ACC50d4786c20,2024-11-10,Ashley Harvey,outlook.com
ACC5fb19af224,2026-06-10,Elizabeth Lucas,outlook.com
ACC670d71ee3c,2025-08-18,Lindsay Johnson,outlook.com
ACCd28b6dbaf6,2025-04-29,Dawn Hodge,outlook.com
ACC262e532113,2025-07-11,Elizabeth Huang,outlook.com
ACC2cfb63d291,2025-04-12,Gina Flowers,yahoo.com
ACC4ba6078718,2026-08-03,Stephanie Ware,yahoo.com
ACCf3ceec1c72,2026-03-28,Melissa Jacobs,outlook.com
ACCebb51295b3,2026-05-17,Victoria Gomez,outlook.com
ACC6dfd9e3a0d,2025-10-13,Micheal Jimenez,gmail.com
ACC840a026705,2026-07-13,Linda Wright,icloud.com
ACC3edc628634,2026-07-07,Benjamin Harrington,gmail.com
ACC4e9e068c93,2026-08-06,Melissa Wilson,yahoo.com
ACCeca7370f45,2024-11-17,Samantha Hicks,yahoo.com
ACC924e4f6cfe,2025-08-03,Ryan Hanson,yahoo.com
ACC351b548b5c,2025-01-12,Alicia Quinn,outlook.com
ACCedded559c1,2026-06-12,John Thomas,outlook.com
ACC2bd495a1c9,2025-03-24,Steve Goodman,icloud.com
ACCe51529566c,2025-10-26,Elizabeth Price,icloud.com
ACC3f67bc8883,2025-11-23,Amanda Gutierrez,yahoo.com
ACCd19e21f689,2026-04-10,Nicole Huffman,outlook.com
ACCd37f7e5639,2026-07-19,Michael Mccormick,outlook.com
ACCb5f1fba780,2026-07-08,Jessica Thompson,outlook.com
ACC66167d0a39,2024-10-31,Stephen Frederick,icloud.com
ACCdf05ed8d9f,2026-02-17,Peter Russell,gmail.com
ACC67f38a4149,2025-05-13,Sarah Morris,gmail.com
ACC20863c6a96,2025-01-28,Dawn Dixon,icloud.com
ACC7f75e76bf9,2025-11-16,Dennis Mitchell,icloud.com
ACC6f40d2431e,2025-04-12,Brandi Chang,icloud.com
ACCde069eb8b6,2025-08-04,William Martin,gmail.com
ACC079fb36987,2025-09-06,Daniel Fitzpatrick,icloud.com
ACC3ca9d9d378,2024-12-27,Stephanie Porter,gmail.com
ACC1f36ea4fb7,2026-06-28,Gilbert Bryant,gmail.com
ACCa1d5dba334,2024-09-12,Carol Sanchez DVM,gmail.com
ACCc3b0438ba2,2026-03-25,Wesley Phillips,icloud.com
ACC46f1596239,2026-02-25,Mary Meadows,icloud.com
ACCf19a603205,2024-10-01,Ryan White,icloud.com
ACCb6f4e7e28d,2026-06-29,Alyssa Wang,gmail.com
ACCbe56bacec7,2026-07-14,Daniel Johnson,yahoo.com
ACC7b8d8b035e,2026-03-22,Garrett Bird,outlook.com
ACCb65e22ac37,2025-06-03,Helen Branch,icloud.com
ACC16d8a3023c,2025-03-14,Daniel Blanchard,outlook.com
ACCd1dc42d0f7,2024-10-06,Melinda Irwin,gmail.com
ACCc81a2a7543,2024-10-31,Steven Bush,outlook.com
ACCc15493838b,2025-06-13,Sarah Garcia,outlook.com
ACCb8c533b21d,2025-04-08,Chad Mendoza,icloud.com
ACCa8651f52b6,2025-07-18,Kimberly Cox,icloud.com
ACC00de5751df,2025-11-22,Sara Blake,icloud.com
ACCde21bf340c,2024-11-27,Christian Robinson,outlook.com
ACCda59ddf5dd,2025-05-13,Kenneth Lee,gmail.com
ACC8790221a64,2025-05-13,Hailey Cox,outlook.com
ACC214615b70d,2026-05-31,Terry Lee,yahoo.com
ACC00c644ed55,2024-09-12,William Lewis,outlook.com
ACC558675df22,2026-02-06,Corey Bryan,outlook.com
ACC1a3fe62e44,2025-01-12,Teresa Crawford,icloud.com
ACC5d090aeb27,2025-12-09,Eric Ball,gmail.com
ACCd9562f0e15,2026-05-04,Charles Bennett,yahoo.com
ACC6a43f39b30,2026-02-28,Henry Griffin,icloud.com
ACCfa2d8b99a3,2025-06-29,Allen Bowers,outlook.com
ACC40d2f8d14b,2026-01-27,Jennifer Wilson,yahoo.com
ACCf51df3011d,2025-02-18,Justin Kline,icloud.com
ACC3fe86aa2bc,2025-02-03,Dr. Joseph White,yahoo.com
ACC66e444928a,2024-10-05,Lindsay Greene,yahoo.com
ACC9f99b74be3,2026-07-17,Allison Kim,icloud.com
ACC98cd104bdf,2025-08-04,Brenda Williams,outlook.com
ACC63bdeec77b,2025-05-16,Dustin Graham,yahoo.com
ACC65d52fc46b,2026-01-01,Mark Jackson,yahoo.com
ACC99a2fa2906,2025-09-29,Michael Stephens,gmail.com
ACC2c0e7073bc,2026-02-21,Taylor Scott,icloud.com
ACC4791540835,2024-10-08,Joshua Stephens,icloud.com
ACC9d422fd80c,2026-04-26,Scott Gonzalez,gmail.com
ACCec2844026e,2025-08-26,Bryan Ware,outlook.com
ACC105a1b1ea3,2024-10-24,Victoria Thomas,outlook.com
ACC86ca69694d,2026-07-13,Linda Williams,outlook.com
ACC1bbc832042,2025-12-19,Shelly Miller,yahoo.com
ACC6c2e94d668,2025-10-25,Rachel Jacobs,outlook.com
ACC8d7e4f6c7a,2026-07-18,Deborah Brown,yahoo.com
ACCc3f86ba96d,2026-06-09,Sean Clark,outlook.com
ACC2ef39e6bd4,2026-01-04,Douglas Vazquez,gmail.com
ACC5300ea6187,2025-05-03,Stacy Roberts,yahoo.com
ACCee3fc807c2,2026-05-29,Aaron Moreno,gmail.com
ACC46fe23f064,2025-08-25,Sarah Jones,gmail.com
ACCf6ba75fb5c,2025-06-20,Bobby Coleman,icloud.com
ACC901801eefc,2025-04-24,Diane Singleton,yahoo.com
ACCb6e755301a,2025-10-23,Sabrina Harris,gmail.com
ACC822aed76b3,2026-08-07,Tammy Lutz,icloud.com
ACCca04e57028,2025-05-01,Aaron Carter,yahoo.com
ACC11b4a5c04b,2024-11-05,Jessica Davis,outlook.com
ACC9f38bc6369,2024-11-07,Mary Mccoy,icloud.com
ACCfa60976d3f,2024-09-26,Kirsten Norris,icloud.com
ACC26d83031d1,2024-10-06,Jeffrey Taylor,yahoo.com
ACC54ed9449d9,2025-01-28,Philip Nguyen,gmail.com
ACC57430aa05b,2025-05-04,Donald Matthews,outlook.com
ACC8a234bb740,2026-03-04,Martin Jones,icloud.com
ACCc35afa1bf7,2024-11-23,Brooke Saunders,icloud.com
ACC0d3e82a114,2026-03-08,Jessica Torres,outlook.com
ACCb86262d701,2025-01-26,Peter Warren,outlook.com
ACC6f3ab2245a,2024-09-04,Danielle Weber,yahoo.com
ACC1e89e9bcac,2025-03-27,John Curtis,gmail.com
ACC3a1c83c220,2025-09-25,Lauren Hudson,icloud.com
ACCfbab937f99,2024-12-16,Tyler Sutton,yahoo.com
ACC8b137827f2,2025-12-21,Tina Hayes,icloud.com
ACCdd4637cf66,2024-11-28,Eric Stewart,yahoo.com
ACCa1fe9bfd38,2025-08-30,Eugene Clark,yahoo.com
ACC93af3d9693,2026-04-15,Mr. Jacob Alvarado,yahoo.com
ACC13bbf6c877,2025-08-01,Scott Salinas,yahoo.com
ACC8cd220e6ba,2025-12-30,Ruben Thompson,outlook.com
ACC5e2c270305,2026-01-27,Zachary Johnson,yahoo.com
ACCece67ccb56,2026-06-24,Sean Smith,icloud.com
ACC9f872c8b8b,2024-12-20,Kristi Walker,yahoo.com
ACCc4a4ed7641,2025-07-26,Walter Long,outlook.com
ACC3309315020,2026-08-18,Jeremy Dennis,yahoo.com
ACC373f3126ef,2026-03-26,Brandon Gibbs,icloud.com
ACC75c3720e60,2024-11-04,Anthony Smith,gmail.com
ACC61f7e48102,2025-04-30,Jessica Mclaughlin DDS,icloud.com
ACC4db895dd7b,2025-01-20,Grace Bailey,gmail.com
ACCde2dbcbbba,2026-03-11,April Cox,gmail.com
ACC7768053114,2025-05-04,Laura Burns,icloud.com
ACC75ce52f32c,2026-06-13,Jessica Simon,yahoo.com
ACCcb819afaac,2025-02-03,Brandon Hughes,gmail.com
ACC1d039b0f9f,2025-06-05,Alexander Mitchell,outlook.com
ACCc26e0bf1af,2025-09-20,Jesus Rojas,yahoo.com
ACC4ab9d73a78,2025-08-26,Sophia Stewart,gmail.com
ACC018fee661e,2025-03-23,Stacy Foster,yahoo.com
ACC5f332efc44,2025-10-27,Ashley Mccall,yahoo.com
ACC92904837cc,2025-12-13,Veronica Rivas,yahoo.com
ACC3c2f25ed7a,2024-09-12,Jessica Love,gmail.com
ACCcebe1fb541,2026-03-09,Laura Howell,yahoo.com
ACC43091d8acc,2026-03-04,Dominique Rogers,yahoo.com
ACCb2ce8a93a2,2025-03-02,Shawn Soto,gmail.com
ACC404518acb1,2025-08-05,Cynthia Lopez,gmail.com
ACC5a40cd80f6,2025-12-16,Shawn Gomez,icloud.com
ACCf8758cd6dc,2025-05-31,Jason Richard,icloud.com
ACC72c796affc,2024-11-14,Sean Smith,icloud.com
ACC5d6c28b1a3,2026-05-08,Pamela Harrison,yahoo.com
ACC044c772e28,2025-12-17,Diana Thomas,yahoo.com
ACC881c2452b8,2026-04-01,Derek Love,icloud.com
ACC1b98b3a371,2026-04-12,Mary Daugherty,yahoo.com
ACC002db3e52b,2026-01-14,Rebecca Cordova,yahoo.com
ACCe7c746d40e,2025-01-10,Natalie Bailey,outlook.com
ACCa4cf416968,2024-09-15,Nicole Buchanan,yahoo.com
ACCd80f509b7c,2025-06-19,Natalie Caldwell,icloud.com
ACCc329d2e35c,2026-08-21,Marc Lopez,outlook.com
ACC49902a0e40,2025-07-02,Casey Smith,icloud.com
ACC28c42e29bb,2025-03-06,Sheila Torres,outlook.com
ACC3482d05958,2024-12-19,Robert Wise,yahoo.com
ACCe7b1516505,2026-08-29,Robert Roberson,gmail.com
ACC993bf56539,2024-10-12,Denise Brown,gmail.com
ACC121e5087e8,2024-12-01,Jeremy Griffith,outlook.com
ACCa6e1161e24,2025-05-14,Courtney Yates,gmail.com
ACCd3e0e9a2fb,2025-12-29,Lucas Thompson,icloud.com
ACC5664cccb29,2026-03-24,Cory Flynn,yahoo.com
ACC868ca961e5,2025-09-26,Adrian Olson,yahoo.com
ACCac9f9bd2b6,2025-12-05,Kenneth Ray,yahoo.com
ACC1c03e9cee8,2024-11-12,Suzanne Morgan,gmail.com
ACC9f816114df,2025-08-13,Barbara King,yahoo.com
ACC860752be8e,2025-06-14,Scott Morgan,yahoo.com
ACC9d81ebb0d2,2026-05-20,Sherry Cruz,icloud.com
ACCdaf52dbbae,2026-06-18,David Burns,outlook.com
ACC7db08146c3,2026-04-22,Benjamin Jefferson,icloud.com
ACC80c639c8af,2024-11-20,Shelby Bruce,yahoo.com
ACC1858f83b0f,2025-03-15,Samantha Padilla,icloud.com
ACC41956764fa,2026-02-02,Robert Hardin,yahoo.com
ACC44a69c159b,2026-01-04,Charles Jackson,outlook.com
ACC4ee19fa000,2026-03-01,Sean Rose,gmail.com
ACCcb0f958862,2024-10-11,Holly Cunningham,icloud.com
ACC6191e1ffbf,2025-12-03,Mark Nelson,yahoo.com
ACC9cacc057cd,2025-03-19,James Elliott,outlook.com
ACC064ebfea1e,2024-12-05,Donna Mcintosh,outlook.com
ACC13797af3d7,2026-02-07,Brooke Osborne,gmail.com
ACC56bea8c81e,2025-03-19,Tonya Holt,outlook.com
ACC61e0cd2256,2024-11-28,Joshua Curtis,gmail.com
ACC952158dc41,2025-09-15,Chelsea Wilkerson,yahoo.com
ACCac8b8f1b45,2025-05-05,Andrea Torres,outlook.com
ACC51d9047c0e,2026-02-13,Joel Davis,yahoo.com
ACC647a972f44,2026-06-07,Diana Wilcox,outlook.com
ACC16e08e7013,2026-08-30,Chelsea Cain,gmail.com
ACC42206894b1,2026-07-26,Debra Pruitt,outlook.com
ACC6d3af84c54,2025-10-28,James George,outlook.com
ACC1bd23a136a,2026-04-27,John Henson,yahoo.com
ACCd157fb1cc2,2026-01-04,Michael Lee,yahoo.com
ACC2cc247c310,2025-04-18,Tracey Martin,icloud.com
ACC0b38b2c36a,2025-07-07,Felicia Johnson,outlook.com
ACC9ec0c6bef2,2024-12-03,Nicholas Marshall,outlook.com
ACC80ea194b27,2024-10-09,Bethany Jackson,gmail.com
ACCa937fbb37e,2024-12-08,Jose Hoover,yahoo.com
ACCe9d9bfd5d9,2026-01-02,Garrett Mcintyre,icloud.com
ACC4e7bd28a59,2025-03-15,Nicole Shaffer,icloud.com
ACC2a216d69ee,2025-07-07,Mr. Brian Sandoval,yahoo.com
ACCc680f0b9b6,2025-12-26,Stephanie Calhoun,gmail.com
ACC052a95e9b4,2026-06-15,Katherine Hanna,gmail.com
ACC0297643f8b,2024-12-18,James Gardner,outlook.com
ACCac2187f654,2026-06-24,Lisa Moore,gmail.com
ACC836e6fdcaf,2025-12-31,Casey Cruz,outlook.com
ACC679e8a4070,2025-10-27,Francisco Sims,yahoo.com
ACC03b7b1d767,2024-11-25,Christopher Harrison,yahoo.com
ACC9c3e42fef6,2025-05-08,Elizabeth Nelson,outlook.com
ACCb4a9ee1c9d,2025-04-11,Michael Johnson,gmail.com
ACC6bf65a469e,2026-07-07,Amy Wu,icloud.com
ACC3c3b15d270,2024-12-13,Roger Johnson,icloud.com
ACCc712fb67ba,2025-07-08,David Parsons DDS,yahoo.com
ACC070781d9bf,2025-05-29,Anthony Cross,yahoo.com
ACCe9e4a31c00,2024-09-17,Jake Bailey,icloud.com
ACC92824f7c50,2025-01-29,Kenneth Price,gmail.com
ACC383bbc29f0,2025-08-31,John Hinton,icloud.com
ACC07d69282af,2025-12-15,Michelle Pennington,yahoo.com
ACC4ce5ef0995,2026-04-16,Jack Mcguire,icloud.com
ACC7d0248c4de,2026-08-02,Randall Hernandez,gmail.com
ACC49763e84c6,2025-02-10,Kayla Ingram,icloud.com
ACC5f5251cf67,2026-07-27,Michael Wilcox,gmail.com
ACCfc9acfa649,2024-09-04,Michael Ramirez,yahoo.com
ACC0c004a4418,2024-12-18,Veronica Smith,gmail.com
ACC16eac7a14d,2025-09-01,Jonathan Zavala,gmail.com
ACCfb83c4f6e6,2026-07-27,Alyssa Taylor,gmail.com
ACCc3dcd2c8a3,2026-01-14,Robert Clarke,icloud.com
ACCa387e231dd,2026-01-26,Tammy Wilkins,icloud.com
ACC0919723c32,2024-12-18,Madison Green,gmail.com
ACC706e6c0ee5,2025-04-30,Michelle Reilly,gmail.com
ACCc699cc017a,2025-09-04,Alex Peterson,outlook.com
ACC80487b90d4,2026-02-15,James Brown,gmail.com
ACCefaf16e46b,2025-04-17,Jessica Baker,outlook.com
ACC738c14bfed,2026-01-24,Kenneth Garcia,gmail.com
ACC7edc2f1258,2025-07-23,Destiny Hurst,yahoo.com
ACC5398f97eb4,2025-07-15,James Osborne,yahoo.com
ACC566ac857a7,2025-02-04,Jo Ibarra,gmail.com
ACC7de55122c9,2024-10-04,Samuel Robertson,outlook.com
ACC4588204134,2025-09-02,Gregory Ramirez,outlook.com
ACC521ca99e00,2025-11-23,Jessica Holmes,yahoo.com
ACCf635341c1f,2025-12-13,Shannon Hale,gmail.com
ACC260020df10,2024-09-07,Max Schwartz,yahoo.com
ACC53dd03560e,2024-10-18,Jasmin Patel,yahoo.com
ACC5af0903b0f,2025-03-17,Felicia Nguyen,gmail.com
ACC437ca543be,2026-03-31,Jacqueline Boone,yahoo.com
ACC3de1273c07,2026-04-05,Daniel Bishop,icloud.com
ACC9c4b8b3d96,2026-04-13,Wanda Dunlap,yahoo.com
ACCff597f91a0,2026-08-22,Jerry Pearson,gmail.com
ACCf1f32b9b26,2025-11-21,Laurie Morales,yahoo.com
ACCf7925e12db,2025-12-13,Stephanie Tyler,gmail.com
ACC3015f662fa,2025-05-06,Stacy Scott,yahoo.com
ACCb4e1824267,2025-09-06,Christina Garcia,icloud.com
ACC4ebe39c6d9,2026-08-22,Christopher Scott DDS,icloud.com
ACCf6f618d456,2024-09-14,James Richardson,yahoo.com
ACCf605ac0c77,2025-12-14,Angela Hicks,icloud.com
ACC03aae918ea,2026-03-23,Christopher Reed,icloud.com
ACCe7004ce230,2026-04-06,Hunter Hawkins,gmail.com
ACCc6c68e45e0,2024-10-20,Julie Alexander,yahoo.com
ACC87e35f94d2,2025-08-06,Kari Martinez,gmail.com
ACCba4b9a1189,2025-11-26,Jennifer Farrell,outlook.com
ACC86c66aeda0,2025-10-26,Joshua Evans,gmail.com
ACC8aaf5243fc,2025-04-20,Sabrina Banks,outlook.com
ACC18ba4df709,2026-05-21,Tara Perez,outlook.com
ACC269f3a5cbc,2026-07-06,Jessica Schultz MD,icloud.com
ACCd15d97f9b8,2026-05-20,Christopher Daniels,outlook.com
ACC31ccd6056c,2025-01-18,Robert Moore,icloud.com
ACCf2fc7da380,2025-02-07,Stephanie Schwartz,yahoo.com
ACC138da8a836,2025-09-30,Samantha Hodge,outlook.com
ACC70a7d97c1e,2025-01-14,Jordan Evans,gmail.com
ACC4f9144e951,2026-03-23,Nicholas Simon,yahoo.com
ACCe6a6af2530,2025-07-31,Christopher Jones,yahoo.com
ACC7ac3449142,2025-03-11,Samantha Davis,gmail.com
ACC6beb4c7c7a,2025-10-08,Chad Branch,gmail.com
ACC417e6a06d7,2025-05-31,Kenneth Walter,icloud.com
ACCc22ebaa94f,2026-04-16,Michael Morgan,gmail.com
ACCcd892207a7,2025-05-28,Julie Hernandez,yahoo.com
ACCea4aa1e795,2025-03-14,Kathryn Hendrix,yahoo.com
ACC0834639277,2025-12-18,Tina Pena,icloud.com
ACCa066928708,2025-11-26,Aaron Gay,yahoo.com
ACCefbb5bc5cf,2024-10-01,Raven Massey,gmail.com
ACC425418ebd8,2025-08-11,Michael Holland,icloud.com
ACC097a8f469b,2026-04-24,Joshua Spears,yahoo.com
ACCef4c81f707,2025-03-08,Rachel Jones,outlook.com
ACC2600b6d954,2026-01-17,Jonathan Peters,gmail.com
ACC31fc64a2bf,2026-07-02,Katherine Knight,yahoo.com
ACCd19651ee3f,2025-10-27,Megan Riley,gmail.com
ACC4cefc5f628,2026-06-28,Dustin Shields,yahoo.com
ACC80241e3cb1,2026-07-29,Micheal Nelson,icloud.com
ACC29a4d03051,2025-02-20,Mrs. Jennifer Wood,yahoo.com
ACC179bb1bba0,2024-12-27,Monique Baker,outlook.com
ACCdb0ce9cf02,2026-07-27,Patrick Griffin,yahoo.com
ACCdaa752a66d,2024-09-19,Bruce Griffith,icloud.com
ACC1167361568,2026-08-22,Renee Jones,gmail.com
ACC97408c9e57,2026-06-29,Mr. Kelly Hall,outlook.com
ACC15efca5305,2024-10-05,Justin Martin,icloud.com
ACCc821376907,2025-08-28,Carol Adams,outlook.com
ACCb73ce46f7d,2024-10-26,Deborah Evans,outlook.com
ACC0b30577d84,2024-09-21,Kristine Patrick,icloud.com
ACCde7b19d85a,2024-09-23,Tracey Miller,gmail.com
ACCa5a7c801e6,2025-06-22,Jesse Mitchell,yahoo.com
ACCa3c22540fe,2025-10-11,Jennifer Pennington,outlook.com
ACCe6eba08f53,2025-02-20,Jeremy Fuller,outlook.com
ACC5baf356588,2024-11-17,Karen Lam,yahoo.com
ACCcb3b02958d,2026-01-27,Henry Lee,outlook.com
ACC36b500483f,2024-09-28,John Simon,outlook.com
ACCa317800778,2025-03-10,John Hamilton,icloud.com
ACC6431c3be15,2026-03-31,Mrs. Rhonda Young,outlook.com
ACC1f535cdca2,2026-07-25,Allison Hernandez,icloud.com
ACC5d18f128b5,2026-05-26,Kerry Rose,gmail.com
ACC0e7690376f,2026-07-06,Hannah Stanley,yahoo.com
ACC3c080bf06b,2024-10-28,Kevin Klein,outlook.com
ACC9600ba8ae2,2026-05-06,Philip Summers,outlook.com
ACCe5022a1fbd,2024-10-22,Amy Simmons MD,yahoo.com
ACC23f7cf3b9e,2025-06-12,John Strickland,gmail.com
ACC6ade913f94,2025-05-21,Robert Anthony,yahoo.com
ACC0455ea4216,2026-05-18,Nicole Clark,gmail.com
ACCb44a812439,2024-12-29,Laura Nelson,gmail.com
ACCfbfc4fddd6,2026-03-23,Erin Larsen,gmail.com
ACC5624062dfa,2024-09-08,Jennifer Taylor,icloud.com
ACCcb3900c9d6,2025-05-31,Brooke Martinez,icloud.com
ACCdca9600d21,2024-10-12,Cynthia Green,outlook.com
ACC9bcc3a4deb,2025-03-06,Nathan Lee,gmail.com
ACCa9944214df,2025-03-18,Austin Scott,yahoo.com
ACCe7521a436f,2024-09-10,Margaret Greene,yahoo.com
ACC4c0289387f,2025-11-26,Amanda Campbell,outlook.com
ACCe5cd515447,2025-06-13,Heather Davila,icloud.com
ACC3d98c9af43,2026-02-22,Tyler Oconnor,outlook.com
ACCcd9ca08d56,2026-07-15,Teresa Hamilton,gmail.com
ACCe8f511a816,2026-05-14,Jeffrey Moss,outlook.com
ACC7a49793fd2,2024-10-31,Lynn Conner,outlook.com
ACC90e93feafa,2025-07-02,Paula Anderson,icloud.com
ACC46c98ed526,2026-05-07,Kim Murphy,gmail.com
ACCea74123400,2025-02-03,Larry Robinson,icloud.com
ACC3ba8ffecb4,2025-10-11,Joshua Clark,outlook.com
ACC7e875a7fbe,2025-03-02,Billy Bailey,outlook.com
ACCbf6755c72c,2025-09-09,Dana Adams,yahoo.com
ACC33b9d846c3,2025-07-06,Lawrence Figueroa,gmail.com
ACCc5f7113556,2025-11-20,Robert Smith,yahoo.com
ACC331f2929b5,2026-01-26,Brandon Buchanan,yahoo.com
ACCb015cf8ae0,2024-10-10,Nicholas Clark,yahoo.com
ACCe2fb33a772,2024-09-22,Brett Shepherd,icloud.com
ACCce6673e04c,2025-08-23,Timothy Benson,icloud.com
ACCa72f50a8ae,2026-05-31,Julia Hart,gmail.com
ACC6c948f71cd,2025-12-15,Tracy Robinson,yahoo.com
ACC5a93180b52,2026-04-20,Zachary Watts,gmail.com
ACCc22fa08003,2025-01-23,Julie Smith,yahoo.com
ACC5217e449e4,2025-02-16,Robert Nelson,icloud.com
ACCf278541376,2026-01-07,Katherine Thompson,outlook.com
ACCbee78584a0,2024-11-16,Austin Marquez,outlook.com
ACCa693478fbf,2026-04-07,Jorge Ray,outlook.com
ACC36fc973383,2025-03-26,Caitlin Simmons,icloud.com
ACC6d7f0c4593,2024-12-02,Mary Wells,gmail.com
ACCaa20351089,2025-05-21,Rachel Mcdowell,outlook.com
ACC016fa67841,2025-10-21,Ashley Anderson,gmail.com
ACCbbd52751e6,2026-07-30,Melanie Griffin,gmail.com
ACC2f2fffd4cf,2024-09-03,Claudia Long,outlook.com
ACCba3430dba7,2025-07-22,Paul Church,outlook.com
ACC2d60835ca2,2026-08-24,Brett Wood,icloud.com
ACC930c484c04,2025-10-06,Wendy Brown,outlook.com
ACC5d105e23cb,2024-12-17,John Kline,gmail.com
ACC6c1bf67662,2025-05-10,Jessica Beltran,yahoo.com
ACCf015c2b43c,2026-07-12,Stephanie Patrick,yahoo.com
ACCc0a8a68623,2024-10-19,Miss Phyllis Gordon,outlook.com
ACCa915b8eec2,2025-11-17,Teresa Gould,outlook.com
ACC8223b9addb,2025-06-30,Megan Vasquez,gmail.com
ACC1d00561c26,2025-06-25,James Farley,yahoo.com
ACC160e42de06,2026-03-23,Rebecca Estrada,outlook.com
ACC6112eadf86,2025-05-08,Jerome Bell,icloud.com
ACC2e8f89f2c6,2026-03-26,Melissa Diaz,outlook.com
ACC1204ae3e6e,2025-12-07,Stephanie Rice,yahoo.com
ACC979ceb1d95,2025-07-22,Heidi Simmons,outlook.com
ACC36e377cc94,2024-12-26,Christina Lowe,icloud.com
ACC38e4840575,2025-08-16,Whitney Rice,yahoo.com
ACC52c3deb114,2026-01-25,Wendy Leon,yahoo.com
ACCc1ab76886f,2024-10-28,Kelly Anderson,outlook.com
ACCb85d9432bd,2024-09-07,Anna Marquez,outlook.com
ACC459f82f5da,2024-11-04,Robert May,icloud.com
ACCb9c8a2414d,2024-12-09,Karen Evans,gmail.com
ACCcc81356872,2026-04-29,Ms. Tina Wilson MD,outlook.com
ACCdc037c57bd,2025-05-15,Francisco Duke,icloud.com
ACC681b76f677,2025-07-07,Joseph Chase,gmail.com
ACCdc034d8135,2025-06-08,Eddie Lewis,outlook.com
ACC5cb2c0e600,2026-04-30,Kevin Hoffman,icloud.com
ACCe1e2aea81a,2026-06-02,Justin Shaw,outlook.com
ACC2bef424ecd,2026-04-12,Dana Perez,icloud.com
ACC0985f85d3c,2026-04-02,Melissa Todd,gmail.com
ACCfc102ca407,2026-01-10,Kevin Gray,gmail.com
ACC0664d3e44b,2026-08-30,Tina Freeman,outlook.com
ACC9213d1958f,2026-03-01,Michael Crawford,yahoo.com
ACCf504fb99f5,2026-03-23,Alex Fuentes,outlook.com
ACC32cc1505bc,2026-04-07,Sarah Cooper,yahoo.com
ACC4fa61f18c4,2026-04-29,Renee Hall,outlook.com
ACCca4b66b37e,2025-09-17,Amanda Newman,yahoo.com
ACC0c0d55aebb,2025-07-10,Mikayla Carter,yahoo.com
ACCd135042953,2026-08-17,Christopher Prince,outlook.com
ACC4654857341,2026-05-16,Rachael Henry,outlook.com
ACC045e3e79b5,2025-02-13,Tom Boyle,gmail.com
ACC4984a42893,2025-06-20,Marie Wu,outlook.com
ACCf1b986626e,2025-08-08,Francisco Cobb,outlook.com
ACC0fcb13e5bd,2025-07-20,Pamela Espinoza,yahoo.com
ACC5845811bcf,2026-01-02,Bruce Mejia,yahoo.com
ACC5242385025,2024-09-04,Kim Flores,outlook.com
ACC707f859eab,2026-02-01,Chelsea Lee,icloud.com
ACC3b810ba920,2025-11-17,Karen Wolf,icloud.com
ACC3f0d329ad7,2025-03-31,Timothy Ramirez,gmail.com
ACC8334c4789e,2024-10-27,Mr. James Hunter DVM,yahoo.com
ACCf99372a59c,2026-07-28,Carl Grimes,icloud.com
ACC2a598e6196,2025-05-17,Kathleen Black,gmail.com
ACC15f1ccc490,2025-05-19,Julia Hayes,outlook.com
ACCba7b185cd6,2026-08-02,David Hill,icloud.com
ACC1822430200,2025-11-11,Austin Ford,gmail.com
ACC7d222f72e5,2025-10-23,Shelby Martinez,yahoo.com
ACC2fe82b659a,2025-07-07,Sergio Blanchard,outlook.com
ACC57cf2490b3,2025-03-07,Christopher Larsen,gmail.com
ACCc5002772db,2025-03-13,Matthew Buckley,gmail.com
ACC2b60060e11,2025-02-04,Edward Hudson,yahoo.com
ACCeaca9ccbf4,2025-05-13,Jonathan Johnston,icloud.com
ACC390d947576,2025-12-08,Patrick Estrada,gmail.com
ACC536ccdb108,2025-04-16,Rose Thomas,icloud.com
ACCeb65e33d48,2025-11-10,Drew Thompson,outlook.com
ACCb933c99d68,2025-01-27,Sarah Woodard,gmail.com
ACCbbb468bb8f,2025-04-06,Samuel Michael,outlook.com
ACCf9c3175a1d,2025-01-05,Sarah Jennings,outlook.com
ACC3ef6399794,2025-02-02,Garrett Green,gmail.com
ACCd0de7ea145,2025-03-09,Kristine Lowery,gmail.com
ACC3a4dad6e0e,2024-10-08,William Hernandez,icloud.com
ACCc997ed774b,2025-12-16,Emily Hart,yahoo.com
ACCfcfef1fe89,2025-04-27,Amber Lane,icloud.com
ACC0891744b57,2025-01-15,Debbie Davis,yahoo.com
ACC8f9a62ca1d,2025-02-12,Debbie Thompson,yahoo.com
ACCc81196b1aa,2025-04-19,Kenneth Harrison,icloud.com
ACC1d84ff2f13,2025-02-11,Bruce Robinson,gmail.com
ACCfa82afa119,2026-05-11,Jennifer White,yahoo.com
ACC8d08b7855c,2025-05-01,Kimberly Reed,yahoo.com
ACCe82900e220,2026-07-11,Kimberly Hernandez,gmail.com
ACCf1f4acbbb3,2025-08-11,Derek Bruce,yahoo.com
ACCf851fc4339,2025-09-13,Angela Taylor,icloud.com
ACC94d3189f5b,2026-08-12,Kathy Collins,gmail.com
ACC8055c6a5ba,2025-02-19,Charles Harrison MD,outlook.com
ACCef18eb630d,2025-07-28,Lisa Johnston,outlook.com
ACC05b8f69d0a,2025-09-27,Jonathan Hart,outlook.com
ACC010ce05b84,2026-02-17,Emily Hahn,outlook.com
ACC266110d3b9,2024-12-16,Mindy Levine,outlook.com
ACC14c92bc1ee,2025-07-29,Beverly Villanueva,outlook.com
ACC2b953c3b92,2026-01-10,Lindsey Smith,outlook.com
ACC2e42146890,2026-01-22,Robert Richardson,yahoo.com
ACCc30103c544,2026-01-08,Dr. Kimberly Lawrence,gmail.com
ACC11ba2b5a32,2025-11-30,Kimberly Shepherd,yahoo.com
ACCa30eac7e01,2026-03-17,Mrs. Jennifer Myers,yahoo.com
ACC4a72321bbf,2026-01-16,Christopher White,gmail.com
ACCa61b229a86,2025-03-24,Catherine Carlson,icloud.com
ACCee1b4e210c,2026-06-30,Jennifer Kidd,icloud.com
ACCa0ac5e99cb,2026-03-25,Henry Thomas,icloud.com
ACCb31acbf951,2025-07-25,Jason Schroeder,outlook.com
ACC87fdc4b8da,2024-10-06,Courtney Brown,icloud.com
ACC7b2f570e4c,2026-01-21,Gary Dunn,icloud.com
ACCb982b16ee9,2025-08-26,Brian Wade,outlook.com
ACCad0e5faa7d,2025-05-09,Andrew Cochran,outlook.com
ACCa224fde2ad,2025-09-22,Patrick Williams,outlook.com
ACC87075d9adf,2026-06-22,Kaitlyn Morgan,outlook.com
ACC104ff3a2ce,2025-05-28,Robert Butler,gmail.com
ACCb9aa4067e1,2025-06-27,Erica White,gmail.com
ACC9204e4d864,2026-07-01,David Figueroa,icloud.com
ACCedf08da917,2026-06-29,Patricia Phillips,icloud.com
ACCa48484e6e8,2025-02-14,Tony Murray,gmail.com
ACCac9ef0e536,2025-08-09,Amber Frank,yahoo.com
ACC325106d72d,2026-04-12,Daniel Alvarez,yahoo.com
ACC3c9889588a,2024-11-21,Harold Ward,icloud.com
ACC71de54d3e4,2026-07-21,Gerald Jackson,gmail.com
ACC247b340801,2025-04-12,Kerry Gray,gmail.com
ACCd570f26aa4,2025-01-08,Ariana Phillips,yahoo.com
ACCdd74c91f67,2026-04-24,John Roy,gmail.com
ACC669701eb70,2025-05-30,Jason Guzman,yahoo.com
ACC59cb284d40,2024-09-07,Emma Shelton,icloud.com
ACC7921efe6b7,2025-09-17,Albert Jones,gmail.com
ACCc75c8af586,2026-07-15,James Walker,yahoo.com
ACC803fb1908e,2026-04-17,Nancy Hayes,gmail.com
ACCab8a845c13,2025-02-24,Elizabeth Lopez,gmail.com
ACC649dc70d9d,2026-03-21,Kristi Robinson,icloud.com
ACC6b0e1892c9,2025-02-26,Stephen Brown,yahoo.com
ACC0f1fa379c1,2026-06-19,Ashley Rich,yahoo.com
ACCf7798d429e,2024-11-07,Becky Hill,outlook.com
ACCf80fba2e51,2026-02-08,Lance Clarke,yahoo.com
ACC9c81bf941f,2025-01-19,Connie Carpenter,icloud.com
ACC8e2a9c8f63,2025-05-21,Cheryl Lamb,gmail.com
ACCb89e4ca3ae,2024-11-02,Kevin Jimenez,outlook.com
ACCa9060cde0d,2025-07-18,Sarah Taylor,icloud.com
ACCcf4d649293,2025-08-06,Vincent Fuller,outlook.com
ACC7e812bf34d,2025-04-18,Crystal Flores,yahoo.com
ACCa8a5c59810,2025-06-16,Paula Dixon,gmail.com
ACC9713694b53,2025-11-26,Jeremy Mack,outlook.com
ACCf843b128d4,2026-04-11,Ann Myers,outlook.com
ACC199e8bb41d,2025-02-13,Morgan Jensen,outlook.com
ACC07e23f5281,2025-01-12,Johnny Barnes,outlook.com
ACC23b4a0fa08,2026-05-17,Katherine Davis,outlook.com
ACCf47de6391f,2024-10-11,Jessica Lopez,gmail.com
ACC4f219844ef,2025-09-17,Erica Martinez,outlook.com
ACC1748108a88,2026-01-30,Alicia Stark,icloud.com
ACC79b5dec0d7,2026-08-20,Deborah Giles,outlook.com
ACC7d96504168,2024-10-16,Alexis Sharp,icloud.com
ACC2eba72931e,2025-03-15,Donald Hudson,icloud.com
ACC0b35e50819,2024-12-23,Tiffany Meyers,outlook.com
ACCfe41003eb6,2025-06-21,Joshua Garcia,yahoo.com
ACC8679474d77,2026-03-27,Jessica Valdez,icloud.com
ACCf07868283f,2026-02-09,Johnny Graham,yahoo.com
ACC6053a92bbb,2025-11-19,Matthew Petty,yahoo.com
ACCe1fb326c45,2025-03-04,Tracey Davis,gmail.com
ACC9cb0801caf,2025-04-25,Lauren Hayes,gmail.com
ACCa7f5837a3f,2026-08-24,Jennifer Miller,icloud.com
ACCcd928b46fe,2025-07-01,Sarah Wood,icloud.com
ACC27c5fad871,2026-07-01,Brittany Rowland,outlook.com
ACC4cbed2abbb,2025-06-13,Alexis Day,outlook.com
ACCb87860cfed,2025-09-13,Kayla Miller,gmail.com
ACC906d6493dc,2025-08-20,Kathryn Peterson,yahoo.com
ACC0318eb2278,2026-07-18,Daniel Montoya,gmail.com
ACC7ca7f8ee0c,2025-06-29,Joseph Day,gmail.com
ACCe33994fc6b,2024-12-18,Philip Cummings,icloud.com
ACC408a62a788,2024-12-05,Mark Johnson,outlook.com
ACCb8164b2fbe,2025-11-10,Tammy Poole,gmail.com
ACC2bb8563603,2024-10-05,Timothy Thompson,icloud.com
ACCc064274fc4,2025-09-15,Pamela Williams,outlook.com
ACCeaad7afd50,2025-06-14,Joshua Ferrell,gmail.com
ACC8069f55b05,2025-03-04,Joel Woodard,outlook.com
ACC9cced2d021,2025-05-09,Ruben Paul,outlook.com
ACC7d70b7adb2,2025-12-20,Grace Munoz,icloud.com
ACC6b27497743,2026-01-06,Douglas Pacheco,icloud.com
ACCc0d1ddfc1b,2026-04-29,Joshua Miller,yahoo.com
ACC653e8fb7bd,2024-10-22,Maria Martinez,outlook.com
ACCb4ffccb80f,2025-06-22,Marisa Schneider,gmail.com
ACCf311e2110a,2025-11-06,Ronald Lyons,icloud.com
ACC52f5e9ba83,2025-01-03,Billy Barton,yahoo.com
ACC3cd40f680d,2026-04-02,Richard Silva,gmail.com
ACC1e863590c1,2024-10-05,Jerry Campbell,outlook.com
ACCba7c6f061c,2026-04-26,Stacey Elliott,icloud.com
ACC7da93858f8,2025-02-23,Michael Beltran,yahoo.com
ACC0ab52bef28,2025-06-26,Justin Beasley,icloud.com
ACC6f4efcb1ca,2026-01-28,Cynthia Lopez,gmail.com
ACCcf853d5f44,2025-05-20,Laura Miller,icloud.com
ACC415307d9c3,2025-10-28,Eric Arnold,yahoo.com
ACCd1425d239e,2026-01-08,Edward Sanchez,yahoo.com
ACC7eb4c6a27c,2026-06-26,Rachel Brooks,icloud.com
ACCd140634306,2025-11-08,Michael Diaz,yahoo.com
ACC838dd0a3dd,2024-12-04,April Baker,yahoo.com
ACC727848bc60,2025-04-04,Ashley Williams,gmail.com
ACC2c9b491971,2025-05-09,Kristina Curtis,gmail.com
ACC2e56ef0c5e,2025-12-06,Erica Knox,outlook.com
ACC828d4250e7,2026-03-28,Tiffany Torres,yahoo.com
ACC43f1758557,2025-05-24,Richard Lee,icloud.com
ACC242f12a57f,2025-02-14,Nathaniel Terry,gmail.com
ACCd15ebb4e7b,2026-04-01,Ashley Klein,outlook.com
ACCdd40d78fa7,2025-02-26,Jonathan Rhodes,gmail.com
ACC4dafdd9ae4,2026-07-04,Hunter Whitaker,icloud.com
ACCdfcf7da136,2025-04-13,Sandra Williams,outlook.com
ACC42f0785737,2025-02-07,Chelsea Morris,gmail.com
ACC83489e1bef,2025-07-03,Rachel Fowler,gmail.com
ACCab3bea6d08,2025-09-22,Kimberly Munoz,outlook.com
ACC1b2eaff9cd,2024-09-17,Jacob Reynolds,gmail.com
ACCc1d3578878,2024-12-25,Jeffrey Vazquez,gmail.com
ACC3b7c61b5ee,2026-05-09,Gerald Frederick,gmail.com
ACCbb775d00c5,2025-06-06,Beth Stout,gmail.com
ACC4fcf353d28,2025-03-03,Lynn Lewis,gmail.com
ACC5b4573e09a,2025-12-27,Charles Dunn,icloud.com
ACCfe783ec3ac,2025-08-20,James Thomas,outlook.com
ACC8243ed43bc,2025-01-21,Hannah Allison,icloud.com
ACC97d41ac53a,2026-05-19,Brittney Simon,gmail.com
ACC2ed90a2547,2025-10-20,Debra Mckenzie,outlook.com
ACC3d9b2a9019,2025-02-10,Francisco Vaughn,icloud.com
ACCf3a7f63c45,2025-11-18,Theresa Hansen,gmail.com
ACC96310c2819,2025-12-13,Tiffany Michael,gmail.com
ACC3dadf12d19,2025-06-03,Jeremy Ingram,icloud.com
ACC409551101c,2025-03-21,Angela Blankenship,outlook.com
ACC32b5f18873,2025-05-06,Christopher Cook,icloud.com
ACC738f4a40fe,2024-09-18,Thomas Taylor,yahoo.com
ACCbd9cbb59b1,2025-09-12,Tyler Parker,yahoo.com
ACC16a9c62bd3,2026-08-06,Holly Morgan,outlook.com
ACCff86d34b2c,2026-06-01,Monique Rogers,outlook.com
ACC3767778747,2026-08-03,Patricia Camacho,outlook.com
ACC6276f4cab2,2025-03-23,Jeffrey Lester,yahoo.com
ACC209fde3fb2,2025-04-14,Jack Montgomery,gmail.com
ACCe4b5457966,2026-04-26,Kelly Jones,outlook.com
ACC205d9540d2,2026-04-14,Catherine Silva MD,outlook.com
ACC0b613b19a1,2025-01-15,David Jenkins,icloud.com
ACCf9bb9717fe,2026-02-03,Brandon Black,outlook.com
ACCf37eccdc39,2025-05-24,Anthony Edwards,outlook.com
ACCe270477c53,2024-09-06,Scott Frost,icloud.com
ACCb0dfa52c7d,2025-07-19,Stephanie Mendoza,icloud.com
ACCf47edf0beb,2026-07-27,Mark Walker,icloud.com
ACCc3fcdaa130,2024-10-25,Colleen Aguilar,gmail.com
ACC78e991f145,2025-01-08,Ariana Simon,icloud.com
ACC4097d18ae0,2026-08-03,Michael Weaver,icloud.com
ACCd015e6102c,2025-03-25,Ashley Walker,gmail.com
ACC8db393dcde,2025-09-09,Anna Morales,icloud.com
ACCe2075e0eb0,2026-01-18,Brenda Powell,icloud.com
ACCfefd4ee4e3,2026-08-28,Christine Parker,gmail.com
ACC08a0e8e7b1,2025-11-29,Sarah Meyer,yahoo.com
ACC1a13e3e882,2026-03-29,Karen Rodriguez,icloud.com
ACCa19739a8b5,2026-04-20,Jessica Anderson,outlook.com
ACC82818971f0,2025-06-03,Jessica Smith,icloud.com
ACC35c2db720f,2026-05-24,Carl Sanders,yahoo.com
ACC1cf23ece1a,2025-09-27,Tracy Williams,yahoo.com
ACCaf5f7573ef,2025-07-12,Alexander James,gmail.com
ACCc6c3a522bb,2026-08-04,Frank Lopez,outlook.com
ACCe3e8aaaf06,2025-09-07,Ruben Berger,outlook.com
ACCec5f153041,2025-01-15,Laura Wright,gmail.com
ACC94932f0cbf,2025-05-04,Alison Wagner,yahoo.com
ACCe80a084ae7,2026-03-22,Katrina Hickman,outlook.com
ACCc4f04425af,2024-11-08,Audrey Rodriguez,yahoo.com
ACCbc2c56bf4e,2025-07-01,Alice Cruz,outlook.com
ACC7de477edc8,2026-03-06,Julie Gamble,outlook.com
ACC1373c91922,2025-09-02,Gilbert Davis,gmail.com
ACCa4382f6709,2025-05-18,Jason Love,icloud.com
ACC55884a180d,2025-03-10,Shelby Alvarez,icloud.com
ACC313f0d47f8,2024-10-06,Brian Mcgee,icloud.com
ACC179a4e7c81,2025-02-21,John Guerrero,gmail.com
ACCfdb6b0291c,2025-01-09,Catherine Barnett,yahoo.com
ACCd86beddf70,2025-03-17,Terry Davies,outlook.com
ACC99696bc22b,2026-08-28,Mrs. Heather Cunningham,outlook.com
ACCd3a278ce27,2026-03-23,Courtney Little,outlook.com
ACC3deee290ce,2026-04-05,James Jones,outlook.com
ACC4d0e750ba4,2026-07-10,Gina Hansen,yahoo.com
ACC5f60aea4b8,2025-08-13,Sharon Cross,gmail.com
ACCf8d6fe4915,2024-12-24,Taylor Cameron,yahoo.com
ACC3e4ef687a2,2024-09-13,Sean Humphrey,icloud.com
ACC48bc34990f,2025-07-06,Douglas Gallagher,icloud.com
ACC64d33f8fe3,2025-12-27,Amy Townsend,gmail.com
ACC02d9555cd4,2026-07-18,Joan Perez,icloud.com
ACCed82dba927,2026-04-11,David Christian,icloud.com
ACC408323053d,2026-06-11,Deanna Garner,yahoo.com
ACC27d430954e,2025-03-25,Deborah Prince,icloud.com
ACCe9d30701fb,2026-03-17,Amy Sanders,gmail.com
ACC0251c71c83,2026-03-09,Craig Sims,icloud.com
ACC4b27db8859,2024-12-24,Travis Cole,yahoo.com
ACCdf9730755f,2024-11-05,Stephanie Smith,outlook.com
ACC2a1a2c7548,2026-05-05,Taylor Pena,icloud.com
ACCb0193a7025,2024-09-11,Andrea Moody,gmail.com
ACCf372af38c1,2024-09-27,Ethan Kelly,yahoo.com
ACC70d62a92be,2025-03-24,Sarah Alvarado,yahoo.com
ACCf24ebf2c51,2025-09-03,Crystal Graves,outlook.com
ACCa0e9b7bca4,2024-09-20,Ronnie Lynch,icloud.com
ACCadb95bb78d,2025-01-31,James Beck,outlook.com
ACC6e04bbc4e7,2024-10-02,Courtney Clark,icloud.com
ACC3210fa3fae,2025-07-01,Anna Boyd,gmail.com
ACC464360e6ea,2026-07-13,Christina Johnson,gmail.com
ACC7bf388a02f,2025-08-18,Samantha Klein,yahoo.com
ACC93ab803105,2026-01-06,Rhonda Alvarez,outlook.com
ACCc8a5759211,2025-12-25,Tina Thornton,icloud.com
ACCde846fdac7,2025-07-01,Amy White,outlook.com
ACCec003c6caf,2025-07-08,Rachel Johnson,gmail.com
ACC0759cf75c3,2026-08-07,Susan Williams,yahoo.com
ACC3de29178d4,2026-03-19,Michelle Evans,icloud.com
ACC4a21ca0e6b,2024-12-18,Cassie Simmons,outlook.com
ACC826e3eea0f,2024-10-21,Jennifer Vasquez,gmail.com
ACC61c8ce8903,2025-01-12,Michael Gordon,yahoo.com
ACCe7fb9ab65b,2024-12-19,Joseph Weber,yahoo.com
ACCba9231903c,2026-08-06,Elizabeth Lopez,gmail.com
ACCaa0b07bf16,2025-10-28,David Ferguson,icloud.com
ACC3414cc94ad,2026-03-09,Clayton Hayes,icloud.com
ACCb50e6282c5,2026-03-25,James Kline,outlook.com
ACC9f3fd223ba,2025-09-08,Kevin Leonard,icloud.com
ACCcb28cf9d0c,2026-05-29,Tonya Hunt,gmail.com
ACCe958f23fed,2026-05-26,Nicholas Thomas,icloud.com
ACC4f4d97b6e0,2025-09-01,Anthony Lewis,icloud.com
ACCc2eba3df6f,2025-01-22,Larry Oneal,gmail.com
ACC0953fabe45,2025-02-21,Troy Stewart,outlook.com
ACC9f981b1a9b,2025-09-27,Andre Evans,outlook.com
ACCe54d2698be,2025-07-08,Jacob Love,outlook.com
ACC4b1392ded8,2026-08-12,Cynthia Stuart,gmail.com
ACC89caefae7f,2024-10-30,Lisa Adams,yahoo.com
ACC90f74d1e18,2024-11-27,Benjamin Mcgee,outlook.com
ACC6f6d78c0dc,2025-03-26,Melissa Guerrero,gmail.com
ACC2c799ade0d,2025-10-10,Jonathan Richardson,yahoo.com
ACC49ace0e49a,2024-09-06,Billy Wheeler,gmail.com
ACC8cf4cf39c7,2025-01-07,Sydney Reynolds,outlook.com
ACCf2438017f0,2025-11-29,Angel Webb DDS,icloud.com
ACC7fb684e90b,2025-07-29,Shelly Hart,yahoo.com
ACCb309d07941,2025-02-02,Sarah Rowland,yahoo.com
ACC244cf6b4d1,2025-01-02,Roger Long,gmail.com
ACC20bbc5828e,2025-01-14,Renee Davis,icloud.com
ACC62c6bf14a0,2025-11-20,Steven Patel,yahoo.com
ACCbd6eeb7565,2024-12-21,Betty Rose,gmail.com
ACC8ad731f60e,2025-11-29,Annette Lucas,yahoo.com
ACCcee8553b98,2025-10-21,Marcus Moore,icloud.com
ACC0fff7084d3,2025-05-09,Laura Rodgers,icloud.com
ACC10330b3d1c,2026-01-16,Rachel Smith,gmail.com
ACC2f460880ef,2026-04-25,James Ortiz,gmail.com
ACC15bd2c2302,2025-05-21,Lawrence Morgan IV,icloud.com
ACC1a8fb95846,2024-09-08,Garrett Mason,outlook.com
ACC22cb806e9a,2025-11-11,Christina Robles,gmail.com
ACC84b63f938b,2026-07-14,Jessica Harper,gmail.com
ACCb1a8a8d01b,2025-10-07,Sarah Brown,yahoo.com
ACC107b90414c,2026-04-17,Jessica Ramirez,icloud.com
ACC703614141a,2025-10-11,Denise Beck,outlook.com
ACC77c1614af4,2025-12-17,Sandy Taylor,icloud.com
ACC11f7d7aab1,2026-04-01,Christine Conner,icloud.com
ACC06478e2238,2026-07-17,Jason Hobbs,gmail.com
ACCea8ff3fc2d,2024-11-18,Donald Beck,icloud.com
ACC839b798e59,2025-11-24,Vincent Phillips,icloud.com
ACCe0f6f326c1,2025-06-12,Jason Watkins Jr.,icloud.com
ACC9e37043ebd,2024-09-16,Kimberly Martinez,yahoo.com
ACCcbb86df1c8,2025-09-24,Angel Webb,yahoo.com
ACC3733a6d3b4,2025-04-24,Joseph Lawson,gmail.com
ACC78bd8f69cf,2025-11-05,Cynthia Berry,gmail.com
ACC86a2ab43a6,2025-08-29,Kristin Smith,yahoo.com
ACCf5c239a9dd,2024-12-25,Dylan Guzman,yahoo.com
ACC80d5c0d586,2025-11-29,Paul Blackwell,icloud.com
ACCdc373ccb70,2025-07-21,Angela Burke,outlook.com
ACC7ea1673ee0,2024-09-16,Stephanie Brown,gmail.com
ACC18c9d82a73,2024-10-21,Dana Palmer,icloud.com
ACC8561718410,2026-05-20,Shawn Garcia,icloud.com
ACC55d608535d,2024-11-12,Nathan Shaffer,icloud.com
ACCf7e7e2281d,2024-10-10,William Fields,gmail.com
ACC0a577b4a09,2026-03-03,Amanda Cummings,icloud.com
ACC8febd34b75,2025-10-25,Angela Martin,gmail.com
ACC8b82beac83,2025-05-08,Willie Evans,icloud.com
ACCff246d4cf3,2025-05-19,Dawn Fisher,gmail.com
ACC8ba362aaec,2026-07-29,Alan Williams,yahoo.com
ACCb345960f05,2026-03-12,Casey Jenkins,gmail.com
ACC3594eb0a83,2026-07-05,Joseph King,gmail.com
ACCa85307bb88,2025-03-06,Nicole Haley,yahoo.com
ACCc2c1b9dc72,2026-02-22,Lisa Bowman,outlook.com
ACC502b7fdf14,2025-02-18,Kathryn Burns,gmail.com
ACC26bc4b205a,2024-09-08,Gabriel Jones,gmail.com
ACC6a481e2604,2025-04-02,Linda Benitez,icloud.com
ACC746a57bf82,2024-11-24,David Ramirez,yahoo.com
ACCd41e1f79e4,2026-02-24,Christopher Delgado,gmail.com
ACCa982bf9d32,2025-11-29,Arthur Morgan,yahoo.com
ACC39ae2f9553,2025-04-14,Amy Garrett,icloud.com
ACC2cadd417e7,2026-02-24,Laurie Adkins,gmail.com
ACCe0f345a2a1,2024-12-06,Anthony Wolf,yahoo.com
ACCf51d722a0c,2026-05-16,Carolyn Young,yahoo.com
ACC608f231e4b,2025-10-19,Matthew Sanchez,gmail.com
ACCd271a982c5,2026-06-29,Pamela Parker,icloud.com
ACC65c77de571,2024-10-12,Sandra King,gmail.com
ACC82b93fcdf0,2026-02-18,Kurt Shea,yahoo.com
ACC03cda6ac8c,2025-04-27,John Smith,gmail.com
ACC0d7c489392,2025-08-31,Robert Mays,icloud.com
ACCa65270354b,2025-06-02,Dylan Garcia,yahoo.com
ACC44d31fd55f,2025-08-27,Jennifer Kramer,gmail.com
ACC22cc89e4b1,2026-04-17,John Kramer,gmail.com
ACC7b29e1ce4c,2025-09-13,David Wall,icloud.com
ACCf2583161ea,2025-09-08,Teresa Dyer,yahoo.com
ACC0d88cdc374,2024-09-07,Dean Collins,yahoo.com
ACC19a77e0dc2,2026-04-26,Kenneth Kelly,gmail.com
ACC2d1ca6248e,2024-09-09,Patrick Green,yahoo.com
ACC5880fec358,2026-04-22,Jeremy Wade,yahoo.com
ACCf780529951,2026-04-01,Terri Hughes,icloud.com
ACC5599af7e3c,2026-08-03,Penny Greene,icloud.com
ACCd5f4665b24,2025-01-27,Alexander Sanders,outlook.com
ACC11b98de49f,2024-11-24,Mrs. Vanessa Colon,outlook.com
ACC8a1cc2bf14,2024-09-11,Sydney Dixon,gmail.com
ACCabd858b360,2025-07-09,Lauren Hines,icloud.com
ACCf2a394ebd4,2025-02-16,Billy Moss,outlook.com
ACC887a8e1ee5,2025-02-26,Jacob Williams,icloud.com
ACC84aee6050c,2026-04-23,Sarah Benjamin,gmail.com
ACC4111758181,2025-10-13,Kathy Diaz,yahoo.com
ACC44351f440d,2026-02-26,Joel Morris,gmail.com
ACCa9ccaebe4a,2025-01-26,Danielle Mcintosh,icloud.com
ACC699e735a58,2025-07-11,Barbara Collins,yahoo.com
ACCdca8811425,2024-09-12,Kyle Robbins,yahoo.com
ACC0f673eed89,2025-03-18,Robert Taylor,yahoo.com
ACCc50c662ed8,2026-01-17,Amber Turner,icloud.com
ACCd0fac3c9a7,2024-11-12,Megan Bryant,gmail.com
ACCef212eabc1,2026-03-16,Jennifer Aguilar,icloud.com
ACC3bbacc392b,2024-09-03,Michael Reyes,outlook.com
ACCb7e126ddd1,2026-04-02,Katelyn Walker,gmail.com
ACCed0fed4f13,2026-01-27,Linda Ford,gmail.com
ACC7488a0dd7d,2024-12-19,Bobby Buchanan,yahoo.com
ACC9d0f057c81,2026-02-23,David Nicholson,icloud.com
ACCe6a576b6cf,2026-06-09,James Clark,outlook.com
ACC3b655d204b,2026-05-14,Jeanette Hale,yahoo.com
ACCcbce8d7c52,2024-10-12,Jesse Miller,icloud.com
ACCf965df11ca,2025-07-13,Rhonda Fowler,outlook.com
ACC252eb1bdaf,2025-05-20,Pamela Willis,gmail.com
ACC79ec3b2bc6,2025-04-03,Matthew Avila,icloud.com
ACC3c059aad4c,2024-12-12,Kirsten Werner,icloud.com
ACC31b68d63a2,2025-12-18,Robert Warren,outlook.com
ACC2c80031d2c,2026-05-09,James Miller,outlook.com
ACCe80872286e,2025-06-12,Kristy Schroeder,icloud.com
ACCafe08b1814,2025-01-04,Wendy Hayes,icloud.com
ACC18c7e5d9e5,2025-02-09,Brandon Fitzgerald,outlook.com
ACCb36b88ae75,2025-09-04,Nicole Rivers,yahoo.com
ACC6d12e62f07,2025-12-25,Christopher Rodriguez,gmail.com
ACC8939de037e,2024-11-07,Steven Lee,icloud.com
ACCcd095280cc,2025-08-18,Juan Smith,outlook.com
ACCc61c49098a,2025-10-04,Lisa Smith,icloud.com
ACCc32182cbc4,2024-10-18,Jose Sellers,outlook.com
ACC98a7a28925,2025-07-26,Christopher Rodriguez,outlook.com
ACCc0d0706d5e,2026-04-28,Dalton Williams,icloud.com
ACC8387f895f0,2025-12-12,Nancy Chapman,yahoo.com
ACCca2e3839cc,2025-05-08,Matthew Price,gmail.com
ACC974037a81f,2026-04-15,Matthew Long,icloud.com
ACC5b558354d8,2025-07-13,Anthony Dudley,icloud.com
ACCd6d64c0a9a,2025-07-20,Meredith Bridges,outlook.com
ACCfe90a903ca,2025-08-29,Erica Hudson,yahoo.com
ACC92b9b76572,2026-04-23,Charles Thomas,icloud.com
ACCf9c8382dd3,2025-07-14,Kathryn Craig,icloud.com
ACC6f079fcf17,2025-07-13,David Jones,outlook.com
ACCbc77fbc024,2026-04-29,Timothy Barrera,outlook.com
ACC7f90560af7,2025-11-14,Sara Olson,yahoo.com
ACC2d18f85812,2025-07-18,Lindsey Simpson,outlook.com
ACCdefb316483,2025-06-16,Joshua Evans,outlook.com
ACC1a263a3908,2025-03-31,Renee Simon,outlook.com
ACC45cf338791,2025-03-01,Corey Smith,yahoo.com
ACCf7f007697b,2025-09-07,Dale Coleman,gmail.com
ACCc548dae913,2025-10-30,Austin Williams,outlook.com
ACCde15c31d5f,2025-05-31,Mr. Ray Oneill,outlook.com
ACC0a67d366e7,2026-01-29,Jon Gordon,yahoo.com
ACC850226963b,2026-08-22,Brent Thompson DDS,gmail.com
ACC49e1f64656,2024-12-23,Deanna Wagner,outlook.com
ACC384b916d25,2024-11-14,Kelly Lee,gmail.com
ACCe877c802a8,2026-07-25,Thomas Grimes,yahoo.com
ACC952affc02c,2026-05-14,Kimberly Martinez,icloud.com
ACC92bddf2c0b,2025-12-16,Cynthia Miranda,outlook.com
ACCadccc4f7c2,2025-11-08,Rhonda Richardson,outlook.com
ACC69032710d8,2025-10-10,David Dean,outlook.com
ACC3ef460c29c,2025-05-07,Kelsey Gonzalez,gmail.com
ACC2faaa5494d,2025-09-05,Crystal Carter,gmail.com
ACC43daf7dae1,2025-04-16,Jose Jones,yahoo.com
ACC49c6c083dd,2026-08-22,Beth Pitts,outlook.com
ACC6d085bd47a,2025-12-27,Judy Rosales,outlook.com
ACCc01dfdd376,2026-04-12,Christina Jenkins,outlook.com
ACC076c40b275,2024-10-18,Brian Mcclain,yahoo.com
ACC0e105aed53,2025-08-08,Emily Yoder,gmail.com
ACC5392ce51f8,2025-02-10,Lisa Snow,icloud.com
ACC4aab5423cb,2026-03-01,Abigail Dawson,gmail.com
ACC3da7137b84,2026-03-31,Dylan Hernandez,outlook.com
ACC18ce9f1c17,2026-07-14,Audrey Villa,outlook.com
ACC61e815fd73,2025-12-31,Brandon Maxwell,yahoo.com
ACC016a3c5f55,2026-03-21,James Harrison,yahoo.com
ACCb995be331b,2025-10-12,Erika Robles,icloud.com
ACC7184e23b90,2026-04-05,Julie Mathis,outlook.com
ACC7257084ab1,2026-05-07,Lisa Hernandez,outlook.com
ACCb110314174,2024-11-15,Crystal Frye,gmail.com
ACC891561fc61,2026-03-28,Sherry Curtis,yahoo.com
ACCae02a312ef,2025-09-29,Robin Rice,icloud.com
ACC964a2337c1,2025-10-03,Samuel Johnson,yahoo.com
ACC76c9e38135,2024-10-15,Mrs. Lauren Smith,outlook.com
ACCe5f85d3848,2025-05-29,Clinton Johnson,gmail.com
ACC9dede6ab5d,2025-09-24,Alicia Vaughn,gmail.com
ACCa4a593ad6b,2026-02-23,Kelly Taylor,yahoo.com
ACC700439993c,2026-07-09,John Jones,yahoo.com
ACCa99890ce70,2025-01-26,Robin Rhodes,outlook.com
ACC66ad6b3026,2025-09-20,Thomas Burns,outlook.com
ACC2f02d9bc62,2025-02-10,Zachary Montoya,icloud.com
ACC4e7d813bb9,2026-03-04,Jennifer Blankenship,icloud.com
ACC184635978a,2025-02-09,Peter Owens,yahoo.com
ACCd0ea68f4c6,2025-02-10,Mary Morrow,yahoo.com
ACC0673d66997,2025-08-21,Cheryl Davila,icloud.com
ACC6a31dce046,2025-11-25,Rodney Hayes,gmail.com
ACC7093aadc2a,2026-07-15,Julie Tran,gmail.com
ACC969fac379d,2025-11-05,Pamela Strickland,icloud.com
ACC7cd9ef86ff,2026-04-14,Melissa Alexander,icloud.com
ACC81d7ad72c4,2025-03-23,Cynthia Kim,yahoo.com
ACC744a70bdba,2025-03-28,Christopher Williams,icloud.com
ACCf6f5485153,2025-09-12,Brian Owens,icloud.com
ACC296be0d14d,2026-02-26,Steven Johnson,icloud.com
ACC2601e5afa8,2026-02-03,Austin Austin,yahoo.com
ACC36d71d36c9,2025-07-07,Ronald Williams,icloud.com
ACCe9dd28f125,2025-04-26,Jesse Black,gmail.com
ACC6e7dfb6a2e,2026-04-06,Tony French,yahoo.com
ACC833d531329,2026-04-22,Andrea Lopez,yahoo.com
ACC5262304b29,2025-11-21,Ashley Cortez,yahoo.com
ACCa344fba64e,2025-06-06,Patrick Collins,gmail.com
ACC19b08d24a8,2026-08-28,Mr. Andrew Barnes,outlook.com
ACC1d6e269a8b,2025-12-16,Barbara Mayo,yahoo.com
ACCdecf7d2aed,2026-01-08,Michael Shelton,icloud.com
ACC7c7211f4f3,2024-12-29,Gilbert Martinez,outlook.com
ACC3d891f12f8,2024-09-09,Kevin Fisher,yahoo.com
ACC8a06c65101,2024-12-23,Patrick Johnson,icloud.com
ACCc7ecdfbd9a,2025-09-22,Anthony Hernandez,yahoo.com
ACC8a33761c6f,2026-03-03,Joseph Bowman,gmail.com
ACC272ab09661,2025-06-20,Nicholas Bruce,gmail.com
ACCd9e93aedf7,2026-04-08,Emily Conner,icloud.com
ACCf59542f549,2025-01-18,Tyler Casey,icloud.com
ACCf6b84c02e9,2026-06-06,Diana Williams,yahoo.com
ACC472bf24e38,2025-08-18,Mary Mccoy,gmail.com
ACC4e477dc928,2026-03-31,Philip Carr,icloud.com
ACC8014019b0b,2025-09-06,Krystal Swanson,icloud.com
ACCd6c91d1ffe,2025-10-20,Andrew Burnett,gmail.com
ACCe41892756d,2026-01-02,David Gillespie,gmail.com
ACCc8d373c5c7,2026-05-14,Jennifer Ford,yahoo.com
ACC78b09d15b2,2026-07-17,Bruce Cain,outlook.com
ACC6cc750bbea,2025-05-29,Shannon Singh,outlook.com
ACCfed616ae1b,2026-08-22,Christopher Ruiz,icloud.com
ACC01c4126e98,2026-08-25,Jocelyn Davis,outlook.com
ACCb17f19bb73,2026-03-07,Shelby Walters,yahoo.com
ACC6c1cfc8ee4,2026-01-08,Catherine Perez,icloud.com
ACC186e4fb89b,2025-03-20,Nathan Walker,gmail.com
ACC8de8f6d537,2026-01-22,Justin Hutchinson,yahoo.com
ACC05d035f30d,2025-09-13,Douglas Powell,icloud.com
ACC951decf177,2025-10-14,Raymond Thompson,icloud.com
ACC7226e93c32,2025-12-18,Julia Scott,icloud.com
ACC08f725fc79,2025-08-06,Brady Farley,yahoo.com
ACC4013554d3b,2026-03-13,Deborah Lozano,gmail.com
ACC69270e004c,2026-04-06,Fernando Harper,gmail.com
ACC70954a3e31,2026-01-14,Marvin Bennett,gmail.com
ACC570f516920,2026-05-30,Alyssa Underwood,yahoo.com
ACCd5b6754f08,2025-12-26,Joseph Miller,outlook.com
ACC95e47f945f,2024-11-19,Tyrone Jefferson,gmail.com
ACC5c53ca5497,2025-01-20,April Watson,icloud.com
ACCebd1dc5ed0,2026-04-30,Walter Hardin,outlook.com
ACC8bc8fd2aff,2026-03-26,Steven Watts,outlook.com
ACCd0e292e315,2025-11-15,John Savage,gmail.com
ACCc5273c87a1,2025-07-16,Jeffrey Mueller,icloud.com
ACC133b8e0f46,2024-12-26,George Rivera,yahoo.com
ACCd43e230b88,2024-11-21,Mrs. Martha Hammond DDS,yahoo.com
ACCe994290f30,2024-09-20,James Miller,yahoo.com
ACC0ce176da2b,2024-11-16,Jeffrey Kline,yahoo.com
ACCb3c7dadd2d,2025-01-21,Richard Irwin,outlook.com
ACC19b0528dd5,2025-01-06,Ruth Greene,outlook.com
ACCded051dc74,2024-09-06,John Savage,gmail.com
ACC80aac61f6e,2025-06-06,George Thompson DDS,gmail.com
ACCc7fdce8279,2026-02-19,Susan Tucker,gmail.com
ACCf2ec5d27f0,2024-11-12,Jacob Ramsey,outlook.com
ACC3c0722d438,2025-03-13,Ana Marshall,outlook.com
ACCb97ef82734,2026-01-15,Christina Leach,gmail.com
ACC473e13e2a0,2024-09-24,Nancy Meadows,outlook.com
ACCf369082d87,2025-12-28,Christopher Montoya,gmail.com
ACCa38c62c1ae,2024-10-20,Benjamin Shaffer,icloud.com
ACC1dc7441c27,2025-06-18,Tony Jarvis,gmail.com
ACC4c48e325a7,2026-01-23,Eric Valentine,yahoo.com
ACCc230b06626,2025-12-09,Nancy Lee,icloud.com
ACC14cf129c5b,2026-03-13,Deborah Walsh,icloud.com
ACCa4738e0512,2024-12-22,Donald Morales,icloud.com
ACCcf03312660,2025-09-16,Jerry Ellis,icloud.com
ACCdfafac0317,2025-05-19,Amanda Fleming,yahoo.com
ACCbb5cf80c4e,2026-02-08,Clayton Rodriguez,icloud.com
ACC629ed5ccfc,2026-07-28,Robert Vincent,icloud.com
ACC5c02c10afc,2026-04-23,Sylvia Mcdaniel,gmail.com
ACCfa767b4fd1,2025-09-23,Sarah Cobb,icloud.com
ACCacc6294a42,2025-06-05,Stephen Long,gmail.com
ACC32551afe8c,2025-10-18,Megan Gregory,gmail.com
ACC8ec7d07659,2026-03-27,Dawn Brown,outlook.com
ACC01c25b9675,2025-02-13,Jessica Elliott,outlook.com
ACC10756e445d,2025-09-08,Manuel Solis,gmail.com
ACC9c45e1343d,2026-07-12,David Flores,gmail.com
ACCf85356b5a6,2025-10-18,Mark Wiggins,yahoo.com
ACC3a63257d3c,2024-11-23,Patrick Delgado,gmail.com
ACC771cef7025,2024-11-21,Wendy Taylor,yahoo.com
ACC67b817cc5a,2026-04-04,Joy Nelson MD,outlook.com
ACC914e1652a6,2026-04-30,Patrick Walker,gmail.com
ACC91a0a96c22,2026-01-17,Andrew Huffman,icloud.com
ACC8ba0749fa5,2025-11-08,Kristi Johnson,icloud.com
ACC2660786816,2026-07-09,Brett Bowers,gmail.com
ACCbc05975844,2025-07-10,Eduardo Ayala,gmail.com
ACC3e517b69df,2026-01-07,Daniel Skinner,icloud.com
ACC808bbb2512,2025-05-17,Jennifer Obrien,icloud.com
ACCef46a27b51,2024-10-11,Isaac Jones,yahoo.com
ACCff87a31430,2025-05-08,Susan Wade,outlook.com
ACCfb33ef373e,2026-02-25,Alicia Craig,gmail.com
ACC54928c8ee7,2026-02-15,James Mckinney,outlook.com
ACC5c703355a5,2025-09-29,Shaun Thompson,gmail.com
ACCefb98b2c63,2025-01-01,Lisa Harrison,gmail.com
ACCf72b9e092c,2026-05-06,Billy Burns,gmail.com
ACC5aa0c1e4b6,2025-08-18,Christopher Smith,outlook.com
ACCeb3252b277,2024-11-16,Kevin Peterson,outlook.com
ACCa88c9126dd,2025-10-10,Kristie Barber,outlook.com
ACCcf1dd9f1f1,2025-04-15,Jennifer Figueroa,outlook.com
ACCefb9206c0c,2025-12-21,Daniel Nguyen,outlook.com
ACCf1ea9a1a28,2026-07-13,Barbara Anderson,icloud.com
ACCaf50b60516,2025-04-01,Kara Green,gmail.com
ACC7145bd5ebd,2025-03-06,Stephanie Anderson,icloud.com
ACC884d0f0da3,2025-09-30,Richard Shaffer,icloud.com
ACCa60872fd98,2025-12-23,George Jimenez,gmail.com
ACCf8239cbbb4,2025-01-12,Steven Baker,gmail.com
ACC86db6142a1,2026-08-16,Donald Murphy,gmail.com
ACC0d4fbd8853,2025-07-12,Rebecca Warren,outlook.com
ACCc2d9bbc880,2026-06-09,William Hall,icloud.com
ACC48da10dcac,2025-02-21,Shelby Stephens,yahoo.com
ACC6d4d8f0530,2025-06-23,Ralph Fuentes,outlook.com
ACC3afab3ab87,2024-10-08,Daniel Brooks,outlook.com
ACC4074a4d4ae,2025-02-16,Crystal Brooks,icloud.com
ACC09a5213640,2025-09-28,Maria Williams,icloud.com
ACCa2f089d90a,2026-06-17,Ryan Jackson,gmail.com
ACCb15631f061,2026-04-10,Christopher Jones,outlook.com
ACCc05ea687f6,2025-01-29,Anne Mcintyre,icloud.com
ACC1562337a34,2026-03-25,Sandra Evans,gmail.com
ACC647dcda542,2026-04-30,Amanda Arnold,yahoo.com
ACCa0819cd06a,2025-01-25,William Mullins,yahoo.com
ACC82221aa7bf,2026-03-26,Rhonda Burton,icloud.com
ACCf37fdcbb88,2024-12-10,Emma Jackson,gmail.com
ACCc36c0a049d,2026-06-24,Elizabeth Anderson,gmail.com
ACCf70be96744,2026-03-18,Cody Paul,outlook.com
ACC69bcce2b21,2025-08-18,Jamie Davis,outlook.com
ACC806455492e,2026-05-03,Adam Craig,outlook.com
ACCf0799e1368,2025-01-30,Tony Collins,outlook.com
ACC37f4165a22,2026-03-04,Heather Lewis,gmail.com
ACC3864a8212d,2024-10-31,Luis Wood,gmail.com
ACCa50d3e4110,2025-12-07,Chad Scott,icloud.com
ACC3e5dfb6c56,2026-07-04,Thomas Stanley,icloud.com
ACC316aafce5a,2025-11-22,Jocelyn Martinez,outlook.com
ACCac5dd389cf,2025-06-28,Kimberly Bradford,yahoo.com
ACC58e10aacc3,2026-07-07,Randy Fuller,outlook.com
ACCaf0cf1b01b,2025-06-29,Juan Rodgers,gmail.com
ACC0f56a628f8,2026-05-07,Tara Mcdowell,yahoo.com
ACCa0c65e7f8b,2024-10-16,Deborah Baker,gmail.com
ACC7a2e81980a,2025-12-21,Patrick Nelson,icloud.com
ACCa3c828f1d3,2025-03-18,Marcus Hines,yahoo.com
ACCb5460e3886,2024-11-03,Phillip Campbell,icloud.com
ACCe46fde38d6,2026-01-31,Joseph Yang,icloud.com
ACCea6e741940,2026-08-11,Eric Copeland,yahoo.com
ACCf00cf1b39a,2025-08-27,Heidi Johns,yahoo.com
ACC66abdab4ee,2024-10-15,Anna Bentley,outlook.com
ACCbe47ec03a1,2026-02-27,Debbie Nelson,outlook.com
ACCd023a102b2,2025-05-22,Todd Norman,yahoo.com
ACC2dfe5ce528,2024-10-09,Scott Sweeney,icloud.com
ACC533b85f41e,2024-12-03,Frank White,icloud.com
ACCca05ed95e4,2025-09-26,Brooke Gilmore,gmail.com
ACC3159f637f5,2024-12-01,John Rivera,yahoo.com
ACCf3941357a4,2026-04-29,Tracy Howard,gmail.com
ACC5d8f227030,2025-04-02,Toni Tapia,outlook.com
ACC69203d3eee,2025-12-17,Timothy Bowman,outlook.com
ACCa94c037829,2025-06-18,David Price,yahoo.com
ACC25584ec8ca,2024-11-15,Michael Harris,gmail.com
ACC2ecf3530d1,2026-04-14,Chris Hopkins,gmail.com
ACCfcce5b5960,2025-03-24,Michael Torres,outlook.com
ACC28fb139858,2026-01-03,Raymond Henderson,gmail.com
ACCd736b54faf,2025-12-21,Kristin Thomas,outlook.com
ACC75399cf36b,2026-05-17,John Harper,gmail.com
ACCbb927baab6,2025-02-17,Henry Luna,gmail.com
ACC665d49403f,2025-05-30,Elizabeth Brown,outlook.com
ACCd00aa0b330,2025-08-30,Jeanette Escobar,outlook.com
ACC2ba590ffb1,2025-04-28,Sarah Jackson,yahoo.com
ACC9aa2d3472f,2025-12-08,Alexandra Tucker,gmail.com
ACCebecf4354e,2026-02-09,David Johnson,outlook.com
ACCff1b09dd9f,2026-05-14,Tara Phillips,outlook.com
ACC909ae9e46c,2024-09-28,Amanda Diaz,outlook.com
ACC1b07efce56,2025-09-16,Dawn Brown,yahoo.com
ACC84c7c3df33,2024-10-24,Timothy Collins,yahoo.com
ACCa482bb4b8f,2026-08-24,David Gomez,outlook.com
ACCb56db6ef1d,2026-08-18,Allison Anderson,icloud.com
ACC04b80919a6,2026-02-05,Jennifer Christensen,outlook.com
ACC8b44d4a45d,2025-06-10,Jordan Ortega,yahoo.com
ACCf5403dd7d3,2026-01-29,Angela Ballard,gmail.com
ACC375aad4274,2025-06-07,Melissa Bailey,gmail.com
ACC518b62c409,2026-07-30,Jessica Lee,outlook.com
ACCc4dec5fb3a,2024-09-23,Christopher Johnson,gmail.com
ACCbc6f4219f9,2024-09-04,James Alexander,outlook.com
ACC1c3dab86be,2025-09-25,Mr. Keith Stark,yahoo.com
ACCd6faf94bec,2025-09-01,Joshua Case,yahoo.com
ACC183e009711,2025-05-18,Jesse Smith,yahoo.com
ACC0ff43ca0b7,2026-06-14,Steven Stephenson,gmail.com
ACC7e2854aa7d,2026-06-30,Roberto Haney,yahoo.com
ACC413348dcbd,2025-06-21,Crystal Hart,outlook.com
ACC1b99fdd3d2,2025-01-24,Barry Sloan,outlook.com
ACC0c5727304f,2024-12-25,Katherine Riddle,outlook.com
ACC250e191448,2026-05-18,Joseph Moore,outlook.com
ACC0d6a2267b0,2025-08-16,Carolyn Fox,yahoo.com
ACCfe317d2ee0,2026-02-20,Melissa Kaufman,icloud.com
ACC11b30c47c6,2026-01-15,Jennifer Mays,outlook.com
ACC88880964cd,2024-12-24,Betty Wright,gmail.com
ACC903d76b43f,2025-09-14,Sean Hernandez,outlook.com
ACCbaa99cb70a,2025-01-20,Carol Woodward,outlook.com
ACC5fb8b2285a,2026-04-30,Stacy Butler DDS,yahoo.com
ACC9c6be208ef,2024-10-09,Cynthia Cox,icloud.com
ACC9c2459ce8e,2024-09-21,Jon Ellis,icloud.com
ACC7d20ca8219,2025-05-19,Brian Valencia,icloud.com
ACCf355dbc5ca,2025-07-31,Robin Stephens,yahoo.com
ACCe420df143f,2026-06-16,Edward Jones,gmail.com
ACCa9f59a723c,2026-06-26,Leah Gomez,gmail.com
ACCa890ffe713,2024-10-27,Pamela Norris,gmail.com
ACCf8d60b6cfc,2026-04-26,George Boone,outlook.com
ACCf026969a0b,2026-03-17,Kimberly Jensen,icloud.com
ACC9eeb3f1395,2025-01-16,Sharon Knapp,yahoo.com
ACC04f5e8cab7,2026-07-02,James Mcdaniel,outlook.com
ACC4b564204cd,2025-05-01,Daniel Holden,icloud.com
ACC573a44e940,2024-11-03,Craig Smith,icloud.com
ACC0163dcce7a,2025-11-22,Aaron Rice,outlook.com
ACCae548cef34,2025-01-21,Lori Weber,icloud.com
ACC97cd1a55df,2026-08-11,Andrew Alvarez,yahoo.com
ACC0d414d224d,2026-06-24,Robert Baldwin,gmail.com
ACC4ac2e829cd,2025-07-31,Brian Benjamin,icloud.com
ACC855fead629,2025-06-13,Amanda Davis,icloud.com
ACC931a7221ab,2026-04-03,Charles Stewart,yahoo.com
ACC72a0afe24f,2026-03-31,Brandon Williams,yahoo.com
ACCcf1566cafa,2024-11-15,Nicole Braun,icloud.com
ACC8adbed7993,2024-12-27,Linda Burns,icloud.com
ACC7b0ea1384d,2025-08-08,Robin Blair,gmail.com
ACC82a514dd01,2025-03-02,Julia Adams,gmail.com
ACC301020dd6f,2025-04-26,Jonathan Murillo,outlook.com
ACC22d643f75a,2025-01-26,Sandra Rowe,gmail.com
ACC620f461903,2024-11-30,Kimberly Bailey,gmail.com
ACCed51236c71,2025-11-16,Bryan Lee,icloud.com
ACCaaa264a64e,2025-06-30,Curtis Brown,gmail.com
ACCff5c9e83ef,2025-07-20,Kristen Baker,gmail.com
ACCc9d64827a0,2026-08-13,Nicholas Cortez,gmail.com
ACC8ce99407ab,2024-09-20,Beverly Velez,outlook.com
ACC01063f22d9,2025-09-04,Cynthia Roman,outlook.com
ACC9dc92c4b2e,2024-12-30,Danielle Mccoy,yahoo.com
ACC915d930127,2025-06-17,Leah Allen,outlook.com
ACC64c2e9d767,2025-01-25,Mr. Jonathan Lewis,icloud.com
ACC48c8ce64c0,2026-01-29,Grace Fox,outlook.com
ACC3f619fd4f2,2025-05-30,Leslie Graves,yahoo.com
ACC5519824efc,2025-01-19,Jasmine Mccall,icloud.com
ACC17cb80cb97,2024-12-31,Amber Reed DDS,icloud.com
ACC83bb865c65,2025-09-29,Susan Ross,outlook.com
ACC6b4b6b3ff9,2025-03-17,Zachary Kelly,icloud.com
ACCb182cb5d8e,2025-09-26,Nathaniel Jones,outlook.com
ACCbb0f944eb2,2025-05-25,Evan Adams,icloud.com
ACC8e5941ed13,2025-08-03,Tyler Gomez,icloud.com
ACCbb78d16869,2024-12-17,Steven Huffman,yahoo.com
ACCfed7d79a02,2024-09-19,Christopher Watkins,yahoo.com
ACC9fd7328359,2025-03-19,Kathryn Sherman,outlook.com
ACCb8b39ed427,2025-09-19,Francisco Henderson,yahoo.com
ACC70be53fa8b,2026-08-30,John Wells,gmail.com
ACC334528d7de,2026-05-13,Dr. Matthew Lewis,yahoo.com
ACC3c2a5c7a36,2026-01-21,Michele Guerrero,outlook.com
ACC6a9b3a04ca,2024-10-07,Madison Miller,outlook.com
ACC1bae71c175,2025-02-26,Ashley Gonzales,yahoo.com
ACC7fd0e71e93,2024-11-11,Ashley Mueller,outlook.com
ACC243179277f,2025-07-25,Jerry Holder,gmail.com
ACC587ce47c87,2026-04-13,Elizabeth Thomas,gmail.com
ACCada0edb08a,2025-01-25,Stacey Rollins,yahoo.com
ACC1bc39e1bb1,2025-09-29,Alex Smith,yahoo.com
ACC168c200203,2025-06-11,Penny Rhodes,yahoo.com
ACCc5a6c5cf4b,2025-11-03,Katelyn Rowe,gmail.com
ACC0d149b3226,2025-04-16,Sierra Elliott,icloud.com
ACC71ba7c996a,2025-01-22,William Haley,gmail.com
ACC784171788d,2025-03-24,Erin Mcclain,gmail.com
ACCf730ff921f,2025-01-11,Lauren Roberts,gmail.com
ACCb02c20459c,2025-09-06,Michelle Collins,gmail.com
ACC4c75e7905a,2025-10-29,Tiffany Bartlett,outlook.com
ACC5d2564a7a9,2024-12-03,Daniel Chen,icloud.com
ACC1c54966fc0,2024-12-24,Shannon Walker,yahoo.com
ACC1a6dd948a9,2024-10-26,James Fisher,gmail.com
ACCddfc50ecb6,2026-02-10,Heather Mathews,gmail.com
ACCc84f103034,2025-03-05,Lauren Sullivan,icloud.com
ACCcb76f9f29a,2025-09-03,Michael Mendoza,outlook.com
ACC3a998f2fdd,2024-10-19,Andrew Robinson,outlook.com
ACC6875cc6aac,2025-01-09,Kelly Garza,outlook.com
ACC185cb32315,2025-06-23,Erica Mercado,icloud.com
ACC57478785f9,2026-03-18,Susan Smith DVM,outlook.com
ACC6d47dd1e04,2024-12-24,Tami Harris,outlook.com
ACC06589a9e87,2025-02-21,Jill Wheeler,gmail.com
ACC4762ea135f,2025-12-29,Kelsey Berry,gmail.com
ACC38d93d5e02,2025-12-23,Lori Allison,icloud.com
ACCae3222ef14,2024-12-27,Felicia Wright,outlook.com
ACC1774be1f09,2025-12-06,Amy Barnes,yahoo.com
ACC60452266d5,2026-08-11,Andrew Olson,outlook.com
ACC0fcf7bca60,2024-09-04,Shane Henry,outlook.com
ACCc8339bead2,2025-01-22,Michael Hernandez,icloud.com
ACC34b84d4f59,2026-05-07,Susan Trujillo,gmail.com
ACC67cb7b265b,2025-12-05,Jane Garcia,yahoo.com
ACC34c8c43155,2025-11-21,Brandon Liu,icloud.com
ACC456cfd1615,2024-12-13,Janice Mcdonald,yahoo.com
ACC198559d5ae,2024-09-26,Joshua Dominguez,yahoo.com
ACC7eb309eae7,2024-10-24,Johnathan Ford,gmail.com
ACCdeaeee7ec6,2026-06-18,Olivia Jordan,yahoo.com
ACC4da9edd126,2026-04-23,Jose Alvarado,icloud.com
ACC0f1de6d84b,2024-11-13,Alicia Garcia,outlook.com
ACC5da5884fb2,2025-05-03,Eduardo Valenzuela,icloud.com
ACC76a5637859,2026-08-21,Tristan Brown,gmail.com
ACC7057c5143f,2024-10-15,Eric Mooney,gmail.com
ACC5fe64f6f45,2025-09-12,Carol Carter,gmail.com
ACC4d129f8931,2025-01-25,Christopher Noble,yahoo.com
ACC756ba1ed7b,2024-10-07,Brandon Mendoza,icloud.com
ACC7a2a6ed1b0,2025-02-01,Cynthia Gomez,yahoo.com
ACC9bcdd6502a,2025-11-09,Daniel Adams,icloud.com
ACC1692075dad,2025-08-16,Joshua House,gmail.com
ACC45e4c02561,2025-03-15,Heather Lee,icloud.com
ACC3572182709,2024-12-10,Heather Edwards,yahoo.com
ACCff48f96561,2025-02-28,Erica Shaw,yahoo.com
ACCc648eb8570,2025-03-22,Jasmine Jones,gmail.com
ACCe80e1f1694,2025-07-19,Gerald Figueroa,gmail.com
ACC085019f175,2024-12-09,Thomas Chen,yahoo.com
ACC1f3d195f60,2025-07-01,Amy Harvey,gmail.com
ACC6ad1c7331f,2025-03-31,Caitlin Davis,icloud.com
ACC7f73ac1b2f,2025-05-15,Sydney Campbell,outlook.com
ACCacf496760f,2024-10-04,Carolyn Smith MD,gmail.com
ACC2acaf27eea,2026-06-30,Stephanie Sims,icloud.com
ACCf105597b87,2025-07-11,Bonnie Casey,gmail.com
ACC26606d326c,2026-01-09,Allison Foster,gmail.com
ACCc5833af435,2025-08-11,Amy Brewer,outlook.com
ACCd2bca50237,2026-06-10,Rose Wong,icloud.com
ACC234bbd2eaa,2024-10-07,Mr. Christopher Graves,gmail.com
ACC1ae4ecabd4,2025-04-18,Stephen Brown,gmail.com
ACCf6b2b69cff,2024-10-16,Matthew Robinson,outlook.com
ACC22b8319cbb,2026-03-15,Natalie Morgan,gmail.com
ACC005cec6134,2024-12-10,Elizabeth Gonzalez,yahoo.com
ACCb9cfa94b94,2024-10-06,Curtis Moore,outlook.com
ACC5eaec6f44a,2026-06-22,Robert Franklin,yahoo.com
ACCe26f1b0de7,2026-04-03,Christopher Reynolds,outlook.com
ACCe4c17f17f1,2025-01-13,Jenna Riley,yahoo.com
ACC48828b9201,2025-07-08,Herbert Dougherty,gmail.com
ACC77ba989128,2025-08-23,Becky Anderson,gmail.com
ACCd71004b707,2025-06-12,Christina Bailey,gmail.com
ACC6522f0b289,2026-02-09,Timothy Martin,outlook.com
ACC0eb63dc70f,2026-02-19,Nancy Ellis,yahoo.com
ACCaf03acd1ba,2025-05-01,Mark Monroe,yahoo.com
ACCd3258151d0,2024-11-05,David Davis,gmail.com
ACC35e1e19cde,2024-12-24,William Moreno,icloud.com
ACC277792b03e,2025-08-19,Ronald Smith,yahoo.com
ACC860d249d8c,2025-06-27,Nicole Garcia,icloud.com
ACCfd7458f04f,2026-03-20,Angel Moore,outlook.com
ACC53f08502f6,2026-08-08,Tracy Moody,gmail.com
ACC17587597db,2026-01-03,Monica Christensen,icloud.com
ACCa87ea77c3b,2025-12-06,Deborah Ortiz,gmail.com
ACC4bf7b631cd,2024-11-22,Anthony Moore,icloud.com
ACC0cdb0bdab3,2024-10-12,Jason Martin,outlook.com
ACC2dbf9d6514,2026-05-08,Jill Armstrong,gmail.com
ACC1da5a62f47,2026-04-02,Crystal Prince,outlook.com
ACC0e9272e750,2026-02-18,Karen Ruiz,icloud.com
ACC133e7663de,2026-04-26,Ryan Flores,yahoo.com
ACC054f605980,2025-11-09,Bryan Castro,yahoo.com
ACC4bc190a7a8,2025-07-08,Andrea Howard,gmail.com
ACC1e2c4c7edb,2025-08-28,Nathan Russell,outlook.com
ACCeab58694e5,2026-06-27,Michele Taylor,icloud.com
ACC038986b5f8,2025-02-19,Patrick Howard,outlook.com
ACCa3d2ac852e,2026-01-20,Mario Berger,gmail.com
ACCbc897e32b0,2026-05-20,Tom Nunez,outlook.com
ACCeaa49bca9e,2025-01-01,Kimberly Young,yahoo.com
ACCc6698a14b6,2026-07-12,Jeremy Jenkins,outlook.com
ACCc27cddd0f1,2025-04-16,Amy Drake,icloud.com
ACC60115f20f5,2026-07-29,William Figueroa,icloud.com
ACC4223ba8909,2026-05-04,Sean Hunter,outlook.com
ACC97213609e8,2026-02-02,James Webster,icloud.com
ACC1907cbd11c,2025-05-04,James Williams,outlook.com
ACCe713d663f8,2026-08-15,Michael Gibbs,gmail.com
ACC0b77603fd3,2026-01-24,Jasmine Greer,outlook.com
ACC55bae3b3f3,2025-08-05,Amy Gallagher,icloud.com
ACC146187c448,2025-08-25,Brian Haney,icloud.com
ACCfae36058f2,2025-01-20,Robert Taylor,outlook.com
ACCa6c5bced01,2026-01-09,Susan Peterson,gmail.com
ACC1932711a94,2026-08-13,Joshua Morales,icloud.com
ACC001f27fccf,2025-04-28,Christopher Woods,outlook.com
ACC69ce6e6e20,2024-10-14,Matthew Myers,gmail.com
ACC8387c07477,2025-11-12,Teresa White,gmail.com
ACCd405d16016,2026-07-03,Joe Orr,gmail.com
ACC99875d8488,2026-02-17,James Ford,gmail.com
ACC5f7226250e,2024-10-15,Amanda Alvarez,icloud.com
ACCd008d5b01c,2024-12-07,Nicholas Skinner,icloud.com
ACCf386d1a39f,2026-06-21,Eddie Lucas,outlook.com
ACC871d1115c1,2025-12-05,Martin Nguyen,gmail.com
ACC580a9927a7,2025-10-17,Joseph Phillips,yahoo.com
ACCabc433cec1,2026-05-02,Annette Humphrey,yahoo.com
ACC4eda1ddbc6,2025-02-23,Joseph Jackson,yahoo.com
ACC38412cf8bb,2026-02-20,Carlos Francis,gmail.com
ACC3f2a6ad93a,2025-11-09,Steven Carpenter,outlook.com
ACC0fabea4105,2026-03-27,Frank Mcbride,outlook.com
ACCf17ba6c38a,2025-05-23,Amy Thompson,icloud.com
ACC7170de08c0,2024-11-06,Timothy Rowland,yahoo.com
ACCfcc766d6b4,2025-08-07,Leslie Gonzalez,yahoo.com
ACCdc5aad714a,2026-07-28,Hannah Gaines,gmail.com
ACC4178b8bfda,2024-12-25,Susan Goodwin,outlook.com
ACC7345803c9a,2025-11-07,Connie Smith,icloud.com
ACC8bda1c9d19,2026-06-06,Karen Black,yahoo.com
ACC5907d84505,2024-10-06,Brandi Frazier,yahoo.com
ACCca30a818d0,2025-02-13,Michael Gardner,yahoo.com
ACCf567ff02a4,2025-11-23,Travis Moore,icloud.com
ACCe4f26c02a9,2025-09-16,Justin Jones,icloud.com
ACC62d07470bd,2025-02-27,Pamela Peterson,yahoo.com
ACCcee5b3ffb5,2025-05-05,Joanna Ortega,gmail.com
ACCd3f4d36984,2025-06-01,Kimberly Peters,icloud.com
ACC4050af4bc6,2025-05-29,Lisa West,icloud.com
ACC24e916425b,2026-05-26,Jeremiah Price,icloud.com
ACC9c93595832,2024-12-21,Erica Burgess,outlook.com
ACC0beee59766,2025-10-06,Kathy Brewer,gmail.com
ACCe7e0f476e2,2025-02-18,Carlos Bridges,outlook.com
ACCcfacc66a74,2025-11-01,Sara Freeman,yahoo.com
ACC2e92a76155,2025-12-13,Elizabeth Garza,icloud.com
ACC9eb740b5bd,2024-11-13,Roy Allen,gmail.com
ACC89ea5007db,2025-04-30,Cory Reynolds,icloud.com
ACCf80adc38d5,2026-05-02,Ryan Kelley,outlook.com
ACC9f8e199f0b,2024-12-11,Shawn Morales,icloud.com
ACCb6234ae916,2026-03-11,Diane Wells,icloud.com
ACC59a7ce9d0f,2026-05-22,Shannon Wiggins,gmail.com
ACCb0501eaf63,2026-02-22,Manuel Moreno,gmail.com
ACCace9bbfbb0,2025-11-02,Scott Page,outlook.com
ACC4037e0827d,2026-07-23,Samuel Cooke,outlook.com
ACCdffec3d339,2025-05-12,Bradley Bennett,yahoo.com
ACCef09d9ffb5,2026-07-20,Amber Campbell,icloud.com
ACC89a40ed8fd,2025-06-27,Lawrence Jackson,icloud.com
ACCa40c3586ae,2025-06-17,Shannon Burgess,icloud.com
ACC1e7a529180,2026-07-31,Wayne Parks DDS,yahoo.com
ACC71fea5e5dc,2025-01-07,Jeffrey Lang,outlook.com
ACC3167db83cd,2026-06-20,David Romero,gmail.com
ACCf6dd4c109b,2024-10-27,Molly Mendez,yahoo.com
ACCb67dfcbd6d,2025-02-10,Paul Townsend,outlook.com
ACCcc4dc617e8,2026-06-03,Manuel Duffy,outlook.com
ACCd5051b4a4f,2026-07-28,Janice Boyd,icloud.com
ACCad6b0cd8e3,2025-03-04,Dennis Lang,icloud.com
ACC1d2a4b82f2,2026-02-18,Angela Weber,outlook.com
ACCbfd5b1700f,2025-05-16,James Sanchez,icloud.com
ACC69fb086c70,2024-12-19,Amy Robertson,icloud.com
ACCffb91eb2dd,2026-07-30,Aaron Ellison,yahoo.com
ACC1c39a95d6b,2024-10-07,William Luna,gmail.com
ACCe135ec86b7,2025-07-04,Gwendolyn Novak,outlook.com
ACC2e2b866a36,2025-03-27,Alicia Watson,icloud.com
ACC4901fd3c66,2026-05-30,Amber Perez,icloud.com
ACC12eb37b184,2025-06-09,Mariah Harris,yahoo.com
ACCa2c1b4df7f,2026-07-02,William Melendez,gmail.com
ACC32f616911f,2025-03-01,Philip Murray,gmail.com
ACC31d57a9eb3,2026-07-23,Virginia Farley,gmail.com
ACC55d115a96f,2024-12-20,Jade Contreras,yahoo.com
ACC1827ab2f0d,2026-08-10,Cynthia King,icloud.com
ACCdf0910db7b,2025-02-28,Christy Carr,outlook.com
ACCa757b412a7,2024-10-08,Joan Meyer,outlook.com
ACC59cc7b2b8b,2026-01-13,Judy Brooks,outlook.com
ACC5acf40adfb,2025-10-19,Robert Evans,yahoo.com
ACC8c8dc8f997,2025-03-26,Thomas Cox,icloud.com
ACC7a9ce1ac67,2025-10-31,Bonnie Hughes,yahoo.com
ACCffb46ba048,2025-01-28,Mark Bruce,icloud.com
ACC7b18b2fb9a,2025-09-18,Nicholas Turner,outlook.com
ACC6ac89855d1,2026-02-06,Brian Mclaughlin,outlook.com
ACCcd42010522,2026-04-11,Jennifer Jones,icloud.com
ACCfea3193c46,2024-11-04,Christopher Garcia,outlook.com
ACCeb34843deb,2026-04-21,April Douglas,gmail.com
ACC19922b1e88,2026-03-29,Elizabeth Smith,gmail.com
ACCbb9bb79f07,2025-03-21,Jennifer Alvarado,gmail.com
ACCc6273f9dcd,2026-01-12,Joe Fowler,outlook.com
ACC35bfd5e6d9,2025-11-14,Glenn Stephenson,yahoo.com
ACC95f97157d3,2025-08-01,Renee Murray,gmail.com
ACC6157ea3f1e,2025-09-30,Cristina Mills,gmail.com
ACC4560857150,2026-08-15,John Torres,icloud.com
ACC54405ebff5,2025-02-22,Michael Young,icloud.com
ACCebd0e1dc2a,2026-05-13,Yvonne Hoover,outlook.com
ACC99bc2a942b,2025-10-30,Adam Lopez,gmail.com
ACC736d6e0b95,2026-05-11,Charles David,yahoo.com
ACC47bafe5012,2026-03-24,James Moyer,outlook.com
ACC93e79dc8dd,2026-07-01,Michael Williams,gmail.com
ACCbc727ac2c4,2026-05-18,Ryan Church,icloud.com
ACCf9259c8d59,2024-10-30,Joshua Jones,yahoo.com
ACCee8559f950,2024-11-29,Mark Wells,yahoo.com
ACC37714203af,2026-03-14,Robert Shea,outlook.com
ACC35b3d4b54a,2025-01-23,Desiree Thomas,icloud.com
ACC8f49e0dd52,2026-04-04,Nancy Francis,gmail.com
ACCce2ff0be28,2025-03-18,Ethan Mclaughlin,icloud.com
ACCcac6aecce9,2024-12-13,Julie Scott,outlook.com
ACC8d233cc6a5,2025-11-11,Daniel Nguyen,outlook.com
ACC0ebea0bc4c,2024-11-15,Shawn Chandler,yahoo.com
ACC5774300387,2026-02-09,Margaret Sandoval,outlook.com
ACC20c316c528,2025-12-11,Ashley Gibson,icloud.com
ACC38ef7340b3,2025-12-13,James Swanson,icloud.com
ACC8e8a7eeb8e,2026-08-11,Juan Ruiz,gmail.com
ACCcd00c28d5d,2025-08-23,Rachel Gomez,icloud.com
ACC203e146def,2026-08-03,Rachel Patterson,outlook.com
ACCb88435b9af,2024-10-31,Megan Pacheco,gmail.com
ACCbcea469cbb,2025-10-30,Devon Garrett,outlook.com
ACCb44a9074ef,2025-09-27,Daisy Taylor,icloud.com
ACCdbc8981873,2024-10-31,Angela Steele,icloud.com
ACCe9c6a3897f,2026-04-23,Scott Butler,yahoo.com
ACC9423692e93,2025-05-29,John Weaver,yahoo.com
ACCeb1036b473,2025-10-09,Juan Mcmahon,yahoo.com
ACC1d4cdb08d0,2026-03-13,John Alvarado,outlook.com
ACCb9a985c324,2025-08-15,Michael Bowman,outlook.com
ACCe225a31d6a,2026-08-18,Jerome Williams,gmail.com
ACCcac1110126,2025-02-14,Elizabeth Williams,icloud.com
ACCecffd49ed1,2025-07-13,Eric Patel,gmail.com
ACCce29517f35,2025-06-22,Eric Sanders,outlook.com
ACCf23fd1b76d,2024-09-28,Theresa Martinez,yahoo.com
ACC5d3d86971e,2024-11-08,Marie Orr,gmail.com
ACCb234ae0054,2026-08-28,Jill Schroeder,outlook.com
ACC50667c1b7e,2025-10-16,Tony Lozano,yahoo.com
ACCda7e396899,2024-11-21,Crystal Holt,yahoo.com
ACCaf070156d9,2025-07-25,Marc Mosley,gmail.com
ACCc64d911bb4,2026-01-20,Kathryn Hodge,outlook.com
ACC3bc0edaa7a,2025-01-02,Shannon Smith,yahoo.com
ACC2c8077331d,2025-12-22,James Cook,outlook.com
ACC87f11653e6,2026-01-19,Gregory Cole,outlook.com
ACC6fa64d19d6,2025-03-19,Clifford Robinson,outlook.com
ACC960f30f602,2026-07-10,Shannon Swanson,icloud.com
ACC6bc06320e5,2025-01-12,Jonathan Wilson,yahoo.com
ACC3de206a30d,2024-11-15,Jennifer Boyd,gmail.com
ACCbda781fa6d,2024-11-02,Alex Bryant,yahoo.com
ACC8da2a4b407,2025-10-28,Teresa Lynch,gmail.com
ACC32e7f16268,2025-01-05,Erica Cortez,outlook.com
ACC35851ac10b,2026-05-14,Julia Brown,gmail.com
ACCa6e788a68b,2025-10-02,Alan Dunn,outlook.com
ACC4500591b66,2025-12-04,Adam Lloyd,outlook.com
ACCe295c68b54,2025-06-11,Daniel Miller,yahoo.com
ACC466658a7f3,2025-09-08,William Robinson,outlook.com
ACC63df7b1a64,2025-10-27,Stephanie Barrera,icloud.com
ACC1098047ae1,2025-09-25,William Nelson,yahoo.com
ACCbbefd2fa50,2024-10-14,Beverly Cortez,icloud.com
ACC63c5465d1f,2025-03-08,Jonathan Long,gmail.com
ACC3d38aa975b,2026-06-30,Sherry Vargas,icloud.com
ACCba19489fea,2025-01-08,Nathan Garcia,icloud.com
ACC23902f75a5,2026-08-14,Bryan Sweeney,outlook.com
ACC409d004cc8,2025-08-13,Gregory Cole,yahoo.com
ACC1088c303be,2025-06-11,Robert Duncan,gmail.com
ACC7dad9b1bbd,2026-03-22,Christina Wise,gmail.com
ACC81a1de523b,2024-11-27,Michael Boyer,yahoo.com
ACC78677794f5,2025-09-20,Daniel Carrillo,yahoo.com
ACCdb5d3600e9,2026-01-07,Sandy King,outlook.com
ACCb774c2817f,2025-04-10,Vincent Peterson,outlook.com
ACC0e81623b89,2025-03-08,Thomas Lee,yahoo.com
ACC9eaf7ca11a,2025-10-03,Monica Frost,gmail.com
ACC09fb9b8485,2025-03-02,Stephanie Morris,gmail.com
ACC107c43a314,2026-04-22,Theresa Rogers,yahoo.com
ACC85a7216d1e,2024-09-19,Christine Baker,icloud.com
ACC2ef0b44590,2025-05-30,Kimberly Powers,gmail.com
ACC769b78220e,2024-12-23,Eric Velazquez,yahoo.com
ACC40a95c385f,2024-10-20,Dustin White,gmail.com
ACCbac73ed41b,2026-04-30,Mary English,outlook.com
ACC0cf559d3c4,2025-12-17,Stephanie Edwards,yahoo.com
ACC5ee7a8db52,2026-06-18,Angela Moore,outlook.com
ACCef49fc8bec,2025-06-20,Kimberly Grant,gmail.com
ACC32fec539d0,2026-04-28,Sara Fox,icloud.com
ACCfc73ebbae9,2025-03-25,John Cain,outlook.com
ACCf4a8aab120,2026-02-18,David Davis,outlook.com
ACCba50aafad8,2025-10-31,Sara Bailey,outlook.com
ACC4c9a0f118f,2025-11-09,Jason Hartman,icloud.com
ACC51e10c753a,2025-06-18,Ricky Carter,icloud.com
ACCe7cbc8d94a,2025-01-13,Rebecca Williams,icloud.com
ACC74d2a1f1c5,2025-06-30,Thomas Gilbert,yahoo.com
ACC8f1f35ddb8,2025-12-01,Erin Payne DVM,yahoo.com
ACCedf61462f7,2024-12-05,Destiny Moore,icloud.com
ACC5bace37f55,2025-12-17,Adam Miller,gmail.com
ACC6315e4b128,2025-04-25,Joseph Gregory,gmail.com
ACC973a73575f,2025-12-29,Ryan Horn,outlook.com
ACC0a38347122,2025-01-19,Michelle King,gmail.com
ACCe73452fdeb,2025-04-09,Mackenzie Nguyen,yahoo.com
ACC208d9ff94c,2026-07-27,Amy Raymond,outlook.com
ACC016290f0ff,2026-03-07,Brenda Cox,icloud.com
ACC4c4b308029,2025-11-21,Cassie Miller,yahoo.com
ACC157b217d1c,2026-06-16,Briana Mcguire,gmail.com
ACCb412dc087d,2024-10-25,Steven Ponce,gmail.com
ACC6873c80e3b,2024-09-10,Dr. Heather Tanner,yahoo.com
ACC21914ef77c,2026-04-15,Benjamin Pollard,yahoo.com
ACC7ba3d4882a,2025-10-06,Ruben Barr,icloud.com
ACCa91bbb0267,2026-05-07,Stacey Collins,outlook.com
ACC398f1f6f64,2025-05-30,John Walters Jr.,gmail.com
ACC86c8c33e03,2025-03-12,Rachel Johnson,gmail.com
ACCd877197ff4,2026-05-28,Donna Vega,icloud.com
ACCde325fad82,2024-11-07,Paul Henry,outlook.com
ACC146aaf681d,2025-02-26,Jessica Martin DDS,gmail.com
ACC1b871f33d4,2025-09-25,Sara Nelson,yahoo.com
ACC2f6b9633f5,2025-04-10,Jason Johnson,gmail.com
ACC093b35b0c7,2026-02-09,Scott Fields,gmail.com
ACC12ef093b49,2026-03-18,Alejandra Castillo,gmail.com
ACC27d6aee60f,2025-09-27,Ashley Rivas,icloud.com
ACCbf884aea45,2025-05-08,Katherine Murphy,yahoo.com
ACCc03f629ed9,2024-10-10,Matthew Ross,yahoo.com
ACC6b1f5579af,2026-02-14,Stacey Rodriguez,icloud.com
ACC82832b7e38,2025-10-22,Joseph Moreno,yahoo.com
ACC802dfcec77,2026-08-29,Dustin Sanchez,outlook.com
ACC3981c031a2,2025-05-22,Mary Tanner,outlook.com
ACC613913efb7,2026-04-23,Karen Fuentes,yahoo.com
ACC4f1d4affcb,2026-08-27,Tonya Johnson PhD,yahoo.com
ACC4fde8f447e,2024-10-14,Eric Fuller,outlook.com
ACC6576315371,2026-02-28,Nicholas Dean,gmail.com
ACC81040d386b,2025-03-30,Kathryn Maldonado,icloud.com
ACC9e7b611b3a,2026-01-22,Christian Gillespie,outlook.com
ACC4eb39a452b,2025-10-31,Joanna Ellis,outlook.com
ACC3d4eb20981,2024-11-10,Sarah Oneal,gmail.com
ACCf818465c59,2025-03-08,Ms. Megan Hardin,gmail.com
ACCcf2c642c1c,2024-10-16,Christopher Brown,yahoo.com
ACCc697f6ec9f,2026-05-08,Thomas Wallace,outlook.com
ACC95fc430abe,2024-11-23,Francisco Green,outlook.com
ACC11bde36459,2026-04-18,Lauren Erickson,yahoo.com
ACC749770a07e,2025-04-03,Hannah Anderson,gmail.com
ACC14d9c8d412,2026-06-14,William Martin,icloud.com
ACCea36426669,2024-10-08,April Rowland,gmail.com
ACC7963091b06,2025-04-11,Eric Christian,gmail.com
ACC2b3bcd8ed8,2026-03-28,Selena Rowe,yahoo.com
ACC13adfdacfc,2026-06-24,Sarah Knight,gmail.com
ACC51518d9897,2026-04-06,Michael Baker,yahoo.com
ACCfb700975e6,2026-06-11,Katherine Garcia,gmail.com
ACCc399fa32a9,2025-02-25,John Johnson,icloud.com
ACCf805e8014e,2026-01-28,Jason Sullivan,gmail.com
ACCfc1b0471ee,2026-08-28,Peter Guerrero,gmail.com
ACCdd1d010366,2026-06-30,Dr. Steven Saunders,outlook.com
ACC9e3e2b457b,2024-10-30,Harold Jacobs,gmail.com
ACC1554af2199,2026-04-15,Kevin Perez,icloud.com
ACCb3372434d5,2024-10-13,Sophia Anderson,gmail.com
ACCa06b5e5a96,2026-03-23,Christian Rodgers,outlook.com
ACC2864132ad3,2026-01-18,Linda Woods,outlook.com
ACC03210cf114,2026-01-08,Jasmine Downs,icloud.com
ACC93ca4e103b,2025-09-02,Hannah Bryant,outlook.com
ACC43a997d6e7,2025-02-10,Karen Smith,yahoo.com
ACCe1890224ab,2025-02-05,Amanda Miller,yahoo.com
ACC17df3ed658,2025-06-15,Deborah Kelly,gmail.com
ACCaf72f0e971,2025-07-29,Sharon Murray,gmail.com
ACCd4f032c87d,2025-07-22,Cheryl Williams,icloud.com
ACC857c13525c,2026-03-24,Jill Haynes,outlook.com
ACC0927850e51,2026-06-07,Dennis Gonzales,gmail.com
ACC7583e80a7a,2026-02-25,Amber Frank,icloud.com
ACC62b0212302,2025-12-15,Jose Gibson,gmail.com
ACC8e173214b5,2026-07-19,Misty Watson,outlook.com
ACC133a5a5fd6,2025-05-03,Daniel Wiggins,yahoo.com
ACCae55c85395,2025-02-22,Mary Kent,yahoo.com
ACC9f6fa3e4d8,2025-08-15,Angela Warner,icloud.com
ACC10ee1db12d,2026-05-06,Andrew Brown,outlook.com
ACC641297c12c,2025-11-10,Micheal Smith,icloud.com
ACCdb96cb571a,2025-03-27,Samantha Roberts,yahoo.com
ACCec3e935cee,2026-05-14,Lisa Dunn,icloud.com
ACCa32ab59667,2026-08-18,Alexander Mcguire,icloud.com
ACC5bcc3e8241,2025-02-22,Haley Powers,gmail.com
ACC126205c98a,2025-09-11,Brandon Choi,yahoo.com
ACCa7ae5c00e7,2025-05-05,Mary Morgan,outlook.com
ACC6b0b5e2a75,2026-06-07,Emily Fleming,icloud.com
ACC387e3356cc,2026-08-24,Jeremy Pitts,yahoo.com
ACC86dc3d3703,2024-11-13,Christopher Goodwin,icloud.com
ACCb36534c363,2024-12-18,Jamie Guzman MD,yahoo.com
ACCb6fc0dd410,2025-02-16,Adrienne Montoya,outlook.com
ACCdad810a74b,2025-09-25,Christopher Nelson,yahoo.com
ACC36669013b9,2026-01-11,Monica Herrera,outlook.com
ACC56f3640afb,2025-03-17,Tyler Russell,gmail.com
ACC44acb74f3b,2026-04-26,Breanna Wilson,gmail.com
ACC393edf1c20,2025-02-09,Abigail Shelton,outlook.com
ACC51e495bfe3,2025-03-28,Mark Peterson,yahoo.com
ACC9355fcc31d,2025-07-05,Rebecca Fuller,icloud.com
ACC75959e7064,2026-02-11,Rachel Snyder,gmail.com
ACC8e55e64626,2025-04-03,Jose Rodriguez,outlook.com
ACC3f7d2a0338,2025-07-30,Michael Hardin,icloud.com
ACCb268175d5e,2026-06-29,Scott Jimenez,icloud.com
ACC1b1f799c30,2026-05-09,Dennis Riley,icloud.com
ACC000cff8378,2025-09-14,Justin Pope,icloud.com
ACC45c8afae1d,2025-08-11,Shelly Jackson,icloud.com
ACCe48afea755,2025-04-25,Jennifer Walker,yahoo.com
ACC23290a59eb,2025-02-11,Brandon Guerra,icloud.com
ACC7dff6f10ed,2024-09-30,Stephanie Marshall,gmail.com
ACC697582f18e,2026-04-03,Jessica Franco,outlook.com
ACC24ecc9c5c7,2025-12-25,Patrick Colon,gmail.com
ACCeb7130597d,2026-06-23,Sara Green,icloud.com
ACC448eac6019,2025-01-04,George Wall,gmail.com
ACC31e95991a4,2026-02-02,Kenneth Thomas,icloud.com
ACCef739a87c6,2026-07-02,Crystal Baxter,outlook.com
ACC5299e85994,2026-01-02,Claudia Williams,yahoo.com
ACCe64a658b9d,2025-08-19,Taylor Sanders,icloud.com
ACC1a6e612127,2026-05-13,Ariel Romero,gmail.com
ACC3cf771270c,2024-11-20,Scott Terry,gmail.com
ACCb3bd240f96,2024-11-20,Brian Moore,gmail.com
ACCb80e92d536,2024-10-23,Jared Webster,outlook.com
ACC3a67772524,2025-01-24,Janice Welch,outlook.com
ACCf07ceed4f2,2026-06-24,Pamela Joyce,yahoo.com
ACCe3c77c04b4,2026-06-16,Sarah Mccarty,icloud.com
ACC36fb3b05de,2024-12-13,Vickie Wilson,yahoo.com
ACCbf23850c78,2025-06-05,Antonio Benton,gmail.com
ACCb87030bf4e,2025-08-27,James Armstrong,gmail.com
ACCce4a75d6c0,2025-10-08,Alan Nichols,outlook.com
ACCf3784f3914,2025-06-22,Luis Sims,gmail.com
ACC6ffe34fde0,2025-10-06,Brent Gates,gmail.com
ACCd1d65c54e9,2025-09-11,Jillian Gill,gmail.com
ACC385fdf5a1e,2025-04-13,Alyssa Larson,icloud.com
ACC5a23bfc05a,2025-08-24,Monique Morgan MD,yahoo.com
ACCef72f197ba,2025-06-08,Diane Martin DDS,icloud.com
ACC8803026da4,2025-03-21,Priscilla Swanson,yahoo.com
ACC0050b17d02,2025-01-09,Ruth Frank,icloud.com
ACC041d5a5bd3,2025-04-17,Lori Wiggins,gmail.com
ACC125a14903b,2025-07-16,Austin Martinez,outlook.com
ACCd54c8d6aea,2025-12-08,John Gutierrez,yahoo.com
ACC861d00a5b5,2024-10-28,Matthew Willis,gmail.com
ACCa22c52b84b,2026-05-06,Monica Duncan,gmail.com
ACCa3f4710f5c,2025-10-12,Dr. Lauren Trevino,outlook.com
ACC7471a484c2,2024-11-25,Bryan Garcia,icloud.com
ACCe7c07e38d9,2024-09-10,Joel Rogers,gmail.com
ACCa31b5d4d13,2025-05-21,Valerie Lewis,outlook.com
ACCe575f68a57,2025-09-24,John Velez,yahoo.com
ACC8ed77d2725,2026-02-18,Brandy Woods,yahoo.com
ACC4a4f2047ff,2026-02-03,Penny Bell,gmail.com
ACC46186b5169,2025-08-08,Joshua Taylor,gmail.com
ACCa049ae3fd8,2026-05-29,William Nguyen,yahoo.com
ACC328d6a1f0f,2026-02-01,Susan Manning,gmail.com
ACC39664c88bf,2024-10-08,Brian Long,outlook.com
ACC1508da584e,2024-09-05,Luis Coleman,yahoo.com
ACCad20b55d26,2025-11-23,Adam Allen,yahoo.com
ACC14cc18c325,2026-08-13,David Davis,yahoo.com
ACCdfe1fd3c38,2025-05-19,Linda Dominguez,gmail.com
ACCab9740833c,2025-11-26,Stefanie Williams,outlook.com
ACC1537f697e9,2025-03-03,Tammy Martin,gmail.com
ACCc469102a19,2025-11-17,Paul Murphy,gmail.com
ACCa7c0c713fe,2024-11-21,Erica Ward,icloud.com
ACCd7181bc713,2025-02-04,Jared Erickson,yahoo.com
ACCaee3718298,2025-03-03,Anthony Long,gmail.com
ACC2520ac97df,2026-01-31,Lori Roberts,yahoo.com
ACCa78154b18f,2025-02-08,Joshua Payne,yahoo.com
ACC550f97f6fc,2025-12-11,Jessica Burke,gmail.com
ACCa1a1248921,2026-01-18,Ashley Crawford,outlook.com
ACC106f6e17c1,2026-04-23,Cole Kelly,yahoo.com
ACC1c024c7fa0,2026-02-09,Laura Pruitt,yahoo.com
ACC9347f2a7eb,2026-05-23,Todd Woods,outlook.com
ACC7b8f4e6b3c,2024-12-08,Chris Reynolds,icloud.com
ACCad48b5824b,2025-04-03,Joseph Luna,icloud.com
ACC631567c7a7,2026-05-10,Ashley Flores,icloud.com
ACCf5148e2c84,2025-11-26,Sharon Clark,yahoo.com
ACC856a516c8c,2025-08-30,Ashlee Hubbard,gmail.com
ACC22418a27f5,2026-08-28,Timothy Summers,gmail.com
ACC375c4b6f20,2026-08-09,Elizabeth Martin,gmail.com
ACCa5adb9d58b,2024-11-11,Susan York,yahoo.com
ACC073d7a6c02,2025-03-22,Jeremy Key,icloud.com
ACC7cfcf3449f,2024-09-20,Ashley Villa,outlook.com
ACCa590931311,2025-09-26,Vincent Rodriguez,outlook.com
ACC23a0d3e62f,2025-06-10,Scott Ross,outlook.com
ACC635e3d95c2,2024-10-14,Kara Owen,icloud.com
ACCb24bc34886,2026-02-11,Robert Johnson,icloud.com
ACC32f93918da,2026-04-09,Tina Massey,outlook.com
ACCb08fcbb92e,2025-03-29,John Beard,gmail.com
ACC67c9714a70,2026-03-01,David Davis,gmail.com
ACC1a44d7c966,2024-10-06,Timothy Willis,icloud.com
ACC49054c2318,2024-12-19,Albert Green,gmail.com
ACC1f84e3b07a,2025-01-01,James Martinez,yahoo.com
ACC77f81ef4f5,2024-12-12,Erika Steele,gmail.com
ACC6b7fc89539,2025-11-25,Jennifer Hobbs,icloud.com
ACC1b1c145fcb,2025-03-29,Melissa Sullivan,gmail.com
ACCda433cbcec,2024-11-10,Peter Hall,yahoo.com
ACC0cdc6e7032,2026-06-25,Robert Wright,yahoo.com
ACC0b192407b2,2025-04-19,April Ritter,gmail.com
ACC479b7bc622,2026-02-03,Priscilla Torres,icloud.com
ACCff859c6e85,2024-12-02,Christopher Weaver,icloud.com
ACC80e5691ac0,2025-03-29,Mr. Vincent Welch,icloud.com
ACCfb6cc95414,2026-03-31,Stephen Rivers,outlook.com
ACC7481b2b3f8,2024-11-07,Matthew Turner,icloud.com
ACCf489b4f682,2025-05-08,Michael Larsen,icloud.com
ACC4dd4361257,2025-04-03,James Norris,gmail.com
ACCabf0df8d0b,2025-04-24,Karen Goodwin,icloud.com
ACC7cb92efda8,2025-05-03,Billy Montgomery,icloud.com
ACC36fccc2096,2024-11-15,David Jones,yahoo.com
ACCb77131f717,2026-03-20,Joshua Olson Jr.,yahoo.com
ACC85553f5c82,2025-03-21,Heather Hudson,outlook.com
ACC95df507483,2025-04-03,Jacob Davis,yahoo.com
ACC8fd574eb46,2026-05-06,Robert Johnson,icloud.com
ACC7b13260eb2,2026-04-07,Christopher Mckenzie,outlook.com
ACC24cf8ff362,2025-02-02,Dana Stevenson,gmail.com
ACC786ead885f,2026-03-17,Janice Jones,yahoo.com
ACC8ad5b9a2b8,2026-08-11,Miss Teresa Campbell,outlook.com
ACC0c9820b842,2025-10-24,Stanley Beasley,gmail.com
ACCbaae0dd96b,2025-04-01,Mark Farrell,yahoo.com
ACC53b0f55ef4,2026-04-08,Charles Valdez,outlook.com
ACCf15936948c,2024-10-10,Erik Andrews,gmail.com
ACCde679371e2,2024-11-18,Erika Johnson,yahoo.com
ACC16e0d40457,2025-07-06,David Petty,yahoo.com
ACC01fcb71a30,2024-11-02,Adam Henderson,gmail.com
ACC266663d37e,2024-09-11,Victoria Little,icloud.com
ACCa99ee7753a,2026-06-04,Rebecca Clark,outlook.com
ACCbf54edba1d,2026-02-04,James Ellis,icloud.com
ACC61781ad8fd,2024-10-15,Amber Snow,gmail.com
ACC87bece7570,2025-10-21,Chelsey Park,icloud.com
ACCe123bf97e3,2026-05-17,Mary Barton,yahoo.com
ACC0a3614a812,2025-08-06,Douglas Wilkinson,gmail.com
ACC46082a907f,2026-03-27,Tyler Graham,icloud.com
ACCb14f306d12,2025-11-01,Tracy Arias,outlook.com
ACC22c883121a,2026-07-08,Sarah Banks,outlook.com
ACC280f397f17,2026-01-08,Robert Davis,yahoo.com
ACCedfb851d3a,2026-08-13,Sarah Clarke,outlook.com
ACC6658ef6e11,2024-11-01,Donald Mclaughlin,gmail.com
ACC4ccbfd5ecb,2026-08-14,Dr. Nathan Baldwin,outlook.com
ACC3846f9c34f,2026-03-31,Brenda Scott,icloud.com
ACCdc31d72072,2025-04-29,Leslie Colon,icloud.com
ACC0760dbe236,2026-03-27,Tracy Conner,yahoo.com
ACC7de05bb042,2025-06-07,Jamie Gonzalez,yahoo.com
ACC22af64e953,2024-10-17,Theodore Foster,icloud.com
ACC551fb0d4aa,2026-03-12,Blake Jackson,gmail.com
ACC9478d09b68,2025-03-18,Amanda Greene,gmail.com
ACC6605290280,2024-09-09,Michael Black,outlook.com
ACC6d21b2cd4f,2024-09-06,James Khan,outlook.com
ACCa6d7266e83,2025-02-07,Dawn Williams,outlook.com
ACCd8f3fedb99,2025-06-18,Sean Mendez,gmail.com
ACC2fa53a5ac1,2024-12-09,Janet Martinez,yahoo.com
ACC7370f70884,2025-06-05,Alexis Porter,gmail.com
ACC8ce6bf3a6a,2024-12-22,John Rivers,icloud.com
ACC40d503d2be,2025-07-02,Robert Hill,yahoo.com
ACC428a3ca4a8,2025-08-19,Lauren Lee,yahoo.com
ACC17a293764e,2025-07-21,Samantha Koch,yahoo.com
ACC44aff68974,2025-08-21,Robert Levine,yahoo.com
ACC048a29c1af,2026-06-30,Thomas Blackwell,gmail.com
ACC7d7adaeb16,2025-06-26,Louis Fleming,icloud.com
ACC74749276f7,2025-08-09,Kara Jenkins,yahoo.com
ACC0e3ce6ef93,2026-04-07,Michael Rowe,outlook.com
ACCb88b71b6d6,2025-09-17,Carol Thompson,outlook.com
ACC2e292061ba,2026-01-11,Joshua Wright,yahoo.com
ACCd42cebecbe,2026-02-11,Ronnie Sanford,gmail.com
ACCa2d781ff00,2024-12-31,Doris Cross,outlook.com
ACCa92a5cd80e,2025-04-17,Melissa Reed,outlook.com
ACC88e168a841,2025-10-24,Mary Mccann,icloud.com
ACC3a4d62bf4b,2025-07-26,Stanley Randolph,outlook.com
ACC862c557f81,2025-07-22,Brian Blair,yahoo.com
ACC327ddd6b22,2024-12-26,Stacey Zimmerman,yahoo.com
ACC53838d01b9,2026-01-26,Jason Simpson,gmail.com
ACCa78edbd3e0,2025-02-07,Kelly Cuevas,gmail.com
ACCd8ccb94fdc,2026-05-11,Jessica Davis,icloud.com
ACC2f2c2cbf82,2025-12-31,Ronald Williams,outlook.com
ACC070b31cd80,2025-12-29,James Parks,yahoo.com
ACCcdfa1a1f01,2026-08-12,Douglas Avery,outlook.com
ACCc780915aa4,2025-09-11,Deborah Willis,gmail.com
ACC3ccb40e802,2024-12-29,Lori Bond,yahoo.com
ACCb23161392e,2025-02-06,Brittany Mccall,gmail.com
ACC68e04d4006,2025-08-10,Clifford Brooks,icloud.com
ACC7ca5d83ab0,2024-09-29,Brittney Sanchez,icloud.com
ACC6854f01017,2025-10-26,Alexis Hernandez,gmail.com
ACCcd9e1f4873,2025-07-04,Tiffany Matthews,gmail.com
ACCa98a899ad5,2025-06-20,Joel Webb,icloud.com
ACCcd7f2a2d46,2025-02-10,Raymond Jones,icloud.com
ACC0ca0cc6d10,2025-01-15,Lindsey Thompson,gmail.com
ACC412cdd145d,2026-02-05,Amanda Mitchell,yahoo.com
ACCd9381fa169,2026-04-26,Christopher Lee,outlook.com
ACCa4aa4d73c4,2025-03-06,Diane Brown,yahoo.com
ACC591fea1773,2025-08-19,Jeffery Green,gmail.com
ACC5f22a205f4,2024-09-03,Mr. Robert Walters,icloud.com
ACC0419dfbb78,2025-07-19,Daniel Ward,yahoo.com
ACCd72a64a877,2024-12-13,Stephanie Powell,gmail.com
ACC150901e3ef,2024-10-04,Heather Rodriguez,yahoo.com
ACC0225149d77,2026-08-09,Jasmine Rivera,icloud.com
ACC73280fa3c9,2026-03-02,Dr. Carmen Glass DDS,gmail.com
ACCaa161ed9cf,2025-01-23,Shelby Howell,yahoo.com
ACCf5691d61bf,2024-11-23,Mrs. Catherine Cortez MD,yahoo.com
ACCfb691c95c0,2026-07-06,Anna Hawkins,icloud.com
ACCcfbed9508d,2025-02-17,Christina Padilla,icloud.com
ACC6c90b52116,2025-02-11,Sarah Burnett,yahoo.com
ACC9fb7ff472d,2025-11-20,Helen Daniel,gmail.com
ACC0f4b72e88c,2025-05-14,Amber Brady,gmail.com
ACC2a26e8df03,2025-05-14,Shirley Davis,yahoo.com
ACC0cb708bb8b,2025-03-11,Krystal Casey,icloud.com
ACC6f20318498,2026-02-15,Ann Freeman,icloud.com
ACC8345eafd5e,2025-02-25,Clayton Giles,icloud.com
ACC1119c7f0ca,2025-02-23,Mark Sanders,yahoo.com
ACC9dfbd84aca,2025-04-11,Patricia Archer,gmail.com
ACC20fba7803d,2025-06-03,Michelle Atkinson,icloud.com
ACCe69f056500,2025-09-02,Jennifer Brown,icloud.com
ACC446ed7ddb4,2025-12-29,Cheyenne Martin,yahoo.com
ACC2e2aa600aa,2024-11-26,James Rose,yahoo.com
ACC598fede53e,2024-12-15,Holly Ferguson,yahoo.com
ACC25587e57c0,2026-05-08,Timothy Gallegos,yahoo.com
ACC1201775c09,2024-12-03,Patrick Sellers,icloud.com
ACC9d8a64f7bc,2026-04-28,Brenda Hogan,gmail.com
ACC5cf0007739,2026-01-25,Kelly Rodriguez,yahoo.com
ACC34f3f260ba,2026-06-01,Janet Ray,yahoo.com
ACC1af19183d5,2026-03-16,Stacey Rogers,icloud.com
ACC8e50066725,2025-08-01,Victor Quinn,gmail.com
ACC9432f1c0fa,2025-12-05,Latasha Jackson,yahoo.com
ACC2eeecf6094,2025-12-12,Kevin Velasquez,yahoo.com
ACC706092da5e,2026-06-15,Jeffrey Foster,gmail.com
ACCb1be43b72e,2024-11-09,James Anthony,gmail.com
ACC103b7bb5e3,2026-02-23,Lisa Miller,outlook.com
ACC63c7f76952,2026-01-26,Jessica Barr,icloud.com
ACC430c4c9d56,2025-09-15,Matthew Bolton,outlook.com
ACC54180d1530,2026-06-12,Charles Hall,gmail.com
ACCf6d72cc6af,2024-09-15,Jordan West,outlook.com
ACC70f55da560,2025-12-20,Elizabeth Rodriguez,outlook.com
ACC0c3e041246,2025-11-19,Misty Key,outlook.com
ACCc269588ca1,2024-12-11,Jennifer Larson,icloud.com
ACCd81a557f04,2024-09-26,Isaiah Jordan,yahoo.com
ACC4224a0f250,2025-03-17,Donna Kelly,outlook.com
ACCb5cef02fee,2025-07-08,Melinda Chaney,icloud.com
ACC429c70af8b,2025-08-03,Ashley Garrison,yahoo.com
ACCb295e95d90,2025-01-21,Mrs. Susan Farrell,gmail.com
ACC41efdbb162,2026-08-29,Michelle Smith,icloud.com
ACCe419222d69,2024-09-05,Nicholas Jensen,icloud.com
ACCb73ceeef98,2025-01-27,Michael Soto,icloud.com
ACC9a354f258e,2025-09-26,Michael Garcia,outlook.com
ACC41f7bd357b,2025-01-04,Heather Mcdonald,yahoo.com
ACCb83ca4b134,2026-05-15,Antonio Bell MD,yahoo.com
ACC75f40f987c,2026-01-14,Michael Jackson,yahoo.com
ACC656201daa0,2025-02-12,Rebecca Thompson,yahoo.com
ACCa47bf21b21,2026-01-12,Sharon Campbell,yahoo.com
ACC260d4f2225,2026-01-30,Robert Wilson,outlook.com
ACC661087eca3,2025-04-14,Anthony Johnson,gmail.com
ACCddb4ac7ed3,2025-03-25,Bryan Jimenez,icloud.com
ACC0368e3947b,2026-04-17,Amber Stanley,yahoo.com
ACCd29ca43f4f,2026-01-25,Thomas Diaz,yahoo.com
ACC32445e1505,2026-08-11,Mrs. Erin Davila DDS,outlook.com
ACCda0520b8f9,2026-05-06,Robin Spencer,outlook.com
ACC4678c865c8,2024-12-05,Tom Freeman,outlook.com
ACC5d73a2fd32,2026-07-25,Donald Alexander,gmail.com
ACCfb50557550,2025-08-30,Jonathan Marshall,yahoo.com
ACC60a2416669,2026-06-11,Todd Carlson,outlook.com
ACCb46a29ada2,2026-01-03,Steven Medina,gmail.com
ACC207769dd68,2025-08-31,Terri Mcfarland,yahoo.com
ACC877cff5c98,2026-03-13,Jamie Adams,yahoo.com
ACC275f2212c2,2026-02-01,Molly Martin,yahoo.com
ACCa83b6f3157,2025-02-17,Jessica Reed,yahoo.com
ACCc0ce99eda6,2024-10-26,Jessica Jones,icloud.com
ACC2697330fe6,2026-02-13,Stephanie Griffin,icloud.com
ACC0ac16ed580,2025-04-21,Marie Booth,yahoo.com
ACC906ab62e11,2025-07-28,Jacqueline Cabrera PhD,yahoo.com
ACC0c0aac0baa,2026-02-06,Tyler Baker,yahoo.com
ACC3a2afdd2d7,2026-02-24,Samuel Padilla,yahoo.com
ACC2c16f76962,2026-01-26,Teresa Blake,gmail.com
ACC569c3277d0,2025-04-10,Eric Jones,icloud.com
ACC024a1ea849,2025-08-28,Anna Stewart,yahoo.com
ACC2d502991b3,2024-09-26,Eddie Rubio,icloud.com
ACC9b00ff2464,2025-08-16,Richard Tanner,gmail.com
ACC165aad9e7e,2025-08-15,Richard Smith,outlook.com
ACC7424ffabc5,2025-01-18,Angela Mitchell,yahoo.com
ACCafea6f4a4f,2025-09-07,Nathaniel Black,outlook.com
ACC6f34671fbb,2024-09-04,Shelley Martin,icloud.com
ACCb9abbe45f2,2025-11-22,Mark Weber,icloud.com
ACC5fb9accffd,2026-05-22,Angelica Kemp,icloud.com
ACCbdfb75dfdd,2026-08-06,Anne Santana,outlook.com
ACCd45a274e26,2024-09-06,Emily Jones,outlook.com
ACC85a9890b30,2025-07-23,David Cox,outlook.com
ACCbb8a1ffa2e,2025-04-23,Christopher Villanueva,gmail.com
ACC36c3743005,2025-12-04,Terry Brock,gmail.com
ACC2668fd6046,2025-01-02,Shannon Ruiz,icloud.com
ACC8e4838ace0,2025-02-20,Adam Martinez,icloud.com
ACCd7cc62da70,2025-05-20,Kelsey Harrison,icloud.com
ACC66882ed9e0,2025-09-17,Julie Washington,icloud.com
ACC3baa6a25d3,2026-07-05,Emily Mills,gmail.com
ACC30a8befac8,2025-12-09,Mary Burke,outlook.com
ACC9668e2aabe,2025-09-01,Douglas Alvarado,gmail.com
ACC4d39edba4f,2025-10-22,Amanda Cruz,icloud.com
ACC447c97b03f,2025-01-16,Thomas Harris,gmail.com
ACC681edbbe92,2025-01-20,Arthur Owen,icloud.com
ACC957845d5e2,2025-04-13,Eugene Daniels,yahoo.com
ACC3011d94958,2025-03-31,Kevin Cole,gmail.com
ACC1497363677,2025-06-10,Gregory Hall Jr.,outlook.com
ACC853e721fa5,2026-08-14,Craig Villarreal,gmail.com
ACC08811af6ec,2025-09-09,Garrett Taylor,icloud.com
ACC3fb80d510d,2026-06-25,Rebecca Brown,yahoo.com
ACC596ba7870f,2025-10-21,Claire Rodriguez,icloud.com
ACCfdd290a612,2025-07-15,Kathryn Salas,icloud.com
ACC05d93846f2,2025-05-13,Bianca Kirby,yahoo.com
ACC9cccd04af5,2025-01-26,Sandra Hunt,outlook.com
ACC35cb8db0c6,2025-11-12,Daniel Meyer,yahoo.com
ACCa504eba44c,2025-04-28,Morgan Thornton,gmail.com
ACC57b648d3dd,2025-11-03,Denise Henderson,yahoo.com
ACC9594966817,2025-09-09,Ronald Phillips,icloud.com
ACC8dc91b7c90,2026-05-26,Rhonda King,icloud.com
ACC05bcca3ab0,2025-09-18,Joel Olson,yahoo.com
ACCbd6c469747,2025-07-28,Wendy Pugh,yahoo.com
ACC3127713592,2026-07-13,John Gibson,outlook.com
ACCba37733e2b,2026-03-11,George Doyle,gmail.com
ACC5718fe8db7,2025-06-16,Erika Evans,icloud.com
ACC5d6bde677f,2024-12-02,David Graham,yahoo.com
ACCe747b41bd7,2026-05-08,Paula Ruiz,outlook.com
ACC54d3d46586,2024-11-03,Thomas Mason,yahoo.com
ACC37999bdcc4,2025-02-16,John Doyle,gmail.com
ACC8537a9d740,2025-07-06,William Scott,yahoo.com
ACC7f07d8a248,2024-11-23,Kyle Hale,icloud.com
ACC27808a03d0,2024-10-01,Courtney Gonzalez,yahoo.com
ACC02dddd4029,2025-10-03,Jocelyn Hayes MD,gmail.com
ACCc17e7e9093,2026-07-31,Janet Mercer,icloud.com
ACCca057a2983,2026-05-17,Shari Hill,icloud.com
ACCeccea4501d,2025-04-22,Terrence Carr,outlook.com
ACCe6b959b6eb,2026-01-27,Melissa Hill,gmail.com
ACC1936bf7016,2026-01-10,Robert Ball,icloud.com
ACC741e591eea,2024-10-31,Mark Oconnell,outlook.com
ACC4be892ea61,2026-07-14,Troy Davis,icloud.com
ACCf86171f3b6,2025-11-10,Connor Carey,gmail.com
ACC85eb6891cd,2025-06-15,Brett Anderson,icloud.com
ACCcb70bf3abb,2025-08-09,Sean Roman,icloud.com
ACCdaf55101a1,2026-03-25,Charles Glass,outlook.com
ACC941d012d35,2025-10-11,Stanley Keller,yahoo.com
ACC2252dd2c64,2026-01-01,Julie Cooley,yahoo.com
ACC7a89a42672,2025-02-13,Scott Hill,icloud.com
ACC0a98a2e292,2025-10-18,Michael Berg,yahoo.com
ACCbaeaaf06ea,2026-03-01,Lori Underwood,outlook.com
ACC1db8676782,2026-01-25,Grace Norton,outlook.com
ACCc559facb30,2024-10-31,Michelle Rivas,gmail.com
ACC52958cd80c,2025-06-06,Julian Graham,outlook.com
ACCd4edfea689,2026-07-05,Amy Acosta,gmail.com
ACC10132c9ed9,2026-01-11,Miss Casey Scott MD,gmail.com
ACC4674d25f3b,2025-05-19,Patrick Castillo,gmail.com
ACC931eb08ef3,2024-10-22,Jamie Howard,gmail.com
ACC14d66db7fa,2025-10-29,Albert Knight,icloud.com
ACC0e0c174309,2025-04-13,Zoe Mitchell,gmail.com
ACC2dad4e6a78,2026-02-03,Vanessa Hall,gmail.com
ACCbed42638bb,2026-05-10,Michele Meyer,icloud.com
ACCade4127e12,2025-04-16,Marcus Davenport,outlook.com
ACC48f27c4316,2026-06-06,Jennifer Carson,yahoo.com
ACC50dc8ac997,2026-01-18,Jacqueline Ayala MD,outlook.com
ACC460145219e,2025-08-25,David Walsh,outlook.com
ACCcd2f5a0007,2025-09-17,Nicole Robertson,icloud.com
ACCaab619b6a7,2025-07-25,Pamela Hoffman,outlook.com
ACCedd22fa886,2026-08-14,Kendra Stephens,yahoo.com
ACC279180b281,2025-07-08,Jennifer Miller,gmail.com
ACC5ec6688028,2025-02-13,Steven Smith,icloud.com
ACC09bdef582d,2025-06-30,Michael Davis,yahoo.com
ACC889019a694,2025-04-05,Jose Mahoney,gmail.com
ACCea03007537,2025-05-28,David Shields,yahoo.com
ACC17f1cdec88,2025-04-13,Kelly Frost,gmail.com
ACCdf05a3e2c7,2024-10-25,Courtney Rowe,gmail.com
ACC42b1571751,2026-01-27,Brenda Sanders,icloud.com
ACC502e88304e,2025-03-21,Stefanie Horne,gmail.com
ACC43fee57b69,2025-06-04,Alex Wilson,gmail.com
ACCe18d38e408,2026-01-06,Gerald Porter,outlook.com
ACC33c44fdc95,2025-01-06,Andrew Gonzales,outlook.com
ACCa7889e2840,2025-09-24,Dr. Shelby Spencer,yahoo.com
ACC4d48f72fb3,2025-12-31,Russell Vazquez,outlook.com
ACC77de2673d5,2024-11-17,Matthew Norris,yahoo.com
ACC15561f5beb,2025-03-30,Samantha Silva,icloud.com
ACC3bdbe9a064,2026-04-27,Sherry Davis,outlook.com
ACCb4b9ee0185,2026-06-14,Connor Miller,icloud.com
ACC5f6aecb6d5,2026-04-13,Matthew Jimenez,icloud.com
ACC77bf0b762d,2025-02-03,Roger Davis,outlook.com
ACC2261b5bf56,2025-06-05,Tyler Brown,outlook.com
ACCe43b14efcf,2025-05-25,James Fields,outlook.com
ACCbb6462b94a,2025-12-28,Sarah Hunter,yahoo.com
ACC58060a0928,2025-11-22,Max Hall,gmail.com
ACC60628611a5,2026-01-06,Kayla Johnson,yahoo.com
ACCebacdd259e,2025-03-13,William Stewart,outlook.com
ACC90c0929b73,2026-08-23,Nicholas Olson,yahoo.com
ACCf1bbff9ccf,2025-10-25,Michael Torres,gmail.com
ACC63144ab901,2026-06-21,Melissa Taylor,outlook.com
ACCc70049f180,2025-12-09,Pamela Martinez,gmail.com
ACCbd67688c5e,2025-10-18,Sean Smith,outlook.com
ACCe11cb6fb36,2025-12-15,Cynthia Miles,icloud.com
ACC81d1cc6fd3,2024-10-06,Ruth Stanton,gmail.com
ACC0ada7b814f,2025-02-18,Curtis Brown,outlook.com
ACC1880a63d24,2026-06-17,Lisa Koch,outlook.com
ACC2c8df15316,2025-08-08,Carol Sanchez,outlook.com
ACCf450671b0f,2026-05-23,David Green,outlook.com
ACCedf8e8281f,2025-12-13,Alyssa Holmes,yahoo.com
ACC257f5770b7,2025-05-30,Mr. Keith Turner,outlook.com
ACC15f6823a0e,2026-01-05,Amanda Orozco,outlook.com
ACC9300197429,2024-09-13,Laura Landry,gmail.com
ACCe7dd61dcc9,2025-02-27,Jason Maldonado,yahoo.com
ACC6a3195cf7f,2025-11-10,Jennifer Henderson,yahoo.com
ACCddf63fd95c,2024-09-05,Anthony Stewart,icloud.com
ACC3483cb6409,2025-06-16,Joshua Frazier,yahoo.com
ACCde4e804413,2025-07-31,Melissa Warren,yahoo.com
ACC099647c356,2024-10-05,James Beasley,gmail.com
ACCa9cb677336,2026-07-23,Michael Simmons,yahoo.com
ACCc65ea50b03,2025-07-13,Kyle Oconnor,outlook.com
ACCe579abf210,2026-02-19,Robert Pearson,yahoo.com
ACCc7d653f19f,2026-06-10,Terri Jimenez,outlook.com
ACC02e313355c,2024-12-09,John Powers,icloud.com
ACC15269750e6,2026-04-29,Anthony Jones,outlook.com
ACCc056d1f01b,2025-12-17,Carol Palmer,icloud.com
ACC7dc75156f3,2024-12-11,Leslie Christian,yahoo.com
ACC1ce693848e,2024-11-11,Jennifer Bradford,icloud.com
ACC1563be3319,2025-11-16,Timothy Dominguez,icloud.com
ACCd07835d82c,2025-05-05,Anita Bryant,yahoo.com
ACCca8725dcd4,2025-03-19,Ronald Thomas,icloud.com
ACCbd630326fd,2026-01-15,Vanessa Brewer,outlook.com
ACC952d921172,2026-04-16,Melissa Williams,icloud.com
ACC740fc2de5f,2024-09-11,Dr. Michelle Glenn,yahoo.com
ACCb20fcd1945,2026-04-17,Kathleen Smith,yahoo.com
ACCbc09df7143,2026-03-14,Valerie Hoffman,yahoo.com
ACC272d9846e2,2025-07-11,Robert Fritz,yahoo.com
ACC40e19c2194,2025-05-05,Frank Galvan,icloud.com
ACC62a3c67d26,2024-11-30,Kimberly Wyatt,icloud.com
ACC80b5087e74,2025-05-05,Mandy Stanton,icloud.com
ACC0deed5837f,2025-11-10,Brenda Herrera,outlook.com
ACC807b45d2cd,2024-11-20,Mr. Jerry Rodriguez,icloud.com
ACC4d5ddd5761,2026-03-29,Jimmy Obrien,yahoo.com
ACCee325759a3,2026-08-08,Sarah Hunter,yahoo.com
ACC0917fb116b,2025-04-28,Mrs. Diana Johnson MD,outlook.com
ACCbc37b62797,2026-05-13,Tyler Pearson,gmail.com
ACC7c1f098beb,2026-01-21,Alexandria Stewart,outlook.com
ACC159f765809,2025-08-28,Desiree Harrison,outlook.com
ACC456e752f4e,2025-02-12,Ms. Jillian Rhodes MD,yahoo.com
ACCb797bccdf3,2025-03-15,Gregory Figueroa,yahoo.com
ACC59f49c23e7,2024-11-16,Michelle Ray,icloud.com
ACC7a5b14aa7a,2025-10-20,Pamela Martin,outlook.com
ACC577a8fbe91,2025-07-27,Kimberly Stephens,icloud.com
ACC788b6c3904,2024-11-11,Brenda Clark,icloud.com
ACCf49449a9c7,2025-07-13,James Foster,yahoo.com
ACC8a1d785607,2025-07-23,Joshua Mills,icloud.com
ACC7f797a74ec,2025-07-18,Daniel Brock,icloud.com
ACCfd18a608ad,2024-11-19,Terri Vargas,gmail.com
ACCaa7356b4b8,2025-01-09,Christopher Rasmussen,gmail.com
ACC4ea059e1a0,2025-03-10,Matthew Miller,icloud.com
ACC5c21e26d96,2024-09-20,Andrea Burke,outlook.com
ACCe9ca929bdc,2025-01-06,Candace Hawkins,yahoo.com
ACC1edfa462a9,2025-03-19,Anthony Whitehead,icloud.com
ACC8b04ffbb94,2025-07-18,Craig Phillips,gmail.com
ACCe4d1f25537,2026-08-18,Michele Thompson,gmail.com
ACCa9a364a5a6,2024-11-29,Michael Todd,outlook.com
ACCa7d4362b46,2026-02-04,Raven Moore,yahoo.com
ACCe26d99e264,2025-06-15,Hannah Shelton,yahoo.com
ACCe6d1ce28c6,2025-12-15,Carol English,outlook.com
ACCae0227e6e1,2024-11-04,Samuel Johnson,yahoo.com
ACC1db735fda0,2026-08-09,Paul Smith,icloud.com
ACC200d4ef56e,2026-08-05,Scott Chandler,outlook.com
ACCd874dd4313,2025-11-09,Elizabeth Hughes,yahoo.com
ACC7e0b92185a,2026-01-13,Julia Hernandez,yahoo.com
ACC0bcc05be5d,2026-07-15,Mr. Ryan Cruz DDS,gmail.com
ACC8a0e49ddeb,2024-10-03,Kyle Goodwin,outlook.com
ACC27a7f38424,2024-09-17,Martha Holmes,gmail.com
ACC9f48ece9a5,2026-05-15,Catherine Scott,yahoo.com
ACC46486cf039,2025-12-11,Chad Jones,yahoo.com
ACC7f0e1c8bfa,2026-07-14,Kathleen Smith,yahoo.com
ACCe65bf76334,2026-08-06,John Nguyen,yahoo.com
ACC208a7dfc82,2026-05-14,James Garcia DDS,icloud.com
ACCf3ede8613b,2026-04-05,Gary Brady,icloud.com
ACCf58f03b829,2025-06-23,Richard Bailey,yahoo.com
ACC96250a5222,2025-04-20,Anna Schmidt,icloud.com
ACC04315bc9cd,2026-05-02,Shannon Garcia,gmail.com
ACCbc0a000dfc,2025-12-31,Christine Sanchez,outlook.com
ACC601e4e58a9,2026-08-03,Charles Davenport,outlook.com
ACC7928af3a94,2026-05-27,Thomas Foley,icloud.com
ACC8d6892d7a4,2024-09-13,James Woods,yahoo.com
ACCaec588cca0,2025-11-15,Joan Bird,icloud.com
ACCe2eb831c6c,2026-02-16,Karen Gray,gmail.com
ACCd669145202,2026-08-19,John Garza,icloud.com
ACC810289d153,2025-04-15,Jill Doyle,icloud.com
ACC2927ec1444,2026-03-13,Katherine Smith,yahoo.com
ACC11f50cc461,2025-08-15,Christopher Mitchell,outlook.com
ACC66930c7c68,2025-07-11,Jeremy Wiggins,icloud.com
ACC7b8858fc09,2025-12-13,Jennifer Reese,yahoo.com
ACCb6577bd8f6,2025-11-18,Diane Grimes,yahoo.com
ACC3cf1b80e94,2025-05-20,Kenneth Molina,icloud.com
ACC1695a612a2,2026-03-18,Joseph Huffman,yahoo.com
ACC3c2701239b,2025-02-09,Joshua Wells,yahoo.com
ACCf8ace10c1d,2026-04-05,Nicole Martin,yahoo.com
ACC1b387fee67,2025-06-20,Erin Butler,icloud.com
ACC2c86070af9,2024-11-22,Deborah Medina,gmail.com
ACC18105a5ae1,2025-07-08,Eugene Horton,yahoo.com
ACC2abefa134e,2026-05-10,Joshua Rodriguez,outlook.com
ACC46bc149998,2025-12-24,Nicole Jones,gmail.com
ACC0975bafb04,2024-10-11,Anthony Norman,yahoo.com
ACC0313c1bb1e,2025-06-27,Casey Bird,gmail.com
ACC0492ab339a,2025-10-07,Kenneth Cain,gmail.com
ACC496c17cd29,2026-06-11,Gina Little,outlook.com
ACCe740813dd0,2025-06-15,Kayla Shields,icloud.com
ACCb90cd93779,2026-02-20,Nicole Williams,icloud.com
ACC956d7482c3,2026-07-04,Amy Wong,gmail.com
ACCbeb9678219,2026-01-03,Taylor Moore,icloud.com
ACC711cc6e57a,2026-08-22,Shawn Clark,gmail.com
ACC9d5506420a,2025-12-29,David Koch,icloud.com
ACC83ee84a934,2025-08-03,Ms. Karen Williams MD,outlook.com
ACC01eee8ecf9,2024-09-23,Jesse Simmons,yahoo.com
ACC47dd1e0616,2026-05-21,Steven Allen,icloud.com
ACC01b09e0330,2025-11-11,Gina Mcclain,gmail.com
ACCe6410ed1d8,2026-06-21,Lauren Harper,outlook.com
ACCc2832babf2,2025-03-15,Ashley Richards PhD,outlook.com
ACC9e53c10196,2025-09-24,Stefanie Bowen,icloud.com
ACC2739d4a6d1,2025-09-27,Anthony Walters,outlook.com
ACCa4b1d593c7,2026-07-11,David Robinson,gmail.com
ACC428f009358,2025-04-13,Stephen Perkins,gmail.com
ACC07117400d2,2026-01-13,Christopher Ramos,gmail.com
ACC5a8be88a7f,2025-02-23,Andrew Clark,icloud.com
ACC5645c83a77,2025-07-02,Rodney Williams,outlook.com
ACCffbd733ceb,2026-03-12,Jonathan Strickland,icloud.com
ACC66a8a8bfd9,2026-02-26,Stephen Ford,gmail.com
ACCd938b73c60,2024-11-03,Kevin Howard,icloud.com
ACC26c8b2f010,2025-02-09,Denise Price,gmail.com
ACCa6d36a9a5a,2025-06-16,Michael Pugh,yahoo.com
ACCada0614213,2026-02-17,Sarah Howell,gmail.com
ACC017cc37538,2026-08-05,Christina Spencer,outlook.com
ACC6643911c4a,2026-05-27,Grant Owens,gmail.com
ACCfa1c2d6b60,2025-05-05,Joshua Wright,icloud.com
ACCbee71f5dab,2025-11-13,Michael Hudson,gmail.com
ACC276e777537,2026-02-05,Dr. William Garcia,gmail.com
ACC4b267ebaa5,2026-02-17,Emily Maldonado MD,outlook.com
ACC68b9607d17,2025-01-02,Autumn Morrow,icloud.com
ACCea49ac1a50,2024-09-21,Lisa Hunter,icloud.com
ACCaa723aed9a,2024-10-27,Phillip Sanchez,icloud.com
ACCc8bba9a2db,2025-11-18,Christina Moore,icloud.com
ACC6ad1d078c3,2025-03-17,Manuel Lopez,gmail.com
ACC416f006dea,2026-06-29,Ryan Miller,icloud.com
ACC07a6e99fb1,2025-06-12,Allison Jones,icloud.com
ACC7090fe7b56,2025-08-06,Sherry Wilson,yahoo.com
ACC0d528650a1,2025-07-28,Ryan Smith,gmail.com
ACC7aacdd09ee,2025-05-17,Brandy Reed,gmail.com
ACC44a6ec51a7,2024-12-26,Alice Ballard,outlook.com
ACCd06191d1cc,2025-09-18,Renee Scott,gmail.com
ACCf44d31ed59,2025-03-09,Rose Elliott,icloud.com
ACCd3245aaf30,2026-08-23,Brian Kennedy,yahoo.com
ACC8dd8f40b97,2025-09-19,Jeff Sanders,icloud.com
ACC014ac9770c,2025-11-06,David Mcdonald,gmail.com
ACC3cf0951fcd,2026-04-11,Karen Hill,gmail.com
ACCc1e9afe372,2026-05-14,Jamie Goodwin,outlook.com
ACC8f8c38df1b,2026-08-21,Patrick Johnson,gmail.com
ACC75e74d231f,2026-05-23,Catherine Cruz,yahoo.com
ACC1448c242e8,2025-06-16,Melissa Kennedy,outlook.com
ACC71b66517d2,2026-03-24,Micheal Roberson,gmail.com
ACC9abe4fe256,2025-05-26,Mary Bush,gmail.com
ACCe65944079a,2026-05-19,Daniel Wilson,gmail.com
ACC1f685717a7,2025-03-23,Danielle Williams,gmail.com
ACC616fccd882,2025-01-21,Mark Murphy,yahoo.com
ACCfe55ab052f,2024-11-09,Maria Ingram,icloud.com
ACCfd83aae70e,2025-09-06,Peggy Parker,outlook.com
ACC950a9880f3,2024-09-08,Michelle Reese,yahoo.com
ACC21fc07c202,2025-11-22,Jennifer Vasquez,outlook.com
ACC0c523184d6,2025-07-14,Austin Ford,icloud.com
ACCd38e069445,2026-05-24,Joshua Johnson,outlook.com
ACC5fb554727e,2025-01-22,John Munoz,gmail.com
ACC11b2dd823a,2025-03-01,Anthony Tucker Jr.,gmail.com
ACC92f0787c71,2025-11-15,Carlos Moore,outlook.com
ACCdd79cd17ab,2025-09-23,Rebecca Neal,yahoo.com
ACCfede22bc90,2025-09-09,David Stephens,yahoo.com
ACCfa0b33b15f,2025-10-26,Crystal Bean,outlook.com
ACCfe13ef3b09,2026-05-28,Christine Meza,outlook.com
ACC0a9845be16,2025-04-20,Christopher Carter,yahoo.com
ACC8336d1c6d9,2025-02-09,Robert Taylor MD,icloud.com
ACCb472348ea0,2025-11-01,Lauren Morton,icloud.com
ACCf1f109efa5,2026-05-19,Elizabeth Howard,icloud.com
ACC4932712a1a,2025-05-30,Timothy Downs,yahoo.com
ACCdb471e813b,2026-06-08,Joshua Dunlap,outlook.com
ACC8efc8e2a9c,2026-06-23,Arthur Lowery,outlook.com
ACC9c569a75ed,2025-04-13,Samantha Cook,outlook.com
ACC80f05029a6,2024-09-02,James Harris,icloud.com
ACC295537db97,2026-03-11,Michelle Schmidt,outlook.com
ACC9c8722c060,2024-09-11,Christopher Wright,icloud.com
ACC857e0f4e9e,2026-05-17,Donna Chapman,outlook.com
ACCbe8ce1005a,2026-05-08,Beth Colon,yahoo.com
ACC917f0c747e,2026-02-27,Christine Rice,gmail.com
ACC8011c7f78b,2026-03-08,Kelsey Walker,icloud.com
ACC37ebc389cc,2025-09-29,Nicholas Long,icloud.com
ACC04b41d268c,2026-06-18,Nancy Cortez,gmail.com
ACCa71bfe7ca1,2025-02-28,Ms. Erin Thomas,gmail.com
ACC8b8c354739,2026-03-17,Maureen Fuller,icloud.com
ACC92974b001e,2025-12-09,Nicholas Glenn,icloud.com
ACC9b4c9a64f2,2026-06-30,Walter Schultz,yahoo.com
ACC2345bf6680,2025-05-01,Cynthia Brooks,icloud.com
ACCf863beca18,2024-09-16,Alan Kennedy DVM,gmail.com
ACCc41d0b41c5,2025-06-06,Michelle Chambers,yahoo.com
ACC34180f68c1,2026-01-02,Christina Armstrong,gmail.com
ACC4615cc66b8,2024-12-01,John Gibson,gmail.com
ACC8e48be329a,2026-06-21,Peter Villegas,icloud.com
ACCa8c56c30d1,2025-12-09,Kimberly Haley,yahoo.com
ACC64abce2cc1,2025-06-15,Christian Armstrong,gmail.com
ACC4ba0d2003d,2024-12-16,John Brown,gmail.com
ACC14b51ff345,2026-06-18,Ruth Nelson,gmail.com
ACC5d980b0029,2025-11-14,Benjamin Howell,icloud.com
ACC9d9b43bd4d,2025-05-01,Amanda Thompson,yahoo.com
ACC117f1ab5e5,2025-02-25,Michael Thompson,yahoo.com
ACC7e24107781,2025-11-02,William Schultz,icloud.com
ACC14dcf7a5ec,2026-04-02,Meagan Dickson,gmail.com
ACC011aabf9ea,2024-10-12,Aaron Burke,gmail.com
ACC9154710285,2025-06-15,Michael Michael,gmail.com
ACC440ff39703,2025-01-10,Brett Young,yahoo.com
ACC556c4f93dc,2025-02-13,Colin Jones,icloud.com
ACCb403889bee,2026-08-24,Vicki Butler,outlook.com
ACC5923f28ddd,2025-04-27,Micheal Green,outlook.com
ACCd6ba8759e3,2025-01-22,Erika Shelton,gmail.com
ACC9f9ed80f95,2026-02-16,Jessica Anderson,outlook.com
ACCc5802f58ec,2025-11-07,Michelle Foster,outlook.com
ACCa0810a620a,2026-03-25,Michael Fox,outlook.com
ACCad0b0485d5,2025-05-31,Shane Hill,icloud.com
ACC410bfb3096,2026-08-28,Robin Wilson,icloud.com
ACC12ac8ec5fd,2025-06-09,Tyler Jackson,gmail.com
ACC87ea12c0ff,2025-12-29,Joshua Craig,gmail.com
ACCa34acc4bb9,2026-02-22,Monique Snyder,outlook.com
ACCb80f5c0726,2025-02-19,Mark Chavez,yahoo.com
ACC4fb2e5c768,2025-03-26,Brooke Lee,gmail.com
ACC3523ff981c,2026-07-19,Monica Salinas,icloud.com
ACC357a334a44,2026-03-22,Michelle Koch,gmail.com
ACC6abbe6b070,2026-01-17,Derek Ramirez,icloud.com
ACC630a6b414d,2026-06-02,Valerie Holloway,icloud.com
ACCee02f275dd,2026-08-29,Mark Pope,outlook.com
ACCf9828e3c76,2025-03-01,Karen Price,icloud.com
ACCd999dd96cb,2024-11-22,Jennifer Haynes,gmail.com
ACCf635a880f2,2026-01-22,Philip Carter,outlook.com
ACCe8fc4e4f14,2024-09-08,Martin Romero,icloud.com
ACC652a5472f5,2025-01-14,George Kennedy,yahoo.com
ACC1772d1d5f0,2024-10-07,David Petersen,yahoo.com
ACCcdaf57a708,2026-03-07,John Hall,icloud.com
ACC13d2ff4a6f,2024-09-05,Ashley Ortiz,outlook.com
ACC89e3b9ecb4,2025-02-18,Rickey Harper,outlook.com
ACC5de5e5ffa2,2024-11-22,Luis White,outlook.com
ACC1829747b28,2025-05-22,Christopher Martin,outlook.com
ACCe3d69a8ffd,2025-09-01,Ann Dominguez,outlook.com
ACC6f8e4c3d68,2025-02-03,Michelle Wheeler,gmail.com
ACC6d803e4e22,2026-04-06,Holly Adams,icloud.com
ACCd7e20e3859,2025-06-08,Hannah Alvarez,gmail.com
ACC4f4187d74b,2024-11-15,Patrick Phillips,yahoo.com
ACC1f14d3da19,2026-01-19,Alison Villanueva,gmail.com
ACC91c8859d23,2026-01-20,Elizabeth Holt,icloud.com
ACC3c45de84ab,2025-04-17,Kaitlyn Schroeder,outlook.com
ACCdf84eb0379,2026-05-31,Kristy Ellis,outlook.com
ACC5536932650,2026-04-17,Nathan Cruz,outlook.com
ACC14f2a45cc0,2025-06-12,Laura Rose,gmail.com
ACC20cae6f2be,2024-10-11,Kevin Patterson,yahoo.com
ACC2bf2380e96,2026-03-12,Brian Pena,yahoo.com
ACCdce76eb2f8,2025-05-24,Edward Riddle,icloud.com
ACCb17989a891,2025-05-14,Elizabeth Weber,outlook.com
ACCdf301388e6,2025-11-07,Richard Roberts,yahoo.com
ACC2d3e43024f,2026-03-07,Courtney Riley,icloud.com
ACC60bbbd6956,2025-05-30,Anthony Alvarado,gmail.com
ACC29b661e5a6,2026-06-20,Nathan Johnson,yahoo.com
ACC68b269781b,2025-01-09,Stephen Smith,gmail.com
ACCb3d13a6721,2024-11-15,Jenna Brown,gmail.com
ACC4364f2b144,2026-01-17,Traci Carter,gmail.com
ACC2476714361,2024-09-18,Vanessa James,icloud.com
ACC2ec158f5b8,2025-12-25,Joe Bridges,yahoo.com
ACC79c38ef096,2026-01-15,Willie Hill,icloud.com
ACC473b76caae,2025-04-23,Edgar Harris,yahoo.com
ACC9c5d513e16,2026-02-19,Alan Oconnor,gmail.com
ACC25a4e9feac,2025-05-16,Sheila Garcia,outlook.com
ACC011dfad562,2025-05-25,Erin Berry,icloud.com
ACCb3e567096c,2024-09-13,Sharon Nelson,outlook.com
ACCa8aa26bf59,2026-03-09,Dawn Bauer,yahoo.com
ACCe3a18903a0,2026-05-09,Taylor Lopez,gmail.com
ACC7b2d603d5d,2025-11-12,Reginald Adkins,gmail.com
ACC01cec07b31,2025-05-23,Kristy Morgan,outlook.com
ACC1a8a9e47ca,2025-10-12,Shelia Casey,gmail.com
ACCcba53e6e27,2026-01-12,Renee Curtis,gmail.com
ACC3423d0c22c,2024-10-20,Janet Lee,yahoo.com
ACCe3a6a6c0bb,2024-12-06,Lori Rodriguez DVM,icloud.com
ACC201900c503,2026-07-04,Jamie Hatfield,icloud.com
ACC37494d6427,2025-09-04,John Dougherty,yahoo.com
ACC69fee89d37,2026-03-22,Michelle Le,yahoo.com
ACC7593f308b0,2025-04-21,Mary Ruiz,icloud.com
ACCbdfdf9e9b7,2025-11-06,Ryan Davis,gmail.com
ACCae55503bd1,2025-08-06,Michael Walker,gmail.com
ACCdc3dda358f,2024-10-18,Kelly Short,outlook.com
ACCdaa37c2ce3,2025-01-19,Stephen Black,icloud.com
ACC4ff85889c6,2024-11-23,Beth Thomas,yahoo.com
ACC54daab9a1f,2025-05-10,Jeff Martinez,icloud.com
ACCdf9efc5346,2026-08-21,Lisa Davenport,outlook.com
ACC20abcef45d,2026-02-06,Andrew Nolan,yahoo.com
ACCaf751d490d,2026-02-20,Edward Macias,yahoo.com
ACC907071d2d5,2025-02-22,Sean Orr,icloud.com
ACC76ef185b78,2024-09-24,Adrienne Hancock,icloud.com
ACCc25d29620d,2026-01-03,Anna Adkins,gmail.com
ACC21076f58b9,2024-11-20,Pamela Banks,icloud.com
ACC0ed8ef2673,2024-12-20,Kelly Roberts,icloud.com
ACCa540e9aa18,2026-06-29,Rebecca Cameron,gmail.com
ACC9d99d4c767,2026-06-22,Amber Robinson,yahoo.com
ACC1fe0d5e89f,2025-03-05,Daniel Henry,outlook.com
ACC57b4e0fa6d,2026-04-08,Brenda Jones,outlook.com
ACC6455b6b315,2025-12-10,Anthony Ray,icloud.com
ACCacb88510fb,2025-01-29,Vickie Morales,gmail.com
ACCf240289e84,2025-02-09,Charles Smith,icloud.com
ACC97ffb0dcd1,2024-09-21,Jacob Sanchez,yahoo.com
ACCba593e2b95,2025-08-17,Amy Aguilar,outlook.com
ACCddb7608258,2025-03-21,John Hinton,gmail.com
ACC9cfcd39aef,2025-01-11,Eric Mahoney,yahoo.com
ACC22759394d3,2024-11-04,Kristen Medina,gmail.com
ACC24a9e70442,2026-01-16,Robert Bowers,yahoo.com
ACC1fb3946ae3,2026-03-16,Shelley Taylor,gmail.com
ACCdc12d075f3,2025-11-11,Kimberly Schultz,gmail.com
ACC6ebf768399,2025-07-11,Ronald Miranda,gmail.com
ACCcb45ddf822,2025-01-19,Brianna Mcdonald,icloud.com
ACC9686c334f6,2024-09-18,Katherine Castillo DDS,yahoo.com
ACC5664340066,2026-02-14,Sarah Pace,icloud.com
ACC99f47de197,2026-02-02,Crystal Oconnell,outlook.com
ACC04fde8d447,2026-01-31,Robert Castillo,gmail.com
ACC35f3e4be2d,2026-03-10,Alexandra Schultz,gmail.com
ACCbf49d2db81,2025-04-27,Alexander Gonzalez,yahoo.com
ACCff43ef3198,2025-07-15,Daniel Greene,icloud.com
ACC1caeab0ad5,2025-02-12,Christian Schroeder,icloud.com
ACCbc92102e82,2025-09-08,John Harris,icloud.com
ACCb73399c08b,2026-01-24,Tammy Adams,icloud.com
ACC89504140a2,2025-06-03,Nathan Burton,gmail.com
ACC72a29a5765,2026-08-21,Mark Todd,outlook.com
ACCb7b8a3c8f0,2024-09-05,Laura Larson,icloud.com
ACC6854ea23ae,2025-06-19,Sara Perez,icloud.com
ACC5c26599985,2026-06-05,Michael Fitzgerald,icloud.com
ACC6d45421245,2026-04-21,Wesley Roberts,outlook.com
ACC3d638ee04a,2024-09-04,Samantha Ellison,gmail.com
ACC3526f431a9,2025-07-17,Robert Gill,yahoo.com
ACCd7ab10a340,2024-09-20,William Spence,outlook.com
ACC71d03d665e,2024-10-27,William Love,icloud.com
ACCe287adbc61,2026-05-26,Omar Morgan,outlook.com
ACC60e44d7fdb,2025-11-10,Gregory Curtis,outlook.com
ACC504d833d98,2025-07-22,Stephen Garcia,yahoo.com
ACC964230edba,2024-12-04,Jermaine Palmer,icloud.com
ACC9c1700a134,2026-02-05,Jacob Bruce,icloud.com
ACC860302226e,2026-02-02,Kenneth Vincent,icloud.com
ACC4a33737783,2025-06-09,Jonathan Jensen,gmail.com
ACC84ceddc3fd,2025-01-12,Russell Simmons,yahoo.com
ACC86bef3f9da,2026-08-11,David Rodriguez,yahoo.com
ACCb1a0490a9b,2026-06-09,Michael Rivera,gmail.com
ACCcc43286e3f,2026-07-14,Justin Graham,gmail.com
ACCc7bcc8b00b,2026-01-19,Kevin Shaw,outlook.com
ACCa0a685c7e8,2026-06-26,Bonnie Boone,gmail.com
ACCa09cf897ee,2025-01-11,Barbara Webster,outlook.com
ACC47bea15066,2026-01-07,Eric Jackson,gmail.com
ACCb4557dc73c,2024-10-22,Robert Jenkins,yahoo.com
ACCcc012cc8f9,2026-04-12,Charles Kennedy,outlook.com
ACCa668c7eba4,2025-12-18,Gregory Johnson,yahoo.com
ACC91afc3878e,2026-07-09,Caleb Avila,icloud.com
ACC5d9616747a,2025-03-08,Reginald Tucker,gmail.com
ACC98491715cc,2025-02-20,Charles Harrell,gmail.com
ACCb727c2201e,2026-03-07,Catherine Green,gmail.com
ACC7b701062ea,2026-05-02,Michael Snyder,gmail.com
ACC87b811c08b,2024-11-17,Cameron Yates,yahoo.com
ACCbcd693bdfb,2026-03-25,Cynthia Brown PhD,icloud.com
ACC25a1c3182f,2024-11-02,Kenneth Silva,yahoo.com
ACC2d7a140f67,2025-01-22,Benjamin Kerr,yahoo.com
ACCab86bde8a2,2026-01-14,Ronald Coleman,yahoo.com
ACCf5668e53b7,2026-01-13,Maria Duncan,icloud.com
ACC19890e86e8,2025-03-14,Heather Sanchez,icloud.com
ACC6eaad80342,2026-03-30,Tonya Peterson,yahoo.com
ACCe11f33c166,2026-02-27,Jill Knox,yahoo.com
ACCfc7c418abd,2026-02-06,Corey Gomez,icloud.com
ACCe9d9b2cf83,2025-06-17,Jessica Thompson,yahoo.com
ACC635cc1c538,2024-11-28,Adam Cooper,outlook.com
ACC1743d3c03b,2024-09-29,Martin Griffin,yahoo.com
ACC1e6c8214a7,2025-12-25,Emily Garcia,outlook.com
ACCdff42e836a,2025-03-01,Melanie Martin,outlook.com
ACCdadb84d874,2026-03-10,Emily Griffin,yahoo.com
ACC0c1d39a78e,2025-05-19,Christina Brooks,icloud.com
ACC97620ea06d,2026-07-30,Victoria Davis,outlook.com
ACC6c29d66bcd,2026-02-08,Maria Vargas,yahoo.com
ACCd9c20bbb1e,2025-09-11,Jeremy Ashley,yahoo.com
ACCf1f571a39e,2025-06-15,Brian Benitez,yahoo.com
ACC416b6fcc55,2025-10-03,Dr. Samantha Morgan MD,outlook.com
ACCd23cc742d7,2025-04-25,Suzanne Thompson,yahoo.com
ACCd6727824f7,2025-09-08,Harold Nichols,gmail.com
ACCf3cad3c625,2024-12-18,Margaret Jones,outlook.com
ACC8c34940f8c,2026-04-19,Kristy Wiley,outlook.com
ACCbea45548f5,2026-06-14,Christine Mitchell,outlook.com
ACCd3727b21c9,2026-06-14,Ruth Ellis,yahoo.com
ACC5f9bafff2f,2025-01-08,Derek Hunt,gmail.com
ACC29dde5c06b,2026-03-06,Sherri Combs,gmail.com
ACC8a3037d639,2026-05-18,Shirley Short,outlook.com
ACCaa6debbd73,2025-06-19,Edward Williams,icloud.com
ACC7076b43c3f,2026-01-01,Jenny Rose,yahoo.com
ACCb5c52f64d4,2026-08-04,Brian Turner,gmail.com
ACCd51cbd9606,2024-11-28,Cody Levy,icloud.com
ACC00c6d14747,2026-06-29,Carl Hammond,icloud.com
ACCe7e1f9ff29,2025-06-05,James Carpenter,yahoo.com
ACC7089229bf3,2025-03-31,Joann Adams,icloud.com
ACC6266ddb8b8,2026-07-07,John Robinson,gmail.com
ACCb0d84e76d6,2025-06-06,Noah Lopez,gmail.com
ACC4c50a875a6,2024-10-24,Karen Harris,yahoo.com
ACC8ec9fd32e8,2026-03-09,Jennifer Hill,yahoo.com
ACC2e902bedee,2025-10-28,Richard Wright,yahoo.com
ACC5a4614532e,2025-06-04,Oscar Wilson,icloud.com
ACC7ac0da9f38,2024-10-31,Paul Richardson,yahoo.com
ACCe610d423d3,2024-10-31,Richard Bernard,gmail.com
ACC3d5acc6516,2025-03-14,James Olson,gmail.com
ACC7c13c59dd8,2025-05-07,Steven Bautista,outlook.com
ACC32641e05bd,2026-07-26,Carlos Burton,yahoo.com
ACC53ac23548c,2026-05-16,Vanessa Howard,outlook.com
ACCfebc07982a,2024-11-27,Daniel Jones,outlook.com
ACC4e4cf4e774,2026-08-29,Meredith Jones DVM,icloud.com
ACC52239d8213,2026-02-13,Stephanie Mack,outlook.com
ACCc7ae148145,2025-12-19,Kimberly Morgan,yahoo.com
ACCc87524ff99,2024-09-11,John Scott,yahoo.com
ACC3d0cfdad2a,2026-08-28,Lawrence Bright,icloud.com
ACC7178ef267f,2024-12-28,Jacob Stevens,gmail.com
ACC85ccb9ba3b,2026-03-08,John Nunez,gmail.com
ACCa0435ac8b0,2026-04-18,Michael Johnson,yahoo.com
ACC27501703d8,2026-06-14,Jeffrey Spencer,gmail.com
ACC7bf431bba8,2025-01-11,Charles Stone,icloud.com
ACCc34559140a,2024-10-23,Dawn Glass,gmail.com
ACC186e7ffafc,2025-08-27,Emma Smith,yahoo.com
ACCfb098e8e7f,2024-12-09,Christina Phillips,yahoo.com
ACCeb7b327a1e,2025-09-11,Joanna Adkins,gmail.com
ACC0de7b6dc39,2025-06-20,Roger Allen,gmail.com
ACC60c86f8b10,2026-06-02,Rachael Vazquez,icloud.com
ACC975e3dab93,2025-11-12,Maria Scott,yahoo.com
ACC5de7c5133d,2025-06-23,Jack Cross,icloud.com
ACCf590d51e20,2026-02-25,Deborah Gates,gmail.com
ACC3ca06d8dec,2026-05-05,Joseph Jones,icloud.com
ACCb1c85bd4ad,2025-07-07,Michelle Morales,yahoo.com
ACC6d5f5f6041,2026-04-13,Kenneth Hernandez,gmail.com
ACC281193df65,2025-11-02,Robert Hunter,yahoo.com
ACCa7d9634b38,2025-05-31,Alexander Carter,yahoo.com
ACC84ffcdfbeb,2025-10-27,Patricia Henderson,outlook.com
ACC823df93d84,2025-04-26,Lisa Guerrero,outlook.com
ACC56ece43a9b,2026-08-07,Jordan Chandler,icloud.com
ACC84b8a06189,2024-10-16,Tamara Ramirez,icloud.com
ACC8ee5eaacf8,2026-03-12,Rhonda Hall,outlook.com
ACC91c637ed84,2025-08-28,Cory Downs,outlook.com
ACC61a7629058,2026-01-20,Peter Smith,icloud.com
ACC291cd1604c,2025-11-26,Anthony Harris,gmail.com
ACCc51d37157e,2026-08-24,Eric Jennings,yahoo.com
ACC859fe0f94a,2025-04-21,Nicole Powell,yahoo.com
ACC5dfec4ad16,2025-07-20,Robert Morgan,yahoo.com
ACC137d56d29b,2026-07-28,Stephen Bennett,outlook.com
ACCe71c62418c,2026-05-02,Alexander Miller,yahoo.com
ACC912a04ee8a,2025-11-09,Rachel Fritz,icloud.com
ACCe3cd21b879,2024-09-01,Jennifer Burke,icloud.com
ACC25534d8427,2025-07-01,Joseph Smith,gmail.com
ACC7ada5d15d9,2025-01-13,Amber Marsh,outlook.com
ACC84f4aeb360,2026-01-05,Laura Jones,outlook.com
ACC7a9cb82d11,2024-11-30,Victor Martinez,icloud.com
ACC50fe2ad51c,2025-03-02,Steven Jones,yahoo.com
ACC300661a73e,2026-03-11,Allison Ford,yahoo.com
ACC48381b668a,2025-08-24,Daniel Palmer,gmail.com
ACCcaa7b605f2,2025-05-15,Charles Paul,outlook.com
ACCed3e0bffd8,2026-06-22,Dylan Martinez MD,gmail.com
ACC991b7d9dcb,2026-05-04,Robert Hernandez,yahoo.com
ACCf7a848c506,2025-09-23,Michelle Meyer,yahoo.com
ACCccda78efff,2026-04-05,Douglas Henson,gmail.com
ACC159b8d7008,2025-01-07,Destiny Rubio,outlook.com
ACCd1560e3bd1,2024-11-15,Robin Rogers,icloud.com
ACC5946b08178,2026-08-07,Christopher Pugh,yahoo.com
ACCc830ad50b9,2026-02-27,Susan Thomas,outlook.com
ACC9a7cce62fd,2026-01-22,Kevin Price,gmail.com
ACCb3b1440566,2025-07-03,Derrick Watson,yahoo.com
ACC710ad36bb9,2025-04-03,Bryan Maldonado,yahoo.com
ACC93c4efafe9,2025-08-18,Michelle Lee,icloud.com
ACCeebcb19a49,2025-10-21,Edward Sanders,outlook.com
ACCbe38e1c5d7,2025-05-28,Julie Faulkner,gmail.com
ACCb9f070bc46,2025-09-03,Kenneth Morrison,outlook.com
ACC58f086f0e3,2025-07-04,Mark Velez,outlook.com
ACC6f7da9443a,2026-07-30,Raymond Sanchez,outlook.com
ACC2a750e3314,2026-02-06,Edward Thompson,outlook.com
ACC68bb649b56,2025-05-01,Denise Jordan,yahoo.com
ACC2008dc95d3,2024-09-08,Mr. Robert Gomez,gmail.com
ACC2119f625dc,2025-09-03,Justin Williams,icloud.com
ACC2059544085,2024-10-31,John Bullock,gmail.com
ACCdf2b7bca76,2025-12-13,Paige Thornton,gmail.com
ACCdb5a3de453,2025-03-24,Regina Stephens,icloud.com
ACC61cbc80f23,2025-01-19,Ellen Newton,outlook.com
ACC752644963e,2026-06-03,Andrew Waters,gmail.com
ACC9158ea31a0,2024-11-29,Lori Baird,outlook.com
ACCae013a46f6,2026-07-31,Michael Moore,outlook.com
ACC56b92f9069,2025-06-29,Evan Chapman,icloud.com
ACC41f7ee06b1,2024-12-05,Christine Parker,yahoo.com
ACCc58148c654,2024-10-06,Mr. Nicholas Butler DVM,outlook.com
ACCc598d2e9c5,2024-12-27,Adam Bryant,outlook.com
ACC4b3e9b5e47,2026-04-15,Alyssa Hall,yahoo.com
ACC412dba37e6,2026-05-15,Jessica Howard,gmail.com
ACCb075d0909e,2024-10-30,Frank Williams,gmail.com
ACCeaa9ed4035,2026-06-12,Elizabeth Robinson,outlook.com
ACC69ad6558d7,2026-06-10,Dennis Gutierrez,gmail.com
ACCf349c5ce18,2026-05-12,Kimberly Perkins,icloud.com
ACC535c17b787,2026-07-01,Kyle Waters,icloud.com
ACC0bf89e0dae,2024-10-14,Kimberly Pena,yahoo.com
ACCf70fa496a7,2026-05-10,Elizabeth Walker,yahoo.com
ACC254847dcc5,2025-06-18,Emily Reynolds,outlook.com
ACC2312f9bd52,2025-03-04,Ashley Nguyen,yahoo.com
ACC5b21dc5b55,2026-01-08,Aaron Watson,outlook.com
ACC5ec2b5f0c3,2024-09-27,Cesar Davenport,yahoo.com
ACC9a583ad7cf,2025-01-24,Eric Ward,yahoo.com
ACC2f7bd78567,2026-01-15,Allison Davis,yahoo.com
ACC0defffb591,2024-12-19,Michelle Alvarez,yahoo.com
ACC819d1d4d0b,2025-11-20,Tara Ellis,icloud.com
ACC94d3bae867,2025-11-05,Janice Hayes,icloud.com
ACC0887950bc2,2026-03-07,Andrew Thomas,yahoo.com
ACC5a09d18d45,2025-10-22,Tracy Baxter,outlook.com
ACC32d4749544,2026-05-18,Elizabeth Romero,yahoo.com
ACCe85f2be5d0,2024-11-18,Andrew Carpenter,outlook.com
ACCab214c9570,2025-01-23,Gina Rodriguez,gmail.com
ACC926939aba0,2025-01-31,Samuel Summers,outlook.com
ACCed185910fa,2025-05-21,Dennis Johnson,gmail.com
ACCe85713d4c5,2025-01-04,Stephanie Rhodes,icloud.com
ACC6f4447e2cc,2024-12-07,Danielle Mooney,outlook.com
ACC781df11808,2025-01-03,Amy Thomas,yahoo.com
ACC569ab829ba,2025-04-09,Brandon Decker,outlook.com
ACCd6b8208ec8,2025-06-23,Kevin Clark,icloud.com
ACCa7272f44b4,2025-11-13,Kenneth Gomez,gmail.com
ACC346a47f013,2025-02-20,Stephanie Baker,gmail.com
ACCc688da0b36,2025-06-01,Colin Reed,yahoo.com
ACCbaef0d1cfa,2025-06-29,Ryan Chapman,outlook.com
ACCe8b2fc1429,2025-07-31,Lori Casey,gmail.com
ACC8aed509cff,2026-06-15,Tiffany Mccarty MD,icloud.com
ACC2e016a5c2e,2026-08-14,Greg Aguilar,yahoo.com
ACCb442f95a99,2026-04-09,Anthony Ewing,gmail.com
ACCa1814c99f7,2025-10-15,Kathryn Brennan,icloud.com
ACC3d886163b1,2026-08-24,Cynthia Downs,gmail.com
ACCb279b98f7f,2026-04-12,Christine Martin,icloud.com
ACC8ab2fa3371,2025-03-30,Mark Torres,outlook.com
ACC053223c6d5,2025-08-22,Jason Lee,gmail.com
ACC4d24c9b70a,2025-10-21,Tammy Santiago,yahoo.com
ACCd2b6972234,2024-10-07,Charles Jordan,outlook.com
ACCb2a7026639,2026-08-03,John Pittman,yahoo.com
ACCa7d966c761,2024-10-13,William Rice,yahoo.com
ACC9dbbc9f10a,2025-11-29,Thomas Martinez,yahoo.com
ACCc8f72255dd,2025-02-18,Pamela Skinner,icloud.com
ACCe495807302,2025-09-22,Jonathon Horton,icloud.com
ACCba19aa44e9,2026-01-15,Jordan Pollard,gmail.com
ACCa5673ebeb1,2026-08-09,Jay Sandoval,gmail.com
ACCbb7754656d,2025-12-28,Jessica Murphy,outlook.com
ACC36764b2cc2,2025-07-15,Daniel Marshall,gmail.com
ACC51c783fb15,2026-03-05,Wendy Crawford,gmail.com
ACC0a953d8040,2025-05-27,Samantha Larsen,gmail.com
ACC7d08d551d5,2025-08-02,Melissa Travis,icloud.com
ACC56434a2d21,2026-05-07,Veronica Conley,gmail.com
ACCd6d7a6f7f4,2026-07-26,Luke Conrad,yahoo.com
ACCfbd8e00ac0,2026-08-28,Regina Taylor,outlook.com
ACCe59a22b02c,2025-10-17,Linda Cooper,outlook.com
ACCa473746e15,2026-04-25,Kristy Singleton,outlook.com
ACC5b9ac59675,2024-09-24,Laura Brown,icloud.com
ACCebc86bbb27,2026-07-17,Adam Santos,icloud.com
ACC87c94cb587,2025-08-10,Mr. Andrew Kane,outlook.com
ACC2450fd1a28,2025-08-27,Anthony Reynolds,icloud.com
ACCa1ee35fd5f,2025-09-30,Brandon Baker,icloud.com
ACCc27ab07cf5,2024-10-17,Stephanie Hall,gmail.com
ACC3211a48c9b,2025-08-05,Richard Gallagher,yahoo.com
ACC0c5cbce306,2024-10-27,Joseph Smith,icloud.com
ACCe192381e9e,2026-08-15,Alexa Lee,gmail.com
ACC1a945d55f4,2025-02-16,Charles Flores,yahoo.com
ACC63f2c05024,2026-03-11,Robert Cruz,gmail.com
ACCc0a280b8c2,2026-06-06,Isaac Moody,yahoo.com
ACC72f795a54b,2024-10-26,Donald Cain,gmail.com
ACCdf1311e61b,2025-05-21,Joann Dixon,gmail.com
ACC70333bb654,2025-04-23,Michelle Thomas,gmail.com
ACC4e95727f6e,2025-09-17,Douglas White,gmail.com
ACCa3a2fb7b16,2026-01-23,Brenda Phillips,icloud.com
ACCdef865c4eb,2024-10-17,David Gallegos,gmail.com
ACC37050487da,2025-05-09,Tonya Higgins,yahoo.com
ACC0fde2549f3,2025-08-08,Michelle Galvan,yahoo.com
ACC56967afeed,2024-09-23,Timothy Bryant,yahoo.com
ACCc7d8432ad0,2025-01-09,Austin Johnson,icloud.com
ACC2365411ea1,2025-05-19,Jerry Benson,outlook.com
ACC6ba963a374,2025-03-15,Jon Ward,outlook.com
ACC7c28841866,2026-02-12,Mr. Jonathan Nguyen,yahoo.com
ACCa206ec5349,2024-09-02,Natalie Avila,gmail.com
ACCe398983204,2025-03-03,James Fleming,icloud.com
ACCe217a193e0,2026-04-24,Ryan Shah,outlook.com
ACC6b0cf8b44e,2026-08-11,Amanda Hunter,icloud.com
ACC7b63dcfab5,2025-06-19,Richard Holt,yahoo.com
ACC0396242101,2026-04-13,Sandra Carrillo,yahoo.com
ACC6c7b05b61b,2025-10-31,Lisa Pierce,yahoo.com
ACC4ba2090e39,2025-12-31,Amy Campbell,yahoo.com
ACCbed3d09aec,2025-05-24,Levi Vang,gmail.com
ACC31e45461a7,2025-10-05,Matthew Gallagher,outlook.com
ACC7e3cb7f46d,2025-03-05,Jessica Jackson,yahoo.com
ACCab78f0d71e,2026-08-06,Terry Hudson,icloud.com
ACCe2a434f805,2025-07-25,Christopher Hansen,yahoo.com
ACC0eda367f22,2026-07-19,Stacey Nelson,yahoo.com
ACCb204e353d4,2026-08-03,Alexander Hall,icloud.com
ACCd0fe3a4da9,2026-07-30,Gregory Mack,gmail.com
ACC6b83cf530e,2025-04-25,Jeffrey Riley,outlook.com
ACC1f0517d0e4,2026-02-09,Steven Macdonald,icloud.com
ACC18141f1d43,2025-11-30,Johnny Cole,gmail.com
ACC4d722bea04,2025-12-15,Howard Collins,icloud.com
ACC7e8920642f,2024-09-20,Mark Thompson,yahoo.com
ACC5314851004,2024-09-21,John Johnston,yahoo.com
ACCd2dbd8a17e,2026-01-10,Michael Gentry,icloud.com
ACC3386656906,2024-12-29,David Noble,icloud.com
ACC7ef5d7c9a6,2026-06-06,Elizabeth James,gmail.com
ACC277a093296,2026-05-29,Heather Murphy,outlook.com
ACC658763a6f2,2025-04-08,Sabrina Hernandez,outlook.com
ACCf58ba2d806,2026-05-07,Sharon Powers,icloud.com
ACCa2e9c21dd4,2024-10-06,James Mckee,yahoo.com
ACC4b0573e119,2026-02-12,Carrie Henderson,icloud.com
ACCdfb119e6c2,2025-11-17,Angela Perry,gmail.com
ACCd1930009ad,2025-07-05,Robert Walter,yahoo.com
ACC0e69c37d1b,2026-05-02,Anna Smith,yahoo.com
ACCc1ccf3ecae,2025-09-05,Monica Hickman,icloud.com
ACCe66ea506cc,2026-04-26,Charles Long,outlook.com
ACCf786a1acd6,2026-08-18,Walter Nunez,icloud.com
ACC256976d57d,2025-12-22,Randy Miller,gmail.com
ACC40de484d38,2025-10-12,Ricardo Martinez,gmail.com
ACCe53d46c143,2025-02-09,Jackie Turner,gmail.com
ACC9be55f35ca,2025-09-23,Melissa Cherry,yahoo.com
ACC7a1610f6ca,2024-10-20,Robin Colon,outlook.com
ACCf395165245,2025-07-12,David Martin,yahoo.com
ACCf1777d10db,2026-01-21,Charles Edwards,gmail.com
ACC0c4f19fe31,2024-10-20,Mrs. Marie Bailey,gmail.com
ACC93d908a1ce,2025-05-19,Linda Wright,gmail.com
ACC45c48949b2,2024-12-02,Kenneth Davidson,outlook.com
ACCf6e4870595,2026-04-03,Connie Young,gmail.com
ACCfee4c6f6e0,2025-05-24,Jennifer Robinson,icloud.com
ACC924175536b,2024-11-12,Danny Blackburn,icloud.com
ACC7b4d6003ba,2025-05-09,Angela Cardenas,icloud.com
ACC790bfd136a,2026-05-20,Jennifer Olson,yahoo.com
ACC44f01d4aa5,2025-06-17,Tanner Moore,icloud.com
ACCfcb63cce7c,2025-10-15,Chelsea Sanchez,yahoo.com
ACCbc9b97cdfb,2024-11-21,Donna Davis,gmail.com
ACC959dfb8961,2025-06-29,Daniel Palmer,yahoo.com
ACC3b23905e12,2024-11-04,Aaron Petty,outlook.com
ACC11c33178a8,2025-01-14,Rachel Simmons,yahoo.com
ACCae9b480d60,2025-03-22,James Roy,icloud.com
ACC032047660b,2026-08-11,Courtney Simpson,yahoo.com
ACC61dedead22,2025-06-18,Joseph Ruiz,gmail.com
ACC4347f03fe7,2025-04-14,Anthony Christian,gmail.com
ACC7d58112425,2025-01-04,Christina Terry,gmail.com
ACCdc85d6bfb0,2025-03-18,Alexander Nicholson,gmail.com
ACC223512337d,2025-07-30,Molly Vazquez,yahoo.com
ACCf3ab13556c,2026-06-21,Zachary Thompson,yahoo.com
ACC985604ac14,2025-01-17,Jaclyn Pugh,gmail.com
ACCa505a669ed,2025-03-19,John Schwartz,outlook.com
ACC3cdaf25fb4,2024-11-21,Michael Evans,yahoo.com
ACC7815b4a17b,2026-01-06,Daniel Carpenter,outlook.com
ACC84f5346f98,2025-08-09,Melissa Hines,gmail.com
ACCdbab1436d6,2026-07-19,Kyle Anderson,yahoo.com
ACC5b6d1b2cf0,2024-10-11,Ryan Davis,gmail.com
ACC4d9e1a39ef,2025-12-31,Stephanie Morgan,yahoo.com
ACC79d09abf9f,2025-03-18,Joseph Turner,icloud.com
ACC032a8d1317,2026-07-17,Dillon Perry,gmail.com
ACC87f1d3c155,2025-01-12,Aaron Moses,gmail.com
ACCe4fbaf893a,2025-10-24,David Rodriguez,yahoo.com
ACCdf8b93bb2c,2024-12-03,Cynthia Perez,icloud.com
ACC1e6ba64e72,2025-12-31,Nathan Mcdonald,yahoo.com
ACC83ed008a94,2025-11-19,Anthony Young,icloud.com
ACC48570dce54,2026-01-06,Laura Dunn,outlook.com
ACC45d1c22a25,2024-09-03,Selena Gomez,icloud.com
ACC2ee9ef3b54,2026-07-04,Timothy Best,gmail.com
ACC72746135fb,2026-06-02,Bonnie Sims,icloud.com
ACCde2e7aa2ee,2026-02-06,Tracy Valdez,outlook.com
ACC6d93127076,2024-12-26,Breanna Jones,icloud.com
ACCbb7cfde71c,2024-09-10,Valerie Stevens,outlook.com
ACCa3b9a43c36,2025-01-19,Aaron Green,gmail.com
ACCdcc364e0fc,2026-02-27,Fernando Marshall,gmail.com
ACCf4426bb21c,2026-05-12,Jenna Nguyen,gmail.com
ACC0ad4028208,2025-02-19,Jennifer Espinoza,yahoo.com
ACC2f78789f73,2026-03-02,Jason Harrison,icloud.com
ACC5491c07990,2026-01-14,Christopher Bailey,gmail.com
ACCa0495f8c1b,2025-03-03,Edward Chavez,outlook.com
ACC098075ea5f,2026-01-03,Sarah Sanchez,outlook.com
ACC186d8d03d6,2026-08-08,Susan Jackson,yahoo.com
ACCfab72a7252,2025-12-06,Andrew Lester,icloud.com
ACCd79f976dee,2025-03-11,Dylan Miller,icloud.com
ACC25120028e9,2025-01-19,Mary Mitchell,yahoo.com
ACC59e35065bc,2025-05-19,Meredith Gilmore,gmail.com
ACC6a481b2763,2026-05-23,Sierra Peters,gmail.com
ACCb76d17b671,2026-05-02,Sean Clark,icloud.com
ACC1948e02d7a,2026-03-18,Jessica Murray,yahoo.com
ACC2c9742ccd6,2025-12-22,David Shelton,icloud.com
ACC5cad45d08d,2025-11-15,Kelli Torres,yahoo.com
ACC64efb6216a,2024-10-17,Sherry Parrish,yahoo.com
ACC18c7540452,2025-05-07,Larry Brock,icloud.com
ACCc0ae07a95f,2026-04-10,Angelica Lewis,icloud.com
ACC54d4d26bc8,2026-07-16,Anthony Potter,icloud.com
ACC8556e68cfe,2026-07-18,Dale Anderson,yahoo.com
ACC2cb90e2c89,2025-11-09,Tonya Bennett,gmail.com
ACC70ee315f64,2025-01-01,Christopher Love,outlook.com
ACCaae00cd12a,2026-07-11,Jeff Skinner,gmail.com
ACC8088f45002,2024-10-03,Mark Cole,icloud.com
ACCd264b43075,2024-11-18,Karen Collins,icloud.com
ACCe035c2b137,2026-02-13,Anna Villarreal,outlook.com
ACC648197514e,2025-05-09,Amy Owen,gmail.com
ACCfe4aff87d1,2025-04-30,Lisa Curry,icloud.com
ACCe8a73cefc9,2026-03-09,Richard Lyons,gmail.com
ACCef18495385,2025-12-18,William Henderson,icloud.com
ACCc7564ab582,2026-05-17,Amber Berry,icloud.com
ACCb278f688e5,2025-10-02,Audrey Rush,outlook.com
ACC4b2a7fca40,2026-05-14,Benjamin Dennis,outlook.com
ACCbec090341a,2026-01-12,Brian Davis IV,yahoo.com
ACCde67765d84,2025-03-15,Joseph Webb,outlook.com
ACCe615429019,2026-02-02,Michelle Davis,yahoo.com
ACCc712bef23e,2024-09-29,Wendy Hayes,gmail.com
ACCabf01d5e80,2025-02-08,Jake Watts,yahoo.com
ACC6e6ab536a2,2025-03-04,Joseph Johnson,outlook.com
ACC3b2bca5675,2026-07-18,Chad Cooper,yahoo.com
ACCd5ff74627a,2024-11-02,Gregory Hartman,icloud.com
ACC7e7221f4d6,2026-04-08,Andrea Poole,outlook.com
ACC26b6e994b4,2025-06-14,Jeffrey Lopez,yahoo.com
ACCf84c29c59a,2024-10-26,Robert Vasquez,outlook.com
ACC1e52334209,2025-04-17,Sean Rivera DVM,yahoo.com
ACC7aefd41042,2025-02-22,Frederick Gross,gmail.com
ACC5d3948fb72,2025-11-12,Laura Foster,icloud.com
ACCf5fe34dfa4,2025-04-26,Jessica Hughes,yahoo.com
ACCf0eb6e4276,2025-10-01,Debra Wallace,icloud.com
ACC19aa42c149,2025-07-07,Theresa Potter,outlook.com
ACCdf0a64d54f,2026-04-07,Dale Pineda,gmail.com
ACC7d2735455b,2026-06-30,Wayne Rivera,gmail.com
ACCb5dfdd2410,2026-08-20,Alicia King,yahoo.com
ACC5c860b7f63,2025-01-15,Dawn Gentry,icloud.com
ACCb8ccd680b4,2024-11-19,Jennifer Garcia,icloud.com
ACCffbbe548c9,2024-09-05,Wesley Mitchell,icloud.com
ACCb9b6070ab1,2026-05-05,Derek Bradley,outlook.com
ACC7875e09bdb,2024-11-18,Valerie Alexander,yahoo.com
ACC50d2f74ce0,2026-03-08,Anita Wagner,outlook.com
ACC8cb9d4fd4a,2026-05-02,Joseph Dixon,icloud.com
ACCf6b9ebebb7,2024-12-21,Wesley Mccoy,outlook.com
ACCe2751043ec,2025-04-24,Denise Marshall,gmail.com
ACCecb34f1cc0,2024-09-28,Mark Ferguson,outlook.com
ACCaa9e5c7781,2026-07-01,Laura Charles,icloud.com
ACC75f0196b91,2026-02-07,Patrick Smith,outlook.com
ACC094d2f38f1,2025-04-22,Carrie Walker,yahoo.com
ACCddc2fc99c5,2026-05-06,Brent Brooks,yahoo.com
ACC6c623f8f93,2026-04-03,Kevin Zhang DDS,icloud.com
ACC4c675034d9,2024-10-04,Peter Perry,gmail.com
ACCf708699c05,2025-12-31,Daniel Weber,icloud.com
ACCb9bcb741c3,2024-09-06,Christopher Glover,gmail.com
ACC66b011d95e,2025-10-13,Angel Fox,gmail.com
ACCc877d411ff,2026-01-07,Jason Bond,icloud.com
ACC44a63e0342,2024-11-06,Jack Burns,icloud.com
ACCe1f4fee6c5,2026-06-12,Tyrone Archer,yahoo.com
ACCf94a254f3a,2025-08-29,Sarah Park,icloud.com
ACC734e11c754,2024-12-28,Tamara Washington,yahoo.com
ACC4268b62a2d,2024-12-06,Scott Bailey,outlook.com
ACCd4bf0c4fb9,2026-08-14,Marc Escobar,gmail.com
ACC69d8fd6805,2025-11-11,Joseph Wilson,icloud.com
ACC6d71291454,2025-06-16,Keith Hicks,outlook.com
ACC3e44faaadb,2025-03-16,Shelly Werner,gmail.com
ACC3b10e7d89e,2025-05-24,Tyler Best,icloud.com
ACCc298334178,2024-12-29,Angel Walters,gmail.com
ACC7315bfccac,2025-03-19,David Reed,outlook.com
ACCc3709a0764,2026-07-23,Heather White,icloud.com
ACC28d5ce2732,2026-01-04,Joshua Gomez,yahoo.com
ACCb2b0359d37,2025-12-03,Ashley Wright,outlook.com
ACCda01ca0838,2025-07-31,Daniel Silva,icloud.com
ACCfa335f5428,2026-03-22,Samantha Flores,gmail.com
ACC7cafff27e6,2024-09-26,Peter Brady,yahoo.com
ACC65ff02f504,2024-10-31,April Dean,yahoo.com
ACCe3d3b1573f,2024-11-08,Jacqueline Allen,yahoo.com
ACCc28db9ddaf,2025-08-05,Olivia Mitchell,yahoo.com
ACC6ba64b5b35,2025-07-01,Nicholas Garrison,gmail.com
ACCe40fe7c60e,2024-12-01,Thomas Vang,outlook.com
ACCc1db9bcaa8,2026-02-14,Jamie Warren,icloud.com
ACCe8da711632,2025-05-04,John Merritt,icloud.com
ACC59ac72d8da,2024-11-11,Kristen Pennington,yahoo.com
ACC34da335ec3,2025-03-10,Andrew Meyer,outlook.com
ACC332e61a460,2026-03-26,April Little DDS,yahoo.com
ACCbd82a3c898,2025-01-05,Nancy Quinn,yahoo.com
ACCacb08738fa,2025-05-23,Melvin Ewing,icloud.com
ACCe6b901b0fc,2025-01-30,Amanda Roberson,gmail.com
ACC3751670b19,2025-04-24,Susan Byrd,gmail.com
ACC637b6c18f6,2025-03-12,Angela Phillips,yahoo.com
ACC68049e4f95,2025-10-08,Maurice Boyle,outlook.com
ACC7f445bdce2,2026-04-13,Sarah Montoya,icloud.com
ACC6157fef2f3,2024-11-01,Dorothy Lee,icloud.com
ACC7d028b886c,2024-11-10,Kelsey Young,yahoo.com
ACC2bd40d5122,2026-03-06,Brenda Gould,outlook.com
ACC5e1cb86a90,2025-10-01,John Shannon,icloud.com
ACC8a1169644f,2026-05-05,Justin Andrews,outlook.com
ACC6fc8577d90,2025-12-13,Kristin Blair,gmail.com
ACC397ac67879,2025-09-16,Nathan Summers,yahoo.com
ACCf17080bfc5,2025-11-22,Mary Stevens,icloud.com
ACCec6affdd2c,2025-05-22,Michael Hopkins,outlook.com
ACC6b6ec71035,2025-07-23,Brian Odonnell,yahoo.com
ACC8933c9d36b,2025-05-13,Michael Jackson,gmail.com
ACCd204119417,2026-08-30,Brandon Davis,icloud.com
ACC7fe284e73f,2025-06-07,Deborah Newman,icloud.com
ACC908817a088,2026-06-24,Jacob Jones,outlook.com
ACC3995d9b2e2,2024-12-27,Noah Gonzalez,yahoo.com
ACC3288b6a3f7,2025-01-05,Ronald Strickland,outlook.com
ACC0db3e628a6,2025-07-30,Joshua Burke,gmail.com
ACC14ddb60b78,2026-06-03,Melanie Rodriguez,yahoo.com
ACCd883cb07d8,2024-11-17,James Henry,icloud.com
ACCc51e7bc5fc,2025-02-12,Casey Garcia,gmail.com
ACC73cae860d9,2025-04-06,Javier Carter,icloud.com
ACC32dd6a6b63,2025-04-28,Kelli Dillon,yahoo.com
ACC32ec57955b,2025-08-02,Sherry Pierce,yahoo.com
ACCbb9441406d,2025-12-29,Joshua Harris,outlook.com
ACC6b3190d539,2026-02-21,Daniel Wright,icloud.com
ACC7cea4ccb17,2024-11-04,Jose Bailey,icloud.com
ACCbaa369c2f5,2025-11-16,Faith Dalton,icloud.com
ACC6483760925,2025-09-14,Jeffrey Hampton,gmail.com
ACCd3751e5b5d,2025-03-22,Jennifer Roberson,outlook.com
ACC629aa9ea4f,2025-06-03,Frank Hall,gmail.com
ACC9016fb3790,2025-07-03,Dr. Thomas Snyder MD,yahoo.com
ACCc3d2fc06a5,2026-08-09,Rachel Brown,outlook.com
ACC6f9b956b0c,2024-12-13,Russell Morris,gmail.com
ACC292dd2225e,2026-06-06,Katie Terry MD,icloud.com
ACC97e7c8143d,2025-05-20,Joshua Carney,icloud.com
ACC3ed986026f,2025-08-12,Walter Hunt,yahoo.com
ACCfe0c63edc6,2025-06-22,Kim Wilson,outlook.com
ACCd4de824de8,2024-11-06,Timothy Ball,yahoo.com
ACC2dfb5eba57,2025-11-18,Jessica Charles,yahoo.com
ACC1eeb07e165,2025-06-18,Karen Ford,yahoo.com
ACC67ea27fcd4,2025-07-09,Anthony Myers,outlook.com
ACC4ea13f621b,2025-11-01,Paul Yates,icloud.com
ACC098cdee4cd,2024-12-25,Natasha Rich,outlook.com
ACC12be7f8d57,2026-03-14,Kyle White,icloud.com
ACC294e5e24cd,2025-02-09,Steven Summers,outlook.com
ACC761d0eccac,2024-10-31,Savannah Macdonald,gmail.com
ACCa5795ac482,2024-09-11,Mark Johnson,yahoo.com
ACC992432b94a,2025-07-10,Jeffrey Perez,outlook.com
ACC1c424be027,2024-10-22,Marcus Suarez,gmail.com
ACC90a1e881aa,2025-02-26,David Norton,yahoo.com
ACCb04085c56e,2024-09-22,Kathleen Howard,yahoo.com
ACC755da86d38,2026-01-15,Natalie Boyer,gmail.com
ACCbfa74e3b7d,2026-01-30,Tyler Willis,outlook.com
ACCe2031c3dff,2026-03-25,Amy Garcia,outlook.com
ACC44eaa07496,2025-03-05,Jennifer James,outlook.com
ACC18a92c0892,2026-03-27,Diane Deleon,gmail.com
ACC49e6fbcd67,2024-12-29,Christopher Sanders,yahoo.com
ACC141bd349f8,2026-03-28,Brandi Kim,yahoo.com
ACC49ea688f63,2024-09-29,Kevin Lane,gmail.com
ACCe3000fca02,2025-07-16,Brandi Edwards,icloud.com
ACCb3babc4fa0,2024-09-06,Eddie Mann,gmail.com
ACC402d8c076a,2025-12-13,Lydia Miller,icloud.com
ACC0af5a413d1,2026-02-03,Jennifer Taylor,gmail.com
ACC9220b31b9e,2025-07-27,Susan Lutz,gmail.com
ACCd0ded360f2,2024-10-22,Jacob Singleton,yahoo.com
ACCcccf3f727c,2024-12-21,Alexandra Cruz,outlook.com
ACC609fe9f69f,2025-07-24,Robert Hudson,icloud.com
ACCc2277f4b70,2026-06-05,Nathan Morrison,outlook.com
ACCc1cb69c3d5,2025-12-17,Catherine Anderson,outlook.com
ACCc582cc7ed7,2025-08-02,Matthew Carter,gmail.com
ACCb0fbc48701,2026-07-27,Patrick Stewart,icloud.com
ACCac83dbe886,2025-06-24,Leslie Gallagher,icloud.com
ACC06956faa2e,2025-02-25,Michelle Smith,icloud.com
ACCab4738efe1,2025-08-13,Erin Shields,outlook.com
ACC3b7b505655,2026-04-17,Theresa White,icloud.com
ACC24d6e4e983,2026-02-24,Nicole Mckay,gmail.com
ACCbc01eeae5a,2025-07-23,Ernest Rios,gmail.com
ACCa08d08ec16,2025-09-23,Christopher Richardson,gmail.com
ACC269ab212b6,2025-02-06,Anthony Esparza,gmail.com
ACC6fb2b229cd,2025-09-26,Brian Murphy,icloud.com
ACCfa8a95afd0,2024-10-27,Heather Cherry,icloud.com
ACC4143bbed79,2025-11-23,Lindsey Rojas,yahoo.com
ACC544372ef1d,2025-02-19,Erica Davis,outlook.com
ACC10376e3ec4,2024-10-07,Jamie English,outlook.com
ACC29bd7885d3,2025-10-05,Robin Benson,outlook.com
ACCb140e888d3,2025-03-31,Blake Torres,icloud.com
ACCdc8e4a27d4,2026-01-27,Krista Mckee,icloud.com
ACC7448c33882,2026-06-17,Tiffany Hall,icloud.com
ACCab86eb3c3c,2026-04-01,Catherine Davis,yahoo.com
ACC495cd67cc1,2026-04-26,Luis Williams,outlook.com
ACCf32ce5aad7,2025-07-08,Alan Valenzuela,icloud.com
ACCce923cadcd,2025-06-17,John Franklin,icloud.com
ACC2d5b338814,2026-01-11,Nicole Rogers,yahoo.com
ACCa68d420467,2024-10-07,Jonathan Colon,yahoo.com
ACCb54b159099,2025-05-13,Christopher Smith,icloud.com
ACC4507a362ec,2025-08-03,Donald Ross,gmail.com
ACCab693f979d,2025-11-08,Tracy Aguirre,yahoo.com
ACCb9c4f6e8a2,2025-04-01,Lori Howard,icloud.com
ACC0ef1eefdfc,2025-01-06,Mathew Bailey,outlook.com
ACCf51b40acb8,2025-08-19,Mary Morgan,yahoo.com
ACC534b0de9a1,2025-09-14,Hannah Dixon,yahoo.com
ACCd3a1f273dc,2025-09-08,Maxwell Aguilar,icloud.com
ACC0c7ef49005,2025-05-28,Regina Hatfield,icloud.com
ACC8b114b99ea,2026-06-09,Mrs. Jennifer Harris,yahoo.com
ACC194bee910d,2025-01-22,Thomas Thomas,outlook.com
ACC5a1a693a0d,2026-04-19,Adam Wright,yahoo.com
ACCe770b5150c,2024-11-13,Brian Johnson,gmail.com
ACCc35cf322fd,2025-02-05,John Hernandez,yahoo.com
ACCdedcdb9fbb,2026-06-15,Debra Martinez,yahoo.com
ACC0b1e96b1ef,2024-11-27,William Davis,gmail.com
ACC74cc1829bd,2026-08-18,James Nelson III,icloud.com
ACCf866d0b30f,2026-03-09,Stacey White,yahoo.com
ACC45cbbdfc38,2025-10-04,Jeffrey Thompson,outlook.com
ACCaaada87fdd,2026-08-11,Tyler Vasquez,gmail.com
ACC69dcd39b02,2026-04-24,Andrea Davis,icloud.com
ACCee9ce2b8b8,2025-01-05,William Miller,icloud.com
ACC32c78f30f1,2026-08-18,Brian Greene,icloud.com
ACC715ea9f593,2026-06-02,Emily Myers,outlook.com
ACC155e235342,2026-01-27,Jesus Branch,outlook.com
ACCf2f13972af,2026-03-12,Pamela Vaughan,gmail.com
ACC9ef11a54bd,2024-10-18,Stephanie Hernandez,gmail.com
ACCb8563c3136,2026-03-12,Richard Williams,outlook.com
ACC7a118f6650,2024-10-12,Calvin Richardson,outlook.com
ACC7a9b8269a3,2026-01-31,Olivia Lee,outlook.com
ACC54816257c5,2026-06-01,Jacob Diaz,gmail.com
ACC6417738944,2025-05-09,Jackie Murphy,yahoo.com
ACC6395137135,2026-02-21,Jacob Duffy,gmail.com
ACC3b75c637e0,2024-10-06,Jennifer Torres,gmail.com
ACCbced974db2,2025-10-12,Tanner Rodriguez,gmail.com
ACC21e8985fae,2026-06-22,Joseph Pham,icloud.com
ACC806c6f74c9,2026-08-24,Briana Mayer,outlook.com
ACC9b40f14ec8,2025-03-19,Brian Anderson,gmail.com
ACC9d6575778c,2025-02-01,Summer Hernandez,outlook.com
ACCa92f906b5d,2024-11-29,Evan Owens,yahoo.com
ACCd4c35c4434,2025-02-18,Jaime Stone,gmail.com
ACC7cff1fda16,2025-08-21,Jeffrey Welch,outlook.com
ACC5e60e8bc02,2024-11-18,Debra Smith,icloud.com
ACCc86d4aa51c,2026-03-23,Isabella Patel,yahoo.com
ACC5108da168d,2026-05-09,Rebecca George,gmail.com
ACC431ef4ba54,2026-06-27,Stacey Lopez,yahoo.com
ACCfab4e44a03,2026-07-22,William Trevino,icloud.com
ACCfa993b9f1e,2026-06-15,Andrew Garcia,outlook.com
ACCd48e7477f3,2025-03-18,Maria Miller,outlook.com
ACC0e1a6c3221,2026-06-14,Jose Williams,yahoo.com
ACC4a5b7eaf6e,2025-08-27,Kathy Kelley,outlook.com
ACC3ef714a034,2025-11-10,Matthew Hughes,icloud.com
ACCec4f7bfdc3,2025-03-15,April Jackson,icloud.com
ACC60f05da16f,2026-04-24,Alex Mccoy III,yahoo.com
ACC643e330f5d,2025-04-22,Steven Rogers,icloud.com
ACC9563bcf02a,2026-01-09,Chelsea York,gmail.com
ACC2ab0b6af97,2025-06-27,Leon Hernandez,gmail.com
ACCf15cb70b0b,2025-09-07,Samantha Pham,yahoo.com
ACC5783aafac3,2025-06-15,Tracy Hernandez,gmail.com
ACCfcc2e00119,2026-03-17,Jeffrey Hendrix,yahoo.com
ACC4efc43934b,2025-05-19,Dr. Paul Smith,gmail.com
ACCe2fc28032b,2025-09-21,Todd Robertson,gmail.com
ACC7230c84abe,2024-09-22,William Johns,gmail.com
ACC66dfdaeea7,2026-07-28,Glenn Smith,yahoo.com
ACC079ecb6809,2025-02-12,John Nelson,icloud.com
ACC311c19e513,2025-03-06,Kristen Mckee,gmail.com
ACC21ba80a3ff,2025-07-11,Kathy Banks,gmail.com
ACC73bc311469,2025-09-22,Christopher Johnson,yahoo.com
ACC43ed3e649e,2026-06-15,Heather Murphy,outlook.com
ACCbcbcf1861f,2026-05-25,Justin Rodriguez,gmail.com
ACC282ac89836,2024-09-30,Cynthia Wood,outlook.com
ACC906de73d37,2024-12-23,Scott Alexander,icloud.com
ACC0516f13dc9,2025-12-22,Denise Bryant,icloud.com
ACCa2f6e86589,2025-11-25,Abigail Cruz,icloud.com
ACC21831f77d5,2025-12-10,Susan Keller,icloud.com
ACC8b6a4f047b,2026-07-09,Anthony Jackson,outlook.com
ACCc24e9490ac,2025-03-25,Barbara Barton,yahoo.com
ACC4ede376b64,2025-08-25,Bryan Washington,icloud.com
ACCb0882b8a12,2026-05-14,Christina Brown,yahoo.com
ACCf022a9bdff,2026-01-07,Charles Hanna,outlook.com
ACCd64f7dade3,2025-11-04,Jessica Page,gmail.com
ACCccd19ea330,2026-02-22,Kimberly Olson,yahoo.com
ACC06c8c9d997,2026-05-21,Terry Williams,gmail.com
ACCae8f2a692f,2026-07-04,Chelsea Johnson,outlook.com
ACCe4e0905b4a,2026-02-06,Allison Vaughn,icloud.com
ACCaa553689a3,2024-10-04,Jessica Strickland,yahoo.com
ACCc06b594f14,2025-09-25,Dylan Miller,gmail.com
ACC2164fabdd5,2025-01-31,John Silva,outlook.com
ACC42f61d93ba,2025-08-05,Elizabeth Rodriguez,gmail.com
ACC663861c96d,2026-03-03,Jesse Campbell,yahoo.com
ACC6ea633d33f,2024-10-27,Makayla Anderson,gmail.com
ACC908f3380d1,2025-10-22,Gina Cruz,icloud.com
ACC81f1c9370e,2024-11-12,Peter Keller,gmail.com
ACC94b8607e71,2025-02-20,Thomas Campbell,gmail.com
ACC649951a994,2026-05-11,Michelle Mcdaniel,icloud.com
ACCb4d363ca6b,2025-11-22,Stephanie Chen,yahoo.com
ACCf552001ace,2025-04-25,Michael Davis,yahoo.com
ACC5bb0e27edd,2026-05-18,Shannon Sheppard,gmail.com
ACC0eb2474cf5,2025-09-28,Nicole Schultz,icloud.com
ACC8429ebf74e,2025-09-17,Mrs. Anna Allen,outlook.com
ACCa4c1dd58e0,2025-09-24,Francisco Lewis,outlook.com
ACCf20ef32489,2026-01-04,Becky Parker,icloud.com
ACC91ba2cc3bf,2025-05-07,Eric Nelson,outlook.com
ACCd25ac70304,2025-10-18,Juan Mccoy MD,gmail.com
ACCfa537b70b7,2026-03-20,Colin Grant,outlook.com
ACC4485522dd5,2025-02-07,Terri Weiss,icloud.com
ACC4c6c59ecfa,2025-08-09,James Burns,icloud.com
ACCd553188a0a,2025-06-17,Jennifer Salazar,outlook.com
ACC164f2c29b4,2025-04-18,Christine Martinez,yahoo.com
ACC5523308d19,2026-02-11,Jonathan Blackwell,outlook.com
ACCe8bd7f7e4f,2026-02-10,Laura Gomez,gmail.com
ACCefc3f0bf06,2025-08-30,Joshua Hamilton,yahoo.com
ACC5b84fb6aad,2025-06-24,Joshua Stephens,outlook.com
ACC599bdffd53,2025-04-01,Meghan Brown,gmail.com
ACC34299c5f54,2024-09-13,Justin Peterson,outlook.com
ACCe11fc1744f,2025-02-11,Robert King,icloud.com
ACC5c2b5e839d,2025-10-17,Anna Lopez,icloud.com
ACCc22e8096ac,2025-11-11,Jason Castaneda,icloud.com
ACC2810b8f9f5,2024-09-18,Jacob Hays,outlook.com
ACC5358e078a7,2026-01-23,Abigail Bennett,outlook.com
ACCfe487c3e01,2025-07-24,Samantha Moore,yahoo.com
ACC9354a4f64c,2025-06-16,Isaiah Singh,gmail.com
ACCd651f9d616,2025-07-04,Cameron Alvarez,yahoo.com
ACC0537f3e855,2026-03-27,John Owens,outlook.com
ACC690d7b91a3,2025-08-28,Kathryn Robinson,gmail.com
ACC24a77f2c77,2025-10-07,Jose Bates,gmail.com
ACCf21348d103,2024-10-23,Luis King,outlook.com
ACC81fe50b924,2024-11-26,Travis Mata,outlook.com
ACC6a0b6261c5,2025-02-12,Ashley Bailey,yahoo.com
ACCadba0eee28,2025-02-03,Ashley Lewis,gmail.com
ACCee339b6ebe,2026-01-19,Jacqueline Robinson,outlook.com
ACC4bf7c43069,2026-04-24,Kristina Benson,yahoo.com
ACC5ffa0f44ac,2025-08-23,Michael Mullins,gmail.com
ACC0bee3d92c4,2025-06-22,Eric Luna,yahoo.com
ACC08f4e6a240,2025-09-15,Miranda Moon,yahoo.com
ACC8f8a015c37,2025-10-28,Alyssa Edwards,yahoo.com
ACC1e5ae6f275,2025-01-07,Robert Weber,yahoo.com
ACCadf0dc30e5,2026-04-16,Eric Brock,gmail.com
ACC48eb831b3e,2025-05-30,Levi Chapman,icloud.com
ACC959c99a392,2026-06-29,Scott Murillo,yahoo.com
ACC81c8f09693,2025-03-05,Caitlin Kelley,icloud.com
ACCf7c7a83db6,2026-01-24,Kevin Harrison,gmail.com
ACC06e4efd0fb,2024-10-28,Yolanda Powell,gmail.com
ACC8f2a870e58,2026-02-11,Marcus Cruz,gmail.com
ACC6eb7aeec66,2024-12-27,Alexandra Ray,outlook.com
ACC7257b4e9a2,2024-11-15,Kelly Johnson,gmail.com
ACC51399f2f52,2025-08-27,Robin Jones,icloud.com
ACC1e3ff07c96,2026-04-07,Stacy Sullivan,gmail.com
ACC8f5927a62b,2025-04-19,Kevin Walsh,yahoo.com
ACC5840c6593a,2025-05-24,Michael Tapia,icloud.com
ACC46132182bf,2025-08-31,Madison Ford,icloud.com
ACCffddde4e1d,2026-07-23,Dave Benson,outlook.com
ACCef0e488ebf,2024-12-27,Tracey Parker,outlook.com
ACCfb30d3342f,2024-10-01,Holly White,gmail.com
ACC055c69d9e3,2025-05-15,Robert Dorsey,yahoo.com
ACC0bca3cbe2f,2026-01-20,Richard Ortiz,yahoo.com
ACC002a6f6307,2025-09-27,Dr. Christine Delgado,gmail.com
ACC99e8145243,2025-10-16,Tammy Perry,icloud.com
ACC24402ecbcd,2025-05-17,Chelsea Wu,icloud.com
ACC62de13709c,2024-12-14,Ann Whitney,icloud.com
ACCfac357a79f,2026-07-29,Brandi Obrien,outlook.com
ACC49dde3d0e5,2026-04-13,Rebecca Warner,yahoo.com
ACC300d5751c9,2025-01-25,April Webster,outlook.com
ACCe1c4e26ffd,2026-06-01,Kevin Warren,icloud.com
ACC7f53f15641,2025-09-03,Amanda Ortiz,outlook.com
ACC4e04ecb1f3,2026-06-19,Brian Rosario,yahoo.com
ACCf2dd8c13ed,2025-05-13,David Edwards,outlook.com
ACCf3b4d6ea62,2024-12-12,Maria Beck,yahoo.com
ACCd977a423c4,2025-02-24,Joshua Rodriguez,icloud.com
ACC5109ce1cfc,2026-05-16,Richard Combs,icloud.com
ACCe89b1a019d,2026-06-02,Amy Miller,icloud.com
ACC31cd67121f,2025-12-14,Kenneth Bennett,gmail.com
ACC4c58152d41,2025-02-26,Robert Cummings,gmail.com
ACCa41d283a0b,2026-01-21,Jason Allen,gmail.com
ACC7582dfaef3,2026-05-31,Jean Hill,gmail.com
ACC9800d6f7f5,2024-09-15,Cathy Hall,yahoo.com
ACC387468caea,2025-11-09,Kathy Vasquez,yahoo.com
ACCbaa0983e36,2025-08-05,Timothy Carpenter,yahoo.com
ACCfdb94767f3,2025-07-12,Ebony Harris,gmail.com
ACCa10b94f0ba,2024-11-30,Samuel Pruitt,gmail.com
ACC773f0c9878,2024-09-06,Johnny Nelson,icloud.com
ACC76879ec243,2025-05-17,Laura Macias,outlook.com
ACCf03f4476e8,2025-12-24,Emily West,outlook.com
ACC4755fe0a7b,2025-12-16,Dakota Elliott,icloud.com
ACC83787b9535,2026-08-07,Danielle Gonzales,icloud.com
ACC95585001c7,2025-08-22,Charles Stark,gmail.com
ACC96e1464fc9,2025-05-16,Stephen Noble,icloud.com
ACCdbdef5dc0b,2026-06-20,Zachary Harris,outlook.com
ACC03d79a4208,2026-01-15,Robin Kidd,gmail.com
ACC0941a16077,2025-03-08,Gabrielle Mercado,icloud.com
ACC1c4dd9e07d,2025-03-28,Patrick Gregory,icloud.com
ACCa04d439954,2025-11-17,Mr. Eric Reese,yahoo.com
ACC50ae9dba5b,2026-08-14,Adam Pierce,gmail.com
ACC856af8995e,2026-04-20,Thomas Adams,gmail.com
ACCcc8c715b28,2025-05-22,Katrina Mcneil,yahoo.com
ACC40f7d71104,2026-01-11,Melissa Alvarez,outlook.com
ACC70ac12d35e,2025-06-21,Adam Torres,outlook.com
ACCbb368ddce9,2026-07-22,Brandi Wood,gmail.com
ACC463dee288f,2025-12-08,Thomas Savage,yahoo.com
ACC96eb0c471c,2025-07-14,Jessica Weber,outlook.com
ACCb1a24a2a7d,2024-12-22,Amanda Barton,yahoo.com
ACC5c6372d84d,2025-08-14,Joseph Hardy,yahoo.com
ACC456a0e3ab9,2026-04-24,Brian Barr,outlook.com
ACC1e6bc1f0c6,2025-02-24,Douglas Merritt,gmail.com
ACC9e4a32f8d6,2026-08-12,Paul Wells,gmail.com
ACC90769b052b,2026-08-23,Mary Burton,yahoo.com
ACC19804a9f25,2026-04-04,Marilyn Snow,gmail.com
ACC5aa69fb60c,2025-06-03,John Wood,yahoo.com
ACCb3ab96c3a0,2025-09-07,Gary Evans,yahoo.com
ACC99939d906e,2024-10-18,Jeffery Ball,icloud.com
ACCc8ee98510f,2025-06-25,Dr. Christian Ball,icloud.com
ACC88211a98de,2025-01-01,Matthew Stevens,icloud.com
ACCe4e6d22419,2024-09-09,Anthony Richmond,gmail.com
ACCbe07e0a361,2026-01-04,Paul Kemp,gmail.com
ACCcbcf50797d,2025-10-17,Jessica Maddox,icloud.com
ACC75f99c8a60,2026-06-24,Cynthia Atkins,outlook.com
ACCcba0ec99a5,2025-11-19,Alicia Mueller,icloud.com
ACC4cb1f6a5c9,2025-02-15,Eric Murphy,yahoo.com
ACC2e9986cf9c,2025-03-08,Nancy Stephens,gmail.com
ACC5ab03eddee,2025-05-11,Carlos Williamson,outlook.com
ACC97b3bab4d3,2025-08-18,Jason Bailey,yahoo.com
ACCfaff4954df,2024-10-01,Andrew Guzman,yahoo.com
ACC4391983e6c,2025-10-22,Christopher Bell,gmail.com
ACC6a883c42d9,2026-02-25,Kelsey Owen,yahoo.com
ACCa5392d3a2b,2024-10-31,Patrick Graves,icloud.com
ACCfd740b73ce,2025-05-09,Michael Sawyer,icloud.com
ACC89cd9879c0,2026-08-16,Christopher Whitney,icloud.com
ACC6f82c335e3,2026-01-24,Alvin Kim,outlook.com
ACC17eb5a6ea1,2025-11-17,Deborah Sweeney,outlook.com
ACCd7502f8074,2025-05-11,John Travis,outlook.com
ACC47ab9618db,2026-08-01,Michele Richardson,gmail.com
ACCe8b0f7b6be,2024-11-23,Amanda Elliott,outlook.com
ACC6f2d36b5b8,2025-10-09,Matthew Greene,gmail.com
ACC8290bba706,2025-01-10,Karen Chaney,gmail.com
ACCba7651d735,2025-11-21,Kenneth Rodriguez,gmail.com
ACC122dd91635,2025-09-03,Christian Sutton,yahoo.com
ACC549930e93b,2025-03-02,Lucas Rogers,icloud.com
ACC8b955788aa,2026-08-10,Michael Pena,yahoo.com
ACCba566113ca,2025-08-11,Nicholas Bradford,icloud.com
ACC530f0db659,2024-10-02,Patrick Best,yahoo.com
ACCf0e908900e,2025-11-20,Diana Tucker,gmail.com
ACC7b4e7b9e60,2026-04-16,Ashley King,yahoo.com
ACC8d9b7c4440,2026-05-18,Douglas Frederick II,yahoo.com
ACC7d2e630c94,2025-12-17,Cynthia Stuart,gmail.com
ACCa450f021f6,2026-01-31,Andrew Peterson,outlook.com
ACC2ce9fbce08,2025-11-11,Michael Lawson,outlook.com
ACCb867b4aa98,2026-06-30,John Nunez,gmail.com
ACC16bc58ca06,2025-10-30,Dana Dudley,icloud.com
ACC9e59668cc4,2026-04-05,Sydney Oconnor,yahoo.com
ACC010b02091d,2024-12-20,Alfred Hebert,outlook.com
ACC3fdef730d1,2024-09-26,Willie Gillespie MD,icloud.com
ACCa4e7995852,2024-09-03,Ryan Daniels,gmail.com
ACCa155384cb6,2024-12-11,Juan Castro,icloud.com
ACCcef3e4f6cd,2025-03-14,Jane Flowers,icloud.com
ACC33a34bdbfb,2026-01-27,John Jenkins,gmail.com
ACCdeb7bf703c,2025-12-30,Donald Collins,yahoo.com
ACC69d938ca40,2024-12-30,Leslie Salinas,icloud.com
ACC4fd0a458f4,2024-12-22,George Garcia,gmail.com
ACCd8b5bb09b8,2026-04-03,Jennifer Thornton,yahoo.com
ACCf6f97a7d80,2025-10-15,Linda Tate,yahoo.com
ACC233159c294,2025-06-03,Denise Clark,icloud.com
ACC97fdc2dfb8,2024-12-16,Jaime Reynolds,yahoo.com
ACC5ed903f873,2026-06-03,Robert Edwards,icloud.com
ACC3e2dedb3d0,2025-01-11,Gene Simpson,outlook.com
ACC6655e5c1b9,2025-12-09,Kyle Henson,gmail.com
ACC9685bc77f7,2025-02-23,Daniel Lee,gmail.com
ACC0401d21a9f,2024-12-22,Albert Bell,yahoo.com
ACC9bf7957fdb,2024-09-28,Mark Willis,yahoo.com
ACC199933217c,2025-08-30,Haley Marshall,outlook.com
ACC5f1630daac,2025-08-26,Allen Figueroa,yahoo.com
ACCf4a3f3c423,2026-08-07,Sarah Trevino,icloud.com
ACCffd23d4925,2025-07-13,Robert Adams,icloud.com
ACC0d8325ea14,2026-01-18,Nicholas Wallace,gmail.com
ACCac9de9d4f7,2026-03-22,Tracy Underwood,gmail.com
ACCbbdcffb6f4,2026-04-07,Mary Thompson,outlook.com
ACC33ce6e5b64,2026-05-03,Kimberly Brooks,yahoo.com
ACC6b82a30802,2025-01-28,Erica Williams,yahoo.com
ACC109aba9527,2025-11-28,Deborah Olson,outlook.com
ACCdbe36a5d68,2025-01-06,Jennifer Lara,outlook.com
ACCe654d815a6,2024-12-01,Anthony Jones,gmail.com
ACC13141ceea2,2025-12-01,Matthew Thomas,icloud.com
ACCe11f68e52f,2025-07-30,Tyler Johnson,outlook.com
ACC12aa9b963d,2026-03-26,Timothy Campbell,icloud.com
ACC469e3f7b2d,2024-11-27,Michael Turner,yahoo.com
ACCe2f22944e2,2026-02-20,Christine Duncan,outlook.com
ACCb17be219dd,2026-05-28,Daniel Weaver,outlook.com
ACC3324e30133,2025-08-07,Thomas Mason,outlook.com
ACC0e9b755345,2025-05-08,Todd Brewer,outlook.com
ACC71a24dce3b,2026-05-17,Christopher Buck,gmail.com
ACCc5c6c0b0d9,2025-03-21,Ryan Gilbert,outlook.com
ACC85b1a4b30d,2026-08-02,Michelle Rubio,yahoo.com
ACC6f57e463c9,2025-05-31,Joseph Delgado,outlook.com
ACCfe5e4e3d82,2025-08-13,Susan Williams,icloud.com
ACCd523f5df03,2026-02-28,Jennifer Lynch,outlook.com
ACC61581aa9e9,2024-10-01,Sara Cabrera,outlook.com
ACC1ad7225ec5,2025-04-01,Virginia Rogers,gmail.com
ACCa614ad6d09,2026-03-27,Nicole Davis,icloud.com
ACC185260c756,2025-06-01,Marie Everett,icloud.com
ACCcc1304691d,2025-12-02,Charles Phillips,icloud.com
ACC335ee13e08,2025-05-14,Yolanda Campbell,yahoo.com
ACC82035cf6f2,2025-06-07,Zachary Brown,yahoo.com
ACC1bdc8a3617,2026-07-15,Raymond Young,icloud.com
ACCc884eccdb4,2025-07-15,Linda Velazquez,yahoo.com
ACCcf0f1b3353,2026-02-17,Mark Coleman,outlook.com
ACCdf350de792,2025-06-04,Belinda Tucker,icloud.com
ACCa525901a5b,2026-01-20,Kathleen Wright,icloud.com
ACCc364c0e462,2024-10-30,Dr. Melinda Holt,icloud.com
ACC78f02086fe,2025-07-23,Robert Foster,icloud.com
ACC837d58151d,2024-12-15,Matthew Beck,icloud.com
ACC5511259370,2025-09-22,Joel Wells,yahoo.com
ACCf4c6c4d833,2025-11-13,Jeffery Anderson,gmail.com
ACC42aa3a1a89,2026-01-01,Duane Smith,icloud.com
ACCe82a7d622b,2026-01-17,Sarah Sparks,gmail.com
ACC3c23c4a8f2,2026-05-18,William Lewis,gmail.com
ACC1969d780d4,2025-09-01,Amy Lee,yahoo.com
ACC51915f9253,2025-10-19,Adrienne Charles,yahoo.com
ACC245d084a3d,2025-10-29,Crystal Austin,gmail.com
ACCb8143c53c0,2025-04-23,Samuel Wilson,gmail.com
ACCf283e45970,2026-03-13,Lisa Roberts,icloud.com
ACCe062b79ac1,2025-05-29,Christina Sherman,icloud.com
ACC97acc83d71,2026-05-27,Craig Craig,icloud.com
ACC3c3510b4ee,2025-02-22,Judith Bell,outlook.com
ACC4654abb19d,2025-04-02,Dorothy Tran,outlook.com
ACC7565e0e1c1,2025-01-15,Bonnie Mooney,outlook.com
ACC25dab48f9c,2026-04-08,Morgan Wyatt,outlook.com
ACC06385edbec,2025-07-31,Paula Garcia,yahoo.com
ACC241bd91f5e,2026-04-28,Heather Rojas,yahoo.com
ACC9b2be9ddad,2025-03-26,Sean Schmidt,outlook.com
ACC410402d605,2026-06-03,Stephanie Sims,gmail.com
ACC0ed8da015b,2024-11-23,Mark Brown,gmail.com
ACCc496c05d24,2025-07-20,Jack Schwartz,gmail.com
ACC1ce63c8566,2025-11-10,Kenneth Ward,icloud.com
ACCc0052fb7ba,2026-03-22,Amanda Perkins,gmail.com
ACC373c10f30d,2025-05-24,Kimberly Griffin,gmail.com
ACCa43c2003b0,2025-10-23,Walter Dougherty,gmail.com
ACCe86696b61a,2026-02-10,Sandra Robbins,outlook.com
ACC803baf4ae2,2024-09-05,Becky Gray,icloud.com
ACCbbcfc8a42d,2025-10-19,Sarah Jackson,yahoo.com
ACC05beb2025e,2026-07-22,Michele Jenkins,icloud.com
ACC72d318e860,2025-10-31,Melissa Gregory,yahoo.com
ACC76574f218b,2026-05-14,Jessica Andrade,gmail.com
ACC38a245f9c0,2026-01-11,Susan Mcknight,icloud.com
ACC24c87f1696,2025-02-26,Jacob Mendoza,yahoo.com
ACC1ac6158b3b,2025-06-23,Gary Alexander,yahoo.com
ACCdae97ee438,2024-11-28,Michael Lucas,outlook.com
ACC0ee572dfc3,2026-04-17,Crystal Reed,outlook.com
ACCcf0ffcbc04,2026-06-05,Sara Kirk,gmail.com
ACC6b9fe52640,2025-08-04,Joseph Nelson,outlook.com
ACC21fc64cc56,2026-01-03,Kevin Carlson,outlook.com
ACCf2fc615a98,2025-04-09,Crystal Harmon,outlook.com
ACCc62123fd23,2025-07-15,Diane Hicks,yahoo.com
ACCffad8089a6,2024-11-27,Julia Smith,yahoo.com
ACC85247255a2,2025-08-18,Robert Collins,icloud.com
ACC2fbacf46b7,2025-07-28,Christopher Hodge,outlook.com
ACC748dc8a7e6,2026-04-24,Joseph Love,icloud.com
ACC660965c419,2026-06-08,Amy Wood,gmail.com
ACCfb1c2a81f5,2025-12-24,Robin Mcdaniel,outlook.com
ACC3c9b50e528,2026-07-05,Danielle Harvey,icloud.com
ACCe82041682e,2024-09-28,Stacy Henry,gmail.com
ACC6d0567bdab,2026-05-13,Christina Wade,icloud.com
ACC68eb84ecb6,2024-11-30,Dylan Patterson,yahoo.com
ACC4b2ee38e3b,2025-02-07,Donna Singh,outlook.com
ACCebc19b992f,2026-02-09,Jeffrey West,outlook.com
ACC6a4c102164,2026-08-24,Mitchell Jones,yahoo.com
ACC8c8118129a,2025-08-28,Jaime Alvarez,outlook.com
ACC598d38d4ac,2025-09-11,Jeffrey Thomas,icloud.com
ACC944781efc3,2026-01-12,Erin Walker,yahoo.com
ACCd6fa587da7,2026-05-02,Brian Martinez,icloud.com
ACC12aa5752cb,2026-05-02,Eric Evans,yahoo.com
ACCb99889a0f4,2026-04-04,Tammy Harper,outlook.com
ACC87bcf0e992,2025-07-18,Carlos Gutierrez,gmail.com
ACC34dc54a34a,2025-04-19,Tammy Reynolds,outlook.com
ACCa3d71bb08f,2024-12-27,Ronald Lowe,outlook.com
ACCd7291c693b,2026-02-02,Tabitha Jones,gmail.com
ACCdca4566e2e,2025-05-15,John Newton,yahoo.com
ACC3f0d68ddfd,2025-03-21,Jodi Hernandez,outlook.com
ACC328480649e,2025-08-12,Bryce Stone,icloud.com
ACCb8bea2a5af,2025-07-01,Pedro Williams,yahoo.com
ACC60f198a08a,2026-01-21,Diana Martinez,yahoo.com
ACC91ed010cfe,2024-11-26,Mario Hoffman,outlook.com
ACC25029a2693,2026-01-21,Thomas Wall,outlook.com
ACC0dea6761cc,2024-09-28,Yvette Bradley,outlook.com
ACCb44723c00d,2026-02-12,Rachel Estrada,gmail.com
ACC9367739c97,2025-11-24,Brenda Miller,outlook.com
ACC11d0428a0b,2025-12-09,Mark Bishop,icloud.com
ACC98939e755e,2025-07-27,Michele Torres,gmail.com
ACCa4576e1f49,2026-04-17,Stephanie Taylor,icloud.com
ACCdebf68e1ac,2025-06-04,Vanessa Stevenson,outlook.com
ACCac73f5aa4d,2025-11-15,Curtis Hodge,icloud.com
ACCca18c9ab83,2025-06-14,Lonnie Miller,outlook.com
ACC4068fc1eab,2025-02-22,Joshua Daniels,yahoo.com
ACCdcbfc447c5,2025-07-07,Emily Gomez,outlook.com
ACC94e2a9b80b,2026-04-07,Matthew Armstrong,icloud.com
ACC1bb05bef73,2025-11-05,Patrick Rogers,outlook.com
ACC3d581a2647,2026-03-16,Mary Thomas,yahoo.com
ACC9c37239a86,2025-04-25,Jacob Mcneil,icloud.com
ACC6bd39d0bc0,2024-11-07,Kevin Case,outlook.com
ACC58bc9a870d,2025-04-17,Blake Hughes,gmail.com
ACCee862d2f78,2025-04-26,David Lloyd,icloud.com
ACCf8ed97fb3f,2024-10-19,Jessica Saunders,icloud.com
ACC2dc4221a92,2026-06-06,Stephanie Jackson,yahoo.com
ACCe8b1a00125,2025-10-04,Charles Cruz,outlook.com
ACC97dea148f1,2025-05-14,Chelsea Brown,yahoo.com
ACC5b5b343938,2026-08-17,David Brown,yahoo.com
ACCd0056da1d3,2026-01-11,Kyle Walker,icloud.com
ACC8960b44900,2026-07-22,Sean Freeman,icloud.com
ACCf4e88c4c3e,2026-05-18,Neil Mathews,yahoo.com
ACC7705be0dfa,2026-02-08,Kimberly King,yahoo.com
ACC6d092898fa,2026-06-02,Anthony Kelly,yahoo.com
ACCee46d07970,2026-05-26,Angela Cohen,gmail.com
ACCe6b8e6c443,2026-07-25,Daniel Cooper,yahoo.com
ACCa6fdb7271b,2026-03-12,Richard Barnes,outlook.com
ACC909ddf5a05,2025-04-26,Roberta Wood,icloud.com
ACC44e65b60b5,2025-04-05,Peter Martin,outlook.com
ACCd15de5deaa,2024-11-15,Daniel Bradley,yahoo.com
ACCbfe43ab998,2025-03-30,Brittney Miller,icloud.com
ACC64e8f42053,2025-02-18,Elizabeth Wells,outlook.com
ACC3c12876fc0,2024-09-04,Laura Brown,gmail.com
ACC1381a63547,2024-10-13,Charles House,yahoo.com
ACCb8d5a42211,2025-09-21,Paul Wallace,gmail.com
ACC1b0f15a2f3,2026-04-06,Veronica Mccormick,gmail.com
ACCe236547605,2025-05-04,Gregory Davis,outlook.com
ACCf55fec28f5,2025-06-29,Richard Woods,outlook.com
ACC97fb82ae21,2026-05-18,Joshua Freeman,outlook.com
ACC2420a443e4,2024-10-25,Anthony Pitts,gmail.com
ACC6671822c72,2025-02-26,David Young,gmail.com
ACC8bb47e43ea,2025-06-19,Mrs. Nicole Villanueva,yahoo.com
ACC6447337bc9,2024-12-18,Nicole Jones,icloud.com
ACC27edcece3c,2025-04-26,Karen Lopez,outlook.com
ACCd3a646f9ff,2025-01-12,Lisa Lowery,outlook.com
ACC99e6eb3164,2026-07-09,Nicholas Fisher,gmail.com
ACC0f95d59b2c,2025-04-14,Tara Lawson,gmail.com
ACC7e0ae6daaa,2024-11-19,Mr. Ronald Walker,gmail.com
ACCce238dbc1d,2024-12-17,Kenneth Wilson,outlook.com
ACC93a45010a7,2024-12-25,William Kane,gmail.com
ACC5e774657c1,2025-11-03,Jessica Williams,gmail.com
ACC378b677148,2025-04-04,Mr. Michael Cooper MD,outlook.com
ACCc025fdf82e,2025-02-13,Bryan Hester,gmail.com
ACC9d566a76df,2025-09-28,Brett Ferguson,icloud.com
ACC3981479f69,2026-07-31,Sean Schaefer DVM,gmail.com
ACC1ba70cb30b,2025-07-15,Jeremy Rivers,gmail.com
ACC3af0f7f2c9,2026-02-18,Ann Savage,outlook.com
ACCecfb10289c,2024-09-21,Teresa Wright,icloud.com
ACC102d01d265,2024-11-01,Kenneth White,gmail.com
ACCeae6950a47,2026-02-23,Richard Anderson,icloud.com
ACC7d4829a601,2026-01-13,Sarah Smith,yahoo.com
ACC768f7dd102,2024-10-18,Stephen Wolfe,yahoo.com
ACC5a7b2824c0,2025-03-28,Kimberly Blake,icloud.com
ACCff66b380de,2025-02-28,Jennifer Dean,yahoo.com
ACCc488cc9947,2026-05-29,Holly Price,gmail.com
ACC346c855a7d,2025-03-08,Lisa Schneider,outlook.com
ACC41371d5fb1,2026-01-29,Dave Cunningham,gmail.com
ACC53706db91d,2025-04-02,Robert Phillips,gmail.com
ACCa016bd11e1,2026-02-23,Adam Rodriguez,outlook.com
ACC79f6d1fb34,2026-04-15,Tiffany Soto DDS,icloud.com
ACC2ad8d65994,2026-05-29,Katie Parker,icloud.com
ACC81357b1495,2025-04-02,Tina Jennings,gmail.com
ACCdfb0e7fb17,2025-08-02,Brenda Shepherd,outlook.com
ACC905a1fcf30,2025-04-13,Mr. Aaron Miller,yahoo.com
ACC7dbea555a4,2026-03-28,Keith Villa,icloud.com
ACCbc0fd10707,2025-06-29,Tracy Rodriguez,icloud.com
ACC90decc34da,2025-02-28,James Kelly,outlook.com
ACC9b64ac35d0,2025-11-02,Danielle Miller,yahoo.com
ACCdf031693e6,2026-07-15,Frederick Ruiz,yahoo.com
ACCe944bad42e,2025-12-06,Joan Andrews PhD,yahoo.com
ACCe6c968f2f8,2026-03-23,Ronald Johnston,yahoo.com
ACC4ffb0d927e,2025-08-13,Christopher Cardenas,gmail.com
ACC8022e4c042,2026-03-21,Regina Fisher,outlook.com
ACCe66f0cdc3e,2025-07-06,Brian Archer,icloud.com
ACC0c868d9f03,2025-10-19,Nancy Benson,outlook.com
ACCcf63b084cc,2025-06-10,Andrew Delacruz,gmail.com
ACC1d7ce44f63,2026-02-07,Michael Mcdonald,icloud.com
ACC440ac9e9f6,2025-11-19,Carla Velazquez,gmail.com
ACC7678df9af4,2026-08-05,Sergio Thompson,icloud.com
ACC50f48402d0,2024-10-09,Michelle Howell,icloud.com
ACC8ac998c1d2,2025-02-23,Luke Richards,gmail.com
ACC312fcb4874,2025-05-13,James Kerr,icloud.com
ACC9230af0845,2025-10-21,Austin Carlson,icloud.com
ACCd75757df9c,2025-08-09,Brandon Smith,icloud.com
ACC6e360caaae,2026-01-30,Angela Le,yahoo.com
ACCd17123fe3a,2026-01-20,Michael Harris,icloud.com
ACCc8228cd8a7,2026-05-24,Ronald Stevens,gmail.com
ACCd157dfefd7,2026-04-07,Jessica Ray,icloud.com
ACCf8a424e275,2025-06-24,Ellen Harris,gmail.com
ACC1d510927ce,2026-01-04,Timothy Smith,outlook.com
ACCe0e504f760,2026-06-26,Samuel Hurley,icloud.com
ACC075b631dd5,2025-04-23,Nicole Mcconnell,icloud.com
ACC15a94293b0,2025-11-09,Scott Schwartz,gmail.com
ACC0d40396a99,2025-11-27,Mario Gonzales,yahoo.com
ACC8a8ec86c85,2025-09-20,Colleen Ramos,outlook.com
ACC36d82a6a63,2026-01-28,James Johnson,gmail.com
ACCc593d97e76,2026-03-09,Johnny Beck,outlook.com
ACC963fc43e4d,2025-03-30,Monica Christensen,icloud.com
ACC3296df14c1,2025-03-08,Max Sanchez,yahoo.com
ACC9eac42f042,2025-07-19,Daniel Wagner,outlook.com
ACCa7612e9a1b,2025-06-30,Gary Carr,yahoo.com
ACCb4dbf48e4a,2025-02-05,Bridget Gutierrez,gmail.com
ACC72fd7638ee,2026-06-24,Stanley Davis,yahoo.com
ACC9f591bac43,2025-06-29,Javier Moody,yahoo.com
ACC7e87ac1bdb,2025-10-02,Jeffrey Olson,yahoo.com
ACCbfb9da2619,2025-02-09,Robert Williams,yahoo.com
ACC24db36f617,2025-12-01,Connie Cunningham,outlook.com
ACCd9482df815,2026-05-18,Jason Robles,gmail.com
ACCe25eff9fa7,2025-10-22,Joshua Harrington,yahoo.com
ACC74434d8453,2025-04-21,James Martinez,gmail.com
ACC3d3793606d,2026-07-09,Nina Jones,gmail.com
ACC5a0a32a4b6,2025-05-25,Tara Padilla,outlook.com
ACC20ea93382b,2025-01-26,Carla Kelly,outlook.com
ACC6966f80eb7,2024-11-15,Kimberly Parker,gmail.com
ACCdc43153980,2025-01-27,Vanessa Torres,gmail.com
ACC5de17787b1,2026-06-27,Heather Dean,gmail.com
ACC30b74987d7,2026-02-18,Anna Watkins,gmail.com
ACCef8b3cd95b,2026-07-16,Susan Marsh,icloud.com
ACC2e2ae7d21a,2025-07-17,Alexandra Mueller,icloud.com
ACCc4ae590474,2026-06-25,Stuart Carroll,gmail.com
ACCbca2d23524,2025-09-23,Shelby Butler,yahoo.com
ACC28a53dc426,2025-02-06,Jeffrey Clark,yahoo.com
ACC4aaa384bc4,2025-05-19,James George,yahoo.com
ACCbd678cef73,2025-10-23,Devon Gonzalez,gmail.com
ACCb5f81fa793,2026-03-07,Robert Eaton,icloud.com
ACC67a758aa12,2025-07-26,Zachary Benton,gmail.com
ACC116a41deb5,2026-03-02,Justin Brown,gmail.com
ACC23b0b031c7,2024-12-04,Stephen Johnson,icloud.com
ACCcbce31eb28,2025-07-20,Maria Ramirez,gmail.com
ACC6fa3926905,2025-12-21,Natalie Cooke,outlook.com
ACCf7ff84681b,2025-07-21,Stacy Miles,gmail.com
ACCe7f4b1579c,2025-08-12,Michael Smith,yahoo.com
ACCd95ca845cb,2026-06-03,Stacy Butler,icloud.com
ACCd158ca3d87,2026-06-27,Lynn Valencia,yahoo.com
ACC8334b91e2c,2025-07-03,Christian Cunningham,gmail.com
ACCaeab1104c4,2025-07-02,Christina Campbell,icloud.com
ACC1b5715004f,2024-11-13,Daniel Pierce,icloud.com
ACC43ef770670,2025-07-19,Dr. Elizabeth Johnson,yahoo.com
ACCfb8590c974,2024-09-07,Michael Cox,outlook.com
ACCfb0e62aaed,2025-10-14,Gabriel Benson,icloud.com
ACC802f77c331,2026-08-06,Amanda Ayala,outlook.com
ACC9a9d66bcfd,2026-08-21,Nicole Blevins,yahoo.com
ACCa7a2c9e795,2024-09-08,Gary George,icloud.com
ACC41210c8e72,2025-09-25,Ralph Bauer,icloud.com
ACC3f7d2b700b,2026-06-15,Nicholas Wood,yahoo.com
ACC0ea5a31145,2026-02-20,Matthew Sherman,gmail.com
ACC7635fdbc9b,2025-10-28,Ashley Kim,icloud.com
ACCcb6251ae9a,2025-05-27,William Mcdonald,icloud.com
ACC3c79087720,2025-12-29,Tina Cox,outlook.com
ACC07b5a840a6,2026-02-22,Michael Martinez,gmail.com
ACC65b5458d71,2025-02-06,Alex Osborn,yahoo.com
ACCca077b9b00,2024-09-22,Frank Hernandez,gmail.com
ACCc667403573,2025-04-24,Robert Cooley,outlook.com
ACCc0bc6e7a55,2024-09-04,Kevin Walker,icloud.com
ACCfb6f060bfc,2025-04-01,Joseph Grant,yahoo.com
ACC1854e69f88,2024-09-25,Douglas Case,yahoo.com
ACC1c972b974e,2024-12-25,Jason Ballard,outlook.com
ACC24e0dc3eac,2024-12-15,Amanda Rangel,icloud.com
ACC2175fbcbbf,2025-07-17,Shari Garrett,yahoo.com
ACC2eae15673e,2025-06-16,Douglas Smith,yahoo.com
ACC2a6c9667d3,2025-03-06,Alexander Villanueva,outlook.com
ACCd3a5577cf5,2026-04-23,Holly Johnson,gmail.com
ACCefa75b6a9a,2025-05-31,Lisa Christian,gmail.com
ACCdb5d7454b2,2026-01-16,Lawrence Sexton,outlook.com
ACC0b2da1a7ef,2024-11-25,George Shepherd,outlook.com
ACC484bc3f7e7,2026-04-28,Sara Wong,yahoo.com
ACCea8b1f6bf4,2024-10-22,Julia Forbes,icloud.com
ACC4f2df0f6d9,2025-05-10,Tyler Simmons,yahoo.com
ACC51a61f9232,2025-06-03,Tracy Duncan,icloud.com
ACCef5b94ae69,2024-09-18,Jessica Tucker,icloud.com
ACC7801d795d4,2025-04-07,Nicole Hughes PhD,yahoo.com
ACC2882d3ce75,2024-11-22,Larry Smith,yahoo.com
ACC81fff387a8,2026-07-13,Jacob Nguyen,outlook.com
ACCd5442d9e55,2025-12-07,Terry Bowers,outlook.com
ACCaa6833903f,2025-08-01,Julie Allen,yahoo.com
ACC1609114460,2026-03-04,Aaron Costa,outlook.com
ACCe8da76cf21,2026-02-25,Gregory Jones,outlook.com
ACC7de38e12d1,2026-07-30,Kelly Mills,yahoo.com
ACC2efad47f62,2026-02-17,Valerie Rogers,icloud.com
ACC1439fec865,2025-07-14,Lori Rivera,yahoo.com
ACCe63d1dc93d,2025-10-10,Christopher Jones,gmail.com
ACC7b41d85cf7,2026-04-19,Charles Yates,outlook.com
ACC9186fa00d6,2024-11-19,Bobby Burton,outlook.com
ACCa433fc1507,2026-06-23,Kenneth Burke,gmail.com
ACC63e24ceb00,2025-08-09,Lisa Parsons,yahoo.com
ACC366c06ca40,2024-10-04,Dana Miller,gmail.com
ACCdaba7f9602,2024-12-14,Nathan Morales,gmail.com
ACCebc1f5c2f5,2025-12-10,Nancy Howard,outlook.com
ACC5570876911,2026-01-30,Ruben Myers,icloud.com
ACC50281bd433,2025-02-21,Jessica Williams,icloud.com
ACCb4bdc1040f,2025-01-23,Kaitlyn Thornton,yahoo.com
ACC91bf134d59,2025-04-21,William Moreno,icloud.com
ACC16e918e638,2026-01-04,John Delgado,gmail.com
ACC3b13494368,2025-01-25,Curtis Dalton,outlook.com
ACC898f516133,2024-09-07,Jessica Sellers,icloud.com
ACC3de8e70550,2025-05-26,Manuel Taylor,icloud.com
ACC6a7a6cf017,2025-04-24,Sarah Robles,gmail.com
ACCeda7f98a76,2024-11-17,Matthew Fleming,gmail.com
ACC9363a5eb88,2024-09-17,Andrew Jackson,icloud.com
ACC1ddf0673c7,2025-01-31,Katherine Fletcher,icloud.com
ACC193a993b93,2024-10-04,Adam Curtis,outlook.com
ACC22650b4989,2025-10-28,Mark Kerr,yahoo.com
ACC41a95691cb,2026-05-09,Lauren Payne,gmail.com
ACCcde107f2cb,2026-04-30,Brandon Keller,icloud.com
ACC73203e1044,2026-04-08,Carol Parks,icloud.com
ACC840bbbe319,2025-07-24,Taylor Mann,outlook.com
ACC1ecd9edb7d,2025-06-28,Jennifer Garcia,gmail.com
ACCf5b01238d7,2025-09-07,James Ferguson,outlook.com
ACC350226d72e,2026-05-24,Jason Moore,gmail.com
ACCd4d3dfcc6d,2024-09-12,William Doyle,icloud.com
ACCb12a0ffbea,2024-09-28,Erik Thompson,gmail.com
ACC005efdbd1c,2024-09-07,Logan Miller,icloud.com
ACCca3ae99518,2026-06-30,Troy Campbell,outlook.com
ACC005faf9abb,2025-07-27,Melanie Curtis,outlook.com
ACC64410d5770,2025-04-11,Kimberly Carey,yahoo.com
ACC1d7151d6d9,2026-07-27,Sarah Krause,yahoo.com
ACCe449950bdd,2026-07-11,Ruth Prince,yahoo.com
ACC3187b7d96c,2026-06-02,Glen Sandoval,yahoo.com
ACC680b612b77,2025-07-14,Erin Acosta,outlook.com
ACC63ac836d6d,2026-02-24,Michael Yu,outlook.com
ACCcc53e5bc0d,2024-10-29,Lisa Savage,icloud.com
ACCa32bbf2ab1,2026-08-13,John Padilla,gmail.com
ACC69579b541d,2025-07-02,Sheila Mendoza,outlook.com
ACCed2e138c2a,2026-02-11,Darren Murphy,gmail.com
ACC65dd1bb231,2025-12-20,Leonard Hall,outlook.com
ACC2038141760,2025-11-19,Jackie Anderson,outlook.com
ACC60e3ee5df5,2024-10-13,Brenda Garza,yahoo.com
ACC64d2c8db76,2025-04-20,Kimberly Wilson,yahoo.com
ACCecc075b581,2024-10-04,Michael Townsend,icloud.com
ACC117d730540,2025-11-11,Raymond Wong,outlook.com
ACC3826ed6aa2,2026-07-23,Melvin Smith,yahoo.com
ACC046b37685a,2026-01-24,Jeffrey Austin,outlook.com
ACC4639ebfa97,2025-11-19,Daniel Morgan,gmail.com
ACC35051bd456,2025-01-18,Joshua Sexton,outlook.com
ACCca9d487116,2026-06-02,Jerry Mack,yahoo.com
ACCfd6645c9ca,2024-11-18,Adam Ryan,icloud.com
ACCe4944d4815,2026-04-29,Lauren Bradley,yahoo.com
ACCa8712d96e3,2026-01-16,Allison Green,yahoo.com
ACC16f0669741,2025-04-14,Carrie Boyd,gmail.com
ACC8040332d2d,2024-10-27,Caroline Martin,icloud.com
ACC9a5763c1a8,2024-11-07,Justin Cruz,yahoo.com
ACC7ff14d0de6,2025-04-30,Jennifer Johnson,yahoo.com
ACCf825b4c1d0,2026-06-17,Thomas Preston,outlook.com
ACCd5c5dad0a0,2026-03-26,Timothy Camacho,outlook.com
ACCce8ff9fe58,2026-03-20,Sue Kane,outlook.com
ACC65572627da,2026-02-05,Gregory Lynch,outlook.com
ACC3ea8d08c01,2025-10-16,Ashley Sparks,gmail.com
ACCe91e5a6313,2024-09-04,Jimmy Bowman,yahoo.com
ACC9c81a990c4,2025-11-09,Timothy Gray,outlook.com
ACC976d8ea2e2,2025-08-13,Erica Whitaker,gmail.com
ACCe4c827fb0e,2025-10-03,Jeffery Miller,outlook.com
ACCe0a65868ec,2025-11-12,Tara Curtis,yahoo.com
ACC41216409e7,2026-02-03,Timothy Reed,gmail.com
ACC21c424d563,2025-07-26,Justin House,yahoo.com
ACC8d0ba3db7a,2025-05-14,Michael Pennington,gmail.com
ACC3760202b53,2026-01-12,Tammy Duran,icloud.com
ACCff85e100e7,2025-05-02,Kyle Chavez,gmail.com
ACC74dcbd4077,2025-08-03,Jerry Evans,outlook.com
ACCcf57e541bc,2025-07-24,Colleen Kline,yahoo.com
ACC4ae01c5e9d,2025-10-04,Sonya Sanders,gmail.com
ACCeae1aacd1e,2026-07-22,Bruce Mcdonald,outlook.com
ACC3653dbdd06,2025-04-28,Joseph Lara,gmail.com
ACC7ec1352319,2026-03-08,Ms. Vanessa Garcia,yahoo.com
ACC651dec4ad9,2026-03-16,Maureen Morgan,yahoo.com
ACCbb192dddb6,2026-04-01,Sandra Perry,icloud.com
ACC0efd2d6c0d,2026-07-21,Scott Waters,yahoo.com
ACC9dfa187c3a,2025-01-09,Nancy Taylor,yahoo.com
ACC54f3a45439,2025-08-23,Michael Abbott,gmail.com
ACCd807e456e6,2025-09-14,Kevin Stewart,yahoo.com
ACC43605c2f7f,2026-03-01,Ann Ayala,yahoo.com
ACC4d882d209d,2025-03-08,Christina Cook,gmail.com
ACC5696bef492,2024-10-26,Michael Calderon,gmail.com
ACC57efc1b790,2025-08-10,James Simmons,outlook.com
ACCcfce87ae9e,2025-11-22,Erica Nunez,icloud.com
ACC801407b940,2025-05-23,Andrew Burch,gmail.com
ACC1dccb8f06e,2025-10-23,Marie Combs,yahoo.com
ACCf1b3250770,2026-02-07,Natalie Mcdaniel,yahoo.com
ACCa524da8823,2024-10-16,Katrina Navarro,gmail.com
ACC110c5fb9bd,2025-11-12,Maria Dean,outlook.com
ACC5ac2848356,2026-03-14,Dominic Brown,icloud.com
ACC7d1b4b2e69,2025-03-09,Jessica Becker,outlook.com
ACC9c566f02c9,2026-05-02,Christine Sims,yahoo.com
ACC2e0a506898,2025-11-21,David Horne,outlook.com
ACCa8912145c3,2024-12-15,Mary Cook,outlook.com
ACC382586b150,2025-06-23,Joel Gray,icloud.com
ACCe8a23ccb27,2025-02-27,Madison Gill,gmail.com
ACCce7f256cda,2025-04-23,Carmen Carey,gmail.com
ACC0f305f2db0,2025-10-24,Kayla Mcdonald,outlook.com
ACC942f0b6acb,2025-05-18,Gabriella Davis,outlook.com
ACC3d2d5f0b4b,2025-07-28,Christopher Lynch,icloud.com
ACC43733febf1,2026-06-29,James Gutierrez,icloud.com
ACC87dff50a14,2026-03-29,Sarah Larson,yahoo.com
ACC904e5909ca,2025-08-05,David Lee,yahoo.com
ACC0a6bd72de4,2025-08-17,Darrell Walker,icloud.com
ACC0a219411be,2025-08-03,Jasmine Soto,outlook.com
ACCe3f22aef4f,2024-09-19,Dean Arellano,gmail.com
ACC6b72fd1b49,2025-09-24,Stephanie Diaz,icloud.com
ACC927de3a21b,2025-08-03,Lisa Mckee,icloud.com
ACCdb49c075f4,2024-11-07,Daniel Cummings,yahoo.com
ACC33d1360aae,2026-04-01,Amanda Green,icloud.com
ACC6f69b9e853,2025-09-19,Mary Bird,outlook.com
ACCa9bc4c636a,2025-04-22,Glenda Torres,gmail.com
ACC9a478cc71c,2026-01-27,Peter Contreras,icloud.com
ACC5345746783,2025-02-10,Michael Brown,outlook.com
ACC6c77bde297,2024-10-06,Ryan Lewis,outlook.com
ACC50ffc97a81,2025-05-29,Keith Henderson,yahoo.com
ACC73a4220c27,2026-05-06,Gabriela Higgins,yahoo.com
ACC1272393ed6,2025-06-28,Debbie Simmons,outlook.com
ACC2eb1ee079b,2024-09-21,Margaret Osborn,gmail.com
ACC69b067e36a,2025-09-12,Rhonda Russell,icloud.com
ACC28df0da5dc,2025-03-10,Stacy Rivera,gmail.com
ACC00fafb2b66,2025-05-07,Steven Stephens,gmail.com
ACCfdc4067d50,2025-10-31,Brian Mckee,outlook.com
ACCf5a50146dd,2025-02-24,Veronica Oneal,outlook.com
ACCcb2425578f,2026-03-03,Todd Ortiz,gmail.com
ACC00632e96b1,2025-11-20,Dr. Phillip Palmer,yahoo.com
ACCe2c26589bb,2026-07-01,Kristina Lewis,yahoo.com
ACC23c225b92b,2025-07-24,Craig Woods,icloud.com
ACCf1f1a6e613,2024-11-07,Kim Wilson,icloud.com
ACC9e74544c40,2025-04-16,Stuart Harrison,gmail.com
ACCc75a24eba9,2025-12-29,Brian Roach,gmail.com
ACCed767a59fe,2025-02-18,Donna Lopez,yahoo.com
ACC7ceeacc303,2026-05-17,Nicole Schneider,gmail.com
ACC5158881e03,2026-01-13,James Floyd,yahoo.com
ACC4470aef68b,2024-10-30,Megan Mccoy,yahoo.com
ACCec253c87b9,2026-07-01,Jackson Clayton,outlook.com
ACC54afb594c0,2025-03-10,Mark Gonzales,gmail.com
ACCf70581a13b,2025-12-21,Lauren Hart,icloud.com
ACC65c9e160fe,2025-11-02,Casey Knox,icloud.com
ACC9af9a23566,2026-03-24,Alisha Hill,icloud.com
ACCfac985a0a9,2026-01-05,Katrina Jennings,icloud.com
ACC13339bd20d,2024-09-20,Jeffrey Lucas,outlook.com
ACC2d969f7c16,2025-06-26,Donald Johnson,outlook.com
ACC49bb6ae187,2025-06-15,Michael Armstrong,yahoo.com
ACCbfd701e05e,2024-10-13,Michael Rasmussen,gmail.com
ACC9fa4c12244,2025-10-04,Benjamin Ware,outlook.com
ACC4fb343d687,2026-07-26,Carrie Allen,yahoo.com
ACCdfdda26f43,2026-03-21,Christopher Henderson,icloud.com
ACCadcfef46a5,2024-11-23,Matthew Bryant,gmail.com
ACC6d01437c10,2024-12-08,Bruce Sanchez,yahoo.com
ACC8e6f482af6,2024-11-25,Sarah Wallace,yahoo.com
ACC063501c9c8,2025-12-23,Dennis Ortiz,icloud.com
ACCd75d942e3d,2024-09-16,Alexander Lopez,yahoo.com
ACC02d9e0088b,2024-09-17,Ryan Ramos,gmail.com
ACC76cf6b88a9,2025-08-03,Vanessa Green,gmail.com
ACC0db5d92a86,2024-11-13,Laura Stevens,outlook.com
ACC7bad49a3ea,2024-11-11,Karen Morris,yahoo.com
ACCfcc62d1834,2024-09-13,Lisa Krueger,icloud.com
ACC260fe2ba8d,2026-03-22,Daniel Douglas,gmail.com
ACCd4f15d1821,2024-12-17,Michael Kennedy,gmail.com
ACC9afa52908a,2026-03-28,Johnny Flynn,outlook.com
ACCc9dae7d1cd,2026-06-07,Charles Wilson,yahoo.com
ACC5ce43ec32c,2025-08-19,Janice Collins,icloud.com
ACCa65b47f3b9,2024-11-22,Edward Rice,icloud.com
ACC7931cbd181,2024-10-01,Jeffrey Sheppard MD,icloud.com
ACC68a4461ede,2025-10-22,Nicholas Williams,gmail.com
ACC6216cac040,2026-08-25,Carlos Graham,yahoo.com
ACC636982dcc3,2024-12-29,Alexis Weiss,gmail.com
ACC844ec33716,2026-04-15,Jamie Davis,yahoo.com
ACC11b1bd97e6,2025-03-04,Emily Hawkins,gmail.com
ACC5b4239ecce,2026-04-27,Jennifer Johnson,yahoo.com
ACC9920e5a89d,2025-05-21,Ryan Lewis,outlook.com
ACCc7586111bb,2026-04-13,Tyrone Washington,gmail.com
ACC99b6cc992f,2026-04-01,Jacqueline Myers,gmail.com
ACC0b87c67c46,2026-06-01,Kristopher Santiago,gmail.com
ACCb5e67cb815,2026-06-12,Sandra Brown,gmail.com
ACC6d06053b1d,2025-08-05,Christine Anderson,gmail.com
ACCcd37caa241,2024-11-19,Bryan Smith,gmail.com
ACCa7830d9a16,2026-07-23,Christina Perez,yahoo.com
ACC64f09bb951,2026-04-27,Sara Rich,yahoo.com
ACCba71dd6723,2026-05-04,Brianna Taylor,icloud.com
ACC4622f77c1a,2026-03-17,Miguel Henry,yahoo.com
ACC5c5e926814,2024-10-09,Nicholas Barnes,gmail.com
ACC04e7e3c575,2026-01-05,Brad Lee,gmail.com
ACCd968598b84,2025-08-25,Laura Smith,gmail.com
ACC61f8cfcc19,2025-08-18,Brianna Curtis DVM,outlook.com
ACC4de08db843,2026-08-10,Mr. Donald Lyons,yahoo.com
ACC115dfd0bb7,2025-08-08,Robert Bernard,icloud.com
ACCce818fa049,2025-07-01,Luke Hall,yahoo.com
ACC8e226a0839,2025-03-10,Victor Holt,outlook.com
ACC4e4f38532b,2025-08-14,Mark Patterson,gmail.com
ACC2178ddf9b4,2025-05-26,Jennifer Moran,outlook.com
ACC1bd876a30e,2025-02-13,Mark Lopez,gmail.com
ACCc4998063fe,2025-03-29,Donna Bell,icloud.com
ACC91fa2eb968,2025-06-14,Jessica Morrison,icloud.com
ACC3adb00819d,2026-04-16,Jacqueline Beasley MD,gmail.com
ACCfeae7ed0cd,2024-11-17,Jacob Moody,icloud.com
ACC811440a66c,2026-06-25,Elizabeth Santiago,outlook.com
ACCef6950b88b,2025-12-18,Kelly Washington,gmail.com
ACC7dc6e17483,2025-01-29,Jessica Weber,gmail.com
ACCf0277fa94d,2026-06-08,Christina Campbell,gmail.com
ACCac36cdbe93,2025-08-20,Teresa Hanson,outlook.com
ACC764c66857a,2026-04-09,Sherry Morrison,gmail.com
ACCf2aedfc9a1,2026-07-02,Gary Garza,outlook.com
ACC6c01031fee,2024-10-19,Kathleen Thompson,outlook.com
ACC074f4cba9d,2026-04-12,Paul Bautista,yahoo.com
ACCa0de825600,2025-04-21,Raymond Lane,outlook.com
ACCa16219a341,2025-10-03,Thomas Stone,outlook.com
ACC9891fbeb36,2025-06-12,Mary Young,yahoo.com
ACCd57947f2c6,2025-04-27,Bryan Miller,yahoo.com
ACC7030d18823,2025-01-05,Devin Thomas,icloud.com
ACC0eaa237c2d,2026-07-09,Melissa Pittman,gmail.com
ACC6646643730,2025-10-14,Kenneth Brooks,icloud.com
ACCcc094487f4,2024-12-13,Brian Coffey,gmail.com
ACC687ddfc772,2026-01-15,Donna Wolf,outlook.com
ACCc797a576d3,2025-03-22,James Miller,gmail.com
ACC590d707f66,2025-02-01,John Wiggins,gmail.com
ACCd39df74d53,2025-03-01,Mark Lee,yahoo.com
ACC94006ed332,2025-11-04,Amy Cannon,gmail.com
ACCf4c6687ae7,2025-12-29,Edward Stanley,outlook.com
ACCf1e8c9479d,2024-09-11,Kyle Moore,gmail.com
ACC307023b36e,2025-11-12,Dr. Angela Gordon,yahoo.com
ACC0afc244c56,2025-09-05,Melissa Reese,outlook.com
ACCacc5c9c20b,2026-06-06,Kathleen Choi,yahoo.com
ACCba2f703231,2026-03-10,Gary Franklin,gmail.com
ACC8f0781b138,2024-12-10,Abigail Wilson,yahoo.com
ACC6b70346e0a,2025-05-05,Richard Bishop,outlook.com
ACCaebc5dc572,2025-04-28,Brenda Willis,yahoo.com
ACCb8e5ac4f43,2025-11-13,Shannon Grimes,outlook.com
ACCbc78c15e41,2025-09-18,Dominique Morrison,yahoo.com
ACCaceb0de1e5,2026-04-23,Aaron Dodson,yahoo.com
ACC9334b66d5f,2025-04-08,Brandi Edwards,gmail.com
ACC3366f656dd,2025-10-25,Steve Barry,yahoo.com
ACCeb8421a5b0,2026-06-10,Alan Mitchell,outlook.com
ACC43601ccef0,2025-04-19,Dr. Ronald Mcdaniel Jr.,gmail.com
ACC97fac0126a,2025-01-12,Larry Jones,outlook.com
ACCd7dd7828b3,2026-03-01,Jessica Roberts,gmail.com
ACC0f15de8048,2026-03-23,Angel Wilson,yahoo.com
ACC5bf18e65bc,2025-01-10,Patricia Jackson,outlook.com
ACC481a22a643,2026-06-10,Kristi Shaw,outlook.com
ACCcefe35e293,2025-11-15,Mrs. Mary Sanchez MD,outlook.com
ACC56f88b097c,2026-07-20,Jasmine Hall,gmail.com
ACC15ed896b4a,2025-09-10,Andrew Deleon,icloud.com
ACC8e3467c933,2026-08-25,Tiffany Moore,gmail.com
ACC8ebc752e49,2025-07-16,Aaron Vasquez,yahoo.com
ACC7bce92eb47,2026-06-16,Rebecca Long,outlook.com
ACC50521a7ebe,2025-05-29,Troy Leon,icloud.com
ACC62fb6264b7,2025-02-01,Ashley Hernandez,gmail.com
ACCe9b0103d44,2025-01-10,Veronica Mendez DVM,yahoo.com
ACCbf04839380,2026-05-03,David Moore,gmail.com
ACC1db98182e9,2026-08-30,Terri Gentry,gmail.com
ACCd1acf29a47,2026-05-23,Nichole Miller,outlook.com
ACCaa676ac3cb,2024-10-23,Kelli Jones,gmail.com
ACC88b0f1bff3,2025-10-28,Misty Hale,gmail.com
ACCc8772f7d4d,2026-02-14,Michelle Martinez,yahoo.com
ACC70bffa4442,2025-03-27,Sandra Clark,outlook.com
ACCd1754fed4c,2025-07-30,Cindy Dean,icloud.com
ACC694c2680b3,2025-08-15,Renee Thomas,yahoo.com
ACC777a76454e,2025-04-20,Antonio White,yahoo.com
ACC3b942a51b8,2025-04-20,James Smith,outlook.com
ACC193cfd2940,2025-11-18,Hayley Jefferson,outlook.com
ACC07c8c9ed0d,2026-02-10,John Valentine,outlook.com
ACC70fb0d2215,2026-07-10,Juan Walsh,gmail.com
ACC1d8061a4c2,2026-08-18,Brian Scott,icloud.com
ACC8987e72158,2025-07-28,Danielle Lynch,outlook.com
ACC43db09bbf2,2026-04-15,Henry Reed,icloud.com
ACC330fb5435d,2026-07-12,Anthony Garcia,icloud.com
ACC1cc4ae469b,2026-05-28,Christopher Brown,gmail.com
ACC8ae30a637b,2025-09-17,Angela Curtis,gmail.com
ACCe1ad3412b1,2024-10-21,Megan Sanford,gmail.com
ACCd0dce66d17,2026-06-03,Christopher Garner,yahoo.com
ACC136aef2b11,2025-07-10,Cynthia Moore,outlook.com
ACC6bd5e41574,2026-03-01,Cynthia Powell,yahoo.com
ACC581014fe70,2025-04-27,Melissa Collins,yahoo.com
ACC770bcec08b,2026-02-13,Samuel Reynolds,icloud.com
ACC5d56df97e9,2025-06-14,Annette Woods,gmail.com
ACC763d51275e,2024-12-03,Johnny Johnson,yahoo.com
ACCa6bdf3e172,2024-09-15,Raven Rubio,outlook.com
ACCfae83bc36b,2025-12-31,Cassie Evans,yahoo.com
ACCc499ac5b0f,2024-12-14,Kristina Edwards,outlook.com
ACCb8515bdc06,2026-05-24,Joshua Garcia,yahoo.com
ACC5032b883d3,2026-06-15,Ashley Jennings,yahoo.com
ACC281df09221,2025-02-17,Alexis Park,outlook.com
ACC709dea45db,2025-01-31,Stacy Mayo,yahoo.com
ACC5bfa78f17b,2026-02-09,Glenn Smith,icloud.com
ACCddccbc17ea,2026-06-04,Mrs. Stephanie Hardin,yahoo.com
ACCfb3e39f34a,2024-11-02,Brad Wright,yahoo.com
ACCb8df0d6cf5,2025-07-17,Mathew Reed,outlook.com
ACC55577feea0,2025-04-27,Rebecca Mcdonald,outlook.com
ACCb2b38a161f,2026-06-13,Ryan Davis,yahoo.com
ACC0d31d4176f,2025-07-15,Seth Barnes,gmail.com
ACC01625d2b2f,2025-03-22,Kathleen Thompson,yahoo.com
ACCf1e1f03d1d,2025-11-10,Robert Logan,gmail.com
ACC84463f9394,2026-08-17,Jonathan Smith,gmail.com
ACCecabffc426,2024-09-05,Michael Wong,outlook.com
ACC976d35beb5,2025-08-20,Matthew Barnes,yahoo.com
ACCf5544165a9,2026-08-07,Brian Robertson,yahoo.com
ACCa0c02821ad,2026-06-30,Ray Sullivan,yahoo.com
ACC5d262d2a3c,2026-05-31,Billy George,icloud.com
ACCee42b7b1bc,2026-04-04,Wesley Mclean,yahoo.com
ACC2d2d17ffed,2026-04-25,Brenda Moran,yahoo.com
ACCf92202943f,2025-09-28,Christian Howard,yahoo.com
ACC05f55db737,2026-03-14,Crystal Graham,gmail.com
ACCf36b93c564,2024-10-05,Brandon Lopez,yahoo.com
ACC89df5494dc,2025-02-18,Katherine Hall,icloud.com
ACCe76f64b572,2024-11-12,Mary Delacruz,outlook.com
ACC472f21f820,2025-05-21,Alicia Goodwin,icloud.com
ACCf3d1c6d802,2024-11-10,Virginia Wilson,yahoo.com
ACC7287622476,2026-03-20,Anthony Briggs,outlook.com
ACC72277697a5,2026-06-08,Denise Kennedy,gmail.com
ACC144ac2b54a,2026-02-01,Michael Martinez,gmail.com
ACC7a9ea95e95,2026-07-04,Amanda Pratt,gmail.com
ACCb858240b2d,2025-09-02,Marissa Porter,yahoo.com
ACC6934eae29f,2024-11-10,Joyce Bell,outlook.com
ACC017664f3a6,2026-08-09,Jill Hughes,gmail.com
ACC64c74ee2da,2026-06-14,Valerie Greene,icloud.com
ACCd218087d2f,2025-02-08,Jonathon Mays,icloud.com
ACCaad01de191,2024-09-30,Desiree Ramirez,icloud.com
ACC932927c0c5,2026-05-10,David Torres,yahoo.com
ACC02556e5685,2025-06-11,Jessica Roberts,yahoo.com
ACC673265b4b0,2026-05-11,Logan Evans,icloud.com
ACCb2848aad89,2025-10-26,Shannon Hall,icloud.com
ACC082f99c2ff,2025-06-26,Robert Torres,outlook.com
ACC99adcf7c1c,2026-07-09,Brittany Nelson,icloud.com
ACCa6dcab38bb,2025-01-08,Shelby Harris,yahoo.com
ACCc9cc7d9771,2024-11-24,Mrs. Laurie Edwards,icloud.com
ACC54c8385d98,2025-02-16,Gabriela Hicks,yahoo.com
ACCf34bf4e9ff,2026-07-16,Nicholas Torres,gmail.com
ACCa8537f128d,2026-06-16,Emily Fitzgerald,icloud.com
ACCc09e6414c6,2025-11-11,Melissa French,yahoo.com
ACCf321187a9c,2025-09-15,Jeffrey Willis,yahoo.com
ACC58a8c48066,2024-12-05,Ethan Flores,yahoo.com
ACC267b5c5f49,2025-07-30,Calvin Howard,outlook.com
ACCb2f50562a4,2025-03-25,Jennifer Wright,icloud.com
ACCbc0b4d32bb,2026-02-02,John Castaneda,icloud.com
ACC7df81e9dcb,2024-11-14,Heidi Scott,gmail.com
ACCda0f469ad2,2024-10-13,Jacob Hart,gmail.com
ACC4d642139e4,2025-03-16,Kurt Smith,gmail.com
ACCb82a39edf4,2025-03-04,Colton Perry,icloud.com
ACCd770ba3e91,2026-02-04,Jason Beltran,icloud.com
ACC8a2cfb9a7f,2025-01-19,Frances Allen,outlook.com
ACC19454fae30,2026-01-13,Amy Bates,yahoo.com
ACC503ef2b0a1,2024-12-22,Shannon Short,icloud.com
ACC3805207770,2026-04-26,Tommy James,yahoo.com
ACCe6395c801d,2025-03-22,Janice Martinez,gmail.com
ACCb957ff1070,2026-04-08,Christopher Anthony,outlook.com
ACC218b253605,2025-09-03,Kelly Houston,gmail.com
ACCee64317197,2025-01-06,Bobby James,icloud.com
ACCc9fabc9517,2024-10-08,Michelle Williams,gmail.com
ACC585a0e273d,2024-11-16,Matthew Carter,outlook.com
ACCb792a0cc59,2025-09-29,David Poole,gmail.com
ACCe21b4f1c40,2025-03-28,Victoria Howard,gmail.com
ACC4057e75160,2025-11-05,Matthew Mccoy,yahoo.com
ACC077257c8d8,2026-03-14,Ms. Rose Kelley,yahoo.com
ACCed78dea091,2026-07-08,Steve Hensley,gmail.com
ACC05c1e1222c,2026-05-28,Shannon Jackson,yahoo.com
ACCf683a20a5c,2026-01-26,Eugene Warren,icloud.com
ACC2724a26fb8,2025-05-12,Audrey Brown,gmail.com
ACC6b90effa3b,2025-06-16,Benjamin Olson,icloud.com
ACCd9463043cd,2025-12-26,Edward Stokes,icloud.com
ACC1ae8d43b3a,2025-02-05,Justin Silva,gmail.com
ACC23b19f0264,2024-11-08,Zachary Larson,yahoo.com
ACC18f1c0ef3e,2024-10-03,Matthew Davenport,gmail.com
ACC27d7cbe084,2026-01-19,Amanda Myers,icloud.com
ACC006c80b809,2026-07-31,Tamara Adkins,gmail.com
ACC992570f6cc,2026-04-29,Michele Barnes,yahoo.com
ACCaf11b7adc3,2024-10-27,Roger Bradley,icloud.com
ACC075192c6af,2025-02-19,April Mahoney,yahoo.com
ACC5f3077c94f,2025-11-02,Anna Fisher,outlook.com
ACC03b2552d99,2026-01-31,Kyle Wallace,icloud.com
ACCd3a9132a21,2025-05-17,Ashley Williams,yahoo.com
ACCc0454d8d47,2026-06-09,Gerald Spencer,yahoo.com
ACC597e5b49d8,2025-04-16,Christina Dickerson,yahoo.com
ACC501569025f,2025-05-04,Adam Smith,icloud.com
ACC360c9a0b69,2025-06-01,Kenneth Scott,gmail.com
ACC2e540a6799,2026-07-16,Brian Orozco,yahoo.com
ACC73caedde5d,2025-06-06,Emily Cox,gmail.com
ACCd0338b3df5,2026-06-25,Julie Proctor,gmail.com
ACC36ee693812,2025-06-25,Malik Williams,outlook.com
ACC1d72ec0d06,2025-11-27,Janet Barnes,icloud.com
ACCcaae9482f7,2025-09-17,Matthew Smith,icloud.com
ACC81bed2079e,2026-07-30,Charles Fuller,yahoo.com
ACCc0bbc94cb0,2025-12-19,Ashley Hanson,gmail.com
ACC05a5f32427,2025-04-26,Andrew Ford,icloud.com
ACCb34678e3dc,2026-01-07,Vicki Mckinney,gmail.com
ACC169dd946e9,2026-05-09,Jason Mendez,outlook.com
ACC51074ac0dd,2026-03-01,Kari Cox,gmail.com
ACC29480e1e7a,2025-11-21,Peter Roy,icloud.com
ACCe80fedadfe,2025-10-01,Mrs. Emily Poole,gmail.com
ACC6b800c9855,2025-04-19,Grace Williams,gmail.com
ACC45f3e66587,2025-10-02,Bryan Berry,icloud.com
ACC2e88c532a6,2024-12-12,Kimberly Wheeler,yahoo.com
ACC47d4148635,2025-11-04,Johnny Cox,yahoo.com
ACC12b767aacf,2024-09-11,Kevin Bauer,yahoo.com
ACCd00616d58f,2025-09-15,Mr. Miguel Day,yahoo.com
ACCc23ea4e4ba,2025-08-31,Mary Clark,yahoo.com
ACCa63474a19c,2024-10-29,Samuel Young,gmail.com
ACC48b160de16,2026-07-10,Dustin Harris,yahoo.com
ACCf888ea56c0,2024-11-30,Joel Rice,outlook.com
ACC6777993104,2026-05-04,Miss Olivia Brown PhD,icloud.com
ACC10671d184e,2026-03-10,Michael Taylor,outlook.com
ACC594a0b4d82,2026-03-17,Lauren Lozano,icloud.com
ACCa1ae5f8f0a,2026-02-26,Victoria Arnold,gmail.com
ACCb8a72c72e9,2025-05-26,Kristen Bartlett,outlook.com
ACC18605ff9c3,2025-10-06,Victoria Larsen,icloud.com
ACC6f43a62708,2025-06-09,Joseph Jordan,outlook.com
ACC589a4d6d09,2026-07-11,Shannon Robinson,gmail.com
ACC6d23df67e8,2025-06-12,Jeremy Harvey,yahoo.com
ACCcf8950a1f9,2025-07-09,Gregory Dawson,yahoo.com
ACCfddbee8aee,2025-07-25,Kevin Garcia,icloud.com
ACC5fdbd51c8f,2025-12-10,Lisa Jones,yahoo.com
ACCb193280e01,2025-05-10,Michael Blake,gmail.com
ACCc81b8b1403,2025-07-07,Stacey Russell MD,icloud.com
ACC912d8e3abe,2024-12-07,Shelby Young,icloud.com
ACC7f3299c9ff,2025-01-19,Eric Leach,outlook.com
ACC5a7cbcd9f3,2024-11-29,Shannon Garza,yahoo.com
ACC457e733cce,2025-03-08,Stephanie Pope,icloud.com
ACC0e91e69618,2024-09-20,Jennifer Santos,gmail.com
ACC5beb754417,2026-06-06,Jeffrey Garcia,gmail.com
ACC480ea9cff4,2025-10-06,Tammy Barrera,yahoo.com
ACC57b47200fa,2025-11-01,Melanie Gomez,yahoo.com
ACC184369bc85,2025-03-29,Sarah Bird,outlook.com
ACCbbf785c69f,2025-11-24,Megan Stewart,outlook.com
ACCbcf41dd087,2025-09-23,Denise Blackwell,icloud.com
ACCe0849bba8a,2025-10-13,Mary Gibbs,yahoo.com
ACC52e893a0b6,2025-07-01,Justin Atkins,gmail.com
ACC5674742c29,2026-03-19,Tara Gordon,gmail.com
ACCf9f444b7fe,2025-01-18,Bruce Smith,icloud.com
ACCc3d005a0b9,2024-11-07,Nicholas Baldwin,outlook.com
ACC9652a185ea,2025-03-04,Robert Warren,outlook.com
ACCcbc59d5853,2026-02-19,Michael Mcintosh,yahoo.com
ACC62882eb226,2024-09-20,Jacqueline Jackson,icloud.com
ACC5970e8b6b9,2026-01-20,Victoria Martinez,yahoo.com
ACC1274fda9e8,2024-12-10,Chelsea Foster DVM,yahoo.com
ACCb68cbd2ab1,2025-07-31,Deanna Schmitt,outlook.com
ACC6885f08641,2025-03-11,Julie Nielsen,yahoo.com
ACC2efd073cf1,2026-01-26,Allison Escobar,yahoo.com
ACC7aeda28a06,2026-04-07,Lonnie Stevens,icloud.com
ACC86260d4589,2026-03-27,Olivia Wood,gmail.com
ACCa194f3afcd,2026-07-05,Chelsea Harper,gmail.com
ACCe354f07685,2026-02-24,Todd Little,gmail.com
ACCae022b0fce,2025-05-17,Michelle Wright,icloud.com
ACC8e09386717,2024-10-28,Aaron Moore,outlook.com
ACC6250b8ac64,2025-12-12,Todd Taylor,icloud.com
ACCcce1204059,2026-06-10,Dennis Smith,outlook.com
ACCa86483b28c,2026-01-12,Kelly Warren,yahoo.com
ACC02b7010803,2025-01-07,Robert Hughes,icloud.com
ACCc030ec152f,2025-01-04,Dr. Carrie Stewart MD,gmail.com
ACC134e15543f,2025-09-04,Mary Thornton,outlook.com
ACCb9a8c8a3b8,2026-04-24,Samantha Green,icloud.com
ACC734ed2ac59,2024-10-29,Timothy Howard,gmail.com
ACCd45ba33535,2025-05-28,William Smith,outlook.com
ACCa567c581a0,2025-11-23,Christina Hunter,gmail.com
ACCe2e26273b7,2025-06-18,Douglas Gonzales,outlook.com
ACCe3eaa05c8e,2025-12-18,Steven Johnson,gmail.com
ACCd2fa4647fd,2024-10-27,Timothy Wilson,gmail.com
ACC4be65c1861,2025-01-06,Amanda Perry,outlook.com
ACCd15fe074d2,2026-04-11,Selena Walker,gmail.com
ACCdeed0718e8,2026-05-07,Mr. Omar King,yahoo.com
ACC07a8b6b580,2025-09-08,Tina Kirk,outlook.com
ACCb64194ca15,2025-04-02,Jessica Williams,gmail.com
ACC3ea2ae5ef3,2025-09-15,Bruce Jackson,gmail.com
ACCa26584d065,2025-05-09,Cassie Wright,icloud.com
ACCd495118b45,2026-01-13,Maria Harris,outlook.com
ACC3c69231ecd,2025-07-16,Erin Mcgrath,gmail.com
ACC9f205fa0c2,2025-10-05,Julie Kelly,outlook.com
ACC44d83523a3,2025-07-10,Richard Ramirez DVM,yahoo.com
ACC0fe5c12aac,2025-05-16,Samantha Trevino MD,icloud.com
ACCdfb76e0277,2025-04-29,Jennifer Robertson,gmail.com
ACCc3cfe7772f,2025-11-05,Denise Finley,yahoo.com
ACC2fa0b63fed,2026-06-22,Jennifer Villarreal,yahoo.com
ACC178cc0ea9c,2026-08-11,Gerald Phillips,outlook.com
ACCdd86a59bbc,2026-05-11,Kylie Dominguez,outlook.com
ACCe3fe67f532,2026-05-21,Katrina Baker,icloud.com
ACC609d4fd255,2025-09-16,Kara Rogers,icloud.com
ACC7315ce28fd,2025-06-24,James Holloway,gmail.com
ACC25f7f4b851,2026-04-20,Steven Allen,icloud.com
ACC352f80ee9a,2026-05-17,Michael Washington,yahoo.com
ACCdb1f9ea8c3,2025-06-01,Jeffrey Alexander,outlook.com
ACC98f95fe48a,2024-10-10,George Bell,icloud.com
ACC7ac04da278,2025-06-21,Patrick Phillips,gmail.com
ACC4817eb3dd8,2025-11-23,Michael Stafford,gmail.com
ACCffbcb146e7,2024-09-13,William Church,icloud.com
ACC740dd9d30f,2026-02-02,Jesse Haney,yahoo.com
ACCe8331ebab8,2025-08-04,Daniel Martinez,yahoo.com
ACCe53b8c1460,2024-12-26,Kari Nixon,yahoo.com
ACCd284b19fd5,2026-01-26,Victoria Church,gmail.com
ACCacb95245a7,2024-09-12,Larry Terrell,outlook.com
ACCd92afcee8c,2024-11-21,Amanda Walton,outlook.com
ACC775a982995,2025-04-26,Jennifer Gonzalez,yahoo.com
ACC1122f064e8,2025-01-12,Shawn Jackson,gmail.com
ACCb5d326ea63,2025-07-18,Greg Davila,outlook.com
ACC0f72165987,2025-07-28,Kevin Boyer,yahoo.com
ACCadea6d5ac5,2026-08-24,Stacey Thornton DDS,icloud.com
ACC0079cada03,2024-12-31,David Bailey,icloud.com
ACC4118256772,2025-02-26,Diane Potter,gmail.com
ACCee54335957,2025-12-06,Todd Mcmillan,outlook.com
ACCf0315b9e3d,2025-05-20,Crystal Foster,outlook.com
ACC3d0b48e118,2025-11-25,Jeffrey Bryant,outlook.com
ACC3e8b990d70,2025-09-22,Tamara Ramirez,yahoo.com
ACC740948f18c,2026-05-03,Natalie Brown,yahoo.com
ACCb72d19cfed,2025-11-06,Latoya Blair,icloud.com
ACC34aabd22b2,2026-06-24,Nicholas Harper,yahoo.com
ACCc39f0fe4a7,2025-02-06,Samantha Brown,outlook.com
ACCc819763a4b,2025-03-20,Christopher Zamora,outlook.com
ACCd0dee1ccc6,2024-10-03,Elizabeth Hurley,gmail.com
ACC0f0ad6d1dd,2025-06-08,Clinton Rivera,icloud.com
ACC5d0231c291,2024-09-21,James Salinas,outlook.com
ACC659fc786a3,2025-03-25,Elizabeth Johnson,gmail.com
ACCc050969cdd,2024-12-24,Jeffrey Smith,icloud.com
ACC465fa7700d,2025-03-16,Nancy Rodriguez,yahoo.com
ACCf592a061dc,2026-08-28,Ashley Payne,outlook.com
ACC2cbbe0d99f,2025-06-21,Jacob Black,yahoo.com
ACC940c376b09,2024-11-08,William Barron,icloud.com
ACCe51fcb4c0b,2026-06-06,Kevin Vega,outlook.com
ACC6b39439179,2024-11-03,Paul Combs,yahoo.com
ACCdf8a07af75,2025-07-15,Stephen Dixon,yahoo.com
ACC46edcdf1bb,2026-06-29,David Hawkins,outlook.com
ACC3bd4895a1f,2025-11-18,Amanda Castaneda,yahoo.com
ACC8a6101cf90,2026-01-28,George Hernandez,icloud.com
ACCca35a02288,2025-10-16,Casey Ortiz,yahoo.com
ACC874f7056c1,2024-11-10,Dr. Karen Hernandez,outlook.com
ACC56b90e2157,2026-01-01,Thomas Miller,outlook.com
ACCf9c9f0c489,2026-01-25,Kimberly Jones,outlook.com
ACC8ce626f195,2026-05-24,Jessica Fields,yahoo.com
ACCbb115fa9a0,2024-09-17,Mrs. Erin Gonzalez,gmail.com
ACC6073ee5a3c,2026-08-03,Katherine Jackson,yahoo.com
ACC2820e10902,2025-10-13,Holly Tran,outlook.com
ACC3d2deaeb4d,2025-06-02,Denise Cunningham,yahoo.com
ACC5a0cac96cf,2024-09-22,Charles Kramer,outlook.com
ACC1c42ae1f00,2025-12-26,Andrew Brown,outlook.com
ACCcbba89925d,2025-04-01,Julie Lutz,yahoo.com
ACC88c12dd778,2025-06-08,Kevin Cohen,gmail.com
ACC9439d2d60d,2025-02-20,Andrew Walker,gmail.com
ACCc9a1539a2a,2025-04-10,Alex Stewart,gmail.com
ACC6ee8b104fe,2026-06-19,Christopher Boyd,outlook.com
ACC9f19cfd8d2,2025-12-20,Alan Hardy,yahoo.com
ACCa4ac6a062a,2024-12-21,Joseph Peterson,icloud.com
ACCa671125f9a,2025-08-17,Jose Becker,gmail.com
ACC52d2af6731,2026-06-16,Wanda Green,yahoo.com
ACC71dccc256d,2025-12-13,Tara Murray,yahoo.com
ACC045614da12,2024-09-10,Jean Bradley,icloud.com
ACC697aed5b5d,2025-07-02,Matthew Lester,yahoo.com
ACC1cdda37513,2024-10-21,Ashley White,gmail.com
ACC0289d34d60,2026-06-20,Cameron Russell,yahoo.com
ACCe8b441ff9c,2026-02-16,Michael Smith,icloud.com
ACCc4a9127760,2024-10-03,Edwin Jones,outlook.com
ACC4f13b2ef63,2026-03-07,Thomas Tran,gmail.com
ACC62aced1c9f,2025-06-08,Elizabeth Barnes,gmail.com
ACCdbcbaadaa9,2025-11-25,Corey Dunn,outlook.com
ACC8c14a1296f,2026-04-20,Michael Mendez,yahoo.com
ACC4aa7b00902,2024-11-24,Kayla Long,yahoo.com
ACCf6a4f09dfb,2024-10-18,Samantha Simmons MD,yahoo.com
ACC24543226a8,2025-04-18,Christie Roberts,yahoo.com
ACCc5dbba7a13,2026-08-04,Mark Garner,gmail.com
ACCe6e860884d,2026-01-06,Wayne Evans,icloud.com
ACCb0312ff677,2025-08-17,Karen Mcdowell,yahoo.com
ACC50a478c991,2026-06-09,Jose Nash,outlook.com
ACC623aed87aa,2026-07-16,Marilyn Castaneda,gmail.com
ACCa01bb24343,2026-05-03,Heather Velasquez,icloud.com
ACCed2b4197e9,2025-09-12,Kelly Jacobs,yahoo.com
ACC02ec3ff263,2025-03-17,Mitchell Yang,gmail.com
ACC385788b376,2025-04-03,Mark Flores,outlook.com
ACC827f4a800e,2025-03-10,Eric Jefferson,icloud.com
ACCfec9768624,2025-05-10,Adam Gomez,yahoo.com
ACC86223b98b5,2024-09-21,Joshua Fernandez,icloud.com
ACC57ecd5fb5e,2025-12-29,Erik Morris,yahoo.com
ACC962f28f809,2026-01-08,Kirk Parker,yahoo.com
ACC4e16d9ac32,2026-06-03,Donna Coleman,outlook.com
ACCd22c3c9d09,2025-01-23,Jason Hughes,icloud.com
ACCe9713d2f96,2025-03-30,Michael Brown DDS,yahoo.com
ACC20c58fdcdb,2026-05-17,April Brown,yahoo.com
ACC1b5cfb77c8,2026-04-14,John Pollard,gmail.com
ACCd66870c277,2024-11-19,Thomas Hawkins,icloud.com
ACCfff11ee449,2026-06-04,Carla Brock,gmail.com
ACC74745f0640,2025-08-09,Joshua Rose,yahoo.com
ACCc8def53c45,2025-07-27,Angela Sanders,yahoo.com
ACC69a00dfd3e,2025-11-26,James Barnes,yahoo.com
ACCd1cc699e18,2025-12-15,Dawn Patel,icloud.com
ACCbff7666c30,2024-10-02,Peter Schultz,icloud.com
ACC99aa053a71,2026-07-08,Stephanie Morgan,outlook.com
ACC871b90b290,2024-12-09,Michael Fuller,gmail.com
ACCda5b4be758,2024-11-10,Sherry Hartman,yahoo.com
ACCa51c43ffaa,2025-03-08,Paul Manning,outlook.com
ACCf8150063cc,2025-12-23,Patrick Lowery,icloud.com
ACC08dfd98702,2026-02-26,Jeffrey Smith,icloud.com
ACC7540cd0aa9,2025-09-21,Rebecca Gray,outlook.com
ACCb61ec1561b,2024-11-03,Gary Collins,outlook.com
ACC1a855f9c63,2026-04-26,Aaron Rodriguez,gmail.com
ACC1ae64d6f2d,2025-02-15,Joshua Howell,outlook.com
ACCb459919b11,2025-03-17,Sara Martin,gmail.com
ACCe4c6c55d74,2026-07-08,Michelle Cunningham,outlook.com
ACC962ecc6aa0,2025-03-03,Phillip Gibson,yahoo.com
ACC72ca80083b,2026-08-08,Virginia Brown,outlook.com
ACCad69593bb4,2025-03-23,Teresa Greene,gmail.com
ACC1bde1fed0b,2026-04-09,Leah Adams,gmail.com
ACC1b54510a6f,2026-01-09,Dwayne Young,yahoo.com
ACCf6c6a307a4,2025-05-13,Cynthia Pratt,gmail.com
ACC54c1dd6451,2026-08-18,Aaron Haynes,icloud.com
ACC76c33d2942,2025-07-24,Jared Lucas,outlook.com
ACCf6f15e2049,2024-10-27,Marissa Roach,outlook.com
ACC8191b63fb0,2026-04-01,Brendan Thompson,outlook.com
ACC62e6089ecf,2025-04-03,Jonathan Ross,gmail.com
ACCfc62c0c6f5,2024-12-10,Michael Acosta,outlook.com
ACC1a71e99cbf,2026-07-13,Patrick Wright,gmail.com
ACC6a5dd8c543,2026-02-03,Dawn Lopez,icloud.com
ACC75b6690eb4,2025-12-18,Zachary Wilson,outlook.com
ACC40ca6bbdda,2026-05-22,Kathy Williams,gmail.com
ACC9fd6748b06,2026-03-22,Elizabeth Graham,yahoo.com
ACCd087f67ecf,2024-12-16,Jessica Blair,gmail.com
ACC84570297e9,2026-05-13,Matthew Richardson,yahoo.com
ACCdce88ba663,2025-06-22,Paula Clark,outlook.com
ACC19145a98c6,2025-08-29,Frank Sanford,yahoo.com
ACC03d0133a3a,2026-05-07,Julia Warren,icloud.com
ACCd1911cb09d,2025-08-07,Michelle Williams,outlook.com
ACCce70bc233e,2025-09-25,Rebecca Mcclure MD,gmail.com
ACC325a43a6c9,2025-04-08,Paul Pennington,outlook.com
ACC97d405cffa,2025-07-11,Jordan Klein,gmail.com
ACC172c02a55b,2026-04-28,Joseph Curry,yahoo.com
ACCdc881f7d60,2026-06-14,Miranda Reid,icloud.com
ACCf87b55fc6b,2026-08-05,Randy Sanchez,yahoo.com
ACC558681f4f3,2025-07-27,Randall Thomas,outlook.com
ACCa30f0de40f,2024-09-15,Dana Brown,outlook.com
ACCba10638186,2024-09-24,Thomas Cruz,icloud.com
ACC9ee3d85505,2025-11-14,John Smith,outlook.com
ACCe7549f0ef1,2024-11-25,Alice Khan,gmail.com
ACC88278f294c,2026-02-11,Rebecca Carpenter,yahoo.com
ACCc7775389d0,2025-09-06,James Adams,yahoo.com
ACCe3b276f148,2025-08-31,Michael Jones,icloud.com
ACCb4f7451e56,2025-08-26,Stephanie Davis,icloud.com
ACCe89010abd9,2026-02-22,Michael Reed,outlook.com
ACCcc47e7cab0,2025-03-20,Derrick Mcdonald MD,gmail.com
ACC7ea4d19b12,2024-11-13,Eric Patton DVM,yahoo.com
ACCba6e6727b9,2025-01-19,Jennifer Rogers,icloud.com
ACC7598e5afd9,2025-10-27,Megan Cross,gmail.com
ACC32ad46e6ac,2025-05-03,Tina Webb,gmail.com
ACCee621d1a2e,2024-11-13,Donna Silva,icloud.com
ACC70787b95ca,2025-03-10,Mary Campos,yahoo.com
ACCd93b394cfc,2025-01-20,Cynthia Montes,gmail.com
ACC72c7f04486,2025-05-15,Raven Smith,yahoo.com
ACC1f2c23ec2a,2025-05-30,Kim Stewart,yahoo.com
ACC90a2a86f60,2024-09-20,Ronald Holmes,outlook.com
ACCdaf457a366,2025-06-16,Leslie Holmes,icloud.com
ACC35b6103117,2026-03-21,Denise Smith,icloud.com
ACCcb32b45a7d,2024-10-01,Barbara Ross,icloud.com
ACC9e1ff27e7f,2025-08-17,David Anthony,yahoo.com
ACCe5044ac0aa,2024-10-07,Angel Nichols,outlook.com
ACCf8eb847b10,2025-11-12,John Shah,yahoo.com
ACCbbb1a73770,2025-09-27,Katrina Williams,icloud.com
ACC0e662f2a3f,2026-08-18,Tamara Ferguson MD,yahoo.com
ACC535f7aa300,2026-08-19,Allison Bell,outlook.com
ACC3456702158,2025-08-04,Mike Clark,icloud.com
ACC32d47cd74b,2025-02-01,Patrick Rhodes,outlook.com
ACCc8be9db859,2025-06-28,Tami Ross,icloud.com
ACC5f06443b0c,2025-04-13,Makayla Rojas,yahoo.com
ACC50a17f9307,2026-06-24,Steven Olson,icloud.com
ACCa9881dcac1,2025-04-14,Jason Bass,outlook.com
ACC658cb1961f,2026-04-22,Marisa Clark,yahoo.com
ACC0d97ef74f6,2026-07-25,Chad Wright,yahoo.com
ACC9bedc1e944,2025-07-05,Cheryl Garza,gmail.com
ACCf350e7b0e0,2026-02-11,Michele Hood,icloud.com
ACC626b68aa35,2026-05-31,Stacey Randolph,icloud.com
ACC5b9e775a57,2026-04-22,Kevin George,outlook.com
ACCb8f27aebd3,2026-05-31,Deborah Chavez,outlook.com
ACC3c1b9603d7,2026-06-16,Caleb Lee,gmail.com
ACC2381111f89,2025-10-09,James Vasquez,gmail.com
ACC8b3bb975f4,2025-03-14,David Tucker,gmail.com
ACC589c7e15c3,2024-11-30,Logan Keller,yahoo.com
ACC48f48ad635,2025-01-18,Kevin Dunn,yahoo.com
ACCd3cf4a30bf,2025-05-06,William Aguilar,gmail.com
ACCddf730da3e,2024-09-11,Nicholas Taylor,gmail.com
ACC0f6fd5e046,2026-06-24,Eric Carlson,yahoo.com
ACCc8c9fd55a7,2025-07-18,Donna Jordan,yahoo.com
ACC25a1ab18b6,2025-06-07,Jaime Johnson,yahoo.com
ACC404ce47672,2025-10-05,Billy Hunter,icloud.com
ACC80882a9926,2024-12-27,Stephanie Obrien,yahoo.com
ACC9e12b4880a,2025-11-03,Jodi Mcknight,gmail.com
ACC78298c80c9,2026-03-03,Laura Mays,gmail.com
ACC4996bc24f8,2025-05-04,Richard Powell,icloud.com
ACC5b20055075,2025-11-28,Anthony Myers,icloud.com
ACC22e345ad69,2026-08-22,Michelle Mendoza,gmail.com
ACCcded896341,2026-08-07,David Cruz,yahoo.com
ACC975f644a71,2026-06-11,Danielle Johnson,outlook.com
ACCf5d62d6a73,2024-11-07,Eric Vaughan,icloud.com
ACCfee3c5f503,2025-03-24,Jimmy Hoffman,outlook.com
ACC326712036d,2025-01-03,Marisa Farmer,icloud.com
ACC9a1c9e8af2,2026-01-03,Jennifer Wright,gmail.com
ACCdfd63362dd,2025-02-19,Rebecca Black,outlook.com
ACCdabc7e5775,2025-10-10,Beth Garcia,outlook.com
ACC904d365422,2025-04-10,Courtney Stevens,gmail.com
ACCd55ac218bc,2026-04-24,Cheryl Rojas,yahoo.com
ACC79d1cf545e,2025-01-14,Lindsay Williams,outlook.com
ACC52c0404304,2026-05-11,Crystal Johnston,yahoo.com
ACC07d35f071a,2025-11-20,Edward Rocha,outlook.com
ACCebcd4d52f8,2026-02-22,Donald Rivera,icloud.com
ACCeebff5114a,2024-11-29,Austin Bell,gmail.com
ACC747a9bebb6,2026-06-29,Steven Green,gmail.com
ACCf332fdc4ff,2025-05-01,Amy Torres,icloud.com
ACC030fa6eb09,2026-03-03,Michael Houston,gmail.com
ACC718675c491,2025-04-13,Brandon Reyes,yahoo.com
ACC0b86911396,2025-09-13,Lauren Bass,yahoo.com
ACC4287d994d5,2025-06-06,Christopher Miller,icloud.com
ACCea044967e0,2025-11-18,Scott Mcgee,outlook.com
ACC9d3c461c54,2025-08-28,Matthew Ramos,gmail.com
ACCd049030ef7,2024-10-09,William Scott,yahoo.com
ACCe36a1156f0,2025-02-22,Joseph Kirby,yahoo.com
ACCfa0ed795bc,2025-05-29,Amanda Galvan,yahoo.com
ACCb1cc3cdc32,2025-05-04,Miss Erica Novak,gmail.com
ACC66da86e498,2026-03-03,Kevin Walker,yahoo.com
ACCa7a7a1a7ef,2024-11-02,James Duncan DVM,icloud.com
ACC1b8c477723,2025-11-01,Steven Buck,icloud.com
ACCcb1ce97d40,2024-10-19,Laura Cook,outlook.com
ACC6fa4e18383,2025-11-14,Leroy Wang,gmail.com
ACC310dd0360d,2025-05-16,Christina Williams,yahoo.com
ACCfe88388f5b,2024-11-04,Jeffrey Sharp,icloud.com
ACC6c70563f38,2024-11-08,Beth Gordon,gmail.com
ACC59c9d926ae,2025-02-19,Debra Williams,outlook.com
ACC3c535e10cf,2025-05-19,David Morgan,yahoo.com
ACC8313b57de8,2026-05-29,Diana Tucker DDS,yahoo.com
ACC3a22459d2b,2025-01-09,Steven Walker,outlook.com
ACC8394e405e4,2026-02-04,Elaine Reyes,gmail.com
ACCf6239bf54a,2025-08-16,Amy Reed,gmail.com
ACCe4466f3cd2,2025-09-25,Kevin Lewis,outlook.com
ACC4c648ef384,2025-01-19,Cynthia Kelley,yahoo.com
ACC40170098b5,2024-12-22,Yesenia Santiago,outlook.com
ACC7e274582af,2024-12-12,Erica Goodman,outlook.com
ACC06511acd08,2024-09-12,Ricky Vance,gmail.com
ACCd36efb1c91,2025-04-01,Richard Ellison,yahoo.com
ACC5cb40a515f,2025-08-09,Gail Parker,gmail.com
ACC5c5e7c9fc6,2025-03-27,Victoria Harris,gmail.com
ACC42ee09e515,2024-09-18,Sara Everett,icloud.com
ACC0ea55f1033,2026-06-02,Sean Davis,outlook.com
ACC410642fd9f,2026-06-11,Brent Rodriguez,gmail.com
ACCcc9c3be75d,2026-05-30,Brent Thornton,outlook.com
ACCb4ba5f0523,2026-07-16,Katherine Quinn,yahoo.com
ACC216725855e,2026-03-19,Jane Sullivan,yahoo.com
ACCe9cb9a4d45,2025-02-17,Claudia Pittman,icloud.com
ACC686467054a,2024-10-29,Kimberly Bond,outlook.com
ACC6940798a84,2025-11-30,Matthew Mason,outlook.com
ACC34327047f3,2025-12-21,Mrs. Alexandra Pham,outlook.com
ACC29533fef2f,2024-12-07,Jennifer Adams,icloud.com
ACC8756d4d69a,2026-04-03,Christopher Smith,gmail.com
ACCed4c1a215b,2026-01-16,Timothy Morris,gmail.com
ACC9f8e06ba8d,2026-08-23,Joseph Gilbert,icloud.com
ACC0aecbf10f6,2026-03-12,Monica Johnson,icloud.com
ACC942489ef56,2026-04-12,Kevin Miller,icloud.com
ACCda85d0a2b0,2026-04-21,Alexander Welch,gmail.com
ACCccd57b260d,2025-09-16,Samuel Hernandez,icloud.com
ACC2e3d83a9d5,2025-01-13,Marcia Moore,icloud.com
ACC62b276d2ca,2025-10-20,Richard Morris,icloud.com
ACC829dc1bb2c,2025-05-22,Krista Goodwin,outlook.com
ACC4ed5c7e735,2026-08-06,David Sanchez,yahoo.com
ACCff0e91e030,2024-11-11,Carla Rodriguez,gmail.com
ACC7cab50ad07,2025-04-10,Cindy Boyd,icloud.com
ACC496f74bc93,2024-09-30,Krista Huynh,outlook.com
ACC032a4ccac7,2025-03-11,Beverly Brooks,yahoo.com
ACC2832820c26,2025-03-29,Benjamin Garcia,icloud.com
ACC46918d08f1,2024-12-21,Dennis Anderson,icloud.com
ACC31b6f98948,2024-10-03,Sherry Lee,outlook.com
ACC7b3c0a6e55,2025-10-26,Joshua Lawrence,yahoo.com
ACCa5c2e86809,2024-12-21,Alison Reilly,outlook.com
ACC49b9c0190d,2025-03-15,Theresa Harris,outlook.com
ACC80e74e35f4,2025-01-08,Sabrina Burton,outlook.com
ACC2ca0fb40b2,2026-03-07,Roger Munoz,gmail.com
ACC50f61d2ae7,2026-08-02,Rachel Martin,icloud.com
ACC6a0c6ad692,2025-05-24,Sarah Farrell,icloud.com
ACC73a3b8a06c,2026-08-17,Judy Lloyd,icloud.com
ACC03a101b289,2025-06-19,Angel Nash,outlook.com
ACC1376be389a,2025-07-16,Gary Thompson,gmail.com
ACCa3a2166ae7,2024-11-02,Brandon Randall,gmail.com
ACC8fe18c7836,2025-07-29,Kelly Jenkins,gmail.com
ACC50c63e7e44,2025-03-12,Austin Riddle,yahoo.com
ACCefc77815bc,2026-02-26,Cody Harmon,outlook.com
ACCe0419abc1f,2025-09-13,Erik Nelson,gmail.com
ACCaef3610936,2025-09-11,Willie Sparks,outlook.com
ACCb7fa9ec4f4,2025-09-20,Justin Schultz,icloud.com
ACC6b4f319f07,2025-01-20,Jasmin Parks,yahoo.com
ACC2b520f9292,2025-05-20,Paul Davidson,outlook.com
ACC76958bdd7e,2026-03-24,April West,icloud.com
ACC8431847890,2026-05-05,Carolyn Carter,outlook.com
ACC908d67a252,2025-06-20,Colton Williams,outlook.com
ACC21ef4d12af,2025-09-03,Michael Robinson,outlook.com
ACC3721ea69fb,2025-04-04,Ann Schultz,gmail.com
ACCa61ed70872,2025-02-13,Maria Jones,yahoo.com
ACC0d2adf3f89,2026-05-04,James Castillo,outlook.com
ACCd3a7487535,2024-10-21,Ryan Jones,gmail.com
ACCd2103ad39d,2024-12-16,Angela Romero,gmail.com
ACCca30a72aa5,2026-04-14,Hector Sparks,icloud.com
ACCfca4e9ed33,2026-06-30,Andrew Lee,yahoo.com
ACC348f08fe69,2026-02-07,Mr. Kyle Perez,outlook.com
ACCe6401f4200,2026-03-05,Patrick Ayers,icloud.com
ACC0939466c2c,2025-04-10,Amber Martin,outlook.com
ACC23eb3b73ea,2025-10-17,Shelly Bradford,yahoo.com
ACC271c2c4866,2024-11-16,Emily Miller,gmail.com
ACC67bdd4804d,2025-02-15,Raymond Brown,yahoo.com
ACCa14c1f4cb2,2025-06-18,Marvin Turner,icloud.com
ACCe380d09fce,2025-10-18,James Garcia,gmail.com
ACC14a9739dfa,2025-10-01,Aaron Ochoa,yahoo.com
ACC0c72bc3e7f,2025-01-18,Holly Castillo,yahoo.com
ACC8ff56464bf,2026-01-26,Caleb Chase,yahoo.com
ACC6f34781eb3,2024-09-25,Mrs. Kathleen Brown,outlook.com
ACCf740d1daaa,2024-12-09,Audrey Lopez,outlook.com
ACC8309de4057,2026-01-01,Melanie Flores,yahoo.com
ACC1b35ba2532,2025-09-13,Bethany Price,yahoo.com
ACC84cf67a974,2025-10-15,Brittney Johnson,outlook.com
ACCff85866700,2025-08-20,William Mata,yahoo.com
ACCe08474a5d2,2026-03-25,Cody Mcgrath,icloud.com
ACC75e2362e45,2025-02-03,Lisa Chavez,outlook.com
ACC6bc0774748,2025-11-19,Shawna Rodriguez,gmail.com
ACCd7f4af2f08,2026-02-05,Anthony Hurst,icloud.com
ACC5487d90ace,2025-12-03,Philip Meadows,outlook.com
ACCc53900f0a4,2025-10-08,Amanda Rich,icloud.com
ACC985eee1a18,2025-07-31,Dr. Amber Berry,yahoo.com
ACC5206827a04,2026-06-20,Rebecca Snyder,icloud.com
ACC63c2fe33e7,2025-03-10,Kristy Ruiz,yahoo.com
ACC3f744a797a,2025-01-06,Jeffrey Stevens,outlook.com
ACC6874b8342a,2025-08-22,Gregg Castillo,gmail.com
ACCd7a1da38b0,2025-05-28,Jeffery Mclaughlin,gmail.com
ACC44fe82a7e0,2026-07-11,Angela Johnson MD,gmail.com
ACCa63522b983,2025-02-01,Peter Nelson,outlook.com
ACC746b9cdf27,2025-03-23,Theresa Jones,outlook.com
ACC5964e64aff,2025-09-25,David Larsen,outlook.com
ACC9eaa023493,2026-07-28,Elizabeth Rice,yahoo.com
ACCb9dd9ef389,2025-07-31,Dennis Williams,gmail.com
ACC230e045561,2024-09-30,Sharon Velez,outlook.com
ACC68a4d8ec99,2025-06-06,Brian Sharp,icloud.com
ACCe8d6791a5f,2025-06-27,Cynthia Ramirez,icloud.com
ACC759da83fa6,2025-03-06,Paul Miller,icloud.com
ACC1283bb654b,2026-06-03,Darlene Barton,gmail.com
ACC14c93260d0,2025-12-26,Wendy Armstrong,yahoo.com
ACC69444d6cbd,2025-12-11,Mr. Richard Hunt PhD,outlook.com
ACCdb51fa5a7e,2026-08-14,Travis Orozco,outlook.com
ACC565e41e733,2026-04-28,Nicole Castillo,icloud.com
ACCc1cd1a272d,2026-04-13,Janet Smith,gmail.com
ACC926ad54b45,2024-09-19,Mary Berry,icloud.com
ACC84578f6945,2026-02-20,Cindy Roberts,icloud.com
ACCffca347212,2025-05-30,Gregory Porter,gmail.com
ACC2360e7073c,2025-06-11,Yvonne Nelson,gmail.com
ACC610cefac92,2025-09-01,Steven Stark,gmail.com
ACCfdb0eee499,2025-02-24,Tina Johnson,gmail.com
ACC9c492dbc61,2025-01-18,Daniel Hudson,icloud.com
ACC38d2406106,2025-10-20,Madison Key,yahoo.com
ACC4a06065e95,2024-09-03,Jesse Montgomery,outlook.com
ACC67f3461eee,2026-04-16,Alicia Guzman,icloud.com
ACCa00675337f,2026-01-25,David Mitchell,outlook.com
ACC3415e4bac0,2025-06-18,Taylor Wilson,gmail.com
ACC213eb8f5f2,2025-09-14,Mr. Kevin Wilson,outlook.com
ACC9161f94485,2025-10-14,Vanessa Clark,gmail.com
ACCae45602a76,2025-08-23,Thomas Garrett,outlook.com
ACC8db8461cf3,2026-05-11,David Taylor,gmail.com
ACC6fd35ea413,2026-02-25,Colin Lee,outlook.com
ACC2551f56099,2025-11-26,Donald Ellis,outlook.com
ACC81846bf2a9,2025-02-08,Holly Sanchez,yahoo.com
ACC55892c45a6,2025-08-29,Darryl Murphy,yahoo.com
ACCb54282bfc7,2026-07-21,Barbara Ramos,icloud.com
ACCb88b52b59f,2024-12-26,Brandon Wright,yahoo.com
ACCc976ca1412,2025-01-01,Robin Jordan,outlook.com
ACC182f968991,2026-06-21,Anthony Martin,outlook.com
ACC1758f33e30,2025-09-19,Rhonda Owens,gmail.com
ACCec2ffe41b3,2025-05-16,Catherine Dawson,icloud.com
ACC3a5d5a7e84,2025-01-07,Carol Ho,gmail.com
ACCaf85b54bb1,2026-06-06,Rebecca Gray,icloud.com
ACC8e08a45c34,2026-05-20,Frank Smith,yahoo.com
ACC36ccfa95d6,2025-02-05,Angel Manning,outlook.com
ACCc4280b6689,2026-01-17,Heidi Moore,yahoo.com
ACC2a9d4b76a4,2025-05-19,Michael Reed,outlook.com
ACC293223b2c5,2024-11-29,Jennifer Pena,gmail.com
ACC13cc57946b,2026-03-25,Walter Washington,outlook.com
ACC59eb573ddc,2025-01-18,Sarah Flores,icloud.com
ACC9f63655134,2025-12-11,Dr. Mark Gilbert,yahoo.com
ACCcfb00eaeff,2025-07-25,Nathan Harrison,gmail.com
ACCbea1645d68,2024-10-08,Johnathan Hanson,yahoo.com
ACC7cc67cea34,2025-07-30,Jennifer Beasley,gmail.com
ACCa9fd2e8431,2025-01-18,Michaela Rivera,icloud.com
ACC711f7a535b,2025-06-15,Mrs. Lisa Stewart DVM,gmail.com
ACCc1b43854a3,2026-04-01,Nancy Reese,yahoo.com
ACCceb8b938f8,2024-09-01,Michael Haas,gmail.com
ACC65abba223a,2025-08-13,Vanessa Santos,outlook.com
ACCce7f63ffbc,2026-04-23,Mary Wells,outlook.com
ACC1d5be99817,2024-09-25,Jennifer Cummings,yahoo.com
ACC225af5b319,2024-12-20,Gary Mccoy,outlook.com
ACC76559dc16e,2025-06-13,Misty Marshall,outlook.com
ACC12d965688a,2025-12-27,Sharon White,gmail.com
ACCb0f986bde2,2026-06-16,Robert Hutchinson,outlook.com
ACC4e62b4cce0,2026-03-11,Danielle Bradshaw,outlook.com
ACC662ffc7833,2025-05-16,Stephanie Scott,icloud.com
ACC7e62ef80eb,2026-04-02,Heather Chang,yahoo.com
ACC9c075d0b07,2026-07-30,Stacy Campos,gmail.com
ACCd482b0ec1f,2026-01-27,Heidi Travis,icloud.com
ACC4ce5c87c74,2025-03-14,Matthew Bell,gmail.com
ACC593505ae32,2025-05-24,Hannah Norman,yahoo.com
ACC203d9fb101,2026-05-26,Debra Miller,icloud.com
ACCd3b5b6b24d,2026-02-25,Travis Young,icloud.com
ACCeddae1edca,2026-04-10,Justin Diaz,icloud.com
ACC53ed1b3bcf,2025-04-22,William Baxter,outlook.com
ACC29057ae0e3,2024-09-26,David Santos,gmail.com
ACC90ebfc1ab1,2024-09-08,Christine Baldwin,outlook.com
ACCf01277d093,2026-06-25,Alan Hubbard,yahoo.com
ACC7335d342ed,2025-08-28,Jonathan Flores,icloud.com
ACC474edb3809,2025-09-16,Robert Baker,icloud.com
ACC0cba535607,2025-10-24,Amy Neal,gmail.com
ACC7a8fb8aee6,2025-02-24,Kathy Moore,yahoo.com
ACCc11cd3ebb6,2024-12-31,Victoria Owens,yahoo.com
ACCb5c91986f5,2026-07-22,Dustin Dean,yahoo.com
ACCb607576f85,2025-03-21,Colleen Neal,outlook.com
ACC431497face,2026-05-20,Jennifer Oliver,icloud.com
ACC0493d6f4cd,2026-07-08,Curtis Daniels,outlook.com
ACC87f005fbf2,2025-06-27,Brian Singh,icloud.com
ACCb50695f78f,2025-12-12,Natasha Cuevas,gmail.com
ACCb3052188e7,2025-10-14,Mary Moore,yahoo.com
ACC4450f448a7,2026-04-30,Katrina Adams,outlook.com
ACCe6e17fedba,2025-09-13,Levi Anderson,icloud.com
ACCc709e3f2bd,2026-04-06,Robert Moreno,outlook.com
ACCa7c5d3f42d,2025-12-27,Brian Higgins,yahoo.com
ACC94d2c72b68,2026-08-26,Jordan Ramirez,outlook.com
ACC4839ae295a,2024-12-08,Jacob Hahn,gmail.com
ACC36c497830e,2025-12-28,Ronald Hampton,yahoo.com
ACCab3f1032cb,2025-06-25,Vanessa Colon,outlook.com
ACCbb1c563c01,2026-05-08,Jamie Bryant,yahoo.com
ACCe9324bbb4e,2025-05-12,James Lee,icloud.com
ACC91100ff582,2026-03-01,Carla Allen,gmail.com
ACC24db94e193,2025-08-15,Anthony Patton,gmail.com
ACC3ac62cd1e9,2025-08-21,Dennis Parker,outlook.com
ACC90415f3998,2026-05-11,Sandra Howard,icloud.com
ACC6417efbb6b,2026-01-11,Adam Schmitt,icloud.com
ACCb9646ecbd0,2026-05-10,Ryan Sanchez,yahoo.com
ACC5aafcd622e,2025-07-16,Lisa Edwards,gmail.com
ACC060b880997,2025-12-26,Claudia York,outlook.com
ACCd64be3fbba,2025-08-06,Charles Calhoun,gmail.com
ACCe946b8a608,2025-12-24,Angela Dominguez,yahoo.com
ACC2022635796,2024-10-16,Patrick Levine,outlook.com
ACC67e24aff95,2026-08-18,Catherine Harris,icloud.com
ACC39334e8085,2025-07-06,Allen Davis,icloud.com
ACC1cd0415aed,2025-04-17,Jonathan Patton,yahoo.com
ACCee5908bfcc,2024-11-27,Donald Sloan,yahoo.com
ACC8225c88f2e,2025-11-23,Daniel Hawkins,outlook.com
ACC717a458d7a,2025-12-20,Barbara Fletcher,yahoo.com
ACCf052cd2c0e,2025-10-15,Barbara Bailey,outlook.com
ACC2bcfcee582,2026-06-24,James Owens,yahoo.com
ACC4b600854fe,2025-03-31,Julian Smith,icloud.com
ACC8316658480,2025-11-23,Alex Edwards,icloud.com
ACC27f8a9b3de,2026-01-21,Brianna Oliver,yahoo.com
ACCcc7befcffe,2025-05-08,Grace Hurley,outlook.com
ACC409f0e65e0,2025-12-17,Regina Reyes,outlook.com
ACC7eddd29c67,2025-09-05,Travis Morris,gmail.com
ACC1ea25d828a,2025-03-12,Jeffery Wade,icloud.com
ACC9a8886909a,2025-08-28,Mark Parker,yahoo.com
ACCa43d0a2d29,2026-07-19,Sandra Williams,yahoo.com
ACCe5a89e67e9,2025-03-10,Michael Sanchez,icloud.com
ACCe6dc95fe0b,2025-11-26,David Martinez,icloud.com
ACCe643b386d2,2026-08-29,Robert Price,outlook.com
ACC351ee36809,2026-01-21,Kayla Chung,icloud.com
ACC98c580b865,2026-05-12,Timothy Wallace,icloud.com
ACC63a48e135d,2025-12-29,Patricia Francis,gmail.com
ACC7ff55ba9aa,2024-10-02,Connie Dunn,icloud.com
ACC64332b764c,2025-05-17,Thomas Smith,gmail.com
ACCb4579302c8,2025-03-08,Brittany Warner,yahoo.com
ACC6b659fd06f,2024-12-30,Sandra Travis,yahoo.com
ACCee1851a6ee,2025-10-16,Jason Guerra,yahoo.com
ACC73174a5143,2025-01-16,Carlos Oliver,outlook.com
ACC02ac4ef2e9,2024-12-25,Frank Vasquez,icloud.com
ACC22c916a253,2026-08-08,Ashley Harris,yahoo.com
ACC845a874c4d,2025-05-03,Melinda Lynch,yahoo.com
ACCe30bdc9d4a,2024-09-09,Brian Gonzalez,outlook.com
ACC1c68db3112,2025-01-17,Devin Morris,yahoo.com
ACC00a4d29b1d,2025-12-13,Hunter Smith,icloud.com
ACCe553316a49,2026-06-22,Cameron Flores,outlook.com
ACCa1667cefb9,2024-10-25,Jessica Smith,outlook.com
ACC43cc7a8562,2026-01-20,Taylor Brown,yahoo.com
ACC12f28f422a,2025-11-12,Morgan Dickerson,icloud.com
ACCaaaad86a11,2025-05-25,Jeffrey Young,yahoo.com
ACC4fc1c53253,2024-10-22,Vanessa Green,icloud.com
ACCda28dc4778,2025-05-07,Lisa Bell,icloud.com
ACC449da471f5,2026-05-24,Chris Taylor,yahoo.com
ACCa90bafb4d0,2026-04-26,Kelly Chapman,outlook.com
ACCe6e4c6b1a1,2024-12-02,Edward Rodriguez,gmail.com
ACC4359a8865a,2026-08-27,Brittany Price,icloud.com
ACC25ed63eb1e,2025-02-21,Evan Gutierrez,icloud.com
ACCdbb71363bc,2025-12-04,Emily White,gmail.com
ACCf846f056e6,2026-02-03,Jennifer Cobb,gmail.com
ACCbef926916a,2025-08-31,Joseph Atkins,yahoo.com
ACCc7f01e00f8,2025-02-15,Noah Watkins,yahoo.com
ACCa914be791d,2025-06-09,Destiny Bell,outlook.com
ACC6974201e6a,2026-07-13,James Bonilla,gmail.com
ACCa27d995534,2026-08-28,Shannon Ramirez,gmail.com
ACC7f6e1a0247,2026-01-02,Matthew Williams,yahoo.com
ACC7eedde9a75,2024-10-01,Troy Harrison,gmail.com
ACC8679632d60,2024-12-27,Johnny Harris,gmail.com
ACC493ae0bc99,2026-03-23,Kevin Wells,gmail.com
ACC16955f1368,2026-01-05,Tara Martinez,outlook.com
ACC0dbf6edbe9,2025-07-01,John Daugherty,gmail.com
ACC06829a549b,2026-08-24,Tony Floyd,icloud.com
ACC88801de394,2026-03-09,Michael Taylor,gmail.com
ACCd278d9d511,2025-10-05,David Wiggins,icloud.com
ACC50a17af118,2026-07-11,George Mckay,icloud.com
ACCf5b3ada315,2026-04-19,Micheal Hoffman,outlook.com
ACC8650b80988,2025-01-27,Christy Fry,gmail.com
ACCd989e12178,2025-01-05,Samuel Brown,gmail.com
ACC47b0cee587,2025-06-08,Holly Wilson,icloud.com
ACC1a2c95950c,2026-04-14,Hayley Miller,yahoo.com
ACC57a8f23e12,2026-02-02,Mark Kirk,outlook.com
ACC96c42e2fc2,2026-05-02,Stephen Hunter,yahoo.com
ACCa5ee16d2cb,2025-09-27,Michael Thomas,outlook.com
ACCce323520d9,2025-12-10,Phillip Jimenez,yahoo.com
ACCd8bfc4c44d,2024-10-14,Bryan Richard,outlook.com
ACCaae92682f4,2025-08-04,Sharon Taylor,icloud.com
ACC7d3df1f553,2025-10-11,Jennifer Cox,gmail.com
ACC4700324480,2026-06-24,Aaron Brown,icloud.com
ACCaf13eb4360,2024-12-08,Seth Ayers,gmail.com
ACC8f896b2d8e,2025-09-06,Zachary Cantrell,yahoo.com
ACC1239d0a25c,2024-09-18,Denise Johnson,icloud.com
ACCc9532986dc,2025-02-12,William Anderson,gmail.com
ACC308ce68c28,2026-04-13,Kathleen Hebert MD,yahoo.com
ACC1b2a6c63e4,2026-01-25,Amanda Bell,outlook.com
ACCc303346596,2025-08-20,Michelle Nolan,icloud.com
ACC0557d22169,2025-12-28,Brad Griffin,gmail.com
ACCc399207c59,2026-06-03,Sabrina Gonzales,gmail.com
ACCdaaadff67c,2026-06-27,Richard Rodriguez,outlook.com
ACC2f0d6e8397,2024-11-29,Danielle Calderon,gmail.com
ACC547ac2c0d9,2025-05-19,Rodney Walker,yahoo.com
ACCb81658d3c3,2024-10-06,Eric Patterson,icloud.com
ACCcd7148f0ba,2025-04-03,Jennifer Hernandez,icloud.com
ACCd8dea3bc08,2026-02-12,Richard Evans,gmail.com
ACC0fcfe762ec,2026-05-13,Kelly Townsend,gmail.com
ACC3c004bfd65,2025-10-14,Tina Clark,yahoo.com
ACCfdb0941fb6,2026-08-07,Jacob Miller,outlook.com
ACCa7acc450e5,2025-06-28,Thomas Gould,icloud.com
ACC80cf5ca906,2025-04-24,Jose Robles,yahoo.com
ACCf74c5cdb67,2025-01-21,Michael Stevens,gmail.com
ACC8e949fa13d,2025-10-04,Jeremy Jackson,yahoo.com
ACC2fa292b3c6,2026-03-12,Patrick Wu,outlook.com
ACCdd7798cbfc,2025-03-25,Lisa Stewart,outlook.com
ACC298927e3ff,2025-03-17,Carl Braun,outlook.com
ACCbaa0a04a14,2025-09-16,Terry Wilson,gmail.com
ACC0723fa7d05,2025-05-04,Ronald Francis,outlook.com
ACCf466855e66,2024-09-20,Alicia Miller,yahoo.com
ACC1b794c8812,2024-12-16,Peter Mccann,yahoo.com
ACCf26ae47289,2024-11-25,Ronald Smith,yahoo.com
ACC1f05b0bbb2,2026-01-22,Michael Daniel,yahoo.com
ACC18b0eed58c,2024-11-14,Jennifer Turner,gmail.com
ACC0494a2eee2,2025-05-29,Nathan Stevens,icloud.com
ACC6eca0d315a,2025-08-06,Victoria Davila,outlook.com
ACC1ba968fde8,2025-12-07,Adam Edwards,outlook.com
ACCc0fdcda459,2025-04-08,Reginald Brown,yahoo.com
ACCe7480f02f5,2025-05-05,Cameron Burton,yahoo.com
ACCf7825a115b,2026-03-06,Sean Sellers,outlook.com
ACCb295532c92,2024-09-19,James Garcia,outlook.com
ACC6c9ef9689b,2025-01-04,Alexandra Ross,yahoo.com
ACC7402cbc266,2025-11-01,Craig Cantu,icloud.com
ACCda5ba125b9,2024-10-28,Alexis Cunningham,gmail.com
ACCb5b6d3a104,2026-05-07,Jamie Turner,gmail.com
ACC15d294d156,2026-02-28,Andrew Thomas,outlook.com
ACC8aaada256f,2025-09-21,Andrea Wall,outlook.com
ACCcb79c7f4ca,2025-09-29,Antonio White,gmail.com
ACC91c99ce42c,2024-12-11,Molly Snyder,yahoo.com
ACC8e9ead3610,2025-06-29,Angela Lawrence,yahoo.com
ACC784124b3e6,2025-02-06,Jennifer Keller,yahoo.com
ACC83f613381b,2026-05-01,David Hooper,outlook.com
ACC1e64443638,2024-12-24,Kevin Mccarthy,icloud.com
ACC650c16ebd9,2025-07-11,Anthony Patel,gmail.com
ACC2425d7384a,2024-11-18,Patricia Cantu,outlook.com
ACC3878ffda82,2026-04-04,Joshua Mcdowell,yahoo.com
ACC174c8b726b,2025-01-11,Dawn King,yahoo.com
ACCb7b77c6c26,2025-11-07,Lori Woodward,icloud.com
ACC898ed2ac5a,2026-01-31,Michael Joyce,outlook.com
ACC31be8f543b,2026-04-18,Hayden Guzman,icloud.com
ACC8544a08d12,2026-02-07,Maurice Davis,gmail.com
ACCd10e6c7731,2026-04-17,Joseph Sparks,outlook.com
ACCe7599555ca,2026-04-06,Rachel Curtis,icloud.com
ACC25fb7462d2,2026-04-18,Kevin Davidson,yahoo.com
ACC1da891186b,2024-10-16,Cassandra Hernandez,gmail.com
ACC4eb10e19b5,2025-04-06,Brandon Howard,gmail.com
ACC0c58341ff9,2024-09-26,Leroy Griffin,icloud.com
ACCcd39ca84a0,2026-07-15,Stanley Cruz,gmail.com
ACC432448fb86,2025-09-28,Hector Dixon,icloud.com
ACCaf2c717eb8,2026-02-24,Jennifer Smith MD,gmail.com
ACC2cc58a4511,2025-08-04,Richard Scott,yahoo.com
ACCd0119d4664,2025-05-08,Derrick Flores,outlook.com
ACC4c93222629,2026-03-22,Juan Ball,yahoo.com
ACC95cff97a3e,2025-11-19,John Haney,outlook.com
ACC15e4586758,2026-04-22,Brittany Hensley,outlook.com
ACC55e5ec03db,2025-11-25,Michelle Hudson,gmail.com
ACCd37567cab0,2025-07-17,Melissa Young,outlook.com
ACC2cf9b44a49,2025-07-24,Jack Smith,gmail.com
ACC49e725423e,2025-02-17,Ronald Baker,icloud.com
ACC102dac1c7a,2025-04-19,Thomas Smith,outlook.com
ACCa782845120,2024-10-21,Tina Jones,yahoo.com
ACC4bb29440f4,2026-06-23,Shane Moran,yahoo.com
ACC98c5640c09,2026-03-13,John Branch,gmail.com
ACC75c16c7d8b,2025-02-22,Miss Alison Moreno,gmail.com
ACC495104e4b1,2026-02-04,Justin Williamson,yahoo.com
ACCa990b27119,2025-12-25,Steven Higgins,icloud.com
ACC4d844ceb8a,2025-10-10,Alan Leonard,gmail.com
ACC8591764c03,2025-01-30,Jocelyn Goodman,icloud.com
ACC4bfa639c99,2026-05-28,Natalie Adams,yahoo.com
ACCc9121398a5,2026-03-21,Susan Reeves,icloud.com
ACC5077180c61,2026-01-25,Andrew Henderson,outlook.com
ACC9eb2512ceb,2025-05-28,Aaron Lester,icloud.com
ACCe376b33bc6,2024-09-18,Kristin Cobb,icloud.com
ACCc1a492d8ef,2025-06-24,Robyn Johnson,icloud.com
ACC2ccc10f564,2026-08-11,Sabrina Perez,gmail.com
ACC2c4498648f,2025-11-06,Olivia Oliver,icloud.com
ACC4f06b937d4,2024-11-02,Aimee Reyes,gmail.com
ACCe4411e782c,2026-02-27,Roger Hansen,yahoo.com
ACCfdc9709d22,2026-04-22,Jodi Harrington,icloud.com
ACCbfac574172,2025-09-22,Logan Espinoza,icloud.com
ACC0a82bd7dda,2026-01-20,Alexander Olsen,gmail.com
ACCacda148a24,2024-12-17,William Castro,icloud.com
ACC438685e2de,2024-09-09,Ashley Evans,icloud.com
ACCe5cc075600,2026-04-08,Kathryn Thompson,gmail.com
ACCe04241650d,2025-01-30,Carlos Fox,outlook.com
ACC3aedfa8ed7,2026-01-16,Stephanie Reed,gmail.com
ACCf9e4c24d4d,2025-06-25,Jason Rangel,yahoo.com
ACC7533ce2ece,2026-05-04,James Lee,icloud.com
ACCe792fa28ee,2026-03-17,Paul Green,yahoo.com
ACC38f8542934,2026-03-24,Brooke Miller,icloud.com
ACC188faaeb80,2025-07-03,Terry Dunn,outlook.com
ACCb73eeb9469,2026-03-25,Anthony Villarreal,yahoo.com
ACCe3a6663d9c,2025-04-29,Brandon Matthews DDS,icloud.com
ACC75ee2031ff,2025-10-17,Brittany Williams,gmail.com
ACCf07ae61255,2026-08-24,Nicole Mayer,yahoo.com
ACC53482a23bb,2025-01-24,Denise Henry,icloud.com
ACCcddbc68fe2,2025-08-04,Crystal Pena,icloud.com
ACC6312423bc2,2025-08-02,Patricia Larson,gmail.com
ACC5fd23a63fc,2024-11-22,Danny Alvarado,outlook.com
ACC0a495e56de,2025-06-05,Gregory Snow,gmail.com
ACC1d69ce8e87,2026-08-14,Justin Robinson,gmail.com
ACC685c1b5264,2025-12-23,Michael Franco,icloud.com
ACC6322667a8b,2024-10-29,Jimmy Wilson,yahoo.com
ACC9634c43561,2025-05-07,Robert Werner,gmail.com
ACC6357365792,2025-09-23,Bradley Combs,yahoo.com
ACC55f5fd395d,2026-08-07,Dana Williams,gmail.com
ACCc3b2b11a63,2026-01-31,Bradley Hood,outlook.com
ACC4fc96db053,2025-07-26,Sara Dixon,icloud.com
ACC21013d6acd,2025-09-17,Brittney Blake,icloud.com
ACCd1d9ddecd7,2025-11-25,William Wright,outlook.com
ACCfe9dcda913,2026-02-19,Christopher Jackson,outlook.com
ACC7ae7e94298,2026-06-21,Danielle Palmer,icloud.com
ACC3a5c85bbf6,2026-03-26,Ms. Sheri Harrington MD,outlook.com
ACC1a0987bc24,2026-07-04,Christopher Galloway,outlook.com
ACC8a1ef0831e,2024-11-03,Gail Jacobs,outlook.com
ACC4c530676c7,2026-07-13,Margaret Ayers,gmail.com
ACCbc4ef8fee3,2024-10-16,David Miller,yahoo.com
ACCab03ba7d4d,2026-05-29,Jonathon Owens,outlook.com
ACC90511d8a39,2025-07-09,Laura Hayes,icloud.com
ACCcd483b96d6,2026-05-07,Stacie Stevens,outlook.com
ACC4d075d436e,2025-12-14,Brenda Snyder,icloud.com
ACC6be51c7921,2025-04-24,Anthony Johnson,yahoo.com
ACCecdf5b57b2,2025-01-26,Alison Davis,gmail.com
ACC263b434525,2025-08-20,Calvin Bryant,gmail.com
ACC23b4795efd,2025-06-20,Anthony Quinn,yahoo.com
ACC887137357f,2025-06-07,Shannon Griffith,icloud.com
ACC7d7862161f,2026-07-12,John Guzman,yahoo.com
ACC00a26585a2,2025-12-14,Daniel Chase,yahoo.com
ACC77c2546456,2026-03-28,Allison Bates,gmail.com
ACCea2bbbf516,2025-06-29,Zachary Allen,icloud.com
ACCf98593b361,2024-12-12,Susan Grant,icloud.com
ACC08311c2a0f,2026-03-06,Matthew Gregory,yahoo.com
ACC5af2ee2c78,2024-09-29,Nicholas Brock,yahoo.com
ACCb6a1e63096,2025-02-15,Christopher Sims,icloud.com
ACCc34caa047e,2025-08-06,Michele Hogan,gmail.com
ACC8cf09d01f3,2025-03-03,Tonya Smith,icloud.com
ACC60a1cdc0f4,2026-04-25,Kathryn Cunningham,outlook.com
ACC48e8800edc,2025-11-25,Sean Myers,gmail.com
ACC064cdcfb51,2025-11-28,Lisa Perez,outlook.com
ACC0c967852b8,2026-02-07,Jennifer Obrien,outlook.com
ACCf0fc417c9f,2026-07-21,Timothy Williams,icloud.com
ACC4d2bc5aaa9,2025-08-31,Janet Chase,yahoo.com
ACCc23a139805,2026-05-28,Michelle Chan,outlook.com
ACC0c194a26a2,2025-10-07,Debra Smith,outlook.com
ACC460da6378e,2025-11-24,Tyler Valenzuela,icloud.com
ACC75ac2f8d45,2026-07-07,Todd Li,icloud.com
ACC1896e1292f,2024-11-20,Ronnie Durham,gmail.com
ACC33b32fe242,2025-12-25,Andrea Blake,outlook.com
ACC89f61fb1f0,2025-03-26,Jason Mcdonald,yahoo.com
ACC52b0681f2d,2024-12-13,Bonnie Caldwell,icloud.com
ACC28a74a37f9,2025-07-20,Christine Robinson,icloud.com
ACC650581eb7f,2025-05-03,James Christensen,outlook.com
ACC0ce0042208,2025-01-04,Charles Lamb,yahoo.com
ACC046d06d99d,2026-06-22,Elizabeth Clark,icloud.com
ACC63bd09f703,2026-03-06,Tracy Hicks,outlook.com
ACC005b8e533d,2026-07-04,Richard Ho,yahoo.com
ACCf9074592d9,2024-12-19,Aaron Fernandez,gmail.com
ACC20f4067319,2024-11-02,Michelle Ball,gmail.com
ACC0638065efa,2024-09-21,Javier Gonzalez,gmail.com
ACC3510a414ed,2026-07-10,John Huang,outlook.com
ACCd26000e14c,2025-07-05,Edward Houston,icloud.com
ACC73fb945a11,2025-03-25,Shelby Norris,icloud.com
ACCab00c47485,2026-05-20,Brenda Brown,icloud.com
ACCb98f7c26ed,2025-03-30,Erica Rodriguez,icloud.com
ACCf2dabc8c76,2024-11-13,Kelly Miller,outlook.com
ACCd6cad4312b,2026-03-02,April Rodriguez,yahoo.com
ACC09c139366a,2025-12-23,Samantha Miller,yahoo.com
ACC8cc32af1e8,2025-07-21,Terry Robles,yahoo.com
ACC616a36ddcf,2024-09-10,Leonard Knight,icloud.com
ACCda0e96875c,2026-01-17,Lee Moore,outlook.com
ACCb13a5d3506,2025-10-01,Autumn Kim,gmail.com
ACCf0d9f79420,2026-05-31,Kevin Hoffman,yahoo.com
ACCa70fc7d47d,2026-01-12,Maurice Gutierrez,outlook.com
ACC8542882f23,2024-11-15,Thomas Matthews,outlook.com
ACC1318b28680,2025-11-12,Richard Davis,outlook.com
ACC0e9b218203,2025-06-05,Melanie Washington,yahoo.com
ACCb2a61d8d04,2025-12-10,Theresa George,gmail.com
ACCfa4b7a6a57,2026-05-07,Nancy Kennedy,yahoo.com
ACCfd42eb4a3a,2026-04-08,Michael Gilmore,yahoo.com
ACCd54d400709,2026-05-28,Michael Murphy,outlook.com
ACCaa4fdbe970,2025-12-05,Jonathan Wise,gmail.com
ACC7fd20a78ce,2025-02-06,Kelsey Cook,gmail.com
ACC8089f4576a,2025-01-01,Albert Cox,icloud.com
ACC25b81edb43,2025-05-01,Brian Sanders,gmail.com
ACCb169ba4c9f,2024-09-01,Louis Hicks,gmail.com
ACC75c6e24b1c,2025-12-29,Erin Green,outlook.com
ACC5d15db57b0,2025-05-22,Mark Carroll,outlook.com
ACC8e09c55515,2025-08-03,Casey Sanford,icloud.com
ACCc7851437a1,2025-01-03,Zachary Romero,icloud.com
ACC50275d90a7,2025-03-19,Billy Wilson,outlook.com
ACC4ee466471d,2025-09-09,Anthony Evans,gmail.com
ACC00ff05b390,2025-11-08,Matthew Smith,icloud.com
ACC390ce44df2,2025-08-18,John Bean,yahoo.com
ACC261ebcfc1e,2026-05-11,Robert Houston,yahoo.com
ACC808ac6c61d,2026-07-06,Megan Ramirez,gmail.com
ACC6874f93661,2026-05-30,Kevin Watson,outlook.com
ACC054740dea9,2026-06-19,Mark Oliver,gmail.com
ACC3f560633d5,2026-07-05,Karen Turner,gmail.com
ACCea9f90a142,2025-06-23,Ashley Hudson,outlook.com
ACC9c6762f655,2024-09-03,Brandy Ward,yahoo.com
ACCa10713c6f3,2024-11-02,Jeffrey Harrington,outlook.com
ACC1b08cda4b1,2024-12-28,Jennifer Williams,outlook.com
ACCe39ced9607,2025-06-06,Theresa Vargas,yahoo.com
ACC68d69588ef,2025-04-08,Dana Arroyo,gmail.com
ACCe7b854b9d1,2025-10-31,David Green,outlook.com
ACC98b26bacbe,2026-02-13,Jason Montgomery,outlook.com
ACC927cbc063b,2025-08-12,Tim Campbell,icloud.com
ACC350af7aa95,2024-09-15,Jerry Simmons,yahoo.com
ACC598ba3fc0b,2025-12-14,Haley Martinez,outlook.com
ACCfcfeacd8f2,2026-05-12,Danielle Hancock,yahoo.com
ACCfa1b4d0423,2026-04-09,Stephanie Sims,yahoo.com
ACC74025ecb90,2026-05-11,Donna Montes,yahoo.com
ACCe564f3e2c1,2025-07-28,Michelle Jackson,gmail.com
ACC3095e85769,2025-10-10,John Odom,outlook.com
ACC5c9d118b11,2026-03-08,Stacey Wilcox,outlook.com
ACC61acf4e628,2026-07-27,Elizabeth Baker,icloud.com
ACC15958092ad,2024-09-19,Rhonda West,outlook.com
ACC7af83c25ee,2025-12-04,Leah Harrison,icloud.com
ACC0492daecda,2025-12-02,Erica May,outlook.com
ACC2451753a31,2026-08-28,Crystal Crawford,icloud.com
ACC38fe904f72,2026-01-14,Lauren James,gmail.com
ACCd0d31e0ed1,2025-09-08,Joe Jenkins,yahoo.com
ACCbf82bbb8f1,2026-02-06,Jasmine Erickson,outlook.com
ACC051a4ba72d,2024-11-30,James Russell,yahoo.com
ACC2cfd56ed1c,2025-09-08,Kathryn Wiggins,icloud.com
ACCe650636c39,2026-07-28,Robert Campbell,outlook.com
ACC2eea8584ab,2025-12-25,Dr. Antonio Greer,yahoo.com
ACCc42fb6a9da,2026-02-02,Jerome Parker,gmail.com
ACC251a3461cf,2025-04-30,Robin Rodriguez,outlook.com
ACC40c0c38db5,2024-10-10,Chris Jenkins,icloud.com
ACCea24057473,2024-11-20,Daniel Nelson,yahoo.com
ACC43d7cc0a29,2024-12-26,Haley Grant,outlook.com
ACC28a1c531ec,2025-06-26,Adrian Davis,icloud.com
ACC158319f015,2026-07-19,Jonathan Galvan,gmail.com
ACCf286e0bbd0,2024-12-11,Thomas Sanders,outlook.com
ACC090471528e,2025-04-12,Terry Black,gmail.com
ACCa7287b689b,2026-03-01,George Cooke,yahoo.com
ACC325b531271,2025-12-31,Tina Chavez,gmail.com
ACCc3c79543b7,2025-06-13,Xavier Figueroa,gmail.com
ACC1101737a7d,2026-04-21,Jill Park,outlook.com
ACCc097bf1ad7,2026-04-20,Jesse Clark,yahoo.com
ACCbc3ed90489,2024-11-22,Cory Sherman,outlook.com
ACC6c64c46833,2025-01-03,Michael Gordon,outlook.com
ACC442be84247,2025-05-04,Edward Norton,gmail.com
ACC6b0fadf24a,2025-01-25,Julie Sanders,yahoo.com
ACCe8eb072b6e,2026-07-04,Tiffany Schwartz,icloud.com
ACCb90ec8e1bf,2025-11-18,Grant Lawson,icloud.com
ACC4313c32a02,2025-02-12,Kimberly Walker,icloud.com
ACC5bcb098572,2024-12-21,Keith Miller,yahoo.com
ACC83ded40794,2025-06-26,Sarah Wheeler,gmail.com
ACCe0712fb328,2026-03-31,William Fields,gmail.com
ACC7f5cfbf134,2025-12-20,David Holland,yahoo.com
ACCd33d44a4db,2026-05-30,Lisa House,gmail.com
ACC70364a2db4,2024-12-24,James Dixon,gmail.com
ACC3dcfd65d37,2026-05-01,Casey Henry,icloud.com
ACC9cf0b6ae63,2025-06-23,Colin Shields,yahoo.com
ACCe146555fb0,2025-03-23,Rebecca Barker,icloud.com
ACC92bb63378a,2025-09-10,Todd Livingston,gmail.com
ACC6b213ec9a2,2026-05-21,Christina Perez MD,gmail.com
ACC9af30c1027,2025-07-18,Brandon Hester,gmail.com
ACC229614bc33,2026-07-07,Alfred Bowen,outlook.com
ACC57c211d393,2025-04-23,Jenny Wood,yahoo.com
ACC921abdd02d,2026-01-30,Darlene Cortez,gmail.com
ACCc424b598b6,2026-03-12,Kim Peterson,yahoo.com
ACC1615bf9a3f,2024-10-08,Janet Hayes,gmail.com
ACC3f59d62fc7,2026-02-07,Susan Collins,yahoo.com
ACC6e0c524765,2025-12-08,Carrie Wheeler,icloud.com
ACCd2bf18b1ef,2024-09-02,Cindy Daniel,outlook.com
ACCebe983c597,2026-08-06,Lisa Clark,yahoo.com
ACC0f54f7be3f,2024-12-27,Mr. Andrew Castro,yahoo.com
ACC429f5a8095,2026-05-04,Melissa Cross,outlook.com
ACC978e56cc5a,2025-02-07,Elizabeth Campbell,outlook.com
ACCc07c2365e3,2026-02-26,Matthew Brown,outlook.com
ACCc7d1576628,2024-11-17,Anne Malone,icloud.com
ACC4ca541f163,2025-06-01,Taylor Reyes,outlook.com
ACC8ad35f6b5b,2025-09-27,Nathan Gillespie,outlook.com
ACCfb393b5340,2025-09-04,Douglas Ballard,outlook.com
ACCde3e3a62a5,2025-06-26,Mackenzie Taylor,gmail.com
ACCc9bff60699,2025-05-24,Jordan Gonzalez,outlook.com
ACC57c9346764,2025-02-17,Bradley Wright,yahoo.com
ACC0169dc51e0,2025-01-24,Mr. Christopher Brown,outlook.com
ACC213d15ca8a,2025-10-09,Stephen Browning,yahoo.com
ACC9086d6ed12,2025-05-08,Brittany Tyler,icloud.com
ACC0aaca83b5a,2025-10-11,William Bailey,gmail.com
ACC8601457704,2025-11-29,Jesus Velasquez,icloud.com
ACC8272c1ae8e,2026-03-14,Katrina Crosby,yahoo.com
ACCb14bfb5487,2025-05-21,Benjamin Goodman,icloud.com
ACC06b3c68573,2025-02-19,Andrew Burns,yahoo.com
ACCaa97591464,2025-05-06,Erica Hill,outlook.com
ACC4a85ee9178,2026-02-07,Michael Hogan III,yahoo.com
ACC071994fe80,2024-11-17,Rhonda Young,yahoo.com
ACC869fa7c1a8,2026-04-18,Whitney Jones,yahoo.com
ACC7ab3147786,2026-03-07,Cassandra Coffey,yahoo.com
ACC67598d26ef,2026-01-09,John Thomas,outlook.com
ACC079c731a49,2026-03-26,Julian Nielsen,outlook.com
ACC20ca2c41ee,2026-05-02,Daniel Wilson,icloud.com
ACCfbe53e7ba3,2026-05-04,Jeffery Wolfe,outlook.com
ACC8294275c01,2024-12-31,Ricardo Peterson,icloud.com
ACC5cffd80bd7,2026-02-13,Mike Moore,gmail.com
ACCb58d2138b5,2026-04-22,Amber Nielsen,icloud.com
ACCc3aba6e8ef,2024-09-02,Anthony Ruiz,outlook.com
ACCa7ded62eff,2026-05-30,Michael Molina,outlook.com
ACC50152cf3e8,2025-12-08,Janet Bean,yahoo.com
ACC31a12901d0,2026-08-06,Brian Gibson,icloud.com
ACC384abb5aaf,2024-11-24,Shaun Rodriguez,gmail.com
ACCef1782e7fd,2025-09-11,Kristin Harvey,gmail.com
ACCb501cc6492,2025-10-16,Amy West,outlook.com
ACCd70cfa0957,2024-09-07,Bradley Curtis,outlook.com
ACC4dec176657,2025-03-26,Jeremy Young,outlook.com
ACCaad6af9563,2024-12-20,Jason Hurley,outlook.com
ACCf71a8a73ab,2025-10-08,Donna Williams,icloud.com
ACCc9952a24dc,2025-06-04,Tonya Wilson,icloud.com
ACC7a4799b4aa,2025-06-04,Monique Holden,outlook.com
ACC8caf0adae0,2025-05-18,Craig Zimmerman,yahoo.com
ACC38088cc53c,2026-03-11,Susan Brock,outlook.com
ACC8f83925977,2026-06-07,Deborah Hernandez,gmail.com
ACCe12611e6cf,2025-03-22,Melissa Jensen,gmail.com
ACC8966deffc1,2024-11-11,Jonathan Bartlett,gmail.com
ACC26c5920998,2026-03-03,Carl Fitzpatrick,outlook.com
ACC946899f53f,2026-01-26,Alexander Scott,gmail.com
ACC255f3f7a6a,2025-04-21,Bruce Watson,yahoo.com
ACC989ec72b66,2026-05-09,Deborah Chandler,gmail.com
ACC29f8868039,2025-02-01,Hailey Mcdaniel,yahoo.com
ACC2f5bd47767,2025-04-28,Michelle Copeland,icloud.com
ACC9dfd56e83e,2024-11-06,Michael Williamson,icloud.com
ACC64ba9b78e4,2025-06-23,Debra Decker,icloud.com
ACCb0b49087bc,2026-04-13,Casey Figueroa,yahoo.com
ACC9ec2f95979,2025-03-05,Samuel Phillips,icloud.com
ACCb356974a44,2024-11-26,Shannon Ruiz,yahoo.com
ACC7a271025c7,2024-10-23,Mr. Ryan Cox,outlook.com
ACC8b1e95bc41,2025-04-28,Kyle Anderson,gmail.com
ACCefd8b0bfd1,2024-12-27,Samuel Navarro,gmail.com
ACCe6ff838706,2024-10-03,Louis Pope,outlook.com
ACCa996582683,2026-05-09,Jimmy Thomas,outlook.com
ACC61740ec23d,2025-08-03,Christian Smith,outlook.com
ACC6744f016ec,2024-09-15,Brendan Watts,icloud.com
ACC448e0fd860,2026-01-04,John Schroeder,yahoo.com
ACCa6eefde64d,2025-05-23,Lindsay Taylor,yahoo.com
ACC82dfbdf80b,2026-05-23,Carly Jensen,yahoo.com
ACCdd4787c730,2025-12-28,Eric Miller,icloud.com
ACC78ac75c763,2026-06-19,Shannon Carrillo,icloud.com
ACC1c3c1c7ac3,2025-09-25,Tina Vaughn,gmail.com
ACC3f65349c36,2025-11-15,Kristen Cruz,icloud.com
ACCcd78e1fc5c,2025-08-05,Annette Johnson,outlook.com
ACC8d34ff6f98,2026-03-25,David Le,icloud.com
ACC02d87ccbeb,2026-07-30,Ruben Ortega,gmail.com
ACC950b77f73b,2026-02-07,Mark Griffin,outlook.com
ACC79ea2b8d85,2025-05-30,David Smith,icloud.com
ACCbb8fc3ce67,2025-10-03,Ariel Cooper,icloud.com
ACCe020a09ca8,2026-04-21,Jason Price,yahoo.com
ACC669d62af06,2025-04-15,Brett Mejia,outlook.com
ACC3f722f810d,2024-10-27,Christopher Williamson,gmail.com
ACC6fa55616ee,2025-10-20,Denise Moore,gmail.com
ACC472a639547,2025-05-08,Xavier Massey,gmail.com
ACC30b37b3e14,2025-02-26,Amanda Roman,yahoo.com
ACC1d3fdb37db,2025-12-18,Wendy York,gmail.com
ACCccea7f7b79,2026-07-20,Shawn Ray,icloud.com
ACCd45b4e76ed,2026-05-06,Michael Nelson,gmail.com
ACCddd66c615b,2025-02-24,Autumn Taylor,gmail.com
ACC4b5d1be679,2026-08-06,Ashley Williams,gmail.com
ACCd2a8cc7939,2025-04-26,Dale Webb,outlook.com
ACCbbe37dbb28,2025-08-07,Evelyn Edwards,gmail.com
ACC01031bd8c9,2026-05-19,Brandon Bryant,yahoo.com
ACCf24df6614b,2024-10-01,Jesus Logan,gmail.com
ACC902b3e9090,2025-10-01,Kathleen Monroe,gmail.com
ACCa04ccc3405,2025-10-27,Jennifer Burton,outlook.com
ACC597628fe3f,2025-08-22,Mr. Cristian Mitchell,outlook.com
ACCd49e19ceca,2025-08-25,Amanda Cunningham,gmail.com
ACCc17f5978e6,2025-08-13,Sandra Robinson,gmail.com
ACC5563c03f21,2026-06-27,Charles Torres,yahoo.com
ACCada0ae68f4,2025-10-11,Tracy Martin,outlook.com
ACC198321f61c,2026-07-09,Ruben Rodriguez,icloud.com
ACCf0e0c040d3,2025-03-06,Christina Johnson,outlook.com
ACC3611a078fd,2025-01-05,Mark Rodriguez,yahoo.com
ACC5e14c6d788,2026-03-05,Stephanie Lowery,yahoo.com
ACC2f82602678,2025-09-25,David Jones,gmail.com
ACC0d8f4e75c8,2026-04-14,Brian Morgan,gmail.com
ACCee3c194715,2026-05-17,Victoria Wolfe,outlook.com
ACC8673476906,2025-04-16,Teresa Powers,outlook.com
ACC5e1f1645df,2024-10-28,John Copeland,outlook.com
ACC5694031163,2024-10-09,Ricardo Hunter,yahoo.com
ACCc93c9e4a11,2025-09-03,Kurt Johnson,icloud.com
ACCe9749c3f88,2026-06-19,Victor Jones,icloud.com
ACCae180d9040,2024-10-22,Heather Allen,icloud.com
ACC05f9fe5301,2024-09-11,Mary Clark,outlook.com
ACCf738f4d178,2025-05-03,Evelyn Gordon,icloud.com
ACCe6402e07ad,2025-09-22,Evan Mueller,outlook.com
ACC6e590d1546,2025-07-31,Leah Butler,gmail.com
ACC9b88e2f564,2025-09-05,Keith Martin,yahoo.com
ACC64aa266a10,2026-04-06,Cindy Bennett,yahoo.com
ACC869e96c84f,2026-03-29,Marcus Rice,gmail.com
ACC83879c03ec,2024-10-27,Mary Gilbert,outlook.com
ACCa00fb41ce1,2026-08-16,Sara Burton,outlook.com
ACC926bf8f4cf,2026-01-07,Aaron Brown,icloud.com
ACCd2f482b956,2024-11-18,Heather Lopez,gmail.com
ACC0ff33e0ccc,2025-05-25,Anthony Alexander,yahoo.com
ACCef8abd5eee,2024-10-08,Amanda Price,outlook.com
ACC2b3e0e86b3,2025-09-08,Taylor Robinson,icloud.com
ACCacb88f6d67,2025-04-05,Jamie Richardson,yahoo.com
ACCfb0ce0db5b,2026-02-03,Dan Taylor,outlook.com
ACC8ae04213db,2025-01-11,Albert Joyce,gmail.com
ACCb83e34fa79,2026-04-22,Amanda Bright,yahoo.com
ACCa384069f35,2025-08-09,Stacy Bell,outlook.com
ACC4d3f499318,2024-12-26,Angela Johnson,yahoo.com
ACCb9fe3c40d6,2025-01-10,Mark Davis,gmail.com
ACC4e246bea2d,2025-12-01,Andrea Lester,icloud.com
ACCc557f7320b,2026-04-07,Danielle Williams,icloud.com
ACC9ee9a79b8d,2025-12-20,Melinda Watson,yahoo.com
ACC48222e425b,2026-02-05,Brianna Perez,icloud.com
ACC0e1ffdcc22,2025-05-07,Natasha Henderson,outlook.com
ACC5dfa0f28a0,2026-04-01,Dillon Simpson,icloud.com
ACC540fb85bb9,2026-02-27,Stacey Kirk,icloud.com
ACC61899e3b04,2024-12-17,Monica Combs,icloud.com
ACC9c79b73e2d,2025-11-09,Luis Lawson,outlook.com
ACC6a601a1f4c,2026-03-21,Mrs. Kelly Pena DDS,outlook.com
ACCeef7b2d334,2025-10-19,Dennis House,outlook.com
ACC52231d0c4b,2025-03-06,Glen Hall,gmail.com
ACC00320b5242,2026-03-08,Nicholas Davis,gmail.com
ACCe90f01ee96,2025-07-04,Thomas Rose,outlook.com
ACCf4ce28d0c0,2025-11-22,Megan Johnson,icloud.com
ACCeb2946321a,2025-09-06,Judy Hoffman,gmail.com
ACC5e99458737,2025-08-18,Jessica Vasquez,icloud.com
ACC0a567f54d5,2025-06-01,Rebecca West,yahoo.com
ACC5d9b1558f4,2025-04-30,Jennifer Mccormick,yahoo.com
ACC0a557db854,2025-10-26,Jamie Elliott,gmail.com
ACC772bf4cd5a,2026-05-22,Kevin Baker,outlook.com
ACC02ef903f7c,2025-02-18,Mary Young,outlook.com
ACCc25c50501e,2026-07-21,Sarah Munoz,outlook.com
ACC46e9af3f16,2026-05-11,Christine Santiago,gmail.com
ACC4ae22d0a4c,2026-02-05,Brandon Smith,outlook.com
ACCbb10632b73,2024-09-25,Phyllis Jensen,icloud.com
ACCe473d5c57f,2025-09-17,Tina Roberson,gmail.com
ACC1c3401f520,2025-07-08,Katherine Glenn,gmail.com
ACC92673c0a57,2026-02-11,Chelsea Kramer,outlook.com
ACC2506acbb8f,2024-10-19,Susan Grant,yahoo.com
ACCe969a15d09,2024-10-27,Angela Schneider,outlook.com
ACCfbf2c85adf,2025-12-26,Debbie Barnes,gmail.com
ACC74623ffb09,2025-11-16,Nathan Lopez,icloud.com
ACCb7f502e308,2025-05-09,Dennis Gonzales,gmail.com
ACC168b914205,2026-03-31,Aaron Clark,icloud.com
ACC9373e5336b,2026-06-03,Tammy Malone,yahoo.com
ACC6af0cf5dd9,2026-08-13,John Evans,gmail.com
ACC3fad813496,2026-02-10,Jessica Miller,outlook.com
ACCb637cb87d9,2026-01-01,Glenn Ayers,yahoo.com
ACC8a09282817,2025-07-07,Karla Fuentes,outlook.com
ACCdac318b9ec,2025-09-04,April Allison,yahoo.com
ACCed3cf8eab0,2026-06-23,Ashley Cross,gmail.com
ACCf835726485,2024-11-24,Patricia Hunter,outlook.com
ACCf311e711ec,2025-08-24,Charles Smith,gmail.com
ACC9247bae8c8,2025-11-21,Christopher Ford,icloud.com
ACC6cff003461,2025-07-25,Steven Austin,gmail.com
ACC0eb0f9b6fc,2024-12-13,Christopher Mitchell,gmail.com
ACC9ced87b74d,2025-12-12,Taylor Bradley,outlook.com
ACC2ae5986c6d,2025-05-10,Debra Vaughn,icloud.com
ACC8571dbcfdc,2024-09-13,Wayne Gonzalez,gmail.com
ACC241c2c5b43,2024-09-09,Justin Pope,icloud.com
ACC74bda15c8a,2024-09-22,Roger Khan,icloud.com
ACC51af37697f,2026-03-22,Michael Wells,gmail.com
ACCbfe3492db6,2025-03-16,Rachel Watkins,icloud.com
ACC4a5c83f7ec,2026-05-04,Lauren Ball,outlook.com
ACC2241cae0f5,2025-03-10,Rebecca George,outlook.com
ACC24e6c81efd,2026-03-24,Kimberly Gibson,icloud.com
ACCbc7679593a,2025-12-06,Jason Martinez,yahoo.com
ACCd52d8c21b8,2025-04-13,Susan Long,icloud.com
ACC2c6c6b9ca1,2025-05-10,Ashley Moore,outlook.com
ACC8cf64d400d,2024-09-23,Jessica Hill,outlook.com
ACCeb7e241d8b,2025-12-19,Susan Wade,gmail.com
ACCda7bfbe83a,2024-12-05,Leroy Miller,gmail.com
ACC4c14859982,2026-07-23,James Bailey,gmail.com
ACCc20cc5f97d,2024-10-24,Dale Gould DDS,outlook.com
ACC1f116ad30e,2026-06-12,Cheryl Miller,yahoo.com
ACCa0af56052d,2024-10-09,Christine Hampton,yahoo.com
ACCf1c2c2c201,2024-09-29,Isabel Reed,outlook.com
ACCd6e39f8a83,2025-11-09,Dylan Davis MD,yahoo.com
ACC0ba5f2b77d,2025-11-18,Courtney Baker DDS,gmail.com
ACCbfcc6d3237,2025-09-09,Terry Wilson,yahoo.com
ACC9b01d5e905,2025-12-02,Sean Simmons,yahoo.com
ACC401a5111c3,2025-11-06,Cesar Morrow,gmail.com
ACCfac125baa0,2025-01-16,Samantha Clark,icloud.com
ACC74f16a1b6a,2026-02-03,Tiffany Hoffman,icloud.com
ACCbf96efe4f0,2026-05-27,Katie Pineda,yahoo.com
ACCbe6f58c9b5,2025-07-03,Shannon Rodriguez,outlook.com
ACCd7cc07c279,2025-06-30,Regina Riddle,icloud.com
ACC868b1383dd,2025-07-14,Brian Alvarez,yahoo.com
ACC2961fb9bdb,2024-09-25,Tony Paul,gmail.com
ACCede0ab6e8f,2024-12-29,Jessica Clark,gmail.com
ACC49c63d3772,2024-09-17,Cynthia Fisher,yahoo.com
ACC7d5eb98056,2025-06-11,Cody Anthony,yahoo.com
ACCacaca6c748,2025-01-05,Janet Gonzalez,icloud.com
ACCb6238fe557,2026-01-28,Nicole Robinson,gmail.com
ACC2caf4c86ed,2024-12-28,Kim Schaefer,icloud.com
ACCb1252eab40,2026-01-04,Amy Lewis,outlook.com
ACCf4b1a7c2c4,2024-12-16,Barbara Barajas,gmail.com
ACC852b547639,2025-01-06,Paige Walker,outlook.com
ACC0052142f0f,2025-02-03,Amber Hooper,icloud.com
ACCa00bcc1a53,2025-08-08,Juan Keith,icloud.com
ACC8eb195a441,2025-01-15,Gregory Benton,yahoo.com
ACC33145800ca,2025-10-29,Laura Aguilar,gmail.com
ACC759c332185,2026-06-22,Alicia Daugherty,yahoo.com
ACCcbeec5774b,2025-07-16,Diana Wall,icloud.com
ACCd25a9ba285,2025-08-26,Willie Sexton,outlook.com
ACC02d2cdf61b,2026-07-03,Michael Garcia,outlook.com
ACC847ce7a0f7,2026-03-06,Laurie Ferguson,icloud.com
ACC847986e641,2026-06-25,Todd Dalton,yahoo.com
ACC3f204fd16a,2025-12-04,Rachel Neal,outlook.com
ACC059c486b1b,2026-03-24,Rickey Sullivan,gmail.com
ACC42d15e9b37,2025-09-15,Crystal Collier,yahoo.com
ACCded9f71e24,2025-09-27,Michael Maxwell,outlook.com
ACC05fb65559f,2024-09-20,Victoria Owens,outlook.com
ACC5e8bdd8d2e,2026-04-23,Taylor Barber,outlook.com
ACCebc3975702,2026-02-03,Erin Adams PhD,outlook.com
ACCb6aa6ead1e,2026-06-30,Reginald Anderson,outlook.com
ACC1f8c3253dc,2025-02-10,Michael Ortiz,yahoo.com
ACC6ee0478fb2,2025-10-21,Eric Cox Jr.,yahoo.com
ACC2a120ac510,2025-02-06,Brian Meyer,icloud.com
ACCe12033d0dd,2026-06-14,Melissa Dudley,yahoo.com
ACC23096cb2b5,2025-02-16,Sydney Edwards,gmail.com
ACC737150d740,2025-05-06,Matthew Thornton,gmail.com
ACC22023c40a9,2026-07-11,Melissa Cordova,yahoo.com
ACC7c0da1f4ac,2025-05-17,Michael Brewer,outlook.com
ACCd0c3712190,2025-06-21,Meghan Wilson,outlook.com
ACC1467c4ec5f,2024-11-04,Jeffrey Bryant,icloud.com
ACCb316d72d01,2026-01-09,Kevin Paul,icloud.com
ACCb5f25eb8e9,2025-10-27,Brittney Torres,outlook.com
ACCff17cbc09a,2024-09-04,Lindsay Zhang,gmail.com
ACCa3affd6b2a,2024-10-28,Jessica Warner,gmail.com
ACCfee10aefa0,2025-03-04,Nicolas Bailey,outlook.com
ACC8bcf9a3c69,2025-01-16,Shawna Guerrero,gmail.com
ACC0e5fb845cd,2026-05-11,Robin Patterson,outlook.com
ACCb247ac22df,2025-09-26,Donna Wyatt,outlook.com
ACCccb2de9b8f,2025-12-23,Ellen Maddox,gmail.com
ACC6ee13237a4,2026-06-21,George Martinez,outlook.com
ACC0b1244a01e,2024-10-30,Christopher Santiago,icloud.com
ACCc7672591f0,2026-05-01,Bryan Lewis,icloud.com
ACCbaba30f95d,2026-08-14,Erin Collins,gmail.com
ACCb9f059393b,2026-07-25,Bianca Kent,icloud.com
ACC008bbd6cf2,2026-08-03,Connie Carlson,yahoo.com
ACC8e5db77449,2026-04-04,Jamie Singh,outlook.com
ACC2068928d80,2025-04-07,Elizabeth Mendoza,gmail.com
ACC3f72f10ea5,2026-05-08,Valerie Lewis,icloud.com
ACC1ab5e50036,2024-12-26,Dr. Rodney Mcclure,outlook.com
ACC98040dd288,2026-04-03,Nichole Parker,yahoo.com
ACC9e5169d0fe,2025-02-26,Patricia Lewis,yahoo.com
ACC6ad2d9fc6f,2026-06-21,Adrienne Kelley,yahoo.com
ACC5fbd7442c5,2026-01-22,Kelly Nunez,gmail.com
ACC28a100de16,2026-08-05,Brooke Smith,gmail.com
ACCc683256213,2026-08-29,Chris Hoffman,yahoo.com
ACCd1fe15276c,2026-02-06,Lynn Holland,gmail.com
ACC30028536f6,2025-09-11,Connie Mendoza MD,outlook.com
ACCd8748803c8,2025-09-09,Daniel Yang,gmail.com
ACC7925e802ce,2026-06-08,Adam Strong,outlook.com
ACCf4f8f91327,2024-10-30,Lindsay Moore DDS,yahoo.com
ACC9414c121aa,2026-06-21,Daniel Flores,yahoo.com
ACC835742ad6e,2026-05-24,Terri Martinez,outlook.com
ACC51909f8bba,2026-02-04,Jeffrey Brennan,icloud.com
ACCd417c15d12,2025-09-19,Alejandro Erickson,icloud.com
ACC487e33c395,2025-10-31,Samantha Cole,yahoo.com
ACC6e41e2b3cc,2026-05-01,Robert Robinson,icloud.com
ACCaf091391f3,2026-03-22,Kristin Bridges,icloud.com
ACCbbe69a6b70,2025-12-11,Ryan Snyder,outlook.com
ACC11c18de139,2025-09-30,Phillip Garza,gmail.com
ACCbd1ac49286,2026-02-12,Crystal Davis,icloud.com
ACC9a3dac1add,2025-07-17,Carlos Nguyen,outlook.com
ACC14a8194894,2025-08-12,Alexander Brown,icloud.com
ACC89a3a01655,2025-08-09,Mariah Hamilton,outlook.com
ACC25517ae011,2025-11-12,Joshua Marshall,gmail.com
ACC1466a0e369,2025-01-07,David Steele,gmail.com
ACC20fa3db16d,2026-02-18,Ashley Ray,yahoo.com
ACC6580f46087,2026-01-27,Derrick Francis,yahoo.com
ACC80263ccedc,2026-02-20,Christina Oconnor,outlook.com
ACC2e1fffbbf7,2024-09-26,Sandra Reid,outlook.com
ACCc9d9527796,2025-01-10,Janet Weber,gmail.com
ACC46cb38dedf,2026-01-11,Jennifer Guzman,outlook.com
ACC4b67f107b0,2026-03-12,Sabrina Sullivan,outlook.com
ACC61dd1e369b,2025-02-14,Logan Harrison,outlook.com
ACC0847bc546c,2024-09-14,Timothy Hamilton,outlook.com
ACC8b01044032,2026-07-13,Ryan Gonzalez,yahoo.com
ACC11e7b6ef90,2025-06-11,Richard Church,outlook.com
ACCe9fab7afef,2026-05-31,Elizabeth Powell,yahoo.com
ACCf08b139703,2024-10-24,Mary Hopkins,icloud.com
ACC456729cbb1,2025-11-19,Michele Perez,gmail.com
ACC0042b66716,2026-03-08,Ellen Case,outlook.com
ACCc0a60160d6,2026-04-24,Jasmine Washington,outlook.com
ACCdb7539f297,2024-11-12,Meredith Simmons,gmail.com
ACC1df52ee6ca,2026-01-12,Monica Perez,outlook.com
ACC1a2da2f037,2026-04-18,Nathan Fuentes,yahoo.com
ACC3c18ed27ad,2024-10-06,Paul Hinton,gmail.com
ACCbb9613d159,2024-12-27,Vanessa Mccoy,icloud.com
ACCcfcc5656d4,2024-11-30,Robert Davis,outlook.com
ACC2ee430c585,2026-04-11,Lisa Smith,outlook.com
ACCe15e0266ef,2025-01-26,Christine Moore,icloud.com
ACC2a5737679a,2025-01-10,Deborah Taylor,icloud.com
ACC544bd017ce,2025-11-12,James Gibson,yahoo.com
ACC34c74c88a5,2026-01-17,Sharon Keller,gmail.com
ACC41b2a33335,2026-07-21,Antonio Hunter,outlook.com
ACCe898f20735,2026-08-27,Marie Pope,outlook.com
ACC8ccc76f9c7,2026-05-27,Stephen Gutierrez,icloud.com
ACCfa874d2421,2026-03-11,Bryan Marshall DDS,icloud.com
ACC6572cd6cce,2026-08-21,Sonia Williams,outlook.com
ACC4272aed644,2026-01-09,Morgan Bradley MD,gmail.com
ACC36fd2db4c1,2025-09-20,Alicia Herrera,outlook.com
ACC10b0c5c58a,2025-07-18,David Cook,yahoo.com
ACC9ca3d0c810,2026-04-18,Rebecca Nichols,gmail.com
ACC1214b482b0,2025-06-04,Karla Lopez,outlook.com
ACCd3eec4f3fc,2025-05-21,Melissa Martinez,gmail.com
ACCeec90f4dcd,2024-11-16,Michael Brown,gmail.com
ACCda9ed95b68,2025-03-17,Jacob Suarez,yahoo.com
ACC0fd31a27a6,2026-06-21,Steven Skinner,outlook.com
ACC685264a10e,2025-04-26,James Graham,icloud.com
ACCe83884f07f,2025-08-12,Brian Goodwin,icloud.com
ACC79c4a0ae8d,2024-10-18,Travis Martinez,yahoo.com
ACC4a20b0c3a0,2025-06-05,Christopher Wells,icloud.com
ACC045bde9ba6,2025-07-31,Elizabeth Bryant,yahoo.com
ACC47c28a7c4d,2025-09-04,Jenny Thomas,icloud.com
ACC22124fb3a6,2026-07-13,Hayley Rodriguez,yahoo.com
ACC90bbabe20f,2025-03-05,Shannon Sims,gmail.com
ACCc0bfb130bc,2026-08-24,Tara Wallace,yahoo.com
ACCfa4994b5d5,2025-03-31,Michael Marshall,outlook.com
ACC55a034dbfe,2025-12-20,Emily Duran,gmail.com
ACC1d26401c8b,2025-07-08,Jackson Evans,yahoo.com
ACCcf9989c49d,2025-08-30,Lisa Henderson,yahoo.com
ACCb3b450201a,2025-06-08,Ralph Brown,icloud.com
ACCc4dcf9e2ed,2025-04-27,Melissa Jackson,outlook.com
ACCbd15fc2519,2025-03-16,Emily Martin,outlook.com
ACC5ef558e28d,2026-02-24,Eric Bates,gmail.com
ACCa5a159365a,2025-08-23,James White,outlook.com
ACC8955ac511e,2025-02-13,Donald Jackson,icloud.com
ACCd332d24c6c,2025-02-26,Amanda Thomas,yahoo.com
ACCcaf6b86c9b,2024-09-24,Jordan Price,yahoo.com
ACC9a5176ab17,2026-05-15,Kurt Gould,yahoo.com
ACC2d328b9906,2026-07-12,Jordan Watts,gmail.com
ACC49b1d1a248,2025-08-01,Courtney Johnson,outlook.com
ACC1843be45e4,2025-04-12,Kayla Perez,icloud.com
ACC93686e815a,2025-10-11,Megan Jennings,outlook.com
ACC1c24befc8b,2025-12-22,Jeffrey Reynolds,gmail.com
ACCcd962a7da4,2024-10-03,Stacy Hubbard,outlook.com
ACC7ac52f694c,2025-08-02,Colleen Kelly,outlook.com
ACC9737410282,2025-06-10,Alexandra Lopez,yahoo.com
ACC22bf0a24b1,2026-02-28,Melanie Carney,outlook.com
ACC799f94231d,2025-05-04,Manuel Jackson,yahoo.com
ACCfe94df32f5,2024-12-23,Kevin Hoffman,yahoo.com
ACC086d13e19d,2026-06-21,Donald Henry DDS,yahoo.com
ACCc9b7bb5d1d,2026-06-05,Diane Anderson,outlook.com
ACC05dcf9c444,2025-08-13,Elizabeth Cunningham,icloud.com
ACC1d3ff871b7,2025-02-02,Taylor Shah,outlook.com
ACCc617299cf4,2025-03-22,Karen Gregory,yahoo.com
ACC4ab85d0925,2024-10-02,Anna Howard,icloud.com
ACC54e0c721e5,2026-01-08,Jennifer James,gmail.com
ACCe9b86478e6,2025-08-31,Rachael Obrien,yahoo.com
ACC778de201a6,2025-04-14,Stephanie Heath,yahoo.com
ACCc04b7edf77,2025-12-10,Brandon Watts,outlook.com
ACC296f0511ab,2026-06-24,Stephen Torres,yahoo.com
ACC5b09a7dd9d,2025-03-25,Kaitlyn Valenzuela,gmail.com
ACC3c2507f383,2025-07-31,Ryan King,icloud.com
ACC10f5ebd477,2026-04-29,Sherry Wilkerson DVM,icloud.com
ACCfc6957a4b1,2026-08-24,Anthony English,yahoo.com
ACC40b5992fb0,2026-01-07,Katherine Norton,yahoo.com
ACC40af5c9029,2025-08-20,Aaron Donaldson,outlook.com
ACC30ff67c7e4,2026-04-10,Kristina Foster PhD,gmail.com
ACCfe9dea54cd,2025-07-21,Jennifer Chung,outlook.com
ACC5ccac7d2d2,2026-05-25,Kevin Flores,outlook.com
ACC0aa3d94a75,2026-02-02,Laura Taylor,icloud.com
ACCb3acd583eb,2025-07-13,Karla Merritt,outlook.com
ACC952bb4308a,2025-07-01,Tonya Foster,yahoo.com
ACC0a0e7158f3,2026-04-30,Anthony Liu,gmail.com
ACCaf8f967386,2024-11-20,Matthew Wells,gmail.com
ACC8b4d3bea1d,2025-01-07,Dennis Jennings,icloud.com
ACCc4cd80286b,2025-01-29,Amy Griffin,icloud.com
ACC9407552e0a,2025-06-16,Jasmine Holloway,gmail.com
ACC796607b090,2026-01-29,Natalie Donovan,icloud.com
ACC211c2eb773,2025-06-26,Mr. Allen Gonzalez,gmail.com
ACCb5b09030ec,2026-05-22,Melissa Davis,icloud.com
ACC1b816e8abe,2025-09-03,Daniel Johnson MD,yahoo.com
ACCe9d77563cc,2026-02-01,Patrick Newman,icloud.com
ACC620db11b10,2026-08-13,Tina Carter,icloud.com
ACCb028b0ad80,2025-08-03,Curtis Reilly,outlook.com
ACCa736dab05c,2025-08-31,Shane White,yahoo.com
ACC3e625cfa9d,2025-07-03,John Jackson II,yahoo.com
ACC45866dae3c,2026-08-23,Rodney Valdez,yahoo.com
ACC987a8073b8,2025-07-07,Steven Brown,yahoo.com
ACC4c6258299e,2026-01-10,Paul Khan,icloud.com
ACCfa56e74948,2025-05-06,Andrew Reed,gmail.com
ACC5da72f6abf,2025-04-05,Samuel Anderson,gmail.com
ACC3b0b521fcb,2026-03-18,Veronica Day,outlook.com
ACC1b5e4afb74,2025-12-13,Crystal Miller,gmail.com
ACC795de3c31a,2025-08-02,Mary Snyder,outlook.com
ACC557be8fb66,2026-03-14,Vanessa Lewis,icloud.com
ACC179e407ff7,2025-07-17,Robert Torres,icloud.com
ACC574ed94c34,2026-06-03,Rose Roberts,gmail.com
ACC8805655975,2025-10-15,Darrell Murphy,gmail.com
ACCd56da06a2e,2026-08-09,Sheila Martinez,gmail.com
ACC8159df6e23,2025-02-04,Mark Simon,yahoo.com
ACCe0e8cae229,2025-08-17,Sergio Landry,yahoo.com
ACC4a6adb604f,2026-04-08,Brandon Snyder,outlook.com
ACCa91203b762,2026-03-17,Steven Thompson,outlook.com
ACC98b67e7efd,2026-08-24,Nicole Graham,gmail.com
ACCfa24057b9b,2026-01-24,Douglas Trujillo,gmail.com
ACCbfbaa5e241,2024-12-11,Christy Rodriguez,icloud.com
ACC01aec2c8a1,2025-09-05,Kristin Jimenez,gmail.com
ACCea28f4023b,2026-04-09,Larry Rodriguez,outlook.com
ACCc57217cff2,2025-11-26,Denise Lee,outlook.com
ACCaf597da3d7,2025-10-15,Julie Norman,yahoo.com
ACCb7e31be920,2025-03-12,Gary Chambers,gmail.com
ACCc925035823,2025-06-11,Lawrence Anderson,yahoo.com
ACC26acc1cbb6,2025-02-16,Sarah Reed,yahoo.com
ACCed17ca49b3,2025-05-09,Diana Robertson,outlook.com
ACC7c294027e8,2026-01-03,Andrew Townsend,icloud.com
ACCaea83e56ee,2025-06-13,Alex Burns,icloud.com
ACCb78b8cfad4,2024-12-13,Melissa Gibbs,icloud.com
ACC5a47fae90a,2025-07-07,Michael Dominguez,yahoo.com
ACCbaa5774a90,2026-07-05,Kelsey Taylor,yahoo.com
ACC5ffd1bb71c,2025-06-29,Matthew Hobbs,outlook.com
ACC25021d981c,2025-09-20,Karen Perry,icloud.com
ACC4da3f59d86,2026-02-01,Christina Sexton,gmail.com
ACC41d1559c0f,2026-02-28,Tricia West,gmail.com
ACC5742f850b3,2025-05-23,James Wilson,outlook.com
ACCc4200eeb4d,2026-04-04,Valerie Smith MD,icloud.com
ACC5397ac2d2e,2026-05-06,Megan Wolfe,yahoo.com
ACCe08a88547c,2024-10-16,Donald Camacho,yahoo.com
ACC781516e9af,2024-10-07,Benjamin Smith,outlook.com
ACC77d6d08e51,2025-12-18,Jeremiah Baker,yahoo.com
ACC427d81f988,2025-01-12,Edward Conley,icloud.com
ACCacfa7f0bfe,2025-01-25,Justin Hall,yahoo.com
ACC4a9381d413,2025-09-22,Mrs. Heather Banks,gmail.com
ACCe3223e24e5,2025-05-14,Michael Greer,icloud.com
ACC8dbc6ff8f2,2025-12-23,Felicia Savage,icloud.com
ACCfaacdfe17b,2025-08-02,Tiffany Delacruz,yahoo.com
ACC9c5a12f1be,2025-08-20,Katie Nichols,outlook.com
ACC3f84f4056f,2024-09-05,Jacob Johnson,icloud.com
ACC7f9e6f4344,2024-09-07,Alexandra Hicks,icloud.com
ACCfa395b0f61,2025-06-03,Carol Bell,gmail.com
ACC872ffef756,2026-01-07,Taylor Lambert,icloud.com
ACC5457b89773,2025-10-14,Chad Vasquez,icloud.com
ACCce5b64acc7,2025-08-22,Hannah Perez,outlook.com
ACCde31018ecc,2025-09-27,Evan Kerr,yahoo.com
ACC66d094a3ac,2025-11-25,Michael Mcdonald,outlook.com
ACC74a81d4aab,2024-12-13,Tammy Olson,yahoo.com
ACC3e6e8df50e,2026-01-07,John Spencer,gmail.com
ACCba0c3ed651,2025-02-24,Brian Miles,gmail.com
ACCb38db27c9d,2024-10-17,Jeremy Long,outlook.com
ACC62162bf015,2025-11-01,Johnny Martin,gmail.com
ACCd1131fe09c,2026-01-07,Susan Adams,yahoo.com
ACCdcd4db3a3b,2025-05-09,Jocelyn Pearson,gmail.com
ACCa3ceccace8,2025-06-13,John Wright,icloud.com
ACC576f9916fa,2025-09-16,Diana Santana,gmail.com
ACC6eb8892f9f,2025-11-15,Tiffany Hale,yahoo.com
ACC6d5cc8db68,2025-04-28,Joseph Parrish,icloud.com
ACC16443dcb00,2025-11-02,Andres Cummings,outlook.com
ACC69318aa15c,2025-11-09,Kim Fernandez,outlook.com
ACCa048951598,2024-11-18,Heather Carroll,gmail.com
ACCe0a08eb6b8,2025-09-09,Gregory Williams,yahoo.com
ACC91e5f30f2c,2026-03-23,Sean Leblanc,gmail.com
ACC381ecc361b,2025-07-14,John Morales,outlook.com
ACC767ad406a0,2025-04-16,Wendy Walters,yahoo.com
ACC8550688b6f,2025-06-11,Brittany Scott,yahoo.com
ACC33705c68a3,2025-08-03,Paul Kim,gmail.com
ACC36bdd0d4f5,2025-09-17,Ralph Camacho,icloud.com
ACCcef9f7518c,2024-12-01,Jonathan Jones,icloud.com
ACCb89d4cdd70,2026-07-19,Michael Phillips,yahoo.com
ACC9ba309bd3e,2025-07-08,Erika Yates,yahoo.com
ACC3c96ad8670,2025-01-15,Eric Chandler,icloud.com
ACC10085ac455,2026-05-03,Donald Green,icloud.com
ACCf2838a9c70,2026-05-09,Bailey Cobb MD,outlook.com
ACCc907b746db,2026-02-19,Jessica Mcbride,yahoo.com
ACC0ddeb9a4e4,2025-12-20,Dennis Moreno,outlook.com
ACC6efbb13dc9,2025-12-05,John Costa,icloud.com
ACCf8967504f8,2024-10-17,Adam Barton,gmail.com
ACCba45203e87,2026-08-28,Tamara Martinez,icloud.com
ACC70846cd198,2024-11-09,Jared Fuller,gmail.com
ACC19409049a8,2025-01-30,Darin Hodges,gmail.com
ACCc7012c17a5,2025-04-16,Jasmine Kane,gmail.com
ACC5aa806b8dd,2025-04-20,Savannah Mills,gmail.com
ACCac14c9e7ef,2025-04-14,Kyle Contreras,icloud.com
ACC58eb067047,2026-05-07,Sheri Collins,outlook.com
ACCf55bfb0762,2025-10-24,Katherine Medina,yahoo.com
ACCf6c64b3ac6,2025-03-27,Greg Smith,gmail.com
ACC4fdaff1897,2025-09-16,Crystal May,gmail.com
ACC36b2d0e87c,2026-06-03,Heidi Anderson,icloud.com
ACCaf01295c7d,2025-10-17,Nina Diaz,yahoo.com
ACCf5766ff4e5,2025-04-28,Nancy Johnson,gmail.com
ACCa28312ad9b,2026-01-20,Julie Black,gmail.com
ACC19fe543b83,2026-02-09,Stacey Franco,icloud.com
ACCf7788a72c3,2026-03-06,Samantha Stone,gmail.com
ACCcbe2d425d4,2026-02-12,Kimberly Wagner,icloud.com
ACC5455ae5329,2026-06-29,Dr. Glenn Small DDS,icloud.com
ACCe7553154bc,2026-05-28,Erica Richards,gmail.com
ACCd3f1fd68e9,2026-04-05,Kenneth Fields,yahoo.com
ACC7e742d1642,2025-07-29,Renee Chapman,outlook.com
ACC6fdb55f37a,2024-11-15,Jacqueline Acosta,gmail.com
ACCff34b74f06,2025-05-17,Matthew Payne,yahoo.com
ACCc9c48f9685,2025-04-23,Lisa Baker,gmail.com
ACC77ac29dc1f,2026-03-19,Amber Walls,outlook.com
ACCe5e1c24119,2025-10-19,Ryan Davis,outlook.com
ACC270c5dd519,2026-07-06,Darius Jones,yahoo.com
ACC7a815861d5,2026-08-19,John Armstrong,gmail.com
ACCe98df2a274,2025-07-23,Christopher Austin,outlook.com
ACC232a1028fa,2026-03-10,Kathryn Quinn,icloud.com
ACCba2042cade,2025-12-21,Douglas Quinn,yahoo.com
ACC66a44e8ff3,2025-09-13,Mark Cherry,yahoo.com
ACCf65ddc151d,2025-03-24,Jessica Wilson,icloud.com
ACC626584021f,2026-01-27,Nicholas Rodriguez,gmail.com
ACCc95115e7b0,2026-02-12,Mark Bird,outlook.com
ACC062b3de106,2025-07-19,Gloria Garcia,icloud.com
ACCfe97b2bf4e,2025-02-03,Michele Reyes,yahoo.com
ACC0a623fed7c,2025-09-18,William Jones,gmail.com
ACC560b2e67b9,2024-10-22,William White,gmail.com
ACC4a99c0b05d,2026-04-15,Krystal Santiago,icloud.com
ACC9ac19fa369,2026-04-13,Anne Hogan,outlook.com
ACCd27fcbb2ed,2024-12-24,Christopher Dodson,outlook.com
ACC077b6487da,2025-11-10,Rebecca Paul,icloud.com
ACC94629739a4,2026-07-22,Clarence Burnett,icloud.com
ACC552baf3fff,2026-04-05,Natalie Smith,gmail.com
ACCd5b4040a7d,2024-12-23,Yolanda Nelson MD,yahoo.com
ACC2dbe7f3334,2024-10-10,Ryan Reed,icloud.com
ACCb6004a21bb,2025-08-02,Lori Parker,icloud.com
ACC0af0fccc5d,2025-12-14,Alexis Cruz,icloud.com
ACC676bd5d73b,2026-08-26,Jacqueline Sanders,yahoo.com
ACCfa616e5a9b,2026-02-16,Julia Aguirre,yahoo.com
ACCb3654c6916,2025-06-24,Rebecca Lewis,icloud.com
ACCb098d58cfc,2025-03-01,Terry Hoffman,outlook.com
ACC32d7408fc5,2026-06-25,Trevor Carlson,yahoo.com
ACC06da6c005c,2025-11-29,Jeremy Burton,icloud.com
ACC59c1ae3093,2025-05-14,Larry Charles,outlook.com
ACC29aee82784,2025-05-10,Gerald Allen,icloud.com
ACCb1b6b21758,2025-08-22,Christy Hill,outlook.com
ACCc241957f72,2025-11-09,Wanda Warner,outlook.com
ACC0020847c99,2025-10-12,Melissa Garner,icloud.com
ACC129aa41b52,2026-06-29,Kimberly Griffin,icloud.com
ACC28e9a57641,2025-12-05,Heather Sheppard,yahoo.com
ACC6c7b9eef96,2025-12-23,Luis Adams,outlook.com
ACC192e543ca0,2026-01-17,Tammy Terrell,yahoo.com
ACCc762eeecb4,2025-12-09,Brian Hill,outlook.com
ACCa1fe8efb14,2026-07-18,Robert Adams,gmail.com
ACC3d931910a9,2025-01-16,Heather Banks,icloud.com
ACC4136add2e0,2025-07-01,Deanna Allen,icloud.com
ACC006d62b53f,2024-11-29,Robert Gibbs,outlook.com
ACC1766d094ea,2026-04-26,Richard Dalton,gmail.com
ACCdb23958c9a,2026-03-14,Adam Duncan,yahoo.com
ACC148d23ec79,2025-06-17,Jennifer Wells,outlook.com
ACC74709ab56b,2026-05-04,Mr. Jose Mejia,gmail.com
ACCe4d5119a07,2026-05-20,Tracy Alvarado,gmail.com
ACC378c2ec982,2026-07-07,Douglas Gonzalez,gmail.com
ACC5df3b6d70f,2025-08-19,Sarah Harris,outlook.com
ACC3750bf2ad8,2025-03-16,Matthew Osborne,outlook.com
ACCf54af7c9f9,2025-09-18,Rebecca Carr,icloud.com
ACC6550950af7,2025-03-26,Kenneth Chan,outlook.com
ACCd8e538a305,2025-03-14,Brian Gomez,yahoo.com
ACC86efb36ae7,2025-01-04,Donald Chavez,yahoo.com
ACC480efe18a2,2024-12-08,Julie Johnson,yahoo.com
ACC0a304818a0,2026-08-01,James Dean,gmail.com
ACC6a1b97487f,2024-10-16,Ronald Garcia,yahoo.com
ACC16675902ed,2026-04-30,Elizabeth Cummings,outlook.com
ACC12639d0026,2025-08-17,Rebecca Johnson,outlook.com
ACC266ab0f196,2026-03-07,Maurice Conner,gmail.com
ACCac4c7a97b2,2026-01-21,Beverly Anderson,icloud.com
ACCdfcce78ac1,2025-04-06,Michael Gonzales,gmail.com
ACC864a946660,2024-09-08,Brenda Prince,outlook.com
ACCb2b88fdef7,2025-10-26,Tina Jenkins,gmail.com
ACCc867ba13b7,2024-10-15,Jeanne Abbott,outlook.com
ACC867ff0f123,2025-07-19,Walter Hill,yahoo.com
ACC60649d760a,2024-12-03,Brian Morris,outlook.com
ACCc11509feb2,2024-12-26,Eric Cannon,gmail.com
ACC20019ab9ba,2025-09-07,Adam Smith,gmail.com
ACC3982e74fdf,2026-08-16,Hannah Roberts,outlook.com
ACCf149f84bf4,2025-07-06,Shannon Hanson,outlook.com
ACCbcd87f474c,2024-11-26,Eric Morrison,icloud.com
ACC48607fee87,2025-01-07,Lisa Thomas,icloud.com
ACC3e08769c82,2026-01-07,Jeffrey Love,icloud.com
ACCa623b3d623,2024-10-04,Emily Moore,icloud.com
ACC7eb73166c8,2025-12-13,Anthony Sheppard,outlook.com
ACC474d22c4a7,2026-01-15,Rachael Martinez,yahoo.com
ACC952baf7e35,2025-01-07,Linda Smith,yahoo.com
ACC0cf5d1e599,2025-01-22,Christina Hull,yahoo.com
ACC7e0a4adb78,2025-06-25,Mercedes Jones,yahoo.com
ACC6e62232f49,2025-11-25,Jenna Stevenson,outlook.com
ACC29ae9fbe18,2025-04-13,Dennis Keller,yahoo.com
ACCdd800d691d,2024-12-02,Todd Daniel,outlook.com
ACCa976f10ecb,2024-12-03,Casey Ruiz,gmail.com
ACC78ff98f365,2026-08-24,Nichole Brewer,icloud.com
ACCfef9fd409a,2025-08-11,Catherine Vance,gmail.com
ACC01c52159aa,2025-06-21,Richard Frank,icloud.com
ACCdb1d7c84b9,2026-01-13,Thomas Benitez,outlook.com
ACCb2d7fff4c8,2026-02-27,Brett Webster,icloud.com
ACCcb8e7b7b33,2024-12-07,Troy Harris,icloud.com
ACC7c4e9e1919,2025-08-25,Richard Williams,outlook.com
ACC712d9cb7e5,2026-04-18,Caroline Nielsen,outlook.com
ACCe52efe5764,2025-01-11,Julia Turner,yahoo.com
ACC1a3ce07c26,2026-05-29,Robert Mack,outlook.com
ACC414fa82af5,2025-07-30,Jennifer Strickland,icloud.com
ACCaf32f5d550,2026-06-29,David Thomas,icloud.com
ACC0ef584a5f3,2026-07-22,Joseph Christensen,gmail.com
ACCc2d0ae62c9,2024-12-25,Dillon Anderson,icloud.com
ACCc4727efafd,2025-01-03,Michael Jacobson,gmail.com
ACCb8d85070d1,2026-05-31,Shannon Sanchez,gmail.com
ACCec66158830,2026-03-17,Ronald Conner,gmail.com
ACC218080e4e3,2025-08-29,Lisa Williamson,icloud.com
ACC2651e19718,2025-10-20,Tammy Allen,yahoo.com
ACC6242e17f55,2024-10-28,Jeremy Burke,yahoo.com
ACCfdd74dc18f,2026-02-13,Marie Jackson,gmail.com
ACCfa6f7669ff,2026-02-25,Margaret Mcclure,icloud.com
ACC511e129c16,2025-10-02,Autumn Adams,yahoo.com
ACCfafdeeffc5,2025-07-11,Jason Crosby,outlook.com
ACCe8a0d8d315,2024-09-28,Casey May,yahoo.com
ACCf27865d4fb,2025-04-14,Lydia Hodge,yahoo.com
ACC9069b377ec,2025-06-18,Crystal Leonard,gmail.com
ACC2706b8d85d,2026-03-15,Kristen Everett,gmail.com
ACC9e572cfb85,2025-06-16,Kim Kim,outlook.com
ACC89ed32d5e8,2024-10-06,Benjamin Cruz,icloud.com
ACC3083b51877,2026-07-24,Krista Davies,outlook.com
ACC8e0cae71f0,2024-09-12,Christopher Neal,icloud.com
ACC067c21a081,2026-02-20,Virginia Silva,outlook.com
ACC834a6dfd2c,2025-02-04,Nicholas Guzman,icloud.com
ACCb9f56f3307,2026-07-05,Anthony Diaz,yahoo.com
ACCbb04c54857,2026-04-12,Elizabeth Beck,yahoo.com
ACCcbf99152b3,2024-10-05,Ashlee Mason,outlook.com
ACC50bbbc4adf,2026-05-08,Richard Mckee,gmail.com
ACC4c1ed1cd04,2024-11-03,Jessica Harrison,outlook.com
ACCc3738fd00c,2026-04-03,David Wilson,outlook.com
ACCabf1a47acc,2024-10-09,Mrs. Nicole Roberts,yahoo.com
ACC5528257931,2025-08-16,Jason Kelly,outlook.com
ACCf72aabde45,2026-04-03,Lauren Wu MD,icloud.com
ACC72320da7a7,2025-08-09,Ms. Rebecca Jackson,gmail.com
ACC5b40214194,2025-08-12,Charlotte Patterson,outlook.com
ACC6c2833be80,2025-02-14,Robert Curry,icloud.com
ACC70c1681541,2025-11-26,Scott Todd,gmail.com
ACC791f965308,2026-06-30,Shaun Orozco,outlook.com
ACC6ff98f9537,2025-01-31,Dr. Joseph Ball,gmail.com
ACC0498020067,2025-10-11,Jeffrey Anderson,yahoo.com
ACC449e2b761b,2025-05-20,Patrick Woods,gmail.com
ACCa7d62192f8,2024-09-08,Morgan Parks,outlook.com
ACCc8c382ecc9,2025-02-14,Benjamin White,icloud.com
ACC83a90b3780,2025-12-26,Melissa Michael,outlook.com
ACCf7206f64eb,2025-09-08,Deborah Willis,yahoo.com
ACC9283a1fa92,2024-11-24,Anna Richards,gmail.com
ACCb6faaaf57f,2024-10-10,Matthew Chung,outlook.com
ACC19b0bffaad,2025-05-18,Justin Gray,yahoo.com
ACCa9765fdaf5,2026-04-14,Paul Foster,icloud.com
ACCbfe1d4a343,2024-09-11,Crystal Farrell,yahoo.com
ACC3c70e936f6,2025-08-13,Michele Ramirez,yahoo.com
ACCbba85d86c4,2026-04-11,David Klein,gmail.com
ACC79f0dbc3c5,2025-06-03,Sean Morse,icloud.com
ACCc84cad8a56,2026-07-21,Shannon Torres,yahoo.com
ACC86fb362166,2024-09-28,Mr. Steven Martin,yahoo.com
ACC0809c664e5,2025-05-12,Carolyn Gibson,outlook.com
ACCc198622960,2025-07-07,Wendy Summers,outlook.com
ACC516184385b,2026-07-31,Andrea Beltran,outlook.com
ACC29352ac733,2024-09-12,Leslie Wright,outlook.com
ACC6e60a86e5a,2026-05-23,Shelley Brown,gmail.com
ACCdf6399abcb,2025-11-30,Shannon Smith,icloud.com
ACC1756e3d3c9,2025-12-11,Sara Weaver DDS,outlook.com
ACCac5ae705c3,2026-05-01,Christina Thompson,yahoo.com
ACC8b9889711a,2025-02-21,Alexis Humphrey,outlook.com
ACCc7465453cb,2025-01-31,Wayne Carter,yahoo.com
ACC8fb0230262,2026-06-13,Charles Ray,yahoo.com
ACC1bfa60c097,2026-07-24,Mrs. Rhonda Estrada,gmail.com
ACCe906db3e36,2025-10-22,Megan Gomez,gmail.com
ACC2bc25d70ca,2025-12-24,Rachel Smith,outlook.com
ACC0b285e0f1c,2024-12-05,Sharon Waters,outlook.com
ACCeba89d40c0,2026-01-11,Denise Potter,yahoo.com
ACCb0ff4691d0,2026-05-09,Daniel Coleman,outlook.com
ACC57e46de43b,2026-04-24,Elizabeth Bennett,icloud.com
ACC095768163b,2026-05-08,Kathy Hunt,icloud.com
ACCc4a28b62fe,2025-03-03,Daniel Brown,icloud.com
ACC4a699f509e,2024-12-01,Justin Hurley,gmail.com
ACC074cca2c3a,2026-08-20,Darren Wade,yahoo.com
ACC0994d018df,2025-04-16,Matthew Pennington,outlook.com
ACCa6f9a7398c,2024-12-23,William Evans,icloud.com
ACCbeed116320,2026-01-16,John Taylor,icloud.com
ACCc6694a8e2a,2025-03-05,Thomas Gallagher,icloud.com
ACC0901d55b02,2024-10-17,William Best,gmail.com
ACC4b83a430ab,2025-10-08,Dana Horne,yahoo.com
ACC786bf8edd5,2025-11-17,Christopher Brewer,outlook.com
ACC95b094834c,2026-04-19,Jenny Stephens,icloud.com
ACCfd797d032e,2025-09-27,Karen Gibson,icloud.com
ACC8e53dc7cb7,2025-01-09,Kathleen Dickerson,icloud.com
ACC6afb132310,2024-11-06,Michelle Smith,outlook.com
ACC3ceffcde0f,2025-03-27,David Webb,outlook.com
ACCc5e293e50c,2026-04-19,Destiny Smith,icloud.com
ACC3d0be1f3cd,2024-12-16,Eric Johnson,yahoo.com
ACC498da5e6b5,2026-07-29,Jennifer Escobar,outlook.com
ACC89930c9380,2026-03-05,James Moore,yahoo.com
ACCe63281ada2,2025-03-09,Matthew David,gmail.com
ACC2c29f52913,2025-09-26,Eric Fisher,gmail.com
ACCbecd755af1,2024-11-14,Sue Watson,gmail.com
ACCf0d02ee6b8,2026-05-30,Robin Espinoza,gmail.com
ACCbf91d4bb23,2025-06-10,Jennifer Thompson,gmail.com
ACC5d17000e03,2025-05-12,Christopher Marks,icloud.com
ACCee1585865c,2025-01-04,Alvin Wilson,outlook.com
ACC4dd41f5d94,2025-10-09,Calvin Campos,outlook.com
ACC6cbceaa54d,2025-03-25,Sandra Michael,yahoo.com
ACC4752a6b7cc,2024-10-21,Julie Scott,gmail.com
ACC15f4ee91de,2025-02-17,Valerie Forbes,icloud.com
ACCd2909ef16b,2024-10-22,Kurt Ramirez,icloud.com
ACCff85efbbec,2025-11-27,Joseph Escobar,outlook.com
ACC23aa9751ff,2026-01-23,Kelly Jimenez,gmail.com
ACC4f6bcd590d,2026-02-28,Kristin Evans,gmail.com
ACC3dff3b1647,2026-01-06,Amber Mcclure,outlook.com
ACCa02ca52e78,2024-11-20,Gary Hahn,icloud.com
ACCf24d89ad56,2026-03-25,Alicia Stone,icloud.com
ACCe19a76bc68,2025-03-17,Stephen Flores DDS,yahoo.com
ACCfe38a4584c,2024-11-10,Frederick Ferguson,outlook.com
ACCbbbaa808e9,2025-06-04,Kyle Murphy,icloud.com
ACC49d6587ae1,2025-04-02,Melissa Lee,gmail.com
ACC7713016586,2025-03-29,Joseph Wise,icloud.com
ACCc3a0a75a27,2025-08-05,Rebecca Cox,gmail.com
ACC0b86baed9a,2025-11-02,Brett Carlson,outlook.com
ACCc79f261468,2025-08-01,Joshua Armstrong,gmail.com
ACCba03e210f9,2025-10-10,Linda Johnson,outlook.com
ACC3a0b9ed504,2024-09-15,Brittany Montoya,gmail.com
ACCb2605dc18f,2026-06-08,Lisa Rojas,outlook.com
ACCa1ac3d92f1,2026-04-19,James West,outlook.com
ACCc284c60619,2026-04-02,Joshua Miller,gmail.com
ACC079449bee4,2026-01-31,Lindsay Green,yahoo.com
ACC0f9a8f526e,2024-10-02,Jeffrey Shea,icloud.com
ACC9a6bd785ed,2026-03-22,Michael Miles,yahoo.com
ACCdbbd8c72e1,2024-09-21,Christopher Parker,gmail.com
ACCcaa198231c,2024-10-30,Michael Smith,gmail.com
ACC1731c7c414,2025-05-31,Justin Holloway,gmail.com
ACC5112955726,2025-06-14,Alexandria Boyd,outlook.com
ACC58d4ccbd20,2024-11-21,Jennifer Bush,gmail.com
ACC940478974d,2025-03-20,Richard Smith,gmail.com
ACC413fda9d95,2024-09-07,Megan Steele,gmail.com
ACC311d8f9063,2024-11-01,Nicole Carter,icloud.com
ACCb4f49969f9,2024-09-21,James Alexander,outlook.com
ACC1c2c24b969,2026-01-01,Chad Gibson,icloud.com
ACC156354046f,2024-10-18,Shane Cook,yahoo.com
ACCe800709e58,2025-01-23,James Galvan,gmail.com
ACC873c7cce4b,2025-01-22,Crystal Stokes,icloud.com
ACC0e2ac838e4,2024-11-15,John Adams,outlook.com
ACC9e4db86859,2026-06-07,Jacqueline Potter,yahoo.com
ACC09e5b57a59,2025-10-29,Benjamin Dunn,yahoo.com
ACC000cb35b49,2025-08-20,Robin Diaz,outlook.com
ACC59582c7c33,2024-11-29,Lacey Vasquez,yahoo.com
ACC7d00cb4faf,2025-04-16,Danielle Smith,icloud.com
ACC50903dc9a6,2026-06-30,Melissa Wolf,gmail.com
ACC36a1049be7,2025-06-18,Frank Davenport,yahoo.com
ACC556e12625e,2025-10-03,Desiree Hill,gmail.com
ACC88ce114fe1,2025-05-13,Kevin Little,gmail.com
ACCc71d7e0b7a,2026-01-11,Corey Parker Jr.,gmail.com
ACCfc855091fd,2025-10-30,Andrew Turner,icloud.com
ACC1cff063cc3,2025-07-24,Alan Young,outlook.com
ACC0299ce5886,2026-05-15,Danny Hall,icloud.com
ACC9cf1831391,2026-05-15,David Rhodes,yahoo.com
ACCe5a3ef708c,2025-06-14,Shane Coleman,yahoo.com
ACCd5ca888f04,2026-02-16,Steven Peters,icloud.com
ACCb86c9ba7dd,2025-02-08,Melissa Miller,gmail.com
ACC26d204b4c3,2026-03-03,Aaron Evans,icloud.com
ACC62d9d30208,2026-02-04,Emma Mitchell,icloud.com
ACC0720d08a0a,2025-11-01,Jared Figueroa,outlook.com
ACC61d74057c0,2025-06-23,Paula Grant,icloud.com
ACCfcb2f97e24,2025-11-23,Steven Tanner,outlook.com
ACCff87b25adb,2025-09-01,Sarah Miller,gmail.com
ACCbf8fb94368,2025-03-10,Rebecca Waller,outlook.com
ACCcc3bb63cee,2026-03-13,Samantha Tran,icloud.com
ACCe9876c7cad,2026-04-11,Bryce Miller,gmail.com
ACC87ad33beec,2026-01-18,Dr. Anthony Brown IV,gmail.com
ACC50a95509d1,2026-01-15,George Young,yahoo.com
ACC147b30da5d,2024-12-07,Dawn Kelly,icloud.com
ACCf3e0412bd0,2025-02-24,Jerry Miles,gmail.com
ACC3d298ed2f0,2026-04-01,Matthew Franklin,yahoo.com
ACCce3030dc69,2025-08-18,Jack Mason,outlook.com
ACCae29b3be3b,2026-04-16,George Johnson,gmail.com
ACCe3078b3424,2026-02-17,Debbie Mcgee,outlook.com
ACC7a60b016d5,2026-05-31,Dr. Hannah Anderson,yahoo.com
ACC074a4638e7,2026-07-17,Tanya Faulkner,icloud.com
ACCd03cc74162,2025-07-06,James Jimenez,yahoo.com
ACC46316f79b0,2026-02-24,Lisa Soto,gmail.com
ACC20b4f1a8d4,2025-01-06,Todd Hart,gmail.com
ACC33481f7fdc,2024-12-17,Nicholas Harris,gmail.com
ACCb011c9220b,2025-03-25,Edward Gonzalez,icloud.com
ACC0ca757bb7e,2024-12-06,Christina Harvey,icloud.com
ACCb3e7791ed0,2026-02-08,Robert Guerrero,icloud.com
ACCd89e0e4d24,2026-01-17,Stephen Joseph,gmail.com
ACCf290749902,2024-11-26,Adrian Powell,outlook.com
ACCc2f37254b5,2024-10-03,Tricia Fisher,outlook.com
ACC3b9360ae25,2025-03-05,Daniel Fields,outlook.com
ACCe0cf75ccb2,2026-01-28,Derek Hatfield,gmail.com
ACC793246a1e4,2026-01-14,Rebecca Mcdonald,yahoo.com
ACC0ff537045a,2026-06-11,James Cantrell,yahoo.com
ACC88b7c0e95a,2026-06-25,Adam Garcia,yahoo.com
ACC1911a4e5b8,2025-09-14,Christopher King,gmail.com
ACC688119bd06,2026-04-13,Kevin Conley,icloud.com
ACCa6f5524c50,2024-09-18,William Davis,gmail.com
ACCa692aad4ae,2026-07-12,Travis Fields,outlook.com
ACC2941f405dc,2026-01-19,Brenda Young,yahoo.com
ACC3c70df24ba,2026-02-14,Stephen Adams,yahoo.com
ACCd7d85a1a6a,2024-11-09,Lisa Webster,outlook.com
ACC31f72e04c8,2025-03-23,Connor Robinson,yahoo.com
ACC4403253945,2026-03-23,Frank Gomez,icloud.com
ACCd9d814e3c6,2025-10-11,Seth Smith,yahoo.com
ACC774e647a4f,2024-12-25,Miranda Hall,icloud.com
ACC18cef42c36,2025-12-08,Joshua Lee,yahoo.com
ACCc99aa7b1fc,2025-08-15,Mitchell Reynolds,outlook.com
ACC5b50190ca2,2026-06-17,Travis Jordan,gmail.com
ACCc575081b13,2026-04-22,Ryan Edwards,outlook.com
ACCf6926e3411,2024-10-07,Daniel Henry,outlook.com
ACCc83c67fdc9,2026-07-11,Vickie Williams,icloud.com
ACC6167a62a84,2026-01-05,Earl Gibson,icloud.com
ACC6e5b3d215d,2025-03-03,Stephanie Nelson,yahoo.com
ACC0b71f6534b,2025-04-27,Danielle Martinez,icloud.com
ACCc6c3f00564,2026-01-29,Melissa Thompson,gmail.com
ACCef6dbe0a48,2025-12-28,Ellen Hernandez,yahoo.com
ACCf31b6fe36f,2025-02-02,Laura Thomas,icloud.com
ACC7534772a61,2026-03-28,Monica Sanchez,yahoo.com
ACC373af729c6,2025-04-22,Kimberly Espinoza,outlook.com
ACCe9e311ddfc,2025-02-23,David Stevens,outlook.com
ACCcd32dda09a,2024-10-23,Brittany Gibson,yahoo.com
ACC064003777d,2024-11-13,Brenda Richmond,yahoo.com
ACCabb2701534,2024-10-28,Derrick Jenkins,outlook.com
ACCc43b17820c,2025-12-13,Stephanie Gutierrez,yahoo.com
ACC3b252104a0,2025-08-31,Terry Cantrell,yahoo.com
ACCa0959574e8,2024-12-18,Candice Dennis,gmail.com
ACC01e9e94e3c,2025-10-13,Karen Jones,icloud.com
ACC2b1adea0ce,2025-08-30,Jesse Dixon,outlook.com
ACC9b2b815710,2026-03-09,Brett Lopez,outlook.com
ACC102aa81c76,2025-03-04,Jessica Jones,outlook.com
ACCb1f47a3ef0,2025-03-14,Dr. April Lyons,gmail.com
ACCdae443a352,2026-07-26,Mitchell Baxter,icloud.com
ACC9b8b49b07a,2025-02-14,Erin Williams,yahoo.com
ACCcd40974b7e,2025-11-12,Mr. Michael White,yahoo.com
ACCc5c5001baa,2025-04-11,Paula Chavez,gmail.com
ACCff6d28eca2,2024-11-13,Kristin Smith,outlook.com
ACCba73ae2c0f,2025-09-19,Kim Hernandez,icloud.com
ACCb8d627e35e,2025-06-14,Dr. Rebecca Leonard,yahoo.com
ACCddf557a8b5,2024-09-25,Kristen Maxwell,outlook.com
ACCc7a0820c27,2026-08-21,Hannah Henderson,yahoo.com
ACCe511577431,2025-10-13,Christopher Ray,gmail.com
ACCacc23927fc,2025-10-06,Joseph Le,outlook.com
ACC5fca93cac6,2026-08-01,Hector Ayers,icloud.com
ACC3aaa679f05,2025-11-11,Zachary Williams,icloud.com
ACCda89a83819,2024-10-23,Joseph Rocha,yahoo.com
ACC3e016efc69,2026-03-27,Brittany Ryan,yahoo.com
ACCb2a23c5c27,2025-09-04,Trevor Moss,yahoo.com
ACC227a575c70,2026-04-25,Craig Flowers,gmail.com
ACCd6f639d53a,2025-10-31,Ashley Tanner,icloud.com
ACC66fe43e80e,2026-01-23,James Davis DDS,icloud.com
ACCf1be3f36d3,2025-02-18,Leah Schmidt,yahoo.com
ACCff14e3f918,2025-01-18,Lynn Miller,outlook.com
ACC430dcc8516,2025-08-02,Laura Lam,yahoo.com
ACC4ab18d9ce0,2026-04-15,Susan Conner,gmail.com
ACC8d03af23a4,2026-02-22,Steven Alvarez,gmail.com
ACC9b1b006e33,2026-01-01,Kaitlin Pena,yahoo.com
ACC1f98a90300,2025-12-03,Carolyn Sims,yahoo.com
ACCec1d11c5e4,2025-09-12,Jose Wilson,gmail.com
ACCe025d2352f,2026-08-25,Courtney Dalton,yahoo.com
ACC8675430a09,2024-11-03,Thomas Pitts,yahoo.com
ACC51ecdff072,2025-10-25,Darren Cline,gmail.com
ACC7b3ce598c1,2026-05-30,Meghan Miller,yahoo.com
ACCb9828c7cc0,2025-07-15,Stephanie Harvey,gmail.com
ACC2f76ef9398,2025-08-08,Victoria Nash,yahoo.com
ACCc923a84577,2024-12-20,Jonathan Levine,yahoo.com
ACC5655b2705f,2025-06-13,William Edwards,yahoo.com
ACCbe02779c9f,2025-01-06,Daisy Campos,outlook.com
ACC3a2dedd6b3,2026-06-25,Eric Sanchez,icloud.com
ACC4a62a91848,2026-01-14,Ann Ingram,yahoo.com
ACCe4c78f959a,2024-09-13,Jeremy Roy,yahoo.com
ACC4be2c72d98,2025-08-31,Gene Ryan,outlook.com
ACC358daf6cdd,2025-03-03,Stephanie Walter,icloud.com
ACCd68930a45a,2025-03-30,Mr. Eric Hunt Jr.,icloud.com
ACC8ba3a57a5c,2025-11-09,Christine Cook DDS,yahoo.com
ACCe98c7f5c54,2025-06-24,Mary Fleming,outlook.com
ACC2fd0ee4ccb,2025-06-03,Krystal Castillo,gmail.com
ACCb6c124ed3d,2026-01-01,Desiree Caldwell,yahoo.com
ACCccfe8527f2,2025-01-04,Justin Kelly,yahoo.com
ACC4c5d82c2dc,2025-11-26,Jo Allen,yahoo.com
ACC17623682a5,2025-07-15,Robert Green,icloud.com
ACC7c950f8d75,2025-10-22,Ms. Amanda Vasquez,gmail.com
ACCc46af09ad6,2024-11-12,Ronald Alvarez,outlook.com
ACCb8d9eed411,2025-08-31,Emily Johnston,icloud.com
ACC98b5e89c8f,2024-12-22,James Mcbride,outlook.com
ACC78c6292144,2024-12-24,Tamara Black,icloud.com
ACC739fb5b1f4,2025-04-06,Theresa Rhodes,yahoo.com
ACC6a7c0b2bb6,2026-03-02,Laura Morton,gmail.com
ACCdb2e3b87c1,2025-01-25,Samantha Lucas,yahoo.com
ACC1e5d54dc2d,2026-04-08,Jeanette Haynes,icloud.com
ACCa0b98ff26f,2025-06-10,James Williams,yahoo.com
ACC4a16026262,2024-12-04,Kyle Davis,yahoo.com
ACCa0ecc46d5c,2025-11-22,Charlotte Scott,icloud.com
ACC3acfb19131,2024-09-25,Tyler Miller,outlook.com
ACC71f9608266,2024-11-17,Albert Foley,yahoo.com
ACC3c7569111b,2026-05-23,Danielle Juarez,icloud.com
ACCa3519298aa,2025-02-22,Todd White,gmail.com
ACC539ca564f0,2026-01-17,Justin Hurst,yahoo.com
ACC99656b1b84,2024-10-31,Joseph Barrett,yahoo.com
ACCe3b16c96d5,2025-01-31,Tamara Conley,outlook.com
ACC3734944795,2026-04-21,Stephen Howard,yahoo.com
ACC8cb3cb341e,2026-05-28,Amy Cooper,outlook.com
ACC4928650a3d,2026-01-03,Hannah Beasley,icloud.com
ACC84bc81e14b,2024-09-10,Ashley Brooks,gmail.com
ACC4288282d33,2025-12-25,Brian Ingram,icloud.com
ACC617ad8261b,2026-04-23,Jason Rose,gmail.com
ACCc007c61d5d,2026-08-06,Brandon Thompson,yahoo.com
ACC06e7c7e4d6,2026-03-16,Daniel Franklin,outlook.com
ACC0c180767df,2025-10-08,Brian Hutchinson,gmail.com
ACC010881c981,2025-08-17,Keith Davis,yahoo.com
ACC022da0220f,2026-07-09,Pamela Carter,yahoo.com
ACCd62b000719,2025-09-15,Erin Flynn,yahoo.com
ACC06afd1df00,2026-04-01,Ashley Taylor,icloud.com
ACCc66e6ec501,2025-01-03,Madison Cline,gmail.com
ACC1602288b4e,2026-01-31,Richard Martinez,gmail.com
ACC138d39ffb0,2025-06-15,Austin Jimenez,outlook.com
ACC9e4de26728,2024-09-29,David Duncan,yahoo.com
ACCa08cdc877b,2025-04-16,Heather Mendoza,yahoo.com
ACC541d7a2a00,2025-08-21,Erik Cook,gmail.com
ACCce2aafc570,2026-07-23,Stacy Powell,yahoo.com
ACCc2ad634472,2026-01-28,Ronald Gallegos,icloud.com
ACC29fcb4f418,2025-07-12,Patrick Wood,gmail.com
ACC7a3661af74,2024-09-12,Sarah Richardson,yahoo.com
ACC043649358c,2024-09-21,Mr. Lawrence Ross,yahoo.com
ACC362e9ae1b4,2025-06-11,Ashley Avila,yahoo.com
ACCbd8ca75f0c,2025-07-17,Carl Smith,outlook.com
ACC4e1d881a1e,2024-10-15,John Edwards,icloud.com
ACC89765c0759,2025-07-26,Jerome Callahan,outlook.com
ACC03d15c99b7,2025-02-15,Lisa Hicks,gmail.com
ACCac2e911c73,2026-05-14,Robert Wade,gmail.com
ACC58f31ff6b3,2025-02-24,James Ayala,gmail.com
ACC05bd7093e7,2026-04-10,Cynthia Norman,gmail.com
ACC3aef43e0f8,2025-11-30,Charles Jones,icloud.com
ACCdd42871010,2024-11-05,John Brown,icloud.com
ACC26254315c1,2026-06-14,Marcus Le,yahoo.com
ACCe3de0481ce,2024-09-24,Tara Barnes,icloud.com
ACCe652e656d9,2024-11-30,Dr. Linda Herrera DDS,gmail.com
ACCc5ff23993e,2025-09-04,Edward Yates,icloud.com
ACC6f0310ef9c,2026-05-02,Rebecca Campbell,gmail.com
ACCd3664b20da,2026-02-06,Heidi Crane,icloud.com
ACC647d537dc8,2024-11-28,Sandra Jimenez,gmail.com
ACCec60297337,2025-04-09,Nicole Mcdaniel,gmail.com
ACC667fb4a2ec,2024-10-30,Lisa Carney,icloud.com
ACC245d894404,2026-03-03,Andrea Lopez,gmail.com
ACCd023338757,2025-01-04,Kathleen Arnold,icloud.com
ACCf9fe2c0fe7,2025-08-26,Jonathan Nolan,yahoo.com
ACC6fc700b905,2025-09-21,Rodney Scott,gmail.com
ACCd11964f19d,2026-02-19,Margaret Martinez,yahoo.com
ACC77b38f9d7e,2025-09-26,David Roberts,gmail.com
ACC952cdb8fac,2024-12-30,Breanna Phillips,yahoo.com
ACCf16656a104,2025-03-16,Michael Boone MD,icloud.com
ACCef5705b48f,2024-09-06,David Castillo,outlook.com
ACCc3a4c07a07,2026-08-30,Jaime Brown,yahoo.com
ACCb146b8d2f3,2025-03-03,Lindsay Sims,icloud.com
ACCd9fdffe138,2025-07-24,Brandi Keller,outlook.com
ACC37c18f15f7,2026-07-25,Jeffrey Moyer,yahoo.com
ACC23107417bd,2026-07-06,Tiffany Hatfield,outlook.com
ACC0c26a27584,2026-04-27,Faith Humphrey,gmail.com
ACC891eb062c1,2024-11-07,Nancy Hall,yahoo.com
ACC41cb0f68d7,2025-03-27,Nicole Nelson,icloud.com
ACC029b3cbe82,2026-06-13,Jackie Mcfarland,yahoo.com
ACC3d855f256c,2025-06-11,Ashley Henderson,gmail.com
ACC1341cf3fcf,2025-09-01,Melinda Smith,icloud.com
ACC602dc17225,2024-09-03,Mary Potter,outlook.com
ACCb83e7727c9,2026-01-02,Henry Hendricks,gmail.com
ACC32048b5c30,2025-10-27,Richard Moore,icloud.com
ACCa308f246cb,2024-09-17,Adrian Harris,outlook.com
ACC7cfe345526,2026-05-23,Garrett Shaw,gmail.com
ACC69c54936f1,2026-07-24,Sarah Perez,yahoo.com
ACCf22953d64e,2025-02-12,Kathryn Scott,icloud.com
ACC311a6e84b6,2025-06-12,Christopher Nelson,yahoo.com
ACC46957b5a3b,2025-12-23,Timothy Coleman,outlook.com
ACCa6472856a6,2025-03-07,William Watkins,icloud.com
ACC63e42558ba,2025-01-09,Brianna Hess,outlook.com
ACC22f832ced1,2025-07-14,Jennifer Rogers,yahoo.com
ACCcb3084a03c,2025-03-27,Jennifer Cooper,outlook.com
ACCb1f47620a9,2024-12-17,Karen Martinez,yahoo.com
ACC828d0bb64b,2026-01-25,Christine Sharp,outlook.com
ACCf3b09328de,2024-10-21,Julia Ellis,outlook.com
ACCe9ccbe5638,2025-03-15,Mr. Collin Brown,outlook.com
ACCb0d078da71,2025-09-15,Hayley Scott,gmail.com
ACCb89f69a2e9,2026-05-14,Curtis Lloyd,outlook.com
ACCcdfa246b72,2025-12-05,Ronald Miller,gmail.com
ACC25aa0db3dc,2025-04-02,Anna Hamilton,gmail.com
ACC9a966396bc,2025-08-09,Amanda Dickson,gmail.com
ACC8c4f43b400,2025-05-27,David Wright,outlook.com
ACCdc01bb1bd7,2025-05-10,Albert Shaw,gmail.com
ACC037886ceea,2026-05-01,Ashley Zuniga,gmail.com
ACC3a438119c6,2025-02-13,Destiny Warren,gmail.com
ACC8df22d415e,2025-01-16,Elizabeth Fisher,yahoo.com
ACC7bfc219122,2025-05-10,Jeff Weiss,icloud.com
ACC3a41a5a2f7,2025-06-30,Jason Mcintosh,outlook.com
ACC8f674dd917,2026-01-14,Stephanie Perry,gmail.com
ACC5994815c32,2025-11-19,Philip Schroeder DDS,outlook.com
ACC032d0f4b03,2025-06-29,Jason Nixon,gmail.com
ACC6987967564,2025-10-22,Brandon Smith,gmail.com
ACC78d2f5a48e,2025-05-15,Elizabeth Meadows,icloud.com
ACCb41136daf2,2025-06-23,Anna Wilson,outlook.com
ACC177e2235bd,2024-09-21,Tina Torres,gmail.com
ACC75ed780f04,2024-09-29,Lydia Cooke,yahoo.com
ACC99ebec8fcb,2025-10-19,Lauren Smith,gmail.com
ACCc6f3c86e90,2024-12-21,Nathan Pollard,outlook.com
ACC377e21e795,2026-07-26,Angela Moore,icloud.com
ACCbdf52bb9da,2024-11-27,Kevin Campbell,yahoo.com
ACC4a90e4987a,2025-05-03,Bryan Hodges,outlook.com
ACC1c40685bd1,2026-04-01,Emily Davis,icloud.com
ACCb6c77fd253,2025-10-24,Zachary Acosta,yahoo.com
ACCb683789be6,2025-07-02,Susan Bailey,gmail.com
ACC51b46bd896,2026-05-19,Gary Anderson,gmail.com
ACCf026d1874a,2024-12-29,Jamie Lucas,yahoo.com
ACCe3fb0cef48,2026-03-01,Tara Jackson,icloud.com
ACC490df95b5a,2026-07-12,Sandra Gilbert,gmail.com
ACCa70edf90df,2025-11-11,Amber Johnson,gmail.com
ACC8728433a0a,2026-05-31,Jennifer Johnston,gmail.com
ACC92e019354c,2026-07-22,Kevin Miranda,icloud.com
ACC6707d68fe1,2025-12-15,Johnathan Reeves,icloud.com
ACC05b4f249aa,2025-09-20,Sarah Ryan,gmail.com
ACC5a57eb6deb,2026-05-21,Timothy Baker,gmail.com
ACC93b34c6acf,2026-01-19,Tonya Day,icloud.com
ACCa6500aa691,2026-08-26,Kevin Lee,gmail.com
ACC1ace478e1e,2025-03-28,Allen Winters,icloud.com
ACC4a07fb6e1c,2026-05-24,Ronald Adams,yahoo.com
ACC4db71c42c3,2025-11-14,Sandra Vasquez,gmail.com
ACC5dc382aedc,2026-06-19,Sheryl Williams,outlook.com
ACC162faecdd7,2025-04-17,Tina Roberts,outlook.com
ACC753a04f128,2025-10-24,Dustin Davis,gmail.com
ACC1188bfe7b4,2024-11-14,Johnny Mack,outlook.com
ACC00662b6357,2026-01-20,Matthew Johnson,gmail.com
ACCa45d35393c,2025-05-23,Christine Bailey,gmail.com
ACCf41bc83e0e,2025-12-21,Aaron Clark,outlook.com
ACC2cbdbfe51d,2026-01-19,Ashley Smith,yahoo.com
ACC4e2cc60180,2025-11-15,Teresa Miller,icloud.com
ACC5bc9acc231,2024-10-15,Nicole Robinson,yahoo.com
ACCc7e3a3a1c3,2025-01-01,Jennifer Roach,yahoo.com
ACC54586562ba,2026-08-17,Patrick Evans,gmail.com
ACCe3a8a0d0eb,2026-03-08,Stephanie Rodriguez,yahoo.com
ACCb3c7a5d3be,2026-06-05,John Todd,outlook.com
ACC1042f9a087,2025-11-26,Timothy Kim,icloud.com
ACC32808ff1e1,2026-01-04,Eric Perry,outlook.com
ACC86b094ff7e,2024-09-13,Donna Bates,outlook.com
ACC9e4b7b0e3b,2026-07-01,Timothy Copeland,outlook.com
ACC85581fb3fe,2025-06-06,James Roberts,gmail.com
ACCf582a1da88,2025-07-30,Frank Harmon,icloud.com
ACCf3e164d219,2026-03-25,Gabriel Mccarthy,icloud.com
ACC3829856eb6,2025-03-05,Claudia Shepard,icloud.com
ACCb18dc31514,2026-07-02,Daniel Nichols,yahoo.com
ACCbbc5037eb2,2025-04-09,Eddie Nunez,outlook.com
ACC56167c14e3,2025-10-12,Kayla Ibarra,icloud.com
ACC5db16827fc,2025-06-28,Dr. William May,outlook.com
ACC124db29b8d,2026-01-17,Amanda Arias,outlook.com
ACC4438ed635f,2025-01-16,Benjamin Martin,gmail.com
ACC124a72c48f,2026-07-04,Cindy Cruz,icloud.com
ACCb73c0c40bc,2026-03-06,Joyce Bowman,icloud.com
ACCa654120aff,2024-12-18,Cynthia Cox,outlook.com
ACC8787be6f8e,2024-10-13,Zachary Molina,yahoo.com
ACCeef1957843,2026-07-15,Jodi Valenzuela,gmail.com
ACCa2e9f3af34,2026-02-12,Cindy Mahoney,gmail.com
ACC63ddd60744,2026-01-27,Loretta Hardy,outlook.com
ACCce92eba494,2026-04-21,Thomas Higgins,icloud.com
ACC6ab5cf0ce6,2025-06-17,Charles Willis,yahoo.com
ACCa1a584afe6,2026-06-22,Benjamin Gray,yahoo.com
ACC4d3b917e55,2025-01-24,Mark Fisher,icloud.com
ACC2cfc7d50b2,2024-11-24,Gary Sanchez,yahoo.com
ACC6260d0c7f7,2025-06-13,Bryan Graves,icloud.com
ACCda84b6c69c,2025-11-27,Dr. Thomas Holland,icloud.com
ACCf15b703038,2026-05-19,Ashley Smith,gmail.com
ACC2f18a97ba4,2025-09-02,Anthony Snyder,yahoo.com
ACCd276cfe9ce,2025-05-29,Meredith Robles,icloud.com
ACC76d724c9a4,2025-05-31,Christopher Rice,icloud.com
ACC864f52d081,2024-12-23,Joseph Tucker,icloud.com
ACCc0c3f6caf3,2026-04-22,Katherine Fitzgerald,outlook.com
ACC970cc56d9d,2026-05-07,Stephen Stokes,yahoo.com
ACC892d9bf6d9,2024-12-16,Rebecca Ramirez,gmail.com
ACCd0983051a4,2025-12-30,Marissa Henderson,icloud.com
ACC9311c0bb9d,2026-03-17,Alexander Jones,outlook.com
ACCf3faf82de3,2025-09-25,Eduardo Schmidt,icloud.com
ACC992c140e17,2025-02-14,Derek Lee,gmail.com
ACC4a41972e79,2024-11-09,Robert Wilkinson,outlook.com
ACC0beee0ea96,2024-12-21,Anthony Perez,outlook.com
ACC8394443f3c,2025-11-14,David Reid,outlook.com
ACC5c4382e151,2025-06-20,Sara Williams,outlook.com
ACCaaf6756d5d,2026-02-12,Austin Rivera,yahoo.com
ACC64f2bdb002,2025-08-15,Tracy Wilson,outlook.com
ACC87f00a617a,2026-01-31,John Figueroa,yahoo.com
ACC9cd1086a29,2024-11-01,Aaron Ellis,outlook.com
ACCd366bbeb1d,2025-07-26,Hannah Meza,outlook.com
ACC39c4f13d54,2025-10-25,Nicholas Mercado,outlook.com
ACC7acd226eb8,2026-04-28,Haley Stark,icloud.com
ACCf2291e38a0,2025-05-20,Briana Gardner,icloud.com
ACC130e2224a6,2024-09-17,Nathaniel Peterson,icloud.com
ACCd6e02504e8,2025-12-30,Donald Wright,gmail.com
ACC61d2e95f33,2026-07-07,Andrew Guzman,yahoo.com
ACCb7708fc346,2024-09-11,Robert Sanchez,outlook.com
ACCe150ca9f7d,2025-08-18,Michael Hogan,icloud.com
ACC235854b699,2026-07-12,Tina Mclaughlin DDS,icloud.com
ACC08bfb736d5,2024-12-05,Mr. Edgar Cooper,yahoo.com
ACCfaf4bd79e9,2025-07-01,Shannon Hall,icloud.com
ACCae6971b975,2025-09-09,Christina Hodge,gmail.com
ACCcc62cf8ff4,2024-12-11,Kristina Delgado,yahoo.com
ACC571b1ecccd,2026-02-01,Taylor Torres,icloud.com
ACCe750f326b2,2025-11-20,Jason Grant,outlook.com
ACCa207f072af,2025-01-07,Kelly Sanders,gmail.com
ACC3fbbc0bb17,2024-12-30,Allen Morris,yahoo.com
ACC2ffc7b6c8e,2026-01-22,Jacob Blake,icloud.com
ACCbb00100acb,2026-02-04,Philip Black,yahoo.com
ACC7366e436a1,2025-10-26,Sara Schroeder,icloud.com
ACCb3dc74a153,2025-09-10,Mr. Jacob Mejia,gmail.com
ACC518690ec2e,2025-03-20,Jonathan Thompson,outlook.com
ACC8b921f366e,2026-05-18,Thomas Barnes,gmail.com
ACC5ab4f44aec,2025-01-14,Arthur Hardy,icloud.com
ACC17eb8c5e08,2025-03-05,Harold Jones,icloud.com
ACCda7064d717,2026-06-24,Scott Schroeder,gmail.com
ACC9ce9249943,2026-01-06,Jonathan Roberts,icloud.com
ACC9674549bdd,2025-10-06,Larry Moses,icloud.com
ACC37f84e469c,2026-01-27,Danielle Brooks,gmail.com
ACCf59adb92bb,2024-10-22,Jeremy Bell,outlook.com
ACC020bc7f5e0,2026-01-06,Gary Vasquez MD,outlook.com
ACCbfa84a3d08,2024-09-27,Jillian Garza,yahoo.com
ACC3f79ed8e04,2025-02-13,Kimberly Norman,yahoo.com
ACC6ef350d968,2026-05-22,Mikayla Lindsey,icloud.com
ACCaa8a7d9ae3,2025-01-27,Emily Henderson,yahoo.com
ACC611e3e6a5e,2025-05-21,Janet Hart,outlook.com
ACC817cf0c606,2024-10-12,Christopher Hurley,icloud.com
ACC0f58b83305,2026-04-29,James Cortez,outlook.com
ACCc5493b11ea,2025-07-09,Emily Fletcher,gmail.com
ACC26ab4fc4c9,2026-05-02,Brooke Robles,outlook.com
ACCed1136d07a,2025-01-27,Tamara Franco,gmail.com
ACC44fe61a28d,2024-10-11,Stephanie Cummings,gmail.com
ACC7e361a2677,2025-12-09,Denise Rojas,outlook.com
ACC4bf1d407a2,2024-09-10,Alyssa Allen,outlook.com
ACC15f3170225,2025-02-18,William Smith,yahoo.com
ACC87b31a8ff8,2025-04-27,Mark Huber,yahoo.com
ACC96254f33c7,2025-04-05,Brian Ponce,outlook.com
ACC96e62f150b,2024-10-19,Steven Baker MD,gmail.com
ACCdba991db51,2025-04-20,Alexander Thomas,gmail.com
ACC88b776813e,2025-07-02,Cynthia Welch,gmail.com
ACCa214eb6704,2026-04-07,Mrs. Brittany Hartman,gmail.com
ACCb42163e437,2026-02-01,Tammy Doyle,outlook.com
ACCde17ae6b3a,2026-04-29,Austin Morgan,gmail.com
ACCe81b575ed4,2025-09-29,Dawn Pennington,gmail.com
ACC0461011e79,2026-02-19,Matthew Kelley,outlook.com
ACCfb28a2da98,2024-09-20,Brian Cummings,gmail.com
ACC055d36f26e,2024-09-10,Michael Davis,outlook.com
ACCee6e4a3964,2026-01-25,Tanya Butler,outlook.com
ACC1930326d34,2024-11-02,Jennifer Kelly PhD,icloud.com
ACCaed51d576f,2026-06-10,Amber Whitehead,yahoo.com
ACC40c7be0bee,2024-10-28,Danielle Ferguson,outlook.com
ACC8c808b9e42,2024-09-18,Carl Davis,outlook.com
ACCda7e8c0c69,2025-11-21,Ryan Parker,gmail.com
ACC7062127278,2025-05-01,Katie Sanchez,icloud.com
ACCa5d17bce72,2024-12-13,Ashley Price,icloud.com
ACCed979ee411,2024-09-07,Timothy Estrada,outlook.com
ACCfd70e72cb8,2026-05-14,Joseph Rodriguez,gmail.com
ACC5243295692,2025-11-16,Erin Dorsey,yahoo.com
ACCde6ae43ab8,2025-03-09,Ronnie Taylor,outlook.com
ACC0440e41319,2024-11-09,Mary Rodriguez,icloud.com
ACCfda90d6650,2026-01-28,Jeffrey Thompson,yahoo.com
ACC8e9f0d4151,2025-05-10,Tabitha Cooper,gmail.com
ACC171250c432,2025-08-10,Joseph Vargas,gmail.com
ACCc0e398103d,2025-10-31,Misty Ayala,yahoo.com
ACCccba337032,2026-01-05,Andre Miller,gmail.com
ACC17304c2b02,2026-05-19,Jonathan Poole,outlook.com
ACC31cd086930,2026-02-22,Alexandra Watkins,yahoo.com
ACC0ea72ef3f7,2025-11-01,Amy Davis,gmail.com
ACCf7c982f459,2025-01-02,Jennifer Martinez,gmail.com
ACC2b52fd668e,2024-10-24,Brian Lopez,yahoo.com
ACCebb877ba09,2025-12-01,Edward Torres,outlook.com
ACC7d674e9c5b,2025-06-17,Patrick Hernandez,gmail.com
ACC901539c4bc,2024-12-04,Wendy Morton,icloud.com
ACC31d224b49a,2026-06-13,Andrew Payne,icloud.com
ACC3e725e0016,2025-01-21,Angela Brown,icloud.com
ACCbf5a5029a9,2024-11-03,Hannah Moore,outlook.com
ACCdc6ff301dc,2026-05-21,Dakota Mason,yahoo.com
ACC747bb1e458,2026-08-09,Jaime Riley,outlook.com
ACC88cfbdb058,2024-10-01,Jamie Hamilton,gmail.com
ACC859f2d7080,2025-10-04,Troy Phelps,outlook.com
ACC90df602d33,2025-05-13,Justin Lucas,outlook.com
ACCb3d32fe83d,2025-08-11,Teresa Neal,yahoo.com
ACCdec93dc059,2026-05-20,Michael Mosley,icloud.com
ACC5f336bd560,2024-10-29,Angela Jennings,icloud.com
ACCbb1fca11c6,2025-08-21,James Sanchez,outlook.com
ACC6ae72d6b7d,2025-10-26,Ethan Jensen,gmail.com
ACC65c2e8eace,2025-06-01,Kathryn Turner,gmail.com
ACC255b213426,2025-06-25,David Roberts,gmail.com
ACC95a920f874,2025-07-16,Courtney Spence,icloud.com
ACCb51dbc2fb3,2025-10-10,Joseph Martinez,yahoo.com
ACC5c35d98ef1,2026-06-22,Clinton Hamilton,icloud.com
ACC9365b817b7,2025-04-10,Jeanette Stevenson,outlook.com
ACC553f5d6d91,2026-03-01,Linda Salas,icloud.com
ACC340d96a3ec,2026-01-14,Derek Jenkins,icloud.com
ACC6f0613621b,2026-01-08,Jerome Smith,outlook.com
ACC1d15579ef8,2026-04-23,Christopher Murphy,gmail.com
ACC8782122c71,2025-01-31,Marcus Mosley,outlook.com
ACC69f98c5b18,2025-04-04,Bradley Miranda,outlook.com
ACC2e3ac00926,2025-05-29,Jacqueline Ramsey,gmail.com
ACC84b2c1de97,2026-02-04,Marco Pope,yahoo.com
ACCb8db97b7a6,2026-01-24,Jenny Watts,icloud.com
ACC938bde56b6,2026-03-23,Kimberly Brown,outlook.com
ACC5bae5967cf,2026-01-31,Jillian Rivas,outlook.com
ACC2fb0d603cc,2026-07-23,Jennifer Delgado,outlook.com
ACC1fe481e102,2026-08-19,Debra Morris,yahoo.com
ACCd05c5b893e,2024-11-30,Kim Brown,outlook.com
ACC619671a6eb,2025-11-18,Patrick Martin,outlook.com
ACCeb01cac96e,2025-09-27,George Gonzalez,yahoo.com
ACCd66ba35753,2026-08-25,John Oconnell,gmail.com
ACCa39285f1e5,2025-06-13,Mrs. Natalie Mccarthy,yahoo.com
ACC3e64c70511,2026-02-25,Thomas Sullivan,outlook.com
ACC6c7e6f2391,2026-06-27,Craig Nelson,icloud.com
ACC6d8a3fd562,2024-12-26,Elizabeth Ramos,outlook.com
ACCde326ffe76,2026-05-02,Samantha Hall,outlook.com
ACCf14ab1da47,2024-11-07,Rachel Chen,gmail.com
ACC07c6d6c7b7,2026-02-13,Joseph Jones,icloud.com
ACCd0b4bf3d99,2026-01-04,Veronica Sharp,outlook.com
ACC827ceef1f5,2024-09-08,Catherine Richardson,icloud.com
ACCae4b6bd383,2025-08-20,Kirsten Bradford,yahoo.com
ACC1d4f5c3dda,2024-09-09,Tracey Montes,gmail.com
ACC14bf48f863,2025-08-13,William Whitaker,gmail.com
ACCa45b3010a5,2024-10-15,Diane Rubio,icloud.com
ACC950e83f53b,2025-05-10,John Rogers,yahoo.com
ACC09259e21a9,2026-03-14,Stephanie Crawford,gmail.com
ACC100e9d3229,2025-07-03,Sharon Vasquez,gmail.com
ACCa62f7a1139,2026-04-10,James Bush,gmail.com
ACCac3b1d7220,2025-05-27,Yesenia Mills,outlook.com
ACC34f2515bd1,2024-12-21,Sherri Perez,outlook.com
ACCfff7a8a976,2024-09-22,Cameron Williams,yahoo.com
ACC40a9d9d5d5,2024-11-25,Danielle Sims,gmail.com
ACC9f5e827082,2024-09-08,Garrett Bush,outlook.com
ACC1652aa4043,2025-04-11,Pamela Parker,icloud.com
ACCd34ed1da80,2024-09-07,Sharon Smith,outlook.com
ACC3b8a6e2fea,2024-09-25,Lisa Taylor,icloud.com
ACC424f0f07be,2024-09-06,Mark Deleon,icloud.com
ACC10493a360e,2025-07-02,Kristen Wilson,yahoo.com
ACC5473da9d17,2025-07-07,James Brooks,icloud.com
ACC0835a1922a,2025-07-02,David Johnston,outlook.com
ACC50ac66fcdd,2025-07-03,Martin Bell PhD,icloud.com
ACCfe00232789,2025-07-01,Scott Crawford,gmail.com
ACCf48ef38d24,2025-07-03,Raymond Andrade,yahoo.com
ACCb7d25fcc44,2025-07-01,Christopher Osborn,icloud.com
ACC469789db60,2025-07-05,Charles Farmer,icloud.com
ACCd2d8b5f32b,2025-07-02,Cindy Fowler,yahoo.com
ACC0ea55163e8,2025-07-06,Lauren Rodriguez,yahoo.com
ACC72b738ed2b,2025-07-05,Brandon Sandoval,gmail.com
ACC026d18485c,2025-07-01,Samantha Martinez,icloud.com
ACCfab3798759,2025-07-03,Andrew Ortiz,yahoo.com
ACC28ddc30709,2025-07-07,Heather Kelley,icloud.com
ACC93cebe34b0,2025-07-05,Charles Young,outlook.com
ACC1594907dbc,2025-07-04,Lisa Anderson,yahoo.com
ACCefaf61ea28,2025-07-02,Gary Mason,yahoo.com
ACCa62a587f6b,2025-07-06,David Jones,icloud.com
ACC65decc5939,2025-07-01,Katrina King,gmail.com
ACC96053a6941,2025-07-05,Jose Vasquez,gmail.com
ACC158ecb641f,2025-07-06,Daniel Hayes,outlook.com
ACCe1b99bd641,2025-07-01,Michael Mccormick,outlook.com
ACC5277fb9d26,2024-09-24,Zachary Hoover,icloud.com
ACC0288fa1878,2024-09-26,Gina Booker,outlook.com
ACC54d41af167,2024-09-07,Brittany Molina,gmail.com
ACC94701f8b75,2024-09-11,Lawrence Ford,outlook.com
ACCbf71d3022d,2024-09-02,Carol Morrison,yahoo.com
ACCc2b167950e,2024-09-02,Michelle Graham,icloud.com
ACC386e19ed82,2025-03-14,Robert Ford,gmail.com
ACC6305b74fa9,2025-03-02,Tiffany Meadows,icloud.com
ACCc5c81220ad,2025-03-12,Jessica Daniel,outlook.com
ACCaf695f2b95,2025-03-06,Christina Cruz,outlook.com
ACCffadc598b9,2025-03-12,Thomas Martin,outlook.com
ACC80f633452e,2025-03-07,Todd Smith,gmail.com
ACCb274db8365,2025-03-17,Nicole Johns,yahoo.com
ACC406500cb89,2025-03-04,Ashley Brown,icloud.com
ACCa61668674c,2025-03-19,Mrs. Janet Lucas,gmail.com
ACC9e6b292fc9,2025-03-14,Rose Whitaker,icloud.com
ACC973a4c31d7,2025-03-16,Thomas Mendoza,outlook.com
ACCe2af47f1b0,2025-03-07,Paul Weiss,icloud.com
ACC3ed6aa0bc9,2025-03-12,Scott Davis,yahoo.com
ACCe07ab18161,2025-03-05,Paul Jenkins,yahoo.com
ACC460795d28f,2025-03-17,Valerie Terrell,icloud.com
ACCa3f0171103,2025-03-06,Stacey Casey,outlook.com
ACC4831f78bed,2025-03-15,William Green,yahoo.com
ACCeb3e4e9959,2025-03-15,Darrell Ball,gmail.com
ACC5fee2feaff,2025-03-18,Kyle Garza,outlook.com
ACC5228e95d27,2025-03-19,Alison Sanders,icloud.com
ACCa68330c16b,2025-08-08,William Chang,outlook.com
ACC2e04b76a31,2025-06-05,Dennis Kim,yahoo.com
ACCd92a64efe4,2025-03-30,Michael King,icloud.com
ACC65f0d6502b,2025-04-13,Kimberly Trevino,icloud.com
ACC13edbee075,2025-05-22,Johnny Howell,gmail.com
ACC0070121693,2025-09-20,John Miller,gmail.com
ACC56edf1b63c,2025-07-07,Crystal Owens,yahoo.com
ACCe75d87d51c,2025-01-21,Jonathon Castillo,icloud.com
ACC0b3ca00dda,2026-01-07,Steven Murphy,gmail.com
ACCd276c90aff,2026-01-08,Michele Castillo,gmail.com
ACCe2f69e2285,2025-12-28,Darryl Cooper,yahoo.com
ACCf8021ac361,2025-12-29,Sean Neal,gmail.com
ACC91e7794508,2025-12-28,Shirley Houston,gmail.com
ACC3e23c0b80e,2026-01-12,Melissa Perez,yahoo.com
ACC4f8cb1518c,2025-12-31,Tonya Dean,outlook.com
ACC106099fe76,2026-01-05,Kenneth Wright,yahoo.com
ACCf99c2b0b5d,2026-01-06,Leah Stevens,outlook.com
ACC4737dce111,2026-01-07,Jennifer Holder,gmail.com
ACC2756d1bf98,2025-12-28,Kelly Boyer,gmail.com
ACC98ee6b44f6,2026-01-03,Jennifer Jenkins,gmail.com
ACCd05ff96b7b,2026-01-07,Lisa Giles,yahoo.com
ACC7088c71fd8,2026-01-05,Craig Curtis,outlook.com
ACC2dc8d0f412,2026-01-08,Julie Dean,gmail.com
ACCd3db2c06e8,2026-01-09,Shannon Turner,gmail.com
ACCacc38443a3,2026-01-01,Tracey Howard,gmail.com
ACC6697dd073e,2026-01-04,Mr. Henry Myers,outlook.com
ACC259e7ff3f6,2025-12-29,Joy Bray,gmail.com
ACC5e8c308400,2025-12-27,Amanda Coleman,yahoo.com
ACC16270323ac,2025-12-27,Sarah Boone,gmail.com
ACC4e4bef21e7,2025-12-27,Kathleen Case,outlook.com
ACC4d74802b75,2026-01-05,Michael Blair,icloud.com
ACC6de33e290e,2026-01-01,Melissa Webster,yahoo.com
ACCcaebde7933,2025-01-16,James Walls,outlook.com
ACC10bbc343bf,2025-05-27,Patrick Pollard,gmail.com
ACC939834410a,2025-02-17,Mason Davila,outlook.com
ACCd1bf01834d,2025-04-13,Christopher Hawkins,outlook.com
ACC5afbb1bea0,2025-09-19,Michelle Wilcox,yahoo.com
ACCdf037c2bce,2026-01-17,Kimberly Brown,icloud.com
ACC82bb09eeea,2026-01-14,Kerri Mora,gmail.com
ACC512070e325,2026-01-16,Melissa Moore,icloud.com
ACCade0102039,2026-01-01,Christopher Johnston,gmail.com
ACCe3829bea53,2026-01-17,Robert Bean,yahoo.com
ACC730343e8ea,2026-01-17,Heather Cunningham,outlook.com
ACCee82ded7d8,2026-01-03,Kimberly Davis,gmail.com
ACC528ef7be31,2026-01-03,Albert Romero,yahoo.com
ACCac508f1807,2026-01-01,Matthew Holmes,outlook.com
ACC71a88e2108,2026-01-06,Linda Lopez,yahoo.com
ACC3f544935fc,2026-01-08,Linda Patton,gmail.com
ACCc4ca49feb2,2026-01-13,Joseph Dominguez,outlook.com
ACCc3284f9d10,2026-01-13,Philip Steele,icloud.com
ACCc98d4c7e98,2026-01-17,Donald Atkins,icloud.com
ACC99e544b98f,2026-01-14,Crystal Thompson,gmail.com
ACC782db88d88,2024-09-26,Douglas Norman,yahoo.com
ACCd5205827d5,2024-11-21,Kathleen Cooper,icloud.com
ACC425fe5e262,2024-11-27,Courtney Small,yahoo.com
ACCb3a91dabc9,2024-11-21,Matthew Ortiz,yahoo.com
ACCa19329abba,2024-11-21,Michael Johnson,icloud.com
ACCfdb6e93122,2024-11-24,Michelle White,yahoo.com
ACCa2452affaa,2024-09-05,Scott King,icloud.com
ACCa6bf49a4dd,2025-05-20,Michelle Austin,gmail.com
ACCb8232b9535,2025-05-24,Jo Harris,icloud.com
ACC18527a5929,2025-05-26,Jill Herrera,icloud.com
ACC4a6c28d473,2025-05-16,Jason Mcbride,outlook.com
ACCf7f491f7cc,2025-05-26,David Ramsey,icloud.com
ACC090eee1b1a,2024-09-07,Stephen Smith,yahoo.com
ACCd396ff1d84,2024-10-19,Paul Whitehead,yahoo.com
ACCfbb6a9bd2d,2024-09-05,Sara Johnson,gmail.com
ACC87fa9071f4,2024-09-02,Krista Patterson,yahoo.com
ACC49f0e28c0e,2024-10-17,Jacqueline Johnson,gmail.com
ACC9bef069285,2024-12-02,Janet Williams,outlook.com
ACC3af208d1d1,2024-09-15,Benjamin Garcia,yahoo.com
ACC05e13299b2,2024-09-17,Caroline Long,icloud.com
ACC4bf19ada7e,2025-05-26,Devon Savage,yahoo.com
ACC13f2ab6a30,2025-05-15,William Gilmore,outlook.com
ACC8b61aa3317,2025-05-25,Stacey Weber,outlook.com
ACC7572fdb9c7,2025-05-20,Curtis Lee,gmail.com
ACCf63883a4fc,2025-05-19,Michael Maldonado,gmail.com
ACC10e725397a,2025-05-18,Carrie Barker,yahoo.com
ACC003ded9355,2025-05-26,Sara Mcclure,outlook.com
ACC716533c384,2025-05-20,Kayla Baker,gmail.com
ACC9bc6543447,2025-05-23,Deborah Morgan,icloud.com
ACC3ef99f4b51,2025-05-25,Holly Salas,gmail.com
ACCad376b8e11,2025-05-23,Christopher Wall,yahoo.com
ACC1e4fb2d91d,2025-05-19,Aaron Mcpherson,icloud.com
ACC2a93dde6d6,2025-05-18,Patrick Tucker,gmail.com
ACC5704ae4b61,2025-05-17,Justin Archer,outlook.com
ACC7df537d17f,2025-05-20,Justin Patel,gmail.com
ACCb348a83a2f,2025-05-22,Brett Hayden,icloud.com
ACCfa4e0dc9ed,2025-05-15,Eric Anderson,icloud.com
ACCd1261206d7,2025-05-16,Donald Smith,icloud.com
ACCf5e92f7326,2025-05-18,Steven Burton,gmail.com
ACC6ec726f9fa,2025-05-26,Jeremy Pugh,outlook.com
ACC84cd468b09,2025-05-26,Janet Bruce,icloud.com
ACC1aac664389,2025-05-26,Charles Chase,yahoo.com
ACCf4641f9c65,2025-05-15,Janet Griffin,gmail.com
ACC8c0b32dfca,2025-05-16,Crystal Peterson,outlook.com
ACC55b6ffcfd2,2024-09-02,Linda Martin,outlook.com
ACCd743910b65,2024-09-09,Jennifer Robinson,yahoo.com
ACCc64e6c238b,2024-09-14,Kristina Andrade,icloud.com
ACC700a3691f0,2024-09-25,Alexander Duncan,yahoo.com
ACC97858997d0,2024-09-03,Elaine Williams,gmail.com
ACCaa7337c8b1,2024-09-01,Gregory Sawyer,yahoo.com
ACCe31dfea5e7,2025-01-09,Robert Allen,gmail.com
ACC07cc5de624,2025-01-08,Christopher Dominguez,gmail.com
ACCf67d2035ff,2025-01-10,Jonathan Watkins,icloud.com
ACCd223dcce95,2025-01-05,Elizabeth Castaneda,gmail.com
ACC00929d8e78,2025-01-01,Kathy Phillips,yahoo.com
ACCd22534ce99,2025-01-09,Mark Fry,outlook.com
ACCbab37db1d1,2025-01-01,Mary Hernandez,icloud.com
ACC675391d541,2025-01-09,Michelle Hardy,icloud.com
ACC9f3b8366e1,2024-12-26,Timothy Gilmore,outlook.com
ACC835991900e,2025-01-01,Richard Poole,gmail.com
ACC77d2e67c8e,2024-12-30,Daniel Moon,outlook.com
ACCfda07f1c1b,2025-01-08,Evelyn Petersen,yahoo.com
ACC5a7f66aa9f,2024-12-27,William Gonzalez,yahoo.com
ACC0ea681cc5e,2025-01-10,Christopher Buckley,outlook.com
ACCad97f6e1e9,2024-12-31,Patricia Nelson MD,gmail.com
ACCd0261cf328,2025-01-02,Ryan Frazier,gmail.com
ACC5dcde8d5e1,2024-12-30,Anthony Cox,outlook.com
ACCf9b5558b78,2025-01-05,Kathleen Gordon,outlook.com
ACC80025752bf,2024-12-28,Luis Diaz,icloud.com
ACCf70d5111a2,2025-01-11,Melissa Hamilton,yahoo.com
ACCfcbc25bfae,2024-10-27,James Morgan,yahoo.com
ACCb62e19542f,2025-07-14,Frank Medina,outlook.com
ACC0e27fc27b3,2025-07-27,James Palmer,gmail.com
ACC0d90e6b3f0,2025-07-19,Kevin Davis,gmail.com
ACCcdb9a841cc,2025-07-27,Kimberly Haynes,outlook.com
ACC3bea906604,2024-09-29,Matthew Morris,yahoo.com
ACCfee03c0e1c,2024-09-20,Tommy Caldwell,icloud.com
ACC13e637575d,2024-09-20,Elizabeth Fitzgerald,icloud.com
ACCad20c73056,2024-09-13,Laura Bennett,gmail.com
ACC81e731f480,2024-09-19,Kimberly Wright MD,yahoo.com
ACC5988e32c24,2024-09-22,Mary Lopez,icloud.com
ACC09aadf20b8,2024-09-09,Steven Davis,gmail.com
ACC13b20035b3,2024-09-12,Patrick Johnson,yahoo.com
ACC44a9766033,2024-12-10,Michelle Johnson,gmail.com
ACC589307b952,2024-12-10,Gabriel Hebert,icloud.com
ACC166594b417,2024-11-27,Lisa Martin,icloud.com
ACCffd3978e99,2024-12-10,Amanda Collins,outlook.com
ACC03acba7cef,2024-11-30,Claudia Harrison,gmail.com
ACC1ea7cf0a88,2024-12-02,Pamela Ellis,yahoo.com
ACC4209e97c76,2024-12-12,Oscar Blankenship,yahoo.com
ACC3512a06167,2024-12-18,Joseph Boyer,yahoo.com
ACC96e692ab82,2024-12-05,Tami Schmidt,yahoo.com
ACC6496b0dc24,2024-11-28,Laurie Drake,gmail.com
ACC37ad159eba,2024-12-18,Paul Sanchez,gmail.com
ACCa8356cfe23,2024-12-14,Lee Young,outlook.com
ACC0e896fe26e,2024-12-15,Jason Decker,gmail.com
ACC690685f822,2024-12-15,Scott Miller,outlook.com
ACC6f5d8afeee,2024-12-01,Joseph Smith,yahoo.com
ACC9bd261e47e,2024-12-07,Aaron Valenzuela,icloud.com
ACC327ed50752,2024-12-09,Jennifer Young,outlook.com
ACCf22f8f2e72,2024-12-07,Ryan Ford,yahoo.com
ACCb89ff54ca9,2024-12-04,Caitlin Brady,icloud.com
ACC45130c87f3,2024-12-11,Daniel Brown,outlook.com
ACCbe36210cc1,2024-12-09,John Hernandez,gmail.com
ACC0118e41473,2024-12-08,Deborah Massey,gmail.com
ACC6f49f76df3,2024-12-03,Christine Baldwin,gmail.com
ACCed632af593,2024-12-04,Adam Doyle DDS,yahoo.com
ACC6846eca280,2024-11-29,Steven Henry,icloud.com
ACCcf50faba75,2024-09-17,Troy Smith,icloud.com
ACCc56629c286,2024-12-02,Robert Rivera,yahoo.com
ACC38ec438f60,2024-11-08,Henry Wilson,yahoo.com
ACC90f86ec73c,2025-01-13,Joan Mcdonald,gmail.com
ACC298c3f8af5,2024-09-04,Edwin Keller,icloud.com
ACC970e9d1a2c,2024-09-15,Christopher Powell,gmail.com
ACCa31f9b7d1c,2024-09-13,Jason Martin,icloud.com
ACC294609021a,2024-09-21,Christopher Green,gmail.com
ACC48de55f178,2024-09-28,Nancy Jordan,gmail.com
ACC062fd1312f,2025-04-14,Dawn Morales,outlook.com
ACC1fb94696ee,2025-04-08,Connor Johnson,icloud.com
ACCe9e791108a,2025-04-06,Thomas Ferguson,outlook.com
ACC40e749a7b1,2025-04-11,Amber Howard,yahoo.com
ACC1fa1048878,2025-04-06,Karen Donaldson,icloud.com
ACC6590f081f9,2025-04-05,Betty Murphy,icloud.com
ACC6eb863e64c,2025-04-10,Evan Hughes,outlook.com
ACC3a68c7766e,2025-04-11,Alicia Prince,outlook.com
ACCdce865e141,2025-04-14,Francisco Kennedy,outlook.com
ACC0e1661b765,2025-04-08,Brandon Wilson,outlook.com
ACC783ce57c92,2025-04-12,Katherine Perkins,icloud.com
ACC4f8dee1e47,2025-04-05,Sharon Townsend,icloud.com
ACCeb9dce9e1e,2025-04-09,Michele Mcdowell,icloud.com
ACC460c8d8ae7,2025-04-07,Todd Cummings,gmail.com
ACCc5f4f33bd5,2025-04-13,Derek Wilson,outlook.com
ACC15363d8fe5,2025-04-08,Catherine Russell,gmail.com
ACCd798c63578,2025-04-10,Danielle Hartman,yahoo.com
ACC94aabdb3b2,2025-04-12,William Watts DVM,gmail.com
ACC69a4522e85,2025-04-13,Shawna Jones,yahoo.com
ACC687dcb1ffc,2025-04-08,Amanda Rodriguez,yahoo.com
ACC1ab1a3f965,2025-04-15,Joseph Hall,outlook.com
ACC4df8fccffb,2025-04-12,Andrew Petty,outlook.com
ACC2075013281,2025-04-11,Alexander Yu,gmail.com
ACC27166ce4f8,2025-04-06,Melissa Horne,gmail.com
ACC1f771fdfac,2025-04-07,Jamie Kim,gmail.com
ACC3a9a41a9bf,2025-04-11,Tammy Boone,yahoo.com
ACC01a2358533,2025-04-13,Matthew Aguilar,gmail.com
ACC76f194ed34,2025-04-08,Andrew Lam,yahoo.com
ACC1783789b87,2024-10-22,Brittany Clark,yahoo.com
ACC2c34fce427,2024-09-08,Taylor Davidson,outlook.com
ACC46e1e04b95,2024-12-08,Darryl Lara,outlook.com
ACC811f4860d2,2025-01-03,Amanda Lopez,icloud.com
ACC3ff7eaf4eb,2025-02-22,Mrs. Sarah Miller MD,yahoo.com
ACCf5d90d1bd7,2024-09-26,Joseph Johnson,gmail.com
ACC215a42afc1,2024-10-01,Laura Smith,yahoo.com
ACC81b343394f,2025-02-09,Craig Jordan,outlook.com
ACC1aa53dd3b3,2024-09-04,Laura Lee DDS,outlook.com
ACC07799b8418,2025-05-05,Gina Lang,icloud.com
ACC881e0816a3,2025-05-08,Samantha Young,icloud.com
ACCb665f85ed4,2025-05-10,Kristen White,icloud.com
ACC7f447e0b0a,2025-05-10,Debra Smith,gmail.com
ACC5b419cc025,2025-05-01,John Simmons,gmail.com
ACC569b0afcab,2025-05-10,Roy Lee,gmail.com
ACC245d7dfe23,2025-05-02,Jody Robinson,gmail.com
ACC030be2072f,2025-05-03,Eric Newman,outlook.com
ACC0199ba6360,2025-05-07,Alan Mahoney,icloud.com
ACC2e4e429943,2025-05-06,Daniel Adams,icloud.com
ACCc4ed0231d4,2025-05-02,Brittany Brooks,outlook.com
ACC9ceb1dc55b,2025-05-03,Jacob Jackson,outlook.com
ACC36669a6fd1,2025-05-07,Mary Smith,gmail.com
ACCde0c542ef5,2025-05-03,Kevin Peters,outlook.com
ACC590bc34041,2025-05-07,Yvonne Gutierrez,yahoo.com
ACCb174742976,2025-05-06,Elizabeth Ware,outlook.com
ACCaef896c251,2025-05-04,Robert Hutchinson,outlook.com
ACC3730e676cd,2025-05-07,Christopher Downs,outlook.com
ACC02d098d026,2025-05-08,Billy Daniel,outlook.com
ACC1778ced7f8,2025-05-07,Richard Huang,yahoo.com
ACC1c550f6ef0,2025-05-07,Lori Salazar,yahoo.com
ACC417417cfeb,2025-05-10,Matthew Martin,icloud.com
ACC919c39c3b7,2025-05-04,Krystal Larsen,icloud.com
ACC64d2494edb,2025-05-10,William Herman,yahoo.com
ACCc6d6c688ac,2025-05-02,Linda Moore PhD,icloud.com
ACC0865ba1f50,2025-05-07,Michelle Williams,gmail.com
ACCd57a9a2346,2025-05-05,Juan Maxwell,gmail.com
ACCa540873441,2025-05-01,Marvin Wiley,icloud.com
ACC6cbfe15744,2024-09-22,Robert Zhang,outlook.com
ACC205b857fae,2024-09-12,Jennifer Daniels,outlook.com
ACC8807a1b440,2024-09-30,Randy Mathis,gmail.com
ACC2c87ca39e2,2024-09-05,Kristy Miller,icloud.com
ACCd74a8ed3ac,2024-09-06,Bryan Swanson,icloud.com
ACCea6a1cf40c,2024-09-25,Richard Petty,gmail.com
ACC17dc285966,2024-09-01,Mark Gonzalez,yahoo.com
ACCa5df1cd4fb,2024-09-23,Julian Chapman,yahoo.com
ACCb297627c18,2025-01-01,Jeffrey Dyer,yahoo.com
ACCdf40324471,2025-01-15,James Bell,icloud.com
ACC75c7f9b77a,2025-01-07,Stephanie Reese,icloud.com
ACCda1913a9f6,2025-01-15,Edward Logan,outlook.com
ACC543ce65e49,2025-01-09,Jorge Phillips,icloud.com
ACC3a4109a753,2025-01-04,Jeff Pearson,outlook.com
ACCb1dda9f392,2025-01-16,Diana Flowers,icloud.com
ACC591735b7be,2025-01-10,Amy Jones,gmail.com
ACC06954fd946,2025-01-16,Caitlyn Moore,icloud.com
ACCf67f1ccff7,2025-01-15,Dr. Joseph Michael,gmail.com
ACCe41b764cf6,2025-01-03,Kimberly Whitaker,outlook.com
ACC75e25d57c4,2025-01-13,Sally Johnson,outlook.com
ACC2a33a92059,2025-01-16,Kristine George,gmail.com
ACC662827f320,2025-01-11,Jason Campbell,outlook.com
ACC3da4c05276,2025-01-11,Gregory Hickman,yahoo.com
ACC295a8fbe8f,2025-01-03,Brittney Jones,outlook.com
ACCaa22473f5e,2025-01-15,Jonathan Haynes,gmail.com
ACCd8282aa5df,2025-01-14,Christine Thompson,outlook.com
ACC6df5e2072c,2025-01-15,Christopher Hopkins,outlook.com
ACCf2ae1e927d,2025-01-14,Damon Hughes,outlook.com
ACCe6ca924659,2025-01-17,David Peterson,icloud.com
ACCee21529167,2025-01-02,Michael Gonzales,icloud.com
ACC99ed3c8d84,2025-01-13,Joseph Chambers,outlook.com
ACCa0dd338dfc,2025-01-03,Joseph Medina,outlook.com
ACCe0a50ca1a0,2024-09-04,Donna Edwards,yahoo.com
ACC4a98c3fd43,2024-10-15,Donald Mclean,icloud.com
ACCc7a73c3410,2024-10-12,Sierra White,icloud.com
ACC35a591e53d,2024-09-28,John Clark,yahoo.com
ACCd642daeffc,2024-10-04,Shawn Moore,outlook.com
ACC2535e32240,2024-10-09,Alexander Johnson,gmail.com
ACC9c68447db9,2024-12-05,Audrey Weeks,outlook.com
ACCbee83cd860,2024-09-25,Mitchell Martinez,yahoo.com
ACCb3888353ce,2024-09-30,Brittany Palmer,gmail.com
ACCffe2cb3d17,2024-09-19,James Baker,gmail.com
ACC36bc9cd821,2024-11-12,Mark Jones,icloud.com
ACCce73cf9362,2024-09-13,Jessica Dennis,icloud.com
ACCbe3db122f9,2024-09-23,James Weaver,icloud.com
ACC189f11b2ce,2024-09-18,Mr. Ronald Lucas MD,gmail.com
ACCa63147bef5,2024-09-12,Tara Griffin,gmail.com
ACC4847a48913,2025-03-11,David Kidd DDS,yahoo.com
ACCe02a3cd3dc,2025-03-11,Matthew Diaz,gmail.com
ACC815e1be236,2025-03-18,Alyssa Stevenson,outlook.com
ACC4e978c4841,2025-03-08,Michelle Carr,icloud.com
ACC38f0731f06,2025-03-17,John Jackson,icloud.com
ACCcc79f8a6ea,2025-03-18,Anthony Smith,yahoo.com
ACC84de140f4a,2025-03-12,Holly Fletcher,gmail.com
ACCaef32007c9,2025-03-15,Kelsey Turner,gmail.com
ACC386d67193f,2025-03-11,Eric Archer,gmail.com
ACCc66af27853,2025-03-18,Brett Mendoza,yahoo.com
ACC3fe8d2769a,2025-03-09,Connor Soto,yahoo.com
ACCf87b4f704d,2025-03-17,Brittany Lewis,gmail.com
ACCe272784fbf,2025-03-09,Lisa French,icloud.com
ACC8be3ccae92,2025-03-14,Suzanne Golden,yahoo.com
ACC633b94473a,2025-03-17,Lucas Martin,icloud.com
ACC91523ba8f8,2025-03-18,Susan Moss,outlook.com
ACC7fced93596,2025-03-18,Mary Miller,yahoo.com
ACCf7041a6d69,2025-03-13,Norma Moore,gmail.com
ACC76f3dc761f,2025-03-16,Tina Tucker,gmail.com
ACC5cff280fa6,2025-03-17,Mrs. Michelle Coleman,outlook.com
ACC6f6849dfa5,2025-03-10,Douglas Sanchez,icloud.com
ACC98eaa67f69,2025-03-11,Dr. Jonathan Snyder,yahoo.com
ACC5984ee0922,2025-03-18,Erica Allen,outlook.com
ACC79e97c413b,2025-03-09,Charles Crosby,gmail.com
ACC9e5b9c11c7,2025-03-18,Robert Roberson,outlook.com
ACC427d9c23f9,2025-03-16,Miranda Raymond,icloud.com
ACC7691cc3202,2025-03-08,John Mason,icloud.com
ACCe0b0baa130,2025-03-12,Paul Jennings,yahoo.com
ACCa11f9f48e7,2025-03-16,Adrienne Hartman,gmail.com
ACC2d35600c94,2025-10-31,Lisa Boyle,icloud.com
ACC7b8e38fc68,2026-01-29,Brandi Bowen,outlook.com
ACC61b0fb9c84,2025-05-11,Stephanie Oconnor,gmail.com
ACC1aea544845,2025-05-23,Edward Hanson,outlook.com
ACCb3aa6b1777,2025-11-30,William Powers,gmail.com
ACC6568c38600,2025-12-29,Angela Garcia,yahoo.com
ACCb1ea7e1cea,2025-10-11,Garrett Bright,outlook.com
ACCa57a2d3897,2026-03-22,Mrs. Jennifer Maxwell,icloud.com
ACC67d6d93e48,2025-05-17,Rachel Sandoval,yahoo.com
ACC665200620f,2026-06-11,Robert Mack,icloud.com
ACC9addd9054b,2026-06-05,Jordan Dickerson,outlook.com
ACC57d269172a,2026-06-05,Timothy Lindsey,icloud.com
ACCf9b26a918d,2026-06-11,Rebecca Pugh,yahoo.com
ACCd4eac73d58,2026-06-11,Laurie Vargas,yahoo.com
ACC9440c8027a,2026-06-10,Patricia Mcdonald,outlook.com
ACC11564d5bb0,2026-06-06,Douglas Waller,outlook.com
ACCede9493077,2026-06-04,Terry Horton,gmail.com
ACC0f089a41e1,2026-06-07,Paul Chang,icloud.com
ACC753bb5b020,2026-06-05,Makayla Martin,gmail.com
ACCa1c1988030,2026-06-12,Anthony Williams,outlook.com
ACCd333c8498f,2026-06-07,Samuel Thomas,gmail.com
ACCc50f80747f,2026-06-12,Michael Bailey,gmail.com
ACCfde5e9375b,2026-06-10,Karen Holden,yahoo.com
ACCd920c5aba1,2026-06-07,Lisa Davis,gmail.com
ACC2819540f1a,2026-06-08,Thomas Miller,outlook.com
ACC1d8133b484,2026-06-11,Robert Lee Jr.,icloud.com
ACCe8bd747537,2026-06-04,Dan Arellano,gmail.com
ACC0191d32726,2026-06-06,Colleen Baker,outlook.com
ACC7ae8139b13,2026-06-05,Christopher Gomez,gmail.com
ACC5a4a56bb0b,2026-06-12,Christopher Williams,icloud.com
ACCf45d8da141,2026-06-14,William Vega,outlook.com
ACC73dcf8c71b,2026-06-14,Gary Hansen,yahoo.com
ACC58d39b7927,2026-06-04,William Hill,outlook.com
ACCdc7f0f4716,2026-06-13,Duane Lewis,icloud.com
ACC1c21950909,2026-06-14,Lindsey Thomas,outlook.com
ACC5ca45e1ea6,2026-06-08,Nicholas Park,yahoo.com
ACC3af8bc27fe,2026-06-08,Christopher Hernandez,icloud.com
ACCe4bd19aab8,2024-09-30,Gregory Eaton,icloud.com
ACCbfcfa6a610,2024-09-24,Kim Kelly,outlook.com
ACC4085be9ca8,2024-09-01,Brandi Mcfarland,outlook.com
ACCbe6927705b,2024-10-25,Mason Taylor,outlook.com
ACCfa33c7d2c9,2024-09-26,Sarah Rodriguez,gmail.com
ACCf4048dc4b3,2024-09-11,Sierra Green,icloud.com
ACCfaf7a9168e,2024-09-05,Brianna Johnson,icloud.com
ACC900d416ff9,2024-12-29,Scott Tucker,outlook.com
ACCc3f8fe2f48,2025-01-04,Derrick Anderson,outlook.com
ACCfe7a1c5bff,2025-01-11,Sandy Navarro,gmail.com
ACC22291c4df8,2025-01-12,Trevor Martinez,gmail.com
ACCa9e5c27c02,2025-01-11,Dan Green,outlook.com
ACC64453d9b61,2025-01-11,Kristine Robinson,gmail.com
ACCa122ccf898,2025-01-05,Jay Barton,yahoo.com
ACCd6875ecff8,2025-01-03,Brett Ellis,outlook.com
ACC7bf8ce6f22,2025-01-06,Jennifer Steele,gmail.com
ACC6237941e66,2025-01-02,George Garcia,gmail.com
ACCdaa900de7a,2024-12-28,Sandra Villa,icloud.com
ACC7418f27adf,2025-01-09,William Vargas,icloud.com
ACC220b62f083,2025-01-13,Heather Miller,outlook.com
ACC81f85f52de,2025-01-14,Lisa Martinez,yahoo.com
ACC3cde14e5e5,2025-01-10,Christie Watson,icloud.com
ACC533971eea5,2025-01-09,Stephanie Martin,outlook.com
ACCd3b91194df,2024-12-25,Edward Camacho,yahoo.com
ACC90633c5139,2025-01-03,Michael Rice II,icloud.com
ACC70c77e69f1,2025-01-06,Brandy Knight,icloud.com
ACC34d746b836,2025-01-14,Sydney Mitchell,icloud.com
ACCf6f1f121b9,2024-12-30,Nicole Perez,yahoo.com
ACCb111bf7f00,2025-01-06,William Martinez,gmail.com
ACC1c28f5e9a0,2024-09-30,Miguel Reyes,icloud.com
ACCd2972fe1cd,2025-03-06,Jennifer Cohen,gmail.com
ACC908d90b065,2025-03-07,Karen White,yahoo.com
ACC1685e1a797,2025-03-08,Raymond Bennett,outlook.com
ACCeb9b754383,2025-02-26,Valerie Stevens,icloud.com
ACCf48236440d,2025-03-04,Janice Montgomery,icloud.com
ACC6be11c319e,2024-12-01,Michael Gonzalez,gmail.com
ACC0dfcdcd9fa,2025-05-01,Melanie Pena,gmail.com
ACCca56055e23,2024-12-11,Ronald Smith,yahoo.com
ACC3eebe4b0a7,2024-10-10,Kendra Wilson,gmail.com
ACC6ba9beb4fb,2025-08-14,Thomas Stanley,gmail.com
ACC59d93b95eb,2025-07-31,Joseph Francis,icloud.com
ACCbdf27e8722,2025-08-01,Tracy Irwin,gmail.com
ACC49f07ad14b,2025-08-07,Jennifer Underwood,gmail.com
ACC99784c2e13,2025-08-06,Shelly Phelps,outlook.com
ACC9cef325347,2025-07-25,Jason Hayes,gmail.com
ACC7b3690f5a6,2025-08-02,Melissa Flores,outlook.com
ACCcce82c2a8f,2025-08-12,Lauren Brady MD,yahoo.com
ACCb34e924065,2025-08-01,Denise Santana,outlook.com
ACC11c6d470ae,2025-07-27,James Harris,yahoo.com
ACCe2e023324c,2025-07-24,Kristen Fitzgerald,gmail.com
ACCc0a1ece718,2025-08-11,Sarah Cook,gmail.com
ACC50466d5f96,2025-08-14,Darius Matthews,yahoo.com
ACCa0f159213d,2025-08-03,Sharon Jensen,gmail.com
ACCb8920b66c8,2025-08-12,Travis Kennedy,outlook.com
ACC9098ec4497,2024-09-03,Vanessa Davis,icloud.com
ACCcb10a96357,2024-09-30,Mr. Brian Jenkins,gmail.com
ACCdc651d9be3,2024-09-30,Karen Reynolds,icloud.com
ACCb722ce73c1,2024-09-27,Kyle Turner,icloud.com
ACCc73757451b,2025-05-06,Susan Oconnell,gmail.com
ACCce50923723,2025-05-06,Jose Moyer,gmail.com
ACC9cbdc2827c,2025-05-07,Matthew Silva DVM,outlook.com
ACC6c7a7d4180,2025-05-06,Suzanne Smith,yahoo.com
ACCe392bde126,2025-05-06,Shannon Larson,icloud.com
ACC42942b969e,2025-05-10,Kelly Porter,icloud.com
ACCdd8ce3b7b7,2025-05-08,Maureen Moore,outlook.com
ACC1c2676601e,2025-05-09,Edward Perez,gmail.com
ACC2056d6fc05,2025-05-05,Christopher Ross,icloud.com
ACC21ebf709d3,2025-05-07,Latoya Andrews,gmail.com
ACC34ae98815d,2025-05-10,Melissa Jacobs,gmail.com
ACC88e3cda495,2025-05-06,Crystal Smith,gmail.com
