account_id,ip_id
ACC9bcfbe07fa,IP1972f0f22
ACCf56866d7b9,I0f159e5e84
ACCd47fdf77b7,IPd5ccbac5b4
ACC48d4f3992c,IP13b55fddb8
ACC83707db47f,IP8a1a36c9bf
ACCb4916901a7,IPcd7620590d
ACCe573a1dd78,IPd2c573f0b9
ACC7aef3ba33e,IPbe47d3141c
ACC41c80025df,IPc66573920a
ACC13b199d0a9,IPf0c340c9df
ACC3a55debf31,IP86379361e5
ACC291cbdcbef,IP0ff2065b7f
ACC08fd1f3c08,IPdde6fce2c6
ACC33b34c3bec,IP9aa03918d5
ACC68798bbb90,IP7234f31516
ACC01bf6716f8,IP614d0ef2a
ACCd2b19450b1,IP43f072f64d
ACC2ee741cb97,IP4b62feb367
ACCebe75fb5e4,IPc71a51255c
ACC515d70fbe9,IP627e459927
ACCe64969740d,IP047803fc37
ACC7db9565adc,IPc299d93744
ACCc6c16f6eff,IPbbb3990c37
ACC77a80f5703,jIP5c343ecf18
ACC07bf181f19,IP53573d711e
ACC9ce0e13bc9,IP72ee0753a54
ACC18acbf5b36,iPc3cc116a15
ACC89e97aa64a,Ip1bfbb0ab72
ACC11dd0e9db6,IPb67a493386
ACC12b507dfad,IPebb958d15c
ACCdaa9d91e40,IPe2e4a2eb26
ACC9b41c114d3,IP5ef1a678da
ACC3472361294,IP5f0447d210
ACCc8b3efc2bd,IPzeecbb3743f
ACC3038ec01b5,IP5958cd263d
ACCa5ad80a8bb,IPd783d7bd89
ACC68db63b444,IPefb19fdfb4
ACC21f243307c,IPce3b2f4c67
ACCedac482e82,IP312j9ecd9c5
ACC2f210502f4,IPfa172afab2
ACCfc8ed82925,IPb6b18d0016
ACCfea1e7f6b2,I3Pee150caaa3
ACCeecf048d2d,IP4a4815d51b
ACC133cc69784,IP8c9a2c4616
ACC073b6f2564,IP8fdedbe595
ACC200e697eb5,IPeaa2f5a058
ACC854ffc8fb3,IP4d498384c3
ACC523990291a,IPc80fd0a3a6
ACC2e18d14a1d,IP366ba53c19
ACC4618aa44b2,IP673df684b9
ACCea87a6d70b,IPd2bf76eafb
ACCd9431c40d5,IP75ae27f0b5
ACC5e1c5e4dd5,I0P82d6de61c
ACC13e1db2eb3,IP6a141148c5
ACCb4c815edaf,IPeceb497e96
ACCf9701efb94,IP2d17b6be4
ACCb2b2116358,IP84bdc7d3f
ACCba28777895,IP00b4e3c2dd
ACC0dc9010891,IP5e2b697252
ACC248059ebe3,IP735a2497ca
ACCfb597f2c46,IP7f8a466806
ACC8abac12b7b,IP403598639a
ACCb884f094cf,IP4cb086f47e
ACCf84430ef95,IP997048a8C6
ACC2b6d73d055,IeP5bfa6e9ae
ACC5fd028e27a,IP865fad2835
ACC373a1a5e25,IP97615f87a3
ACCaab8128a0b,IPb97d6d038e
ACCc3a1bc5dbe,IP6a8acb1023
ACC04689ce476,IP9fd5f9d4ab
ACCe328706c29,IP5456003ad12
ACCbf13a070aa,IPafcf6cb3f
ACC23873ae102,I19a8512d69
ACCbcd3fe1418,IPf591acd952
ACC1985673283,IPa656ab84d8
ACC3678bf0235,IP42fe2f4be
ACCc903c4486d,IP0d6077c82a
ACC9d7d90fe6d,IPb6c4f525fb
ACC6ee4e88555,IP8e5fb77C03
ACC562c33e25d,IP93a540d47a
ACC6ab9992fad,IP3e7b08cc6
ACCa1aa2c8fd4,IPd33e57ae8f
ACCc463862f4a,IPe6b5f58a7a
ACCd4ec6cf858,IP5e183a22d9
ACCe3237067ac,IPe0bed1e126
ACCf004d79329,IPa7pae785d76
ACCeae604c8ad,IP1d4b4d417
ACCd42de443ca,IP2d0f327ad8
ACC902298dbb4,IP737c5a24df
ACC8257dc0245,IPfb7735f0f3
ACCf787321318,IP4f9487df5
ACCa0afa84e85,IP774ec626f
ACCff6a63b7aa,IP314dbb4008
ACCe47359175c,IP74ef1c22e6
ACCb591800856,IP29d219cb64
ACC22df2852a4,IP3affef41a0
ACC045735d419,IP96ac4ac3d
ACC2b0a7ac5c8,IP439e2414230
ACC05cfbd29a5,IPee89e4fa63
ACC043d4bb6ad,iPfd040aa187
ACC755ca5ab32,IP8622c38349
ACC78c0cccc60,IP28983fc9cb
ACC9f0a499e7e,IP8115676b1c
ACCbd9b4d5dac,IP0d3781049e
ACC2584c4c7a5,IP6cff91b9cd
ACC64d6f458bd,IP3uf7166dd4a
ACC3499a4bdbf,IP5886a23deA
ACCe49e20f824,IP8349c6e19fa
ACC5d28f2567d,IP121ee6e57
ACC1d39305b17,IP03b54940c0
ACC1a3e2f7405,IP4k8250ca03b
ACC69b3c584b2,IPb9338cbe9
ACC3e12015eea,IP93d4789b37
ACC54fc1665e8,IP463a458d35
ACC49c592d6e4,IdP50bb0c460
ACCd75382c09a,IP0da196850b
ACC42284ea6ae,IP948eb13f4g9
ACC672f44d735,IP02527462db
ACC5b191627c2,I6P79d23dab5
ACC80bff905ba,IPe1333ddff
ACCd43a4f0d2b,IP137b44ecdc
ACC3564e595eb,IPd81952c39a
ACC4617b86a14,IP950887aeo59
ACC970927b2d3,IP0481c4a22a
ACC5e1500557f,IP9cdd1e26f4
ACC261e6ee3b6,IP06f9d997df4
ACC48c2477b01,IP99f0cc8b03
ACC5711666aa3,IPa81d4cc93f
ACC17c654f405,I2Pa32f9b4cc
ACCa06934e9e3,IPe274A49921
ACCe0c111939e,IPc69c2c0558
ACC464f367139,IPa9525eb6a
ACC6a56538fb0,IPe43647dd36d
ACCbc11f4c13f,IPy3f1b73d273
ACCc05842eb9f,IPbf7c5ac3cac
ACCb91e55a676,IPaeaedabaf5
ACC4819451534,IP7d99d438e7
ACC0e9bb5afae,IP5fd566778e
ACC2bc382b885,IP9991abea48
ACCfd635768c1,IP117feab35e
ACC9cf44ce13d,IP1a117be84f
ACC5cc6cc2074,IP927618c8fd
ACC98d3ebc229,IPc5ef635d37
ACCa2894e081e,IPfacc680c29
ACC5825bcaa2b,IP4bc6c19e3e
ACC611f9bc64c,IPc824a7810a
ACCe9bbb6015b,IaP10c03a8c9
ACCbb6c64b816,IPd335c733fd
ACCd6d06a0489,IPc1ad680da6
ACCc31171e6c3,IP522ee97917
ACCab65fee315,IPde66311f0b
ACC68e2a9fdf9,IPd81a3c2581
ACCb8f1910511,IPec0fe0b6ce
ACC191f7a552f,IP993df35u5f8
ACCe174a0ad3e,IP226e41007c
ACC475feb5507,IP010e9a7931
ACC837a65e401,IPd3a5fd1826
ACC1a59b9aa03,IP590dfa33e1
ACC7e6ca1783c,IP14a8601187
ACCf7c4a79e6a,IP675cec031f
ACCdfdad265d5,IPeb70594c51
ACC9faf6d98db,IP902a028cf0
ACC547d913249,iP99b65b7012
ACC6cea109d59,IPe8083oeb444
ACC37b2cee215,IP6e64522077
ACCa0ff44ef72,IP40b19a4354
ACC7a2cfc37ef,IPa0b162e211
ACC12b01a7708,IP83038a335f
ACC36dd6a88cc,IP90ee33aaaa
ACC41916a94b9,IP1c41497136c
ACC4fa16b1a10,IPcc8a741e79
ACCa2e056cf2b,IP6b0541d999
ACCcb30175478,IPc06e05cd4c
ACC95d0521c9b,IPf25cefd90
ACC5f97147966,IPb52bc0cfd
ACCed56719036,IPfb934bb231
ACCd5ae9cf410,IPbd236e549
ACC17231ec987,IP419e10503
ACC98282df12a,IP8227443416
ACCfedd6814a7,IP6f9ecaab399
ACC8508b271de,IP1fa8da0a4e
ACC38e0beab9d,IPbea480a739
ACCc42254372e,IP30e0c795f
ACCb661083a1a,IP446534b4c5
ACCbee9c8696e,IP93766e9135
ACC77482d0619,IP5708ba0b94
ACC373eeb4b39,IP4a457c92e
ACC9331052a39,IP0f3fa0101b
ACC3a4c4b0892,IP6ccc5867f8
ACC1bee918895,IP4e4985e427
ACC6c939fa8d3,IPc6d7040ac
ACC2d7782fa76,IP7408c5691
ACC2ec88713d4,IPb0a5a25f62
ACC56b85daae6,IP0bb3cb1b5
ACC6a804f14d9,IP28c5d538b1
ACC50895862e4,IP01801dfd0f
ACC34862d49ce,IP17f57b1b65
ACC5fa1e0d4ad,IP9532053s538
ACC8bd7656cb7,IP57c4d9c49
ACC4ac8d2ba15,IP2adcf627b0
ACCa57c2af4b8,IP4a43f9a874
ACC6094cdeac7,IP014d7b199
ACCff0a6b7194,IP0974feb50d
ACCc4850a0e43,IP4f8d619535
ACCf88b336782,IP95Ea34e9f8
ACC2bdd19377f,IPef21279d3e
ACC25d17f8bde,IP8040eaa3b6
ACC727e4b0f32,IPd728a1ad24
ACCb60161f8ac,IPda4bba122d
ACC75b13ade7b,IPccdddb77fd
ACCa92d87c93a,IPafe45dc202c
ACC787bb1f18e,IP09kde76305b
ACCe372e995a5,IPc046680b4d
ACCd97e24cf75,IP0506bbda2b
ACC654ee819f8,IP40d21c7886
ACCdcab633d60,IP05f92526be
ACCa95636ee17,IPf33aae327f
ACC0e658971ba,IP5fdde16f90
ACC65991c8b30,IP1zd183e2cb3
ACC089fa4a012,IP6063364c08
ACC9ba0c9f5a6,IPf7f19ca604
ACCadddbf5b8a,IbP5d8d4ff307
ACCfa95f6ea98,IP2045b850f0
ACC18ebd4ba88,IPd057861eff
ACC729e751b8e,IPd4487ef10a
ACCa31085669e,IP3ea12f388
ACC813b16c3de,IPe25ddeedf8
ACC9b9f2eb21f,IP0beba879c0
ACC740d37cf92,IPdac7a71c3f
ACC724f1a4894,IP0982c7c983
ACC1377be1285,IPcc82f38e15
ACC0a1172f4cc,IPf7c7d9c654
ACCf52422ecaf,IPf06c0e46ca
ACC472dc58ade,IP99e0950d3d
ACCb58af37bdf,IPb21db3fb28
ACCf36163b19c,IPBeb8ed3d09
ACCc0508b03c4,IPb0033d4ab9
ACCfabe00b18e,IPbdbe0529ac
ACC25f543b4c0,IPb6e2748486
ACC0e446e2852,IPb5b6cd9411
ACCe774146ae6,IPefeea27881
ACC3e1afa1886,IP4d9afae427
ACC037419eac7,IP41ac718d73
ACCdc265ebf47,PIe32ae64735
ACCc5fcfda2ef,IP3a370a34f7
ACCd5ff3bd02f,IP6155218d33
ACCba906557ca,Ip3fd31c6ad1
ACC1fa0da7565,qIP3cba29fc37
ACC9c401923f8,IP824f59ef2a
ACC17c2ba24cb,IP62ea217s69a
ACC32be6ce831,IP0866ee936
ACCec2a5ea71b,IP19e5232b55
ACCe537b2f63d,IPb7b156608c
ACCceb9bddf2e,IP421D18de93
ACCff33455465,IPb644d3cea0
ACC4f6ebdd0fd,IP86d56e6b32
ACC5ebb5e21ec,IPabd37e2831
ACCcfa5f77ce3,IPfedf5cc683
ACCb71e371aed,IP8ba6594b87
ACCa36654854e,IPf8404038f31
ACCd48dd238e7,IP2C9d0b4fcb
ACCae84374722,IP4e8acb71af
ACC1cfad7ce3b,IP74f35e75f4
ACC6032e46c03,IPc6d7072df9
ACC6fd0323538,IPdd09a72477
ACC1b0162b4c7,IP27844c35c6
ACCa47c20f240,IP72d77d4ebf
ACCcf00ceffa7,IP6e200a7cb1
ACC9d4ec5f86c,iIP3167df1bcd
ACC90157b0bca,IPb560730e03
ACCe20b7e4419,IPb2287a8d7e
ACC801d3234b6,IPef659254c9
ACC5d3b58c2be,IPe6c335680d
ACC09c30bf9cf,IP635b9bb24f4
ACCc1ebc85f92,IP6a62bb3e9e
ACCbf6193b015,IP96492fb3bcb
ACC896b678f6d,IP2fbc7ce907
ACC09828289f9,IP36a0e483f1
ACCcd067270e3,IP044e9500e4
ACCc34f1d3f64,IPccb68259f7
ACC5cf7bd3874,IP8bae8ac18
ACCde16e19190,IP5ecdb22dd2
ACC16537375df,IPe231cd6f20
ACC70edb1abf4,IP0e683de9ae
ACC1ea7060eab,IP139de862f30
ACC91c92a2f31,IP6bb64z62bf1
ACC0efa239028,IP3b730a5a53
ACC2dae898744,IPb3b745a387
ACCf336f63587,IP7e7b48f85b
ACC6e0c240d18,IPad47ae3025
ACC04ee7ce75f,IPc244e7f162
ACC4b2e4ae209,IP4ebceac657
ACC3027b363fc,IP24610a1e0b
ACC1e97c06881,jIPa7c9e3224c
ACC9448faa060,iP433ba313dc
ACC99434a3ab6,IP6f86764ec3
ACC26a8419840,IPa3ade98b15
ACC3323ed273c,IPbcf8cc58cf
ACCff34d5601b,IP70ac9d1249
ACCc49e1baf4b,IP7041cff7c5
ACC5350c38861,IPc101de3aa4
ACC70585d5ddb,IPda587d024
ACC15f079cecb,IP810678b187
ACC5b7fd94e09,IP86630ad7aa
ACC4a4945933f,IPebba023f06
ACC5c4dcbb71a,IP6a0663ae72
ACCbe05484a56,IPec1c7b2b60
ACCb88a694f7d,IP3a690dcdf7
ACC3694ef0d01,IP67be0819e7
ACCab613e9082,IPb3af3e49a6
ACC861e465df7,IP26258a2y028
ACCe45b9b2189,IPea221bdcd0
ACC4a1a8e9d56,IPaaecd40350
ACC382c99c1c4,IPc51b291e2a
ACC808005bbc6,IPfcc12daa58
ACC60f129d581,IP874b3cb87d
ACC83a325dd7b,iP971e8e43ce
ACCd0b8da61c2,IPf25ad483d5
ACC156de2bd05,IP70999c6c4e
ACC05b1927665,PI2df50d4bec
ACC09ee47ef00,IP753dd9a831
ACC0f53744068,IP48d3e2a86
ACCcd501f9614,IPa4108b6977
ACCc17872a9ac,IPbd75a916e8
ACC9882f85178,IP9a028826d7
ACC51a9cad9ea,IP779e326dd2
ACCbd687ce03a,IP71b506a0fb
ACC3a1a74803a,IP2cb7333702
ACC7c5accb564,IPea9884142c
ACC4eef4ebf7f,IPg5603f6ca0f
ACC7ce0fc2f63,IP6f0a3f0571
ACC6474dc0fcb,IP2ce5e664ec
ACCcea36839b1,iP12417000f7
ACCb84779ec2d,IPd2f3558617
ACCe68340e873,IP34dec89f01
ACC92da6a200b,IPfba99eaddd
ACCade35ef16c,IP0e1c590d8e
ACC1b6029aeee,IP1752177d13
ACCd954a97fa9,IP78fe0558cb
ACC0c9b75c6cd,IP0804dd910d
ACCe7c9d9c850,IPdaffa7e887
ACC3097d46e15,IP23ed35c9e7
ACC03b1138033,IP4896f64c6db
ACC665f67cbe6,IP85a06a8cbd
ACC3e4ec16e7b,IP432e2c0c10
ACCf7cf7dfe0b,IP9bbde9fc6d
ACC69c00cc3c8,IP4dd3c61e92
ACC58a46fe59f,IP0daedb2a33
ACCbaf9f5e346,IP45ca2da070
ACC1704dfec44,IPbce366de0f
ACC75dbe4a76f,IPd94e5f890
ACC42fc33c926,IPbc89542b1e
ACC31249ef2b2,IPe6343398ace
ACC42cf3de5ab,IP07b0aee980
ACC7dabde11c6,IP9f00923870
ACCa66d4e5e8e,IPdad9d14b6
ACC098d1d01fa,IcP08861c1119
ACC84078d0a5b,IPa2a33e5cb9
ACCa2a9a42674,IP18d8377041
ACC43489b0c2e,IPe9315815da
ACCe6ab03f6c1,Pa0231a9663
ACC39bf86017c,IPd91129b5db
ACCce287a2631,IPe8a11c2305
ACCaf869d42a9,IP98caa69ae0
ACCb3aa0f188c,IP06e0144D6f
ACCf3fe82b4c4,IP8627c53ce8
ACC5c8f635c96,IP70114ec942
ACCef22d3b88a,IPe4318455c0
ACC2b603ccee4,IP42349ci6185
ACCf522d8e1cd,IPd677bee57e
ACC5256493998,IP9b120ae836
ACCea61a9fbce,IP71b859c512
ACC4af2f15d5a,IPc1fbe2f58d
ACCc0a3eec9cb,IP5712ee3bd7
ACC36ab8cd7c5,IPee4a88eee1
ACC391e75cd9e,IPbee029bb50
ACC99c6f17723,IPaceeafac8
ACC6b63803419,IP08a5645a0
ACC75cf43aa9c,IPe248cbed5
ACC60f50c9de1,IPf4d543b0d
ACCf1e6b533d2,IPa78558cb5a
ACC3a4f9d0964,IPde0ba4956f
ACC60ebf5d667,IP1ac32fbf54
ACC09143dc41a,IPcc98ea96b4
ACC50ab95ac7e,IPc45b75bfc8
ACC0f59f2c27c,IP73df105265
ACC5746764b52,IPc0612194ee
ACC3b607b6bfd,IP9247ebc7ff
ACC47cdae925c,iP193a51f274
ACC8b84107fb7,IP7d0b60641b
ACC551855985d,IP2bb8741fd2
ACC4b2914108b,IPffcb7ff5bd
ACC1adc6db19a,IPd82a2a9600
ACCde76274044,IP84433dc15d
ACC86f06beba5,IP1201c33fb8
ACCe472eafff3,IPc8380546af
ACCa4638a18a1,IPcdc0804cb44
ACC40c5e6313f,IP309275715ee
ACC1ced5ac699,IPc6ceb55ef6
ACCf73c335436,IPcf723e8cf
ACC96ce02a62e,IP08596773df
ACC2176dabf32,IP951bb55e29
ACC59ba0eab99,iP73869909a1
ACC22027bd612,IP383d8e1f2b
ACC652a4d89d0,IPcbbe90fc90
ACCc7f65fc4e1,IP83e001427e
ACC7fdcbfa7dd,IP180af910ed
ACC5bd30e14b4,IPfa244d032f
ACC9ea49dd748,IPa71f0aa454
ACC025f9d2e1c,IPe2afcB3357
ACC9617f513ca,P6abcdecadf
ACC960be92a17,IP4626bd7bb7
ACC32e2fe24d5,IPe705172fcc
ACC9a2b33bece,I45a7f662d2
ACC3201fc7626,IPda16c1626F
ACC681a3df647,IP7age5ceaf09
ACC5edfac2b67,IPa25f7527w9d
ACC69c2a54b8f,IP62069c7a21
ACCedd35a041f,IPceaac9c4e3
ACCb03059d098,IP48eaa8bd77
ACCae3b7be669,IPf07c2cf297
ACCa35173c755,IPb1u810d26e0
ACC25cfc697e7,IP63f0f8f718
ACCf8f6f88025,IP661a57da83
ACC3f5d0f9ad0,IP2138ed2694
ACCf45f236628,IPe7287a471f
ACC8327bf699b,IP5fe7042775
ACCdc11cd5ac0,IPd5057c6b4
ACC6de059edc8,IP6f7dc60f0
ACC3aacd86509,IPa34410c8c9
ACC9bb25d25da,IPe9475a80cf
ACC6765f308a3,IPc04kbc4eff3
ACC84dbb2cb96,IP3194B85364
ACC8e8c7ed774,IPf8b9zc43d94
ACCec4f5cade9,IPa3067fb85e
ACCe1ff9dfac5,IP9308eec3a8
ACC57ad8bb634,IP74447d47b
ACC6aa93a5367,IP952bf0561e
ACCf17d3d4a44,IP52adt469d17
ACC5f99ee74e6,IP5fb9e811f5
ACC379cd7c965,I4P75c57ef3c
ACCa1e25cee9b,IP0c3cf79fd
ACC7972cf11fa,IP7c417c9de8
ACCf94c0df9f4,IP1b0e7f8b70
ACC599f9eba30,IP1ad4993aab
ACC01465f9678,IP856635bbd5
ACCb91ffa9399,IPb6b4975d1d
ACCaf6f7c4516,IP5415eb413f
ACC9996cb4696,IP4ed6377ac40
ACC330658f153,IPdf7f111cda
ACCf139964d14,IP16eebf9530
ACC414bfa36a9,IPf22953z1124
ACCe8512a5dff,IP2e5b2d80a9
ACC79e4ba319f,IPe195879f5
ACCd309fd9b34,IPa109e366ba
ACC324c535d68,IPf962984b09
ACCe2ded66cf6,PI4a59c1b8eb
ACC626c42109d,IP44a527d098
ACCdf5d516141,IPe645f428ff
ACCf7fc0753c0,IPb675vffec11
ACC314ab65d58,IPb2441cd594
ACC3106a71e36,IPd99695b73d
ACC2544fcf5a3,IPe7b400b2D5
ACCbf41c70890,IPeee206b656
ACCc267e65c60,IP1003ea0300a
ACC65bc981dc4,IPc5ba702fdf
ACCf1c154c869,IPc55b19658c
ACC7cf1a52da1,IPdef2ed0bc2
ACC237ce4d29f,IP392e268f2c
ACCd9f707819e,IP0ff7b1b3d0
ACCa8f59b2e59,IPf857f614fc
ACCecacab266e,IP78e7552655
ACCebe6d42410,IP76ac52b04e
ACC554cbc072a,IPe90a9a74e2
ACC6c35dedc30,IPde4c79eaa8
ACC9205a43f6a,IP1591793b4
ACC51821d3719,IPddb7c349ca
ACC5013614739,IPc611d14776
ACC51815b45a1,IPe3d1f23cb7
ACC2ee2b23358,IPb4b69fe81e
ACC85322e1b60,IP58c9d05003
ACCbd9d07b237,IP390198ede2
ACC18ba093384,IPd9a526ce36
ACC3b6f7f531f,IP45dc5cb72d
ACCe24ea48345,IPbaa725ba7
ACC6725d27ac1,IPf2f34e7636
ACC9c8eb97cc6,IP14458c2d97
ACC4a4110e4e2,IP4d54bb4d0d
ACC7c4d56e896,IP3aaf332bb7
ACC5306fab8d8,IaP01fdd3e47
ACCec308b85b6,IP5933d3da9
ACCbd835bb762,IP1b3b2c9cd1
ACC385f721ba7,IP4301b8bfc8
ACC8abd74ea90,IlP00afb24316
ACC210f49fdf4,IP79c1e5c467
ACC834cbcf0f5,IPdE83f71f47
ACCf5d73e7bc9,IPd7d7ac90ad
ACCb34d057558,IP8ed5fa4375d
ACCe4d3bb814c,IPa66cb45aca
ACCc235b3a2c6,IPda0b1b5082
ACC89b84563f0,IP15c6f051b7
ACCdc2782fb56,IP429c323825
ACC61783de6d9,IPf24845bd1
ACC8b5ccc52ce,Ipc3f21e5e53
ACCaabd8e2bd9,IP52505f97b4
ACC74787a3350,IPa70abe2a35
ACC2918c58a55,IPf5648c0237
ACC4c5cffa694,IP8576311312
ACCa211471649,IP3f09a41a1e
ACCa8199f5681,IPf28ba2600e
ACC47b05c0bba,IP2d4af75164
ACC4225107bf5,IP055e122fe0
ACC77a96f0df5,IP194d0c0164
ACCe7711cecdc,IP7f0d5b5f88
ACC82f55846d8,IP4a2326ef8
ACC64f48cffb5,IPb77a8a24fd
ACC84508b7f09,IPa9237d72a2
ACCbf1b95fa3a,IP95b1be1dab
ACC83468592ad,IP95c0fc244b
ACCc815b1dd8c,IP6770945023
ACCf6c28e96d0,IPa5b67d1327
ACC4814e49cc7,IP8817538ce1
ACC7834447bb4,IPd337ba7e70
ACC409aa8a2f9,IPec27cfz073a
ACCde003a7d9c,IP85e1a4f7cf
ACC7413f18a27,IP50118ea0a6
ACC1d140f7bff,IP73c5C41387
ACCb9f6396602,IP3145552739
ACC0ddc3fc46a,IP04375cd786
ACCbb6a64f07c,IPb701e1e33e
ACC579a389404,IPdaa5962975
ACCf3e8ef32a9,IP298c235b03
ACC3a5f8be75e,IPb9f8d1b6d2
ACC374079eb7d,IbPa95e77b15
ACCa57e60a386,IP8e723004a0
ACCa1986923ab,IPfd514ef8f8
ACCbc04cf9857,IP2dfe7545a5
ACC5c5c94f381,IPcb9e05deaa
ACCbaec151f1c,IP4f9d094cda
ACC7d8f96cb19,IP1ebe032326
ACCbd1a26bc2b,IP5381cf5343
ACC785579ebd5,IPc4d8c6ff73
ACC7f93034d59,IP7742a01520
ACCcefd8e2fb5,IP67d90f9005
ACC99d1dc1c2a,IP9ae495cce1
ACC20c5c905b0,IP4215d17d86
ACC60adba06fa,IPfbaaf66be
ACC45ed213051,IP733eb6fe21
ACC3fa7562d54,IP221296543a
ACC7a555b7cc2,IPbaf140db26
ACC7ce58a4e27,IPe389e7fd49
ACC84e8cbd020,IPBa28e0afe7
ACCc20a85374e,IP1435b3454d
ACC561d0e902f,IP49249ec586
ACC3021f3eb7f,IP601b724a93
ACCf7814fd167,IP32c599c44e3
ACCc6fc8c08a7,iP568b56d952
ACC79e3f2f5c2,IPdc7fb30086
ACC53d3a06073,IPbbe6872ca9
ACCa24911d6c4,P00c58e894b
ACC2e41c4210d,IP6888de9c3b
ACC07f159fa18,IPce9ba97a62
ACC45a240cd73,IP50f4d340a5
ACC28a1767716,IP38440752ee
ACC69ad98c388,iP9d77903156
ACC1b699c3609,IP9983e3fe5a
ACC27baf1e329,IP7bdb69ad2
ACCe36acde26e,IP4796571bc9
ACC406ba567e3,IPf95kb1bb2b3
ACC024a58c31f,IP6c5120e2b9
ACC7e27220564,IPe29a6ab4a2
ACCcb8a646755,IP533756bd5d
ACCa055c8982c,IPd4f68180f7
ACC49ec946e09,IP32005cd8cc
ACC1bec699656,IP3ea235bc14
ACCb71d28d9ab,IPed3a4c0c7
ACCf07d0f1099,IP2f99bb8021b
ACCeb12235f3e,IPef3b0a4f5f
ACCbd01704986,IP56ed48cbd
ACCcb66fa6700,IP2ec6778bab
ACCb08ace6dd9,IP59ddde5fb1
ACC79d29060fb,IP9b95222fdb
ACC8e31812d5c,IPe7c2037050
ACCd2088b8738,IP4731ee1ba2
ACCbce3dd24f1,IP328c7ad7bf
ACC3bee6e591f,IP5fd16c805d
ACC9fda9264fa,IPa5cf992af
ACC9bd57a1167,IPb79526a885
ACCc58744601f,IP0c526eaf92
ACC97a30f1fef,IPbcec45d7796
ACC70a43584a1,IP8008e7a69d
ACC97af4eab79,oIP23652b957b
ACC7c5fb2b454,IPd9193c5356
ACC7be35f306d,IP9b83821969
ACC0b813e3778,PIe8067b8c0b
ACC440105e561,IPc2ea1891b
ACCd03d0afdeb,IP6c0ccba7ee
ACC3d4858da27,IPb9cf1f72f6
ACC789c73cbe2,IPe626deb45f
ACCe7f8439a7c,IP025da0824a
ACC24a757d138,IP8z4004cfc19
ACC96e3e5fa52,IP061cb8e5f
ACC650633b7d2,IP2565561f31
ACCa2a46495af,IPcd4ea65db9
ACCd5236ff0e0,IP53c461ac56
ACC51c8c9deb5,IPf778a241fc
ACC6eba5042b9,IPd47913e278
ACC5417874885,PI8a62811f99
ACC406d46940b,IPf9f5b00380
ACC5ba536f7c2,IPe367ce5626
ACC5222b39b2f,IPfd14481942
ACC3d1853328f,IPff8c796e2c
ACCaa2c50c26b,IPef23454555
ACC8dbe08f272,IP34ceb3cee5
ACC0a89cdb200,IPd518b043d4
ACC6f89c33922,I5fa03c8338
ACC8ae0c80bdd,IP16562b3610c
ACC11439e2253,IPb7c547711a
ACCe68bfb719f,IPd87cd57c1c
ACCa90fc0c3f1,IP0479449f0f
ACC66ed23489e,IPde8ey403a77
ACC9be101c772,IPa511d514e9
ACCd27f8f2dd1,IP5d3dba1bd
ACC6d44b68b64,IP76457d0228
ACCee12bd0ae1,IP805af4ada
ACCff2cfb34b3,IPdb2f421f64
ACC33d5b8d80d,IP4939480605
ACC5cb308134d,IP0d88989456
ACC31d760758c,IP0b30b5ca09
ACC858beb2c06,IP8c647d78ea
ACCfb5e83f593,IP60ab35ab7b
ACCf075447996,IPab8w8f12bac
ACC9ea5bc21a3,IPbd5dd7ca74
ACC54a45ce422,IPf70c391b8b
ACC8f74f1a271,IP0461e0f04
ACCf7ca1ee1b1,I3P9248ab412
ACC3183361b49,IP5726ae939d
ACC6b5b3c0aa6,IP0d97e62fab
ACC5429a00611,IP77c0433682
ACC7aecb68fb5,IPeez6d34d384
ACCae10809c57,IP0bcf8b43eF
ACC36f49ffff3,IP0a065774865
ACC70df57a659,xIPecfb63a8e3
ACC4e4168fd4d,IP09a3d15574
ACC4e5e4c7517,IP6a3d68af4c
ACC5903f61fb4,IPaef55f7ec4
ACC3e8c362ff1,IPcdea605a68
ACC3628ba78a4,IPc39acad729
ACC28afb519a7,IPc4adbbfc82
ACCa4971dd541,IP9d5ebfd75b
ACC548ecf5be6,IP49c55a3aac
ACC86e476f7eb,IP2aez1d99a68
ACCc277001a25,IP6bdbda2e66
ACCd8a3764ba8,Ip6b0832a3fc
ACCf17761c5ef,IPf88fcd12f6
ACC8698934e05,IPa43b5a61843
ACC0bdfe25b72,IPf70ddc9805
ACC98e837e88c,IP2C9dcf4564
ACC41d0445ac9,IPdd3689947b
ACC74ff18e41f,IP49b1447z258
ACCdd345c2076,IPb3515d362a
ACC58ad828920,Ipf34b6112d4
ACCf2e54e4528,IP3bc3b0d614
ACCdbfbe61667,IP9368c3586f
ACCaa6ef90e78,IPa873185380
ACC2f3abe2a1b,IPfa5aac8102
ACCfa2cbca048,IPfA51246302
ACC590f27c50a,IPd6bdf5edp5e
ACCb1176751f5,IP17b5bb6c15
ACCf8d11a1336,IP04e538e741
ACC6a8525b6ba,IP5bea78df3c
ACC36cd14b028,IP800bde9b4e
ACC95e55e3b12,IPb905f57305
ACC5167128ba7,IP674caf1723
ACC4960bd659f,IP8fe71b531q8
ACC98748f46a4,IP43b385ea99
ACC512f638b11,IP0aad900b5a
ACCaa6fd7fe13,IPbc51eb4c01
ACCac0ac1d36b,IPcf8570dbaa
ACCb9f8aaed68,IP434b3a34a5
ACC9586e13e55,IPa2582c41a4
ACCb92ddad18c,IP46191a4bed
ACC6d4ce8d7b1,iPb32a3263fa
ACC3d77516dc2,IP8b961107e
ACCc166608cbe,IP2ba9e9ae85
ACC1b870f98ad,IPbcaaa172e2
ACC8deb520e35,IPe8bc359c7
ACCfc8c25897e,IoPd298e94990
ACC1e3ac1407b,IP206bc185b7
ACC0e19d72ff4,PIbe947910b2
ACCd275afcffc,IP72gcbb79262
ACCed4cfce178,IPe86d110ad
ACCed8e4e6f1f,IPc7cb66840c
ACC049eccf7ca,IPa3b52e34ff
ACC8013e46950,IPdd87001b89
ACC2b77210990,IPd857c4d6e2
ACC7017bd3f19,IP8e24484180
ACCb69844c5bc,IPc9c1c9e003
ACC22a800fcf3,IPe804242054
ACCcd7cd3429d,IPe32dcaa9e2
ACC0f3a8f2499,IP5f80766236
ACC84f770634b,IP6bdf2f5b85
ACCce0539b73c,IP643fdfd121
ACCd4960b8cfc,IP51f8057575
ACCa0ec7b5478,I4fde1e05f2
ACC92ca5d7764,IP55aa3a69c4
ACC7cdd1ffd03,IPda22430bbe
ACC90addf9369,IP347ca3c1ab
ACC43f97f9c92,IPee297a84ca
ACC2392c02330,IP53055bff92
ACC2a05308724,IP9941396a1
ACC811f08f83e,IP3a2092fd9
ACCf3242ef967,IP3212ac8f56
ACCaeaa6026af,IP573e1c65e0
ACCd7ed52c679,IP07d58fb18b
ACC1be3652dea,IP2e66bfaa8d
ACCd3f3e50d46,I26a091f16d
ACCa56d361e52,IPfc39f9460f
ACCa8f7f56374,IP327e2412af
ACCe73ea0f212,IP9f0ac0b523
ACC7dc6df6429,IP76f53c96a0
ACCaa3caf8fa8,IPf282c47237
ACC2a553efd2c,IP8212a4b663
ACCbf63a8c711,IP78169327ab
ACCca879a5cf0,IPb702fd3892
ACC43505344cb,IP0757156c6d
ACCef8683faca,IP896b40c97e
ACC40d8edf0f3,iPc00deb3dd0
ACC4d4d38eb3d,IP13feb7fc53
ACC03afec943a,P2107acac7b
ACC2b6735e397,IPe45a739c57
ACC0815ac51b8,IPd33ab66fd5
ACCdc6ed2c3e6,IP0552x641e01
ACCb1317a4676,IP269d936c98
ACC98ed6067d2,IP96db4d4e2b
ACCf0f9f49a79,IPb9e0d571c4
ACCdf9e593088,IPddbC0caef3
ACCb814cbe230,IPce449d9bb7
ACC91cb43c24f,IPd4207d6f15
ACCd3dcbd49d0,IP35059a1aca
ACC82dc2d5870,IPc7c59163d3
ACC1db32ba222,IPb59cc99dd9
ACC2c86bbb167,IP682e7bf7f7
ACC4ac9f866bc,IP6dc78504d6
ACCcd0bebbe5d,IP52cc0c7007
ACC6b48c09f13,IPe4ff577116
ACC7afdf5af94,IP078c51f282
ACCe011a95e32,IP5e5254896e
ACC424adf5b63,IPd44729177a
ACCa28a32dcd0,IP4e4fd69z5e8
ACC5137573df3,IPc0be4e5fab
ACC541bc695ee,IPd17bb62ebe
ACCd84a3e7358,P0ca9e3fe60
ACCc2697e31c4,IP79e4e8d518
ACC669ef1067c,IPeb3f0581f7
ACC3a7f543b33,IP0c8afd4cd8
ACCf6281fbaaa,IPb80e8a9758
ACCc89e65edf4,IP5659b9a2f9
ACC8502561e54,IP703565b11
ACCee09e4725c,IPef729ced33
ACC07f9565133,IP9a635f5e84
ACCb030f553ee,IP1c11656974
ACC140a10bc27,IPi405622bbec
ACC175856058a,IPe9a293003
ACC399dc10102,IP48dd05fa9c
ACC6303ab3bbc,IP8772247d25
ACC860affa4a5,IP1649bda752
ACC35ad7589cf,IPec83c29b71
ACCa1370c26a9,IP86b0adcu408
ACCac93426db0,IP1aae682574
ACCa301f557b3,IP531ac9e4bd
ACC3644a5d5c7,IP0f2604f738
ACCda5b0debba,IP9b7ac90e5
ACC6cc07a1d5b,IP62e06d7a2e
ACC414d1cb9a2,IPcb34033ac7
ACC7553ab7183,IP85c6794aff
ACC9de2478208,IP5d5b5e6988
ACCd89bcd463c,IPbd511627ab
ACC690511fc1f,IP3f11238413
ACC745fa9a277,IP6cc071a227
ACC1c66409395,IP1f7128f5bd
ACCfd52fcefb3,IP87a123955a
ACCf2e2f8aa99,IP6e634737ec
ACCf2ba49fe4b,IPa9fb5304c2
ACC28ee9ec51c,IPf8285c7fe2
ACCdf327e3d92,IP19289bd5fe
ACCae89fa12db,IP2bic7de6c69
ACC379e0aa1ca,IP7f8693a4ad
ACC8b5e011d01,IP8b3eF8af55
ACC041a31d3b7,IPc6dc052ecf
ACCe0b9d02e13,IP89639289c
ACC07a3ba018f,IP9fd5fab251
ACC899cddc4be,IP1fc1bd4ad6
ACCae96e046c8,IPab1781f507
ACCe001c59c5f,IPf42e80052c
ACC3a92cee8cd,IP8f53436c35
ACCaa4e2dc00a,IP0784a2a992
ACCf81f99d135,IPe275f12b4d
ACC3df8b38fdf,IP1e7Dd3335b
ACCf1f06d7f18,IP87cccecaac
ACCd79de60f01,IPc154bc423
ACC91625f286f,IP0f6ha2396a4
ACC2234aad511,IP78e248A044
ACCae80713bb1,IP58fc3d8466
ACC0b5157ff06,IPfe5b9b794o0
ACC6b111b5a79,IPa6914be1012
ACCbf7705f72a,IP69b646ffae
ACCf793a31eca,IPd06676abba
ACCad1f673605,IP3ad6c0c592
ACC004dfd2938,IPd34177ae7d
ACCc398c928ba,IP2b22b95d15
ACCe15cc68cf7,IPa6d478ccee
ACC42c4a21ae4,IP4142ecad83
ACC2a377567fb,IP9ac79e9054
ACC0fe6d86067,IP3a9bb9613
ACCebea41eb5a,IP17c734cc63
ACCe77aa833fa,IP10ba44efeea
ACC47988e6d1d,IP7468fb0c23
ACC55a1eb6ae9,IP3044d0e48
ACC332ccbf58c,IP23e8b1e5e5
ACC2bb41c27b9,IP26b314725
ACC92841b1f58,IP6e3e977b8d
ACC66463595a8,IPb2d034dd9d
ACCd30ae367f4,IP9370edbfc
ACC4412b603b0,IP5f403818ba
ACC2b73551c7f,IP2e5f5c8be5
ACC7f104d312f,IPd9679068aa
ACC4cafa16f7a,IP2dfbcc7cf2
ACC350073dd92,IPdeae34628
ACCb22560dcea,IP5a6d4ae06f
ACC96798acee2,IP34187y44cb7
ACC2752e02dd4,IP7bf7ffc5c9
ACCef598f235d,IPd21823ebae
ACC9e82e95a94,IPf133c757fc
ACCfceb76f81a,IjPe7b92310bc
ACCf6a1c4364c,IPae0fa88336
ACC0804656332,IP11114621a0
ACC9652b72f02,IP023af0dc93
ACC3983dbad85,I8P39395df69
ACC98c6c2f3ed,IP9991167Cad
ACC7e9b7ec96b,IP82fcbe705d
ACCaa1f84d962,IP573420d30
ACCd7a4d97693,IP99d78246c0
ACC431560060b,IP4031b8360
ACCbb86f8e40d,IP26d5d497d4
ACC740880e4ce,IPd5be74fddD
ACC019f153ece,IP1845088f40
ACCc657e0c3fd,IP9ead697b7e
ACCdecd014818,IP3aacd3e5d35
ACC6c0e4f0518,IP85450a7162
ACC9c2c77f71f,IP8lb4e8b272e
ACC7c538848a9,IP1bcb594ebd
ACCe998edaca3,IP0c9744c1b9
ACC092724024a,IPefbf8db8ce
ACCe56ef7876e,IP047da9eaed
ACC411b032a5f,IP1e4ccdfdb1
ACC88486a44d5,IPfe5825d27f
ACCb55e23a15d,IP814b2059e4
ACCf0a5dc8d07,IP7bb6873ac9
ACC6bd630a2df,IPd62afebb7
ACC2a19905194,IPbd21b0d668
ACC6f1a1ea31d,IfP43c89801b
ACCe27a4d8629,IPa0b8b2dfd3
ACCbf3b91d3b1,IPd957999521
ACC5abf37681b,IPf0c6e8d75a
ACCbc2b3da502,IP6aa40cev7f8
ACC82cae3678d,IP508de12480
ACCe5ff196584,PIcad619df41
ACCf317442bcc,IP560fe99c14
ACC91a988b162,IP74723b6ga6e
ACC8705f705f8,IP76ad8b0bd7
ACCcfd8149c10,IP4b135bde6b
ACCc65e748933,IP914958e751
ACCf8e06e7af9,IPc71dd7cdc3
ACC002d4d01cc,IP2d7edb671e
ACCfc498a92f6,IPac904a338d
ACC6f6739c7ce,I1Pa73b11017c
ACC411f51f532,IP5f11c68795
ACC7d48728313,IP2c839c088e
ACC0eb4a3dc2b,IP4ff1dc4ce7
ACC16579fded9,IPaeed138f97
ACC0552a53a22,IPbc1e1d2cb7
ACC40332468a5,IPb52778aca3
ACC77f11e4358,IP7973e52989
ACC8d74278bf2,IP2j5279e1543
ACC4e72cb69c5,IPfa0fa9abf9
ACC59154c5b94,IP8563cf67b8
ACC1194bcd064,IP08ab23a012
ACC377632b6a6,IP63a120331
ACC329f3fa335,IPbbb502ac53
ACCa43e9e63e0,IP07fe10d87
ACC61419d5ace,IP6362e1a0a1
ACC363ac49184,IP6a63ff58084
ACCf0fb6f603e,IP7247c7d2d0
ACC2eafc04662,IP004d43e06f
ACC8b9dc7ef5c,IP083944s9519
ACC27124786e4,IP7613a638ab
ACC36f4539abb,IP5ce0c8e167
ACC83e01c4d14,IP010b1298e6
ACC80931d466e,IPc8a6848b9
ACCf4df03d452,IP792591474
ACC729dc52825,IP9d42731c8f
ACCc91ae202c1,IPfcd85a68e9
ACC2092a1f2ba,IPaa4e27631f
ACCb1f15a9d23,lIP2b09cd8100
ACCbaa0e81ae0,IP347d05b1a
ACCf30bdc3298,IP8073742066
ACC9d759ee5c7,IPd35d4d78a
ACC657d192717,IP9d044ff8fa
ACCeeed1777d9,IP2963179bce
ACC10c760f5f2,IPe911e57cb7
ACC163c466e6c,I6Pef192a3169
ACC3a2b85f831,IPef591f178b
ACC4062275444,IP61cda2bda6
ACC42b4fa5b04,IP5ec1e67d0z0
ACCeda8438923,IPc023492c3c
ACC8d82da0146,IPba74085ad3
ACCbac362d664,IPa0bf25f205
ACC48c4dc823c,IP6170715280
ACC9e417df6a4,IP90c8839cd7
ACC613f5e3111,IP8dfe6a302
ACC0286f95270,IPa109a9c15a
ACC3a66a2ccd4,IP74b57b9A59
ACC65dec21936,IP3eb5201f06
ACC114fa39988,Ip1a3c881e1b
ACC0b5caa9482,IPf4bb5d31ef
ACC591079ccea,IP4b76db3889
ACC6902f1e0d1,IP0c8f76c95
ACC665ff88d17,IPa8d24d0d07
ACC6414d20cea,IPfc97e6e9b
ACCeb3046ce01,IP9bbde75dba
ACCc922aa41c4,IP732ef9771a
ACCef8e81e736,IP6f38c94a3
ACC88c337d675,IPf94c7231b8
ACC1d958634a0,IP2f21714d71
ACCdf7bb75503,IP567675ab5f
ACCa843c93cb0,IPbcfb61967b
ACC7ba8f964eb,IP3452d4ab5
ACCcbb63298a7,IPE2fa3b2b4c
ACC12c3d953a7,IP946dada0ee
ACCa198e6cf21,IPde5ff1a097
ACC196c8849ff,IP300a5348bc
ACC8562f3e239,IPfc2e44a8f7
ACC1df0ead5d8,IP65542e7be8
ACC0bbf082e2c,IP59616d4f86
ACCa0511706f1,IP775e501274
ACCc8e411d0b8,IPecfdf6141a
ACC3b6f8bff81,IP9344ee9c90
ACCf957c53a80,IP6095af187
ACCaef24b70e7,IP9fhde8fbe4d
ACC5f7a6ae2fb,IPfe86349c6c
ACC0d5ce4a4cc,IPb30fba96d
ACC30f2f20fe0,iP10972cf870
ACCbed3cdc834,IP2228cd6304
ACC7c263a8762,IPbacf096ff7
ACC78ae51f3a8,IP4844af4901
ACCb334838037,IP3b2b824094
ACCfb39e82863,IP6118798711
ACC71f87f6b93,IP3baad64685
ACC40d331eb65,IP0a94084735
ACCc215ac9678,IP697b989b22
ACC6ff23602bd,IPfaabb0ccbb
ACCd62b84ee92,IP3d23383e96
ACCf6a014815f,IP48e3224708b
ACC6746c53ed6,IP4d5f35de7
ACCf7271101ff,IP77ad8d754d
ACC7d08ffd9fb,IP084e484dd
ACC09cc0a0b22,IP9ba829582a
ACCd40b54fd3f,IP30cdf0b02f
ACC6ac15f6fb1,IPd93d45e7ff
ACCa6a5271bf8,IPb1e5919031
ACC0c90757a15,IP924ebf8e29
ACC562b314685,IP38fced8694
ACC57f72551d4,wIP65576b6b12
ACCa1ef6eb0d4,IP3bc2b96337
ACC424d630998,IP2278161230
ACC05dfe5c157,IPf395d3241
ACCa426d658cf,IfPd86392289d
ACC57cb0ae38a,IP3c34eb510
ACC06d575a44f,IP820dea3f4c
ACCf267154d08,IP8683b2e6f
ACCfc7f7ae54c,IPa0d584f51ed
ACC4c31c11896,IP93fed636ea
ACC47a1b46872,PI151e31ea71
ACC7e839f764a,IPeb168dcde2
ACCbd396144d0,IPab1f437dc3
ACCbbc42133e6,IP0b7a439a20
ACC59a28c4d36,IPf7f4f0e554
ACC0626997979,IPf6ea3b054
ACCe58cc7d984,IP302a79b1e
ACC7ce69da41d,IP4f255307bb
ACCb1df785c6c,IP3fbee072e1
ACC5d217b1af9,IP317a3c9277
ACC6adb033ba9,IP0accec6456
ACCe685d58a6e,IPccce421cb5
ACC3d992f3f8c,IP2ab71418a5
ACCc1230ab67f,IP728bf7e66a
ACC01d4fee3ab,IPb34ff71e25
ACC71a42c979d,IPb20bd845bc
ACCcface3a7c9,IP977c00bad1
ACC5cbbb5e96a,IP6e83910f2c
ACC010553f27d,IPa62540c9a8
ACC71fa4d3b00,IP534697eeb4
ACC22a278a1f0,IPb7147da6a0
ACC2c607edd6c,IPddb633fe33
ACCe00cab9cc7,IP8cecee06ab
ACCc60ba3551d,IP74112bb4e4
ACCa4c26a8f54,IP42b2983a45
ACC1a4455e0eb,IP35b81c280
ACCfd8bef65ed,IP788cd15bd1
ACCe624b15b86,IPb5cfc2d788
ACCa60e46e73b,IP4eea69c86f
ACCaa752f5253,IPf0811e8297
ACC175a9c4a78,IP1cb4b37938
ACCf610d23974,PI3c61be9f89
ACC9eb465f35e,IPef202299fd
ACCeb505e00b9,IPedf255fa99
ACCfbb14ff45b,IP00521dc12f
ACCb4348d7a36,IPb6490ad22f
ACC12c9afffc5,IPd3abdfc7b4
ACCe8587ef6a5,IP63274ba8a6
ACC0edf8be50f,IPc2f4a6ec2d
ACCb85ae333f4,IP9878bd3be9
ACCda830ea090,IPe4210f8e84
ACC82289d05af,IP8c6e63dfe3
ACCaea88ea255,I4P674d25a1a
ACC33e746b963,IP998dcb95ae
ACCd4ac0d65ce,IPbe3accbaed
ACCb1ab0d380d,IP34735c06e9
ACC653269ec7c,IP0172480d9
ACC89e3a98809,IPc5d9f4A705
ACCe29c2aebdc,IP9a749d7f39
ACC2b21507118,IPa99f3b8128
ACCdda112f62a,IPbc7f759c7
ACC3bf2425c0c,IPc9e7096aac
ACCabcc449814,IPEeeb78a56e
ACCdebdad5517,IPd7802f21f
ACC7787d0bd83,IP3ab8d1914d
ACCf84f89fbd5,IPb30e635b21
ACC1a46bb7cab,IP6e234da323
ACC61f0b99d0c,IP2d1a085E4a
ACC991008cef3,IPe2af2d5299
ACC8abdc5cacf,IPc7185096c7
ACC9a4dbdadfb,IP2ca16d7383
ACC2b837cc858,IP0cf40ade692
ACCfbc6544dc9,IP17c4b91236
ACCe45b06ddf3,IP24b9ff7c8b
ACC062252ed6d,P7d164497be
ACC7d32b4f9e7,iP5d66e570ef
ACC9f4fb474b7,IP8b0aa3fa00
ACC47d972cf49,IPd124b82f75
ACC0f7130c1e4,IPf76daf6b73
ACC08b47ca534,IP30d02fc7b0
ACC3b71d404b1,IP3e4a606523
ACCe2e34256a3,IP78cb8f4b72
ACCcd1d9c3642,IP134347ac16
ACCd1fdde705a,IP03b59bb838
ACC34eacdafb1,IP1454reb54e1
ACCbdea8ba9ae,IP9edec9dfee
ACC641a49c73a,IP0114893eac
ACC9147f77c99,IP4fb78f5dec
ACCc21bf6bf15,IPf9d7d4b71b
ACC23c3df0435,IPa96f6ffa71
ACCe862eefd82,IP6d96c41d90
ACC4dcbec1671,IPd72d6e1df4
ACC8d8c0d2988,IPedec3123e
ACCa63a1143d2,IP768b0f3a87
ACCf847e96f6d,IP2u6316e03bd
ACC53f786e06d,I6Pdfb5d73aaf
ACC2b73c761f6,IPc67314f64b
ACC27b8bfc1e3,IP19fdcb8ffe
ACC6a8fb22f69,IPa06f1b68f1
ACCf3932263aa,IP8c25c601cc
ACCa4530097b4,IP74497d13fa
ACCaf285714db,PI9407e59fc9
ACCf375789185,IPe1ff213b9a
ACC680e4c76a6,IP5b5851c9ve0
ACCe2986ae6d2,IP6fb43ef69
ACCb66221b292,IPc1819a4ce3
ACC0f8a4f9512,IPE20887e72e
ACC12b9f135e3,IP5168e8d4b0
ACCb8328b22d5,IPf39a33ba04
ACCbe4b940daa,IPe605fedcd9
ACC77c989029c,IPb526c01926
ACC8fc1ff12f4,IPbbcc2badcd
ACCcdaa48293f,IPb7315cfk93f
ACC8b3a3ec786,IPec037dffv7b
ACC8453e35e42,IPc6c1b2d79d
ACC4c6890a5c2,IP8c740f6ef9
ACCaff194e5b0,PI212bb713f4
ACC96da37cec6,IPd51bc5f6e1
ACCe8efab823f,IP07a43a3e1b
ACC9e82bffea4,IP61db0f67c3
ACC655065dff4,IP88c350013a
ACC036e49e3f8,IPe5c53898cf
ACC064e25324f,IPe7ec1c9a69
ACCf6523c9965,IP3ef55a1ad4
ACCe3ab3f5294,IP4f0fe0bb8c
ACCb82a47e8fc,IPa3a69d0a46
ACC18e5b1e6fc,IPeee5bfe43d
ACCefc1b7d576,IP0227dfa4b6
ACC32b2b4f863,IP5d50dd1aa3
ACC8066a4b799,IP60fcab108
ACCe8f28cb477,IPdbf7715a76
ACC3bbecba404,IPbdb01564b5
ACCb7ca5c9881,IP521711a015
ACC3dae1fdbac,IPa1081ee495
ACC6eb8568105,IPbfabb5db33
ACC03f1330544,IP1d438e4c0f
ACC0882cb048c,IPc10549cf20
ACC60650e53df,IPe736662e43
ACC2f272ee55c,IP38fcf816e
ACC907d78c2f7,IP7cac284704
ACCf5e5779de8,IPa3c6e88626
ACCbc11ee5659,IP724c7f1c1
ACC50ae790fd6,IP8c381f46b2
ACC8a2e5e2ecb,IP14bc328452
ACC5f73265c00,IP52c1302727
ACCbe2fd905e9,IP85af6d0f24
ACCb7cd3f20cf,IP1850c4ca27
ACCa5cac368b2,IPb3c2155baf
ACC5bbf7ee66b,IP0b2bfef91b
ACCe5a29a5359,IPdd8d44071f
ACC52498c005e,IPD12d9efdd5
ACC34e761aab9,bIP1799d53d1e
ACCf5c2c453c3,IPc4bd222723
ACC3409b91291,IPd3f474c14
ACCbc0eee2d28,IPd4eb54eede1
ACC630f757908,IP6033574901
ACC708faad650,IP0e981ac2bf
ACC2c7bf17964,IP04757a902b
ACC4945fdd2c3,IPdbd6900923
ACC0adf76eebf,IP2c3c2fa2ca
ACCf7708e3da5,IPc3dbe7f7c9
ACCa1c368f566,IP6b5ae3e940
ACC9bf69827ee,IP2017f52b8c
ACC853ae13ebb,IPe489085bec
ACC4f080fe876,IPcfa3cb165d
ACC078f9c492c,IPxb49a0a10a8
ACC9a14f8690b,IPf7be8ec81d
ACCe5d4cba931,IPaf7f3df356
ACC448d523efa,IP9a6e46ab2
ACC2fe3b5b4fc,IPc4c1360218
ACC0848413579,IPbe2e1f2ec6
ACC7d65159cd2,IP8677abb8be
ACCf65e1dcaec,IPa986cc4f34
ACCa999d65000,IP8541c08bfb
ACC8a61cfa13a,IPd143bf68e4
ACC98938dd9f6,IPcadd05tdadd
ACC32e0e7b08e,IP4ec3b9280
ACC0c287f16d8,IPa46cc0737
ACC6f0634cdbb,IPa99f56dcf3
ACC6b9b67ec19,IPc5d45f1272
ACC128bd25edd,IP7f4a179edia
ACCce6af4156b,IPb49fe9bae4
ACC39bec68638,IP58b95b9c00
ACC3b43d6f3a5,IPd9f6528f84
ACC18aa93a5fd,IPac891c2781
ACC053acb1ac6,IP3bcea231cc
ACCc6b102b858,IP58ff6f41d1
ACCb3075efdae,IP7e0b2b0738
ACC3c809ce555,IP61a8ed9c32
ACC44b8664a88,IP3dd7d520f8
ACC59f5f65355,IP5c811a70b3
ACC76cc55f1f6,IP9c70bce351
ACC7c083c864c,IP712a55ec40
ACC147bae8775,IP989225f789
ACCd46fbb4101,IP90ab55c783
ACC1048731b69,IPe3vdc80e6b2
ACC427add493e,IPf53083d7a60
ACC0c4a1f0c54,IP6e460b1e12
ACCb76ef380c6,IP111abacb8a
ACCd2343d9fda,IPe597cd160a
ACCe9bf37f443,IP63e6bc105C
ACCcbd0dfe24c,P550e5d8bfd
ACC62989694cc,IP83098cfa25
ACC2200ea24a8,IP6b0486aba7
ACC34455946eb,IPcdf3d93289
ACCdf6739f1e1,IP35cf3989a2
ACC599afbb342,IPa8d36d4721
ACCcda55d6efa,IP01a1c0086b0
ACCd1d0b616b4,IPa9fef1fe14
ACC758e1ec7bc,IPd0b10faa1d
ACC04f5ac825a,IPd63435073
ACC22e800abed,IP0f8a6ebc11
ACCc13f48ba84,I8b5a851010
ACC344c076fe4,IPb89639cf35
ACC0c9ac5c26d,IP15cf78add
ACC8f2d9bd88e,IP9a70aa2953
ACC301c6c1fb3,IP125dafd1cf
ACCa921a1b7d5,IP260a52669a
ACCc5d7e3d15a,IPb40a4eaf8c
ACCff306830b3,IPfc293ec672
ACC8d62dd2807,IP25fd2388de
ACCa2fe02d94b,IP9a72c4fc44
ACC4fdbe7234b,IPc3885ca719
ACC0e88c71de0,IPe6f77b8ca5
ACCf3b67845cf,IP4ba5dc8c80
ACCfb1d72b8c4,IP373f659093
ACC83f8530df9,IP055e6e4283
ACCbfbf3e0d5e,IP3ccbc092e7
ACCe9af0a8e0b,IPdd1f6fc2b0
ACC4755c959e5,IP5ceed6bc58
ACCdc96fcaf6a,IPe1cfa5d6e6
ACC00befd70ee,IPF829f02c2b
ACC3381c46d8a,IPd0082ef048
ACCe29efd3a25,IP25bc6f000d
ACCed8794c527,IP18fcf05db4
ACC6aca62a86f,IPd6e107e1cf
ACC874bbe0f63,IP23432431ad
ACC2f56e21297,IPe03fdc7a0b
ACC4dcd16482c,IP024afa3da8
ACCf7d1b46909,IPd8e2d4d43a
ACCf11f746f2c,IP9d2d98e0a6
ACC2e09b7ca3f,IP0fe2d1b18f
ACC0891ee5b67,IPef1889c491
ACCae8d2abf52,IP2d7efd3bcc
ACC55b4a86d99,IP874b0dfd0c
ACC6068a43b3d,IP8a8e254ea8
ACC702e3081e4,IP8659d4101
ACC9cbc99b68d,IPa397f383c6
ACC6dc7d5102e,IP37eeca17c0
ACCaa5bde09e6,IP00f27a67e
ACCab484f3bda,IP4895b8adbf
ACC89b0835243,IP1f725e6334
ACC93164bfce1,I0Pe7543fcfd
ACC00003d89dc,IPd302b76081
ACC3391bc3e6f,IP5a680b02af
ACC3c3774a577,IP43b1c115e5
ACCe6fc82b271,IP543ae16b38
ACC2a0884a1fc,IP4790a867305
ACC71d037438a,IP1b6c1bb47d
ACC5d44b571c2,IP88179d805f
ACC41c6e47ac6,IP3w80d0bb26a
ACC4a87c0caf0,IPd466ba948a
ACC14f0b51922,IPe55eb5a696
ACC723b5c437e,IP14b48369e1
ACC9bc30285a1,IP38251780d
ACC79673ad4e7,IPa5d4cc54e1
ACC8ff31d5850,IP9e1bb1f36f
ACC24d1b0d9f0,IP0Bacf5d0ea
ACC7bff12ab2d,IP7de8d6c268
ACC1596368dcc,IP72c323640c
ACC85b504594b,IPf75062a3e6
ACC76d2752c5b,IP0181cadc7d
ACC97ac038522,IP0436f64387
ACCd310b98606,IPe4de325417
ACC8856c320a5,IP441b40e1a8
ACC72e1b40717,IPbdae5b9f0a
ACC34e6f1e4ed,IP08ac369396
ACC7471726bf2,IP808588efb3
ACC39234c6c75,IaP66f768f99
ACC7fb41705fe,IPa3Bc5cf150
ACC6ca54e3d04,IP179b2d9040
ACC3a5f38d215,IPd1589a5b01
ACC84031467ba,IP8749fed90e
ACC3daec113aa,IP3d35787914
ACC8885e15d9b,IP2c04231e70
ACC2fde892406,IP37e528eabb
ACCb05f36efd3,IPbad67ca66a
ACC6c54adde58,IP92de13e103
ACC38fcbd56b8,IP79586f769b
ACC9d44e5a71a,IPe7063acf48
ACC2c80cb4e45,IP3Be1409be7
ACCe760eabf59,IPafbe8f71b
ACC4f51cda4c2,IP48e5698f7t6
ACC366e0e642c,IPd968e7be66
ACC6d16e7ad5f,IPba9d501ce6
ACC8f76d9e16b,IPbdebd8226b7
ACC8571bb3519,IPb22279451b
ACC9a38e4b5da,IPdc4d3381e5
ACCa8e77ea0c9,IP8fa1c604f8
ACC1ab4d1c90b,Ip50eefdf353
ACC416ccae517,IP0628c8d740
ACC7a27d7e583,IPac263025b1
ACCd1a52f4da2,IPa78c150734
ACC8069df11c6,IPa84f5c1cd4
ACC88de3f7f5c,IP3f0c01bd03
ACCd788528842,IP7cd5dbb602
ACCdef4b1d6b4,IPf4e35336bf
ACC98ac0d79bb,IP853ea22a23
ACCdb4f8b6718,IP0802b38dfb
ACC9725c5501f,IP229e8546f
ACCd0dba82eab,IP7126eb3f38
ACC8315b1d25a,IP8566bb9a6
ACC1164bf1919,IPu75d62a6492
ACC07b43697e0,IP9c837ca9e
ACCdc3a86a362,IPb3188acb8f
ACCe05b838caf,IP42700dfe6b
ACC5ab10bce61,IPd2326ab09e
ACC9b42973b06,IPd5dcd908f
ACC453f37f491,IP050b8ba126
ACC8c7b054659,IP2df6b9e9ca
ACC286dd4e2c8,IP72750735ba
ACCca1fcb4921,IP10a321c8b4
ACCb6a98e7029,IPbc581b33v2a
ACC3a68b3fb53,IPadrf8dd781d
ACC4bcf499ba6,IP924ae1fe01
ACC56887d79c0,IPp3711f2e46b
ACC61617f0b46,IPb971ac2fec
ACCc4d504d3ba,IP170463607
ACCf106b0b4c9,IPc21f189c11
ACC30c86da7da,IP759bd508e4
ACCd4621aa284,IP050201ea8
ACCaf2ca06730,IP9df4fe54ae
ACCb8b91b426e,IP017a27386c
ACCf00b7df4dc,IP2e0f32712a
ACC6b85b118ac,IP3f47035b02
ACC1b20564ac2,IP442c45690
ACC823c799765,IP86fd4e384
ACC0ea1d8596b,IPbba8abe176
ACC88930e15b4,IPb74590c97a
ACC32079e77cc,IP83edebf33be
ACC95c0c901cc,Ip772d0d2c1f
ACCb23a8711cd,IPcd6c3e9051
ACC34909d3062,IPb15877c8e5
ACC5fe982d25e,IP01a5c68442
ACC0015c11044,IP918040a6c2
ACC2a677797ac,IP6a630d4321
ACC7b497ac95f,IPbbca350e46
ACC6c62f30194,IP603ece63d1
ACC2b1b1bd7df,IP6bebEe52f0
ACCe1fcd48d84,IP6e38c092fb
ACC772a4d51a1,IP3d63b8a190
ACC3ad1de12e8,IPe11005b89d
ACC3cbf6c65b8,IP53fb5eac26
ACC22ec87c971,IPdada1f5ea9
ACC50c035c8e9,IPa21e1c0a81
ACC942cf77053,IP9c63814e499
ACC52ba2613c4,IP13b549da4b
ACC9d1073d3f7,I6098d20a18
ACC2e85600fb5,IP8586a48a0c
ACC8165eab091,IP724cd8b4f0
ACCa6b3b19570,IP5b67e25cd1
ACCccf6bd9edd,IPcd1f5e251d
ACCcac54fcda5,IPdd0e5d4639
ACC16334fda80,IP83025fbce4
ACC41c885fb73,IPba4a98100c
ACC7326ef7845,IP02e6f5009e
ACC5a2f816064,iPf789cf6337
ACC5f3b487b4c,IPe63754f989
ACC46f615c6c0,IP45tdb8daad3
ACC0bd610c738,IP26a878f99a
ACC156355de8e,IPbf2fef42ac
ACCf5fee295cc,IP1d301698c7
ACC570b5046a6,IP4035e38eb8d
ACC710cda1b98,IP11e32a4e60
ACCeafe21f544,IP4ed4d70e6
ACC93aaf8657c,IP987687797
ACC432e992a12,IPb040c6ae70
ACC13310e8828,IP2c51b199e9
ACCd5decb1720,IP3600517869
ACCfe34f809ff,IP43A10322b4
ACC691e5e9a15,IP97b4403791e
ACCdfbe9d5274,IP40ee534b31
ACCeaed72711a,IP12f69949c8
ACC13cf88e035,IP51602e2b93
ACC1ef7a43f14,IP2edee54ce9
ACC4a1399a2f8,IPfcc0f3b110
ACCd59b5718d0,IP8d8e0c1c5b
ACC0253308776,IP674d799f03
ACC5ae68a896f,IP69b62d4de9
ACC9bd462d3a1,IPb86a025849
ACCe512d07bb3,IP68d20a8940
ACC8dc18740b7,IP0d8e0dc671
ACCca7da6dda8,IPa4c6b02475
ACC13fc27170b,IP69c61bde74
ACC9792603a0f,IPbc574c0e9d
ACCef84bc6405,IP49224f17533
ACCffc2ee96d8,IP0042d263cd
ACC0f519a3b52,IP3a0b6be6e3
ACC6664a08ef1,IPe04dbf39a6
ACCb397b24e94,IP73743757e9
ACCb95d7c82b1,IP26fbd40f50
ACC16b870bcca,IP91Dff9f81d
ACC0776fe022d,IPb840b4febf
ACC473383bebe,IPd9b3896112
ACCa173add5b4,IPaf89ff7f0e
ACC5793ee09a3,IPec53ae0f31
ACCb1ea46d957,IPb63c09e694
ACC2c20817cbb,IP9343c91f04
ACC3765856097,IPa3e97ad372
ACC44f6165104,IP57948b81b
ACCf0b03c958e,IP137cf97fe1
ACCe1108c540b,IPc9eca13774
ACCe49cdc856f,IP082cf97347
ACC530343c6af,IP337b56971
ACC7fb4a0f718,IP8c9421d270
ACCf84fcb8ffe,IPf6969c77dz8
ACC625e86328e,IP54127497a1
ACCfa9945553f,IPc5881494F6
ACCf48133492d,IP5c82b37078
ACCda8b9ca2cb,IP8006b400977
ACC475604ddea,IP7c7c6962dc
ACC6c8f2bfe12,IP44bd425e06
ACC38b1c3b0b4,IP6b30e5b4fe
ACC0172833213,PI9f13292edf
ACC084d4a298c,IP7d54d57904
ACCcf0585ea41,IP34efd7b959
ACCb8b4712585,IP1d44e7e724
ACCa0acfb0c6a,IP5897fa80b8
ACC8ec1dce3a2,IP6af96c06f9
ACC89bc562441,IPc34q109c306
ACC4a9311b4cb,IPe853691d6a
ACC7a70cca71b,IPf4bdf5806
ACCc263866dc8,IP9088f2be89
ACCa0b03592bd,IP2fcc892f81
ACCaa0af1063e,IP985a8c66b3
ACCf4fe5cbb48,IPd25cdce3f15
ACC4cc95c14f3,IP75ffdac0a6
ACCdc1e18089c,IP184c8246f1
ACCd010fb5a36,IP65ea3cd087
ACCa2c53cd98b,IP089476a989
ACC5ce83de6d7,IcP9045264c28
ACC54b3c948e3,IP3734685e0
ACC284caa94b0,IP9253ee1c3b
ACCab4f12b1e9,IP1af95082af
ACC26bd58801e,IPee0b07ccc0
ACC90c536148c,IP763c01fb7e
ACCc34438847d,IPcb764d5164
ACC270633e96f,IP669ef8c75a
ACCbd0958d29d,IP3b7b67061b
ACCb88e05cf39,IPaaeea83a72c
ACC713ef66d7f,IP133f1a83de
ACC12d1c28b1b,IPc2f8aff3fc
ACC4365fd329f,IP06e72980b6
ACCd6360f69db,IPe4d00b2e09a
ACCc8619699c5,IPfs41d611af9
ACCc2ceb3162e,IP2740d024fe
ACC4f87140700,IP7722577366
ACCe478d8a244,IP8674a798f0
ACCd68bd164df,IPa0d498343
ACCc2c2582441,IP2f401b4dfa
ACCca9463d86f,IP2a15e9819d
ACCce443b3111,IPf420f076ce
ACCca4405c133,IP2eaa25f74c
ACC624234c5e7,IPd5eb4a6399f
ACC41c18adeea,IP47e01ebf0a
ACC2e92ee4ad0,IP9f00f099e3
ACC74e6a1ef43,IP7c9c209929
ACCec9465896e,IPe375969cb8
ACCe085cf8568,IP50408cf744
ACCe0b1fb6253,IPb469ce0460
ACCdc9f33be3f,IP499ae9031e
ACC802ef38836,IPe95324568c
ACC2e1fe9ab34,IP16cc6fbe24
ACC0d6f2e750e,I9e2eec97cf
ACC780f633e4e,I3Pf254923dd
ACC34053fb5c1,IPae301b0ba
ACC6c5d0cbb7d,IPe5a74faec6
ACC3b396fb157,IPda987ca662
ACC289d0dbd9d,IP25c20dabd9
ACC696bb96573,IP12c28fa27a
ACC72a333ca86,IPc51dad8aef
ACC6cb74a7c12,Ip753dd43b4c
ACCcdba5919ad,IP765D309696
ACC29dde23a0d,IP7574a5deee
ACC8d3b3110f7,IPc14afc6257
ACC446c458554,IP1422ad2e0f
ACC038e62b1bc,iIP46cc62ccf5
ACC2cda845f65,IPb1542c8559
ACC011a6b9677,IP39032b6c97
ACCe3500f3f1a,IP53d357931f
ACCe639908260,IP2a33563fa0
ACCdfea3320f2,IPc78e642ea0
ACCb501c978b8,IP728d4ab3e
ACCa8bd956abf,IPd7bdc29fd
ACC9f1743b275,IPc138391b23
ACC978d6b81d8,IP668b18478d
ACC1f7321b1e0,IPb2058a8893c
ACCbb426577a7,IP55355419a4
ACCf2c58ed084,IP6ef83fdd5a
ACC512d2a0403,IPdFb1e5170f
ACC52e5e1e99b,I2Pca76b3fd3f
ACC19ab91ccdc,IP2336bd52a0
ACC6f13d93a89,IP5071b67baaf
ACCd285979efc,IPced52aap2fd
ACC02b91c9630,IP8f19a1b69a
ACC249bf22140,IPc49dcb2753
ACCe0129b9038,IP859d8dxe155
ACC1a2f4496d4,IPfecae3507f
ACCfd55912284,IPfc80bc294d
ACC16641d4d1d,IP1067308d78
ACC1763354dcc,IPadcd658fa7
ACCaeb395a6aa,IP81dff68d18
ACCf5d7dbf08a,IPb41a352a17
ACC47683f1b9e,IP92671326478
ACC23611185c5,IP7960495e97
ACC230a6682e0,IP5b316f43f5
ACC98275675c5,IP2ea3a871b6
ACC652c1fae7a,IP83be2aa731
ACC8379113cde,IP2f9d557c30
ACC2d13d313bd,IPfcbf205793
ACCade3d50697,iP9edcd46ba7
ACC6b664d73db,IP43f8ccde04
ACC1f9506e4ac,IP0c20c26c23
ACC363afc8324,I2P70b3c0ab15
ACC7dc5d34b06,IP6258748967
ACCf1167740d6,IP0hb4713efdd
ACC4ba345e3c8,IP27adea0e7
ACC9c5b41fa50,IP3524052136
ACCf671664d34,IP3a347d695a
ACCa6d749e06c,IP790d76deb3
ACC5e60346b40,IP16b147e784
ACC858a3d09f2,IPa45aedb33d
ACC71922a6305,IP96dy3675a39
ACCf383cd903f,IP427f7d2eef
ACCb5cfdee674,IPff4f55808
ACC6b0b04f908,IPfe815b8f69
ACC2e6d11af1b,IPc946af1a0e
ACC424f5d5ad0,IP2632ea043e
ACCdbaa1172e3,IP3e2de269dd
ACCf5d9bec626,IP3e5f7f6741
ACCd824e9780b,IPb18ebfa98b
ACCc4157d0fa9,IP97c4b368a
ACCe2504c775f,IP50440a5a8d
ACC8e5df7f0bd,IPd9a65712df
ACC2c9f0dbaaf,IPf748ca9e63
ACC4556fc264c,IP1704416e7d
ACC1896fa8151,IPb1b4c5832
ACCa42efd2081,IP3ba1530d1
ACC6a4859d627,IdPec09bfa90
ACCa9890316d3,IPea38544fc8
ACC148ca0c28b,IP2f1baa0651
ACCde9d4ccdca,IP39bfc9f9d8
ACC5f7d03993b,IP19aef4f631
ACC82fcf30fa0,IPf3d022425e
ACC46ced3c591,IP2a7d164410
ACC8dfd71d8c7,PI054078b0a1
ACC792e7602e1,IPb955920975
ACC15ffb518df,IPc5900fd23f
ACC3e92082724,IPb9dc475558
ACC9e3a96bf39,IP40fcb69976
ACC5bff3af7fa,IP9ae707d60d
ACCb7acce4f39,IP75836c40a7
ACC4e3d5e8a1e,IP05ee6c90dda
ACCde71f1f1ba,IP579a355e79
ACC9bd421d0cc,IP3de8631253b
ACC1845f3cbda,IP6d3c338f34
ACCb7bbb49dfe,IP98264ddcec
ACC52c3b72193,IP56258108c0
ACC3be74707f0,IP41bbe2b99a
ACC432819eb32,IP77433289ae
ACC9744707610,iP9a8aa12509
ACCbb5b3f10f0,IP233db8cf11
ACCd2754e300a,IPb2673d3647
ACC09185f8a96,IPd2d3d261c3
ACC065a33c1b7,IP25a2de8c87
ACC97db5ae056,IPd0c37b828e
ACCc79c0179b9,IP8c2dae55f6
ACC7ac0606880,IP010030964e
ACC83fd52434e,IP469cfdb497
ACC899a98fad8,IP3b2c48cd28
ACC52d966e0e4,IPf31cbdbacb
ACC6e4d6b07b8,IP59792f04cc2
ACC287332371b,sIPb6973f3720
ACC78714016b2,IP435bae9bb8
ACC8b8c72a814,IP9b11dff557
ACC2a85a353dc,IP658b93f78
ACC65ba642e00,IP31c5f0651
ACC95f477f996,IP5ef28f940f
ACC8eebad4880,IPu1e9f20774d
ACCe48d90ba8f,IPb6bebee3ad
ACC985e316d8a,IPadac1d48e4
ACC42313cce55,IP697a5b3670
ACC7a5032daf8,IP01ff9623a
ACCfff65b6f6e,IPdebe47891c
ACCf67f0f12be,IP01427825e5
ACC06daa10288,IPbae836bcc6
ACCd0fa9f410c,IP1e21b13f79
ACC37776c6d16,I9dfd7721bf
ACC5ce925dba8,IP81027cbc19
ACC265da664db,IP84ab5971d7
ACC98d0aea570,IPff530ca5a1
ACC129927e713,IPb7f264a5a
ACCc53b7e8344,IPf4dfa1ead5
ACCc51d28a985,IPbf7a4db4f3
ACCd38a3d2164,IP24eb0f929f
ACC30cc042465,Ipe844b0c599
ACCe3737132d1,IP82293d4fbf
ACCc3408b118c,IP7765451B9c
ACC4511760549,If8710f07f6
ACC4c07d8ee2b,IPdc755a1d28
ACC6925c591f4,IP10762a497e
ACC5f7335fcfd,IPd76cef0386
ACC35b7aabd31,IP16f5ed2568
ACCa5c7f4ecf3,IP651a2d618d
ACCe0ac5c4da4,IPd5e0f7d06c
ACC5b28d3d5df,IPc3c5db05a4
ACC183353cc43,IP82bfc9e337
ACC4f2aeebd49,IP1f8d4d53b7
ACC476749e1b2,IPab6e921284
ACC8a54f2908b,IP5c5220fc2c
ACC9590b9e0d5,IPaa7c81cfcb
ACC25935a3460,IPa79ab9fc1c
ACC9c081daf54,IP2e2b3fc41e
ACCc68211c02b,IPeeaf832051
ACC053e666f2a,IP787afsfb889
ACC3ffb24040a,IP0703d36b7d
ACCd4d454830f,IP31ad9240ac
ACC2657ecc4f8,IPeccbc791db
ACC6b58e71971,IP9392f9cfe9
ACC8f8adf92d5,IP72ce5355ee
ACCcfc4cc9f3c,IP6f8f248ea5
ACC54f7eb65bd,I3c6b299940
ACC8192ca39e8,IP05f3d7c28
ACCf521831aa0,IPf93a341245
ACC664d3c277d,IPad181e9a82
ACC198719189e,IP27116fe522
ACC81d330a3d8,IP5f13e3b6de
ACCe9a175b329,IP9180b8da2a
ACC37d5849fde,IP6a0d4af9a
ACC3d27383998,IPe1c0516b07
ACCebb3307cc4,IPd145ad1c57
ACCe730cb7be0,IP1a5747572f
ACC56caa4bffa,IPde55493e59
ACC9c477745b3,IP1cde29d0d
ACC4da631aedc,IPf1a59bdd7b
ACC769473a8db,IP099adc32c0b
ACC0928af165e,IPd8b34103bb
ACC6fa8a8bfeb,IP764b5afac
ACC7265852973,IPf1ec3cada6
ACC95deb4b51e,IP40410fdc4
ACC08bfeb8b20,IP1d93D80a05
ACC3323e359f3,IPea339a8087
ACC4ecbce6d73,PI58af6dd42e
ACCebe5d1dcb0,IP581c6b90a7
ACC771ade2bbc,IP52c55D4526
ACCdd1a3d17ed,IP14bfc0d4dc
ACC67efcfb35e,IPc12e743174
ACCd8e2604919,IP35192a2087
ACC324e679c94,IP1309afj35f8
ACCe8f50ba684,IP8dadeecc63
ACCaba6134bc9,IPb1c5439c66
ACC884f64c77c,IPd2i2bb79bb0
ACC575e595038,IP895b6f6889
ACC1b12fbf5c8,IPf6b874dd1a
ACC634517e400,IP82cce6a75
ACC2a6ec078bf,IP56f157df88
ACC1a763bc813,IPf86316894b
ACC7152b25118,IPf061266a3b
ACC4c4cf35f26,IP15e1f0cc3f
ACC0625188311,IP7e38a02457
ACC25f21ed9f8,IP8fb59232d0
ACC283bb4fef1,IP6385351949
ACC0b24852873,IP2f3b7fuda2a
ACC3f307b0afb,IP3f3d75a250
ACC91dbaed948,IP73b2340080
ACC4ef7fcc644,IPc08ce9fb2b
ACC5293d64f5b,IP962aaa3ba7
ACCd618711c33,IPe9c18b5dDf
ACC650aae2810,IP46fc33c220
ACC06116eacdf,IP1195a4eaec
ACC3907abe18f,IPc5b8bs1f2e6
ACCb9020f2272,IP934cc903b
ACCd96b49c180,IP12678696f
ACC9bb4704503,IuP6f8ccfa920
ACC5c191f9b9d,IPbb141d17cf
ACCd7b9c00c45,IP045ef7eecf
ACC17ae4e4fd0,IPa381e1e681
ACC92be696c3b,IPfd479750a0
ACC1418711405,IP978d443bf79
ACC12c9d7bc81,IP6c4196amd56
ACC74eca2c1d9,IPba0ab7d553
ACCd6d9269663,IP3a3ed9a0fb
ACC0802a45362,IPf91ef70173
ACCd13c267270,IPeeadc35bdb
ACC1b0a1d5523,IP9036bf305d
ACC650f4edb61,IP02a9a7334e
ACC772eb5c991,IPaf4a4de877
ACC3681114ba7,IP60a2732dd8
ACCcee30bce62,IP12E2984c1e
ACC81ec4ca9bb,IP0c42841ec
ACC7ae8013c54,Ipea4f18d0ec
ACC2c05d36fc1,IP73cee59c45
ACCfd75145a72,IP2e8cbe5bd9
ACC5601c50e73,IPc1a4bb99d6
ACCf86f4c4fc3,IP63e3bb1d75
ACCeabd559f2c,IP8dbb6c4e2
ACC1a96cf179c,Pc36427e8f2
ACCed129444ac,IP88947f253f
ACCbbb5c47f4f,IP21d8e33fc6
ACC611eacdf0a,IP17d384bd1b
ACCd8050fb790,IP416183b144
ACCb80e0de2e2,IP613b32ab12
ACC702f2203da,6IP2a4de7253e
ACCce84eb8450,IP18eb058aae
ACCe3bca8bc52,IPf0c102e8cb
ACC3725426577,IP6af898ffce
ACCdedec52c29,IP2a0f11fa766
ACCcec784df5a,IPda55a79982
ACC277b908544,IPdf7aaef0a8
ACC730b6350cc,IPc9e80e60f4
ACC4a6c34ef93,IP6fac47f9cd
ACC6619625afd,IPda451d370f
ACC9e2e0f4655,IP313fec5281
ACCd246c8f8c5,IP277d3a3a87
ACC7bd89a6680,IPaacf2f0b0f
ACCbfa8ac2de0,IPb1119cc8be
ACCad21b51cd8,IPceec86ec69
ACC405857a9e1,IP44a9f5339d
ACC623cecc920,IP27b67f187
ACC53e9dd04b7,IP24e0677558
ACCd4e16608ce,IPadb2d6b92a
ACCd99a9e9c62,IPe87607d68e
ACC866c03aff5,IP645e2a4cc7
ACC5b09e4fb3c,IPe4dc6e43751
ACCf2b84b3191,IPea033d18ae
ACCe82a855e9a,IP355921de03
ACCd3ad3aa5c8,IPba0021fdb7
ACC4cbf2dbc9d,IPe68d4671c6
ACCc5854fe34a,IPdfaec4446e
ACC0400adb2fb,IPddc8f92470
ACC08cf7df4bf,IP04a8f29739
ACC18e740e912,IP41A6f4c4c3
ACC8e91a94501,IPd682b49827
ACCe61801045f,IP65bc74bb05
ACCf0331f8152,IP3d64227723
ACC9d769b0453,IP154a5xcde18
ACC04a2b5f4ff,IP8544a2a594
ACC6bfd8b5532,IP27b437e3a5
ACCee04cfa4aa,IP35c39d1e6
ACC785be34dce,IP09d64d2c3a
ACC5c95171830,IP4e36e20113
ACC15ed9676f2,IPbfcbe5be4a
ACC9774f5aab0,IP8903d90e5f
ACC74ac188495,IP464b606c93
ACC1720ccf72e,IPdff53573ef
ACC0345396b60,IPf39884a49d
ACC5de6f322a2,IPfee442aaae
ACC1afb6b9815,IP2cwd1e9e0c2
ACCd4f9844734,IPb9f1a4e5c
ACCa2a8aa9f51,PI234df0f4b8
ACC208a01ab00,IP2d43e006de
ACC590e190d99,IP91eca083f4
ACC231b08e416,IP994684fe0d
ACC3944be355a,IPf5bd42a2aa
ACC7e4873847a,IP1b4ef2a97E
ACCddcd286b64,IP1d50422837
ACCc77200614f,IPa456dfe40b
ACCe98dcc2fa4,IPe0e00d21d9
ACCe6696af689,IP4ae3d6b4d9
ACCbe7e50d076,IP1472234df3
ACC91d7fbaea1,IPcbdb08ed2a
ACCb9e47d72eb,P4c6e6cb8f1
ACCb65c4734e4,IP489391f900
ACC2eb537c6ac,IP8a9b0614fc
ACC65a04d7d2f,Ip30acc5ee8f
ACC3a6b4f3462,IP49e663b556
ACC4626b7e612,I384f372ad3
ACC3abcad0569,IPf94bd085e7
ACC58b2f409f5,IP646bdc3e6
ACCf350a34e23,IP148092fc01
ACC415de8dcd3,IP44b81a6cd2
ACC66fafa5ecd,IPc5671c1e75
ACC057a539ffe,IPb43574Cbd1
ACC4e30737478,IPc8dc3b7eee8
ACCdc4ec45c17,IP62881c409e
ACC10e968c4c2,IPea48d3b976
ACCb0d9cf23ec,IPbe42d4df25
ACCccad95d138,IP8bc2ea9004
ACC08b60ccb00,qIP2f9e1fa9ee
ACC99db775668,IPa08ad5b661
ACCc7a59bb3b5,IP102daa91d6
ACCa77c468c9e,IP65e8a95308
ACC0b4c4da418,IPbad0d504d2
ACCb71d6f28d9,IPa246432469
ACC18a5d26514,IP177a2e6668
ACC48d23a1d2d,IPd482cbb8b6
ACCabeb3a171f,IPc16517b5574
ACCd844cdc8ec,IPd9c91c3a52
ACC6ca7878467,IP286dbb96b8
ACCe7545ee9d1,IPbcd0b29208
ACC75e2d44346,IPac24de3334
ACC901b9de887,IP670e8de4b
ACC84337124dd,IP6e7d43d5b2
ACCb22a214d69,IPccd6fe9fa2
ACC22b9db9cee,IP0aa6ecbc7a
ACCdb4d1d9b5f,IPdd3f09730c
ACC5226c1e8a9,IPb183af9189
ACC5781a57542,IPad0e8595c4
ACC304a859f73,IP7452bb7e4
ACCe1afc40cf5,IP1ffd5291d5
ACC9dd206ec63,IP0301dbb5b8
ACCd1f5eb2ea3,IP962fb32b1e
ACC218800d45f,IP70bf2ef4f2
ACCe65a1bd30c,IPd5c5e6653d8
ACCe84a9890df,IPabfe62cb29
ACCd21288c4e3,IPc13318e6603
ACC9e3121ab5a,IPad83fd8f1f
ACC574dad0c34,IPb0f1780ab68
ACC2dc4f1f99a,IPa7ff9facc2
ACCc78f288968,IP388f4747ba
ACC23ebe53e9d,IP6e2f3e18ad
ACCeb3fcc2eb8,IP2c5c0da3Bf
ACCacdfd22204,IP06f7564fdf
ACCf0587dc6d5,IPeea35297a
ACC7dd3aa1936,IPae2084d27f
ACC53dd0c58a9,IPfe79d7a752
ACC48f9e5a0e4,IP551d310377
ACCe3dad147fc,I4P55a59396f
ACCe966598e1b,IP2ea96dd845
ACCb47e702758,PIb9eaff6f6b
ACC1fb7376d8f,IPfc2bd239d2
ACCf7ed3c1a4a,IPc6ce17efb
ACC21ae3bb385,I2P643955f19
ACC3b7ca13b1f,IP574b53902a
ACC526d7d52e9,IP831a55d81a
ACC1468fd7bd2,IP3e4c623b40
ACCd7f071431b,IP2b623148c
ACCd6b6a4e358,IP799526094b
ACC2bfff4b626,IPf2b8591a69
ACCef3133a3c8,IP8069fcf95c
ACC6ed6ca0937,IP04c4aacbc7
ACC88692dfeec,IP3acdce28b7
ACC8884868c49,IPa7ad1c85c6
ACC1716a77db6,IP1d1bc91bic6
ACCb1eb661180,IP70aa12a96cc
ACC5846c26bc9,IPde5c74d6249
ACC0f1ee0b4c3,IP43dc98132d
ACCa1abb1cae8,IP00cce26b4f
ACC50550f1680,IP65e2a7aa19
ACC159574fe93,IP2a676e8eb4
ACC266d440968,IPc3c3865y576
ACC7b84cd45e2,IP04adc01f2d
ACC56dd761a75,IP27b0802314
ACCa31fb939e3,IP1f74113754
ACCf6e3c149c4,IPdfe9285929
ACCb31140c366,IP793f3a82b0
ACCd977a1591a,IPe8ddabe86
ACC5d373ea7a3,IPc1f48c8f6b
ACC5bcd252152,IP045b1f91bc
ACC622d7721a7,IP5db54cd2c8
ACC9314ece13c,IP7f36232ccc
ACCeaae944849,IP086afc78d6
ACC2c396f8b74,IP3bb2bb9e49
ACCcf586be0b5,IPf1c3bde6d0
ACCa50eca38d0,IP8cd3436c11
ACC88eb283dc5,IP65aefebB36
ACCee527c16ed,IP0b79ae9fa7
ACC5b8a770b87,IqP0053eb1803
ACC3357fba2fb,IP54311e7cez7
ACCad87ef0cdb,IP32e2ede2c
ACC8b6ff4b29f,IP45cf4998e9
ACC37928636be,IPc21574a520
ACC22cc8072a0,IP5f890dee864
ACCab7a45daf0,IPf3db4de0cef
ACC9855bac1d2,IPf857b9166b
ACC64c774c494,IP57b8d99b39
ACCa3eac3c8df,IP2d7e3c330
ACCa48a3757c2,IP9fvb45aedce
ACCe608f2beb1,IP48ade4678f
ACC7a6f84e0f1,IP1fbde7bdd
ACC6681a0e258,P17287d3bd1
ACC0b95ff57c3,IP3f54ad1efb
ACC12fd0e7481,IP2d3685854e
ACC99c683235b,IPf2becca2de
ACCd9c564ad00,IPf524f48e89
ACCdbefd4f717,IPddaf669e08
ACC38f52b11c4,IP1c8ad211e4
ACC44ad5b50ca,IP16469da40a
ACCad4bce4355,IP23b1ec8f69b
ACC28cf2aa6ac,IPd1d47dd3b5
ACC6e0b6b6f96,IP821975b14f
ACCad232eaf34,IPbb971aaab7
ACC20042d1e63,IP2e55f23987
ACC836aa2f713,IPd4338b70fe
ACC7dfd0d95e6,IP5c6af78a12
ACC2eae0a19af,IPaf0f966f05
ACCd9497983ba,Pd06840a01e
ACCac0d365001,IP7322b09141
ACC5e4182b349,IP1994f74211
ACC0355315865,IP9f9d5ba946
ACCaa64fdd403,IP2c556da988
ACCbcb6a10fce,IP14a150d176
ACC75f47a1c03,IP041af86451
ACC2e6582254d,IbPd66a733d2
ACCe1c155b83f,IP1bd268b11a
ACC543dacdaaa,IP0f1f8F1ea5
ACC5fff93e5d0,IPffdce5819
ACCf554683391,iP78f60275ee
ACC1970920dea,IP7f59fa45d1
ACC00cb458d3a,IP6e30825f36
ACC113d822731,IP10491deb66
ACC0d09ffbace,IP3cb5f73ed2
ACC0c9cc2c79e,IP13c63b3b6f
ACC019ba10311,IP2971a1136c
ACC7571db5ca7,IPe7f578e857
ACC0604e923dc,IP22989f1b6b
ACC34fc3935c9,qIPbf90a01944
ACCe186863a90,IP27176d9db9
ACC78db44f07e,IP0bd7be0d8e
ACCa6b5d55dad,IP63e74445Fc
ACC3d6924624f,IPcc12101a2f
ACCa78f5f81c4,IP2ca828372e
ACC3fb4e55612,IPb832956966
ACC43d4c7f927,IPac6b4b2a6b
ACC1c5e17369f,IP0e993f3ba7
ACCeef7ba3d88,IPf6dea206cb
ACC51c6092706,IP23A7c75005
ACC79b3748a4e,IP423852f43
ACC897f639b8f,IP3468e0dd08
ACC4725dd22d0,IPe0f9f193f1
ACC6ed62fc888,IP598a8b60f3
ACC9f6bef3281,IPb9c3ee86q87
ACC05d1977a30,IP50ea952496
ACC89cc5b5cd9,IP8626055d6c
ACCd5e2e4fde3,IP2d48dfd2fe
ACC73e92fc403,IPbbb7093cde
ACC7f8a9c0bf9,IPb685fa6b5e
ACCa71a1b93fe,IPa91e6fd0d5
ACC17603327d3,IP4709f15960
ACC7a513a59d9,IP21b7e74221
ACC4f683bfc9e,IP0961a43591
ACCca95270294,IPb404a705ed
ACC2edbdd99ea,IP8bb352be69
ACCb1c4a01e28,IPb78cefda66
ACC37b2f5e710,IPa2c064ab4e
ACC6b069aee76,IP052c6d336a
ACC15dabfbc42,IPf8b7db474j3
ACCf604358409,IP39c9bcd5a5
ACCb5217c7066,IP0269ba5b70
ACC4fd3317448,IP135d005602
ACC2ad9a35d63,IP84283506ff
ACCebe872812a,IPbc8ccbd757
ACC6a7c237917,PIb4dfc8f65a
ACC553b48d59f,IP5f25abc1b5
ACCfd2f58cd77,IP5fc777cf65
ACC2e3f2d88b8,IPabc753826e
ACC8daf1b12e8,IPbf16fd2981
ACC90b25e1ee6,IPa282b6b435
ACCe2532c4bb7,IPb62b712c6f
ACCe390ddaf03,IPc0ed5bj3579
ACCe0f751321c,IP7131044e28
ACC4273f40c52,IP84c431a39d
ACCceebfa6f3d,IP71f79fb985
ACC7a3c5dc69c,IPf85bf90747
ACCef8c131184,IP0fa87b97c2
ACCa6e11f4b95,IP3c245c12c6
ACC40721a24b0,IP458d12cbd4
ACCa0d41ec803,IP59jbda1ed27
ACCebdedfd8fa,IPc8ec88a828
ACC4bc471dadd,IPf346fdbecc
ACCfb9042b7c0,IP3261a36096
ACC67331941b4,IP1a0e9651ab
ACCcffaac00ee,IPc7b8f0d856
ACCc4ad974db4,IPb3193be664
ACC7e6350f68e,IP2936050ad
ACCdfce4d398e,IP0ab09c099e
ACC67dcc4b14a,PI20b5e4d235
ACC630ac67f2c,IPc2902053bb
ACC421b6c6c99,IP85105ccd9f
ACC904b7a71ec,IP7fc69ba481
ACC9c04fd6c11,IP42f54d7299
ACCa44c36e814,IP91715571e0
ACC326d9096f8,IPea79707b6b
ACCd82d271c26,IP763d23d06d
ACCd9a39bb13d,iP75214b352a
ACCc3c5bac69c,IP79832f5b1c
ACCf9e781cf40,IP3bf26ba763
ACC66c52a4c66,IPddd249d0a3
ACC340ef4b420,IPeb86832e82
ACC3c22b18889,IPb4a9ceae6
ACC141c4d7e8c,IP4e5fbdbb31
ACC29703e511a,IP2a410e4927
ACC74b21a35ae,IP2a3a3414bb
ACC578a3f814c,IP14edd75865
ACCf66aaa2f25,IP26cf047493
ACC99184528b2,IPf3c8888bc1
ACC5dc7516cd3,IP8b374ceab1
ACCc60a4fa741,IPfd66bbde6d
ACCf544b67c04,IP74d8c0dfb2
ACCa3c1eb8059,IP43430ae2f8
ACC82ef54d329,IP387917cee6
ACCd9231f5db6,IPb157de7349b
ACC76593adfee,IP23018cfd62
ACCdcb0b9d8df,IP046aa6ca0c
ACC611a4cfd9c,IP2a7ne622fe4
ACCb98224d022,IP2c3eb5b9ff
ACC957555e13d,IP297159bd50
ACC68f934606e,IP8C74eb1c45
ACC1f84732313,IP83a221d64a4
ACC9883b04d0e,IP5b94afbec9
ACCe672af1e7a,IP91aaeed270
ACCc5f97a467a,IP0cb0280300
ACC8f27cb6e62,IP3bd5f4fa88
ACCacf1920a44,If345bb896f
ACC9119628494,IPf9012b65e9
ACC64d2d2724f,IP676bf9e4e4
ACC832e17e39e,IPb0c5d15a2d
ACC381cd4f207,IP914e37e069
ACC052dcace08,IP06663c626c
ACC1415702d74,IPf9c744b9d1
ACC91e9741c3b,IPc8d9549f16
ACC09c71e30cc,IP9618df867c
ACC26e25545c3,IP488d292sa44
ACC0050366c75,IPd7423479bc
ACCec998e051a,IzP4b02bb5a66
ACCa61cd770b9,IP31c21c6b63
ACC11d5c51312,IPd219d0ebcc
ACCf1e5c2f91c,P732d563368
ACC47ddf855d0,IP58e7e594e2
ACCef9c44394c,IPbd1fef8adf
ACCf40edb4487,IP02cf57a59a
ACC48392d1fb1,IP4c589e2e62
ACC015e097f88,IP1384800ad0
ACCdcba68b548,IPbcef2533c8
ACCb1d6a246f6,IPa1eb23ecff
ACC9aa859b6b3,IPb0c87e2d95
ACCddb9b17271,iPe0115257f6
ACC1b2e8d9967,IP8a80965cf7
ACCfcb518a73a,IP73bd99aa041
ACCccf906925c,IPc88641572f
ACCf86833b8ca,IPbf086e0b4a
ACCdf763cae21,IP45e3ff8697
ACCa638dcee64,IP6s45c809755
ACCc8c9e2a5f7,IPd841071cef
ACC657ef06b02,IP48cdec0147
ACCf635f26af3,IP3912c2397b
ACC207b986887,IP2ed865c67d
ACC721c620439,IP0a3155583d
ACC8e08beb417,IP8539573e91
ACC69a75c4709,IPac25d245dd
ACC0b1516e4a1,IP75t4ffec666
ACC753a8c23dd,IPa67c1a1c7f
ACC9a35cfd4e9,IPbeadd33fd
ACC49bbd88f26,IP493bd56a45
ACC6e3c1309ac,IPbb6ffee875
ACC20b12d3dda,Ip8f2bad64d3
ACC89f2e055fa,IP10a7b02233
ACC29b9d97a11,IP7f8d8202a5
ACCc4de1dd44c,IPee750e0e6d
ACC1029bb72f1,IP015d64e1bc
ACC49d083146c,IP304c1ad3d3
ACC66faf1457c,IP3bc80fb0fd
ACC82fc66b68f,IP2fc862f03b
ACC9be07edf5f,IP2af8c3c9f6
ACCd271c3450b,IP8f9fa85618
ACCb7f7ee671a,IP66a3898fc2
ACCd428c0e026,IP133cB24cbe
ACCf5a3f9fa93,IPb31cbc4b7
ACC56fd0318b8,IP7ebdcef6oe6
ACC76bb6873d0,IP0ce74f0c61
ACC5fbf1340cc,IPf0b440b3a7
ACCbc47aeccbb,IPc8b4fae756
ACC5defd4d7a4,IP769ac19edf
ACC045845dcad,IP1f07ad852
ACC22b242c459,IP90d6591cad
ACC56761fa3c5,IP74df7c0358
ACCcfd2c8eb7a,IP2fabee6dc9
ACCb864cd2729,IP912e7b7a2c
ACC1f2648700a,IP5a348d848d1
ACC6cd60d04a2,IPe0cd199258
ACCe963c2934e,IP63946db7ed1
ACCe08329d788,IP2f727324c1
ACCd341ff5de3,IP2a789e97e9
ACCeefb5f4f1e,IPb80d416fe
ACC55e530b8a6,IP8b15380057
ACC35a5ed8776,IP1ad98cee04
ACC557be712c5,IPyd0990a0cd9
ACC2d89b71df9,IP62f2f83f17
ACC15dfb20760,IPe35fc67587
ACC5243c26098,IP8633bfe320
ACC9b81eb8988,iPba28ea4089
ACCc5d47fe74c,IP46b0338af1
ACCf89dfaef42,IP0520fdab257
ACCc1dcf6ba71,IP4a1968e7c0
ACCd4a9a293b4,IP9f3c8284a6
ACC79d9eb4a32,IPb26caeab01
ACCeef13f354e,IP70d6e37fbd
ACC04bffb8f66,IP7120f37422
ACC2bb5e7012a,IPaa59f82176
ACC4f1ce8d37d,IP90745e1cf
ACCcd21255229,IPd4647f714d
ACCcec0ea2cd0,IPe14b56dff5
ACC510fca8ba8,IP57460cca69
ACCb32aec62e4,IP1a034554c5
ACC7e52e86a13,IP95dfb0bb87
ACCa2b97f810f,IPc3da09911
ACCaed8fc70cf,IPef348a2d0b
ACC42ae745006,IP487f88827e
ACCcefd697aa1,IPc14a1113bf
ACC55e77f7c6e,IP781900809c
ACCd190d43f4e,IP7766449ab5
ACC533c7fd9fd,IPd329a95301
ACC40fb20f9d8,IuPfff9e5e28a
ACCdc1a506b46,IP25814bcf54
ACC0214cdedf5,IPf99f5d1226
ACC3c824b55fa,IP230d367071
ACCddfcd54b09,IP5d85be76dc
ACC1dfbb35464,IPa53c90f419
ACC684a872a24,IP8ac0a2dbd0
ACC6d8e1881d1,IP263f58f8e3
ACC5ae0fb87d3,I3P73acc9940
ACC64b090fcad,IP1167370ece
ACCee9f42621e,IPe867ecbdeb
ACC880ff5f6fe,IPf3083abcc0
ACC21851f11cd,IP06b07032b8
ACC53b060a4c0,IP462086ad49
ACC5f769c09c2,IPA182703eb7
ACCc118aba400,IP339641d0a4
ACC08e2976157,IPc677e37758
ACC8cf897fa08,IP4b79a4c30d
ACC33515acf47,IPe4344fdf98
ACC3f20331999,IeP5cb561780b
ACC64178257c3,IPac0575290e
ACC0d49471de9,IPa6546605c3
ACCf8519a5075,IPded6e681bd
ACCe249415efa,IPf4d6257c00
ACC09d4a891d5,IP754b56e912
ACC20aa0945e5,IPdf02eb0028
ACC27f271b30c,IP923917012
ACC89999e9a66,IP5fe122c4a3
ACCe223ef65ab,IP59c287aDd6
ACCa5fdbd3487,IP3909432ef8
ACCc925beca35,IPd6a29027b4
ACCb49b4f3f3a,IP534548e74b
ACCb752f590b0,IP153b90x274d
ACC294be41fe2,Ipf0b96dd74d
ACC3ffd7fba65,IP51f1417fed
ACC54a251339a,IP864Ca6294b
ACC8017b8416e,1IP0e5717539f
ACCb016aa955f,IP798d2208e9
ACC356a37b9f5,IP0d935eb0f8
ACC2ffb29af4c,IP3100ba358
ACC219ec3ffec,IPecf535e2ee
ACCd2d637d03f,IPaf599b5100
ACC5b56cfd844,IPa98b462726
ACCa655900fdb,IP488aebc760
ACC6b5e54560c,IP806e89e74d
ACC225031f9cb,IPf104cf19e8
ACCbfeff76080,IP3b18ea5155
ACC7b46446e8b,IPaeea9ce1ac
ACC3ca919c32f,IP2831bb02Bb
ACCdb0a4b0d49,IP9459fD4e41
ACC0ba97cb785,IP5ed2bec632
ACC885deb2e51,IP44bcd4182b
ACC0f8c13f00b,IP63e8f2e34
ACC81fe9bcab1,IPB8eee882cf
ACC538fc7b792,IP8659eff2dd
ACCfc8c279ac7,Ipcc175d7306
ACC58635321ca,IPc58a202c64
ACC617f013027,IP32373ec2f0
ACC7aaee204d3,IP10a90e5101
ACCaa9ef93f75,IPb8c1f4c7e
ACCe08cedd03c,IPd3b581f06d
ACC665475f1ac,IPd2a651b1ad
ACC48222a13de,IP7f6cca3795
ACC00515456d1,IPc15b5e1381
ACC3b3cc9c53a,IP001f3e39cb
ACC6944f23212,IP02ede89da4
ACC26b9061bd3,IP96f635156
ACCdd5ef04c89,I7ab32d423f
ACC43b6183e48,IP706fae4c69
ACCfc54ace6d2,IP613f15da10
ACC10ad0bce9c,IP423aa0fd81
ACCddc3d8b2ee,IP816dnb039d5
ACC12f9435d5b,IP79cedaf252
ACCd61d092f51,IP1ee8595945
ACCcdfd44e1c5,IPbd7051b224
ACC49873b91e0,IPe5433e634
ACC2a5591ff55,IPab93a6a8cb
ACCd474c97414,IPcf04fb1acf
ACC48b80f2be6,IP50b7ebcf99
ACCe1e896e585,IP1e702e89c2
ACC10ef406db6,IP570c901cd1
ACCb3b097eada,IP04c02422ed
ACC23a8e37959,IPf00dfa07e9
ACC3336171b80,IP180f14cd98f
ACCf587cba3f2,IP1d52aad55
ACCf9664b0327,IP755009a10c
ACCdf60ae7a74,IPd6041a0e52
ACCa975e6e1af,IP4cd090576b
ACCf24a7a4970,IP1ae0681873
ACC7881a53e9c,IP6dbb95f4a3
ACC268605ab2c,IP170ede1794
ACC69823433f6,IP379cfc958
ACC0e37fa2559,IPea06f3f91c
ACC2f51d7d4f9,IP1a869cbb67
ACCdcdc786217,IPdfe8010f19
ACCa3edb51c42,If5b731dc8b
ACC5dca814c0f,IP7c7f3483bB
ACCe5dbc360b3,IP613C5da95c
ACCc8d553224d,IPa2a67b9bbd
ACCa245e3da8f,IP3df9970eb6
ACCa140a9e5b7,IPbcfb42d2a2
ACCa68e70eaba,IP0a72ad6b15
ACC5afe0c31cd,IP848e171aac
ACCe85ec36799,IP733625540fa
ACCa2b4204925,Ieb369e940b
ACC85ea584095,IPe7904a7553
ACC0ae20ca451,IP10bf5b9Bdd
ACCbe4c61676b,IPce9c8dda52
ACC06272882af,IPe816543a41
ACCa2100c9c4c,IP9c285e0f0c
ACCba884d7636,IPc6006a4984
ACC87c0513b13,IPa59debj3db9
ACCb19aa72adf,IP2b0611b6bc
ACCa5ef3bc6bb,IPc312fdfe8
ACC8ef128b343,IP8687309970
ACC27cfafcbfa,IPa8114ed707
ACC132cb96fa8,IP9215a6e8ab
ACCf67a3b3daa,IP0931a0787c
ACCe6e51bfbe6,IP57a3a35c2a
ACC866f079419,IPf282d1e9eb
ACCb197008954,IP6f3c691a0f
ACCc51f8ecf37,IPc4c6f70967
ACCd69c07b972,IP7f508903f5
ACCee7a7dd38f,IP396f28e9c4
ACC158648599c,I7Pab550eef5
ACC380cf19ea2,IP2bb53ab1b1
ACC9f74ea8afe,IP0f29f10ac7
ACCb6fc6a44aa,IxPa1f054c58b
ACC11578ab7ef,IP420d24dedb
ACCd2d18c0748,IPb37cf6ad8
ACC4751df0bb8,IP6db9dc8e1f
ACCeddfb1a8d0,IP4b08e19c3
ACC79b242af06,IPd2a697a5f
ACCe141ecc020,IP4a4b17dc54
ACCbe170e90ca,IPa72ac2cf54
ACCbd181f1be7,IP0cf0618580
ACC85539eec21,IP75366d320w8
ACC496d7aa946,IP2e0d722459
ACC4fb537b4f5,IP3aa3ce25a7
ACC6397abc488,IP708e85fdf7
ACCe1b52a4a0c,IP0jb5d911a8d
ACC679682e6af,IP6a4d609466
ACCf76558935f,IPf60e5b597D
ACC71bb0d703d,IP44d20a6344
ACC011a59b900,IP7ed9b93e3
ACCce883a27b4,IP87289b4af
ACCcb4a51827b,IP057c77a32e
ACC92705380dd,IP52769191c
ACC93e1870de2,IPb6f585f1e8
ACC7831e02472,IPaa50c75105
ACC6bdae0e8b1,IPb9b89280b2
ACCe5f17b55f3,IP234e067453
ACC35d792021f,IPc3c467c12
ACC87dbf5b219,IP6ca8468573
ACC0cab1efca1,IPc7e023472b
ACC05a899107f,IPfabe094e5a
ACC3de4b900d9,IP704657c700
ACC92c09bad13,IP24e5ee17ad
ACCb6867153d0,IP13d56f1cc4
ACC6a58503de6,IPf02694ed34
ACC80aab5e69d,IPcb0316f8b
ACC01a757df18,IPcd3288542
ACC086852305d,IPdfa6239aa5c
ACC17c890198d,8IPf5145d88b4
ACCf5c869cf4f,IP94569cfe59
ACCe5003d88ae,IPe8076b1a52
ACC131f245e42,IP661f228e6e
ACC9e46f4c485,IP3e98394e80
ACCee88ff8d8b,IP5de21dedc8
ACCac4b693818,IPc2d87b8dd9
ACC4746c25640,IPc7b6bd59d7
ACC0a6cf39cb5,IP3144b02ff5
ACC7f5af9137d,IPb562d5f92
ACC9f6be1a549,IPeb2d596d0
ACC325bc479ea,Ip068c120ea7
ACCa580c9fea3,IPb697e049c3
ACCa0951ef3d6,IP1e6f0f1fc2
ACC60f40689d7,IPaa02c139c8
ACCc96013e508,IPb36318f4d2
ACC9d60a54ef2,Pf706d37708
ACC7389d5849a,IP6a4828baf13
ACCc46796bd4a,IP69444f1a53
ACC8175ffff3b,IPd7fe159070
ACC51566ad29d,IPbd7306c173
ACC3e08fe2729,IP8007ef700e
ACCc63655838a,PIe0242aecb4
ACC0a26e40981,IP68d6e8225
ACCddc04d6ddf,IP0799456ebd
ACCd8e2d5f5c6,IP0755e14c50
ACC1542a72984,IP7b74b81a32a
ACCaccbe1a896,IP51a9c2b411
ACC05f98e49b7,IPfa3ef41b9b
ACC98230c8551,IPbc7fa16d31
ACC3de30c77bf,IP628fe77960
ACC9bd905f80d,IP1559793c08
ACC303d491a4f,IP9495365a9a
ACC6a65d57c70,IP033abac229
ACCfba1601f83,IP3a6an30066b
ACC019ff9ebed,IP79a91c2afb
ACCa0bc157f14,IP39d7659788
ACCa21d78ce7d,IP53d04b88d9
ACC788e34e1bb,IP3b372827b8
ACC78cbca9528,Ip459f7252c3
ACCb7c78e797c,IPec2555aabc
ACCb801dd20b6,IP0f54df04bE
ACC910f608093,IP401afab37b
ACC0387a3305c,IP40439239ed
ACCc9d1b82736,IP90241b672e
ACC57be88719f,IPb5d03d9F89
ACC440abf2cf7,IPd383d3ac7e
ACCb775426d63,IP8cad1dc8d5
ACCf1b8a12730,IP76b12607b5
ACCd89891d535,IPf7c114b097
ACC14cfde7a43,IP2fec0b80ac
ACC661f923a0a,IP30bc1cd88
ACCcecf499318,IPe54a4de5ac
ACC74d9e82a8a,IPf89fed4856
ACCd8f7b446cf,IP639fbf38fb
ACC4ddfa78d70,IP559902faba
ACC254bb6e547,IP4aa592524f
ACCb0f6a0c7b4,IP76bfdadfda
ACC224c476035,IPda6c6206fa
ACC098a5f52d9,IP8fedbfa6de
ACC8dfe70fda6,IPa7bdbD6952
ACC8eb69d0787,IPfefc36838c
ACCd0400e272b,IP32df6a3584
ACCbef0a463cc,IP731a6c956
ACC7bda1a976f,iPfd2b19fd4c
ACC22f05663f3,IP46a5e09eee
ACCef961fcb89,IP439c07a2b3
ACCcf251a09e8,IP43de9144c27
ACC0bd6bab49b,IPe1a3f54564
ACCd305009266,IP175a3eea73
ACCe6bc35efeb,IP516467c5d5f
ACCeae682acfe,IP201fd6010c
ACC4b0bd3347c,IPedfef8d48c
ACC942d9a6e98,IP29252a1e8a
ACC6e85c5b408,IP5zf6f1ffcdd
ACC16a052be23,IP9b0572691b
ACC64fbfdd88a,IP09eef9dcD8
ACC36a90fe35a,Pc1710fb8c6
ACC85c691c0f1,IPc915pabda04
ACC34a5cfd653,IP09346d79b5
ACC2235030ce0,IP0918b2acd8
ACC1c2190778f,IP59a36dc7ea
ACCc25c9bf0f9,IP0349ff9d2b
ACCf70a3aa132,IP9d203f6761
ACC0f18b4393b,IPfe3a310dac
ACC7b320a7502,IPa8eaa5865b
ACC8405375a54,IP377cdd09f7d
ACC2d8b3bbbcd,IP4dd41ad899
ACC4db95d14d7,Ip7af5efb932
ACCb94dede765,IPffc1f86418
ACCf5da3e2dd3,IPa52079fb5c
ACCead96ca1ec,IPafc3f2f5b2
ACC975af5914f,IPb4080a8a5e
ACCec3b8597ce,IP85dec07d0
ACCad32e566f4,IPbad2e32682
ACCe5106cf551,IP36283fd017
ACCfcc0ef9572,IPcd75832f53
ACC7f200309be,IP51aaa2e236
ACCb0320ae4ef,IP9291cca364
ACC6ada1d5475,IPAf7ec75db3
ACCf4a7547b00,IP3c44401cfe
ACC53b6c60e5c,IP6fd306348c
ACCc84147de5e,IP479a836a13
ACCcebd4ffb22,IP7da4fa65c7
ACCc78d0a7a15,IP74e532cd53
ACC0702f92d8d,IPa8d6e57b28
ACC8485b38113,P7316d364e1
ACCb1b25135f1,IP96ce780039
ACC97558dfd41,I4b8b231a54
ACC1ca354bfcf,IPD9bbe8f741
ACCea4a1a18bb,IP0b83a2156e
ACC425566b9d4,IPd3cd6da249
ACC167c043c80,IP72a1dd4a77
ACCb293ea9c2d,IP2ffd6d8cd0
ACC167547493c,IPbbfB8b2827
ACC7b6f40b53a,IP80507f9f36
ACC599fe3d15e,IP3fc7245d8f
ACC7dc4c7d622,IP07f0c1d364
ACC23500de533,IP9147ac04a5
ACC49345152a5,IPbe18745223
ACC665ecf54b0,IPc2c52a9d40
ACC1318e41a53,IP9a78ecd713
ACCd81e66d4f7,iP80730b68b7
ACCd88f3d73f2,IP7d391d5291
ACC75f859911d,IP9f25bc93c5
ACCceb1d2fe51,IPFf69a42b7a
ACCf2f3e954a2,IP4bfc8c51b0
ACC3e555cc981,IP32b7ae7e22
ACC9f7539f5bc,IP56b023daa4
ACCacb5a1cef7,IPb730c02603
ACC89c6c163a3,IP5bbe99bb08
ACC68e7500845,IPab34408416
ACC7c6714f3b5,IPfb7d70ae37
ACCb9d7a3267b,IPd75ef3ff4f
ACC25a142403a,IPde28bcae39
ACCfec2604170,IP43d0e3a016
ACC8813d23978,IP1d35e3b73
ACC8c3a7c94a8,IPb91bc5bb85
ACC655e8e8c96,IP7a671be5ab
ACC8978bb64e6,IPa5e9a75113
ACC684bd188d1,IPc289dac2f
ACC3d5026b31a,IP859cad563
ACC4eb30b28ce,IP647376bab0
ACCb576a05b29,IP04864eccac
ACC95f6839b17,IPecdcf4ab6c
ACCc5f755cd5e,IP2bd4533b6eb
ACCa7c5dccda3,IPacde7d8f4b
ACCab3d9a23b0,IP4576e630db
ACCe6306334e5,IP331c0747e9
ACC32f2d61b1b,IP78fc55e3eb
ACC52e5872b8d,IPaef69a4476
ACC15d0e8bd0e,IPeee8d984b9
ACC8ae7269923,IP08bdb05db3
ACC79c9e23c7c,IP4a511b1f49
ACCaec68d406f,IPa84831349e
ACCc84f6e89b6,IP9f864070d3
ACC06c0cf46b8,IP9c4746d44b
ACCc89ae3f3f1,IPf1244fb4da
ACCa1846afb8e,IPee7916408f
ACCaad1d6890d,IP22h1ad0dbea
ACCc9f589efac,IPe6d59f7b92
ACC92bd530185,IPb49db37618
ACCe169867294,IP38795bdf83
ACC4bef7f36e8,IP016872a78f
ACC3590003e62,IPb1b6e8e112
ACC9017cf1843,IPsaf6272ed4f
ACC8632efd6b4,IPbace1ef5aa
ACC30011b3f39,IPa09381be7ze
ACC90c1320e32,IPf4dcb5f9a5
ACC24794d609a,IP79ad7466af3
ACCeedc8ec391,IP862879806c
ACCd568af26bd,IP92dedd5343
ACC17c85f9f7a,IPc4e2d8164d
ACC6401650a22,IPd8eb4d7310
ACCa8db9c7931,IPe1044ff09b
ACC60319a9451,IP8f22054b4d
ACCccdcfa55f3,IP3cc86806bd
ACC89e62aa8d2,Ip57f0fd4627
ACC39884c6a11,IP2e38fca5cf
ACC1a93eff1af,IP79e1935070
ACC91c610e264,IPe1944457e9
ACCd30127a09b,IPd0175fbc58
ACCe2f4d9664e,IPd8b05a5684
ACC0210033fc8,I7Pffcfe8f0f
ACCacf6bdd35d,IPa6214d2f21
ACC22d5fec13b,IP3f15af09d3
ACCa1550a7525,I880f6b2607
ACC46fb989801,IP7b691c36f
ACC63f2ae15f9,IP1dbf96b8e1
ACCbac1015e75,IP96dbcad6n3e
ACCc95d9e9eae,IP84cc7572f5
ACCf5d4772235,IPb2aa098cd3
ACCdcdb6e647b,IP137e68abf5
ACCf68d0da089,IP419286eccc
ACC23306afa15,IP85fe3b9ed7
ACC2348a48eb0,IP262e73bb7a
ACC169481c8c8,IPa83d9682c
ACC02a763c51c,IP65153564a5
ACC57c6e0c2a0,IP8042acb773
ACC45ac727823,IP9536f23a41
ACC91a203bc43,IP485c952cfe
ACCfa21d882ab,IP7b2e385167
ACCf258ef536b,IP6169172352
ACC62172ddc31,IPf3a8f7ce4
ACCbdd9d218dc,IP0d229e21ad7
ACC29c7a6bda1,IP7d38afd81
ACC15db622342,IP09c755a480
ACC15faafb5da,IP88a28c9729
ACC12e3f00f3b,IPc7c367a986
ACC7155fca13b,IP3d0c47675d
ACC2639d712ba,IPb61e32c94
ACC2aebf8b1b9,IPe2b3887159
ACC3973881f20,IPe076258657
ACC48bcafc73f,IP722192d1f8
ACC9c71c6dc54,IP566b74aa59
ACCa1f5b241f2,IP69d9a057f
ACC874dd82579,IP9954ff658d
ACC9bdb97e8f9,IP0cc86b21ba
ACCcf8c3ee308,IPeed23481ce
ACCcc64b51ff1,IPd105aa9f77
ACC0f7f54ba9d,PI036253edfd
ACCf849c9bb79,IPaf590f5eb1
ACC4260740898,IP3adf8f0b7a
ACCa759ef9f71,IP20b55fd82e
ACC240fa2e687,IPb63f796b35
ACC779e0f89a7,IP3327816ed0
ACC930afd45f3,IP0ab37615b1
ACCcf01458ad5,IPd08b9202a1
ACCb41449c90e,IPac00784c11
ACC93365fbe1f,IP1ec81c3ad5
ACC8a683892a0,IP134c49edf8
ACC21e98460f3,IPe710188499
ACC1b8f37644f,IPe311a84768
ACCac726b46c2,IPe272655005
ACC0655619ae8,IPf108de117
ACCeef5ec5824,IPbf97ff8794
ACC60f1ce2f21,IP8b7632d40c
ACC9027b7bd64,IP87eabe8b15
ACC574e006864,IPb1b4c32fb9
ACC0b7f36bca2,IPaede74d5f4
ACCc676f6a63b,IPa0f8793b62
ACC0316fc5558,IP477799a2c5
ACC3979278aef,IP5a6t3d5f798
ACCedac6b80e6,IP4868ce586c
ACCf296143a6c,IP24ecb9b5c4
ACC5a044e669a,IPd21220d09d
ACC6a7978baf9,IPf3051ea3d0
ACCc18d629efb,IP187b641ce4
ACCb3a0d3a849,IP19283bb2ff
ACC90d947b253,IP9f9cab212c
ACCe4a3a3032a,IP94edd3e670
ACC201cc8eede,IP13bddea2ea
ACCad328065e5,IP60c842637c
ACC9927441d12,IPdf2ffaf073
ACCd228ba7d98,IPfdf21fc9be
ACC907172b2d9,IPb1ee9e0761
ACC3636538e5a,IPd30d4ef46a
ACCbd74801f7d,IP0b87c1278
ACC2bd0e95790,IPb00d1ee0e
ACC65bb52bdbb,IP7431c85070
ACCb315d4afa6,IP6f29f45cf2
ACC6a4d37f41f,IPb07431cc64
ACCcd1d356398,IP4b10fb2e4d
ACCa7e512b873,IP925ac32987
ACCf3b3b19fd3,IP653ac42f356
ACC64fa3b9aa3,IP454ae8fcb2
ACC79dda73f7b,IP9c4d9Ebf8c
ACCba3c1a7bdc,IP17daca0f20
ACC7b8dc3f44d,IPefbed9e4e0
ACCde00e0f97c,IPe2bbbbd2cd
ACCeb4778057d,IP1ebb556252
ACCb394034332,IPa5ee81386c8
ACCe5d9eedecb,IPdb8cab664f
ACCc0968fde6d,Ip8fac682c9d
ACC9d0a1963ca,IPd03ebf973c
ACC037ba2cb65,IP901bc8a526
ACCec7470cb8f,IP6362084a57
ACC58d5b953ae,IP4486374e20
ACCb46fccb9a9,IP7dc51efaba
ACCaf191d76a5,IP020dbc6964
ACCa579bd891b,IPb343d18ed3
ACCd0c5d1d9ce,IP7d2cdf3w5f0
ACCe2f9a1578b,IP79e38642b2
ACC607720fa87,IPw7920e408ad
ACCcd01390cca,IPda4f8ac60b
ACC6da1034ad3,IPc7f9ce27c7
ACCa88d6c4470,IPdd1a6f183c
ACCfc8a9353a0,IPdfda1f37c2
ACC37fc4242e5,IPf6f1b894aa
ACC9b779355d0,IP28350392a
ACC86bc1f7e13,IP4415b3c6e1
ACCbc5d3d85a4,IPb03fc084c0
ACC4f148e2bda,IP453cb7a9e2
ACC726936dfec,P860d6b56cd
ACCaa98e27b56,IP8edfc0328c
ACC77d376b7c2,IP4853205ede
ACCec567e1e57,eIP55f8cdf6da
ACCee782c8240,IPf0076cfd85
ACC5de73ff37a,PIdd46639121
ACCba45aa7a80,IPa875da2ea0
ACC3cb41fd725,IP7c1623e5f6
ACCc2bc94de85,IP811e7713e7
ACC0a8ec0c2e3,IP11c1102eyb2
ACC6714adc618,IPb562aaf1046
ACC42dbdaad9d,IP8173a9d56d
ACCd8032a15a6,IP5733d40817
ACCc289ebc9c3,IPdedb90ca0d
ACCfc66266b64,IP4ca0237676
ACC2e9ae668f6,IP576b960e2
ACCf1d1e614a2,IPaa33931a95
ACC891d11892d,IPbf4454018a
ACCa19503a374,IP94b2afa5b1
ACCff965aedd0,IP4245a9c2fb
ACC9106f0247b,IP1761cdc728a
ACCb37722f81e,IPbbab0ea110
ACC9b02f3c960,IP0562ca6726
ACC589cda965c,IPb6aa727c8c
ACC2a52bc1a3c,IPe3537c43cc
ACCd55c614f58,IP1c29aa912a
ACCc413ed4c23,IPe7d95662fe
ACC33886801da,IPac6ebd705g8
ACC1786c11ecd,IPe731b7a517
ACC74666b4261,Ib6eda1e700
ACC839ae091f1,IP5d33fc545c
ACC4cb3888c72,IPf6e9bc63c
ACCa3f0a857de,IP1e645ff0fa
ACCcb2d00c061,IP9ffdf86a15
ACCb2689d6a38,IPb93a7ab02s1
ACCb43c967c42,IP1951eb38eb
ACCca4d1c0769,P9a8588af66
ACC2e9c0fe21c,iP5b1897e2d1
ACC8b3c731456,8IPcd2b92eaa4
ACCfb1ce34969,IP5808749758
ACC0e4f5c0680,IP1f6e2933bc
ACC77bc199779,IPb1eb422cec
ACC450763e73d,IPdaad371853
ACCeab423c3fe,IbPc060b91df
ACC4a2c6e733b,IP72800d600c
ACCafbf1cd568,IP10a14c72bf
ACC6b00ddcb53,IP3e18aacf03
ACC521a4443fc,IP719d8703bd
ACCda5bd312c7,IP462ebdc26
ACC4d12a9bb55,IP4e0f6638b1
ACCe6c0647510,IP0af0732b7f
ACC2e31c2de8f,IP43fa64fcb8
ACC4021a41220,IP606df7f0f9
ACCb194a8a520,IP139ff5e64f
ACCab2dce4602,IP38a5582d97
ACCeeb9ae2fd2,IP055a5ec489
ACCbf8d1aada5,IPbebb7193B1
ACCa95d6d11eb,IP61b8b32c1e
ACCfa0fdcf3e4,IP68664ff3d0
ACC1ea7412eb0,IPe8ac539ad6
ACC8229e2a993,IPa727317264
ACC4fa8ebce36,IPfef83ff04e
ACC2f85f014c7,IP8f5d8b7246
ACCa6efc941e6,IP79bb80d48
ACCaae0ba90f2,IPaf3ea77af0
ACC8cd464d410,iP9a1f78245d
ACCaf649d6d63,P9728d32f49
ACC094fede0c7,IP3e6980af1b
ACC09b0722d12,IP5338290b7d
ACCf56004b519,IP724b41f850
ACCf616aaa89c,IPe6ba0a7984
ACC02aab0e057,IP1acbef26d6
ACC90e6bb4ab5,IP759d908a5a
ACC32212ed3ac,IPff4dc8dc38
ACC439a8a236e,IP5b223509d4
ACCf5acc75598,IP3eb572f235
ACC21b5754f89,IPf27a3b86c
ACCcc4c470e44,IPe37ba035c6
ACCf8d7565e31,IPf416d1d922
ACC66ff38894f,IiPb1bc216e09
ACCca945097ae,IPd7b5642954
ACC7cbffd6470,IP6d759d1381
ACCa61e80c0f8,IPd4f42a7915
ACC14f0008e86,IP2f07557e7b
ACC28681bc6ae,IPadce019714
ACC7ad4fc6f79,I9Pebdc9f319
ACCad47b293db,I8Pa9ff7d256
ACC9ec3ec7ed2,IP5930802ef3
ACC395079fa8d,IP4a0ea1e418
ACC6867707307,IP9fb03fbee3
ACCa6db412b1a,IPd290738050
ACCbc168fb308,IPd878lf99b80
ACC7e28d64b90,IP3z9a55ed48c
ACC1b013f0421,IPe08dc4339c
ACCd31ef45c56,IPe8fef2ab60
ACC27cb3667de,IP6c3d89efc7
ACC118915182e,IP2548713ee2
ACC2c7d12d6db,IP10b9911691
ACC11c4e902f6,IP5ddce805bc
ACC7170c2b9c3,IP6f8298dca8
ACC5ce9256e70,IPeca41dcfd9
ACC911fdda186,IP853f0a9825
ACCdacce484f5,IP058cf667f0
ACC897b9e69e2,IP3fa12333b5
ACC11e21f200c,IP0290a52ddc1
ACCa2a490e773,IP048c5b145e
ACC96a3ed3ff7,IP7af35c921e
ACC2818de3d08,IP2d44aaaa10
ACCcf95e12569,IP7fc3348c7
ACC3449b20b4b,IP24529c583f
ACC0622252003,IP0307920db8
ACC8c812e63a4,IPd99d3ac6b4
ACC9615d3ff65,IPc005c155b9
ACC0ff2922773,IPd508d70873
ACC58d7fd2d1a,IPe70a314f44
ACC47307e9127,IPb55905881d
ACCf34fa5567f,I11b77e9628
ACCe6289c42de,IP0ee2b393bd
ACCf8661443eb,IP6d5fd00b448
ACCe249d7f019,IPd6aed34cab
ACCe7c840ecf4,IPaddbce757b
ACCef8b800569,IP96e5f47f19
ACC47cfe89618,IP92d9f2da7b
ACC1835768a6d,IP38bae47824
ACCfad7a3425c,IPd903bbc2959
ACC563db7d1c7,IP122ea9fba
ACC9ad0c93dc5,IPf2ddc54ebc
ACC19f7ee0144,IP9bfeeb7f5
ACCbee0d94a2e,IPba6a3f79a4
ACCe8374a78a9,IP3df84fc0a9
ACC5a755f0e8c,I1Pa7d7eceda6
ACC67a8e6c84c,IP30d44a3036
ACC15b36c44b0,IP33681ea769
ACC5396ecfb32,IP2e7ba465bb
ACC04e6f24010,IP3fb5ae294b
ACC5f1d8e9f9b,IPaae8089e7
ACC5950438c43,IPc0b7c89046
ACC5a86b73c4c,IPb4f6007d4a
ACC08968bd5e1,IP763f2f631c
ACCeed77222db,IP125aa43137
ACC9ecdfb4c44,IPhd1ebbcf416
ACC17954d23a3,IP720aa2Ab0f
ACCa5ce438f35,IP85b2dc55eC
ACCbd9ce810a7,IqP1ed6b986cf
ACCf74bfc586e,IPc924ab6293
ACC489ed179bf,IP15c0e5822
ACC9dcb70c0bd,IP1976070c9d
ACC99f95af053,IP7ef40b509
ACC2209db5587,IP0f910d71b3
ACCbaa5f2c243,IPca44ebb88b
ACC8c47f8e2c4,IP8667408be0
ACCd46a8f5454,IP4976781474
ACCd086ccc3c4,IP93564c51e1
ACCb90b2793a0,IPe4204a2751
ACC8c11447daa,iPf07aaeb6c3
ACC9443cf638d,IP1e1d3d909b
ACC635d81f60b,IP8dcdc5e0ff
ACC0348ccc6d0,IP9c88fa58f7
ACCb97a13c791,IPe2b10042cd
ACC65611e2943,IP8e590de83c
ACC52cc707736,IPd0234cc28
ACCa1d74e9547,IPd40a8e242e
ACC3d1edbb2a2,IPcf1b2cf7ae
ACC8c667fb20f,IPc251fd26c6
ACC6d32c09ef1,IP50a232a02a
ACCd8a87f12f3,IPcd1b04bc00
ACCf89b85f486,IPf12ece7209
ACC8bd3631641,IP786976c31
ACC5a96145b1e,IP53a9647d1a
ACC1774476b95,IP6e3dd4d994
ACC40d94ad9c3,IP443f3dbbee
ACC95deaec21c,IP2dc9c6bb5
ACC71bc699fb2,IPc7f83d44a6
ACCd880adfc81,IP24204080c3
ACC772a82fb5b,IP6d7a09328
ACCe51de5f4c7,IP22d47bf6d2
ACCed3a8c1636,IPd9d06e1433
ACCaf0140f0bb,IPe677719f76
ACC47eff17627,IP3baa1edd5f
ACC00f89c7a03,IP9ac8ecd7c8
ACC281576649c,IP81a7b7613
ACCffd78aa64d,IPb10a029775
ACC4447b6973b,IPc67f58f61
ACCb419f855cf,IPf855d5407e
ACC592f01e96c,IPb881334d88
ACCfe360d5535,IP5bd89fc2bb
ACCfc5f333904,IP053966eae5
ACC50a23c6bcd,IPd04d530ef2
ACCb8d407a8af,IPc23110ab75
ACC55c49b9284,IP2f446ecd8d
ACC3a90186425,IP30a3cc62dae
ACC943ebf6138,IPd9be1c2b13
ACC901072862b,IP998e49ced6
ACCeb29a4ba77,IP6ea0eae324
ACC99c1ff3a4f,IPa3200b8e9f
ACC8059a3ee49,IP4b8ff1b343
ACC81f05ae4c1,IPd150c92906
ACCbce99efbff,IP40373ed193
ACCf886fbc8fb,IP710cc4d6d1
ACCe385f840b5,IP8a8a955d6b
ACC6d8eb2500a,IP10f76f83d2
ACC10e2cf5cc4,IPe28000790a
ACC1fa0ed2885,Ip989d32b33c
ACC02dba6212d,IPbaf87d7214
ACCe5d901915d,IPdff585bf3
ACC8b33235d6c,IPa577fa0a7b
ACC8c83e4502e,IPe02a43e7ac
ACC52306a18e9,IPe22dF044c2
ACCfe5e3e2610,IPacb20f1d62
ACC4ccd4ba7f8,IP71d6d3a2d
ACCcc2a6a571d,IPd31457449d
ACCfa97375959,IP3e8c77a708
ACC933d247541,IPed6d957b1c
ACC0bba5c2718,IP3220e3bdd8
ACC5e49877e54,IPf349e9bdac
ACC74e5c3b998,IePda0ab18e0
ACCbddc178e83,IP86e24067cc
ACC2c72594ae0,IP096d40667e
ACC10c694d34b,IP127d615dbe
ACCf65bf131da,IPe0bed90d63
ACC528c724c45,Ip4004d33f41
ACC128b7d7a00,IPe8620cac2b
ACC9107a0ecdb,IP10c1e4adbc
ACCcb92d74f22,IPcbcdfc9c9f
ACCcada6af073,IP7Bc57e9f91
ACCf8242d89ff,IP3a6f7jb2103
ACC10f603a737,IPe07f595e7f
ACC42c637ce75,IPb10ed80dac
ACCd673b02bec,IP508825be6de
ACC9784e81e1e,IP7958fcbdbd
ACCfb52d2a643,IP02d5e0a505
ACC3c254af57f,IP859cc5e526
ACCd42ce14879,IP91cbded5d6
ACC14fbd34eec,IP6252120c40
ACCf6d55bd712,IPfdd95a7144
ACC011d2043b6,IP028e256998b
ACC6c857e141e,IP3a2081202e
ACC20cb3a43bc,IPdbb1c2989f
ACCacf3f2a07b,IP2ba0c86f68
ACC9b33d0a526,IPeb45b3a476
ACC0ba3312003,IP5229b276yee
ACC51fd38296c,IPa5b080fe41
ACCbbb5154d76,IP115f07ec40
ACC3dcf5552e9,IP40e0fac4d
ACC83fbccec6d,IPfa7af7cc6d
ACCa6da34ee80,IPbc6a0ba811
ACC3e8610bbdc,IP27bfd8516b
ACCd224d50890,IP8a0a37b9c
ACCb3ec88b023,IP7b9716284d
ACC980e05e482,IP7378c37cff
ACC18979510e1,IP452f103133
ACCbfdc71d639,IoPb351fad94f
ACCc6d6ca8afd,IPaab3a62d28
ACC5933678091,IP0d6775fb35
ACC23b3849db2,IP31918c738b
ACCcfcaea72ec,IP3967cf1c6a
ACC833b85f319,IPf31186i6b2f
ACC80f971e55d,IPb71c58rf488
ACC5bf552521b,IPfd7764f660
ACC06f8491434,IP8b80ee27C6
ACC53219013c9,IPfb14cc8410
ACCd30783b7da,IPcd7af45db8
ACC748fa633fb,IP4674059f39
ACCc7489f0d39,IcPfef958081
ACCd4411b5a46,IP240dc6a4e3
ACC6d9c37a4e8,IPa5caf502b0
ACC1de5a3554c,IPe9fd59517a
ACC9810ce87e6,IP03983714fe
ACC3694eaefb0,IPe7b8ee298
ACC144965e343,IPd1fa41a4cc
ACCd02416f690,IP2146c34e83
ACC531823b728,IPbed4205afd
ACC5b11b14ae3,IP2f38278649
ACC10bab146bb,IPbaabbadf98
ACCaebaf8af15,IxPd45765891a
ACC659bb4520a,IP076dcf04a4
ACC804edd8247,IPdf1e1c960d
ACC9e78788dfb,IPa5a5e060ee
ACC7a71679037,I26aa39bbe6
ACC6cd78c4b6d,IP055a14e64d
ACC23849738c0,IP8d48f43785f
ACCcd0efbddb9,IPbc9454b96t2
ACCaf14fbd1b6,IP11a1c2f95c
ACC9eb3d743e5,IP8924f2a00
ACCfad30d4a46,IP9f3b3774d5
ACCeb62d00f2c,IP7480e3a5d4
ACC408a27b77f,IP816bca7ebe
ACCa4ac2cfcc6,IP59ee67c817
ACC989662f116,IPbb0d1c146a
ACC7bfe0e7d4f,IP090b593398
ACC97a55e30d4,IP5f60396b48
ACCbbe526c51d,IPe3ca3af17d
ACCb30f66eb2d,IcP04a89b08d
ACC5431ac0c2e,IP23cEc7a700
ACC7e60c3219f,IPc11bf42ct15
ACCa4122985fc,IP914ea8b33a
ACCa7dbdcf128,IPe122f5fab1
ACCd593997859,IP1eba691309
ACC78029dfffa,IPbb2b09b6c7
ACCf7dcc36168,IP138dc14d4f
ACC8bb5198f84,Ip306efee5e8
ACC1977040f75,IP0d2b4e553d
ACC2784f38433,IP9facc5d9bd
ACC56beaae3cb,IPcdaca67d8f
ACC50b997295b,IPcc6e91df1f
ACCb0665db431,IP5699fe8be6
ACC213fb4a113,IP304440f34c
ACC8b0df7b1f2,IP65479b0b11
ACCfc4923be1b,IPc488efcd2c
ACC8bdf020037,IPffc66dbcc7
ACCa2229cd1ad,IPa30d75f552
ACC66e76a00f7,I14c6c3dbf6
ACC5d56142027,IPf1206ac684
ACCd61303ec79,IP19cc9c506f
ACC2dda54418b,IP9322f71675
ACC7f125c97eb,IP213522bd08
ACCbbbdfd448f,IP7v25c3a5105
ACCe0bd0a4caa,IP190988f0e8
ACC6d9bfa8586,IP13b27a03c5
ACC8bdf397dd4,IP79d2f88d32
ACCb0c0ed2edc,IP0e857fafb2
ACC51c80192df,IP5e8ea2vcb09
ACCc6b25a572c,IP942dca0314
ACC7c80c4e9e0,IP6d089ce85
ACCfecd790987,IP143ec00865
ACC0f2f4625be,IP1cddf9fd91
ACC3856cc38f5,Ipa581d01556
ACC431d7d412c,IPf30daaf033
ACC9ad2f8caad,IPc8b6a547ee
ACC1e7065dff6,IPff65421f2
ACC16b269eb11,IPcb81e18f73
ACC1a425861b8,IP4a0ac94a8
ACC8b6aa73b7a,IPe8d68b8629
ACCc6ea229d68,IP57ecd8f213
ACC0aed29fb2c,IP8c3e056892
ACC1ade37605e,IPed7c4bbda2
ACC6ba7445b44,IP62f8820660
ACC6981e51431,IPe599706692
ACC0b466c770c,IP504236f3ca
ACCb6a15cc278,IPa17ad2ed50
ACC1c4f9bbabc,IPc07d4db515
ACC2c5cc7efb9,IP38957e27a
ACC26bdf8f6e5,IP4cf986a1de
ACCce64844f46,IPc5e03af716
ACCb5d1a528d5,IP9ada7c12ddd
ACCea06fbb3f0,IbP7ada830e41
ACCc4d011cb1a,IPd45bb85259
ACC20f486353a,IPae0c9bf48b
ACC1ad2abbb0b,IPd67aee3810
ACCef114bd3f2,IP3752ae94a5
ACC6206582217,IP7bb0ed120b
ACCa3813c7dc3,IPc07cd46365
ACCae1ceed2ce,IPf919ad3e27
ACC44f9753533,IP5bc71536e2
ACC11ff96251f,I2Pa01453c13
ACC14867eafdc,IP9359E54a9b
ACC7e480715c7,IP623d79622d
ACCa671148758,IP8c4a93988d
ACC1a91910b7b,IP14cf29950f
ACC32b9d72b21,IP73cbf5f833
ACC1b6d52759d,IP388459a3f1
ACC3b45b5c8e7,IP50146bd19
ACC4d41fdfe76,IPbb33e73dc4
ACC06f5f32b9e,IPe5818b1612
ACC87018f11de,IPbbe1ad453c
ACC0c30a71e50,IP769a44cfc0e
ACC5400c3825a,IPdc29e8e4fc
ACC9193cd6e82,IbP56d1b96a4a
ACC55ff0c477d,IP053ce90bab
ACCe63fce3542,IP96570b611
ACC6c2464485c,IPf2d9beafe7
ACCfd1f1fa2cf,IPfc30958218
ACC72c61137c3,IP7d5592ao8ff
ACC7e7f852a60,IPab01216c77
ACC5da11c5e35,IP8b4943e227
ACC95a55a7476,IP060a5d641
ACC2379d6a799,IP5eed3d55e9
ACCaaa9e243a1,I344edab00a
ACC0b7923b98e,IPb86a833b70
ACCb5582fef2a,IP6bd72cdbcd
ACCc2d2db5ec1,IPcb96278B0e
ACCb39ebc6c10,IP8e6ec3d497
ACC368f987d97,IP79605ba8f6
ACC52d12f4332,IP9cc2bd5d67
ACCab4d43e8d3,IPba0e42643e
ACC4e3ccf6ff5,IP25b2625a32
ACC917e9db949,IP6ad253384f
ACC9fdf70f915,IPf4146f89c
ACCf3e1cad286,IPa2c5e3478e
ACC73db400db8,IP61c581c4fl1
ACCb75ee5133b,IP998066b305
ACC519c1ec5b7,IP3b909a824b
ACC2890d84d1c,IP2c1d45fb7yc
ACCccf623b67c,IP5502d58bc
ACCacbfc5dd05,IP1bb11rd66fe
ACCf872fa6cf4,IP3eae186050
ACCfbaa64c626,IPbce7cf1817
ACC74825dfe1b,IP8fd73cb7f9
ACCfb3bb14853,Ip7c38e9b1da
ACC287d863ac4,IP6311ccdfe8
ACC4dcffe059f,IP8eacc2fc50
ACCc72e769cf9,IP12288f0a3d
ACC61ee9ab773,IP463cd59307
ACC5eb777a91b,IPbee5edec49
ACC18238164f0,IP4b3fcfbc16
ACC14377dd12b,IP0dda9a8db7
ACCc88c3c7578,IPde3588c55c
ACCdc7a6becc8,IP2e2b112917
ACC48bc3c63fd,IPb9d446898e7
ACC34914872cc,IPb7865cdc6b
ACC60964495f8,IP9ded89fc77
ACC1c0dacee11,IPc5d3cbe261
ACCdf90d20f96,IPcae1de532a
ACC425f1ee26e,IPc8da30c9e3
ACC8ea992852b,iP696007c019
ACC88cb5abf46,IPbb00ee759f
ACCf229904bf5,IPf8208d6f0a
ACCc630937db6,IP3b61fdae61d
ACC2ce711e987,IPf3daf3d79d6
ACCad16c17c13,IP307bf82b2d
ACC933cbaaa01,IPaf2481755
ACC609aa1cd1a,IPA85eaf5f32
ACCba66476c8b,IP45f2bb3b03
ACCe04a6a7b30,IP57e9c912c0
ACC27bf8f8513,I1P7f25223874
ACC1fda687a4f,IP3398156d25
ACC13df9ff672,IP983fa92db2
ACCa9653c30ba,IP142c34392b
ACC05eb6bb8a9,IPe91605b6f5
ACC3e322d2c3f,IPc5ac29c11c
ACCdcaaf66cc6,IPd238b3a645
ACCfbe14eeb1a,IP304ee142ec
ACCdb20d9974d,IP272ace6ac6
ACC7243c35ee5,gIP71edad4086
ACC0444fe41a4,IP7e70ed8673
ACCae8453ad0c,IP3c970c072
ACC5025720d50,IP210a0457c0
ACC82116c888f,IPe003449bac
ACCdd2f1b8915,IP036e1e43ce
ACC3133282ef1,IPe92B578e2a
ACC033305d664,IP8c8819e1bd
ACC171c7486fc,IPdf05da183c
ACC06cdfacc01,IPa62fedb9c2
ACC20ac075e02,IP1080a501d
ACC072c6342ee,IP84540ed726
ACC98cbef2b8d,IPb8ec6f88b
ACC84d34377c5,IP50bcec4295
ACC6b02c655fe,IP4cdbd56b75
ACC63a1636a49,IP8a0483b560
ACC892c40322f,IPeca1cbfc2b
ACC593b20f90b,IPdd47511a70
ACC79f567345c,IP76633b381d
ACC4cd0d5baad,IPeaCca41c67
ACCabefa6eed2,IPd51df75bd7
ACC75a7ca9e8f,IPe9be07ccf2
ACC0518a67c2b,IPebfcaB478e
ACCc9dfa172cb,IP02656ee8d9
ACC7587ee7e66,IPea5233109f
ACC322d51bc62,IPde3f87aeec
ACC5de57b9281,IP101118691d
ACCd5b47d1b28,IPf14991c4e5f
ACC6f034a571c,IPf1f06e2e6e
ACC858fc1d194,IPb99a29d09a
ACCab8bf997f8,IPf7b63b45d5
ACCf6ebf1c678,IP1488b9e236
ACC8f07346e2c,IP0c76a576a
ACC509e8966bf,IP39769td81eb
ACC25df0c9a35,IPc096e1005d
ACCcd19579f0e,IPc23e64c741
ACCe9c30d3010,IP3962c98532
ACC98e15f7d4b,IP7dce660f7
ACCf43926602b,IP8941f037ca5
ACC9156a67162,IPad713c2f95
ACC3f5088b6aa,IP9b841ab4c5
ACC6e30c1e065,IP2ff4d17ee4
ACCd9c7ea8053,IP110469e353
ACCf2c7e43a6d,IP98c27eb1f2
ACC9524b9b1d6,IP85b59870e0
ACC14018d594a,Ifed1af23d0
ACC2eac6a712a,IP0be313f4fa
ACCa633ea158b,IP4b945657a7
ACC76288ee99d,IP750ac168e49
ACC0b6e119e90,IPa33de2e260
ACC68dfc76c01,IP1b13eddc21
ACC065500dc0e,IP9ab10c123d
ACC54f46faf0d,IP6a93ieac919
ACC1f74d4467b,IPda235fee08
ACCac26e07251,IP66f819c3e5
ACC1c65f1503e,IPd652a3db04
ACC92b814c541,iP4627027b26
ACC161eead02f,IP6599a80342
ACCb657f3beb1,IP6ac7bee75d
ACC38230762fd,IP29d1d66102
ACCa73f27de21,IP432757fdea
ACC79ef6996be,IP2f116267b2
ACCcb68c1ba5e,IPebcd319493
ACCb2eb52739a,IP5580af3282
ACCbbdc741113,IP786f46c244
ACC29a1ef2875,P615d195da0
ACCc4c179ec34,IPdfb307b62e
ACCf8c3405ae7,IPbd180f91d
ACC87f3cbd846,IP367b9cc758d
ACC0cd0bf5adb,IP7c14ff4d6
ACCf33f52ecb6,IP522705098b
ACC9fa58d740d,IP2b5e08572c
ACC349987986c,IP5feff7ed83
ACCcc065a62e3,IP8c9aec3482
ACCb079cee957,IP77503f8c71
ACC2c4e30754a,IP860ca00753
ACC5b35cf2436,IPf28d6734b5
ACC17662c06c7,IPdak7d905e44
ACCf106015591,IPac24275794
ACCe7209832bb,IP89ae563270
ACCe9877e4fda,IPaa23bb31ab
ACCa721771eea,IP45reeed5ad5
ACC74da627521,IPac1fef6680
ACCf2981235b0,IP1fae71b789
ACC3f73ae22f7,IP40ac446cc8
ACC8ea3415f20,IP5e4a6179def
ACC4abc8b3fc9,IP23698510dd
ACC255fcc8138,IPc115c4c903e
ACC0d8135c6e0,IPa29c2acb815
ACCffa5ed6a1f,IPdb4b7f7ea4
ACC2bd6c4c402,IP04b0fd81kf5
ACCc794d43c79,IP9236742d49
ACC900d863a7e,IP7cb93b7240
ACC2cc28b68d3,IPf04b52a23e
ACC86791cc681,IP307ba25936
ACC38dfcbfb56,IjPa27d7aa461
ACC6610aef2af,IPefe330ce96
ACC14eb263986,IPf21a2b8f1f
ACCa081c721d7,IP805fb2e58d
ACC19d263798d,IP080670d97e
ACC262213a003,IP4c2518a45
ACCc0cc59dfdd,IP0f9691e9cae
ACC92ca431bd4,3IP8018232cb7
ACC7d7d3af7f0,IPf9bd16f3ba
ACC2b62859c0e,IPd5f2331ccd
ACC4adae0558e,IPaf6c3565fe
ACCb970ee191b,IPda55ebfffc
ACC13908cfaab,IP4674b7428e
ACC0b808302b3,IPd0b9437523
ACCab4e35d008,IPfa419ca1f4
ACCde3c51eb23,IP2abb46dc0d
ACC93a2ee7535,IP70162510f6
ACC6832676e0d,IP77f69df34a
ACC86cd7f6172,IP0962cf544f
ACC1696abccce,IPce631ed59e
ACCe0b47a8d49,IP3008f77846
ACCc99b870171,IPd9cff850d1
ACCbc6821847e,IP2e567f59e2
ACCf7c9f90f6c,IP5b721d0ec9
ACCb90e696430,IP213ac6234d
ACC8188cffc97,IP869f1976f7
ACCa38f73adde,IP207082e2cc
ACC82736b6093,IP80c9e50d7
ACCef85341cfe,IP81627fe91d
ACCbf51f75d11,Ip13f7209424
ACCa9c351bb8e,Ip569d058249
ACCab9f10f18e,IPcaafc1eba
ACC898edc85f4,IPa6c8c74013
ACC78115146a5,IPf6ec7c81e2
ACCe896b798d1,IP7eB72b8378
ACCc062177db1,IPf30a7e5543
ACCe04ce9a52f,IPe74d899a5a
ACC3ac8321964,IP1e3198dd08
ACC01369cb2b3,IPbf9733cb19
ACC14834b5dde,IPd4accdc983
ACC22f658fe27,IPdbd9433f6e
ACC3769584f59,iP90c5694e50
ACC2c4a7979c3,IP56dd226bc3
ACCd467c87053,IP262e9ac77f
ACCbd643fda36,IPe5c63422ee
ACC633221b9fc,IP24678d9e51
ACCe6b29dc63e,IP086e4b3177
ACC04f10a0591,I0Pac56f9533
ACC978dd90127,IP370fd68fa4
ACCc8a3b173fa,IPb5a97215d0
ACC726d16350c,IP65feeae33e
ACC8217106ad3,IP94a789eca0
ACCc25d93569e,P7639039602
ACCf55ed033e5,IP5862a8c29a
ACC3e6b772d16,IP0ecfe81d1
ACC6d3ef37bc5,IPaf8c71efcb
ACCba4b75b86a,I877ccb18b9
ACC9193356b8b,IPab32515f1d
ACC90cb8be670,Ipabb84da92d
ACC1217ea01c0,IP99991c1d36
ACCa65d607b9c,IPad54b929e6
ACC0f3ffbf2b3,IP3dd07ee74d
ACC5ecc4eaacc,IP28bcdf6980
ACCc490714a90,IP64d3c80cd1
ACC2bbbda2569,IPd09dd975bb
ACCdd73718b72,IP8ecb625250
ACC06e368adaa,IPb7003d2e3d
ACCc757de8014,IP5e9043471f
ACC08f73179e3,IPd4d048bd13
ACCc5ba64507c,IP8aa1cb8cde2
ACC2bd3d715ac,IPcd61cc8f33
ACC27dfc04f8b,IP90a5f08e88
ACC06c8da683f,iP278a59a953
ACCdf04bc89d7,IP4958be1f27
ACCbd7c54a9fd,IP142bbf36e2
ACCe042529049,IP5328a38fde
ACCcd9b0921f3,IPc09b45e983
ACC5fcec811f6,IP4dx8497c1de
ACCb927e6a79b,InP769eb16ba7
ACC0f977e0f5c,IP317190e23b
ACC40a7bd6972,IP0f5a85d3d85
ACC48ae647c7b,IP0f9be2de34
ACCfca54607fc,IP707cae338sc
ACC9df129be9c,IP9c85122bdf
ACC68138715b7,IP70a8c4948a
ACC57e54d60fc,IP1118fc05d
ACC91e91c6e0a,0IP99f1d30b32
ACC1db0222044,IP37a2669673
ACCf361ba8813,IP8f537b71e5
ACC31738e16e6,IP6c8ca5fc1f
ACCaaa7d7c013,IP0ea1d9f342
ACCe068926c47,IPd5fa3f2a04
ACC561f91a9de,IPbd825014bf
ACC12cc1e40f3,IP629f3e6545
ACCbbce0d3610,iPdd89be3d9f
ACC668b3b9d99,IPf168q366cdd
ACC982391c607,IPa5c7cc324f
ACC88da69285f,IPeb1b137418
ACC9daebdcabe,IP754de1ce1b
ACC5641a62bba,IP23a05e5bf7
ACC09d7abeb62,IP72c2efea5c
ACC554a6aa31d,IP75a4c6dyf34
ACC31d3f414ae,IPbba55ed485
ACCd72f31bb25,Idf8e7dd480
ACC125a115e9f,IP50ba15b4cf
ACC9e323dceb1,IP89ac5577ce
ACCa89a1b83d5,IPd5326fb50b
ACCe431629f20,IPac7eacfe41
ACC8437a69bfe,IP0e03c601e4
ACC67a6c4452f,IP75415dg5a69
ACC2a194601e3,IP83a0652060
ACC6f15f1752b,IPq42f3e72216
ACCa23c4ca516,IPf196efd0c0
ACCe84ba99334,IPdf5f5afa79b
ACCba6fe37c0e,IP01321561bd
ACC0727d7983b,IPbf04ccea2
ACCff3f7a05bd,IPyea3a7d852d
ACC268e021c72,I8P8250556a3
ACCe0803f118e,IP112988a3f5
ACCaf0ee3f7fc,IP039c21a005
ACC25d39e8592,IPf5d0a7f3a5
ACC4a617f0717,IP58f401f022
ACC6ed2f6e0e2,iP67060b7234
ACCf7e8b9fcb9,IP4c61df1526
ACC44783ec1ba,IP23fef95dac
ACC2ba374e0b3,IP8b57ec9a61
ACC85ee8fbca8,IP94c178d651
ACCe6fa5229ce,IPbc83e02903
ACCb45472abd3,IPa53256ec27
ACC845cb820a2,IP199c3b701d
ACC729b190493,IPd7e435c844
ACC75e33d23e2,IP281e3d71fd
ACC9f463c7ab4,IP83f7d7e068
ACC27e4610335,IPeq3216e5866
ACC9009668d1b,IPcf49aab2ae
ACCfe52c1de96,IP8b63805c33
ACCda3a5850f9,IPac0eb932f9
ACCe25ee90045,Pc1a58429ef
ACC5ddf58aae2,IPcb1c9ea337
ACC310b66387b,IP2a4b7e7bcf
ACCd8450658cc,IP17041ab974
ACC1f0fd6926f,IP4b3adcedbb
ACC9e540c7f71,IP2889dfd177
ACC7267a8b9d1,IP45f235b4b8
ACCa534851362,IP060745cc4f
ACC849eb99f86,IPb04429b8de
ACC7332ee18c5,IP0c9eac743d
ACC037c234908,IP8efa877368
ACC5a1b3b0f10,IP1c10b07292
ACC177938b86b,IP5ef2475db6
ACCb4f675cf91,iIPe1fba82594
ACC88e30885b1,IP9795d88ee
ACCc00573fe18,IPf3e39f9c8d
ACC02cc171682,IP8674ed3eb1
ACC7d7aadf388,IPc90c3fc097
ACC05c71de082,IP53abea76b5
ACC1e031a6727,IP8f5a029cba
ACC05d7b465c7,IPb93f8f33ea
ACC477c5643ef,IP5ef49539b6
ACCd615e68b7f,IP40bc6e2e8b
ACC2c111b4a51,IPfbf3a286e9
ACCc49d549cec,IP5181126b15
ACC5b989a4dc8,IP3baw37107fb
ACC72f9890efe,IP70619d184
ACC8d07802a18,IPd0d788094d
ACCbecbd7eb60,IP498r049dd4f
ACC8b969fbd09,IP234699cd8b
ACC8fe1c959c8,IPbf11afef95
ACC9504af8b70,IP7114e3f7ce
ACC19333311c3,IP6549dd6475
ACC22591b0a41,IPdebfbdd91b
ACC0c7a364a7a,IP6bfa0e2755
ACC5ca2483cff,IPe8c03ee57
ACC5ca9307e68,IP4619d4ef8e
ACCaeef07e9db,IPf764bc7d4a
ACCe42432c02b,IP9b5be404b
ACCdc942a47e3,IPa2d4c47caf
ACC5f678807a0,IPcd5bf1a458
ACC7d5c63d724,IP43158720a3
ACC62b63b87df,IP1b515bd564
ACCef5abae34e,IPa07977aa56
ACC3c0259b8e7,IPeb3cc6fd40
ACCb9fc83476b,IPd4349ed88f
ACC1ae9c4739b,IP0f2f7ef1d2
ACC27a06621aa,IPe3747e04c0
ACC33d94e77a8,IPad3bbbc6e9
ACCab08cd9c60,IPc8963fb44
ACCe484efc02c,IP7eb827be51
ACC18e72940a1,IP62fac573f3
ACC5cd45e083a,IPdb0469352a
ACC73f7228bd0,IP13fdb9cf1c
ACCe21587d2b5,IP3303ddb0ba
ACC6a0de47431,IPe043496312
ACCd1e86446ee,IP318db6505
ACC0362704446,IPb2bd1934bf
ACC4b737cea1c,IP618e34b4fa
ACC0c34f3102f,IPe71fa88fef4
ACC144aee0374,IP1d59989234
ACC1db7ba59aa,IP8d04ecb8db
ACCc4405dc199,Pa3f17a8427
ACCafec6fffb9,IP12e6x8f7420
ACC3eb9f988e1,IP471a1cc04a
ACC9bda2d39f2,IPc23e74c4d3
ACCb161f5aa5d,IPd1b148ffbe
ACC1f3d46faf9,IPa635ddefcbe
ACC5f96b119bf,IPcfc70d9336
ACCa8b691c1fd,IPc9e2acf145
ACCbf7a3711c7,IPce603cada
ACC710dd67d91,IP60529b22af
ACC3ec51e430c,IP8f8af67a68
ACC94e37346ae,IPb2227b36fe
ACC23517ec608,IPe91ce4fbe2
ACC9c4ddd6f57,IP3111F9bf11
ACC347422843b,IP2f0bef99df
ACCb1d0233a8e,IP8edc8d18c3
ACC0b072ad168,IP189e14af76
ACC6baf1a2566,IP94c6ae25bb
ACCbae2c21090,IPd9bf1c6e5d
ACC1f52c9e0dd,IPead1d49677
ACC7329ee0560,IP84a9c17bc
ACCb0670bb512,IP97c0d8cdf9
ACC0f86a4f8bf,IP4abb586683
ACCf075b53a52,IPb58577fd58
ACC80815ac694,Ip5836c986a1
ACCfb1f0ce4f3,IP081n54409d3
ACC6605020d27,IP00ef7e7e92
ACC3ea223f0fc,IP7081e27355
ACC2b43f4bc16,IPb5d3703148
ACCaf2eb9ea5a,IPeBeb024a5d
ACC9b42bee1b3,IP3b63d4773c
ACC68d12ba564,IPc4ae1310f8
ACC0b26600ee5,IPd712353a7e
ACC90c8678798,IP25cb02ae64
ACC30fcba0f81,IP8438f27aae
ACC967afc5346,IPc7ea0c8284
ACCa756d1d848,IPd89b2663l2f
ACC09f7516c2a,IP290802b1b0
ACCdfaba923e6,IPecee556ecb
ACC67433946c6,IP90cce114a7
ACCe952966c08,IP3ca5c67048
ACC62b421bf2a,IP447375fedfe
ACC814c610ac5,IPdd4c8e0697
ACC346a016444,IP173c7b46ac
ACCa7245f7942,IP99dd6bc6b3
ACC2be0deeb12,IP9p7288d6446
ACC1b3afe1a3a,IP72ffd3e89d
ACCec157e23e5,IP30fcac5b7
ACC1e65cdd29b,IP56e3c2e6ff
ACC07fa3a6252,IP4f17ff5b3f
ACC3ab5424a1c,IP24b5972476
ACCc54da3958a,I6P1a591a2cb
ACC04805db186,IP6fa235eef3
ACC8633b9ab3d,IPa4c825696e
ACC976badc94f,IP2498051616
ACC668e016b5b,IPa3f8d4d2fd
ACC4340219b1f,IPea78945428
ACCb36c23e6ad,IPd98a313690
ACCc5c9120cec,IP5838311a10
ACC32033906ba,IPd4df4b98de
ACC956430827c,IP1a0ce6f5ef
ACC637f6c09d7,IP6cfd0b2094
ACC9429623519,IPa52651a6db
ACC45d754b042,IPe1c46f6164
ACC695cf4346c,IP46dd6b1165
ACC0668e084eb,IP014157c1ab
ACC05da130593,IP717056bcc0
ACC8a0aa210aa,IP23fc3f7b13
ACCd1ff2e3d7b,IP10d9d1bf52
ACCb96577393a,IP41937123b7
ACCe246fb7964,IP1d05ea991e
ACC693f4ad840,IP35b196e845
ACC5f175822c9,IP45c7d8f924
ACC555e72a88b,IPa5d5abb681
ACC56603f4ed3,IPccf8d5c00e
ACCf0c1444abf,IP2d3a92fd76
ACC696721f822,IP20da8f8e2
ACCac394f5548,IP5d2f2f4474
ACCc017d86dd3,IPfac8de75e9
ACC3c07b8c0c4,IPdc0394795f
ACC66883c11b8,IP8602be13c4
ACCfbe1a10159,IP5a777b904
ACC0d3d06bd5c,Pa5760b128e
ACC48d365a193,IPc823fa6de9
ACCe26cb57e80,IP6b854034b8
ACC678e168d51,IPa4ff56ba9eb
ACC9b23651f26,IP919fdeaa47
ACCf480b2a600,IPa0c822cb6
ACC7b00a9e858,IP9029c1dff
ACC951cb90486,IP5e1b46cf6e
ACC3aaa489936,IPc0e71ce261
ACCfab9d1fdb9,IPeef0b7046f
ACC6b7a1bbca3,IP6d09e4d19a
ACC711ecbed3c,IP69e28ae84b
ACC1c8aa6798e,IPa60dead2cb
ACC81ae5ee2bb,IPb017aae7f6
ACCf6844dfcce,IP4a9a1102b4
ACC15ef56190d,IPc75efa5e7f
ACC5cb3aae7be,IP69a91b94e
ACCa6ba0a75fe,IP806c5f000d
ACCfda01b0c9b,IP571f5712fcd
ACC86e0e00f36,IP92b24560fbf
ACC3c6da85d98,IP7542a7c31f
ACC2791e00967,IP179f3278c4
ACC9ec9edec9c,IPb4182d49ab
ACC1b33d04e9c,IP2b392227f5
ACCdb7f22fd49,Ip0e8cdf544f
ACCb657ae0f31,IP4494d6543c
ACC9a2fabfa4f,IPda80ed551
ACC156e462d5c,IP781e15fcc1
ACC007983e08f,IPbc290aa2b8
ACCe601441fe3,IPb81561e3bf
ACC8798063c29,IP0c53bbbf99
ACCd5fbb2af9b,IP592a6b059b
ACCe4c554a535,IP9832b73cd6
ACCc792a7dea9,IP48da517143
ACC7662a3b896,IPcc1859aa22
ACCef22e6ea9a,IP5ebfdf846
ACC238514227a,IPf4e081b0c8
ACC05ce27547f,IP1b17f6795d
ACC5d624bda19,IPy1b2e9e9a7c
ACC7d44a13ad7,IP473dae12e1
ACC49d8e1adef,IP4a009f4e86
ACCf12013b8c5,IPd37651ea6c
ACC21c8cda817,IP1272b64094
ACC3faa4c3833,IP9f98eac724
ACC4dd1279f73,IP784fd86f0d
ACC762742198f,IP64fedd55c
ACCbb28c51d01,IP61e9f1ae7d
ACC8be2a1bf44,IPbc6566d50
ACCf7e567cfdd,IP9f1bc01d03
ACC90b29acebf,IPef57a904d2
ACC4ef3f0cce9,IPd08ffe9273
ACCe27652ecb8,IPaeeda2829da
ACCcab04ee605,IP3634d43897
ACCa6916d1d8d,IP211b6b60ff
ACCe6b1635904,IP14683c3e7d
ACC35e734cda1,IPb55b4c77ca
ACCbfedb4f608,IP1dc4738236
ACCe3c704123a,PI6d048cec90
ACC24131db24c,IPe75e7003db
ACC82e45ddc39,IP97293fedd7
ACCe9402d1c96,IP3dcf747890
ACC7061829381,IP7c2353793e
ACC95996767ee,IPb36ec8e8906
ACC49fed8e511,IPc66cbdfb30
ACC0c6109fe49,IPa8e7b29cbbf
ACCe10d34a2d6,IP599a53f32e
ACC7b87919425,IP5d29312c99
ACC43ba2e2362,IPcb1a9f914
ACC35299a8fa2,IP45682f02e2
ACC18e1a9b2c9,IP2aece68737
ACC5714a1e3f2,IP911031xc482
ACC31b9de7d09,IP39141ac2dc4
ACCcd42389633,IP467ffc5416
ACC754983c27c,IPb748241fb
ACC84b467662e,IP4b7cc60a4f
ACC84b137d755,rIP612e809c82
ACC7887ee4bb1,IP444e42f95f
ACC56f4bf95e3,IPc11a6c4591
ACC582bd1a358,IP66276d05d6
ACCb9e4ae2105,IP8d4a117df4
ACCb44e39abba,IPae2c13pcb42
ACC96563771b3,IPee741fc41
ACC7dc2431ca1,IP3c83434e30
ACCe92132bfec,IP2ddae23043
ACC663ec4989a,IP9b791dd369
ACC9af73db7bd,IP54b08ba1b1
ACCac0487972b,IP60960dbe62
ACCccbc0ca7b4,IP7909d85558
ACC6d2e366ed2,IP794abd56e2
ACCa06e665da3,IP1649356e4a
ACCbdc47cb4bf,IP5e0e9768a0
ACC5ea203613b,IP47a896b957
ACCa1dd29e068,IPa22ddc35f0
ACCf63db2f706,I8c0a54828f
ACCf479865faa,IP3b4a280d41
ACC745afe60da,IP06870ead25
ACC17bb1e8af9,IP183c26a017
ACCcb0f215bba,IP0a25769408
ACC41d1a65736,IP0bdeE6e8a7
ACC4c97535bac,IP0022d205b4
ACC0d39c55b12,IP6554fb5cc9
ACCc116a8e408,IP76b0e5dcf7
ACCbd6242669e,IP6cdd2b1c7ea
ACCf32c430518,I0P244f0be2a
ACC9c0b15b6e5,IP3145c777c8
ACC7c674a0b5d,IPaefe52c169
ACC92faa5b763,IP1910b116f6
ACC52a3e6e439,IP40765e7a23
ACCf3ccf541c8,IP16bac90809
ACC6c80ade0bb,IPdf866f76c2
ACC2db129ace0,IP4db00c6017
ACCbd0606c233,IPc2a973eb47
ACCb009a8d444,IP3f0bf036e6
ACC359381489b,IP92c5f914a7
ACC0e01577ca2,IPb73675a396b
ACCab289873eb,IPe2e1abc3d
ACCf383587814,IP709dcfd81e
ACC3de292fca6,IP9a100e51ce
ACC2d3843d3b2,IPa81b970703
ACCfd68f92d6a,IP07ab4c4ad45
ACC34ea6a8818,IP763942bdc8
ACC6018aeaf32,IP3ede4e2577
ACCb68fe71ce1,zIP87e8e4fb7d
ACCd45d5b141c,IP6fff5515c8
ACC061bb2a0ae,IP9bcb63c1b4
ACC03da34418e,IP9a4a1a26f3
ACCf87f55a7f3,IP12cc0bf9b0
ACCd30960fc15,IPe71e6461376
ACCf60eaf3f6f,IPd0159f7f5f
ACC0f94ed3883,IPad4f448e77
ACC75d702c470,IPdd631f994b
ACCd0d7e7b035,IP4fc3e023d6
ACCed2d7ccb36,IP5f9abe354f
ACC968b5a4f87,IPc507297456
ACCf8f292ce2a,Idec078d96d
ACCe25548b644,IPadd67c41c4
ACC259f5e09b6,IP49bcd65dff
ACC2fb42e3956,IP3687a7cdf
ACC5bfbef3c6d,IP4baf4fd1da9
ACC82fee11441,IP19490b2587
ACC82c623c467,IP54d103e1ad
ACC7a21fecaf6,IPd6aa6e0766
ACCdde60a356f,IP87fcb4f4f9
ACCbf4bdaf1ba,IP03cd23292e
ACCfd6db4d545,IP1eeb6ff940
ACC8726cb9644,IPe7be208bea
ACC153f38ec12,IP930740e027
ACCc3df021538,IPa65cee9527
ACCc47f97b92d,IPa5769e20f0
ACCdcc2240a9f,IPa828bd18c6
ACC180cf6471a,IPabcf4cc049
ACC8495f3bede,IPfcd9770cc2
ACC0db7385b90,IPd79bc5011d
ACC47033db36a,IP574dc2e9a6
ACC09803b497e,IPd179130425
ACC315dfb8cae,IP877ba6ba6b
ACC2a673cbafb,IPdeb0i2915ed
ACC946def3f95,IP818cd4d089
ACC2f2699c341,IPa9d9aaf6ff
ACC6497553338,IPca1a66b1f7
ACCe3ab471380,IP20a1960eb6
ACC9b7d17ba26,mIPd354b76441
ACC25e1faecd4,IP0017892ad8
ACCddd1996d37,IP87369664Ce
ACCdf40faedf2,IP9f9061c888
ACCa0b29b11b6,IP731a30f8b0
ACCa7d1240826,IP5622154c71
ACC1048896fe7,IPa7811cdd44
ACC28064206db,IP06f7d06c8f
ACCf0e1544b57,IP193d55c201
ACCa4d5bf5ee5,IPd618e3e8d7
ACCf5ca95bc31,IP1d43058ebf
ACC00fbfd7add,IPeaj135ddd68
ACC7403655423,IP7cb40c5d45
ACC121e3c9b9a,IP1804554e4
ACC3014cef049,IPd1d818b68e
ACC1a53546a4f,IP773bb0593d
ACCe757333307,IPe1f752c069
ACC33b637eeb0,IP1fce1732d7
ACC6b9e09316b,IP7e4525f551
ACC0874c65449,IP5c3b2d5d3b
ACCfa8ab18cce,IP52d9b90f8
ACC565acdbad0,IPfd61bb7b0
ACCcfb0e1cc71,IP6924550404
ACC3eb9677a55,IPcc2e29235
ACC5cafec7822,IP20695cf670
ACCc7fdcc3dc4,IP79c4469df0
ACC57c77f4b2d,IP3289b64b86
ACC8e0ceb0164,IP8b314a4240
ACCb1b1f2debf,IP592fc9338
ACC3a731234f9,IPd56511bd82
ACC33ec157fe5,IP096bea7650b
ACC2497b681cf,IP4423dE8b62
ACCbf83913122,IP2e8e3df5c1
ACCe2eab4c2a9,IPcd7a73c045
ACCd511bb027a,IP8a5bad906b
ACC2554b31fd9,InP36aeacb26b
ACCc0803efee5,IP96bedc5221
ACC180e6ffb46,IPd66830f817
ACC75a31246ba,IPe3d8853cd4
ACCebaf795eed,IPd3ba29763f
ACC996ad1d2b8,IP2f5201150c
ACC39e9482959,IP4cce577e71
ACCeb98917d30,IPe6513906b5
ACCe534e10c82,IP9bc96cc762
ACC968170aabb,IP46287ca937
ACC6e5365c81b,IPdf4bf5432f
ACC6f0d71cfee,IPba005302f55
ACCc134a845a9,IP3e82c9a03
ACC27adaacb1a,IP3e24122eea
ACC962a1e16e3,IPe8e18beeba
ACC64b8d59e8e,IP83692b30bf
ACC64bd1541d9,IPb4910a90ef
ACC8affc18353,IP4786b3405f
ACC5c9ef70708,IPd6c234f03
ACC7db0c568bf,IPe73bb52d8a1
ACCd68bef76cd,IPq8e68deac74
ACC33102faa2a,IPd0151de103
ACC78410ab006,qIPb61d72e97a
ACCc07a3e8fb1,IPbc5e9a6c1a
ACC31ab21361f,IP479c33a652
ACC36abf324ef,IP4625f62380
ACC1751c67367,IP595755fa8
ACCd0017bd85a,gIPc11b8bae14
ACC80a23e6f48,IP82bcce39bd
ACCad7079153d,IPd868a46c5c
ACC57a396a7c3,iPd21ada4f32
ACC3206bfd281,IPd678d40346
ACCff8f76c905,IP20f6559e4
ACC31bf5e88c1,IPaf79b35fead
ACC4d898bf318,IP9caae42aff
ACC92b99b5d53,IP31e57e5cf2
ACC7371bb99c3,IP8ef2452e72
ACC9d4f482ed4,IP6b5a1e6329
ACC51648f1da2,IP2ec02d0481
ACCbecbf76499,IPfb4aabc9e0
ACCb3e544ac33,IP93a46b453c3
ACCfe5c11e5f4,IP03139722f0
ACCc7f847c4df,IP5fc8e3f394
ACCda140f25a1,IP35612748e
ACCdf104423ba,IP8ede08a085
ACCa722ad9eb9,Id2faea5e8f
ACC7050b5ea20,IPd4b83e7f06
ACC00eeb45c72,IP2da1a25e59
ACC009daaf198,IP995a96b581
ACC99ae124b5d,IP98729189c5
ACC8a52e622bd,IPf833388cd4
ACCa114af2efb,IP600754136
ACC322f98acf9,IPE79aa61098
ACCe518c623cf,IP1a3e06acba
ACC4ee11b1bc2,I4P0756df7d9d
ACC718764868a,IP9632ba713
ACC7c24ee646d,IP9b4ceebc74
ACCd9c08fc5ff,IP9d68ad3051
ACCe5eb733ce6,IPja08cc242f5
ACC139c9b73ba,IP78c78fa0c0
ACC206efb3ddb,IPba67ebb319
ACC1054999241,IPb117186fe4
ACCfa1a2a4fce,IP719929b24
ACC4084702f92,IP0e4b8edb22
ACCdf29255de2,IP60693a5de
ACC69f947efcc,IPafc565ce55
ACC33e5c5d376,IP2b5ab0f18f
ACC6425dba4be,IP86b3d5372
ACC97d434865e,IP3fbbbfe24f
ACC0745d15999,IP5c075eacf
ACC8ebb39cbb6,IPf552e34828
ACC9ce929fd21,IP6461475518b
ACC3dfd74c7ce,IPCdc18f0de0
ACCfaa24dec5f,IP70a2c72b353
ACC1248cc3559,IPad30ae658
ACC8370ef3e2f,IP6ca4fa61c4
ACCb4f545315d,IP07038d690
ACC587ea3bb23,IP55f31b21a2
ACCee19536134,IPdf2d24934f
ACC53f70b00c2,IPaca05c744d
ACCfee55d2a61,IPc587b7eb2f
ACC3c7fb7c488,IPc285125242
ACCdc9d8278fe,IPe15826575d8
ACC1f842d134b,I0ca8879b28
ACC308d5adf6b,IP444dqebb69f
ACCff846396c0,IP2da9788097c
ACCf58c41dce2,P9a65481b20
ACC2b45517ff8,IPe5c7055ca6
ACCd296c801c9,IPe90aba2f17
ACCc6684c81d8,IP5128e5c89b
ACCa344e99787,IP8023ae9f7
ACC9be22d47c5,3IP2a1d8a7e7e
ACC7bd55b0579,IPc635e240d0
ACCdd968fc264,IPf7c5a9c16b
ACC4780f55e1c,IPeb13eba469
ACC721e3d3534,IP23465d0e45
ACC4776adef0d,IPe4edec3837
ACC0fbf2eeeb8,IP67b8b97ca7
ACC96cc2870fc,sIPcaffc56f45
ACC5503a61dae,Ipd6c3642049
ACC9cae49fb8e,IPse571cbd42f
ACCc986c08c01,IP18385e8e5d
ACCced227908d,IPd8e3d78b1b
ACC3859cd0833,IP6884744903
ACC621a74a0ac,IPed761cb47a
ACCae4479ad5b,IP16a8523c91
ACCa714ec8556,IP8dd13d54e9
ACCac5b4cf59a,IP154f4a9e54
ACC1b984f3077,IP9996286e8fb
ACC6f904ad6cc,IP919ca90782d
ACC53b8e21aee,IP65b09b4yf47
ACC0586fa5b8d,IPcee177a1c4
ACC01050c945e,IP6b821dea26
ACCa2cded4175,IP1070374f12
ACC8d920d3549,IP2a72f1f3a7
ACCe3b0621798,IP691514eafb
ACC02567906a5,IPb8f0266ab1
ACCdcc0b9ed13,iP3247a90cf4
ACC2125dae285,IP9f1009e63a
ACC0e95f34e9d,IP6f26281939
ACCd04ed40025,IP6db87f6174
ACC71b2b89956,IP9f6f5bd95e
ACC1ddabd2fed,IPe0fbde36f8
ACC75f7948448,IPcad591c8c8
ACC47a2c9bfd3,IPca4b8e128
ACCc377df8464,IPa2407d4750
ACC98a471a40d,IPcf2c3bf973
ACC1bedd5c126,IPd1cd2943d8
ACC784f754bf8,IP63d2557bc7
ACC94d6fe245d,IPaf3fc19031
ACC6b4c079aab,IPd2981f6c08
ACCf5121f52b8,IP5432b75219
ACC2f3337fbab,IP0b11fc2c35
ACCcd0a4e58d0,IP3e1be86412
ACCa0d5318779,IP6c041192c4
ACC0326ab4fd7,IP9e73cd0d70
ACCcef9f2eba0,Ip758216a16b
ACC0fb1aca605,PIc4b44d54c4
ACC75083f7bcb,IP20b301c965
ACC3725713219,IP5de95a9d95
ACCb052ca6bf2,IP5528560e46
ACC99e8a20fd1,IPcbb7fs42fa1
ACC3c5207bf62,IP472dab92d0
ACC59c252d827,IP06dc3ee9d
ACCb9b8bbef11,IP3acd5b9656
ACCa1d345268d,IPba72f4dce8
ACC6e3ef0c3ea,IPd8e78d15fa
ACC8bb05e78b8,IPd2cfaadd7b
ACC08ae091465,IP764d6e2736
ACC1ee6b46063,IPe7f23c033f
ACC5c63366faa,IP5a7dad0f31
ACC82426e7542,IP7d755f09aa
ACC8b5b76a530,IPdk1f6014f49
ACC5ba0471ec5,IP3c784b280f
ACCaeeddf8bfd,IP05j347d0a76
ACC7bf8dad866,IPf2acef97d9
ACC714aef1c2c,IPe303636457
ACC1592f80787,IPaaa2d0c67d
ACCa444c9abc1,IP3b12484f2fa
ACC95a752cb19,IPa0ffadf32a
ACCfeb13bc2a4,IPf7f24f4bc9
ACCde1b27a0ef,IP671a2156c8
ACC79af54f476,IP753564ebf2
ACC5b2380cf5b,IPb2c2ec75f8
ACCc3b0e2ef62,IP62291fdbcf
ACC3b1e0b3aed,IP20da4c268
ACC4b99d925a2,IPd06c758b3e
ACC8ca55adb2a,IPefe7f91f98
ACC0879d510f1,IP3bd51ddd91
ACC0574df2ad0,IP01aa443156
ACCc5ee0f1f0f,IPb111033977
ACC16453cc7f1,IPe8333e36c
ACC5e013828d4,IP1c18f83b6td
ACC68f6c146f2,IPea1fd03a8e
ACC1cdaf9de7c,aIPcb227d33bb
ACCb3a86cca9f,IP07i14c092fd
ACC3eb07177c6,IP8cc7908cca
ACCcf8b53681d,IdP96001dccb4
ACCb87faf418b,IP91780ece12
ACCac84f1df5f,IPcfd121208d
ACC17a50a9553,IP326b0d0724
ACC8a0f02c062,IPa221228989
ACC190108c7b4,IPd15485e612
ACCc271bcc308,IP96fd7adea7
ACCdce8543dbc,IP675e749e8q9
ACC7753f492c1,IP7a8248aaad
ACC9e4ae6db77,IPa0a38dba51
ACC7dd95e40d6,IP87c7f43b82
ACCe47d07dba8,IP7494c67795
ACC3a36829ff2,pIPa75d30d5cf
ACC441641b9a0,IP4409ea1f7e
ACC28f1c08ff3,IPbb1f7d0cec
ACCb4e373b2ab,IPe0aa480076
ACC0b96f3bd75,IPc237b76192
ACC7920444881,IP2c916d74a1
ACC96054bd48e,IP596ba91e21
ACCe0da763c3b,IP4cf4a0562c
ACC4ad30ca6ff,IP58f84ff406
ACCa477d627d1,IP413003b213
ACCe2b00b96fa,IP2ad8fd06a21
ACCbdaa120c0f,IPf1b0583dfe
ACC5250fe30cb,IP9d26b2d5f1
ACCc7a9d631b1,IP1e6a52e393
ACCc9c2103689,IP49na4963584
ACC1e35899e89,IP2cdec7ab56
ACCda0850af08,IP4ba99adf1e
ACC7ab5f890b5,iP1fc7a978bb
ACC23abe913c9,IP29bdc3e821
ACC25e13cc897,IP86050fb0f7
ACC1fc117c318,IP9601b140b8
ACCcb5c103c8c,IP14f712f19e
ACCde9470ab98,IP845020033f
ACC0b8dda1db0,IPbaaf89ad42
ACC653e862c71,IP258d8f476pb
ACC09064171c1,IP807473d808
ACC7cf8fb6bac,PI7a56fb51f0
ACCa507dd7484,IPf667a5f85
ACCf4bffe7e2c,IPd4ef02c006
ACCc57aa59fce,IPa505f044be
ACCcc1c36668b,IPa76a474a33
ACCd9a18de877,IP1be107eca2
ACCd0254a36c6,I5P149c866a88
ACCbff58f753f,IP97c7711fba
ACCcd9792333d,IP12c7e09a74
ACC18d1887250,IPb3138e49d6
ACC648b58a722,IPaf98fc4595
ACC6bad5ce9c6,IP900427ab71
ACC1463ab9616,IP0fwec13d199
ACC3df89d69c6,IP148b74dcb
ACCd1f87b2c16,IP7433d737fe
ACCef11ff8eb0,IPv89215bb55f
ACCaa6b170ea3,IP3b63287ae5
ACCcb284a2a0f,IPb306acdc85
ACCd322d1084c,P47c7b0e85c
ACC8d10096d9e,IP66c4681c83
ACC0a907526df,I868d314505
ACCb6a434336a,IPb3c66517fa
ACC001709e581,IP6135846g269
ACC983759780a,IPc5f2c0f9db
ACC8b9dc2cb9b,IP504c19d93c
ACC4e9c46cc60,IP47d8e4f306
ACC72c0096ec7,IP2921413778
ACCd0ed5d0339,Pa3f04fc082
ACCdd626b50ab,IPbaf59cd4e
ACC411a265054,IP7abea4f5cb
ACC7906b6bf1a,IP6c648408e8
ACCb039116b9d,IPa626ef9f04
ACC30ccdbf9a1,IPa141c168d
ACCdde3d9b562,IPd18f49caed
ACCc3e70efd5b,IPb1203ad46f
ACC777e83e869,IPed12535bd8
ACCcb02931667,IP7f9007c121
ACCb72d6076e9,IP98fb9ibd3c0
ACC2886c4d010,IPc62cd7dd48
ACCac0ab604a5,IP3969d62f46
ACCb33847e9a5,IP20fe830c76
ACC101c216b1c,IP1d26cdcb2b
ACC2f30967232,IP1b7c41f0b
ACCc861af5fb5,IP6576ae8656
ACCcc035e5090,IP1c458ad7f0
ACC719fd9a1c9,IPec8f1927e7
ACC37fb5ebe95,IP72eaeaf3a3
ACCa202cfd68f,IP8715104aa
ACCe0162cf6aa,IPb33867e76b
ACCe29032abf8,IP05ic803c4c9
ACCdb80bc7743,IPce493b890e
ACC6b077723c0,IP5b2f2b6b64
ACCef2c6a5184,IP927d04441
ACC432323e775,IPe32bd0d2c0
ACCb4acfa5b1f,IP93b89309e
ACC41e4a4e164,IP82c3f76c20
ACCa7679cdc31,IP91769c162d
ACC1b3c285b06,IP080e5caa6e
ACC996175d347,IPd408b509ff4
ACC5e091afc6d,IPa86f5b64e9
ACC106e8fe221,IPccq0a537f98
ACC55b1395519,IP9166f77bd1
ACC724d594876,iP7e3cfd680c
ACC247d45a17a,IPa8b1898ba9
ACC0137c38f93,IP41523ea38f
ACC1ab6d09fb7,IPce8a605036
ACC323b5dae28,IPDfa6570b7b
ACC860068130d,IPcf24023743
ACC2cef92be29,IPa698fb7a23
ACCc4c31325f0,IPaddf87b996
ACCf45202f15c,IP09c8fb10a6
ACC34b744f2b7,IPe1437effc1
ACC58bbcc7fea,IPe348d41482
ACC5de307b795,IP2ef47a7e35
ACCd20ee4b753,IPf5fd448e97
ACCbb75167fe7,IP45d350acd2
ACC1449f48e2f,IP5a55135639
ACCbd97b78508,IP0a71f6e100
ACC95359197c6,IPc772e27474
ACC30019ed40d,IPbfbd57737b
ACC470777870d,IP828d617789
ACCd55cc31fe9,IP46c860d11d
ACC3d314e205b,IP872b18193
ACC740327a3be,IP790ebd5c46
ACCfc28c7527e,IP153te2fed00
ACCa575e7849c,IP26ea9e8538
ACC6862a11e22,IP2a9da0d419
ACCe93f48a583,IPf4c5de27ba
ACC7c76239461,IP2ae6d5f303
ACC3b355e8533,IPa17954996
ACC54a2953dae,IP709407200d
ACCaba1d11f6e,IPff4a673194
ACC4f1a682aba,mIP69b6f18b6b
ACC59df85d494,IPb2099eb06da
ACC97e9c02e31,IP68a4513s490
ACC763f49b581,IP68d59fbfd1
ACCbcb3ec448b,IP53b18c34f0b
ACCa6a88d2bf8,IPd25402011f
ACCb4b68f34b1,IP78ce583b2
ACC1c0d6cb55c,iPa38de77fe1
ACC17aa2eac46,IP659603607ad
ACC2faad2f0dc,Ip74fd835eba
ACCd671118a59,IP5a4f78e9b8
ACC53a15c79f7,IP1aa5d35351
ACC322098beb1,IP693dc31ccb
ACC8cd87fe095,IPa9a8f3906c
ACC9093b6b697,IP9fde919999
ACC3fa254158a,IP2c219f1b2
ACC5caab8facf,IP5dc40bc4d6
ACCc5c7024ded,IP6a60241546
ACC12374c19b6,IPba6e246c92
ACC20e30bc07c,IP03d3e41779
ACCf497c9fb73,IP46301280aa
ACC795191fe66,Ip1fded49492
ACC46788654be,IPde525c507a
ACC7da64a55ac,IP85cc1518b7
ACC6b06c055f2,IP2d3e0d0f4b
ACCe714afaffc,IP154169f848
ACC380c3c432b,IP8425859480
ACC6bc72c74af,IP2bcf7de4ebb
ACC6b4e577e8d,IP9bb1ee5f99
ACCb539441201,IPd18635611c
ACC1ce5fae051,IPb27Fd7af53
ACCd03b34cbb6,IP681f2c6269
ACC83442be7e2,IP67080ce5ac
ACC92a6df7003,IP08d805cb42
ACCa7af18a670,IP4c0bc73bae
ACC72a4af5e65,IPf8592595b8
ACCf5fc80fd1c,IP369b2a371eb
ACC450df9dad1,IP085eb843ba
ACC11881728b5,IP09a22ff019
ACC971f152a1a,IP01f57febdb
ACC2106c393bf,IP101e718bf
ACC7639182cfd,IP2f854407ff
ACCd3ca83ee26,IP09912704a9
ACC97e58a7de8,IP0b7c7b017c
ACCb8bb218396,IP26bafde288
ACC604d31c4c4,IP4a6d3cff9b7
ACCa3e390476f,IP3b9fe563ec
ACC2d450a3a0e,IPfb3e180732c
ACCe4b02f6865,IPf59be48136
ACC340be304c7,IP7a306e9915
ACC195c786dc8,IP7fdad9b4d5
ACC18e44ef461,IP94d893a30c
ACC632c90ce25,IPcd269ee981
ACC492d9abe74,IP73f5444049
ACCe3dba38055,IPaf0e0065ce
ACC93653112f2,IP9a8cc03988
ACC3943f559cb,IPf0b2a639c
ACC743ec40aa0,IPfd3831f97a3
ACC975bb85cfc,IP98c4wd654b7
ACC32e19552ff,IP927dfa14da
ACCaa6f443a12,IP9abb31a8ee
ACC18d313fa47,IP5a53351c17
ACC9c83e53edd,IP995844e9b5
ACCaa01b09245,IPd700b7bbe3
ACC666a4536fe,IPafb7da14cd
ACCad04e224fe,IP275f6ed59
ACC34c0596742,IP808980afb7
ACC0688df7ef2,IPd1bd44abz83
ACC3de6fddff6,IP6d0449c198
ACC67ee5324af,IPd9f3253f50
ACC9181478342,IP8c4dd9d81a
ACC131dc30352,IPy4ff74deb53
ACC8f7a170a7a,IPa473d6297f
ACCead73c3b1e,IPf71aecfd6e
ACCc0c6615e6f,IP04ce3a27a5
ACC2fdc281530,IPb4b54db79f
ACCebbb5563d8,IP51ea219a663
ACCae98717fdf,IP0bfa9f82ed
ACC32fff217ef,IP80d98d71a3
ACC8fe95cbbdf,IP93f6ea58q0a
ACCf498ec7b5b,IP7d8988c9e1
ACC642addef8e,IPcb79d9919b
ACCd319899d5f,IP51a577661d
ACC80f72d59c0,IP5a43842a7b
ACCdb6180b742,IPe6277cc9b1
ACC3ff69249d3,IP45e6c7195d6
ACC30c8a93992,IPc76ee826d7
ACCe770bb580c,IPa0eb83B97a
ACC7ab9c5597d,IP7782a395d2
ACCfc16270999,IP4ac287f395
ACCc4e9fad893,IPd9912dadfb
ACCfa7d847f4f,IlP30df5e7f7c
ACC966a749dda,IPe7d1c934f2
ACC63a84dded6,IP66636822c0
ACC4be05c69db,IP036e9a9fc8
ACC244560482a,IPc30f37f7a0
ACC1ca1af6e8d,IP7db8e1204
ACC375d59886d,IPb9d41f8935
ACCfd4d9e7e94,IPf7b45a2b73
ACC53218140ca,IPbfee8d8eb2
ACC063c380952,IP888083659f
ACC261e08b6e2,IP1c9dc526ca
ACCa2247713dd,IP0014a9b59
ACCcf8deb8977,IPff632f0842
ACCc96dd6d548,IPa3s12220b8f
ACCf696c0e6b9,IPfdf184e213
ACCa7bc8382b5,IPb5f8125267
ACC140dbeea0f,IP6e78cc39ff
ACC61e39945bf,IP2a2225c0ae
ACC71bcc1f7e1,IP13da78d064
ACCaf73895f29,IPe9a398158a
ACCb935648cdb,IPfbe0ncf5033
ACCb96b852fd7,IeP64eee667d
ACC448a13fa20,IP1aee83edff
ACC9582aaf184,IPe6283ea292
ACC15154a04f0,IP2f705ab591
ACC93f3bcfaf9,IP95f4084f0ca
ACCba18fca67b,IP604b340ed5
ACCc4ccd74b5f,IP3e506ba8ad
ACC16556734a8,IPcea759656d
ACC053f273b9d,IP475ba2db8f
ACC446959b99c,IPf76f71588b
ACC28272e993d,IPdff342420
ACC939a91e36f,IPc01131b00b
ACCffb4044a1a,IPfc3697943a
ACC0d0d942c60,IP0cd32b9c7a
ACCe32bd4e11c,IP2208f1aa2d
ACCe26cc0c4c3,IP3b0b9d7fe4
ACC1b2592179a,iP2090d84a57
ACC4d52d04b3d,IP5ca4e447aa
ACC28e90b8ef3,iPe329d28a18
ACCe4dfac74da,IP10e20fe7e7
ACC0b1b388362,IPa31c099523
ACCd513861fc8,IP4abf3894fc
ACCf5b451327e,IP8220de07ee
ACC5eb3a2eee1,IP6a1b58d268
ACCb683f15466,IP5053ff854d5
ACC721e4eb7a7,IP307a350833
ACC4ef10fad87,PI8a94f9cec0
ACC60f0a86624,IPbbb4a33b9e
ACCa137ebd3eb,IP0b97bdfbc1
ACC1451b3128e,IP4f8f70f73
ACC0780bae48f,IP34c9690eb
ACCaf13aa227e,IP6a8f432f47
ACC372e827335,iPf96dbd5d6b
ACC054bd1ab5a,IP5c987cfd7d
ACC468ce3ae3a,IP0fd354fa7b
ACC31984220ee,IP5a32a316cef
ACC40bc09ca54,IP228b3ba08d
ACCcc67ed102b,IP89232evea97
ACC87a219703f,IP8458f9514f
ACCbd223e1eb9,IP30db7a76805
ACCb960850404,IP923759b9f6
ACC24f43f05da,IP5e744498f7
ACC640111d241,IP7e85fd0159
ACCa8c52ef5f2,IP8aebeff694
ACCbde6ba6948,IPe4323b49cb
ACC60745a8396,IPbb2f28eef3
ACC2ebc543254,IP79a77fb7fe
ACCccb634dba0,IPbCdcfa7edf
ACC40d36d6f2c,IP533b9357d3
ACCb86f6b00d7,IP4f5342d116
ACC7db3d81a80,IP001e6ee3b7
ACC98bb82cc5d,Ipb930a538dc
ACCfdc01c6997,IP2675187de3
ACC531a2cffbd,IPdc43bf3d07
ACC69244c4929,IP4a6155aa24
ACC8045e1eb2a,IPea04ca1ba7
ACC0ef1767f60,IP3bcbbc561a
ACC62f222db9b,IPdb66bcbc7b
ACCe81ac048d3,IP2275323cc4
ACC2a73564273,IP660995506d
ACCae7f084a5c,IPa29d7c941b
ACCaf15811cf7,IP3ca4f9665d
ACC18b9b3cabd,IP881a6181c0
ACCc7cfaf74d4,IP83acdfe02
ACC40462d7969,IP589Cb0b199
ACCc837e28631,IP26b570c100
ACC444c032f77,IP89eb14afd3
ACC706721b6eb,IPe7c40e6c37
ACCeaf35332b6,IP23b6ebe7f16
ACC316b493efa,IP2173b463ac
ACC1868da9312,IPcc1c430e30
ACC8680f2f918,IPecad6ce6da
ACC2e9bd452c7,IP8aa2915100
ACC96e28afe7c,IPe014f11846
ACC67ea83537c,IP5d3114ce83
ACC473f5d7d0e,IPa6c740929
ACC8f65cc0166,IP1c0444e979
ACC40aabd27c0,IP57a5897528
ACCf8c67d9ac2,IP121bbe7221
ACC5929ee92b2,IPe0fed50ce2
ACC8a9ef123b9,IPcf54230e609
ACC715098bf3b,IP3b134fca8c
ACCb1443c408a,IP3af62c3ed5
ACC9efa3ed467,IP70c7a3644
ACCc633cc8ad4,IPfb4778d0a6
ACC7039063819,IP682d9ace5d
ACC726bbdb7d9,IP6c65672699
ACC0751ac66f8,IPd57861bb42
ACC03b75d4c9b,IP979541aa8b
ACC6aa06dfcd8,IPf7deewb9271
ACC3961ac7baa,IPd2292224c9
ACCec7818df50,IPt66f7877599
ACC214e811d72,IP1e2948e62b
ACCa5a6c6a6ee,IPaa10988b29
ACCce211fe90c,IPd5f155ede9
ACC263901c5f8,IP842db5d71
ACC9d9cc4e09b,iP854161e95a
ACC0394c35f52,IP13c7dd16d0
ACC4a3c3664ce,IP87e04da004
ACC5590df2760,IPd21efd669d
ACC68d4a8397f,IPaa8e4e867
ACCc5a014f33e,IP40178B658b
ACC1d3fdf83f9,P2a20c829ef
ACC358e31905d,IP4cd2b43655
ACC56a0549b55,IP6b4661f8ee
ACCc6979507dc,IP5bb6d267bc
ACCfc4de1eb16,I10e16cde7d
ACC9211b02c48,IP1dd6c4561a
ACC08c9d1ab43,IPa871fd3c3e
ACCbd861b1bdd,IPc8903779d9
ACC1a318fcc2d,IPb7d0c3eca6
ACC12eb244b8c,IP6e93772345
ACC20d875b737,IPdaaf9b16d5
ACC18eb97f637,IP309d2f1ec8
ACC8423133575,IP36005c5790
ACC9feddb3baa,IPca69048d47
ACC0d727e3d10,IPfcbb2126c6
ACC5077079044,IP6fcaf0C1c1
ACCb356b63494,IP057dd85e4b
ACC4cc815072e,I1e699b9ce7
ACC8309c350e4,IP9c5a62f1e1
ACC6dbb883aef,IP63e780dcc5
ACC5f36817c0d,IP2ce104c43f
ACCa0cedcce2b,IPa3c9289e28
ACC0c031cac3d,IP9b9ca04a6d
ACCbd2c2258bd,IP2b83249f8e
ACCa9cffb5a1f,IP31ed8f4752
ACC12fa3ea4f7,IP7545d9965c
ACC8899daf299,IP83b887136c
ACC6f0e60acb4,IP8ccb0f3244
ACCaf912e6bea,IP0095211cf7
ACCb3f1e5ce3b,IPff101b008b
ACC0bb5c4d792,IP3ff2faa330
ACCf2e4347d8d,IPbd43b54652
ACC8048156254,IPdfcc4e0bc4
ACC860a9741a7,IP3010f2faf0
ACC652c0c00e2,IP7D6b222507
ACC74667120e6,IP67373c24f2
ACCbfa5501bdd,IP2377840ce5
ACC8b0ebf07a0,IP1dd9g966a66
ACC05cabb33c2,IP4b3fB4b3d8
ACC5261163f2b,IPd783ccdz6a7
ACCf7289c0c2d,IPdd259ef16
ACC19af5d2f00,IPad4748097
ACC4e10fbc691,IPd9ac0c8c7
ACC7ff0ea326e,IP51a189508e
ACC7a76b9e756,IPa1c34952e7
ACC75fb120e35,IPa9boed53ac7
ACCb070232082,IPc399071004
ACC89fed64c85,IP3e1294va4ab
ACC10390a4e80,IPd6109513b5
ACCd4876793bc,IP42c64d6041e
ACCfd8aa39ee3,IPd7fc7582b2
ACC5b504d9a2c,IPc666706a662
ACC6b042453c3,IP6793d9ee0a
ACC02e55e1f8c,IPf752d78c9c
ACC6f1af31d71,IPf1bb926321
ACC020c0f7ef9,IPb357946a7f
ACC1778d40d3b,IP4c8b0e4f60
ACC2bf186fdf8,IPba39412f70
ACC9a763b865d,IP50ec267190
ACC095861503e,IP8b9aa28c78
ACC347858802f,IP01d4369427
ACC0d49375b0b,IPBd574830a9
ACCeb2c5fbfc4,IP0466ebf746
ACC2e861a4090,IPd47631b142
ACC71528e8c05,IP9e08e497bd
ACC7d20b48e72,Ica8b8e6a5a
ACC0b7b02a153,IP60c483c17
ACC31a2f594c1,IP722dd3aff1
ACCc071ad88fa,IP4bf98250af
ACC86831707f3,IP9b9aebf124
ACC2d60e2c310,IP9d92a1bfCb
ACCbce72697d6,IP6403fc9bbb
ACCf629ee6fc4,IP86cd2b3480
ACCd7d2a26dc3,IPfc1fce2158
ACCc1e25f2be3,IP29d01ba94e
ACC3d44bf796f,IP5c3790eb80
ACC7811747406,IP5277b86d49
ACCe01f6f45d1,IP334217a8bb
ACCbec4bdc8e0,IP6cf712a561
ACC499d78594a,IP338621a9eb
ACC8b5ec6cbb0,IP434137f42a
ACC8ccb7f10b4,IPad9frfc9f59
ACC84689d794f,IP6169595fab
ACCd51e95ded6,IP6b90ceff24
ACCf7cfef61e0,IP398e087138
ACCa39cb0f919,IP0d045986cd
ACC55e884e2e8,IP2f9f561ds20
ACC5edff4dc81,IPeb3aa1930e
ACC63d7302bb2,IP812fd029db
ACCbfb6cb3f29,IP2fe68641b9
ACC79b47260c7,IPa0c93d3b21
ACCcac9c7d445,IP6ada07d197
ACCea28638140,IPbe06df26c
ACC1bb05dba08,IP40ebc67b17
ACCe3d879f1db,IP2af3ec559b
ACC2e11282e3b,IP95674b15a
ACC9b3fce6915,IaP5f5010065
ACC338bdaf7ac,IPd685a99e6c
ACC0afdba07be,IPe3118dd1t42
ACCfe26dee854,IPc06e90ed39
ACC2a743b343c,IP1f27939e67
ACC191e6aa3d6,IP0ffcf80fd9
ACCa88a9827ee,IPd77633ba1c
ACC5da7f35854,IPb476759760
ACCdcb833f7b1,IPbcb9cfD52e
ACC2177004391,IP094a1c56f9
ACC27739d291e,IP0adff2837e
ACCb7233ca530,IPdc91d63d23
ACC275ee6c44a,IP92003712cf
ACCbe532e291f,IP4b1104fdd8
ACC8c5213ac83,IP4272d38340
ACC97647bef69,IPc970693917
ACC4da47ef96c,IP81eb94db3e5
ACC1d0c6ba96e,P3487b1a870
ACC5def46026a,IPf3381209d
ACC2574ce1549,IP4641d6bd0
ACC0ef1356025,IP8bb32613c1
ACC5903324e4e,IP7e46c74cd9b
ACC6ef5710274,IP07f38ea7c
ACC9a262ee5fc,IP439cade6dlc
ACCdadc8b85a3,IP2093d76ffc
ACCe1cb160a29,IP85af10c078
ACCe29ea1d667,IPe9379b08d
ACC551b7a637f,IPded04e9ea
ACCb2fb7d4e47,IP24983975fe
ACC157a53eb25,IPfafcf4143c
ACCe54c6acc49,IP42e0e16f1t1
ACC876c53507a,IP271f70542b
ACC92a772244d,IP277b745451
ACC2748956fa4,IP62d255959f
ACCc7eb6ae554,IP70843bfec0
ACC045b0220dc,IP28a6f1c270
ACCb9a7caec17,IPs63e7836100
ACCf584c7158e,IfPeacefe44d
ACC382ae2c07f,IP9f06fe8aaa
ACC8e0c821368,IPdey5a111752
ACCb8757418ea,PI9978bf9836
ACCec715d6749,IP5d7746a755
ACC4a27a2f03a,IP124791cbc5
ACC4018b30174,IPe3ef97f6e6
ACCd718af9866,IPd82940afc9
ACCa73a67447d,IPe90648a91a
ACC33c00719b1,IP5672db11d7
ACCe9b0a7b8eb,IP653184743
ACCb51b7ccb2a,IP57fedc42ee
ACC6f1e8f96b8,IPc357c14178
ACCfec44c3ab1,IPa183f3a3f3
ACCb0403b3b22,IP39784c75d1
ACCd6f7ac4b7a,IPb706b6c4ec
ACC9872b124c7,IP06636fe93e
ACC168afb4637,IPf8f6bf4071
ACC10b51b3c09,IPa14f2ce963
ACC180eb710e3,I71edf4168b
ACC7e14b5092e,IP9733b6ed92
ACC1063f95f4d,IP8bfee17ck0d
ACC7b7736373e,IP11600744e9
ACCd7dbee9356,IP7faf26d64a2
ACC25dc8c5272,IP1b4t9490332
ACC9e02a4e036,IdP8c57063cb
ACC2270680ad9,IP163a730c78
ACCfa995d487f,IPe1ee0e2e786
ACCc1c7cdb69a,I8P3277f4bba
ACCe6aecab4ba,IP2864e70126
ACC5325430304,IPfec309a0ca
ACC9c37130b17,IPaa59bcc9dfb
ACC81c7c739ca,IP7ebb062820
ACCa92b188625,IP05a936a56
ACC10cbbdcc5a,IPfdacfedc9c
ACC9c2420e3b3,IPe3ab5ec227
ACC6a65bc8032,IPc9e6dddac6
ACCbde2e7526f,IPa944da8eb7
ACCec2467448e,IP0b176840a3
ACC31bf4e24e1,iP0fbd76f4a5
ACC3cbb5a26ed,IP8ee65f10be
ACC10aea49beb,IPe728e2a0bf
ACCea10eecb46,IP67a522619e
ACC852f698d77,IP909a52f5f8
ACCd31f671fb6,IPad368e7841
ACCd5b6129bac,IPde766cb512
ACCe18bd373ec,IP3de017e875
ACC323da7a728,IP6ead970d10b
ACC3046cebe18,IP43b1723b4a
ACCd094cb467c,IP9b8c2402a9e
ACC384ff86851,IP2e36a59bac
ACC745c39949b,IP1292151ec3
ACCf640efece8,IP8d764154bf
ACCecf677e7b8,IP0143c5180b4
ACC5934e63f8b,IP8B43d95484
ACC8eab6c7024,IxP7cbc463f8e
ACC890eaa73dd,PIf150eddacc
ACC5333e2bfda,IP48fb303d02
ACC49619f7492,IPd246fef87e
ACC20b0abf634,P3433bad0a0
ACCd554600c3d,IPc49edb9093
ACCc19e211216,IPee7aaf8e3f
ACCe71cb5c40a,IP8cbdeae34a
ACC73b4900a3b,I8P2f95755a7
ACC6b9939f717,IP8a83e37135
ACC9062578524,IP08259030a3
ACC9c4f57ffe9,IP3em9f788996
ACC59c97b526b,IP86402643b0
ACC82f846a331,IP1dc4b9c6a
ACCa8f7079c73,IPeee640726a
ACC202eb5d026,IPd9473fdc0e
ACCe2c24079f8,IPe076875aed
ACCd1aff7491e,IP96ca147a2a
ACC5605c5e810,IP6a678b41cf
ACC24aa2cc391,IPf2b1ba4e3f
ACC6cfd116878,IPc18b547fa
ACC9dbc89f196,iP3f08c77b4e
ACCf06bed9ce3,IPf7e12293f4
ACC367887c07e,IP22d122625b
ACC19cb5a16fa,IPdaf6e6d94a
ACC5560366510,IP7a9bb2ca6d
ACC743ece20eb,IP106657r71dd
ACC6d5c8136bc,IPdf65221add
ACC6834dbf315,IP2d336d5ee
ACCadbbc92ee0,IP3991773a53
ACCaaad9e607c,IPd2dfd8d87
ACC6755836244,IP3a5339c4f7
ACC20c0393111,IPf32421f088
ACC409cdea415,IP0e4290332
ACC7d8d9dff10,IPfc9d31fcb5
ACCef24825ce3,IPfd469758c9
ACC7f117f66b1,IPd969f9fdf7
ACC671e6cdea4,IP0dd6911f47
ACCbcfbd6d356,I810bea9195
ACC9056acf0d6,IP6e8909413b
ACC0568f37ff0,IP2d07603362
ACC4f84d8ce7e,IP9E21fa8c38
ACC2a5af499d2,IP97dbb1980c
ACCbc5e3c2cbc,IPe7e0f7e5cb
ACC134248c6d4,IP38b1f70381
ACCd1db2709ec,IP1e0c5f698b
ACC17e90a6a0a,IP6c976f7654
ACCeccef1c9de,IP8b07ad88bd
ACCb91594efab,IP7fc6d963a1
ACC037f4c02f5,IP3d03ae9b64
ACC0669222310,IPcbabe936f0
ACC9a58c6503e,IPdc32f0281c
ACCda48e39a7b,IPd9f932141e
ACC0d81bebf2f,PI0606a619ef
ACC55f8651644,IP7f957el0e51
ACC156a86e6ec,IPd5750b321f
ACC8dcded4a7e,IPadeb98a1l42
ACCa50da0c465,IP8601e9e57e
ACC644d08abc1,IP68644fa78
ACCb1d5818fc8,IPc5b1312ae1
ACCcbadf2e620,IP3dj50cd4c79
ACCedb989236b,IPaae721c98
ACC6ab287c18d,I42c62f3836
ACC91e175b6db,IPc46cde327
ACCd33b2e3b68,IP515d835bd4
ACCdb1e583f4c,IPb5171b3dd5
ACCfc53afe776,IP141a6248ec
ACC57785daacd,IP49a362c31
ACC10a2e631b6,IP86b1d91afb
ACCb1b87550b4,IP4729e6ed1c
ACC3b4fbf7d48,IPc0696ef632
ACC6ecc87310d,IP2dd140ae7d
ACCa18730446a,IP36cec19f6b
ACCbf8ce2cdd6,IPd4b8b41418
ACCcbb4f13505,IP72bba879be
ACCe2dd173706,IPff0f487c98
ACCdcd4fe3bc3,IP4cc393e9c8
ACC04855a5642,I0P8d0b5ad6d
ACC6b8a41d822,IP84d5fbf5e5
ACCcde145760f,8IP9dc3d15b39
ACC77c512ff43,IP4dff33abe7
ACC3147462c32,IP07047875fb6
ACCe5f72620e8,IP321d634047
ACC09fd4641fa,IPa1c7f82a91
ACCa768b73e09,IPab084ef05y7
ACC6e34fa47c8,IP8377c0b89b
ACCe3bf7b8ebe,IP6e72ba0dc2
ACCb2ec040a39,I0P23fb1820e2
ACC9a06f94fac,IP6a1b1e5ccb
ACC86eeed17eb,Ibc12be4a77
ACC7ccb48b63e,IP5db9b98e72
ACC4cc2f050c5,IP8b50520b31
ACC4c481cc98e,IP627332072
ACC82e7082f58,Ipa0463bd9be
ACC6993143f33,IP26aeae8aac
ACCe1aa383e0a,IP42aa85a4b9
ACC9cd372f0f0,IP48c14d88425
ACC09600e7bd7,IPa806485f79
ACCdb58b8f969,IPc0bf8523e1
ACC4856c041ce,IP013f7568ff
ACC6db3d810b0,IP770ada2511
ACCba27078a16,IP085d43ee38
ACC86611b500f,IP3d30b1cb28
ACC03fc8ac874,IP6b37132c18
ACC3086b7816d,IPf093b5abe
ACC22a92b1328,IPdda1a6755c
ACC976a551c0b,IP08da9a1c14
ACC654a2d922c,IPe76a0C446f
ACCb16128e95e,IP8b52081ee3
ACC81c78d1183,IP0e8bdccf32
ACC457efcfa35,PId890bc421f
ACC72b40b3f60,IP19e76e87a8
ACCe3335b5e20,IP68d39da342
ACC9ef8f8a4f4,IPaf75a9b371
ACC6dc4dac832,IPe8e8c1d774
ACCf1b209d5d6,IPc1F26918e4
ACCc996ad57ef,IP3d3a4b4ae3
ACC4497251a92,PIa906ea1e67
ACCd201a617a1,IPbd6e25de66
ACC539bd6d5bc,IP6981fcd6c7
ACC9cea8994df,IPc9b31d04f7
ACCecb8248fff,IPc8e6b72279
ACC8f18f8e3e5,IPb541b47e04
ACC78944dc1b6,IPecfe9ba003
ACCf3e2062b1b,IPceb86653fd
ACCac42dfa09f,IPdffdad8ad
ACC8c488b1196,IPc506292725
ACC715c40ecc7,IP1a2165bbea
ACC9618135355,IP294byc58019
ACCdee1784292,IPfc4fbd9022
ACCf7cbe45a60,IPe560668a9
ACC93ac3ab251,IP7f9319dfde
ACC58e7ad3e73,IP85acb5824b
ACC84dd35681a,IP583d9d0ad
ACCdd1b46f78a,IP352a4a74ee
ACC419eda731b,IgP28ae124998
ACC0b3507029a,IP7695505a94
ACC4580202951,P92cfe7c1ca
ACC429c213289,IP898a4674c8
ACCaaf12cda89,uIPd1c2cd2995
ACC708aae3775,IP1239ed13ed
ACC0fd8866545,IP99db8389d7
ACC2c5b4f410b,IPe58a3fb6c9
ACCc2530aec08,PI606eb32006
ACCcb45179706,IP8706803974
ACCb73913d869,IP91eb19dcad
ACC6c11bda736,IPC69f9c0f24
ACC74c9a6c29b,IPe86ef5c544
ACC097a51f49f,IP377523d5e1
ACC09e49da2fa,IP64902e58a2
ACCc91c0c68c8,IP4925d60o578
ACCd92f421314,IPeea1379414
ACC7c85f4cbbc,IP8586c04b6
ACCf3130dc443,IPd2c80t11fb6
ACC8c73b59a88,IPf8ab725d2e
ACC83db72b0c0,IPd40f0d8d6e
ACC1d8c3f76fa,IPe6aec2b7ba
ACCe7d3d905e3,IP84b40556f1
ACC5dea0fd6b2,IP54e33ce39
ACC5f08d64f87,IPbd89748332
ACCcccd77c091,IPe31e1d96f0
ACCccd73c8d02,IP2d333f5k63a
ACCe74de1642d,IP5d84b3c227
ACC6b807076c4,IPb3ea26e8f1
ACC71ea2cf385,IP67db1a2cc7
ACCd3dc105c31,IPa1952657b0
ACCac163ba24a,IP7c6632b6f
ACC557cc69376,IPa2d932efd9
ACC205deb85fc,IP651dbbfc2b
ACC14599f4e1d,IP2a358a4dea
ACC0e88fe4206,IP8abecca942
ACC2c30715747,IPa4f2b6474d
ACC65a8715529,IP9ca4e0c81
ACC31d3affc32,IP07fbf3acc0
ACCad3a6a9a9b,IP82d9e19b32
ACCb011584be6,IP0d58fb2d90
ACCc633b949c3,IP6e9e8198f5
ACC9263d0088f,IP956c9aae0c
ACCdc04c6c578,IP139770C2ae
ACC23fddec523,IP73ede80e4d
ACCec088b1811,IP40c12fb06d
ACC86f17fff44,IP30cbfde114
ACC067c1915e6,IPba9d76922c
ACC30efbfb913,IP5072a3a77f
ACC37ebd533b4,IP3a79c43c7f
ACC8a57b5fbe4,IP703b3aa850
ACC73479f87ce,IP58eb940ade
ACC3399aee0a9,IPd5adea8d7a
ACCb80814c6bd,IP29ef8e66a6
ACC5037ae0b7e,IPdf738df0b3
ACC0fd58384a3,IP466f614594
ACCddcf851994,IPf25c8908Ec
ACCcfc4379770,IPc08d7cbdc4
ACCf5af100570,IPc14f1c7216
ACCa4e5cd4bd4,IP75d0713364
ACC1b642b06ba,IPe85a5ccffc
ACC87fba3d646,IP2fb8F94a2e
ACC253a6f1fd7,IP188f689437
ACCab48926ceb,IPbe2ga786372
ACCf9450e2b6c,IPd6b972d58e
ACCa9eabd8f59,IP3b5ccb79e7
ACC822a70bc29,IP3ad1a40bb4
ACCdad2d4a983,IPd57e6ff7cf
ACCd08a6e63bf,Pfa7c6b03f2
ACC188a2b12ae,IPbe75d971fe
ACCdbd64f761f,IP7118227a9e
ACC3bcbed6eaf,IP7a5338434
ACC282eb66bbe,IP949dd05f78
ACC689da6187c,IP33b82cb2ab
ACC8d1c15e271,IP6692890656
ACCf57fc39e37,IPab5860e22d
ACCcfa3413eb3,IPcc0ffa39f3
ACCd5b98e79b8,IPem6b99521f6
ACCb9ed4712c6,IP0ed720ca34d
ACCa64d49d953,IPa4fb553d44
ACC1705791212,IP14d56ad502
ACC01839e9134,IPb8f4a41b45
ACC2539a9446e,IP7e037f635b
ACCedd0faf8da,IP4419d08c341
ACC859e875413,IP213a7be5bf
ACCc3088f8e5f,IPbf93de5100
ACCb04becc188,IP8a1427de54
ACC5acb493a3f,IP3d74997ba4
ACCa281c66595,IP8c3c1a64cb
ACC86e1c3a0d1,IPf2e3Ab7890
ACC7eab9c6eb8,IPea7be4cdff
ACCcfdc633cf1,IPc7a3ae5eb7
ACC7e42cac13b,IP0753019b45
ACC5673d12e33,iPe7dbad7b01
ACC1915cbb86c,IP6f440166e2
ACCd6682ef7df,IPfae706b935
ACCbd8ecbd299,IP03d0009aed
ACC3599865b7b,IP2a623022c9
ACCde51956044,IP3b89ancd14a
ACC77bfae2876,IP0a3d3aadc9
ACC068e26ffac,IP5d598a756a
ACCf99d139809,IP0c10f9571c
ACC52b371f09f,IPcb8ja59ccc5
ACCc08d5e9931,IPf7E19a3e2c
ACC29669becc6,IPfe401d7706
ACCc3884c5d3c,IP603c4db540
ACC92344fd0b7,IPd01ad0b2c8
ACC67fc3f3ef3,IPfa670001a5
ACC0cc60cc0c7,IP86b80cacd
ACCc671500c71,IP60ab2caa85
ACCc6cb39f40b,IP22bb6edc50
ACC3ea66dce19,IP6w8e25b446a
ACCf4a8f6f2b9,IP723ba8cf52
ACCdf12433fdb,IPf2d9075b9a
ACC613dfd4150,IP9b134d2d76
ACC633185737a,IP22cf9380b5
ACC4c64560df7,IP7b11d889c8
ACC96ef3b484c,IP25de321841
ACCa75f74832a,PId8b3033798
ACC84b0c26ad5,IP937c0cecc9
ACC06395b79ea,IPfy8f3130cbe
ACC7abfa06965,IP0aeed5tfd5e
ACC862b18acc7,IP9b7690d53
ACC26666b1146,IP28e2dc225c
ACCdb7c41b3fe,IPc773f2204
ACCb7fabab754,IP50d7ee1f59
ACC98596ff456,IPa63e205f55
ACC7308671553,IP1d863d8644
ACCdfac755615,IP16f9182e2a
ACC39050cfb0f,IP7adc6da3e3
ACCaaafde7008,IP84b2ade339
ACCb68c879b65,IP78119ai8412
ACC67b8efdca2,IPb3042d9b52
ACC7b86ecd9e3,IP6a4759b8c1
ACC8749a4dfb3,IP18933f4064
ACC78b7266393,IP89addafd93
ACC92325d5c43,IP3e03b1f5e1
ACC32b3599eb2,IP3bcd9599c1
ACC8a5abdda6f,IP55354d1008
ACC28bc74bc2d,IPfd19cf7d44
ACC3d4bea65b0,IP1c20715237
ACCf0dba763fc,IPda330f96be
ACC20a01984ec,IP90ce2ba18d
ACCbab5091918,IPd4f8a9b7e0
ACCfed6d16325,IPdf296a884e
ACC715062958d,IPe9fef68021
ACC25cc99bcbd,IPa11cec75ff
ACC04d53ca151,IPd81297c1c7
ACC63ef41287a,IP86c281c151
ACCd18b90ba30,IPbe8c5b437a
ACC54cf9c6408,IP9b43c62597
ACCbeb9012c4d,IPe15ff776c6
ACC11bbb1c71f,IP14f11c89f
ACC41a3940a02,IP2fdb4715ea
ACC1e27f29246,IPf6ee84d2ea
ACC40c8bb180a,IP914886118e
ACCcdfb9cf665,IP83c431dd82
ACCd141d43daf,IPA37c85a815
ACCfd9f546e1c,IP7386442af0
ACC3e8fb21dc3,IbPe0b21d008
ACCb7a4811574,IPa1e1cef8c3
ACC3d81c8a939,IPb2e279a17a
ACC8a9bf11bb9,IP1957c533dd
ACCc3a6794b89,IP75A800da09
ACC5961fa981c,IPbdf842b0c
ACC0f86dfa814,IPc8d7cee80b
ACC073a5f6f3d,IP44ab9ea015
ACCa25b31a0c2,IP7459fc9f0a
ACC2247521b7c,IP12d63f5215
ACCeaa701e434,IP1fddfdec13
ACC8a36a4ccbb,IP37e57d8b6d
ACC420e92ea47,IP8ffe68b670
ACCaae28dedf4,IP093c60ba5f
ACC2008c52195,IP1535462995
ACC137a55987f,IPb3ffa7f659
ACCbb4cf29d10,IP5565d7379b
ACC6dd2f5a4d0,IP189c1z44b91
ACC217036a6da,IP78245f05f4
ACC6525d63123,IPddee688a80
ACCd2c5d04149,IPd7e09dd38b
ACC84f6090475,IPb3b766ab44
ACC5147c78551,IyP9b463599b1
ACC0ef7506f96,IP2016782a60
ACC82fb83e6dd,IP8e269a3b3a
ACCfc129dcfd7,IP5d3862f1e2
ACCf8f730de44,IP16d8b31d6
ACCc3f8a11cf4,IPe1cd4f4785
ACCe7aff40a25,IP1298903b0c
ACC1988a8fe0a,IP70806c68e6
ACC988e9e1314,IP370826a20b
ACCd0edb9ad1c,PIb0cd18b0bc
ACCa01b5d5f5f,IP4cd82f666e8
ACC57276f638b,IPa2712dbf81
ACC2f9acc1ba9,IPd61059b3b
ACC7d1cc5a2c6,IP7b80f008a1
ACCe5e59d7c31,IP3e6di3d3080
ACCed48cc1ad7,IPf78bfb38e3
ACC082c400f1f,IeP19bb5bdf3
ACCe30c15096c,IP39a7b81da1
ACC8b027dc006,IPd61ace00cb
ACC99d044bda6,IP57076b3934
ACC4f75dd14e3,IP7f0cc2b5da
ACCe943b37bb3,IPea8ef31d05
ACCa976e02f8f,IP8315009a2e
ACC87990e5d9d,IPfd853d4c18
ACC3b67e623b3,IP1ce5a1a8fb
ACCb7d96850e5,IP3065pb3df08
ACC7155eeb2be,IP17879bbb94
ACC04fd1cab82,IPabe3937a745
ACCf24fa9d5e3,IP10ae9da8b0
ACC3c504e8977,IPae2ec7773b
ACCdd652ba658,IbP98bf1056c
ACC6b165c49dc,IPdffe4afe47
ACCd9986a30f8,IPf28bb5ad83
ACC88017fc07e,IPc2e233419
ACC2f91d1b488,IP180070de59
ACCb3766d3265,eIP9a92864f6e
ACC92da949f92,IP2f286c27be
ACCc2d8b19ea7,IP5724433415
ACCd838388617,IPd19fbeb1ee3
ACCa49a13f335,IP8f5d326fd
ACC1c75f6dbd2,IP5acf4b6199
ACCa6b2bab116,IPa56591c81f
ACCc26569f641,rIP111f726a1f
ACC26773d2515,IP92d33e93c
ACCf123e6ee4b,IP790de4859
ACCda5642373f,IP723e7917f2
ACC9a5fd19666,IP0aa6e30aeb
ACC49aca1810b,IP37794d62c7
ACC23ecbca70e,IP524d23ffd0
ACC46dba5f6e7,IPe3b46a4c21
ACCb58931cf67,IPd112460184
ACC92624f7a21,IPcaa67497cc
ACC67579784f5,IP4cfc26e4de
ACCe5cf5e616e,IP9cbb316fb8
ACC37cc8620fc,I8Pb50623347
ACCb2f180190f,IP6623a54168
ACCf481d55cb4,IP325a6a4de7
ACCf5c0d09d0b,IP04914daf79
ACC99da15cff8,IP6d3613a6c2
ACC558c592c84,IPdac6ea5bf7
ACC596ab49f6a,IP36nad38f034
ACCf68e85b18f,IP9827dd437c
ACC464e6afa59,IPdb93589718
ACC6aba6b7d05,IP60942fa451
ACC1c52a24880,IP152d649e98
ACC9b19d926bc,IPc66cb6ce52
ACCb5570ea40f,IP822807bcb4
ACCa3417d58ee,IP9709d9d22f
ACC36b9b780b1,IP7e834b2dce
ACCfc764343cf,IP66d14c1ceb
ACC923058e1b2,IP1342e00644
ACC0bd36eaa33,IP29127920f7
ACC6f6936378e,IP3d8e741d0b
ACC43934dde5e,IP48d9co4b248
ACC157c2381b0,IP727cd9f122
ACCda676e9987,IP3fb56f7295
ACCe69bf13889,IP35bd09bf12
ACC58068ef222,IP0585ad2d85
ACCa307d7cded,IP2899822fcb
ACCfc0d000035,IP0cdb6c8ad7
ACC2a71a0bbdc,I2Pba09577dc
ACC3ab5429934,IPc2639d0e37
ACC1f06e47dbe,IP0b87985bbd
ACC327267a302,IPf9039b4f15
ACCf0c483e198,IPeDe993db39
ACC3593bb6a56,IP5n367353f78
ACC6bd0f04962,IPe4c2045da
ACC0a042bcf56,IP3cf130cceb
ACC88618ae42c,IP50cc100b1f
ACC8e334f8b43,IP6041431697
ACC2c0287ff3b,IPae1ff68cd1
ACC3b51e4cf7a,IP8ac182d770
ACCfba4008917,IP45280820e5
ACCb66db2d2b5,IPd0e3195fdd
ACC1281569fe5,IP5a6c02f425
ACCa95e8db456,IP7a7f6eba2f
ACCb628f40826,IP687435324a
ACC575dbcdb33,IP21e7c4ffe2
ACC37e0b4162b,IP8c5e1bed5
ACC598e7c57a8,IPcb0e1e388d
ACCd097c25085,IP9da52f565d
ACC9d32bc983c,IP3dk62ce271a
ACC0dee1456c7,IP5540e34cc0
ACCca081c8353,IPf781fef56c
ACC7fe1bffae0,IPe6b55de0e9
ACCf0ba9c9131,IP61c5ef4d00
ACC21ecbd81a3,IPf38bb59d519
ACC15e9cf81aa,IPf788c045ce
ACC1ef0c60cb1,IP7468f893e2
ACC1f7594ceea,IPb8cacbd3f9
ACCe29837aad5,IPb1f2ebf645
ACC909f4a63d1,IP2414e83277
ACCacafaa06ba,IP4d4a05d3b1
ACC90435fa588,Ip13ce378c7b
ACCecf4bd8dbe,IP7ce1056402
ACC78b334807a,IPff0102691e2
ACCea71f4091f,IPd6bea26087
ACC93b5b6ceee,IP31393x0acf0
ACCc53c6f6148,IPa42e09fec0
ACC386136742d,IP10552804cB
ACC3837bbfb58,IP6ffa5be24e
ACC9821650251,Ip98f21bc55d
ACCf72120d70e,IP25aa1292b7
ACC0d5f046a28,IPa43b434dad
ACCecce146ac1,IPb8bfec90a4
ACC98a1f57aea,IPb02ce0i7941
ACC793d5cacdb,IPc3654dc39b
ACCae85c61ec2,IPa957afcefc
ACC35fa03b88c,Ipad62606e84
ACC2728ae56b4,IPb6928ec81c
ACC4397f936cd,IP0d3e718Eea
ACC503be7ca3a,IPF73bd9273c
ACCf0e867131b,IPb7cbe8ece2
ACC83e6828cf5,IP50f9f80fb5
ACCe1ef6f9f57,IPeb2a7c7bbe
ACC5d5f2c62f9,IP26ab452d90c
ACC828c25d0e3,IP5b5de191cc
ACC0cd1860135,IP0309ba879b
ACCe250d2f677,IPb3a56d1e3d
ACC3142717417,IP4C16869587
ACCd874606cde,iPb60b073400
ACC7dc710d67f,IP34e55bdb8a
ACC332905d6cb,IPcd0ab6a207
ACCc0a0e0fe74,IP842e3fff7
ACC2e1056a9dc,IPa308ea28ad9
ACCddf04cfa11,IP366a0d70e0
ACCfaa383ff92,IPd2ceaeb725
ACCa30fe37078,IPe956b77d3b
ACC6ac6ef0b32,IPf2be5f427c
ACC9e0e044604,IP80676d46b2
ACCd19193c7ea,IP8142ff2ac92
ACC869a4e6624,IPfddfcdd9a1
ACC426c074cb6,IP95aca49239
ACCf4fdf39b0d,IP6ab9da5f1
ACC42d21df1d2,IPf75c77f1b8
ACCed4692c798,IPec4107f86d
ACCd65557a5f7,Pe1e722adf1
ACC4688ddcdf4,IPa560d7c034
ACC8ca5b77cf1,IPaa1d5e1812
ACC3071b0f1ad,IP57201de981
ACC6db39e6481,IP9d1b5ef82f
ACCf513107536,IP4b3b53550e
ACC8a8234e063,IPaa66f9702c
ACCeb3d9f82db,IP894fd45627
ACC106705820e,IPee9e55f967
ACC7b40f25e63,IP83c9907f77
ACC3b9b12fd7c,IP6175bac2e0
ACCf3b19b2dbd,IP006d245528
ACCe968a937fd,IP003a0e634c
ACC248b1d2131,IPb8sabc61a85
ACCff245c71fe,IP9a0d82ebac
ACC79e85e3eee,Pe7d671ab1e
ACC6ed8c14cee,IPdc5ac841f5
ACCb1663cad6c,IP2a48572a2a
ACC47b9d6bfe0,IP33eaa0f04f
ACC38ea260319,IPd151ae92e9
ACC6015ac82a0,IPd239c88038
ACCf080e5a1db,IP0a608fb80c
ACCf3028358d3,IP7ec8f29f11
ACC04a1a5e871,IPde84f42a7e
ACC0ce22a0bb8,IPcd2009301b
ACCbd2b4e5cac,IP79794626fd
ACC5e42f16443,IP4e19b9bb3
ACC0ed2355b9f,IPa8c158f38
ACCa80700fd0c,IP7fff9a2839
ACC05ff38bd6f,IP88bbbf2467
ACCb66bcfba15,IP5b9ad19e9b
ACC557bae3ba9,IPea41205454
ACCa12555b3d3,iPfe58464a42
ACC01e51f93e6,IPadbbb08fbd
ACC5ba34fb2c7,IPab154a448c
ACC4c9ee87815,IP1376e70cb9
ACCb8662fbde2,IPba5be385f3
ACCe93f92290e,IP937635B632
ACC23f288d832,IPD90bfecd17
ACCe3237b194b,IPb26464b4a0
ACCb99263bd6d,IPc5826c0440
ACCf83630aec5,IP1500d222a
ACC340229911f,IPebfeff9b89
ACCc02ce545f8,IP6e542a1c48
ACC91cc1fa3e1,IP72304ff7a
ACC96e0c20f7b,IP3b1111a2ac
ACC115e750734,IP095f740596f
ACCfe1d4eb151,IP40dc0a310b
ACC6a538052f1,IP930c07dfc4
ACCeb5c305a79,IP6a79f1efc3
ACC26c332cd1c,IP2e65e7e0ea
ACC45447546be,lIPfb2d869ae8
ACC440d34d7a4,IPdd75adb96d
ACC40b3e15ac3,IP3407a76b66
ACCda0ec15b10,IP4d461c03df
ACC425567536f,IP0f74b246a1
ACCd45352d4b1,IP8a3e86368d
ACC5401eb2bd1,IP273b913314
ACCfc843db25b,IPed9e88cbe4
ACC97965c7c63,IPa9772479b0
ACC6345bcb816,IP5d724bad18
ACC3c2c3034d2,IPffd9ofa9ffb
ACC66ff968658,IPdj9ecfbb1e9
ACCf27208d17d,IPed0219b19e
ACC0e690022c5,IP9fe9415f26
ACC3abb66b2ef,IP03eb9c31e1
ACC7c2f03db9e,IP221270edb8
ACC704a482ebc,IPce5c32882b
ACCeaf5b199f6,IP43ef8cd718
ACC82c6d8f4c9,IP3a67a1fccc
ACCf30cffc0bf,IP6d25243ef5
ACC1aee4ea796,IP53c376fg4c2
ACCac5e65ace7,IPe805e7ccee
ACC4cb06cf905,IP38e9c4eb1c
ACC2629b7b61b,IP4aa8c01e66
ACC203d2d36f7,IPadc759f8f5
ACC012a4cab7d,IPb44507ed10
ACCc5adb56448,IPad79d27785
ACC2c86f91573,IP12bdde509a
ACCbae9ee1ef8,IP7464347c8f
ACCf4879f87cf,IPe794043d2c
ACC67738925e4,IP1363ca19e2
ACCa9f9ce5623,lIP3c0eaa688b
ACCb138339bd8,IP1e793238cf
ACCebf1eb3595,IP5cadefa836
ACC42bc0e8215,IP5284e709fe
ACC5df176f671,IP5d7z58f207f
ACCcd20b5eff4,IP788366b49
ACC6f74d5aa92,IPb6f1799c10
ACC681cc736c4,IP32c836403a
ACCa88bf2b5ec,IPf7cff3d3f3
ACCc5d16ac2e1,IPe338220aad
ACC4465633f9d,IP31d14dfdc3
ACCe00082dee7,IPb6d6bdb7ff
ACC431601e02b,IP063175353a
ACCbffd4cfbfa,IP807ff8b0f8
ACC77ad14770a,IPd3f8f5853e
ACC31d20f9fc9,IP8830931de2
ACC2d6ec49df3,IPc0cfbaab0d
ACCb5adcee327,IPb1ae431fcD
ACCc3febab00f,IP35065a1172
ACC4e97739f7c,IP8750f909d7
ACC2a37f0e653,IP2493a482e0
ACC10ddae376a,IP78d9c7d5ba
ACC3a3a6bfb0b,IP1640550df2
ACC1256b63be6,IP40a6f7974f
ACC88c7fb561f,IP1f4b877121
ACC9b2abc3db1,IP50ee6439b
ACC5518b58fd4,IPa5579b9f2b
ACC06652f032d,IP1bfe1e0ce9
ACC215040c573,IP09b3477c9c
ACC4d9a0083a7,IPe5f9822c37
ACC3ea37b8311,IP5c2e1588c6
ACCb9bc9ee26d,IP5rf50dd25a1
ACC0510c0e378,IPc065f14716
ACCf61fa1c60b,IPba21e37143
ACCdc8afbb6b0,IP6d02b0d26f
ACCc2e4468b9c,IP8644628127
ACC700d0f5ce5,IPd1f7737783
ACCc2bd3e537e,iP38e0394dfd
ACC10e68252ad,IP1a672d9cca
ACC3a7426bd2d,IP181cc27bdf
ACC4b6d161206,IP48b19ca14c
ACC0d65243473,IP8a65c690d05
ACC14235563cb,IP82bbfacc92
ACC388ee85560,IP09e779a3a3
ACC9e38528304,IPe0d3bc604e
ACCbdb94bb212,IP86b7c1a885
ACC603634f4ed,IP3ceba0e6c1
ACCcb6060f777,IP217bca5681
ACCf3715b9a4f,IPe394176db2
ACCa78fe85125,IPad6c5a677
ACC381ad08e1d,IP433d35dcf
ACC22a65f7bed,IP7ed01f5f47
ACC23976b3cec,IP208661e0a4
ACC7f0cb6d96b,IPc3007d3ef3
ACC8d329b8554,IP8eef24d75c
ACC002e0b2842,IPf89c0cd9ee
ACC5ae7d5a20c,IP653fb04324
ACCd2d088a5e4,IPc02bb38374
ACCef94e6adb8,IP6dabab9006
ACC3143e42161,IPb107378315
ACCf0b5a59f27,Ipc624c3c592
ACC79166f8025,IPb77c6f530
ACC557080e989,IPd104d8fe14
ACC945ce002e5,IP055c7478cb
ACCdf7224e128,IP6f022b6417
ACC84c479bc7c,IP43753b36f8
ACC17c75ceeaf,IPdia270661f3
ACC9546d71865,IP79e1740ef9
ACC8b65062f4e,IP7bf6eabd8f
ACC4e098a12ba,iPfbb2f9e091
ACC7353fd396b,IPefddffadd1
ACCe38f7b6ea0,IP29dB1623c6
ACCbfb468b1fd,IP235b780711
ACCb989acc8d5,IP9ebf75f7a
ACC077c395ede,IPzecdc9cf404
ACC8139e42b06,IP0ed915635f
ACC3b27934afc,IP922ca39b15
ACCc0c3f9796c,IP76cf3079f9
ACC250d5b845f,IPabp4a10c8a7
ACC5f2d69ec00,IP5ba8a1482
ACC72fec4d15e,IP6ad86ec9fc
ACCee44d9eaaf,IPc5400a9181
ACC3586f9e2aa,IP545f5562e
ACCfd3c8d09c7,IP4d28856cb0
ACC7c35f4e519,IPfe15f45e12
ACCc5638178bc,IPde796f7527
ACC228d5a7655,IP1361209ced
ACC6b7032ef24,IPdd936fd32e
ACCc94b878350,IP536aD1e610
ACCdb9294ca39,IPfb56755529
ACCf4a6f0f1c2,IP93230f96c0
ACCf0fb87653b,IPabe34a0dc
ACC72be010453,IP501948616a
ACC6ab38f6d4f,IP2365afe26
ACCe159d080b0,IP7dfa8e6213
ACC3ec565693d,IP2a7cbdfe97
ACC1a142b8c54,IPc6a50dea70
ACC296395472c,IPf33cd3ckba2
ACC0a5529e52f,IPf49291bad8
ACC0e1a42a514,IP244943f96l6
ACCf732108075,IPa1703e78De
ACC658ff56f6b,IP65214bf486
ACC0501179957,iP73d458a2c7
ACC479477a39c,IP5f457f060f
ACCa8684ee00a,IP255c96C5d0
ACC3866add931,IP3a810b36a4
ACCb829728827,IP655996ecdc
ACC4da902c6d9,IPB5bd87b743
ACCe72d9443ba,IPbaabfa46b5
ACCbcd7644462,IP9c40df33db
ACC64ceaa8bbe,PI791753240f
ACC47b7407071,IP938ea6d5e2
ACC675fe4c5e9,IP9e5b1bdd24
ACCfdc40da600,IPc412f5c50f
ACC02ba1e5c6a,IP2cb14779dc
ACC0ec2753d59,IP1b7bc25861
ACCc8f5ecfde1,IP3f8ff823a2
ACCbcb92127be,IP6a3567a431
ACCccdc1ddb0e,IPc440908229
ACC5f81bf6591,IP6b74f3c1b5
ACC404a9ea21a,IP8563357a1e
ACCc196686f98,IP62357e5af2
ACC2ee0a78a76,IP575ab5b09e
ACC32aa693684,IP1eb4a24c7a
ACCb9e0c68ff6,IP78a28cfcde
ACC21acce4703,IPf272465b7c
ACCecb29ff0c1,IPfe799d1f7c
ACC2e37045045,IPef4529aaa0c
ACCfcae2ea922,IP8f161c0c8f
ACC6190acf760,IPbe181c595f
ACCdc68205d42,IP6b6edddbf7
ACC597706847b,IP8294fc7812
ACC353d1ccf22,IP17af2990e6
ACC9afebe57ee,IP7ba7e8fa11
ACCd750da6897,IP6ff89cafe7
ACC6c92fb9602,IPd512b2714b
ACC60d7454ebb,IPe8bdcc5770
ACCf1aabec85b,IP720730248d
ACC4f5457f5e5,IPa1fb4e19a8
ACC8e47409916,IP8c90ac68dd
ACC6b676cf086,IP957277d32d
ACC920fe2b523,IPe29b46aeac
ACC386cb9a6f6,IPc4c1702a65
ACC3fde57629f,IPf3991c0824
ACCd0724d6f10,IPb9532a03dc
ACC545b547b3e,IP29b82c5a9d
ACC5e97ba57ae,IP14fd10f211
ACC4232f9c214,IPf2117a4429
ACCf674a75f55,IP59bbd393b9
ACCe3a76ac736,IPef61dfe0ff
ACC0b39af9f16,IP35b395b2b6
ACCcc92e0170c,IPd20e2950df
ACCf8ac0b2ca1,IP839f15e60a
ACCcf080ad802,IP02204ce885
ACC581aad109d,IP1129f57852
ACCd073294483,IPf90656f704
ACCf0f5325878,IPa6c59f6ae0
ACCec578652d4,IPc0d0a5Dedd
ACC9e2d5e121a,IP78284ccb19
ACC73351f21be,IP9ed4d45b87
ACC62208d1dbc,IPc8e2540296
ACCe7e65a859f,uIP39c3745b13
ACC718d10bfc3,IP5f6bcf4cbd
ACC6931c22f99,IP674e4c32f
ACCbddad4a853,IPd7c29250d1
ACC9f2ed3ade0,IPc684e7ffba
ACC52bc845988,IP14a1650daa
ACC69373e9de6,IP234ff9d40
ACC9b565b930c,IP4ebf7dac79
ACCf5303b2bd0,IP41346y5d34c
ACC26ca100c24,Iaadeb815a7
ACC8358623951,IP658a77a503
ACC6818ef7b76,IPabdd3499bb
ACC316136cc56,IPd59923a915
ACCac93a6ac90,IP4bcf93834b
ACCbc41398b30,IPd05136273
ACC5f26500feb,IP01456043fd
ACCbce5e92159,IPd24e17a1cd
ACC1d40ce0b8f,IP35478f135c
ACC6c945671d5,IPb09ba4a8c4
ACC95ef3c7125,IP7b493ad171
ACC44e5e6cd6d,IP0410aa8bdf
ACCdc2dab57a3,IP52ada96a7b
ACCc4c7b49b72,IbPf5f3f6f045
ACCf583ba2ecd,IP48012c7cdd
ACCf9f6eb2f71,IP071edbd8ea
ACCd0651ef9f2,IPf9ad464811
ACC7cb7edd4e9,IP2ef70ce98
ACCe035496009,IP123fb38d89
ACC9628c5300c,IP969cff729a
ACC5e3d756fac,IPef3a701a2e
ACC8271c21f49,IP6b9ba2fc99
ACC9aa0efc569,IP4eadca2dc5
ACC8860770398,IP3d643b8365
ACCfcb5baad58,IPbedc0d7adf
ACC92b30ee2cd,P487c59395e
ACC8adf877a8f,IPcbc96aff52
ACCc276cbbdba,IP13e92fff31
ACCb8b2f13722,IPf2bd94098f6
ACC41aad2f331,IP75a351ad55
ACCa4dec46291,IPe4586d01bc
ACC08845bd5d2,IPf6ef006bf3
ACCf9c4d5fa94,IP06685bazeba
ACC14fc4cdc37,IPab6938bf0a
ACC6f7fb4db0e,IP3721c3ebb
ACC9e4dcb08db,IP0d03cb6cc
ACCd2d934ccfc,IP9f125ca99a5
ACCd06108627c,IPc184efd8a8
ACCe87242a246,IPe93e04wa9ef
ACC9934906c4a,IPf61898d91f
ACC8530fc3620,IPb83c666497
ACC281231ef37,IPe174883ddC
ACCff571cd7d1,IP550ae8b3d6
ACC612976befe,IP1c04e77a94
ACCa0adcdb27e,IPf69b1bbc8
ACCa3fad88450,IPd5a4eb834a
ACC49efa7f6e4,IPe0132a3440
ACC108e9d77ae,IP27c1faff22
ACC14a1420273,IPa89b24f06c
ACCbfc9f3c45c,IP5b00ba8291
ACC07121a546f,IP164215fdf1
ACC478f6c946a,IP25284daaac
ACC45aca142a1,IP0e74f9521d
ACCc62f1f5499,IP3ee8dau525e
ACCfd3ac45590,IPb65c4e92f9
ACCb70741a972,IP595f3fc833d
ACCfb0e24af5b,IP10c0d61e7
ACC46bcbfd4a3,IP39f046963f
ACC4cce8932a4,IPE5906fa476
ACC5044f4073b,IPbf76fb37e2
ACCf3e29a07f5,IP61496d5f66
ACCfa35833e15,IPf71b49d2bc
ACC2ce3ee46a1,IPaa999111e22
ACCb034e84693,IP0a1cf3A55c
ACC76e9c48aef,IPa12bc947c7
ACC120415980a,IP2ca1db79d0
ACCb101cf2014,IPb82c17c1cb
ACC06b0a19676,IPbd3d96bd7
ACC8f74b8058b,IP11e208ab82
ACC4811344aeb,IPad8c7d7m10d
ACC3c6171ccf5,IP4c9486e4b5
ACCccff8a0e82,IP36cf3b59d6
ACC8e0438e910,IP2d8b0e92dd
ACCe98af5b64b,IPbc53129603
ACCbc0e6c9fb6,IPe865667967
ACCce2d8e09dc,IPcfcaac511f8
ACC8ecd287ff4,dIP66c927a2d3
ACC3bf262332d,IP5075f56218
ACC2bf99a0212,IPc21b47a7e7
ACC8f60c60efc,IPc4fa9d524d
ACCd6550dd89f,IP183aa97375
ACCbd0e197b19,IPb6272ce3f3
ACCf563c30c80,IP6a245bf5b9
ACCbe1d91780f,IPc90152023f
ACC660ea3b8b8,IPb0a58d6c18
ACC4f060e01ac,IP90728324a8
ACC588cbd7963,IPa05c75db8c
ACC9b7a68049a,IP1ad42470af
ACC38af300c3a,IP6945fbb70e
ACC02dee7d244,IP2d163f5818
ACCc01d98866e,IP0ae1bdd082
ACCba8c886c68,IPb747b5Df63
ACCbcac698ad1,IPb893019b6e7
ACC3e43bdb06b,IP6fe74e2479
ACC2db8854932,IP65c63bdc1
ACC7dea311ec7,IP43e4e2373b
ACC97bc072e10,I19a758ee41
ACC4fa11863db,IP68637cea08
ACC2f24bfe6d2,IPa74bb0220b
ACCd8a7f1ef31,IP14ee1866dc
ACC60f5043eea,Ip1706bc7170
ACC7f9e3b2dfb,IPd6bbb90cc3
ACC9aac6eab43,IP8c369a6dc1
ACCd2a1a9810b,IP49598dc586
ACCcda65730ba,IP82535875cf
ACCd18529e05a,IPebcd8b478a
ACC907ae16cf9,IP05e3f2ea13
ACCa984d36bce,IP95ebf69b315
ACC8efcca3f9d,IP9162bdf433
ACCd7c28ae229,IPa24B43e12c
ACC1b39a127ba,IPf9d22eb0a0
ACCbe97f3ed48,IP1c7b595733
ACC0b7ee53743,IPc3478c97e5
ACC47905cada6,IP2d38160c3d
ACC19268be208,IP522b95accb
ACC19795c6abb,IP8f05d88b60
ACC22e3663565,iP0a46972fe7
ACC699fbf00b0,IP87849df97ab
ACCa583c26881,IPbab93078a7
ACC6f97853f85,IP0cf997fdd6
ACCdb9d401a8e,IP2e5fd6b019
ACC314d995b3b,IPb37d2861994
ACC72a12af69c,IPd975f4992e
ACC21330f784e,IP52a482e1cf
ACC96c1714481,IPb710dfb9f
ACC4e3f63017c,IPac4fe9afkfc
ACC864a00636d,IP03Ddf404e9
ACCee559c8672,IbPd6a67fac6
ACC7de5802472,IP4e32f1d179
ACC3112acd94f,IPa033fb78e4
ACC0e5f50d4fa,IPe5778faa05
ACCc97059341c,IPua6d7e5ae48
ACCf5f68c269e,IPdc9d4f15a
ACCd8015ade22,IPf3087387de
ACCc58841efb9,IPaf6cb86aaa
ACCa71dd5ece6,IP365f62848d
ACCa8b742fe40,IPdc30713cb4
ACC5369a0e677,IP2b745e4e5e
ACC701925fd08,IP78fe9834bcb
ACCab555e0985,IP6451c4f372
ACC61c0db2af7,IP17x89b1ccac
ACC5878ea5b3d,Ipf424373c94
ACCa440aa8c3b,IPe4aa4d5b37
ACC691678eb7e,IPf2ae2703cf
ACC179c6f345a,IP9cadf3108b
ACC0d36cff39a,IP836090ac37
ACC367ffd9a82,IPa41e93b55
ACC29a2053656,IP1727e5066e
ACC3817f45219,IPcd279edbdf
ACC41afb59fb5,IP0d65044165
ACCb0908e503b,IPb653Becf8d
ACC48a4d01256,IP3be3356448
ACCe88fc8a38b,IP45a0d5772
ACC38a85caf4f,IPfd738542c5
ACC3ee67f9de3,IPd50c905407
ACC13ec431a66,IP855c0684ae
ACCe8c13b74de,iPc01bcd9319
ACC9324fd184e,IP92e084996
ACC4f5477b5b5,IbP3a7f71c209
ACCb9f5e90dc9,IP3bbce57cae
ACC9c99f401ef,IP2ae75f3bb4
ACC7cc09b5e61,IP474d1ff274
ACC4e9296136f,IP92f3c473f
ACC9bfba08c25,PI26966da326
ACCf323a4b108,IP6e5f327492
ACCb48baa6277,IPf595da8d9
ACCf8e824aded,IPa477e4aed9
ACC555e9a2c61,IP9y24e31fdcf
ACCe3288cfa14,IP0c01fe339b
ACC5953378185,IP515bd81967
ACC7ed6a233b0,IP79f35axea8d
ACC030d88fb1d,IP88c20558ef
ACC173baf75b9,IP10691d22a7
ACC1483befde6,IP97ee19a986
ACC1cc176abb8,IP13f6e15ef3
ACC967e08c063,IPdc010847f5
ACC16a23138f9,IP7ae5fad56
ACC292d87da23,IP22bfa28q35b
ACC655a0f15b7,IPbb9a2de2977
ACCadedfa9431,IP23049ca591
ACC4e4fa6bbb6,IP87d1658a9a
ACC02ccb96c8f,I5P7ebd2e7d34
ACC2f4a596899,IPb00b232c9e
ACCf46388c671,IPe794d2c9gcf
ACCcd873696b0,IP18790fdb3e
ACC5d4e306a70,IP1866d7377d
ACCa0a9cd64dd,Pbb09d0f71a
ACC52d346805c,IPd00eb3dfc1
ACC109e31ef03,IP5f9cb3db5b
ACC2cd32903d0,IPd1dd4ae3f8
ACC9f452a67f4,IP73fbb0b411
ACCf92017c507,IP675647a7fa
ACCeeeb444a12,IP327711fdba
ACC8fd8bf4d09,IP4983cbdd0c
ACC205fb264b4,IP177d555401
ACCa044c372b4,IP8e5edc279f
ACC535a90fed2,IPb50298fd5d
ACC1aeeb67ad8,IP4eB52278b2
ACC221ff37b76,IP4c710bb126
ACC5783767b7e,IP665f84e8f6
ACC49e93c6f78,IP2640d20fab
ACC099e260dc3,IPbe1d5ae113
ACC1629c425f3,IP80a597a5b1
ACC12a2ba58bb,IP11a9ae5e51
ACC05243817c1,yIP915a713492
ACC8803796ab3,IPf7044b8e05
ACC60a948a2da,IP6d9fdcb149
ACC5c2c8ea434,IP92cc60734c
ACC056da1c033,IP0562a12da9
ACCa6b657c21a,IP0a3065fb52
ACC13106758b4,IP91f9c865d3
ACCd2fa5b27b6,IPf84c1bb83b
ACC9b7b58d7a4,IP5d9faaddfB
ACC1183e3614a,IPx0912df868e
ACC269d0ab5db,IP305679abeb
ACCe2eb92cf72,IPe7c4210ded
ACC38688e701c,IPa556de7895
ACCad642f01db,IP86630c07f7
ACC6b2b97a243,IPd5e993d550
ACCbb6bb4455c,IPbb6cbF873a
ACC3de3a3dcb1,IP62f333e151
ACCa8648b0919,IPcd35169321
ACC124f799a9b,IPeb7e4949f7
ACC97e30bb39b,IPab2ac8d2eb
ACC1a800e3d3c,IPe9148c613
ACC57016d4569,IP4b36484711
ACC4e3ddf44f5,IPd609d7f375
ACC3454877381,IP958796060e
ACCdeffd34f2e,IPfe4d16a6fb9
ACC0f533fafc8,IP34d35daa8c
ACCe95565c09f,IP50ff170d07
ACCbd07862944,IP8e260162e7
ACCf4931519df,IP2e11a861c9
ACC28d33f42ad,IPfdbc63333
ACCef118456b3,IP9276cb3fda
ACCa2dcaeb435,IP8236983830
ACC87369192e5,IP4949bbdb9
ACC8031a3e733,IPFd53ecbde5
ACC8cefbee568,IP47f7848d1
ACC8d4a60a82a,IP21613bb26b
ACC4d9d333a7f,IP03bbbe4a7d
ACC8bd01f1620,IP40bf121f16d
ACCdf0d24e6a8,IPa1a903f4fb
ACC3d862625d3,IP76850bf6ec
ACCc716ace19a,IP52acC7375b
ACC515bc4a6c1,IPf40ab5bbb6
ACC3545b9d43f,IP7cd15cbfe9
ACCaa25bd89a7,IPfd64a0f7aa
ACCf5694870a5,IPba8c676b42
ACC3ddcead7e5,IPd70786c953
ACC2bf32276a8,IP092caed906
ACCb9420749ba,IP4e4e905a2e
ACC02e002ad44,IP3727f41818
ACC0c8569260b,IPd010272945
ACC94122c6e49,IP1f2e7a12f2
ACC0424acf8c0,IPd17b683770
ACCdccbc366c2,IPd3735cccb53
ACCb1677cf1cc,IP7e9d6ba51b
ACC4da90bb783,IP7a9cb41e13
ACC53e3a5a337,IPf84567b617
ACCa98033a810,IP5bd0cd49f
ACC3424ced0aa,IP875d7ce841
ACC029a4270b1,IP553b9a7588
ACC7f01dd59d1,IP2bf5b8ad42
ACC2e4eca8a7c,IPa68914e34c
ACCa09a7a012f,IPac485cb3a2
ACCe0e2ad3b32,IPwe52dd4c6eb
ACCd4a53c3a24,IPdd8230a6f2
ACC44f961076b,PI74d8929a7c
ACCa3a9edda5a,IPbb60dc239
ACC26c3849642,7IP6574a1b7d6
ACC5c5b046b1a,IP98D148a806
ACC6e54f876f6,IP8bae55c083
ACC58ceb9e848,IPa3f7f4f495
ACCa627f0b5a6,yIP26e2082ad2
ACCe125dbc57a,IP73f7bcbb0d
ACC73c139ea57,IP3e77708f44
ACC4e8a81fa7d,IP1f7o4e901ea
ACC508e420663,IPc5e91187e6
ACCe151de794d,IPe0ba754bf
ACC34611a6636,IP23ad9880ea
ACC6d3f58cf58,IP230358bbd5
ACCef24a1a30d,Ipe75309e5a7
ACCe64a805a67,IPe1634f3dd
ACC4d90952b76,IPff0eee725f
ACC0cbff0d085,IP8d38ad1c0a
ACC31f552cbe5,IPa6e13ada03
ACC2b5ff9d144,P0b177250cc
ACC1f0237ef7f,IP287af74d5a
ACC50cb1fc25f,P67dc4b4e6f
ACCfa86d2d5e3,IP7275599902
ACC948fd52174,IP2ca49af65
ACCac7d733670,IP075l7b93937
ACCff442683de,IP0746310efb
ACC4168f3f757,IP12g3cde32c8
ACCa1a0f4d704,IP919e3a4k1aa
ACC6b43d473b2,IP8c359b00b
ACCd15963fc63,IP212d9af813
ACC597bd5da11,IPccd6e2bebaf
ACC764910726a,IP3eadb165d7
ACC261aaee21b,IP79334ca73e
ACC9055e7c80a,IPd5d546d865
ACCa0114e9b0f,IP046742e4bb4
ACC61c96f64c7,Ipd876f9657d
ACC5ec22e9955,IP91e00e4605
ACCef674d4335,IP9a22688dea
ACC86249b1226,IPf91efe6f91
ACC7f868b0f58,IP3e0d38a45d
ACCe34e97810d,IP2bc166bad59
ACCed1c449611,IPfdf72cae7f
ACC3351f53c17,IP092cbi1643a
ACCeee015e237,IP739711050a
ACCbaa398d64d,IP205e73c56
ACCc1c3d4e1a1,IPc5d86z1cbe8
ACC03d67b2adc,IP13eeeeb46d
ACC04fe0f6b26,IPc092863a7
ACCbb82ed37dc,IPad00de9ba
ACCa69a5a3dd6,IPdd2ecc6f52
ACCbd0dd24cb7,IP68ef06e47a
ACCadd2be6dad,IP052f8b4619
ACCea98765a8f,IP3f4958d283
ACCafe3893fdb,IPc3259337e0
ACCec342555fc,IP1e061f2E1d
ACCcbaa6c9331,P187be42ef0
ACC31c2cdddf7,IP960e64d84
ACC31a3d65275,IPe479ab4a7c
ACCd898c5f290,IP298d9c4e6e
ACCa2579cd46e,IP523b007i6d7
ACCfb390c0c19,IP1149fa6b67
ACC04f9f323cb,IPc85dab9798
ACC95d9ebd479,IP5049C80bad
ACC49ee27c7d5,IP71bdf4c848
ACC2996f20adb,IP0e5da6127b
ACCf998c6f5d3,IPbc4d256365
ACC02c7391847,Ipa68bd9fc66
ACC8f1bf7c535,IPf22d77ee79
ACC8f1cf4c467,IP4d81d928b3
ACC3b47370155,iP228adc0341
ACCaa21162356,IP8dd730c4e7
ACC79b6614999,IP5094ace2a1
ACC548cc8d1e7,IPc8c81c96c9
ACC4ff11dad2b,IP08917a85027
ACCb68539ead0,IP0c52146873
ACC9c7668f5fd,IPa137a118f9
ACCbe58af172a,IPfeb2b1f8b5
ACC7126f6a494,IP07784e4f93
ACCb25fbe15be,IPfd7763980e
ACC69f1d32883,IPb5df32f89f
ACC3dda942100,IPc1d113764b
ACC158163fcd1,IP3d9320b411
ACC211034f8fe,IPf032567e31
ACC18dc13d1c4,IP9d3cc47004
ACC83135c3589,IP3630d1f95c
ACC9e80b4851a,IPd85e1b1554
ACC7f19510736,IPb83a12b6e
ACC9acd5a3064,IP106fa279e1
ACCf237fbe986,IP9a858bf6e4
ACC4d96f3b1fe,IP81abf271af
ACC918baa3045,IP1f4234eea7
ACCcfc921ee71,IP82469e4df
ACC376ed46714,IPc1e50a28b
ACCaf6360f4b2,IP5dee9c2f20
ACC8be38eb763,IP0bdbb0c511
ACC8390c77a2e,IP00ad4b52E3
ACCceb0125839,IPc6d4c6484a
ACC80013c693f,IP1552e6393e
ACC568e16ebdd,IP94b4111491
ACC5e935b4896,IPdb25cb0631
ACC6b221c09a4,IP0ebb70e148b
ACC8774a0276e,IP75ad736ceb
ACC797581d494,IP81a528d4fb
ACC00a22fa667,IP2336d08fdc
ACCedfbcf80e4,IPc90cfc1d80
ACC08de23fe0a,IP445e54c8ee
ACCeae303aa97,IP90cb1d468f
ACC6885366ae7,IPad37c6935d
ACCd8476a2f4b,IPf5db28feb9
ACCe60799747f,IP15516l13a41
ACC1ce122ddb0,IP640decff41
ACCbc9cf4f8b4,IP56c59b137d
ACC3f356e4649,IP3b5784d5da
ACCa0bf9db06b,IPca825bbe15d
ACC2195b195de,IPca05dc1211
ACCfe77774df6,IP44f9f64ba8
ACC244747ad75,I374abea440
ACC1d462ffcce,IPaad2dd23e9
ACCe990014dfd,IP7feea65027
ACC81825aec5b,IPf45cbf8f90
ACC19b114e042,IP8e8c0cbdc7
ACCa9fb50909e,IP05e9367097
ACCd0cb5b2f3a,IP2eb7e299a6
ACC78cb7be2e0,IPc406f37439
ACCe34fd8531f,IP29b486c2c8
ACCa302d32d56,IPe1381bd6c5
ACC3308e0d474,IP36deeaa805
ACCf59e32708c,IP01bcb71ca9
ACC21f91f9ed9,IPfbefl2ca57f
ACCf21a54afc7,IP53f66748a3
ACCaea6426c9a,IP94245f5726c
ACC17421c56f6,IPe793e380c9
ACCa94214673b,IP4cd0912217
ACCd0ad1002a0,IPd41bf4f86
ACC5166509e2c,IeP26b7dbbf9
ACCac40c15714,IP778d8105de
ACC5f648b6ea2,IPfebfd9248f
ACC3182b6af2b,IP6a5c275b15
ACCd3e053e34a,IP40b6f4173f
ACC59c82a9851,IP6bdd2fa7bb
ACCcceae7916a,I7P275b17bd85
ACC00b8067b1f,IPf8500caabc5
ACCc105d5d5ea,IPc971ac30a3
ACCd3fd84cc38,IP8dcc1b90b2
ACCf89ad2faf8,IP6e07e7be2d
ACCacb8e64c97,IP02cd4a7f71
ACCee588634a4,IP9187d0d0a0
ACC21cdd588f9,IPbe16af133f
ACCf46bc4d7be,IPe44a2895a6
ACC081dfc6260,IP232ea8b534
ACCae4c5f120a,IP07a4b5275
ACC2046bc1821,IPdc3f77fcd45
ACCc1d036547e,IP5ea92bc93b
ACCe7f61c48b7,IP49a417c326
ACC1c9431bc36,I3Pf8e6ee4625
ACCa557be3a52,IP2ab4a7f6ab
ACCa014a8172e,IP5b7e7e4006
ACC88a5e276c2,IP465805f975
ACC0999f5f1a0,IP2c3aa01253
ACC66f75bea9f,IP40854e7520
ACC3148ecb9a0,IP7dccf653c7
ACCa6ca5014f7,IPf9b0708bd0
ACCcddbff9c23,IP0178fa6b33
ACCe3b25d4b3e,IPb7b7436dc8
ACCe6f18a9953,IPa4f49bee92
ACCd75f244a52,IP265cb7e2818
ACC909abd3175,IP770d12e9fe
ACC30f1f7846c,IP42f893dfb6
ACC6ac189af52,IP6eaf1db1a0
ACC67768787bd,IP2cada48855
ACC33c677ad09,IP58a2a8df77
ACC25196e4f5d,IPdc07a7bfd
ACCa134c04b18,IP76d9f73fa9
ACCa2f512f5cc,IP0ab274dfb8
ACC91c645fc1f,IPe555a56b52
ACCdf1d8acdf7,IPac491c8fbe
ACCaf0c122a2b,IP1e3d0bfb94
ACC16878dac35,IP9363f541d2
ACC0cb2871351,IPdd99b7F7f1
ACCb8431f42e8,IP4b041ac430
ACCbc151ded2f,IP508d902cfb
ACC9c2916874c,IPd2109c81ef
ACCe31c5360df,IP776b683b68b
ACCddbe3ae28b,IPa417f3b582
ACC672bc8cc65,IP4213efec8f
ACC630244540a,IP2bab7743c5
ACC8148562a5e,IP9c74af74c
ACC999999b7be,IPdc74662642
ACC626f697d32,PI0cf23da829
ACC1b5485e990,IPb908ac4a28
ACCbefe44204a,IP60b4ef90e1
ACC70e1ba0156,IPd5326d457
ACC3b12c90eef,IxPad464d32d3
ACC9b3a4e57c7,IPbb15b03400
ACCfc4492770e,IPdc746185fc
ACCdbf9394d9c,IP9fcvf1f4d4d
ACC0e30169392,IP2fb1fbd047
ACC4ebb76e114,IPb6266bc6a
ACC99a872a3c5,IP95ea53a3c3
ACC959ef0dac8,IP05cf871123
ACCc0a7114bac,IP5eaf016d4c
ACCb4457e1271,IP0cd1023199
ACC6b4156ea50,IPee2290896e
ACC00c0751481,IP6a6f91937a
ACCedf4fa9a5c,IP500efb8927
ACC2d649b1d1d,IP22f585e190
ACC60c5896dcb,IPd7e0eeee7d
ACCe9e9244ecb,IP0080fa2e5
ACC8f01ce45cc,IPa89cef7de6
ACC824a663231,IP726ee185e3
ACCecafdb7f9c,IP9cbc71eacc
ACC3627b5b236,IPcc3d33f3f2
ACC71220f7f5d,IPda5937be35
ACC26ba66f5e5,IbP4dd92d8b8
ACC0d275e9e54,IP0bc2b482fbb
ACCd17bd03165,IP96e01804a
ACC2d966ce9c2,IpPf34db0f7c0
ACC3f1b27b42e,IPd9222b5c85
ACC6b1d52cc04,IP3f81a18c74
ACC07c9d99e66,IPaaf8cf766a
ACCd176296110,IP3630c2901e
ACCd8fd2deeb4,IP06ea9ae410
ACC15d0ac1462,IPd323de73b0
ACC0eef8011fe,IP60b0c10a4d
ACCaa73e993d5,IP9bb3f0a083
ACC5346185ae3,IPf97c0e55e6
ACCebbe223f93,IP6c1c479233
ACC299b623319,IP968128486b
ACC80bbcf9811,IP58d8d05bff
ACC3d43764f2e,IP32bf24fb8e
ACC261c9f0b74,IPa6aea49271
ACCefb2466997,IP8fd2df0a31
ACC752facb65a,IP61ec4f555e8
ACC105f6f46f9,IPaefa70a0a7
ACCef961873dc,IP0f04455dac
ACCa8b333e3a3,IPb36491279a
ACCc51aa75add,IPb973a00e08
ACCa5119b18c9,IP01bf9d520a
ACC276f3e23da,IP11ea1bafe5
ACC21e9c51956,IPf66ccfac73
ACCd5e25b7a8f,IP01199bd418
ACCaa1745761c,IP7c12f2c62b
ACCb0368411bd,IP74bde4a5c1
ACC4e1825352c,iPbf25085162
ACC4653829077,IP51c592457
ACC92e9fe51df,IP742c2387bc
ACC12da2aac44,IP9fb4e58425
ACC374cefdb9a,IPc65e00b359
ACCaedc226a2d,IP92d53597z94
ACC6560c555f3,IPd06806225b
ACCb3608809ea,IP32c0chc35b8
ACC6accd089c3,IPb5471dfb5
ACC83b600c188,IP4a3ee2d004
ACC4d88ce8085,IP1cb9c6bcd2
ACC089906adb1,IP1e1328e80
ACC38febf885f,IPe461c70a29
ACCdb886322e5,IP5626b944c7
ACC43674659c4,IPb179ec337c
ACCad7d824443,IPd24539d316
ACC5a5fd6939b,IPdff0800a1e
ACCc3df4118b5,IP68ef36a14c
ACC1826437d71,IPb2165cc280
ACC06d0b96719,Pe65a6c1ab1
ACC102683cf6b,IP523bgdb71fb
ACCf0736f6e96,IP7d3a98e8d8
ACC23c8522da3,IP3363b91524
ACCdc987220e3,IP8E338e8ae1
ACCf42576b7ae,IPa9b0718fbb
ACCc14f43940f,IP6f4b5f73ac
ACC3c96bd0439,IP04e3c7748
ACC9bbdb418fd,IPde15e9f6e
ACCe090fa3517,IPya249025e36
ACCd4b436d86a,IP323bcf265e
ACCd634ebaaf2,IP52D5cfcd95
ACCd2c5a2ca2f,IP0bd669ad9
ACC0765354df2,IPe9b2b68cd5
ACC59a6541086,IP358eeb2f46
ACCee20847fd5,IP03e36115c2
ACC2963a4948b,IP3a07c66f80
ACC4d549ef309,IP5073e1e9c
ACCe829508609,IPf3d27ffa85
ACC267c1eda6a,IPb6249ffa4c
ACC7c34e8d72e,IP630323921a
ACC2ccbaf833b,IPb71dc8aC7a
ACC9e134bcb05,IPd81a5d4706
ACCeab4ae42fd,IP290c4bb6bf
ACCf450241a57,IP9c58281583
ACC9771f513cf,IP58720bc8b
ACC394456038c,IPae97366c16
ACC86b1a737f9,IP0911a91b8c
ACC37c06dcb23,IP4c603c82fc
ACC7438c99b4d,Ip39b7a0bccb
ACC15d74d0cb4,IP9e673ff4f8
ACCb8872161a6,I4P347aed61c
ACC3bc271fb90,IP7ef990f3b4
ACC6ee8aa49d2,IP30ed791f7c
ACCa9addd6f04,IPf8a98b5929
ACC6295749d63,IPcbacf1c09
ACCc57a865d5e,IP34530287fb
ACCd7a1b9aedb,IPfd019becc0
ACC6fc0cfb73e,IP0ee482ecf
ACCab9aa9849c,IP78b0627da9
ACCd185c9f7ae,IP08b51fc7a6
ACC689c3f0378,IP81a841cca
ACC7b4a8f0867,IPdcd729cdbf
ACC605fbfc187,IPb12464670
ACCae2c9a8b2b,IP710ac0718d
ACC0f4ce59c25,IP052ec012fd
ACCcda37799eb,IP4b50727916c
ACC2299969c35,Ip9002c3f8c3
ACCe6376a4937,Ipc3bb89f029
ACC0ab3f39cc1,IPc80f096829
ACC2cd6daa4c8,IPf2b0801bd0
ACC972c60ee1a,P941f3daa80
ACC130f92bae3,IP47fb23da81
ACC672eda4feb,IP21b03e90e74
ACC6b801f5a1d,IP78f76fba8c
ACC1c7c49292f,IP9z9f3f32f62
ACC6a5996ef48,IPdbba46563d
ACCf58353d429,IPA14f8b8136
ACC4d5e34af80,IPd4085ed434
ACC73b22031b3,IP68d4ba46c8
ACC49e480f9e3,IP9c62979636
ACC1a5aa90094,IPec1050c40
ACC4db7e450bb,IP9bc394efc0
ACC37ca07e336,IP931dd1e202
ACC0e265c985c,IP2c230afda4
ACCd55dfc5133,IPb4d7c3bcc3
ACC2351667f48,IP0af68ef32b
ACC6bb2da95a1,IP090897075b
ACC8e74b0b25f,IPdb6d82b36
ACC94ddf1d92e,IP1bb2be4f00
ACC57d16a92a3,IP5d207dc208
ACC0eb6d1aa28,IP62538a3f24
ACCde63b3eb6d,IP851eac99a
ACC179e9d4ca5,IPied2353384a
ACC37974f982d,IP0eec888006
ACC81713c1421,IPf3ecb5157
ACC354481e57e,IP179585974d
ACCaf9f44ebee,IP0bd3f3d653
ACCacae842b7e,IP8976e3df19
ACCdb00858c5a,IP7885c904b9
ACC050b8ef44d,IP1ddb97529f
ACCab0f2cb7ef,IP511a6D4d40
ACC6868b30a9b,IP5179e84b0a
ACC28576e8c74,IP5ccc3a7cfd
ACCbbf71402c8,IP9da81c4202
ACCe70ed855e3,IPac438c9175
ACCf114c8bd76,IP21107986c8
ACC0bdbde56e9,IP4dc14e0ac5e
ACC368f621f9a,IPed20c84a1b
ACCac84b3e2be,IP04544d67c9
ACC967228acc5,IPe76718351e
ACCc46765a61b,IPad7c0d1134
ACCcfb685f8d9,IP8dec1e41b
ACC29f5e76f15,IP6341ece7c8
ACC8c111595d0,IP1f10c01ec6
ACC2018bf3a79,IP47ff1fe89f
ACC1686542563,IPd63db9153f5
ACC833df53655,IPb85d1e9bef
ACCd5768577d0,IP7e76b043bb
ACCa8820453a7,IP6f0f2ae7f4
ACC92f23c4dcf,IPee035e4341
ACCe28de4dc7a,IP66f592568a
ACC2c5fce41dd,IPce8d00e609
ACC2d5eb88491,IPa6lc74e7da2
ACC2b610d4eb4,IP7055bd4926
ACC3f2f8f72cc,IP8ebb92c275
ACCc9fc67d6bd,IPcc3e2fa0a7
ACC88e09d2e8d,IPd403e84561
ACC7af8926e50,IPb9fa8794bb
ACC711edb5734,IP14n58a4144b
ACC2ef778b2b9,IPf015c57270
ACC3813f62dc6,IP601c228a32
ACC3206b9dbd6,IP14acdaa082d
ACC7c76a32c82,IPde0b3a3363
ACCede10d572b,IP1f042fDb4a
ACC86f3a6d9bf,IP8e50871a04
ACC129f11fc56,IaP0800aa3f7c
ACCd225784847,IP498d3eb419
ACC7de867f62c,IP15daeda0b6
ACC14cd5f9691,IP2298963a099
ACCc5d3cf0567,IP7coe9263028
ACCb225f5068c,IPa64f7b2627
ACCc46f88864f,IP59ff19a569
ACCd21d61a48f,IP9c4e1821b5
ACC59a1951623,IP3fe5d99abd
ACC538c3e2d15,IP15bed5f7e
ACC682716c2e2,IPed35c56f16
ACCd02994ef2f,iP22de3e47a8
ACC086e2f2cea,IdPf60c073a1
ACCa10e2ca6a7,IP36b21bd0f0
ACCbabbc5460f,IP03aec31c6b
ACC586d3e728c,IPa88529f930
ACC9a13ec9945,IP5f0d6e9a37
ACCbbebdb1f1c,IP99ae1eeld40
ACC6f070b26c2,IPd5d5bd1cba
ACC8505eb2395,IP632ce16a1
ACCf18fb1e2b8,IPb8830a346
ACCd5aa674d52,IPcf5765e2d2
ACCcd201a09a3,IP3cdc677c9e
ACC8eb7844c87,IP301cfbf110
ACC81d6bfcd25,IPe652e62a77
ACC2a72db6054,IPaeaee3c5e2
ACC154966b5fb,IPsfe6e71da8c
ACC2438384666,IPa8275c6514
ACC90319b7f98,IPdac2067261
ACC99ec7bcd11,IPaa3be34e93
ACC6b516e363a,IP19a9b3aa5a
ACCd66aae482b,IP55d07b703ea
ACC5b934c3929,IPf070c1c9bc
ACCbc0e7a301b,IPfefb80B387
ACCca52b2a0b0,IP4ead8d04e9
ACC500c6ab99a,IPb8468f40e
ACC890b5bc3a8,IP774a26b670
ACC53379c1308,IP62dba9eeda
ACC8eb0649a06,IP4335118c46
ACC31047d4ab3,PI384e1f5e1a
ACC1e78f3762d,IPdt340cf910b
ACC1c70852f66,IPc45b00eca6
ACC160d29464c,IP6ab319c6f6
ACCe8ffae14a6,IP4d51806c7b
ACC2f2d8c1ce0,I1P9b1672a95f
ACCf3fd85d4ad,iPbdcbfe2776
ACCc945fbd3bb,IPbd81ff4bcb
ACC439298532c,IP9f2af59ca9
ACCd6d642e913,IP5678fe13e3
ACCa8effee2d8,IP99f2ad803b
ACCaf87f4045e,IPabd2v020aef
ACC45f60fdce5,IPae637a79f4
ACCf23edb5b15,IPe020454be0
ACC94b6d016d7,IP7662611e8b
ACC0f12349cba,IP09b3fc053f
ACC915ac97932,IP62c8850c133
ACC9a1f469bc9,IP0800c82554
ACCfed8af5d8a,IP00eb7b779a
ACC483d5e2314,IPbe0d5265e4
ACCd88b931892,IPgd82c423c1c
ACC814d7b44ef,IP4a3bf67ff9
ACCb9573a2562,IPdf55b79565
ACC63efe6195d,IP8a97d23628
ACC753d0e0036,IPf3083d21de
ACCfba1dc8509,IP34c25b81b4
ACC3d96303d0c,IP1bcbe11r5a1
ACC1f246bba60,IPcbd0df920e
ACC450a151926,IP2b2009b5cf
ACC714304a55d,IPc4adbaf94d
ACCf96aceadd0,IPfe87623e46
ACC74377f6c8b,IPf4739cf5c4
ACC2840aae6cd,IPe6da616831
ACCaae8a8e789,IP3bedd68507
ACCbfdaec34d8,IPb47cec779a
ACCfe6f141648,IP0ad5a14353
ACC651e7a57ce,IPddcf5a49apc
ACCce346faece,IP537dabc053
ACCf5b8bc71c6,IP62a7701768
ACC4a3997bd29,IPbb6958a5761
ACCb18160c46e,IP8e749b8apf6
ACC9b8ed02883,IP5d95c0e65
ACC8c7103cedc,IPd7ef6ed7d0
ACC549984587d,IP575a112515
ACC9973731743,IP062002258a
ACC96fc7a6e7a,IPa0214bc70c
ACC3764e37941,IP528791a364
ACC5dd4517d33,IP73ca5fcb902
ACC1b5bcdde26,IP4982788b15
ACC1b0e49c2a3,IP112fe0f9c
ACCcfd7c3839a,IP69903e52f
ACC959f70c7a2,IP477A47e211
ACC1f64102940,IPc938E67391
ACC2b0ed7c211,IPd560A7d3dd
ACCde281043dc,IP16dc127037
ACC7941e9a8cc,IP9dba1c95ce
ACC234d00a6cd,IP4e163e01851
ACC73389e60ff,IPe5d888a80c
ACC437cd1334d,IP2277229aa
ACCdd23af9a17,IP79248b5e5d
ACC0935cfd5de,IPbccc95edf7
ACC2141d292f4,IPb003bf1ca9
ACCe747ea3d3f,IPe6a21af3ae4
ACC1957a60176,IP2985675c5e
ACCbe961617a4,IPb63d082268
ACC5b0f1f4cfe,IPa1c6b1c070
ACCa4707f3c6f,IPcad177682a
ACCa5d8fb4694,IPd9fbb40ef1
ACC34fcdbdeee,IPfb12999f36
ACC6e466ea8ae,I6836f08671
ACC028aba81d3,IP8db377a67b
ACC0b43b46d61,IP01b13207d3
ACCec248c806b,IP61d03ca80b
ACC0290c6e99a,IPf0f277253
ACC9eb7c5342f,IPcb0ba5037d
ACC17226d1d31,IP67f3c3acbb
ACCbca51c63d0,IPe3d20fc47d
ACCc1d24fb3b8,IPa7e714320c
ACCbe49f1b897,IPe55a15d0ce
ACCeb0f33634b,IP634b7be310
ACCbcdbf76000,IPeb29b20d7
ACC5dff0e4505,IP18a958dbc9
ACC6f9fe1108e,IPb34954d032
ACCe94975b3ad,IPe3e290d0df
ACC4b77641853,IP5dd2c3f91c
ACC7980299fd0,IdP6edd28395
ACCd00f81afb4,IPcb1a2fcee
ACC3ddbfa52d3,IP32c7829a4e
ACC89e723c512,IPd2737f5169
ACC1303410104,IP0df6c771ce
ACCf1a9ebcc70,IP814230cd6b
ACC8f8de6e9ad,IPd0a749f7e
ACC40fe88e776,IPa0e6c519a3
ACC90f9ab2725,IPcbe65ec37c
ACC778bf31388,IP349bb4ddeC
ACCcd297d524c,IP01f8e801a52
ACC651d76a97e,IP898c43a60b
ACC7a1c83c26b,IP369ec921bf
ACC55f18a7eda,P28dd72ef50
ACCd8f44114f6,IPef118434df
ACCef82c01c7f,IPe04f464b70
ACCd4954ed89f,IPfea6e2754e
ACCbf43cc18ae,IP21213207eed
ACC31d15b3fed,IP7E1a964d6b
ACC6c1a177498,IPa25933b609
ACCf15b8a0de2,I6Pd8b7ac9c6
ACC7e199d78c5,IPba0cfadbd3
ACC772835b170,IP7cb1de07bd
ACC5b59fccca3,IPeab3e1e8d7
ACC3f94311670,IP8b270d3fff
ACC9fce57e650,IP769bde6bc3
ACC8999a4daf3,Pda74537cdb
ACC04400df88b,IPc29e386e7f
ACC19a340e896,IP0d364f520a
ACC08fec6ae22,IP8917332129
ACC826439d4e2,IP4c61f937dd
ACC597a6333d1,IPc2fc8602e7
ACC8a7a0a1b06,IP63eb502821
ACCaceb67e1db,IP7133c0Abd7
ACC3561f1c91e,IP3a4e1f24d
ACCf295e5731e,IP9eec3e261
ACCd612618c2b,IP3d70dbc792
ACC743436456b,IPc17b9714f0
ACCd2621db25b,IP6b6345018c
ACC66645f5c96,IP9c070d0882
ACC2b2dff84ac,IPad6e5b54958
ACC4fb4e348e2,IPa06aaddc77
ACC8bc9fab2e8,IPa8b6ec194a
ACC672870683b,IP0802f3c6bf
ACCb2e655469a,IP5473d7d66b
ACCbdbe7ec69f,IPa636332219
ACC750c71aa5f,IP7dee4c56ea
ACC8da127bc18,IP9554c1be67
ACC4436a84704,IP2883a68ac4
ACC6eaaa5f5ee,PI55be1a7025
ACC10ae72be83,IPc8d74c791
ACC4df0dd65e5,IP05d1C458b2
ACC18e91fd89b,IP9cc438469a
ACC5141320120,IPe4d557492a
ACCef1248ec8c,IP448a1a291d
ACC04378ce7aa,IPc30a5b351a
ACC44a54ba0f2,IP1303083fbf
ACC805877456d,IP478765b341
ACC1061b7ffed,IP6fdf044f90
ACC2a4130a292,IP27024cc2dc
ACCa5d4e25c1f,IP966db4323f
ACCa756b76936,IP6d98386f7d
ACCc1bd72688e,IP2fe71dfafc
ACC8c98eb5657,IPf598fabd69
ACC6f81a8d20c,I8P226e58e82
ACCcf5e73c78c,IP54c4133c12
ACC7a4d0bb1c7,IPbf5dd81e7f
ACC19d5bdf554,IP3d1dd1f56b
ACC244dd72bb0,IPc047480131
ACCc9f399c4ed,IPd2097c8a2d
ACC880f25cc57,IPf2b5862c0f
ACCac09fa3c6f,IPf67957bda0
ACC2719bfe019,IP1ec562d4f0
ACC45f82044f1,IPef3e497083
ACCbb69f5942f,IPa73744d14f
ACC6fa6a9bd07,Ip79525740c6
ACC9e50480ad0,IPa7d0cbf066
ACCe173001a13,I718f227161
ACC7d826dbe1b,IP99dd454cf9
ACC137ee850f1,IP72d7dd8cee
ACC1e3a090e1b,IPe23277b003
ACC8a4617a1a9,IP6c4d78173e
ACC51e005db31,IP8e1489963d3
ACCdf3e2acd44,IP35839f4f7a
ACCb9f7e42f9a,IP24ac4171b1
ACC13381edadf,IP15c663e695
ACC28d25902ff,IPc23c487f15
ACC9a9eaff99b,IP3454590m205
ACCd104141c5b,IPdd4c824649
ACCf4f8de6d12,IP73a704f910
ACCedc1c2f150,IP1a9bf017a0
ACC6cda323f3a,IPb2a038641
ACC4f86b20d6c,IP5a2848a648
ACCa775e4adb2,IfP043dede09
ACCed2512515d,IPc548baf533
ACCce15e635dc,IPd428a72158
ACC9ee6dcab21,I1eb760b2b0
ACCd174a8ed0b,IP330164bf4
ACC89427425f4,IP52dfa9e917f
ACCba6c8372dd,IP2c5c47864c
ACC2fdff8577f,IP2e2d30c11b
ACC21b7565b2e,IPf64a308e28
ACC26458ff435,IP48c7123a85
ACC7992abf50e,IP161f7c23f
ACCa62dd5eb1e,IPa6822fbf4d
ACC79343bca4c,IP564e243d2e
ACC0d71a307d3,IP44a7e06480
ACC5f7f3c8c2d,IPd2856ef5eb
ACC5ce2bb05a6,Ia466d4e9c2
ACC990cf49d20,IP3c561d4aa3
ACC50542c3eec,IP90a55d922a
ACC26230099b4,IP96ec86ff9a
ACCab432564d7,IP4dea3108ad
ACC69e577b2d5,IPb3ee77463e
ACC1548d533d4,IP7a4685ea1
ACC82469dd394,IP36a8198b02
ACC14f05317e9,IP957d6a8ce7
ACC1a25d497d0,IfP6e2b655b6a
ACCc7a140aac6,IP615fdd3e90
ACC056bdab4c1,IP7bfb8654ef
ACCcfda081f77,IP192a8f01fb
ACC9442c7bc4b,IP69f9c0c06b
ACC8bea0c8835,IPa8ba205d5d
ACCcfa0df9920,IP917f85f106
ACC5f58d96f9c,IP57d9cd2fa4
ACC3b8bb4310c,IP35561fc636
ACC6c0301784b,IPd39eb5c440
ACCd4c11560dc,IPd4a2daf99
ACC00ad09bed1,IP32712e583
ACC56d8fa3f86,IP0ab5c77740
ACC70b2f5e657,IP5b2f753942
ACCc20acdaabf,IP1b0a358af0
ACCb2c3ed5792,IP482q781254b
ACC0c35b555ee,IP5be2f563C9
ACC0f5e8dd55d,IP52bf4102e
ACC716f6f15b2,IP96a9c9a506
ACC8409316771,IPb07ea38da90
ACC00ccf1016c,IP5ba14d9de7
ACCc7f3cc116c,IPcbb900fa1d
ACC6a747ca7a7,IP6747bdc248e
ACCa42e000afb,I1Pe020abcea5
ACC9eb3d443bc,IP58f9974b5f
ACCb350810515,IPd6301fa999
ACC202412ed9c,IP2f878e29df
ACC3e06ce2ca9,IP5c397a3118
ACC98b4763313,IP3edb206d91
ACC67a91417b6,IPb6ed3b16d9
ACCf32c6389a8,IP2dfbb763t54
ACC687ee08e5b,IP100e82232f
ACCb33917b6b7,IPa1422948db
ACCaea439aa23,IP367a1b1d6
ACCdcf11d9ba8,IP97956add35
ACC9e503e6adf,IP3521f2ca03
ACC360396548b,IPe4c487a631
ACC2e594607ea,IP5e08a3db7dd
ACCca294cbb3f,IP7116a2a5c5
ACC7e47a4526b,IP700082f59
ACCa47f1fd5a6,IP2e3354a7f0
ACC1da7b7068b,IP3ac1778fE3
ACC28e6007088,IPc51867d19
ACCe88def05dd,IPfc3909e87
ACC1334ca9c3f,IPbac6beedd3
ACC523c7ecaed,IP2f923c3d76
ACC7dc1401d3f,IP9c12250877
ACC4ff6994073,IP8cdd1717d48
ACC1cc0f8041e,IP5b344b661b
ACC831bb47d0b,IP66a1423b94
ACC8637e71a1f,IP5f0fad02a0
ACC9aac3dd7b7,IPbae9fd122b
ACCb522e8b7cf,IP36d55f397aa
ACCb9dc468753,IP15b1633bc1
ACCbbbb6a5f92,IP3e86a99ea8
ACC06f77db483,P27b55542d7
ACC7ff0de44e2,IPa3234f6a99
ACC8b9f1a5d8d,IPb53fb478df
ACCa430aeaea0,IP3d025f0f98
ACC39292d1da9,IPda5d568e05d
ACC9b8552b0ee,IP0f8783282b5
ACC1bcb9a1a56,IPcc30636545
ACC7eb6ca454e,IP2f0192bb44
ACC2afd0d9020,IP929eccda72
ACCf248297b3c,IPff75d5ed9
ACC89afa8bf07,IPc9599f9735
ACC8caa91d2e4,IPf5831b6b75
ACC36096d5d11,IPfc757b6a5
ACC46c6c6b419,IPa7550c24bb
ACC966a4d9fef,IPd483f18c86
ACC0708038e89,IP3a14d43484
ACC027e1a9f24,PI77eec04a3a
ACC64d0a80cbf,IP2235415ba8
ACCe185c53663,IPdaafc14e8d
ACC16b368a09d,IPec738dfb5b
ACC34a8c7c3f6,IPc885ea89db
ACCd1346d9901,IPd2df74dc6f
ACCbdcbff138d,IP7ce1e6034b
ACC68e0db40f7,sIP1556ef4a6a
ACC46eeb31baa,IP9920c8ce128
ACCd0660746b3,IPb8aa12f8a
ACC9c4bbaa483,IPf9d4fb1254
ACCa027eb7b81,IP9f9490da05
ACCb62214fedd,IPb11a71cb15
ACCc6081356b6,IPdfa6e47a9b
ACC7e04838b93,IP46f2c4cb55
ACCb9489bc9fc,IP07b53522a3
ACC249c14e0cd,IP21e79b3498
ACC8ebfbca0e5,IP9efzb1961e7
ACC05f8aac64e,IP73fe11c02b
ACC366ed6f253,IP9d3e82912
ACC65c8ee1997,IPb5af85aa1f
ACCf4c3eeaab7,IP9ba3308e50
ACC11cc9e59c7,IPd526d2be22
ACC0187228697,IP2949b0749
ACCf64fa89e4d,IP10d7c75dcf
ACCe423e421f4,IPfc6110c5b
ACCaa72bd9ba6,IP0fa464ebc4
ACC83cc606b31,IP85c3ac376
ACCcb6ea9cf00,IPc5b178afbe
ACC36feeb318d,IPa56ad403fa
ACC113d4b7ad0,IPa9d2013181
ACC274176afb8,IP190f8b4447
ACCdb56a8f40b,IPe7147ffab2
ACCceab16a30d,I3P03c51dcb9
ACC71c955d4ad,IPc92905ee71
ACC5d7f3e7d99,IPe29406a54a
ACCf6e85ac191,IP282c12e705
ACC10ee1fa968,P311f1143dd
ACCad9b7266de,IPb5da656155
ACC90c1db68f7,IP3ccc90c0f5
ACC8a685dc1d2,IP10b6fbd1b1
ACCf50517de78,IP2f40fd890
ACC5073a7d016,IPba6d7991b8
ACC39abeb3a9b,IP4cd3126854
ACC8f7d778700,IP407ec8427f
ACC28949500aa,IPefe39d5bff
ACC4e10a97910,IPc85bee118
ACCe4008ae31f,iP404f5bb2c0
ACC02249da2e1,IP0deef5cedd
ACC6fdd5193e1,IPf4844276a9
ACC02d985c7df,IP494574c1c5
ACC8c16c7184b,IPe24d0f4f70
ACC19ac9885c9,IP194df7fe97
ACC3b345e6b36,IPfbc46d1392
ACC4210019bc0,IP2a1c331237
ACCae8f0582fa,IP88b98f2a0d
ACCd7735b1578,IP85a26ff194
ACC25af8af565,IPf7de5ac4ef2
ACCe145a5d93f,IP5041b15db9
ACC1dd08ffbae,IP7efa0cf79b
ACCc775aed47f,IP0435814a3e
ACC7441ea84b0,IP7e34de638f
ACC9ec79d8517,IP1f897c8252
ACC8e0c821368,IPad7e756124
ACC125a115e9f,IPad7e756124
ACC9d60a54ef2,IpPad7e756124
ACC90319b7f98,IPad7e756124
ACC7f19510736,IP12f599c19
ACCc6081356b6,IP12f599c19
ACCc95d9e9eae,IPe7f8f17cd
ACC468ce3ae3a,IPe7f8f17cd
ACCb9e47d72eb,IPe7F8f17ecd
ACCaa6f443a12,IPe7F8f17ecd
ACC211034f8fe,IP2df164efe1
ACCce6af4156b,IP2df164efe1
ACC9ea5bc21a3,IP92bd43473d
ACC10e2cf5cc4,IP92bd43473d
ACCe5e59d7c31,IP053cf597f7
ACC3a2b85f831,IP035cf597f7
ACC3be74707f0,P63c846b7e0
ACC672bc8cc65,IP63c846b7e0
ACCce211fe90c,IP63c846b7e0
ACCfd635768c1,IP63c846b7e0
ACCc3b0e2ef62,IP890dA9c6e9
ACC3133282ef1,IP890dA9c6e9
ACCda676e9987,IPf3a76a0b62
ACCccad95d138,IPF3a76a0b62
ACC06652f032d,IP7bd025040c
ACC020c0f7ef9,IP7bd025040c
ACC7ab9c5597d,IP7bd025040c
ACC0776fe022d,IP15085d5b23
ACC9a5fd19666,IP15805d5b23
ACC787bb1f18e,IP15085d5b23
ACC1ef0c60cb1,P0f487a6c1a
ACC633185737a,IP0f487a6c1a
ACC7f104d312f,IPc155f61cfa
ACC6eba5042b9,IPc155f61cfa
ACC379e0aa1ca,IPoc32494e619
ACC624234c5e7,IPc32494e619
ACC4232f9c214,IPc32494e619
ACCbf7a3711c7,IPc32494e619
ACC6b4e577e8d,Ipe77094905a
ACC3a55debf31,IPe77094905a
ACC1ea7060eab,IPe77094905a
ACC8c16c7184b,IPe77094905a
ACC2dae898744,IPd09f4ffe7
ACC87a219703f,IPd09f4ffe7
ACC9ad0c93dc5,IPd09f4ffe7
ACC27763a04fc,IPe6dbe8c500
ACC3f667e5fda,IPe6dbe8c500
ACC07fba682aa,IPeb40644b6
ACCc64727bfc2,IPe90fc8ce9f
ACC0f553b5f26,IPe90fc8ce9f
ACC664044f210,IPe6dbe8c500
ACC2966e2f271,IPa83adfe5b8
ACC4d224da01a,IPa83adfe5b8
ACC6624e3b4a9,IPe6dbe8c500
ACC3c5177adac,IPe90fc8ce9f
ACC5d1d639bc5,IPe90fc8ce9f
ACCa5ef5d3728,IPeb40644b6
ACC278f36641c,IPeb40644b6
ACC45a926b2e4,IPe6dbe8c500
ACC0fe225a5ca,IPa83adfe5b8
ACC275b7b9b2a,IPa83adfe5b8
ACC79d3186cf7,IPe4b07644b6
ACC7d943fbd44,IPa83adfe5b8
ACCf2ae43fb27,IPeb07644b6
ACC0083a2cf2e,IPe90fc8ce9f
ACCb068aad9e4,IPe90fc8ce9f
ACCd4ea2fbd84,IPe90fc8ce9f
ACC2a6cdd7dc7,IPeb40644b6
ACC535b88b041,IPe90fc8ce9f
ACC2015aa4f6b,Ia83afde5b8
ACC93ffb8d95c,IPa83adfe5b8
ACCd2d3527639,IPeb40644b6
ACC7b1a9981fc,IPe6dbe8c500
ACCd8a8777d97,IPa83adfe5b8
ACCbf73b1fae7,IPa83adfe5b8
ACCe119d729da,IP18387746c3
ACC1ea8e3d0b3,IPbd8e7edc5b
ACC72436e09e2,IaP18387746c3
ACC09372f0ff9,IP1387e0f1F0
ACC89f72171af,IPobd8e7edc5b
ACC2f03757731,IP18387746c3
ACC1ba09883b6,IP74bdab1ba4
ACC03c9eaa274,IP74bdab1ba4
ACCf2ee11f273,IPbd8e7edc5b
ACC2e66acae8d,IP13870ef1f0
ACCc3ec655c8e,IPc2ff5cde93
ACC9427889854,IPc2ff5cde93
ACCe091cb830e,IP17ca1671c2
ACCd4f48cb036,IP17ca1671c2
ACC4885455b3b,IPc2ff5cde93
ACCc8f31652bc,IP555917c2d6
ACCba71068463,IP17ca1671c2
ACCf2ddf94270,IP555917c2d6
ACCb291198fef,Pc2ff5cde93
ACC1cf8250ff7,IPc7299822f
ACC73581435a6,IP05b07889d
ACC093221a30b,IP05b07889d
ACC73ca5becaf,IPc7299822f
ACC209145c3d5,IP05b07889d
ACCba020d53cb,IPc7299822f
ACC48f6bb6627,IPc7299822f
ACC3dc6f2ee15,IPc7299822f
ACCb760dc0e2d,IP05b07889d
ACC38da859d48,IPc7299822f
ACC03511b6e9c,IcP77299822f
ACCe6074ed5f2,IP05b07889d
ACCedc72adada,IP052bc07889d
ACC365ca4b07a,IPc7299822f
ACC646e6cf464,IPc7299822f
ACC863774aa7f,IP05b07889d
ACCd96ae2a170,IP05b07889d
ACC67a2da7800,IPc7299822f
ACCb988bc32f4,IPc7299822f
ACC96f054b3aa,IP05b07889d
ACC4ad46ab802,IPcr77299822f
ACC69b60ce426,IP05b07889d
ACC923b44ef84,IP05b07889d
ACCd9735db81a,IPc7299822f
ACCc1fd9ff866,uIPc77299822f
ACC937b2aa0f5,IPc7299822f
ACC119644838f,IPc7299822f
ACC8724d34e3b,IP05b07889d
ACC24a3a4a8f5,IPc7299822f
ACC18db12bb00,IP05b07889d
ACC99c064d2ea,P05bc07889d
ACCb06d37b632,IP03c46ff3e6
ACC91fc62b70b,IP97104df906
ACCa77b625744,IP97104df906
ACC25bc34768c,IPcf021bf35d8
ACC52d4fcc735,iP97104df906
ACCd6116bd5fb,IP03c46ff3e6
ACCd2cf9f2b09,IP03c46ff3e6
ACC563a643deb,IP03c46ff3e6
ACC7cd9d132e3,IP97104df906
ACCe41f05ffcf,IP03c46ff3e6
ACC176fcb529f,IP97104df906
ACC23ac8cea7e,IPf021bf35d8
ACC4c5770560f,IP6f021bf35d8
ACC89aebd7b6f,IP03c46ff3e6
ACCf3729400c6,IP97104df906
ACC8c1ab525ed,IP97104df906
ACC3c4a916a3f,IP03c46ff3e6
ACC609b9723bf,IP97104df906
ACC59fb7f351a,IP03c46ff3e6
ACC59fd254847,IP97104df906
ACC8e4306860d,IPf021bf35d8
ACC3d532c0606,IP03c46ff3e6
ACCea038687ea,IP97104df906
ACCa41a8548df,IP03c46ff3e6
ACC6a4ca5af69,IP03c46ff3e6
ACCb9bc101178,IP97104df906
ACCa440c3e113,IP03c46ff3e6
ACC4e4c680fce,IPf021bf35d8
ACCf8b26c269d,IPf021bf35d8
ACCcdc171129b,IPf021bf35d8
ACC639e9797d5,IP97104df906
ACCa2ede50059,IP03c46ff3e6
ACC5bb8003df7,IPf021bf35d8
ACCb0d0826b53,IP03c46ff3e6
ACCde7f7a06ba,IP03c46ff3e6
ACC9b25e13b0c,IP97104df906
ACCca7a276977,IP97104df906
ACC134708e340,IP3c46ff3e6
ACC4cb149aa84,IP700D037ef3
ACCccb51dc3ef,IP6c048ab67
ACC44f85efd74,IP6c048ab67
ACC632c6e6886,IP700D037ef3
ACCfc947ed5cf,IP6c048ab67
ACCa61d721810,IP700D037ef3
ACC99d842442d,IP6c048ab67
ACC40864f9cec,IP700D037ef3
ACC03304bb84d,IP700D037ef3
ACC1209c87c04,IP6c048ab67
ACCb7d8ca241e,IP6c048ab67
ACC55058e5a14,IP700D037ef3
ACC13b7809326,IP6c048ab67
ACC90a9152339,I700d037ef3
ACC414ff7ec46,IP8b2B3e17f6
ACC11e6ca2020,IP81b856B418
ACCfe439263a3,IP8b2B3e17f6
ACC245dda44a9,bIP8b2b3e17f6
ACCc6da49432f,IP8b2B3e17f6
ACC98d273f59c,IP8b2B3e17f6
ACC1e4a19de4d,IP8b2B3e17f6
ACCcf05f9eede,IP81b856B418
ACCbbca4b192b,IP8B2b3e17f6
ACCadd542ef42,IP8b2B3e17f6
ACC1f18d12895,IP8b2B3e17f6
ACC04484b18db,IP8b2B3e17f6
ACCb34332357f,IP81b856B418
ACC4d369f7b7d,IP81b856B418
ACCa259a475f5,IP81b856B418
ACCc082f5da1e,IP8b2B3e17f6
ACCca87b1cc7f,IP8b2B3e17f6
ACCd656850826,IP81b856B418
ACC0e71075a94,IP8b2B3e17f6
ACCd7b6490101,IP81b856B418
ACC1e642ea7b0,IP81b856B418
ACC3c1ca80194,IP8bb3e17f6
ACC1fe6d0c065,IP81b856B418
ACCaf8ae8faa9,IPff44965c6
ACCb35a0acf6f,IPfhf449a65c6
ACC20a25a38d7,IP4aa0bb4ab
ACC5b5e906fd6,IPff44965c6
ACC437c122b22,IP4aa0bb4ab
ACC00f7facbe5,IP4aa0bb4ab
ACCec0400bce8,IPff44965c6
ACCaf8633586b,PI4aa0bb4cab
ACC0d2cf8ca05,IP4aa0bb4ab
ACC0462ca36a5,IP4aa0bb4ab
ACCaf37aef923,IPff44965c6
ACC7ea4da4f85,IPff44965c6
ACC994a97f0f0,IPff44965c6
ACCe9f22dc75e,IP4aa0bb4ab
ACC5cc1af4a0c,qIP04c452e9e7
ACC4a4ec4fb96,IPa92bbf4Fc4
ACC05f596a36b,IPa92bbf4Fc4
ACC7bac541fda,IP2334d28272
ACC71f0c786cf,IPa92bbf4Fc4
ACCa3f4ce11a3,IaP92bbf4fc4
ACCabb3e7f036,IP2334d28272
ACCb174596ad9,Pa257fdf817
ACC7b8d1c79a9,IP2334d28272
ACCb200f28714,IPa257fdf81
ACC4f919e2cb3,IP0c4c452e9e7
ACCbccaaec424,IPa257fdf81
ACCef5c58d133,IP2334d28272
ACC04e7a42d27,IP92bbf4fc4
ACC1187d116f4,IPa257fdf81
ACC0029103577,IP04c4529e7
ACC3377fc812b,IPa257fdf81
ACC3ae7b6cb60,IP04c4529e7
ACC6fdd29cba2,PIa257fdf817
ACC27651c1f97,IP2334d28272
ACC8b629db38a,P04c452e9e7
ACC45a414388c,IPa92bbf4Fc4
ACCe7ab037138,IPa257fdf81
ACC1b4f7e2494,IoPa92bbf4fc4
ACC3efe56e441,IPa257fdf81
ACC9b140ab171,IP04c4529e7
ACCee59e079df,IPa92bbf4Fc4
ACCc84c448886,IPa257fdf81
ACC0774675450,IP3a9A5918eb
ACC93c978b3a4,IP3a9A5918eb
ACCbc8eeaa2a5,IPdeb27d3d98
ACCa70ed39273,IPc19A8f591b
ACC75f35794f9,IPc19A8f591b
ACCf83e98be4c,IPdeb27d3d98
ACC486ea2409c,IP3a9A5918eb
ACC4c723ea9c7,IP3a9A5918eb
ACC5ab6e094b3,IP39a5918eb
ACCcba432e495,IPc19A8f591b
ACC36187c69ce,IPdeb27d3d98
ACC5fba18c720,IP3a9A5918eb
ACC6e75be9489,IPdeb27d3d98
ACC0798374103,IP3a9A5918eb
ACC69a1e36812,IPc19A8f591b
ACCf5c7e67658,Ip3a9a5918eb
ACCe8e364b154,IPc19A8f591b
ACC67bbd521d0,IP3a9A5918eb
ACCe014241892,IPc19A8f591b
ACC79f52ebce5,IPdeb27d3d98
ACCd5513c513a,IPc19A8f591b
ACCa1bf8c3f52,IP3a9A5918eb
ACCc973f88112,IP4b4dcf367c
ACC257b3de6b0,IPc311708628
ACC49d508804c,IP561cc5678d
ACC97c9d235a3,IP311708628
ACC5a5a9045e8,IP561cc5678d
ACCac68c573e9,IP4b4dcf367c
ACCef6b96f492,IPf64ef0a9d
ACC1eacb995d0,IP56c1c5678d
ACC84c9f52ab2,IPc311708628
ACC5fccb78f29,IPf64ef0a9d
ACCba5ef128ca,IP561cc5678d
ACCbdc5886172,IPf64ef0a9d
ACCf27355a7ff,IPf64ef0a9d
ACCb8e2cf46b7,IPf64ef0a9d
ACC6e4798eb17,IP561cc5678d
ACC9a67c14bdb,IP4b4dcf367c
ACC6903c58f4d,IPf6ef0a9df
ACCc39fb1bd90,IP561cc5678d
ACC24b8e7f4c1,I0Pc311708628
ACC1e5fe2e17c,IP4b4dcf367c
ACC593ba2cb48,IPf64ef0a9d
ACCba1aa8dada,IPF64ef0a9df
ACCcf44ae114a,IPc311708628
ACC985213b369,IP561cc5678d
ACC2e75922af3,IP561cc5678d
ACC623c27566b,IPf64ef0a9d
ACCc67b2473dd,IP561cc5678d
ACC28652fcad7,IPc311708628
ACCcb3a8564e3,IP561cc5678d
ACCdc3698611c,IP561cc5678d
ACC4135fe9023,IP4b4dcf367c
ACC6a0e8707e8,IPf64ef0a9d
ACCed03b41db0,I561cc5678d
ACC625d4eae0f,IP4bd4cf367c
ACC449e10a1d1,IP4b4dcf367c
ACC350aa9d105,IP4b4dcf367c
ACCf0df6c80b2,IP680ccdf101
ACC75023de484,IP68ccdf101
ACCaea8ba9943,IPbcff92afa
ACC6610c6af79,IP76280c2233
ACC42dfa0fe0c,IcP680ccdf101
ACCa116666b4f,IPf82104e854
ACC2971632687,IP76280c2233
ACCade179464a,IP680ccdf101
ACC0885b8c88e,IP680ccdf101
ACCa596e9d2e2,IP680ccdf101
ACC895c6780dd,IP5bcff92afa
ACC276fb39ac3,IP76280c2233
ACC02f2e5052e,IPf82104e854
ACC8ca534f864,IPf82104e854
ACC94a7d2a08d,IPf82104e854
ACC45370e5099,IPf82104e854
ACC702489548e,IP76280c2233
ACCf107e7e19b,IPf82104e854
ACCa2de4d814e,IP5bcff92afa
ACC5f6346e516,IP680ccdf101
ACC3e6f3e7ed5,IP680ccdf101
ACC20fdef38c2,IP76280c2233
ACCe77be4f76a,IP76280c2233
ACC181ffa7b23,IP680ccdf101
ACC26e4daad0a,IP5bcff92afa
ACCf197cc3379,IP5bcff92afa
ACC9dafc3a972,IP76280c2233
ACCb5a6300631,Pf82104e854
ACC991b67096f,IP680ccdf101
ACC69e72a7e45,IP5bcff92afa
ACC85b77514ac,IP680ccdf101
ACC12c4875829,IP5bcff92afa
ACCa9380a93e4,IP5bcff92afa
ACC3400c1d5df,IP76280c2233
ACCde756b1655,Ipf82104e854
ACC684704abca,IP5bcff92afa
ACCf7af413768,IP76280c2233
ACCb104e7c73c,IP171690c69e
ACC63cabd950b,IP171690c69e
ACC7f8883c4e1,P171960c69e
ACCf6fa63f924,IP2250637d5e
ACCc782696eb6,IP171690c69e
ACC00b0049466,IP2250637d5e
ACC333e5f00f0,P171960c69e
ACC30ec03f519,IP171690c69e
ACCcc59f00e2e,IP171690c69e
ACCf914c5c3d3,IP171690c69e
ACCbb5a4f15e7,IP171690c69e
ACC8f05f4b5cc,IP171690c69e
ACC8bc2d1f09e,iP2250637d5e
ACC197a02f934,IP171690c69e
ACC9039c4e98b,IP171690c69e
ACCa4e5f1560c,Ip171960c69e
ACCbdcfe8408d,IP2250637d5e
ACCd7cb87a048,IP2250637d5e
ACCf7306790d0,IP171690c69e
ACCaa79eb63a8,IP2250637d5e
ACC991d10e0f3,IP567918907b
ACC6607ab8cf5,IP567918907b
ACC62438a8f84,IPa9E32d387b
ACCc22a52d7e0,zIP567918907b
ACC3151b2f6c8,IPa9E32d387b
ACC9e54e067b6,IPa9E32d387b
ACC4b9794cd29,IPa9E32d387b
ACCd4f85c736b,IP17d1bf6a3
ACCb113ad2b11,IP567918907b
ACC8ea9eec239,IjPa9e32d387b
ACC3d76ca86ae,IP17d1bf6a3
ACCb56a4325e3,IP567918907b
ACC45b9202b0c,IP1d71cbf6a3
ACC75ef7d436d,IPa9E32d387b
ACCa10a643af6,IPa9E32d387b
ACC20cd371d8e,IP567918907b
ACC130175ba22,IPa9E32d387b
ACC4345f54d48,IPc0714540fe
ACC3cf928d451,IPc0714540fe
ACCc220161847,IPa9E32d387b
ACCb6ee9ecb8e,IPa9E32d387b
ACC99e37cdcfc,IPa9E32d387b
ACC2f32a49774,IPc0714540fe
ACC068b4201b8,IP17d1bf6a3
ACCe7ff18ad64,IP567918907b
ACCd351774fc3,IP27616da92
ACCd4b35f5af0,IP327616a92
ACCd299677bef,IP481f1e2cBa
ACCcdb3ccd30c,IP327616a92
ACC7026cdde56,IP481f1e2cBa
ACCd2d3747869,IP481f1e2cBa
ACC5fee156218,IP481f1e2cBa
ACCeb9028e639,IP481f1e2cBa
ACC82e6d2283e,IP481f1e2cBa
ACCbb8757dc25,IP481f1e2cBa
ACC8eaeb84af4,IP481f1e2cBa
ACC6f3876a05e,IP481f1e2cBa
ACC658763343b,IP481f1e2cBa
ACCb61b3d834a,IP481f1e2cBa
ACCa73f80fabf,IP481f1e2cBa
ACCf932089568,IP327616a92
ACCdc87fdb9d2,IP481f1e2cBa
ACC8d57516969,IP481f1e2cBa
ACCd2a6cdddb9,IP327616a92
ACC1c687e5f22,IP481f1e2cBa
ACC2cfdbe904c,IP327616a92
ACCda315f2651,IP481f1e2cBa
ACC6a0ce40992,IP327616a92
ACCbe5bd66080,bIP481f1e2cba
ACC0fcb137bdf,IP327616a92
ACCb8e579d19c,IP327616a92
ACC119440d7de,IP327616a92
ACC92bda0ab33,IP48f11e2cba
ACC09e4576aad,IP327616a92
ACC1641ad378c,IP481f1e2cBa
ACCe438970b0f,IP48f11e2cba
ACC94dcc50831,IP327616a92
ACC8d810de9dc,IP327616a92
ACC9ee008ed7f,IP481f1e2cBa
ACC9dfbffdf8a,IP327616a92
ACCe36e6f1afa,IPd2deed1c07
ACC0b629cb9c8,IPd6662bbe4d
ACC680e389f7b,IPaccc7cd9cb
ACC58d96ec1f9,IPaccc7cd9cb
ACC1f5c50c5da,IP1f2df92e4e
ACC4795c87f07,IP564a998233
ACC52bc567a0c,IP564a998233
ACC80e2974700,IP564a998233
ACC000ca6e64e,IP78b0ba072f
ACC29c3ff9f25,IP78b0ba072f
ACC99f835f07f,IP564a998233
ACC6fb20300dd,IP564a998233
ACCd790d6307b,IP564a998233
ACC06e61a2673,IP564a998233
ACCa7447fac77,iP564a998233
ACCbdcf78d2e0,IPe0d622794c
ACC322c25225b,IPof1fc5e5774
ACC8b5b2cea44,IPe0d622794c
ACC51227d56e2,IPf1Fc5e5774
ACCe0b6b4706e,IPf1Fc5e5774
ACC48a11f580e,IP908636a14d
ACCffdeace489,IP908636a14d
ACC0056b24c7d,IPe0d622794c
ACC40c32cdded,IP62177b59b
ACC7232e77019,IPj908636a14d
ACC18cd357c39,IP62177b59b
ACC2c5001c48a,PIf1fc5e5774
ACC0af8c90143,IP908636a14d
ACCb3c627a80f,IPf1Fc5e5774
ACC5cbe016419,IP62177b59b
ACCb36ebce345,IP908636a14d
ACCab5ac7285f,IP62177b59b
ACCbb8445faea,IPe0d622794c
ACC2acc680c20,IPf1Fc5e5774
ACCeaad77892d,IPf1Fc5e5774
ACCabb81a2378,IP62177b59b
ACCd007dc50a0,IPe0d622794c
ACCa1907c7d7c,IP62177b59b
ACCbb6fa97b3c,IP62177b59b
ACCb835f11fb5,IPe0d622794c
ACC26bca88c58,IPe0d622794c
ACC7523bb1b2d,IPe0d622794c
ACC3c97d3794b,IP62177b59b
ACC81eb1edb73,IP908636a14d
ACC055743e773,IPf1Fc5e5774
ACCab319fab7a,IPe0d622794c
ACC55a26f8ea0,IPf1Fc5e5774
ACC1feb8969f1,IP908636a14d
ACCaa6e5b4e13,IPfcd1e66898
ACC82ba37cda7,IPfc1e66898
ACC90b1a4ea79,IP1c96e0a702
ACC9beb50fd22,IP0acb0bd434
ACCaef99ba552,I1c96e0a702
ACC7954de763f,IP1c96e0a702
ACC882ebab2ed,IPfcd1e66898
ACC5bebf942f8,IP0acb0bd434
ACC9620d85432,6IPdd0f8a6898
ACC04a92a4113,IP87f68154c
ACCea3c2b4101,IPdd0f8a6889
ACCdb9d7b959e,IP87f68154c
ACCa6f67e291a,IP87f68154c
ACC45a0e5e966,IPdd0f8a6889
ACC5ae447d973,IP87f68154c
ACCfe7f863c51,IP87f68154c
ACC00f93db210,IP87f68154c
ACC2104e27570,IP87f68154c
ACCdc46407fbe,IPdd0f8a6889
ACCa80f5e5f63,IPdd0f8a6889
ACCae83f8e00b,IPdd0f8a6889
ACC6316ecdaa6,IPdd0f8a6889
ACC1f45147a40,IPdd0f8a6889
ACC641bfa00a6,IPdd0f8a6889
ACC7023e5dd32,IP87f68154c
ACCa0936f9566,IPdd0f8a6889
ACCc43b57dd52,IP87f68154c
ACC8d75d88726,IPdd0f8a6889
ACC99dd050b3e,IPdd0f8a6889
ACC260a9790a4,P87f688154c
ACC9cff33bc5b,IP87f68154c
ACC96f605bc9a,IP87f68154c
ACCf3afab6e39,IP87f68154c
ACC112e2b96dc,IP87f68154c
ACC0f59e59886,IPdd0f8a6889
ACCb93645b00e,IPdd0f8a6889
ACC25290e5fbb,IP87f68154c
ACCe66c94a0bc,IPdd0f8a6889
ACC3f1a6d6e09,iP87f688154c
ACC4e8a81fa7d,IP481f1e2cBa
ACCc6081356b6,IPe90fc8ce9f
ACC3c97d3794b,IP2250637d5e
